run,benchmark,prefetcher,config,pf_level,memory,simSeconds,simTicks,simInsts,numCycles,ipc,l1d_demand_misses,l1d_demand_accesses,l2_demand_misses,l2_demand_accesses,l1d_pf_issued,l1d_pf_useful,l1d_pf_unused,l2_pf_issued,l2_pf_useful,l2_pf_unused,default_simSeconds,speedup_vs_imp_default,l1d_miss_rate,l2_miss_rate,pf_issued,pf_useful,pf_unused,pf_accuracy,pf_coverage_l1d,pf_unused_ratio
bfs_imp_addrlen16_l1d_ddr4_1x,bfs,imp,addrlen16,l1d,ddr4_1x,0.023393,23393219031.0,30729211.0,70249907.0,0.437428,6169647.0,11507814.0,2094566.0,5922664.0,4964319.0,312862.0,2227696.0,,,,0.023393,1.0,0.5361267570018077,0.3536526806180462,4964319.0,312862.0,2227696.0,0.06302213858537294,0.05070987043505082,0.4487415091576508
bfs_imp_addrlen16_l1d_ddr4_2x,bfs,imp,addrlen16,l1d,ddr4_2x,0.020727,20726640279.0,30729211.0,62242163.0,0.493705,6022529.0,11419388.0,2121072.0,5950664.0,4956620.0,321255.0,2255403.0,,,,0.020727,1.0,0.5273950758131697,0.35644291124486277,4956620.0,321255.0,2255403.0,0.0648133203675085,0.053342208895963805,0.455028426629437
bfs_imp_addrlen16_l2_ddr4_1x,bfs,imp,addrlen16,l2,ddr4_1x,0.02562,25619891130.0,30729211.0,76936610.0,0.39941,7053475.0,11488481.0,1351155.0,3528869.0,,,,1243469.0,260786.0,458053.0,0.02562,1.0,0.6139606271708157,0.38288613150559003,1243469.0,260786.0,458053.0,0.2097245689277336,0.03697269785460358,0.3683670441321818
bfs_imp_addrlen16_l2_ddr4_2x,bfs,imp,addrlen16,l2,ddr4_2x,0.022034,22034098512.0,30729211.0,66168464.0,0.464409,6935868.0,11405851.0,1346276.0,3529169.0,,,,1255627.0,266135.0,462189.0,0.022034,1.0,0.6080973703759588,0.38147110552087476,1255627.0,266135.0,462189.0,0.21195386846571473,0.03837082827989229,0.36809418720686954
bfs_imp_addrlen2_l1d_ddr4_1x,bfs,imp,addrlen2,l1d,ddr4_1x,0.023393,23393219031.0,30729211.0,70249907.0,0.437428,6169647.0,11507814.0,2094566.0,5922664.0,4964319.0,312862.0,2227696.0,,,,0.023393,1.0,0.5361267570018077,0.3536526806180462,4964319.0,312862.0,2227696.0,0.06302213858537294,0.05070987043505082,0.4487415091576508
bfs_imp_addrlen2_l1d_ddr4_2x,bfs,imp,addrlen2,l1d,ddr4_2x,0.020727,20726640279.0,30729211.0,62242163.0,0.493705,6022529.0,11419388.0,2121072.0,5950664.0,4956620.0,321255.0,2255403.0,,,,0.020727,1.0,0.5273950758131697,0.35644291124486277,4956620.0,321255.0,2255403.0,0.0648133203675085,0.053342208895963805,0.455028426629437
bfs_imp_addrlen2_l2_ddr4_1x,bfs,imp,addrlen2,l2,ddr4_1x,0.02562,25619891130.0,30729211.0,76936610.0,0.39941,7053475.0,11488481.0,1351155.0,3528869.0,,,,1243469.0,260786.0,458053.0,0.02562,1.0,0.6139606271708157,0.38288613150559003,1243469.0,260786.0,458053.0,0.2097245689277336,0.03697269785460358,0.3683670441321818
bfs_imp_addrlen2_l2_ddr4_2x,bfs,imp,addrlen2,l2,ddr4_2x,0.022034,22034098512.0,30729211.0,66168464.0,0.464409,6935868.0,11405851.0,1346276.0,3529169.0,,,,1255627.0,266135.0,462189.0,0.022034,1.0,0.6080973703759588,0.38147110552087476,1255627.0,266135.0,462189.0,0.21195386846571473,0.03837082827989229,0.36809418720686954
bfs_imp_addrlen8_l1d_ddr4_1x,bfs,imp,addrlen8,l1d,ddr4_1x,0.023393,23393219031.0,30729211.0,70249907.0,0.437428,6169647.0,11507814.0,2094566.0,5922664.0,4964319.0,312862.0,2227696.0,,,,0.023393,1.0,0.5361267570018077,0.3536526806180462,4964319.0,312862.0,2227696.0,0.06302213858537294,0.05070987043505082,0.4487415091576508
bfs_imp_addrlen8_l1d_ddr4_2x,bfs,imp,addrlen8,l1d,ddr4_2x,0.020727,20726640279.0,30729211.0,62242163.0,0.493705,6022529.0,11419388.0,2121072.0,5950664.0,4956620.0,321255.0,2255403.0,,,,0.020727,1.0,0.5273950758131697,0.35644291124486277,4956620.0,321255.0,2255403.0,0.0648133203675085,0.053342208895963805,0.455028426629437
bfs_imp_addrlen8_l2_ddr4_1x,bfs,imp,addrlen8,l2,ddr4_1x,0.02562,25619891130.0,30729211.0,76936610.0,0.39941,7053475.0,11488481.0,1351155.0,3528869.0,,,,1243469.0,260786.0,458053.0,0.02562,1.0,0.6139606271708157,0.38288613150559003,1243469.0,260786.0,458053.0,0.2097245689277336,0.03697269785460358,0.3683670441321818
bfs_imp_addrlen8_l2_ddr4_2x,bfs,imp,addrlen8,l2,ddr4_2x,0.022034,22034098512.0,30729211.0,66168464.0,0.464409,6935868.0,11405851.0,1346276.0,3529169.0,,,,1255627.0,266135.0,462189.0,0.022034,1.0,0.6080973703759588,0.38147110552087476,1255627.0,266135.0,462189.0,0.21195386846571473,0.03837082827989229,0.36809418720686954
bfs_imp_default_l1d_ddr4_1x,bfs,imp,default,l1d,ddr4_1x,0.023393,23393219031.0,30729211.0,70249907.0,0.437428,6169647.0,11507814.0,2094566.0,5922664.0,4964319.0,312862.0,2227696.0,,,,0.023393,1.0,0.5361267570018077,0.3536526806180462,4964319.0,312862.0,2227696.0,0.06302213858537294,0.05070987043505082,0.4487415091576508
bfs_imp_default_l1d_ddr4_2x,bfs,imp,default,l1d,ddr4_2x,0.020727,20726640279.0,30729211.0,62242163.0,0.493705,6022529.0,11419388.0,2121072.0,5950664.0,4956620.0,321255.0,2255403.0,,,,0.020727,1.0,0.5273950758131697,0.35644291124486277,4956620.0,321255.0,2255403.0,0.0648133203675085,0.053342208895963805,0.455028426629437
bfs_imp_default_l2_ddr4_1x,bfs,imp,default,l2,ddr4_1x,0.02562,25619891130.0,30729211.0,76936610.0,0.39941,7053475.0,11488481.0,1351155.0,3528869.0,,,,1243469.0,260786.0,458053.0,0.02562,1.0,0.6139606271708157,0.38288613150559003,1243469.0,260786.0,458053.0,0.2097245689277336,0.03697269785460358,0.3683670441321818
bfs_imp_default_l2_ddr4_2x,bfs,imp,default,l2,ddr4_2x,0.022034,22034098512.0,30729211.0,66168464.0,0.464409,6935868.0,11405851.0,1346276.0,3529169.0,,,,1255627.0,266135.0,462189.0,0.022034,1.0,0.6080973703759588,0.38147110552087476,1255627.0,266135.0,462189.0,0.21195386846571473,0.03837082827989229,0.36809418720686954
bfs_imp_dist32_l1d_ddr4_1x,bfs,imp,dist32,l1d,ddr4_1x,0.023393,23393219031.0,30729211.0,70249907.0,0.437428,6169647.0,11507814.0,2094566.0,5922664.0,4964319.0,312862.0,2227696.0,,,,0.023393,1.0,0.5361267570018077,0.3536526806180462,4964319.0,312862.0,2227696.0,0.06302213858537294,0.05070987043505082,0.4487415091576508
bfs_imp_dist32_l1d_ddr4_2x,bfs,imp,dist32,l1d,ddr4_2x,0.020727,20726640279.0,30729211.0,62242163.0,0.493705,6022529.0,11419388.0,2121072.0,5950664.0,4956620.0,321255.0,2255403.0,,,,0.020727,1.0,0.5273950758131697,0.35644291124486277,4956620.0,321255.0,2255403.0,0.0648133203675085,0.053342208895963805,0.455028426629437
bfs_imp_dist32_l2_ddr4_1x,bfs,imp,dist32,l2,ddr4_1x,0.02562,25619891130.0,30729211.0,76936610.0,0.39941,7053475.0,11488481.0,1351155.0,3528869.0,,,,1243469.0,260786.0,458053.0,0.02562,1.0,0.6139606271708157,0.38288613150559003,1243469.0,260786.0,458053.0,0.2097245689277336,0.03697269785460358,0.3683670441321818
bfs_imp_dist32_l2_ddr4_2x,bfs,imp,dist32,l2,ddr4_2x,0.022034,22034098512.0,30729211.0,66168464.0,0.464409,6935868.0,11405851.0,1346276.0,3529169.0,,,,1255627.0,266135.0,462189.0,0.022034,1.0,0.6080973703759588,0.38147110552087476,1255627.0,266135.0,462189.0,0.21195386846571473,0.03837082827989229,0.36809418720686954
bfs_imp_dist4_l1d_ddr4_1x,bfs,imp,dist4,l1d,ddr4_1x,0.023393,23393219031.0,30729211.0,70249907.0,0.437428,6169647.0,11507814.0,2094566.0,5922664.0,4964319.0,312862.0,2227696.0,,,,0.023393,1.0,0.5361267570018077,0.3536526806180462,4964319.0,312862.0,2227696.0,0.06302213858537294,0.05070987043505082,0.4487415091576508
bfs_imp_dist4_l1d_ddr4_2x,bfs,imp,dist4,l1d,ddr4_2x,0.020727,20726640279.0,30729211.0,62242163.0,0.493705,6022529.0,11419388.0,2121072.0,5950664.0,4956620.0,321255.0,2255403.0,,,,0.020727,1.0,0.5273950758131697,0.35644291124486277,4956620.0,321255.0,2255403.0,0.0648133203675085,0.053342208895963805,0.455028426629437
bfs_imp_dist4_l2_ddr4_1x,bfs,imp,dist4,l2,ddr4_1x,0.02562,25619891130.0,30729211.0,76936610.0,0.39941,7053475.0,11488481.0,1351155.0,3528869.0,,,,1243469.0,260786.0,458053.0,0.02562,1.0,0.6139606271708157,0.38288613150559003,1243469.0,260786.0,458053.0,0.2097245689277336,0.03697269785460358,0.3683670441321818
bfs_imp_dist4_l2_ddr4_2x,bfs,imp,dist4,l2,ddr4_2x,0.022034,22034098512.0,30729211.0,66168464.0,0.464409,6935868.0,11405851.0,1346276.0,3529169.0,,,,1255627.0,266135.0,462189.0,0.022034,1.0,0.6080973703759588,0.38147110552087476,1255627.0,266135.0,462189.0,0.21195386846571473,0.03837082827989229,0.36809418720686954
bfs_imp_dist64_l1d_ddr4_1x,bfs,imp,dist64,l1d,ddr4_1x,0.023393,23393219031.0,30729211.0,70249907.0,0.437428,6169647.0,11507814.0,2094566.0,5922664.0,4964319.0,312862.0,2227696.0,,,,0.023393,1.0,0.5361267570018077,0.3536526806180462,4964319.0,312862.0,2227696.0,0.06302213858537294,0.05070987043505082,0.4487415091576508
bfs_imp_dist64_l1d_ddr4_2x,bfs,imp,dist64,l1d,ddr4_2x,0.020727,20726640279.0,30729211.0,62242163.0,0.493705,6022529.0,11419388.0,2121072.0,5950664.0,4956620.0,321255.0,2255403.0,,,,0.020727,1.0,0.5273950758131697,0.35644291124486277,4956620.0,321255.0,2255403.0,0.0648133203675085,0.053342208895963805,0.455028426629437
bfs_imp_dist64_l2_ddr4_1x,bfs,imp,dist64,l2,ddr4_1x,0.02562,25619891130.0,30729211.0,76936610.0,0.39941,7053475.0,11488481.0,1351155.0,3528869.0,,,,1243469.0,260786.0,458053.0,0.02562,1.0,0.6139606271708157,0.38288613150559003,1243469.0,260786.0,458053.0,0.2097245689277336,0.03697269785460358,0.3683670441321818
bfs_imp_dist64_l2_ddr4_2x,bfs,imp,dist64,l2,ddr4_2x,0.022034,22034098512.0,30729211.0,66168464.0,0.464409,6935868.0,11405851.0,1346276.0,3529169.0,,,,1255627.0,266135.0,462189.0,0.022034,1.0,0.6080973703759588,0.38147110552087476,1255627.0,266135.0,462189.0,0.21195386846571473,0.03837082827989229,0.36809418720686954
bfs_imp_dist8_l1d_ddr4_1x,bfs,imp,dist8,l1d,ddr4_1x,0.023393,23393219031.0,30729211.0,70249907.0,0.437428,6169647.0,11507814.0,2094566.0,5922664.0,4964319.0,312862.0,2227696.0,,,,0.023393,1.0,0.5361267570018077,0.3536526806180462,4964319.0,312862.0,2227696.0,0.06302213858537294,0.05070987043505082,0.4487415091576508
bfs_imp_dist8_l1d_ddr4_2x,bfs,imp,dist8,l1d,ddr4_2x,0.020727,20726640279.0,30729211.0,62242163.0,0.493705,6022529.0,11419388.0,2121072.0,5950664.0,4956620.0,321255.0,2255403.0,,,,0.020727,1.0,0.5273950758131697,0.35644291124486277,4956620.0,321255.0,2255403.0,0.0648133203675085,0.053342208895963805,0.455028426629437
bfs_imp_dist8_l2_ddr4_1x,bfs,imp,dist8,l2,ddr4_1x,0.02562,25619891130.0,30729211.0,76936610.0,0.39941,7053475.0,11488481.0,1351155.0,3528869.0,,,,1243469.0,260786.0,458053.0,0.02562,1.0,0.6139606271708157,0.38288613150559003,1243469.0,260786.0,458053.0,0.2097245689277336,0.03697269785460358,0.3683670441321818
bfs_imp_dist8_l2_ddr4_2x,bfs,imp,dist8,l2,ddr4_2x,0.022034,22034098512.0,30729211.0,66168464.0,0.464409,6935868.0,11405851.0,1346276.0,3529169.0,,,,1255627.0,266135.0,462189.0,0.022034,1.0,0.6080973703759588,0.38147110552087476,1255627.0,266135.0,462189.0,0.21195386846571473,0.03837082827989229,0.36809418720686954
bfs_imp_ipd16_l1d_ddr4_1x,bfs,imp,ipd16,l1d,ddr4_1x,0.023393,23393219031.0,30729211.0,70249907.0,0.437428,6169647.0,11507814.0,2094566.0,5922664.0,4964319.0,312862.0,2227696.0,,,,0.023393,1.0,0.5361267570018077,0.3536526806180462,4964319.0,312862.0,2227696.0,0.06302213858537294,0.05070987043505082,0.4487415091576508
bfs_imp_ipd16_l1d_ddr4_2x,bfs,imp,ipd16,l1d,ddr4_2x,0.020727,20726640279.0,30729211.0,62242163.0,0.493705,6022529.0,11419388.0,2121072.0,5950664.0,4956620.0,321255.0,2255403.0,,,,0.020727,1.0,0.5273950758131697,0.35644291124486277,4956620.0,321255.0,2255403.0,0.0648133203675085,0.053342208895963805,0.455028426629437
bfs_imp_ipd16_l2_ddr4_1x,bfs,imp,ipd16,l2,ddr4_1x,0.02562,25619891130.0,30729211.0,76936610.0,0.39941,7053475.0,11488481.0,1351155.0,3528869.0,,,,1243469.0,260786.0,458053.0,0.02562,1.0,0.6139606271708157,0.38288613150559003,1243469.0,260786.0,458053.0,0.2097245689277336,0.03697269785460358,0.3683670441321818
bfs_imp_ipd16_l2_ddr4_2x,bfs,imp,ipd16,l2,ddr4_2x,0.022034,22034098512.0,30729211.0,66168464.0,0.464409,6935868.0,11405851.0,1346276.0,3529169.0,,,,1255627.0,266135.0,462189.0,0.022034,1.0,0.6080973703759588,0.38147110552087476,1255627.0,266135.0,462189.0,0.21195386846571473,0.03837082827989229,0.36809418720686954
bfs_imp_ipd2_l1d_ddr4_1x,bfs,imp,ipd2,l1d,ddr4_1x,0.023393,23393219031.0,30729211.0,70249907.0,0.437428,6169647.0,11507814.0,2094566.0,5922664.0,4964319.0,312862.0,2227696.0,,,,0.023393,1.0,0.5361267570018077,0.3536526806180462,4964319.0,312862.0,2227696.0,0.06302213858537294,0.05070987043505082,0.4487415091576508
bfs_imp_ipd2_l1d_ddr4_2x,bfs,imp,ipd2,l1d,ddr4_2x,0.020727,20726640279.0,30729211.0,62242163.0,0.493705,6022529.0,11419388.0,2121072.0,5950664.0,4956620.0,321255.0,2255403.0,,,,0.020727,1.0,0.5273950758131697,0.35644291124486277,4956620.0,321255.0,2255403.0,0.0648133203675085,0.053342208895963805,0.455028426629437
bfs_imp_ipd2_l2_ddr4_1x,bfs,imp,ipd2,l2,ddr4_1x,0.02562,25619891130.0,30729211.0,76936610.0,0.39941,7053475.0,11488481.0,1351155.0,3528869.0,,,,1243469.0,260786.0,458053.0,0.02562,1.0,0.6139606271708157,0.38288613150559003,1243469.0,260786.0,458053.0,0.2097245689277336,0.03697269785460358,0.3683670441321818
bfs_imp_ipd2_l2_ddr4_2x,bfs,imp,ipd2,l2,ddr4_2x,0.022034,22034098512.0,30729211.0,66168464.0,0.464409,6935868.0,11405851.0,1346276.0,3529169.0,,,,1255627.0,266135.0,462189.0,0.022034,1.0,0.6080973703759588,0.38147110552087476,1255627.0,266135.0,462189.0,0.21195386846571473,0.03837082827989229,0.36809418720686954
bfs_imp_ipd8_l1d_ddr4_1x,bfs,imp,ipd8,l1d,ddr4_1x,0.023393,23393219031.0,30729211.0,70249907.0,0.437428,6169647.0,11507814.0,2094566.0,5922664.0,4964319.0,312862.0,2227696.0,,,,0.023393,1.0,0.5361267570018077,0.3536526806180462,4964319.0,312862.0,2227696.0,0.06302213858537294,0.05070987043505082,0.4487415091576508
bfs_imp_ipd8_l1d_ddr4_2x,bfs,imp,ipd8,l1d,ddr4_2x,0.020727,20726640279.0,30729211.0,62242163.0,0.493705,6022529.0,11419388.0,2121072.0,5950664.0,4956620.0,321255.0,2255403.0,,,,0.020727,1.0,0.5273950758131697,0.35644291124486277,4956620.0,321255.0,2255403.0,0.0648133203675085,0.053342208895963805,0.455028426629437
bfs_imp_ipd8_l2_ddr4_1x,bfs,imp,ipd8,l2,ddr4_1x,0.02562,25619891130.0,30729211.0,76936610.0,0.39941,7053475.0,11488481.0,1351155.0,3528869.0,,,,1243469.0,260786.0,458053.0,0.02562,1.0,0.6139606271708157,0.38288613150559003,1243469.0,260786.0,458053.0,0.2097245689277336,0.03697269785460358,0.3683670441321818
bfs_imp_ipd8_l2_ddr4_2x,bfs,imp,ipd8,l2,ddr4_2x,0.022034,22034098512.0,30729211.0,66168464.0,0.464409,6935868.0,11405851.0,1346276.0,3529169.0,,,,1255627.0,266135.0,462189.0,0.022034,1.0,0.6080973703759588,0.38147110552087476,1255627.0,266135.0,462189.0,0.21195386846571473,0.03837082827989229,0.36809418720686954
bfs_imp_pt32_l1d_ddr4_1x,bfs,imp,pt32,l1d,ddr4_1x,0.023393,23393219031.0,30729211.0,70249907.0,0.437428,6169647.0,11507814.0,2094566.0,5922664.0,4964319.0,312862.0,2227696.0,,,,0.023393,1.0,0.5361267570018077,0.3536526806180462,4964319.0,312862.0,2227696.0,0.06302213858537294,0.05070987043505082,0.4487415091576508
bfs_imp_pt32_l1d_ddr4_2x,bfs,imp,pt32,l1d,ddr4_2x,0.020727,20726640279.0,30729211.0,62242163.0,0.493705,6022529.0,11419388.0,2121072.0,5950664.0,4956620.0,321255.0,2255403.0,,,,0.020727,1.0,0.5273950758131697,0.35644291124486277,4956620.0,321255.0,2255403.0,0.0648133203675085,0.053342208895963805,0.455028426629437
bfs_imp_pt32_l2_ddr4_1x,bfs,imp,pt32,l2,ddr4_1x,0.02562,25619891130.0,30729211.0,76936610.0,0.39941,7053475.0,11488481.0,1351155.0,3528869.0,,,,1243469.0,260786.0,458053.0,0.02562,1.0,0.6139606271708157,0.38288613150559003,1243469.0,260786.0,458053.0,0.2097245689277336,0.03697269785460358,0.3683670441321818
bfs_imp_pt32_l2_ddr4_2x,bfs,imp,pt32,l2,ddr4_2x,0.022034,22034098512.0,30729211.0,66168464.0,0.464409,6935868.0,11405851.0,1346276.0,3529169.0,,,,1255627.0,266135.0,462189.0,0.022034,1.0,0.6080973703759588,0.38147110552087476,1255627.0,266135.0,462189.0,0.21195386846571473,0.03837082827989229,0.36809418720686954
bfs_imp_pt64_l1d_ddr4_1x,bfs,imp,pt64,l1d,ddr4_1x,0.023393,23393219031.0,30729211.0,70249907.0,0.437428,6169647.0,11507814.0,2094566.0,5922664.0,4964319.0,312862.0,2227696.0,,,,0.023393,1.0,0.5361267570018077,0.3536526806180462,4964319.0,312862.0,2227696.0,0.06302213858537294,0.05070987043505082,0.4487415091576508
bfs_imp_pt64_l1d_ddr4_2x,bfs,imp,pt64,l1d,ddr4_2x,0.020727,20726640279.0,30729211.0,62242163.0,0.493705,6022529.0,11419388.0,2121072.0,5950664.0,4956620.0,321255.0,2255403.0,,,,0.020727,1.0,0.5273950758131697,0.35644291124486277,4956620.0,321255.0,2255403.0,0.0648133203675085,0.053342208895963805,0.455028426629437
bfs_imp_pt64_l2_ddr4_1x,bfs,imp,pt64,l2,ddr4_1x,0.02562,25619891130.0,30729211.0,76936610.0,0.39941,7053475.0,11488481.0,1351155.0,3528869.0,,,,1243469.0,260786.0,458053.0,0.02562,1.0,0.6139606271708157,0.38288613150559003,1243469.0,260786.0,458053.0,0.2097245689277336,0.03697269785460358,0.3683670441321818
bfs_imp_pt64_l2_ddr4_2x,bfs,imp,pt64,l2,ddr4_2x,0.022034,22034098512.0,30729211.0,66168464.0,0.464409,6935868.0,11405851.0,1346276.0,3529169.0,,,,1255627.0,266135.0,462189.0,0.022034,1.0,0.6080973703759588,0.38147110552087476,1255627.0,266135.0,462189.0,0.21195386846571473,0.03837082827989229,0.36809418720686954
bfs_imp_pt8_l1d_ddr4_1x,bfs,imp,pt8,l1d,ddr4_1x,0.02339,23390476443.0,30729211.0,70241671.0,0.437479,6169045.0,11510138.0,2095339.0,5924447.0,4961065.0,312663.0,2229420.0,,,,0.023393,1.0001282599401453,0.5359662064868379,0.35367672290764013,4961065.0,312663.0,2229420.0,0.06302336292711343,0.050682561077119714,0.4493833481319031
bfs_imp_pt8_l1d_ddr4_2x,bfs,imp,pt8,l1d,ddr4_2x,0.020729,20729348235.0,30729211.0,62250295.0,0.49364,6021336.0,11419256.0,2121377.0,5950268.0,4954829.0,321357.0,2254893.0,,,,0.020727,0.9999035168121954,0.5272966995397949,0.35651789129498035,4954829.0,321357.0,2254893.0,0.06485733412797899,0.05336971728533335,0.4550899738416805
bfs_imp_pt8_l2_ddr4_1x,bfs,imp,pt8,l2,ddr4_1x,0.025614,25613558136.0,30729211.0,76917592.0,0.399509,7053198.0,11489538.0,1351593.0,3528852.0,,,,1245117.0,260356.0,458137.0,0.02562,1.0002342468962286,0.613880035907449,0.38301209571838096,1245117.0,260356.0,458137.0,0.20910163462550105,0.036913184629156874,0.36794694795750116
bfs_imp_pt8_l2_ddr4_2x,bfs,imp,pt8,l2,ddr4_2x,0.022043,22042744857.0,30729211.0,66194429.0,0.464227,6936703.0,11407403.0,1346254.0,3529140.0,,,,1254849.0,266326.0,462419.0,0.022034,0.999591707117906,0.608087835592378,0.3814680063698238,1254849.0,266326.0,462419.0,0.21223748833524989,0.0383937441173422,0.36850569271681294
bfs_imp_sdist16_l1d_ddr4_1x,bfs,imp,sdist16,l1d,ddr4_1x,0.022644,22644101898.0,30729211.0,68000306.0,0.451899,5499207.0,11471915.0,2389038.0,6325340.0,5223342.0,440614.0,2597004.0,,,,0.023393,1.0330771948419006,0.4793625998797934,0.37769321491018665,5223342.0,440614.0,2597004.0,0.08435480579291955,0.08012318867065743,0.49719202763288334
bfs_imp_sdist16_l1d_ddr4_2x,bfs,imp,sdist16,l1d,ddr4_2x,0.019617,19617348015.0,30729211.0,58910955.0,0.521622,5371033.0,11380680.0,2448923.0,6419441.0,5351311.0,454753.0,2689456.0,,,,0.020727,1.0565835754702553,0.4719430649135201,0.38148539724876357,5351311.0,454753.0,2689456.0,0.08497973674114624,0.08466769800148315,0.5025789007590851
bfs_imp_sdist16_l2_ddr4_1x,bfs,imp,sdist16,l2,ddr4_1x,0.025506,25505763705.0,30729211.0,76593885.0,0.401197,6759177.0,11471944.0,1336083.0,3528858.0,,,,1838477.0,351029.0,809468.0,0.02562,1.0044695365796283,0.5891919451489651,0.3786162548903923,1838477.0,351029.0,809468.0,0.1909346703820608,0.05193368956013432,0.44029269879362104
bfs_imp_sdist16_l2_ddr4_2x,bfs,imp,sdist16,l2,ddr4_2x,0.021395,21394838079.0,30729211.0,64248763.0,0.478285,6693335.0,11401031.0,1329670.0,3529114.0,,,,1915481.0,366130.0,851751.0,0.022034,1.02986679130638,0.587081554291011,0.37677162029903255,1915481.0,366130.0,851751.0,0.19114259029455266,0.05470068359046723,0.44466690089852107
bfs_imp_sdist2_l1d_ddr4_1x,bfs,imp,sdist2,l1d,ddr4_1x,0.024156,24155886933.0,30729211.0,72540201.0,0.423617,6755365.0,11529760.0,1928634.0,5433207.0,4548979.0,194551.0,1766208.0,,,,0.023393,0.9684136446431528,0.5859068185287465,0.354971566516792,4548979.0,194551.0,1766208.0,0.0427680585027981,0.02879948011691448,0.388264707311245
bfs_imp_sdist2_l1d_ddr4_2x,bfs,imp,sdist2,l1d,ddr4_2x,0.021552,21552492267.0,30729211.0,64722199.0,0.474787,6587143.0,11426245.0,1929813.0,5434178.0,4473156.0,201698.0,1766786.0,,,,0.020727,0.9617204899777282,0.5764923647269947,0.3551250989570088,4473156.0,201698.0,1766786.0,0.04509075918657878,0.030619951623943795,0.3949752702566152
bfs_imp_sdist2_l2_ddr4_1x,bfs,imp,sdist2,l2,ddr4_1x,0.025941,25940758275.0,30729211.0,77900175.0,0.39447,7270230.0,11495059.0,1385780.0,3528921.0,,,,885485.0,183571.0,294030.0,0.02562,0.9876257661616746,0.6324656532863381,0.39269227052688344,885485.0,183571.0,294030.0,0.20731124750842758,0.02524968260976613,0.3320553143192714
bfs_imp_sdist2_l2_ddr4_2x,bfs,imp,sdist2,l2,ddr4_2x,0.022705,22705303968.0,30729211.0,68184096.0,0.450681,7130514.0,11405560.0,1384932.0,3528960.0,,,,886919.0,184508.0,294294.0,0.022034,0.9704470380973355,0.6251787724583449,0.392447633297062,886919.0,184508.0,294294.0,0.20803252608186318,0.02587583447700965,0.3318160959456275
bfs_imp_sdist8_l1d_ddr4_1x,bfs,imp,sdist8,l1d,ddr4_1x,0.022859,22859318466.0,30729211.0,68646602.0,0.447644,5763687.0,11494089.0,2241663.0,6196945.0,5157984.0,403198.0,2480070.0,,,,0.023393,1.0233606019510915,0.501447918142969,0.36173679127376474,5157984.0,403198.0,2480070.0,0.07816968800213417,0.06995487437121412,0.4808215768020994
bfs_imp_sdist8_l1d_ddr4_2x,bfs,imp,sdist8,l1d,ddr4_2x,0.020049,20049487443.0,30729211.0,60208671.0,0.510379,5621790.0,11403292.0,2289053.0,6257577.0,5230504.0,416196.0,2540129.0,,,,0.020727,1.0338171479874307,0.4929971099573702,0.3658050072735821,5230504.0,416196.0,2540129.0,0.07957091706650067,0.07403264796443837,0.48563752173786695
bfs_imp_sdist8_l2_ddr4_1x,bfs,imp,sdist8,l2,ddr4_1x,0.025632,25631879130.0,30729211.0,76972610.0,0.399223,6894129.0,11476841.0,1335439.0,3529084.0,,,,1576449.0,315982.0,627778.0,0.02562,0.9995318352059925,0.6006991819438816,0.3784095249645517,1576449.0,315982.0,627778.0,0.20043908810243782,0.04583349107624763,0.398222841335178
bfs_imp_sdist8_l2_ddr4_2x,bfs,imp,sdist8,l2,ddr4_2x,0.021718,21718321605.0,30729211.0,65220185.0,0.471162,6810078.0,11402903.0,1330301.0,3529295.0,,,,1620036.0,325093.0,650691.0,0.022034,1.014550142738742,0.5972231807987843,0.3769310868034551,1620036.0,325093.0,650691.0,0.20067023201953538,0.04773704500888242,0.4016521855069887
bfs_imp_sthr2_l1d_ddr4_1x,bfs,imp,sthr2,l1d,ddr4_1x,0.023393,23393021562.0,30729211.0,70249314.0,0.437431,6170730.0,11512102.0,2094585.0,5924161.0,4967605.0,312640.0,2228993.0,,,,0.023393,1.0,0.5360211367133474,0.35356652190917837,4967605.0,312640.0,2228993.0,0.06293576079418553,0.05066499425513675,0.4487057646491619
bfs_imp_sthr2_l1d_ddr4_2x,bfs,imp,sthr2,l1d,ddr4_2x,0.020735,20734811766.0,30729211.0,62266702.0,0.49351,6027232.0,11418650.0,2121301.0,5950923.0,4956886.0,321409.0,2255448.0,,,,0.020727,0.9996141789245238,0.5278410319959015,0.3564658793266187,4956886.0,321409.0,2255448.0,0.06484091020047666,0.05332613710572283,0.4550130868452492
bfs_imp_sthr2_l2_ddr4_1x,bfs,imp,sthr2,l2,ddr4_1x,0.025609,25608629070.0,30729211.0,76902790.0,0.399586,7056139.0,11493070.0,1351724.0,3528877.0,,,,1245452.0,260240.0,458528.0,0.02562,1.0004295364910774,0.6139472743139996,0.3830465045962214,1245452.0,260240.0,458528.0,0.2089522518732155,0.036881359621742146,0.3681619203309321
bfs_imp_sthr2_l2_ddr4_2x,bfs,imp,sthr2,l2,ddr4_2x,0.022034,22033574370.0,30729211.0,66166890.0,0.46442,6934890.0,11406648.0,1346028.0,3529233.0,,,,1254766.0,266327.0,461973.0,0.022034,1.0,0.6079691422054928,0.38139391760192654,1254766.0,266327.0,461973.0,0.21225232433776497,0.03840392565707603,0.36817462379439675
bfs_imp_sthr8_l1d_ddr4_1x,bfs,imp,sthr8,l1d,ddr4_1x,0.023401,23401147095.0,30729211.0,70273715.0,0.437279,6168813.0,11514931.0,2095439.0,5926818.0,4961337.0,312405.0,2231527.0,,,,0.023393,0.9996581342677663,0.5357229669895547,0.3535521083994818,4961337.0,312405.0,2231527.0,0.06296790562705173,0.05064264389275538,0.4497833950808018
bfs_imp_sthr8_l1d_ddr4_2x,bfs,imp,sthr8,l1d,ddr4_2x,0.020737,20736982926.0,30729211.0,62273222.0,0.493458,6016105.0,11419323.0,2121149.0,5949118.0,4956125.0,321644.0,2253706.0,,,,0.020727,0.9995177701692627,0.5268355225611886,0.35654848332139316,4956125.0,321644.0,2253706.0,0.0648982824283084,0.05346382750965949,0.45473146863729225
bfs_imp_sthr8_l2_ddr4_1x,bfs,imp,sthr8,l2,ddr4_1x,0.025611,25611352344.0,30729211.0,76910968.0,0.399543,7054982.0,11486411.0,1351786.0,3528851.0,,,,1244075.0,260066.0,458215.0,0.02562,1.00035141150287,0.6142024693352867,0.3830668962787038,1244075.0,260066.0,458215.0,0.20904366698149227,0.036862744653352764,0.36831782649759864
bfs_imp_sthr8_l2_ddr4_2x,bfs,imp,sthr8,l2,ddr4_2x,0.022041,22041364572.0,30729211.0,66190284.0,0.464256,6937476.0,11410225.0,1346477.0,3529144.0,,,,1254539.0,266021.0,462449.0,0.022034,0.9996824100539903,0.6080051883288892,0.38153076213382053,1254539.0,266021.0,462449.0,0.21204681560318173,0.038345502024079076,0.36862066464255
bfs_imp_thr1_l1d_ddr4_1x,bfs,imp,thr1,l1d,ddr4_1x,0.023393,23393219031.0,30729211.0,70249907.0,0.437428,6169647.0,11507814.0,2094566.0,5922664.0,4964319.0,312862.0,2227696.0,,,,0.023393,1.0,0.5361267570018077,0.3536526806180462,4964319.0,312862.0,2227696.0,0.06302213858537294,0.05070987043505082,0.4487415091576508
bfs_imp_thr1_l1d_ddr4_2x,bfs,imp,thr1,l1d,ddr4_2x,0.020727,20726640279.0,30729211.0,62242163.0,0.493705,6022529.0,11419388.0,2121072.0,5950664.0,4956620.0,321255.0,2255403.0,,,,0.020727,1.0,0.5273950758131697,0.35644291124486277,4956620.0,321255.0,2255403.0,0.0648133203675085,0.053342208895963805,0.455028426629437
bfs_imp_thr1_l2_ddr4_1x,bfs,imp,thr1,l2,ddr4_1x,0.02562,25619891130.0,30729211.0,76936610.0,0.39941,7053475.0,11488481.0,1351155.0,3528869.0,,,,1243469.0,260786.0,458053.0,0.02562,1.0,0.6139606271708157,0.38288613150559003,1243469.0,260786.0,458053.0,0.2097245689277336,0.03697269785460358,0.3683670441321818
bfs_imp_thr1_l2_ddr4_2x,bfs,imp,thr1,l2,ddr4_2x,0.022034,22034098512.0,30729211.0,66168464.0,0.464409,6935868.0,11405851.0,1346276.0,3529169.0,,,,1255627.0,266135.0,462189.0,0.022034,1.0,0.6080973703759588,0.38147110552087476,1255627.0,266135.0,462189.0,0.21195386846571473,0.03837082827989229,0.36809418720686954
bfs_imp_thr3_l1d_ddr4_1x,bfs,imp,thr3,l1d,ddr4_1x,0.023393,23393219031.0,30729211.0,70249907.0,0.437428,6169647.0,11507814.0,2094566.0,5922664.0,4964319.0,312862.0,2227696.0,,,,0.023393,1.0,0.5361267570018077,0.3536526806180462,4964319.0,312862.0,2227696.0,0.06302213858537294,0.05070987043505082,0.4487415091576508
bfs_imp_thr3_l1d_ddr4_2x,bfs,imp,thr3,l1d,ddr4_2x,0.020727,20726640279.0,30729211.0,62242163.0,0.493705,6022529.0,11419388.0,2121072.0,5950664.0,4956620.0,321255.0,2255403.0,,,,0.020727,1.0,0.5273950758131697,0.35644291124486277,4956620.0,321255.0,2255403.0,0.0648133203675085,0.053342208895963805,0.455028426629437
bfs_imp_thr3_l2_ddr4_1x,bfs,imp,thr3,l2,ddr4_1x,0.02562,25619891130.0,30729211.0,76936610.0,0.39941,7053475.0,11488481.0,1351155.0,3528869.0,,,,1243469.0,260786.0,458053.0,0.02562,1.0,0.6139606271708157,0.38288613150559003,1243469.0,260786.0,458053.0,0.2097245689277336,0.03697269785460358,0.3683670441321818
bfs_imp_thr3_l2_ddr4_2x,bfs,imp,thr3,l2,ddr4_2x,0.022034,22034098512.0,30729211.0,66168464.0,0.464409,6935868.0,11405851.0,1346276.0,3529169.0,,,,1255627.0,266135.0,462189.0,0.022034,1.0,0.6080973703759588,0.38147110552087476,1255627.0,266135.0,462189.0,0.21195386846571473,0.03837082827989229,0.36809418720686954
bfs_imp_thr4_l1d_ddr4_1x,bfs,imp,thr4,l1d,ddr4_1x,0.023393,23393219031.0,30729211.0,70249907.0,0.437428,6169647.0,11507814.0,2094566.0,5922664.0,4964319.0,312862.0,2227696.0,,,,0.023393,1.0,0.5361267570018077,0.3536526806180462,4964319.0,312862.0,2227696.0,0.06302213858537294,0.05070987043505082,0.4487415091576508
bfs_imp_thr4_l1d_ddr4_2x,bfs,imp,thr4,l1d,ddr4_2x,0.020727,20726640279.0,30729211.0,62242163.0,0.493705,6022529.0,11419388.0,2121072.0,5950664.0,4956620.0,321255.0,2255403.0,,,,0.020727,1.0,0.5273950758131697,0.35644291124486277,4956620.0,321255.0,2255403.0,0.0648133203675085,0.053342208895963805,0.455028426629437
bfs_imp_thr4_l2_ddr4_1x,bfs,imp,thr4,l2,ddr4_1x,0.02562,25619891130.0,30729211.0,76936610.0,0.39941,7053475.0,11488481.0,1351155.0,3528869.0,,,,1243469.0,260786.0,458053.0,0.02562,1.0,0.6139606271708157,0.38288613150559003,1243469.0,260786.0,458053.0,0.2097245689277336,0.03697269785460358,0.3683670441321818
bfs_imp_thr4_l2_ddr4_2x,bfs,imp,thr4,l2,ddr4_2x,0.022034,22034098512.0,30729211.0,66168464.0,0.464409,6935868.0,11405851.0,1346276.0,3529169.0,,,,1255627.0,266135.0,462189.0,0.022034,1.0,0.6080973703759588,0.38147110552087476,1255627.0,266135.0,462189.0,0.21195386846571473,0.03837082827989229,0.36809418720686954
matmult_imp_addrlen16_l1d_ddr4_1x,matmult,imp,addrlen16,l1d,ddr4_1x,0.001242,1242151938.0,7397885.0,3730186.0,1.983251,1153373.0,2138673.0,5469.0,1084788.0,55493.0,4714.0,6658.0,,,,0.001242,1.0,0.5392937583258404,0.005041538070111395,55493.0,4714.0,6658.0,0.08494765105508803,0.004087142667636576,0.11997909646261691
matmult_imp_addrlen16_l1d_ddr4_2x,matmult,imp,addrlen16,l1d,ddr4_2x,0.001261,1261173564.0,7397876.0,3787308.0,1.953336,1151766.0,2139866.0,5355.0,1086353.0,55078.0,4680.0,8082.0,,,,0.001261,1.0,0.538242114225844,0.004929336965056478,55078.0,4680.0,8082.0,0.08497040560659429,0.004063325362964352,0.14673735429754167
matmult_imp_addrlen16_l2_ddr4_1x,matmult,imp,addrlen16,l2,ddr4_1x,0.001238,1238238522.0,7397885.0,3718434.0,1.989519,1157391.0,2138569.0,2685.0,1077581.0,,,,5961.0,2727.0,8.0,0.001238,1.0,0.5411988109806136,0.0024916920398559365,5961.0,2727.0,8.0,0.45747357825868146,0.0023561614009440196,0.001342056701895655
matmult_imp_addrlen16_l2_ddr4_2x,matmult,imp,addrlen16,l2,ddr4_2x,0.00123,1230256179.0,7397876.0,3694463.0,2.002425,1159546.0,2139337.0,2685.0,1078402.0,,,,5726.0,2700.0,10.0,0.00123,1.0,0.5420118475957738,0.0024897950856916065,5726.0,2700.0,10.0,0.4715333566189312,0.0023284975326550218,0.0017464198393293748
matmult_imp_addrlen2_l1d_ddr4_1x,matmult,imp,addrlen2,l1d,ddr4_1x,0.001242,1242151938.0,7397885.0,3730186.0,1.983251,1153373.0,2138673.0,5469.0,1084788.0,55493.0,4714.0,6658.0,,,,0.001242,1.0,0.5392937583258404,0.005041538070111395,55493.0,4714.0,6658.0,0.08494765105508803,0.004087142667636576,0.11997909646261691
matmult_imp_addrlen2_l1d_ddr4_2x,matmult,imp,addrlen2,l1d,ddr4_2x,0.001261,1261173564.0,7397876.0,3787308.0,1.953336,1151766.0,2139866.0,5355.0,1086353.0,55078.0,4680.0,8082.0,,,,0.001261,1.0,0.538242114225844,0.004929336965056478,55078.0,4680.0,8082.0,0.08497040560659429,0.004063325362964352,0.14673735429754167
matmult_imp_addrlen2_l2_ddr4_1x,matmult,imp,addrlen2,l2,ddr4_1x,0.001238,1238238522.0,7397885.0,3718434.0,1.989519,1157391.0,2138569.0,2685.0,1077581.0,,,,5961.0,2727.0,8.0,0.001238,1.0,0.5411988109806136,0.0024916920398559365,5961.0,2727.0,8.0,0.45747357825868146,0.0023561614009440196,0.001342056701895655
matmult_imp_addrlen2_l2_ddr4_2x,matmult,imp,addrlen2,l2,ddr4_2x,0.00123,1230256179.0,7397876.0,3694463.0,2.002425,1159546.0,2139337.0,2685.0,1078402.0,,,,5726.0,2700.0,10.0,0.00123,1.0,0.5420118475957738,0.0024897950856916065,5726.0,2700.0,10.0,0.4715333566189312,0.0023284975326550218,0.0017464198393293748
matmult_imp_addrlen8_l1d_ddr4_1x,matmult,imp,addrlen8,l1d,ddr4_1x,0.001242,1242151938.0,7397885.0,3730186.0,1.983251,1153373.0,2138673.0,5469.0,1084788.0,55493.0,4714.0,6658.0,,,,0.001242,1.0,0.5392937583258404,0.005041538070111395,55493.0,4714.0,6658.0,0.08494765105508803,0.004087142667636576,0.11997909646261691
matmult_imp_addrlen8_l1d_ddr4_2x,matmult,imp,addrlen8,l1d,ddr4_2x,0.001261,1261173564.0,7397876.0,3787308.0,1.953336,1151766.0,2139866.0,5355.0,1086353.0,55078.0,4680.0,8082.0,,,,0.001261,1.0,0.538242114225844,0.004929336965056478,55078.0,4680.0,8082.0,0.08497040560659429,0.004063325362964352,0.14673735429754167
matmult_imp_addrlen8_l2_ddr4_1x,matmult,imp,addrlen8,l2,ddr4_1x,0.001238,1238238522.0,7397885.0,3718434.0,1.989519,1157391.0,2138569.0,2685.0,1077581.0,,,,5961.0,2727.0,8.0,0.001238,1.0,0.5411988109806136,0.0024916920398559365,5961.0,2727.0,8.0,0.45747357825868146,0.0023561614009440196,0.001342056701895655
matmult_imp_addrlen8_l2_ddr4_2x,matmult,imp,addrlen8,l2,ddr4_2x,0.00123,1230256179.0,7397876.0,3694463.0,2.002425,1159546.0,2139337.0,2685.0,1078402.0,,,,5726.0,2700.0,10.0,0.00123,1.0,0.5420118475957738,0.0024897950856916065,5726.0,2700.0,10.0,0.4715333566189312,0.0023284975326550218,0.0017464198393293748
matmult_imp_default_l1d_ddr4_1x,matmult,imp,default,l1d,ddr4_1x,0.001242,1242151938.0,7397885.0,3730186.0,1.983251,1153373.0,2138673.0,5469.0,1084788.0,55493.0,4714.0,6658.0,,,,0.001242,1.0,0.5392937583258404,0.005041538070111395,55493.0,4714.0,6658.0,0.08494765105508803,0.004087142667636576,0.11997909646261691
matmult_imp_default_l1d_ddr4_2x,matmult,imp,default,l1d,ddr4_2x,0.001261,1261173564.0,7397876.0,3787308.0,1.953336,1151766.0,2139866.0,5355.0,1086353.0,55078.0,4680.0,8082.0,,,,0.001261,1.0,0.538242114225844,0.004929336965056478,55078.0,4680.0,8082.0,0.08497040560659429,0.004063325362964352,0.14673735429754167
matmult_imp_default_l2_ddr4_1x,matmult,imp,default,l2,ddr4_1x,0.001238,1238238522.0,7397885.0,3718434.0,1.989519,1157391.0,2138569.0,2685.0,1077581.0,,,,5961.0,2727.0,8.0,0.001238,1.0,0.5411988109806136,0.0024916920398559365,5961.0,2727.0,8.0,0.45747357825868146,0.0023561614009440196,0.001342056701895655
matmult_imp_default_l2_ddr4_2x,matmult,imp,default,l2,ddr4_2x,0.00123,1230256179.0,7397876.0,3694463.0,2.002425,1159546.0,2139337.0,2685.0,1078402.0,,,,5726.0,2700.0,10.0,0.00123,1.0,0.5420118475957738,0.0024897950856916065,5726.0,2700.0,10.0,0.4715333566189312,0.0023284975326550218,0.0017464198393293748
matmult_imp_dist32_l1d_ddr4_1x,matmult,imp,dist32,l1d,ddr4_1x,0.001242,1242151938.0,7397885.0,3730186.0,1.983251,1153373.0,2138673.0,5469.0,1084788.0,55493.0,4714.0,6658.0,,,,0.001242,1.0,0.5392937583258404,0.005041538070111395,55493.0,4714.0,6658.0,0.08494765105508803,0.004087142667636576,0.11997909646261691
matmult_imp_dist32_l1d_ddr4_2x,matmult,imp,dist32,l1d,ddr4_2x,0.001261,1261173564.0,7397876.0,3787308.0,1.953336,1151766.0,2139866.0,5355.0,1086353.0,55078.0,4680.0,8082.0,,,,0.001261,1.0,0.538242114225844,0.004929336965056478,55078.0,4680.0,8082.0,0.08497040560659429,0.004063325362964352,0.14673735429754167
matmult_imp_dist32_l2_ddr4_1x,matmult,imp,dist32,l2,ddr4_1x,0.001238,1238238522.0,7397885.0,3718434.0,1.989519,1157391.0,2138569.0,2685.0,1077581.0,,,,5961.0,2727.0,8.0,0.001238,1.0,0.5411988109806136,0.0024916920398559365,5961.0,2727.0,8.0,0.45747357825868146,0.0023561614009440196,0.001342056701895655
matmult_imp_dist32_l2_ddr4_2x,matmult,imp,dist32,l2,ddr4_2x,0.00123,1230256179.0,7397876.0,3694463.0,2.002425,1159546.0,2139337.0,2685.0,1078402.0,,,,5726.0,2700.0,10.0,0.00123,1.0,0.5420118475957738,0.0024897950856916065,5726.0,2700.0,10.0,0.4715333566189312,0.0023284975326550218,0.0017464198393293748
matmult_imp_dist4_l1d_ddr4_1x,matmult,imp,dist4,l1d,ddr4_1x,0.001242,1242151938.0,7397885.0,3730186.0,1.983251,1153373.0,2138673.0,5469.0,1084788.0,55493.0,4714.0,6658.0,,,,0.001242,1.0,0.5392937583258404,0.005041538070111395,55493.0,4714.0,6658.0,0.08494765105508803,0.004087142667636576,0.11997909646261691
matmult_imp_dist4_l1d_ddr4_2x,matmult,imp,dist4,l1d,ddr4_2x,0.001261,1261173564.0,7397876.0,3787308.0,1.953336,1151766.0,2139866.0,5355.0,1086353.0,55078.0,4680.0,8082.0,,,,0.001261,1.0,0.538242114225844,0.004929336965056478,55078.0,4680.0,8082.0,0.08497040560659429,0.004063325362964352,0.14673735429754167
matmult_imp_dist4_l2_ddr4_1x,matmult,imp,dist4,l2,ddr4_1x,0.001238,1238238522.0,7397885.0,3718434.0,1.989519,1157391.0,2138569.0,2685.0,1077581.0,,,,5961.0,2727.0,8.0,0.001238,1.0,0.5411988109806136,0.0024916920398559365,5961.0,2727.0,8.0,0.45747357825868146,0.0023561614009440196,0.001342056701895655
matmult_imp_dist4_l2_ddr4_2x,matmult,imp,dist4,l2,ddr4_2x,0.00123,1230256179.0,7397876.0,3694463.0,2.002425,1159546.0,2139337.0,2685.0,1078402.0,,,,5726.0,2700.0,10.0,0.00123,1.0,0.5420118475957738,0.0024897950856916065,5726.0,2700.0,10.0,0.4715333566189312,0.0023284975326550218,0.0017464198393293748
matmult_imp_dist64_l1d_ddr4_1x,matmult,imp,dist64,l1d,ddr4_1x,0.001242,1242151938.0,7397885.0,3730186.0,1.983251,1153373.0,2138673.0,5469.0,1084788.0,55493.0,4714.0,6658.0,,,,0.001242,1.0,0.5392937583258404,0.005041538070111395,55493.0,4714.0,6658.0,0.08494765105508803,0.004087142667636576,0.11997909646261691
matmult_imp_dist64_l1d_ddr4_2x,matmult,imp,dist64,l1d,ddr4_2x,0.001261,1261173564.0,7397876.0,3787308.0,1.953336,1151766.0,2139866.0,5355.0,1086353.0,55078.0,4680.0,8082.0,,,,0.001261,1.0,0.538242114225844,0.004929336965056478,55078.0,4680.0,8082.0,0.08497040560659429,0.004063325362964352,0.14673735429754167
matmult_imp_dist64_l2_ddr4_1x,matmult,imp,dist64,l2,ddr4_1x,0.001238,1238238522.0,7397885.0,3718434.0,1.989519,1157391.0,2138569.0,2685.0,1077581.0,,,,5961.0,2727.0,8.0,0.001238,1.0,0.5411988109806136,0.0024916920398559365,5961.0,2727.0,8.0,0.45747357825868146,0.0023561614009440196,0.001342056701895655
matmult_imp_dist64_l2_ddr4_2x,matmult,imp,dist64,l2,ddr4_2x,0.00123,1230256179.0,7397876.0,3694463.0,2.002425,1159546.0,2139337.0,2685.0,1078402.0,,,,5726.0,2700.0,10.0,0.00123,1.0,0.5420118475957738,0.0024897950856916065,5726.0,2700.0,10.0,0.4715333566189312,0.0023284975326550218,0.0017464198393293748
matmult_imp_dist8_l1d_ddr4_1x,matmult,imp,dist8,l1d,ddr4_1x,0.001242,1242151938.0,7397885.0,3730186.0,1.983251,1153373.0,2138673.0,5469.0,1084788.0,55493.0,4714.0,6658.0,,,,0.001242,1.0,0.5392937583258404,0.005041538070111395,55493.0,4714.0,6658.0,0.08494765105508803,0.004087142667636576,0.11997909646261691
matmult_imp_dist8_l1d_ddr4_2x,matmult,imp,dist8,l1d,ddr4_2x,0.001261,1261173564.0,7397876.0,3787308.0,1.953336,1151766.0,2139866.0,5355.0,1086353.0,55078.0,4680.0,8082.0,,,,0.001261,1.0,0.538242114225844,0.004929336965056478,55078.0,4680.0,8082.0,0.08497040560659429,0.004063325362964352,0.14673735429754167
matmult_imp_dist8_l2_ddr4_1x,matmult,imp,dist8,l2,ddr4_1x,0.001238,1238238522.0,7397885.0,3718434.0,1.989519,1157391.0,2138569.0,2685.0,1077581.0,,,,5961.0,2727.0,8.0,0.001238,1.0,0.5411988109806136,0.0024916920398559365,5961.0,2727.0,8.0,0.45747357825868146,0.0023561614009440196,0.001342056701895655
matmult_imp_dist8_l2_ddr4_2x,matmult,imp,dist8,l2,ddr4_2x,0.00123,1230256179.0,7397876.0,3694463.0,2.002425,1159546.0,2139337.0,2685.0,1078402.0,,,,5726.0,2700.0,10.0,0.00123,1.0,0.5420118475957738,0.0024897950856916065,5726.0,2700.0,10.0,0.4715333566189312,0.0023284975326550218,0.0017464198393293748
matmult_imp_ipd16_l1d_ddr4_1x,matmult,imp,ipd16,l1d,ddr4_1x,0.001242,1242151938.0,7397885.0,3730186.0,1.983251,1153373.0,2138673.0,5469.0,1084788.0,55493.0,4714.0,6658.0,,,,0.001242,1.0,0.5392937583258404,0.005041538070111395,55493.0,4714.0,6658.0,0.08494765105508803,0.004087142667636576,0.11997909646261691
matmult_imp_ipd16_l1d_ddr4_2x,matmult,imp,ipd16,l1d,ddr4_2x,0.001261,1261173564.0,7397876.0,3787308.0,1.953336,1151766.0,2139866.0,5355.0,1086353.0,55078.0,4680.0,8082.0,,,,0.001261,1.0,0.538242114225844,0.004929336965056478,55078.0,4680.0,8082.0,0.08497040560659429,0.004063325362964352,0.14673735429754167
matmult_imp_ipd16_l2_ddr4_1x,matmult,imp,ipd16,l2,ddr4_1x,0.001238,1238238522.0,7397885.0,3718434.0,1.989519,1157391.0,2138569.0,2685.0,1077581.0,,,,5961.0,2727.0,8.0,0.001238,1.0,0.5411988109806136,0.0024916920398559365,5961.0,2727.0,8.0,0.45747357825868146,0.0023561614009440196,0.001342056701895655
matmult_imp_ipd16_l2_ddr4_2x,matmult,imp,ipd16,l2,ddr4_2x,0.00123,1230256179.0,7397876.0,3694463.0,2.002425,1159546.0,2139337.0,2685.0,1078402.0,,,,5726.0,2700.0,10.0,0.00123,1.0,0.5420118475957738,0.0024897950856916065,5726.0,2700.0,10.0,0.4715333566189312,0.0023284975326550218,0.0017464198393293748
matmult_imp_ipd2_l1d_ddr4_1x,matmult,imp,ipd2,l1d,ddr4_1x,0.001242,1242151938.0,7397885.0,3730186.0,1.983251,1153373.0,2138673.0,5469.0,1084788.0,55493.0,4714.0,6658.0,,,,0.001242,1.0,0.5392937583258404,0.005041538070111395,55493.0,4714.0,6658.0,0.08494765105508803,0.004087142667636576,0.11997909646261691
matmult_imp_ipd2_l1d_ddr4_2x,matmult,imp,ipd2,l1d,ddr4_2x,0.001261,1261173564.0,7397876.0,3787308.0,1.953336,1151766.0,2139866.0,5355.0,1086353.0,55078.0,4680.0,8082.0,,,,0.001261,1.0,0.538242114225844,0.004929336965056478,55078.0,4680.0,8082.0,0.08497040560659429,0.004063325362964352,0.14673735429754167
matmult_imp_ipd2_l2_ddr4_1x,matmult,imp,ipd2,l2,ddr4_1x,0.001238,1238238522.0,7397885.0,3718434.0,1.989519,1157391.0,2138569.0,2685.0,1077581.0,,,,5961.0,2727.0,8.0,0.001238,1.0,0.5411988109806136,0.0024916920398559365,5961.0,2727.0,8.0,0.45747357825868146,0.0023561614009440196,0.001342056701895655
matmult_imp_ipd2_l2_ddr4_2x,matmult,imp,ipd2,l2,ddr4_2x,0.00123,1230256179.0,7397876.0,3694463.0,2.002425,1159546.0,2139337.0,2685.0,1078402.0,,,,5726.0,2700.0,10.0,0.00123,1.0,0.5420118475957738,0.0024897950856916065,5726.0,2700.0,10.0,0.4715333566189312,0.0023284975326550218,0.0017464198393293748
matmult_imp_ipd8_l1d_ddr4_1x,matmult,imp,ipd8,l1d,ddr4_1x,0.001242,1242151938.0,7397885.0,3730186.0,1.983251,1153373.0,2138673.0,5469.0,1084788.0,55493.0,4714.0,6658.0,,,,0.001242,1.0,0.5392937583258404,0.005041538070111395,55493.0,4714.0,6658.0,0.08494765105508803,0.004087142667636576,0.11997909646261691
matmult_imp_ipd8_l1d_ddr4_2x,matmult,imp,ipd8,l1d,ddr4_2x,0.001261,1261173564.0,7397876.0,3787308.0,1.953336,1151766.0,2139866.0,5355.0,1086353.0,55078.0,4680.0,8082.0,,,,0.001261,1.0,0.538242114225844,0.004929336965056478,55078.0,4680.0,8082.0,0.08497040560659429,0.004063325362964352,0.14673735429754167
matmult_imp_ipd8_l2_ddr4_1x,matmult,imp,ipd8,l2,ddr4_1x,0.001238,1238238522.0,7397885.0,3718434.0,1.989519,1157391.0,2138569.0,2685.0,1077581.0,,,,5961.0,2727.0,8.0,0.001238,1.0,0.5411988109806136,0.0024916920398559365,5961.0,2727.0,8.0,0.45747357825868146,0.0023561614009440196,0.001342056701895655
matmult_imp_ipd8_l2_ddr4_2x,matmult,imp,ipd8,l2,ddr4_2x,0.00123,1230256179.0,7397876.0,3694463.0,2.002425,1159546.0,2139337.0,2685.0,1078402.0,,,,5726.0,2700.0,10.0,0.00123,1.0,0.5420118475957738,0.0024897950856916065,5726.0,2700.0,10.0,0.4715333566189312,0.0023284975326550218,0.0017464198393293748
matmult_imp_pt32_l1d_ddr4_1x,matmult,imp,pt32,l1d,ddr4_1x,0.001242,1242151938.0,7397885.0,3730186.0,1.983251,1153373.0,2138673.0,5469.0,1084788.0,55493.0,4714.0,6658.0,,,,0.001242,1.0,0.5392937583258404,0.005041538070111395,55493.0,4714.0,6658.0,0.08494765105508803,0.004087142667636576,0.11997909646261691
matmult_imp_pt32_l1d_ddr4_2x,matmult,imp,pt32,l1d,ddr4_2x,0.001261,1261173564.0,7397876.0,3787308.0,1.953336,1151766.0,2139866.0,5355.0,1086353.0,55078.0,4680.0,8082.0,,,,0.001261,1.0,0.538242114225844,0.004929336965056478,55078.0,4680.0,8082.0,0.08497040560659429,0.004063325362964352,0.14673735429754167
matmult_imp_pt32_l2_ddr4_1x,matmult,imp,pt32,l2,ddr4_1x,0.001238,1238238522.0,7397885.0,3718434.0,1.989519,1157391.0,2138569.0,2685.0,1077581.0,,,,5961.0,2727.0,8.0,0.001238,1.0,0.5411988109806136,0.0024916920398559365,5961.0,2727.0,8.0,0.45747357825868146,0.0023561614009440196,0.001342056701895655
matmult_imp_pt32_l2_ddr4_2x,matmult,imp,pt32,l2,ddr4_2x,0.00123,1230256179.0,7397876.0,3694463.0,2.002425,1159546.0,2139337.0,2685.0,1078402.0,,,,5726.0,2700.0,10.0,0.00123,1.0,0.5420118475957738,0.0024897950856916065,5726.0,2700.0,10.0,0.4715333566189312,0.0023284975326550218,0.0017464198393293748
matmult_imp_pt64_l1d_ddr4_1x,matmult,imp,pt64,l1d,ddr4_1x,0.001242,1242151938.0,7397885.0,3730186.0,1.983251,1153373.0,2138673.0,5469.0,1084788.0,55493.0,4714.0,6658.0,,,,0.001242,1.0,0.5392937583258404,0.005041538070111395,55493.0,4714.0,6658.0,0.08494765105508803,0.004087142667636576,0.11997909646261691
matmult_imp_pt64_l1d_ddr4_2x,matmult,imp,pt64,l1d,ddr4_2x,0.001261,1261173564.0,7397876.0,3787308.0,1.953336,1151766.0,2139866.0,5355.0,1086353.0,55078.0,4680.0,8082.0,,,,0.001261,1.0,0.538242114225844,0.004929336965056478,55078.0,4680.0,8082.0,0.08497040560659429,0.004063325362964352,0.14673735429754167
matmult_imp_pt64_l2_ddr4_1x,matmult,imp,pt64,l2,ddr4_1x,0.001238,1238238522.0,7397885.0,3718434.0,1.989519,1157391.0,2138569.0,2685.0,1077581.0,,,,5961.0,2727.0,8.0,0.001238,1.0,0.5411988109806136,0.0024916920398559365,5961.0,2727.0,8.0,0.45747357825868146,0.0023561614009440196,0.001342056701895655
matmult_imp_pt64_l2_ddr4_2x,matmult,imp,pt64,l2,ddr4_2x,0.00123,1230256179.0,7397876.0,3694463.0,2.002425,1159546.0,2139337.0,2685.0,1078402.0,,,,5726.0,2700.0,10.0,0.00123,1.0,0.5420118475957738,0.0024897950856916065,5726.0,2700.0,10.0,0.4715333566189312,0.0023284975326550218,0.0017464198393293748
matmult_imp_pt8_l1d_ddr4_1x,matmult,imp,pt8,l1d,ddr4_1x,0.001242,1242151938.0,7397885.0,3730186.0,1.983251,1153373.0,2138673.0,5469.0,1084788.0,55493.0,4714.0,6658.0,,,,0.001242,1.0,0.5392937583258404,0.005041538070111395,55493.0,4714.0,6658.0,0.08494765105508803,0.004087142667636576,0.11997909646261691
matmult_imp_pt8_l1d_ddr4_2x,matmult,imp,pt8,l1d,ddr4_2x,0.001261,1261173564.0,7397876.0,3787308.0,1.953336,1151766.0,2139866.0,5355.0,1086353.0,55078.0,4680.0,8082.0,,,,0.001261,1.0,0.538242114225844,0.004929336965056478,55078.0,4680.0,8082.0,0.08497040560659429,0.004063325362964352,0.14673735429754167
matmult_imp_pt8_l2_ddr4_1x,matmult,imp,pt8,l2,ddr4_1x,0.001238,1238238522.0,7397885.0,3718434.0,1.989519,1157391.0,2138569.0,2685.0,1077581.0,,,,5961.0,2727.0,8.0,0.001238,1.0,0.5411988109806136,0.0024916920398559365,5961.0,2727.0,8.0,0.45747357825868146,0.0023561614009440196,0.001342056701895655
matmult_imp_pt8_l2_ddr4_2x,matmult,imp,pt8,l2,ddr4_2x,0.00123,1230256179.0,7397876.0,3694463.0,2.002425,1159546.0,2139337.0,2685.0,1078402.0,,,,5726.0,2700.0,10.0,0.00123,1.0,0.5420118475957738,0.0024897950856916065,5726.0,2700.0,10.0,0.4715333566189312,0.0023284975326550218,0.0017464198393293748
matmult_imp_sdist16_l1d_ddr4_1x,matmult,imp,sdist16,l1d,ddr4_1x,0.001208,1207908882.0,7397876.0,3627354.0,2.039471,1150500.0,2138816.0,5475.0,1083178.0,34743.0,3667.0,5007.0,,,,0.001242,1.0281456953642383,0.5379144349023011,0.005054570901550807,34743.0,3667.0,5007.0,0.1055464410096998,0.003187309865275967,0.14411536136775754
matmult_imp_sdist16_l1d_ddr4_2x,matmult,imp,sdist16,l1d,ddr4_2x,0.001223,1222542900.0,7397876.0,3671300.0,2.015059,1151777.0,2140009.0,5364.0,1082513.0,31853.0,3474.0,4209.0,,,,0.001261,1.0310711365494685,0.5382112878964528,0.0049551367974333795,31853.0,3474.0,4209.0,0.10906351050136565,0.003016208866820574,0.1321382601324836
matmult_imp_sdist16_l2_ddr4_1x,matmult,imp,sdist16,l2,ddr4_1x,0.001225,1225199907.0,7397876.0,3679279.0,2.010689,1157985.0,2138080.0,1932.0,1076921.0,,,,6610.0,3480.0,5.0,0.001238,1.010612244897959,0.5416004078425504,0.0017940034598638154,6610.0,3480.0,5.0,0.5264750378214826,0.003005220274874027,0.0007564296520423601
matmult_imp_sdist16_l2_ddr4_2x,matmult,imp,sdist16,l2,ddr4_2x,0.001214,1213927191.0,7397876.0,3645427.0,2.02936,1159562.0,2139089.0,1912.0,1078053.0,,,,6424.0,3499.0,14.0,0.00123,1.013179571663921,0.542082166754165,0.0017735677188412814,6424.0,3499.0,14.0,0.5446762141967622,0.003017518683778875,0.0021793275217932753
matmult_imp_sdist2_l1d_ddr4_1x,matmult,imp,sdist2,l1d,ddr4_1x,0.001279,1278912474.0,7397871.0,3840578.0,1.926241,1153849.0,2138224.0,5448.0,1084909.0,60567.0,4069.0,6792.0,,,,0.001242,0.9710711493354184,0.5396296178510764,0.005021619324754426,60567.0,4069.0,6792.0,0.06718179866924233,0.0035264579680703454,0.11214027440685521
matmult_imp_sdist2_l1d_ddr4_2x,matmult,imp,sdist2,l1d,ddr4_2x,0.001299,1298515185.0,7397871.0,3899445.0,1.897162,1156421.0,2139910.0,5341.0,1085073.0,63840.0,3662.0,6382.0,,,,0.001261,0.9707467282525019,0.5404063722306078,0.004922249470772935,63840.0,3662.0,6382.0,0.05736215538847118,0.003166666810789496,0.099968671679198
matmult_imp_sdist2_l2_ddr4_1x,matmult,imp,sdist2,l2,ddr4_1x,0.001255,1254525885.0,7397876.0,3767345.0,1.963687,1159420.0,2138816.0,3370.0,1077774.0,,,,4904.0,2051.0,3.0,0.001238,0.9864541832669322,0.5420849666357461,0.0031268150836817367,4904.0,2051.0,3.0,0.4182300163132137,0.0017689879422469856,0.0006117455138662316
matmult_imp_sdist2_l2_ddr4_2x,matmult,imp,sdist2,l2,ddr4_2x,0.001247,1246891194.0,7397871.0,3744418.0,1.975709,1158925.0,2138670.0,3407.0,1077472.0,,,,4981.0,1953.0,3.0,0.00123,0.9863672814755412,0.5418905207442009,0.003162031124706721,4981.0,1953.0,3.0,0.3920899417787593,0.0016851823888517376,0.0006022886970487854
matmult_imp_sdist8_l1d_ddr4_1x,matmult,imp,sdist8,l1d,ddr4_1x,0.001221,1220512599.0,7397871.0,3665203.0,2.018409,1149933.0,2138251.0,5466.0,1082484.0,36362.0,3741.0,5124.0,,,,0.001242,1.017199017199017,0.5377914005418447,0.0050494972673961,36362.0,3741.0,5124.0,0.10288212969583631,0.0032532330144451893,0.1409163412353556
matmult_imp_sdist8_l1d_ddr4_2x,matmult,imp,sdist8,l1d,ddr4_2x,0.001228,1227824280.0,7397876.0,3687160.0,2.006391,1151258.0,2140070.0,5363.0,1084311.0,37537.0,4166.0,5903.0,,,,0.001261,1.0268729641693812,0.537953431429813,0.00494599796552834,37537.0,4166.0,5903.0,0.1109838292884354,0.003618650206990961,0.15725817193702213
matmult_imp_sdist8_l2_ddr4_1x,matmult,imp,sdist8,l2,ddr4_1x,0.001239,1238710716.0,7397871.0,3719852.0,1.988757,1159070.0,2139187.0,2213.0,1078265.0,,,,6188.0,3186.0,13.0,0.001238,0.9991928974979821,0.5418273390778833,0.002052371170352372,6188.0,3186.0,13.0,0.5148674854557207,0.0027487554677456927,0.0021008403361344537
matmult_imp_sdist8_l2_ddr4_2x,matmult,imp,sdist8,l2,ddr4_2x,0.001222,1222109667.0,7397871.0,3669999.0,2.015772,1157799.0,2138385.0,2222.0,1077359.0,,,,6699.0,3173.0,9.0,0.00123,1.006546644844517,0.5414361773020293,0.0020624508636396966,6699.0,3173.0,9.0,0.47365278399761157,0.002740544775042991,0.0013434841021047917
matmult_imp_sthr2_l1d_ddr4_1x,matmult,imp,sthr2,l1d,ddr4_1x,0.001245,1244629125.0,7397876.0,3737625.0,1.979301,1154520.0,2138826.0,5452.0,1085843.0,55004.0,4319.0,7737.0,,,,0.001242,0.9975903614457832,0.5397914556864373,0.005020983696538081,55004.0,4319.0,7737.0,0.07852156206821322,0.003740948619339639,0.1406624972729256
matmult_imp_sthr2_l1d_ddr4_2x,matmult,imp,sthr2,l1d,ddr4_2x,0.001251,1250588160.0,7397876.0,3755520.0,1.96987,1151864.0,2139622.0,5354.0,1085856.0,51622.0,4463.0,7771.0,,,,0.001261,1.0079936051159073,0.5383492972123113,0.0049306722069961395,51622.0,4463.0,7771.0,0.08645538723799931,0.003874589361244036,0.15053659292549687
matmult_imp_sthr2_l2_ddr4_1x,matmult,imp,sthr2,l2,ddr4_1x,0.001239,1238740353.0,7397871.0,3719941.0,1.988709,1158047.0,2138704.0,2657.0,1077898.0,,,,5904.0,2736.0,1.0,0.001238,0.9991928974979821,0.5414713770582559,0.0024649827720248114,5904.0,2736.0,1.0,0.4634146341463415,0.0023625984092182787,0.00016937669376693767
matmult_imp_sthr2_l2_ddr4_2x,matmult,imp,sthr2,l2,ddr4_2x,0.001235,1234594170.0,7397876.0,3707490.0,1.995389,1158563.0,2138681.0,2634.0,1077864.0,,,,5841.0,2759.0,5.0,0.00123,0.9959514170040485,0.5417184704030195,0.002443722028010955,5841.0,2759.0,5.0,0.4723506248929978,0.0023813983356968933,0.0008560178051703475
matmult_imp_sthr8_l1d_ddr4_1x,matmult,imp,sthr8,l1d,ddr4_1x,0.001244,1244352069.0,7397871.0,3736793.0,1.97974,1153439.0,2138348.0,5442.0,1085998.0,52541.0,4165.0,7984.0,,,,0.001242,0.9983922829581994,0.5394065886375837,0.005011058952226431,52541.0,4165.0,7984.0,0.07927142612436003,0.0036109408473269933,0.15195751889000972
matmult_imp_sthr8_l1d_ddr4_2x,matmult,imp,sthr8,l1d,ddr4_2x,0.00126,1259533872.0,7397876.0,3782384.0,1.955879,1150664.0,2137261.0,5347.0,1083585.0,53111.0,4492.0,6972.0,,,,0.001261,1.0007936507936508,0.5383825372755129,0.004934545974704338,53111.0,4492.0,6972.0,0.08457758279829038,0.003903832917341639,0.13127224115531622
matmult_imp_sthr8_l2_ddr4_1x,matmult,imp,sthr8,l2,ddr4_1x,0.001238,1237959135.0,7397876.0,3717595.0,1.989965,1158791.0,2138678.0,2665.0,1077725.0,,,,5819.0,2736.0,8.0,0.001238,1.0,0.5418258382047227,0.002472801503166392,5819.0,2736.0,8.0,0.4701838803918199,0.0023610815065011723,0.001374806667812339
matmult_imp_sthr8_l2_ddr4_2x,matmult,imp,sthr8,l2,ddr4_2x,0.001234,1234195902.0,7397871.0,3706294.0,1.996032,1158789.0,2139079.0,2636.0,1078088.0,,,,5690.0,2754.0,6.0,0.00123,0.9967585089141004,0.5417233304613808,0.0024450694191939805,5690.0,2754.0,6.0,0.48400702987697714,0.002376619039359193,0.001054481546572935
matmult_imp_thr1_l1d_ddr4_1x,matmult,imp,thr1,l1d,ddr4_1x,0.001242,1242151938.0,7397885.0,3730186.0,1.983251,1153373.0,2138673.0,5469.0,1084788.0,55493.0,4714.0,6658.0,,,,0.001242,1.0,0.5392937583258404,0.005041538070111395,55493.0,4714.0,6658.0,0.08494765105508803,0.004087142667636576,0.11997909646261691
matmult_imp_thr1_l1d_ddr4_2x,matmult,imp,thr1,l1d,ddr4_2x,0.001261,1261173564.0,7397876.0,3787308.0,1.953336,1151766.0,2139866.0,5355.0,1086353.0,55078.0,4680.0,8082.0,,,,0.001261,1.0,0.538242114225844,0.004929336965056478,55078.0,4680.0,8082.0,0.08497040560659429,0.004063325362964352,0.14673735429754167
matmult_imp_thr1_l2_ddr4_1x,matmult,imp,thr1,l2,ddr4_1x,0.001238,1238238522.0,7397885.0,3718434.0,1.989519,1157391.0,2138569.0,2685.0,1077581.0,,,,5961.0,2727.0,8.0,0.001238,1.0,0.5411988109806136,0.0024916920398559365,5961.0,2727.0,8.0,0.45747357825868146,0.0023561614009440196,0.001342056701895655
matmult_imp_thr1_l2_ddr4_2x,matmult,imp,thr1,l2,ddr4_2x,0.00123,1230256179.0,7397876.0,3694463.0,2.002425,1159546.0,2139337.0,2685.0,1078402.0,,,,5726.0,2700.0,10.0,0.00123,1.0,0.5420118475957738,0.0024897950856916065,5726.0,2700.0,10.0,0.4715333566189312,0.0023284975326550218,0.0017464198393293748
matmult_imp_thr3_l1d_ddr4_1x,matmult,imp,thr3,l1d,ddr4_1x,0.001242,1242151938.0,7397885.0,3730186.0,1.983251,1153373.0,2138673.0,5469.0,1084788.0,55493.0,4714.0,6658.0,,,,0.001242,1.0,0.5392937583258404,0.005041538070111395,55493.0,4714.0,6658.0,0.08494765105508803,0.004087142667636576,0.11997909646261691
matmult_imp_thr3_l1d_ddr4_2x,matmult,imp,thr3,l1d,ddr4_2x,0.001261,1261173564.0,7397876.0,3787308.0,1.953336,1151766.0,2139866.0,5355.0,1086353.0,55078.0,4680.0,8082.0,,,,0.001261,1.0,0.538242114225844,0.004929336965056478,55078.0,4680.0,8082.0,0.08497040560659429,0.004063325362964352,0.14673735429754167
matmult_imp_thr3_l2_ddr4_1x,matmult,imp,thr3,l2,ddr4_1x,0.001238,1238238522.0,7397885.0,3718434.0,1.989519,1157391.0,2138569.0,2685.0,1077581.0,,,,5961.0,2727.0,8.0,0.001238,1.0,0.5411988109806136,0.0024916920398559365,5961.0,2727.0,8.0,0.45747357825868146,0.0023561614009440196,0.001342056701895655
matmult_imp_thr3_l2_ddr4_2x,matmult,imp,thr3,l2,ddr4_2x,0.00123,1230256179.0,7397876.0,3694463.0,2.002425,1159546.0,2139337.0,2685.0,1078402.0,,,,5726.0,2700.0,10.0,0.00123,1.0,0.5420118475957738,0.0024897950856916065,5726.0,2700.0,10.0,0.4715333566189312,0.0023284975326550218,0.0017464198393293748
matmult_imp_thr4_l1d_ddr4_1x,matmult,imp,thr4,l1d,ddr4_1x,0.001242,1242151938.0,7397885.0,3730186.0,1.983251,1153373.0,2138673.0,5469.0,1084788.0,55493.0,4714.0,6658.0,,,,0.001242,1.0,0.5392937583258404,0.005041538070111395,55493.0,4714.0,6658.0,0.08494765105508803,0.004087142667636576,0.11997909646261691
matmult_imp_thr4_l1d_ddr4_2x,matmult,imp,thr4,l1d,ddr4_2x,0.001261,1261173564.0,7397876.0,3787308.0,1.953336,1151766.0,2139866.0,5355.0,1086353.0,55078.0,4680.0,8082.0,,,,0.001261,1.0,0.538242114225844,0.004929336965056478,55078.0,4680.0,8082.0,0.08497040560659429,0.004063325362964352,0.14673735429754167
matmult_imp_thr4_l2_ddr4_1x,matmult,imp,thr4,l2,ddr4_1x,0.001238,1238238522.0,7397885.0,3718434.0,1.989519,1157391.0,2138569.0,2685.0,1077581.0,,,,5961.0,2727.0,8.0,0.001238,1.0,0.5411988109806136,0.0024916920398559365,5961.0,2727.0,8.0,0.45747357825868146,0.0023561614009440196,0.001342056701895655
matmult_imp_thr4_l2_ddr4_2x,matmult,imp,thr4,l2,ddr4_2x,0.00123,1230256179.0,7397876.0,3694463.0,2.002425,1159546.0,2139337.0,2685.0,1078402.0,,,,5726.0,2700.0,10.0,0.00123,1.0,0.5420118475957738,0.0024897950856916065,5726.0,2700.0,10.0,0.4715333566189312,0.0023284975326550218,0.0017464198393293748
merge_imp_addrlen16_l1d_ddr4_1x,merge,imp,addrlen16,l1d,ddr4_1x,0.010348,10347640668.0,37919492.0,31073996.0,1.220298,868812.0,11018157.0,72551.0,205645.0,277970.0,49805.0,1784.0,,,,0.010348,1.0,0.07885275187129753,0.35279729631160495,277970.0,49805.0,1784.0,0.17917401158398388,0.05732540526604144,0.00641795877252941
merge_imp_addrlen16_l1d_ddr4_2x,merge,imp,addrlen16,l1d,ddr4_2x,0.010338,10338121530.0,37919517.0,31045410.0,1.221422,864072.0,11016300.0,72578.0,205657.0,270250.0,50094.0,1786.0,,,,0.010338,1.0,0.07843577244628415,0.3529079972964694,270250.0,50094.0,1786.0,0.18536170212765957,0.057974335472043996,0.006608695652173913
merge_imp_addrlen16_l2_ddr4_1x,merge,imp,addrlen16,l2,ddr4_1x,0.010657,10656774558.0,37919539.0,32002326.0,1.184901,915009.0,11146230.0,30946.0,201508.0,,,,105059.0,41293.0,149.0,0.010657,1.0,0.08209134388936887,0.15357206661770254,105059.0,41293.0,149.0,0.39304581235305874,0.045128517861572945,0.0014182506972272723
merge_imp_addrlen16_l2_ddr4_2x,merge,imp,addrlen16,l2,ddr4_2x,0.010555,10555130637.0,37919539.0,31697089.0,1.196311,911119.0,11144438.0,30339.0,201512.0,,,,102852.0,41906.0,160.0,0.010555,1.0,0.0817554909453487,0.1505567906625908,102852.0,41906.0,160.0,0.4074398164352662,0.045993992003239975,0.0015556333372224167
merge_imp_addrlen2_l1d_ddr4_1x,merge,imp,addrlen2,l1d,ddr4_1x,0.010348,10347640668.0,37919492.0,31073996.0,1.220298,868812.0,11018157.0,72551.0,205645.0,277970.0,49805.0,1784.0,,,,0.010348,1.0,0.07885275187129753,0.35279729631160495,277970.0,49805.0,1784.0,0.17917401158398388,0.05732540526604144,0.00641795877252941
merge_imp_addrlen2_l1d_ddr4_2x,merge,imp,addrlen2,l1d,ddr4_2x,0.010338,10338121530.0,37919517.0,31045410.0,1.221422,864072.0,11016300.0,72578.0,205657.0,270250.0,50094.0,1786.0,,,,0.010338,1.0,0.07843577244628415,0.3529079972964694,270250.0,50094.0,1786.0,0.18536170212765957,0.057974335472043996,0.006608695652173913
merge_imp_addrlen2_l2_ddr4_1x,merge,imp,addrlen2,l2,ddr4_1x,0.010657,10656774558.0,37919539.0,32002326.0,1.184901,915009.0,11146230.0,30946.0,201508.0,,,,105059.0,41293.0,149.0,0.010657,1.0,0.08209134388936887,0.15357206661770254,105059.0,41293.0,149.0,0.39304581235305874,0.045128517861572945,0.0014182506972272723
merge_imp_addrlen2_l2_ddr4_2x,merge,imp,addrlen2,l2,ddr4_2x,0.010555,10555130637.0,37919539.0,31697089.0,1.196311,911119.0,11144438.0,30339.0,201512.0,,,,102852.0,41906.0,160.0,0.010555,1.0,0.0817554909453487,0.1505567906625908,102852.0,41906.0,160.0,0.4074398164352662,0.045993992003239975,0.0015556333372224167
merge_imp_addrlen8_l1d_ddr4_1x,merge,imp,addrlen8,l1d,ddr4_1x,0.010348,10347640668.0,37919492.0,31073996.0,1.220298,868812.0,11018157.0,72551.0,205645.0,277970.0,49805.0,1784.0,,,,0.010348,1.0,0.07885275187129753,0.35279729631160495,277970.0,49805.0,1784.0,0.17917401158398388,0.05732540526604144,0.00641795877252941
merge_imp_addrlen8_l1d_ddr4_2x,merge,imp,addrlen8,l1d,ddr4_2x,0.010338,10338121530.0,37919517.0,31045410.0,1.221422,864072.0,11016300.0,72578.0,205657.0,270250.0,50094.0,1786.0,,,,0.010338,1.0,0.07843577244628415,0.3529079972964694,270250.0,50094.0,1786.0,0.18536170212765957,0.057974335472043996,0.006608695652173913
merge_imp_addrlen8_l2_ddr4_1x,merge,imp,addrlen8,l2,ddr4_1x,0.010657,10656774558.0,37919539.0,32002326.0,1.184901,915009.0,11146230.0,30946.0,201508.0,,,,105059.0,41293.0,149.0,0.010657,1.0,0.08209134388936887,0.15357206661770254,105059.0,41293.0,149.0,0.39304581235305874,0.045128517861572945,0.0014182506972272723
merge_imp_addrlen8_l2_ddr4_2x,merge,imp,addrlen8,l2,ddr4_2x,0.010555,10555130637.0,37919539.0,31697089.0,1.196311,911119.0,11144438.0,30339.0,201512.0,,,,102852.0,41906.0,160.0,0.010555,1.0,0.0817554909453487,0.1505567906625908,102852.0,41906.0,160.0,0.4074398164352662,0.045993992003239975,0.0015556333372224167
merge_imp_default_l1d_ddr4_1x,merge,imp,default,l1d,ddr4_1x,0.010348,10347640668.0,37919492.0,31073996.0,1.220298,868812.0,11018157.0,72551.0,205645.0,277970.0,49805.0,1784.0,,,,0.010348,1.0,0.07885275187129753,0.35279729631160495,277970.0,49805.0,1784.0,0.17917401158398388,0.05732540526604144,0.00641795877252941
merge_imp_default_l1d_ddr4_2x,merge,imp,default,l1d,ddr4_2x,0.010338,10338121530.0,37919517.0,31045410.0,1.221422,864072.0,11016300.0,72578.0,205657.0,270250.0,50094.0,1786.0,,,,0.010338,1.0,0.07843577244628415,0.3529079972964694,270250.0,50094.0,1786.0,0.18536170212765957,0.057974335472043996,0.006608695652173913
merge_imp_default_l2_ddr4_1x,merge,imp,default,l2,ddr4_1x,0.010657,10656774558.0,37919539.0,32002326.0,1.184901,915009.0,11146230.0,30946.0,201508.0,,,,105059.0,41293.0,149.0,0.010657,1.0,0.08209134388936887,0.15357206661770254,105059.0,41293.0,149.0,0.39304581235305874,0.045128517861572945,0.0014182506972272723
merge_imp_default_l2_ddr4_2x,merge,imp,default,l2,ddr4_2x,0.010555,10555130637.0,37919539.0,31697089.0,1.196311,911119.0,11144438.0,30339.0,201512.0,,,,102852.0,41906.0,160.0,0.010555,1.0,0.0817554909453487,0.1505567906625908,102852.0,41906.0,160.0,0.4074398164352662,0.045993992003239975,0.0015556333372224167
merge_imp_dist32_l1d_ddr4_1x,merge,imp,dist32,l1d,ddr4_1x,0.010348,10347640668.0,37919492.0,31073996.0,1.220298,868812.0,11018157.0,72551.0,205645.0,277970.0,49805.0,1784.0,,,,0.010348,1.0,0.07885275187129753,0.35279729631160495,277970.0,49805.0,1784.0,0.17917401158398388,0.05732540526604144,0.00641795877252941
merge_imp_dist32_l1d_ddr4_2x,merge,imp,dist32,l1d,ddr4_2x,0.010338,10338121530.0,37919517.0,31045410.0,1.221422,864072.0,11016300.0,72578.0,205657.0,270250.0,50094.0,1786.0,,,,0.010338,1.0,0.07843577244628415,0.3529079972964694,270250.0,50094.0,1786.0,0.18536170212765957,0.057974335472043996,0.006608695652173913
merge_imp_dist32_l2_ddr4_1x,merge,imp,dist32,l2,ddr4_1x,0.010657,10656774558.0,37919539.0,32002326.0,1.184901,915009.0,11146230.0,30946.0,201508.0,,,,105059.0,41293.0,149.0,0.010657,1.0,0.08209134388936887,0.15357206661770254,105059.0,41293.0,149.0,0.39304581235305874,0.045128517861572945,0.0014182506972272723
merge_imp_dist32_l2_ddr4_2x,merge,imp,dist32,l2,ddr4_2x,0.010555,10555130637.0,37919539.0,31697089.0,1.196311,911119.0,11144438.0,30339.0,201512.0,,,,102852.0,41906.0,160.0,0.010555,1.0,0.0817554909453487,0.1505567906625908,102852.0,41906.0,160.0,0.4074398164352662,0.045993992003239975,0.0015556333372224167
merge_imp_dist4_l1d_ddr4_1x,merge,imp,dist4,l1d,ddr4_1x,0.010348,10347640668.0,37919492.0,31073996.0,1.220298,868812.0,11018157.0,72551.0,205645.0,277970.0,49805.0,1784.0,,,,0.010348,1.0,0.07885275187129753,0.35279729631160495,277970.0,49805.0,1784.0,0.17917401158398388,0.05732540526604144,0.00641795877252941
merge_imp_dist4_l1d_ddr4_2x,merge,imp,dist4,l1d,ddr4_2x,0.010338,10338121530.0,37919517.0,31045410.0,1.221422,864072.0,11016300.0,72578.0,205657.0,270250.0,50094.0,1786.0,,,,0.010338,1.0,0.07843577244628415,0.3529079972964694,270250.0,50094.0,1786.0,0.18536170212765957,0.057974335472043996,0.006608695652173913
merge_imp_dist4_l2_ddr4_1x,merge,imp,dist4,l2,ddr4_1x,0.010657,10656774558.0,37919539.0,32002326.0,1.184901,915009.0,11146230.0,30946.0,201508.0,,,,105059.0,41293.0,149.0,0.010657,1.0,0.08209134388936887,0.15357206661770254,105059.0,41293.0,149.0,0.39304581235305874,0.045128517861572945,0.0014182506972272723
merge_imp_dist4_l2_ddr4_2x,merge,imp,dist4,l2,ddr4_2x,0.010555,10555130637.0,37919539.0,31697089.0,1.196311,911119.0,11144438.0,30339.0,201512.0,,,,102852.0,41906.0,160.0,0.010555,1.0,0.0817554909453487,0.1505567906625908,102852.0,41906.0,160.0,0.4074398164352662,0.045993992003239975,0.0015556333372224167
merge_imp_dist64_l1d_ddr4_1x,merge,imp,dist64,l1d,ddr4_1x,0.010348,10347640668.0,37919492.0,31073996.0,1.220298,868812.0,11018157.0,72551.0,205645.0,277970.0,49805.0,1784.0,,,,0.010348,1.0,0.07885275187129753,0.35279729631160495,277970.0,49805.0,1784.0,0.17917401158398388,0.05732540526604144,0.00641795877252941
merge_imp_dist64_l1d_ddr4_2x,merge,imp,dist64,l1d,ddr4_2x,0.010338,10338121530.0,37919517.0,31045410.0,1.221422,864072.0,11016300.0,72578.0,205657.0,270250.0,50094.0,1786.0,,,,0.010338,1.0,0.07843577244628415,0.3529079972964694,270250.0,50094.0,1786.0,0.18536170212765957,0.057974335472043996,0.006608695652173913
merge_imp_dist64_l2_ddr4_1x,merge,imp,dist64,l2,ddr4_1x,0.010657,10656774558.0,37919539.0,32002326.0,1.184901,915009.0,11146230.0,30946.0,201508.0,,,,105059.0,41293.0,149.0,0.010657,1.0,0.08209134388936887,0.15357206661770254,105059.0,41293.0,149.0,0.39304581235305874,0.045128517861572945,0.0014182506972272723
merge_imp_dist64_l2_ddr4_2x,merge,imp,dist64,l2,ddr4_2x,0.010555,10555130637.0,37919539.0,31697089.0,1.196311,911119.0,11144438.0,30339.0,201512.0,,,,102852.0,41906.0,160.0,0.010555,1.0,0.0817554909453487,0.1505567906625908,102852.0,41906.0,160.0,0.4074398164352662,0.045993992003239975,0.0015556333372224167
merge_imp_dist8_l1d_ddr4_1x,merge,imp,dist8,l1d,ddr4_1x,0.010348,10347640668.0,37919492.0,31073996.0,1.220298,868812.0,11018157.0,72551.0,205645.0,277970.0,49805.0,1784.0,,,,0.010348,1.0,0.07885275187129753,0.35279729631160495,277970.0,49805.0,1784.0,0.17917401158398388,0.05732540526604144,0.00641795877252941
merge_imp_dist8_l1d_ddr4_2x,merge,imp,dist8,l1d,ddr4_2x,0.010338,10338121530.0,37919517.0,31045410.0,1.221422,864072.0,11016300.0,72578.0,205657.0,270250.0,50094.0,1786.0,,,,0.010338,1.0,0.07843577244628415,0.3529079972964694,270250.0,50094.0,1786.0,0.18536170212765957,0.057974335472043996,0.006608695652173913
merge_imp_dist8_l2_ddr4_1x,merge,imp,dist8,l2,ddr4_1x,0.010657,10656774558.0,37919539.0,32002326.0,1.184901,915009.0,11146230.0,30946.0,201508.0,,,,105059.0,41293.0,149.0,0.010657,1.0,0.08209134388936887,0.15357206661770254,105059.0,41293.0,149.0,0.39304581235305874,0.045128517861572945,0.0014182506972272723
merge_imp_dist8_l2_ddr4_2x,merge,imp,dist8,l2,ddr4_2x,0.010555,10555130637.0,37919539.0,31697089.0,1.196311,911119.0,11144438.0,30339.0,201512.0,,,,102852.0,41906.0,160.0,0.010555,1.0,0.0817554909453487,0.1505567906625908,102852.0,41906.0,160.0,0.4074398164352662,0.045993992003239975,0.0015556333372224167
merge_imp_ipd16_l1d_ddr4_1x,merge,imp,ipd16,l1d,ddr4_1x,0.010348,10347640668.0,37919492.0,31073996.0,1.220298,868812.0,11018157.0,72551.0,205645.0,277970.0,49805.0,1784.0,,,,0.010348,1.0,0.07885275187129753,0.35279729631160495,277970.0,49805.0,1784.0,0.17917401158398388,0.05732540526604144,0.00641795877252941
merge_imp_ipd16_l1d_ddr4_2x,merge,imp,ipd16,l1d,ddr4_2x,0.010338,10338121530.0,37919517.0,31045410.0,1.221422,864072.0,11016300.0,72578.0,205657.0,270250.0,50094.0,1786.0,,,,0.010338,1.0,0.07843577244628415,0.3529079972964694,270250.0,50094.0,1786.0,0.18536170212765957,0.057974335472043996,0.006608695652173913
merge_imp_ipd16_l2_ddr4_1x,merge,imp,ipd16,l2,ddr4_1x,0.010657,10656774558.0,37919539.0,32002326.0,1.184901,915009.0,11146230.0,30946.0,201508.0,,,,105059.0,41293.0,149.0,0.010657,1.0,0.08209134388936887,0.15357206661770254,105059.0,41293.0,149.0,0.39304581235305874,0.045128517861572945,0.0014182506972272723
merge_imp_ipd16_l2_ddr4_2x,merge,imp,ipd16,l2,ddr4_2x,0.010555,10555130637.0,37919539.0,31697089.0,1.196311,911119.0,11144438.0,30339.0,201512.0,,,,102852.0,41906.0,160.0,0.010555,1.0,0.0817554909453487,0.1505567906625908,102852.0,41906.0,160.0,0.4074398164352662,0.045993992003239975,0.0015556333372224167
merge_imp_ipd2_l1d_ddr4_1x,merge,imp,ipd2,l1d,ddr4_1x,0.010348,10347640668.0,37919492.0,31073996.0,1.220298,868812.0,11018157.0,72551.0,205645.0,277970.0,49805.0,1784.0,,,,0.010348,1.0,0.07885275187129753,0.35279729631160495,277970.0,49805.0,1784.0,0.17917401158398388,0.05732540526604144,0.00641795877252941
merge_imp_ipd2_l1d_ddr4_2x,merge,imp,ipd2,l1d,ddr4_2x,0.010338,10338121530.0,37919517.0,31045410.0,1.221422,864072.0,11016300.0,72578.0,205657.0,270250.0,50094.0,1786.0,,,,0.010338,1.0,0.07843577244628415,0.3529079972964694,270250.0,50094.0,1786.0,0.18536170212765957,0.057974335472043996,0.006608695652173913
merge_imp_ipd2_l2_ddr4_1x,merge,imp,ipd2,l2,ddr4_1x,0.010657,10656774558.0,37919539.0,32002326.0,1.184901,915009.0,11146230.0,30946.0,201508.0,,,,105059.0,41293.0,149.0,0.010657,1.0,0.08209134388936887,0.15357206661770254,105059.0,41293.0,149.0,0.39304581235305874,0.045128517861572945,0.0014182506972272723
merge_imp_ipd2_l2_ddr4_2x,merge,imp,ipd2,l2,ddr4_2x,0.010555,10555130637.0,37919539.0,31697089.0,1.196311,911119.0,11144438.0,30339.0,201512.0,,,,102852.0,41906.0,160.0,0.010555,1.0,0.0817554909453487,0.1505567906625908,102852.0,41906.0,160.0,0.4074398164352662,0.045993992003239975,0.0015556333372224167
merge_imp_ipd8_l1d_ddr4_1x,merge,imp,ipd8,l1d,ddr4_1x,0.010348,10347640668.0,37919492.0,31073996.0,1.220298,868812.0,11018157.0,72551.0,205645.0,277970.0,49805.0,1784.0,,,,0.010348,1.0,0.07885275187129753,0.35279729631160495,277970.0,49805.0,1784.0,0.17917401158398388,0.05732540526604144,0.00641795877252941
merge_imp_ipd8_l1d_ddr4_2x,merge,imp,ipd8,l1d,ddr4_2x,0.010338,10338121530.0,37919517.0,31045410.0,1.221422,864072.0,11016300.0,72578.0,205657.0,270250.0,50094.0,1786.0,,,,0.010338,1.0,0.07843577244628415,0.3529079972964694,270250.0,50094.0,1786.0,0.18536170212765957,0.057974335472043996,0.006608695652173913
merge_imp_ipd8_l2_ddr4_1x,merge,imp,ipd8,l2,ddr4_1x,0.010657,10656774558.0,37919539.0,32002326.0,1.184901,915009.0,11146230.0,30946.0,201508.0,,,,105059.0,41293.0,149.0,0.010657,1.0,0.08209134388936887,0.15357206661770254,105059.0,41293.0,149.0,0.39304581235305874,0.045128517861572945,0.0014182506972272723
merge_imp_ipd8_l2_ddr4_2x,merge,imp,ipd8,l2,ddr4_2x,0.010555,10555130637.0,37919539.0,31697089.0,1.196311,911119.0,11144438.0,30339.0,201512.0,,,,102852.0,41906.0,160.0,0.010555,1.0,0.0817554909453487,0.1505567906625908,102852.0,41906.0,160.0,0.4074398164352662,0.045993992003239975,0.0015556333372224167
merge_imp_pt32_l1d_ddr4_1x,merge,imp,pt32,l1d,ddr4_1x,0.010348,10347640668.0,37919492.0,31073996.0,1.220298,868812.0,11018157.0,72551.0,205645.0,277970.0,49805.0,1784.0,,,,0.010348,1.0,0.07885275187129753,0.35279729631160495,277970.0,49805.0,1784.0,0.17917401158398388,0.05732540526604144,0.00641795877252941
merge_imp_pt32_l1d_ddr4_2x,merge,imp,pt32,l1d,ddr4_2x,0.010338,10338121530.0,37919517.0,31045410.0,1.221422,864072.0,11016300.0,72578.0,205657.0,270250.0,50094.0,1786.0,,,,0.010338,1.0,0.07843577244628415,0.3529079972964694,270250.0,50094.0,1786.0,0.18536170212765957,0.057974335472043996,0.006608695652173913
merge_imp_pt32_l2_ddr4_1x,merge,imp,pt32,l2,ddr4_1x,0.010657,10656774558.0,37919539.0,32002326.0,1.184901,915009.0,11146230.0,30946.0,201508.0,,,,105059.0,41293.0,149.0,0.010657,1.0,0.08209134388936887,0.15357206661770254,105059.0,41293.0,149.0,0.39304581235305874,0.045128517861572945,0.0014182506972272723
merge_imp_pt32_l2_ddr4_2x,merge,imp,pt32,l2,ddr4_2x,0.010555,10555130637.0,37919539.0,31697089.0,1.196311,911119.0,11144438.0,30339.0,201512.0,,,,102852.0,41906.0,160.0,0.010555,1.0,0.0817554909453487,0.1505567906625908,102852.0,41906.0,160.0,0.4074398164352662,0.045993992003239975,0.0015556333372224167
merge_imp_pt64_l1d_ddr4_1x,merge,imp,pt64,l1d,ddr4_1x,0.010348,10347640668.0,37919492.0,31073996.0,1.220298,868812.0,11018157.0,72551.0,205645.0,277970.0,49805.0,1784.0,,,,0.010348,1.0,0.07885275187129753,0.35279729631160495,277970.0,49805.0,1784.0,0.17917401158398388,0.05732540526604144,0.00641795877252941
merge_imp_pt64_l1d_ddr4_2x,merge,imp,pt64,l1d,ddr4_2x,0.010338,10338121530.0,37919517.0,31045410.0,1.221422,864072.0,11016300.0,72578.0,205657.0,270250.0,50094.0,1786.0,,,,0.010338,1.0,0.07843577244628415,0.3529079972964694,270250.0,50094.0,1786.0,0.18536170212765957,0.057974335472043996,0.006608695652173913
merge_imp_pt64_l2_ddr4_1x,merge,imp,pt64,l2,ddr4_1x,0.010657,10656774558.0,37919539.0,32002326.0,1.184901,915009.0,11146230.0,30946.0,201508.0,,,,105059.0,41293.0,149.0,0.010657,1.0,0.08209134388936887,0.15357206661770254,105059.0,41293.0,149.0,0.39304581235305874,0.045128517861572945,0.0014182506972272723
merge_imp_pt64_l2_ddr4_2x,merge,imp,pt64,l2,ddr4_2x,0.010555,10555130637.0,37919539.0,31697089.0,1.196311,911119.0,11144438.0,30339.0,201512.0,,,,102852.0,41906.0,160.0,0.010555,1.0,0.0817554909453487,0.1505567906625908,102852.0,41906.0,160.0,0.4074398164352662,0.045993992003239975,0.0015556333372224167
merge_imp_pt8_l1d_ddr4_1x,merge,imp,pt8,l1d,ddr4_1x,0.010354,10354243059.0,37919508.0,31093823.0,1.21952,869752.0,11018382.0,72496.0,205531.0,279644.0,49464.0,1702.0,,,,0.010348,0.9994205138110874,0.07893645364627946,0.352725379626431,279644.0,49464.0,1702.0,0.1768820357311439,0.05687138402671106,0.006086309736665189
merge_imp_pt8_l1d_ddr4_2x,merge,imp,pt8,l1d,ddr4_2x,0.010351,10351137834.0,37919489.0,31084498.0,1.219886,863967.0,11016810.0,72493.0,205528.0,272963.0,49846.0,1695.0,,,,0.010338,0.9987440826973238,0.07842261053789618,0.35271593164921566,272963.0,49846.0,1695.0,0.1826108300392361,0.057694333232635044,0.006209632807376824
merge_imp_pt8_l2_ddr4_1x,merge,imp,pt8,l2,ddr4_1x,0.010654,10653998337.0,37919573.0,31993989.0,1.185211,915038.0,11146451.0,30837.0,201493.0,,,,104346.0,41403.0,159.0,0.010657,1.000281584381453,0.08209231799431048,0.15304253745787694,104346.0,41403.0,159.0,0.3967856937496406,0.04524730120497728,0.0015237766660916566
merge_imp_pt8_l2_ddr4_2x,merge,imp,pt8,l2,ddr4_2x,0.010559,10558705725.0,37919536.0,31707825.0,1.195906,910871.0,11144224.0,30578.0,201499.0,,,,103293.0,41676.0,162.0,0.010555,0.9996211762477507,0.08173480719698384,0.1517526141568941,103293.0,41676.0,162.0,0.4034736138944556,0.04575400907483058,0.0015683540995033544
merge_imp_sdist16_l1d_ddr4_1x,merge,imp,sdist16,l1d,ddr4_1x,0.010037,10037417868.0,37919489.0,30142396.0,1.258013,776026.0,10971648.0,73528.0,211815.0,217822.0,74992.0,5608.0,,,,0.010348,1.0309853541894987,0.07073012185589622,0.3471331114415882,217822.0,74992.0,5608.0,0.34428111026434427,0.0966359374557038,0.025745792436025747
merge_imp_sdist16_l1d_ddr4_2x,merge,imp,sdist16,l1d,ddr4_2x,0.009995,9994958703.0,37918834.0,30014891.0,1.263335,767808.0,10970706.0,73495.0,211658.0,213024.0,76012.0,5513.0,,,,0.010338,1.0343171585792896,0.06998710930727703,0.34723468992431183,213024.0,76012.0,5513.0,0.3568236442842121,0.09899870801033592,0.02587971308397176
merge_imp_sdist16_l2_ddr4_1x,merge,imp,sdist16,l2,ddr4_1x,0.010353,10353499137.0,37919539.0,31091589.0,1.219609,865516.0,11117479.0,19246.0,201370.0,,,,99914.0,52918.0,300.0,0.010657,1.0293634695257414,0.07785182234209752,0.09557530913244276,99914.0,52918.0,300.0,0.5296354865184059,0.06114040641651916,0.0030025822207098104
merge_imp_sdist16_l2_ddr4_2x,merge,imp,sdist16,l2,ddr4_2x,0.010224,10223847585.0,37919467.0,30702245.0,1.235073,866082.0,11117254.0,15815.0,201421.0,,,,98998.0,56402.0,298.0,0.010555,1.0323748043818466,0.07790430982327111,0.07851713575049275,98998.0,56402.0,298.0,0.5697286813875028,0.06512316385746385,0.0030101618214509384
merge_imp_sdist2_l1d_ddr4_1x,merge,imp,sdist2,l1d,ddr4_1x,0.010594,10593793602.0,37919489.0,31813194.0,1.191944,913154.0,11058707.0,72319.0,203844.0,283292.0,38802.0,942.0,,,,0.010348,0.9767793090428545,0.08257330626446654,0.3547762014089205,283292.0,38802.0,942.0,0.13696821653982463,0.04249228498150367,0.003325190969035483
merge_imp_sdist2_l1d_ddr4_2x,merge,imp,sdist2,l1d,ddr4_2x,0.010602,10601639082.0,37919539.0,31836754.0,1.191063,910794.0,11056515.0,72324.0,203865.0,284127.0,38678.0,948.0,,,,0.010338,0.9750990379173741,0.0823762279524787,0.35476418217938344,284127.0,38678.0,948.0,0.13612926613802984,0.0424662437389794,0.0033365361264504957
merge_imp_sdist2_l2_ddr4_1x,merge,imp,sdist2,l2,ddr4_1x,0.010846,10846371771.0,37919536.0,32571687.0,1.164188,950903.0,11170780.0,44385.0,201480.0,,,,83098.0,27800.0,79.0,0.010657,0.9825742209109349,0.08512413636290393,0.22029481834425252,83098.0,27800.0,79.0,0.33454475438638714,0.0292353689072387,0.0009506847336879348
merge_imp_sdist2_l2_ddr4_2x,merge,imp,sdist2,l2,ddr4_2x,0.010782,10782208665.0,37919489.0,32379005.0,1.171115,946612.0,11167146.0,44653.0,201481.0,,,,83727.0,27532.0,76.0,0.010555,0.9789463921350399,0.08476758520037259,0.22162387520411353,83727.0,27532.0,76.0,0.3288306042256381,0.029084778135075404,0.0009077119686600499
merge_imp_sdist8_l1d_ddr4_1x,merge,imp,sdist8,l1d,ddr4_1x,0.010159,10159437060.0,37919492.0,30508820.0,1.242904,803007.0,10989127.0,73064.0,208488.0,239282.0,66653.0,3555.0,,,,0.010348,1.0186041933261147,0.07307286556975819,0.350447028126319,239282.0,66653.0,3555.0,0.278554174572262,0.08300425774619648,0.01485694703320768
merge_imp_sdist8_l1d_ddr4_2x,merge,imp,sdist8,l1d,ddr4_2x,0.010136,10135960227.0,37919492.0,30438319.0,1.245783,789419.0,10989085.0,73048.0,208447.0,220973.0,69022.0,3523.0,,,,0.010338,1.019928966061563,0.07183664518019471,0.3504392003722769,220973.0,69022.0,3523.0,0.3123549030877075,0.08743392292306114,0.01594312427310124
merge_imp_sdist8_l2_ddr4_1x,merge,imp,sdist8,l2,ddr4_1x,0.010492,10492157007.0,37919564.0,31507979.0,1.203492,889988.0,11128384.0,22581.0,201519.0,,,,113643.0,49707.0,240.0,0.010657,1.0157262676324819,0.07997459469407238,0.11205395024786745,113643.0,49707.0,240.0,0.4373960560703255,0.055851314849188975,0.002111876666402682
merge_imp_sdist8_l2_ddr4_2x,merge,imp,sdist8,l2,ddr4_2x,0.010384,10383627312.0,37919492.0,31182064.0,1.216069,887571.0,11127357.0,21159.0,201542.0,,,,108292.0,51154.0,227.0,0.010555,1.0164676425269648,0.07976476354627608,0.1049855613222058,108292.0,51154.0,227.0,0.4723709969342149,0.05763369916322187,0.002096184390352011
merge_imp_sthr2_l1d_ddr4_1x,merge,imp,sthr2,l1d,ddr4_1x,0.01034,10339764885.0,37919467.0,31050345.0,1.221227,868228.0,11017889.0,72566.0,205661.0,279785.0,49828.0,1813.0,,,,0.010348,1.0007736943907155,0.0788016651828676,0.35284278497138494,279785.0,49828.0,1813.0,0.17809389352538557,0.057390455041763225,0.006479975695623425
merge_imp_sthr2_l1d_ddr4_2x,merge,imp,sthr2,l1d,ddr4_2x,0.010338,10338286032.0,37919564.0,31045904.0,1.221404,863724.0,11016417.0,72596.0,205648.0,269527.0,50174.0,1816.0,,,,0.010338,1.0,0.07840335019997881,0.3530109702015094,269527.0,50174.0,1816.0,0.1861557469196036,0.058090315887945686,0.006737729429704631
merge_imp_sthr2_l2_ddr4_1x,merge,imp,sthr2,l2,ddr4_1x,0.010657,10656624708.0,37919489.0,32001876.0,1.184916,915001.0,11146048.0,30940.0,201507.0,,,,105069.0,41296.0,158.0,0.010657,1.0,0.08209196658761922,0.15354305309492972,105069.0,41296.0,158.0,0.3930369566665715,0.04513219111235944,0.0015037737106092187
merge_imp_sthr2_l2_ddr4_2x,merge,imp,sthr2,l2,ddr4_2x,0.01056,10559586510.0,37919517.0,31710470.0,1.195806,910935.0,11144246.0,30407.0,201512.0,,,,103187.0,41838.0,168.0,0.010555,0.9995265151515151,0.08174038871719091,0.1508942395490095,103187.0,41838.0,168.0,0.405458051886381,0.045928633766404846,0.0016281120683807068
merge_imp_sthr8_l1d_ddr4_1x,merge,imp,sthr8,l1d,ddr4_1x,0.010348,10347738570.0,37919573.0,31074290.0,1.220289,869457.0,11017964.0,72534.0,205606.0,276805.0,49732.0,1759.0,,,,0.010348,1.0,0.0789126738842131,0.3527815336128323,276805.0,49732.0,1759.0,0.17966438467513232,0.05719891840539555,0.006354653998302054
merge_imp_sthr8_l1d_ddr4_2x,merge,imp,sthr8,l1d,ddr4_2x,0.010338,10338160491.0,37919464.0,31045527.0,1.221416,864362.0,11016357.0,72560.0,205648.0,269808.0,50092.0,1777.0,,,,0.010338,1.0,0.07846169110169542,0.3528359137944449,269808.0,50092.0,1777.0,0.1856579493565795,0.057952570797883296,0.006586164976575936
merge_imp_sthr8_l2_ddr4_1x,merge,imp,sthr8,l2,ddr4_1x,0.010649,10648919421.0,37919517.0,31978737.0,1.185774,915564.0,11144231.0,31104.0,201565.0,,,,105510.0,41137.0,147.0,0.010657,1.0007512442482862,0.08215587060246687,0.1543125046511051,105510.0,41137.0,147.0,0.3898872144820396,0.0449307749103285,0.001393232868922377
merge_imp_sthr8_l2_ddr4_2x,merge,imp,sthr8,l2,ddr4_2x,0.010551,10550911860.0,37919564.0,31684420.0,1.19679,911070.0,11142351.0,30494.0,201568.0,,,,103023.0,41752.0,147.0,0.010555,1.0003791109847409,0.08176640638945946,0.15128393395777107,103023.0,41752.0,147.0,0.4052687264009008,0.04582743367688542,0.0014268658454908128
merge_imp_thr1_l1d_ddr4_1x,merge,imp,thr1,l1d,ddr4_1x,0.010348,10347640668.0,37919492.0,31073996.0,1.220298,868812.0,11018157.0,72551.0,205645.0,277970.0,49805.0,1784.0,,,,0.010348,1.0,0.07885275187129753,0.35279729631160495,277970.0,49805.0,1784.0,0.17917401158398388,0.05732540526604144,0.00641795877252941
merge_imp_thr1_l1d_ddr4_2x,merge,imp,thr1,l1d,ddr4_2x,0.010338,10338121530.0,37919517.0,31045410.0,1.221422,864072.0,11016300.0,72578.0,205657.0,270250.0,50094.0,1786.0,,,,0.010338,1.0,0.07843577244628415,0.3529079972964694,270250.0,50094.0,1786.0,0.18536170212765957,0.057974335472043996,0.006608695652173913
merge_imp_thr1_l2_ddr4_1x,merge,imp,thr1,l2,ddr4_1x,0.010657,10656774558.0,37919539.0,32002326.0,1.184901,915009.0,11146230.0,30946.0,201508.0,,,,105059.0,41293.0,149.0,0.010657,1.0,0.08209134388936887,0.15357206661770254,105059.0,41293.0,149.0,0.39304581235305874,0.045128517861572945,0.0014182506972272723
merge_imp_thr1_l2_ddr4_2x,merge,imp,thr1,l2,ddr4_2x,0.010555,10555130637.0,37919539.0,31697089.0,1.196311,911119.0,11144438.0,30339.0,201512.0,,,,102852.0,41906.0,160.0,0.010555,1.0,0.0817554909453487,0.1505567906625908,102852.0,41906.0,160.0,0.4074398164352662,0.045993992003239975,0.0015556333372224167
merge_imp_thr3_l1d_ddr4_1x,merge,imp,thr3,l1d,ddr4_1x,0.010348,10347640668.0,37919492.0,31073996.0,1.220298,868812.0,11018157.0,72551.0,205645.0,277970.0,49805.0,1784.0,,,,0.010348,1.0,0.07885275187129753,0.35279729631160495,277970.0,49805.0,1784.0,0.17917401158398388,0.05732540526604144,0.00641795877252941
merge_imp_thr3_l1d_ddr4_2x,merge,imp,thr3,l1d,ddr4_2x,0.010338,10338121530.0,37919517.0,31045410.0,1.221422,864072.0,11016300.0,72578.0,205657.0,270250.0,50094.0,1786.0,,,,0.010338,1.0,0.07843577244628415,0.3529079972964694,270250.0,50094.0,1786.0,0.18536170212765957,0.057974335472043996,0.006608695652173913
merge_imp_thr3_l2_ddr4_1x,merge,imp,thr3,l2,ddr4_1x,0.010657,10656774558.0,37919539.0,32002326.0,1.184901,915009.0,11146230.0,30946.0,201508.0,,,,105059.0,41293.0,149.0,0.010657,1.0,0.08209134388936887,0.15357206661770254,105059.0,41293.0,149.0,0.39304581235305874,0.045128517861572945,0.0014182506972272723
merge_imp_thr3_l2_ddr4_2x,merge,imp,thr3,l2,ddr4_2x,0.010555,10555130637.0,37919539.0,31697089.0,1.196311,911119.0,11144438.0,30339.0,201512.0,,,,102852.0,41906.0,160.0,0.010555,1.0,0.0817554909453487,0.1505567906625908,102852.0,41906.0,160.0,0.4074398164352662,0.045993992003239975,0.0015556333372224167
merge_imp_thr4_l1d_ddr4_1x,merge,imp,thr4,l1d,ddr4_1x,0.010348,10347640668.0,37919492.0,31073996.0,1.220298,868812.0,11018157.0,72551.0,205645.0,277970.0,49805.0,1784.0,,,,0.010348,1.0,0.07885275187129753,0.35279729631160495,277970.0,49805.0,1784.0,0.17917401158398388,0.05732540526604144,0.00641795877252941
merge_imp_thr4_l1d_ddr4_2x,merge,imp,thr4,l1d,ddr4_2x,0.010338,10338121530.0,37919517.0,31045410.0,1.221422,864072.0,11016300.0,72578.0,205657.0,270250.0,50094.0,1786.0,,,,0.010338,1.0,0.07843577244628415,0.3529079972964694,270250.0,50094.0,1786.0,0.18536170212765957,0.057974335472043996,0.006608695652173913
merge_imp_thr4_l2_ddr4_1x,merge,imp,thr4,l2,ddr4_1x,0.010657,10656774558.0,37919539.0,32002326.0,1.184901,915009.0,11146230.0,30946.0,201508.0,,,,105059.0,41293.0,149.0,0.010657,1.0,0.08209134388936887,0.15357206661770254,105059.0,41293.0,149.0,0.39304581235305874,0.045128517861572945,0.0014182506972272723
merge_imp_thr4_l2_ddr4_2x,merge,imp,thr4,l2,ddr4_2x,0.010555,10555130637.0,37919539.0,31697089.0,1.196311,911119.0,11144438.0,30339.0,201512.0,,,,102852.0,41906.0,160.0,0.010555,1.0,0.0817554909453487,0.1505567906625908,102852.0,41906.0,160.0,0.4074398164352662,0.045993992003239975,0.0015556333372224167
quick_imp_addrlen16_l1d_ddr4_1x,quick,imp,addrlen16,l1d,ddr4_1x,0.008793,8793151380.0,24424718.0,26405860.0,0.925381,118676.0,9196508.0,28510.0,83811.0,180571.0,54939.0,492.0,,,,0.008793,1.0,0.012904463302810153,0.3401701447304053,180571.0,54939.0,492.0,0.30425151325517386,0.4629326906872493,0.0027246900111313555
quick_imp_addrlen16_l1d_ddr4_2x,quick,imp,addrlen16,l1d,ddr4_2x,0.008745,8744824422.0,24424718.0,26260734.0,0.930495,116518.0,9195236.0,28508.0,83822.0,178412.0,54981.0,504.0,,,,0.008745,1.0,0.012671561665192715,0.3401016439598196,178412.0,54981.0,504.0,0.3081687330448625,0.4718670076726343,0.002824922090442347
quick_imp_addrlen16_l2_ddr4_1x,quick,imp,addrlen16,l2,ddr4_1x,0.00905,9049646628.0,24424718.0,27176116.0,0.899153,257535.0,9238310.0,9310.0,82822.0,,,,30844.0,19182.0,29.0,0.00905,1.0,0.027876851935040067,0.11240974620269976,30844.0,19182.0,29.0,0.621903773829594,0.07448307996971286,0.0009402152768771884
quick_imp_addrlen16_l2_ddr4_2x,quick,imp,addrlen16,l2,ddr4_2x,0.008962,8961787908.0,24424723.0,26912276.0,0.907968,256971.0,9237977.0,9317.0,82825.0,,,,30841.0,19180.0,27.0,0.008962,1.0,0.027816804480028472,0.11249019015997586,30841.0,19180.0,27.0,0.6218994196037742,0.07463877246848866,0.0008754579942284621
quick_imp_addrlen2_l1d_ddr4_1x,quick,imp,addrlen2,l1d,ddr4_1x,0.008793,8793151380.0,24424718.0,26405860.0,0.925381,118676.0,9196508.0,28510.0,83811.0,180571.0,54939.0,492.0,,,,0.008793,1.0,0.012904463302810153,0.3401701447304053,180571.0,54939.0,492.0,0.30425151325517386,0.4629326906872493,0.0027246900111313555
quick_imp_addrlen2_l1d_ddr4_2x,quick,imp,addrlen2,l1d,ddr4_2x,0.008745,8744824422.0,24424718.0,26260734.0,0.930495,116518.0,9195236.0,28508.0,83822.0,178412.0,54981.0,504.0,,,,0.008745,1.0,0.012671561665192715,0.3401016439598196,178412.0,54981.0,504.0,0.3081687330448625,0.4718670076726343,0.002824922090442347
quick_imp_addrlen2_l2_ddr4_1x,quick,imp,addrlen2,l2,ddr4_1x,0.00905,9049646628.0,24424718.0,27176116.0,0.899153,257535.0,9238310.0,9310.0,82822.0,,,,30844.0,19182.0,29.0,0.00905,1.0,0.027876851935040067,0.11240974620269976,30844.0,19182.0,29.0,0.621903773829594,0.07448307996971286,0.0009402152768771884
quick_imp_addrlen2_l2_ddr4_2x,quick,imp,addrlen2,l2,ddr4_2x,0.008962,8961787908.0,24424723.0,26912276.0,0.907968,256971.0,9237977.0,9317.0,82825.0,,,,30841.0,19180.0,27.0,0.008962,1.0,0.027816804480028472,0.11249019015997586,30841.0,19180.0,27.0,0.6218994196037742,0.07463877246848866,0.0008754579942284621
quick_imp_addrlen8_l1d_ddr4_1x,quick,imp,addrlen8,l1d,ddr4_1x,0.008793,8793151380.0,24424718.0,26405860.0,0.925381,118676.0,9196508.0,28510.0,83811.0,180571.0,54939.0,492.0,,,,0.008793,1.0,0.012904463302810153,0.3401701447304053,180571.0,54939.0,492.0,0.30425151325517386,0.4629326906872493,0.0027246900111313555
quick_imp_addrlen8_l1d_ddr4_2x,quick,imp,addrlen8,l1d,ddr4_2x,0.008745,8744824422.0,24424718.0,26260734.0,0.930495,116518.0,9195236.0,28508.0,83822.0,178412.0,54981.0,504.0,,,,0.008745,1.0,0.012671561665192715,0.3401016439598196,178412.0,54981.0,504.0,0.3081687330448625,0.4718670076726343,0.002824922090442347
quick_imp_addrlen8_l2_ddr4_1x,quick,imp,addrlen8,l2,ddr4_1x,0.00905,9049646628.0,24424718.0,27176116.0,0.899153,257535.0,9238310.0,9310.0,82822.0,,,,30844.0,19182.0,29.0,0.00905,1.0,0.027876851935040067,0.11240974620269976,30844.0,19182.0,29.0,0.621903773829594,0.07448307996971286,0.0009402152768771884
quick_imp_addrlen8_l2_ddr4_2x,quick,imp,addrlen8,l2,ddr4_2x,0.008962,8961787908.0,24424723.0,26912276.0,0.907968,256971.0,9237977.0,9317.0,82825.0,,,,30841.0,19180.0,27.0,0.008962,1.0,0.027816804480028472,0.11249019015997586,30841.0,19180.0,27.0,0.6218994196037742,0.07463877246848866,0.0008754579942284621
quick_imp_default_l1d_ddr4_1x,quick,imp,default,l1d,ddr4_1x,0.008793,8793151380.0,24424718.0,26405860.0,0.925381,118676.0,9196508.0,28510.0,83811.0,180571.0,54939.0,492.0,,,,0.008793,1.0,0.012904463302810153,0.3401701447304053,180571.0,54939.0,492.0,0.30425151325517386,0.4629326906872493,0.0027246900111313555
quick_imp_default_l1d_ddr4_2x,quick,imp,default,l1d,ddr4_2x,0.008745,8744824422.0,24424718.0,26260734.0,0.930495,116518.0,9195236.0,28508.0,83822.0,178412.0,54981.0,504.0,,,,0.008745,1.0,0.012671561665192715,0.3401016439598196,178412.0,54981.0,504.0,0.3081687330448625,0.4718670076726343,0.002824922090442347
quick_imp_default_l2_ddr4_1x,quick,imp,default,l2,ddr4_1x,0.00905,9049646628.0,24424718.0,27176116.0,0.899153,257535.0,9238310.0,9310.0,82822.0,,,,30844.0,19182.0,29.0,0.00905,1.0,0.027876851935040067,0.11240974620269976,30844.0,19182.0,29.0,0.621903773829594,0.07448307996971286,0.0009402152768771884
quick_imp_default_l2_ddr4_2x,quick,imp,default,l2,ddr4_2x,0.008962,8961787908.0,24424723.0,26912276.0,0.907968,256971.0,9237977.0,9317.0,82825.0,,,,30841.0,19180.0,27.0,0.008962,1.0,0.027816804480028472,0.11249019015997586,30841.0,19180.0,27.0,0.6218994196037742,0.07463877246848866,0.0008754579942284621
quick_imp_dist32_l1d_ddr4_1x,quick,imp,dist32,l1d,ddr4_1x,0.008793,8793151380.0,24424718.0,26405860.0,0.925381,118676.0,9196508.0,28510.0,83811.0,180571.0,54939.0,492.0,,,,0.008793,1.0,0.012904463302810153,0.3401701447304053,180571.0,54939.0,492.0,0.30425151325517386,0.4629326906872493,0.0027246900111313555
quick_imp_dist32_l1d_ddr4_2x,quick,imp,dist32,l1d,ddr4_2x,0.008745,8744824422.0,24424718.0,26260734.0,0.930495,116518.0,9195236.0,28508.0,83822.0,178412.0,54981.0,504.0,,,,0.008745,1.0,0.012671561665192715,0.3401016439598196,178412.0,54981.0,504.0,0.3081687330448625,0.4718670076726343,0.002824922090442347
quick_imp_dist32_l2_ddr4_1x,quick,imp,dist32,l2,ddr4_1x,0.00905,9049646628.0,24424718.0,27176116.0,0.899153,257535.0,9238310.0,9310.0,82822.0,,,,30844.0,19182.0,29.0,0.00905,1.0,0.027876851935040067,0.11240974620269976,30844.0,19182.0,29.0,0.621903773829594,0.07448307996971286,0.0009402152768771884
quick_imp_dist32_l2_ddr4_2x,quick,imp,dist32,l2,ddr4_2x,0.008962,8961787908.0,24424723.0,26912276.0,0.907968,256971.0,9237977.0,9317.0,82825.0,,,,30841.0,19180.0,27.0,0.008962,1.0,0.027816804480028472,0.11249019015997586,30841.0,19180.0,27.0,0.6218994196037742,0.07463877246848866,0.0008754579942284621
quick_imp_dist4_l1d_ddr4_1x,quick,imp,dist4,l1d,ddr4_1x,0.008793,8793151380.0,24424718.0,26405860.0,0.925381,118676.0,9196508.0,28510.0,83811.0,180571.0,54939.0,492.0,,,,0.008793,1.0,0.012904463302810153,0.3401701447304053,180571.0,54939.0,492.0,0.30425151325517386,0.4629326906872493,0.0027246900111313555
quick_imp_dist4_l1d_ddr4_2x,quick,imp,dist4,l1d,ddr4_2x,0.008745,8744824422.0,24424718.0,26260734.0,0.930495,116518.0,9195236.0,28508.0,83822.0,178412.0,54981.0,504.0,,,,0.008745,1.0,0.012671561665192715,0.3401016439598196,178412.0,54981.0,504.0,0.3081687330448625,0.4718670076726343,0.002824922090442347
quick_imp_dist4_l2_ddr4_1x,quick,imp,dist4,l2,ddr4_1x,0.00905,9049646628.0,24424718.0,27176116.0,0.899153,257535.0,9238310.0,9310.0,82822.0,,,,30844.0,19182.0,29.0,0.00905,1.0,0.027876851935040067,0.11240974620269976,30844.0,19182.0,29.0,0.621903773829594,0.07448307996971286,0.0009402152768771884
quick_imp_dist4_l2_ddr4_2x,quick,imp,dist4,l2,ddr4_2x,0.008962,8961787908.0,24424723.0,26912276.0,0.907968,256971.0,9237977.0,9317.0,82825.0,,,,30841.0,19180.0,27.0,0.008962,1.0,0.027816804480028472,0.11249019015997586,30841.0,19180.0,27.0,0.6218994196037742,0.07463877246848866,0.0008754579942284621
quick_imp_dist64_l1d_ddr4_1x,quick,imp,dist64,l1d,ddr4_1x,0.008793,8793151380.0,24424718.0,26405860.0,0.925381,118676.0,9196508.0,28510.0,83811.0,180571.0,54939.0,492.0,,,,0.008793,1.0,0.012904463302810153,0.3401701447304053,180571.0,54939.0,492.0,0.30425151325517386,0.4629326906872493,0.0027246900111313555
quick_imp_dist64_l1d_ddr4_2x,quick,imp,dist64,l1d,ddr4_2x,0.008745,8744824422.0,24424718.0,26260734.0,0.930495,116518.0,9195236.0,28508.0,83822.0,178412.0,54981.0,504.0,,,,0.008745,1.0,0.012671561665192715,0.3401016439598196,178412.0,54981.0,504.0,0.3081687330448625,0.4718670076726343,0.002824922090442347
quick_imp_dist64_l2_ddr4_1x,quick,imp,dist64,l2,ddr4_1x,0.00905,9049646628.0,24424718.0,27176116.0,0.899153,257535.0,9238310.0,9310.0,82822.0,,,,30844.0,19182.0,29.0,0.00905,1.0,0.027876851935040067,0.11240974620269976,30844.0,19182.0,29.0,0.621903773829594,0.07448307996971286,0.0009402152768771884
quick_imp_dist64_l2_ddr4_2x,quick,imp,dist64,l2,ddr4_2x,0.008962,8961787908.0,24424723.0,26912276.0,0.907968,256971.0,9237977.0,9317.0,82825.0,,,,30841.0,19180.0,27.0,0.008962,1.0,0.027816804480028472,0.11249019015997586,30841.0,19180.0,27.0,0.6218994196037742,0.07463877246848866,0.0008754579942284621
quick_imp_dist8_l1d_ddr4_1x,quick,imp,dist8,l1d,ddr4_1x,0.008793,8793151380.0,24424718.0,26405860.0,0.925381,118676.0,9196508.0,28510.0,83811.0,180571.0,54939.0,492.0,,,,0.008793,1.0,0.012904463302810153,0.3401701447304053,180571.0,54939.0,492.0,0.30425151325517386,0.4629326906872493,0.0027246900111313555
quick_imp_dist8_l1d_ddr4_2x,quick,imp,dist8,l1d,ddr4_2x,0.008745,8744824422.0,24424718.0,26260734.0,0.930495,116518.0,9195236.0,28508.0,83822.0,178412.0,54981.0,504.0,,,,0.008745,1.0,0.012671561665192715,0.3401016439598196,178412.0,54981.0,504.0,0.3081687330448625,0.4718670076726343,0.002824922090442347
quick_imp_dist8_l2_ddr4_1x,quick,imp,dist8,l2,ddr4_1x,0.00905,9049646628.0,24424718.0,27176116.0,0.899153,257535.0,9238310.0,9310.0,82822.0,,,,30844.0,19182.0,29.0,0.00905,1.0,0.027876851935040067,0.11240974620269976,30844.0,19182.0,29.0,0.621903773829594,0.07448307996971286,0.0009402152768771884
quick_imp_dist8_l2_ddr4_2x,quick,imp,dist8,l2,ddr4_2x,0.008962,8961787908.0,24424723.0,26912276.0,0.907968,256971.0,9237977.0,9317.0,82825.0,,,,30841.0,19180.0,27.0,0.008962,1.0,0.027816804480028472,0.11249019015997586,30841.0,19180.0,27.0,0.6218994196037742,0.07463877246848866,0.0008754579942284621
quick_imp_ipd16_l1d_ddr4_1x,quick,imp,ipd16,l1d,ddr4_1x,0.008793,8793151380.0,24424718.0,26405860.0,0.925381,118676.0,9196508.0,28510.0,83811.0,180571.0,54939.0,492.0,,,,0.008793,1.0,0.012904463302810153,0.3401701447304053,180571.0,54939.0,492.0,0.30425151325517386,0.4629326906872493,0.0027246900111313555
quick_imp_ipd16_l1d_ddr4_2x,quick,imp,ipd16,l1d,ddr4_2x,0.008745,8744824422.0,24424718.0,26260734.0,0.930495,116518.0,9195236.0,28508.0,83822.0,178412.0,54981.0,504.0,,,,0.008745,1.0,0.012671561665192715,0.3401016439598196,178412.0,54981.0,504.0,0.3081687330448625,0.4718670076726343,0.002824922090442347
quick_imp_ipd16_l2_ddr4_1x,quick,imp,ipd16,l2,ddr4_1x,0.00905,9049646628.0,24424718.0,27176116.0,0.899153,257535.0,9238310.0,9310.0,82822.0,,,,30844.0,19182.0,29.0,0.00905,1.0,0.027876851935040067,0.11240974620269976,30844.0,19182.0,29.0,0.621903773829594,0.07448307996971286,0.0009402152768771884
quick_imp_ipd16_l2_ddr4_2x,quick,imp,ipd16,l2,ddr4_2x,0.008962,8961787908.0,24424723.0,26912276.0,0.907968,256971.0,9237977.0,9317.0,82825.0,,,,30841.0,19180.0,27.0,0.008962,1.0,0.027816804480028472,0.11249019015997586,30841.0,19180.0,27.0,0.6218994196037742,0.07463877246848866,0.0008754579942284621
quick_imp_ipd2_l1d_ddr4_1x,quick,imp,ipd2,l1d,ddr4_1x,0.008793,8793151380.0,24424718.0,26405860.0,0.925381,118676.0,9196508.0,28510.0,83811.0,180571.0,54939.0,492.0,,,,0.008793,1.0,0.012904463302810153,0.3401701447304053,180571.0,54939.0,492.0,0.30425151325517386,0.4629326906872493,0.0027246900111313555
quick_imp_ipd2_l1d_ddr4_2x,quick,imp,ipd2,l1d,ddr4_2x,0.008745,8744824422.0,24424718.0,26260734.0,0.930495,116518.0,9195236.0,28508.0,83822.0,178412.0,54981.0,504.0,,,,0.008745,1.0,0.012671561665192715,0.3401016439598196,178412.0,54981.0,504.0,0.3081687330448625,0.4718670076726343,0.002824922090442347
quick_imp_ipd2_l2_ddr4_1x,quick,imp,ipd2,l2,ddr4_1x,0.00905,9049646628.0,24424718.0,27176116.0,0.899153,257535.0,9238310.0,9310.0,82822.0,,,,30844.0,19182.0,29.0,0.00905,1.0,0.027876851935040067,0.11240974620269976,30844.0,19182.0,29.0,0.621903773829594,0.07448307996971286,0.0009402152768771884
quick_imp_ipd2_l2_ddr4_2x,quick,imp,ipd2,l2,ddr4_2x,0.008962,8961787908.0,24424723.0,26912276.0,0.907968,256971.0,9237977.0,9317.0,82825.0,,,,30841.0,19180.0,27.0,0.008962,1.0,0.027816804480028472,0.11249019015997586,30841.0,19180.0,27.0,0.6218994196037742,0.07463877246848866,0.0008754579942284621
quick_imp_ipd8_l1d_ddr4_1x,quick,imp,ipd8,l1d,ddr4_1x,0.008793,8793151380.0,24424718.0,26405860.0,0.925381,118676.0,9196508.0,28510.0,83811.0,180571.0,54939.0,492.0,,,,0.008793,1.0,0.012904463302810153,0.3401701447304053,180571.0,54939.0,492.0,0.30425151325517386,0.4629326906872493,0.0027246900111313555
quick_imp_ipd8_l1d_ddr4_2x,quick,imp,ipd8,l1d,ddr4_2x,0.008745,8744824422.0,24424718.0,26260734.0,0.930495,116518.0,9195236.0,28508.0,83822.0,178412.0,54981.0,504.0,,,,0.008745,1.0,0.012671561665192715,0.3401016439598196,178412.0,54981.0,504.0,0.3081687330448625,0.4718670076726343,0.002824922090442347
quick_imp_ipd8_l2_ddr4_1x,quick,imp,ipd8,l2,ddr4_1x,0.00905,9049646628.0,24424718.0,27176116.0,0.899153,257535.0,9238310.0,9310.0,82822.0,,,,30844.0,19182.0,29.0,0.00905,1.0,0.027876851935040067,0.11240974620269976,30844.0,19182.0,29.0,0.621903773829594,0.07448307996971286,0.0009402152768771884
quick_imp_ipd8_l2_ddr4_2x,quick,imp,ipd8,l2,ddr4_2x,0.008962,8961787908.0,24424723.0,26912276.0,0.907968,256971.0,9237977.0,9317.0,82825.0,,,,30841.0,19180.0,27.0,0.008962,1.0,0.027816804480028472,0.11249019015997586,30841.0,19180.0,27.0,0.6218994196037742,0.07463877246848866,0.0008754579942284621
quick_imp_pt32_l1d_ddr4_1x,quick,imp,pt32,l1d,ddr4_1x,0.008793,8793151380.0,24424718.0,26405860.0,0.925381,118676.0,9196508.0,28510.0,83811.0,180571.0,54939.0,492.0,,,,0.008793,1.0,0.012904463302810153,0.3401701447304053,180571.0,54939.0,492.0,0.30425151325517386,0.4629326906872493,0.0027246900111313555
quick_imp_pt32_l1d_ddr4_2x,quick,imp,pt32,l1d,ddr4_2x,0.008745,8744824422.0,24424718.0,26260734.0,0.930495,116518.0,9195236.0,28508.0,83822.0,178412.0,54981.0,504.0,,,,0.008745,1.0,0.012671561665192715,0.3401016439598196,178412.0,54981.0,504.0,0.3081687330448625,0.4718670076726343,0.002824922090442347
quick_imp_pt32_l2_ddr4_1x,quick,imp,pt32,l2,ddr4_1x,0.00905,9049646628.0,24424718.0,27176116.0,0.899153,257535.0,9238310.0,9310.0,82822.0,,,,30844.0,19182.0,29.0,0.00905,1.0,0.027876851935040067,0.11240974620269976,30844.0,19182.0,29.0,0.621903773829594,0.07448307996971286,0.0009402152768771884
quick_imp_pt32_l2_ddr4_2x,quick,imp,pt32,l2,ddr4_2x,0.008962,8961787908.0,24424723.0,26912276.0,0.907968,256971.0,9237977.0,9317.0,82825.0,,,,30841.0,19180.0,27.0,0.008962,1.0,0.027816804480028472,0.11249019015997586,30841.0,19180.0,27.0,0.6218994196037742,0.07463877246848866,0.0008754579942284621
quick_imp_pt64_l1d_ddr4_1x,quick,imp,pt64,l1d,ddr4_1x,0.008793,8793151380.0,24424718.0,26405860.0,0.925381,118676.0,9196508.0,28510.0,83811.0,180571.0,54939.0,492.0,,,,0.008793,1.0,0.012904463302810153,0.3401701447304053,180571.0,54939.0,492.0,0.30425151325517386,0.4629326906872493,0.0027246900111313555
quick_imp_pt64_l1d_ddr4_2x,quick,imp,pt64,l1d,ddr4_2x,0.008745,8744824422.0,24424718.0,26260734.0,0.930495,116518.0,9195236.0,28508.0,83822.0,178412.0,54981.0,504.0,,,,0.008745,1.0,0.012671561665192715,0.3401016439598196,178412.0,54981.0,504.0,0.3081687330448625,0.4718670076726343,0.002824922090442347
quick_imp_pt64_l2_ddr4_1x,quick,imp,pt64,l2,ddr4_1x,0.00905,9049646628.0,24424718.0,27176116.0,0.899153,257535.0,9238310.0,9310.0,82822.0,,,,30844.0,19182.0,29.0,0.00905,1.0,0.027876851935040067,0.11240974620269976,30844.0,19182.0,29.0,0.621903773829594,0.07448307996971286,0.0009402152768771884
quick_imp_pt64_l2_ddr4_2x,quick,imp,pt64,l2,ddr4_2x,0.008962,8961787908.0,24424723.0,26912276.0,0.907968,256971.0,9237977.0,9317.0,82825.0,,,,30841.0,19180.0,27.0,0.008962,1.0,0.027816804480028472,0.11249019015997586,30841.0,19180.0,27.0,0.6218994196037742,0.07463877246848866,0.0008754579942284621
quick_imp_pt8_l1d_ddr4_1x,quick,imp,pt8,l1d,ddr4_1x,0.008794,8793556308.0,24424732.0,26407076.0,0.925339,118573.0,9196392.0,28507.0,83791.0,180232.0,54881.0,479.0,,,,0.008793,0.999886286104162,0.012893426030556331,0.3402155362747789,180232.0,54881.0,479.0,0.3045019752319233,0.4628456731296332,0.002657685649607173
quick_imp_pt8_l1d_ddr4_2x,quick,imp,pt8,l1d,ddr4_2x,0.008746,8745765480.0,24424723.0,26263560.0,0.930395,116446.0,9195180.0,28507.0,83794.0,178076.0,54926.0,483.0,,,,0.008745,0.9998856620169219,0.012663808647574055,0.34020335584886746,178076.0,54926.0,483.0,0.3084413396527325,0.4716864469367776,0.0027123250746872124
quick_imp_pt8_l2_ddr4_1x,quick,imp,pt8,l2,ddr4_1x,0.009053,9053384220.0,24424723.0,27187340.0,0.898782,257332.0,9238034.0,9317.0,82828.0,,,,30837.0,19181.0,23.0,0.00905,0.999668618137634,0.027855710424967043,0.11248611580624909,30837.0,19181.0,23.0,0.6220125174303597,0.07453795097383924,0.0007458572494081785
quick_imp_pt8_l2_ddr4_2x,quick,imp,pt8,l2,ddr4_2x,0.008961,8961118245.0,24424718.0,26910265.0,0.908036,256985.0,9237780.0,9318.0,82822.0,,,,30848.0,19176.0,21.0,0.008962,1.0001115946880927,0.02781891320208968,0.11250633889546256,30848.0,19176.0,21.0,0.6216286307053942,0.07461914119501138,0.0006807572614107883
quick_imp_sdist16_l1d_ddr4_1x,quick,imp,sdist16,l1d,ddr4_1x,0.008497,8497387440.0,24424723.0,25517680.0,0.95759,59414.0,9167049.0,28515.0,85137.0,165998.0,70140.0,1297.0,,,,0.008793,1.0348358244086149,0.006481256945392132,0.3349307586595722,165998.0,70140.0,1297.0,0.4225352112676056,1.1805298414515097,0.007813347148760828
quick_imp_sdist16_l1d_ddr4_2x,quick,imp,sdist16,l1d,ddr4_2x,0.008459,8459326872.0,24424732.0,25403384.0,0.961899,57720.0,9165808.0,28531.0,85108.0,162834.0,70256.0,1252.0,,,,0.008745,1.0338101430429127,0.006297317159600114,0.33523288057526907,162834.0,70256.0,1252.0,0.4314578036527998,1.2171864171864173,0.007688811918886719
quick_imp_sdist16_l2_ddr4_1x,quick,imp,sdist16,l2,ddr4_1x,0.008812,8812392453.0,24424718.0,26463641.0,0.92336,242742.0,9227157.0,3981.0,82820.0,,,,30092.0,24510.0,32.0,0.00905,1.0270086246028143,0.026307344721673207,0.04806809949287612,30092.0,24510.0,32.0,0.8145021932739599,0.10097140173517562,0.0010634055562940316
quick_imp_sdist16_l2_ddr4_2x,quick,imp,sdist16,l2,ddr4_2x,0.008729,8729331930.0,24424723.0,26214210.0,0.932146,240499.0,9225301.0,4006.0,82824.0,,,,30347.0,24489.0,32.0,0.008962,1.0266926337495703,0.026069501688887983,0.048367622911233456,30347.0,24489.0,32.0,0.8069660922002175,0.10182578721741047,0.0010544699640821168
quick_imp_sdist2_l1d_ddr4_1x,quick,imp,sdist2,l1d,ddr4_1x,0.009046,9046025253.0,24424718.0,27165241.0,0.899513,181405.0,9225311.0,28490.0,83110.0,208952.0,40162.0,136.0,,,,0.008793,0.9720318372761442,0.019663835723261795,0.3427987005173866,208952.0,40162.0,136.0,0.192206822619549,0.22139411813345827,0.0006508671848079942
quick_imp_sdist2_l1d_ddr4_2x,quick,imp,sdist2,l1d,ddr4_2x,0.008995,8995483179.0,24424723.0,27013463.0,0.904567,177906.0,9222982.0,28497.0,83115.0,205423.0,40526.0,135.0,,,,0.008745,0.9722067815453029,0.019289422878630794,0.34286229922396677,205423.0,40526.0,135.0,0.19728073292669274,0.227794453250593,0.0006571805494029393
quick_imp_sdist2_l2_ddr4_1x,quick,imp,sdist2,l2,ddr4_1x,0.009232,9231851907.0,24424723.0,27723279.0,0.881407,271279.0,9249036.0,14310.0,82823.0,,,,27119.0,14180.0,8.0,0.00905,0.9802859618717504,0.029330516174874872,0.1727780930417879,27119.0,14180.0,8.0,0.5228806371916369,0.05227090928527457,0.0002949961281758177
quick_imp_sdist2_l2_ddr4_2x,quick,imp,sdist2,l2,ddr4_2x,0.009136,9135820701.0,24424723.0,27434897.0,0.890672,271726.0,9249176.0,14153.0,82826.0,,,,26714.0,14340.0,9.0,0.008962,0.980954465849387,0.029378400843491356,0.1708762948832492,26714.0,14340.0,9.0,0.536797184996631,0.05277375002760133,0.00033690199895186043
quick_imp_sdist8_l1d_ddr4_1x,quick,imp,sdist8,l1d,ddr4_1x,0.008624,8623867500.0,24424718.0,25897500.0,0.943546,84984.0,9179207.0,28533.0,84779.0,170791.0,63733.0,1042.0,,,,0.008793,1.019596474953618,0.009258316105084024,0.3365574021868623,170791.0,63733.0,1042.0,0.37316369129520877,0.7499411653958392,0.0061010240586447766
quick_imp_sdist8_l1d_ddr4_2x,quick,imp,sdist8,l1d,ddr4_2x,0.008586,8586397341.0,24424718.0,25784977.0,0.947663,84081.0,9178669.0,28533.0,84734.0,169490.0,63656.0,1001.0,,,,0.008745,1.0185185185185184,0.009160478496392016,0.3367361389760899,169490.0,63656.0,1001.0,0.3755737801640215,0.7570794828796041,0.005905953153578382
quick_imp_sdist8_l2_ddr4_1x,quick,imp,sdist8,l2,ddr4_1x,0.008941,8940925458.0,24424723.0,26849626.0,0.910086,250014.0,9232908.0,6238.0,82824.0,,,,32132.0,22266.0,45.0,0.00905,1.0121910300861203,0.027078575893965368,0.0753163334299237,32132.0,22266.0,45.0,0.6929540644840035,0.08905901269528907,0.001400473048674219
quick_imp_sdist8_l2_ddr4_2x,quick,imp,sdist8,l2,ddr4_2x,0.008854,8853907563.0,24424739.0,26588311.0,0.919032,247788.0,9231125.0,6239.0,82823.0,,,,32106.0,22265.0,43.0,0.008962,1.0121978766659137,0.02684266543893621,0.07532931673568936,32106.0,22265.0,43.0,0.6934840839718432,0.08985503737065556,0.0013393135239519094
quick_imp_sthr2_l1d_ddr4_1x,quick,imp,sthr2,l1d,ddr4_1x,0.008789,8788750452.0,24424723.0,26392644.0,0.925844,118084.0,9196464.0,28521.0,83806.0,180088.0,54981.0,520.0,,,,0.008793,1.0004551143474798,0.012840152475995122,0.3403216953440088,180088.0,54981.0,520.0,0.3053007418595353,0.4656092273296975,0.002887477233352583
quick_imp_sthr2_l1d_ddr4_2x,quick,imp,sthr2,l1d,ddr4_2x,0.008746,8746016562.0,24424723.0,26264314.0,0.930368,116212.0,9195527.0,28524.0,83807.0,178374.0,54988.0,525.0,,,,0.008745,0.9998856620169219,0.012637883614500833,0.340353431097641,178374.0,54988.0,525.0,0.3082736273223676,0.4731697242969745,0.002943254061690605
quick_imp_sthr2_l2_ddr4_1x,quick,imp,sthr2,l2,ddr4_1x,0.009052,9051500772.0,24424718.0,27181684.0,0.898968,257092.0,9237977.0,9315.0,82819.0,,,,30918.0,19176.0,46.0,0.00905,0.9997790543526294,0.027829902585815053,0.11247419070503145,30918.0,19176.0,46.0,0.6202212303512517,0.0745880851990727,0.0014878064557862735
quick_imp_sthr2_l2_ddr4_2x,quick,imp,sthr2,l2,ddr4_2x,0.008959,8958689010.0,24424723.0,26902970.0,0.908282,256435.0,9237221.0,9324.0,82824.0,,,,30955.0,19173.0,45.0,0.008962,1.0003348588012055,0.027761054975300473,0.11257606490872211,30955.0,19173.0,45.0,0.6193829752867065,0.07476748493770351,0.0014537231465029882
quick_imp_sthr8_l1d_ddr4_1x,quick,imp,sthr8,l1d,ddr4_1x,0.008792,8792317881.0,24424718.0,26403357.0,0.925469,118328.0,9195673.0,28495.0,83781.0,179866.0,54876.0,470.0,,,,0.008793,1.0001137397634214,0.012867791188312156,0.3401129134290591,179866.0,54876.0,470.0,0.3050937920451892,0.46376174700831585,0.0026130563864210023
quick_imp_sthr8_l1d_ddr4_2x,quick,imp,sthr8,l1d,ddr4_2x,0.008748,8747838738.0,24424723.0,26269786.0,0.930174,116397.0,9195279.0,28501.0,83789.0,177830.0,54885.0,469.0,,,,0.008745,0.9996570644718792,0.012658343482563172,0.3401520485982647,177830.0,54885.0,469.0,0.30863746274531856,0.47153277146318207,0.002637350278355733
quick_imp_sthr8_l2_ddr4_1x,quick,imp,sthr8,l2,ddr4_1x,0.009052,9051798474.0,24424723.0,27182578.0,0.898939,257036.0,9237776.0,9329.0,82825.0,,,,30807.0,19167.0,26.0,0.00905,0.9997790543526294,0.02782444605714622,0.11263507395110173,30807.0,19167.0,26.0,0.6221637939429351,0.07456932102896092,0.0008439640341480832
quick_imp_sthr8_l2_ddr4_2x,quick,imp,sthr8,l2,ddr4_2x,0.00896,8959641057.0,24424723.0,26905829.0,0.908185,256552.0,9237475.0,9340.0,82826.0,,,,30858.0,19158.0,26.0,0.008962,1.0002232142857144,0.02777295743696194,0.11276652258952503,30858.0,19158.0,26.0,0.620843865448182,0.07467491970438742,0.0008425691878929289
quick_imp_thr1_l1d_ddr4_1x,quick,imp,thr1,l1d,ddr4_1x,0.008793,8793151380.0,24424718.0,26405860.0,0.925381,118676.0,9196508.0,28510.0,83811.0,180571.0,54939.0,492.0,,,,0.008793,1.0,0.012904463302810153,0.3401701447304053,180571.0,54939.0,492.0,0.30425151325517386,0.4629326906872493,0.0027246900111313555
quick_imp_thr1_l1d_ddr4_2x,quick,imp,thr1,l1d,ddr4_2x,0.008745,8744824422.0,24424718.0,26260734.0,0.930495,116518.0,9195236.0,28508.0,83822.0,178412.0,54981.0,504.0,,,,0.008745,1.0,0.012671561665192715,0.3401016439598196,178412.0,54981.0,504.0,0.3081687330448625,0.4718670076726343,0.002824922090442347
quick_imp_thr1_l2_ddr4_1x,quick,imp,thr1,l2,ddr4_1x,0.00905,9049646628.0,24424718.0,27176116.0,0.899153,257535.0,9238310.0,9310.0,82822.0,,,,30844.0,19182.0,29.0,0.00905,1.0,0.027876851935040067,0.11240974620269976,30844.0,19182.0,29.0,0.621903773829594,0.07448307996971286,0.0009402152768771884
quick_imp_thr1_l2_ddr4_2x,quick,imp,thr1,l2,ddr4_2x,0.008962,8961787908.0,24424723.0,26912276.0,0.907968,256971.0,9237977.0,9317.0,82825.0,,,,30841.0,19180.0,27.0,0.008962,1.0,0.027816804480028472,0.11249019015997586,30841.0,19180.0,27.0,0.6218994196037742,0.07463877246848866,0.0008754579942284621
quick_imp_thr3_l1d_ddr4_1x,quick,imp,thr3,l1d,ddr4_1x,0.008793,8793151380.0,24424718.0,26405860.0,0.925381,118676.0,9196508.0,28510.0,83811.0,180571.0,54939.0,492.0,,,,0.008793,1.0,0.012904463302810153,0.3401701447304053,180571.0,54939.0,492.0,0.30425151325517386,0.4629326906872493,0.0027246900111313555
quick_imp_thr3_l1d_ddr4_2x,quick,imp,thr3,l1d,ddr4_2x,0.008745,8744824422.0,24424718.0,26260734.0,0.930495,116518.0,9195236.0,28508.0,83822.0,178412.0,54981.0,504.0,,,,0.008745,1.0,0.012671561665192715,0.3401016439598196,178412.0,54981.0,504.0,0.3081687330448625,0.4718670076726343,0.002824922090442347
quick_imp_thr3_l2_ddr4_1x,quick,imp,thr3,l2,ddr4_1x,0.00905,9049646628.0,24424718.0,27176116.0,0.899153,257535.0,9238310.0,9310.0,82822.0,,,,30844.0,19182.0,29.0,0.00905,1.0,0.027876851935040067,0.11240974620269976,30844.0,19182.0,29.0,0.621903773829594,0.07448307996971286,0.0009402152768771884
quick_imp_thr3_l2_ddr4_2x,quick,imp,thr3,l2,ddr4_2x,0.008962,8961787908.0,24424723.0,26912276.0,0.907968,256971.0,9237977.0,9317.0,82825.0,,,,30841.0,19180.0,27.0,0.008962,1.0,0.027816804480028472,0.11249019015997586,30841.0,19180.0,27.0,0.6218994196037742,0.07463877246848866,0.0008754579942284621
quick_imp_thr4_l1d_ddr4_1x,quick,imp,thr4,l1d,ddr4_1x,0.008793,8793151380.0,24424718.0,26405860.0,0.925381,118676.0,9196508.0,28510.0,83811.0,180571.0,54939.0,492.0,,,,0.008793,1.0,0.012904463302810153,0.3401701447304053,180571.0,54939.0,492.0,0.30425151325517386,0.4629326906872493,0.0027246900111313555
quick_imp_thr4_l1d_ddr4_2x,quick,imp,thr4,l1d,ddr4_2x,0.008745,8744824422.0,24424718.0,26260734.0,0.930495,116518.0,9195236.0,28508.0,83822.0,178412.0,54981.0,504.0,,,,0.008745,1.0,0.012671561665192715,0.3401016439598196,178412.0,54981.0,504.0,0.3081687330448625,0.4718670076726343,0.002824922090442347
quick_imp_thr4_l2_ddr4_1x,quick,imp,thr4,l2,ddr4_1x,0.00905,9049646628.0,24424718.0,27176116.0,0.899153,257535.0,9238310.0,9310.0,82822.0,,,,30844.0,19182.0,29.0,0.00905,1.0,0.027876851935040067,0.11240974620269976,30844.0,19182.0,29.0,0.621903773829594,0.07448307996971286,0.0009402152768771884
quick_imp_thr4_l2_ddr4_2x,quick,imp,thr4,l2,ddr4_2x,0.008962,8961787908.0,24424723.0,26912276.0,0.907968,256971.0,9237977.0,9317.0,82825.0,,,,30841.0,19180.0,27.0,0.008962,1.0,0.027816804480028472,0.11249019015997586,30841.0,19180.0,27.0,0.6218994196037742,0.07463877246848866,0.0008754579942284621
simple_triad_imp_addrlen16_l1d_ddr4_1x,simple_triad,imp,addrlen16,l1d,ddr4_1x,0.00279,2790028845.0,3509962.0,8378466.0,0.418929,1984803.0,2003757.0,375369.0,375379.0,1684969.0,1639.0,,,,,0.00279,1.0,0.9905407691651233,0.9999733602572334,1684969.0,1639.0,0.0,0.0009727181924415227,0.0008257746486679031,0.0
simple_triad_imp_addrlen16_l1d_ddr4_2x,simple_triad,imp,addrlen16,l1d,ddr4_2x,0.002258,2258448291.0,3510110.0,6782127.0,0.517556,1853440.0,2003827.0,375371.0,375381.0,1264971.0,30551.0,,,,,0.002258,1.0,0.9249501079684025,0.9999733603991677,1264971.0,30551.0,0.0,0.02415154181400206,0.016483403832872928,0.0
simple_triad_imp_addrlen16_l2_ddr4_1x,simple_triad,imp,addrlen16,l2,ddr4_1x,0.002935,2934652077.0,3509969.0,8812770.0,0.398284,1883835.0,2003757.0,197167.0,375053.0,,,,640534.0,177876.0,16.0,0.002935,1.0,0.9401514255471097,0.5257043671161142,640534.0,177876.0,16.0,0.2776995444426057,0.09442228220624417,2.4979158015031208e-05
simple_triad_imp_addrlen16_l2_ddr4_2x,simple_triad,imp,addrlen16,l2,ddr4_2x,0.002264,2263657743.0,3510112.0,6797771.0,0.516365,1884743.0,2003834.0,176440.0,374975.0,,,,599360.0,198525.0,48.0,0.002264,1.0,0.9405684303190783,0.47053803586905796,599360.0,198525.0,48.0,0.33122831019754406,0.10533266339230335,8.00854244527496e-05
simple_triad_imp_addrlen2_l1d_ddr4_1x,simple_triad,imp,addrlen2,l1d,ddr4_1x,0.00279,2790028845.0,3509962.0,8378466.0,0.418929,1984803.0,2003756.0,375369.0,375379.0,1684969.0,1639.0,,,,,0.00279,1.0,0.9905412635071336,0.9999733602572334,1684969.0,1639.0,0.0,0.0009727181924415227,0.0008257746486679031,0.0
simple_triad_imp_addrlen2_l1d_ddr4_2x,simple_triad,imp,addrlen2,l1d,ddr4_2x,0.002258,2258448291.0,3510110.0,6782127.0,0.517556,1853440.0,2003827.0,375371.0,375381.0,1264971.0,30551.0,,,,,0.002258,1.0,0.9249501079684025,0.9999733603991677,1264971.0,30551.0,0.0,0.02415154181400206,0.016483403832872928,0.0
simple_triad_imp_addrlen2_l2_ddr4_1x,simple_triad,imp,addrlen2,l2,ddr4_1x,0.002935,2934652077.0,3509969.0,8812770.0,0.398284,1883835.0,2003756.0,197167.0,375053.0,,,,640534.0,177876.0,16.0,0.002935,1.0,0.9401518947416752,0.5257043671161142,640534.0,177876.0,16.0,0.2776995444426057,0.09442228220624417,2.4979158015031208e-05
simple_triad_imp_addrlen2_l2_ddr4_2x,simple_triad,imp,addrlen2,l2,ddr4_2x,0.002264,2263657743.0,3510112.0,6797771.0,0.516365,1884743.0,2003834.0,176440.0,374975.0,,,,599360.0,198525.0,48.0,0.002264,1.0,0.9405684303190783,0.47053803586905796,599360.0,198525.0,48.0,0.33122831019754406,0.10533266339230335,8.00854244527496e-05
simple_triad_imp_addrlen8_l1d_ddr4_1x,simple_triad,imp,addrlen8,l1d,ddr4_1x,0.00279,2790028845.0,3509962.0,8378466.0,0.418929,1984803.0,2003756.0,375369.0,375379.0,1684969.0,1639.0,,,,,0.00279,1.0,0.9905412635071336,0.9999733602572334,1684969.0,1639.0,0.0,0.0009727181924415227,0.0008257746486679031,0.0
simple_triad_imp_addrlen8_l1d_ddr4_2x,simple_triad,imp,addrlen8,l1d,ddr4_2x,0.002258,2258448291.0,3510110.0,6782127.0,0.517556,1853440.0,2003827.0,375371.0,375381.0,1264971.0,30551.0,,,,,0.002258,1.0,0.9249501079684025,0.9999733603991677,1264971.0,30551.0,0.0,0.02415154181400206,0.016483403832872928,0.0
simple_triad_imp_addrlen8_l2_ddr4_1x,simple_triad,imp,addrlen8,l2,ddr4_1x,0.002935,2934652077.0,3509969.0,8812770.0,0.398284,1883835.0,2003756.0,197167.0,375053.0,,,,640534.0,177876.0,16.0,0.002935,1.0,0.9401518947416752,0.5257043671161142,640534.0,177876.0,16.0,0.2776995444426057,0.09442228220624417,2.4979158015031208e-05
simple_triad_imp_addrlen8_l2_ddr4_2x,simple_triad,imp,addrlen8,l2,ddr4_2x,0.002264,2263657743.0,3510112.0,6797771.0,0.516365,1884743.0,2003834.0,176440.0,374975.0,,,,599360.0,198525.0,48.0,0.002264,1.0,0.9405684303190783,0.47053803586905796,599360.0,198525.0,48.0,0.33122831019754406,0.10533266339230335,8.00854244527496e-05
simple_triad_imp_default_l1d_ddr4_1x,simple_triad,imp,default,l1d,ddr4_1x,0.00279,2790028845.0,3509962.0,8378466.0,0.418929,1984803.0,2003756.0,375369.0,375379.0,1684969.0,1639.0,,,,,0.00279,1.0,0.9905412635071336,0.9999733602572334,1684969.0,1639.0,0.0,0.0009727181924415227,0.0008257746486679031,0.0
simple_triad_imp_default_l1d_ddr4_2x,simple_triad,imp,default,l1d,ddr4_2x,0.002258,2258448291.0,3510110.0,6782127.0,0.517556,1853440.0,2003827.0,375371.0,375381.0,1264971.0,30551.0,,,,,0.002258,1.0,0.9249501079684025,0.9999733603991677,1264971.0,30551.0,0.0,0.02415154181400206,0.016483403832872928,0.0
simple_triad_imp_default_l2_ddr4_1x,simple_triad,imp,default,l2,ddr4_1x,0.002935,2934652077.0,3509969.0,8812770.0,0.398284,1883835.0,2003757.0,197167.0,375053.0,,,,640534.0,177876.0,16.0,0.002935,1.0,0.9401514255471097,0.5257043671161142,640534.0,177876.0,16.0,0.2776995444426057,0.09442228220624417,2.4979158015031208e-05
simple_triad_imp_default_l2_ddr4_2x,simple_triad,imp,default,l2,ddr4_2x,0.002264,2263657743.0,3510112.0,6797771.0,0.516365,1884743.0,2003834.0,176440.0,374975.0,,,,599360.0,198525.0,48.0,0.002264,1.0,0.9405684303190783,0.47053803586905796,599360.0,198525.0,48.0,0.33122831019754406,0.10533266339230335,8.00854244527496e-05
simple_triad_imp_dist32_l1d_ddr4_1x,simple_triad,imp,dist32,l1d,ddr4_1x,0.00279,2790028845.0,3509962.0,8378466.0,0.418929,1984803.0,2003757.0,375369.0,375379.0,1684969.0,1639.0,,,,,0.00279,1.0,0.9905407691651233,0.9999733602572334,1684969.0,1639.0,0.0,0.0009727181924415227,0.0008257746486679031,0.0
simple_triad_imp_dist32_l1d_ddr4_2x,simple_triad,imp,dist32,l1d,ddr4_2x,0.002258,2258448291.0,3510110.0,6782127.0,0.517556,1853440.0,2003827.0,375371.0,375381.0,1264971.0,30551.0,,,,,0.002258,1.0,0.9249501079684025,0.9999733603991677,1264971.0,30551.0,0.0,0.02415154181400206,0.016483403832872928,0.0
simple_triad_imp_dist32_l2_ddr4_1x,simple_triad,imp,dist32,l2,ddr4_1x,0.002935,2934652077.0,3509969.0,8812770.0,0.398284,1883835.0,2003756.0,197167.0,375053.0,,,,640534.0,177876.0,16.0,0.002935,1.0,0.9401518947416752,0.5257043671161142,640534.0,177876.0,16.0,0.2776995444426057,0.09442228220624417,2.4979158015031208e-05
simple_triad_imp_dist32_l2_ddr4_2x,simple_triad,imp,dist32,l2,ddr4_2x,0.002264,2263657743.0,3510112.0,6797771.0,0.516365,1884743.0,2003834.0,176440.0,374975.0,,,,599360.0,198525.0,48.0,0.002264,1.0,0.9405684303190783,0.47053803586905796,599360.0,198525.0,48.0,0.33122831019754406,0.10533266339230335,8.00854244527496e-05
simple_triad_imp_dist4_l1d_ddr4_1x,simple_triad,imp,dist4,l1d,ddr4_1x,0.00279,2790028845.0,3509962.0,8378466.0,0.418929,1984803.0,2003756.0,375369.0,375379.0,1684969.0,1639.0,,,,,0.00279,1.0,0.9905412635071336,0.9999733602572334,1684969.0,1639.0,0.0,0.0009727181924415227,0.0008257746486679031,0.0
simple_triad_imp_dist4_l1d_ddr4_2x,simple_triad,imp,dist4,l1d,ddr4_2x,0.002258,2258448291.0,3510110.0,6782127.0,0.517556,1853440.0,2003827.0,375371.0,375381.0,1264971.0,30551.0,,,,,0.002258,1.0,0.9249501079684025,0.9999733603991677,1264971.0,30551.0,0.0,0.02415154181400206,0.016483403832872928,0.0
simple_triad_imp_dist4_l2_ddr4_1x,simple_triad,imp,dist4,l2,ddr4_1x,0.002935,2934652077.0,3509969.0,8812770.0,0.398284,1883835.0,2003757.0,197167.0,375053.0,,,,640534.0,177876.0,16.0,0.002935,1.0,0.9401514255471097,0.5257043671161142,640534.0,177876.0,16.0,0.2776995444426057,0.09442228220624417,2.4979158015031208e-05
simple_triad_imp_dist4_l2_ddr4_2x,simple_triad,imp,dist4,l2,ddr4_2x,0.002264,2263657743.0,3510112.0,6797771.0,0.516365,1884743.0,2003834.0,176440.0,374975.0,,,,599360.0,198525.0,48.0,0.002264,1.0,0.9405684303190783,0.47053803586905796,599360.0,198525.0,48.0,0.33122831019754406,0.10533266339230335,8.00854244527496e-05
simple_triad_imp_dist64_l1d_ddr4_1x,simple_triad,imp,dist64,l1d,ddr4_1x,0.00279,2790028845.0,3509962.0,8378466.0,0.418929,1984803.0,2003756.0,375369.0,375379.0,1684969.0,1639.0,,,,,0.00279,1.0,0.9905412635071336,0.9999733602572334,1684969.0,1639.0,0.0,0.0009727181924415227,0.0008257746486679031,0.0
simple_triad_imp_dist64_l1d_ddr4_2x,simple_triad,imp,dist64,l1d,ddr4_2x,0.002258,2258448291.0,3510110.0,6782127.0,0.517556,1853440.0,2003827.0,375371.0,375381.0,1264971.0,30551.0,,,,,0.002258,1.0,0.9249501079684025,0.9999733603991677,1264971.0,30551.0,0.0,0.02415154181400206,0.016483403832872928,0.0
simple_triad_imp_dist64_l2_ddr4_1x,simple_triad,imp,dist64,l2,ddr4_1x,0.002935,2934652077.0,3509969.0,8812770.0,0.398284,1883835.0,2003756.0,197167.0,375053.0,,,,640534.0,177876.0,16.0,0.002935,1.0,0.9401518947416752,0.5257043671161142,640534.0,177876.0,16.0,0.2776995444426057,0.09442228220624417,2.4979158015031208e-05
simple_triad_imp_dist64_l2_ddr4_2x,simple_triad,imp,dist64,l2,ddr4_2x,0.002264,2263657743.0,3510112.0,6797771.0,0.516365,1884743.0,2003834.0,176440.0,374975.0,,,,599360.0,198525.0,48.0,0.002264,1.0,0.9405684303190783,0.47053803586905796,599360.0,198525.0,48.0,0.33122831019754406,0.10533266339230335,8.00854244527496e-05
simple_triad_imp_dist8_l1d_ddr4_1x,simple_triad,imp,dist8,l1d,ddr4_1x,0.00279,2790028845.0,3509962.0,8378466.0,0.418929,1984803.0,2003756.0,375369.0,375379.0,1684969.0,1639.0,,,,,0.00279,1.0,0.9905412635071336,0.9999733602572334,1684969.0,1639.0,0.0,0.0009727181924415227,0.0008257746486679031,0.0
simple_triad_imp_dist8_l1d_ddr4_2x,simple_triad,imp,dist8,l1d,ddr4_2x,0.002258,2258448291.0,3510110.0,6782127.0,0.517556,1853440.0,2003827.0,375371.0,375381.0,1264971.0,30551.0,,,,,0.002258,1.0,0.9249501079684025,0.9999733603991677,1264971.0,30551.0,0.0,0.02415154181400206,0.016483403832872928,0.0
simple_triad_imp_dist8_l2_ddr4_1x,simple_triad,imp,dist8,l2,ddr4_1x,0.002935,2934652077.0,3509969.0,8812770.0,0.398284,1883835.0,2003757.0,197167.0,375053.0,,,,640534.0,177876.0,16.0,0.002935,1.0,0.9401514255471097,0.5257043671161142,640534.0,177876.0,16.0,0.2776995444426057,0.09442228220624417,2.4979158015031208e-05
simple_triad_imp_dist8_l2_ddr4_2x,simple_triad,imp,dist8,l2,ddr4_2x,0.002264,2263657743.0,3510112.0,6797771.0,0.516365,1884743.0,2003834.0,176440.0,374975.0,,,,599360.0,198525.0,48.0,0.002264,1.0,0.9405684303190783,0.47053803586905796,599360.0,198525.0,48.0,0.33122831019754406,0.10533266339230335,8.00854244527496e-05
simple_triad_imp_ipd16_l1d_ddr4_1x,simple_triad,imp,ipd16,l1d,ddr4_1x,0.00279,2790028845.0,3509962.0,8378466.0,0.418929,1984803.0,2003757.0,375369.0,375379.0,1684969.0,1639.0,,,,,0.00279,1.0,0.9905407691651233,0.9999733602572334,1684969.0,1639.0,0.0,0.0009727181924415227,0.0008257746486679031,0.0
simple_triad_imp_ipd16_l1d_ddr4_2x,simple_triad,imp,ipd16,l1d,ddr4_2x,0.002258,2258448291.0,3510110.0,6782127.0,0.517556,1853440.0,2003827.0,375371.0,375381.0,1264971.0,30551.0,,,,,0.002258,1.0,0.9249501079684025,0.9999733603991677,1264971.0,30551.0,0.0,0.02415154181400206,0.016483403832872928,0.0
simple_triad_imp_ipd16_l2_ddr4_1x,simple_triad,imp,ipd16,l2,ddr4_1x,0.002935,2934652077.0,3509969.0,8812770.0,0.398284,1883835.0,2003757.0,197167.0,375053.0,,,,640534.0,177876.0,16.0,0.002935,1.0,0.9401514255471097,0.5257043671161142,640534.0,177876.0,16.0,0.2776995444426057,0.09442228220624417,2.4979158015031208e-05
simple_triad_imp_ipd16_l2_ddr4_2x,simple_triad,imp,ipd16,l2,ddr4_2x,0.002264,2263657743.0,3510112.0,6797771.0,0.516365,1884743.0,2003834.0,176440.0,374975.0,,,,599360.0,198525.0,48.0,0.002264,1.0,0.9405684303190783,0.47053803586905796,599360.0,198525.0,48.0,0.33122831019754406,0.10533266339230335,8.00854244527496e-05
simple_triad_imp_ipd2_l1d_ddr4_1x,simple_triad,imp,ipd2,l1d,ddr4_1x,0.00279,2790028845.0,3509962.0,8378466.0,0.418929,1984803.0,2003757.0,375369.0,375379.0,1684969.0,1639.0,,,,,0.00279,1.0,0.9905407691651233,0.9999733602572334,1684969.0,1639.0,0.0,0.0009727181924415227,0.0008257746486679031,0.0
simple_triad_imp_ipd2_l1d_ddr4_2x,simple_triad,imp,ipd2,l1d,ddr4_2x,0.002258,2258448291.0,3510110.0,6782127.0,0.517556,1853440.0,2003827.0,375371.0,375381.0,1264971.0,30551.0,,,,,0.002258,1.0,0.9249501079684025,0.9999733603991677,1264971.0,30551.0,0.0,0.02415154181400206,0.016483403832872928,0.0
simple_triad_imp_ipd2_l2_ddr4_1x,simple_triad,imp,ipd2,l2,ddr4_1x,0.002935,2934652077.0,3509969.0,8812770.0,0.398284,1883835.0,2003757.0,197167.0,375053.0,,,,640534.0,177876.0,16.0,0.002935,1.0,0.9401514255471097,0.5257043671161142,640534.0,177876.0,16.0,0.2776995444426057,0.09442228220624417,2.4979158015031208e-05
simple_triad_imp_ipd2_l2_ddr4_2x,simple_triad,imp,ipd2,l2,ddr4_2x,0.002264,2263657743.0,3510112.0,6797771.0,0.516365,1884743.0,2003834.0,176440.0,374975.0,,,,599360.0,198525.0,48.0,0.002264,1.0,0.9405684303190783,0.47053803586905796,599360.0,198525.0,48.0,0.33122831019754406,0.10533266339230335,8.00854244527496e-05
simple_triad_imp_ipd8_l1d_ddr4_1x,simple_triad,imp,ipd8,l1d,ddr4_1x,0.00279,2790028845.0,3509962.0,8378466.0,0.418929,1984803.0,2003757.0,375369.0,375379.0,1684969.0,1639.0,,,,,0.00279,1.0,0.9905407691651233,0.9999733602572334,1684969.0,1639.0,0.0,0.0009727181924415227,0.0008257746486679031,0.0
simple_triad_imp_ipd8_l1d_ddr4_2x,simple_triad,imp,ipd8,l1d,ddr4_2x,0.002258,2258448291.0,3510110.0,6782127.0,0.517556,1853440.0,2003827.0,375371.0,375381.0,1264971.0,30551.0,,,,,0.002258,1.0,0.9249501079684025,0.9999733603991677,1264971.0,30551.0,0.0,0.02415154181400206,0.016483403832872928,0.0
simple_triad_imp_ipd8_l2_ddr4_1x,simple_triad,imp,ipd8,l2,ddr4_1x,0.002935,2934652077.0,3509969.0,8812770.0,0.398284,1883835.0,2003757.0,197167.0,375053.0,,,,640534.0,177876.0,16.0,0.002935,1.0,0.9401514255471097,0.5257043671161142,640534.0,177876.0,16.0,0.2776995444426057,0.09442228220624417,2.4979158015031208e-05
simple_triad_imp_ipd8_l2_ddr4_2x,simple_triad,imp,ipd8,l2,ddr4_2x,0.002264,2263657743.0,3510112.0,6797771.0,0.516365,1884743.0,2003834.0,176440.0,374975.0,,,,599360.0,198525.0,48.0,0.002264,1.0,0.9405684303190783,0.47053803586905796,599360.0,198525.0,48.0,0.33122831019754406,0.10533266339230335,8.00854244527496e-05
simple_triad_imp_pt32_l1d_ddr4_1x,simple_triad,imp,pt32,l1d,ddr4_1x,0.00279,2790028845.0,3509962.0,8378466.0,0.418929,1984803.0,2003756.0,375369.0,375379.0,1684969.0,1639.0,,,,,0.00279,1.0,0.9905412635071336,0.9999733602572334,1684969.0,1639.0,0.0,0.0009727181924415227,0.0008257746486679031,0.0
simple_triad_imp_pt32_l1d_ddr4_2x,simple_triad,imp,pt32,l1d,ddr4_2x,0.002258,2258448291.0,3510110.0,6782127.0,0.517556,1853440.0,2003827.0,375371.0,375381.0,1264971.0,30551.0,,,,,0.002258,1.0,0.9249501079684025,0.9999733603991677,1264971.0,30551.0,0.0,0.02415154181400206,0.016483403832872928,0.0
simple_triad_imp_pt32_l2_ddr4_1x,simple_triad,imp,pt32,l2,ddr4_1x,0.002935,2934652077.0,3509969.0,8812770.0,0.398284,1883835.0,2003756.0,197167.0,375053.0,,,,640534.0,177876.0,16.0,0.002935,1.0,0.9401518947416752,0.5257043671161142,640534.0,177876.0,16.0,0.2776995444426057,0.09442228220624417,2.4979158015031208e-05
simple_triad_imp_pt32_l2_ddr4_2x,simple_triad,imp,pt32,l2,ddr4_2x,0.002264,2263657743.0,3510112.0,6797771.0,0.516365,1884743.0,2003834.0,176440.0,374975.0,,,,599360.0,198525.0,48.0,0.002264,1.0,0.9405684303190783,0.47053803586905796,599360.0,198525.0,48.0,0.33122831019754406,0.10533266339230335,8.00854244527496e-05
simple_triad_imp_pt64_l1d_ddr4_1x,simple_triad,imp,pt64,l1d,ddr4_1x,0.00279,2790028845.0,3509962.0,8378466.0,0.418929,1984803.0,2003757.0,375369.0,375379.0,1684969.0,1639.0,,,,,0.00279,1.0,0.9905407691651233,0.9999733602572334,1684969.0,1639.0,0.0,0.0009727181924415227,0.0008257746486679031,0.0
simple_triad_imp_pt64_l1d_ddr4_2x,simple_triad,imp,pt64,l1d,ddr4_2x,0.002258,2258448291.0,3510110.0,6782127.0,0.517556,1853440.0,2003827.0,375371.0,375381.0,1264971.0,30551.0,,,,,0.002258,1.0,0.9249501079684025,0.9999733603991677,1264971.0,30551.0,0.0,0.02415154181400206,0.016483403832872928,0.0
simple_triad_imp_pt64_l2_ddr4_1x,simple_triad,imp,pt64,l2,ddr4_1x,0.002935,2934652077.0,3509969.0,8812770.0,0.398284,1883835.0,2003757.0,197167.0,375053.0,,,,640534.0,177876.0,16.0,0.002935,1.0,0.9401514255471097,0.5257043671161142,640534.0,177876.0,16.0,0.2776995444426057,0.09442228220624417,2.4979158015031208e-05
simple_triad_imp_pt64_l2_ddr4_2x,simple_triad,imp,pt64,l2,ddr4_2x,0.002264,2263657743.0,3510112.0,6797771.0,0.516365,1884743.0,2003834.0,176440.0,374975.0,,,,599360.0,198525.0,48.0,0.002264,1.0,0.9405684303190783,0.47053803586905796,599360.0,198525.0,48.0,0.33122831019754406,0.10533266339230335,8.00854244527496e-05
simple_triad_imp_pt8_l1d_ddr4_1x,simple_triad,imp,pt8,l1d,ddr4_1x,0.00279,2790028845.0,3509962.0,8378466.0,0.418929,1984803.0,2003757.0,375369.0,375379.0,1684965.0,1639.0,,,,,0.00279,1.0,0.9905407691651233,0.9999733602572334,1684965.0,1639.0,0.0,0.0009727205016127931,0.0008257746486679031,0.0
simple_triad_imp_pt8_l1d_ddr4_2x,simple_triad,imp,pt8,l1d,ddr4_2x,0.002258,2258448291.0,3510110.0,6782127.0,0.517556,1853440.0,2003827.0,375371.0,375381.0,1264967.0,30551.0,,,,,0.002258,1.0,0.9249501079684025,0.9999733603991677,1264967.0,30551.0,0.0,0.024151618184506,0.016483403832872928,0.0
simple_triad_imp_pt8_l2_ddr4_1x,simple_triad,imp,pt8,l2,ddr4_1x,0.002935,2934652077.0,3509969.0,8812770.0,0.398284,1883835.0,2003756.0,197167.0,375053.0,,,,640534.0,177876.0,16.0,0.002935,1.0,0.9401518947416752,0.5257043671161142,640534.0,177876.0,16.0,0.2776995444426057,0.09442228220624417,2.4979158015031208e-05
simple_triad_imp_pt8_l2_ddr4_2x,simple_triad,imp,pt8,l2,ddr4_2x,0.002264,2263657743.0,3510112.0,6797771.0,0.516365,1884743.0,2003834.0,176440.0,374975.0,,,,599360.0,198525.0,48.0,0.002264,1.0,0.9405684303190783,0.47053803586905796,599360.0,198525.0,48.0,0.33122831019754406,0.10533266339230335,8.00854244527496e-05
simple_triad_imp_sdist16_l1d_ddr4_1x,simple_triad,imp,sdist16,l1d,ddr4_1x,0.002904,2903799627.0,3509911.0,8720120.0,0.402509,1467472.0,2003753.0,375404.0,375414.0,556526.0,127983.0,,,,,0.00279,0.9607438016528925,0.7323617232263657,0.9999733627408675,556526.0,127983.0,0.0,0.2299676924348548,0.0872132483618086,0.0
simple_triad_imp_sdist16_l1d_ddr4_2x,simple_triad,imp,sdist16,l1d,ddr4_2x,0.002125,2125071468.0,3510062.0,6381596.0,0.550032,1385258.0,2003817.0,375408.0,375418.0,596454.0,148523.0,2.0,,,,0.002258,1.0625882352941176,0.6913096355605327,0.9999733630246819,596454.0,148523.0,2.0,0.24900998232889712,0.10721685057945884,3.3531504525076537e-06
simple_triad_imp_sdist16_l2_ddr4_1x,simple_triad,imp,sdist16,l2,ddr4_1x,0.002805,2805171021.0,3509957.0,8423938.0,0.416667,1852685.0,2003765.0,162003.0,372971.0,,,,564472.0,210958.0,680.0,0.002935,1.0463458110516934,0.9246019368538726,0.43435816725697174,564472.0,210958.0,680.0,0.3737262432857609,0.11386609164536875,0.0012046655990022533
simple_triad_imp_sdist16_l2_ddr4_2x,simple_triad,imp,sdist16,l2,ddr4_2x,0.001912,1912195890.0,3510115.0,5742330.0,0.611273,1881594.0,2003826.0,130796.0,373808.0,,,,594390.0,243002.0,770.0,0.002264,1.1841004184100419,0.9390006916768222,0.3499015537388178,594390.0,243002.0,770.0,0.4088258550783156,0.12914688290885282,0.001295445751106176
simple_triad_imp_sdist2_l1d_ddr4_1x,simple_triad,imp,sdist2,l1d,ddr4_1x,0.002797,2797142724.0,3509943.0,8399829.0,0.417861,1997901.0,2003756.0,375364.0,375374.0,1206352.0,1.0,,,,,0.00279,0.9974973185555953,0.997077987539401,0.9999733599023907,1206352.0,1.0,0.0,8.289454487579082e-07,5.005253013037183e-07,0.0
simple_triad_imp_sdist2_l1d_ddr4_2x,simple_triad,imp,sdist2,l1d,ddr4_2x,0.002534,2534297832.0,3509934.0,7610505.0,0.461198,1998638.0,2003760.0,375364.0,375374.0,1189234.0,33.0,,,,,0.002258,0.8910812943962116,0.9974438056453867,0.9999733599023907,1189234.0,33.0,0.0,2.7748954368946734e-05,1.65112441572711e-05,0.0
simple_triad_imp_sdist2_l2_ddr4_1x,simple_triad,imp,sdist2,l2,ddr4_1x,0.002654,2653648695.0,3509929.0,7968916.0,0.440455,1972892.0,2003762.0,356264.0,375375.0,,,,693958.0,19101.0,2.0,0.002935,1.1058779201205726,0.9845939787260164,0.9490882450882451,693958.0,19101.0,2.0,0.027524720516227206,0.00968172611577319,2.8820187965265907e-06
simple_triad_imp_sdist2_l2_ddr4_2x,simple_triad,imp,sdist2,l2,ddr4_2x,0.001983,1983424257.0,3510112.0,5956229.0,0.589321,1974710.0,2003824.0,363246.0,375376.0,,,,708186.0,12120.0,2.0,0.002264,1.1417044881492688,0.9854707798688906,0.967685733770939,708186.0,12120.0,2.0,0.017114147978073556,0.006137610079454705,2.8241168280649435e-06
simple_triad_imp_sdist8_l1d_ddr4_1x,simple_triad,imp,sdist8,l1d,ddr4_1x,0.002806,2805761430.0,3509957.0,8425711.0,0.416579,1739123.0,2003766.0,375382.0,375392.0,921858.0,61292.0,,,,,0.00279,0.9942979330007128,0.8679271930954013,0.9999733611797801,921858.0,61292.0,0.0,0.06648746336203623,0.03524305066404159,0.0
simple_triad_imp_sdist8_l1d_ddr4_2x,simple_triad,imp,sdist8,l1d,ddr4_2x,0.002159,2159256915.0,3510120.0,6484255.0,0.541333,1488481.0,2003829.0,375391.0,375401.0,707847.0,120978.0,1.0,,,,0.002258,1.0458545622973598,0.7428183742225509,0.9999733618184288,707847.0,120978.0,1.0,0.17090981525668683,0.0812761466219589,1.4127346728883502e-06
simple_triad_imp_sdist8_l2_ddr4_1x,simple_triad,imp,sdist8,l2,ddr4_1x,0.002797,2796544656.0,3509939.0,8398033.0,0.41795,1866427.0,2003755.0,169364.0,373940.0,,,,571511.0,204566.0,721.0,0.002935,1.049338577046836,0.9314646750725513,0.4529175803604856,571511.0,204566.0,721.0,0.3579388673183893,0.10960300081385449,0.0012615680188132862
simple_triad_imp_sdist8_l2_ddr4_2x,simple_triad,imp,sdist8,l2,ddr4_2x,0.002071,2071455138.0,3510089.0,6220586.0,0.564273,1874602.0,2003834.0,138066.0,374087.0,,,,598428.0,236011.0,823.0,0.002264,1.0931916948334137,0.9355076318697058,0.36907457356176504,598428.0,236011.0,823.0,0.39438495524942013,0.12589925754906908,0.0013752698737358546
simple_triad_imp_sthr2_l1d_ddr4_1x,simple_triad,imp,sthr2,l1d,ddr4_1x,0.002872,2872090368.0,3509957.0,8624897.0,0.406958,1983463.0,2003752.0,375373.0,375383.0,1690713.0,2098.0,,,,,0.00279,0.9714484679665738,0.9898744954465423,0.9999733605411006,1690713.0,2098.0,0.0,0.0012408965921478097,0.00105774597257423,0.0
simple_triad_imp_sthr2_l1d_ddr4_2x,simple_triad,imp,sthr2,l1d,ddr4_2x,0.002248,2248475940.0,3510083.0,6752180.0,0.519847,1908858.0,2003810.0,375372.0,375382.0,1416683.0,18435.0,,,,,0.002258,1.0044483985765125,0.9526142698160005,0.9999733604701344,1416683.0,18435.0,0.0,0.01301279114664325,0.009657606799458105,0.0
simple_triad_imp_sthr2_l2_ddr4_1x,simple_triad,imp,sthr2,l2,ddr4_1x,0.002921,2920962114.0,3509971.0,8771659.0,0.400151,1883891.0,2003763.0,199500.0,375043.0,,,,645331.0,175533.0,30.0,0.002935,1.0047928791509757,0.9401765578064871,0.5319390043275037,645331.0,175533.0,30.0,0.27200459919018305,0.0931757729083052,4.6487771391735404e-05
simple_triad_imp_sthr2_l2_ddr4_2x,simple_triad,imp,sthr2,l2,ddr4_2x,0.002266,2266205526.0,3510109.0,6805422.0,0.515784,1885448.0,2003842.0,176005.0,374963.0,,,,598059.0,198947.0,55.0,0.002264,0.9991173874669022,0.9409164994046437,0.46939298010737057,598059.0,198947.0,55.0,0.3326544705455482,0.1055170972628256,9.196417075907226e-05
simple_triad_imp_sthr8_l1d_ddr4_1x,simple_triad,imp,sthr8,l1d,ddr4_1x,0.002789,2789406135.0,3509957.0,8376596.0,0.419022,1985839.0,2003764.0,375368.0,375378.0,1690100.0,1428.0,,,,,0.00279,1.0003585514521334,0.991054335740137,0.9999733601862656,1690100.0,1428.0,0.0,0.0008449204189101237,0.000719091527560895,0.0
simple_triad_imp_sthr8_l1d_ddr4_2x,simple_triad,imp,sthr8,l1d,ddr4_2x,0.002269,2268914481.0,3510105.0,6813557.0,0.515167,1881673.0,2003827.0,375372.0,375382.0,1339355.0,24337.0,,,,,0.002258,0.9951520493609519,0.9390396476342519,0.9999733604701344,1339355.0,24337.0,0.0,0.018170686636478008,0.0129337031460833,0.0
simple_triad_imp_sthr8_l2_ddr4_1x,simple_triad,imp,sthr8,l2,ddr4_1x,0.002923,2923384023.0,3509964.0,8778932.0,0.399819,1883163.0,2003765.0,199888.0,375063.0,,,,647313.0,175165.0,16.0,0.002935,1.004105371193979,0.9398123033389644,0.5329451318845101,647313.0,175165.0,16.0,0.2706032475788374,0.09301637723340996,2.4717563219030053e-05
simple_triad_imp_sthr8_l2_ddr4_2x,simple_triad,imp,sthr8,l2,ddr4_2x,0.002271,2271211182.0,3510087.0,6820454.0,0.514644,1885231.0,2003821.0,176310.0,374964.0,,,,599133.0,198644.0,45.0,0.002264,0.9969176574196389,0.9408180670828382,0.47020513969341055,599133.0,198644.0,45.0,0.33155242658975553,0.10536851982595237,7.510853182849217e-05
simple_triad_imp_thr1_l1d_ddr4_1x,simple_triad,imp,thr1,l1d,ddr4_1x,0.00279,2790028845.0,3509962.0,8378466.0,0.418929,1984803.0,2003756.0,375369.0,375379.0,1684969.0,1639.0,,,,,0.00279,1.0,0.9905412635071336,0.9999733602572334,1684969.0,1639.0,0.0,0.0009727181924415227,0.0008257746486679031,0.0
simple_triad_imp_thr1_l1d_ddr4_2x,simple_triad,imp,thr1,l1d,ddr4_2x,0.002258,2258448291.0,3510110.0,6782127.0,0.517556,1853440.0,2003827.0,375371.0,375381.0,1264971.0,30551.0,,,,,0.002258,1.0,0.9249501079684025,0.9999733603991677,1264971.0,30551.0,0.0,0.02415154181400206,0.016483403832872928,0.0
simple_triad_imp_thr1_l2_ddr4_1x,simple_triad,imp,thr1,l2,ddr4_1x,0.002935,2934652077.0,3509969.0,8812770.0,0.398284,1883835.0,2003757.0,197167.0,375053.0,,,,640534.0,177876.0,16.0,0.002935,1.0,0.9401514255471097,0.5257043671161142,640534.0,177876.0,16.0,0.2776995444426057,0.09442228220624417,2.4979158015031208e-05
simple_triad_imp_thr1_l2_ddr4_2x,simple_triad,imp,thr1,l2,ddr4_2x,0.002264,2263657743.0,3510112.0,6797771.0,0.516365,1884743.0,2003834.0,176440.0,374975.0,,,,599360.0,198525.0,48.0,0.002264,1.0,0.9405684303190783,0.47053803586905796,599360.0,198525.0,48.0,0.33122831019754406,0.10533266339230335,8.00854244527496e-05
simple_triad_imp_thr3_l1d_ddr4_1x,simple_triad,imp,thr3,l1d,ddr4_1x,0.00279,2790028845.0,3509962.0,8378466.0,0.418929,1984803.0,2003756.0,375369.0,375379.0,1684969.0,1639.0,,,,,0.00279,1.0,0.9905412635071336,0.9999733602572334,1684969.0,1639.0,0.0,0.0009727181924415227,0.0008257746486679031,0.0
simple_triad_imp_thr3_l1d_ddr4_2x,simple_triad,imp,thr3,l1d,ddr4_2x,0.002258,2258448291.0,3510110.0,6782127.0,0.517556,1853440.0,2003827.0,375371.0,375381.0,1264971.0,30551.0,,,,,0.002258,1.0,0.9249501079684025,0.9999733603991677,1264971.0,30551.0,0.0,0.02415154181400206,0.016483403832872928,0.0
simple_triad_imp_thr3_l2_ddr4_1x,simple_triad,imp,thr3,l2,ddr4_1x,0.002935,2934652077.0,3509969.0,8812770.0,0.398284,1883835.0,2003757.0,197167.0,375053.0,,,,640534.0,177876.0,16.0,0.002935,1.0,0.9401514255471097,0.5257043671161142,640534.0,177876.0,16.0,0.2776995444426057,0.09442228220624417,2.4979158015031208e-05
simple_triad_imp_thr3_l2_ddr4_2x,simple_triad,imp,thr3,l2,ddr4_2x,0.002264,2263657743.0,3510112.0,6797771.0,0.516365,1884743.0,2003834.0,176440.0,374975.0,,,,599360.0,198525.0,48.0,0.002264,1.0,0.9405684303190783,0.47053803586905796,599360.0,198525.0,48.0,0.33122831019754406,0.10533266339230335,8.00854244527496e-05
simple_triad_imp_thr4_l1d_ddr4_1x,simple_triad,imp,thr4,l1d,ddr4_1x,0.00279,2790028845.0,3509962.0,8378466.0,0.418929,1984803.0,2003756.0,375369.0,375379.0,1684969.0,1639.0,,,,,0.00279,1.0,0.9905412635071336,0.9999733602572334,1684969.0,1639.0,0.0,0.0009727181924415227,0.0008257746486679031,0.0
simple_triad_imp_thr4_l1d_ddr4_2x,simple_triad,imp,thr4,l1d,ddr4_2x,0.002258,2258448291.0,3510110.0,6782127.0,0.517556,1853440.0,2003827.0,375371.0,375381.0,1264971.0,30551.0,,,,,0.002258,1.0,0.9249501079684025,0.9999733603991677,1264971.0,30551.0,0.0,0.02415154181400206,0.016483403832872928,0.0
simple_triad_imp_thr4_l2_ddr4_1x,simple_triad,imp,thr4,l2,ddr4_1x,0.002935,2934652077.0,3509969.0,8812770.0,0.398284,1883835.0,2003757.0,197167.0,375053.0,,,,640534.0,177876.0,16.0,0.002935,1.0,0.9401514255471097,0.5257043671161142,640534.0,177876.0,16.0,0.2776995444426057,0.09442228220624417,2.4979158015031208e-05
simple_triad_imp_thr4_l2_ddr4_2x,simple_triad,imp,thr4,l2,ddr4_2x,0.002264,2263657743.0,3510112.0,6797771.0,0.516365,1884743.0,2003834.0,176440.0,374975.0,,,,599360.0,198525.0,48.0,0.002264,1.0,0.9405684303190783,0.47053803586905796,599360.0,198525.0,48.0,0.33122831019754406,0.10533266339230335,8.00854244527496e-05
spmv_imp_addrlen16_l1d_ddr4_1x,spmv,imp,addrlen16,l1d,ddr4_1x,0.006737,6736709880.0,11279576.0,20230360.0,0.558743,2478349.0,4827081.0,600137.0,2941675.0,2273967.0,139823.0,1215352.0,,,,0.006737,1.0,0.5134260228904384,0.20401199996600577,2273967.0,139823.0,1215352.0,0.061488579209812634,0.05641780072136733,0.5344633409367858
spmv_imp_addrlen16_l1d_ddr4_2x,spmv,imp,addrlen16,l1d,ddr4_2x,0.006318,6317934408.0,11279576.0,18972776.0,0.595778,2462403.0,4827165.0,600559.0,2948135.0,2267381.0,140288.0,1221724.0,,,,0.006318,1.0,0.510113700277492,0.20370810698967312,2267381.0,140288.0,1221724.0,0.061872265843279095,0.05697199036875767,0.538826072900849
spmv_imp_addrlen16_l2_ddr4_1x,spmv,imp,addrlen16,l2,ddr4_1x,0.006899,6898882212.0,11279576.0,20717364.0,0.545609,2767669.0,4826959.0,386713.0,1686824.0,,,,300575.0,147910.0,5099.0,0.006899,1.0,0.573377358291214,0.22925509715299283,300575.0,147910.0,5099.0,0.4920901605256591,0.053442084295484756,0.016964152041919655
spmv_imp_addrlen16_l2_ddr4_2x,spmv,imp,addrlen16,l2,ddr4_2x,0.006431,6431063166.0,11279576.0,19312502.0,0.585298,2752820.0,4827293.0,386989.0,1686871.0,,,,301400.0,147794.0,5085.0,0.006431,1.0,0.5702616352477465,0.2294123261351935,301400.0,147794.0,5085.0,0.4903583278035833,0.05368821790018962,0.016871267418712674
spmv_imp_addrlen2_l1d_ddr4_1x,spmv,imp,addrlen2,l1d,ddr4_1x,0.006737,6736709880.0,11279576.0,20230360.0,0.558743,2478349.0,4827081.0,600137.0,2941675.0,2273967.0,139823.0,1215352.0,,,,0.006737,1.0,0.5134260228904384,0.20401199996600577,2273967.0,139823.0,1215352.0,0.061488579209812634,0.05641780072136733,0.5344633409367858
spmv_imp_addrlen2_l1d_ddr4_2x,spmv,imp,addrlen2,l1d,ddr4_2x,0.006318,6317934408.0,11279576.0,18972776.0,0.595778,2462403.0,4827165.0,600559.0,2948135.0,2267381.0,140288.0,1221724.0,,,,0.006318,1.0,0.510113700277492,0.20370810698967312,2267381.0,140288.0,1221724.0,0.061872265843279095,0.05697199036875767,0.538826072900849
spmv_imp_addrlen2_l2_ddr4_1x,spmv,imp,addrlen2,l2,ddr4_1x,0.006899,6898882212.0,11279576.0,20717364.0,0.545609,2767669.0,4826959.0,386713.0,1686824.0,,,,300575.0,147910.0,5099.0,0.006899,1.0,0.573377358291214,0.22925509715299283,300575.0,147910.0,5099.0,0.4920901605256591,0.053442084295484756,0.016964152041919655
spmv_imp_addrlen2_l2_ddr4_2x,spmv,imp,addrlen2,l2,ddr4_2x,0.006431,6431063166.0,11279576.0,19312502.0,0.585298,2752820.0,4827293.0,386989.0,1686871.0,,,,301400.0,147794.0,5085.0,0.006431,1.0,0.5702616352477465,0.2294123261351935,301400.0,147794.0,5085.0,0.4903583278035833,0.05368821790018962,0.016871267418712674
spmv_imp_addrlen8_l1d_ddr4_1x,spmv,imp,addrlen8,l1d,ddr4_1x,0.006737,6736709880.0,11279576.0,20230360.0,0.558743,2478349.0,4827081.0,600137.0,2941675.0,2273967.0,139823.0,1215352.0,,,,0.006737,1.0,0.5134260228904384,0.20401199996600577,2273967.0,139823.0,1215352.0,0.061488579209812634,0.05641780072136733,0.5344633409367858
spmv_imp_addrlen8_l1d_ddr4_2x,spmv,imp,addrlen8,l1d,ddr4_2x,0.006318,6317934408.0,11279576.0,18972776.0,0.595778,2462403.0,4827165.0,600559.0,2948135.0,2267381.0,140288.0,1221724.0,,,,0.006318,1.0,0.510113700277492,0.20370810698967312,2267381.0,140288.0,1221724.0,0.061872265843279095,0.05697199036875767,0.538826072900849
spmv_imp_addrlen8_l2_ddr4_1x,spmv,imp,addrlen8,l2,ddr4_1x,0.006899,6898882212.0,11279576.0,20717364.0,0.545609,2767669.0,4826959.0,386713.0,1686824.0,,,,300575.0,147910.0,5099.0,0.006899,1.0,0.573377358291214,0.22925509715299283,300575.0,147910.0,5099.0,0.4920901605256591,0.053442084295484756,0.016964152041919655
spmv_imp_addrlen8_l2_ddr4_2x,spmv,imp,addrlen8,l2,ddr4_2x,0.006431,6431063166.0,11279576.0,19312502.0,0.585298,2752820.0,4827293.0,386989.0,1686871.0,,,,301400.0,147794.0,5085.0,0.006431,1.0,0.5702616352477465,0.2294123261351935,301400.0,147794.0,5085.0,0.4903583278035833,0.05368821790018962,0.016871267418712674
spmv_imp_default_l1d_ddr4_1x,spmv,imp,default,l1d,ddr4_1x,0.006737,6736709880.0,11279576.0,20230360.0,0.558743,2478349.0,4827081.0,600137.0,2941675.0,2273967.0,139823.0,1215352.0,,,,0.006737,1.0,0.5134260228904384,0.20401199996600577,2273967.0,139823.0,1215352.0,0.061488579209812634,0.05641780072136733,0.5344633409367858
spmv_imp_default_l1d_ddr4_2x,spmv,imp,default,l1d,ddr4_2x,0.006318,6317934408.0,11279576.0,18972776.0,0.595778,2462403.0,4827165.0,600559.0,2948135.0,2267381.0,140288.0,1221724.0,,,,0.006318,1.0,0.510113700277492,0.20370810698967312,2267381.0,140288.0,1221724.0,0.061872265843279095,0.05697199036875767,0.538826072900849
spmv_imp_default_l2_ddr4_1x,spmv,imp,default,l2,ddr4_1x,0.006899,6898882212.0,11279576.0,20717364.0,0.545609,2767669.0,4826959.0,386713.0,1686824.0,,,,300575.0,147910.0,5099.0,0.006899,1.0,0.573377358291214,0.22925509715299283,300575.0,147910.0,5099.0,0.4920901605256591,0.053442084295484756,0.016964152041919655
spmv_imp_default_l2_ddr4_2x,spmv,imp,default,l2,ddr4_2x,0.006431,6431063166.0,11279576.0,19312502.0,0.585298,2752820.0,4827293.0,386989.0,1686871.0,,,,301400.0,147794.0,5085.0,0.006431,1.0,0.5702616352477465,0.2294123261351935,301400.0,147794.0,5085.0,0.4903583278035833,0.05368821790018962,0.016871267418712674
spmv_imp_dist32_l1d_ddr4_1x,spmv,imp,dist32,l1d,ddr4_1x,0.006737,6736709880.0,11279576.0,20230360.0,0.558743,2478349.0,4827081.0,600137.0,2941675.0,2273967.0,139823.0,1215352.0,,,,0.006737,1.0,0.5134260228904384,0.20401199996600577,2273967.0,139823.0,1215352.0,0.061488579209812634,0.05641780072136733,0.5344633409367858
spmv_imp_dist32_l1d_ddr4_2x,spmv,imp,dist32,l1d,ddr4_2x,0.006318,6317934408.0,11279576.0,18972776.0,0.595778,2462403.0,4827165.0,600559.0,2948135.0,2267381.0,140288.0,1221724.0,,,,0.006318,1.0,0.510113700277492,0.20370810698967312,2267381.0,140288.0,1221724.0,0.061872265843279095,0.05697199036875767,0.538826072900849
spmv_imp_dist32_l2_ddr4_1x,spmv,imp,dist32,l2,ddr4_1x,0.006899,6898882212.0,11279576.0,20717364.0,0.545609,2767669.0,4826959.0,386713.0,1686824.0,,,,300575.0,147910.0,5099.0,0.006899,1.0,0.573377358291214,0.22925509715299283,300575.0,147910.0,5099.0,0.4920901605256591,0.053442084295484756,0.016964152041919655
spmv_imp_dist32_l2_ddr4_2x,spmv,imp,dist32,l2,ddr4_2x,0.006431,6431063166.0,11279576.0,19312502.0,0.585298,2752820.0,4827293.0,386989.0,1686871.0,,,,301400.0,147794.0,5085.0,0.006431,1.0,0.5702616352477465,0.2294123261351935,301400.0,147794.0,5085.0,0.4903583278035833,0.05368821790018962,0.016871267418712674
spmv_imp_dist4_l1d_ddr4_1x,spmv,imp,dist4,l1d,ddr4_1x,0.006737,6736709880.0,11279576.0,20230360.0,0.558743,2478349.0,4827081.0,600137.0,2941675.0,2273967.0,139823.0,1215352.0,,,,0.006737,1.0,0.5134260228904384,0.20401199996600577,2273967.0,139823.0,1215352.0,0.061488579209812634,0.05641780072136733,0.5344633409367858
spmv_imp_dist4_l1d_ddr4_2x,spmv,imp,dist4,l1d,ddr4_2x,0.006318,6317934408.0,11279576.0,18972776.0,0.595778,2462403.0,4827165.0,600559.0,2948135.0,2267381.0,140288.0,1221724.0,,,,0.006318,1.0,0.510113700277492,0.20370810698967312,2267381.0,140288.0,1221724.0,0.061872265843279095,0.05697199036875767,0.538826072900849
spmv_imp_dist4_l2_ddr4_1x,spmv,imp,dist4,l2,ddr4_1x,0.006899,6898882212.0,11279576.0,20717364.0,0.545609,2767669.0,4826959.0,386713.0,1686824.0,,,,300575.0,147910.0,5099.0,0.006899,1.0,0.573377358291214,0.22925509715299283,300575.0,147910.0,5099.0,0.4920901605256591,0.053442084295484756,0.016964152041919655
spmv_imp_dist4_l2_ddr4_2x,spmv,imp,dist4,l2,ddr4_2x,0.006431,6431063166.0,11279576.0,19312502.0,0.585298,2752820.0,4827293.0,386989.0,1686871.0,,,,301400.0,147794.0,5085.0,0.006431,1.0,0.5702616352477465,0.2294123261351935,301400.0,147794.0,5085.0,0.4903583278035833,0.05368821790018962,0.016871267418712674
spmv_imp_dist64_l1d_ddr4_1x,spmv,imp,dist64,l1d,ddr4_1x,0.006737,6736709880.0,11279576.0,20230360.0,0.558743,2478349.0,4827081.0,600137.0,2941675.0,2273967.0,139823.0,1215352.0,,,,0.006737,1.0,0.5134260228904384,0.20401199996600577,2273967.0,139823.0,1215352.0,0.061488579209812634,0.05641780072136733,0.5344633409367858
spmv_imp_dist64_l1d_ddr4_2x,spmv,imp,dist64,l1d,ddr4_2x,0.006318,6317934408.0,11279576.0,18972776.0,0.595778,2462403.0,4827165.0,600559.0,2948135.0,2267381.0,140288.0,1221724.0,,,,0.006318,1.0,0.510113700277492,0.20370810698967312,2267381.0,140288.0,1221724.0,0.061872265843279095,0.05697199036875767,0.538826072900849
spmv_imp_dist64_l2_ddr4_1x,spmv,imp,dist64,l2,ddr4_1x,0.006899,6898882212.0,11279576.0,20717364.0,0.545609,2767669.0,4826959.0,386713.0,1686824.0,,,,300575.0,147910.0,5099.0,0.006899,1.0,0.573377358291214,0.22925509715299283,300575.0,147910.0,5099.0,0.4920901605256591,0.053442084295484756,0.016964152041919655
spmv_imp_dist64_l2_ddr4_2x,spmv,imp,dist64,l2,ddr4_2x,0.006431,6431063166.0,11279576.0,19312502.0,0.585298,2752820.0,4827293.0,386989.0,1686871.0,,,,301400.0,147794.0,5085.0,0.006431,1.0,0.5702616352477465,0.2294123261351935,301400.0,147794.0,5085.0,0.4903583278035833,0.05368821790018962,0.016871267418712674
spmv_imp_dist8_l1d_ddr4_1x,spmv,imp,dist8,l1d,ddr4_1x,0.006737,6736709880.0,11279576.0,20230360.0,0.558743,2478349.0,4827081.0,600137.0,2941675.0,2273967.0,139823.0,1215352.0,,,,0.006737,1.0,0.5134260228904384,0.20401199996600577,2273967.0,139823.0,1215352.0,0.061488579209812634,0.05641780072136733,0.5344633409367858
spmv_imp_dist8_l1d_ddr4_2x,spmv,imp,dist8,l1d,ddr4_2x,0.006318,6317934408.0,11279576.0,18972776.0,0.595778,2462403.0,4827165.0,600559.0,2948135.0,2267381.0,140288.0,1221724.0,,,,0.006318,1.0,0.510113700277492,0.20370810698967312,2267381.0,140288.0,1221724.0,0.061872265843279095,0.05697199036875767,0.538826072900849
spmv_imp_dist8_l2_ddr4_1x,spmv,imp,dist8,l2,ddr4_1x,0.006899,6898882212.0,11279576.0,20717364.0,0.545609,2767669.0,4826959.0,386713.0,1686824.0,,,,300575.0,147910.0,5099.0,0.006899,1.0,0.573377358291214,0.22925509715299283,300575.0,147910.0,5099.0,0.4920901605256591,0.053442084295484756,0.016964152041919655
spmv_imp_dist8_l2_ddr4_2x,spmv,imp,dist8,l2,ddr4_2x,0.006431,6431063166.0,11279576.0,19312502.0,0.585298,2752820.0,4827293.0,386989.0,1686871.0,,,,301400.0,147794.0,5085.0,0.006431,1.0,0.5702616352477465,0.2294123261351935,301400.0,147794.0,5085.0,0.4903583278035833,0.05368821790018962,0.016871267418712674
spmv_imp_ipd16_l1d_ddr4_1x,spmv,imp,ipd16,l1d,ddr4_1x,0.006737,6736709880.0,11279576.0,20230360.0,0.558743,2478349.0,4827081.0,600137.0,2941675.0,2273967.0,139823.0,1215352.0,,,,0.006737,1.0,0.5134260228904384,0.20401199996600577,2273967.0,139823.0,1215352.0,0.061488579209812634,0.05641780072136733,0.5344633409367858
spmv_imp_ipd16_l1d_ddr4_2x,spmv,imp,ipd16,l1d,ddr4_2x,0.006318,6317934408.0,11279576.0,18972776.0,0.595778,2462403.0,4827165.0,600559.0,2948135.0,2267381.0,140288.0,1221724.0,,,,0.006318,1.0,0.510113700277492,0.20370810698967312,2267381.0,140288.0,1221724.0,0.061872265843279095,0.05697199036875767,0.538826072900849
spmv_imp_ipd16_l2_ddr4_1x,spmv,imp,ipd16,l2,ddr4_1x,0.006899,6898882212.0,11279576.0,20717364.0,0.545609,2767669.0,4826959.0,386713.0,1686824.0,,,,300575.0,147910.0,5099.0,0.006899,1.0,0.573377358291214,0.22925509715299283,300575.0,147910.0,5099.0,0.4920901605256591,0.053442084295484756,0.016964152041919655
spmv_imp_ipd16_l2_ddr4_2x,spmv,imp,ipd16,l2,ddr4_2x,0.006431,6431063166.0,11279576.0,19312502.0,0.585298,2752820.0,4827293.0,386989.0,1686871.0,,,,301400.0,147794.0,5085.0,0.006431,1.0,0.5702616352477465,0.2294123261351935,301400.0,147794.0,5085.0,0.4903583278035833,0.05368821790018962,0.016871267418712674
spmv_imp_ipd2_l1d_ddr4_1x,spmv,imp,ipd2,l1d,ddr4_1x,0.006737,6736709880.0,11279576.0,20230360.0,0.558743,2478349.0,4827081.0,600137.0,2941675.0,2273967.0,139823.0,1215352.0,,,,0.006737,1.0,0.5134260228904384,0.20401199996600577,2273967.0,139823.0,1215352.0,0.061488579209812634,0.05641780072136733,0.5344633409367858
spmv_imp_ipd2_l1d_ddr4_2x,spmv,imp,ipd2,l1d,ddr4_2x,0.006318,6317934408.0,11279576.0,18972776.0,0.595778,2462403.0,4827165.0,600559.0,2948135.0,2267381.0,140288.0,1221724.0,,,,0.006318,1.0,0.510113700277492,0.20370810698967312,2267381.0,140288.0,1221724.0,0.061872265843279095,0.05697199036875767,0.538826072900849
spmv_imp_ipd2_l2_ddr4_1x,spmv,imp,ipd2,l2,ddr4_1x,0.006899,6898882212.0,11279576.0,20717364.0,0.545609,2767669.0,4826959.0,386713.0,1686824.0,,,,300575.0,147910.0,5099.0,0.006899,1.0,0.573377358291214,0.22925509715299283,300575.0,147910.0,5099.0,0.4920901605256591,0.053442084295484756,0.016964152041919655
spmv_imp_ipd2_l2_ddr4_2x,spmv,imp,ipd2,l2,ddr4_2x,0.006431,6431063166.0,11279576.0,19312502.0,0.585298,2752820.0,4827293.0,386989.0,1686871.0,,,,301400.0,147794.0,5085.0,0.006431,1.0,0.5702616352477465,0.2294123261351935,301400.0,147794.0,5085.0,0.4903583278035833,0.05368821790018962,0.016871267418712674
spmv_imp_ipd8_l1d_ddr4_1x,spmv,imp,ipd8,l1d,ddr4_1x,0.006737,6736709880.0,11279576.0,20230360.0,0.558743,2478349.0,4827081.0,600137.0,2941675.0,2273967.0,139823.0,1215352.0,,,,0.006737,1.0,0.5134260228904384,0.20401199996600577,2273967.0,139823.0,1215352.0,0.061488579209812634,0.05641780072136733,0.5344633409367858
spmv_imp_ipd8_l1d_ddr4_2x,spmv,imp,ipd8,l1d,ddr4_2x,0.006318,6317934408.0,11279576.0,18972776.0,0.595778,2462403.0,4827165.0,600559.0,2948135.0,2267381.0,140288.0,1221724.0,,,,0.006318,1.0,0.510113700277492,0.20370810698967312,2267381.0,140288.0,1221724.0,0.061872265843279095,0.05697199036875767,0.538826072900849
spmv_imp_ipd8_l2_ddr4_1x,spmv,imp,ipd8,l2,ddr4_1x,0.006899,6898882212.0,11279576.0,20717364.0,0.545609,2767669.0,4826959.0,386713.0,1686824.0,,,,300575.0,147910.0,5099.0,0.006899,1.0,0.573377358291214,0.22925509715299283,300575.0,147910.0,5099.0,0.4920901605256591,0.053442084295484756,0.016964152041919655
spmv_imp_ipd8_l2_ddr4_2x,spmv,imp,ipd8,l2,ddr4_2x,0.006431,6431063166.0,11279576.0,19312502.0,0.585298,2752820.0,4827293.0,386989.0,1686871.0,,,,301400.0,147794.0,5085.0,0.006431,1.0,0.5702616352477465,0.2294123261351935,301400.0,147794.0,5085.0,0.4903583278035833,0.05368821790018962,0.016871267418712674
spmv_imp_pt32_l1d_ddr4_1x,spmv,imp,pt32,l1d,ddr4_1x,0.006737,6736709880.0,11279576.0,20230360.0,0.558743,2478349.0,4827081.0,600137.0,2941675.0,2273967.0,139823.0,1215352.0,,,,0.006737,1.0,0.5134260228904384,0.20401199996600577,2273967.0,139823.0,1215352.0,0.061488579209812634,0.05641780072136733,0.5344633409367858
spmv_imp_pt32_l1d_ddr4_2x,spmv,imp,pt32,l1d,ddr4_2x,0.006318,6317934408.0,11279576.0,18972776.0,0.595778,2462403.0,4827165.0,600559.0,2948135.0,2267381.0,140288.0,1221724.0,,,,0.006318,1.0,0.510113700277492,0.20370810698967312,2267381.0,140288.0,1221724.0,0.061872265843279095,0.05697199036875767,0.538826072900849
spmv_imp_pt32_l2_ddr4_1x,spmv,imp,pt32,l2,ddr4_1x,0.006899,6898882212.0,11279576.0,20717364.0,0.545609,2767669.0,4826959.0,386713.0,1686824.0,,,,300575.0,147910.0,5099.0,0.006899,1.0,0.573377358291214,0.22925509715299283,300575.0,147910.0,5099.0,0.4920901605256591,0.053442084295484756,0.016964152041919655
spmv_imp_pt32_l2_ddr4_2x,spmv,imp,pt32,l2,ddr4_2x,0.006431,6431063166.0,11279576.0,19312502.0,0.585298,2752820.0,4827293.0,386989.0,1686871.0,,,,301400.0,147794.0,5085.0,0.006431,1.0,0.5702616352477465,0.2294123261351935,301400.0,147794.0,5085.0,0.4903583278035833,0.05368821790018962,0.016871267418712674
spmv_imp_pt64_l1d_ddr4_1x,spmv,imp,pt64,l1d,ddr4_1x,0.006737,6736709880.0,11279576.0,20230360.0,0.558743,2478349.0,4827081.0,600137.0,2941675.0,2273967.0,139823.0,1215352.0,,,,0.006737,1.0,0.5134260228904384,0.20401199996600577,2273967.0,139823.0,1215352.0,0.061488579209812634,0.05641780072136733,0.5344633409367858
spmv_imp_pt64_l1d_ddr4_2x,spmv,imp,pt64,l1d,ddr4_2x,0.006318,6317934408.0,11279576.0,18972776.0,0.595778,2462403.0,4827165.0,600559.0,2948135.0,2267381.0,140288.0,1221724.0,,,,0.006318,1.0,0.510113700277492,0.20370810698967312,2267381.0,140288.0,1221724.0,0.061872265843279095,0.05697199036875767,0.538826072900849
spmv_imp_pt64_l2_ddr4_1x,spmv,imp,pt64,l2,ddr4_1x,0.006899,6898882212.0,11279576.0,20717364.0,0.545609,2767669.0,4826959.0,386713.0,1686824.0,,,,300575.0,147910.0,5099.0,0.006899,1.0,0.573377358291214,0.22925509715299283,300575.0,147910.0,5099.0,0.4920901605256591,0.053442084295484756,0.016964152041919655
spmv_imp_pt64_l2_ddr4_2x,spmv,imp,pt64,l2,ddr4_2x,0.006431,6431063166.0,11279576.0,19312502.0,0.585298,2752820.0,4827293.0,386989.0,1686871.0,,,,301400.0,147794.0,5085.0,0.006431,1.0,0.5702616352477465,0.2294123261351935,301400.0,147794.0,5085.0,0.4903583278035833,0.05368821790018962,0.016871267418712674
spmv_imp_pt8_l1d_ddr4_1x,spmv,imp,pt8,l1d,ddr4_1x,0.006737,6736709880.0,11279576.0,20230360.0,0.558743,2478349.0,4827081.0,600137.0,2941675.0,2273967.0,139823.0,1215352.0,,,,0.006737,1.0,0.5134260228904384,0.20401199996600577,2273967.0,139823.0,1215352.0,0.061488579209812634,0.05641780072136733,0.5344633409367858
spmv_imp_pt8_l1d_ddr4_2x,spmv,imp,pt8,l1d,ddr4_2x,0.006318,6317934408.0,11279576.0,18972776.0,0.595778,2462403.0,4827165.0,600559.0,2948135.0,2267381.0,140288.0,1221724.0,,,,0.006318,1.0,0.510113700277492,0.20370810698967312,2267381.0,140288.0,1221724.0,0.061872265843279095,0.05697199036875767,0.538826072900849
spmv_imp_pt8_l2_ddr4_1x,spmv,imp,pt8,l2,ddr4_1x,0.006899,6898882212.0,11279576.0,20717364.0,0.545609,2767669.0,4826959.0,386713.0,1686824.0,,,,300575.0,147910.0,5099.0,0.006899,1.0,0.573377358291214,0.22925509715299283,300575.0,147910.0,5099.0,0.4920901605256591,0.053442084295484756,0.016964152041919655
spmv_imp_pt8_l2_ddr4_2x,spmv,imp,pt8,l2,ddr4_2x,0.006431,6431063166.0,11279576.0,19312502.0,0.585298,2752820.0,4827293.0,386989.0,1686871.0,,,,301400.0,147794.0,5085.0,0.006431,1.0,0.5702616352477465,0.2294123261351935,301400.0,147794.0,5085.0,0.4903583278035833,0.05368821790018962,0.016871267418712674
spmv_imp_sdist16_l1d_ddr4_1x,spmv,imp,sdist16,l1d,ddr4_1x,0.00594,5940466587.0,11279576.0,17839239.0,0.633635,1980905.0,4826356.0,654062.0,3666897.0,2610892.0,150638.0,1927141.0,,,,0.006737,1.1341750841750842,0.41043491197085336,0.1783693406168758,2610892.0,150638.0,1927141.0,0.057695990489074235,0.076045040019587,0.7381159389204915
spmv_imp_sdist16_l1d_ddr4_2x,spmv,imp,sdist16,l1d,ddr4_2x,0.0054,5399526735.0,11279581.0,16214795.0,0.697115,1981716.0,4826617.0,654649.0,3667613.0,2609723.0,150653.0,1927818.0,,,,0.006318,1.17,0.4105807442355588,0.17849456853817455,2609723.0,150653.0,1927818.0,0.057727582582519296,0.076021488447386,0.7387059852712338
spmv_imp_sdist16_l2_ddr4_1x,spmv,imp,sdist16,l2,ddr4_1x,0.006189,6188553585.0,11279576.0,18584245.0,0.608234,2388030.0,4827631.0,354024.0,1686934.0,,,,366328.0,191760.0,12568.0,0.006899,1.1147196639198578,0.4946587674161509,0.20986238939994095,366328.0,191760.0,12568.0,0.5234653097770304,0.08030049873745304,0.03430805180057216
spmv_imp_sdist16_l2_ddr4_2x,spmv,imp,sdist16,l2,ddr4_2x,0.00558,5579598150.0,11279576.0,16755550.0,0.674616,2389944.0,4827797.0,354649.0,1687010.0,,,,373170.0,191223.0,12627.0,0.006431,1.1525089605734768,0.49503821308145307,0.2102234130206697,373170.0,191223.0,12627.0,0.5124286518208859,0.08001149817736315,0.03383712517083367
spmv_imp_sdist2_l1d_ddr4_1x,spmv,imp,sdist2,l1d,ddr4_1x,0.00754,7540481304.0,11279581.0,22644088.0,0.499184,2957031.0,4826591.0,571233.0,2519534.0,2275786.0,116139.0,803633.0,,,,0.006737,0.8935013262599469,0.6126541486527448,0.22672168742315046,2275786.0,116139.0,803633.0,0.05103247844920392,0.03927554361114239,0.3531232725748379
spmv_imp_sdist2_l1d_ddr4_2x,spmv,imp,sdist2,l1d,ddr4_2x,0.007269,7269177879.0,11279576.0,21829363.0,0.517815,2973461.0,4826379.0,571433.0,2521808.0,2297417.0,115252.0,805750.0,,,,0.006318,0.8691704498555509,0.616085268065355,0.22659655294931255,2297417.0,115252.0,805750.0,0.050165903708382066,0.038760219152025197,0.3507199607211055
spmv_imp_sdist2_l2_ddr4_1x,spmv,imp,sdist2,l2,ddr4_1x,0.007617,7616698344.0,11279590.0,22872968.0,0.49419,3076622.0,4826519.0,416797.0,1686657.0,,,,240285.0,112982.0,2960.0,0.006899,0.9057371668635946,0.6374411869092403,0.24711426211731252,240285.0,112982.0,2960.0,0.4701999708679277,0.036722743320433904,0.012318704871298667
spmv_imp_sdist2_l2_ddr4_2x,spmv,imp,sdist2,l2,ddr4_2x,0.007274,7274215170.0,11279576.0,21844490.0,0.517456,3107887.0,4826640.0,417788.0,1686671.0,,,,242192.0,111898.0,2946.0,0.006431,0.8841077811383008,0.6439027978055127,0.24769975887413728,242192.0,111898.0,2946.0,0.4620218669485367,0.03600452654810165,0.01216390301909229
spmv_imp_sdist8_l1d_ddr4_1x,spmv,imp,sdist8,l1d,ddr4_1x,0.006188,6188435370.0,11279581.0,18583890.0,0.608246,2119154.0,4826857.0,631344.0,3387987.0,2374613.0,153742.0,1652823.0,,,,0.006737,1.0887201034259857,0.4390339303608953,0.18634782246803192,2374613.0,153742.0,1652823.0,0.06474402355246939,0.07254876238347945,0.6960388913898812
spmv_imp_sdist8_l1d_ddr4_2x,spmv,imp,sdist8,l1d,ddr4_2x,0.005711,5711057892.0,11279581.0,17150324.0,0.659088,2112064.0,4827007.0,632113.0,3394885.0,2376714.0,153854.0,1659594.0,,,,0.006318,1.1062861145158467,0.437551468228656,0.18619570324178875,2376714.0,153854.0,1659594.0,0.0647339141352304,0.07284533044453198,0.6982724888228032
spmv_imp_sdist8_l2_ddr4_1x,spmv,imp,sdist8,l2,ddr4_1x,0.006499,6498666828.0,11279590.0,19515516.0,0.57921,2574527.0,4827267.0,367239.0,1686945.0,,,,341659.0,172921.0,8190.0,0.006899,1.0615479304508386,0.533330143122392,0.2176947084819007,341659.0,172921.0,8190.0,0.5061216007773833,0.06716612410745741,0.023971269599220274
spmv_imp_sdist8_l2_ddr4_2x,spmv,imp,sdist8,l2,ddr4_2x,0.006014,6014397582.0,11279581.0,18061254.0,0.625847,2566000.0,4827308.0,367461.0,1686960.0,,,,344305.0,172643.0,8224.0,0.006431,1.06933821084137,0.5315592044261522,0.21782437046521552,344305.0,172643.0,8224.0,0.5014246089949318,0.06728098207326579,0.023885798928275803
spmv_imp_sthr2_l1d_ddr4_1x,spmv,imp,sthr2,l1d,ddr4_1x,0.006731,6731281980.0,11279581.0,20214060.0,0.559194,2476348.0,4827030.0,600149.0,2941859.0,2274406.0,140074.0,1215569.0,,,,0.006737,1.0008913980092111,0.5130169068764852,0.20400331898979523,2274406.0,140074.0,1215569.0,0.06158706932711222,0.056564747765661366,0.5344555897232068
spmv_imp_sthr2_l1d_ddr4_2x,spmv,imp,sthr2,l1d,ddr4_2x,0.006312,6311700315.0,11279581.0,18954055.0,0.596367,2462794.0,4827310.0,600698.0,2948479.0,2268107.0,140064.0,1222043.0,,,,0.006318,1.0009505703422052,0.5101793752628275,0.20373148324949916,2268107.0,140064.0,1222043.0,0.061753700332479906,0.05687199172971836,0.5387942455977606
spmv_imp_sthr2_l2_ddr4_1x,spmv,imp,sthr2,l2,ddr4_1x,0.006899,6899153940.0,11279576.0,20718180.0,0.545587,2767559.0,4827004.0,386676.0,1686844.0,,,,300359.0,147964.0,5094.0,0.006899,1.0,0.5733492244879018,0.22923044454614652,300359.0,147964.0,5094.0,0.4926238268205714,0.05346372019530568,0.01695970488648584
spmv_imp_sthr2_l2_ddr4_2x,spmv,imp,sthr2,l2,ddr4_2x,0.006426,6425704530.0,11279581.0,19296410.0,0.585786,2751385.0,4827357.0,386782.0,1686879.0,,,,301083.0,147886.0,5109.0,0.006431,1.000778089013383,0.5699568107351497,0.22928852632583605,301083.0,147886.0,5109.0,0.49118017290913135,0.053749656990933654,0.016968742838353545
spmv_imp_sthr8_l1d_ddr4_1x,spmv,imp,sthr8,l1d,ddr4_1x,0.006737,6737022234.0,11279576.0,20231298.0,0.558717,2476465.0,4827064.0,599994.0,2942061.0,2273753.0,139714.0,1215789.0,,,,0.006737,1.0,0.5130375317170023,0.20393662809846566,2273753.0,139714.0,1215789.0,0.06144642799811589,0.05641670687855471,0.5347058365618429
spmv_imp_sthr8_l1d_ddr4_2x,spmv,imp,sthr8,l1d,ddr4_2x,0.006322,6322356315.0,11279576.0,18986055.0,0.595362,2463427.0,4827296.0,600450.0,2947744.0,2269570.0,140248.0,1221330.0,,,,0.006318,0.9993672888326478,0.5103119841832777,0.20369815017857723,2269570.0,140248.0,1221330.0,0.06179496556616452,0.05693207064792259,0.5381327740497098
spmv_imp_sthr8_l2_ddr4_1x,spmv,imp,sthr8,l2,ddr4_1x,0.006902,6901563195.0,11279576.0,20725415.0,0.545397,2768384.0,4827054.0,386694.0,1686846.0,,,,300500.0,147945.0,5077.0,0.006899,0.9995653433787307,0.5735141972722907,0.2292408435624829,300500.0,147945.0,5077.0,0.4923294509151414,0.05344092438043277,0.016895174708818635
spmv_imp_sthr8_l2_ddr4_2x,spmv,imp,sthr8,l2,ddr4_2x,0.006426,6425714853.0,11279581.0,19296441.0,0.585785,2751858.0,4827318.0,386823.0,1686865.0,,,,301231.0,147843.0,5108.0,0.006431,1.000778089013383,0.5700593994429205,0.22931473472980943,301231.0,147843.0,5108.0,0.49079610000298773,0.05372479248565878,0.01695708609007705
spmv_imp_thr1_l1d_ddr4_1x,spmv,imp,thr1,l1d,ddr4_1x,0.006737,6736709880.0,11279576.0,20230360.0,0.558743,2478349.0,4827081.0,600137.0,2941675.0,2273967.0,139823.0,1215352.0,,,,0.006737,1.0,0.5134260228904384,0.20401199996600577,2273967.0,139823.0,1215352.0,0.061488579209812634,0.05641780072136733,0.5344633409367858
spmv_imp_thr1_l1d_ddr4_2x,spmv,imp,thr1,l1d,ddr4_2x,0.006318,6317934408.0,11279576.0,18972776.0,0.595778,2462403.0,4827165.0,600559.0,2948135.0,2267381.0,140288.0,1221724.0,,,,0.006318,1.0,0.510113700277492,0.20370810698967312,2267381.0,140288.0,1221724.0,0.061872265843279095,0.05697199036875767,0.538826072900849
spmv_imp_thr1_l2_ddr4_1x,spmv,imp,thr1,l2,ddr4_1x,0.006899,6898882212.0,11279576.0,20717364.0,0.545609,2767669.0,4826959.0,386713.0,1686824.0,,,,300575.0,147910.0,5099.0,0.006899,1.0,0.573377358291214,0.22925509715299283,300575.0,147910.0,5099.0,0.4920901605256591,0.053442084295484756,0.016964152041919655
spmv_imp_thr1_l2_ddr4_2x,spmv,imp,thr1,l2,ddr4_2x,0.006431,6431063166.0,11279576.0,19312502.0,0.585298,2752820.0,4827293.0,386989.0,1686871.0,,,,301400.0,147794.0,5085.0,0.006431,1.0,0.5702616352477465,0.2294123261351935,301400.0,147794.0,5085.0,0.4903583278035833,0.05368821790018962,0.016871267418712674
spmv_imp_thr3_l1d_ddr4_1x,spmv,imp,thr3,l1d,ddr4_1x,0.006737,6736709880.0,11279576.0,20230360.0,0.558743,2478349.0,4827081.0,600137.0,2941675.0,2273967.0,139823.0,1215352.0,,,,0.006737,1.0,0.5134260228904384,0.20401199996600577,2273967.0,139823.0,1215352.0,0.061488579209812634,0.05641780072136733,0.5344633409367858
spmv_imp_thr3_l1d_ddr4_2x,spmv,imp,thr3,l1d,ddr4_2x,0.006318,6317934408.0,11279576.0,18972776.0,0.595778,2462403.0,4827165.0,600559.0,2948135.0,2267381.0,140288.0,1221724.0,,,,0.006318,1.0,0.510113700277492,0.20370810698967312,2267381.0,140288.0,1221724.0,0.061872265843279095,0.05697199036875767,0.538826072900849
spmv_imp_thr3_l2_ddr4_1x,spmv,imp,thr3,l2,ddr4_1x,0.006899,6898882212.0,11279576.0,20717364.0,0.545609,2767669.0,4826959.0,386713.0,1686824.0,,,,300575.0,147910.0,5099.0,0.006899,1.0,0.573377358291214,0.22925509715299283,300575.0,147910.0,5099.0,0.4920901605256591,0.053442084295484756,0.016964152041919655
spmv_imp_thr3_l2_ddr4_2x,spmv,imp,thr3,l2,ddr4_2x,0.006431,6431063166.0,11279576.0,19312502.0,0.585298,2752820.0,4827293.0,386989.0,1686871.0,,,,301400.0,147794.0,5085.0,0.006431,1.0,0.5702616352477465,0.2294123261351935,301400.0,147794.0,5085.0,0.4903583278035833,0.05368821790018962,0.016871267418712674
spmv_imp_thr4_l1d_ddr4_1x,spmv,imp,thr4,l1d,ddr4_1x,0.006737,6736709880.0,11279576.0,20230360.0,0.558743,2478349.0,4827081.0,600137.0,2941675.0,2273967.0,139823.0,1215352.0,,,,0.006737,1.0,0.5134260228904384,0.20401199996600577,2273967.0,139823.0,1215352.0,0.061488579209812634,0.05641780072136733,0.5344633409367858
spmv_imp_thr4_l1d_ddr4_2x,spmv,imp,thr4,l1d,ddr4_2x,0.006318,6317934408.0,11279576.0,18972776.0,0.595778,2462403.0,4827165.0,600559.0,2948135.0,2267381.0,140288.0,1221724.0,,,,0.006318,1.0,0.510113700277492,0.20370810698967312,2267381.0,140288.0,1221724.0,0.061872265843279095,0.05697199036875767,0.538826072900849
spmv_imp_thr4_l2_ddr4_1x,spmv,imp,thr4,l2,ddr4_1x,0.006899,6898882212.0,11279576.0,20717364.0,0.545609,2767669.0,4826959.0,386713.0,1686824.0,,,,300575.0,147910.0,5099.0,0.006899,1.0,0.573377358291214,0.22925509715299283,300575.0,147910.0,5099.0,0.4920901605256591,0.053442084295484756,0.016964152041919655
spmv_imp_thr4_l2_ddr4_2x,spmv,imp,thr4,l2,ddr4_2x,0.006431,6431063166.0,11279576.0,19312502.0,0.585298,2752820.0,4827293.0,386989.0,1686871.0,,,,301400.0,147794.0,5085.0,0.006431,1.0,0.5702616352477465,0.2294123261351935,301400.0,147794.0,5085.0,0.4903583278035833,0.05368821790018962,0.016871267418712674
