added_loads_and_stores,benchmark,config,dram_avg_bus_lat,dram_avg_mem_acc_lat,dram_avg_q_lat,dram_avg_rd_bw,dram_avg_wr_bw,dram_bw_read_total,dram_bw_total,dram_bw_write_total,dram_peak_bw,imp_default_simSeconds,improvement_over_stage2_best_pct,ipc,l1d_avg_blocked_no_mshrs,l1d_blocked_causes_no_mshrs,l1d_blocked_cycles_no_mshrs,l1d_demand_accesses,l1d_demand_avg_miss_latency,l1d_demand_avg_mshr_miss_latency,l1d_demand_miss_latency,l1d_demand_misses,l1d_demand_mshr_hits,l1d_demand_mshr_miss_rate,l1d_demand_mshr_misses,l1d_miss_rate,l1d_pf_buffer_hit,l1d_pf_hit_in_cache,l1d_pf_hit_in_mshr,l1d_pf_hit_in_wb,l1d_pf_identified,l1d_pf_in_cache,l1d_pf_issued,l1d_pf_late,l1d_pf_removed_demand,l1d_pf_removed_full,l1d_pf_span_page,l1d_pf_unused,l1d_pf_useful,l1d_pf_useful_span_page,l1d_prefetcher_accuracy,l1d_prefetcher_coverage,l1d_prefetcher_read_accesses,l1d_prefetcher_read_avg_lat,l1d_prefetcher_read_bytes,l1d_prefetcher_read_rate,l2_avg_blocked_no_mshrs,l2_blocked_causes_no_mshrs,l2_blocked_cycles_no_mshrs,l2_demand_accesses,l2_demand_avg_miss_latency,l2_demand_avg_mshr_miss_latency,l2_demand_miss_latency,l2_demand_misses,l2_demand_mshr_hits,l2_demand_mshr_miss_rate,l2_demand_mshr_misses,l2_miss_rate,l2_pf_buffer_hit,l2_pf_hit_in_cache,l2_pf_hit_in_mshr,l2_pf_hit_in_wb,l2_pf_identified,l2_pf_in_cache,l2_pf_issued,l2_pf_late,l2_pf_removed_demand,l2_pf_removed_full,l2_pf_span_page,l2_pf_unused,l2_pf_useful,l2_pf_useful_span_page,l2_prefetcher_accuracy,l2_prefetcher_coverage,l2_prefetcher_read_accesses,l2_prefetcher_read_avg_lat,l2_prefetcher_read_bytes,l2_prefetcher_read_rate,load_to_use_max,load_to_use_mean,load_to_use_min,load_to_use_overflows,load_to_use_samples,load_to_use_stdev,mem_avg_rdq_len,mem_avg_read_bw_sys,mem_avg_write_bw_sys,mem_avg_wrq_len,mem_num_rd_retry,mem_num_wr_retry,memory,numCycles,pf_accuracy,pf_coverage_l1d,pf_issued,pf_level,pf_unused,pf_unused_ratio,pf_useful,prefetcher,run,simInsts,simOps,simSeconds,simTicks,speedup_vs_imp_default,speedup_vs_nopf,speedup_vs_stage1_best,speedup_vs_stage2_best,stage,stage1_best_config,stage1_best_simSeconds,stage1_best_speedup,stage2_best_config,stage2_best_simSeconds,stage2_best_speedup_vs_nopf,nopf_simSeconds,pf_coverage,pf_late,pf_late_ratio,pf_removed_full,pf_removed_demand,pf_buffer_hit,pf_identified,pf_removed_full_ratio,pf_removed_demand_ratio,pf_buffer_hit_ratio,prefetcher_read_rate,prefetcher_read_bytes,dram_bw_utilization,label
12984811.0,bfs,addrlen16,3332.0,54287.7,36795.7,5707.978873,436.20709,5730388102.0,6166915285.0,436527183.0,19207.0,,,0.437428,7.094447,768953.0,5455296.0,11507814.0,40402.363338,36623.576383,249268319760.0,6169647.0,3015569.0,0.274081,3154078.0,0.5361267570018077,1664030.0,576162.0,1619316.0,487.0,15025477.0,0.0,4964319.0,2195965.0,1381706.0,544255.0,8673307.0,2227696.0,312862.0,0.0,0.063022,0.090242,909769.0,54142.61,58005312.0,2479578031.699404,,0.0,0.0,5922664.0,81685.914454,81352.914454,171096539095.0,2094566.0,,0.353653,2094566.0,0.3536526806180462,,,,,,,,,,,,,,,,,,,,,1844.0,65.047784,2.0,165583.0,8774099.0,108.250066,6.75,5730390837.719165,436527182.7903487,57.54,0.0,0.0,ddr4_1x,70249907.0,0.06302213858537294,,4964319.0,l1d,2227696.0,0.4487415091576508,312862.0,imp,bfs_imp_addrlen16_l1d_ddr4_1x,30729211.0,31124590.0,0.023393,23393219031.0,,1.181550036335656,,,stage1,,,,,,,0.02764,0.048262486022001665,2195965.0,0.4423496958998807,544255.0,1381706.0,1664030.0,15025477.0,0.03622214456153372,0.0919575465058447,0.11074723284991218,2479578031.699404,58005312.0,0.3062023594917285,stage1: addrlen16
12845213.0,bfs,addrlen16,,,,,,,,,,,,0.493705,5.257401,705662.0,3709948.0,11419388.0,34874.66131,30709.928348,210033659102.0,6022529.0,2873203.0,0.275788,3149326.0,0.5273950758131697,1541502.0,573941.0,1581109.0,465.0,14545947.0,0.0,4956620.0,2155515.0,1314201.0,507210.0,8583785.0,2255403.0,321255.0,0.0,0.064813,0.092565,,,,,,0.0,0.0,5950664.0,64558.23788,64225.23788,136932670737.0,2121072.0,,0.356443,2121072.0,0.35644291124486277,,,,,,,,,,,,,,,,,,,,,1693.0,56.904085,2.0,58621.0,8774099.0,94.276137,,,,,,,ddr4_2x,62242163.0,0.0648133203675085,,4956620.0,l1d,2255403.0,0.455028426629437,321255.0,imp,bfs_imp_addrlen16_l1d_ddr4_2x,30729211.0,31124590.0,0.020727,20726640279.0,,1.2146475611521206,,,stage1,,,,,,,0.025176,0.0506409108506847,2155515.0,0.43487598403750943,507210.0,1314201.0,1541502.0,14545947.0,0.03486950694925535,0.09034825989672587,0.10597467459492324,,,,stage1: addrlen16
12888279.0,bfs,addrlen16,3332.0,58670.67,41178.67,5153.753048,397.438691,5170997149.0,5568658168.0,397661018.0,19207.0,,,0.39941,12.834697,88014.0,1129633.0,11488481.0,38616.055625,37718.071575,272377382949.0,7053475.0,3524833.0,0.307146,3528642.0,0.6139606271708157,,,,,,,,,,,,,,,,,,,,,24.80676,74705.0,1853189.0,3528869.0,85153.893873,85737.935046,115056109476.0,1351155.0,52160.0,0.368105,1298995.0,0.38288613150559003,54624.0,335977.0,136468.0,13.0,1443105.0,0.0,1243469.0,472458.0,26406.0,10214.0,3958455.0,458053.0,260786.0,0.0,0.209725,0.167194,769912.0,58367.88,49158272.0,1918754133.2850308,1927.0,71.752679,2.0,239250.0,8774099.0,117.217192,7.37,5170999647.413412,397661018.4759985,57.94,0.0,0.0,ddr4_1x,76936610.0,0.2097245689277336,,1243469.0,l2,458053.0,0.3683670441321818,260786.0,imp,bfs_imp_addrlen16_l2_ddr4_1x,30729211.0,31124590.0,0.02562,25619891130.0,,1.0788446526151445,,,stage1,,,,,,,0.02764,0.16178383700147833,472458.0,0.3799515709679936,10214.0,26406.0,54624.0,1443105.0,0.007077794062109133,0.018298044840812,0.037851715571632,1918754133.2850308,49158272.0,0.27649743695879003,stage1: addrlen16
12781588.0,bfs,addrlen16,,,,,,,,,,,,0.464409,10.578807,75127.0,794754.0,11405851.0,31945.092321,30704.835691,221566943589.0,6935868.0,3406926.0,0.309398,3528942.0,0.6080973703759588,,,,,,,,,,,,,,,,,,,,,22.297282,51843.0,1155958.0,3529169.0,67577.709641,68189.717017,90978248625.0,1346276.0,52909.0,0.366479,1293367.0,0.38147110552087476,39797.0,340961.0,133397.0,20.0,1423635.0,0.0,1255627.0,474378.0,19150.0,3075.0,3958413.0,462189.0,266135.0,0.0,0.211954,0.170654,,,,,1710.0,60.279502,2.0,68955.0,8774099.0,98.761061,,,,,,,ddr4_2x,66168464.0,0.21195386846571473,,1255627.0,l2,462189.0,0.36809418720686954,266135.0,imp,bfs_imp_addrlen16_l2_ddr4_2x,30729211.0,31124590.0,0.022034,22034098512.0,,1.1425978033947535,,,stage1,,,,,,,0.025176,0.16505407120144927,474378.0,0.3778016879216519,3075.0,19150.0,39797.0,1423635.0,0.0021599637547545544,0.013451481594650315,0.027954496763566504,,,,stage1: addrlen16
12984811.0,bfs,addrlen2,3332.0,54287.7,36795.7,5707.978873,436.20709,5730388102.0,6166915285.0,436527183.0,19207.0,,,0.437428,7.094447,768953.0,5455296.0,11507814.0,40402.363338,36623.576383,249268319760.0,6169647.0,3015569.0,0.274081,3154078.0,0.5361267570018077,1664030.0,576162.0,1619316.0,487.0,15025477.0,0.0,4964319.0,2195965.0,1381706.0,544255.0,8673307.0,2227696.0,312862.0,0.0,0.063022,0.090242,909769.0,54142.61,58005312.0,2479578031.699404,,0.0,0.0,5922664.0,81685.914454,81352.914454,171096539095.0,2094566.0,,0.353653,2094566.0,0.3536526806180462,,,,,,,,,,,,,,,,,,,,,1844.0,65.047784,2.0,165583.0,8774099.0,108.250066,6.75,5730390837.719165,436527182.7903487,57.54,0.0,0.0,ddr4_1x,70249907.0,0.06302213858537294,,4964319.0,l1d,2227696.0,0.4487415091576508,312862.0,imp,bfs_imp_addrlen2_l1d_ddr4_1x,30729211.0,31124590.0,0.023393,23393219031.0,,1.181550036335656,,,stage1,,,,,,,0.02764,0.048262486022001665,2195965.0,0.4423496958998807,544255.0,1381706.0,1664030.0,15025477.0,0.03622214456153372,0.0919575465058447,0.11074723284991218,2479578031.699404,58005312.0,0.3062023594917285,stage1: addrlen2
12845213.0,bfs,addrlen2,,,,,,,,,,,,0.493705,5.257401,705662.0,3709948.0,11419388.0,34874.66131,30709.928348,210033659102.0,6022529.0,2873203.0,0.275788,3149326.0,0.5273950758131697,1541502.0,573941.0,1581109.0,465.0,14545947.0,0.0,4956620.0,2155515.0,1314201.0,507210.0,8583785.0,2255403.0,321255.0,0.0,0.064813,0.092565,,,,,,0.0,0.0,5950664.0,64558.23788,64225.23788,136932670737.0,2121072.0,,0.356443,2121072.0,0.35644291124486277,,,,,,,,,,,,,,,,,,,,,1693.0,56.904085,2.0,58621.0,8774099.0,94.276137,,,,,,,ddr4_2x,62242163.0,0.0648133203675085,,4956620.0,l1d,2255403.0,0.455028426629437,321255.0,imp,bfs_imp_addrlen2_l1d_ddr4_2x,30729211.0,31124590.0,0.020727,20726640279.0,,1.2146475611521206,,,stage1,,,,,,,0.025176,0.0506409108506847,2155515.0,0.43487598403750943,507210.0,1314201.0,1541502.0,14545947.0,0.03486950694925535,0.09034825989672587,0.10597467459492324,,,,stage1: addrlen2
12888279.0,bfs,addrlen2,3332.0,58670.67,41178.67,5153.753048,397.438691,5170997149.0,5568658168.0,397661018.0,19207.0,,,0.39941,12.834697,88014.0,1129633.0,11488481.0,38616.055625,37718.071575,272377382949.0,7053475.0,3524833.0,0.307146,3528642.0,0.6139606271708157,,,,,,,,,,,,,,,,,,,,,24.80676,74705.0,1853189.0,3528869.0,85153.893873,85737.935046,115056109476.0,1351155.0,52160.0,0.368105,1298995.0,0.38288613150559003,54624.0,335977.0,136468.0,13.0,1443105.0,0.0,1243469.0,472458.0,26406.0,10214.0,3958455.0,458053.0,260786.0,0.0,0.209725,0.167194,769912.0,58367.88,49158272.0,1918754133.2850308,1927.0,71.752679,2.0,239250.0,8774099.0,117.217192,7.37,5170999647.413412,397661018.4759985,57.94,0.0,0.0,ddr4_1x,76936610.0,0.2097245689277336,,1243469.0,l2,458053.0,0.3683670441321818,260786.0,imp,bfs_imp_addrlen2_l2_ddr4_1x,30729211.0,31124590.0,0.02562,25619891130.0,,1.0788446526151445,,,stage1,,,,,,,0.02764,0.16178383700147833,472458.0,0.3799515709679936,10214.0,26406.0,54624.0,1443105.0,0.007077794062109133,0.018298044840812,0.037851715571632,1918754133.2850308,49158272.0,0.27649743695879003,stage1: addrlen2
12781588.0,bfs,addrlen2,,,,,,,,,,,,0.464409,10.578807,75127.0,794754.0,11405851.0,31945.092321,30704.835691,221566943589.0,6935868.0,3406926.0,0.309398,3528942.0,0.6080973703759588,,,,,,,,,,,,,,,,,,,,,22.297282,51843.0,1155958.0,3529169.0,67577.709641,68189.717017,90978248625.0,1346276.0,52909.0,0.366479,1293367.0,0.38147110552087476,39797.0,340961.0,133397.0,20.0,1423635.0,0.0,1255627.0,474378.0,19150.0,3075.0,3958413.0,462189.0,266135.0,0.0,0.211954,0.170654,,,,,1710.0,60.279502,2.0,68955.0,8774099.0,98.761061,,,,,,,ddr4_2x,66168464.0,0.21195386846571473,,1255627.0,l2,462189.0,0.36809418720686954,266135.0,imp,bfs_imp_addrlen2_l2_ddr4_2x,30729211.0,31124590.0,0.022034,22034098512.0,,1.1425978033947535,,,stage1,,,,,,,0.025176,0.16505407120144927,474378.0,0.3778016879216519,3075.0,19150.0,39797.0,1423635.0,0.0021599637547545544,0.013451481594650315,0.027954496763566504,,,,stage1: addrlen2
12984811.0,bfs,addrlen8,3332.0,54287.7,36795.7,5707.978873,436.20709,5730388102.0,6166915285.0,436527183.0,19207.0,,,0.437428,7.094447,768953.0,5455296.0,11507814.0,40402.363338,36623.576383,249268319760.0,6169647.0,3015569.0,0.274081,3154078.0,0.5361267570018077,1664030.0,576162.0,1619316.0,487.0,15025477.0,0.0,4964319.0,2195965.0,1381706.0,544255.0,8673307.0,2227696.0,312862.0,0.0,0.063022,0.090242,909769.0,54142.61,58005312.0,2479578031.699404,,0.0,0.0,5922664.0,81685.914454,81352.914454,171096539095.0,2094566.0,,0.353653,2094566.0,0.3536526806180462,,,,,,,,,,,,,,,,,,,,,1844.0,65.047784,2.0,165583.0,8774099.0,108.250066,6.75,5730390837.719165,436527182.7903487,57.54,0.0,0.0,ddr4_1x,70249907.0,0.06302213858537294,,4964319.0,l1d,2227696.0,0.4487415091576508,312862.0,imp,bfs_imp_addrlen8_l1d_ddr4_1x,30729211.0,31124590.0,0.023393,23393219031.0,,1.181550036335656,,,stage1,,,,,,,0.02764,0.048262486022001665,2195965.0,0.4423496958998807,544255.0,1381706.0,1664030.0,15025477.0,0.03622214456153372,0.0919575465058447,0.11074723284991218,2479578031.699404,58005312.0,0.3062023594917285,stage1: addrlen8
12845213.0,bfs,addrlen8,,,,,,,,,,,,0.493705,5.257401,705662.0,3709948.0,11419388.0,34874.66131,30709.928348,210033659102.0,6022529.0,2873203.0,0.275788,3149326.0,0.5273950758131697,1541502.0,573941.0,1581109.0,465.0,14545947.0,0.0,4956620.0,2155515.0,1314201.0,507210.0,8583785.0,2255403.0,321255.0,0.0,0.064813,0.092565,,,,,,0.0,0.0,5950664.0,64558.23788,64225.23788,136932670737.0,2121072.0,,0.356443,2121072.0,0.35644291124486277,,,,,,,,,,,,,,,,,,,,,1693.0,56.904085,2.0,58621.0,8774099.0,94.276137,,,,,,,ddr4_2x,62242163.0,0.0648133203675085,,4956620.0,l1d,2255403.0,0.455028426629437,321255.0,imp,bfs_imp_addrlen8_l1d_ddr4_2x,30729211.0,31124590.0,0.020727,20726640279.0,,1.2146475611521206,,,stage1,,,,,,,0.025176,0.0506409108506847,2155515.0,0.43487598403750943,507210.0,1314201.0,1541502.0,14545947.0,0.03486950694925535,0.09034825989672587,0.10597467459492324,,,,stage1: addrlen8
12888279.0,bfs,addrlen8,3332.0,58670.67,41178.67,5153.753048,397.438691,5170997149.0,5568658168.0,397661018.0,19207.0,,,0.39941,12.834697,88014.0,1129633.0,11488481.0,38616.055625,37718.071575,272377382949.0,7053475.0,3524833.0,0.307146,3528642.0,0.6139606271708157,,,,,,,,,,,,,,,,,,,,,24.80676,74705.0,1853189.0,3528869.0,85153.893873,85737.935046,115056109476.0,1351155.0,52160.0,0.368105,1298995.0,0.38288613150559003,54624.0,335977.0,136468.0,13.0,1443105.0,0.0,1243469.0,472458.0,26406.0,10214.0,3958455.0,458053.0,260786.0,0.0,0.209725,0.167194,769912.0,58367.88,49158272.0,1918754133.2850308,1927.0,71.752679,2.0,239250.0,8774099.0,117.217192,7.37,5170999647.413412,397661018.4759985,57.94,0.0,0.0,ddr4_1x,76936610.0,0.2097245689277336,,1243469.0,l2,458053.0,0.3683670441321818,260786.0,imp,bfs_imp_addrlen8_l2_ddr4_1x,30729211.0,31124590.0,0.02562,25619891130.0,,1.0788446526151445,,,stage1,,,,,,,0.02764,0.16178383700147833,472458.0,0.3799515709679936,10214.0,26406.0,54624.0,1443105.0,0.007077794062109133,0.018298044840812,0.037851715571632,1918754133.2850308,49158272.0,0.27649743695879003,stage1: addrlen8
12781588.0,bfs,addrlen8,,,,,,,,,,,,0.464409,10.578807,75127.0,794754.0,11405851.0,31945.092321,30704.835691,221566943589.0,6935868.0,3406926.0,0.309398,3528942.0,0.6080973703759588,,,,,,,,,,,,,,,,,,,,,22.297282,51843.0,1155958.0,3529169.0,67577.709641,68189.717017,90978248625.0,1346276.0,52909.0,0.366479,1293367.0,0.38147110552087476,39797.0,340961.0,133397.0,20.0,1423635.0,0.0,1255627.0,474378.0,19150.0,3075.0,3958413.0,462189.0,266135.0,0.0,0.211954,0.170654,,,,,1710.0,60.279502,2.0,68955.0,8774099.0,98.761061,,,,,,,ddr4_2x,66168464.0,0.21195386846571473,,1255627.0,l2,462189.0,0.36809418720686954,266135.0,imp,bfs_imp_addrlen8_l2_ddr4_2x,30729211.0,31124590.0,0.022034,22034098512.0,,1.1425978033947535,,,stage1,,,,,,,0.025176,0.16505407120144927,474378.0,0.3778016879216519,3075.0,19150.0,39797.0,1423635.0,0.0021599637547545544,0.013451481594650315,0.027954496763566504,,,,stage1: addrlen8
12984811.0,bfs,default,3332.0,54287.7,36795.7,5707.978873,436.20709,5730388102.0,6166915285.0,436527183.0,19207.0,,,0.437428,7.094447,768953.0,5455296.0,11507814.0,40402.363338,36623.576383,249268319760.0,6169647.0,3015569.0,0.274081,3154078.0,0.5361267570018077,1664030.0,576162.0,1619316.0,487.0,15025477.0,0.0,4964319.0,2195965.0,1381706.0,544255.0,8673307.0,2227696.0,312862.0,0.0,0.063022,0.090242,909769.0,54142.61,58005312.0,2479578031.699404,,0.0,0.0,5922664.0,81685.914454,81352.914454,171096539095.0,2094566.0,,0.353653,2094566.0,0.3536526806180462,,,,,,,,,,,,,,,,,,,,,1844.0,65.047784,2.0,165583.0,8774099.0,108.250066,6.75,5730390837.719165,436527182.7903487,57.54,0.0,0.0,ddr4_1x,70249907.0,0.06302213858537294,,4964319.0,l1d,2227696.0,0.4487415091576508,312862.0,imp,bfs_imp_default_l1d_ddr4_1x,30729211.0,31124590.0,0.023393,23393219031.0,,1.181550036335656,,,stage1,,,,,,,0.02764,0.048262486022001665,2195965.0,0.4423496958998807,544255.0,1381706.0,1664030.0,15025477.0,0.03622214456153372,0.0919575465058447,0.11074723284991218,2479578031.699404,58005312.0,0.3062023594917285,IMP default
12845213.0,bfs,default,,,,,,,,,,,,0.493705,5.257401,705662.0,3709948.0,11419388.0,34874.66131,30709.928348,210033659102.0,6022529.0,2873203.0,0.275788,3149326.0,0.5273950758131697,1541502.0,573941.0,1581109.0,465.0,14545947.0,0.0,4956620.0,2155515.0,1314201.0,507210.0,8583785.0,2255403.0,321255.0,0.0,0.064813,0.092565,,,,,,0.0,0.0,5950664.0,64558.23788,64225.23788,136932670737.0,2121072.0,,0.356443,2121072.0,0.35644291124486277,,,,,,,,,,,,,,,,,,,,,1693.0,56.904085,2.0,58621.0,8774099.0,94.276137,,,,,,,ddr4_2x,62242163.0,0.0648133203675085,,4956620.0,l1d,2255403.0,0.455028426629437,321255.0,imp,bfs_imp_default_l1d_ddr4_2x,30729211.0,31124590.0,0.020727,20726640279.0,,1.2146475611521206,,,stage1,,,,,,,0.025176,0.0506409108506847,2155515.0,0.43487598403750943,507210.0,1314201.0,1541502.0,14545947.0,0.03486950694925535,0.09034825989672587,0.10597467459492324,,,,IMP default
12888279.0,bfs,default,3332.0,58670.67,41178.67,5153.753048,397.438691,5170997149.0,5568658168.0,397661018.0,19207.0,,,0.39941,12.834697,88014.0,1129633.0,11488481.0,38616.055625,37718.071575,272377382949.0,7053475.0,3524833.0,0.307146,3528642.0,0.6139606271708157,,,,,,,,,,,,,,,,,,,,,24.80676,74705.0,1853189.0,3528869.0,85153.893873,85737.935046,115056109476.0,1351155.0,52160.0,0.368105,1298995.0,0.38288613150559003,54624.0,335977.0,136468.0,13.0,1443105.0,0.0,1243469.0,472458.0,26406.0,10214.0,3958455.0,458053.0,260786.0,0.0,0.209725,0.167194,769912.0,58367.88,49158272.0,1918754133.2850308,1927.0,71.752679,2.0,239250.0,8774099.0,117.217192,7.37,5170999647.413412,397661018.4759985,57.94,0.0,0.0,ddr4_1x,76936610.0,0.2097245689277336,,1243469.0,l2,458053.0,0.3683670441321818,260786.0,imp,bfs_imp_default_l2_ddr4_1x,30729211.0,31124590.0,0.02562,25619891130.0,,1.0788446526151445,,,stage1,,,,,,,0.02764,0.16178383700147833,472458.0,0.3799515709679936,10214.0,26406.0,54624.0,1443105.0,0.007077794062109133,0.018298044840812,0.037851715571632,1918754133.2850308,49158272.0,0.27649743695879003,IMP default
12781588.0,bfs,default,,,,,,,,,,,,0.464409,10.578807,75127.0,794754.0,11405851.0,31945.092321,30704.835691,221566943589.0,6935868.0,3406926.0,0.309398,3528942.0,0.6080973703759588,,,,,,,,,,,,,,,,,,,,,22.297282,51843.0,1155958.0,3529169.0,67577.709641,68189.717017,90978248625.0,1346276.0,52909.0,0.366479,1293367.0,0.38147110552087476,39797.0,340961.0,133397.0,20.0,1423635.0,0.0,1255627.0,474378.0,19150.0,3075.0,3958413.0,462189.0,266135.0,0.0,0.211954,0.170654,,,,,1710.0,60.279502,2.0,68955.0,8774099.0,98.761061,,,,,,,ddr4_2x,66168464.0,0.21195386846571473,,1255627.0,l2,462189.0,0.36809418720686954,266135.0,imp,bfs_imp_default_l2_ddr4_2x,30729211.0,31124590.0,0.022034,22034098512.0,,1.1425978033947535,,,stage1,,,,,,,0.025176,0.16505407120144927,474378.0,0.3778016879216519,3075.0,19150.0,39797.0,1423635.0,0.0021599637547545544,0.013451481594650315,0.027954496763566504,,,,IMP default
12984811.0,bfs,dist32,3332.0,54287.7,36795.7,5707.978873,436.20709,5730388102.0,6166915285.0,436527183.0,19207.0,,,0.437428,7.094447,768953.0,5455296.0,11507814.0,40402.363338,36623.576383,249268319760.0,6169647.0,3015569.0,0.274081,3154078.0,0.5361267570018077,1664030.0,576162.0,1619316.0,487.0,15025477.0,0.0,4964319.0,2195965.0,1381706.0,544255.0,8673307.0,2227696.0,312862.0,0.0,0.063022,0.090242,909769.0,54142.61,58005312.0,2479578031.699404,,0.0,0.0,5922664.0,81685.914454,81352.914454,171096539095.0,2094566.0,,0.353653,2094566.0,0.3536526806180462,,,,,,,,,,,,,,,,,,,,,1844.0,65.047784,2.0,165583.0,8774099.0,108.250066,6.75,5730390837.719165,436527182.7903487,57.54,0.0,0.0,ddr4_1x,70249907.0,0.06302213858537294,,4964319.0,l1d,2227696.0,0.4487415091576508,312862.0,imp,bfs_imp_dist32_l1d_ddr4_1x,30729211.0,31124590.0,0.023393,23393219031.0,,1.181550036335656,,,stage1,,,,,,,0.02764,0.048262486022001665,2195965.0,0.4423496958998807,544255.0,1381706.0,1664030.0,15025477.0,0.03622214456153372,0.0919575465058447,0.11074723284991218,2479578031.699404,58005312.0,0.3062023594917285,stage1: dist32
12845213.0,bfs,dist32,,,,,,,,,,,,0.493705,5.257401,705662.0,3709948.0,11419388.0,34874.66131,30709.928348,210033659102.0,6022529.0,2873203.0,0.275788,3149326.0,0.5273950758131697,1541502.0,573941.0,1581109.0,465.0,14545947.0,0.0,4956620.0,2155515.0,1314201.0,507210.0,8583785.0,2255403.0,321255.0,0.0,0.064813,0.092565,,,,,,0.0,0.0,5950664.0,64558.23788,64225.23788,136932670737.0,2121072.0,,0.356443,2121072.0,0.35644291124486277,,,,,,,,,,,,,,,,,,,,,1693.0,56.904085,2.0,58621.0,8774099.0,94.276137,,,,,,,ddr4_2x,62242163.0,0.0648133203675085,,4956620.0,l1d,2255403.0,0.455028426629437,321255.0,imp,bfs_imp_dist32_l1d_ddr4_2x,30729211.0,31124590.0,0.020727,20726640279.0,,1.2146475611521206,,,stage1,,,,,,,0.025176,0.0506409108506847,2155515.0,0.43487598403750943,507210.0,1314201.0,1541502.0,14545947.0,0.03486950694925535,0.09034825989672587,0.10597467459492324,,,,stage1: dist32
12888279.0,bfs,dist32,3332.0,58670.67,41178.67,5153.753048,397.438691,5170997149.0,5568658168.0,397661018.0,19207.0,,,0.39941,12.834697,88014.0,1129633.0,11488481.0,38616.055625,37718.071575,272377382949.0,7053475.0,3524833.0,0.307146,3528642.0,0.6139606271708157,,,,,,,,,,,,,,,,,,,,,24.80676,74705.0,1853189.0,3528869.0,85153.893873,85737.935046,115056109476.0,1351155.0,52160.0,0.368105,1298995.0,0.38288613150559003,54624.0,335977.0,136468.0,13.0,1443105.0,0.0,1243469.0,472458.0,26406.0,10214.0,3958455.0,458053.0,260786.0,0.0,0.209725,0.167194,769912.0,58367.88,49158272.0,1918754133.2850308,1927.0,71.752679,2.0,239250.0,8774099.0,117.217192,7.37,5170999647.413412,397661018.4759985,57.94,0.0,0.0,ddr4_1x,76936610.0,0.2097245689277336,,1243469.0,l2,458053.0,0.3683670441321818,260786.0,imp,bfs_imp_dist32_l2_ddr4_1x,30729211.0,31124590.0,0.02562,25619891130.0,,1.0788446526151445,,,stage1,,,,,,,0.02764,0.16178383700147833,472458.0,0.3799515709679936,10214.0,26406.0,54624.0,1443105.0,0.007077794062109133,0.018298044840812,0.037851715571632,1918754133.2850308,49158272.0,0.27649743695879003,stage1: dist32
12781588.0,bfs,dist32,,,,,,,,,,,,0.464409,10.578807,75127.0,794754.0,11405851.0,31945.092321,30704.835691,221566943589.0,6935868.0,3406926.0,0.309398,3528942.0,0.6080973703759588,,,,,,,,,,,,,,,,,,,,,22.297282,51843.0,1155958.0,3529169.0,67577.709641,68189.717017,90978248625.0,1346276.0,52909.0,0.366479,1293367.0,0.38147110552087476,39797.0,340961.0,133397.0,20.0,1423635.0,0.0,1255627.0,474378.0,19150.0,3075.0,3958413.0,462189.0,266135.0,0.0,0.211954,0.170654,,,,,1710.0,60.279502,2.0,68955.0,8774099.0,98.761061,,,,,,,ddr4_2x,66168464.0,0.21195386846571473,,1255627.0,l2,462189.0,0.36809418720686954,266135.0,imp,bfs_imp_dist32_l2_ddr4_2x,30729211.0,31124590.0,0.022034,22034098512.0,,1.1425978033947535,,,stage1,,,,,,,0.025176,0.16505407120144927,474378.0,0.3778016879216519,3075.0,19150.0,39797.0,1423635.0,0.0021599637547545544,0.013451481594650315,0.027954496763566504,,,,stage1: dist32
12984811.0,bfs,dist4,3332.0,54287.7,36795.7,5707.978873,436.20709,5730388102.0,6166915285.0,436527183.0,19207.0,,,0.437428,7.094447,768953.0,5455296.0,11507814.0,40402.363338,36623.576383,249268319760.0,6169647.0,3015569.0,0.274081,3154078.0,0.5361267570018077,1664030.0,576162.0,1619316.0,487.0,15025477.0,0.0,4964319.0,2195965.0,1381706.0,544255.0,8673307.0,2227696.0,312862.0,0.0,0.063022,0.090242,909769.0,54142.61,58005312.0,2479578031.699404,,0.0,0.0,5922664.0,81685.914454,81352.914454,171096539095.0,2094566.0,,0.353653,2094566.0,0.3536526806180462,,,,,,,,,,,,,,,,,,,,,1844.0,65.047784,2.0,165583.0,8774099.0,108.250066,6.75,5730390837.719165,436527182.7903487,57.54,0.0,0.0,ddr4_1x,70249907.0,0.06302213858537294,,4964319.0,l1d,2227696.0,0.4487415091576508,312862.0,imp,bfs_imp_dist4_l1d_ddr4_1x,30729211.0,31124590.0,0.023393,23393219031.0,,1.181550036335656,,,stage1,,,,,,,0.02764,0.048262486022001665,2195965.0,0.4423496958998807,544255.0,1381706.0,1664030.0,15025477.0,0.03622214456153372,0.0919575465058447,0.11074723284991218,2479578031.699404,58005312.0,0.3062023594917285,stage1: dist4
12845213.0,bfs,dist4,,,,,,,,,,,,0.493705,5.257401,705662.0,3709948.0,11419388.0,34874.66131,30709.928348,210033659102.0,6022529.0,2873203.0,0.275788,3149326.0,0.5273950758131697,1541502.0,573941.0,1581109.0,465.0,14545947.0,0.0,4956620.0,2155515.0,1314201.0,507210.0,8583785.0,2255403.0,321255.0,0.0,0.064813,0.092565,,,,,,0.0,0.0,5950664.0,64558.23788,64225.23788,136932670737.0,2121072.0,,0.356443,2121072.0,0.35644291124486277,,,,,,,,,,,,,,,,,,,,,1693.0,56.904085,2.0,58621.0,8774099.0,94.276137,,,,,,,ddr4_2x,62242163.0,0.0648133203675085,,4956620.0,l1d,2255403.0,0.455028426629437,321255.0,imp,bfs_imp_dist4_l1d_ddr4_2x,30729211.0,31124590.0,0.020727,20726640279.0,,1.2146475611521206,,,stage1,,,,,,,0.025176,0.0506409108506847,2155515.0,0.43487598403750943,507210.0,1314201.0,1541502.0,14545947.0,0.03486950694925535,0.09034825989672587,0.10597467459492324,,,,stage1: dist4
12888279.0,bfs,dist4,3332.0,58670.67,41178.67,5153.753048,397.438691,5170997149.0,5568658168.0,397661018.0,19207.0,,,0.39941,12.834697,88014.0,1129633.0,11488481.0,38616.055625,37718.071575,272377382949.0,7053475.0,3524833.0,0.307146,3528642.0,0.6139606271708157,,,,,,,,,,,,,,,,,,,,,24.80676,74705.0,1853189.0,3528869.0,85153.893873,85737.935046,115056109476.0,1351155.0,52160.0,0.368105,1298995.0,0.38288613150559003,54624.0,335977.0,136468.0,13.0,1443105.0,0.0,1243469.0,472458.0,26406.0,10214.0,3958455.0,458053.0,260786.0,0.0,0.209725,0.167194,769912.0,58367.88,49158272.0,1918754133.2850308,1927.0,71.752679,2.0,239250.0,8774099.0,117.217192,7.37,5170999647.413412,397661018.4759985,57.94,0.0,0.0,ddr4_1x,76936610.0,0.2097245689277336,,1243469.0,l2,458053.0,0.3683670441321818,260786.0,imp,bfs_imp_dist4_l2_ddr4_1x,30729211.0,31124590.0,0.02562,25619891130.0,,1.0788446526151445,,,stage1,,,,,,,0.02764,0.16178383700147833,472458.0,0.3799515709679936,10214.0,26406.0,54624.0,1443105.0,0.007077794062109133,0.018298044840812,0.037851715571632,1918754133.2850308,49158272.0,0.27649743695879003,stage1: dist4
12781588.0,bfs,dist4,,,,,,,,,,,,0.464409,10.578807,75127.0,794754.0,11405851.0,31945.092321,30704.835691,221566943589.0,6935868.0,3406926.0,0.309398,3528942.0,0.6080973703759588,,,,,,,,,,,,,,,,,,,,,22.297282,51843.0,1155958.0,3529169.0,67577.709641,68189.717017,90978248625.0,1346276.0,52909.0,0.366479,1293367.0,0.38147110552087476,39797.0,340961.0,133397.0,20.0,1423635.0,0.0,1255627.0,474378.0,19150.0,3075.0,3958413.0,462189.0,266135.0,0.0,0.211954,0.170654,,,,,1710.0,60.279502,2.0,68955.0,8774099.0,98.761061,,,,,,,ddr4_2x,66168464.0,0.21195386846571473,,1255627.0,l2,462189.0,0.36809418720686954,266135.0,imp,bfs_imp_dist4_l2_ddr4_2x,30729211.0,31124590.0,0.022034,22034098512.0,,1.1425978033947535,,,stage1,,,,,,,0.025176,0.16505407120144927,474378.0,0.3778016879216519,3075.0,19150.0,39797.0,1423635.0,0.0021599637547545544,0.013451481594650315,0.027954496763566504,,,,stage1: dist4
12984811.0,bfs,dist64,3332.0,54287.7,36795.7,5707.978873,436.20709,5730388102.0,6166915285.0,436527183.0,19207.0,,,0.437428,7.094447,768953.0,5455296.0,11507814.0,40402.363338,36623.576383,249268319760.0,6169647.0,3015569.0,0.274081,3154078.0,0.5361267570018077,1664030.0,576162.0,1619316.0,487.0,15025477.0,0.0,4964319.0,2195965.0,1381706.0,544255.0,8673307.0,2227696.0,312862.0,0.0,0.063022,0.090242,909769.0,54142.61,58005312.0,2479578031.699404,,0.0,0.0,5922664.0,81685.914454,81352.914454,171096539095.0,2094566.0,,0.353653,2094566.0,0.3536526806180462,,,,,,,,,,,,,,,,,,,,,1844.0,65.047784,2.0,165583.0,8774099.0,108.250066,6.75,5730390837.719165,436527182.7903487,57.54,0.0,0.0,ddr4_1x,70249907.0,0.06302213858537294,,4964319.0,l1d,2227696.0,0.4487415091576508,312862.0,imp,bfs_imp_dist64_l1d_ddr4_1x,30729211.0,31124590.0,0.023393,23393219031.0,,1.181550036335656,,,stage1,,,,,,,0.02764,0.048262486022001665,2195965.0,0.4423496958998807,544255.0,1381706.0,1664030.0,15025477.0,0.03622214456153372,0.0919575465058447,0.11074723284991218,2479578031.699404,58005312.0,0.3062023594917285,stage1: dist64
12845213.0,bfs,dist64,,,,,,,,,,,,0.493705,5.257401,705662.0,3709948.0,11419388.0,34874.66131,30709.928348,210033659102.0,6022529.0,2873203.0,0.275788,3149326.0,0.5273950758131697,1541502.0,573941.0,1581109.0,465.0,14545947.0,0.0,4956620.0,2155515.0,1314201.0,507210.0,8583785.0,2255403.0,321255.0,0.0,0.064813,0.092565,,,,,,0.0,0.0,5950664.0,64558.23788,64225.23788,136932670737.0,2121072.0,,0.356443,2121072.0,0.35644291124486277,,,,,,,,,,,,,,,,,,,,,1693.0,56.904085,2.0,58621.0,8774099.0,94.276137,,,,,,,ddr4_2x,62242163.0,0.0648133203675085,,4956620.0,l1d,2255403.0,0.455028426629437,321255.0,imp,bfs_imp_dist64_l1d_ddr4_2x,30729211.0,31124590.0,0.020727,20726640279.0,,1.2146475611521206,,,stage1,,,,,,,0.025176,0.0506409108506847,2155515.0,0.43487598403750943,507210.0,1314201.0,1541502.0,14545947.0,0.03486950694925535,0.09034825989672587,0.10597467459492324,,,,stage1: dist64
12888279.0,bfs,dist64,3332.0,58670.67,41178.67,5153.753048,397.438691,5170997149.0,5568658168.0,397661018.0,19207.0,,,0.39941,12.834697,88014.0,1129633.0,11488481.0,38616.055625,37718.071575,272377382949.0,7053475.0,3524833.0,0.307146,3528642.0,0.6139606271708157,,,,,,,,,,,,,,,,,,,,,24.80676,74705.0,1853189.0,3528869.0,85153.893873,85737.935046,115056109476.0,1351155.0,52160.0,0.368105,1298995.0,0.38288613150559003,54624.0,335977.0,136468.0,13.0,1443105.0,0.0,1243469.0,472458.0,26406.0,10214.0,3958455.0,458053.0,260786.0,0.0,0.209725,0.167194,769912.0,58367.88,49158272.0,1918754133.2850308,1927.0,71.752679,2.0,239250.0,8774099.0,117.217192,7.37,5170999647.413412,397661018.4759985,57.94,0.0,0.0,ddr4_1x,76936610.0,0.2097245689277336,,1243469.0,l2,458053.0,0.3683670441321818,260786.0,imp,bfs_imp_dist64_l2_ddr4_1x,30729211.0,31124590.0,0.02562,25619891130.0,,1.0788446526151445,,,stage1,,,,,,,0.02764,0.16178383700147833,472458.0,0.3799515709679936,10214.0,26406.0,54624.0,1443105.0,0.007077794062109133,0.018298044840812,0.037851715571632,1918754133.2850308,49158272.0,0.27649743695879003,stage1: dist64
12781588.0,bfs,dist64,,,,,,,,,,,,0.464409,10.578807,75127.0,794754.0,11405851.0,31945.092321,30704.835691,221566943589.0,6935868.0,3406926.0,0.309398,3528942.0,0.6080973703759588,,,,,,,,,,,,,,,,,,,,,22.297282,51843.0,1155958.0,3529169.0,67577.709641,68189.717017,90978248625.0,1346276.0,52909.0,0.366479,1293367.0,0.38147110552087476,39797.0,340961.0,133397.0,20.0,1423635.0,0.0,1255627.0,474378.0,19150.0,3075.0,3958413.0,462189.0,266135.0,0.0,0.211954,0.170654,,,,,1710.0,60.279502,2.0,68955.0,8774099.0,98.761061,,,,,,,ddr4_2x,66168464.0,0.21195386846571473,,1255627.0,l2,462189.0,0.36809418720686954,266135.0,imp,bfs_imp_dist64_l2_ddr4_2x,30729211.0,31124590.0,0.022034,22034098512.0,,1.1425978033947535,,,stage1,,,,,,,0.025176,0.16505407120144927,474378.0,0.3778016879216519,3075.0,19150.0,39797.0,1423635.0,0.0021599637547545544,0.013451481594650315,0.027954496763566504,,,,stage1: dist64
12984811.0,bfs,dist8,3332.0,54287.7,36795.7,5707.978873,436.20709,5730388102.0,6166915285.0,436527183.0,19207.0,,,0.437428,7.094447,768953.0,5455296.0,11507814.0,40402.363338,36623.576383,249268319760.0,6169647.0,3015569.0,0.274081,3154078.0,0.5361267570018077,1664030.0,576162.0,1619316.0,487.0,15025477.0,0.0,4964319.0,2195965.0,1381706.0,544255.0,8673307.0,2227696.0,312862.0,0.0,0.063022,0.090242,909769.0,54142.61,58005312.0,2479578031.699404,,0.0,0.0,5922664.0,81685.914454,81352.914454,171096539095.0,2094566.0,,0.353653,2094566.0,0.3536526806180462,,,,,,,,,,,,,,,,,,,,,1844.0,65.047784,2.0,165583.0,8774099.0,108.250066,6.75,5730390837.719165,436527182.7903487,57.54,0.0,0.0,ddr4_1x,70249907.0,0.06302213858537294,,4964319.0,l1d,2227696.0,0.4487415091576508,312862.0,imp,bfs_imp_dist8_l1d_ddr4_1x,30729211.0,31124590.0,0.023393,23393219031.0,,1.181550036335656,,,stage1,,,,,,,0.02764,0.048262486022001665,2195965.0,0.4423496958998807,544255.0,1381706.0,1664030.0,15025477.0,0.03622214456153372,0.0919575465058447,0.11074723284991218,2479578031.699404,58005312.0,0.3062023594917285,stage1: dist8
12845213.0,bfs,dist8,,,,,,,,,,,,0.493705,5.257401,705662.0,3709948.0,11419388.0,34874.66131,30709.928348,210033659102.0,6022529.0,2873203.0,0.275788,3149326.0,0.5273950758131697,1541502.0,573941.0,1581109.0,465.0,14545947.0,0.0,4956620.0,2155515.0,1314201.0,507210.0,8583785.0,2255403.0,321255.0,0.0,0.064813,0.092565,,,,,,0.0,0.0,5950664.0,64558.23788,64225.23788,136932670737.0,2121072.0,,0.356443,2121072.0,0.35644291124486277,,,,,,,,,,,,,,,,,,,,,1693.0,56.904085,2.0,58621.0,8774099.0,94.276137,,,,,,,ddr4_2x,62242163.0,0.0648133203675085,,4956620.0,l1d,2255403.0,0.455028426629437,321255.0,imp,bfs_imp_dist8_l1d_ddr4_2x,30729211.0,31124590.0,0.020727,20726640279.0,,1.2146475611521206,,,stage1,,,,,,,0.025176,0.0506409108506847,2155515.0,0.43487598403750943,507210.0,1314201.0,1541502.0,14545947.0,0.03486950694925535,0.09034825989672587,0.10597467459492324,,,,stage1: dist8
12888279.0,bfs,dist8,3332.0,58670.67,41178.67,5153.753048,397.438691,5170997149.0,5568658168.0,397661018.0,19207.0,,,0.39941,12.834697,88014.0,1129633.0,11488481.0,38616.055625,37718.071575,272377382949.0,7053475.0,3524833.0,0.307146,3528642.0,0.6139606271708157,,,,,,,,,,,,,,,,,,,,,24.80676,74705.0,1853189.0,3528869.0,85153.893873,85737.935046,115056109476.0,1351155.0,52160.0,0.368105,1298995.0,0.38288613150559003,54624.0,335977.0,136468.0,13.0,1443105.0,0.0,1243469.0,472458.0,26406.0,10214.0,3958455.0,458053.0,260786.0,0.0,0.209725,0.167194,769912.0,58367.88,49158272.0,1918754133.2850308,1927.0,71.752679,2.0,239250.0,8774099.0,117.217192,7.37,5170999647.413412,397661018.4759985,57.94,0.0,0.0,ddr4_1x,76936610.0,0.2097245689277336,,1243469.0,l2,458053.0,0.3683670441321818,260786.0,imp,bfs_imp_dist8_l2_ddr4_1x,30729211.0,31124590.0,0.02562,25619891130.0,,1.0788446526151445,,,stage1,,,,,,,0.02764,0.16178383700147833,472458.0,0.3799515709679936,10214.0,26406.0,54624.0,1443105.0,0.007077794062109133,0.018298044840812,0.037851715571632,1918754133.2850308,49158272.0,0.27649743695879003,stage1: dist8
12781588.0,bfs,dist8,,,,,,,,,,,,0.464409,10.578807,75127.0,794754.0,11405851.0,31945.092321,30704.835691,221566943589.0,6935868.0,3406926.0,0.309398,3528942.0,0.6080973703759588,,,,,,,,,,,,,,,,,,,,,22.297282,51843.0,1155958.0,3529169.0,67577.709641,68189.717017,90978248625.0,1346276.0,52909.0,0.366479,1293367.0,0.38147110552087476,39797.0,340961.0,133397.0,20.0,1423635.0,0.0,1255627.0,474378.0,19150.0,3075.0,3958413.0,462189.0,266135.0,0.0,0.211954,0.170654,,,,,1710.0,60.279502,2.0,68955.0,8774099.0,98.761061,,,,,,,ddr4_2x,66168464.0,0.21195386846571473,,1255627.0,l2,462189.0,0.36809418720686954,266135.0,imp,bfs_imp_dist8_l2_ddr4_2x,30729211.0,31124590.0,0.022034,22034098512.0,,1.1425978033947535,,,stage1,,,,,,,0.025176,0.16505407120144927,474378.0,0.3778016879216519,3075.0,19150.0,39797.0,1423635.0,0.0021599637547545544,0.013451481594650315,0.027954496763566504,,,,stage1: dist8
12984811.0,bfs,ipd16,3332.0,54287.7,36795.7,5707.978873,436.20709,5730388102.0,6166915285.0,436527183.0,19207.0,,,0.437428,7.094447,768953.0,5455296.0,11507814.0,40402.363338,36623.576383,249268319760.0,6169647.0,3015569.0,0.274081,3154078.0,0.5361267570018077,1664030.0,576162.0,1619316.0,487.0,15025477.0,0.0,4964319.0,2195965.0,1381706.0,544255.0,8673307.0,2227696.0,312862.0,0.0,0.063022,0.090242,909769.0,54142.61,58005312.0,2479578031.699404,,0.0,0.0,5922664.0,81685.914454,81352.914454,171096539095.0,2094566.0,,0.353653,2094566.0,0.3536526806180462,,,,,,,,,,,,,,,,,,,,,1844.0,65.047784,2.0,165583.0,8774099.0,108.250066,6.75,5730390837.719165,436527182.7903487,57.54,0.0,0.0,ddr4_1x,70249907.0,0.06302213858537294,,4964319.0,l1d,2227696.0,0.4487415091576508,312862.0,imp,bfs_imp_ipd16_l1d_ddr4_1x,30729211.0,31124590.0,0.023393,23393219031.0,,1.181550036335656,,,stage1,,,,,,,0.02764,0.048262486022001665,2195965.0,0.4423496958998807,544255.0,1381706.0,1664030.0,15025477.0,0.03622214456153372,0.0919575465058447,0.11074723284991218,2479578031.699404,58005312.0,0.3062023594917285,stage1: ipd16
12845213.0,bfs,ipd16,,,,,,,,,,,,0.493705,5.257401,705662.0,3709948.0,11419388.0,34874.66131,30709.928348,210033659102.0,6022529.0,2873203.0,0.275788,3149326.0,0.5273950758131697,1541502.0,573941.0,1581109.0,465.0,14545947.0,0.0,4956620.0,2155515.0,1314201.0,507210.0,8583785.0,2255403.0,321255.0,0.0,0.064813,0.092565,,,,,,0.0,0.0,5950664.0,64558.23788,64225.23788,136932670737.0,2121072.0,,0.356443,2121072.0,0.35644291124486277,,,,,,,,,,,,,,,,,,,,,1693.0,56.904085,2.0,58621.0,8774099.0,94.276137,,,,,,,ddr4_2x,62242163.0,0.0648133203675085,,4956620.0,l1d,2255403.0,0.455028426629437,321255.0,imp,bfs_imp_ipd16_l1d_ddr4_2x,30729211.0,31124590.0,0.020727,20726640279.0,,1.2146475611521206,,,stage1,,,,,,,0.025176,0.0506409108506847,2155515.0,0.43487598403750943,507210.0,1314201.0,1541502.0,14545947.0,0.03486950694925535,0.09034825989672587,0.10597467459492324,,,,stage1: ipd16
12888279.0,bfs,ipd16,3332.0,58670.67,41178.67,5153.753048,397.438691,5170997149.0,5568658168.0,397661018.0,19207.0,,,0.39941,12.834697,88014.0,1129633.0,11488481.0,38616.055625,37718.071575,272377382949.0,7053475.0,3524833.0,0.307146,3528642.0,0.6139606271708157,,,,,,,,,,,,,,,,,,,,,24.80676,74705.0,1853189.0,3528869.0,85153.893873,85737.935046,115056109476.0,1351155.0,52160.0,0.368105,1298995.0,0.38288613150559003,54624.0,335977.0,136468.0,13.0,1443105.0,0.0,1243469.0,472458.0,26406.0,10214.0,3958455.0,458053.0,260786.0,0.0,0.209725,0.167194,769912.0,58367.88,49158272.0,1918754133.2850308,1927.0,71.752679,2.0,239250.0,8774099.0,117.217192,7.37,5170999647.413412,397661018.4759985,57.94,0.0,0.0,ddr4_1x,76936610.0,0.2097245689277336,,1243469.0,l2,458053.0,0.3683670441321818,260786.0,imp,bfs_imp_ipd16_l2_ddr4_1x,30729211.0,31124590.0,0.02562,25619891130.0,,1.0788446526151445,,,stage1,,,,,,,0.02764,0.16178383700147833,472458.0,0.3799515709679936,10214.0,26406.0,54624.0,1443105.0,0.007077794062109133,0.018298044840812,0.037851715571632,1918754133.2850308,49158272.0,0.27649743695879003,stage1: ipd16
12781588.0,bfs,ipd16,,,,,,,,,,,,0.464409,10.578807,75127.0,794754.0,11405851.0,31945.092321,30704.835691,221566943589.0,6935868.0,3406926.0,0.309398,3528942.0,0.6080973703759588,,,,,,,,,,,,,,,,,,,,,22.297282,51843.0,1155958.0,3529169.0,67577.709641,68189.717017,90978248625.0,1346276.0,52909.0,0.366479,1293367.0,0.38147110552087476,39797.0,340961.0,133397.0,20.0,1423635.0,0.0,1255627.0,474378.0,19150.0,3075.0,3958413.0,462189.0,266135.0,0.0,0.211954,0.170654,,,,,1710.0,60.279502,2.0,68955.0,8774099.0,98.761061,,,,,,,ddr4_2x,66168464.0,0.21195386846571473,,1255627.0,l2,462189.0,0.36809418720686954,266135.0,imp,bfs_imp_ipd16_l2_ddr4_2x,30729211.0,31124590.0,0.022034,22034098512.0,,1.1425978033947535,,,stage1,,,,,,,0.025176,0.16505407120144927,474378.0,0.3778016879216519,3075.0,19150.0,39797.0,1423635.0,0.0021599637547545544,0.013451481594650315,0.027954496763566504,,,,stage1: ipd16
12984811.0,bfs,ipd2,3332.0,54287.7,36795.7,5707.978873,436.20709,5730388102.0,6166915285.0,436527183.0,19207.0,,,0.437428,7.094447,768953.0,5455296.0,11507814.0,40402.363338,36623.576383,249268319760.0,6169647.0,3015569.0,0.274081,3154078.0,0.5361267570018077,1664030.0,576162.0,1619316.0,487.0,15025477.0,0.0,4964319.0,2195965.0,1381706.0,544255.0,8673307.0,2227696.0,312862.0,0.0,0.063022,0.090242,909769.0,54142.61,58005312.0,2479578031.699404,,0.0,0.0,5922664.0,81685.914454,81352.914454,171096539095.0,2094566.0,,0.353653,2094566.0,0.3536526806180462,,,,,,,,,,,,,,,,,,,,,1844.0,65.047784,2.0,165583.0,8774099.0,108.250066,6.75,5730390837.719165,436527182.7903487,57.54,0.0,0.0,ddr4_1x,70249907.0,0.06302213858537294,,4964319.0,l1d,2227696.0,0.4487415091576508,312862.0,imp,bfs_imp_ipd2_l1d_ddr4_1x,30729211.0,31124590.0,0.023393,23393219031.0,,1.181550036335656,,,stage1,,,,,,,0.02764,0.048262486022001665,2195965.0,0.4423496958998807,544255.0,1381706.0,1664030.0,15025477.0,0.03622214456153372,0.0919575465058447,0.11074723284991218,2479578031.699404,58005312.0,0.3062023594917285,stage1: ipd2
12845213.0,bfs,ipd2,,,,,,,,,,,,0.493705,5.257401,705662.0,3709948.0,11419388.0,34874.66131,30709.928348,210033659102.0,6022529.0,2873203.0,0.275788,3149326.0,0.5273950758131697,1541502.0,573941.0,1581109.0,465.0,14545947.0,0.0,4956620.0,2155515.0,1314201.0,507210.0,8583785.0,2255403.0,321255.0,0.0,0.064813,0.092565,,,,,,0.0,0.0,5950664.0,64558.23788,64225.23788,136932670737.0,2121072.0,,0.356443,2121072.0,0.35644291124486277,,,,,,,,,,,,,,,,,,,,,1693.0,56.904085,2.0,58621.0,8774099.0,94.276137,,,,,,,ddr4_2x,62242163.0,0.0648133203675085,,4956620.0,l1d,2255403.0,0.455028426629437,321255.0,imp,bfs_imp_ipd2_l1d_ddr4_2x,30729211.0,31124590.0,0.020727,20726640279.0,,1.2146475611521206,,,stage1,,,,,,,0.025176,0.0506409108506847,2155515.0,0.43487598403750943,507210.0,1314201.0,1541502.0,14545947.0,0.03486950694925535,0.09034825989672587,0.10597467459492324,,,,stage1: ipd2
12888279.0,bfs,ipd2,3332.0,58670.67,41178.67,5153.753048,397.438691,5170997149.0,5568658168.0,397661018.0,19207.0,,,0.39941,12.834697,88014.0,1129633.0,11488481.0,38616.055625,37718.071575,272377382949.0,7053475.0,3524833.0,0.307146,3528642.0,0.6139606271708157,,,,,,,,,,,,,,,,,,,,,24.80676,74705.0,1853189.0,3528869.0,85153.893873,85737.935046,115056109476.0,1351155.0,52160.0,0.368105,1298995.0,0.38288613150559003,54624.0,335977.0,136468.0,13.0,1443105.0,0.0,1243469.0,472458.0,26406.0,10214.0,3958455.0,458053.0,260786.0,0.0,0.209725,0.167194,769912.0,58367.88,49158272.0,1918754133.2850308,1927.0,71.752679,2.0,239250.0,8774099.0,117.217192,7.37,5170999647.413412,397661018.4759985,57.94,0.0,0.0,ddr4_1x,76936610.0,0.2097245689277336,,1243469.0,l2,458053.0,0.3683670441321818,260786.0,imp,bfs_imp_ipd2_l2_ddr4_1x,30729211.0,31124590.0,0.02562,25619891130.0,,1.0788446526151445,,,stage1,,,,,,,0.02764,0.16178383700147833,472458.0,0.3799515709679936,10214.0,26406.0,54624.0,1443105.0,0.007077794062109133,0.018298044840812,0.037851715571632,1918754133.2850308,49158272.0,0.27649743695879003,stage1: ipd2
12781588.0,bfs,ipd2,,,,,,,,,,,,0.464409,10.578807,75127.0,794754.0,11405851.0,31945.092321,30704.835691,221566943589.0,6935868.0,3406926.0,0.309398,3528942.0,0.6080973703759588,,,,,,,,,,,,,,,,,,,,,22.297282,51843.0,1155958.0,3529169.0,67577.709641,68189.717017,90978248625.0,1346276.0,52909.0,0.366479,1293367.0,0.38147110552087476,39797.0,340961.0,133397.0,20.0,1423635.0,0.0,1255627.0,474378.0,19150.0,3075.0,3958413.0,462189.0,266135.0,0.0,0.211954,0.170654,,,,,1710.0,60.279502,2.0,68955.0,8774099.0,98.761061,,,,,,,ddr4_2x,66168464.0,0.21195386846571473,,1255627.0,l2,462189.0,0.36809418720686954,266135.0,imp,bfs_imp_ipd2_l2_ddr4_2x,30729211.0,31124590.0,0.022034,22034098512.0,,1.1425978033947535,,,stage1,,,,,,,0.025176,0.16505407120144927,474378.0,0.3778016879216519,3075.0,19150.0,39797.0,1423635.0,0.0021599637547545544,0.013451481594650315,0.027954496763566504,,,,stage1: ipd2
12984811.0,bfs,ipd8,3332.0,54287.7,36795.7,5707.978873,436.20709,5730388102.0,6166915285.0,436527183.0,19207.0,,,0.437428,7.094447,768953.0,5455296.0,11507814.0,40402.363338,36623.576383,249268319760.0,6169647.0,3015569.0,0.274081,3154078.0,0.5361267570018077,1664030.0,576162.0,1619316.0,487.0,15025477.0,0.0,4964319.0,2195965.0,1381706.0,544255.0,8673307.0,2227696.0,312862.0,0.0,0.063022,0.090242,909769.0,54142.61,58005312.0,2479578031.699404,,0.0,0.0,5922664.0,81685.914454,81352.914454,171096539095.0,2094566.0,,0.353653,2094566.0,0.3536526806180462,,,,,,,,,,,,,,,,,,,,,1844.0,65.047784,2.0,165583.0,8774099.0,108.250066,6.75,5730390837.719165,436527182.7903487,57.54,0.0,0.0,ddr4_1x,70249907.0,0.06302213858537294,,4964319.0,l1d,2227696.0,0.4487415091576508,312862.0,imp,bfs_imp_ipd8_l1d_ddr4_1x,30729211.0,31124590.0,0.023393,23393219031.0,,1.181550036335656,,,stage1,,,,,,,0.02764,0.048262486022001665,2195965.0,0.4423496958998807,544255.0,1381706.0,1664030.0,15025477.0,0.03622214456153372,0.0919575465058447,0.11074723284991218,2479578031.699404,58005312.0,0.3062023594917285,stage1: ipd8
12845213.0,bfs,ipd8,,,,,,,,,,,,0.493705,5.257401,705662.0,3709948.0,11419388.0,34874.66131,30709.928348,210033659102.0,6022529.0,2873203.0,0.275788,3149326.0,0.5273950758131697,1541502.0,573941.0,1581109.0,465.0,14545947.0,0.0,4956620.0,2155515.0,1314201.0,507210.0,8583785.0,2255403.0,321255.0,0.0,0.064813,0.092565,,,,,,0.0,0.0,5950664.0,64558.23788,64225.23788,136932670737.0,2121072.0,,0.356443,2121072.0,0.35644291124486277,,,,,,,,,,,,,,,,,,,,,1693.0,56.904085,2.0,58621.0,8774099.0,94.276137,,,,,,,ddr4_2x,62242163.0,0.0648133203675085,,4956620.0,l1d,2255403.0,0.455028426629437,321255.0,imp,bfs_imp_ipd8_l1d_ddr4_2x,30729211.0,31124590.0,0.020727,20726640279.0,,1.2146475611521206,,,stage1,,,,,,,0.025176,0.0506409108506847,2155515.0,0.43487598403750943,507210.0,1314201.0,1541502.0,14545947.0,0.03486950694925535,0.09034825989672587,0.10597467459492324,,,,stage1: ipd8
12888279.0,bfs,ipd8,3332.0,58670.67,41178.67,5153.753048,397.438691,5170997149.0,5568658168.0,397661018.0,19207.0,,,0.39941,12.834697,88014.0,1129633.0,11488481.0,38616.055625,37718.071575,272377382949.0,7053475.0,3524833.0,0.307146,3528642.0,0.6139606271708157,,,,,,,,,,,,,,,,,,,,,24.80676,74705.0,1853189.0,3528869.0,85153.893873,85737.935046,115056109476.0,1351155.0,52160.0,0.368105,1298995.0,0.38288613150559003,54624.0,335977.0,136468.0,13.0,1443105.0,0.0,1243469.0,472458.0,26406.0,10214.0,3958455.0,458053.0,260786.0,0.0,0.209725,0.167194,769912.0,58367.88,49158272.0,1918754133.2850308,1927.0,71.752679,2.0,239250.0,8774099.0,117.217192,7.37,5170999647.413412,397661018.4759985,57.94,0.0,0.0,ddr4_1x,76936610.0,0.2097245689277336,,1243469.0,l2,458053.0,0.3683670441321818,260786.0,imp,bfs_imp_ipd8_l2_ddr4_1x,30729211.0,31124590.0,0.02562,25619891130.0,,1.0788446526151445,,,stage1,,,,,,,0.02764,0.16178383700147833,472458.0,0.3799515709679936,10214.0,26406.0,54624.0,1443105.0,0.007077794062109133,0.018298044840812,0.037851715571632,1918754133.2850308,49158272.0,0.27649743695879003,stage1: ipd8
12781588.0,bfs,ipd8,,,,,,,,,,,,0.464409,10.578807,75127.0,794754.0,11405851.0,31945.092321,30704.835691,221566943589.0,6935868.0,3406926.0,0.309398,3528942.0,0.6080973703759588,,,,,,,,,,,,,,,,,,,,,22.297282,51843.0,1155958.0,3529169.0,67577.709641,68189.717017,90978248625.0,1346276.0,52909.0,0.366479,1293367.0,0.38147110552087476,39797.0,340961.0,133397.0,20.0,1423635.0,0.0,1255627.0,474378.0,19150.0,3075.0,3958413.0,462189.0,266135.0,0.0,0.211954,0.170654,,,,,1710.0,60.279502,2.0,68955.0,8774099.0,98.761061,,,,,,,ddr4_2x,66168464.0,0.21195386846571473,,1255627.0,l2,462189.0,0.36809418720686954,266135.0,imp,bfs_imp_ipd8_l2_ddr4_2x,30729211.0,31124590.0,0.022034,22034098512.0,,1.1425978033947535,,,stage1,,,,,,,0.025176,0.16505407120144927,474378.0,0.3778016879216519,3075.0,19150.0,39797.0,1423635.0,0.0021599637547545544,0.013451481594650315,0.027954496763566504,,,,stage1: ipd8
12984811.0,bfs,pt32,3332.0,54287.7,36795.7,5707.978873,436.20709,5730388102.0,6166915285.0,436527183.0,19207.0,,,0.437428,7.094447,768953.0,5455296.0,11507814.0,40402.363338,36623.576383,249268319760.0,6169647.0,3015569.0,0.274081,3154078.0,0.5361267570018077,1664030.0,576162.0,1619316.0,487.0,15025477.0,0.0,4964319.0,2195965.0,1381706.0,544255.0,8673307.0,2227696.0,312862.0,0.0,0.063022,0.090242,909769.0,54142.61,58005312.0,2479578031.699404,,0.0,0.0,5922664.0,81685.914454,81352.914454,171096539095.0,2094566.0,,0.353653,2094566.0,0.3536526806180462,,,,,,,,,,,,,,,,,,,,,1844.0,65.047784,2.0,165583.0,8774099.0,108.250066,6.75,5730390837.719165,436527182.7903487,57.54,0.0,0.0,ddr4_1x,70249907.0,0.06302213858537294,,4964319.0,l1d,2227696.0,0.4487415091576508,312862.0,imp,bfs_imp_pt32_l1d_ddr4_1x,30729211.0,31124590.0,0.023393,23393219031.0,,1.181550036335656,,,stage1,,,,,,,0.02764,0.048262486022001665,2195965.0,0.4423496958998807,544255.0,1381706.0,1664030.0,15025477.0,0.03622214456153372,0.0919575465058447,0.11074723284991218,2479578031.699404,58005312.0,0.3062023594917285,stage1: pt32
12845213.0,bfs,pt32,,,,,,,,,,,,0.493705,5.257401,705662.0,3709948.0,11419388.0,34874.66131,30709.928348,210033659102.0,6022529.0,2873203.0,0.275788,3149326.0,0.5273950758131697,1541502.0,573941.0,1581109.0,465.0,14545947.0,0.0,4956620.0,2155515.0,1314201.0,507210.0,8583785.0,2255403.0,321255.0,0.0,0.064813,0.092565,,,,,,0.0,0.0,5950664.0,64558.23788,64225.23788,136932670737.0,2121072.0,,0.356443,2121072.0,0.35644291124486277,,,,,,,,,,,,,,,,,,,,,1693.0,56.904085,2.0,58621.0,8774099.0,94.276137,,,,,,,ddr4_2x,62242163.0,0.0648133203675085,,4956620.0,l1d,2255403.0,0.455028426629437,321255.0,imp,bfs_imp_pt32_l1d_ddr4_2x,30729211.0,31124590.0,0.020727,20726640279.0,,1.2146475611521206,,,stage1,,,,,,,0.025176,0.0506409108506847,2155515.0,0.43487598403750943,507210.0,1314201.0,1541502.0,14545947.0,0.03486950694925535,0.09034825989672587,0.10597467459492324,,,,stage1: pt32
12888279.0,bfs,pt32,3332.0,58670.67,41178.67,5153.753048,397.438691,5170997149.0,5568658168.0,397661018.0,19207.0,,,0.39941,12.834697,88014.0,1129633.0,11488481.0,38616.055625,37718.071575,272377382949.0,7053475.0,3524833.0,0.307146,3528642.0,0.6139606271708157,,,,,,,,,,,,,,,,,,,,,24.80676,74705.0,1853189.0,3528869.0,85153.893873,85737.935046,115056109476.0,1351155.0,52160.0,0.368105,1298995.0,0.38288613150559003,54624.0,335977.0,136468.0,13.0,1443105.0,0.0,1243469.0,472458.0,26406.0,10214.0,3958455.0,458053.0,260786.0,0.0,0.209725,0.167194,769912.0,58367.88,49158272.0,1918754133.2850308,1927.0,71.752679,2.0,239250.0,8774099.0,117.217192,7.37,5170999647.413412,397661018.4759985,57.94,0.0,0.0,ddr4_1x,76936610.0,0.2097245689277336,,1243469.0,l2,458053.0,0.3683670441321818,260786.0,imp,bfs_imp_pt32_l2_ddr4_1x,30729211.0,31124590.0,0.02562,25619891130.0,,1.0788446526151445,,,stage1,,,,,,,0.02764,0.16178383700147833,472458.0,0.3799515709679936,10214.0,26406.0,54624.0,1443105.0,0.007077794062109133,0.018298044840812,0.037851715571632,1918754133.2850308,49158272.0,0.27649743695879003,stage1: pt32
12781588.0,bfs,pt32,,,,,,,,,,,,0.464409,10.578807,75127.0,794754.0,11405851.0,31945.092321,30704.835691,221566943589.0,6935868.0,3406926.0,0.309398,3528942.0,0.6080973703759588,,,,,,,,,,,,,,,,,,,,,22.297282,51843.0,1155958.0,3529169.0,67577.709641,68189.717017,90978248625.0,1346276.0,52909.0,0.366479,1293367.0,0.38147110552087476,39797.0,340961.0,133397.0,20.0,1423635.0,0.0,1255627.0,474378.0,19150.0,3075.0,3958413.0,462189.0,266135.0,0.0,0.211954,0.170654,,,,,1710.0,60.279502,2.0,68955.0,8774099.0,98.761061,,,,,,,ddr4_2x,66168464.0,0.21195386846571473,,1255627.0,l2,462189.0,0.36809418720686954,266135.0,imp,bfs_imp_pt32_l2_ddr4_2x,30729211.0,31124590.0,0.022034,22034098512.0,,1.1425978033947535,,,stage1,,,,,,,0.025176,0.16505407120144927,474378.0,0.3778016879216519,3075.0,19150.0,39797.0,1423635.0,0.0021599637547545544,0.013451481594650315,0.027954496763566504,,,,stage1: pt32
12984811.0,bfs,pt64,3332.0,54287.7,36795.7,5707.978873,436.20709,5730388102.0,6166915285.0,436527183.0,19207.0,,,0.437428,7.094447,768953.0,5455296.0,11507814.0,40402.363338,36623.576383,249268319760.0,6169647.0,3015569.0,0.274081,3154078.0,0.5361267570018077,1664030.0,576162.0,1619316.0,487.0,15025477.0,0.0,4964319.0,2195965.0,1381706.0,544255.0,8673307.0,2227696.0,312862.0,0.0,0.063022,0.090242,909769.0,54142.61,58005312.0,2479578031.699404,,0.0,0.0,5922664.0,81685.914454,81352.914454,171096539095.0,2094566.0,,0.353653,2094566.0,0.3536526806180462,,,,,,,,,,,,,,,,,,,,,1844.0,65.047784,2.0,165583.0,8774099.0,108.250066,6.75,5730390837.719165,436527182.7903487,57.54,0.0,0.0,ddr4_1x,70249907.0,0.06302213858537294,,4964319.0,l1d,2227696.0,0.4487415091576508,312862.0,imp,bfs_imp_pt64_l1d_ddr4_1x,30729211.0,31124590.0,0.023393,23393219031.0,,1.181550036335656,,,stage1,,,,,,,0.02764,0.048262486022001665,2195965.0,0.4423496958998807,544255.0,1381706.0,1664030.0,15025477.0,0.03622214456153372,0.0919575465058447,0.11074723284991218,2479578031.699404,58005312.0,0.3062023594917285,stage1: pt64
12845213.0,bfs,pt64,,,,,,,,,,,,0.493705,5.257401,705662.0,3709948.0,11419388.0,34874.66131,30709.928348,210033659102.0,6022529.0,2873203.0,0.275788,3149326.0,0.5273950758131697,1541502.0,573941.0,1581109.0,465.0,14545947.0,0.0,4956620.0,2155515.0,1314201.0,507210.0,8583785.0,2255403.0,321255.0,0.0,0.064813,0.092565,,,,,,0.0,0.0,5950664.0,64558.23788,64225.23788,136932670737.0,2121072.0,,0.356443,2121072.0,0.35644291124486277,,,,,,,,,,,,,,,,,,,,,1693.0,56.904085,2.0,58621.0,8774099.0,94.276137,,,,,,,ddr4_2x,62242163.0,0.0648133203675085,,4956620.0,l1d,2255403.0,0.455028426629437,321255.0,imp,bfs_imp_pt64_l1d_ddr4_2x,30729211.0,31124590.0,0.020727,20726640279.0,,1.2146475611521206,,,stage1,,,,,,,0.025176,0.0506409108506847,2155515.0,0.43487598403750943,507210.0,1314201.0,1541502.0,14545947.0,0.03486950694925535,0.09034825989672587,0.10597467459492324,,,,stage1: pt64
12888279.0,bfs,pt64,3332.0,58670.67,41178.67,5153.753048,397.438691,5170997149.0,5568658168.0,397661018.0,19207.0,,,0.39941,12.834697,88014.0,1129633.0,11488481.0,38616.055625,37718.071575,272377382949.0,7053475.0,3524833.0,0.307146,3528642.0,0.6139606271708157,,,,,,,,,,,,,,,,,,,,,24.80676,74705.0,1853189.0,3528869.0,85153.893873,85737.935046,115056109476.0,1351155.0,52160.0,0.368105,1298995.0,0.38288613150559003,54624.0,335977.0,136468.0,13.0,1443105.0,0.0,1243469.0,472458.0,26406.0,10214.0,3958455.0,458053.0,260786.0,0.0,0.209725,0.167194,769912.0,58367.88,49158272.0,1918754133.2850308,1927.0,71.752679,2.0,239250.0,8774099.0,117.217192,7.37,5170999647.413412,397661018.4759985,57.94,0.0,0.0,ddr4_1x,76936610.0,0.2097245689277336,,1243469.0,l2,458053.0,0.3683670441321818,260786.0,imp,bfs_imp_pt64_l2_ddr4_1x,30729211.0,31124590.0,0.02562,25619891130.0,,1.0788446526151445,,,stage1,,,,,,,0.02764,0.16178383700147833,472458.0,0.3799515709679936,10214.0,26406.0,54624.0,1443105.0,0.007077794062109133,0.018298044840812,0.037851715571632,1918754133.2850308,49158272.0,0.27649743695879003,stage1: pt64
12781588.0,bfs,pt64,,,,,,,,,,,,0.464409,10.578807,75127.0,794754.0,11405851.0,31945.092321,30704.835691,221566943589.0,6935868.0,3406926.0,0.309398,3528942.0,0.6080973703759588,,,,,,,,,,,,,,,,,,,,,22.297282,51843.0,1155958.0,3529169.0,67577.709641,68189.717017,90978248625.0,1346276.0,52909.0,0.366479,1293367.0,0.38147110552087476,39797.0,340961.0,133397.0,20.0,1423635.0,0.0,1255627.0,474378.0,19150.0,3075.0,3958413.0,462189.0,266135.0,0.0,0.211954,0.170654,,,,,1710.0,60.279502,2.0,68955.0,8774099.0,98.761061,,,,,,,ddr4_2x,66168464.0,0.21195386846571473,,1255627.0,l2,462189.0,0.36809418720686954,266135.0,imp,bfs_imp_pt64_l2_ddr4_2x,30729211.0,31124590.0,0.022034,22034098512.0,,1.1425978033947535,,,stage1,,,,,,,0.025176,0.16505407120144927,474378.0,0.3778016879216519,3075.0,19150.0,39797.0,1423635.0,0.0021599637547545544,0.013451481594650315,0.027954496763566504,,,,stage1: pt64
12989490.0,bfs,pt8,3332.0,54233.18,36741.18,5710.80971,436.236347,5733175052.0,6169693223.0,436518171.0,19207.0,,,0.437479,7.06549,767082.0,5419810.0,11510138.0,40341.116055,36560.696985,248866160295.0,6169045.0,3013973.0,0.274112,3155072.0,0.5359662064868379,1664080.0,576000.0,1615382.0,532.0,15019970.0,0.0,4961065.0,2191914.0,1382155.0,546505.0,8672014.0,2229420.0,312663.0,0.0,0.063023,0.090163,910619.0,54197.74,58059392.0,2482180820.1078887,,0.0,0.0,5924447.0,81632.340351,81299.340351,171047426399.0,2095339.0,,0.353677,2095339.0,0.35367672290764013,,,,,,,,,,,,,,,,,,,,,1820.0,65.042533,2.0,165579.0,8774099.0,108.208094,6.75,5733177788.267423,436518171.183111,57.54,0.0,0.0,ddr4_1x,70241671.0,0.06302336292711343,,4961065.0,l1d,2229420.0,0.4493833481319031,312663.0,imp,bfs_imp_pt8_l1d_ddr4_1x,30729211.0,31124590.0,0.02339,23390476443.0,,1.181701581872595,,,stage1,,,,,,,0.02764,0.04823774844531719,2191914.0,0.4418232778647327,546505.0,1382155.0,1664080.0,15019970.0,0.03638522580271465,0.0920211558345323,0.11079116669340884,2482180820.1078887,58059392.0,0.3063402908773259,stage1: pt8
12843354.0,bfs,pt8,,,,,,,,,,,,0.49364,5.199168,705240.0,3666661.0,11419256.0,34893.823991,30731.57152,210107438573.0,6021336.0,2871602.0,0.275827,3149734.0,0.5272966995397949,1541856.0,573955.0,1580071.0,499.0,14540215.0,0.0,4954829.0,2154525.0,1314222.0,507297.0,8582525.0,2254893.0,321357.0,0.0,0.064857,0.092581,,,,,,0.0,0.0,5950268.0,64577.587203,64244.587203,136993408208.0,2121377.0,,0.356518,2121377.0,0.35651789129498035,,,,,,,,,,,,,,,,,,,,,1744.0,56.893085,2.0,58691.0,8774099.0,94.279124,,,,,,,ddr4_2x,62250295.0,0.06485733412797899,,4954829.0,l1d,2254893.0,0.4550899738416805,321357.0,imp,bfs_imp_pt8_l1d_ddr4_2x,30729211.0,31124590.0,0.020729,20729348235.0,,1.2145303680833615,,,stage1,,,,,,,0.025176,0.05066570303812592,2154525.0,0.4348333716461254,507297.0,1314222.0,1541856.0,14540215.0,0.034889236507163066,0.0903853209873444,0.10604079788366265,,,,stage1: pt8
12888812.0,bfs,pt8,3332.0,58644.19,41152.19,5155.467089,397.4595,5172520557.0,5570249914.0,397729357.0,19207.0,,,0.399509,12.955416,87699.0,1136177.0,11489538.0,38659.859173,37712.246953,272675641399.0,7053198.0,3524573.0,0.307116,3528625.0,0.613880035907449,,,,,,,,,,,,,,,,,,,,,24.666542,74810.0,1845304.0,3528852.0,85107.860424,85726.61686,115031188394.0,1351593.0,52783.0,0.368055,1298810.0,0.38301209571838096,54514.0,335625.0,138183.0,15.0,1444621.0,0.0,1245117.0,473823.0,26405.0,10164.0,3958443.0,458137.0,260356.0,0.0,0.209102,0.166984,770189.0,58322.56,49178688.0,1920025626.2279727,1973.0,71.728505,2.0,238922.0,8774099.0,117.100794,7.37,5172523055.818206,397729356.6910465,57.92,0.0,0.0,ddr4_1x,76917592.0,0.20910163462550105,,1245117.0,l2,458137.0,0.36794694795750116,260356.0,imp,bfs_imp_pt8_l2_ddr4_1x,30729211.0,31124590.0,0.025614,25613558136.0,,1.0790973686265324,,,stage1,,,,,,,0.02764,0.16151627625936057,473823.0,0.3805449608350059,10164.0,26405.0,54514.0,1444621.0,0.007035755398820867,0.018278150462993407,0.03773584905660377,1920025626.2279727,49178688.0,0.27657647102337285,stage1: pt8
12782776.0,bfs,pt8,,,,,,,,,,,,0.464227,10.32297,75007.0,774295.0,11407403.0,31940.678955,30684.420262,221563003527.0,6936703.0,3407789.0,0.309353,3528914.0,0.608087835592378,,,,,,,,,,,,,,,,,,,,,21.784178,51964.0,1131993.0,3529140.0,67531.947601,68127.442332,90915154585.0,1346254.0,52561.0,0.366575,1293693.0,0.3814680063698238,40116.0,340894.0,132610.0,22.0,1422869.0,0.0,1254849.0,473526.0,19043.0,2836.0,3958867.0,462419.0,266326.0,0.0,0.212237,0.17072,,,,,1784.0,60.265997,2.0,69255.0,8774099.0,98.634604,,,,,,,ddr4_2x,66194429.0,0.21223748833524989,,1254849.0,l2,462419.0,0.36850569271681294,266326.0,imp,bfs_imp_pt8_l2_ddr4_2x,30729211.0,31124590.0,0.022043,22042744857.0,,1.1421312888445312,,,stage1,,,,,,,0.025176,0.16515521710550796,473526.0,0.3773569568928214,2836.0,19043.0,40116.0,1422869.0,0.001993156081129043,0.013383523008794205,0.02819374095577316,,,,stage1: pt8
12930797.0,bfs,sdist16,3332.0,57975.57,40483.57,6727.931569,450.872375,6752240945.0,7203452481.0,451211536.0,19207.0,,,0.451899,6.405724,1133745.0,7262457.0,11471915.0,41217.248757,37409.080898,226662182885.0,5499207.0,2389947.0,0.271032,3109260.0,0.4793625998797934,13979724.0,858373.0,1148271.0,840.0,40250506.0,0.0,5223342.0,2007484.0,1494475.0,3029705.0,43782406.0,2597004.0,440614.0,0.0,0.084355,0.124121,1212240.0,59437.5,77342272.0,3415559263.440301,,0.0,0.0,6325340.0,85459.315242,85126.315242,204165551566.0,2389038.0,,0.377693,2389038.0,0.37769321491018665,,,,,,,,,,,,,,,,,,,,,1844.0,59.666005,2.0,193253.0,8774099.0,107.767642,8.06,6752243771.412479,451211536.0557719,57.69,0.0,0.0,ddr4_1x,68000306.0,0.08435480579291955,,5223342.0,l1d,2597004.0,0.49719202763288334,440614.0,imp,bfs_imp_sdist16_l1d_ddr4_1x,30729211.0,31124590.0,0.022644,22644101898.0,,1.2206323971029853,,,stage1,,,,,,,0.02764,0.07417967645826364,2007484.0,0.38432941974697427,3029705.0,1494475.0,13979724.0,40250506.0,0.07527122764618165,0.03712934689566387,0.34731796912068635,3415559263.440301,77342272.0,0.3576689550987963,stage1: sdist16
12796239.0,bfs,sdist16,,,,,,,,,,,,0.521622,4.880411,1032758.0,5040284.0,11380680.0,34336.533633,31168.620603,184422655250.0,5371033.0,2277748.0,0.271801,3093285.0,0.4719430649135201,13195359.0,886826.0,1137663.0,909.0,38951123.0,0.0,5351311.0,2025398.0,1428451.0,2838538.0,43081549.0,2689456.0,454753.0,0.0,0.08498,0.12817,,,,,,0.0,0.0,6419441.0,65569.26392,65236.26392,160574078507.0,2448923.0,,0.381485,2448923.0,0.38148539724876357,,,,,,,,,,,,,,,,,,,,,1656.0,50.280045,2.0,56131.0,8774099.0,90.52647,,,,,,,ddr4_2x,58910955.0,0.08497973674114624,,5351311.0,l1d,2689456.0,0.5025789007590851,454753.0,imp,bfs_imp_sdist16_l1d_ddr4_2x,30729211.0,31124590.0,0.019617,19617348015.0,,1.2833766630983332,,,stage1,,,,,,,0.025176,0.07805865165661767,2025398.0,0.37848631858623055,2838538.0,1428451.0,13195359.0,38951123.0,0.07287435589469397,0.036672909276582344,0.33876710050182635,,,,stage1: sdist16
12817226.0,bfs,sdist16,3332.0,66751.74,49259.74,6245.696065,399.864443,6265062354.0,6665185249.0,400122894.0,19207.0,,,0.401197,15.575881,82531.0,1285493.0,11471944.0,38607.745615,38732.688225,260956586182.0,6759177.0,3230332.0,0.307607,3528845.0,0.5891919451489651,,,,,,,,,,,,,,,,,,,,,20.102702,167679.0,3370801.0,3528858.0,87790.58135,88453.493969,117295503302.0,1336083.0,51513.0,0.364019,1284570.0,0.3786162548903923,513125.0,494006.0,132041.0,18.0,3042728.0,0.0,1838477.0,626065.0,62232.0,182535.0,18321912.0,809468.0,351029.0,0.0,0.190935,0.214618,1211599.0,72161.95,77380352.0,3033837876.60633,2060.0,68.6748,2.0,371725.0,8774099.0,122.131029,9.55,6265064863.3067465,400122894.4969558,58.93,0.0,0.0,ddr4_1x,76593885.0,0.1909346703820608,,1838477.0,l2,809468.0,0.44029269879362104,351029.0,imp,bfs_imp_sdist16_l2_ddr4_1x,30729211.0,31124590.0,0.025506,25505763705.0,,1.0836665882537442,,,stage1,,,,,,,0.02764,0.2080650247286487,626065.0,0.3405345837886468,182535.0,62232.0,513125.0,3042728.0,0.05999057424784601,0.020452699025348305,0.16863978640220223,3033837876.60633,77380352.0,0.3309426764232361,stage1: sdist16
12735939.0,bfs,sdist16,,,,,,,,,,,,0.478285,12.032879,70409.0,847223.0,11401031.0,30732.869686,31008.531827,205705392323.0,6693335.0,3164305.0,0.309536,3529030.0,0.587081554291011,,,,,,,,,,,,,,,,,,,,,15.354736,130948.0,2010672.0,3529114.0,68845.011651,69486.085795,91541146642.0,1329670.0,48567.0,0.36301,1281103.0,0.37677162029903255,397558.0,513369.0,135405.0,49.0,2928819.0,0.0,1915481.0,648823.0,50961.0,123376.0,18333165.0,851751.0,366130.0,0.0,0.191143,0.22227,,,,,1734.0,55.998715,2.0,91203.0,8774099.0,98.773411,,,,,,,ddr4_2x,64248763.0,0.19114259029455266,,1915481.0,l2,851751.0,0.44466690089852107,366130.0,imp,bfs_imp_sdist16_l2_ddr4_2x,30729211.0,31124590.0,0.021395,21394838079.0,,1.1767235335358728,,,stage1,,,,,,,0.025176,0.21590399811298502,648823.0,0.3387258866049833,123376.0,50961.0,397558.0,2928819.0,0.04212482915468658,0.017399846149591353,0.13574003719588,,,,stage1: sdist16
13023203.0,bfs,sdist2,3332.0,52738.73,35246.73,5090.328844,421.666488,5109834151.0,5531802677.0,421968526.0,19207.0,,,0.423617,7.301404,558502.0,4077849.0,11529760.0,39638.102622,36027.935787,267769851116.0,6755365.0,3524290.0,0.280238,3231075.0,0.5859068185287465,443913.0,370413.0,1976429.0,227.0,9194436.0,0.0,4548979.0,2347069.0,1324209.0,43171.0,3831746.0,1766208.0,194551.0,0.0,0.042768,0.056793,718156.0,51442.23,45795584.0,1895835335.171959,,0.0,0.0,5433207.0,80110.631627,79777.631627,154504087918.0,1928634.0,,0.354972,1928634.0,0.354971566516792,,,,,,,,,,,,,,,,,,,,,1804.0,69.843082,2.0,162252.0,8774099.0,109.462309,6.09,5109836800.543034,421968525.8617036,57.48,0.0,0.0,ddr4_1x,72540201.0,0.0427680585027981,,4548979.0,l1d,1766208.0,0.388264707311245,194551.0,imp,bfs_imp_sdist2_l1d_ddr4_1x,30729211.0,31124590.0,0.024156,24155886933.0,,1.1442291770160622,,,stage1,,,,,,,0.02764,0.02799328797643022,2347069.0,0.5159551187200468,43171.0,1324209.0,443913.0,9194436.0,0.004695339659768147,0.14402286339259962,0.048280612318145455,1895835335.171959,45795584.0,0.27466747209258285,stage1: sdist2
12859096.0,bfs,sdist2,,,,,,,,,,,,0.474787,5.458721,504394.0,2753346.0,11426245.0,34661.700664,30308.246029,228321578900.0,6587143.0,3359337.0,0.282491,3227806.0,0.5764923647269947,407963.0,359648.0,1907103.0,259.0,8917691.0,0.0,4473156.0,2267010.0,1264275.0,40570.0,3782711.0,1766786.0,201698.0,0.0,0.045091,0.058813,,,,,,0.0,0.0,5434178.0,64160.999998,63827.999998,123818731889.0,1929813.0,,0.355125,1929813.0,0.3551250989570088,,,,,,,,,,,,,,,,,,,,,1833.0,61.719197,2.0,61211.0,8774099.0,96.499708,,,,,,,ddr4_2x,64722199.0,0.04509075918657878,,4473156.0,l1d,1766786.0,0.3949752702566152,201698.0,imp,bfs_imp_sdist2_l1d_ddr4_2x,30729211.0,31124590.0,0.021552,21552492267.0,,1.1681514476614698,,,stage1,,,,,,,0.025176,0.029710225942837665,2267010.0,0.506803250322591,40570.0,1264275.0,407963.0,8917691.0,0.004549383915634663,0.14177156396201662,0.04574760439669865,,,,stage1: sdist2
12931918.0,bfs,sdist2,3332.0,54904.46,37412.46,4581.839233,391.323642,4597283654.0,4988873749.0,391590095.0,19207.0,,,0.39447,11.390533,92845.0,1057554.0,11495059.0,39434.712826,37430.05949,286699432230.0,7270230.0,3741532.0,0.306975,3528698.0,0.6324656532863381,,,,,,,,,,,,,,,,,,,,,35.153395,25581.0,899259.0,3528921.0,82777.655677,83364.779613,114711619684.0,1385780.0,61888.0,0.375155,1323892.0,0.39269227052688344,8523.0,231456.0,114522.0,8.0,946425.0,0.0,885485.0,345986.0,10395.0,299.0,1823617.0,294030.0,183571.0,0.0,0.207311,0.121775,537961.0,51177.42,34351040.0,1324211098.0659063,1860.0,75.65412,2.0,209977.0,8774099.0,116.209157,6.42,4597286121.544572,391590095.1048818,57.45,0.0,0.0,ddr4_1x,77900175.0,0.20731124750842758,,885485.0,l2,294030.0,0.3320553143192714,183571.0,imp,bfs_imp_sdist2_l2_ddr4_1x,30729211.0,31124590.0,0.025941,25940758275.0,,1.0654947766084577,,,stage1,,,,,,,0.02764,0.11697255744572119,345986.0,0.39073050362230866,299.0,10395.0,8523.0,946425.0,0.0003159257204744169,0.010983437673349711,0.009005467945162058,1324211098.0659063,34351040.0,0.24770972886003337,stage1: sdist2
12805892.0,bfs,sdist2,,,,,,,,,,,,0.450681,9.680528,79547.0,770057.0,11405560.0,33376.773569,30810.815656,237993551210.0,7130514.0,3601794.0,0.309386,3528720.0,0.6251787724583449,,,,,,,,,,,,,,,,,,,,,31.440372,19806.0,622708.0,3528960.0,66153.749638,66845.303667,91618444794.0,1384932.0,63038.0,0.374585,1321894.0,0.392447633297062,7004.0,230858.0,114200.0,12.0,943377.0,0.0,886919.0,345070.0,8586.0,157.0,1824961.0,294294.0,184508.0,0.0,0.208033,0.122483,,,,,1792.0,64.757518,2.0,68196.0,8774099.0,99.741844,,,,,,,ddr4_2x,68184096.0,0.20803252608186318,,886919.0,l2,294294.0,0.3318160959456275,184508.0,imp,bfs_imp_sdist2_l2_ddr4_2x,30729211.0,31124590.0,0.022705,22705303968.0,,1.1088306540409603,,,stage1,,,,,,,0.025176,0.11756295239066164,345070.0,0.38906596882015154,157.0,8586.0,7004.0,943377.0,0.00016642339170872304,0.009101345485420994,0.00742439130909488,,,,stage1: sdist2
12960880.0,bfs,sdist8,3332.0,56171.5,38679.5,6252.261292,446.711481,6276059027.0,6723075678.0,447016652.0,19207.0,,,0.447644,6.682342,951896.0,6360895.0,11494089.0,40817.301184,37051.163212,235258148212.0,5763687.0,2651860.0,0.270733,3111827.0,0.501447918142969,5107819.0,756783.0,1315582.0,724.0,24544292.0,0.0,5157984.0,2073089.0,1480460.0,1462498.0,19592020.0,2480070.0,403198.0,0.0,0.07817,0.114707,1068975.0,57055.11,68177152.0,2982466520.224733,,0.0,0.0,6196945.0,83608.208444,83275.208444,187421427366.0,2241663.0,,0.361737,2241663.0,0.36173679127376474,,,,,,,,,,,,,,,,,,,,,1947.0,61.434313,2.0,173339.0,8774099.0,107.545365,7.46,6276061826.313243,447016651.664334,57.57,0.0,0.0,ddr4_1x,68646602.0,0.07816968800213417,,5157984.0,l1d,2480070.0,0.4808215768020994,403198.0,imp,bfs_imp_sdist8_l1d_ddr4_1x,30729211.0,31124590.0,0.022859,22859318466.0,,1.209151756419791,,,stage1,,,,,,,0.02764,0.06538114461352855,2073089.0,0.40191846271721665,1462498.0,1480460.0,5107819.0,24544292.0,0.059586074024869,0.06031789387121046,0.20810618615521687,2982466520.224733,68177152.0,0.3338170771783275,stage1: sdist8
12822226.0,bfs,sdist8,,,,,,,,,,,,0.510379,5.032057,865549.0,4355492.0,11403292.0,34715.851944,31063.108487,195165229302.0,5621790.0,2523934.0,0.271663,3097856.0,0.4929971099573702,4745976.0,761042.0,1309213.0,759.0,23691661.0,0.0,5230504.0,2071014.0,1402242.0,1365702.0,19342603.0,2540129.0,416196.0,0.0,0.079571,0.118438,,,,,,0.0,0.0,6257577.0,65254.029948,64921.029948,149369933015.0,2289053.0,,0.365805,2289053.0,0.3658050072735821,,,,,,,,,,,,,,,,,,,,,1703.0,52.867934,2.0,56288.0,8774099.0,92.182987,,,,,,,ddr4_2x,60208671.0,0.07957091706650067,,5230504.0,l1d,2540129.0,0.48563752173786695,416196.0,imp,bfs_imp_sdist8_l1d_ddr4_2x,30729211.0,31124590.0,0.020049,20049487443.0,,1.2557234774801735,,,stage1,,,,,,,0.025176,0.06892960666023405,2071014.0,0.3959492240135941,1365702.0,1402242.0,4745976.0,23691661.0,0.057644839675867386,0.05918715450132433,0.20032263672859407,,,,stage1: sdist8
12848099.0,bfs,sdist8,3332.0,62291.0,44799.0,5672.965578,397.759678,5691068035.0,6089044943.0,397976908.0,19207.0,,,0.399223,14.457838,84567.0,1222656.0,11476841.0,38644.074699,38192.318624,266417236062.0,6894129.0,3365268.0,0.307477,3528861.0,0.6006991819438816,,,,,,,,,,,,,,,,,,,,,21.234925,124938.0,2653049.0,3529084.0,86806.729533,87328.400481,115925092081.0,1335439.0,48417.0,0.36469,1287022.0,0.3784095249645517,194144.0,436348.0,147832.0,27.0,2106420.0,0.0,1576449.0,584207.0,45700.0,63854.0,8570908.0,627778.0,315982.0,0.0,0.200439,0.197119,991464.0,64640.64,63313920.0,2470124007.642353,2100.0,70.367949,2.0,313912.0,8774099.0,120.138202,8.37,5691070532.135426,397976907.9068687,58.44,0.0,0.0,ddr4_1x,76972610.0,0.20043908810243782,,1576449.0,l2,627778.0,0.398222841335178,315982.0,imp,bfs_imp_sdist8_l2_ddr4_1x,30729211.0,31124590.0,0.025632,25631879130.0,,1.078339575530587,,,stage1,,,,,,,0.02764,0.19133945856326157,584207.0,0.37058414195448125,63854.0,45700.0,194144.0,2106420.0,0.0303139924611426,0.021695578279735287,0.0921677538192763,2470124007.642353,63313920.0,0.30233590740784394,stage1: sdist8
12756824.0,bfs,sdist8,,,,,,,,,,,,0.471162,11.449522,72973.0,835506.0,11402903.0,31280.973074,30842.005602,213025866550.0,6810078.0,3280998.0,0.30949,3529080.0,0.5972231807987843,,,,,,,,,,,,,,,,,,,,,17.270642,92044.0,1589659.0,3529295.0,68532.697416,69076.649978,91169115905.0,1330301.0,47890.0,0.363362,1282411.0,0.3769310868034551,152168.0,450305.0,145961.0,27.0,2063680.0,0.0,1620036.0,596293.0,36354.0,32641.0,8572416.0,650691.0,325093.0,0.0,0.20067,0.202235,,,,,1824.0,57.971149,2.0,77876.0,8774099.0,99.104418,,,,,,,ddr4_2x,65220185.0,0.20067023201953538,,1620036.0,l2,650691.0,0.4016521855069887,325093.0,imp,bfs_imp_sdist8_l2_ddr4_2x,30729211.0,31124590.0,0.021718,21718321605.0,,1.1592227645271203,,,stage1,,,,,,,0.025176,0.19638406325019905,596293.0,0.3680739193450022,32641.0,36354.0,152168.0,2063680.0,0.015816890215537293,0.017616103271825088,0.07373623817646147,,,,stage1: sdist8
12991011.0,bfs,sthr2,3332.0,54290.82,36798.82,5708.092717,436.262754,5730488455.0,6167035738.0,436547283.0,19207.0,,,0.437431,7.106174,767089.0,5451068.0,11512102.0,40395.764469,36616.489406,249271355679.0,6170730.0,3016718.0,0.273974,3154012.0,0.5360211367133474,1665193.0,577303.0,1619909.0,466.0,15028194.0,0.0,4967605.0,2197678.0,1381714.0,546192.0,8675182.0,2228993.0,312640.0,0.0,0.062936,0.090185,909764.0,54172.74,58004608.0,2479568868.2741017,,0.0,0.0,5924161.0,81689.16942,81356.16942,171104908930.0,2094585.0,,0.353567,2094585.0,0.35356652190917837,,,,,,,,,,,,,,,,,,,,,1813.0,65.025958,2.0,165413.0,8774099.0,108.136352,6.75,5730491191.345656,436547282.82680666,57.52,0.0,0.0,ddr4_1x,70249314.0,0.06293576079418553,,4967605.0,l1d,2228993.0,0.4487057646491619,312640.0,imp,bfs_imp_sthr2_l1d_ddr4_1x,30729211.0,31124590.0,0.023393,23393021562.0,,1.181550036335656,,,stage1,,,,,,,0.02764,0.048221835249260804,2197678.0,0.4424019220529813,546192.0,1381714.0,1665193.0,15028194.0,0.03634448690241821,0.09194145351064806,0.11080459834362,2479568868.2741017,58004608.0,0.306208340276465,stage1: sthr2
12844889.0,bfs,sthr2,,,,,,,,,,,,0.49351,5.235625,705514.0,3693807.0,11418650.0,34909.317266,30735.12079,210406554121.0,6027232.0,2877513.0,0.27584,3149719.0,0.5278410319959015,1548684.0,573646.0,1581794.0,471.0,14564298.0,0.0,4956886.0,2155911.0,1315595.0,509425.0,8583118.0,2255448.0,321409.0,0.0,0.064841,0.092595,,,,,,0.0,0.0,5950923.0,64616.036869,64283.036869,137070063627.0,2121301.0,,0.356466,2121301.0,0.3564658793266187,,,,,,,,,,,,,,,,,,,,,1746.0,56.95225,2.0,59018.0,8774099.0,94.387862,,,,,,,ddr4_2x,62266702.0,0.06484091020047666,,4956886.0,l1d,2255448.0,0.4550130868452492,321409.0,imp,bfs_imp_sthr2_l1d_ddr4_2x,30729211.0,31124590.0,0.020735,20734811766.0,,1.2141789245237522,,,stage1,,,,,,,0.025176,0.05062642540348399,2155911.0,0.4349325362737816,509425.0,1315595.0,1548684.0,14564298.0,0.0349776556343464,0.09033013468963626,0.106334270282028,,,,stage1: sthr2
12892283.0,bfs,sthr2,3332.0,58689.19,41197.19,5157.54653,397.57099,5174503314.0,5572336715.0,397833401.0,19207.0,,,0.399586,12.885164,88152.0,1135853.0,11493070.0,38619.561615,37740.069892,272504994878.0,7056139.0,3527487.0,0.307024,3528652.0,0.6139472743139996,,,,,,,,,,,,,,,,,,,,,24.735981,75025.0,1855817.0,3528877.0,85193.153924,85776.630349,115157630795.0,1351724.0,52814.0,0.36808,1298910.0,0.3830465045962214,55115.0,335766.0,138075.0,22.0,1445715.0,0.0,1245452.0,473863.0,26626.0,10110.0,3958513.0,458528.0,260240.0,0.0,0.208952,0.166911,770503.0,58361.07,49197824.0,1921142434.6660664,1858.0,71.705575,2.0,237814.0,8774099.0,117.084155,7.37,5174505813.559351,397833401.0833482,58.05,0.0,0.0,ddr4_1x,76902790.0,0.2089522518732155,,1245452.0,l2,458528.0,0.3681619203309321,260240.0,imp,bfs_imp_sthr2_l2_ddr4_1x,30729211.0,31124590.0,0.025609,25608629070.0,,1.0793080557616463,,,stage1,,,,,,,0.02764,0.1614428113779216,473863.0,0.38047471921840426,10110.0,26626.0,55115.0,1445715.0,0.006993079548873741,0.018417184576489835,0.0381230048799383,1921142434.6660664,49197824.0,0.27668008577409664,stage1: sthr2
12781920.0,bfs,sthr2,,,,,,,,,,,,0.46442,10.568398,75083.0,793507.0,11406648.0,31938.13473,30670.601092,221487451161.0,6934890.0,3405885.0,0.309381,3529005.0,0.6079691422054928,,,,,,,,,,,,,,,,,,,,,21.66548,51961.0,1125760.0,3529233.0,67509.83728,68107.807595,90870131254.0,1346028.0,52479.0,0.366524,1293549.0,0.38139391760192654,39506.0,340996.0,132964.0,20.0,1422522.0,0.0,1254766.0,473980.0,19096.0,3071.0,3958914.0,461973.0,266327.0,0.0,0.212252,0.170736,,,,,1659.0,60.24877,2.0,68501.0,8774099.0,98.607571,,,,,,,ddr4_2x,66166890.0,0.21225232433776497,,1254766.0,l2,461973.0,0.36817462379439675,266327.0,imp,bfs_imp_sthr2_l2_ddr4_2x,30729211.0,31124590.0,0.022034,22033574370.0,,1.1425978033947535,,,stage1,,,,,,,0.025176,0.16517888430277453,473980.0,0.3777437386731869,3071.0,19096.0,39506.0,1422522.0,0.002158841831620179,0.01342404546291727,0.02777180247475962,,,,stage1: sthr2
12994010.0,bfs,sthr8,3332.0,54267.89,36775.89,5708.222057,436.155029,5730834282.0,6167276476.0,436442195.0,19207.0,,,0.437279,7.090802,767817.0,5444438.0,11514931.0,40392.243797,36595.752175,249172198636.0,6168813.0,3013653.0,0.274006,3155160.0,0.5357229669895547,1670088.0,576950.0,1612469.0,482.0,15018453.0,0.0,4961337.0,2189901.0,1382849.0,547287.0,8675563.0,2231527.0,312405.0,0.0,0.062968,0.090093,910080.0,54199.31,58021632.0,2479435378.293792,,0.0,0.0,5926818.0,81663.681133,81330.681133,171121262329.0,2095439.0,,0.353552,2095439.0,0.3535521083994818,,,,,,,,,,,,,,,,,,,,,1824.0,65.025349,2.0,165924.0,8774099.0,107.934102,6.75,5730837016.474896,436442194.84361136,57.51,0.0,0.0,ddr4_1x,70273715.0,0.06296790562705173,,4961337.0,l1d,2231527.0,0.4497833950808018,312405.0,imp,bfs_imp_sthr8_l1d_ddr4_1x,30729211.0,31124590.0,0.023401,23401147095.0,,1.1811461048673133,,,stage1,,,,,,,0.02764,0.0482015880348416,2189901.0,0.441393317970539,547287.0,1382849.0,1670088.0,15018453.0,0.03644097031831441,0.09207666062543193,0.11120239880898519,2479435378.293792,58021632.0,0.30622029350432894,stage1: sthr8
12844995.0,bfs,sthr8,,,,,,,,,,,,0.493458,5.222112,704509.0,3679025.0,11419323.0,34899.798403,30707.358933,209960851673.0,6016105.0,2866601.0,0.275805,3149504.0,0.5268355225611886,1539754.0,575194.0,1581067.0,476.0,14527454.0,0.0,4956125.0,2156737.0,1309846.0,509389.0,8576642.0,2253706.0,321644.0,0.0,0.064898,0.092662,,,,,,0.0,0.0,5949118.0,64529.689509,64196.689509,136877086373.0,2121149.0,,0.356548,2121149.0,0.35654848332139316,,,,,,,,,,,,,,,,,,,,,1781.0,56.838652,2.0,58117.0,8774099.0,94.18621,,,,,,,ddr4_2x,62273222.0,0.0648982824283084,,4956125.0,l1d,2253706.0,0.45473146863729225,321644.0,imp,bfs_imp_sthr8_l1d_ddr4_2x,30729211.0,31124590.0,0.020737,20736982926.0,,1.2140618218643007,,,stage1,,,,,,,0.025176,0.05075051094639437,2156737.0,0.43516598148755326,509389.0,1309846.0,1539754.0,14527454.0,0.035063886624593685,0.09016349320397091,0.10598925317540156,,,,stage1: sthr8
12883820.0,bfs,sthr8,3332.0,58677.14,41185.14,5155.931098,397.5637,5172923562.0,5570714661.0,397791099.0,19207.0,,,0.399543,12.804523,88174.0,1129026.0,11486411.0,38668.81868,37709.184144,272807819752.0,7054982.0,3526353.0,0.3072,3528629.0,0.6142024693352867,,,,,,,,,,,,,,,,,,,,,25.111419,74610.0,1873563.0,3528851.0,85080.464099,85674.604046,115010580242.0,1351786.0,52902.0,0.368076,1298884.0,0.3830668962787038,55301.0,334959.0,137894.0,19.0,1444667.0,0.0,1244075.0,472872.0,26658.0,10147.0,3958665.0,458215.0,260066.0,0.0,0.209044,0.166821,770139.0,58496.2,49177600.0,1920148508.343836,1961.0,71.834939,2.0,239768.0,8774099.0,117.581008,7.36,5172926061.088593,397791099.16414654,58.0,0.0,0.0,ddr4_1x,76910968.0,0.20904366698149227,,1244075.0,l2,458215.0,0.36831782649759864,260066.0,imp,bfs_imp_sthr8_l2_ddr4_1x,30729211.0,31124590.0,0.025611,25611352344.0,,1.0792237710358832,,,stage1,,,,,,,0.02764,0.16134607892039715,472872.0,0.38009927054237086,10147.0,26658.0,55301.0,1444667.0,0.007023763953907717,0.01845269532702,0.03827940971864104,1920148508.343836,49177600.0,0.27659954684351795,stage1: sthr8
12786840.0,bfs,sthr8,,,,,,,,,,,,0.464256,10.569215,74868.0,791296.0,11410225.0,31979.122884,30675.517428,221854397510.0,6937476.0,3408559.0,0.309277,3528917.0,0.6080051883288892,,,,,,,,,,,,,,,,,,,,,21.631979,51815.0,1120861.0,3529144.0,67512.597341,68104.276501,90904159530.0,1346477.0,52482.0,0.36666,1293995.0,0.38153076213382053,40157.0,340565.0,132978.0,19.0,1422869.0,0.0,1254539.0,473562.0,19294.0,2838.0,3959211.0,462449.0,266021.0,0.0,0.212047,0.170525,,,,,1646.0,60.28241,2.0,69050.0,8774099.0,98.743301,,,,,,,ddr4_2x,66190284.0,0.21204681560318173,,1254539.0,l2,462449.0,0.36862066464255,266021.0,imp,bfs_imp_sthr8_l2_ddr4_2x,30729211.0,31124590.0,0.022041,22041364572.0,,1.1422349258200626,,,stage1,,,,,,,0.025176,0.16497446818538689,473562.0,0.377478898623319,2838.0,19294.0,40157.0,1422869.0,0.0019945616919055794,0.01355992716124956,0.02822255597669216,,,,stage1: sthr8
12984811.0,bfs,thr1,3332.0,54287.7,36795.7,5707.978873,436.20709,5730388102.0,6166915285.0,436527183.0,19207.0,,,0.437428,7.094447,768953.0,5455296.0,11507814.0,40402.363338,36623.576383,249268319760.0,6169647.0,3015569.0,0.274081,3154078.0,0.5361267570018077,1664030.0,576162.0,1619316.0,487.0,15025477.0,0.0,4964319.0,2195965.0,1381706.0,544255.0,8673307.0,2227696.0,312862.0,0.0,0.063022,0.090242,909769.0,54142.61,58005312.0,2479578031.699404,,0.0,0.0,5922664.0,81685.914454,81352.914454,171096539095.0,2094566.0,,0.353653,2094566.0,0.3536526806180462,,,,,,,,,,,,,,,,,,,,,1844.0,65.047784,2.0,165583.0,8774099.0,108.250066,6.75,5730390837.719165,436527182.7903487,57.54,0.0,0.0,ddr4_1x,70249907.0,0.06302213858537294,,4964319.0,l1d,2227696.0,0.4487415091576508,312862.0,imp,bfs_imp_thr1_l1d_ddr4_1x,30729211.0,31124590.0,0.023393,23393219031.0,,1.181550036335656,,,stage1,,,,,,,0.02764,0.048262486022001665,2195965.0,0.4423496958998807,544255.0,1381706.0,1664030.0,15025477.0,0.03622214456153372,0.0919575465058447,0.11074723284991218,2479578031.699404,58005312.0,0.3062023594917285,stage1: thr1
12845213.0,bfs,thr1,,,,,,,,,,,,0.493705,5.257401,705662.0,3709948.0,11419388.0,34874.66131,30709.928348,210033659102.0,6022529.0,2873203.0,0.275788,3149326.0,0.5273950758131697,1541502.0,573941.0,1581109.0,465.0,14545947.0,0.0,4956620.0,2155515.0,1314201.0,507210.0,8583785.0,2255403.0,321255.0,0.0,0.064813,0.092565,,,,,,0.0,0.0,5950664.0,64558.23788,64225.23788,136932670737.0,2121072.0,,0.356443,2121072.0,0.35644291124486277,,,,,,,,,,,,,,,,,,,,,1693.0,56.904085,2.0,58621.0,8774099.0,94.276137,,,,,,,ddr4_2x,62242163.0,0.0648133203675085,,4956620.0,l1d,2255403.0,0.455028426629437,321255.0,imp,bfs_imp_thr1_l1d_ddr4_2x,30729211.0,31124590.0,0.020727,20726640279.0,,1.2146475611521206,,,stage1,,,,,,,0.025176,0.0506409108506847,2155515.0,0.43487598403750943,507210.0,1314201.0,1541502.0,14545947.0,0.03486950694925535,0.09034825989672587,0.10597467459492324,,,,stage1: thr1
12888279.0,bfs,thr1,3332.0,58670.67,41178.67,5153.753048,397.438691,5170997149.0,5568658168.0,397661018.0,19207.0,,,0.39941,12.834697,88014.0,1129633.0,11488481.0,38616.055625,37718.071575,272377382949.0,7053475.0,3524833.0,0.307146,3528642.0,0.6139606271708157,,,,,,,,,,,,,,,,,,,,,24.80676,74705.0,1853189.0,3528869.0,85153.893873,85737.935046,115056109476.0,1351155.0,52160.0,0.368105,1298995.0,0.38288613150559003,54624.0,335977.0,136468.0,13.0,1443105.0,0.0,1243469.0,472458.0,26406.0,10214.0,3958455.0,458053.0,260786.0,0.0,0.209725,0.167194,769912.0,58367.88,49158272.0,1918754133.2850308,1927.0,71.752679,2.0,239250.0,8774099.0,117.217192,7.37,5170999647.413412,397661018.4759985,57.94,0.0,0.0,ddr4_1x,76936610.0,0.2097245689277336,,1243469.0,l2,458053.0,0.3683670441321818,260786.0,imp,bfs_imp_thr1_l2_ddr4_1x,30729211.0,31124590.0,0.02562,25619891130.0,,1.0788446526151445,,,stage1,,,,,,,0.02764,0.16178383700147833,472458.0,0.3799515709679936,10214.0,26406.0,54624.0,1443105.0,0.007077794062109133,0.018298044840812,0.037851715571632,1918754133.2850308,49158272.0,0.27649743695879003,stage1: thr1
12781588.0,bfs,thr1,,,,,,,,,,,,0.464409,10.578807,75127.0,794754.0,11405851.0,31945.092321,30704.835691,221566943589.0,6935868.0,3406926.0,0.309398,3528942.0,0.6080973703759588,,,,,,,,,,,,,,,,,,,,,22.297282,51843.0,1155958.0,3529169.0,67577.709641,68189.717017,90978248625.0,1346276.0,52909.0,0.366479,1293367.0,0.38147110552087476,39797.0,340961.0,133397.0,20.0,1423635.0,0.0,1255627.0,474378.0,19150.0,3075.0,3958413.0,462189.0,266135.0,0.0,0.211954,0.170654,,,,,1710.0,60.279502,2.0,68955.0,8774099.0,98.761061,,,,,,,ddr4_2x,66168464.0,0.21195386846571473,,1255627.0,l2,462189.0,0.36809418720686954,266135.0,imp,bfs_imp_thr1_l2_ddr4_2x,30729211.0,31124590.0,0.022034,22034098512.0,,1.1425978033947535,,,stage1,,,,,,,0.025176,0.16505407120144927,474378.0,0.3778016879216519,3075.0,19150.0,39797.0,1423635.0,0.0021599637547545544,0.013451481594650315,0.027954496763566504,,,,stage1: thr1
12984811.0,bfs,thr3,3332.0,54287.7,36795.7,5707.978873,436.20709,5730388102.0,6166915285.0,436527183.0,19207.0,,,0.437428,7.094447,768953.0,5455296.0,11507814.0,40402.363338,36623.576383,249268319760.0,6169647.0,3015569.0,0.274081,3154078.0,0.5361267570018077,1664030.0,576162.0,1619316.0,487.0,15025477.0,0.0,4964319.0,2195965.0,1381706.0,544255.0,8673307.0,2227696.0,312862.0,0.0,0.063022,0.090242,909769.0,54142.61,58005312.0,2479578031.699404,,0.0,0.0,5922664.0,81685.914454,81352.914454,171096539095.0,2094566.0,,0.353653,2094566.0,0.3536526806180462,,,,,,,,,,,,,,,,,,,,,1844.0,65.047784,2.0,165583.0,8774099.0,108.250066,6.75,5730390837.719165,436527182.7903487,57.54,0.0,0.0,ddr4_1x,70249907.0,0.06302213858537294,,4964319.0,l1d,2227696.0,0.4487415091576508,312862.0,imp,bfs_imp_thr3_l1d_ddr4_1x,30729211.0,31124590.0,0.023393,23393219031.0,,1.181550036335656,,,stage1,,,,,,,0.02764,0.048262486022001665,2195965.0,0.4423496958998807,544255.0,1381706.0,1664030.0,15025477.0,0.03622214456153372,0.0919575465058447,0.11074723284991218,2479578031.699404,58005312.0,0.3062023594917285,stage1: thr3
12845213.0,bfs,thr3,,,,,,,,,,,,0.493705,5.257401,705662.0,3709948.0,11419388.0,34874.66131,30709.928348,210033659102.0,6022529.0,2873203.0,0.275788,3149326.0,0.5273950758131697,1541502.0,573941.0,1581109.0,465.0,14545947.0,0.0,4956620.0,2155515.0,1314201.0,507210.0,8583785.0,2255403.0,321255.0,0.0,0.064813,0.092565,,,,,,0.0,0.0,5950664.0,64558.23788,64225.23788,136932670737.0,2121072.0,,0.356443,2121072.0,0.35644291124486277,,,,,,,,,,,,,,,,,,,,,1693.0,56.904085,2.0,58621.0,8774099.0,94.276137,,,,,,,ddr4_2x,62242163.0,0.0648133203675085,,4956620.0,l1d,2255403.0,0.455028426629437,321255.0,imp,bfs_imp_thr3_l1d_ddr4_2x,30729211.0,31124590.0,0.020727,20726640279.0,,1.2146475611521206,,,stage1,,,,,,,0.025176,0.0506409108506847,2155515.0,0.43487598403750943,507210.0,1314201.0,1541502.0,14545947.0,0.03486950694925535,0.09034825989672587,0.10597467459492324,,,,stage1: thr3
12888279.0,bfs,thr3,3332.0,58670.67,41178.67,5153.753048,397.438691,5170997149.0,5568658168.0,397661018.0,19207.0,,,0.39941,12.834697,88014.0,1129633.0,11488481.0,38616.055625,37718.071575,272377382949.0,7053475.0,3524833.0,0.307146,3528642.0,0.6139606271708157,,,,,,,,,,,,,,,,,,,,,24.80676,74705.0,1853189.0,3528869.0,85153.893873,85737.935046,115056109476.0,1351155.0,52160.0,0.368105,1298995.0,0.38288613150559003,54624.0,335977.0,136468.0,13.0,1443105.0,0.0,1243469.0,472458.0,26406.0,10214.0,3958455.0,458053.0,260786.0,0.0,0.209725,0.167194,769912.0,58367.88,49158272.0,1918754133.2850308,1927.0,71.752679,2.0,239250.0,8774099.0,117.217192,7.37,5170999647.413412,397661018.4759985,57.94,0.0,0.0,ddr4_1x,76936610.0,0.2097245689277336,,1243469.0,l2,458053.0,0.3683670441321818,260786.0,imp,bfs_imp_thr3_l2_ddr4_1x,30729211.0,31124590.0,0.02562,25619891130.0,,1.0788446526151445,,,stage1,,,,,,,0.02764,0.16178383700147833,472458.0,0.3799515709679936,10214.0,26406.0,54624.0,1443105.0,0.007077794062109133,0.018298044840812,0.037851715571632,1918754133.2850308,49158272.0,0.27649743695879003,stage1: thr3
12781588.0,bfs,thr3,,,,,,,,,,,,0.464409,10.578807,75127.0,794754.0,11405851.0,31945.092321,30704.835691,221566943589.0,6935868.0,3406926.0,0.309398,3528942.0,0.6080973703759588,,,,,,,,,,,,,,,,,,,,,22.297282,51843.0,1155958.0,3529169.0,67577.709641,68189.717017,90978248625.0,1346276.0,52909.0,0.366479,1293367.0,0.38147110552087476,39797.0,340961.0,133397.0,20.0,1423635.0,0.0,1255627.0,474378.0,19150.0,3075.0,3958413.0,462189.0,266135.0,0.0,0.211954,0.170654,,,,,1710.0,60.279502,2.0,68955.0,8774099.0,98.761061,,,,,,,ddr4_2x,66168464.0,0.21195386846571473,,1255627.0,l2,462189.0,0.36809418720686954,266135.0,imp,bfs_imp_thr3_l2_ddr4_2x,30729211.0,31124590.0,0.022034,22034098512.0,,1.1425978033947535,,,stage1,,,,,,,0.025176,0.16505407120144927,474378.0,0.3778016879216519,3075.0,19150.0,39797.0,1423635.0,0.0021599637547545544,0.013451481594650315,0.027954496763566504,,,,stage1: thr3
12984811.0,bfs,thr4,3332.0,54287.7,36795.7,5707.978873,436.20709,5730388102.0,6166915285.0,436527183.0,19207.0,,,0.437428,7.094447,768953.0,5455296.0,11507814.0,40402.363338,36623.576383,249268319760.0,6169647.0,3015569.0,0.274081,3154078.0,0.5361267570018077,1664030.0,576162.0,1619316.0,487.0,15025477.0,0.0,4964319.0,2195965.0,1381706.0,544255.0,8673307.0,2227696.0,312862.0,0.0,0.063022,0.090242,909769.0,54142.61,58005312.0,2479578031.699404,,0.0,0.0,5922664.0,81685.914454,81352.914454,171096539095.0,2094566.0,,0.353653,2094566.0,0.3536526806180462,,,,,,,,,,,,,,,,,,,,,1844.0,65.047784,2.0,165583.0,8774099.0,108.250066,6.75,5730390837.719165,436527182.7903487,57.54,0.0,0.0,ddr4_1x,70249907.0,0.06302213858537294,,4964319.0,l1d,2227696.0,0.4487415091576508,312862.0,imp,bfs_imp_thr4_l1d_ddr4_1x,30729211.0,31124590.0,0.023393,23393219031.0,,1.181550036335656,,,stage1,,,,,,,0.02764,0.048262486022001665,2195965.0,0.4423496958998807,544255.0,1381706.0,1664030.0,15025477.0,0.03622214456153372,0.0919575465058447,0.11074723284991218,2479578031.699404,58005312.0,0.3062023594917285,stage1: thr4
12845213.0,bfs,thr4,,,,,,,,,,,,0.493705,5.257401,705662.0,3709948.0,11419388.0,34874.66131,30709.928348,210033659102.0,6022529.0,2873203.0,0.275788,3149326.0,0.5273950758131697,1541502.0,573941.0,1581109.0,465.0,14545947.0,0.0,4956620.0,2155515.0,1314201.0,507210.0,8583785.0,2255403.0,321255.0,0.0,0.064813,0.092565,,,,,,0.0,0.0,5950664.0,64558.23788,64225.23788,136932670737.0,2121072.0,,0.356443,2121072.0,0.35644291124486277,,,,,,,,,,,,,,,,,,,,,1693.0,56.904085,2.0,58621.0,8774099.0,94.276137,,,,,,,ddr4_2x,62242163.0,0.0648133203675085,,4956620.0,l1d,2255403.0,0.455028426629437,321255.0,imp,bfs_imp_thr4_l1d_ddr4_2x,30729211.0,31124590.0,0.020727,20726640279.0,,1.2146475611521206,,,stage1,,,,,,,0.025176,0.0506409108506847,2155515.0,0.43487598403750943,507210.0,1314201.0,1541502.0,14545947.0,0.03486950694925535,0.09034825989672587,0.10597467459492324,,,,stage1: thr4
12888279.0,bfs,thr4,3332.0,58670.67,41178.67,5153.753048,397.438691,5170997149.0,5568658168.0,397661018.0,19207.0,,,0.39941,12.834697,88014.0,1129633.0,11488481.0,38616.055625,37718.071575,272377382949.0,7053475.0,3524833.0,0.307146,3528642.0,0.6139606271708157,,,,,,,,,,,,,,,,,,,,,24.80676,74705.0,1853189.0,3528869.0,85153.893873,85737.935046,115056109476.0,1351155.0,52160.0,0.368105,1298995.0,0.38288613150559003,54624.0,335977.0,136468.0,13.0,1443105.0,0.0,1243469.0,472458.0,26406.0,10214.0,3958455.0,458053.0,260786.0,0.0,0.209725,0.167194,769912.0,58367.88,49158272.0,1918754133.2850308,1927.0,71.752679,2.0,239250.0,8774099.0,117.217192,7.37,5170999647.413412,397661018.4759985,57.94,0.0,0.0,ddr4_1x,76936610.0,0.2097245689277336,,1243469.0,l2,458053.0,0.3683670441321818,260786.0,imp,bfs_imp_thr4_l2_ddr4_1x,30729211.0,31124590.0,0.02562,25619891130.0,,1.0788446526151445,,,stage1,,,,,,,0.02764,0.16178383700147833,472458.0,0.3799515709679936,10214.0,26406.0,54624.0,1443105.0,0.007077794062109133,0.018298044840812,0.037851715571632,1918754133.2850308,49158272.0,0.27649743695879003,stage1: thr4
12781588.0,bfs,thr4,,,,,,,,,,,,0.464409,10.578807,75127.0,794754.0,11405851.0,31945.092321,30704.835691,221566943589.0,6935868.0,3406926.0,0.309398,3528942.0,0.6080973703759588,,,,,,,,,,,,,,,,,,,,,22.297282,51843.0,1155958.0,3529169.0,67577.709641,68189.717017,90978248625.0,1346276.0,52909.0,0.366479,1293367.0,0.38147110552087476,39797.0,340961.0,133397.0,20.0,1423635.0,0.0,1255627.0,474378.0,19150.0,3075.0,3958413.0,462189.0,266135.0,0.0,0.211954,0.170654,,,,,1710.0,60.279502,2.0,68955.0,8774099.0,98.761061,,,,,,,ddr4_2x,66168464.0,0.21195386846571473,,1255627.0,l2,462189.0,0.36809418720686954,266135.0,imp,bfs_imp_thr4_l2_ddr4_2x,30729211.0,31124590.0,0.022034,22034098512.0,,1.1425978033947535,,,stage1,,,,,,,0.025176,0.16505407120144927,474378.0,0.3778016879216519,3075.0,19150.0,39797.0,1423635.0,0.0021599637547545544,0.013451481594650315,0.027954496763566504,,,,stage1: thr4
2148897.0,matmult,addrlen16,3332.0,43901.03,26409.03,269.055652,219.902245,281833477.0,501272011.0,219438534.0,19207.0,,,1.983251,1.782661,507110.0,904005.0,2138673.0,16525.427865,16254.245135,19059982313.0,1153373.0,100768.0,0.492177,1052605.0,0.5392937583258404,438115.0,14680.0,8798.0,49.0,1899860.0,0.0,55493.0,23527.0,805458.0,83.0,2694920.0,6658.0,4714.0,0.0,0.084948,0.004458,2602.0,44612.34,160704.0,129375477.41442238,,0.0,0.0,1084788.0,69034.72719,68701.666301,377550923.0,5469.0,,0.005042,5469.0,0.005041538070111395,,,,,,,,,,,,,,,,,,,,,1560.0,29.685663,2.0,1397.0,2106633.0,30.258648,1.88,281885000.77033246,219438533.77460173,57.21,0.0,0.0,ddr4_1x,3730186.0,0.08494765105508803,,55493.0,l1d,6658.0,0.11997909646261691,4714.0,imp,matmult_imp_addrlen16_l1d_ddr4_1x,7397885.0,7415209.0,0.001242,1242151938.0,,1.0297906602254427,,,stage1,,,,,,,0.001279,0.004070505929174579,23527.0,0.42396338276899787,83.0,805458.0,438115.0,1899860.0,4.368742960007579e-05,0.42395650205804636,0.23060383396671333,129375477.41442238,160704.0,0.024889375874629627,stage1: addrlen16
2156522.0,matmult,addrlen16,,,,,,,,,,,,1.953336,1.799685,511624.0,920762.0,2139866.0,16461.83778,16259.249126,18960185053.0,1151766.0,98582.0,0.492173,1053184.0,0.538242114225844,430967.0,15610.0,6496.0,19.0,1877824.0,0.0,55078.0,22125.0,801319.0,10.0,2701192.0,8082.0,4680.0,0.0,0.08497,0.004424,,,,,,0.0,0.0,1086353.0,65424.173856,65091.111671,350346451.0,5355.0,,0.004929,5355.0,0.004929336965056478,,,,,,,,,,,,,,,,,,,,,1416.0,29.711112,2.0,1558.0,2106632.0,30.395988,,,,,,,ddr4_2x,3787308.0,0.08497040560659429,,55078.0,l1d,8082.0,0.14673735429754167,4680.0,imp,matmult_imp_addrlen16_l1d_ddr4_2x,7397876.0,7415199.0,0.001261,1261173564.0,,1.02934179222839,,,stage1,,,,,,,0.001298,0.0040468815664544645,22125.0,0.4017030393260467,10.0,801319.0,430967.0,1877824.0,5.325312702361882e-06,0.42672742493439214,0.22950340393987936,,,,stage1: addrlen16
2151658.0,matmult,addrlen16,3332.0,46804.47,29312.47,267.01156,216.617393,279519651.0,495671867.0,216152216.0,19207.0,,,1.989519,1.8009,486453.0,876053.0,2138569.0,16500.053492,16223.853095,19097013411.0,1157391.0,80027.0,0.503778,1077364.0,0.5411988109806136,,,,,,,,,,,,,,,,,,,,,59.0,1.0,59.0,1077581.0,68401.052514,71730.238776,183656826.0,2685.0,725.0,0.001819,1960.0,0.0024916920398559365,96.0,1627.0,883.0,4.0,6286.0,0.0,5961.0,2514.0,117.0,0.0,3206.0,8.0,2727.0,0.0,0.457474,0.581822,3442.0,44523.34,213184.0,172167152.13775265,1633.0,29.777689,2.0,1114.0,2106633.0,28.308683,3.36,279571337.71032846,216152215.6229605,57.08,0.0,0.0,ddr4_1x,3718434.0,0.45747357825868146,,5961.0,l2,8.0,0.001342056701895655,2727.0,imp,matmult_imp_addrlen16_l2_ddr4_1x,7397885.0,7415209.0,0.001238,1238238522.0,,1.0331179321486268,,,stage1,,,,,,,0.001279,0.503880266075388,2514.0,0.4217413185707096,0.0,117.0,96.0,6286.0,0.0,0.018612790327712375,0.015272033089405028,172167152.13775265,213184.0,0.02461131508944836,stage1: addrlen16
2151360.0,matmult,addrlen16,,,,,,,,,,,,2.002425,1.78887,494922.0,885351.0,2139337.0,16482.10854,16286.310813,19111763029.0,1159546.0,81361.0,0.503981,1078185.0,0.5420118475957738,,,,,,,,,,,,,,,,,,,,,110.0,1.0,110.0,1078402.0,68542.934078,66722.026863,184037778.0,2685.0,712.0,0.00183,1973.0,0.0024897950856916065,84.0,1464.0,848.0,5.0,6047.0,0.0,5726.0,2317.0,104.0,0.0,3441.0,10.0,2700.0,0.0,0.471533,0.577787,,,,,1590.0,29.772187,2.0,767.0,2106632.0,28.02562,,,,,,,ddr4_2x,3694463.0,0.4715333566189312,,5726.0,l2,10.0,0.0017464198393293748,2700.0,imp,matmult_imp_addrlen16_l2_ddr4_2x,7397876.0,7415199.0,0.00123,1230256179.0,,1.0552845528455284,,,stage1,,,,,,,0.001298,0.5013927576601671,2317.0,0.40464547677261614,0.0,104.0,84.0,6047.0,0.0,0.017198610881428808,0.013891185711923267,,,,stage1: addrlen16
2148897.0,matmult,addrlen2,3332.0,43901.03,26409.03,269.055652,219.902245,281833477.0,501272011.0,219438534.0,19207.0,,,1.983251,1.782661,507110.0,904005.0,2138673.0,16525.427865,16254.245135,19059982313.0,1153373.0,100768.0,0.492177,1052605.0,0.5392937583258404,438115.0,14680.0,8798.0,49.0,1899860.0,0.0,55493.0,23527.0,805458.0,83.0,2694920.0,6658.0,4714.0,0.0,0.084948,0.004458,2602.0,44612.34,160704.0,129375477.41442238,,0.0,0.0,1084788.0,69034.72719,68701.666301,377550923.0,5469.0,,0.005042,5469.0,0.005041538070111395,,,,,,,,,,,,,,,,,,,,,1560.0,29.685663,2.0,1397.0,2106633.0,30.258648,1.88,281885000.77033246,219438533.77460173,57.21,0.0,0.0,ddr4_1x,3730186.0,0.08494765105508803,,55493.0,l1d,6658.0,0.11997909646261691,4714.0,imp,matmult_imp_addrlen2_l1d_ddr4_1x,7397885.0,7415209.0,0.001242,1242151938.0,,1.0297906602254427,,,stage1,,,,,,,0.001279,0.004070505929174579,23527.0,0.42396338276899787,83.0,805458.0,438115.0,1899860.0,4.368742960007579e-05,0.42395650205804636,0.23060383396671333,129375477.41442238,160704.0,0.024889375874629627,stage1: addrlen2
2156522.0,matmult,addrlen2,,,,,,,,,,,,1.953336,1.799685,511624.0,920762.0,2139866.0,16461.83778,16259.249126,18960185053.0,1151766.0,98582.0,0.492173,1053184.0,0.538242114225844,430967.0,15610.0,6496.0,19.0,1877824.0,0.0,55078.0,22125.0,801319.0,10.0,2701192.0,8082.0,4680.0,0.0,0.08497,0.004424,,,,,,0.0,0.0,1086353.0,65424.173856,65091.111671,350346451.0,5355.0,,0.004929,5355.0,0.004929336965056478,,,,,,,,,,,,,,,,,,,,,1416.0,29.711112,2.0,1558.0,2106632.0,30.395988,,,,,,,ddr4_2x,3787308.0,0.08497040560659429,,55078.0,l1d,8082.0,0.14673735429754167,4680.0,imp,matmult_imp_addrlen2_l1d_ddr4_2x,7397876.0,7415199.0,0.001261,1261173564.0,,1.02934179222839,,,stage1,,,,,,,0.001298,0.0040468815664544645,22125.0,0.4017030393260467,10.0,801319.0,430967.0,1877824.0,5.325312702361882e-06,0.42672742493439214,0.22950340393987936,,,,stage1: addrlen2
2151658.0,matmult,addrlen2,3332.0,46804.47,29312.47,267.01156,216.617393,279519651.0,495671867.0,216152216.0,19207.0,,,1.989519,1.8009,486453.0,876053.0,2138569.0,16500.053492,16223.853095,19097013411.0,1157391.0,80027.0,0.503778,1077364.0,0.5411988109806136,,,,,,,,,,,,,,,,,,,,,59.0,1.0,59.0,1077581.0,68401.052514,71730.238776,183656826.0,2685.0,725.0,0.001819,1960.0,0.0024916920398559365,96.0,1627.0,883.0,4.0,6286.0,0.0,5961.0,2514.0,117.0,0.0,3206.0,8.0,2727.0,0.0,0.457474,0.581822,3442.0,44523.34,213184.0,172167152.13775265,1633.0,29.777689,2.0,1114.0,2106633.0,28.308683,3.36,279571337.71032846,216152215.6229605,57.08,0.0,0.0,ddr4_1x,3718434.0,0.45747357825868146,,5961.0,l2,8.0,0.001342056701895655,2727.0,imp,matmult_imp_addrlen2_l2_ddr4_1x,7397885.0,7415209.0,0.001238,1238238522.0,,1.0331179321486268,,,stage1,,,,,,,0.001279,0.503880266075388,2514.0,0.4217413185707096,0.0,117.0,96.0,6286.0,0.0,0.018612790327712375,0.015272033089405028,172167152.13775265,213184.0,0.02461131508944836,stage1: addrlen2
2151360.0,matmult,addrlen2,,,,,,,,,,,,2.002425,1.78887,494922.0,885351.0,2139337.0,16482.10854,16286.310813,19111763029.0,1159546.0,81361.0,0.503981,1078185.0,0.5420118475957738,,,,,,,,,,,,,,,,,,,,,110.0,1.0,110.0,1078402.0,68542.934078,66722.026863,184037778.0,2685.0,712.0,0.00183,1973.0,0.0024897950856916065,84.0,1464.0,848.0,5.0,6047.0,0.0,5726.0,2317.0,104.0,0.0,3441.0,10.0,2700.0,0.0,0.471533,0.577787,,,,,1590.0,29.772187,2.0,767.0,2106632.0,28.02562,,,,,,,ddr4_2x,3694463.0,0.4715333566189312,,5726.0,l2,10.0,0.0017464198393293748,2700.0,imp,matmult_imp_addrlen2_l2_ddr4_2x,7397876.0,7415199.0,0.00123,1230256179.0,,1.0552845528455284,,,stage1,,,,,,,0.001298,0.5013927576601671,2317.0,0.40464547677261614,0.0,104.0,84.0,6047.0,0.0,0.017198610881428808,0.013891185711923267,,,,stage1: addrlen2
2148897.0,matmult,addrlen8,3332.0,43901.03,26409.03,269.055652,219.902245,281833477.0,501272011.0,219438534.0,19207.0,,,1.983251,1.782661,507110.0,904005.0,2138673.0,16525.427865,16254.245135,19059982313.0,1153373.0,100768.0,0.492177,1052605.0,0.5392937583258404,438115.0,14680.0,8798.0,49.0,1899860.0,0.0,55493.0,23527.0,805458.0,83.0,2694920.0,6658.0,4714.0,0.0,0.084948,0.004458,2602.0,44612.34,160704.0,129375477.41442238,,0.0,0.0,1084788.0,69034.72719,68701.666301,377550923.0,5469.0,,0.005042,5469.0,0.005041538070111395,,,,,,,,,,,,,,,,,,,,,1560.0,29.685663,2.0,1397.0,2106633.0,30.258648,1.88,281885000.77033246,219438533.77460173,57.21,0.0,0.0,ddr4_1x,3730186.0,0.08494765105508803,,55493.0,l1d,6658.0,0.11997909646261691,4714.0,imp,matmult_imp_addrlen8_l1d_ddr4_1x,7397885.0,7415209.0,0.001242,1242151938.0,,1.0297906602254427,,,stage1,,,,,,,0.001279,0.004070505929174579,23527.0,0.42396338276899787,83.0,805458.0,438115.0,1899860.0,4.368742960007579e-05,0.42395650205804636,0.23060383396671333,129375477.41442238,160704.0,0.024889375874629627,stage1: addrlen8
2156522.0,matmult,addrlen8,,,,,,,,,,,,1.953336,1.799685,511624.0,920762.0,2139866.0,16461.83778,16259.249126,18960185053.0,1151766.0,98582.0,0.492173,1053184.0,0.538242114225844,430967.0,15610.0,6496.0,19.0,1877824.0,0.0,55078.0,22125.0,801319.0,10.0,2701192.0,8082.0,4680.0,0.0,0.08497,0.004424,,,,,,0.0,0.0,1086353.0,65424.173856,65091.111671,350346451.0,5355.0,,0.004929,5355.0,0.004929336965056478,,,,,,,,,,,,,,,,,,,,,1416.0,29.711112,2.0,1558.0,2106632.0,30.395988,,,,,,,ddr4_2x,3787308.0,0.08497040560659429,,55078.0,l1d,8082.0,0.14673735429754167,4680.0,imp,matmult_imp_addrlen8_l1d_ddr4_2x,7397876.0,7415199.0,0.001261,1261173564.0,,1.02934179222839,,,stage1,,,,,,,0.001298,0.0040468815664544645,22125.0,0.4017030393260467,10.0,801319.0,430967.0,1877824.0,5.325312702361882e-06,0.42672742493439214,0.22950340393987936,,,,stage1: addrlen8
2151658.0,matmult,addrlen8,3332.0,46804.47,29312.47,267.01156,216.617393,279519651.0,495671867.0,216152216.0,19207.0,,,1.989519,1.8009,486453.0,876053.0,2138569.0,16500.053492,16223.853095,19097013411.0,1157391.0,80027.0,0.503778,1077364.0,0.5411988109806136,,,,,,,,,,,,,,,,,,,,,59.0,1.0,59.0,1077581.0,68401.052514,71730.238776,183656826.0,2685.0,725.0,0.001819,1960.0,0.0024916920398559365,96.0,1627.0,883.0,4.0,6286.0,0.0,5961.0,2514.0,117.0,0.0,3206.0,8.0,2727.0,0.0,0.457474,0.581822,3442.0,44523.34,213184.0,172167152.13775265,1633.0,29.777689,2.0,1114.0,2106633.0,28.308683,3.36,279571337.71032846,216152215.6229605,57.08,0.0,0.0,ddr4_1x,3718434.0,0.45747357825868146,,5961.0,l2,8.0,0.001342056701895655,2727.0,imp,matmult_imp_addrlen8_l2_ddr4_1x,7397885.0,7415209.0,0.001238,1238238522.0,,1.0331179321486268,,,stage1,,,,,,,0.001279,0.503880266075388,2514.0,0.4217413185707096,0.0,117.0,96.0,6286.0,0.0,0.018612790327712375,0.015272033089405028,172167152.13775265,213184.0,0.02461131508944836,stage1: addrlen8
2151360.0,matmult,addrlen8,,,,,,,,,,,,2.002425,1.78887,494922.0,885351.0,2139337.0,16482.10854,16286.310813,19111763029.0,1159546.0,81361.0,0.503981,1078185.0,0.5420118475957738,,,,,,,,,,,,,,,,,,,,,110.0,1.0,110.0,1078402.0,68542.934078,66722.026863,184037778.0,2685.0,712.0,0.00183,1973.0,0.0024897950856916065,84.0,1464.0,848.0,5.0,6047.0,0.0,5726.0,2317.0,104.0,0.0,3441.0,10.0,2700.0,0.0,0.471533,0.577787,,,,,1590.0,29.772187,2.0,767.0,2106632.0,28.02562,,,,,,,ddr4_2x,3694463.0,0.4715333566189312,,5726.0,l2,10.0,0.0017464198393293748,2700.0,imp,matmult_imp_addrlen8_l2_ddr4_2x,7397876.0,7415199.0,0.00123,1230256179.0,,1.0552845528455284,,,stage1,,,,,,,0.001298,0.5013927576601671,2317.0,0.40464547677261614,0.0,104.0,84.0,6047.0,0.0,0.017198610881428808,0.013891185711923267,,,,stage1: addrlen8
2148897.0,matmult,default,3332.0,43901.03,26409.03,269.055652,219.902245,281833477.0,501272011.0,219438534.0,19207.0,,,1.983251,1.782661,507110.0,904005.0,2138673.0,16525.427865,16254.245135,19059982313.0,1153373.0,100768.0,0.492177,1052605.0,0.5392937583258404,438115.0,14680.0,8798.0,49.0,1899860.0,0.0,55493.0,23527.0,805458.0,83.0,2694920.0,6658.0,4714.0,0.0,0.084948,0.004458,2602.0,44612.34,160704.0,129375477.41442238,,0.0,0.0,1084788.0,69034.72719,68701.666301,377550923.0,5469.0,,0.005042,5469.0,0.005041538070111395,,,,,,,,,,,,,,,,,,,,,1560.0,29.685663,2.0,1397.0,2106633.0,30.258648,1.88,281885000.77033246,219438533.77460173,57.21,0.0,0.0,ddr4_1x,3730186.0,0.08494765105508803,,55493.0,l1d,6658.0,0.11997909646261691,4714.0,imp,matmult_imp_default_l1d_ddr4_1x,7397885.0,7415209.0,0.001242,1242151938.0,,1.0297906602254427,,,stage1,,,,,,,0.001279,0.004070505929174579,23527.0,0.42396338276899787,83.0,805458.0,438115.0,1899860.0,4.368742960007579e-05,0.42395650205804636,0.23060383396671333,129375477.41442238,160704.0,0.024889375874629627,IMP default
2156522.0,matmult,default,,,,,,,,,,,,1.953336,1.799685,511624.0,920762.0,2139866.0,16461.83778,16259.249126,18960185053.0,1151766.0,98582.0,0.492173,1053184.0,0.538242114225844,430967.0,15610.0,6496.0,19.0,1877824.0,0.0,55078.0,22125.0,801319.0,10.0,2701192.0,8082.0,4680.0,0.0,0.08497,0.004424,,,,,,0.0,0.0,1086353.0,65424.173856,65091.111671,350346451.0,5355.0,,0.004929,5355.0,0.004929336965056478,,,,,,,,,,,,,,,,,,,,,1416.0,29.711112,2.0,1558.0,2106632.0,30.395988,,,,,,,ddr4_2x,3787308.0,0.08497040560659429,,55078.0,l1d,8082.0,0.14673735429754167,4680.0,imp,matmult_imp_default_l1d_ddr4_2x,7397876.0,7415199.0,0.001261,1261173564.0,,1.02934179222839,,,stage1,,,,,,,0.001298,0.0040468815664544645,22125.0,0.4017030393260467,10.0,801319.0,430967.0,1877824.0,5.325312702361882e-06,0.42672742493439214,0.22950340393987936,,,,IMP default
2151658.0,matmult,default,3332.0,46804.47,29312.47,267.01156,216.617393,279519651.0,495671867.0,216152216.0,19207.0,,,1.989519,1.8009,486453.0,876053.0,2138569.0,16500.053492,16223.853095,19097013411.0,1157391.0,80027.0,0.503778,1077364.0,0.5411988109806136,,,,,,,,,,,,,,,,,,,,,59.0,1.0,59.0,1077581.0,68401.052514,71730.238776,183656826.0,2685.0,725.0,0.001819,1960.0,0.0024916920398559365,96.0,1627.0,883.0,4.0,6286.0,0.0,5961.0,2514.0,117.0,0.0,3206.0,8.0,2727.0,0.0,0.457474,0.581822,3442.0,44523.34,213184.0,172167152.13775265,1633.0,29.777689,2.0,1114.0,2106633.0,28.308683,3.36,279571337.71032846,216152215.6229605,57.08,0.0,0.0,ddr4_1x,3718434.0,0.45747357825868146,,5961.0,l2,8.0,0.001342056701895655,2727.0,imp,matmult_imp_default_l2_ddr4_1x,7397885.0,7415209.0,0.001238,1238238522.0,,1.0331179321486268,,,stage1,,,,,,,0.001279,0.503880266075388,2514.0,0.4217413185707096,0.0,117.0,96.0,6286.0,0.0,0.018612790327712375,0.015272033089405028,172167152.13775265,213184.0,0.02461131508944836,IMP default
2151360.0,matmult,default,,,,,,,,,,,,2.002425,1.78887,494922.0,885351.0,2139337.0,16482.10854,16286.310813,19111763029.0,1159546.0,81361.0,0.503981,1078185.0,0.5420118475957738,,,,,,,,,,,,,,,,,,,,,110.0,1.0,110.0,1078402.0,68542.934078,66722.026863,184037778.0,2685.0,712.0,0.00183,1973.0,0.0024897950856916065,84.0,1464.0,848.0,5.0,6047.0,0.0,5726.0,2317.0,104.0,0.0,3441.0,10.0,2700.0,0.0,0.471533,0.577787,,,,,1590.0,29.772187,2.0,767.0,2106632.0,28.02562,,,,,,,ddr4_2x,3694463.0,0.4715333566189312,,5726.0,l2,10.0,0.0017464198393293748,2700.0,imp,matmult_imp_default_l2_ddr4_2x,7397876.0,7415199.0,0.00123,1230256179.0,,1.0552845528455284,,,stage1,,,,,,,0.001298,0.5013927576601671,2317.0,0.40464547677261614,0.0,104.0,84.0,6047.0,0.0,0.017198610881428808,0.013891185711923267,,,,IMP default
2148897.0,matmult,dist32,3332.0,43901.03,26409.03,269.055652,219.902245,281833477.0,501272011.0,219438534.0,19207.0,,,1.983251,1.782661,507110.0,904005.0,2138673.0,16525.427865,16254.245135,19059982313.0,1153373.0,100768.0,0.492177,1052605.0,0.5392937583258404,438115.0,14680.0,8798.0,49.0,1899860.0,0.0,55493.0,23527.0,805458.0,83.0,2694920.0,6658.0,4714.0,0.0,0.084948,0.004458,2602.0,44612.34,160704.0,129375477.41442238,,0.0,0.0,1084788.0,69034.72719,68701.666301,377550923.0,5469.0,,0.005042,5469.0,0.005041538070111395,,,,,,,,,,,,,,,,,,,,,1560.0,29.685663,2.0,1397.0,2106633.0,30.258648,1.88,281885000.77033246,219438533.77460173,57.21,0.0,0.0,ddr4_1x,3730186.0,0.08494765105508803,,55493.0,l1d,6658.0,0.11997909646261691,4714.0,imp,matmult_imp_dist32_l1d_ddr4_1x,7397885.0,7415209.0,0.001242,1242151938.0,,1.0297906602254427,,,stage1,,,,,,,0.001279,0.004070505929174579,23527.0,0.42396338276899787,83.0,805458.0,438115.0,1899860.0,4.368742960007579e-05,0.42395650205804636,0.23060383396671333,129375477.41442238,160704.0,0.024889375874629627,stage1: dist32
2156522.0,matmult,dist32,,,,,,,,,,,,1.953336,1.799685,511624.0,920762.0,2139866.0,16461.83778,16259.249126,18960185053.0,1151766.0,98582.0,0.492173,1053184.0,0.538242114225844,430967.0,15610.0,6496.0,19.0,1877824.0,0.0,55078.0,22125.0,801319.0,10.0,2701192.0,8082.0,4680.0,0.0,0.08497,0.004424,,,,,,0.0,0.0,1086353.0,65424.173856,65091.111671,350346451.0,5355.0,,0.004929,5355.0,0.004929336965056478,,,,,,,,,,,,,,,,,,,,,1416.0,29.711112,2.0,1558.0,2106632.0,30.395988,,,,,,,ddr4_2x,3787308.0,0.08497040560659429,,55078.0,l1d,8082.0,0.14673735429754167,4680.0,imp,matmult_imp_dist32_l1d_ddr4_2x,7397876.0,7415199.0,0.001261,1261173564.0,,1.02934179222839,,,stage1,,,,,,,0.001298,0.0040468815664544645,22125.0,0.4017030393260467,10.0,801319.0,430967.0,1877824.0,5.325312702361882e-06,0.42672742493439214,0.22950340393987936,,,,stage1: dist32
2151658.0,matmult,dist32,3332.0,46804.47,29312.47,267.01156,216.617393,279519651.0,495671867.0,216152216.0,19207.0,,,1.989519,1.8009,486453.0,876053.0,2138569.0,16500.053492,16223.853095,19097013411.0,1157391.0,80027.0,0.503778,1077364.0,0.5411988109806136,,,,,,,,,,,,,,,,,,,,,59.0,1.0,59.0,1077581.0,68401.052514,71730.238776,183656826.0,2685.0,725.0,0.001819,1960.0,0.0024916920398559365,96.0,1627.0,883.0,4.0,6286.0,0.0,5961.0,2514.0,117.0,0.0,3206.0,8.0,2727.0,0.0,0.457474,0.581822,3442.0,44523.34,213184.0,172167152.13775265,1633.0,29.777689,2.0,1114.0,2106633.0,28.308683,3.36,279571337.71032846,216152215.6229605,57.08,0.0,0.0,ddr4_1x,3718434.0,0.45747357825868146,,5961.0,l2,8.0,0.001342056701895655,2727.0,imp,matmult_imp_dist32_l2_ddr4_1x,7397885.0,7415209.0,0.001238,1238238522.0,,1.0331179321486268,,,stage1,,,,,,,0.001279,0.503880266075388,2514.0,0.4217413185707096,0.0,117.0,96.0,6286.0,0.0,0.018612790327712375,0.015272033089405028,172167152.13775265,213184.0,0.02461131508944836,stage1: dist32
2151360.0,matmult,dist32,,,,,,,,,,,,2.002425,1.78887,494922.0,885351.0,2139337.0,16482.10854,16286.310813,19111763029.0,1159546.0,81361.0,0.503981,1078185.0,0.5420118475957738,,,,,,,,,,,,,,,,,,,,,110.0,1.0,110.0,1078402.0,68542.934078,66722.026863,184037778.0,2685.0,712.0,0.00183,1973.0,0.0024897950856916065,84.0,1464.0,848.0,5.0,6047.0,0.0,5726.0,2317.0,104.0,0.0,3441.0,10.0,2700.0,0.0,0.471533,0.577787,,,,,1590.0,29.772187,2.0,767.0,2106632.0,28.02562,,,,,,,ddr4_2x,3694463.0,0.4715333566189312,,5726.0,l2,10.0,0.0017464198393293748,2700.0,imp,matmult_imp_dist32_l2_ddr4_2x,7397876.0,7415199.0,0.00123,1230256179.0,,1.0552845528455284,,,stage1,,,,,,,0.001298,0.5013927576601671,2317.0,0.40464547677261614,0.0,104.0,84.0,6047.0,0.0,0.017198610881428808,0.013891185711923267,,,,stage1: dist32
2148897.0,matmult,dist4,3332.0,43901.03,26409.03,269.055652,219.902245,281833477.0,501272011.0,219438534.0,19207.0,,,1.983251,1.782661,507110.0,904005.0,2138673.0,16525.427865,16254.245135,19059982313.0,1153373.0,100768.0,0.492177,1052605.0,0.5392937583258404,438115.0,14680.0,8798.0,49.0,1899860.0,0.0,55493.0,23527.0,805458.0,83.0,2694920.0,6658.0,4714.0,0.0,0.084948,0.004458,2602.0,44612.34,160704.0,129375477.41442238,,0.0,0.0,1084788.0,69034.72719,68701.666301,377550923.0,5469.0,,0.005042,5469.0,0.005041538070111395,,,,,,,,,,,,,,,,,,,,,1560.0,29.685663,2.0,1397.0,2106633.0,30.258648,1.88,281885000.77033246,219438533.77460173,57.21,0.0,0.0,ddr4_1x,3730186.0,0.08494765105508803,,55493.0,l1d,6658.0,0.11997909646261691,4714.0,imp,matmult_imp_dist4_l1d_ddr4_1x,7397885.0,7415209.0,0.001242,1242151938.0,,1.0297906602254427,,,stage1,,,,,,,0.001279,0.004070505929174579,23527.0,0.42396338276899787,83.0,805458.0,438115.0,1899860.0,4.368742960007579e-05,0.42395650205804636,0.23060383396671333,129375477.41442238,160704.0,0.024889375874629627,stage1: dist4
2156522.0,matmult,dist4,,,,,,,,,,,,1.953336,1.799685,511624.0,920762.0,2139866.0,16461.83778,16259.249126,18960185053.0,1151766.0,98582.0,0.492173,1053184.0,0.538242114225844,430967.0,15610.0,6496.0,19.0,1877824.0,0.0,55078.0,22125.0,801319.0,10.0,2701192.0,8082.0,4680.0,0.0,0.08497,0.004424,,,,,,0.0,0.0,1086353.0,65424.173856,65091.111671,350346451.0,5355.0,,0.004929,5355.0,0.004929336965056478,,,,,,,,,,,,,,,,,,,,,1416.0,29.711112,2.0,1558.0,2106632.0,30.395988,,,,,,,ddr4_2x,3787308.0,0.08497040560659429,,55078.0,l1d,8082.0,0.14673735429754167,4680.0,imp,matmult_imp_dist4_l1d_ddr4_2x,7397876.0,7415199.0,0.001261,1261173564.0,,1.02934179222839,,,stage1,,,,,,,0.001298,0.0040468815664544645,22125.0,0.4017030393260467,10.0,801319.0,430967.0,1877824.0,5.325312702361882e-06,0.42672742493439214,0.22950340393987936,,,,stage1: dist4
2151658.0,matmult,dist4,3332.0,46804.47,29312.47,267.01156,216.617393,279519651.0,495671867.0,216152216.0,19207.0,,,1.989519,1.8009,486453.0,876053.0,2138569.0,16500.053492,16223.853095,19097013411.0,1157391.0,80027.0,0.503778,1077364.0,0.5411988109806136,,,,,,,,,,,,,,,,,,,,,59.0,1.0,59.0,1077581.0,68401.052514,71730.238776,183656826.0,2685.0,725.0,0.001819,1960.0,0.0024916920398559365,96.0,1627.0,883.0,4.0,6286.0,0.0,5961.0,2514.0,117.0,0.0,3206.0,8.0,2727.0,0.0,0.457474,0.581822,3442.0,44523.34,213184.0,172167152.13775265,1633.0,29.777689,2.0,1114.0,2106633.0,28.308683,3.36,279571337.71032846,216152215.6229605,57.08,0.0,0.0,ddr4_1x,3718434.0,0.45747357825868146,,5961.0,l2,8.0,0.001342056701895655,2727.0,imp,matmult_imp_dist4_l2_ddr4_1x,7397885.0,7415209.0,0.001238,1238238522.0,,1.0331179321486268,,,stage1,,,,,,,0.001279,0.503880266075388,2514.0,0.4217413185707096,0.0,117.0,96.0,6286.0,0.0,0.018612790327712375,0.015272033089405028,172167152.13775265,213184.0,0.02461131508944836,stage1: dist4
2151360.0,matmult,dist4,,,,,,,,,,,,2.002425,1.78887,494922.0,885351.0,2139337.0,16482.10854,16286.310813,19111763029.0,1159546.0,81361.0,0.503981,1078185.0,0.5420118475957738,,,,,,,,,,,,,,,,,,,,,110.0,1.0,110.0,1078402.0,68542.934078,66722.026863,184037778.0,2685.0,712.0,0.00183,1973.0,0.0024897950856916065,84.0,1464.0,848.0,5.0,6047.0,0.0,5726.0,2317.0,104.0,0.0,3441.0,10.0,2700.0,0.0,0.471533,0.577787,,,,,1590.0,29.772187,2.0,767.0,2106632.0,28.02562,,,,,,,ddr4_2x,3694463.0,0.4715333566189312,,5726.0,l2,10.0,0.0017464198393293748,2700.0,imp,matmult_imp_dist4_l2_ddr4_2x,7397876.0,7415199.0,0.00123,1230256179.0,,1.0552845528455284,,,stage1,,,,,,,0.001298,0.5013927576601671,2317.0,0.40464547677261614,0.0,104.0,84.0,6047.0,0.0,0.017198610881428808,0.013891185711923267,,,,stage1: dist4
2148897.0,matmult,dist64,3332.0,43901.03,26409.03,269.055652,219.902245,281833477.0,501272011.0,219438534.0,19207.0,,,1.983251,1.782661,507110.0,904005.0,2138673.0,16525.427865,16254.245135,19059982313.0,1153373.0,100768.0,0.492177,1052605.0,0.5392937583258404,438115.0,14680.0,8798.0,49.0,1899860.0,0.0,55493.0,23527.0,805458.0,83.0,2694920.0,6658.0,4714.0,0.0,0.084948,0.004458,2602.0,44612.34,160704.0,129375477.41442238,,0.0,0.0,1084788.0,69034.72719,68701.666301,377550923.0,5469.0,,0.005042,5469.0,0.005041538070111395,,,,,,,,,,,,,,,,,,,,,1560.0,29.685663,2.0,1397.0,2106633.0,30.258648,1.88,281885000.77033246,219438533.77460173,57.21,0.0,0.0,ddr4_1x,3730186.0,0.08494765105508803,,55493.0,l1d,6658.0,0.11997909646261691,4714.0,imp,matmult_imp_dist64_l1d_ddr4_1x,7397885.0,7415209.0,0.001242,1242151938.0,,1.0297906602254427,,,stage1,,,,,,,0.001279,0.004070505929174579,23527.0,0.42396338276899787,83.0,805458.0,438115.0,1899860.0,4.368742960007579e-05,0.42395650205804636,0.23060383396671333,129375477.41442238,160704.0,0.024889375874629627,stage1: dist64
2156522.0,matmult,dist64,,,,,,,,,,,,1.953336,1.799685,511624.0,920762.0,2139866.0,16461.83778,16259.249126,18960185053.0,1151766.0,98582.0,0.492173,1053184.0,0.538242114225844,430967.0,15610.0,6496.0,19.0,1877824.0,0.0,55078.0,22125.0,801319.0,10.0,2701192.0,8082.0,4680.0,0.0,0.08497,0.004424,,,,,,0.0,0.0,1086353.0,65424.173856,65091.111671,350346451.0,5355.0,,0.004929,5355.0,0.004929336965056478,,,,,,,,,,,,,,,,,,,,,1416.0,29.711112,2.0,1558.0,2106632.0,30.395988,,,,,,,ddr4_2x,3787308.0,0.08497040560659429,,55078.0,l1d,8082.0,0.14673735429754167,4680.0,imp,matmult_imp_dist64_l1d_ddr4_2x,7397876.0,7415199.0,0.001261,1261173564.0,,1.02934179222839,,,stage1,,,,,,,0.001298,0.0040468815664544645,22125.0,0.4017030393260467,10.0,801319.0,430967.0,1877824.0,5.325312702361882e-06,0.42672742493439214,0.22950340393987936,,,,stage1: dist64
2151658.0,matmult,dist64,3332.0,46804.47,29312.47,267.01156,216.617393,279519651.0,495671867.0,216152216.0,19207.0,,,1.989519,1.8009,486453.0,876053.0,2138569.0,16500.053492,16223.853095,19097013411.0,1157391.0,80027.0,0.503778,1077364.0,0.5411988109806136,,,,,,,,,,,,,,,,,,,,,59.0,1.0,59.0,1077581.0,68401.052514,71730.238776,183656826.0,2685.0,725.0,0.001819,1960.0,0.0024916920398559365,96.0,1627.0,883.0,4.0,6286.0,0.0,5961.0,2514.0,117.0,0.0,3206.0,8.0,2727.0,0.0,0.457474,0.581822,3442.0,44523.34,213184.0,172167152.13775265,1633.0,29.777689,2.0,1114.0,2106633.0,28.308683,3.36,279571337.71032846,216152215.6229605,57.08,0.0,0.0,ddr4_1x,3718434.0,0.45747357825868146,,5961.0,l2,8.0,0.001342056701895655,2727.0,imp,matmult_imp_dist64_l2_ddr4_1x,7397885.0,7415209.0,0.001238,1238238522.0,,1.0331179321486268,,,stage1,,,,,,,0.001279,0.503880266075388,2514.0,0.4217413185707096,0.0,117.0,96.0,6286.0,0.0,0.018612790327712375,0.015272033089405028,172167152.13775265,213184.0,0.02461131508944836,stage1: dist64
2151360.0,matmult,dist64,,,,,,,,,,,,2.002425,1.78887,494922.0,885351.0,2139337.0,16482.10854,16286.310813,19111763029.0,1159546.0,81361.0,0.503981,1078185.0,0.5420118475957738,,,,,,,,,,,,,,,,,,,,,110.0,1.0,110.0,1078402.0,68542.934078,66722.026863,184037778.0,2685.0,712.0,0.00183,1973.0,0.0024897950856916065,84.0,1464.0,848.0,5.0,6047.0,0.0,5726.0,2317.0,104.0,0.0,3441.0,10.0,2700.0,0.0,0.471533,0.577787,,,,,1590.0,29.772187,2.0,767.0,2106632.0,28.02562,,,,,,,ddr4_2x,3694463.0,0.4715333566189312,,5726.0,l2,10.0,0.0017464198393293748,2700.0,imp,matmult_imp_dist64_l2_ddr4_2x,7397876.0,7415199.0,0.00123,1230256179.0,,1.0552845528455284,,,stage1,,,,,,,0.001298,0.5013927576601671,2317.0,0.40464547677261614,0.0,104.0,84.0,6047.0,0.0,0.017198610881428808,0.013891185711923267,,,,stage1: dist64
2148897.0,matmult,dist8,3332.0,43901.03,26409.03,269.055652,219.902245,281833477.0,501272011.0,219438534.0,19207.0,,,1.983251,1.782661,507110.0,904005.0,2138673.0,16525.427865,16254.245135,19059982313.0,1153373.0,100768.0,0.492177,1052605.0,0.5392937583258404,438115.0,14680.0,8798.0,49.0,1899860.0,0.0,55493.0,23527.0,805458.0,83.0,2694920.0,6658.0,4714.0,0.0,0.084948,0.004458,2602.0,44612.34,160704.0,129375477.41442238,,0.0,0.0,1084788.0,69034.72719,68701.666301,377550923.0,5469.0,,0.005042,5469.0,0.005041538070111395,,,,,,,,,,,,,,,,,,,,,1560.0,29.685663,2.0,1397.0,2106633.0,30.258648,1.88,281885000.77033246,219438533.77460173,57.21,0.0,0.0,ddr4_1x,3730186.0,0.08494765105508803,,55493.0,l1d,6658.0,0.11997909646261691,4714.0,imp,matmult_imp_dist8_l1d_ddr4_1x,7397885.0,7415209.0,0.001242,1242151938.0,,1.0297906602254427,,,stage1,,,,,,,0.001279,0.004070505929174579,23527.0,0.42396338276899787,83.0,805458.0,438115.0,1899860.0,4.368742960007579e-05,0.42395650205804636,0.23060383396671333,129375477.41442238,160704.0,0.024889375874629627,stage1: dist8
2156522.0,matmult,dist8,,,,,,,,,,,,1.953336,1.799685,511624.0,920762.0,2139866.0,16461.83778,16259.249126,18960185053.0,1151766.0,98582.0,0.492173,1053184.0,0.538242114225844,430967.0,15610.0,6496.0,19.0,1877824.0,0.0,55078.0,22125.0,801319.0,10.0,2701192.0,8082.0,4680.0,0.0,0.08497,0.004424,,,,,,0.0,0.0,1086353.0,65424.173856,65091.111671,350346451.0,5355.0,,0.004929,5355.0,0.004929336965056478,,,,,,,,,,,,,,,,,,,,,1416.0,29.711112,2.0,1558.0,2106632.0,30.395988,,,,,,,ddr4_2x,3787308.0,0.08497040560659429,,55078.0,l1d,8082.0,0.14673735429754167,4680.0,imp,matmult_imp_dist8_l1d_ddr4_2x,7397876.0,7415199.0,0.001261,1261173564.0,,1.02934179222839,,,stage1,,,,,,,0.001298,0.0040468815664544645,22125.0,0.4017030393260467,10.0,801319.0,430967.0,1877824.0,5.325312702361882e-06,0.42672742493439214,0.22950340393987936,,,,stage1: dist8
2151658.0,matmult,dist8,3332.0,46804.47,29312.47,267.01156,216.617393,279519651.0,495671867.0,216152216.0,19207.0,,,1.989519,1.8009,486453.0,876053.0,2138569.0,16500.053492,16223.853095,19097013411.0,1157391.0,80027.0,0.503778,1077364.0,0.5411988109806136,,,,,,,,,,,,,,,,,,,,,59.0,1.0,59.0,1077581.0,68401.052514,71730.238776,183656826.0,2685.0,725.0,0.001819,1960.0,0.0024916920398559365,96.0,1627.0,883.0,4.0,6286.0,0.0,5961.0,2514.0,117.0,0.0,3206.0,8.0,2727.0,0.0,0.457474,0.581822,3442.0,44523.34,213184.0,172167152.13775265,1633.0,29.777689,2.0,1114.0,2106633.0,28.308683,3.36,279571337.71032846,216152215.6229605,57.08,0.0,0.0,ddr4_1x,3718434.0,0.45747357825868146,,5961.0,l2,8.0,0.001342056701895655,2727.0,imp,matmult_imp_dist8_l2_ddr4_1x,7397885.0,7415209.0,0.001238,1238238522.0,,1.0331179321486268,,,stage1,,,,,,,0.001279,0.503880266075388,2514.0,0.4217413185707096,0.0,117.0,96.0,6286.0,0.0,0.018612790327712375,0.015272033089405028,172167152.13775265,213184.0,0.02461131508944836,stage1: dist8
2151360.0,matmult,dist8,,,,,,,,,,,,2.002425,1.78887,494922.0,885351.0,2139337.0,16482.10854,16286.310813,19111763029.0,1159546.0,81361.0,0.503981,1078185.0,0.5420118475957738,,,,,,,,,,,,,,,,,,,,,110.0,1.0,110.0,1078402.0,68542.934078,66722.026863,184037778.0,2685.0,712.0,0.00183,1973.0,0.0024897950856916065,84.0,1464.0,848.0,5.0,6047.0,0.0,5726.0,2317.0,104.0,0.0,3441.0,10.0,2700.0,0.0,0.471533,0.577787,,,,,1590.0,29.772187,2.0,767.0,2106632.0,28.02562,,,,,,,ddr4_2x,3694463.0,0.4715333566189312,,5726.0,l2,10.0,0.0017464198393293748,2700.0,imp,matmult_imp_dist8_l2_ddr4_2x,7397876.0,7415199.0,0.00123,1230256179.0,,1.0552845528455284,,,stage1,,,,,,,0.001298,0.5013927576601671,2317.0,0.40464547677261614,0.0,104.0,84.0,6047.0,0.0,0.017198610881428808,0.013891185711923267,,,,stage1: dist8
2148897.0,matmult,ipd16,3332.0,43901.03,26409.03,269.055652,219.902245,281833477.0,501272011.0,219438534.0,19207.0,,,1.983251,1.782661,507110.0,904005.0,2138673.0,16525.427865,16254.245135,19059982313.0,1153373.0,100768.0,0.492177,1052605.0,0.5392937583258404,438115.0,14680.0,8798.0,49.0,1899860.0,0.0,55493.0,23527.0,805458.0,83.0,2694920.0,6658.0,4714.0,0.0,0.084948,0.004458,2602.0,44612.34,160704.0,129375477.41442238,,0.0,0.0,1084788.0,69034.72719,68701.666301,377550923.0,5469.0,,0.005042,5469.0,0.005041538070111395,,,,,,,,,,,,,,,,,,,,,1560.0,29.685663,2.0,1397.0,2106633.0,30.258648,1.88,281885000.77033246,219438533.77460173,57.21,0.0,0.0,ddr4_1x,3730186.0,0.08494765105508803,,55493.0,l1d,6658.0,0.11997909646261691,4714.0,imp,matmult_imp_ipd16_l1d_ddr4_1x,7397885.0,7415209.0,0.001242,1242151938.0,,1.0297906602254427,,,stage1,,,,,,,0.001279,0.004070505929174579,23527.0,0.42396338276899787,83.0,805458.0,438115.0,1899860.0,4.368742960007579e-05,0.42395650205804636,0.23060383396671333,129375477.41442238,160704.0,0.024889375874629627,stage1: ipd16
2156522.0,matmult,ipd16,,,,,,,,,,,,1.953336,1.799685,511624.0,920762.0,2139866.0,16461.83778,16259.249126,18960185053.0,1151766.0,98582.0,0.492173,1053184.0,0.538242114225844,430967.0,15610.0,6496.0,19.0,1877824.0,0.0,55078.0,22125.0,801319.0,10.0,2701192.0,8082.0,4680.0,0.0,0.08497,0.004424,,,,,,0.0,0.0,1086353.0,65424.173856,65091.111671,350346451.0,5355.0,,0.004929,5355.0,0.004929336965056478,,,,,,,,,,,,,,,,,,,,,1416.0,29.711112,2.0,1558.0,2106632.0,30.395988,,,,,,,ddr4_2x,3787308.0,0.08497040560659429,,55078.0,l1d,8082.0,0.14673735429754167,4680.0,imp,matmult_imp_ipd16_l1d_ddr4_2x,7397876.0,7415199.0,0.001261,1261173564.0,,1.02934179222839,,,stage1,,,,,,,0.001298,0.0040468815664544645,22125.0,0.4017030393260467,10.0,801319.0,430967.0,1877824.0,5.325312702361882e-06,0.42672742493439214,0.22950340393987936,,,,stage1: ipd16
2151658.0,matmult,ipd16,3332.0,46804.47,29312.47,267.01156,216.617393,279519651.0,495671867.0,216152216.0,19207.0,,,1.989519,1.8009,486453.0,876053.0,2138569.0,16500.053492,16223.853095,19097013411.0,1157391.0,80027.0,0.503778,1077364.0,0.5411988109806136,,,,,,,,,,,,,,,,,,,,,59.0,1.0,59.0,1077581.0,68401.052514,71730.238776,183656826.0,2685.0,725.0,0.001819,1960.0,0.0024916920398559365,96.0,1627.0,883.0,4.0,6286.0,0.0,5961.0,2514.0,117.0,0.0,3206.0,8.0,2727.0,0.0,0.457474,0.581822,3442.0,44523.34,213184.0,172167152.13775265,1633.0,29.777689,2.0,1114.0,2106633.0,28.308683,3.36,279571337.71032846,216152215.6229605,57.08,0.0,0.0,ddr4_1x,3718434.0,0.45747357825868146,,5961.0,l2,8.0,0.001342056701895655,2727.0,imp,matmult_imp_ipd16_l2_ddr4_1x,7397885.0,7415209.0,0.001238,1238238522.0,,1.0331179321486268,,,stage1,,,,,,,0.001279,0.503880266075388,2514.0,0.4217413185707096,0.0,117.0,96.0,6286.0,0.0,0.018612790327712375,0.015272033089405028,172167152.13775265,213184.0,0.02461131508944836,stage1: ipd16
2151360.0,matmult,ipd16,,,,,,,,,,,,2.002425,1.78887,494922.0,885351.0,2139337.0,16482.10854,16286.310813,19111763029.0,1159546.0,81361.0,0.503981,1078185.0,0.5420118475957738,,,,,,,,,,,,,,,,,,,,,110.0,1.0,110.0,1078402.0,68542.934078,66722.026863,184037778.0,2685.0,712.0,0.00183,1973.0,0.0024897950856916065,84.0,1464.0,848.0,5.0,6047.0,0.0,5726.0,2317.0,104.0,0.0,3441.0,10.0,2700.0,0.0,0.471533,0.577787,,,,,1590.0,29.772187,2.0,767.0,2106632.0,28.02562,,,,,,,ddr4_2x,3694463.0,0.4715333566189312,,5726.0,l2,10.0,0.0017464198393293748,2700.0,imp,matmult_imp_ipd16_l2_ddr4_2x,7397876.0,7415199.0,0.00123,1230256179.0,,1.0552845528455284,,,stage1,,,,,,,0.001298,0.5013927576601671,2317.0,0.40464547677261614,0.0,104.0,84.0,6047.0,0.0,0.017198610881428808,0.013891185711923267,,,,stage1: ipd16
2148897.0,matmult,ipd2,3332.0,43901.03,26409.03,269.055652,219.902245,281833477.0,501272011.0,219438534.0,19207.0,,,1.983251,1.782661,507110.0,904005.0,2138673.0,16525.427865,16254.245135,19059982313.0,1153373.0,100768.0,0.492177,1052605.0,0.5392937583258404,438115.0,14680.0,8798.0,49.0,1899860.0,0.0,55493.0,23527.0,805458.0,83.0,2694920.0,6658.0,4714.0,0.0,0.084948,0.004458,2602.0,44612.34,160704.0,129375477.41442238,,0.0,0.0,1084788.0,69034.72719,68701.666301,377550923.0,5469.0,,0.005042,5469.0,0.005041538070111395,,,,,,,,,,,,,,,,,,,,,1560.0,29.685663,2.0,1397.0,2106633.0,30.258648,1.88,281885000.77033246,219438533.77460173,57.21,0.0,0.0,ddr4_1x,3730186.0,0.08494765105508803,,55493.0,l1d,6658.0,0.11997909646261691,4714.0,imp,matmult_imp_ipd2_l1d_ddr4_1x,7397885.0,7415209.0,0.001242,1242151938.0,,1.0297906602254427,,,stage1,,,,,,,0.001279,0.004070505929174579,23527.0,0.42396338276899787,83.0,805458.0,438115.0,1899860.0,4.368742960007579e-05,0.42395650205804636,0.23060383396671333,129375477.41442238,160704.0,0.024889375874629627,stage1: ipd2
2156522.0,matmult,ipd2,,,,,,,,,,,,1.953336,1.799685,511624.0,920762.0,2139866.0,16461.83778,16259.249126,18960185053.0,1151766.0,98582.0,0.492173,1053184.0,0.538242114225844,430967.0,15610.0,6496.0,19.0,1877824.0,0.0,55078.0,22125.0,801319.0,10.0,2701192.0,8082.0,4680.0,0.0,0.08497,0.004424,,,,,,0.0,0.0,1086353.0,65424.173856,65091.111671,350346451.0,5355.0,,0.004929,5355.0,0.004929336965056478,,,,,,,,,,,,,,,,,,,,,1416.0,29.711112,2.0,1558.0,2106632.0,30.395988,,,,,,,ddr4_2x,3787308.0,0.08497040560659429,,55078.0,l1d,8082.0,0.14673735429754167,4680.0,imp,matmult_imp_ipd2_l1d_ddr4_2x,7397876.0,7415199.0,0.001261,1261173564.0,,1.02934179222839,,,stage1,,,,,,,0.001298,0.0040468815664544645,22125.0,0.4017030393260467,10.0,801319.0,430967.0,1877824.0,5.325312702361882e-06,0.42672742493439214,0.22950340393987936,,,,stage1: ipd2
2151658.0,matmult,ipd2,3332.0,46804.47,29312.47,267.01156,216.617393,279519651.0,495671867.0,216152216.0,19207.0,,,1.989519,1.8009,486453.0,876053.0,2138569.0,16500.053492,16223.853095,19097013411.0,1157391.0,80027.0,0.503778,1077364.0,0.5411988109806136,,,,,,,,,,,,,,,,,,,,,59.0,1.0,59.0,1077581.0,68401.052514,71730.238776,183656826.0,2685.0,725.0,0.001819,1960.0,0.0024916920398559365,96.0,1627.0,883.0,4.0,6286.0,0.0,5961.0,2514.0,117.0,0.0,3206.0,8.0,2727.0,0.0,0.457474,0.581822,3442.0,44523.34,213184.0,172167152.13775265,1633.0,29.777689,2.0,1114.0,2106633.0,28.308683,3.36,279571337.71032846,216152215.6229605,57.08,0.0,0.0,ddr4_1x,3718434.0,0.45747357825868146,,5961.0,l2,8.0,0.001342056701895655,2727.0,imp,matmult_imp_ipd2_l2_ddr4_1x,7397885.0,7415209.0,0.001238,1238238522.0,,1.0331179321486268,,,stage1,,,,,,,0.001279,0.503880266075388,2514.0,0.4217413185707096,0.0,117.0,96.0,6286.0,0.0,0.018612790327712375,0.015272033089405028,172167152.13775265,213184.0,0.02461131508944836,stage1: ipd2
2151360.0,matmult,ipd2,,,,,,,,,,,,2.002425,1.78887,494922.0,885351.0,2139337.0,16482.10854,16286.310813,19111763029.0,1159546.0,81361.0,0.503981,1078185.0,0.5420118475957738,,,,,,,,,,,,,,,,,,,,,110.0,1.0,110.0,1078402.0,68542.934078,66722.026863,184037778.0,2685.0,712.0,0.00183,1973.0,0.0024897950856916065,84.0,1464.0,848.0,5.0,6047.0,0.0,5726.0,2317.0,104.0,0.0,3441.0,10.0,2700.0,0.0,0.471533,0.577787,,,,,1590.0,29.772187,2.0,767.0,2106632.0,28.02562,,,,,,,ddr4_2x,3694463.0,0.4715333566189312,,5726.0,l2,10.0,0.0017464198393293748,2700.0,imp,matmult_imp_ipd2_l2_ddr4_2x,7397876.0,7415199.0,0.00123,1230256179.0,,1.0552845528455284,,,stage1,,,,,,,0.001298,0.5013927576601671,2317.0,0.40464547677261614,0.0,104.0,84.0,6047.0,0.0,0.017198610881428808,0.013891185711923267,,,,stage1: ipd2
2148897.0,matmult,ipd8,3332.0,43901.03,26409.03,269.055652,219.902245,281833477.0,501272011.0,219438534.0,19207.0,,,1.983251,1.782661,507110.0,904005.0,2138673.0,16525.427865,16254.245135,19059982313.0,1153373.0,100768.0,0.492177,1052605.0,0.5392937583258404,438115.0,14680.0,8798.0,49.0,1899860.0,0.0,55493.0,23527.0,805458.0,83.0,2694920.0,6658.0,4714.0,0.0,0.084948,0.004458,2602.0,44612.34,160704.0,129375477.41442238,,0.0,0.0,1084788.0,69034.72719,68701.666301,377550923.0,5469.0,,0.005042,5469.0,0.005041538070111395,,,,,,,,,,,,,,,,,,,,,1560.0,29.685663,2.0,1397.0,2106633.0,30.258648,1.88,281885000.77033246,219438533.77460173,57.21,0.0,0.0,ddr4_1x,3730186.0,0.08494765105508803,,55493.0,l1d,6658.0,0.11997909646261691,4714.0,imp,matmult_imp_ipd8_l1d_ddr4_1x,7397885.0,7415209.0,0.001242,1242151938.0,,1.0297906602254427,,,stage1,,,,,,,0.001279,0.004070505929174579,23527.0,0.42396338276899787,83.0,805458.0,438115.0,1899860.0,4.368742960007579e-05,0.42395650205804636,0.23060383396671333,129375477.41442238,160704.0,0.024889375874629627,stage1: ipd8
2156522.0,matmult,ipd8,,,,,,,,,,,,1.953336,1.799685,511624.0,920762.0,2139866.0,16461.83778,16259.249126,18960185053.0,1151766.0,98582.0,0.492173,1053184.0,0.538242114225844,430967.0,15610.0,6496.0,19.0,1877824.0,0.0,55078.0,22125.0,801319.0,10.0,2701192.0,8082.0,4680.0,0.0,0.08497,0.004424,,,,,,0.0,0.0,1086353.0,65424.173856,65091.111671,350346451.0,5355.0,,0.004929,5355.0,0.004929336965056478,,,,,,,,,,,,,,,,,,,,,1416.0,29.711112,2.0,1558.0,2106632.0,30.395988,,,,,,,ddr4_2x,3787308.0,0.08497040560659429,,55078.0,l1d,8082.0,0.14673735429754167,4680.0,imp,matmult_imp_ipd8_l1d_ddr4_2x,7397876.0,7415199.0,0.001261,1261173564.0,,1.02934179222839,,,stage1,,,,,,,0.001298,0.0040468815664544645,22125.0,0.4017030393260467,10.0,801319.0,430967.0,1877824.0,5.325312702361882e-06,0.42672742493439214,0.22950340393987936,,,,stage1: ipd8
2151658.0,matmult,ipd8,3332.0,46804.47,29312.47,267.01156,216.617393,279519651.0,495671867.0,216152216.0,19207.0,,,1.989519,1.8009,486453.0,876053.0,2138569.0,16500.053492,16223.853095,19097013411.0,1157391.0,80027.0,0.503778,1077364.0,0.5411988109806136,,,,,,,,,,,,,,,,,,,,,59.0,1.0,59.0,1077581.0,68401.052514,71730.238776,183656826.0,2685.0,725.0,0.001819,1960.0,0.0024916920398559365,96.0,1627.0,883.0,4.0,6286.0,0.0,5961.0,2514.0,117.0,0.0,3206.0,8.0,2727.0,0.0,0.457474,0.581822,3442.0,44523.34,213184.0,172167152.13775265,1633.0,29.777689,2.0,1114.0,2106633.0,28.308683,3.36,279571337.71032846,216152215.6229605,57.08,0.0,0.0,ddr4_1x,3718434.0,0.45747357825868146,,5961.0,l2,8.0,0.001342056701895655,2727.0,imp,matmult_imp_ipd8_l2_ddr4_1x,7397885.0,7415209.0,0.001238,1238238522.0,,1.0331179321486268,,,stage1,,,,,,,0.001279,0.503880266075388,2514.0,0.4217413185707096,0.0,117.0,96.0,6286.0,0.0,0.018612790327712375,0.015272033089405028,172167152.13775265,213184.0,0.02461131508944836,stage1: ipd8
2151360.0,matmult,ipd8,,,,,,,,,,,,2.002425,1.78887,494922.0,885351.0,2139337.0,16482.10854,16286.310813,19111763029.0,1159546.0,81361.0,0.503981,1078185.0,0.5420118475957738,,,,,,,,,,,,,,,,,,,,,110.0,1.0,110.0,1078402.0,68542.934078,66722.026863,184037778.0,2685.0,712.0,0.00183,1973.0,0.0024897950856916065,84.0,1464.0,848.0,5.0,6047.0,0.0,5726.0,2317.0,104.0,0.0,3441.0,10.0,2700.0,0.0,0.471533,0.577787,,,,,1590.0,29.772187,2.0,767.0,2106632.0,28.02562,,,,,,,ddr4_2x,3694463.0,0.4715333566189312,,5726.0,l2,10.0,0.0017464198393293748,2700.0,imp,matmult_imp_ipd8_l2_ddr4_2x,7397876.0,7415199.0,0.00123,1230256179.0,,1.0552845528455284,,,stage1,,,,,,,0.001298,0.5013927576601671,2317.0,0.40464547677261614,0.0,104.0,84.0,6047.0,0.0,0.017198610881428808,0.013891185711923267,,,,stage1: ipd8
2148897.0,matmult,pt32,3332.0,43901.03,26409.03,269.055652,219.902245,281833477.0,501272011.0,219438534.0,19207.0,,,1.983251,1.782661,507110.0,904005.0,2138673.0,16525.427865,16254.245135,19059982313.0,1153373.0,100768.0,0.492177,1052605.0,0.5392937583258404,438115.0,14680.0,8798.0,49.0,1899860.0,0.0,55493.0,23527.0,805458.0,83.0,2694920.0,6658.0,4714.0,0.0,0.084948,0.004458,2602.0,44612.34,160704.0,129375477.41442238,,0.0,0.0,1084788.0,69034.72719,68701.666301,377550923.0,5469.0,,0.005042,5469.0,0.005041538070111395,,,,,,,,,,,,,,,,,,,,,1560.0,29.685663,2.0,1397.0,2106633.0,30.258648,1.88,281885000.77033246,219438533.77460173,57.21,0.0,0.0,ddr4_1x,3730186.0,0.08494765105508803,,55493.0,l1d,6658.0,0.11997909646261691,4714.0,imp,matmult_imp_pt32_l1d_ddr4_1x,7397885.0,7415209.0,0.001242,1242151938.0,,1.0297906602254427,,,stage1,,,,,,,0.001279,0.004070505929174579,23527.0,0.42396338276899787,83.0,805458.0,438115.0,1899860.0,4.368742960007579e-05,0.42395650205804636,0.23060383396671333,129375477.41442238,160704.0,0.024889375874629627,stage1: pt32
2156522.0,matmult,pt32,,,,,,,,,,,,1.953336,1.799685,511624.0,920762.0,2139866.0,16461.83778,16259.249126,18960185053.0,1151766.0,98582.0,0.492173,1053184.0,0.538242114225844,430967.0,15610.0,6496.0,19.0,1877824.0,0.0,55078.0,22125.0,801319.0,10.0,2701192.0,8082.0,4680.0,0.0,0.08497,0.004424,,,,,,0.0,0.0,1086353.0,65424.173856,65091.111671,350346451.0,5355.0,,0.004929,5355.0,0.004929336965056478,,,,,,,,,,,,,,,,,,,,,1416.0,29.711112,2.0,1558.0,2106632.0,30.395988,,,,,,,ddr4_2x,3787308.0,0.08497040560659429,,55078.0,l1d,8082.0,0.14673735429754167,4680.0,imp,matmult_imp_pt32_l1d_ddr4_2x,7397876.0,7415199.0,0.001261,1261173564.0,,1.02934179222839,,,stage1,,,,,,,0.001298,0.0040468815664544645,22125.0,0.4017030393260467,10.0,801319.0,430967.0,1877824.0,5.325312702361882e-06,0.42672742493439214,0.22950340393987936,,,,stage1: pt32
2151658.0,matmult,pt32,3332.0,46804.47,29312.47,267.01156,216.617393,279519651.0,495671867.0,216152216.0,19207.0,,,1.989519,1.8009,486453.0,876053.0,2138569.0,16500.053492,16223.853095,19097013411.0,1157391.0,80027.0,0.503778,1077364.0,0.5411988109806136,,,,,,,,,,,,,,,,,,,,,59.0,1.0,59.0,1077581.0,68401.052514,71730.238776,183656826.0,2685.0,725.0,0.001819,1960.0,0.0024916920398559365,96.0,1627.0,883.0,4.0,6286.0,0.0,5961.0,2514.0,117.0,0.0,3206.0,8.0,2727.0,0.0,0.457474,0.581822,3442.0,44523.34,213184.0,172167152.13775265,1633.0,29.777689,2.0,1114.0,2106633.0,28.308683,3.36,279571337.71032846,216152215.6229605,57.08,0.0,0.0,ddr4_1x,3718434.0,0.45747357825868146,,5961.0,l2,8.0,0.001342056701895655,2727.0,imp,matmult_imp_pt32_l2_ddr4_1x,7397885.0,7415209.0,0.001238,1238238522.0,,1.0331179321486268,,,stage1,,,,,,,0.001279,0.503880266075388,2514.0,0.4217413185707096,0.0,117.0,96.0,6286.0,0.0,0.018612790327712375,0.015272033089405028,172167152.13775265,213184.0,0.02461131508944836,stage1: pt32
2151360.0,matmult,pt32,,,,,,,,,,,,2.002425,1.78887,494922.0,885351.0,2139337.0,16482.10854,16286.310813,19111763029.0,1159546.0,81361.0,0.503981,1078185.0,0.5420118475957738,,,,,,,,,,,,,,,,,,,,,110.0,1.0,110.0,1078402.0,68542.934078,66722.026863,184037778.0,2685.0,712.0,0.00183,1973.0,0.0024897950856916065,84.0,1464.0,848.0,5.0,6047.0,0.0,5726.0,2317.0,104.0,0.0,3441.0,10.0,2700.0,0.0,0.471533,0.577787,,,,,1590.0,29.772187,2.0,767.0,2106632.0,28.02562,,,,,,,ddr4_2x,3694463.0,0.4715333566189312,,5726.0,l2,10.0,0.0017464198393293748,2700.0,imp,matmult_imp_pt32_l2_ddr4_2x,7397876.0,7415199.0,0.00123,1230256179.0,,1.0552845528455284,,,stage1,,,,,,,0.001298,0.5013927576601671,2317.0,0.40464547677261614,0.0,104.0,84.0,6047.0,0.0,0.017198610881428808,0.013891185711923267,,,,stage1: pt32
2148897.0,matmult,pt64,3332.0,43901.03,26409.03,269.055652,219.902245,281833477.0,501272011.0,219438534.0,19207.0,,,1.983251,1.782661,507110.0,904005.0,2138673.0,16525.427865,16254.245135,19059982313.0,1153373.0,100768.0,0.492177,1052605.0,0.5392937583258404,438115.0,14680.0,8798.0,49.0,1899860.0,0.0,55493.0,23527.0,805458.0,83.0,2694920.0,6658.0,4714.0,0.0,0.084948,0.004458,2602.0,44612.34,160704.0,129375477.41442238,,0.0,0.0,1084788.0,69034.72719,68701.666301,377550923.0,5469.0,,0.005042,5469.0,0.005041538070111395,,,,,,,,,,,,,,,,,,,,,1560.0,29.685663,2.0,1397.0,2106633.0,30.258648,1.88,281885000.77033246,219438533.77460173,57.21,0.0,0.0,ddr4_1x,3730186.0,0.08494765105508803,,55493.0,l1d,6658.0,0.11997909646261691,4714.0,imp,matmult_imp_pt64_l1d_ddr4_1x,7397885.0,7415209.0,0.001242,1242151938.0,,1.0297906602254427,,,stage1,,,,,,,0.001279,0.004070505929174579,23527.0,0.42396338276899787,83.0,805458.0,438115.0,1899860.0,4.368742960007579e-05,0.42395650205804636,0.23060383396671333,129375477.41442238,160704.0,0.024889375874629627,stage1: pt64
2156522.0,matmult,pt64,,,,,,,,,,,,1.953336,1.799685,511624.0,920762.0,2139866.0,16461.83778,16259.249126,18960185053.0,1151766.0,98582.0,0.492173,1053184.0,0.538242114225844,430967.0,15610.0,6496.0,19.0,1877824.0,0.0,55078.0,22125.0,801319.0,10.0,2701192.0,8082.0,4680.0,0.0,0.08497,0.004424,,,,,,0.0,0.0,1086353.0,65424.173856,65091.111671,350346451.0,5355.0,,0.004929,5355.0,0.004929336965056478,,,,,,,,,,,,,,,,,,,,,1416.0,29.711112,2.0,1558.0,2106632.0,30.395988,,,,,,,ddr4_2x,3787308.0,0.08497040560659429,,55078.0,l1d,8082.0,0.14673735429754167,4680.0,imp,matmult_imp_pt64_l1d_ddr4_2x,7397876.0,7415199.0,0.001261,1261173564.0,,1.02934179222839,,,stage1,,,,,,,0.001298,0.0040468815664544645,22125.0,0.4017030393260467,10.0,801319.0,430967.0,1877824.0,5.325312702361882e-06,0.42672742493439214,0.22950340393987936,,,,stage1: pt64
2151658.0,matmult,pt64,3332.0,46804.47,29312.47,267.01156,216.617393,279519651.0,495671867.0,216152216.0,19207.0,,,1.989519,1.8009,486453.0,876053.0,2138569.0,16500.053492,16223.853095,19097013411.0,1157391.0,80027.0,0.503778,1077364.0,0.5411988109806136,,,,,,,,,,,,,,,,,,,,,59.0,1.0,59.0,1077581.0,68401.052514,71730.238776,183656826.0,2685.0,725.0,0.001819,1960.0,0.0024916920398559365,96.0,1627.0,883.0,4.0,6286.0,0.0,5961.0,2514.0,117.0,0.0,3206.0,8.0,2727.0,0.0,0.457474,0.581822,3442.0,44523.34,213184.0,172167152.13775265,1633.0,29.777689,2.0,1114.0,2106633.0,28.308683,3.36,279571337.71032846,216152215.6229605,57.08,0.0,0.0,ddr4_1x,3718434.0,0.45747357825868146,,5961.0,l2,8.0,0.001342056701895655,2727.0,imp,matmult_imp_pt64_l2_ddr4_1x,7397885.0,7415209.0,0.001238,1238238522.0,,1.0331179321486268,,,stage1,,,,,,,0.001279,0.503880266075388,2514.0,0.4217413185707096,0.0,117.0,96.0,6286.0,0.0,0.018612790327712375,0.015272033089405028,172167152.13775265,213184.0,0.02461131508944836,stage1: pt64
2151360.0,matmult,pt64,,,,,,,,,,,,2.002425,1.78887,494922.0,885351.0,2139337.0,16482.10854,16286.310813,19111763029.0,1159546.0,81361.0,0.503981,1078185.0,0.5420118475957738,,,,,,,,,,,,,,,,,,,,,110.0,1.0,110.0,1078402.0,68542.934078,66722.026863,184037778.0,2685.0,712.0,0.00183,1973.0,0.0024897950856916065,84.0,1464.0,848.0,5.0,6047.0,0.0,5726.0,2317.0,104.0,0.0,3441.0,10.0,2700.0,0.0,0.471533,0.577787,,,,,1590.0,29.772187,2.0,767.0,2106632.0,28.02562,,,,,,,ddr4_2x,3694463.0,0.4715333566189312,,5726.0,l2,10.0,0.0017464198393293748,2700.0,imp,matmult_imp_pt64_l2_ddr4_2x,7397876.0,7415199.0,0.00123,1230256179.0,,1.0552845528455284,,,stage1,,,,,,,0.001298,0.5013927576601671,2317.0,0.40464547677261614,0.0,104.0,84.0,6047.0,0.0,0.017198610881428808,0.013891185711923267,,,,stage1: pt64
2148897.0,matmult,pt8,3332.0,43901.03,26409.03,269.055652,219.902245,281833477.0,501272011.0,219438534.0,19207.0,,,1.983251,1.782661,507110.0,904005.0,2138673.0,16525.427865,16254.245135,19059982313.0,1153373.0,100768.0,0.492177,1052605.0,0.5392937583258404,438115.0,14680.0,8798.0,49.0,1899860.0,0.0,55493.0,23527.0,805458.0,83.0,2694920.0,6658.0,4714.0,0.0,0.084948,0.004458,2602.0,44612.34,160704.0,129375477.41442238,,0.0,0.0,1084788.0,69034.72719,68701.666301,377550923.0,5469.0,,0.005042,5469.0,0.005041538070111395,,,,,,,,,,,,,,,,,,,,,1560.0,29.685663,2.0,1397.0,2106633.0,30.258648,1.88,281885000.77033246,219438533.77460173,57.21,0.0,0.0,ddr4_1x,3730186.0,0.08494765105508803,,55493.0,l1d,6658.0,0.11997909646261691,4714.0,imp,matmult_imp_pt8_l1d_ddr4_1x,7397885.0,7415209.0,0.001242,1242151938.0,,1.0297906602254427,,,stage1,,,,,,,0.001279,0.004070505929174579,23527.0,0.42396338276899787,83.0,805458.0,438115.0,1899860.0,4.368742960007579e-05,0.42395650205804636,0.23060383396671333,129375477.41442238,160704.0,0.024889375874629627,stage1: pt8
2156522.0,matmult,pt8,,,,,,,,,,,,1.953336,1.799685,511624.0,920762.0,2139866.0,16461.83778,16259.249126,18960185053.0,1151766.0,98582.0,0.492173,1053184.0,0.538242114225844,430967.0,15610.0,6496.0,19.0,1877824.0,0.0,55078.0,22125.0,801319.0,10.0,2701192.0,8082.0,4680.0,0.0,0.08497,0.004424,,,,,,0.0,0.0,1086353.0,65424.173856,65091.111671,350346451.0,5355.0,,0.004929,5355.0,0.004929336965056478,,,,,,,,,,,,,,,,,,,,,1416.0,29.711112,2.0,1558.0,2106632.0,30.395988,,,,,,,ddr4_2x,3787308.0,0.08497040560659429,,55078.0,l1d,8082.0,0.14673735429754167,4680.0,imp,matmult_imp_pt8_l1d_ddr4_2x,7397876.0,7415199.0,0.001261,1261173564.0,,1.02934179222839,,,stage1,,,,,,,0.001298,0.0040468815664544645,22125.0,0.4017030393260467,10.0,801319.0,430967.0,1877824.0,5.325312702361882e-06,0.42672742493439214,0.22950340393987936,,,,stage1: pt8
2151658.0,matmult,pt8,3332.0,46804.47,29312.47,267.01156,216.617393,279519651.0,495671867.0,216152216.0,19207.0,,,1.989519,1.8009,486453.0,876053.0,2138569.0,16500.053492,16223.853095,19097013411.0,1157391.0,80027.0,0.503778,1077364.0,0.5411988109806136,,,,,,,,,,,,,,,,,,,,,59.0,1.0,59.0,1077581.0,68401.052514,71730.238776,183656826.0,2685.0,725.0,0.001819,1960.0,0.0024916920398559365,96.0,1627.0,883.0,4.0,6286.0,0.0,5961.0,2514.0,117.0,0.0,3206.0,8.0,2727.0,0.0,0.457474,0.581822,3442.0,44523.34,213184.0,172167152.13775265,1633.0,29.777689,2.0,1114.0,2106633.0,28.308683,3.36,279571337.71032846,216152215.6229605,57.08,0.0,0.0,ddr4_1x,3718434.0,0.45747357825868146,,5961.0,l2,8.0,0.001342056701895655,2727.0,imp,matmult_imp_pt8_l2_ddr4_1x,7397885.0,7415209.0,0.001238,1238238522.0,,1.0331179321486268,,,stage1,,,,,,,0.001279,0.503880266075388,2514.0,0.4217413185707096,0.0,117.0,96.0,6286.0,0.0,0.018612790327712375,0.015272033089405028,172167152.13775265,213184.0,0.02461131508944836,stage1: pt8
2151360.0,matmult,pt8,,,,,,,,,,,,2.002425,1.78887,494922.0,885351.0,2139337.0,16482.10854,16286.310813,19111763029.0,1159546.0,81361.0,0.503981,1078185.0,0.5420118475957738,,,,,,,,,,,,,,,,,,,,,110.0,1.0,110.0,1078402.0,68542.934078,66722.026863,184037778.0,2685.0,712.0,0.00183,1973.0,0.0024897950856916065,84.0,1464.0,848.0,5.0,6047.0,0.0,5726.0,2317.0,104.0,0.0,3441.0,10.0,2700.0,0.0,0.471533,0.577787,,,,,1590.0,29.772187,2.0,767.0,2106632.0,28.02562,,,,,,,ddr4_2x,3694463.0,0.4715333566189312,,5726.0,l2,10.0,0.0017464198393293748,2700.0,imp,matmult_imp_pt8_l2_ddr4_2x,7397876.0,7415199.0,0.00123,1230256179.0,,1.0552845528455284,,,stage1,,,,,,,0.001298,0.5013927576601671,2317.0,0.40464547677261614,0.0,104.0,84.0,6047.0,0.0,0.017198610881428808,0.013891185711923267,,,,stage1: pt8
2147701.0,matmult,sdist16,3332.0,55934.71,38442.71,277.371915,225.818358,290141090.0,515588559.0,225447469.0,19207.0,,,2.039471,1.798672,536710.0,965365.0,2138816.0,16386.556572,16238.285118,18852733336.0,1150500.0,80767.0,0.500152,1069733.0,0.5379144349023011,1300507.0,19320.0,2135.0,60.0,2878691.0,0.0,34743.0,21515.0,815373.0,49009.0,15433565.0,5007.0,3667.0,0.0,0.105546,0.003416,3671.0,56371.35,229632.0,190107054.78031245,,0.0,0.0,1083178.0,80681.988858,80348.928037,441733889.0,5475.0,,0.005055,5475.0,0.005054570901550807,,,,,,,,,,,,,,,,,,,,,1306.0,29.544334,2.0,621.0,2106632.0,27.648257,3.9,290194074.42357063,225447468.80998597,56.96,0.0,0.0,ddr4_1x,3627354.0,0.1055464410096998,,34743.0,l1d,5007.0,0.14411536136775754,3667.0,imp,matmult_imp_sdist16_l1d_ddr4_1x,7397876.0,7415199.0,0.001208,1207908882.0,,1.058774834437086,,,stage1,,,,,,,0.001279,0.00317718319792543,21515.0,0.6192614339579195,49009.0,815373.0,1300507.0,2878691.0,0.017024751875070996,0.2832443634971589,0.45177026641622875,190107054.78031245,229632.0,0.02560022734165713,stage1: sdist16
2155998.0,matmult,sdist16,,,,,,,,,,,,2.015059,1.823515,537693.0,980491.0,2140009.0,16426.425348,16325.787017,18919578908.0,1151777.0,81946.0,0.499919,1069831.0,0.5382112878964528,1297053.0,17113.0,2221.0,53.0,2887949.0,0.0,31853.0,19387.0,816513.0,51392.0,15431107.0,4209.0,3474.0,0.0,0.109064,0.003237,,,,,,0.0,0.0,1082513.0,65182.945936,64850.008016,349641322.0,5364.0,,0.004955,5364.0,0.0049551367974333795,,,,,,,,,,,,,,,,,,,,,1286.0,29.751302,2.0,545.0,2106632.0,26.99861,,,,,,,ddr4_2x,3671300.0,0.10906351050136565,,31853.0,l1d,4209.0,0.1321382601324836,3474.0,imp,matmult_imp_sdist16_l1d_ddr4_2x,7397876.0,7415199.0,0.001223,1222542900.0,,1.061324611610793,,,stage1,,,,,,,0.001298,0.003007138708384585,19387.0,0.6086396885693656,51392.0,816513.0,1297053.0,2887949.0,0.017795328103093234,0.2827311008608532,0.44912600603404007,,,,stage1: sdist16
2149817.0,matmult,sdist16,3332.0,67789.44,50297.44,271.263488,218.348041,282703254.0,501312477.0,218609223.0,19207.0,,,2.010689,1.796303,495716.0,890456.0,2138080.0,16459.852524,16261.106566,19060262325.0,1157985.0,81281.0,0.503585,1076704.0,0.5416004078425504,,,,,,,,,,,,,,,,,,,,,17.214286,14.0,241.0,1076921.0,76492.611801,81119.598639,147783726.0,1932.0,609.0,0.001229,1323.0,0.0017940034598638154,378.0,1561.0,942.0,19.0,7436.0,0.0,6610.0,2522.0,120.0,0.0,18468.0,5.0,3480.0,0.0,0.526475,0.724547,4080.0,68499.56,256256.0,209154439.6436197,1411.0,29.830379,2.0,1524.0,2106632.0,27.904159,9.39,282755489.95777065,218609223.25388324,57.02,0.0,0.0,ddr4_1x,3679279.0,0.5264750378214826,,6610.0,l2,5.0,0.0007564296520423601,3480.0,imp,matmult_imp_sdist16_l2_ddr4_1x,7397876.0,7415199.0,0.001225,1225199907.0,,1.0440816326530613,,,stage1,,,,,,,0.001279,0.6430155210643016,2522.0,0.3815431164901664,0.0,120.0,378.0,7436.0,0.0,0.01613770844540075,0.05083378160301237,209154439.6436197,256256.0,0.024891385110058777,stage1: sdist16
2147932.0,matmult,sdist16,,,,,,,,,,,,2.02936,1.820475,508192.0,925151.0,2139089.0,16568.719677,16440.610276,19212457726.0,1159562.0,81725.0,0.503877,1077837.0,0.542082166754165,,,,,,,,,,,,,,,,,,,,,31.944444,18.0,575.0,1078053.0,69534.121339,70993.089984,132949240.0,1912.0,634.0,0.001185,1278.0,0.0017735677188412814,288.0,951.0,1338.0,8.0,7048.0,0.0,6424.0,2297.0,119.0,0.0,18552.0,14.0,3499.0,0.0,0.544676,0.732468,,,,,1536.0,29.976645,2.0,396.0,2106632.0,26.932441,,,,,,,ddr4_2x,3645427.0,0.5446762141967622,,6424.0,l2,14.0,0.0021793275217932753,3499.0,imp,matmult_imp_sdist16_l2_ddr4_2x,7397876.0,7415199.0,0.001214,1213927191.0,,1.0691927512355848,,,stage1,,,,,,,0.001298,0.6466457216780632,2297.0,0.3575653798256538,0.0,119.0,288.0,7048.0,0.0,0.01688422247446084,0.04086265607264472,,,,stage1: sdist16
2149630.0,matmult,sdist2,3332.0,46833.64,29341.64,262.072665,212.780785,272681678.0,484962038.0,212280360.0,19207.0,,,1.926241,1.776474,477256.0,847833.0,2138224.0,16549.593807,16171.081523,19095732265.0,1153849.0,110147.0,0.488116,1043702.0,0.5396296178510764,89865.0,9435.0,10078.0,64.0,1470239.0,0.0,60567.0,19577.0,793496.0,1.0,828117.0,6792.0,4069.0,0.0,0.067182,0.003883,1645.0,48916.58,98944.0,77365732.22289175,,0.0,0.0,1084909.0,72170.863253,71837.802129,393186863.0,5448.0,,0.005022,5448.0,0.005021619324754426,,,,,,,,,,,,,,,,,,,,,1593.0,29.644666,2.0,1860.0,2106632.0,31.496444,1.33,272731720.9668564,212280359.69567063,56.63,0.0,0.0,ddr4_1x,3840578.0,0.06718179866924233,,60567.0,l1d,6792.0,0.11214027440685521,4069.0,imp,matmult_imp_sdist2_l1d_ddr4_1x,7397871.0,7415194.0,0.001279,1278912474.0,,1.0,,,stage1,,,,,,,0.001279,0.0035140657628605827,19577.0,0.32322882097511846,1.0,793496.0,89865.0,1470239.0,6.801615247588997e-07,0.5397054492500879,0.06112271542245853,77365732.22289175,98944.0,0.024079546002636114,stage1: sdist2
2155164.0,matmult,sdist2,,,,,,,,,,,,1.897162,1.785468,488580.0,872344.0,2139910.0,16602.152291,16389.442425,19199077554.0,1156421.0,113446.0,0.487392,1042975.0,0.5404063722306078,90111.0,10718.0,11239.0,1.0,1466460.0,0.0,63840.0,21958.0,790393.0,0.0,833360.0,6382.0,3662.0,0.0,0.057362,0.003499,,,,,,0.0,0.0,1085073.0,64641.95132,64308.888972,345252662.0,5341.0,,0.004922,5341.0,0.004922249470772935,,,,,,,,,,,,,,,,,,,,,1313.0,29.831936,2.0,1937.0,2106632.0,30.531121,,,,,,,ddr4_2x,3899445.0,0.05736215538847118,,63840.0,l1d,6382.0,0.099968671679198,3662.0,imp,matmult_imp_sdist2_l1d_ddr4_2x,7397871.0,7415194.0,0.001299,1298515185.0,,0.9992301770592763,,,stage1,,,,,,,0.001298,0.0031566706864939835,21958.0,0.343953634085213,0.0,790393.0,90111.0,1466460.0,0.0,0.5389802654010338,0.061447976760361685,,,,stage1: sdist2
2150776.0,matmult,sdist2,3332.0,48207.72,30715.72,265.17747,214.876395,276400833.0,490818091.0,214417258.0,19207.0,,,1.963687,1.82573,479848.0,876073.0,2138816.0,16556.866131,16234.316799,19196361730.0,1159420.0,81863.0,0.50381,1077557.0,0.5420849666357461,,,,,,,,,,,,,,,,,,,,,,0.0,0.0,1077774.0,69727.334421,71285.278436,234981117.0,3370.0,838.0,0.002349,2532.0,0.0031268150836817367,0.0,1181.0,831.0,7.0,5086.0,0.0,4904.0,2019.0,105.0,0.0,1028.0,3.0,2051.0,0.0,0.41823,0.447523,2876.0,47885.55,178560.0,142332655.01731756,1610.0,29.826824,2.0,1614.0,2106632.0,31.331248,2.15,276451848.5802308,214417257.71963644,57.4,0.0,0.0,ddr4_1x,3767345.0,0.4182300163132137,,4904.0,l2,3.0,0.0006117455138662316,2051.0,imp,matmult_imp_sdist2_l2_ddr4_1x,7397876.0,7415199.0,0.001255,1254525885.0,,1.0191235059760955,,,stage1,,,,,,,0.001279,0.3783434790629035,2019.0,0.4117047308319739,0.0,105.0,0.0,5086.0,0.0,0.020644907589461265,0.0,142332655.01731756,178560.0,0.024370313292770635,stage1: sdist2
2158734.0,matmult,sdist2,,,,,,,,,,,,1.975709,1.767916,481235.0,850783.0,2138670.0,16396.18646,16110.129984,19001950393.0,1158925.0,81669.0,0.503704,1077256.0,0.5418905207442009,,,,,,,,,,,,,,,,,,,,,,0.0,0.0,1077472.0,64905.482536,63077.453465,221132979.0,3407.0,882.0,0.002343,2525.0,0.003162031124706721,0.0,1392.0,756.0,2.0,5148.0,0.0,4981.0,2150.0,96.0,0.0,1042.0,3.0,1953.0,0.0,0.39209,0.436132,,,,,1461.0,29.674991,2.0,1231.0,2106632.0,30.101693,,,,,,,ddr4_2x,3744418.0,0.3920899417787593,,4981.0,l2,3.0,0.0006022886970487854,1953.0,imp,matmult_imp_sdist2_l2_ddr4_2x,7397871.0,7415194.0,0.001247,1246891194.0,,1.040898155573376,,,stage1,,,,,,,0.001298,0.36436567164179107,2150.0,0.43164023288496284,0.0,96.0,0.0,5148.0,0.0,0.018648018648018648,0.0,,,,stage1: sdist2
2150204.0,matmult,sdist8,3332.0,56178.19,38686.19,274.507613,223.119368,286672993.0,509739924.0,223066931.0,19207.0,,,2.018409,1.816322,504198.0,915786.0,2138251.0,16409.960196,16202.916563,18870354758.0,1149933.0,85687.0,0.497718,1064246.0,0.5377914005418447,749034.0,13606.0,4641.0,94.0,2236675.0,0.0,36362.0,18341.0,816671.0,3151.0,6926605.0,5124.0,3741.0,0.0,0.102882,0.003503,3379.0,58542.59,210560.0,172517678.36933243,,0.0,0.0,1082484.0,80990.051043,80656.990121,442691619.0,5466.0,,0.005049,5466.0,0.0050494972673961,,,,,,,,,,,,,,,,,,,,,1564.0,29.561655,2.0,922.0,2106632.0,28.034496,3.34,286725430.1895166,223066931.241076,56.78,0.0,0.0,ddr4_1x,3665203.0,0.10288212969583631,,36362.0,l1d,5124.0,0.1409163412353556,3741.0,imp,matmult_imp_sdist8_l1d_ddr4_1x,7397871.0,7415194.0,0.001221,1220512599.0,,1.0475020475020473,,,stage1,,,,,,,0.001279,0.003242683808424217,18341.0,0.5044001980089104,3151.0,816671.0,749034.0,2236675.0,0.0014087875976617078,0.36512725362424137,0.334887276873037,172517678.36933243,210560.0,0.02530982837328442,stage1: sdist8
2155662.0,matmult,sdist8,,,,,,,,,,,,2.006391,1.818103,521406.0,947970.0,2140070.0,16423.053401,16326.392254,18907171612.0,1151258.0,86730.0,0.497427,1064528.0,0.537953431429813,732578.0,13898.0,4036.0,37.0,2217158.0,0.0,37537.0,17971.0,812873.0,5083.0,6938202.0,5903.0,4166.0,0.0,0.110984,0.003898,,,,,,0.0,0.0,1084311.0,62865.068432,62532.00634,337145362.0,5363.0,,0.004946,5363.0,0.00494599796552834,,,,,,,,,,,,,,,,,,,,,1323.0,29.671316,2.0,580.0,2106632.0,27.287606,,,,,,,ddr4_2x,3687160.0,0.1109838292884354,,37537.0,l1d,5903.0,0.15725817193702213,4166.0,imp,matmult_imp_sdist8_l1d_ddr4_2x,7397876.0,7415199.0,0.001228,1227824280.0,,1.0570032573289903,,,stage1,,,,,,,0.001298,0.00360560279170244,17971.0,0.4787542957615153,5083.0,812873.0,732578.0,2217158.0,0.0022925745481377512,0.3666283593681641,0.33041307836428435,,,,stage1: sdist8
2148030.0,matmult,sdist8,3332.0,56955.86,39463.86,267.064776,215.088153,278689766.0,493312920.0,214623153.0,19207.0,,,1.988757,1.831434,506804.0,928178.0,2139187.0,16675.211683,16454.518155,19327737605.0,1159070.0,81022.0,0.503952,1078048.0,0.5418273390778833,,,,,,,,,,,,,,,,,,,,,35.875,8.0,287.0,1078265.0,76520.32761,80708.37375,169339485.0,2213.0,613.0,0.001484,1600.0,0.002052371170352372,95.0,1366.0,1024.0,5.0,6476.0,0.0,6188.0,2395.0,109.0,0.0,8724.0,13.0,3186.0,0.0,0.514867,0.665692,3786.0,54831.34,236352.0,190804840.02206692,1614.0,30.073924,2.0,1407.0,2106632.0,28.873333,6.01,278741432.9593965,214623153.3852332,56.88,0.0,0.0,ddr4_1x,3719852.0,0.5148674854557207,,6188.0,l2,13.0,0.0021008403361344537,3186.0,imp,matmult_imp_sdist8_l2_ddr4_1x,7397871.0,7415194.0,0.001239,1238710716.0,,1.0322841000807101,,,stage1,,,,,,,0.001279,0.590109279496203,2395.0,0.38703943115707823,0.0,109.0,95.0,6476.0,0.0,0.016831377393452748,0.014669549104385423,190804840.02206692,236352.0,0.024494187627186498,stage1: sdist8
2150934.0,matmult,sdist8,,,,,,,,,,,,2.015772,1.792411,494279.0,885951.0,2138385.0,16414.37993,16250.084029,19004552668.0,1157799.0,80656.0,0.503718,1077143.0,0.5414361773020293,,,,,,,,,,,,,,,,,,,,,30.375,8.0,243.0,1077359.0,75426.746175,74551.497426,167598230.0,2222.0,668.0,0.001442,1554.0,0.0020624508636396966,69.0,1712.0,1136.0,11.0,6999.0,0.0,6699.0,2859.0,102.0,0.0,8289.0,9.0,3173.0,0.0,0.473653,0.67125,,,,,1626.0,29.751058,2.0,496.0,2106632.0,27.325293,,,,,,,ddr4_2x,3669999.0,0.47365278399761157,,6699.0,l2,9.0,0.0013434841021047917,3173.0,imp,matmult_imp_sdist8_l2_ddr4_2x,7397871.0,7415194.0,0.001222,1222109667.0,,1.0621931260229132,,,stage1,,,,,,,0.001298,0.5881371640407785,2859.0,0.42678011643528885,0.0,102.0,69.0,6999.0,0.0,0.014573510501500214,0.009858551221603087,,,,stage1: sdist8
2151388.0,matmult,sthr2,3332.0,44898.69,27406.69,269.651411,217.973366,280398388.0,498526017.0,218127629.0,19207.0,,,1.979301,1.774772,507451.0,900610.0,2138826.0,16456.305147,16186.043356,18999133418.0,1154520.0,101280.0,0.492438,1053240.0,0.5397914556864373,445091.0,14519.0,7997.0,102.0,1900711.0,0.0,55004.0,22618.0,806992.0,26.0,2695433.0,7737.0,4319.0,0.0,0.078522,0.004084,2559.0,44098.6,158848.0,127626773.95967253,,0.0,0.0,1085843.0,70366.51449,70033.453412,383638237.0,5452.0,,0.005021,5452.0,0.005020983696538081,,,,,,,,,,,,,,,,,,,,,1289.0,29.685164,2.0,1493.0,2106632.0,30.445753,1.83,280449808.6930112,218127628.9834532,57.6,0.0,0.0,ddr4_1x,3737625.0,0.07852156206821322,,55004.0,l1d,7737.0,0.1406624972729256,4319.0,imp,matmult_imp_sthr2_l1d_ddr4_1x,7397876.0,7415199.0,0.001245,1244629125.0,,1.0273092369477912,,,stage1,,,,,,,0.001279,0.0037270060810863288,22618.0,0.4112064577121664,26.0,806992.0,445091.0,1900711.0,1.367909166622385e-05,0.4245737516118968,0.23417079187735537,127626773.95967253,158848.0,0.024753030586411495,stage1: sthr2
2161187.0,matmult,sthr2,,,,,,,,,,,,1.96987,1.799043,500137.0,899768.0,2139622.0,16304.597483,16124.549294,18780678875.0,1151864.0,96954.0,0.493036,1054910.0,0.5383492972123113,436958.0,14548.0,6305.0,40.0,1873117.0,0.0,51622.0,20893.0,801015.0,270.0,2706227.0,7771.0,4463.0,0.0,0.086455,0.004213,,,,,,0.0,0.0,1085856.0,63465.403437,63132.34124,339793770.0,5354.0,,0.004931,5354.0,0.0049306722069961395,,,,,,,,,,,,,,,,,,,,,1350.0,29.521738,2.0,951.0,2106632.0,29.542069,,,,,,,ddr4_2x,3755520.0,0.08645538723799931,,51622.0,l1d,7771.0,0.15053659292549687,4463.0,imp,matmult_imp_sthr2_l1d_ddr4_2x,7397876.0,7415199.0,0.001251,1250588160.0,,1.037569944044764,,,stage1,,,,,,,0.001298,0.0038596348610730356,20893.0,0.40473054124210606,270.0,801015.0,436958.0,1873117.0,0.00014414475977741914,0.4276374620485533,0.23327854052896857,,,,stage1: sthr2
2151772.0,matmult,sthr2,3332.0,46465.07,28973.07,266.645063,215.083007,278269776.0,493869436.0,215599661.0,19207.0,,,1.988709,1.79617,478408.0,859302.0,2138704.0,16413.198987,16155.721035,19007255847.0,1158047.0,80366.0,0.503894,1077681.0,0.5414713770582559,,,,,,,,,,,,,,,,,,,,,62.0,1.0,62.0,1077898.0,71110.602183,73249.33452,188940870.0,2657.0,690.0,0.001825,1967.0,0.0024649827720248114,96.0,1596.0,883.0,7.0,6207.0,0.0,5904.0,2486.0,110.0,0.0,3201.0,1.0,2736.0,0.0,0.463415,0.581756,3411.0,43385.52,212416.0,171477420.1757194,1683.0,29.664144,2.0,1185.0,2106632.0,28.366674,3.5,278321440.9420309,215599660.85967976,57.05,0.0,0.0,ddr4_1x,3719941.0,0.4634146341463415,,5904.0,l2,1.0,0.00016937669376693767,2736.0,imp,matmult_imp_sthr2_l2_ddr4_1x,7397871.0,7415194.0,0.001239,1238740353.0,,1.0322841000807101,,,stage1,,,,,,,0.001279,0.5073243092898201,2486.0,0.421070460704607,0.0,110.0,96.0,6207.0,0.0,0.01772192685677461,0.015466408893185114,171477420.1757194,212416.0,0.024521820001626504,stage1: sthr2
2149043.0,matmult,sthr2,,,,,,,,,,,,1.995389,1.809252,501273.0,906929.0,2138681.0,16535.167386,16307.07198,19157033132.0,1158563.0,80918.0,0.503883,1077645.0,0.5417184704030195,,,,,,,,,,,,,,,,,,,,,453.0,1.0,453.0,1077864.0,68665.510251,67112.908257,180864954.0,2634.0,672.0,0.00182,1962.0,0.002443722028010955,81.0,1551.0,859.0,5.0,6121.0,0.0,5841.0,2415.0,98.0,0.0,3183.0,5.0,2759.0,0.0,0.472351,0.58441,,,,,1504.0,29.899156,2.0,853.0,2106632.0,28.486631,,,,,,,ddr4_2x,3707490.0,0.4723506248929978,,5841.0,l2,5.0,0.0008560178051703475,2759.0,imp,matmult_imp_sthr2_l2_ddr4_2x,7397876.0,7415199.0,0.001235,1234594170.0,,1.0510121457489878,,,stage1,,,,,,,0.001298,0.5115890969775635,2415.0,0.41345659989727784,0.0,98.0,81.0,6121.0,0.0,0.01601045580787453,0.013233131841202417,,,,stage1: sthr2
2151303.0,matmult,sthr8,3332.0,45258.56,27766.56,269.197125,217.713304,279946495.0,497659799.0,217713304.0,19207.0,,,1.97974,1.785167,514762.0,918936.0,2138348.0,16515.562944,16234.491708,19049694407.0,1153439.0,98461.0,0.493361,1054978.0,0.5394065886375837,441434.0,13976.0,7669.0,93.0,1897528.0,0.0,52541.0,21738.0,807436.0,44.0,2697444.0,7984.0,4165.0,0.0,0.079271,0.003932,2595.0,44194.33,160512.0,128992432.28565726,,0.0,0.0,1085998.0,70716.839397,70383.778207,384841040.0,5442.0,,0.005011,5442.0,0.005011058952226431,,,,,,,,,,,,,,,,,,,,,1410.0,29.74499,2.0,1433.0,2106632.0,30.471604,1.81,279997927.1782768,217713303.77399808,57.45,0.0,0.0,ddr4_1x,3736793.0,0.07927142612436003,,52541.0,l1d,7984.0,0.15195751889000972,4165.0,imp,matmult_imp_sthr8_l1d_ddr4_1x,7397871.0,7415194.0,0.001244,1244352069.0,,1.0281350482315113,,,stage1,,,,,,,0.001279,0.003597948866797281,21738.0,0.41373403627643174,44.0,807436.0,441434.0,1897528.0,2.3188063628046597e-05,0.42551993962671436,0.23263635635416183,128992432.28565726,160512.0,0.02471002075358967,stage1: sthr8
2161937.0,matmult,sthr8,,,,,,,,,,,,1.955879,1.795471,494043.0,887040.0,2137261.0,16360.296817,16158.34195,18825204577.0,1150664.0,98077.0,0.492493,1052587.0,0.5383825372755129,438942.0,15659.0,6666.0,4.0,1880474.0,0.0,53111.0,22329.0,801731.0,60.0,2696698.0,6972.0,4492.0,0.0,0.084578,0.004249,,,,,,0.0,0.0,1083585.0,63824.920329,63491.920329,341271849.0,5347.0,,0.004935,5347.0,0.004934545974704338,,,,,,,,,,,,,,,,,,,,,1423.0,29.613756,2.0,1072.0,2106632.0,29.973038,,,,,,,ddr4_2x,3782384.0,0.08457758279829038,,53111.0,l1d,6972.0,0.13127224115531622,4492.0,imp,matmult_imp_sthr8_l1d_ddr4_2x,7397876.0,7415199.0,0.00126,1259533872.0,,1.03015873015873,,,stage1,,,,,,,0.001298,0.003888652268611339,22329.0,0.4204213816346896,60.0,801731.0,438942.0,1880474.0,3.190684901785401e-05,0.4263451661655519,0.23342093535991457,,,,stage1: sthr8
2148575.0,matmult,sthr8,3332.0,45539.93,28047.93,267.226915,215.787414,279117452.0,494904866.0,215787414.0,19207.0,,,1.989965,1.841216,488551.0,899528.0,2138678.0,16585.438692,16335.248555,19219057087.0,1158791.0,81283.0,0.50382,1077508.0,0.5418258382047227,,,,,,,,,,,,,,,,,,,,,56.0,1.0,56.0,1077725.0,68878.019887,71123.930896,183559923.0,2665.0,668.0,0.001853,1997.0,0.002472801503166392,86.0,1594.0,809.0,15.0,6109.0,0.0,5819.0,2418.0,103.0,0.0,3247.0,8.0,2736.0,0.0,0.470184,0.578069,3394.0,43098.09,212160.0,171378839.5769623,1597.0,29.886249,2.0,1139.0,2106632.0,28.391603,3.43,279169150.44211054,215787413.6935869,56.74,0.0,0.0,ddr4_1x,3717595.0,0.4701838803918199,,5819.0,l2,8.0,0.001374806667812339,2736.0,imp,matmult_imp_sthr8_l2_ddr4_1x,7397876.0,7415199.0,0.001238,1237959135.0,,1.0331179321486268,,,stage1,,,,,,,0.001279,0.5065728568783558,2418.0,0.4155353153462794,0.0,103.0,86.0,6109.0,0.0,0.01686036994598134,0.014077590440333933,171378839.5769623,212160.0,0.0245732316222563,stage1: sthr8
2149295.0,matmult,sthr8,,,,,,,,,,,,1.996032,1.841707,504539.0,929213.0,2139079.0,16649.290487,16435.454106,19293014674.0,1158789.0,80917.0,0.503895,1077872.0,0.5417233304613808,,,,,,,,,,,,,,,,,,,,,79.0,1.0,79.0,1078088.0,68484.17868,67578.113809,180524295.0,2636.0,659.0,0.001834,1977.0,0.0024450694191939805,81.0,1486.0,791.0,8.0,5973.0,0.0,5690.0,2285.0,104.0,0.0,3271.0,6.0,2754.0,0.0,0.484007,0.582118,,,,,1576.0,30.013535,2.0,790.0,2106632.0,28.285119,,,,,,,ddr4_2x,3706294.0,0.48400702987697714,,5690.0,l2,6.0,0.001054481546572935,2754.0,imp,matmult_imp_sthr8_l2_ddr4_2x,7397871.0,7415194.0,0.001234,1234195902.0,,1.0518638573743921,,,stage1,,,,,,,0.001298,0.5109461966604824,2285.0,0.4015817223198594,0.0,104.0,81.0,5973.0,0.0,0.017411685919973212,0.013561024610748368,,,,stage1: sthr8
2148897.0,matmult,thr1,3332.0,43901.03,26409.03,269.055652,219.902245,281833477.0,501272011.0,219438534.0,19207.0,,,1.983251,1.782661,507110.0,904005.0,2138673.0,16525.427865,16254.245135,19059982313.0,1153373.0,100768.0,0.492177,1052605.0,0.5392937583258404,438115.0,14680.0,8798.0,49.0,1899860.0,0.0,55493.0,23527.0,805458.0,83.0,2694920.0,6658.0,4714.0,0.0,0.084948,0.004458,2602.0,44612.34,160704.0,129375477.41442238,,0.0,0.0,1084788.0,69034.72719,68701.666301,377550923.0,5469.0,,0.005042,5469.0,0.005041538070111395,,,,,,,,,,,,,,,,,,,,,1560.0,29.685663,2.0,1397.0,2106633.0,30.258648,1.88,281885000.77033246,219438533.77460173,57.21,0.0,0.0,ddr4_1x,3730186.0,0.08494765105508803,,55493.0,l1d,6658.0,0.11997909646261691,4714.0,imp,matmult_imp_thr1_l1d_ddr4_1x,7397885.0,7415209.0,0.001242,1242151938.0,,1.0297906602254427,,,stage1,,,,,,,0.001279,0.004070505929174579,23527.0,0.42396338276899787,83.0,805458.0,438115.0,1899860.0,4.368742960007579e-05,0.42395650205804636,0.23060383396671333,129375477.41442238,160704.0,0.024889375874629627,stage1: thr1
2156522.0,matmult,thr1,,,,,,,,,,,,1.953336,1.799685,511624.0,920762.0,2139866.0,16461.83778,16259.249126,18960185053.0,1151766.0,98582.0,0.492173,1053184.0,0.538242114225844,430967.0,15610.0,6496.0,19.0,1877824.0,0.0,55078.0,22125.0,801319.0,10.0,2701192.0,8082.0,4680.0,0.0,0.08497,0.004424,,,,,,0.0,0.0,1086353.0,65424.173856,65091.111671,350346451.0,5355.0,,0.004929,5355.0,0.004929336965056478,,,,,,,,,,,,,,,,,,,,,1416.0,29.711112,2.0,1558.0,2106632.0,30.395988,,,,,,,ddr4_2x,3787308.0,0.08497040560659429,,55078.0,l1d,8082.0,0.14673735429754167,4680.0,imp,matmult_imp_thr1_l1d_ddr4_2x,7397876.0,7415199.0,0.001261,1261173564.0,,1.02934179222839,,,stage1,,,,,,,0.001298,0.0040468815664544645,22125.0,0.4017030393260467,10.0,801319.0,430967.0,1877824.0,5.325312702361882e-06,0.42672742493439214,0.22950340393987936,,,,stage1: thr1
2151658.0,matmult,thr1,3332.0,46804.47,29312.47,267.01156,216.617393,279519651.0,495671867.0,216152216.0,19207.0,,,1.989519,1.8009,486453.0,876053.0,2138569.0,16500.053492,16223.853095,19097013411.0,1157391.0,80027.0,0.503778,1077364.0,0.5411988109806136,,,,,,,,,,,,,,,,,,,,,59.0,1.0,59.0,1077581.0,68401.052514,71730.238776,183656826.0,2685.0,725.0,0.001819,1960.0,0.0024916920398559365,96.0,1627.0,883.0,4.0,6286.0,0.0,5961.0,2514.0,117.0,0.0,3206.0,8.0,2727.0,0.0,0.457474,0.581822,3442.0,44523.34,213184.0,172167152.13775265,1633.0,29.777689,2.0,1114.0,2106633.0,28.308683,3.36,279571337.71032846,216152215.6229605,57.08,0.0,0.0,ddr4_1x,3718434.0,0.45747357825868146,,5961.0,l2,8.0,0.001342056701895655,2727.0,imp,matmult_imp_thr1_l2_ddr4_1x,7397885.0,7415209.0,0.001238,1238238522.0,,1.0331179321486268,,,stage1,,,,,,,0.001279,0.503880266075388,2514.0,0.4217413185707096,0.0,117.0,96.0,6286.0,0.0,0.018612790327712375,0.015272033089405028,172167152.13775265,213184.0,0.02461131508944836,stage1: thr1
2151360.0,matmult,thr1,,,,,,,,,,,,2.002425,1.78887,494922.0,885351.0,2139337.0,16482.10854,16286.310813,19111763029.0,1159546.0,81361.0,0.503981,1078185.0,0.5420118475957738,,,,,,,,,,,,,,,,,,,,,110.0,1.0,110.0,1078402.0,68542.934078,66722.026863,184037778.0,2685.0,712.0,0.00183,1973.0,0.0024897950856916065,84.0,1464.0,848.0,5.0,6047.0,0.0,5726.0,2317.0,104.0,0.0,3441.0,10.0,2700.0,0.0,0.471533,0.577787,,,,,1590.0,29.772187,2.0,767.0,2106632.0,28.02562,,,,,,,ddr4_2x,3694463.0,0.4715333566189312,,5726.0,l2,10.0,0.0017464198393293748,2700.0,imp,matmult_imp_thr1_l2_ddr4_2x,7397876.0,7415199.0,0.00123,1230256179.0,,1.0552845528455284,,,stage1,,,,,,,0.001298,0.5013927576601671,2317.0,0.40464547677261614,0.0,104.0,84.0,6047.0,0.0,0.017198610881428808,0.013891185711923267,,,,stage1: thr1
2148897.0,matmult,thr3,3332.0,43901.03,26409.03,269.055652,219.902245,281833477.0,501272011.0,219438534.0,19207.0,,,1.983251,1.782661,507110.0,904005.0,2138673.0,16525.427865,16254.245135,19059982313.0,1153373.0,100768.0,0.492177,1052605.0,0.5392937583258404,438115.0,14680.0,8798.0,49.0,1899860.0,0.0,55493.0,23527.0,805458.0,83.0,2694920.0,6658.0,4714.0,0.0,0.084948,0.004458,2602.0,44612.34,160704.0,129375477.41442238,,0.0,0.0,1084788.0,69034.72719,68701.666301,377550923.0,5469.0,,0.005042,5469.0,0.005041538070111395,,,,,,,,,,,,,,,,,,,,,1560.0,29.685663,2.0,1397.0,2106633.0,30.258648,1.88,281885000.77033246,219438533.77460173,57.21,0.0,0.0,ddr4_1x,3730186.0,0.08494765105508803,,55493.0,l1d,6658.0,0.11997909646261691,4714.0,imp,matmult_imp_thr3_l1d_ddr4_1x,7397885.0,7415209.0,0.001242,1242151938.0,,1.0297906602254427,,,stage1,,,,,,,0.001279,0.004070505929174579,23527.0,0.42396338276899787,83.0,805458.0,438115.0,1899860.0,4.368742960007579e-05,0.42395650205804636,0.23060383396671333,129375477.41442238,160704.0,0.024889375874629627,stage1: thr3
2156522.0,matmult,thr3,,,,,,,,,,,,1.953336,1.799685,511624.0,920762.0,2139866.0,16461.83778,16259.249126,18960185053.0,1151766.0,98582.0,0.492173,1053184.0,0.538242114225844,430967.0,15610.0,6496.0,19.0,1877824.0,0.0,55078.0,22125.0,801319.0,10.0,2701192.0,8082.0,4680.0,0.0,0.08497,0.004424,,,,,,0.0,0.0,1086353.0,65424.173856,65091.111671,350346451.0,5355.0,,0.004929,5355.0,0.004929336965056478,,,,,,,,,,,,,,,,,,,,,1416.0,29.711112,2.0,1558.0,2106632.0,30.395988,,,,,,,ddr4_2x,3787308.0,0.08497040560659429,,55078.0,l1d,8082.0,0.14673735429754167,4680.0,imp,matmult_imp_thr3_l1d_ddr4_2x,7397876.0,7415199.0,0.001261,1261173564.0,,1.02934179222839,,,stage1,,,,,,,0.001298,0.0040468815664544645,22125.0,0.4017030393260467,10.0,801319.0,430967.0,1877824.0,5.325312702361882e-06,0.42672742493439214,0.22950340393987936,,,,stage1: thr3
2151658.0,matmult,thr3,3332.0,46804.47,29312.47,267.01156,216.617393,279519651.0,495671867.0,216152216.0,19207.0,,,1.989519,1.8009,486453.0,876053.0,2138569.0,16500.053492,16223.853095,19097013411.0,1157391.0,80027.0,0.503778,1077364.0,0.5411988109806136,,,,,,,,,,,,,,,,,,,,,59.0,1.0,59.0,1077581.0,68401.052514,71730.238776,183656826.0,2685.0,725.0,0.001819,1960.0,0.0024916920398559365,96.0,1627.0,883.0,4.0,6286.0,0.0,5961.0,2514.0,117.0,0.0,3206.0,8.0,2727.0,0.0,0.457474,0.581822,3442.0,44523.34,213184.0,172167152.13775265,1633.0,29.777689,2.0,1114.0,2106633.0,28.308683,3.36,279571337.71032846,216152215.6229605,57.08,0.0,0.0,ddr4_1x,3718434.0,0.45747357825868146,,5961.0,l2,8.0,0.001342056701895655,2727.0,imp,matmult_imp_thr3_l2_ddr4_1x,7397885.0,7415209.0,0.001238,1238238522.0,,1.0331179321486268,,,stage1,,,,,,,0.001279,0.503880266075388,2514.0,0.4217413185707096,0.0,117.0,96.0,6286.0,0.0,0.018612790327712375,0.015272033089405028,172167152.13775265,213184.0,0.02461131508944836,stage1: thr3
2151360.0,matmult,thr3,,,,,,,,,,,,2.002425,1.78887,494922.0,885351.0,2139337.0,16482.10854,16286.310813,19111763029.0,1159546.0,81361.0,0.503981,1078185.0,0.5420118475957738,,,,,,,,,,,,,,,,,,,,,110.0,1.0,110.0,1078402.0,68542.934078,66722.026863,184037778.0,2685.0,712.0,0.00183,1973.0,0.0024897950856916065,84.0,1464.0,848.0,5.0,6047.0,0.0,5726.0,2317.0,104.0,0.0,3441.0,10.0,2700.0,0.0,0.471533,0.577787,,,,,1590.0,29.772187,2.0,767.0,2106632.0,28.02562,,,,,,,ddr4_2x,3694463.0,0.4715333566189312,,5726.0,l2,10.0,0.0017464198393293748,2700.0,imp,matmult_imp_thr3_l2_ddr4_2x,7397876.0,7415199.0,0.00123,1230256179.0,,1.0552845528455284,,,stage1,,,,,,,0.001298,0.5013927576601671,2317.0,0.40464547677261614,0.0,104.0,84.0,6047.0,0.0,0.017198610881428808,0.013891185711923267,,,,stage1: thr3
2148897.0,matmult,thr4,3332.0,43901.03,26409.03,269.055652,219.902245,281833477.0,501272011.0,219438534.0,19207.0,,,1.983251,1.782661,507110.0,904005.0,2138673.0,16525.427865,16254.245135,19059982313.0,1153373.0,100768.0,0.492177,1052605.0,0.5392937583258404,438115.0,14680.0,8798.0,49.0,1899860.0,0.0,55493.0,23527.0,805458.0,83.0,2694920.0,6658.0,4714.0,0.0,0.084948,0.004458,2602.0,44612.34,160704.0,129375477.41442238,,0.0,0.0,1084788.0,69034.72719,68701.666301,377550923.0,5469.0,,0.005042,5469.0,0.005041538070111395,,,,,,,,,,,,,,,,,,,,,1560.0,29.685663,2.0,1397.0,2106633.0,30.258648,1.88,281885000.77033246,219438533.77460173,57.21,0.0,0.0,ddr4_1x,3730186.0,0.08494765105508803,,55493.0,l1d,6658.0,0.11997909646261691,4714.0,imp,matmult_imp_thr4_l1d_ddr4_1x,7397885.0,7415209.0,0.001242,1242151938.0,,1.0297906602254427,,,stage1,,,,,,,0.001279,0.004070505929174579,23527.0,0.42396338276899787,83.0,805458.0,438115.0,1899860.0,4.368742960007579e-05,0.42395650205804636,0.23060383396671333,129375477.41442238,160704.0,0.024889375874629627,stage1: thr4
2156522.0,matmult,thr4,,,,,,,,,,,,1.953336,1.799685,511624.0,920762.0,2139866.0,16461.83778,16259.249126,18960185053.0,1151766.0,98582.0,0.492173,1053184.0,0.538242114225844,430967.0,15610.0,6496.0,19.0,1877824.0,0.0,55078.0,22125.0,801319.0,10.0,2701192.0,8082.0,4680.0,0.0,0.08497,0.004424,,,,,,0.0,0.0,1086353.0,65424.173856,65091.111671,350346451.0,5355.0,,0.004929,5355.0,0.004929336965056478,,,,,,,,,,,,,,,,,,,,,1416.0,29.711112,2.0,1558.0,2106632.0,30.395988,,,,,,,ddr4_2x,3787308.0,0.08497040560659429,,55078.0,l1d,8082.0,0.14673735429754167,4680.0,imp,matmult_imp_thr4_l1d_ddr4_2x,7397876.0,7415199.0,0.001261,1261173564.0,,1.02934179222839,,,stage1,,,,,,,0.001298,0.0040468815664544645,22125.0,0.4017030393260467,10.0,801319.0,430967.0,1877824.0,5.325312702361882e-06,0.42672742493439214,0.22950340393987936,,,,stage1: thr4
2151658.0,matmult,thr4,3332.0,46804.47,29312.47,267.01156,216.617393,279519651.0,495671867.0,216152216.0,19207.0,,,1.989519,1.8009,486453.0,876053.0,2138569.0,16500.053492,16223.853095,19097013411.0,1157391.0,80027.0,0.503778,1077364.0,0.5411988109806136,,,,,,,,,,,,,,,,,,,,,59.0,1.0,59.0,1077581.0,68401.052514,71730.238776,183656826.0,2685.0,725.0,0.001819,1960.0,0.0024916920398559365,96.0,1627.0,883.0,4.0,6286.0,0.0,5961.0,2514.0,117.0,0.0,3206.0,8.0,2727.0,0.0,0.457474,0.581822,3442.0,44523.34,213184.0,172167152.13775265,1633.0,29.777689,2.0,1114.0,2106633.0,28.308683,3.36,279571337.71032846,216152215.6229605,57.08,0.0,0.0,ddr4_1x,3718434.0,0.45747357825868146,,5961.0,l2,8.0,0.001342056701895655,2727.0,imp,matmult_imp_thr4_l2_ddr4_1x,7397885.0,7415209.0,0.001238,1238238522.0,,1.0331179321486268,,,stage1,,,,,,,0.001279,0.503880266075388,2514.0,0.4217413185707096,0.0,117.0,96.0,6286.0,0.0,0.018612790327712375,0.015272033089405028,172167152.13775265,213184.0,0.02461131508944836,stage1: thr4
2151360.0,matmult,thr4,,,,,,,,,,,,2.002425,1.78887,494922.0,885351.0,2139337.0,16482.10854,16286.310813,19111763029.0,1159546.0,81361.0,0.503981,1078185.0,0.5420118475957738,,,,,,,,,,,,,,,,,,,,,110.0,1.0,110.0,1078402.0,68542.934078,66722.026863,184037778.0,2685.0,712.0,0.00183,1973.0,0.0024897950856916065,84.0,1464.0,848.0,5.0,6047.0,0.0,5726.0,2317.0,104.0,0.0,3441.0,10.0,2700.0,0.0,0.471533,0.577787,,,,,1590.0,29.772187,2.0,767.0,2106632.0,28.02562,,,,,,,ddr4_2x,3694463.0,0.4715333566189312,,5726.0,l2,10.0,0.0017464198393293748,2700.0,imp,matmult_imp_thr4_l2_ddr4_2x,7397876.0,7415199.0,0.00123,1230256179.0,,1.0552845528455284,,,stage1,,,,,,,0.001298,0.5013927576601671,2317.0,0.40464547677261614,0.0,104.0,84.0,6047.0,0.0,0.017198610881428808,0.013891185711923267,,,,stage1: thr4
14567770.0,merge,addrlen16,3332.0,52781.32,35289.32,445.523008,294.862964,448726830.0,743936154.0,295209323.0,19207.0,,,1.220298,,0.0,0.0,11018157.0,31123.114623,27447.910017,27040135462.0,868812.0,749567.0,0.010823,119245.0,0.07885275187129753,107821.0,45789.0,146089.0,0.0,871193.0,0.0,277970.0,191878.0,77763.0,0.0,30691.0,1784.0,49805.0,0.0,0.179174,0.294617,33591.0,59028.92,2131392.0,205978547.99802947,,0.0,0.0,205645.0,79935.061819,79602.061819,5799368670.0,72551.0,,0.352797,72551.0,0.35279729631160495,,,,,,,,,,,,,,,,,,,,,1675.0,4.843629,2.0,13952.0,5213393.0,29.419579,3.72,448733015.474673,295209323.3626384,47.28,0.0,0.0,ddr4_1x,31073996.0,0.17917401158398388,,277970.0,l1d,1784.0,0.00641795877252941,49805.0,imp,merge_imp_addrlen16_l1d_ddr4_1x,37919492.0,38898570.0,0.010348,10347640668.0,,1.123985311171241,,,stage1,,,,,,,0.011631,0.05421737241962646,191878.0,0.690283124078138,0.0,77763.0,107821.0,871193.0,0.0,0.08926035907083735,0.12376247283896909,205978547.99802947,2131392.0,0.03693824142842946,stage1: addrlen16
14565256.0,merge,addrlen16,,,,,,,,,,,,1.221422,,0.0,0.0,11016300.0,29014.010072,26494.933625,25070193711.0,864072.0,744885.0,0.010819,119187.0,0.07843577244628415,119365.0,46871.0,137225.0,0.0,861465.0,0.0,270250.0,184096.0,78352.0,0.0,30799.0,1786.0,50094.0,0.0,0.185362,0.295922,,,,,,0.0,0.0,205657.0,74341.801607,74008.801607,5395579277.0,72578.0,,0.352908,72578.0,0.3529079972964694,,,,,,,,,,,,,,,,,,,,,1782.0,4.585229,2.0,11673.0,5213395.0,27.285691,,,,,,,ddr4_2x,31045410.0,0.18536170212765957,,270250.0,l1d,1786.0,0.006608695652173913,50094.0,imp,merge_imp_addrlen16_l1d_ddr4_2x,37919517.0,38898596.0,0.010338,10338121530.0,,1.1314567614625655,,,stage1,,,,,,,0.011697,0.05479748754602556,184096.0,0.6812062904717854,0.0,78352.0,119365.0,861465.0,0.0,0.09095204099992454,0.13856047546911365,,,,stage1: addrlen16
14817578.0,merge,addrlen16,3332.0,60014.97,42522.97,432.196813,285.4267,434695130.0,720452137.0,285757007.0,19207.0,,,1.184901,,0.0,0.0,11146230.0,20213.7484,15739.796542,18495761710.0,915009.0,713690.0,0.018062,201319.0,0.08209134388936887,,,,,,,,,,,,,,,,,,,,,243.0,1.0,243.0,201508.0,77564.218154,83002.425015,2400302295.0,30946.0,11502.0,0.096492,19444.0,0.15357206661770254,632.0,23500.0,28621.0,0.0,106134.0,0.0,105059.0,52121.0,234.0,0.0,15822.0,149.0,41293.0,0.0,0.393046,0.679866,52938.0,61047.53,3372352.0,316451472.40807384,1753.0,4.533773,2.0,9774.0,5213398.0,26.95839,3.69,434701135.3939538,285757006.8153449,47.38,0.0,0.0,ddr4_1x,32002326.0,0.39304581235305874,,105059.0,l2,149.0,0.0014182506972272723,41293.0,imp,merge_imp_addrlen16_l2_ddr4_1x,37919539.0,38898619.0,0.010657,10656774558.0,,1.0913953270151076,,,stage1,,,,,,,0.011631,0.5716164398731987,52121.0,0.496111708658944,0.0,234.0,632.0,106134.0,0.0,0.002204760020351631,0.0059547364652232085,316451472.40807384,3372352.0,0.03577220280402442,stage1: addrlen16
14815039.0,merge,addrlen16,,,,,,,,,,,,1.196311,,0.0,0.0,11144438.0,17046.934213,13848.301824,15531785653.0,911119.0,709800.0,0.018065,201319.0,0.0817554909453487,,,,,,,,,,,,,,,,,,,,,,0.0,0.0,201512.0,66427.007713,71069.112609,2015328987.0,30339.0,10829.0,0.096818,19510.0,0.1505567906625908,514.0,24804.0,25157.0,0.0,103723.0,0.0,102852.0,49961.0,190.0,0.0,15777.0,160.0,41906.0,0.0,0.40744,0.68233,,,,,1822.0,4.269946,2.0,6210.0,5213398.0,23.732016,,,,,,,ddr4_2x,31697089.0,0.4074398164352662,,102852.0,l2,160.0,0.0015556333372224167,41906.0,imp,merge_imp_addrlen16_l2_ddr4_2x,37919539.0,38898619.0,0.010555,10555130637.0,,1.1081951681667457,,,stage1,,,,,,,0.011697,0.5800539829746003,49961.0,0.48575623225605724,0.0,190.0,514.0,103723.0,0.0,0.001831802011125787,0.004955506493256076,,,,stage1: addrlen16
14567770.0,merge,addrlen2,3332.0,52781.32,35289.32,445.523008,294.862964,448726830.0,743936154.0,295209323.0,19207.0,,,1.220298,,0.0,0.0,11018157.0,31123.114623,27447.910017,27040135462.0,868812.0,749567.0,0.010823,119245.0,0.07885275187129753,107821.0,45789.0,146089.0,0.0,871193.0,0.0,277970.0,191878.0,77763.0,0.0,30691.0,1784.0,49805.0,0.0,0.179174,0.294617,33591.0,59028.92,2131392.0,205978547.99802947,,0.0,0.0,205645.0,79935.061819,79602.061819,5799368670.0,72551.0,,0.352797,72551.0,0.35279729631160495,,,,,,,,,,,,,,,,,,,,,1675.0,4.843629,2.0,13952.0,5213393.0,29.419579,3.72,448733015.474673,295209323.3626384,47.28,0.0,0.0,ddr4_1x,31073996.0,0.17917401158398388,,277970.0,l1d,1784.0,0.00641795877252941,49805.0,imp,merge_imp_addrlen2_l1d_ddr4_1x,37919492.0,38898570.0,0.010348,10347640668.0,,1.123985311171241,,,stage1,,,,,,,0.011631,0.05421737241962646,191878.0,0.690283124078138,0.0,77763.0,107821.0,871193.0,0.0,0.08926035907083735,0.12376247283896909,205978547.99802947,2131392.0,0.03693824142842946,stage1: addrlen2
14565256.0,merge,addrlen2,,,,,,,,,,,,1.221422,,0.0,0.0,11016300.0,29014.010072,26494.933625,25070193711.0,864072.0,744885.0,0.010819,119187.0,0.07843577244628415,119365.0,46871.0,137225.0,0.0,861465.0,0.0,270250.0,184096.0,78352.0,0.0,30799.0,1786.0,50094.0,0.0,0.185362,0.295922,,,,,,0.0,0.0,205657.0,74341.801607,74008.801607,5395579277.0,72578.0,,0.352908,72578.0,0.3529079972964694,,,,,,,,,,,,,,,,,,,,,1782.0,4.585229,2.0,11673.0,5213395.0,27.285691,,,,,,,ddr4_2x,31045410.0,0.18536170212765957,,270250.0,l1d,1786.0,0.006608695652173913,50094.0,imp,merge_imp_addrlen2_l1d_ddr4_2x,37919517.0,38898596.0,0.010338,10338121530.0,,1.1314567614625655,,,stage1,,,,,,,0.011697,0.05479748754602556,184096.0,0.6812062904717854,0.0,78352.0,119365.0,861465.0,0.0,0.09095204099992454,0.13856047546911365,,,,stage1: addrlen2
14817578.0,merge,addrlen2,3332.0,60014.97,42522.97,432.196813,285.4267,434695130.0,720452137.0,285757007.0,19207.0,,,1.184901,,0.0,0.0,11146230.0,20213.7484,15739.796542,18495761710.0,915009.0,713690.0,0.018062,201319.0,0.08209134388936887,,,,,,,,,,,,,,,,,,,,,243.0,1.0,243.0,201508.0,77564.218154,83002.425015,2400302295.0,30946.0,11502.0,0.096492,19444.0,0.15357206661770254,632.0,23500.0,28621.0,0.0,106134.0,0.0,105059.0,52121.0,234.0,0.0,15822.0,149.0,41293.0,0.0,0.393046,0.679866,52938.0,61047.53,3372352.0,316451472.40807384,1753.0,4.533773,2.0,9774.0,5213398.0,26.95839,3.69,434701135.3939538,285757006.8153449,47.38,0.0,0.0,ddr4_1x,32002326.0,0.39304581235305874,,105059.0,l2,149.0,0.0014182506972272723,41293.0,imp,merge_imp_addrlen2_l2_ddr4_1x,37919539.0,38898619.0,0.010657,10656774558.0,,1.0913953270151076,,,stage1,,,,,,,0.011631,0.5716164398731987,52121.0,0.496111708658944,0.0,234.0,632.0,106134.0,0.0,0.002204760020351631,0.0059547364652232085,316451472.40807384,3372352.0,0.03577220280402442,stage1: addrlen2
14815039.0,merge,addrlen2,,,,,,,,,,,,1.196311,,0.0,0.0,11144438.0,17046.934213,13848.301824,15531785653.0,911119.0,709800.0,0.018065,201319.0,0.0817554909453487,,,,,,,,,,,,,,,,,,,,,,0.0,0.0,201512.0,66427.007713,71069.112609,2015328987.0,30339.0,10829.0,0.096818,19510.0,0.1505567906625908,514.0,24804.0,25157.0,0.0,103723.0,0.0,102852.0,49961.0,190.0,0.0,15777.0,160.0,41906.0,0.0,0.40744,0.68233,,,,,1822.0,4.269946,2.0,6210.0,5213398.0,23.732016,,,,,,,ddr4_2x,31697089.0,0.4074398164352662,,102852.0,l2,160.0,0.0015556333372224167,41906.0,imp,merge_imp_addrlen2_l2_ddr4_2x,37919539.0,38898619.0,0.010555,10555130637.0,,1.1081951681667457,,,stage1,,,,,,,0.011697,0.5800539829746003,49961.0,0.48575623225605724,0.0,190.0,514.0,103723.0,0.0,0.001831802011125787,0.004955506493256076,,,,stage1: addrlen2
14567770.0,merge,addrlen8,3332.0,52781.32,35289.32,445.523008,294.862964,448726830.0,743936154.0,295209323.0,19207.0,,,1.220298,,0.0,0.0,11018157.0,31123.114623,27447.910017,27040135462.0,868812.0,749567.0,0.010823,119245.0,0.07885275187129753,107821.0,45789.0,146089.0,0.0,871193.0,0.0,277970.0,191878.0,77763.0,0.0,30691.0,1784.0,49805.0,0.0,0.179174,0.294617,33591.0,59028.92,2131392.0,205978547.99802947,,0.0,0.0,205645.0,79935.061819,79602.061819,5799368670.0,72551.0,,0.352797,72551.0,0.35279729631160495,,,,,,,,,,,,,,,,,,,,,1675.0,4.843629,2.0,13952.0,5213393.0,29.419579,3.72,448733015.474673,295209323.3626384,47.28,0.0,0.0,ddr4_1x,31073996.0,0.17917401158398388,,277970.0,l1d,1784.0,0.00641795877252941,49805.0,imp,merge_imp_addrlen8_l1d_ddr4_1x,37919492.0,38898570.0,0.010348,10347640668.0,,1.123985311171241,,,stage1,,,,,,,0.011631,0.05421737241962646,191878.0,0.690283124078138,0.0,77763.0,107821.0,871193.0,0.0,0.08926035907083735,0.12376247283896909,205978547.99802947,2131392.0,0.03693824142842946,stage1: addrlen8
14565256.0,merge,addrlen8,,,,,,,,,,,,1.221422,,0.0,0.0,11016300.0,29014.010072,26494.933625,25070193711.0,864072.0,744885.0,0.010819,119187.0,0.07843577244628415,119365.0,46871.0,137225.0,0.0,861465.0,0.0,270250.0,184096.0,78352.0,0.0,30799.0,1786.0,50094.0,0.0,0.185362,0.295922,,,,,,0.0,0.0,205657.0,74341.801607,74008.801607,5395579277.0,72578.0,,0.352908,72578.0,0.3529079972964694,,,,,,,,,,,,,,,,,,,,,1782.0,4.585229,2.0,11673.0,5213395.0,27.285691,,,,,,,ddr4_2x,31045410.0,0.18536170212765957,,270250.0,l1d,1786.0,0.006608695652173913,50094.0,imp,merge_imp_addrlen8_l1d_ddr4_2x,37919517.0,38898596.0,0.010338,10338121530.0,,1.1314567614625655,,,stage1,,,,,,,0.011697,0.05479748754602556,184096.0,0.6812062904717854,0.0,78352.0,119365.0,861465.0,0.0,0.09095204099992454,0.13856047546911365,,,,stage1: addrlen8
14817578.0,merge,addrlen8,3332.0,60014.97,42522.97,432.196813,285.4267,434695130.0,720452137.0,285757007.0,19207.0,,,1.184901,,0.0,0.0,11146230.0,20213.7484,15739.796542,18495761710.0,915009.0,713690.0,0.018062,201319.0,0.08209134388936887,,,,,,,,,,,,,,,,,,,,,243.0,1.0,243.0,201508.0,77564.218154,83002.425015,2400302295.0,30946.0,11502.0,0.096492,19444.0,0.15357206661770254,632.0,23500.0,28621.0,0.0,106134.0,0.0,105059.0,52121.0,234.0,0.0,15822.0,149.0,41293.0,0.0,0.393046,0.679866,52938.0,61047.53,3372352.0,316451472.40807384,1753.0,4.533773,2.0,9774.0,5213398.0,26.95839,3.69,434701135.3939538,285757006.8153449,47.38,0.0,0.0,ddr4_1x,32002326.0,0.39304581235305874,,105059.0,l2,149.0,0.0014182506972272723,41293.0,imp,merge_imp_addrlen8_l2_ddr4_1x,37919539.0,38898619.0,0.010657,10656774558.0,,1.0913953270151076,,,stage1,,,,,,,0.011631,0.5716164398731987,52121.0,0.496111708658944,0.0,234.0,632.0,106134.0,0.0,0.002204760020351631,0.0059547364652232085,316451472.40807384,3372352.0,0.03577220280402442,stage1: addrlen8
14815039.0,merge,addrlen8,,,,,,,,,,,,1.196311,,0.0,0.0,11144438.0,17046.934213,13848.301824,15531785653.0,911119.0,709800.0,0.018065,201319.0,0.0817554909453487,,,,,,,,,,,,,,,,,,,,,,0.0,0.0,201512.0,66427.007713,71069.112609,2015328987.0,30339.0,10829.0,0.096818,19510.0,0.1505567906625908,514.0,24804.0,25157.0,0.0,103723.0,0.0,102852.0,49961.0,190.0,0.0,15777.0,160.0,41906.0,0.0,0.40744,0.68233,,,,,1822.0,4.269946,2.0,6210.0,5213398.0,23.732016,,,,,,,ddr4_2x,31697089.0,0.4074398164352662,,102852.0,l2,160.0,0.0015556333372224167,41906.0,imp,merge_imp_addrlen8_l2_ddr4_2x,37919539.0,38898619.0,0.010555,10555130637.0,,1.1081951681667457,,,stage1,,,,,,,0.011697,0.5800539829746003,49961.0,0.48575623225605724,0.0,190.0,514.0,103723.0,0.0,0.001831802011125787,0.004955506493256076,,,,stage1: addrlen8
14567770.0,merge,default,3332.0,52781.32,35289.32,445.523008,294.862964,448726830.0,743936154.0,295209323.0,19207.0,,,1.220298,,0.0,0.0,11018157.0,31123.114623,27447.910017,27040135462.0,868812.0,749567.0,0.010823,119245.0,0.07885275187129753,107821.0,45789.0,146089.0,0.0,871193.0,0.0,277970.0,191878.0,77763.0,0.0,30691.0,1784.0,49805.0,0.0,0.179174,0.294617,33591.0,59028.92,2131392.0,205978547.99802947,,0.0,0.0,205645.0,79935.061819,79602.061819,5799368670.0,72551.0,,0.352797,72551.0,0.35279729631160495,,,,,,,,,,,,,,,,,,,,,1675.0,4.843629,2.0,13952.0,5213393.0,29.419579,3.72,448733015.474673,295209323.3626384,47.28,0.0,0.0,ddr4_1x,31073996.0,0.17917401158398388,,277970.0,l1d,1784.0,0.00641795877252941,49805.0,imp,merge_imp_default_l1d_ddr4_1x,37919492.0,38898570.0,0.010348,10347640668.0,,1.123985311171241,,,stage1,,,,,,,0.011631,0.05421737241962646,191878.0,0.690283124078138,0.0,77763.0,107821.0,871193.0,0.0,0.08926035907083735,0.12376247283896909,205978547.99802947,2131392.0,0.03693824142842946,IMP default
14565256.0,merge,default,,,,,,,,,,,,1.221422,,0.0,0.0,11016300.0,29014.010072,26494.933625,25070193711.0,864072.0,744885.0,0.010819,119187.0,0.07843577244628415,119365.0,46871.0,137225.0,0.0,861465.0,0.0,270250.0,184096.0,78352.0,0.0,30799.0,1786.0,50094.0,0.0,0.185362,0.295922,,,,,,0.0,0.0,205657.0,74341.801607,74008.801607,5395579277.0,72578.0,,0.352908,72578.0,0.3529079972964694,,,,,,,,,,,,,,,,,,,,,1782.0,4.585229,2.0,11673.0,5213395.0,27.285691,,,,,,,ddr4_2x,31045410.0,0.18536170212765957,,270250.0,l1d,1786.0,0.006608695652173913,50094.0,imp,merge_imp_default_l1d_ddr4_2x,37919517.0,38898596.0,0.010338,10338121530.0,,1.1314567614625655,,,stage1,,,,,,,0.011697,0.05479748754602556,184096.0,0.6812062904717854,0.0,78352.0,119365.0,861465.0,0.0,0.09095204099992454,0.13856047546911365,,,,IMP default
14817578.0,merge,default,3332.0,60014.97,42522.97,432.196813,285.4267,434695130.0,720452137.0,285757007.0,19207.0,,,1.184901,,0.0,0.0,11146230.0,20213.7484,15739.796542,18495761710.0,915009.0,713690.0,0.018062,201319.0,0.08209134388936887,,,,,,,,,,,,,,,,,,,,,243.0,1.0,243.0,201508.0,77564.218154,83002.425015,2400302295.0,30946.0,11502.0,0.096492,19444.0,0.15357206661770254,632.0,23500.0,28621.0,0.0,106134.0,0.0,105059.0,52121.0,234.0,0.0,15822.0,149.0,41293.0,0.0,0.393046,0.679866,52938.0,61047.53,3372352.0,316451472.40807384,1753.0,4.533773,2.0,9774.0,5213398.0,26.95839,3.69,434701135.3939538,285757006.8153449,47.38,0.0,0.0,ddr4_1x,32002326.0,0.39304581235305874,,105059.0,l2,149.0,0.0014182506972272723,41293.0,imp,merge_imp_default_l2_ddr4_1x,37919539.0,38898619.0,0.010657,10656774558.0,,1.0913953270151076,,,stage1,,,,,,,0.011631,0.5716164398731987,52121.0,0.496111708658944,0.0,234.0,632.0,106134.0,0.0,0.002204760020351631,0.0059547364652232085,316451472.40807384,3372352.0,0.03577220280402442,IMP default
14815039.0,merge,default,,,,,,,,,,,,1.196311,,0.0,0.0,11144438.0,17046.934213,13848.301824,15531785653.0,911119.0,709800.0,0.018065,201319.0,0.0817554909453487,,,,,,,,,,,,,,,,,,,,,,0.0,0.0,201512.0,66427.007713,71069.112609,2015328987.0,30339.0,10829.0,0.096818,19510.0,0.1505567906625908,514.0,24804.0,25157.0,0.0,103723.0,0.0,102852.0,49961.0,190.0,0.0,15777.0,160.0,41906.0,0.0,0.40744,0.68233,,,,,1822.0,4.269946,2.0,6210.0,5213398.0,23.732016,,,,,,,ddr4_2x,31697089.0,0.4074398164352662,,102852.0,l2,160.0,0.0015556333372224167,41906.0,imp,merge_imp_default_l2_ddr4_2x,37919539.0,38898619.0,0.010555,10555130637.0,,1.1081951681667457,,,stage1,,,,,,,0.011697,0.5800539829746003,49961.0,0.48575623225605724,0.0,190.0,514.0,103723.0,0.0,0.001831802011125787,0.004955506493256076,,,,IMP default
14567770.0,merge,dist32,3332.0,52781.32,35289.32,445.523008,294.862964,448726830.0,743936154.0,295209323.0,19207.0,,,1.220298,,0.0,0.0,11018157.0,31123.114623,27447.910017,27040135462.0,868812.0,749567.0,0.010823,119245.0,0.07885275187129753,107821.0,45789.0,146089.0,0.0,871193.0,0.0,277970.0,191878.0,77763.0,0.0,30691.0,1784.0,49805.0,0.0,0.179174,0.294617,33591.0,59028.92,2131392.0,205978547.99802947,,0.0,0.0,205645.0,79935.061819,79602.061819,5799368670.0,72551.0,,0.352797,72551.0,0.35279729631160495,,,,,,,,,,,,,,,,,,,,,1675.0,4.843629,2.0,13952.0,5213393.0,29.419579,3.72,448733015.474673,295209323.3626384,47.28,0.0,0.0,ddr4_1x,31073996.0,0.17917401158398388,,277970.0,l1d,1784.0,0.00641795877252941,49805.0,imp,merge_imp_dist32_l1d_ddr4_1x,37919492.0,38898570.0,0.010348,10347640668.0,,1.123985311171241,,,stage1,,,,,,,0.011631,0.05421737241962646,191878.0,0.690283124078138,0.0,77763.0,107821.0,871193.0,0.0,0.08926035907083735,0.12376247283896909,205978547.99802947,2131392.0,0.03693824142842946,stage1: dist32
14565256.0,merge,dist32,,,,,,,,,,,,1.221422,,0.0,0.0,11016300.0,29014.010072,26494.933625,25070193711.0,864072.0,744885.0,0.010819,119187.0,0.07843577244628415,119365.0,46871.0,137225.0,0.0,861465.0,0.0,270250.0,184096.0,78352.0,0.0,30799.0,1786.0,50094.0,0.0,0.185362,0.295922,,,,,,0.0,0.0,205657.0,74341.801607,74008.801607,5395579277.0,72578.0,,0.352908,72578.0,0.3529079972964694,,,,,,,,,,,,,,,,,,,,,1782.0,4.585229,2.0,11673.0,5213395.0,27.285691,,,,,,,ddr4_2x,31045410.0,0.18536170212765957,,270250.0,l1d,1786.0,0.006608695652173913,50094.0,imp,merge_imp_dist32_l1d_ddr4_2x,37919517.0,38898596.0,0.010338,10338121530.0,,1.1314567614625655,,,stage1,,,,,,,0.011697,0.05479748754602556,184096.0,0.6812062904717854,0.0,78352.0,119365.0,861465.0,0.0,0.09095204099992454,0.13856047546911365,,,,stage1: dist32
14817578.0,merge,dist32,3332.0,60014.97,42522.97,432.196813,285.4267,434695130.0,720452137.0,285757007.0,19207.0,,,1.184901,,0.0,0.0,11146230.0,20213.7484,15739.796542,18495761710.0,915009.0,713690.0,0.018062,201319.0,0.08209134388936887,,,,,,,,,,,,,,,,,,,,,243.0,1.0,243.0,201508.0,77564.218154,83002.425015,2400302295.0,30946.0,11502.0,0.096492,19444.0,0.15357206661770254,632.0,23500.0,28621.0,0.0,106134.0,0.0,105059.0,52121.0,234.0,0.0,15822.0,149.0,41293.0,0.0,0.393046,0.679866,52938.0,61047.53,3372352.0,316451472.40807384,1753.0,4.533773,2.0,9774.0,5213398.0,26.95839,3.69,434701135.3939538,285757006.8153449,47.38,0.0,0.0,ddr4_1x,32002326.0,0.39304581235305874,,105059.0,l2,149.0,0.0014182506972272723,41293.0,imp,merge_imp_dist32_l2_ddr4_1x,37919539.0,38898619.0,0.010657,10656774558.0,,1.0913953270151076,,,stage1,,,,,,,0.011631,0.5716164398731987,52121.0,0.496111708658944,0.0,234.0,632.0,106134.0,0.0,0.002204760020351631,0.0059547364652232085,316451472.40807384,3372352.0,0.03577220280402442,stage1: dist32
14815039.0,merge,dist32,,,,,,,,,,,,1.196311,,0.0,0.0,11144438.0,17046.934213,13848.301824,15531785653.0,911119.0,709800.0,0.018065,201319.0,0.0817554909453487,,,,,,,,,,,,,,,,,,,,,,0.0,0.0,201512.0,66427.007713,71069.112609,2015328987.0,30339.0,10829.0,0.096818,19510.0,0.1505567906625908,514.0,24804.0,25157.0,0.0,103723.0,0.0,102852.0,49961.0,190.0,0.0,15777.0,160.0,41906.0,0.0,0.40744,0.68233,,,,,1822.0,4.269946,2.0,6210.0,5213398.0,23.732016,,,,,,,ddr4_2x,31697089.0,0.4074398164352662,,102852.0,l2,160.0,0.0015556333372224167,41906.0,imp,merge_imp_dist32_l2_ddr4_2x,37919539.0,38898619.0,0.010555,10555130637.0,,1.1081951681667457,,,stage1,,,,,,,0.011697,0.5800539829746003,49961.0,0.48575623225605724,0.0,190.0,514.0,103723.0,0.0,0.001831802011125787,0.004955506493256076,,,,stage1: dist32
14567770.0,merge,dist4,3332.0,52781.32,35289.32,445.523008,294.862964,448726830.0,743936154.0,295209323.0,19207.0,,,1.220298,,0.0,0.0,11018157.0,31123.114623,27447.910017,27040135462.0,868812.0,749567.0,0.010823,119245.0,0.07885275187129753,107821.0,45789.0,146089.0,0.0,871193.0,0.0,277970.0,191878.0,77763.0,0.0,30691.0,1784.0,49805.0,0.0,0.179174,0.294617,33591.0,59028.92,2131392.0,205978547.99802947,,0.0,0.0,205645.0,79935.061819,79602.061819,5799368670.0,72551.0,,0.352797,72551.0,0.35279729631160495,,,,,,,,,,,,,,,,,,,,,1675.0,4.843629,2.0,13952.0,5213393.0,29.419579,3.72,448733015.474673,295209323.3626384,47.28,0.0,0.0,ddr4_1x,31073996.0,0.17917401158398388,,277970.0,l1d,1784.0,0.00641795877252941,49805.0,imp,merge_imp_dist4_l1d_ddr4_1x,37919492.0,38898570.0,0.010348,10347640668.0,,1.123985311171241,,,stage1,,,,,,,0.011631,0.05421737241962646,191878.0,0.690283124078138,0.0,77763.0,107821.0,871193.0,0.0,0.08926035907083735,0.12376247283896909,205978547.99802947,2131392.0,0.03693824142842946,stage1: dist4
14565256.0,merge,dist4,,,,,,,,,,,,1.221422,,0.0,0.0,11016300.0,29014.010072,26494.933625,25070193711.0,864072.0,744885.0,0.010819,119187.0,0.07843577244628415,119365.0,46871.0,137225.0,0.0,861465.0,0.0,270250.0,184096.0,78352.0,0.0,30799.0,1786.0,50094.0,0.0,0.185362,0.295922,,,,,,0.0,0.0,205657.0,74341.801607,74008.801607,5395579277.0,72578.0,,0.352908,72578.0,0.3529079972964694,,,,,,,,,,,,,,,,,,,,,1782.0,4.585229,2.0,11673.0,5213395.0,27.285691,,,,,,,ddr4_2x,31045410.0,0.18536170212765957,,270250.0,l1d,1786.0,0.006608695652173913,50094.0,imp,merge_imp_dist4_l1d_ddr4_2x,37919517.0,38898596.0,0.010338,10338121530.0,,1.1314567614625655,,,stage1,,,,,,,0.011697,0.05479748754602556,184096.0,0.6812062904717854,0.0,78352.0,119365.0,861465.0,0.0,0.09095204099992454,0.13856047546911365,,,,stage1: dist4
14817578.0,merge,dist4,3332.0,60014.97,42522.97,432.196813,285.4267,434695130.0,720452137.0,285757007.0,19207.0,,,1.184901,,0.0,0.0,11146230.0,20213.7484,15739.796542,18495761710.0,915009.0,713690.0,0.018062,201319.0,0.08209134388936887,,,,,,,,,,,,,,,,,,,,,243.0,1.0,243.0,201508.0,77564.218154,83002.425015,2400302295.0,30946.0,11502.0,0.096492,19444.0,0.15357206661770254,632.0,23500.0,28621.0,0.0,106134.0,0.0,105059.0,52121.0,234.0,0.0,15822.0,149.0,41293.0,0.0,0.393046,0.679866,52938.0,61047.53,3372352.0,316451472.40807384,1753.0,4.533773,2.0,9774.0,5213398.0,26.95839,3.69,434701135.3939538,285757006.8153449,47.38,0.0,0.0,ddr4_1x,32002326.0,0.39304581235305874,,105059.0,l2,149.0,0.0014182506972272723,41293.0,imp,merge_imp_dist4_l2_ddr4_1x,37919539.0,38898619.0,0.010657,10656774558.0,,1.0913953270151076,,,stage1,,,,,,,0.011631,0.5716164398731987,52121.0,0.496111708658944,0.0,234.0,632.0,106134.0,0.0,0.002204760020351631,0.0059547364652232085,316451472.40807384,3372352.0,0.03577220280402442,stage1: dist4
14815039.0,merge,dist4,,,,,,,,,,,,1.196311,,0.0,0.0,11144438.0,17046.934213,13848.301824,15531785653.0,911119.0,709800.0,0.018065,201319.0,0.0817554909453487,,,,,,,,,,,,,,,,,,,,,,0.0,0.0,201512.0,66427.007713,71069.112609,2015328987.0,30339.0,10829.0,0.096818,19510.0,0.1505567906625908,514.0,24804.0,25157.0,0.0,103723.0,0.0,102852.0,49961.0,190.0,0.0,15777.0,160.0,41906.0,0.0,0.40744,0.68233,,,,,1822.0,4.269946,2.0,6210.0,5213398.0,23.732016,,,,,,,ddr4_2x,31697089.0,0.4074398164352662,,102852.0,l2,160.0,0.0015556333372224167,41906.0,imp,merge_imp_dist4_l2_ddr4_2x,37919539.0,38898619.0,0.010555,10555130637.0,,1.1081951681667457,,,stage1,,,,,,,0.011697,0.5800539829746003,49961.0,0.48575623225605724,0.0,190.0,514.0,103723.0,0.0,0.001831802011125787,0.004955506493256076,,,,stage1: dist4
14567770.0,merge,dist64,3332.0,52781.32,35289.32,445.523008,294.862964,448726830.0,743936154.0,295209323.0,19207.0,,,1.220298,,0.0,0.0,11018157.0,31123.114623,27447.910017,27040135462.0,868812.0,749567.0,0.010823,119245.0,0.07885275187129753,107821.0,45789.0,146089.0,0.0,871193.0,0.0,277970.0,191878.0,77763.0,0.0,30691.0,1784.0,49805.0,0.0,0.179174,0.294617,33591.0,59028.92,2131392.0,205978547.99802947,,0.0,0.0,205645.0,79935.061819,79602.061819,5799368670.0,72551.0,,0.352797,72551.0,0.35279729631160495,,,,,,,,,,,,,,,,,,,,,1675.0,4.843629,2.0,13952.0,5213393.0,29.419579,3.72,448733015.474673,295209323.3626384,47.28,0.0,0.0,ddr4_1x,31073996.0,0.17917401158398388,,277970.0,l1d,1784.0,0.00641795877252941,49805.0,imp,merge_imp_dist64_l1d_ddr4_1x,37919492.0,38898570.0,0.010348,10347640668.0,,1.123985311171241,,,stage1,,,,,,,0.011631,0.05421737241962646,191878.0,0.690283124078138,0.0,77763.0,107821.0,871193.0,0.0,0.08926035907083735,0.12376247283896909,205978547.99802947,2131392.0,0.03693824142842946,stage1: dist64
14565256.0,merge,dist64,,,,,,,,,,,,1.221422,,0.0,0.0,11016300.0,29014.010072,26494.933625,25070193711.0,864072.0,744885.0,0.010819,119187.0,0.07843577244628415,119365.0,46871.0,137225.0,0.0,861465.0,0.0,270250.0,184096.0,78352.0,0.0,30799.0,1786.0,50094.0,0.0,0.185362,0.295922,,,,,,0.0,0.0,205657.0,74341.801607,74008.801607,5395579277.0,72578.0,,0.352908,72578.0,0.3529079972964694,,,,,,,,,,,,,,,,,,,,,1782.0,4.585229,2.0,11673.0,5213395.0,27.285691,,,,,,,ddr4_2x,31045410.0,0.18536170212765957,,270250.0,l1d,1786.0,0.006608695652173913,50094.0,imp,merge_imp_dist64_l1d_ddr4_2x,37919517.0,38898596.0,0.010338,10338121530.0,,1.1314567614625655,,,stage1,,,,,,,0.011697,0.05479748754602556,184096.0,0.6812062904717854,0.0,78352.0,119365.0,861465.0,0.0,0.09095204099992454,0.13856047546911365,,,,stage1: dist64
14817578.0,merge,dist64,3332.0,60014.97,42522.97,432.196813,285.4267,434695130.0,720452137.0,285757007.0,19207.0,,,1.184901,,0.0,0.0,11146230.0,20213.7484,15739.796542,18495761710.0,915009.0,713690.0,0.018062,201319.0,0.08209134388936887,,,,,,,,,,,,,,,,,,,,,243.0,1.0,243.0,201508.0,77564.218154,83002.425015,2400302295.0,30946.0,11502.0,0.096492,19444.0,0.15357206661770254,632.0,23500.0,28621.0,0.0,106134.0,0.0,105059.0,52121.0,234.0,0.0,15822.0,149.0,41293.0,0.0,0.393046,0.679866,52938.0,61047.53,3372352.0,316451472.40807384,1753.0,4.533773,2.0,9774.0,5213398.0,26.95839,3.69,434701135.3939538,285757006.8153449,47.38,0.0,0.0,ddr4_1x,32002326.0,0.39304581235305874,,105059.0,l2,149.0,0.0014182506972272723,41293.0,imp,merge_imp_dist64_l2_ddr4_1x,37919539.0,38898619.0,0.010657,10656774558.0,,1.0913953270151076,,,stage1,,,,,,,0.011631,0.5716164398731987,52121.0,0.496111708658944,0.0,234.0,632.0,106134.0,0.0,0.002204760020351631,0.0059547364652232085,316451472.40807384,3372352.0,0.03577220280402442,stage1: dist64
14815039.0,merge,dist64,,,,,,,,,,,,1.196311,,0.0,0.0,11144438.0,17046.934213,13848.301824,15531785653.0,911119.0,709800.0,0.018065,201319.0,0.0817554909453487,,,,,,,,,,,,,,,,,,,,,,0.0,0.0,201512.0,66427.007713,71069.112609,2015328987.0,30339.0,10829.0,0.096818,19510.0,0.1505567906625908,514.0,24804.0,25157.0,0.0,103723.0,0.0,102852.0,49961.0,190.0,0.0,15777.0,160.0,41906.0,0.0,0.40744,0.68233,,,,,1822.0,4.269946,2.0,6210.0,5213398.0,23.732016,,,,,,,ddr4_2x,31697089.0,0.4074398164352662,,102852.0,l2,160.0,0.0015556333372224167,41906.0,imp,merge_imp_dist64_l2_ddr4_2x,37919539.0,38898619.0,0.010555,10555130637.0,,1.1081951681667457,,,stage1,,,,,,,0.011697,0.5800539829746003,49961.0,0.48575623225605724,0.0,190.0,514.0,103723.0,0.0,0.001831802011125787,0.004955506493256076,,,,stage1: dist64
14567770.0,merge,dist8,3332.0,52781.32,35289.32,445.523008,294.862964,448726830.0,743936154.0,295209323.0,19207.0,,,1.220298,,0.0,0.0,11018157.0,31123.114623,27447.910017,27040135462.0,868812.0,749567.0,0.010823,119245.0,0.07885275187129753,107821.0,45789.0,146089.0,0.0,871193.0,0.0,277970.0,191878.0,77763.0,0.0,30691.0,1784.0,49805.0,0.0,0.179174,0.294617,33591.0,59028.92,2131392.0,205978547.99802947,,0.0,0.0,205645.0,79935.061819,79602.061819,5799368670.0,72551.0,,0.352797,72551.0,0.35279729631160495,,,,,,,,,,,,,,,,,,,,,1675.0,4.843629,2.0,13952.0,5213393.0,29.419579,3.72,448733015.474673,295209323.3626384,47.28,0.0,0.0,ddr4_1x,31073996.0,0.17917401158398388,,277970.0,l1d,1784.0,0.00641795877252941,49805.0,imp,merge_imp_dist8_l1d_ddr4_1x,37919492.0,38898570.0,0.010348,10347640668.0,,1.123985311171241,,,stage1,,,,,,,0.011631,0.05421737241962646,191878.0,0.690283124078138,0.0,77763.0,107821.0,871193.0,0.0,0.08926035907083735,0.12376247283896909,205978547.99802947,2131392.0,0.03693824142842946,stage1: dist8
14565256.0,merge,dist8,,,,,,,,,,,,1.221422,,0.0,0.0,11016300.0,29014.010072,26494.933625,25070193711.0,864072.0,744885.0,0.010819,119187.0,0.07843577244628415,119365.0,46871.0,137225.0,0.0,861465.0,0.0,270250.0,184096.0,78352.0,0.0,30799.0,1786.0,50094.0,0.0,0.185362,0.295922,,,,,,0.0,0.0,205657.0,74341.801607,74008.801607,5395579277.0,72578.0,,0.352908,72578.0,0.3529079972964694,,,,,,,,,,,,,,,,,,,,,1782.0,4.585229,2.0,11673.0,5213395.0,27.285691,,,,,,,ddr4_2x,31045410.0,0.18536170212765957,,270250.0,l1d,1786.0,0.006608695652173913,50094.0,imp,merge_imp_dist8_l1d_ddr4_2x,37919517.0,38898596.0,0.010338,10338121530.0,,1.1314567614625655,,,stage1,,,,,,,0.011697,0.05479748754602556,184096.0,0.6812062904717854,0.0,78352.0,119365.0,861465.0,0.0,0.09095204099992454,0.13856047546911365,,,,stage1: dist8
14817578.0,merge,dist8,3332.0,60014.97,42522.97,432.196813,285.4267,434695130.0,720452137.0,285757007.0,19207.0,,,1.184901,,0.0,0.0,11146230.0,20213.7484,15739.796542,18495761710.0,915009.0,713690.0,0.018062,201319.0,0.08209134388936887,,,,,,,,,,,,,,,,,,,,,243.0,1.0,243.0,201508.0,77564.218154,83002.425015,2400302295.0,30946.0,11502.0,0.096492,19444.0,0.15357206661770254,632.0,23500.0,28621.0,0.0,106134.0,0.0,105059.0,52121.0,234.0,0.0,15822.0,149.0,41293.0,0.0,0.393046,0.679866,52938.0,61047.53,3372352.0,316451472.40807384,1753.0,4.533773,2.0,9774.0,5213398.0,26.95839,3.69,434701135.3939538,285757006.8153449,47.38,0.0,0.0,ddr4_1x,32002326.0,0.39304581235305874,,105059.0,l2,149.0,0.0014182506972272723,41293.0,imp,merge_imp_dist8_l2_ddr4_1x,37919539.0,38898619.0,0.010657,10656774558.0,,1.0913953270151076,,,stage1,,,,,,,0.011631,0.5716164398731987,52121.0,0.496111708658944,0.0,234.0,632.0,106134.0,0.0,0.002204760020351631,0.0059547364652232085,316451472.40807384,3372352.0,0.03577220280402442,stage1: dist8
14815039.0,merge,dist8,,,,,,,,,,,,1.196311,,0.0,0.0,11144438.0,17046.934213,13848.301824,15531785653.0,911119.0,709800.0,0.018065,201319.0,0.0817554909453487,,,,,,,,,,,,,,,,,,,,,,0.0,0.0,201512.0,66427.007713,71069.112609,2015328987.0,30339.0,10829.0,0.096818,19510.0,0.1505567906625908,514.0,24804.0,25157.0,0.0,103723.0,0.0,102852.0,49961.0,190.0,0.0,15777.0,160.0,41906.0,0.0,0.40744,0.68233,,,,,1822.0,4.269946,2.0,6210.0,5213398.0,23.732016,,,,,,,ddr4_2x,31697089.0,0.4074398164352662,,102852.0,l2,160.0,0.0015556333372224167,41906.0,imp,merge_imp_dist8_l2_ddr4_2x,37919539.0,38898619.0,0.010555,10555130637.0,,1.1081951681667457,,,stage1,,,,,,,0.011697,0.5800539829746003,49961.0,0.48575623225605724,0.0,190.0,514.0,103723.0,0.0,0.001831802011125787,0.004955506493256076,,,,stage1: dist8
14567770.0,merge,ipd16,3332.0,52781.32,35289.32,445.523008,294.862964,448726830.0,743936154.0,295209323.0,19207.0,,,1.220298,,0.0,0.0,11018157.0,31123.114623,27447.910017,27040135462.0,868812.0,749567.0,0.010823,119245.0,0.07885275187129753,107821.0,45789.0,146089.0,0.0,871193.0,0.0,277970.0,191878.0,77763.0,0.0,30691.0,1784.0,49805.0,0.0,0.179174,0.294617,33591.0,59028.92,2131392.0,205978547.99802947,,0.0,0.0,205645.0,79935.061819,79602.061819,5799368670.0,72551.0,,0.352797,72551.0,0.35279729631160495,,,,,,,,,,,,,,,,,,,,,1675.0,4.843629,2.0,13952.0,5213393.0,29.419579,3.72,448733015.474673,295209323.3626384,47.28,0.0,0.0,ddr4_1x,31073996.0,0.17917401158398388,,277970.0,l1d,1784.0,0.00641795877252941,49805.0,imp,merge_imp_ipd16_l1d_ddr4_1x,37919492.0,38898570.0,0.010348,10347640668.0,,1.123985311171241,,,stage1,,,,,,,0.011631,0.05421737241962646,191878.0,0.690283124078138,0.0,77763.0,107821.0,871193.0,0.0,0.08926035907083735,0.12376247283896909,205978547.99802947,2131392.0,0.03693824142842946,stage1: ipd16
14565256.0,merge,ipd16,,,,,,,,,,,,1.221422,,0.0,0.0,11016300.0,29014.010072,26494.933625,25070193711.0,864072.0,744885.0,0.010819,119187.0,0.07843577244628415,119365.0,46871.0,137225.0,0.0,861465.0,0.0,270250.0,184096.0,78352.0,0.0,30799.0,1786.0,50094.0,0.0,0.185362,0.295922,,,,,,0.0,0.0,205657.0,74341.801607,74008.801607,5395579277.0,72578.0,,0.352908,72578.0,0.3529079972964694,,,,,,,,,,,,,,,,,,,,,1782.0,4.585229,2.0,11673.0,5213395.0,27.285691,,,,,,,ddr4_2x,31045410.0,0.18536170212765957,,270250.0,l1d,1786.0,0.006608695652173913,50094.0,imp,merge_imp_ipd16_l1d_ddr4_2x,37919517.0,38898596.0,0.010338,10338121530.0,,1.1314567614625655,,,stage1,,,,,,,0.011697,0.05479748754602556,184096.0,0.6812062904717854,0.0,78352.0,119365.0,861465.0,0.0,0.09095204099992454,0.13856047546911365,,,,stage1: ipd16
14817578.0,merge,ipd16,3332.0,60014.97,42522.97,432.196813,285.4267,434695130.0,720452137.0,285757007.0,19207.0,,,1.184901,,0.0,0.0,11146230.0,20213.7484,15739.796542,18495761710.0,915009.0,713690.0,0.018062,201319.0,0.08209134388936887,,,,,,,,,,,,,,,,,,,,,243.0,1.0,243.0,201508.0,77564.218154,83002.425015,2400302295.0,30946.0,11502.0,0.096492,19444.0,0.15357206661770254,632.0,23500.0,28621.0,0.0,106134.0,0.0,105059.0,52121.0,234.0,0.0,15822.0,149.0,41293.0,0.0,0.393046,0.679866,52938.0,61047.53,3372352.0,316451472.40807384,1753.0,4.533773,2.0,9774.0,5213398.0,26.95839,3.69,434701135.3939538,285757006.8153449,47.38,0.0,0.0,ddr4_1x,32002326.0,0.39304581235305874,,105059.0,l2,149.0,0.0014182506972272723,41293.0,imp,merge_imp_ipd16_l2_ddr4_1x,37919539.0,38898619.0,0.010657,10656774558.0,,1.0913953270151076,,,stage1,,,,,,,0.011631,0.5716164398731987,52121.0,0.496111708658944,0.0,234.0,632.0,106134.0,0.0,0.002204760020351631,0.0059547364652232085,316451472.40807384,3372352.0,0.03577220280402442,stage1: ipd16
14815039.0,merge,ipd16,,,,,,,,,,,,1.196311,,0.0,0.0,11144438.0,17046.934213,13848.301824,15531785653.0,911119.0,709800.0,0.018065,201319.0,0.0817554909453487,,,,,,,,,,,,,,,,,,,,,,0.0,0.0,201512.0,66427.007713,71069.112609,2015328987.0,30339.0,10829.0,0.096818,19510.0,0.1505567906625908,514.0,24804.0,25157.0,0.0,103723.0,0.0,102852.0,49961.0,190.0,0.0,15777.0,160.0,41906.0,0.0,0.40744,0.68233,,,,,1822.0,4.269946,2.0,6210.0,5213398.0,23.732016,,,,,,,ddr4_2x,31697089.0,0.4074398164352662,,102852.0,l2,160.0,0.0015556333372224167,41906.0,imp,merge_imp_ipd16_l2_ddr4_2x,37919539.0,38898619.0,0.010555,10555130637.0,,1.1081951681667457,,,stage1,,,,,,,0.011697,0.5800539829746003,49961.0,0.48575623225605724,0.0,190.0,514.0,103723.0,0.0,0.001831802011125787,0.004955506493256076,,,,stage1: ipd16
14567770.0,merge,ipd2,3332.0,52781.32,35289.32,445.523008,294.862964,448726830.0,743936154.0,295209323.0,19207.0,,,1.220298,,0.0,0.0,11018157.0,31123.114623,27447.910017,27040135462.0,868812.0,749567.0,0.010823,119245.0,0.07885275187129753,107821.0,45789.0,146089.0,0.0,871193.0,0.0,277970.0,191878.0,77763.0,0.0,30691.0,1784.0,49805.0,0.0,0.179174,0.294617,33591.0,59028.92,2131392.0,205978547.99802947,,0.0,0.0,205645.0,79935.061819,79602.061819,5799368670.0,72551.0,,0.352797,72551.0,0.35279729631160495,,,,,,,,,,,,,,,,,,,,,1675.0,4.843629,2.0,13952.0,5213393.0,29.419579,3.72,448733015.474673,295209323.3626384,47.28,0.0,0.0,ddr4_1x,31073996.0,0.17917401158398388,,277970.0,l1d,1784.0,0.00641795877252941,49805.0,imp,merge_imp_ipd2_l1d_ddr4_1x,37919492.0,38898570.0,0.010348,10347640668.0,,1.123985311171241,,,stage1,,,,,,,0.011631,0.05421737241962646,191878.0,0.690283124078138,0.0,77763.0,107821.0,871193.0,0.0,0.08926035907083735,0.12376247283896909,205978547.99802947,2131392.0,0.03693824142842946,stage1: ipd2
14565256.0,merge,ipd2,,,,,,,,,,,,1.221422,,0.0,0.0,11016300.0,29014.010072,26494.933625,25070193711.0,864072.0,744885.0,0.010819,119187.0,0.07843577244628415,119365.0,46871.0,137225.0,0.0,861465.0,0.0,270250.0,184096.0,78352.0,0.0,30799.0,1786.0,50094.0,0.0,0.185362,0.295922,,,,,,0.0,0.0,205657.0,74341.801607,74008.801607,5395579277.0,72578.0,,0.352908,72578.0,0.3529079972964694,,,,,,,,,,,,,,,,,,,,,1782.0,4.585229,2.0,11673.0,5213395.0,27.285691,,,,,,,ddr4_2x,31045410.0,0.18536170212765957,,270250.0,l1d,1786.0,0.006608695652173913,50094.0,imp,merge_imp_ipd2_l1d_ddr4_2x,37919517.0,38898596.0,0.010338,10338121530.0,,1.1314567614625655,,,stage1,,,,,,,0.011697,0.05479748754602556,184096.0,0.6812062904717854,0.0,78352.0,119365.0,861465.0,0.0,0.09095204099992454,0.13856047546911365,,,,stage1: ipd2
14817578.0,merge,ipd2,3332.0,60014.97,42522.97,432.196813,285.4267,434695130.0,720452137.0,285757007.0,19207.0,,,1.184901,,0.0,0.0,11146230.0,20213.7484,15739.796542,18495761710.0,915009.0,713690.0,0.018062,201319.0,0.08209134388936887,,,,,,,,,,,,,,,,,,,,,243.0,1.0,243.0,201508.0,77564.218154,83002.425015,2400302295.0,30946.0,11502.0,0.096492,19444.0,0.15357206661770254,632.0,23500.0,28621.0,0.0,106134.0,0.0,105059.0,52121.0,234.0,0.0,15822.0,149.0,41293.0,0.0,0.393046,0.679866,52938.0,61047.53,3372352.0,316451472.40807384,1753.0,4.533773,2.0,9774.0,5213398.0,26.95839,3.69,434701135.3939538,285757006.8153449,47.38,0.0,0.0,ddr4_1x,32002326.0,0.39304581235305874,,105059.0,l2,149.0,0.0014182506972272723,41293.0,imp,merge_imp_ipd2_l2_ddr4_1x,37919539.0,38898619.0,0.010657,10656774558.0,,1.0913953270151076,,,stage1,,,,,,,0.011631,0.5716164398731987,52121.0,0.496111708658944,0.0,234.0,632.0,106134.0,0.0,0.002204760020351631,0.0059547364652232085,316451472.40807384,3372352.0,0.03577220280402442,stage1: ipd2
14815039.0,merge,ipd2,,,,,,,,,,,,1.196311,,0.0,0.0,11144438.0,17046.934213,13848.301824,15531785653.0,911119.0,709800.0,0.018065,201319.0,0.0817554909453487,,,,,,,,,,,,,,,,,,,,,,0.0,0.0,201512.0,66427.007713,71069.112609,2015328987.0,30339.0,10829.0,0.096818,19510.0,0.1505567906625908,514.0,24804.0,25157.0,0.0,103723.0,0.0,102852.0,49961.0,190.0,0.0,15777.0,160.0,41906.0,0.0,0.40744,0.68233,,,,,1822.0,4.269946,2.0,6210.0,5213398.0,23.732016,,,,,,,ddr4_2x,31697089.0,0.4074398164352662,,102852.0,l2,160.0,0.0015556333372224167,41906.0,imp,merge_imp_ipd2_l2_ddr4_2x,37919539.0,38898619.0,0.010555,10555130637.0,,1.1081951681667457,,,stage1,,,,,,,0.011697,0.5800539829746003,49961.0,0.48575623225605724,0.0,190.0,514.0,103723.0,0.0,0.001831802011125787,0.004955506493256076,,,,stage1: ipd2
14567770.0,merge,ipd8,3332.0,52781.32,35289.32,445.523008,294.862964,448726830.0,743936154.0,295209323.0,19207.0,,,1.220298,,0.0,0.0,11018157.0,31123.114623,27447.910017,27040135462.0,868812.0,749567.0,0.010823,119245.0,0.07885275187129753,107821.0,45789.0,146089.0,0.0,871193.0,0.0,277970.0,191878.0,77763.0,0.0,30691.0,1784.0,49805.0,0.0,0.179174,0.294617,33591.0,59028.92,2131392.0,205978547.99802947,,0.0,0.0,205645.0,79935.061819,79602.061819,5799368670.0,72551.0,,0.352797,72551.0,0.35279729631160495,,,,,,,,,,,,,,,,,,,,,1675.0,4.843629,2.0,13952.0,5213393.0,29.419579,3.72,448733015.474673,295209323.3626384,47.28,0.0,0.0,ddr4_1x,31073996.0,0.17917401158398388,,277970.0,l1d,1784.0,0.00641795877252941,49805.0,imp,merge_imp_ipd8_l1d_ddr4_1x,37919492.0,38898570.0,0.010348,10347640668.0,,1.123985311171241,,,stage1,,,,,,,0.011631,0.05421737241962646,191878.0,0.690283124078138,0.0,77763.0,107821.0,871193.0,0.0,0.08926035907083735,0.12376247283896909,205978547.99802947,2131392.0,0.03693824142842946,stage1: ipd8
14565256.0,merge,ipd8,,,,,,,,,,,,1.221422,,0.0,0.0,11016300.0,29014.010072,26494.933625,25070193711.0,864072.0,744885.0,0.010819,119187.0,0.07843577244628415,119365.0,46871.0,137225.0,0.0,861465.0,0.0,270250.0,184096.0,78352.0,0.0,30799.0,1786.0,50094.0,0.0,0.185362,0.295922,,,,,,0.0,0.0,205657.0,74341.801607,74008.801607,5395579277.0,72578.0,,0.352908,72578.0,0.3529079972964694,,,,,,,,,,,,,,,,,,,,,1782.0,4.585229,2.0,11673.0,5213395.0,27.285691,,,,,,,ddr4_2x,31045410.0,0.18536170212765957,,270250.0,l1d,1786.0,0.006608695652173913,50094.0,imp,merge_imp_ipd8_l1d_ddr4_2x,37919517.0,38898596.0,0.010338,10338121530.0,,1.1314567614625655,,,stage1,,,,,,,0.011697,0.05479748754602556,184096.0,0.6812062904717854,0.0,78352.0,119365.0,861465.0,0.0,0.09095204099992454,0.13856047546911365,,,,stage1: ipd8
14817578.0,merge,ipd8,3332.0,60014.97,42522.97,432.196813,285.4267,434695130.0,720452137.0,285757007.0,19207.0,,,1.184901,,0.0,0.0,11146230.0,20213.7484,15739.796542,18495761710.0,915009.0,713690.0,0.018062,201319.0,0.08209134388936887,,,,,,,,,,,,,,,,,,,,,243.0,1.0,243.0,201508.0,77564.218154,83002.425015,2400302295.0,30946.0,11502.0,0.096492,19444.0,0.15357206661770254,632.0,23500.0,28621.0,0.0,106134.0,0.0,105059.0,52121.0,234.0,0.0,15822.0,149.0,41293.0,0.0,0.393046,0.679866,52938.0,61047.53,3372352.0,316451472.40807384,1753.0,4.533773,2.0,9774.0,5213398.0,26.95839,3.69,434701135.3939538,285757006.8153449,47.38,0.0,0.0,ddr4_1x,32002326.0,0.39304581235305874,,105059.0,l2,149.0,0.0014182506972272723,41293.0,imp,merge_imp_ipd8_l2_ddr4_1x,37919539.0,38898619.0,0.010657,10656774558.0,,1.0913953270151076,,,stage1,,,,,,,0.011631,0.5716164398731987,52121.0,0.496111708658944,0.0,234.0,632.0,106134.0,0.0,0.002204760020351631,0.0059547364652232085,316451472.40807384,3372352.0,0.03577220280402442,stage1: ipd8
14815039.0,merge,ipd8,,,,,,,,,,,,1.196311,,0.0,0.0,11144438.0,17046.934213,13848.301824,15531785653.0,911119.0,709800.0,0.018065,201319.0,0.0817554909453487,,,,,,,,,,,,,,,,,,,,,,0.0,0.0,201512.0,66427.007713,71069.112609,2015328987.0,30339.0,10829.0,0.096818,19510.0,0.1505567906625908,514.0,24804.0,25157.0,0.0,103723.0,0.0,102852.0,49961.0,190.0,0.0,15777.0,160.0,41906.0,0.0,0.40744,0.68233,,,,,1822.0,4.269946,2.0,6210.0,5213398.0,23.732016,,,,,,,ddr4_2x,31697089.0,0.4074398164352662,,102852.0,l2,160.0,0.0015556333372224167,41906.0,imp,merge_imp_ipd8_l2_ddr4_2x,37919539.0,38898619.0,0.010555,10555130637.0,,1.1081951681667457,,,stage1,,,,,,,0.011697,0.5800539829746003,49961.0,0.48575623225605724,0.0,190.0,514.0,103723.0,0.0,0.001831802011125787,0.004955506493256076,,,,stage1: ipd8
14567770.0,merge,pt32,3332.0,52781.32,35289.32,445.523008,294.862964,448726830.0,743936154.0,295209323.0,19207.0,,,1.220298,,0.0,0.0,11018157.0,31123.114623,27447.910017,27040135462.0,868812.0,749567.0,0.010823,119245.0,0.07885275187129753,107821.0,45789.0,146089.0,0.0,871193.0,0.0,277970.0,191878.0,77763.0,0.0,30691.0,1784.0,49805.0,0.0,0.179174,0.294617,33591.0,59028.92,2131392.0,205978547.99802947,,0.0,0.0,205645.0,79935.061819,79602.061819,5799368670.0,72551.0,,0.352797,72551.0,0.35279729631160495,,,,,,,,,,,,,,,,,,,,,1675.0,4.843629,2.0,13952.0,5213393.0,29.419579,3.72,448733015.474673,295209323.3626384,47.28,0.0,0.0,ddr4_1x,31073996.0,0.17917401158398388,,277970.0,l1d,1784.0,0.00641795877252941,49805.0,imp,merge_imp_pt32_l1d_ddr4_1x,37919492.0,38898570.0,0.010348,10347640668.0,,1.123985311171241,,,stage1,,,,,,,0.011631,0.05421737241962646,191878.0,0.690283124078138,0.0,77763.0,107821.0,871193.0,0.0,0.08926035907083735,0.12376247283896909,205978547.99802947,2131392.0,0.03693824142842946,stage1: pt32
14565256.0,merge,pt32,,,,,,,,,,,,1.221422,,0.0,0.0,11016300.0,29014.010072,26494.933625,25070193711.0,864072.0,744885.0,0.010819,119187.0,0.07843577244628415,119365.0,46871.0,137225.0,0.0,861465.0,0.0,270250.0,184096.0,78352.0,0.0,30799.0,1786.0,50094.0,0.0,0.185362,0.295922,,,,,,0.0,0.0,205657.0,74341.801607,74008.801607,5395579277.0,72578.0,,0.352908,72578.0,0.3529079972964694,,,,,,,,,,,,,,,,,,,,,1782.0,4.585229,2.0,11673.0,5213395.0,27.285691,,,,,,,ddr4_2x,31045410.0,0.18536170212765957,,270250.0,l1d,1786.0,0.006608695652173913,50094.0,imp,merge_imp_pt32_l1d_ddr4_2x,37919517.0,38898596.0,0.010338,10338121530.0,,1.1314567614625655,,,stage1,,,,,,,0.011697,0.05479748754602556,184096.0,0.6812062904717854,0.0,78352.0,119365.0,861465.0,0.0,0.09095204099992454,0.13856047546911365,,,,stage1: pt32
14817578.0,merge,pt32,3332.0,60014.97,42522.97,432.196813,285.4267,434695130.0,720452137.0,285757007.0,19207.0,,,1.184901,,0.0,0.0,11146230.0,20213.7484,15739.796542,18495761710.0,915009.0,713690.0,0.018062,201319.0,0.08209134388936887,,,,,,,,,,,,,,,,,,,,,243.0,1.0,243.0,201508.0,77564.218154,83002.425015,2400302295.0,30946.0,11502.0,0.096492,19444.0,0.15357206661770254,632.0,23500.0,28621.0,0.0,106134.0,0.0,105059.0,52121.0,234.0,0.0,15822.0,149.0,41293.0,0.0,0.393046,0.679866,52938.0,61047.53,3372352.0,316451472.40807384,1753.0,4.533773,2.0,9774.0,5213398.0,26.95839,3.69,434701135.3939538,285757006.8153449,47.38,0.0,0.0,ddr4_1x,32002326.0,0.39304581235305874,,105059.0,l2,149.0,0.0014182506972272723,41293.0,imp,merge_imp_pt32_l2_ddr4_1x,37919539.0,38898619.0,0.010657,10656774558.0,,1.0913953270151076,,,stage1,,,,,,,0.011631,0.5716164398731987,52121.0,0.496111708658944,0.0,234.0,632.0,106134.0,0.0,0.002204760020351631,0.0059547364652232085,316451472.40807384,3372352.0,0.03577220280402442,stage1: pt32
14815039.0,merge,pt32,,,,,,,,,,,,1.196311,,0.0,0.0,11144438.0,17046.934213,13848.301824,15531785653.0,911119.0,709800.0,0.018065,201319.0,0.0817554909453487,,,,,,,,,,,,,,,,,,,,,,0.0,0.0,201512.0,66427.007713,71069.112609,2015328987.0,30339.0,10829.0,0.096818,19510.0,0.1505567906625908,514.0,24804.0,25157.0,0.0,103723.0,0.0,102852.0,49961.0,190.0,0.0,15777.0,160.0,41906.0,0.0,0.40744,0.68233,,,,,1822.0,4.269946,2.0,6210.0,5213398.0,23.732016,,,,,,,ddr4_2x,31697089.0,0.4074398164352662,,102852.0,l2,160.0,0.0015556333372224167,41906.0,imp,merge_imp_pt32_l2_ddr4_2x,37919539.0,38898619.0,0.010555,10555130637.0,,1.1081951681667457,,,stage1,,,,,,,0.011697,0.5800539829746003,49961.0,0.48575623225605724,0.0,190.0,514.0,103723.0,0.0,0.001831802011125787,0.004955506493256076,,,,stage1: pt32
14567770.0,merge,pt64,3332.0,52781.32,35289.32,445.523008,294.862964,448726830.0,743936154.0,295209323.0,19207.0,,,1.220298,,0.0,0.0,11018157.0,31123.114623,27447.910017,27040135462.0,868812.0,749567.0,0.010823,119245.0,0.07885275187129753,107821.0,45789.0,146089.0,0.0,871193.0,0.0,277970.0,191878.0,77763.0,0.0,30691.0,1784.0,49805.0,0.0,0.179174,0.294617,33591.0,59028.92,2131392.0,205978547.99802947,,0.0,0.0,205645.0,79935.061819,79602.061819,5799368670.0,72551.0,,0.352797,72551.0,0.35279729631160495,,,,,,,,,,,,,,,,,,,,,1675.0,4.843629,2.0,13952.0,5213393.0,29.419579,3.72,448733015.474673,295209323.3626384,47.28,0.0,0.0,ddr4_1x,31073996.0,0.17917401158398388,,277970.0,l1d,1784.0,0.00641795877252941,49805.0,imp,merge_imp_pt64_l1d_ddr4_1x,37919492.0,38898570.0,0.010348,10347640668.0,,1.123985311171241,,,stage1,,,,,,,0.011631,0.05421737241962646,191878.0,0.690283124078138,0.0,77763.0,107821.0,871193.0,0.0,0.08926035907083735,0.12376247283896909,205978547.99802947,2131392.0,0.03693824142842946,stage1: pt64
14565256.0,merge,pt64,,,,,,,,,,,,1.221422,,0.0,0.0,11016300.0,29014.010072,26494.933625,25070193711.0,864072.0,744885.0,0.010819,119187.0,0.07843577244628415,119365.0,46871.0,137225.0,0.0,861465.0,0.0,270250.0,184096.0,78352.0,0.0,30799.0,1786.0,50094.0,0.0,0.185362,0.295922,,,,,,0.0,0.0,205657.0,74341.801607,74008.801607,5395579277.0,72578.0,,0.352908,72578.0,0.3529079972964694,,,,,,,,,,,,,,,,,,,,,1782.0,4.585229,2.0,11673.0,5213395.0,27.285691,,,,,,,ddr4_2x,31045410.0,0.18536170212765957,,270250.0,l1d,1786.0,0.006608695652173913,50094.0,imp,merge_imp_pt64_l1d_ddr4_2x,37919517.0,38898596.0,0.010338,10338121530.0,,1.1314567614625655,,,stage1,,,,,,,0.011697,0.05479748754602556,184096.0,0.6812062904717854,0.0,78352.0,119365.0,861465.0,0.0,0.09095204099992454,0.13856047546911365,,,,stage1: pt64
14817578.0,merge,pt64,3332.0,60014.97,42522.97,432.196813,285.4267,434695130.0,720452137.0,285757007.0,19207.0,,,1.184901,,0.0,0.0,11146230.0,20213.7484,15739.796542,18495761710.0,915009.0,713690.0,0.018062,201319.0,0.08209134388936887,,,,,,,,,,,,,,,,,,,,,243.0,1.0,243.0,201508.0,77564.218154,83002.425015,2400302295.0,30946.0,11502.0,0.096492,19444.0,0.15357206661770254,632.0,23500.0,28621.0,0.0,106134.0,0.0,105059.0,52121.0,234.0,0.0,15822.0,149.0,41293.0,0.0,0.393046,0.679866,52938.0,61047.53,3372352.0,316451472.40807384,1753.0,4.533773,2.0,9774.0,5213398.0,26.95839,3.69,434701135.3939538,285757006.8153449,47.38,0.0,0.0,ddr4_1x,32002326.0,0.39304581235305874,,105059.0,l2,149.0,0.0014182506972272723,41293.0,imp,merge_imp_pt64_l2_ddr4_1x,37919539.0,38898619.0,0.010657,10656774558.0,,1.0913953270151076,,,stage1,,,,,,,0.011631,0.5716164398731987,52121.0,0.496111708658944,0.0,234.0,632.0,106134.0,0.0,0.002204760020351631,0.0059547364652232085,316451472.40807384,3372352.0,0.03577220280402442,stage1: pt64
14815039.0,merge,pt64,,,,,,,,,,,,1.196311,,0.0,0.0,11144438.0,17046.934213,13848.301824,15531785653.0,911119.0,709800.0,0.018065,201319.0,0.0817554909453487,,,,,,,,,,,,,,,,,,,,,,0.0,0.0,201512.0,66427.007713,71069.112609,2015328987.0,30339.0,10829.0,0.096818,19510.0,0.1505567906625908,514.0,24804.0,25157.0,0.0,103723.0,0.0,102852.0,49961.0,190.0,0.0,15777.0,160.0,41906.0,0.0,0.40744,0.68233,,,,,1822.0,4.269946,2.0,6210.0,5213398.0,23.732016,,,,,,,ddr4_2x,31697089.0,0.4074398164352662,,102852.0,l2,160.0,0.0015556333372224167,41906.0,imp,merge_imp_pt64_l2_ddr4_2x,37919539.0,38898619.0,0.010555,10555130637.0,,1.1081951681667457,,,stage1,,,,,,,0.011697,0.5800539829746003,49961.0,0.48575623225605724,0.0,190.0,514.0,103723.0,0.0,0.001831802011125787,0.004955506493256076,,,,stage1: pt64
14570240.0,merge,pt8,3332.0,52217.59,34725.59,445.022584,294.576048,448100742.0,743010566.0,294909824.0,19207.0,,,1.21952,,0.0,0.0,11018382.0,30957.540383,27259.47824,26925382663.0,869752.0,750107.0,0.010859,119645.0,0.07893645364627946,110705.0,45088.0,148976.0,1.0,866614.0,0.0,279644.0,194065.0,75399.0,0.0,29158.0,1702.0,49464.0,0.0,0.176882,0.292498,33367.0,58730.57,2117312.0,204487376.6179956,,0.0,0.0,205531.0,79392.430493,79059.430493,5755633641.0,72496.0,,0.352725,72496.0,0.352725379626431,,,,,,,,,,,,,,,,,,,,,1654.0,4.844047,2.0,13254.0,5213396.0,29.140809,3.59,448106923.2740328,294909824.17549217,47.71,0.0,0.0,ddr4_1x,31093823.0,0.1768820357311439,,279644.0,l1d,1702.0,0.006086309736665189,49464.0,imp,merge_imp_pt8_l1d_ddr4_1x,37919508.0,38898587.0,0.010354,10354243059.0,,1.1233339772068767,,,stage1,,,,,,,0.011631,0.053811073784616456,194065.0,0.6939716210610634,0.0,75399.0,110705.0,866614.0,0.0,0.08700413332810225,0.12774430138446874,204487376.6179956,2117312.0,0.03689228373054985,stage1: pt8
14567939.0,merge,pt8,,,,,,,,,,,,1.219886,,0.0,0.0,11016810.0,29219.908119,26540.859275,25245036358.0,863967.0,744237.0,0.010868,119730.0,0.07842261053789618,113606.0,47018.0,140455.0,0.0,853541.0,0.0,272963.0,187473.0,76394.0,0.0,29179.0,1695.0,49846.0,0.0,0.182611,0.293945,,,,,,0.0,0.0,205528.0,74654.192184,74321.192184,5411906354.0,72493.0,,0.352716,72493.0,0.35271593164921566,,,,,,,,,,,,,,,,,,,,,1803.0,4.613886,2.0,12212.0,5213393.0,27.519761,,,,,,,ddr4_2x,31084498.0,0.1826108300392361,,272963.0,l1d,1695.0,0.006209632807376824,49846.0,imp,merge_imp_pt8_l1d_ddr4_2x,37919489.0,38898567.0,0.010351,10351137834.0,,1.1300357453386145,,,stage1,,,,,,,0.011697,0.054547265140679764,187473.0,0.6868073694969647,0.0,76394.0,113606.0,853541.0,0.0,0.08950243749275079,0.13309964020474704,,,,stage1: pt8
14818223.0,merge,pt8,3332.0,59851.11,42359.11,432.237349,285.519098,434856460.0,720741993.0,285885534.0,19207.0,,,1.185211,,0.0,0.0,11146451.0,20222.152623,15743.526058,18504038092.0,915038.0,713718.0,0.018061,201320.0,0.08209231799431048,,,,,,,,,,,,,,,,,,,,,,0.0,0.0,201493.0,77762.988909,82661.379644,2397977289.0,30837.0,11295.0,0.096986,19542.0,0.15304253745787694,574.0,23594.0,27904.0,0.0,105318.0,0.0,104346.0,51498.0,215.0,0.0,15758.0,159.0,41403.0,0.0,0.396786,0.67935,52847.0,60936.48,3365760.0,315915198.55143374,1757.0,4.532049,2.0,9954.0,5213401.0,27.021224,3.72,434862466.977312,285885533.642542,47.54,0.0,0.0,ddr4_1x,31993989.0,0.3967856937496406,,104346.0,l2,159.0,0.0015237766660916566,41403.0,imp,merge_imp_pt8_l2_ddr4_1x,37919573.0,38898655.0,0.010654,10653998337.0,,1.0917026468931856,,,stage1,,,,,,,0.011631,0.5731312292358804,51498.0,0.4935311367948939,0.0,215.0,574.0,105318.0,0.0,0.002041436411629541,0.005450160466397007,315915198.55143374,3365760.0,0.03578659486018396,stage1: pt8
14814963.0,merge,pt8,,,,,,,,,,,,1.195906,,0.0,0.0,11144224.0,17035.071232,13915.956507,15516752368.0,910871.0,709550.0,0.018065,201321.0,0.08173480719698384,,,,,,,,,,,,,,,,,,,,,92.0,1.0,92.0,201499.0,66345.76869,70329.387778,2028720915.0,30578.0,11121.0,0.096561,19457.0,0.1517526141568941,534.0,24253.0,26085.0,0.0,104204.0,0.0,103293.0,50338.0,201.0,0.0,15840.0,162.0,41676.0,0.0,0.403474,0.681727,,,,,1842.0,4.292742,2.0,6326.0,5213398.0,24.181567,,,,,,,ddr4_2x,31707825.0,0.4034736138944556,,103293.0,l2,162.0,0.0015683540995033544,41676.0,imp,merge_imp_pt8_l2_ddr4_2x,37919536.0,38898616.0,0.010559,10558705725.0,,1.1077753575149163,,,stage1,,,,,,,0.011697,0.5767985163451158,50338.0,0.48733215222715964,0.0,201.0,534.0,104204.0,0.0,0.0019289086791294,0.0051245633564930325,,,,stage1: pt8
14476402.0,merge,sdist16,3332.0,64498.32,47006.32,464.610327,306.743431,468824957.0,775995590.0,307170633.0,19207.0,,,1.258013,26.9375,1424.0,38359.0,10971648.0,32592.600854,27341.486048,25292705670.0,776026.0,653359.0,0.01118,122667.0,0.07073012185589622,1103473.0,83500.0,45434.0,11.0,1879315.0,0.0,217822.0,128945.0,79405.0,1766.0,222941.0,5608.0,74992.0,0.0,0.344281,0.379401,37867.0,72875.66,2397952.0,238901282.33525488,,0.0,0.0,211815.0,91440.219372,91107.219372,6723416450.0,73528.0,,0.347133,73528.0,0.3471331114415882,,,,,,,,,,,,,,,,,,,,,1837.0,3.374226,2.0,4970.0,5213393.0,18.821607,7.34,468831333.10635626,307170632.98016715,47.97,0.0,0.0,ddr4_1x,30142396.0,0.34428111026434427,,217822.0,l1d,5608.0,0.025745792436025747,74992.0,imp,merge_imp_sdist16_l1d_ddr4_1x,37919489.0,38898567.0,0.010037,10037417868.0,,1.1588123941416757,,,stage1,,,,,,,0.011631,0.08812034528059336,128945.0,0.5919741807530919,1766.0,79405.0,1103473.0,1879315.0,0.0009397040943109591,0.04225209717370425,0.5871676648140413,238901282.33525488,2397952.0,0.038530070486151646,stage1: sdist16
14475169.0,merge,sdist16,,,,,,,,,,,,1.263335,29.462423,1131.0,33322.0,10970706.0,27836.437757,23810.381629,21373039601.0,767808.0,645438.0,0.011154,122370.0,0.06998710930727703,1070149.0,83401.0,40584.0,12.0,1811996.0,0.0,213024.0,123997.0,76069.0,1742.0,221380.0,5513.0,76012.0,0.0,0.356824,0.38316,,,,,,0.0,0.0,211658.0,74411.745588,74078.745588,5468891242.0,73495.0,,0.347235,73495.0,0.34723468992431183,,,,,,,,,,,,,,,,,,,,,1686.0,3.155259,2.0,3065.0,5213252.0,15.686956,,,,,,,ddr4_2x,30014891.0,0.3568236442842121,,213024.0,l1d,5513.0,0.02587971308397176,76012.0,imp,merge_imp_sdist16_l1d_ddr4_2x,37918834.0,38897847.0,0.009995,9994958703.0,,1.1702851425712857,,,stage1,,,,,,,0.011697,0.09008082292432035,123997.0,0.5820799534324771,1742.0,76069.0,1070149.0,1811996.0,0.0009613707756529263,0.041980776999507724,0.5905912595833545,,,,stage1: sdist16
14757871.0,merge,sdist16,3332.0,88084.57,70592.57,444.844389,293.972884,448238025.0,742587979.0,294349955.0,19207.0,,,1.219609,,0.0,0.0,11117479.0,17198.08515,12788.77894,14885217867.0,865516.0,664195.0,0.018109,201321.0,0.07785182234209752,,,,,,,,,,,,,,,,,,,,,40.027451,765.0,30621.0,201370.0,90890.720202,109456.797055,1749282801.0,19246.0,8381.0,0.053955,10865.0,0.09557530913244276,86694.0,17896.0,20273.0,0.0,199689.0,0.0,99914.0,38169.0,6149.0,3685.0,100903.0,300.0,52918.0,0.0,0.529635,0.829657,61638.0,88329.21,3919232.0,378541780.7197138,2226.0,4.134971,2.0,9609.0,5213398.0,25.476958,9.92,448244206.001328,294349954.51045644,48.29,0.0,0.0,ddr4_1x,31091589.0,0.5296354865184059,,99914.0,l2,300.0,0.0030025822207098104,52918.0,imp,merge_imp_sdist16_l2_ddr4_1x,37919539.0,38898619.0,0.010353,10353499137.0,,1.1234424804404521,,,stage1,,,,,,,0.011631,0.7333019233967075,38169.0,0.3820185359409092,3685.0,6149.0,86694.0,199689.0,0.018453695496497054,0.030792882932960754,0.43414509562369485,378541780.7197138,3919232.0,0.03687130125705856,stage1: sdist16
14757609.0,merge,sdist16,,,,,,,,,,,,1.235073,,0.0,0.0,11117254.0,12572.863717,9984.753261,10889130954.0,866082.0,664760.0,0.018109,201322.0,0.07790430982327111,,,,,,,,,,,,,,,,,,,,,35.475452,387.0,13729.0,201421.0,74244.909137,83496.851561,1174183238.0,15815.0,5629.0,0.050571,10186.0,0.07851713575049275,48025.0,19411.0,17186.0,0.0,153961.0,0.0,98998.0,36597.0,3250.0,1654.0,91735.0,298.0,56402.0,0.0,0.569729,0.847029,,,,,1697.0,3.657893,2.0,4821.0,5213391.0,18.694875,,,,,,,ddr4_2x,30702245.0,0.5697286813875028,,98998.0,l2,298.0,0.0030101618214509384,56402.0,imp,merge_imp_sdist16_l2_ddr4_2x,37919467.0,38898544.0,0.010224,10223847585.0,,1.1440727699530517,,,stage1,,,,,,,0.011697,0.7810072420621184,36597.0,0.3696741348310067,1654.0,3250.0,48025.0,153961.0,0.01074298036515741,0.021109241950883664,0.31192964452036553,,,,stage1: sdist16
14649310.0,merge,sdist2,3332.0,48292.89,30800.89,434.458153,287.33503,436898827.0,724566127.0,287667300.0,19207.0,,,1.191944,,0.0,0.0,11058707.0,31191.059678,27604.423768,28482240909.0,913154.0,787413.0,0.01137,125741.0,0.08257330626446654,3480.0,25672.0,179729.0,0.0,530925.0,0.0,283292.0,205401.0,51513.0,0.0,9367.0,942.0,38802.0,0.0,0.136968,0.235817,29447.0,53826.4,1869312.0,176453503.83710447,,0.0,0.0,203844.0,75557.763741,75224.763741,5464261916.0,72319.0,,0.354776,72319.0,0.3547762014089205,,,,,,,,,,,,,,,,,,,,,1763.0,5.481277,2.0,17060.0,5213393.0,32.788186,2.4,436904868.4435564,287667299.78811985,47.02,0.0,0.0,ddr4_1x,31813194.0,0.13696821653982463,,283292.0,l1d,942.0,0.003325190969035483,38802.0,imp,merge_imp_sdist2_l1d_ddr4_1x,37919489.0,38898567.0,0.010594,10593793602.0,,1.0978855956201625,,,stage1,,,,,,,0.011631,0.04076028724016656,205401.0,0.7250504779520777,0.0,51513.0,3480.0,530925.0,0.0,0.09702500353157226,0.006554598107077271,176453503.83710447,1869312.0,0.03597647242452487,stage1: sdist2
14646568.0,merge,sdist2,,,,,,,,,,,,1.191063,,0.0,0.0,11056515.0,29113.20341,26475.183761,26516130987.0,910794.0,785408.0,0.01134,125386.0,0.0823762279524787,3545.0,25007.0,180855.0,0.0,529523.0,0.0,284127.0,205862.0,51069.0,0.0,9415.0,948.0,38678.0,0.0,0.136129,0.235749,,,,,,0.0,0.0,203865.0,71402.441513,71069.441513,5164110180.0,72324.0,,0.354764,72324.0,0.35476418217938344,,,,,,,,,,,,,,,,,,,,,1863.0,5.331215,2.0,16776.0,5213398.0,31.916088,,,,,,,ddr4_2x,31836754.0,0.13612926613802984,,284127.0,l1d,948.0,0.0033365361264504957,38678.0,imp,merge_imp_sdist2_l1d_ddr4_2x,37919539.0,38898619.0,0.010602,10601639082.0,,1.1032823995472554,,,stage1,,,,,,,0.011697,0.04073632503117522,205862.0,0.7245421941596539,0.0,51069.0,3545.0,529523.0,0.0,0.09644340283613743,0.006694704479314402,,,,stage1: sdist2
14864805.0,merge,sdist2,3332.0,53292.45,35800.45,423.910234,280.148244,426376681.0,706920264.0,280543583.0,19207.0,,,1.164188,,0.0,0.0,11170780.0,24314.216469,19822.955479,23120461383.0,950903.0,749582.0,0.018022,201321.0,0.08512413636290393,,,,,,,,,,,,,,,,,,,,,,0.0,0.0,201480.0,73730.176343,71140.203634,3272513877.0,44385.0,19453.0,0.123744,24932.0,0.22029481834425252,0.0,14454.0,21316.0,0.0,83099.0,0.0,83098.0,35770.0,0.0,0.0,4749.0,79.0,27800.0,0.0,0.334545,0.527194,47328.0,57683.27,3015680.0,278035832.0432127,1728.0,5.301576,2.0,12231.0,5213398.0,30.832622,2.58,426382581.9031111,280543583.0750117,47.05,0.0,0.0,ddr4_1x,32571687.0,0.33454475438638714,,83098.0,l2,79.0,0.0009506847336879348,27800.0,imp,merge_imp_sdist2_l2_ddr4_1x,37919536.0,38898616.0,0.010846,10846371771.0,,1.0723769131477043,,,stage1,,,,,,,0.011631,0.3851215626515204,35770.0,0.430455606633132,0.0,0.0,0.0,83099.0,0.0,0.0,0.0,278035832.0432127,3015680.0,0.03510031236132274,stage1: sdist2
14859691.0,merge,sdist2,,,,,,,,,,,,1.171115,,0.0,0.0,11167146.0,21531.470097,18155.335425,20381947971.0,946612.0,745291.0,0.018028,201321.0,0.08476758520037259,,,,,,,,,,,,,,,,,,,,,,0.0,0.0,201481.0,65745.153584,63474.838369,2935718343.0,44653.0,20159.0,0.12157,24494.0,0.22162387520411353,0.0,14812.0,21152.0,0.0,83728.0,0.0,83727.0,35964.0,0.0,0.0,4658.0,76.0,27532.0,0.0,0.328831,0.529197,,,,,1865.0,5.0098,2.0,10289.0,5213393.0,27.762072,,,,,,,ddr4_2x,32379005.0,0.3288306042256381,,83727.0,l2,76.0,0.0009077119686600499,27532.0,imp,merge_imp_sdist2_l2_ddr4_2x,37919489.0,38898567.0,0.010782,10782208665.0,,1.0848636616583196,,,stage1,,,,,,,0.011697,0.38140887996121076,35964.0,0.4295388584327636,0.0,0.0,0.0,83728.0,0.0,0.0,0.0,,,,stage1: sdist2
14510952.0,merge,sdist8,3332.0,58017.73,40525.73,456.510333,301.654509,460271172.0,762259558.0,301988386.0,19207.0,,,1.242904,31.77451,204.0,6482.0,10989127.0,32021.650049,26702.277395,25713609141.0,803007.0,679501.0,0.011239,123506.0,0.07307286556975819,455304.0,64641.0,89939.0,9.0,1177176.0,0.0,239282.0,154589.0,67636.0,0.0,94216.0,3555.0,66653.0,0.0,0.278554,0.350512,36144.0,65007.2,2291456.0,225549505.0037743,,0.0,0.0,208488.0,85042.342371,84709.342371,6213533703.0,73064.0,,0.350447,73064.0,0.350447028126319,,,,,,,,,,,,,,,,,,,,,1792.0,3.970997,2.0,7862.0,5213393.0,23.161764,5.23,460277471.3188685,301988385.9588574,47.56,0.0,0.0,ddr4_1x,30508820.0,0.278554174572262,,239282.0,l1d,3555.0,0.01485694703320768,66653.0,imp,merge_imp_sdist8_l1d_ddr4_1x,37919492.0,38898570.0,0.010159,10159437060.0,,1.1448961511959839,,,stage1,,,,,,,0.011631,0.07664259595704068,154589.0,0.6460536103844,0.0,67636.0,455304.0,1177176.0,0.0,0.057456149292883986,0.38677648881730514,225549505.0037743,2291456.0,0.037848043052000846,stage1: sdist8
14510937.0,merge,sdist8,,,,,,,,,,,,1.245783,38.589172,314.0,12117.0,10989085.0,28479.207554,24548.431112,22482027548.0,789419.0,665442.0,0.011282,123977.0,0.07183664518019471,434597.0,69772.0,67019.0,1.0,1095143.0,0.0,220973.0,136792.0,70482.0,0.0,94393.0,3523.0,69022.0,0.0,0.312355,0.357629,,,,,,0.0,0.0,208447.0,74575.18915,74242.18915,5447568417.0,73048.0,,0.350439,73048.0,0.3504392003722769,,,,,,,,,,,,,,,,,,,,,1778.0,3.524584,2.0,4594.0,5213393.0,19.352165,,,,,,,ddr4_2x,30438319.0,0.3123549030877075,,220973.0,l1d,3523.0,0.01594312427310124,69022.0,imp,merge_imp_sdist8_l1d_ddr4_2x,37919492.0,38898570.0,0.010136,10135960227.0,,1.1540055248618786,,,stage1,,,,,,,0.011697,0.08040389496773803,136792.0,0.619043955596385,0.0,70482.0,434597.0,1095143.0,0.0,0.0643587184504672,0.39684041262191333,,,,stage1: sdist8
14776915.0,merge,sdist8,3332.0,70016.13,52524.13,439.313289,290.203816,442436383.0,733061085.0,290624702.0,19207.0,,,1.203492,,0.0,0.0,11128384.0,17711.699126,13523.847622,15763199682.0,889988.0,688673.0,0.01809,201315.0,0.07997459469407238,,,,,,,,,,,,,,,,,,,,,63.0,200.0,12600.0,201519.0,84963.500952,93638.650625,1918560815.0,22581.0,8181.0,0.071457,14400.0,0.11205395024786745,14428.0,25484.0,29999.0,0.0,131361.0,0.0,113643.0,55483.0,1958.0,0.0,45591.0,240.0,49707.0,0.0,0.437396,0.775376,58130.0,70260.59,3696704.0,352330221.2818288,1884.0,4.206237,2.0,8686.0,5213400.0,25.08441,5.74,442442483.1712776,290624701.6667428,47.9,0.0,0.0,ddr4_1x,31507979.0,0.4373960560703255,,113643.0,l2,240.0,0.002111876666402682,49707.0,imp,merge_imp_sdist8_l2_ddr4_1x,37919564.0,38898645.0,0.010492,10492157007.0,,1.1085589020205873,,,stage1,,,,,,,0.011631,0.6876245019920318,55483.0,0.48822188784175,0.0,1958.0,14428.0,131361.0,0.0,0.0149054894527295,0.10983473024718143,352330221.2818288,3696704.0,0.03639826777328052,stage1: sdist8
14775421.0,merge,sdist8,,,,,,,,,,,,1.216069,,0.0,0.0,11127357.0,14393.450211,11514.57642,12775208997.0,887571.0,686256.0,0.018092,201315.0,0.07976476354627608,,,,,,,,,,,,,,,,,,,,,63.80198,101.0,6444.0,201542.0,71325.611891,76828.582614,1509178622.0,21159.0,6561.0,0.072432,14598.0,0.1049855613222058,9314.0,25943.0,24392.0,0.0,119801.0,0.0,108292.0,50335.0,1260.0,0.0,45775.0,227.0,51154.0,0.0,0.472371,0.777984,,,,,1615.0,3.873662,2.0,5057.0,5213393.0,20.205906,,,,,,,ddr4_2x,31182064.0,0.4723709969342149,,108292.0,l2,227.0,0.002096184390352011,51154.0,imp,merge_imp_sdist8_l2_ddr4_2x,37919492.0,38898570.0,0.010384,10383627312.0,,1.1264445300462251,,,stage1,,,,,,,0.011697,0.7073970102194627,50335.0,0.46480811140250433,0.0,1260.0,9314.0,119801.0,0.0,0.010517441423694294,0.07774559477800685,,,,stage1: sdist8
14567174.0,merge,sthr2,3332.0,52309.35,34817.35,445.930449,295.143268,449161470.0,744645172.0,295483701.0,19207.0,,,1.221227,,0.0,0.0,11017889.0,31078.45804,27562.351484,26983187467.0,868228.0,749901.0,0.01074,118327.0,0.0788016651828676,109046.0,45977.0,146779.0,0.0,870127.0,0.0,279785.0,192756.0,76282.0,0.0,30761.0,1813.0,49828.0,0.0,0.178094,0.296322,33635.0,58174.83,2133760.0,206364460.28820896,,0.0,0.0,205661.0,79465.270581,79132.270581,5766476825.0,72566.0,,0.352843,72566.0,0.35284278497138494,,,,,,,,,,,,,,,,,,,,,1778.0,4.819811,2.0,13452.0,5213391.0,29.013964,3.69,449167660.1600018,295483701.4168722,47.31,0.0,0.0,ddr4_1x,31050345.0,0.17809389352538557,,279785.0,l1d,1813.0,0.006479975695623425,49828.0,imp,merge_imp_sthr2_l1d_ddr4_1x,37919467.0,38898544.0,0.01034,10339764885.0,,1.124854932301741,,,stage1,,,,,,,0.011631,0.05427555617522243,192756.0,0.6889432957449471,0.0,76282.0,109046.0,870127.0,0.0,0.08766766230676672,0.12532193576340006,206364460.28820896,2133760.0,0.036973445898490886,stage1: sthr2
14565316.0,merge,sthr2,,,,,,,,,,,,1.221404,,0.0,0.0,11016417.0,29026.543946,26463.097395,25070922643.0,863724.0,744354.0,0.010836,119370.0,0.07840335019997881,119785.0,47016.0,136511.0,0.0,860395.0,0.0,269527.0,183527.0,78751.0,0.0,30777.0,1816.0,50174.0,0.0,0.186156,0.295935,,,,,,0.0,0.0,205648.0,74362.674734,74029.674734,5398432735.0,72596.0,,0.353011,72596.0,0.3530109702015094,,,,,,,,,,,,,,,,,,,,,1782.0,4.585981,2.0,11685.0,5213400.0,27.293312,,,,,,,ddr4_2x,31045904.0,0.1861557469196036,,269527.0,l1d,1816.0,0.006737729429704631,50174.0,imp,merge_imp_sthr2_l1d_ddr4_2x,37919564.0,38898645.0,0.010338,10338286032.0,,1.1314567614625655,,,stage1,,,,,,,0.011697,0.054901093995172325,183527.0,0.6809225049809481,0.0,78751.0,119785.0,860395.0,0.0,0.09152889080015575,0.13922093921977696,,,,stage1: sthr2
14817465.0,merge,sthr2,3332.0,60066.68,42574.68,432.226913,285.442725,434725265.0,720510313.0,285785048.0,19207.0,,,1.184916,,0.0,0.0,11146048.0,20214.574391,15740.693059,18496355782.0,915001.0,713682.0,0.018062,201319.0,0.08209196658761922,,,,,,,,,,,,,,,,,,,,,243.0,1.0,243.0,201507.0,77579.70097,83036.486623,2400315948.0,30940.0,11504.0,0.096453,19436.0,0.15354305309492972,632.0,23491.0,28628.0,0.0,106144.0,0.0,105069.0,52119.0,234.0,0.0,15884.0,158.0,41296.0,0.0,0.393037,0.679971,52950.0,61105.19,3372864.0,316503967.47742915,1753.0,4.535138,2.0,9782.0,5213393.0,27.000171,3.72,434731270.6360157,285785047.65338314,47.38,0.0,0.0,ddr4_1x,32001876.0,0.3930369566665715,,105069.0,l2,158.0,0.0015037737106092187,41296.0,imp,merge_imp_sthr2_l2_ddr4_1x,37919489.0,38898567.0,0.010657,10656624708.0,,1.0913953270151076,,,stage1,,,,,,,0.011631,0.5716817099507171,52119.0,0.49604545584330295,0.0,234.0,632.0,106144.0,0.0,0.0022045523063008742,0.005954175459752789,316503967.47742915,3372864.0,0.03577509138407498,stage1: sthr2
14815039.0,merge,sthr2,,,,,,,,,,,,1.195806,,0.0,0.0,11144246.0,17005.146248,13825.499319,15490582897.0,910935.0,709615.0,0.018065,201320.0,0.08174038871719091,,,,,,,,,,,,,,,,,,,,,,0.0,0.0,201512.0,66144.135956,71013.179904,2011244742.0,30407.0,10980.0,0.096406,19427.0,0.1508942395490095,457.0,24421.0,25787.0,0.0,104032.0,0.0,103187.0,50208.0,197.0,0.0,15832.0,168.0,41838.0,0.0,0.405458,0.682902,,,,,1863.0,4.249044,2.0,6148.0,5213395.0,23.067792,,,,,,,ddr4_2x,31710470.0,0.405458051886381,,103187.0,l2,168.0,0.0016281120683807068,41838.0,imp,merge_imp_sthr2_l2_ddr4_2x,37919517.0,38898596.0,0.01056,10559586510.0,,1.1076704545454545,,,stage1,,,,,,,0.011697,0.5791127413661845,50208.0,0.4865729210074913,0.0,197.0,457.0,104032.0,0.0,0.001893648108274377,0.004392879114118732,,,,stage1: sthr2
14567606.0,merge,sthr8,3332.0,52810.66,35318.66,445.506423,294.785955,448617441.0,743805417.0,295187976.0,19207.0,,,1.220289,,0.0,0.0,11017964.0,31054.81905,27469.160074,27000829807.0,869457.0,750262.0,0.010818,119195.0,0.0789126738842131,109168.0,45505.0,145196.0,0.0,872609.0,0.0,276805.0,190701.0,78449.0,0.0,30727.0,1759.0,49732.0,0.0,0.179664,0.294399,33576.0,59070.01,2131072.0,205945674.56297845,,0.0,0.0,205606.0,79977.685637,79644.685637,5801101450.0,72534.0,,0.352782,72534.0,0.3527815336128323,,,,,,,,,,,,,,,,,,,,,1675.0,4.836074,2.0,13806.0,5213401.0,29.318186,3.73,448623626.1765164,295187975.5501013,47.21,0.0,0.0,ddr4_1x,31074290.0,0.17966438467513232,,276805.0,l1d,1759.0,0.006354653998302054,49732.0,imp,merge_imp_sthr8_l1d_ddr4_1x,37919573.0,38898655.0,0.010348,10347738570.0,,1.123985311171241,,,stage1,,,,,,,0.011631,0.05410421578152045,190701.0,0.6889362547641842,0.0,78449.0,109168.0,872609.0,0.0,0.08990166271491584,0.12510528770617768,205945674.56297845,2131072.0,0.03693175001805283,stage1: sthr8
14565404.0,merge,sthr8,,,,,,,,,,,,1.221416,,0.0,0.0,11016357.0,28869.957179,26357.783044,24954093927.0,864362.0,744960.0,0.010839,119402.0,0.07846169110169542,118366.0,46669.0,137208.0,0.0,862635.0,0.0,269808.0,183877.0,78735.0,0.0,30821.0,1777.0,50092.0,0.0,0.185658,0.295538,,,,,,0.0,0.0,205648.0,74033.121803,73700.121803,5371843318.0,72560.0,,0.352836,72560.0,0.3528359137944449,,,,,,,,,,,,,,,,,,,,,1830.0,4.578534,2.0,11483.0,5213391.0,27.193578,,,,,,,ddr4_2x,31045527.0,0.1856579493565795,,269808.0,l1d,1777.0,0.006586164976575936,50092.0,imp,merge_imp_sthr8_l1d_ddr4_2x,37919464.0,38898541.0,0.010338,10338160491.0,,1.1314567614625655,,,stage1,,,,,,,0.011697,0.0547780424165677,183877.0,0.6815105556543912,0.0,78735.0,118366.0,862635.0,0.0,0.09127267036463858,0.13721446498229262,,,,stage1: sthr8
14809597.0,merge,sthr8,3332.0,60387.05,42895.05,432.497591,285.613204,435021791.0,720983576.0,285961784.0,19207.0,,,1.185774,,0.0,0.0,11144231.0,20268.643711,15783.888011,18557240511.0,915564.0,714250.0,0.018064,201314.0,0.08215587060246687,,,,,,,,,,,,,,,,,,,,,,0.0,0.0,201565.0,77499.883102,82967.384198,2410556364.0,31104.0,11739.0,0.096073,19365.0,0.1543125046511051,654.0,23522.0,28970.0,0.0,106644.0,0.0,105510.0,52492.0,249.0,0.0,15792.0,147.0,41137.0,0.0,0.389887,0.679928,53018.0,61552.52,3377344.0,317153681.65334904,1784.0,4.54342,2.0,9738.0,5213395.0,27.317473,3.72,435027801.1179629,285961784.4412272,47.22,0.0,0.0,ddr4_1x,31978737.0,0.3898872144820396,,105510.0,l2,147.0,0.001393232868922377,41137.0,imp,merge_imp_sthr8_l2_ddr4_1x,37919517.0,38898596.0,0.010649,10648919421.0,,1.092215231477134,,,stage1,,,,,,,0.011631,0.5694411760634542,52492.0,0.49750734527532936,0.0,249.0,654.0,106644.0,0.0,0.002334871160121526,0.006132553167548104,317153681.65334904,3377344.0,0.03579859004435537,stage1: sthr8
14807028.0,merge,sthr8,,,,,,,,,,,,1.19679,,0.0,0.0,11142351.0,17129.100468,13909.567866,15605809563.0,911070.0,709755.0,0.018068,201315.0,0.08176640638945946,,,,,,,,,,,,,,,,,,,,,44.0,1.0,44.0,201568.0,66525.469765,70993.901702,2028627675.0,30494.0,11043.0,0.096498,19451.0,0.15128393395777107,614.0,24543.0,25541.0,0.0,104077.0,0.0,103023.0,50084.0,236.0,0.0,15903.0,147.0,41752.0,0.0,0.405269,0.682189,,,,,1707.0,4.25109,2.0,6130.0,5213400.0,23.042982,,,,,,,ddr4_2x,31684420.0,0.4052687264009008,,103023.0,l2,147.0,0.0014268658454908128,41752.0,imp,merge_imp_sthr8_l2_ddr4_2x,37919564.0,38898645.0,0.010551,10550911860.0,,1.1086152971282344,,,stage1,,,,,,,0.011697,0.5779143481992083,50084.0,0.48614387078613513,0.0,236.0,614.0,104077.0,0.0,0.0022675519086829943,0.005899478270895587,,,,stage1: sthr8
14567770.0,merge,thr1,3332.0,52781.32,35289.32,445.523008,294.862964,448726830.0,743936154.0,295209323.0,19207.0,,,1.220298,,0.0,0.0,11018157.0,31123.114623,27447.910017,27040135462.0,868812.0,749567.0,0.010823,119245.0,0.07885275187129753,107821.0,45789.0,146089.0,0.0,871193.0,0.0,277970.0,191878.0,77763.0,0.0,30691.0,1784.0,49805.0,0.0,0.179174,0.294617,33591.0,59028.92,2131392.0,205978547.99802947,,0.0,0.0,205645.0,79935.061819,79602.061819,5799368670.0,72551.0,,0.352797,72551.0,0.35279729631160495,,,,,,,,,,,,,,,,,,,,,1675.0,4.843629,2.0,13952.0,5213393.0,29.419579,3.72,448733015.474673,295209323.3626384,47.28,0.0,0.0,ddr4_1x,31073996.0,0.17917401158398388,,277970.0,l1d,1784.0,0.00641795877252941,49805.0,imp,merge_imp_thr1_l1d_ddr4_1x,37919492.0,38898570.0,0.010348,10347640668.0,,1.123985311171241,,,stage1,,,,,,,0.011631,0.05421737241962646,191878.0,0.690283124078138,0.0,77763.0,107821.0,871193.0,0.0,0.08926035907083735,0.12376247283896909,205978547.99802947,2131392.0,0.03693824142842946,stage1: thr1
14565256.0,merge,thr1,,,,,,,,,,,,1.221422,,0.0,0.0,11016300.0,29014.010072,26494.933625,25070193711.0,864072.0,744885.0,0.010819,119187.0,0.07843577244628415,119365.0,46871.0,137225.0,0.0,861465.0,0.0,270250.0,184096.0,78352.0,0.0,30799.0,1786.0,50094.0,0.0,0.185362,0.295922,,,,,,0.0,0.0,205657.0,74341.801607,74008.801607,5395579277.0,72578.0,,0.352908,72578.0,0.3529079972964694,,,,,,,,,,,,,,,,,,,,,1782.0,4.585229,2.0,11673.0,5213395.0,27.285691,,,,,,,ddr4_2x,31045410.0,0.18536170212765957,,270250.0,l1d,1786.0,0.006608695652173913,50094.0,imp,merge_imp_thr1_l1d_ddr4_2x,37919517.0,38898596.0,0.010338,10338121530.0,,1.1314567614625655,,,stage1,,,,,,,0.011697,0.05479748754602556,184096.0,0.6812062904717854,0.0,78352.0,119365.0,861465.0,0.0,0.09095204099992454,0.13856047546911365,,,,stage1: thr1
14817578.0,merge,thr1,3332.0,60014.97,42522.97,432.196813,285.4267,434695130.0,720452137.0,285757007.0,19207.0,,,1.184901,,0.0,0.0,11146230.0,20213.7484,15739.796542,18495761710.0,915009.0,713690.0,0.018062,201319.0,0.08209134388936887,,,,,,,,,,,,,,,,,,,,,243.0,1.0,243.0,201508.0,77564.218154,83002.425015,2400302295.0,30946.0,11502.0,0.096492,19444.0,0.15357206661770254,632.0,23500.0,28621.0,0.0,106134.0,0.0,105059.0,52121.0,234.0,0.0,15822.0,149.0,41293.0,0.0,0.393046,0.679866,52938.0,61047.53,3372352.0,316451472.40807384,1753.0,4.533773,2.0,9774.0,5213398.0,26.95839,3.69,434701135.3939538,285757006.8153449,47.38,0.0,0.0,ddr4_1x,32002326.0,0.39304581235305874,,105059.0,l2,149.0,0.0014182506972272723,41293.0,imp,merge_imp_thr1_l2_ddr4_1x,37919539.0,38898619.0,0.010657,10656774558.0,,1.0913953270151076,,,stage1,,,,,,,0.011631,0.5716164398731987,52121.0,0.496111708658944,0.0,234.0,632.0,106134.0,0.0,0.002204760020351631,0.0059547364652232085,316451472.40807384,3372352.0,0.03577220280402442,stage1: thr1
14815039.0,merge,thr1,,,,,,,,,,,,1.196311,,0.0,0.0,11144438.0,17046.934213,13848.301824,15531785653.0,911119.0,709800.0,0.018065,201319.0,0.0817554909453487,,,,,,,,,,,,,,,,,,,,,,0.0,0.0,201512.0,66427.007713,71069.112609,2015328987.0,30339.0,10829.0,0.096818,19510.0,0.1505567906625908,514.0,24804.0,25157.0,0.0,103723.0,0.0,102852.0,49961.0,190.0,0.0,15777.0,160.0,41906.0,0.0,0.40744,0.68233,,,,,1822.0,4.269946,2.0,6210.0,5213398.0,23.732016,,,,,,,ddr4_2x,31697089.0,0.4074398164352662,,102852.0,l2,160.0,0.0015556333372224167,41906.0,imp,merge_imp_thr1_l2_ddr4_2x,37919539.0,38898619.0,0.010555,10555130637.0,,1.1081951681667457,,,stage1,,,,,,,0.011697,0.5800539829746003,49961.0,0.48575623225605724,0.0,190.0,514.0,103723.0,0.0,0.001831802011125787,0.004955506493256076,,,,stage1: thr1
14567770.0,merge,thr3,3332.0,52781.32,35289.32,445.523008,294.862964,448726830.0,743936154.0,295209323.0,19207.0,,,1.220298,,0.0,0.0,11018157.0,31123.114623,27447.910017,27040135462.0,868812.0,749567.0,0.010823,119245.0,0.07885275187129753,107821.0,45789.0,146089.0,0.0,871193.0,0.0,277970.0,191878.0,77763.0,0.0,30691.0,1784.0,49805.0,0.0,0.179174,0.294617,33591.0,59028.92,2131392.0,205978547.99802947,,0.0,0.0,205645.0,79935.061819,79602.061819,5799368670.0,72551.0,,0.352797,72551.0,0.35279729631160495,,,,,,,,,,,,,,,,,,,,,1675.0,4.843629,2.0,13952.0,5213393.0,29.419579,3.72,448733015.474673,295209323.3626384,47.28,0.0,0.0,ddr4_1x,31073996.0,0.17917401158398388,,277970.0,l1d,1784.0,0.00641795877252941,49805.0,imp,merge_imp_thr3_l1d_ddr4_1x,37919492.0,38898570.0,0.010348,10347640668.0,,1.123985311171241,,,stage1,,,,,,,0.011631,0.05421737241962646,191878.0,0.690283124078138,0.0,77763.0,107821.0,871193.0,0.0,0.08926035907083735,0.12376247283896909,205978547.99802947,2131392.0,0.03693824142842946,stage1: thr3
14565256.0,merge,thr3,,,,,,,,,,,,1.221422,,0.0,0.0,11016300.0,29014.010072,26494.933625,25070193711.0,864072.0,744885.0,0.010819,119187.0,0.07843577244628415,119365.0,46871.0,137225.0,0.0,861465.0,0.0,270250.0,184096.0,78352.0,0.0,30799.0,1786.0,50094.0,0.0,0.185362,0.295922,,,,,,0.0,0.0,205657.0,74341.801607,74008.801607,5395579277.0,72578.0,,0.352908,72578.0,0.3529079972964694,,,,,,,,,,,,,,,,,,,,,1782.0,4.585229,2.0,11673.0,5213395.0,27.285691,,,,,,,ddr4_2x,31045410.0,0.18536170212765957,,270250.0,l1d,1786.0,0.006608695652173913,50094.0,imp,merge_imp_thr3_l1d_ddr4_2x,37919517.0,38898596.0,0.010338,10338121530.0,,1.1314567614625655,,,stage1,,,,,,,0.011697,0.05479748754602556,184096.0,0.6812062904717854,0.0,78352.0,119365.0,861465.0,0.0,0.09095204099992454,0.13856047546911365,,,,stage1: thr3
14817578.0,merge,thr3,3332.0,60014.97,42522.97,432.196813,285.4267,434695130.0,720452137.0,285757007.0,19207.0,,,1.184901,,0.0,0.0,11146230.0,20213.7484,15739.796542,18495761710.0,915009.0,713690.0,0.018062,201319.0,0.08209134388936887,,,,,,,,,,,,,,,,,,,,,243.0,1.0,243.0,201508.0,77564.218154,83002.425015,2400302295.0,30946.0,11502.0,0.096492,19444.0,0.15357206661770254,632.0,23500.0,28621.0,0.0,106134.0,0.0,105059.0,52121.0,234.0,0.0,15822.0,149.0,41293.0,0.0,0.393046,0.679866,52938.0,61047.53,3372352.0,316451472.40807384,1753.0,4.533773,2.0,9774.0,5213398.0,26.95839,3.69,434701135.3939538,285757006.8153449,47.38,0.0,0.0,ddr4_1x,32002326.0,0.39304581235305874,,105059.0,l2,149.0,0.0014182506972272723,41293.0,imp,merge_imp_thr3_l2_ddr4_1x,37919539.0,38898619.0,0.010657,10656774558.0,,1.0913953270151076,,,stage1,,,,,,,0.011631,0.5716164398731987,52121.0,0.496111708658944,0.0,234.0,632.0,106134.0,0.0,0.002204760020351631,0.0059547364652232085,316451472.40807384,3372352.0,0.03577220280402442,stage1: thr3
14815039.0,merge,thr3,,,,,,,,,,,,1.196311,,0.0,0.0,11144438.0,17046.934213,13848.301824,15531785653.0,911119.0,709800.0,0.018065,201319.0,0.0817554909453487,,,,,,,,,,,,,,,,,,,,,,0.0,0.0,201512.0,66427.007713,71069.112609,2015328987.0,30339.0,10829.0,0.096818,19510.0,0.1505567906625908,514.0,24804.0,25157.0,0.0,103723.0,0.0,102852.0,49961.0,190.0,0.0,15777.0,160.0,41906.0,0.0,0.40744,0.68233,,,,,1822.0,4.269946,2.0,6210.0,5213398.0,23.732016,,,,,,,ddr4_2x,31697089.0,0.4074398164352662,,102852.0,l2,160.0,0.0015556333372224167,41906.0,imp,merge_imp_thr3_l2_ddr4_2x,37919539.0,38898619.0,0.010555,10555130637.0,,1.1081951681667457,,,stage1,,,,,,,0.011697,0.5800539829746003,49961.0,0.48575623225605724,0.0,190.0,514.0,103723.0,0.0,0.001831802011125787,0.004955506493256076,,,,stage1: thr3
14567770.0,merge,thr4,3332.0,52781.32,35289.32,445.523008,294.862964,448726830.0,743936154.0,295209323.0,19207.0,,,1.220298,,0.0,0.0,11018157.0,31123.114623,27447.910017,27040135462.0,868812.0,749567.0,0.010823,119245.0,0.07885275187129753,107821.0,45789.0,146089.0,0.0,871193.0,0.0,277970.0,191878.0,77763.0,0.0,30691.0,1784.0,49805.0,0.0,0.179174,0.294617,33591.0,59028.92,2131392.0,205978547.99802947,,0.0,0.0,205645.0,79935.061819,79602.061819,5799368670.0,72551.0,,0.352797,72551.0,0.35279729631160495,,,,,,,,,,,,,,,,,,,,,1675.0,4.843629,2.0,13952.0,5213393.0,29.419579,3.72,448733015.474673,295209323.3626384,47.28,0.0,0.0,ddr4_1x,31073996.0,0.17917401158398388,,277970.0,l1d,1784.0,0.00641795877252941,49805.0,imp,merge_imp_thr4_l1d_ddr4_1x,37919492.0,38898570.0,0.010348,10347640668.0,,1.123985311171241,,,stage1,,,,,,,0.011631,0.05421737241962646,191878.0,0.690283124078138,0.0,77763.0,107821.0,871193.0,0.0,0.08926035907083735,0.12376247283896909,205978547.99802947,2131392.0,0.03693824142842946,stage1: thr4
14565256.0,merge,thr4,,,,,,,,,,,,1.221422,,0.0,0.0,11016300.0,29014.010072,26494.933625,25070193711.0,864072.0,744885.0,0.010819,119187.0,0.07843577244628415,119365.0,46871.0,137225.0,0.0,861465.0,0.0,270250.0,184096.0,78352.0,0.0,30799.0,1786.0,50094.0,0.0,0.185362,0.295922,,,,,,0.0,0.0,205657.0,74341.801607,74008.801607,5395579277.0,72578.0,,0.352908,72578.0,0.3529079972964694,,,,,,,,,,,,,,,,,,,,,1782.0,4.585229,2.0,11673.0,5213395.0,27.285691,,,,,,,ddr4_2x,31045410.0,0.18536170212765957,,270250.0,l1d,1786.0,0.006608695652173913,50094.0,imp,merge_imp_thr4_l1d_ddr4_2x,37919517.0,38898596.0,0.010338,10338121530.0,,1.1314567614625655,,,stage1,,,,,,,0.011697,0.05479748754602556,184096.0,0.6812062904717854,0.0,78352.0,119365.0,861465.0,0.0,0.09095204099992454,0.13856047546911365,,,,stage1: thr4
14817578.0,merge,thr4,3332.0,60014.97,42522.97,432.196813,285.4267,434695130.0,720452137.0,285757007.0,19207.0,,,1.184901,,0.0,0.0,11146230.0,20213.7484,15739.796542,18495761710.0,915009.0,713690.0,0.018062,201319.0,0.08209134388936887,,,,,,,,,,,,,,,,,,,,,243.0,1.0,243.0,201508.0,77564.218154,83002.425015,2400302295.0,30946.0,11502.0,0.096492,19444.0,0.15357206661770254,632.0,23500.0,28621.0,0.0,106134.0,0.0,105059.0,52121.0,234.0,0.0,15822.0,149.0,41293.0,0.0,0.393046,0.679866,52938.0,61047.53,3372352.0,316451472.40807384,1753.0,4.533773,2.0,9774.0,5213398.0,26.95839,3.69,434701135.3939538,285757006.8153449,47.38,0.0,0.0,ddr4_1x,32002326.0,0.39304581235305874,,105059.0,l2,149.0,0.0014182506972272723,41293.0,imp,merge_imp_thr4_l2_ddr4_1x,37919539.0,38898619.0,0.010657,10656774558.0,,1.0913953270151076,,,stage1,,,,,,,0.011631,0.5716164398731987,52121.0,0.496111708658944,0.0,234.0,632.0,106134.0,0.0,0.002204760020351631,0.0059547364652232085,316451472.40807384,3372352.0,0.03577220280402442,stage1: thr4
14815039.0,merge,thr4,,,,,,,,,,,,1.196311,,0.0,0.0,11144438.0,17046.934213,13848.301824,15531785653.0,911119.0,709800.0,0.018065,201319.0,0.0817554909453487,,,,,,,,,,,,,,,,,,,,,,0.0,0.0,201512.0,66427.007713,71069.112609,2015328987.0,30339.0,10829.0,0.096818,19510.0,0.1505567906625908,514.0,24804.0,25157.0,0.0,103723.0,0.0,102852.0,49961.0,190.0,0.0,15777.0,160.0,41906.0,0.0,0.40744,0.68233,,,,,1822.0,4.269946,2.0,6210.0,5213398.0,23.732016,,,,,,,ddr4_2x,31697089.0,0.4074398164352662,,102852.0,l2,160.0,0.0015556333372224167,41906.0,imp,merge_imp_thr4_l2_ddr4_2x,37919539.0,38898619.0,0.010555,10555130637.0,,1.1081951681667457,,,stage1,,,,,,,0.011697,0.5800539829746003,49961.0,0.48575623225605724,0.0,190.0,514.0,103723.0,0.0,0.001831802011125787,0.004955506493256076,,,,stage1: thr4
14421131.0,quick,addrlen16,3332.0,38996.52,21504.52,207.506947,164.14229,207506947.0,372100497.0,164593550.0,19207.0,,,0.925381,,0.0,0.0,9196508.0,31258.103576,22030.258216,3709586700.0,118676.0,91900.0,0.002912,26776.0,0.012904463302810153,919.0,39477.0,84293.0,0.0,445426.0,0.0,180571.0,123770.0,6883.0,0.0,13494.0,492.0,54939.0,0.0,0.304252,0.672325,19677.0,42468.36,1259264.0,143209635.0421298,,0.0,0.0,83811.0,66495.533287,66162.533287,1895787654.0,28510.0,,0.34017,28510.0,0.3401701447304053,,,,,,,,,,,,,,,,,,,,,1772.0,3.337277,2.0,1373.0,4368783.0,17.438204,3.02,207514225.69049412,164593549.84970134,59.37,0.0,0.0,ddr4_1x,26405860.0,0.30425151325517386,,180571.0,l1d,492.0,0.0027246900111313555,54939.0,imp,quick_imp_addrlen16_l1d_ddr4_1x,24424718.0,24707897.0,0.008793,8793151380.0,,1.1066757648129193,,,stage1,,,,,,,0.009731,0.3164415517092417,123770.0,0.685436753410016,0.0,6883.0,919.0,445426.0,0.0,0.015452622882364299,0.002063193437293737,143209635.0421298,1259264.0,0.01847569568963924,stage1: addrlen16
14419132.0,quick,addrlen16,,,,,,,,,,,,0.930495,,0.0,0.0,9195236.0,28690.088587,20370.713705,3342911742.0,116518.0,89717.0,0.002915,26801.0,0.012671561665192715,855.0,39025.0,82599.0,0.0,436743.0,0.0,178412.0,121624.0,6628.0,0.0,13461.0,504.0,54981.0,0.0,0.308169,0.672287,,,,,,0.0,0.0,83822.0,57705.301354,57372.301354,1645062731.0,28508.0,,0.340102,28508.0,0.3401016439598196,,,,,,,,,,,,,,,,,,,,,1500.0,3.229278,2.0,666.0,4368783.0,15.665452,,,,,,,ddr4_2x,26260734.0,0.3081687330448625,,178412.0,l1d,504.0,0.002824922090442347,54981.0,imp,quick_imp_addrlen16_l1d_ddr4_2x,24424718.0,24707897.0,0.008745,8744824422.0,,1.1057747284162378,,,stage1,,,,,,,0.00967,0.3205907906168549,121624.0,0.6817030244602381,0.0,6628.0,855.0,436743.0,0.0,0.015175973055091897,0.0019576730479939,,,,stage1: addrlen16
14726912.0,quick,addrlen16,3332.0,39221.32,21729.32,201.646769,159.553633,201646769.0,361582295.0,159935527.0,19207.0,,,0.899153,,0.0,0.0,9238310.0,16810.719518,11648.339113,4329348651.0,257535.0,174946.0,0.00894,82589.0,0.027876851935040067,,,,,,,,,,,,,,,,,,,,,,0.0,0.0,82822.0,69873.665414,69855.9158,650523825.0,9310.0,82.0,0.11142,9228.0,0.11240974620269976,0.0,10690.0,867.0,0.0,30845.0,0.0,30844.0,11557.0,0.0,0.0,4995.0,29.0,19182.0,0.0,0.621904,0.675185,19285.0,37552.48,1234240.0,136385435.8888675,1609.0,3.571318,2.0,1174.0,4368783.0,18.539496,2.96,201653840.75370327,159935526.71126464,54.85,0.0,0.0,ddr4_1x,27176116.0,0.621903773829594,,30844.0,l2,29.0,0.0009402152768771884,19182.0,imp,quick_imp_addrlen16_l2_ddr4_1x,24424718.0,24707897.0,0.00905,9049646628.0,,1.0752486187845303,,,stage1,,,,,,,0.009731,0.6732416116804717,11557.0,0.3746919984437816,0.0,0.0,0.0,30845.0,0.0,0.0,0.0,136385435.8888675,1234240.0,0.01795344134996241,stage1: addrlen16
14726587.0,quick,addrlen16,,,,,,,,,,,,0.907968,,0.0,0.0,9237977.0,14341.384791,10364.373998,3685319991.0,256971.0,174385.0,0.00894,82586.0,0.027816804480028472,,,,,,,,,,,,,,,,,,,,,,0.0,0.0,82825.0,58499.275518,58423.176515,545037750.0,9317.0,94.0,0.111355,9223.0,0.11249019015997586,0.0,10696.0,848.0,0.0,30842.0,0.0,30841.0,11544.0,0.0,0.0,5006.0,27.0,19180.0,0.0,0.621899,0.675281,,,,,1334.0,3.364988,2.0,649.0,4368783.0,15.701005,,,,,,,ddr4_2x,26912276.0,0.6218994196037742,,30841.0,l2,27.0,0.0008754579942284621,19180.0,imp,quick_imp_addrlen16_l2_ddr4_2x,24424723.0,24707902.0,0.008962,8961787908.0,,1.0790002231644722,,,stage1,,,,,,,0.00967,0.6730533038565463,11544.0,0.3743069290879025,0.0,0.0,0.0,30842.0,0.0,0.0,0.0,,,,stage1: addrlen16
14421131.0,quick,addrlen2,3332.0,38996.52,21504.52,207.506947,164.14229,207506947.0,372100497.0,164593550.0,19207.0,,,0.925381,,0.0,0.0,9196508.0,31258.103576,22030.258216,3709586700.0,118676.0,91900.0,0.002912,26776.0,0.012904463302810153,919.0,39477.0,84293.0,0.0,445426.0,0.0,180571.0,123770.0,6883.0,0.0,13494.0,492.0,54939.0,0.0,0.304252,0.672325,19677.0,42468.36,1259264.0,143209635.0421298,,0.0,0.0,83811.0,66495.533287,66162.533287,1895787654.0,28510.0,,0.34017,28510.0,0.3401701447304053,,,,,,,,,,,,,,,,,,,,,1772.0,3.337277,2.0,1373.0,4368783.0,17.438204,3.02,207514225.69049412,164593549.84970134,59.37,0.0,0.0,ddr4_1x,26405860.0,0.30425151325517386,,180571.0,l1d,492.0,0.0027246900111313555,54939.0,imp,quick_imp_addrlen2_l1d_ddr4_1x,24424718.0,24707897.0,0.008793,8793151380.0,,1.1066757648129193,,,stage1,,,,,,,0.009731,0.3164415517092417,123770.0,0.685436753410016,0.0,6883.0,919.0,445426.0,0.0,0.015452622882364299,0.002063193437293737,143209635.0421298,1259264.0,0.01847569568963924,stage1: addrlen2
14419132.0,quick,addrlen2,,,,,,,,,,,,0.930495,,0.0,0.0,9195236.0,28690.088587,20370.713705,3342911742.0,116518.0,89717.0,0.002915,26801.0,0.012671561665192715,855.0,39025.0,82599.0,0.0,436743.0,0.0,178412.0,121624.0,6628.0,0.0,13461.0,504.0,54981.0,0.0,0.308169,0.672287,,,,,,0.0,0.0,83822.0,57705.301354,57372.301354,1645062731.0,28508.0,,0.340102,28508.0,0.3401016439598196,,,,,,,,,,,,,,,,,,,,,1500.0,3.229278,2.0,666.0,4368783.0,15.665452,,,,,,,ddr4_2x,26260734.0,0.3081687330448625,,178412.0,l1d,504.0,0.002824922090442347,54981.0,imp,quick_imp_addrlen2_l1d_ddr4_2x,24424718.0,24707897.0,0.008745,8744824422.0,,1.1057747284162378,,,stage1,,,,,,,0.00967,0.3205907906168549,121624.0,0.6817030244602381,0.0,6628.0,855.0,436743.0,0.0,0.015175973055091897,0.0019576730479939,,,,stage1: addrlen2
14726912.0,quick,addrlen2,3332.0,39221.32,21729.32,201.646769,159.553633,201646769.0,361582295.0,159935527.0,19207.0,,,0.899153,,0.0,0.0,9238310.0,16810.719518,11648.339113,4329348651.0,257535.0,174946.0,0.00894,82589.0,0.027876851935040067,,,,,,,,,,,,,,,,,,,,,,0.0,0.0,82822.0,69873.665414,69855.9158,650523825.0,9310.0,82.0,0.11142,9228.0,0.11240974620269976,0.0,10690.0,867.0,0.0,30845.0,0.0,30844.0,11557.0,0.0,0.0,4995.0,29.0,19182.0,0.0,0.621904,0.675185,19285.0,37552.48,1234240.0,136385435.8888675,1609.0,3.571318,2.0,1174.0,4368783.0,18.539496,2.96,201653840.75370327,159935526.71126464,54.85,0.0,0.0,ddr4_1x,27176116.0,0.621903773829594,,30844.0,l2,29.0,0.0009402152768771884,19182.0,imp,quick_imp_addrlen2_l2_ddr4_1x,24424718.0,24707897.0,0.00905,9049646628.0,,1.0752486187845303,,,stage1,,,,,,,0.009731,0.6732416116804717,11557.0,0.3746919984437816,0.0,0.0,0.0,30845.0,0.0,0.0,0.0,136385435.8888675,1234240.0,0.01795344134996241,stage1: addrlen2
14726587.0,quick,addrlen2,,,,,,,,,,,,0.907968,,0.0,0.0,9237977.0,14341.384791,10364.373998,3685319991.0,256971.0,174385.0,0.00894,82586.0,0.027816804480028472,,,,,,,,,,,,,,,,,,,,,,0.0,0.0,82825.0,58499.275518,58423.176515,545037750.0,9317.0,94.0,0.111355,9223.0,0.11249019015997586,0.0,10696.0,848.0,0.0,30842.0,0.0,30841.0,11544.0,0.0,0.0,5006.0,27.0,19180.0,0.0,0.621899,0.675281,,,,,1334.0,3.364988,2.0,649.0,4368783.0,15.701005,,,,,,,ddr4_2x,26912276.0,0.6218994196037742,,30841.0,l2,27.0,0.0008754579942284621,19180.0,imp,quick_imp_addrlen2_l2_ddr4_2x,24424723.0,24707902.0,0.008962,8961787908.0,,1.0790002231644722,,,stage1,,,,,,,0.00967,0.6730533038565463,11544.0,0.3743069290879025,0.0,0.0,0.0,30842.0,0.0,0.0,0.0,,,,stage1: addrlen2
14421131.0,quick,addrlen8,3332.0,38996.52,21504.52,207.506947,164.14229,207506947.0,372100497.0,164593550.0,19207.0,,,0.925381,,0.0,0.0,9196508.0,31258.103576,22030.258216,3709586700.0,118676.0,91900.0,0.002912,26776.0,0.012904463302810153,919.0,39477.0,84293.0,0.0,445426.0,0.0,180571.0,123770.0,6883.0,0.0,13494.0,492.0,54939.0,0.0,0.304252,0.672325,19677.0,42468.36,1259264.0,143209635.0421298,,0.0,0.0,83811.0,66495.533287,66162.533287,1895787654.0,28510.0,,0.34017,28510.0,0.3401701447304053,,,,,,,,,,,,,,,,,,,,,1772.0,3.337277,2.0,1373.0,4368783.0,17.438204,3.02,207514225.69049412,164593549.84970134,59.37,0.0,0.0,ddr4_1x,26405860.0,0.30425151325517386,,180571.0,l1d,492.0,0.0027246900111313555,54939.0,imp,quick_imp_addrlen8_l1d_ddr4_1x,24424718.0,24707897.0,0.008793,8793151380.0,,1.1066757648129193,,,stage1,,,,,,,0.009731,0.3164415517092417,123770.0,0.685436753410016,0.0,6883.0,919.0,445426.0,0.0,0.015452622882364299,0.002063193437293737,143209635.0421298,1259264.0,0.01847569568963924,stage1: addrlen8
14419132.0,quick,addrlen8,,,,,,,,,,,,0.930495,,0.0,0.0,9195236.0,28690.088587,20370.713705,3342911742.0,116518.0,89717.0,0.002915,26801.0,0.012671561665192715,855.0,39025.0,82599.0,0.0,436743.0,0.0,178412.0,121624.0,6628.0,0.0,13461.0,504.0,54981.0,0.0,0.308169,0.672287,,,,,,0.0,0.0,83822.0,57705.301354,57372.301354,1645062731.0,28508.0,,0.340102,28508.0,0.3401016439598196,,,,,,,,,,,,,,,,,,,,,1500.0,3.229278,2.0,666.0,4368783.0,15.665452,,,,,,,ddr4_2x,26260734.0,0.3081687330448625,,178412.0,l1d,504.0,0.002824922090442347,54981.0,imp,quick_imp_addrlen8_l1d_ddr4_2x,24424718.0,24707897.0,0.008745,8744824422.0,,1.1057747284162378,,,stage1,,,,,,,0.00967,0.3205907906168549,121624.0,0.6817030244602381,0.0,6628.0,855.0,436743.0,0.0,0.015175973055091897,0.0019576730479939,,,,stage1: addrlen8
14726912.0,quick,addrlen8,3332.0,39221.32,21729.32,201.646769,159.553633,201646769.0,361582295.0,159935527.0,19207.0,,,0.899153,,0.0,0.0,9238310.0,16810.719518,11648.339113,4329348651.0,257535.0,174946.0,0.00894,82589.0,0.027876851935040067,,,,,,,,,,,,,,,,,,,,,,0.0,0.0,82822.0,69873.665414,69855.9158,650523825.0,9310.0,82.0,0.11142,9228.0,0.11240974620269976,0.0,10690.0,867.0,0.0,30845.0,0.0,30844.0,11557.0,0.0,0.0,4995.0,29.0,19182.0,0.0,0.621904,0.675185,19285.0,37552.48,1234240.0,136385435.8888675,1609.0,3.571318,2.0,1174.0,4368783.0,18.539496,2.96,201653840.75370327,159935526.71126464,54.85,0.0,0.0,ddr4_1x,27176116.0,0.621903773829594,,30844.0,l2,29.0,0.0009402152768771884,19182.0,imp,quick_imp_addrlen8_l2_ddr4_1x,24424718.0,24707897.0,0.00905,9049646628.0,,1.0752486187845303,,,stage1,,,,,,,0.009731,0.6732416116804717,11557.0,0.3746919984437816,0.0,0.0,0.0,30845.0,0.0,0.0,0.0,136385435.8888675,1234240.0,0.01795344134996241,stage1: addrlen8
14726587.0,quick,addrlen8,,,,,,,,,,,,0.907968,,0.0,0.0,9237977.0,14341.384791,10364.373998,3685319991.0,256971.0,174385.0,0.00894,82586.0,0.027816804480028472,,,,,,,,,,,,,,,,,,,,,,0.0,0.0,82825.0,58499.275518,58423.176515,545037750.0,9317.0,94.0,0.111355,9223.0,0.11249019015997586,0.0,10696.0,848.0,0.0,30842.0,0.0,30841.0,11544.0,0.0,0.0,5006.0,27.0,19180.0,0.0,0.621899,0.675281,,,,,1334.0,3.364988,2.0,649.0,4368783.0,15.701005,,,,,,,ddr4_2x,26912276.0,0.6218994196037742,,30841.0,l2,27.0,0.0008754579942284621,19180.0,imp,quick_imp_addrlen8_l2_ddr4_2x,24424723.0,24707902.0,0.008962,8961787908.0,,1.0790002231644722,,,stage1,,,,,,,0.00967,0.6730533038565463,11544.0,0.3743069290879025,0.0,0.0,0.0,30842.0,0.0,0.0,0.0,,,,stage1: addrlen8
14421131.0,quick,default,3332.0,38996.52,21504.52,207.506947,164.14229,207506947.0,372100497.0,164593550.0,19207.0,,,0.925381,,0.0,0.0,9196508.0,31258.103576,22030.258216,3709586700.0,118676.0,91900.0,0.002912,26776.0,0.012904463302810153,919.0,39477.0,84293.0,0.0,445426.0,0.0,180571.0,123770.0,6883.0,0.0,13494.0,492.0,54939.0,0.0,0.304252,0.672325,19677.0,42468.36,1259264.0,143209635.0421298,,0.0,0.0,83811.0,66495.533287,66162.533287,1895787654.0,28510.0,,0.34017,28510.0,0.3401701447304053,,,,,,,,,,,,,,,,,,,,,1772.0,3.337277,2.0,1373.0,4368783.0,17.438204,3.02,207514225.69049412,164593549.84970134,59.37,0.0,0.0,ddr4_1x,26405860.0,0.30425151325517386,,180571.0,l1d,492.0,0.0027246900111313555,54939.0,imp,quick_imp_default_l1d_ddr4_1x,24424718.0,24707897.0,0.008793,8793151380.0,,1.1066757648129193,,,stage1,,,,,,,0.009731,0.3164415517092417,123770.0,0.685436753410016,0.0,6883.0,919.0,445426.0,0.0,0.015452622882364299,0.002063193437293737,143209635.0421298,1259264.0,0.01847569568963924,IMP default
14419132.0,quick,default,,,,,,,,,,,,0.930495,,0.0,0.0,9195236.0,28690.088587,20370.713705,3342911742.0,116518.0,89717.0,0.002915,26801.0,0.012671561665192715,855.0,39025.0,82599.0,0.0,436743.0,0.0,178412.0,121624.0,6628.0,0.0,13461.0,504.0,54981.0,0.0,0.308169,0.672287,,,,,,0.0,0.0,83822.0,57705.301354,57372.301354,1645062731.0,28508.0,,0.340102,28508.0,0.3401016439598196,,,,,,,,,,,,,,,,,,,,,1500.0,3.229278,2.0,666.0,4368783.0,15.665452,,,,,,,ddr4_2x,26260734.0,0.3081687330448625,,178412.0,l1d,504.0,0.002824922090442347,54981.0,imp,quick_imp_default_l1d_ddr4_2x,24424718.0,24707897.0,0.008745,8744824422.0,,1.1057747284162378,,,stage1,,,,,,,0.00967,0.3205907906168549,121624.0,0.6817030244602381,0.0,6628.0,855.0,436743.0,0.0,0.015175973055091897,0.0019576730479939,,,,IMP default
14726912.0,quick,default,3332.0,39221.32,21729.32,201.646769,159.553633,201646769.0,361582295.0,159935527.0,19207.0,,,0.899153,,0.0,0.0,9238310.0,16810.719518,11648.339113,4329348651.0,257535.0,174946.0,0.00894,82589.0,0.027876851935040067,,,,,,,,,,,,,,,,,,,,,,0.0,0.0,82822.0,69873.665414,69855.9158,650523825.0,9310.0,82.0,0.11142,9228.0,0.11240974620269976,0.0,10690.0,867.0,0.0,30845.0,0.0,30844.0,11557.0,0.0,0.0,4995.0,29.0,19182.0,0.0,0.621904,0.675185,19285.0,37552.48,1234240.0,136385435.8888675,1609.0,3.571318,2.0,1174.0,4368783.0,18.539496,2.96,201653840.75370327,159935526.71126464,54.85,0.0,0.0,ddr4_1x,27176116.0,0.621903773829594,,30844.0,l2,29.0,0.0009402152768771884,19182.0,imp,quick_imp_default_l2_ddr4_1x,24424718.0,24707897.0,0.00905,9049646628.0,,1.0752486187845303,,,stage1,,,,,,,0.009731,0.6732416116804717,11557.0,0.3746919984437816,0.0,0.0,0.0,30845.0,0.0,0.0,0.0,136385435.8888675,1234240.0,0.01795344134996241,IMP default
14726587.0,quick,default,,,,,,,,,,,,0.907968,,0.0,0.0,9237977.0,14341.384791,10364.373998,3685319991.0,256971.0,174385.0,0.00894,82586.0,0.027816804480028472,,,,,,,,,,,,,,,,,,,,,,0.0,0.0,82825.0,58499.275518,58423.176515,545037750.0,9317.0,94.0,0.111355,9223.0,0.11249019015997586,0.0,10696.0,848.0,0.0,30842.0,0.0,30841.0,11544.0,0.0,0.0,5006.0,27.0,19180.0,0.0,0.621899,0.675281,,,,,1334.0,3.364988,2.0,649.0,4368783.0,15.701005,,,,,,,ddr4_2x,26912276.0,0.6218994196037742,,30841.0,l2,27.0,0.0008754579942284621,19180.0,imp,quick_imp_default_l2_ddr4_2x,24424723.0,24707902.0,0.008962,8961787908.0,,1.0790002231644722,,,stage1,,,,,,,0.00967,0.6730533038565463,11544.0,0.3743069290879025,0.0,0.0,0.0,30842.0,0.0,0.0,0.0,,,,IMP default
14421131.0,quick,dist32,3332.0,38996.52,21504.52,207.506947,164.14229,207506947.0,372100497.0,164593550.0,19207.0,,,0.925381,,0.0,0.0,9196508.0,31258.103576,22030.258216,3709586700.0,118676.0,91900.0,0.002912,26776.0,0.012904463302810153,919.0,39477.0,84293.0,0.0,445426.0,0.0,180571.0,123770.0,6883.0,0.0,13494.0,492.0,54939.0,0.0,0.304252,0.672325,19677.0,42468.36,1259264.0,143209635.0421298,,0.0,0.0,83811.0,66495.533287,66162.533287,1895787654.0,28510.0,,0.34017,28510.0,0.3401701447304053,,,,,,,,,,,,,,,,,,,,,1772.0,3.337277,2.0,1373.0,4368783.0,17.438204,3.02,207514225.69049412,164593549.84970134,59.37,0.0,0.0,ddr4_1x,26405860.0,0.30425151325517386,,180571.0,l1d,492.0,0.0027246900111313555,54939.0,imp,quick_imp_dist32_l1d_ddr4_1x,24424718.0,24707897.0,0.008793,8793151380.0,,1.1066757648129193,,,stage1,,,,,,,0.009731,0.3164415517092417,123770.0,0.685436753410016,0.0,6883.0,919.0,445426.0,0.0,0.015452622882364299,0.002063193437293737,143209635.0421298,1259264.0,0.01847569568963924,stage1: dist32
14419132.0,quick,dist32,,,,,,,,,,,,0.930495,,0.0,0.0,9195236.0,28690.088587,20370.713705,3342911742.0,116518.0,89717.0,0.002915,26801.0,0.012671561665192715,855.0,39025.0,82599.0,0.0,436743.0,0.0,178412.0,121624.0,6628.0,0.0,13461.0,504.0,54981.0,0.0,0.308169,0.672287,,,,,,0.0,0.0,83822.0,57705.301354,57372.301354,1645062731.0,28508.0,,0.340102,28508.0,0.3401016439598196,,,,,,,,,,,,,,,,,,,,,1500.0,3.229278,2.0,666.0,4368783.0,15.665452,,,,,,,ddr4_2x,26260734.0,0.3081687330448625,,178412.0,l1d,504.0,0.002824922090442347,54981.0,imp,quick_imp_dist32_l1d_ddr4_2x,24424718.0,24707897.0,0.008745,8744824422.0,,1.1057747284162378,,,stage1,,,,,,,0.00967,0.3205907906168549,121624.0,0.6817030244602381,0.0,6628.0,855.0,436743.0,0.0,0.015175973055091897,0.0019576730479939,,,,stage1: dist32
14726912.0,quick,dist32,3332.0,39221.32,21729.32,201.646769,159.553633,201646769.0,361582295.0,159935527.0,19207.0,,,0.899153,,0.0,0.0,9238310.0,16810.719518,11648.339113,4329348651.0,257535.0,174946.0,0.00894,82589.0,0.027876851935040067,,,,,,,,,,,,,,,,,,,,,,0.0,0.0,82822.0,69873.665414,69855.9158,650523825.0,9310.0,82.0,0.11142,9228.0,0.11240974620269976,0.0,10690.0,867.0,0.0,30845.0,0.0,30844.0,11557.0,0.0,0.0,4995.0,29.0,19182.0,0.0,0.621904,0.675185,19285.0,37552.48,1234240.0,136385435.8888675,1609.0,3.571318,2.0,1174.0,4368783.0,18.539496,2.96,201653840.75370327,159935526.71126464,54.85,0.0,0.0,ddr4_1x,27176116.0,0.621903773829594,,30844.0,l2,29.0,0.0009402152768771884,19182.0,imp,quick_imp_dist32_l2_ddr4_1x,24424718.0,24707897.0,0.00905,9049646628.0,,1.0752486187845303,,,stage1,,,,,,,0.009731,0.6732416116804717,11557.0,0.3746919984437816,0.0,0.0,0.0,30845.0,0.0,0.0,0.0,136385435.8888675,1234240.0,0.01795344134996241,stage1: dist32
14726587.0,quick,dist32,,,,,,,,,,,,0.907968,,0.0,0.0,9237977.0,14341.384791,10364.373998,3685319991.0,256971.0,174385.0,0.00894,82586.0,0.027816804480028472,,,,,,,,,,,,,,,,,,,,,,0.0,0.0,82825.0,58499.275518,58423.176515,545037750.0,9317.0,94.0,0.111355,9223.0,0.11249019015997586,0.0,10696.0,848.0,0.0,30842.0,0.0,30841.0,11544.0,0.0,0.0,5006.0,27.0,19180.0,0.0,0.621899,0.675281,,,,,1334.0,3.364988,2.0,649.0,4368783.0,15.701005,,,,,,,ddr4_2x,26912276.0,0.6218994196037742,,30841.0,l2,27.0,0.0008754579942284621,19180.0,imp,quick_imp_dist32_l2_ddr4_2x,24424723.0,24707902.0,0.008962,8961787908.0,,1.0790002231644722,,,stage1,,,,,,,0.00967,0.6730533038565463,11544.0,0.3743069290879025,0.0,0.0,0.0,30842.0,0.0,0.0,0.0,,,,stage1: dist32
14421131.0,quick,dist4,3332.0,38996.52,21504.52,207.506947,164.14229,207506947.0,372100497.0,164593550.0,19207.0,,,0.925381,,0.0,0.0,9196508.0,31258.103576,22030.258216,3709586700.0,118676.0,91900.0,0.002912,26776.0,0.012904463302810153,919.0,39477.0,84293.0,0.0,445426.0,0.0,180571.0,123770.0,6883.0,0.0,13494.0,492.0,54939.0,0.0,0.304252,0.672325,19677.0,42468.36,1259264.0,143209635.0421298,,0.0,0.0,83811.0,66495.533287,66162.533287,1895787654.0,28510.0,,0.34017,28510.0,0.3401701447304053,,,,,,,,,,,,,,,,,,,,,1772.0,3.337277,2.0,1373.0,4368783.0,17.438204,3.02,207514225.69049412,164593549.84970134,59.37,0.0,0.0,ddr4_1x,26405860.0,0.30425151325517386,,180571.0,l1d,492.0,0.0027246900111313555,54939.0,imp,quick_imp_dist4_l1d_ddr4_1x,24424718.0,24707897.0,0.008793,8793151380.0,,1.1066757648129193,,,stage1,,,,,,,0.009731,0.3164415517092417,123770.0,0.685436753410016,0.0,6883.0,919.0,445426.0,0.0,0.015452622882364299,0.002063193437293737,143209635.0421298,1259264.0,0.01847569568963924,stage1: dist4
14419132.0,quick,dist4,,,,,,,,,,,,0.930495,,0.0,0.0,9195236.0,28690.088587,20370.713705,3342911742.0,116518.0,89717.0,0.002915,26801.0,0.012671561665192715,855.0,39025.0,82599.0,0.0,436743.0,0.0,178412.0,121624.0,6628.0,0.0,13461.0,504.0,54981.0,0.0,0.308169,0.672287,,,,,,0.0,0.0,83822.0,57705.301354,57372.301354,1645062731.0,28508.0,,0.340102,28508.0,0.3401016439598196,,,,,,,,,,,,,,,,,,,,,1500.0,3.229278,2.0,666.0,4368783.0,15.665452,,,,,,,ddr4_2x,26260734.0,0.3081687330448625,,178412.0,l1d,504.0,0.002824922090442347,54981.0,imp,quick_imp_dist4_l1d_ddr4_2x,24424718.0,24707897.0,0.008745,8744824422.0,,1.1057747284162378,,,stage1,,,,,,,0.00967,0.3205907906168549,121624.0,0.6817030244602381,0.0,6628.0,855.0,436743.0,0.0,0.015175973055091897,0.0019576730479939,,,,stage1: dist4
14726912.0,quick,dist4,3332.0,39221.32,21729.32,201.646769,159.553633,201646769.0,361582295.0,159935527.0,19207.0,,,0.899153,,0.0,0.0,9238310.0,16810.719518,11648.339113,4329348651.0,257535.0,174946.0,0.00894,82589.0,0.027876851935040067,,,,,,,,,,,,,,,,,,,,,,0.0,0.0,82822.0,69873.665414,69855.9158,650523825.0,9310.0,82.0,0.11142,9228.0,0.11240974620269976,0.0,10690.0,867.0,0.0,30845.0,0.0,30844.0,11557.0,0.0,0.0,4995.0,29.0,19182.0,0.0,0.621904,0.675185,19285.0,37552.48,1234240.0,136385435.8888675,1609.0,3.571318,2.0,1174.0,4368783.0,18.539496,2.96,201653840.75370327,159935526.71126464,54.85,0.0,0.0,ddr4_1x,27176116.0,0.621903773829594,,30844.0,l2,29.0,0.0009402152768771884,19182.0,imp,quick_imp_dist4_l2_ddr4_1x,24424718.0,24707897.0,0.00905,9049646628.0,,1.0752486187845303,,,stage1,,,,,,,0.009731,0.6732416116804717,11557.0,0.3746919984437816,0.0,0.0,0.0,30845.0,0.0,0.0,0.0,136385435.8888675,1234240.0,0.01795344134996241,stage1: dist4
14726587.0,quick,dist4,,,,,,,,,,,,0.907968,,0.0,0.0,9237977.0,14341.384791,10364.373998,3685319991.0,256971.0,174385.0,0.00894,82586.0,0.027816804480028472,,,,,,,,,,,,,,,,,,,,,,0.0,0.0,82825.0,58499.275518,58423.176515,545037750.0,9317.0,94.0,0.111355,9223.0,0.11249019015997586,0.0,10696.0,848.0,0.0,30842.0,0.0,30841.0,11544.0,0.0,0.0,5006.0,27.0,19180.0,0.0,0.621899,0.675281,,,,,1334.0,3.364988,2.0,649.0,4368783.0,15.701005,,,,,,,ddr4_2x,26912276.0,0.6218994196037742,,30841.0,l2,27.0,0.0008754579942284621,19180.0,imp,quick_imp_dist4_l2_ddr4_2x,24424723.0,24707902.0,0.008962,8961787908.0,,1.0790002231644722,,,stage1,,,,,,,0.00967,0.6730533038565463,11544.0,0.3743069290879025,0.0,0.0,0.0,30842.0,0.0,0.0,0.0,,,,stage1: dist4
14421131.0,quick,dist64,3332.0,38996.52,21504.52,207.506947,164.14229,207506947.0,372100497.0,164593550.0,19207.0,,,0.925381,,0.0,0.0,9196508.0,31258.103576,22030.258216,3709586700.0,118676.0,91900.0,0.002912,26776.0,0.012904463302810153,919.0,39477.0,84293.0,0.0,445426.0,0.0,180571.0,123770.0,6883.0,0.0,13494.0,492.0,54939.0,0.0,0.304252,0.672325,19677.0,42468.36,1259264.0,143209635.0421298,,0.0,0.0,83811.0,66495.533287,66162.533287,1895787654.0,28510.0,,0.34017,28510.0,0.3401701447304053,,,,,,,,,,,,,,,,,,,,,1772.0,3.337277,2.0,1373.0,4368783.0,17.438204,3.02,207514225.69049412,164593549.84970134,59.37,0.0,0.0,ddr4_1x,26405860.0,0.30425151325517386,,180571.0,l1d,492.0,0.0027246900111313555,54939.0,imp,quick_imp_dist64_l1d_ddr4_1x,24424718.0,24707897.0,0.008793,8793151380.0,,1.1066757648129193,,,stage1,,,,,,,0.009731,0.3164415517092417,123770.0,0.685436753410016,0.0,6883.0,919.0,445426.0,0.0,0.015452622882364299,0.002063193437293737,143209635.0421298,1259264.0,0.01847569568963924,stage1: dist64
14419132.0,quick,dist64,,,,,,,,,,,,0.930495,,0.0,0.0,9195236.0,28690.088587,20370.713705,3342911742.0,116518.0,89717.0,0.002915,26801.0,0.012671561665192715,855.0,39025.0,82599.0,0.0,436743.0,0.0,178412.0,121624.0,6628.0,0.0,13461.0,504.0,54981.0,0.0,0.308169,0.672287,,,,,,0.0,0.0,83822.0,57705.301354,57372.301354,1645062731.0,28508.0,,0.340102,28508.0,0.3401016439598196,,,,,,,,,,,,,,,,,,,,,1500.0,3.229278,2.0,666.0,4368783.0,15.665452,,,,,,,ddr4_2x,26260734.0,0.3081687330448625,,178412.0,l1d,504.0,0.002824922090442347,54981.0,imp,quick_imp_dist64_l1d_ddr4_2x,24424718.0,24707897.0,0.008745,8744824422.0,,1.1057747284162378,,,stage1,,,,,,,0.00967,0.3205907906168549,121624.0,0.6817030244602381,0.0,6628.0,855.0,436743.0,0.0,0.015175973055091897,0.0019576730479939,,,,stage1: dist64
14726912.0,quick,dist64,3332.0,39221.32,21729.32,201.646769,159.553633,201646769.0,361582295.0,159935527.0,19207.0,,,0.899153,,0.0,0.0,9238310.0,16810.719518,11648.339113,4329348651.0,257535.0,174946.0,0.00894,82589.0,0.027876851935040067,,,,,,,,,,,,,,,,,,,,,,0.0,0.0,82822.0,69873.665414,69855.9158,650523825.0,9310.0,82.0,0.11142,9228.0,0.11240974620269976,0.0,10690.0,867.0,0.0,30845.0,0.0,30844.0,11557.0,0.0,0.0,4995.0,29.0,19182.0,0.0,0.621904,0.675185,19285.0,37552.48,1234240.0,136385435.8888675,1609.0,3.571318,2.0,1174.0,4368783.0,18.539496,2.96,201653840.75370327,159935526.71126464,54.85,0.0,0.0,ddr4_1x,27176116.0,0.621903773829594,,30844.0,l2,29.0,0.0009402152768771884,19182.0,imp,quick_imp_dist64_l2_ddr4_1x,24424718.0,24707897.0,0.00905,9049646628.0,,1.0752486187845303,,,stage1,,,,,,,0.009731,0.6732416116804717,11557.0,0.3746919984437816,0.0,0.0,0.0,30845.0,0.0,0.0,0.0,136385435.8888675,1234240.0,0.01795344134996241,stage1: dist64
14726587.0,quick,dist64,,,,,,,,,,,,0.907968,,0.0,0.0,9237977.0,14341.384791,10364.373998,3685319991.0,256971.0,174385.0,0.00894,82586.0,0.027816804480028472,,,,,,,,,,,,,,,,,,,,,,0.0,0.0,82825.0,58499.275518,58423.176515,545037750.0,9317.0,94.0,0.111355,9223.0,0.11249019015997586,0.0,10696.0,848.0,0.0,30842.0,0.0,30841.0,11544.0,0.0,0.0,5006.0,27.0,19180.0,0.0,0.621899,0.675281,,,,,1334.0,3.364988,2.0,649.0,4368783.0,15.701005,,,,,,,ddr4_2x,26912276.0,0.6218994196037742,,30841.0,l2,27.0,0.0008754579942284621,19180.0,imp,quick_imp_dist64_l2_ddr4_2x,24424723.0,24707902.0,0.008962,8961787908.0,,1.0790002231644722,,,stage1,,,,,,,0.00967,0.6730533038565463,11544.0,0.3743069290879025,0.0,0.0,0.0,30842.0,0.0,0.0,0.0,,,,stage1: dist64
14421131.0,quick,dist8,3332.0,38996.52,21504.52,207.506947,164.14229,207506947.0,372100497.0,164593550.0,19207.0,,,0.925381,,0.0,0.0,9196508.0,31258.103576,22030.258216,3709586700.0,118676.0,91900.0,0.002912,26776.0,0.012904463302810153,919.0,39477.0,84293.0,0.0,445426.0,0.0,180571.0,123770.0,6883.0,0.0,13494.0,492.0,54939.0,0.0,0.304252,0.672325,19677.0,42468.36,1259264.0,143209635.0421298,,0.0,0.0,83811.0,66495.533287,66162.533287,1895787654.0,28510.0,,0.34017,28510.0,0.3401701447304053,,,,,,,,,,,,,,,,,,,,,1772.0,3.337277,2.0,1373.0,4368783.0,17.438204,3.02,207514225.69049412,164593549.84970134,59.37,0.0,0.0,ddr4_1x,26405860.0,0.30425151325517386,,180571.0,l1d,492.0,0.0027246900111313555,54939.0,imp,quick_imp_dist8_l1d_ddr4_1x,24424718.0,24707897.0,0.008793,8793151380.0,,1.1066757648129193,,,stage1,,,,,,,0.009731,0.3164415517092417,123770.0,0.685436753410016,0.0,6883.0,919.0,445426.0,0.0,0.015452622882364299,0.002063193437293737,143209635.0421298,1259264.0,0.01847569568963924,stage1: dist8
14419132.0,quick,dist8,,,,,,,,,,,,0.930495,,0.0,0.0,9195236.0,28690.088587,20370.713705,3342911742.0,116518.0,89717.0,0.002915,26801.0,0.012671561665192715,855.0,39025.0,82599.0,0.0,436743.0,0.0,178412.0,121624.0,6628.0,0.0,13461.0,504.0,54981.0,0.0,0.308169,0.672287,,,,,,0.0,0.0,83822.0,57705.301354,57372.301354,1645062731.0,28508.0,,0.340102,28508.0,0.3401016439598196,,,,,,,,,,,,,,,,,,,,,1500.0,3.229278,2.0,666.0,4368783.0,15.665452,,,,,,,ddr4_2x,26260734.0,0.3081687330448625,,178412.0,l1d,504.0,0.002824922090442347,54981.0,imp,quick_imp_dist8_l1d_ddr4_2x,24424718.0,24707897.0,0.008745,8744824422.0,,1.1057747284162378,,,stage1,,,,,,,0.00967,0.3205907906168549,121624.0,0.6817030244602381,0.0,6628.0,855.0,436743.0,0.0,0.015175973055091897,0.0019576730479939,,,,stage1: dist8
14726912.0,quick,dist8,3332.0,39221.32,21729.32,201.646769,159.553633,201646769.0,361582295.0,159935527.0,19207.0,,,0.899153,,0.0,0.0,9238310.0,16810.719518,11648.339113,4329348651.0,257535.0,174946.0,0.00894,82589.0,0.027876851935040067,,,,,,,,,,,,,,,,,,,,,,0.0,0.0,82822.0,69873.665414,69855.9158,650523825.0,9310.0,82.0,0.11142,9228.0,0.11240974620269976,0.0,10690.0,867.0,0.0,30845.0,0.0,30844.0,11557.0,0.0,0.0,4995.0,29.0,19182.0,0.0,0.621904,0.675185,19285.0,37552.48,1234240.0,136385435.8888675,1609.0,3.571318,2.0,1174.0,4368783.0,18.539496,2.96,201653840.75370327,159935526.71126464,54.85,0.0,0.0,ddr4_1x,27176116.0,0.621903773829594,,30844.0,l2,29.0,0.0009402152768771884,19182.0,imp,quick_imp_dist8_l2_ddr4_1x,24424718.0,24707897.0,0.00905,9049646628.0,,1.0752486187845303,,,stage1,,,,,,,0.009731,0.6732416116804717,11557.0,0.3746919984437816,0.0,0.0,0.0,30845.0,0.0,0.0,0.0,136385435.8888675,1234240.0,0.01795344134996241,stage1: dist8
14726587.0,quick,dist8,,,,,,,,,,,,0.907968,,0.0,0.0,9237977.0,14341.384791,10364.373998,3685319991.0,256971.0,174385.0,0.00894,82586.0,0.027816804480028472,,,,,,,,,,,,,,,,,,,,,,0.0,0.0,82825.0,58499.275518,58423.176515,545037750.0,9317.0,94.0,0.111355,9223.0,0.11249019015997586,0.0,10696.0,848.0,0.0,30842.0,0.0,30841.0,11544.0,0.0,0.0,5006.0,27.0,19180.0,0.0,0.621899,0.675281,,,,,1334.0,3.364988,2.0,649.0,4368783.0,15.701005,,,,,,,ddr4_2x,26912276.0,0.6218994196037742,,30841.0,l2,27.0,0.0008754579942284621,19180.0,imp,quick_imp_dist8_l2_ddr4_2x,24424723.0,24707902.0,0.008962,8961787908.0,,1.0790002231644722,,,stage1,,,,,,,0.00967,0.6730533038565463,11544.0,0.3743069290879025,0.0,0.0,0.0,30842.0,0.0,0.0,0.0,,,,stage1: dist8
14421131.0,quick,ipd16,3332.0,38996.52,21504.52,207.506947,164.14229,207506947.0,372100497.0,164593550.0,19207.0,,,0.925381,,0.0,0.0,9196508.0,31258.103576,22030.258216,3709586700.0,118676.0,91900.0,0.002912,26776.0,0.012904463302810153,919.0,39477.0,84293.0,0.0,445426.0,0.0,180571.0,123770.0,6883.0,0.0,13494.0,492.0,54939.0,0.0,0.304252,0.672325,19677.0,42468.36,1259264.0,143209635.0421298,,0.0,0.0,83811.0,66495.533287,66162.533287,1895787654.0,28510.0,,0.34017,28510.0,0.3401701447304053,,,,,,,,,,,,,,,,,,,,,1772.0,3.337277,2.0,1373.0,4368783.0,17.438204,3.02,207514225.69049412,164593549.84970134,59.37,0.0,0.0,ddr4_1x,26405860.0,0.30425151325517386,,180571.0,l1d,492.0,0.0027246900111313555,54939.0,imp,quick_imp_ipd16_l1d_ddr4_1x,24424718.0,24707897.0,0.008793,8793151380.0,,1.1066757648129193,,,stage1,,,,,,,0.009731,0.3164415517092417,123770.0,0.685436753410016,0.0,6883.0,919.0,445426.0,0.0,0.015452622882364299,0.002063193437293737,143209635.0421298,1259264.0,0.01847569568963924,stage1: ipd16
14419132.0,quick,ipd16,,,,,,,,,,,,0.930495,,0.0,0.0,9195236.0,28690.088587,20370.713705,3342911742.0,116518.0,89717.0,0.002915,26801.0,0.012671561665192715,855.0,39025.0,82599.0,0.0,436743.0,0.0,178412.0,121624.0,6628.0,0.0,13461.0,504.0,54981.0,0.0,0.308169,0.672287,,,,,,0.0,0.0,83822.0,57705.301354,57372.301354,1645062731.0,28508.0,,0.340102,28508.0,0.3401016439598196,,,,,,,,,,,,,,,,,,,,,1500.0,3.229278,2.0,666.0,4368783.0,15.665452,,,,,,,ddr4_2x,26260734.0,0.3081687330448625,,178412.0,l1d,504.0,0.002824922090442347,54981.0,imp,quick_imp_ipd16_l1d_ddr4_2x,24424718.0,24707897.0,0.008745,8744824422.0,,1.1057747284162378,,,stage1,,,,,,,0.00967,0.3205907906168549,121624.0,0.6817030244602381,0.0,6628.0,855.0,436743.0,0.0,0.015175973055091897,0.0019576730479939,,,,stage1: ipd16
14726912.0,quick,ipd16,3332.0,39221.32,21729.32,201.646769,159.553633,201646769.0,361582295.0,159935527.0,19207.0,,,0.899153,,0.0,0.0,9238310.0,16810.719518,11648.339113,4329348651.0,257535.0,174946.0,0.00894,82589.0,0.027876851935040067,,,,,,,,,,,,,,,,,,,,,,0.0,0.0,82822.0,69873.665414,69855.9158,650523825.0,9310.0,82.0,0.11142,9228.0,0.11240974620269976,0.0,10690.0,867.0,0.0,30845.0,0.0,30844.0,11557.0,0.0,0.0,4995.0,29.0,19182.0,0.0,0.621904,0.675185,19285.0,37552.48,1234240.0,136385435.8888675,1609.0,3.571318,2.0,1174.0,4368783.0,18.539496,2.96,201653840.75370327,159935526.71126464,54.85,0.0,0.0,ddr4_1x,27176116.0,0.621903773829594,,30844.0,l2,29.0,0.0009402152768771884,19182.0,imp,quick_imp_ipd16_l2_ddr4_1x,24424718.0,24707897.0,0.00905,9049646628.0,,1.0752486187845303,,,stage1,,,,,,,0.009731,0.6732416116804717,11557.0,0.3746919984437816,0.0,0.0,0.0,30845.0,0.0,0.0,0.0,136385435.8888675,1234240.0,0.01795344134996241,stage1: ipd16
14726587.0,quick,ipd16,,,,,,,,,,,,0.907968,,0.0,0.0,9237977.0,14341.384791,10364.373998,3685319991.0,256971.0,174385.0,0.00894,82586.0,0.027816804480028472,,,,,,,,,,,,,,,,,,,,,,0.0,0.0,82825.0,58499.275518,58423.176515,545037750.0,9317.0,94.0,0.111355,9223.0,0.11249019015997586,0.0,10696.0,848.0,0.0,30842.0,0.0,30841.0,11544.0,0.0,0.0,5006.0,27.0,19180.0,0.0,0.621899,0.675281,,,,,1334.0,3.364988,2.0,649.0,4368783.0,15.701005,,,,,,,ddr4_2x,26912276.0,0.6218994196037742,,30841.0,l2,27.0,0.0008754579942284621,19180.0,imp,quick_imp_ipd16_l2_ddr4_2x,24424723.0,24707902.0,0.008962,8961787908.0,,1.0790002231644722,,,stage1,,,,,,,0.00967,0.6730533038565463,11544.0,0.3743069290879025,0.0,0.0,0.0,30842.0,0.0,0.0,0.0,,,,stage1: ipd16
14421131.0,quick,ipd2,3332.0,38996.52,21504.52,207.506947,164.14229,207506947.0,372100497.0,164593550.0,19207.0,,,0.925381,,0.0,0.0,9196508.0,31258.103576,22030.258216,3709586700.0,118676.0,91900.0,0.002912,26776.0,0.012904463302810153,919.0,39477.0,84293.0,0.0,445426.0,0.0,180571.0,123770.0,6883.0,0.0,13494.0,492.0,54939.0,0.0,0.304252,0.672325,19677.0,42468.36,1259264.0,143209635.0421298,,0.0,0.0,83811.0,66495.533287,66162.533287,1895787654.0,28510.0,,0.34017,28510.0,0.3401701447304053,,,,,,,,,,,,,,,,,,,,,1772.0,3.337277,2.0,1373.0,4368783.0,17.438204,3.02,207514225.69049412,164593549.84970134,59.37,0.0,0.0,ddr4_1x,26405860.0,0.30425151325517386,,180571.0,l1d,492.0,0.0027246900111313555,54939.0,imp,quick_imp_ipd2_l1d_ddr4_1x,24424718.0,24707897.0,0.008793,8793151380.0,,1.1066757648129193,,,stage1,,,,,,,0.009731,0.3164415517092417,123770.0,0.685436753410016,0.0,6883.0,919.0,445426.0,0.0,0.015452622882364299,0.002063193437293737,143209635.0421298,1259264.0,0.01847569568963924,stage1: ipd2
14419132.0,quick,ipd2,,,,,,,,,,,,0.930495,,0.0,0.0,9195236.0,28690.088587,20370.713705,3342911742.0,116518.0,89717.0,0.002915,26801.0,0.012671561665192715,855.0,39025.0,82599.0,0.0,436743.0,0.0,178412.0,121624.0,6628.0,0.0,13461.0,504.0,54981.0,0.0,0.308169,0.672287,,,,,,0.0,0.0,83822.0,57705.301354,57372.301354,1645062731.0,28508.0,,0.340102,28508.0,0.3401016439598196,,,,,,,,,,,,,,,,,,,,,1500.0,3.229278,2.0,666.0,4368783.0,15.665452,,,,,,,ddr4_2x,26260734.0,0.3081687330448625,,178412.0,l1d,504.0,0.002824922090442347,54981.0,imp,quick_imp_ipd2_l1d_ddr4_2x,24424718.0,24707897.0,0.008745,8744824422.0,,1.1057747284162378,,,stage1,,,,,,,0.00967,0.3205907906168549,121624.0,0.6817030244602381,0.0,6628.0,855.0,436743.0,0.0,0.015175973055091897,0.0019576730479939,,,,stage1: ipd2
14726912.0,quick,ipd2,3332.0,39221.32,21729.32,201.646769,159.553633,201646769.0,361582295.0,159935527.0,19207.0,,,0.899153,,0.0,0.0,9238310.0,16810.719518,11648.339113,4329348651.0,257535.0,174946.0,0.00894,82589.0,0.027876851935040067,,,,,,,,,,,,,,,,,,,,,,0.0,0.0,82822.0,69873.665414,69855.9158,650523825.0,9310.0,82.0,0.11142,9228.0,0.11240974620269976,0.0,10690.0,867.0,0.0,30845.0,0.0,30844.0,11557.0,0.0,0.0,4995.0,29.0,19182.0,0.0,0.621904,0.675185,19285.0,37552.48,1234240.0,136385435.8888675,1609.0,3.571318,2.0,1174.0,4368783.0,18.539496,2.96,201653840.75370327,159935526.71126464,54.85,0.0,0.0,ddr4_1x,27176116.0,0.621903773829594,,30844.0,l2,29.0,0.0009402152768771884,19182.0,imp,quick_imp_ipd2_l2_ddr4_1x,24424718.0,24707897.0,0.00905,9049646628.0,,1.0752486187845303,,,stage1,,,,,,,0.009731,0.6732416116804717,11557.0,0.3746919984437816,0.0,0.0,0.0,30845.0,0.0,0.0,0.0,136385435.8888675,1234240.0,0.01795344134996241,stage1: ipd2
14726587.0,quick,ipd2,,,,,,,,,,,,0.907968,,0.0,0.0,9237977.0,14341.384791,10364.373998,3685319991.0,256971.0,174385.0,0.00894,82586.0,0.027816804480028472,,,,,,,,,,,,,,,,,,,,,,0.0,0.0,82825.0,58499.275518,58423.176515,545037750.0,9317.0,94.0,0.111355,9223.0,0.11249019015997586,0.0,10696.0,848.0,0.0,30842.0,0.0,30841.0,11544.0,0.0,0.0,5006.0,27.0,19180.0,0.0,0.621899,0.675281,,,,,1334.0,3.364988,2.0,649.0,4368783.0,15.701005,,,,,,,ddr4_2x,26912276.0,0.6218994196037742,,30841.0,l2,27.0,0.0008754579942284621,19180.0,imp,quick_imp_ipd2_l2_ddr4_2x,24424723.0,24707902.0,0.008962,8961787908.0,,1.0790002231644722,,,stage1,,,,,,,0.00967,0.6730533038565463,11544.0,0.3743069290879025,0.0,0.0,0.0,30842.0,0.0,0.0,0.0,,,,stage1: ipd2
14421131.0,quick,ipd8,3332.0,38996.52,21504.52,207.506947,164.14229,207506947.0,372100497.0,164593550.0,19207.0,,,0.925381,,0.0,0.0,9196508.0,31258.103576,22030.258216,3709586700.0,118676.0,91900.0,0.002912,26776.0,0.012904463302810153,919.0,39477.0,84293.0,0.0,445426.0,0.0,180571.0,123770.0,6883.0,0.0,13494.0,492.0,54939.0,0.0,0.304252,0.672325,19677.0,42468.36,1259264.0,143209635.0421298,,0.0,0.0,83811.0,66495.533287,66162.533287,1895787654.0,28510.0,,0.34017,28510.0,0.3401701447304053,,,,,,,,,,,,,,,,,,,,,1772.0,3.337277,2.0,1373.0,4368783.0,17.438204,3.02,207514225.69049412,164593549.84970134,59.37,0.0,0.0,ddr4_1x,26405860.0,0.30425151325517386,,180571.0,l1d,492.0,0.0027246900111313555,54939.0,imp,quick_imp_ipd8_l1d_ddr4_1x,24424718.0,24707897.0,0.008793,8793151380.0,,1.1066757648129193,,,stage1,,,,,,,0.009731,0.3164415517092417,123770.0,0.685436753410016,0.0,6883.0,919.0,445426.0,0.0,0.015452622882364299,0.002063193437293737,143209635.0421298,1259264.0,0.01847569568963924,stage1: ipd8
14419132.0,quick,ipd8,,,,,,,,,,,,0.930495,,0.0,0.0,9195236.0,28690.088587,20370.713705,3342911742.0,116518.0,89717.0,0.002915,26801.0,0.012671561665192715,855.0,39025.0,82599.0,0.0,436743.0,0.0,178412.0,121624.0,6628.0,0.0,13461.0,504.0,54981.0,0.0,0.308169,0.672287,,,,,,0.0,0.0,83822.0,57705.301354,57372.301354,1645062731.0,28508.0,,0.340102,28508.0,0.3401016439598196,,,,,,,,,,,,,,,,,,,,,1500.0,3.229278,2.0,666.0,4368783.0,15.665452,,,,,,,ddr4_2x,26260734.0,0.3081687330448625,,178412.0,l1d,504.0,0.002824922090442347,54981.0,imp,quick_imp_ipd8_l1d_ddr4_2x,24424718.0,24707897.0,0.008745,8744824422.0,,1.1057747284162378,,,stage1,,,,,,,0.00967,0.3205907906168549,121624.0,0.6817030244602381,0.0,6628.0,855.0,436743.0,0.0,0.015175973055091897,0.0019576730479939,,,,stage1: ipd8
14726912.0,quick,ipd8,3332.0,39221.32,21729.32,201.646769,159.553633,201646769.0,361582295.0,159935527.0,19207.0,,,0.899153,,0.0,0.0,9238310.0,16810.719518,11648.339113,4329348651.0,257535.0,174946.0,0.00894,82589.0,0.027876851935040067,,,,,,,,,,,,,,,,,,,,,,0.0,0.0,82822.0,69873.665414,69855.9158,650523825.0,9310.0,82.0,0.11142,9228.0,0.11240974620269976,0.0,10690.0,867.0,0.0,30845.0,0.0,30844.0,11557.0,0.0,0.0,4995.0,29.0,19182.0,0.0,0.621904,0.675185,19285.0,37552.48,1234240.0,136385435.8888675,1609.0,3.571318,2.0,1174.0,4368783.0,18.539496,2.96,201653840.75370327,159935526.71126464,54.85,0.0,0.0,ddr4_1x,27176116.0,0.621903773829594,,30844.0,l2,29.0,0.0009402152768771884,19182.0,imp,quick_imp_ipd8_l2_ddr4_1x,24424718.0,24707897.0,0.00905,9049646628.0,,1.0752486187845303,,,stage1,,,,,,,0.009731,0.6732416116804717,11557.0,0.3746919984437816,0.0,0.0,0.0,30845.0,0.0,0.0,0.0,136385435.8888675,1234240.0,0.01795344134996241,stage1: ipd8
14726587.0,quick,ipd8,,,,,,,,,,,,0.907968,,0.0,0.0,9237977.0,14341.384791,10364.373998,3685319991.0,256971.0,174385.0,0.00894,82586.0,0.027816804480028472,,,,,,,,,,,,,,,,,,,,,,0.0,0.0,82825.0,58499.275518,58423.176515,545037750.0,9317.0,94.0,0.111355,9223.0,0.11249019015997586,0.0,10696.0,848.0,0.0,30842.0,0.0,30841.0,11544.0,0.0,0.0,5006.0,27.0,19180.0,0.0,0.621899,0.675281,,,,,1334.0,3.364988,2.0,649.0,4368783.0,15.701005,,,,,,,ddr4_2x,26912276.0,0.6218994196037742,,30841.0,l2,27.0,0.0008754579942284621,19180.0,imp,quick_imp_ipd8_l2_ddr4_2x,24424723.0,24707902.0,0.008962,8961787908.0,,1.0790002231644722,,,stage1,,,,,,,0.00967,0.6730533038565463,11544.0,0.3743069290879025,0.0,0.0,0.0,30842.0,0.0,0.0,0.0,,,,stage1: ipd8
14421131.0,quick,pt32,3332.0,38996.52,21504.52,207.506947,164.14229,207506947.0,372100497.0,164593550.0,19207.0,,,0.925381,,0.0,0.0,9196508.0,31258.103576,22030.258216,3709586700.0,118676.0,91900.0,0.002912,26776.0,0.012904463302810153,919.0,39477.0,84293.0,0.0,445426.0,0.0,180571.0,123770.0,6883.0,0.0,13494.0,492.0,54939.0,0.0,0.304252,0.672325,19677.0,42468.36,1259264.0,143209635.0421298,,0.0,0.0,83811.0,66495.533287,66162.533287,1895787654.0,28510.0,,0.34017,28510.0,0.3401701447304053,,,,,,,,,,,,,,,,,,,,,1772.0,3.337277,2.0,1373.0,4368783.0,17.438204,3.02,207514225.69049412,164593549.84970134,59.37,0.0,0.0,ddr4_1x,26405860.0,0.30425151325517386,,180571.0,l1d,492.0,0.0027246900111313555,54939.0,imp,quick_imp_pt32_l1d_ddr4_1x,24424718.0,24707897.0,0.008793,8793151380.0,,1.1066757648129193,,,stage1,,,,,,,0.009731,0.3164415517092417,123770.0,0.685436753410016,0.0,6883.0,919.0,445426.0,0.0,0.015452622882364299,0.002063193437293737,143209635.0421298,1259264.0,0.01847569568963924,stage1: pt32
14419132.0,quick,pt32,,,,,,,,,,,,0.930495,,0.0,0.0,9195236.0,28690.088587,20370.713705,3342911742.0,116518.0,89717.0,0.002915,26801.0,0.012671561665192715,855.0,39025.0,82599.0,0.0,436743.0,0.0,178412.0,121624.0,6628.0,0.0,13461.0,504.0,54981.0,0.0,0.308169,0.672287,,,,,,0.0,0.0,83822.0,57705.301354,57372.301354,1645062731.0,28508.0,,0.340102,28508.0,0.3401016439598196,,,,,,,,,,,,,,,,,,,,,1500.0,3.229278,2.0,666.0,4368783.0,15.665452,,,,,,,ddr4_2x,26260734.0,0.3081687330448625,,178412.0,l1d,504.0,0.002824922090442347,54981.0,imp,quick_imp_pt32_l1d_ddr4_2x,24424718.0,24707897.0,0.008745,8744824422.0,,1.1057747284162378,,,stage1,,,,,,,0.00967,0.3205907906168549,121624.0,0.6817030244602381,0.0,6628.0,855.0,436743.0,0.0,0.015175973055091897,0.0019576730479939,,,,stage1: pt32
14726912.0,quick,pt32,3332.0,39221.32,21729.32,201.646769,159.553633,201646769.0,361582295.0,159935527.0,19207.0,,,0.899153,,0.0,0.0,9238310.0,16810.719518,11648.339113,4329348651.0,257535.0,174946.0,0.00894,82589.0,0.027876851935040067,,,,,,,,,,,,,,,,,,,,,,0.0,0.0,82822.0,69873.665414,69855.9158,650523825.0,9310.0,82.0,0.11142,9228.0,0.11240974620269976,0.0,10690.0,867.0,0.0,30845.0,0.0,30844.0,11557.0,0.0,0.0,4995.0,29.0,19182.0,0.0,0.621904,0.675185,19285.0,37552.48,1234240.0,136385435.8888675,1609.0,3.571318,2.0,1174.0,4368783.0,18.539496,2.96,201653840.75370327,159935526.71126464,54.85,0.0,0.0,ddr4_1x,27176116.0,0.621903773829594,,30844.0,l2,29.0,0.0009402152768771884,19182.0,imp,quick_imp_pt32_l2_ddr4_1x,24424718.0,24707897.0,0.00905,9049646628.0,,1.0752486187845303,,,stage1,,,,,,,0.009731,0.6732416116804717,11557.0,0.3746919984437816,0.0,0.0,0.0,30845.0,0.0,0.0,0.0,136385435.8888675,1234240.0,0.01795344134996241,stage1: pt32
14726587.0,quick,pt32,,,,,,,,,,,,0.907968,,0.0,0.0,9237977.0,14341.384791,10364.373998,3685319991.0,256971.0,174385.0,0.00894,82586.0,0.027816804480028472,,,,,,,,,,,,,,,,,,,,,,0.0,0.0,82825.0,58499.275518,58423.176515,545037750.0,9317.0,94.0,0.111355,9223.0,0.11249019015997586,0.0,10696.0,848.0,0.0,30842.0,0.0,30841.0,11544.0,0.0,0.0,5006.0,27.0,19180.0,0.0,0.621899,0.675281,,,,,1334.0,3.364988,2.0,649.0,4368783.0,15.701005,,,,,,,ddr4_2x,26912276.0,0.6218994196037742,,30841.0,l2,27.0,0.0008754579942284621,19180.0,imp,quick_imp_pt32_l2_ddr4_2x,24424723.0,24707902.0,0.008962,8961787908.0,,1.0790002231644722,,,stage1,,,,,,,0.00967,0.6730533038565463,11544.0,0.3743069290879025,0.0,0.0,0.0,30842.0,0.0,0.0,0.0,,,,stage1: pt32
14421131.0,quick,pt64,3332.0,38996.52,21504.52,207.506947,164.14229,207506947.0,372100497.0,164593550.0,19207.0,,,0.925381,,0.0,0.0,9196508.0,31258.103576,22030.258216,3709586700.0,118676.0,91900.0,0.002912,26776.0,0.012904463302810153,919.0,39477.0,84293.0,0.0,445426.0,0.0,180571.0,123770.0,6883.0,0.0,13494.0,492.0,54939.0,0.0,0.304252,0.672325,19677.0,42468.36,1259264.0,143209635.0421298,,0.0,0.0,83811.0,66495.533287,66162.533287,1895787654.0,28510.0,,0.34017,28510.0,0.3401701447304053,,,,,,,,,,,,,,,,,,,,,1772.0,3.337277,2.0,1373.0,4368783.0,17.438204,3.02,207514225.69049412,164593549.84970134,59.37,0.0,0.0,ddr4_1x,26405860.0,0.30425151325517386,,180571.0,l1d,492.0,0.0027246900111313555,54939.0,imp,quick_imp_pt64_l1d_ddr4_1x,24424718.0,24707897.0,0.008793,8793151380.0,,1.1066757648129193,,,stage1,,,,,,,0.009731,0.3164415517092417,123770.0,0.685436753410016,0.0,6883.0,919.0,445426.0,0.0,0.015452622882364299,0.002063193437293737,143209635.0421298,1259264.0,0.01847569568963924,stage1: pt64
14419132.0,quick,pt64,,,,,,,,,,,,0.930495,,0.0,0.0,9195236.0,28690.088587,20370.713705,3342911742.0,116518.0,89717.0,0.002915,26801.0,0.012671561665192715,855.0,39025.0,82599.0,0.0,436743.0,0.0,178412.0,121624.0,6628.0,0.0,13461.0,504.0,54981.0,0.0,0.308169,0.672287,,,,,,0.0,0.0,83822.0,57705.301354,57372.301354,1645062731.0,28508.0,,0.340102,28508.0,0.3401016439598196,,,,,,,,,,,,,,,,,,,,,1500.0,3.229278,2.0,666.0,4368783.0,15.665452,,,,,,,ddr4_2x,26260734.0,0.3081687330448625,,178412.0,l1d,504.0,0.002824922090442347,54981.0,imp,quick_imp_pt64_l1d_ddr4_2x,24424718.0,24707897.0,0.008745,8744824422.0,,1.1057747284162378,,,stage1,,,,,,,0.00967,0.3205907906168549,121624.0,0.6817030244602381,0.0,6628.0,855.0,436743.0,0.0,0.015175973055091897,0.0019576730479939,,,,stage1: pt64
14726912.0,quick,pt64,3332.0,39221.32,21729.32,201.646769,159.553633,201646769.0,361582295.0,159935527.0,19207.0,,,0.899153,,0.0,0.0,9238310.0,16810.719518,11648.339113,4329348651.0,257535.0,174946.0,0.00894,82589.0,0.027876851935040067,,,,,,,,,,,,,,,,,,,,,,0.0,0.0,82822.0,69873.665414,69855.9158,650523825.0,9310.0,82.0,0.11142,9228.0,0.11240974620269976,0.0,10690.0,867.0,0.0,30845.0,0.0,30844.0,11557.0,0.0,0.0,4995.0,29.0,19182.0,0.0,0.621904,0.675185,19285.0,37552.48,1234240.0,136385435.8888675,1609.0,3.571318,2.0,1174.0,4368783.0,18.539496,2.96,201653840.75370327,159935526.71126464,54.85,0.0,0.0,ddr4_1x,27176116.0,0.621903773829594,,30844.0,l2,29.0,0.0009402152768771884,19182.0,imp,quick_imp_pt64_l2_ddr4_1x,24424718.0,24707897.0,0.00905,9049646628.0,,1.0752486187845303,,,stage1,,,,,,,0.009731,0.6732416116804717,11557.0,0.3746919984437816,0.0,0.0,0.0,30845.0,0.0,0.0,0.0,136385435.8888675,1234240.0,0.01795344134996241,stage1: pt64
14726587.0,quick,pt64,,,,,,,,,,,,0.907968,,0.0,0.0,9237977.0,14341.384791,10364.373998,3685319991.0,256971.0,174385.0,0.00894,82586.0,0.027816804480028472,,,,,,,,,,,,,,,,,,,,,,0.0,0.0,82825.0,58499.275518,58423.176515,545037750.0,9317.0,94.0,0.111355,9223.0,0.11249019015997586,0.0,10696.0,848.0,0.0,30842.0,0.0,30841.0,11544.0,0.0,0.0,5006.0,27.0,19180.0,0.0,0.621899,0.675281,,,,,1334.0,3.364988,2.0,649.0,4368783.0,15.701005,,,,,,,ddr4_2x,26912276.0,0.6218994196037742,,30841.0,l2,27.0,0.0008754579942284621,19180.0,imp,quick_imp_pt64_l2_ddr4_2x,24424723.0,24707902.0,0.008962,8961787908.0,,1.0790002231644722,,,stage1,,,,,,,0.00967,0.6730533038565463,11544.0,0.3743069290879025,0.0,0.0,0.0,30842.0,0.0,0.0,0.0,,,,stage1: pt64
14421477.0,quick,pt8,3332.0,38972.83,21480.83,207.475558,164.120175,207475558.0,372039694.0,164564136.0,19207.0,,,0.925339,,0.0,0.0,9196392.0,31284.051538,21981.724416,3709443843.0,118573.0,91750.0,0.002917,26823.0,0.012893426030556331,917.0,39388.0,84115.0,0.0,444416.0,0.0,180232.0,123503.0,6856.0,0.0,13248.0,479.0,54881.0,0.0,0.304502,0.671705,19669.0,42468.59,1258752.0,143144816.03476417,,0.0,0.0,83791.0,66471.949346,66138.949346,1894915860.0,28507.0,,0.340216,28507.0,0.3402155362747789,,,,,,,,,,,,,,,,,,,,,1550.0,3.336106,2.0,1376.0,4368784.0,17.371317,2.16,207482835.8510808,164564136.4328886,58.2,0.0,0.0,ddr4_1x,26407076.0,0.3045019752319233,,180232.0,l1d,479.0,0.002657685649607173,54881.0,imp,quick_imp_pt8_l1d_ddr4_1x,24424732.0,24707912.0,0.008794,8793556308.0,,1.106549920400273,,,stage1,,,,,,,0.009731,0.31640089014954975,123503.0,0.6852445736606152,0.0,6856.0,917.0,444416.0,0.0,0.01542698732718894,0.002063382056451613,143144816.03476417,1258752.0,0.01847267667264229,stage1: pt8
14419537.0,quick,pt8,,,,,,,,,,,,0.930395,,0.0,0.0,9195180.0,28723.359025,20376.674899,3344720265.0,116446.0,89602.0,0.002919,26844.0,0.012663808647574055,853.0,38920.0,82444.0,0.0,435836.0,0.0,178076.0,121364.0,6605.0,0.0,13200.0,483.0,54926.0,0.0,0.308441,0.671713,,,,,,0.0,0.0,83794.0,57943.499,57610.499,1651795326.0,28507.0,,0.340203,28507.0,0.34020335584886746,,,,,,,,,,,,,,,,,,,,,1509.0,3.22821,2.0,651.0,4368783.0,15.647918,,,,,,,ddr4_2x,26263560.0,0.3084413396527325,,178076.0,l1d,483.0,0.0027123250746872124,54926.0,imp,quick_imp_pt8_l1d_ddr4_2x,24424723.0,24707902.0,0.008746,8745765480.0,,1.1056482963640522,,,stage1,,,,,,,0.00967,0.3205074341199262,121364.0,0.681529234708776,0.0,6605.0,853.0,435836.0,0.0,0.015154782991767545,0.0019571581971200174,,,,stage1: pt8
14727128.0,quick,pt8,3332.0,39489.44,21997.44,201.563521,159.487763,201563521.0,361475435.0,159911914.0,19207.0,,,0.898782,,0.0,0.0,9238034.0,16852.204083,11703.376103,4336611381.0,257332.0,174743.0,0.00894,82589.0,0.027855710424967043,,,,,,,,,,,,,,,,,,,,,,0.0,0.0,82828.0,70356.391542,70314.785575,655510500.0,9317.0,83.0,0.111484,9234.0,0.11248611580624909,0.0,10690.0,866.0,0.0,30838.0,0.0,30837.0,11556.0,0.0,0.0,4958.0,23.0,19181.0,0.0,0.622013,0.675031,19279.0,37727.37,1233856.0,136286715.5548602,1609.0,3.572536,2.0,1213.0,4368783.0,18.64433,1.75,201570590.1411528,159911914.13281253,53.63,0.0,0.0,ddr4_1x,27187340.0,0.6220125174303597,,30837.0,l2,23.0,0.0007458572494081785,19181.0,imp,quick_imp_pt8_l2_ddr4_1x,24424723.0,24707902.0,0.009053,9053384220.0,,1.074892300894731,,,stage1,,,,,,,0.009731,0.6730647764755422,11556.0,0.37474462496351785,0.0,0.0,0.0,30838.0,0.0,0.0,0.0,136286715.5548602,1233856.0,0.017948135490772992,stage1: pt8
14727124.0,quick,pt8,,,,,,,,,,,,0.908036,,0.0,0.0,9237780.0,14309.920361,10344.962912,3677434884.0,256985.0,174398.0,0.00894,82587.0,0.02781891320208968,,,,,,,,,,,,,,,,,,,,,,0.0,0.0,82822.0,58289.044752,58237.975919,543137319.0,9318.0,99.0,0.111311,9219.0,0.11250633889546256,0.0,10705.0,851.0,0.0,30849.0,0.0,30848.0,11556.0,0.0,0.0,4967.0,21.0,19176.0,0.0,0.621629,0.67533,,,,,1303.0,3.365106,2.0,632.0,4368783.0,15.70844,,,,,,,ddr4_2x,26910265.0,0.6216286307053942,,30848.0,l2,21.0,0.0006807572614107883,19176.0,imp,quick_imp_pt8_l2_ddr4_2x,24424718.0,24707897.0,0.008961,8961118245.0,,1.0791206338578283,,,stage1,,,,,,,0.00967,0.6729837860602232,11556.0,0.3746109958506224,0.0,0.0,0.0,30849.0,0.0,0.0,0.0,,,,stage1: pt8
14258870.0,quick,sdist16,3332.0,64477.97,46985.97,214.714465,169.930818,214767187.0,385104719.0,170337531.0,19207.0,,,0.95759,,0.0,0.0,9167049.0,33655.923385,23293.276606,1999633032.0,59414.0,46710.0,0.001386,12704.0,0.006481256945392132,78298.0,54854.0,38949.0,1.0,809267.0,0.0,165998.0,93804.0,11047.0,1.0,96237.0,1297.0,70140.0,0.0,0.422535,0.846652,24275.0,69434.03,1553088.0,182772412.2227384,,0.0,0.0,85137.0,92009.242083,91676.242083,2623643538.0,28515.0,,0.334931,28515.0,0.3349307586595722,,,,,,,,,,,,,,,,,,,,,1561.0,2.811733,2.0,927.0,4368783.0,13.484911,6.72,214774719.03999707,170337531.4142437,57.02,0.0,0.0,ddr4_1x,25517680.0,0.4225352112676056,,165998.0,l1d,1297.0,0.007813347148760828,70140.0,imp,quick_imp_sdist16_l1d_ddr4_1x,24424723.0,24707902.0,0.008497,8497387440.0,,1.1452277274332119,,,stage1,,,,,,,0.009731,0.5413958658165707,93804.0,0.5650911456764539,1.0,11047.0,78298.0,809267.0,1.2356861208970586e-06,0.013650624577549807,0.0967517518939979,182772412.2227384,1553088.0,0.019121386975433228,stage1: sdist16
14257108.0,quick,sdist16,,,,,,,,,,,,0.961899,,0.0,0.0,9165808.0,28964.769231,20929.241679,1671846480.0,57720.0,44951.0,0.001393,12769.0,0.006297317159600114,77420.0,55256.0,35477.0,1.0,782857.0,0.0,162834.0,90734.0,10989.0,1.0,95879.0,1252.0,70256.0,0.0,0.431458,0.846203,,,,,,0.0,0.0,85108.0,68979.282149,68646.282149,1968047899.0,28531.0,,0.335233,28531.0,0.33523288057526907,,,,,,,,,,,,,,,,,,,,,1461.0,2.716856,2.0,405.0,4368784.0,12.056251,,,,,,,ddr4_2x,25403384.0,0.4314578036527998,,162834.0,l1d,1252.0,0.007688811918886719,70256.0,imp,quick_imp_sdist16_l1d_ddr4_2x,24424732.0,24707912.0,0.008459,8459326872.0,,1.143161130157229,,,stage1,,,,,,,0.00967,0.5489779333625054,90734.0,0.5572177800705013,1.0,10989.0,77420.0,782857.0,1.2773724958708933e-06,0.014037046357125247,0.09889417863032457,,,,stage1: sdist16
14653258.0,quick,sdist16,3332.0,68527.44,51035.44,207.119237,163.943675,207141024.0,371469611.0,164328587.0,19207.0,,,0.92336,,0.0,0.0,9227157.0,12032.713325,8506.18329,2920844898.0,242742.0,160157.0,0.00895,82585.0,0.026307344721673207,,,,,,,,,,,,,,,,,,,,,,0.0,0.0,82820.0,93681.072344,94606.886527,372944349.0,3981.0,77.0,0.047138,3904.0,0.04806809949287612,10.0,4522.0,951.0,0.0,30105.0,0.0,30092.0,5473.0,0.0,0.0,27959.0,32.0,24510.0,0.0,0.814502,0.862603,24618.0,68706.47,1575296.0,178759174.46955308,1726.0,3.082701,2.0,2529.0,4368783.0,13.844275,8.3,207148286.8853117,164328587.01237416,59.13,0.0,0.0,ddr4_1x,26463641.0,0.8145021932739599,,30092.0,l2,32.0,0.0010634055562940316,24510.0,imp,quick_imp_sdist16_l2_ddr4_1x,24424718.0,24707897.0,0.008812,8812392453.0,,1.1042896050839763,,,stage1,,,,,,,0.009731,0.8602716647362325,5473.0,0.1818755815499136,0.0,0.0,10.0,30105.0,0.0,0.0,0.0003321707357581797,178759174.46955308,1575296.0,0.018444370663618505,stage1: sdist16
14650999.0,quick,sdist16,,,,,,,,,,,,0.932146,,0.0,0.0,9225301.0,9727.191984,7395.317709,2339379945.0,240499.0,157914.0,0.008952,82585.0,0.026069501688887983,,,,,,,,,,,,,,,,,,,,,,0.0,0.0,82824.0,69956.101348,70484.659248,280244142.0,4006.0,97.0,0.047196,3909.0,0.048367622911233456,10.0,4593.0,1136.0,0.0,30360.0,0.0,30347.0,5729.0,0.0,0.0,28040.0,32.0,24489.0,0.0,0.806966,0.862349,,,,,1421.0,2.90246,2.0,512.0,4368783.0,10.46852,,,,,,,ddr4_2x,26214210.0,0.8069660922002175,,30347.0,l2,32.0,0.0010544699640821168,24489.0,imp,quick_imp_sdist16_l2_ddr4_2x,24424723.0,24707902.0,0.008729,8729331930.0,,1.107801580937106,,,stage1,,,,,,,0.00967,0.8594139322688191,5729.0,0.18878307575707648,0.0,0.0,10.0,30360.0,0.0,0.0,0.00032938076416337287,,,,stage1: sdist16
14558311.0,quick,sdist2,3332.0,31960.89,14468.89,201.571845,159.518458,201564770.0,361507724.0,159942954.0,19207.0,,,0.899513,,0.0,0.0,9225311.0,31062.747747,21638.937404,5634937755.0,181405.0,142297.0,0.004239,39108.0,0.019663835723261795,104.0,26777.0,138407.0,0.0,349550.0,0.0,208952.0,165184.0,6623.0,0.0,3552.0,136.0,40162.0,0.0,0.192207,0.506648,15287.0,35032.48,978368.0,108154462.61058542,,0.0,0.0,83110.0,59446.960793,59113.960793,1693643913.0,28490.0,,0.342799,28490.0,0.3427987005173866,,,,,,,,,,,,,,,,,,,,,1625.0,3.928333,2.0,1717.0,4368783.0,20.258097,1.73,201571844.9818924,159942953.8979201,56.47,0.0,0.0,ddr4_1x,27165241.0,0.192206822619549,,208952.0,l1d,136.0,0.0006508671848079942,40162.0,imp,quick_imp_sdist2_l1d_ddr4_1x,24424718.0,24707897.0,0.009046,9046025253.0,,1.075724076940084,,,stage1,,,,,,,0.009731,0.181263455297946,165184.0,0.790535625406792,0.0,6623.0,104.0,349550.0,0.0,0.01894721785152339,0.00029752538978686883,108154462.61058542,978368.0,0.01794973871824227,stage1: sdist2
14555630.0,quick,sdist2,,,,,,,,,,,,0.904567,,0.0,0.0,9222982.0,28922.711949,20446.126643,5145523992.0,177906.0,138867.0,0.004233,39039.0,0.019289422878630794,104.0,27159.0,134427.0,0.0,342565.0,0.0,205423.0,161586.0,6476.0,0.0,3553.0,135.0,40526.0,0.0,0.197281,0.509345,,,,,,0.0,0.0,83115.0,54068.62396,53735.62396,1540793577.0,28497.0,,0.342862,28497.0,0.34286229922396677,,,,,,,,,,,,,,,,,,,,,1427.0,3.81588,2.0,789.0,4368783.0,19.009553,,,,,,,ddr4_2x,27013463.0,0.19728073292669274,,205423.0,l1d,135.0,0.0006571805494029393,40526.0,imp,quick_imp_sdist2_l1d_ddr4_2x,24424723.0,24707902.0,0.008995,8995483179.0,,1.075041689827682,,,stage1,,,,,,,0.00967,0.1855314239671843,161586.0,0.7866013055986915,0.0,6476.0,104.0,342565.0,0.0,0.018904441492855372,0.00030359201903288425,,,,stage1: sdist2
14795888.0,quick,sdist2,3332.0,31793.66,14301.66,197.542164,156.335263,197535231.0,354286446.0,156751215.0,19207.0,,,0.881407,,0.0,0.0,9249036.0,19289.696361,14113.714649,5232889539.0,271279.0,188693.0,0.008929,82586.0,0.029330516174874872,,,,,,,,,,,,,,,,,,,,,,0.0,0.0,82823.0,61002.784277,60718.858033,872949843.0,14310.0,32.0,0.172392,14278.0,0.1727780930417879,0.0,10857.0,2045.0,0.0,27119.0,0.0,27119.0,12902.0,0.0,0.0,793.0,8.0,14180.0,0.0,0.522881,0.498278,14216.0,30006.11,909824.0,98552707.427004,1764.0,3.801891,2.0,1463.0,4368783.0,19.438327,1.48,197542163.6277771,156751214.66178864,52.0,0.0,0.0,ddr4_1x,27723279.0,0.5228806371916369,,27119.0,l2,8.0,0.0002949961281758177,14180.0,imp,quick_imp_sdist2_l2_ddr4_1x,24424723.0,24707902.0,0.009232,9231851907.0,,1.0540511265164645,,,stage1,,,,,,,0.009731,0.49771849771849774,12902.0,0.47575500571554996,0.0,0.0,0.0,27119.0,0.0,0.0,0.0,98552707.427004,909824.0,0.017591184682722433,stage1: sdist2
14794224.0,quick,sdist2,,,,,,,,,,,,0.890672,,0.0,0.0,9249176.0,17093.989788,12725.03371,4644881469.0,271726.0,189139.0,0.008929,82587.0,0.029378400843491356,,,,,,,,,,,,,,,,,,,,,,0.0,0.0,82826.0,53485.428036,53283.403989,756979263.0,14153.0,66.0,0.170079,14087.0,0.1708762948832492,0.0,10579.0,1722.0,0.0,26714.0,0.0,26714.0,12301.0,0.0,0.0,880.0,9.0,14340.0,0.0,0.536797,0.50445,,,,,1361.0,3.637192,2.0,712.0,4368783.0,17.867644,,,,,,,ddr4_2x,27434897.0,0.536797184996631,,26714.0,l2,9.0,0.00033690199895186043,14340.0,imp,quick_imp_sdist2_l2_ddr4_2x,24424723.0,24707902.0,0.009136,9135820701.0,,1.0584500875656742,,,stage1,,,,,,,0.00967,0.5032815077387428,12301.0,0.46047016545631503,0.0,0.0,0.0,26714.0,0.0,0.0,0.0,,,,stage1: sdist2
14329767.0,quick,sdist8,3332.0,48222.35,30730.35,211.750934,167.40888,211750934.0,379605090.0,167854156.0,19207.0,,,0.943546,,0.0,0.0,9179207.0,32230.108585,22337.517557,2739043548.0,84984.0,66273.0,0.002038,18711.0,0.009258316105084024,3717.0,44096.0,60861.0,0.0,607867.0,0.0,170791.0,104957.0,8129.0,0.0,45373.0,1042.0,63733.0,0.0,0.373164,0.773046,22357.0,52464.86,1430784.0,165909784.67607486,,0.0,0.0,84779.0,75726.827498,75393.827498,2160713569.0,28533.0,,0.336557,28533.0,0.3365574021868623,,,,,,,,,,,,,,,,,,,,,1644.0,3.02851,2.0,1113.0,4368783.0,14.68515,4.19,211758355.51740563,167854155.92250228,55.08,0.0,0.0,ddr4_1x,25897500.0,0.37316369129520877,,170791.0,l1d,1042.0,0.0061010240586447766,63733.0,imp,quick_imp_sdist8_l1d_ddr4_1x,24424718.0,24707897.0,0.008624,8623867500.0,,1.1283627087198516,,,stage1,,,,,,,0.009731,0.4285522166262095,104957.0,0.6145347237266601,0.0,8129.0,3717.0,607867.0,0.0,0.013372991131283653,0.0061148244599558785,165909784.67607486,1430784.0,0.01884831700474218,stage1: sdist8
14329481.0,quick,sdist8,,,,,,,,,,,,0.947663,,0.0,0.0,9178669.0,29698.038713,20672.513643,2497040793.0,84081.0,65317.0,0.002044,18764.0,0.009160478496392016,3442.0,42603.0,61151.0,0.0,600789.0,0.0,169490.0,103754.0,7856.0,0.0,45235.0,1001.0,63656.0,0.0,0.375574,0.772337,,,,,,0.0,0.0,84734.0,61522.483896,61189.483896,1755421033.0,28533.0,,0.336736,28533.0,0.3367361389760899,,,,,,,,,,,,,,,,,,,,,1492.0,2.947772,2.0,508.0,4368783.0,13.911428,,,,,,,ddr4_2x,25784977.0,0.3755737801640215,,169490.0,l1d,1001.0,0.005905953153578382,63656.0,imp,quick_imp_sdist8_l1d_ddr4_2x,24424718.0,24707897.0,0.008586,8586397341.0,,1.1262520382017238,,,stage1,,,,,,,0.00967,0.4308737824647854,103754.0,0.6121541093869844,0.0,7856.0,3442.0,600789.0,0.0,0.0130761382115851,0.005729132856959765,,,,stage1: sdist8
14686626.0,quick,sdist8,3332.0,49478.56,31986.56,204.277735,161.565378,204292051.0,366286915.0,161994864.0,19207.0,,,0.910086,,0.0,0.0,9232908.0,15060.521503,10087.6307,3765341223.0,250014.0,167428.0,0.008945,82586.0,0.027078575893965368,,,,,,,,,,,,,,,,,,,,,,0.0,0.0,82824.0,81949.815967,82070.040506,511202952.0,6238.0,66.0,0.074519,6172.0,0.0753163334299237,2.0,8807.0,955.0,0.0,32137.0,0.0,32132.0,9762.0,0.0,0.0,14919.0,45.0,22266.0,0.0,0.692954,0.782966,22368.0,47973.52,1431360.0,160090810.14306787,1640.0,3.408464,2.0,2076.0,4368783.0,18.233422,4.07,204299209.13450927,161994863.59703863,55.41,0.0,0.0,ddr4_1x,26849626.0,0.6929540644840035,,32132.0,l2,45.0,0.001400473048674219,22266.0,imp,quick_imp_sdist8_l2_ddr4_1x,24424723.0,24707902.0,0.008941,8940925458.0,,1.0883570070461919,,,stage1,,,,,,,0.009731,0.7811535223126579,9762.0,0.3038092866923939,0.0,0.0,2.0,32137.0,0.0,0.0,6.223356256028877e-05,160090810.14306787,1431360.0,0.018187037188065767,stage1: sdist8
14684432.0,quick,sdist8,,,,,,,,,,,,0.919032,,0.0,0.0,9231125.0,12246.943557,8895.968893,3034645650.0,247788.0,165203.0,0.008946,82585.0,0.02684266543893621,,,,,,,,,,,,,,,,,,,,,,0.0,0.0,82823.0,66030.339958,66189.098313,411963291.0,6239.0,75.0,0.074424,6164.0,0.07532931673568936,2.0,8792.0,936.0,0.0,32111.0,0.0,32106.0,9728.0,0.0,0.0,14953.0,43.0,22265.0,0.0,0.693484,0.783179,,,,,1501.0,3.167293,2.0,591.0,4368785.0,14.055516,,,,,,,ddr4_2x,26588311.0,0.6934840839718432,,32106.0,l2,43.0,0.0013393135239519094,22265.0,imp,quick_imp_sdist8_l2_ddr4_2x,24424739.0,24707920.0,0.008854,8853907563.0,,1.0921617348091257,,,stage1,,,,,,,0.00967,0.7811184395172608,9728.0,0.30299632467451565,0.0,0.0,2.0,32111.0,0.0,0.0,6.228395253962816e-05,,,,stage1: sdist8
14420957.0,quick,sthr2,3332.0,38833.7,21341.7,207.690958,164.31915,207690958.0,372439748.0,164748790.0,19207.0,,,0.925844,,0.0,0.0,9196464.0,30985.378713,21833.029742,3658877460.0,118084.0,91388.0,0.002903,26696.0,0.012840152475995122,921.0,39318.0,83899.0,0.0,443442.0,0.0,180088.0,123217.0,6832.0,0.0,13614.0,520.0,54981.0,0.0,0.305301,0.673152,19698.0,42507.59,1260608.0,143434269.39754918,,0.0,0.0,83806.0,66333.796115,66000.796115,1891906199.0,28521.0,,0.340322,28521.0,0.3403216953440088,,,,,,,,,,,,,,,,,,,,,1641.0,3.31194,2.0,1186.0,4368783.0,16.71724,3.47,207698239.92267337,164748789.70656204,54.39,0.0,0.0,ddr4_1x,26392644.0,0.3053007418595353,,180088.0,l1d,520.0,0.002887477233352583,54981.0,imp,quick_imp_sthr2_l1d_ddr4_1x,24424723.0,24707902.0,0.008789,8788750452.0,,1.107179428831494,,,stage1,,,,,,,0.009731,0.3176898853032098,123217.0,0.6842043889653947,0.0,6832.0,921.0,443442.0,0.0,0.015406749924454607,0.0020769345258229936,143434269.39754918,1260608.0,0.018492540327818816,stage1: sthr2
14420229.0,quick,sthr2,,,,,,,,,,,,0.930368,,0.0,0.0,9195527.0,28751.827247,20456.11412,3341307348.0,116212.0,89442.0,0.002911,26770.0,0.012637883614500833,853.0,39147.0,82429.0,0.0,436236.0,0.0,178374.0,121576.0,6675.0,0.0,13540.0,525.0,54988.0,0.0,0.308274,0.67257,,,,,,0.0,0.0,83807.0,57689.627927,57356.627927,1645538947.0,28524.0,,0.340353,28524.0,0.340353431097641,,,,,,,,,,,,,,,,,,,,,1268.0,3.258551,2.0,708.0,4368783.0,16.789011,,,,,,,ddr4_2x,26264314.0,0.3082736273223676,,178374.0,l1d,525.0,0.002943254061690605,54988.0,imp,quick_imp_sthr2_l1d_ddr4_2x,24424723.0,24707902.0,0.008746,8746016562.0,,1.1056482963640522,,,stage1,,,,,,,0.00967,0.3211915887850467,121576.0,0.6815791539125657,0.0,6675.0,853.0,436236.0,0.0,0.015301350645063681,0.0019553636105227447,,,,stage1: sthr2
14726234.0,quick,sthr2,3332.0,39937.94,22445.94,201.68324,159.499738,201690310.0,361586005.0,159895694.0,19207.0,,,0.898968,,0.0,0.0,9237977.0,16801.135671,11716.360674,4319437572.0,257092.0,174505.0,0.00894,82587.0,0.027829902585815053,,,,,,,,,,,,,,,,,,,,,,0.0,0.0,82819.0,70406.316908,70378.234529,655834842.0,9315.0,88.0,0.111412,9227.0,0.11247419070503145,0.0,10731.0,887.0,0.0,30919.0,0.0,30918.0,11618.0,0.0,0.0,5001.0,46.0,19176.0,0.0,0.620221,0.67514,19298.0,38361.3,1234944.0,136435275.33248276,1475.0,3.570368,2.0,1251.0,4368783.0,18.448769,3.86,201697381.01857397,159895694.25625855,55.29,0.0,0.0,ddr4_1x,27181684.0,0.6202212303512517,,30918.0,l2,46.0,0.0014878064557862735,19176.0,imp,quick_imp_sthr2_l2_ddr4_1x,24424718.0,24707897.0,0.009052,9051500772.0,,1.0750110472823686,,,stage1,,,,,,,0.009731,0.6730546488364747,11618.0,0.3757681609418462,0.0,0.0,0.0,30919.0,0.0,0.0,0.0,136435275.33248276,1234944.0,0.01795362556049575,stage1: sthr2
14725405.0,quick,sthr2,,,,,,,,,,,,0.908282,,0.0,0.0,9237221.0,14286.126582,10364.039329,3663462870.0,256435.0,173849.0,0.008941,82586.0,0.027761054975300473,,,,,,,,,,,,,,,,,,,,,,0.0,0.0,82824.0,58341.285714,58282.002927,543974148.0,9324.0,99.0,0.111381,9225.0,0.11257606490872211,0.0,10757.0,893.0,0.0,30956.0,0.0,30955.0,11650.0,0.0,0.0,4976.0,45.0,19173.0,0.0,0.619383,0.675153,,,,,1427.0,3.36977,2.0,647.0,4368783.0,15.852792,,,,,,,ddr4_2x,26902970.0,0.6193829752867065,,30955.0,l2,45.0,0.0014537231465029882,19173.0,imp,quick_imp_sthr2_l2_ddr4_2x,24424723.0,24707902.0,0.008959,8958689010.0,,1.0793615358857016,,,stage1,,,,,,,0.00967,0.6728076639646279,11650.0,0.37635277015021806,0.0,0.0,0.0,30956.0,0.0,0.0,0.0,,,,stage1: sthr2
14420842.0,quick,sthr8,3332.0,38989.7,21497.7,207.424712,164.085059,207417432.0,371939237.0,164521804.0,19207.0,,,0.925469,,0.0,0.0,9195673.0,30897.97212,21866.445559,3656095245.0,118328.0,91501.0,0.002917,26827.0,0.012867791188312156,950.0,39327.0,83819.0,0.0,443205.0,0.0,179866.0,123146.0,6832.0,0.0,13363.0,470.0,54876.0,0.0,0.305094,0.671652,19671.0,42574.17,1258944.0,143186815.69970867,,0.0,0.0,83781.0,66490.709668,66157.709668,1894652772.0,28495.0,,0.340113,28495.0,0.3401129134290591,,,,,,,,,,,,,,,,,,,,,1367.0,3.357641,2.0,1480.0,4368783.0,17.439654,2.26,207424711.5133393,164521804.0996805,57.78,0.0,0.0,ddr4_1x,26403357.0,0.3050937920451892,,179866.0,l1d,470.0,0.0026130563864210023,54876.0,imp,quick_imp_sthr8_l1d_ddr4_1x,24424718.0,24707897.0,0.008792,8792317881.0,,1.1068016378525933,,,stage1,,,,,,,0.009731,0.3168287106533336,123146.0,0.6846541314089377,0.0,6832.0,950.0,443205.0,0.0,0.015414988549316907,0.0021434776232217598,143186815.69970867,1258944.0,0.018467688737993294,stage1: sthr8
14419823.0,quick,sthr8,,,,,,,,,,,,0.930174,,0.0,0.0,9195279.0,28776.856568,20414.659152,3349539774.0,116397.0,89517.0,0.002923,26880.0,0.012658343482563172,836.0,38857.0,82304.0,0.0,435488.0,0.0,177830.0,121161.0,6743.0,0.0,13388.0,469.0,54885.0,0.0,0.308637,0.671253,,,,,,0.0,0.0,83789.0,57846.34883,57513.34883,1648678788.0,28501.0,,0.340152,28501.0,0.3401520485982647,,,,,,,,,,,,,,,,,,,,,1270.0,3.243831,2.0,704.0,4368783.0,16.006614,,,,,,,ddr4_2x,26269786.0,0.30863746274531856,,177830.0,l1d,469.0,0.002637350278355733,54885.0,imp,quick_imp_sthr8_l1d_ddr4_2x,24424723.0,24707902.0,0.008748,8747838738.0,,1.1053955189757658,,,stage1,,,,,,,0.00967,0.3204364731845728,121161.0,0.681330484170275,0.0,6743.0,836.0,435488.0,0.0,0.015483779116760967,0.001919685502241164,,,,stage1: sthr8
14726417.0,quick,sthr8,3332.0,40013.86,22521.86,201.612973,159.515703,201605902.0,361510479.0,159904576.0,19207.0,,,0.898939,,0.0,0.0,9237776.0,16879.064139,11709.021577,4338527130.0,257036.0,174448.0,0.00894,82588.0,0.02782444605714622,,,,,,,,,,,,,,,,,,,,,,0.0,0.0,82825.0,70302.371744,70155.684,655850826.0,9329.0,79.0,0.111681,9250.0,0.11263507395110173,0.0,10673.0,868.0,0.0,30808.0,0.0,30807.0,11541.0,0.0,0.0,5020.0,26.0,19167.0,0.0,0.622164,0.674491,19264.0,38578.36,1232896.0,136204534.77188185,1591.0,3.574319,2.0,1135.0,4368783.0,18.471951,2.96,201612972.85196275,159904576.3289493,53.97,0.0,0.0,ddr4_1x,27182578.0,0.6221637939429351,,30807.0,l2,26.0,0.0008439640341480832,19167.0,imp,quick_imp_sthr8_l2_ddr4_1x,24424723.0,24707902.0,0.009052,9051798474.0,,1.0750110472823686,,,stage1,,,,,,,0.009731,0.6726207186973611,11541.0,0.3746226506962703,0.0,0.0,0.0,30808.0,0.0,0.0,0.0,136204534.77188185,1232896.0,0.017949875510700316,stage1: sthr8
14726099.0,quick,sthr8,,,,,,,,,,,,0.908185,,0.0,0.0,9237475.0,14299.208363,10371.760325,3668490504.0,256552.0,173965.0,0.00894,82587.0,0.02777295743696194,,,,,,,,,,,,,,,,,,,,,,0.0,0.0,82826.0,58361.030942,58247.997081,545092029.0,9340.0,91.0,0.111668,9249.0,0.11276652258952503,0.0,10713.0,876.0,0.0,30859.0,0.0,30858.0,11589.0,0.0,0.0,5005.0,26.0,19158.0,0.0,0.620844,0.674411,,,,,1291.0,3.366115,2.0,635.0,4368783.0,15.602044,,,,,,,ddr4_2x,26905829.0,0.620843865448182,,30858.0,l2,26.0,0.0008425691878929289,19158.0,imp,quick_imp_sthr8_l2_ddr4_2x,24424723.0,24707902.0,0.00896,8959641057.0,,1.0792410714285714,,,stage1,,,,,,,0.00967,0.6722577022948979,11589.0,0.3755590122496597,0.0,0.0,0.0,30859.0,0.0,0.0,0.0,,,,stage1: sthr8
14421131.0,quick,thr1,3332.0,38996.52,21504.52,207.506947,164.14229,207506947.0,372100497.0,164593550.0,19207.0,,,0.925381,,0.0,0.0,9196508.0,31258.103576,22030.258216,3709586700.0,118676.0,91900.0,0.002912,26776.0,0.012904463302810153,919.0,39477.0,84293.0,0.0,445426.0,0.0,180571.0,123770.0,6883.0,0.0,13494.0,492.0,54939.0,0.0,0.304252,0.672325,19677.0,42468.36,1259264.0,143209635.0421298,,0.0,0.0,83811.0,66495.533287,66162.533287,1895787654.0,28510.0,,0.34017,28510.0,0.3401701447304053,,,,,,,,,,,,,,,,,,,,,1772.0,3.337277,2.0,1373.0,4368783.0,17.438204,3.02,207514225.69049412,164593549.84970134,59.37,0.0,0.0,ddr4_1x,26405860.0,0.30425151325517386,,180571.0,l1d,492.0,0.0027246900111313555,54939.0,imp,quick_imp_thr1_l1d_ddr4_1x,24424718.0,24707897.0,0.008793,8793151380.0,,1.1066757648129193,,,stage1,,,,,,,0.009731,0.3164415517092417,123770.0,0.685436753410016,0.0,6883.0,919.0,445426.0,0.0,0.015452622882364299,0.002063193437293737,143209635.0421298,1259264.0,0.01847569568963924,stage1: thr1
14419132.0,quick,thr1,,,,,,,,,,,,0.930495,,0.0,0.0,9195236.0,28690.088587,20370.713705,3342911742.0,116518.0,89717.0,0.002915,26801.0,0.012671561665192715,855.0,39025.0,82599.0,0.0,436743.0,0.0,178412.0,121624.0,6628.0,0.0,13461.0,504.0,54981.0,0.0,0.308169,0.672287,,,,,,0.0,0.0,83822.0,57705.301354,57372.301354,1645062731.0,28508.0,,0.340102,28508.0,0.3401016439598196,,,,,,,,,,,,,,,,,,,,,1500.0,3.229278,2.0,666.0,4368783.0,15.665452,,,,,,,ddr4_2x,26260734.0,0.3081687330448625,,178412.0,l1d,504.0,0.002824922090442347,54981.0,imp,quick_imp_thr1_l1d_ddr4_2x,24424718.0,24707897.0,0.008745,8744824422.0,,1.1057747284162378,,,stage1,,,,,,,0.00967,0.3205907906168549,121624.0,0.6817030244602381,0.0,6628.0,855.0,436743.0,0.0,0.015175973055091897,0.0019576730479939,,,,stage1: thr1
14726912.0,quick,thr1,3332.0,39221.32,21729.32,201.646769,159.553633,201646769.0,361582295.0,159935527.0,19207.0,,,0.899153,,0.0,0.0,9238310.0,16810.719518,11648.339113,4329348651.0,257535.0,174946.0,0.00894,82589.0,0.027876851935040067,,,,,,,,,,,,,,,,,,,,,,0.0,0.0,82822.0,69873.665414,69855.9158,650523825.0,9310.0,82.0,0.11142,9228.0,0.11240974620269976,0.0,10690.0,867.0,0.0,30845.0,0.0,30844.0,11557.0,0.0,0.0,4995.0,29.0,19182.0,0.0,0.621904,0.675185,19285.0,37552.48,1234240.0,136385435.8888675,1609.0,3.571318,2.0,1174.0,4368783.0,18.539496,2.96,201653840.75370327,159935526.71126464,54.85,0.0,0.0,ddr4_1x,27176116.0,0.621903773829594,,30844.0,l2,29.0,0.0009402152768771884,19182.0,imp,quick_imp_thr1_l2_ddr4_1x,24424718.0,24707897.0,0.00905,9049646628.0,,1.0752486187845303,,,stage1,,,,,,,0.009731,0.6732416116804717,11557.0,0.3746919984437816,0.0,0.0,0.0,30845.0,0.0,0.0,0.0,136385435.8888675,1234240.0,0.01795344134996241,stage1: thr1
14726587.0,quick,thr1,,,,,,,,,,,,0.907968,,0.0,0.0,9237977.0,14341.384791,10364.373998,3685319991.0,256971.0,174385.0,0.00894,82586.0,0.027816804480028472,,,,,,,,,,,,,,,,,,,,,,0.0,0.0,82825.0,58499.275518,58423.176515,545037750.0,9317.0,94.0,0.111355,9223.0,0.11249019015997586,0.0,10696.0,848.0,0.0,30842.0,0.0,30841.0,11544.0,0.0,0.0,5006.0,27.0,19180.0,0.0,0.621899,0.675281,,,,,1334.0,3.364988,2.0,649.0,4368783.0,15.701005,,,,,,,ddr4_2x,26912276.0,0.6218994196037742,,30841.0,l2,27.0,0.0008754579942284621,19180.0,imp,quick_imp_thr1_l2_ddr4_2x,24424723.0,24707902.0,0.008962,8961787908.0,,1.0790002231644722,,,stage1,,,,,,,0.00967,0.6730533038565463,11544.0,0.3743069290879025,0.0,0.0,0.0,30842.0,0.0,0.0,0.0,,,,stage1: thr1
14421131.0,quick,thr3,3332.0,38996.52,21504.52,207.506947,164.14229,207506947.0,372100497.0,164593550.0,19207.0,,,0.925381,,0.0,0.0,9196508.0,31258.103576,22030.258216,3709586700.0,118676.0,91900.0,0.002912,26776.0,0.012904463302810153,919.0,39477.0,84293.0,0.0,445426.0,0.0,180571.0,123770.0,6883.0,0.0,13494.0,492.0,54939.0,0.0,0.304252,0.672325,19677.0,42468.36,1259264.0,143209635.0421298,,0.0,0.0,83811.0,66495.533287,66162.533287,1895787654.0,28510.0,,0.34017,28510.0,0.3401701447304053,,,,,,,,,,,,,,,,,,,,,1772.0,3.337277,2.0,1373.0,4368783.0,17.438204,3.02,207514225.69049412,164593549.84970134,59.37,0.0,0.0,ddr4_1x,26405860.0,0.30425151325517386,,180571.0,l1d,492.0,0.0027246900111313555,54939.0,imp,quick_imp_thr3_l1d_ddr4_1x,24424718.0,24707897.0,0.008793,8793151380.0,,1.1066757648129193,,,stage1,,,,,,,0.009731,0.3164415517092417,123770.0,0.685436753410016,0.0,6883.0,919.0,445426.0,0.0,0.015452622882364299,0.002063193437293737,143209635.0421298,1259264.0,0.01847569568963924,stage1: thr3
14419132.0,quick,thr3,,,,,,,,,,,,0.930495,,0.0,0.0,9195236.0,28690.088587,20370.713705,3342911742.0,116518.0,89717.0,0.002915,26801.0,0.012671561665192715,855.0,39025.0,82599.0,0.0,436743.0,0.0,178412.0,121624.0,6628.0,0.0,13461.0,504.0,54981.0,0.0,0.308169,0.672287,,,,,,0.0,0.0,83822.0,57705.301354,57372.301354,1645062731.0,28508.0,,0.340102,28508.0,0.3401016439598196,,,,,,,,,,,,,,,,,,,,,1500.0,3.229278,2.0,666.0,4368783.0,15.665452,,,,,,,ddr4_2x,26260734.0,0.3081687330448625,,178412.0,l1d,504.0,0.002824922090442347,54981.0,imp,quick_imp_thr3_l1d_ddr4_2x,24424718.0,24707897.0,0.008745,8744824422.0,,1.1057747284162378,,,stage1,,,,,,,0.00967,0.3205907906168549,121624.0,0.6817030244602381,0.0,6628.0,855.0,436743.0,0.0,0.015175973055091897,0.0019576730479939,,,,stage1: thr3
14726912.0,quick,thr3,3332.0,39221.32,21729.32,201.646769,159.553633,201646769.0,361582295.0,159935527.0,19207.0,,,0.899153,,0.0,0.0,9238310.0,16810.719518,11648.339113,4329348651.0,257535.0,174946.0,0.00894,82589.0,0.027876851935040067,,,,,,,,,,,,,,,,,,,,,,0.0,0.0,82822.0,69873.665414,69855.9158,650523825.0,9310.0,82.0,0.11142,9228.0,0.11240974620269976,0.0,10690.0,867.0,0.0,30845.0,0.0,30844.0,11557.0,0.0,0.0,4995.0,29.0,19182.0,0.0,0.621904,0.675185,19285.0,37552.48,1234240.0,136385435.8888675,1609.0,3.571318,2.0,1174.0,4368783.0,18.539496,2.96,201653840.75370327,159935526.71126464,54.85,0.0,0.0,ddr4_1x,27176116.0,0.621903773829594,,30844.0,l2,29.0,0.0009402152768771884,19182.0,imp,quick_imp_thr3_l2_ddr4_1x,24424718.0,24707897.0,0.00905,9049646628.0,,1.0752486187845303,,,stage1,,,,,,,0.009731,0.6732416116804717,11557.0,0.3746919984437816,0.0,0.0,0.0,30845.0,0.0,0.0,0.0,136385435.8888675,1234240.0,0.01795344134996241,stage1: thr3
14726587.0,quick,thr3,,,,,,,,,,,,0.907968,,0.0,0.0,9237977.0,14341.384791,10364.373998,3685319991.0,256971.0,174385.0,0.00894,82586.0,0.027816804480028472,,,,,,,,,,,,,,,,,,,,,,0.0,0.0,82825.0,58499.275518,58423.176515,545037750.0,9317.0,94.0,0.111355,9223.0,0.11249019015997586,0.0,10696.0,848.0,0.0,30842.0,0.0,30841.0,11544.0,0.0,0.0,5006.0,27.0,19180.0,0.0,0.621899,0.675281,,,,,1334.0,3.364988,2.0,649.0,4368783.0,15.701005,,,,,,,ddr4_2x,26912276.0,0.6218994196037742,,30841.0,l2,27.0,0.0008754579942284621,19180.0,imp,quick_imp_thr3_l2_ddr4_2x,24424723.0,24707902.0,0.008962,8961787908.0,,1.0790002231644722,,,stage1,,,,,,,0.00967,0.6730533038565463,11544.0,0.3743069290879025,0.0,0.0,0.0,30842.0,0.0,0.0,0.0,,,,stage1: thr3
14421131.0,quick,thr4,3332.0,38996.52,21504.52,207.506947,164.14229,207506947.0,372100497.0,164593550.0,19207.0,,,0.925381,,0.0,0.0,9196508.0,31258.103576,22030.258216,3709586700.0,118676.0,91900.0,0.002912,26776.0,0.012904463302810153,919.0,39477.0,84293.0,0.0,445426.0,0.0,180571.0,123770.0,6883.0,0.0,13494.0,492.0,54939.0,0.0,0.304252,0.672325,19677.0,42468.36,1259264.0,143209635.0421298,,0.0,0.0,83811.0,66495.533287,66162.533287,1895787654.0,28510.0,,0.34017,28510.0,0.3401701447304053,,,,,,,,,,,,,,,,,,,,,1772.0,3.337277,2.0,1373.0,4368783.0,17.438204,3.02,207514225.69049412,164593549.84970134,59.37,0.0,0.0,ddr4_1x,26405860.0,0.30425151325517386,,180571.0,l1d,492.0,0.0027246900111313555,54939.0,imp,quick_imp_thr4_l1d_ddr4_1x,24424718.0,24707897.0,0.008793,8793151380.0,,1.1066757648129193,,,stage1,,,,,,,0.009731,0.3164415517092417,123770.0,0.685436753410016,0.0,6883.0,919.0,445426.0,0.0,0.015452622882364299,0.002063193437293737,143209635.0421298,1259264.0,0.01847569568963924,stage1: thr4
14419132.0,quick,thr4,,,,,,,,,,,,0.930495,,0.0,0.0,9195236.0,28690.088587,20370.713705,3342911742.0,116518.0,89717.0,0.002915,26801.0,0.012671561665192715,855.0,39025.0,82599.0,0.0,436743.0,0.0,178412.0,121624.0,6628.0,0.0,13461.0,504.0,54981.0,0.0,0.308169,0.672287,,,,,,0.0,0.0,83822.0,57705.301354,57372.301354,1645062731.0,28508.0,,0.340102,28508.0,0.3401016439598196,,,,,,,,,,,,,,,,,,,,,1500.0,3.229278,2.0,666.0,4368783.0,15.665452,,,,,,,ddr4_2x,26260734.0,0.3081687330448625,,178412.0,l1d,504.0,0.002824922090442347,54981.0,imp,quick_imp_thr4_l1d_ddr4_2x,24424718.0,24707897.0,0.008745,8744824422.0,,1.1057747284162378,,,stage1,,,,,,,0.00967,0.3205907906168549,121624.0,0.6817030244602381,0.0,6628.0,855.0,436743.0,0.0,0.015175973055091897,0.0019576730479939,,,,stage1: thr4
14726912.0,quick,thr4,3332.0,39221.32,21729.32,201.646769,159.553633,201646769.0,361582295.0,159935527.0,19207.0,,,0.899153,,0.0,0.0,9238310.0,16810.719518,11648.339113,4329348651.0,257535.0,174946.0,0.00894,82589.0,0.027876851935040067,,,,,,,,,,,,,,,,,,,,,,0.0,0.0,82822.0,69873.665414,69855.9158,650523825.0,9310.0,82.0,0.11142,9228.0,0.11240974620269976,0.0,10690.0,867.0,0.0,30845.0,0.0,30844.0,11557.0,0.0,0.0,4995.0,29.0,19182.0,0.0,0.621904,0.675185,19285.0,37552.48,1234240.0,136385435.8888675,1609.0,3.571318,2.0,1174.0,4368783.0,18.539496,2.96,201653840.75370327,159935526.71126464,54.85,0.0,0.0,ddr4_1x,27176116.0,0.621903773829594,,30844.0,l2,29.0,0.0009402152768771884,19182.0,imp,quick_imp_thr4_l2_ddr4_1x,24424718.0,24707897.0,0.00905,9049646628.0,,1.0752486187845303,,,stage1,,,,,,,0.009731,0.6732416116804717,11557.0,0.3746919984437816,0.0,0.0,0.0,30845.0,0.0,0.0,0.0,136385435.8888675,1234240.0,0.01795344134996241,stage1: thr4
14726587.0,quick,thr4,,,,,,,,,,,,0.907968,,0.0,0.0,9237977.0,14341.384791,10364.373998,3685319991.0,256971.0,174385.0,0.00894,82586.0,0.027816804480028472,,,,,,,,,,,,,,,,,,,,,,0.0,0.0,82825.0,58499.275518,58423.176515,545037750.0,9317.0,94.0,0.111355,9223.0,0.11249019015997586,0.0,10696.0,848.0,0.0,30842.0,0.0,30841.0,11544.0,0.0,0.0,5006.0,27.0,19180.0,0.0,0.621899,0.675281,,,,,1334.0,3.364988,2.0,649.0,4368783.0,15.701005,,,,,,,ddr4_2x,26912276.0,0.6218994196037742,,30841.0,l2,27.0,0.0008754579942284621,19180.0,imp,quick_imp_thr4_l2_ddr4_2x,24424723.0,24707902.0,0.008962,8961787908.0,,1.0790002231644722,,,stage1,,,,,,,0.00967,0.6730533038565463,11544.0,0.3743069290879025,0.0,0.0,0.0,30842.0,0.0,0.0,0.0,,,,stage1: thr4
2004857.0,simple_triad,addrlen16,3332.0,65151.0,47659.0,8610.526032,2931.789044,8610503093.0,11542406831.0,2931903738.0,19207.0,,,0.418929,59.090909,77.0,4550.0,2003757.0,77941.108192,89587.758619,154697745363.0,1984803.0,1854743.0,0.064908,130060.0,0.9905407691651233,40693.0,3040.0,1436876.0,0.0,3905379.0,0.0,1684969.0,1439916.0,22399.0,0.0,32905.0,,1639.0,0.0,0.000973,0.012445,245053.0,67173.08,15683392.0,5621229338.938967,,0.0,0.0,375379.0,92969.730588,92636.731475,34897954801.0,375369.0,,0.999973,375369.0,0.9999733602572334,,,,,,,,,,,,,,,,,,,,,1855.0,195.088898,2.0,159238.0,1001741.0,155.104366,10.35,8610526032.034626,2931903738.077661,58.54,0.0,0.0,ddr4_1x,8378466.0,0.0009727181924415227,,1684969.0,l1d,,,1639.0,imp,simple_triad_imp_addrlen16_l1d_ddr4_1x,3509962.0,4011171.0,0.00279,2790028845.0,,1.0383512544802866,,,stage1,,,,,,,0.002897,0.0008250933075317578,1439916.0,0.8545652768685952,0.0,22399.0,40693.0,3905379.0,0.0,0.005735422861647999,0.010419731350017501,5621229338.938967,15683392.0,0.5731086033340321,stage1: addrlen16
2004947.0,simple_triad,addrlen16,,,,,,,,,,,,0.517556,23.819237,1809.0,43089.0,2003827.0,56793.170884,68491.23376,105262734644.0,1853440.0,1706306.0,0.073426,147134.0,0.9249501079684025,302151.0,73470.0,963522.0,0.0,3373274.0,0.0,1264971.0,1036992.0,155338.0,0.0,39574.0,,30551.0,0.0,0.024152,0.171939,,,,,,0.0,0.0,375381.0,67873.161193,67540.161193,25477616390.0,375371.0,,0.999973,375371.0,0.9999733603991677,,,,,,,,,,,,,,,,,,,,,1795.0,111.250229,2.0,48938.0,1001765.0,121.147249,,,,,,,ddr4_2x,6782127.0,0.02415154181400206,,1264971.0,l1d,,,30551.0,imp,simple_triad_imp_addrlen16_l1d_ddr4_2x,3510110.0,4011354.0,0.002258,2258448291.0,,1.1536758193091232,,,stage1,,,,,,,0.002605,0.016216107189471713,1036992.0,0.8197753150072216,0.0,155338.0,302151.0,3373274.0,0.0,0.0460496241929947,0.08957203002187193,,,,stage1: addrlen16
2004857.0,simple_triad,addrlen16,3332.0,82914.18,65422.18,8185.687219,2787.459564,8185665411.0,10973146784.0,2787481373.0,19207.0,,,0.398284,,0.0,0.0,2003757.0,43932.256647,42606.948207,82761122700.0,1883835.0,1508727.0,0.187202,375108.0,0.9401514255471097,,,,,,,,,,,,,,,,,,,,,65.450928,2262.0,148050.0,375053.0,75629.649703,117919.476934,14911671143.0,197167.0,127042.0,0.186974,70125.0,0.5257043671161142,65339.0,113996.0,221234.0,0.0,730287.0,0.0,640534.0,335230.0,19120.0,0.0,56885.0,16.0,177876.0,0.0,0.2777,0.717239,305198.0,81129.65,19532672.0,6655873162.30264,2014.0,105.638144,2.0,126781.0,1001743.0,166.1993,13.12,8185687219.371184,2787481372.7024307,61.17,0.0,0.0,ddr4_1x,8812770.0,0.2776995444426057,,640534.0,l2,16.0,2.4979158015031208e-05,177876.0,imp,simple_triad_imp_addrlen16_l2_ddr4_1x,3509969.0,4011178.0,0.002935,2934652077.0,,0.987052810902896,,,stage1,,,,,,,0.002897,0.4742816157080655,335230.0,0.523360196336182,0.0,19120.0,65339.0,730287.0,0.0,0.026181487552154152,0.08947030414070085,6655873162.30264,19532672.0,0.5448434559304753,stage1: addrlen16
2004989.0,simple_triad,addrlen16,,,,,,,,,,,,0.516365,,0.0,0.0,2003834.0,30831.966921,30261.949814,58110333831.0,1884743.0,1509635.0,0.187195,375108.0,0.9405684303190783,,,,,,,,,,,,,,,,,,,,,41.368397,2196.0,90845.0,374975.0,57817.528775,81395.723682,10201324777.0,176440.0,98023.0,0.209126,78417.0,0.47053803586905796,33382.0,130416.0,171862.0,0.0,646201.0,0.0,599360.0,302278.0,9992.0,0.0,58051.0,48.0,198525.0,0.0,0.331228,0.716847,,,,,1898.0,75.725842,2.0,44396.0,1001767.0,124.080687,,,,,,,ddr4_2x,6797771.0,0.33122831019754406,,599360.0,l2,48.0,8.00854244527496e-05,198525.0,imp,simple_triad_imp_addrlen16_l2_ddr4_2x,3510112.0,4011356.0,0.002264,2263657743.0,,1.150618374558304,,,stage1,,,,,,,0.002605,0.5294494152787593,302278.0,0.5043346235985051,0.0,9992.0,33382.0,646201.0,0.0,0.015462681116247112,0.05165884918160139,,,,stage1: addrlen16
2004860.0,simple_triad,addrlen2,3332.0,65151.0,47659.0,8610.526032,2931.789044,8610503093.0,11542406831.0,2931903738.0,19207.0,,,0.418929,59.090909,77.0,4550.0,2003756.0,77941.108192,89587.758619,154697745363.0,1984803.0,1854743.0,0.064908,130060.0,0.9905412635071336,40693.0,3040.0,1436876.0,0.0,3905379.0,0.0,1684969.0,1439916.0,22399.0,0.0,32905.0,,1639.0,0.0,0.000973,0.012445,245053.0,67173.08,15683392.0,5621229338.938967,,0.0,0.0,375379.0,92969.730588,92636.731475,34897954801.0,375369.0,,0.999973,375369.0,0.9999733602572334,,,,,,,,,,,,,,,,,,,,,1855.0,195.088898,2.0,159238.0,1001741.0,155.104366,10.35,8610526032.034626,2931903738.077661,58.54,0.0,0.0,ddr4_1x,8378466.0,0.0009727181924415227,,1684969.0,l1d,,,1639.0,imp,simple_triad_imp_addrlen2_l1d_ddr4_1x,3509962.0,4011171.0,0.00279,2790028845.0,,1.0383512544802866,,,stage1,,,,,,,0.002897,0.0008250933075317578,1439916.0,0.8545652768685952,0.0,22399.0,40693.0,3905379.0,0.0,0.005735422861647999,0.010419731350017501,5621229338.938967,15683392.0,0.5731086033340321,stage1: addrlen2
2004947.0,simple_triad,addrlen2,,,,,,,,,,,,0.517556,23.819237,1809.0,43089.0,2003827.0,56793.170884,68491.23376,105262734644.0,1853440.0,1706306.0,0.073426,147134.0,0.9249501079684025,302151.0,73470.0,963522.0,0.0,3373274.0,0.0,1264971.0,1036992.0,155338.0,0.0,39574.0,,30551.0,0.0,0.024152,0.171939,,,,,,0.0,0.0,375381.0,67873.161193,67540.161193,25477616390.0,375371.0,,0.999973,375371.0,0.9999733603991677,,,,,,,,,,,,,,,,,,,,,1795.0,111.250229,2.0,48938.0,1001765.0,121.147249,,,,,,,ddr4_2x,6782127.0,0.02415154181400206,,1264971.0,l1d,,,30551.0,imp,simple_triad_imp_addrlen2_l1d_ddr4_2x,3510110.0,4011354.0,0.002258,2258448291.0,,1.1536758193091232,,,stage1,,,,,,,0.002605,0.016216107189471713,1036992.0,0.8197753150072216,0.0,155338.0,302151.0,3373274.0,0.0,0.0460496241929947,0.08957203002187193,,,,stage1: addrlen2
2004860.0,simple_triad,addrlen2,3332.0,82914.18,65422.18,8185.687219,2787.459564,8185665411.0,10973146784.0,2787481373.0,19207.0,,,0.398284,,0.0,0.0,2003756.0,43932.256647,42606.948207,82761122700.0,1883835.0,1508727.0,0.187202,375108.0,0.9401518947416752,,,,,,,,,,,,,,,,,,,,,65.450928,2262.0,148050.0,375053.0,75629.649703,117919.476934,14911671143.0,197167.0,127042.0,0.186974,70125.0,0.5257043671161142,65339.0,113996.0,221234.0,0.0,730287.0,0.0,640534.0,335230.0,19120.0,0.0,56885.0,16.0,177876.0,0.0,0.2777,0.717239,305198.0,81129.65,19532672.0,6655873162.30264,2014.0,105.638144,2.0,126781.0,1001743.0,166.1993,13.12,8185687219.371184,2787481372.7024307,61.17,0.0,0.0,ddr4_1x,8812770.0,0.2776995444426057,,640534.0,l2,16.0,2.4979158015031208e-05,177876.0,imp,simple_triad_imp_addrlen2_l2_ddr4_1x,3509969.0,4011178.0,0.002935,2934652077.0,,0.987052810902896,,,stage1,,,,,,,0.002897,0.4742816157080655,335230.0,0.523360196336182,0.0,19120.0,65339.0,730287.0,0.0,0.026181487552154152,0.08947030414070085,6655873162.30264,19532672.0,0.5448434559304753,stage1: addrlen2
2004989.0,simple_triad,addrlen2,,,,,,,,,,,,0.516365,,0.0,0.0,2003834.0,30831.966921,30261.949814,58110333831.0,1884743.0,1509635.0,0.187195,375108.0,0.9405684303190783,,,,,,,,,,,,,,,,,,,,,41.368397,2196.0,90845.0,374975.0,57817.528775,81395.723682,10201324777.0,176440.0,98023.0,0.209126,78417.0,0.47053803586905796,33382.0,130416.0,171862.0,0.0,646201.0,0.0,599360.0,302278.0,9992.0,0.0,58051.0,48.0,198525.0,0.0,0.331228,0.716847,,,,,1898.0,75.725842,2.0,44396.0,1001767.0,124.080687,,,,,,,ddr4_2x,6797771.0,0.33122831019754406,,599360.0,l2,48.0,8.00854244527496e-05,198525.0,imp,simple_triad_imp_addrlen2_l2_ddr4_2x,3510112.0,4011356.0,0.002264,2263657743.0,,1.150618374558304,,,stage1,,,,,,,0.002605,0.5294494152787593,302278.0,0.5043346235985051,0.0,9992.0,33382.0,646201.0,0.0,0.015462681116247112,0.05165884918160139,,,,stage1: addrlen2
2004860.0,simple_triad,addrlen8,3332.0,65151.0,47659.0,8610.526032,2931.789044,8610503093.0,11542406831.0,2931903738.0,19207.0,,,0.418929,59.090909,77.0,4550.0,2003756.0,77941.108192,89587.758619,154697745363.0,1984803.0,1854743.0,0.064908,130060.0,0.9905412635071336,40693.0,3040.0,1436876.0,0.0,3905379.0,0.0,1684969.0,1439916.0,22399.0,0.0,32905.0,,1639.0,0.0,0.000973,0.012445,245053.0,67173.08,15683392.0,5621229338.938967,,0.0,0.0,375379.0,92969.730588,92636.731475,34897954801.0,375369.0,,0.999973,375369.0,0.9999733602572334,,,,,,,,,,,,,,,,,,,,,1855.0,195.088898,2.0,159238.0,1001741.0,155.104366,10.35,8610526032.034626,2931903738.077661,58.54,0.0,0.0,ddr4_1x,8378466.0,0.0009727181924415227,,1684969.0,l1d,,,1639.0,imp,simple_triad_imp_addrlen8_l1d_ddr4_1x,3509962.0,4011171.0,0.00279,2790028845.0,,1.0383512544802866,,,stage1,,,,,,,0.002897,0.0008250933075317578,1439916.0,0.8545652768685952,0.0,22399.0,40693.0,3905379.0,0.0,0.005735422861647999,0.010419731350017501,5621229338.938967,15683392.0,0.5731086033340321,stage1: addrlen8
2004947.0,simple_triad,addrlen8,,,,,,,,,,,,0.517556,23.819237,1809.0,43089.0,2003827.0,56793.170884,68491.23376,105262734644.0,1853440.0,1706306.0,0.073426,147134.0,0.9249501079684025,302151.0,73470.0,963522.0,0.0,3373274.0,0.0,1264971.0,1036992.0,155338.0,0.0,39574.0,,30551.0,0.0,0.024152,0.171939,,,,,,0.0,0.0,375381.0,67873.161193,67540.161193,25477616390.0,375371.0,,0.999973,375371.0,0.9999733603991677,,,,,,,,,,,,,,,,,,,,,1795.0,111.250229,2.0,48938.0,1001765.0,121.147249,,,,,,,ddr4_2x,6782127.0,0.02415154181400206,,1264971.0,l1d,,,30551.0,imp,simple_triad_imp_addrlen8_l1d_ddr4_2x,3510110.0,4011354.0,0.002258,2258448291.0,,1.1536758193091232,,,stage1,,,,,,,0.002605,0.016216107189471713,1036992.0,0.8197753150072216,0.0,155338.0,302151.0,3373274.0,0.0,0.0460496241929947,0.08957203002187193,,,,stage1: addrlen8
2004860.0,simple_triad,addrlen8,3332.0,82914.18,65422.18,8185.687219,2787.459564,8185665411.0,10973146784.0,2787481373.0,19207.0,,,0.398284,,0.0,0.0,2003756.0,43932.256647,42606.948207,82761122700.0,1883835.0,1508727.0,0.187202,375108.0,0.9401518947416752,,,,,,,,,,,,,,,,,,,,,65.450928,2262.0,148050.0,375053.0,75629.649703,117919.476934,14911671143.0,197167.0,127042.0,0.186974,70125.0,0.5257043671161142,65339.0,113996.0,221234.0,0.0,730287.0,0.0,640534.0,335230.0,19120.0,0.0,56885.0,16.0,177876.0,0.0,0.2777,0.717239,305198.0,81129.65,19532672.0,6655873162.30264,2014.0,105.638144,2.0,126781.0,1001743.0,166.1993,13.12,8185687219.371184,2787481372.7024307,61.17,0.0,0.0,ddr4_1x,8812770.0,0.2776995444426057,,640534.0,l2,16.0,2.4979158015031208e-05,177876.0,imp,simple_triad_imp_addrlen8_l2_ddr4_1x,3509969.0,4011178.0,0.002935,2934652077.0,,0.987052810902896,,,stage1,,,,,,,0.002897,0.4742816157080655,335230.0,0.523360196336182,0.0,19120.0,65339.0,730287.0,0.0,0.026181487552154152,0.08947030414070085,6655873162.30264,19532672.0,0.5448434559304753,stage1: addrlen8
2004989.0,simple_triad,addrlen8,,,,,,,,,,,,0.516365,,0.0,0.0,2003834.0,30831.966921,30261.949814,58110333831.0,1884743.0,1509635.0,0.187195,375108.0,0.9405684303190783,,,,,,,,,,,,,,,,,,,,,41.368397,2196.0,90845.0,374975.0,57817.528775,81395.723682,10201324777.0,176440.0,98023.0,0.209126,78417.0,0.47053803586905796,33382.0,130416.0,171862.0,0.0,646201.0,0.0,599360.0,302278.0,9992.0,0.0,58051.0,48.0,198525.0,0.0,0.331228,0.716847,,,,,1898.0,75.725842,2.0,44396.0,1001767.0,124.080687,,,,,,,ddr4_2x,6797771.0,0.33122831019754406,,599360.0,l2,48.0,8.00854244527496e-05,198525.0,imp,simple_triad_imp_addrlen8_l2_ddr4_2x,3510112.0,4011356.0,0.002264,2263657743.0,,1.150618374558304,,,stage1,,,,,,,0.002605,0.5294494152787593,302278.0,0.5043346235985051,0.0,9992.0,33382.0,646201.0,0.0,0.015462681116247112,0.05165884918160139,,,,stage1: addrlen8
2004860.0,simple_triad,default,3332.0,65151.0,47659.0,8610.526032,2931.789044,8610503093.0,11542406831.0,2931903738.0,19207.0,,,0.418929,59.090909,77.0,4550.0,2003756.0,77941.108192,89587.758619,154697745363.0,1984803.0,1854743.0,0.064908,130060.0,0.9905412635071336,40693.0,3040.0,1436876.0,0.0,3905379.0,0.0,1684969.0,1439916.0,22399.0,0.0,32905.0,,1639.0,0.0,0.000973,0.012445,245053.0,67173.08,15683392.0,5621229338.938967,,0.0,0.0,375379.0,92969.730588,92636.731475,34897954801.0,375369.0,,0.999973,375369.0,0.9999733602572334,,,,,,,,,,,,,,,,,,,,,1855.0,195.088898,2.0,159238.0,1001741.0,155.104366,10.35,8610526032.034626,2931903738.077661,58.54,0.0,0.0,ddr4_1x,8378466.0,0.0009727181924415227,,1684969.0,l1d,,,1639.0,imp,simple_triad_imp_default_l1d_ddr4_1x,3509962.0,4011171.0,0.00279,2790028845.0,,1.0383512544802866,,,stage1,,,,,,,0.002897,0.0008250933075317578,1439916.0,0.8545652768685952,0.0,22399.0,40693.0,3905379.0,0.0,0.005735422861647999,0.010419731350017501,5621229338.938967,15683392.0,0.5731086033340321,IMP default
2004947.0,simple_triad,default,,,,,,,,,,,,0.517556,23.819237,1809.0,43089.0,2003827.0,56793.170884,68491.23376,105262734644.0,1853440.0,1706306.0,0.073426,147134.0,0.9249501079684025,302151.0,73470.0,963522.0,0.0,3373274.0,0.0,1264971.0,1036992.0,155338.0,0.0,39574.0,,30551.0,0.0,0.024152,0.171939,,,,,,0.0,0.0,375381.0,67873.161193,67540.161193,25477616390.0,375371.0,,0.999973,375371.0,0.9999733603991677,,,,,,,,,,,,,,,,,,,,,1795.0,111.250229,2.0,48938.0,1001765.0,121.147249,,,,,,,ddr4_2x,6782127.0,0.02415154181400206,,1264971.0,l1d,,,30551.0,imp,simple_triad_imp_default_l1d_ddr4_2x,3510110.0,4011354.0,0.002258,2258448291.0,,1.1536758193091232,,,stage1,,,,,,,0.002605,0.016216107189471713,1036992.0,0.8197753150072216,0.0,155338.0,302151.0,3373274.0,0.0,0.0460496241929947,0.08957203002187193,,,,IMP default
2004857.0,simple_triad,default,3332.0,82914.18,65422.18,8185.687219,2787.459564,8185665411.0,10973146784.0,2787481373.0,19207.0,,,0.398284,,0.0,0.0,2003757.0,43932.256647,42606.948207,82761122700.0,1883835.0,1508727.0,0.187202,375108.0,0.9401514255471097,,,,,,,,,,,,,,,,,,,,,65.450928,2262.0,148050.0,375053.0,75629.649703,117919.476934,14911671143.0,197167.0,127042.0,0.186974,70125.0,0.5257043671161142,65339.0,113996.0,221234.0,0.0,730287.0,0.0,640534.0,335230.0,19120.0,0.0,56885.0,16.0,177876.0,0.0,0.2777,0.717239,305198.0,81129.65,19532672.0,6655873162.30264,2014.0,105.638144,2.0,126781.0,1001743.0,166.1993,13.12,8185687219.371184,2787481372.7024307,61.17,0.0,0.0,ddr4_1x,8812770.0,0.2776995444426057,,640534.0,l2,16.0,2.4979158015031208e-05,177876.0,imp,simple_triad_imp_default_l2_ddr4_1x,3509969.0,4011178.0,0.002935,2934652077.0,,0.987052810902896,,,stage1,,,,,,,0.002897,0.4742816157080655,335230.0,0.523360196336182,0.0,19120.0,65339.0,730287.0,0.0,0.026181487552154152,0.08947030414070085,6655873162.30264,19532672.0,0.5448434559304753,IMP default
2004989.0,simple_triad,default,,,,,,,,,,,,0.516365,,0.0,0.0,2003834.0,30831.966921,30261.949814,58110333831.0,1884743.0,1509635.0,0.187195,375108.0,0.9405684303190783,,,,,,,,,,,,,,,,,,,,,41.368397,2196.0,90845.0,374975.0,57817.528775,81395.723682,10201324777.0,176440.0,98023.0,0.209126,78417.0,0.47053803586905796,33382.0,130416.0,171862.0,0.0,646201.0,0.0,599360.0,302278.0,9992.0,0.0,58051.0,48.0,198525.0,0.0,0.331228,0.716847,,,,,1898.0,75.725842,2.0,44396.0,1001767.0,124.080687,,,,,,,ddr4_2x,6797771.0,0.33122831019754406,,599360.0,l2,48.0,8.00854244527496e-05,198525.0,imp,simple_triad_imp_default_l2_ddr4_2x,3510112.0,4011356.0,0.002264,2263657743.0,,1.150618374558304,,,stage1,,,,,,,0.002605,0.5294494152787593,302278.0,0.5043346235985051,0.0,9992.0,33382.0,646201.0,0.0,0.015462681116247112,0.05165884918160139,,,,IMP default
2004857.0,simple_triad,dist32,3332.0,65151.0,47659.0,8610.526032,2931.789044,8610503093.0,11542406831.0,2931903738.0,19207.0,,,0.418929,59.090909,77.0,4550.0,2003757.0,77941.108192,89587.758619,154697745363.0,1984803.0,1854743.0,0.064908,130060.0,0.9905407691651233,40693.0,3040.0,1436876.0,0.0,3905379.0,0.0,1684969.0,1439916.0,22399.0,0.0,32905.0,,1639.0,0.0,0.000973,0.012445,245053.0,67173.08,15683392.0,5621229338.938967,,0.0,0.0,375379.0,92969.730588,92636.731475,34897954801.0,375369.0,,0.999973,375369.0,0.9999733602572334,,,,,,,,,,,,,,,,,,,,,1855.0,195.088898,2.0,159238.0,1001741.0,155.104366,10.35,8610526032.034626,2931903738.077661,58.54,0.0,0.0,ddr4_1x,8378466.0,0.0009727181924415227,,1684969.0,l1d,,,1639.0,imp,simple_triad_imp_dist32_l1d_ddr4_1x,3509962.0,4011171.0,0.00279,2790028845.0,,1.0383512544802866,,,stage1,,,,,,,0.002897,0.0008250933075317578,1439916.0,0.8545652768685952,0.0,22399.0,40693.0,3905379.0,0.0,0.005735422861647999,0.010419731350017501,5621229338.938967,15683392.0,0.5731086033340321,stage1: dist32
2004947.0,simple_triad,dist32,,,,,,,,,,,,0.517556,23.819237,1809.0,43089.0,2003827.0,56793.170884,68491.23376,105262734644.0,1853440.0,1706306.0,0.073426,147134.0,0.9249501079684025,302151.0,73470.0,963522.0,0.0,3373274.0,0.0,1264971.0,1036992.0,155338.0,0.0,39574.0,,30551.0,0.0,0.024152,0.171939,,,,,,0.0,0.0,375381.0,67873.161193,67540.161193,25477616390.0,375371.0,,0.999973,375371.0,0.9999733603991677,,,,,,,,,,,,,,,,,,,,,1795.0,111.250229,2.0,48938.0,1001765.0,121.147249,,,,,,,ddr4_2x,6782127.0,0.02415154181400206,,1264971.0,l1d,,,30551.0,imp,simple_triad_imp_dist32_l1d_ddr4_2x,3510110.0,4011354.0,0.002258,2258448291.0,,1.1536758193091232,,,stage1,,,,,,,0.002605,0.016216107189471713,1036992.0,0.8197753150072216,0.0,155338.0,302151.0,3373274.0,0.0,0.0460496241929947,0.08957203002187193,,,,stage1: dist32
2004860.0,simple_triad,dist32,3332.0,82914.18,65422.18,8185.687219,2787.459564,8185665411.0,10973146784.0,2787481373.0,19207.0,,,0.398284,,0.0,0.0,2003756.0,43932.256647,42606.948207,82761122700.0,1883835.0,1508727.0,0.187202,375108.0,0.9401518947416752,,,,,,,,,,,,,,,,,,,,,65.450928,2262.0,148050.0,375053.0,75629.649703,117919.476934,14911671143.0,197167.0,127042.0,0.186974,70125.0,0.5257043671161142,65339.0,113996.0,221234.0,0.0,730287.0,0.0,640534.0,335230.0,19120.0,0.0,56885.0,16.0,177876.0,0.0,0.2777,0.717239,305198.0,81129.65,19532672.0,6655873162.30264,2014.0,105.638144,2.0,126781.0,1001743.0,166.1993,13.12,8185687219.371184,2787481372.7024307,61.17,0.0,0.0,ddr4_1x,8812770.0,0.2776995444426057,,640534.0,l2,16.0,2.4979158015031208e-05,177876.0,imp,simple_triad_imp_dist32_l2_ddr4_1x,3509969.0,4011178.0,0.002935,2934652077.0,,0.987052810902896,,,stage1,,,,,,,0.002897,0.4742816157080655,335230.0,0.523360196336182,0.0,19120.0,65339.0,730287.0,0.0,0.026181487552154152,0.08947030414070085,6655873162.30264,19532672.0,0.5448434559304753,stage1: dist32
2004989.0,simple_triad,dist32,,,,,,,,,,,,0.516365,,0.0,0.0,2003834.0,30831.966921,30261.949814,58110333831.0,1884743.0,1509635.0,0.187195,375108.0,0.9405684303190783,,,,,,,,,,,,,,,,,,,,,41.368397,2196.0,90845.0,374975.0,57817.528775,81395.723682,10201324777.0,176440.0,98023.0,0.209126,78417.0,0.47053803586905796,33382.0,130416.0,171862.0,0.0,646201.0,0.0,599360.0,302278.0,9992.0,0.0,58051.0,48.0,198525.0,0.0,0.331228,0.716847,,,,,1898.0,75.725842,2.0,44396.0,1001767.0,124.080687,,,,,,,ddr4_2x,6797771.0,0.33122831019754406,,599360.0,l2,48.0,8.00854244527496e-05,198525.0,imp,simple_triad_imp_dist32_l2_ddr4_2x,3510112.0,4011356.0,0.002264,2263657743.0,,1.150618374558304,,,stage1,,,,,,,0.002605,0.5294494152787593,302278.0,0.5043346235985051,0.0,9992.0,33382.0,646201.0,0.0,0.015462681116247112,0.05165884918160139,,,,stage1: dist32
2004860.0,simple_triad,dist4,3332.0,65151.0,47659.0,8610.526032,2931.789044,8610503093.0,11542406831.0,2931903738.0,19207.0,,,0.418929,59.090909,77.0,4550.0,2003756.0,77941.108192,89587.758619,154697745363.0,1984803.0,1854743.0,0.064908,130060.0,0.9905412635071336,40693.0,3040.0,1436876.0,0.0,3905379.0,0.0,1684969.0,1439916.0,22399.0,0.0,32905.0,,1639.0,0.0,0.000973,0.012445,245053.0,67173.08,15683392.0,5621229338.938967,,0.0,0.0,375379.0,92969.730588,92636.731475,34897954801.0,375369.0,,0.999973,375369.0,0.9999733602572334,,,,,,,,,,,,,,,,,,,,,1855.0,195.088898,2.0,159238.0,1001741.0,155.104366,10.35,8610526032.034626,2931903738.077661,58.54,0.0,0.0,ddr4_1x,8378466.0,0.0009727181924415227,,1684969.0,l1d,,,1639.0,imp,simple_triad_imp_dist4_l1d_ddr4_1x,3509962.0,4011171.0,0.00279,2790028845.0,,1.0383512544802866,,,stage1,,,,,,,0.002897,0.0008250933075317578,1439916.0,0.8545652768685952,0.0,22399.0,40693.0,3905379.0,0.0,0.005735422861647999,0.010419731350017501,5621229338.938967,15683392.0,0.5731086033340321,stage1: dist4
2004947.0,simple_triad,dist4,,,,,,,,,,,,0.517556,23.819237,1809.0,43089.0,2003827.0,56793.170884,68491.23376,105262734644.0,1853440.0,1706306.0,0.073426,147134.0,0.9249501079684025,302151.0,73470.0,963522.0,0.0,3373274.0,0.0,1264971.0,1036992.0,155338.0,0.0,39574.0,,30551.0,0.0,0.024152,0.171939,,,,,,0.0,0.0,375381.0,67873.161193,67540.161193,25477616390.0,375371.0,,0.999973,375371.0,0.9999733603991677,,,,,,,,,,,,,,,,,,,,,1795.0,111.250229,2.0,48938.0,1001765.0,121.147249,,,,,,,ddr4_2x,6782127.0,0.02415154181400206,,1264971.0,l1d,,,30551.0,imp,simple_triad_imp_dist4_l1d_ddr4_2x,3510110.0,4011354.0,0.002258,2258448291.0,,1.1536758193091232,,,stage1,,,,,,,0.002605,0.016216107189471713,1036992.0,0.8197753150072216,0.0,155338.0,302151.0,3373274.0,0.0,0.0460496241929947,0.08957203002187193,,,,stage1: dist4
2004857.0,simple_triad,dist4,3332.0,82914.18,65422.18,8185.687219,2787.459564,8185665411.0,10973146784.0,2787481373.0,19207.0,,,0.398284,,0.0,0.0,2003757.0,43932.256647,42606.948207,82761122700.0,1883835.0,1508727.0,0.187202,375108.0,0.9401514255471097,,,,,,,,,,,,,,,,,,,,,65.450928,2262.0,148050.0,375053.0,75629.649703,117919.476934,14911671143.0,197167.0,127042.0,0.186974,70125.0,0.5257043671161142,65339.0,113996.0,221234.0,0.0,730287.0,0.0,640534.0,335230.0,19120.0,0.0,56885.0,16.0,177876.0,0.0,0.2777,0.717239,305198.0,81129.65,19532672.0,6655873162.30264,2014.0,105.638144,2.0,126781.0,1001743.0,166.1993,13.12,8185687219.371184,2787481372.7024307,61.17,0.0,0.0,ddr4_1x,8812770.0,0.2776995444426057,,640534.0,l2,16.0,2.4979158015031208e-05,177876.0,imp,simple_triad_imp_dist4_l2_ddr4_1x,3509969.0,4011178.0,0.002935,2934652077.0,,0.987052810902896,,,stage1,,,,,,,0.002897,0.4742816157080655,335230.0,0.523360196336182,0.0,19120.0,65339.0,730287.0,0.0,0.026181487552154152,0.08947030414070085,6655873162.30264,19532672.0,0.5448434559304753,stage1: dist4
2004989.0,simple_triad,dist4,,,,,,,,,,,,0.516365,,0.0,0.0,2003834.0,30831.966921,30261.949814,58110333831.0,1884743.0,1509635.0,0.187195,375108.0,0.9405684303190783,,,,,,,,,,,,,,,,,,,,,41.368397,2196.0,90845.0,374975.0,57817.528775,81395.723682,10201324777.0,176440.0,98023.0,0.209126,78417.0,0.47053803586905796,33382.0,130416.0,171862.0,0.0,646201.0,0.0,599360.0,302278.0,9992.0,0.0,58051.0,48.0,198525.0,0.0,0.331228,0.716847,,,,,1898.0,75.725842,2.0,44396.0,1001767.0,124.080687,,,,,,,ddr4_2x,6797771.0,0.33122831019754406,,599360.0,l2,48.0,8.00854244527496e-05,198525.0,imp,simple_triad_imp_dist4_l2_ddr4_2x,3510112.0,4011356.0,0.002264,2263657743.0,,1.150618374558304,,,stage1,,,,,,,0.002605,0.5294494152787593,302278.0,0.5043346235985051,0.0,9992.0,33382.0,646201.0,0.0,0.015462681116247112,0.05165884918160139,,,,stage1: dist4
2004860.0,simple_triad,dist64,3332.0,65151.0,47659.0,8610.526032,2931.789044,8610503093.0,11542406831.0,2931903738.0,19207.0,,,0.418929,59.090909,77.0,4550.0,2003756.0,77941.108192,89587.758619,154697745363.0,1984803.0,1854743.0,0.064908,130060.0,0.9905412635071336,40693.0,3040.0,1436876.0,0.0,3905379.0,0.0,1684969.0,1439916.0,22399.0,0.0,32905.0,,1639.0,0.0,0.000973,0.012445,245053.0,67173.08,15683392.0,5621229338.938967,,0.0,0.0,375379.0,92969.730588,92636.731475,34897954801.0,375369.0,,0.999973,375369.0,0.9999733602572334,,,,,,,,,,,,,,,,,,,,,1855.0,195.088898,2.0,159238.0,1001741.0,155.104366,10.35,8610526032.034626,2931903738.077661,58.54,0.0,0.0,ddr4_1x,8378466.0,0.0009727181924415227,,1684969.0,l1d,,,1639.0,imp,simple_triad_imp_dist64_l1d_ddr4_1x,3509962.0,4011171.0,0.00279,2790028845.0,,1.0383512544802866,,,stage1,,,,,,,0.002897,0.0008250933075317578,1439916.0,0.8545652768685952,0.0,22399.0,40693.0,3905379.0,0.0,0.005735422861647999,0.010419731350017501,5621229338.938967,15683392.0,0.5731086033340321,stage1: dist64
2004947.0,simple_triad,dist64,,,,,,,,,,,,0.517556,23.819237,1809.0,43089.0,2003827.0,56793.170884,68491.23376,105262734644.0,1853440.0,1706306.0,0.073426,147134.0,0.9249501079684025,302151.0,73470.0,963522.0,0.0,3373274.0,0.0,1264971.0,1036992.0,155338.0,0.0,39574.0,,30551.0,0.0,0.024152,0.171939,,,,,,0.0,0.0,375381.0,67873.161193,67540.161193,25477616390.0,375371.0,,0.999973,375371.0,0.9999733603991677,,,,,,,,,,,,,,,,,,,,,1795.0,111.250229,2.0,48938.0,1001765.0,121.147249,,,,,,,ddr4_2x,6782127.0,0.02415154181400206,,1264971.0,l1d,,,30551.0,imp,simple_triad_imp_dist64_l1d_ddr4_2x,3510110.0,4011354.0,0.002258,2258448291.0,,1.1536758193091232,,,stage1,,,,,,,0.002605,0.016216107189471713,1036992.0,0.8197753150072216,0.0,155338.0,302151.0,3373274.0,0.0,0.0460496241929947,0.08957203002187193,,,,stage1: dist64
2004860.0,simple_triad,dist64,3332.0,82914.18,65422.18,8185.687219,2787.459564,8185665411.0,10973146784.0,2787481373.0,19207.0,,,0.398284,,0.0,0.0,2003756.0,43932.256647,42606.948207,82761122700.0,1883835.0,1508727.0,0.187202,375108.0,0.9401518947416752,,,,,,,,,,,,,,,,,,,,,65.450928,2262.0,148050.0,375053.0,75629.649703,117919.476934,14911671143.0,197167.0,127042.0,0.186974,70125.0,0.5257043671161142,65339.0,113996.0,221234.0,0.0,730287.0,0.0,640534.0,335230.0,19120.0,0.0,56885.0,16.0,177876.0,0.0,0.2777,0.717239,305198.0,81129.65,19532672.0,6655873162.30264,2014.0,105.638144,2.0,126781.0,1001743.0,166.1993,13.12,8185687219.371184,2787481372.7024307,61.17,0.0,0.0,ddr4_1x,8812770.0,0.2776995444426057,,640534.0,l2,16.0,2.4979158015031208e-05,177876.0,imp,simple_triad_imp_dist64_l2_ddr4_1x,3509969.0,4011178.0,0.002935,2934652077.0,,0.987052810902896,,,stage1,,,,,,,0.002897,0.4742816157080655,335230.0,0.523360196336182,0.0,19120.0,65339.0,730287.0,0.0,0.026181487552154152,0.08947030414070085,6655873162.30264,19532672.0,0.5448434559304753,stage1: dist64
2004989.0,simple_triad,dist64,,,,,,,,,,,,0.516365,,0.0,0.0,2003834.0,30831.966921,30261.949814,58110333831.0,1884743.0,1509635.0,0.187195,375108.0,0.9405684303190783,,,,,,,,,,,,,,,,,,,,,41.368397,2196.0,90845.0,374975.0,57817.528775,81395.723682,10201324777.0,176440.0,98023.0,0.209126,78417.0,0.47053803586905796,33382.0,130416.0,171862.0,0.0,646201.0,0.0,599360.0,302278.0,9992.0,0.0,58051.0,48.0,198525.0,0.0,0.331228,0.716847,,,,,1898.0,75.725842,2.0,44396.0,1001767.0,124.080687,,,,,,,ddr4_2x,6797771.0,0.33122831019754406,,599360.0,l2,48.0,8.00854244527496e-05,198525.0,imp,simple_triad_imp_dist64_l2_ddr4_2x,3510112.0,4011356.0,0.002264,2263657743.0,,1.150618374558304,,,stage1,,,,,,,0.002605,0.5294494152787593,302278.0,0.5043346235985051,0.0,9992.0,33382.0,646201.0,0.0,0.015462681116247112,0.05165884918160139,,,,stage1: dist64
2004860.0,simple_triad,dist8,3332.0,65151.0,47659.0,8610.526032,2931.789044,8610503093.0,11542406831.0,2931903738.0,19207.0,,,0.418929,59.090909,77.0,4550.0,2003756.0,77941.108192,89587.758619,154697745363.0,1984803.0,1854743.0,0.064908,130060.0,0.9905412635071336,40693.0,3040.0,1436876.0,0.0,3905379.0,0.0,1684969.0,1439916.0,22399.0,0.0,32905.0,,1639.0,0.0,0.000973,0.012445,245053.0,67173.08,15683392.0,5621229338.938967,,0.0,0.0,375379.0,92969.730588,92636.731475,34897954801.0,375369.0,,0.999973,375369.0,0.9999733602572334,,,,,,,,,,,,,,,,,,,,,1855.0,195.088898,2.0,159238.0,1001741.0,155.104366,10.35,8610526032.034626,2931903738.077661,58.54,0.0,0.0,ddr4_1x,8378466.0,0.0009727181924415227,,1684969.0,l1d,,,1639.0,imp,simple_triad_imp_dist8_l1d_ddr4_1x,3509962.0,4011171.0,0.00279,2790028845.0,,1.0383512544802866,,,stage1,,,,,,,0.002897,0.0008250933075317578,1439916.0,0.8545652768685952,0.0,22399.0,40693.0,3905379.0,0.0,0.005735422861647999,0.010419731350017501,5621229338.938967,15683392.0,0.5731086033340321,stage1: dist8
2004947.0,simple_triad,dist8,,,,,,,,,,,,0.517556,23.819237,1809.0,43089.0,2003827.0,56793.170884,68491.23376,105262734644.0,1853440.0,1706306.0,0.073426,147134.0,0.9249501079684025,302151.0,73470.0,963522.0,0.0,3373274.0,0.0,1264971.0,1036992.0,155338.0,0.0,39574.0,,30551.0,0.0,0.024152,0.171939,,,,,,0.0,0.0,375381.0,67873.161193,67540.161193,25477616390.0,375371.0,,0.999973,375371.0,0.9999733603991677,,,,,,,,,,,,,,,,,,,,,1795.0,111.250229,2.0,48938.0,1001765.0,121.147249,,,,,,,ddr4_2x,6782127.0,0.02415154181400206,,1264971.0,l1d,,,30551.0,imp,simple_triad_imp_dist8_l1d_ddr4_2x,3510110.0,4011354.0,0.002258,2258448291.0,,1.1536758193091232,,,stage1,,,,,,,0.002605,0.016216107189471713,1036992.0,0.8197753150072216,0.0,155338.0,302151.0,3373274.0,0.0,0.0460496241929947,0.08957203002187193,,,,stage1: dist8
2004857.0,simple_triad,dist8,3332.0,82914.18,65422.18,8185.687219,2787.459564,8185665411.0,10973146784.0,2787481373.0,19207.0,,,0.398284,,0.0,0.0,2003757.0,43932.256647,42606.948207,82761122700.0,1883835.0,1508727.0,0.187202,375108.0,0.9401514255471097,,,,,,,,,,,,,,,,,,,,,65.450928,2262.0,148050.0,375053.0,75629.649703,117919.476934,14911671143.0,197167.0,127042.0,0.186974,70125.0,0.5257043671161142,65339.0,113996.0,221234.0,0.0,730287.0,0.0,640534.0,335230.0,19120.0,0.0,56885.0,16.0,177876.0,0.0,0.2777,0.717239,305198.0,81129.65,19532672.0,6655873162.30264,2014.0,105.638144,2.0,126781.0,1001743.0,166.1993,13.12,8185687219.371184,2787481372.7024307,61.17,0.0,0.0,ddr4_1x,8812770.0,0.2776995444426057,,640534.0,l2,16.0,2.4979158015031208e-05,177876.0,imp,simple_triad_imp_dist8_l2_ddr4_1x,3509969.0,4011178.0,0.002935,2934652077.0,,0.987052810902896,,,stage1,,,,,,,0.002897,0.4742816157080655,335230.0,0.523360196336182,0.0,19120.0,65339.0,730287.0,0.0,0.026181487552154152,0.08947030414070085,6655873162.30264,19532672.0,0.5448434559304753,stage1: dist8
2004989.0,simple_triad,dist8,,,,,,,,,,,,0.516365,,0.0,0.0,2003834.0,30831.966921,30261.949814,58110333831.0,1884743.0,1509635.0,0.187195,375108.0,0.9405684303190783,,,,,,,,,,,,,,,,,,,,,41.368397,2196.0,90845.0,374975.0,57817.528775,81395.723682,10201324777.0,176440.0,98023.0,0.209126,78417.0,0.47053803586905796,33382.0,130416.0,171862.0,0.0,646201.0,0.0,599360.0,302278.0,9992.0,0.0,58051.0,48.0,198525.0,0.0,0.331228,0.716847,,,,,1898.0,75.725842,2.0,44396.0,1001767.0,124.080687,,,,,,,ddr4_2x,6797771.0,0.33122831019754406,,599360.0,l2,48.0,8.00854244527496e-05,198525.0,imp,simple_triad_imp_dist8_l2_ddr4_2x,3510112.0,4011356.0,0.002264,2263657743.0,,1.150618374558304,,,stage1,,,,,,,0.002605,0.5294494152787593,302278.0,0.5043346235985051,0.0,9992.0,33382.0,646201.0,0.0,0.015462681116247112,0.05165884918160139,,,,stage1: dist8
2004857.0,simple_triad,ipd16,3332.0,65151.0,47659.0,8610.526032,2931.789044,8610503093.0,11542406831.0,2931903738.0,19207.0,,,0.418929,59.090909,77.0,4550.0,2003757.0,77941.108192,89587.758619,154697745363.0,1984803.0,1854743.0,0.064908,130060.0,0.9905407691651233,40693.0,3040.0,1436876.0,0.0,3905379.0,0.0,1684969.0,1439916.0,22399.0,0.0,32905.0,,1639.0,0.0,0.000973,0.012445,245053.0,67173.08,15683392.0,5621229338.938967,,0.0,0.0,375379.0,92969.730588,92636.731475,34897954801.0,375369.0,,0.999973,375369.0,0.9999733602572334,,,,,,,,,,,,,,,,,,,,,1855.0,195.088898,2.0,159238.0,1001741.0,155.104366,10.35,8610526032.034626,2931903738.077661,58.54,0.0,0.0,ddr4_1x,8378466.0,0.0009727181924415227,,1684969.0,l1d,,,1639.0,imp,simple_triad_imp_ipd16_l1d_ddr4_1x,3509962.0,4011171.0,0.00279,2790028845.0,,1.0383512544802866,,,stage1,,,,,,,0.002897,0.0008250933075317578,1439916.0,0.8545652768685952,0.0,22399.0,40693.0,3905379.0,0.0,0.005735422861647999,0.010419731350017501,5621229338.938967,15683392.0,0.5731086033340321,stage1: ipd16
2004947.0,simple_triad,ipd16,,,,,,,,,,,,0.517556,23.819237,1809.0,43089.0,2003827.0,56793.170884,68491.23376,105262734644.0,1853440.0,1706306.0,0.073426,147134.0,0.9249501079684025,302151.0,73470.0,963522.0,0.0,3373274.0,0.0,1264971.0,1036992.0,155338.0,0.0,39574.0,,30551.0,0.0,0.024152,0.171939,,,,,,0.0,0.0,375381.0,67873.161193,67540.161193,25477616390.0,375371.0,,0.999973,375371.0,0.9999733603991677,,,,,,,,,,,,,,,,,,,,,1795.0,111.250229,2.0,48938.0,1001765.0,121.147249,,,,,,,ddr4_2x,6782127.0,0.02415154181400206,,1264971.0,l1d,,,30551.0,imp,simple_triad_imp_ipd16_l1d_ddr4_2x,3510110.0,4011354.0,0.002258,2258448291.0,,1.1536758193091232,,,stage1,,,,,,,0.002605,0.016216107189471713,1036992.0,0.8197753150072216,0.0,155338.0,302151.0,3373274.0,0.0,0.0460496241929947,0.08957203002187193,,,,stage1: ipd16
2004857.0,simple_triad,ipd16,3332.0,82914.18,65422.18,8185.687219,2787.459564,8185665411.0,10973146784.0,2787481373.0,19207.0,,,0.398284,,0.0,0.0,2003757.0,43932.256647,42606.948207,82761122700.0,1883835.0,1508727.0,0.187202,375108.0,0.9401514255471097,,,,,,,,,,,,,,,,,,,,,65.450928,2262.0,148050.0,375053.0,75629.649703,117919.476934,14911671143.0,197167.0,127042.0,0.186974,70125.0,0.5257043671161142,65339.0,113996.0,221234.0,0.0,730287.0,0.0,640534.0,335230.0,19120.0,0.0,56885.0,16.0,177876.0,0.0,0.2777,0.717239,305198.0,81129.65,19532672.0,6655873162.30264,2014.0,105.638144,2.0,126781.0,1001743.0,166.1993,13.12,8185687219.371184,2787481372.7024307,61.17,0.0,0.0,ddr4_1x,8812770.0,0.2776995444426057,,640534.0,l2,16.0,2.4979158015031208e-05,177876.0,imp,simple_triad_imp_ipd16_l2_ddr4_1x,3509969.0,4011178.0,0.002935,2934652077.0,,0.987052810902896,,,stage1,,,,,,,0.002897,0.4742816157080655,335230.0,0.523360196336182,0.0,19120.0,65339.0,730287.0,0.0,0.026181487552154152,0.08947030414070085,6655873162.30264,19532672.0,0.5448434559304753,stage1: ipd16
2004989.0,simple_triad,ipd16,,,,,,,,,,,,0.516365,,0.0,0.0,2003834.0,30831.966921,30261.949814,58110333831.0,1884743.0,1509635.0,0.187195,375108.0,0.9405684303190783,,,,,,,,,,,,,,,,,,,,,41.368397,2196.0,90845.0,374975.0,57817.528775,81395.723682,10201324777.0,176440.0,98023.0,0.209126,78417.0,0.47053803586905796,33382.0,130416.0,171862.0,0.0,646201.0,0.0,599360.0,302278.0,9992.0,0.0,58051.0,48.0,198525.0,0.0,0.331228,0.716847,,,,,1898.0,75.725842,2.0,44396.0,1001767.0,124.080687,,,,,,,ddr4_2x,6797771.0,0.33122831019754406,,599360.0,l2,48.0,8.00854244527496e-05,198525.0,imp,simple_triad_imp_ipd16_l2_ddr4_2x,3510112.0,4011356.0,0.002264,2263657743.0,,1.150618374558304,,,stage1,,,,,,,0.002605,0.5294494152787593,302278.0,0.5043346235985051,0.0,9992.0,33382.0,646201.0,0.0,0.015462681116247112,0.05165884918160139,,,,stage1: ipd16
2004857.0,simple_triad,ipd2,3332.0,65151.0,47659.0,8610.526032,2931.789044,8610503093.0,11542406831.0,2931903738.0,19207.0,,,0.418929,59.090909,77.0,4550.0,2003757.0,77941.108192,89587.758619,154697745363.0,1984803.0,1854743.0,0.064908,130060.0,0.9905407691651233,40693.0,3040.0,1436876.0,0.0,3905379.0,0.0,1684969.0,1439916.0,22399.0,0.0,32905.0,,1639.0,0.0,0.000973,0.012445,245053.0,67173.08,15683392.0,5621229338.938967,,0.0,0.0,375379.0,92969.730588,92636.731475,34897954801.0,375369.0,,0.999973,375369.0,0.9999733602572334,,,,,,,,,,,,,,,,,,,,,1855.0,195.088898,2.0,159238.0,1001741.0,155.104366,10.35,8610526032.034626,2931903738.077661,58.54,0.0,0.0,ddr4_1x,8378466.0,0.0009727181924415227,,1684969.0,l1d,,,1639.0,imp,simple_triad_imp_ipd2_l1d_ddr4_1x,3509962.0,4011171.0,0.00279,2790028845.0,,1.0383512544802866,,,stage1,,,,,,,0.002897,0.0008250933075317578,1439916.0,0.8545652768685952,0.0,22399.0,40693.0,3905379.0,0.0,0.005735422861647999,0.010419731350017501,5621229338.938967,15683392.0,0.5731086033340321,stage1: ipd2
2004947.0,simple_triad,ipd2,,,,,,,,,,,,0.517556,23.819237,1809.0,43089.0,2003827.0,56793.170884,68491.23376,105262734644.0,1853440.0,1706306.0,0.073426,147134.0,0.9249501079684025,302151.0,73470.0,963522.0,0.0,3373274.0,0.0,1264971.0,1036992.0,155338.0,0.0,39574.0,,30551.0,0.0,0.024152,0.171939,,,,,,0.0,0.0,375381.0,67873.161193,67540.161193,25477616390.0,375371.0,,0.999973,375371.0,0.9999733603991677,,,,,,,,,,,,,,,,,,,,,1795.0,111.250229,2.0,48938.0,1001765.0,121.147249,,,,,,,ddr4_2x,6782127.0,0.02415154181400206,,1264971.0,l1d,,,30551.0,imp,simple_triad_imp_ipd2_l1d_ddr4_2x,3510110.0,4011354.0,0.002258,2258448291.0,,1.1536758193091232,,,stage1,,,,,,,0.002605,0.016216107189471713,1036992.0,0.8197753150072216,0.0,155338.0,302151.0,3373274.0,0.0,0.0460496241929947,0.08957203002187193,,,,stage1: ipd2
2004857.0,simple_triad,ipd2,3332.0,82914.18,65422.18,8185.687219,2787.459564,8185665411.0,10973146784.0,2787481373.0,19207.0,,,0.398284,,0.0,0.0,2003757.0,43932.256647,42606.948207,82761122700.0,1883835.0,1508727.0,0.187202,375108.0,0.9401514255471097,,,,,,,,,,,,,,,,,,,,,65.450928,2262.0,148050.0,375053.0,75629.649703,117919.476934,14911671143.0,197167.0,127042.0,0.186974,70125.0,0.5257043671161142,65339.0,113996.0,221234.0,0.0,730287.0,0.0,640534.0,335230.0,19120.0,0.0,56885.0,16.0,177876.0,0.0,0.2777,0.717239,305198.0,81129.65,19532672.0,6655873162.30264,2014.0,105.638144,2.0,126781.0,1001743.0,166.1993,13.12,8185687219.371184,2787481372.7024307,61.17,0.0,0.0,ddr4_1x,8812770.0,0.2776995444426057,,640534.0,l2,16.0,2.4979158015031208e-05,177876.0,imp,simple_triad_imp_ipd2_l2_ddr4_1x,3509969.0,4011178.0,0.002935,2934652077.0,,0.987052810902896,,,stage1,,,,,,,0.002897,0.4742816157080655,335230.0,0.523360196336182,0.0,19120.0,65339.0,730287.0,0.0,0.026181487552154152,0.08947030414070085,6655873162.30264,19532672.0,0.5448434559304753,stage1: ipd2
2004989.0,simple_triad,ipd2,,,,,,,,,,,,0.516365,,0.0,0.0,2003834.0,30831.966921,30261.949814,58110333831.0,1884743.0,1509635.0,0.187195,375108.0,0.9405684303190783,,,,,,,,,,,,,,,,,,,,,41.368397,2196.0,90845.0,374975.0,57817.528775,81395.723682,10201324777.0,176440.0,98023.0,0.209126,78417.0,0.47053803586905796,33382.0,130416.0,171862.0,0.0,646201.0,0.0,599360.0,302278.0,9992.0,0.0,58051.0,48.0,198525.0,0.0,0.331228,0.716847,,,,,1898.0,75.725842,2.0,44396.0,1001767.0,124.080687,,,,,,,ddr4_2x,6797771.0,0.33122831019754406,,599360.0,l2,48.0,8.00854244527496e-05,198525.0,imp,simple_triad_imp_ipd2_l2_ddr4_2x,3510112.0,4011356.0,0.002264,2263657743.0,,1.150618374558304,,,stage1,,,,,,,0.002605,0.5294494152787593,302278.0,0.5043346235985051,0.0,9992.0,33382.0,646201.0,0.0,0.015462681116247112,0.05165884918160139,,,,stage1: ipd2
2004857.0,simple_triad,ipd8,3332.0,65151.0,47659.0,8610.526032,2931.789044,8610503093.0,11542406831.0,2931903738.0,19207.0,,,0.418929,59.090909,77.0,4550.0,2003757.0,77941.108192,89587.758619,154697745363.0,1984803.0,1854743.0,0.064908,130060.0,0.9905407691651233,40693.0,3040.0,1436876.0,0.0,3905379.0,0.0,1684969.0,1439916.0,22399.0,0.0,32905.0,,1639.0,0.0,0.000973,0.012445,245053.0,67173.08,15683392.0,5621229338.938967,,0.0,0.0,375379.0,92969.730588,92636.731475,34897954801.0,375369.0,,0.999973,375369.0,0.9999733602572334,,,,,,,,,,,,,,,,,,,,,1855.0,195.088898,2.0,159238.0,1001741.0,155.104366,10.35,8610526032.034626,2931903738.077661,58.54,0.0,0.0,ddr4_1x,8378466.0,0.0009727181924415227,,1684969.0,l1d,,,1639.0,imp,simple_triad_imp_ipd8_l1d_ddr4_1x,3509962.0,4011171.0,0.00279,2790028845.0,,1.0383512544802866,,,stage1,,,,,,,0.002897,0.0008250933075317578,1439916.0,0.8545652768685952,0.0,22399.0,40693.0,3905379.0,0.0,0.005735422861647999,0.010419731350017501,5621229338.938967,15683392.0,0.5731086033340321,stage1: ipd8
2004947.0,simple_triad,ipd8,,,,,,,,,,,,0.517556,23.819237,1809.0,43089.0,2003827.0,56793.170884,68491.23376,105262734644.0,1853440.0,1706306.0,0.073426,147134.0,0.9249501079684025,302151.0,73470.0,963522.0,0.0,3373274.0,0.0,1264971.0,1036992.0,155338.0,0.0,39574.0,,30551.0,0.0,0.024152,0.171939,,,,,,0.0,0.0,375381.0,67873.161193,67540.161193,25477616390.0,375371.0,,0.999973,375371.0,0.9999733603991677,,,,,,,,,,,,,,,,,,,,,1795.0,111.250229,2.0,48938.0,1001765.0,121.147249,,,,,,,ddr4_2x,6782127.0,0.02415154181400206,,1264971.0,l1d,,,30551.0,imp,simple_triad_imp_ipd8_l1d_ddr4_2x,3510110.0,4011354.0,0.002258,2258448291.0,,1.1536758193091232,,,stage1,,,,,,,0.002605,0.016216107189471713,1036992.0,0.8197753150072216,0.0,155338.0,302151.0,3373274.0,0.0,0.0460496241929947,0.08957203002187193,,,,stage1: ipd8
2004857.0,simple_triad,ipd8,3332.0,82914.18,65422.18,8185.687219,2787.459564,8185665411.0,10973146784.0,2787481373.0,19207.0,,,0.398284,,0.0,0.0,2003757.0,43932.256647,42606.948207,82761122700.0,1883835.0,1508727.0,0.187202,375108.0,0.9401514255471097,,,,,,,,,,,,,,,,,,,,,65.450928,2262.0,148050.0,375053.0,75629.649703,117919.476934,14911671143.0,197167.0,127042.0,0.186974,70125.0,0.5257043671161142,65339.0,113996.0,221234.0,0.0,730287.0,0.0,640534.0,335230.0,19120.0,0.0,56885.0,16.0,177876.0,0.0,0.2777,0.717239,305198.0,81129.65,19532672.0,6655873162.30264,2014.0,105.638144,2.0,126781.0,1001743.0,166.1993,13.12,8185687219.371184,2787481372.7024307,61.17,0.0,0.0,ddr4_1x,8812770.0,0.2776995444426057,,640534.0,l2,16.0,2.4979158015031208e-05,177876.0,imp,simple_triad_imp_ipd8_l2_ddr4_1x,3509969.0,4011178.0,0.002935,2934652077.0,,0.987052810902896,,,stage1,,,,,,,0.002897,0.4742816157080655,335230.0,0.523360196336182,0.0,19120.0,65339.0,730287.0,0.0,0.026181487552154152,0.08947030414070085,6655873162.30264,19532672.0,0.5448434559304753,stage1: ipd8
2004989.0,simple_triad,ipd8,,,,,,,,,,,,0.516365,,0.0,0.0,2003834.0,30831.966921,30261.949814,58110333831.0,1884743.0,1509635.0,0.187195,375108.0,0.9405684303190783,,,,,,,,,,,,,,,,,,,,,41.368397,2196.0,90845.0,374975.0,57817.528775,81395.723682,10201324777.0,176440.0,98023.0,0.209126,78417.0,0.47053803586905796,33382.0,130416.0,171862.0,0.0,646201.0,0.0,599360.0,302278.0,9992.0,0.0,58051.0,48.0,198525.0,0.0,0.331228,0.716847,,,,,1898.0,75.725842,2.0,44396.0,1001767.0,124.080687,,,,,,,ddr4_2x,6797771.0,0.33122831019754406,,599360.0,l2,48.0,8.00854244527496e-05,198525.0,imp,simple_triad_imp_ipd8_l2_ddr4_2x,3510112.0,4011356.0,0.002264,2263657743.0,,1.150618374558304,,,stage1,,,,,,,0.002605,0.5294494152787593,302278.0,0.5043346235985051,0.0,9992.0,33382.0,646201.0,0.0,0.015462681116247112,0.05165884918160139,,,,stage1: ipd8
2004860.0,simple_triad,pt32,3332.0,65151.0,47659.0,8610.526032,2931.789044,8610503093.0,11542406831.0,2931903738.0,19207.0,,,0.418929,59.090909,77.0,4550.0,2003756.0,77941.108192,89587.758619,154697745363.0,1984803.0,1854743.0,0.064908,130060.0,0.9905412635071336,40693.0,3040.0,1436876.0,0.0,3905379.0,0.0,1684969.0,1439916.0,22399.0,0.0,32905.0,,1639.0,0.0,0.000973,0.012445,245053.0,67173.08,15683392.0,5621229338.938967,,0.0,0.0,375379.0,92969.730588,92636.731475,34897954801.0,375369.0,,0.999973,375369.0,0.9999733602572334,,,,,,,,,,,,,,,,,,,,,1855.0,195.088898,2.0,159238.0,1001741.0,155.104366,10.35,8610526032.034626,2931903738.077661,58.54,0.0,0.0,ddr4_1x,8378466.0,0.0009727181924415227,,1684969.0,l1d,,,1639.0,imp,simple_triad_imp_pt32_l1d_ddr4_1x,3509962.0,4011171.0,0.00279,2790028845.0,,1.0383512544802866,,,stage1,,,,,,,0.002897,0.0008250933075317578,1439916.0,0.8545652768685952,0.0,22399.0,40693.0,3905379.0,0.0,0.005735422861647999,0.010419731350017501,5621229338.938967,15683392.0,0.5731086033340321,stage1: pt32
2004947.0,simple_triad,pt32,,,,,,,,,,,,0.517556,23.819237,1809.0,43089.0,2003827.0,56793.170884,68491.23376,105262734644.0,1853440.0,1706306.0,0.073426,147134.0,0.9249501079684025,302151.0,73470.0,963522.0,0.0,3373274.0,0.0,1264971.0,1036992.0,155338.0,0.0,39574.0,,30551.0,0.0,0.024152,0.171939,,,,,,0.0,0.0,375381.0,67873.161193,67540.161193,25477616390.0,375371.0,,0.999973,375371.0,0.9999733603991677,,,,,,,,,,,,,,,,,,,,,1795.0,111.250229,2.0,48938.0,1001765.0,121.147249,,,,,,,ddr4_2x,6782127.0,0.02415154181400206,,1264971.0,l1d,,,30551.0,imp,simple_triad_imp_pt32_l1d_ddr4_2x,3510110.0,4011354.0,0.002258,2258448291.0,,1.1536758193091232,,,stage1,,,,,,,0.002605,0.016216107189471713,1036992.0,0.8197753150072216,0.0,155338.0,302151.0,3373274.0,0.0,0.0460496241929947,0.08957203002187193,,,,stage1: pt32
2004860.0,simple_triad,pt32,3332.0,82914.18,65422.18,8185.687219,2787.459564,8185665411.0,10973146784.0,2787481373.0,19207.0,,,0.398284,,0.0,0.0,2003756.0,43932.256647,42606.948207,82761122700.0,1883835.0,1508727.0,0.187202,375108.0,0.9401518947416752,,,,,,,,,,,,,,,,,,,,,65.450928,2262.0,148050.0,375053.0,75629.649703,117919.476934,14911671143.0,197167.0,127042.0,0.186974,70125.0,0.5257043671161142,65339.0,113996.0,221234.0,0.0,730287.0,0.0,640534.0,335230.0,19120.0,0.0,56885.0,16.0,177876.0,0.0,0.2777,0.717239,305198.0,81129.65,19532672.0,6655873162.30264,2014.0,105.638144,2.0,126781.0,1001743.0,166.1993,13.12,8185687219.371184,2787481372.7024307,61.17,0.0,0.0,ddr4_1x,8812770.0,0.2776995444426057,,640534.0,l2,16.0,2.4979158015031208e-05,177876.0,imp,simple_triad_imp_pt32_l2_ddr4_1x,3509969.0,4011178.0,0.002935,2934652077.0,,0.987052810902896,,,stage1,,,,,,,0.002897,0.4742816157080655,335230.0,0.523360196336182,0.0,19120.0,65339.0,730287.0,0.0,0.026181487552154152,0.08947030414070085,6655873162.30264,19532672.0,0.5448434559304753,stage1: pt32
2004989.0,simple_triad,pt32,,,,,,,,,,,,0.516365,,0.0,0.0,2003834.0,30831.966921,30261.949814,58110333831.0,1884743.0,1509635.0,0.187195,375108.0,0.9405684303190783,,,,,,,,,,,,,,,,,,,,,41.368397,2196.0,90845.0,374975.0,57817.528775,81395.723682,10201324777.0,176440.0,98023.0,0.209126,78417.0,0.47053803586905796,33382.0,130416.0,171862.0,0.0,646201.0,0.0,599360.0,302278.0,9992.0,0.0,58051.0,48.0,198525.0,0.0,0.331228,0.716847,,,,,1898.0,75.725842,2.0,44396.0,1001767.0,124.080687,,,,,,,ddr4_2x,6797771.0,0.33122831019754406,,599360.0,l2,48.0,8.00854244527496e-05,198525.0,imp,simple_triad_imp_pt32_l2_ddr4_2x,3510112.0,4011356.0,0.002264,2263657743.0,,1.150618374558304,,,stage1,,,,,,,0.002605,0.5294494152787593,302278.0,0.5043346235985051,0.0,9992.0,33382.0,646201.0,0.0,0.015462681116247112,0.05165884918160139,,,,stage1: pt32
2004857.0,simple_triad,pt64,3332.0,65151.0,47659.0,8610.526032,2931.789044,8610503093.0,11542406831.0,2931903738.0,19207.0,,,0.418929,59.090909,77.0,4550.0,2003757.0,77941.108192,89587.758619,154697745363.0,1984803.0,1854743.0,0.064908,130060.0,0.9905407691651233,40693.0,3040.0,1436876.0,0.0,3905379.0,0.0,1684969.0,1439916.0,22399.0,0.0,32905.0,,1639.0,0.0,0.000973,0.012445,245053.0,67173.08,15683392.0,5621229338.938967,,0.0,0.0,375379.0,92969.730588,92636.731475,34897954801.0,375369.0,,0.999973,375369.0,0.9999733602572334,,,,,,,,,,,,,,,,,,,,,1855.0,195.088898,2.0,159238.0,1001741.0,155.104366,10.35,8610526032.034626,2931903738.077661,58.54,0.0,0.0,ddr4_1x,8378466.0,0.0009727181924415227,,1684969.0,l1d,,,1639.0,imp,simple_triad_imp_pt64_l1d_ddr4_1x,3509962.0,4011171.0,0.00279,2790028845.0,,1.0383512544802866,,,stage1,,,,,,,0.002897,0.0008250933075317578,1439916.0,0.8545652768685952,0.0,22399.0,40693.0,3905379.0,0.0,0.005735422861647999,0.010419731350017501,5621229338.938967,15683392.0,0.5731086033340321,stage1: pt64
2004947.0,simple_triad,pt64,,,,,,,,,,,,0.517556,23.819237,1809.0,43089.0,2003827.0,56793.170884,68491.23376,105262734644.0,1853440.0,1706306.0,0.073426,147134.0,0.9249501079684025,302151.0,73470.0,963522.0,0.0,3373274.0,0.0,1264971.0,1036992.0,155338.0,0.0,39574.0,,30551.0,0.0,0.024152,0.171939,,,,,,0.0,0.0,375381.0,67873.161193,67540.161193,25477616390.0,375371.0,,0.999973,375371.0,0.9999733603991677,,,,,,,,,,,,,,,,,,,,,1795.0,111.250229,2.0,48938.0,1001765.0,121.147249,,,,,,,ddr4_2x,6782127.0,0.02415154181400206,,1264971.0,l1d,,,30551.0,imp,simple_triad_imp_pt64_l1d_ddr4_2x,3510110.0,4011354.0,0.002258,2258448291.0,,1.1536758193091232,,,stage1,,,,,,,0.002605,0.016216107189471713,1036992.0,0.8197753150072216,0.0,155338.0,302151.0,3373274.0,0.0,0.0460496241929947,0.08957203002187193,,,,stage1: pt64
2004857.0,simple_triad,pt64,3332.0,82914.18,65422.18,8185.687219,2787.459564,8185665411.0,10973146784.0,2787481373.0,19207.0,,,0.398284,,0.0,0.0,2003757.0,43932.256647,42606.948207,82761122700.0,1883835.0,1508727.0,0.187202,375108.0,0.9401514255471097,,,,,,,,,,,,,,,,,,,,,65.450928,2262.0,148050.0,375053.0,75629.649703,117919.476934,14911671143.0,197167.0,127042.0,0.186974,70125.0,0.5257043671161142,65339.0,113996.0,221234.0,0.0,730287.0,0.0,640534.0,335230.0,19120.0,0.0,56885.0,16.0,177876.0,0.0,0.2777,0.717239,305198.0,81129.65,19532672.0,6655873162.30264,2014.0,105.638144,2.0,126781.0,1001743.0,166.1993,13.12,8185687219.371184,2787481372.7024307,61.17,0.0,0.0,ddr4_1x,8812770.0,0.2776995444426057,,640534.0,l2,16.0,2.4979158015031208e-05,177876.0,imp,simple_triad_imp_pt64_l2_ddr4_1x,3509969.0,4011178.0,0.002935,2934652077.0,,0.987052810902896,,,stage1,,,,,,,0.002897,0.4742816157080655,335230.0,0.523360196336182,0.0,19120.0,65339.0,730287.0,0.0,0.026181487552154152,0.08947030414070085,6655873162.30264,19532672.0,0.5448434559304753,stage1: pt64
2004989.0,simple_triad,pt64,,,,,,,,,,,,0.516365,,0.0,0.0,2003834.0,30831.966921,30261.949814,58110333831.0,1884743.0,1509635.0,0.187195,375108.0,0.9405684303190783,,,,,,,,,,,,,,,,,,,,,41.368397,2196.0,90845.0,374975.0,57817.528775,81395.723682,10201324777.0,176440.0,98023.0,0.209126,78417.0,0.47053803586905796,33382.0,130416.0,171862.0,0.0,646201.0,0.0,599360.0,302278.0,9992.0,0.0,58051.0,48.0,198525.0,0.0,0.331228,0.716847,,,,,1898.0,75.725842,2.0,44396.0,1001767.0,124.080687,,,,,,,ddr4_2x,6797771.0,0.33122831019754406,,599360.0,l2,48.0,8.00854244527496e-05,198525.0,imp,simple_triad_imp_pt64_l2_ddr4_2x,3510112.0,4011356.0,0.002264,2263657743.0,,1.150618374558304,,,stage1,,,,,,,0.002605,0.5294494152787593,302278.0,0.5043346235985051,0.0,9992.0,33382.0,646201.0,0.0,0.015462681116247112,0.05165884918160139,,,,stage1: pt64
2004857.0,simple_triad,pt8,3332.0,65151.0,47659.0,8610.526032,2931.789044,8610503093.0,11542406831.0,2931903738.0,19207.0,,,0.418929,59.090909,77.0,4550.0,2003757.0,77941.108192,89587.758619,154697745363.0,1984803.0,1854743.0,0.064908,130060.0,0.9905407691651233,40693.0,3037.0,1436875.0,0.0,3905375.0,0.0,1684965.0,1439912.0,22399.0,0.0,32905.0,,1639.0,0.0,0.000973,0.012445,245053.0,67173.08,15683392.0,5621229338.938967,,0.0,0.0,375379.0,92969.730588,92636.731475,34897954801.0,375369.0,,0.999973,375369.0,0.9999733602572334,,,,,,,,,,,,,,,,,,,,,1855.0,195.088898,2.0,159238.0,1001741.0,155.104366,10.35,8610526032.034626,2931903738.077661,58.54,0.0,0.0,ddr4_1x,8378466.0,0.0009727205016127931,,1684965.0,l1d,,,1639.0,imp,simple_triad_imp_pt8_l1d_ddr4_1x,3509962.0,4011171.0,0.00279,2790028845.0,,1.0383512544802866,,,stage1,,,,,,,0.002897,0.0008250933075317578,1439912.0,0.8545649316157903,0.0,22399.0,40693.0,3905375.0,0.0,0.005735428736036872,0.010419742022212975,5621229338.938967,15683392.0,0.5731086033340321,stage1: pt8
2004947.0,simple_triad,pt8,,,,,,,,,,,,0.517556,23.819237,1809.0,43089.0,2003827.0,56793.170884,68491.23376,105262734644.0,1853440.0,1706306.0,0.073426,147134.0,0.9249501079684025,302151.0,73467.0,963521.0,0.0,3373270.0,0.0,1264967.0,1036988.0,155338.0,0.0,39574.0,,30551.0,0.0,0.024152,0.171939,,,,,,0.0,0.0,375381.0,67873.161193,67540.161193,25477616390.0,375371.0,,0.999973,375371.0,0.9999733603991677,,,,,,,,,,,,,,,,,,,,,1795.0,111.250229,2.0,48938.0,1001765.0,121.147249,,,,,,,ddr4_2x,6782127.0,0.024151618184506,,1264967.0,l1d,,,30551.0,imp,simple_triad_imp_pt8_l1d_ddr4_2x,3510110.0,4011354.0,0.002258,2258448291.0,,1.1536758193091232,,,stage1,,,,,,,0.002605,0.016216107189471713,1036988.0,0.8197747451119278,0.0,155338.0,302151.0,3373270.0,0.0,0.04604967879831736,0.08957213623575937,,,,stage1: pt8
2004860.0,simple_triad,pt8,3332.0,82914.18,65422.18,8185.687219,2787.459564,8185665411.0,10973146784.0,2787481373.0,19207.0,,,0.398284,,0.0,0.0,2003756.0,43932.256647,42606.948207,82761122700.0,1883835.0,1508727.0,0.187202,375108.0,0.9401518947416752,,,,,,,,,,,,,,,,,,,,,65.450928,2262.0,148050.0,375053.0,75629.649703,117919.476934,14911671143.0,197167.0,127042.0,0.186974,70125.0,0.5257043671161142,65339.0,113996.0,221234.0,0.0,730287.0,0.0,640534.0,335230.0,19120.0,0.0,56885.0,16.0,177876.0,0.0,0.2777,0.717239,305198.0,81129.65,19532672.0,6655873162.30264,2014.0,105.638144,2.0,126781.0,1001743.0,166.1993,13.12,8185687219.371184,2787481372.7024307,61.17,0.0,0.0,ddr4_1x,8812770.0,0.2776995444426057,,640534.0,l2,16.0,2.4979158015031208e-05,177876.0,imp,simple_triad_imp_pt8_l2_ddr4_1x,3509969.0,4011178.0,0.002935,2934652077.0,,0.987052810902896,,,stage1,,,,,,,0.002897,0.4742816157080655,335230.0,0.523360196336182,0.0,19120.0,65339.0,730287.0,0.0,0.026181487552154152,0.08947030414070085,6655873162.30264,19532672.0,0.5448434559304753,stage1: pt8
2004989.0,simple_triad,pt8,,,,,,,,,,,,0.516365,,0.0,0.0,2003834.0,30831.966921,30261.949814,58110333831.0,1884743.0,1509635.0,0.187195,375108.0,0.9405684303190783,,,,,,,,,,,,,,,,,,,,,41.368397,2196.0,90845.0,374975.0,57817.528775,81395.723682,10201324777.0,176440.0,98023.0,0.209126,78417.0,0.47053803586905796,33382.0,130416.0,171862.0,0.0,646201.0,0.0,599360.0,302278.0,9992.0,0.0,58051.0,48.0,198525.0,0.0,0.331228,0.716847,,,,,1898.0,75.725842,2.0,44396.0,1001767.0,124.080687,,,,,,,ddr4_2x,6797771.0,0.33122831019754406,,599360.0,l2,48.0,8.00854244527496e-05,198525.0,imp,simple_triad_imp_pt8_l2_ddr4_2x,3510112.0,4011356.0,0.002264,2263657743.0,,1.150618374558304,,,stage1,,,,,,,0.002605,0.5294494152787593,302278.0,0.5043346235985051,0.0,9992.0,33382.0,646201.0,0.0,0.015462681116247112,0.05165884918160139,,,,stage1: pt8
2004848.0,simple_triad,sdist16,3332.0,75260.95,57768.95,8273.937284,2817.406519,8273915244.0,11091145443.0,2817230199.0,19207.0,,,0.402509,24.073679,55511.0,1336354.0,2003753.0,88547.483805,100854.685094,129940953155.0,1467472.0,1285475.0,0.090828,181997.0,0.7323617232263657,4941296.0,208495.0,154879.0,0.0,7150018.0,0.0,556526.0,363374.0,359780.0,71477.0,325838.0,,127983.0,0.0,0.229968,0.412875,193152.0,77796.16,12361728.0,4257087123.0434246,,0.0,0.0,375414.0,103066.863424,102733.864312,38691712797.0,375404.0,,0.999973,375404.0,0.9999733627408675,,,,,,,,,,,,,,,,,,,,,1878.0,106.578719,2.0,111624.0,1001734.0,161.311729,11.03,8273937284.309734,2817230198.645521,61.12,0.0,0.0,ddr4_1x,8720120.0,0.2299676924348548,,556526.0,l1d,,,127983.0,imp,simple_triad_imp_sdist16_l1d_ddr4_1x,3509911.0,4011119.0,0.002904,2903799627.0,,0.9975895316804407,,,stage1,,,,,,,0.002897,0.08021724210334982,363374.0,0.652932657234343,71477.0,359780.0,4941296.0,7150018.0,0.009996758050119594,0.05031875444229651,0.6910886098468564,4257087123.0434246,12361728.0,0.5507023766603488,stage1: sdist16
2004928.0,simple_triad,sdist16,,,,,,,,,,,,0.550032,16.868832,43105.0,727131.0,2003817.0,61702.709943,69542.216826,85474172570.0,1385258.0,1211197.0,0.086865,174061.0,0.6913096355605327,3739562.0,253629.0,141735.0,0.0,5828894.0,0.0,596454.0,395364.0,270753.0,84265.0,331922.0,2.0,148523.0,0.0,0.24901,0.460417,,,,,,0.0,0.0,375418.0,69827.401971,69494.401971,26213765319.0,375408.0,,0.999973,375408.0,0.9999733630246819,,,,,,,,,,,,,,,,,,,,,1809.0,62.340058,2.0,34088.0,1001758.0,115.415666,,,,,,,ddr4_2x,6381596.0,0.24900998232889712,,596454.0,l1d,2.0,3.3531504525076537e-06,148523.0,imp,simple_triad_imp_sdist16_l1d_ddr4_2x,3510062.0,4011305.0,0.002125,2125071468.0,,1.2258823529411764,,,stage1,,,,,,,0.002605,0.09683455460720924,395364.0,0.662857487752618,84265.0,270753.0,3739562.0,5828894.0,0.014456430327949008,0.046450149891214355,0.64155601388531,,,,stage1: sdist16
2004885.0,simple_triad,sdist16,3332.0,96781.85,79289.85,8531.101962,2916.2828,8531079147.0,11447361947.0,2916282800.0,19207.0,,,0.416667,,0.0,0.0,2003765.0,42456.432947,39851.950827,78658396475.0,1852685.0,1477577.0,0.187202,375108.0,0.9246019368538726,,,,,,,,,,,,,,,,,,,,,32.279011,15494.0,500131.0,372971.0,83929.527848,120420.860924,13596835300.0,162003.0,88511.0,0.197045,73492.0,0.43435816725697174,1112347.0,119238.0,144150.0,0.0,2134718.0,0.0,564472.0,263388.0,68983.0,369018.0,451314.0,680.0,210958.0,0.0,0.373726,0.741635,300348.0,97688.46,19222272.0,6852442099.286895,1915.0,98.979033,2.0,125120.0,1001741.0,167.822247,14.42,8531101961.643999,2916282800.14233,88.46,0.0,0.0,ddr4_1x,8423938.0,0.3737262432857609,,564472.0,l2,680.0,0.0012046655990022533,210958.0,imp,simple_triad_imp_sdist16_l2_ddr4_1x,3509957.0,4011166.0,0.002805,2805171021.0,,1.0327985739750445,,,stage1,,,,,,,0.002897,0.5656301865342489,263388.0,0.4666095041029493,369018.0,68983.0,1112347.0,2134718.0,0.17286498731916816,0.03231480692063308,0.5210744463671548,6852442099.286895,19222272.0,0.5683893934221973,stage1: sdist16
2004970.0,simple_triad,sdist16,,,,,,,,,,,,0.611273,,0.0,0.0,2003826.0,26948.891563,24961.053547,50706872671.0,1881594.0,1506485.0,0.187196,375109.0,0.9390006916768222,,,,,,,,,,,,,,,,,,,,,26.625386,10368.0,276052.0,373808.0,60404.167635,83890.6956,7900623510.0,130796.0,67813.0,0.16849,62983.0,0.3499015537388178,791927.0,138634.0,143590.0,0.0,1678551.0,0.0,594390.0,282224.0,48513.0,227686.0,408169.0,770.0,243002.0,0.0,0.408826,0.794163,,,,,1827.0,58.765438,2.0,30888.0,1001762.0,106.201676,,,,,,,ddr4_2x,5742330.0,0.4088258550783156,,594390.0,l2,770.0,0.001295445751106176,243002.0,imp,simple_triad_imp_sdist16_l2_ddr4_2x,3510115.0,4011360.0,0.001912,1912195890.0,,1.3624476987447698,,,stage1,,,,,,,0.002605,0.6500890855488793,282224.0,0.47481283332492136,227686.0,48513.0,791927.0,1678551.0,0.13564437422515013,0.02890171344212955,0.47179203968184463,,,,stage1: sdist16
2004852.0,simple_triad,sdist2,3332.0,51724.15,34232.15,8588.512768,2924.332723,8588489888.0,11512868372.0,2924378484.0,19207.0,,,0.417861,,0.0,0.0,2003756.0,71850.929015,76935.137419,143551042929.0,1997901.0,1868596.0,0.064531,129305.0,0.997077987539401,35052.0,1.0,960547.0,0.0,1983636.0,0.0,1206352.0,960548.0,17720.0,0.0,11702.0,,1.0,0.0,1e-06,8e-06,245804.0,53308.57,15731456.0,5624116304.477855,,0.0,0.0,375374.0,79494.506069,79161.506956,29839375776.0,375364.0,,0.999973,375364.0,0.9999733599023907,,,,,,,,,,,,,,,,,,,,,1848.0,200.847247,2.0,190222.0,1001740.0,147.974632,8.52,8588512768.36026,2924378484.449476,57.95,0.0,0.0,ddr4_1x,8399829.0,8.289454487579082e-07,,1206352.0,l1d,,,1.0,imp,simple_triad_imp_sdist2_l1d_ddr4_1x,3509943.0,4011152.0,0.002797,2797142724.0,,1.0357525920629245,,,stage1,,,,,,,0.002897,5.005250507782664e-07,960548.0,0.7962418929135111,0.0,17720.0,35052.0,1983636.0,0.0,0.008933090546854362,0.017670580691215524,5624116304.477855,15731456.0,0.5716419469225926,stage1: sdist2
2004883.0,simple_triad,sdist2,,,,,,,,,,,,0.461198,,0.0,0.0,2003760.0,59163.29435,63181.680552,118246008294.0,1998638.0,1869102.0,0.064646,129536.0,0.9974438056453867,36423.0,7.0,943654.0,0.0,1985112.0,0.0,1189234.0,943661.0,27972.0,0.0,11710.0,,33.0,0.0,2.8e-05,0.000255,,,,,,0.0,0.0,375374.0,66893.613892,66560.613892,25109454485.0,375364.0,,0.999973,375364.0,0.9999733599023907,,,,,,,,,,,,,,,,,,,,,1845.0,167.120158,2.0,89932.0,1001736.0,130.886814,,,,,,,ddr4_2x,7610505.0,2.7748954368946734e-05,,1189234.0,l1d,,,33.0,imp,simple_triad_imp_sdist2_l1d_ddr4_2x,3509934.0,4011143.0,0.002534,2534297832.0,,1.0280189423835835,,,stage1,,,,,,,0.002605,1.651097154058872e-05,943661.0,0.793503212992565,0.0,27972.0,36423.0,1985112.0,0.0,0.014090892604548258,0.01834808313082587,,,,stage1: sdist2
2004874.0,simple_triad,sdist2,3332.0,78156.97,60664.97,9053.098869,3082.825551,9053074751.0,12135635007.0,3082560256.0,19207.0,,,0.440455,,0.0,0.0,2003762.0,58669.455619,64363.025441,115748499636.0,1972892.0,1597784.0,0.187202,375108.0,0.9845939787260164,,,,,,,,,,,,,,,,,,,,,,0.0,0.0,375375.0,66789.488949,102943.344874,23794690491.0,356264.0,331597.0,0.065713,24667.0,0.9490882450882451,1.0,6875.0,336379.0,0.0,693960.0,0.0,693958.0,343254.0,1.0,0.0,17816.0,2.0,19101.0,0.0,0.027525,0.436415,350704.0,78327.83,22445056.0,8458186662.873248,1896.0,167.407874,2.0,160171.0,1001739.0,163.440673,13.33,9053098869.215618,3082560255.776434,59.84,0.0,0.0,ddr4_1x,7968916.0,0.027524720516227206,,693958.0,l2,2.0,2.8820187965265907e-06,19101.0,imp,simple_triad_imp_sdist2_l2_ddr4_1x,3509929.0,4011137.0,0.002654,2653648695.0,,1.0915599095704596,,,stage1,,,,,,,0.002897,0.05088647050204468,343254.0,0.4946322399914692,0.0,1.0,1.0,693960.0,0.0,1.4410052452590927e-06,1.4410052452590927e-06,8458186662.873248,22445056.0,0.6025638267015402,stage1: sdist2
2004974.0,simple_triad,sdist2,,,,,,,,,,,,0.589321,,0.0,0.0,2003824.0,40323.049949,43026.318628,79626329964.0,1974710.0,1599602.0,0.187196,375108.0,0.9854707798688906,,,,,,,,,,,,,,,,,,,,,,0.0,0.0,375376.0,43498.100477,70998.462186,15800511006.0,363246.0,345422.0,0.047483,17824.0,0.967685733770939,9.0,6600.0,344038.0,0.0,708205.0,0.0,708186.0,350638.0,9.0,0.0,17533.0,2.0,12120.0,0.0,0.017114,0.404756,,,,,1809.0,114.148361,2.0,67023.0,1001767.0,126.359258,,,,,,,ddr4_2x,5956229.0,0.017114147978073556,,708186.0,l2,2.0,2.8241168280649435e-06,12120.0,imp,simple_triad_imp_sdist2_l2_ddr4_2x,3510112.0,4011356.0,0.001983,1983424257.0,,1.3136661623802321,,,stage1,,,,,,,0.002605,0.03228848643723726,350638.0,0.4951213381795178,0.0,9.0,9.0,708205.0,0.0,1.2708184777006658e-05,1.2708184777006658e-05,,,,stage1: sdist2
2004877.0,simple_triad,sdist8,3332.0,70989.01,53497.01,8562.541256,2915.532273,8562518446.0,11478096340.0,2915577894.0,19207.0,,,0.416579,21.997288,22494.0,494807.0,2003766.0,81632.227334,95898.103387,141968484097.0,1739123.0,1578755.0,0.080033,160368.0,0.8679271930954013,2406726.0,100843.0,606257.0,0.0,5781412.0,0.0,921858.0,707100.0,437220.0,541.0,129716.0,,61292.0,0.0,0.066487,0.276514,214758.0,73497.99,13744512.0,4898674510.612258,,0.0,0.0,375392.0,98807.569377,98474.570264,37090583008.0,375382.0,,0.999973,375382.0,0.9999733611797801,,,,,,,,,,,,,,,,,,,,,1811.0,140.03104,2.0,117242.0,1001741.0,157.521567,10.78,8562541256.403257,2915577893.591616,59.66,0.0,0.0,ddr4_1x,8425711.0,0.06648746336203623,,921858.0,l1d,,,61292.0,imp,simple_triad_imp_sdist8_l1d_ddr4_1x,3509957.0,4011166.0,0.002806,2805761430.0,,1.0324305060584462,,,stage1,,,,,,,0.002897,0.03404326224787063,707100.0,0.7670378735119726,541.0,437220.0,2406726.0,5781412.0,9.357575623394424e-05,0.0756251241046305,0.4162868863177369,4898674510.612258,13744512.0,0.5699154308686718,stage1: sdist8
2004955.0,simple_triad,sdist8,,,,,,,,,,,,0.541333,19.295984,26221.0,505960.0,2003829.0,60225.792363,69179.640473,89644947643.0,1488481.0,1319676.0,0.084241,168805.0,0.7428183742225509,1634954.0,206386.0,295131.0,0.0,3780427.0,0.0,707847.0,501517.0,271976.0,1205.0,125717.0,1.0,120978.0,0.0,0.17091,0.417478,,,,,,0.0,0.0,375401.0,69232.969805,68899.969805,25989433768.0,375391.0,,0.999973,375391.0,0.9999733618184288,,,,,,,,,,,,,,,,,,,,,1861.0,69.67032,2.0,33861.0,1001767.0,116.069088,,,,,,,ddr4_2x,6484255.0,0.17090981525668683,,707847.0,l1d,1.0,1.4127346728883502e-06,120978.0,imp,simple_triad_imp_sdist8_l1d_ddr4_2x,3510120.0,4011364.0,0.002159,2159256915.0,,1.206577119036591,,,stage1,,,,,,,0.002605,0.0751668728436077,501517.0,0.7085104549429467,1205.0,271976.0,1634954.0,3780427.0,0.00031874706217049025,0.07194319583475624,0.43247865915675665,,,,stage1: sdist8
2004865.0,simple_triad,sdist8,3332.0,86789.87,69297.87,8580.874955,2925.370057,8580852070.0,11505993273.0,2925141203.0,19207.0,,,0.41795,,0.0,0.0,2003755.0,38586.553659,37001.359432,72018985587.0,1866427.0,1491319.0,0.187203,375108.0,0.9314646750725513,,,,,,,,,,,,,,,,,,,,,39.060821,8188.0,319830.0,373940.0,74222.011224,117880.516992,12570536709.0,169364.0,103127.0,0.177133,66237.0,0.4529175803604856,514667.0,141952.0,120302.0,0.0,1199869.0,0.0,571511.0,262254.0,69111.0,28786.0,152043.0,721.0,204566.0,0.0,0.357939,0.755405,308607.0,85994.75,19750848.0,7062589884.8511,2103.0,93.772612,2.0,107313.0,1001736.0,158.681413,13.2,8580874955.282673,2925141203.2520747,82.1,0.0,0.0,ddr4_1x,8398033.0,0.3579388673183893,,571511.0,l2,721.0,0.0012615680188132862,204566.0,imp,simple_triad_imp_sdist8_l2_ddr4_1x,3509939.0,4011148.0,0.002797,2796544656.0,,1.0357525920629245,,,stage1,,,,,,,0.002897,0.547070307276763,262254.0,0.45887830680424346,28786.0,69111.0,514667.0,1199869.0,0.023990952345631065,0.057598787867675555,0.42893599217914624,7062589884.8511,19750848.0,0.5713005815173211,stage1: sdist8
2004992.0,simple_triad,sdist8,,,,,,,,,,,,0.564273,,0.0,0.0,2003834.0,27177.642544,25385.38378,50947263069.0,1874602.0,1499494.0,0.187195,375108.0,0.9355076318697058,,,,,,,,,,,,,,,,,,,,,31.436883,7288.0,229112.0,374087.0,58717.154064,81353.546391,8106842593.0,138066.0,70144.0,0.181567,67922.0,0.36907457356176504,275391.0,161899.0,129040.0,0.0,935236.0,0.0,598428.0,290939.0,36953.0,12494.0,166292.0,823.0,236011.0,0.0,0.394385,0.776523,,,,,1786.0,60.383738,2.0,31517.0,1001762.0,109.570975,,,,,,,ddr4_2x,6220586.0,0.39438495524942013,,598428.0,l2,823.0,0.0013752698737358546,236011.0,imp,simple_triad_imp_sdist8_l2_ddr4_2x,3510089.0,4011333.0,0.002071,2071455138.0,,1.2578464509898601,,,stage1,,,,,,,0.002605,0.6309155601654205,290939.0,0.48617210424645907,12494.0,36953.0,275391.0,935236.0,0.013359194898399976,0.0395119520634364,0.29446150490357514,,,,stage1: sdist8
2004871.0,simple_triad,sthr2,3332.0,68612.73,51120.73,8364.594745,2848.200074,8364572462.0,11212705686.0,2848133224.0,19207.0,,,0.406958,69.057554,139.0,9599.0,2003752.0,80946.626626,93462.883953,160554638887.0,1983463.0,1853119.0,0.06505,130344.0,0.9898744954465423,28218.0,3659.0,1442282.0,0.0,3892538.0,0.0,1690713.0,1445941.0,16135.0,0.0,40442.0,,2098.0,0.0,0.001241,0.015841,244772.0,70435.51,15665408.0,5454357625.560617,,0.0,0.0,375383.0,96444.037248,96111.038135,36202487594.0,375373.0,,0.999973,375373.0,0.9999733605411006,,,,,,,,,,,,,,,,,,,,,1840.0,200.731877,2.0,170530.0,1001741.0,161.022505,10.35,8364594745.230523,2848133224.1980486,58.89,0.0,0.0,ddr4_1x,8624897.0,0.0012408965921478097,,1690713.0,l1d,,,2098.0,imp,simple_triad_imp_sthr2_l1d_ddr4_1x,3509957.0,4011166.0,0.002872,2872090368.0,,1.0087047353760445,,,stage1,,,,,,,0.002897,0.0010566283282155522,1445941.0,0.8552255764284062,0.0,16135.0,28218.0,3892538.0,0.0,0.004145110465202909,0.007249254856343085,5454357625.560617,15665408.0,0.55673813870779,stage1: sthr2
2004934.0,simple_triad,sthr2,,,,,,,,,,,,0.519847,29.372665,1017.0,29872.0,2003810.0,57002.15426,69197.532913,108809018177.0,1908858.0,1768062.0,0.070264,140796.0,0.9526142698160005,213037.0,44448.0,1137916.0,0.0,3593950.0,0.0,1416683.0,1182364.0,111109.0,0.0,40622.0,,18435.0,0.0,0.013013,0.115775,,,,,,0.0,0.0,375382.0,68371.814115,68038.814115,25664864608.0,375372.0,,0.999973,375372.0,0.9999733604701344,,,,,,,,,,,,,,,,,,,,,1796.0,120.22919,2.0,57998.0,1001759.0,124.106552,,,,,,,ddr4_2x,6752180.0,0.01301279114664325,,1416683.0,l1d,,,18435.0,imp,simple_triad_imp_sthr2_l1d_ddr4_2x,3510083.0,4011326.0,0.002248,2248475940.0,,1.1588078291814947,,,stage1,,,,,,,0.002605,0.009565229573292696,1182364.0,0.8346002599028858,0.0,111109.0,213037.0,3593950.0,0.0,0.03091556643804171,0.05927656200002782,,,,stage1: sthr2
2004867.0,simple_triad,sthr2,3332.0,83020.83,65528.83,8223.898518,2800.523828,8223876607.0,11024312793.0,2800436185.0,19207.0,,,0.400151,,0.0,0.0,2003763.0,43836.19844,42610.975903,82582619715.0,1883891.0,1508783.0,0.187202,375108.0,0.9401765578064871,,,,,,,,,,,,,,,,,,,,,59.799376,2243.0,134130.0,375043.0,74819.101223,118146.772229,14926410694.0,199500.0,130795.0,0.183192,68705.0,0.5319390043275037,69060.0,114224.0,224364.0,0.0,739927.0,0.0,645331.0,338588.0,20148.0,0.0,56625.0,30.0,175533.0,0.0,0.272005,0.718697,306606.0,81254.99,19622784.0,6717918012.681214,2004.0,106.246451,2.0,127030.0,1001742.0,166.468227,13.15,8223898517.842947,2800436185.321916,61.36,0.0,0.0,ddr4_1x,8771659.0,0.27200459919018305,,645331.0,l2,30.0,4.6487771391735404e-05,175533.0,imp,simple_triad_imp_sthr2_l2_ddr4_1x,3509971.0,4011181.0,0.002921,2920962114.0,,0.9917836357411844,,,stage1,,,,,,,0.002897,0.4680468118805545,338588.0,0.5246733846661635,0.0,20148.0,69060.0,739927.0,0.0,0.02722971320143744,0.09333353155108544,6717918012.681214,19622784.0,0.5473839728595279,stage1: sthr2
2004984.0,simple_triad,sthr2,,,,,,,,,,,,0.515784,,0.0,0.0,2003842.0,30763.936989,30223.526464,58003803468.0,1885448.0,1510340.0,0.187194,375108.0,0.9409164994046437,,,,,,,,,,,,,,,,,,,,,41.509091,2145.0,89037.0,374963.0,57877.81796,81448.025563,10186785350.0,176005.0,97609.0,0.209077,78396.0,0.46939298010737057,33780.0,131275.0,169677.0,0.0,645302.0,0.0,598059.0,300952.0,10007.0,0.0,57246.0,55.0,198947.0,0.0,0.332654,0.717332,,,,,1869.0,75.747699,2.0,44403.0,1001769.0,124.177765,,,,,,,ddr4_2x,6805422.0,0.3326544705455482,,598059.0,l2,55.0,9.196417075907226e-05,198947.0,imp,simple_triad_imp_sthr2_l2_ddr4_2x,3510109.0,4011354.0,0.002266,2266205526.0,,1.149602824360106,,,stage1,,,,,,,0.002605,0.5305932492692398,300952.0,0.5032145657869875,0.0,10007.0,33780.0,645302.0,0.0,0.01550746782126818,0.052347582992149415,,,,stage1: sthr2
2004885.0,simple_triad,sthr8,3332.0,65123.28,47631.28,8612.425311,2932.44354,8612402367.0,11544937683.0,2932535315.0,19207.0,,,0.419022,63.030769,65.0,4097.0,2003764.0,77978.873987,89702.502216,154853489140.0,1985839.0,1855897.0,0.064849,129942.0,0.991054335740137,36807.0,2632.0,1442299.0,0.0,3909465.0,0.0,1690100.0,1444931.0,20148.0,0.0,32915.0,,1428.0,0.0,0.000845,0.01087,245169.0,67066.68,15690816.0,5625145726.583125,,0.0,0.0,375378.0,92942.82105,92609.821937,34887760852.0,375368.0,,0.999973,375368.0,0.9999733601862656,,,,,,,,,,,,,,,,,,,,,1855.0,195.283697,2.0,158341.0,1001741.0,156.290864,10.34,8612425311.095833,2932535315.4426904,58.5,0.0,0.0,ddr4_1x,8376596.0,0.0008449204189101237,,1690100.0,l1d,,,1428.0,imp,simple_triad_imp_sthr8_l1d_ddr4_1x,3509957.0,4011166.0,0.002789,2789406135.0,,1.0387235568304052,,,stage1,,,,,,,0.002897,0.000718574806505618,1444931.0,0.8549381693390924,0.0,20148.0,36807.0,3909465.0,0.0,0.005153646342913928,0.009414843207446543,5625145726.583125,15690816.0,0.573234266298109,stage1: sthr8
2004958.0,simple_triad,sthr8,,,,,,,,,,,,0.515167,23.243846,1300.0,30217.0,2003827.0,56879.945418,68474.683529,107029457534.0,1881673.0,1737584.0,0.071907,144089.0,0.9390396476342519,260454.0,57901.0,1050429.0,0.0,3484004.0,0.0,1339355.0,1108330.0,133256.0,0.0,41724.0,,24337.0,0.0,0.018171,0.144497,,,,,,0.0,0.0,375382.0,68178.066145,67845.066145,25592137045.0,375372.0,,0.999973,375372.0,0.9999733604701344,,,,,,,,,,,,,,,,,,,,,1854.0,116.465213,2.0,53150.0,1001765.0,123.660359,,,,,,,ddr4_2x,6813557.0,0.018170686636478008,,1339355.0,l1d,,,24337.0,imp,simple_triad_imp_sthr8_l1d_ddr4_2x,3510105.0,4011349.0,0.002269,2268914481.0,,1.1480828558836491,,,stage1,,,,,,,0.002605,0.012768558402107019,1108330.0,0.8275102568027147,0.0,133256.0,260454.0,3484004.0,0.0,0.038247946902471984,0.07475708983112533,,,,stage1: sthr8
2004881.0,simple_triad,sthr8,3332.0,82943.75,65451.75,8217.457512,2798.356951,8217435619.0,11015683108.0,2798247488.0,19207.0,,,0.399819,,0.0,0.0,2003765.0,43676.963434,42537.143983,82250841492.0,1883163.0,1508055.0,0.187202,375108.0,0.9398123033389644,,,,,,,,,,,,,,,,,,,,,66.278733,2210.0,146476.0,375063.0,74546.467162,117876.011951,14900944228.0,199888.0,131276.0,0.182935,68612.0,0.5329451318845101,68770.0,113795.0,226697.0,0.0,741481.0,0.0,647313.0,340492.0,20048.0,0.0,56523.0,16.0,175165.0,0.0,0.270603,0.718546,306722.0,81222.42,19630208.0,6714892003.772848,1880.0,106.322359,2.0,128594.0,1001743.0,164.795428,13.12,8217457511.910333,2798247488.403955,61.3,0.0,0.0,ddr4_1x,8778932.0,0.2706032475788374,,647313.0,l2,16.0,2.4717563219030053e-05,175165.0,imp,simple_triad_imp_sthr8_l2_ddr4_1x,3509964.0,4011173.0,0.002923,2923384023.0,,0.9911050290797127,,,stage1,,,,,,,0.002897,0.4670406582536335,340492.0,0.5260082834733738,0.0,20048.0,68770.0,741481.0,0.0,0.027037779794762105,0.0927468134719568,6714892003.772848,19630208.0,0.5469554879871805,stage1: sthr8
2004963.0,simple_triad,sthr8,,,,,,,,,,,,0.514644,,0.0,0.0,2003821.0,30637.871284,30117.777472,57759464718.0,1885231.0,1510123.0,0.187196,375108.0,0.9408180670828382,,,,,,,,,,,,,,,,,,,,,40.567948,2134.0,86572.0,374964.0,57558.998196,81278.508751,10148226972.0,176310.0,97859.0,0.209223,78451.0,0.47020513969341055,33301.0,131218.0,170891.0,0.0,645766.0,0.0,599133.0,302109.0,9979.0,0.0,57922.0,45.0,198644.0,0.0,0.331552,0.71688,,,,,1829.0,75.62642,2.0,44776.0,1001760.0,123.549707,,,,,,,ddr4_2x,6820454.0,0.33155242658975553,,599133.0,l2,45.0,7.510853182849217e-05,198644.0,imp,simple_triad_imp_sthr8_l2_ddr4_2x,3510087.0,4011331.0,0.002271,2271211182.0,,1.147071774548657,,,stage1,,,,,,,0.002605,0.5297823199645824,302109.0,0.5042436320483098,0.0,9979.0,33301.0,645766.0,0.0,0.015452965935029097,0.05156821511197555,,,,stage1: sthr8
2004860.0,simple_triad,thr1,3332.0,65151.0,47659.0,8610.526032,2931.789044,8610503093.0,11542406831.0,2931903738.0,19207.0,,,0.418929,59.090909,77.0,4550.0,2003756.0,77941.108192,89587.758619,154697745363.0,1984803.0,1854743.0,0.064908,130060.0,0.9905412635071336,40693.0,3040.0,1436876.0,0.0,3905379.0,0.0,1684969.0,1439916.0,22399.0,0.0,32905.0,,1639.0,0.0,0.000973,0.012445,245053.0,67173.08,15683392.0,5621229338.938967,,0.0,0.0,375379.0,92969.730588,92636.731475,34897954801.0,375369.0,,0.999973,375369.0,0.9999733602572334,,,,,,,,,,,,,,,,,,,,,1855.0,195.088898,2.0,159238.0,1001741.0,155.104366,10.35,8610526032.034626,2931903738.077661,58.54,0.0,0.0,ddr4_1x,8378466.0,0.0009727181924415227,,1684969.0,l1d,,,1639.0,imp,simple_triad_imp_thr1_l1d_ddr4_1x,3509962.0,4011171.0,0.00279,2790028845.0,,1.0383512544802866,,,stage1,,,,,,,0.002897,0.0008250933075317578,1439916.0,0.8545652768685952,0.0,22399.0,40693.0,3905379.0,0.0,0.005735422861647999,0.010419731350017501,5621229338.938967,15683392.0,0.5731086033340321,stage1: thr1
2004947.0,simple_triad,thr1,,,,,,,,,,,,0.517556,23.819237,1809.0,43089.0,2003827.0,56793.170884,68491.23376,105262734644.0,1853440.0,1706306.0,0.073426,147134.0,0.9249501079684025,302151.0,73470.0,963522.0,0.0,3373274.0,0.0,1264971.0,1036992.0,155338.0,0.0,39574.0,,30551.0,0.0,0.024152,0.171939,,,,,,0.0,0.0,375381.0,67873.161193,67540.161193,25477616390.0,375371.0,,0.999973,375371.0,0.9999733603991677,,,,,,,,,,,,,,,,,,,,,1795.0,111.250229,2.0,48938.0,1001765.0,121.147249,,,,,,,ddr4_2x,6782127.0,0.02415154181400206,,1264971.0,l1d,,,30551.0,imp,simple_triad_imp_thr1_l1d_ddr4_2x,3510110.0,4011354.0,0.002258,2258448291.0,,1.1536758193091232,,,stage1,,,,,,,0.002605,0.016216107189471713,1036992.0,0.8197753150072216,0.0,155338.0,302151.0,3373274.0,0.0,0.0460496241929947,0.08957203002187193,,,,stage1: thr1
2004857.0,simple_triad,thr1,3332.0,82914.18,65422.18,8185.687219,2787.459564,8185665411.0,10973146784.0,2787481373.0,19207.0,,,0.398284,,0.0,0.0,2003757.0,43932.256647,42606.948207,82761122700.0,1883835.0,1508727.0,0.187202,375108.0,0.9401514255471097,,,,,,,,,,,,,,,,,,,,,65.450928,2262.0,148050.0,375053.0,75629.649703,117919.476934,14911671143.0,197167.0,127042.0,0.186974,70125.0,0.5257043671161142,65339.0,113996.0,221234.0,0.0,730287.0,0.0,640534.0,335230.0,19120.0,0.0,56885.0,16.0,177876.0,0.0,0.2777,0.717239,305198.0,81129.65,19532672.0,6655873162.30264,2014.0,105.638144,2.0,126781.0,1001743.0,166.1993,13.12,8185687219.371184,2787481372.7024307,61.17,0.0,0.0,ddr4_1x,8812770.0,0.2776995444426057,,640534.0,l2,16.0,2.4979158015031208e-05,177876.0,imp,simple_triad_imp_thr1_l2_ddr4_1x,3509969.0,4011178.0,0.002935,2934652077.0,,0.987052810902896,,,stage1,,,,,,,0.002897,0.4742816157080655,335230.0,0.523360196336182,0.0,19120.0,65339.0,730287.0,0.0,0.026181487552154152,0.08947030414070085,6655873162.30264,19532672.0,0.5448434559304753,stage1: thr1
2004989.0,simple_triad,thr1,,,,,,,,,,,,0.516365,,0.0,0.0,2003834.0,30831.966921,30261.949814,58110333831.0,1884743.0,1509635.0,0.187195,375108.0,0.9405684303190783,,,,,,,,,,,,,,,,,,,,,41.368397,2196.0,90845.0,374975.0,57817.528775,81395.723682,10201324777.0,176440.0,98023.0,0.209126,78417.0,0.47053803586905796,33382.0,130416.0,171862.0,0.0,646201.0,0.0,599360.0,302278.0,9992.0,0.0,58051.0,48.0,198525.0,0.0,0.331228,0.716847,,,,,1898.0,75.725842,2.0,44396.0,1001767.0,124.080687,,,,,,,ddr4_2x,6797771.0,0.33122831019754406,,599360.0,l2,48.0,8.00854244527496e-05,198525.0,imp,simple_triad_imp_thr1_l2_ddr4_2x,3510112.0,4011356.0,0.002264,2263657743.0,,1.150618374558304,,,stage1,,,,,,,0.002605,0.5294494152787593,302278.0,0.5043346235985051,0.0,9992.0,33382.0,646201.0,0.0,0.015462681116247112,0.05165884918160139,,,,stage1: thr1
2004860.0,simple_triad,thr3,3332.0,65151.0,47659.0,8610.526032,2931.789044,8610503093.0,11542406831.0,2931903738.0,19207.0,,,0.418929,59.090909,77.0,4550.0,2003756.0,77941.108192,89587.758619,154697745363.0,1984803.0,1854743.0,0.064908,130060.0,0.9905412635071336,40693.0,3040.0,1436876.0,0.0,3905379.0,0.0,1684969.0,1439916.0,22399.0,0.0,32905.0,,1639.0,0.0,0.000973,0.012445,245053.0,67173.08,15683392.0,5621229338.938967,,0.0,0.0,375379.0,92969.730588,92636.731475,34897954801.0,375369.0,,0.999973,375369.0,0.9999733602572334,,,,,,,,,,,,,,,,,,,,,1855.0,195.088898,2.0,159238.0,1001741.0,155.104366,10.35,8610526032.034626,2931903738.077661,58.54,0.0,0.0,ddr4_1x,8378466.0,0.0009727181924415227,,1684969.0,l1d,,,1639.0,imp,simple_triad_imp_thr3_l1d_ddr4_1x,3509962.0,4011171.0,0.00279,2790028845.0,,1.0383512544802866,,,stage1,,,,,,,0.002897,0.0008250933075317578,1439916.0,0.8545652768685952,0.0,22399.0,40693.0,3905379.0,0.0,0.005735422861647999,0.010419731350017501,5621229338.938967,15683392.0,0.5731086033340321,stage1: thr3
2004947.0,simple_triad,thr3,,,,,,,,,,,,0.517556,23.819237,1809.0,43089.0,2003827.0,56793.170884,68491.23376,105262734644.0,1853440.0,1706306.0,0.073426,147134.0,0.9249501079684025,302151.0,73470.0,963522.0,0.0,3373274.0,0.0,1264971.0,1036992.0,155338.0,0.0,39574.0,,30551.0,0.0,0.024152,0.171939,,,,,,0.0,0.0,375381.0,67873.161193,67540.161193,25477616390.0,375371.0,,0.999973,375371.0,0.9999733603991677,,,,,,,,,,,,,,,,,,,,,1795.0,111.250229,2.0,48938.0,1001765.0,121.147249,,,,,,,ddr4_2x,6782127.0,0.02415154181400206,,1264971.0,l1d,,,30551.0,imp,simple_triad_imp_thr3_l1d_ddr4_2x,3510110.0,4011354.0,0.002258,2258448291.0,,1.1536758193091232,,,stage1,,,,,,,0.002605,0.016216107189471713,1036992.0,0.8197753150072216,0.0,155338.0,302151.0,3373274.0,0.0,0.0460496241929947,0.08957203002187193,,,,stage1: thr3
2004857.0,simple_triad,thr3,3332.0,82914.18,65422.18,8185.687219,2787.459564,8185665411.0,10973146784.0,2787481373.0,19207.0,,,0.398284,,0.0,0.0,2003757.0,43932.256647,42606.948207,82761122700.0,1883835.0,1508727.0,0.187202,375108.0,0.9401514255471097,,,,,,,,,,,,,,,,,,,,,65.450928,2262.0,148050.0,375053.0,75629.649703,117919.476934,14911671143.0,197167.0,127042.0,0.186974,70125.0,0.5257043671161142,65339.0,113996.0,221234.0,0.0,730287.0,0.0,640534.0,335230.0,19120.0,0.0,56885.0,16.0,177876.0,0.0,0.2777,0.717239,305198.0,81129.65,19532672.0,6655873162.30264,2014.0,105.638144,2.0,126781.0,1001743.0,166.1993,13.12,8185687219.371184,2787481372.7024307,61.17,0.0,0.0,ddr4_1x,8812770.0,0.2776995444426057,,640534.0,l2,16.0,2.4979158015031208e-05,177876.0,imp,simple_triad_imp_thr3_l2_ddr4_1x,3509969.0,4011178.0,0.002935,2934652077.0,,0.987052810902896,,,stage1,,,,,,,0.002897,0.4742816157080655,335230.0,0.523360196336182,0.0,19120.0,65339.0,730287.0,0.0,0.026181487552154152,0.08947030414070085,6655873162.30264,19532672.0,0.5448434559304753,stage1: thr3
2004989.0,simple_triad,thr3,,,,,,,,,,,,0.516365,,0.0,0.0,2003834.0,30831.966921,30261.949814,58110333831.0,1884743.0,1509635.0,0.187195,375108.0,0.9405684303190783,,,,,,,,,,,,,,,,,,,,,41.368397,2196.0,90845.0,374975.0,57817.528775,81395.723682,10201324777.0,176440.0,98023.0,0.209126,78417.0,0.47053803586905796,33382.0,130416.0,171862.0,0.0,646201.0,0.0,599360.0,302278.0,9992.0,0.0,58051.0,48.0,198525.0,0.0,0.331228,0.716847,,,,,1898.0,75.725842,2.0,44396.0,1001767.0,124.080687,,,,,,,ddr4_2x,6797771.0,0.33122831019754406,,599360.0,l2,48.0,8.00854244527496e-05,198525.0,imp,simple_triad_imp_thr3_l2_ddr4_2x,3510112.0,4011356.0,0.002264,2263657743.0,,1.150618374558304,,,stage1,,,,,,,0.002605,0.5294494152787593,302278.0,0.5043346235985051,0.0,9992.0,33382.0,646201.0,0.0,0.015462681116247112,0.05165884918160139,,,,stage1: thr3
2004860.0,simple_triad,thr4,3332.0,65151.0,47659.0,8610.526032,2931.789044,8610503093.0,11542406831.0,2931903738.0,19207.0,,,0.418929,59.090909,77.0,4550.0,2003756.0,77941.108192,89587.758619,154697745363.0,1984803.0,1854743.0,0.064908,130060.0,0.9905412635071336,40693.0,3040.0,1436876.0,0.0,3905379.0,0.0,1684969.0,1439916.0,22399.0,0.0,32905.0,,1639.0,0.0,0.000973,0.012445,245053.0,67173.08,15683392.0,5621229338.938967,,0.0,0.0,375379.0,92969.730588,92636.731475,34897954801.0,375369.0,,0.999973,375369.0,0.9999733602572334,,,,,,,,,,,,,,,,,,,,,1855.0,195.088898,2.0,159238.0,1001741.0,155.104366,10.35,8610526032.034626,2931903738.077661,58.54,0.0,0.0,ddr4_1x,8378466.0,0.0009727181924415227,,1684969.0,l1d,,,1639.0,imp,simple_triad_imp_thr4_l1d_ddr4_1x,3509962.0,4011171.0,0.00279,2790028845.0,,1.0383512544802866,,,stage1,,,,,,,0.002897,0.0008250933075317578,1439916.0,0.8545652768685952,0.0,22399.0,40693.0,3905379.0,0.0,0.005735422861647999,0.010419731350017501,5621229338.938967,15683392.0,0.5731086033340321,stage1: thr4
2004947.0,simple_triad,thr4,,,,,,,,,,,,0.517556,23.819237,1809.0,43089.0,2003827.0,56793.170884,68491.23376,105262734644.0,1853440.0,1706306.0,0.073426,147134.0,0.9249501079684025,302151.0,73470.0,963522.0,0.0,3373274.0,0.0,1264971.0,1036992.0,155338.0,0.0,39574.0,,30551.0,0.0,0.024152,0.171939,,,,,,0.0,0.0,375381.0,67873.161193,67540.161193,25477616390.0,375371.0,,0.999973,375371.0,0.9999733603991677,,,,,,,,,,,,,,,,,,,,,1795.0,111.250229,2.0,48938.0,1001765.0,121.147249,,,,,,,ddr4_2x,6782127.0,0.02415154181400206,,1264971.0,l1d,,,30551.0,imp,simple_triad_imp_thr4_l1d_ddr4_2x,3510110.0,4011354.0,0.002258,2258448291.0,,1.1536758193091232,,,stage1,,,,,,,0.002605,0.016216107189471713,1036992.0,0.8197753150072216,0.0,155338.0,302151.0,3373274.0,0.0,0.0460496241929947,0.08957203002187193,,,,stage1: thr4
2004857.0,simple_triad,thr4,3332.0,82914.18,65422.18,8185.687219,2787.459564,8185665411.0,10973146784.0,2787481373.0,19207.0,,,0.398284,,0.0,0.0,2003757.0,43932.256647,42606.948207,82761122700.0,1883835.0,1508727.0,0.187202,375108.0,0.9401514255471097,,,,,,,,,,,,,,,,,,,,,65.450928,2262.0,148050.0,375053.0,75629.649703,117919.476934,14911671143.0,197167.0,127042.0,0.186974,70125.0,0.5257043671161142,65339.0,113996.0,221234.0,0.0,730287.0,0.0,640534.0,335230.0,19120.0,0.0,56885.0,16.0,177876.0,0.0,0.2777,0.717239,305198.0,81129.65,19532672.0,6655873162.30264,2014.0,105.638144,2.0,126781.0,1001743.0,166.1993,13.12,8185687219.371184,2787481372.7024307,61.17,0.0,0.0,ddr4_1x,8812770.0,0.2776995444426057,,640534.0,l2,16.0,2.4979158015031208e-05,177876.0,imp,simple_triad_imp_thr4_l2_ddr4_1x,3509969.0,4011178.0,0.002935,2934652077.0,,0.987052810902896,,,stage1,,,,,,,0.002897,0.4742816157080655,335230.0,0.523360196336182,0.0,19120.0,65339.0,730287.0,0.0,0.026181487552154152,0.08947030414070085,6655873162.30264,19532672.0,0.5448434559304753,stage1: thr4
2004989.0,simple_triad,thr4,,,,,,,,,,,,0.516365,,0.0,0.0,2003834.0,30831.966921,30261.949814,58110333831.0,1884743.0,1509635.0,0.187195,375108.0,0.9405684303190783,,,,,,,,,,,,,,,,,,,,,41.368397,2196.0,90845.0,374975.0,57817.528775,81395.723682,10201324777.0,176440.0,98023.0,0.209126,78417.0,0.47053803586905796,33382.0,130416.0,171862.0,0.0,646201.0,0.0,599360.0,302278.0,9992.0,0.0,58051.0,48.0,198525.0,0.0,0.331228,0.716847,,,,,1898.0,75.725842,2.0,44396.0,1001767.0,124.080687,,,,,,,ddr4_2x,6797771.0,0.33122831019754406,,599360.0,l2,48.0,8.00854244527496e-05,198525.0,imp,simple_triad_imp_thr4_l2_ddr4_2x,3510112.0,4011356.0,0.002264,2263657743.0,,1.150618374558304,,,stage1,,,,,,,0.002605,0.5294494152787593,302278.0,0.5043346235985051,0.0,9992.0,33382.0,646201.0,0.0,0.015462681116247112,0.05165884918160139,,,,stage1: thr4
4862291.0,spmv,addrlen16,3332.0,45804.86,28312.86,5701.346901,15.333301,5701403903.0,5717231213.0,15827311.0,19207.0,,,0.558743,2.298087,189257.0,434929.0,4827081.0,30245.400725,18022.562699,74958658641.0,2478349.0,923418.0,0.322127,1554931.0,0.5134260228904384,129106.0,198707.0,688420.0,281.0,5192833.0,0.0,2273967.0,887408.0,263030.0,3636.0,4687267.0,1215352.0,139823.0,0.0,0.061489,0.082503,324272.0,50551.45,20753408.0,3080644464.3865232,,0.0,0.0,2941675.0,73460.189835,73127.19039,44086177947.0,600137.0,,0.204012,600137.0,0.20401199996600577,,,,,,,,,,,,,,,,,,,,,1739.0,49.525255,2.0,91845.0,4767008.0,94.672619,6.09,5701413402.709869,15827310.64559366,57.33,0.0,0.0,ddr4_1x,20230360.0,0.061488579209812634,,2273967.0,l1d,1215352.0,0.5344633409367858,139823.0,imp,spmv_imp_addrlen16_l1d_ddr4_1x,11279576.0,11329125.0,0.006737,6736709880.0,,1.573252189401811,,,stage1,,,,,,,0.010599,0.053404818323624266,887408.0,0.39024664825830807,3636.0,263030.0,129106.0,5192833.0,0.000700195827595457,0.050652505096928785,0.024862343926715918,3080644464.3865232,20753408.0,0.283874450397993,stage1: addrlen16
4862969.0,spmv,addrlen16,,,,,,,,,,,,0.595778,2.296896,167567.0,384884.0,4827165.0,28243.676632,16854.769853,69547314069.0,2462403.0,907334.0,0.32215,1555069.0,0.510113700277492,125479.0,197064.0,677154.0,279.0,5135890.0,0.0,2267381.0,874497.0,258235.0,2883.0,4682078.0,1221724.0,140288.0,0.0,0.061872,0.082748,,,,,,0.0,0.0,2948135.0,64956.92622,64623.926775,39010466654.0,600559.0,,0.203708,600559.0,0.20370810698967312,,,,,,,,,,,,,,,,,,,,,1620.0,46.025052,2.0,58687.0,4767008.0,86.542477,,,,,,,ddr4_2x,18972776.0,0.061872265843279095,,2267381.0,l1d,1221724.0,0.538826072900849,140288.0,imp,spmv_imp_addrlen16_l1d_ddr4_2x,11279576.0,11329125.0,0.006318,6317934408.0,,1.431940487496043,,,stage1,,,,,,,0.009047,0.053901135401782235,874497.0,0.38568595220653257,2883.0,258235.0,125479.0,5135890.0,0.0005613437982511307,0.050280477190905566,0.024431792736993977,,,,stage1: addrlen16
4861171.0,spmv,addrlen16,3332.0,43304.25,25812.25,5007.123029,14.842984,5007160137.0,5022596840.0,15436704.0,19207.0,,,0.545609,4.320923,34354.0,148441.0,4826959.0,29740.772948,19712.030241,82312615323.0,2767669.0,1081030.0,0.349421,1686639.0,0.573377358291214,,,,,,,,,,,,,,,,,,,,,15.422917,480.0,7403.0,1686824.0,65969.351069,65925.187012,25511205660.0,386713.0,2786.0,0.227603,383927.0,0.22925509715299283,135.0,131897.0,12853.0,4.0,301653.0,0.0,300575.0,144754.0,94.0,123.0,1244051.0,5099.0,147910.0,0.0,0.49209,0.278112,155815.0,54447.52,9972160.0,1445474744.1048207,1689.0,53.506138,2.0,80968.0,4767008.0,100.02579,5.63,5007169413.606448,15436703.61769035,57.26,0.0,0.0,ddr4_1x,20717364.0,0.4920901605256591,,300575.0,l2,5099.0,0.016964152041919655,147910.0,imp,spmv_imp_addrlen16_l2_ddr4_1x,11279576.0,11329125.0,0.006899,6898882212.0,,1.5363096100884188,,,stage1,,,,,,,0.010599,0.2766622461061346,144754.0,0.48159028528653414,123.0,94.0,135.0,301653.0,0.00040775327943033885,0.00031161632736952723,0.00044753408717964016,1445474744.1048207,9972160.0,0.2493841624392769,stage1: addrlen16
4861899.0,spmv,addrlen16,,,,,,,,,,,,0.585298,4.247851,33032.0,140315.0,4827293.0,26686.357163,18289.856924,73462737726.0,2752820.0,1066131.0,0.349407,1686689.0,0.5702616352477465,,,,,,,,,,,,,,,,,,,,,12.842572,451.0,5792.0,1686871.0,59784.545147,59730.805407,23135961342.0,386989.0,3081.0,0.227586,383908.0,0.2294123261351935,107.0,133125.0,12287.0,6.0,302396.0,0.0,301400.0,145418.0,85.0,83.0,1244412.0,5085.0,147794.0,0.0,0.490358,0.277964,,,,,1760.0,47.976249,2.0,44042.0,4767008.0,89.872244,,,,,,,ddr4_2x,19312502.0,0.4903583278035833,,301400.0,l2,5085.0,0.016871267418712674,147794.0,imp,spmv_imp_addrlen16_l2_ddr4_2x,11279576.0,11329125.0,0.006431,6431063166.0,,1.406779661016949,,,stage1,,,,,,,0.009047,0.27636256201113346,145418.0,0.48247511612475114,83.0,85.0,107.0,302396.0,0.0002744745300863768,0.00028108837418484373,0.00035384065926797974,,,,stage1: addrlen16
4862291.0,spmv,addrlen2,3332.0,45804.86,28312.86,5701.346901,15.333301,5701403903.0,5717231213.0,15827311.0,19207.0,,,0.558743,2.298087,189257.0,434929.0,4827081.0,30245.400725,18022.562699,74958658641.0,2478349.0,923418.0,0.322127,1554931.0,0.5134260228904384,129106.0,198707.0,688420.0,281.0,5192833.0,0.0,2273967.0,887408.0,263030.0,3636.0,4687267.0,1215352.0,139823.0,0.0,0.061489,0.082503,324272.0,50551.45,20753408.0,3080644464.3865232,,0.0,0.0,2941675.0,73460.189835,73127.19039,44086177947.0,600137.0,,0.204012,600137.0,0.20401199996600577,,,,,,,,,,,,,,,,,,,,,1739.0,49.525255,2.0,91845.0,4767008.0,94.672619,6.09,5701413402.709869,15827310.64559366,57.33,0.0,0.0,ddr4_1x,20230360.0,0.061488579209812634,,2273967.0,l1d,1215352.0,0.5344633409367858,139823.0,imp,spmv_imp_addrlen2_l1d_ddr4_1x,11279576.0,11329125.0,0.006737,6736709880.0,,1.573252189401811,,,stage1,,,,,,,0.010599,0.053404818323624266,887408.0,0.39024664825830807,3636.0,263030.0,129106.0,5192833.0,0.000700195827595457,0.050652505096928785,0.024862343926715918,3080644464.3865232,20753408.0,0.283874450397993,stage1: addrlen2
4862969.0,spmv,addrlen2,,,,,,,,,,,,0.595778,2.296896,167567.0,384884.0,4827165.0,28243.676632,16854.769853,69547314069.0,2462403.0,907334.0,0.32215,1555069.0,0.510113700277492,125479.0,197064.0,677154.0,279.0,5135890.0,0.0,2267381.0,874497.0,258235.0,2883.0,4682078.0,1221724.0,140288.0,0.0,0.061872,0.082748,,,,,,0.0,0.0,2948135.0,64956.92622,64623.926775,39010466654.0,600559.0,,0.203708,600559.0,0.20370810698967312,,,,,,,,,,,,,,,,,,,,,1620.0,46.025052,2.0,58687.0,4767008.0,86.542477,,,,,,,ddr4_2x,18972776.0,0.061872265843279095,,2267381.0,l1d,1221724.0,0.538826072900849,140288.0,imp,spmv_imp_addrlen2_l1d_ddr4_2x,11279576.0,11329125.0,0.006318,6317934408.0,,1.431940487496043,,,stage1,,,,,,,0.009047,0.053901135401782235,874497.0,0.38568595220653257,2883.0,258235.0,125479.0,5135890.0,0.0005613437982511307,0.050280477190905566,0.024431792736993977,,,,stage1: addrlen2
4861171.0,spmv,addrlen2,3332.0,43304.25,25812.25,5007.123029,14.842984,5007160137.0,5022596840.0,15436704.0,19207.0,,,0.545609,4.320923,34354.0,148441.0,4826959.0,29740.772948,19712.030241,82312615323.0,2767669.0,1081030.0,0.349421,1686639.0,0.573377358291214,,,,,,,,,,,,,,,,,,,,,15.422917,480.0,7403.0,1686824.0,65969.351069,65925.187012,25511205660.0,386713.0,2786.0,0.227603,383927.0,0.22925509715299283,135.0,131897.0,12853.0,4.0,301653.0,0.0,300575.0,144754.0,94.0,123.0,1244051.0,5099.0,147910.0,0.0,0.49209,0.278112,155815.0,54447.52,9972160.0,1445474744.1048207,1689.0,53.506138,2.0,80968.0,4767008.0,100.02579,5.63,5007169413.606448,15436703.61769035,57.26,0.0,0.0,ddr4_1x,20717364.0,0.4920901605256591,,300575.0,l2,5099.0,0.016964152041919655,147910.0,imp,spmv_imp_addrlen2_l2_ddr4_1x,11279576.0,11329125.0,0.006899,6898882212.0,,1.5363096100884188,,,stage1,,,,,,,0.010599,0.2766622461061346,144754.0,0.48159028528653414,123.0,94.0,135.0,301653.0,0.00040775327943033885,0.00031161632736952723,0.00044753408717964016,1445474744.1048207,9972160.0,0.2493841624392769,stage1: addrlen2
4861899.0,spmv,addrlen2,,,,,,,,,,,,0.585298,4.247851,33032.0,140315.0,4827293.0,26686.357163,18289.856924,73462737726.0,2752820.0,1066131.0,0.349407,1686689.0,0.5702616352477465,,,,,,,,,,,,,,,,,,,,,12.842572,451.0,5792.0,1686871.0,59784.545147,59730.805407,23135961342.0,386989.0,3081.0,0.227586,383908.0,0.2294123261351935,107.0,133125.0,12287.0,6.0,302396.0,0.0,301400.0,145418.0,85.0,83.0,1244412.0,5085.0,147794.0,0.0,0.490358,0.277964,,,,,1760.0,47.976249,2.0,44042.0,4767008.0,89.872244,,,,,,,ddr4_2x,19312502.0,0.4903583278035833,,301400.0,l2,5085.0,0.016871267418712674,147794.0,imp,spmv_imp_addrlen2_l2_ddr4_2x,11279576.0,11329125.0,0.006431,6431063166.0,,1.406779661016949,,,stage1,,,,,,,0.009047,0.27636256201113346,145418.0,0.48247511612475114,83.0,85.0,107.0,302396.0,0.0002744745300863768,0.00028108837418484373,0.00035384065926797974,,,,stage1: addrlen2
4862291.0,spmv,addrlen8,3332.0,45804.86,28312.86,5701.346901,15.333301,5701403903.0,5717231213.0,15827311.0,19207.0,,,0.558743,2.298087,189257.0,434929.0,4827081.0,30245.400725,18022.562699,74958658641.0,2478349.0,923418.0,0.322127,1554931.0,0.5134260228904384,129106.0,198707.0,688420.0,281.0,5192833.0,0.0,2273967.0,887408.0,263030.0,3636.0,4687267.0,1215352.0,139823.0,0.0,0.061489,0.082503,324272.0,50551.45,20753408.0,3080644464.3865232,,0.0,0.0,2941675.0,73460.189835,73127.19039,44086177947.0,600137.0,,0.204012,600137.0,0.20401199996600577,,,,,,,,,,,,,,,,,,,,,1739.0,49.525255,2.0,91845.0,4767008.0,94.672619,6.09,5701413402.709869,15827310.64559366,57.33,0.0,0.0,ddr4_1x,20230360.0,0.061488579209812634,,2273967.0,l1d,1215352.0,0.5344633409367858,139823.0,imp,spmv_imp_addrlen8_l1d_ddr4_1x,11279576.0,11329125.0,0.006737,6736709880.0,,1.573252189401811,,,stage1,,,,,,,0.010599,0.053404818323624266,887408.0,0.39024664825830807,3636.0,263030.0,129106.0,5192833.0,0.000700195827595457,0.050652505096928785,0.024862343926715918,3080644464.3865232,20753408.0,0.283874450397993,stage1: addrlen8
4862969.0,spmv,addrlen8,,,,,,,,,,,,0.595778,2.296896,167567.0,384884.0,4827165.0,28243.676632,16854.769853,69547314069.0,2462403.0,907334.0,0.32215,1555069.0,0.510113700277492,125479.0,197064.0,677154.0,279.0,5135890.0,0.0,2267381.0,874497.0,258235.0,2883.0,4682078.0,1221724.0,140288.0,0.0,0.061872,0.082748,,,,,,0.0,0.0,2948135.0,64956.92622,64623.926775,39010466654.0,600559.0,,0.203708,600559.0,0.20370810698967312,,,,,,,,,,,,,,,,,,,,,1620.0,46.025052,2.0,58687.0,4767008.0,86.542477,,,,,,,ddr4_2x,18972776.0,0.061872265843279095,,2267381.0,l1d,1221724.0,0.538826072900849,140288.0,imp,spmv_imp_addrlen8_l1d_ddr4_2x,11279576.0,11329125.0,0.006318,6317934408.0,,1.431940487496043,,,stage1,,,,,,,0.009047,0.053901135401782235,874497.0,0.38568595220653257,2883.0,258235.0,125479.0,5135890.0,0.0005613437982511307,0.050280477190905566,0.024431792736993977,,,,stage1: addrlen8
4861171.0,spmv,addrlen8,3332.0,43304.25,25812.25,5007.123029,14.842984,5007160137.0,5022596840.0,15436704.0,19207.0,,,0.545609,4.320923,34354.0,148441.0,4826959.0,29740.772948,19712.030241,82312615323.0,2767669.0,1081030.0,0.349421,1686639.0,0.573377358291214,,,,,,,,,,,,,,,,,,,,,15.422917,480.0,7403.0,1686824.0,65969.351069,65925.187012,25511205660.0,386713.0,2786.0,0.227603,383927.0,0.22925509715299283,135.0,131897.0,12853.0,4.0,301653.0,0.0,300575.0,144754.0,94.0,123.0,1244051.0,5099.0,147910.0,0.0,0.49209,0.278112,155815.0,54447.52,9972160.0,1445474744.1048207,1689.0,53.506138,2.0,80968.0,4767008.0,100.02579,5.63,5007169413.606448,15436703.61769035,57.26,0.0,0.0,ddr4_1x,20717364.0,0.4920901605256591,,300575.0,l2,5099.0,0.016964152041919655,147910.0,imp,spmv_imp_addrlen8_l2_ddr4_1x,11279576.0,11329125.0,0.006899,6898882212.0,,1.5363096100884188,,,stage1,,,,,,,0.010599,0.2766622461061346,144754.0,0.48159028528653414,123.0,94.0,135.0,301653.0,0.00040775327943033885,0.00031161632736952723,0.00044753408717964016,1445474744.1048207,9972160.0,0.2493841624392769,stage1: addrlen8
4861899.0,spmv,addrlen8,,,,,,,,,,,,0.585298,4.247851,33032.0,140315.0,4827293.0,26686.357163,18289.856924,73462737726.0,2752820.0,1066131.0,0.349407,1686689.0,0.5702616352477465,,,,,,,,,,,,,,,,,,,,,12.842572,451.0,5792.0,1686871.0,59784.545147,59730.805407,23135961342.0,386989.0,3081.0,0.227586,383908.0,0.2294123261351935,107.0,133125.0,12287.0,6.0,302396.0,0.0,301400.0,145418.0,85.0,83.0,1244412.0,5085.0,147794.0,0.0,0.490358,0.277964,,,,,1760.0,47.976249,2.0,44042.0,4767008.0,89.872244,,,,,,,ddr4_2x,19312502.0,0.4903583278035833,,301400.0,l2,5085.0,0.016871267418712674,147794.0,imp,spmv_imp_addrlen8_l2_ddr4_2x,11279576.0,11329125.0,0.006431,6431063166.0,,1.406779661016949,,,stage1,,,,,,,0.009047,0.27636256201113346,145418.0,0.48247511612475114,83.0,85.0,107.0,302396.0,0.0002744745300863768,0.00028108837418484373,0.00035384065926797974,,,,stage1: addrlen8
4862291.0,spmv,default,3332.0,45804.86,28312.86,5701.346901,15.333301,5701403903.0,5717231213.0,15827311.0,19207.0,,,0.558743,2.298087,189257.0,434929.0,4827081.0,30245.400725,18022.562699,74958658641.0,2478349.0,923418.0,0.322127,1554931.0,0.5134260228904384,129106.0,198707.0,688420.0,281.0,5192833.0,0.0,2273967.0,887408.0,263030.0,3636.0,4687267.0,1215352.0,139823.0,0.0,0.061489,0.082503,324272.0,50551.45,20753408.0,3080644464.3865232,,0.0,0.0,2941675.0,73460.189835,73127.19039,44086177947.0,600137.0,,0.204012,600137.0,0.20401199996600577,,,,,,,,,,,,,,,,,,,,,1739.0,49.525255,2.0,91845.0,4767008.0,94.672619,6.09,5701413402.709869,15827310.64559366,57.33,0.0,0.0,ddr4_1x,20230360.0,0.061488579209812634,,2273967.0,l1d,1215352.0,0.5344633409367858,139823.0,imp,spmv_imp_default_l1d_ddr4_1x,11279576.0,11329125.0,0.006737,6736709880.0,,1.573252189401811,,,stage1,,,,,,,0.010599,0.053404818323624266,887408.0,0.39024664825830807,3636.0,263030.0,129106.0,5192833.0,0.000700195827595457,0.050652505096928785,0.024862343926715918,3080644464.3865232,20753408.0,0.283874450397993,IMP default
4862969.0,spmv,default,,,,,,,,,,,,0.595778,2.296896,167567.0,384884.0,4827165.0,28243.676632,16854.769853,69547314069.0,2462403.0,907334.0,0.32215,1555069.0,0.510113700277492,125479.0,197064.0,677154.0,279.0,5135890.0,0.0,2267381.0,874497.0,258235.0,2883.0,4682078.0,1221724.0,140288.0,0.0,0.061872,0.082748,,,,,,0.0,0.0,2948135.0,64956.92622,64623.926775,39010466654.0,600559.0,,0.203708,600559.0,0.20370810698967312,,,,,,,,,,,,,,,,,,,,,1620.0,46.025052,2.0,58687.0,4767008.0,86.542477,,,,,,,ddr4_2x,18972776.0,0.061872265843279095,,2267381.0,l1d,1221724.0,0.538826072900849,140288.0,imp,spmv_imp_default_l1d_ddr4_2x,11279576.0,11329125.0,0.006318,6317934408.0,,1.431940487496043,,,stage1,,,,,,,0.009047,0.053901135401782235,874497.0,0.38568595220653257,2883.0,258235.0,125479.0,5135890.0,0.0005613437982511307,0.050280477190905566,0.024431792736993977,,,,IMP default
4861171.0,spmv,default,3332.0,43304.25,25812.25,5007.123029,14.842984,5007160137.0,5022596840.0,15436704.0,19207.0,,,0.545609,4.320923,34354.0,148441.0,4826959.0,29740.772948,19712.030241,82312615323.0,2767669.0,1081030.0,0.349421,1686639.0,0.573377358291214,,,,,,,,,,,,,,,,,,,,,15.422917,480.0,7403.0,1686824.0,65969.351069,65925.187012,25511205660.0,386713.0,2786.0,0.227603,383927.0,0.22925509715299283,135.0,131897.0,12853.0,4.0,301653.0,0.0,300575.0,144754.0,94.0,123.0,1244051.0,5099.0,147910.0,0.0,0.49209,0.278112,155815.0,54447.52,9972160.0,1445474744.1048207,1689.0,53.506138,2.0,80968.0,4767008.0,100.02579,5.63,5007169413.606448,15436703.61769035,57.26,0.0,0.0,ddr4_1x,20717364.0,0.4920901605256591,,300575.0,l2,5099.0,0.016964152041919655,147910.0,imp,spmv_imp_default_l2_ddr4_1x,11279576.0,11329125.0,0.006899,6898882212.0,,1.5363096100884188,,,stage1,,,,,,,0.010599,0.2766622461061346,144754.0,0.48159028528653414,123.0,94.0,135.0,301653.0,0.00040775327943033885,0.00031161632736952723,0.00044753408717964016,1445474744.1048207,9972160.0,0.2493841624392769,IMP default
4861899.0,spmv,default,,,,,,,,,,,,0.585298,4.247851,33032.0,140315.0,4827293.0,26686.357163,18289.856924,73462737726.0,2752820.0,1066131.0,0.349407,1686689.0,0.5702616352477465,,,,,,,,,,,,,,,,,,,,,12.842572,451.0,5792.0,1686871.0,59784.545147,59730.805407,23135961342.0,386989.0,3081.0,0.227586,383908.0,0.2294123261351935,107.0,133125.0,12287.0,6.0,302396.0,0.0,301400.0,145418.0,85.0,83.0,1244412.0,5085.0,147794.0,0.0,0.490358,0.277964,,,,,1760.0,47.976249,2.0,44042.0,4767008.0,89.872244,,,,,,,ddr4_2x,19312502.0,0.4903583278035833,,301400.0,l2,5085.0,0.016871267418712674,147794.0,imp,spmv_imp_default_l2_ddr4_2x,11279576.0,11329125.0,0.006431,6431063166.0,,1.406779661016949,,,stage1,,,,,,,0.009047,0.27636256201113346,145418.0,0.48247511612475114,83.0,85.0,107.0,302396.0,0.0002744745300863768,0.00028108837418484373,0.00035384065926797974,,,,IMP default
4862291.0,spmv,dist32,3332.0,45804.86,28312.86,5701.346901,15.333301,5701403903.0,5717231213.0,15827311.0,19207.0,,,0.558743,2.298087,189257.0,434929.0,4827081.0,30245.400725,18022.562699,74958658641.0,2478349.0,923418.0,0.322127,1554931.0,0.5134260228904384,129106.0,198707.0,688420.0,281.0,5192833.0,0.0,2273967.0,887408.0,263030.0,3636.0,4687267.0,1215352.0,139823.0,0.0,0.061489,0.082503,324272.0,50551.45,20753408.0,3080644464.3865232,,0.0,0.0,2941675.0,73460.189835,73127.19039,44086177947.0,600137.0,,0.204012,600137.0,0.20401199996600577,,,,,,,,,,,,,,,,,,,,,1739.0,49.525255,2.0,91845.0,4767008.0,94.672619,6.09,5701413402.709869,15827310.64559366,57.33,0.0,0.0,ddr4_1x,20230360.0,0.061488579209812634,,2273967.0,l1d,1215352.0,0.5344633409367858,139823.0,imp,spmv_imp_dist32_l1d_ddr4_1x,11279576.0,11329125.0,0.006737,6736709880.0,,1.573252189401811,,,stage1,,,,,,,0.010599,0.053404818323624266,887408.0,0.39024664825830807,3636.0,263030.0,129106.0,5192833.0,0.000700195827595457,0.050652505096928785,0.024862343926715918,3080644464.3865232,20753408.0,0.283874450397993,stage1: dist32
4862969.0,spmv,dist32,,,,,,,,,,,,0.595778,2.296896,167567.0,384884.0,4827165.0,28243.676632,16854.769853,69547314069.0,2462403.0,907334.0,0.32215,1555069.0,0.510113700277492,125479.0,197064.0,677154.0,279.0,5135890.0,0.0,2267381.0,874497.0,258235.0,2883.0,4682078.0,1221724.0,140288.0,0.0,0.061872,0.082748,,,,,,0.0,0.0,2948135.0,64956.92622,64623.926775,39010466654.0,600559.0,,0.203708,600559.0,0.20370810698967312,,,,,,,,,,,,,,,,,,,,,1620.0,46.025052,2.0,58687.0,4767008.0,86.542477,,,,,,,ddr4_2x,18972776.0,0.061872265843279095,,2267381.0,l1d,1221724.0,0.538826072900849,140288.0,imp,spmv_imp_dist32_l1d_ddr4_2x,11279576.0,11329125.0,0.006318,6317934408.0,,1.431940487496043,,,stage1,,,,,,,0.009047,0.053901135401782235,874497.0,0.38568595220653257,2883.0,258235.0,125479.0,5135890.0,0.0005613437982511307,0.050280477190905566,0.024431792736993977,,,,stage1: dist32
4861171.0,spmv,dist32,3332.0,43304.25,25812.25,5007.123029,14.842984,5007160137.0,5022596840.0,15436704.0,19207.0,,,0.545609,4.320923,34354.0,148441.0,4826959.0,29740.772948,19712.030241,82312615323.0,2767669.0,1081030.0,0.349421,1686639.0,0.573377358291214,,,,,,,,,,,,,,,,,,,,,15.422917,480.0,7403.0,1686824.0,65969.351069,65925.187012,25511205660.0,386713.0,2786.0,0.227603,383927.0,0.22925509715299283,135.0,131897.0,12853.0,4.0,301653.0,0.0,300575.0,144754.0,94.0,123.0,1244051.0,5099.0,147910.0,0.0,0.49209,0.278112,155815.0,54447.52,9972160.0,1445474744.1048207,1689.0,53.506138,2.0,80968.0,4767008.0,100.02579,5.63,5007169413.606448,15436703.61769035,57.26,0.0,0.0,ddr4_1x,20717364.0,0.4920901605256591,,300575.0,l2,5099.0,0.016964152041919655,147910.0,imp,spmv_imp_dist32_l2_ddr4_1x,11279576.0,11329125.0,0.006899,6898882212.0,,1.5363096100884188,,,stage1,,,,,,,0.010599,0.2766622461061346,144754.0,0.48159028528653414,123.0,94.0,135.0,301653.0,0.00040775327943033885,0.00031161632736952723,0.00044753408717964016,1445474744.1048207,9972160.0,0.2493841624392769,stage1: dist32
4861899.0,spmv,dist32,,,,,,,,,,,,0.585298,4.247851,33032.0,140315.0,4827293.0,26686.357163,18289.856924,73462737726.0,2752820.0,1066131.0,0.349407,1686689.0,0.5702616352477465,,,,,,,,,,,,,,,,,,,,,12.842572,451.0,5792.0,1686871.0,59784.545147,59730.805407,23135961342.0,386989.0,3081.0,0.227586,383908.0,0.2294123261351935,107.0,133125.0,12287.0,6.0,302396.0,0.0,301400.0,145418.0,85.0,83.0,1244412.0,5085.0,147794.0,0.0,0.490358,0.277964,,,,,1760.0,47.976249,2.0,44042.0,4767008.0,89.872244,,,,,,,ddr4_2x,19312502.0,0.4903583278035833,,301400.0,l2,5085.0,0.016871267418712674,147794.0,imp,spmv_imp_dist32_l2_ddr4_2x,11279576.0,11329125.0,0.006431,6431063166.0,,1.406779661016949,,,stage1,,,,,,,0.009047,0.27636256201113346,145418.0,0.48247511612475114,83.0,85.0,107.0,302396.0,0.0002744745300863768,0.00028108837418484373,0.00035384065926797974,,,,stage1: dist32
4862291.0,spmv,dist4,3332.0,45804.86,28312.86,5701.346901,15.333301,5701403903.0,5717231213.0,15827311.0,19207.0,,,0.558743,2.298087,189257.0,434929.0,4827081.0,30245.400725,18022.562699,74958658641.0,2478349.0,923418.0,0.322127,1554931.0,0.5134260228904384,129106.0,198707.0,688420.0,281.0,5192833.0,0.0,2273967.0,887408.0,263030.0,3636.0,4687267.0,1215352.0,139823.0,0.0,0.061489,0.082503,324272.0,50551.45,20753408.0,3080644464.3865232,,0.0,0.0,2941675.0,73460.189835,73127.19039,44086177947.0,600137.0,,0.204012,600137.0,0.20401199996600577,,,,,,,,,,,,,,,,,,,,,1739.0,49.525255,2.0,91845.0,4767008.0,94.672619,6.09,5701413402.709869,15827310.64559366,57.33,0.0,0.0,ddr4_1x,20230360.0,0.061488579209812634,,2273967.0,l1d,1215352.0,0.5344633409367858,139823.0,imp,spmv_imp_dist4_l1d_ddr4_1x,11279576.0,11329125.0,0.006737,6736709880.0,,1.573252189401811,,,stage1,,,,,,,0.010599,0.053404818323624266,887408.0,0.39024664825830807,3636.0,263030.0,129106.0,5192833.0,0.000700195827595457,0.050652505096928785,0.024862343926715918,3080644464.3865232,20753408.0,0.283874450397993,stage1: dist4
4862969.0,spmv,dist4,,,,,,,,,,,,0.595778,2.296896,167567.0,384884.0,4827165.0,28243.676632,16854.769853,69547314069.0,2462403.0,907334.0,0.32215,1555069.0,0.510113700277492,125479.0,197064.0,677154.0,279.0,5135890.0,0.0,2267381.0,874497.0,258235.0,2883.0,4682078.0,1221724.0,140288.0,0.0,0.061872,0.082748,,,,,,0.0,0.0,2948135.0,64956.92622,64623.926775,39010466654.0,600559.0,,0.203708,600559.0,0.20370810698967312,,,,,,,,,,,,,,,,,,,,,1620.0,46.025052,2.0,58687.0,4767008.0,86.542477,,,,,,,ddr4_2x,18972776.0,0.061872265843279095,,2267381.0,l1d,1221724.0,0.538826072900849,140288.0,imp,spmv_imp_dist4_l1d_ddr4_2x,11279576.0,11329125.0,0.006318,6317934408.0,,1.431940487496043,,,stage1,,,,,,,0.009047,0.053901135401782235,874497.0,0.38568595220653257,2883.0,258235.0,125479.0,5135890.0,0.0005613437982511307,0.050280477190905566,0.024431792736993977,,,,stage1: dist4
4861171.0,spmv,dist4,3332.0,43304.25,25812.25,5007.123029,14.842984,5007160137.0,5022596840.0,15436704.0,19207.0,,,0.545609,4.320923,34354.0,148441.0,4826959.0,29740.772948,19712.030241,82312615323.0,2767669.0,1081030.0,0.349421,1686639.0,0.573377358291214,,,,,,,,,,,,,,,,,,,,,15.422917,480.0,7403.0,1686824.0,65969.351069,65925.187012,25511205660.0,386713.0,2786.0,0.227603,383927.0,0.22925509715299283,135.0,131897.0,12853.0,4.0,301653.0,0.0,300575.0,144754.0,94.0,123.0,1244051.0,5099.0,147910.0,0.0,0.49209,0.278112,155815.0,54447.52,9972160.0,1445474744.1048207,1689.0,53.506138,2.0,80968.0,4767008.0,100.02579,5.63,5007169413.606448,15436703.61769035,57.26,0.0,0.0,ddr4_1x,20717364.0,0.4920901605256591,,300575.0,l2,5099.0,0.016964152041919655,147910.0,imp,spmv_imp_dist4_l2_ddr4_1x,11279576.0,11329125.0,0.006899,6898882212.0,,1.5363096100884188,,,stage1,,,,,,,0.010599,0.2766622461061346,144754.0,0.48159028528653414,123.0,94.0,135.0,301653.0,0.00040775327943033885,0.00031161632736952723,0.00044753408717964016,1445474744.1048207,9972160.0,0.2493841624392769,stage1: dist4
4861899.0,spmv,dist4,,,,,,,,,,,,0.585298,4.247851,33032.0,140315.0,4827293.0,26686.357163,18289.856924,73462737726.0,2752820.0,1066131.0,0.349407,1686689.0,0.5702616352477465,,,,,,,,,,,,,,,,,,,,,12.842572,451.0,5792.0,1686871.0,59784.545147,59730.805407,23135961342.0,386989.0,3081.0,0.227586,383908.0,0.2294123261351935,107.0,133125.0,12287.0,6.0,302396.0,0.0,301400.0,145418.0,85.0,83.0,1244412.0,5085.0,147794.0,0.0,0.490358,0.277964,,,,,1760.0,47.976249,2.0,44042.0,4767008.0,89.872244,,,,,,,ddr4_2x,19312502.0,0.4903583278035833,,301400.0,l2,5085.0,0.016871267418712674,147794.0,imp,spmv_imp_dist4_l2_ddr4_2x,11279576.0,11329125.0,0.006431,6431063166.0,,1.406779661016949,,,stage1,,,,,,,0.009047,0.27636256201113346,145418.0,0.48247511612475114,83.0,85.0,107.0,302396.0,0.0002744745300863768,0.00028108837418484373,0.00035384065926797974,,,,stage1: dist4
4862291.0,spmv,dist64,3332.0,45804.86,28312.86,5701.346901,15.333301,5701403903.0,5717231213.0,15827311.0,19207.0,,,0.558743,2.298087,189257.0,434929.0,4827081.0,30245.400725,18022.562699,74958658641.0,2478349.0,923418.0,0.322127,1554931.0,0.5134260228904384,129106.0,198707.0,688420.0,281.0,5192833.0,0.0,2273967.0,887408.0,263030.0,3636.0,4687267.0,1215352.0,139823.0,0.0,0.061489,0.082503,324272.0,50551.45,20753408.0,3080644464.3865232,,0.0,0.0,2941675.0,73460.189835,73127.19039,44086177947.0,600137.0,,0.204012,600137.0,0.20401199996600577,,,,,,,,,,,,,,,,,,,,,1739.0,49.525255,2.0,91845.0,4767008.0,94.672619,6.09,5701413402.709869,15827310.64559366,57.33,0.0,0.0,ddr4_1x,20230360.0,0.061488579209812634,,2273967.0,l1d,1215352.0,0.5344633409367858,139823.0,imp,spmv_imp_dist64_l1d_ddr4_1x,11279576.0,11329125.0,0.006737,6736709880.0,,1.573252189401811,,,stage1,,,,,,,0.010599,0.053404818323624266,887408.0,0.39024664825830807,3636.0,263030.0,129106.0,5192833.0,0.000700195827595457,0.050652505096928785,0.024862343926715918,3080644464.3865232,20753408.0,0.283874450397993,stage1: dist64
4862969.0,spmv,dist64,,,,,,,,,,,,0.595778,2.296896,167567.0,384884.0,4827165.0,28243.676632,16854.769853,69547314069.0,2462403.0,907334.0,0.32215,1555069.0,0.510113700277492,125479.0,197064.0,677154.0,279.0,5135890.0,0.0,2267381.0,874497.0,258235.0,2883.0,4682078.0,1221724.0,140288.0,0.0,0.061872,0.082748,,,,,,0.0,0.0,2948135.0,64956.92622,64623.926775,39010466654.0,600559.0,,0.203708,600559.0,0.20370810698967312,,,,,,,,,,,,,,,,,,,,,1620.0,46.025052,2.0,58687.0,4767008.0,86.542477,,,,,,,ddr4_2x,18972776.0,0.061872265843279095,,2267381.0,l1d,1221724.0,0.538826072900849,140288.0,imp,spmv_imp_dist64_l1d_ddr4_2x,11279576.0,11329125.0,0.006318,6317934408.0,,1.431940487496043,,,stage1,,,,,,,0.009047,0.053901135401782235,874497.0,0.38568595220653257,2883.0,258235.0,125479.0,5135890.0,0.0005613437982511307,0.050280477190905566,0.024431792736993977,,,,stage1: dist64
4861171.0,spmv,dist64,3332.0,43304.25,25812.25,5007.123029,14.842984,5007160137.0,5022596840.0,15436704.0,19207.0,,,0.545609,4.320923,34354.0,148441.0,4826959.0,29740.772948,19712.030241,82312615323.0,2767669.0,1081030.0,0.349421,1686639.0,0.573377358291214,,,,,,,,,,,,,,,,,,,,,15.422917,480.0,7403.0,1686824.0,65969.351069,65925.187012,25511205660.0,386713.0,2786.0,0.227603,383927.0,0.22925509715299283,135.0,131897.0,12853.0,4.0,301653.0,0.0,300575.0,144754.0,94.0,123.0,1244051.0,5099.0,147910.0,0.0,0.49209,0.278112,155815.0,54447.52,9972160.0,1445474744.1048207,1689.0,53.506138,2.0,80968.0,4767008.0,100.02579,5.63,5007169413.606448,15436703.61769035,57.26,0.0,0.0,ddr4_1x,20717364.0,0.4920901605256591,,300575.0,l2,5099.0,0.016964152041919655,147910.0,imp,spmv_imp_dist64_l2_ddr4_1x,11279576.0,11329125.0,0.006899,6898882212.0,,1.5363096100884188,,,stage1,,,,,,,0.010599,0.2766622461061346,144754.0,0.48159028528653414,123.0,94.0,135.0,301653.0,0.00040775327943033885,0.00031161632736952723,0.00044753408717964016,1445474744.1048207,9972160.0,0.2493841624392769,stage1: dist64
4861899.0,spmv,dist64,,,,,,,,,,,,0.585298,4.247851,33032.0,140315.0,4827293.0,26686.357163,18289.856924,73462737726.0,2752820.0,1066131.0,0.349407,1686689.0,0.5702616352477465,,,,,,,,,,,,,,,,,,,,,12.842572,451.0,5792.0,1686871.0,59784.545147,59730.805407,23135961342.0,386989.0,3081.0,0.227586,383908.0,0.2294123261351935,107.0,133125.0,12287.0,6.0,302396.0,0.0,301400.0,145418.0,85.0,83.0,1244412.0,5085.0,147794.0,0.0,0.490358,0.277964,,,,,1760.0,47.976249,2.0,44042.0,4767008.0,89.872244,,,,,,,ddr4_2x,19312502.0,0.4903583278035833,,301400.0,l2,5085.0,0.016871267418712674,147794.0,imp,spmv_imp_dist64_l2_ddr4_2x,11279576.0,11329125.0,0.006431,6431063166.0,,1.406779661016949,,,stage1,,,,,,,0.009047,0.27636256201113346,145418.0,0.48247511612475114,83.0,85.0,107.0,302396.0,0.0002744745300863768,0.00028108837418484373,0.00035384065926797974,,,,stage1: dist64
4862291.0,spmv,dist8,3332.0,45804.86,28312.86,5701.346901,15.333301,5701403903.0,5717231213.0,15827311.0,19207.0,,,0.558743,2.298087,189257.0,434929.0,4827081.0,30245.400725,18022.562699,74958658641.0,2478349.0,923418.0,0.322127,1554931.0,0.5134260228904384,129106.0,198707.0,688420.0,281.0,5192833.0,0.0,2273967.0,887408.0,263030.0,3636.0,4687267.0,1215352.0,139823.0,0.0,0.061489,0.082503,324272.0,50551.45,20753408.0,3080644464.3865232,,0.0,0.0,2941675.0,73460.189835,73127.19039,44086177947.0,600137.0,,0.204012,600137.0,0.20401199996600577,,,,,,,,,,,,,,,,,,,,,1739.0,49.525255,2.0,91845.0,4767008.0,94.672619,6.09,5701413402.709869,15827310.64559366,57.33,0.0,0.0,ddr4_1x,20230360.0,0.061488579209812634,,2273967.0,l1d,1215352.0,0.5344633409367858,139823.0,imp,spmv_imp_dist8_l1d_ddr4_1x,11279576.0,11329125.0,0.006737,6736709880.0,,1.573252189401811,,,stage1,,,,,,,0.010599,0.053404818323624266,887408.0,0.39024664825830807,3636.0,263030.0,129106.0,5192833.0,0.000700195827595457,0.050652505096928785,0.024862343926715918,3080644464.3865232,20753408.0,0.283874450397993,stage1: dist8
4862969.0,spmv,dist8,,,,,,,,,,,,0.595778,2.296896,167567.0,384884.0,4827165.0,28243.676632,16854.769853,69547314069.0,2462403.0,907334.0,0.32215,1555069.0,0.510113700277492,125479.0,197064.0,677154.0,279.0,5135890.0,0.0,2267381.0,874497.0,258235.0,2883.0,4682078.0,1221724.0,140288.0,0.0,0.061872,0.082748,,,,,,0.0,0.0,2948135.0,64956.92622,64623.926775,39010466654.0,600559.0,,0.203708,600559.0,0.20370810698967312,,,,,,,,,,,,,,,,,,,,,1620.0,46.025052,2.0,58687.0,4767008.0,86.542477,,,,,,,ddr4_2x,18972776.0,0.061872265843279095,,2267381.0,l1d,1221724.0,0.538826072900849,140288.0,imp,spmv_imp_dist8_l1d_ddr4_2x,11279576.0,11329125.0,0.006318,6317934408.0,,1.431940487496043,,,stage1,,,,,,,0.009047,0.053901135401782235,874497.0,0.38568595220653257,2883.0,258235.0,125479.0,5135890.0,0.0005613437982511307,0.050280477190905566,0.024431792736993977,,,,stage1: dist8
4861171.0,spmv,dist8,3332.0,43304.25,25812.25,5007.123029,14.842984,5007160137.0,5022596840.0,15436704.0,19207.0,,,0.545609,4.320923,34354.0,148441.0,4826959.0,29740.772948,19712.030241,82312615323.0,2767669.0,1081030.0,0.349421,1686639.0,0.573377358291214,,,,,,,,,,,,,,,,,,,,,15.422917,480.0,7403.0,1686824.0,65969.351069,65925.187012,25511205660.0,386713.0,2786.0,0.227603,383927.0,0.22925509715299283,135.0,131897.0,12853.0,4.0,301653.0,0.0,300575.0,144754.0,94.0,123.0,1244051.0,5099.0,147910.0,0.0,0.49209,0.278112,155815.0,54447.52,9972160.0,1445474744.1048207,1689.0,53.506138,2.0,80968.0,4767008.0,100.02579,5.63,5007169413.606448,15436703.61769035,57.26,0.0,0.0,ddr4_1x,20717364.0,0.4920901605256591,,300575.0,l2,5099.0,0.016964152041919655,147910.0,imp,spmv_imp_dist8_l2_ddr4_1x,11279576.0,11329125.0,0.006899,6898882212.0,,1.5363096100884188,,,stage1,,,,,,,0.010599,0.2766622461061346,144754.0,0.48159028528653414,123.0,94.0,135.0,301653.0,0.00040775327943033885,0.00031161632736952723,0.00044753408717964016,1445474744.1048207,9972160.0,0.2493841624392769,stage1: dist8
4861899.0,spmv,dist8,,,,,,,,,,,,0.585298,4.247851,33032.0,140315.0,4827293.0,26686.357163,18289.856924,73462737726.0,2752820.0,1066131.0,0.349407,1686689.0,0.5702616352477465,,,,,,,,,,,,,,,,,,,,,12.842572,451.0,5792.0,1686871.0,59784.545147,59730.805407,23135961342.0,386989.0,3081.0,0.227586,383908.0,0.2294123261351935,107.0,133125.0,12287.0,6.0,302396.0,0.0,301400.0,145418.0,85.0,83.0,1244412.0,5085.0,147794.0,0.0,0.490358,0.277964,,,,,1760.0,47.976249,2.0,44042.0,4767008.0,89.872244,,,,,,,ddr4_2x,19312502.0,0.4903583278035833,,301400.0,l2,5085.0,0.016871267418712674,147794.0,imp,spmv_imp_dist8_l2_ddr4_2x,11279576.0,11329125.0,0.006431,6431063166.0,,1.406779661016949,,,stage1,,,,,,,0.009047,0.27636256201113346,145418.0,0.48247511612475114,83.0,85.0,107.0,302396.0,0.0002744745300863768,0.00028108837418484373,0.00035384065926797974,,,,stage1: dist8
4862291.0,spmv,ipd16,3332.0,45804.86,28312.86,5701.346901,15.333301,5701403903.0,5717231213.0,15827311.0,19207.0,,,0.558743,2.298087,189257.0,434929.0,4827081.0,30245.400725,18022.562699,74958658641.0,2478349.0,923418.0,0.322127,1554931.0,0.5134260228904384,129106.0,198707.0,688420.0,281.0,5192833.0,0.0,2273967.0,887408.0,263030.0,3636.0,4687267.0,1215352.0,139823.0,0.0,0.061489,0.082503,324272.0,50551.45,20753408.0,3080644464.3865232,,0.0,0.0,2941675.0,73460.189835,73127.19039,44086177947.0,600137.0,,0.204012,600137.0,0.20401199996600577,,,,,,,,,,,,,,,,,,,,,1739.0,49.525255,2.0,91845.0,4767008.0,94.672619,6.09,5701413402.709869,15827310.64559366,57.33,0.0,0.0,ddr4_1x,20230360.0,0.061488579209812634,,2273967.0,l1d,1215352.0,0.5344633409367858,139823.0,imp,spmv_imp_ipd16_l1d_ddr4_1x,11279576.0,11329125.0,0.006737,6736709880.0,,1.573252189401811,,,stage1,,,,,,,0.010599,0.053404818323624266,887408.0,0.39024664825830807,3636.0,263030.0,129106.0,5192833.0,0.000700195827595457,0.050652505096928785,0.024862343926715918,3080644464.3865232,20753408.0,0.283874450397993,stage1: ipd16
4862969.0,spmv,ipd16,,,,,,,,,,,,0.595778,2.296896,167567.0,384884.0,4827165.0,28243.676632,16854.769853,69547314069.0,2462403.0,907334.0,0.32215,1555069.0,0.510113700277492,125479.0,197064.0,677154.0,279.0,5135890.0,0.0,2267381.0,874497.0,258235.0,2883.0,4682078.0,1221724.0,140288.0,0.0,0.061872,0.082748,,,,,,0.0,0.0,2948135.0,64956.92622,64623.926775,39010466654.0,600559.0,,0.203708,600559.0,0.20370810698967312,,,,,,,,,,,,,,,,,,,,,1620.0,46.025052,2.0,58687.0,4767008.0,86.542477,,,,,,,ddr4_2x,18972776.0,0.061872265843279095,,2267381.0,l1d,1221724.0,0.538826072900849,140288.0,imp,spmv_imp_ipd16_l1d_ddr4_2x,11279576.0,11329125.0,0.006318,6317934408.0,,1.431940487496043,,,stage1,,,,,,,0.009047,0.053901135401782235,874497.0,0.38568595220653257,2883.0,258235.0,125479.0,5135890.0,0.0005613437982511307,0.050280477190905566,0.024431792736993977,,,,stage1: ipd16
4861171.0,spmv,ipd16,3332.0,43304.25,25812.25,5007.123029,14.842984,5007160137.0,5022596840.0,15436704.0,19207.0,,,0.545609,4.320923,34354.0,148441.0,4826959.0,29740.772948,19712.030241,82312615323.0,2767669.0,1081030.0,0.349421,1686639.0,0.573377358291214,,,,,,,,,,,,,,,,,,,,,15.422917,480.0,7403.0,1686824.0,65969.351069,65925.187012,25511205660.0,386713.0,2786.0,0.227603,383927.0,0.22925509715299283,135.0,131897.0,12853.0,4.0,301653.0,0.0,300575.0,144754.0,94.0,123.0,1244051.0,5099.0,147910.0,0.0,0.49209,0.278112,155815.0,54447.52,9972160.0,1445474744.1048207,1689.0,53.506138,2.0,80968.0,4767008.0,100.02579,5.63,5007169413.606448,15436703.61769035,57.26,0.0,0.0,ddr4_1x,20717364.0,0.4920901605256591,,300575.0,l2,5099.0,0.016964152041919655,147910.0,imp,spmv_imp_ipd16_l2_ddr4_1x,11279576.0,11329125.0,0.006899,6898882212.0,,1.5363096100884188,,,stage1,,,,,,,0.010599,0.2766622461061346,144754.0,0.48159028528653414,123.0,94.0,135.0,301653.0,0.00040775327943033885,0.00031161632736952723,0.00044753408717964016,1445474744.1048207,9972160.0,0.2493841624392769,stage1: ipd16
4861899.0,spmv,ipd16,,,,,,,,,,,,0.585298,4.247851,33032.0,140315.0,4827293.0,26686.357163,18289.856924,73462737726.0,2752820.0,1066131.0,0.349407,1686689.0,0.5702616352477465,,,,,,,,,,,,,,,,,,,,,12.842572,451.0,5792.0,1686871.0,59784.545147,59730.805407,23135961342.0,386989.0,3081.0,0.227586,383908.0,0.2294123261351935,107.0,133125.0,12287.0,6.0,302396.0,0.0,301400.0,145418.0,85.0,83.0,1244412.0,5085.0,147794.0,0.0,0.490358,0.277964,,,,,1760.0,47.976249,2.0,44042.0,4767008.0,89.872244,,,,,,,ddr4_2x,19312502.0,0.4903583278035833,,301400.0,l2,5085.0,0.016871267418712674,147794.0,imp,spmv_imp_ipd16_l2_ddr4_2x,11279576.0,11329125.0,0.006431,6431063166.0,,1.406779661016949,,,stage1,,,,,,,0.009047,0.27636256201113346,145418.0,0.48247511612475114,83.0,85.0,107.0,302396.0,0.0002744745300863768,0.00028108837418484373,0.00035384065926797974,,,,stage1: ipd16
4862291.0,spmv,ipd2,3332.0,45804.86,28312.86,5701.346901,15.333301,5701403903.0,5717231213.0,15827311.0,19207.0,,,0.558743,2.298087,189257.0,434929.0,4827081.0,30245.400725,18022.562699,74958658641.0,2478349.0,923418.0,0.322127,1554931.0,0.5134260228904384,129106.0,198707.0,688420.0,281.0,5192833.0,0.0,2273967.0,887408.0,263030.0,3636.0,4687267.0,1215352.0,139823.0,0.0,0.061489,0.082503,324272.0,50551.45,20753408.0,3080644464.3865232,,0.0,0.0,2941675.0,73460.189835,73127.19039,44086177947.0,600137.0,,0.204012,600137.0,0.20401199996600577,,,,,,,,,,,,,,,,,,,,,1739.0,49.525255,2.0,91845.0,4767008.0,94.672619,6.09,5701413402.709869,15827310.64559366,57.33,0.0,0.0,ddr4_1x,20230360.0,0.061488579209812634,,2273967.0,l1d,1215352.0,0.5344633409367858,139823.0,imp,spmv_imp_ipd2_l1d_ddr4_1x,11279576.0,11329125.0,0.006737,6736709880.0,,1.573252189401811,,,stage1,,,,,,,0.010599,0.053404818323624266,887408.0,0.39024664825830807,3636.0,263030.0,129106.0,5192833.0,0.000700195827595457,0.050652505096928785,0.024862343926715918,3080644464.3865232,20753408.0,0.283874450397993,stage1: ipd2
4862969.0,spmv,ipd2,,,,,,,,,,,,0.595778,2.296896,167567.0,384884.0,4827165.0,28243.676632,16854.769853,69547314069.0,2462403.0,907334.0,0.32215,1555069.0,0.510113700277492,125479.0,197064.0,677154.0,279.0,5135890.0,0.0,2267381.0,874497.0,258235.0,2883.0,4682078.0,1221724.0,140288.0,0.0,0.061872,0.082748,,,,,,0.0,0.0,2948135.0,64956.92622,64623.926775,39010466654.0,600559.0,,0.203708,600559.0,0.20370810698967312,,,,,,,,,,,,,,,,,,,,,1620.0,46.025052,2.0,58687.0,4767008.0,86.542477,,,,,,,ddr4_2x,18972776.0,0.061872265843279095,,2267381.0,l1d,1221724.0,0.538826072900849,140288.0,imp,spmv_imp_ipd2_l1d_ddr4_2x,11279576.0,11329125.0,0.006318,6317934408.0,,1.431940487496043,,,stage1,,,,,,,0.009047,0.053901135401782235,874497.0,0.38568595220653257,2883.0,258235.0,125479.0,5135890.0,0.0005613437982511307,0.050280477190905566,0.024431792736993977,,,,stage1: ipd2
4861171.0,spmv,ipd2,3332.0,43304.25,25812.25,5007.123029,14.842984,5007160137.0,5022596840.0,15436704.0,19207.0,,,0.545609,4.320923,34354.0,148441.0,4826959.0,29740.772948,19712.030241,82312615323.0,2767669.0,1081030.0,0.349421,1686639.0,0.573377358291214,,,,,,,,,,,,,,,,,,,,,15.422917,480.0,7403.0,1686824.0,65969.351069,65925.187012,25511205660.0,386713.0,2786.0,0.227603,383927.0,0.22925509715299283,135.0,131897.0,12853.0,4.0,301653.0,0.0,300575.0,144754.0,94.0,123.0,1244051.0,5099.0,147910.0,0.0,0.49209,0.278112,155815.0,54447.52,9972160.0,1445474744.1048207,1689.0,53.506138,2.0,80968.0,4767008.0,100.02579,5.63,5007169413.606448,15436703.61769035,57.26,0.0,0.0,ddr4_1x,20717364.0,0.4920901605256591,,300575.0,l2,5099.0,0.016964152041919655,147910.0,imp,spmv_imp_ipd2_l2_ddr4_1x,11279576.0,11329125.0,0.006899,6898882212.0,,1.5363096100884188,,,stage1,,,,,,,0.010599,0.2766622461061346,144754.0,0.48159028528653414,123.0,94.0,135.0,301653.0,0.00040775327943033885,0.00031161632736952723,0.00044753408717964016,1445474744.1048207,9972160.0,0.2493841624392769,stage1: ipd2
4861899.0,spmv,ipd2,,,,,,,,,,,,0.585298,4.247851,33032.0,140315.0,4827293.0,26686.357163,18289.856924,73462737726.0,2752820.0,1066131.0,0.349407,1686689.0,0.5702616352477465,,,,,,,,,,,,,,,,,,,,,12.842572,451.0,5792.0,1686871.0,59784.545147,59730.805407,23135961342.0,386989.0,3081.0,0.227586,383908.0,0.2294123261351935,107.0,133125.0,12287.0,6.0,302396.0,0.0,301400.0,145418.0,85.0,83.0,1244412.0,5085.0,147794.0,0.0,0.490358,0.277964,,,,,1760.0,47.976249,2.0,44042.0,4767008.0,89.872244,,,,,,,ddr4_2x,19312502.0,0.4903583278035833,,301400.0,l2,5085.0,0.016871267418712674,147794.0,imp,spmv_imp_ipd2_l2_ddr4_2x,11279576.0,11329125.0,0.006431,6431063166.0,,1.406779661016949,,,stage1,,,,,,,0.009047,0.27636256201113346,145418.0,0.48247511612475114,83.0,85.0,107.0,302396.0,0.0002744745300863768,0.00028108837418484373,0.00035384065926797974,,,,stage1: ipd2
4862291.0,spmv,ipd8,3332.0,45804.86,28312.86,5701.346901,15.333301,5701403903.0,5717231213.0,15827311.0,19207.0,,,0.558743,2.298087,189257.0,434929.0,4827081.0,30245.400725,18022.562699,74958658641.0,2478349.0,923418.0,0.322127,1554931.0,0.5134260228904384,129106.0,198707.0,688420.0,281.0,5192833.0,0.0,2273967.0,887408.0,263030.0,3636.0,4687267.0,1215352.0,139823.0,0.0,0.061489,0.082503,324272.0,50551.45,20753408.0,3080644464.3865232,,0.0,0.0,2941675.0,73460.189835,73127.19039,44086177947.0,600137.0,,0.204012,600137.0,0.20401199996600577,,,,,,,,,,,,,,,,,,,,,1739.0,49.525255,2.0,91845.0,4767008.0,94.672619,6.09,5701413402.709869,15827310.64559366,57.33,0.0,0.0,ddr4_1x,20230360.0,0.061488579209812634,,2273967.0,l1d,1215352.0,0.5344633409367858,139823.0,imp,spmv_imp_ipd8_l1d_ddr4_1x,11279576.0,11329125.0,0.006737,6736709880.0,,1.573252189401811,,,stage1,,,,,,,0.010599,0.053404818323624266,887408.0,0.39024664825830807,3636.0,263030.0,129106.0,5192833.0,0.000700195827595457,0.050652505096928785,0.024862343926715918,3080644464.3865232,20753408.0,0.283874450397993,stage1: ipd8
4862969.0,spmv,ipd8,,,,,,,,,,,,0.595778,2.296896,167567.0,384884.0,4827165.0,28243.676632,16854.769853,69547314069.0,2462403.0,907334.0,0.32215,1555069.0,0.510113700277492,125479.0,197064.0,677154.0,279.0,5135890.0,0.0,2267381.0,874497.0,258235.0,2883.0,4682078.0,1221724.0,140288.0,0.0,0.061872,0.082748,,,,,,0.0,0.0,2948135.0,64956.92622,64623.926775,39010466654.0,600559.0,,0.203708,600559.0,0.20370810698967312,,,,,,,,,,,,,,,,,,,,,1620.0,46.025052,2.0,58687.0,4767008.0,86.542477,,,,,,,ddr4_2x,18972776.0,0.061872265843279095,,2267381.0,l1d,1221724.0,0.538826072900849,140288.0,imp,spmv_imp_ipd8_l1d_ddr4_2x,11279576.0,11329125.0,0.006318,6317934408.0,,1.431940487496043,,,stage1,,,,,,,0.009047,0.053901135401782235,874497.0,0.38568595220653257,2883.0,258235.0,125479.0,5135890.0,0.0005613437982511307,0.050280477190905566,0.024431792736993977,,,,stage1: ipd8
4861171.0,spmv,ipd8,3332.0,43304.25,25812.25,5007.123029,14.842984,5007160137.0,5022596840.0,15436704.0,19207.0,,,0.545609,4.320923,34354.0,148441.0,4826959.0,29740.772948,19712.030241,82312615323.0,2767669.0,1081030.0,0.349421,1686639.0,0.573377358291214,,,,,,,,,,,,,,,,,,,,,15.422917,480.0,7403.0,1686824.0,65969.351069,65925.187012,25511205660.0,386713.0,2786.0,0.227603,383927.0,0.22925509715299283,135.0,131897.0,12853.0,4.0,301653.0,0.0,300575.0,144754.0,94.0,123.0,1244051.0,5099.0,147910.0,0.0,0.49209,0.278112,155815.0,54447.52,9972160.0,1445474744.1048207,1689.0,53.506138,2.0,80968.0,4767008.0,100.02579,5.63,5007169413.606448,15436703.61769035,57.26,0.0,0.0,ddr4_1x,20717364.0,0.4920901605256591,,300575.0,l2,5099.0,0.016964152041919655,147910.0,imp,spmv_imp_ipd8_l2_ddr4_1x,11279576.0,11329125.0,0.006899,6898882212.0,,1.5363096100884188,,,stage1,,,,,,,0.010599,0.2766622461061346,144754.0,0.48159028528653414,123.0,94.0,135.0,301653.0,0.00040775327943033885,0.00031161632736952723,0.00044753408717964016,1445474744.1048207,9972160.0,0.2493841624392769,stage1: ipd8
4861899.0,spmv,ipd8,,,,,,,,,,,,0.585298,4.247851,33032.0,140315.0,4827293.0,26686.357163,18289.856924,73462737726.0,2752820.0,1066131.0,0.349407,1686689.0,0.5702616352477465,,,,,,,,,,,,,,,,,,,,,12.842572,451.0,5792.0,1686871.0,59784.545147,59730.805407,23135961342.0,386989.0,3081.0,0.227586,383908.0,0.2294123261351935,107.0,133125.0,12287.0,6.0,302396.0,0.0,301400.0,145418.0,85.0,83.0,1244412.0,5085.0,147794.0,0.0,0.490358,0.277964,,,,,1760.0,47.976249,2.0,44042.0,4767008.0,89.872244,,,,,,,ddr4_2x,19312502.0,0.4903583278035833,,301400.0,l2,5085.0,0.016871267418712674,147794.0,imp,spmv_imp_ipd8_l2_ddr4_2x,11279576.0,11329125.0,0.006431,6431063166.0,,1.406779661016949,,,stage1,,,,,,,0.009047,0.27636256201113346,145418.0,0.48247511612475114,83.0,85.0,107.0,302396.0,0.0002744745300863768,0.00028108837418484373,0.00035384065926797974,,,,stage1: ipd8
4862291.0,spmv,pt32,3332.0,45804.86,28312.86,5701.346901,15.333301,5701403903.0,5717231213.0,15827311.0,19207.0,,,0.558743,2.298087,189257.0,434929.0,4827081.0,30245.400725,18022.562699,74958658641.0,2478349.0,923418.0,0.322127,1554931.0,0.5134260228904384,129106.0,198707.0,688420.0,281.0,5192833.0,0.0,2273967.0,887408.0,263030.0,3636.0,4687267.0,1215352.0,139823.0,0.0,0.061489,0.082503,324272.0,50551.45,20753408.0,3080644464.3865232,,0.0,0.0,2941675.0,73460.189835,73127.19039,44086177947.0,600137.0,,0.204012,600137.0,0.20401199996600577,,,,,,,,,,,,,,,,,,,,,1739.0,49.525255,2.0,91845.0,4767008.0,94.672619,6.09,5701413402.709869,15827310.64559366,57.33,0.0,0.0,ddr4_1x,20230360.0,0.061488579209812634,,2273967.0,l1d,1215352.0,0.5344633409367858,139823.0,imp,spmv_imp_pt32_l1d_ddr4_1x,11279576.0,11329125.0,0.006737,6736709880.0,,1.573252189401811,,,stage1,,,,,,,0.010599,0.053404818323624266,887408.0,0.39024664825830807,3636.0,263030.0,129106.0,5192833.0,0.000700195827595457,0.050652505096928785,0.024862343926715918,3080644464.3865232,20753408.0,0.283874450397993,stage1: pt32
4862969.0,spmv,pt32,,,,,,,,,,,,0.595778,2.296896,167567.0,384884.0,4827165.0,28243.676632,16854.769853,69547314069.0,2462403.0,907334.0,0.32215,1555069.0,0.510113700277492,125479.0,197064.0,677154.0,279.0,5135890.0,0.0,2267381.0,874497.0,258235.0,2883.0,4682078.0,1221724.0,140288.0,0.0,0.061872,0.082748,,,,,,0.0,0.0,2948135.0,64956.92622,64623.926775,39010466654.0,600559.0,,0.203708,600559.0,0.20370810698967312,,,,,,,,,,,,,,,,,,,,,1620.0,46.025052,2.0,58687.0,4767008.0,86.542477,,,,,,,ddr4_2x,18972776.0,0.061872265843279095,,2267381.0,l1d,1221724.0,0.538826072900849,140288.0,imp,spmv_imp_pt32_l1d_ddr4_2x,11279576.0,11329125.0,0.006318,6317934408.0,,1.431940487496043,,,stage1,,,,,,,0.009047,0.053901135401782235,874497.0,0.38568595220653257,2883.0,258235.0,125479.0,5135890.0,0.0005613437982511307,0.050280477190905566,0.024431792736993977,,,,stage1: pt32
4861171.0,spmv,pt32,3332.0,43304.25,25812.25,5007.123029,14.842984,5007160137.0,5022596840.0,15436704.0,19207.0,,,0.545609,4.320923,34354.0,148441.0,4826959.0,29740.772948,19712.030241,82312615323.0,2767669.0,1081030.0,0.349421,1686639.0,0.573377358291214,,,,,,,,,,,,,,,,,,,,,15.422917,480.0,7403.0,1686824.0,65969.351069,65925.187012,25511205660.0,386713.0,2786.0,0.227603,383927.0,0.22925509715299283,135.0,131897.0,12853.0,4.0,301653.0,0.0,300575.0,144754.0,94.0,123.0,1244051.0,5099.0,147910.0,0.0,0.49209,0.278112,155815.0,54447.52,9972160.0,1445474744.1048207,1689.0,53.506138,2.0,80968.0,4767008.0,100.02579,5.63,5007169413.606448,15436703.61769035,57.26,0.0,0.0,ddr4_1x,20717364.0,0.4920901605256591,,300575.0,l2,5099.0,0.016964152041919655,147910.0,imp,spmv_imp_pt32_l2_ddr4_1x,11279576.0,11329125.0,0.006899,6898882212.0,,1.5363096100884188,,,stage1,,,,,,,0.010599,0.2766622461061346,144754.0,0.48159028528653414,123.0,94.0,135.0,301653.0,0.00040775327943033885,0.00031161632736952723,0.00044753408717964016,1445474744.1048207,9972160.0,0.2493841624392769,stage1: pt32
4861899.0,spmv,pt32,,,,,,,,,,,,0.585298,4.247851,33032.0,140315.0,4827293.0,26686.357163,18289.856924,73462737726.0,2752820.0,1066131.0,0.349407,1686689.0,0.5702616352477465,,,,,,,,,,,,,,,,,,,,,12.842572,451.0,5792.0,1686871.0,59784.545147,59730.805407,23135961342.0,386989.0,3081.0,0.227586,383908.0,0.2294123261351935,107.0,133125.0,12287.0,6.0,302396.0,0.0,301400.0,145418.0,85.0,83.0,1244412.0,5085.0,147794.0,0.0,0.490358,0.277964,,,,,1760.0,47.976249,2.0,44042.0,4767008.0,89.872244,,,,,,,ddr4_2x,19312502.0,0.4903583278035833,,301400.0,l2,5085.0,0.016871267418712674,147794.0,imp,spmv_imp_pt32_l2_ddr4_2x,11279576.0,11329125.0,0.006431,6431063166.0,,1.406779661016949,,,stage1,,,,,,,0.009047,0.27636256201113346,145418.0,0.48247511612475114,83.0,85.0,107.0,302396.0,0.0002744745300863768,0.00028108837418484373,0.00035384065926797974,,,,stage1: pt32
4862291.0,spmv,pt64,3332.0,45804.86,28312.86,5701.346901,15.333301,5701403903.0,5717231213.0,15827311.0,19207.0,,,0.558743,2.298087,189257.0,434929.0,4827081.0,30245.400725,18022.562699,74958658641.0,2478349.0,923418.0,0.322127,1554931.0,0.5134260228904384,129106.0,198707.0,688420.0,281.0,5192833.0,0.0,2273967.0,887408.0,263030.0,3636.0,4687267.0,1215352.0,139823.0,0.0,0.061489,0.082503,324272.0,50551.45,20753408.0,3080644464.3865232,,0.0,0.0,2941675.0,73460.189835,73127.19039,44086177947.0,600137.0,,0.204012,600137.0,0.20401199996600577,,,,,,,,,,,,,,,,,,,,,1739.0,49.525255,2.0,91845.0,4767008.0,94.672619,6.09,5701413402.709869,15827310.64559366,57.33,0.0,0.0,ddr4_1x,20230360.0,0.061488579209812634,,2273967.0,l1d,1215352.0,0.5344633409367858,139823.0,imp,spmv_imp_pt64_l1d_ddr4_1x,11279576.0,11329125.0,0.006737,6736709880.0,,1.573252189401811,,,stage1,,,,,,,0.010599,0.053404818323624266,887408.0,0.39024664825830807,3636.0,263030.0,129106.0,5192833.0,0.000700195827595457,0.050652505096928785,0.024862343926715918,3080644464.3865232,20753408.0,0.283874450397993,stage1: pt64
4862969.0,spmv,pt64,,,,,,,,,,,,0.595778,2.296896,167567.0,384884.0,4827165.0,28243.676632,16854.769853,69547314069.0,2462403.0,907334.0,0.32215,1555069.0,0.510113700277492,125479.0,197064.0,677154.0,279.0,5135890.0,0.0,2267381.0,874497.0,258235.0,2883.0,4682078.0,1221724.0,140288.0,0.0,0.061872,0.082748,,,,,,0.0,0.0,2948135.0,64956.92622,64623.926775,39010466654.0,600559.0,,0.203708,600559.0,0.20370810698967312,,,,,,,,,,,,,,,,,,,,,1620.0,46.025052,2.0,58687.0,4767008.0,86.542477,,,,,,,ddr4_2x,18972776.0,0.061872265843279095,,2267381.0,l1d,1221724.0,0.538826072900849,140288.0,imp,spmv_imp_pt64_l1d_ddr4_2x,11279576.0,11329125.0,0.006318,6317934408.0,,1.431940487496043,,,stage1,,,,,,,0.009047,0.053901135401782235,874497.0,0.38568595220653257,2883.0,258235.0,125479.0,5135890.0,0.0005613437982511307,0.050280477190905566,0.024431792736993977,,,,stage1: pt64
4861171.0,spmv,pt64,3332.0,43304.25,25812.25,5007.123029,14.842984,5007160137.0,5022596840.0,15436704.0,19207.0,,,0.545609,4.320923,34354.0,148441.0,4826959.0,29740.772948,19712.030241,82312615323.0,2767669.0,1081030.0,0.349421,1686639.0,0.573377358291214,,,,,,,,,,,,,,,,,,,,,15.422917,480.0,7403.0,1686824.0,65969.351069,65925.187012,25511205660.0,386713.0,2786.0,0.227603,383927.0,0.22925509715299283,135.0,131897.0,12853.0,4.0,301653.0,0.0,300575.0,144754.0,94.0,123.0,1244051.0,5099.0,147910.0,0.0,0.49209,0.278112,155815.0,54447.52,9972160.0,1445474744.1048207,1689.0,53.506138,2.0,80968.0,4767008.0,100.02579,5.63,5007169413.606448,15436703.61769035,57.26,0.0,0.0,ddr4_1x,20717364.0,0.4920901605256591,,300575.0,l2,5099.0,0.016964152041919655,147910.0,imp,spmv_imp_pt64_l2_ddr4_1x,11279576.0,11329125.0,0.006899,6898882212.0,,1.5363096100884188,,,stage1,,,,,,,0.010599,0.2766622461061346,144754.0,0.48159028528653414,123.0,94.0,135.0,301653.0,0.00040775327943033885,0.00031161632736952723,0.00044753408717964016,1445474744.1048207,9972160.0,0.2493841624392769,stage1: pt64
4861899.0,spmv,pt64,,,,,,,,,,,,0.585298,4.247851,33032.0,140315.0,4827293.0,26686.357163,18289.856924,73462737726.0,2752820.0,1066131.0,0.349407,1686689.0,0.5702616352477465,,,,,,,,,,,,,,,,,,,,,12.842572,451.0,5792.0,1686871.0,59784.545147,59730.805407,23135961342.0,386989.0,3081.0,0.227586,383908.0,0.2294123261351935,107.0,133125.0,12287.0,6.0,302396.0,0.0,301400.0,145418.0,85.0,83.0,1244412.0,5085.0,147794.0,0.0,0.490358,0.277964,,,,,1760.0,47.976249,2.0,44042.0,4767008.0,89.872244,,,,,,,ddr4_2x,19312502.0,0.4903583278035833,,301400.0,l2,5085.0,0.016871267418712674,147794.0,imp,spmv_imp_pt64_l2_ddr4_2x,11279576.0,11329125.0,0.006431,6431063166.0,,1.406779661016949,,,stage1,,,,,,,0.009047,0.27636256201113346,145418.0,0.48247511612475114,83.0,85.0,107.0,302396.0,0.0002744745300863768,0.00028108837418484373,0.00035384065926797974,,,,stage1: pt64
4862291.0,spmv,pt8,3332.0,45804.86,28312.86,5701.346901,15.333301,5701403903.0,5717231213.0,15827311.0,19207.0,,,0.558743,2.298087,189257.0,434929.0,4827081.0,30245.400725,18022.562699,74958658641.0,2478349.0,923418.0,0.322127,1554931.0,0.5134260228904384,129106.0,198707.0,688420.0,281.0,5192833.0,0.0,2273967.0,887408.0,263030.0,3636.0,4687267.0,1215352.0,139823.0,0.0,0.061489,0.082503,324272.0,50551.45,20753408.0,3080644464.3865232,,0.0,0.0,2941675.0,73460.189835,73127.19039,44086177947.0,600137.0,,0.204012,600137.0,0.20401199996600577,,,,,,,,,,,,,,,,,,,,,1739.0,49.525255,2.0,91845.0,4767008.0,94.672619,6.09,5701413402.709869,15827310.64559366,57.33,0.0,0.0,ddr4_1x,20230360.0,0.061488579209812634,,2273967.0,l1d,1215352.0,0.5344633409367858,139823.0,imp,spmv_imp_pt8_l1d_ddr4_1x,11279576.0,11329125.0,0.006737,6736709880.0,,1.573252189401811,,,stage1,,,,,,,0.010599,0.053404818323624266,887408.0,0.39024664825830807,3636.0,263030.0,129106.0,5192833.0,0.000700195827595457,0.050652505096928785,0.024862343926715918,3080644464.3865232,20753408.0,0.283874450397993,stage1: pt8
4862969.0,spmv,pt8,,,,,,,,,,,,0.595778,2.296896,167567.0,384884.0,4827165.0,28243.676632,16854.769853,69547314069.0,2462403.0,907334.0,0.32215,1555069.0,0.510113700277492,125479.0,197064.0,677154.0,279.0,5135890.0,0.0,2267381.0,874497.0,258235.0,2883.0,4682078.0,1221724.0,140288.0,0.0,0.061872,0.082748,,,,,,0.0,0.0,2948135.0,64956.92622,64623.926775,39010466654.0,600559.0,,0.203708,600559.0,0.20370810698967312,,,,,,,,,,,,,,,,,,,,,1620.0,46.025052,2.0,58687.0,4767008.0,86.542477,,,,,,,ddr4_2x,18972776.0,0.061872265843279095,,2267381.0,l1d,1221724.0,0.538826072900849,140288.0,imp,spmv_imp_pt8_l1d_ddr4_2x,11279576.0,11329125.0,0.006318,6317934408.0,,1.431940487496043,,,stage1,,,,,,,0.009047,0.053901135401782235,874497.0,0.38568595220653257,2883.0,258235.0,125479.0,5135890.0,0.0005613437982511307,0.050280477190905566,0.024431792736993977,,,,stage1: pt8
4861171.0,spmv,pt8,3332.0,43304.25,25812.25,5007.123029,14.842984,5007160137.0,5022596840.0,15436704.0,19207.0,,,0.545609,4.320923,34354.0,148441.0,4826959.0,29740.772948,19712.030241,82312615323.0,2767669.0,1081030.0,0.349421,1686639.0,0.573377358291214,,,,,,,,,,,,,,,,,,,,,15.422917,480.0,7403.0,1686824.0,65969.351069,65925.187012,25511205660.0,386713.0,2786.0,0.227603,383927.0,0.22925509715299283,135.0,131897.0,12853.0,4.0,301653.0,0.0,300575.0,144754.0,94.0,123.0,1244051.0,5099.0,147910.0,0.0,0.49209,0.278112,155815.0,54447.52,9972160.0,1445474744.1048207,1689.0,53.506138,2.0,80968.0,4767008.0,100.02579,5.63,5007169413.606448,15436703.61769035,57.26,0.0,0.0,ddr4_1x,20717364.0,0.4920901605256591,,300575.0,l2,5099.0,0.016964152041919655,147910.0,imp,spmv_imp_pt8_l2_ddr4_1x,11279576.0,11329125.0,0.006899,6898882212.0,,1.5363096100884188,,,stage1,,,,,,,0.010599,0.2766622461061346,144754.0,0.48159028528653414,123.0,94.0,135.0,301653.0,0.00040775327943033885,0.00031161632736952723,0.00044753408717964016,1445474744.1048207,9972160.0,0.2493841624392769,stage1: pt8
4861899.0,spmv,pt8,,,,,,,,,,,,0.585298,4.247851,33032.0,140315.0,4827293.0,26686.357163,18289.856924,73462737726.0,2752820.0,1066131.0,0.349407,1686689.0,0.5702616352477465,,,,,,,,,,,,,,,,,,,,,12.842572,451.0,5792.0,1686871.0,59784.545147,59730.805407,23135961342.0,386989.0,3081.0,0.227586,383908.0,0.2294123261351935,107.0,133125.0,12287.0,6.0,302396.0,0.0,301400.0,145418.0,85.0,83.0,1244412.0,5085.0,147794.0,0.0,0.490358,0.277964,,,,,1760.0,47.976249,2.0,44042.0,4767008.0,89.872244,,,,,,,ddr4_2x,19312502.0,0.4903583278035833,,301400.0,l2,5085.0,0.016871267418712674,147794.0,imp,spmv_imp_pt8_l2_ddr4_2x,11279576.0,11329125.0,0.006431,6431063166.0,,1.406779661016949,,,stage1,,,,,,,0.009047,0.27636256201113346,145418.0,0.48247511612475114,83.0,85.0,107.0,302396.0,0.0002744745300863768,0.00028108837418484373,0.00035384065926797974,,,,stage1: pt8
4865155.0,spmv,sdist16,3332.0,46603.83,29111.83,7046.503736,17.280797,7046568378.0,7064517136.0,17948758.0,19207.0,,,0.633635,2.879837,280568.0,807990.0,4826356.0,19144.972458,16036.3156,37924371666.0,1980905.0,405750.0,0.326365,1575155.0,0.41043491197085336,1891387.0,413447.0,104974.0,914.0,9371649.0,0.0,2610892.0,519335.0,309730.0,435204.0,22281327.0,1927141.0,150638.0,0.0,0.057696,0.087286,419967.0,50197.98,26877888.0,4524541566.956885,,0.0,0.0,3666897.0,74415.284542,74082.285051,48672209838.0,654062.0,,0.178369,654062.0,0.1783693406168758,,,,,,,,,,,,,,,,,,,,,1765.0,27.006438,2.0,36501.0,4767008.0,66.910848,6.67,7046579151.140338,17948758.47519013,57.54,0.0,0.0,ddr4_1x,17839239.0,0.057695990489074235,,2610892.0,l1d,1927141.0,0.7381159389204915,150638.0,imp,spmv_imp_sdist16_l1d_ddr4_1x,11279576.0,11329125.0,0.00594,5940466587.0,,1.7843434343434346,,,stage1,,,,,,,0.010599,0.07067087081987086,519335.0,0.19891094691009817,435204.0,309730.0,1891387.0,9371649.0,0.046438358927014874,0.03304967994426594,0.20182008523793413,4524541566.956885,26877888.0,0.35077047693106883,stage1: sdist16
4865376.0,spmv,sdist16,,,,,,,,,,,,0.697115,2.501918,268261.0,671167.0,4826617.0,17336.940334,14933.418983,34356892050.0,1981716.0,406240.0,0.326414,1575476.0,0.4105807442355588,1872775.0,415281.0,101535.0,954.0,9384455.0,0.0,2609723.0,517770.0,311535.0,437819.0,22282489.0,1927818.0,150653.0,0.0,0.057728,0.087278,,,,,,0.0,0.0,3667613.0,62582.032248,62249.032756,40969264829.0,654649.0,,0.178495,654649.0,0.17849456853817455,,,,,,,,,,,,,,,,,,,,,1628.0,24.545655,2.0,15122.0,4767008.0,58.18655,,,,,,,ddr4_2x,16214795.0,0.057727582582519296,,2609723.0,l1d,1927818.0,0.7387059852712338,150653.0,imp,spmv_imp_sdist16_l1d_ddr4_2x,11279581.0,11329130.0,0.0054,5399526735.0,,1.6753703703703702,,,stage1,,,,,,,0.009047,0.07065052999738788,517770.0,0.19840036662894875,437819.0,311535.0,1872775.0,9384455.0,0.046653641580677835,0.03319691979981789,0.19956140234035966,,,,stage1: sdist16
4862094.0,spmv,sdist16,3332.0,47179.99,29687.99,5774.68701,16.691461,5774728377.0,5791936922.0,17208545.0,19207.0,,,0.608234,5.384,11250.0,60570.0,4827631.0,22866.4023,17800.615528,54605654685.0,2388030.0,701281.0,0.349395,1686749.0,0.4946587674161509,,,,,,,,,,,,,,,,,,,,,30.920465,3181.0,98358.0,1686934.0,64638.050143,64531.130622,22883421064.0,354024.0,2208.0,0.208554,351816.0,0.20986238939994095,601.0,140108.0,19637.0,4.0,371274.0,0.0,366328.0,159749.0,155.0,914.0,5288534.0,12568.0,191760.0,0.0,0.523465,0.352775,206553.0,63894.29,13219392.0,2136103665.9748013,1884.0,36.1319,2.0,81887.0,4767008.0,85.237215,6.52,5774738718.692051,17208544.53908716,57.43,0.0,0.0,ddr4_1x,18584245.0,0.5234653097770304,,366328.0,l2,12568.0,0.03430805180057216,191760.0,imp,spmv_imp_sdist16_l2_ddr4_1x,11279576.0,11329125.0,0.006189,6188553585.0,,1.7125545322346098,,,stage1,,,,,,,0.010599,0.3513477859372939,159749.0,0.43608187198357756,914.0,155.0,601.0,371274.0,0.0024617937156924535,0.0004174814288099894,0.0016187505723535718,2136103665.9748013,13219392.0,0.2875837707479809,stage1: sdist16
4862277.0,spmv,sdist16,,,,,,,,,,,,0.674616,4.85669,11353.0,55138.0,4827797.0,19374.247242,16118.834334,46303365951.0,2389944.0,703116.0,0.349399,1686828.0,0.49503821308145307,,,,,,,,,,,,,,,,,,,,,24.895522,2948.0,73392.0,1687010.0,56546.831157,56440.626557,20054277123.0,354649.0,2686.0,0.208631,351963.0,0.2102234130206697,495.0,144704.0,21888.0,0.0,377775.0,0.0,373170.0,166592.0,146.0,705.0,5292113.0,12627.0,191223.0,0.0,0.512429,0.35204,,,,,1586.0,30.941119,2.0,16916.0,4767008.0,69.466628,,,,,,,ddr4_2x,16755550.0,0.5124286518208859,,373170.0,l2,12627.0,0.03383712517083367,191223.0,imp,spmv_imp_sdist16_l2_ddr4_2x,11279576.0,11329125.0,0.00558,5579598150.0,,1.6213261648745518,,,stage1,,,,,,,0.009047,0.35030739807134276,166592.0,0.4464238818768926,705.0,146.0,495.0,377775.0,0.0018661901925749453,0.0003864734299516908,0.0013103037522334722,,,,stage1: sdist16
4860893.0,spmv,sdist2,3332.0,45602.12,28110.12,4848.301657,13.647935,4848344095.0,4862475818.0,14131724.0,19207.0,,,0.499184,2.508936,187340.0,470024.0,4826591.0,37153.708125,20216.19415,109864666692.0,2957031.0,1392545.0,0.324139,1564486.0,0.6126541486527448,27268.0,150871.0,1169925.0,132.0,3795214.0,0.0,2275786.0,1320928.0,185685.0,90.0,2093426.0,803633.0,116139.0,0.0,0.051032,0.069105,250041.0,51208.64,16002624.0,2122228456.62532,,0.0,0.0,2519534.0,73200.846758,72867.847341,41814739296.0,571233.0,,0.226722,571233.0,0.22672168742315046,,,,,,,,,,,,,,,,,,,,,1740.0,71.360417,2.0,150478.0,4767008.0,109.701122,5.51,4848352582.030353,14131723.91840201,57.56,0.0,0.0,ddr4_1x,22644088.0,0.05103247844920392,,2275786.0,l1d,803633.0,0.3531232725748379,116139.0,imp,spmv_imp_sdist2_l1d_ddr4_1x,11279581.0,11329130.0,0.00754,7540481304.0,,1.4057029177718834,,,stage1,,,,,,,0.010599,0.03779127090268355,1320928.0,0.5804271579137933,90.0,185685.0,27268.0,3795214.0,2.3714077783229087e-05,0.048926094813098814,0.0071848385888121195,2122228456.62532,16002624.0,0.24143376382428652,stage1: sdist2
4861225.0,spmv,sdist2,,,,,,,,,,,,0.517815,2.681225,157826.0,423167.0,4826379.0,36811.838639,19145.133414,109458566532.0,2973461.0,1408988.0,0.32415,1564473.0,0.616085268065355,29351.0,148186.0,1191958.0,119.0,3829173.0,0.0,2297417.0,1340263.0,181393.0,13.0,2092079.0,805750.0,115252.0,0.0,0.050166,0.068614,,,,,,0.0,0.0,2521808.0,67177.31096,66844.311543,38387332334.0,571433.0,,0.226597,571433.0,0.22659655294931255,,,,,,,,,,,,,,,,,,,,,1611.0,70.997995,2.0,138894.0,4767008.0,106.854466,,,,,,,ddr4_2x,21829363.0,0.050165903708382066,,2297417.0,l1d,805750.0,0.3507199607211055,115252.0,imp,spmv_imp_sdist2_l1d_ddr4_2x,11279576.0,11329125.0,0.007269,7269177879.0,,1.2446003576833127,,,stage1,,,,,,,0.009047,0.03731392330721566,1340263.0,0.58337820256401,13.0,181393.0,29351.0,3829173.0,3.394988944087927e-06,0.04737132534884164,0.007665101576763442,,,,stage1: sdist2
4861032.0,spmv,sdist2,3332.0,46042.3,28550.3,4476.488691,13.536574,4476522301.0,4490504213.0,13981911.0,19207.0,,,0.49419,4.12163,55825.0,230090.0,4826519.0,35269.110514,22187.981489,108509721327.0,3076622.0,1390155.0,0.349417,1686467.0,0.6374411869092403,,,,,,,,,,,,,,,,,,,,,16.639769,347.0,5774.0,1686657.0,70286.014914,70138.964903,29295000158.0,416797.0,1807.0,0.246043,414990.0,0.24711426211731252,45.0,100613.0,21901.0,5.0,240690.0,0.0,240285.0,122519.0,61.0,5.0,592310.0,2960.0,112982.0,0.0,0.4702,0.213992,117761.0,56772.18,7536704.0,989497503.985698,1773.0,70.014584,2.0,133594.0,4767009.0,112.917612,5.26,4476530703.997117,13981911.21536164,57.19,0.0,0.0,ddr4_1x,22872968.0,0.4701999708679277,,240285.0,l2,2960.0,0.012318704871298667,112982.0,imp,spmv_imp_sdist2_l2_ddr4_1x,11279590.0,11329140.0,0.007617,7616698344.0,,1.391492713666798,,,stage1,,,,,,,0.010599,0.21326251134907198,122519.0,0.5098903385562977,5.0,61.0,45.0,240690.0,2.07736092068636e-05,0.0002534380323237359,0.0001869624828617724,989497503.985698,7536704.0,0.2229644679362816,stage1: sdist2
4861605.0,spmv,sdist2,,,,,,,,,,,,0.517456,4.073415,58612.0,238751.0,4826640.0,33338.478542,20843.845742,103612224060.0,3107887.0,1421398.0,0.349413,1686489.0,0.6439027978055127,,,,,,,,,,,,,,,,,,,,,15.972093,215.0,3434.0,1686671.0,64542.73314,64338.128762,26965179393.0,417788.0,1414.0,0.246861,416374.0,0.24769975887413728,29.0,102203.0,23710.0,2.0,242579.0,0.0,242192.0,125915.0,69.0,0.0,592425.0,2946.0,111898.0,0.0,0.462022,0.211819,,,,,1662.0,66.979361,2.0,121766.0,4767008.0,104.509297,,,,,,,ddr4_2x,21844490.0,0.4620218669485367,,242192.0,l2,2946.0,0.01216390301909229,111898.0,imp,spmv_imp_sdist2_l2_ddr4_2x,11279576.0,11329125.0,0.007274,7274215170.0,,1.2437448446521857,,,stage1,,,,,,,0.009047,0.21125345959681774,125915.0,0.5198974367444011,0.0,69.0,29.0,242579.0,0.0,0.000284443418432758,0.00011954868310942002,,,,stage1: sdist2
4864129.0,spmv,sdist8,3332.0,46969.65,29477.65,6529.205782,16.619387,6529267833.0,6546497390.0,17229557.0,19207.0,,,0.608246,2.551413,223560.0,570394.0,4826857.0,23390.599943,16487.56295,49568283432.0,2119154.0,559739.0,0.32307,1559415.0,0.4390339303608953,465407.0,268388.0,277352.0,491.0,6586925.0,0.0,2374613.0,546231.0,319698.0,68767.0,10331555.0,1652823.0,153742.0,0.0,0.064744,0.089742,388378.0,51085.0,24856192.0,4016555157.139825,,0.0,0.0,3387987.0,74719.481679,74386.482206,47173696441.0,631344.0,,0.186348,631344.0,0.18634782246803192,,,,,,,,,,,,,,,,,,,,,1808.0,33.916255,2.0,56214.0,4767008.0,77.821202,6.53,6529278175.203759,17229557.00836543,57.67,0.0,0.0,ddr4_1x,18583890.0,0.06474402355246939,,2374613.0,l1d,1652823.0,0.6960388913898812,153742.0,imp,spmv_imp_sdist8_l1d_ddr4_1x,11279581.0,11329130.0,0.006188,6188435370.0,,1.7128312863606983,,,stage1,,,,,,,0.010599,0.06764145829813595,546231.0,0.23002948269886503,68767.0,319698.0,465407.0,6586925.0,0.01043992454749371,0.048535242165350295,0.07065618630848233,4016555157.139825,24856192.0,0.32504953523525537,stage1: sdist8
4864500.0,spmv,sdist8,,,,,,,,,,,,0.659088,2.292672,207888.0,476619.0,4827007.0,21267.555149,15416.191547,44918437599.0,2112064.0,551784.0,0.32324,1560280.0,0.437551468228656,441787.0,270992.0,270762.0,541.0,6536495.0,0.0,2376714.0,542295.0,316657.0,71399.0,10325945.0,1659594.0,153854.0,0.0,0.064734,0.089756,,,,,,0.0,0.0,3394885.0,64255.228236,63922.228763,40616565086.0,632113.0,,0.186196,632113.0,0.18619570324178875,,,,,,,,,,,,,,,,,,,,,1697.0,30.822654,2.0,29661.0,4767008.0,68.23056,,,,,,,ddr4_2x,17150324.0,0.0647339141352304,,2376714.0,l1d,1659594.0,0.6982724888228032,153854.0,imp,spmv_imp_sdist8_l1d_ddr4_2x,11279581.0,11329130.0,0.005711,5711057892.0,,1.5841358781299246,,,stage1,,,,,,,0.009047,0.06789919140939787,542295.0,0.22817007010519566,71399.0,316657.0,441787.0,6536495.0,0.010923132351512547,0.048444464502764864,0.06758775153962483,,,,stage1: sdist8
4861443.0,spmv,sdist8,3332.0,43257.15,25765.15,5400.46273,15.845712,5400502123.0,5416889484.0,16387361.0,19207.0,,,0.57921,4.532264,23819.0,107954.0,4827267.0,26511.228847,18458.087805,68253874470.0,2574527.0,887772.0,0.349422,1686755.0,0.533330143122392,,,,,,,,,,,,,,,,,,,,,20.533019,636.0,13059.0,1686945.0,64424.496178,64322.80659,23659187552.0,367239.0,2319.0,0.21632,364920.0,0.2176947084819007,214.0,141570.0,16627.0,5.0,343927.0,0.0,341659.0,158202.0,97.0,371.0,2591649.0,8190.0,172921.0,0.0,0.506122,0.32151,183438.0,55364.2,11740032.0,1806529294.5034788,1839.0,44.685249,2.0,88548.0,4767009.0,94.215797,6.04,5400511970.976211,16387361.10322719,57.37,0.0,0.0,ddr4_1x,19515516.0,0.5061216007773833,,341659.0,l2,8190.0,0.023971269599220274,172921.0,imp,spmv_imp_sdist8_l2_ddr4_1x,11279590.0,11329140.0,0.006499,6498666828.0,,1.6308662871210957,,,stage1,,,,,,,0.010599,0.320129220971564,158202.0,0.4630406340825209,371.0,97.0,214.0,343927.0,0.0010787172859356782,0.0002820365949750965,0.0006222250652027901,1806529294.5034788,11740032.0,0.26896175226229524,stage1: sdist8
4862008.0,spmv,sdist8,,,,,,,,,,,,0.625847,4.411223,22472.0,99129.0,4827308.0,23086.52858,17050.024686,59240032335.0,2566000.0,879226.0,0.349423,1686774.0,0.5315592044261522,,,,,,,,,,,,,,,,,,,,,18.392857,616.0,11330.0,1686960.0,57952.013035,57860.775351,21295104662.0,367461.0,2786.0,0.216173,364675.0,0.21782437046521552,188.0,143397.0,17222.0,6.0,346494.0,0.0,344305.0,160625.0,97.0,317.0,2590906.0,8224.0,172643.0,0.0,0.501425,0.321305,,,,,1668.0,39.046953,2.0,31360.0,4767008.0,80.532941,,,,,,,ddr4_2x,18061254.0,0.5014246089949318,,344305.0,l2,8224.0,0.023885798928275803,172643.0,imp,spmv_imp_sdist8_l2_ddr4_2x,11279581.0,11329130.0,0.006014,6014397582.0,,1.5043232457598934,,,stage1,,,,,,,0.009047,0.3196476974804852,160625.0,0.46651951031788674,317.0,97.0,188.0,346494.0,0.0009148787569193118,0.0002799471275115875,0.0005425779378575098,,,,stage1: sdist8
4862271.0,spmv,sthr2,3332.0,45580.32,28088.32,5706.058387,15.298126,5706115434.0,5721955508.0,15840073.0,19207.0,,,0.559194,2.292009,188943.0,433059.0,4827030.0,30146.045241,17990.451789,74652098841.0,2476348.0,922099.0,0.321989,1554249.0,0.5130169068764852,129134.0,197807.0,688893.0,286.0,5186583.0,0.0,2274406.0,886986.0,261212.0,3493.0,4686161.0,1215569.0,140074.0,0.0,0.061587,0.082673,324450.0,50240.56,20764800.0,3084820998.688871,,0.0,0.0,2941859.0,73234.542469,72901.543023,43951637428.0,600149.0,,0.204003,600149.0,0.20400331898979523,,,,,,,,,,,,,,,,,,,,,1698.0,49.320233,2.0,90198.0,4767008.0,93.611162,6.07,5706124942.339735,15840073.30502592,57.45,0.0,0.0,ddr4_1x,20214060.0,0.06158706932711222,,2274406.0,l1d,1215569.0,0.5344555897232068,140074.0,imp,spmv_imp_sthr2_l1d_ddr4_1x,11279581.0,11329130.0,0.006731,6731281980.0,,1.5746545832714307,,,stage1,,,,,,,0.010599,0.053536470798670854,886986.0,0.38998578090279395,3493.0,261212.0,129134.0,5186583.0,0.0006734684473380644,0.050363023208150726,0.0248977023986698,3084820998.688871,20764800.0,0.2841090231477522,stage1: sthr2
4862738.0,spmv,sthr2,,,,,,,,,,,,0.596367,2.285062,167195.0,382051.0,4827310.0,28152.579249,16842.938501,69334003260.0,2462794.0,907587.0,0.322168,1555207.0,0.5101793752628275,125848.0,196186.0,678572.0,263.0,5137223.0,0.0,2268107.0,875021.0,257539.0,3175.0,4682189.0,1222043.0,140064.0,0.0,0.061754,0.08262,,,,,,0.0,0.0,2948479.0,64829.839162,64496.839716,38943154725.0,600698.0,,0.203731,600698.0,0.20373148324949916,,,,,,,,,,,,,,,,,,,,,1657.0,45.887773,2.0,57782.0,4767008.0,86.075075,,,,,,,ddr4_2x,18954055.0,0.061753700332479906,,2268107.0,l1d,1222043.0,0.5387942455977606,140064.0,imp,spmv_imp_sthr2_l1d_ddr4_2x,11279581.0,11329130.0,0.006312,6311700315.0,,1.4333016476552598,,,stage1,,,,,,,0.009047,0.05381161784469226,875021.0,0.38579352737767664,3175.0,257539.0,125848.0,5137223.0,0.0006180381891150141,0.05013194872015484,0.02449728189724293,,,,stage1: sthr2
4861070.0,spmv,sthr2,3332.0,43418.79,25926.79,5006.990756,14.8424,5007027862.0,5022463957.0,15436096.0,19207.0,,,0.545587,4.319156,34397.0,148566.0,4827004.0,29762.601192,19732.964933,82369754793.0,2767559.0,1080900.0,0.349422,1686659.0,0.5733492244879018,,,,,,,,,,,,,,,,,,,,,14.081678,453.0,6379.0,1686844.0,66062.540858,66015.98235,25544799049.0,386676.0,2822.0,0.227557,383854.0,0.22923044454614652,148.0,131504.0,12949.0,5.0,301510.0,0.0,300359.0,144458.0,109.0,163.0,1244086.0,5094.0,147964.0,0.0,0.492624,0.278223,155896.0,54612.48,9977344.0,1446169209.553831,1839.0,53.547872,2.0,81168.0,4767008.0,100.358359,5.64,5007037138.237852,15436095.63232909,57.25,0.0,0.0,ddr4_1x,20718180.0,0.4926238268205714,,300359.0,l2,5094.0,0.01695970488648584,147964.0,imp,spmv_imp_sthr2_l2_ddr4_1x,11279576.0,11329125.0,0.006899,6899153940.0,,1.5363096100884188,,,stage1,,,,,,,0.010599,0.2767544515935957,144458.0,0.48095112848291544,163.0,109.0,148.0,301510.0,0.0005406122516666114,0.0003615137143046665,0.00049086265795496,1446169209.553831,9977344.0,0.24937756447477505,stage1: sthr2
4861828.0,spmv,sthr2,,,,,,,,,,,,0.585786,4.2422,32758.0,138966.0,4827357.0,26613.524819,18279.347115,73224052983.0,2751385.0,1064692.0,0.349403,1686693.0,0.5699568107351497,,,,,,,,,,,,,,,,,,,,,12.929907,428.0,5534.0,1686879.0,59790.071898,59725.379044,23125723589.0,386782.0,3043.0,0.227485,383739.0,0.22928852632583605,115.0,132709.0,12310.0,7.0,302076.0,0.0,301083.0,145026.0,98.0,53.0,1243948.0,5109.0,147886.0,0.0,0.49118,0.278177,,,,,1683.0,47.831121,2.0,44297.0,4767008.0,89.445002,,,,,,,ddr4_2x,19296410.0,0.49118017290913135,,301083.0,l2,5109.0,0.016968742838353545,147886.0,imp,spmv_imp_sthr2_l2_ddr4_2x,11279581.0,11329130.0,0.006426,6425704530.0,,1.407874260815437,,,stage1,,,,,,,0.009047,0.27659407333148794,145026.0,0.4816811311166688,53.0,98.0,115.0,302076.0,0.0001754525351236113,0.0003244216687191303,0.00038069889696632636,,,,stage1: sthr2
4862385.0,spmv,sthr8,3332.0,45785.73,28293.73,5699.724102,15.285091,5699781100.0,5715607677.0,15826577.0,19207.0,,,0.558717,2.321172,189254.0,439291.0,4827064.0,30150.976662,17997.938386,74667838419.0,2476465.0,922050.0,0.322021,1554415.0,0.5130375317170023,129374.0,197643.0,688360.0,289.0,5186420.0,0.0,2273753.0,886292.0,261860.0,3396.0,4686800.0,1215789.0,139714.0,0.0,0.061446,0.08247,324433.0,50539.65,20763712.0,3082031093.086044,,0.0,0.0,2942061.0,73439.731711,73106.732266,44063398388.0,599994.0,,0.203937,599994.0,0.20393662809846566,,,,,,,,,,,,,,,,,,,,,1703.0,49.350887,2.0,90833.0,4767008.0,93.628308,6.1,5699790599.800475,15826576.8312143,57.45,0.0,0.0,ddr4_1x,20231298.0,0.06144642799811589,,2273753.0,l1d,1215789.0,0.5347058365618429,139714.0,imp,spmv_imp_sthr8_l1d_ddr4_1x,11279576.0,11329125.0,0.006737,6737022234.0,,1.573252189401811,,,stage1,,,,,,,0.010599,0.05340383819302884,886292.0,0.3897925588223523,3396.0,261860.0,129374.0,5186420.0,0.0006547869243138813,0.05048954770342549,0.024944759583682,3082031093.086044,20763712.0,0.28379383788250584,stage1: sthr8
4862910.0,spmv,sthr8,,,,,,,,,,,,0.595362,2.281029,166798.0,380471.0,4827296.0,28283.80673,16867.355027,69675093162.0,2463427.0,908510.0,0.322109,1554917.0,0.5103119841832777,125607.0,196465.0,680145.0,315.0,5138082.0,0.0,2269570.0,876925.0,256194.0,2908.0,4683214.0,1221330.0,140248.0,0.0,0.061795,0.082734,,,,,,0.0,0.0,2947744.0,64984.542953,64651.543507,39019968816.0,600450.0,,0.203698,600450.0,0.20369815017857723,,,,,,,,,,,,,,,,,,,,,1711.0,46.092532,2.0,58910.0,4767008.0,86.839194,,,,,,,ddr4_2x,18986055.0,0.06179496556616452,,2269570.0,l1d,1221330.0,0.5381327740497098,140248.0,imp,spmv_imp_sthr8_l1d_ddr4_2x,11279576.0,11329125.0,0.006322,6322356315.0,,1.4310344827586206,,,stage1,,,,,,,0.009047,0.05386540178785755,876925.0,0.38638376432540084,2908.0,256194.0,125607.0,5138082.0,0.000565969947540736,0.049861796678215727,0.024446281705897258,,,,stage1: sthr8
4861184.0,spmv,sthr8,3332.0,43453.77,25961.77,5005.150141,14.967044,5005187234.0,5020617941.0,15430707.0,19207.0,,,0.545397,4.277433,34758.0,148675.0,4827054.0,29828.99346,19734.754942,82578108231.0,2768384.0,1081723.0,0.349418,1686661.0,0.5735141972722907,,,,,,,,,,,,,,,,,,,,,18.706499,477.0,8923.0,1686846.0,66056.040898,66015.967135,25543474679.0,386694.0,2826.0,0.227566,383868.0,0.2292408435624829,126.0,131662.0,12957.0,4.0,301541.0,0.0,300500.0,144623.0,95.0,95.0,1244007.0,5077.0,147945.0,0.0,0.492329,0.27819,155870.0,54737.06,9975680.0,1445423263.997223,1741.0,53.68054,2.0,82645.0,4767008.0,100.465595,5.65,5005196507.513831,15430707.07186359,57.21,0.0,0.0,ddr4_1x,20725415.0,0.4923294509151414,,300500.0,l2,5077.0,0.016895174708818635,147945.0,imp,spmv_imp_sthr8_l2_ddr4_1x,11279576.0,11329125.0,0.006902,6901563195.0,,1.5356418429440744,,,stage1,,,,,,,0.010599,0.27671943124238974,144623.0,0.4812745424292845,95.0,95.0,126.0,301541.0,0.0003150483682152676,0.0003150483682152676,0.0004178536252118286,1445423263.997223,9975680.0,0.2492859052855797,stage1: sthr8
4861798.0,spmv,sthr8,,,,,,,,,,,,0.585785,4.248434,32725.0,139030.0,4827318.0,26624.74002,18287.298091,73267503822.0,2751858.0,1065179.0,0.349403,1686679.0,0.5700593994429205,,,,,,,,,,,,,,,,,,,,,15.570766,431.0,6711.0,1686865.0,59813.325746,59746.149552,23137170105.0,386823.0,3049.0,0.227507,383774.0,0.22931473472980943,103.0,132835.0,12362.0,7.0,302188.0,0.0,301231.0,145204.0,92.0,37.0,1243880.0,5108.0,147843.0,0.0,0.490796,0.278101,,,,,1683.0,47.859438,2.0,44431.0,4767008.0,89.53231,,,,,,,ddr4_2x,19296441.0,0.49079610000298773,,301231.0,l2,5108.0,0.01695708609007705,147843.0,imp,spmv_imp_sthr8_l2_ddr4_2x,11279581.0,11329130.0,0.006426,6425714853.0,,1.407874260815437,,,stage1,,,,,,,0.009047,0.27651468393352113,145204.0,0.48203538148464137,37.0,92.0,103.0,302188.0,0.0001224403351555985,0.000304446238765272,0.00034084741948720666,,,,stage1: sthr8
4862291.0,spmv,thr1,3332.0,45804.86,28312.86,5701.346901,15.333301,5701403903.0,5717231213.0,15827311.0,19207.0,,,0.558743,2.298087,189257.0,434929.0,4827081.0,30245.400725,18022.562699,74958658641.0,2478349.0,923418.0,0.322127,1554931.0,0.5134260228904384,129106.0,198707.0,688420.0,281.0,5192833.0,0.0,2273967.0,887408.0,263030.0,3636.0,4687267.0,1215352.0,139823.0,0.0,0.061489,0.082503,324272.0,50551.45,20753408.0,3080644464.3865232,,0.0,0.0,2941675.0,73460.189835,73127.19039,44086177947.0,600137.0,,0.204012,600137.0,0.20401199996600577,,,,,,,,,,,,,,,,,,,,,1739.0,49.525255,2.0,91845.0,4767008.0,94.672619,6.09,5701413402.709869,15827310.64559366,57.33,0.0,0.0,ddr4_1x,20230360.0,0.061488579209812634,,2273967.0,l1d,1215352.0,0.5344633409367858,139823.0,imp,spmv_imp_thr1_l1d_ddr4_1x,11279576.0,11329125.0,0.006737,6736709880.0,,1.573252189401811,,,stage1,,,,,,,0.010599,0.053404818323624266,887408.0,0.39024664825830807,3636.0,263030.0,129106.0,5192833.0,0.000700195827595457,0.050652505096928785,0.024862343926715918,3080644464.3865232,20753408.0,0.283874450397993,stage1: thr1
4862969.0,spmv,thr1,,,,,,,,,,,,0.595778,2.296896,167567.0,384884.0,4827165.0,28243.676632,16854.769853,69547314069.0,2462403.0,907334.0,0.32215,1555069.0,0.510113700277492,125479.0,197064.0,677154.0,279.0,5135890.0,0.0,2267381.0,874497.0,258235.0,2883.0,4682078.0,1221724.0,140288.0,0.0,0.061872,0.082748,,,,,,0.0,0.0,2948135.0,64956.92622,64623.926775,39010466654.0,600559.0,,0.203708,600559.0,0.20370810698967312,,,,,,,,,,,,,,,,,,,,,1620.0,46.025052,2.0,58687.0,4767008.0,86.542477,,,,,,,ddr4_2x,18972776.0,0.061872265843279095,,2267381.0,l1d,1221724.0,0.538826072900849,140288.0,imp,spmv_imp_thr1_l1d_ddr4_2x,11279576.0,11329125.0,0.006318,6317934408.0,,1.431940487496043,,,stage1,,,,,,,0.009047,0.053901135401782235,874497.0,0.38568595220653257,2883.0,258235.0,125479.0,5135890.0,0.0005613437982511307,0.050280477190905566,0.024431792736993977,,,,stage1: thr1
4861171.0,spmv,thr1,3332.0,43304.25,25812.25,5007.123029,14.842984,5007160137.0,5022596840.0,15436704.0,19207.0,,,0.545609,4.320923,34354.0,148441.0,4826959.0,29740.772948,19712.030241,82312615323.0,2767669.0,1081030.0,0.349421,1686639.0,0.573377358291214,,,,,,,,,,,,,,,,,,,,,15.422917,480.0,7403.0,1686824.0,65969.351069,65925.187012,25511205660.0,386713.0,2786.0,0.227603,383927.0,0.22925509715299283,135.0,131897.0,12853.0,4.0,301653.0,0.0,300575.0,144754.0,94.0,123.0,1244051.0,5099.0,147910.0,0.0,0.49209,0.278112,155815.0,54447.52,9972160.0,1445474744.1048207,1689.0,53.506138,2.0,80968.0,4767008.0,100.02579,5.63,5007169413.606448,15436703.61769035,57.26,0.0,0.0,ddr4_1x,20717364.0,0.4920901605256591,,300575.0,l2,5099.0,0.016964152041919655,147910.0,imp,spmv_imp_thr1_l2_ddr4_1x,11279576.0,11329125.0,0.006899,6898882212.0,,1.5363096100884188,,,stage1,,,,,,,0.010599,0.2766622461061346,144754.0,0.48159028528653414,123.0,94.0,135.0,301653.0,0.00040775327943033885,0.00031161632736952723,0.00044753408717964016,1445474744.1048207,9972160.0,0.2493841624392769,stage1: thr1
4861899.0,spmv,thr1,,,,,,,,,,,,0.585298,4.247851,33032.0,140315.0,4827293.0,26686.357163,18289.856924,73462737726.0,2752820.0,1066131.0,0.349407,1686689.0,0.5702616352477465,,,,,,,,,,,,,,,,,,,,,12.842572,451.0,5792.0,1686871.0,59784.545147,59730.805407,23135961342.0,386989.0,3081.0,0.227586,383908.0,0.2294123261351935,107.0,133125.0,12287.0,6.0,302396.0,0.0,301400.0,145418.0,85.0,83.0,1244412.0,5085.0,147794.0,0.0,0.490358,0.277964,,,,,1760.0,47.976249,2.0,44042.0,4767008.0,89.872244,,,,,,,ddr4_2x,19312502.0,0.4903583278035833,,301400.0,l2,5085.0,0.016871267418712674,147794.0,imp,spmv_imp_thr1_l2_ddr4_2x,11279576.0,11329125.0,0.006431,6431063166.0,,1.406779661016949,,,stage1,,,,,,,0.009047,0.27636256201113346,145418.0,0.48247511612475114,83.0,85.0,107.0,302396.0,0.0002744745300863768,0.00028108837418484373,0.00035384065926797974,,,,stage1: thr1
4862291.0,spmv,thr3,3332.0,45804.86,28312.86,5701.346901,15.333301,5701403903.0,5717231213.0,15827311.0,19207.0,,,0.558743,2.298087,189257.0,434929.0,4827081.0,30245.400725,18022.562699,74958658641.0,2478349.0,923418.0,0.322127,1554931.0,0.5134260228904384,129106.0,198707.0,688420.0,281.0,5192833.0,0.0,2273967.0,887408.0,263030.0,3636.0,4687267.0,1215352.0,139823.0,0.0,0.061489,0.082503,324272.0,50551.45,20753408.0,3080644464.3865232,,0.0,0.0,2941675.0,73460.189835,73127.19039,44086177947.0,600137.0,,0.204012,600137.0,0.20401199996600577,,,,,,,,,,,,,,,,,,,,,1739.0,49.525255,2.0,91845.0,4767008.0,94.672619,6.09,5701413402.709869,15827310.64559366,57.33,0.0,0.0,ddr4_1x,20230360.0,0.061488579209812634,,2273967.0,l1d,1215352.0,0.5344633409367858,139823.0,imp,spmv_imp_thr3_l1d_ddr4_1x,11279576.0,11329125.0,0.006737,6736709880.0,,1.573252189401811,,,stage1,,,,,,,0.010599,0.053404818323624266,887408.0,0.39024664825830807,3636.0,263030.0,129106.0,5192833.0,0.000700195827595457,0.050652505096928785,0.024862343926715918,3080644464.3865232,20753408.0,0.283874450397993,stage1: thr3
4862969.0,spmv,thr3,,,,,,,,,,,,0.595778,2.296896,167567.0,384884.0,4827165.0,28243.676632,16854.769853,69547314069.0,2462403.0,907334.0,0.32215,1555069.0,0.510113700277492,125479.0,197064.0,677154.0,279.0,5135890.0,0.0,2267381.0,874497.0,258235.0,2883.0,4682078.0,1221724.0,140288.0,0.0,0.061872,0.082748,,,,,,0.0,0.0,2948135.0,64956.92622,64623.926775,39010466654.0,600559.0,,0.203708,600559.0,0.20370810698967312,,,,,,,,,,,,,,,,,,,,,1620.0,46.025052,2.0,58687.0,4767008.0,86.542477,,,,,,,ddr4_2x,18972776.0,0.061872265843279095,,2267381.0,l1d,1221724.0,0.538826072900849,140288.0,imp,spmv_imp_thr3_l1d_ddr4_2x,11279576.0,11329125.0,0.006318,6317934408.0,,1.431940487496043,,,stage1,,,,,,,0.009047,0.053901135401782235,874497.0,0.38568595220653257,2883.0,258235.0,125479.0,5135890.0,0.0005613437982511307,0.050280477190905566,0.024431792736993977,,,,stage1: thr3
4861171.0,spmv,thr3,3332.0,43304.25,25812.25,5007.123029,14.842984,5007160137.0,5022596840.0,15436704.0,19207.0,,,0.545609,4.320923,34354.0,148441.0,4826959.0,29740.772948,19712.030241,82312615323.0,2767669.0,1081030.0,0.349421,1686639.0,0.573377358291214,,,,,,,,,,,,,,,,,,,,,15.422917,480.0,7403.0,1686824.0,65969.351069,65925.187012,25511205660.0,386713.0,2786.0,0.227603,383927.0,0.22925509715299283,135.0,131897.0,12853.0,4.0,301653.0,0.0,300575.0,144754.0,94.0,123.0,1244051.0,5099.0,147910.0,0.0,0.49209,0.278112,155815.0,54447.52,9972160.0,1445474744.1048207,1689.0,53.506138,2.0,80968.0,4767008.0,100.02579,5.63,5007169413.606448,15436703.61769035,57.26,0.0,0.0,ddr4_1x,20717364.0,0.4920901605256591,,300575.0,l2,5099.0,0.016964152041919655,147910.0,imp,spmv_imp_thr3_l2_ddr4_1x,11279576.0,11329125.0,0.006899,6898882212.0,,1.5363096100884188,,,stage1,,,,,,,0.010599,0.2766622461061346,144754.0,0.48159028528653414,123.0,94.0,135.0,301653.0,0.00040775327943033885,0.00031161632736952723,0.00044753408717964016,1445474744.1048207,9972160.0,0.2493841624392769,stage1: thr3
4861899.0,spmv,thr3,,,,,,,,,,,,0.585298,4.247851,33032.0,140315.0,4827293.0,26686.357163,18289.856924,73462737726.0,2752820.0,1066131.0,0.349407,1686689.0,0.5702616352477465,,,,,,,,,,,,,,,,,,,,,12.842572,451.0,5792.0,1686871.0,59784.545147,59730.805407,23135961342.0,386989.0,3081.0,0.227586,383908.0,0.2294123261351935,107.0,133125.0,12287.0,6.0,302396.0,0.0,301400.0,145418.0,85.0,83.0,1244412.0,5085.0,147794.0,0.0,0.490358,0.277964,,,,,1760.0,47.976249,2.0,44042.0,4767008.0,89.872244,,,,,,,ddr4_2x,19312502.0,0.4903583278035833,,301400.0,l2,5085.0,0.016871267418712674,147794.0,imp,spmv_imp_thr3_l2_ddr4_2x,11279576.0,11329125.0,0.006431,6431063166.0,,1.406779661016949,,,stage1,,,,,,,0.009047,0.27636256201113346,145418.0,0.48247511612475114,83.0,85.0,107.0,302396.0,0.0002744745300863768,0.00028108837418484373,0.00035384065926797974,,,,stage1: thr3
4862291.0,spmv,thr4,3332.0,45804.86,28312.86,5701.346901,15.333301,5701403903.0,5717231213.0,15827311.0,19207.0,,,0.558743,2.298087,189257.0,434929.0,4827081.0,30245.400725,18022.562699,74958658641.0,2478349.0,923418.0,0.322127,1554931.0,0.5134260228904384,129106.0,198707.0,688420.0,281.0,5192833.0,0.0,2273967.0,887408.0,263030.0,3636.0,4687267.0,1215352.0,139823.0,0.0,0.061489,0.082503,324272.0,50551.45,20753408.0,3080644464.3865232,,0.0,0.0,2941675.0,73460.189835,73127.19039,44086177947.0,600137.0,,0.204012,600137.0,0.20401199996600577,,,,,,,,,,,,,,,,,,,,,1739.0,49.525255,2.0,91845.0,4767008.0,94.672619,6.09,5701413402.709869,15827310.64559366,57.33,0.0,0.0,ddr4_1x,20230360.0,0.061488579209812634,,2273967.0,l1d,1215352.0,0.5344633409367858,139823.0,imp,spmv_imp_thr4_l1d_ddr4_1x,11279576.0,11329125.0,0.006737,6736709880.0,,1.573252189401811,,,stage1,,,,,,,0.010599,0.053404818323624266,887408.0,0.39024664825830807,3636.0,263030.0,129106.0,5192833.0,0.000700195827595457,0.050652505096928785,0.024862343926715918,3080644464.3865232,20753408.0,0.283874450397993,stage1: thr4
4862969.0,spmv,thr4,,,,,,,,,,,,0.595778,2.296896,167567.0,384884.0,4827165.0,28243.676632,16854.769853,69547314069.0,2462403.0,907334.0,0.32215,1555069.0,0.510113700277492,125479.0,197064.0,677154.0,279.0,5135890.0,0.0,2267381.0,874497.0,258235.0,2883.0,4682078.0,1221724.0,140288.0,0.0,0.061872,0.082748,,,,,,0.0,0.0,2948135.0,64956.92622,64623.926775,39010466654.0,600559.0,,0.203708,600559.0,0.20370810698967312,,,,,,,,,,,,,,,,,,,,,1620.0,46.025052,2.0,58687.0,4767008.0,86.542477,,,,,,,ddr4_2x,18972776.0,0.061872265843279095,,2267381.0,l1d,1221724.0,0.538826072900849,140288.0,imp,spmv_imp_thr4_l1d_ddr4_2x,11279576.0,11329125.0,0.006318,6317934408.0,,1.431940487496043,,,stage1,,,,,,,0.009047,0.053901135401782235,874497.0,0.38568595220653257,2883.0,258235.0,125479.0,5135890.0,0.0005613437982511307,0.050280477190905566,0.024431792736993977,,,,stage1: thr4
4861171.0,spmv,thr4,3332.0,43304.25,25812.25,5007.123029,14.842984,5007160137.0,5022596840.0,15436704.0,19207.0,,,0.545609,4.320923,34354.0,148441.0,4826959.0,29740.772948,19712.030241,82312615323.0,2767669.0,1081030.0,0.349421,1686639.0,0.573377358291214,,,,,,,,,,,,,,,,,,,,,15.422917,480.0,7403.0,1686824.0,65969.351069,65925.187012,25511205660.0,386713.0,2786.0,0.227603,383927.0,0.22925509715299283,135.0,131897.0,12853.0,4.0,301653.0,0.0,300575.0,144754.0,94.0,123.0,1244051.0,5099.0,147910.0,0.0,0.49209,0.278112,155815.0,54447.52,9972160.0,1445474744.1048207,1689.0,53.506138,2.0,80968.0,4767008.0,100.02579,5.63,5007169413.606448,15436703.61769035,57.26,0.0,0.0,ddr4_1x,20717364.0,0.4920901605256591,,300575.0,l2,5099.0,0.016964152041919655,147910.0,imp,spmv_imp_thr4_l2_ddr4_1x,11279576.0,11329125.0,0.006899,6898882212.0,,1.5363096100884188,,,stage1,,,,,,,0.010599,0.2766622461061346,144754.0,0.48159028528653414,123.0,94.0,135.0,301653.0,0.00040775327943033885,0.00031161632736952723,0.00044753408717964016,1445474744.1048207,9972160.0,0.2493841624392769,stage1: thr4
4861899.0,spmv,thr4,,,,,,,,,,,,0.585298,4.247851,33032.0,140315.0,4827293.0,26686.357163,18289.856924,73462737726.0,2752820.0,1066131.0,0.349407,1686689.0,0.5702616352477465,,,,,,,,,,,,,,,,,,,,,12.842572,451.0,5792.0,1686871.0,59784.545147,59730.805407,23135961342.0,386989.0,3081.0,0.227586,383908.0,0.2294123261351935,107.0,133125.0,12287.0,6.0,302396.0,0.0,301400.0,145418.0,85.0,83.0,1244412.0,5085.0,147794.0,0.0,0.490358,0.277964,,,,,1760.0,47.976249,2.0,44042.0,4767008.0,89.872244,,,,,,,ddr4_2x,19312502.0,0.4903583278035833,,301400.0,l2,5085.0,0.016871267418712674,147794.0,imp,spmv_imp_thr4_l2_ddr4_2x,11279576.0,11329125.0,0.006431,6431063166.0,,1.406779661016949,,,stage1,,,,,,,0.009047,0.27636256201113346,145418.0,0.48247511612475114,83.0,85.0,107.0,302396.0,0.0002744745300863768,0.00028108837418484373,0.00035384065926797974,,,,stage1: thr4
,bfs,aggr_s16_sth2_d32_ipd16_addr16,,,,,,,,,,0.023393,,0.452081,,,,11472491.0,,,,5501676.0,,,,0.4795537429491119,,,,,,,5216034.0,,,,,2594898.0,439733.0,,,,,,,,,,,6323158.0,,,,2388423.0,,,,0.3777262880351875,,,,,,,,,,,,,,,,,,,,,,,,,,,,,,,,,ddr4_1x,67972893.0,0.08430409004235785,0.0799270985786876,5216034.0,l1d,2594898.0,0.4974848706891098,439733.0,imp,bfs_imp_stage2_aggr_s16_sth2_d32_ipd16_addr16_l1d_ddr4_1x,30729211.0,,0.022635,22634973369.0,1.033487961122156,1.2211177380163465,1.0003976143141151,,stage2,sdist16,0.022644,1.0330771948419006,,,,0.02764,0.07401156863632852,,,,,,,,,,,,,stage2: aggr_s16_sth2_d32_ipd16_addr16
,bfs,aggr_s16_sth2_d32_ipd16_addr16,,,,,,,,,,0.020727,,0.521793,,,,11381679.0,,,,5374334.0,,,,0.4721916687335849,,,,,,,5354997.0,,,,,2687429.0,454997.0,,,,,,,,,,,6417484.0,,,,2444855.0,,,,0.38096783723964095,,,,,,,,,,,,,,,,,,,,,,,,,,,,,,,,,ddr4_2x,58891679.0,0.08496680763780073,0.0846610947514613,5354997.0,l1d,2687429.0,0.5018544361462761,454997.0,imp,bfs_imp_stage2_aggr_s16_sth2_d32_ipd16_addr16_l1d_ddr4_2x,30729211.0,,0.019611,19610929107.0,1.056906837999082,1.2837693131405843,1.0003059507419303,,stage2,sdist16,0.019617,1.0565835754702553,,,,0.025176,0.07805303901940033,,,,,,,,,,,,,stage2: aggr_s16_sth2_d32_ipd16_addr16
,bfs,aggr_s16_sth2_d32_ipd16_addr16,,,,,,,,,,0.02562,,0.401164,,,,11473082.0,,,,6758291.0,,,,0.5890562797337281,,,,,,,,,,,,,,,,,,,,,,,,3528833.0,,,,1336217.0,,,,0.37865691008897273,,,,,,,1842437.0,,,,,810728.0,351214.0,,,,,,,,,,,,,,,,,,,,ddr4_1x,76600258.0,0.19062469978620708,0.0519678717592953,1842437.0,l2,810728.0,0.4400302425537481,351214.0,imp,bfs_imp_stage2_aggr_s16_sth2_d32_ipd16_addr16_l2_ddr4_1x,30729211.0,,0.025508,25507885914.0,1.004390779363337,1.0835816214520935,0.9999215932256548,,stage2,sdist16,0.025506,1.0044695365796283,,,,0.02764,0.2081353252370023,,,,,,,,,,,,,stage2: aggr_s16_sth2_d32_ipd16_addr16
,bfs,aggr_s16_sth2_d32_ipd16_addr16,,,,,,,,,,0.022034,,0.478279,,,,11400170.0,,,,6692730.0,,,,0.5870728243526193,,,,,,,,,,,,,,,,,,,,,,,,3529210.0,,,,1329785.0,,,,0.37679395672119254,,,,,,,1916117.0,,,,,852497.0,366278.0,,,,,,,,,,,,,,,,,,,,ddr4_2x,64249636.0,0.19115638554430653,0.054727741893069,1916117.0,l2,852497.0,0.4449086355373915,366278.0,imp,bfs_imp_stage2_aggr_s16_sth2_d32_ipd16_addr16_l2_ddr4_2x,30729211.0,,0.021395,21395128788.0,1.02986679130638,1.1767235335358728,1.0,,stage2,sdist16,0.021395,1.02986679130638,,,,0.025176,0.21595777987020529,,,,,,,,,,,,,stage2: aggr_s16_sth2_d32_ipd16_addr16
,bfs,aggr_s16_sth2_d32_ipd16,,,,,,,,,,0.023393,,0.452081,,,,11472491.0,,,,5501676.0,,,,0.4795537429491119,,,,,,,5216034.0,,,,,2594898.0,439733.0,,,,,,,,,,,6323158.0,,,,2388423.0,,,,0.3777262880351875,,,,,,,,,,,,,,,,,,,,,,,,,,,,,,,,,ddr4_1x,67972893.0,0.08430409004235785,0.0799270985786876,5216034.0,l1d,2594898.0,0.4974848706891098,439733.0,imp,bfs_imp_stage2_aggr_s16_sth2_d32_ipd16_l1d_ddr4_1x,30729211.0,,0.022635,22634973369.0,1.033487961122156,1.2211177380163465,1.0003976143141151,,stage2,sdist16,0.022644,1.0330771948419006,,,,0.02764,0.07401156863632852,,,,,,,,,,,,,stage2: aggr_s16_sth2_d32_ipd16
,bfs,aggr_s16_sth2_d32_ipd16,,,,,,,,,,0.020727,,0.521793,,,,11381679.0,,,,5374334.0,,,,0.4721916687335849,,,,,,,5354997.0,,,,,2687429.0,454997.0,,,,,,,,,,,6417484.0,,,,2444855.0,,,,0.38096783723964095,,,,,,,,,,,,,,,,,,,,,,,,,,,,,,,,,ddr4_2x,58891679.0,0.08496680763780073,0.0846610947514613,5354997.0,l1d,2687429.0,0.5018544361462761,454997.0,imp,bfs_imp_stage2_aggr_s16_sth2_d32_ipd16_l1d_ddr4_2x,30729211.0,,0.019611,19610929107.0,1.056906837999082,1.2837693131405843,1.0003059507419303,,stage2,sdist16,0.019617,1.0565835754702553,,,,0.025176,0.07805303901940033,,,,,,,,,,,,,stage2: aggr_s16_sth2_d32_ipd16
,bfs,aggr_s16_sth2_d32_ipd16,,,,,,,,,,0.02562,,0.401164,,,,11473082.0,,,,6758291.0,,,,0.5890562797337281,,,,,,,,,,,,,,,,,,,,,,,,3528833.0,,,,1336217.0,,,,0.37865691008897273,,,,,,,1842437.0,,,,,810728.0,351214.0,,,,,,,,,,,,,,,,,,,,ddr4_1x,76600258.0,0.19062469978620708,0.0519678717592953,1842437.0,l2,810728.0,0.4400302425537481,351214.0,imp,bfs_imp_stage2_aggr_s16_sth2_d32_ipd16_l2_ddr4_1x,30729211.0,,0.025508,25507885914.0,1.004390779363337,1.0835816214520935,0.9999215932256548,,stage2,sdist16,0.025506,1.0044695365796283,,,,0.02764,0.2081353252370023,,,,,,,,,,,,,stage2: aggr_s16_sth2_d32_ipd16
,bfs,aggr_s16_sth2_d32_ipd16,,,,,,,,,,0.022034,,0.478279,,,,11400170.0,,,,6692730.0,,,,0.5870728243526193,,,,,,,,,,,,,,,,,,,,,,,,3529210.0,,,,1329785.0,,,,0.37679395672119254,,,,,,,1916117.0,,,,,852497.0,366278.0,,,,,,,,,,,,,,,,,,,,ddr4_2x,64249636.0,0.19115638554430653,0.054727741893069,1916117.0,l2,852497.0,0.4449086355373915,366278.0,imp,bfs_imp_stage2_aggr_s16_sth2_d32_ipd16_l2_ddr4_2x,30729211.0,,0.021395,21395128788.0,1.02986679130638,1.1767235335358728,1.0,,stage2,sdist16,0.021395,1.02986679130638,,,,0.025176,0.21595777987020529,,,,,,,,,,,,,stage2: aggr_s16_sth2_d32_ipd16
,bfs,cons_s2_sth8_pt8,,,,,,,,,,0.023393,,0.423732,,,,11529860.0,,,,6753043.0,,,,0.5857003467518253,,,,,,,4547849.0,,,,,1765525.0,194243.0,,,,,,,,,,,5432338.0,,,,1929321.0,,,,0.3551548154772402,,,,,,,,,,,,,,,,,,,,,,,,,,,,,,,,,ddr4_1x,72520455.0,0.04271096072011186,0.0287637736054694,4547849.0,l1d,1765525.0,0.38821099821036276,194243.0,imp,bfs_imp_stage2_cons_s2_sth8_pt8_l1d_ddr4_1x,30729211.0,,0.024149,24149311515.0,0.9686943558739493,1.1445608513810097,0.9376785788231397,,stage2,sdist16,0.022644,1.0330771948419006,,,,0.02764,0.027959551398920385,,,,,,,,,,,,,stage2: cons_s2_sth8_pt8
,bfs,cons_s2_sth8_pt8,,,,,,,,,,0.020727,,0.47443,,,,11427527.0,,,,6585664.0,,,,0.5762982664578259,,,,,,,4470793.0,,,,,1766002.0,202193.0,,,,,,,,,,,5433421.0,,,,1929243.0,,,,0.35506966973477666,,,,,,,,,,,,,,,,,,,,,,,,,,,,,,,,,ddr4_2x,64770894.0,0.04522531014072895,0.0307019914772451,4470793.0,l1d,1766002.0,0.3950086707212792,202193.0,imp,bfs_imp_stage2_cons_s2_sth8_pt8_l1d_ddr4_2x,30729211.0,,0.021569,21568707702.0,0.9609624924660392,1.1672307478325374,0.9094997450044044,,stage2,sdist16,0.019617,1.0565835754702553,,,,0.025176,0.029787457219561345,,,,,,,,,,,,,stage2: cons_s2_sth8_pt8
,bfs,cons_s2_sth8_pt8,,,,,,,,,,0.02562,,0.394524,,,,11497452.0,,,,7272921.0,,,,0.6325680681250072,,,,,,,,,,,,,,,,,,,,,,,,3528916.0,,,,1385977.0,,,,0.39274865142723714,,,,,,,885398.0,,,,,293954.0,183343.0,,,,,,,,,,,,,,,,,,,,ddr4_1x,77889376.0,0.20707410678587482,0.0252089909955023,885398.0,l2,293954.0,0.3320021052679134,183343.0,imp,bfs_imp_stage2_cons_s2_sth8_pt8_l2_ddr4_1x,30729211.0,,0.025937,25937162208.0,0.9877780776496896,1.0656590970428346,0.9833828121987892,,stage2,sdist16,0.025506,1.0044695365796283,,,,0.02764,0.11682958223944129,,,,,,,,,,,,,stage2: cons_s2_sth8_pt8
,bfs,cons_s2_sth8_pt8,,,,,,,,,,0.022034,,0.450585,,,,11405993.0,,,,7132889.0,,,,0.6253632629793828,,,,,,,,,,,,,,,,,,,,,,,,3528961.0,,,,1385150.0,,,,0.3925092966456699,,,,,,,886963.0,,,,,293889.0,184264.0,,,,,,,,,,,,,,,,,,,,ddr4_2x,68198630.0,0.20774711008238225,0.0258330110001711,886963.0,l2,293889.0,0.3313430210730324,184264.0,imp,bfs_imp_stage2_cons_s2_sth8_pt8_l2_ddr4_2x,30729211.0,,0.02271,22710143790.0,0.9702333773667988,1.1085865257595773,0.9420959929546456,,stage2,sdist16,0.021395,1.02986679130638,,,,0.025176,0.11740942797757635,,,,,,,,,,,,,stage2: cons_s2_sth8_pt8
,bfs,cons_s8_sth8_pt8_ipd8,,,,,,,,,,0.023393,,0.448118,,,,11496519.0,,,,5760410.0,,,,0.5010568851319256,,,,,,,5148645.0,,,,,2476201.0,403857.0,,,,,,,,,,,6192751.0,,,,2239185.0,,,,0.36158162987660897,,,,,,,,,,,,,,,,,,,,,,,,,,,,,,,,,ddr4_1x,68573929.0,0.0784394729098627,0.0701090720972986,5148645.0,l1d,2476201.0,0.4809422673344152,403857.0,imp,bfs_imp_stage2_cons_s8_sth8_pt8_ipd8_l1d_ddr4_1x,30729211.0,,0.022835,22835118357.0,1.0244361725421502,1.2104225968907378,0.9916356470330632,,stage2,sdist16,0.022644,1.0330771948419006,,,,0.02764,0.06551581883133875,,,,,,,,,,,,,stage2: cons_s8_sth8_pt8_ipd8
,bfs,cons_s8_sth8_pt8_ipd8,,,,,,,,,,0.020727,,0.510214,,,,11405539.0,,,,5624919.0,,,,0.49317432521163623,,,,,,,5222202.0,,,,,2538349.0,415265.0,,,,,,,,,,,6255864.0,,,,2289437.0,,,,0.36596655553893115,,,,,,,,,,,,,,,,,,,,,,,,,,,,,,,,,ddr4_2x,60228199.0,0.07951913771240561,0.0738259519825974,5222202.0,l1d,2538349.0,0.48606871201075713,415265.0,imp,bfs_imp_stage2_cons_s8_sth8_pt8_ipd8_l1d_ddr4_2x,30729211.0,,0.020056,20055990267.0,1.0334563222975668,1.2552852014359792,0.9781112883925008,,stage2,sdist16,0.019617,1.0565835754702553,,,,0.025176,0.0687503890609955,,,,,,,,,,,,,stage2: cons_s8_sth8_pt8_ipd8
,bfs,cons_s8_sth8_pt8_ipd8,,,,,,,,,,0.02562,,0.399552,,,,11474629.0,,,,6894638.0,,,,0.6008593393302738,,,,,,,,,,,,,,,,,,,,,,,,3529043.0,,,,1335196.0,,,,0.3783450640867793,,,,,,,1573426.0,,,,,627259.0,316042.0,,,,,,,,,,,,,,,,,,,,ddr4_1x,76909249.0,0.20086232209204627,0.0458388098113345,1573426.0,l2,627259.0,0.39865808751094745,316042.0,imp,bfs_imp_stage2_cons_s8_sth8_pt8_ipd8_l2_ddr4_1x,30729211.0,,0.025611,25610779917.0,1.00035141150287,1.0792237710358832,0.9959001991331852,,stage2,sdist16,0.025506,1.0044695365796283,,,,0.02764,0.1913970003112816,,,,,,,,,,,,,stage2: cons_s8_sth8_pt8_ipd8
,bfs,cons_s8_sth8_pt8_ipd8,,,,,,,,,,0.022034,,0.471155,,,,11400971.0,,,,6810118.0,,,,0.5973278942644447,,,,,,,,,,,,,,,,,,,,,,,,3529327.0,,,,1330714.0,,,,0.37704468868994,,,,,,,1619092.0,,,,,651000.0,324746.0,,,,,,,,,,,,,,,,,,,,ddr4_2x,65221108.0,0.20057291370718897,0.0476858110241261,1619092.0,l2,651000.0,0.4020772136481435,324746.0,imp,bfs_imp_stage2_cons_s8_sth8_pt8_ipd8_l2_ddr4_2x,30729211.0,,0.021719,21718628964.0,1.0145034301763434,1.1591693908559326,0.9850821861043328,,stage2,sdist16,0.021395,1.02986679130638,,,,0.025176,0.1961666243823469,,,,,,,,,,,,,stage2: cons_s8_sth8_pt8_ipd8
,bfs,s16_dist32_addr16,,,,,,,,,,0.023393,,0.451899,,,,11471915.0,,,,5499207.0,,,,0.4793625998797934,,,,,,,5223342.0,,,,,2597004.0,440614.0,,,,,,,,,,,6325340.0,,,,2389038.0,,,,0.37769321491018665,,,,,,,,,,,,,,,,,,,,,,,,,,,,,,,,,ddr4_1x,68000306.0,0.08435480579291955,0.0801231886706574,5223342.0,l1d,2597004.0,0.49719202763288334,440614.0,imp,bfs_imp_stage2_s16_dist32_addr16_l1d_ddr4_1x,30729211.0,,0.022644,22644101898.0,1.0330771948419006,1.2206323971029853,1.0,,stage2,sdist16,0.022644,1.0330771948419006,,,,0.02764,0.07417967645826364,,,,,,,,,,,,,stage2: s16_dist32_addr16
,bfs,s16_dist32_addr16,,,,,,,,,,0.020727,,0.521622,,,,11380680.0,,,,5371033.0,,,,0.4719430649135201,,,,,,,5351311.0,,,,,2689456.0,454753.0,,,,,,,,,,,6419441.0,,,,2448923.0,,,,0.38148539724876357,,,,,,,,,,,,,,,,,,,,,,,,,,,,,,,,,ddr4_2x,58910955.0,0.08497973674114624,0.0846676980014831,5351311.0,l1d,2689456.0,0.5025789007590851,454753.0,imp,bfs_imp_stage2_s16_dist32_addr16_l1d_ddr4_2x,30729211.0,,0.019617,19617348015.0,1.0565835754702553,1.2833766630983332,1.0,,stage2,sdist16,0.019617,1.0565835754702553,,,,0.025176,0.07805865165661767,,,,,,,,,,,,,stage2: s16_dist32_addr16
,bfs,s16_dist32_addr16,,,,,,,,,,0.02562,,0.401197,,,,11471944.0,,,,6759177.0,,,,0.5891919451489651,,,,,,,,,,,,,,,,,,,,,,,,3528858.0,,,,1336083.0,,,,0.3786162548903923,,,,,,,1838477.0,,,,,809468.0,351029.0,,,,,,,,,,,,,,,,,,,,ddr4_1x,76593885.0,0.1909346703820608,0.0519336895601343,1838477.0,l2,809468.0,0.44029269879362104,351029.0,imp,bfs_imp_stage2_s16_dist32_addr16_l2_ddr4_1x,30729211.0,,0.025506,25505763705.0,1.0044695365796283,1.0836665882537442,1.0,,stage2,sdist16,0.025506,1.0044695365796283,,,,0.02764,0.2080650247286487,,,,,,,,,,,,,stage2: s16_dist32_addr16
,bfs,s16_dist32_addr16,,,,,,,,,,0.022034,,0.478285,,,,11401031.0,,,,6693335.0,,,,0.587081554291011,,,,,,,,,,,,,,,,,,,,,,,,3529114.0,,,,1329670.0,,,,0.37677162029903255,,,,,,,1915481.0,,,,,851751.0,366130.0,,,,,,,,,,,,,,,,,,,,ddr4_2x,64248763.0,0.19114259029455266,0.0547006835904672,1915481.0,l2,851751.0,0.44466690089852107,366130.0,imp,bfs_imp_stage2_s16_dist32_addr16_l2_ddr4_2x,30729211.0,,0.021395,21394838079.0,1.02986679130638,1.1767235335358728,1.0,,stage2,sdist16,0.021395,1.02986679130638,,,,0.025176,0.21590399811298502,,,,,,,,,,,,,stage2: s16_dist32_addr16
,bfs,s16_dist8_addr16,,,,,,,,,,0.023393,,0.451899,,,,11471915.0,,,,5499207.0,,,,0.4793625998797934,,,,,,,5223342.0,,,,,2597004.0,440614.0,,,,,,,,,,,6325340.0,,,,2389038.0,,,,0.37769321491018665,,,,,,,,,,,,,,,,,,,,,,,,,,,,,,,,,ddr4_1x,68000306.0,0.08435480579291955,0.0801231886706574,5223342.0,l1d,2597004.0,0.49719202763288334,440614.0,imp,bfs_imp_stage2_s16_dist8_addr16_l1d_ddr4_1x,30729211.0,,0.022644,22644101898.0,1.0330771948419006,1.2206323971029853,1.0,,stage2,sdist16,0.022644,1.0330771948419006,,,,0.02764,0.07417967645826364,,,,,,,,,,,,,stage2: s16_dist8_addr16
,bfs,s16_dist8_addr16,,,,,,,,,,0.020727,,0.521622,,,,11380680.0,,,,5371033.0,,,,0.4719430649135201,,,,,,,5351311.0,,,,,2689456.0,454753.0,,,,,,,,,,,6419441.0,,,,2448923.0,,,,0.38148539724876357,,,,,,,,,,,,,,,,,,,,,,,,,,,,,,,,,ddr4_2x,58910955.0,0.08497973674114624,0.0846676980014831,5351311.0,l1d,2689456.0,0.5025789007590851,454753.0,imp,bfs_imp_stage2_s16_dist8_addr16_l1d_ddr4_2x,30729211.0,,0.019617,19617348015.0,1.0565835754702553,1.2833766630983332,1.0,,stage2,sdist16,0.019617,1.0565835754702553,,,,0.025176,0.07805865165661767,,,,,,,,,,,,,stage2: s16_dist8_addr16
,bfs,s16_dist8_addr16,,,,,,,,,,0.02562,,0.401197,,,,11471944.0,,,,6759177.0,,,,0.5891919451489651,,,,,,,,,,,,,,,,,,,,,,,,3528858.0,,,,1336083.0,,,,0.3786162548903923,,,,,,,1838477.0,,,,,809468.0,351029.0,,,,,,,,,,,,,,,,,,,,ddr4_1x,76593885.0,0.1909346703820608,0.0519336895601343,1838477.0,l2,809468.0,0.44029269879362104,351029.0,imp,bfs_imp_stage2_s16_dist8_addr16_l2_ddr4_1x,30729211.0,,0.025506,25505763705.0,1.0044695365796283,1.0836665882537442,1.0,,stage2,sdist16,0.025506,1.0044695365796283,,,,0.02764,0.2080650247286487,,,,,,,,,,,,,stage2: s16_dist8_addr16
,bfs,s16_dist8_addr16,,,,,,,,,,0.022034,,0.478285,,,,11401031.0,,,,6693335.0,,,,0.587081554291011,,,,,,,,,,,,,,,,,,,,,,,,3529114.0,,,,1329670.0,,,,0.37677162029903255,,,,,,,1915481.0,,,,,851751.0,366130.0,,,,,,,,,,,,,,,,,,,,ddr4_2x,64248763.0,0.19114259029455266,0.0547006835904672,1915481.0,l2,851751.0,0.44466690089852107,366130.0,imp,bfs_imp_stage2_s16_dist8_addr16_l2_ddr4_2x,30729211.0,,0.021395,21394838079.0,1.02986679130638,1.1767235335358728,1.0,,stage2,sdist16,0.021395,1.02986679130638,,,,0.025176,0.21590399811298502,,,,,,,,,,,,,stage2: s16_dist8_addr16
,bfs,s16_ipd16_addr16,,,,,,,,,,0.023393,,0.451899,,,,11471915.0,,,,5499207.0,,,,0.4793625998797934,,,,,,,5223342.0,,,,,2597004.0,440614.0,,,,,,,,,,,6325340.0,,,,2389038.0,,,,0.37769321491018665,,,,,,,,,,,,,,,,,,,,,,,,,,,,,,,,,ddr4_1x,68000306.0,0.08435480579291955,0.0801231886706574,5223342.0,l1d,2597004.0,0.49719202763288334,440614.0,imp,bfs_imp_stage2_s16_ipd16_addr16_l1d_ddr4_1x,30729211.0,,0.022644,22644101898.0,1.0330771948419006,1.2206323971029853,1.0,,stage2,sdist16,0.022644,1.0330771948419006,,,,0.02764,0.07417967645826364,,,,,,,,,,,,,stage2: s16_ipd16_addr16
,bfs,s16_ipd16_addr16,,,,,,,,,,0.020727,,0.521622,,,,11380680.0,,,,5371033.0,,,,0.4719430649135201,,,,,,,5351311.0,,,,,2689456.0,454753.0,,,,,,,,,,,6419441.0,,,,2448923.0,,,,0.38148539724876357,,,,,,,,,,,,,,,,,,,,,,,,,,,,,,,,,ddr4_2x,58910955.0,0.08497973674114624,0.0846676980014831,5351311.0,l1d,2689456.0,0.5025789007590851,454753.0,imp,bfs_imp_stage2_s16_ipd16_addr16_l1d_ddr4_2x,30729211.0,,0.019617,19617348015.0,1.0565835754702553,1.2833766630983332,1.0,,stage2,sdist16,0.019617,1.0565835754702553,,,,0.025176,0.07805865165661767,,,,,,,,,,,,,stage2: s16_ipd16_addr16
,bfs,s16_ipd16_addr16,,,,,,,,,,0.02562,,0.401197,,,,11471944.0,,,,6759177.0,,,,0.5891919451489651,,,,,,,,,,,,,,,,,,,,,,,,3528858.0,,,,1336083.0,,,,0.3786162548903923,,,,,,,1838477.0,,,,,809468.0,351029.0,,,,,,,,,,,,,,,,,,,,ddr4_1x,76593885.0,0.1909346703820608,0.0519336895601343,1838477.0,l2,809468.0,0.44029269879362104,351029.0,imp,bfs_imp_stage2_s16_ipd16_addr16_l2_ddr4_1x,30729211.0,,0.025506,25505763705.0,1.0044695365796283,1.0836665882537442,1.0,,stage2,sdist16,0.025506,1.0044695365796283,,,,0.02764,0.2080650247286487,,,,,,,,,,,,,stage2: s16_ipd16_addr16
,bfs,s16_ipd16_addr16,,,,,,,,,,0.022034,,0.478285,,,,11401031.0,,,,6693335.0,,,,0.587081554291011,,,,,,,,,,,,,,,,,,,,,,,,3529114.0,,,,1329670.0,,,,0.37677162029903255,,,,,,,1915481.0,,,,,851751.0,366130.0,,,,,,,,,,,,,,,,,,,,ddr4_2x,64248763.0,0.19114259029455266,0.0547006835904672,1915481.0,l2,851751.0,0.44466690089852107,366130.0,imp,bfs_imp_stage2_s16_ipd16_addr16_l2_ddr4_2x,30729211.0,,0.021395,21394838079.0,1.02986679130638,1.1767235335358728,1.0,,stage2,sdist16,0.021395,1.02986679130638,,,,0.025176,0.21590399811298502,,,,,,,,,,,,,stage2: s16_ipd16_addr16
,bfs,s16_ipd16_pt32,,,,,,,,,,0.023393,,0.451899,,,,11471915.0,,,,5499207.0,,,,0.4793625998797934,,,,,,,5223342.0,,,,,2597004.0,440614.0,,,,,,,,,,,6325340.0,,,,2389038.0,,,,0.37769321491018665,,,,,,,,,,,,,,,,,,,,,,,,,,,,,,,,,ddr4_1x,68000306.0,0.08435480579291955,0.0801231886706574,5223342.0,l1d,2597004.0,0.49719202763288334,440614.0,imp,bfs_imp_stage2_s16_ipd16_pt32_l1d_ddr4_1x,30729211.0,,0.022644,22644101898.0,1.0330771948419006,1.2206323971029853,1.0,,stage2,sdist16,0.022644,1.0330771948419006,,,,0.02764,0.07417967645826364,,,,,,,,,,,,,stage2: s16_ipd16_pt32
,bfs,s16_ipd16_pt32,,,,,,,,,,0.020727,,0.521622,,,,11380680.0,,,,5371033.0,,,,0.4719430649135201,,,,,,,5351311.0,,,,,2689456.0,454753.0,,,,,,,,,,,6419441.0,,,,2448923.0,,,,0.38148539724876357,,,,,,,,,,,,,,,,,,,,,,,,,,,,,,,,,ddr4_2x,58910955.0,0.08497973674114624,0.0846676980014831,5351311.0,l1d,2689456.0,0.5025789007590851,454753.0,imp,bfs_imp_stage2_s16_ipd16_pt32_l1d_ddr4_2x,30729211.0,,0.019617,19617348015.0,1.0565835754702553,1.2833766630983332,1.0,,stage2,sdist16,0.019617,1.0565835754702553,,,,0.025176,0.07805865165661767,,,,,,,,,,,,,stage2: s16_ipd16_pt32
,bfs,s16_ipd16_pt32,,,,,,,,,,0.02562,,0.401197,,,,11471944.0,,,,6759177.0,,,,0.5891919451489651,,,,,,,,,,,,,,,,,,,,,,,,3528858.0,,,,1336083.0,,,,0.3786162548903923,,,,,,,1838477.0,,,,,809468.0,351029.0,,,,,,,,,,,,,,,,,,,,ddr4_1x,76593885.0,0.1909346703820608,0.0519336895601343,1838477.0,l2,809468.0,0.44029269879362104,351029.0,imp,bfs_imp_stage2_s16_ipd16_pt32_l2_ddr4_1x,30729211.0,,0.025506,25505763705.0,1.0044695365796283,1.0836665882537442,1.0,,stage2,sdist16,0.025506,1.0044695365796283,,,,0.02764,0.2080650247286487,,,,,,,,,,,,,stage2: s16_ipd16_pt32
,bfs,s16_ipd16_pt32,,,,,,,,,,0.022034,,0.478285,,,,11401031.0,,,,6693335.0,,,,0.587081554291011,,,,,,,,,,,,,,,,,,,,,,,,3529114.0,,,,1329670.0,,,,0.37677162029903255,,,,,,,1915481.0,,,,,851751.0,366130.0,,,,,,,,,,,,,,,,,,,,ddr4_2x,64248763.0,0.19114259029455266,0.0547006835904672,1915481.0,l2,851751.0,0.44466690089852107,366130.0,imp,bfs_imp_stage2_s16_ipd16_pt32_l2_ddr4_2x,30729211.0,,0.021395,21394838079.0,1.02986679130638,1.1767235335358728,1.0,,stage2,sdist16,0.021395,1.02986679130638,,,,0.025176,0.21590399811298502,,,,,,,,,,,,,stage2: s16_ipd16_pt32
,bfs,s16_ipd8_addr8,,,,,,,,,,0.023393,,0.451899,,,,11471915.0,,,,5499207.0,,,,0.4793625998797934,,,,,,,5223342.0,,,,,2597004.0,440614.0,,,,,,,,,,,6325340.0,,,,2389038.0,,,,0.37769321491018665,,,,,,,,,,,,,,,,,,,,,,,,,,,,,,,,,ddr4_1x,68000306.0,0.08435480579291955,0.0801231886706574,5223342.0,l1d,2597004.0,0.49719202763288334,440614.0,imp,bfs_imp_stage2_s16_ipd8_addr8_l1d_ddr4_1x,30729211.0,,0.022644,22644101898.0,1.0330771948419006,1.2206323971029853,1.0,,stage2,sdist16,0.022644,1.0330771948419006,,,,0.02764,0.07417967645826364,,,,,,,,,,,,,stage2: s16_ipd8_addr8
,bfs,s16_ipd8_addr8,,,,,,,,,,0.020727,,0.521622,,,,11380680.0,,,,5371033.0,,,,0.4719430649135201,,,,,,,5351311.0,,,,,2689456.0,454753.0,,,,,,,,,,,6419441.0,,,,2448923.0,,,,0.38148539724876357,,,,,,,,,,,,,,,,,,,,,,,,,,,,,,,,,ddr4_2x,58910955.0,0.08497973674114624,0.0846676980014831,5351311.0,l1d,2689456.0,0.5025789007590851,454753.0,imp,bfs_imp_stage2_s16_ipd8_addr8_l1d_ddr4_2x,30729211.0,,0.019617,19617348015.0,1.0565835754702553,1.2833766630983332,1.0,,stage2,sdist16,0.019617,1.0565835754702553,,,,0.025176,0.07805865165661767,,,,,,,,,,,,,stage2: s16_ipd8_addr8
,bfs,s16_ipd8_addr8,,,,,,,,,,0.02562,,0.401197,,,,11471944.0,,,,6759177.0,,,,0.5891919451489651,,,,,,,,,,,,,,,,,,,,,,,,3528858.0,,,,1336083.0,,,,0.3786162548903923,,,,,,,1838477.0,,,,,809468.0,351029.0,,,,,,,,,,,,,,,,,,,,ddr4_1x,76593885.0,0.1909346703820608,0.0519336895601343,1838477.0,l2,809468.0,0.44029269879362104,351029.0,imp,bfs_imp_stage2_s16_ipd8_addr8_l2_ddr4_1x,30729211.0,,0.025506,25505763705.0,1.0044695365796283,1.0836665882537442,1.0,,stage2,sdist16,0.025506,1.0044695365796283,,,,0.02764,0.2080650247286487,,,,,,,,,,,,,stage2: s16_ipd8_addr8
,bfs,s16_ipd8_addr8,,,,,,,,,,0.022034,,0.478285,,,,11401031.0,,,,6693335.0,,,,0.587081554291011,,,,,,,,,,,,,,,,,,,,,,,,3529114.0,,,,1329670.0,,,,0.37677162029903255,,,,,,,1915481.0,,,,,851751.0,366130.0,,,,,,,,,,,,,,,,,,,,ddr4_2x,64248763.0,0.19114259029455266,0.0547006835904672,1915481.0,l2,851751.0,0.44466690089852107,366130.0,imp,bfs_imp_stage2_s16_ipd8_addr8_l2_ddr4_2x,30729211.0,,0.021395,21394838079.0,1.02986679130638,1.1767235335358728,1.0,,stage2,sdist16,0.021395,1.02986679130638,,,,0.025176,0.21590399811298502,,,,,,,,,,,,,stage2: s16_ipd8_addr8
,bfs,s16,,,,,,,,,,0.023393,,0.451899,,,,11471915.0,,,,5499207.0,,,,0.4793625998797934,,,,,,,5223342.0,,,,,2597004.0,440614.0,,,,,,,,,,,6325340.0,,,,2389038.0,,,,0.37769321491018665,,,,,,,,,,,,,,,,,,,,,,,,,,,,,,,,,ddr4_1x,68000306.0,0.08435480579291955,0.0801231886706574,5223342.0,l1d,2597004.0,0.49719202763288334,440614.0,imp,bfs_imp_stage2_s16_l1d_ddr4_1x,30729211.0,,0.022644,22644101898.0,1.0330771948419006,1.2206323971029853,1.0,,stage2,sdist16,0.022644,1.0330771948419006,,,,0.02764,0.07417967645826364,,,,,,,,,,,,,stage2: s16
,bfs,s16,,,,,,,,,,0.020727,,0.521622,,,,11380680.0,,,,5371033.0,,,,0.4719430649135201,,,,,,,5351311.0,,,,,2689456.0,454753.0,,,,,,,,,,,6419441.0,,,,2448923.0,,,,0.38148539724876357,,,,,,,,,,,,,,,,,,,,,,,,,,,,,,,,,ddr4_2x,58910955.0,0.08497973674114624,0.0846676980014831,5351311.0,l1d,2689456.0,0.5025789007590851,454753.0,imp,bfs_imp_stage2_s16_l1d_ddr4_2x,30729211.0,,0.019617,19617348015.0,1.0565835754702553,1.2833766630983332,1.0,,stage2,sdist16,0.019617,1.0565835754702553,,,,0.025176,0.07805865165661767,,,,,,,,,,,,,stage2: s16
,bfs,s16,,,,,,,,,,0.02562,,0.401197,,,,11471944.0,,,,6759177.0,,,,0.5891919451489651,,,,,,,,,,,,,,,,,,,,,,,,3528858.0,,,,1336083.0,,,,0.3786162548903923,,,,,,,1838477.0,,,,,809468.0,351029.0,,,,,,,,,,,,,,,,,,,,ddr4_1x,76593885.0,0.1909346703820608,0.0519336895601343,1838477.0,l2,809468.0,0.44029269879362104,351029.0,imp,bfs_imp_stage2_s16_l2_ddr4_1x,30729211.0,,0.025506,25505763705.0,1.0044695365796283,1.0836665882537442,1.0,,stage2,sdist16,0.025506,1.0044695365796283,,,,0.02764,0.2080650247286487,,,,,,,,,,,,,stage2: s16
,bfs,s16,,,,,,,,,,0.022034,,0.478285,,,,11401031.0,,,,6693335.0,,,,0.587081554291011,,,,,,,,,,,,,,,,,,,,,,,,3529114.0,,,,1329670.0,,,,0.37677162029903255,,,,,,,1915481.0,,,,,851751.0,366130.0,,,,,,,,,,,,,,,,,,,,ddr4_2x,64248763.0,0.19114259029455266,0.0547006835904672,1915481.0,l2,851751.0,0.44466690089852107,366130.0,imp,bfs_imp_stage2_s16_l2_ddr4_2x,30729211.0,,0.021395,21394838079.0,1.02986679130638,1.1767235335358728,1.0,,stage2,sdist16,0.021395,1.02986679130638,,,,0.025176,0.21590399811298502,,,,,,,,,,,,,stage2: s16
,bfs,s16_pt8_sth2,,,,,,,,,,0.023393,,0.452041,,,,11472007.0,,,,5497933.0,,,,0.479247702690558,,,,,,,5212597.0,,,,,2593668.0,440317.0,,,,,,,,,,,6321946.0,,,,2387155.0,,,,0.3775981319675935,,,,,,,,,,,,,,,,,,,,,,,,,,,,,,,,,ddr4_1x,67978925.0,0.08447171342806667,0.0800877347905112,5212597.0,l1d,2593668.0,0.4975769275852325,440317.0,imp,bfs_imp_stage2_s16_pt8_sth2_l1d_ddr4_1x,30729211.0,,0.022637,22636982025.0,1.033396651499757,1.221009851128683,1.000309228254627,,stage2,sdist16,0.022644,1.0330771948419006,,,,0.02764,0.07414928640592768,,,,,,,,,,,,,stage2: s16_pt8_sth2
,bfs,s16_pt8_sth2,,,,,,,,,,0.020727,,0.521759,,,,11384763.0,,,,5371872.0,,,,0.4718475035448696,,,,,,,5347276.0,,,,,2682826.0,454488.0,,,,,,,,,,,6412706.0,,,,2443183.0,,,,0.3809909576394115,,,,,,,,,,,,,,,,,,,,,,,,,,,,,,,,,ddr4_2x,58895438.0,0.08499430364170467,0.084605143234984,5347276.0,l1d,2682826.0,0.5017182580439087,454488.0,imp,bfs_imp_stage2_s16_pt8_sth2_l1d_ddr4_2x,30729211.0,,0.019612,19612180854.0,1.0568529471751988,1.283703854782786,1.0002549459514585,,stage2,sdist16,0.019617,1.0565835754702553,,,,0.025176,0.07800547854921426,,,,,,,,,,,,,stage2: s16_pt8_sth2
,bfs,s16_pt8_sth2,,,,,,,,,,0.02562,,0.401107,,,,11472868.0,,,,6758764.0,,,,0.5891084949290797,,,,,,,,,,,,,,,,,,,,,,,,3528819.0,,,,1336374.0,,,,0.3787029031525845,,,,,,,1841231.0,,,,,810258.0,350893.0,,,,,,,,,,,,,,,,,,,,ddr4_1x,76611014.0,0.190575218427237,0.0519167409899206,1841231.0,l2,810258.0,0.44006319685036804,350893.0,imp,bfs_imp_stage2_s16_pt8_sth2_l2_ddr4_1x,30729211.0,,0.025511,25511467662.0,1.0042726666927992,1.0834541962290778,0.9998040061150092,,stage2,sdist16,0.025506,1.0044695365796283,,,,0.02764,0.20796530720982512,,,,,,,,,,,,,stage2: s16_pt8_sth2
,bfs,s16_pt8_sth2,,,,,,,,,,0.022034,,0.478695,,,,11396553.0,,,,6692249.0,,,,0.5872169418244271,,,,,,,,,,,,,,,,,,,,,,,,3529098.0,,,,1329471.0,,,,0.37671694013597806,,,,,,,1915207.0,,,,,852083.0,366251.0,,,,,,,,,,,,,,,,,,,,ddr4_2x,64193772.0,0.19123311474947616,0.0547276408872413,1915207.0,l2,852083.0,0.44490386678828975,366251.0,imp,bfs_imp_stage2_s16_pt8_sth2_l2_ddr4_2x,30729211.0,,0.021377,21376526076.0,1.0307339664124997,1.1777143659072835,1.0008420264770548,,stage2,sdist16,0.021395,1.02986679130638,,,,0.025176,0.21598528532389152,,,,,,,,,,,,,stage2: s16_pt8_sth2
,bfs,s16_pt8_sth8,,,,,,,,,,0.023393,,0.451958,,,,11474719.0,,,,5496937.0,,,,0.47904763506627046,,,,,,,5216982.0,,,,,2599739.0,441350.0,,,,,,,,,,,6328055.0,,,,2386347.0,,,,0.3771059195914068,,,,,,,,,,,,,,,,,,,,,,,,,,,,,,,,,ddr4_1x,67991335.0,0.0845987201029254,0.0802901688704091,5216982.0,l1d,2599739.0,0.4983224017257487,441350.0,imp,bfs_imp_stage2_s16_pt8_sth8_l1d_ddr4_1x,30729211.0,,0.022641,22641114555.0,1.033214080650148,1.2207941345346938,1.000132502981317,,stage2,sdist16,0.022644,1.0330771948419006,,,,0.02764,0.07432278029000619,,,,,,,,,,,,,stage2: s16_pt8_sth8
,bfs,s16_pt8_sth8,,,,,,,,,,0.020727,,0.521862,,,,11382170.0,,,,5369239.0,,,,0.47172366956388806,,,,,,,5346093.0,,,,,2683458.0,455370.0,,,,,,,,,,,6413705.0,,,,2443558.0,,,,0.3809900829551718,,,,,,,,,,,,,,,,,,,,,,,,,,,,,,,,,ddr4_2x,58883908.0,0.08517809173914483,0.0848109015076438,5346093.0,l1d,2683458.0,0.5019474969851815,455370.0,imp,bfs_imp_stage2_s16_pt8_sth8_l1d_ddr4_2x,30729211.0,,0.019608,19608341364.0,1.0570685434516522,1.2839657282741739,1.0004589963280293,,stage2,sdist16,0.019617,1.0565835754702553,,,,0.025176,0.07818035511053188,,,,,,,,,,,,,stage2: s16_pt8_sth8
,bfs,s16_pt8_sth8,,,,,,,,,,0.02562,,0.401207,,,,11475077.0,,,,6760531.0,,,,0.5891490749909565,,,,,,,,,,,,,,,,,,,,,,,,3528847.0,,,,1335441.0,,,,0.37843550598821657,,,,,,,1839532.0,,,,,809055.0,351612.0,,,,,,,,,,,,,,,,,,,,ddr4_1x,76591976.0,0.1911420948371651,0.0520095241039498,1839532.0,l2,809055.0,0.43981567050749865,351612.0,imp,bfs_imp_stage2_s16_pt8_sth8_l2_ddr4_1x,30729211.0,,0.025505,25505128008.0,1.0045089198196433,1.083709076651637,1.0000392079984315,,stage2,sdist16,0.025506,1.0044695365796283,,,,0.02764,0.20841787424580022,,,,,,,,,,,,,stage2: s16_pt8_sth8
,bfs,s16_pt8_sth8,,,,,,,,,,0.022034,,0.478599,,,,11398836.0,,,,6693704.0,,,,0.5872269765088295,,,,,,,,,,,,,,,,,,,,,,,,3529119.0,,,,1329362.0,,,,0.3766838125889209,,,,,,,1911316.0,,,,,850260.0,366021.0,,,,,,,,,,,,,,,,,,,,ddr4_2x,64206710.0,0.1915020854740922,0.0546813841783263,1911316.0,l2,850260.0,0.4448557956926013,366021.0,imp,bfs_imp_stage2_s16_pt8_sth8_l2_ddr4_2x,30729211.0,,0.021381,21380834430.0,1.0305411346522615,1.1774940367616107,1.0006547869603857,,stage2,sdist16,0.021395,1.02986679130638,,,,0.025176,0.21589281006120742,,,,,,,,,,,,,stage2: s16_pt8_sth8
,bfs,s16_sth2,,,,,,,,,,0.023393,,0.452081,,,,11472491.0,,,,5501676.0,,,,0.4795537429491119,,,,,,,5216034.0,,,,,2594898.0,439733.0,,,,,,,,,,,6323158.0,,,,2388423.0,,,,0.3777262880351875,,,,,,,,,,,,,,,,,,,,,,,,,,,,,,,,,ddr4_1x,67972893.0,0.08430409004235785,0.0799270985786876,5216034.0,l1d,2594898.0,0.4974848706891098,439733.0,imp,bfs_imp_stage2_s16_sth2_l1d_ddr4_1x,30729211.0,,0.022635,22634973369.0,1.033487961122156,1.2211177380163465,1.0003976143141151,,stage2,sdist16,0.022644,1.0330771948419006,,,,0.02764,0.07401156863632852,,,,,,,,,,,,,stage2: s16_sth2
,bfs,s16_sth2,,,,,,,,,,0.020727,,0.521793,,,,11381679.0,,,,5374334.0,,,,0.4721916687335849,,,,,,,5354997.0,,,,,2687429.0,454997.0,,,,,,,,,,,6417484.0,,,,2444855.0,,,,0.38096783723964095,,,,,,,,,,,,,,,,,,,,,,,,,,,,,,,,,ddr4_2x,58891679.0,0.08496680763780073,0.0846610947514613,5354997.0,l1d,2687429.0,0.5018544361462761,454997.0,imp,bfs_imp_stage2_s16_sth2_l1d_ddr4_2x,30729211.0,,0.019611,19610929107.0,1.056906837999082,1.2837693131405843,1.0003059507419303,,stage2,sdist16,0.019617,1.0565835754702553,,,,0.025176,0.07805303901940033,,,,,,,,,,,,,stage2: s16_sth2
,bfs,s16_sth2,,,,,,,,,,0.02562,,0.401164,,,,11473082.0,,,,6758291.0,,,,0.5890562797337281,,,,,,,,,,,,,,,,,,,,,,,,3528833.0,,,,1336217.0,,,,0.37865691008897273,,,,,,,1842437.0,,,,,810728.0,351214.0,,,,,,,,,,,,,,,,,,,,ddr4_1x,76600258.0,0.19062469978620708,0.0519678717592953,1842437.0,l2,810728.0,0.4400302425537481,351214.0,imp,bfs_imp_stage2_s16_sth2_l2_ddr4_1x,30729211.0,,0.025508,25507885914.0,1.004390779363337,1.0835816214520935,0.9999215932256548,,stage2,sdist16,0.025506,1.0044695365796283,,,,0.02764,0.2081353252370023,,,,,,,,,,,,,stage2: s16_sth2
,bfs,s16_sth2,,,,,,,,,,0.022034,,0.478279,,,,11400170.0,,,,6692730.0,,,,0.5870728243526193,,,,,,,,,,,,,,,,,,,,,,,,3529210.0,,,,1329785.0,,,,0.37679395672119254,,,,,,,1916117.0,,,,,852497.0,366278.0,,,,,,,,,,,,,,,,,,,,ddr4_2x,64249636.0,0.19115638554430653,0.054727741893069,1916117.0,l2,852497.0,0.4449086355373915,366278.0,imp,bfs_imp_stage2_s16_sth2_l2_ddr4_2x,30729211.0,,0.021395,21395128788.0,1.02986679130638,1.1767235335358728,1.0,,stage2,sdist16,0.021395,1.02986679130638,,,,0.025176,0.21595777987020529,,,,,,,,,,,,,stage2: s16_sth2
,bfs,s16_sth8,,,,,,,,,,0.023393,,0.452074,,,,11469485.0,,,,5497076.0,,,,0.47927836341387603,,,,,,,5222776.0,,,,,2596783.0,440969.0,,,,,,,,,,,6325372.0,,,,2386651.0,,,,0.37731393505393834,,,,,,,,,,,,,,,,,,,,,,,,,,,,,,,,,ddr4_1x,67973871.0,0.08443191896416771,0.0802188290647609,5222776.0,l1d,2596783.0,0.4972035944103289,440969.0,imp,bfs_imp_stage2_s16_sth8_l1d_ddr4_1x,30729211.0,,0.022635,22635299043.0,1.033487961122156,1.2211177380163465,1.0003976143141151,,stage2,sdist16,0.022644,1.0330771948419006,,,,0.02764,0.07426164672042734,,,,,,,,,,,,,stage2: s16_sth8
,bfs,s16_sth8,,,,,,,,,,0.020727,,0.521747,,,,11385059.0,,,,5369762.0,,,,0.47164990537159274,,,,,,,5352001.0,,,,,2684610.0,455097.0,,,,,,,,,,,6414533.0,,,,2444096.0,,,,0.381024776082686,,,,,,,,,,,,,,,,,,,,,,,,,,,,,,,,,ddr4_2x,58896795.0,0.08503305586078927,0.084751800917806,5352001.0,l1d,2684610.0,0.5016086506710294,455097.0,imp,bfs_imp_stage2_s16_sth8_l1d_ddr4_2x,30729211.0,,0.019613,19612632735.0,1.0567990618467344,1.2836384030999848,1.0002039463621069,,stage2,sdist16,0.019617,1.0565835754702553,,,,0.025176,0.07813013156198287,,,,,,,,,,,,,stage2: s16_sth8
,bfs,s16_sth8,,,,,,,,,,0.02562,,0.401112,,,,11470455.0,,,,6758269.0,,,,0.5891892693009998,,,,,,,,,,,,,,,,,,,,,,,,3528830.0,,,,1335725.0,,,,0.3785178090188533,,,,,,,1839800.0,,,,,809434.0,351262.0,,,,,,,,,,,,,,,,,,,,ddr4_1x,76610219.0,0.19092401347972607,0.0519751433392189,1839800.0,l2,809434.0,0.4399576040874008,351262.0,imp,bfs_imp_stage2_s16_sth8_l2_ddr4_1x,30729211.0,,0.025511,25511202927.0,1.0042726666927992,1.0834541962290778,0.9998040061150092,,stage2,sdist16,0.025506,1.0044695365796283,,,,0.02764,0.2082185577008003,,,,,,,,,,,,,stage2: s16_sth8
,bfs,s16_sth8,,,,,,,,,,0.022034,,0.478589,,,,11398816.0,,,,6693814.0,,,,0.5872376569636706,,,,,,,,,,,,,,,,,,,,,,,,3529139.0,,,,1329401.0,,,,0.3766927287363858,,,,,,,1911735.0,,,,,850382.0,366024.0,,,,,,,,,,,,,,,,,,,,ddr4_2x,64208066.0,0.1914616827123006,0.0546809337695968,1911735.0,l2,850382.0,0.44482211185127646,366024.0,imp,bfs_imp_stage2_s16_sth8_l2_ddr4_2x,30729211.0,,0.021381,21381285978.0,1.0305411346522615,1.1774940367616107,1.0006547869603857,,stage2,sdist16,0.021395,1.02986679130638,,,,0.025176,0.2158892313136824,,,,,,,,,,,,,stage2: s16_sth8
,bfs,s2,,,,,,,,,,0.023393,,0.423617,,,,11529760.0,,,,6755365.0,,,,0.5859068185287465,,,,,,,4548979.0,,,,,1766208.0,194551.0,,,,,,,,,,,5433207.0,,,,1928634.0,,,,0.354971566516792,,,,,,,,,,,,,,,,,,,,,,,,,,,,,,,,,ddr4_1x,72540201.0,0.0427680585027981,0.0287994801169144,4548979.0,l1d,1766208.0,0.388264707311245,194551.0,imp,bfs_imp_stage2_s2_l1d_ddr4_1x,30729211.0,,0.024156,24155886933.0,0.9684136446431528,1.1442291770160622,0.9374068554396424,,stage2,sdist16,0.022644,1.0330771948419006,,,,0.02764,0.02799328797643022,,,,,,,,,,,,,stage2: s2
,bfs,s2,,,,,,,,,,0.020727,,0.474787,,,,11426245.0,,,,6587143.0,,,,0.5764923647269947,,,,,,,4473156.0,,,,,1766786.0,201698.0,,,,,,,,,,,5434178.0,,,,1929813.0,,,,0.3551250989570088,,,,,,,,,,,,,,,,,,,,,,,,,,,,,,,,,ddr4_2x,64722199.0,0.04509075918657878,0.0306199516239437,4473156.0,l1d,1766786.0,0.3949752702566152,201698.0,imp,bfs_imp_stage2_s2_l1d_ddr4_2x,30729211.0,,0.021552,21552492267.0,0.9617204899777282,1.1681514476614698,0.91021714922049,,stage2,sdist16,0.019617,1.0565835754702553,,,,0.025176,0.029710225942837665,,,,,,,,,,,,,stage2: s2
,bfs,s2,,,,,,,,,,0.02562,,0.39447,,,,11495059.0,,,,7270230.0,,,,0.6324656532863381,,,,,,,,,,,,,,,,,,,,,,,,3528921.0,,,,1385780.0,,,,0.39269227052688344,,,,,,,885485.0,,,,,294030.0,183571.0,,,,,,,,,,,,,,,,,,,,ddr4_1x,77900175.0,0.20731124750842758,0.0252496826097661,885485.0,l2,294030.0,0.3320553143192714,183571.0,imp,bfs_imp_stage2_s2_l2_ddr4_1x,30729211.0,,0.025941,25940758275.0,0.9876257661616746,1.0654947766084577,0.9832311784433908,,stage2,sdist16,0.025506,1.0044695365796283,,,,0.02764,0.11697255744572119,,,,,,,,,,,,,stage2: s2
,bfs,s2,,,,,,,,,,0.022034,,0.450681,,,,11405560.0,,,,7130514.0,,,,0.6251787724583449,,,,,,,,,,,,,,,,,,,,,,,,3528960.0,,,,1384932.0,,,,0.392447633297062,,,,,,,886919.0,,,,,294294.0,184508.0,,,,,,,,,,,,,,,,,,,,ddr4_2x,68184096.0,0.20803252608186318,0.0258758344770096,886919.0,l2,294294.0,0.3318160959456275,184508.0,imp,bfs_imp_stage2_s2_l2_ddr4_2x,30729211.0,,0.022705,22705303968.0,0.9704470380973356,1.1088306540409603,0.9423034573882404,,stage2,sdist16,0.021395,1.02986679130638,,,,0.025176,0.11756295239066164,,,,,,,,,,,,,stage2: s2
,bfs,s2_sth2,,,,,,,,,,0.023393,,0.423461,,,,11530814.0,,,,6749820.0,,,,0.5853723770065149,,,,,,,4549338.0,,,,,1766697.0,194954.0,,,,,,,,,,,5433794.0,,,,1929832.0,,,,0.3551536918771672,,,,,,,,,,,,,,,,,,,,,,,,,,,,,,,,,ddr4_1x,72566853.0,0.04285326788205229,0.0288828442832549,4549338.0,l1d,1766697.0,0.388341556507782,194954.0,imp,bfs_imp_stage2_s2_sth2_l1d_ddr4_1x,30729211.0,,0.024165,24164762049.0,0.9680529691702876,1.143803020897993,0.9370577281191808,,stage2,sdist16,0.022644,1.0330771948419006,,,,0.02764,0.028072043813088806,,,,,,,,,,,,,stage2: s2_sth2
,bfs,s2_sth2,,,,,,,,,,0.020727,,0.474603,,,,11426853.0,,,,6584914.0,,,,0.5762666238902346,,,,,,,4470594.0,,,,,1764896.0,201947.0,,,,,,,,,,,5432259.0,,,,1929584.0,,,,0.35520839488691536,,,,,,,,,,,,,,,,,,,,,,,,,,,,,,,,,ddr4_2x,64747235.0,0.04517229701466964,0.0306681302140012,4470594.0,l1d,1764896.0,0.3947788593641024,201947.0,imp,bfs_imp_stage2_s2_sth2_l1d_ddr4_2x,30729211.0,,0.021561,21560829255.0,0.9613190482816196,1.1676638374843467,0.9098372060665088,,stage2,sdist16,0.019617,1.0565835754702553,,,,0.025176,0.029755582146149744,,,,,,,,,,,,,stage2: s2_sth2
,bfs,s2_sth2,,,,,,,,,,0.02562,,0.394603,,,,11495463.0,,,,7268807.0,,,,0.6323196377562174,,,,,,,,,,,,,,,,,,,,,,,,3528941.0,,,,1385410.0,,,,0.39258519765561395,,,,,,,884795.0,,,,,294036.0,183918.0,,,,,,,,,,,,,,,,,,,,ddr4_1x,77873796.0,0.20786509869517797,0.0253023639229931,884795.0,l2,294036.0,0.3323210461180273,183918.0,imp,bfs_imp_stage2_s2_sth2_l2_ddr4_1x,30729211.0,,0.025932,25931974068.0,0.987968533086534,1.0658645688724357,0.9835724201758446,,stage2,sdist16,0.025506,1.0044695365796283,,,,0.02764,0.11719538554081747,,,,,,,,,,,,,stage2: s2_sth2
,bfs,s2_sth2,,,,,,,,,,0.022034,,0.450634,,,,11407237.0,,,,7132984.0,,,,0.6253033929250352,,,,,,,,,,,,,,,,,,,,,,,,3528982.0,,,,1385062.0,,,,0.39248202456119075,,,,,,,887359.0,,,,,294219.0,184394.0,,,,,,,,,,,,,,,,,,,,ddr4_2x,68191180.0,0.20780090132629522,0.0258508921371476,887359.0,l2,294219.0,0.33156704332744696,184394.0,imp,bfs_imp_stage2_s2_sth2_l2_ddr4_2x,30729211.0,,0.022708,22707662940.0,0.9703188303681524,1.1086841641712173,0.9421789677646644,,stage2,sdist16,0.021395,1.02986679130638,,,,0.025176,0.11748911724826946,,,,,,,,,,,,,stage2: s2_sth2
,bfs,s2_sth8,,,,,,,,,,0.023393,,0.423591,,,,11528922.0,,,,6752750.0,,,,0.5857225853379874,,,,,,,4549495.0,,,,,1765966.0,194453.0,,,,,,,,,,,5432914.0,,,,1929548.0,,,,0.3551589441688199,,,,,,,,,,,,,,,,,,,,,,,,,,,,,,,,,ddr4_1x,72544585.0,0.04274166693226391,0.0287961200992188,4549495.0,l1d,1765966.0,0.388167477928869,194453.0,imp,bfs_imp_stage2_s2_sth8_l1d_ddr4_1x,30729211.0,,0.024157,24157346805.0,0.9683735563190792,1.1441818106552966,0.9373680506685432,,stage2,sdist16,0.022644,1.0330771948419006,,,,0.02764,0.02799011343126147,,,,,,,,,,,,,stage2: s2_sth8
,bfs,s2_sth8,,,,,,,,,,0.020727,,0.474676,,,,11427668.0,,,,6588572.0,,,,0.5765456259317299,,,,,,,4471888.0,,,,,1765712.0,201784.0,,,,,,,,,,,5432996.0,,,,1928773.0,,,,0.35501093687534463,,,,,,,,,,,,,,,,,,,,,,,,,,,,,,,,,ddr4_2x,64737303.0,0.04512277588347472,0.0306263633455018,4471888.0,l1d,1765712.0,0.3948470981384149,201784.0,imp,bfs_imp_stage2_s2_sth8_l1d_ddr4_2x,30729211.0,,0.021558,21557521899.0,0.9614528249373782,1.167826328973003,0.9099638185360422,,stage2,sdist16,0.019617,1.0565835754702553,,,,0.025176,0.02971626229906061,,,,,,,,,,,,,stage2: s2_sth8
,bfs,s2_sth8,,,,,,,,,,0.02562,,0.394519,,,,11497578.0,,,,7272850.0,,,,0.6325549607056373,,,,,,,,,,,,,,,,,,,,,,,,3528914.0,,,,1385973.0,,,,0.3927477405230051,,,,,,,885475.0,,,,,293961.0,183347.0,,,,,,,,,,,,,,,,,,,,ddr4_1x,77890504.0,0.20706061718286795,0.0252097870848429,885475.0,l2,293961.0,0.3319811400660662,183347.0,imp,bfs_imp_stage2_s2_sth8_l2_ddr4_1x,30729211.0,,0.025938,25937537832.0,0.9877399953735831,1.0656180121828978,0.9833448993754338,,stage2,sdist16,0.025506,1.0044695365796283,,,,0.02764,0.11683213111411311,,,,,,,,,,,,,stage2: s2_sth8
,bfs,s2_sth8,,,,,,,,,,0.022034,,0.450571,,,,11406106.0,,,,7132969.0,,,,0.6253640813087306,,,,,,,,,,,,,,,,,,,,,,,,3528980.0,,,,1385148.0,,,,0.3925066166427693,,,,,,,887045.0,,,,,293901.0,184271.0,,,,,,,,,,,,,,,,,,,,ddr4_2x,68200600.0,0.20773579694378527,0.0258337026278959,887045.0,l2,293901.0,0.33132591920364807,184271.0,imp,bfs_imp_stage2_s2_sth8_l2_ddr4_2x,30729211.0,,0.022711,22710799800.0,0.9701906565100612,1.1085377130025098,0.9420545110298976,,stage2,sdist16,0.021395,1.02986679130638,,,,0.025176,0.11741351417307934,,,,,,,,,,,,,stage2: s2_sth8
,bfs,s8_dist32_addr8,,,,,,,,,,0.023393,,0.447644,,,,11494089.0,,,,5763687.0,,,,0.501447918142969,,,,,,,5157984.0,,,,,2480070.0,403198.0,,,,,,,,,,,6196945.0,,,,2241663.0,,,,0.36173679127376474,,,,,,,,,,,,,,,,,,,,,,,,,,,,,,,,,ddr4_1x,68646602.0,0.07816968800213417,0.0699548743712141,5157984.0,l1d,2480070.0,0.4808215768020994,403198.0,imp,bfs_imp_stage2_s8_dist32_addr8_l1d_ddr4_1x,30729211.0,,0.022859,22859318466.0,1.0233606019510917,1.209151756419791,0.9905945141957216,,stage2,sdist16,0.022644,1.0330771948419006,,,,0.02764,0.06538114461352855,,,,,,,,,,,,,stage2: s8_dist32_addr8
,bfs,s8_dist32_addr8,,,,,,,,,,0.020727,,0.510379,,,,11403292.0,,,,5621790.0,,,,0.4929971099573702,,,,,,,5230504.0,,,,,2540129.0,416196.0,,,,,,,,,,,6257577.0,,,,2289053.0,,,,0.3658050072735821,,,,,,,,,,,,,,,,,,,,,,,,,,,,,,,,,ddr4_2x,60208671.0,0.07957091706650067,0.0740326479644383,5230504.0,l1d,2540129.0,0.48563752173786695,416196.0,imp,bfs_imp_stage2_s8_dist32_addr8_l1d_ddr4_2x,30729211.0,,0.020049,20049487443.0,1.0338171479874307,1.2557234774801735,0.9784527906628758,,stage2,sdist16,0.019617,1.0565835754702553,,,,0.025176,0.06892960666023405,,,,,,,,,,,,,stage2: s8_dist32_addr8
,bfs,s8_dist32_addr8,,,,,,,,,,0.02562,,0.399223,,,,11476841.0,,,,6894129.0,,,,0.6006991819438816,,,,,,,,,,,,,,,,,,,,,,,,3529084.0,,,,1335439.0,,,,0.3784095249645517,,,,,,,1576449.0,,,,,627778.0,315982.0,,,,,,,,,,,,,,,,,,,,ddr4_1x,76972610.0,0.20043908810243782,0.0458334910762476,1576449.0,l2,627778.0,0.398222841335178,315982.0,imp,bfs_imp_stage2_s8_dist32_addr8_l2_ddr4_1x,30729211.0,,0.025632,25631879130.0,0.9995318352059924,1.078339575530587,0.9950842696629214,,stage2,sdist16,0.025506,1.0044695365796283,,,,0.02764,0.19133945856326157,,,,,,,,,,,,,stage2: s8_dist32_addr8
,bfs,s8_dist32_addr8,,,,,,,,,,0.022034,,0.471162,,,,11402903.0,,,,6810078.0,,,,0.5972231807987843,,,,,,,,,,,,,,,,,,,,,,,,3529295.0,,,,1330301.0,,,,0.3769310868034551,,,,,,,1620036.0,,,,,650691.0,325093.0,,,,,,,,,,,,,,,,,,,,ddr4_2x,65220185.0,0.20067023201953538,0.0477370450088824,1620036.0,l2,650691.0,0.4016521855069887,325093.0,imp,bfs_imp_stage2_s8_dist32_addr8_l2_ddr4_2x,30729211.0,,0.021718,21718321605.0,1.014550142738742,1.1592227645271203,0.9851275439727416,,stage2,sdist16,0.021395,1.02986679130638,,,,0.025176,0.19638406325019905,,,,,,,,,,,,,stage2: s8_dist32_addr8
,bfs,s8_dist8_addr8,,,,,,,,,,0.023393,,0.447644,,,,11494089.0,,,,5763687.0,,,,0.501447918142969,,,,,,,5157984.0,,,,,2480070.0,403198.0,,,,,,,,,,,6196945.0,,,,2241663.0,,,,0.36173679127376474,,,,,,,,,,,,,,,,,,,,,,,,,,,,,,,,,ddr4_1x,68646602.0,0.07816968800213417,0.0699548743712141,5157984.0,l1d,2480070.0,0.4808215768020994,403198.0,imp,bfs_imp_stage2_s8_dist8_addr8_l1d_ddr4_1x,30729211.0,,0.022859,22859318466.0,1.0233606019510917,1.209151756419791,0.9905945141957216,,stage2,sdist16,0.022644,1.0330771948419006,,,,0.02764,0.06538114461352855,,,,,,,,,,,,,stage2: s8_dist8_addr8
,bfs,s8_dist8_addr8,,,,,,,,,,0.020727,,0.510379,,,,11403292.0,,,,5621790.0,,,,0.4929971099573702,,,,,,,5230504.0,,,,,2540129.0,416196.0,,,,,,,,,,,6257577.0,,,,2289053.0,,,,0.3658050072735821,,,,,,,,,,,,,,,,,,,,,,,,,,,,,,,,,ddr4_2x,60208671.0,0.07957091706650067,0.0740326479644383,5230504.0,l1d,2540129.0,0.48563752173786695,416196.0,imp,bfs_imp_stage2_s8_dist8_addr8_l1d_ddr4_2x,30729211.0,,0.020049,20049487443.0,1.0338171479874307,1.2557234774801735,0.9784527906628758,,stage2,sdist16,0.019617,1.0565835754702553,,,,0.025176,0.06892960666023405,,,,,,,,,,,,,stage2: s8_dist8_addr8
,bfs,s8_dist8_addr8,,,,,,,,,,0.02562,,0.399223,,,,11476841.0,,,,6894129.0,,,,0.6006991819438816,,,,,,,,,,,,,,,,,,,,,,,,3529084.0,,,,1335439.0,,,,0.3784095249645517,,,,,,,1576449.0,,,,,627778.0,315982.0,,,,,,,,,,,,,,,,,,,,ddr4_1x,76972610.0,0.20043908810243782,0.0458334910762476,1576449.0,l2,627778.0,0.398222841335178,315982.0,imp,bfs_imp_stage2_s8_dist8_addr8_l2_ddr4_1x,30729211.0,,0.025632,25631879130.0,0.9995318352059924,1.078339575530587,0.9950842696629214,,stage2,sdist16,0.025506,1.0044695365796283,,,,0.02764,0.19133945856326157,,,,,,,,,,,,,stage2: s8_dist8_addr8
,bfs,s8_dist8_addr8,,,,,,,,,,0.022034,,0.471162,,,,11402903.0,,,,6810078.0,,,,0.5972231807987843,,,,,,,,,,,,,,,,,,,,,,,,3529295.0,,,,1330301.0,,,,0.3769310868034551,,,,,,,1620036.0,,,,,650691.0,325093.0,,,,,,,,,,,,,,,,,,,,ddr4_2x,65220185.0,0.20067023201953538,0.0477370450088824,1620036.0,l2,650691.0,0.4016521855069887,325093.0,imp,bfs_imp_stage2_s8_dist8_addr8_l2_ddr4_2x,30729211.0,,0.021718,21718321605.0,1.014550142738742,1.1592227645271203,0.9851275439727416,,stage2,sdist16,0.021395,1.02986679130638,,,,0.025176,0.19638406325019905,,,,,,,,,,,,,stage2: s8_dist8_addr8
,bfs,s8_ipd16_addr16,,,,,,,,,,0.023393,,0.447644,,,,11494089.0,,,,5763687.0,,,,0.501447918142969,,,,,,,5157984.0,,,,,2480070.0,403198.0,,,,,,,,,,,6196945.0,,,,2241663.0,,,,0.36173679127376474,,,,,,,,,,,,,,,,,,,,,,,,,,,,,,,,,ddr4_1x,68646602.0,0.07816968800213417,0.0699548743712141,5157984.0,l1d,2480070.0,0.4808215768020994,403198.0,imp,bfs_imp_stage2_s8_ipd16_addr16_l1d_ddr4_1x,30729211.0,,0.022859,22859318466.0,1.0233606019510917,1.209151756419791,0.9905945141957216,,stage2,sdist16,0.022644,1.0330771948419006,,,,0.02764,0.06538114461352855,,,,,,,,,,,,,stage2: s8_ipd16_addr16
,bfs,s8_ipd16_addr16,,,,,,,,,,0.020727,,0.510379,,,,11403292.0,,,,5621790.0,,,,0.4929971099573702,,,,,,,5230504.0,,,,,2540129.0,416196.0,,,,,,,,,,,6257577.0,,,,2289053.0,,,,0.3658050072735821,,,,,,,,,,,,,,,,,,,,,,,,,,,,,,,,,ddr4_2x,60208671.0,0.07957091706650067,0.0740326479644383,5230504.0,l1d,2540129.0,0.48563752173786695,416196.0,imp,bfs_imp_stage2_s8_ipd16_addr16_l1d_ddr4_2x,30729211.0,,0.020049,20049487443.0,1.0338171479874307,1.2557234774801735,0.9784527906628758,,stage2,sdist16,0.019617,1.0565835754702553,,,,0.025176,0.06892960666023405,,,,,,,,,,,,,stage2: s8_ipd16_addr16
,bfs,s8_ipd16_addr16,,,,,,,,,,0.02562,,0.399223,,,,11476841.0,,,,6894129.0,,,,0.6006991819438816,,,,,,,,,,,,,,,,,,,,,,,,3529084.0,,,,1335439.0,,,,0.3784095249645517,,,,,,,1576449.0,,,,,627778.0,315982.0,,,,,,,,,,,,,,,,,,,,ddr4_1x,76972610.0,0.20043908810243782,0.0458334910762476,1576449.0,l2,627778.0,0.398222841335178,315982.0,imp,bfs_imp_stage2_s8_ipd16_addr16_l2_ddr4_1x,30729211.0,,0.025632,25631879130.0,0.9995318352059924,1.078339575530587,0.9950842696629214,,stage2,sdist16,0.025506,1.0044695365796283,,,,0.02764,0.19133945856326157,,,,,,,,,,,,,stage2: s8_ipd16_addr16
,bfs,s8_ipd16_addr16,,,,,,,,,,0.022034,,0.471162,,,,11402903.0,,,,6810078.0,,,,0.5972231807987843,,,,,,,,,,,,,,,,,,,,,,,,3529295.0,,,,1330301.0,,,,0.3769310868034551,,,,,,,1620036.0,,,,,650691.0,325093.0,,,,,,,,,,,,,,,,,,,,ddr4_2x,65220185.0,0.20067023201953538,0.0477370450088824,1620036.0,l2,650691.0,0.4016521855069887,325093.0,imp,bfs_imp_stage2_s8_ipd16_addr16_l2_ddr4_2x,30729211.0,,0.021718,21718321605.0,1.014550142738742,1.1592227645271203,0.9851275439727416,,stage2,sdist16,0.021395,1.02986679130638,,,,0.025176,0.19638406325019905,,,,,,,,,,,,,stage2: s8_ipd16_addr16
,bfs,s8_ipd16_pt32,,,,,,,,,,0.023393,,0.447644,,,,11494089.0,,,,5763687.0,,,,0.501447918142969,,,,,,,5157984.0,,,,,2480070.0,403198.0,,,,,,,,,,,6196945.0,,,,2241663.0,,,,0.36173679127376474,,,,,,,,,,,,,,,,,,,,,,,,,,,,,,,,,ddr4_1x,68646602.0,0.07816968800213417,0.0699548743712141,5157984.0,l1d,2480070.0,0.4808215768020994,403198.0,imp,bfs_imp_stage2_s8_ipd16_pt32_l1d_ddr4_1x,30729211.0,,0.022859,22859318466.0,1.0233606019510917,1.209151756419791,0.9905945141957216,,stage2,sdist16,0.022644,1.0330771948419006,,,,0.02764,0.06538114461352855,,,,,,,,,,,,,stage2: s8_ipd16_pt32
,bfs,s8_ipd16_pt32,,,,,,,,,,0.020727,,0.510379,,,,11403292.0,,,,5621790.0,,,,0.4929971099573702,,,,,,,5230504.0,,,,,2540129.0,416196.0,,,,,,,,,,,6257577.0,,,,2289053.0,,,,0.3658050072735821,,,,,,,,,,,,,,,,,,,,,,,,,,,,,,,,,ddr4_2x,60208671.0,0.07957091706650067,0.0740326479644383,5230504.0,l1d,2540129.0,0.48563752173786695,416196.0,imp,bfs_imp_stage2_s8_ipd16_pt32_l1d_ddr4_2x,30729211.0,,0.020049,20049487443.0,1.0338171479874307,1.2557234774801735,0.9784527906628758,,stage2,sdist16,0.019617,1.0565835754702553,,,,0.025176,0.06892960666023405,,,,,,,,,,,,,stage2: s8_ipd16_pt32
,bfs,s8_ipd16_pt32,,,,,,,,,,0.02562,,0.399223,,,,11476841.0,,,,6894129.0,,,,0.6006991819438816,,,,,,,,,,,,,,,,,,,,,,,,3529084.0,,,,1335439.0,,,,0.3784095249645517,,,,,,,1576449.0,,,,,627778.0,315982.0,,,,,,,,,,,,,,,,,,,,ddr4_1x,76972610.0,0.20043908810243782,0.0458334910762476,1576449.0,l2,627778.0,0.398222841335178,315982.0,imp,bfs_imp_stage2_s8_ipd16_pt32_l2_ddr4_1x,30729211.0,,0.025632,25631879130.0,0.9995318352059924,1.078339575530587,0.9950842696629214,,stage2,sdist16,0.025506,1.0044695365796283,,,,0.02764,0.19133945856326157,,,,,,,,,,,,,stage2: s8_ipd16_pt32
,bfs,s8_ipd16_pt32,,,,,,,,,,0.022034,,0.471162,,,,11402903.0,,,,6810078.0,,,,0.5972231807987843,,,,,,,,,,,,,,,,,,,,,,,,3529295.0,,,,1330301.0,,,,0.3769310868034551,,,,,,,1620036.0,,,,,650691.0,325093.0,,,,,,,,,,,,,,,,,,,,ddr4_2x,65220185.0,0.20067023201953538,0.0477370450088824,1620036.0,l2,650691.0,0.4016521855069887,325093.0,imp,bfs_imp_stage2_s8_ipd16_pt32_l2_ddr4_2x,30729211.0,,0.021718,21718321605.0,1.014550142738742,1.1592227645271203,0.9851275439727416,,stage2,sdist16,0.021395,1.02986679130638,,,,0.025176,0.19638406325019905,,,,,,,,,,,,,stage2: s8_ipd16_pt32
,bfs,s8_ipd8_addr8,,,,,,,,,,0.023393,,0.447644,,,,11494089.0,,,,5763687.0,,,,0.501447918142969,,,,,,,5157984.0,,,,,2480070.0,403198.0,,,,,,,,,,,6196945.0,,,,2241663.0,,,,0.36173679127376474,,,,,,,,,,,,,,,,,,,,,,,,,,,,,,,,,ddr4_1x,68646602.0,0.07816968800213417,0.0699548743712141,5157984.0,l1d,2480070.0,0.4808215768020994,403198.0,imp,bfs_imp_stage2_s8_ipd8_addr8_l1d_ddr4_1x,30729211.0,,0.022859,22859318466.0,1.0233606019510917,1.209151756419791,0.9905945141957216,,stage2,sdist16,0.022644,1.0330771948419006,,,,0.02764,0.06538114461352855,,,,,,,,,,,,,stage2: s8_ipd8_addr8
,bfs,s8_ipd8_addr8,,,,,,,,,,0.020727,,0.510379,,,,11403292.0,,,,5621790.0,,,,0.4929971099573702,,,,,,,5230504.0,,,,,2540129.0,416196.0,,,,,,,,,,,6257577.0,,,,2289053.0,,,,0.3658050072735821,,,,,,,,,,,,,,,,,,,,,,,,,,,,,,,,,ddr4_2x,60208671.0,0.07957091706650067,0.0740326479644383,5230504.0,l1d,2540129.0,0.48563752173786695,416196.0,imp,bfs_imp_stage2_s8_ipd8_addr8_l1d_ddr4_2x,30729211.0,,0.020049,20049487443.0,1.0338171479874307,1.2557234774801735,0.9784527906628758,,stage2,sdist16,0.019617,1.0565835754702553,,,,0.025176,0.06892960666023405,,,,,,,,,,,,,stage2: s8_ipd8_addr8
,bfs,s8_ipd8_addr8,,,,,,,,,,0.02562,,0.399223,,,,11476841.0,,,,6894129.0,,,,0.6006991819438816,,,,,,,,,,,,,,,,,,,,,,,,3529084.0,,,,1335439.0,,,,0.3784095249645517,,,,,,,1576449.0,,,,,627778.0,315982.0,,,,,,,,,,,,,,,,,,,,ddr4_1x,76972610.0,0.20043908810243782,0.0458334910762476,1576449.0,l2,627778.0,0.398222841335178,315982.0,imp,bfs_imp_stage2_s8_ipd8_addr8_l2_ddr4_1x,30729211.0,,0.025632,25631879130.0,0.9995318352059924,1.078339575530587,0.9950842696629214,,stage2,sdist16,0.025506,1.0044695365796283,,,,0.02764,0.19133945856326157,,,,,,,,,,,,,stage2: s8_ipd8_addr8
,bfs,s8_ipd8_addr8,,,,,,,,,,0.022034,,0.471162,,,,11402903.0,,,,6810078.0,,,,0.5972231807987843,,,,,,,,,,,,,,,,,,,,,,,,3529295.0,,,,1330301.0,,,,0.3769310868034551,,,,,,,1620036.0,,,,,650691.0,325093.0,,,,,,,,,,,,,,,,,,,,ddr4_2x,65220185.0,0.20067023201953538,0.0477370450088824,1620036.0,l2,650691.0,0.4016521855069887,325093.0,imp,bfs_imp_stage2_s8_ipd8_addr8_l2_ddr4_2x,30729211.0,,0.021718,21718321605.0,1.014550142738742,1.1592227645271203,0.9851275439727416,,stage2,sdist16,0.021395,1.02986679130638,,,,0.025176,0.19638406325019905,,,,,,,,,,,,,stage2: s8_ipd8_addr8
,bfs,s8,,,,,,,,,,0.023393,,0.447644,,,,11494089.0,,,,5763687.0,,,,0.501447918142969,,,,,,,5157984.0,,,,,2480070.0,403198.0,,,,,,,,,,,6196945.0,,,,2241663.0,,,,0.36173679127376474,,,,,,,,,,,,,,,,,,,,,,,,,,,,,,,,,ddr4_1x,68646602.0,0.07816968800213417,0.0699548743712141,5157984.0,l1d,2480070.0,0.4808215768020994,403198.0,imp,bfs_imp_stage2_s8_l1d_ddr4_1x,30729211.0,,0.022859,22859318466.0,1.0233606019510917,1.209151756419791,0.9905945141957216,,stage2,sdist16,0.022644,1.0330771948419006,,,,0.02764,0.06538114461352855,,,,,,,,,,,,,stage2: s8
,bfs,s8,,,,,,,,,,0.020727,,0.510379,,,,11403292.0,,,,5621790.0,,,,0.4929971099573702,,,,,,,5230504.0,,,,,2540129.0,416196.0,,,,,,,,,,,6257577.0,,,,2289053.0,,,,0.3658050072735821,,,,,,,,,,,,,,,,,,,,,,,,,,,,,,,,,ddr4_2x,60208671.0,0.07957091706650067,0.0740326479644383,5230504.0,l1d,2540129.0,0.48563752173786695,416196.0,imp,bfs_imp_stage2_s8_l1d_ddr4_2x,30729211.0,,0.020049,20049487443.0,1.0338171479874307,1.2557234774801735,0.9784527906628758,,stage2,sdist16,0.019617,1.0565835754702553,,,,0.025176,0.06892960666023405,,,,,,,,,,,,,stage2: s8
,bfs,s8,,,,,,,,,,0.02562,,0.399223,,,,11476841.0,,,,6894129.0,,,,0.6006991819438816,,,,,,,,,,,,,,,,,,,,,,,,3529084.0,,,,1335439.0,,,,0.3784095249645517,,,,,,,1576449.0,,,,,627778.0,315982.0,,,,,,,,,,,,,,,,,,,,ddr4_1x,76972610.0,0.20043908810243782,0.0458334910762476,1576449.0,l2,627778.0,0.398222841335178,315982.0,imp,bfs_imp_stage2_s8_l2_ddr4_1x,30729211.0,,0.025632,25631879130.0,0.9995318352059924,1.078339575530587,0.9950842696629214,,stage2,sdist16,0.025506,1.0044695365796283,,,,0.02764,0.19133945856326157,,,,,,,,,,,,,stage2: s8
,bfs,s8,,,,,,,,,,0.022034,,0.471162,,,,11402903.0,,,,6810078.0,,,,0.5972231807987843,,,,,,,,,,,,,,,,,,,,,,,,3529295.0,,,,1330301.0,,,,0.3769310868034551,,,,,,,1620036.0,,,,,650691.0,325093.0,,,,,,,,,,,,,,,,,,,,ddr4_2x,65220185.0,0.20067023201953538,0.0477370450088824,1620036.0,l2,650691.0,0.4016521855069887,325093.0,imp,bfs_imp_stage2_s8_l2_ddr4_2x,30729211.0,,0.021718,21718321605.0,1.014550142738742,1.1592227645271203,0.9851275439727416,,stage2,sdist16,0.021395,1.02986679130638,,,,0.025176,0.19638406325019905,,,,,,,,,,,,,stage2: s8
,bfs,s8_pt8_sth2,,,,,,,,,,0.023393,,0.448001,,,,11493193.0,,,,5759421.0,,,,0.5011158343899733,,,,,,,5155890.0,,,,,2476489.0,403565.0,,,,,,,,,,,6193354.0,,,,2242017.0,,,,0.36200368976163805,,,,,,,,,,,,,,,,,,,,,,,,,,,,,,,,,ddr4_1x,68591842.0,0.0782726163669124,0.0700704115917207,5155890.0,l1d,2476489.0,0.48032231098801564,403565.0,imp,bfs_imp_stage2_s8_pt8_sth2_l1d_ddr4_1x,30729211.0,,0.022841,22841083386.0,1.0241670679917692,1.2101046363994572,0.991375158705836,,stage2,sdist16,0.022644,1.0330771948419006,,,,0.02764,0.06548205691202284,,,,,,,,,,,,,stage2: s8_pt8_sth2
,bfs,s8_pt8_sth2,,,,,,,,,,0.020727,,0.510558,,,,11401489.0,,,,5623887.0,,,,0.493258994505016,,,,,,,5232922.0,,,,,2542598.0,415771.0,,,,,,,,,,,6259958.0,,,,2290115.0,,,,0.36583552158017674,,,,,,,,,,,,,,,,,,,,,,,,,,,,,,,,,ddr4_2x,60187588.0,0.07945293279739311,0.0739294726227607,5232922.0,l1d,2542598.0,0.4858849415297992,415771.0,imp,bfs_imp_stage2_s8_pt8_sth2_l1d_ddr4_2x,30729211.0,,0.020042,20042466804.0,1.0341782257259753,1.2561620596746832,0.9787945314838836,,stage2,sdist16,0.019617,1.0565835754702553,,,,0.025176,0.06884015618102879,,,,,,,,,,,,,stage2: s8_pt8_sth2
,bfs,s8_pt8_sth2,,,,,,,,,,0.02562,,0.399348,,,,11477649.0,,,,6894697.0,,,,0.6007063815943492,,,,,,,,,,,,,,,,,,,,,,,,3529015.0,,,,1335112.0,,,,0.37832426328593105,,,,,,,1576615.0,,,,,627844.0,316344.0,,,,,,,,,,,,,,,,,,,,ddr4_1x,76948598.0,0.20064758993159396,0.0458822193346567,1576615.0,l2,627844.0,0.39822277474208984,316344.0,imp,bfs_imp_stage2_s8_pt8_sth2_l2_ddr4_1x,30729211.0,,0.025624,25623883134.0,0.9998438963471744,1.07867624102404,0.9953949422416484,,stage2,sdist16,0.025506,1.0044695365796283,,,,0.02764,0.19155460393737406,,,,,,,,,,,,,stage2: s8_pt8_sth2
,bfs,s8_pt8_sth2,,,,,,,,,,0.022034,,0.471156,,,,11404707.0,,,,6809346.0,,,,0.5970645278304826,,,,,,,,,,,,,,,,,,,,,,,,3529303.0,,,,1330075.0,,,,0.3768661970933071,,,,,,,1619424.0,,,,,650936.0,325158.0,,,,,,,,,,,,,,,,,,,,ddr4_2x,65221016.0,0.20078620546564704,0.0477517224121083,1619424.0,l2,650936.0,0.40195526310589447,325158.0,imp,bfs_imp_stage2_s8_pt8_sth2_l2_ddr4_2x,30729211.0,,0.021719,21718598328.0,1.0145034301763434,1.1591693908559326,0.9850821861043328,,stage2,sdist16,0.021395,1.02986679130638,,,,0.025176,0.19644243438839123,,,,,,,,,,,,,stage2: s8_pt8_sth2
,bfs,s8_pt8_sth8,,,,,,,,,,0.023393,,0.448118,,,,11496519.0,,,,5760410.0,,,,0.5010568851319256,,,,,,,5148645.0,,,,,2476201.0,403857.0,,,,,,,,,,,6192751.0,,,,2239185.0,,,,0.36158162987660897,,,,,,,,,,,,,,,,,,,,,,,,,,,,,,,,,ddr4_1x,68573929.0,0.0784394729098627,0.0701090720972986,5148645.0,l1d,2476201.0,0.4809422673344152,403857.0,imp,bfs_imp_stage2_s8_pt8_sth8_l1d_ddr4_1x,30729211.0,,0.022835,22835118357.0,1.0244361725421502,1.2104225968907378,0.9916356470330632,,stage2,sdist16,0.022644,1.0330771948419006,,,,0.02764,0.06551581883133875,,,,,,,,,,,,,stage2: s8_pt8_sth8
,bfs,s8_pt8_sth8,,,,,,,,,,0.020727,,0.510214,,,,11405539.0,,,,5624919.0,,,,0.49317432521163623,,,,,,,5222202.0,,,,,2538349.0,415265.0,,,,,,,,,,,6255864.0,,,,2289437.0,,,,0.36596655553893115,,,,,,,,,,,,,,,,,,,,,,,,,,,,,,,,,ddr4_2x,60228199.0,0.07951913771240561,0.0738259519825974,5222202.0,l1d,2538349.0,0.48606871201075713,415265.0,imp,bfs_imp_stage2_s8_pt8_sth8_l1d_ddr4_2x,30729211.0,,0.020056,20055990267.0,1.0334563222975668,1.2552852014359792,0.9781112883925008,,stage2,sdist16,0.019617,1.0565835754702553,,,,0.025176,0.0687503890609955,,,,,,,,,,,,,stage2: s8_pt8_sth8
,bfs,s8_pt8_sth8,,,,,,,,,,0.02562,,0.399552,,,,11474629.0,,,,6894638.0,,,,0.6008593393302738,,,,,,,,,,,,,,,,,,,,,,,,3529043.0,,,,1335196.0,,,,0.3783450640867793,,,,,,,1573426.0,,,,,627259.0,316042.0,,,,,,,,,,,,,,,,,,,,ddr4_1x,76909249.0,0.20086232209204627,0.0458388098113345,1573426.0,l2,627259.0,0.39865808751094745,316042.0,imp,bfs_imp_stage2_s8_pt8_sth8_l2_ddr4_1x,30729211.0,,0.025611,25610779917.0,1.00035141150287,1.0792237710358832,0.9959001991331852,,stage2,sdist16,0.025506,1.0044695365796283,,,,0.02764,0.1913970003112816,,,,,,,,,,,,,stage2: s8_pt8_sth8
,bfs,s8_pt8_sth8,,,,,,,,,,0.022034,,0.471155,,,,11400971.0,,,,6810118.0,,,,0.5973278942644447,,,,,,,,,,,,,,,,,,,,,,,,3529327.0,,,,1330714.0,,,,0.37704468868994,,,,,,,1619092.0,,,,,651000.0,324746.0,,,,,,,,,,,,,,,,,,,,ddr4_2x,65221108.0,0.20057291370718897,0.0476858110241261,1619092.0,l2,651000.0,0.4020772136481435,324746.0,imp,bfs_imp_stage2_s8_pt8_sth8_l2_ddr4_2x,30729211.0,,0.021719,21718628964.0,1.0145034301763434,1.1591693908559326,0.9850821861043328,,stage2,sdist16,0.021395,1.02986679130638,,,,0.025176,0.1961666243823469,,,,,,,,,,,,,stage2: s8_pt8_sth8
,bfs,s8_sth2,,,,,,,,,,0.023393,,0.44809,,,,11494808.0,,,,5766957.0,,,,0.5017010288471108,,,,,,,5156325.0,,,,,2479962.0,403667.0,,,,,,,,,,,6196912.0,,,,2239317.0,,,,0.3613601419545735,,,,,,,,,,,,,,,,,,,,,,,,,,,,,,,,,ddr4_1x,68578366.0,0.07828579463086598,0.0699965337005287,5156325.0,l1d,2479962.0,0.4809553315588137,403667.0,imp,bfs_imp_stage2_s8_sth2_l1d_ddr4_1x,30729211.0,,0.022837,22836595878.0,1.0243464553137454,1.2103165914962561,0.9915488023820992,,stage2,sdist16,0.022644,1.0330771948419006,,,,0.02764,0.0654175331376535,,,,,,,,,,,,,stage2: s8_sth2
,bfs,s8_sth2,,,,,,,,,,0.020727,,0.510336,,,,11404270.0,,,,5622312.0,,,,0.49300060415967,,,,,,,5226768.0,,,,,2539345.0,415772.0,,,,,,,,,,,6256608.0,,,,2290820.0,,,,0.3661440831837315,,,,,,,,,,,,,,,,,,,,,,,,,,,,,,,,,ddr4_2x,60213749.0,0.07954667205431731,0.0739503606345574,5226768.0,l1d,2539345.0,0.4858346496343438,415772.0,imp,bfs_imp_stage2_s8_sth2_l1d_ddr4_2x,30729211.0,,0.020051,20051178417.0,1.033714029225475,1.255598224527455,0.9783551942546508,,stage2,sdist16,0.019617,1.0565835754702553,,,,0.025176,0.06885826696018141,,,,,,,,,,,,,stage2: s8_sth2
,bfs,s8_sth2,,,,,,,,,,0.02562,,0.399341,,,,11476910.0,,,,6894385.0,,,,0.600717876153076,,,,,,,,,,,,,,,,,,,,,,,,3529016.0,,,,1335532.0,,,,0.3784431694273985,,,,,,,1576594.0,,,,,628224.0,316137.0,,,,,,,,,,,,,,,,,,,,ddr4_1x,76949911.0,0.20051896683610365,0.0458542712656748,1576594.0,l2,628224.0,0.3984691049185776,316137.0,imp,bfs_imp_stage2_s8_sth2_l2_ddr4_1x,30729211.0,,0.025624,25624320363.0,0.9998438963471744,1.07867624102404,0.9953949422416484,,stage2,sdist16,0.025506,1.0044695365796283,,,,0.02764,0.19140457319232848,,,,,,,,,,,,,stage2: s8_sth2
,bfs,s8_sth2,,,,,,,,,,0.022034,,0.470984,,,,11403392.0,,,,6811340.0,,,,0.5973082395132957,,,,,,,,,,,,,,,,,,,,,,,,3529294.0,,,,1330423.0,,,,0.37696576142423954,,,,,,,1619415.0,,,,,651302.0,325022.0,,,,,,,,,,,,,,,,,,,,ddr4_2x,65244720.0,0.2007033404037878,0.0477177765314901,1619415.0,l2,651302.0,0.40218350453713225,325022.0,imp,bfs_imp_stage2_s8_sth2_l2_ddr4_2x,30729211.0,,0.021726,21726491760.0,1.014176562643837,1.1587959127312897,0.9847647979379546,,stage2,sdist16,0.021395,1.02986679130638,,,,0.025176,0.19633512439253495,,,,,,,,,,,,,stage2: s8_sth2
,bfs,s8_sth8,,,,,,,,,,0.023393,,0.447768,,,,11494216.0,,,,5770550.0,,,,0.5020394605425894,,,,,,,5168989.0,,,,,2489577.0,403101.0,,,,,,,,,,,6206618.0,,,,2242038.0,,,,0.36123344468758994,,,,,,,,,,,,,,,,,,,,,,,,,,,,,,,,,ddr4_1x,68627566.0,0.07798449561413266,0.0698548665205223,5168989.0,l1d,2489577.0,0.48163712478397613,403101.0,imp,bfs_imp_stage2_s8_sth8_l1d_ddr4_1x,30729211.0,,0.022853,22852979478.0,1.0236292828075089,1.2094692162954537,0.9908545923948716,,stage2,sdist16,0.022644,1.0330771948419006,,,,0.02764,0.06529377834931065,,,,,,,,,,,,,stage2: s8_sth8
,bfs,s8_sth8,,,,,,,,,,0.020727,,0.510387,,,,11403457.0,,,,5623382.0,,,,0.49312958342369334,,,,,,,5233166.0,,,,,2540143.0,416512.0,,,,,,,,,,,6257616.0,,,,2289388.0,,,,0.36585626219314193,,,,,,,,,,,,,,,,,,,,,,,,,,,,,,,,,ddr4_2x,60207700.0,0.07959082513338961,0.0740678829928324,5233166.0,l1d,2540143.0,0.48539316352663,416512.0,imp,bfs_imp_stage2_s8_sth8_l1d_ddr4_2x,30729211.0,,0.020049,20049164100.0,1.0338171479874307,1.2557234774801735,0.9784527906628758,,stage2,sdist16,0.019617,1.0565835754702553,,,,0.025176,0.06896015062515998,,,,,,,,,,,,,stage2: s8_sth8
,bfs,s8_sth8,,,,,,,,,,0.02562,,0.399643,,,,11475766.0,,,,6895288.0,,,,0.6008564482754354,,,,,,,,,,,,,,,,,,,,,,,,3529015.0,,,,1335351.0,,,,0.37839198756593556,,,,,,,1572847.0,,,,,626873.0,316077.0,,,,,,,,,,,,,,,,,,,,ddr4_1x,76891805.0,0.20095851662621983,0.0458395646418249,1572847.0,l2,626873.0,0.3985594275857728,316077.0,imp,bfs_imp_stage2_s8_sth8_l2_ddr4_1x,30729211.0,,0.025605,25604971065.0,1.0005858230814295,1.0794766647139231,0.996133567662566,,stage2,sdist16,0.025506,1.0044695365796283,,,,0.02764,0.19139617349348564,,,,,,,,,,,,,stage2: s8_sth8
,bfs,s8_sth8,,,,,,,,,,0.022034,,0.471323,,,,11407336.0,,,,6810922.0,,,,0.5970650816281733,,,,,,,,,,,,,,,,,,,,,,,,3529274.0,,,,1330828.0,,,,0.37708265212618797,,,,,,,1619686.0,,,,,651171.0,324438.0,,,,,,,,,,,,,,,,,,,,ddr4_2x,65197823.0,0.2003091957330001,0.0476349604356062,1619686.0,l2,651171.0,0.40203533277437725,324438.0,imp,bfs_imp_stage2_s8_sth8_l2_ddr4_2x,30729211.0,,0.021711,21710875059.0,1.0148772511630049,1.159596517894155,0.985445166044862,,stage2,sdist16,0.021395,1.02986679130638,,,,0.025176,0.19600354263302697,,,,,,,,,,,,,stage2: s8_sth8
,matmult,aggr_s16_sth2_d32_ipd16_addr16,,,,,,,,,,0.001242,,2.031764,,,,2138559.0,,,,1146579.0,,,,0.5361456008461772,,,,,,,31746.0,,,,,4317.0,3611.0,,,,,,,,,,,1081616.0,,,,5476.0,,,,0.005062794929069097,,,,,,,,,,,,,,,,,,,,,,,,,,,,,,,,,ddr4_1x,3641111.0,0.11374661374661375,0.003149368687199,31746.0,l1d,4317.0,0.13598563598563598,3611.0,imp,matmult_imp_stage2_aggr_s16_sth2_d32_ipd16_addr16_l1d_ddr4_1x,7397871.0,,0.001212,1212489963.0,1.0247524752475248,1.0552805280528053,0.9966996699669968,,stage2,sdist16,0.001208,1.0281456953642385,,,,0.001279,0.0031394813030890547,,,,,,,,,,,,,stage2: aggr_s16_sth2_d32_ipd16_addr16
,matmult,aggr_s16_sth2_d32_ipd16_addr16,,,,,,,,,,0.001261,,2.01746,,,,2139319.0,,,,1150477.0,,,,0.5377772085415966,,,,,,,30522.0,,,,,4212.0,3567.0,,,,,,,,,,,1082013.0,,,,5380.0,,,,0.004972213827375457,,,,,,,,,,,,,,,,,,,,,,,,,,,,,,,,,ddr4_2x,3666930.0,0.11686652250835462,0.003100453116403,30522.0,l1d,4212.0,0.13799882052290152,3567.0,imp,matmult_imp_stage2_aggr_s16_sth2_d32_ipd16_addr16_l1d_ddr4_2x,7397876.0,,0.001221,1221087690.0,1.0327600327600326,1.0630630630630629,1.0016380016380015,,stage2,sdist16,0.001223,1.0310711365494685,,,,0.001298,0.003090870018820773,,,,,,,,,,,,,stage2: aggr_s16_sth2_d32_ipd16_addr16
,matmult,aggr_s16_sth2_d32_ipd16_addr16,,,,,,,,,,0.001238,,2.009314,,,,2138832.0,,,,1158574.0,,,,0.5416853684627871,,,,,,,,,,,,,,,,,,,,,,,,1078071.0,,,,1945.0,,,,0.0018041483353137223,,,,,,,6685.0,,,,,20.0,3487.0,,,,,,,,,,,,,,,,,,,,ddr4_1x,3681793.0,0.5216155572176514,0.0030097343803675,6685.0,l2,20.0,0.0029917726252804786,3487.0,imp,matmult_imp_stage2_aggr_s16_sth2_d32_ipd16_addr16_l2_ddr4_1x,7397871.0,,0.001226,1226037069.0,1.0097879282218596,1.0432300163132135,0.999184339314845,,stage2,sdist16,0.001225,1.010612244897959,,,,0.001279,0.6419366715758469,,,,,,,,,,,,,stage2: aggr_s16_sth2_d32_ipd16_addr16
,matmult,aggr_s16_sth2_d32_ipd16_addr16,,,,,,,,,,0.00123,,2.026399,,,,2138328.0,,,,1158301.0,,,,0.5416853728707663,,,,,,,,,,,,,,,,,,,,,,,,1077294.0,,,,1908.0,,,,0.0017711042668018201,,,,,,,6485.0,,,,,10.0,3502.0,,,,,,,,,,,,,,,,,,,,ddr4_2x,3650752.0,0.5400154202004626,0.0030233937465304,6485.0,l2,10.0,0.0015420200462606013,3502.0,imp,matmult_imp_stage2_aggr_s16_sth2_d32_ipd16_addr16_l2_ddr4_2x,7397871.0,,0.001216,1215700416.0,1.0115131578947367,1.0674342105263157,0.9983552631578948,,stage2,sdist16,0.001214,1.013179571663921,,,,0.001298,0.6473197781885397,,,,,,,,,,,,,stage2: aggr_s16_sth2_d32_ipd16_addr16
,matmult,aggr_s16_sth2_d32_ipd16,,,,,,,,,,0.001242,,2.031764,,,,2138559.0,,,,1146579.0,,,,0.5361456008461772,,,,,,,31746.0,,,,,4317.0,3611.0,,,,,,,,,,,1081616.0,,,,5476.0,,,,0.005062794929069097,,,,,,,,,,,,,,,,,,,,,,,,,,,,,,,,,ddr4_1x,3641111.0,0.11374661374661375,0.003149368687199,31746.0,l1d,4317.0,0.13598563598563598,3611.0,imp,matmult_imp_stage2_aggr_s16_sth2_d32_ipd16_l1d_ddr4_1x,7397871.0,,0.001212,1212489963.0,1.0247524752475248,1.0552805280528053,0.9966996699669968,,stage2,sdist16,0.001208,1.0281456953642385,,,,0.001279,0.0031394813030890547,,,,,,,,,,,,,stage2: aggr_s16_sth2_d32_ipd16
,matmult,aggr_s16_sth2_d32_ipd16,,,,,,,,,,0.001261,,2.01746,,,,2139319.0,,,,1150477.0,,,,0.5377772085415966,,,,,,,30522.0,,,,,4212.0,3567.0,,,,,,,,,,,1082013.0,,,,5380.0,,,,0.004972213827375457,,,,,,,,,,,,,,,,,,,,,,,,,,,,,,,,,ddr4_2x,3666930.0,0.11686652250835462,0.003100453116403,30522.0,l1d,4212.0,0.13799882052290152,3567.0,imp,matmult_imp_stage2_aggr_s16_sth2_d32_ipd16_l1d_ddr4_2x,7397876.0,,0.001221,1221087690.0,1.0327600327600326,1.0630630630630629,1.0016380016380015,,stage2,sdist16,0.001223,1.0310711365494685,,,,0.001298,0.003090870018820773,,,,,,,,,,,,,stage2: aggr_s16_sth2_d32_ipd16
,matmult,aggr_s16_sth2_d32_ipd16,,,,,,,,,,0.001238,,2.009314,,,,2138832.0,,,,1158574.0,,,,0.5416853684627871,,,,,,,,,,,,,,,,,,,,,,,,1078071.0,,,,1945.0,,,,0.0018041483353137223,,,,,,,6685.0,,,,,20.0,3487.0,,,,,,,,,,,,,,,,,,,,ddr4_1x,3681793.0,0.5216155572176514,0.0030097343803675,6685.0,l2,20.0,0.0029917726252804786,3487.0,imp,matmult_imp_stage2_aggr_s16_sth2_d32_ipd16_l2_ddr4_1x,7397871.0,,0.001226,1226037069.0,1.0097879282218596,1.0432300163132135,0.999184339314845,,stage2,sdist16,0.001225,1.010612244897959,,,,0.001279,0.6419366715758469,,,,,,,,,,,,,stage2: aggr_s16_sth2_d32_ipd16
,matmult,aggr_s16_sth2_d32_ipd16,,,,,,,,,,0.00123,,2.026399,,,,2138328.0,,,,1158301.0,,,,0.5416853728707663,,,,,,,,,,,,,,,,,,,,,,,,1077294.0,,,,1908.0,,,,0.0017711042668018201,,,,,,,6485.0,,,,,10.0,3502.0,,,,,,,,,,,,,,,,,,,,ddr4_2x,3650752.0,0.5400154202004626,0.0030233937465304,6485.0,l2,10.0,0.0015420200462606013,3502.0,imp,matmult_imp_stage2_aggr_s16_sth2_d32_ipd16_l2_ddr4_2x,7397871.0,,0.001216,1215700416.0,1.0115131578947367,1.0674342105263157,0.9983552631578948,,stage2,sdist16,0.001214,1.013179571663921,,,,0.001298,0.6473197781885397,,,,,,,,,,,,,stage2: aggr_s16_sth2_d32_ipd16
,matmult,cons_s2_sth8_pt8,,,,,,,,,,0.001242,,1.934996,,,,2139077.0,,,,1152901.0,,,,0.5389712478793424,,,,,,,59042.0,,,,,7203.0,3625.0,,,,,,,,,,,1085366.0,,,,5469.0,,,,0.005038853253188326,,,,,,,,,,,,,,,,,,,,,,,,,,,,,,,,,ddr4_1x,3823202.0,0.06139697164730192,0.0031442422202773,59042.0,l1d,7203.0,0.12199789980014226,3625.0,imp,matmult_imp_stage2_cons_s2_sth8_pt8_l1d_ddr4_1x,7397871.0,,0.001273,1273126266.0,0.9756480754124116,1.00471327572663,0.9489395129615082,,stage2,sdist16,0.001208,1.0281456953642385,,,,0.001279,0.003134386948499212,,,,,,,,,,,,,stage2: cons_s2_sth8_pt8
,matmult,cons_s2_sth8_pt8,,,,,,,,,,0.001261,,1.919892,,,,2137814.0,,,,1154531.0,,,,0.5400521280148788,,,,,,,64569.0,,,,,6783.0,3719.0,,,,,,,,,,,1084018.0,,,,5350.0,,,,0.004935342402063434,,,,,,,,,,,,,,,,,,,,,,,,,,,,,,,,,ddr4_2x,3853282.0,0.05759729901345847,0.0032212214310399,64569.0,l1d,6783.0,0.1050504111880314,3719.0,imp,matmult_imp_stage2_cons_s2_sth8_pt8_l1d_ddr4_2x,7397876.0,,0.001283,1283142906.0,0.9828526890101325,1.0116913484021823,0.9532346063912704,,stage2,sdist16,0.001223,1.0310711365494685,,,,0.001298,0.0032108784804662205,,,,,,,,,,,,,stage2: cons_s2_sth8_pt8
,matmult,cons_s2_sth8_pt8,,,,,,,,,,0.001238,,1.957996,,,,2139320.0,,,,1158876.0,,,,0.541702971037526,,,,,,,,,,,,,,,,,,,,,,,,1078165.0,,,,3531.0,,,,0.0032750089272050196,,,,,,,5187.0,,,,,3.0,1886.0,,,,,,,,,,,,,,,,,,,,ddr4_1x,3778295.0,0.36360131096973203,0.0016274390012391,5187.0,l2,3.0,0.000578368999421631,1886.0,imp,matmult_imp_stage2_cons_s2_sth8_pt8_l2_ddr4_1x,7397876.0,,0.001258,1258172235.0,0.9841017488076312,1.0166931637519872,0.9737678855325914,,stage2,sdist16,0.001225,1.010612244897959,,,,0.001279,0.3481631899575411,,,,,,,,,,,,,stage2: cons_s2_sth8_pt8
,matmult,cons_s2_sth8_pt8,,,,,,,,,,0.00123,,1.97336,,,,2139733.0,,,,1160146.0,,,,0.5421919463783565,,,,,,,,,,,,,,,,,,,,,,,,1078396.0,,,,3361.0,,,,0.003116665863003943,,,,,,,4881.0,,,,,3.0,2016.0,,,,,,,,,,,,,,,,,,,,ddr4_2x,3748875.0,0.4130301167793485,0.0017377123224145,4881.0,l2,3.0,0.0006146281499692685,2016.0,imp,matmult_imp_stage2_cons_s2_sth8_pt8_l2_ddr4_2x,7397871.0,,0.001248,1248375375.0,0.9855769230769232,1.0400641025641024,0.9727564102564102,,stage2,sdist16,0.001214,1.013179571663921,,,,0.001298,0.37493025850846196,,,,,,,,,,,,,stage2: cons_s2_sth8_pt8
,matmult,cons_s8_sth8_pt8_ipd8,,,,,,,,,,0.001242,,2.017267,,,,2137730.0,,,,1148949.0,,,,0.5374621678135219,,,,,,,36599.0,,,,,5421.0,4235.0,,,,,,,,,,,1082773.0,,,,5458.0,,,,0.0050407610828862555,,,,,,,,,,,,,,,,,,,,,,,,,,,,,,,,,ddr4_1x,3667279.0,0.11571354408590398,0.003685977358438,36599.0,l1d,5421.0,0.14811880106013825,4235.0,imp,matmult_imp_stage2_cons_s8_sth8_pt8_ipd8_l1d_ddr4_1x,7397871.0,,0.001221,1221203907.0,1.017199017199017,1.0475020475020473,0.9893529893529892,,stage2,sdist16,0.001208,1.0281456953642385,,,,0.001279,0.003672440824707939,,,,,,,,,,,,,stage2: cons_s8_sth8_pt8_ipd8
,matmult,cons_s8_sth8_pt8_ipd8,,,,,,,,,,0.001261,,2.004692,,,,2138832.0,,,,1150474.0,,,,0.537898254748386,,,,,,,37152.0,,,,,6123.0,3983.0,,,,,,,,,,,1083826.0,,,,5360.0,,,,0.004945443272259569,,,,,,,,,,,,,,,,,,,,,,,,,,,,,,,,,ddr4_2x,3690283.0,0.107208225667528,0.0034620512936407,37152.0,l1d,6123.0,0.1648094315245478,3983.0,imp,matmult_imp_stage2_cons_s8_sth8_pt8_ipd8_l1d_ddr4_2x,7397871.0,,0.001229,1228864239.0,1.0260374288039056,1.0561432058584213,0.9951179820992676,,stage2,sdist16,0.001223,1.0310711365494685,,,,0.001298,0.003450106846768654,,,,,,,,,,,,,stage2: cons_s8_sth8_pt8_ipd8
,matmult,cons_s8_sth8_pt8_ipd8,,,,,,,,,,0.001238,,1.968385,,,,2139141.0,,,,1159156.0,,,,0.5418791935641456,,,,,,,,,,,,,,,,,,,,,,,,1078284.0,,,,2196.0,,,,0.0020365692155313443,,,,,,,5948.0,,,,,12.0,3189.0,,,,,,,,,,,,,,,,,,,,ddr4_1x,3758353.0,0.5361466039004708,0.0027511396222768,5948.0,l2,12.0,0.0020174848688634837,3189.0,imp,matmult_imp_stage2_cons_s8_sth8_pt8_ipd8_l2_ddr4_1x,7397876.0,,0.001252,1251531549.0,0.9888178913738018,1.0215654952076676,0.9784345047923322,,stage2,sdist16,0.001225,1.010612244897959,,,,0.001279,0.5922005571030641,,,,,,,,,,,,,stage2: cons_s8_sth8_pt8_ipd8
,matmult,cons_s8_sth8_pt8_ipd8,,,,,,,,,,0.00123,,2.003925,,,,2138698.0,,,,1159033.0,,,,0.5419339242847752,,,,,,,,,,,,,,,,,,,,,,,,1077652.0,,,,2188.0,,,,0.002030340035558789,,,,,,,6131.0,,,,,4.0,3198.0,,,,,,,,,,,,,,,,,,,,ddr4_2x,3691695.0,0.5216114826292612,0.0027591966751593,6131.0,l2,4.0,0.0006524221171097701,3198.0,imp,matmult_imp_stage2_cons_s8_sth8_pt8_ipd8_l2_ddr4_2x,7397871.0,,0.001229,1229334435.0,1.000813669650122,1.0561432058584213,0.9877949552481692,,stage2,sdist16,0.001214,1.013179571663921,,,,0.001298,0.5937616041589305,,,,,,,,,,,,,stage2: cons_s8_sth8_pt8_ipd8
,matmult,s16_dist32_addr16,,,,,,,,,,0.001242,,2.039471,,,,2138816.0,,,,1150500.0,,,,0.5379144349023011,,,,,,,34743.0,,,,,5007.0,3667.0,,,,,,,,,,,1083178.0,,,,5475.0,,,,0.005054570901550807,,,,,,,,,,,,,,,,,,,,,,,,,,,,,,,,,ddr4_1x,3627354.0,0.1055464410096998,0.0031873098652759,34743.0,l1d,5007.0,0.14411536136775754,3667.0,imp,matmult_imp_stage2_s16_dist32_addr16_l1d_ddr4_1x,7397876.0,,0.001208,1207908882.0,1.0281456953642385,1.058774834437086,1.0,,stage2,sdist16,0.001208,1.0281456953642385,,,,0.001279,0.00317718319792543,,,,,,,,,,,,,stage2: s16_dist32_addr16
,matmult,s16_dist32_addr16,,,,,,,,,,0.001261,,2.015059,,,,2140009.0,,,,1151777.0,,,,0.5382112878964528,,,,,,,31853.0,,,,,4209.0,3474.0,,,,,,,,,,,1082513.0,,,,5364.0,,,,0.0049551367974333795,,,,,,,,,,,,,,,,,,,,,,,,,,,,,,,,,ddr4_2x,3671300.0,0.10906351050136565,0.0030162088668205,31853.0,l1d,4209.0,0.1321382601324836,3474.0,imp,matmult_imp_stage2_s16_dist32_addr16_l1d_ddr4_2x,7397876.0,,0.001223,1222542900.0,1.0310711365494685,1.061324611610793,1.0,,stage2,sdist16,0.001223,1.0310711365494685,,,,0.001298,0.003007138708384585,,,,,,,,,,,,,stage2: s16_dist32_addr16
,matmult,s16_dist32_addr16,,,,,,,,,,0.001238,,2.010689,,,,2138080.0,,,,1157985.0,,,,0.5416004078425504,,,,,,,,,,,,,,,,,,,,,,,,1076921.0,,,,1932.0,,,,0.0017940034598638154,,,,,,,6610.0,,,,,5.0,3480.0,,,,,,,,,,,,,,,,,,,,ddr4_1x,3679279.0,0.5264750378214826,0.003005220274874,6610.0,l2,5.0,0.0007564296520423601,3480.0,imp,matmult_imp_stage2_s16_dist32_addr16_l2_ddr4_1x,7397876.0,,0.001225,1225199907.0,1.010612244897959,1.0440816326530613,1.0,,stage2,sdist16,0.001225,1.010612244897959,,,,0.001279,0.6430155210643016,,,,,,,,,,,,,stage2: s16_dist32_addr16
,matmult,s16_dist32_addr16,,,,,,,,,,0.00123,,2.02936,,,,2139089.0,,,,1159562.0,,,,0.542082166754165,,,,,,,,,,,,,,,,,,,,,,,,1078053.0,,,,1912.0,,,,0.0017735677188412814,,,,,,,6424.0,,,,,14.0,3499.0,,,,,,,,,,,,,,,,,,,,ddr4_2x,3645427.0,0.5446762141967622,0.0030175186837788,6424.0,l2,14.0,0.0021793275217932753,3499.0,imp,matmult_imp_stage2_s16_dist32_addr16_l2_ddr4_2x,7397876.0,,0.001214,1213927191.0,1.013179571663921,1.0691927512355848,1.0,,stage2,sdist16,0.001214,1.013179571663921,,,,0.001298,0.6466457216780632,,,,,,,,,,,,,stage2: s16_dist32_addr16
,matmult,s16_dist8_addr16,,,,,,,,,,0.001242,,2.039471,,,,2138816.0,,,,1150500.0,,,,0.5379144349023011,,,,,,,34743.0,,,,,5007.0,3667.0,,,,,,,,,,,1083178.0,,,,5475.0,,,,0.005054570901550807,,,,,,,,,,,,,,,,,,,,,,,,,,,,,,,,,ddr4_1x,3627354.0,0.1055464410096998,0.0031873098652759,34743.0,l1d,5007.0,0.14411536136775754,3667.0,imp,matmult_imp_stage2_s16_dist8_addr16_l1d_ddr4_1x,7397876.0,,0.001208,1207908882.0,1.0281456953642385,1.058774834437086,1.0,,stage2,sdist16,0.001208,1.0281456953642385,,,,0.001279,0.00317718319792543,,,,,,,,,,,,,stage2: s16_dist8_addr16
,matmult,s16_dist8_addr16,,,,,,,,,,0.001261,,2.015059,,,,2140009.0,,,,1151777.0,,,,0.5382112878964528,,,,,,,31853.0,,,,,4209.0,3474.0,,,,,,,,,,,1082513.0,,,,5364.0,,,,0.0049551367974333795,,,,,,,,,,,,,,,,,,,,,,,,,,,,,,,,,ddr4_2x,3671300.0,0.10906351050136565,0.0030162088668205,31853.0,l1d,4209.0,0.1321382601324836,3474.0,imp,matmult_imp_stage2_s16_dist8_addr16_l1d_ddr4_2x,7397876.0,,0.001223,1222542900.0,1.0310711365494685,1.061324611610793,1.0,,stage2,sdist16,0.001223,1.0310711365494685,,,,0.001298,0.003007138708384585,,,,,,,,,,,,,stage2: s16_dist8_addr16
,matmult,s16_dist8_addr16,,,,,,,,,,0.001238,,2.010689,,,,2138080.0,,,,1157985.0,,,,0.5416004078425504,,,,,,,,,,,,,,,,,,,,,,,,1076921.0,,,,1932.0,,,,0.0017940034598638154,,,,,,,6610.0,,,,,5.0,3480.0,,,,,,,,,,,,,,,,,,,,ddr4_1x,3679279.0,0.5264750378214826,0.003005220274874,6610.0,l2,5.0,0.0007564296520423601,3480.0,imp,matmult_imp_stage2_s16_dist8_addr16_l2_ddr4_1x,7397876.0,,0.001225,1225199907.0,1.010612244897959,1.0440816326530613,1.0,,stage2,sdist16,0.001225,1.010612244897959,,,,0.001279,0.6430155210643016,,,,,,,,,,,,,stage2: s16_dist8_addr16
,matmult,s16_dist8_addr16,,,,,,,,,,0.00123,,2.02936,,,,2139089.0,,,,1159562.0,,,,0.542082166754165,,,,,,,,,,,,,,,,,,,,,,,,1078053.0,,,,1912.0,,,,0.0017735677188412814,,,,,,,6424.0,,,,,14.0,3499.0,,,,,,,,,,,,,,,,,,,,ddr4_2x,3645427.0,0.5446762141967622,0.0030175186837788,6424.0,l2,14.0,0.0021793275217932753,3499.0,imp,matmult_imp_stage2_s16_dist8_addr16_l2_ddr4_2x,7397876.0,,0.001214,1213927191.0,1.013179571663921,1.0691927512355848,1.0,,stage2,sdist16,0.001214,1.013179571663921,,,,0.001298,0.6466457216780632,,,,,,,,,,,,,stage2: s16_dist8_addr16
,matmult,s16_ipd16_addr16,,,,,,,,,,0.001242,,2.039471,,,,2138816.0,,,,1150500.0,,,,0.5379144349023011,,,,,,,34743.0,,,,,5007.0,3667.0,,,,,,,,,,,1083178.0,,,,5475.0,,,,0.005054570901550807,,,,,,,,,,,,,,,,,,,,,,,,,,,,,,,,,ddr4_1x,3627354.0,0.1055464410096998,0.0031873098652759,34743.0,l1d,5007.0,0.14411536136775754,3667.0,imp,matmult_imp_stage2_s16_ipd16_addr16_l1d_ddr4_1x,7397876.0,,0.001208,1207908882.0,1.0281456953642385,1.058774834437086,1.0,,stage2,sdist16,0.001208,1.0281456953642385,,,,0.001279,0.00317718319792543,,,,,,,,,,,,,stage2: s16_ipd16_addr16
,matmult,s16_ipd16_addr16,,,,,,,,,,0.001261,,2.015059,,,,2140009.0,,,,1151777.0,,,,0.5382112878964528,,,,,,,31853.0,,,,,4209.0,3474.0,,,,,,,,,,,1082513.0,,,,5364.0,,,,0.0049551367974333795,,,,,,,,,,,,,,,,,,,,,,,,,,,,,,,,,ddr4_2x,3671300.0,0.10906351050136565,0.0030162088668205,31853.0,l1d,4209.0,0.1321382601324836,3474.0,imp,matmult_imp_stage2_s16_ipd16_addr16_l1d_ddr4_2x,7397876.0,,0.001223,1222542900.0,1.0310711365494685,1.061324611610793,1.0,,stage2,sdist16,0.001223,1.0310711365494685,,,,0.001298,0.003007138708384585,,,,,,,,,,,,,stage2: s16_ipd16_addr16
,matmult,s16_ipd16_addr16,,,,,,,,,,0.001238,,2.010689,,,,2138080.0,,,,1157985.0,,,,0.5416004078425504,,,,,,,,,,,,,,,,,,,,,,,,1076921.0,,,,1932.0,,,,0.0017940034598638154,,,,,,,6610.0,,,,,5.0,3480.0,,,,,,,,,,,,,,,,,,,,ddr4_1x,3679279.0,0.5264750378214826,0.003005220274874,6610.0,l2,5.0,0.0007564296520423601,3480.0,imp,matmult_imp_stage2_s16_ipd16_addr16_l2_ddr4_1x,7397876.0,,0.001225,1225199907.0,1.010612244897959,1.0440816326530613,1.0,,stage2,sdist16,0.001225,1.010612244897959,,,,0.001279,0.6430155210643016,,,,,,,,,,,,,stage2: s16_ipd16_addr16
,matmult,s16_ipd16_addr16,,,,,,,,,,0.00123,,2.02936,,,,2139089.0,,,,1159562.0,,,,0.542082166754165,,,,,,,,,,,,,,,,,,,,,,,,1078053.0,,,,1912.0,,,,0.0017735677188412814,,,,,,,6424.0,,,,,14.0,3499.0,,,,,,,,,,,,,,,,,,,,ddr4_2x,3645427.0,0.5446762141967622,0.0030175186837788,6424.0,l2,14.0,0.0021793275217932753,3499.0,imp,matmult_imp_stage2_s16_ipd16_addr16_l2_ddr4_2x,7397876.0,,0.001214,1213927191.0,1.013179571663921,1.0691927512355848,1.0,,stage2,sdist16,0.001214,1.013179571663921,,,,0.001298,0.6466457216780632,,,,,,,,,,,,,stage2: s16_ipd16_addr16
,matmult,s16_ipd16_pt32,,,,,,,,,,0.001242,,2.039471,,,,2138816.0,,,,1150500.0,,,,0.5379144349023011,,,,,,,34743.0,,,,,5007.0,3667.0,,,,,,,,,,,1083178.0,,,,5475.0,,,,0.005054570901550807,,,,,,,,,,,,,,,,,,,,,,,,,,,,,,,,,ddr4_1x,3627354.0,0.1055464410096998,0.0031873098652759,34743.0,l1d,5007.0,0.14411536136775754,3667.0,imp,matmult_imp_stage2_s16_ipd16_pt32_l1d_ddr4_1x,7397876.0,,0.001208,1207908882.0,1.0281456953642385,1.058774834437086,1.0,,stage2,sdist16,0.001208,1.0281456953642385,,,,0.001279,0.00317718319792543,,,,,,,,,,,,,stage2: s16_ipd16_pt32
,matmult,s16_ipd16_pt32,,,,,,,,,,0.001261,,2.015059,,,,2140009.0,,,,1151777.0,,,,0.5382112878964528,,,,,,,31853.0,,,,,4209.0,3474.0,,,,,,,,,,,1082513.0,,,,5364.0,,,,0.0049551367974333795,,,,,,,,,,,,,,,,,,,,,,,,,,,,,,,,,ddr4_2x,3671300.0,0.10906351050136565,0.0030162088668205,31853.0,l1d,4209.0,0.1321382601324836,3474.0,imp,matmult_imp_stage2_s16_ipd16_pt32_l1d_ddr4_2x,7397876.0,,0.001223,1222542900.0,1.0310711365494685,1.061324611610793,1.0,,stage2,sdist16,0.001223,1.0310711365494685,,,,0.001298,0.003007138708384585,,,,,,,,,,,,,stage2: s16_ipd16_pt32
,matmult,s16_ipd16_pt32,,,,,,,,,,0.001238,,2.010689,,,,2138080.0,,,,1157985.0,,,,0.5416004078425504,,,,,,,,,,,,,,,,,,,,,,,,1076921.0,,,,1932.0,,,,0.0017940034598638154,,,,,,,6610.0,,,,,5.0,3480.0,,,,,,,,,,,,,,,,,,,,ddr4_1x,3679279.0,0.5264750378214826,0.003005220274874,6610.0,l2,5.0,0.0007564296520423601,3480.0,imp,matmult_imp_stage2_s16_ipd16_pt32_l2_ddr4_1x,7397876.0,,0.001225,1225199907.0,1.010612244897959,1.0440816326530613,1.0,,stage2,sdist16,0.001225,1.010612244897959,,,,0.001279,0.6430155210643016,,,,,,,,,,,,,stage2: s16_ipd16_pt32
,matmult,s16_ipd16_pt32,,,,,,,,,,0.00123,,2.02936,,,,2139089.0,,,,1159562.0,,,,0.542082166754165,,,,,,,,,,,,,,,,,,,,,,,,1078053.0,,,,1912.0,,,,0.0017735677188412814,,,,,,,6424.0,,,,,14.0,3499.0,,,,,,,,,,,,,,,,,,,,ddr4_2x,3645427.0,0.5446762141967622,0.0030175186837788,6424.0,l2,14.0,0.0021793275217932753,3499.0,imp,matmult_imp_stage2_s16_ipd16_pt32_l2_ddr4_2x,7397876.0,,0.001214,1213927191.0,1.013179571663921,1.0691927512355848,1.0,,stage2,sdist16,0.001214,1.013179571663921,,,,0.001298,0.6466457216780632,,,,,,,,,,,,,stage2: s16_ipd16_pt32
,matmult,s16_ipd8_addr8,,,,,,,,,,0.001242,,2.039471,,,,2138816.0,,,,1150500.0,,,,0.5379144349023011,,,,,,,34743.0,,,,,5007.0,3667.0,,,,,,,,,,,1083178.0,,,,5475.0,,,,0.005054570901550807,,,,,,,,,,,,,,,,,,,,,,,,,,,,,,,,,ddr4_1x,3627354.0,0.1055464410096998,0.0031873098652759,34743.0,l1d,5007.0,0.14411536136775754,3667.0,imp,matmult_imp_stage2_s16_ipd8_addr8_l1d_ddr4_1x,7397876.0,,0.001208,1207908882.0,1.0281456953642385,1.058774834437086,1.0,,stage2,sdist16,0.001208,1.0281456953642385,,,,0.001279,0.00317718319792543,,,,,,,,,,,,,stage2: s16_ipd8_addr8
,matmult,s16_ipd8_addr8,,,,,,,,,,0.001261,,2.015059,,,,2140009.0,,,,1151777.0,,,,0.5382112878964528,,,,,,,31853.0,,,,,4209.0,3474.0,,,,,,,,,,,1082513.0,,,,5364.0,,,,0.0049551367974333795,,,,,,,,,,,,,,,,,,,,,,,,,,,,,,,,,ddr4_2x,3671300.0,0.10906351050136565,0.0030162088668205,31853.0,l1d,4209.0,0.1321382601324836,3474.0,imp,matmult_imp_stage2_s16_ipd8_addr8_l1d_ddr4_2x,7397876.0,,0.001223,1222542900.0,1.0310711365494685,1.061324611610793,1.0,,stage2,sdist16,0.001223,1.0310711365494685,,,,0.001298,0.003007138708384585,,,,,,,,,,,,,stage2: s16_ipd8_addr8
,matmult,s16_ipd8_addr8,,,,,,,,,,0.001238,,2.010689,,,,2138080.0,,,,1157985.0,,,,0.5416004078425504,,,,,,,,,,,,,,,,,,,,,,,,1076921.0,,,,1932.0,,,,0.0017940034598638154,,,,,,,6610.0,,,,,5.0,3480.0,,,,,,,,,,,,,,,,,,,,ddr4_1x,3679279.0,0.5264750378214826,0.003005220274874,6610.0,l2,5.0,0.0007564296520423601,3480.0,imp,matmult_imp_stage2_s16_ipd8_addr8_l2_ddr4_1x,7397876.0,,0.001225,1225199907.0,1.010612244897959,1.0440816326530613,1.0,,stage2,sdist16,0.001225,1.010612244897959,,,,0.001279,0.6430155210643016,,,,,,,,,,,,,stage2: s16_ipd8_addr8
,matmult,s16_ipd8_addr8,,,,,,,,,,0.00123,,2.02936,,,,2139089.0,,,,1159562.0,,,,0.542082166754165,,,,,,,,,,,,,,,,,,,,,,,,1078053.0,,,,1912.0,,,,0.0017735677188412814,,,,,,,6424.0,,,,,14.0,3499.0,,,,,,,,,,,,,,,,,,,,ddr4_2x,3645427.0,0.5446762141967622,0.0030175186837788,6424.0,l2,14.0,0.0021793275217932753,3499.0,imp,matmult_imp_stage2_s16_ipd8_addr8_l2_ddr4_2x,7397876.0,,0.001214,1213927191.0,1.013179571663921,1.0691927512355848,1.0,,stage2,sdist16,0.001214,1.013179571663921,,,,0.001298,0.6466457216780632,,,,,,,,,,,,,stage2: s16_ipd8_addr8
,matmult,s16,,,,,,,,,,0.001242,,2.039471,,,,2138816.0,,,,1150500.0,,,,0.5379144349023011,,,,,,,34743.0,,,,,5007.0,3667.0,,,,,,,,,,,1083178.0,,,,5475.0,,,,0.005054570901550807,,,,,,,,,,,,,,,,,,,,,,,,,,,,,,,,,ddr4_1x,3627354.0,0.1055464410096998,0.0031873098652759,34743.0,l1d,5007.0,0.14411536136775754,3667.0,imp,matmult_imp_stage2_s16_l1d_ddr4_1x,7397876.0,,0.001208,1207908882.0,1.0281456953642385,1.058774834437086,1.0,,stage2,sdist16,0.001208,1.0281456953642385,,,,0.001279,0.00317718319792543,,,,,,,,,,,,,stage2: s16
,matmult,s16,,,,,,,,,,0.001261,,2.015059,,,,2140009.0,,,,1151777.0,,,,0.5382112878964528,,,,,,,31853.0,,,,,4209.0,3474.0,,,,,,,,,,,1082513.0,,,,5364.0,,,,0.0049551367974333795,,,,,,,,,,,,,,,,,,,,,,,,,,,,,,,,,ddr4_2x,3671300.0,0.10906351050136565,0.0030162088668205,31853.0,l1d,4209.0,0.1321382601324836,3474.0,imp,matmult_imp_stage2_s16_l1d_ddr4_2x,7397876.0,,0.001223,1222542900.0,1.0310711365494685,1.061324611610793,1.0,,stage2,sdist16,0.001223,1.0310711365494685,,,,0.001298,0.003007138708384585,,,,,,,,,,,,,stage2: s16
,matmult,s16,,,,,,,,,,0.001238,,2.010689,,,,2138080.0,,,,1157985.0,,,,0.5416004078425504,,,,,,,,,,,,,,,,,,,,,,,,1076921.0,,,,1932.0,,,,0.0017940034598638154,,,,,,,6610.0,,,,,5.0,3480.0,,,,,,,,,,,,,,,,,,,,ddr4_1x,3679279.0,0.5264750378214826,0.003005220274874,6610.0,l2,5.0,0.0007564296520423601,3480.0,imp,matmult_imp_stage2_s16_l2_ddr4_1x,7397876.0,,0.001225,1225199907.0,1.010612244897959,1.0440816326530613,1.0,,stage2,sdist16,0.001225,1.010612244897959,,,,0.001279,0.6430155210643016,,,,,,,,,,,,,stage2: s16
,matmult,s16,,,,,,,,,,0.00123,,2.02936,,,,2139089.0,,,,1159562.0,,,,0.542082166754165,,,,,,,,,,,,,,,,,,,,,,,,1078053.0,,,,1912.0,,,,0.0017735677188412814,,,,,,,6424.0,,,,,14.0,3499.0,,,,,,,,,,,,,,,,,,,,ddr4_2x,3645427.0,0.5446762141967622,0.0030175186837788,6424.0,l2,14.0,0.0021793275217932753,3499.0,imp,matmult_imp_stage2_s16_l2_ddr4_2x,7397876.0,,0.001214,1213927191.0,1.013179571663921,1.0691927512355848,1.0,,stage2,sdist16,0.001214,1.013179571663921,,,,0.001298,0.6466457216780632,,,,,,,,,,,,,stage2: s16
,matmult,s16_pt8_sth2,,,,,,,,,,0.001242,,2.031764,,,,2138559.0,,,,1146579.0,,,,0.5361456008461772,,,,,,,31746.0,,,,,4317.0,3611.0,,,,,,,,,,,1081616.0,,,,5476.0,,,,0.005062794929069097,,,,,,,,,,,,,,,,,,,,,,,,,,,,,,,,,ddr4_1x,3641111.0,0.11374661374661375,0.003149368687199,31746.0,l1d,4317.0,0.13598563598563598,3611.0,imp,matmult_imp_stage2_s16_pt8_sth2_l1d_ddr4_1x,7397871.0,,0.001212,1212489963.0,1.0247524752475248,1.0552805280528053,0.9966996699669968,,stage2,sdist16,0.001208,1.0281456953642385,,,,0.001279,0.0031394813030890547,,,,,,,,,,,,,stage2: s16_pt8_sth2
,matmult,s16_pt8_sth2,,,,,,,,,,0.001261,,2.01746,,,,2139319.0,,,,1150477.0,,,,0.5377772085415966,,,,,,,30522.0,,,,,4212.0,3567.0,,,,,,,,,,,1082013.0,,,,5380.0,,,,0.004972213827375457,,,,,,,,,,,,,,,,,,,,,,,,,,,,,,,,,ddr4_2x,3666930.0,0.11686652250835462,0.003100453116403,30522.0,l1d,4212.0,0.13799882052290152,3567.0,imp,matmult_imp_stage2_s16_pt8_sth2_l1d_ddr4_2x,7397876.0,,0.001221,1221087690.0,1.0327600327600326,1.0630630630630629,1.0016380016380015,,stage2,sdist16,0.001223,1.0310711365494685,,,,0.001298,0.003090870018820773,,,,,,,,,,,,,stage2: s16_pt8_sth2
,matmult,s16_pt8_sth2,,,,,,,,,,0.001238,,2.017777,,,,2138468.0,,,,1158184.0,,,,0.541595198057675,,,,,,,,,,,,,,,,,,,,,,,,1077465.0,,,,1925.0,,,,0.0017866009568756295,,,,,,,6462.0,,,,,19.0,3498.0,,,,,,,,,,,,,,,,,,,,ddr4_1x,3666354.0,0.5413184772516249,0.0030202454877636,6462.0,l2,19.0,0.002940266171463943,3498.0,imp,matmult_imp_stage2_s16_pt8_sth2_l2_ddr4_1x,7397876.0,,0.001221,1220895882.0,1.0139230139230138,1.0475020475020473,1.003276003276003,,stage2,sdist16,0.001225,1.010612244897959,,,,0.001279,0.6450304259634888,,,,,,,,,,,,,stage2: s16_pt8_sth2
,matmult,s16_pt8_sth2,,,,,,,,,,0.00123,,2.02497,,,,2138910.0,,,,1158222.0,,,,0.5415010449247514,,,,,,,,,,,,,,,,,,,,,,,,1077804.0,,,,1875.0,,,,0.0017396483961833506,,,,,,,6429.0,,,,,12.0,3528.0,,,,,,,,,,,,,,,,,,,,ddr4_2x,3653331.0,0.5487634157722818,0.0030460481669317,6429.0,l2,12.0,0.0018665422305179655,3528.0,imp,matmult_imp_stage2_s16_pt8_sth2_l2_ddr4_2x,7397876.0,,0.001217,1216559223.0,1.010682004930156,1.066557107641742,0.9975349219391948,,stage2,sdist16,0.001214,1.013179571663921,,,,0.001298,0.6529705719044975,,,,,,,,,,,,,stage2: s16_pt8_sth2
,matmult,s16_pt8_sth8,,,,,,,,,,0.001242,,2.030688,,,,2138917.0,,,,1151284.0,,,,0.538255575134519,,,,,,,33484.0,,,,,4745.0,3377.0,,,,,,,,,,,1083072.0,,,,5454.0,,,,0.00503567629852863,,,,,,,,,,,,,,,,,,,,,,,,,,,,,,,,,ddr4_1x,3643043.0,0.10085413929040736,0.0029332467054176,33484.0,l1d,4745.0,0.14170947318122087,3377.0,imp,matmult_imp_stage2_s16_pt8_sth8_l1d_ddr4_1x,7397876.0,,0.001213,1213133319.0,1.0239076669414673,1.0544105523495464,0.9958779884583676,,stage2,sdist16,0.001208,1.0281456953642385,,,,0.001279,0.0029246679328391624,,,,,,,,,,,,,stage2: s16_pt8_sth8
,matmult,s16_pt8_sth8,,,,,,,,,,0.001261,,2.016143,,,,2139297.0,,,,1150390.0,,,,0.5377420713439975,,,,,,,32427.0,,,,,4004.0,3486.0,,,,,,,,,,,1081761.0,,,,5372.0,,,,0.004965976773058004,,,,,,,,,,,,,,,,,,,,,,,,,,,,,,,,,ddr4_2x,3669323.0,0.10750300675363124,0.0030302766887751,32427.0,l1d,4004.0,0.12347734912264471,3486.0,imp,matmult_imp_stage2_s16_pt8_sth8_l1d_ddr4_2x,7397871.0,,0.001222,1221884559.0,1.0319148936170213,1.0621931260229132,1.000818330605565,,stage2,sdist16,0.001223,1.0310711365494685,,,,0.001298,0.0030211218536480523,,,,,,,,,,,,,stage2: s16_pt8_sth8
,matmult,s16_pt8_sth8,,,,,,,,,,0.001238,,2.009035,,,,2138534.0,,,,1158140.0,,,,0.5415579083615224,,,,,,,,,,,,,,,,,,,,,,,,1077241.0,,,,1939.0,,,,0.001799968623548491,,,,,,,6604.0,,,,,20.0,3476.0,,,,,,,,,,,,,,,,,,,,ddr4_1x,3682305.0,0.5263476680799516,0.0030013642564802,6604.0,l2,20.0,0.0030284675953967293,3476.0,imp,matmult_imp_stage2_s16_pt8_sth8_l2_ddr4_1x,7397871.0,,0.001226,1226207565.0,1.0097879282218596,1.0432300163132135,0.999184339314845,,stage2,sdist16,0.001225,1.010612244897959,,,,0.001279,0.6419205909510619,,,,,,,,,,,,,stage2: s16_pt8_sth8
,matmult,s16_pt8_sth8,,,,,,,,,,0.00123,,2.028326,,,,2139140.0,,,,1159146.0,,,,0.5418747721046776,,,,,,,,,,,,,,,,,,,,,,,,1078366.0,,,,1911.0,,,,0.0017721256048503012,,,,,,,6173.0,,,,,12.0,3505.0,,,,,,,,,,,,,,,,,,,,ddr4_2x,3647283.0,0.5677952373238295,0.0030237778502449,6173.0,l2,12.0,0.00194394945731411,3505.0,imp,matmult_imp_stage2_s16_pt8_sth8_l2_ddr4_2x,7397871.0,,0.001215,1214545239.0,1.0123456790123455,1.068312757201646,0.9991769547325104,,stage2,sdist16,0.001214,1.013179571663921,,,,0.001298,0.6471565731166913,,,,,,,,,,,,,stage2: s16_pt8_sth8
,matmult,s16_sth2,,,,,,,,,,0.001242,,2.031764,,,,2138559.0,,,,1146579.0,,,,0.5361456008461772,,,,,,,31746.0,,,,,4317.0,3611.0,,,,,,,,,,,1081616.0,,,,5476.0,,,,0.005062794929069097,,,,,,,,,,,,,,,,,,,,,,,,,,,,,,,,,ddr4_1x,3641111.0,0.11374661374661375,0.003149368687199,31746.0,l1d,4317.0,0.13598563598563598,3611.0,imp,matmult_imp_stage2_s16_sth2_l1d_ddr4_1x,7397871.0,,0.001212,1212489963.0,1.0247524752475248,1.0552805280528053,0.9966996699669968,,stage2,sdist16,0.001208,1.0281456953642385,,,,0.001279,0.0031394813030890547,,,,,,,,,,,,,stage2: s16_sth2
,matmult,s16_sth2,,,,,,,,,,0.001261,,2.01746,,,,2139319.0,,,,1150477.0,,,,0.5377772085415966,,,,,,,30522.0,,,,,4212.0,3567.0,,,,,,,,,,,1082013.0,,,,5380.0,,,,0.004972213827375457,,,,,,,,,,,,,,,,,,,,,,,,,,,,,,,,,ddr4_2x,3666930.0,0.11686652250835462,0.003100453116403,30522.0,l1d,4212.0,0.13799882052290152,3567.0,imp,matmult_imp_stage2_s16_sth2_l1d_ddr4_2x,7397876.0,,0.001221,1221087690.0,1.0327600327600326,1.0630630630630629,1.0016380016380015,,stage2,sdist16,0.001223,1.0310711365494685,,,,0.001298,0.003090870018820773,,,,,,,,,,,,,stage2: s16_sth2
,matmult,s16_sth2,,,,,,,,,,0.001238,,2.009314,,,,2138832.0,,,,1158574.0,,,,0.5416853684627871,,,,,,,,,,,,,,,,,,,,,,,,1078071.0,,,,1945.0,,,,0.0018041483353137223,,,,,,,6685.0,,,,,20.0,3487.0,,,,,,,,,,,,,,,,,,,,ddr4_1x,3681793.0,0.5216155572176514,0.0030097343803675,6685.0,l2,20.0,0.0029917726252804786,3487.0,imp,matmult_imp_stage2_s16_sth2_l2_ddr4_1x,7397871.0,,0.001226,1226037069.0,1.0097879282218596,1.0432300163132135,0.999184339314845,,stage2,sdist16,0.001225,1.010612244897959,,,,0.001279,0.6419366715758469,,,,,,,,,,,,,stage2: s16_sth2
,matmult,s16_sth2,,,,,,,,,,0.00123,,2.026399,,,,2138328.0,,,,1158301.0,,,,0.5416853728707663,,,,,,,,,,,,,,,,,,,,,,,,1077294.0,,,,1908.0,,,,0.0017711042668018201,,,,,,,6485.0,,,,,10.0,3502.0,,,,,,,,,,,,,,,,,,,,ddr4_2x,3650752.0,0.5400154202004626,0.0030233937465304,6485.0,l2,10.0,0.0015420200462606013,3502.0,imp,matmult_imp_stage2_s16_sth2_l2_ddr4_2x,7397871.0,,0.001216,1215700416.0,1.0115131578947367,1.0674342105263157,0.9983552631578948,,stage2,sdist16,0.001214,1.013179571663921,,,,0.001298,0.6473197781885397,,,,,,,,,,,,,stage2: s16_sth2
,matmult,s16_sth8,,,,,,,,,,0.001242,,2.030688,,,,2138917.0,,,,1151284.0,,,,0.538255575134519,,,,,,,33484.0,,,,,4745.0,3377.0,,,,,,,,,,,1083072.0,,,,5454.0,,,,0.00503567629852863,,,,,,,,,,,,,,,,,,,,,,,,,,,,,,,,,ddr4_1x,3643043.0,0.10085413929040736,0.0029332467054176,33484.0,l1d,4745.0,0.14170947318122087,3377.0,imp,matmult_imp_stage2_s16_sth8_l1d_ddr4_1x,7397876.0,,0.001213,1213133319.0,1.0239076669414673,1.0544105523495464,0.9958779884583676,,stage2,sdist16,0.001208,1.0281456953642385,,,,0.001279,0.0029246679328391624,,,,,,,,,,,,,stage2: s16_sth8
,matmult,s16_sth8,,,,,,,,,,0.001261,,2.016143,,,,2139297.0,,,,1150390.0,,,,0.5377420713439975,,,,,,,32427.0,,,,,4004.0,3486.0,,,,,,,,,,,1081761.0,,,,5372.0,,,,0.004965976773058004,,,,,,,,,,,,,,,,,,,,,,,,,,,,,,,,,ddr4_2x,3669323.0,0.10750300675363124,0.0030302766887751,32427.0,l1d,4004.0,0.12347734912264471,3486.0,imp,matmult_imp_stage2_s16_sth8_l1d_ddr4_2x,7397871.0,,0.001222,1221884559.0,1.0319148936170213,1.0621931260229132,1.000818330605565,,stage2,sdist16,0.001223,1.0310711365494685,,,,0.001298,0.0030211218536480523,,,,,,,,,,,,,stage2: s16_sth8
,matmult,s16_sth8,,,,,,,,,,0.001238,,2.009035,,,,2138534.0,,,,1158140.0,,,,0.5415579083615224,,,,,,,,,,,,,,,,,,,,,,,,1077241.0,,,,1939.0,,,,0.001799968623548491,,,,,,,6604.0,,,,,20.0,3476.0,,,,,,,,,,,,,,,,,,,,ddr4_1x,3682305.0,0.5263476680799516,0.0030013642564802,6604.0,l2,20.0,0.0030284675953967293,3476.0,imp,matmult_imp_stage2_s16_sth8_l2_ddr4_1x,7397871.0,,0.001226,1226207565.0,1.0097879282218596,1.0432300163132135,0.999184339314845,,stage2,sdist16,0.001225,1.010612244897959,,,,0.001279,0.6419205909510619,,,,,,,,,,,,,stage2: s16_sth8
,matmult,s16_sth8,,,,,,,,,,0.00123,,2.028326,,,,2139140.0,,,,1159146.0,,,,0.5418747721046776,,,,,,,,,,,,,,,,,,,,,,,,1078366.0,,,,1911.0,,,,0.0017721256048503012,,,,,,,6173.0,,,,,12.0,3505.0,,,,,,,,,,,,,,,,,,,,ddr4_2x,3647283.0,0.5677952373238295,0.0030237778502449,6173.0,l2,12.0,0.00194394945731411,3505.0,imp,matmult_imp_stage2_s16_sth8_l2_ddr4_2x,7397871.0,,0.001215,1214545239.0,1.0123456790123455,1.068312757201646,0.9991769547325104,,stage2,sdist16,0.001214,1.013179571663921,,,,0.001298,0.6471565731166913,,,,,,,,,,,,,stage2: s16_sth8
,matmult,s2,,,,,,,,,,0.001242,,1.926241,,,,2138224.0,,,,1153849.0,,,,0.5396296178510764,,,,,,,60567.0,,,,,6792.0,4069.0,,,,,,,,,,,1084909.0,,,,5448.0,,,,0.005021619324754426,,,,,,,,,,,,,,,,,,,,,,,,,,,,,,,,,ddr4_1x,3840578.0,0.06718179866924233,0.0035264579680703,60567.0,l1d,6792.0,0.11214027440685521,4069.0,imp,matmult_imp_stage2_s2_l1d_ddr4_1x,7397871.0,,0.001279,1278912474.0,0.9710711493354184,1.0,0.944487881157154,,stage2,sdist16,0.001208,1.0281456953642385,,,,0.001279,0.0035140657628605827,,,,,,,,,,,,,stage2: s2
,matmult,s2,,,,,,,,,,0.001261,,1.897162,,,,2139910.0,,,,1156421.0,,,,0.5404063722306078,,,,,,,63840.0,,,,,6382.0,3662.0,,,,,,,,,,,1085073.0,,,,5341.0,,,,0.004922249470772935,,,,,,,,,,,,,,,,,,,,,,,,,,,,,,,,,ddr4_2x,3899445.0,0.05736215538847118,0.0031666668107894,63840.0,l1d,6382.0,0.099968671679198,3662.0,imp,matmult_imp_stage2_s2_l1d_ddr4_2x,7397871.0,,0.001299,1298515185.0,0.970746728252502,0.9992301770592763,0.9414934565050036,,stage2,sdist16,0.001223,1.0310711365494685,,,,0.001298,0.0031566706864939835,,,,,,,,,,,,,stage2: s2
,matmult,s2,,,,,,,,,,0.001238,,1.963687,,,,2138816.0,,,,1159420.0,,,,0.5420849666357461,,,,,,,,,,,,,,,,,,,,,,,,1077774.0,,,,3370.0,,,,0.0031268150836817367,,,,,,,4904.0,,,,,3.0,2051.0,,,,,,,,,,,,,,,,,,,,ddr4_1x,3767345.0,0.4182300163132137,0.0017689879422469,4904.0,l2,3.0,0.0006117455138662316,2051.0,imp,matmult_imp_stage2_s2_l2_ddr4_1x,7397876.0,,0.001255,1254525885.0,0.9864541832669322,1.0191235059760955,0.9760956175298804,,stage2,sdist16,0.001225,1.010612244897959,,,,0.001279,0.3783434790629035,,,,,,,,,,,,,stage2: s2
,matmult,s2,,,,,,,,,,0.00123,,1.975709,,,,2138670.0,,,,1158925.0,,,,0.5418905207442009,,,,,,,,,,,,,,,,,,,,,,,,1077472.0,,,,3407.0,,,,0.003162031124706721,,,,,,,4981.0,,,,,3.0,1953.0,,,,,,,,,,,,,,,,,,,,ddr4_2x,3744418.0,0.3920899417787593,0.0016851823888517,4981.0,l2,3.0,0.0006022886970487854,1953.0,imp,matmult_imp_stage2_s2_l2_ddr4_2x,7397871.0,,0.001247,1246891194.0,0.9863672814755412,1.040898155573376,0.9735364875701684,,stage2,sdist16,0.001214,1.013179571663921,,,,0.001298,0.36436567164179107,,,,,,,,,,,,,stage2: s2
,matmult,s2_sth2,,,,,,,,,,0.001242,,1.929457,,,,2139072.0,,,,1153979.0,,,,0.5394764645603327,,,,,,,61696.0,,,,,6149.0,4242.0,,,,,,,,,,,1084406.0,,,,5472.0,,,,0.005046080527035078,,,,,,,,,,,,,,,,,,,,,,,,,,,,,,,,,ddr4_1x,3834178.0,0.06875648340248963,0.0036759767725409,61696.0,l1d,6149.0,0.09966610477178424,4242.0,imp,matmult_imp_stage2_s2_sth2_l1d_ddr4_1x,7397871.0,,0.001277,1276781274.0,0.9725920125293658,1.0015661707126078,0.9459671104150352,,stage2,sdist16,0.001208,1.0281456953642385,,,,0.001279,0.0036625134581396816,,,,,,,,,,,,,stage2: s2_sth2
,matmult,s2_sth2,,,,,,,,,,0.001261,,1.900467,,,,2139754.0,,,,1155958.0,,,,0.5402293908552105,,,,,,,64152.0,,,,,6763.0,3592.0,,,,,,,,,,,1085459.0,,,,5343.0,,,,0.004922341608480836,,,,,,,,,,,,,,,,,,,,,,,,,,,,,,,,,ddr4_2x,3892665.0,0.05599201895498192,0.0031073793338512,64152.0,l1d,6763.0,0.10542149894001746,3592.0,imp,matmult_imp_stage2_s2_sth2_l1d_ddr4_2x,7397871.0,,0.001296,1296257445.0,0.9729938271604938,1.001543209876543,0.9436728395061728,,stage2,sdist16,0.001223,1.0310711365494685,,,,0.001298,0.0030977534388340303,,,,,,,,,,,,,stage2: s2_sth2
,matmult,s2_sth2,,,,,,,,,,0.001238,,1.968912,,,,2139308.0,,,,1159619.0,,,,0.542053318175784,,,,,,,,,,,,,,,,,,,,,,,,1078491.0,,,,3402.0,,,,0.0031544074081285797,,,,,,,5038.0,,,,,3.0,2004.0,,,,,,,,,,,,,,,,,,,,ddr4_1x,3757346.0,0.3977768955934895,0.0017281538160378,5038.0,l2,3.0,0.0005954743946010321,2004.0,imp,matmult_imp_stage2_s2_sth2_l2_ddr4_1x,7397876.0,,0.001251,1251196218.0,0.9896083133493204,1.0223820943245403,0.9792166266986412,,stage2,sdist16,0.001225,1.010612244897959,,,,0.001279,0.3706992230854606,,,,,,,,,,,,,stage2: s2_sth2
,matmult,s2_sth2,,,,,,,,,,0.00123,,1.979714,,,,2139679.0,,,,1157578.0,,,,0.541005449882903,,,,,,,,,,,,,,,,,,,,,,,,1078011.0,,,,3370.0,,,,0.0031261276554691926,,,,,,,4949.0,,,,,3.0,2004.0,,,,,,,,,,,,,,,,,,,,ddr4_2x,3736842.0,0.4049302889472621,0.0017312008348465,4949.0,l2,3.0,0.0006061830672863204,2004.0,imp,matmult_imp_stage2_s2_sth2_l2_ddr4_2x,7397871.0,,0.001244,1244368386.0,0.9887459807073954,1.0434083601286173,0.9758842443729904,,stage2,sdist16,0.001214,1.013179571663921,,,,0.001298,0.3729065872720506,,,,,,,,,,,,,stage2: s2_sth2
,matmult,s2_sth8,,,,,,,,,,0.001242,,1.934996,,,,2139077.0,,,,1152901.0,,,,0.5389712478793424,,,,,,,59042.0,,,,,7203.0,3625.0,,,,,,,,,,,1085366.0,,,,5469.0,,,,0.005038853253188326,,,,,,,,,,,,,,,,,,,,,,,,,,,,,,,,,ddr4_1x,3823202.0,0.06139697164730192,0.0031442422202773,59042.0,l1d,7203.0,0.12199789980014226,3625.0,imp,matmult_imp_stage2_s2_sth8_l1d_ddr4_1x,7397871.0,,0.001273,1273126266.0,0.9756480754124116,1.00471327572663,0.9489395129615082,,stage2,sdist16,0.001208,1.0281456953642385,,,,0.001279,0.003134386948499212,,,,,,,,,,,,,stage2: s2_sth8
,matmult,s2_sth8,,,,,,,,,,0.001261,,1.919892,,,,2137814.0,,,,1154531.0,,,,0.5400521280148788,,,,,,,64569.0,,,,,6783.0,3719.0,,,,,,,,,,,1084018.0,,,,5350.0,,,,0.004935342402063434,,,,,,,,,,,,,,,,,,,,,,,,,,,,,,,,,ddr4_2x,3853282.0,0.05759729901345847,0.0032212214310399,64569.0,l1d,6783.0,0.1050504111880314,3719.0,imp,matmult_imp_stage2_s2_sth8_l1d_ddr4_2x,7397876.0,,0.001283,1283142906.0,0.9828526890101325,1.0116913484021823,0.9532346063912704,,stage2,sdist16,0.001223,1.0310711365494685,,,,0.001298,0.0032108784804662205,,,,,,,,,,,,,stage2: s2_sth8
,matmult,s2_sth8,,,,,,,,,,0.001238,,1.957996,,,,2139320.0,,,,1158876.0,,,,0.541702971037526,,,,,,,,,,,,,,,,,,,,,,,,1078165.0,,,,3531.0,,,,0.0032750089272050196,,,,,,,5187.0,,,,,3.0,1886.0,,,,,,,,,,,,,,,,,,,,ddr4_1x,3778295.0,0.36360131096973203,0.0016274390012391,5187.0,l2,3.0,0.000578368999421631,1886.0,imp,matmult_imp_stage2_s2_sth8_l2_ddr4_1x,7397876.0,,0.001258,1258172235.0,0.9841017488076312,1.0166931637519872,0.9737678855325914,,stage2,sdist16,0.001225,1.010612244897959,,,,0.001279,0.3481631899575411,,,,,,,,,,,,,stage2: s2_sth8
,matmult,s2_sth8,,,,,,,,,,0.00123,,1.97336,,,,2139733.0,,,,1160146.0,,,,0.5421919463783565,,,,,,,,,,,,,,,,,,,,,,,,1078396.0,,,,3361.0,,,,0.003116665863003943,,,,,,,4881.0,,,,,3.0,2016.0,,,,,,,,,,,,,,,,,,,,ddr4_2x,3748875.0,0.4130301167793485,0.0017377123224145,4881.0,l2,3.0,0.0006146281499692685,2016.0,imp,matmult_imp_stage2_s2_sth8_l2_ddr4_2x,7397871.0,,0.001248,1248375375.0,0.9855769230769232,1.0400641025641024,0.9727564102564102,,stage2,sdist16,0.001214,1.013179571663921,,,,0.001298,0.37493025850846196,,,,,,,,,,,,,stage2: s2_sth8
,matmult,s8_dist32_addr8,,,,,,,,,,0.001242,,2.018409,,,,2138251.0,,,,1149933.0,,,,0.5377914005418447,,,,,,,36362.0,,,,,5124.0,3741.0,,,,,,,,,,,1082484.0,,,,5466.0,,,,0.0050494972673961,,,,,,,,,,,,,,,,,,,,,,,,,,,,,,,,,ddr4_1x,3665203.0,0.10288212969583631,0.0032532330144451,36362.0,l1d,5124.0,0.1409163412353556,3741.0,imp,matmult_imp_stage2_s8_dist32_addr8_l1d_ddr4_1x,7397871.0,,0.001221,1220512599.0,1.017199017199017,1.0475020475020473,0.9893529893529892,,stage2,sdist16,0.001208,1.0281456953642385,,,,0.001279,0.003242683808424217,,,,,,,,,,,,,stage2: s8_dist32_addr8
,matmult,s8_dist32_addr8,,,,,,,,,,0.001261,,2.006391,,,,2140070.0,,,,1151258.0,,,,0.537953431429813,,,,,,,37537.0,,,,,5903.0,4166.0,,,,,,,,,,,1084311.0,,,,5363.0,,,,0.00494599796552834,,,,,,,,,,,,,,,,,,,,,,,,,,,,,,,,,ddr4_2x,3687160.0,0.1109838292884354,0.0036186502069909,37537.0,l1d,5903.0,0.15725817193702213,4166.0,imp,matmult_imp_stage2_s8_dist32_addr8_l1d_ddr4_2x,7397876.0,,0.001228,1227824280.0,1.0268729641693812,1.0570032573289903,0.995928338762215,,stage2,sdist16,0.001223,1.0310711365494685,,,,0.001298,0.00360560279170244,,,,,,,,,,,,,stage2: s8_dist32_addr8
,matmult,s8_dist32_addr8,,,,,,,,,,0.001238,,1.988757,,,,2139187.0,,,,1159070.0,,,,0.5418273390778833,,,,,,,,,,,,,,,,,,,,,,,,1078265.0,,,,2213.0,,,,0.002052371170352372,,,,,,,6188.0,,,,,13.0,3186.0,,,,,,,,,,,,,,,,,,,,ddr4_1x,3719852.0,0.5148674854557207,0.0027487554677456,6188.0,l2,13.0,0.0021008403361344537,3186.0,imp,matmult_imp_stage2_s8_dist32_addr8_l2_ddr4_1x,7397871.0,,0.001239,1238710716.0,0.999192897497982,1.0322841000807101,0.9887005649717512,,stage2,sdist16,0.001225,1.010612244897959,,,,0.001279,0.590109279496203,,,,,,,,,,,,,stage2: s8_dist32_addr8
,matmult,s8_dist32_addr8,,,,,,,,,,0.00123,,2.015772,,,,2138385.0,,,,1157799.0,,,,0.5414361773020293,,,,,,,,,,,,,,,,,,,,,,,,1077359.0,,,,2222.0,,,,0.0020624508636396966,,,,,,,6699.0,,,,,9.0,3173.0,,,,,,,,,,,,,,,,,,,,ddr4_2x,3669999.0,0.47365278399761157,0.0027405447750429,6699.0,l2,9.0,0.0013434841021047917,3173.0,imp,matmult_imp_stage2_s8_dist32_addr8_l2_ddr4_2x,7397871.0,,0.001222,1222109667.0,1.006546644844517,1.0621931260229132,0.9934533551554828,,stage2,sdist16,0.001214,1.013179571663921,,,,0.001298,0.5881371640407785,,,,,,,,,,,,,stage2: s8_dist32_addr8
,matmult,s8_dist8_addr8,,,,,,,,,,0.001242,,2.018409,,,,2138251.0,,,,1149933.0,,,,0.5377914005418447,,,,,,,36362.0,,,,,5124.0,3741.0,,,,,,,,,,,1082484.0,,,,5466.0,,,,0.0050494972673961,,,,,,,,,,,,,,,,,,,,,,,,,,,,,,,,,ddr4_1x,3665203.0,0.10288212969583631,0.0032532330144451,36362.0,l1d,5124.0,0.1409163412353556,3741.0,imp,matmult_imp_stage2_s8_dist8_addr8_l1d_ddr4_1x,7397871.0,,0.001221,1220512599.0,1.017199017199017,1.0475020475020473,0.9893529893529892,,stage2,sdist16,0.001208,1.0281456953642385,,,,0.001279,0.003242683808424217,,,,,,,,,,,,,stage2: s8_dist8_addr8
,matmult,s8_dist8_addr8,,,,,,,,,,0.001261,,2.006391,,,,2140070.0,,,,1151258.0,,,,0.537953431429813,,,,,,,37537.0,,,,,5903.0,4166.0,,,,,,,,,,,1084311.0,,,,5363.0,,,,0.00494599796552834,,,,,,,,,,,,,,,,,,,,,,,,,,,,,,,,,ddr4_2x,3687160.0,0.1109838292884354,0.0036186502069909,37537.0,l1d,5903.0,0.15725817193702213,4166.0,imp,matmult_imp_stage2_s8_dist8_addr8_l1d_ddr4_2x,7397876.0,,0.001228,1227824280.0,1.0268729641693812,1.0570032573289903,0.995928338762215,,stage2,sdist16,0.001223,1.0310711365494685,,,,0.001298,0.00360560279170244,,,,,,,,,,,,,stage2: s8_dist8_addr8
,matmult,s8_dist8_addr8,,,,,,,,,,0.001238,,1.988757,,,,2139187.0,,,,1159070.0,,,,0.5418273390778833,,,,,,,,,,,,,,,,,,,,,,,,1078265.0,,,,2213.0,,,,0.002052371170352372,,,,,,,6188.0,,,,,13.0,3186.0,,,,,,,,,,,,,,,,,,,,ddr4_1x,3719852.0,0.5148674854557207,0.0027487554677456,6188.0,l2,13.0,0.0021008403361344537,3186.0,imp,matmult_imp_stage2_s8_dist8_addr8_l2_ddr4_1x,7397871.0,,0.001239,1238710716.0,0.999192897497982,1.0322841000807101,0.9887005649717512,,stage2,sdist16,0.001225,1.010612244897959,,,,0.001279,0.590109279496203,,,,,,,,,,,,,stage2: s8_dist8_addr8
,matmult,s8_dist8_addr8,,,,,,,,,,0.00123,,2.015772,,,,2138385.0,,,,1157799.0,,,,0.5414361773020293,,,,,,,,,,,,,,,,,,,,,,,,1077359.0,,,,2222.0,,,,0.0020624508636396966,,,,,,,6699.0,,,,,9.0,3173.0,,,,,,,,,,,,,,,,,,,,ddr4_2x,3669999.0,0.47365278399761157,0.0027405447750429,6699.0,l2,9.0,0.0013434841021047917,3173.0,imp,matmult_imp_stage2_s8_dist8_addr8_l2_ddr4_2x,7397871.0,,0.001222,1222109667.0,1.006546644844517,1.0621931260229132,0.9934533551554828,,stage2,sdist16,0.001214,1.013179571663921,,,,0.001298,0.5881371640407785,,,,,,,,,,,,,stage2: s8_dist8_addr8
,matmult,s8_ipd16_addr16,,,,,,,,,,0.001242,,2.018409,,,,2138251.0,,,,1149933.0,,,,0.5377914005418447,,,,,,,36362.0,,,,,5124.0,3741.0,,,,,,,,,,,1082484.0,,,,5466.0,,,,0.0050494972673961,,,,,,,,,,,,,,,,,,,,,,,,,,,,,,,,,ddr4_1x,3665203.0,0.10288212969583631,0.0032532330144451,36362.0,l1d,5124.0,0.1409163412353556,3741.0,imp,matmult_imp_stage2_s8_ipd16_addr16_l1d_ddr4_1x,7397871.0,,0.001221,1220512599.0,1.017199017199017,1.0475020475020473,0.9893529893529892,,stage2,sdist16,0.001208,1.0281456953642385,,,,0.001279,0.003242683808424217,,,,,,,,,,,,,stage2: s8_ipd16_addr16
,matmult,s8_ipd16_addr16,,,,,,,,,,0.001261,,2.006391,,,,2140070.0,,,,1151258.0,,,,0.537953431429813,,,,,,,37537.0,,,,,5903.0,4166.0,,,,,,,,,,,1084311.0,,,,5363.0,,,,0.00494599796552834,,,,,,,,,,,,,,,,,,,,,,,,,,,,,,,,,ddr4_2x,3687160.0,0.1109838292884354,0.0036186502069909,37537.0,l1d,5903.0,0.15725817193702213,4166.0,imp,matmult_imp_stage2_s8_ipd16_addr16_l1d_ddr4_2x,7397876.0,,0.001228,1227824280.0,1.0268729641693812,1.0570032573289903,0.995928338762215,,stage2,sdist16,0.001223,1.0310711365494685,,,,0.001298,0.00360560279170244,,,,,,,,,,,,,stage2: s8_ipd16_addr16
,matmult,s8_ipd16_addr16,,,,,,,,,,0.001238,,1.988757,,,,2139187.0,,,,1159070.0,,,,0.5418273390778833,,,,,,,,,,,,,,,,,,,,,,,,1078265.0,,,,2213.0,,,,0.002052371170352372,,,,,,,6188.0,,,,,13.0,3186.0,,,,,,,,,,,,,,,,,,,,ddr4_1x,3719852.0,0.5148674854557207,0.0027487554677456,6188.0,l2,13.0,0.0021008403361344537,3186.0,imp,matmult_imp_stage2_s8_ipd16_addr16_l2_ddr4_1x,7397871.0,,0.001239,1238710716.0,0.999192897497982,1.0322841000807101,0.9887005649717512,,stage2,sdist16,0.001225,1.010612244897959,,,,0.001279,0.590109279496203,,,,,,,,,,,,,stage2: s8_ipd16_addr16
,matmult,s8_ipd16_addr16,,,,,,,,,,0.00123,,2.015772,,,,2138385.0,,,,1157799.0,,,,0.5414361773020293,,,,,,,,,,,,,,,,,,,,,,,,1077359.0,,,,2222.0,,,,0.0020624508636396966,,,,,,,6699.0,,,,,9.0,3173.0,,,,,,,,,,,,,,,,,,,,ddr4_2x,3669999.0,0.47365278399761157,0.0027405447750429,6699.0,l2,9.0,0.0013434841021047917,3173.0,imp,matmult_imp_stage2_s8_ipd16_addr16_l2_ddr4_2x,7397871.0,,0.001222,1222109667.0,1.006546644844517,1.0621931260229132,0.9934533551554828,,stage2,sdist16,0.001214,1.013179571663921,,,,0.001298,0.5881371640407785,,,,,,,,,,,,,stage2: s8_ipd16_addr16
,matmult,s8_ipd16_pt32,,,,,,,,,,0.001242,,2.018409,,,,2138251.0,,,,1149933.0,,,,0.5377914005418447,,,,,,,36362.0,,,,,5124.0,3741.0,,,,,,,,,,,1082484.0,,,,5466.0,,,,0.0050494972673961,,,,,,,,,,,,,,,,,,,,,,,,,,,,,,,,,ddr4_1x,3665203.0,0.10288212969583631,0.0032532330144451,36362.0,l1d,5124.0,0.1409163412353556,3741.0,imp,matmult_imp_stage2_s8_ipd16_pt32_l1d_ddr4_1x,7397871.0,,0.001221,1220512599.0,1.017199017199017,1.0475020475020473,0.9893529893529892,,stage2,sdist16,0.001208,1.0281456953642385,,,,0.001279,0.003242683808424217,,,,,,,,,,,,,stage2: s8_ipd16_pt32
,matmult,s8_ipd16_pt32,,,,,,,,,,0.001261,,2.006391,,,,2140070.0,,,,1151258.0,,,,0.537953431429813,,,,,,,37537.0,,,,,5903.0,4166.0,,,,,,,,,,,1084311.0,,,,5363.0,,,,0.00494599796552834,,,,,,,,,,,,,,,,,,,,,,,,,,,,,,,,,ddr4_2x,3687160.0,0.1109838292884354,0.0036186502069909,37537.0,l1d,5903.0,0.15725817193702213,4166.0,imp,matmult_imp_stage2_s8_ipd16_pt32_l1d_ddr4_2x,7397876.0,,0.001228,1227824280.0,1.0268729641693812,1.0570032573289903,0.995928338762215,,stage2,sdist16,0.001223,1.0310711365494685,,,,0.001298,0.00360560279170244,,,,,,,,,,,,,stage2: s8_ipd16_pt32
,matmult,s8_ipd16_pt32,,,,,,,,,,0.001238,,1.988757,,,,2139187.0,,,,1159070.0,,,,0.5418273390778833,,,,,,,,,,,,,,,,,,,,,,,,1078265.0,,,,2213.0,,,,0.002052371170352372,,,,,,,6188.0,,,,,13.0,3186.0,,,,,,,,,,,,,,,,,,,,ddr4_1x,3719852.0,0.5148674854557207,0.0027487554677456,6188.0,l2,13.0,0.0021008403361344537,3186.0,imp,matmult_imp_stage2_s8_ipd16_pt32_l2_ddr4_1x,7397871.0,,0.001239,1238710716.0,0.999192897497982,1.0322841000807101,0.9887005649717512,,stage2,sdist16,0.001225,1.010612244897959,,,,0.001279,0.590109279496203,,,,,,,,,,,,,stage2: s8_ipd16_pt32
,matmult,s8_ipd16_pt32,,,,,,,,,,0.00123,,2.015772,,,,2138385.0,,,,1157799.0,,,,0.5414361773020293,,,,,,,,,,,,,,,,,,,,,,,,1077359.0,,,,2222.0,,,,0.0020624508636396966,,,,,,,6699.0,,,,,9.0,3173.0,,,,,,,,,,,,,,,,,,,,ddr4_2x,3669999.0,0.47365278399761157,0.0027405447750429,6699.0,l2,9.0,0.0013434841021047917,3173.0,imp,matmult_imp_stage2_s8_ipd16_pt32_l2_ddr4_2x,7397871.0,,0.001222,1222109667.0,1.006546644844517,1.0621931260229132,0.9934533551554828,,stage2,sdist16,0.001214,1.013179571663921,,,,0.001298,0.5881371640407785,,,,,,,,,,,,,stage2: s8_ipd16_pt32
,matmult,s8_ipd8_addr8,,,,,,,,,,0.001242,,2.018409,,,,2138251.0,,,,1149933.0,,,,0.5377914005418447,,,,,,,36362.0,,,,,5124.0,3741.0,,,,,,,,,,,1082484.0,,,,5466.0,,,,0.0050494972673961,,,,,,,,,,,,,,,,,,,,,,,,,,,,,,,,,ddr4_1x,3665203.0,0.10288212969583631,0.0032532330144451,36362.0,l1d,5124.0,0.1409163412353556,3741.0,imp,matmult_imp_stage2_s8_ipd8_addr8_l1d_ddr4_1x,7397871.0,,0.001221,1220512599.0,1.017199017199017,1.0475020475020473,0.9893529893529892,,stage2,sdist16,0.001208,1.0281456953642385,,,,0.001279,0.003242683808424217,,,,,,,,,,,,,stage2: s8_ipd8_addr8
,matmult,s8_ipd8_addr8,,,,,,,,,,0.001261,,2.006391,,,,2140070.0,,,,1151258.0,,,,0.537953431429813,,,,,,,37537.0,,,,,5903.0,4166.0,,,,,,,,,,,1084311.0,,,,5363.0,,,,0.00494599796552834,,,,,,,,,,,,,,,,,,,,,,,,,,,,,,,,,ddr4_2x,3687160.0,0.1109838292884354,0.0036186502069909,37537.0,l1d,5903.0,0.15725817193702213,4166.0,imp,matmult_imp_stage2_s8_ipd8_addr8_l1d_ddr4_2x,7397876.0,,0.001228,1227824280.0,1.0268729641693812,1.0570032573289903,0.995928338762215,,stage2,sdist16,0.001223,1.0310711365494685,,,,0.001298,0.00360560279170244,,,,,,,,,,,,,stage2: s8_ipd8_addr8
,matmult,s8_ipd8_addr8,,,,,,,,,,0.001238,,1.988757,,,,2139187.0,,,,1159070.0,,,,0.5418273390778833,,,,,,,,,,,,,,,,,,,,,,,,1078265.0,,,,2213.0,,,,0.002052371170352372,,,,,,,6188.0,,,,,13.0,3186.0,,,,,,,,,,,,,,,,,,,,ddr4_1x,3719852.0,0.5148674854557207,0.0027487554677456,6188.0,l2,13.0,0.0021008403361344537,3186.0,imp,matmult_imp_stage2_s8_ipd8_addr8_l2_ddr4_1x,7397871.0,,0.001239,1238710716.0,0.999192897497982,1.0322841000807101,0.9887005649717512,,stage2,sdist16,0.001225,1.010612244897959,,,,0.001279,0.590109279496203,,,,,,,,,,,,,stage2: s8_ipd8_addr8
,matmult,s8_ipd8_addr8,,,,,,,,,,0.00123,,2.015772,,,,2138385.0,,,,1157799.0,,,,0.5414361773020293,,,,,,,,,,,,,,,,,,,,,,,,1077359.0,,,,2222.0,,,,0.0020624508636396966,,,,,,,6699.0,,,,,9.0,3173.0,,,,,,,,,,,,,,,,,,,,ddr4_2x,3669999.0,0.47365278399761157,0.0027405447750429,6699.0,l2,9.0,0.0013434841021047917,3173.0,imp,matmult_imp_stage2_s8_ipd8_addr8_l2_ddr4_2x,7397871.0,,0.001222,1222109667.0,1.006546644844517,1.0621931260229132,0.9934533551554828,,stage2,sdist16,0.001214,1.013179571663921,,,,0.001298,0.5881371640407785,,,,,,,,,,,,,stage2: s8_ipd8_addr8
,matmult,s8,,,,,,,,,,0.001242,,2.018409,,,,2138251.0,,,,1149933.0,,,,0.5377914005418447,,,,,,,36362.0,,,,,5124.0,3741.0,,,,,,,,,,,1082484.0,,,,5466.0,,,,0.0050494972673961,,,,,,,,,,,,,,,,,,,,,,,,,,,,,,,,,ddr4_1x,3665203.0,0.10288212969583631,0.0032532330144451,36362.0,l1d,5124.0,0.1409163412353556,3741.0,imp,matmult_imp_stage2_s8_l1d_ddr4_1x,7397871.0,,0.001221,1220512599.0,1.017199017199017,1.0475020475020473,0.9893529893529892,,stage2,sdist16,0.001208,1.0281456953642385,,,,0.001279,0.003242683808424217,,,,,,,,,,,,,stage2: s8
,matmult,s8,,,,,,,,,,0.001261,,2.006391,,,,2140070.0,,,,1151258.0,,,,0.537953431429813,,,,,,,37537.0,,,,,5903.0,4166.0,,,,,,,,,,,1084311.0,,,,5363.0,,,,0.00494599796552834,,,,,,,,,,,,,,,,,,,,,,,,,,,,,,,,,ddr4_2x,3687160.0,0.1109838292884354,0.0036186502069909,37537.0,l1d,5903.0,0.15725817193702213,4166.0,imp,matmult_imp_stage2_s8_l1d_ddr4_2x,7397876.0,,0.001228,1227824280.0,1.0268729641693812,1.0570032573289903,0.995928338762215,,stage2,sdist16,0.001223,1.0310711365494685,,,,0.001298,0.00360560279170244,,,,,,,,,,,,,stage2: s8
,matmult,s8,,,,,,,,,,0.001238,,1.988757,,,,2139187.0,,,,1159070.0,,,,0.5418273390778833,,,,,,,,,,,,,,,,,,,,,,,,1078265.0,,,,2213.0,,,,0.002052371170352372,,,,,,,6188.0,,,,,13.0,3186.0,,,,,,,,,,,,,,,,,,,,ddr4_1x,3719852.0,0.5148674854557207,0.0027487554677456,6188.0,l2,13.0,0.0021008403361344537,3186.0,imp,matmult_imp_stage2_s8_l2_ddr4_1x,7397871.0,,0.001239,1238710716.0,0.999192897497982,1.0322841000807101,0.9887005649717512,,stage2,sdist16,0.001225,1.010612244897959,,,,0.001279,0.590109279496203,,,,,,,,,,,,,stage2: s8
,matmult,s8,,,,,,,,,,0.00123,,2.015772,,,,2138385.0,,,,1157799.0,,,,0.5414361773020293,,,,,,,,,,,,,,,,,,,,,,,,1077359.0,,,,2222.0,,,,0.0020624508636396966,,,,,,,6699.0,,,,,9.0,3173.0,,,,,,,,,,,,,,,,,,,,ddr4_2x,3669999.0,0.47365278399761157,0.0027405447750429,6699.0,l2,9.0,0.0013434841021047917,3173.0,imp,matmult_imp_stage2_s8_l2_ddr4_2x,7397871.0,,0.001222,1222109667.0,1.006546644844517,1.0621931260229132,0.9934533551554828,,stage2,sdist16,0.001214,1.013179571663921,,,,0.001298,0.5881371640407785,,,,,,,,,,,,,stage2: s8
,matmult,s8_pt8_sth2,,,,,,,,,,0.001242,,2.019115,,,,2138774.0,,,,1151248.0,,,,0.538274731224524,,,,,,,38881.0,,,,,6588.0,4221.0,,,,,,,,,,,1084645.0,,,,5474.0,,,,0.005046812551572174,,,,,,,,,,,,,,,,,,,,,,,,,,,,,,,,,ddr4_1x,3663922.0,0.10856202258172372,0.0036664558809222,38881.0,l1d,6588.0,0.16944008641753042,4221.0,imp,matmult_imp_stage2_s8_pt8_sth2_l1d_ddr4_1x,7397871.0,,0.00122,1220086026.0,1.018032786885246,1.048360655737705,0.9901639344262296,,stage2,sdist16,0.001208,1.0281456953642385,,,,0.001279,0.003653062089939237,,,,,,,,,,,,,stage2: s8_pt8_sth2
,matmult,s8_pt8_sth2,,,,,,,,,,0.001261,,1.997865,,,,2139931.0,,,,1150573.0,,,,0.5376682706124637,,,,,,,39085.0,,,,,6154.0,4067.0,,,,,,,,,,,1084487.0,,,,5366.0,,,,0.0049479615707703276,,,,,,,,,,,,,,,,,,,,,,,,,,,,,,,,,ddr4_2x,3702895.0,0.10405526416783932,0.0035347605062868,39085.0,l1d,6154.0,0.1574517078162978,4067.0,imp,matmult_imp_stage2_s8_pt8_sth2_l1d_ddr4_2x,7397876.0,,0.001233,1233064035.0,1.0227088402270883,1.0527169505271694,0.991889699918897,,stage2,sdist16,0.001223,1.0310711365494685,,,,0.001298,0.003522309984064297,,,,,,,,,,,,,stage2: s8_pt8_sth2
,matmult,s8_pt8_sth2,,,,,,,,,,0.001238,,1.996515,,,,2138628.0,,,,1158259.0,,,,0.5415897481937018,,,,,,,,,,,,,,,,,,,,,,,,1077683.0,,,,2228.0,,,,0.002067398298015279,,,,,,,6624.0,,,,,14.0,3161.0,,,,,,,,,,,,,,,,,,,,ddr4_1x,3705396.0,0.4772041062801932,0.0027290959966639,6624.0,l2,14.0,0.002113526570048309,3161.0,imp,matmult_imp_stage2_s8_pt8_sth2_l2_ddr4_1x,7397871.0,,0.001234,1233896868.0,1.003241491085899,1.0364667747163694,0.992706645056726,,stage2,sdist16,0.001225,1.010612244897959,,,,0.001279,0.5865652254592689,,,,,,,,,,,,,stage2: s8_pt8_sth2
,matmult,s8_pt8_sth2,,,,,,,,,,0.00123,,2.015524,,,,2139416.0,,,,1160395.0,,,,0.5423886705530855,,,,,,,,,,,,,,,,,,,,,,,,1078284.0,,,,2175.0,,,,0.0020170938268582305,,,,,,,6087.0,,,,,14.0,3203.0,,,,,,,,,,,,,,,,,,,,ddr4_2x,3670453.0,0.526203384261541,0.0027602669780548,6087.0,l2,14.0,0.0022999835715459176,3203.0,imp,matmult_imp_stage2_s8_pt8_sth2_l2_ddr4_2x,7397876.0,,0.001222,1222260849.0,1.006546644844517,1.0621931260229132,0.9934533551554828,,stage2,sdist16,0.001214,1.013179571663921,,,,0.001298,0.5955745630345853,,,,,,,,,,,,,stage2: s8_pt8_sth2
,matmult,s8_pt8_sth8,,,,,,,,,,0.001242,,2.017267,,,,2137730.0,,,,1148949.0,,,,0.5374621678135219,,,,,,,36599.0,,,,,5421.0,4235.0,,,,,,,,,,,1082773.0,,,,5458.0,,,,0.0050407610828862555,,,,,,,,,,,,,,,,,,,,,,,,,,,,,,,,,ddr4_1x,3667279.0,0.11571354408590398,0.003685977358438,36599.0,l1d,5421.0,0.14811880106013825,4235.0,imp,matmult_imp_stage2_s8_pt8_sth8_l1d_ddr4_1x,7397871.0,,0.001221,1221203907.0,1.017199017199017,1.0475020475020473,0.9893529893529892,,stage2,sdist16,0.001208,1.0281456953642385,,,,0.001279,0.003672440824707939,,,,,,,,,,,,,stage2: s8_pt8_sth8
,matmult,s8_pt8_sth8,,,,,,,,,,0.001261,,2.004692,,,,2138832.0,,,,1150474.0,,,,0.537898254748386,,,,,,,37152.0,,,,,6123.0,3983.0,,,,,,,,,,,1083826.0,,,,5360.0,,,,0.004945443272259569,,,,,,,,,,,,,,,,,,,,,,,,,,,,,,,,,ddr4_2x,3690283.0,0.107208225667528,0.0034620512936407,37152.0,l1d,6123.0,0.1648094315245478,3983.0,imp,matmult_imp_stage2_s8_pt8_sth8_l1d_ddr4_2x,7397871.0,,0.001229,1228864239.0,1.0260374288039056,1.0561432058584213,0.9951179820992676,,stage2,sdist16,0.001223,1.0310711365494685,,,,0.001298,0.003450106846768654,,,,,,,,,,,,,stage2: s8_pt8_sth8
,matmult,s8_pt8_sth8,,,,,,,,,,0.001238,,1.968385,,,,2139141.0,,,,1159156.0,,,,0.5418791935641456,,,,,,,,,,,,,,,,,,,,,,,,1078284.0,,,,2196.0,,,,0.0020365692155313443,,,,,,,5948.0,,,,,12.0,3189.0,,,,,,,,,,,,,,,,,,,,ddr4_1x,3758353.0,0.5361466039004708,0.0027511396222768,5948.0,l2,12.0,0.0020174848688634837,3189.0,imp,matmult_imp_stage2_s8_pt8_sth8_l2_ddr4_1x,7397876.0,,0.001252,1251531549.0,0.9888178913738018,1.0215654952076676,0.9784345047923322,,stage2,sdist16,0.001225,1.010612244897959,,,,0.001279,0.5922005571030641,,,,,,,,,,,,,stage2: s8_pt8_sth8
,matmult,s8_pt8_sth8,,,,,,,,,,0.00123,,2.003925,,,,2138698.0,,,,1159033.0,,,,0.5419339242847752,,,,,,,,,,,,,,,,,,,,,,,,1077652.0,,,,2188.0,,,,0.002030340035558789,,,,,,,6131.0,,,,,4.0,3198.0,,,,,,,,,,,,,,,,,,,,ddr4_2x,3691695.0,0.5216114826292612,0.0027591966751593,6131.0,l2,4.0,0.0006524221171097701,3198.0,imp,matmult_imp_stage2_s8_pt8_sth8_l2_ddr4_2x,7397871.0,,0.001229,1229334435.0,1.000813669650122,1.0561432058584213,0.9877949552481692,,stage2,sdist16,0.001214,1.013179571663921,,,,0.001298,0.5937616041589305,,,,,,,,,,,,,stage2: s8_pt8_sth8
,matmult,s8_sth2,,,,,,,,,,0.001242,,2.019115,,,,2138774.0,,,,1151248.0,,,,0.538274731224524,,,,,,,38881.0,,,,,6588.0,4221.0,,,,,,,,,,,1084645.0,,,,5474.0,,,,0.005046812551572174,,,,,,,,,,,,,,,,,,,,,,,,,,,,,,,,,ddr4_1x,3663922.0,0.10856202258172372,0.0036664558809222,38881.0,l1d,6588.0,0.16944008641753042,4221.0,imp,matmult_imp_stage2_s8_sth2_l1d_ddr4_1x,7397871.0,,0.00122,1220086026.0,1.018032786885246,1.048360655737705,0.9901639344262296,,stage2,sdist16,0.001208,1.0281456953642385,,,,0.001279,0.003653062089939237,,,,,,,,,,,,,stage2: s8_sth2
,matmult,s8_sth2,,,,,,,,,,0.001261,,1.997865,,,,2139931.0,,,,1150573.0,,,,0.5376682706124637,,,,,,,39085.0,,,,,6154.0,4067.0,,,,,,,,,,,1084487.0,,,,5366.0,,,,0.0049479615707703276,,,,,,,,,,,,,,,,,,,,,,,,,,,,,,,,,ddr4_2x,3702895.0,0.10405526416783932,0.0035347605062868,39085.0,l1d,6154.0,0.1574517078162978,4067.0,imp,matmult_imp_stage2_s8_sth2_l1d_ddr4_2x,7397876.0,,0.001233,1233064035.0,1.0227088402270883,1.0527169505271694,0.991889699918897,,stage2,sdist16,0.001223,1.0310711365494685,,,,0.001298,0.003522309984064297,,,,,,,,,,,,,stage2: s8_sth2
,matmult,s8_sth2,,,,,,,,,,0.001238,,2.000398,,,,2137540.0,,,,1157853.0,,,,0.5416754774179664,,,,,,,,,,,,,,,,,,,,,,,,1076640.0,,,,2230.0,,,,0.002071258730866399,,,,,,,6407.0,,,,,15.0,3181.0,,,,,,,,,,,,,,,,,,,,ddr4_1x,3698204.0,0.496488216013735,0.0027473263013525,6407.0,l2,15.0,0.0023411893241766816,3181.0,imp,matmult_imp_stage2_s8_sth2_l2_ddr4_1x,7397871.0,,0.001232,1231501932.0,1.00487012987013,1.0381493506493507,0.9943181818181818,,stage2,sdist16,0.001225,1.010612244897959,,,,0.001279,0.5878765477730549,,,,,,,,,,,,,stage2: s8_sth2
,matmult,s8_sth2,,,,,,,,,,0.00123,,2.015524,,,,2139416.0,,,,1160395.0,,,,0.5423886705530855,,,,,,,,,,,,,,,,,,,,,,,,1078284.0,,,,2175.0,,,,0.0020170938268582305,,,,,,,6087.0,,,,,14.0,3203.0,,,,,,,,,,,,,,,,,,,,ddr4_2x,3670453.0,0.526203384261541,0.0027602669780548,6087.0,l2,14.0,0.0022999835715459176,3203.0,imp,matmult_imp_stage2_s8_sth2_l2_ddr4_2x,7397876.0,,0.001222,1222260849.0,1.006546644844517,1.0621931260229132,0.9934533551554828,,stage2,sdist16,0.001214,1.013179571663921,,,,0.001298,0.5955745630345853,,,,,,,,,,,,,stage2: s8_sth2
,matmult,s8_sth8,,,,,,,,,,0.001242,,2.017267,,,,2137730.0,,,,1148949.0,,,,0.5374621678135219,,,,,,,36599.0,,,,,5421.0,4235.0,,,,,,,,,,,1082773.0,,,,5458.0,,,,0.0050407610828862555,,,,,,,,,,,,,,,,,,,,,,,,,,,,,,,,,ddr4_1x,3667279.0,0.11571354408590398,0.003685977358438,36599.0,l1d,5421.0,0.14811880106013825,4235.0,imp,matmult_imp_stage2_s8_sth8_l1d_ddr4_1x,7397871.0,,0.001221,1221203907.0,1.017199017199017,1.0475020475020473,0.9893529893529892,,stage2,sdist16,0.001208,1.0281456953642385,,,,0.001279,0.003672440824707939,,,,,,,,,,,,,stage2: s8_sth8
,matmult,s8_sth8,,,,,,,,,,0.001261,,2.004692,,,,2138832.0,,,,1150474.0,,,,0.537898254748386,,,,,,,37152.0,,,,,6123.0,3983.0,,,,,,,,,,,1083826.0,,,,5360.0,,,,0.004945443272259569,,,,,,,,,,,,,,,,,,,,,,,,,,,,,,,,,ddr4_2x,3690283.0,0.107208225667528,0.0034620512936407,37152.0,l1d,6123.0,0.1648094315245478,3983.0,imp,matmult_imp_stage2_s8_sth8_l1d_ddr4_2x,7397871.0,,0.001229,1228864239.0,1.0260374288039056,1.0561432058584213,0.9951179820992676,,stage2,sdist16,0.001223,1.0310711365494685,,,,0.001298,0.003450106846768654,,,,,,,,,,,,,stage2: s8_sth8
,matmult,s8_sth8,,,,,,,,,,0.001238,,1.968385,,,,2139141.0,,,,1159156.0,,,,0.5418791935641456,,,,,,,,,,,,,,,,,,,,,,,,1078284.0,,,,2196.0,,,,0.0020365692155313443,,,,,,,5948.0,,,,,12.0,3189.0,,,,,,,,,,,,,,,,,,,,ddr4_1x,3758353.0,0.5361466039004708,0.0027511396222768,5948.0,l2,12.0,0.0020174848688634837,3189.0,imp,matmult_imp_stage2_s8_sth8_l2_ddr4_1x,7397876.0,,0.001252,1251531549.0,0.9888178913738018,1.0215654952076676,0.9784345047923322,,stage2,sdist16,0.001225,1.010612244897959,,,,0.001279,0.5922005571030641,,,,,,,,,,,,,stage2: s8_sth8
,matmult,s8_sth8,,,,,,,,,,0.00123,,2.003925,,,,2138698.0,,,,1159033.0,,,,0.5419339242847752,,,,,,,,,,,,,,,,,,,,,,,,1077652.0,,,,2188.0,,,,0.002030340035558789,,,,,,,6131.0,,,,,4.0,3198.0,,,,,,,,,,,,,,,,,,,,ddr4_2x,3691695.0,0.5216114826292612,0.0027591966751593,6131.0,l2,4.0,0.0006524221171097701,3198.0,imp,matmult_imp_stage2_s8_sth8_l2_ddr4_2x,7397871.0,,0.001229,1229334435.0,1.000813669650122,1.0561432058584213,0.9877949552481692,,stage2,sdist16,0.001214,1.013179571663921,,,,0.001298,0.5937616041589305,,,,,,,,,,,,,stage2: s8_sth8
,merge,aggr_s16_sth2_d32_ipd16_addr16,,,,,,,,,,0.010348,,1.25771,,,,10970799.0,,,,775213.0,,,,0.07066148965084494,,,,,,,214948.0,,,,,5703.0,75417.0,,,,,,,,,,,211999.0,,,,73558.0,,,,0.346973334779881,,,,,,,,,,,,,,,,,,,,,,,,,,,,,,,,,ddr4_1x,30149700.0,0.3508616037367177,0.0972855202376637,214948.0,l1d,5703.0,0.026531998436831232,75417.0,imp,merge_imp_stage2_aggr_s16_sth2_d32_ipd16_addr16_l1d_ddr4_1x,37919552.0,,0.01004,10039850100.0,1.0306772908366533,1.1584661354581673,0.9997011952191236,,stage2,sdist16,0.010037,1.0309853541894989,,,,0.011631,0.08866016952141353,,,,,,,,,,,,,stage2: aggr_s16_sth2_d32_ipd16_addr16
,merge,aggr_s16_sth2_d32_ipd16_addr16,,,,,,,,,,0.010338,,1.263575,,,,10970392.0,,,,768582.0,,,,0.07005966605386571,,,,,,,214107.0,,,,,5650.0,75861.0,,,,,,,,,,,211892.0,,,,73579.0,,,,0.3472476544654824,,,,,,,,,,,,,,,,,,,,,,,,,,,,,,,,,ddr4_2x,30009200.0,0.354313497456879,0.0987025457270662,214107.0,l1d,5650.0,0.02638867482146777,75861.0,imp,merge_imp_stage2_aggr_s16_sth2_d32_ipd16_addr16_l1d_ddr4_2x,37918834.0,,0.009993,9993063600.0,1.0345241669168417,1.1705193635544882,1.000200140098069,,stage2,sdist16,0.009995,1.0343171585792896,,,,0.011697,0.08983554840291175,,,,,,,,,,,,,stage2: aggr_s16_sth2_d32_ipd16_addr16
,merge,aggr_s16_sth2_d32_ipd16_addr16,,,,,,,,,,0.010657,,1.219581,,,,11117458.0,,,,865508.0,,,,0.07785124980908406,,,,,,,,,,,,,,,,,,,,,,,,201371.0,,,,19237.0,,,,0.09553014088423854,,,,,,,99954.0,,,,,324.0,52928.0,,,,,,,,,,,,,,,,,,,,ddr4_1x,31092293.0,0.5295235808471898,0.0611525254532598,99954.0,l2,324.0,0.0032414910858995136,52928.0,imp,merge_imp_stage2_aggr_s16_sth2_d32_ipd16_addr16_l2_ddr4_1x,37919514.0,,0.010354,10353733569.0,1.0292640525400811,1.1233339772068767,0.9999034189685144,,stage2,sdist16,0.010353,1.0293634695257414,,,,0.011631,0.7334303332640477,,,,,,,,,,,,,stage2: aggr_s16_sth2_d32_ipd16_addr16
,merge,aggr_s16_sth2_d32_ipd16_addr16,,,,,,,,,,0.010555,,1.235059,,,,11117249.0,,,,866074.0,,,,0.07790362525837102,,,,,,,,,,,,,,,,,,,,,,,,201423.0,,,,15807.0,,,,0.07847663871553893,,,,,,,99038.0,,,,,322.0,56412.0,,,,,,,,,,,,,,,,,,,,ddr4_2x,30702617.0,0.5695995476483774,0.065135311763198,99038.0,l2,322.0,0.003251277287505806,56412.0,imp,merge_imp_stage2_aggr_s16_sth2_d32_ipd16_addr16_l2_ddr4_2x,37919511.0,,0.010224,10223971461.0,1.0323748043818466,1.1440727699530517,1.0,,stage2,sdist16,0.010224,1.0323748043818466,,,,0.011697,0.7811240809205334,,,,,,,,,,,,,stage2: aggr_s16_sth2_d32_ipd16_addr16
,merge,aggr_s16_sth2_d32_ipd16,,,,,,,,,,0.010348,,1.25771,,,,10970799.0,,,,775213.0,,,,0.07066148965084494,,,,,,,214948.0,,,,,5703.0,75417.0,,,,,,,,,,,211999.0,,,,73558.0,,,,0.346973334779881,,,,,,,,,,,,,,,,,,,,,,,,,,,,,,,,,ddr4_1x,30149700.0,0.3508616037367177,0.0972855202376637,214948.0,l1d,5703.0,0.026531998436831232,75417.0,imp,merge_imp_stage2_aggr_s16_sth2_d32_ipd16_l1d_ddr4_1x,37919552.0,,0.01004,10039850100.0,1.0306772908366533,1.1584661354581673,0.9997011952191236,,stage2,sdist16,0.010037,1.0309853541894989,,,,0.011631,0.08866016952141353,,,,,,,,,,,,,stage2: aggr_s16_sth2_d32_ipd16
,merge,aggr_s16_sth2_d32_ipd16,,,,,,,,,,0.010338,,1.263575,,,,10970392.0,,,,768582.0,,,,0.07005966605386571,,,,,,,214107.0,,,,,5650.0,75861.0,,,,,,,,,,,211892.0,,,,73579.0,,,,0.3472476544654824,,,,,,,,,,,,,,,,,,,,,,,,,,,,,,,,,ddr4_2x,30009200.0,0.354313497456879,0.0987025457270662,214107.0,l1d,5650.0,0.02638867482146777,75861.0,imp,merge_imp_stage2_aggr_s16_sth2_d32_ipd16_l1d_ddr4_2x,37918834.0,,0.009993,9993063600.0,1.0345241669168417,1.1705193635544882,1.000200140098069,,stage2,sdist16,0.009995,1.0343171585792896,,,,0.011697,0.08983554840291175,,,,,,,,,,,,,stage2: aggr_s16_sth2_d32_ipd16
,merge,aggr_s16_sth2_d32_ipd16,,,,,,,,,,0.010657,,1.219581,,,,11117458.0,,,,865508.0,,,,0.07785124980908406,,,,,,,,,,,,,,,,,,,,,,,,201371.0,,,,19237.0,,,,0.09553014088423854,,,,,,,99954.0,,,,,324.0,52928.0,,,,,,,,,,,,,,,,,,,,ddr4_1x,31092293.0,0.5295235808471898,0.0611525254532598,99954.0,l2,324.0,0.0032414910858995136,52928.0,imp,merge_imp_stage2_aggr_s16_sth2_d32_ipd16_l2_ddr4_1x,37919514.0,,0.010354,10353733569.0,1.0292640525400811,1.1233339772068767,0.9999034189685144,,stage2,sdist16,0.010353,1.0293634695257414,,,,0.011631,0.7334303332640477,,,,,,,,,,,,,stage2: aggr_s16_sth2_d32_ipd16
,merge,aggr_s16_sth2_d32_ipd16,,,,,,,,,,0.010555,,1.235059,,,,11117249.0,,,,866074.0,,,,0.07790362525837102,,,,,,,,,,,,,,,,,,,,,,,,201423.0,,,,15807.0,,,,0.07847663871553893,,,,,,,99038.0,,,,,322.0,56412.0,,,,,,,,,,,,,,,,,,,,ddr4_2x,30702617.0,0.5695995476483774,0.065135311763198,99038.0,l2,322.0,0.003251277287505806,56412.0,imp,merge_imp_stage2_aggr_s16_sth2_d32_ipd16_l2_ddr4_2x,37919511.0,,0.010224,10223971461.0,1.0323748043818466,1.1440727699530517,1.0,,stage2,sdist16,0.010224,1.0323748043818466,,,,0.011697,0.7811240809205334,,,,,,,,,,,,,stage2: aggr_s16_sth2_d32_ipd16
,merge,cons_s2_sth8_pt8,,,,,,,,,,0.010348,,1.188778,,,,11059292.0,,,,915134.0,,,,0.08274797337840434,,,,,,,281107.0,,,,,715.0,37855.0,,,,,,,,,,,203464.0,,,,72278.0,,,,0.35523729013486416,,,,,,,,,,,,,,,,,,,,,,,,,,,,,,,,,ddr4_1x,31897955.0,0.13466402473079644,0.0413655267971685,281107.0,l1d,715.0,0.0025435154585264686,37855.0,imp,merge_imp_stage2_cons_s2_sth8_pt8_l1d_ddr4_1x,37919536.0,,0.010622,10622019015.0,0.9742044812652983,1.0949915270193937,0.9449256260591228,,stage2,sdist16,0.010037,1.0309853541894989,,,,0.011631,0.039722389240589344,,,,,,,,,,,,,stage2: cons_s2_sth8_pt8
,merge,cons_s2_sth8_pt8,,,,,,,,,,0.010338,,1.186652,,,,11056537.0,,,,912824.0,,,,0.08255966583388633,,,,,,,275068.0,,,,,712.0,37737.0,,,,,,,,,,,203460.0,,,,72288.0,,,,0.35529342376879974,,,,,,,,,,,,,,,,,,,,,,,,,,,,,,,,,ddr4_2x,31955082.0,0.1371915308214696,0.0413409375739463,275068.0,l1d,712.0,0.0025884508557883867,37737.0,imp,merge_imp_stage2_cons_s2_sth8_pt8_l1d_ddr4_2x,37919508.0,,0.010641,10641042306.0,0.971525232590922,1.0992387933464902,0.9392914199793252,,stage2,sdist16,0.009995,1.0343171585792896,,,,0.011697,0.03969971416879085,,,,,,,,,,,,,stage2: cons_s2_sth8_pt8
,merge,cons_s2_sth8_pt8,,,,,,,,,,0.010657,,1.165001,,,,11169157.0,,,,950954.0,,,,0.08514107197168058,,,,,,,,,,,,,,,,,,,,,,,,201548.0,,,,44570.0,,,,0.2211383888701451,,,,,,,83183.0,,,,,68.0,27614.0,,,,,,,,,,,,,,,,,,,,ddr4_1x,32548950.0,0.3319668682302874,0.0290382079469669,83183.0,l2,68.0,0.0008174747244028227,27614.0,imp,merge_imp_stage2_cons_s2_sth8_pt8_l2_ddr4_1x,37919517.0,,0.010839,10838800350.0,0.9832087830980718,1.0730694713534459,0.95516191530584,,stage2,sdist16,0.010353,1.0293634695257414,,,,0.011631,0.3825501496176438,,,,,,,,,,,,,stage2: cons_s2_sth8_pt8
,merge,cons_s2_sth8_pt8,,,,,,,,,,0.010555,,1.171275,,,,11165407.0,,,,945783.0,,,,0.08470654047810348,,,,,,,,,,,,,,,,,,,,,,,,201552.0,,,,44452.0,,,,0.22054854330396126,,,,,,,82982.0,,,,,64.0,27739.0,,,,,,,,,,,,,,,,,,,,ddr4_2x,32374627.0,0.3342773131522499,0.0293291378677772,82982.0,l2,64.0,0.0007712515967318213,27739.0,imp,merge_imp_stage2_cons_s2_sth8_pt8_l2_ddr4_2x,37919536.0,,0.010781,10780750791.0,0.9790371950653928,1.084964289026992,0.9483350338558576,,stage2,sdist16,0.010224,1.0323748043818466,,,,0.011697,0.3842445734232799,,,,,,,,,,,,,stage2: cons_s2_sth8_pt8
,merge,cons_s8_sth8_pt8_ipd8,,,,,,,,,,0.010348,,1.241855,,,,10989565.0,,,,803261.0,,,,0.07309306601307695,,,,,,,234311.0,,,,,3200.0,65695.0,,,,,,,,,,,207671.0,,,,72884.0,,,,0.350958968753461,,,,,,,,,,,,,,,,,,,,,,,,,,,,,,,,,ddr4_1x,30534626.0,0.2803752277955367,0.0817853723758529,234311.0,l1d,3200.0,0.013657062621899953,65695.0,imp,merge_imp_stage2_cons_s8_sth8_pt8_ipd8_l1d_ddr4_1x,37919548.0,,0.010168,10168030458.0,1.0177025963808024,1.1438827694728562,0.9871164437450828,,stage2,sdist16,0.010037,1.0309853541894989,,,,0.011631,0.07560221691316937,,,,,,,,,,,,,stage2: cons_s8_sth8_pt8_ipd8
,merge,cons_s8_sth8_pt8_ipd8,,,,,,,,,,0.010338,,1.244579,,,,10989158.0,,,,788448.0,,,,0.07174780815782246,,,,,,,212815.0,,,,,3159.0,68566.0,,,,,,,,,,,207609.0,,,,72897.0,,,,0.35112639625449765,,,,,,,,,,,,,,,,,,,,,,,,,,,,,,,,,ddr4_2x,30467782.0,0.3221859361417193,0.0869632493201834,212815.0,l1d,3159.0,0.014843878486008976,68566.0,imp,merge_imp_stage2_cons_s8_sth8_pt8_ipd8_l1d_ddr4_2x,37919511.0,,0.010146,10145771406.0,1.018923713778829,1.1528681253696038,0.985117287601025,,stage2,sdist16,0.009995,1.0343171585792896,,,,0.011697,0.0800056941893598,,,,,,,,,,,,,stage2: cons_s8_sth8_pt8_ipd8
,merge,cons_s8_sth8_pt8_ipd8,,,,,,,,,,0.010657,,1.203068,,,,11128443.0,,,,889889.0,,,,0.07996527456716092,,,,,,,,,,,,,,,,,,,,,,,,201539.0,,,,23059.0,,,,0.11441457980837456,,,,,,,114516.0,,,,,205.0,49250.0,,,,,,,,,,,,,,,,,,,,ddr4_1x,31519042.0,0.43007090712214885,0.0553439811032611,114516.0,l2,205.0,0.0017901428621328024,49250.0,imp,merge_imp_stage2_cons_s8_sth8_pt8_ipd8_l2_ddr4_1x,37919517.0,,0.010496,10495840986.0,1.0153391768292683,1.1081364329268293,0.986375762195122,,stage2,sdist16,0.010353,1.0293634695257414,,,,0.011631,0.6811047034255764,,,,,,,,,,,,,stage2: cons_s8_sth8_pt8_ipd8
,merge,cons_s8_sth8_pt8_ipd8,,,,,,,,,,0.010555,,1.215567,,,,11127546.0,,,,887563.0,,,,0.07976268981498706,,,,,,,,,,,,,,,,,,,,,,,,201522.0,,,,21180.0,,,,0.10510018757257272,,,,,,,106994.0,,,,,213.0,51116.0,,,,,,,,,,,,,,,,,,,,ddr4_2x,31194994.0,0.47774641568686094,0.0575914047791537,106994.0,l2,213.0,0.001990765837336673,51116.0,imp,merge_imp_stage2_cons_s8_sth8_pt8_ipd8_l2_ddr4_2x,37919573.0,,0.010388,10387933002.0,1.0160762418174818,1.126010781671159,0.9842125529457066,,stage2,sdist16,0.010224,1.0323748043818466,,,,0.011697,0.7070377337612039,,,,,,,,,,,,,stage2: cons_s8_sth8_pt8_ipd8
,merge,s16_dist32_addr16,,,,,,,,,,0.010348,,1.258013,,,,10971648.0,,,,776026.0,,,,0.07073012185589622,,,,,,,217822.0,,,,,5608.0,74992.0,,,,,,,,,,,211815.0,,,,73528.0,,,,0.3471331114415882,,,,,,,,,,,,,,,,,,,,,,,,,,,,,,,,,ddr4_1x,30142396.0,0.34428111026434427,0.0966359374557038,217822.0,l1d,5608.0,0.025745792436025747,74992.0,imp,merge_imp_stage2_s16_dist32_addr16_l1d_ddr4_1x,37919489.0,,0.010037,10037417868.0,1.0309853541894989,1.1588123941416757,1.0,,stage2,sdist16,0.010037,1.0309853541894989,,,,0.011631,0.08812034528059336,,,,,,,,,,,,,stage2: s16_dist32_addr16
,merge,s16_dist32_addr16,,,,,,,,,,0.010338,,1.263335,,,,10970706.0,,,,767808.0,,,,0.06998710930727703,,,,,,,213024.0,,,,,5513.0,76012.0,,,,,,,,,,,211658.0,,,,73495.0,,,,0.34723468992431183,,,,,,,,,,,,,,,,,,,,,,,,,,,,,,,,,ddr4_2x,30014891.0,0.3568236442842121,0.0989987080103359,213024.0,l1d,5513.0,0.02587971308397176,76012.0,imp,merge_imp_stage2_s16_dist32_addr16_l1d_ddr4_2x,37918834.0,,0.009995,9994958703.0,1.0343171585792896,1.1702851425712857,1.0,,stage2,sdist16,0.009995,1.0343171585792896,,,,0.011697,0.09008082292432035,,,,,,,,,,,,,stage2: s16_dist32_addr16
,merge,s16_dist32_addr16,,,,,,,,,,0.010657,,1.219609,,,,11117479.0,,,,865516.0,,,,0.07785182234209752,,,,,,,,,,,,,,,,,,,,,,,,201370.0,,,,19246.0,,,,0.09557530913244276,,,,,,,99914.0,,,,,300.0,52918.0,,,,,,,,,,,,,,,,,,,,ddr4_1x,31091589.0,0.5296354865184059,0.0611404064165191,99914.0,l2,300.0,0.0030025822207098104,52918.0,imp,merge_imp_stage2_s16_dist32_addr16_l2_ddr4_1x,37919539.0,,0.010353,10353499137.0,1.0293634695257414,1.1234424804404521,1.0,,stage2,sdist16,0.010353,1.0293634695257414,,,,0.011631,0.7333019233967075,,,,,,,,,,,,,stage2: s16_dist32_addr16
,merge,s16_dist32_addr16,,,,,,,,,,0.010555,,1.235073,,,,11117254.0,,,,866082.0,,,,0.07790430982327111,,,,,,,,,,,,,,,,,,,,,,,,201421.0,,,,15815.0,,,,0.07851713575049275,,,,,,,98998.0,,,,,298.0,56402.0,,,,,,,,,,,,,,,,,,,,ddr4_2x,30702245.0,0.5697286813875028,0.0651231638574638,98998.0,l2,298.0,0.0030101618214509384,56402.0,imp,merge_imp_stage2_s16_dist32_addr16_l2_ddr4_2x,37919467.0,,0.010224,10223847585.0,1.0323748043818466,1.1440727699530517,1.0,,stage2,sdist16,0.010224,1.0323748043818466,,,,0.011697,0.7810072420621184,,,,,,,,,,,,,stage2: s16_dist32_addr16
,merge,s16_dist8_addr16,,,,,,,,,,0.010348,,1.258013,,,,10971648.0,,,,776026.0,,,,0.07073012185589622,,,,,,,217822.0,,,,,5608.0,74992.0,,,,,,,,,,,211815.0,,,,73528.0,,,,0.3471331114415882,,,,,,,,,,,,,,,,,,,,,,,,,,,,,,,,,ddr4_1x,30142396.0,0.34428111026434427,0.0966359374557038,217822.0,l1d,5608.0,0.025745792436025747,74992.0,imp,merge_imp_stage2_s16_dist8_addr16_l1d_ddr4_1x,37919489.0,,0.010037,10037417868.0,1.0309853541894989,1.1588123941416757,1.0,,stage2,sdist16,0.010037,1.0309853541894989,,,,0.011631,0.08812034528059336,,,,,,,,,,,,,stage2: s16_dist8_addr16
,merge,s16_dist8_addr16,,,,,,,,,,0.010338,,1.263335,,,,10970706.0,,,,767808.0,,,,0.06998710930727703,,,,,,,213024.0,,,,,5513.0,76012.0,,,,,,,,,,,211658.0,,,,73495.0,,,,0.34723468992431183,,,,,,,,,,,,,,,,,,,,,,,,,,,,,,,,,ddr4_2x,30014891.0,0.3568236442842121,0.0989987080103359,213024.0,l1d,5513.0,0.02587971308397176,76012.0,imp,merge_imp_stage2_s16_dist8_addr16_l1d_ddr4_2x,37918834.0,,0.009995,9994958703.0,1.0343171585792896,1.1702851425712857,1.0,,stage2,sdist16,0.009995,1.0343171585792896,,,,0.011697,0.09008082292432035,,,,,,,,,,,,,stage2: s16_dist8_addr16
,merge,s16_dist8_addr16,,,,,,,,,,0.010657,,1.219609,,,,11117479.0,,,,865516.0,,,,0.07785182234209752,,,,,,,,,,,,,,,,,,,,,,,,201370.0,,,,19246.0,,,,0.09557530913244276,,,,,,,99914.0,,,,,300.0,52918.0,,,,,,,,,,,,,,,,,,,,ddr4_1x,31091589.0,0.5296354865184059,0.0611404064165191,99914.0,l2,300.0,0.0030025822207098104,52918.0,imp,merge_imp_stage2_s16_dist8_addr16_l2_ddr4_1x,37919539.0,,0.010353,10353499137.0,1.0293634695257414,1.1234424804404521,1.0,,stage2,sdist16,0.010353,1.0293634695257414,,,,0.011631,0.7333019233967075,,,,,,,,,,,,,stage2: s16_dist8_addr16
,merge,s16_dist8_addr16,,,,,,,,,,0.010555,,1.235073,,,,11117254.0,,,,866082.0,,,,0.07790430982327111,,,,,,,,,,,,,,,,,,,,,,,,201421.0,,,,15815.0,,,,0.07851713575049275,,,,,,,98998.0,,,,,298.0,56402.0,,,,,,,,,,,,,,,,,,,,ddr4_2x,30702245.0,0.5697286813875028,0.0651231638574638,98998.0,l2,298.0,0.0030101618214509384,56402.0,imp,merge_imp_stage2_s16_dist8_addr16_l2_ddr4_2x,37919467.0,,0.010224,10223847585.0,1.0323748043818466,1.1440727699530517,1.0,,stage2,sdist16,0.010224,1.0323748043818466,,,,0.011697,0.7810072420621184,,,,,,,,,,,,,stage2: s16_dist8_addr16
,merge,s16_ipd16_addr16,,,,,,,,,,0.010348,,1.258013,,,,10971648.0,,,,776026.0,,,,0.07073012185589622,,,,,,,217822.0,,,,,5608.0,74992.0,,,,,,,,,,,211815.0,,,,73528.0,,,,0.3471331114415882,,,,,,,,,,,,,,,,,,,,,,,,,,,,,,,,,ddr4_1x,30142396.0,0.34428111026434427,0.0966359374557038,217822.0,l1d,5608.0,0.025745792436025747,74992.0,imp,merge_imp_stage2_s16_ipd16_addr16_l1d_ddr4_1x,37919489.0,,0.010037,10037417868.0,1.0309853541894989,1.1588123941416757,1.0,,stage2,sdist16,0.010037,1.0309853541894989,,,,0.011631,0.08812034528059336,,,,,,,,,,,,,stage2: s16_ipd16_addr16
,merge,s16_ipd16_addr16,,,,,,,,,,0.010338,,1.263335,,,,10970706.0,,,,767808.0,,,,0.06998710930727703,,,,,,,213024.0,,,,,5513.0,76012.0,,,,,,,,,,,211658.0,,,,73495.0,,,,0.34723468992431183,,,,,,,,,,,,,,,,,,,,,,,,,,,,,,,,,ddr4_2x,30014891.0,0.3568236442842121,0.0989987080103359,213024.0,l1d,5513.0,0.02587971308397176,76012.0,imp,merge_imp_stage2_s16_ipd16_addr16_l1d_ddr4_2x,37918834.0,,0.009995,9994958703.0,1.0343171585792896,1.1702851425712857,1.0,,stage2,sdist16,0.009995,1.0343171585792896,,,,0.011697,0.09008082292432035,,,,,,,,,,,,,stage2: s16_ipd16_addr16
,merge,s16_ipd16_addr16,,,,,,,,,,0.010657,,1.219609,,,,11117479.0,,,,865516.0,,,,0.07785182234209752,,,,,,,,,,,,,,,,,,,,,,,,201370.0,,,,19246.0,,,,0.09557530913244276,,,,,,,99914.0,,,,,300.0,52918.0,,,,,,,,,,,,,,,,,,,,ddr4_1x,31091589.0,0.5296354865184059,0.0611404064165191,99914.0,l2,300.0,0.0030025822207098104,52918.0,imp,merge_imp_stage2_s16_ipd16_addr16_l2_ddr4_1x,37919539.0,,0.010353,10353499137.0,1.0293634695257414,1.1234424804404521,1.0,,stage2,sdist16,0.010353,1.0293634695257414,,,,0.011631,0.7333019233967075,,,,,,,,,,,,,stage2: s16_ipd16_addr16
,merge,s16_ipd16_addr16,,,,,,,,,,0.010555,,1.235073,,,,11117254.0,,,,866082.0,,,,0.07790430982327111,,,,,,,,,,,,,,,,,,,,,,,,201421.0,,,,15815.0,,,,0.07851713575049275,,,,,,,98998.0,,,,,298.0,56402.0,,,,,,,,,,,,,,,,,,,,ddr4_2x,30702245.0,0.5697286813875028,0.0651231638574638,98998.0,l2,298.0,0.0030101618214509384,56402.0,imp,merge_imp_stage2_s16_ipd16_addr16_l2_ddr4_2x,37919467.0,,0.010224,10223847585.0,1.0323748043818466,1.1440727699530517,1.0,,stage2,sdist16,0.010224,1.0323748043818466,,,,0.011697,0.7810072420621184,,,,,,,,,,,,,stage2: s16_ipd16_addr16
,merge,s16_ipd16_pt32,,,,,,,,,,0.010348,,1.258013,,,,10971648.0,,,,776026.0,,,,0.07073012185589622,,,,,,,217822.0,,,,,5608.0,74992.0,,,,,,,,,,,211815.0,,,,73528.0,,,,0.3471331114415882,,,,,,,,,,,,,,,,,,,,,,,,,,,,,,,,,ddr4_1x,30142396.0,0.34428111026434427,0.0966359374557038,217822.0,l1d,5608.0,0.025745792436025747,74992.0,imp,merge_imp_stage2_s16_ipd16_pt32_l1d_ddr4_1x,37919489.0,,0.010037,10037417868.0,1.0309853541894989,1.1588123941416757,1.0,,stage2,sdist16,0.010037,1.0309853541894989,,,,0.011631,0.08812034528059336,,,,,,,,,,,,,stage2: s16_ipd16_pt32
,merge,s16_ipd16_pt32,,,,,,,,,,0.010338,,1.263335,,,,10970706.0,,,,767808.0,,,,0.06998710930727703,,,,,,,213024.0,,,,,5513.0,76012.0,,,,,,,,,,,211658.0,,,,73495.0,,,,0.34723468992431183,,,,,,,,,,,,,,,,,,,,,,,,,,,,,,,,,ddr4_2x,30014891.0,0.3568236442842121,0.0989987080103359,213024.0,l1d,5513.0,0.02587971308397176,76012.0,imp,merge_imp_stage2_s16_ipd16_pt32_l1d_ddr4_2x,37918834.0,,0.009995,9994958703.0,1.0343171585792896,1.1702851425712857,1.0,,stage2,sdist16,0.009995,1.0343171585792896,,,,0.011697,0.09008082292432035,,,,,,,,,,,,,stage2: s16_ipd16_pt32
,merge,s16_ipd16_pt32,,,,,,,,,,0.010657,,1.219609,,,,11117479.0,,,,865516.0,,,,0.07785182234209752,,,,,,,,,,,,,,,,,,,,,,,,201370.0,,,,19246.0,,,,0.09557530913244276,,,,,,,99914.0,,,,,300.0,52918.0,,,,,,,,,,,,,,,,,,,,ddr4_1x,31091589.0,0.5296354865184059,0.0611404064165191,99914.0,l2,300.0,0.0030025822207098104,52918.0,imp,merge_imp_stage2_s16_ipd16_pt32_l2_ddr4_1x,37919539.0,,0.010353,10353499137.0,1.0293634695257414,1.1234424804404521,1.0,,stage2,sdist16,0.010353,1.0293634695257414,,,,0.011631,0.7333019233967075,,,,,,,,,,,,,stage2: s16_ipd16_pt32
,merge,s16_ipd16_pt32,,,,,,,,,,0.010555,,1.235073,,,,11117254.0,,,,866082.0,,,,0.07790430982327111,,,,,,,,,,,,,,,,,,,,,,,,201421.0,,,,15815.0,,,,0.07851713575049275,,,,,,,98998.0,,,,,298.0,56402.0,,,,,,,,,,,,,,,,,,,,ddr4_2x,30702245.0,0.5697286813875028,0.0651231638574638,98998.0,l2,298.0,0.0030101618214509384,56402.0,imp,merge_imp_stage2_s16_ipd16_pt32_l2_ddr4_2x,37919467.0,,0.010224,10223847585.0,1.0323748043818466,1.1440727699530517,1.0,,stage2,sdist16,0.010224,1.0323748043818466,,,,0.011697,0.7810072420621184,,,,,,,,,,,,,stage2: s16_ipd16_pt32
,merge,s16_ipd8_addr8,,,,,,,,,,0.010348,,1.258013,,,,10971648.0,,,,776026.0,,,,0.07073012185589622,,,,,,,217822.0,,,,,5608.0,74992.0,,,,,,,,,,,211815.0,,,,73528.0,,,,0.3471331114415882,,,,,,,,,,,,,,,,,,,,,,,,,,,,,,,,,ddr4_1x,30142396.0,0.34428111026434427,0.0966359374557038,217822.0,l1d,5608.0,0.025745792436025747,74992.0,imp,merge_imp_stage2_s16_ipd8_addr8_l1d_ddr4_1x,37919489.0,,0.010037,10037417868.0,1.0309853541894989,1.1588123941416757,1.0,,stage2,sdist16,0.010037,1.0309853541894989,,,,0.011631,0.08812034528059336,,,,,,,,,,,,,stage2: s16_ipd8_addr8
,merge,s16_ipd8_addr8,,,,,,,,,,0.010338,,1.263335,,,,10970706.0,,,,767808.0,,,,0.06998710930727703,,,,,,,213024.0,,,,,5513.0,76012.0,,,,,,,,,,,211658.0,,,,73495.0,,,,0.34723468992431183,,,,,,,,,,,,,,,,,,,,,,,,,,,,,,,,,ddr4_2x,30014891.0,0.3568236442842121,0.0989987080103359,213024.0,l1d,5513.0,0.02587971308397176,76012.0,imp,merge_imp_stage2_s16_ipd8_addr8_l1d_ddr4_2x,37918834.0,,0.009995,9994958703.0,1.0343171585792896,1.1702851425712857,1.0,,stage2,sdist16,0.009995,1.0343171585792896,,,,0.011697,0.09008082292432035,,,,,,,,,,,,,stage2: s16_ipd8_addr8
,merge,s16_ipd8_addr8,,,,,,,,,,0.010657,,1.219609,,,,11117479.0,,,,865516.0,,,,0.07785182234209752,,,,,,,,,,,,,,,,,,,,,,,,201370.0,,,,19246.0,,,,0.09557530913244276,,,,,,,99914.0,,,,,300.0,52918.0,,,,,,,,,,,,,,,,,,,,ddr4_1x,31091589.0,0.5296354865184059,0.0611404064165191,99914.0,l2,300.0,0.0030025822207098104,52918.0,imp,merge_imp_stage2_s16_ipd8_addr8_l2_ddr4_1x,37919539.0,,0.010353,10353499137.0,1.0293634695257414,1.1234424804404521,1.0,,stage2,sdist16,0.010353,1.0293634695257414,,,,0.011631,0.7333019233967075,,,,,,,,,,,,,stage2: s16_ipd8_addr8
,merge,s16_ipd8_addr8,,,,,,,,,,0.010555,,1.235073,,,,11117254.0,,,,866082.0,,,,0.07790430982327111,,,,,,,,,,,,,,,,,,,,,,,,201421.0,,,,15815.0,,,,0.07851713575049275,,,,,,,98998.0,,,,,298.0,56402.0,,,,,,,,,,,,,,,,,,,,ddr4_2x,30702245.0,0.5697286813875028,0.0651231638574638,98998.0,l2,298.0,0.0030101618214509384,56402.0,imp,merge_imp_stage2_s16_ipd8_addr8_l2_ddr4_2x,37919467.0,,0.010224,10223847585.0,1.0323748043818466,1.1440727699530517,1.0,,stage2,sdist16,0.010224,1.0323748043818466,,,,0.011697,0.7810072420621184,,,,,,,,,,,,,stage2: s16_ipd8_addr8
,merge,s16,,,,,,,,,,0.010348,,1.258013,,,,10971648.0,,,,776026.0,,,,0.07073012185589622,,,,,,,217822.0,,,,,5608.0,74992.0,,,,,,,,,,,211815.0,,,,73528.0,,,,0.3471331114415882,,,,,,,,,,,,,,,,,,,,,,,,,,,,,,,,,ddr4_1x,30142396.0,0.34428111026434427,0.0966359374557038,217822.0,l1d,5608.0,0.025745792436025747,74992.0,imp,merge_imp_stage2_s16_l1d_ddr4_1x,37919489.0,,0.010037,10037417868.0,1.0309853541894989,1.1588123941416757,1.0,,stage2,sdist16,0.010037,1.0309853541894989,,,,0.011631,0.08812034528059336,,,,,,,,,,,,,stage2: s16
,merge,s16,,,,,,,,,,0.010338,,1.263335,,,,10970706.0,,,,767808.0,,,,0.06998710930727703,,,,,,,213024.0,,,,,5513.0,76012.0,,,,,,,,,,,211658.0,,,,73495.0,,,,0.34723468992431183,,,,,,,,,,,,,,,,,,,,,,,,,,,,,,,,,ddr4_2x,30014891.0,0.3568236442842121,0.0989987080103359,213024.0,l1d,5513.0,0.02587971308397176,76012.0,imp,merge_imp_stage2_s16_l1d_ddr4_2x,37918834.0,,0.009995,9994958703.0,1.0343171585792896,1.1702851425712857,1.0,,stage2,sdist16,0.009995,1.0343171585792896,,,,0.011697,0.09008082292432035,,,,,,,,,,,,,stage2: s16
,merge,s16,,,,,,,,,,0.010657,,1.219609,,,,11117479.0,,,,865516.0,,,,0.07785182234209752,,,,,,,,,,,,,,,,,,,,,,,,201370.0,,,,19246.0,,,,0.09557530913244276,,,,,,,99914.0,,,,,300.0,52918.0,,,,,,,,,,,,,,,,,,,,ddr4_1x,31091589.0,0.5296354865184059,0.0611404064165191,99914.0,l2,300.0,0.0030025822207098104,52918.0,imp,merge_imp_stage2_s16_l2_ddr4_1x,37919539.0,,0.010353,10353499137.0,1.0293634695257414,1.1234424804404521,1.0,,stage2,sdist16,0.010353,1.0293634695257414,,,,0.011631,0.7333019233967075,,,,,,,,,,,,,stage2: s16
,merge,s16,,,,,,,,,,0.010555,,1.235073,,,,11117254.0,,,,866082.0,,,,0.07790430982327111,,,,,,,,,,,,,,,,,,,,,,,,201421.0,,,,15815.0,,,,0.07851713575049275,,,,,,,98998.0,,,,,298.0,56402.0,,,,,,,,,,,,,,,,,,,,ddr4_2x,30702245.0,0.5697286813875028,0.0651231638574638,98998.0,l2,298.0,0.0030101618214509384,56402.0,imp,merge_imp_stage2_s16_l2_ddr4_2x,37919467.0,,0.010224,10223847585.0,1.0323748043818466,1.1440727699530517,1.0,,stage2,sdist16,0.010224,1.0323748043818466,,,,0.011697,0.7810072420621184,,,,,,,,,,,,,stage2: s16
,merge,s16_pt8_sth2,,,,,,,,,,0.010348,,1.258068,,,,10970742.0,,,,776354.0,,,,0.07076586068654245,,,,,,,213931.0,,,,,5187.0,74664.0,,,,,,,,,,,210956.0,,,,73234.0,,,,0.3471529608069929,,,,,,,,,,,,,,,,,,,,,,,,,,,,,,,,,ddr4_1x,30141102.0,0.34900972743548153,0.0961726222831337,213931.0,l1d,5187.0,0.024246135436192043,74664.0,imp,merge_imp_stage2_s16_pt8_sth2_l1d_ddr4_1x,37919508.0,,0.010037,10036986966.0,1.0309853541894989,1.1588123941416757,1.0,,stage2,sdist16,0.010037,1.0309853541894989,,,,0.011631,0.08773492452568571,,,,,,,,,,,,,stage2: s16_pt8_sth2
,merge,s16_pt8_sth2,,,,,,,,,,0.010338,,1.26316,,,,10970762.0,,,,766519.0,,,,0.0698692579421557,,,,,,,210156.0,,,,,5130.0,75788.0,,,,,,,,,,,210833.0,,,,73184.0,,,,0.3471183353649571,,,,,,,,,,,,,,,,,,,,,,,,,,,,,,,,,ddr4_2x,30019062.0,0.3606273434972116,0.0988729568347294,210156.0,l1d,5130.0,0.024410437960372296,75788.0,imp,merge_imp_stage2_s16_pt8_sth2_l1d_ddr4_2x,37918829.0,,0.009996,9996347646.0,1.0342136854741897,1.1701680672268908,0.9998999599839936,,stage2,sdist16,0.009995,1.0343171585792896,,,,0.011697,0.08997669495801412,,,,,,,,,,,,,stage2: s16_pt8_sth2
,merge,s16_pt8_sth2,,,,,,,,,,0.010657,,1.219706,,,,11117456.0,,,,865696.0,,,,0.07786817415782891,,,,,,,,,,,,,,,,,,,,,,,,201335.0,,,,19542.0,,,,0.09706211041299327,,,,,,,100738.0,,,,,305.0,52586.0,,,,,,,,,,,,,,,,,,,,ddr4_1x,31089141.0,0.5220075840298596,0.0607441873359701,100738.0,l2,305.0,0.003027655899461971,52586.0,imp,merge_imp_stage2_s16_pt8_sth2_l2_ddr4_1x,37919564.0,,0.010353,10352683953.0,1.0293634695257414,1.1234424804404521,1.0,,stage2,sdist16,0.010353,1.0293634695257414,,,,0.011631,0.7290649955634427,,,,,,,,,,,,,stage2: s16_pt8_sth2
,merge,s16_pt8_sth2,,,,,,,,,,0.010555,,1.234865,,,,11117200.0,,,,866274.0,,,,0.07792195876659591,,,,,,,,,,,,,,,,,,,,,,,,201437.0,,,,15901.0,,,,0.07893783167938363,,,,,,,99191.0,,,,,304.0,56329.0,,,,,,,,,,,,,,,,,,,,ddr4_2x,30707422.0,0.5678841830408001,0.0650244610827521,99191.0,l2,304.0,0.0030647941849562964,56329.0,imp,merge_imp_stage2_s16_pt8_sth2_l2_ddr4_2x,37919464.0,,0.010226,10225571526.0,1.032172892626638,1.1438490123215332,0.9998044201056132,,stage2,sdist16,0.010224,1.0323748043818466,,,,0.011697,0.7798560155060225,,,,,,,,,,,,,stage2: s16_pt8_sth2
,merge,s16_pt8_sth8,,,,,,,,,,0.010348,,1.258355,,,,10971739.0,,,,773620.0,,,,0.07051024454737759,,,,,,,208908.0,,,,,5080.0,74955.0,,,,,,,,,,,210652.0,,,,73194.0,,,,0.34746406395381957,,,,,,,,,,,,,,,,,,,,,,,,,,,,,,,,,ddr4_1x,30134239.0,0.3587943017979206,0.096888653344019,208908.0,l1d,5080.0,0.024316924196296934,74955.0,imp,merge_imp_stage2_s16_pt8_sth8_l1d_ddr4_1x,37919536.0,,0.010035,10034701587.0,1.031190832087693,1.1590433482810165,1.0001993024414548,,stage2,sdist16,0.010037,1.0309853541894989,,,,0.011631,0.08833043631971246,,,,,,,,,,,,,stage2: s16_pt8_sth8
,merge,s16_pt8_sth8,,,,,,,,,,0.010338,,1.263934,,,,10970967.0,,,,768116.0,,,,0.07001351840726529,,,,,,,205334.0,,,,,4993.0,75336.0,,,,,,,,,,,210512.0,,,,73145.0,,,,0.347462377441666,,,,,,,,,,,,,,,,,,,,,,,,,,,,,,,,,ddr4_2x,30000687.0,0.36689491267885493,0.0980789359940425,205334.0,l1d,4993.0,0.0243164794919497,75336.0,imp,merge_imp_stage2_s16_pt8_sth8_l1d_ddr4_2x,37918834.0,,0.00999,9990228771.0,1.0348348348348348,1.1708708708708708,1.0005005005005003,,stage2,sdist16,0.009995,1.0343171585792896,,,,0.011697,0.08931865713757274,,,,,,,,,,,,,stage2: s16_pt8_sth8
,merge,s16_pt8_sth8,,,,,,,,,,0.010657,,1.219602,,,,11115552.0,,,,865909.0,,,,0.07790067465835256,,,,,,,,,,,,,,,,,,,,,,,,201427.0,,,,19760.0,,,,0.09810005609972844,,,,,,,99067.0,,,,,218.0,52401.0,,,,,,,,,,,,,,,,,,,,ddr4_1x,31091753.0,0.5289450573854059,0.0605155969045246,99067.0,l2,218.0,0.0022005309537989444,52401.0,imp,merge_imp_stage2_s16_pt8_sth8_l2_ddr4_1x,37919536.0,,0.010354,10353553749.0,1.0292640525400811,1.1233339772068767,0.9999034189685144,,stage2,sdist16,0.010353,1.0293634695257414,,,,0.011631,0.726167874613711,,,,,,,,,,,,,stage2: s16_pt8_sth8
,merge,s16_pt8_sth8,,,,,,,,,,0.010555,,1.235031,,,,11115358.0,,,,866788.0,,,,0.07798111405858453,,,,,,,,,,,,,,,,,,,,,,,,201482.0,,,,16038.0,,,,0.07960016279369869,,,,,,,99266.0,,,,,249.0,56185.0,,,,,,,,,,,,,,,,,,,,ddr4_2x,30703313.0,0.5660044728305764,0.0648197713858521,99266.0,l2,249.0,0.0025084117421876576,56185.0,imp,merge_imp_stage2_s16_pt8_sth8_l2_ddr4_2x,37919492.0,,0.010224,10224203229.0,1.0323748043818466,1.1440727699530517,1.0,,stage2,sdist16,0.010224,1.0323748043818466,,,,0.011697,0.7779377760547194,,,,,,,,,,,,,stage2: s16_pt8_sth8
,merge,s16_sth2,,,,,,,,,,0.010348,,1.25771,,,,10970799.0,,,,775213.0,,,,0.07066148965084494,,,,,,,214948.0,,,,,5703.0,75417.0,,,,,,,,,,,211999.0,,,,73558.0,,,,0.346973334779881,,,,,,,,,,,,,,,,,,,,,,,,,,,,,,,,,ddr4_1x,30149700.0,0.3508616037367177,0.0972855202376637,214948.0,l1d,5703.0,0.026531998436831232,75417.0,imp,merge_imp_stage2_s16_sth2_l1d_ddr4_1x,37919552.0,,0.01004,10039850100.0,1.0306772908366533,1.1584661354581673,0.9997011952191236,,stage2,sdist16,0.010037,1.0309853541894989,,,,0.011631,0.08866016952141353,,,,,,,,,,,,,stage2: s16_sth2
,merge,s16_sth2,,,,,,,,,,0.010338,,1.263575,,,,10970392.0,,,,768582.0,,,,0.07005966605386571,,,,,,,214107.0,,,,,5650.0,75861.0,,,,,,,,,,,211892.0,,,,73579.0,,,,0.3472476544654824,,,,,,,,,,,,,,,,,,,,,,,,,,,,,,,,,ddr4_2x,30009200.0,0.354313497456879,0.0987025457270662,214107.0,l1d,5650.0,0.02638867482146777,75861.0,imp,merge_imp_stage2_s16_sth2_l1d_ddr4_2x,37918834.0,,0.009993,9993063600.0,1.0345241669168417,1.1705193635544882,1.000200140098069,,stage2,sdist16,0.009995,1.0343171585792896,,,,0.011697,0.08983554840291175,,,,,,,,,,,,,stage2: s16_sth2
,merge,s16_sth2,,,,,,,,,,0.010657,,1.219581,,,,11117458.0,,,,865508.0,,,,0.07785124980908406,,,,,,,,,,,,,,,,,,,,,,,,201371.0,,,,19237.0,,,,0.09553014088423854,,,,,,,99954.0,,,,,324.0,52928.0,,,,,,,,,,,,,,,,,,,,ddr4_1x,31092293.0,0.5295235808471898,0.0611525254532598,99954.0,l2,324.0,0.0032414910858995136,52928.0,imp,merge_imp_stage2_s16_sth2_l2_ddr4_1x,37919514.0,,0.010354,10353733569.0,1.0292640525400811,1.1233339772068767,0.9999034189685144,,stage2,sdist16,0.010353,1.0293634695257414,,,,0.011631,0.7334303332640477,,,,,,,,,,,,,stage2: s16_sth2
,merge,s16_sth2,,,,,,,,,,0.010555,,1.235059,,,,11117249.0,,,,866074.0,,,,0.07790362525837102,,,,,,,,,,,,,,,,,,,,,,,,201423.0,,,,15807.0,,,,0.07847663871553893,,,,,,,99038.0,,,,,322.0,56412.0,,,,,,,,,,,,,,,,,,,,ddr4_2x,30702617.0,0.5695995476483774,0.065135311763198,99038.0,l2,322.0,0.003251277287505806,56412.0,imp,merge_imp_stage2_s16_sth2_l2_ddr4_2x,37919511.0,,0.010224,10223971461.0,1.0323748043818466,1.1440727699530517,1.0,,stage2,sdist16,0.010224,1.0323748043818466,,,,0.011697,0.7811240809205334,,,,,,,,,,,,,stage2: s16_sth2
,merge,s16_sth8,,,,,,,,,,0.010348,,1.257524,,,,10970587.0,,,,774544.0,,,,0.07060187390155148,,,,,,,216075.0,,,,,5409.0,75474.0,,,,,,,,,,,211506.0,,,,73379.0,,,,0.3469357843276314,,,,,,,,,,,,,,,,,,,,,,,,,,,,,,,,,ddr4_1x,30154122.0,0.3492953835473794,0.0974431407382924,216075.0,l1d,5409.0,0.025032974661575842,75474.0,imp,merge_imp_stage2_s16_sth8_l1d_ddr4_1x,37919489.0,,0.010041,10041322626.0,1.030574643959765,1.1583507618763074,0.999601633303456,,stage2,sdist16,0.010037,1.0309853541894989,,,,0.011631,0.08879106089518105,,,,,,,,,,,,,stage2: s16_sth8
,merge,s16_sth8,,,,,,,,,,0.010338,,1.263929,,,,10969702.0,,,,770031.0,,,,0.07019616394319554,,,,,,,211735.0,,,,,5471.0,75396.0,,,,,,,,,,,211544.0,,,,73471.0,,,,0.34730836138108384,,,,,,,,,,,,,,,,,,,,,,,,,,,,,,,,,ddr4_2x,30000795.0,0.3560866177060949,0.0979129411673036,211735.0,l1d,5471.0,0.02583890240158689,75396.0,imp,merge_imp_stage2_s16_sth8_l1d_ddr4_2x,37918829.0,,0.00999,9990264735.0,1.0348348348348348,1.1708708708708708,1.0005005005005003,,stage2,sdist16,0.009995,1.0343171585792896,,,,0.011697,0.08918097008967066,,,,,,,,,,,,,stage2: s16_sth8
,merge,s16_sth8,,,,,,,,,,0.010657,,1.219618,,,,11117547.0,,,,865472.0,,,,0.07784738845718395,,,,,,,,,,,,,,,,,,,,,,,,201361.0,,,,19425.0,,,,0.096468531642175,,,,,,,99651.0,,,,,282.0,52731.0,,,,,,,,,,,,,,,,,,,,ddr4_1x,31091362.0,0.529156757082217,0.0609274476817274,99651.0,l2,282.0,0.002829876268175934,52731.0,imp,merge_imp_stage2_s16_sth8_l2_ddr4_1x,37919539.0,,0.010353,10353423546.0,1.0293634695257414,1.1234424804404521,1.0,,stage2,sdist16,0.010353,1.0293634695257414,,,,0.011631,0.730791618160652,,,,,,,,,,,,,stage2: s16_sth8
,merge,s16_sth8,,,,,,,,,,0.010555,,1.234694,,,,11117284.0,,,,866354.0,,,,0.07792856600586978,,,,,,,,,,,,,,,,,,,,,,,,201418.0,,,,15787.0,,,,0.07837929082802927,,,,,,,98457.0,,,,,262.0,56426.0,,,,,,,,,,,,,,,,,,,,ddr4_2x,30711681.0,0.5731029789654367,0.0651304201284925,98457.0,l2,262.0,0.002661060158241669,56426.0,imp,merge_imp_stage2_s16_sth8_l2_ddr4_2x,37919492.0,,0.010227,10226989773.0,1.0320719663635476,1.1437371663244353,0.999706658844236,,stage2,sdist16,0.010224,1.0323748043818466,,,,0.011697,0.7813828535028319,,,,,,,,,,,,,stage2: s16_sth8
,merge,s2,,,,,,,,,,0.010348,,1.191944,,,,11058707.0,,,,913154.0,,,,0.08257330626446654,,,,,,,283292.0,,,,,942.0,38802.0,,,,,,,,,,,203844.0,,,,72319.0,,,,0.3547762014089205,,,,,,,,,,,,,,,,,,,,,,,,,,,,,,,,,ddr4_1x,31813194.0,0.13696821653982463,0.0424922849815036,283292.0,l1d,942.0,0.003325190969035483,38802.0,imp,merge_imp_stage2_s2_l1d_ddr4_1x,37919489.0,,0.010594,10593793602.0,0.9767793090428544,1.0978855956201625,0.947423069662073,,stage2,sdist16,0.010037,1.0309853541894989,,,,0.011631,0.04076028724016656,,,,,,,,,,,,,stage2: s2
,merge,s2,,,,,,,,,,0.010338,,1.191063,,,,11056515.0,,,,910794.0,,,,0.0823762279524787,,,,,,,284127.0,,,,,948.0,38678.0,,,,,,,,,,,203865.0,,,,72324.0,,,,0.35476418217938344,,,,,,,,,,,,,,,,,,,,,,,,,,,,,,,,,ddr4_2x,31836754.0,0.13612926613802984,0.0424662437389794,284127.0,l1d,948.0,0.0033365361264504957,38678.0,imp,merge_imp_stage2_s2_l1d_ddr4_2x,37919539.0,,0.010602,10601639082.0,0.975099037917374,1.1032823995472554,0.9427466515751745,,stage2,sdist16,0.009995,1.0343171585792896,,,,0.011697,0.04073632503117522,,,,,,,,,,,,,stage2: s2
,merge,s2,,,,,,,,,,0.010657,,1.164188,,,,11170780.0,,,,950903.0,,,,0.08512413636290393,,,,,,,,,,,,,,,,,,,,,,,,201480.0,,,,44385.0,,,,0.22029481834425252,,,,,,,83098.0,,,,,79.0,27800.0,,,,,,,,,,,,,,,,,,,,ddr4_1x,32571687.0,0.33454475438638714,0.0292353689072387,83098.0,l2,79.0,0.0009506847336879348,27800.0,imp,merge_imp_stage2_s2_l2_ddr4_1x,37919536.0,,0.010846,10846371771.0,0.9825742209109348,1.0723769131477043,0.9545454545454544,,stage2,sdist16,0.010353,1.0293634695257414,,,,0.011631,0.3851215626515204,,,,,,,,,,,,,stage2: s2
,merge,s2,,,,,,,,,,0.010555,,1.171115,,,,11167146.0,,,,946612.0,,,,0.08476758520037259,,,,,,,,,,,,,,,,,,,,,,,,201481.0,,,,44653.0,,,,0.22162387520411353,,,,,,,83727.0,,,,,76.0,27532.0,,,,,,,,,,,,,,,,,,,,ddr4_2x,32379005.0,0.3288306042256381,0.0290847781350754,83727.0,l2,76.0,0.0009077119686600499,27532.0,imp,merge_imp_stage2_s2_l2_ddr4_2x,37919489.0,,0.010782,10782208665.0,0.97894639213504,1.0848636616583196,0.9482470784641068,,stage2,sdist16,0.010224,1.0323748043818466,,,,0.011697,0.38140887996121076,,,,,,,,,,,,,stage2: s2
,merge,s2_sth2,,,,,,,,,,0.010348,,1.191938,,,,11058715.0,,,,913180.0,,,,0.08257559761690214,,,,,,,286512.0,,,,,950.0,38797.0,,,,,,,,,,,203845.0,,,,72324.0,,,,0.35479898942824206,,,,,,,,,,,,,,,,,,,,,,,,,,,,,,,,,ddr4_1x,31813413.0,0.13541143128385547,0.0424855997722245,286512.0,l1d,950.0,0.003315742447087731,38797.0,imp,merge_imp_stage2_s2_sth2_l1d_ddr4_1x,37919564.0,,0.010594,10593866529.0,0.9767793090428544,1.0978855956201625,0.947423069662073,,stage2,sdist16,0.010037,1.0309853541894989,,,,0.011631,0.040754135866727874,,,,,,,,,,,,,stage2: s2_sth2
,merge,s2_sth2,,,,,,,,,,0.010338,,1.191068,,,,11056452.0,,,,910823.0,,,,0.08237932023763138,,,,,,,284373.0,,,,,960.0,38678.0,,,,,,,,,,,203878.0,,,,72328.0,,,,0.35476118070610857,,,,,,,,,,,,,,,,,,,,,,,,,,,,,,,,,ddr4_2x,31836644.0,0.13601150601498735,0.0424648916419545,284373.0,l1d,960.0,0.0033758479180512916,38678.0,imp,merge_imp_stage2_s2_sth2_l1d_ddr4_2x,37919564.0,,0.010602,10601602452.0,0.975099037917374,1.1032823995472554,0.9427466515751745,,stage2,sdist16,0.009995,1.0343171585792896,,,,0.011697,0.04073508084772949,,,,,,,,,,,,,stage2: s2_sth2
,merge,s2_sth2,,,,,,,,,,0.010657,,1.164197,,,,11170818.0,,,,950883.0,,,,0.08512205641520612,,,,,,,,,,,,,,,,,,,,,,,,201479.0,,,,44388.0,,,,0.22031080162200528,,,,,,,83131.0,,,,,83.0,27796.0,,,,,,,,,,,,,,,,,,,,ddr4_1x,32571458.0,0.3343638353923326,0.0292317772007702,83131.0,l2,83.0,0.0009984241738942151,27796.0,imp,merge_imp_stage2_s2_sth2_l2_ddr4_1x,37919536.0,,0.010846,10846295514.0,0.9825742209109348,1.0723769131477043,0.9545454545454544,,stage2,sdist16,0.010353,1.0293634695257414,,,,0.011631,0.3850714839853707,,,,,,,,,,,,,stage2: s2_sth2
,merge,s2_sth2,,,,,,,,,,0.010555,,1.171121,,,,11167155.0,,,,946604.0,,,,0.084766800496635,,,,,,,,,,,,,,,,,,,,,,,,201478.0,,,,44649.0,,,,0.22160732189122387,,,,,,,83750.0,,,,,80.0,27533.0,,,,,,,,,,,,,,,,,,,,ddr4_2x,32378806.0,0.32875223880597015,0.0290860803461637,83750.0,l2,80.0,0.000955223880597015,27533.0,imp,merge_imp_stage2_s2_sth2_l2_ddr4_2x,37919461.0,,0.010782,10782142398.0,0.97894639213504,1.0848636616583196,0.9482470784641068,,stage2,sdist16,0.010224,1.0323748043818466,,,,0.011697,0.3814385857970131,,,,,,,,,,,,,stage2: s2_sth2
,merge,s2_sth8,,,,,,,,,,0.010348,,1.191924,,,,11058768.0,,,,913226.0,,,,0.08257936146232564,,,,,,,286365.0,,,,,936.0,38812.0,,,,,,,,,,,203849.0,,,,72319.0,,,,0.35476749947264885,,,,,,,,,,,,,,,,,,,,,,,,,,,,,,,,,ddr4_1x,31813772.0,0.13553332285719275,0.0424998850229844,286365.0,l1d,936.0,0.003268555864019695,38812.0,imp,merge_imp_stage2_s2_sth8_l1d_ddr4_1x,37919564.0,,0.010594,10593986076.0,0.9767793090428544,1.0978855956201625,0.947423069662073,,stage2,sdist16,0.010037,1.0309853541894989,,,,0.011631,0.040767280297635176,,,,,,,,,,,,,stage2: s2_sth8
,merge,s2_sth8,,,,,,,,,,0.010338,,1.191596,,,,11056107.0,,,,910848.0,,,,0.08238415203470806,,,,,,,280304.0,,,,,935.0,38675.0,,,,,,,,,,,203852.0,,,,72314.0,,,,0.3547377509173322,,,,,,,,,,,,,,,,,,,,,,,,,,,,,,,,,ddr4_2x,31822489.0,0.13797519835607056,0.0424604324761101,280304.0,l1d,935.0,0.0033356641360808266,38675.0,imp,merge_imp_stage2_s2_sth8_l1d_ddr4_2x,37919517.0,,0.010597,10596888837.0,0.9755591205058036,1.103802963102765,0.9431914692837596,,stage2,sdist16,0.009995,1.0343171585792896,,,,0.011697,0.0407309775539929,,,,,,,,,,,,,stage2: s2_sth8
,merge,s2_sth8,,,,,,,,,,0.010657,,1.165036,,,,11168773.0,,,,950693.0,,,,0.08512063052942342,,,,,,,,,,,,,,,,,,,,,,,,201548.0,,,,44303.0,,,,0.2198136424077639,,,,,,,82980.0,,,,,73.0,27881.0,,,,,,,,,,,,,,,,,,,,ddr4_1x,32547967.0,0.33599662569293803,0.0293270277576462,82980.0,l2,73.0,0.0008797300554350446,27881.0,imp,merge_imp_stage2_s2_sth8_l2_ddr4_1x,37919517.0,,0.010838,10838473011.0,0.9832995017530908,1.073168481269607,0.9552500461339728,,stage2,sdist16,0.010353,1.0293634695257414,,,,0.011631,0.3862490302560124,,,,,,,,,,,,,stage2: s2_sth8
,merge,s2_sth8,,,,,,,,,,0.010555,,1.171634,,,,11165209.0,,,,945600.0,,,,0.08469165243570452,,,,,,,,,,,,,,,,,,,,,,,,201552.0,,,,44298.0,,,,0.21978447249345082,,,,,,,82957.0,,,,,72.0,27893.0,,,,,,,,,,,,,,,,,,,,ddr4_2x,32364716.0,0.33623443470713743,0.0294976734348561,82957.0,l2,72.0,0.0008679195245729715,27893.0,imp,merge_imp_stage2_s2_sth8_l2_ddr4_2x,37919564.0,,0.010777,10777450428.0,0.9794005752992484,1.085366985246358,0.9486870186508304,,stage2,sdist16,0.010224,1.0323748043818466,,,,0.011697,0.38637780332728455,,,,,,,,,,,,,stage2: s2_sth8
,merge,s8_dist32_addr8,,,,,,,,,,0.010348,,1.242904,,,,10989127.0,,,,803007.0,,,,0.07307286556975819,,,,,,,239282.0,,,,,3555.0,66653.0,,,,,,,,,,,208488.0,,,,73064.0,,,,0.350447028126319,,,,,,,,,,,,,,,,,,,,,,,,,,,,,,,,,ddr4_1x,30508820.0,0.278554174572262,0.0830042577461964,239282.0,l1d,3555.0,0.01485694703320768,66653.0,imp,merge_imp_stage2_s8_dist32_addr8_l1d_ddr4_1x,37919492.0,,0.010159,10159437060.0,1.0186041933261147,1.1448961511959839,0.9879909439905504,,stage2,sdist16,0.010037,1.0309853541894989,,,,0.011631,0.07664259595704068,,,,,,,,,,,,,stage2: s8_dist32_addr8
,merge,s8_dist32_addr8,,,,,,,,,,0.010338,,1.245783,,,,10989085.0,,,,789419.0,,,,0.07183664518019471,,,,,,,220973.0,,,,,3523.0,69022.0,,,,,,,,,,,208447.0,,,,73048.0,,,,0.3504392003722769,,,,,,,,,,,,,,,,,,,,,,,,,,,,,,,,,ddr4_2x,30438319.0,0.3123549030877075,0.0874339229230611,220973.0,l1d,3523.0,0.01594312427310124,69022.0,imp,merge_imp_stage2_s8_dist32_addr8_l1d_ddr4_2x,37919492.0,,0.010136,10135960227.0,1.019928966061563,1.1540055248618786,0.986089187056038,,stage2,sdist16,0.009995,1.0343171585792896,,,,0.011697,0.08040389496773803,,,,,,,,,,,,,stage2: s8_dist32_addr8
,merge,s8_dist32_addr8,,,,,,,,,,0.010657,,1.203492,,,,11128384.0,,,,889988.0,,,,0.07997459469407238,,,,,,,,,,,,,,,,,,,,,,,,201519.0,,,,22581.0,,,,0.11205395024786745,,,,,,,113643.0,,,,,240.0,49707.0,,,,,,,,,,,,,,,,,,,,ddr4_1x,31507979.0,0.4373960560703255,0.0558513148491889,113643.0,l2,240.0,0.002111876666402682,49707.0,imp,merge_imp_stage2_s8_dist32_addr8_l2_ddr4_1x,37919564.0,,0.010492,10492157007.0,1.015726267632482,1.1085589020205873,0.9867518109035456,,stage2,sdist16,0.010353,1.0293634695257414,,,,0.011631,0.6876245019920318,,,,,,,,,,,,,stage2: s8_dist32_addr8
,merge,s8_dist32_addr8,,,,,,,,,,0.010555,,1.216069,,,,11127357.0,,,,887571.0,,,,0.07976476354627608,,,,,,,,,,,,,,,,,,,,,,,,201542.0,,,,21159.0,,,,0.1049855613222058,,,,,,,108292.0,,,,,227.0,51154.0,,,,,,,,,,,,,,,,,,,,ddr4_2x,31182064.0,0.4723709969342149,0.0576336991632218,108292.0,l2,227.0,0.002096184390352011,51154.0,imp,merge_imp_stage2_s8_dist32_addr8_l2_ddr4_2x,37919492.0,,0.010384,10383627312.0,1.0164676425269648,1.1264445300462251,0.9845916795069338,,stage2,sdist16,0.010224,1.0323748043818466,,,,0.011697,0.7073970102194627,,,,,,,,,,,,,stage2: s8_dist32_addr8
,merge,s8_dist8_addr8,,,,,,,,,,0.010348,,1.242904,,,,10989127.0,,,,803007.0,,,,0.07307286556975819,,,,,,,239282.0,,,,,3555.0,66653.0,,,,,,,,,,,208488.0,,,,73064.0,,,,0.350447028126319,,,,,,,,,,,,,,,,,,,,,,,,,,,,,,,,,ddr4_1x,30508820.0,0.278554174572262,0.0830042577461964,239282.0,l1d,3555.0,0.01485694703320768,66653.0,imp,merge_imp_stage2_s8_dist8_addr8_l1d_ddr4_1x,37919492.0,,0.010159,10159437060.0,1.0186041933261147,1.1448961511959839,0.9879909439905504,,stage2,sdist16,0.010037,1.0309853541894989,,,,0.011631,0.07664259595704068,,,,,,,,,,,,,stage2: s8_dist8_addr8
,merge,s8_dist8_addr8,,,,,,,,,,0.010338,,1.245783,,,,10989085.0,,,,789419.0,,,,0.07183664518019471,,,,,,,220973.0,,,,,3523.0,69022.0,,,,,,,,,,,208447.0,,,,73048.0,,,,0.3504392003722769,,,,,,,,,,,,,,,,,,,,,,,,,,,,,,,,,ddr4_2x,30438319.0,0.3123549030877075,0.0874339229230611,220973.0,l1d,3523.0,0.01594312427310124,69022.0,imp,merge_imp_stage2_s8_dist8_addr8_l1d_ddr4_2x,37919492.0,,0.010136,10135960227.0,1.019928966061563,1.1540055248618786,0.986089187056038,,stage2,sdist16,0.009995,1.0343171585792896,,,,0.011697,0.08040389496773803,,,,,,,,,,,,,stage2: s8_dist8_addr8
,merge,s8_dist8_addr8,,,,,,,,,,0.010657,,1.203492,,,,11128384.0,,,,889988.0,,,,0.07997459469407238,,,,,,,,,,,,,,,,,,,,,,,,201519.0,,,,22581.0,,,,0.11205395024786745,,,,,,,113643.0,,,,,240.0,49707.0,,,,,,,,,,,,,,,,,,,,ddr4_1x,31507979.0,0.4373960560703255,0.0558513148491889,113643.0,l2,240.0,0.002111876666402682,49707.0,imp,merge_imp_stage2_s8_dist8_addr8_l2_ddr4_1x,37919564.0,,0.010492,10492157007.0,1.015726267632482,1.1085589020205873,0.9867518109035456,,stage2,sdist16,0.010353,1.0293634695257414,,,,0.011631,0.6876245019920318,,,,,,,,,,,,,stage2: s8_dist8_addr8
,merge,s8_dist8_addr8,,,,,,,,,,0.010555,,1.216069,,,,11127357.0,,,,887571.0,,,,0.07976476354627608,,,,,,,,,,,,,,,,,,,,,,,,201542.0,,,,21159.0,,,,0.1049855613222058,,,,,,,108292.0,,,,,227.0,51154.0,,,,,,,,,,,,,,,,,,,,ddr4_2x,31182064.0,0.4723709969342149,0.0576336991632218,108292.0,l2,227.0,0.002096184390352011,51154.0,imp,merge_imp_stage2_s8_dist8_addr8_l2_ddr4_2x,37919492.0,,0.010384,10383627312.0,1.0164676425269648,1.1264445300462251,0.9845916795069338,,stage2,sdist16,0.010224,1.0323748043818466,,,,0.011697,0.7073970102194627,,,,,,,,,,,,,stage2: s8_dist8_addr8
,merge,s8_ipd16_addr16,,,,,,,,,,0.010348,,1.242904,,,,10989127.0,,,,803007.0,,,,0.07307286556975819,,,,,,,239282.0,,,,,3555.0,66653.0,,,,,,,,,,,208488.0,,,,73064.0,,,,0.350447028126319,,,,,,,,,,,,,,,,,,,,,,,,,,,,,,,,,ddr4_1x,30508820.0,0.278554174572262,0.0830042577461964,239282.0,l1d,3555.0,0.01485694703320768,66653.0,imp,merge_imp_stage2_s8_ipd16_addr16_l1d_ddr4_1x,37919492.0,,0.010159,10159437060.0,1.0186041933261147,1.1448961511959839,0.9879909439905504,,stage2,sdist16,0.010037,1.0309853541894989,,,,0.011631,0.07664259595704068,,,,,,,,,,,,,stage2: s8_ipd16_addr16
,merge,s8_ipd16_addr16,,,,,,,,,,0.010338,,1.245783,,,,10989085.0,,,,789419.0,,,,0.07183664518019471,,,,,,,220973.0,,,,,3523.0,69022.0,,,,,,,,,,,208447.0,,,,73048.0,,,,0.3504392003722769,,,,,,,,,,,,,,,,,,,,,,,,,,,,,,,,,ddr4_2x,30438319.0,0.3123549030877075,0.0874339229230611,220973.0,l1d,3523.0,0.01594312427310124,69022.0,imp,merge_imp_stage2_s8_ipd16_addr16_l1d_ddr4_2x,37919492.0,,0.010136,10135960227.0,1.019928966061563,1.1540055248618786,0.986089187056038,,stage2,sdist16,0.009995,1.0343171585792896,,,,0.011697,0.08040389496773803,,,,,,,,,,,,,stage2: s8_ipd16_addr16
,merge,s8_ipd16_addr16,,,,,,,,,,0.010657,,1.203492,,,,11128384.0,,,,889988.0,,,,0.07997459469407238,,,,,,,,,,,,,,,,,,,,,,,,201519.0,,,,22581.0,,,,0.11205395024786745,,,,,,,113643.0,,,,,240.0,49707.0,,,,,,,,,,,,,,,,,,,,ddr4_1x,31507979.0,0.4373960560703255,0.0558513148491889,113643.0,l2,240.0,0.002111876666402682,49707.0,imp,merge_imp_stage2_s8_ipd16_addr16_l2_ddr4_1x,37919564.0,,0.010492,10492157007.0,1.015726267632482,1.1085589020205873,0.9867518109035456,,stage2,sdist16,0.010353,1.0293634695257414,,,,0.011631,0.6876245019920318,,,,,,,,,,,,,stage2: s8_ipd16_addr16
,merge,s8_ipd16_addr16,,,,,,,,,,0.010555,,1.216069,,,,11127357.0,,,,887571.0,,,,0.07976476354627608,,,,,,,,,,,,,,,,,,,,,,,,201542.0,,,,21159.0,,,,0.1049855613222058,,,,,,,108292.0,,,,,227.0,51154.0,,,,,,,,,,,,,,,,,,,,ddr4_2x,31182064.0,0.4723709969342149,0.0576336991632218,108292.0,l2,227.0,0.002096184390352011,51154.0,imp,merge_imp_stage2_s8_ipd16_addr16_l2_ddr4_2x,37919492.0,,0.010384,10383627312.0,1.0164676425269648,1.1264445300462251,0.9845916795069338,,stage2,sdist16,0.010224,1.0323748043818466,,,,0.011697,0.7073970102194627,,,,,,,,,,,,,stage2: s8_ipd16_addr16
,merge,s8_ipd16_pt32,,,,,,,,,,0.010348,,1.242904,,,,10989127.0,,,,803007.0,,,,0.07307286556975819,,,,,,,239282.0,,,,,3555.0,66653.0,,,,,,,,,,,208488.0,,,,73064.0,,,,0.350447028126319,,,,,,,,,,,,,,,,,,,,,,,,,,,,,,,,,ddr4_1x,30508820.0,0.278554174572262,0.0830042577461964,239282.0,l1d,3555.0,0.01485694703320768,66653.0,imp,merge_imp_stage2_s8_ipd16_pt32_l1d_ddr4_1x,37919492.0,,0.010159,10159437060.0,1.0186041933261147,1.1448961511959839,0.9879909439905504,,stage2,sdist16,0.010037,1.0309853541894989,,,,0.011631,0.07664259595704068,,,,,,,,,,,,,stage2: s8_ipd16_pt32
,merge,s8_ipd16_pt32,,,,,,,,,,0.010338,,1.245783,,,,10989085.0,,,,789419.0,,,,0.07183664518019471,,,,,,,220973.0,,,,,3523.0,69022.0,,,,,,,,,,,208447.0,,,,73048.0,,,,0.3504392003722769,,,,,,,,,,,,,,,,,,,,,,,,,,,,,,,,,ddr4_2x,30438319.0,0.3123549030877075,0.0874339229230611,220973.0,l1d,3523.0,0.01594312427310124,69022.0,imp,merge_imp_stage2_s8_ipd16_pt32_l1d_ddr4_2x,37919492.0,,0.010136,10135960227.0,1.019928966061563,1.1540055248618786,0.986089187056038,,stage2,sdist16,0.009995,1.0343171585792896,,,,0.011697,0.08040389496773803,,,,,,,,,,,,,stage2: s8_ipd16_pt32
,merge,s8_ipd16_pt32,,,,,,,,,,0.010657,,1.203492,,,,11128384.0,,,,889988.0,,,,0.07997459469407238,,,,,,,,,,,,,,,,,,,,,,,,201519.0,,,,22581.0,,,,0.11205395024786745,,,,,,,113643.0,,,,,240.0,49707.0,,,,,,,,,,,,,,,,,,,,ddr4_1x,31507979.0,0.4373960560703255,0.0558513148491889,113643.0,l2,240.0,0.002111876666402682,49707.0,imp,merge_imp_stage2_s8_ipd16_pt32_l2_ddr4_1x,37919564.0,,0.010492,10492157007.0,1.015726267632482,1.1085589020205873,0.9867518109035456,,stage2,sdist16,0.010353,1.0293634695257414,,,,0.011631,0.6876245019920318,,,,,,,,,,,,,stage2: s8_ipd16_pt32
,merge,s8_ipd16_pt32,,,,,,,,,,0.010555,,1.216069,,,,11127357.0,,,,887571.0,,,,0.07976476354627608,,,,,,,,,,,,,,,,,,,,,,,,201542.0,,,,21159.0,,,,0.1049855613222058,,,,,,,108292.0,,,,,227.0,51154.0,,,,,,,,,,,,,,,,,,,,ddr4_2x,31182064.0,0.4723709969342149,0.0576336991632218,108292.0,l2,227.0,0.002096184390352011,51154.0,imp,merge_imp_stage2_s8_ipd16_pt32_l2_ddr4_2x,37919492.0,,0.010384,10383627312.0,1.0164676425269648,1.1264445300462251,0.9845916795069338,,stage2,sdist16,0.010224,1.0323748043818466,,,,0.011697,0.7073970102194627,,,,,,,,,,,,,stage2: s8_ipd16_pt32
,merge,s8_ipd8_addr8,,,,,,,,,,0.010348,,1.242904,,,,10989127.0,,,,803007.0,,,,0.07307286556975819,,,,,,,239282.0,,,,,3555.0,66653.0,,,,,,,,,,,208488.0,,,,73064.0,,,,0.350447028126319,,,,,,,,,,,,,,,,,,,,,,,,,,,,,,,,,ddr4_1x,30508820.0,0.278554174572262,0.0830042577461964,239282.0,l1d,3555.0,0.01485694703320768,66653.0,imp,merge_imp_stage2_s8_ipd8_addr8_l1d_ddr4_1x,37919492.0,,0.010159,10159437060.0,1.0186041933261147,1.1448961511959839,0.9879909439905504,,stage2,sdist16,0.010037,1.0309853541894989,,,,0.011631,0.07664259595704068,,,,,,,,,,,,,stage2: s8_ipd8_addr8
,merge,s8_ipd8_addr8,,,,,,,,,,0.010338,,1.245783,,,,10989085.0,,,,789419.0,,,,0.07183664518019471,,,,,,,220973.0,,,,,3523.0,69022.0,,,,,,,,,,,208447.0,,,,73048.0,,,,0.3504392003722769,,,,,,,,,,,,,,,,,,,,,,,,,,,,,,,,,ddr4_2x,30438319.0,0.3123549030877075,0.0874339229230611,220973.0,l1d,3523.0,0.01594312427310124,69022.0,imp,merge_imp_stage2_s8_ipd8_addr8_l1d_ddr4_2x,37919492.0,,0.010136,10135960227.0,1.019928966061563,1.1540055248618786,0.986089187056038,,stage2,sdist16,0.009995,1.0343171585792896,,,,0.011697,0.08040389496773803,,,,,,,,,,,,,stage2: s8_ipd8_addr8
,merge,s8_ipd8_addr8,,,,,,,,,,0.010657,,1.203492,,,,11128384.0,,,,889988.0,,,,0.07997459469407238,,,,,,,,,,,,,,,,,,,,,,,,201519.0,,,,22581.0,,,,0.11205395024786745,,,,,,,113643.0,,,,,240.0,49707.0,,,,,,,,,,,,,,,,,,,,ddr4_1x,31507979.0,0.4373960560703255,0.0558513148491889,113643.0,l2,240.0,0.002111876666402682,49707.0,imp,merge_imp_stage2_s8_ipd8_addr8_l2_ddr4_1x,37919564.0,,0.010492,10492157007.0,1.015726267632482,1.1085589020205873,0.9867518109035456,,stage2,sdist16,0.010353,1.0293634695257414,,,,0.011631,0.6876245019920318,,,,,,,,,,,,,stage2: s8_ipd8_addr8
,merge,s8_ipd8_addr8,,,,,,,,,,0.010555,,1.216069,,,,11127357.0,,,,887571.0,,,,0.07976476354627608,,,,,,,,,,,,,,,,,,,,,,,,201542.0,,,,21159.0,,,,0.1049855613222058,,,,,,,108292.0,,,,,227.0,51154.0,,,,,,,,,,,,,,,,,,,,ddr4_2x,31182064.0,0.4723709969342149,0.0576336991632218,108292.0,l2,227.0,0.002096184390352011,51154.0,imp,merge_imp_stage2_s8_ipd8_addr8_l2_ddr4_2x,37919492.0,,0.010384,10383627312.0,1.0164676425269648,1.1264445300462251,0.9845916795069338,,stage2,sdist16,0.010224,1.0323748043818466,,,,0.011697,0.7073970102194627,,,,,,,,,,,,,stage2: s8_ipd8_addr8
,merge,s8,,,,,,,,,,0.010348,,1.242904,,,,10989127.0,,,,803007.0,,,,0.07307286556975819,,,,,,,239282.0,,,,,3555.0,66653.0,,,,,,,,,,,208488.0,,,,73064.0,,,,0.350447028126319,,,,,,,,,,,,,,,,,,,,,,,,,,,,,,,,,ddr4_1x,30508820.0,0.278554174572262,0.0830042577461964,239282.0,l1d,3555.0,0.01485694703320768,66653.0,imp,merge_imp_stage2_s8_l1d_ddr4_1x,37919492.0,,0.010159,10159437060.0,1.0186041933261147,1.1448961511959839,0.9879909439905504,,stage2,sdist16,0.010037,1.0309853541894989,,,,0.011631,0.07664259595704068,,,,,,,,,,,,,stage2: s8
,merge,s8,,,,,,,,,,0.010338,,1.245783,,,,10989085.0,,,,789419.0,,,,0.07183664518019471,,,,,,,220973.0,,,,,3523.0,69022.0,,,,,,,,,,,208447.0,,,,73048.0,,,,0.3504392003722769,,,,,,,,,,,,,,,,,,,,,,,,,,,,,,,,,ddr4_2x,30438319.0,0.3123549030877075,0.0874339229230611,220973.0,l1d,3523.0,0.01594312427310124,69022.0,imp,merge_imp_stage2_s8_l1d_ddr4_2x,37919492.0,,0.010136,10135960227.0,1.019928966061563,1.1540055248618786,0.986089187056038,,stage2,sdist16,0.009995,1.0343171585792896,,,,0.011697,0.08040389496773803,,,,,,,,,,,,,stage2: s8
,merge,s8,,,,,,,,,,0.010657,,1.203492,,,,11128384.0,,,,889988.0,,,,0.07997459469407238,,,,,,,,,,,,,,,,,,,,,,,,201519.0,,,,22581.0,,,,0.11205395024786745,,,,,,,113643.0,,,,,240.0,49707.0,,,,,,,,,,,,,,,,,,,,ddr4_1x,31507979.0,0.4373960560703255,0.0558513148491889,113643.0,l2,240.0,0.002111876666402682,49707.0,imp,merge_imp_stage2_s8_l2_ddr4_1x,37919564.0,,0.010492,10492157007.0,1.015726267632482,1.1085589020205873,0.9867518109035456,,stage2,sdist16,0.010353,1.0293634695257414,,,,0.011631,0.6876245019920318,,,,,,,,,,,,,stage2: s8
,merge,s8,,,,,,,,,,0.010555,,1.216069,,,,11127357.0,,,,887571.0,,,,0.07976476354627608,,,,,,,,,,,,,,,,,,,,,,,,201542.0,,,,21159.0,,,,0.1049855613222058,,,,,,,108292.0,,,,,227.0,51154.0,,,,,,,,,,,,,,,,,,,,ddr4_2x,31182064.0,0.4723709969342149,0.0576336991632218,108292.0,l2,227.0,0.002096184390352011,51154.0,imp,merge_imp_stage2_s8_l2_ddr4_2x,37919492.0,,0.010384,10383627312.0,1.0164676425269648,1.1264445300462251,0.9845916795069338,,stage2,sdist16,0.010224,1.0323748043818466,,,,0.011697,0.7073970102194627,,,,,,,,,,,,,stage2: s8
,merge,s8_pt8_sth2,,,,,,,,,,0.010348,,1.2423,,,,10991699.0,,,,806585.0,,,,0.07338128527718964,,,,,,,255762.0,,,,,3198.0,65306.0,,,,,,,,,,,207858.0,,,,72892.0,,,,0.3506817154018609,,,,,,,,,,,,,,,,,,,,,,,,,,,,,,,,,ddr4_1x,30523690.0,0.2553389479281519,0.0809660482156251,255762.0,l1d,3198.0,0.012503812137846905,65306.0,imp,merge_imp_stage2_s8_pt8_sth2_l1d_ddr4_1x,37919539.0,,0.010164,10164388770.0,1.0181031090122,1.1443329397874853,0.9875049193231012,,stage2,sdist16,0.010037,1.0309853541894989,,,,0.011631,0.07490156453042869,,,,,,,,,,,,,stage2: s8_pt8_sth2
,merge,s8_pt8_sth2,,,,,,,,,,0.010338,,1.245571,,,,10988699.0,,,,788561.0,,,,0.07176108836905988,,,,,,,217178.0,,,,,3245.0,69097.0,,,,,,,,,,,207974.0,,,,72927.0,,,,0.3506544087241674,,,,,,,,,,,,,,,,,,,,,,,,,,,,,,,,,ddr4_2x,30443512.0,0.31815837699951194,0.0876241660442248,217178.0,l1d,3245.0,0.014941660757535294,69097.0,imp,merge_imp_stage2_s8_pt8_sth2_l1d_ddr4_2x,37919511.0,,0.010138,10137689496.0,1.0197277569540344,1.1537778654566977,0.9858946537778656,,stage2,sdist16,0.009995,1.0343171585792896,,,,0.011697,0.08056474725356727,,,,,,,,,,,,,stage2: s8_pt8_sth2
,merge,s8_pt8_sth2,,,,,,,,,,0.010657,,1.203119,,,,11128203.0,,,,890374.0,,,,0.08001058212183944,,,,,,,,,,,,,,,,,,,,,,,,201542.0,,,,22953.0,,,,0.11388693175616,,,,,,,115692.0,,,,,241.0,49358.0,,,,,,,,,,,,,,,,,,,,ddr4_1x,31517712.0,0.4266327835978287,0.0554351317536226,115692.0,l2,241.0,0.0020831172423330913,49358.0,imp,merge_imp_stage2_s8_pt8_sth2_l2_ddr4_1x,37919517.0,,0.010495,10495398096.0,1.015435921867556,1.1082420200095284,0.9864697474988088,,stage2,sdist16,0.010353,1.0293634695257414,,,,0.011631,0.6825794139204271,,,,,,,,,,,,,stage2: s8_pt8_sth2
,merge,s8_pt8_sth2,,,,,,,,,,0.010555,,1.216778,,,,11127233.0,,,,887642.0,,,,0.07977203317302693,,,,,,,,,,,,,,,,,,,,,,,,201538.0,,,,21095.0,,,,0.10467008703073366,,,,,,,107522.0,,,,,250.0,51205.0,,,,,,,,,,,,,,,,,,,,ddr4_2x,31163883.0,0.47622812075668236,0.0576865448007192,107522.0,l2,250.0,0.0023251055597924147,51205.0,imp,merge_imp_stage2_s8_pt8_sth2_l2_ddr4_2x,37919492.0,,0.010378,10377573039.0,1.0170553093081518,1.127095779533629,0.9851609173251108,,stage2,sdist16,0.010224,1.0323748043818466,,,,0.011697,0.7082295988934993,,,,,,,,,,,,,stage2: s8_pt8_sth2
,merge,s8_pt8_sth8,,,,,,,,,,0.010348,,1.241855,,,,10989565.0,,,,803261.0,,,,0.07309306601307695,,,,,,,234311.0,,,,,3200.0,65695.0,,,,,,,,,,,207671.0,,,,72884.0,,,,0.350958968753461,,,,,,,,,,,,,,,,,,,,,,,,,,,,,,,,,ddr4_1x,30534626.0,0.2803752277955367,0.0817853723758529,234311.0,l1d,3200.0,0.013657062621899953,65695.0,imp,merge_imp_stage2_s8_pt8_sth8_l1d_ddr4_1x,37919548.0,,0.010168,10168030458.0,1.0177025963808024,1.1438827694728562,0.9871164437450828,,stage2,sdist16,0.010037,1.0309853541894989,,,,0.011631,0.07560221691316937,,,,,,,,,,,,,stage2: s8_pt8_sth8
,merge,s8_pt8_sth8,,,,,,,,,,0.010338,,1.244579,,,,10989158.0,,,,788448.0,,,,0.07174780815782246,,,,,,,212815.0,,,,,3159.0,68566.0,,,,,,,,,,,207609.0,,,,72897.0,,,,0.35112639625449765,,,,,,,,,,,,,,,,,,,,,,,,,,,,,,,,,ddr4_2x,30467782.0,0.3221859361417193,0.0869632493201834,212815.0,l1d,3159.0,0.014843878486008976,68566.0,imp,merge_imp_stage2_s8_pt8_sth8_l1d_ddr4_2x,37919511.0,,0.010146,10145771406.0,1.018923713778829,1.1528681253696038,0.985117287601025,,stage2,sdist16,0.009995,1.0343171585792896,,,,0.011697,0.0800056941893598,,,,,,,,,,,,,stage2: s8_pt8_sth8
,merge,s8_pt8_sth8,,,,,,,,,,0.010657,,1.203068,,,,11128443.0,,,,889889.0,,,,0.07996527456716092,,,,,,,,,,,,,,,,,,,,,,,,201539.0,,,,23059.0,,,,0.11441457980837456,,,,,,,114516.0,,,,,205.0,49250.0,,,,,,,,,,,,,,,,,,,,ddr4_1x,31519042.0,0.43007090712214885,0.0553439811032611,114516.0,l2,205.0,0.0017901428621328024,49250.0,imp,merge_imp_stage2_s8_pt8_sth8_l2_ddr4_1x,37919517.0,,0.010496,10495840986.0,1.0153391768292683,1.1081364329268293,0.986375762195122,,stage2,sdist16,0.010353,1.0293634695257414,,,,0.011631,0.6811047034255764,,,,,,,,,,,,,stage2: s8_pt8_sth8
,merge,s8_pt8_sth8,,,,,,,,,,0.010555,,1.215567,,,,11127546.0,,,,887563.0,,,,0.07976268981498706,,,,,,,,,,,,,,,,,,,,,,,,201522.0,,,,21180.0,,,,0.10510018757257272,,,,,,,106994.0,,,,,213.0,51116.0,,,,,,,,,,,,,,,,,,,,ddr4_2x,31194994.0,0.47774641568686094,0.0575914047791537,106994.0,l2,213.0,0.001990765837336673,51116.0,imp,merge_imp_stage2_s8_pt8_sth8_l2_ddr4_2x,37919573.0,,0.010388,10387933002.0,1.0160762418174818,1.126010781671159,0.9842125529457066,,stage2,sdist16,0.010224,1.0323748043818466,,,,0.011697,0.7070377337612039,,,,,,,,,,,,,stage2: s8_pt8_sth8
,merge,s8_sth2,,,,,,,,,,0.010348,,1.242169,,,,10991388.0,,,,804149.0,,,,0.07316173353174321,,,,,,,230916.0,,,,,3752.0,66232.0,,,,,,,,,,,208805.0,,,,73047.0,,,,0.3498335767821652,,,,,,,,,,,,,,,,,,,,,,,,,,,,,,,,,ddr4_1x,30526847.0,0.2868229139600547,0.0823628456915323,230916.0,l1d,3752.0,0.016248332727052263,66232.0,imp,merge_imp_stage2_s8_sth2_l1d_ddr4_1x,37919467.0,,0.010165,10165440051.0,1.0180029513034925,1.1442203639940973,0.9874077717658633,,stage2,sdist16,0.010037,1.0309853541894989,,,,0.011631,0.07609541109008583,,,,,,,,,,,,,stage2: s8_sth2
,merge,s8_sth2,,,,,,,,,,0.010338,,1.245378,,,,10990716.0,,,,793197.0,,,,0.07216972943346002,,,,,,,221181.0,,,,,3528.0,67938.0,,,,,,,,,,,208384.0,,,,73035.0,,,,0.35048276259213756,,,,,,,,,,,,,,,,,,,,,,,,,,,,,,,,,ddr4_2x,30448223.0,0.3071601991129437,0.0856508534449827,221181.0,l1d,3528.0,0.01595073717905245,67938.0,imp,merge_imp_stage2_s8_sth2_l1d_ddr4_2x,37919492.0,,0.010139,10139258259.0,1.0196271821678666,1.1536640694348554,0.9857974159187296,,stage2,sdist16,0.009995,1.0343171585792896,,,,0.011697,0.07889355327561881,,,,,,,,,,,,,stage2: s8_sth2
,merge,s8_sth2,,,,,,,,,,0.010657,,1.203473,,,,11128255.0,,,,890010.0,,,,0.07997749871835252,,,,,,,,,,,,,,,,,,,,,,,,201527.0,,,,22750.0,,,,0.1128880993613759,,,,,,,114299.0,,,,,253.0,49550.0,,,,,,,,,,,,,,,,,,,,ddr4_1x,31508482.0,0.43351210421788466,0.0556735317580701,114299.0,l2,253.0,0.0022134926814757786,49550.0,imp,merge_imp_stage2_s8_sth2_l2_ddr4_1x,37919564.0,,0.010492,10492324506.0,1.015726267632482,1.1085589020205873,0.9867518109035456,,stage2,sdist16,0.010353,1.0293634695257414,,,,0.011631,0.6853388658367912,,,,,,,,,,,,,stage2: s8_sth2
,merge,s8_sth2,,,,,,,,,,0.010555,,1.216088,,,,11127330.0,,,,887562.0,,,,0.07976414827276625,,,,,,,,,,,,,,,,,,,,,,,,201541.0,,,,21147.0,,,,0.1049265410015828,,,,,,,108312.0,,,,,243.0,51165.0,,,,,,,,,,,,,,,,,,,,ddr4_2x,31181569.0,0.47238533126523374,0.057646677077207,108312.0,l2,243.0,0.002243518723687126,51165.0,imp,merge_imp_stage2_s8_sth2_l2_ddr4_2x,37919492.0,,0.010383,10383462477.0,1.0165655398247135,1.1265530193585669,0.9846865067899452,,stage2,sdist16,0.010224,1.0323748043818466,,,,0.011697,0.7075589113840026,,,,,,,,,,,,,stage2: s8_sth2
,merge,s8_sth8,,,,,,,,,,0.010348,,1.242188,,,,10991389.0,,,,801560.0,,,,0.07292617884782351,,,,,,,233307.0,,,,,3474.0,66674.0,,,,,,,,,,,208311.0,,,,72963.0,,,,0.3502599478664113,,,,,,,,,,,,,,,,,,,,,,,,,,,,,,,,,ddr4_1x,30526380.0,0.2857779663704904,0.0831802984180847,233307.0,l1d,3474.0,0.014890251899857269,66674.0,imp,merge_imp_stage2_s8_sth8_l1d_ddr4_1x,37919467.0,,0.010165,10165284540.0,1.0180029513034925,1.1442203639940973,0.9874077717658633,,stage2,sdist16,0.010037,1.0309853541894989,,,,0.011631,0.0767926618860814,,,,,,,,,,,,,stage2: s8_sth8
,merge,s8_sth8,,,,,,,,,,0.010338,,1.245995,,,,10989259.0,,,,790138.0,,,,0.07190093526779194,,,,,,,223671.0,,,,,3535.0,68884.0,,,,,,,,,,,208558.0,,,,73027.0,,,,0.3501519960874193,,,,,,,,,,,,,,,,,,,,,,,,,,,,,,,,,ddr4_2x,30433136.0,0.3079701883570065,0.0871797078485024,223671.0,l1d,3535.0,0.015804462804744467,68884.0,imp,merge_imp_stage2_s8_sth8_l1d_ddr4_2x,37919492.0,,0.010134,10134234288.0,1.0201302545885138,1.1542332741267023,0.9862837971186106,,stage2,sdist16,0.009995,1.0343171585792896,,,,0.011697,0.08018886594289786,,,,,,,,,,,,,stage2: s8_sth8
,merge,s8_sth8,,,,,,,,,,0.010657,,1.203507,,,,11128328.0,,,,889895.0,,,,0.07996664009184488,,,,,,,,,,,,,,,,,,,,,,,,201525.0,,,,22774.0,,,,0.11300831162386801,,,,,,,114247.0,,,,,226.0,49522.0,,,,,,,,,,,,,,,,,,,,ddr4_1x,31507551.0,0.43346433604383483,0.0556492619915832,114247.0,l2,226.0,0.0019781701051231103,49522.0,imp,merge_imp_stage2_s8_sth8_l2_ddr4_1x,37919517.0,,0.010492,10492014483.0,1.015726267632482,1.1085589020205873,0.9867518109035456,,stage2,sdist16,0.010353,1.0293634695257414,,,,0.011631,0.6849894876618347,,,,,,,,,,,,,stage2: s8_sth8
,merge,s8_sth8,,,,,,,,,,0.010555,,1.216049,,,,11127434.0,,,,887482.0,,,,0.0797562133372348,,,,,,,,,,,,,,,,,,,,,,,,201540.0,,,,21194.0,,,,0.1051602659521683,,,,,,,108317.0,,,,,226.0,51119.0,,,,,,,,,,,,,,,,,,,,ddr4_2x,31182632.0,0.47193884616449866,0.0576000414656297,108317.0,l2,226.0,0.0020864684213927637,51119.0,imp,merge_imp_stage2_s8_sth8_l2_ddr4_2x,37919564.0,,0.010384,10383816456.0,1.0164676425269648,1.1264445300462251,0.9845916795069338,,stage2,sdist16,0.010224,1.0323748043818466,,,,0.011697,0.7069130031944464,,,,,,,,,,,,,stage2: s8_sth8
,quick,aggr_s16_sth2_d32_ipd16_addr16,,,,,,,,,,0.008793,,0.957622,,,,9167416.0,,,,59160.0,,,,0.006453290654640304,,,,,,,166306.0,,,,,1512.0,70318.0,,,,,,,,,,,85487.0,,,,28554.0,,,,0.33401569829330774,,,,,,,,,,,,,,,,,,,,,,,,,,,,,,,,,ddr4_1x,25516831.0,0.4228229889480837,1.188607167004733,166306.0,l1d,1512.0,0.009091674383365602,70318.0,imp,quick_imp_stage2_aggr_s16_sth2_d32_ipd16_addr16_l1d_ddr4_1x,24424718.0,,0.008497,8497104723.0,1.0348358244086149,1.1452277274332119,1.0,,stage2,sdist16,0.008497,1.0348358244086149,,,,0.009731,0.5430884011183367,,,,,,,,,,,,,stage2: aggr_s16_sth2_d32_ipd16_addr16
,quick,aggr_s16_sth2_d32_ipd16_addr16,,,,,,,,,,0.008745,,0.961874,,,,9165998.0,,,,57597.0,,,,0.00628376746318295,,,,,,,163282.0,,,,,1448.0,70405.0,,,,,,,,,,,85433.0,,,,28580.0,,,,0.3345311530673159,,,,,,,,,,,,,,,,,,,,,,,,,,,,,,,,,ddr4_2x,25404038.0,0.43118653617667596,1.222372693022206,163282.0,l1d,1448.0,0.008868093237466469,70405.0,imp,quick_imp_stage2_aggr_s16_sth2_d32_ipd16_addr16_l1d_ddr4_2x,24424723.0,,0.00846,8459544654.0,1.033687943262411,1.1430260047281322,0.9998817966903072,,stage2,sdist16,0.008459,1.0338101430429127,,,,0.00967,0.5500304682739332,,,,,,,,,,,,,stage2: aggr_s16_sth2_d32_ipd16_addr16
,quick,aggr_s16_sth2_d32_ipd16_addr16,,,,,,,,,,0.00905,,0.923136,,,,9227056.0,,,,242700.0,,,,0.026303080852657663,,,,,,,,,,,,,,,,,,,,,,,,82818.0,,,,3968.0,,,,0.04791228959887947,,,,,,,30166.0,,,,,85.0,24521.0,,,,,,,,,,,,,,,,,,,,ddr4_1x,26470060.0,0.8128687926805013,0.1010341985990935,30166.0,l2,85.0,0.002817741828548697,24521.0,imp,quick_imp_stage2_aggr_s16_sth2_d32_ipd16_addr16_l2_ddr4_1x,24424718.0,,0.008815,8814529980.0,1.0266591038003403,1.1039137833238797,0.9996596710153148,,stage2,sdist16,0.008812,1.0270086246028145,,,,0.009731,0.8607181719260065,,,,,,,,,,,,,stage2: aggr_s16_sth2_d32_ipd16_addr16
,quick,aggr_s16_sth2_d32_ipd16_addr16,,,,,,,,,,0.008962,,0.932222,,,,9225235.0,,,,240456.0,,,,0.026065027069771124,,,,,,,,,,,,,,,,,,,,,,,,82819.0,,,,3987.0,,,,0.0481411270360666,,,,,,,30402.0,,,,,85.0,24503.0,,,,,,,,,,,,,,,,,,,,ddr4_2x,26212085.0,0.8059667127162686,0.101902219117011,30402.0,l2,85.0,0.0027958686928491547,24503.0,imp,quick_imp_stage2_aggr_s16_sth2_d32_ipd16_addr16_l2_ddr4_2x,24424718.0,,0.008729,8728624305.0,1.0266926337495703,1.107801580937106,1.0,,stage2,sdist16,0.008729,1.0266926337495703,,,,0.00967,0.86005616005616,,,,,,,,,,,,,stage2: aggr_s16_sth2_d32_ipd16_addr16
,quick,aggr_s16_sth2_d32_ipd16,,,,,,,,,,0.008793,,0.957622,,,,9167416.0,,,,59160.0,,,,0.006453290654640304,,,,,,,166306.0,,,,,1512.0,70318.0,,,,,,,,,,,85487.0,,,,28554.0,,,,0.33401569829330774,,,,,,,,,,,,,,,,,,,,,,,,,,,,,,,,,ddr4_1x,25516831.0,0.4228229889480837,1.188607167004733,166306.0,l1d,1512.0,0.009091674383365602,70318.0,imp,quick_imp_stage2_aggr_s16_sth2_d32_ipd16_l1d_ddr4_1x,24424718.0,,0.008497,8497104723.0,1.0348358244086149,1.1452277274332119,1.0,,stage2,sdist16,0.008497,1.0348358244086149,,,,0.009731,0.5430884011183367,,,,,,,,,,,,,stage2: aggr_s16_sth2_d32_ipd16
,quick,aggr_s16_sth2_d32_ipd16,,,,,,,,,,0.008745,,0.961874,,,,9165998.0,,,,57597.0,,,,0.00628376746318295,,,,,,,163282.0,,,,,1448.0,70405.0,,,,,,,,,,,85433.0,,,,28580.0,,,,0.3345311530673159,,,,,,,,,,,,,,,,,,,,,,,,,,,,,,,,,ddr4_2x,25404038.0,0.43118653617667596,1.222372693022206,163282.0,l1d,1448.0,0.008868093237466469,70405.0,imp,quick_imp_stage2_aggr_s16_sth2_d32_ipd16_l1d_ddr4_2x,24424723.0,,0.00846,8459544654.0,1.033687943262411,1.1430260047281322,0.9998817966903072,,stage2,sdist16,0.008459,1.0338101430429127,,,,0.00967,0.5500304682739332,,,,,,,,,,,,,stage2: aggr_s16_sth2_d32_ipd16
,quick,aggr_s16_sth2_d32_ipd16,,,,,,,,,,0.00905,,0.923136,,,,9227056.0,,,,242700.0,,,,0.026303080852657663,,,,,,,,,,,,,,,,,,,,,,,,82818.0,,,,3968.0,,,,0.04791228959887947,,,,,,,30166.0,,,,,85.0,24521.0,,,,,,,,,,,,,,,,,,,,ddr4_1x,26470060.0,0.8128687926805013,0.1010341985990935,30166.0,l2,85.0,0.002817741828548697,24521.0,imp,quick_imp_stage2_aggr_s16_sth2_d32_ipd16_l2_ddr4_1x,24424718.0,,0.008815,8814529980.0,1.0266591038003403,1.1039137833238797,0.9996596710153148,,stage2,sdist16,0.008812,1.0270086246028145,,,,0.009731,0.8607181719260065,,,,,,,,,,,,,stage2: aggr_s16_sth2_d32_ipd16
,quick,aggr_s16_sth2_d32_ipd16,,,,,,,,,,0.008962,,0.932222,,,,9225235.0,,,,240456.0,,,,0.026065027069771124,,,,,,,,,,,,,,,,,,,,,,,,82819.0,,,,3987.0,,,,0.0481411270360666,,,,,,,30402.0,,,,,85.0,24503.0,,,,,,,,,,,,,,,,,,,,ddr4_2x,26212085.0,0.8059667127162686,0.101902219117011,30402.0,l2,85.0,0.0027958686928491547,24503.0,imp,quick_imp_stage2_aggr_s16_sth2_d32_ipd16_l2_ddr4_2x,24424718.0,,0.008729,8728624305.0,1.0266926337495703,1.107801580937106,1.0,,stage2,sdist16,0.008729,1.0266926337495703,,,,0.00967,0.86005616005616,,,,,,,,,,,,,stage2: aggr_s16_sth2_d32_ipd16
,quick,cons_s2_sth8_pt8,,,,,,,,,,0.008793,,0.899121,,,,9225463.0,,,,181688.0,,,,0.01969418770635143,,,,,,,208277.0,,,,,124.0,40037.0,,,,,,,,,,,83105.0,,,,28489.0,,,,0.34280729198002524,,,,,,,,,,,,,,,,,,,,,,,,,,,,,,,,,ddr4_1x,27177093.0,0.19222957887812864,0.2203612786755316,208277.0,l1d,124.0,0.0005953609856105091,40037.0,imp,quick_imp_stage2_cons_s2_sth8_pt8_l1d_ddr4_1x,24424723.0,,0.00905,9049971969.0,0.9716022099447512,1.0752486187845303,0.9388950276243092,,stage2,sdist16,0.008497,1.0348358244086149,,,,0.009731,0.1805705265531627,,,,,,,,,,,,,stage2: cons_s2_sth8_pt8
,quick,cons_s2_sth8_pt8,,,,,,,,,,0.008745,,0.904579,,,,9223197.0,,,,178150.0,,,,0.01931542826202238,,,,,,,204808.0,,,,,123.0,40392.0,,,,,,,,,,,83104.0,,,,28491.0,,,,0.34283548324990376,,,,,,,,,,,,,,,,,,,,,,,,,,,,,,,,,ddr4_2x,27013101.0,0.19721885863833444,0.2267302834689868,204808.0,l1d,123.0,0.000600562478028202,40392.0,imp,quick_imp_stage2_cons_s2_sth8_pt8_l1d_ddr4_2x,24424723.0,,0.008995,8995362633.0,0.9722067815453028,1.075041689827682,0.9404113396331296,,stage2,sdist16,0.008459,1.0338101430429127,,,,0.00967,0.18482488491914598,,,,,,,,,,,,,stage2: cons_s2_sth8_pt8
,quick,cons_s2_sth8_pt8,,,,,,,,,,0.00905,,0.881287,,,,9249025.0,,,,271287.0,,,,0.02933141601412041,,,,,,,,,,,,,,,,,,,,,,,,82825.0,,,,14323.0,,,,0.1729308783579837,,,,,,,27142.0,,,,,5.0,14168.0,,,,,,,,,,,,,,,,,,,,ddr4_1x,27727037.0,0.5219954314346769,0.0522251342673994,27142.0,l2,5.0,0.00018421634367401076,14168.0,imp,quick_imp_stage2_cons_s2_sth8_pt8_l2_ddr4_1x,24424723.0,,0.009233,9233103321.0,0.9801797898841116,1.0539369652334019,0.954402686017546,,stage2,sdist16,0.008812,1.0270086246028145,,,,0.009731,0.497279842757362,,,,,,,,,,,,,stage2: cons_s2_sth8_pt8
,quick,cons_s2_sth8_pt8,,,,,,,,,,0.008962,,0.890549,,,,9248930.0,,,,271242.0,,,,0.029326851862864135,,,,,,,,,,,,,,,,,,,,,,,,82826.0,,,,14154.0,,,,0.17088836838673846,,,,,,,26715.0,,,,,6.0,14340.0,,,,,,,,,,,,,,,,,,,,ddr4_2x,27438682.0,0.5367770915216171,0.0528679186851593,26715.0,l2,6.0,0.00022459292532285232,14340.0,imp,quick_imp_stage2_cons_s2_sth8_pt8_l2_ddr4_2x,24424723.0,,0.009137,9137081106.0,0.980847105176754,1.0583342453759441,0.9553463937835176,,stage2,sdist16,0.008729,1.0266926337495703,,,,0.00967,0.5032638450200042,,,,,,,,,,,,,stage2: cons_s2_sth8_pt8
,quick,cons_s8_sth8_pt8_ipd8,,,,,,,,,,0.008793,,0.943605,,,,9179065.0,,,,85342.0,,,,0.009297461124853131,,,,,,,169579.0,,,,,959.0,63346.0,,,,,,,,,,,84512.0,,,,28518.0,,,,0.3374432033320712,,,,,,,,,,,,,,,,,,,,,,,,,,,,,,,,,ddr4_1x,25895868.0,0.3735486115615731,0.7422605516627218,169579.0,l1d,959.0,0.00565518136089964,63346.0,imp,quick_imp_stage2_cons_s8_sth8_pt8_ipd8_l1d_ddr4_1x,24424718.0,,0.008623,8623324044.0,1.01971471645599,1.1284935637249216,0.9853879160385016,,stage2,sdist16,0.008497,1.0348358244086149,,,,0.009731,0.42603303561820727,,,,,,,,,,,,,stage2: cons_s8_sth8_pt8_ipd8
,quick,cons_s8_sth8_pt8_ipd8,,,,,,,,,,0.008745,,0.947745,,,,9178648.0,,,,84033.0,,,,0.009155269926464116,,,,,,,168370.0,,,,,932.0,63330.0,,,,,,,,,,,84486.0,,,,28526.0,,,,0.33764173945979215,,,,,,,,,,,,,,,,,,,,,,,,,,,,,,,,,ddr4_2x,25782753.0,0.37613589119201757,0.753632501517261,168370.0,l1d,932.0,0.005535427926590248,63330.0,imp,quick_imp_stage2_cons_s8_sth8_pt8_ipd8_l1d_ddr4_2x,24424723.0,,0.008586,8585656749.0,1.0185185185185184,1.1262520382017238,0.9852084789191708,,stage2,sdist16,0.008459,1.0338101430429127,,,,0.00967,0.4297550945624071,,,,,,,,,,,,,stage2: cons_s8_sth8_pt8_ipd8
,quick,cons_s8_sth8_pt8_ipd8,,,,,,,,,,0.00905,,0.910103,,,,9233024.0,,,,250094.0,,,,0.02708690023983475,,,,,,,,,,,,,,,,,,,,,,,,82825.0,,,,6252.0,,,,0.07548445517657712,,,,,,,31963.0,,,,,45.0,22252.0,,,,,,,,,,,,,,,,,,,,ddr4_1x,26849125.0,0.696179958076526,0.0889745455708653,31963.0,l2,45.0,0.0014078778587742076,22252.0,imp,quick_imp_stage2_cons_s8_sth8_pt8_ipd8_l2_ddr4_1x,24424723.0,,0.008941,8940758625.0,1.0121910300861203,1.0883570070461919,0.985572083659546,,stage2,sdist16,0.008812,1.0270086246028145,,,,0.009731,0.7806623631770979,,,,,,,,,,,,,stage2: cons_s8_sth8_pt8_ipd8
,quick,cons_s8_sth8_pt8_ipd8,,,,,,,,,,0.008962,,0.919299,,,,9231130.0,,,,247773.0,,,,0.02684102596323527,,,,,,,,,,,,,,,,,,,,,,,,82820.0,,,,6250.0,,,,0.07546486355952668,,,,,,,31770.0,,,,,45.0,22251.0,,,,,,,,,,,,,,,,,,,,ddr4_2x,26580551.0,0.7003777148253069,0.0898039737985979,31770.0,l2,45.0,0.00141643059490085,22251.0,imp,quick_imp_stage2_cons_s8_sth8_pt8_ipd8_l2_ddr4_2x,24424718.0,,0.008851,8851323483.0,1.012540955824201,1.0925319172974806,0.9862162467517795,,stage2,sdist16,0.008729,1.0266926337495703,,,,0.00967,0.7807094487912705,,,,,,,,,,,,,stage2: cons_s8_sth8_pt8_ipd8
,quick,s16_dist32_addr16,,,,,,,,,,0.008793,,0.95759,,,,9167049.0,,,,59414.0,,,,0.006481256945392132,,,,,,,165998.0,,,,,1297.0,70140.0,,,,,,,,,,,85137.0,,,,28515.0,,,,0.3349307586595722,,,,,,,,,,,,,,,,,,,,,,,,,,,,,,,,,ddr4_1x,25517680.0,0.4225352112676056,1.1805298414515095,165998.0,l1d,1297.0,0.007813347148760828,70140.0,imp,quick_imp_stage2_s16_dist32_addr16_l1d_ddr4_1x,24424723.0,,0.008497,8497387440.0,1.0348358244086149,1.1452277274332119,1.0,,stage2,sdist16,0.008497,1.0348358244086149,,,,0.009731,0.5413958658165707,,,,,,,,,,,,,stage2: s16_dist32_addr16
,quick,s16_dist32_addr16,,,,,,,,,,0.008745,,0.961899,,,,9165808.0,,,,57720.0,,,,0.006297317159600114,,,,,,,162834.0,,,,,1252.0,70256.0,,,,,,,,,,,85108.0,,,,28531.0,,,,0.33523288057526907,,,,,,,,,,,,,,,,,,,,,,,,,,,,,,,,,ddr4_2x,25403384.0,0.4314578036527998,1.2171864171864173,162834.0,l1d,1252.0,0.007688811918886719,70256.0,imp,quick_imp_stage2_s16_dist32_addr16_l1d_ddr4_2x,24424732.0,,0.008459,8459326872.0,1.0338101430429127,1.143161130157229,1.0,,stage2,sdist16,0.008459,1.0338101430429127,,,,0.00967,0.5489779333625054,,,,,,,,,,,,,stage2: s16_dist32_addr16
,quick,s16_dist32_addr16,,,,,,,,,,0.00905,,0.92336,,,,9227157.0,,,,242742.0,,,,0.026307344721673207,,,,,,,,,,,,,,,,,,,,,,,,82820.0,,,,3981.0,,,,0.04806809949287612,,,,,,,30092.0,,,,,32.0,24510.0,,,,,,,,,,,,,,,,,,,,ddr4_1x,26463641.0,0.8145021932739599,0.1009714017351756,30092.0,l2,32.0,0.0010634055562940316,24510.0,imp,quick_imp_stage2_s16_dist32_addr16_l2_ddr4_1x,24424718.0,,0.008812,8812392453.0,1.0270086246028145,1.1042896050839763,1.0,,stage2,sdist16,0.008812,1.0270086246028145,,,,0.009731,0.8602716647362325,,,,,,,,,,,,,stage2: s16_dist32_addr16
,quick,s16_dist32_addr16,,,,,,,,,,0.008962,,0.932146,,,,9225301.0,,,,240499.0,,,,0.026069501688887983,,,,,,,,,,,,,,,,,,,,,,,,82824.0,,,,4006.0,,,,0.048367622911233456,,,,,,,30347.0,,,,,32.0,24489.0,,,,,,,,,,,,,,,,,,,,ddr4_2x,26214210.0,0.8069660922002175,0.1018257872174104,30347.0,l2,32.0,0.0010544699640821168,24489.0,imp,quick_imp_stage2_s16_dist32_addr16_l2_ddr4_2x,24424723.0,,0.008729,8729331930.0,1.0266926337495703,1.107801580937106,1.0,,stage2,sdist16,0.008729,1.0266926337495703,,,,0.00967,0.8594139322688191,,,,,,,,,,,,,stage2: s16_dist32_addr16
,quick,s16_dist8_addr16,,,,,,,,,,0.008793,,0.95759,,,,9167049.0,,,,59414.0,,,,0.006481256945392132,,,,,,,165998.0,,,,,1297.0,70140.0,,,,,,,,,,,85137.0,,,,28515.0,,,,0.3349307586595722,,,,,,,,,,,,,,,,,,,,,,,,,,,,,,,,,ddr4_1x,25517680.0,0.4225352112676056,1.1805298414515095,165998.0,l1d,1297.0,0.007813347148760828,70140.0,imp,quick_imp_stage2_s16_dist8_addr16_l1d_ddr4_1x,24424723.0,,0.008497,8497387440.0,1.0348358244086149,1.1452277274332119,1.0,,stage2,sdist16,0.008497,1.0348358244086149,,,,0.009731,0.5413958658165707,,,,,,,,,,,,,stage2: s16_dist8_addr16
,quick,s16_dist8_addr16,,,,,,,,,,0.008745,,0.961899,,,,9165808.0,,,,57720.0,,,,0.006297317159600114,,,,,,,162834.0,,,,,1252.0,70256.0,,,,,,,,,,,85108.0,,,,28531.0,,,,0.33523288057526907,,,,,,,,,,,,,,,,,,,,,,,,,,,,,,,,,ddr4_2x,25403384.0,0.4314578036527998,1.2171864171864173,162834.0,l1d,1252.0,0.007688811918886719,70256.0,imp,quick_imp_stage2_s16_dist8_addr16_l1d_ddr4_2x,24424732.0,,0.008459,8459326872.0,1.0338101430429127,1.143161130157229,1.0,,stage2,sdist16,0.008459,1.0338101430429127,,,,0.00967,0.5489779333625054,,,,,,,,,,,,,stage2: s16_dist8_addr16
,quick,s16_dist8_addr16,,,,,,,,,,0.00905,,0.92336,,,,9227157.0,,,,242742.0,,,,0.026307344721673207,,,,,,,,,,,,,,,,,,,,,,,,82820.0,,,,3981.0,,,,0.04806809949287612,,,,,,,30092.0,,,,,32.0,24510.0,,,,,,,,,,,,,,,,,,,,ddr4_1x,26463641.0,0.8145021932739599,0.1009714017351756,30092.0,l2,32.0,0.0010634055562940316,24510.0,imp,quick_imp_stage2_s16_dist8_addr16_l2_ddr4_1x,24424718.0,,0.008812,8812392453.0,1.0270086246028145,1.1042896050839763,1.0,,stage2,sdist16,0.008812,1.0270086246028145,,,,0.009731,0.8602716647362325,,,,,,,,,,,,,stage2: s16_dist8_addr16
,quick,s16_dist8_addr16,,,,,,,,,,0.008962,,0.932146,,,,9225301.0,,,,240499.0,,,,0.026069501688887983,,,,,,,,,,,,,,,,,,,,,,,,82824.0,,,,4006.0,,,,0.048367622911233456,,,,,,,30347.0,,,,,32.0,24489.0,,,,,,,,,,,,,,,,,,,,ddr4_2x,26214210.0,0.8069660922002175,0.1018257872174104,30347.0,l2,32.0,0.0010544699640821168,24489.0,imp,quick_imp_stage2_s16_dist8_addr16_l2_ddr4_2x,24424723.0,,0.008729,8729331930.0,1.0266926337495703,1.107801580937106,1.0,,stage2,sdist16,0.008729,1.0266926337495703,,,,0.00967,0.8594139322688191,,,,,,,,,,,,,stage2: s16_dist8_addr16
,quick,s16_ipd16_addr16,,,,,,,,,,0.008793,,0.95759,,,,9167049.0,,,,59414.0,,,,0.006481256945392132,,,,,,,165998.0,,,,,1297.0,70140.0,,,,,,,,,,,85137.0,,,,28515.0,,,,0.3349307586595722,,,,,,,,,,,,,,,,,,,,,,,,,,,,,,,,,ddr4_1x,25517680.0,0.4225352112676056,1.1805298414515095,165998.0,l1d,1297.0,0.007813347148760828,70140.0,imp,quick_imp_stage2_s16_ipd16_addr16_l1d_ddr4_1x,24424723.0,,0.008497,8497387440.0,1.0348358244086149,1.1452277274332119,1.0,,stage2,sdist16,0.008497,1.0348358244086149,,,,0.009731,0.5413958658165707,,,,,,,,,,,,,stage2: s16_ipd16_addr16
,quick,s16_ipd16_addr16,,,,,,,,,,0.008745,,0.961899,,,,9165808.0,,,,57720.0,,,,0.006297317159600114,,,,,,,162834.0,,,,,1252.0,70256.0,,,,,,,,,,,85108.0,,,,28531.0,,,,0.33523288057526907,,,,,,,,,,,,,,,,,,,,,,,,,,,,,,,,,ddr4_2x,25403384.0,0.4314578036527998,1.2171864171864173,162834.0,l1d,1252.0,0.007688811918886719,70256.0,imp,quick_imp_stage2_s16_ipd16_addr16_l1d_ddr4_2x,24424732.0,,0.008459,8459326872.0,1.0338101430429127,1.143161130157229,1.0,,stage2,sdist16,0.008459,1.0338101430429127,,,,0.00967,0.5489779333625054,,,,,,,,,,,,,stage2: s16_ipd16_addr16
,quick,s16_ipd16_addr16,,,,,,,,,,0.00905,,0.92336,,,,9227157.0,,,,242742.0,,,,0.026307344721673207,,,,,,,,,,,,,,,,,,,,,,,,82820.0,,,,3981.0,,,,0.04806809949287612,,,,,,,30092.0,,,,,32.0,24510.0,,,,,,,,,,,,,,,,,,,,ddr4_1x,26463641.0,0.8145021932739599,0.1009714017351756,30092.0,l2,32.0,0.0010634055562940316,24510.0,imp,quick_imp_stage2_s16_ipd16_addr16_l2_ddr4_1x,24424718.0,,0.008812,8812392453.0,1.0270086246028145,1.1042896050839763,1.0,,stage2,sdist16,0.008812,1.0270086246028145,,,,0.009731,0.8602716647362325,,,,,,,,,,,,,stage2: s16_ipd16_addr16
,quick,s16_ipd16_addr16,,,,,,,,,,0.008962,,0.932146,,,,9225301.0,,,,240499.0,,,,0.026069501688887983,,,,,,,,,,,,,,,,,,,,,,,,82824.0,,,,4006.0,,,,0.048367622911233456,,,,,,,30347.0,,,,,32.0,24489.0,,,,,,,,,,,,,,,,,,,,ddr4_2x,26214210.0,0.8069660922002175,0.1018257872174104,30347.0,l2,32.0,0.0010544699640821168,24489.0,imp,quick_imp_stage2_s16_ipd16_addr16_l2_ddr4_2x,24424723.0,,0.008729,8729331930.0,1.0266926337495703,1.107801580937106,1.0,,stage2,sdist16,0.008729,1.0266926337495703,,,,0.00967,0.8594139322688191,,,,,,,,,,,,,stage2: s16_ipd16_addr16
,quick,s16_ipd16_pt32,,,,,,,,,,0.008793,,0.95759,,,,9167049.0,,,,59414.0,,,,0.006481256945392132,,,,,,,165998.0,,,,,1297.0,70140.0,,,,,,,,,,,85137.0,,,,28515.0,,,,0.3349307586595722,,,,,,,,,,,,,,,,,,,,,,,,,,,,,,,,,ddr4_1x,25517680.0,0.4225352112676056,1.1805298414515095,165998.0,l1d,1297.0,0.007813347148760828,70140.0,imp,quick_imp_stage2_s16_ipd16_pt32_l1d_ddr4_1x,24424723.0,,0.008497,8497387440.0,1.0348358244086149,1.1452277274332119,1.0,,stage2,sdist16,0.008497,1.0348358244086149,,,,0.009731,0.5413958658165707,,,,,,,,,,,,,stage2: s16_ipd16_pt32
,quick,s16_ipd16_pt32,,,,,,,,,,0.008745,,0.961899,,,,9165808.0,,,,57720.0,,,,0.006297317159600114,,,,,,,162834.0,,,,,1252.0,70256.0,,,,,,,,,,,85108.0,,,,28531.0,,,,0.33523288057526907,,,,,,,,,,,,,,,,,,,,,,,,,,,,,,,,,ddr4_2x,25403384.0,0.4314578036527998,1.2171864171864173,162834.0,l1d,1252.0,0.007688811918886719,70256.0,imp,quick_imp_stage2_s16_ipd16_pt32_l1d_ddr4_2x,24424732.0,,0.008459,8459326872.0,1.0338101430429127,1.143161130157229,1.0,,stage2,sdist16,0.008459,1.0338101430429127,,,,0.00967,0.5489779333625054,,,,,,,,,,,,,stage2: s16_ipd16_pt32
,quick,s16_ipd16_pt32,,,,,,,,,,0.00905,,0.92336,,,,9227157.0,,,,242742.0,,,,0.026307344721673207,,,,,,,,,,,,,,,,,,,,,,,,82820.0,,,,3981.0,,,,0.04806809949287612,,,,,,,30092.0,,,,,32.0,24510.0,,,,,,,,,,,,,,,,,,,,ddr4_1x,26463641.0,0.8145021932739599,0.1009714017351756,30092.0,l2,32.0,0.0010634055562940316,24510.0,imp,quick_imp_stage2_s16_ipd16_pt32_l2_ddr4_1x,24424718.0,,0.008812,8812392453.0,1.0270086246028145,1.1042896050839763,1.0,,stage2,sdist16,0.008812,1.0270086246028145,,,,0.009731,0.8602716647362325,,,,,,,,,,,,,stage2: s16_ipd16_pt32
,quick,s16_ipd16_pt32,,,,,,,,,,0.008962,,0.932146,,,,9225301.0,,,,240499.0,,,,0.026069501688887983,,,,,,,,,,,,,,,,,,,,,,,,82824.0,,,,4006.0,,,,0.048367622911233456,,,,,,,30347.0,,,,,32.0,24489.0,,,,,,,,,,,,,,,,,,,,ddr4_2x,26214210.0,0.8069660922002175,0.1018257872174104,30347.0,l2,32.0,0.0010544699640821168,24489.0,imp,quick_imp_stage2_s16_ipd16_pt32_l2_ddr4_2x,24424723.0,,0.008729,8729331930.0,1.0266926337495703,1.107801580937106,1.0,,stage2,sdist16,0.008729,1.0266926337495703,,,,0.00967,0.8594139322688191,,,,,,,,,,,,,stage2: s16_ipd16_pt32
,quick,s16_ipd8_addr8,,,,,,,,,,0.008793,,0.95759,,,,9167049.0,,,,59414.0,,,,0.006481256945392132,,,,,,,165998.0,,,,,1297.0,70140.0,,,,,,,,,,,85137.0,,,,28515.0,,,,0.3349307586595722,,,,,,,,,,,,,,,,,,,,,,,,,,,,,,,,,ddr4_1x,25517680.0,0.4225352112676056,1.1805298414515095,165998.0,l1d,1297.0,0.007813347148760828,70140.0,imp,quick_imp_stage2_s16_ipd8_addr8_l1d_ddr4_1x,24424723.0,,0.008497,8497387440.0,1.0348358244086149,1.1452277274332119,1.0,,stage2,sdist16,0.008497,1.0348358244086149,,,,0.009731,0.5413958658165707,,,,,,,,,,,,,stage2: s16_ipd8_addr8
,quick,s16_ipd8_addr8,,,,,,,,,,0.008745,,0.961899,,,,9165808.0,,,,57720.0,,,,0.006297317159600114,,,,,,,162834.0,,,,,1252.0,70256.0,,,,,,,,,,,85108.0,,,,28531.0,,,,0.33523288057526907,,,,,,,,,,,,,,,,,,,,,,,,,,,,,,,,,ddr4_2x,25403384.0,0.4314578036527998,1.2171864171864173,162834.0,l1d,1252.0,0.007688811918886719,70256.0,imp,quick_imp_stage2_s16_ipd8_addr8_l1d_ddr4_2x,24424732.0,,0.008459,8459326872.0,1.0338101430429127,1.143161130157229,1.0,,stage2,sdist16,0.008459,1.0338101430429127,,,,0.00967,0.5489779333625054,,,,,,,,,,,,,stage2: s16_ipd8_addr8
,quick,s16_ipd8_addr8,,,,,,,,,,0.00905,,0.92336,,,,9227157.0,,,,242742.0,,,,0.026307344721673207,,,,,,,,,,,,,,,,,,,,,,,,82820.0,,,,3981.0,,,,0.04806809949287612,,,,,,,30092.0,,,,,32.0,24510.0,,,,,,,,,,,,,,,,,,,,ddr4_1x,26463641.0,0.8145021932739599,0.1009714017351756,30092.0,l2,32.0,0.0010634055562940316,24510.0,imp,quick_imp_stage2_s16_ipd8_addr8_l2_ddr4_1x,24424718.0,,0.008812,8812392453.0,1.0270086246028145,1.1042896050839763,1.0,,stage2,sdist16,0.008812,1.0270086246028145,,,,0.009731,0.8602716647362325,,,,,,,,,,,,,stage2: s16_ipd8_addr8
,quick,s16_ipd8_addr8,,,,,,,,,,0.008962,,0.932146,,,,9225301.0,,,,240499.0,,,,0.026069501688887983,,,,,,,,,,,,,,,,,,,,,,,,82824.0,,,,4006.0,,,,0.048367622911233456,,,,,,,30347.0,,,,,32.0,24489.0,,,,,,,,,,,,,,,,,,,,ddr4_2x,26214210.0,0.8069660922002175,0.1018257872174104,30347.0,l2,32.0,0.0010544699640821168,24489.0,imp,quick_imp_stage2_s16_ipd8_addr8_l2_ddr4_2x,24424723.0,,0.008729,8729331930.0,1.0266926337495703,1.107801580937106,1.0,,stage2,sdist16,0.008729,1.0266926337495703,,,,0.00967,0.8594139322688191,,,,,,,,,,,,,stage2: s16_ipd8_addr8
,quick,s16,,,,,,,,,,0.008793,,0.95759,,,,9167049.0,,,,59414.0,,,,0.006481256945392132,,,,,,,165998.0,,,,,1297.0,70140.0,,,,,,,,,,,85137.0,,,,28515.0,,,,0.3349307586595722,,,,,,,,,,,,,,,,,,,,,,,,,,,,,,,,,ddr4_1x,25517680.0,0.4225352112676056,1.1805298414515095,165998.0,l1d,1297.0,0.007813347148760828,70140.0,imp,quick_imp_stage2_s16_l1d_ddr4_1x,24424723.0,,0.008497,8497387440.0,1.0348358244086149,1.1452277274332119,1.0,,stage2,sdist16,0.008497,1.0348358244086149,,,,0.009731,0.5413958658165707,,,,,,,,,,,,,stage2: s16
,quick,s16,,,,,,,,,,0.008745,,0.961899,,,,9165808.0,,,,57720.0,,,,0.006297317159600114,,,,,,,162834.0,,,,,1252.0,70256.0,,,,,,,,,,,85108.0,,,,28531.0,,,,0.33523288057526907,,,,,,,,,,,,,,,,,,,,,,,,,,,,,,,,,ddr4_2x,25403384.0,0.4314578036527998,1.2171864171864173,162834.0,l1d,1252.0,0.007688811918886719,70256.0,imp,quick_imp_stage2_s16_l1d_ddr4_2x,24424732.0,,0.008459,8459326872.0,1.0338101430429127,1.143161130157229,1.0,,stage2,sdist16,0.008459,1.0338101430429127,,,,0.00967,0.5489779333625054,,,,,,,,,,,,,stage2: s16
,quick,s16,,,,,,,,,,0.00905,,0.92336,,,,9227157.0,,,,242742.0,,,,0.026307344721673207,,,,,,,,,,,,,,,,,,,,,,,,82820.0,,,,3981.0,,,,0.04806809949287612,,,,,,,30092.0,,,,,32.0,24510.0,,,,,,,,,,,,,,,,,,,,ddr4_1x,26463641.0,0.8145021932739599,0.1009714017351756,30092.0,l2,32.0,0.0010634055562940316,24510.0,imp,quick_imp_stage2_s16_l2_ddr4_1x,24424718.0,,0.008812,8812392453.0,1.0270086246028145,1.1042896050839763,1.0,,stage2,sdist16,0.008812,1.0270086246028145,,,,0.009731,0.8602716647362325,,,,,,,,,,,,,stage2: s16
,quick,s16,,,,,,,,,,0.008962,,0.932146,,,,9225301.0,,,,240499.0,,,,0.026069501688887983,,,,,,,,,,,,,,,,,,,,,,,,82824.0,,,,4006.0,,,,0.048367622911233456,,,,,,,30347.0,,,,,32.0,24489.0,,,,,,,,,,,,,,,,,,,,ddr4_2x,26214210.0,0.8069660922002175,0.1018257872174104,30347.0,l2,32.0,0.0010544699640821168,24489.0,imp,quick_imp_stage2_s16_l2_ddr4_2x,24424723.0,,0.008729,8729331930.0,1.0266926337495703,1.107801580937106,1.0,,stage2,sdist16,0.008729,1.0266926337495703,,,,0.00967,0.8594139322688191,,,,,,,,,,,,,stage2: s16
,quick,s16_pt8_sth2,,,,,,,,,,0.008793,,0.958368,,,,9166631.0,,,,59116.0,,,,0.006449043274459286,,,,,,,165289.0,,,,,1341.0,70193.0,,,,,,,,,,,85194.0,,,,28507.0,,,,0.3346127661572411,,,,,,,,,,,,,,,,,,,,,,,,,,,,,,,,,ddr4_1x,25496967.0,0.42466830823587776,1.1873773597672372,165289.0,l1d,1341.0,0.008113062575246991,70193.0,imp,quick_imp_stage2_s16_pt8_sth2_l1d_ddr4_1x,24424718.0,,0.00849,8490490011.0,1.035689045936396,1.1461719670200237,1.0008244994110718,,stage2,sdist16,0.008497,1.0348358244086149,,,,0.009731,0.5428315121143926,,,,,,,,,,,,,stage2: s16_pt8_sth2
,quick,s16_pt8_sth2,,,,,,,,,,0.008745,,0.961904,,,,9165991.0,,,,57633.0,,,,0.0062876998242743206,,,,,,,162965.0,,,,,1321.0,70261.0,,,,,,,,,,,85164.0,,,,28527.0,,,,0.3349654783711427,,,,,,,,,,,,,,,,,,,,,,,,,,,,,,,,,ddr4_2x,25403236.0,0.43114165618384315,1.219110579008554,162965.0,l1d,1321.0,0.008106035038198386,70261.0,imp,quick_imp_stage2_s16_pt8_sth2_l1d_ddr4_2x,24424718.0,,0.008459,8459277588.0,1.0338101430429127,1.143161130157229,1.0,,stage2,sdist16,0.008459,1.0338101430429127,,,,0.00967,0.5493690087103382,,,,,,,,,,,,,stage2: s16_pt8_sth2
,quick,s16_pt8_sth2,,,,,,,,,,0.00905,,0.923133,,,,9227041.0,,,,242693.0,,,,0.02630236497269276,,,,,,,,,,,,,,,,,,,,,,,,82818.0,,,,3970.0,,,,0.04793643893839503,,,,,,,30122.0,,,,,39.0,24519.0,,,,,,,,,,,,,,,,,,,,ddr4_1x,26470159.0,0.8139897749153443,0.1010288718669265,30122.0,l2,39.0,0.0012947347453688334,24519.0,imp,quick_imp_stage2_s16_pt8_sth2_l2_ddr4_1x,24424718.0,,0.008815,8814562947.0,1.0266591038003403,1.1039137833238797,0.9996596710153148,,stage2,sdist16,0.008812,1.0270086246028145,,,,0.009731,0.8606479693916951,,,,,,,,,,,,,stage2: s16_pt8_sth2
,quick,s16_pt8_sth2,,,,,,,,,,0.008962,,0.932159,,,,9225218.0,,,,240447.0,,,,0.02606409951504669,,,,,,,,,,,,,,,,,,,,,,,,82823.0,,,,3993.0,,,,0.048211245668473734,,,,,,,30358.0,,,,,39.0,24501.0,,,,,,,,,,,,,,,,,,,,ddr4_2x,26213865.0,0.807068976875947,0.1018977155048721,30358.0,l2,39.0,0.0012846696093286778,24501.0,imp,quick_imp_stage2_s16_pt8_sth2_l2_ddr4_2x,24424723.0,,0.008729,8729217045.0,1.0266926337495703,1.107801580937106,1.0,,stage2,sdist16,0.008729,1.0266926337495703,,,,0.00967,0.8598652347862707,,,,,,,,,,,,,stage2: s16_pt8_sth2
,quick,s16_pt8_sth8,,,,,,,,,,0.008793,,0.958428,,,,9166431.0,,,,59358.0,,,,0.006475584663212978,,,,,,,164132.0,,,,,1212.0,69935.0,,,,,,,,,,,85106.0,,,,28509.0,,,,0.3349822574201584,,,,,,,,,,,,,,,,,,,,,,,,,,,,,,,,,ddr4_1x,25495363.0,0.42608997636049034,1.178189965969204,164132.0,l1d,1212.0,0.007384300441108376,69935.0,imp,quick_imp_stage2_s16_pt8_sth8_l1d_ddr4_1x,24424718.0,,0.00849,8489955879.0,1.035689045936396,1.1461719670200237,1.0008244994110718,,stage2,sdist16,0.008497,1.0348358244086149,,,,0.009731,0.5409032198185517,,,,,,,,,,,,,stage2: s16_pt8_sth8
,quick,s16_pt8_sth8,,,,,,,,,,0.008745,,0.961866,,,,9165735.0,,,,57993.0,,,,0.0063271521596467714,,,,,,,161960.0,,,,,1195.0,70027.0,,,,,,,,,,,85105.0,,,,28518.0,,,,0.33509194524411023,,,,,,,,,,,,,,,,,,,,,,,,,,,,,,,,,ddr4_2x,25404252.0,0.43237219066436156,1.207507802665839,161960.0,l1d,1195.0,0.0073783650284020745,70027.0,imp,quick_imp_stage2_s16_pt8_sth8_l1d_ddr4_2x,24424723.0,,0.00846,8459615916.0,1.033687943262411,1.1430260047281322,0.9998817966903072,,stage2,sdist16,0.008459,1.0338101430429127,,,,0.00967,0.5470004686767692,,,,,,,,,,,,,stage2: s16_pt8_sth8
,quick,s16_pt8_sth8,,,,,,,,,,0.00905,,0.923002,,,,9227193.0,,,,242759.0,,,,0.02630908446371502,,,,,,,,,,,,,,,,,,,,,,,,82821.0,,,,4019.0,,,,0.048526339937938444,,,,,,,30037.0,,,,,29.0,24472.0,,,,,,,,,,,,,,,,,,,,ddr4_1x,26473905.0,0.8147285015147984,0.1008077970332716,30037.0,l2,29.0,0.0009654759130405833,24472.0,imp,quick_imp_stage2_s16_pt8_sth8_l2_ddr4_1x,24424718.0,,0.008816,8815810365.0,1.026542649727768,1.1037885662431943,0.9995462794918332,,stage2,sdist16,0.008812,1.0270086246028145,,,,0.009731,0.8589379102172616,,,,,,,,,,,,,stage2: s16_pt8_sth8
,quick,s16_pt8_sth8,,,,,,,,,,0.008962,,0.931846,,,,9225297.0,,,,240538.0,,,,0.026073740498544384,,,,,,,,,,,,,,,,,,,,,,,,82825.0,,,,4040.0,,,,0.04877754301237549,,,,,,,30262.0,,,,,29.0,24456.0,,,,,,,,,,,,,,,,,,,,ddr4_2x,26222666.0,0.8081422245720706,0.1016720850759547,30262.0,l2,29.0,0.0009582975348622035,24456.0,imp,quick_imp_stage2_s16_pt8_sth8_l2_ddr4_2x,24424723.0,,0.008732,8732147778.0,1.0263398992212551,1.1074209803023363,0.999656436097114,,stage2,sdist16,0.008729,1.0266926337495703,,,,0.00967,0.8582257158899494,,,,,,,,,,,,,stage2: s16_pt8_sth8
,quick,s16_sth2,,,,,,,,,,0.008793,,0.957622,,,,9167416.0,,,,59160.0,,,,0.006453290654640304,,,,,,,166306.0,,,,,1512.0,70318.0,,,,,,,,,,,85487.0,,,,28554.0,,,,0.33401569829330774,,,,,,,,,,,,,,,,,,,,,,,,,,,,,,,,,ddr4_1x,25516831.0,0.4228229889480837,1.188607167004733,166306.0,l1d,1512.0,0.009091674383365602,70318.0,imp,quick_imp_stage2_s16_sth2_l1d_ddr4_1x,24424718.0,,0.008497,8497104723.0,1.0348358244086149,1.1452277274332119,1.0,,stage2,sdist16,0.008497,1.0348358244086149,,,,0.009731,0.5430884011183367,,,,,,,,,,,,,stage2: s16_sth2
,quick,s16_sth2,,,,,,,,,,0.008745,,0.961874,,,,9165998.0,,,,57597.0,,,,0.00628376746318295,,,,,,,163282.0,,,,,1448.0,70405.0,,,,,,,,,,,85433.0,,,,28580.0,,,,0.3345311530673159,,,,,,,,,,,,,,,,,,,,,,,,,,,,,,,,,ddr4_2x,25404038.0,0.43118653617667596,1.222372693022206,163282.0,l1d,1448.0,0.008868093237466469,70405.0,imp,quick_imp_stage2_s16_sth2_l1d_ddr4_2x,24424723.0,,0.00846,8459544654.0,1.033687943262411,1.1430260047281322,0.9998817966903072,,stage2,sdist16,0.008459,1.0338101430429127,,,,0.00967,0.5500304682739332,,,,,,,,,,,,,stage2: s16_sth2
,quick,s16_sth2,,,,,,,,,,0.00905,,0.923136,,,,9227056.0,,,,242700.0,,,,0.026303080852657663,,,,,,,,,,,,,,,,,,,,,,,,82818.0,,,,3968.0,,,,0.04791228959887947,,,,,,,30166.0,,,,,85.0,24521.0,,,,,,,,,,,,,,,,,,,,ddr4_1x,26470060.0,0.8128687926805013,0.1010341985990935,30166.0,l2,85.0,0.002817741828548697,24521.0,imp,quick_imp_stage2_s16_sth2_l2_ddr4_1x,24424718.0,,0.008815,8814529980.0,1.0266591038003403,1.1039137833238797,0.9996596710153148,,stage2,sdist16,0.008812,1.0270086246028145,,,,0.009731,0.8607181719260065,,,,,,,,,,,,,stage2: s16_sth2
,quick,s16_sth2,,,,,,,,,,0.008962,,0.932222,,,,9225235.0,,,,240456.0,,,,0.026065027069771124,,,,,,,,,,,,,,,,,,,,,,,,82819.0,,,,3987.0,,,,0.0481411270360666,,,,,,,30402.0,,,,,85.0,24503.0,,,,,,,,,,,,,,,,,,,,ddr4_2x,26212085.0,0.8059667127162686,0.101902219117011,30402.0,l2,85.0,0.0027958686928491547,24503.0,imp,quick_imp_stage2_s16_sth2_l2_ddr4_2x,24424718.0,,0.008729,8728624305.0,1.0266926337495703,1.107801580937106,1.0,,stage2,sdist16,0.008729,1.0266926337495703,,,,0.00967,0.86005616005616,,,,,,,,,,,,,stage2: s16_sth2
,quick,s16_sth8,,,,,,,,,,0.008793,,0.958423,,,,9166344.0,,,,59063.0,,,,0.006443463173540072,,,,,,,164158.0,,,,,1228.0,70080.0,,,,,,,,,,,85097.0,,,,28514.0,,,,0.3350764421777501,,,,,,,,,,,,,,,,,,,,,,,,,,,,,,,,,ddr4_1x,25495519.0,0.4269057858892043,1.1865296378443355,164158.0,l1d,1228.0,0.007480597960501468,70080.0,imp,quick_imp_stage2_s16_sth8_l1d_ddr4_1x,24424723.0,,0.00849,8490007827.0,1.035689045936396,1.1461719670200237,1.0008244994110718,,stage2,sdist16,0.008497,1.0348358244086149,,,,0.009731,0.5426542669753683,,,,,,,,,,,,,stage2: s16_sth8
,quick,s16_sth8,,,,,,,,,,0.008745,,0.961776,,,,9165703.0,,,,57718.0,,,,0.00629717109533224,,,,,,,162039.0,,,,,1211.0,70174.0,,,,,,,,,,,85095.0,,,,28520.0,,,,0.33515482695810567,,,,,,,,,,,,,,,,,,,,,,,,,,,,,,,,,ddr4_2x,25406624.0,0.43306858225488926,1.2158078935514052,162039.0,l1d,1211.0,0.007473509463771067,70174.0,imp,quick_imp_stage2_s16_sth8_l1d_ddr4_2x,24424723.0,,0.00846,8460405792.0,1.033687943262411,1.1430260047281322,0.9998817966903072,,stage2,sdist16,0.008459,1.0338101430429127,,,,0.00967,0.5486973383792575,,,,,,,,,,,,,stage2: s16_sth8
,quick,s16_sth8,,,,,,,,,,0.00905,,0.923375,,,,9227193.0,,,,242753.0,,,,0.02630843421179117,,,,,,,,,,,,,,,,,,,,,,,,82822.0,,,,3995.0,,,,0.0482359759484195,,,,,,,30052.0,,,,,29.0,24497.0,,,,,,,,,,,,,,,,,,,,ddr4_1x,26463214.0,0.8151537335285505,0.1009132739863153,30052.0,l2,29.0,0.0009649940103820046,24497.0,imp,quick_imp_stage2_s16_sth8_l2_ddr4_1x,24424718.0,,0.008812,8812250262.0,1.0270086246028145,1.1042896050839763,1.0,,stage2,sdist16,0.008812,1.0270086246028145,,,,0.009731,0.8597852028639618,,,,,,,,,,,,,stage2: s16_sth8
,quick,s16_sth8,,,,,,,,,,0.008962,,0.93189,,,,9225280.0,,,,240527.0,,,,0.026072596170522738,,,,,,,,,,,,,,,,,,,,,,,,82820.0,,,,4010.0,,,,0.04841825645979232,,,,,,,30277.0,,,,,29.0,24481.0,,,,,,,,,,,,,,,,,,,,ddr4_2x,26221405.0,0.8085675595336393,0.1017806732716077,30277.0,l2,29.0,0.0009578227697592232,24481.0,imp,quick_imp_stage2_s16_sth8_l2_ddr4_2x,24424718.0,,0.008732,8731727865.0,1.0263398992212551,1.1074209803023363,0.999656436097114,,stage2,sdist16,0.008729,1.0266926337495703,,,,0.00967,0.8592537994454389,,,,,,,,,,,,,stage2: s16_sth8
,quick,s2,,,,,,,,,,0.008793,,0.899513,,,,9225311.0,,,,181405.0,,,,0.019663835723261795,,,,,,,208952.0,,,,,136.0,40162.0,,,,,,,,,,,83110.0,,,,28490.0,,,,0.3427987005173866,,,,,,,,,,,,,,,,,,,,,,,,,,,,,,,,,ddr4_1x,27165241.0,0.192206822619549,0.2213941181334582,208952.0,l1d,136.0,0.0006508671848079942,40162.0,imp,quick_imp_stage2_s2_l1d_ddr4_1x,24424718.0,,0.009046,9046025253.0,0.9720318372761442,1.075724076940084,0.93931019235021,,stage2,sdist16,0.008497,1.0348358244086149,,,,0.009731,0.181263455297946,,,,,,,,,,,,,stage2: s2
,quick,s2,,,,,,,,,,0.008745,,0.904567,,,,9222982.0,,,,177906.0,,,,0.019289422878630794,,,,,,,205423.0,,,,,135.0,40526.0,,,,,,,,,,,83115.0,,,,28497.0,,,,0.34286229922396677,,,,,,,,,,,,,,,,,,,,,,,,,,,,,,,,,ddr4_2x,27013463.0,0.19728073292669274,0.227794453250593,205423.0,l1d,135.0,0.0006571805494029393,40526.0,imp,quick_imp_stage2_s2_l1d_ddr4_2x,24424723.0,,0.008995,8995483179.0,0.9722067815453028,1.075041689827682,0.9404113396331296,,stage2,sdist16,0.008459,1.0338101430429127,,,,0.00967,0.1855314239671843,,,,,,,,,,,,,stage2: s2
,quick,s2,,,,,,,,,,0.00905,,0.881407,,,,9249036.0,,,,271279.0,,,,0.029330516174874872,,,,,,,,,,,,,,,,,,,,,,,,82823.0,,,,14310.0,,,,0.1727780930417879,,,,,,,27119.0,,,,,8.0,14180.0,,,,,,,,,,,,,,,,,,,,ddr4_1x,27723279.0,0.5228806371916369,0.0522709092852745,27119.0,l2,8.0,0.0002949961281758177,14180.0,imp,quick_imp_stage2_s2_l2_ddr4_1x,24424723.0,,0.009232,9231851907.0,0.9802859618717504,1.0540511265164645,0.9545060658578856,,stage2,sdist16,0.008812,1.0270086246028145,,,,0.009731,0.49771849771849774,,,,,,,,,,,,,stage2: s2
,quick,s2,,,,,,,,,,0.008962,,0.890672,,,,9249176.0,,,,271726.0,,,,0.029378400843491356,,,,,,,,,,,,,,,,,,,,,,,,82826.0,,,,14153.0,,,,0.1708762948832492,,,,,,,26714.0,,,,,9.0,14340.0,,,,,,,,,,,,,,,,,,,,ddr4_2x,27434897.0,0.536797184996631,0.0527737500276013,26714.0,l2,9.0,0.00033690199895186043,14340.0,imp,quick_imp_stage2_s2_l2_ddr4_2x,24424723.0,,0.009136,9135820701.0,0.980954465849387,1.0584500875656742,0.9554509632224168,,stage2,sdist16,0.008729,1.0266926337495703,,,,0.00967,0.5032815077387428,,,,,,,,,,,,,stage2: s2
,quick,s2_sth2,,,,,,,,,,0.008793,,0.899314,,,,9224614.0,,,,181195.0,,,,0.019642556317261622,,,,,,,209090.0,,,,,149.0,40185.0,,,,,,,,,,,83116.0,,,,28499.0,,,,0.3428822368737668,,,,,,,,,,,,,,,,,,,,,,,,,,,,,,,,,ddr4_1x,27171252.0,0.19218996604333063,0.2217776428709401,209090.0,l1d,149.0,0.0007126117939643216,40185.0,imp,quick_imp_stage2_s2_sth2_l1d_ddr4_1x,24424732.0,,0.009048,9048026916.0,0.971816976127321,1.0754862953138815,0.939102564102564,,stage2,sdist16,0.008497,1.0348358244086149,,,,0.009731,0.18152046255307616,,,,,,,,,,,,,stage2: s2_sth2
,quick,s2_sth2,,,,,,,,,,0.008745,,0.904644,,,,9222758.0,,,,178044.0,,,,0.019304854361352645,,,,,,,205818.0,,,,,150.0,40531.0,,,,,,,,,,,83117.0,,,,28497.0,,,,0.3428540491114934,,,,,,,,,,,,,,,,,,,,,,,,,,,,,,,,,ddr4_2x,27011164.0,0.19692641071237696,0.2276459751522095,205818.0,l1d,150.0,0.0007287992303880127,40531.0,imp,quick_imp_stage2_s2_sth2_l1d_ddr4_2x,24424718.0,,0.008995,8994717612.0,0.9722067815453028,1.075041689827682,0.9404113396331296,,stage2,sdist16,0.008459,1.0338101430429127,,,,0.00967,0.18543291776278165,,,,,,,,,,,,,stage2: s2_sth2
,quick,s2_sth2,,,,,,,,,,0.00905,,0.881489,,,,9248874.0,,,,271118.0,,,,0.0293136223933854,,,,,,,,,,,,,,,,,,,,,,,,82819.0,,,,14296.0,,,,0.1726173945592195,,,,,,,27030.0,,,,,15.0,14189.0,,,,,,,,,,,,,,,,,,,,ddr4_1x,27720694.0,0.5249352571217166,0.0523351455823663,27030.0,l2,15.0,0.0005549389567147614,14189.0,imp,quick_imp_stage2_s2_sth2_l2_ddr4_1x,24424718.0,,0.009231,9230991102.0,0.9803921568627452,1.0541653125338533,0.954609468096631,,stage2,sdist16,0.008812,1.0270086246028145,,,,0.009731,0.49812181850096543,,,,,,,,,,,,,stage2: s2_sth2
,quick,s2_sth2,,,,,,,,,,0.008962,,0.890546,,,,9249230.0,,,,271709.0,,,,0.029376391332035207,,,,,,,,,,,,,,,,,,,,,,,,82827.0,,,,14160.0,,,,0.17095874533666558,,,,,,,26683.0,,,,,16.0,14334.0,,,,,,,,,,,,,,,,,,,,ddr4_2x,27438758.0,0.5371959674699247,0.0527549694710149,26683.0,l2,16.0,0.0005996327249559645,14334.0,imp,quick_imp_stage2_s2_sth2_l2_ddr4_2x,24424723.0,,0.009137,9137106414.0,0.980847105176754,1.0583342453759441,0.9553463937835176,,stage2,sdist16,0.008729,1.0266926337495703,,,,0.00967,0.5030532743735523,,,,,,,,,,,,,stage2: s2_sth2
,quick,s2_sth8,,,,,,,,,,0.008793,,0.89925,,,,9225285.0,,,,181544.0,,,,0.01967895842784261,,,,,,,208636.0,,,,,125.0,40134.0,,,,,,,,,,,83104.0,,,,28489.0,,,,0.342811417019638,,,,,,,,,,,,,,,,,,,,,,,,,,,,,,,,,ddr4_1x,27173181.0,0.1923637339672923,0.2210703741241792,208636.0,l1d,125.0,0.0005991295845395809,40134.0,imp,quick_imp_stage2_s2_sth8_l1d_ddr4_1x,24424723.0,,0.009049,9048669273.0,0.97170958116919,1.075367443916455,0.9389987843960658,,stage2,sdist16,0.008497,1.0348358244086149,,,,0.009731,0.18104638259096528,,,,,,,,,,,,,stage2: s2_sth8
,quick,s2_sth8,,,,,,,,,,0.008745,,0.904614,,,,9223015.0,,,,177939.0,,,,0.019292931866640137,,,,,,,205098.0,,,,,123.0,40487.0,,,,,,,,,,,83101.0,,,,28490.0,,,,0.3428358262836789,,,,,,,,,,,,,,,,,,,,,,,,,,,,,,,,,ddr4_2x,27012058.0,0.1974031926201133,0.2275330309825277,205098.0,l1d,123.0,0.0005997133077845712,40487.0,imp,quick_imp_stage2_s2_sth8_l1d_ddr4_2x,24424723.0,,0.008995,8995015314.0,0.9722067815453028,1.075041689827682,0.9404113396331296,,stage2,sdist16,0.008459,1.0338101430429127,,,,0.00967,0.1853579702050122,,,,,,,,,,,,,stage2: s2_sth8
,quick,s2_sth8,,,,,,,,,,0.00905,,0.881414,,,,9248944.0,,,,271235.0,,,,0.029326050628050077,,,,,,,,,,,,,,,,,,,,,,,,82824.0,,,,14319.0,,,,0.17288467110982325,,,,,,,27105.0,,,,,6.0,14171.0,,,,,,,,,,,,,,,,,,,,ddr4_1x,27723042.0,0.5228186681424092,0.0522462071635297,27105.0,l2,6.0,0.00022136137244050912,14171.0,imp,quick_imp_stage2_s2_sth8_l2_ddr4_1x,24424723.0,,0.009232,9231772986.0,0.9802859618717504,1.0540511265164645,0.9545060658578856,,stage2,sdist16,0.008812,1.0270086246028145,,,,0.009731,0.4974025974025974,,,,,,,,,,,,,stage2: s2_sth8
,quick,s2_sth8,,,,,,,,,,0.008962,,0.890548,,,,9248832.0,,,,271277.0,,,,0.02933094686983178,,,,,,,,,,,,,,,,,,,,,,,,82826.0,,,,14152.0,,,,0.17086422137975998,,,,,,,26696.0,,,,,7.0,14342.0,,,,,,,,,,,,,,,,,,,,ddr4_2x,27438699.0,0.5372340425531915,0.0528684702352208,26696.0,l2,7.0,0.0002622115672759964,14342.0,imp,quick_imp_stage2_s2_sth8_l2_ddr4_2x,24424723.0,,0.009137,9137086767.0,0.980847105176754,1.0583342453759441,0.9553463937835176,,stage2,sdist16,0.008729,1.0266926337495703,,,,0.00967,0.5033340352354881,,,,,,,,,,,,,stage2: s2_sth8
,quick,s8_dist32_addr8,,,,,,,,,,0.008793,,0.943546,,,,9179207.0,,,,84984.0,,,,0.009258316105084024,,,,,,,170791.0,,,,,1042.0,63733.0,,,,,,,,,,,84779.0,,,,28533.0,,,,0.3365574021868623,,,,,,,,,,,,,,,,,,,,,,,,,,,,,,,,,ddr4_1x,25897500.0,0.37316369129520877,0.7499411653958392,170791.0,l1d,1042.0,0.0061010240586447766,63733.0,imp,quick_imp_stage2_s8_dist32_addr8_l1d_ddr4_1x,24424718.0,,0.008624,8623867500.0,1.019596474953618,1.1283627087198516,0.985273654916512,,stage2,sdist16,0.008497,1.0348358244086149,,,,0.009731,0.4285522166262095,,,,,,,,,,,,,stage2: s8_dist32_addr8
,quick,s8_dist32_addr8,,,,,,,,,,0.008745,,0.947663,,,,9178669.0,,,,84081.0,,,,0.009160478496392016,,,,,,,169490.0,,,,,1001.0,63656.0,,,,,,,,,,,84734.0,,,,28533.0,,,,0.3367361389760899,,,,,,,,,,,,,,,,,,,,,,,,,,,,,,,,,ddr4_2x,25784977.0,0.3755737801640215,0.7570794828796041,169490.0,l1d,1001.0,0.005905953153578382,63656.0,imp,quick_imp_stage2_s8_dist32_addr8_l1d_ddr4_2x,24424718.0,,0.008586,8586397341.0,1.0185185185185184,1.1262520382017238,0.9852084789191708,,stage2,sdist16,0.008459,1.0338101430429127,,,,0.00967,0.4308737824647854,,,,,,,,,,,,,stage2: s8_dist32_addr8
,quick,s8_dist32_addr8,,,,,,,,,,0.00905,,0.910086,,,,9232908.0,,,,250014.0,,,,0.027078575893965368,,,,,,,,,,,,,,,,,,,,,,,,82824.0,,,,6238.0,,,,0.0753163334299237,,,,,,,32132.0,,,,,45.0,22266.0,,,,,,,,,,,,,,,,,,,,ddr4_1x,26849626.0,0.6929540644840035,0.089059012695289,32132.0,l2,45.0,0.001400473048674219,22266.0,imp,quick_imp_stage2_s8_dist32_addr8_l2_ddr4_1x,24424723.0,,0.008941,8940925458.0,1.0121910300861203,1.0883570070461919,0.985572083659546,,stage2,sdist16,0.008812,1.0270086246028145,,,,0.009731,0.7811535223126579,,,,,,,,,,,,,stage2: s8_dist32_addr8
,quick,s8_dist32_addr8,,,,,,,,,,0.008962,,0.919032,,,,9231125.0,,,,247788.0,,,,0.02684266543893621,,,,,,,,,,,,,,,,,,,,,,,,82823.0,,,,6239.0,,,,0.07532931673568936,,,,,,,32106.0,,,,,43.0,22265.0,,,,,,,,,,,,,,,,,,,,ddr4_2x,26588311.0,0.6934840839718432,0.0898550373706555,32106.0,l2,43.0,0.0013393135239519094,22265.0,imp,quick_imp_stage2_s8_dist32_addr8_l2_ddr4_2x,24424739.0,,0.008854,8853907563.0,1.0121978766659137,1.0921617348091257,0.9858820871922296,,stage2,sdist16,0.008729,1.0266926337495703,,,,0.00967,0.7811184395172608,,,,,,,,,,,,,stage2: s8_dist32_addr8
,quick,s8_dist8_addr8,,,,,,,,,,0.008793,,0.943546,,,,9179207.0,,,,84984.0,,,,0.009258316105084024,,,,,,,170791.0,,,,,1042.0,63733.0,,,,,,,,,,,84779.0,,,,28533.0,,,,0.3365574021868623,,,,,,,,,,,,,,,,,,,,,,,,,,,,,,,,,ddr4_1x,25897500.0,0.37316369129520877,0.7499411653958392,170791.0,l1d,1042.0,0.0061010240586447766,63733.0,imp,quick_imp_stage2_s8_dist8_addr8_l1d_ddr4_1x,24424718.0,,0.008624,8623867500.0,1.019596474953618,1.1283627087198516,0.985273654916512,,stage2,sdist16,0.008497,1.0348358244086149,,,,0.009731,0.4285522166262095,,,,,,,,,,,,,stage2: s8_dist8_addr8
,quick,s8_dist8_addr8,,,,,,,,,,0.008745,,0.947663,,,,9178669.0,,,,84081.0,,,,0.009160478496392016,,,,,,,169490.0,,,,,1001.0,63656.0,,,,,,,,,,,84734.0,,,,28533.0,,,,0.3367361389760899,,,,,,,,,,,,,,,,,,,,,,,,,,,,,,,,,ddr4_2x,25784977.0,0.3755737801640215,0.7570794828796041,169490.0,l1d,1001.0,0.005905953153578382,63656.0,imp,quick_imp_stage2_s8_dist8_addr8_l1d_ddr4_2x,24424718.0,,0.008586,8586397341.0,1.0185185185185184,1.1262520382017238,0.9852084789191708,,stage2,sdist16,0.008459,1.0338101430429127,,,,0.00967,0.4308737824647854,,,,,,,,,,,,,stage2: s8_dist8_addr8
,quick,s8_dist8_addr8,,,,,,,,,,0.00905,,0.910086,,,,9232908.0,,,,250014.0,,,,0.027078575893965368,,,,,,,,,,,,,,,,,,,,,,,,82824.0,,,,6238.0,,,,0.0753163334299237,,,,,,,32132.0,,,,,45.0,22266.0,,,,,,,,,,,,,,,,,,,,ddr4_1x,26849626.0,0.6929540644840035,0.089059012695289,32132.0,l2,45.0,0.001400473048674219,22266.0,imp,quick_imp_stage2_s8_dist8_addr8_l2_ddr4_1x,24424723.0,,0.008941,8940925458.0,1.0121910300861203,1.0883570070461919,0.985572083659546,,stage2,sdist16,0.008812,1.0270086246028145,,,,0.009731,0.7811535223126579,,,,,,,,,,,,,stage2: s8_dist8_addr8
,quick,s8_dist8_addr8,,,,,,,,,,0.008962,,0.919032,,,,9231125.0,,,,247788.0,,,,0.02684266543893621,,,,,,,,,,,,,,,,,,,,,,,,82823.0,,,,6239.0,,,,0.07532931673568936,,,,,,,32106.0,,,,,43.0,22265.0,,,,,,,,,,,,,,,,,,,,ddr4_2x,26588311.0,0.6934840839718432,0.0898550373706555,32106.0,l2,43.0,0.0013393135239519094,22265.0,imp,quick_imp_stage2_s8_dist8_addr8_l2_ddr4_2x,24424739.0,,0.008854,8853907563.0,1.0121978766659137,1.0921617348091257,0.9858820871922296,,stage2,sdist16,0.008729,1.0266926337495703,,,,0.00967,0.7811184395172608,,,,,,,,,,,,,stage2: s8_dist8_addr8
,quick,s8_ipd16_addr16,,,,,,,,,,0.008793,,0.943546,,,,9179207.0,,,,84984.0,,,,0.009258316105084024,,,,,,,170791.0,,,,,1042.0,63733.0,,,,,,,,,,,84779.0,,,,28533.0,,,,0.3365574021868623,,,,,,,,,,,,,,,,,,,,,,,,,,,,,,,,,ddr4_1x,25897500.0,0.37316369129520877,0.7499411653958392,170791.0,l1d,1042.0,0.0061010240586447766,63733.0,imp,quick_imp_stage2_s8_ipd16_addr16_l1d_ddr4_1x,24424718.0,,0.008624,8623867500.0,1.019596474953618,1.1283627087198516,0.985273654916512,,stage2,sdist16,0.008497,1.0348358244086149,,,,0.009731,0.4285522166262095,,,,,,,,,,,,,stage2: s8_ipd16_addr16
,quick,s8_ipd16_addr16,,,,,,,,,,0.008745,,0.947663,,,,9178669.0,,,,84081.0,,,,0.009160478496392016,,,,,,,169490.0,,,,,1001.0,63656.0,,,,,,,,,,,84734.0,,,,28533.0,,,,0.3367361389760899,,,,,,,,,,,,,,,,,,,,,,,,,,,,,,,,,ddr4_2x,25784977.0,0.3755737801640215,0.7570794828796041,169490.0,l1d,1001.0,0.005905953153578382,63656.0,imp,quick_imp_stage2_s8_ipd16_addr16_l1d_ddr4_2x,24424718.0,,0.008586,8586397341.0,1.0185185185185184,1.1262520382017238,0.9852084789191708,,stage2,sdist16,0.008459,1.0338101430429127,,,,0.00967,0.4308737824647854,,,,,,,,,,,,,stage2: s8_ipd16_addr16
,quick,s8_ipd16_addr16,,,,,,,,,,0.00905,,0.910086,,,,9232908.0,,,,250014.0,,,,0.027078575893965368,,,,,,,,,,,,,,,,,,,,,,,,82824.0,,,,6238.0,,,,0.0753163334299237,,,,,,,32132.0,,,,,45.0,22266.0,,,,,,,,,,,,,,,,,,,,ddr4_1x,26849626.0,0.6929540644840035,0.089059012695289,32132.0,l2,45.0,0.001400473048674219,22266.0,imp,quick_imp_stage2_s8_ipd16_addr16_l2_ddr4_1x,24424723.0,,0.008941,8940925458.0,1.0121910300861203,1.0883570070461919,0.985572083659546,,stage2,sdist16,0.008812,1.0270086246028145,,,,0.009731,0.7811535223126579,,,,,,,,,,,,,stage2: s8_ipd16_addr16
,quick,s8_ipd16_addr16,,,,,,,,,,0.008962,,0.919032,,,,9231125.0,,,,247788.0,,,,0.02684266543893621,,,,,,,,,,,,,,,,,,,,,,,,82823.0,,,,6239.0,,,,0.07532931673568936,,,,,,,32106.0,,,,,43.0,22265.0,,,,,,,,,,,,,,,,,,,,ddr4_2x,26588311.0,0.6934840839718432,0.0898550373706555,32106.0,l2,43.0,0.0013393135239519094,22265.0,imp,quick_imp_stage2_s8_ipd16_addr16_l2_ddr4_2x,24424739.0,,0.008854,8853907563.0,1.0121978766659137,1.0921617348091257,0.9858820871922296,,stage2,sdist16,0.008729,1.0266926337495703,,,,0.00967,0.7811184395172608,,,,,,,,,,,,,stage2: s8_ipd16_addr16
,quick,s8_ipd16_pt32,,,,,,,,,,0.008793,,0.943546,,,,9179207.0,,,,84984.0,,,,0.009258316105084024,,,,,,,170791.0,,,,,1042.0,63733.0,,,,,,,,,,,84779.0,,,,28533.0,,,,0.3365574021868623,,,,,,,,,,,,,,,,,,,,,,,,,,,,,,,,,ddr4_1x,25897500.0,0.37316369129520877,0.7499411653958392,170791.0,l1d,1042.0,0.0061010240586447766,63733.0,imp,quick_imp_stage2_s8_ipd16_pt32_l1d_ddr4_1x,24424718.0,,0.008624,8623867500.0,1.019596474953618,1.1283627087198516,0.985273654916512,,stage2,sdist16,0.008497,1.0348358244086149,,,,0.009731,0.4285522166262095,,,,,,,,,,,,,stage2: s8_ipd16_pt32
,quick,s8_ipd16_pt32,,,,,,,,,,0.008745,,0.947663,,,,9178669.0,,,,84081.0,,,,0.009160478496392016,,,,,,,169490.0,,,,,1001.0,63656.0,,,,,,,,,,,84734.0,,,,28533.0,,,,0.3367361389760899,,,,,,,,,,,,,,,,,,,,,,,,,,,,,,,,,ddr4_2x,25784977.0,0.3755737801640215,0.7570794828796041,169490.0,l1d,1001.0,0.005905953153578382,63656.0,imp,quick_imp_stage2_s8_ipd16_pt32_l1d_ddr4_2x,24424718.0,,0.008586,8586397341.0,1.0185185185185184,1.1262520382017238,0.9852084789191708,,stage2,sdist16,0.008459,1.0338101430429127,,,,0.00967,0.4308737824647854,,,,,,,,,,,,,stage2: s8_ipd16_pt32
,quick,s8_ipd16_pt32,,,,,,,,,,0.00905,,0.910086,,,,9232908.0,,,,250014.0,,,,0.027078575893965368,,,,,,,,,,,,,,,,,,,,,,,,82824.0,,,,6238.0,,,,0.0753163334299237,,,,,,,32132.0,,,,,45.0,22266.0,,,,,,,,,,,,,,,,,,,,ddr4_1x,26849626.0,0.6929540644840035,0.089059012695289,32132.0,l2,45.0,0.001400473048674219,22266.0,imp,quick_imp_stage2_s8_ipd16_pt32_l2_ddr4_1x,24424723.0,,0.008941,8940925458.0,1.0121910300861203,1.0883570070461919,0.985572083659546,,stage2,sdist16,0.008812,1.0270086246028145,,,,0.009731,0.7811535223126579,,,,,,,,,,,,,stage2: s8_ipd16_pt32
,quick,s8_ipd16_pt32,,,,,,,,,,0.008962,,0.919032,,,,9231125.0,,,,247788.0,,,,0.02684266543893621,,,,,,,,,,,,,,,,,,,,,,,,82823.0,,,,6239.0,,,,0.07532931673568936,,,,,,,32106.0,,,,,43.0,22265.0,,,,,,,,,,,,,,,,,,,,ddr4_2x,26588311.0,0.6934840839718432,0.0898550373706555,32106.0,l2,43.0,0.0013393135239519094,22265.0,imp,quick_imp_stage2_s8_ipd16_pt32_l2_ddr4_2x,24424739.0,,0.008854,8853907563.0,1.0121978766659137,1.0921617348091257,0.9858820871922296,,stage2,sdist16,0.008729,1.0266926337495703,,,,0.00967,0.7811184395172608,,,,,,,,,,,,,stage2: s8_ipd16_pt32
,quick,s8_ipd8_addr8,,,,,,,,,,0.008793,,0.943546,,,,9179207.0,,,,84984.0,,,,0.009258316105084024,,,,,,,170791.0,,,,,1042.0,63733.0,,,,,,,,,,,84779.0,,,,28533.0,,,,0.3365574021868623,,,,,,,,,,,,,,,,,,,,,,,,,,,,,,,,,ddr4_1x,25897500.0,0.37316369129520877,0.7499411653958392,170791.0,l1d,1042.0,0.0061010240586447766,63733.0,imp,quick_imp_stage2_s8_ipd8_addr8_l1d_ddr4_1x,24424718.0,,0.008624,8623867500.0,1.019596474953618,1.1283627087198516,0.985273654916512,,stage2,sdist16,0.008497,1.0348358244086149,,,,0.009731,0.4285522166262095,,,,,,,,,,,,,stage2: s8_ipd8_addr8
,quick,s8_ipd8_addr8,,,,,,,,,,0.008745,,0.947663,,,,9178669.0,,,,84081.0,,,,0.009160478496392016,,,,,,,169490.0,,,,,1001.0,63656.0,,,,,,,,,,,84734.0,,,,28533.0,,,,0.3367361389760899,,,,,,,,,,,,,,,,,,,,,,,,,,,,,,,,,ddr4_2x,25784977.0,0.3755737801640215,0.7570794828796041,169490.0,l1d,1001.0,0.005905953153578382,63656.0,imp,quick_imp_stage2_s8_ipd8_addr8_l1d_ddr4_2x,24424718.0,,0.008586,8586397341.0,1.0185185185185184,1.1262520382017238,0.9852084789191708,,stage2,sdist16,0.008459,1.0338101430429127,,,,0.00967,0.4308737824647854,,,,,,,,,,,,,stage2: s8_ipd8_addr8
,quick,s8_ipd8_addr8,,,,,,,,,,0.00905,,0.910086,,,,9232908.0,,,,250014.0,,,,0.027078575893965368,,,,,,,,,,,,,,,,,,,,,,,,82824.0,,,,6238.0,,,,0.0753163334299237,,,,,,,32132.0,,,,,45.0,22266.0,,,,,,,,,,,,,,,,,,,,ddr4_1x,26849626.0,0.6929540644840035,0.089059012695289,32132.0,l2,45.0,0.001400473048674219,22266.0,imp,quick_imp_stage2_s8_ipd8_addr8_l2_ddr4_1x,24424723.0,,0.008941,8940925458.0,1.0121910300861203,1.0883570070461919,0.985572083659546,,stage2,sdist16,0.008812,1.0270086246028145,,,,0.009731,0.7811535223126579,,,,,,,,,,,,,stage2: s8_ipd8_addr8
,quick,s8_ipd8_addr8,,,,,,,,,,0.008962,,0.919032,,,,9231125.0,,,,247788.0,,,,0.02684266543893621,,,,,,,,,,,,,,,,,,,,,,,,82823.0,,,,6239.0,,,,0.07532931673568936,,,,,,,32106.0,,,,,43.0,22265.0,,,,,,,,,,,,,,,,,,,,ddr4_2x,26588311.0,0.6934840839718432,0.0898550373706555,32106.0,l2,43.0,0.0013393135239519094,22265.0,imp,quick_imp_stage2_s8_ipd8_addr8_l2_ddr4_2x,24424739.0,,0.008854,8853907563.0,1.0121978766659137,1.0921617348091257,0.9858820871922296,,stage2,sdist16,0.008729,1.0266926337495703,,,,0.00967,0.7811184395172608,,,,,,,,,,,,,stage2: s8_ipd8_addr8
,quick,s8,,,,,,,,,,0.008793,,0.943546,,,,9179207.0,,,,84984.0,,,,0.009258316105084024,,,,,,,170791.0,,,,,1042.0,63733.0,,,,,,,,,,,84779.0,,,,28533.0,,,,0.3365574021868623,,,,,,,,,,,,,,,,,,,,,,,,,,,,,,,,,ddr4_1x,25897500.0,0.37316369129520877,0.7499411653958392,170791.0,l1d,1042.0,0.0061010240586447766,63733.0,imp,quick_imp_stage2_s8_l1d_ddr4_1x,24424718.0,,0.008624,8623867500.0,1.019596474953618,1.1283627087198516,0.985273654916512,,stage2,sdist16,0.008497,1.0348358244086149,,,,0.009731,0.4285522166262095,,,,,,,,,,,,,stage2: s8
,quick,s8,,,,,,,,,,0.008745,,0.947663,,,,9178669.0,,,,84081.0,,,,0.009160478496392016,,,,,,,169490.0,,,,,1001.0,63656.0,,,,,,,,,,,84734.0,,,,28533.0,,,,0.3367361389760899,,,,,,,,,,,,,,,,,,,,,,,,,,,,,,,,,ddr4_2x,25784977.0,0.3755737801640215,0.7570794828796041,169490.0,l1d,1001.0,0.005905953153578382,63656.0,imp,quick_imp_stage2_s8_l1d_ddr4_2x,24424718.0,,0.008586,8586397341.0,1.0185185185185184,1.1262520382017238,0.9852084789191708,,stage2,sdist16,0.008459,1.0338101430429127,,,,0.00967,0.4308737824647854,,,,,,,,,,,,,stage2: s8
,quick,s8,,,,,,,,,,0.00905,,0.910086,,,,9232908.0,,,,250014.0,,,,0.027078575893965368,,,,,,,,,,,,,,,,,,,,,,,,82824.0,,,,6238.0,,,,0.0753163334299237,,,,,,,32132.0,,,,,45.0,22266.0,,,,,,,,,,,,,,,,,,,,ddr4_1x,26849626.0,0.6929540644840035,0.089059012695289,32132.0,l2,45.0,0.001400473048674219,22266.0,imp,quick_imp_stage2_s8_l2_ddr4_1x,24424723.0,,0.008941,8940925458.0,1.0121910300861203,1.0883570070461919,0.985572083659546,,stage2,sdist16,0.008812,1.0270086246028145,,,,0.009731,0.7811535223126579,,,,,,,,,,,,,stage2: s8
,quick,s8,,,,,,,,,,0.008962,,0.919032,,,,9231125.0,,,,247788.0,,,,0.02684266543893621,,,,,,,,,,,,,,,,,,,,,,,,82823.0,,,,6239.0,,,,0.07532931673568936,,,,,,,32106.0,,,,,43.0,22265.0,,,,,,,,,,,,,,,,,,,,ddr4_2x,26588311.0,0.6934840839718432,0.0898550373706555,32106.0,l2,43.0,0.0013393135239519094,22265.0,imp,quick_imp_stage2_s8_l2_ddr4_2x,24424739.0,,0.008854,8853907563.0,1.0121978766659137,1.0921617348091257,0.9858820871922296,,stage2,sdist16,0.008729,1.0266926337495703,,,,0.00967,0.7811184395172608,,,,,,,,,,,,,stage2: s8
,quick,s8_pt8_sth2,,,,,,,,,,0.008793,,0.943679,,,,9179182.0,,,,85011.0,,,,0.009261282759182681,,,,,,,170485.0,,,,,1003.0,63660.0,,,,,,,,,,,84598.0,,,,28525.0,,,,0.33718291212558216,,,,,,,,,,,,,,,,,,,,,,,,,,,,,,,,,ddr4_1x,25893832.0,0.3734052849224272,0.7488442672124784,170485.0,l1d,1003.0,0.005883215532158255,63660.0,imp,quick_imp_stage2_s8_pt8_sth2_l1d_ddr4_1x,24424718.0,,0.008623,8622646056.0,1.01971471645599,1.1284935637249216,0.9853879160385016,,stage2,sdist16,0.008497,1.0348358244086149,,,,0.009731,0.4281937970417903,,,,,,,,,,,,,stage2: s8_pt8_sth2
,quick,s8_pt8_sth2,,,,,,,,,,0.008745,,0.947685,,,,9178993.0,,,,84153.0,,,,0.009167999147618917,,,,,,,169566.0,,,,,997.0,63633.0,,,,,,,,,,,84588.0,,,,28527.0,,,,0.3372464179316215,,,,,,,,,,,,,,,,,,,,,,,,,,,,,,,,,ddr4_2x,25784389.0,0.37526980644704716,0.7561584257245731,169566.0,l1d,997.0,0.0058797164525907315,63633.0,imp,quick_imp_stage2_s8_pt8_sth2_l1d_ddr4_2x,24424723.0,,0.008586,8586201537.0,1.0185185185185184,1.1262520382017238,0.9852084789191708,,stage2,sdist16,0.008459,1.0338101430429127,,,,0.00967,0.43057529129958183,,,,,,,,,,,,,stage2: s8_pt8_sth2
,quick,s8_pt8_sth2,,,,,,,,,,0.00905,,0.910851,,,,9232901.0,,,,250106.0,,,,0.027088560789290388,,,,,,,,,,,,,,,,,,,,,,,,82824.0,,,,6233.0,,,,0.07525596445474741,,,,,,,32112.0,,,,,52.0,22271.0,,,,,,,,,,,,,,,,,,,,ddr4_1x,26827094.0,0.6935413552566019,0.0890462443923776,32112.0,l2,52.0,0.0016193323368211261,22271.0,imp,quick_imp_stage2_s8_pt8_sth2_l2_ddr4_1x,24424732.0,,0.008933,8933422302.0,1.0130975036381955,1.0893316914810254,0.986454718459644,,stage2,sdist16,0.008812,1.0270086246028145,,,,0.009731,0.7813289362896435,,,,,,,,,,,,,stage2: s8_pt8_sth2
,quick,s8_pt8_sth2,,,,,,,,,,0.008962,,0.919304,,,,9231450.0,,,,248063.0,,,,0.026871509892812073,,,,,,,,,,,,,,,,,,,,,,,,82824.0,,,,6230.0,,,,0.07521974306964165,,,,,,,32112.0,,,,,50.0,22276.0,,,,,,,,,,,,,,,,,,,,ddr4_2x,26580422.0,0.6936970602889886,0.0897997686071683,32112.0,l2,50.0,0.0015570503238664674,22276.0,imp,quick_imp_stage2_s8_pt8_sth2_l2_ddr4_2x,24424723.0,,0.008851,8851280526.0,1.012540955824201,1.0925319172974806,0.9862162467517795,,stage2,sdist16,0.008729,1.0266926337495703,,,,0.00967,0.7814495193994246,,,,,,,,,,,,,stage2: s8_pt8_sth2
,quick,s8_pt8_sth8,,,,,,,,,,0.008793,,0.943605,,,,9179065.0,,,,85342.0,,,,0.009297461124853131,,,,,,,169579.0,,,,,959.0,63346.0,,,,,,,,,,,84512.0,,,,28518.0,,,,0.3374432033320712,,,,,,,,,,,,,,,,,,,,,,,,,,,,,,,,,ddr4_1x,25895868.0,0.3735486115615731,0.7422605516627218,169579.0,l1d,959.0,0.00565518136089964,63346.0,imp,quick_imp_stage2_s8_pt8_sth8_l1d_ddr4_1x,24424718.0,,0.008623,8623324044.0,1.01971471645599,1.1284935637249216,0.9853879160385016,,stage2,sdist16,0.008497,1.0348358244086149,,,,0.009731,0.42603303561820727,,,,,,,,,,,,,stage2: s8_pt8_sth8
,quick,s8_pt8_sth8,,,,,,,,,,0.008745,,0.947745,,,,9178648.0,,,,84033.0,,,,0.009155269926464116,,,,,,,168370.0,,,,,932.0,63330.0,,,,,,,,,,,84486.0,,,,28526.0,,,,0.33764173945979215,,,,,,,,,,,,,,,,,,,,,,,,,,,,,,,,,ddr4_2x,25782753.0,0.37613589119201757,0.753632501517261,168370.0,l1d,932.0,0.005535427926590248,63330.0,imp,quick_imp_stage2_s8_pt8_sth8_l1d_ddr4_2x,24424723.0,,0.008586,8585656749.0,1.0185185185185184,1.1262520382017238,0.9852084789191708,,stage2,sdist16,0.008459,1.0338101430429127,,,,0.00967,0.4297550945624071,,,,,,,,,,,,,stage2: s8_pt8_sth8
,quick,s8_pt8_sth8,,,,,,,,,,0.00905,,0.910103,,,,9233024.0,,,,250094.0,,,,0.02708690023983475,,,,,,,,,,,,,,,,,,,,,,,,82825.0,,,,6252.0,,,,0.07548445517657712,,,,,,,31963.0,,,,,45.0,22252.0,,,,,,,,,,,,,,,,,,,,ddr4_1x,26849125.0,0.696179958076526,0.0889745455708653,31963.0,l2,45.0,0.0014078778587742076,22252.0,imp,quick_imp_stage2_s8_pt8_sth8_l2_ddr4_1x,24424723.0,,0.008941,8940758625.0,1.0121910300861203,1.0883570070461919,0.985572083659546,,stage2,sdist16,0.008812,1.0270086246028145,,,,0.009731,0.7806623631770979,,,,,,,,,,,,,stage2: s8_pt8_sth8
,quick,s8_pt8_sth8,,,,,,,,,,0.008962,,0.919299,,,,9231130.0,,,,247773.0,,,,0.02684102596323527,,,,,,,,,,,,,,,,,,,,,,,,82820.0,,,,6250.0,,,,0.07546486355952668,,,,,,,31770.0,,,,,45.0,22251.0,,,,,,,,,,,,,,,,,,,,ddr4_2x,26580551.0,0.7003777148253069,0.0898039737985979,31770.0,l2,45.0,0.00141643059490085,22251.0,imp,quick_imp_stage2_s8_pt8_sth8_l2_ddr4_2x,24424718.0,,0.008851,8851323483.0,1.012540955824201,1.0925319172974806,0.9862162467517795,,stage2,sdist16,0.008729,1.0266926337495703,,,,0.00967,0.7807094487912705,,,,,,,,,,,,,stage2: s8_pt8_sth8
,quick,s8_sth2,,,,,,,,,,0.008793,,0.943731,,,,9179161.0,,,,84903.0,,,,0.009249538165851978,,,,,,,170861.0,,,,,1116.0,63716.0,,,,,,,,,,,84792.0,,,,28549.0,,,,0.3366944994810831,,,,,,,,,,,,,,,,,,,,,,,,,,,,,,,,,ddr4_1x,25892424.0,0.3729113138750212,0.7504564031895221,170861.0,l1d,1116.0,0.006531625122175336,63716.0,imp,quick_imp_stage2_s8_sth2_l1d_ddr4_1x,24424723.0,,0.008622,8622177192.0,1.0198329853862214,1.1286244490837394,0.9855022036650428,,stage2,sdist16,0.008497,1.0348358244086149,,,,0.009731,0.4287204193272731,,,,,,,,,,,,,stage2: s8_sth2
,quick,s8_sth2,,,,,,,,,,0.008745,,0.94783,,,,9178825.0,,,,84073.0,,,,0.009159451236950264,,,,,,,170077.0,,,,,1118.0,63688.0,,,,,,,,,,,84782.0,,,,28541.0,,,,0.33663985279894315,,,,,,,,,,,,,,,,,,,,,,,,,,,,,,,,,ddr4_2x,25780444.0,0.37446568319055484,0.7575321446837867,170077.0,l1d,1118.0,0.006573493182499691,63688.0,imp,quick_imp_stage2_s8_sth2_l1d_ddr4_2x,24424718.0,,0.008585,8584887852.0,1.0186371578334303,1.1263832265579499,0.9853232382061734,,stage2,sdist16,0.008459,1.0338101430429127,,,,0.00967,0.4310203639661345,,,,,,,,,,,,,stage2: s8_sth2
,quick,s8_sth2,,,,,,,,,,0.00905,,0.910412,,,,9232826.0,,,,250017.0,,,,0.027079141315995776,,,,,,,,,,,,,,,,,,,,,,,,82825.0,,,,6238.0,,,,0.07531542408693027,,,,,,,32162.0,,,,,80.0,22266.0,,,,,,,,,,,,,,,,,,,,ddr4_1x,26840035.0,0.6923076923076923,0.0890579440598039,32162.0,l2,80.0,0.002487407499533611,22266.0,imp,quick_imp_stage2_s8_sth2_l2_ddr4_1x,24424723.0,,0.008938,8937731655.0,1.01253076750951,1.088722309241441,0.9859028865518014,,stage2,sdist16,0.008812,1.0270086246028145,,,,0.009731,0.7811535223126579,,,,,,,,,,,,,stage2: s8_sth2
,quick,s8_sth2,,,,,,,,,,0.008962,,0.919544,,,,9231465.0,,,,248096.0,,,,0.02687504096045427,,,,,,,,,,,,,,,,,,,,,,,,82824.0,,,,6232.0,,,,0.07524389065971217,,,,,,,32156.0,,,,,78.0,22274.0,,,,,,,,,,,,,,,,,,,,ddr4_2x,26573472.0,0.6926856574200771,0.0897797626725138,32156.0,l2,78.0,0.002425674835178505,22274.0,imp,quick_imp_stage2_s8_sth2_l2_ddr4_2x,24424723.0,,0.008849,8848966176.0,1.0127698044976834,1.0927788450672393,0.9864391456661772,,stage2,sdist16,0.008729,1.0266926337495703,,,,0.00967,0.7813793587314951,,,,,,,,,,,,,stage2: s8_sth2
,quick,s8_sth8,,,,,,,,,,0.008793,,0.943659,,,,9179128.0,,,,85200.0,,,,0.009281927433629862,,,,,,,170365.0,,,,,995.0,63568.0,,,,,,,,,,,84698.0,,,,28524.0,,,,0.3367730052657678,,,,,,,,,,,,,,,,,,,,,,,,,,,,,,,,,ddr4_1x,25894381.0,0.3731282833915417,0.7461032863849765,170365.0,l1d,995.0,0.005840401490916561,63568.0,imp,quick_imp_stage2_s8_sth8_l1d_ddr4_1x,24424718.0,,0.008623,8622828873.0,1.01971471645599,1.1284935637249216,0.9853879160385016,,stage2,sdist16,0.008497,1.0348358244086149,,,,0.009731,0.4272961927296193,,,,,,,,,,,,,stage2: s8_sth8
,quick,s8_sth8,,,,,,,,,,0.008745,,0.947668,,,,9178688.0,,,,83877.0,,,,0.009138234135423277,,,,,,,169062.0,,,,,970.0,63553.0,,,,,,,,,,,84672.0,,,,28534.0,,,,0.33699452003023433,,,,,,,,,,,,,,,,,,,,,,,,,,,,,,,,,ddr4_2x,25784851.0,0.3759153446664537,0.7576928120938994,169062.0,l1d,970.0,0.0057375400740556715,63553.0,imp,quick_imp_stage2_s8_sth8_l1d_ddr4_2x,24424723.0,,0.008586,8586355383.0,1.0185185185185184,1.1262520382017238,0.9852084789191708,,stage2,sdist16,0.008459,1.0338101430429127,,,,0.00967,0.4310723733297158,,,,,,,,,,,,,stage2: s8_sth8
,quick,s8_sth8,,,,,,,,,,0.00905,,0.910103,,,,9232992.0,,,,250119.0,,,,0.027089701799806607,,,,,,,,,,,,,,,,,,,,,,,,82825.0,,,,6241.0,,,,0.07535164503471174,,,,,,,32009.0,,,,,42.0,22263.0,,,,,,,,,,,,,,,,,,,,ddr4_1x,26849125.0,0.6955231341185292,0.0890096314154462,32009.0,l2,42.0,0.0013121309631666093,22263.0,imp,quick_imp_stage2_s8_sth8_l2_ddr4_1x,24424723.0,,0.008941,8940758625.0,1.0121910300861203,1.0883570070461919,0.985572083659546,,stage2,sdist16,0.008812,1.0270086246028145,,,,0.009731,0.7810482739264665,,,,,,,,,,,,,stage2: s8_sth8
,quick,s8_sth8,,,,,,,,,,0.008962,,0.919548,,,,9231085.0,,,,247775.0,,,,0.026841373468015947,,,,,,,,,,,,,,,,,,,,,,,,82820.0,,,,6243.0,,,,0.07538034291234001,,,,,,,31998.0,,,,,42.0,22258.0,,,,,,,,,,,,,,,,,,,,ddr4_2x,26573347.0,0.6956059753734608,0.0898315003531429,31998.0,l2,42.0,0.0013125820363772737,22258.0,imp,quick_imp_stage2_s8_sth8_l2_ddr4_2x,24424718.0,,0.008849,8848924551.0,1.0127698044976834,1.0927788450672393,0.9864391456661772,,stage2,sdist16,0.008729,1.0266926337495703,,,,0.00967,0.7809550542086242,,,,,,,,,,,,,stage2: s8_sth8
,simple_triad,aggr_s16_sth2_d32_ipd16_addr16,,,,,,,,,,0.00279,,0.402825,,,,2003736.0,,,,1471415.0,,,,0.7343357607988278,,,,,,,554329.0,,,,,1.0,126902.0,,,,,,,,,,,375407.0,,,,375397.0,,,,0.9999733622441777,,,,,,,,,,,,,,,,,,,,,,,,,,,,,,,,,ddr4_1x,8713275.0,0.22892902951135516,0.086244873132325,554329.0,l1d,1.0,1.8039828332993583e-06,126902.0,imp,simple_triad_imp_stage2_aggr_s16_sth2_d32_ipd16_addr16_l1d_ddr4_1x,3509911.0,,0.002902,2901520242.0,0.961405926946933,0.9982770503101309,0.9610613370089592,,stage2,sthr8,0.002789,1.0003585514521334,,,,0.002897,0.07939726599917288,,,,,,,,,,,,,stage2: aggr_s16_sth2_d32_ipd16_addr16
,simple_triad,aggr_s16_sth2_d32_ipd16_addr16,,,,,,,,,,0.002258,,0.553157,,,,2003810.0,,,,1389696.0,,,,0.6935268313862093,,,,,,,589187.0,,,,,,147512.0,,,,,,,,,,,375403.0,,,,375393.0,,,,0.9999733619603466,,,,,,,,,,,,,,,,,,,,,,,,,,,,,,,,,ddr4_2x,6345593.0,0.2503653339262407,0.1061469558809984,589187.0,l1d,,,147512.0,imp,simple_triad_imp_stage2_aggr_s16_sth2_d32_ipd16_addr16_l1d_ddr4_2x,3510090.0,,0.002113,2113082469.0,1.0686228111689542,1.2328442972077616,1.0056791292001894,,stage2,sdist16,0.002125,1.0625882352941176,,,,0.002605,0.09596098901384849,,,,,,,,,,,,,stage2: aggr_s16_sth2_d32_ipd16_addr16
,simple_triad,aggr_s16_sth2_d32_ipd16_addr16,,,,,,,,,,0.002935,,0.416029,,,,2003770.0,,,,1852943.0,,,,0.9247283869905228,,,,,,,,,,,,,,,,,,,,,,,,372804.0,,,,161211.0,,,,0.4324283001255351,,,,,,,560650.0,,,,,800.0,211583.0,,,,,,,,,,,,,,,,,,,,ddr4_1x,8436865.0,0.37738874520645677,0.1141875384186129,560650.0,l2,800.0,0.0014269151877285293,211583.0,imp,simple_triad_imp_stage2_aggr_s16_sth2_d32_ipd16_addr16_l2_ddr4_1x,3509964.0,,0.002809,2809475712.0,1.0448558205767178,1.0313278746885013,0.9448202207191172,,stage2,sdist2,0.002654,1.1058779201205726,,,,0.002897,0.5675601002162052,,,,,,,,,,,,,stage2: aggr_s16_sth2_d32_ipd16_addr16
,simple_triad,aggr_s16_sth2_d32_ipd16_addr16,,,,,,,,,,0.002264,,0.611922,,,,2003835.0,,,,1882018.0,,,,0.9392080685285964,,,,,,,,,,,,,,,,,,,,,,,,373842.0,,,,130707.0,,,,0.3496316625740286,,,,,,,595202.0,,,,,811.0,243125.0,,,,,,,,,,,,,,,,,,,,ddr4_2x,5736255.0,0.40847476991004733,0.1291831427754676,595202.0,l2,811.0,0.0013625626257976284,243125.0,imp,simple_triad_imp_stage2_aggr_s16_sth2_d32_ipd16_addr16_l2_ddr4_2x,3510120.0,,0.00191,1910172915.0,1.1853403141361256,1.3638743455497382,1.0010471204188482,,stage2,sdist16,0.001912,1.184100418410042,,,,0.002605,0.6503589847846092,,,,,,,,,,,,,stage2: aggr_s16_sth2_d32_ipd16_addr16
,simple_triad,aggr_s16_sth2_d32_ipd16,,,,,,,,,,0.00279,,0.402825,,,,2003736.0,,,,1471415.0,,,,0.7343357607988278,,,,,,,554329.0,,,,,1.0,126902.0,,,,,,,,,,,375407.0,,,,375397.0,,,,0.9999733622441777,,,,,,,,,,,,,,,,,,,,,,,,,,,,,,,,,ddr4_1x,8713275.0,0.22892902951135516,0.086244873132325,554329.0,l1d,1.0,1.8039828332993583e-06,126902.0,imp,simple_triad_imp_stage2_aggr_s16_sth2_d32_ipd16_l1d_ddr4_1x,3509911.0,,0.002902,2901520242.0,0.961405926946933,0.9982770503101309,0.9610613370089592,,stage2,sthr8,0.002789,1.0003585514521334,,,,0.002897,0.07939726599917288,,,,,,,,,,,,,stage2: aggr_s16_sth2_d32_ipd16
,simple_triad,aggr_s16_sth2_d32_ipd16,,,,,,,,,,0.002258,,0.553157,,,,2003810.0,,,,1389696.0,,,,0.6935268313862093,,,,,,,589187.0,,,,,,147512.0,,,,,,,,,,,375403.0,,,,375393.0,,,,0.9999733619603466,,,,,,,,,,,,,,,,,,,,,,,,,,,,,,,,,ddr4_2x,6345593.0,0.2503653339262407,0.1061469558809984,589187.0,l1d,,,147512.0,imp,simple_triad_imp_stage2_aggr_s16_sth2_d32_ipd16_l1d_ddr4_2x,3510090.0,,0.002113,2113082469.0,1.0686228111689542,1.2328442972077616,1.0056791292001894,,stage2,sdist16,0.002125,1.0625882352941176,,,,0.002605,0.09596098901384849,,,,,,,,,,,,,stage2: aggr_s16_sth2_d32_ipd16
,simple_triad,aggr_s16_sth2_d32_ipd16,,,,,,,,,,0.002935,,0.416029,,,,2003770.0,,,,1852943.0,,,,0.9247283869905228,,,,,,,,,,,,,,,,,,,,,,,,372804.0,,,,161211.0,,,,0.4324283001255351,,,,,,,560650.0,,,,,800.0,211583.0,,,,,,,,,,,,,,,,,,,,ddr4_1x,8436865.0,0.37738874520645677,0.1141875384186129,560650.0,l2,800.0,0.0014269151877285293,211583.0,imp,simple_triad_imp_stage2_aggr_s16_sth2_d32_ipd16_l2_ddr4_1x,3509964.0,,0.002809,2809475712.0,1.0448558205767178,1.0313278746885013,0.9448202207191172,,stage2,sdist2,0.002654,1.1058779201205726,,,,0.002897,0.5675601002162052,,,,,,,,,,,,,stage2: aggr_s16_sth2_d32_ipd16
,simple_triad,aggr_s16_sth2_d32_ipd16,,,,,,,,,,0.002264,,0.611922,,,,2003835.0,,,,1882018.0,,,,0.9392080685285964,,,,,,,,,,,,,,,,,,,,,,,,373842.0,,,,130707.0,,,,0.3496316625740286,,,,,,,595202.0,,,,,811.0,243125.0,,,,,,,,,,,,,,,,,,,,ddr4_2x,5736255.0,0.40847476991004733,0.1291831427754676,595202.0,l2,811.0,0.0013625626257976284,243125.0,imp,simple_triad_imp_stage2_aggr_s16_sth2_d32_ipd16_l2_ddr4_2x,3510120.0,,0.00191,1910172915.0,1.1853403141361256,1.3638743455497382,1.0010471204188482,,stage2,sdist16,0.001912,1.184100418410042,,,,0.002605,0.6503589847846092,,,,,,,,,,,,,stage2: aggr_s16_sth2_d32_ipd16
,simple_triad,cons_s2_sth8_pt8,,,,,,,,,,0.00279,,0.417861,,,,2003754.0,,,,1997936.0,,,,0.9970964499634186,,,,,,,1206342.0,,,,,,1.0,,,,,,,,,,,375373.0,,,,375363.0,,,,0.999973359831421,,,,,,,,,,,,,,,,,,,,,,,,,,,,,,,,,ddr4_1x,8399827.0,8.289523203204398e-07,5.005165330621201e-07,1206342.0,l1d,,,1.0,imp,simple_triad_imp_stage2_cons_s2_sth8_pt8_l1d_ddr4_1x,3509943.0,,0.002797,2797142058.0,0.9974973185555952,1.0357525920629245,0.997139792634966,,stage2,sthr8,0.002789,1.0003585514521334,,,,0.002897,5.005162825454456e-07,,,,,,,,,,,,,stage2: cons_s2_sth8_pt8
,simple_triad,cons_s2_sth8_pt8,,,,,,,,,,0.002258,,0.455129,,,,2003770.0,,,,1997868.0,,,,0.9970545521691612,,,,,,,1179386.0,,,,,,45.0,,,,,,,,,,,375378.0,,,,375367.0,,,,0.9999706962048921,,,,,,,,,,,,,,,,,,,,,,,,,,,,,,,,,ddr4_2x,7712109.0,3.8155446986821955e-05,2.2524010595294583e-05,1179386.0,l1d,,,45.0,imp,simple_triad_imp_stage2_cons_s2_sth8_pt8_l1d_ddr4_2x,3509984.0,,0.002568,2568131964.0,0.8792834890965733,1.0144080996884737,0.8274922118380063,,stage2,sdist16,0.002125,1.0625882352941176,,,,0.002605,2.252350327566816e-05,,,,,,,,,,,,,stage2: cons_s2_sth8_pt8
,simple_triad,cons_s2_sth8_pt8,,,,,,,,,,0.002935,,0.445823,,,,2003735.0,,,,1972343.0,,,,0.9843332576413548,,,,,,,,,,,,,,,,,,,,,,,,375374.0,,,,357973.0,,,,0.9536435661500263,,,,,,,698191.0,,,,,2.0,17391.0,,,,,,,,,,,,,,,,,,,,ddr4_1x,7872862.0,0.02490865680021656,0.0088174318564265,698191.0,l2,2.0,2.864545661573982e-06,17391.0,imp,simple_triad_imp_stage2_cons_s2_sth8_pt8_l2_ddr4_1x,3509883.0,,0.002622,2621662713.0,1.1193745232646837,1.104881769641495,1.0122044241037376,,stage2,sdist2,0.002654,1.1058779201205726,,,,0.002897,0.04633102801547298,,,,,,,,,,,,,stage2: cons_s2_sth8_pt8
,simple_triad,cons_s2_sth8_pt8,,,,,,,,,,0.002264,,0.580706,,,,2003799.0,,,,1973839.0,,,,0.9850484005631304,,,,,,,,,,,,,,,,,,,,,,,,375375.0,,,,362665.0,,,,0.9661405261405261,,,,,,,707038.0,,,,,2.0,12700.0,,,,,,,,,,,,,,,,,,,,ddr4_2x,6044447.0,0.017962259454230182,0.0064341620567837,707038.0,l2,2.0,2.8287022762567216e-06,12700.0,imp,simple_triad_imp_stage2_cons_s2_sth8_pt8_l2_ddr4_2x,3510026.0,,0.002013,2012800851.0,1.124689518132141,1.2940884252359663,0.9498261301539992,,stage2,sdist16,0.001912,1.184100418410042,,,,0.002605,0.033833735164439944,,,,,,,,,,,,,stage2: cons_s2_sth8_pt8
,simple_triad,cons_s8_sth8_pt8_ipd8,,,,,,,,,,0.00279,,0.42166,,,,2003766.0,,,,1821918.0,,,,0.9092468881096895,,,,,,,949656.0,,,,,,41411.0,,,,,,,,,,,375381.0,,,,375371.0,,,,0.9999733603991677,,,,,,,,,,,,,,,,,,,,,,,,,,,,,,,,,ddr4_1x,8324198.0,0.04360631639246211,0.0227293434720991,949656.0,l1d,,,41411.0,imp,simple_triad_imp_stage2_cons_s8_sth8_pt8_ipd8_l1d_ddr4_1x,3509964.0,,0.002772,2771957601.0,1.0064935064935063,1.045093795093795,1.006132756132756,,stage2,sthr8,0.002789,1.0003585514521334,,,,0.002897,0.022224201952526904,,,,,,,,,,,,,stage2: cons_s8_sth8_pt8_ipd8
,simple_triad,cons_s8_sth8_pt8_ipd8,,,,,,,,,,0.002258,,0.541291,,,,2003828.0,,,,1488479.0,,,,0.7428177468325625,,,,,,,707817.0,,,,,1.0,120978.0,,,,,,,,,,,375397.0,,,,375387.0,,,,0.9999733615345887,,,,,,,,,,,,,,,,,,,,,,,,,,,,,,,,,ddr4_2x,6484753.0,0.17091705907035293,0.0812762558289367,707817.0,l1d,1.0,1.4127945500037439e-06,120978.0,imp,simple_triad_imp_stage2_cons_s8_sth8_pt8_ipd8_l1d_ddr4_2x,3510120.0,,0.002159,2159422749.0,1.0458545622973598,1.206577119036591,0.9842519685039371,,stage2,sdist16,0.002125,1.0625882352941176,,,,0.002605,0.07516696625010795,,,,,,,,,,,,,stage2: cons_s8_sth8_pt8_ipd8
,simple_triad,cons_s8_sth8_pt8_ipd8,,,,,,,,,,0.002935,,0.419004,,,,2003764.0,,,,1865465.0,,,,0.9309803948968042,,,,,,,,,,,,,,,,,,,,,,,,373960.0,,,,170158.0,,,,0.45501657931329553,,,,,,,571246.0,,,,,708.0,203792.0,,,,,,,,,,,,,,,,,,,,ddr4_1x,8376873.0,0.3567499816191273,0.1092446119332177,571246.0,l2,708.0,0.0012393959870178521,203792.0,imp,simple_triad_imp_stage2_cons_s8_sth8_pt8_ipd8_l2_ddr4_1x,3509927.0,,0.002789,2789498376.0,1.0523485120114735,1.0387235568304052,0.9515955539619936,,stage2,sdist2,0.002654,1.1058779201205726,,,,0.002897,0.5449712528412889,,,,,,,,,,,,,stage2: cons_s8_sth8_pt8_ipd8
,simple_triad,cons_s8_sth8_pt8_ipd8,,,,,,,,,,0.002264,,0.569874,,,,2003830.0,,,,1875518.0,,,,0.9359666239152024,,,,,,,,,,,,,,,,,,,,,,,,374072.0,,,,138887.0,,,,0.3712841378130413,,,,,,,596502.0,,,,,819.0,235175.0,,,,,,,,,,,,,,,,,,,,ddr4_2x,6159547.0,0.39425685077334194,0.125392025029885,596502.0,l2,819.0,0.0013730046169166238,235175.0,imp,simple_triad_imp_stage2_cons_s8_sth8_pt8_ipd8_l2_ddr4_2x,3510145.0,,0.002051,2051129151.0,1.1038517796196978,1.2701121404193079,0.9322281813749392,,stage2,sdist16,0.001912,1.184100418410042,,,,0.002605,0.6287059364490378,,,,,,,,,,,,,stage2: cons_s8_sth8_pt8_ipd8
,simple_triad,s16_dist32_addr16,,,,,,,,,,0.00279,,0.402509,,,,2003753.0,,,,1467472.0,,,,0.7323617232263657,,,,,,,556526.0,,,,,,127983.0,,,,,,,,,,,375414.0,,,,375404.0,,,,0.9999733627408675,,,,,,,,,,,,,,,,,,,,,,,,,,,,,,,,,ddr4_1x,8720120.0,0.2299676924348548,0.0872132483618086,556526.0,l1d,,,127983.0,imp,simple_triad_imp_stage2_s16_dist32_addr16_l1d_ddr4_1x,3509911.0,,0.002904,2903799627.0,0.9607438016528924,0.9975895316804407,0.9603994490358126,,stage2,sthr8,0.002789,1.0003585514521334,,,,0.002897,0.08021724210334982,,,,,,,,,,,,,stage2: s16_dist32_addr16
,simple_triad,s16_dist32_addr16,,,,,,,,,,0.002258,,0.550032,,,,2003817.0,,,,1385258.0,,,,0.6913096355605327,,,,,,,596454.0,,,,,2.0,148523.0,,,,,,,,,,,375418.0,,,,375408.0,,,,0.9999733630246819,,,,,,,,,,,,,,,,,,,,,,,,,,,,,,,,,ddr4_2x,6381596.0,0.24900998232889712,0.1072168505794588,596454.0,l1d,2.0,3.3531504525076537e-06,148523.0,imp,simple_triad_imp_stage2_s16_dist32_addr16_l1d_ddr4_2x,3510062.0,,0.002125,2125071468.0,1.0625882352941176,1.2258823529411764,1.0,,stage2,sdist16,0.002125,1.0625882352941176,,,,0.002605,0.09683455460720924,,,,,,,,,,,,,stage2: s16_dist32_addr16
,simple_triad,s16_dist32_addr16,,,,,,,,,,0.002935,,0.416667,,,,2003766.0,,,,1852685.0,,,,0.9246014754217808,,,,,,,,,,,,,,,,,,,,,,,,372971.0,,,,162003.0,,,,0.43435816725697174,,,,,,,564472.0,,,,,680.0,210958.0,,,,,,,,,,,,,,,,,,,,ddr4_1x,8423938.0,0.3737262432857609,0.1138660916453687,564472.0,l2,680.0,0.0012046655990022533,210958.0,imp,simple_triad_imp_stage2_s16_dist32_addr16_l2_ddr4_1x,3509957.0,,0.002805,2805171021.0,1.0463458110516934,1.0327985739750445,0.9461675579322638,,stage2,sdist2,0.002654,1.1058779201205726,,,,0.002897,0.5656301865342489,,,,,,,,,,,,,stage2: s16_dist32_addr16
,simple_triad,s16_dist32_addr16,,,,,,,,,,0.002264,,0.611273,,,,2003826.0,,,,1881594.0,,,,0.9390006916768222,,,,,,,,,,,,,,,,,,,,,,,,373808.0,,,,130796.0,,,,0.3499015537388178,,,,,,,594390.0,,,,,770.0,243002.0,,,,,,,,,,,,,,,,,,,,ddr4_2x,5742330.0,0.4088258550783156,0.1291468829088528,594390.0,l2,770.0,0.001295445751106176,243002.0,imp,simple_triad_imp_stage2_s16_dist32_addr16_l2_ddr4_2x,3510115.0,,0.001912,1912195890.0,1.184100418410042,1.3624476987447698,1.0,,stage2,sdist16,0.001912,1.184100418410042,,,,0.002605,0.6500890855488793,,,,,,,,,,,,,stage2: s16_dist32_addr16
,simple_triad,s16_dist8_addr16,,,,,,,,,,0.00279,,0.402509,,,,2003754.0,,,,1467472.0,,,,0.7323613577315379,,,,,,,556526.0,,,,,,127983.0,,,,,,,,,,,375414.0,,,,375404.0,,,,0.9999733627408675,,,,,,,,,,,,,,,,,,,,,,,,,,,,,,,,,ddr4_1x,8720120.0,0.2299676924348548,0.0872132483618086,556526.0,l1d,,,127983.0,imp,simple_triad_imp_stage2_s16_dist8_addr16_l1d_ddr4_1x,3509911.0,,0.002904,2903799627.0,0.9607438016528924,0.9975895316804407,0.9603994490358126,,stage2,sthr8,0.002789,1.0003585514521334,,,,0.002897,0.08021724210334982,,,,,,,,,,,,,stage2: s16_dist8_addr16
,simple_triad,s16_dist8_addr16,,,,,,,,,,0.002258,,0.550032,,,,2003817.0,,,,1385258.0,,,,0.6913096355605327,,,,,,,596454.0,,,,,2.0,148523.0,,,,,,,,,,,375418.0,,,,375408.0,,,,0.9999733630246819,,,,,,,,,,,,,,,,,,,,,,,,,,,,,,,,,ddr4_2x,6381596.0,0.24900998232889712,0.1072168505794588,596454.0,l1d,2.0,3.3531504525076537e-06,148523.0,imp,simple_triad_imp_stage2_s16_dist8_addr16_l1d_ddr4_2x,3510062.0,,0.002125,2125071468.0,1.0625882352941176,1.2258823529411764,1.0,,stage2,sdist16,0.002125,1.0625882352941176,,,,0.002605,0.09683455460720924,,,,,,,,,,,,,stage2: s16_dist8_addr16
,simple_triad,s16_dist8_addr16,,,,,,,,,,0.002935,,0.416667,,,,2003766.0,,,,1852685.0,,,,0.9246014754217808,,,,,,,,,,,,,,,,,,,,,,,,372971.0,,,,162003.0,,,,0.43435816725697174,,,,,,,564472.0,,,,,680.0,210958.0,,,,,,,,,,,,,,,,,,,,ddr4_1x,8423938.0,0.3737262432857609,0.1138660916453687,564472.0,l2,680.0,0.0012046655990022533,210958.0,imp,simple_triad_imp_stage2_s16_dist8_addr16_l2_ddr4_1x,3509957.0,,0.002805,2805171021.0,1.0463458110516934,1.0327985739750445,0.9461675579322638,,stage2,sdist2,0.002654,1.1058779201205726,,,,0.002897,0.5656301865342489,,,,,,,,,,,,,stage2: s16_dist8_addr16
,simple_triad,s16_dist8_addr16,,,,,,,,,,0.002264,,0.611273,,,,2003826.0,,,,1881594.0,,,,0.9390006916768222,,,,,,,,,,,,,,,,,,,,,,,,373808.0,,,,130796.0,,,,0.3499015537388178,,,,,,,594390.0,,,,,770.0,243002.0,,,,,,,,,,,,,,,,,,,,ddr4_2x,5742330.0,0.4088258550783156,0.1291468829088528,594390.0,l2,770.0,0.001295445751106176,243002.0,imp,simple_triad_imp_stage2_s16_dist8_addr16_l2_ddr4_2x,3510115.0,,0.001912,1912195890.0,1.184100418410042,1.3624476987447698,1.0,,stage2,sdist16,0.001912,1.184100418410042,,,,0.002605,0.6500890855488793,,,,,,,,,,,,,stage2: s16_dist8_addr16
,simple_triad,s16_ipd16_addr16,,,,,,,,,,0.00279,,0.402509,,,,2003753.0,,,,1467472.0,,,,0.7323617232263657,,,,,,,556526.0,,,,,,127983.0,,,,,,,,,,,375414.0,,,,375404.0,,,,0.9999733627408675,,,,,,,,,,,,,,,,,,,,,,,,,,,,,,,,,ddr4_1x,8720120.0,0.2299676924348548,0.0872132483618086,556526.0,l1d,,,127983.0,imp,simple_triad_imp_stage2_s16_ipd16_addr16_l1d_ddr4_1x,3509911.0,,0.002904,2903799627.0,0.9607438016528924,0.9975895316804407,0.9603994490358126,,stage2,sthr8,0.002789,1.0003585514521334,,,,0.002897,0.08021724210334982,,,,,,,,,,,,,stage2: s16_ipd16_addr16
,simple_triad,s16_ipd16_addr16,,,,,,,,,,0.002258,,0.550032,,,,2003817.0,,,,1385258.0,,,,0.6913096355605327,,,,,,,596454.0,,,,,2.0,148523.0,,,,,,,,,,,375418.0,,,,375408.0,,,,0.9999733630246819,,,,,,,,,,,,,,,,,,,,,,,,,,,,,,,,,ddr4_2x,6381596.0,0.24900998232889712,0.1072168505794588,596454.0,l1d,2.0,3.3531504525076537e-06,148523.0,imp,simple_triad_imp_stage2_s16_ipd16_addr16_l1d_ddr4_2x,3510062.0,,0.002125,2125071468.0,1.0625882352941176,1.2258823529411764,1.0,,stage2,sdist16,0.002125,1.0625882352941176,,,,0.002605,0.09683455460720924,,,,,,,,,,,,,stage2: s16_ipd16_addr16
,simple_triad,s16_ipd16_addr16,,,,,,,,,,0.002935,,0.416667,,,,2003765.0,,,,1852685.0,,,,0.9246019368538726,,,,,,,,,,,,,,,,,,,,,,,,372971.0,,,,162003.0,,,,0.43435816725697174,,,,,,,564472.0,,,,,680.0,210958.0,,,,,,,,,,,,,,,,,,,,ddr4_1x,8423938.0,0.3737262432857609,0.1138660916453687,564472.0,l2,680.0,0.0012046655990022533,210958.0,imp,simple_triad_imp_stage2_s16_ipd16_addr16_l2_ddr4_1x,3509957.0,,0.002805,2805171021.0,1.0463458110516934,1.0327985739750445,0.9461675579322638,,stage2,sdist2,0.002654,1.1058779201205726,,,,0.002897,0.5656301865342489,,,,,,,,,,,,,stage2: s16_ipd16_addr16
,simple_triad,s16_ipd16_addr16,,,,,,,,,,0.002264,,0.611273,,,,2003826.0,,,,1881594.0,,,,0.9390006916768222,,,,,,,,,,,,,,,,,,,,,,,,373808.0,,,,130796.0,,,,0.3499015537388178,,,,,,,594390.0,,,,,770.0,243002.0,,,,,,,,,,,,,,,,,,,,ddr4_2x,5742330.0,0.4088258550783156,0.1291468829088528,594390.0,l2,770.0,0.001295445751106176,243002.0,imp,simple_triad_imp_stage2_s16_ipd16_addr16_l2_ddr4_2x,3510115.0,,0.001912,1912195890.0,1.184100418410042,1.3624476987447698,1.0,,stage2,sdist16,0.001912,1.184100418410042,,,,0.002605,0.6500890855488793,,,,,,,,,,,,,stage2: s16_ipd16_addr16
,simple_triad,s16_ipd16_pt32,,,,,,,,,,0.00279,,0.402509,,,,2003754.0,,,,1467472.0,,,,0.7323613577315379,,,,,,,556526.0,,,,,,127983.0,,,,,,,,,,,375414.0,,,,375404.0,,,,0.9999733627408675,,,,,,,,,,,,,,,,,,,,,,,,,,,,,,,,,ddr4_1x,8720120.0,0.2299676924348548,0.0872132483618086,556526.0,l1d,,,127983.0,imp,simple_triad_imp_stage2_s16_ipd16_pt32_l1d_ddr4_1x,3509911.0,,0.002904,2903799627.0,0.9607438016528924,0.9975895316804407,0.9603994490358126,,stage2,sthr8,0.002789,1.0003585514521334,,,,0.002897,0.08021724210334982,,,,,,,,,,,,,stage2: s16_ipd16_pt32
,simple_triad,s16_ipd16_pt32,,,,,,,,,,0.002258,,0.550032,,,,2003817.0,,,,1385258.0,,,,0.6913096355605327,,,,,,,596454.0,,,,,2.0,148523.0,,,,,,,,,,,375418.0,,,,375408.0,,,,0.9999733630246819,,,,,,,,,,,,,,,,,,,,,,,,,,,,,,,,,ddr4_2x,6381596.0,0.24900998232889712,0.1072168505794588,596454.0,l1d,2.0,3.3531504525076537e-06,148523.0,imp,simple_triad_imp_stage2_s16_ipd16_pt32_l1d_ddr4_2x,3510062.0,,0.002125,2125071468.0,1.0625882352941176,1.2258823529411764,1.0,,stage2,sdist16,0.002125,1.0625882352941176,,,,0.002605,0.09683455460720924,,,,,,,,,,,,,stage2: s16_ipd16_pt32
,simple_triad,s16_ipd16_pt32,,,,,,,,,,0.002935,,0.416667,,,,2003765.0,,,,1852685.0,,,,0.9246019368538726,,,,,,,,,,,,,,,,,,,,,,,,372971.0,,,,162003.0,,,,0.43435816725697174,,,,,,,564472.0,,,,,680.0,210958.0,,,,,,,,,,,,,,,,,,,,ddr4_1x,8423938.0,0.3737262432857609,0.1138660916453687,564472.0,l2,680.0,0.0012046655990022533,210958.0,imp,simple_triad_imp_stage2_s16_ipd16_pt32_l2_ddr4_1x,3509957.0,,0.002805,2805171021.0,1.0463458110516934,1.0327985739750445,0.9461675579322638,,stage2,sdist2,0.002654,1.1058779201205726,,,,0.002897,0.5656301865342489,,,,,,,,,,,,,stage2: s16_ipd16_pt32
,simple_triad,s16_ipd16_pt32,,,,,,,,,,0.002264,,0.611273,,,,2003826.0,,,,1881594.0,,,,0.9390006916768222,,,,,,,,,,,,,,,,,,,,,,,,373808.0,,,,130796.0,,,,0.3499015537388178,,,,,,,594390.0,,,,,770.0,243002.0,,,,,,,,,,,,,,,,,,,,ddr4_2x,5742330.0,0.4088258550783156,0.1291468829088528,594390.0,l2,770.0,0.001295445751106176,243002.0,imp,simple_triad_imp_stage2_s16_ipd16_pt32_l2_ddr4_2x,3510115.0,,0.001912,1912195890.0,1.184100418410042,1.3624476987447698,1.0,,stage2,sdist16,0.001912,1.184100418410042,,,,0.002605,0.6500890855488793,,,,,,,,,,,,,stage2: s16_ipd16_pt32
,simple_triad,s16_ipd8_addr8,,,,,,,,,,0.00279,,0.402509,,,,2003753.0,,,,1467472.0,,,,0.7323617232263657,,,,,,,556526.0,,,,,,127983.0,,,,,,,,,,,375414.0,,,,375404.0,,,,0.9999733627408675,,,,,,,,,,,,,,,,,,,,,,,,,,,,,,,,,ddr4_1x,8720120.0,0.2299676924348548,0.0872132483618086,556526.0,l1d,,,127983.0,imp,simple_triad_imp_stage2_s16_ipd8_addr8_l1d_ddr4_1x,3509911.0,,0.002904,2903799627.0,0.9607438016528924,0.9975895316804407,0.9603994490358126,,stage2,sthr8,0.002789,1.0003585514521334,,,,0.002897,0.08021724210334982,,,,,,,,,,,,,stage2: s16_ipd8_addr8
,simple_triad,s16_ipd8_addr8,,,,,,,,,,0.002258,,0.550032,,,,2003817.0,,,,1385258.0,,,,0.6913096355605327,,,,,,,596454.0,,,,,2.0,148523.0,,,,,,,,,,,375418.0,,,,375408.0,,,,0.9999733630246819,,,,,,,,,,,,,,,,,,,,,,,,,,,,,,,,,ddr4_2x,6381596.0,0.24900998232889712,0.1072168505794588,596454.0,l1d,2.0,3.3531504525076537e-06,148523.0,imp,simple_triad_imp_stage2_s16_ipd8_addr8_l1d_ddr4_2x,3510062.0,,0.002125,2125071468.0,1.0625882352941176,1.2258823529411764,1.0,,stage2,sdist16,0.002125,1.0625882352941176,,,,0.002605,0.09683455460720924,,,,,,,,,,,,,stage2: s16_ipd8_addr8
,simple_triad,s16_ipd8_addr8,,,,,,,,,,0.002935,,0.416667,,,,2003766.0,,,,1852685.0,,,,0.9246014754217808,,,,,,,,,,,,,,,,,,,,,,,,372971.0,,,,162003.0,,,,0.43435816725697174,,,,,,,564472.0,,,,,680.0,210958.0,,,,,,,,,,,,,,,,,,,,ddr4_1x,8423938.0,0.3737262432857609,0.1138660916453687,564472.0,l2,680.0,0.0012046655990022533,210958.0,imp,simple_triad_imp_stage2_s16_ipd8_addr8_l2_ddr4_1x,3509957.0,,0.002805,2805171021.0,1.0463458110516934,1.0327985739750445,0.9461675579322638,,stage2,sdist2,0.002654,1.1058779201205726,,,,0.002897,0.5656301865342489,,,,,,,,,,,,,stage2: s16_ipd8_addr8
,simple_triad,s16_ipd8_addr8,,,,,,,,,,0.002264,,0.611273,,,,2003826.0,,,,1881594.0,,,,0.9390006916768222,,,,,,,,,,,,,,,,,,,,,,,,373808.0,,,,130796.0,,,,0.3499015537388178,,,,,,,594390.0,,,,,770.0,243002.0,,,,,,,,,,,,,,,,,,,,ddr4_2x,5742330.0,0.4088258550783156,0.1291468829088528,594390.0,l2,770.0,0.001295445751106176,243002.0,imp,simple_triad_imp_stage2_s16_ipd8_addr8_l2_ddr4_2x,3510115.0,,0.001912,1912195890.0,1.184100418410042,1.3624476987447698,1.0,,stage2,sdist16,0.001912,1.184100418410042,,,,0.002605,0.6500890855488793,,,,,,,,,,,,,stage2: s16_ipd8_addr8
,simple_triad,s16,,,,,,,,,,0.00279,,0.402509,,,,2003753.0,,,,1467472.0,,,,0.7323617232263657,,,,,,,556526.0,,,,,,127983.0,,,,,,,,,,,375414.0,,,,375404.0,,,,0.9999733627408675,,,,,,,,,,,,,,,,,,,,,,,,,,,,,,,,,ddr4_1x,8720120.0,0.2299676924348548,0.0872132483618086,556526.0,l1d,,,127983.0,imp,simple_triad_imp_stage2_s16_l1d_ddr4_1x,3509911.0,,0.002904,2903799627.0,0.9607438016528924,0.9975895316804407,0.9603994490358126,,stage2,sthr8,0.002789,1.0003585514521334,,,,0.002897,0.08021724210334982,,,,,,,,,,,,,stage2: s16
,simple_triad,s16,,,,,,,,,,0.002258,,0.550032,,,,2003817.0,,,,1385258.0,,,,0.6913096355605327,,,,,,,596454.0,,,,,2.0,148523.0,,,,,,,,,,,375418.0,,,,375408.0,,,,0.9999733630246819,,,,,,,,,,,,,,,,,,,,,,,,,,,,,,,,,ddr4_2x,6381596.0,0.24900998232889712,0.1072168505794588,596454.0,l1d,2.0,3.3531504525076537e-06,148523.0,imp,simple_triad_imp_stage2_s16_l1d_ddr4_2x,3510062.0,,0.002125,2125071468.0,1.0625882352941176,1.2258823529411764,1.0,,stage2,sdist16,0.002125,1.0625882352941176,,,,0.002605,0.09683455460720924,,,,,,,,,,,,,stage2: s16
,simple_triad,s16,,,,,,,,,,0.002935,,0.416667,,,,2003765.0,,,,1852685.0,,,,0.9246019368538726,,,,,,,,,,,,,,,,,,,,,,,,372971.0,,,,162003.0,,,,0.43435816725697174,,,,,,,564472.0,,,,,680.0,210958.0,,,,,,,,,,,,,,,,,,,,ddr4_1x,8423938.0,0.3737262432857609,0.1138660916453687,564472.0,l2,680.0,0.0012046655990022533,210958.0,imp,simple_triad_imp_stage2_s16_l2_ddr4_1x,3509957.0,,0.002805,2805171021.0,1.0463458110516934,1.0327985739750445,0.9461675579322638,,stage2,sdist2,0.002654,1.1058779201205726,,,,0.002897,0.5656301865342489,,,,,,,,,,,,,stage2: s16
,simple_triad,s16,,,,,,,,,,0.002264,,0.611273,,,,2003826.0,,,,1881594.0,,,,0.9390006916768222,,,,,,,,,,,,,,,,,,,,,,,,373808.0,,,,130796.0,,,,0.3499015537388178,,,,,,,594390.0,,,,,770.0,243002.0,,,,,,,,,,,,,,,,,,,,ddr4_2x,5742330.0,0.4088258550783156,0.1291468829088528,594390.0,l2,770.0,0.001295445751106176,243002.0,imp,simple_triad_imp_stage2_s16_l2_ddr4_2x,3510115.0,,0.001912,1912195890.0,1.184100418410042,1.3624476987447698,1.0,,stage2,sdist16,0.001912,1.184100418410042,,,,0.002605,0.6500890855488793,,,,,,,,,,,,,stage2: s16
,simple_triad,s16_pt8_sth2,,,,,,,,,,0.00279,,0.402825,,,,2003736.0,,,,1471415.0,,,,0.7343357607988278,,,,,,,554329.0,,,,,1.0,126902.0,,,,,,,,,,,375407.0,,,,375397.0,,,,0.9999733622441777,,,,,,,,,,,,,,,,,,,,,,,,,,,,,,,,,ddr4_1x,8713275.0,0.22892902951135516,0.086244873132325,554329.0,l1d,1.0,1.8039828332993583e-06,126902.0,imp,simple_triad_imp_stage2_s16_pt8_sth2_l1d_ddr4_1x,3509911.0,,0.002902,2901520242.0,0.961405926946933,0.9982770503101309,0.9610613370089592,,stage2,sthr8,0.002789,1.0003585514521334,,,,0.002897,0.07939726599917288,,,,,,,,,,,,,stage2: s16_pt8_sth2
,simple_triad,s16_pt8_sth2,,,,,,,,,,0.002258,,0.553157,,,,2003810.0,,,,1389696.0,,,,0.6935268313862093,,,,,,,589187.0,,,,,,147512.0,,,,,,,,,,,375403.0,,,,375393.0,,,,0.9999733619603466,,,,,,,,,,,,,,,,,,,,,,,,,,,,,,,,,ddr4_2x,6345593.0,0.2503653339262407,0.1061469558809984,589187.0,l1d,,,147512.0,imp,simple_triad_imp_stage2_s16_pt8_sth2_l1d_ddr4_2x,3510090.0,,0.002113,2113082469.0,1.0686228111689542,1.2328442972077616,1.0056791292001894,,stage2,sdist16,0.002125,1.0625882352941176,,,,0.002605,0.09596098901384849,,,,,,,,,,,,,stage2: s16_pt8_sth2
,simple_triad,s16_pt8_sth2,,,,,,,,,,0.002935,,0.416029,,,,2003771.0,,,,1852943.0,,,,0.9247279254964764,,,,,,,,,,,,,,,,,,,,,,,,372804.0,,,,161211.0,,,,0.4324283001255351,,,,,,,560650.0,,,,,800.0,211583.0,,,,,,,,,,,,,,,,,,,,ddr4_1x,8436865.0,0.37738874520645677,0.1141875384186129,560650.0,l2,800.0,0.0014269151877285293,211583.0,imp,simple_triad_imp_stage2_s16_pt8_sth2_l2_ddr4_1x,3509964.0,,0.002809,2809475712.0,1.0448558205767178,1.0313278746885013,0.9448202207191172,,stage2,sdist2,0.002654,1.1058779201205726,,,,0.002897,0.5675601002162052,,,,,,,,,,,,,stage2: s16_pt8_sth2
,simple_triad,s16_pt8_sth2,,,,,,,,,,0.002264,,0.611922,,,,2003835.0,,,,1882018.0,,,,0.9392080685285964,,,,,,,,,,,,,,,,,,,,,,,,373842.0,,,,130707.0,,,,0.3496316625740286,,,,,,,595202.0,,,,,811.0,243125.0,,,,,,,,,,,,,,,,,,,,ddr4_2x,5736255.0,0.40847476991004733,0.1291831427754676,595202.0,l2,811.0,0.0013625626257976284,243125.0,imp,simple_triad_imp_stage2_s16_pt8_sth2_l2_ddr4_2x,3510120.0,,0.00191,1910172915.0,1.1853403141361256,1.3638743455497382,1.0010471204188482,,stage2,sdist16,0.001912,1.184100418410042,,,,0.002605,0.6503589847846092,,,,,,,,,,,,,stage2: s16_pt8_sth2
,simple_triad,s16_pt8_sth8,,,,,,,,,,0.00279,,0.403025,,,,2003753.0,,,,1470037.0,,,,0.7336418211226633,,,,,,,556585.0,,,,,1.0,127337.0,,,,,,,,,,,375394.0,,,,375384.0,,,,0.9999733613217047,,,,,,,,,,,,,,,,,,,,,,,,,,,,,,,,,ddr4_1x,8709083.0,0.22878266572042005,0.0866216292515086,556585.0,l1d,1.0,1.7966707690649228e-06,127337.0,imp,simple_triad_imp_stage2_s16_pt8_sth8_l1d_ddr4_1x,3509962.0,,0.0029,2900124306.0,0.9620689655172414,0.9989655172413793,0.9617241379310344,,stage2,sthr8,0.002789,1.0003585514521334,,,,0.002897,0.07971645963938313,,,,,,,,,,,,,stage2: s16_pt8_sth8
,simple_triad,s16_pt8_sth8,,,,,,,,,,0.002258,,0.556543,,,,2003835.0,,,,1394301.0,,,,0.6958162722978688,,,,,,,592864.0,,,,,,146123.0,,,,,,,,,,,375405.0,,,,375395.0,,,,0.9999733621022628,,,,,,,,,,,,,,,,,,,,,,,,,,,,,,,,,ddr4_2x,6307034.0,0.24646967938684083,0.1048001830307803,592864.0,l1d,,,146123.0,imp,simple_triad_imp_stage2_s16_pt8_sth8_l1d_ddr4_2x,3510117.0,,0.0021,2100242322.0,1.075238095238095,1.2404761904761905,1.011904761904762,,stage2,sdist16,0.002125,1.0625882352941176,,,,0.002605,0.09485894792602556,,,,,,,,,,,,,stage2: s16_pt8_sth8
,simple_triad,s16_pt8_sth8,,,,,,,,,,0.002935,,0.415234,,,,2003765.0,,,,1850595.0,,,,0.9235589003700534,,,,,,,,,,,,,,,,,,,,,,,,372919.0,,,,161666.0,,,,0.43351505286670833,,,,,,,561679.0,,,,,673.0,211243.0,,,,,,,,,,,,,,,,,,,,ddr4_1x,8452999.0,0.3760920383350633,0.1141486927177475,561679.0,l2,673.0,0.001198193274094278,211243.0,imp,simple_triad_imp_stage2_s16_pt8_sth8_l2_ddr4_1x,3509957.0,,0.002815,2814848334.0,1.0426287744227354,1.0291296625222024,0.9428063943161636,,stage2,sdist2,0.002654,1.1058779201205726,,,,0.002897,0.5664733219096348,,,,,,,,,,,,,stage2: s16_pt8_sth8
,simple_triad,s16_pt8_sth8,,,,,,,,,,0.002264,,0.611241,,,,2003827.0,,,,1882298.0,,,,0.9393515508075297,,,,,,,,,,,,,,,,,,,,,,,,373828.0,,,,130933.0,,,,0.3502493125180564,,,,,,,595709.0,,,,,787.0,242885.0,,,,,,,,,,,,,,,,,,,,ddr4_2x,5742674.0,0.4077242411983032,0.1290364225005817,595709.0,l2,787.0,0.0013211148396280734,242885.0,imp,simple_triad_imp_stage2_s16_pt8_sth8_l2_ddr4_2x,3510138.0,,0.001912,1912310442.0,1.184100418410042,1.3624476987447698,1.0,,stage2,sdist16,0.001912,1.184100418410042,,,,0.002605,0.6497413179675671,,,,,,,,,,,,,stage2: s16_pt8_sth8
,simple_triad,s16_sth2,,,,,,,,,,0.00279,,0.402825,,,,2003735.0,,,,1471415.0,,,,0.7343361272823004,,,,,,,554329.0,,,,,1.0,126902.0,,,,,,,,,,,375407.0,,,,375397.0,,,,0.9999733622441777,,,,,,,,,,,,,,,,,,,,,,,,,,,,,,,,,ddr4_1x,8713275.0,0.22892902951135516,0.086244873132325,554329.0,l1d,1.0,1.8039828332993583e-06,126902.0,imp,simple_triad_imp_stage2_s16_sth2_l1d_ddr4_1x,3509911.0,,0.002902,2901520242.0,0.961405926946933,0.9982770503101309,0.9610613370089592,,stage2,sthr8,0.002789,1.0003585514521334,,,,0.002897,0.07939726599917288,,,,,,,,,,,,,stage2: s16_sth2
,simple_triad,s16_sth2,,,,,,,,,,0.002258,,0.553157,,,,2003810.0,,,,1389696.0,,,,0.6935268313862093,,,,,,,589187.0,,,,,,147512.0,,,,,,,,,,,375403.0,,,,375393.0,,,,0.9999733619603466,,,,,,,,,,,,,,,,,,,,,,,,,,,,,,,,,ddr4_2x,6345593.0,0.2503653339262407,0.1061469558809984,589187.0,l1d,,,147512.0,imp,simple_triad_imp_stage2_s16_sth2_l1d_ddr4_2x,3510090.0,,0.002113,2113082469.0,1.0686228111689542,1.2328442972077616,1.0056791292001894,,stage2,sdist16,0.002125,1.0625882352941176,,,,0.002605,0.09596098901384849,,,,,,,,,,,,,stage2: s16_sth2
,simple_triad,s16_sth2,,,,,,,,,,0.002935,,0.416029,,,,2003770.0,,,,1852943.0,,,,0.9247283869905228,,,,,,,,,,,,,,,,,,,,,,,,372804.0,,,,161211.0,,,,0.4324283001255351,,,,,,,560650.0,,,,,800.0,211583.0,,,,,,,,,,,,,,,,,,,,ddr4_1x,8436865.0,0.37738874520645677,0.1141875384186129,560650.0,l2,800.0,0.0014269151877285293,211583.0,imp,simple_triad_imp_stage2_s16_sth2_l2_ddr4_1x,3509964.0,,0.002809,2809475712.0,1.0448558205767178,1.0313278746885013,0.9448202207191172,,stage2,sdist2,0.002654,1.1058779201205726,,,,0.002897,0.5675601002162052,,,,,,,,,,,,,stage2: s16_sth2
,simple_triad,s16_sth2,,,,,,,,,,0.002264,,0.611922,,,,2003835.0,,,,1882018.0,,,,0.9392080685285964,,,,,,,,,,,,,,,,,,,,,,,,373842.0,,,,130707.0,,,,0.3496316625740286,,,,,,,595202.0,,,,,811.0,243125.0,,,,,,,,,,,,,,,,,,,,ddr4_2x,5736255.0,0.40847476991004733,0.1291831427754676,595202.0,l2,811.0,0.0013625626257976284,243125.0,imp,simple_triad_imp_stage2_s16_sth2_l2_ddr4_2x,3510120.0,,0.00191,1910172915.0,1.1853403141361256,1.3638743455497382,1.0010471204188482,,stage2,sdist16,0.001912,1.184100418410042,,,,0.002605,0.6503589847846092,,,,,,,,,,,,,stage2: s16_sth2
,simple_triad,s16_sth8,,,,,,,,,,0.00279,,0.403025,,,,2003752.0,,,,1470037.0,,,,0.7336421872567064,,,,,,,556585.0,,,,,1.0,127337.0,,,,,,,,,,,375394.0,,,,375384.0,,,,0.9999733613217047,,,,,,,,,,,,,,,,,,,,,,,,,,,,,,,,,ddr4_1x,8709083.0,0.22878266572042005,0.0866216292515086,556585.0,l1d,1.0,1.7966707690649228e-06,127337.0,imp,simple_triad_imp_stage2_s16_sth8_l1d_ddr4_1x,3509962.0,,0.0029,2900124306.0,0.9620689655172414,0.9989655172413793,0.9617241379310344,,stage2,sthr8,0.002789,1.0003585514521334,,,,0.002897,0.07971645963938313,,,,,,,,,,,,,stage2: s16_sth8
,simple_triad,s16_sth8,,,,,,,,,,0.002258,,0.556543,,,,2003835.0,,,,1394301.0,,,,0.6958162722978688,,,,,,,592864.0,,,,,,146123.0,,,,,,,,,,,375405.0,,,,375395.0,,,,0.9999733621022628,,,,,,,,,,,,,,,,,,,,,,,,,,,,,,,,,ddr4_2x,6307034.0,0.24646967938684083,0.1048001830307803,592864.0,l1d,,,146123.0,imp,simple_triad_imp_stage2_s16_sth8_l1d_ddr4_2x,3510117.0,,0.0021,2100242322.0,1.075238095238095,1.2404761904761905,1.011904761904762,,stage2,sdist16,0.002125,1.0625882352941176,,,,0.002605,0.09485894792602556,,,,,,,,,,,,,stage2: s16_sth8
,simple_triad,s16_sth8,,,,,,,,,,0.002935,,0.415234,,,,2003764.0,,,,1850595.0,,,,0.9235593612820672,,,,,,,,,,,,,,,,,,,,,,,,372919.0,,,,161666.0,,,,0.43351505286670833,,,,,,,561679.0,,,,,673.0,211243.0,,,,,,,,,,,,,,,,,,,,ddr4_1x,8452999.0,0.3760920383350633,0.1141486927177475,561679.0,l2,673.0,0.001198193274094278,211243.0,imp,simple_triad_imp_stage2_s16_sth8_l2_ddr4_1x,3509957.0,,0.002815,2814848334.0,1.0426287744227354,1.0291296625222024,0.9428063943161636,,stage2,sdist2,0.002654,1.1058779201205726,,,,0.002897,0.5664733219096348,,,,,,,,,,,,,stage2: s16_sth8
,simple_triad,s16_sth8,,,,,,,,,,0.002264,,0.611241,,,,2003827.0,,,,1882298.0,,,,0.9393515508075297,,,,,,,,,,,,,,,,,,,,,,,,373828.0,,,,130933.0,,,,0.3502493125180564,,,,,,,595709.0,,,,,787.0,242885.0,,,,,,,,,,,,,,,,,,,,ddr4_2x,5742674.0,0.4077242411983032,0.1290364225005817,595709.0,l2,787.0,0.0013211148396280734,242885.0,imp,simple_triad_imp_stage2_s16_sth8_l2_ddr4_2x,3510138.0,,0.001912,1912310442.0,1.184100418410042,1.3624476987447698,1.0,,stage2,sdist16,0.001912,1.184100418410042,,,,0.002605,0.6497413179675671,,,,,,,,,,,,,stage2: s16_sth8
,simple_triad,s2,,,,,,,,,,0.00279,,0.417861,,,,2003756.0,,,,1997901.0,,,,0.997077987539401,,,,,,,1206352.0,,,,,,1.0,,,,,,,,,,,375374.0,,,,375364.0,,,,0.9999733599023907,,,,,,,,,,,,,,,,,,,,,,,,,,,,,,,,,ddr4_1x,8399829.0,8.289454487579082e-07,5.005253013037183e-07,1206352.0,l1d,,,1.0,imp,simple_triad_imp_stage2_s2_l1d_ddr4_1x,3509943.0,,0.002797,2797142724.0,0.9974973185555952,1.0357525920629245,0.997139792634966,,stage2,sthr8,0.002789,1.0003585514521334,,,,0.002897,5.005250507782664e-07,,,,,,,,,,,,,stage2: s2
,simple_triad,s2,,,,,,,,,,0.002258,,0.461198,,,,2003760.0,,,,1998638.0,,,,0.9974438056453867,,,,,,,1189234.0,,,,,,33.0,,,,,,,,,,,375374.0,,,,375364.0,,,,0.9999733599023907,,,,,,,,,,,,,,,,,,,,,,,,,,,,,,,,,ddr4_2x,7610505.0,2.7748954368946734e-05,1.65112441572711e-05,1189234.0,l1d,,,33.0,imp,simple_triad_imp_stage2_s2_l1d_ddr4_2x,3509934.0,,0.002534,2534297832.0,0.8910812943962116,1.0280189423835835,0.8385951065509077,,stage2,sdist16,0.002125,1.0625882352941176,,,,0.002605,1.651097154058872e-05,,,,,,,,,,,,,stage2: s2
,simple_triad,s2,,,,,,,,,,0.002935,,0.440455,,,,2003762.0,,,,1972892.0,,,,0.9845939787260164,,,,,,,,,,,,,,,,,,,,,,,,375375.0,,,,356264.0,,,,0.9490882450882451,,,,,,,693958.0,,,,,2.0,19101.0,,,,,,,,,,,,,,,,,,,,ddr4_1x,7968916.0,0.027524720516227206,0.0096817261157731,693958.0,l2,2.0,2.8820187965265907e-06,19101.0,imp,simple_triad_imp_stage2_s2_l2_ddr4_1x,3509929.0,,0.002654,2653648695.0,1.1058779201205726,1.0915599095704596,1.0,,stage2,sdist2,0.002654,1.1058779201205726,,,,0.002897,0.05088647050204468,,,,,,,,,,,,,stage2: s2
,simple_triad,s2,,,,,,,,,,0.002264,,0.589321,,,,2003824.0,,,,1974710.0,,,,0.9854707798688906,,,,,,,,,,,,,,,,,,,,,,,,375376.0,,,,363246.0,,,,0.967685733770939,,,,,,,708186.0,,,,,2.0,12120.0,,,,,,,,,,,,,,,,,,,,ddr4_2x,5956229.0,0.017114147978073556,0.0061376100794547,708186.0,l2,2.0,2.8241168280649435e-06,12120.0,imp,simple_triad_imp_stage2_s2_l2_ddr4_2x,3510112.0,,0.001983,1983424257.0,1.1417044881492688,1.3136661623802321,0.9641956631366616,,stage2,sdist16,0.001912,1.184100418410042,,,,0.002605,0.03228848643723726,,,,,,,,,,,,,stage2: s2
,simple_triad,s2_sth2,,,,,,,,,,0.00279,,0.398524,,,,2003755.0,,,,1994024.0,,,,0.9951436178574726,,,,,,,1199341.0,,,,,,1.0,,,,,,,,,,,375379.0,,,,375369.0,,,,0.9999733602572334,,,,,,,,,,,,,,,,,,,,,,,,,,,,,,,,,ddr4_1x,8807446.0,8.337912236803378e-07,5.014984774506224e-07,1199341.0,l1d,,,1.0,imp,simple_triad_imp_stage2_s2_sth2_l1d_ddr4_1x,3509962.0,,0.002933,2932879185.0,0.9512444595976816,0.9877258779406751,0.9509035117627004,,stage2,sthr8,0.002789,1.0003585514521334,,,,0.002897,5.014982259500257e-07,,,,,,,,,,,,,stage2: s2_sth2
,simple_triad,s2_sth2,,,,,,,,,,0.002258,,0.46119,,,,2003759.0,,,,1998635.0,,,,0.9974428062456613,,,,,,,1189241.0,,,,,,33.0,,,,,,,,,,,375377.0,,,,375367.0,,,,0.9999733601152975,,,,,,,,,,,,,,,,,,,,,,,,,,,,,,,,,ddr4_2x,7610645.0,2.7748791035626924e-05,1.6511268941052268e-05,1189241.0,l1d,,,33.0,imp,simple_triad_imp_stage2_s2_sth2_l1d_ddr4_2x,3509934.0,,0.002534,2534344452.0,0.8910812943962116,1.0280189423835835,0.8385951065509077,,stage2,sdist16,0.002125,1.0625882352941176,,,,0.002605,1.6510996323551486e-05,,,,,,,,,,,,,stage2: s2_sth2
,simple_triad,s2_sth2,,,,,,,,,,0.002935,,0.44708,,,,2003761.0,,,,1977072.0,,,,0.9866805472309322,,,,,,,,,,,,,,,,,,,,,,,,375373.0,,,,361111.0,,,,0.9620057915726491,,,,,,,704306.0,,,,,2.0,14252.0,,,,,,,,,,,,,,,,,,,,ddr4_1x,7850848.0,0.020235522627948647,0.0072086398472083,704306.0,l2,2.0,2.8396748004418532e-06,14252.0,imp,simple_triad_imp_stage2_s2_sth2_l2_ddr4_1x,3509939.0,,0.002614,2614332051.0,1.1228003060443763,1.1082631981637336,1.015302218821729,,stage2,sdist2,0.002654,1.1058779201205726,,,,0.002897,0.03796857974813714,,,,,,,,,,,,,stage2: s2_sth2
,simple_triad,s2_sth2,,,,,,,,,,0.002264,,0.581566,,,,2003829.0,,,,1974411.0,,,,0.9853191065704708,,,,,,,,,,,,,,,,,,,,,,,,375374.0,,,,362734.0,,,,0.9663269166218225,,,,,,,707207.0,,,,,2.0,12630.0,,,,,,,,,,,,,,,,,,,,ddr4_2x,6035559.0,0.017858986124288927,0.0063968444260085,707207.0,l2,2.0,2.828026306300701e-06,12630.0,imp,simple_triad_imp_stage2_s2_sth2_l2_ddr4_2x,3510057.0,,0.00201,2009841147.0,1.12636815920398,1.2960199004975124,0.9512437810945272,,stage2,sdist16,0.001912,1.184100418410042,,,,0.002605,0.03364733964898072,,,,,,,,,,,,,stage2: s2_sth2
,simple_triad,s2_sth8,,,,,,,,,,0.00279,,0.417861,,,,2003753.0,,,,1997936.0,,,,0.9970969475778702,,,,,,,1206342.0,,,,,,1.0,,,,,,,,,,,375373.0,,,,375363.0,,,,0.999973359831421,,,,,,,,,,,,,,,,,,,,,,,,,,,,,,,,,ddr4_1x,8399827.0,8.289523203204398e-07,5.005165330621201e-07,1206342.0,l1d,,,1.0,imp,simple_triad_imp_stage2_s2_sth8_l1d_ddr4_1x,3509943.0,,0.002797,2797142058.0,0.9974973185555952,1.0357525920629245,0.997139792634966,,stage2,sthr8,0.002789,1.0003585514521334,,,,0.002897,5.005162825454456e-07,,,,,,,,,,,,,stage2: s2_sth8
,simple_triad,s2_sth8,,,,,,,,,,0.002258,,0.455129,,,,2003770.0,,,,1997868.0,,,,0.9970545521691612,,,,,,,1179386.0,,,,,,45.0,,,,,,,,,,,375378.0,,,,375367.0,,,,0.9999706962048921,,,,,,,,,,,,,,,,,,,,,,,,,,,,,,,,,ddr4_2x,7712109.0,3.8155446986821955e-05,2.2524010595294583e-05,1179386.0,l1d,,,45.0,imp,simple_triad_imp_stage2_s2_sth8_l1d_ddr4_2x,3509984.0,,0.002568,2568131964.0,0.8792834890965733,1.0144080996884737,0.8274922118380063,,stage2,sdist16,0.002125,1.0625882352941176,,,,0.002605,2.252350327566816e-05,,,,,,,,,,,,,stage2: s2_sth8
,simple_triad,s2_sth8,,,,,,,,,,0.002935,,0.445823,,,,2003734.0,,,,1972343.0,,,,0.9843337488908208,,,,,,,,,,,,,,,,,,,,,,,,375374.0,,,,357973.0,,,,0.9536435661500263,,,,,,,698191.0,,,,,2.0,17391.0,,,,,,,,,,,,,,,,,,,,ddr4_1x,7872862.0,0.02490865680021656,0.0088174318564265,698191.0,l2,2.0,2.864545661573982e-06,17391.0,imp,simple_triad_imp_stage2_s2_sth8_l2_ddr4_1x,3509883.0,,0.002622,2621662713.0,1.1193745232646837,1.104881769641495,1.0122044241037376,,stage2,sdist2,0.002654,1.1058779201205726,,,,0.002897,0.04633102801547298,,,,,,,,,,,,,stage2: s2_sth8
,simple_triad,s2_sth8,,,,,,,,,,0.002264,,0.580706,,,,2003799.0,,,,1973839.0,,,,0.9850484005631304,,,,,,,,,,,,,,,,,,,,,,,,375375.0,,,,362665.0,,,,0.9661405261405261,,,,,,,707038.0,,,,,2.0,12700.0,,,,,,,,,,,,,,,,,,,,ddr4_2x,6044447.0,0.017962259454230182,0.0064341620567837,707038.0,l2,2.0,2.8287022762567216e-06,12700.0,imp,simple_triad_imp_stage2_s2_sth8_l2_ddr4_2x,3510026.0,,0.002013,2012800851.0,1.124689518132141,1.2940884252359663,0.9498261301539992,,stage2,sdist16,0.001912,1.184100418410042,,,,0.002605,0.033833735164439944,,,,,,,,,,,,,stage2: s2_sth8
,simple_triad,s8_dist32_addr8,,,,,,,,,,0.00279,,0.416579,,,,2003766.0,,,,1739123.0,,,,0.8679271930954013,,,,,,,921858.0,,,,,,61292.0,,,,,,,,,,,375392.0,,,,375382.0,,,,0.9999733611797801,,,,,,,,,,,,,,,,,,,,,,,,,,,,,,,,,ddr4_1x,8425711.0,0.06648746336203623,0.0352430506640415,921858.0,l1d,,,61292.0,imp,simple_triad_imp_stage2_s8_dist32_addr8_l1d_ddr4_1x,3509957.0,,0.002806,2805761430.0,0.9942979330007128,1.0324305060584462,0.9939415538132572,,stage2,sthr8,0.002789,1.0003585514521334,,,,0.002897,0.03404326224787063,,,,,,,,,,,,,stage2: s8_dist32_addr8
,simple_triad,s8_dist32_addr8,,,,,,,,,,0.002258,,0.541333,,,,2003829.0,,,,1488481.0,,,,0.7428183742225509,,,,,,,707847.0,,,,,1.0,120978.0,,,,,,,,,,,375401.0,,,,375391.0,,,,0.9999733618184288,,,,,,,,,,,,,,,,,,,,,,,,,,,,,,,,,ddr4_2x,6484255.0,0.17090981525668683,0.0812761466219589,707847.0,l1d,1.0,1.4127346728883502e-06,120978.0,imp,simple_triad_imp_stage2_s8_dist32_addr8_l1d_ddr4_2x,3510120.0,,0.002159,2159256915.0,1.0458545622973598,1.206577119036591,0.9842519685039371,,stage2,sdist16,0.002125,1.0625882352941176,,,,0.002605,0.0751668728436077,,,,,,,,,,,,,stage2: s8_dist32_addr8
,simple_triad,s8_dist32_addr8,,,,,,,,,,0.002935,,0.41795,,,,2003756.0,,,,1866427.0,,,,0.9314642102132196,,,,,,,,,,,,,,,,,,,,,,,,373940.0,,,,169364.0,,,,0.4529175803604856,,,,,,,571511.0,,,,,721.0,204566.0,,,,,,,,,,,,,,,,,,,,ddr4_1x,8398033.0,0.3579388673183893,0.1096030008138544,571511.0,l2,721.0,0.0012615680188132862,204566.0,imp,simple_triad_imp_stage2_s8_dist32_addr8_l2_ddr4_1x,3509939.0,,0.002797,2796544656.0,1.049338577046836,1.0357525920629245,0.948873793350018,,stage2,sdist2,0.002654,1.1058779201205726,,,,0.002897,0.547070307276763,,,,,,,,,,,,,stage2: s8_dist32_addr8
,simple_triad,s8_dist32_addr8,,,,,,,,,,0.002264,,0.564273,,,,2003834.0,,,,1874602.0,,,,0.9355076318697058,,,,,,,,,,,,,,,,,,,,,,,,374087.0,,,,138066.0,,,,0.36907457356176504,,,,,,,598428.0,,,,,823.0,236011.0,,,,,,,,,,,,,,,,,,,,ddr4_2x,6220586.0,0.39438495524942013,0.125899257549069,598428.0,l2,823.0,0.0013752698737358546,236011.0,imp,simple_triad_imp_stage2_s8_dist32_addr8_l2_ddr4_2x,3510089.0,,0.002071,2071455138.0,1.0931916948334135,1.2578464509898601,0.9232254949299856,,stage2,sdist16,0.001912,1.184100418410042,,,,0.002605,0.6309155601654205,,,,,,,,,,,,,stage2: s8_dist32_addr8
,simple_triad,s8_dist8_addr8,,,,,,,,,,0.00279,,0.416579,,,,2003766.0,,,,1739123.0,,,,0.8679271930954013,,,,,,,921858.0,,,,,,61292.0,,,,,,,,,,,375392.0,,,,375382.0,,,,0.9999733611797801,,,,,,,,,,,,,,,,,,,,,,,,,,,,,,,,,ddr4_1x,8425711.0,0.06648746336203623,0.0352430506640415,921858.0,l1d,,,61292.0,imp,simple_triad_imp_stage2_s8_dist8_addr8_l1d_ddr4_1x,3509957.0,,0.002806,2805761430.0,0.9942979330007128,1.0324305060584462,0.9939415538132572,,stage2,sthr8,0.002789,1.0003585514521334,,,,0.002897,0.03404326224787063,,,,,,,,,,,,,stage2: s8_dist8_addr8
,simple_triad,s8_dist8_addr8,,,,,,,,,,0.002258,,0.541333,,,,2003829.0,,,,1488481.0,,,,0.7428183742225509,,,,,,,707847.0,,,,,1.0,120978.0,,,,,,,,,,,375401.0,,,,375391.0,,,,0.9999733618184288,,,,,,,,,,,,,,,,,,,,,,,,,,,,,,,,,ddr4_2x,6484255.0,0.17090981525668683,0.0812761466219589,707847.0,l1d,1.0,1.4127346728883502e-06,120978.0,imp,simple_triad_imp_stage2_s8_dist8_addr8_l1d_ddr4_2x,3510120.0,,0.002159,2159256915.0,1.0458545622973598,1.206577119036591,0.9842519685039371,,stage2,sdist16,0.002125,1.0625882352941176,,,,0.002605,0.0751668728436077,,,,,,,,,,,,,stage2: s8_dist8_addr8
,simple_triad,s8_dist8_addr8,,,,,,,,,,0.002935,,0.41795,,,,2003755.0,,,,1866427.0,,,,0.9314646750725513,,,,,,,,,,,,,,,,,,,,,,,,373940.0,,,,169364.0,,,,0.4529175803604856,,,,,,,571511.0,,,,,721.0,204566.0,,,,,,,,,,,,,,,,,,,,ddr4_1x,8398033.0,0.3579388673183893,0.1096030008138544,571511.0,l2,721.0,0.0012615680188132862,204566.0,imp,simple_triad_imp_stage2_s8_dist8_addr8_l2_ddr4_1x,3509939.0,,0.002797,2796544656.0,1.049338577046836,1.0357525920629245,0.948873793350018,,stage2,sdist2,0.002654,1.1058779201205726,,,,0.002897,0.547070307276763,,,,,,,,,,,,,stage2: s8_dist8_addr8
,simple_triad,s8_dist8_addr8,,,,,,,,,,0.002264,,0.564273,,,,2003834.0,,,,1874602.0,,,,0.9355076318697058,,,,,,,,,,,,,,,,,,,,,,,,374087.0,,,,138066.0,,,,0.36907457356176504,,,,,,,598428.0,,,,,823.0,236011.0,,,,,,,,,,,,,,,,,,,,ddr4_2x,6220586.0,0.39438495524942013,0.125899257549069,598428.0,l2,823.0,0.0013752698737358546,236011.0,imp,simple_triad_imp_stage2_s8_dist8_addr8_l2_ddr4_2x,3510089.0,,0.002071,2071455138.0,1.0931916948334135,1.2578464509898601,0.9232254949299856,,stage2,sdist16,0.001912,1.184100418410042,,,,0.002605,0.6309155601654205,,,,,,,,,,,,,stage2: s8_dist8_addr8
,simple_triad,s8_ipd16_addr16,,,,,,,,,,0.00279,,0.416579,,,,2003765.0,,,,1739123.0,,,,0.8679276262435964,,,,,,,921858.0,,,,,,61292.0,,,,,,,,,,,375392.0,,,,375382.0,,,,0.9999733611797801,,,,,,,,,,,,,,,,,,,,,,,,,,,,,,,,,ddr4_1x,8425711.0,0.06648746336203623,0.0352430506640415,921858.0,l1d,,,61292.0,imp,simple_triad_imp_stage2_s8_ipd16_addr16_l1d_ddr4_1x,3509957.0,,0.002806,2805761430.0,0.9942979330007128,1.0324305060584462,0.9939415538132572,,stage2,sthr8,0.002789,1.0003585514521334,,,,0.002897,0.03404326224787063,,,,,,,,,,,,,stage2: s8_ipd16_addr16
,simple_triad,s8_ipd16_addr16,,,,,,,,,,0.002258,,0.541333,,,,2003829.0,,,,1488481.0,,,,0.7428183742225509,,,,,,,707847.0,,,,,1.0,120978.0,,,,,,,,,,,375401.0,,,,375391.0,,,,0.9999733618184288,,,,,,,,,,,,,,,,,,,,,,,,,,,,,,,,,ddr4_2x,6484255.0,0.17090981525668683,0.0812761466219589,707847.0,l1d,1.0,1.4127346728883502e-06,120978.0,imp,simple_triad_imp_stage2_s8_ipd16_addr16_l1d_ddr4_2x,3510120.0,,0.002159,2159256915.0,1.0458545622973598,1.206577119036591,0.9842519685039371,,stage2,sdist16,0.002125,1.0625882352941176,,,,0.002605,0.0751668728436077,,,,,,,,,,,,,stage2: s8_ipd16_addr16
,simple_triad,s8_ipd16_addr16,,,,,,,,,,0.002935,,0.41795,,,,2003755.0,,,,1866427.0,,,,0.9314646750725513,,,,,,,,,,,,,,,,,,,,,,,,373940.0,,,,169364.0,,,,0.4529175803604856,,,,,,,571511.0,,,,,721.0,204566.0,,,,,,,,,,,,,,,,,,,,ddr4_1x,8398033.0,0.3579388673183893,0.1096030008138544,571511.0,l2,721.0,0.0012615680188132862,204566.0,imp,simple_triad_imp_stage2_s8_ipd16_addr16_l2_ddr4_1x,3509939.0,,0.002797,2796544656.0,1.049338577046836,1.0357525920629245,0.948873793350018,,stage2,sdist2,0.002654,1.1058779201205726,,,,0.002897,0.547070307276763,,,,,,,,,,,,,stage2: s8_ipd16_addr16
,simple_triad,s8_ipd16_addr16,,,,,,,,,,0.002264,,0.564273,,,,2003834.0,,,,1874602.0,,,,0.9355076318697058,,,,,,,,,,,,,,,,,,,,,,,,374087.0,,,,138066.0,,,,0.36907457356176504,,,,,,,598428.0,,,,,823.0,236011.0,,,,,,,,,,,,,,,,,,,,ddr4_2x,6220586.0,0.39438495524942013,0.125899257549069,598428.0,l2,823.0,0.0013752698737358546,236011.0,imp,simple_triad_imp_stage2_s8_ipd16_addr16_l2_ddr4_2x,3510089.0,,0.002071,2071455138.0,1.0931916948334135,1.2578464509898601,0.9232254949299856,,stage2,sdist16,0.001912,1.184100418410042,,,,0.002605,0.6309155601654205,,,,,,,,,,,,,stage2: s8_ipd16_addr16
,simple_triad,s8_ipd16_pt32,,,,,,,,,,0.00279,,0.416579,,,,2003766.0,,,,1739123.0,,,,0.8679271930954013,,,,,,,921858.0,,,,,,61292.0,,,,,,,,,,,375392.0,,,,375382.0,,,,0.9999733611797801,,,,,,,,,,,,,,,,,,,,,,,,,,,,,,,,,ddr4_1x,8425711.0,0.06648746336203623,0.0352430506640415,921858.0,l1d,,,61292.0,imp,simple_triad_imp_stage2_s8_ipd16_pt32_l1d_ddr4_1x,3509957.0,,0.002806,2805761430.0,0.9942979330007128,1.0324305060584462,0.9939415538132572,,stage2,sthr8,0.002789,1.0003585514521334,,,,0.002897,0.03404326224787063,,,,,,,,,,,,,stage2: s8_ipd16_pt32
,simple_triad,s8_ipd16_pt32,,,,,,,,,,0.002258,,0.541333,,,,2003829.0,,,,1488481.0,,,,0.7428183742225509,,,,,,,707847.0,,,,,1.0,120978.0,,,,,,,,,,,375401.0,,,,375391.0,,,,0.9999733618184288,,,,,,,,,,,,,,,,,,,,,,,,,,,,,,,,,ddr4_2x,6484255.0,0.17090981525668683,0.0812761466219589,707847.0,l1d,1.0,1.4127346728883502e-06,120978.0,imp,simple_triad_imp_stage2_s8_ipd16_pt32_l1d_ddr4_2x,3510120.0,,0.002159,2159256915.0,1.0458545622973598,1.206577119036591,0.9842519685039371,,stage2,sdist16,0.002125,1.0625882352941176,,,,0.002605,0.0751668728436077,,,,,,,,,,,,,stage2: s8_ipd16_pt32
,simple_triad,s8_ipd16_pt32,,,,,,,,,,0.002935,,0.41795,,,,2003755.0,,,,1866427.0,,,,0.9314646750725513,,,,,,,,,,,,,,,,,,,,,,,,373940.0,,,,169364.0,,,,0.4529175803604856,,,,,,,571511.0,,,,,721.0,204566.0,,,,,,,,,,,,,,,,,,,,ddr4_1x,8398033.0,0.3579388673183893,0.1096030008138544,571511.0,l2,721.0,0.0012615680188132862,204566.0,imp,simple_triad_imp_stage2_s8_ipd16_pt32_l2_ddr4_1x,3509939.0,,0.002797,2796544656.0,1.049338577046836,1.0357525920629245,0.948873793350018,,stage2,sdist2,0.002654,1.1058779201205726,,,,0.002897,0.547070307276763,,,,,,,,,,,,,stage2: s8_ipd16_pt32
,simple_triad,s8_ipd16_pt32,,,,,,,,,,0.002264,,0.564273,,,,2003834.0,,,,1874602.0,,,,0.9355076318697058,,,,,,,,,,,,,,,,,,,,,,,,374087.0,,,,138066.0,,,,0.36907457356176504,,,,,,,598428.0,,,,,823.0,236011.0,,,,,,,,,,,,,,,,,,,,ddr4_2x,6220586.0,0.39438495524942013,0.125899257549069,598428.0,l2,823.0,0.0013752698737358546,236011.0,imp,simple_triad_imp_stage2_s8_ipd16_pt32_l2_ddr4_2x,3510089.0,,0.002071,2071455138.0,1.0931916948334135,1.2578464509898601,0.9232254949299856,,stage2,sdist16,0.001912,1.184100418410042,,,,0.002605,0.6309155601654205,,,,,,,,,,,,,stage2: s8_ipd16_pt32
,simple_triad,s8_ipd8_addr8,,,,,,,,,,0.00279,,0.416579,,,,2003765.0,,,,1739123.0,,,,0.8679276262435964,,,,,,,921858.0,,,,,,61292.0,,,,,,,,,,,375392.0,,,,375382.0,,,,0.9999733611797801,,,,,,,,,,,,,,,,,,,,,,,,,,,,,,,,,ddr4_1x,8425711.0,0.06648746336203623,0.0352430506640415,921858.0,l1d,,,61292.0,imp,simple_triad_imp_stage2_s8_ipd8_addr8_l1d_ddr4_1x,3509957.0,,0.002806,2805761430.0,0.9942979330007128,1.0324305060584462,0.9939415538132572,,stage2,sthr8,0.002789,1.0003585514521334,,,,0.002897,0.03404326224787063,,,,,,,,,,,,,stage2: s8_ipd8_addr8
,simple_triad,s8_ipd8_addr8,,,,,,,,,,0.002258,,0.541333,,,,2003829.0,,,,1488481.0,,,,0.7428183742225509,,,,,,,707847.0,,,,,1.0,120978.0,,,,,,,,,,,375401.0,,,,375391.0,,,,0.9999733618184288,,,,,,,,,,,,,,,,,,,,,,,,,,,,,,,,,ddr4_2x,6484255.0,0.17090981525668683,0.0812761466219589,707847.0,l1d,1.0,1.4127346728883502e-06,120978.0,imp,simple_triad_imp_stage2_s8_ipd8_addr8_l1d_ddr4_2x,3510120.0,,0.002159,2159256915.0,1.0458545622973598,1.206577119036591,0.9842519685039371,,stage2,sdist16,0.002125,1.0625882352941176,,,,0.002605,0.0751668728436077,,,,,,,,,,,,,stage2: s8_ipd8_addr8
,simple_triad,s8_ipd8_addr8,,,,,,,,,,0.002935,,0.41795,,,,2003755.0,,,,1866427.0,,,,0.9314646750725513,,,,,,,,,,,,,,,,,,,,,,,,373940.0,,,,169364.0,,,,0.4529175803604856,,,,,,,571511.0,,,,,721.0,204566.0,,,,,,,,,,,,,,,,,,,,ddr4_1x,8398033.0,0.3579388673183893,0.1096030008138544,571511.0,l2,721.0,0.0012615680188132862,204566.0,imp,simple_triad_imp_stage2_s8_ipd8_addr8_l2_ddr4_1x,3509939.0,,0.002797,2796544656.0,1.049338577046836,1.0357525920629245,0.948873793350018,,stage2,sdist2,0.002654,1.1058779201205726,,,,0.002897,0.547070307276763,,,,,,,,,,,,,stage2: s8_ipd8_addr8
,simple_triad,s8_ipd8_addr8,,,,,,,,,,0.002264,,0.564273,,,,2003834.0,,,,1874602.0,,,,0.9355076318697058,,,,,,,,,,,,,,,,,,,,,,,,374087.0,,,,138066.0,,,,0.36907457356176504,,,,,,,598428.0,,,,,823.0,236011.0,,,,,,,,,,,,,,,,,,,,ddr4_2x,6220586.0,0.39438495524942013,0.125899257549069,598428.0,l2,823.0,0.0013752698737358546,236011.0,imp,simple_triad_imp_stage2_s8_ipd8_addr8_l2_ddr4_2x,3510089.0,,0.002071,2071455138.0,1.0931916948334135,1.2578464509898601,0.9232254949299856,,stage2,sdist16,0.001912,1.184100418410042,,,,0.002605,0.6309155601654205,,,,,,,,,,,,,stage2: s8_ipd8_addr8
,simple_triad,s8,,,,,,,,,,0.00279,,0.416579,,,,2003766.0,,,,1739123.0,,,,0.8679271930954013,,,,,,,921858.0,,,,,,61292.0,,,,,,,,,,,375392.0,,,,375382.0,,,,0.9999733611797801,,,,,,,,,,,,,,,,,,,,,,,,,,,,,,,,,ddr4_1x,8425711.0,0.06648746336203623,0.0352430506640415,921858.0,l1d,,,61292.0,imp,simple_triad_imp_stage2_s8_l1d_ddr4_1x,3509957.0,,0.002806,2805761430.0,0.9942979330007128,1.0324305060584462,0.9939415538132572,,stage2,sthr8,0.002789,1.0003585514521334,,,,0.002897,0.03404326224787063,,,,,,,,,,,,,stage2: s8
,simple_triad,s8,,,,,,,,,,0.002258,,0.541333,,,,2003829.0,,,,1488481.0,,,,0.7428183742225509,,,,,,,707847.0,,,,,1.0,120978.0,,,,,,,,,,,375401.0,,,,375391.0,,,,0.9999733618184288,,,,,,,,,,,,,,,,,,,,,,,,,,,,,,,,,ddr4_2x,6484255.0,0.17090981525668683,0.0812761466219589,707847.0,l1d,1.0,1.4127346728883502e-06,120978.0,imp,simple_triad_imp_stage2_s8_l1d_ddr4_2x,3510120.0,,0.002159,2159256915.0,1.0458545622973598,1.206577119036591,0.9842519685039371,,stage2,sdist16,0.002125,1.0625882352941176,,,,0.002605,0.0751668728436077,,,,,,,,,,,,,stage2: s8
,simple_triad,s8,,,,,,,,,,0.002935,,0.41795,,,,2003756.0,,,,1866427.0,,,,0.9314642102132196,,,,,,,,,,,,,,,,,,,,,,,,373940.0,,,,169364.0,,,,0.4529175803604856,,,,,,,571511.0,,,,,721.0,204566.0,,,,,,,,,,,,,,,,,,,,ddr4_1x,8398033.0,0.3579388673183893,0.1096030008138544,571511.0,l2,721.0,0.0012615680188132862,204566.0,imp,simple_triad_imp_stage2_s8_l2_ddr4_1x,3509939.0,,0.002797,2796544656.0,1.049338577046836,1.0357525920629245,0.948873793350018,,stage2,sdist2,0.002654,1.1058779201205726,,,,0.002897,0.547070307276763,,,,,,,,,,,,,stage2: s8
,simple_triad,s8,,,,,,,,,,0.002264,,0.564273,,,,2003834.0,,,,1874602.0,,,,0.9355076318697058,,,,,,,,,,,,,,,,,,,,,,,,374087.0,,,,138066.0,,,,0.36907457356176504,,,,,,,598428.0,,,,,823.0,236011.0,,,,,,,,,,,,,,,,,,,,ddr4_2x,6220586.0,0.39438495524942013,0.125899257549069,598428.0,l2,823.0,0.0013752698737358546,236011.0,imp,simple_triad_imp_stage2_s8_l2_ddr4_2x,3510089.0,,0.002071,2071455138.0,1.0931916948334135,1.2578464509898601,0.9232254949299856,,stage2,sdist16,0.001912,1.184100418410042,,,,0.002605,0.6309155601654205,,,,,,,,,,,,,stage2: s8
,simple_triad,s8_pt8_sth2,,,,,,,,,,0.00279,,0.417029,,,,2003740.0,,,,1791119.0,,,,0.8938879295717009,,,,,,,957429.0,,,,,,48731.0,,,,,,,,,,,375391.0,,,,375381.0,,,,0.9999733611088172,,,,,,,,,,,,,,,,,,,,,,,,,,,,,,,,,ddr4_1x,8416496.0,0.050897768920724146,0.0272070141626547,957429.0,l1d,,,48731.0,imp,simple_triad_imp_stage2_s8_pt8_sth2_l1d_ddr4_1x,3509906.0,,0.002803,2802692835.0,0.9953621120228326,1.033535497681056,0.9950053514092044,,stage2,sthr8,0.002789,1.0003585514521334,,,,0.002897,0.026486398347691387,,,,,,,,,,,,,stage2: s8_pt8_sth2
,simple_triad,s8_pt8_sth2,,,,,,,,,,0.002258,,0.53871,,,,2003797.0,,,,1473739.0,,,,0.7354732041219745,,,,,,,684972.0,,,,,,124559.0,,,,,,,,,,,375393.0,,,,375383.0,,,,0.9999733612507425,,,,,,,,,,,,,,,,,,,,,,,,,,,,,,,,,ddr4_2x,6515751.0,0.18184538930058455,0.0845190362744013,684972.0,l1d,,,124559.0,imp,simple_triad_imp_stage2_s8_pt8_sth2_l1d_ddr4_2x,3510083.0,,0.00217,2169745083.0,1.040552995391705,1.2004608294930876,0.97926267281106,,stage2,sdist16,0.002125,1.0625882352941176,,,,0.002605,0.07793227545801847,,,,,,,,,,,,,stage2: s8_pt8_sth2
,simple_triad,s8_pt8_sth2,,,,,,,,,,0.002935,,0.41935,,,,2003761.0,,,,1866771.0,,,,0.9316335630846194,,,,,,,,,,,,,,,,,,,,,,,,373955.0,,,,169682.0,,,,0.4537497827278683,,,,,,,572006.0,,,,,706.0,204263.0,,,,,,,,,,,,,,,,,,,,ddr4_1x,8369997.0,0.3570994010552337,0.1094204913189673,572006.0,l2,706.0,0.0012342527875581725,204263.0,imp,simple_triad_imp_stage2_s8_pt8_sth2_l2_ddr4_1x,3509939.0,,0.002787,2787208668.0,1.0531036957301758,1.039468963042698,0.9522784355938284,,stage2,sdist2,0.002654,1.1058779201205726,,,,0.002897,0.5462380831405688,,,,,,,,,,,,,stage2: s8_pt8_sth2
,simple_triad,s8_pt8_sth2,,,,,,,,,,0.002264,,0.569385,,,,2003842.0,,,,1875302.0,,,,0.9358532259529444,,,,,,,,,,,,,,,,,,,,,,,,374046.0,,,,138131.0,,,,0.3692888040508387,,,,,,,593944.0,,,,,849.0,235905.0,,,,,,,,,,,,,,,,,,,,ddr4_2x,6164724.0,0.3971839095941705,0.1257957384997189,593944.0,l2,849.0,0.001429427690152607,235905.0,imp,simple_triad_imp_stage2_s8_pt8_sth2_l2_ddr4_2x,3510082.0,,0.002053,2052853092.0,1.1027764247442766,1.2688748173404774,0.9313200194836824,,stage2,sdist16,0.001912,1.184100418410042,,,,0.002605,0.6307013228673176,,,,,,,,,,,,,stage2: s8_pt8_sth2
,simple_triad,s8_pt8_sth8,,,,,,,,,,0.00279,,0.42166,,,,2003765.0,,,,1821918.0,,,,0.909247341878913,,,,,,,949656.0,,,,,,41411.0,,,,,,,,,,,375381.0,,,,375371.0,,,,0.9999733603991677,,,,,,,,,,,,,,,,,,,,,,,,,,,,,,,,,ddr4_1x,8324198.0,0.04360631639246211,0.0227293434720991,949656.0,l1d,,,41411.0,imp,simple_triad_imp_stage2_s8_pt8_sth8_l1d_ddr4_1x,3509964.0,,0.002772,2771957601.0,1.0064935064935063,1.045093795093795,1.006132756132756,,stage2,sthr8,0.002789,1.0003585514521334,,,,0.002897,0.022224201952526904,,,,,,,,,,,,,stage2: s8_pt8_sth8
,simple_triad,s8_pt8_sth8,,,,,,,,,,0.002258,,0.541291,,,,2003828.0,,,,1488479.0,,,,0.7428177468325625,,,,,,,707817.0,,,,,1.0,120978.0,,,,,,,,,,,375397.0,,,,375387.0,,,,0.9999733615345887,,,,,,,,,,,,,,,,,,,,,,,,,,,,,,,,,ddr4_2x,6484753.0,0.17091705907035293,0.0812762558289367,707817.0,l1d,1.0,1.4127945500037439e-06,120978.0,imp,simple_triad_imp_stage2_s8_pt8_sth8_l1d_ddr4_2x,3510120.0,,0.002159,2159422749.0,1.0458545622973598,1.206577119036591,0.9842519685039371,,stage2,sdist16,0.002125,1.0625882352941176,,,,0.002605,0.07516696625010795,,,,,,,,,,,,,stage2: s8_pt8_sth8
,simple_triad,s8_pt8_sth8,,,,,,,,,,0.002935,,0.419004,,,,2003765.0,,,,1865465.0,,,,0.9309799302812456,,,,,,,,,,,,,,,,,,,,,,,,373960.0,,,,170158.0,,,,0.45501657931329553,,,,,,,571246.0,,,,,708.0,203792.0,,,,,,,,,,,,,,,,,,,,ddr4_1x,8376873.0,0.3567499816191273,0.1092446119332177,571246.0,l2,708.0,0.0012393959870178521,203792.0,imp,simple_triad_imp_stage2_s8_pt8_sth8_l2_ddr4_1x,3509927.0,,0.002789,2789498376.0,1.0523485120114735,1.0387235568304052,0.9515955539619936,,stage2,sdist2,0.002654,1.1058779201205726,,,,0.002897,0.5449712528412889,,,,,,,,,,,,,stage2: s8_pt8_sth8
,simple_triad,s8_pt8_sth8,,,,,,,,,,0.002264,,0.569874,,,,2003830.0,,,,1875518.0,,,,0.9359666239152024,,,,,,,,,,,,,,,,,,,,,,,,374072.0,,,,138887.0,,,,0.3712841378130413,,,,,,,596502.0,,,,,819.0,235175.0,,,,,,,,,,,,,,,,,,,,ddr4_2x,6159547.0,0.39425685077334194,0.125392025029885,596502.0,l2,819.0,0.0013730046169166238,235175.0,imp,simple_triad_imp_stage2_s8_pt8_sth8_l2_ddr4_2x,3510145.0,,0.002051,2051129151.0,1.1038517796196978,1.2701121404193079,0.9322281813749392,,stage2,sdist16,0.001912,1.184100418410042,,,,0.002605,0.6287059364490378,,,,,,,,,,,,,stage2: s8_pt8_sth8
,simple_triad,s8_sth2,,,,,,,,,,0.00279,,0.417029,,,,2003740.0,,,,1791119.0,,,,0.8938879295717009,,,,,,,957429.0,,,,,,48731.0,,,,,,,,,,,375391.0,,,,375381.0,,,,0.9999733611088172,,,,,,,,,,,,,,,,,,,,,,,,,,,,,,,,,ddr4_1x,8416496.0,0.050897768920724146,0.0272070141626547,957429.0,l1d,,,48731.0,imp,simple_triad_imp_stage2_s8_sth2_l1d_ddr4_1x,3509906.0,,0.002803,2802692835.0,0.9953621120228326,1.033535497681056,0.9950053514092044,,stage2,sthr8,0.002789,1.0003585514521334,,,,0.002897,0.026486398347691387,,,,,,,,,,,,,stage2: s8_sth2
,simple_triad,s8_sth2,,,,,,,,,,0.002258,,0.53871,,,,2003797.0,,,,1473739.0,,,,0.7354732041219745,,,,,,,684972.0,,,,,,124559.0,,,,,,,,,,,375393.0,,,,375383.0,,,,0.9999733612507425,,,,,,,,,,,,,,,,,,,,,,,,,,,,,,,,,ddr4_2x,6515751.0,0.18184538930058455,0.0845190362744013,684972.0,l1d,,,124559.0,imp,simple_triad_imp_stage2_s8_sth2_l1d_ddr4_2x,3510083.0,,0.00217,2169745083.0,1.040552995391705,1.2004608294930876,0.97926267281106,,stage2,sdist16,0.002125,1.0625882352941176,,,,0.002605,0.07793227545801847,,,,,,,,,,,,,stage2: s8_sth2
,simple_triad,s8_sth2,,,,,,,,,,0.002935,,0.41935,,,,2003761.0,,,,1866771.0,,,,0.9316335630846194,,,,,,,,,,,,,,,,,,,,,,,,373955.0,,,,169682.0,,,,0.4537497827278683,,,,,,,572006.0,,,,,706.0,204263.0,,,,,,,,,,,,,,,,,,,,ddr4_1x,8369997.0,0.3570994010552337,0.1094204913189673,572006.0,l2,706.0,0.0012342527875581725,204263.0,imp,simple_triad_imp_stage2_s8_sth2_l2_ddr4_1x,3509939.0,,0.002787,2787208668.0,1.0531036957301758,1.039468963042698,0.9522784355938284,,stage2,sdist2,0.002654,1.1058779201205726,,,,0.002897,0.5462380831405688,,,,,,,,,,,,,stage2: s8_sth2
,simple_triad,s8_sth2,,,,,,,,,,0.002264,,0.569385,,,,2003842.0,,,,1875302.0,,,,0.9358532259529444,,,,,,,,,,,,,,,,,,,,,,,,374046.0,,,,138131.0,,,,0.3692888040508387,,,,,,,593944.0,,,,,849.0,235905.0,,,,,,,,,,,,,,,,,,,,ddr4_2x,6164724.0,0.3971839095941705,0.1257957384997189,593944.0,l2,849.0,0.001429427690152607,235905.0,imp,simple_triad_imp_stage2_s8_sth2_l2_ddr4_2x,3510082.0,,0.002053,2052853092.0,1.1027764247442766,1.2688748173404774,0.9313200194836824,,stage2,sdist16,0.001912,1.184100418410042,,,,0.002605,0.6307013228673176,,,,,,,,,,,,,stage2: s8_sth2
,simple_triad,s8_sth8,,,,,,,,,,0.00279,,0.42166,,,,2003765.0,,,,1821918.0,,,,0.909247341878913,,,,,,,949656.0,,,,,,41411.0,,,,,,,,,,,375381.0,,,,375371.0,,,,0.9999733603991677,,,,,,,,,,,,,,,,,,,,,,,,,,,,,,,,,ddr4_1x,8324198.0,0.04360631639246211,0.0227293434720991,949656.0,l1d,,,41411.0,imp,simple_triad_imp_stage2_s8_sth8_l1d_ddr4_1x,3509964.0,,0.002772,2771957601.0,1.0064935064935063,1.045093795093795,1.006132756132756,,stage2,sthr8,0.002789,1.0003585514521334,,,,0.002897,0.022224201952526904,,,,,,,,,,,,,stage2: s8_sth8
,simple_triad,s8_sth8,,,,,,,,,,0.002258,,0.541291,,,,2003828.0,,,,1488479.0,,,,0.7428177468325625,,,,,,,707817.0,,,,,1.0,120978.0,,,,,,,,,,,375397.0,,,,375387.0,,,,0.9999733615345887,,,,,,,,,,,,,,,,,,,,,,,,,,,,,,,,,ddr4_2x,6484753.0,0.17091705907035293,0.0812762558289367,707817.0,l1d,1.0,1.4127945500037439e-06,120978.0,imp,simple_triad_imp_stage2_s8_sth8_l1d_ddr4_2x,3510120.0,,0.002159,2159422749.0,1.0458545622973598,1.206577119036591,0.9842519685039371,,stage2,sdist16,0.002125,1.0625882352941176,,,,0.002605,0.07516696625010795,,,,,,,,,,,,,stage2: s8_sth8
,simple_triad,s8_sth8,,,,,,,,,,0.002935,,0.419004,,,,2003765.0,,,,1865465.0,,,,0.9309799302812456,,,,,,,,,,,,,,,,,,,,,,,,373960.0,,,,170158.0,,,,0.45501657931329553,,,,,,,571246.0,,,,,708.0,203792.0,,,,,,,,,,,,,,,,,,,,ddr4_1x,8376873.0,0.3567499816191273,0.1092446119332177,571246.0,l2,708.0,0.0012393959870178521,203792.0,imp,simple_triad_imp_stage2_s8_sth8_l2_ddr4_1x,3509927.0,,0.002789,2789498376.0,1.0523485120114735,1.0387235568304052,0.9515955539619936,,stage2,sdist2,0.002654,1.1058779201205726,,,,0.002897,0.5449712528412889,,,,,,,,,,,,,stage2: s8_sth8
,simple_triad,s8_sth8,,,,,,,,,,0.002264,,0.569874,,,,2003830.0,,,,1875518.0,,,,0.9359666239152024,,,,,,,,,,,,,,,,,,,,,,,,374072.0,,,,138887.0,,,,0.3712841378130413,,,,,,,596502.0,,,,,819.0,235175.0,,,,,,,,,,,,,,,,,,,,ddr4_2x,6159547.0,0.39425685077334194,0.125392025029885,596502.0,l2,819.0,0.0013730046169166238,235175.0,imp,simple_triad_imp_stage2_s8_sth8_l2_ddr4_2x,3510145.0,,0.002051,2051129151.0,1.1038517796196978,1.2701121404193079,0.9322281813749392,,stage2,sdist16,0.001912,1.184100418410042,,,,0.002605,0.6287059364490378,,,,,,,,,,,,,stage2: s8_sth8
,spmv,aggr_s16_sth2_d32_ipd16_addr16,,,,,,,,,,0.006737,,0.633399,,,,4826210.0,,,,1979133.0,,,,0.4100801664245858,,,,,,,2606778.0,,,,,1925199.0,150679.0,,,,,,,,,,,3664870.0,,,,653551.0,,,,0.17832856281396067,,,,,,,,,,,,,,,,,,,,,,,,,,,,,,,,,ddr4_1x,17845893.0,0.05780277415261292,0.0761338424451514,2606778.0,l1d,1925199.0,0.7385358477016455,150679.0,imp,spmv_imp_stage2_aggr_s16_sth2_d32_ipd16_addr16_l1d_ddr4_1x,11279576.0,,0.005943,5942682369.0,1.1336025576308262,1.7834427057041897,0.9994952044422007,,stage2,sdist16,0.00594,1.1341750841750842,,,,0.010599,0.07074755893947447,,,,,,,,,,,,,stage2: aggr_s16_sth2_d32_ipd16_addr16
,spmv,aggr_s16_sth2_d32_ipd16_addr16,,,,,,,,,,0.006318,,0.695643,,,,4826485.0,,,,1985164.0,,,,0.41130636477685106,,,,,,,2609279.0,,,,,1929952.0,150565.0,,,,,,,,,,,3669557.0,,,,654449.0,,,,0.17834550601067103,,,,,,,,,,,,,,,,,,,,,,,,,,,,,,,,,ddr4_2x,16249086.0,0.057703679828795616,0.0758451190934351,2609279.0,l1d,1929952.0,0.7396495353697324,150565.0,imp,spmv_imp_stage2_aggr_s16_sth2_d32_ipd16_addr16_l1d_ddr4_2x,11279576.0,,0.005411,5410945638.0,1.167621511735354,1.6719645167251893,0.997967104047311,,stage2,sdist16,0.0054,1.17,,,,0.009047,0.07049817650085756,,,,,,,,,,,,,stage2: aggr_s16_sth2_d32_ipd16_addr16
,spmv,aggr_s16_sth2_d32_ipd16_addr16,,,,,,,,,,0.006899,,0.608395,,,,4827653.0,,,,2387968.0,,,,0.4946436705372155,,,,,,,,,,,,,,,,,,,,,,,,1686964.0,,,,353873.0,,,,0.2097691474151197,,,,,,,366451.0,,,,,12499.0,191796.0,,,,,,,,,,,,,,,,,,,,ddr4_1x,18579320.0,0.5233878472155895,0.0803176591981132,366451.0,l2,12499.0,0.03410824366695684,191796.0,imp,spmv_imp_stage2_aggr_s16_sth2_d32_ipd16_addr16_l2_ddr4_1x,11279576.0,,0.006187,6186913560.0,1.115080006465169,1.7131081299498951,1.000323258445127,,stage2,sdist16,0.006189,1.1147196639198578,,,,0.010599,0.3514878067106616,,,,,,,,,,,,,stage2: aggr_s16_sth2_d32_ipd16_addr16
,spmv,aggr_s16_sth2_d32_ipd16_addr16,,,,,,,,,,0.006431,,0.674602,,,,4827880.0,,,,2390875.0,,,,0.49522254074252053,,,,,,,,,,,,,,,,,,,,,,,,1687033.0,,,,354593.0,,,,0.21018735258883495,,,,,,,373385.0,,,,,12617.0,191195.0,,,,,,,,,,,,,,,,,,,,ddr4_2x,16755906.0,0.5120585990331695,0.0799686307314267,373385.0,l2,12617.0,0.03379085930072177,191195.0,imp,spmv_imp_stage2_aggr_s16_sth2_d32_ipd16_addr16_l2_ddr4_2x,11279581.0,,0.00558,5579716698.0,1.1525089605734768,1.6213261648745518,1.0,,stage2,sdist16,0.00558,1.1525089605734768,,,,0.009047,0.3503100104802597,,,,,,,,,,,,,stage2: aggr_s16_sth2_d32_ipd16_addr16
,spmv,aggr_s16_sth2_d32_ipd16,,,,,,,,,,0.006737,,0.633399,,,,4826210.0,,,,1979133.0,,,,0.4100801664245858,,,,,,,2606778.0,,,,,1925199.0,150679.0,,,,,,,,,,,3664870.0,,,,653551.0,,,,0.17832856281396067,,,,,,,,,,,,,,,,,,,,,,,,,,,,,,,,,ddr4_1x,17845893.0,0.05780277415261292,0.0761338424451514,2606778.0,l1d,1925199.0,0.7385358477016455,150679.0,imp,spmv_imp_stage2_aggr_s16_sth2_d32_ipd16_l1d_ddr4_1x,11279576.0,,0.005943,5942682369.0,1.1336025576308262,1.7834427057041897,0.9994952044422007,,stage2,sdist16,0.00594,1.1341750841750842,,,,0.010599,0.07074755893947447,,,,,,,,,,,,,stage2: aggr_s16_sth2_d32_ipd16
,spmv,aggr_s16_sth2_d32_ipd16,,,,,,,,,,0.006318,,0.695643,,,,4826485.0,,,,1985164.0,,,,0.41130636477685106,,,,,,,2609279.0,,,,,1929952.0,150565.0,,,,,,,,,,,3669557.0,,,,654449.0,,,,0.17834550601067103,,,,,,,,,,,,,,,,,,,,,,,,,,,,,,,,,ddr4_2x,16249086.0,0.057703679828795616,0.0758451190934351,2609279.0,l1d,1929952.0,0.7396495353697324,150565.0,imp,spmv_imp_stage2_aggr_s16_sth2_d32_ipd16_l1d_ddr4_2x,11279576.0,,0.005411,5410945638.0,1.167621511735354,1.6719645167251893,0.997967104047311,,stage2,sdist16,0.0054,1.17,,,,0.009047,0.07049817650085756,,,,,,,,,,,,,stage2: aggr_s16_sth2_d32_ipd16
,spmv,aggr_s16_sth2_d32_ipd16,,,,,,,,,,0.006899,,0.608395,,,,4827653.0,,,,2387968.0,,,,0.4946436705372155,,,,,,,,,,,,,,,,,,,,,,,,1686964.0,,,,353873.0,,,,0.2097691474151197,,,,,,,366451.0,,,,,12499.0,191796.0,,,,,,,,,,,,,,,,,,,,ddr4_1x,18579320.0,0.5233878472155895,0.0803176591981132,366451.0,l2,12499.0,0.03410824366695684,191796.0,imp,spmv_imp_stage2_aggr_s16_sth2_d32_ipd16_l2_ddr4_1x,11279576.0,,0.006187,6186913560.0,1.115080006465169,1.7131081299498951,1.000323258445127,,stage2,sdist16,0.006189,1.1147196639198578,,,,0.010599,0.3514878067106616,,,,,,,,,,,,,stage2: aggr_s16_sth2_d32_ipd16
,spmv,aggr_s16_sth2_d32_ipd16,,,,,,,,,,0.006431,,0.674602,,,,4827880.0,,,,2390875.0,,,,0.49522254074252053,,,,,,,,,,,,,,,,,,,,,,,,1687033.0,,,,354593.0,,,,0.21018735258883495,,,,,,,373385.0,,,,,12617.0,191195.0,,,,,,,,,,,,,,,,,,,,ddr4_2x,16755906.0,0.5120585990331695,0.0799686307314267,373385.0,l2,12617.0,0.03379085930072177,191195.0,imp,spmv_imp_stage2_aggr_s16_sth2_d32_ipd16_l2_ddr4_2x,11279581.0,,0.00558,5579716698.0,1.1525089605734768,1.6213261648745518,1.0,,stage2,sdist16,0.00558,1.1525089605734768,,,,0.009047,0.3503100104802597,,,,,,,,,,,,,stage2: aggr_s16_sth2_d32_ipd16
,spmv,cons_s2_sth8_pt8,,,,,,,,,,0.006737,,0.499244,,,,4826528.0,,,,2952639.0,,,,0.6117521746481115,,,,,,,2271233.0,,,,,803786.0,116302.0,,,,,,,,,,,2519725.0,,,,571345.0,,,,0.22674895077835874,,,,,,,,,,,,,,,,,,,,,,,,,,,,,,,,,ddr4_1x,22641373.0,0.051206547280706116,0.0393891701626917,2271233.0,l1d,803786.0,0.3538985211997184,116302.0,imp,spmv_imp_stage2_cons_s2_sth8_pt8_l1d_ddr4_1x,11279581.0,,0.00754,7539577209.0,0.8935013262599469,1.4057029177718834,0.7877984084880637,,stage2,sdist16,0.00594,1.1341750841750842,,,,0.010599,0.03789646004924826,,,,,,,,,,,,,stage2: cons_s2_sth8_pt8
,spmv,cons_s2_sth8_pt8,,,,,,,,,,0.006318,,0.517799,,,,4826513.0,,,,2971000.0,,,,0.6155582715720438,,,,,,,2294176.0,,,,,805565.0,115340.0,,,,,,,,,,,2521599.0,,,,571510.0,,,,0.22664587033862243,,,,,,,,,,,,,,,,,,,,,,,,,,,,,,,,,ddr4_2x,21830028.0,0.05027513146332278,0.0388219454729047,2294176.0,l1d,805565.0,0.35113478652030183,115340.0,imp,spmv_imp_stage2_cons_s2_sth8_pt8_l1d_ddr4_2x,11279576.0,,0.007269,7269399324.0,0.8691704498555509,1.2446003576833127,0.7428807263722658,,stage2,sdist16,0.0054,1.17,,,,0.009047,0.03737112566988731,,,,,,,,,,,,,stage2: cons_s2_sth8_pt8
,spmv,cons_s2_sth8_pt8,,,,,,,,,,0.006899,,0.495208,,,,4826352.0,,,,3075012.0,,,,0.6371296581766104,,,,,,,,,,,,,,,,,,,,,,,,1686651.0,,,,416677.0,,,,0.24704399428216034,,,,,,,240075.0,,,,,2939.0,113073.0,,,,,,,,,,,,,,,,,,,,ddr4_1x,22825904.0,0.470990315526398,0.0367715638182875,240075.0,l2,2939.0,0.012242007705925232,113073.0,imp,spmv_imp_stage2_cons_s2_sth8_pt8_l2_ddr4_1x,11279576.0,,0.007601,7601026032.0,0.9076437310880148,1.3944217866070254,0.8142349690830154,,stage2,sdist16,0.006189,1.1147196639198578,,,,0.010599,0.21344596507786692,,,,,,,,,,,,,stage2: cons_s2_sth8_pt8
,spmv,cons_s2_sth8_pt8,,,,,,,,,,0.006431,,0.518011,,,,4826712.0,,,,3105847.0,,,,0.6434705447517897,,,,,,,,,,,,,,,,,,,,,,,,1686686.0,,,,417827.0,,,,0.2477206783005254,,,,,,,242255.0,,,,,2957.0,111876.0,,,,,,,,,,,,,,,,,,,,ddr4_2x,21821110.0,0.46181090173577427,0.0360210918309884,242255.0,l2,2957.0,0.012206146415966646,111876.0,imp,spmv_imp_stage2_cons_s2_sth8_pt8_l2_ddr4_2x,11279576.0,,0.007266,7266429630.0,0.8850812001101018,1.2451142306633636,0.7679603633360859,,stage2,sdist16,0.00558,1.1525089605734768,,,,0.009047,0.2112051470352254,,,,,,,,,,,,,stage2: cons_s2_sth8_pt8
,spmv,cons_s8_sth8_pt8_ipd8,,,,,,,,,,0.006737,,0.608257,,,,4826694.0,,,,2120783.0,,,,0.439386254856844,,,,,,,2376225.0,,,,,1650847.0,153630.0,,,,,,,,,,,3385995.0,,,,631352.0,,,,0.18645981461874575,,,,,,,,,,,,,,,,,,,,,,,,,,,,,,,,,ddr4_1x,18583550.0,0.064652968468895,0.0724402260863086,2376225.0,l1d,1650847.0,0.6947351366137466,153630.0,imp,spmv_imp_stage2_cons_s8_sth8_pt8_ipd8_l1d_ddr4_1x,11279581.0,,0.006188,6188322150.0,1.0887201034259857,1.7128312863606983,0.9599224305106658,,stage2,sdist16,0.00594,1.1341750841750842,,,,0.010599,0.06754709896575511,,,,,,,,,,,,,stage2: cons_s8_sth8_pt8_ipd8
,spmv,cons_s8_sth8_pt8_ipd8,,,,,,,,,,0.006318,,0.658643,,,,4827136.0,,,,2114886.0,,,,0.4381243867999576,,,,,,,2377786.0,,,,,1659002.0,153874.0,,,,,,,,,,,3394262.0,,,,632113.0,,,,0.18622987854208073,,,,,,,,,,,,,,,,,,,,,,,,,,,,,,,,,ddr4_2x,17161920.0,0.0647131407115695,0.0727575859880863,2377786.0,l1d,1659002.0,0.6977087088577357,153874.0,imp,spmv_imp_stage2_cons_s8_sth8_pt8_ipd8_l1d_ddr4_2x,11279576.0,,0.005715,5714919360.0,1.1055118110236222,1.5830271216097989,0.9448818897637796,,stage2,sdist16,0.0054,1.17,,,,0.009047,0.06782295174456532,,,,,,,,,,,,,stage2: cons_s8_sth8_pt8_ipd8
,spmv,cons_s8_sth8_pt8_ipd8,,,,,,,,,,0.006899,,0.579282,,,,4827335.0,,,,2573145.0,,,,0.5330363440697611,,,,,,,,,,,,,,,,,,,,,,,,1686964.0,,,,367244.0,,,,0.217695220526342,,,,,,,341755.0,,,,,8225.0,172896.0,,,,,,,,,,,,,,,,,,,,ddr4_1x,19513074.0,0.5059062778891311,0.0671924823513638,341755.0,l2,8225.0,0.024066948545010316,172896.0,imp,spmv_imp_stage2_cons_s8_sth8_pt8_ipd8_l2_ddr4_1x,11279576.0,,0.006498,6497853642.0,1.061711295783318,1.631117266851339,0.9524469067405356,,stage2,sdist16,0.006189,1.1147196639198578,,,,0.010599,0.3200947902395675,,,,,,,,,,,,,stage2: cons_s8_sth8_pt8_ipd8
,spmv,cons_s8_sth8_pt8_ipd8,,,,,,,,,,0.006431,,0.625799,,,,4827187.0,,,,2566636.0,,,,0.5317042824319836,,,,,,,,,,,,,,,,,,,,,,,,1686907.0,,,,367503.0,,,,0.21785611180699352,,,,,,,344545.0,,,,,8200.0,172613.0,,,,,,,,,,,,,,,,,,,,ddr4_2x,18062637.0,0.5009882598789708,0.0672526217196361,344545.0,l2,8200.0,0.02379950369327664,172613.0,imp,spmv_imp_stage2_cons_s8_sth8_pt8_ipd8_l2_ddr4_2x,11279581.0,,0.006015,6014858121.0,1.0691604322527015,1.5040731504571903,0.9276807980049876,,stage2,sdist16,0.00558,1.1525089605734768,,,,0.009047,0.3195850520999193,,,,,,,,,,,,,stage2: cons_s8_sth8_pt8_ipd8
,spmv,s16_dist32_addr16,,,,,,,,,,0.006737,,0.633635,,,,4826356.0,,,,1980905.0,,,,0.41043491197085336,,,,,,,2610892.0,,,,,1927141.0,150638.0,,,,,,,,,,,3666897.0,,,,654062.0,,,,0.1783693406168758,,,,,,,,,,,,,,,,,,,,,,,,,,,,,,,,,ddr4_1x,17839239.0,0.057695990489074235,0.076045040019587,2610892.0,l1d,1927141.0,0.7381159389204915,150638.0,imp,spmv_imp_stage2_s16_dist32_addr16_l1d_ddr4_1x,11279576.0,,0.00594,5940466587.0,1.1341750841750842,1.7843434343434346,1.0,,stage2,sdist16,0.00594,1.1341750841750842,,,,0.010599,0.07067087081987086,,,,,,,,,,,,,stage2: s16_dist32_addr16
,spmv,s16_dist32_addr16,,,,,,,,,,0.006318,,0.697115,,,,4826617.0,,,,1981716.0,,,,0.4105807442355588,,,,,,,2609723.0,,,,,1927818.0,150653.0,,,,,,,,,,,3667613.0,,,,654649.0,,,,0.17849456853817455,,,,,,,,,,,,,,,,,,,,,,,,,,,,,,,,,ddr4_2x,16214795.0,0.057727582582519296,0.076021488447386,2609723.0,l1d,1927818.0,0.7387059852712338,150653.0,imp,spmv_imp_stage2_s16_dist32_addr16_l1d_ddr4_2x,11279581.0,,0.0054,5399526735.0,1.17,1.6753703703703702,1.0,,stage2,sdist16,0.0054,1.17,,,,0.009047,0.07065052999738788,,,,,,,,,,,,,stage2: s16_dist32_addr16
,spmv,s16_dist32_addr16,,,,,,,,,,0.006899,,0.608234,,,,4827631.0,,,,2388030.0,,,,0.4946587674161509,,,,,,,,,,,,,,,,,,,,,,,,1686934.0,,,,354024.0,,,,0.20986238939994095,,,,,,,366328.0,,,,,12568.0,191760.0,,,,,,,,,,,,,,,,,,,,ddr4_1x,18584245.0,0.5234653097770304,0.080300498737453,366328.0,l2,12568.0,0.03430805180057216,191760.0,imp,spmv_imp_stage2_s16_dist32_addr16_l2_ddr4_1x,11279576.0,,0.006189,6188553585.0,1.1147196639198578,1.7125545322346098,1.0,,stage2,sdist16,0.006189,1.1147196639198578,,,,0.010599,0.3513477859372939,,,,,,,,,,,,,stage2: s16_dist32_addr16
,spmv,s16_dist32_addr16,,,,,,,,,,0.006431,,0.674616,,,,4827797.0,,,,2389944.0,,,,0.49503821308145307,,,,,,,,,,,,,,,,,,,,,,,,1687010.0,,,,354649.0,,,,0.2102234130206697,,,,,,,373170.0,,,,,12627.0,191223.0,,,,,,,,,,,,,,,,,,,,ddr4_2x,16755550.0,0.5124286518208859,0.0800114981773631,373170.0,l2,12627.0,0.03383712517083367,191223.0,imp,spmv_imp_stage2_s16_dist32_addr16_l2_ddr4_2x,11279576.0,,0.00558,5579598150.0,1.1525089605734768,1.6213261648745518,1.0,,stage2,sdist16,0.00558,1.1525089605734768,,,,0.009047,0.35030739807134276,,,,,,,,,,,,,stage2: s16_dist32_addr16
,spmv,s16_dist8_addr16,,,,,,,,,,0.006737,,0.633635,,,,4826356.0,,,,1980905.0,,,,0.41043491197085336,,,,,,,2610892.0,,,,,1927141.0,150638.0,,,,,,,,,,,3666897.0,,,,654062.0,,,,0.1783693406168758,,,,,,,,,,,,,,,,,,,,,,,,,,,,,,,,,ddr4_1x,17839239.0,0.057695990489074235,0.076045040019587,2610892.0,l1d,1927141.0,0.7381159389204915,150638.0,imp,spmv_imp_stage2_s16_dist8_addr16_l1d_ddr4_1x,11279576.0,,0.00594,5940466587.0,1.1341750841750842,1.7843434343434346,1.0,,stage2,sdist16,0.00594,1.1341750841750842,,,,0.010599,0.07067087081987086,,,,,,,,,,,,,stage2: s16_dist8_addr16
,spmv,s16_dist8_addr16,,,,,,,,,,0.006318,,0.697115,,,,4826617.0,,,,1981716.0,,,,0.4105807442355588,,,,,,,2609723.0,,,,,1927818.0,150653.0,,,,,,,,,,,3667613.0,,,,654649.0,,,,0.17849456853817455,,,,,,,,,,,,,,,,,,,,,,,,,,,,,,,,,ddr4_2x,16214795.0,0.057727582582519296,0.076021488447386,2609723.0,l1d,1927818.0,0.7387059852712338,150653.0,imp,spmv_imp_stage2_s16_dist8_addr16_l1d_ddr4_2x,11279581.0,,0.0054,5399526735.0,1.17,1.6753703703703702,1.0,,stage2,sdist16,0.0054,1.17,,,,0.009047,0.07065052999738788,,,,,,,,,,,,,stage2: s16_dist8_addr16
,spmv,s16_dist8_addr16,,,,,,,,,,0.006899,,0.608234,,,,4827631.0,,,,2388030.0,,,,0.4946587674161509,,,,,,,,,,,,,,,,,,,,,,,,1686934.0,,,,354024.0,,,,0.20986238939994095,,,,,,,366328.0,,,,,12568.0,191760.0,,,,,,,,,,,,,,,,,,,,ddr4_1x,18584245.0,0.5234653097770304,0.080300498737453,366328.0,l2,12568.0,0.03430805180057216,191760.0,imp,spmv_imp_stage2_s16_dist8_addr16_l2_ddr4_1x,11279576.0,,0.006189,6188553585.0,1.1147196639198578,1.7125545322346098,1.0,,stage2,sdist16,0.006189,1.1147196639198578,,,,0.010599,0.3513477859372939,,,,,,,,,,,,,stage2: s16_dist8_addr16
,spmv,s16_dist8_addr16,,,,,,,,,,0.006431,,0.674616,,,,4827797.0,,,,2389944.0,,,,0.49503821308145307,,,,,,,,,,,,,,,,,,,,,,,,1687010.0,,,,354649.0,,,,0.2102234130206697,,,,,,,373170.0,,,,,12627.0,191223.0,,,,,,,,,,,,,,,,,,,,ddr4_2x,16755550.0,0.5124286518208859,0.0800114981773631,373170.0,l2,12627.0,0.03383712517083367,191223.0,imp,spmv_imp_stage2_s16_dist8_addr16_l2_ddr4_2x,11279576.0,,0.00558,5579598150.0,1.1525089605734768,1.6213261648745518,1.0,,stage2,sdist16,0.00558,1.1525089605734768,,,,0.009047,0.35030739807134276,,,,,,,,,,,,,stage2: s16_dist8_addr16
,spmv,s16_ipd16_addr16,,,,,,,,,,0.006737,,0.633635,,,,4826356.0,,,,1980905.0,,,,0.41043491197085336,,,,,,,2610892.0,,,,,1927141.0,150638.0,,,,,,,,,,,3666897.0,,,,654062.0,,,,0.1783693406168758,,,,,,,,,,,,,,,,,,,,,,,,,,,,,,,,,ddr4_1x,17839239.0,0.057695990489074235,0.076045040019587,2610892.0,l1d,1927141.0,0.7381159389204915,150638.0,imp,spmv_imp_stage2_s16_ipd16_addr16_l1d_ddr4_1x,11279576.0,,0.00594,5940466587.0,1.1341750841750842,1.7843434343434346,1.0,,stage2,sdist16,0.00594,1.1341750841750842,,,,0.010599,0.07067087081987086,,,,,,,,,,,,,stage2: s16_ipd16_addr16
,spmv,s16_ipd16_addr16,,,,,,,,,,0.006318,,0.697115,,,,4826617.0,,,,1981716.0,,,,0.4105807442355588,,,,,,,2609723.0,,,,,1927818.0,150653.0,,,,,,,,,,,3667613.0,,,,654649.0,,,,0.17849456853817455,,,,,,,,,,,,,,,,,,,,,,,,,,,,,,,,,ddr4_2x,16214795.0,0.057727582582519296,0.076021488447386,2609723.0,l1d,1927818.0,0.7387059852712338,150653.0,imp,spmv_imp_stage2_s16_ipd16_addr16_l1d_ddr4_2x,11279581.0,,0.0054,5399526735.0,1.17,1.6753703703703702,1.0,,stage2,sdist16,0.0054,1.17,,,,0.009047,0.07065052999738788,,,,,,,,,,,,,stage2: s16_ipd16_addr16
,spmv,s16_ipd16_addr16,,,,,,,,,,0.006899,,0.608234,,,,4827631.0,,,,2388030.0,,,,0.4946587674161509,,,,,,,,,,,,,,,,,,,,,,,,1686934.0,,,,354024.0,,,,0.20986238939994095,,,,,,,366328.0,,,,,12568.0,191760.0,,,,,,,,,,,,,,,,,,,,ddr4_1x,18584245.0,0.5234653097770304,0.080300498737453,366328.0,l2,12568.0,0.03430805180057216,191760.0,imp,spmv_imp_stage2_s16_ipd16_addr16_l2_ddr4_1x,11279576.0,,0.006189,6188553585.0,1.1147196639198578,1.7125545322346098,1.0,,stage2,sdist16,0.006189,1.1147196639198578,,,,0.010599,0.3513477859372939,,,,,,,,,,,,,stage2: s16_ipd16_addr16
,spmv,s16_ipd16_addr16,,,,,,,,,,0.006431,,0.674616,,,,4827797.0,,,,2389944.0,,,,0.49503821308145307,,,,,,,,,,,,,,,,,,,,,,,,1687010.0,,,,354649.0,,,,0.2102234130206697,,,,,,,373170.0,,,,,12627.0,191223.0,,,,,,,,,,,,,,,,,,,,ddr4_2x,16755550.0,0.5124286518208859,0.0800114981773631,373170.0,l2,12627.0,0.03383712517083367,191223.0,imp,spmv_imp_stage2_s16_ipd16_addr16_l2_ddr4_2x,11279576.0,,0.00558,5579598150.0,1.1525089605734768,1.6213261648745518,1.0,,stage2,sdist16,0.00558,1.1525089605734768,,,,0.009047,0.35030739807134276,,,,,,,,,,,,,stage2: s16_ipd16_addr16
,spmv,s16_ipd16_pt32,,,,,,,,,,0.006737,,0.633635,,,,4826356.0,,,,1980905.0,,,,0.41043491197085336,,,,,,,2610892.0,,,,,1927141.0,150638.0,,,,,,,,,,,3666897.0,,,,654062.0,,,,0.1783693406168758,,,,,,,,,,,,,,,,,,,,,,,,,,,,,,,,,ddr4_1x,17839239.0,0.057695990489074235,0.076045040019587,2610892.0,l1d,1927141.0,0.7381159389204915,150638.0,imp,spmv_imp_stage2_s16_ipd16_pt32_l1d_ddr4_1x,11279576.0,,0.00594,5940466587.0,1.1341750841750842,1.7843434343434346,1.0,,stage2,sdist16,0.00594,1.1341750841750842,,,,0.010599,0.07067087081987086,,,,,,,,,,,,,stage2: s16_ipd16_pt32
,spmv,s16_ipd16_pt32,,,,,,,,,,0.006318,,0.697115,,,,4826617.0,,,,1981716.0,,,,0.4105807442355588,,,,,,,2609723.0,,,,,1927818.0,150653.0,,,,,,,,,,,3667613.0,,,,654649.0,,,,0.17849456853817455,,,,,,,,,,,,,,,,,,,,,,,,,,,,,,,,,ddr4_2x,16214795.0,0.057727582582519296,0.076021488447386,2609723.0,l1d,1927818.0,0.7387059852712338,150653.0,imp,spmv_imp_stage2_s16_ipd16_pt32_l1d_ddr4_2x,11279581.0,,0.0054,5399526735.0,1.17,1.6753703703703702,1.0,,stage2,sdist16,0.0054,1.17,,,,0.009047,0.07065052999738788,,,,,,,,,,,,,stage2: s16_ipd16_pt32
,spmv,s16_ipd16_pt32,,,,,,,,,,0.006899,,0.608234,,,,4827631.0,,,,2388030.0,,,,0.4946587674161509,,,,,,,,,,,,,,,,,,,,,,,,1686934.0,,,,354024.0,,,,0.20986238939994095,,,,,,,366328.0,,,,,12568.0,191760.0,,,,,,,,,,,,,,,,,,,,ddr4_1x,18584245.0,0.5234653097770304,0.080300498737453,366328.0,l2,12568.0,0.03430805180057216,191760.0,imp,spmv_imp_stage2_s16_ipd16_pt32_l2_ddr4_1x,11279576.0,,0.006189,6188553585.0,1.1147196639198578,1.7125545322346098,1.0,,stage2,sdist16,0.006189,1.1147196639198578,,,,0.010599,0.3513477859372939,,,,,,,,,,,,,stage2: s16_ipd16_pt32
,spmv,s16_ipd16_pt32,,,,,,,,,,0.006431,,0.674616,,,,4827797.0,,,,2389944.0,,,,0.49503821308145307,,,,,,,,,,,,,,,,,,,,,,,,1687010.0,,,,354649.0,,,,0.2102234130206697,,,,,,,373170.0,,,,,12627.0,191223.0,,,,,,,,,,,,,,,,,,,,ddr4_2x,16755550.0,0.5124286518208859,0.0800114981773631,373170.0,l2,12627.0,0.03383712517083367,191223.0,imp,spmv_imp_stage2_s16_ipd16_pt32_l2_ddr4_2x,11279576.0,,0.00558,5579598150.0,1.1525089605734768,1.6213261648745518,1.0,,stage2,sdist16,0.00558,1.1525089605734768,,,,0.009047,0.35030739807134276,,,,,,,,,,,,,stage2: s16_ipd16_pt32
,spmv,s16_ipd8_addr8,,,,,,,,,,0.006737,,0.633635,,,,4826356.0,,,,1980905.0,,,,0.41043491197085336,,,,,,,2610892.0,,,,,1927141.0,150638.0,,,,,,,,,,,3666897.0,,,,654062.0,,,,0.1783693406168758,,,,,,,,,,,,,,,,,,,,,,,,,,,,,,,,,ddr4_1x,17839239.0,0.057695990489074235,0.076045040019587,2610892.0,l1d,1927141.0,0.7381159389204915,150638.0,imp,spmv_imp_stage2_s16_ipd8_addr8_l1d_ddr4_1x,11279576.0,,0.00594,5940466587.0,1.1341750841750842,1.7843434343434346,1.0,,stage2,sdist16,0.00594,1.1341750841750842,,,,0.010599,0.07067087081987086,,,,,,,,,,,,,stage2: s16_ipd8_addr8
,spmv,s16_ipd8_addr8,,,,,,,,,,0.006318,,0.697115,,,,4826617.0,,,,1981716.0,,,,0.4105807442355588,,,,,,,2609723.0,,,,,1927818.0,150653.0,,,,,,,,,,,3667613.0,,,,654649.0,,,,0.17849456853817455,,,,,,,,,,,,,,,,,,,,,,,,,,,,,,,,,ddr4_2x,16214795.0,0.057727582582519296,0.076021488447386,2609723.0,l1d,1927818.0,0.7387059852712338,150653.0,imp,spmv_imp_stage2_s16_ipd8_addr8_l1d_ddr4_2x,11279581.0,,0.0054,5399526735.0,1.17,1.6753703703703702,1.0,,stage2,sdist16,0.0054,1.17,,,,0.009047,0.07065052999738788,,,,,,,,,,,,,stage2: s16_ipd8_addr8
,spmv,s16_ipd8_addr8,,,,,,,,,,0.006899,,0.608234,,,,4827631.0,,,,2388030.0,,,,0.4946587674161509,,,,,,,,,,,,,,,,,,,,,,,,1686934.0,,,,354024.0,,,,0.20986238939994095,,,,,,,366328.0,,,,,12568.0,191760.0,,,,,,,,,,,,,,,,,,,,ddr4_1x,18584245.0,0.5234653097770304,0.080300498737453,366328.0,l2,12568.0,0.03430805180057216,191760.0,imp,spmv_imp_stage2_s16_ipd8_addr8_l2_ddr4_1x,11279576.0,,0.006189,6188553585.0,1.1147196639198578,1.7125545322346098,1.0,,stage2,sdist16,0.006189,1.1147196639198578,,,,0.010599,0.3513477859372939,,,,,,,,,,,,,stage2: s16_ipd8_addr8
,spmv,s16_ipd8_addr8,,,,,,,,,,0.006431,,0.674616,,,,4827797.0,,,,2389944.0,,,,0.49503821308145307,,,,,,,,,,,,,,,,,,,,,,,,1687010.0,,,,354649.0,,,,0.2102234130206697,,,,,,,373170.0,,,,,12627.0,191223.0,,,,,,,,,,,,,,,,,,,,ddr4_2x,16755550.0,0.5124286518208859,0.0800114981773631,373170.0,l2,12627.0,0.03383712517083367,191223.0,imp,spmv_imp_stage2_s16_ipd8_addr8_l2_ddr4_2x,11279576.0,,0.00558,5579598150.0,1.1525089605734768,1.6213261648745518,1.0,,stage2,sdist16,0.00558,1.1525089605734768,,,,0.009047,0.35030739807134276,,,,,,,,,,,,,stage2: s16_ipd8_addr8
,spmv,s16,,,,,,,,,,0.006737,,0.633635,,,,4826356.0,,,,1980905.0,,,,0.41043491197085336,,,,,,,2610892.0,,,,,1927141.0,150638.0,,,,,,,,,,,3666897.0,,,,654062.0,,,,0.1783693406168758,,,,,,,,,,,,,,,,,,,,,,,,,,,,,,,,,ddr4_1x,17839239.0,0.057695990489074235,0.076045040019587,2610892.0,l1d,1927141.0,0.7381159389204915,150638.0,imp,spmv_imp_stage2_s16_l1d_ddr4_1x,11279576.0,,0.00594,5940466587.0,1.1341750841750842,1.7843434343434346,1.0,,stage2,sdist16,0.00594,1.1341750841750842,,,,0.010599,0.07067087081987086,,,,,,,,,,,,,stage2: s16
,spmv,s16,,,,,,,,,,0.006318,,0.697115,,,,4826617.0,,,,1981716.0,,,,0.4105807442355588,,,,,,,2609723.0,,,,,1927818.0,150653.0,,,,,,,,,,,3667613.0,,,,654649.0,,,,0.17849456853817455,,,,,,,,,,,,,,,,,,,,,,,,,,,,,,,,,ddr4_2x,16214795.0,0.057727582582519296,0.076021488447386,2609723.0,l1d,1927818.0,0.7387059852712338,150653.0,imp,spmv_imp_stage2_s16_l1d_ddr4_2x,11279581.0,,0.0054,5399526735.0,1.17,1.6753703703703702,1.0,,stage2,sdist16,0.0054,1.17,,,,0.009047,0.07065052999738788,,,,,,,,,,,,,stage2: s16
,spmv,s16,,,,,,,,,,0.006899,,0.608234,,,,4827631.0,,,,2388030.0,,,,0.4946587674161509,,,,,,,,,,,,,,,,,,,,,,,,1686934.0,,,,354024.0,,,,0.20986238939994095,,,,,,,366328.0,,,,,12568.0,191760.0,,,,,,,,,,,,,,,,,,,,ddr4_1x,18584245.0,0.5234653097770304,0.080300498737453,366328.0,l2,12568.0,0.03430805180057216,191760.0,imp,spmv_imp_stage2_s16_l2_ddr4_1x,11279576.0,,0.006189,6188553585.0,1.1147196639198578,1.7125545322346098,1.0,,stage2,sdist16,0.006189,1.1147196639198578,,,,0.010599,0.3513477859372939,,,,,,,,,,,,,stage2: s16
,spmv,s16,,,,,,,,,,0.006431,,0.674616,,,,4827797.0,,,,2389944.0,,,,0.49503821308145307,,,,,,,,,,,,,,,,,,,,,,,,1687010.0,,,,354649.0,,,,0.2102234130206697,,,,,,,373170.0,,,,,12627.0,191223.0,,,,,,,,,,,,,,,,,,,,ddr4_2x,16755550.0,0.5124286518208859,0.0800114981773631,373170.0,l2,12627.0,0.03383712517083367,191223.0,imp,spmv_imp_stage2_s16_l2_ddr4_2x,11279576.0,,0.00558,5579598150.0,1.1525089605734768,1.6213261648745518,1.0,,stage2,sdist16,0.00558,1.1525089605734768,,,,0.009047,0.35030739807134276,,,,,,,,,,,,,stage2: s16
,spmv,s16_pt8_sth2,,,,,,,,,,0.006737,,0.63311,,,,4826130.0,,,,1980801.0,,,,0.4104325826283171,,,,,,,2612439.0,,,,,1927992.0,150749.0,,,,,,,,,,,3667660.0,,,,654197.0,,,,0.17836904184139207,,,,,,,,,,,,,,,,,,,,,,,,,,,,,,,,,ddr4_1x,17854060.0,0.05770431386149112,0.0761050706254691,2612439.0,l1d,1927992.0,0.7380046002988012,150749.0,imp,spmv_imp_stage2_s16_pt8_sth2_l1d_ddr4_1x,11279581.0,,0.005945,5945401980.0,1.1332211942809085,1.7828427249789742,0.9991589571068124,,stage2,sdist16,0.00594,1.1341750841750842,,,,0.010599,0.07072271351833173,,,,,,,,,,,,,stage2: s16_pt8_sth2
,spmv,s16_pt8_sth2,,,,,,,,,,0.006318,,0.696256,,,,4826629.0,,,,1980859.0,,,,0.41040216681248964,,,,,,,2606457.0,,,,,1927910.0,150733.0,,,,,,,,,,,3667399.0,,,,653802.0,,,,0.17827403017779087,,,,,,,,,,,,,,,,,,,,,,,,,,,,,,,,,ddr4_2x,16234783.0,0.05783061067188141,0.0760947649479342,2606457.0,l1d,1927910.0,0.739666911827051,150733.0,imp,spmv_imp_stage2_s16_pt8_sth2_l1d_ddr4_2x,11279576.0,,0.005406,5406182739.0,1.1687014428412874,1.673510913799482,0.9988901220865704,,stage2,sdist16,0.0054,1.17,,,,0.009047,0.07071381390059636,,,,,,,,,,,,,stage2: s16_pt8_sth2
,spmv,s16_pt8_sth2,,,,,,,,,,0.006899,,0.608473,,,,4827676.0,,,,2387785.0,,,,0.4946034075194773,,,,,,,,,,,,,,,,,,,,,,,,1686940.0,,,,353875.0,,,,0.20977331736754123,,,,,,,366545.0,,,,,12501.0,191810.0,,,,,,,,,,,,,,,,,,,,ddr4_1x,18576937.0,0.523291819558308,0.0803296779232636,366545.0,l2,12501.0,0.03410495300713418,191810.0,imp,spmv_imp_stage2_s16_pt8_sth2_l2_ddr4_1x,11279576.0,,0.006186,6186120021.0,1.1152602651147754,1.7133850630455871,1.0004849660523765,,stage2,sdist16,0.006189,1.1147196639198578,,,,0.010599,0.35150315658301035,,,,,,,,,,,,,stage2: s16_pt8_sth2
,spmv,s16_pt8_sth2,,,,,,,,,,0.006431,,0.674602,,,,4827880.0,,,,2390875.0,,,,0.49522254074252053,,,,,,,,,,,,,,,,,,,,,,,,1687033.0,,,,354593.0,,,,0.21018735258883495,,,,,,,373385.0,,,,,12617.0,191195.0,,,,,,,,,,,,,,,,,,,,ddr4_2x,16755906.0,0.5120585990331695,0.0799686307314267,373385.0,l2,12617.0,0.03379085930072177,191195.0,imp,spmv_imp_stage2_s16_pt8_sth2_l2_ddr4_2x,11279581.0,,0.00558,5579716698.0,1.1525089605734768,1.6213261648745518,1.0,,stage2,sdist16,0.00558,1.1525089605734768,,,,0.009047,0.3503100104802597,,,,,,,,,,,,,stage2: s16_pt8_sth2
,spmv,s16_pt8_sth8,,,,,,,,,,0.006737,,0.632442,,,,4826397.0,,,,1980158.0,,,,0.4102766515062893,,,,,,,2610421.0,,,,,1926191.0,150766.0,,,,,,,,,,,3665817.0,,,,653502.0,,,,0.17826912800066125,,,,,,,,,,,,,,,,,,,,,,,,,,,,,,,,,ddr4_1x,17872898.0,0.05775543485131326,0.0761383687564325,2610421.0,l1d,1926191.0,0.7378851916989635,150766.0,imp,spmv_imp_stage2_s16_pt8_sth8_l1d_ddr4_1x,11279576.0,,0.005952,5951675034.0,1.131888440860215,1.7807459677419357,0.997983870967742,,stage2,sdist16,0.00594,1.1341750841750842,,,,0.010599,0.0707514674385384,,,,,,,,,,,,,stage2: s16_pt8_sth8
,spmv,s16_pt8_sth8,,,,,,,,,,0.006318,,0.695967,,,,4826422.0,,,,1983049.0,,,,0.41087352079863715,,,,,,,2610447.0,,,,,1928344.0,150814.0,,,,,,,,,,,3667960.0,,,,654261.0,,,,0.17837190154745416,,,,,,,,,,,,,,,,,,,,,,,,,,,,,,,,,ddr4_2x,16241539.0,0.057773247263782794,0.0760515751249717,2610447.0,l1d,1928344.0,0.7387026053392388,150814.0,imp,spmv_imp_stage2_s16_pt8_sth8_l1d_ddr4_2x,11279581.0,,0.005408,5408432487.0,1.1682692307692308,1.6728920118343196,0.9985207100591718,,stage2,sdist16,0.0054,1.17,,,,0.009047,0.07067651484654826,,,,,,,,,,,,,stage2: s16_pt8_sth8
,spmv,s16_pt8_sth8,,,,,,,,,,0.006899,,0.608495,,,,4827670.0,,,,2388080.0,,,,0.4946651283124157,,,,,,,,,,,,,,,,,,,,,,,,1686968.0,,,,353912.0,,,,0.20979176842714267,,,,,,,366644.0,,,,,12517.0,191774.0,,,,,,,,,,,,,,,,,,,,ddr4_1x,18576288.0,0.5230523341442925,0.0803046799102207,366644.0,l2,12517.0,0.03413938316186819,191774.0,imp,spmv_imp_stage2_s16_pt8_sth8_l2_ddr4_1x,11279576.0,,0.006186,6185903904.0,1.1152602651147754,1.7133850630455871,1.0004849660523765,,stage2,sdist16,0.006189,1.1147196639198578,,,,0.010599,0.3514365404280117,,,,,,,,,,,,,stage2: s16_pt8_sth8
,spmv,s16_pt8_sth8,,,,,,,,,,0.006431,,0.674236,,,,4827777.0,,,,2390922.0,,,,0.49524284158112525,,,,,,,,,,,,,,,,,,,,,,,,1687004.0,,,,354601.0,,,,0.21019570789399433,,,,,,,373252.0,,,,,12592.0,191225.0,,,,,,,,,,,,,,,,,,,,ddr4_2x,16765005.0,0.5123214343124752,0.0799796061937612,373252.0,l2,12592.0,0.033735921039940844,191225.0,imp,spmv_imp_stage2_s16_pt8_sth8_l2_ddr4_2x,11279576.0,,0.005583,5582746665.0,1.15188966505463,1.6204549525344796,0.9994626544868348,,stage2,sdist16,0.00558,1.1525089605734768,,,,0.009047,0.3503405847284666,,,,,,,,,,,,,stage2: s16_pt8_sth8
,spmv,s16_sth2,,,,,,,,,,0.006737,,0.633399,,,,4826210.0,,,,1979133.0,,,,0.4100801664245858,,,,,,,2606778.0,,,,,1925199.0,150679.0,,,,,,,,,,,3664870.0,,,,653551.0,,,,0.17832856281396067,,,,,,,,,,,,,,,,,,,,,,,,,,,,,,,,,ddr4_1x,17845893.0,0.05780277415261292,0.0761338424451514,2606778.0,l1d,1925199.0,0.7385358477016455,150679.0,imp,spmv_imp_stage2_s16_sth2_l1d_ddr4_1x,11279576.0,,0.005943,5942682369.0,1.1336025576308262,1.7834427057041897,0.9994952044422007,,stage2,sdist16,0.00594,1.1341750841750842,,,,0.010599,0.07074755893947447,,,,,,,,,,,,,stage2: s16_sth2
,spmv,s16_sth2,,,,,,,,,,0.006318,,0.695643,,,,4826485.0,,,,1985164.0,,,,0.41130636477685106,,,,,,,2609279.0,,,,,1929952.0,150565.0,,,,,,,,,,,3669557.0,,,,654449.0,,,,0.17834550601067103,,,,,,,,,,,,,,,,,,,,,,,,,,,,,,,,,ddr4_2x,16249086.0,0.057703679828795616,0.0758451190934351,2609279.0,l1d,1929952.0,0.7396495353697324,150565.0,imp,spmv_imp_stage2_s16_sth2_l1d_ddr4_2x,11279576.0,,0.005411,5410945638.0,1.167621511735354,1.6719645167251893,0.997967104047311,,stage2,sdist16,0.0054,1.17,,,,0.009047,0.07049817650085756,,,,,,,,,,,,,stage2: s16_sth2
,spmv,s16_sth2,,,,,,,,,,0.006899,,0.608395,,,,4827653.0,,,,2387968.0,,,,0.4946436705372155,,,,,,,,,,,,,,,,,,,,,,,,1686964.0,,,,353873.0,,,,0.2097691474151197,,,,,,,366451.0,,,,,12499.0,191796.0,,,,,,,,,,,,,,,,,,,,ddr4_1x,18579320.0,0.5233878472155895,0.0803176591981132,366451.0,l2,12499.0,0.03410824366695684,191796.0,imp,spmv_imp_stage2_s16_sth2_l2_ddr4_1x,11279576.0,,0.006187,6186913560.0,1.115080006465169,1.7131081299498951,1.000323258445127,,stage2,sdist16,0.006189,1.1147196639198578,,,,0.010599,0.3514878067106616,,,,,,,,,,,,,stage2: s16_sth2
,spmv,s16_sth2,,,,,,,,,,0.006431,,0.674602,,,,4827880.0,,,,2390875.0,,,,0.49522254074252053,,,,,,,,,,,,,,,,,,,,,,,,1687033.0,,,,354593.0,,,,0.21018735258883495,,,,,,,373385.0,,,,,12617.0,191195.0,,,,,,,,,,,,,,,,,,,,ddr4_2x,16755906.0,0.5120585990331695,0.0799686307314267,373385.0,l2,12617.0,0.03379085930072177,191195.0,imp,spmv_imp_stage2_s16_sth2_l2_ddr4_2x,11279581.0,,0.00558,5579716698.0,1.1525089605734768,1.6213261648745518,1.0,,stage2,sdist16,0.00558,1.1525089605734768,,,,0.009047,0.3503100104802597,,,,,,,,,,,,,stage2: s16_sth2
,spmv,s16_sth8,,,,,,,,,,0.006737,,0.632442,,,,4826397.0,,,,1980158.0,,,,0.4102766515062893,,,,,,,2610421.0,,,,,1926191.0,150766.0,,,,,,,,,,,3665817.0,,,,653502.0,,,,0.17826912800066125,,,,,,,,,,,,,,,,,,,,,,,,,,,,,,,,,ddr4_1x,17872898.0,0.05775543485131326,0.0761383687564325,2610421.0,l1d,1926191.0,0.7378851916989635,150766.0,imp,spmv_imp_stage2_s16_sth8_l1d_ddr4_1x,11279576.0,,0.005952,5951675034.0,1.131888440860215,1.7807459677419357,0.997983870967742,,stage2,sdist16,0.00594,1.1341750841750842,,,,0.010599,0.0707514674385384,,,,,,,,,,,,,stage2: s16_sth8
,spmv,s16_sth8,,,,,,,,,,0.006318,,0.695967,,,,4826422.0,,,,1983049.0,,,,0.41087352079863715,,,,,,,2610447.0,,,,,1928344.0,150814.0,,,,,,,,,,,3667960.0,,,,654261.0,,,,0.17837190154745416,,,,,,,,,,,,,,,,,,,,,,,,,,,,,,,,,ddr4_2x,16241539.0,0.057773247263782794,0.0760515751249717,2610447.0,l1d,1928344.0,0.7387026053392388,150814.0,imp,spmv_imp_stage2_s16_sth8_l1d_ddr4_2x,11279581.0,,0.005408,5408432487.0,1.1682692307692308,1.6728920118343196,0.9985207100591718,,stage2,sdist16,0.0054,1.17,,,,0.009047,0.07067651484654826,,,,,,,,,,,,,stage2: s16_sth8
,spmv,s16_sth8,,,,,,,,,,0.006899,,0.608495,,,,4827670.0,,,,2388080.0,,,,0.4946651283124157,,,,,,,,,,,,,,,,,,,,,,,,1686968.0,,,,353912.0,,,,0.20979176842714267,,,,,,,366644.0,,,,,12517.0,191774.0,,,,,,,,,,,,,,,,,,,,ddr4_1x,18576288.0,0.5230523341442925,0.0803046799102207,366644.0,l2,12517.0,0.03413938316186819,191774.0,imp,spmv_imp_stage2_s16_sth8_l2_ddr4_1x,11279576.0,,0.006186,6185903904.0,1.1152602651147754,1.7133850630455871,1.0004849660523765,,stage2,sdist16,0.006189,1.1147196639198578,,,,0.010599,0.3514365404280117,,,,,,,,,,,,,stage2: s16_sth8
,spmv,s16_sth8,,,,,,,,,,0.006431,,0.674236,,,,4827777.0,,,,2390922.0,,,,0.49524284158112525,,,,,,,,,,,,,,,,,,,,,,,,1687004.0,,,,354601.0,,,,0.21019570789399433,,,,,,,373252.0,,,,,12592.0,191225.0,,,,,,,,,,,,,,,,,,,,ddr4_2x,16765005.0,0.5123214343124752,0.0799796061937612,373252.0,l2,12592.0,0.033735921039940844,191225.0,imp,spmv_imp_stage2_s16_sth8_l2_ddr4_2x,11279576.0,,0.005583,5582746665.0,1.15188966505463,1.6204549525344796,0.9994626544868348,,stage2,sdist16,0.00558,1.1525089605734768,,,,0.009047,0.3503405847284666,,,,,,,,,,,,,stage2: s16_sth8
,spmv,s2,,,,,,,,,,0.006737,,0.499184,,,,4826591.0,,,,2957031.0,,,,0.6126541486527448,,,,,,,2275786.0,,,,,803633.0,116139.0,,,,,,,,,,,2519534.0,,,,571233.0,,,,0.22672168742315046,,,,,,,,,,,,,,,,,,,,,,,,,,,,,,,,,ddr4_1x,22644088.0,0.05103247844920392,0.0392755436111423,2275786.0,l1d,803633.0,0.3531232725748379,116139.0,imp,spmv_imp_stage2_s2_l1d_ddr4_1x,11279581.0,,0.00754,7540481304.0,0.8935013262599469,1.4057029177718834,0.7877984084880637,,stage2,sdist16,0.00594,1.1341750841750842,,,,0.010599,0.03779127090268355,,,,,,,,,,,,,stage2: s2
,spmv,s2,,,,,,,,,,0.006318,,0.517815,,,,4826379.0,,,,2973461.0,,,,0.616085268065355,,,,,,,2297417.0,,,,,805750.0,115252.0,,,,,,,,,,,2521808.0,,,,571433.0,,,,0.22659655294931255,,,,,,,,,,,,,,,,,,,,,,,,,,,,,,,,,ddr4_2x,21829363.0,0.050165903708382066,0.0387602191520251,2297417.0,l1d,805750.0,0.3507199607211055,115252.0,imp,spmv_imp_stage2_s2_l1d_ddr4_2x,11279576.0,,0.007269,7269177879.0,0.8691704498555509,1.2446003576833127,0.7428807263722658,,stage2,sdist16,0.0054,1.17,,,,0.009047,0.03731392330721566,,,,,,,,,,,,,stage2: s2
,spmv,s2,,,,,,,,,,0.006899,,0.49419,,,,4826519.0,,,,3076622.0,,,,0.6374411869092403,,,,,,,,,,,,,,,,,,,,,,,,1686657.0,,,,416797.0,,,,0.24711426211731252,,,,,,,240285.0,,,,,2960.0,112982.0,,,,,,,,,,,,,,,,,,,,ddr4_1x,22872968.0,0.4701999708679277,0.0367227433204339,240285.0,l2,2960.0,0.012318704871298667,112982.0,imp,spmv_imp_stage2_s2_l2_ddr4_1x,11279590.0,,0.007617,7616698344.0,0.9057371668635946,1.391492713666798,0.8125246159905475,,stage2,sdist16,0.006189,1.1147196639198578,,,,0.010599,0.21326251134907198,,,,,,,,,,,,,stage2: s2
,spmv,s2,,,,,,,,,,0.006431,,0.517456,,,,4826640.0,,,,3107887.0,,,,0.6439027978055127,,,,,,,,,,,,,,,,,,,,,,,,1686671.0,,,,417788.0,,,,0.24769975887413728,,,,,,,242192.0,,,,,2946.0,111898.0,,,,,,,,,,,,,,,,,,,,ddr4_2x,21844490.0,0.4620218669485367,0.0360045265481016,242192.0,l2,2946.0,0.01216390301909229,111898.0,imp,spmv_imp_stage2_s2_l2_ddr4_2x,11279576.0,,0.007274,7274215170.0,0.8841077811383008,1.2437448446521857,0.7671157547429199,,stage2,sdist16,0.00558,1.1525089605734768,,,,0.009047,0.21125345959681774,,,,,,,,,,,,,stage2: s2
,spmv,s2_sth2,,,,,,,,,,0.006737,,0.499029,,,,4826801.0,,,,2956247.0,,,,0.6124650674432196,,,,,,,2275263.0,,,,,803485.0,116271.0,,,,,,,,,,,2519480.0,,,,571037.0,,,,0.22664875291726863,,,,,,,,,,,,,,,,,,,,,,,,,,,,,,,,,ddr4_1x,22651146.0,0.051102224226386134,0.0393306107371948,2275263.0,l1d,803485.0,0.3531393953138604,116271.0,imp,spmv_imp_stage2_s2_sth2_l1d_ddr4_1x,11279581.0,,0.007543,7542831618.0,0.8931459631446373,1.40514384197269,0.787485085509744,,stage2,sdist16,0.00594,1.1341750841750842,,,,0.010599,0.03784225185987519,,,,,,,,,,,,,stage2: s2_sth2
,spmv,s2_sth2,,,,,,,,,,0.006318,,0.517801,,,,4826629.0,,,,2971543.0,,,,0.6156559785307717,,,,,,,2296474.0,,,,,805661.0,115825.0,,,,,,,,,,,2521702.0,,,,571688.0,,,,0.22670720013705029,,,,,,,,,,,,,,,,,,,,,,,,,,,,,,,,,ddr4_2x,21829971.0,0.05043601625796765,0.0389780662773515,2296474.0,l1d,805661.0,0.3508252216223654,115825.0,imp,spmv_imp_stage2_s2_sth2_l1d_ddr4_2x,11279576.0,,0.007269,7269380343.0,0.8691704498555509,1.2446003576833127,0.7428807263722658,,stage2,sdist16,0.0054,1.17,,,,0.009047,0.03751577395373665,,,,,,,,,,,,,stage2: s2_sth2
,spmv,s2_sth2,,,,,,,,,,0.006899,,0.49507,,,,4826487.0,,,,3076474.0,,,,0.6374147490711153,,,,,,,,,,,,,,,,,,,,,,,,1686634.0,,,,416754.0,,,,0.247092137357601,,,,,,,240043.0,,,,,2961.0,113007.0,,,,,,,,,,,,,,,,,,,,ddr4_1x,22832266.0,0.4707781522477223,0.0367326361282429,240043.0,l2,2961.0,0.012335289927221374,113007.0,imp,spmv_imp_stage2_s2_sth2_l2_ddr4_1x,11279576.0,,0.007603,7603144578.0,0.9074049717216888,1.3940549782980403,0.8140207812705511,,stage2,sdist16,0.006189,1.1147196639198578,,,,0.010599,0.21331694858624928,,,,,,,,,,,,,stage2: s2_sth2
,spmv,s2_sth2,,,,,,,,,,0.006431,,0.517963,,,,4826639.0,,,,3105655.0,,,,0.6434404976216369,,,,,,,,,,,,,,,,,,,,,,,,1686680.0,,,,417788.0,,,,0.2476984371665046,,,,,,,242208.0,,,,,2963.0,111923.0,,,,,,,,,,,,,,,,,,,,ddr4_2x,21823121.0,0.46209456335050864,0.0360384524359595,242208.0,l2,2963.0,0.012233287092086141,111923.0,imp,spmv_imp_stage2_s2_sth2_l2_ddr4_2x,11279576.0,,0.007267,7267099293.0,0.8849594055318564,1.2449428925278656,0.7678546855648823,,stage2,sdist16,0.00558,1.1525089605734768,,,,0.009047,0.2112906849206454,,,,,,,,,,,,,stage2: s2_sth2
,spmv,s2_sth8,,,,,,,,,,0.006737,,0.499244,,,,4826528.0,,,,2952639.0,,,,0.6117521746481115,,,,,,,2271233.0,,,,,803786.0,116302.0,,,,,,,,,,,2519725.0,,,,571345.0,,,,0.22674895077835874,,,,,,,,,,,,,,,,,,,,,,,,,,,,,,,,,ddr4_1x,22641373.0,0.051206547280706116,0.0393891701626917,2271233.0,l1d,803786.0,0.3538985211997184,116302.0,imp,spmv_imp_stage2_s2_sth8_l1d_ddr4_1x,11279581.0,,0.00754,7539577209.0,0.8935013262599469,1.4057029177718834,0.7877984084880637,,stage2,sdist16,0.00594,1.1341750841750842,,,,0.010599,0.03789646004924826,,,,,,,,,,,,,stage2: s2_sth8
,spmv,s2_sth8,,,,,,,,,,0.006318,,0.517799,,,,4826513.0,,,,2971000.0,,,,0.6155582715720438,,,,,,,2294176.0,,,,,805565.0,115340.0,,,,,,,,,,,2521599.0,,,,571510.0,,,,0.22664587033862243,,,,,,,,,,,,,,,,,,,,,,,,,,,,,,,,,ddr4_2x,21830028.0,0.05027513146332278,0.0388219454729047,2294176.0,l1d,805565.0,0.35113478652030183,115340.0,imp,spmv_imp_stage2_s2_sth8_l1d_ddr4_2x,11279576.0,,0.007269,7269399324.0,0.8691704498555509,1.2446003576833127,0.7428807263722658,,stage2,sdist16,0.0054,1.17,,,,0.009047,0.03737112566988731,,,,,,,,,,,,,stage2: s2_sth8
,spmv,s2_sth8,,,,,,,,,,0.006899,,0.495208,,,,4826352.0,,,,3075012.0,,,,0.6371296581766104,,,,,,,,,,,,,,,,,,,,,,,,1686651.0,,,,416677.0,,,,0.24704399428216034,,,,,,,240075.0,,,,,2939.0,113073.0,,,,,,,,,,,,,,,,,,,,ddr4_1x,22825904.0,0.470990315526398,0.0367715638182875,240075.0,l2,2939.0,0.012242007705925232,113073.0,imp,spmv_imp_stage2_s2_sth8_l2_ddr4_1x,11279576.0,,0.007601,7601026032.0,0.9076437310880148,1.3944217866070254,0.8142349690830154,,stage2,sdist16,0.006189,1.1147196639198578,,,,0.010599,0.21344596507786692,,,,,,,,,,,,,stage2: s2_sth8
,spmv,s2_sth8,,,,,,,,,,0.006431,,0.518011,,,,4826712.0,,,,3105847.0,,,,0.6434705447517897,,,,,,,,,,,,,,,,,,,,,,,,1686686.0,,,,417827.0,,,,0.2477206783005254,,,,,,,242255.0,,,,,2957.0,111876.0,,,,,,,,,,,,,,,,,,,,ddr4_2x,21821110.0,0.46181090173577427,0.0360210918309884,242255.0,l2,2957.0,0.012206146415966646,111876.0,imp,spmv_imp_stage2_s2_sth8_l2_ddr4_2x,11279576.0,,0.007266,7266429630.0,0.8850812001101018,1.2451142306633636,0.7679603633360859,,stage2,sdist16,0.00558,1.1525089605734768,,,,0.009047,0.2112051470352254,,,,,,,,,,,,,stage2: s2_sth8
,spmv,s8_dist32_addr8,,,,,,,,,,0.006737,,0.608246,,,,4826857.0,,,,2119154.0,,,,0.4390339303608953,,,,,,,2374613.0,,,,,1652823.0,153742.0,,,,,,,,,,,3387987.0,,,,631344.0,,,,0.18634782246803192,,,,,,,,,,,,,,,,,,,,,,,,,,,,,,,,,ddr4_1x,18583890.0,0.06474402355246939,0.0725487623834794,2374613.0,l1d,1652823.0,0.6960388913898812,153742.0,imp,spmv_imp_stage2_s8_dist32_addr8_l1d_ddr4_1x,11279581.0,,0.006188,6188435370.0,1.0887201034259857,1.7128312863606983,0.9599224305106658,,stage2,sdist16,0.00594,1.1341750841750842,,,,0.010599,0.06764145829813595,,,,,,,,,,,,,stage2: s8_dist32_addr8
,spmv,s8_dist32_addr8,,,,,,,,,,0.006318,,0.659088,,,,4827007.0,,,,2112064.0,,,,0.437551468228656,,,,,,,2376714.0,,,,,1659594.0,153854.0,,,,,,,,,,,3394885.0,,,,632113.0,,,,0.18619570324178875,,,,,,,,,,,,,,,,,,,,,,,,,,,,,,,,,ddr4_2x,17150324.0,0.0647339141352304,0.0728453304445319,2376714.0,l1d,1659594.0,0.6982724888228032,153854.0,imp,spmv_imp_stage2_s8_dist32_addr8_l1d_ddr4_2x,11279581.0,,0.005711,5711057892.0,1.106286114515847,1.5841358781299246,0.9455436876203818,,stage2,sdist16,0.0054,1.17,,,,0.009047,0.06789919140939787,,,,,,,,,,,,,stage2: s8_dist32_addr8
,spmv,s8_dist32_addr8,,,,,,,,,,0.006899,,0.57921,,,,4827267.0,,,,2574527.0,,,,0.533330143122392,,,,,,,,,,,,,,,,,,,,,,,,1686945.0,,,,367239.0,,,,0.2176947084819007,,,,,,,341659.0,,,,,8190.0,172921.0,,,,,,,,,,,,,,,,,,,,ddr4_1x,19515516.0,0.5061216007773833,0.0671661241074574,341659.0,l2,8190.0,0.023971269599220274,172921.0,imp,spmv_imp_stage2_s8_dist32_addr8_l2_ddr4_1x,11279590.0,,0.006499,6498666828.0,1.0615479304508386,1.6308662871210957,0.9523003539006002,,stage2,sdist16,0.006189,1.1147196639198578,,,,0.010599,0.320129220971564,,,,,,,,,,,,,stage2: s8_dist32_addr8
,spmv,s8_dist32_addr8,,,,,,,,,,0.006431,,0.625847,,,,4827308.0,,,,2566000.0,,,,0.5315592044261522,,,,,,,,,,,,,,,,,,,,,,,,1686960.0,,,,367461.0,,,,0.21782437046521552,,,,,,,344305.0,,,,,8224.0,172643.0,,,,,,,,,,,,,,,,,,,,ddr4_2x,18061254.0,0.5014246089949318,0.0672809820732657,344305.0,l2,8224.0,0.023885798928275803,172643.0,imp,spmv_imp_stage2_s8_dist32_addr8_l2_ddr4_2x,11279581.0,,0.006014,6014397582.0,1.06933821084137,1.5043232457598934,0.9278350515463916,,stage2,sdist16,0.00558,1.1525089605734768,,,,0.009047,0.3196476974804852,,,,,,,,,,,,,stage2: s8_dist32_addr8
,spmv,s8_dist8_addr8,,,,,,,,,,0.006737,,0.608246,,,,4826857.0,,,,2119154.0,,,,0.4390339303608953,,,,,,,2374613.0,,,,,1652823.0,153742.0,,,,,,,,,,,3387987.0,,,,631344.0,,,,0.18634782246803192,,,,,,,,,,,,,,,,,,,,,,,,,,,,,,,,,ddr4_1x,18583890.0,0.06474402355246939,0.0725487623834794,2374613.0,l1d,1652823.0,0.6960388913898812,153742.0,imp,spmv_imp_stage2_s8_dist8_addr8_l1d_ddr4_1x,11279581.0,,0.006188,6188435370.0,1.0887201034259857,1.7128312863606983,0.9599224305106658,,stage2,sdist16,0.00594,1.1341750841750842,,,,0.010599,0.06764145829813595,,,,,,,,,,,,,stage2: s8_dist8_addr8
,spmv,s8_dist8_addr8,,,,,,,,,,0.006318,,0.659088,,,,4827007.0,,,,2112064.0,,,,0.437551468228656,,,,,,,2376714.0,,,,,1659594.0,153854.0,,,,,,,,,,,3394885.0,,,,632113.0,,,,0.18619570324178875,,,,,,,,,,,,,,,,,,,,,,,,,,,,,,,,,ddr4_2x,17150324.0,0.0647339141352304,0.0728453304445319,2376714.0,l1d,1659594.0,0.6982724888228032,153854.0,imp,spmv_imp_stage2_s8_dist8_addr8_l1d_ddr4_2x,11279581.0,,0.005711,5711057892.0,1.106286114515847,1.5841358781299246,0.9455436876203818,,stage2,sdist16,0.0054,1.17,,,,0.009047,0.06789919140939787,,,,,,,,,,,,,stage2: s8_dist8_addr8
,spmv,s8_dist8_addr8,,,,,,,,,,0.006899,,0.57921,,,,4827267.0,,,,2574527.0,,,,0.533330143122392,,,,,,,,,,,,,,,,,,,,,,,,1686945.0,,,,367239.0,,,,0.2176947084819007,,,,,,,341659.0,,,,,8190.0,172921.0,,,,,,,,,,,,,,,,,,,,ddr4_1x,19515516.0,0.5061216007773833,0.0671661241074574,341659.0,l2,8190.0,0.023971269599220274,172921.0,imp,spmv_imp_stage2_s8_dist8_addr8_l2_ddr4_1x,11279590.0,,0.006499,6498666828.0,1.0615479304508386,1.6308662871210957,0.9523003539006002,,stage2,sdist16,0.006189,1.1147196639198578,,,,0.010599,0.320129220971564,,,,,,,,,,,,,stage2: s8_dist8_addr8
,spmv,s8_dist8_addr8,,,,,,,,,,0.006431,,0.625847,,,,4827308.0,,,,2566000.0,,,,0.5315592044261522,,,,,,,,,,,,,,,,,,,,,,,,1686960.0,,,,367461.0,,,,0.21782437046521552,,,,,,,344305.0,,,,,8224.0,172643.0,,,,,,,,,,,,,,,,,,,,ddr4_2x,18061254.0,0.5014246089949318,0.0672809820732657,344305.0,l2,8224.0,0.023885798928275803,172643.0,imp,spmv_imp_stage2_s8_dist8_addr8_l2_ddr4_2x,11279581.0,,0.006014,6014397582.0,1.06933821084137,1.5043232457598934,0.9278350515463916,,stage2,sdist16,0.00558,1.1525089605734768,,,,0.009047,0.3196476974804852,,,,,,,,,,,,,stage2: s8_dist8_addr8
,spmv,s8_ipd16_addr16,,,,,,,,,,0.006737,,0.608246,,,,4826857.0,,,,2119154.0,,,,0.4390339303608953,,,,,,,2374613.0,,,,,1652823.0,153742.0,,,,,,,,,,,3387987.0,,,,631344.0,,,,0.18634782246803192,,,,,,,,,,,,,,,,,,,,,,,,,,,,,,,,,ddr4_1x,18583890.0,0.06474402355246939,0.0725487623834794,2374613.0,l1d,1652823.0,0.6960388913898812,153742.0,imp,spmv_imp_stage2_s8_ipd16_addr16_l1d_ddr4_1x,11279581.0,,0.006188,6188435370.0,1.0887201034259857,1.7128312863606983,0.9599224305106658,,stage2,sdist16,0.00594,1.1341750841750842,,,,0.010599,0.06764145829813595,,,,,,,,,,,,,stage2: s8_ipd16_addr16
,spmv,s8_ipd16_addr16,,,,,,,,,,0.006318,,0.659088,,,,4827007.0,,,,2112064.0,,,,0.437551468228656,,,,,,,2376714.0,,,,,1659594.0,153854.0,,,,,,,,,,,3394885.0,,,,632113.0,,,,0.18619570324178875,,,,,,,,,,,,,,,,,,,,,,,,,,,,,,,,,ddr4_2x,17150324.0,0.0647339141352304,0.0728453304445319,2376714.0,l1d,1659594.0,0.6982724888228032,153854.0,imp,spmv_imp_stage2_s8_ipd16_addr16_l1d_ddr4_2x,11279581.0,,0.005711,5711057892.0,1.106286114515847,1.5841358781299246,0.9455436876203818,,stage2,sdist16,0.0054,1.17,,,,0.009047,0.06789919140939787,,,,,,,,,,,,,stage2: s8_ipd16_addr16
,spmv,s8_ipd16_addr16,,,,,,,,,,0.006899,,0.57921,,,,4827267.0,,,,2574527.0,,,,0.533330143122392,,,,,,,,,,,,,,,,,,,,,,,,1686945.0,,,,367239.0,,,,0.2176947084819007,,,,,,,341659.0,,,,,8190.0,172921.0,,,,,,,,,,,,,,,,,,,,ddr4_1x,19515516.0,0.5061216007773833,0.0671661241074574,341659.0,l2,8190.0,0.023971269599220274,172921.0,imp,spmv_imp_stage2_s8_ipd16_addr16_l2_ddr4_1x,11279590.0,,0.006499,6498666828.0,1.0615479304508386,1.6308662871210957,0.9523003539006002,,stage2,sdist16,0.006189,1.1147196639198578,,,,0.010599,0.320129220971564,,,,,,,,,,,,,stage2: s8_ipd16_addr16
,spmv,s8_ipd16_addr16,,,,,,,,,,0.006431,,0.625847,,,,4827308.0,,,,2566000.0,,,,0.5315592044261522,,,,,,,,,,,,,,,,,,,,,,,,1686960.0,,,,367461.0,,,,0.21782437046521552,,,,,,,344305.0,,,,,8224.0,172643.0,,,,,,,,,,,,,,,,,,,,ddr4_2x,18061254.0,0.5014246089949318,0.0672809820732657,344305.0,l2,8224.0,0.023885798928275803,172643.0,imp,spmv_imp_stage2_s8_ipd16_addr16_l2_ddr4_2x,11279581.0,,0.006014,6014397582.0,1.06933821084137,1.5043232457598934,0.9278350515463916,,stage2,sdist16,0.00558,1.1525089605734768,,,,0.009047,0.3196476974804852,,,,,,,,,,,,,stage2: s8_ipd16_addr16
,spmv,s8_ipd16_pt32,,,,,,,,,,0.006737,,0.608246,,,,4826857.0,,,,2119154.0,,,,0.4390339303608953,,,,,,,2374613.0,,,,,1652823.0,153742.0,,,,,,,,,,,3387987.0,,,,631344.0,,,,0.18634782246803192,,,,,,,,,,,,,,,,,,,,,,,,,,,,,,,,,ddr4_1x,18583890.0,0.06474402355246939,0.0725487623834794,2374613.0,l1d,1652823.0,0.6960388913898812,153742.0,imp,spmv_imp_stage2_s8_ipd16_pt32_l1d_ddr4_1x,11279581.0,,0.006188,6188435370.0,1.0887201034259857,1.7128312863606983,0.9599224305106658,,stage2,sdist16,0.00594,1.1341750841750842,,,,0.010599,0.06764145829813595,,,,,,,,,,,,,stage2: s8_ipd16_pt32
,spmv,s8_ipd16_pt32,,,,,,,,,,0.006318,,0.659088,,,,4827007.0,,,,2112064.0,,,,0.437551468228656,,,,,,,2376714.0,,,,,1659594.0,153854.0,,,,,,,,,,,3394885.0,,,,632113.0,,,,0.18619570324178875,,,,,,,,,,,,,,,,,,,,,,,,,,,,,,,,,ddr4_2x,17150324.0,0.0647339141352304,0.0728453304445319,2376714.0,l1d,1659594.0,0.6982724888228032,153854.0,imp,spmv_imp_stage2_s8_ipd16_pt32_l1d_ddr4_2x,11279581.0,,0.005711,5711057892.0,1.106286114515847,1.5841358781299246,0.9455436876203818,,stage2,sdist16,0.0054,1.17,,,,0.009047,0.06789919140939787,,,,,,,,,,,,,stage2: s8_ipd16_pt32
,spmv,s8_ipd16_pt32,,,,,,,,,,0.006899,,0.57921,,,,4827267.0,,,,2574527.0,,,,0.533330143122392,,,,,,,,,,,,,,,,,,,,,,,,1686945.0,,,,367239.0,,,,0.2176947084819007,,,,,,,341659.0,,,,,8190.0,172921.0,,,,,,,,,,,,,,,,,,,,ddr4_1x,19515516.0,0.5061216007773833,0.0671661241074574,341659.0,l2,8190.0,0.023971269599220274,172921.0,imp,spmv_imp_stage2_s8_ipd16_pt32_l2_ddr4_1x,11279590.0,,0.006499,6498666828.0,1.0615479304508386,1.6308662871210957,0.9523003539006002,,stage2,sdist16,0.006189,1.1147196639198578,,,,0.010599,0.320129220971564,,,,,,,,,,,,,stage2: s8_ipd16_pt32
,spmv,s8_ipd16_pt32,,,,,,,,,,0.006431,,0.625847,,,,4827308.0,,,,2566000.0,,,,0.5315592044261522,,,,,,,,,,,,,,,,,,,,,,,,1686960.0,,,,367461.0,,,,0.21782437046521552,,,,,,,344305.0,,,,,8224.0,172643.0,,,,,,,,,,,,,,,,,,,,ddr4_2x,18061254.0,0.5014246089949318,0.0672809820732657,344305.0,l2,8224.0,0.023885798928275803,172643.0,imp,spmv_imp_stage2_s8_ipd16_pt32_l2_ddr4_2x,11279581.0,,0.006014,6014397582.0,1.06933821084137,1.5043232457598934,0.9278350515463916,,stage2,sdist16,0.00558,1.1525089605734768,,,,0.009047,0.3196476974804852,,,,,,,,,,,,,stage2: s8_ipd16_pt32
,spmv,s8_ipd8_addr8,,,,,,,,,,0.006737,,0.608246,,,,4826857.0,,,,2119154.0,,,,0.4390339303608953,,,,,,,2374613.0,,,,,1652823.0,153742.0,,,,,,,,,,,3387987.0,,,,631344.0,,,,0.18634782246803192,,,,,,,,,,,,,,,,,,,,,,,,,,,,,,,,,ddr4_1x,18583890.0,0.06474402355246939,0.0725487623834794,2374613.0,l1d,1652823.0,0.6960388913898812,153742.0,imp,spmv_imp_stage2_s8_ipd8_addr8_l1d_ddr4_1x,11279581.0,,0.006188,6188435370.0,1.0887201034259857,1.7128312863606983,0.9599224305106658,,stage2,sdist16,0.00594,1.1341750841750842,,,,0.010599,0.06764145829813595,,,,,,,,,,,,,stage2: s8_ipd8_addr8
,spmv,s8_ipd8_addr8,,,,,,,,,,0.006318,,0.659088,,,,4827007.0,,,,2112064.0,,,,0.437551468228656,,,,,,,2376714.0,,,,,1659594.0,153854.0,,,,,,,,,,,3394885.0,,,,632113.0,,,,0.18619570324178875,,,,,,,,,,,,,,,,,,,,,,,,,,,,,,,,,ddr4_2x,17150324.0,0.0647339141352304,0.0728453304445319,2376714.0,l1d,1659594.0,0.6982724888228032,153854.0,imp,spmv_imp_stage2_s8_ipd8_addr8_l1d_ddr4_2x,11279581.0,,0.005711,5711057892.0,1.106286114515847,1.5841358781299246,0.9455436876203818,,stage2,sdist16,0.0054,1.17,,,,0.009047,0.06789919140939787,,,,,,,,,,,,,stage2: s8_ipd8_addr8
,spmv,s8_ipd8_addr8,,,,,,,,,,0.006899,,0.57921,,,,4827267.0,,,,2574527.0,,,,0.533330143122392,,,,,,,,,,,,,,,,,,,,,,,,1686945.0,,,,367239.0,,,,0.2176947084819007,,,,,,,341659.0,,,,,8190.0,172921.0,,,,,,,,,,,,,,,,,,,,ddr4_1x,19515516.0,0.5061216007773833,0.0671661241074574,341659.0,l2,8190.0,0.023971269599220274,172921.0,imp,spmv_imp_stage2_s8_ipd8_addr8_l2_ddr4_1x,11279590.0,,0.006499,6498666828.0,1.0615479304508386,1.6308662871210957,0.9523003539006002,,stage2,sdist16,0.006189,1.1147196639198578,,,,0.010599,0.320129220971564,,,,,,,,,,,,,stage2: s8_ipd8_addr8
,spmv,s8_ipd8_addr8,,,,,,,,,,0.006431,,0.625847,,,,4827308.0,,,,2566000.0,,,,0.5315592044261522,,,,,,,,,,,,,,,,,,,,,,,,1686960.0,,,,367461.0,,,,0.21782437046521552,,,,,,,344305.0,,,,,8224.0,172643.0,,,,,,,,,,,,,,,,,,,,ddr4_2x,18061254.0,0.5014246089949318,0.0672809820732657,344305.0,l2,8224.0,0.023885798928275803,172643.0,imp,spmv_imp_stage2_s8_ipd8_addr8_l2_ddr4_2x,11279581.0,,0.006014,6014397582.0,1.06933821084137,1.5043232457598934,0.9278350515463916,,stage2,sdist16,0.00558,1.1525089605734768,,,,0.009047,0.3196476974804852,,,,,,,,,,,,,stage2: s8_ipd8_addr8
,spmv,s8,,,,,,,,,,0.006737,,0.608246,,,,4826857.0,,,,2119154.0,,,,0.4390339303608953,,,,,,,2374613.0,,,,,1652823.0,153742.0,,,,,,,,,,,3387987.0,,,,631344.0,,,,0.18634782246803192,,,,,,,,,,,,,,,,,,,,,,,,,,,,,,,,,ddr4_1x,18583890.0,0.06474402355246939,0.0725487623834794,2374613.0,l1d,1652823.0,0.6960388913898812,153742.0,imp,spmv_imp_stage2_s8_l1d_ddr4_1x,11279581.0,,0.006188,6188435370.0,1.0887201034259857,1.7128312863606983,0.9599224305106658,,stage2,sdist16,0.00594,1.1341750841750842,,,,0.010599,0.06764145829813595,,,,,,,,,,,,,stage2: s8
,spmv,s8,,,,,,,,,,0.006318,,0.659088,,,,4827007.0,,,,2112064.0,,,,0.437551468228656,,,,,,,2376714.0,,,,,1659594.0,153854.0,,,,,,,,,,,3394885.0,,,,632113.0,,,,0.18619570324178875,,,,,,,,,,,,,,,,,,,,,,,,,,,,,,,,,ddr4_2x,17150324.0,0.0647339141352304,0.0728453304445319,2376714.0,l1d,1659594.0,0.6982724888228032,153854.0,imp,spmv_imp_stage2_s8_l1d_ddr4_2x,11279581.0,,0.005711,5711057892.0,1.106286114515847,1.5841358781299246,0.9455436876203818,,stage2,sdist16,0.0054,1.17,,,,0.009047,0.06789919140939787,,,,,,,,,,,,,stage2: s8
,spmv,s8,,,,,,,,,,0.006899,,0.57921,,,,4827267.0,,,,2574527.0,,,,0.533330143122392,,,,,,,,,,,,,,,,,,,,,,,,1686945.0,,,,367239.0,,,,0.2176947084819007,,,,,,,341659.0,,,,,8190.0,172921.0,,,,,,,,,,,,,,,,,,,,ddr4_1x,19515516.0,0.5061216007773833,0.0671661241074574,341659.0,l2,8190.0,0.023971269599220274,172921.0,imp,spmv_imp_stage2_s8_l2_ddr4_1x,11279590.0,,0.006499,6498666828.0,1.0615479304508386,1.6308662871210957,0.9523003539006002,,stage2,sdist16,0.006189,1.1147196639198578,,,,0.010599,0.320129220971564,,,,,,,,,,,,,stage2: s8
,spmv,s8,,,,,,,,,,0.006431,,0.625847,,,,4827308.0,,,,2566000.0,,,,0.5315592044261522,,,,,,,,,,,,,,,,,,,,,,,,1686960.0,,,,367461.0,,,,0.21782437046521552,,,,,,,344305.0,,,,,8224.0,172643.0,,,,,,,,,,,,,,,,,,,,ddr4_2x,18061254.0,0.5014246089949318,0.0672809820732657,344305.0,l2,8224.0,0.023885798928275803,172643.0,imp,spmv_imp_stage2_s8_l2_ddr4_2x,11279581.0,,0.006014,6014397582.0,1.06933821084137,1.5043232457598934,0.9278350515463916,,stage2,sdist16,0.00558,1.1525089605734768,,,,0.009047,0.3196476974804852,,,,,,,,,,,,,stage2: s8
,spmv,s8_pt8_sth2,,,,,,,,,,0.006737,,0.607846,,,,4826949.0,,,,2120227.0,,,,0.4392478561509558,,,,,,,2378325.0,,,,,1652616.0,153907.0,,,,,,,,,,,3387906.0,,,,631614.0,,,,0.18643197302404493,,,,,,,,,,,,,,,,,,,,,,,,,,,,,,,,,ddr4_1x,18596131.0,0.06471235007831141,0.0725898689149793,2378325.0,l1d,1652616.0,0.6948655040837565,153907.0,imp,spmv_imp_stage2_s8_pt8_sth2_l1d_ddr4_1x,11279581.0,,0.006193,6192511623.0,1.0878411109316972,1.7114484094945908,0.9591474245115452,,stage2,sdist16,0.00594,1.1341750841750842,,,,0.010599,0.06767719052615194,,,,,,,,,,,,,stage2: s8_pt8_sth2
,spmv,s8_pt8_sth2,,,,,,,,,,0.006318,,0.658699,,,,4827134.0,,,,2113940.0,,,,0.43792859282547364,,,,,,,2377335.0,,,,,1658867.0,154000.0,,,,,,,,,,,3394051.0,,,,631819.0,,,,0.18615483385488316,,,,,,,,,,,,,,,,,,,,,,,,,,,,,,,,,ddr4_2x,17160438.0,0.06477841785023987,0.072849749756379,2377335.0,l1d,1658867.0,0.6977842836621679,154000.0,imp,spmv_imp_stage2_s8_pt8_sth2_l1d_ddr4_2x,11279576.0,,0.005714,5714425854.0,1.105705285264263,1.5833041652082602,0.945047252362618,,stage2,sdist16,0.0054,1.17,,,,0.009047,0.06790303094438124,,,,,,,,,,,,,stage2: s8_pt8_sth2
,spmv,s8_pt8_sth2,,,,,,,,,,0.006899,,0.579259,,,,4827282.0,,,,2574177.0,,,,0.5332559813161941,,,,,,,,,,,,,,,,,,,,,,,,1686980.0,,,,367238.0,,,,0.21768959916537245,,,,,,,341635.0,,,,,8239.0,172883.0,,,,,,,,,,,,,,,,,,,,ddr4_1x,19513833.0,0.5060459262077949,0.067160494402677,341635.0,l2,8239.0,0.024116381518287062,172883.0,imp,spmv_imp_stage2_s8_pt8_sth2_l2_ddr4_1x,11279576.0,,0.006498,6498106389.0,1.061711295783318,1.631117266851339,0.9524469067405356,,stage2,sdist16,0.006189,1.1147196639198578,,,,0.010599,0.32008198163004214,,,,,,,,,,,,,stage2: s8_pt8_sth2
,spmv,s8_pt8_sth2,,,,,,,,,,0.006431,,0.626258,,,,4827394.0,,,,2565468.0,,,,0.5314395303138713,,,,,,,,,,,,,,,,,,,,,,,,1686965.0,,,,367314.0,,,,0.21773658611767285,,,,,,,343527.0,,,,,8216.0,172756.0,,,,,,,,,,,,,,,,,,,,ddr4_2x,18049375.0,0.5028891469957237,0.0673389806460263,343527.0,l2,8216.0,0.023916606263845345,172756.0,imp,spmv_imp_stage2_s8_pt8_sth2_l2_ddr4_2x,11279576.0,,0.00601,6010441875.0,1.0700499168053246,1.505324459234609,0.9284525790349418,,stage2,sdist16,0.00558,1.1525089605734768,,,,0.009047,0.3198770529746144,,,,,,,,,,,,,stage2: s8_pt8_sth2
,spmv,s8_pt8_sth8,,,,,,,,,,0.006737,,0.608257,,,,4826694.0,,,,2120783.0,,,,0.439386254856844,,,,,,,2376225.0,,,,,1650847.0,153630.0,,,,,,,,,,,3385995.0,,,,631352.0,,,,0.18645981461874575,,,,,,,,,,,,,,,,,,,,,,,,,,,,,,,,,ddr4_1x,18583550.0,0.064652968468895,0.0724402260863086,2376225.0,l1d,1650847.0,0.6947351366137466,153630.0,imp,spmv_imp_stage2_s8_pt8_sth8_l1d_ddr4_1x,11279581.0,,0.006188,6188322150.0,1.0887201034259857,1.7128312863606983,0.9599224305106658,,stage2,sdist16,0.00594,1.1341750841750842,,,,0.010599,0.06754709896575511,,,,,,,,,,,,,stage2: s8_pt8_sth8
,spmv,s8_pt8_sth8,,,,,,,,,,0.006318,,0.658643,,,,4827136.0,,,,2114886.0,,,,0.4381243867999576,,,,,,,2377786.0,,,,,1659002.0,153874.0,,,,,,,,,,,3394262.0,,,,632113.0,,,,0.18622987854208073,,,,,,,,,,,,,,,,,,,,,,,,,,,,,,,,,ddr4_2x,17161920.0,0.0647131407115695,0.0727575859880863,2377786.0,l1d,1659002.0,0.6977087088577357,153874.0,imp,spmv_imp_stage2_s8_pt8_sth8_l1d_ddr4_2x,11279576.0,,0.005715,5714919360.0,1.1055118110236222,1.5830271216097989,0.9448818897637796,,stage2,sdist16,0.0054,1.17,,,,0.009047,0.06782295174456532,,,,,,,,,,,,,stage2: s8_pt8_sth8
,spmv,s8_pt8_sth8,,,,,,,,,,0.006899,,0.579282,,,,4827335.0,,,,2573145.0,,,,0.5330363440697611,,,,,,,,,,,,,,,,,,,,,,,,1686964.0,,,,367244.0,,,,0.217695220526342,,,,,,,341755.0,,,,,8225.0,172896.0,,,,,,,,,,,,,,,,,,,,ddr4_1x,19513074.0,0.5059062778891311,0.0671924823513638,341755.0,l2,8225.0,0.024066948545010316,172896.0,imp,spmv_imp_stage2_s8_pt8_sth8_l2_ddr4_1x,11279576.0,,0.006498,6497853642.0,1.061711295783318,1.631117266851339,0.9524469067405356,,stage2,sdist16,0.006189,1.1147196639198578,,,,0.010599,0.3200947902395675,,,,,,,,,,,,,stage2: s8_pt8_sth8
,spmv,s8_pt8_sth8,,,,,,,,,,0.006431,,0.625799,,,,4827187.0,,,,2566636.0,,,,0.5317042824319836,,,,,,,,,,,,,,,,,,,,,,,,1686907.0,,,,367503.0,,,,0.21785611180699352,,,,,,,344545.0,,,,,8200.0,172613.0,,,,,,,,,,,,,,,,,,,,ddr4_2x,18062637.0,0.5009882598789708,0.0672526217196361,344545.0,l2,8200.0,0.02379950369327664,172613.0,imp,spmv_imp_stage2_s8_pt8_sth8_l2_ddr4_2x,11279581.0,,0.006015,6014858121.0,1.0691604322527015,1.5040731504571903,0.9276807980049876,,stage2,sdist16,0.00558,1.1525089605734768,,,,0.009047,0.3195850520999193,,,,,,,,,,,,,stage2: s8_pt8_sth8
,spmv,s8_sth2,,,,,,,,,,0.006737,,0.608792,,,,4826918.0,,,,2117712.0,,,,0.43872964073555837,,,,,,,2376929.0,,,,,1654555.0,153813.0,,,,,,,,,,,3389889.0,,,,631141.0,,,,0.1861833824057366,,,,,,,,,,,,,,,,,,,,,,,,,,,,,,,,,ddr4_1x,18567213.0,0.0647108096203126,0.0726316892948616,2376929.0,l1d,1654555.0,0.6960893657320012,153813.0,imp,spmv_imp_stage2_s8_sth2_l1d_ddr4_1x,11279576.0,,0.006183,6182881929.0,1.0896005175481158,1.7142163998059194,0.960698689956332,,stage2,sdist16,0.00594,1.1341750841750842,,,,0.010599,0.06771354046290487,,,,,,,,,,,,,stage2: s8_sth2
,spmv,s8_sth2,,,,,,,,,,0.006318,,0.658686,,,,4827133.0,,,,2113939.0,,,,0.4379284763854652,,,,,,,2377335.0,,,,,1658867.0,154000.0,,,,,,,,,,,3394056.0,,,,631824.0,,,,0.18615603278201656,,,,,,,,,,,,,,,,,,,,,,,,,,,,,,,,,ddr4_2x,17160789.0,0.06477841785023987,0.072849784217993,2377335.0,l1d,1658867.0,0.6977842836621679,154000.0,imp,spmv_imp_stage2_s8_sth2_l1d_ddr4_2x,11279581.0,,0.005715,5714542737.0,1.1055118110236222,1.5830271216097989,0.9448818897637796,,stage2,sdist16,0.0054,1.17,,,,0.009047,0.06790306088479452,,,,,,,,,,,,,stage2: s8_sth2
,spmv,s8_sth2,,,,,,,,,,0.006899,,0.580051,,,,4827333.0,,,,2574139.0,,,,0.5332424757107082,,,,,,,,,,,,,,,,,,,,,,,,1686918.0,,,,367223.0,,,,0.21768870804627136,,,,,,,341521.0,,,,,8215.0,172937.0,,,,,,,,,,,,,,,,,,,,ddr4_1x,19487200.0,0.506372960959941,0.0671824637286486,341521.0,l2,8215.0,0.024054157723829576,172937.0,imp,spmv_imp_stage2_s8_sth2_l2_ddr4_1x,11279576.0,,0.006489,6489237600.0,1.0631838495916166,1.6333795654184005,0.9537679149329636,,stage2,sdist16,0.006189,1.1147196639198578,,,,0.010599,0.32015884182464455,,,,,,,,,,,,,stage2: s8_sth2
,spmv,s8_sth2,,,,,,,,,,0.006431,,0.626258,,,,4827394.0,,,,2565468.0,,,,0.5314395303138713,,,,,,,,,,,,,,,,,,,,,,,,1686965.0,,,,367314.0,,,,0.21773658611767285,,,,,,,343527.0,,,,,8216.0,172756.0,,,,,,,,,,,,,,,,,,,,ddr4_2x,18049375.0,0.5028891469957237,0.0673389806460263,343527.0,l2,8216.0,0.023916606263845345,172756.0,imp,spmv_imp_stage2_s8_sth2_l2_ddr4_2x,11279576.0,,0.00601,6010441875.0,1.0700499168053246,1.505324459234609,0.9284525790349418,,stage2,sdist16,0.00558,1.1525089605734768,,,,0.009047,0.3198770529746144,,,,,,,,,,,,,stage2: s8_sth2
,spmv,s8_sth8,,,,,,,,,,0.006737,,0.608257,,,,4826694.0,,,,2120783.0,,,,0.439386254856844,,,,,,,2376225.0,,,,,1650847.0,153630.0,,,,,,,,,,,3385995.0,,,,631352.0,,,,0.18645981461874575,,,,,,,,,,,,,,,,,,,,,,,,,,,,,,,,,ddr4_1x,18583550.0,0.064652968468895,0.0724402260863086,2376225.0,l1d,1650847.0,0.6947351366137466,153630.0,imp,spmv_imp_stage2_s8_sth8_l1d_ddr4_1x,11279581.0,,0.006188,6188322150.0,1.0887201034259857,1.7128312863606983,0.9599224305106658,,stage2,sdist16,0.00594,1.1341750841750842,,,,0.010599,0.06754709896575511,,,,,,,,,,,,,stage2: s8_sth8
,spmv,s8_sth8,,,,,,,,,,0.006318,,0.658643,,,,4827136.0,,,,2114886.0,,,,0.4381243867999576,,,,,,,2377786.0,,,,,1659002.0,153874.0,,,,,,,,,,,3394262.0,,,,632113.0,,,,0.18622987854208073,,,,,,,,,,,,,,,,,,,,,,,,,,,,,,,,,ddr4_2x,17161920.0,0.0647131407115695,0.0727575859880863,2377786.0,l1d,1659002.0,0.6977087088577357,153874.0,imp,spmv_imp_stage2_s8_sth8_l1d_ddr4_2x,11279576.0,,0.005715,5714919360.0,1.1055118110236222,1.5830271216097989,0.9448818897637796,,stage2,sdist16,0.0054,1.17,,,,0.009047,0.06782295174456532,,,,,,,,,,,,,stage2: s8_sth8
,spmv,s8_sth8,,,,,,,,,,0.006899,,0.579282,,,,4827335.0,,,,2573145.0,,,,0.5330363440697611,,,,,,,,,,,,,,,,,,,,,,,,1686964.0,,,,367244.0,,,,0.217695220526342,,,,,,,341755.0,,,,,8225.0,172896.0,,,,,,,,,,,,,,,,,,,,ddr4_1x,19513074.0,0.5059062778891311,0.0671924823513638,341755.0,l2,8225.0,0.024066948545010316,172896.0,imp,spmv_imp_stage2_s8_sth8_l2_ddr4_1x,11279576.0,,0.006498,6497853642.0,1.061711295783318,1.631117266851339,0.9524469067405356,,stage2,sdist16,0.006189,1.1147196639198578,,,,0.010599,0.3200947902395675,,,,,,,,,,,,,stage2: s8_sth8
,spmv,s8_sth8,,,,,,,,,,0.006431,,0.625799,,,,4827187.0,,,,2566636.0,,,,0.5317042824319836,,,,,,,,,,,,,,,,,,,,,,,,1686907.0,,,,367503.0,,,,0.21785611180699352,,,,,,,344545.0,,,,,8200.0,172613.0,,,,,,,,,,,,,,,,,,,,ddr4_2x,18062637.0,0.5009882598789708,0.0672526217196361,344545.0,l2,8200.0,0.02379950369327664,172613.0,imp,spmv_imp_stage2_s8_sth8_l2_ddr4_2x,11279581.0,,0.006015,6014858121.0,1.0691604322527015,1.5040731504571903,0.9276807980049876,,stage2,sdist16,0.00558,1.1525089605734768,,,,0.009047,0.3195850520999193,,,,,,,,,,,,,stage2: s8_sth8
,bfs,s32_dist32_addr16,,,,,,,,,,,1.7661620489384022,0.487148,,,,11404095.0,,,,6599597.0,,,,0.5787041409248169,,,,,,,,,,,,,,,,,,,,,,,,3529215.0,,,,1341934.0,,,,0.38023583148093837,,,,,,,2196247.0,,,,,1084991.0,390524.0,,,,,,,,,,,,,,,,,,,,ddr4_2x,63079845.0,0.17781424402628665,,2196247.0,l2,1084991.0,0.4940204813028771,390524.0,imp,bfs_imp3_s32_dist32_addr16_l2_ddr4_2x,30729211.0,,0.021006,21005588385.0,,1.1985147100828335,,1.017661620489384,stage3,,,,s16_pt8_sth2,0.021377,1.1777143659072835,0.025176,0.22541614284444414,,,,,,,,,,,,,stage3: s32_dist32_addr16
,bfs,s32_dist8_addr16,,,,,,,,,,,0.1610116242538373,0.401855,,,,11479109.0,,,,6649503.0,,,,0.5792699590185963,,,,,,,,,,,,,,,,,,,,,,,,3528375.0,,,,1347715.0,,,,0.38196478548907076,,,,,,,2115865.0,,,,,1037232.0,373340.0,,,,,,,,,,,,,,,,,,,,ddr4_1x,76468574.0,0.1764479302791057,,2115865.0,l2,1037232.0,0.49021653082781746,373340.0,imp,bfs_imp3_s32_dist8_addr16_l2_ddr4_1x,30729211.0,,0.025464,25464035142.0,,1.0854539742381402,,1.0016101162425384,stage3,,,,s16_pt8_sth8,0.025505,1.083709076651637,0.02764,0.2169250837422395,,,,,,,,,,,,,stage3: s32_dist8_addr16
,bfs,s32_ipd16_addr16,,,,,,,,,,,0.1610116242538373,0.401855,,,,11479109.0,,,,6649503.0,,,,0.5792699590185963,,,,,,,,,,,,,,,,,,,,,,,,3528375.0,,,,1347715.0,,,,0.38196478548907076,,,,,,,2115865.0,,,,,1037232.0,373340.0,,,,,,,,,,,,,,,,,,,,ddr4_1x,76468574.0,0.1764479302791057,,2115865.0,l2,1037232.0,0.49021653082781746,373340.0,imp,bfs_imp3_s32_ipd16_addr16_l2_ddr4_1x,30729211.0,,0.025464,25464035142.0,,1.0854539742381402,,1.0016101162425384,stage3,,,,s16_pt8_sth8,0.025505,1.083709076651637,0.02764,0.2169250837422395,,,,,,,,,,,,,stage3: s32_ipd16_addr16
,bfs,s32_ipd8_addr8,,,,,,,,,,,0.1610116242538373,0.401855,,,,11479109.0,,,,6649503.0,,,,0.5792699590185963,,,,,,,,,,,,,,,,,,,,,,,,3528375.0,,,,1347715.0,,,,0.38196478548907076,,,,,,,2115865.0,,,,,1037232.0,373340.0,,,,,,,,,,,,,,,,,,,,ddr4_1x,76468574.0,0.1764479302791057,,2115865.0,l2,1037232.0,0.49021653082781746,373340.0,imp,bfs_imp3_s32_ipd8_addr8_l2_ddr4_1x,30729211.0,,0.025464,25464035142.0,,1.0854539742381402,,1.0016101162425384,stage3,,,,s16_pt8_sth8,0.025505,1.083709076651637,0.02764,0.2169250837422395,,,,,,,,,,,,,stage3: s32_ipd8_addr8
,bfs,s32_ipd8_addr8,,,,,,,,,,,1.7661620489384022,0.487148,,,,11404095.0,,,,6599597.0,,,,0.5787041409248169,,,,,,,,,,,,,,,,,,,,,,,,3529215.0,,,,1341934.0,,,,0.38023583148093837,,,,,,,2196247.0,,,,,1084991.0,390524.0,,,,,,,,,,,,,,,,,,,,ddr4_2x,63079845.0,0.17781424402628665,,2196247.0,l2,1084991.0,0.4940204813028771,390524.0,imp,bfs_imp3_s32_ipd8_addr8_l2_ddr4_2x,30729211.0,,0.021006,21005588385.0,,1.1985147100828335,,1.017661620489384,stage3,,,,s16_pt8_sth2,0.021377,1.1777143659072835,0.025176,0.22541614284444414,,,,,,,,,,,,,stage3: s32_ipd8_addr8
,bfs,s32,,,,,,,,,,,0.1610116242538373,0.401855,,,,11479109.0,,,,6649503.0,,,,0.5792699590185963,,,,,,,,,,,,,,,,,,,,,,,,3528375.0,,,,1347715.0,,,,0.38196478548907076,,,,,,,2115865.0,,,,,1037232.0,373340.0,,,,,,,,,,,,,,,,,,,,ddr4_1x,76468574.0,0.1764479302791057,,2115865.0,l2,1037232.0,0.49021653082781746,373340.0,imp,bfs_imp3_s32_l2_ddr4_1x,30729211.0,,0.025464,25464035142.0,,1.0854539742381402,,1.0016101162425384,stage3,,,,s16_pt8_sth8,0.025505,1.083709076651637,0.02764,0.2169250837422395,,,,,,,,,,,,,stage3: s32
,bfs,s32_sth2_dist32_ipd16_addr16,,,,,,,,,,,-0.6321612011062849,0.449222,,,,11466497.0,,,,5400379.0,,,,0.4709702536005547,,,,,,,5592023.0,,,,,2736370.0,457696.0,,,,,,,,,,,6471582.0,,,,2531089.0,,,,0.39110823288648744,,,,,,,,,,,,,,,,,,,,,,,,,,,,,,,,,ddr4_1x,68405538.0,0.08184801815013994,,5592023.0,l1d,2736370.0,0.4893345395753916,457696.0,imp,bfs_imp3_s32_sth2_dist32_ipd16_addr16_l1d_ddr4_1x,30729211.0,,0.022779,22779044154.0,,1.2133983054567803,,0.9936783879889372,stage3,,,,s16_sth8,0.022635,1.2211177380163465,0.02764,0.07813078528356159,,,,,,,,,,,,,stage3: s32_sth2_dist32_ipd16_addr16
,bfs,s32_sth2_dist32_ipd16_addr16,,,,,,,,,,,0.4250960307298213,0.524084,,,,11378411.0,,,,5283128.0,,,,0.46431158094043185,,,,,,,5765647.0,,,,,2845521.0,473421.0,,,,,,,,,,,6583178.0,,,,2584866.0,,,,0.3926471379020892,,,,,,,,,,,,,,,,,,,,,,,,,,,,,,,,,ddr4_2x,58634229.0,0.08211064603851051,,5765647.0,l1d,2845521.0,0.4935302143887754,473421.0,imp,bfs_imp3_s32_sth2_dist32_ipd16_addr16_l1d_ddr4_2x,30729211.0,,0.019525,19525198257.0,,1.2894238156209987,,1.0042509603072982,stage3,,,,s16_pt8_sth8,0.019608,1.283965728274174,0.025176,0.08224041869529818,,,,,,,,,,,,,stage3: s32_sth2_dist32_ipd16_addr16
,bfs,s32_sth2_dist32_ipd16,,,,,,,,,,,-0.6321612011062849,0.449222,,,,11466497.0,,,,5400379.0,,,,0.4709702536005547,,,,,,,5592023.0,,,,,2736370.0,457696.0,,,,,,,,,,,6471582.0,,,,2531089.0,,,,0.39110823288648744,,,,,,,,,,,,,,,,,,,,,,,,,,,,,,,,,ddr4_1x,68405538.0,0.08184801815013994,,5592023.0,l1d,2736370.0,0.4893345395753916,457696.0,imp,bfs_imp3_s32_sth2_dist32_ipd16_l1d_ddr4_1x,30729211.0,,0.022779,22779044154.0,,1.2133983054567803,,0.9936783879889372,stage3,,,,s16_sth8,0.022635,1.2211177380163465,0.02764,0.07813078528356159,,,,,,,,,,,,,stage3: s32_sth2_dist32_ipd16
,bfs,s32_sth2_dist32_ipd16,,,,,,,,,,,0.4250960307298213,0.524084,,,,11378411.0,,,,5283128.0,,,,0.46431158094043185,,,,,,,5765647.0,,,,,2845521.0,473421.0,,,,,,,,,,,6583178.0,,,,2584866.0,,,,0.3926471379020892,,,,,,,,,,,,,,,,,,,,,,,,,,,,,,,,,ddr4_2x,58634229.0,0.08211064603851051,,5765647.0,l1d,2845521.0,0.4935302143887754,473421.0,imp,bfs_imp3_s32_sth2_dist32_ipd16_l1d_ddr4_2x,30729211.0,,0.019525,19525198257.0,,1.2894238156209987,,1.0042509603072982,stage3,,,,s16_pt8_sth8,0.019608,1.283965728274174,0.025176,0.08224041869529818,,,,,,,,,,,,,stage3: s32_sth2_dist32_ipd16
,bfs,s32_sth2,,,,,,,,,,,-0.6321612011062849,0.449222,,,,11466497.0,,,,5400379.0,,,,0.4709702536005547,,,,,,,5592023.0,,,,,2736370.0,457696.0,,,,,,,,,,,6471582.0,,,,2531089.0,,,,0.39110823288648744,,,,,,,,,,,,,,,,,,,,,,,,,,,,,,,,,ddr4_1x,68405538.0,0.08184801815013994,,5592023.0,l1d,2736370.0,0.4893345395753916,457696.0,imp,bfs_imp3_s32_sth2_l1d_ddr4_1x,30729211.0,,0.022779,22779044154.0,,1.2133983054567803,,0.9936783879889372,stage3,,,,s16_sth8,0.022635,1.2211177380163465,0.02764,0.07813078528356159,,,,,,,,,,,,,stage3: s32_sth2
,bfs,s32_sth2,,,,,,,,,,,0.4250960307298213,0.524084,,,,11378411.0,,,,5283128.0,,,,0.46431158094043185,,,,,,,5765647.0,,,,,2845521.0,473421.0,,,,,,,,,,,6583178.0,,,,2584866.0,,,,0.3926471379020892,,,,,,,,,,,,,,,,,,,,,,,,,,,,,,,,,ddr4_2x,58634229.0,0.08211064603851051,,5765647.0,l1d,2845521.0,0.4935302143887754,473421.0,imp,bfs_imp3_s32_sth2_l1d_ddr4_2x,30729211.0,,0.019525,19525198257.0,,1.2894238156209987,,1.0042509603072982,stage3,,,,s16_pt8_sth8,0.019608,1.283965728274174,0.025176,0.08224041869529818,,,,,,,,,,,,,stage3: s32_sth2
,bfs,s32_sth2_pt8,,,,,,,,,,,-0.6277987531828955,0.449232,,,,11469225.0,,,,5399795.0,,,,0.4708073126126656,,,,,,,5596692.0,,,,,2736769.0,459164.0,,,,,,,,,,,6472188.0,,,,2530049.0,,,,0.390910925331588,,,,,,,,,,,,,,,,,,,,,,,,,,,,,,,,,ddr4_1x,68403894.0,0.08204203483057491,,5596692.0,l1d,2736769.0,0.4889976078726505,459164.0,imp,bfs_imp3_s32_sth2_pt8_l1d_ddr4_1x,30729211.0,,0.022778,22778496702.0,,1.2134515760821847,,0.993722012468171,stage3,,,,s16_sth8,0.022635,1.2211177380163465,0.02764,0.07836955336263661,,,,,,,,,,,,,stage3: s32_sth2_pt8
,bfs,s32_sth2_pt8,,,,,,,,,,,0.4662601834298341,0.5243,,,,11381265.0,,,,5283000.0,,,,0.4641839022287944,,,,,,,5750517.0,,,,,2840670.0,472751.0,,,,,,,,,,,6578470.0,,,,2585402.0,,,,0.39300962077808366,,,,,,,,,,,,,,,,,,,,,,,,,,,,,,,,,ddr4_2x,58610055.0,0.08221017345049149,,5750517.0,l1d,2840670.0,0.4939851495091659,472751.0,imp,bfs_imp3_s32_sth2_pt8_l1d_ddr4_2x,30729211.0,,0.019517,19517148315.0,,1.2899523492340013,,1.0046626018342983,stage3,,,,s16_pt8_sth8,0.019608,1.283965728274174,0.025176,0.08213541551745376,,,,,,,,,,,,,stage3: s32_sth2_pt8
,bfs,s32_sth2_pt8,,,,,,,,,,,1.7710069031183109,0.487151,,,,11403543.0,,,,6598011.0,,,,0.5785930740998653,,,,,,,,,,,,,,,,,,,,,,,,3529176.0,,,,1341180.0,,,,0.3800263857625689,,,,,,,2194049.0,,,,,1084190.0,390793.0,,,,,,,,,,,,,,,,,,,,ddr4_2x,63079492.0,0.17811498284678237,,2194049.0,l2,1084190.0,0.4941503129601937,390793.0,imp,bfs_imp3_s32_sth2_pt8_l2_ddr4_2x,30729211.0,,0.021005,21005470836.0,,1.1985717686265176,,1.017710069031183,stage3,,,,s16_pt8_sth2,0.021377,1.1777143659072835,0.025176,0.22563457975384144,,,,,,,,,,,,,stage3: s32_sth2_pt8
,bfs,s32_sth8,,,,,,,,,,,-0.6888381888381923,0.448972,,,,11469457.0,,,,5401864.0,,,,0.47097818144311454,,,,,,,5605502.0,,,,,2741068.0,457605.0,,,,,,,,,,,6476667.0,,,,2530323.0,,,,0.39068289291390157,,,,,,,,,,,,,,,,,,,,,,,,,,,,,,,,,ddr4_1x,68443494.0,0.08163497221123103,,5605502.0,l1d,2741068.0,0.4889959900112425,457605.0,imp,bfs_imp3_s32_sth8_l1d_ddr4_1x,30729211.0,,0.022792,22791683502.0,,1.2127062127062127,,0.993111618111618,stage3,,,,s16_sth8,0.022635,1.2211177380163465,0.02764,0.0780966671212016,,,,,,,,,,,,,stage3: s32_sth8
,bfs,s32_sth8,,,,,,,,,,,1.7467872441694343,0.487045,,,,11401816.0,,,,6598048.0,,,,0.5786839570117602,,,,,,,,,,,,,,,,,,,,,,,,3529106.0,,,,1341420.0,,,,0.38010192949715876,,,,,,,2193033.0,,,,,1083404.0,390594.0,,,,,,,,,,,,,,,,,,,,ddr4_2x,63093271.0,0.17810675899541867,,2193033.0,l2,1083404.0,0.4940208378077302,390594.0,imp,bfs_imp3_s32_sth8_l2_ddr4_2x,30729211.0,,0.02101,21010059243.0,,1.198286530223703,,1.0174678724416943,stage3,,,,s16_pt8_sth2,0.021377,1.1777143659072835,0.025176,0.22551434341754745,,,,,,,,,,,,,stage3: s32_sth8
,bfs,s32_sth8_pt8,,,,,,,,,,,0.4353839061619791,0.524154,,,,11378453.0,,,,5277225.0,,,,0.4637910795079085,,,,,,,5752186.0,,,,,2839644.0,474188.0,,,,,,,,,,,6576982.0,,,,2586239.0,,,,0.3932257987022011,,,,,,,,,,,,,,,,,,,,,,,,,,,,,,,,,ddr4_2x,58626356.0,0.08243613819163706,,5752186.0,l1d,2839644.0,0.49366345246833115,474188.0,imp,bfs_imp3_s32_sth8_pt8_l1d_ddr4_2x,30729211.0,,0.019523,19522576548.0,,1.2895559084157149,,1.0043538390616198,stage3,,,,s16_pt8_sth8,0.019608,1.283965728274174,0.025176,0.08244721775327211,,,,,,,,,,,,,stage3: s32_sth8_pt8
,bfs,s32_sth8_pt8,,,,,,,,,,,0.1138326267859923,0.401662,,,,11480353.0,,,,6650942.0,,,,0.5793325344612661,,,,,,,,,,,,,,,,,,,,,,,,3528310.0,,,,1347316.0,,,,0.3818587369023697,,,,,,,2115143.0,,,,,1035949.0,373421.0,,,,,,,,,,,,,,,,,,,,ddr4_1x,76505312.0,0.1765464557242702,,2115143.0,l2,1035949.0,0.48977728692575395,373421.0,imp,bfs_imp3_s32_sth8_pt8_l2_ddr4_1x,30729211.0,,0.025476,25476268896.0,,1.084942691160308,,1.00113832626786,stage3,,,,s16_pt8_sth8,0.025505,1.083709076651637,0.02764,0.21701224533441194,,,,,,,,,,,,,stage3: s32_sth8_pt8
,bfs,s32_sth8_pt8,,,,,,,,,,,1.7371026080335028,0.487007,,,,11399880.0,,,,6597804.0,,,,0.5787608290613585,,,,,,,,,,,,,,,,,,,,,,,,3529166.0,,,,1341545.0,,,,0.38013088644739296,,,,,,,2194339.0,,,,,1083962.0,390502.0,,,,,,,,,,,,,,,,,,,,ddr4_2x,63098187.0,0.17795882951540304,,2194339.0,l2,1083962.0,0.49398110319326227,390502.0,imp,bfs_imp3_s32_sth8_pt8_l2_ddr4_2x,30729211.0,,0.021012,21011696271.0,,1.1981724728726442,,1.017371026080335,stage3,,,,s16_pt8_sth2,0.021377,1.1777143659072835,0.025176,0.225456930441264,,,,,,,,,,,,,stage3: s32_sth8_pt8
,bfs,s64_dist32_addr16,,,,,,,,,,,-7.742436666522812,0.441616,,,,11409439.0,,,,6936493.0,,,,0.6079609172720938,,,,,,,,,,,,,,,,,,,,,,,,3529163.0,,,,1420965.0,,,,0.4026351290660137,,,,,,,4844021.0,,,,,1231128.0,314644.0,,,,,,,,,,,,,,,,,,,,ddr4_2x,69583630.0,0.06495512715572455,,4844021.0,l2,1231128.0,0.25415414177601625,314644.0,imp,bfs_imp3_s64_dist32_addr16_l2_ddr4_2x,30729211.0,,0.023171,23171348790.0,,1.0865305770143714,,0.922575633334772,stage3,,,,s16_pt8_sth2,0.021377,1.1777143659072835,0.025176,0.1812873752095086,,,,,,,,,,,,,stage3: s64_dist32_addr16
,bfs,s64_dist8_addr16,,,,,,,,,,,-9.67524878705246,0.362392,,,,11483661.0,,,,7027264.0,,,,0.6119358626138476,,,,,,,,,,,,,,,,,,,,,,,,3529156.0,,,,1424342.0,,,,0.4035928136925656,,,,,,,4733404.0,,,,,1187861.0,301798.0,,,,,,,,,,,,,,,,,,,,ddr4_1x,84795491.0,0.06375918894731994,,4733404.0,l2,1187861.0,0.2509528026764671,301798.0,imp,bfs_imp3_s64_dist8_addr16_l2_ddr4_1x,30729211.0,,0.028237,28236898503.0,,0.9788575273577221,,0.9032475121294754,stage3,,,,s16_pt8_sth8,0.025505,1.083709076651637,0.02764,0.17483981600565424,,,,,,,,,,,,,stage3: s64_dist8_addr16
,bfs,s64_ipd16_addr16,,,,,,,,,,,-9.67524878705246,0.362392,,,,11483661.0,,,,7027264.0,,,,0.6119358626138476,,,,,,,,,,,,,,,,,,,,,,,,3529156.0,,,,1424342.0,,,,0.4035928136925656,,,,,,,4733404.0,,,,,1187861.0,301798.0,,,,,,,,,,,,,,,,,,,,ddr4_1x,84795491.0,0.06375918894731994,,4733404.0,l2,1187861.0,0.2509528026764671,301798.0,imp,bfs_imp3_s64_ipd16_addr16_l2_ddr4_1x,30729211.0,,0.028237,28236898503.0,,0.9788575273577221,,0.9032475121294754,stage3,,,,s16_pt8_sth8,0.025505,1.083709076651637,0.02764,0.17483981600565424,,,,,,,,,,,,,stage3: s64_ipd16_addr16
,bfs,s64_ipd8_addr8,,,,,,,,,,,-9.67524878705246,0.362392,,,,11483661.0,,,,7027264.0,,,,0.6119358626138476,,,,,,,,,,,,,,,,,,,,,,,,3529156.0,,,,1424342.0,,,,0.4035928136925656,,,,,,,4733404.0,,,,,1187861.0,301798.0,,,,,,,,,,,,,,,,,,,,ddr4_1x,84795491.0,0.06375918894731994,,4733404.0,l2,1187861.0,0.2509528026764671,301798.0,imp,bfs_imp3_s64_ipd8_addr8_l2_ddr4_1x,30729211.0,,0.028237,28236898503.0,,0.9788575273577221,,0.9032475121294754,stage3,,,,s16_pt8_sth8,0.025505,1.083709076651637,0.02764,0.17483981600565424,,,,,,,,,,,,,stage3: s64_ipd8_addr8
,bfs,s64_ipd8_addr8,,,,,,,,,,,-7.742436666522812,0.441616,,,,11409439.0,,,,6936493.0,,,,0.6079609172720938,,,,,,,,,,,,,,,,,,,,,,,,3529163.0,,,,1420965.0,,,,0.4026351290660137,,,,,,,4844021.0,,,,,1231128.0,314644.0,,,,,,,,,,,,,,,,,,,,ddr4_2x,69583630.0,0.06495512715572455,,4844021.0,l2,1231128.0,0.25415414177601625,314644.0,imp,bfs_imp3_s64_ipd8_addr8_l2_ddr4_2x,30729211.0,,0.023171,23171348790.0,,1.0865305770143714,,0.922575633334772,stage3,,,,s16_pt8_sth2,0.021377,1.1777143659072835,0.025176,0.1812873752095086,,,,,,,,,,,,,stage3: s64_ipd8_addr8
,bfs,s64,,,,,,,,,,,-9.67524878705246,0.362392,,,,11483661.0,,,,7027264.0,,,,0.6119358626138476,,,,,,,,,,,,,,,,,,,,,,,,3529156.0,,,,1424342.0,,,,0.4035928136925656,,,,,,,4733404.0,,,,,1187861.0,301798.0,,,,,,,,,,,,,,,,,,,,ddr4_1x,84795491.0,0.06375918894731994,,4733404.0,l2,1187861.0,0.2509528026764671,301798.0,imp,bfs_imp3_s64_l2_ddr4_1x,30729211.0,,0.028237,28236898503.0,,0.9788575273577221,,0.9032475121294754,stage3,,,,s16_pt8_sth8,0.025505,1.083709076651637,0.02764,0.17483981600565424,,,,,,,,,,,,,stage3: s64
,bfs,s64_sth2_dist32_ipd16_addr16,,,,,,,,,,,-1.983284978131905,0.443116,,,,11456684.0,,,,5322826.0,,,,0.4646044178228185,,,,,,,6347669.0,,,,,2915943.0,465404.0,,,,,,,,,,,6658368.0,,,,2718362.0,,,,0.4082625051664312,,,,,,,,,,,,,,,,,,,,,,,,,,,,,,,,,ddr4_1x,69348110.0,0.07331888288441,,6347669.0,l1d,2915943.0,0.4593722514516746,465404.0,imp,bfs_imp3_s64_sth2_dist32_ipd16_addr16_l1d_ddr4_1x,30729211.0,,0.023093,23092920630.0,,1.1968994933529642,,0.980167150218681,stage3,,,,s16_sth8,0.022635,1.2211177380163465,0.02764,0.08040523614300053,,,,,,,,,,,,,stage3: s64_sth2_dist32_ipd16_addr16
,bfs,s64_sth2_dist32_ipd16_addr16,,,,,,,,,,,-0.1985035883340979,0.520824,,,,11372144.0,,,,5210884.0,,,,0.4582147394545831,,,,,,,6642435.0,,,,,3028012.0,481021.0,,,,,,,,,,,6773010.0,,,,2765231.0,,,,0.40827209763458194,,,,,,,,,,,,,,,,,,,,,,,,,,,,,,,,,ddr4_2x,59001182.0,0.07241636538407978,,6642435.0,l1d,3028012.0,0.45585873252805637,481021.0,imp,bfs_imp3_s64_sth2_dist32_ipd16_addr16_l1d_ddr4_2x,30729211.0,,0.019647,19647393606.0,,1.2814170102305695,,0.998014964116659,stage3,,,,s16_pt8_sth8,0.019608,1.283965728274174,0.025176,0.08450966767716608,,,,,,,,,,,,,stage3: s64_sth2_dist32_ipd16_addr16
,bfs,s64_sth2_dist32_ipd16,,,,,,,,,,,-1.983284978131905,0.443116,,,,11456684.0,,,,5322826.0,,,,0.4646044178228185,,,,,,,6347669.0,,,,,2915943.0,465404.0,,,,,,,,,,,6658368.0,,,,2718362.0,,,,0.4082625051664312,,,,,,,,,,,,,,,,,,,,,,,,,,,,,,,,,ddr4_1x,69348110.0,0.07331888288441,,6347669.0,l1d,2915943.0,0.4593722514516746,465404.0,imp,bfs_imp3_s64_sth2_dist32_ipd16_l1d_ddr4_1x,30729211.0,,0.023093,23092920630.0,,1.1968994933529642,,0.980167150218681,stage3,,,,s16_sth8,0.022635,1.2211177380163465,0.02764,0.08040523614300053,,,,,,,,,,,,,stage3: s64_sth2_dist32_ipd16
,bfs,s64_sth2_dist32_ipd16,,,,,,,,,,,-0.1985035883340979,0.520824,,,,11372144.0,,,,5210884.0,,,,0.4582147394545831,,,,,,,6642435.0,,,,,3028012.0,481021.0,,,,,,,,,,,6773010.0,,,,2765231.0,,,,0.40827209763458194,,,,,,,,,,,,,,,,,,,,,,,,,,,,,,,,,ddr4_2x,59001182.0,0.07241636538407978,,6642435.0,l1d,3028012.0,0.45585873252805637,481021.0,imp,bfs_imp3_s64_sth2_dist32_ipd16_l1d_ddr4_2x,30729211.0,,0.019647,19647393606.0,,1.2814170102305695,,0.998014964116659,stage3,,,,s16_pt8_sth8,0.019608,1.283965728274174,0.025176,0.08450966767716608,,,,,,,,,,,,,stage3: s64_sth2_dist32_ipd16
,bfs,s64_sth2,,,,,,,,,,,-1.983284978131905,0.443116,,,,11456684.0,,,,5322826.0,,,,0.4646044178228185,,,,,,,6347669.0,,,,,2915943.0,465404.0,,,,,,,,,,,6658368.0,,,,2718362.0,,,,0.4082625051664312,,,,,,,,,,,,,,,,,,,,,,,,,,,,,,,,,ddr4_1x,69348110.0,0.07331888288441,,6347669.0,l1d,2915943.0,0.4593722514516746,465404.0,imp,bfs_imp3_s64_sth2_l1d_ddr4_1x,30729211.0,,0.023093,23092920630.0,,1.1968994933529642,,0.980167150218681,stage3,,,,s16_sth8,0.022635,1.2211177380163465,0.02764,0.08040523614300053,,,,,,,,,,,,,stage3: s64_sth2
,bfs,s64_sth2,,,,,,,,,,,-0.1985035883340979,0.520824,,,,11372144.0,,,,5210884.0,,,,0.4582147394545831,,,,,,,6642435.0,,,,,3028012.0,481021.0,,,,,,,,,,,6773010.0,,,,2765231.0,,,,0.40827209763458194,,,,,,,,,,,,,,,,,,,,,,,,,,,,,,,,,ddr4_2x,59001182.0,0.07241636538407978,,6642435.0,l1d,3028012.0,0.45585873252805637,481021.0,imp,bfs_imp3_s64_sth2_l1d_ddr4_2x,30729211.0,,0.019647,19647393606.0,,1.2814170102305695,,0.998014964116659,stage3,,,,s16_pt8_sth8,0.019608,1.283965728274174,0.025176,0.08450966767716608,,,,,,,,,,,,,stage3: s64_sth2
,bfs,s64_sth2_pt8,,,,,,,,,,,-1.9408222501407943,0.443309,,,,11459117.0,,,,5323217.0,,,,0.464539894304247,,,,,,,6349986.0,,,,,2918097.0,465762.0,,,,,,,,,,,6660706.0,,,,2717754.0,,,,0.40802791776127034,,,,,,,,,,,,,,,,,,,,,,,,,,,,,,,,,ddr4_1x,69317822.0,0.07334850816993928,,6349986.0,l1d,2918097.0,0.4595438478132078,465762.0,imp,bfs_imp3_s64_sth2_pt8_l1d_ddr4_1x,30729211.0,,0.023083,23082834726.0,,1.1974180132565093,,0.980591777498592,stage3,,,,s16_sth8,0.022635,1.2211177380163465,0.02764,0.0804566746571373,,,,,,,,,,,,,stage3: s64_sth2_pt8
,bfs,s64_sth2_pt8,,,,,,,,,,,-0.1730984624783604,0.520972,,,,11374718.0,,,,5209520.0,,,,0.457991134373617,,,,,,,6624785.0,,,,,3021741.0,481065.0,,,,,,,,,,,6766812.0,,,,2768633.0,,,,0.40914879857752806,,,,,,,,,,,,,,,,,,,,,,,,,,,,,,,,,ddr4_2x,58984456.0,0.07261594149847882,,6624785.0,l1d,3021741.0,0.45612665165737454,481065.0,imp,bfs_imp3_s64_sth2_pt8_l1d_ddr4_2x,30729211.0,,0.019642,19641823848.0,,1.2817432033397822,,0.9982690153752164,stage3,,,,s16_pt8_sth8,0.019608,1.283965728274174,0.025176,0.08453700278618104,,,,,,,,,,,,,stage3: s64_sth2_pt8
,bfs,s64_sth2_pt8,,,,,,,,,,,-7.750399171449529,0.441581,,,,11410363.0,,,,6935201.0,,,,0.6077984547906145,,,,,,,,,,,,,,,,,,,,,,,,3529166.0,,,,1420615.0,,,,0.4025356132298679,,,,,,,4842451.0,,,,,1231544.0,314700.0,,,,,,,,,,,,,,,,,,,,ddr4_2x,69589210.0,0.06498775103764602,,4842451.0,l2,1231544.0,0.2543224495198816,314700.0,imp,bfs_imp3_s64_sth2_pt8_l2_ddr4_2x,30729211.0,,0.023173,23173206930.0,,1.0864368014499635,,0.9224960082855048,stage3,,,,s16_pt8_sth2,0.021377,1.1777143659072835,0.025176,0.18135036002109128,,,,,,,,,,,,,stage3: s64_sth2_pt8
,bfs,s64_sth8,,,,,,,,,,,-1.877059129530101,0.443597,,,,11457869.0,,,,5325134.0,,,,0.4647578009488501,,,,,,,6330939.0,,,,,2911617.0,465053.0,,,,,,,,,,,6653938.0,,,,2716274.0,,,,0.40822051543011073,,,,,,,,,,,,,,,,,,,,,,,,,,,,,,,,,ddr4_1x,69272935.0,0.07345719173727626,,6330939.0,l1d,2911617.0,0.459902867489325,465053.0,imp,bfs_imp3_s64_sth8_l1d_ddr4_1x,30729211.0,,0.023068,23067887355.0,,1.1981966360325993,,0.981229408704699,stage3,,,,s16_sth8,0.022635,1.2211177380163465,0.02764,0.08031744052480516,,,,,,,,,,,,,stage3: s64_sth8
,bfs,s64_sth8,,,,,,,,,,,-7.810074176298087,0.441304,,,,11410464.0,,,,6935590.0,,,,0.6078271663623845,,,,,,,,,,,,,,,,,,,,,,,,3529247.0,,,,1421298.0,,,,0.402719900307346,,,,,,,4845710.0,,,,,1231091.0,314207.0,,,,,,,,,,,,,,,,,,,,ddr4_2x,69632897.0,0.06484230381099983,,4845710.0,l2,1231091.0,0.25405791927292387,314207.0,imp,bfs_imp3_s64_sth8_l2_ddr4_2x,30729211.0,,0.023188,23187754701.0,,1.085734000345006,,0.9218992582370192,stage3,,,,s16_pt8_sth2,0.021377,1.1777143659072835,0.025176,0.1810464389327602,,,,,,,,,,,,,stage3: s64_sth8
,bfs,s64_sth8_pt8,,,,,,,,,,,-0.3202684154338886,0.520189,,,,11367670.0,,,,5205845.0,,,,0.4579518054271456,,,,,,,6640238.0,,,,,3024938.0,482236.0,,,,,,,,,,,6769711.0,,,,2767225.0,,,,0.4087656031402227,,,,,,,,,,,,,,,,,,,,,,,,,,,,,,,,,ddr4_2x,59073214.0,0.07262330055037183,,6640238.0,l1d,3024938.0,0.4555466234794596,482236.0,imp,bfs_imp3_s64_sth8_pt8_l1d_ddr4_2x,30729211.0,,0.019671,19671380262.0,,1.279853591581516,,0.9967973158456612,stage3,,,,s16_pt8_sth8,0.019608,1.283965728274174,0.025176,0.08478008664081964,,,,,,,,,,,,,stage3: s64_sth8_pt8
,bfs,s64_sth8_pt8,,,,,,,,,,,-9.659251912723157,0.36245,,,,11479817.0,,,,7026474.0,,,,0.6120719520180504,,,,,,,,,,,,,,,,,,,,,,,,3529154.0,,,,1424262.0,,,,0.40357037408965435,,,,,,,4720320.0,,,,,1189485.0,302046.0,,,,,,,,,,,,,,,,,,,,ddr4_1x,84782138.0,0.06398845840959935,,4720320.0,l2,1189485.0,0.2519924496644295,302046.0,imp,bfs_imp3_s64_sth8_pt8_l2_ddr4_1x,30729211.0,,0.028232,28232451954.0,,0.9790308869368093,,0.9034074808727685,stage3,,,,s16_pt8_sth8,0.025505,1.083709076651637,0.02764,0.1749664602145156,,,,,,,,,,,,,stage3: s64_sth8_pt8
,bfs,s64_sth8_pt8,,,,,,,,,,,-7.738454898575742,0.441643,,,,11408477.0,,,,6935172.0,,,,0.6078963914289348,,,,,,,,,,,,,,,,,,,,,,,,3529080.0,,,,1420468.0,,,,0.40250376868758997,,,,,,,4834807.0,,,,,1230294.0,314868.0,,,,,,,,,,,,,,,,,,,,ddr4_2x,69579444.0,0.06512524698503994,,4834807.0,l2,1230294.0,0.25446600040084333,314868.0,imp,bfs_imp3_s64_sth8_pt8_l2_ddr4_2x,30729211.0,,0.02317,23169954852.0,,1.0865774708675011,,0.9226154510142426,stage3,,,,s16_pt8_sth2,0.021377,1.1777143659072835,0.025176,0.1814449766500551,,,,,,,,,,,,,stage3: s64_sth8_pt8
,matmult,s32_dist32_addr16,,,,,,,,,,,-0.3300330033003229,2.03178,,,,2138452.0,,,,1150786.0,,,,0.5381397384650205,,,,,,,31305.0,,,,,4715.0,2993.0,,,,,,,,,,,1082498.0,,,,5475.0,,,,0.005057746065119751,,,,,,,,,,,,,,,,,,,,,,,,,,,,,,,,,ddr4_1x,3641086.0,0.09560773039450567,,31305.0,l1d,4715.0,0.1506149177447692,2993.0,imp,matmult_imp3_s32_dist32_addr16_l1d_ddr4_1x,7397876.0,,0.001212,1212481638.0,,1.0552805280528053,,0.9966996699669968,stage3,,,,s16_dist8_addr16,0.001208,1.058774834437086,0.001279,0.0025940843090401194,,,,,,,,,,,,,stage3: s32_dist32_addr16
,matmult,s32_dist32_addr16,,,,,,,,,,,1.3278008298755362,2.044949,,,,2136806.0,,,,1158165.0,,,,0.5420075570735013,,,,,,,,,,,,,,,,,,,,,,,,1076248.0,,,,1669.0,,,,0.0015507578179007068,,,,,,,5773.0,,,,,23.0,3771.0,,,,,,,,,,,,,,,,,,,,ddr4_1x,3617636.0,0.65321323402044,,5773.0,l2,23.0,0.00398406374501992,3771.0,imp,matmult_imp3_s32_dist32_addr16_l2_ddr4_1x,7397871.0,,0.001205,1204672788.0,,1.0614107883817427,,1.0132780082987554,stage3,,,,s16_pt8_sth2,0.001221,1.0475020475020471,0.001279,0.6931985294117647,,,,,,,,,,,,,stage3: s32_dist32_addr16
,matmult,s32_dist32_addr16,,,,,,,,,,,0.8305647840531671,2.046716,,,,2138428.0,,,,1159095.0,,,,0.5420313426498343,,,,,,,,,,,,,,,,,,,,,,,,1077370.0,,,,1618.0,,,,0.0015018053222198501,,,,,,,6106.0,,,,,5.0,3776.0,,,,,,,,,,,,,,,,,,,,ddr4_2x,3614515.0,0.61840812315755,,6106.0,l2,5.0,0.0008188666885031117,3776.0,imp,matmult_imp3_s32_dist32_addr16_l2_ddr4_2x,7397876.0,,0.001204,1203633495.0,,1.0780730897009967,,1.0083056478405317,stage3,,,,s16_ipd16_addr16,0.001214,1.0691927512355848,0.001298,0.700037078235076,,,,,,,,,,,,,stage3: s32_dist32_addr16
,matmult,s32_dist8_addr16,,,,,,,,,,,-0.3300330033003229,2.03178,,,,2138452.0,,,,1150786.0,,,,0.5381397384650205,,,,,,,31305.0,,,,,4715.0,2993.0,,,,,,,,,,,1082498.0,,,,5475.0,,,,0.005057746065119751,,,,,,,,,,,,,,,,,,,,,,,,,,,,,,,,,ddr4_1x,3641086.0,0.09560773039450567,,31305.0,l1d,4715.0,0.1506149177447692,2993.0,imp,matmult_imp3_s32_dist8_addr16_l1d_ddr4_1x,7397876.0,,0.001212,1212481638.0,,1.0552805280528053,,0.9966996699669968,stage3,,,,s16_dist8_addr16,0.001208,1.058774834437086,0.001279,0.0025940843090401194,,,,,,,,,,,,,stage3: s32_dist8_addr16
,matmult,s32_dist8_addr16,,,,,,,,,,,0.8305647840531671,2.046716,,,,2138428.0,,,,1159095.0,,,,0.5420313426498343,,,,,,,,,,,,,,,,,,,,,,,,1077370.0,,,,1618.0,,,,0.0015018053222198501,,,,,,,6106.0,,,,,5.0,3776.0,,,,,,,,,,,,,,,,,,,,ddr4_2x,3614515.0,0.61840812315755,,6106.0,l2,5.0,0.0008188666885031117,3776.0,imp,matmult_imp3_s32_dist8_addr16_l2_ddr4_2x,7397876.0,,0.001204,1203633495.0,,1.0780730897009967,,1.0083056478405317,stage3,,,,s16_ipd16_addr16,0.001214,1.0691927512355848,0.001298,0.700037078235076,,,,,,,,,,,,,stage3: s32_dist8_addr16
,matmult,s32_ipd16_addr16,,,,,,,,,,,-0.3300330033003229,2.03178,,,,2138452.0,,,,1150786.0,,,,0.5381397384650205,,,,,,,31305.0,,,,,4715.0,2993.0,,,,,,,,,,,1082498.0,,,,5475.0,,,,0.005057746065119751,,,,,,,,,,,,,,,,,,,,,,,,,,,,,,,,,ddr4_1x,3641086.0,0.09560773039450567,,31305.0,l1d,4715.0,0.1506149177447692,2993.0,imp,matmult_imp3_s32_ipd16_addr16_l1d_ddr4_1x,7397876.0,,0.001212,1212481638.0,,1.0552805280528053,,0.9966996699669968,stage3,,,,s16_dist8_addr16,0.001208,1.058774834437086,0.001279,0.0025940843090401194,,,,,,,,,,,,,stage3: s32_ipd16_addr16
,matmult,s32_ipd16_addr16,,,,,,,,,,,1.3278008298755362,2.044949,,,,2136806.0,,,,1158165.0,,,,0.5420075570735013,,,,,,,,,,,,,,,,,,,,,,,,1076248.0,,,,1669.0,,,,0.0015507578179007068,,,,,,,5773.0,,,,,23.0,3771.0,,,,,,,,,,,,,,,,,,,,ddr4_1x,3617636.0,0.65321323402044,,5773.0,l2,23.0,0.00398406374501992,3771.0,imp,matmult_imp3_s32_ipd16_addr16_l2_ddr4_1x,7397871.0,,0.001205,1204672788.0,,1.0614107883817427,,1.0132780082987554,stage3,,,,s16_pt8_sth2,0.001221,1.0475020475020471,0.001279,0.6931985294117647,,,,,,,,,,,,,stage3: s32_ipd16_addr16
,matmult,s32_ipd16_addr16,,,,,,,,,,,0.8305647840531671,2.046716,,,,2138428.0,,,,1159095.0,,,,0.5420313426498343,,,,,,,,,,,,,,,,,,,,,,,,1077370.0,,,,1618.0,,,,0.0015018053222198501,,,,,,,6106.0,,,,,5.0,3776.0,,,,,,,,,,,,,,,,,,,,ddr4_2x,3614515.0,0.61840812315755,,6106.0,l2,5.0,0.0008188666885031117,3776.0,imp,matmult_imp3_s32_ipd16_addr16_l2_ddr4_2x,7397876.0,,0.001204,1203633495.0,,1.0780730897009967,,1.0083056478405317,stage3,,,,s16_ipd16_addr16,0.001214,1.0691927512355848,0.001298,0.700037078235076,,,,,,,,,,,,,stage3: s32_ipd16_addr16
,matmult,s32_ipd16_pt32,,,,,,,,,,,1.3278008298755362,2.044949,,,,2136806.0,,,,1158165.0,,,,0.5420075570735013,,,,,,,,,,,,,,,,,,,,,,,,1076248.0,,,,1669.0,,,,0.0015507578179007068,,,,,,,5773.0,,,,,23.0,3771.0,,,,,,,,,,,,,,,,,,,,ddr4_1x,3617636.0,0.65321323402044,,5773.0,l2,23.0,0.00398406374501992,3771.0,imp,matmult_imp3_s32_ipd16_pt32_l2_ddr4_1x,7397871.0,,0.001205,1204672788.0,,1.0614107883817427,,1.0132780082987554,stage3,,,,s16_pt8_sth2,0.001221,1.0475020475020471,0.001279,0.6931985294117647,,,,,,,,,,,,,stage3: s32_ipd16_pt32
,matmult,s32_ipd8_addr8,,,,,,,,,,,-0.3300330033003229,2.03178,,,,2138452.0,,,,1150786.0,,,,0.5381397384650205,,,,,,,31305.0,,,,,4715.0,2993.0,,,,,,,,,,,1082498.0,,,,5475.0,,,,0.005057746065119751,,,,,,,,,,,,,,,,,,,,,,,,,,,,,,,,,ddr4_1x,3641086.0,0.09560773039450567,,31305.0,l1d,4715.0,0.1506149177447692,2993.0,imp,matmult_imp3_s32_ipd8_addr8_l1d_ddr4_1x,7397876.0,,0.001212,1212481638.0,,1.0552805280528053,,0.9966996699669968,stage3,,,,s16_dist8_addr16,0.001208,1.058774834437086,0.001279,0.0025940843090401194,,,,,,,,,,,,,stage3: s32_ipd8_addr8
,matmult,s32_ipd8_addr8,,,,,,,,,,,1.3278008298755362,2.044949,,,,2136806.0,,,,1158165.0,,,,0.5420075570735013,,,,,,,,,,,,,,,,,,,,,,,,1076248.0,,,,1669.0,,,,0.0015507578179007068,,,,,,,5773.0,,,,,23.0,3771.0,,,,,,,,,,,,,,,,,,,,ddr4_1x,3617636.0,0.65321323402044,,5773.0,l2,23.0,0.00398406374501992,3771.0,imp,matmult_imp3_s32_ipd8_addr8_l2_ddr4_1x,7397871.0,,0.001205,1204672788.0,,1.0614107883817427,,1.0132780082987554,stage3,,,,s16_pt8_sth2,0.001221,1.0475020475020471,0.001279,0.6931985294117647,,,,,,,,,,,,,stage3: s32_ipd8_addr8
,matmult,s32_ipd8_addr8,,,,,,,,,,,0.8305647840531671,2.046716,,,,2138428.0,,,,1159095.0,,,,0.5420313426498343,,,,,,,,,,,,,,,,,,,,,,,,1077370.0,,,,1618.0,,,,0.0015018053222198501,,,,,,,6106.0,,,,,5.0,3776.0,,,,,,,,,,,,,,,,,,,,ddr4_2x,3614515.0,0.61840812315755,,6106.0,l2,5.0,0.0008188666885031117,3776.0,imp,matmult_imp3_s32_ipd8_addr8_l2_ddr4_2x,7397876.0,,0.001204,1203633495.0,,1.0780730897009967,,1.0083056478405317,stage3,,,,s16_ipd16_addr16,0.001214,1.0691927512355848,0.001298,0.700037078235076,,,,,,,,,,,,,stage3: s32_ipd8_addr8
,matmult,s32,,,,,,,,,,,-0.3300330033003229,2.03178,,,,2138452.0,,,,1150786.0,,,,0.5381397384650205,,,,,,,31305.0,,,,,4715.0,2993.0,,,,,,,,,,,1082498.0,,,,5475.0,,,,0.005057746065119751,,,,,,,,,,,,,,,,,,,,,,,,,,,,,,,,,ddr4_1x,3641086.0,0.09560773039450567,,31305.0,l1d,4715.0,0.1506149177447692,2993.0,imp,matmult_imp3_s32_l1d_ddr4_1x,7397876.0,,0.001212,1212481638.0,,1.0552805280528053,,0.9966996699669968,stage3,,,,s16_dist8_addr16,0.001208,1.058774834437086,0.001279,0.0025940843090401194,,,,,,,,,,,,,stage3: s32
,matmult,s32,,,,,,,,,,,0.8305647840531671,2.046716,,,,2138428.0,,,,1159095.0,,,,0.5420313426498343,,,,,,,,,,,,,,,,,,,,,,,,1077370.0,,,,1618.0,,,,0.0015018053222198501,,,,,,,6106.0,,,,,5.0,3776.0,,,,,,,,,,,,,,,,,,,,ddr4_2x,3614515.0,0.61840812315755,,6106.0,l2,5.0,0.0008188666885031117,3776.0,imp,matmult_imp3_s32_l2_ddr4_2x,7397876.0,,0.001204,1203633495.0,,1.0780730897009967,,1.0083056478405317,stage3,,,,s16_ipd16_addr16,0.001214,1.0691927512355848,0.001298,0.700037078235076,,,,,,,,,,,,,stage3: s32
,matmult,s32_sth2_dist32_ipd16_addr16,,,,,,,,,,,-0.0818330605564576,2.01627,,,,2139717.0,,,,1151259.0,,,,0.5380426476959336,,,,,,,27139.0,,,,,4548.0,3255.0,,,,,,,,,,,1082958.0,,,,5403.0,,,,0.00498911315120254,,,,,,,,,,,,,,,,,,,,,,,,,,,,,,,,,ddr4_2x,3669095.0,0.11993809646633995,,27139.0,l1d,4548.0,0.16758170897969712,3255.0,imp,matmult_imp3_s32_sth2_dist32_ipd16_addr16_l1d_ddr4_2x,7397876.0,,0.001222,1221808635.0,,1.0621931260229132,,0.9991816693944354,stage3,,,,s16_pt8_sth2,0.001221,1.0630630630630629,0.001298,0.002819368149714945,,,,,,,,,,,,,stage3: s32_sth2_dist32_ipd16_addr16
,matmult,s32_sth2_dist32_ipd16,,,,,,,,,,,-0.0818330605564576,2.01627,,,,2139717.0,,,,1151259.0,,,,0.5380426476959336,,,,,,,27139.0,,,,,4548.0,3255.0,,,,,,,,,,,1082958.0,,,,5403.0,,,,0.00498911315120254,,,,,,,,,,,,,,,,,,,,,,,,,,,,,,,,,ddr4_2x,3669095.0,0.11993809646633995,,27139.0,l1d,4548.0,0.16758170897969712,3255.0,imp,matmult_imp3_s32_sth2_dist32_ipd16_l1d_ddr4_2x,7397876.0,,0.001222,1221808635.0,,1.0621931260229132,,0.9991816693944354,stage3,,,,s16_pt8_sth2,0.001221,1.0630630630630629,0.001298,0.002819368149714945,,,,,,,,,,,,,stage3: s32_sth2_dist32_ipd16
,matmult,s32_sth2,,,,,,,,,,,-0.0818330605564576,2.01627,,,,2139717.0,,,,1151259.0,,,,0.5380426476959336,,,,,,,27139.0,,,,,4548.0,3255.0,,,,,,,,,,,1082958.0,,,,5403.0,,,,0.00498911315120254,,,,,,,,,,,,,,,,,,,,,,,,,,,,,,,,,ddr4_2x,3669095.0,0.11993809646633995,,27139.0,l1d,4548.0,0.16758170897969712,3255.0,imp,matmult_imp3_s32_sth2_l1d_ddr4_2x,7397876.0,,0.001222,1221808635.0,,1.0621931260229132,,0.9991816693944354,stage3,,,,s16_pt8_sth2,0.001221,1.0630630630630629,0.001298,0.002819368149714945,,,,,,,,,,,,,stage3: s32_sth2
,matmult,s32_sth2_pt8,,,,,,,,,,,-0.0818330605564576,2.01627,,,,2139717.0,,,,1151259.0,,,,0.5380426476959336,,,,,,,27139.0,,,,,4548.0,3255.0,,,,,,,,,,,1082958.0,,,,5403.0,,,,0.00498911315120254,,,,,,,,,,,,,,,,,,,,,,,,,,,,,,,,,ddr4_2x,3669095.0,0.11993809646633995,,27139.0,l1d,4548.0,0.16758170897969712,3255.0,imp,matmult_imp3_s32_sth2_pt8_l1d_ddr4_2x,7397876.0,,0.001222,1221808635.0,,1.0621931260229132,,0.9991816693944354,stage3,,,,s16_pt8_sth2,0.001221,1.0630630630630629,0.001298,0.002819368149714945,,,,,,,,,,,,,stage3: s32_sth2_pt8
,matmult,s32_sth2_pt8,,,,,,,,,,,1.3278008298755362,2.044188,,,,2137604.0,,,,1158788.0,,,,0.5420966652382762,,,,,,,,,,,,,,,,,,,,,,,,1076956.0,,,,1682.0,,,,0.0015618093961127474,,,,,,,6653.0,,,,,23.0,3754.0,,,,,,,,,,,,,,,,,,,,ddr4_1x,3618985.0,0.5642567262888922,,6653.0,l2,23.0,0.003457087028408237,3754.0,imp,matmult_imp3_s32_sth2_pt8_l2_ddr4_1x,7397876.0,,0.001205,1205122005.0,,1.0614107883817427,,1.0132780082987554,stage3,,,,s16_pt8_sth2,0.001221,1.0475020475020471,0.001279,0.6905813097866078,,,,,,,,,,,,,stage3: s32_sth2_pt8
,matmult,s32_sth8_pt8,,,,,,,,,,,0.1640689089417613,2.020721,,,,2138385.0,,,,1148919.0,,,,0.5372835106868034,,,,,,,27750.0,,,,,4507.0,3257.0,,,,,,,,,,,1081880.0,,,,5381.0,,,,0.004973749399193996,,,,,,,,,,,,,,,,,,,,,,,,,,,,,,,,,ddr4_2x,3661012.0,0.11736936936936937,,27750.0,l1d,4507.0,0.16241441441441443,3257.0,imp,matmult_imp3_s32_sth8_pt8_l1d_ddr4_2x,7397876.0,,0.001219,1219116996.0,,1.0648072190319933,,1.0016406890894176,stage3,,,,s16_pt8_sth2,0.001221,1.0630630630630629,0.001298,0.002826825068392329,,,,,,,,,,,,,stage3: s32_sth8_pt8
,matmult,s64_dist32_addr16,,,,,,,,,,,0.082850041425031,2.041538,,,,2138238.0,,,,1149126.0,,,,0.5374172566384098,,,,,,,24225.0,,,,,4710.0,3014.0,,,,,,,,,,,1082270.0,,,,5492.0,,,,0.005074519297402681,,,,,,,,,,,,,,,,,,,,,,,,,,,,,,,,,ddr4_1x,3623680.0,0.12441692466460268,,24225.0,l1d,4710.0,0.19442724458204336,3014.0,imp,matmult_imp3_s64_dist32_addr16_l1d_ddr4_1x,7397871.0,,0.001207,1206685440.0,,1.059652029826015,,1.0008285004142503,stage3,,,,s16_dist8_addr16,0.001208,1.058774834437086,0.001279,0.002616001527592133,,,,,,,,,,,,,stage3: s64_dist32_addr16
,matmult,s64_dist32_addr16,,,,,,,,,,,-1.6116035455277844,1.985255,,,,2138946.0,,,,1158773.0,,,,0.5417495345838558,,,,,,,,,,,,,,,,,,,,,,,,1077779.0,,,,2845.0,,,,0.0026396877281891743,,,,,,,45461.0,,,,,23.0,2559.0,,,,,,,,,,,,,,,,,,,,ddr4_1x,3726415.0,0.0562900068190317,,45461.0,l2,23.0,0.0005059281582015354,2559.0,imp,matmult_imp3_s64_dist32_addr16_l2_ddr4_1x,7397876.0,,0.001241,1240896195.0,,1.0306204673650283,,0.9838839645447222,stage3,,,,s16_pt8_sth2,0.001221,1.0475020475020471,0.001279,0.4735381199111769,,,,,,,,,,,,,stage3: s64_dist32_addr16
,matmult,s64_dist32_addr16,,,,,,,,,,,-1.7799352750809017,1.99294,,,,2138288.0,,,,1158899.0,,,,0.5419751689201828,,,,,,,,,,,,,,,,,,,,,,,,1077439.0,,,,2834.0,,,,0.002630311321569017,,,,,,,45921.0,,,,,20.0,2559.0,,,,,,,,,,,,,,,,,,,,ddr4_2x,3712044.0,0.0557261383680669,,45921.0,l2,20.0,0.0004355305851353411,2559.0,imp,matmult_imp3_s64_dist32_addr16_l2_ddr4_2x,7397871.0,,0.001236,1236110652.0,,1.0501618122977345,,0.982200647249191,stage3,,,,s16_ipd16_addr16,0.001214,1.0691927512355848,0.001298,0.4745039866493603,,,,,,,,,,,,,stage3: s64_dist32_addr16
,matmult,s64_dist8_addr16,,,,,,,,,,,0.082850041425031,2.041538,,,,2138238.0,,,,1149126.0,,,,0.5374172566384098,,,,,,,24225.0,,,,,4710.0,3014.0,,,,,,,,,,,1082270.0,,,,5492.0,,,,0.005074519297402681,,,,,,,,,,,,,,,,,,,,,,,,,,,,,,,,,ddr4_1x,3623680.0,0.12441692466460268,,24225.0,l1d,4710.0,0.19442724458204336,3014.0,imp,matmult_imp3_s64_dist8_addr16_l1d_ddr4_1x,7397871.0,,0.001207,1206685440.0,,1.059652029826015,,1.0008285004142503,stage3,,,,s16_dist8_addr16,0.001208,1.058774834437086,0.001279,0.002616001527592133,,,,,,,,,,,,,stage3: s64_dist8_addr16
,matmult,s64_dist8_addr16,,,,,,,,,,,-1.7799352750809017,1.99294,,,,2138288.0,,,,1158899.0,,,,0.5419751689201828,,,,,,,,,,,,,,,,,,,,,,,,1077439.0,,,,2834.0,,,,0.002630311321569017,,,,,,,45921.0,,,,,20.0,2559.0,,,,,,,,,,,,,,,,,,,,ddr4_2x,3712044.0,0.0557261383680669,,45921.0,l2,20.0,0.0004355305851353411,2559.0,imp,matmult_imp3_s64_dist8_addr16_l2_ddr4_2x,7397871.0,,0.001236,1236110652.0,,1.0501618122977345,,0.982200647249191,stage3,,,,s16_ipd16_addr16,0.001214,1.0691927512355848,0.001298,0.4745039866493603,,,,,,,,,,,,,stage3: s64_dist8_addr16
,matmult,s64_ipd16_addr16,,,,,,,,,,,0.082850041425031,2.041538,,,,2138238.0,,,,1149126.0,,,,0.5374172566384098,,,,,,,24225.0,,,,,4710.0,3014.0,,,,,,,,,,,1082270.0,,,,5492.0,,,,0.005074519297402681,,,,,,,,,,,,,,,,,,,,,,,,,,,,,,,,,ddr4_1x,3623680.0,0.12441692466460268,,24225.0,l1d,4710.0,0.19442724458204336,3014.0,imp,matmult_imp3_s64_ipd16_addr16_l1d_ddr4_1x,7397871.0,,0.001207,1206685440.0,,1.059652029826015,,1.0008285004142503,stage3,,,,s16_dist8_addr16,0.001208,1.058774834437086,0.001279,0.002616001527592133,,,,,,,,,,,,,stage3: s64_ipd16_addr16
,matmult,s64_ipd16_addr16,,,,,,,,,,,-1.6116035455277844,1.985255,,,,2138946.0,,,,1158773.0,,,,0.5417495345838558,,,,,,,,,,,,,,,,,,,,,,,,1077779.0,,,,2845.0,,,,0.0026396877281891743,,,,,,,45461.0,,,,,23.0,2559.0,,,,,,,,,,,,,,,,,,,,ddr4_1x,3726415.0,0.0562900068190317,,45461.0,l2,23.0,0.0005059281582015354,2559.0,imp,matmult_imp3_s64_ipd16_addr16_l2_ddr4_1x,7397876.0,,0.001241,1240896195.0,,1.0306204673650283,,0.9838839645447222,stage3,,,,s16_pt8_sth2,0.001221,1.0475020475020471,0.001279,0.4735381199111769,,,,,,,,,,,,,stage3: s64_ipd16_addr16
,matmult,s64_ipd16_addr16,,,,,,,,,,,-1.7799352750809017,1.99294,,,,2138288.0,,,,1158899.0,,,,0.5419751689201828,,,,,,,,,,,,,,,,,,,,,,,,1077439.0,,,,2834.0,,,,0.002630311321569017,,,,,,,45921.0,,,,,20.0,2559.0,,,,,,,,,,,,,,,,,,,,ddr4_2x,3712044.0,0.0557261383680669,,45921.0,l2,20.0,0.0004355305851353411,2559.0,imp,matmult_imp3_s64_ipd16_addr16_l2_ddr4_2x,7397871.0,,0.001236,1236110652.0,,1.0501618122977345,,0.982200647249191,stage3,,,,s16_ipd16_addr16,0.001214,1.0691927512355848,0.001298,0.4745039866493603,,,,,,,,,,,,,stage3: s64_ipd16_addr16
,matmult,s64_ipd16_pt32,,,,,,,,,,,-1.6116035455277844,1.985255,,,,2138946.0,,,,1158773.0,,,,0.5417495345838558,,,,,,,,,,,,,,,,,,,,,,,,1077779.0,,,,2845.0,,,,0.0026396877281891743,,,,,,,45461.0,,,,,23.0,2559.0,,,,,,,,,,,,,,,,,,,,ddr4_1x,3726415.0,0.0562900068190317,,45461.0,l2,23.0,0.0005059281582015354,2559.0,imp,matmult_imp3_s64_ipd16_pt32_l2_ddr4_1x,7397876.0,,0.001241,1240896195.0,,1.0306204673650283,,0.9838839645447222,stage3,,,,s16_pt8_sth2,0.001221,1.0475020475020471,0.001279,0.4735381199111769,,,,,,,,,,,,,stage3: s64_ipd16_pt32
,matmult,s64_ipd8_addr8,,,,,,,,,,,0.082850041425031,2.041538,,,,2138238.0,,,,1149126.0,,,,0.5374172566384098,,,,,,,24225.0,,,,,4710.0,3014.0,,,,,,,,,,,1082270.0,,,,5492.0,,,,0.005074519297402681,,,,,,,,,,,,,,,,,,,,,,,,,,,,,,,,,ddr4_1x,3623680.0,0.12441692466460268,,24225.0,l1d,4710.0,0.19442724458204336,3014.0,imp,matmult_imp3_s64_ipd8_addr8_l1d_ddr4_1x,7397871.0,,0.001207,1206685440.0,,1.059652029826015,,1.0008285004142503,stage3,,,,s16_dist8_addr16,0.001208,1.058774834437086,0.001279,0.002616001527592133,,,,,,,,,,,,,stage3: s64_ipd8_addr8
,matmult,s64_ipd8_addr8,,,,,,,,,,,-1.6116035455277844,1.985255,,,,2138946.0,,,,1158773.0,,,,0.5417495345838558,,,,,,,,,,,,,,,,,,,,,,,,1077779.0,,,,2845.0,,,,0.0026396877281891743,,,,,,,45461.0,,,,,23.0,2559.0,,,,,,,,,,,,,,,,,,,,ddr4_1x,3726415.0,0.0562900068190317,,45461.0,l2,23.0,0.0005059281582015354,2559.0,imp,matmult_imp3_s64_ipd8_addr8_l2_ddr4_1x,7397876.0,,0.001241,1240896195.0,,1.0306204673650283,,0.9838839645447222,stage3,,,,s16_pt8_sth2,0.001221,1.0475020475020471,0.001279,0.4735381199111769,,,,,,,,,,,,,stage3: s64_ipd8_addr8
,matmult,s64_ipd8_addr8,,,,,,,,,,,-1.7799352750809017,1.99294,,,,2138288.0,,,,1158899.0,,,,0.5419751689201828,,,,,,,,,,,,,,,,,,,,,,,,1077439.0,,,,2834.0,,,,0.002630311321569017,,,,,,,45921.0,,,,,20.0,2559.0,,,,,,,,,,,,,,,,,,,,ddr4_2x,3712044.0,0.0557261383680669,,45921.0,l2,20.0,0.0004355305851353411,2559.0,imp,matmult_imp3_s64_ipd8_addr8_l2_ddr4_2x,7397871.0,,0.001236,1236110652.0,,1.0501618122977345,,0.982200647249191,stage3,,,,s16_ipd16_addr16,0.001214,1.0691927512355848,0.001298,0.4745039866493603,,,,,,,,,,,,,stage3: s64_ipd8_addr8
,matmult,s64,,,,,,,,,,,0.082850041425031,2.041538,,,,2138238.0,,,,1149126.0,,,,0.5374172566384098,,,,,,,24225.0,,,,,4710.0,3014.0,,,,,,,,,,,1082270.0,,,,5492.0,,,,0.005074519297402681,,,,,,,,,,,,,,,,,,,,,,,,,,,,,,,,,ddr4_1x,3623680.0,0.12441692466460268,,24225.0,l1d,4710.0,0.19442724458204336,3014.0,imp,matmult_imp3_s64_l1d_ddr4_1x,7397871.0,,0.001207,1206685440.0,,1.059652029826015,,1.0008285004142503,stage3,,,,s16_dist8_addr16,0.001208,1.058774834437086,0.001279,0.002616001527592133,,,,,,,,,,,,,stage3: s64
,matmult,s64,,,,,,,,,,,-1.7799352750809017,1.99294,,,,2138288.0,,,,1158899.0,,,,0.5419751689201828,,,,,,,,,,,,,,,,,,,,,,,,1077439.0,,,,2834.0,,,,0.002630311321569017,,,,,,,45921.0,,,,,20.0,2559.0,,,,,,,,,,,,,,,,,,,,ddr4_2x,3712044.0,0.0557261383680669,,45921.0,l2,20.0,0.0004355305851353411,2559.0,imp,matmult_imp3_s64_l2_ddr4_2x,7397871.0,,0.001236,1236110652.0,,1.0501618122977345,,0.982200647249191,stage3,,,,s16_ipd16_addr16,0.001214,1.0691927512355848,0.001298,0.4745039866493603,,,,,,,,,,,,,stage3: s64
,matmult,s64_sth2_dist32_ipd16_addr16,,,,,,,,,,,0.246305418719217,2.021861,,,,2140135.0,,,,1150918.0,,,,0.5377782242708988,,,,,,,21277.0,,,,,3470.0,2954.0,,,,,,,,,,,1081955.0,,,,5413.0,,,,0.0050029807154641365,,,,,,,,,,,,,,,,,,,,,,,,,,,,,,,,,ddr4_2x,3658948.0,0.13883536212811956,,21277.0,l1d,3470.0,0.16308690134887438,2954.0,imp,matmult_imp3_s64_sth2_dist32_ipd16_addr16_l1d_ddr4_2x,7397876.0,,0.001218,1218429684.0,,1.0656814449917897,,1.0024630541871922,stage3,,,,s16_pt8_sth2,0.001221,1.0630630630630629,0.001298,0.0025600759876312105,,,,,,,,,,,,,stage3: s64_sth2_dist32_ipd16_addr16
,matmult,s64_sth2_dist32_ipd16,,,,,,,,,,,0.246305418719217,2.021861,,,,2140135.0,,,,1150918.0,,,,0.5377782242708988,,,,,,,21277.0,,,,,3470.0,2954.0,,,,,,,,,,,1081955.0,,,,5413.0,,,,0.0050029807154641365,,,,,,,,,,,,,,,,,,,,,,,,,,,,,,,,,ddr4_2x,3658948.0,0.13883536212811956,,21277.0,l1d,3470.0,0.16308690134887438,2954.0,imp,matmult_imp3_s64_sth2_dist32_ipd16_l1d_ddr4_2x,7397876.0,,0.001218,1218429684.0,,1.0656814449917897,,1.0024630541871922,stage3,,,,s16_pt8_sth2,0.001221,1.0630630630630629,0.001298,0.0025600759876312105,,,,,,,,,,,,,stage3: s64_sth2_dist32_ipd16
,matmult,s64_sth2,,,,,,,,,,,0.246305418719217,2.021861,,,,2140135.0,,,,1150918.0,,,,0.5377782242708988,,,,,,,21277.0,,,,,3470.0,2954.0,,,,,,,,,,,1081955.0,,,,5413.0,,,,0.0050029807154641365,,,,,,,,,,,,,,,,,,,,,,,,,,,,,,,,,ddr4_2x,3658948.0,0.13883536212811956,,21277.0,l1d,3470.0,0.16308690134887438,2954.0,imp,matmult_imp3_s64_sth2_l1d_ddr4_2x,7397876.0,,0.001218,1218429684.0,,1.0656814449917897,,1.0024630541871922,stage3,,,,s16_pt8_sth2,0.001221,1.0630630630630629,0.001298,0.0025600759876312105,,,,,,,,,,,,,stage3: s64_sth2
,matmult,s64_sth2_pt8,,,,,,,,,,,0.246305418719217,2.021861,,,,2140135.0,,,,1150918.0,,,,0.5377782242708988,,,,,,,21277.0,,,,,3470.0,2954.0,,,,,,,,,,,1081955.0,,,,5413.0,,,,0.0050029807154641365,,,,,,,,,,,,,,,,,,,,,,,,,,,,,,,,,ddr4_2x,3658948.0,0.13883536212811956,,21277.0,l1d,3470.0,0.16308690134887438,2954.0,imp,matmult_imp3_s64_sth2_pt8_l1d_ddr4_2x,7397876.0,,0.001218,1218429684.0,,1.0656814449917897,,1.0024630541871922,stage3,,,,s16_pt8_sth2,0.001221,1.0630630630630629,0.001298,0.0025600759876312105,,,,,,,,,,,,,stage3: s64_sth2_pt8
,matmult,s64_sth2_pt8,,,,,,,,,,,-1.7699115044247704,1.981807,,,,2139903.0,,,,1160363.0,,,,0.5422502795687468,,,,,,,,,,,,,,,,,,,,,,,,1078546.0,,,,2994.0,,,,0.002775959486197158,,,,,,,51618.0,,,,,17.0,2394.0,,,,,,,,,,,,,,,,,,,,ddr4_1x,3732899.0,0.046379170056956874,,51618.0,l2,17.0,0.00032934247743035376,2394.0,imp,matmult_imp3_s64_sth2_pt8_l2_ddr4_1x,7397876.0,,0.001243,1243055367.0,,1.0289621882542237,,0.9823008849557524,stage3,,,,s16_pt8_sth2,0.001221,1.0475020475020471,0.001279,0.4443207126948775,,,,,,,,,,,,,stage3: s64_sth2_pt8
,matmult,s64_sth8_pt8,,,,,,,,,,,0.246305418719217,2.022768,,,,2139330.0,,,,1151099.0,,,,0.5380651886338246,,,,,,,20413.0,,,,,3633.0,2740.0,,,,,,,,,,,1081401.0,,,,5385.0,,,,0.004979651396660443,,,,,,,,,,,,,,,,,,,,,,,,,,,,,,,,,ddr4_2x,3657306.0,0.1342281879194631,,20413.0,l1d,3633.0,0.17797481996766767,2740.0,imp,matmult_imp3_s64_sth8_pt8_l1d_ddr4_2x,7397871.0,,0.001218,1217882898.0,,1.0656814449917897,,1.0024630541871922,stage3,,,,s16_pt8_sth2,0.001221,1.0630630630630629,0.001298,0.0023746813896912827,,,,,,,,,,,,,stage3: s64_sth8_pt8
,merge,s32_dist32_addr16,,,,,,,,,,,1.969861124790695,1.243717,,,,11106045.0,,,,844646.0,,,,0.07605281628158359,,,,,,,,,,,,,,,,,,,,,,,,201240.0,,,,17248.0,,,,0.0857086066388392,,,,,,,85093.0,,,,,373.0,54694.0,,,,,,,,,,,,,,,,,,,,ddr4_1x,30488842.0,0.6427555733139036,,85093.0,l2,373.0,0.004383439295829269,54694.0,imp,merge_imp3_s32_dist32_addr16_l2_ddr4_1x,37919464.0,,0.010153,10152784386.0,,1.145572737122033,,1.019698611247907,stage3,,,,s16_ipd16_addr16,0.010353,1.123442480440452,0.011631,0.760251313558144,,,,,,,,,,,,,stage3: s32_dist32_addr16
,merge,s32_dist32_addr16,,,,,,,,,,,1.7212217689782203,1.256344,,,,11105968.0,,,,848023.0,,,,0.07635741431994042,,,,,,,,,,,,,,,,,,,,,,,,201366.0,,,,13428.0,,,,0.06668454456065076,,,,,,,91714.0,,,,,357.0,58643.0,,,,,,,,,,,,,,,,,,,,ddr4_2x,30182461.0,0.6394116492574743,,91714.0,l2,357.0,0.0038925354907647686,58643.0,imp,merge_imp3_s32_dist32_addr16_l2_ddr4_2x,37919508.0,,0.010051,10050759513.0,,1.1637647995224358,,1.0172122176897822,stage3,,,,aggr_s16_sth2_d32_ipd16,0.010224,1.1440727699530515,0.011697,0.8136837285454621,,,,,,,,,,,,,stage3: s32_dist32_addr16
,merge,s32_dist8_addr16,,,,,,,,,,,0.6418613980543553,1.266333,,,,10964064.0,,,,779785.0,,,,0.07112189421732672,,,,,,,210212.0,,,,,7272.0,76526.0,,,,,,,,,,,214938.0,,,,73925.0,,,,0.3439363909592534,,,,,,,,,,,,,,,,,,,,,,,,,,,,,,,,,ddr4_1x,29943828.0,0.36404201472798886,,210212.0,l1d,7272.0,0.03459364831693719,76526.0,imp,merge_imp3_s32_dist8_addr16_l1d_ddr4_1x,37918829.0,,0.009971,9971294724.0,,1.166482800120349,,1.0064186139805436,stage3,,,,s16_pt8_sth8,0.010035,1.1590433482810163,0.011631,0.0893670640690123,,,,,,,,,,,,,stage3: s32_dist8_addr16
,merge,s32_dist8_addr16,,,,,,,,,,,1.969861124790695,1.243717,,,,11106045.0,,,,844646.0,,,,0.07605281628158359,,,,,,,,,,,,,,,,,,,,,,,,201240.0,,,,17248.0,,,,0.0857086066388392,,,,,,,85093.0,,,,,373.0,54694.0,,,,,,,,,,,,,,,,,,,,ddr4_1x,30488842.0,0.6427555733139036,,85093.0,l2,373.0,0.004383439295829269,54694.0,imp,merge_imp3_s32_dist8_addr16_l2_ddr4_1x,37919464.0,,0.010153,10152784386.0,,1.145572737122033,,1.019698611247907,stage3,,,,s16_ipd16_addr16,0.010353,1.123442480440452,0.011631,0.760251313558144,,,,,,,,,,,,,stage3: s32_dist8_addr16
,merge,s32_dist8_addr16,,,,,,,,,,,1.7212217689782203,1.256344,,,,11105968.0,,,,848023.0,,,,0.07635741431994042,,,,,,,,,,,,,,,,,,,,,,,,201366.0,,,,13428.0,,,,0.06668454456065076,,,,,,,91714.0,,,,,357.0,58643.0,,,,,,,,,,,,,,,,,,,,ddr4_2x,30182461.0,0.6394116492574743,,91714.0,l2,357.0,0.0038925354907647686,58643.0,imp,merge_imp3_s32_dist8_addr16_l2_ddr4_2x,37919508.0,,0.010051,10050759513.0,,1.1637647995224358,,1.0172122176897822,stage3,,,,aggr_s16_sth2_d32_ipd16,0.010224,1.1440727699530515,0.011697,0.8136837285454621,,,,,,,,,,,,,stage3: s32_dist8_addr16
,merge,s32_ipd16_addr16,,,,,,,,,,,0.6418613980543553,1.266333,,,,10964064.0,,,,779785.0,,,,0.07112189421732672,,,,,,,210212.0,,,,,7272.0,76526.0,,,,,,,,,,,214938.0,,,,73925.0,,,,0.3439363909592534,,,,,,,,,,,,,,,,,,,,,,,,,,,,,,,,,ddr4_1x,29943828.0,0.36404201472798886,,210212.0,l1d,7272.0,0.03459364831693719,76526.0,imp,merge_imp3_s32_ipd16_addr16_l1d_ddr4_1x,37918829.0,,0.009971,9971294724.0,,1.166482800120349,,1.0064186139805436,stage3,,,,s16_pt8_sth8,0.010035,1.1590433482810163,0.011631,0.0893670640690123,,,,,,,,,,,,,stage3: s32_ipd16_addr16
,merge,s32_ipd16_addr16,,,,,,,,,,,1.969861124790695,1.243717,,,,11106045.0,,,,844646.0,,,,0.07605281628158359,,,,,,,,,,,,,,,,,,,,,,,,201240.0,,,,17248.0,,,,0.0857086066388392,,,,,,,85093.0,,,,,373.0,54694.0,,,,,,,,,,,,,,,,,,,,ddr4_1x,30488842.0,0.6427555733139036,,85093.0,l2,373.0,0.004383439295829269,54694.0,imp,merge_imp3_s32_ipd16_addr16_l2_ddr4_1x,37919464.0,,0.010153,10152784386.0,,1.145572737122033,,1.019698611247907,stage3,,,,s16_ipd16_addr16,0.010353,1.123442480440452,0.011631,0.760251313558144,,,,,,,,,,,,,stage3: s32_ipd16_addr16
,merge,s32_ipd8_addr8,,,,,,,,,,,0.6418613980543553,1.266333,,,,10964064.0,,,,779785.0,,,,0.07112189421732672,,,,,,,210212.0,,,,,7272.0,76526.0,,,,,,,,,,,214938.0,,,,73925.0,,,,0.3439363909592534,,,,,,,,,,,,,,,,,,,,,,,,,,,,,,,,,ddr4_1x,29943828.0,0.36404201472798886,,210212.0,l1d,7272.0,0.03459364831693719,76526.0,imp,merge_imp3_s32_ipd8_addr8_l1d_ddr4_1x,37918829.0,,0.009971,9971294724.0,,1.166482800120349,,1.0064186139805436,stage3,,,,s16_pt8_sth8,0.010035,1.1590433482810163,0.011631,0.0893670640690123,,,,,,,,,,,,,stage3: s32_ipd8_addr8
,merge,s32_ipd8_addr8,,,,,,,,,,,1.969861124790695,1.243717,,,,11106045.0,,,,844646.0,,,,0.07605281628158359,,,,,,,,,,,,,,,,,,,,,,,,201240.0,,,,17248.0,,,,0.0857086066388392,,,,,,,85093.0,,,,,373.0,54694.0,,,,,,,,,,,,,,,,,,,,ddr4_1x,30488842.0,0.6427555733139036,,85093.0,l2,373.0,0.004383439295829269,54694.0,imp,merge_imp3_s32_ipd8_addr8_l2_ddr4_1x,37919464.0,,0.010153,10152784386.0,,1.145572737122033,,1.019698611247907,stage3,,,,s16_ipd16_addr16,0.010353,1.123442480440452,0.011631,0.760251313558144,,,,,,,,,,,,,stage3: s32_ipd8_addr8
,merge,s32,,,,,,,,,,,0.6418613980543553,1.266333,,,,10964064.0,,,,779785.0,,,,0.07112189421732672,,,,,,,210212.0,,,,,7272.0,76526.0,,,,,,,,,,,214938.0,,,,73925.0,,,,0.3439363909592534,,,,,,,,,,,,,,,,,,,,,,,,,,,,,,,,,ddr4_1x,29943828.0,0.36404201472798886,,210212.0,l1d,7272.0,0.03459364831693719,76526.0,imp,merge_imp3_s32_l1d_ddr4_1x,37918829.0,,0.009971,9971294724.0,,1.166482800120349,,1.0064186139805436,stage3,,,,s16_pt8_sth8,0.010035,1.1590433482810163,0.011631,0.0893670640690123,,,,,,,,,,,,,stage3: s32
,merge,s32,,,,,,,,,,,1.969861124790695,1.243717,,,,11106045.0,,,,844646.0,,,,0.07605281628158359,,,,,,,,,,,,,,,,,,,,,,,,201240.0,,,,17248.0,,,,0.0857086066388392,,,,,,,85093.0,,,,,373.0,54694.0,,,,,,,,,,,,,,,,,,,,ddr4_1x,30488842.0,0.6427555733139036,,85093.0,l2,373.0,0.004383439295829269,54694.0,imp,merge_imp3_s32_l2_ddr4_1x,37919464.0,,0.010153,10152784386.0,,1.145572737122033,,1.019698611247907,stage3,,,,s16_ipd16_addr16,0.010353,1.123442480440452,0.011631,0.760251313558144,,,,,,,,,,,,,stage3: s32
,merge,s32,,,,,,,,,,,1.7212217689782203,1.256344,,,,11105968.0,,,,848023.0,,,,0.07635741431994042,,,,,,,,,,,,,,,,,,,,,,,,201366.0,,,,13428.0,,,,0.06668454456065076,,,,,,,91714.0,,,,,357.0,58643.0,,,,,,,,,,,,,,,,,,,,ddr4_2x,30182461.0,0.6394116492574743,,91714.0,l2,357.0,0.0038925354907647686,58643.0,imp,merge_imp3_s32_l2_ddr4_2x,37919508.0,,0.010051,10050759513.0,,1.1637647995224358,,1.0172122176897822,stage3,,,,aggr_s16_sth2_d32_ipd16,0.010224,1.1440727699530515,0.011697,0.8136837285454621,,,,,,,,,,,,,stage3: s32
,merge,s32_sth2_dist32_ipd16_addr16,,,,,,,,,,,0.6751990325506441,1.272466,,,,10964189.0,,,,773211.0,,,,0.07052149502348053,,,,,,,216109.0,,,,,7334.0,76960.0,,,,,,,,,,,215015.0,,,,73919.0,,,,0.34378531730344397,,,,,,,,,,,,,,,,,,,,,,,,,,,,,,,,,ddr4_2x,29799524.0,0.3561165893137259,,216109.0,l1d,7334.0,0.033936578300764894,76960.0,imp,merge_imp3_s32_sth2_dist32_ipd16_addr16_l1d_ddr4_2x,37918834.0,,0.009923,9923241492.0,,1.1787765796634084,,1.0067519903255064,stage3,,,,s16_sth8,0.00999,1.1708708708708708,0.011697,0.09052296537990592,,,,,,,,,,,,,stage3: s32_sth2_dist32_ipd16_addr16
,merge,s32_sth2_dist32_ipd16_addr16,,,,,,,,,,,1.7212217689782203,1.256354,,,,11105982.0,,,,848012.0,,,,0.07635632760795039,,,,,,,,,,,,,,,,,,,,,,,,201367.0,,,,13421.0,,,,0.06664945100239861,,,,,,,91741.0,,,,,391.0,58651.0,,,,,,,,,,,,,,,,,,,,ddr4_2x,30182246.0,0.6393106680764326,,91741.0,l2,391.0,0.004261998452164245,58651.0,imp,merge_imp3_s32_sth2_dist32_ipd16_addr16_l2_ddr4_2x,37919536.0,,0.010051,10050687918.0,,1.1637647995224358,,1.0172122176897822,stage3,,,,aggr_s16_sth2_d32_ipd16,0.010224,1.1440727699530515,0.011697,0.8137834387834387,,,,,,,,,,,,,stage3: s32_sth2_dist32_ipd16_addr16
,merge,s32_sth2_dist32_ipd16,,,,,,,,,,,0.6751990325506441,1.272466,,,,10964189.0,,,,773211.0,,,,0.07052149502348053,,,,,,,216109.0,,,,,7334.0,76960.0,,,,,,,,,,,215015.0,,,,73919.0,,,,0.34378531730344397,,,,,,,,,,,,,,,,,,,,,,,,,,,,,,,,,ddr4_2x,29799524.0,0.3561165893137259,,216109.0,l1d,7334.0,0.033936578300764894,76960.0,imp,merge_imp3_s32_sth2_dist32_ipd16_l1d_ddr4_2x,37918834.0,,0.009923,9923241492.0,,1.1787765796634084,,1.0067519903255064,stage3,,,,s16_sth8,0.00999,1.1708708708708708,0.011697,0.09052296537990592,,,,,,,,,,,,,stage3: s32_sth2_dist32_ipd16
,merge,s32_sth2_dist32_ipd16,,,,,,,,,,,1.7212217689782203,1.256354,,,,11105982.0,,,,848012.0,,,,0.07635632760795039,,,,,,,,,,,,,,,,,,,,,,,,201367.0,,,,13421.0,,,,0.06664945100239861,,,,,,,91741.0,,,,,391.0,58651.0,,,,,,,,,,,,,,,,,,,,ddr4_2x,30182246.0,0.6393106680764326,,91741.0,l2,391.0,0.004261998452164245,58651.0,imp,merge_imp3_s32_sth2_dist32_ipd16_l2_ddr4_2x,37919536.0,,0.010051,10050687918.0,,1.1637647995224358,,1.0172122176897822,stage3,,,,aggr_s16_sth2_d32_ipd16,0.010224,1.1440727699530515,0.011697,0.8137834387834387,,,,,,,,,,,,,stage3: s32_sth2_dist32_ipd16
,merge,s32_sth2,,,,,,,,,,,0.6751990325506441,1.272466,,,,10964189.0,,,,773211.0,,,,0.07052149502348053,,,,,,,216109.0,,,,,7334.0,76960.0,,,,,,,,,,,215015.0,,,,73919.0,,,,0.34378531730344397,,,,,,,,,,,,,,,,,,,,,,,,,,,,,,,,,ddr4_2x,29799524.0,0.3561165893137259,,216109.0,l1d,7334.0,0.033936578300764894,76960.0,imp,merge_imp3_s32_sth2_l1d_ddr4_2x,37918834.0,,0.009923,9923241492.0,,1.1787765796634084,,1.0067519903255064,stage3,,,,s16_sth8,0.00999,1.1708708708708708,0.011697,0.09052296537990592,,,,,,,,,,,,,stage3: s32_sth2
,merge,s32_sth8,,,,,,,,,,,0.6853456964321714,1.272676,,,,10964267.0,,,,770952.0,,,,0.07031496040729399,,,,,,,214165.0,,,,,6962.0,77236.0,,,,,,,,,,,214411.0,,,,73686.0,,,,0.3436670693201375,,,,,,,,,,,,,,,,,,,,,,,,,,,,,,,,,ddr4_2x,29794606.0,0.3606378259752994,,214165.0,l1d,6962.0,0.03250764597389863,77236.0,imp,merge_imp3_s32_sth8_l1d_ddr4_2x,37918829.0,,0.009922,9921603798.0,,1.1788953839951624,,1.0068534569643215,stage3,,,,s16_sth8,0.00999,1.1708708708708708,0.011697,0.09106000084886841,,,,,,,,,,,,,stage3: s32_sth8
,merge,s32_sth8_pt8,,,,,,,,,,,0.67215088282504,1.26678,,,,10964256.0,,,,779345.0,,,,0.07108051836804978,,,,,,,202153.0,,,,,6754.0,75622.0,,,,,,,,,,,213524.0,,,,73439.0,,,,0.3439379179858002,,,,,,,,,,,,,,,,,,,,,,,,,,,,,,,,,ddr4_1x,29933264.0,0.374082996542223,,202153.0,l1d,6754.0,0.03341033771450337,75622.0,imp,merge_imp3_s32_sth8_pt8_l1d_ddr4_1x,37918829.0,,0.009968,9967776912.0,,1.1668338683788124,,1.0067215088282504,stage3,,,,s16_pt8_sth8,0.010035,1.1590433482810163,0.011631,0.08845019749300266,,,,,,,,,,,,,stage3: s32_sth8_pt8
,merge,s32_sth8_pt8,,,,,,,,,,,0.6346328195829587,1.271961,,,,10964331.0,,,,772468.0,,,,0.0704528165010706,,,,,,,209232.0,,,,,6861.0,76327.0,,,,,,,,,,,213664.0,,,,73536.0,,,,0.3441665418601168,,,,,,,,,,,,,,,,,,,,,,,,,,,,,,,,,ddr4_2x,29811348.0,0.3647960159057888,,209232.0,l1d,6861.0,0.03279135122734572,76327.0,imp,merge_imp3_s32_sth8_pt8_l1d_ddr4_2x,37918834.0,,0.009927,9927178884.0,,1.1783016016923542,,1.0063463281958296,stage3,,,,s16_sth8,0.00999,1.1708708708708708,0.011697,0.08992395101290654,,,,,,,,,,,,,stage3: s32_sth8_pt8
,merge,s64_dist32_addr16,,,,,,,,,,,-2.0807717771682777,1.194281,,,,11163710.0,,,,893147.0,,,,0.08000449671301028,,,,,,,,,,,,,,,,,,,,,,,,201511.0,,,,24937.0,,,,0.12375006823448843,,,,,,,605153.0,,,,,335.0,47255.0,,,,,,,,,,,,,,,,,,,,ddr4_1x,31750920.0,0.0780876902204897,,605153.0,l2,335.0,0.0005535790122497947,47255.0,imp,merge_imp3_s64_dist32_addr16_l2_ddr4_1x,37919492.0,,0.010573,10573056360.0,,1.100066206374728,,0.9791922822283172,stage3,,,,s16_ipd16_addr16,0.010353,1.123442480440452,0.011631,0.6545739140070922,,,,,,,,,,,,,stage3: s64_dist32_addr16
,merge,s64_dist32_addr16,,,,,,,,,,,-1.7017594462070962,1.214027,,,,11157468.0,,,,892264.0,,,,0.079970115083458,,,,,,,,,,,,,,,,,,,,,,,,201392.0,,,,24554.0,,,,0.12192142686899182,,,,,,,600627.0,,,,,337.0,47524.0,,,,,,,,,,,,,,,,,,,,ddr4_2x,31234557.0,0.07912398210536656,,600627.0,l2,337.0,0.0005610803377137558,47524.0,imp,merge_imp3_s64_dist32_addr16_l2_ddr4_2x,37919564.0,,0.010401,10401107481.0,,1.1246034035188925,,0.982982405537929,stage3,,,,aggr_s16_sth2_d32_ipd16,0.010224,1.1440727699530515,0.011697,0.6593412691806099,,,,,,,,,,,,,stage3: s64_dist32_addr16
,merge,s64_dist8_addr16,,,,,,,,,,,-0.7712844853159262,1.248571,,,,10959649.0,,,,798466.0,,,,0.07285507044979268,,,,,,,368099.0,,,,,6858.0,70950.0,,,,,,,,,,,214239.0,,,,73792.0,,,,0.34443775409705985,,,,,,,,,,,,,,,,,,,,,,,,,,,,,,,,,ddr4_1x,30370306.0,0.19274705989421323,,368099.0,l1d,6858.0,0.018630857459542134,70950.0,imp,merge_imp3_s64_dist8_addr16_l1d_ddr4_1x,37919439.0,,0.010113,10113311898.0,,1.1501038267576387,,0.9922871551468408,stage3,,,,s16_pt8_sth8,0.010035,1.1590433482810163,0.011631,0.08160650367603081,,,,,,,,,,,,,stage3: s64_dist8_addr16
,merge,s64_dist8_addr16,,,,,,,,,,,-2.0807717771682777,1.194281,,,,11163710.0,,,,893147.0,,,,0.08000449671301028,,,,,,,,,,,,,,,,,,,,,,,,201511.0,,,,24937.0,,,,0.12375006823448843,,,,,,,605153.0,,,,,335.0,47255.0,,,,,,,,,,,,,,,,,,,,ddr4_1x,31750920.0,0.0780876902204897,,605153.0,l2,335.0,0.0005535790122497947,47255.0,imp,merge_imp3_s64_dist8_addr16_l2_ddr4_1x,37919492.0,,0.010573,10573056360.0,,1.100066206374728,,0.9791922822283172,stage3,,,,s16_ipd16_addr16,0.010353,1.123442480440452,0.011631,0.6545739140070922,,,,,,,,,,,,,stage3: s64_dist8_addr16
,merge,s64_dist8_addr16,,,,,,,,,,,-1.7017594462070962,1.214027,,,,11157468.0,,,,892264.0,,,,0.079970115083458,,,,,,,,,,,,,,,,,,,,,,,,201392.0,,,,24554.0,,,,0.12192142686899182,,,,,,,600627.0,,,,,337.0,47524.0,,,,,,,,,,,,,,,,,,,,ddr4_2x,31234557.0,0.07912398210536656,,600627.0,l2,337.0,0.0005610803377137558,47524.0,imp,merge_imp3_s64_dist8_addr16_l2_ddr4_2x,37919564.0,,0.010401,10401107481.0,,1.1246034035188925,,0.982982405537929,stage3,,,,aggr_s16_sth2_d32_ipd16,0.010224,1.1440727699530515,0.011697,0.6593412691806099,,,,,,,,,,,,,stage3: s64_dist8_addr16
,merge,s64_ipd16_addr16,,,,,,,,,,,-0.7712844853159262,1.248571,,,,10959649.0,,,,798466.0,,,,0.07285507044979268,,,,,,,368099.0,,,,,6858.0,70950.0,,,,,,,,,,,214239.0,,,,73792.0,,,,0.34443775409705985,,,,,,,,,,,,,,,,,,,,,,,,,,,,,,,,,ddr4_1x,30370306.0,0.19274705989421323,,368099.0,l1d,6858.0,0.018630857459542134,70950.0,imp,merge_imp3_s64_ipd16_addr16_l1d_ddr4_1x,37919439.0,,0.010113,10113311898.0,,1.1501038267576387,,0.9922871551468408,stage3,,,,s16_pt8_sth8,0.010035,1.1590433482810163,0.011631,0.08160650367603081,,,,,,,,,,,,,stage3: s64_ipd16_addr16
,merge,s64_ipd16_addr16,,,,,,,,,,,-2.0807717771682777,1.194281,,,,11163710.0,,,,893147.0,,,,0.08000449671301028,,,,,,,,,,,,,,,,,,,,,,,,201511.0,,,,24937.0,,,,0.12375006823448843,,,,,,,605153.0,,,,,335.0,47255.0,,,,,,,,,,,,,,,,,,,,ddr4_1x,31750920.0,0.0780876902204897,,605153.0,l2,335.0,0.0005535790122497947,47255.0,imp,merge_imp3_s64_ipd16_addr16_l2_ddr4_1x,37919492.0,,0.010573,10573056360.0,,1.100066206374728,,0.9791922822283172,stage3,,,,s16_ipd16_addr16,0.010353,1.123442480440452,0.011631,0.6545739140070922,,,,,,,,,,,,,stage3: s64_ipd16_addr16
,merge,s64_ipd8_addr8,,,,,,,,,,,-0.7712844853159262,1.248571,,,,10959649.0,,,,798466.0,,,,0.07285507044979268,,,,,,,368099.0,,,,,6858.0,70950.0,,,,,,,,,,,214239.0,,,,73792.0,,,,0.34443775409705985,,,,,,,,,,,,,,,,,,,,,,,,,,,,,,,,,ddr4_1x,30370306.0,0.19274705989421323,,368099.0,l1d,6858.0,0.018630857459542134,70950.0,imp,merge_imp3_s64_ipd8_addr8_l1d_ddr4_1x,37919439.0,,0.010113,10113311898.0,,1.1501038267576387,,0.9922871551468408,stage3,,,,s16_pt8_sth8,0.010035,1.1590433482810163,0.011631,0.08160650367603081,,,,,,,,,,,,,stage3: s64_ipd8_addr8
,merge,s64_ipd8_addr8,,,,,,,,,,,-2.0807717771682777,1.194281,,,,11163710.0,,,,893147.0,,,,0.08000449671301028,,,,,,,,,,,,,,,,,,,,,,,,201511.0,,,,24937.0,,,,0.12375006823448843,,,,,,,605153.0,,,,,335.0,47255.0,,,,,,,,,,,,,,,,,,,,ddr4_1x,31750920.0,0.0780876902204897,,605153.0,l2,335.0,0.0005535790122497947,47255.0,imp,merge_imp3_s64_ipd8_addr8_l2_ddr4_1x,37919492.0,,0.010573,10573056360.0,,1.100066206374728,,0.9791922822283172,stage3,,,,s16_ipd16_addr16,0.010353,1.123442480440452,0.011631,0.6545739140070922,,,,,,,,,,,,,stage3: s64_ipd8_addr8
,merge,s64,,,,,,,,,,,-0.7712844853159262,1.248571,,,,10959649.0,,,,798466.0,,,,0.07285507044979268,,,,,,,368099.0,,,,,6858.0,70950.0,,,,,,,,,,,214239.0,,,,73792.0,,,,0.34443775409705985,,,,,,,,,,,,,,,,,,,,,,,,,,,,,,,,,ddr4_1x,30370306.0,0.19274705989421323,,368099.0,l1d,6858.0,0.018630857459542134,70950.0,imp,merge_imp3_s64_l1d_ddr4_1x,37919439.0,,0.010113,10113311898.0,,1.1501038267576387,,0.9922871551468408,stage3,,,,s16_pt8_sth8,0.010035,1.1590433482810163,0.011631,0.08160650367603081,,,,,,,,,,,,,stage3: s64
,merge,s64,,,,,,,,,,,-2.0807717771682777,1.194281,,,,11163710.0,,,,893147.0,,,,0.08000449671301028,,,,,,,,,,,,,,,,,,,,,,,,201511.0,,,,24937.0,,,,0.12375006823448843,,,,,,,605153.0,,,,,335.0,47255.0,,,,,,,,,,,,,,,,,,,,ddr4_1x,31750920.0,0.0780876902204897,,605153.0,l2,335.0,0.0005535790122497947,47255.0,imp,merge_imp3_s64_l2_ddr4_1x,37919492.0,,0.010573,10573056360.0,,1.100066206374728,,0.9791922822283172,stage3,,,,s16_ipd16_addr16,0.010353,1.123442480440452,0.011631,0.6545739140070922,,,,,,,,,,,,,stage3: s64
,merge,s64,,,,,,,,,,,-1.7017594462070962,1.214027,,,,11157468.0,,,,892264.0,,,,0.079970115083458,,,,,,,,,,,,,,,,,,,,,,,,201392.0,,,,24554.0,,,,0.12192142686899182,,,,,,,600627.0,,,,,337.0,47524.0,,,,,,,,,,,,,,,,,,,,ddr4_2x,31234557.0,0.07912398210536656,,600627.0,l2,337.0,0.0005610803377137558,47524.0,imp,merge_imp3_s64_l2_ddr4_2x,37919564.0,,0.010401,10401107481.0,,1.1246034035188925,,0.982982405537929,stage3,,,,aggr_s16_sth2_d32_ipd16,0.010224,1.1440727699530515,0.011697,0.6593412691806099,,,,,,,,,,,,,stage3: s64
,merge,s64_sth2_dist32_ipd16_addr16,,,,,,,,,,,-0.8141382049245305,1.253715,,,,10959161.0,,,,788238.0,,,,0.07192503148735564,,,,,,,368746.0,,,,,7008.0,72417.0,,,,,,,,,,,214590.0,,,,73812.0,,,,0.3439675660562002,,,,,,,,,,,,,,,,,,,,,,,,,,,,,,,,,ddr4_2x,30245771.0,0.19638721504775644,,368746.0,l1d,7008.0,0.0190049519181225,72417.0,imp,merge_imp3_s64_sth2_dist32_ipd16_addr16_l1d_ddr4_2x,37919536.0,,0.010072,10071841743.0,,1.1613383637807786,,0.9918586179507548,stage3,,,,s16_sth8,0.00999,1.1708708708708708,0.011697,0.08414172926433937,,,,,,,,,,,,,stage3: s64_sth2_dist32_ipd16_addr16
,merge,s64_sth2_dist32_ipd16_addr16,,,,,,,,,,,-1.7017594462070962,1.214036,,,,11157424.0,,,,892246.0,,,,0.07996881717500384,,,,,,,,,,,,,,,,,,,,,,,,201392.0,,,,24547.0,,,,0.12188666878525463,,,,,,,600664.0,,,,,378.0,47531.0,,,,,,,,,,,,,,,,,,,,ddr4_2x,31234335.0,0.07913076195676784,,600664.0,l2,378.0,0.0006293035707150754,47531.0,imp,merge_imp3_s64_sth2_dist32_ipd16_addr16_l2_ddr4_2x,37919564.0,,0.010401,10401033555.0,,1.1246034035188925,,0.982982405537929,stage3,,,,aggr_s16_sth2_d32_ipd16,0.010224,1.1440727699530515,0.011697,0.6594383861927356,,,,,,,,,,,,,stage3: s64_sth2_dist32_ipd16_addr16
,merge,s64_sth2_dist32_ipd16,,,,,,,,,,,-0.8141382049245305,1.253715,,,,10959161.0,,,,788238.0,,,,0.07192503148735564,,,,,,,368746.0,,,,,7008.0,72417.0,,,,,,,,,,,214590.0,,,,73812.0,,,,0.3439675660562002,,,,,,,,,,,,,,,,,,,,,,,,,,,,,,,,,ddr4_2x,30245771.0,0.19638721504775644,,368746.0,l1d,7008.0,0.0190049519181225,72417.0,imp,merge_imp3_s64_sth2_dist32_ipd16_l1d_ddr4_2x,37919536.0,,0.010072,10071841743.0,,1.1613383637807786,,0.9918586179507548,stage3,,,,s16_sth8,0.00999,1.1708708708708708,0.011697,0.08414172926433937,,,,,,,,,,,,,stage3: s64_sth2_dist32_ipd16
,merge,s64_sth2_dist32_ipd16,,,,,,,,,,,-1.7017594462070962,1.214036,,,,11157424.0,,,,892246.0,,,,0.07996881717500384,,,,,,,,,,,,,,,,,,,,,,,,201392.0,,,,24547.0,,,,0.12188666878525463,,,,,,,600664.0,,,,,378.0,47531.0,,,,,,,,,,,,,,,,,,,,ddr4_2x,31234335.0,0.07913076195676784,,600664.0,l2,378.0,0.0006293035707150754,47531.0,imp,merge_imp3_s64_sth2_dist32_ipd16_l2_ddr4_2x,37919564.0,,0.010401,10401033555.0,,1.1246034035188925,,0.982982405537929,stage3,,,,aggr_s16_sth2_d32_ipd16,0.010224,1.1440727699530515,0.011697,0.6594383861927356,,,,,,,,,,,,,stage3: s64_sth2_dist32_ipd16
,merge,s64_sth2,,,,,,,,,,,-0.8141382049245305,1.253715,,,,10959161.0,,,,788238.0,,,,0.07192503148735564,,,,,,,368746.0,,,,,7008.0,72417.0,,,,,,,,,,,214590.0,,,,73812.0,,,,0.3439675660562002,,,,,,,,,,,,,,,,,,,,,,,,,,,,,,,,,ddr4_2x,30245771.0,0.19638721504775644,,368746.0,l1d,7008.0,0.0190049519181225,72417.0,imp,merge_imp3_s64_sth2_l1d_ddr4_2x,37919536.0,,0.010072,10071841743.0,,1.1613383637807786,,0.9918586179507548,stage3,,,,s16_sth8,0.00999,1.1708708708708708,0.011697,0.08414172926433937,,,,,,,,,,,,,stage3: s64_sth2
,merge,s64_sth8,,,,,,,,,,,-0.8141382049245305,1.253705,,,,10959367.0,,,,789626.0,,,,0.07205032918415817,,,,,,,368372.0,,,,,6830.0,71861.0,,,,,,,,,,,214282.0,,,,73659.0,,,,0.34374795829794386,,,,,,,,,,,,,,,,,,,,,,,,,,,,,,,,,ddr4_2x,30246025.0,0.19507725885789365,,368372.0,l1d,6830.0,0.01854104003561617,71861.0,imp,merge_imp3_s64_sth8_l1d_ddr4_2x,37919536.0,,0.010072,10071926325.0,,1.1613383637807786,,0.9918586179507548,stage3,,,,s16_sth8,0.00999,1.1708708708708708,0.011697,0.08341507184670227,,,,,,,,,,,,,stage3: s64_sth8
,merge,s64_sth8_pt8,,,,,,,,,,,-0.8399209486166015,1.247692,,,,10959687.0,,,,797795.0,,,,0.07279359346667473,,,,,,,345458.0,,,,,6095.0,69569.0,,,,,,,,,,,212085.0,,,,73334.0,,,,0.34577645755239644,,,,,,,,,,,,,,,,,,,,,,,,,,,,,,,,,ddr4_1x,30391715.0,0.20138193354908557,,345458.0,l1d,6095.0,0.017643244620185378,69569.0,imp,merge_imp3_s64_sth8_pt8_l1d_ddr4_1x,37919455.0,,0.01012,10120441095.0,,1.1493083003952569,,0.991600790513834,stage3,,,,s16_pt8_sth8,0.010035,1.1590433482810163,0.011631,0.08020738697939965,,,,,,,,,,,,,stage3: s64_sth8_pt8
,merge,s64_sth8_pt8,,,,,,,,,,,-0.7648753352537896,1.254259,,,,10959189.0,,,,787414.0,,,,0.07184965967828459,,,,,,,348480.0,,,,,6091.0,71210.0,,,,,,,,,,,212160.0,,,,73329.0,,,,0.3456306561085973,,,,,,,,,,,,,,,,,,,,,,,,,,,,,,,,,ddr4_2x,30232620.0,0.20434458218549129,,348480.0,l1d,6091.0,0.01747876492194674,71210.0,imp,merge_imp3_s64_sth8_pt8_l1d_ddr4_2x,37919489.0,,0.010067,10067462460.0,,1.1619151683719084,,0.992351246647462,stage3,,,,s16_sth8,0.00999,1.1708708708708708,0.011697,0.08293502161598092,,,,,,,,,,,,,stage3: s64_sth8_pt8
,quick,s32_dist32_addr16,,,,,,,,,,,0.8074091664687533,0.966219,,,,9161629.0,,,,48062.0,,,,0.005246010289218217,,,,,,,174498.0,,,,,2246.0,74561.0,,,,,,,,,,,86918.0,,,,28509.0,,,,0.3279988034699372,,,,,,,,,,,,,,,,,,,,,,,,,,,,,,,,,ddr4_1x,25289790.0,0.42728856491191874,,174498.0,l1d,2246.0,0.012871207692924847,74561.0,imp,quick_imp3_s32_dist32_addr16_l1d_ddr4_1x,24424723.0,,0.008422,8421500070.0,,1.1554262645452387,,1.0080740916646875,stage3,,,,s16_sth8,0.00849,1.1461719670200237,0.009731,0.6080506919582787,,,,,,,,,,,,,stage3: s32_dist32_addr16
,quick,s32_dist32_addr16,,,,,,,,,,,0.8464473056747801,0.970042,,,,9161063.0,,,,46732.0,,,,0.005101154745906671,,,,,,,172896.0,,,,,2323.0,74633.0,,,,,,,,,,,86999.0,,,,28533.0,,,,0.3279692870032989,,,,,,,,,,,,,,,,,,,,,,,,,,,,,,,,,ddr4_2x,25190130.0,0.43166412178419394,,172896.0,l1d,2323.0,0.013435822691097539,74633.0,imp,quick_imp3_s32_dist32_addr16_l1d_ddr4_2x,24424723.0,,0.008388,8388313290.0,,1.1528373867429662,,1.0084644730567478,stage3,,,,s16_pt8_sth2,0.008459,1.143161130157229,0.00967,0.6149466485395295,,,,,,,,,,,,,stage3: s32_dist32_addr16
,quick,s32_dist32_addr16,,,,,,,,,,,1.8492834026814675,0.940425,,,,9220556.0,,,,234259.0,,,,0.025406168565106052,,,,,,,,,,,,,,,,,,,,,,,,82825.0,,,,2191.0,,,,0.026453365529731362,,,,,,,28315.0,,,,,19.0,26303.0,,,,,,,,,,,,,,,,,,,,ddr4_1x,25983449.0,0.9289422567543705,,28315.0,l2,19.0,0.0006710224262758256,26303.0,imp,quick_imp3_s32_dist32_addr16_l2_ddr4_1x,24424723.0,,0.008652,8652488517.0,,1.124711049468331,,1.018492834026815,stage3,,,,s16,0.008812,1.1042896050839763,0.009731,0.9231066189373202,,,,,,,,,,,,,stage3: s32_dist32_addr16
,quick,s32_dist32_addr16,,,,,,,,,,,1.19406445629493,0.943295,,,,9219528.0,,,,233143.0,,,,0.02528795400371906,,,,,,,,,,,,,,,,,,,,,,,,82824.0,,,,2193.0,,,,0.02647783251231527,,,,,,,28397.0,,,,,19.0,26300.0,,,,,,,,,,,,,,,,,,,,ddr4_2x,25904398.0,0.9261541712152692,,28397.0,l2,19.0,0.0006690847624749093,26300.0,imp,quick_imp3_s32_dist32_addr16_l2_ddr4_2x,24424723.0,,0.008626,8626164534.0,,1.1210294458613494,,1.0119406445629493,stage3,,,,s16_dist8_addr16,0.008729,1.107801580937106,0.00967,0.9230337275822131,,,,,,,,,,,,,stage3: s32_dist32_addr16
,quick,s32_dist8_addr16,,,,,,,,,,,0.8464473056747801,0.970042,,,,9161063.0,,,,46732.0,,,,0.005101154745906671,,,,,,,172896.0,,,,,2323.0,74633.0,,,,,,,,,,,86999.0,,,,28533.0,,,,0.3279692870032989,,,,,,,,,,,,,,,,,,,,,,,,,,,,,,,,,ddr4_2x,25190130.0,0.43166412178419394,,172896.0,l1d,2323.0,0.013435822691097539,74633.0,imp,quick_imp3_s32_dist8_addr16_l1d_ddr4_2x,24424723.0,,0.008388,8388313290.0,,1.1528373867429662,,1.0084644730567478,stage3,,,,s16_pt8_sth2,0.008459,1.143161130157229,0.00967,0.6149466485395295,,,,,,,,,,,,,stage3: s32_dist8_addr16
,quick,s32_dist8_addr16,,,,,,,,,,,1.8492834026814675,0.940425,,,,9220556.0,,,,234259.0,,,,0.025406168565106052,,,,,,,,,,,,,,,,,,,,,,,,82825.0,,,,2191.0,,,,0.026453365529731362,,,,,,,28315.0,,,,,19.0,26303.0,,,,,,,,,,,,,,,,,,,,ddr4_1x,25983449.0,0.9289422567543705,,28315.0,l2,19.0,0.0006710224262758256,26303.0,imp,quick_imp3_s32_dist8_addr16_l2_ddr4_1x,24424723.0,,0.008652,8652488517.0,,1.124711049468331,,1.018492834026815,stage3,,,,s16,0.008812,1.1042896050839763,0.009731,0.9231066189373202,,,,,,,,,,,,,stage3: s32_dist8_addr16
,quick,s32_dist8_addr16,,,,,,,,,,,1.19406445629493,0.943295,,,,9219528.0,,,,233143.0,,,,0.02528795400371906,,,,,,,,,,,,,,,,,,,,,,,,82824.0,,,,2193.0,,,,0.02647783251231527,,,,,,,28397.0,,,,,19.0,26300.0,,,,,,,,,,,,,,,,,,,,ddr4_2x,25904398.0,0.9261541712152692,,28397.0,l2,19.0,0.0006690847624749093,26300.0,imp,quick_imp3_s32_dist8_addr16_l2_ddr4_2x,24424723.0,,0.008626,8626164534.0,,1.1210294458613494,,1.0119406445629493,stage3,,,,s16_dist8_addr16,0.008729,1.107801580937106,0.00967,0.9230337275822131,,,,,,,,,,,,,stage3: s32_dist8_addr16
,quick,s32_ipd16_addr16,,,,,,,,,,,0.8464473056747801,0.970042,,,,9161063.0,,,,46732.0,,,,0.005101154745906671,,,,,,,172896.0,,,,,2323.0,74633.0,,,,,,,,,,,86999.0,,,,28533.0,,,,0.3279692870032989,,,,,,,,,,,,,,,,,,,,,,,,,,,,,,,,,ddr4_2x,25190130.0,0.43166412178419394,,172896.0,l1d,2323.0,0.013435822691097539,74633.0,imp,quick_imp3_s32_ipd16_addr16_l1d_ddr4_2x,24424723.0,,0.008388,8388313290.0,,1.1528373867429662,,1.0084644730567478,stage3,,,,s16_pt8_sth2,0.008459,1.143161130157229,0.00967,0.6149466485395295,,,,,,,,,,,,,stage3: s32_ipd16_addr16
,quick,s32_ipd16_addr16,,,,,,,,,,,1.8492834026814675,0.940425,,,,9220556.0,,,,234259.0,,,,0.025406168565106052,,,,,,,,,,,,,,,,,,,,,,,,82825.0,,,,2191.0,,,,0.026453365529731362,,,,,,,28315.0,,,,,19.0,26303.0,,,,,,,,,,,,,,,,,,,,ddr4_1x,25983449.0,0.9289422567543705,,28315.0,l2,19.0,0.0006710224262758256,26303.0,imp,quick_imp3_s32_ipd16_addr16_l2_ddr4_1x,24424723.0,,0.008652,8652488517.0,,1.124711049468331,,1.018492834026815,stage3,,,,s16,0.008812,1.1042896050839763,0.009731,0.9231066189373202,,,,,,,,,,,,,stage3: s32_ipd16_addr16
,quick,s32_ipd8_addr8,,,,,,,,,,,0.8074091664687533,0.966219,,,,9161629.0,,,,48062.0,,,,0.005246010289218217,,,,,,,174498.0,,,,,2246.0,74561.0,,,,,,,,,,,86918.0,,,,28509.0,,,,0.3279988034699372,,,,,,,,,,,,,,,,,,,,,,,,,,,,,,,,,ddr4_1x,25289790.0,0.42728856491191874,,174498.0,l1d,2246.0,0.012871207692924847,74561.0,imp,quick_imp3_s32_ipd8_addr8_l1d_ddr4_1x,24424723.0,,0.008422,8421500070.0,,1.1554262645452387,,1.0080740916646875,stage3,,,,s16_sth8,0.00849,1.1461719670200237,0.009731,0.6080506919582787,,,,,,,,,,,,,stage3: s32_ipd8_addr8
,quick,s32_ipd8_addr8,,,,,,,,,,,0.8464473056747801,0.970042,,,,9161063.0,,,,46732.0,,,,0.005101154745906671,,,,,,,172896.0,,,,,2323.0,74633.0,,,,,,,,,,,86999.0,,,,28533.0,,,,0.3279692870032989,,,,,,,,,,,,,,,,,,,,,,,,,,,,,,,,,ddr4_2x,25190130.0,0.43166412178419394,,172896.0,l1d,2323.0,0.013435822691097539,74633.0,imp,quick_imp3_s32_ipd8_addr8_l1d_ddr4_2x,24424723.0,,0.008388,8388313290.0,,1.1528373867429662,,1.0084644730567478,stage3,,,,s16_pt8_sth2,0.008459,1.143161130157229,0.00967,0.6149466485395295,,,,,,,,,,,,,stage3: s32_ipd8_addr8
,quick,s32_ipd8_addr8,,,,,,,,,,,1.8492834026814675,0.940425,,,,9220556.0,,,,234259.0,,,,0.025406168565106052,,,,,,,,,,,,,,,,,,,,,,,,82825.0,,,,2191.0,,,,0.026453365529731362,,,,,,,28315.0,,,,,19.0,26303.0,,,,,,,,,,,,,,,,,,,,ddr4_1x,25983449.0,0.9289422567543705,,28315.0,l2,19.0,0.0006710224262758256,26303.0,imp,quick_imp3_s32_ipd8_addr8_l2_ddr4_1x,24424723.0,,0.008652,8652488517.0,,1.124711049468331,,1.018492834026815,stage3,,,,s16,0.008812,1.1042896050839763,0.009731,0.9231066189373202,,,,,,,,,,,,,stage3: s32_ipd8_addr8
,quick,s32,,,,,,,,,,,0.8464473056747801,0.970042,,,,9161063.0,,,,46732.0,,,,0.005101154745906671,,,,,,,172896.0,,,,,2323.0,74633.0,,,,,,,,,,,86999.0,,,,28533.0,,,,0.3279692870032989,,,,,,,,,,,,,,,,,,,,,,,,,,,,,,,,,ddr4_2x,25190130.0,0.43166412178419394,,172896.0,l1d,2323.0,0.013435822691097539,74633.0,imp,quick_imp3_s32_l1d_ddr4_2x,24424723.0,,0.008388,8388313290.0,,1.1528373867429662,,1.0084644730567478,stage3,,,,s16_pt8_sth2,0.008459,1.143161130157229,0.00967,0.6149466485395295,,,,,,,,,,,,,stage3: s32
,quick,s32,,,,,,,,,,,1.8492834026814675,0.940425,,,,9220556.0,,,,234259.0,,,,0.025406168565106052,,,,,,,,,,,,,,,,,,,,,,,,82825.0,,,,2191.0,,,,0.026453365529731362,,,,,,,28315.0,,,,,19.0,26303.0,,,,,,,,,,,,,,,,,,,,ddr4_1x,25983449.0,0.9289422567543705,,28315.0,l2,19.0,0.0006710224262758256,26303.0,imp,quick_imp3_s32_l2_ddr4_1x,24424723.0,,0.008652,8652488517.0,,1.124711049468331,,1.018492834026815,stage3,,,,s16,0.008812,1.1042896050839763,0.009731,0.9231066189373202,,,,,,,,,,,,,stage3: s32
,quick,s32,,,,,,,,,,,1.19406445629493,0.943295,,,,9219528.0,,,,233143.0,,,,0.02528795400371906,,,,,,,,,,,,,,,,,,,,,,,,82824.0,,,,2193.0,,,,0.02647783251231527,,,,,,,28397.0,,,,,19.0,26300.0,,,,,,,,,,,,,,,,,,,,ddr4_2x,25904398.0,0.9261541712152692,,28397.0,l2,19.0,0.0006690847624749093,26300.0,imp,quick_imp3_s32_l2_ddr4_2x,24424723.0,,0.008626,8626164534.0,,1.1210294458613494,,1.0119406445629493,stage3,,,,s16_dist8_addr16,0.008729,1.107801580937106,0.00967,0.9230337275822131,,,,,,,,,,,,,stage3: s32
,quick,s32_sth2_dist32_ipd16_addr16,,,,,,,,,,,1.19406445629493,0.943319,,,,9219504.0,,,,233112.0,,,,0.02528465739588594,,,,,,,,,,,,,,,,,,,,,,,,82824.0,,,,2186.0,,,,0.026393315947068483,,,,,,,28502.0,,,,,80.0,26307.0,,,,,,,,,,,,,,,,,,,,ddr4_2x,25903745.0,0.9229878605010174,,28502.0,l2,80.0,0.002806820573994807,26307.0,imp,quick_imp3_s32_sth2_dist32_ipd16_addr16_l2_ddr4_2x,24424723.0,,0.008626,8625947085.0,,1.1210294458613494,,1.0119406445629493,stage3,,,,s16_dist8_addr16,0.008729,1.107801580937106,0.00967,0.9232794019583758,,,,,,,,,,,,,stage3: s32_sth2_dist32_ipd16_addr16
,quick,s32_sth2_dist32_ipd16,,,,,,,,,,,1.19406445629493,0.943319,,,,9219504.0,,,,233112.0,,,,0.02528465739588594,,,,,,,,,,,,,,,,,,,,,,,,82824.0,,,,2186.0,,,,0.026393315947068483,,,,,,,28502.0,,,,,80.0,26307.0,,,,,,,,,,,,,,,,,,,,ddr4_2x,25903745.0,0.9229878605010174,,28502.0,l2,80.0,0.002806820573994807,26307.0,imp,quick_imp3_s32_sth2_dist32_ipd16_l2_ddr4_2x,24424723.0,,0.008626,8625947085.0,,1.1210294458613494,,1.0119406445629493,stage3,,,,s16_dist8_addr16,0.008729,1.107801580937106,0.00967,0.9232794019583758,,,,,,,,,,,,,stage3: s32_sth2_dist32_ipd16
,quick,s32_sth2_pt8,,,,,,,,,,,0.8193801211257457,0.966241,,,,9161796.0,,,,48562.0,,,,0.005300489118072483,,,,,,,175910.0,,,,,2299.0,74424.0,,,,,,,,,,,86877.0,,,,28508.0,,,,0.3281420859375899,,,,,,,,,,,,,,,,,,,,,,,,,,,,,,,,,ddr4_1x,25289218.0,0.4230799840827696,,175910.0,l1d,2299.0,0.013069183104996874,74424.0,imp,quick_imp3_s32_sth2_pt8_l1d_ddr4_1x,24424723.0,,0.008421,8421309594.0,,1.1555634722717016,,1.0081938012112577,stage3,,,,s16_sth8,0.00849,1.1461719670200237,0.009731,0.6051420486884687,,,,,,,,,,,,,stage3: s32_sth2_pt8
,quick,s32_sth8,,,,,,,,,,,0.7834757834757955,0.965943,,,,9161994.0,,,,48718.0,,,,0.005317401430299998,,,,,,,175225.0,,,,,2216.0,74377.0,,,,,,,,,,,86876.0,,,,28491.0,,,,0.32795018186841013,,,,,,,,,,,,,,,,,,,,,,,,,,,,,,,,,ddr4_1x,25297017.0,0.4244656869738907,,175225.0,l1d,2216.0,0.012646597232130118,74377.0,imp,quick_imp3_s32_sth8_l1d_ddr4_1x,24424718.0,,0.008424,8423906661.0,,1.1551519468186136,,1.007834757834758,stage3,,,,s16_sth8,0.00849,1.1461719670200237,0.009731,0.6042243795442545,,,,,,,,,,,,,stage3: s32_sth8
,quick,s32_sth8_pt8,,,,,,,,,,,0.7834757834757955,0.965894,,,,9162190.0,,,,49278.0,,,,0.005378408437284099,,,,,,,175146.0,,,,,2177.0,74182.0,,,,,,,,,,,86831.0,,,,28496.0,,,,0.32817772454538124,,,,,,,,,,,,,,,,,,,,,,,,,,,,,,,,,ddr4_1x,25298296.0,0.42354378632683587,,175146.0,l1d,2177.0,0.012429630137142727,74182.0,imp,quick_imp3_s32_sth8_pt8_l1d_ddr4_1x,24424723.0,,0.008424,8424332568.0,,1.1551519468186136,,1.007834757834758,stage3,,,,s16_sth8,0.00849,1.1461719670200237,0.009731,0.6008585776769804,,,,,,,,,,,,,stage3: s32_sth8_pt8
,quick,s64_dist32_addr16,,,,,,,,,,,-0.9797060881735598,0.949,,,,9162792.0,,,,61833.0,,,,0.006748270614458999,,,,,,,562922.0,,,,,3343.0,64160.0,,,,,,,,,,,88458.0,,,,28526.0,,,,0.32248072531596916,,,,,,,,,,,,,,,,,,,,,,,,,,,,,,,,,ddr4_1x,25748670.0,0.11397671435829476,,562922.0,l1d,3343.0,0.005938655799560153,64160.0,imp,quick_imp3_s64_dist32_addr16_l1d_ddr4_1x,24424718.0,,0.008574,8574307110.0,,1.13494285047819,,0.9902029391182644,stage3,,,,s16_sth8,0.00849,1.1461719670200237,0.009731,0.5092346400196837,,,,,,,,,,,,,stage3: s64_dist32_addr16
,quick,s64_dist32_addr16,,,,,,,,,,,-0.8323563892145391,0.953978,,,,9163570.0,,,,62716.0,,,,0.006844057501606907,,,,,,,574801.0,,,,,3333.0,64072.0,,,,,,,,,,,88446.0,,,,28565.0,,,,0.3229654252312145,,,,,,,,,,,,,,,,,,,,,,,,,,,,,,,,,ddr4_2x,25614294.0,0.11146814288771244,,574801.0,l1d,3333.0,0.005798528534223148,64072.0,imp,quick_imp3_s64_dist32_addr16_l1d_ddr4_2x,24424723.0,,0.00853,8529559902.0,,1.1336459554513483,,0.9916764361078546,stage3,,,,s16_pt8_sth2,0.008459,1.143161130157229,0.00967,0.5053475092280026,,,,,,,,,,,,,stage3: s64_dist32_addr16
,quick,s64_dist32_addr16,,,,,,,,,,,-4.300608166811459,0.883723,,,,9250449.0,,,,276429.0,,,,0.029882765690616746,,,,,,,,,,,,,,,,,,,,,,,,82826.0,,,,14225.0,,,,0.1717455871344747,,,,,,,428071.0,,,,,75.0,14280.0,,,,,,,,,,,,,,,,,,,,ddr4_1x,27650605.0,0.03335895213644466,,428071.0,l2,75.0,0.00017520458054855385,14280.0,imp,quick_imp3_s64_dist32_addr16_l2_ddr4_1x,24424723.0,,0.009208,9207651465.0,,1.056798436142485,,0.9569939183318854,stage3,,,,s16,0.008812,1.1042896050839763,0.009731,0.500964743027539,,,,,,,,,,,,,stage3: s64_dist32_addr16
,quick,s64_dist32_addr16,,,,,,,,,,,-4.266286466330326,0.892452,,,,9249248.0,,,,274945.0,,,,0.029726200443538763,,,,,,,,,,,,,,,,,,,,,,,,82820.0,,,,14307.0,,,,0.1727481284713837,,,,,,,431589.0,,,,,75.0,14195.0,,,,,,,,,,,,,,,,,,,,ddr4_2x,27380145.0,0.03289008756015561,,431589.0,l2,75.0,0.000173776440085359,14195.0,imp,quick_imp3_s64_dist32_addr16_l2_ddr4_2x,24424718.0,,0.009118,9117588285.0,,1.060539592015793,,0.9573371353366968,stage3,,,,s16_dist8_addr16,0.008729,1.107801580937106,0.00967,0.4980352255982036,,,,,,,,,,,,,stage3: s64_dist32_addr16
,quick,s64_dist8_addr16,,,,,,,,,,,-0.8323563892145391,0.953978,,,,9163570.0,,,,62716.0,,,,0.006844057501606907,,,,,,,574801.0,,,,,3333.0,64072.0,,,,,,,,,,,88446.0,,,,28565.0,,,,0.3229654252312145,,,,,,,,,,,,,,,,,,,,,,,,,,,,,,,,,ddr4_2x,25614294.0,0.11146814288771244,,574801.0,l1d,3333.0,0.005798528534223148,64072.0,imp,quick_imp3_s64_dist8_addr16_l1d_ddr4_2x,24424723.0,,0.00853,8529559902.0,,1.1336459554513483,,0.9916764361078546,stage3,,,,s16_pt8_sth2,0.008459,1.143161130157229,0.00967,0.5053475092280026,,,,,,,,,,,,,stage3: s64_dist8_addr16
,quick,s64_dist8_addr16,,,,,,,,,,,-4.300608166811459,0.883723,,,,9250449.0,,,,276429.0,,,,0.029882765690616746,,,,,,,,,,,,,,,,,,,,,,,,82826.0,,,,14225.0,,,,0.1717455871344747,,,,,,,428071.0,,,,,75.0,14280.0,,,,,,,,,,,,,,,,,,,,ddr4_1x,27650605.0,0.03335895213644466,,428071.0,l2,75.0,0.00017520458054855385,14280.0,imp,quick_imp3_s64_dist8_addr16_l2_ddr4_1x,24424723.0,,0.009208,9207651465.0,,1.056798436142485,,0.9569939183318854,stage3,,,,s16,0.008812,1.1042896050839763,0.009731,0.500964743027539,,,,,,,,,,,,,stage3: s64_dist8_addr16
,quick,s64_dist8_addr16,,,,,,,,,,,-4.266286466330326,0.892452,,,,9249248.0,,,,274945.0,,,,0.029726200443538763,,,,,,,,,,,,,,,,,,,,,,,,82820.0,,,,14307.0,,,,0.1727481284713837,,,,,,,431589.0,,,,,75.0,14195.0,,,,,,,,,,,,,,,,,,,,ddr4_2x,27380145.0,0.03289008756015561,,431589.0,l2,75.0,0.000173776440085359,14195.0,imp,quick_imp3_s64_dist8_addr16_l2_ddr4_2x,24424718.0,,0.009118,9117588285.0,,1.060539592015793,,0.9573371353366968,stage3,,,,s16_dist8_addr16,0.008729,1.107801580937106,0.00967,0.4980352255982036,,,,,,,,,,,,,stage3: s64_dist8_addr16
,quick,s64_ipd16_addr16,,,,,,,,,,,-0.8323563892145391,0.953978,,,,9163570.0,,,,62716.0,,,,0.006844057501606907,,,,,,,574801.0,,,,,3333.0,64072.0,,,,,,,,,,,88446.0,,,,28565.0,,,,0.3229654252312145,,,,,,,,,,,,,,,,,,,,,,,,,,,,,,,,,ddr4_2x,25614294.0,0.11146814288771244,,574801.0,l1d,3333.0,0.005798528534223148,64072.0,imp,quick_imp3_s64_ipd16_addr16_l1d_ddr4_2x,24424723.0,,0.00853,8529559902.0,,1.1336459554513483,,0.9916764361078546,stage3,,,,s16_pt8_sth2,0.008459,1.143161130157229,0.00967,0.5053475092280026,,,,,,,,,,,,,stage3: s64_ipd16_addr16
,quick,s64_ipd16_addr16,,,,,,,,,,,-4.300608166811459,0.883723,,,,9250449.0,,,,276429.0,,,,0.029882765690616746,,,,,,,,,,,,,,,,,,,,,,,,82826.0,,,,14225.0,,,,0.1717455871344747,,,,,,,428071.0,,,,,75.0,14280.0,,,,,,,,,,,,,,,,,,,,ddr4_1x,27650605.0,0.03335895213644466,,428071.0,l2,75.0,0.00017520458054855385,14280.0,imp,quick_imp3_s64_ipd16_addr16_l2_ddr4_1x,24424723.0,,0.009208,9207651465.0,,1.056798436142485,,0.9569939183318854,stage3,,,,s16,0.008812,1.1042896050839763,0.009731,0.500964743027539,,,,,,,,,,,,,stage3: s64_ipd16_addr16
,quick,s64_ipd8_addr8,,,,,,,,,,,-0.9797060881735598,0.949,,,,9162792.0,,,,61833.0,,,,0.006748270614458999,,,,,,,562922.0,,,,,3343.0,64160.0,,,,,,,,,,,88458.0,,,,28526.0,,,,0.32248072531596916,,,,,,,,,,,,,,,,,,,,,,,,,,,,,,,,,ddr4_1x,25748670.0,0.11397671435829476,,562922.0,l1d,3343.0,0.005938655799560153,64160.0,imp,quick_imp3_s64_ipd8_addr8_l1d_ddr4_1x,24424718.0,,0.008574,8574307110.0,,1.13494285047819,,0.9902029391182644,stage3,,,,s16_sth8,0.00849,1.1461719670200237,0.009731,0.5092346400196837,,,,,,,,,,,,,stage3: s64_ipd8_addr8
,quick,s64_ipd8_addr8,,,,,,,,,,,-0.8323563892145391,0.953978,,,,9163570.0,,,,62716.0,,,,0.006844057501606907,,,,,,,574801.0,,,,,3333.0,64072.0,,,,,,,,,,,88446.0,,,,28565.0,,,,0.3229654252312145,,,,,,,,,,,,,,,,,,,,,,,,,,,,,,,,,ddr4_2x,25614294.0,0.11146814288771244,,574801.0,l1d,3333.0,0.005798528534223148,64072.0,imp,quick_imp3_s64_ipd8_addr8_l1d_ddr4_2x,24424723.0,,0.00853,8529559902.0,,1.1336459554513483,,0.9916764361078546,stage3,,,,s16_pt8_sth2,0.008459,1.143161130157229,0.00967,0.5053475092280026,,,,,,,,,,,,,stage3: s64_ipd8_addr8
,quick,s64_ipd8_addr8,,,,,,,,,,,-4.300608166811459,0.883723,,,,9250449.0,,,,276429.0,,,,0.029882765690616746,,,,,,,,,,,,,,,,,,,,,,,,82826.0,,,,14225.0,,,,0.1717455871344747,,,,,,,428071.0,,,,,75.0,14280.0,,,,,,,,,,,,,,,,,,,,ddr4_1x,27650605.0,0.03335895213644466,,428071.0,l2,75.0,0.00017520458054855385,14280.0,imp,quick_imp3_s64_ipd8_addr8_l2_ddr4_1x,24424723.0,,0.009208,9207651465.0,,1.056798436142485,,0.9569939183318854,stage3,,,,s16,0.008812,1.1042896050839763,0.009731,0.500964743027539,,,,,,,,,,,,,stage3: s64_ipd8_addr8
,quick,s64,,,,,,,,,,,-0.8323563892145391,0.953978,,,,9163570.0,,,,62716.0,,,,0.006844057501606907,,,,,,,574801.0,,,,,3333.0,64072.0,,,,,,,,,,,88446.0,,,,28565.0,,,,0.3229654252312145,,,,,,,,,,,,,,,,,,,,,,,,,,,,,,,,,ddr4_2x,25614294.0,0.11146814288771244,,574801.0,l1d,3333.0,0.005798528534223148,64072.0,imp,quick_imp3_s64_l1d_ddr4_2x,24424723.0,,0.00853,8529559902.0,,1.1336459554513483,,0.9916764361078546,stage3,,,,s16_pt8_sth2,0.008459,1.143161130157229,0.00967,0.5053475092280026,,,,,,,,,,,,,stage3: s64
,quick,s64,,,,,,,,,,,-4.300608166811459,0.883723,,,,9250449.0,,,,276429.0,,,,0.029882765690616746,,,,,,,,,,,,,,,,,,,,,,,,82826.0,,,,14225.0,,,,0.1717455871344747,,,,,,,428071.0,,,,,75.0,14280.0,,,,,,,,,,,,,,,,,,,,ddr4_1x,27650605.0,0.03335895213644466,,428071.0,l2,75.0,0.00017520458054855385,14280.0,imp,quick_imp3_s64_l2_ddr4_1x,24424723.0,,0.009208,9207651465.0,,1.056798436142485,,0.9569939183318854,stage3,,,,s16,0.008812,1.1042896050839763,0.009731,0.500964743027539,,,,,,,,,,,,,stage3: s64
,quick,s64,,,,,,,,,,,-4.266286466330326,0.892452,,,,9249248.0,,,,274945.0,,,,0.029726200443538763,,,,,,,,,,,,,,,,,,,,,,,,82820.0,,,,14307.0,,,,0.1727481284713837,,,,,,,431589.0,,,,,75.0,14195.0,,,,,,,,,,,,,,,,,,,,ddr4_2x,27380145.0,0.03289008756015561,,431589.0,l2,75.0,0.000173776440085359,14195.0,imp,quick_imp3_s64_l2_ddr4_2x,24424718.0,,0.009118,9117588285.0,,1.060539592015793,,0.9573371353366968,stage3,,,,s16_dist8_addr16,0.008729,1.107801580937106,0.00967,0.4980352255982036,,,,,,,,,,,,,stage3: s64
,quick,s64_sth2_dist32_ipd16_addr16,,,,,,,,,,,-4.224270353302606,0.892776,,,,9249244.0,,,,274941.0,,,,0.029725780831384704,,,,,,,,,,,,,,,,,,,,,,,,82821.0,,,,14279.0,,,,0.1724079641636783,,,,,,,430967.0,,,,,152.0,14224.0,,,,,,,,,,,,,,,,,,,,ddr4_2x,27370209.0,0.03300484723888372,,430967.0,l2,152.0,0.00035269521796332435,14224.0,imp,quick_imp3_s64_sth2_dist32_ipd16_addr16_l2_ddr4_2x,24424718.0,,0.009114,9114279597.0,,1.0610050471801622,,0.957757296466974,stage3,,,,s16_dist8_addr16,0.008729,1.107801580937106,0.00967,0.4990351892783216,,,,,,,,,,,,,stage3: s64_sth2_dist32_ipd16_addr16
,quick,s64_sth2_dist32_ipd16,,,,,,,,,,,-4.224270353302606,0.892776,,,,9249244.0,,,,274941.0,,,,0.029725780831384704,,,,,,,,,,,,,,,,,,,,,,,,82821.0,,,,14279.0,,,,0.1724079641636783,,,,,,,430967.0,,,,,152.0,14224.0,,,,,,,,,,,,,,,,,,,,ddr4_2x,27370209.0,0.03300484723888372,,430967.0,l2,152.0,0.00035269521796332435,14224.0,imp,quick_imp3_s64_sth2_dist32_ipd16_l2_ddr4_2x,24424718.0,,0.009114,9114279597.0,,1.0610050471801622,,0.957757296466974,stage3,,,,s16_dist8_addr16,0.008729,1.107801580937106,0.00967,0.4990351892783216,,,,,,,,,,,,,stage3: s64_sth2_dist32_ipd16
,quick,s64_sth2_pt8,,,,,,,,,,,-0.9797060881735598,0.949028,,,,9162753.0,,,,61762.0,,,,0.00674055057470173,,,,,,,566247.0,,,,,3334.0,64188.0,,,,,,,,,,,88453.0,,,,28535.0,,,,0.3226007031983087,,,,,,,,,,,,,,,,,,,,,,,,,,,,,,,,,ddr4_1x,25747893.0,0.11335689195704349,,566247.0,l1d,3334.0,0.005887889913765548,64188.0,imp,quick_imp3_s64_sth2_pt8_l1d_ddr4_1x,24424718.0,,0.008574,8574048369.0,,1.13494285047819,,0.9902029391182644,stage3,,,,s16_sth8,0.00849,1.1461719670200237,0.009731,0.5096308058753474,,,,,,,,,,,,,stage3: s64_sth2_pt8
,quick,s64_sth8,,,,,,,,,,,-1.0027985074626988,0.948841,,,,9163029.0,,,,62159.0,,,,0.0067836738266352755,,,,,,,562319.0,,,,,3266.0,64072.0,,,,,,,,,,,88411.0,,,,28517.0,,,,0.32255036138037124,,,,,,,,,,,,,,,,,,,,,,,,,,,,,,,,,ddr4_1x,25752983.0,0.1139424419235345,,562319.0,l1d,3266.0,0.005808091136881379,64072.0,imp,quick_imp3_s64_sth8_l1d_ddr4_1x,24424723.0,,0.008576,8575743339.0,,1.134678171641791,,0.989972014925373,stage3,,,,s16_sth8,0.00849,1.1461719670200237,0.009731,0.5075773779816368,,,,,,,,,,,,,stage3: s64_sth8
,quick,s64_sth8_pt8,,,,,,,,,,,-1.0027985074626988,0.94884,,,,9163226.0,,,,62495.0,,,,0.006820196293314167,,,,,,,561134.0,,,,,3238.0,63892.0,,,,,,,,,,,88367.0,,,,28513.0,,,,0.3226657009969785,,,,,,,,,,,,,,,,,,,,,,,,,,,,,,,,,ddr4_1x,25752990.0,0.11386228601367944,,561134.0,l1d,3238.0,0.005770457680340168,63892.0,imp,quick_imp3_s64_sth8_pt8_l1d_ddr4_1x,24424718.0,,0.008576,8575745670.0,,1.134678171641791,,0.989972014925373,stage3,,,,s16_sth8,0.00849,1.1461719670200237,0.009731,0.5055266760030699,,,,,,,,,,,,,stage3: s64_sth8_pt8
,simple_triad,s32_ipd8_addr8,,,,,,,,,,,8.03167420814479,0.661219,,,,2003829.0,,,,1903920.0,,,,0.9501409551413819,,,,,,,,,,,,,,,,,,,,,,,,373442.0,,,,140156.0,,,,0.3753086155279802,,,,,,,575053.0,,,,,680.0,233276.0,,,,,,,,,,,,,,,,,,,,ddr4_2x,5308574.0,0.4056600000347794,,575053.0,l2,680.0,0.0011824997000276496,233276.0,imp,simple_triad_imp3_s32_ipd8_addr8_l2_ddr4_2x,3510110.0,,0.001768,1767755142.0,,1.4734162895927603,,1.080316742081448,stage3,,,,s16_pt8_sth2,0.00191,1.3638743455497382,0.002605,0.6246813342188136,,,,,,,,,,,,,stage3: s32_ipd8_addr8
,simple_triad,s32,,,,,,,,,,,-5.035971223021585,0.40043,,,,2003781.0,,,,1503654.0,,,,0.7504083530086372,,,,,,,519933.0,,,,,,119029.0,,,,,,,,,,,375414.0,,,,375404.0,,,,0.9999733627408675,,,,,,,,,,,,,,,,,,,,,,,,,,,,,,,,,ddr4_1x,8765450.0,0.2289314200098859,,519933.0,l1d,,,119029.0,imp,simple_triad_imp3_s32_l1d_ddr4_1x,3509934.0,,0.002919,2918894517.0,,0.9924631723192873,,0.9496402877697842,stage3,,,,cons_s8_sth8_pt8_ipd8,0.002772,1.045093795093795,0.002897,0.07335320577093615,,,,,,,,,,,,,stage3: s32
,simple_triad,s32,,,,,,,,,,,-10.017211703958695,0.402281,,,,2003754.0,,,,1855130.0,,,,0.9258272223037359,,,,,,,,,,,,,,,,,,,,,,,,372154.0,,,,178025.0,,,,0.47836379563299064,,,,,,,544006.0,,,,,367.0,194119.0,,,,,,,,,,,,,,,,,,,,ddr4_1x,8725190.0,0.3568324614066757,,544006.0,l2,367.0,0.0006746249122252328,194119.0,imp,simple_triad_imp3_s32_l2_ddr4_1x,3509962.0,,0.002905,2905487937.0,,0.9972461273666092,,0.899827882960413,stage3,,,,s2_sth2,0.002614,1.1082631981637336,0.002897,0.5216233501010361,,,,,,,,,,,,,stage3: s32
,simple_triad,s32_sth2_dist32_ipd16_addr16,,,,,,,,,,,1.6456921587608695,0.565895,,,,2003798.0,,,,1419061.0,,,,0.7081856554403189,,,,,,,575459.0,,,,,2.0,139125.0,,,,,,,,,,,375422.0,,,,375412.0,,,,0.9999733633084902,,,,,,,,,,,,,,,,,,,,,,,,,,,,,,,,,ddr4_2x,6202785.0,0.241763531372348,,575459.0,l1d,2.0,3.475486524669872e-06,139125.0,imp,simple_triad_imp3_s32_sth2_dist32_ipd16_addr16_l1d_ddr4_2x,3510106.0,,0.002066,2065527405.0,,1.260890609874153,,1.0164569215876087,stage3,,,,s16_sth8,0.0021,1.2404761904761905,0.002605,0.08928651650059749,,,,,,,,,,,,,stage3: s32_sth2_dist32_ipd16_addr16
,simple_triad,s32_sth2_dist32_ipd16_addr16,,,,,,,,,,,8.21529745042493,0.662333,,,,2003830.0,,,,1904487.0,,,,0.9504234391140965,,,,,,,,,,,,,,,,,,,,,,,,373481.0,,,,139906.0,,,,0.3746000465887154,,,,,,,572652.0,,,,,647.0,233565.0,,,,,,,,,,,,,,,,,,,,ddr4_2x,5299651.0,0.4078655099432116,,572652.0,l2,647.0,0.0011298310317609996,233565.0,imp,simple_triad_imp3_s32_sth2_dist32_ipd16_addr16_l2_ddr4_2x,3510115.0,,0.001765,1764783783.0,,1.4759206798866855,,1.0821529745042493,stage3,,,,s16_pt8_sth2,0.00191,1.3638743455497382,0.002605,0.625389923180113,,,,,,,,,,,,,stage3: s32_sth2_dist32_ipd16_addr16
,simple_triad,s32_sth2_dist32_ipd16,,,,,,,,,,,1.6456921587608695,0.565895,,,,2003798.0,,,,1419061.0,,,,0.7081856554403189,,,,,,,575459.0,,,,,2.0,139125.0,,,,,,,,,,,375422.0,,,,375412.0,,,,0.9999733633084902,,,,,,,,,,,,,,,,,,,,,,,,,,,,,,,,,ddr4_2x,6202785.0,0.241763531372348,,575459.0,l1d,2.0,3.475486524669872e-06,139125.0,imp,simple_triad_imp3_s32_sth2_dist32_ipd16_l1d_ddr4_2x,3510106.0,,0.002066,2065527405.0,,1.260890609874153,,1.0164569215876087,stage3,,,,s16_sth8,0.0021,1.2404761904761905,0.002605,0.08928651650059749,,,,,,,,,,,,,stage3: s32_sth2_dist32_ipd16
,simple_triad,s32_sth2_dist32_ipd16,,,,,,,,,,,8.21529745042493,0.662333,,,,2003830.0,,,,1904487.0,,,,0.9504234391140965,,,,,,,,,,,,,,,,,,,,,,,,373481.0,,,,139906.0,,,,0.3746000465887154,,,,,,,572652.0,,,,,647.0,233565.0,,,,,,,,,,,,,,,,,,,,ddr4_2x,5299651.0,0.4078655099432116,,572652.0,l2,647.0,0.0011298310317609996,233565.0,imp,simple_triad_imp3_s32_sth2_dist32_ipd16_l2_ddr4_2x,3510115.0,,0.001765,1764783783.0,,1.4759206798866855,,1.0821529745042493,stage3,,,,s16_pt8_sth2,0.00191,1.3638743455497382,0.002605,0.625389923180113,,,,,,,,,,,,,stage3: s32_sth2_dist32_ipd16
,simple_triad,s32_sth2,,,,,,,,,,,1.6456921587608695,0.565895,,,,2003798.0,,,,1419061.0,,,,0.7081856554403189,,,,,,,575459.0,,,,,2.0,139125.0,,,,,,,,,,,375422.0,,,,375412.0,,,,0.9999733633084902,,,,,,,,,,,,,,,,,,,,,,,,,,,,,,,,,ddr4_2x,6202785.0,0.241763531372348,,575459.0,l1d,2.0,3.475486524669872e-06,139125.0,imp,simple_triad_imp3_s32_sth2_l1d_ddr4_2x,3510106.0,,0.002066,2065527405.0,,1.260890609874153,,1.0164569215876087,stage3,,,,s16_sth8,0.0021,1.2404761904761905,0.002605,0.08928651650059749,,,,,,,,,,,,,stage3: s32_sth2
,simple_triad,s32_sth2,,,,,,,,,,,-9.8309761986892,0.403123,,,,2003782.0,,,,1854587.0,,,,0.9255432976241926,,,,,,,,,,,,,,,,,,,,,,,,372167.0,,,,178136.0,,,,0.47864533932347575,,,,,,,543370.0,,,,,388.0,194020.0,,,,,,,,,,,,,,,,,,,,ddr4_1x,8707052.0,0.3570679279312439,,543370.0,l2,388.0,0.0007140622411984467,194020.0,imp,simple_triad_imp3_s32_sth2_l2_ddr4_1x,3509996.0,,0.002899,2899447983.0,,0.9993101069334253,,0.901690238013108,stage3,,,,s2_sth2,0.002614,1.1082631981637336,0.002897,0.5213405131181548,,,,,,,,,,,,,stage3: s32_sth2
,simple_triad,s32_sth2,,,,,,,,,,,8.21529745042493,0.662333,,,,2003830.0,,,,1904487.0,,,,0.9504234391140965,,,,,,,,,,,,,,,,,,,,,,,,373481.0,,,,139906.0,,,,0.3746000465887154,,,,,,,572652.0,,,,,647.0,233565.0,,,,,,,,,,,,,,,,,,,,ddr4_2x,5299651.0,0.4078655099432116,,572652.0,l2,647.0,0.0011298310317609996,233565.0,imp,simple_triad_imp3_s32_sth2_l2_ddr4_2x,3510115.0,,0.001765,1764783783.0,,1.4759206798866855,,1.0821529745042493,stage3,,,,s16_pt8_sth2,0.00191,1.3638743455497382,0.002605,0.625389923180113,,,,,,,,,,,,,stage3: s32_sth2
,simple_triad,s32_sth2_pt8,,,,,,,,,,,8.21529745042493,0.662333,,,,2003830.0,,,,1904487.0,,,,0.9504234391140965,,,,,,,,,,,,,,,,,,,,,,,,373481.0,,,,139906.0,,,,0.3746000465887154,,,,,,,572652.0,,,,,647.0,233565.0,,,,,,,,,,,,,,,,,,,,ddr4_2x,5299651.0,0.4078655099432116,,572652.0,l2,647.0,0.0011298310317609996,233565.0,imp,simple_triad_imp3_s32_sth2_pt8_l2_ddr4_2x,3510115.0,,0.001765,1764783783.0,,1.4759206798866855,,1.0821529745042493,stage3,,,,s16_pt8_sth2,0.00191,1.3638743455497382,0.002605,0.625389923180113,,,,,,,,,,,,,stage3: s32_sth2_pt8
,simple_triad,s32_sth8_ipd8_pt8,,,,,,,,,,,-5.035971223021585,0.400468,,,,2003756.0,,,,1506870.0,,,,0.7520227013668331,,,,,,,521554.0,,,,,5.0,118169.0,,,,,,,,,,,375424.0,,,,375414.0,,,,0.9999733634503921,,,,,,,,,,,,,,,,,,,,,,,,,,,,,,,,,ddr4_1x,8764643.0,0.22657097826878905,,521554.0,l1d,5.0,9.586735026478562e-06,118169.0,imp,simple_triad_imp3_s32_sth8_ipd8_pt8_l1d_ddr4_1x,3509939.0,,0.002919,2918625786.0,,0.9924631723192873,,0.9496402877697842,stage3,,,,cons_s8_sth8_pt8_ipd8,0.002772,1.045093795093795,0.002897,0.07271763939203921,,,,,,,,,,,,,stage3: s32_sth8_ipd8_pt8
,simple_triad,s32_sth8,,,,,,,,,,,-5.035971223021585,0.400468,,,,2003756.0,,,,1506870.0,,,,0.7520227013668331,,,,,,,521554.0,,,,,5.0,118169.0,,,,,,,,,,,375424.0,,,,375414.0,,,,0.9999733634503921,,,,,,,,,,,,,,,,,,,,,,,,,,,,,,,,,ddr4_1x,8764643.0,0.22657097826878905,,521554.0,l1d,5.0,9.586735026478562e-06,118169.0,imp,simple_triad_imp3_s32_sth8_l1d_ddr4_1x,3509939.0,,0.002919,2918625786.0,,0.9924631723192873,,0.9496402877697842,stage3,,,,cons_s8_sth8_pt8_ipd8,0.002772,1.045093795093795,0.002897,0.07271763939203921,,,,,,,,,,,,,stage3: s32_sth8
,simple_triad,s32_sth8,,,,,,,,,,,1.9912578921806643,0.567558,,,,2003822.0,,,,1423829.0,,,,0.7105566262871652,,,,,,,570418.0,,,,,3.0,138120.0,,,,,,,,,,,375423.0,,,,375413.0,,,,0.9999733633794413,,,,,,,,,,,,,,,,,,,,,,,,,,,,,,,,,ddr4_2x,6184661.0,0.24213822144462482,,570418.0,l1d,3.0,5.259301073949279e-06,138120.0,imp,simple_triad_imp3_s32_sth8_l1d_ddr4_2x,3510138.0,,0.002059,2059492113.0,,1.2651772705196698,,1.0199125789218066,stage3,,,,s16_sth8,0.0021,1.2404761904761905,0.002605,0.08842798324401117,,,,,,,,,,,,,stage3: s32_sth8
,simple_triad,s32_sth8,,,,,,,,,,,-9.924190213645767,0.402814,,,,2003752.0,,,,1855078.0,,,,0.9258021950820261,,,,,,,,,,,,,,,,,,,,,,,,372078.0,,,,178142.0,,,,0.4787759555792065,,,,,,,546937.0,,,,,369.0,193926.0,,,,,,,,,,,,,,,,,,,,ddr4_1x,8713596.0,0.3545673450507097,,546937.0,l2,369.0,0.0006746663692527658,193926.0,imp,simple_triad_imp3_s32_sth8_l2_ddr4_1x,3509943.0,,0.002902,2901627135.0,,0.9982770503101309,,0.9007580978635424,stage3,,,,s2_sth2,0.002614,1.1082631981637336,0.002897,0.5212111764516164,,,,,,,,,,,,,stage3: s32_sth8
,simple_triad,s32_sth8_pt8,,,,,,,,,,,-5.035971223021585,0.400468,,,,2003756.0,,,,1506870.0,,,,0.7520227013668331,,,,,,,521554.0,,,,,5.0,118169.0,,,,,,,,,,,375424.0,,,,375414.0,,,,0.9999733634503921,,,,,,,,,,,,,,,,,,,,,,,,,,,,,,,,,ddr4_1x,8764643.0,0.22657097826878905,,521554.0,l1d,5.0,9.586735026478562e-06,118169.0,imp,simple_triad_imp3_s32_sth8_pt8_l1d_ddr4_1x,3509939.0,,0.002919,2918625786.0,,0.9924631723192873,,0.9496402877697842,stage3,,,,cons_s8_sth8_pt8_ipd8,0.002772,1.045093795093795,0.002897,0.07271763939203921,,,,,,,,,,,,,stage3: s32_sth8_pt8
,simple_triad,s32_sth8_pt8,,,,,,,,,,,1.9912578921806643,0.567558,,,,2003822.0,,,,1423829.0,,,,0.7105566262871652,,,,,,,570418.0,,,,,3.0,138120.0,,,,,,,,,,,375423.0,,,,375413.0,,,,0.9999733633794413,,,,,,,,,,,,,,,,,,,,,,,,,,,,,,,,,ddr4_2x,6184661.0,0.24213822144462482,,570418.0,l1d,3.0,5.259301073949279e-06,138120.0,imp,simple_triad_imp3_s32_sth8_pt8_l1d_ddr4_2x,3510138.0,,0.002059,2059492113.0,,1.2651772705196698,,1.0199125789218066,stage3,,,,s16_sth8,0.0021,1.2404761904761905,0.002605,0.08842798324401117,,,,,,,,,,,,,stage3: s32_sth8_pt8
,simple_triad,s32_sth8_pt8,,,,,,,,,,,-9.924190213645767,0.402814,,,,2003752.0,,,,1855078.0,,,,0.9258021950820261,,,,,,,,,,,,,,,,,,,,,,,,372078.0,,,,178142.0,,,,0.4787759555792065,,,,,,,546937.0,,,,,369.0,193926.0,,,,,,,,,,,,,,,,,,,,ddr4_1x,8713596.0,0.3545673450507097,,546937.0,l2,369.0,0.0006746663692527658,193926.0,imp,simple_triad_imp3_s32_sth8_pt8_l2_ddr4_1x,3509943.0,,0.002902,2901627135.0,,0.9982770503101309,,0.9007580978635424,stage3,,,,s2_sth2,0.002614,1.1082631981637336,0.002897,0.5212111764516164,,,,,,,,,,,,,stage3: s32_sth8_pt8
,simple_triad,s64_ipd8_addr8,,,,,,,,,,,-9.863142991977336,0.551574,,,,2003839.0,,,,1946425.0,,,,0.9713479975187628,,,,,,,,,,,,,,,,,,,,,,,,367780.0,,,,171420.0,,,,0.46609386046005763,,,,,,,1577201.0,,,,,1427.0,196349.0,,,,,,,,,,,,,,,,,,,,ddr4_2x,6363889.0,0.12449205903369323,,1577201.0,l2,1427.0,0.0009047673695362861,196349.0,imp,simple_triad_imp3_s64_ipd8_addr8_l2_ddr4_2x,3510140.0,,0.002119,2119175037.0,,1.2293534686172725,,0.9013685700802266,stage3,,,,s16_pt8_sth2,0.00191,1.3638743455497382,0.002605,0.5338921986355566,,,,,,,,,,,,,stage3: s64_ipd8_addr8
,simple_triad,s64,,,,,,,,,,,-3.68311327310632,0.406081,,,,2003756.0,,,,1463924.0,,,,0.7305899520700125,,,,,,,429489.0,,,,,2.0,125668.0,,,,,,,,,,,375421.0,,,,375411.0,,,,0.9999733632375386,,,,,,,,,,,,,,,,,,,,,,,,,,,,,,,,,ddr4_1x,8643544.0,0.29259887913310934,,429489.0,l1d,2.0,4.656696679076763e-06,125668.0,imp,simple_triad_imp3_s64_l1d_ddr4_1x,3509962.0,,0.002878,2878299819.0,,1.0066018068102849,,0.9631688672689368,stage3,,,,cons_s8_sth8_pt8_ipd8,0.002772,1.045093795093795,0.002897,0.07905676425145572,,,,,,,,,,,,,stage3: s64
,simple_triad,s64,,,,,,,,,,,-11.95688784102391,0.393615,,,,2003740.0,,,,1953002.0,,,,0.9746783514827273,,,,,,,,,,,,,,,,,,,,,,,,370420.0,,,,189922.0,,,,0.5127206954268128,,,,,,,1754349.0,,,,,481.0,180488.0,,,,,,,,,,,,,,,,,,,,ddr4_1x,8917093.0,0.1028803276885044,,1754349.0,l2,481.0,0.00027417577688361894,180488.0,imp,simple_triad_imp3_s64_l2_ddr4_1x,3509888.0,,0.002969,2969391636.0,,0.9757494105759515,,0.8804311215897609,stage3,,,,s2_sth2,0.002614,1.1082631981637336,0.002897,0.4872654625955023,,,,,,,,,,,,,stage3: s64
,simple_triad,s64_sth2_dist32_ipd16_addr16,,,,,,,,,,,5.157736604907348,0.585425,,,,2003827.0,,,,1368084.0,,,,0.6827355854572276,,,,,,,546229.0,,,,,1.0,150715.0,,,,,,,,,,,375420.0,,,,375410.0,,,,0.9999733631665868,,,,,,,,,,,,,,,,,,,,,,,,,,,,,,,,,ddr4_2x,5995851.0,0.2759190742344328,,546229.0,l1d,1.0,1.8307339961810888e-06,150715.0,imp,simple_triad_imp3_s64_sth2_dist32_ipd16_addr16_l1d_ddr4_2x,3510105.0,,0.001997,1996618383.0,,1.3044566850275414,,1.0515773660490737,stage3,,,,s16_sth8,0.0021,1.2404761904761905,0.002605,0.09923301239992915,,,,,,,,,,,,,stage3: s64_sth2_dist32_ipd16_addr16
,simple_triad,s64_sth2_dist32_ipd16_addr16,,,,,,,,,,,-9.004287756074325,0.556849,,,,2003831.0,,,,1946602.0,,,,0.9714402062848614,,,,,,,,,,,,,,,,,,,,,,,,368074.0,,,,172699.0,,,,0.46919641159114744,,,,,,,1626872.0,,,,,1331.0,195365.0,,,,,,,,,,,,,,,,,,,,ddr4_2x,6303504.0,0.12008627599466952,,1626872.0,l2,1331.0,0.000818134432211016,195365.0,imp,simple_triad_imp3_s64_sth2_dist32_ipd16_addr16_l2_ddr4_2x,3510080.0,,0.002099,2099066832.0,,1.2410671748451643,,0.9099571224392567,stage3,,,,s16_pt8_sth2,0.00191,1.3638743455497382,0.002605,0.5307908407233525,,,,,,,,,,,,,stage3: s64_sth2_dist32_ipd16_addr16
,simple_triad,s64_sth2_dist32_ipd16,,,,,,,,,,,5.157736604907348,0.585425,,,,2003827.0,,,,1368084.0,,,,0.6827355854572276,,,,,,,546229.0,,,,,1.0,150715.0,,,,,,,,,,,375420.0,,,,375410.0,,,,0.9999733631665868,,,,,,,,,,,,,,,,,,,,,,,,,,,,,,,,,ddr4_2x,5995851.0,0.2759190742344328,,546229.0,l1d,1.0,1.8307339961810888e-06,150715.0,imp,simple_triad_imp3_s64_sth2_dist32_ipd16_l1d_ddr4_2x,3510105.0,,0.001997,1996618383.0,,1.3044566850275414,,1.0515773660490737,stage3,,,,s16_sth8,0.0021,1.2404761904761905,0.002605,0.09923301239992915,,,,,,,,,,,,,stage3: s64_sth2_dist32_ipd16
,simple_triad,s64_sth2_dist32_ipd16,,,,,,,,,,,-9.004287756074325,0.556849,,,,2003831.0,,,,1946602.0,,,,0.9714402062848614,,,,,,,,,,,,,,,,,,,,,,,,368074.0,,,,172699.0,,,,0.46919641159114744,,,,,,,1626872.0,,,,,1331.0,195365.0,,,,,,,,,,,,,,,,,,,,ddr4_2x,6303504.0,0.12008627599466952,,1626872.0,l2,1331.0,0.000818134432211016,195365.0,imp,simple_triad_imp3_s64_sth2_dist32_ipd16_l2_ddr4_2x,3510080.0,,0.002099,2099066832.0,,1.2410671748451643,,0.9099571224392567,stage3,,,,s16_pt8_sth2,0.00191,1.3638743455497382,0.002605,0.5307908407233525,,,,,,,,,,,,,stage3: s64_sth2_dist32_ipd16
,simple_triad,s64_sth2,,,,,,,,,,,5.157736604907348,0.585425,,,,2003827.0,,,,1368084.0,,,,0.6827355854572276,,,,,,,546229.0,,,,,1.0,150715.0,,,,,,,,,,,375420.0,,,,375410.0,,,,0.9999733631665868,,,,,,,,,,,,,,,,,,,,,,,,,,,,,,,,,ddr4_2x,5995851.0,0.2759190742344328,,546229.0,l1d,1.0,1.8307339961810888e-06,150715.0,imp,simple_triad_imp3_s64_sth2_l1d_ddr4_2x,3510105.0,,0.001997,1996618383.0,,1.3044566850275414,,1.0515773660490737,stage3,,,,s16_sth8,0.0021,1.2404761904761905,0.002605,0.09923301239992915,,,,,,,,,,,,,stage3: s64_sth2
,simple_triad,s64_sth2,,,,,,,,,,,-11.71901384667342,0.394703,,,,2003744.0,,,,1953673.0,,,,0.9750112788859255,,,,,,,,,,,,,,,,,,,,,,,,370381.0,,,,189609.0,,,,0.5119296076202613,,,,,,,1751709.0,,,,,466.0,180762.0,,,,,,,,,,,,,,,,,,,,ddr4_1x,8892517.0,0.10319179726769687,,1751709.0,l2,466.0,0.0002660259209720336,180762.0,imp,simple_triad_imp3_s64_sth2_l2_ddr4_1x,3509889.0,,0.002961,2961207828.0,,0.97838568051334,,0.8828098615332658,stage3,,,,s2_sth2,0.002614,1.1082631981637336,0.002897,0.4880565703038305,,,,,,,,,,,,,stage3: s64_sth2
,simple_triad,s64_sth2,,,,,,,,,,,-9.004287756074325,0.556849,,,,2003831.0,,,,1946602.0,,,,0.9714402062848614,,,,,,,,,,,,,,,,,,,,,,,,368074.0,,,,172699.0,,,,0.46919641159114744,,,,,,,1626872.0,,,,,1331.0,195365.0,,,,,,,,,,,,,,,,,,,,ddr4_2x,6303504.0,0.12008627599466952,,1626872.0,l2,1331.0,0.000818134432211016,195365.0,imp,simple_triad_imp3_s64_sth2_l2_ddr4_2x,3510080.0,,0.002099,2099066832.0,,1.2410671748451643,,0.9099571224392567,stage3,,,,s16_pt8_sth2,0.00191,1.3638743455497382,0.002605,0.5307908407233525,,,,,,,,,,,,,stage3: s64_sth2
,simple_triad,s64_sth2_pt8,,,,,,,,,,,-9.004287756074325,0.556849,,,,2003831.0,,,,1946602.0,,,,0.9714402062848614,,,,,,,,,,,,,,,,,,,,,,,,368074.0,,,,172699.0,,,,0.46919641159114744,,,,,,,1626872.0,,,,,1331.0,195365.0,,,,,,,,,,,,,,,,,,,,ddr4_2x,6303504.0,0.12008627599466952,,1626872.0,l2,1331.0,0.000818134432211016,195365.0,imp,simple_triad_imp3_s64_sth2_pt8_l2_ddr4_2x,3510080.0,,0.002099,2099066832.0,,1.2410671748451643,,0.9099571224392567,stage3,,,,s16_pt8_sth2,0.00191,1.3638743455497382,0.002605,0.5307908407233525,,,,,,,,,,,,,stage3: s64_sth2_pt8
,simple_triad,s64_sth8_ipd8_pt8,,,,,,,,,,,-3.5826086956521674,0.40651,,,,2003763.0,,,,1455529.0,,,,0.7263977825720906,,,,,,,430205.0,,,,,2.0,127937.0,,,,,,,,,,,375419.0,,,,375409.0,,,,0.9999733630956344,,,,,,,,,,,,,,,,,,,,,,,,,,,,,,,,,ddr4_1x,8634366.0,0.2973861298683186,,430205.0,l1d,2.0,4.648946432514731e-06,127937.0,imp,simple_triad_imp3_s64_sth8_ipd8_pt8_l1d_ddr4_1x,3509934.0,,0.002875,2875243545.0,,1.0076521739130435,,0.9641739130434784,stage3,,,,cons_s8_sth8_pt8_ipd8,0.002772,1.045093795093795,0.002897,0.08079554597320056,,,,,,,,,,,,,stage3: s64_sth8_ipd8_pt8
,simple_triad,s64_sth8,,,,,,,,,,,-3.5826086956521674,0.40651,,,,2003762.0,,,,1455529.0,,,,0.7263981450890874,,,,,,,430205.0,,,,,2.0,127937.0,,,,,,,,,,,375419.0,,,,375409.0,,,,0.9999733630956344,,,,,,,,,,,,,,,,,,,,,,,,,,,,,,,,,ddr4_1x,8634366.0,0.2973861298683186,,430205.0,l1d,2.0,4.648946432514731e-06,127937.0,imp,simple_triad_imp3_s64_sth8_l1d_ddr4_1x,3509934.0,,0.002875,2875243545.0,,1.0076521739130435,,0.9641739130434784,stage3,,,,cons_s8_sth8_pt8_ipd8,0.002772,1.045093795093795,0.002897,0.08079554597320056,,,,,,,,,,,,,stage3: s64_sth8
,simple_triad,s64_sth8,,,,,,,,,,,5.421686746987953,0.586874,,,,2003842.0,,,,1368674.0,,,,0.6830249091495237,,,,,,,545558.0,,,,,1.0,150579.0,,,,,,,,,,,375417.0,,,,375407.0,,,,0.9999733629537287,,,,,,,,,,,,,,,,,,,,,,,,,,,,,,,,,ddr4_2x,5981012.0,0.27600915026449985,,545558.0,l1d,1.0,1.8329856770499196e-06,150579.0,imp,simple_triad_imp3_s64_sth8_l1d_ddr4_2x,3510081.0,,0.001992,1991676996.0,,1.3077309236947792,,1.0542168674698795,stage3,,,,s16_sth8,0.0021,1.2404761904761905,0.002605,0.09911384081519009,,,,,,,,,,,,,stage3: s64_sth8
,simple_triad,s64_sth8,,,,,,,,,,,-12.104909213180903,0.393025,,,,2003729.0,,,,1953723.0,,,,0.9750435313358243,,,,,,,,,,,,,,,,,,,,,,,,370351.0,,,,189817.0,,,,0.5125327054604956,,,,,,,1755313.0,,,,,491.0,180524.0,,,,,,,,,,,,,,,,,,,,ddr4_1x,8930426.0,0.10284433602440135,,1755313.0,l2,491.0,0.0002797221919965271,180524.0,imp,simple_triad_imp3_s64_sth8_l2_ddr4_1x,3509865.0,,0.002974,2973831525.0,,0.9741089441829186,,0.878950907868191,stage3,,,,s2_sth2,0.002614,1.1082631981637336,0.002897,0.4874534550589862,,,,,,,,,,,,,stage3: s64_sth8
,simple_triad,s64_sth8_pt8,,,,,,,,,,,-3.5826086956521674,0.40651,,,,2003763.0,,,,1455529.0,,,,0.7263977825720906,,,,,,,430205.0,,,,,2.0,127937.0,,,,,,,,,,,375419.0,,,,375409.0,,,,0.9999733630956344,,,,,,,,,,,,,,,,,,,,,,,,,,,,,,,,,ddr4_1x,8634366.0,0.2973861298683186,,430205.0,l1d,2.0,4.648946432514731e-06,127937.0,imp,simple_triad_imp3_s64_sth8_pt8_l1d_ddr4_1x,3509934.0,,0.002875,2875243545.0,,1.0076521739130435,,0.9641739130434784,stage3,,,,cons_s8_sth8_pt8_ipd8,0.002772,1.045093795093795,0.002897,0.08079554597320056,,,,,,,,,,,,,stage3: s64_sth8_pt8
,simple_triad,s64_sth8_pt8,,,,,,,,,,,5.421686746987953,0.586874,,,,2003842.0,,,,1368674.0,,,,0.6830249091495237,,,,,,,545558.0,,,,,1.0,150579.0,,,,,,,,,,,375417.0,,,,375407.0,,,,0.9999733629537287,,,,,,,,,,,,,,,,,,,,,,,,,,,,,,,,,ddr4_2x,5981012.0,0.27600915026449985,,545558.0,l1d,1.0,1.8329856770499196e-06,150579.0,imp,simple_triad_imp3_s64_sth8_pt8_l1d_ddr4_2x,3510081.0,,0.001992,1991676996.0,,1.3077309236947792,,1.0542168674698795,stage3,,,,s16_sth8,0.0021,1.2404761904761905,0.002605,0.09911384081519009,,,,,,,,,,,,,stage3: s64_sth8_pt8
,simple_triad,s64_sth8_pt8,,,,,,,,,,,-12.104909213180903,0.393025,,,,2003728.0,,,,1953723.0,,,,0.9750440179505402,,,,,,,,,,,,,,,,,,,,,,,,370351.0,,,,189817.0,,,,0.5125327054604956,,,,,,,1755313.0,,,,,491.0,180524.0,,,,,,,,,,,,,,,,,,,,ddr4_1x,8930426.0,0.10284433602440135,,1755313.0,l2,491.0,0.0002797221919965271,180524.0,imp,simple_triad_imp3_s64_sth8_pt8_l2_ddr4_1x,3509865.0,,0.002974,2973831525.0,,0.9741089441829186,,0.878950907868191,stage3,,,,s2_sth2,0.002614,1.1082631981637336,0.002897,0.4874534550589862,,,,,,,,,,,,,stage3: s64_sth8_pt8
,spmv,s32_dist32_addr16,,,,,,,,,,,-0.1177064065915556,0.632896,,,,4825810.0,,,,1965987.0,,,,0.40739005472656403,,,,,,,2681006.0,,,,,2017355.0,154397.0,,,,,,,,,,,3758296.0,,,,670330.0,,,,0.17836008659243444,,,,,,,,,,,,,,,,,,,,,,,,,,,,,,,,,ddr4_1x,17860067.0,0.05758920345571774,,2681006.0,l1d,2017355.0,0.7524619489848213,154397.0,imp,spmv_imp3_s32_dist32_addr16_l1d_ddr4_1x,11279576.0,,0.005947,5947402311.0,,1.7822431478056164,,0.9988229359340844,stage3,,,,s16_dist8_addr16,0.00594,1.7843434343434346,0.010599,0.0728155843469862,,,,,,,,,,,,,stage3: s32_dist32_addr16
,spmv,s32_dist32_addr16,,,,,,,,,,,0.9912100243127052,0.704003,,,,4825954.0,,,,1966423.0,,,,0.4074682435845845,,,,,,,2672913.0,,,,,2014339.0,154709.0,,,,,,,,,,,3755065.0,,,,671176.0,,,,0.1787388500598525,,,,,,,,,,,,,,,,,,,,,,,,,,,,,,,,,ddr4_2x,16056132.0,0.05788029763782061,,2672913.0,l1d,2014339.0,0.7536118833647036,154709.0,imp,spmv_imp3_s32_dist32_addr16_l1d_ddr4_2x,11279576.0,,0.005347,5346691956.0,,1.691976809425846,,1.009912100243127,stage3,,,,s16_dist32_addr16,0.0054,1.6753703703703702,0.009047,0.07293699779174516,,,,,,,,,,,,,stage3: s32_dist32_addr16
,spmv,s32_dist32_addr16,,,,,,,,,,,5.163965322276676,0.709423,,,,4827545.0,,,,2257792.0,,,,0.4676894777780425,,,,,,,,,,,,,,,,,,,,,,,,1687035.0,,,,344719.0,,,,0.20433423135856696,,,,,,,378862.0,,,,,16939.0,207267.0,,,,,,,,,,,,,,,,,,,,ddr4_2x,15933486.0,0.5470778278106541,,378862.0,l2,16939.0,0.044710211105890796,207267.0,imp,spmv_imp3_s32_dist32_addr16_l2_ddr4_2x,11279581.0,,0.005306,5305850838.0,,1.705050885789672,,1.0516396532227668,stage3,,,,aggr_s16_sth2_d32_ipd16_addr16,0.00558,1.6213261648745518,0.009047,0.3754932190309174,,,,,,,,,,,,,stage3: s32_dist32_addr16
,spmv,s32_dist8_addr16,,,,,,,,,,,-0.1177064065915556,0.632896,,,,4825810.0,,,,1965987.0,,,,0.40739005472656403,,,,,,,2681006.0,,,,,2017355.0,154397.0,,,,,,,,,,,3758296.0,,,,670330.0,,,,0.17836008659243444,,,,,,,,,,,,,,,,,,,,,,,,,,,,,,,,,ddr4_1x,17860067.0,0.05758920345571774,,2681006.0,l1d,2017355.0,0.7524619489848213,154397.0,imp,spmv_imp3_s32_dist8_addr16_l1d_ddr4_1x,11279576.0,,0.005947,5947402311.0,,1.7822431478056164,,0.9988229359340844,stage3,,,,s16_dist8_addr16,0.00594,1.7843434343434346,0.010599,0.0728155843469862,,,,,,,,,,,,,stage3: s32_dist8_addr16
,spmv,s32_dist8_addr16,,,,,,,,,,,0.9912100243127052,0.704003,,,,4825954.0,,,,1966423.0,,,,0.4074682435845845,,,,,,,2672913.0,,,,,2014339.0,154709.0,,,,,,,,,,,3755065.0,,,,671176.0,,,,0.1787388500598525,,,,,,,,,,,,,,,,,,,,,,,,,,,,,,,,,ddr4_2x,16056132.0,0.05788029763782061,,2672913.0,l1d,2014339.0,0.7536118833647036,154709.0,imp,spmv_imp3_s32_dist8_addr16_l1d_ddr4_2x,11279576.0,,0.005347,5346691956.0,,1.691976809425846,,1.009912100243127,stage3,,,,s16_dist32_addr16,0.0054,1.6753703703703702,0.009047,0.07293699779174516,,,,,,,,,,,,,stage3: s32_dist8_addr16
,spmv,s32_dist8_addr16,,,,,,,,,,,5.163965322276676,0.709423,,,,4827545.0,,,,2257792.0,,,,0.4676894777780425,,,,,,,,,,,,,,,,,,,,,,,,1687035.0,,,,344719.0,,,,0.20433423135856696,,,,,,,378862.0,,,,,16939.0,207267.0,,,,,,,,,,,,,,,,,,,,ddr4_2x,15933486.0,0.5470778278106541,,378862.0,l2,16939.0,0.044710211105890796,207267.0,imp,spmv_imp3_s32_dist8_addr16_l2_ddr4_2x,11279581.0,,0.005306,5305850838.0,,1.705050885789672,,1.0516396532227668,stage3,,,,aggr_s16_sth2_d32_ipd16_addr16,0.00558,1.6213261648745518,0.009047,0.3754932190309174,,,,,,,,,,,,,stage3: s32_dist8_addr16
,spmv,s32_ipd16_addr16,,,,,,,,,,,-0.1177064065915556,0.632896,,,,4825810.0,,,,1965987.0,,,,0.40739005472656403,,,,,,,2681006.0,,,,,2017355.0,154397.0,,,,,,,,,,,3758296.0,,,,670330.0,,,,0.17836008659243444,,,,,,,,,,,,,,,,,,,,,,,,,,,,,,,,,ddr4_1x,17860067.0,0.05758920345571774,,2681006.0,l1d,2017355.0,0.7524619489848213,154397.0,imp,spmv_imp3_s32_ipd16_addr16_l1d_ddr4_1x,11279576.0,,0.005947,5947402311.0,,1.7822431478056164,,0.9988229359340844,stage3,,,,s16_dist8_addr16,0.00594,1.7843434343434346,0.010599,0.0728155843469862,,,,,,,,,,,,,stage3: s32_ipd16_addr16
,spmv,s32_ipd16_addr16,,,,,,,,,,,0.9912100243127052,0.704003,,,,4825954.0,,,,1966423.0,,,,0.4074682435845845,,,,,,,2672913.0,,,,,2014339.0,154709.0,,,,,,,,,,,3755065.0,,,,671176.0,,,,0.1787388500598525,,,,,,,,,,,,,,,,,,,,,,,,,,,,,,,,,ddr4_2x,16056132.0,0.05788029763782061,,2672913.0,l1d,2014339.0,0.7536118833647036,154709.0,imp,spmv_imp3_s32_ipd16_addr16_l1d_ddr4_2x,11279576.0,,0.005347,5346691956.0,,1.691976809425846,,1.009912100243127,stage3,,,,s16_dist32_addr16,0.0054,1.6753703703703702,0.009047,0.07293699779174516,,,,,,,,,,,,,stage3: s32_ipd16_addr16
,spmv,s32_ipd8_addr8,,,,,,,,,,,-0.1177064065915556,0.632896,,,,4825810.0,,,,1965987.0,,,,0.40739005472656403,,,,,,,2681006.0,,,,,2017355.0,154397.0,,,,,,,,,,,3758296.0,,,,670330.0,,,,0.17836008659243444,,,,,,,,,,,,,,,,,,,,,,,,,,,,,,,,,ddr4_1x,17860067.0,0.05758920345571774,,2681006.0,l1d,2017355.0,0.7524619489848213,154397.0,imp,spmv_imp3_s32_ipd8_addr8_l1d_ddr4_1x,11279576.0,,0.005947,5947402311.0,,1.7822431478056164,,0.9988229359340844,stage3,,,,s16_dist8_addr16,0.00594,1.7843434343434346,0.010599,0.0728155843469862,,,,,,,,,,,,,stage3: s32_ipd8_addr8
,spmv,s32_ipd8_addr8,,,,,,,,,,,0.9912100243127052,0.704003,,,,4825954.0,,,,1966423.0,,,,0.4074682435845845,,,,,,,2672913.0,,,,,2014339.0,154709.0,,,,,,,,,,,3755065.0,,,,671176.0,,,,0.1787388500598525,,,,,,,,,,,,,,,,,,,,,,,,,,,,,,,,,ddr4_2x,16056132.0,0.05788029763782061,,2672913.0,l1d,2014339.0,0.7536118833647036,154709.0,imp,spmv_imp3_s32_ipd8_addr8_l1d_ddr4_2x,11279576.0,,0.005347,5346691956.0,,1.691976809425846,,1.009912100243127,stage3,,,,s16_dist32_addr16,0.0054,1.6753703703703702,0.009047,0.07293699779174516,,,,,,,,,,,,,stage3: s32_ipd8_addr8
,spmv,s32,,,,,,,,,,,-0.1177064065915556,0.632896,,,,4825810.0,,,,1965987.0,,,,0.40739005472656403,,,,,,,2681006.0,,,,,2017355.0,154397.0,,,,,,,,,,,3758296.0,,,,670330.0,,,,0.17836008659243444,,,,,,,,,,,,,,,,,,,,,,,,,,,,,,,,,ddr4_1x,17860067.0,0.05758920345571774,,2681006.0,l1d,2017355.0,0.7524619489848213,154397.0,imp,spmv_imp3_s32_l1d_ddr4_1x,11279576.0,,0.005947,5947402311.0,,1.7822431478056164,,0.9988229359340844,stage3,,,,s16_dist8_addr16,0.00594,1.7843434343434346,0.010599,0.0728155843469862,,,,,,,,,,,,,stage3: s32
,spmv,s32,,,,,,,,,,,0.9912100243127052,0.704003,,,,4825954.0,,,,1966423.0,,,,0.4074682435845845,,,,,,,2672913.0,,,,,2014339.0,154709.0,,,,,,,,,,,3755065.0,,,,671176.0,,,,0.1787388500598525,,,,,,,,,,,,,,,,,,,,,,,,,,,,,,,,,ddr4_2x,16056132.0,0.05788029763782061,,2672913.0,l1d,2014339.0,0.7536118833647036,154709.0,imp,spmv_imp3_s32_l1d_ddr4_2x,11279576.0,,0.005347,5346691956.0,,1.691976809425846,,1.009912100243127,stage3,,,,s16_dist32_addr16,0.0054,1.6753703703703702,0.009047,0.07293699779174516,,,,,,,,,,,,,stage3: s32
,spmv,s32,,,,,,,,,,,5.163965322276676,0.709423,,,,4827545.0,,,,2257792.0,,,,0.4676894777780425,,,,,,,,,,,,,,,,,,,,,,,,1687035.0,,,,344719.0,,,,0.20433423135856696,,,,,,,378862.0,,,,,16939.0,207267.0,,,,,,,,,,,,,,,,,,,,ddr4_2x,15933486.0,0.5470778278106541,,378862.0,l2,16939.0,0.044710211105890796,207267.0,imp,spmv_imp3_s32_l2_ddr4_2x,11279581.0,,0.005306,5305850838.0,,1.705050885789672,,1.0516396532227668,stage3,,,,aggr_s16_sth2_d32_ipd16_addr16,0.00558,1.6213261648745518,0.009047,0.3754932190309174,,,,,,,,,,,,,stage3: s32
,spmv,s32_sth2_dist32_ipd16_addr16,,,,,,,,,,,5.203619909502266,0.70961,,,,4827520.0,,,,2258183.0,,,,0.4677728937425428,,,,,,,,,,,,,,,,,,,,,,,,1687026.0,,,,344646.0,,,,0.20429205003360945,,,,,,,378169.0,,,,,16856.0,207279.0,,,,,,,,,,,,,,,,,,,,ddr4_2x,15929273.0,0.5481120874529641,,378169.0,l2,16856.0,0.044572664602333875,207279.0,imp,spmv_imp3_s32_sth2_dist32_ipd16_addr16_l2_ddr4_2x,11279581.0,,0.005304,5304447909.0,,1.7056938159879336,,1.0520361990950229,stage3,,,,aggr_s16_sth2_d32_ipd16_addr16,0.00558,1.6213261648745518,0.009047,0.375556461475744,,,,,,,,,,,,,stage3: s32_sth2_dist32_ipd16_addr16
,spmv,s32_sth2_dist32_ipd16,,,,,,,,,,,3.531380753138058,0.629943,,,,4827528.0,,,,2258306.0,,,,0.4677975974453178,,,,,,,,,,,,,,,,,,,,,,,,1687033.0,,,,343448.0,,,,0.20358107991959848,,,,,,,362291.0,,,,,16873.0,208368.0,,,,,,,,,,,,,,,,,,,,ddr4_1x,17943794.0,0.5751398737478988,,362291.0,l2,16873.0,0.046573058673828494,208368.0,imp,spmv_imp3_s32_sth2_dist32_ipd16_l2_ddr4_1x,11279576.0,,0.005975,5975283402.0,,1.7738912133891214,,1.0353138075313806,stage3,,,,s16_pt8_sth8,0.006186,1.7133850630455871,0.010599,0.3776041289125361,,,,,,,,,,,,,stage3: s32_sth2_dist32_ipd16
,spmv,s32_sth2_dist32_ipd16,,,,,,,,,,,5.203619909502266,0.70961,,,,4827520.0,,,,2258183.0,,,,0.4677728937425428,,,,,,,,,,,,,,,,,,,,,,,,1687026.0,,,,344646.0,,,,0.20429205003360945,,,,,,,378169.0,,,,,16856.0,207279.0,,,,,,,,,,,,,,,,,,,,ddr4_2x,15929273.0,0.5481120874529641,,378169.0,l2,16856.0,0.044572664602333875,207279.0,imp,spmv_imp3_s32_sth2_dist32_ipd16_l2_ddr4_2x,11279581.0,,0.005304,5304447909.0,,1.7056938159879336,,1.0520361990950229,stage3,,,,aggr_s16_sth2_d32_ipd16_addr16,0.00558,1.6213261648745518,0.009047,0.375556461475744,,,,,,,,,,,,,stage3: s32_sth2_dist32_ipd16
,spmv,s32_sth2,,,,,,,,,,,3.531380753138058,0.629943,,,,4827528.0,,,,2258306.0,,,,0.4677975974453178,,,,,,,,,,,,,,,,,,,,,,,,1687033.0,,,,343448.0,,,,0.20358107991959848,,,,,,,362291.0,,,,,16873.0,208368.0,,,,,,,,,,,,,,,,,,,,ddr4_1x,17943794.0,0.5751398737478988,,362291.0,l2,16873.0,0.046573058673828494,208368.0,imp,spmv_imp3_s32_sth2_l2_ddr4_1x,11279576.0,,0.005975,5975283402.0,,1.7738912133891214,,1.0353138075313806,stage3,,,,s16_pt8_sth8,0.006186,1.7133850630455871,0.010599,0.3776041289125361,,,,,,,,,,,,,stage3: s32_sth2
,spmv,s32_sth2_pt8,,,,,,,,,,,3.531380753138058,0.629943,,,,4827528.0,,,,2258306.0,,,,0.4677975974453178,,,,,,,,,,,,,,,,,,,,,,,,1687033.0,,,,343448.0,,,,0.20358107991959848,,,,,,,362291.0,,,,,16873.0,208368.0,,,,,,,,,,,,,,,,,,,,ddr4_1x,17943794.0,0.5751398737478988,,362291.0,l2,16873.0,0.046573058673828494,208368.0,imp,spmv_imp3_s32_sth2_pt8_l2_ddr4_1x,11279576.0,,0.005975,5975283402.0,,1.7738912133891214,,1.0353138075313806,stage3,,,,s16_pt8_sth8,0.006186,1.7133850630455871,0.010599,0.3776041289125361,,,,,,,,,,,,,stage3: s32_sth2_pt8
,spmv,s32_sth8,,,,,,,,,,,3.531380753138058,0.629956,,,,4827549.0,,,,2258345.0,,,,0.4678036411437771,,,,,,,,,,,,,,,,,,,,,,,,1687040.0,,,,343390.0,,,,0.20354585546282244,,,,,,,362184.0,,,,,16822.0,208415.0,,,,,,,,,,,,,,,,,,,,ddr4_1x,17943435.0,0.5754395555850065,,362184.0,l2,16822.0,0.046446005345349324,208415.0,imp,spmv_imp3_s32_sth8_l2_ddr4_1x,11279576.0,,0.005975,5975163855.0,,1.7738912133891214,,1.0353138075313806,stage3,,,,s16_pt8_sth8,0.006186,1.7133850630455871,0.010599,0.3776968313081614,,,,,,,,,,,,,stage3: s32_sth8
,spmv,s32_sth8_pt8,,,,,,,,,,,3.531380753138058,0.629956,,,,4827549.0,,,,2258345.0,,,,0.4678036411437771,,,,,,,,,,,,,,,,,,,,,,,,1687040.0,,,,343390.0,,,,0.20354585546282244,,,,,,,362184.0,,,,,16822.0,208415.0,,,,,,,,,,,,,,,,,,,,ddr4_1x,17943435.0,0.5754395555850065,,362184.0,l2,16822.0,0.046446005345349324,208415.0,imp,spmv_imp3_s32_sth8_pt8_l2_ddr4_1x,11279576.0,,0.005975,5975163855.0,,1.7738912133891214,,1.0353138075313806,stage3,,,,s16_pt8_sth8,0.006186,1.7133850630455871,0.010599,0.3776968313081614,,,,,,,,,,,,,stage3: s32_sth8_pt8
,spmv,s64_dist32_addr16,,,,,,,,,,,-1.3616738625041425,0.6251,,,,4825858.0,,,,1963440.0,,,,0.4068582208593788,,,,,,,2763913.0,,,,,2054671.0,161436.0,,,,,,,,,,,3795924.0,,,,689851.0,,,,0.18173467118941264,,,,,,,,,,,,,,,,,,,,,,,,,,,,,,,,,ddr4_1x,18082827.0,0.05840849549171772,,2763913.0,l1d,2054671.0,0.7433920676953291,161436.0,imp,spmv_imp3_s64_dist32_addr16_l1d_ddr4_1x,11279581.0,,0.006022,6021581391.0,,1.7600464961806712,,0.9863832613749586,stage3,,,,s16_dist8_addr16,0.00594,1.7843434343434346,0.010599,0.07597431567771484,,,,,,,,,,,,,stage3: s64_dist32_addr16
,spmv,s64_dist32_addr16,,,,,,,,,,,-0.0925069380203424,0.696373,,,,4826064.0,,,,1964970.0,,,,0.4071578826969555,,,,,,,2751404.0,,,,,2052213.0,161294.0,,,,,,,,,,,3793542.0,,,,689032.0,,,,0.18163289084449308,,,,,,,,,,,,,,,,,,,,,,,,,,,,,,,,,ddr4_2x,16232061.0,0.05862243421903872,,2751404.0,l1d,2052213.0,0.7458784678658605,161294.0,imp,spmv_imp3_s64_dist32_addr16_l1d_ddr4_2x,11279581.0,,0.005405,5405276313.0,,1.6738205365402403,,0.9990749306197966,stage3,,,,s16_dist32_addr16,0.0054,1.6753703703703702,0.009047,0.0758579367378651,,,,,,,,,,,,,stage3: s64_dist32_addr16
,spmv,s64_dist32_addr16,,,,,,,,,,,-19.083526682134572,0.545822,,,,4826316.0,,,,3120225.0,,,,0.646502425452457,,,,,,,,,,,,,,,,,,,,,,,,1686692.0,,,,434773.0,,,,0.25776668176525414,,,,,,,3172149.0,,,,,19519.0,123248.0,,,,,,,,,,,,,,,,,,,,ddr4_2x,20709269.0,0.03885315601505478,,3172149.0,l2,19519.0,0.006153241855915343,123248.0,imp,spmv_imp3_s64_dist32_addr16_l2_ddr4_2x,11279576.0,,0.006896,6896186577.0,,1.3119199535962875,,0.8091647331786542,stage3,,,,aggr_s16_sth2_d32_ipd16_addr16,0.00558,1.6213261648745518,0.009047,0.22086623980101108,,,,,,,,,,,,,stage3: s64_dist32_addr16
,spmv,s64_dist8_addr16,,,,,,,,,,,-1.3616738625041425,0.6251,,,,4825858.0,,,,1963440.0,,,,0.4068582208593788,,,,,,,2763913.0,,,,,2054671.0,161436.0,,,,,,,,,,,3795924.0,,,,689851.0,,,,0.18173467118941264,,,,,,,,,,,,,,,,,,,,,,,,,,,,,,,,,ddr4_1x,18082827.0,0.05840849549171772,,2763913.0,l1d,2054671.0,0.7433920676953291,161436.0,imp,spmv_imp3_s64_dist8_addr16_l1d_ddr4_1x,11279581.0,,0.006022,6021581391.0,,1.7600464961806712,,0.9863832613749586,stage3,,,,s16_dist8_addr16,0.00594,1.7843434343434346,0.010599,0.07597431567771484,,,,,,,,,,,,,stage3: s64_dist8_addr16
,spmv,s64_dist8_addr16,,,,,,,,,,,-0.0925069380203424,0.696373,,,,4826064.0,,,,1964970.0,,,,0.4071578826969555,,,,,,,2751404.0,,,,,2052213.0,161294.0,,,,,,,,,,,3793542.0,,,,689032.0,,,,0.18163289084449308,,,,,,,,,,,,,,,,,,,,,,,,,,,,,,,,,ddr4_2x,16232061.0,0.05862243421903872,,2751404.0,l1d,2052213.0,0.7458784678658605,161294.0,imp,spmv_imp3_s64_dist8_addr16_l1d_ddr4_2x,11279581.0,,0.005405,5405276313.0,,1.6738205365402403,,0.9990749306197966,stage3,,,,s16_dist32_addr16,0.0054,1.6753703703703702,0.009047,0.0758579367378651,,,,,,,,,,,,,stage3: s64_dist8_addr16
,spmv,s64_dist8_addr16,,,,,,,,,,,-19.083526682134572,0.545822,,,,4826316.0,,,,3120225.0,,,,0.646502425452457,,,,,,,,,,,,,,,,,,,,,,,,1686692.0,,,,434773.0,,,,0.25776668176525414,,,,,,,3172149.0,,,,,19519.0,123248.0,,,,,,,,,,,,,,,,,,,,ddr4_2x,20709269.0,0.03885315601505478,,3172149.0,l2,19519.0,0.006153241855915343,123248.0,imp,spmv_imp3_s64_dist8_addr16_l2_ddr4_2x,11279576.0,,0.006896,6896186577.0,,1.3119199535962875,,0.8091647331786542,stage3,,,,aggr_s16_sth2_d32_ipd16_addr16,0.00558,1.6213261648745518,0.009047,0.22086623980101108,,,,,,,,,,,,,stage3: s64_dist8_addr16
,spmv,s64_ipd16_addr16,,,,,,,,,,,-1.3616738625041425,0.6251,,,,4825858.0,,,,1963440.0,,,,0.4068582208593788,,,,,,,2763913.0,,,,,2054671.0,161436.0,,,,,,,,,,,3795924.0,,,,689851.0,,,,0.18173467118941264,,,,,,,,,,,,,,,,,,,,,,,,,,,,,,,,,ddr4_1x,18082827.0,0.05840849549171772,,2763913.0,l1d,2054671.0,0.7433920676953291,161436.0,imp,spmv_imp3_s64_ipd16_addr16_l1d_ddr4_1x,11279581.0,,0.006022,6021581391.0,,1.7600464961806712,,0.9863832613749586,stage3,,,,s16_dist8_addr16,0.00594,1.7843434343434346,0.010599,0.07597431567771484,,,,,,,,,,,,,stage3: s64_ipd16_addr16
,spmv,s64_ipd16_addr16,,,,,,,,,,,-0.0925069380203424,0.696373,,,,4826064.0,,,,1964970.0,,,,0.4071578826969555,,,,,,,2751404.0,,,,,2052213.0,161294.0,,,,,,,,,,,3793542.0,,,,689032.0,,,,0.18163289084449308,,,,,,,,,,,,,,,,,,,,,,,,,,,,,,,,,ddr4_2x,16232061.0,0.05862243421903872,,2751404.0,l1d,2052213.0,0.7458784678658605,161294.0,imp,spmv_imp3_s64_ipd16_addr16_l1d_ddr4_2x,11279581.0,,0.005405,5405276313.0,,1.6738205365402403,,0.9990749306197966,stage3,,,,s16_dist32_addr16,0.0054,1.6753703703703702,0.009047,0.0758579367378651,,,,,,,,,,,,,stage3: s64_ipd16_addr16
,spmv,s64_ipd8_addr8,,,,,,,,,,,-1.3616738625041425,0.6251,,,,4825858.0,,,,1963440.0,,,,0.4068582208593788,,,,,,,2763913.0,,,,,2054671.0,161436.0,,,,,,,,,,,3795924.0,,,,689851.0,,,,0.18173467118941264,,,,,,,,,,,,,,,,,,,,,,,,,,,,,,,,,ddr4_1x,18082827.0,0.05840849549171772,,2763913.0,l1d,2054671.0,0.7433920676953291,161436.0,imp,spmv_imp3_s64_ipd8_addr8_l1d_ddr4_1x,11279581.0,,0.006022,6021581391.0,,1.7600464961806712,,0.9863832613749586,stage3,,,,s16_dist8_addr16,0.00594,1.7843434343434346,0.010599,0.07597431567771484,,,,,,,,,,,,,stage3: s64_ipd8_addr8
,spmv,s64_ipd8_addr8,,,,,,,,,,,-0.0925069380203424,0.696373,,,,4826064.0,,,,1964970.0,,,,0.4071578826969555,,,,,,,2751404.0,,,,,2052213.0,161294.0,,,,,,,,,,,3793542.0,,,,689032.0,,,,0.18163289084449308,,,,,,,,,,,,,,,,,,,,,,,,,,,,,,,,,ddr4_2x,16232061.0,0.05862243421903872,,2751404.0,l1d,2052213.0,0.7458784678658605,161294.0,imp,spmv_imp3_s64_ipd8_addr8_l1d_ddr4_2x,11279581.0,,0.005405,5405276313.0,,1.6738205365402403,,0.9990749306197966,stage3,,,,s16_dist32_addr16,0.0054,1.6753703703703702,0.009047,0.0758579367378651,,,,,,,,,,,,,stage3: s64_ipd8_addr8
,spmv,s64,,,,,,,,,,,-1.3616738625041425,0.6251,,,,4825858.0,,,,1963440.0,,,,0.4068582208593788,,,,,,,2763913.0,,,,,2054671.0,161436.0,,,,,,,,,,,3795924.0,,,,689851.0,,,,0.18173467118941264,,,,,,,,,,,,,,,,,,,,,,,,,,,,,,,,,ddr4_1x,18082827.0,0.05840849549171772,,2763913.0,l1d,2054671.0,0.7433920676953291,161436.0,imp,spmv_imp3_s64_l1d_ddr4_1x,11279581.0,,0.006022,6021581391.0,,1.7600464961806712,,0.9863832613749586,stage3,,,,s16_dist8_addr16,0.00594,1.7843434343434346,0.010599,0.07597431567771484,,,,,,,,,,,,,stage3: s64
,spmv,s64,,,,,,,,,,,-0.0925069380203424,0.696373,,,,4826064.0,,,,1964970.0,,,,0.4071578826969555,,,,,,,2751404.0,,,,,2052213.0,161294.0,,,,,,,,,,,3793542.0,,,,689032.0,,,,0.18163289084449308,,,,,,,,,,,,,,,,,,,,,,,,,,,,,,,,,ddr4_2x,16232061.0,0.05862243421903872,,2751404.0,l1d,2052213.0,0.7458784678658605,161294.0,imp,spmv_imp3_s64_l1d_ddr4_2x,11279581.0,,0.005405,5405276313.0,,1.6738205365402403,,0.9990749306197966,stage3,,,,s16_dist32_addr16,0.0054,1.6753703703703702,0.009047,0.0758579367378651,,,,,,,,,,,,,stage3: s64
,spmv,s64,,,,,,,,,,,-19.083526682134572,0.545822,,,,4826316.0,,,,3120225.0,,,,0.646502425452457,,,,,,,,,,,,,,,,,,,,,,,,1686692.0,,,,434773.0,,,,0.25776668176525414,,,,,,,3172149.0,,,,,19519.0,123248.0,,,,,,,,,,,,,,,,,,,,ddr4_2x,20709269.0,0.03885315601505478,,3172149.0,l2,19519.0,0.006153241855915343,123248.0,imp,spmv_imp3_s64_l2_ddr4_2x,11279576.0,,0.006896,6896186577.0,,1.3119199535962875,,0.8091647331786542,stage3,,,,aggr_s16_sth2_d32_ipd16_addr16,0.00558,1.6213261648745518,0.009047,0.22086623980101108,,,,,,,,,,,,,stage3: s64
,spmv,s64_sth2_dist32_ipd16_addr16,,,,,,,,,,,-19.060052219321157,0.546004,,,,4826199.0,,,,3119918.0,,,,0.6464544872683451,,,,,,,,,,,,,,,,,,,,,,,,1686688.0,,,,434805.0,,,,0.2577862651539585,,,,,,,3171444.0,,,,,19621.0,123269.0,,,,,,,,,,,,,,,,,,,,ddr4_2x,20702369.0,0.038868414514019484,,3171444.0,l2,19621.0,0.006186771703993512,123269.0,imp,spmv_imp3_s64_sth2_dist32_ipd16_addr16_l2_ddr4_2x,11279581.0,,0.006894,6893888877.0,,1.3123005512039454,,0.8093994778067884,stage3,,,,aggr_s16_sth2_d32_ipd16_addr16,0.00558,1.6213261648745518,0.009047,0.22088289366643132,,,,,,,,,,,,,stage3: s64_sth2_dist32_ipd16_addr16
,spmv,s64_sth2_dist32_ipd16,,,,,,,,,,,-22.335216572504716,0.472556,,,,4826246.0,,,,3126701.0,,,,0.6478536319947222,,,,,,,,,,,,,,,,,,,,,,,,1686666.0,,,,434989.0,,,,0.2578987185370429,,,,,,,3163915.0,,,,,19612.0,123012.0,,,,,,,,,,,,,,,,,,,,ddr4_1x,23920085.0,0.03887967913170866,,3163915.0,l2,19612.0,0.006198649458029056,123012.0,imp,spmv_imp3_s64_sth2_dist32_ipd16_l2_ddr4_1x,11279581.0,,0.007965,7965388305.0,,1.3306967984934088,,0.7766478342749529,stage3,,,,s16_pt8_sth8,0.006186,1.7133850630455871,0.010599,0.22045121782935873,,,,,,,,,,,,,stage3: s64_sth2_dist32_ipd16
,spmv,s64_sth2_dist32_ipd16,,,,,,,,,,,-19.060052219321157,0.546004,,,,4826199.0,,,,3119918.0,,,,0.6464544872683451,,,,,,,,,,,,,,,,,,,,,,,,1686688.0,,,,434805.0,,,,0.2577862651539585,,,,,,,3171444.0,,,,,19621.0,123269.0,,,,,,,,,,,,,,,,,,,,ddr4_2x,20702369.0,0.038868414514019484,,3171444.0,l2,19621.0,0.006186771703993512,123269.0,imp,spmv_imp3_s64_sth2_dist32_ipd16_l2_ddr4_2x,11279581.0,,0.006894,6893888877.0,,1.3123005512039454,,0.8093994778067884,stage3,,,,aggr_s16_sth2_d32_ipd16_addr16,0.00558,1.6213261648745518,0.009047,0.22088289366643132,,,,,,,,,,,,,stage3: s64_sth2_dist32_ipd16
,spmv,s64_sth2,,,,,,,,,,,-22.335216572504716,0.472556,,,,4826246.0,,,,3126701.0,,,,0.6478536319947222,,,,,,,,,,,,,,,,,,,,,,,,1686666.0,,,,434989.0,,,,0.2578987185370429,,,,,,,3163915.0,,,,,19612.0,123012.0,,,,,,,,,,,,,,,,,,,,ddr4_1x,23920085.0,0.03887967913170866,,3163915.0,l2,19612.0,0.006198649458029056,123012.0,imp,spmv_imp3_s64_sth2_l2_ddr4_1x,11279581.0,,0.007965,7965388305.0,,1.3306967984934088,,0.7766478342749529,stage3,,,,s16_pt8_sth8,0.006186,1.7133850630455871,0.010599,0.22045121782935873,,,,,,,,,,,,,stage3: s64_sth2
,spmv,s64_sth2_pt8,,,,,,,,,,,-22.325464590657973,0.472665,,,,4826289.0,,,,3126534.0,,,,0.6478132577638844,,,,,,,,,,,,,,,,,,,,,,,,1686666.0,,,,434996.0,,,,0.25790286873631174,,,,,,,3163871.0,,,,,19626.0,123023.0,,,,,,,,,,,,,,,,,,,,ddr4_1x,23914544.0,0.038883696585606684,,3163871.0,l2,19626.0,0.006203160621909048,123023.0,imp,spmv_imp3_s64_sth2_pt8_l2_ddr4_1x,11279576.0,,0.007964,7963543152.0,,1.3308638874937218,,0.7767453540934203,stage3,,,,s16_pt8_sth8,0.006186,1.7133850630455871,0.010599,0.22046381933231665,,,,,,,,,,,,,stage3: s64_sth2_pt8
,spmv,s64_sth8,,,,,,,,,,,-22.364457831325304,0.472384,,,,4826252.0,,,,3127097.0,,,,0.6479348778306645,,,,,,,,,,,,,,,,,,,,,,,,1686662.0,,,,434976.0,,,,0.25789162262504284,,,,,,,3164915.0,,,,,19564.0,122986.0,,,,,,,,,,,,,,,,,,,,ddr4_1x,23928791.0,0.03885917947243449,,3164915.0,l2,19564.0,0.006181524622304232,122986.0,imp,spmv_imp3_s64_sth8_l2_ddr4_1x,11279576.0,,0.007968,7968287403.0,,1.3301957831325304,,0.776355421686747,stage3,,,,s16_pt8_sth8,0.006186,1.7133850630455871,0.010599,0.22042002860409848,,,,,,,,,,,,,stage3: s64_sth8
,spmv,s64_sth8_pt8,,,,,,,,,,,-22.364457831325304,0.472384,,,,4826252.0,,,,3127097.0,,,,0.6479348778306645,,,,,,,,,,,,,,,,,,,,,,,,1686662.0,,,,434976.0,,,,0.25789162262504284,,,,,,,3164915.0,,,,,19564.0,122986.0,,,,,,,,,,,,,,,,,,,,ddr4_1x,23928791.0,0.03885917947243449,,3164915.0,l2,19564.0,0.006181524622304232,122986.0,imp,spmv_imp3_s64_sth8_pt8_l2_ddr4_1x,11279576.0,,0.007968,7968287403.0,,1.3301957831325304,,0.776355421686747,stage3,,,,s16_pt8_sth8,0.006186,1.7133850630455871,0.010599,0.22042002860409848,,,,,,,,,,,,,stage3: s64_sth8_pt8
