gem5 Simulator System.  https://www.gem5.org
gem5 is copyrighted software; use the --copyright option for details.

gem5 version 25.0.0.1
gem5 compiled May  5 2026 12:55:05
gem5 started Jun 29 2026 14:57:26
gem5 executing on cn21.guoehi.cluster, pid 923188
command line: ../../gem5/build/ALL/gem5.opt --outdir=results_imp_stage3 -m gem5.utils.multisim run_imp_stage3_multisim.py

gem5 Simulator System.  https://www.gem5.org
gem5 is copyrighted software; use the --copyright option for details.

gem5 version 25.0.0.1
gem5 compiled May  5 2026 12:55:05
gem5 started Jun 29 2026 14:57:38
gem5 executing on cn21.guoehi.cluster, pid 923216
command line: /home/fdemirel/HPC_Lab_Proj/imp/../../gem5/build/ALL/gem5.opt -s -c 'from multiprocessing.resource_tracker import main;main(5)'

Global frequency set at 1000000000000 ticks per second
Global frequency set at 1000000000000 ticks per second
Global frequency set at 1000000000000 ticks per second
Global frequency set at 1000000000000 ticks per second
src/mem/dram_interface.cc:690: warn: DRAM device capacity (16384 Mbytes) does not match the address range assigned (1024 Mbytes)
src/mem/dram_interface.cc:690: warn: DRAM device capacity (16384 Mbytes) does not match the address range assigned (1024 Mbytes)
src/mem/dram_interface.cc:690: warn: DRAM device capacity (16384 Mbytes) does not match the address range assigned (512 Mbytes)
src/mem/dram_interface.cc:690: warn: DRAM device capacity (16384 Mbytes) does not match the address range assigned (512 Mbytes)
src/base/statistics.hh:279: warn: One of the stats is a legacy stat. Legacy stat is a stat that does not belong to any statistics::Group. Legacy stat is deprecated.
src/base/statistics.hh:279: warn: One of the stats is a legacy stat. Legacy stat is a stat that does not belong to any statistics::Group. Legacy stat is deprecated.
src/base/statistics.hh:279: warn: One of the stats is a legacy stat. Legacy stat is a stat that does not belong to any statistics::Group. Legacy stat is deprecated.
src/mem/dram_interface.cc:690: warn: DRAM device capacity (16384 Mbytes) does not match the address range assigned (512 Mbytes)
src/mem/dram_interface.cc:690: warn: DRAM device capacity (16384 Mbytes) does not match the address range assigned (512 Mbytes)
board.remote_gdb: Listening for connections on port 7000
board.remote_gdb: Listening for connections on port 7001
board.remote_gdb: Listening for connections on port 7002
src/base/statistics.hh:279: warn: One of the stats is a legacy stat. Legacy stat is a stat that does not belong to any statistics::Group. Legacy stat is deprecated.
board.remote_gdb: Listening for connections on port 7003
gem5 Simulator System.  https://www.gem5.org
gem5 is copyrighted software; use the --copyright option for details.

gem5 version 25.0.0.1
gem5 compiled May  5 2026 12:55:05
gem5 started Jun 29 2026 14:57:38
gem5 executing on cn21.guoehi.cluster, pid 923220
command line: /home/fdemirel/HPC_Lab_Proj/imp/../../gem5/build/ALL/gem5.opt -s --outdir=results_imp_stage3 --stdout-file=quick_imp3_s64_ipd8_addr8_l2_ddr4_1x_simout.txt --stderr-file=quick_imp3_s64_ipd8_addr8_l2_ddr4_1x_simerr.txt --stats-file=stats.txt -c 'from multiprocessing.spawn import spawn_main; spawn_main(tracker_fd=7, pipe_handle=16)' --multiprocessing-fork

gem5 Simulator System.  https://www.gem5.org
gem5 is copyrighted software; use the --copyright option for details.

gem5 version 25.0.0.1
gem5 compiled May  5 2026 12:55:05
gem5 started Jun 29 2026 14:57:38
gem5 executing on cn21.guoehi.cluster, pid 923217
command line: /home/fdemirel/HPC_Lab_Proj/imp/../../gem5/build/ALL/gem5.opt -s --outdir=results_imp_stage3 --stdout-file=merge_imp3_s32_sth2_dist32_ipd16_addr16_l2_ddr4_2x_simout.txt --stderr-file=merge_imp3_s32_sth2_dist32_ipd16_addr16_l2_ddr4_2x_simerr.txt --stats-file=stats.txt -c 'from multiprocessing.spawn import spawn_main; spawn_main(tracker_fd=7, pipe_handle=10)' --multiprocessing-fork

gem5 Simulator System.  https://www.gem5.org
gem5 is copyrighted software; use the --copyright option for details.

gem5 version 25.0.0.1
gem5 compiled May  5 2026 12:55:05
gem5 started Jun 29 2026 14:57:38
gem5 executing on cn21.guoehi.cluster, pid 923218
command line: /home/fdemirel/HPC_Lab_Proj/imp/../../gem5/build/ALL/gem5.opt -s --outdir=results_imp_stage3 --stdout-file=simple_triad_imp3_s32_sth8_pt8_l1d_ddr4_2x_simout.txt --stderr-file=simple_triad_imp3_s32_sth8_pt8_l1d_ddr4_2x_simerr.txt --stats-file=stats.txt -c 'from multiprocessing.spawn import spawn_main; spawn_main(tracker_fd=7, pipe_handle=12)' --multiprocessing-fork

src/sim/mem_state.cc:443: info: Increasing stack size by one page.
src/sim/mem_state.cc:443: info: Increasing stack size by one page.
src/sim/mem_state.cc:443: info: Increasing stack size by one page.
src/sim/syscall_emul.hh:1121: warn: readlink() called on '/proc/self/exe' may yield unexpected results in various settings.
      Returning '/home/fdemirel/HPC_Lab_Proj/benchmarks/quick/quick-m5.x'
src/sim/syscall_emul.hh:1121: warn: readlink() called on '/proc/self/exe' may yield unexpected results in various settings.
      Returning '/home/fdemirel/HPC_Lab_Proj/benchmarks/simple_triad/simple_triad-m5.x'
src/sim/syscall_emul.hh:1121: warn: readlink() called on '/proc/self/exe' may yield unexpected results in various settings.
      Returning '/home/fdemirel/HPC_Lab_Proj/benchmarks/merge/merge-m5.x'
src/arch/arm/insts/pseudo.cc:174: warn: 	instruction 'bti' unimplemented
src/arch/arm/insts/pseudo.cc:174: warn: 	instruction 'bti' unimplemented
gem5 Simulator System.  https://www.gem5.org
gem5 is copyrighted software; use the --copyright option for details.

gem5 version 25.0.0.1
gem5 compiled May  5 2026 12:55:05
gem5 started Jun 29 2026 14:57:38
gem5 executing on cn21.guoehi.cluster, pid 923219
command line: /home/fdemirel/HPC_Lab_Proj/imp/../../gem5/build/ALL/gem5.opt -s --outdir=results_imp_stage3 --stdout-file=spmv_imp3_s32_sth2_l2_ddr4_1x_simout.txt --stderr-file=spmv_imp3_s32_sth2_l2_ddr4_1x_simerr.txt --stats-file=stats.txt -c 'from multiprocessing.spawn import spawn_main; spawn_main(tracker_fd=7, pipe_handle=14)' --multiprocessing-fork

src/sim/mem_state.cc:443: info: Increasing stack size by one page.
src/sim/syscall_emul.hh:1121: warn: readlink() called on '/proc/self/exe' may yield unexpected results in various settings.
      Returning '/home/fdemirel/HPC_Lab_Proj/benchmarks/spmv/spmv-m5.x'
src/arch/arm/insts/pseudo.cc:174: warn: 	instruction 'bti' unimplemented
src/sim/mem_state.cc:443: info: Increasing stack size by one page.
src/sim/mem_state.cc:443: info: Increasing stack size by one page.
src/sim/mem_state.cc:443: info: Increasing stack size by one page.
src/sim/mem_state.cc:443: info: Increasing stack size by one page.
src/sim/mem_state.cc:443: info: Increasing stack size by one page.
src/sim/mem_state.cc:443: info: Increasing stack size by one page.
src/sim/mem_state.cc:443: info: Increasing stack size by one page.
Array SIZE      : 1000000 
Array LOOP      : 1 

----triad----
a[0]=7.00e+00. b[0]=2.00e+00. c[0]=1.00e+00.
Execution time: 2.046703 (ms) 
   Rate [MB/s]: 11726.2 
Global frequency set at 1000000000000 ticks per second
src/mem/dram_interface.cc:690: warn: DRAM device capacity (16384 Mbytes) does not match the address range assigned (1024 Mbytes)
src/base/statistics.hh:279: warn: One of the stats is a legacy stat. Legacy stat is a stat that does not belong to any statistics::Group. Legacy stat is deprecated.
board.remote_gdb: Listening for connections on port 7003
gem5 Simulator System.  https://www.gem5.org
gem5 is copyrighted software; use the --copyright option for details.

gem5 version 25.0.0.1
gem5 compiled May  5 2026 12:55:05
gem5 started Jun 29 2026 14:59:19
gem5 executing on cn21.guoehi.cluster, pid 923245
command line: /home/fdemirel/HPC_Lab_Proj/imp/../../gem5/build/ALL/gem5.opt -s --outdir=results_imp_stage3 --stdout-file=matmult_imp3_s64_ipd16_addr16_l1d_ddr4_1x_simout.txt --stderr-file=matmult_imp3_s64_ipd16_addr16_l1d_ddr4_1x_simerr.txt --stats-file=stats.txt -c 'from multiprocessing.spawn import spawn_main; spawn_main(tracker_fd=7, pipe_handle=14)' --multiprocessing-fork

src/sim/mem_state.cc:443: info: Increasing stack size by one page.
src/sim/syscall_emul.hh:1121: warn: readlink() called on '/proc/self/exe' may yield unexpected results in various settings.
      Returning '/home/fdemirel/HPC_Lab_Proj/benchmarks/matmult/matmult-m5.x'
src/arch/arm/insts/pseudo.cc:174: warn: 	instruction 'bti' unimplemented
----spmv----
N_ROWS          : 8192 
N_COLS          : 65536 
NNZ             : 524155 
Execution time: 5.967384 (ms) 
Global frequency set at 1000000000000 ticks per second
src/mem/dram_interface.cc:690: warn: DRAM device capacity (16384 Mbytes) does not match the address range assigned (512 Mbytes)
src/mem/dram_interface.cc:690: warn: DRAM device capacity (16384 Mbytes) does not match the address range assigned (512 Mbytes)
src/base/statistics.hh:279: warn: One of the stats is a legacy stat. Legacy stat is a stat that does not belong to any statistics::Group. Legacy stat is deprecated.
board.remote_gdb: Listening for connections on port 7001
gem5 Simulator System.  https://www.gem5.org
gem5 is copyrighted software; use the --copyright option for details.

gem5 version 25.0.0.1
gem5 compiled May  5 2026 12:55:05
gem5 started Jun 29 2026 14:59:32
gem5 executing on cn21.guoehi.cluster, pid 923249
command line: /home/fdemirel/HPC_Lab_Proj/imp/../../gem5/build/ALL/gem5.opt -s --outdir=results_imp_stage3 --stdout-file=bfs_imp3_s32_ipd8_addr8_l2_ddr4_2x_simout.txt --stderr-file=bfs_imp3_s32_ipd8_addr8_l2_ddr4_2x_simerr.txt --stats-file=stats.txt -c 'from multiprocessing.spawn import spawn_main; spawn_main(tracker_fd=7, pipe_handle=14)' --multiprocessing-fork

src/sim/mem_state.cc:443: info: Increasing stack size by one page.
src/sim/syscall_emul.hh:1121: warn: readlink() called on '/proc/self/exe' may yield unexpected results in various settings.
      Returning '/home/fdemirel/HPC_Lab_Proj/benchmarks/bfs/bfs-m5.x'
src/arch/arm/insts/pseudo.cc:174: warn: 	instruction 'bti' unimplemented
Beginning BFS ...

----MATRIX MULTIPLICATION----

----Computation starts----
Loop 0 ... 
argc = 2, A[argc][argc] = 0.500000, B[argc][argc] = 0.500000, C[argc][argc] = 0.500000 
Execution time: 1.198377 (ms) 
Global frequency set at 1000000000000 ticks per second
src/mem/dram_interface.cc:690: warn: DRAM device capacity (16384 Mbytes) does not match the address range assigned (1024 Mbytes)
src/base/statistics.hh:279: warn: One of the stats is a legacy stat. Legacy stat is a stat that does not belong to any statistics::Group. Legacy stat is deprecated.
board.remote_gdb: Listening for connections on port 7003
gem5 Simulator System.  https://www.gem5.org
gem5 is copyrighted software; use the --copyright option for details.

gem5 version 25.0.0.1
gem5 compiled May  5 2026 12:55:05
gem5 started Jun 29 2026 15:00:32
gem5 executing on cn21.guoehi.cluster, pid 923256
command line: /home/fdemirel/HPC_Lab_Proj/imp/../../gem5/build/ALL/gem5.opt -s --outdir=results_imp_stage3 --stdout-file=bfs_imp3_s64_sth2_l1d_ddr4_1x_simout.txt --stderr-file=bfs_imp3_s64_sth2_l1d_ddr4_1x_simerr.txt --stats-file=stats.txt -c 'from multiprocessing.spawn import spawn_main; spawn_main(tracker_fd=7, pipe_handle=14)' --multiprocessing-fork

src/sim/mem_state.cc:443: info: Increasing stack size by one page.
src/sim/syscall_emul.hh:1121: warn: readlink() called on '/proc/self/exe' may yield unexpected results in various settings.
      Returning '/home/fdemirel/HPC_Lab_Proj/benchmarks/bfs/bfs-m5.x'
src/arch/arm/insts/pseudo.cc:174: warn: 	instruction 'bti' unimplemented
Beginning BFS ...
----quick sort----
Array SIZE      : 131072 
random_elem:0, /home/fdemirel/HPC_Lab_Proj/benchmarks/quick/quick-m5.x
Execution time: 9.196969 (ms) 
Global frequency set at 1000000000000 ticks per second
src/mem/dram_interface.cc:690: warn: DRAM device capacity (16384 Mbytes) does not match the address range assigned (512 Mbytes)
src/mem/dram_interface.cc:690: warn: DRAM device capacity (16384 Mbytes) does not match the address range assigned (512 Mbytes)
src/base/statistics.hh:279: warn: One of the stats is a legacy stat. Legacy stat is a stat that does not belong to any statistics::Group. Legacy stat is deprecated.
board.remote_gdb: Listening for connections on port 7000
gem5 Simulator System.  https://www.gem5.org
gem5 is copyrighted software; use the --copyright option for details.

gem5 version 25.0.0.1
gem5 compiled May  5 2026 12:55:05
gem5 started Jun 29 2026 15:01:48
gem5 executing on cn21.guoehi.cluster, pid 923266
command line: /home/fdemirel/HPC_Lab_Proj/imp/../../gem5/build/ALL/gem5.opt -s --outdir=results_imp_stage3 --stdout-file=matmult_imp3_s64_sth2_pt8_l1d_ddr4_2x_simout.txt --stderr-file=matmult_imp3_s64_sth2_pt8_l1d_ddr4_2x_simerr.txt --stats-file=stats.txt -c 'from multiprocessing.spawn import spawn_main; spawn_main(tracker_fd=7, pipe_handle=14)' --multiprocessing-fork

src/sim/mem_state.cc:443: info: Increasing stack size by one page.
src/sim/syscall_emul.hh:1121: warn: readlink() called on '/proc/self/exe' may yield unexpected results in various settings.
      Returning '/home/fdemirel/HPC_Lab_Proj/benchmarks/matmult/matmult-m5.x'
src/arch/arm/insts/pseudo.cc:174: warn: 	instruction 'bti' unimplemented

----merge----
Execution time: 10.038685 (ms) 
random_elem:0, /home/fdemirel/HPC_Lab_Proj/benchmarks/merge/merge-m5.x
Global frequency set at 1000000000000 ticks per second
src/mem/dram_interface.cc:690: warn: DRAM device capacity (16384 Mbytes) does not match the address range assigned (512 Mbytes)
src/mem/dram_interface.cc:690: warn: DRAM device capacity (16384 Mbytes) does not match the address range assigned (512 Mbytes)
src/base/statistics.hh:279: warn: One of the stats is a legacy stat. Legacy stat is a stat that does not belong to any statistics::Group. Legacy stat is deprecated.
board.remote_gdb: Listening for connections on port 7002
gem5 Simulator System.  https://www.gem5.org
gem5 is copyrighted software; use the --copyright option for details.

gem5 version 25.0.0.1
gem5 compiled May  5 2026 12:55:05
gem5 started Jun 29 2026 15:02:32
gem5 executing on cn21.guoehi.cluster, pid 923271
command line: /home/fdemirel/HPC_Lab_Proj/imp/../../gem5/build/ALL/gem5.opt -s --outdir=results_imp_stage3 --stdout-file=spmv_imp3_s32_sth2_dist32_ipd16_addr16_l2_ddr4_2x_simout.txt --stderr-file=spmv_imp3_s32_sth2_dist32_ipd16_addr16_l2_ddr4_2x_simerr.txt --stats-file=stats.txt -c 'from multiprocessing.spawn import spawn_main; spawn_main(tracker_fd=7, pipe_handle=13)' --multiprocessing-fork

src/sim/mem_state.cc:443: info: Increasing stack size by one page.
src/sim/syscall_emul.hh:1121: warn: readlink() called on '/proc/self/exe' may yield unexpected results in various settings.
      Returning '/home/fdemirel/HPC_Lab_Proj/benchmarks/spmv/spmv-m5.x'
src/arch/arm/insts/pseudo.cc:174: warn: 	instruction 'bti' unimplemented
src/sim/mem_state.cc:443: info: Increasing stack size by one page.
src/sim/mem_state.cc:443: info: Increasing stack size by one page.
src/sim/mem_state.cc:443: info: Increasing stack size by one page.
src/sim/mem_state.cc:443: info: Increasing stack size by one page.
src/sim/mem_state.cc:443: info: Increasing stack size by one page.
src/sim/mem_state.cc:443: info: Increasing stack size by one page.
src/sim/mem_state.cc:443: info: Increasing stack size by one page.

----MATRIX MULTIPLICATION----

----Computation starts----
Loop 0 ... 
argc = 2, A[argc][argc] = 0.500000, B[argc][argc] = 0.500000, C[argc][argc] = 0.500000 
Execution time: 1.210032 (ms) 
Global frequency set at 1000000000000 ticks per second
src/mem/dram_interface.cc:690: warn: DRAM device capacity (16384 Mbytes) does not match the address range assigned (1024 Mbytes)
src/base/statistics.hh:279: warn: One of the stats is a legacy stat. Legacy stat is a stat that does not belong to any statistics::Group. Legacy stat is deprecated.
board.remote_gdb: Listening for connections on port 7000
gem5 Simulator System.  https://www.gem5.org
gem5 is copyrighted software; use the --copyright option for details.

gem5 version 25.0.0.1
gem5 compiled May  5 2026 12:55:05
gem5 started Jun 29 2026 15:03:03
gem5 executing on cn21.guoehi.cluster, pid 923275
command line: /home/fdemirel/HPC_Lab_Proj/imp/../../gem5/build/ALL/gem5.opt -s --outdir=results_imp_stage3 --stdout-file=merge_imp3_s64_dist32_addr16_l2_ddr4_1x_simout.txt --stderr-file=merge_imp3_s64_dist32_addr16_l2_ddr4_1x_simerr.txt --stats-file=stats.txt -c 'from multiprocessing.spawn import spawn_main; spawn_main(tracker_fd=7, pipe_handle=13)' --multiprocessing-fork

src/sim/mem_state.cc:443: info: Increasing stack size by one page.
src/sim/syscall_emul.hh:1121: warn: readlink() called on '/proc/self/exe' may yield unexpected results in various settings.
      Returning '/home/fdemirel/HPC_Lab_Proj/benchmarks/merge/merge-m5.x'
src/arch/arm/insts/pseudo.cc:174: warn: 	instruction 'bti' unimplemented
----spmv----
N_ROWS          : 8192 
N_COLS          : 65536 
NNZ             : 524155 
Execution time: 5.296569 (ms) 
Global frequency set at 1000000000000 ticks per second
src/mem/dram_interface.cc:690: warn: DRAM device capacity (16384 Mbytes) does not match the address range assigned (512 Mbytes)
src/mem/dram_interface.cc:690: warn: DRAM device capacity (16384 Mbytes) does not match the address range assigned (512 Mbytes)
src/base/statistics.hh:279: warn: One of the stats is a legacy stat. Legacy stat is a stat that does not belong to any statistics::Group. Legacy stat is deprecated.
board.remote_gdb: Listening for connections on port 7002
gem5 Simulator System.  https://www.gem5.org
gem5 is copyrighted software; use the --copyright option for details.

gem5 version 25.0.0.1
gem5 compiled May  5 2026 12:55:05
gem5 started Jun 29 2026 15:04:28
gem5 executing on cn21.guoehi.cluster, pid 923280
command line: /home/fdemirel/HPC_Lab_Proj/imp/../../gem5/build/ALL/gem5.opt -s --outdir=results_imp_stage3 --stdout-file=merge_imp3_s32_sth2_l1d_ddr4_2x_simout.txt --stderr-file=merge_imp3_s32_sth2_l1d_ddr4_2x_simerr.txt --stats-file=stats.txt -c 'from multiprocessing.spawn import spawn_main; spawn_main(tracker_fd=7, pipe_handle=13)' --multiprocessing-fork

src/sim/mem_state.cc:443: info: Increasing stack size by one page.
src/sim/syscall_emul.hh:1121: warn: readlink() called on '/proc/self/exe' may yield unexpected results in various settings.
      Returning '/home/fdemirel/HPC_Lab_Proj/benchmarks/merge/merge-m5.x'
src/arch/arm/insts/pseudo.cc:174: warn: 	instruction 'bti' unimplemented
Finished BFS.
Global frequency set at 1000000000000 ticks per second
src/mem/dram_interface.cc:690: warn: DRAM device capacity (16384 Mbytes) does not match the address range assigned (512 Mbytes)
src/mem/dram_interface.cc:690: warn: DRAM device capacity (16384 Mbytes) does not match the address range assigned (512 Mbytes)
src/base/statistics.hh:279: warn: One of the stats is a legacy stat. Legacy stat is a stat that does not belong to any statistics::Group. Legacy stat is deprecated.
board.remote_gdb: Listening for connections on port 7001
gem5 Simulator System.  https://www.gem5.org
gem5 is copyrighted software; use the --copyright option for details.

gem5 version 25.0.0.1
gem5 compiled May  5 2026 12:55:05
gem5 started Jun 29 2026 15:05:45
gem5 executing on cn21.guoehi.cluster, pid 923286
command line: /home/fdemirel/HPC_Lab_Proj/imp/../../gem5/build/ALL/gem5.opt -s --outdir=results_imp_stage3 --stdout-file=merge_imp3_s64_dist8_addr16_l2_ddr4_2x_simout.txt --stderr-file=merge_imp3_s64_dist8_addr16_l2_ddr4_2x_simerr.txt --stats-file=stats.txt -c 'from multiprocessing.spawn import spawn_main; spawn_main(tracker_fd=7, pipe_handle=13)' --multiprocessing-fork

src/sim/mem_state.cc:443: info: Increasing stack size by one page.
src/sim/syscall_emul.hh:1121: warn: readlink() called on '/proc/self/exe' may yield unexpected results in various settings.
      Returning '/home/fdemirel/HPC_Lab_Proj/benchmarks/merge/merge-m5.x'
src/arch/arm/insts/pseudo.cc:174: warn: 	instruction 'bti' unimplemented
Finished BFS.

----merge----
Execution time: 10.561265 (ms) 
random_elem:0, /home/fdemirel/HPC_Lab_Proj/benchmarks/merge/merge-m5.x
Global frequency set at 1000000000000 ticks per second
src/mem/dram_interface.cc:690: warn: DRAM device capacity (16384 Mbytes) does not match the address range assigned (1024 Mbytes)
src/base/statistics.hh:279: warn: One of the stats is a legacy stat. Legacy stat is a stat that does not belong to any statistics::Group. Legacy stat is deprecated.
board.remote_gdb: Listening for connections on port 7000
gem5 Simulator System.  https://www.gem5.org
gem5 is copyrighted software; use the --copyright option for details.

gem5 version 25.0.0.1
gem5 compiled May  5 2026 12:55:05
gem5 started Jun 29 2026 15:07:54
gem5 executing on cn21.guoehi.cluster, pid 923295
command line: /home/fdemirel/HPC_Lab_Proj/imp/../../gem5/build/ALL/gem5.opt -s --outdir=results_imp_stage3 --stdout-file=simple_triad_imp3_s64_l1d_ddr4_1x_simout.txt --stderr-file=simple_triad_imp3_s64_l1d_ddr4_1x_simerr.txt --stats-file=stats.txt -c 'from multiprocessing.spawn import spawn_main; spawn_main(tracker_fd=7, pipe_handle=13)' --multiprocessing-fork

src/sim/mem_state.cc:443: info: Increasing stack size by one page.
src/sim/syscall_emul.hh:1121: warn: readlink() called on '/proc/self/exe' may yield unexpected results in various settings.
      Returning '/home/fdemirel/HPC_Lab_Proj/benchmarks/simple_triad/simple_triad-m5.x'
Global frequency set at 1000000000000 ticks per second
src/mem/dram_interface.cc:690: warn: DRAM device capacity (16384 Mbytes) does not match the address range assigned (1024 Mbytes)
src/base/statistics.hh:279: warn: One of the stats is a legacy stat. Legacy stat is a stat that does not belong to any statistics::Group. Legacy stat is deprecated.
board.remote_gdb: Listening for connections on port 7003
gem5 Simulator System.  https://www.gem5.org
gem5 is copyrighted software; use the --copyright option for details.

gem5 version 25.0.0.1
gem5 compiled May  5 2026 12:55:05
gem5 started Jun 29 2026 15:08:00
gem5 executing on cn21.guoehi.cluster, pid 923298
command line: /home/fdemirel/HPC_Lab_Proj/imp/../../gem5/build/ALL/gem5.opt -s --outdir=results_imp_stage3 --stdout-file=matmult_imp3_s32_ipd8_addr8_l2_ddr4_1x_simout.txt --stderr-file=matmult_imp3_s32_ipd8_addr8_l2_ddr4_1x_simerr.txt --stats-file=stats.txt -c 'from multiprocessing.spawn import spawn_main; spawn_main(tracker_fd=7, pipe_handle=13)' --multiprocessing-fork

src/sim/mem_state.cc:443: info: Increasing stack size by one page.
src/sim/syscall_emul.hh:1121: warn: readlink() called on '/proc/self/exe' may yield unexpected results in various settings.
      Returning '/home/fdemirel/HPC_Lab_Proj/benchmarks/matmult/matmult-m5.x'
src/arch/arm/insts/pseudo.cc:174: warn: 	instruction 'bti' unimplemented

----MATRIX MULTIPLICATION----

----Computation starts----
Loop 0 ... 
argc = 2, A[argc][argc] = 0.500000, B[argc][argc] = 0.500000, C[argc][argc] = 0.500000 
Execution time: 1.196792 (ms) 
Global frequency set at 1000000000000 ticks per second
src/mem/dram_interface.cc:690: warn: DRAM device capacity (16384 Mbytes) does not match the address range assigned (512 Mbytes)
src/mem/dram_interface.cc:690: warn: DRAM device capacity (16384 Mbytes) does not match the address range assigned (512 Mbytes)
src/base/statistics.hh:279: warn: One of the stats is a legacy stat. Legacy stat is a stat that does not belong to any statistics::Group. Legacy stat is deprecated.
board.remote_gdb: Listening for connections on port 7003
gem5 Simulator System.  https://www.gem5.org
gem5 is copyrighted software; use the --copyright option for details.

gem5 version 25.0.0.1
gem5 compiled May  5 2026 12:55:05
gem5 started Jun 29 2026 15:09:00
gem5 executing on cn21.guoehi.cluster, pid 923305
command line: /home/fdemirel/HPC_Lab_Proj/imp/../../gem5/build/ALL/gem5.opt -s --outdir=results_imp_stage3 --stdout-file=simple_triad_imp3_s64_sth2_dist32_ipd16_addr16_l1d_ddr4_2x_simout.txt --stderr-file=simple_triad_imp3_s64_sth2_dist32_ipd16_addr16_l1d_ddr4_2x_simerr.txt --stats-file=stats.txt -c 'from multiprocessing.spawn import spawn_main; spawn_main(tracker_fd=7, pipe_handle=13)' --multiprocessing-fork

src/sim/mem_state.cc:443: info: Increasing stack size by one page.
src/sim/syscall_emul.hh:1121: warn: readlink() called on '/proc/self/exe' may yield unexpected results in various settings.
      Returning '/home/fdemirel/HPC_Lab_Proj/benchmarks/simple_triad/simple_triad-m5.x'

----merge----
Execution time: 9.912175 (ms) 
random_elem:0, /home/fdemirel/HPC_Lab_Proj/benchmarks/merge/merge-m5.x
Global frequency set at 1000000000000 ticks per second
src/mem/dram_interface.cc:690: warn: DRAM device capacity (16384 Mbytes) does not match the address range assigned (1024 Mbytes)
src/base/statistics.hh:279: warn: One of the stats is a legacy stat. Legacy stat is a stat that does not belong to any statistics::Group. Legacy stat is deprecated.
board.remote_gdb: Listening for connections on port 7002
gem5 Simulator System.  https://www.gem5.org
gem5 is copyrighted software; use the --copyright option for details.

gem5 version 25.0.0.1
gem5 compiled May  5 2026 12:55:05
gem5 started Jun 29 2026 15:09:23
gem5 executing on cn21.guoehi.cluster, pid 923308
command line: /home/fdemirel/HPC_Lab_Proj/imp/../../gem5/build/ALL/gem5.opt -s --outdir=results_imp_stage3 --stdout-file=bfs_imp3_s32_l2_ddr4_1x_simout.txt --stderr-file=bfs_imp3_s32_l2_ddr4_1x_simerr.txt --stats-file=stats.txt -c 'from multiprocessing.spawn import spawn_main; spawn_main(tracker_fd=7, pipe_handle=13)' --multiprocessing-fork

src/sim/mem_state.cc:443: info: Increasing stack size by one page.
src/sim/syscall_emul.hh:1121: warn: readlink() called on '/proc/self/exe' may yield unexpected results in various settings.
      Returning '/home/fdemirel/HPC_Lab_Proj/benchmarks/bfs/bfs-m5.x'
src/arch/arm/insts/pseudo.cc:174: warn: 	instruction 'bti' unimplemented
Beginning BFS ...
Array SIZE      : 1000000 
Array LOOP      : 1 

----triad----
a[0]=7.00e+00. b[0]=2.00e+00. c[0]=1.00e+00.
Execution time: 2.865032 (ms) 
   Rate [MB/s]: 8376.9 
Global frequency set at 1000000000000 ticks per second
src/mem/dram_interface.cc:690: warn: DRAM device capacity (16384 Mbytes) does not match the address range assigned (1024 Mbytes)
src/base/statistics.hh:279: warn: One of the stats is a legacy stat. Legacy stat is a stat that does not belong to any statistics::Group. Legacy stat is deprecated.
board.remote_gdb: Listening for connections on port 7000
gem5 Simulator System.  https://www.gem5.org
gem5 is copyrighted software; use the --copyright option for details.

gem5 version 25.0.0.1
gem5 compiled May  5 2026 12:55:05
gem5 started Jun 29 2026 15:09:43
gem5 executing on cn21.guoehi.cluster, pid 923312
command line: /home/fdemirel/HPC_Lab_Proj/imp/../../gem5/build/ALL/gem5.opt -s --outdir=results_imp_stage3 --stdout-file=quick_imp3_s32_ipd8_addr8_l1d_ddr4_1x_simout.txt --stderr-file=quick_imp3_s32_ipd8_addr8_l1d_ddr4_1x_simerr.txt --stats-file=stats.txt -c 'from multiprocessing.spawn import spawn_main; spawn_main(tracker_fd=7, pipe_handle=13)' --multiprocessing-fork

src/sim/mem_state.cc:443: info: Increasing stack size by one page.
src/sim/syscall_emul.hh:1121: warn: readlink() called on '/proc/self/exe' may yield unexpected results in various settings.
      Returning '/home/fdemirel/HPC_Lab_Proj/benchmarks/quick/quick-m5.x'
src/arch/arm/insts/pseudo.cc:174: warn: 	instruction 'bti' unimplemented
Array SIZE      : 1000000 
Array LOOP      : 1 

----triad----
a[0]=7.00e+00. b[0]=2.00e+00. c[0]=1.00e+00.
Execution time: 1.983654 (ms) 
   Rate [MB/s]: 12098.9 

----merge----
Execution time: 10.388957 (ms) 
random_elem:0, /home/fdemirel/HPC_Lab_Proj/benchmarks/merge/merge-m5.x
Global frequency set at 1000000000000 ticks per second
src/mem/dram_interface.cc:690: warn: DRAM device capacity (16384 Mbytes) does not match the address range assigned (512 Mbytes)
src/mem/dram_interface.cc:690: warn: DRAM device capacity (16384 Mbytes) does not match the address range assigned (512 Mbytes)
src/base/statistics.hh:279: warn: One of the stats is a legacy stat. Legacy stat is a stat that does not belong to any statistics::Group. Legacy stat is deprecated.
board.remote_gdb: Listening for connections on port 7001
gem5 Simulator System.  https://www.gem5.org
gem5 is copyrighted software; use the --copyright option for details.

gem5 version 25.0.0.1
gem5 compiled May  5 2026 12:55:05
gem5 started Jun 29 2026 15:10:39
gem5 executing on cn21.guoehi.cluster, pid 923320
command line: /home/fdemirel/HPC_Lab_Proj/imp/../../gem5/build/ALL/gem5.opt -s --outdir=results_imp_stage3 --stdout-file=bfs_imp3_s32_sth8_pt8_l2_ddr4_2x_simout.txt --stderr-file=bfs_imp3_s32_sth8_pt8_l2_ddr4_2x_simerr.txt --stats-file=stats.txt -c 'from multiprocessing.spawn import spawn_main; spawn_main(tracker_fd=7, pipe_handle=13)' --multiprocessing-fork

src/sim/mem_state.cc:443: info: Increasing stack size by one page.
src/sim/syscall_emul.hh:1121: warn: readlink() called on '/proc/self/exe' may yield unexpected results in various settings.
      Returning '/home/fdemirel/HPC_Lab_Proj/benchmarks/bfs/bfs-m5.x'
src/arch/arm/insts/pseudo.cc:174: warn: 	instruction 'bti' unimplemented
Beginning BFS ...
Global frequency set at 1000000000000 ticks per second
src/mem/dram_interface.cc:690: warn: DRAM device capacity (16384 Mbytes) does not match the address range assigned (1024 Mbytes)
src/base/statistics.hh:279: warn: One of the stats is a legacy stat. Legacy stat is a stat that does not belong to any statistics::Group. Legacy stat is deprecated.
board.remote_gdb: Listening for connections on port 7003
gem5 Simulator System.  https://www.gem5.org
gem5 is copyrighted software; use the --copyright option for details.

gem5 version 25.0.0.1
gem5 compiled May  5 2026 12:55:05
gem5 started Jun 29 2026 15:10:47
gem5 executing on cn21.guoehi.cluster, pid 923324
command line: /home/fdemirel/HPC_Lab_Proj/imp/../../gem5/build/ALL/gem5.opt -s --outdir=results_imp_stage3 --stdout-file=spmv_imp3_s64_sth2_dist32_ipd16_l2_ddr4_1x_simout.txt --stderr-file=spmv_imp3_s64_sth2_dist32_ipd16_l2_ddr4_1x_simerr.txt --stats-file=stats.txt -c 'from multiprocessing.spawn import spawn_main; spawn_main(tracker_fd=7, pipe_handle=13)' --multiprocessing-fork

src/sim/mem_state.cc:443: info: Increasing stack size by one page.
src/sim/syscall_emul.hh:1121: warn: readlink() called on '/proc/self/exe' may yield unexpected results in various settings.
      Returning '/home/fdemirel/HPC_Lab_Proj/benchmarks/spmv/spmv-m5.x'
src/arch/arm/insts/pseudo.cc:174: warn: 	instruction 'bti' unimplemented
src/sim/mem_state.cc:443: info: Increasing stack size by one page.
src/sim/mem_state.cc:443: info: Increasing stack size by one page.
src/sim/mem_state.cc:443: info: Increasing stack size by one page.
src/sim/mem_state.cc:443: info: Increasing stack size by one page.
src/sim/mem_state.cc:443: info: Increasing stack size by one page.
src/sim/mem_state.cc:443: info: Increasing stack size by one page.
src/sim/mem_state.cc:443: info: Increasing stack size by one page.
----spmv----
N_ROWS          : 8192 
N_COLS          : 65536 
NNZ             : 524155 
Execution time: 7.957331 (ms) 
Global frequency set at 1000000000000 ticks per second
src/mem/dram_interface.cc:690: warn: DRAM device capacity (16384 Mbytes) does not match the address range assigned (512 Mbytes)
src/mem/dram_interface.cc:690: warn: DRAM device capacity (16384 Mbytes) does not match the address range assigned (512 Mbytes)
src/base/statistics.hh:279: warn: One of the stats is a legacy stat. Legacy stat is a stat that does not belong to any statistics::Group. Legacy stat is deprecated.
board.remote_gdb: Listening for connections on port 7003
gem5 Simulator System.  https://www.gem5.org
gem5 is copyrighted software; use the --copyright option for details.

gem5 version 25.0.0.1
gem5 compiled May  5 2026 12:55:05
gem5 started Jun 29 2026 15:12:54
gem5 executing on cn21.guoehi.cluster, pid 923337
command line: /home/fdemirel/HPC_Lab_Proj/imp/../../gem5/build/ALL/gem5.opt -s --outdir=results_imp_stage3 --stdout-file=spmv_imp3_s32_l1d_ddr4_2x_simout.txt --stderr-file=spmv_imp3_s32_l1d_ddr4_2x_simerr.txt --stats-file=stats.txt -c 'from multiprocessing.spawn import spawn_main; spawn_main(tracker_fd=7, pipe_handle=13)' --multiprocessing-fork

src/sim/mem_state.cc:443: info: Increasing stack size by one page.
src/sim/syscall_emul.hh:1121: warn: readlink() called on '/proc/self/exe' may yield unexpected results in various settings.
      Returning '/home/fdemirel/HPC_Lab_Proj/benchmarks/spmv/spmv-m5.x'
src/arch/arm/insts/pseudo.cc:174: warn: 	instruction 'bti' unimplemented
src/sim/mem_state.cc:443: info: Increasing stack size by one page.
src/sim/mem_state.cc:443: info: Increasing stack size by one page.
src/sim/mem_state.cc:443: info: Increasing stack size by one page.
src/sim/mem_state.cc:443: info: Increasing stack size by one page.
src/sim/mem_state.cc:443: info: Increasing stack size by one page.
src/sim/mem_state.cc:443: info: Increasing stack size by one page.
src/sim/mem_state.cc:443: info: Increasing stack size by one page.
----quick sort----
Array SIZE      : 131072 
random_elem:0, /home/fdemirel/HPC_Lab_Proj/benchmarks/quick/quick-m5.x
Execution time: 8.411181 (ms) 
Global frequency set at 1000000000000 ticks per second
src/mem/dram_interface.cc:690: warn: DRAM device capacity (16384 Mbytes) does not match the address range assigned (1024 Mbytes)
src/base/statistics.hh:279: warn: One of the stats is a legacy stat. Legacy stat is a stat that does not belong to any statistics::Group. Legacy stat is deprecated.
board.remote_gdb: Listening for connections on port 7000
gem5 Simulator System.  https://www.gem5.org
gem5 is copyrighted software; use the --copyright option for details.

gem5 version 25.0.0.1
gem5 compiled May  5 2026 12:55:05
gem5 started Jun 29 2026 15:13:40
gem5 executing on cn21.guoehi.cluster, pid 923341
command line: /home/fdemirel/HPC_Lab_Proj/imp/../../gem5/build/ALL/gem5.opt -s --outdir=results_imp_stage3 --stdout-file=simple_triad_imp3_s32_sth2_l2_ddr4_1x_simout.txt --stderr-file=simple_triad_imp3_s32_sth2_l2_ddr4_1x_simerr.txt --stats-file=stats.txt -c 'from multiprocessing.spawn import spawn_main; spawn_main(tracker_fd=7, pipe_handle=13)' --multiprocessing-fork

src/sim/mem_state.cc:443: info: Increasing stack size by one page.
src/sim/syscall_emul.hh:1121: warn: readlink() called on '/proc/self/exe' may yield unexpected results in various settings.
      Returning '/home/fdemirel/HPC_Lab_Proj/benchmarks/simple_triad/simple_triad-m5.x'
----spmv----
N_ROWS          : 8192 
N_COLS          : 65536 
NNZ             : 524155 
Execution time: 5.339025 (ms) 
Array SIZE      : 1000000 
Array LOOP      : 1 

----triad----
a[0]=7.00e+00. b[0]=2.00e+00. c[0]=1.00e+00.
Execution time: 2.886018 (ms) 
   Rate [MB/s]: 8316.0 
Global frequency set at 1000000000000 ticks per second
src/mem/dram_interface.cc:690: warn: DRAM device capacity (16384 Mbytes) does not match the address range assigned (512 Mbytes)
src/mem/dram_interface.cc:690: warn: DRAM device capacity (16384 Mbytes) does not match the address range assigned (512 Mbytes)
src/base/statistics.hh:279: warn: One of the stats is a legacy stat. Legacy stat is a stat that does not belong to any statistics::Group. Legacy stat is deprecated.
board.remote_gdb: Listening for connections on port 7000
gem5 Simulator System.  https://www.gem5.org
gem5 is copyrighted software; use the --copyright option for details.

gem5 version 25.0.0.1
gem5 compiled May  5 2026 12:55:05
gem5 started Jun 29 2026 15:15:21
gem5 executing on cn21.guoehi.cluster, pid 923347
command line: /home/fdemirel/HPC_Lab_Proj/imp/../../gem5/build/ALL/gem5.opt -s --outdir=results_imp_stage3 --stdout-file=spmv_imp3_s64_dist8_addr16_l2_ddr4_2x_simout.txt --stderr-file=spmv_imp3_s64_dist8_addr16_l2_ddr4_2x_simerr.txt --stats-file=stats.txt -c 'from multiprocessing.spawn import spawn_main; spawn_main(tracker_fd=7, pipe_handle=13)' --multiprocessing-fork

src/sim/mem_state.cc:443: info: Increasing stack size by one page.
src/sim/syscall_emul.hh:1121: warn: readlink() called on '/proc/self/exe' may yield unexpected results in various settings.
      Returning '/home/fdemirel/HPC_Lab_Proj/benchmarks/spmv/spmv-m5.x'
src/arch/arm/insts/pseudo.cc:174: warn: 	instruction 'bti' unimplemented
src/sim/mem_state.cc:443: info: Increasing stack size by one page.
src/sim/mem_state.cc:443: info: Increasing stack size by one page.
src/sim/mem_state.cc:443: info: Increasing stack size by one page.
src/sim/mem_state.cc:443: info: Increasing stack size by one page.
src/sim/mem_state.cc:443: info: Increasing stack size by one page.
src/sim/mem_state.cc:443: info: Increasing stack size by one page.
src/sim/mem_state.cc:443: info: Increasing stack size by one page.
Global frequency set at 1000000000000 ticks per second
src/mem/dram_interface.cc:690: warn: DRAM device capacity (16384 Mbytes) does not match the address range assigned (512 Mbytes)
src/mem/dram_interface.cc:690: warn: DRAM device capacity (16384 Mbytes) does not match the address range assigned (512 Mbytes)
src/base/statistics.hh:279: warn: One of the stats is a legacy stat. Legacy stat is a stat that does not belong to any statistics::Group. Legacy stat is deprecated.
board.remote_gdb: Listening for connections on port 7003
gem5 Simulator System.  https://www.gem5.org
gem5 is copyrighted software; use the --copyright option for details.

gem5 version 25.0.0.1
gem5 compiled May  5 2026 12:55:05
gem5 started Jun 29 2026 15:15:29
gem5 executing on cn21.guoehi.cluster, pid 923351
command line: /home/fdemirel/HPC_Lab_Proj/imp/../../gem5/build/ALL/gem5.opt -s --outdir=results_imp_stage3 --stdout-file=merge_imp3_s32_sth8_l1d_ddr4_2x_simout.txt --stderr-file=merge_imp3_s32_sth8_l1d_ddr4_2x_simerr.txt --stats-file=stats.txt -c 'from multiprocessing.spawn import spawn_main; spawn_main(tracker_fd=7, pipe_handle=13)' --multiprocessing-fork

src/sim/mem_state.cc:443: info: Increasing stack size by one page.
src/sim/syscall_emul.hh:1121: warn: readlink() called on '/proc/self/exe' may yield unexpected results in various settings.
      Returning '/home/fdemirel/HPC_Lab_Proj/benchmarks/merge/merge-m5.x'
src/arch/arm/insts/pseudo.cc:174: warn: 	instruction 'bti' unimplemented
Finished BFS.
Global frequency set at 1000000000000 ticks per second
src/mem/dram_interface.cc:690: warn: DRAM device capacity (16384 Mbytes) does not match the address range assigned (512 Mbytes)
src/mem/dram_interface.cc:690: warn: DRAM device capacity (16384 Mbytes) does not match the address range assigned (512 Mbytes)
src/base/statistics.hh:279: warn: One of the stats is a legacy stat. Legacy stat is a stat that does not belong to any statistics::Group. Legacy stat is deprecated.
board.remote_gdb: Listening for connections on port 7002
gem5 Simulator System.  https://www.gem5.org
gem5 is copyrighted software; use the --copyright option for details.

gem5 version 25.0.0.1
gem5 compiled May  5 2026 12:55:05
gem5 started Jun 29 2026 15:15:44
gem5 executing on cn21.guoehi.cluster, pid 923356
command line: /home/fdemirel/HPC_Lab_Proj/imp/../../gem5/build/ALL/gem5.opt -s --outdir=results_imp_stage3 --stdout-file=quick_imp3_s32_dist8_addr16_l2_ddr4_2x_simout.txt --stderr-file=quick_imp3_s32_dist8_addr16_l2_ddr4_2x_simerr.txt --stats-file=stats.txt -c 'from multiprocessing.spawn import spawn_main; spawn_main(tracker_fd=7, pipe_handle=13)' --multiprocessing-fork

src/sim/mem_state.cc:443: info: Increasing stack size by one page.
src/sim/syscall_emul.hh:1121: warn: readlink() called on '/proc/self/exe' may yield unexpected results in various settings.
      Returning '/home/fdemirel/HPC_Lab_Proj/benchmarks/quick/quick-m5.x'
src/arch/arm/insts/pseudo.cc:174: warn: 	instruction 'bti' unimplemented
Finished BFS.
Global frequency set at 1000000000000 ticks per second
src/mem/dram_interface.cc:690: warn: DRAM device capacity (16384 Mbytes) does not match the address range assigned (1024 Mbytes)
src/base/statistics.hh:279: warn: One of the stats is a legacy stat. Legacy stat is a stat that does not belong to any statistics::Group. Legacy stat is deprecated.
board.remote_gdb: Listening for connections on port 7001
gem5 Simulator System.  https://www.gem5.org
gem5 is copyrighted software; use the --copyright option for details.

gem5 version 25.0.0.1
gem5 compiled May  5 2026 12:55:05
gem5 started Jun 29 2026 15:16:46
gem5 executing on cn21.guoehi.cluster, pid 923360
command line: /home/fdemirel/HPC_Lab_Proj/imp/../../gem5/build/ALL/gem5.opt -s --outdir=results_imp_stage3 --stdout-file=matmult_imp3_s64_sth2_pt8_l2_ddr4_1x_simout.txt --stderr-file=matmult_imp3_s64_sth2_pt8_l2_ddr4_1x_simerr.txt --stats-file=stats.txt -c 'from multiprocessing.spawn import spawn_main; spawn_main(tracker_fd=7, pipe_handle=13)' --multiprocessing-fork

src/sim/mem_state.cc:443: info: Increasing stack size by one page.
src/sim/syscall_emul.hh:1121: warn: readlink() called on '/proc/self/exe' may yield unexpected results in various settings.
      Returning '/home/fdemirel/HPC_Lab_Proj/benchmarks/matmult/matmult-m5.x'
src/arch/arm/insts/pseudo.cc:174: warn: 	instruction 'bti' unimplemented
----spmv----
N_ROWS          : 8192 
N_COLS          : 65536 
NNZ             : 524155 
Execution time: 6.888517 (ms) 
Global frequency set at 1000000000000 ticks per second
src/mem/dram_interface.cc:690: warn: DRAM device capacity (16384 Mbytes) does not match the address range assigned (1024 Mbytes)
src/base/statistics.hh:279: warn: One of the stats is a legacy stat. Legacy stat is a stat that does not belong to any statistics::Group. Legacy stat is deprecated.
board.remote_gdb: Listening for connections on port 7000
gem5 Simulator System.  https://www.gem5.org
gem5 is copyrighted software; use the --copyright option for details.

gem5 version 25.0.0.1
gem5 compiled May  5 2026 12:55:05
gem5 started Jun 29 2026 15:17:26
gem5 executing on cn21.guoehi.cluster, pid 923364
command line: /home/fdemirel/HPC_Lab_Proj/imp/../../gem5/build/ALL/gem5.opt -s --outdir=results_imp_stage3 --stdout-file=bfs_imp3_s64_dist8_addr16_l2_ddr4_1x_simout.txt --stderr-file=bfs_imp3_s64_dist8_addr16_l2_ddr4_1x_simerr.txt --stats-file=stats.txt -c 'from multiprocessing.spawn import spawn_main; spawn_main(tracker_fd=7, pipe_handle=13)' --multiprocessing-fork

src/sim/mem_state.cc:443: info: Increasing stack size by one page.
src/sim/syscall_emul.hh:1121: warn: readlink() called on '/proc/self/exe' may yield unexpected results in various settings.
      Returning '/home/fdemirel/HPC_Lab_Proj/benchmarks/bfs/bfs-m5.x'
src/arch/arm/insts/pseudo.cc:174: warn: 	instruction 'bti' unimplemented
Beginning BFS ...

----MATRIX MULTIPLICATION----

----Computation starts----
Loop 0 ... 
argc = 2, A[argc][argc] = 0.500000, B[argc][argc] = 0.500000, C[argc][argc] = 0.500000 
Execution time: 1.235148 (ms) 
Global frequency set at 1000000000000 ticks per second
src/mem/dram_interface.cc:690: warn: DRAM device capacity (16384 Mbytes) does not match the address range assigned (512 Mbytes)
src/mem/dram_interface.cc:690: warn: DRAM device capacity (16384 Mbytes) does not match the address range assigned (512 Mbytes)
src/base/statistics.hh:279: warn: One of the stats is a legacy stat. Legacy stat is a stat that does not belong to any statistics::Group. Legacy stat is deprecated.
board.remote_gdb: Listening for connections on port 7001
gem5 Simulator System.  https://www.gem5.org
gem5 is copyrighted software; use the --copyright option for details.

gem5 version 25.0.0.1
gem5 compiled May  5 2026 12:55:05
gem5 started Jun 29 2026 15:17:44
gem5 executing on cn21.guoehi.cluster, pid 923367
command line: /home/fdemirel/HPC_Lab_Proj/imp/../../gem5/build/ALL/gem5.opt -s --outdir=results_imp_stage3 --stdout-file=bfs_imp3_s32_sth2_l1d_ddr4_2x_simout.txt --stderr-file=bfs_imp3_s32_sth2_l1d_ddr4_2x_simerr.txt --stats-file=stats.txt -c 'from multiprocessing.spawn import spawn_main; spawn_main(tracker_fd=7, pipe_handle=13)' --multiprocessing-fork

src/sim/mem_state.cc:443: info: Increasing stack size by one page.
src/sim/syscall_emul.hh:1121: warn: readlink() called on '/proc/self/exe' may yield unexpected results in various settings.
      Returning '/home/fdemirel/HPC_Lab_Proj/benchmarks/bfs/bfs-m5.x'
src/arch/arm/insts/pseudo.cc:174: warn: 	instruction 'bti' unimplemented
Beginning BFS ...
----quick sort----
Array SIZE      : 131072 
random_elem:0, /home/fdemirel/HPC_Lab_Proj/benchmarks/quick/quick-m5.x
Execution time: 8.616323 (ms) 
Global frequency set at 1000000000000 ticks per second
src/mem/dram_interface.cc:690: warn: DRAM device capacity (16384 Mbytes) does not match the address range assigned (1024 Mbytes)
src/base/statistics.hh:279: warn: One of the stats is a legacy stat. Legacy stat is a stat that does not belong to any statistics::Group. Legacy stat is deprecated.
board.remote_gdb: Listening for connections on port 7002
gem5 Simulator System.  https://www.gem5.org
gem5 is copyrighted software; use the --copyright option for details.

gem5 version 25.0.0.1
gem5 compiled May  5 2026 12:55:05
gem5 started Jun 29 2026 15:19:39
gem5 executing on cn21.guoehi.cluster, pid 923373
command line: /home/fdemirel/HPC_Lab_Proj/imp/../../gem5/build/ALL/gem5.opt -s --outdir=results_imp_stage3 --stdout-file=quick_imp3_s64_sth2_pt8_l1d_ddr4_1x_simout.txt --stderr-file=quick_imp3_s64_sth2_pt8_l1d_ddr4_1x_simerr.txt --stats-file=stats.txt -c 'from multiprocessing.spawn import spawn_main; spawn_main(tracker_fd=7, pipe_handle=13)' --multiprocessing-fork

src/sim/mem_state.cc:443: info: Increasing stack size by one page.
src/sim/syscall_emul.hh:1121: warn: readlink() called on '/proc/self/exe' may yield unexpected results in various settings.
      Returning '/home/fdemirel/HPC_Lab_Proj/benchmarks/quick/quick-m5.x'
src/arch/arm/insts/pseudo.cc:174: warn: 	instruction 'bti' unimplemented

----merge----
Execution time: 9.910876 (ms) 
random_elem:0, /home/fdemirel/HPC_Lab_Proj/benchmarks/merge/merge-m5.x
Global frequency set at 1000000000000 ticks per second
src/mem/dram_interface.cc:690: warn: DRAM device capacity (16384 Mbytes) does not match the address range assigned (512 Mbytes)
src/mem/dram_interface.cc:690: warn: DRAM device capacity (16384 Mbytes) does not match the address range assigned (512 Mbytes)
src/base/statistics.hh:279: warn: One of the stats is a legacy stat. Legacy stat is a stat that does not belong to any statistics::Group. Legacy stat is deprecated.
board.remote_gdb: Listening for connections on port 7003
gem5 Simulator System.  https://www.gem5.org
gem5 is copyrighted software; use the --copyright option for details.

gem5 version 25.0.0.1
gem5 compiled May  5 2026 12:55:05
gem5 started Jun 29 2026 15:20:24
gem5 executing on cn21.guoehi.cluster, pid 923382
command line: /home/fdemirel/HPC_Lab_Proj/imp/../../gem5/build/ALL/gem5.opt -s --outdir=results_imp_stage3 --stdout-file=spmv_imp3_s32_ipd16_addr16_l1d_ddr4_2x_simout.txt --stderr-file=spmv_imp3_s32_ipd16_addr16_l1d_ddr4_2x_simerr.txt --stats-file=stats.txt -c 'from multiprocessing.spawn import spawn_main; spawn_main(tracker_fd=7, pipe_handle=13)' --multiprocessing-fork

src/sim/mem_state.cc:443: info: Increasing stack size by one page.
src/sim/syscall_emul.hh:1121: warn: readlink() called on '/proc/self/exe' may yield unexpected results in various settings.
      Returning '/home/fdemirel/HPC_Lab_Proj/benchmarks/spmv/spmv-m5.x'
src/arch/arm/insts/pseudo.cc:174: warn: 	instruction 'bti' unimplemented
src/sim/mem_state.cc:443: info: Increasing stack size by one page.
src/sim/mem_state.cc:443: info: Increasing stack size by one page.
src/sim/mem_state.cc:443: info: Increasing stack size by one page.
src/sim/mem_state.cc:443: info: Increasing stack size by one page.
src/sim/mem_state.cc:443: info: Increasing stack size by one page.
src/sim/mem_state.cc:443: info: Increasing stack size by one page.
src/sim/mem_state.cc:443: info: Increasing stack size by one page.
----spmv----
N_ROWS          : 8192 
N_COLS          : 65536 
NNZ             : 524155 
Execution time: 5.339025 (ms) 
Global frequency set at 1000000000000 ticks per second
src/mem/dram_interface.cc:690: warn: DRAM device capacity (16384 Mbytes) does not match the address range assigned (512 Mbytes)
src/mem/dram_interface.cc:690: warn: DRAM device capacity (16384 Mbytes) does not match the address range assigned (512 Mbytes)
src/base/statistics.hh:279: warn: One of the stats is a legacy stat. Legacy stat is a stat that does not belong to any statistics::Group. Legacy stat is deprecated.
board.remote_gdb: Listening for connections on port 7003
gem5 Simulator System.  https://www.gem5.org
gem5 is copyrighted software; use the --copyright option for details.

gem5 version 25.0.0.1
gem5 compiled May  5 2026 12:55:05
gem5 started Jun 29 2026 15:22:53
gem5 executing on cn21.guoehi.cluster, pid 923390
command line: /home/fdemirel/HPC_Lab_Proj/imp/../../gem5/build/ALL/gem5.opt -s --outdir=results_imp_stage3 --stdout-file=bfs_imp3_s64_sth2_pt8_l2_ddr4_2x_simout.txt --stderr-file=bfs_imp3_s64_sth2_pt8_l2_ddr4_2x_simerr.txt --stats-file=stats.txt -c 'from multiprocessing.spawn import spawn_main; spawn_main(tracker_fd=7, pipe_handle=13)' --multiprocessing-fork

src/sim/mem_state.cc:443: info: Increasing stack size by one page.
src/sim/syscall_emul.hh:1121: warn: readlink() called on '/proc/self/exe' may yield unexpected results in various settings.
      Returning '/home/fdemirel/HPC_Lab_Proj/benchmarks/bfs/bfs-m5.x'
src/arch/arm/insts/pseudo.cc:174: warn: 	instruction 'bti' unimplemented
Beginning BFS ...
----quick sort----
Array SIZE      : 131072 
random_elem:0, /home/fdemirel/HPC_Lab_Proj/benchmarks/quick/quick-m5.x
Execution time: 8.563076 (ms) 
Global frequency set at 1000000000000 ticks per second
src/mem/dram_interface.cc:690: warn: DRAM device capacity (16384 Mbytes) does not match the address range assigned (1024 Mbytes)
src/base/statistics.hh:279: warn: One of the stats is a legacy stat. Legacy stat is a stat that does not belong to any statistics::Group. Legacy stat is deprecated.
board.remote_gdb: Listening for connections on port 7002
gem5 Simulator System.  https://www.gem5.org
gem5 is copyrighted software; use the --copyright option for details.

gem5 version 25.0.0.1
gem5 compiled May  5 2026 12:55:05
gem5 started Jun 29 2026 15:23:38
gem5 executing on cn21.guoehi.cluster, pid 923393
command line: /home/fdemirel/HPC_Lab_Proj/imp/../../gem5/build/ALL/gem5.opt -s --outdir=results_imp_stage3 --stdout-file=simple_triad_imp3_s64_sth8_pt8_l2_ddr4_1x_simout.txt --stderr-file=simple_triad_imp3_s64_sth8_pt8_l2_ddr4_1x_simerr.txt --stats-file=stats.txt -c 'from multiprocessing.spawn import spawn_main; spawn_main(tracker_fd=7, pipe_handle=13)' --multiprocessing-fork

src/sim/mem_state.cc:443: info: Increasing stack size by one page.
src/sim/syscall_emul.hh:1121: warn: readlink() called on '/proc/self/exe' may yield unexpected results in various settings.
      Returning '/home/fdemirel/HPC_Lab_Proj/benchmarks/simple_triad/simple_triad-m5.x'
Finished BFS.
Global frequency set at 1000000000000 ticks per second
src/mem/dram_interface.cc:690: warn: DRAM device capacity (16384 Mbytes) does not match the address range assigned (1024 Mbytes)
src/base/statistics.hh:279: warn: One of the stats is a legacy stat. Legacy stat is a stat that does not belong to any statistics::Group. Legacy stat is deprecated.
board.remote_gdb: Listening for connections on port 7000
gem5 Simulator System.  https://www.gem5.org
gem5 is copyrighted software; use the --copyright option for details.

gem5 version 25.0.0.1
gem5 compiled May  5 2026 12:55:05
gem5 started Jun 29 2026 15:24:09
gem5 executing on cn21.guoehi.cluster, pid 923398
command line: /home/fdemirel/HPC_Lab_Proj/imp/../../gem5/build/ALL/gem5.opt -s --outdir=results_imp_stage3 --stdout-file=merge_imp3_s32_sth8_pt8_l1d_ddr4_1x_simout.txt --stderr-file=merge_imp3_s32_sth8_pt8_l1d_ddr4_1x_simerr.txt --stats-file=stats.txt -c 'from multiprocessing.spawn import spawn_main; spawn_main(tracker_fd=7, pipe_handle=13)' --multiprocessing-fork

src/sim/mem_state.cc:443: info: Increasing stack size by one page.
src/sim/syscall_emul.hh:1121: warn: readlink() called on '/proc/self/exe' may yield unexpected results in various settings.
      Returning '/home/fdemirel/HPC_Lab_Proj/benchmarks/merge/merge-m5.x'
src/arch/arm/insts/pseudo.cc:174: warn: 	instruction 'bti' unimplemented
Finished BFS.
Global frequency set at 1000000000000 ticks per second
src/mem/dram_interface.cc:690: warn: DRAM device capacity (16384 Mbytes) does not match the address range assigned (1024 Mbytes)
src/base/statistics.hh:279: warn: One of the stats is a legacy stat. Legacy stat is a stat that does not belong to any statistics::Group. Legacy stat is deprecated.
board.remote_gdb: Listening for connections on port 7001
gem5 Simulator System.  https://www.gem5.org
gem5 is copyrighted software; use the --copyright option for details.

gem5 version 25.0.0.1
gem5 compiled May  5 2026 12:55:05
gem5 started Jun 29 2026 15:24:44
gem5 executing on cn21.guoehi.cluster, pid 923403
command line: /home/fdemirel/HPC_Lab_Proj/imp/../../gem5/build/ALL/gem5.opt -s --outdir=results_imp_stage3 --stdout-file=quick_imp3_s32_dist8_addr16_l2_ddr4_1x_simout.txt --stderr-file=quick_imp3_s32_dist8_addr16_l2_ddr4_1x_simerr.txt --stats-file=stats.txt -c 'from multiprocessing.spawn import spawn_main; spawn_main(tracker_fd=7, pipe_handle=13)' --multiprocessing-fork

src/sim/mem_state.cc:443: info: Increasing stack size by one page.
src/sim/syscall_emul.hh:1121: warn: readlink() called on '/proc/self/exe' may yield unexpected results in various settings.
      Returning '/home/fdemirel/HPC_Lab_Proj/benchmarks/quick/quick-m5.x'
src/arch/arm/insts/pseudo.cc:174: warn: 	instruction 'bti' unimplemented
Array SIZE      : 1000000 
Array LOOP      : 1 

----triad----
a[0]=7.00e+00. b[0]=2.00e+00. c[0]=1.00e+00.
Execution time: 2.961013 (ms) 
   Rate [MB/s]: 8105.3 
Global frequency set at 1000000000000 ticks per second
src/mem/dram_interface.cc:690: warn: DRAM device capacity (16384 Mbytes) does not match the address range assigned (1024 Mbytes)
src/base/statistics.hh:279: warn: One of the stats is a legacy stat. Legacy stat is a stat that does not belong to any statistics::Group. Legacy stat is deprecated.
board.remote_gdb: Listening for connections on port 7002
gem5 Simulator System.  https://www.gem5.org
gem5 is copyrighted software; use the --copyright option for details.

gem5 version 25.0.0.1
gem5 compiled May  5 2026 12:55:05
gem5 started Jun 29 2026 15:25:27
gem5 executing on cn21.guoehi.cluster, pid 923407
command line: /home/fdemirel/HPC_Lab_Proj/imp/../../gem5/build/ALL/gem5.opt -s --outdir=results_imp_stage3 --stdout-file=matmult_imp3_s32_dist32_addr16_l1d_ddr4_1x_simout.txt --stderr-file=matmult_imp3_s32_dist32_addr16_l1d_ddr4_1x_simerr.txt --stats-file=stats.txt -c 'from multiprocessing.spawn import spawn_main; spawn_main(tracker_fd=7, pipe_handle=13)' --multiprocessing-fork

src/sim/mem_state.cc:443: info: Increasing stack size by one page.
src/sim/syscall_emul.hh:1121: warn: readlink() called on '/proc/self/exe' may yield unexpected results in various settings.
      Returning '/home/fdemirel/HPC_Lab_Proj/benchmarks/matmult/matmult-m5.x'
src/arch/arm/insts/pseudo.cc:174: warn: 	instruction 'bti' unimplemented

----MATRIX MULTIPLICATION----

----Computation starts----
Loop 0 ... 
argc = 2, A[argc][argc] = 0.500000, B[argc][argc] = 0.500000, C[argc][argc] = 0.500000 
Execution time: 1.204214 (ms) 
Global frequency set at 1000000000000 ticks per second
src/mem/dram_interface.cc:690: warn: DRAM device capacity (16384 Mbytes) does not match the address range assigned (512 Mbytes)
src/mem/dram_interface.cc:690: warn: DRAM device capacity (16384 Mbytes) does not match the address range assigned (512 Mbytes)
src/base/statistics.hh:279: warn: One of the stats is a legacy stat. Legacy stat is a stat that does not belong to any statistics::Group. Legacy stat is deprecated.
board.remote_gdb: Listening for connections on port 7002
gem5 Simulator System.  https://www.gem5.org
gem5 is copyrighted software; use the --copyright option for details.

gem5 version 25.0.0.1
gem5 compiled May  5 2026 12:55:05
gem5 started Jun 29 2026 15:26:33
gem5 executing on cn21.guoehi.cluster, pid 923413
command line: /home/fdemirel/HPC_Lab_Proj/imp/../../gem5/build/ALL/gem5.opt -s --outdir=results_imp_stage3 --stdout-file=merge_imp3_s64_sth2_dist32_ipd16_l1d_ddr4_2x_simout.txt --stderr-file=merge_imp3_s64_sth2_dist32_ipd16_l1d_ddr4_2x_simerr.txt --stats-file=stats.txt -c 'from multiprocessing.spawn import spawn_main; spawn_main(tracker_fd=7, pipe_handle=13)' --multiprocessing-fork

src/sim/mem_state.cc:443: info: Increasing stack size by one page.
src/sim/syscall_emul.hh:1121: warn: readlink() called on '/proc/self/exe' may yield unexpected results in various settings.
      Returning '/home/fdemirel/HPC_Lab_Proj/benchmarks/merge/merge-m5.x'
src/arch/arm/insts/pseudo.cc:174: warn: 	instruction 'bti' unimplemented
----quick sort----
Array SIZE      : 131072 
random_elem:0, /home/fdemirel/HPC_Lab_Proj/benchmarks/quick/quick-m5.x
Execution time: 8.641523 (ms) 
Global frequency set at 1000000000000 ticks per second

----merge----
Execution time: 9.956450 (ms) 
random_elem:0, /home/fdemirel/HPC_Lab_Proj/benchmarks/merge/merge-m5.x
src/mem/dram_interface.cc:690: warn: DRAM device capacity (16384 Mbytes) does not match the address range assigned (512 Mbytes)
src/mem/dram_interface.cc:690: warn: DRAM device capacity (16384 Mbytes) does not match the address range assigned (512 Mbytes)
src/base/statistics.hh:279: warn: One of the stats is a legacy stat. Legacy stat is a stat that does not belong to any statistics::Group. Legacy stat is deprecated.
board.remote_gdb: Listening for connections on port 7001
gem5 Simulator System.  https://www.gem5.org
gem5 is copyrighted software; use the --copyright option for details.

gem5 version 25.0.0.1
gem5 compiled May  5 2026 12:55:05
gem5 started Jun 29 2026 15:28:45
gem5 executing on cn21.guoehi.cluster, pid 923421
command line: /home/fdemirel/HPC_Lab_Proj/imp/../../gem5/build/ALL/gem5.opt -s --outdir=results_imp_stage3 --stdout-file=quick_imp3_s64_l2_ddr4_2x_simout.txt --stderr-file=quick_imp3_s64_l2_ddr4_2x_simerr.txt --stats-file=stats.txt -c 'from multiprocessing.spawn import spawn_main; spawn_main(tracker_fd=7, pipe_handle=13)' --multiprocessing-fork

src/sim/mem_state.cc:443: info: Increasing stack size by one page.
src/sim/syscall_emul.hh:1121: warn: readlink() called on '/proc/self/exe' may yield unexpected results in various settings.
      Returning '/home/fdemirel/HPC_Lab_Proj/benchmarks/quick/quick-m5.x'
src/arch/arm/insts/pseudo.cc:174: warn: 	instruction 'bti' unimplemented
Global frequency set at 1000000000000 ticks per second
src/mem/dram_interface.cc:690: warn: DRAM device capacity (16384 Mbytes) does not match the address range assigned (1024 Mbytes)
src/base/statistics.hh:279: warn: One of the stats is a legacy stat. Legacy stat is a stat that does not belong to any statistics::Group. Legacy stat is deprecated.
board.remote_gdb: Listening for connections on port 7000
gem5 Simulator System.  https://www.gem5.org
gem5 is copyrighted software; use the --copyright option for details.

gem5 version 25.0.0.1
gem5 compiled May  5 2026 12:55:05
gem5 started Jun 29 2026 15:28:54
gem5 executing on cn21.guoehi.cluster, pid 923425
command line: /home/fdemirel/HPC_Lab_Proj/imp/../../gem5/build/ALL/gem5.opt -s --outdir=results_imp_stage3 --stdout-file=spmv_imp3_s32_ipd8_addr8_l1d_ddr4_1x_simout.txt --stderr-file=spmv_imp3_s32_ipd8_addr8_l1d_ddr4_1x_simerr.txt --stats-file=stats.txt -c 'from multiprocessing.spawn import spawn_main; spawn_main(tracker_fd=7, pipe_handle=13)' --multiprocessing-fork

src/sim/mem_state.cc:443: info: Increasing stack size by one page.
src/sim/syscall_emul.hh:1121: warn: readlink() called on '/proc/self/exe' may yield unexpected results in various settings.
      Returning '/home/fdemirel/HPC_Lab_Proj/benchmarks/spmv/spmv-m5.x'
src/arch/arm/insts/pseudo.cc:174: warn: 	instruction 'bti' unimplemented
src/sim/mem_state.cc:443: info: Increasing stack size by one page.
src/sim/mem_state.cc:443: info: Increasing stack size by one page.
src/sim/mem_state.cc:443: info: Increasing stack size by one page.
src/sim/mem_state.cc:443: info: Increasing stack size by one page.
src/sim/mem_state.cc:443: info: Increasing stack size by one page.
src/sim/mem_state.cc:443: info: Increasing stack size by one page.
src/sim/mem_state.cc:443: info: Increasing stack size by one page.
Finished BFS.
Global frequency set at 1000000000000 ticks per second
src/mem/dram_interface.cc:690: warn: DRAM device capacity (16384 Mbytes) does not match the address range assigned (512 Mbytes)
src/mem/dram_interface.cc:690: warn: DRAM device capacity (16384 Mbytes) does not match the address range assigned (512 Mbytes)
src/base/statistics.hh:279: warn: One of the stats is a legacy stat. Legacy stat is a stat that does not belong to any statistics::Group. Legacy stat is deprecated.
board.remote_gdb: Listening for connections on port 7003
gem5 Simulator System.  https://www.gem5.org
gem5 is copyrighted software; use the --copyright option for details.

gem5 version 25.0.0.1
gem5 compiled May  5 2026 12:55:05
gem5 started Jun 29 2026 15:29:25
gem5 executing on cn21.guoehi.cluster, pid 923428
command line: /home/fdemirel/HPC_Lab_Proj/imp/../../gem5/build/ALL/gem5.opt -s --outdir=results_imp_stage3 --stdout-file=bfs_imp3_s32_sth2_pt8_l1d_ddr4_2x_simout.txt --stderr-file=bfs_imp3_s32_sth2_pt8_l1d_ddr4_2x_simerr.txt --stats-file=stats.txt -c 'from multiprocessing.spawn import spawn_main; spawn_main(tracker_fd=7, pipe_handle=13)' --multiprocessing-fork

src/sim/mem_state.cc:443: info: Increasing stack size by one page.
src/sim/syscall_emul.hh:1121: warn: readlink() called on '/proc/self/exe' may yield unexpected results in various settings.
      Returning '/home/fdemirel/HPC_Lab_Proj/benchmarks/bfs/bfs-m5.x'
src/arch/arm/insts/pseudo.cc:174: warn: 	instruction 'bti' unimplemented
Beginning BFS ...
----spmv----
N_ROWS          : 8192 
N_COLS          : 65536 
NNZ             : 524155 
Execution time: 5.939598 (ms) 
Global frequency set at 1000000000000 ticks per second
src/mem/dram_interface.cc:690: warn: DRAM device capacity (16384 Mbytes) does not match the address range assigned (512 Mbytes)
src/mem/dram_interface.cc:690: warn: DRAM device capacity (16384 Mbytes) does not match the address range assigned (512 Mbytes)
src/base/statistics.hh:279: warn: One of the stats is a legacy stat. Legacy stat is a stat that does not belong to any statistics::Group. Legacy stat is deprecated.
board.remote_gdb: Listening for connections on port 7000
gem5 Simulator System.  https://www.gem5.org
gem5 is copyrighted software; use the --copyright option for details.

gem5 version 25.0.0.1
gem5 compiled May  5 2026 12:55:05
gem5 started Jun 29 2026 15:31:18
gem5 executing on cn21.guoehi.cluster, pid 923440
command line: /home/fdemirel/HPC_Lab_Proj/imp/../../gem5/build/ALL/gem5.opt -s --outdir=results_imp_stage3 --stdout-file=spmv_imp3_s64_dist32_addr16_l1d_ddr4_2x_simout.txt --stderr-file=spmv_imp3_s64_dist32_addr16_l1d_ddr4_2x_simerr.txt --stats-file=stats.txt -c 'from multiprocessing.spawn import spawn_main; spawn_main(tracker_fd=7, pipe_handle=13)' --multiprocessing-fork

src/sim/mem_state.cc:443: info: Increasing stack size by one page.
src/sim/syscall_emul.hh:1121: warn: readlink() called on '/proc/self/exe' may yield unexpected results in various settings.
      Returning '/home/fdemirel/HPC_Lab_Proj/benchmarks/spmv/spmv-m5.x'
src/arch/arm/insts/pseudo.cc:174: warn: 	instruction 'bti' unimplemented
src/sim/mem_state.cc:443: info: Increasing stack size by one page.
src/sim/mem_state.cc:443: info: Increasing stack size by one page.
src/sim/mem_state.cc:443: info: Increasing stack size by one page.
src/sim/mem_state.cc:443: info: Increasing stack size by one page.
src/sim/mem_state.cc:443: info: Increasing stack size by one page.
src/sim/mem_state.cc:443: info: Increasing stack size by one page.
src/sim/mem_state.cc:443: info: Increasing stack size by one page.

----merge----
Execution time: 10.059788 (ms) 
random_elem:0, /home/fdemirel/HPC_Lab_Proj/benchmarks/merge/merge-m5.x
Global frequency set at 1000000000000 ticks per second
src/mem/dram_interface.cc:690: warn: DRAM device capacity (16384 Mbytes) does not match the address range assigned (1024 Mbytes)
src/base/statistics.hh:279: warn: One of the stats is a legacy stat. Legacy stat is a stat that does not belong to any statistics::Group. Legacy stat is deprecated.
board.remote_gdb: Listening for connections on port 7002
gem5 Simulator System.  https://www.gem5.org
gem5 is copyrighted software; use the --copyright option for details.

gem5 version 25.0.0.1
gem5 compiled May  5 2026 12:55:05
gem5 started Jun 29 2026 15:31:31
gem5 executing on cn21.guoehi.cluster, pid 923443
command line: /home/fdemirel/HPC_Lab_Proj/imp/../../gem5/build/ALL/gem5.opt -s --outdir=results_imp_stage3 --stdout-file=quick_imp3_s64_ipd16_addr16_l2_ddr4_1x_simout.txt --stderr-file=quick_imp3_s64_ipd16_addr16_l2_ddr4_1x_simerr.txt --stats-file=stats.txt -c 'from multiprocessing.spawn import spawn_main; spawn_main(tracker_fd=7, pipe_handle=13)' --multiprocessing-fork

src/sim/mem_state.cc:443: info: Increasing stack size by one page.
src/sim/syscall_emul.hh:1121: warn: readlink() called on '/proc/self/exe' may yield unexpected results in various settings.
      Returning '/home/fdemirel/HPC_Lab_Proj/benchmarks/quick/quick-m5.x'
src/arch/arm/insts/pseudo.cc:174: warn: 	instruction 'bti' unimplemented
----quick sort----
Array SIZE      : 131072 
random_elem:0, /home/fdemirel/HPC_Lab_Proj/benchmarks/quick/quick-m5.x
Execution time: 9.107836 (ms) 
Global frequency set at 1000000000000 ticks per second
src/mem/dram_interface.cc:690: warn: DRAM device capacity (16384 Mbytes) does not match the address range assigned (512 Mbytes)
src/mem/dram_interface.cc:690: warn: DRAM device capacity (16384 Mbytes) does not match the address range assigned (512 Mbytes)
src/base/statistics.hh:279: warn: One of the stats is a legacy stat. Legacy stat is a stat that does not belong to any statistics::Group. Legacy stat is deprecated.
board.remote_gdb: Listening for connections on port 7001
gem5 Simulator System.  https://www.gem5.org
gem5 is copyrighted software; use the --copyright option for details.

gem5 version 25.0.0.1
gem5 compiled May  5 2026 12:55:05
gem5 started Jun 29 2026 15:32:55
gem5 executing on cn21.guoehi.cluster, pid 923450
command line: /home/fdemirel/HPC_Lab_Proj/imp/../../gem5/build/ALL/gem5.opt -s --outdir=results_imp_stage3 --stdout-file=matmult_imp3_s32_dist8_addr16_l2_ddr4_2x_simout.txt --stderr-file=matmult_imp3_s32_dist8_addr16_l2_ddr4_2x_simerr.txt --stats-file=stats.txt -c 'from multiprocessing.spawn import spawn_main; spawn_main(tracker_fd=7, pipe_handle=13)' --multiprocessing-fork

src/sim/mem_state.cc:443: info: Increasing stack size by one page.
src/sim/syscall_emul.hh:1121: warn: readlink() called on '/proc/self/exe' may yield unexpected results in various settings.
      Returning '/home/fdemirel/HPC_Lab_Proj/benchmarks/matmult/matmult-m5.x'
src/arch/arm/insts/pseudo.cc:174: warn: 	instruction 'bti' unimplemented

----MATRIX MULTIPLICATION----

----Computation starts----
Loop 0 ... 
argc = 2, A[argc][argc] = 0.500000, B[argc][argc] = 0.500000, C[argc][argc] = 0.500000 
Execution time: 1.195957 (ms) 
----spmv----
N_ROWS          : 8192 
N_COLS          : 65536 
NNZ             : 524155 
Execution time: 5.397428 (ms) 
Global frequency set at 1000000000000 ticks per second
Global frequency set at 1000000000000 ticks per second
src/mem/dram_interface.cc:690: warn: DRAM device capacity (16384 Mbytes) does not match the address range assigned (512 Mbytes)
src/mem/dram_interface.cc:690: warn: DRAM device capacity (16384 Mbytes) does not match the address range assigned (512 Mbytes)
src/base/statistics.hh:279: warn: One of the stats is a legacy stat. Legacy stat is a stat that does not belong to any statistics::Group. Legacy stat is deprecated.
board.remote_gdb: Listening for connections on port 7000
src/mem/dram_interface.cc:690: warn: DRAM device capacity (16384 Mbytes) does not match the address range assigned (512 Mbytes)
src/mem/dram_interface.cc:690: warn: DRAM device capacity (16384 Mbytes) does not match the address range assigned (512 Mbytes)
src/base/statistics.hh:279: warn: One of the stats is a legacy stat. Legacy stat is a stat that does not belong to any statistics::Group. Legacy stat is deprecated.
board.remote_gdb: Listening for connections on port 7001
gem5 Simulator System.  https://www.gem5.org
gem5 is copyrighted software; use the --copyright option for details.

gem5 version 25.0.0.1
gem5 compiled May  5 2026 12:55:05
gem5 started Jun 29 2026 15:33:55
gem5 executing on cn21.guoehi.cluster, pid 923454
command line: /home/fdemirel/HPC_Lab_Proj/imp/../../gem5/build/ALL/gem5.opt -s --outdir=results_imp_stage3 --stdout-file=merge_imp3_s64_sth8_pt8_l1d_ddr4_2x_simout.txt --stderr-file=merge_imp3_s64_sth8_pt8_l1d_ddr4_2x_simerr.txt --stats-file=stats.txt -c 'from multiprocessing.spawn import spawn_main; spawn_main(tracker_fd=7, pipe_handle=12)' --multiprocessing-fork

src/sim/mem_state.cc:443: info: Increasing stack size by one page.
src/sim/syscall_emul.hh:1121: warn: readlink() called on '/proc/self/exe' may yield unexpected results in various settings.
      Returning '/home/fdemirel/HPC_Lab_Proj/benchmarks/merge/merge-m5.x'
src/arch/arm/insts/pseudo.cc:174: warn: 	instruction 'bti' unimplemented
gem5 Simulator System.  https://www.gem5.org
gem5 is copyrighted software; use the --copyright option for details.

gem5 version 25.0.0.1
gem5 compiled May  5 2026 12:55:05
gem5 started Jun 29 2026 15:33:55
gem5 executing on cn21.guoehi.cluster, pid 923455
command line: /home/fdemirel/HPC_Lab_Proj/imp/../../gem5/build/ALL/gem5.opt -s --outdir=results_imp_stage3 --stdout-file=quick_imp3_s32_dist32_addr16_l1d_ddr4_2x_simout.txt --stderr-file=quick_imp3_s32_dist32_addr16_l1d_ddr4_2x_simerr.txt --stats-file=stats.txt -c 'from multiprocessing.spawn import spawn_main; spawn_main(tracker_fd=7, pipe_handle=15)' --multiprocessing-fork

src/sim/mem_state.cc:443: info: Increasing stack size by one page.
src/sim/syscall_emul.hh:1121: warn: readlink() called on '/proc/self/exe' may yield unexpected results in various settings.
      Returning '/home/fdemirel/HPC_Lab_Proj/benchmarks/quick/quick-m5.x'
src/arch/arm/insts/pseudo.cc:174: warn: 	instruction 'bti' unimplemented
----quick sort----
Array SIZE      : 131072 
random_elem:0, /home/fdemirel/HPC_Lab_Proj/benchmarks/quick/quick-m5.x
Execution time: 9.196969 (ms) 
Global frequency set at 1000000000000 ticks per second
src/mem/dram_interface.cc:690: warn: DRAM device capacity (16384 Mbytes) does not match the address range assigned (1024 Mbytes)
src/base/statistics.hh:279: warn: One of the stats is a legacy stat. Legacy stat is a stat that does not belong to any statistics::Group. Legacy stat is deprecated.
board.remote_gdb: Listening for connections on port 7002
gem5 Simulator System.  https://www.gem5.org
gem5 is copyrighted software; use the --copyright option for details.

gem5 version 25.0.0.1
gem5 compiled May  5 2026 12:55:05
gem5 started Jun 29 2026 15:35:37
gem5 executing on cn21.guoehi.cluster, pid 923462
command line: /home/fdemirel/HPC_Lab_Proj/imp/../../gem5/build/ALL/gem5.opt -s --outdir=results_imp_stage3 --stdout-file=matmult_imp3_s64_dist8_addr16_l1d_ddr4_1x_simout.txt --stderr-file=matmult_imp3_s64_dist8_addr16_l1d_ddr4_1x_simerr.txt --stats-file=stats.txt -c 'from multiprocessing.spawn import spawn_main; spawn_main(tracker_fd=7, pipe_handle=14)' --multiprocessing-fork

src/sim/mem_state.cc:443: info: Increasing stack size by one page.
src/sim/syscall_emul.hh:1121: warn: readlink() called on '/proc/self/exe' may yield unexpected results in various settings.
      Returning '/home/fdemirel/HPC_Lab_Proj/benchmarks/matmult/matmult-m5.x'
src/arch/arm/insts/pseudo.cc:174: warn: 	instruction 'bti' unimplemented
Finished BFS.
Global frequency set at 1000000000000 ticks per second
src/mem/dram_interface.cc:690: warn: DRAM device capacity (16384 Mbytes) does not match the address range assigned (1024 Mbytes)
src/base/statistics.hh:279: warn: One of the stats is a legacy stat. Legacy stat is a stat that does not belong to any statistics::Group. Legacy stat is deprecated.
board.remote_gdb: Listening for connections on port 7003
gem5 Simulator System.  https://www.gem5.org
gem5 is copyrighted software; use the --copyright option for details.

gem5 version 25.0.0.1
gem5 compiled May  5 2026 12:55:05
gem5 started Jun 29 2026 15:36:21
gem5 executing on cn21.guoehi.cluster, pid 923466
command line: /home/fdemirel/HPC_Lab_Proj/imp/../../gem5/build/ALL/gem5.opt -s --outdir=results_imp_stage3 --stdout-file=bfs_imp3_s32_sth8_l1d_ddr4_1x_simout.txt --stderr-file=bfs_imp3_s32_sth8_l1d_ddr4_1x_simerr.txt --stats-file=stats.txt -c 'from multiprocessing.spawn import spawn_main; spawn_main(tracker_fd=7, pipe_handle=14)' --multiprocessing-fork

src/sim/mem_state.cc:443: info: Increasing stack size by one page.
src/sim/syscall_emul.hh:1121: warn: readlink() called on '/proc/self/exe' may yield unexpected results in various settings.
      Returning '/home/fdemirel/HPC_Lab_Proj/benchmarks/bfs/bfs-m5.x'
src/arch/arm/insts/pseudo.cc:174: warn: 	instruction 'bti' unimplemented
Beginning BFS ...

----MATRIX MULTIPLICATION----

----Computation starts----
Loop 0 ... 
argc = 2, A[argc][argc] = 0.500000, B[argc][argc] = 0.500000, C[argc][argc] = 0.500000 
Execution time: 1.198377 (ms) 
Global frequency set at 1000000000000 ticks per second
src/mem/dram_interface.cc:690: warn: DRAM device capacity (16384 Mbytes) does not match the address range assigned (512 Mbytes)
src/mem/dram_interface.cc:690: warn: DRAM device capacity (16384 Mbytes) does not match the address range assigned (512 Mbytes)
src/base/statistics.hh:279: warn: One of the stats is a legacy stat. Legacy stat is a stat that does not belong to any statistics::Group. Legacy stat is deprecated.
board.remote_gdb: Listening for connections on port 7002
gem5 Simulator System.  https://www.gem5.org
gem5 is copyrighted software; use the --copyright option for details.

gem5 version 25.0.0.1
gem5 compiled May  5 2026 12:55:05
gem5 started Jun 29 2026 15:36:52
gem5 executing on cn21.guoehi.cluster, pid 923470
command line: /home/fdemirel/HPC_Lab_Proj/imp/../../gem5/build/ALL/gem5.opt -s --outdir=results_imp_stage3 --stdout-file=quick_imp3_s64_sth2_dist32_ipd16_l2_ddr4_2x_simout.txt --stderr-file=quick_imp3_s64_sth2_dist32_ipd16_l2_ddr4_2x_simerr.txt --stats-file=stats.txt -c 'from multiprocessing.spawn import spawn_main; spawn_main(tracker_fd=7, pipe_handle=14)' --multiprocessing-fork

src/sim/mem_state.cc:443: info: Increasing stack size by one page.
src/sim/syscall_emul.hh:1121: warn: readlink() called on '/proc/self/exe' may yield unexpected results in various settings.
      Returning '/home/fdemirel/HPC_Lab_Proj/benchmarks/quick/quick-m5.x'
src/arch/arm/insts/pseudo.cc:174: warn: 	instruction 'bti' unimplemented
----quick sort----
Array SIZE      : 131072 
random_elem:0, /home/fdemirel/HPC_Lab_Proj/benchmarks/quick/quick-m5.x
Execution time: 8.378687 (ms) 
Global frequency set at 1000000000000 ticks per second
src/mem/dram_interface.cc:690: warn: DRAM device capacity (16384 Mbytes) does not match the address range assigned (512 Mbytes)
src/mem/dram_interface.cc:690: warn: DRAM device capacity (16384 Mbytes) does not match the address range assigned (512 Mbytes)
src/base/statistics.hh:279: warn: One of the stats is a legacy stat. Legacy stat is a stat that does not belong to any statistics::Group. Legacy stat is deprecated.
board.remote_gdb: Listening for connections on port 7001
gem5 Simulator System.  https://www.gem5.org
gem5 is copyrighted software; use the --copyright option for details.

gem5 version 25.0.0.1
gem5 compiled May  5 2026 12:55:05
gem5 started Jun 29 2026 15:37:53
gem5 executing on cn21.guoehi.cluster, pid 923474
command line: /home/fdemirel/HPC_Lab_Proj/imp/../../gem5/build/ALL/gem5.opt -s --outdir=results_imp_stage3 --stdout-file=bfs_imp3_s64_sth2_dist32_ipd16_l1d_ddr4_2x_simout.txt --stderr-file=bfs_imp3_s64_sth2_dist32_ipd16_l1d_ddr4_2x_simerr.txt --stats-file=stats.txt -c 'from multiprocessing.spawn import spawn_main; spawn_main(tracker_fd=7, pipe_handle=14)' --multiprocessing-fork

src/sim/mem_state.cc:443: info: Increasing stack size by one page.
src/sim/syscall_emul.hh:1121: warn: readlink() called on '/proc/self/exe' may yield unexpected results in various settings.
      Returning '/home/fdemirel/HPC_Lab_Proj/benchmarks/bfs/bfs-m5.x'
src/arch/arm/insts/pseudo.cc:174: warn: 	instruction 'bti' unimplemented
Beginning BFS ...

----merge----
Execution time: 10.055835 (ms) 
random_elem:0, /home/fdemirel/HPC_Lab_Proj/benchmarks/merge/merge-m5.x
Global frequency set at 1000000000000 ticks per second
src/mem/dram_interface.cc:690: warn: DRAM device capacity (16384 Mbytes) does not match the address range assigned (512 Mbytes)
src/mem/dram_interface.cc:690: warn: DRAM device capacity (16384 Mbytes) does not match the address range assigned (512 Mbytes)
src/base/statistics.hh:279: warn: One of the stats is a legacy stat. Legacy stat is a stat that does not belong to any statistics::Group. Legacy stat is deprecated.
board.remote_gdb: Listening for connections on port 7000
gem5 Simulator System.  https://www.gem5.org
gem5 is copyrighted software; use the --copyright option for details.

gem5 version 25.0.0.1
gem5 compiled May  5 2026 12:55:05
gem5 started Jun 29 2026 15:38:54
gem5 executing on cn21.guoehi.cluster, pid 923480
command line: /home/fdemirel/HPC_Lab_Proj/imp/../../gem5/build/ALL/gem5.opt -s --outdir=results_imp_stage3 --stdout-file=simple_triad_imp3_s32_sth2_dist32_ipd16_l2_ddr4_2x_simout.txt --stderr-file=simple_triad_imp3_s32_sth2_dist32_ipd16_l2_ddr4_2x_simerr.txt --stats-file=stats.txt -c 'from multiprocessing.spawn import spawn_main; spawn_main(tracker_fd=7, pipe_handle=13)' --multiprocessing-fork

src/sim/mem_state.cc:443: info: Increasing stack size by one page.
src/sim/syscall_emul.hh:1121: warn: readlink() called on '/proc/self/exe' may yield unexpected results in various settings.
      Returning '/home/fdemirel/HPC_Lab_Proj/benchmarks/simple_triad/simple_triad-m5.x'
Array SIZE      : 1000000 
Array LOOP      : 1 

----triad----
a[0]=7.00e+00. b[0]=2.00e+00. c[0]=1.00e+00.
Execution time: 1.752114 (ms) 
   Rate [MB/s]: 13697.7 
Global frequency set at 1000000000000 ticks per second
src/mem/dram_interface.cc:690: warn: DRAM device capacity (16384 Mbytes) does not match the address range assigned (1024 Mbytes)
src/base/statistics.hh:279: warn: One of the stats is a legacy stat. Legacy stat is a stat that does not belong to any statistics::Group. Legacy stat is deprecated.
board.remote_gdb: Listening for connections on port 7000
gem5 Simulator System.  https://www.gem5.org
gem5 is copyrighted software; use the --copyright option for details.

gem5 version 25.0.0.1
gem5 compiled May  5 2026 12:55:05
gem5 started Jun 29 2026 15:40:31
gem5 executing on cn21.guoehi.cluster, pid 923494
command line: /home/fdemirel/HPC_Lab_Proj/imp/../../gem5/build/ALL/gem5.opt -s --outdir=results_imp_stage3 --stdout-file=merge_imp3_s64_l2_ddr4_1x_simout.txt --stderr-file=merge_imp3_s64_l2_ddr4_1x_simerr.txt --stats-file=stats.txt -c 'from multiprocessing.spawn import spawn_main; spawn_main(tracker_fd=7, pipe_handle=13)' --multiprocessing-fork

src/sim/mem_state.cc:443: info: Increasing stack size by one page.
src/sim/syscall_emul.hh:1121: warn: readlink() called on '/proc/self/exe' may yield unexpected results in various settings.
      Returning '/home/fdemirel/HPC_Lab_Proj/benchmarks/merge/merge-m5.x'
src/arch/arm/insts/pseudo.cc:174: warn: 	instruction 'bti' unimplemented
----quick sort----
Array SIZE      : 131072 
random_elem:0, /home/fdemirel/HPC_Lab_Proj/benchmarks/quick/quick-m5.x
Execution time: 9.104651 (ms) 
Global frequency set at 1000000000000 ticks per second
src/mem/dram_interface.cc:690: warn: DRAM device capacity (16384 Mbytes) does not match the address range assigned (512 Mbytes)
src/mem/dram_interface.cc:690: warn: DRAM device capacity (16384 Mbytes) does not match the address range assigned (512 Mbytes)
src/base/statistics.hh:279: warn: One of the stats is a legacy stat. Legacy stat is a stat that does not belong to any statistics::Group. Legacy stat is deprecated.
board.remote_gdb: Listening for connections on port 7002
gem5 Simulator System.  https://www.gem5.org
gem5 is copyrighted software; use the --copyright option for details.

gem5 version 25.0.0.1
gem5 compiled May  5 2026 12:55:05
gem5 started Jun 29 2026 15:41:00
gem5 executing on cn21.guoehi.cluster, pid 923497
command line: /home/fdemirel/HPC_Lab_Proj/imp/../../gem5/build/ALL/gem5.opt -s --outdir=results_imp_stage3 --stdout-file=spmv_imp3_s64_ipd8_addr8_l1d_ddr4_2x_simout.txt --stderr-file=spmv_imp3_s64_ipd8_addr8_l1d_ddr4_2x_simerr.txt --stats-file=stats.txt -c 'from multiprocessing.spawn import spawn_main; spawn_main(tracker_fd=7, pipe_handle=13)' --multiprocessing-fork

src/sim/mem_state.cc:443: info: Increasing stack size by one page.
src/sim/syscall_emul.hh:1121: warn: readlink() called on '/proc/self/exe' may yield unexpected results in various settings.
      Returning '/home/fdemirel/HPC_Lab_Proj/benchmarks/spmv/spmv-m5.x'
src/arch/arm/insts/pseudo.cc:174: warn: 	instruction 'bti' unimplemented
src/sim/mem_state.cc:443: info: Increasing stack size by one page.
src/sim/mem_state.cc:443: info: Increasing stack size by one page.
src/sim/mem_state.cc:443: info: Increasing stack size by one page.
src/sim/mem_state.cc:443: info: Increasing stack size by one page.
src/sim/mem_state.cc:443: info: Increasing stack size by one page.
src/sim/mem_state.cc:443: info: Increasing stack size by one page.
src/sim/mem_state.cc:443: info: Increasing stack size by one page.
Finished BFS.
Global frequency set at 1000000000000 ticks per second
src/mem/dram_interface.cc:690: warn: DRAM device capacity (16384 Mbytes) does not match the address range assigned (1024 Mbytes)
src/base/statistics.hh:279: warn: One of the stats is a legacy stat. Legacy stat is a stat that does not belong to any statistics::Group. Legacy stat is deprecated.
board.remote_gdb: Listening for connections on port 7003
gem5 Simulator System.  https://www.gem5.org
gem5 is copyrighted software; use the --copyright option for details.

gem5 version 25.0.0.1
gem5 compiled May  5 2026 12:55:05
gem5 started Jun 29 2026 15:43:17
gem5 executing on cn21.guoehi.cluster, pid 923509
command line: /home/fdemirel/HPC_Lab_Proj/imp/../../gem5/build/ALL/gem5.opt -s --outdir=results_imp_stage3 --stdout-file=simple_triad_imp3_s32_sth8_pt8_l1d_ddr4_1x_simout.txt --stderr-file=simple_triad_imp3_s32_sth8_pt8_l1d_ddr4_1x_simerr.txt --stats-file=stats.txt -c 'from multiprocessing.spawn import spawn_main; spawn_main(tracker_fd=7, pipe_handle=13)' --multiprocessing-fork

src/sim/mem_state.cc:443: info: Increasing stack size by one page.
src/sim/syscall_emul.hh:1121: warn: readlink() called on '/proc/self/exe' may yield unexpected results in various settings.
      Returning '/home/fdemirel/HPC_Lab_Proj/benchmarks/simple_triad/simple_triad-m5.x'
----spmv----
N_ROWS          : 8192 
N_COLS          : 65536 
NNZ             : 524155 
Execution time: 5.397428 (ms) 
Global frequency set at 1000000000000 ticks per second
src/mem/dram_interface.cc:690: warn: DRAM device capacity (16384 Mbytes) does not match the address range assigned (1024 Mbytes)
src/base/statistics.hh:279: warn: One of the stats is a legacy stat. Legacy stat is a stat that does not belong to any statistics::Group. Legacy stat is deprecated.
board.remote_gdb: Listening for connections on port 7002
gem5 Simulator System.  https://www.gem5.org
gem5 is copyrighted software; use the --copyright option for details.

gem5 version 25.0.0.1
gem5 compiled May  5 2026 12:55:05
gem5 started Jun 29 2026 15:43:34
gem5 executing on cn21.guoehi.cluster, pid 923512
command line: /home/fdemirel/HPC_Lab_Proj/imp/../../gem5/build/ALL/gem5.opt -s --outdir=results_imp_stage3 --stdout-file=matmult_imp3_s32_ipd16_pt32_l2_ddr4_1x_simout.txt --stderr-file=matmult_imp3_s32_ipd16_pt32_l2_ddr4_1x_simerr.txt --stats-file=stats.txt -c 'from multiprocessing.spawn import spawn_main; spawn_main(tracker_fd=7, pipe_handle=13)' --multiprocessing-fork

src/sim/mem_state.cc:443: info: Increasing stack size by one page.
src/sim/syscall_emul.hh:1121: warn: readlink() called on '/proc/self/exe' may yield unexpected results in various settings.
      Returning '/home/fdemirel/HPC_Lab_Proj/benchmarks/matmult/matmult-m5.x'
src/arch/arm/insts/pseudo.cc:174: warn: 	instruction 'bti' unimplemented

----MATRIX MULTIPLICATION----

----Computation starts----
Loop 0 ... 
argc = 2, A[argc][argc] = 0.500000, B[argc][argc] = 0.500000, C[argc][argc] = 0.500000 
Execution time: 1.196792 (ms) 
Global frequency set at 1000000000000 ticks per second
src/mem/dram_interface.cc:690: warn: DRAM device capacity (16384 Mbytes) does not match the address range assigned (512 Mbytes)
src/mem/dram_interface.cc:690: warn: DRAM device capacity (16384 Mbytes) does not match the address range assigned (512 Mbytes)
src/base/statistics.hh:279: warn: One of the stats is a legacy stat. Legacy stat is a stat that does not belong to any statistics::Group. Legacy stat is deprecated.
board.remote_gdb: Listening for connections on port 7002
gem5 Simulator System.  https://www.gem5.org
gem5 is copyrighted software; use the --copyright option for details.

gem5 version 25.0.0.1
gem5 compiled May  5 2026 12:55:05
gem5 started Jun 29 2026 15:44:32
gem5 executing on cn21.guoehi.cluster, pid 923517
command line: /home/fdemirel/HPC_Lab_Proj/imp/../../gem5/build/ALL/gem5.opt -s --outdir=results_imp_stage3 --stdout-file=matmult_imp3_s64_l2_ddr4_2x_simout.txt --stderr-file=matmult_imp3_s64_l2_ddr4_2x_simerr.txt --stats-file=stats.txt -c 'from multiprocessing.spawn import spawn_main; spawn_main(tracker_fd=7, pipe_handle=13)' --multiprocessing-fork

src/sim/mem_state.cc:443: info: Increasing stack size by one page.
src/sim/syscall_emul.hh:1121: warn: readlink() called on '/proc/self/exe' may yield unexpected results in various settings.
      Returning '/home/fdemirel/HPC_Lab_Proj/benchmarks/matmult/matmult-m5.x'
src/arch/arm/insts/pseudo.cc:174: warn: 	instruction 'bti' unimplemented
Array SIZE      : 1000000 
Array LOOP      : 1 

----triad----
a[0]=7.00e+00. b[0]=2.00e+00. c[0]=1.00e+00.
Execution time: 2.904991 (ms) 
   Rate [MB/s]: 8261.6 
Global frequency set at 1000000000000 ticks per second
src/mem/dram_interface.cc:690: warn: DRAM device capacity (16384 Mbytes) does not match the address range assigned (1024 Mbytes)
src/base/statistics.hh:279: warn: One of the stats is a legacy stat. Legacy stat is a stat that does not belong to any statistics::Group. Legacy stat is deprecated.
board.remote_gdb: Listening for connections on port 7003
gem5 Simulator System.  https://www.gem5.org
gem5 is copyrighted software; use the --copyright option for details.

gem5 version 25.0.0.1
gem5 compiled May  5 2026 12:55:05
gem5 started Jun 29 2026 15:45:02
gem5 executing on cn21.guoehi.cluster, pid 923521
command line: /home/fdemirel/HPC_Lab_Proj/imp/../../gem5/build/ALL/gem5.opt -s --outdir=results_imp_stage3 --stdout-file=quick_imp3_s32_dist32_addr16_l1d_ddr4_1x_simout.txt --stderr-file=quick_imp3_s32_dist32_addr16_l1d_ddr4_1x_simerr.txt --stats-file=stats.txt -c 'from multiprocessing.spawn import spawn_main; spawn_main(tracker_fd=7, pipe_handle=13)' --multiprocessing-fork

src/sim/mem_state.cc:443: info: Increasing stack size by one page.
src/sim/syscall_emul.hh:1121: warn: readlink() called on '/proc/self/exe' may yield unexpected results in various settings.
      Returning '/home/fdemirel/HPC_Lab_Proj/benchmarks/quick/quick-m5.x'
src/arch/arm/insts/pseudo.cc:174: warn: 	instruction 'bti' unimplemented

----merge----
Execution time: 10.561265 (ms) 
random_elem:0, /home/fdemirel/HPC_Lab_Proj/benchmarks/merge/merge-m5.x
Finished BFS.

----MATRIX MULTIPLICATION----

----Computation starts----
Loop 0 ... 
argc = 2, A[argc][argc] = 0.500000, B[argc][argc] = 0.500000, C[argc][argc] = 0.500000 
Execution time: 1.228445 (ms) 
Global frequency set at 1000000000000 ticks per second
src/mem/dram_interface.cc:690: warn: DRAM device capacity (16384 Mbytes) does not match the address range assigned (512 Mbytes)
src/mem/dram_interface.cc:690: warn: DRAM device capacity (16384 Mbytes) does not match the address range assigned (512 Mbytes)
src/base/statistics.hh:279: warn: One of the stats is a legacy stat. Legacy stat is a stat that does not belong to any statistics::Group. Legacy stat is deprecated.
board.remote_gdb: Listening for connections on port 7000
gem5 Simulator System.  https://www.gem5.org
gem5 is copyrighted software; use the --copyright option for details.

gem5 version 25.0.0.1
gem5 compiled May  5 2026 12:55:05
gem5 started Jun 29 2026 15:45:27
gem5 executing on cn21.guoehi.cluster, pid 923524
command line: /home/fdemirel/HPC_Lab_Proj/imp/../../gem5/build/ALL/gem5.opt -s --outdir=results_imp_stage3 --stdout-file=quick_imp3_s32_ipd8_addr8_l1d_ddr4_2x_simout.txt --stderr-file=quick_imp3_s32_ipd8_addr8_l1d_ddr4_2x_simerr.txt --stats-file=stats.txt -c 'from multiprocessing.spawn import spawn_main; spawn_main(tracker_fd=7, pipe_handle=13)' --multiprocessing-fork

src/sim/mem_state.cc:443: info: Increasing stack size by one page.
src/sim/syscall_emul.hh:1121: warn: readlink() called on '/proc/self/exe' may yield unexpected results in various settings.
      Returning '/home/fdemirel/HPC_Lab_Proj/benchmarks/quick/quick-m5.x'
src/arch/arm/insts/pseudo.cc:174: warn: 	instruction 'bti' unimplemented
Global frequency set at 1000000000000 ticks per second
Global frequency set at 1000000000000 ticks per second
src/mem/dram_interface.cc:690: warn: DRAM device capacity (16384 Mbytes) does not match the address range assigned (1024 Mbytes)
src/base/statistics.hh:279: warn: One of the stats is a legacy stat. Legacy stat is a stat that does not belong to any statistics::Group. Legacy stat is deprecated.
board.remote_gdb: Listening for connections on port 7001
src/mem/dram_interface.cc:690: warn: DRAM device capacity (16384 Mbytes) does not match the address range assigned (1024 Mbytes)
src/base/statistics.hh:279: warn: One of the stats is a legacy stat. Legacy stat is a stat that does not belong to any statistics::Group. Legacy stat is deprecated.
board.remote_gdb: Listening for connections on port 7002
gem5 Simulator System.  https://www.gem5.org
gem5 is copyrighted software; use the --copyright option for details.

gem5 version 25.0.0.1
gem5 compiled May  5 2026 12:55:05
gem5 started Jun 29 2026 15:45:31
gem5 executing on cn21.guoehi.cluster, pid 923527
command line: /home/fdemirel/HPC_Lab_Proj/imp/../../gem5/build/ALL/gem5.opt -s --outdir=results_imp_stage3 --stdout-file=simple_triad_imp3_s32_l2_ddr4_1x_simout.txt --stderr-file=simple_triad_imp3_s32_l2_ddr4_1x_simerr.txt --stats-file=stats.txt -c 'from multiprocessing.spawn import spawn_main; spawn_main(tracker_fd=7, pipe_handle=15)' --multiprocessing-fork

src/sim/mem_state.cc:443: info: Increasing stack size by one page.
src/sim/syscall_emul.hh:1121: warn: readlink() called on '/proc/self/exe' may yield unexpected results in various settings.
      Returning '/home/fdemirel/HPC_Lab_Proj/benchmarks/simple_triad/simple_triad-m5.x'
gem5 Simulator System.  https://www.gem5.org
gem5 is copyrighted software; use the --copyright option for details.

gem5 version 25.0.0.1
gem5 compiled May  5 2026 12:55:05
gem5 started Jun 29 2026 15:45:31
gem5 executing on cn21.guoehi.cluster, pid 923526
command line: /home/fdemirel/HPC_Lab_Proj/imp/../../gem5/build/ALL/gem5.opt -s --outdir=results_imp_stage3 --stdout-file=spmv_imp3_s64_sth2_l2_ddr4_1x_simout.txt --stderr-file=spmv_imp3_s64_sth2_l2_ddr4_1x_simerr.txt --stats-file=stats.txt -c 'from multiprocessing.spawn import spawn_main; spawn_main(tracker_fd=7, pipe_handle=12)' --multiprocessing-fork

src/sim/mem_state.cc:443: info: Increasing stack size by one page.
src/sim/syscall_emul.hh:1121: warn: readlink() called on '/proc/self/exe' may yield unexpected results in various settings.
      Returning '/home/fdemirel/HPC_Lab_Proj/benchmarks/spmv/spmv-m5.x'
src/arch/arm/insts/pseudo.cc:174: warn: 	instruction 'bti' unimplemented
src/sim/mem_state.cc:443: info: Increasing stack size by one page.
src/sim/mem_state.cc:443: info: Increasing stack size by one page.
src/sim/mem_state.cc:443: info: Increasing stack size by one page.
src/sim/mem_state.cc:443: info: Increasing stack size by one page.
src/sim/mem_state.cc:443: info: Increasing stack size by one page.
src/sim/mem_state.cc:443: info: Increasing stack size by one page.
src/sim/mem_state.cc:443: info: Increasing stack size by one page.
Array SIZE      : 1000000 
Array LOOP      : 1 

----triad----
a[0]=7.00e+00. b[0]=2.00e+00. c[0]=1.00e+00.
Execution time: 2.891987 (ms) 
   Rate [MB/s]: 8298.8 
Global frequency set at 1000000000000 ticks per second
src/mem/dram_interface.cc:690: warn: DRAM device capacity (16384 Mbytes) does not match the address range assigned (512 Mbytes)
src/mem/dram_interface.cc:690: warn: DRAM device capacity (16384 Mbytes) does not match the address range assigned (512 Mbytes)
src/base/statistics.hh:279: warn: One of the stats is a legacy stat. Legacy stat is a stat that does not belong to any statistics::Group. Legacy stat is deprecated.
board.remote_gdb: Listening for connections on port 7002
gem5 Simulator System.  https://www.gem5.org
gem5 is copyrighted software; use the --copyright option for details.

gem5 version 25.0.0.1
gem5 compiled May  5 2026 12:55:05
gem5 started Jun 29 2026 15:47:18
gem5 executing on cn21.guoehi.cluster, pid 923536
command line: /home/fdemirel/HPC_Lab_Proj/imp/../../gem5/build/ALL/gem5.opt -s --outdir=results_imp_stage3 --stdout-file=simple_triad_imp3_s64_ipd8_addr8_l2_ddr4_2x_simout.txt --stderr-file=simple_triad_imp3_s64_ipd8_addr8_l2_ddr4_2x_simerr.txt --stats-file=stats.txt -c 'from multiprocessing.spawn import spawn_main; spawn_main(tracker_fd=7, pipe_handle=15)' --multiprocessing-fork

src/sim/mem_state.cc:443: info: Increasing stack size by one page.
src/sim/syscall_emul.hh:1121: warn: readlink() called on '/proc/self/exe' may yield unexpected results in various settings.
      Returning '/home/fdemirel/HPC_Lab_Proj/benchmarks/simple_triad/simple_triad-m5.x'
----spmv----
N_ROWS          : 8192 
N_COLS          : 65536 
NNZ             : 524155 
Execution time: 7.957331 (ms) 
Global frequency set at 1000000000000 ticks per second
src/mem/dram_interface.cc:690: warn: DRAM device capacity (16384 Mbytes) does not match the address range assigned (512 Mbytes)
src/mem/dram_interface.cc:690: warn: DRAM device capacity (16384 Mbytes) does not match the address range assigned (512 Mbytes)
src/base/statistics.hh:279: warn: One of the stats is a legacy stat. Legacy stat is a stat that does not belong to any statistics::Group. Legacy stat is deprecated.
board.remote_gdb: Listening for connections on port 7001
gem5 Simulator System.  https://www.gem5.org
gem5 is copyrighted software; use the --copyright option for details.

gem5 version 25.0.0.1
gem5 compiled May  5 2026 12:55:05
gem5 started Jun 29 2026 15:47:34
gem5 executing on cn21.guoehi.cluster, pid 923539
command line: /home/fdemirel/HPC_Lab_Proj/imp/../../gem5/build/ALL/gem5.opt -s --outdir=results_imp_stage3 --stdout-file=bfs_imp3_s64_sth8_pt8_l1d_ddr4_2x_simout.txt --stderr-file=bfs_imp3_s64_sth8_pt8_l1d_ddr4_2x_simerr.txt --stats-file=stats.txt -c 'from multiprocessing.spawn import spawn_main; spawn_main(tracker_fd=7, pipe_handle=13)' --multiprocessing-fork

src/sim/mem_state.cc:443: info: Increasing stack size by one page.
src/sim/syscall_emul.hh:1121: warn: readlink() called on '/proc/self/exe' may yield unexpected results in various settings.
      Returning '/home/fdemirel/HPC_Lab_Proj/benchmarks/bfs/bfs-m5.x'
src/arch/arm/insts/pseudo.cc:174: warn: 	instruction 'bti' unimplemented
Beginning BFS ...
----quick sort----
Array SIZE      : 131072 
random_elem:0, /home/fdemirel/HPC_Lab_Proj/benchmarks/quick/quick-m5.x
Execution time: 8.411181 (ms) 
Global frequency set at 1000000000000 ticks per second
Array SIZE      : 1000000 
Array LOOP      : 1 

----triad----
a[0]=7.00e+00. b[0]=2.00e+00. c[0]=1.00e+00.
Execution time: 2.106744 (ms) 
   Rate [MB/s]: 11392.0 
src/mem/dram_interface.cc:690: warn: DRAM device capacity (16384 Mbytes) does not match the address range assigned (1024 Mbytes)
src/base/statistics.hh:279: warn: One of the stats is a legacy stat. Legacy stat is a stat that does not belong to any statistics::Group. Legacy stat is deprecated.
board.remote_gdb: Listening for connections on port 7003
gem5 Simulator System.  https://www.gem5.org
gem5 is copyrighted software; use the --copyright option for details.

gem5 version 25.0.0.1
gem5 compiled May  5 2026 12:55:05
gem5 started Jun 29 2026 15:48:52
gem5 executing on cn21.guoehi.cluster, pid 923545
command line: /home/fdemirel/HPC_Lab_Proj/imp/../../gem5/build/ALL/gem5.opt -s --outdir=results_imp_stage3 --stdout-file=matmult_imp3_s64_ipd8_addr8_l2_ddr4_1x_simout.txt --stderr-file=matmult_imp3_s64_ipd8_addr8_l2_ddr4_1x_simerr.txt --stats-file=stats.txt -c 'from multiprocessing.spawn import spawn_main; spawn_main(tracker_fd=7, pipe_handle=13)' --multiprocessing-fork

src/sim/mem_state.cc:443: info: Increasing stack size by one page.
src/sim/syscall_emul.hh:1121: warn: readlink() called on '/proc/self/exe' may yield unexpected results in various settings.
      Returning '/home/fdemirel/HPC_Lab_Proj/benchmarks/matmult/matmult-m5.x'
src/arch/arm/insts/pseudo.cc:174: warn: 	instruction 'bti' unimplemented
Global frequency set at 1000000000000 ticks per second
src/mem/dram_interface.cc:690: warn: DRAM device capacity (16384 Mbytes) does not match the address range assigned (512 Mbytes)
src/mem/dram_interface.cc:690: warn: DRAM device capacity (16384 Mbytes) does not match the address range assigned (512 Mbytes)
src/base/statistics.hh:279: warn: One of the stats is a legacy stat. Legacy stat is a stat that does not belong to any statistics::Group. Legacy stat is deprecated.
board.remote_gdb: Listening for connections on port 7002
gem5 Simulator System.  https://www.gem5.org
gem5 is copyrighted software; use the --copyright option for details.

gem5 version 25.0.0.1
gem5 compiled May  5 2026 12:55:05
gem5 started Jun 29 2026 15:49:01
gem5 executing on cn21.guoehi.cluster, pid 923549
command line: /home/fdemirel/HPC_Lab_Proj/imp/../../gem5/build/ALL/gem5.opt -s --outdir=results_imp_stage3 --stdout-file=matmult_imp3_s32_sth2_dist32_ipd16_l1d_ddr4_2x_simout.txt --stderr-file=matmult_imp3_s32_sth2_dist32_ipd16_l1d_ddr4_2x_simerr.txt --stats-file=stats.txt -c 'from multiprocessing.spawn import spawn_main; spawn_main(tracker_fd=7, pipe_handle=13)' --multiprocessing-fork

src/sim/mem_state.cc:443: info: Increasing stack size by one page.
src/sim/syscall_emul.hh:1121: warn: readlink() called on '/proc/self/exe' may yield unexpected results in various settings.
      Returning '/home/fdemirel/HPC_Lab_Proj/benchmarks/matmult/matmult-m5.x'
src/arch/arm/insts/pseudo.cc:174: warn: 	instruction 'bti' unimplemented
----quick sort----
Array SIZE      : 131072 
random_elem:0, /home/fdemirel/HPC_Lab_Proj/benchmarks/quick/quick-m5.x
Execution time: 8.378687 (ms) 
Global frequency set at 1000000000000 ticks per second
src/mem/dram_interface.cc:690: warn: DRAM device capacity (16384 Mbytes) does not match the address range assigned (1024 Mbytes)
src/base/statistics.hh:279: warn: One of the stats is a legacy stat. Legacy stat is a stat that does not belong to any statistics::Group. Legacy stat is deprecated.
board.remote_gdb: Listening for connections on port 7000
gem5 Simulator System.  https://www.gem5.org
gem5 is copyrighted software; use the --copyright option for details.

gem5 version 25.0.0.1
gem5 compiled May  5 2026 12:55:05
gem5 started Jun 29 2026 15:49:27
gem5 executing on cn21.guoehi.cluster, pid 923552
command line: /home/fdemirel/HPC_Lab_Proj/imp/../../gem5/build/ALL/gem5.opt -s --outdir=results_imp_stage3 --stdout-file=bfs_imp3_s64_l2_ddr4_1x_simout.txt --stderr-file=bfs_imp3_s64_l2_ddr4_1x_simerr.txt --stats-file=stats.txt -c 'from multiprocessing.spawn import spawn_main; spawn_main(tracker_fd=7, pipe_handle=13)' --multiprocessing-fork

src/sim/mem_state.cc:443: info: Increasing stack size by one page.
src/sim/syscall_emul.hh:1121: warn: readlink() called on '/proc/self/exe' may yield unexpected results in various settings.
      Returning '/home/fdemirel/HPC_Lab_Proj/benchmarks/bfs/bfs-m5.x'
src/arch/arm/insts/pseudo.cc:174: warn: 	instruction 'bti' unimplemented
Beginning BFS ...

----MATRIX MULTIPLICATION----

----Computation starts----
Loop 0 ... 
argc = 2, A[argc][argc] = 0.500000, B[argc][argc] = 0.500000, C[argc][argc] = 0.500000 
Execution time: 1.233383 (ms) 
Global frequency set at 1000000000000 ticks per second
src/mem/dram_interface.cc:690: warn: DRAM device capacity (16384 Mbytes) does not match the address range assigned (1024 Mbytes)
src/base/statistics.hh:279: warn: One of the stats is a legacy stat. Legacy stat is a stat that does not belong to any statistics::Group. Legacy stat is deprecated.
board.remote_gdb: Listening for connections on port 7003
gem5 Simulator System.  https://www.gem5.org
gem5 is copyrighted software; use the --copyright option for details.

gem5 version 25.0.0.1
gem5 compiled May  5 2026 12:55:05
gem5 started Jun 29 2026 15:49:52
gem5 executing on cn21.guoehi.cluster, pid 923556
command line: /home/fdemirel/HPC_Lab_Proj/imp/../../gem5/build/ALL/gem5.opt -s --outdir=results_imp_stage3 --stdout-file=quick_imp3_s64_ipd8_addr8_l1d_ddr4_1x_simout.txt --stderr-file=quick_imp3_s64_ipd8_addr8_l1d_ddr4_1x_simerr.txt --stats-file=stats.txt -c 'from multiprocessing.spawn import spawn_main; spawn_main(tracker_fd=7, pipe_handle=13)' --multiprocessing-fork

src/sim/mem_state.cc:443: info: Increasing stack size by one page.
src/sim/syscall_emul.hh:1121: warn: readlink() called on '/proc/self/exe' may yield unexpected results in various settings.
      Returning '/home/fdemirel/HPC_Lab_Proj/benchmarks/quick/quick-m5.x'
src/arch/arm/insts/pseudo.cc:174: warn: 	instruction 'bti' unimplemented

----MATRIX MULTIPLICATION----

----Computation starts----
Loop 0 ... 
argc = 2, A[argc][argc] = 0.500000, B[argc][argc] = 0.500000, C[argc][argc] = 0.500000 
Execution time: 1.213814 (ms) 
Global frequency set at 1000000000000 ticks per second
src/mem/dram_interface.cc:690: warn: DRAM device capacity (16384 Mbytes) does not match the address range assigned (512 Mbytes)
src/mem/dram_interface.cc:690: warn: DRAM device capacity (16384 Mbytes) does not match the address range assigned (512 Mbytes)
src/base/statistics.hh:279: warn: One of the stats is a legacy stat. Legacy stat is a stat that does not belong to any statistics::Group. Legacy stat is deprecated.
board.remote_gdb: Listening for connections on port 7002
gem5 Simulator System.  https://www.gem5.org
gem5 is copyrighted software; use the --copyright option for details.

gem5 version 25.0.0.1
gem5 compiled May  5 2026 12:55:05
gem5 started Jun 29 2026 15:50:08
gem5 executing on cn21.guoehi.cluster, pid 923563
command line: /home/fdemirel/HPC_Lab_Proj/imp/../../gem5/build/ALL/gem5.opt -s --outdir=results_imp_stage3 --stdout-file=matmult_imp3_s64_ipd16_addr16_l2_ddr4_2x_simout.txt --stderr-file=matmult_imp3_s64_ipd16_addr16_l2_ddr4_2x_simerr.txt --stats-file=stats.txt -c 'from multiprocessing.spawn import spawn_main; spawn_main(tracker_fd=7, pipe_handle=13)' --multiprocessing-fork

src/sim/mem_state.cc:443: info: Increasing stack size by one page.
src/sim/syscall_emul.hh:1121: warn: readlink() called on '/proc/self/exe' may yield unexpected results in various settings.
      Returning '/home/fdemirel/HPC_Lab_Proj/benchmarks/matmult/matmult-m5.x'
src/arch/arm/insts/pseudo.cc:174: warn: 	instruction 'bti' unimplemented

----MATRIX MULTIPLICATION----

----Computation starts----
Loop 0 ... 
argc = 2, A[argc][argc] = 0.500000, B[argc][argc] = 0.500000, C[argc][argc] = 0.500000 
Execution time: 1.228445 (ms) 
Global frequency set at 1000000000000 ticks per second
src/mem/dram_interface.cc:690: warn: DRAM device capacity (16384 Mbytes) does not match the address range assigned (512 Mbytes)
src/mem/dram_interface.cc:690: warn: DRAM device capacity (16384 Mbytes) does not match the address range assigned (512 Mbytes)
src/base/statistics.hh:279: warn: One of the stats is a legacy stat. Legacy stat is a stat that does not belong to any statistics::Group. Legacy stat is deprecated.
board.remote_gdb: Listening for connections on port 7002
gem5 Simulator System.  https://www.gem5.org
gem5 is copyrighted software; use the --copyright option for details.

gem5 version 25.0.0.1
gem5 compiled May  5 2026 12:55:05
gem5 started Jun 29 2026 15:51:06
gem5 executing on cn21.guoehi.cluster, pid 923567
command line: /home/fdemirel/HPC_Lab_Proj/imp/../../gem5/build/ALL/gem5.opt -s --outdir=results_imp_stage3 --stdout-file=merge_imp3_s32_l2_ddr4_2x_simout.txt --stderr-file=merge_imp3_s32_l2_ddr4_2x_simerr.txt --stats-file=stats.txt -c 'from multiprocessing.spawn import spawn_main; spawn_main(tracker_fd=7, pipe_handle=13)' --multiprocessing-fork

src/sim/mem_state.cc:443: info: Increasing stack size by one page.
src/sim/syscall_emul.hh:1121: warn: readlink() called on '/proc/self/exe' may yield unexpected results in various settings.
      Returning '/home/fdemirel/HPC_Lab_Proj/benchmarks/merge/merge-m5.x'
src/arch/arm/insts/pseudo.cc:174: warn: 	instruction 'bti' unimplemented
----quick sort----
Array SIZE      : 131072 
random_elem:0, /home/fdemirel/HPC_Lab_Proj/benchmarks/quick/quick-m5.x
Execution time: 8.563380 (ms) 
Global frequency set at 1000000000000 ticks per second
src/mem/dram_interface.cc:690: warn: DRAM device capacity (16384 Mbytes) does not match the address range assigned (512 Mbytes)
src/mem/dram_interface.cc:690: warn: DRAM device capacity (16384 Mbytes) does not match the address range assigned (512 Mbytes)
src/base/statistics.hh:279: warn: One of the stats is a legacy stat. Legacy stat is a stat that does not belong to any statistics::Group. Legacy stat is deprecated.
board.remote_gdb: Listening for connections on port 7003
gem5 Simulator System.  https://www.gem5.org
gem5 is copyrighted software; use the --copyright option for details.

gem5 version 25.0.0.1
gem5 compiled May  5 2026 12:55:05
gem5 started Jun 29 2026 15:53:49
gem5 executing on cn21.guoehi.cluster, pid 923574
command line: /home/fdemirel/HPC_Lab_Proj/imp/../../gem5/build/ALL/gem5.opt -s --outdir=results_imp_stage3 --stdout-file=quick_imp3_s64_dist8_addr16_l1d_ddr4_2x_simout.txt --stderr-file=quick_imp3_s64_dist8_addr16_l1d_ddr4_2x_simerr.txt --stats-file=stats.txt -c 'from multiprocessing.spawn import spawn_main; spawn_main(tracker_fd=7, pipe_handle=13)' --multiprocessing-fork

src/sim/mem_state.cc:443: info: Increasing stack size by one page.
src/sim/syscall_emul.hh:1121: warn: readlink() called on '/proc/self/exe' may yield unexpected results in various settings.
      Returning '/home/fdemirel/HPC_Lab_Proj/benchmarks/quick/quick-m5.x'
src/arch/arm/insts/pseudo.cc:174: warn: 	instruction 'bti' unimplemented
Finished BFS.
Global frequency set at 1000000000000 ticks per second
src/mem/dram_interface.cc:690: warn: DRAM device capacity (16384 Mbytes) does not match the address range assigned (1024 Mbytes)
src/base/statistics.hh:279: warn: One of the stats is a legacy stat. Legacy stat is a stat that does not belong to any statistics::Group. Legacy stat is deprecated.
board.remote_gdb: Listening for connections on port 7001
gem5 Simulator System.  https://www.gem5.org
gem5 is copyrighted software; use the --copyright option for details.

gem5 version 25.0.0.1
gem5 compiled May  5 2026 12:55:05
gem5 started Jun 29 2026 15:54:47
gem5 executing on cn21.guoehi.cluster, pid 923579
command line: /home/fdemirel/HPC_Lab_Proj/imp/../../gem5/build/ALL/gem5.opt -s --outdir=results_imp_stage3 --stdout-file=simple_triad_imp3_s64_sth8_l2_ddr4_1x_simout.txt --stderr-file=simple_triad_imp3_s64_sth8_l2_ddr4_1x_simerr.txt --stats-file=stats.txt -c 'from multiprocessing.spawn import spawn_main; spawn_main(tracker_fd=7, pipe_handle=13)' --multiprocessing-fork

src/sim/mem_state.cc:443: info: Increasing stack size by one page.
src/sim/syscall_emul.hh:1121: warn: readlink() called on '/proc/self/exe' may yield unexpected results in various settings.
      Returning '/home/fdemirel/HPC_Lab_Proj/benchmarks/simple_triad/simple_triad-m5.x'

----merge----
Execution time: 10.038751 (ms) 
random_elem:0, /home/fdemirel/HPC_Lab_Proj/benchmarks/merge/merge-m5.x
Global frequency set at 1000000000000 ticks per second
src/mem/dram_interface.cc:690: warn: DRAM device capacity (16384 Mbytes) does not match the address range assigned (512 Mbytes)
src/mem/dram_interface.cc:690: warn: DRAM device capacity (16384 Mbytes) does not match the address range assigned (512 Mbytes)
src/base/statistics.hh:279: warn: One of the stats is a legacy stat. Legacy stat is a stat that does not belong to any statistics::Group. Legacy stat is deprecated.
board.remote_gdb: Listening for connections on port 7002
gem5 Simulator System.  https://www.gem5.org
gem5 is copyrighted software; use the --copyright option for details.

gem5 version 25.0.0.1
gem5 compiled May  5 2026 12:55:05
gem5 started Jun 29 2026 15:55:59
gem5 executing on cn21.guoehi.cluster, pid 923585
command line: /home/fdemirel/HPC_Lab_Proj/imp/../../gem5/build/ALL/gem5.opt -s --outdir=results_imp_stage3 --stdout-file=simple_triad_imp3_s32_sth2_l1d_ddr4_2x_simout.txt --stderr-file=simple_triad_imp3_s32_sth2_l1d_ddr4_2x_simerr.txt --stats-file=stats.txt -c 'from multiprocessing.spawn import spawn_main; spawn_main(tracker_fd=7, pipe_handle=13)' --multiprocessing-fork

src/sim/mem_state.cc:443: info: Increasing stack size by one page.
src/sim/syscall_emul.hh:1121: warn: readlink() called on '/proc/self/exe' may yield unexpected results in various settings.
      Returning '/home/fdemirel/HPC_Lab_Proj/benchmarks/simple_triad/simple_triad-m5.x'
Finished BFS.
Global frequency set at 1000000000000 ticks per second
src/mem/dram_interface.cc:690: warn: DRAM device capacity (16384 Mbytes) does not match the address range assigned (1024 Mbytes)
src/base/statistics.hh:279: warn: One of the stats is a legacy stat. Legacy stat is a stat that does not belong to any statistics::Group. Legacy stat is deprecated.
board.remote_gdb: Listening for connections on port 7000
gem5 Simulator System.  https://www.gem5.org
gem5 is copyrighted software; use the --copyright option for details.

gem5 version 25.0.0.1
gem5 compiled May  5 2026 12:55:05
gem5 started Jun 29 2026 15:56:11
gem5 executing on cn21.guoehi.cluster, pid 923588
command line: /home/fdemirel/HPC_Lab_Proj/imp/../../gem5/build/ALL/gem5.opt -s --outdir=results_imp_stage3 --stdout-file=merge_imp3_s32_ipd8_addr8_l1d_ddr4_1x_simout.txt --stderr-file=merge_imp3_s32_ipd8_addr8_l1d_ddr4_1x_simerr.txt --stats-file=stats.txt -c 'from multiprocessing.spawn import spawn_main; spawn_main(tracker_fd=7, pipe_handle=13)' --multiprocessing-fork

src/sim/mem_state.cc:443: info: Increasing stack size by one page.
src/sim/syscall_emul.hh:1121: warn: readlink() called on '/proc/self/exe' may yield unexpected results in various settings.
      Returning '/home/fdemirel/HPC_Lab_Proj/benchmarks/merge/merge-m5.x'
src/arch/arm/insts/pseudo.cc:174: warn: 	instruction 'bti' unimplemented
Array SIZE      : 1000000 
Array LOOP      : 1 

----triad----
a[0]=7.00e+00. b[0]=2.00e+00. c[0]=1.00e+00.
Execution time: 2.961013 (ms) 
   Rate [MB/s]: 8105.3 
Global frequency set at 1000000000000 ticks per second
src/mem/dram_interface.cc:690: warn: DRAM device capacity (16384 Mbytes) does not match the address range assigned (1024 Mbytes)
src/base/statistics.hh:279: warn: One of the stats is a legacy stat. Legacy stat is a stat that does not belong to any statistics::Group. Legacy stat is deprecated.
board.remote_gdb: Listening for connections on port 7001
gem5 Simulator System.  https://www.gem5.org
gem5 is copyrighted software; use the --copyright option for details.

gem5 version 25.0.0.1
gem5 compiled May  5 2026 12:55:05
gem5 started Jun 29 2026 15:56:32
gem5 executing on cn21.guoehi.cluster, pid 923591
command line: /home/fdemirel/HPC_Lab_Proj/imp/../../gem5/build/ALL/gem5.opt -s --outdir=results_imp_stage3 --stdout-file=quick_imp3_s32_dist32_addr16_l2_ddr4_1x_simout.txt --stderr-file=quick_imp3_s32_dist32_addr16_l2_ddr4_1x_simerr.txt --stats-file=stats.txt -c 'from multiprocessing.spawn import spawn_main; spawn_main(tracker_fd=7, pipe_handle=13)' --multiprocessing-fork

src/sim/mem_state.cc:443: info: Increasing stack size by one page.
src/sim/syscall_emul.hh:1121: warn: readlink() called on '/proc/self/exe' may yield unexpected results in various settings.
      Returning '/home/fdemirel/HPC_Lab_Proj/benchmarks/quick/quick-m5.x'
src/arch/arm/insts/pseudo.cc:174: warn: 	instruction 'bti' unimplemented
Array SIZE      : 1000000 
Array LOOP      : 1 

----triad----
a[0]=7.00e+00. b[0]=2.00e+00. c[0]=1.00e+00.
Execution time: 2.052675 (ms) 
   Rate [MB/s]: 11692.1 
Global frequency set at 1000000000000 ticks per second
src/mem/dram_interface.cc:690: warn: DRAM device capacity (16384 Mbytes) does not match the address range assigned (1024 Mbytes)
src/base/statistics.hh:279: warn: One of the stats is a legacy stat. Legacy stat is a stat that does not belong to any statistics::Group. Legacy stat is deprecated.
board.remote_gdb: Listening for connections on port 7002
gem5 Simulator System.  https://www.gem5.org
gem5 is copyrighted software; use the --copyright option for details.

gem5 version 25.0.0.1
gem5 compiled May  5 2026 12:55:05
gem5 started Jun 29 2026 15:57:41
gem5 executing on cn21.guoehi.cluster, pid 923595
command line: /home/fdemirel/HPC_Lab_Proj/imp/../../gem5/build/ALL/gem5.opt -s --outdir=results_imp_stage3 --stdout-file=matmult_imp3_s32_l1d_ddr4_1x_simout.txt --stderr-file=matmult_imp3_s32_l1d_ddr4_1x_simerr.txt --stats-file=stats.txt -c 'from multiprocessing.spawn import spawn_main; spawn_main(tracker_fd=7, pipe_handle=13)' --multiprocessing-fork

src/sim/mem_state.cc:443: info: Increasing stack size by one page.
src/sim/syscall_emul.hh:1121: warn: readlink() called on '/proc/self/exe' may yield unexpected results in various settings.
      Returning '/home/fdemirel/HPC_Lab_Proj/benchmarks/matmult/matmult-m5.x'
src/arch/arm/insts/pseudo.cc:174: warn: 	instruction 'bti' unimplemented
----quick sort----
Array SIZE      : 131072 
random_elem:0, /home/fdemirel/HPC_Lab_Proj/benchmarks/quick/quick-m5.x
Execution time: 8.519943 (ms) 
Global frequency set at 1000000000000 ticks per second
src/mem/dram_interface.cc:690: warn: DRAM device capacity (16384 Mbytes) does not match the address range assigned (512 Mbytes)
src/mem/dram_interface.cc:690: warn: DRAM device capacity (16384 Mbytes) does not match the address range assigned (512 Mbytes)
src/base/statistics.hh:279: warn: One of the stats is a legacy stat. Legacy stat is a stat that does not belong to any statistics::Group. Legacy stat is deprecated.
board.remote_gdb: Listening for connections on port 7003
gem5 Simulator System.  https://www.gem5.org
gem5 is copyrighted software; use the --copyright option for details.

gem5 version 25.0.0.1
gem5 compiled May  5 2026 12:55:05
gem5 started Jun 29 2026 15:57:51
gem5 executing on cn21.guoehi.cluster, pid 923600
command line: /home/fdemirel/HPC_Lab_Proj/imp/../../gem5/build/ALL/gem5.opt -s --outdir=results_imp_stage3 --stdout-file=simple_triad_imp3_s64_sth2_dist32_ipd16_addr16_l2_ddr4_2x_simout.txt --stderr-file=simple_triad_imp3_s64_sth2_dist32_ipd16_addr16_l2_ddr4_2x_simerr.txt --stats-file=stats.txt -c 'from multiprocessing.spawn import spawn_main; spawn_main(tracker_fd=7, pipe_handle=13)' --multiprocessing-fork

src/sim/mem_state.cc:443: info: Increasing stack size by one page.
src/sim/syscall_emul.hh:1121: warn: readlink() called on '/proc/self/exe' may yield unexpected results in various settings.
      Returning '/home/fdemirel/HPC_Lab_Proj/benchmarks/simple_triad/simple_triad-m5.x'

----MATRIX MULTIPLICATION----

----Computation starts----
Loop 0 ... 
argc = 2, A[argc][argc] = 0.500000, B[argc][argc] = 0.500000, C[argc][argc] = 0.500000 
Execution time: 1.204214 (ms) 
Global frequency set at 1000000000000 ticks per second
src/mem/dram_interface.cc:690: warn: DRAM device capacity (16384 Mbytes) does not match the address range assigned (512 Mbytes)
src/mem/dram_interface.cc:690: warn: DRAM device capacity (16384 Mbytes) does not match the address range assigned (512 Mbytes)
src/base/statistics.hh:279: warn: One of the stats is a legacy stat. Legacy stat is a stat that does not belong to any statistics::Group. Legacy stat is deprecated.
board.remote_gdb: Listening for connections on port 7002
gem5 Simulator System.  https://www.gem5.org
gem5 is copyrighted software; use the --copyright option for details.

gem5 version 25.0.0.1
gem5 compiled May  5 2026 12:55:05
gem5 started Jun 29 2026 15:58:47
gem5 executing on cn21.guoehi.cluster, pid 923603
command line: /home/fdemirel/HPC_Lab_Proj/imp/../../gem5/build/ALL/gem5.opt -s --outdir=results_imp_stage3 --stdout-file=spmv_imp3_s32_l2_ddr4_2x_simout.txt --stderr-file=spmv_imp3_s32_l2_ddr4_2x_simerr.txt --stats-file=stats.txt -c 'from multiprocessing.spawn import spawn_main; spawn_main(tracker_fd=7, pipe_handle=13)' --multiprocessing-fork

src/sim/mem_state.cc:443: info: Increasing stack size by one page.
src/sim/syscall_emul.hh:1121: warn: readlink() called on '/proc/self/exe' may yield unexpected results in various settings.
      Returning '/home/fdemirel/HPC_Lab_Proj/benchmarks/spmv/spmv-m5.x'
src/arch/arm/insts/pseudo.cc:174: warn: 	instruction 'bti' unimplemented
src/sim/mem_state.cc:443: info: Increasing stack size by one page.
src/sim/mem_state.cc:443: info: Increasing stack size by one page.
src/sim/mem_state.cc:443: info: Increasing stack size by one page.
src/sim/mem_state.cc:443: info: Increasing stack size by one page.
src/sim/mem_state.cc:443: info: Increasing stack size by one page.
src/sim/mem_state.cc:443: info: Increasing stack size by one page.
src/sim/mem_state.cc:443: info: Increasing stack size by one page.
Array SIZE      : 1000000 
Array LOOP      : 1 

----triad----
a[0]=7.00e+00. b[0]=2.00e+00. c[0]=1.00e+00.
Execution time: 2.086469 (ms) 
   Rate [MB/s]: 11502.7 
Global frequency set at 1000000000000 ticks per second
src/mem/dram_interface.cc:690: warn: DRAM device capacity (16384 Mbytes) does not match the address range assigned (512 Mbytes)
src/mem/dram_interface.cc:690: warn: DRAM device capacity (16384 Mbytes) does not match the address range assigned (512 Mbytes)
src/base/statistics.hh:279: warn: One of the stats is a legacy stat. Legacy stat is a stat that does not belong to any statistics::Group. Legacy stat is deprecated.
board.remote_gdb: Listening for connections on port 7003
gem5 Simulator System.  https://www.gem5.org
gem5 is copyrighted software; use the --copyright option for details.

gem5 version 25.0.0.1
gem5 compiled May  5 2026 12:55:05
gem5 started Jun 29 2026 15:59:33
gem5 executing on cn21.guoehi.cluster, pid 923608
command line: /home/fdemirel/HPC_Lab_Proj/imp/../../gem5/build/ALL/gem5.opt -s --outdir=results_imp_stage3 --stdout-file=matmult_imp3_s32_sth8_pt8_l1d_ddr4_2x_simout.txt --stderr-file=matmult_imp3_s32_sth8_pt8_l1d_ddr4_2x_simerr.txt --stats-file=stats.txt -c 'from multiprocessing.spawn import spawn_main; spawn_main(tracker_fd=7, pipe_handle=13)' --multiprocessing-fork

src/sim/mem_state.cc:443: info: Increasing stack size by one page.
src/sim/syscall_emul.hh:1121: warn: readlink() called on '/proc/self/exe' may yield unexpected results in various settings.
      Returning '/home/fdemirel/HPC_Lab_Proj/benchmarks/matmult/matmult-m5.x'
src/arch/arm/insts/pseudo.cc:174: warn: 	instruction 'bti' unimplemented
----quick sort----
Array SIZE      : 131072 
random_elem:0, /home/fdemirel/HPC_Lab_Proj/benchmarks/quick/quick-m5.x
Execution time: 8.641523 (ms) 
Global frequency set at 1000000000000 ticks per second

----MATRIX MULTIPLICATION----

----Computation starts----
Loop 0 ... 
argc = 2, A[argc][argc] = 0.500000, B[argc][argc] = 0.500000, C[argc][argc] = 0.500000 
Execution time: 1.210764 (ms) 
src/mem/dram_interface.cc:690: warn: DRAM device capacity (16384 Mbytes) does not match the address range assigned (1024 Mbytes)
src/base/statistics.hh:279: warn: One of the stats is a legacy stat. Legacy stat is a stat that does not belong to any statistics::Group. Legacy stat is deprecated.
board.remote_gdb: Listening for connections on port 7001
gem5 Simulator System.  https://www.gem5.org
gem5 is copyrighted software; use the --copyright option for details.

gem5 version 25.0.0.1
gem5 compiled May  5 2026 12:55:05
gem5 started Jun 29 2026 16:00:30
gem5 executing on cn21.guoehi.cluster, pid 923616
command line: /home/fdemirel/HPC_Lab_Proj/imp/../../gem5/build/ALL/gem5.opt -s --outdir=results_imp_stage3 --stdout-file=spmv_imp3_s32_ipd16_addr16_l1d_ddr4_1x_simout.txt --stderr-file=spmv_imp3_s32_ipd16_addr16_l1d_ddr4_1x_simerr.txt --stats-file=stats.txt -c 'from multiprocessing.spawn import spawn_main; spawn_main(tracker_fd=7, pipe_handle=13)' --multiprocessing-fork

src/sim/mem_state.cc:443: info: Increasing stack size by one page.
src/sim/syscall_emul.hh:1121: warn: readlink() called on '/proc/self/exe' may yield unexpected results in various settings.
      Returning '/home/fdemirel/HPC_Lab_Proj/benchmarks/spmv/spmv-m5.x'
src/arch/arm/insts/pseudo.cc:174: warn: 	instruction 'bti' unimplemented
src/sim/mem_state.cc:443: info: Increasing stack size by one page.
src/sim/mem_state.cc:443: info: Increasing stack size by one page.
src/sim/mem_state.cc:443: info: Increasing stack size by one page.
src/sim/mem_state.cc:443: info: Increasing stack size by one page.
src/sim/mem_state.cc:443: info: Increasing stack size by one page.
src/sim/mem_state.cc:443: info: Increasing stack size by one page.
src/sim/mem_state.cc:443: info: Increasing stack size by one page.
----spmv----
N_ROWS          : 8192 
N_COLS          : 65536 
NNZ             : 524155 
Execution time: 5.297979 (ms) 
Global frequency set at 1000000000000 ticks per second
src/mem/dram_interface.cc:690: warn: DRAM device capacity (16384 Mbytes) does not match the address range assigned (512 Mbytes)
src/mem/dram_interface.cc:690: warn: DRAM device capacity (16384 Mbytes) does not match the address range assigned (512 Mbytes)
src/base/statistics.hh:279: warn: One of the stats is a legacy stat. Legacy stat is a stat that does not belong to any statistics::Group. Legacy stat is deprecated.
Global frequency set at 1000000000000 ticks per second
board.remote_gdb: Listening for connections on port 7002
gem5 Simulator System.  https://www.gem5.org
gem5 is copyrighted software; use the --copyright option for details.

gem5 version 25.0.0.1
gem5 compiled May  5 2026 12:55:05
gem5 started Jun 29 2026 16:00:39
gem5 executing on cn21.guoehi.cluster, pid 923620
command line: /home/fdemirel/HPC_Lab_Proj/imp/../../gem5/build/ALL/gem5.opt -s --outdir=results_imp_stage3 --stdout-file=merge_imp3_s32_sth2_dist32_ipd16_l2_ddr4_2x_simout.txt --stderr-file=merge_imp3_s32_sth2_dist32_ipd16_l2_ddr4_2x_simerr.txt --stats-file=stats.txt -c 'from multiprocessing.spawn import spawn_main; spawn_main(tracker_fd=7, pipe_handle=13)' --multiprocessing-fork

src/sim/mem_state.cc:443: info: Increasing stack size by one page.
src/sim/syscall_emul.hh:1121: warn: readlink() called on '/proc/self/exe' may yield unexpected results in various settings.
      Returning '/home/fdemirel/HPC_Lab_Proj/benchmarks/merge/merge-m5.x'
src/arch/arm/insts/pseudo.cc:174: warn: 	instruction 'bti' unimplemented
src/mem/dram_interface.cc:690: warn: DRAM device capacity (16384 Mbytes) does not match the address range assigned (512 Mbytes)
src/mem/dram_interface.cc:690: warn: DRAM device capacity (16384 Mbytes) does not match the address range assigned (512 Mbytes)
src/base/statistics.hh:279: warn: One of the stats is a legacy stat. Legacy stat is a stat that does not belong to any statistics::Group. Legacy stat is deprecated.
board.remote_gdb: Listening for connections on port 7003
gem5 Simulator System.  https://www.gem5.org
gem5 is copyrighted software; use the --copyright option for details.

gem5 version 25.0.0.1
gem5 compiled May  5 2026 12:55:05
gem5 started Jun 29 2026 16:00:40
gem5 executing on cn21.guoehi.cluster, pid 923621
command line: /home/fdemirel/HPC_Lab_Proj/imp/../../gem5/build/ALL/gem5.opt -s --outdir=results_imp_stage3 --stdout-file=simple_triad_imp3_s32_sth8_l1d_ddr4_2x_simout.txt --stderr-file=simple_triad_imp3_s32_sth8_l1d_ddr4_2x_simerr.txt --stats-file=stats.txt -c 'from multiprocessing.spawn import spawn_main; spawn_main(tracker_fd=7, pipe_handle=13)' --multiprocessing-fork

src/sim/mem_state.cc:443: info: Increasing stack size by one page.
src/sim/syscall_emul.hh:1121: warn: readlink() called on '/proc/self/exe' may yield unexpected results in various settings.
      Returning '/home/fdemirel/HPC_Lab_Proj/benchmarks/simple_triad/simple_triad-m5.x'

----merge----
Execution time: 9.959889 (ms) 
random_elem:0, /home/fdemirel/HPC_Lab_Proj/benchmarks/merge/merge-m5.x
Global frequency set at 1000000000000 ticks per second
src/mem/dram_interface.cc:690: warn: DRAM device capacity (16384 Mbytes) does not match the address range assigned (1024 Mbytes)
src/base/statistics.hh:279: warn: One of the stats is a legacy stat. Legacy stat is a stat that does not belong to any statistics::Group. Legacy stat is deprecated.
board.remote_gdb: Listening for connections on port 7000
gem5 Simulator System.  https://www.gem5.org
gem5 is copyrighted software; use the --copyright option for details.

gem5 version 25.0.0.1
gem5 compiled May  5 2026 12:55:05
gem5 started Jun 29 2026 16:00:53
gem5 executing on cn21.guoehi.cluster, pid 923627
command line: /home/fdemirel/HPC_Lab_Proj/imp/../../gem5/build/ALL/gem5.opt -s --outdir=results_imp_stage3 --stdout-file=quick_imp3_s64_dist8_addr16_l2_ddr4_1x_simout.txt --stderr-file=quick_imp3_s64_dist8_addr16_l2_ddr4_1x_simerr.txt --stats-file=stats.txt -c 'from multiprocessing.spawn import spawn_main; spawn_main(tracker_fd=7, pipe_handle=13)' --multiprocessing-fork

src/sim/mem_state.cc:443: info: Increasing stack size by one page.
src/sim/syscall_emul.hh:1121: warn: readlink() called on '/proc/self/exe' may yield unexpected results in various settings.
      Returning '/home/fdemirel/HPC_Lab_Proj/benchmarks/quick/quick-m5.x'
src/arch/arm/insts/pseudo.cc:174: warn: 	instruction 'bti' unimplemented
Array SIZE      : 1000000 
Array LOOP      : 1 

----triad----
a[0]=7.00e+00. b[0]=2.00e+00. c[0]=1.00e+00.
Execution time: 2.046703 (ms) 
   Rate [MB/s]: 11726.2 
Global frequency set at 1000000000000 ticks per second
src/mem/dram_interface.cc:690: warn: DRAM device capacity (16384 Mbytes) does not match the address range assigned (1024 Mbytes)
src/base/statistics.hh:279: warn: One of the stats is a legacy stat. Legacy stat is a stat that does not belong to any statistics::Group. Legacy stat is deprecated.
board.remote_gdb: Listening for connections on port 7003
gem5 Simulator System.  https://www.gem5.org
gem5 is copyrighted software; use the --copyright option for details.

gem5 version 25.0.0.1
gem5 compiled May  5 2026 12:55:05
gem5 started Jun 29 2026 16:02:22
gem5 executing on cn21.guoehi.cluster, pid 923632
command line: /home/fdemirel/HPC_Lab_Proj/imp/../../gem5/build/ALL/gem5.opt -s --outdir=results_imp_stage3 --stdout-file=merge_imp3_s64_sth8_pt8_l1d_ddr4_1x_simout.txt --stderr-file=merge_imp3_s64_sth8_pt8_l1d_ddr4_1x_simerr.txt --stats-file=stats.txt -c 'from multiprocessing.spawn import spawn_main; spawn_main(tracker_fd=7, pipe_handle=13)' --multiprocessing-fork

src/sim/mem_state.cc:443: info: Increasing stack size by one page.
src/sim/syscall_emul.hh:1121: warn: readlink() called on '/proc/self/exe' may yield unexpected results in various settings.
      Returning '/home/fdemirel/HPC_Lab_Proj/benchmarks/merge/merge-m5.x'
src/arch/arm/insts/pseudo.cc:174: warn: 	instruction 'bti' unimplemented
----spmv----
N_ROWS          : 8192 
N_COLS          : 65536 
NNZ             : 524155 
Execution time: 5.939598 (ms) 
Global frequency set at 1000000000000 ticks per second
src/mem/dram_interface.cc:690: warn: DRAM device capacity (16384 Mbytes) does not match the address range assigned (1024 Mbytes)
src/base/statistics.hh:279: warn: One of the stats is a legacy stat. Legacy stat is a stat that does not belong to any statistics::Group. Legacy stat is deprecated.
board.remote_gdb: Listening for connections on port 7001
gem5 Simulator System.  https://www.gem5.org
gem5 is copyrighted software; use the --copyright option for details.

gem5 version 25.0.0.1
gem5 compiled May  5 2026 12:55:05
gem5 started Jun 29 2026 16:03:01
gem5 executing on cn21.guoehi.cluster, pid 923636
command line: /home/fdemirel/HPC_Lab_Proj/imp/../../gem5/build/ALL/gem5.opt -s --outdir=results_imp_stage3 --stdout-file=matmult_imp3_s64_dist32_addr16_l1d_ddr4_1x_simout.txt --stderr-file=matmult_imp3_s64_dist32_addr16_l1d_ddr4_1x_simerr.txt --stats-file=stats.txt -c 'from multiprocessing.spawn import spawn_main; spawn_main(tracker_fd=7, pipe_handle=13)' --multiprocessing-fork

src/sim/mem_state.cc:443: info: Increasing stack size by one page.
src/sim/syscall_emul.hh:1121: warn: readlink() called on '/proc/self/exe' may yield unexpected results in various settings.
      Returning '/home/fdemirel/HPC_Lab_Proj/benchmarks/matmult/matmult-m5.x'
src/arch/arm/insts/pseudo.cc:174: warn: 	instruction 'bti' unimplemented

----MATRIX MULTIPLICATION----

----Computation starts----
Loop 0 ... 
argc = 2, A[argc][argc] = 0.500000, B[argc][argc] = 0.500000, C[argc][argc] = 0.500000 
Execution time: 1.198377 (ms) 
Global frequency set at 1000000000000 ticks per second
src/mem/dram_interface.cc:690: warn: DRAM device capacity (16384 Mbytes) does not match the address range assigned (512 Mbytes)
src/mem/dram_interface.cc:690: warn: DRAM device capacity (16384 Mbytes) does not match the address range assigned (512 Mbytes)
src/base/statistics.hh:279: warn: One of the stats is a legacy stat. Legacy stat is a stat that does not belong to any statistics::Group. Legacy stat is deprecated.
board.remote_gdb: Listening for connections on port 7001
gem5 Simulator System.  https://www.gem5.org
gem5 is copyrighted software; use the --copyright option for details.

gem5 version 25.0.0.1
gem5 compiled May  5 2026 12:55:05
gem5 started Jun 29 2026 16:04:16
gem5 executing on cn21.guoehi.cluster, pid 923645
command line: /home/fdemirel/HPC_Lab_Proj/imp/../../gem5/build/ALL/gem5.opt -s --outdir=results_imp_stage3 --stdout-file=bfs_imp3_s32_dist32_addr16_l2_ddr4_2x_simout.txt --stderr-file=bfs_imp3_s32_dist32_addr16_l2_ddr4_2x_simerr.txt --stats-file=stats.txt -c 'from multiprocessing.spawn import spawn_main; spawn_main(tracker_fd=7, pipe_handle=13)' --multiprocessing-fork

src/sim/mem_state.cc:443: info: Increasing stack size by one page.
src/sim/syscall_emul.hh:1121: warn: readlink() called on '/proc/self/exe' may yield unexpected results in various settings.
      Returning '/home/fdemirel/HPC_Lab_Proj/benchmarks/bfs/bfs-m5.x'
src/arch/arm/insts/pseudo.cc:174: warn: 	instruction 'bti' unimplemented
Beginning BFS ...
----quick sort----
Array SIZE      : 131072 
random_elem:0, /home/fdemirel/HPC_Lab_Proj/benchmarks/quick/quick-m5.x
Execution time: 9.196969 (ms) 
Global frequency set at 1000000000000 ticks per second
src/mem/dram_interface.cc:690: warn: DRAM device capacity (16384 Mbytes) does not match the address range assigned (1024 Mbytes)
src/base/statistics.hh:279: warn: One of the stats is a legacy stat. Legacy stat is a stat that does not belong to any statistics::Group. Legacy stat is deprecated.
board.remote_gdb: Listening for connections on port 7000
gem5 Simulator System.  https://www.gem5.org
gem5 is copyrighted software; use the --copyright option for details.

gem5 version 25.0.0.1
gem5 compiled May  5 2026 12:55:05
gem5 started Jun 29 2026 16:05:05
gem5 executing on cn21.guoehi.cluster, pid 923649
command line: /home/fdemirel/HPC_Lab_Proj/imp/../../gem5/build/ALL/gem5.opt -s --outdir=results_imp_stage3 --stdout-file=bfs_imp3_s32_sth2_pt8_l1d_ddr4_1x_simout.txt --stderr-file=bfs_imp3_s32_sth2_pt8_l1d_ddr4_1x_simerr.txt --stats-file=stats.txt -c 'from multiprocessing.spawn import spawn_main; spawn_main(tracker_fd=7, pipe_handle=13)' --multiprocessing-fork

src/sim/mem_state.cc:443: info: Increasing stack size by one page.
src/sim/syscall_emul.hh:1121: warn: readlink() called on '/proc/self/exe' may yield unexpected results in various settings.
      Returning '/home/fdemirel/HPC_Lab_Proj/benchmarks/bfs/bfs-m5.x'
src/arch/arm/insts/pseudo.cc:174: warn: 	instruction 'bti' unimplemented
Beginning BFS ...

----merge----
Execution time: 10.038685 (ms) 
random_elem:0, /home/fdemirel/HPC_Lab_Proj/benchmarks/merge/merge-m5.x
Global frequency set at 1000000000000 ticks per second
src/mem/dram_interface.cc:690: warn: DRAM device capacity (16384 Mbytes) does not match the address range assigned (512 Mbytes)
src/mem/dram_interface.cc:690: warn: DRAM device capacity (16384 Mbytes) does not match the address range assigned (512 Mbytes)
src/base/statistics.hh:279: warn: One of the stats is a legacy stat. Legacy stat is a stat that does not belong to any statistics::Group. Legacy stat is deprecated.
board.remote_gdb: Listening for connections on port 7002
gem5 Simulator System.  https://www.gem5.org
gem5 is copyrighted software; use the --copyright option for details.

gem5 version 25.0.0.1
gem5 compiled May  5 2026 12:55:05
gem5 started Jun 29 2026 16:05:35
gem5 executing on cn21.guoehi.cluster, pid 923655
command line: /home/fdemirel/HPC_Lab_Proj/imp/../../gem5/build/ALL/gem5.opt -s --outdir=results_imp_stage3 --stdout-file=matmult_imp3_s64_sth2_dist32_ipd16_addr16_l1d_ddr4_2x_simout.txt --stderr-file=matmult_imp3_s64_sth2_dist32_ipd16_addr16_l1d_ddr4_2x_simerr.txt --stats-file=stats.txt -c 'from multiprocessing.spawn import spawn_main; spawn_main(tracker_fd=7, pipe_handle=13)' --multiprocessing-fork

src/sim/mem_state.cc:443: info: Increasing stack size by one page.
src/sim/syscall_emul.hh:1121: warn: readlink() called on '/proc/self/exe' may yield unexpected results in various settings.
      Returning '/home/fdemirel/HPC_Lab_Proj/benchmarks/matmult/matmult-m5.x'
src/arch/arm/insts/pseudo.cc:174: warn: 	instruction 'bti' unimplemented

----MATRIX MULTIPLICATION----

----Computation starts----
Loop 0 ... 
argc = 2, A[argc][argc] = 0.500000, B[argc][argc] = 0.500000, C[argc][argc] = 0.500000 
Execution time: 1.210032 (ms) 
Global frequency set at 1000000000000 ticks per second
src/mem/dram_interface.cc:690: warn: DRAM device capacity (16384 Mbytes) does not match the address range assigned (512 Mbytes)
src/mem/dram_interface.cc:690: warn: DRAM device capacity (16384 Mbytes) does not match the address range assigned (512 Mbytes)
src/base/statistics.hh:279: warn: One of the stats is a legacy stat. Legacy stat is a stat that does not belong to any statistics::Group. Legacy stat is deprecated.
board.remote_gdb: Listening for connections on port 7002
gem5 Simulator System.  https://www.gem5.org
gem5 is copyrighted software; use the --copyright option for details.

gem5 version 25.0.0.1
gem5 compiled May  5 2026 12:55:05
gem5 started Jun 29 2026 16:06:46
gem5 executing on cn21.guoehi.cluster, pid 923661
command line: /home/fdemirel/HPC_Lab_Proj/imp/../../gem5/build/ALL/gem5.opt -s --outdir=results_imp_stage3 --stdout-file=spmv_imp3_s32_sth2_dist32_ipd16_l2_ddr4_2x_simout.txt --stderr-file=spmv_imp3_s32_sth2_dist32_ipd16_l2_ddr4_2x_simerr.txt --stats-file=stats.txt -c 'from multiprocessing.spawn import spawn_main; spawn_main(tracker_fd=7, pipe_handle=13)' --multiprocessing-fork

src/sim/mem_state.cc:443: info: Increasing stack size by one page.
src/sim/syscall_emul.hh:1121: warn: readlink() called on '/proc/self/exe' may yield unexpected results in various settings.
      Returning '/home/fdemirel/HPC_Lab_Proj/benchmarks/spmv/spmv-m5.x'
src/arch/arm/insts/pseudo.cc:174: warn: 	instruction 'bti' unimplemented
src/sim/mem_state.cc:443: info: Increasing stack size by one page.
src/sim/mem_state.cc:443: info: Increasing stack size by one page.
src/sim/mem_state.cc:443: info: Increasing stack size by one page.
src/sim/mem_state.cc:443: info: Increasing stack size by one page.
src/sim/mem_state.cc:443: info: Increasing stack size by one page.
src/sim/mem_state.cc:443: info: Increasing stack size by one page.
src/sim/mem_state.cc:443: info: Increasing stack size by one page.

----merge----
Execution time: 10.108061 (ms) 
random_elem:0, /home/fdemirel/HPC_Lab_Proj/benchmarks/merge/merge-m5.x
Global frequency set at 1000000000000 ticks per second
src/mem/dram_interface.cc:690: warn: DRAM device capacity (16384 Mbytes) does not match the address range assigned (1024 Mbytes)
src/base/statistics.hh:279: warn: One of the stats is a legacy stat. Legacy stat is a stat that does not belong to any statistics::Group. Legacy stat is deprecated.
board.remote_gdb: Listening for connections on port 7003
gem5 Simulator System.  https://www.gem5.org
gem5 is copyrighted software; use the --copyright option for details.

gem5 version 25.0.0.1
gem5 compiled May  5 2026 12:55:05
gem5 started Jun 29 2026 16:07:10
gem5 executing on cn21.guoehi.cluster, pid 923664
command line: /home/fdemirel/HPC_Lab_Proj/imp/../../gem5/build/ALL/gem5.opt -s --outdir=results_imp_stage3 --stdout-file=spmv_imp3_s64_ipd8_addr8_l1d_ddr4_1x_simout.txt --stderr-file=spmv_imp3_s64_ipd8_addr8_l1d_ddr4_1x_simerr.txt --stats-file=stats.txt -c 'from multiprocessing.spawn import spawn_main; spawn_main(tracker_fd=7, pipe_handle=13)' --multiprocessing-fork

src/sim/mem_state.cc:443: info: Increasing stack size by one page.
src/sim/syscall_emul.hh:1121: warn: readlink() called on '/proc/self/exe' may yield unexpected results in various settings.
      Returning '/home/fdemirel/HPC_Lab_Proj/benchmarks/spmv/spmv-m5.x'
src/arch/arm/insts/pseudo.cc:174: warn: 	instruction 'bti' unimplemented
src/sim/mem_state.cc:443: info: Increasing stack size by one page.
src/sim/mem_state.cc:443: info: Increasing stack size by one page.
src/sim/mem_state.cc:443: info: Increasing stack size by one page.
src/sim/mem_state.cc:443: info: Increasing stack size by one page.
src/sim/mem_state.cc:443: info: Increasing stack size by one page.
src/sim/mem_state.cc:443: info: Increasing stack size by one page.
src/sim/mem_state.cc:443: info: Increasing stack size by one page.
----spmv----
N_ROWS          : 8192 
N_COLS          : 65536 
NNZ             : 524155 
Execution time: 5.296569 (ms) 
Global frequency set at 1000000000000 ticks per second
src/mem/dram_interface.cc:690: warn: DRAM device capacity (16384 Mbytes) does not match the address range assigned (1024 Mbytes)
src/base/statistics.hh:279: warn: One of the stats is a legacy stat. Legacy stat is a stat that does not belong to any statistics::Group. Legacy stat is deprecated.
board.remote_gdb: Listening for connections on port 7002
gem5 Simulator System.  https://www.gem5.org
gem5 is copyrighted software; use the --copyright option for details.

gem5 version 25.0.0.1
gem5 compiled May  5 2026 12:55:05
gem5 started Jun 29 2026 16:08:37
gem5 executing on cn21.guoehi.cluster, pid 923671
command line: /home/fdemirel/HPC_Lab_Proj/imp/../../gem5/build/ALL/gem5.opt -s --outdir=results_imp_stage3 --stdout-file=merge_imp3_s32_ipd8_addr8_l2_ddr4_1x_simout.txt --stderr-file=merge_imp3_s32_ipd8_addr8_l2_ddr4_1x_simerr.txt --stats-file=stats.txt -c 'from multiprocessing.spawn import spawn_main; spawn_main(tracker_fd=7, pipe_handle=13)' --multiprocessing-fork

src/sim/mem_state.cc:443: info: Increasing stack size by one page.
src/sim/syscall_emul.hh:1121: warn: readlink() called on '/proc/self/exe' may yield unexpected results in various settings.
      Returning '/home/fdemirel/HPC_Lab_Proj/benchmarks/merge/merge-m5.x'
src/arch/arm/insts/pseudo.cc:174: warn: 	instruction 'bti' unimplemented
----spmv----
N_ROWS          : 8192 
N_COLS          : 65536 
NNZ             : 524155 
Execution time: 6.013488 (ms) 
Global frequency set at 1000000000000 ticks per second
src/mem/dram_interface.cc:690: warn: DRAM device capacity (16384 Mbytes) does not match the address range assigned (512 Mbytes)
src/mem/dram_interface.cc:690: warn: DRAM device capacity (16384 Mbytes) does not match the address range assigned (512 Mbytes)
src/base/statistics.hh:279: warn: One of the stats is a legacy stat. Legacy stat is a stat that does not belong to any statistics::Group. Legacy stat is deprecated.
board.remote_gdb: Listening for connections on port 7003
gem5 Simulator System.  https://www.gem5.org
gem5 is copyrighted software; use the --copyright option for details.

gem5 version 25.0.0.1
gem5 compiled May  5 2026 12:55:05
gem5 started Jun 29 2026 16:09:49
gem5 executing on cn21.guoehi.cluster, pid 923677
command line: /home/fdemirel/HPC_Lab_Proj/imp/../../gem5/build/ALL/gem5.opt -s --outdir=results_imp_stage3 --stdout-file=merge_imp3_s64_dist32_addr16_l2_ddr4_2x_simout.txt --stderr-file=merge_imp3_s64_dist32_addr16_l2_ddr4_2x_simerr.txt --stats-file=stats.txt -c 'from multiprocessing.spawn import spawn_main; spawn_main(tracker_fd=7, pipe_handle=13)' --multiprocessing-fork

src/sim/mem_state.cc:443: info: Increasing stack size by one page.
src/sim/syscall_emul.hh:1121: warn: readlink() called on '/proc/self/exe' may yield unexpected results in various settings.
      Returning '/home/fdemirel/HPC_Lab_Proj/benchmarks/merge/merge-m5.x'
src/arch/arm/insts/pseudo.cc:174: warn: 	instruction 'bti' unimplemented
Finished BFS.
Global frequency set at 1000000000000 ticks per second
src/mem/dram_interface.cc:690: warn: DRAM device capacity (16384 Mbytes) does not match the address range assigned (1024 Mbytes)
src/base/statistics.hh:279: warn: One of the stats is a legacy stat. Legacy stat is a stat that does not belong to any statistics::Group. Legacy stat is deprecated.
board.remote_gdb: Listening for connections on port 7001
gem5 Simulator System.  https://www.gem5.org
gem5 is copyrighted software; use the --copyright option for details.

gem5 version 25.0.0.1
gem5 compiled May  5 2026 12:55:05
gem5 started Jun 29 2026 16:10:26
gem5 executing on cn21.guoehi.cluster, pid 923686
command line: /home/fdemirel/HPC_Lab_Proj/imp/../../gem5/build/ALL/gem5.opt -s --outdir=results_imp_stage3 --stdout-file=simple_triad_imp3_s32_sth8_ipd8_pt8_l1d_ddr4_1x_simout.txt --stderr-file=simple_triad_imp3_s32_sth8_ipd8_pt8_l1d_ddr4_1x_simerr.txt --stats-file=stats.txt -c 'from multiprocessing.spawn import spawn_main; spawn_main(tracker_fd=7, pipe_handle=13)' --multiprocessing-fork

src/sim/mem_state.cc:443: info: Increasing stack size by one page.
src/sim/syscall_emul.hh:1121: warn: readlink() called on '/proc/self/exe' may yield unexpected results in various settings.
      Returning '/home/fdemirel/HPC_Lab_Proj/benchmarks/simple_triad/simple_triad-m5.x'
Finished BFS.
Array SIZE      : 1000000 
Array LOOP      : 1 

----triad----
a[0]=7.00e+00. b[0]=2.00e+00. c[0]=1.00e+00.
Execution time: 2.904991 (ms) 
   Rate [MB/s]: 8261.6 
Global frequency set at 1000000000000 ticks per second
src/mem/dram_interface.cc:690: warn: DRAM device capacity (16384 Mbytes) does not match the address range assigned (1024 Mbytes)
src/base/statistics.hh:279: warn: One of the stats is a legacy stat. Legacy stat is a stat that does not belong to any statistics::Group. Legacy stat is deprecated.
board.remote_gdb: Listening for connections on port 7000
Global frequency set at 1000000000000 ticks per second
gem5 Simulator System.  https://www.gem5.org
gem5 is copyrighted software; use the --copyright option for details.

gem5 version 25.0.0.1
gem5 compiled May  5 2026 12:55:05
gem5 started Jun 29 2026 16:12:14
gem5 executing on cn21.guoehi.cluster, pid 923693
command line: /home/fdemirel/HPC_Lab_Proj/imp/../../gem5/build/ALL/gem5.opt -s --outdir=results_imp_stage3 --stdout-file=matmult_imp3_s32_ipd16_addr16_l2_ddr4_1x_simout.txt --stderr-file=matmult_imp3_s32_ipd16_addr16_l2_ddr4_1x_simerr.txt --stats-file=stats.txt -c 'from multiprocessing.spawn import spawn_main; spawn_main(tracker_fd=7, pipe_handle=13)' --multiprocessing-fork

src/sim/mem_state.cc:443: info: Increasing stack size by one page.
src/sim/syscall_emul.hh:1121: warn: readlink() called on '/proc/self/exe' may yield unexpected results in various settings.
      Returning '/home/fdemirel/HPC_Lab_Proj/benchmarks/matmult/matmult-m5.x'
src/arch/arm/insts/pseudo.cc:174: warn: 	instruction 'bti' unimplemented
src/mem/dram_interface.cc:690: warn: DRAM device capacity (16384 Mbytes) does not match the address range assigned (512 Mbytes)
src/mem/dram_interface.cc:690: warn: DRAM device capacity (16384 Mbytes) does not match the address range assigned (512 Mbytes)
src/base/statistics.hh:279: warn: One of the stats is a legacy stat. Legacy stat is a stat that does not belong to any statistics::Group. Legacy stat is deprecated.
board.remote_gdb: Listening for connections on port 7001
gem5 Simulator System.  https://www.gem5.org
gem5 is copyrighted software; use the --copyright option for details.

gem5 version 25.0.0.1
gem5 compiled May  5 2026 12:55:05
gem5 started Jun 29 2026 16:12:15
gem5 executing on cn21.guoehi.cluster, pid 923694
command line: /home/fdemirel/HPC_Lab_Proj/imp/../../gem5/build/ALL/gem5.opt -s --outdir=results_imp_stage3 --stdout-file=simple_triad_imp3_s64_sth2_dist32_ipd16_l1d_ddr4_2x_simout.txt --stderr-file=simple_triad_imp3_s64_sth2_dist32_ipd16_l1d_ddr4_2x_simerr.txt --stats-file=stats.txt -c 'from multiprocessing.spawn import spawn_main; spawn_main(tracker_fd=7, pipe_handle=13)' --multiprocessing-fork

src/sim/mem_state.cc:443: info: Increasing stack size by one page.
src/sim/syscall_emul.hh:1121: warn: readlink() called on '/proc/self/exe' may yield unexpected results in various settings.
      Returning '/home/fdemirel/HPC_Lab_Proj/benchmarks/simple_triad/simple_triad-m5.x'

----MATRIX MULTIPLICATION----

----Computation starts----
Loop 0 ... 
argc = 2, A[argc][argc] = 0.500000, B[argc][argc] = 0.500000, C[argc][argc] = 0.500000 
Execution time: 1.196792 (ms) 
Global frequency set at 1000000000000 ticks per second
src/mem/dram_interface.cc:690: warn: DRAM device capacity (16384 Mbytes) does not match the address range assigned (512 Mbytes)
src/mem/dram_interface.cc:690: warn: DRAM device capacity (16384 Mbytes) does not match the address range assigned (512 Mbytes)
src/base/statistics.hh:279: warn: One of the stats is a legacy stat. Legacy stat is a stat that does not belong to any statistics::Group. Legacy stat is deprecated.
board.remote_gdb: Listening for connections on port 7000
gem5 Simulator System.  https://www.gem5.org
gem5 is copyrighted software; use the --copyright option for details.

gem5 version 25.0.0.1
gem5 compiled May  5 2026 12:55:05
gem5 started Jun 29 2026 16:13:14
gem5 executing on cn21.guoehi.cluster, pid 923700
command line: /home/fdemirel/HPC_Lab_Proj/imp/../../gem5/build/ALL/gem5.opt -s --outdir=results_imp_stage3 --stdout-file=bfs_imp3_s32_sth8_l2_ddr4_2x_simout.txt --stderr-file=bfs_imp3_s32_sth8_l2_ddr4_2x_simerr.txt --stats-file=stats.txt -c 'from multiprocessing.spawn import spawn_main; spawn_main(tracker_fd=7, pipe_handle=13)' --multiprocessing-fork

src/sim/mem_state.cc:443: info: Increasing stack size by one page.
src/sim/syscall_emul.hh:1121: warn: readlink() called on '/proc/self/exe' may yield unexpected results in various settings.
      Returning '/home/fdemirel/HPC_Lab_Proj/benchmarks/bfs/bfs-m5.x'
src/arch/arm/insts/pseudo.cc:174: warn: 	instruction 'bti' unimplemented
Beginning BFS ...

----merge----
Execution time: 10.140762 (ms) 
random_elem:0, /home/fdemirel/HPC_Lab_Proj/benchmarks/merge/merge-m5.x
Global frequency set at 1000000000000 ticks per second
src/mem/dram_interface.cc:690: warn: DRAM device capacity (16384 Mbytes) does not match the address range assigned (1024 Mbytes)
src/base/statistics.hh:279: warn: One of the stats is a legacy stat. Legacy stat is a stat that does not belong to any statistics::Group. Legacy stat is deprecated.
board.remote_gdb: Listening for connections on port 7002
gem5 Simulator System.  https://www.gem5.org
gem5 is copyrighted software; use the --copyright option for details.

gem5 version 25.0.0.1
gem5 compiled May  5 2026 12:55:05
gem5 started Jun 29 2026 16:13:28
gem5 executing on cn21.guoehi.cluster, pid 923703
command line: /home/fdemirel/HPC_Lab_Proj/imp/../../gem5/build/ALL/gem5.opt -s --outdir=results_imp_stage3 --stdout-file=spmv_imp3_s32_sth8_pt8_l2_ddr4_1x_simout.txt --stderr-file=spmv_imp3_s32_sth8_pt8_l2_ddr4_1x_simerr.txt --stats-file=stats.txt -c 'from multiprocessing.spawn import spawn_main; spawn_main(tracker_fd=7, pipe_handle=13)' --multiprocessing-fork

src/sim/mem_state.cc:443: info: Increasing stack size by one page.
src/sim/syscall_emul.hh:1121: warn: readlink() called on '/proc/self/exe' may yield unexpected results in various settings.
      Returning '/home/fdemirel/HPC_Lab_Proj/benchmarks/spmv/spmv-m5.x'
src/arch/arm/insts/pseudo.cc:174: warn: 	instruction 'bti' unimplemented
src/sim/mem_state.cc:443: info: Increasing stack size by one page.
src/sim/mem_state.cc:443: info: Increasing stack size by one page.
src/sim/mem_state.cc:443: info: Increasing stack size by one page.
src/sim/mem_state.cc:443: info: Increasing stack size by one page.
src/sim/mem_state.cc:443: info: Increasing stack size by one page.
src/sim/mem_state.cc:443: info: Increasing stack size by one page.
src/sim/mem_state.cc:443: info: Increasing stack size by one page.
Array SIZE      : 1000000 
Array LOOP      : 1 

----triad----
a[0]=7.00e+00. b[0]=2.00e+00. c[0]=1.00e+00.
Execution time: 1.983654 (ms) 
   Rate [MB/s]: 12098.9 
Global frequency set at 1000000000000 ticks per second
src/mem/dram_interface.cc:690: warn: DRAM device capacity (16384 Mbytes) does not match the address range assigned (1024 Mbytes)
src/base/statistics.hh:279: warn: One of the stats is a legacy stat. Legacy stat is a stat that does not belong to any statistics::Group. Legacy stat is deprecated.
board.remote_gdb: Listening for connections on port 7001
gem5 Simulator System.  https://www.gem5.org
gem5 is copyrighted software; use the --copyright option for details.

gem5 version 25.0.0.1
gem5 compiled May  5 2026 12:55:05
gem5 started Jun 29 2026 16:13:58
gem5 executing on cn21.guoehi.cluster, pid 923707
command line: /home/fdemirel/HPC_Lab_Proj/imp/../../gem5/build/ALL/gem5.opt -s --outdir=results_imp_stage3 --stdout-file=bfs_imp3_s64_sth8_l1d_ddr4_1x_simout.txt --stderr-file=bfs_imp3_s64_sth8_l1d_ddr4_1x_simerr.txt --stats-file=stats.txt -c 'from multiprocessing.spawn import spawn_main; spawn_main(tracker_fd=7, pipe_handle=13)' --multiprocessing-fork

src/sim/mem_state.cc:443: info: Increasing stack size by one page.
src/sim/syscall_emul.hh:1121: warn: readlink() called on '/proc/self/exe' may yield unexpected results in various settings.
      Returning '/home/fdemirel/HPC_Lab_Proj/benchmarks/bfs/bfs-m5.x'
src/arch/arm/insts/pseudo.cc:174: warn: 	instruction 'bti' unimplemented
Beginning BFS ...

----merge----
Execution time: 10.388957 (ms) 
random_elem:0, /home/fdemirel/HPC_Lab_Proj/benchmarks/merge/merge-m5.x
Global frequency set at 1000000000000 ticks per second
src/mem/dram_interface.cc:690: warn: DRAM device capacity (16384 Mbytes) does not match the address range assigned (512 Mbytes)
src/mem/dram_interface.cc:690: warn: DRAM device capacity (16384 Mbytes) does not match the address range assigned (512 Mbytes)
src/base/statistics.hh:279: warn: One of the stats is a legacy stat. Legacy stat is a stat that does not belong to any statistics::Group. Legacy stat is deprecated.
board.remote_gdb: Listening for connections on port 7003
gem5 Simulator System.  https://www.gem5.org
gem5 is copyrighted software; use the --copyright option for details.

gem5 version 25.0.0.1
gem5 compiled May  5 2026 12:55:05
gem5 started Jun 29 2026 16:14:47
gem5 executing on cn21.guoehi.cluster, pid 923712
command line: /home/fdemirel/HPC_Lab_Proj/imp/../../gem5/build/ALL/gem5.opt -s --outdir=results_imp_stage3 --stdout-file=spmv_imp3_s64_dist32_addr16_l2_ddr4_2x_simout.txt --stderr-file=spmv_imp3_s64_dist32_addr16_l2_ddr4_2x_simerr.txt --stats-file=stats.txt -c 'from multiprocessing.spawn import spawn_main; spawn_main(tracker_fd=7, pipe_handle=13)' --multiprocessing-fork

src/sim/mem_state.cc:443: info: Increasing stack size by one page.
src/sim/syscall_emul.hh:1121: warn: readlink() called on '/proc/self/exe' may yield unexpected results in various settings.
      Returning '/home/fdemirel/HPC_Lab_Proj/benchmarks/spmv/spmv-m5.x'
src/arch/arm/insts/pseudo.cc:174: warn: 	instruction 'bti' unimplemented
src/sim/mem_state.cc:443: info: Increasing stack size by one page.
src/sim/mem_state.cc:443: info: Increasing stack size by one page.
src/sim/mem_state.cc:443: info: Increasing stack size by one page.
src/sim/mem_state.cc:443: info: Increasing stack size by one page.
src/sim/mem_state.cc:443: info: Increasing stack size by one page.
src/sim/mem_state.cc:443: info: Increasing stack size by one page.
src/sim/mem_state.cc:443: info: Increasing stack size by one page.
----spmv----
N_ROWS          : 8192 
N_COLS          : 65536 
NNZ             : 524155 
Execution time: 5.967270 (ms) 
Global frequency set at 1000000000000 ticks per second
src/mem/dram_interface.cc:690: warn: DRAM device capacity (16384 Mbytes) does not match the address range assigned (512 Mbytes)
src/mem/dram_interface.cc:690: warn: DRAM device capacity (16384 Mbytes) does not match the address range assigned (512 Mbytes)
src/base/statistics.hh:279: warn: One of the stats is a legacy stat. Legacy stat is a stat that does not belong to any statistics::Group. Legacy stat is deprecated.
board.remote_gdb: Listening for connections on port 7002
gem5 Simulator System.  https://www.gem5.org
gem5 is copyrighted software; use the --copyright option for details.

gem5 version 25.0.0.1
gem5 compiled May  5 2026 12:55:05
gem5 started Jun 29 2026 16:15:20
gem5 executing on cn21.guoehi.cluster, pid 923716
command line: /home/fdemirel/HPC_Lab_Proj/imp/../../gem5/build/ALL/gem5.opt -s --outdir=results_imp_stage3 --stdout-file=merge_imp3_s32_sth2_dist32_ipd16_addr16_l1d_ddr4_2x_simout.txt --stderr-file=merge_imp3_s32_sth2_dist32_ipd16_addr16_l1d_ddr4_2x_simerr.txt --stats-file=stats.txt -c 'from multiprocessing.spawn import spawn_main; spawn_main(tracker_fd=7, pipe_handle=13)' --multiprocessing-fork

src/sim/mem_state.cc:443: info: Increasing stack size by one page.
src/sim/syscall_emul.hh:1121: warn: readlink() called on '/proc/self/exe' may yield unexpected results in various settings.
      Returning '/home/fdemirel/HPC_Lab_Proj/benchmarks/merge/merge-m5.x'
src/arch/arm/insts/pseudo.cc:174: warn: 	instruction 'bti' unimplemented
----spmv----
N_ROWS          : 8192 
N_COLS          : 65536 
NNZ             : 524155 
Execution time: 6.888517 (ms) 
Global frequency set at 1000000000000 ticks per second
src/mem/dram_interface.cc:690: warn: DRAM device capacity (16384 Mbytes) does not match the address range assigned (512 Mbytes)
src/mem/dram_interface.cc:690: warn: DRAM device capacity (16384 Mbytes) does not match the address range assigned (512 Mbytes)
src/base/statistics.hh:279: warn: One of the stats is a legacy stat. Legacy stat is a stat that does not belong to any statistics::Group. Legacy stat is deprecated.
board.remote_gdb: Listening for connections on port 7003
gem5 Simulator System.  https://www.gem5.org
gem5 is copyrighted software; use the --copyright option for details.

gem5 version 25.0.0.1
gem5 compiled May  5 2026 12:55:05
gem5 started Jun 29 2026 16:16:54
gem5 executing on cn21.guoehi.cluster, pid 923723
command line: /home/fdemirel/HPC_Lab_Proj/imp/../../gem5/build/ALL/gem5.opt -s --outdir=results_imp_stage3 --stdout-file=quick_imp3_s32_dist32_addr16_l2_ddr4_2x_simout.txt --stderr-file=quick_imp3_s32_dist32_addr16_l2_ddr4_2x_simerr.txt --stats-file=stats.txt -c 'from multiprocessing.spawn import spawn_main; spawn_main(tracker_fd=7, pipe_handle=13)' --multiprocessing-fork

src/sim/mem_state.cc:443: info: Increasing stack size by one page.
src/sim/syscall_emul.hh:1121: warn: readlink() called on '/proc/self/exe' may yield unexpected results in various settings.
      Returning '/home/fdemirel/HPC_Lab_Proj/benchmarks/quick/quick-m5.x'
src/arch/arm/insts/pseudo.cc:174: warn: 	instruction 'bti' unimplemented
Finished BFS.
Global frequency set at 1000000000000 ticks per second
src/mem/dram_interface.cc:690: warn: DRAM device capacity (16384 Mbytes) does not match the address range assigned (512 Mbytes)
src/mem/dram_interface.cc:690: warn: DRAM device capacity (16384 Mbytes) does not match the address range assigned (512 Mbytes)
src/base/statistics.hh:279: warn: One of the stats is a legacy stat. Legacy stat is a stat that does not belong to any statistics::Group. Legacy stat is deprecated.
board.remote_gdb: Listening for connections on port 7000
gem5 Simulator System.  https://www.gem5.org
gem5 is copyrighted software; use the --copyright option for details.

gem5 version 25.0.0.1
gem5 compiled May  5 2026 12:55:05
gem5 started Jun 29 2026 16:19:27
gem5 executing on cn21.guoehi.cluster, pid 923733
command line: /home/fdemirel/HPC_Lab_Proj/imp/../../gem5/build/ALL/gem5.opt -s --outdir=results_imp_stage3 --stdout-file=merge_imp3_s64_sth2_dist32_ipd16_addr16_l2_ddr4_2x_simout.txt --stderr-file=merge_imp3_s64_sth2_dist32_ipd16_addr16_l2_ddr4_2x_simerr.txt --stats-file=stats.txt -c 'from multiprocessing.spawn import spawn_main; spawn_main(tracker_fd=7, pipe_handle=13)' --multiprocessing-fork

src/sim/mem_state.cc:443: info: Increasing stack size by one page.
src/sim/syscall_emul.hh:1121: warn: readlink() called on '/proc/self/exe' may yield unexpected results in various settings.
      Returning '/home/fdemirel/HPC_Lab_Proj/benchmarks/merge/merge-m5.x'
src/arch/arm/insts/pseudo.cc:174: warn: 	instruction 'bti' unimplemented

----merge----
Execution time: 9.912175 (ms) 
random_elem:0, /home/fdemirel/HPC_Lab_Proj/benchmarks/merge/merge-m5.x
Global frequency set at 1000000000000 ticks per second
src/mem/dram_interface.cc:690: warn: DRAM device capacity (16384 Mbytes) does not match the address range assigned (1024 Mbytes)
src/base/statistics.hh:279: warn: One of the stats is a legacy stat. Legacy stat is a stat that does not belong to any statistics::Group. Legacy stat is deprecated.
board.remote_gdb: Listening for connections on port 7002
gem5 Simulator System.  https://www.gem5.org
gem5 is copyrighted software; use the --copyright option for details.

gem5 version 25.0.0.1
gem5 compiled May  5 2026 12:55:05
gem5 started Jun 29 2026 16:20:15
gem5 executing on cn21.guoehi.cluster, pid 923741
command line: /home/fdemirel/HPC_Lab_Proj/imp/../../gem5/build/ALL/gem5.opt -s --outdir=results_imp_stage3 --stdout-file=matmult_imp3_s64_ipd16_pt32_l2_ddr4_1x_simout.txt --stderr-file=matmult_imp3_s64_ipd16_pt32_l2_ddr4_1x_simerr.txt --stats-file=stats.txt -c 'from multiprocessing.spawn import spawn_main; spawn_main(tracker_fd=7, pipe_handle=13)' --multiprocessing-fork

src/sim/mem_state.cc:443: info: Increasing stack size by one page.
src/sim/syscall_emul.hh:1121: warn: readlink() called on '/proc/self/exe' may yield unexpected results in various settings.
      Returning '/home/fdemirel/HPC_Lab_Proj/benchmarks/matmult/matmult-m5.x'
src/arch/arm/insts/pseudo.cc:174: warn: 	instruction 'bti' unimplemented
----quick sort----
Array SIZE      : 131072 
random_elem:0, /home/fdemirel/HPC_Lab_Proj/benchmarks/quick/quick-m5.x
Execution time: 8.616323 (ms) 
Global frequency set at 1000000000000 ticks per second
src/mem/dram_interface.cc:690: warn: DRAM device capacity (16384 Mbytes) does not match the address range assigned (1024 Mbytes)
src/base/statistics.hh:279: warn: One of the stats is a legacy stat. Legacy stat is a stat that does not belong to any statistics::Group. Legacy stat is deprecated.
board.remote_gdb: Listening for connections on port 7003
gem5 Simulator System.  https://www.gem5.org
gem5 is copyrighted software; use the --copyright option for details.

gem5 version 25.0.0.1
gem5 compiled May  5 2026 12:55:05
gem5 started Jun 29 2026 16:21:02
gem5 executing on cn21.guoehi.cluster, pid 923746
command line: /home/fdemirel/HPC_Lab_Proj/imp/../../gem5/build/ALL/gem5.opt -s --outdir=results_imp_stage3 --stdout-file=bfs_imp3_s32_sth8_pt8_l2_ddr4_1x_simout.txt --stderr-file=bfs_imp3_s32_sth8_pt8_l2_ddr4_1x_simerr.txt --stats-file=stats.txt -c 'from multiprocessing.spawn import spawn_main; spawn_main(tracker_fd=7, pipe_handle=13)' --multiprocessing-fork

src/sim/mem_state.cc:443: info: Increasing stack size by one page.
src/sim/syscall_emul.hh:1121: warn: readlink() called on '/proc/self/exe' may yield unexpected results in various settings.
      Returning '/home/fdemirel/HPC_Lab_Proj/benchmarks/bfs/bfs-m5.x'
src/arch/arm/insts/pseudo.cc:174: warn: 	instruction 'bti' unimplemented
Beginning BFS ...

----MATRIX MULTIPLICATION----

----Computation starts----
Loop 0 ... 
argc = 2, A[argc][argc] = 0.500000, B[argc][argc] = 0.500000, C[argc][argc] = 0.500000 
Execution time: 1.233383 (ms) 
Global frequency set at 1000000000000 ticks per second
src/mem/dram_interface.cc:690: warn: DRAM device capacity (16384 Mbytes) does not match the address range assigned (512 Mbytes)
src/mem/dram_interface.cc:690: warn: DRAM device capacity (16384 Mbytes) does not match the address range assigned (512 Mbytes)
src/base/statistics.hh:279: warn: One of the stats is a legacy stat. Legacy stat is a stat that does not belong to any statistics::Group. Legacy stat is deprecated.
board.remote_gdb: Listening for connections on port 7002
gem5 Simulator System.  https://www.gem5.org
gem5 is copyrighted software; use the --copyright option for details.

gem5 version 25.0.0.1
gem5 compiled May  5 2026 12:55:05
gem5 started Jun 29 2026 16:21:15
gem5 executing on cn21.guoehi.cluster, pid 923749
command line: /home/fdemirel/HPC_Lab_Proj/imp/../../gem5/build/ALL/gem5.opt -s --outdir=results_imp_stage3 --stdout-file=simple_triad_imp3_s64_sth8_pt8_l1d_ddr4_2x_simout.txt --stderr-file=simple_triad_imp3_s64_sth8_pt8_l1d_ddr4_2x_simerr.txt --stats-file=stats.txt -c 'from multiprocessing.spawn import spawn_main; spawn_main(tracker_fd=7, pipe_handle=13)' --multiprocessing-fork

src/sim/mem_state.cc:443: info: Increasing stack size by one page.
src/sim/syscall_emul.hh:1121: warn: readlink() called on '/proc/self/exe' may yield unexpected results in various settings.
      Returning '/home/fdemirel/HPC_Lab_Proj/benchmarks/simple_triad/simple_triad-m5.x'
Finished BFS.
Global frequency set at 1000000000000 ticks per second
src/mem/dram_interface.cc:690: warn: DRAM device capacity (16384 Mbytes) does not match the address range assigned (1024 Mbytes)
src/base/statistics.hh:279: warn: One of the stats is a legacy stat. Legacy stat is a stat that does not belong to any statistics::Group. Legacy stat is deprecated.
board.remote_gdb: Listening for connections on port 7001
gem5 Simulator System.  https://www.gem5.org
gem5 is copyrighted software; use the --copyright option for details.

gem5 version 25.0.0.1
gem5 compiled May  5 2026 12:55:05
gem5 started Jun 29 2026 16:21:40
gem5 executing on cn21.guoehi.cluster, pid 923753
command line: /home/fdemirel/HPC_Lab_Proj/imp/../../gem5/build/ALL/gem5.opt -s --outdir=results_imp_stage3 --stdout-file=quick_imp3_s64_dist32_addr16_l1d_ddr4_1x_simout.txt --stderr-file=quick_imp3_s64_dist32_addr16_l1d_ddr4_1x_simerr.txt --stats-file=stats.txt -c 'from multiprocessing.spawn import spawn_main; spawn_main(tracker_fd=7, pipe_handle=13)' --multiprocessing-fork

src/sim/mem_state.cc:443: info: Increasing stack size by one page.
src/sim/syscall_emul.hh:1121: warn: readlink() called on '/proc/self/exe' may yield unexpected results in various settings.
      Returning '/home/fdemirel/HPC_Lab_Proj/benchmarks/quick/quick-m5.x'
src/arch/arm/insts/pseudo.cc:174: warn: 	instruction 'bti' unimplemented
Array SIZE      : 1000000 
Array LOOP      : 1 

----triad----
a[0]=7.00e+00. b[0]=2.00e+00. c[0]=1.00e+00.
Execution time: 1.979440 (ms) 
   Rate [MB/s]: 12124.6 
Global frequency set at 1000000000000 ticks per second
src/mem/dram_interface.cc:690: warn: DRAM device capacity (16384 Mbytes) does not match the address range assigned (512 Mbytes)
src/mem/dram_interface.cc:690: warn: DRAM device capacity (16384 Mbytes) does not match the address range assigned (512 Mbytes)
src/base/statistics.hh:279: warn: One of the stats is a legacy stat. Legacy stat is a stat that does not belong to any statistics::Group. Legacy stat is deprecated.
board.remote_gdb: Listening for connections on port 7002
gem5 Simulator System.  https://www.gem5.org
gem5 is copyrighted software; use the --copyright option for details.

gem5 version 25.0.0.1
gem5 compiled May  5 2026 12:55:05
gem5 started Jun 29 2026 16:23:04
gem5 executing on cn21.guoehi.cluster, pid 923758
command line: /home/fdemirel/HPC_Lab_Proj/imp/../../gem5/build/ALL/gem5.opt -s --outdir=results_imp_stage3 --stdout-file=spmv_imp3_s32_dist8_addr16_l1d_ddr4_2x_simout.txt --stderr-file=spmv_imp3_s32_dist8_addr16_l1d_ddr4_2x_simerr.txt --stats-file=stats.txt -c 'from multiprocessing.spawn import spawn_main; spawn_main(tracker_fd=7, pipe_handle=13)' --multiprocessing-fork

src/sim/mem_state.cc:443: info: Increasing stack size by one page.
src/sim/syscall_emul.hh:1121: warn: readlink() called on '/proc/self/exe' may yield unexpected results in various settings.
      Returning '/home/fdemirel/HPC_Lab_Proj/benchmarks/spmv/spmv-m5.x'
src/arch/arm/insts/pseudo.cc:174: warn: 	instruction 'bti' unimplemented
src/sim/mem_state.cc:443: info: Increasing stack size by one page.
src/sim/mem_state.cc:443: info: Increasing stack size by one page.
src/sim/mem_state.cc:443: info: Increasing stack size by one page.
src/sim/mem_state.cc:443: info: Increasing stack size by one page.
src/sim/mem_state.cc:443: info: Increasing stack size by one page.
src/sim/mem_state.cc:443: info: Increasing stack size by one page.
src/sim/mem_state.cc:443: info: Increasing stack size by one page.

----merge----
Execution time: 10.388862 (ms) 
random_elem:0, /home/fdemirel/HPC_Lab_Proj/benchmarks/merge/merge-m5.x
Global frequency set at 1000000000000 ticks per second
src/mem/dram_interface.cc:690: warn: DRAM device capacity (16384 Mbytes) does not match the address range assigned (512 Mbytes)
src/mem/dram_interface.cc:690: warn: DRAM device capacity (16384 Mbytes) does not match the address range assigned (512 Mbytes)
src/base/statistics.hh:279: warn: One of the stats is a legacy stat. Legacy stat is a stat that does not belong to any statistics::Group. Legacy stat is deprecated.
board.remote_gdb: Listening for connections on port 7000
gem5 Simulator System.  https://www.gem5.org
gem5 is copyrighted software; use the --copyright option for details.

gem5 version 25.0.0.1
gem5 compiled May  5 2026 12:55:05
gem5 started Jun 29 2026 16:24:24
gem5 executing on cn21.guoehi.cluster, pid 923762
command line: /home/fdemirel/HPC_Lab_Proj/imp/../../gem5/build/ALL/gem5.opt -s --outdir=results_imp_stage3 --stdout-file=bfs_imp3_s64_ipd8_addr8_l2_ddr4_2x_simout.txt --stderr-file=bfs_imp3_s64_ipd8_addr8_l2_ddr4_2x_simerr.txt --stats-file=stats.txt -c 'from multiprocessing.spawn import spawn_main; spawn_main(tracker_fd=7, pipe_handle=13)' --multiprocessing-fork

src/sim/mem_state.cc:443: info: Increasing stack size by one page.
src/sim/syscall_emul.hh:1121: warn: readlink() called on '/proc/self/exe' may yield unexpected results in various settings.
      Returning '/home/fdemirel/HPC_Lab_Proj/benchmarks/bfs/bfs-m5.x'
src/arch/arm/insts/pseudo.cc:174: warn: 	instruction 'bti' unimplemented
Beginning BFS ...
----quick sort----
Array SIZE      : 131072 
random_elem:0, /home/fdemirel/HPC_Lab_Proj/benchmarks/quick/quick-m5.x
Execution time: 8.563380 (ms) 
----spmv----
N_ROWS          : 8192 
N_COLS          : 65536 
NNZ             : 524155 
Execution time: 5.339025 (ms) 
Global frequency set at 1000000000000 ticks per second
Global frequency set at 1000000000000 ticks per second
src/mem/dram_interface.cc:690: warn: DRAM device capacity (16384 Mbytes) does not match the address range assigned (1024 Mbytes)
src/mem/dram_interface.cc:690: warn: DRAM device capacity (16384 Mbytes) does not match the address range assigned (1024 Mbytes)
src/base/statistics.hh:279: warn: One of the stats is a legacy stat. Legacy stat is a stat that does not belong to any statistics::Group. Legacy stat is deprecated.
board.remote_gdb: Listening for connections on port 7001
src/base/statistics.hh:279: warn: One of the stats is a legacy stat. Legacy stat is a stat that does not belong to any statistics::Group. Legacy stat is deprecated.
board.remote_gdb: Listening for connections on port 7002
gem5 Simulator System.  https://www.gem5.org
gem5 is copyrighted software; use the --copyright option for details.

gem5 version 25.0.0.1
gem5 compiled May  5 2026 12:55:05
gem5 started Jun 29 2026 16:25:35
gem5 executing on cn21.guoehi.cluster, pid 923769
command line: /home/fdemirel/HPC_Lab_Proj/imp/../../gem5/build/ALL/gem5.opt -s --outdir=results_imp_stage3 --stdout-file=simple_triad_imp3_s64_sth2_l2_ddr4_1x_simout.txt --stderr-file=simple_triad_imp3_s64_sth2_l2_ddr4_1x_simerr.txt --stats-file=stats.txt -c 'from multiprocessing.spawn import spawn_main; spawn_main(tracker_fd=7, pipe_handle=13)' --multiprocessing-fork

src/sim/mem_state.cc:443: info: Increasing stack size by one page.
src/sim/syscall_emul.hh:1121: warn: readlink() called on '/proc/self/exe' may yield unexpected results in various settings.
      Returning '/home/fdemirel/HPC_Lab_Proj/benchmarks/simple_triad/simple_triad-m5.x'
gem5 Simulator System.  https://www.gem5.org
gem5 is copyrighted software; use the --copyright option for details.

gem5 version 25.0.0.1
gem5 compiled May  5 2026 12:55:05
gem5 started Jun 29 2026 16:25:35
gem5 executing on cn21.guoehi.cluster, pid 923770
command line: /home/fdemirel/HPC_Lab_Proj/imp/../../gem5/build/ALL/gem5.opt -s --outdir=results_imp_stage3 --stdout-file=merge_imp3_s32_ipd16_addr16_l1d_ddr4_1x_simout.txt --stderr-file=merge_imp3_s32_ipd16_addr16_l1d_ddr4_1x_simerr.txt --stats-file=stats.txt -c 'from multiprocessing.spawn import spawn_main; spawn_main(tracker_fd=7, pipe_handle=13)' --multiprocessing-fork

src/sim/mem_state.cc:443: info: Increasing stack size by one page.
src/sim/syscall_emul.hh:1121: warn: readlink() called on '/proc/self/exe' may yield unexpected results in various settings.
      Returning '/home/fdemirel/HPC_Lab_Proj/benchmarks/merge/merge-m5.x'
src/arch/arm/insts/pseudo.cc:174: warn: 	instruction 'bti' unimplemented
Array SIZE      : 1000000 
Array LOOP      : 1 

----triad----
a[0]=7.00e+00. b[0]=2.00e+00. c[0]=1.00e+00.
Execution time: 2.947628 (ms) 
   Rate [MB/s]: 8142.1 
Finished BFS.
Global frequency set at 1000000000000 ticks per second
Global frequency set at 1000000000000 ticks per second
src/mem/dram_interface.cc:690: warn: DRAM device capacity (16384 Mbytes) does not match the address range assigned (1024 Mbytes)
src/mem/dram_interface.cc:690: warn: DRAM device capacity (16384 Mbytes) does not match the address range assigned (512 Mbytes)
src/mem/dram_interface.cc:690: warn: DRAM device capacity (16384 Mbytes) does not match the address range assigned (512 Mbytes)
src/base/statistics.hh:279: warn: One of the stats is a legacy stat. Legacy stat is a stat that does not belong to any statistics::Group. Legacy stat is deprecated.
board.remote_gdb: Listening for connections on port 7001
src/base/statistics.hh:279: warn: One of the stats is a legacy stat. Legacy stat is a stat that does not belong to any statistics::Group. Legacy stat is deprecated.
board.remote_gdb: Listening for connections on port 7003
gem5 Simulator System.  https://www.gem5.org
gem5 is copyrighted software; use the --copyright option for details.

gem5 version 25.0.0.1
gem5 compiled May  5 2026 12:55:05
gem5 started Jun 29 2026 16:27:24
gem5 executing on cn21.guoehi.cluster, pid 923779
command line: /home/fdemirel/HPC_Lab_Proj/imp/../../gem5/build/ALL/gem5.opt -s --outdir=results_imp_stage3 --stdout-file=quick_imp3_s32_l2_ddr4_1x_simout.txt --stderr-file=quick_imp3_s32_l2_ddr4_1x_simerr.txt --stats-file=stats.txt -c 'from multiprocessing.spawn import spawn_main; spawn_main(tracker_fd=7, pipe_handle=13)' --multiprocessing-fork

src/sim/mem_state.cc:443: info: Increasing stack size by one page.
src/sim/syscall_emul.hh:1121: warn: readlink() called on '/proc/self/exe' may yield unexpected results in various settings.
      Returning '/home/fdemirel/HPC_Lab_Proj/benchmarks/quick/quick-m5.x'
src/arch/arm/insts/pseudo.cc:174: warn: 	instruction 'bti' unimplemented
gem5 Simulator System.  https://www.gem5.org
gem5 is copyrighted software; use the --copyright option for details.

gem5 version 25.0.0.1
gem5 compiled May  5 2026 12:55:05
gem5 started Jun 29 2026 16:27:23
gem5 executing on cn21.guoehi.cluster, pid 923777
command line: /home/fdemirel/HPC_Lab_Proj/imp/../../gem5/build/ALL/gem5.opt -s --outdir=results_imp_stage3 --stdout-file=spmv_imp3_s64_sth2_dist32_ipd16_addr16_l2_ddr4_2x_simout.txt --stderr-file=spmv_imp3_s64_sth2_dist32_ipd16_addr16_l2_ddr4_2x_simerr.txt --stats-file=stats.txt -c 'from multiprocessing.spawn import spawn_main; spawn_main(tracker_fd=7, pipe_handle=13)' --multiprocessing-fork

src/sim/mem_state.cc:443: info: Increasing stack size by one page.
src/sim/syscall_emul.hh:1121: warn: readlink() called on '/proc/self/exe' may yield unexpected results in various settings.
      Returning '/home/fdemirel/HPC_Lab_Proj/benchmarks/spmv/spmv-m5.x'
src/arch/arm/insts/pseudo.cc:174: warn: 	instruction 'bti' unimplemented
src/sim/mem_state.cc:443: info: Increasing stack size by one page.
src/sim/mem_state.cc:443: info: Increasing stack size by one page.
src/sim/mem_state.cc:443: info: Increasing stack size by one page.
src/sim/mem_state.cc:443: info: Increasing stack size by one page.
src/sim/mem_state.cc:443: info: Increasing stack size by one page.
src/sim/mem_state.cc:443: info: Increasing stack size by one page.
src/sim/mem_state.cc:443: info: Increasing stack size by one page.
----spmv----
N_ROWS          : 8192 
N_COLS          : 65536 
NNZ             : 524155 
Execution time: 6.885978 (ms) 
Global frequency set at 1000000000000 ticks per second
src/mem/dram_interface.cc:690: warn: DRAM device capacity (16384 Mbytes) does not match the address range assigned (512 Mbytes)
src/mem/dram_interface.cc:690: warn: DRAM device capacity (16384 Mbytes) does not match the address range assigned (512 Mbytes)
src/base/statistics.hh:279: warn: One of the stats is a legacy stat. Legacy stat is a stat that does not belong to any statistics::Group. Legacy stat is deprecated.
board.remote_gdb: Listening for connections on port 7003
gem5 Simulator System.  https://www.gem5.org
gem5 is copyrighted software; use the --copyright option for details.

gem5 version 25.0.0.1
gem5 compiled May  5 2026 12:55:05
gem5 started Jun 29 2026 16:29:32
gem5 executing on cn21.guoehi.cluster, pid 923792
command line: /home/fdemirel/HPC_Lab_Proj/imp/../../gem5/build/ALL/gem5.opt -s --outdir=results_imp_stage3 --stdout-file=merge_imp3_s64_sth2_l1d_ddr4_2x_simout.txt --stderr-file=merge_imp3_s64_sth2_l1d_ddr4_2x_simerr.txt --stats-file=stats.txt -c 'from multiprocessing.spawn import spawn_main; spawn_main(tracker_fd=7, pipe_handle=13)' --multiprocessing-fork

src/sim/mem_state.cc:443: info: Increasing stack size by one page.
src/sim/syscall_emul.hh:1121: warn: readlink() called on '/proc/self/exe' may yield unexpected results in various settings.
      Returning '/home/fdemirel/HPC_Lab_Proj/benchmarks/merge/merge-m5.x'
src/arch/arm/insts/pseudo.cc:174: warn: 	instruction 'bti' unimplemented

----merge----
Execution time: 9.959889 (ms) 
random_elem:0, /home/fdemirel/HPC_Lab_Proj/benchmarks/merge/merge-m5.x
Global frequency set at 1000000000000 ticks per second
src/mem/dram_interface.cc:690: warn: DRAM device capacity (16384 Mbytes) does not match the address range assigned (512 Mbytes)
src/mem/dram_interface.cc:690: warn: DRAM device capacity (16384 Mbytes) does not match the address range assigned (512 Mbytes)
src/base/statistics.hh:279: warn: One of the stats is a legacy stat. Legacy stat is a stat that does not belong to any statistics::Group. Legacy stat is deprecated.
board.remote_gdb: Listening for connections on port 7002
gem5 Simulator System.  https://www.gem5.org
gem5 is copyrighted software; use the --copyright option for details.

gem5 version 25.0.0.1
gem5 compiled May  5 2026 12:55:05
gem5 started Jun 29 2026 16:30:29
gem5 executing on cn21.guoehi.cluster, pid 923800
command line: /home/fdemirel/HPC_Lab_Proj/imp/../../gem5/build/ALL/gem5.opt -s --outdir=results_imp_stage3 --stdout-file=quick_imp3_s32_sth2_dist32_ipd16_addr16_l2_ddr4_2x_simout.txt --stderr-file=quick_imp3_s32_sth2_dist32_ipd16_addr16_l2_ddr4_2x_simerr.txt --stats-file=stats.txt -c 'from multiprocessing.spawn import spawn_main; spawn_main(tracker_fd=7, pipe_handle=13)' --multiprocessing-fork

src/sim/mem_state.cc:443: info: Increasing stack size by one page.
src/sim/syscall_emul.hh:1121: warn: readlink() called on '/proc/self/exe' may yield unexpected results in various settings.
      Returning '/home/fdemirel/HPC_Lab_Proj/benchmarks/quick/quick-m5.x'
src/arch/arm/insts/pseudo.cc:174: warn: 	instruction 'bti' unimplemented
Finished BFS.
Global frequency set at 1000000000000 ticks per second
src/mem/dram_interface.cc:690: warn: DRAM device capacity (16384 Mbytes) does not match the address range assigned (1024 Mbytes)
src/base/statistics.hh:279: warn: One of the stats is a legacy stat. Legacy stat is a stat that does not belong to any statistics::Group. Legacy stat is deprecated.
board.remote_gdb: Listening for connections on port 7000
gem5 Simulator System.  https://www.gem5.org
gem5 is copyrighted software; use the --copyright option for details.

gem5 version 25.0.0.1
gem5 compiled May  5 2026 12:55:05
gem5 started Jun 29 2026 16:30:48
gem5 executing on cn21.guoehi.cluster, pid 923818
command line: /home/fdemirel/HPC_Lab_Proj/imp/../../gem5/build/ALL/gem5.opt -s --outdir=results_imp_stage3 --stdout-file=spmv_imp3_s32_dist8_addr16_l1d_ddr4_1x_simout.txt --stderr-file=spmv_imp3_s32_dist8_addr16_l1d_ddr4_1x_simerr.txt --stats-file=stats.txt -c 'from multiprocessing.spawn import spawn_main; spawn_main(tracker_fd=7, pipe_handle=13)' --multiprocessing-fork

src/sim/mem_state.cc:443: info: Increasing stack size by one page.
src/sim/syscall_emul.hh:1121: warn: readlink() called on '/proc/self/exe' may yield unexpected results in various settings.
      Returning '/home/fdemirel/HPC_Lab_Proj/benchmarks/spmv/spmv-m5.x'
src/arch/arm/insts/pseudo.cc:174: warn: 	instruction 'bti' unimplemented
src/sim/mem_state.cc:443: info: Increasing stack size by one page.
src/sim/mem_state.cc:443: info: Increasing stack size by one page.
src/sim/mem_state.cc:443: info: Increasing stack size by one page.
src/sim/mem_state.cc:443: info: Increasing stack size by one page.
src/sim/mem_state.cc:443: info: Increasing stack size by one page.
src/sim/mem_state.cc:443: info: Increasing stack size by one page.
src/sim/mem_state.cc:443: info: Increasing stack size by one page.
----quick sort----
Array SIZE      : 131072 
random_elem:0, /home/fdemirel/HPC_Lab_Proj/benchmarks/quick/quick-m5.x
Execution time: 8.641523 (ms) 
Global frequency set at 1000000000000 ticks per second
src/mem/dram_interface.cc:690: warn: DRAM device capacity (16384 Mbytes) does not match the address range assigned (512 Mbytes)
src/mem/dram_interface.cc:690: warn: DRAM device capacity (16384 Mbytes) does not match the address range assigned (512 Mbytes)
src/base/statistics.hh:279: warn: One of the stats is a legacy stat. Legacy stat is a stat that does not belong to any statistics::Group. Legacy stat is deprecated.
board.remote_gdb: Listening for connections on port 7001
gem5 Simulator System.  https://www.gem5.org
gem5 is copyrighted software; use the --copyright option for details.

gem5 version 25.0.0.1
gem5 compiled May  5 2026 12:55:05
gem5 started Jun 29 2026 16:31:22
gem5 executing on cn21.guoehi.cluster, pid 923821
command line: /home/fdemirel/HPC_Lab_Proj/imp/../../gem5/build/ALL/gem5.opt -s --outdir=results_imp_stage3 --stdout-file=bfs_imp3_s32_sth2_dist32_ipd16_addr16_l1d_ddr4_2x_simout.txt --stderr-file=bfs_imp3_s32_sth2_dist32_ipd16_addr16_l1d_ddr4_2x_simerr.txt --stats-file=stats.txt -c 'from multiprocessing.spawn import spawn_main; spawn_main(tracker_fd=7, pipe_handle=13)' --multiprocessing-fork

src/sim/mem_state.cc:443: info: Increasing stack size by one page.
src/sim/syscall_emul.hh:1121: warn: readlink() called on '/proc/self/exe' may yield unexpected results in various settings.
      Returning '/home/fdemirel/HPC_Lab_Proj/benchmarks/bfs/bfs-m5.x'
src/arch/arm/insts/pseudo.cc:174: warn: 	instruction 'bti' unimplemented
Beginning BFS ...
----spmv----
N_ROWS          : 8192 
N_COLS          : 65536 
NNZ             : 524155 
Execution time: 5.939598 (ms) 
Global frequency set at 1000000000000 ticks per second
src/mem/dram_interface.cc:690: warn: DRAM device capacity (16384 Mbytes) does not match the address range assigned (512 Mbytes)
src/mem/dram_interface.cc:690: warn: DRAM device capacity (16384 Mbytes) does not match the address range assigned (512 Mbytes)
src/base/statistics.hh:279: warn: One of the stats is a legacy stat. Legacy stat is a stat that does not belong to any statistics::Group. Legacy stat is deprecated.
board.remote_gdb: Listening for connections on port 7000
gem5 Simulator System.  https://www.gem5.org
gem5 is copyrighted software; use the --copyright option for details.

gem5 version 25.0.0.1
gem5 compiled May  5 2026 12:55:05
gem5 started Jun 29 2026 16:33:21
gem5 executing on cn21.guoehi.cluster, pid 923829
command line: /home/fdemirel/HPC_Lab_Proj/imp/../../gem5/build/ALL/gem5.opt -s --outdir=results_imp_stage3 --stdout-file=bfs_imp3_s64_sth8_pt8_l2_ddr4_2x_simout.txt --stderr-file=bfs_imp3_s64_sth8_pt8_l2_ddr4_2x_simerr.txt --stats-file=stats.txt -c 'from multiprocessing.spawn import spawn_main; spawn_main(tracker_fd=7, pipe_handle=13)' --multiprocessing-fork

src/sim/mem_state.cc:443: info: Increasing stack size by one page.
src/sim/syscall_emul.hh:1121: warn: readlink() called on '/proc/self/exe' may yield unexpected results in various settings.
      Returning '/home/fdemirel/HPC_Lab_Proj/benchmarks/bfs/bfs-m5.x'
src/arch/arm/insts/pseudo.cc:174: warn: 	instruction 'bti' unimplemented
Beginning BFS ...
----quick sort----
Array SIZE      : 131072 
random_elem:0, /home/fdemirel/HPC_Lab_Proj/benchmarks/quick/quick-m5.x
Execution time: 8.616295 (ms) 

----merge----
Execution time: 10.059788 (ms) 
random_elem:0, /home/fdemirel/HPC_Lab_Proj/benchmarks/merge/merge-m5.x
Global frequency set at 1000000000000 ticks per second
src/mem/dram_interface.cc:690: warn: DRAM device capacity (16384 Mbytes) does not match the address range assigned (512 Mbytes)
src/mem/dram_interface.cc:690: warn: DRAM device capacity (16384 Mbytes) does not match the address range assigned (512 Mbytes)
src/base/statistics.hh:279: warn: One of the stats is a legacy stat. Legacy stat is a stat that does not belong to any statistics::Group. Legacy stat is deprecated.
board.remote_gdb: Listening for connections on port 7002
gem5 Simulator System.  https://www.gem5.org
gem5 is copyrighted software; use the --copyright option for details.

gem5 version 25.0.0.1
gem5 compiled May  5 2026 12:55:05
gem5 started Jun 29 2026 16:34:27
gem5 executing on cn21.guoehi.cluster, pid 923834
command line: /home/fdemirel/HPC_Lab_Proj/imp/../../gem5/build/ALL/gem5.opt -s --outdir=results_imp_stage3 --stdout-file=spmv_imp3_s64_l1d_ddr4_2x_simout.txt --stderr-file=spmv_imp3_s64_l1d_ddr4_2x_simerr.txt --stats-file=stats.txt -c 'from multiprocessing.spawn import spawn_main; spawn_main(tracker_fd=7, pipe_handle=13)' --multiprocessing-fork

src/sim/mem_state.cc:443: info: Increasing stack size by one page.
src/sim/syscall_emul.hh:1121: warn: readlink() called on '/proc/self/exe' may yield unexpected results in various settings.
      Returning '/home/fdemirel/HPC_Lab_Proj/benchmarks/spmv/spmv-m5.x'
src/arch/arm/insts/pseudo.cc:174: warn: 	instruction 'bti' unimplemented
src/sim/mem_state.cc:443: info: Increasing stack size by one page.
src/sim/mem_state.cc:443: info: Increasing stack size by one page.
src/sim/mem_state.cc:443: info: Increasing stack size by one page.
src/sim/mem_state.cc:443: info: Increasing stack size by one page.
src/sim/mem_state.cc:443: info: Increasing stack size by one page.
src/sim/mem_state.cc:443: info: Increasing stack size by one page.
src/sim/mem_state.cc:443: info: Increasing stack size by one page.
Global frequency set at 1000000000000 ticks per second
src/mem/dram_interface.cc:690: warn: DRAM device capacity (16384 Mbytes) does not match the address range assigned (1024 Mbytes)
src/base/statistics.hh:279: warn: One of the stats is a legacy stat. Legacy stat is a stat that does not belong to any statistics::Group. Legacy stat is deprecated.
board.remote_gdb: Listening for connections on port 7003
gem5 Simulator System.  https://www.gem5.org
gem5 is copyrighted software; use the --copyright option for details.

gem5 version 25.0.0.1
gem5 compiled May  5 2026 12:55:05
gem5 started Jun 29 2026 16:34:34
gem5 executing on cn21.guoehi.cluster, pid 923837
command line: /home/fdemirel/HPC_Lab_Proj/imp/../../gem5/build/ALL/gem5.opt -s --outdir=results_imp_stage3 --stdout-file=quick_imp3_s64_dist32_addr16_l2_ddr4_1x_simout.txt --stderr-file=quick_imp3_s64_dist32_addr16_l2_ddr4_1x_simerr.txt --stats-file=stats.txt -c 'from multiprocessing.spawn import spawn_main; spawn_main(tracker_fd=7, pipe_handle=13)' --multiprocessing-fork

src/sim/mem_state.cc:443: info: Increasing stack size by one page.
src/sim/syscall_emul.hh:1121: warn: readlink() called on '/proc/self/exe' may yield unexpected results in various settings.
      Returning '/home/fdemirel/HPC_Lab_Proj/benchmarks/quick/quick-m5.x'
src/arch/arm/insts/pseudo.cc:174: warn: 	instruction 'bti' unimplemented
----spmv----
N_ROWS          : 8192 
N_COLS          : 65536 
NNZ             : 524155 
Execution time: 5.397428 (ms) 
Global frequency set at 1000000000000 ticks per second
src/mem/dram_interface.cc:690: warn: DRAM device capacity (16384 Mbytes) does not match the address range assigned (1024 Mbytes)
src/base/statistics.hh:279: warn: One of the stats is a legacy stat. Legacy stat is a stat that does not belong to any statistics::Group. Legacy stat is deprecated.
board.remote_gdb: Listening for connections on port 7002
gem5 Simulator System.  https://www.gem5.org
gem5 is copyrighted software; use the --copyright option for details.

gem5 version 25.0.0.1
gem5 compiled May  5 2026 12:55:05
gem5 started Jun 29 2026 16:37:07
gem5 executing on cn21.guoehi.cluster, pid 923845
command line: /home/fdemirel/HPC_Lab_Proj/imp/../../gem5/build/ALL/gem5.opt -s --outdir=results_imp_stage3 --stdout-file=merge_imp3_s64_ipd8_addr8_l1d_ddr4_1x_simout.txt --stderr-file=merge_imp3_s64_ipd8_addr8_l1d_ddr4_1x_simerr.txt --stats-file=stats.txt -c 'from multiprocessing.spawn import spawn_main; spawn_main(tracker_fd=7, pipe_handle=13)' --multiprocessing-fork

src/sim/mem_state.cc:443: info: Increasing stack size by one page.
src/sim/syscall_emul.hh:1121: warn: readlink() called on '/proc/self/exe' may yield unexpected results in various settings.
      Returning '/home/fdemirel/HPC_Lab_Proj/benchmarks/merge/merge-m5.x'
src/arch/arm/insts/pseudo.cc:174: warn: 	instruction 'bti' unimplemented
----quick sort----
Array SIZE      : 131072 
random_elem:0, /home/fdemirel/HPC_Lab_Proj/benchmarks/quick/quick-m5.x
Execution time: 9.196969 (ms) 
Finished BFS.
Global frequency set at 1000000000000 ticks per second
src/mem/dram_interface.cc:690: warn: DRAM device capacity (16384 Mbytes) does not match the address range assigned (512 Mbytes)
src/mem/dram_interface.cc:690: warn: DRAM device capacity (16384 Mbytes) does not match the address range assigned (512 Mbytes)
src/base/statistics.hh:279: warn: One of the stats is a legacy stat. Legacy stat is a stat that does not belong to any statistics::Group. Legacy stat is deprecated.
board.remote_gdb: Listening for connections on port 7001
gem5 Simulator System.  https://www.gem5.org
gem5 is copyrighted software; use the --copyright option for details.

gem5 version 25.0.0.1
gem5 compiled May  5 2026 12:55:05
gem5 started Jun 29 2026 16:38:33
gem5 executing on cn21.guoehi.cluster, pid 923851
command line: /home/fdemirel/HPC_Lab_Proj/imp/../../gem5/build/ALL/gem5.opt -s --outdir=results_imp_stage3 --stdout-file=matmult_imp3_s32_dist32_addr16_l2_ddr4_2x_simout.txt --stderr-file=matmult_imp3_s32_dist32_addr16_l2_ddr4_2x_simerr.txt --stats-file=stats.txt -c 'from multiprocessing.spawn import spawn_main; spawn_main(tracker_fd=7, pipe_handle=13)' --multiprocessing-fork

src/sim/mem_state.cc:443: info: Increasing stack size by one page.
src/sim/syscall_emul.hh:1121: warn: readlink() called on '/proc/self/exe' may yield unexpected results in various settings.
      Returning '/home/fdemirel/HPC_Lab_Proj/benchmarks/matmult/matmult-m5.x'
src/arch/arm/insts/pseudo.cc:174: warn: 	instruction 'bti' unimplemented
Global frequency set at 1000000000000 ticks per second
src/mem/dram_interface.cc:690: warn: DRAM device capacity (16384 Mbytes) does not match the address range assigned (512 Mbytes)
src/mem/dram_interface.cc:690: warn: DRAM device capacity (16384 Mbytes) does not match the address range assigned (512 Mbytes)
src/base/statistics.hh:279: warn: One of the stats is a legacy stat. Legacy stat is a stat that does not belong to any statistics::Group. Legacy stat is deprecated.
board.remote_gdb: Listening for connections on port 7003
gem5 Simulator System.  https://www.gem5.org
gem5 is copyrighted software; use the --copyright option for details.

gem5 version 25.0.0.1
gem5 compiled May  5 2026 12:55:05
gem5 started Jun 29 2026 16:38:35
gem5 executing on cn21.guoehi.cluster, pid 923852
command line: /home/fdemirel/HPC_Lab_Proj/imp/../../gem5/build/ALL/gem5.opt -s --outdir=results_imp_stage3 --stdout-file=merge_imp3_s64_sth8_l1d_ddr4_2x_simout.txt --stderr-file=merge_imp3_s64_sth8_l1d_ddr4_2x_simerr.txt --stats-file=stats.txt -c 'from multiprocessing.spawn import spawn_main; spawn_main(tracker_fd=7, pipe_handle=13)' --multiprocessing-fork

src/sim/mem_state.cc:443: info: Increasing stack size by one page.
src/sim/syscall_emul.hh:1121: warn: readlink() called on '/proc/self/exe' may yield unexpected results in various settings.
      Returning '/home/fdemirel/HPC_Lab_Proj/benchmarks/merge/merge-m5.x'
src/arch/arm/insts/pseudo.cc:174: warn: 	instruction 'bti' unimplemented

----MATRIX MULTIPLICATION----

----Computation starts----
Loop 0 ... 
argc = 2, A[argc][argc] = 0.500000, B[argc][argc] = 0.500000, C[argc][argc] = 0.500000 
Execution time: 1.195957 (ms) 
Global frequency set at 1000000000000 ticks per second
src/mem/dram_interface.cc:690: warn: DRAM device capacity (16384 Mbytes) does not match the address range assigned (512 Mbytes)
src/mem/dram_interface.cc:690: warn: DRAM device capacity (16384 Mbytes) does not match the address range assigned (512 Mbytes)
src/base/statistics.hh:279: warn: One of the stats is a legacy stat. Legacy stat is a stat that does not belong to any statistics::Group. Legacy stat is deprecated.
board.remote_gdb: Listening for connections on port 7001
gem5 Simulator System.  https://www.gem5.org
gem5 is copyrighted software; use the --copyright option for details.

gem5 version 25.0.0.1
gem5 compiled May  5 2026 12:55:05
gem5 started Jun 29 2026 16:39:33
gem5 executing on cn21.guoehi.cluster, pid 923860
command line: /home/fdemirel/HPC_Lab_Proj/imp/../../gem5/build/ALL/gem5.opt -s --outdir=results_imp_stage3 --stdout-file=quick_imp3_s32_l1d_ddr4_2x_simout.txt --stderr-file=quick_imp3_s32_l1d_ddr4_2x_simerr.txt --stats-file=stats.txt -c 'from multiprocessing.spawn import spawn_main; spawn_main(tracker_fd=7, pipe_handle=13)' --multiprocessing-fork

src/sim/mem_state.cc:443: info: Increasing stack size by one page.
src/sim/syscall_emul.hh:1121: warn: readlink() called on '/proc/self/exe' may yield unexpected results in various settings.
      Returning '/home/fdemirel/HPC_Lab_Proj/benchmarks/quick/quick-m5.x'
src/arch/arm/insts/pseudo.cc:174: warn: 	instruction 'bti' unimplemented
Finished BFS.
Global frequency set at 1000000000000 ticks per second
src/mem/dram_interface.cc:690: warn: DRAM device capacity (16384 Mbytes) does not match the address range assigned (1024 Mbytes)
src/base/statistics.hh:279: warn: One of the stats is a legacy stat. Legacy stat is a stat that does not belong to any statistics::Group. Legacy stat is deprecated.
board.remote_gdb: Listening for connections on port 7000
gem5 Simulator System.  https://www.gem5.org
gem5 is copyrighted software; use the --copyright option for details.

gem5 version 25.0.0.1
gem5 compiled May  5 2026 12:55:05
gem5 started Jun 29 2026 16:39:52
gem5 executing on cn21.guoehi.cluster, pid 923864
command line: /home/fdemirel/HPC_Lab_Proj/imp/../../gem5/build/ALL/gem5.opt -s --outdir=results_imp_stage3 --stdout-file=matmult_imp3_s64_l1d_ddr4_1x_simout.txt --stderr-file=matmult_imp3_s64_l1d_ddr4_1x_simerr.txt --stats-file=stats.txt -c 'from multiprocessing.spawn import spawn_main; spawn_main(tracker_fd=7, pipe_handle=13)' --multiprocessing-fork

src/sim/mem_state.cc:443: info: Increasing stack size by one page.
src/sim/syscall_emul.hh:1121: warn: readlink() called on '/proc/self/exe' may yield unexpected results in various settings.
      Returning '/home/fdemirel/HPC_Lab_Proj/benchmarks/matmult/matmult-m5.x'
src/arch/arm/insts/pseudo.cc:174: warn: 	instruction 'bti' unimplemented

----MATRIX MULTIPLICATION----

----Computation starts----
Loop 0 ... 
argc = 2, A[argc][argc] = 0.500000, B[argc][argc] = 0.500000, C[argc][argc] = 0.500000 
Execution time: 1.198377 (ms) 
Global frequency set at 1000000000000 ticks per second
src/mem/dram_interface.cc:690: warn: DRAM device capacity (16384 Mbytes) does not match the address range assigned (1024 Mbytes)
src/base/statistics.hh:279: warn: One of the stats is a legacy stat. Legacy stat is a stat that does not belong to any statistics::Group. Legacy stat is deprecated.
board.remote_gdb: Listening for connections on port 7000
gem5 Simulator System.  https://www.gem5.org
gem5 is copyrighted software; use the --copyright option for details.

gem5 version 25.0.0.1
gem5 compiled May  5 2026 12:55:05
gem5 started Jun 29 2026 16:41:04
gem5 executing on cn21.guoehi.cluster, pid 923872
command line: /home/fdemirel/HPC_Lab_Proj/imp/../../gem5/build/ALL/gem5.opt -s --outdir=results_imp_stage3 --stdout-file=bfs_imp3_s32_sth2_dist32_ipd16_addr16_l1d_ddr4_1x_simout.txt --stderr-file=bfs_imp3_s32_sth2_dist32_ipd16_addr16_l1d_ddr4_1x_simerr.txt --stats-file=stats.txt -c 'from multiprocessing.spawn import spawn_main; spawn_main(tracker_fd=7, pipe_handle=13)' --multiprocessing-fork

src/sim/mem_state.cc:443: info: Increasing stack size by one page.
src/sim/syscall_emul.hh:1121: warn: readlink() called on '/proc/self/exe' may yield unexpected results in various settings.
      Returning '/home/fdemirel/HPC_Lab_Proj/benchmarks/bfs/bfs-m5.x'
src/arch/arm/insts/pseudo.cc:174: warn: 	instruction 'bti' unimplemented
Beginning BFS ...

----merge----
Execution time: 10.101444 (ms) 
random_elem:0, /home/fdemirel/HPC_Lab_Proj/benchmarks/merge/merge-m5.x
Global frequency set at 1000000000000 ticks per second
src/mem/dram_interface.cc:690: warn: DRAM device capacity (16384 Mbytes) does not match the address range assigned (512 Mbytes)
src/mem/dram_interface.cc:690: warn: DRAM device capacity (16384 Mbytes) does not match the address range assigned (512 Mbytes)
src/base/statistics.hh:279: warn: One of the stats is a legacy stat. Legacy stat is a stat that does not belong to any statistics::Group. Legacy stat is deprecated.
board.remote_gdb: Listening for connections on port 7002
gem5 Simulator System.  https://www.gem5.org
gem5 is copyrighted software; use the --copyright option for details.

gem5 version 25.0.0.1
gem5 compiled May  5 2026 12:55:05
gem5 started Jun 29 2026 16:42:01
gem5 executing on cn21.guoehi.cluster, pid 923875
command line: /home/fdemirel/HPC_Lab_Proj/imp/../../gem5/build/ALL/gem5.opt -s --outdir=results_imp_stage3 --stdout-file=quick_imp3_s64_dist8_addr16_l2_ddr4_2x_simout.txt --stderr-file=quick_imp3_s64_dist8_addr16_l2_ddr4_2x_simerr.txt --stats-file=stats.txt -c 'from multiprocessing.spawn import spawn_main; spawn_main(tracker_fd=7, pipe_handle=13)' --multiprocessing-fork

src/sim/mem_state.cc:443: info: Increasing stack size by one page.
src/sim/syscall_emul.hh:1121: warn: readlink() called on '/proc/self/exe' may yield unexpected results in various settings.
      Returning '/home/fdemirel/HPC_Lab_Proj/benchmarks/quick/quick-m5.x'
src/arch/arm/insts/pseudo.cc:174: warn: 	instruction 'bti' unimplemented
----quick sort----
Array SIZE      : 131072 
random_elem:0, /home/fdemirel/HPC_Lab_Proj/benchmarks/quick/quick-m5.x
Execution time: 8.378687 (ms) 

----merge----
Execution time: 10.059776 (ms) 
random_elem:0, /home/fdemirel/HPC_Lab_Proj/benchmarks/merge/merge-m5.x
Global frequency set at 1000000000000 ticks per second
Global frequency set at 1000000000000 ticks per second
src/mem/dram_interface.cc:690: warn: DRAM device capacity (16384 Mbytes) does not match the address range assigned (1024 Mbytes)
src/base/statistics.hh:279: warn: One of the stats is a legacy stat. Legacy stat is a stat that does not belong to any statistics::Group. Legacy stat is deprecated.
board.remote_gdb: Listening for connections on port 7001
src/mem/dram_interface.cc:690: warn: DRAM device capacity (16384 Mbytes) does not match the address range assigned (512 Mbytes)
src/mem/dram_interface.cc:690: warn: DRAM device capacity (16384 Mbytes) does not match the address range assigned (512 Mbytes)
src/base/statistics.hh:279: warn: One of the stats is a legacy stat. Legacy stat is a stat that does not belong to any statistics::Group. Legacy stat is deprecated.
board.remote_gdb: Listening for connections on port 7003
gem5 Simulator System.  https://www.gem5.org
gem5 is copyrighted software; use the --copyright option for details.

gem5 version 25.0.0.1
gem5 compiled May  5 2026 12:55:05
gem5 started Jun 29 2026 16:43:33
gem5 executing on cn21.guoehi.cluster, pid 923882
command line: /home/fdemirel/HPC_Lab_Proj/imp/../../gem5/build/ALL/gem5.opt -s --outdir=results_imp_stage3 --stdout-file=spmv_imp3_s64_ipd16_addr16_l1d_ddr4_1x_simout.txt --stderr-file=spmv_imp3_s64_ipd16_addr16_l1d_ddr4_1x_simerr.txt --stats-file=stats.txt -c 'from multiprocessing.spawn import spawn_main; spawn_main(tracker_fd=7, pipe_handle=12)' --multiprocessing-fork

src/sim/mem_state.cc:443: info: Increasing stack size by one page.
src/sim/syscall_emul.hh:1121: warn: readlink() called on '/proc/self/exe' may yield unexpected results in various settings.
      Returning '/home/fdemirel/HPC_Lab_Proj/benchmarks/spmv/spmv-m5.x'
src/arch/arm/insts/pseudo.cc:174: warn: 	instruction 'bti' unimplemented
src/sim/mem_state.cc:443: info: Increasing stack size by one page.
src/sim/mem_state.cc:443: info: Increasing stack size by one page.
src/sim/mem_state.cc:443: info: Increasing stack size by one page.
src/sim/mem_state.cc:443: info: Increasing stack size by one page.
src/sim/mem_state.cc:443: info: Increasing stack size by one page.
src/sim/mem_state.cc:443: info: Increasing stack size by one page.
src/sim/mem_state.cc:443: info: Increasing stack size by one page.
gem5 Simulator System.  https://www.gem5.org
gem5 is copyrighted software; use the --copyright option for details.

gem5 version 25.0.0.1
gem5 compiled May  5 2026 12:55:05
gem5 started Jun 29 2026 16:43:33
gem5 executing on cn21.guoehi.cluster, pid 923883
command line: /home/fdemirel/HPC_Lab_Proj/imp/../../gem5/build/ALL/gem5.opt -s --outdir=results_imp_stage3 --stdout-file=bfs_imp3_s64_sth2_l1d_ddr4_2x_simout.txt --stderr-file=bfs_imp3_s64_sth2_l1d_ddr4_2x_simerr.txt --stats-file=stats.txt -c 'from multiprocessing.spawn import spawn_main; spawn_main(tracker_fd=7, pipe_handle=15)' --multiprocessing-fork

src/sim/mem_state.cc:443: info: Increasing stack size by one page.
src/sim/syscall_emul.hh:1121: warn: readlink() called on '/proc/self/exe' may yield unexpected results in various settings.
      Returning '/home/fdemirel/HPC_Lab_Proj/benchmarks/bfs/bfs-m5.x'
src/arch/arm/insts/pseudo.cc:174: warn: 	instruction 'bti' unimplemented
Beginning BFS ...
----quick sort----
Array SIZE      : 131072 
random_elem:0, /home/fdemirel/HPC_Lab_Proj/benchmarks/quick/quick-m5.x
Execution time: 9.107836 (ms) 
Global frequency set at 1000000000000 ticks per second
src/mem/dram_interface.cc:690: warn: DRAM device capacity (16384 Mbytes) does not match the address range assigned (512 Mbytes)
src/mem/dram_interface.cc:690: warn: DRAM device capacity (16384 Mbytes) does not match the address range assigned (512 Mbytes)
src/base/statistics.hh:279: warn: One of the stats is a legacy stat. Legacy stat is a stat that does not belong to any statistics::Group. Legacy stat is deprecated.
board.remote_gdb: Listening for connections on port 7002
gem5 Simulator System.  https://www.gem5.org
gem5 is copyrighted software; use the --copyright option for details.

gem5 version 25.0.0.1
gem5 compiled May  5 2026 12:55:05
gem5 started Jun 29 2026 16:46:02
gem5 executing on cn21.guoehi.cluster, pid 923894
command line: /home/fdemirel/HPC_Lab_Proj/imp/../../gem5/build/ALL/gem5.opt -s --outdir=results_imp_stage3 --stdout-file=simple_triad_imp3_s32_sth2_l2_ddr4_2x_simout.txt --stderr-file=simple_triad_imp3_s32_sth2_l2_ddr4_2x_simerr.txt --stats-file=stats.txt -c 'from multiprocessing.spawn import spawn_main; spawn_main(tracker_fd=7, pipe_handle=15)' --multiprocessing-fork

src/sim/mem_state.cc:443: info: Increasing stack size by one page.
src/sim/syscall_emul.hh:1121: warn: readlink() called on '/proc/self/exe' may yield unexpected results in various settings.
      Returning '/home/fdemirel/HPC_Lab_Proj/benchmarks/simple_triad/simple_triad-m5.x'
----spmv----
N_ROWS          : 8192 
N_COLS          : 65536 
NNZ             : 524155 
Execution time: 6.013488 (ms) 
Global frequency set at 1000000000000 ticks per second
src/mem/dram_interface.cc:690: warn: DRAM device capacity (16384 Mbytes) does not match the address range assigned (1024 Mbytes)
src/base/statistics.hh:279: warn: One of the stats is a legacy stat. Legacy stat is a stat that does not belong to any statistics::Group. Legacy stat is deprecated.
board.remote_gdb: Listening for connections on port 7001
gem5 Simulator System.  https://www.gem5.org
gem5 is copyrighted software; use the --copyright option for details.

gem5 version 25.0.0.1
gem5 compiled May  5 2026 12:55:05
gem5 started Jun 29 2026 16:46:14
gem5 executing on cn21.guoehi.cluster, pid 923897
command line: /home/fdemirel/HPC_Lab_Proj/imp/../../gem5/build/ALL/gem5.opt -s --outdir=results_imp_stage3 --stdout-file=merge_imp3_s32_ipd16_addr16_l2_ddr4_1x_simout.txt --stderr-file=merge_imp3_s32_ipd16_addr16_l2_ddr4_1x_simerr.txt --stats-file=stats.txt -c 'from multiprocessing.spawn import spawn_main; spawn_main(tracker_fd=7, pipe_handle=13)' --multiprocessing-fork

src/sim/mem_state.cc:443: info: Increasing stack size by one page.
src/sim/syscall_emul.hh:1121: warn: readlink() called on '/proc/self/exe' may yield unexpected results in various settings.
      Returning '/home/fdemirel/HPC_Lab_Proj/benchmarks/merge/merge-m5.x'
src/arch/arm/insts/pseudo.cc:174: warn: 	instruction 'bti' unimplemented
Array SIZE      : 1000000 
Array LOOP      : 1 

----triad----
a[0]=7.00e+00. b[0]=2.00e+00. c[0]=1.00e+00.
Execution time: 1.752114 (ms) 
   Rate [MB/s]: 13697.7 
Global frequency set at 1000000000000 ticks per second
src/mem/dram_interface.cc:690: warn: DRAM device capacity (16384 Mbytes) does not match the address range assigned (512 Mbytes)
src/mem/dram_interface.cc:690: warn: DRAM device capacity (16384 Mbytes) does not match the address range assigned (512 Mbytes)
src/base/statistics.hh:279: warn: One of the stats is a legacy stat. Legacy stat is a stat that does not belong to any statistics::Group. Legacy stat is deprecated.
board.remote_gdb: Listening for connections on port 7002
gem5 Simulator System.  https://www.gem5.org
gem5 is copyrighted software; use the --copyright option for details.

gem5 version 25.0.0.1
gem5 compiled May  5 2026 12:55:05
gem5 started Jun 29 2026 16:47:42
gem5 executing on cn21.guoehi.cluster, pid 923902
command line: /home/fdemirel/HPC_Lab_Proj/imp/../../gem5/build/ALL/gem5.opt -s --outdir=results_imp_stage3 --stdout-file=spmv_imp3_s64_ipd16_addr16_l1d_ddr4_2x_simout.txt --stderr-file=spmv_imp3_s64_ipd16_addr16_l1d_ddr4_2x_simerr.txt --stats-file=stats.txt -c 'from multiprocessing.spawn import spawn_main; spawn_main(tracker_fd=7, pipe_handle=13)' --multiprocessing-fork

src/sim/mem_state.cc:443: info: Increasing stack size by one page.
src/sim/syscall_emul.hh:1121: warn: readlink() called on '/proc/self/exe' may yield unexpected results in various settings.
      Returning '/home/fdemirel/HPC_Lab_Proj/benchmarks/spmv/spmv-m5.x'
src/arch/arm/insts/pseudo.cc:174: warn: 	instruction 'bti' unimplemented
src/sim/mem_state.cc:443: info: Increasing stack size by one page.
src/sim/mem_state.cc:443: info: Increasing stack size by one page.
src/sim/mem_state.cc:443: info: Increasing stack size by one page.
src/sim/mem_state.cc:443: info: Increasing stack size by one page.
src/sim/mem_state.cc:443: info: Increasing stack size by one page.
src/sim/mem_state.cc:443: info: Increasing stack size by one page.
src/sim/mem_state.cc:443: info: Increasing stack size by one page.
Finished BFS.
Global frequency set at 1000000000000 ticks per second
src/mem/dram_interface.cc:690: warn: DRAM device capacity (16384 Mbytes) does not match the address range assigned (1024 Mbytes)
src/base/statistics.hh:279: warn: One of the stats is a legacy stat. Legacy stat is a stat that does not belong to any statistics::Group. Legacy stat is deprecated.
board.remote_gdb: Listening for connections on port 7000
gem5 Simulator System.  https://www.gem5.org
gem5 is copyrighted software; use the --copyright option for details.

gem5 version 25.0.0.1
gem5 compiled May  5 2026 12:55:05
gem5 started Jun 29 2026 16:48:02
gem5 executing on cn21.guoehi.cluster, pid 923905
command line: /home/fdemirel/HPC_Lab_Proj/imp/../../gem5/build/ALL/gem5.opt -s --outdir=results_imp_stage3 --stdout-file=simple_triad_imp3_s32_sth8_l1d_ddr4_1x_simout.txt --stderr-file=simple_triad_imp3_s32_sth8_l1d_ddr4_1x_simerr.txt --stats-file=stats.txt -c 'from multiprocessing.spawn import spawn_main; spawn_main(tracker_fd=7, pipe_handle=13)' --multiprocessing-fork

src/sim/mem_state.cc:443: info: Increasing stack size by one page.
src/sim/syscall_emul.hh:1121: warn: readlink() called on '/proc/self/exe' may yield unexpected results in various settings.
      Returning '/home/fdemirel/HPC_Lab_Proj/benchmarks/simple_triad/simple_triad-m5.x'
Array SIZE      : 1000000 
Array LOOP      : 1 

----triad----
a[0]=7.00e+00. b[0]=2.00e+00. c[0]=1.00e+00.
Execution time: 2.904991 (ms) 
   Rate [MB/s]: 8261.6 
Global frequency set at 1000000000000 ticks per second
src/mem/dram_interface.cc:690: warn: DRAM device capacity (16384 Mbytes) does not match the address range assigned (1024 Mbytes)
src/base/statistics.hh:279: warn: One of the stats is a legacy stat. Legacy stat is a stat that does not belong to any statistics::Group. Legacy stat is deprecated.
board.remote_gdb: Listening for connections on port 7000
gem5 Simulator System.  https://www.gem5.org
gem5 is copyrighted software; use the --copyright option for details.

gem5 version 25.0.0.1
gem5 compiled May  5 2026 12:55:05
gem5 started Jun 29 2026 16:49:48
gem5 executing on cn21.guoehi.cluster, pid 923911
command line: /home/fdemirel/HPC_Lab_Proj/imp/../../gem5/build/ALL/gem5.opt -s --outdir=results_imp_stage3 --stdout-file=matmult_imp3_s32_dist32_addr16_l2_ddr4_1x_simout.txt --stderr-file=matmult_imp3_s32_dist32_addr16_l2_ddr4_1x_simerr.txt --stats-file=stats.txt -c 'from multiprocessing.spawn import spawn_main; spawn_main(tracker_fd=7, pipe_handle=13)' --multiprocessing-fork

src/sim/mem_state.cc:443: info: Increasing stack size by one page.
src/sim/syscall_emul.hh:1121: warn: readlink() called on '/proc/self/exe' may yield unexpected results in various settings.
      Returning '/home/fdemirel/HPC_Lab_Proj/benchmarks/matmult/matmult-m5.x'
src/arch/arm/insts/pseudo.cc:174: warn: 	instruction 'bti' unimplemented
----spmv----
N_ROWS          : 8192 
N_COLS          : 65536 
NNZ             : 524155 
Execution time: 5.397428 (ms) 
Global frequency set at 1000000000000 ticks per second
src/mem/dram_interface.cc:690: warn: DRAM device capacity (16384 Mbytes) does not match the address range assigned (512 Mbytes)
src/mem/dram_interface.cc:690: warn: DRAM device capacity (16384 Mbytes) does not match the address range assigned (512 Mbytes)
src/base/statistics.hh:279: warn: One of the stats is a legacy stat. Legacy stat is a stat that does not belong to any statistics::Group. Legacy stat is deprecated.
board.remote_gdb: Listening for connections on port 7002
gem5 Simulator System.  https://www.gem5.org
gem5 is copyrighted software; use the --copyright option for details.

gem5 version 25.0.0.1
gem5 compiled May  5 2026 12:55:05
gem5 started Jun 29 2026 16:50:21
gem5 executing on cn21.guoehi.cluster, pid 923919
command line: /home/fdemirel/HPC_Lab_Proj/imp/../../gem5/build/ALL/gem5.opt -s --outdir=results_imp_stage3 --stdout-file=matmult_imp3_s32_ipd8_addr8_l2_ddr4_2x_simout.txt --stderr-file=matmult_imp3_s32_ipd8_addr8_l2_ddr4_2x_simerr.txt --stats-file=stats.txt -c 'from multiprocessing.spawn import spawn_main; spawn_main(tracker_fd=7, pipe_handle=13)' --multiprocessing-fork

src/sim/mem_state.cc:443: info: Increasing stack size by one page.
src/sim/syscall_emul.hh:1121: warn: readlink() called on '/proc/self/exe' may yield unexpected results in various settings.
      Returning '/home/fdemirel/HPC_Lab_Proj/benchmarks/matmult/matmult-m5.x'
src/arch/arm/insts/pseudo.cc:174: warn: 	instruction 'bti' unimplemented

----MATRIX MULTIPLICATION----

----Computation starts----
Loop 0 ... 
argc = 2, A[argc][argc] = 0.500000, B[argc][argc] = 0.500000, C[argc][argc] = 0.500000 
Execution time: 1.196792 (ms) 
Global frequency set at 1000000000000 ticks per second
src/mem/dram_interface.cc:690: warn: DRAM device capacity (16384 Mbytes) does not match the address range assigned (512 Mbytes)
src/mem/dram_interface.cc:690: warn: DRAM device capacity (16384 Mbytes) does not match the address range assigned (512 Mbytes)
src/base/statistics.hh:279: warn: One of the stats is a legacy stat. Legacy stat is a stat that does not belong to any statistics::Group. Legacy stat is deprecated.
board.remote_gdb: Listening for connections on port 7000
gem5 Simulator System.  https://www.gem5.org
gem5 is copyrighted software; use the --copyright option for details.

gem5 version 25.0.0.1
gem5 compiled May  5 2026 12:55:05
gem5 started Jun 29 2026 16:50:46
gem5 executing on cn21.guoehi.cluster, pid 923922
command line: /home/fdemirel/HPC_Lab_Proj/imp/../../gem5/build/ALL/gem5.opt -s --outdir=results_imp_stage3 --stdout-file=quick_imp3_s32_ipd16_addr16_l1d_ddr4_2x_simout.txt --stderr-file=quick_imp3_s32_ipd16_addr16_l1d_ddr4_2x_simerr.txt --stats-file=stats.txt -c 'from multiprocessing.spawn import spawn_main; spawn_main(tracker_fd=7, pipe_handle=13)' --multiprocessing-fork

src/sim/mem_state.cc:443: info: Increasing stack size by one page.
src/sim/syscall_emul.hh:1121: warn: readlink() called on '/proc/self/exe' may yield unexpected results in various settings.
      Returning '/home/fdemirel/HPC_Lab_Proj/benchmarks/quick/quick-m5.x'
src/arch/arm/insts/pseudo.cc:174: warn: 	instruction 'bti' unimplemented

----merge----
Execution time: 10.140762 (ms) 
random_elem:0, /home/fdemirel/HPC_Lab_Proj/benchmarks/merge/merge-m5.x
Finished BFS.
Global frequency set at 1000000000000 ticks per second
src/mem/dram_interface.cc:690: warn: DRAM device capacity (16384 Mbytes) does not match the address range assigned (1024 Mbytes)
src/base/statistics.hh:279: warn: One of the stats is a legacy stat. Legacy stat is a stat that does not belong to any statistics::Group. Legacy stat is deprecated.
board.remote_gdb: Listening for connections on port 7001
gem5 Simulator System.  https://www.gem5.org
gem5 is copyrighted software; use the --copyright option for details.

gem5 version 25.0.0.1
gem5 compiled May  5 2026 12:55:05
gem5 started Jun 29 2026 16:51:05
gem5 executing on cn21.guoehi.cluster, pid 923925
command line: /home/fdemirel/HPC_Lab_Proj/imp/../../gem5/build/ALL/gem5.opt -s --outdir=results_imp_stage3 --stdout-file=spmv_imp3_s32_sth8_l2_ddr4_1x_simout.txt --stderr-file=spmv_imp3_s32_sth8_l2_ddr4_1x_simerr.txt --stats-file=stats.txt -c 'from multiprocessing.spawn import spawn_main; spawn_main(tracker_fd=7, pipe_handle=13)' --multiprocessing-fork

src/sim/mem_state.cc:443: info: Increasing stack size by one page.
src/sim/syscall_emul.hh:1121: warn: readlink() called on '/proc/self/exe' may yield unexpected results in various settings.
      Returning '/home/fdemirel/HPC_Lab_Proj/benchmarks/spmv/spmv-m5.x'
src/arch/arm/insts/pseudo.cc:174: warn: 	instruction 'bti' unimplemented
src/sim/mem_state.cc:443: info: Increasing stack size by one page.
src/sim/mem_state.cc:443: info: Increasing stack size by one page.
src/sim/mem_state.cc:443: info: Increasing stack size by one page.
src/sim/mem_state.cc:443: info: Increasing stack size by one page.
src/sim/mem_state.cc:443: info: Increasing stack size by one page.
src/sim/mem_state.cc:443: info: Increasing stack size by one page.
src/sim/mem_state.cc:443: info: Increasing stack size by one page.
Global frequency set at 1000000000000 ticks per second
src/mem/dram_interface.cc:690: warn: DRAM device capacity (16384 Mbytes) does not match the address range assigned (1024 Mbytes)
src/base/statistics.hh:279: warn: One of the stats is a legacy stat. Legacy stat is a stat that does not belong to any statistics::Group. Legacy stat is deprecated.
board.remote_gdb: Listening for connections on port 7003
gem5 Simulator System.  https://www.gem5.org
gem5 is copyrighted software; use the --copyright option for details.

gem5 version 25.0.0.1
gem5 compiled May  5 2026 12:55:05
gem5 started Jun 29 2026 16:51:11
gem5 executing on cn21.guoehi.cluster, pid 923926
command line: /home/fdemirel/HPC_Lab_Proj/imp/../../gem5/build/ALL/gem5.opt -s --outdir=results_imp_stage3 --stdout-file=bfs_imp3_s64_sth2_pt8_l1d_ddr4_1x_simout.txt --stderr-file=bfs_imp3_s64_sth2_pt8_l1d_ddr4_1x_simerr.txt --stats-file=stats.txt -c 'from multiprocessing.spawn import spawn_main; spawn_main(tracker_fd=7, pipe_handle=13)' --multiprocessing-fork

src/sim/mem_state.cc:443: info: Increasing stack size by one page.
src/sim/syscall_emul.hh:1121: warn: readlink() called on '/proc/self/exe' may yield unexpected results in various settings.
      Returning '/home/fdemirel/HPC_Lab_Proj/benchmarks/bfs/bfs-m5.x'
src/arch/arm/insts/pseudo.cc:174: warn: 	instruction 'bti' unimplemented
Beginning BFS ...

----MATRIX MULTIPLICATION----

----Computation starts----
Loop 0 ... 
argc = 2, A[argc][argc] = 0.500000, B[argc][argc] = 0.500000, C[argc][argc] = 0.500000 
Execution time: 1.195957 (ms) 
Global frequency set at 1000000000000 ticks per second
src/mem/dram_interface.cc:690: warn: DRAM device capacity (16384 Mbytes) does not match the address range assigned (512 Mbytes)
src/mem/dram_interface.cc:690: warn: DRAM device capacity (16384 Mbytes) does not match the address range assigned (512 Mbytes)
src/base/statistics.hh:279: warn: One of the stats is a legacy stat. Legacy stat is a stat that does not belong to any statistics::Group. Legacy stat is deprecated.
board.remote_gdb: Listening for connections on port 7002
gem5 Simulator System.  https://www.gem5.org
gem5 is copyrighted software; use the --copyright option for details.

gem5 version 25.0.0.1
gem5 compiled May  5 2026 12:55:05
gem5 started Jun 29 2026 16:51:21
gem5 executing on cn21.guoehi.cluster, pid 923931
command line: /home/fdemirel/HPC_Lab_Proj/imp/../../gem5/build/ALL/gem5.opt -s --outdir=results_imp_stage3 --stdout-file=simple_triad_imp3_s32_sth2_pt8_l2_ddr4_2x_simout.txt --stderr-file=simple_triad_imp3_s32_sth2_pt8_l2_ddr4_2x_simerr.txt --stats-file=stats.txt -c 'from multiprocessing.spawn import spawn_main; spawn_main(tracker_fd=7, pipe_handle=13)' --multiprocessing-fork

src/sim/mem_state.cc:443: info: Increasing stack size by one page.
src/sim/syscall_emul.hh:1121: warn: readlink() called on '/proc/self/exe' may yield unexpected results in various settings.
      Returning '/home/fdemirel/HPC_Lab_Proj/benchmarks/simple_triad/simple_triad-m5.x'
----spmv----
N_ROWS          : 8192 
N_COLS          : 65536 
NNZ             : 524155 
Execution time: 5.967270 (ms) 
Array SIZE      : 1000000 
Array LOOP      : 1 

----triad----
a[0]=7.00e+00. b[0]=2.00e+00. c[0]=1.00e+00.
Execution time: 1.752114 (ms) 
   Rate [MB/s]: 13697.7 
Global frequency set at 1000000000000 ticks per second
src/mem/dram_interface.cc:690: warn: DRAM device capacity (16384 Mbytes) does not match the address range assigned (1024 Mbytes)
src/base/statistics.hh:279: warn: One of the stats is a legacy stat. Legacy stat is a stat that does not belong to any statistics::Group. Legacy stat is deprecated.
board.remote_gdb: Listening for connections on port 7001
gem5 Simulator System.  https://www.gem5.org
gem5 is copyrighted software; use the --copyright option for details.

gem5 version 25.0.0.1
gem5 compiled May  5 2026 12:55:05
gem5 started Jun 29 2026 16:52:55
gem5 executing on cn21.guoehi.cluster, pid 923938
command line: /home/fdemirel/HPC_Lab_Proj/imp/../../gem5/build/ALL/gem5.opt -s --outdir=results_imp_stage3 --stdout-file=merge_imp3_s64_ipd8_addr8_l2_ddr4_1x_simout.txt --stderr-file=merge_imp3_s64_ipd8_addr8_l2_ddr4_1x_simerr.txt --stats-file=stats.txt -c 'from multiprocessing.spawn import spawn_main; spawn_main(tracker_fd=7, pipe_handle=13)' --multiprocessing-fork

src/sim/mem_state.cc:443: info: Increasing stack size by one page.
src/sim/syscall_emul.hh:1121: warn: readlink() called on '/proc/self/exe' may yield unexpected results in various settings.
      Returning '/home/fdemirel/HPC_Lab_Proj/benchmarks/merge/merge-m5.x'
src/arch/arm/insts/pseudo.cc:174: warn: 	instruction 'bti' unimplemented
Global frequency set at 1000000000000 ticks per second
src/mem/dram_interface.cc:690: warn: DRAM device capacity (16384 Mbytes) does not match the address range assigned (512 Mbytes)
src/mem/dram_interface.cc:690: warn: DRAM device capacity (16384 Mbytes) does not match the address range assigned (512 Mbytes)
src/base/statistics.hh:279: warn: One of the stats is a legacy stat. Legacy stat is a stat that does not belong to any statistics::Group. Legacy stat is deprecated.
board.remote_gdb: Listening for connections on port 7002
gem5 Simulator System.  https://www.gem5.org
gem5 is copyrighted software; use the --copyright option for details.

gem5 version 25.0.0.1
gem5 compiled May  5 2026 12:55:05
gem5 started Jun 29 2026 16:53:01
gem5 executing on cn21.guoehi.cluster, pid 923939
command line: /home/fdemirel/HPC_Lab_Proj/imp/../../gem5/build/ALL/gem5.opt -s --outdir=results_imp_stage3 --stdout-file=bfs_imp3_s64_sth2_pt8_l1d_ddr4_2x_simout.txt --stderr-file=bfs_imp3_s64_sth2_pt8_l1d_ddr4_2x_simerr.txt --stats-file=stats.txt -c 'from multiprocessing.spawn import spawn_main; spawn_main(tracker_fd=7, pipe_handle=13)' --multiprocessing-fork

src/sim/mem_state.cc:443: info: Increasing stack size by one page.
src/sim/syscall_emul.hh:1121: warn: readlink() called on '/proc/self/exe' may yield unexpected results in various settings.
      Returning '/home/fdemirel/HPC_Lab_Proj/benchmarks/bfs/bfs-m5.x'
src/arch/arm/insts/pseudo.cc:174: warn: 	instruction 'bti' unimplemented
Beginning BFS ...
----quick sort----
Array SIZE      : 131072 
random_elem:0, /home/fdemirel/HPC_Lab_Proj/benchmarks/quick/quick-m5.x
Execution time: 8.378687 (ms) 
Global frequency set at 1000000000000 ticks per second
src/mem/dram_interface.cc:690: warn: DRAM device capacity (16384 Mbytes) does not match the address range assigned (1024 Mbytes)
src/base/statistics.hh:279: warn: One of the stats is a legacy stat. Legacy stat is a stat that does not belong to any statistics::Group. Legacy stat is deprecated.
board.remote_gdb: Listening for connections on port 7000
gem5 Simulator System.  https://www.gem5.org
gem5 is copyrighted software; use the --copyright option for details.

gem5 version 25.0.0.1
gem5 compiled May  5 2026 12:55:05
gem5 started Jun 29 2026 16:54:43
gem5 executing on cn21.guoehi.cluster, pid 923946
command line: /home/fdemirel/HPC_Lab_Proj/imp/../../gem5/build/ALL/gem5.opt -s --outdir=results_imp_stage3 --stdout-file=simple_triad_imp3_s64_sth8_pt8_l1d_ddr4_1x_simout.txt --stderr-file=simple_triad_imp3_s64_sth8_pt8_l1d_ddr4_1x_simerr.txt --stats-file=stats.txt -c 'from multiprocessing.spawn import spawn_main; spawn_main(tracker_fd=7, pipe_handle=13)' --multiprocessing-fork

src/sim/mem_state.cc:443: info: Increasing stack size by one page.
src/sim/syscall_emul.hh:1121: warn: readlink() called on '/proc/self/exe' may yield unexpected results in various settings.
      Returning '/home/fdemirel/HPC_Lab_Proj/benchmarks/simple_triad/simple_triad-m5.x'
Array SIZE      : 1000000 
Array LOOP      : 1 

----triad----
a[0]=7.00e+00. b[0]=2.00e+00. c[0]=1.00e+00.
Execution time: 2.861943 (ms) 
   Rate [MB/s]: 8385.9 
Global frequency set at 1000000000000 ticks per second
src/mem/dram_interface.cc:690: warn: DRAM device capacity (16384 Mbytes) does not match the address range assigned (1024 Mbytes)
src/base/statistics.hh:279: warn: One of the stats is a legacy stat. Legacy stat is a stat that does not belong to any statistics::Group. Legacy stat is deprecated.
board.remote_gdb: Listening for connections on port 7000
gem5 Simulator System.  https://www.gem5.org
gem5 is copyrighted software; use the --copyright option for details.

gem5 version 25.0.0.1
gem5 compiled May  5 2026 12:55:05
gem5 started Jun 29 2026 16:56:30
gem5 executing on cn21.guoehi.cluster, pid 923953
command line: /home/fdemirel/HPC_Lab_Proj/imp/../../gem5/build/ALL/gem5.opt -s --outdir=results_imp_stage3 --stdout-file=matmult_imp3_s64_ipd16_addr16_l2_ddr4_1x_simout.txt --stderr-file=matmult_imp3_s64_ipd16_addr16_l2_ddr4_1x_simerr.txt --stats-file=stats.txt -c 'from multiprocessing.spawn import spawn_main; spawn_main(tracker_fd=7, pipe_handle=13)' --multiprocessing-fork

src/sim/mem_state.cc:443: info: Increasing stack size by one page.
src/sim/syscall_emul.hh:1121: warn: readlink() called on '/proc/self/exe' may yield unexpected results in various settings.
      Returning '/home/fdemirel/HPC_Lab_Proj/benchmarks/matmult/matmult-m5.x'
src/arch/arm/insts/pseudo.cc:174: warn: 	instruction 'bti' unimplemented

----MATRIX MULTIPLICATION----

----Computation starts----
Loop 0 ... 
argc = 2, A[argc][argc] = 0.500000, B[argc][argc] = 0.500000, C[argc][argc] = 0.500000 
Execution time: 1.233383 (ms) 
Global frequency set at 1000000000000 ticks per second
src/mem/dram_interface.cc:690: warn: DRAM device capacity (16384 Mbytes) does not match the address range assigned (512 Mbytes)
src/mem/dram_interface.cc:690: warn: DRAM device capacity (16384 Mbytes) does not match the address range assigned (512 Mbytes)
src/base/statistics.hh:279: warn: One of the stats is a legacy stat. Legacy stat is a stat that does not belong to any statistics::Group. Legacy stat is deprecated.
board.remote_gdb: Listening for connections on port 7000
gem5 Simulator System.  https://www.gem5.org
gem5 is copyrighted software; use the --copyright option for details.

gem5 version 25.0.0.1
gem5 compiled May  5 2026 12:55:05
gem5 started Jun 29 2026 16:57:28
gem5 executing on cn21.guoehi.cluster, pid 923958
command line: /home/fdemirel/HPC_Lab_Proj/imp/../../gem5/build/ALL/gem5.opt -s --outdir=results_imp_stage3 --stdout-file=matmult_imp3_s32_sth2_l1d_ddr4_2x_simout.txt --stderr-file=matmult_imp3_s32_sth2_l1d_ddr4_2x_simerr.txt --stats-file=stats.txt -c 'from multiprocessing.spawn import spawn_main; spawn_main(tracker_fd=7, pipe_handle=13)' --multiprocessing-fork

src/sim/mem_state.cc:443: info: Increasing stack size by one page.
src/sim/syscall_emul.hh:1121: warn: readlink() called on '/proc/self/exe' may yield unexpected results in various settings.
      Returning '/home/fdemirel/HPC_Lab_Proj/benchmarks/matmult/matmult-m5.x'
src/arch/arm/insts/pseudo.cc:174: warn: 	instruction 'bti' unimplemented

----merge----
Execution time: 10.561265 (ms) 
random_elem:0, /home/fdemirel/HPC_Lab_Proj/benchmarks/merge/merge-m5.x
Global frequency set at 1000000000000 ticks per second
src/mem/dram_interface.cc:690: warn: DRAM device capacity (16384 Mbytes) does not match the address range assigned (1024 Mbytes)
src/base/statistics.hh:279: warn: One of the stats is a legacy stat. Legacy stat is a stat that does not belong to any statistics::Group. Legacy stat is deprecated.
board.remote_gdb: Listening for connections on port 7001
gem5 Simulator System.  https://www.gem5.org
gem5 is copyrighted software; use the --copyright option for details.

gem5 version 25.0.0.1
gem5 compiled May  5 2026 12:55:05
gem5 started Jun 29 2026 16:57:54
gem5 executing on cn21.guoehi.cluster, pid 923962
command line: /home/fdemirel/HPC_Lab_Proj/imp/../../gem5/build/ALL/gem5.opt -s --outdir=results_imp_stage3 --stdout-file=bfs_imp3_s32_ipd8_addr8_l2_ddr4_1x_simout.txt --stderr-file=bfs_imp3_s32_ipd8_addr8_l2_ddr4_1x_simerr.txt --stats-file=stats.txt -c 'from multiprocessing.spawn import spawn_main; spawn_main(tracker_fd=7, pipe_handle=13)' --multiprocessing-fork

src/sim/mem_state.cc:443: info: Increasing stack size by one page.
src/sim/syscall_emul.hh:1121: warn: readlink() called on '/proc/self/exe' may yield unexpected results in various settings.
      Returning '/home/fdemirel/HPC_Lab_Proj/benchmarks/bfs/bfs-m5.x'
src/arch/arm/insts/pseudo.cc:174: warn: 	instruction 'bti' unimplemented
Beginning BFS ...

----MATRIX MULTIPLICATION----

----Computation starts----
Loop 0 ... 
argc = 2, A[argc][argc] = 0.500000, B[argc][argc] = 0.500000, C[argc][argc] = 0.500000 
Execution time: 1.213814 (ms) 
Global frequency set at 1000000000000 ticks per second
src/mem/dram_interface.cc:690: warn: DRAM device capacity (16384 Mbytes) does not match the address range assigned (1024 Mbytes)
src/base/statistics.hh:279: warn: One of the stats is a legacy stat. Legacy stat is a stat that does not belong to any statistics::Group. Legacy stat is deprecated.
board.remote_gdb: Listening for connections on port 7000
gem5 Simulator System.  https://www.gem5.org
gem5 is copyrighted software; use the --copyright option for details.

gem5 version 25.0.0.1
gem5 compiled May  5 2026 12:55:05
gem5 started Jun 29 2026 16:58:34
gem5 executing on cn21.guoehi.cluster, pid 923965
command line: /home/fdemirel/HPC_Lab_Proj/imp/../../gem5/build/ALL/gem5.opt -s --outdir=results_imp_stage3 --stdout-file=quick_imp3_s32_sth8_pt8_l1d_ddr4_1x_simout.txt --stderr-file=quick_imp3_s32_sth8_pt8_l1d_ddr4_1x_simerr.txt --stats-file=stats.txt -c 'from multiprocessing.spawn import spawn_main; spawn_main(tracker_fd=7, pipe_handle=13)' --multiprocessing-fork

src/sim/mem_state.cc:443: info: Increasing stack size by one page.
src/sim/syscall_emul.hh:1121: warn: readlink() called on '/proc/self/exe' may yield unexpected results in various settings.
      Returning '/home/fdemirel/HPC_Lab_Proj/benchmarks/quick/quick-m5.x'
src/arch/arm/insts/pseudo.cc:174: warn: 	instruction 'bti' unimplemented
Finished BFS.
Global frequency set at 1000000000000 ticks per second
src/mem/dram_interface.cc:690: warn: DRAM device capacity (16384 Mbytes) does not match the address range assigned (512 Mbytes)
src/mem/dram_interface.cc:690: warn: DRAM device capacity (16384 Mbytes) does not match the address range assigned (512 Mbytes)
src/base/statistics.hh:279: warn: One of the stats is a legacy stat. Legacy stat is a stat that does not belong to any statistics::Group. Legacy stat is deprecated.
board.remote_gdb: Listening for connections on port 7003
gem5 Simulator System.  https://www.gem5.org
gem5 is copyrighted software; use the --copyright option for details.

gem5 version 25.0.0.1
gem5 compiled May  5 2026 12:55:05
gem5 started Jun 29 2026 16:58:49
gem5 executing on cn21.guoehi.cluster, pid 923971
command line: /home/fdemirel/HPC_Lab_Proj/imp/../../gem5/build/ALL/gem5.opt -s --outdir=results_imp_stage3 --stdout-file=matmult_imp3_s64_dist8_addr16_l2_ddr4_2x_simout.txt --stderr-file=matmult_imp3_s64_dist8_addr16_l2_ddr4_2x_simerr.txt --stats-file=stats.txt -c 'from multiprocessing.spawn import spawn_main; spawn_main(tracker_fd=7, pipe_handle=13)' --multiprocessing-fork

src/sim/mem_state.cc:443: info: Increasing stack size by one page.
src/sim/syscall_emul.hh:1121: warn: readlink() called on '/proc/self/exe' may yield unexpected results in various settings.
      Returning '/home/fdemirel/HPC_Lab_Proj/benchmarks/matmult/matmult-m5.x'
src/arch/arm/insts/pseudo.cc:174: warn: 	instruction 'bti' unimplemented

----MATRIX MULTIPLICATION----

----Computation starts----
Loop 0 ... 
argc = 2, A[argc][argc] = 0.500000, B[argc][argc] = 0.500000, C[argc][argc] = 0.500000 
Execution time: 1.228445 (ms) 
Global frequency set at 1000000000000 ticks per second
src/mem/dram_interface.cc:690: warn: DRAM device capacity (16384 Mbytes) does not match the address range assigned (1024 Mbytes)
src/base/statistics.hh:279: warn: One of the stats is a legacy stat. Legacy stat is a stat that does not belong to any statistics::Group. Legacy stat is deprecated.
board.remote_gdb: Listening for connections on port 7003
gem5 Simulator System.  https://www.gem5.org
gem5 is copyrighted software; use the --copyright option for details.

gem5 version 25.0.0.1
gem5 compiled May  5 2026 12:55:05
gem5 started Jun 29 2026 16:59:46
gem5 executing on cn21.guoehi.cluster, pid 923975
command line: /home/fdemirel/HPC_Lab_Proj/imp/../../gem5/build/ALL/gem5.opt -s --outdir=results_imp_stage3 --stdout-file=spmv_imp3_s64_sth8_pt8_l2_ddr4_1x_simout.txt --stderr-file=spmv_imp3_s64_sth8_pt8_l2_ddr4_1x_simerr.txt --stats-file=stats.txt -c 'from multiprocessing.spawn import spawn_main; spawn_main(tracker_fd=7, pipe_handle=13)' --multiprocessing-fork

src/sim/mem_state.cc:443: info: Increasing stack size by one page.
src/sim/syscall_emul.hh:1121: warn: readlink() called on '/proc/self/exe' may yield unexpected results in various settings.
      Returning '/home/fdemirel/HPC_Lab_Proj/benchmarks/spmv/spmv-m5.x'
src/arch/arm/insts/pseudo.cc:174: warn: 	instruction 'bti' unimplemented
src/sim/mem_state.cc:443: info: Increasing stack size by one page.
src/sim/mem_state.cc:443: info: Increasing stack size by one page.
src/sim/mem_state.cc:443: info: Increasing stack size by one page.
src/sim/mem_state.cc:443: info: Increasing stack size by one page.
src/sim/mem_state.cc:443: info: Increasing stack size by one page.
src/sim/mem_state.cc:443: info: Increasing stack size by one page.
src/sim/mem_state.cc:443: info: Increasing stack size by one page.
Finished BFS.
Global frequency set at 1000000000000 ticks per second
src/mem/dram_interface.cc:690: warn: DRAM device capacity (16384 Mbytes) does not match the address range assigned (512 Mbytes)
src/mem/dram_interface.cc:690: warn: DRAM device capacity (16384 Mbytes) does not match the address range assigned (512 Mbytes)
src/base/statistics.hh:279: warn: One of the stats is a legacy stat. Legacy stat is a stat that does not belong to any statistics::Group. Legacy stat is deprecated.
board.remote_gdb: Listening for connections on port 7002
gem5 Simulator System.  https://www.gem5.org
gem5 is copyrighted software; use the --copyright option for details.

gem5 version 25.0.0.1
gem5 compiled May  5 2026 12:55:05
gem5 started Jun 29 2026 17:00:30
gem5 executing on cn21.guoehi.cluster, pid 923981
command line: /home/fdemirel/HPC_Lab_Proj/imp/../../gem5/build/ALL/gem5.opt -s --outdir=results_imp_stage3 --stdout-file=quick_imp3_s64_dist32_addr16_l1d_ddr4_2x_simout.txt --stderr-file=quick_imp3_s64_dist32_addr16_l1d_ddr4_2x_simerr.txt --stats-file=stats.txt -c 'from multiprocessing.spawn import spawn_main; spawn_main(tracker_fd=7, pipe_handle=13)' --multiprocessing-fork

src/sim/mem_state.cc:443: info: Increasing stack size by one page.
src/sim/syscall_emul.hh:1121: warn: readlink() called on '/proc/self/exe' may yield unexpected results in various settings.
      Returning '/home/fdemirel/HPC_Lab_Proj/benchmarks/quick/quick-m5.x'
src/arch/arm/insts/pseudo.cc:174: warn: 	instruction 'bti' unimplemented
----spmv----
N_ROWS          : 8192 
N_COLS          : 65536 
NNZ             : 524155 
Execution time: 7.960384 (ms) 
Global frequency set at 1000000000000 ticks per second
src/mem/dram_interface.cc:690: warn: DRAM device capacity (16384 Mbytes) does not match the address range assigned (1024 Mbytes)
src/base/statistics.hh:279: warn: One of the stats is a legacy stat. Legacy stat is a stat that does not belong to any statistics::Group. Legacy stat is deprecated.
board.remote_gdb: Listening for connections on port 7003
gem5 Simulator System.  https://www.gem5.org
gem5 is copyrighted software; use the --copyright option for details.

gem5 version 25.0.0.1
gem5 compiled May  5 2026 12:55:05
gem5 started Jun 29 2026 17:01:51
gem5 executing on cn21.guoehi.cluster, pid 923988
command line: /home/fdemirel/HPC_Lab_Proj/imp/../../gem5/build/ALL/gem5.opt -s --outdir=results_imp_stage3 --stdout-file=simple_triad_imp3_s64_l2_ddr4_1x_simout.txt --stderr-file=simple_triad_imp3_s64_l2_ddr4_1x_simerr.txt --stats-file=stats.txt -c 'from multiprocessing.spawn import spawn_main; spawn_main(tracker_fd=7, pipe_handle=13)' --multiprocessing-fork

src/sim/mem_state.cc:443: info: Increasing stack size by one page.
src/sim/syscall_emul.hh:1121: warn: readlink() called on '/proc/self/exe' may yield unexpected results in various settings.
      Returning '/home/fdemirel/HPC_Lab_Proj/benchmarks/simple_triad/simple_triad-m5.x'
----quick sort----
Array SIZE      : 131072 
random_elem:0, /home/fdemirel/HPC_Lab_Proj/benchmarks/quick/quick-m5.x
Execution time: 8.414143 (ms) 
Global frequency set at 1000000000000 ticks per second
src/mem/dram_interface.cc:690: warn: DRAM device capacity (16384 Mbytes) does not match the address range assigned (1024 Mbytes)
src/base/statistics.hh:279: warn: One of the stats is a legacy stat. Legacy stat is a stat that does not belong to any statistics::Group. Legacy stat is deprecated.
board.remote_gdb: Listening for connections on port 7000
gem5 Simulator System.  https://www.gem5.org
gem5 is copyrighted software; use the --copyright option for details.

gem5 version 25.0.0.1
gem5 compiled May  5 2026 12:55:05
gem5 started Jun 29 2026 17:02:22
gem5 executing on cn21.guoehi.cluster, pid 923992
command line: /home/fdemirel/HPC_Lab_Proj/imp/../../gem5/build/ALL/gem5.opt -s --outdir=results_imp_stage3 --stdout-file=merge_imp3_s32_dist8_addr16_l1d_ddr4_1x_simout.txt --stderr-file=merge_imp3_s32_dist8_addr16_l1d_ddr4_1x_simerr.txt --stats-file=stats.txt -c 'from multiprocessing.spawn import spawn_main; spawn_main(tracker_fd=7, pipe_handle=13)' --multiprocessing-fork

src/sim/mem_state.cc:443: info: Increasing stack size by one page.
src/sim/syscall_emul.hh:1121: warn: readlink() called on '/proc/self/exe' may yield unexpected results in various settings.
      Returning '/home/fdemirel/HPC_Lab_Proj/benchmarks/merge/merge-m5.x'
src/arch/arm/insts/pseudo.cc:174: warn: 	instruction 'bti' unimplemented
Array SIZE      : 1000000 
Array LOOP      : 1 

----triad----
a[0]=7.00e+00. b[0]=2.00e+00. c[0]=1.00e+00.
Execution time: 2.956125 (ms) 
   Rate [MB/s]: 8118.7 
Global frequency set at 1000000000000 ticks per second
src/mem/dram_interface.cc:690: warn: DRAM device capacity (16384 Mbytes) does not match the address range assigned (512 Mbytes)
src/mem/dram_interface.cc:690: warn: DRAM device capacity (16384 Mbytes) does not match the address range assigned (512 Mbytes)
src/base/statistics.hh:279: warn: One of the stats is a legacy stat. Legacy stat is a stat that does not belong to any statistics::Group. Legacy stat is deprecated.
board.remote_gdb: Listening for connections on port 7003
gem5 Simulator System.  https://www.gem5.org
gem5 is copyrighted software; use the --copyright option for details.

gem5 version 25.0.0.1
gem5 compiled May  5 2026 12:55:05
gem5 started Jun 29 2026 17:03:36
gem5 executing on cn21.guoehi.cluster, pid 924000
command line: /home/fdemirel/HPC_Lab_Proj/imp/../../gem5/build/ALL/gem5.opt -s --outdir=results_imp_stage3 --stdout-file=simple_triad_imp3_s64_sth2_dist32_ipd16_l2_ddr4_2x_simout.txt --stderr-file=simple_triad_imp3_s64_sth2_dist32_ipd16_l2_ddr4_2x_simerr.txt --stats-file=stats.txt -c 'from multiprocessing.spawn import spawn_main; spawn_main(tracker_fd=7, pipe_handle=13)' --multiprocessing-fork

src/sim/mem_state.cc:443: info: Increasing stack size by one page.
src/sim/syscall_emul.hh:1121: warn: readlink() called on '/proc/self/exe' may yield unexpected results in various settings.
      Returning '/home/fdemirel/HPC_Lab_Proj/benchmarks/simple_triad/simple_triad-m5.x'
Finished BFS.
Global frequency set at 1000000000000 ticks per second
src/mem/dram_interface.cc:690: warn: DRAM device capacity (16384 Mbytes) does not match the address range assigned (512 Mbytes)
src/mem/dram_interface.cc:690: warn: DRAM device capacity (16384 Mbytes) does not match the address range assigned (512 Mbytes)
src/base/statistics.hh:279: warn: One of the stats is a legacy stat. Legacy stat is a stat that does not belong to any statistics::Group. Legacy stat is deprecated.
board.remote_gdb: Listening for connections on port 7001
gem5 Simulator System.  https://www.gem5.org
gem5 is copyrighted software; use the --copyright option for details.

gem5 version 25.0.0.1
gem5 compiled May  5 2026 12:55:05
gem5 started Jun 29 2026 17:04:20
gem5 executing on cn21.guoehi.cluster, pid 924003
command line: /home/fdemirel/HPC_Lab_Proj/imp/../../gem5/build/ALL/gem5.opt -s --outdir=results_imp_stage3 --stdout-file=matmult_imp3_s32_sth2_pt8_l1d_ddr4_2x_simout.txt --stderr-file=matmult_imp3_s32_sth2_pt8_l1d_ddr4_2x_simerr.txt --stats-file=stats.txt -c 'from multiprocessing.spawn import spawn_main; spawn_main(tracker_fd=7, pipe_handle=13)' --multiprocessing-fork

src/sim/mem_state.cc:443: info: Increasing stack size by one page.
src/sim/syscall_emul.hh:1121: warn: readlink() called on '/proc/self/exe' may yield unexpected results in various settings.
      Returning '/home/fdemirel/HPC_Lab_Proj/benchmarks/matmult/matmult-m5.x'
src/arch/arm/insts/pseudo.cc:174: warn: 	instruction 'bti' unimplemented
----quick sort----
Array SIZE      : 131072 
random_elem:0, /home/fdemirel/HPC_Lab_Proj/benchmarks/quick/quick-m5.x
Execution time: 8.519943 (ms) 
Global frequency set at 1000000000000 ticks per second
src/mem/dram_interface.cc:690: warn: DRAM device capacity (16384 Mbytes) does not match the address range assigned (1024 Mbytes)
src/base/statistics.hh:279: warn: One of the stats is a legacy stat. Legacy stat is a stat that does not belong to any statistics::Group. Legacy stat is deprecated.
board.remote_gdb: Listening for connections on port 7002
gem5 Simulator System.  https://www.gem5.org
gem5 is copyrighted software; use the --copyright option for details.

gem5 version 25.0.0.1
gem5 compiled May  5 2026 12:55:05
gem5 started Jun 29 2026 17:04:32
gem5 executing on cn21.guoehi.cluster, pid 924006
command line: /home/fdemirel/HPC_Lab_Proj/imp/../../gem5/build/ALL/gem5.opt -s --outdir=results_imp_stage3 --stdout-file=spmv_imp3_s32_dist32_addr16_l1d_ddr4_1x_simout.txt --stderr-file=spmv_imp3_s32_dist32_addr16_l1d_ddr4_1x_simerr.txt --stats-file=stats.txt -c 'from multiprocessing.spawn import spawn_main; spawn_main(tracker_fd=7, pipe_handle=13)' --multiprocessing-fork

src/sim/mem_state.cc:443: info: Increasing stack size by one page.
src/sim/syscall_emul.hh:1121: warn: readlink() called on '/proc/self/exe' may yield unexpected results in various settings.
      Returning '/home/fdemirel/HPC_Lab_Proj/benchmarks/spmv/spmv-m5.x'
src/arch/arm/insts/pseudo.cc:174: warn: 	instruction 'bti' unimplemented
src/sim/mem_state.cc:443: info: Increasing stack size by one page.
src/sim/mem_state.cc:443: info: Increasing stack size by one page.
src/sim/mem_state.cc:443: info: Increasing stack size by one page.
src/sim/mem_state.cc:443: info: Increasing stack size by one page.
src/sim/mem_state.cc:443: info: Increasing stack size by one page.
src/sim/mem_state.cc:443: info: Increasing stack size by one page.
src/sim/mem_state.cc:443: info: Increasing stack size by one page.
Array SIZE      : 1000000 
Array LOOP      : 1 

----triad----
a[0]=7.00e+00. b[0]=2.00e+00. c[0]=1.00e+00.
Execution time: 2.086469 (ms) 
   Rate [MB/s]: 11502.7 
Global frequency set at 1000000000000 ticks per second
src/mem/dram_interface.cc:690: warn: DRAM device capacity (16384 Mbytes) does not match the address range assigned (1024 Mbytes)
src/base/statistics.hh:279: warn: One of the stats is a legacy stat. Legacy stat is a stat that does not belong to any statistics::Group. Legacy stat is deprecated.
board.remote_gdb: Listening for connections on port 7003
gem5 Simulator System.  https://www.gem5.org
gem5 is copyrighted software; use the --copyright option for details.

gem5 version 25.0.0.1
gem5 compiled May  5 2026 12:55:05
gem5 started Jun 29 2026 17:05:14
gem5 executing on cn21.guoehi.cluster, pid 924010
command line: /home/fdemirel/HPC_Lab_Proj/imp/../../gem5/build/ALL/gem5.opt -s --outdir=results_imp_stage3 --stdout-file=bfs_imp3_s64_sth8_pt8_l2_ddr4_1x_simout.txt --stderr-file=bfs_imp3_s64_sth8_pt8_l2_ddr4_1x_simerr.txt --stats-file=stats.txt -c 'from multiprocessing.spawn import spawn_main; spawn_main(tracker_fd=7, pipe_handle=13)' --multiprocessing-fork

src/sim/mem_state.cc:443: info: Increasing stack size by one page.
src/sim/syscall_emul.hh:1121: warn: readlink() called on '/proc/self/exe' may yield unexpected results in various settings.
      Returning '/home/fdemirel/HPC_Lab_Proj/benchmarks/bfs/bfs-m5.x'
src/arch/arm/insts/pseudo.cc:174: warn: 	instruction 'bti' unimplemented
Beginning BFS ...

----MATRIX MULTIPLICATION----

----Computation starts----
Loop 0 ... 
argc = 2, A[argc][argc] = 0.500000, B[argc][argc] = 0.500000, C[argc][argc] = 0.500000 
Execution time: 1.213814 (ms) 
Global frequency set at 1000000000000 ticks per second
src/mem/dram_interface.cc:690: warn: DRAM device capacity (16384 Mbytes) does not match the address range assigned (512 Mbytes)
src/mem/dram_interface.cc:690: warn: DRAM device capacity (16384 Mbytes) does not match the address range assigned (512 Mbytes)
src/base/statistics.hh:279: warn: One of the stats is a legacy stat. Legacy stat is a stat that does not belong to any statistics::Group. Legacy stat is deprecated.
board.remote_gdb: Listening for connections on port 7001
gem5 Simulator System.  https://www.gem5.org
gem5 is copyrighted software; use the --copyright option for details.

gem5 version 25.0.0.1
gem5 compiled May  5 2026 12:55:05
gem5 started Jun 29 2026 17:05:27
gem5 executing on cn21.guoehi.cluster, pid 924013
command line: /home/fdemirel/HPC_Lab_Proj/imp/../../gem5/build/ALL/gem5.opt -s --outdir=results_imp_stage3 --stdout-file=quick_imp3_s64_ipd8_addr8_l1d_ddr4_2x_simout.txt --stderr-file=quick_imp3_s64_ipd8_addr8_l1d_ddr4_2x_simerr.txt --stats-file=stats.txt -c 'from multiprocessing.spawn import spawn_main; spawn_main(tracker_fd=7, pipe_handle=13)' --multiprocessing-fork

src/sim/mem_state.cc:443: info: Increasing stack size by one page.
src/sim/syscall_emul.hh:1121: warn: readlink() called on '/proc/self/exe' may yield unexpected results in various settings.
      Returning '/home/fdemirel/HPC_Lab_Proj/benchmarks/quick/quick-m5.x'
src/arch/arm/insts/pseudo.cc:174: warn: 	instruction 'bti' unimplemented
----spmv----
N_ROWS          : 8192 
N_COLS          : 65536 
NNZ             : 524155 
Execution time: 5.939598 (ms) 
Global frequency set at 1000000000000 ticks per second
src/mem/dram_interface.cc:690: warn: DRAM device capacity (16384 Mbytes) does not match the address range assigned (512 Mbytes)
src/mem/dram_interface.cc:690: warn: DRAM device capacity (16384 Mbytes) does not match the address range assigned (512 Mbytes)
src/base/statistics.hh:279: warn: One of the stats is a legacy stat. Legacy stat is a stat that does not belong to any statistics::Group. Legacy stat is deprecated.
board.remote_gdb: Listening for connections on port 7002
gem5 Simulator System.  https://www.gem5.org
gem5 is copyrighted software; use the --copyright option for details.

gem5 version 25.0.0.1
gem5 compiled May  5 2026 12:55:05
gem5 started Jun 29 2026 17:07:02
gem5 executing on cn21.guoehi.cluster, pid 924020
command line: /home/fdemirel/HPC_Lab_Proj/imp/../../gem5/build/ALL/gem5.opt -s --outdir=results_imp_stage3 --stdout-file=merge_imp3_s32_dist8_addr16_l2_ddr4_2x_simout.txt --stderr-file=merge_imp3_s32_dist8_addr16_l2_ddr4_2x_simerr.txt --stats-file=stats.txt -c 'from multiprocessing.spawn import spawn_main; spawn_main(tracker_fd=7, pipe_handle=13)' --multiprocessing-fork

src/sim/mem_state.cc:443: info: Increasing stack size by one page.
src/sim/syscall_emul.hh:1121: warn: readlink() called on '/proc/self/exe' may yield unexpected results in various settings.
      Returning '/home/fdemirel/HPC_Lab_Proj/benchmarks/merge/merge-m5.x'
src/arch/arm/insts/pseudo.cc:174: warn: 	instruction 'bti' unimplemented

----merge----
Execution time: 9.959889 (ms) 
random_elem:0, /home/fdemirel/HPC_Lab_Proj/benchmarks/merge/merge-m5.x
Global frequency set at 1000000000000 ticks per second
src/mem/dram_interface.cc:690: warn: DRAM device capacity (16384 Mbytes) does not match the address range assigned (512 Mbytes)
src/mem/dram_interface.cc:690: warn: DRAM device capacity (16384 Mbytes) does not match the address range assigned (512 Mbytes)
src/base/statistics.hh:279: warn: One of the stats is a legacy stat. Legacy stat is a stat that does not belong to any statistics::Group. Legacy stat is deprecated.
board.remote_gdb: Listening for connections on port 7000
gem5 Simulator System.  https://www.gem5.org
gem5 is copyrighted software; use the --copyright option for details.

gem5 version 25.0.0.1
gem5 compiled May  5 2026 12:55:05
gem5 started Jun 29 2026 17:07:17
gem5 executing on cn21.guoehi.cluster, pid 924023
command line: /home/fdemirel/HPC_Lab_Proj/imp/../../gem5/build/ALL/gem5.opt -s --outdir=results_imp_stage3 --stdout-file=simple_triad_imp3_s32_sth2_dist32_ipd16_addr16_l1d_ddr4_2x_simout.txt --stderr-file=simple_triad_imp3_s32_sth2_dist32_ipd16_addr16_l1d_ddr4_2x_simerr.txt --stats-file=stats.txt -c 'from multiprocessing.spawn import spawn_main; spawn_main(tracker_fd=7, pipe_handle=13)' --multiprocessing-fork

src/sim/mem_state.cc:443: info: Increasing stack size by one page.
src/sim/syscall_emul.hh:1121: warn: readlink() called on '/proc/self/exe' may yield unexpected results in various settings.
      Returning '/home/fdemirel/HPC_Lab_Proj/benchmarks/simple_triad/simple_triad-m5.x'
Array SIZE      : 1000000 
Array LOOP      : 1 

----triad----
a[0]=7.00e+00. b[0]=2.00e+00. c[0]=1.00e+00.
Execution time: 2.052675 (ms) 
   Rate [MB/s]: 11692.1 
Global frequency set at 1000000000000 ticks per second
src/mem/dram_interface.cc:690: warn: DRAM device capacity (16384 Mbytes) does not match the address range assigned (1024 Mbytes)
src/base/statistics.hh:279: warn: One of the stats is a legacy stat. Legacy stat is a stat that does not belong to any statistics::Group. Legacy stat is deprecated.
board.remote_gdb: Listening for connections on port 7000
gem5 Simulator System.  https://www.gem5.org
gem5 is copyrighted software; use the --copyright option for details.

gem5 version 25.0.0.1
gem5 compiled May  5 2026 12:55:05
gem5 started Jun 29 2026 17:08:59
gem5 executing on cn21.guoehi.cluster, pid 924029
command line: /home/fdemirel/HPC_Lab_Proj/imp/../../gem5/build/ALL/gem5.opt -s --outdir=results_imp_stage3 --stdout-file=merge_imp3_s64_ipd16_addr16_l1d_ddr4_1x_simout.txt --stderr-file=merge_imp3_s64_ipd16_addr16_l1d_ddr4_1x_simerr.txt --stats-file=stats.txt -c 'from multiprocessing.spawn import spawn_main; spawn_main(tracker_fd=7, pipe_handle=13)' --multiprocessing-fork

src/sim/mem_state.cc:443: info: Increasing stack size by one page.
src/sim/syscall_emul.hh:1121: warn: readlink() called on '/proc/self/exe' may yield unexpected results in various settings.
      Returning '/home/fdemirel/HPC_Lab_Proj/benchmarks/merge/merge-m5.x'
src/arch/arm/insts/pseudo.cc:174: warn: 	instruction 'bti' unimplemented
----quick sort----
Array SIZE      : 131072 
random_elem:0, /home/fdemirel/HPC_Lab_Proj/benchmarks/quick/quick-m5.x
Execution time: 8.519943 (ms) 
Global frequency set at 1000000000000 ticks per second
src/mem/dram_interface.cc:690: warn: DRAM device capacity (16384 Mbytes) does not match the address range assigned (1024 Mbytes)
src/base/statistics.hh:279: warn: One of the stats is a legacy stat. Legacy stat is a stat that does not belong to any statistics::Group. Legacy stat is deprecated.
board.remote_gdb: Listening for connections on port 7001
gem5 Simulator System.  https://www.gem5.org
gem5 is copyrighted software; use the --copyright option for details.

gem5 version 25.0.0.1
gem5 compiled May  5 2026 12:55:05
gem5 started Jun 29 2026 17:09:27
gem5 executing on cn21.guoehi.cluster, pid 924032
command line: /home/fdemirel/HPC_Lab_Proj/imp/../../gem5/build/ALL/gem5.opt -s --outdir=results_imp_stage3 --stdout-file=quick_imp3_s64_l2_ddr4_1x_simout.txt --stderr-file=quick_imp3_s64_l2_ddr4_1x_simerr.txt --stats-file=stats.txt -c 'from multiprocessing.spawn import spawn_main; spawn_main(tracker_fd=7, pipe_handle=13)' --multiprocessing-fork

src/sim/mem_state.cc:443: info: Increasing stack size by one page.
src/sim/syscall_emul.hh:1121: warn: readlink() called on '/proc/self/exe' may yield unexpected results in various settings.
      Returning '/home/fdemirel/HPC_Lab_Proj/benchmarks/quick/quick-m5.x'
src/arch/arm/insts/pseudo.cc:174: warn: 	instruction 'bti' unimplemented
Finished BFS.
Global frequency set at 1000000000000 ticks per second

----merge----
Execution time: 10.038751 (ms) 
random_elem:0, /home/fdemirel/HPC_Lab_Proj/benchmarks/merge/merge-m5.x
src/mem/dram_interface.cc:690: warn: DRAM device capacity (16384 Mbytes) does not match the address range assigned (1024 Mbytes)
src/base/statistics.hh:279: warn: One of the stats is a legacy stat. Legacy stat is a stat that does not belong to any statistics::Group. Legacy stat is deprecated.
board.remote_gdb: Listening for connections on port 7003
gem5 Simulator System.  https://www.gem5.org
gem5 is copyrighted software; use the --copyright option for details.

gem5 version 25.0.0.1
gem5 compiled May  5 2026 12:55:05
gem5 started Jun 29 2026 17:11:53
gem5 executing on cn21.guoehi.cluster, pid 924044
command line: /home/fdemirel/HPC_Lab_Proj/imp/../../gem5/build/ALL/gem5.opt -s --outdir=results_imp_stage3 --stdout-file=matmult_imp3_s32_ipd8_addr8_l1d_ddr4_1x_simout.txt --stderr-file=matmult_imp3_s32_ipd8_addr8_l1d_ddr4_1x_simerr.txt --stats-file=stats.txt -c 'from multiprocessing.spawn import spawn_main; spawn_main(tracker_fd=7, pipe_handle=13)' --multiprocessing-fork

src/sim/mem_state.cc:443: info: Increasing stack size by one page.
src/sim/syscall_emul.hh:1121: warn: readlink() called on '/proc/self/exe' may yield unexpected results in various settings.
      Returning '/home/fdemirel/HPC_Lab_Proj/benchmarks/matmult/matmult-m5.x'
src/arch/arm/insts/pseudo.cc:174: warn: 	instruction 'bti' unimplemented
Global frequency set at 1000000000000 ticks per second
src/mem/dram_interface.cc:690: warn: DRAM device capacity (16384 Mbytes) does not match the address range assigned (1024 Mbytes)
src/base/statistics.hh:279: warn: One of the stats is a legacy stat. Legacy stat is a stat that does not belong to any statistics::Group. Legacy stat is deprecated.
board.remote_gdb: Listening for connections on port 7002
gem5 Simulator System.  https://www.gem5.org
gem5 is copyrighted software; use the --copyright option for details.

gem5 version 25.0.0.1
gem5 compiled May  5 2026 12:55:05
gem5 started Jun 29 2026 17:12:01
gem5 executing on cn21.guoehi.cluster, pid 924047
command line: /home/fdemirel/HPC_Lab_Proj/imp/../../gem5/build/ALL/gem5.opt -s --outdir=results_imp_stage3 --stdout-file=bfs_imp3_s32_sth2_dist32_ipd16_l1d_ddr4_1x_simout.txt --stderr-file=bfs_imp3_s32_sth2_dist32_ipd16_l1d_ddr4_1x_simerr.txt --stats-file=stats.txt -c 'from multiprocessing.spawn import spawn_main; spawn_main(tracker_fd=7, pipe_handle=13)' --multiprocessing-fork

src/sim/mem_state.cc:443: info: Increasing stack size by one page.
src/sim/syscall_emul.hh:1121: warn: readlink() called on '/proc/self/exe' may yield unexpected results in various settings.
      Returning '/home/fdemirel/HPC_Lab_Proj/benchmarks/bfs/bfs-m5.x'
src/arch/arm/insts/pseudo.cc:174: warn: 	instruction 'bti' unimplemented
Beginning BFS ...

----MATRIX MULTIPLICATION----

----Computation starts----
Loop 0 ... 
argc = 2, A[argc][argc] = 0.500000, B[argc][argc] = 0.500000, C[argc][argc] = 0.500000 
Execution time: 1.204214 (ms) 
Global frequency set at 1000000000000 ticks per second
src/mem/dram_interface.cc:690: warn: DRAM device capacity (16384 Mbytes) does not match the address range assigned (512 Mbytes)
src/mem/dram_interface.cc:690: warn: DRAM device capacity (16384 Mbytes) does not match the address range assigned (512 Mbytes)
src/base/statistics.hh:279: warn: One of the stats is a legacy stat. Legacy stat is a stat that does not belong to any statistics::Group. Legacy stat is deprecated.
board.remote_gdb: Listening for connections on port 7003
gem5 Simulator System.  https://www.gem5.org
gem5 is copyrighted software; use the --copyright option for details.

gem5 version 25.0.0.1
gem5 compiled May  5 2026 12:55:05
gem5 started Jun 29 2026 17:12:59
gem5 executing on cn21.guoehi.cluster, pid 924052
command line: /home/fdemirel/HPC_Lab_Proj/imp/../../gem5/build/ALL/gem5.opt -s --outdir=results_imp_stage3 --stdout-file=matmult_imp3_s64_sth2_dist32_ipd16_l1d_ddr4_2x_simout.txt --stderr-file=matmult_imp3_s64_sth2_dist32_ipd16_l1d_ddr4_2x_simerr.txt --stats-file=stats.txt -c 'from multiprocessing.spawn import spawn_main; spawn_main(tracker_fd=7, pipe_handle=13)' --multiprocessing-fork

src/sim/mem_state.cc:443: info: Increasing stack size by one page.
src/sim/syscall_emul.hh:1121: warn: readlink() called on '/proc/self/exe' may yield unexpected results in various settings.
      Returning '/home/fdemirel/HPC_Lab_Proj/benchmarks/matmult/matmult-m5.x'
src/arch/arm/insts/pseudo.cc:174: warn: 	instruction 'bti' unimplemented
----quick sort----
Array SIZE      : 131072 
random_elem:0, /home/fdemirel/HPC_Lab_Proj/benchmarks/quick/quick-m5.x
Execution time: 9.196969 (ms) 
Global frequency set at 1000000000000 ticks per second
src/mem/dram_interface.cc:690: warn: DRAM device capacity (16384 Mbytes) does not match the address range assigned (512 Mbytes)
src/mem/dram_interface.cc:690: warn: DRAM device capacity (16384 Mbytes) does not match the address range assigned (512 Mbytes)
src/base/statistics.hh:279: warn: One of the stats is a legacy stat. Legacy stat is a stat that does not belong to any statistics::Group. Legacy stat is deprecated.
board.remote_gdb: Listening for connections on port 7001
gem5 Simulator System.  https://www.gem5.org
gem5 is copyrighted software; use the --copyright option for details.

gem5 version 25.0.0.1
gem5 compiled May  5 2026 12:55:05
gem5 started Jun 29 2026 17:13:31
gem5 executing on cn21.guoehi.cluster, pid 924056
command line: /home/fdemirel/HPC_Lab_Proj/imp/../../gem5/build/ALL/gem5.opt -s --outdir=results_imp_stage3 --stdout-file=spmv_imp3_s32_dist8_addr16_l2_ddr4_2x_simout.txt --stderr-file=spmv_imp3_s32_dist8_addr16_l2_ddr4_2x_simerr.txt --stats-file=stats.txt -c 'from multiprocessing.spawn import spawn_main; spawn_main(tracker_fd=7, pipe_handle=13)' --multiprocessing-fork

src/sim/mem_state.cc:443: info: Increasing stack size by one page.
src/sim/syscall_emul.hh:1121: warn: readlink() called on '/proc/self/exe' may yield unexpected results in various settings.
      Returning '/home/fdemirel/HPC_Lab_Proj/benchmarks/spmv/spmv-m5.x'
src/arch/arm/insts/pseudo.cc:174: warn: 	instruction 'bti' unimplemented
src/sim/mem_state.cc:443: info: Increasing stack size by one page.
src/sim/mem_state.cc:443: info: Increasing stack size by one page.
src/sim/mem_state.cc:443: info: Increasing stack size by one page.
src/sim/mem_state.cc:443: info: Increasing stack size by one page.
src/sim/mem_state.cc:443: info: Increasing stack size by one page.
src/sim/mem_state.cc:443: info: Increasing stack size by one page.
src/sim/mem_state.cc:443: info: Increasing stack size by one page.

----merge----
Execution time: 10.101444 (ms) 
random_elem:0, /home/fdemirel/HPC_Lab_Proj/benchmarks/merge/merge-m5.x
Global frequency set at 1000000000000 ticks per second
src/mem/dram_interface.cc:690: warn: DRAM device capacity (16384 Mbytes) does not match the address range assigned (1024 Mbytes)
src/base/statistics.hh:279: warn: One of the stats is a legacy stat. Legacy stat is a stat that does not belong to any statistics::Group. Legacy stat is deprecated.
board.remote_gdb: Listening for connections on port 7000
gem5 Simulator System.  https://www.gem5.org
gem5 is copyrighted software; use the --copyright option for details.

gem5 version 25.0.0.1
gem5 compiled May  5 2026 12:55:05
gem5 started Jun 29 2026 17:13:46
gem5 executing on cn21.guoehi.cluster, pid 924059
command line: /home/fdemirel/HPC_Lab_Proj/imp/../../gem5/build/ALL/gem5.opt -s --outdir=results_imp_stage3 --stdout-file=spmv_imp3_s64_dist8_addr16_l1d_ddr4_1x_simout.txt --stderr-file=spmv_imp3_s64_dist8_addr16_l1d_ddr4_1x_simerr.txt --stats-file=stats.txt -c 'from multiprocessing.spawn import spawn_main; spawn_main(tracker_fd=7, pipe_handle=13)' --multiprocessing-fork

src/sim/mem_state.cc:443: info: Increasing stack size by one page.
src/sim/syscall_emul.hh:1121: warn: readlink() called on '/proc/self/exe' may yield unexpected results in various settings.
      Returning '/home/fdemirel/HPC_Lab_Proj/benchmarks/spmv/spmv-m5.x'
src/arch/arm/insts/pseudo.cc:174: warn: 	instruction 'bti' unimplemented
src/sim/mem_state.cc:443: info: Increasing stack size by one page.
src/sim/mem_state.cc:443: info: Increasing stack size by one page.
src/sim/mem_state.cc:443: info: Increasing stack size by one page.
src/sim/mem_state.cc:443: info: Increasing stack size by one page.
src/sim/mem_state.cc:443: info: Increasing stack size by one page.
src/sim/mem_state.cc:443: info: Increasing stack size by one page.
src/sim/mem_state.cc:443: info: Increasing stack size by one page.

----MATRIX MULTIPLICATION----

----Computation starts----
Loop 0 ... 
argc = 2, A[argc][argc] = 0.500000, B[argc][argc] = 0.500000, C[argc][argc] = 0.500000 
Execution time: 1.210032 (ms) 
Global frequency set at 1000000000000 ticks per second
src/mem/dram_interface.cc:690: warn: DRAM device capacity (16384 Mbytes) does not match the address range assigned (1024 Mbytes)
src/base/statistics.hh:279: warn: One of the stats is a legacy stat. Legacy stat is a stat that does not belong to any statistics::Group. Legacy stat is deprecated.
board.remote_gdb: Listening for connections on port 7003
gem5 Simulator System.  https://www.gem5.org
gem5 is copyrighted software; use the --copyright option for details.

gem5 version 25.0.0.1
gem5 compiled May  5 2026 12:55:05
gem5 started Jun 29 2026 17:14:13
gem5 executing on cn21.guoehi.cluster, pid 924068
command line: /home/fdemirel/HPC_Lab_Proj/imp/../../gem5/build/ALL/gem5.opt -s --outdir=results_imp_stage3 --stdout-file=merge_imp3_s32_dist8_addr16_l2_ddr4_1x_simout.txt --stderr-file=merge_imp3_s32_dist8_addr16_l2_ddr4_1x_simerr.txt --stats-file=stats.txt -c 'from multiprocessing.spawn import spawn_main; spawn_main(tracker_fd=7, pipe_handle=13)' --multiprocessing-fork

src/sim/mem_state.cc:443: info: Increasing stack size by one page.
src/sim/syscall_emul.hh:1121: warn: readlink() called on '/proc/self/exe' may yield unexpected results in various settings.
      Returning '/home/fdemirel/HPC_Lab_Proj/benchmarks/merge/merge-m5.x'
src/arch/arm/insts/pseudo.cc:174: warn: 	instruction 'bti' unimplemented
----spmv----
N_ROWS          : 8192 
N_COLS          : 65536 
NNZ             : 524155 
Execution time: 5.297979 (ms) 
Global frequency set at 1000000000000 ticks per second
src/mem/dram_interface.cc:690: warn: DRAM device capacity (16384 Mbytes) does not match the address range assigned (512 Mbytes)
src/mem/dram_interface.cc:690: warn: DRAM device capacity (16384 Mbytes) does not match the address range assigned (512 Mbytes)
src/base/statistics.hh:279: warn: One of the stats is a legacy stat. Legacy stat is a stat that does not belong to any statistics::Group. Legacy stat is deprecated.
board.remote_gdb: Listening for connections on port 7001
gem5 Simulator System.  https://www.gem5.org
gem5 is copyrighted software; use the --copyright option for details.

gem5 version 25.0.0.1
gem5 compiled May  5 2026 12:55:05
gem5 started Jun 29 2026 17:15:25
gem5 executing on cn21.guoehi.cluster, pid 924073
command line: /home/fdemirel/HPC_Lab_Proj/imp/../../gem5/build/ALL/gem5.opt -s --outdir=results_imp_stage3 --stdout-file=merge_imp3_s64_l2_ddr4_2x_simout.txt --stderr-file=merge_imp3_s64_l2_ddr4_2x_simerr.txt --stats-file=stats.txt -c 'from multiprocessing.spawn import spawn_main; spawn_main(tracker_fd=7, pipe_handle=13)' --multiprocessing-fork

src/sim/mem_state.cc:443: info: Increasing stack size by one page.
src/sim/syscall_emul.hh:1121: warn: readlink() called on '/proc/self/exe' may yield unexpected results in various settings.
      Returning '/home/fdemirel/HPC_Lab_Proj/benchmarks/merge/merge-m5.x'
src/arch/arm/insts/pseudo.cc:174: warn: 	instruction 'bti' unimplemented
----spmv----
N_ROWS          : 8192 
N_COLS          : 65536 
NNZ             : 524155 
Execution time: 6.013488 (ms) 
Global frequency set at 1000000000000 ticks per second
src/mem/dram_interface.cc:690: warn: DRAM device capacity (16384 Mbytes) does not match the address range assigned (1024 Mbytes)
src/base/statistics.hh:279: warn: One of the stats is a legacy stat. Legacy stat is a stat that does not belong to any statistics::Group. Legacy stat is deprecated.
board.remote_gdb: Listening for connections on port 7000
gem5 Simulator System.  https://www.gem5.org
gem5 is copyrighted software; use the --copyright option for details.

gem5 version 25.0.0.1
gem5 compiled May  5 2026 12:55:05
gem5 started Jun 29 2026 17:16:26
gem5 executing on cn21.guoehi.cluster, pid 924077
command line: /home/fdemirel/HPC_Lab_Proj/imp/../../gem5/build/ALL/gem5.opt -s --outdir=results_imp_stage3 --stdout-file=simple_triad_imp3_s32_l1d_ddr4_1x_simout.txt --stderr-file=simple_triad_imp3_s32_l1d_ddr4_1x_simerr.txt --stats-file=stats.txt -c 'from multiprocessing.spawn import spawn_main; spawn_main(tracker_fd=7, pipe_handle=13)' --multiprocessing-fork

src/sim/mem_state.cc:443: info: Increasing stack size by one page.
src/sim/syscall_emul.hh:1121: warn: readlink() called on '/proc/self/exe' may yield unexpected results in various settings.
      Returning '/home/fdemirel/HPC_Lab_Proj/benchmarks/simple_triad/simple_triad-m5.x'
Array SIZE      : 1000000 
Array LOOP      : 1 

----triad----
a[0]=7.00e+00. b[0]=2.00e+00. c[0]=1.00e+00.
Execution time: 2.905872 (ms) 
   Rate [MB/s]: 8259.1 
Global frequency set at 1000000000000 ticks per second
src/mem/dram_interface.cc:690: warn: DRAM device capacity (16384 Mbytes) does not match the address range assigned (512 Mbytes)
src/mem/dram_interface.cc:690: warn: DRAM device capacity (16384 Mbytes) does not match the address range assigned (512 Mbytes)
src/base/statistics.hh:279: warn: One of the stats is a legacy stat. Legacy stat is a stat that does not belong to any statistics::Group. Legacy stat is deprecated.
board.remote_gdb: Listening for connections on port 7000
gem5 Simulator System.  https://www.gem5.org
gem5 is copyrighted software; use the --copyright option for details.

gem5 version 25.0.0.1
gem5 compiled May  5 2026 12:55:05
gem5 started Jun 29 2026 17:18:15
gem5 executing on cn21.guoehi.cluster, pid 924089
command line: /home/fdemirel/HPC_Lab_Proj/imp/../../gem5/build/ALL/gem5.opt -s --outdir=results_imp_stage3 --stdout-file=simple_triad_imp3_s64_sth2_l1d_ddr4_2x_simout.txt --stderr-file=simple_triad_imp3_s64_sth2_l1d_ddr4_2x_simerr.txt --stats-file=stats.txt -c 'from multiprocessing.spawn import spawn_main; spawn_main(tracker_fd=7, pipe_handle=13)' --multiprocessing-fork

src/sim/mem_state.cc:443: info: Increasing stack size by one page.
src/sim/syscall_emul.hh:1121: warn: readlink() called on '/proc/self/exe' may yield unexpected results in various settings.
      Returning '/home/fdemirel/HPC_Lab_Proj/benchmarks/simple_triad/simple_triad-m5.x'
Finished BFS.

----merge----
Execution time: 10.140762 (ms) 
random_elem:0, /home/fdemirel/HPC_Lab_Proj/benchmarks/merge/merge-m5.x
Global frequency set at 1000000000000 ticks per second
src/mem/dram_interface.cc:690: warn: DRAM device capacity (16384 Mbytes) does not match the address range assigned (512 Mbytes)
src/mem/dram_interface.cc:690: warn: DRAM device capacity (16384 Mbytes) does not match the address range assigned (512 Mbytes)
src/base/statistics.hh:279: warn: One of the stats is a legacy stat. Legacy stat is a stat that does not belong to any statistics::Group. Legacy stat is deprecated.
board.remote_gdb: Listening for connections on port 7002
gem5 Simulator System.  https://www.gem5.org
gem5 is copyrighted software; use the --copyright option for details.

gem5 version 25.0.0.1
gem5 compiled May  5 2026 12:55:05
gem5 started Jun 29 2026 17:19:06
gem5 executing on cn21.guoehi.cluster, pid 924094
command line: /home/fdemirel/HPC_Lab_Proj/imp/../../gem5/build/ALL/gem5.opt -s --outdir=results_imp_stage3 --stdout-file=bfs_imp3_s32_sth2_pt8_l2_ddr4_2x_simout.txt --stderr-file=bfs_imp3_s32_sth2_pt8_l2_ddr4_2x_simerr.txt --stats-file=stats.txt -c 'from multiprocessing.spawn import spawn_main; spawn_main(tracker_fd=7, pipe_handle=13)' --multiprocessing-fork

src/sim/mem_state.cc:443: info: Increasing stack size by one page.
src/sim/syscall_emul.hh:1121: warn: readlink() called on '/proc/self/exe' may yield unexpected results in various settings.
      Returning '/home/fdemirel/HPC_Lab_Proj/benchmarks/bfs/bfs-m5.x'
src/arch/arm/insts/pseudo.cc:174: warn: 	instruction 'bti' unimplemented
Global frequency set at 1000000000000 ticks per second
Beginning BFS ...
src/mem/dram_interface.cc:690: warn: DRAM device capacity (16384 Mbytes) does not match the address range assigned (1024 Mbytes)
src/base/statistics.hh:279: warn: One of the stats is a legacy stat. Legacy stat is a stat that does not belong to any statistics::Group. Legacy stat is deprecated.
board.remote_gdb: Listening for connections on port 7003
gem5 Simulator System.  https://www.gem5.org
gem5 is copyrighted software; use the --copyright option for details.

gem5 version 25.0.0.1
gem5 compiled May  5 2026 12:55:05
gem5 started Jun 29 2026 17:19:08
gem5 executing on cn21.guoehi.cluster, pid 924095
command line: /home/fdemirel/HPC_Lab_Proj/imp/../../gem5/build/ALL/gem5.opt -s --outdir=results_imp_stage3 --stdout-file=spmv_imp3_s32_sth2_pt8_l2_ddr4_1x_simout.txt --stderr-file=spmv_imp3_s32_sth2_pt8_l2_ddr4_1x_simerr.txt --stats-file=stats.txt -c 'from multiprocessing.spawn import spawn_main; spawn_main(tracker_fd=7, pipe_handle=13)' --multiprocessing-fork

src/sim/mem_state.cc:443: info: Increasing stack size by one page.
src/sim/syscall_emul.hh:1121: warn: readlink() called on '/proc/self/exe' may yield unexpected results in various settings.
      Returning '/home/fdemirel/HPC_Lab_Proj/benchmarks/spmv/spmv-m5.x'
src/arch/arm/insts/pseudo.cc:174: warn: 	instruction 'bti' unimplemented
src/sim/mem_state.cc:443: info: Increasing stack size by one page.
src/sim/mem_state.cc:443: info: Increasing stack size by one page.
src/sim/mem_state.cc:443: info: Increasing stack size by one page.
src/sim/mem_state.cc:443: info: Increasing stack size by one page.
src/sim/mem_state.cc:443: info: Increasing stack size by one page.
src/sim/mem_state.cc:443: info: Increasing stack size by one page.
src/sim/mem_state.cc:443: info: Increasing stack size by one page.
Array SIZE      : 1000000 
Array LOOP      : 1 

----triad----
a[0]=7.00e+00. b[0]=2.00e+00. c[0]=1.00e+00.
Execution time: 1.983654 (ms) 
   Rate [MB/s]: 12098.9 
Global frequency set at 1000000000000 ticks per second
src/mem/dram_interface.cc:690: warn: DRAM device capacity (16384 Mbytes) does not match the address range assigned (1024 Mbytes)
src/base/statistics.hh:279: warn: One of the stats is a legacy stat. Legacy stat is a stat that does not belong to any statistics::Group. Legacy stat is deprecated.
board.remote_gdb: Listening for connections on port 7000
gem5 Simulator System.  https://www.gem5.org
gem5 is copyrighted software; use the --copyright option for details.

gem5 version 25.0.0.1
gem5 compiled May  5 2026 12:55:05
gem5 started Jun 29 2026 17:19:57
gem5 executing on cn21.guoehi.cluster, pid 924101
command line: /home/fdemirel/HPC_Lab_Proj/imp/../../gem5/build/ALL/gem5.opt -s --outdir=results_imp_stage3 --stdout-file=bfs_imp3_s64_sth2_dist32_ipd16_addr16_l1d_ddr4_1x_simout.txt --stderr-file=bfs_imp3_s64_sth2_dist32_ipd16_addr16_l1d_ddr4_1x_simerr.txt --stats-file=stats.txt -c 'from multiprocessing.spawn import spawn_main; spawn_main(tracker_fd=7, pipe_handle=13)' --multiprocessing-fork

src/sim/mem_state.cc:443: info: Increasing stack size by one page.
src/sim/syscall_emul.hh:1121: warn: readlink() called on '/proc/self/exe' may yield unexpected results in various settings.
      Returning '/home/fdemirel/HPC_Lab_Proj/benchmarks/bfs/bfs-m5.x'
src/arch/arm/insts/pseudo.cc:174: warn: 	instruction 'bti' unimplemented
Beginning BFS ...

----merge----
Execution time: 10.388957 (ms) 
random_elem:0, /home/fdemirel/HPC_Lab_Proj/benchmarks/merge/merge-m5.x
Global frequency set at 1000000000000 ticks per second
src/mem/dram_interface.cc:690: warn: DRAM device capacity (16384 Mbytes) does not match the address range assigned (512 Mbytes)
src/mem/dram_interface.cc:690: warn: DRAM device capacity (16384 Mbytes) does not match the address range assigned (512 Mbytes)
src/base/statistics.hh:279: warn: One of the stats is a legacy stat. Legacy stat is a stat that does not belong to any statistics::Group. Legacy stat is deprecated.
board.remote_gdb: Listening for connections on port 7001
gem5 Simulator System.  https://www.gem5.org
gem5 is copyrighted software; use the --copyright option for details.

gem5 version 25.0.0.1
gem5 compiled May  5 2026 12:55:05
gem5 started Jun 29 2026 17:20:28
gem5 executing on cn21.guoehi.cluster, pid 924109
command line: /home/fdemirel/HPC_Lab_Proj/imp/../../gem5/build/ALL/gem5.opt -s --outdir=results_imp_stage3 --stdout-file=spmv_imp3_s64_l2_ddr4_2x_simout.txt --stderr-file=spmv_imp3_s64_l2_ddr4_2x_simerr.txt --stats-file=stats.txt -c 'from multiprocessing.spawn import spawn_main; spawn_main(tracker_fd=7, pipe_handle=13)' --multiprocessing-fork

src/sim/mem_state.cc:443: info: Increasing stack size by one page.
src/sim/syscall_emul.hh:1121: warn: readlink() called on '/proc/self/exe' may yield unexpected results in various settings.
      Returning '/home/fdemirel/HPC_Lab_Proj/benchmarks/spmv/spmv-m5.x'
src/arch/arm/insts/pseudo.cc:174: warn: 	instruction 'bti' unimplemented
src/sim/mem_state.cc:443: info: Increasing stack size by one page.
src/sim/mem_state.cc:443: info: Increasing stack size by one page.
src/sim/mem_state.cc:443: info: Increasing stack size by one page.
src/sim/mem_state.cc:443: info: Increasing stack size by one page.
src/sim/mem_state.cc:443: info: Increasing stack size by one page.
src/sim/mem_state.cc:443: info: Increasing stack size by one page.
src/sim/mem_state.cc:443: info: Increasing stack size by one page.
----spmv----
N_ROWS          : 8192 
N_COLS          : 65536 
NNZ             : 524155 
Execution time: 5.967384 (ms) 
Global frequency set at 1000000000000 ticks per second
src/mem/dram_interface.cc:690: warn: DRAM device capacity (16384 Mbytes) does not match the address range assigned (512 Mbytes)
src/mem/dram_interface.cc:690: warn: DRAM device capacity (16384 Mbytes) does not match the address range assigned (512 Mbytes)
src/base/statistics.hh:279: warn: One of the stats is a legacy stat. Legacy stat is a stat that does not belong to any statistics::Group. Legacy stat is deprecated.
board.remote_gdb: Listening for connections on port 7003
gem5 Simulator System.  https://www.gem5.org
gem5 is copyrighted software; use the --copyright option for details.

gem5 version 25.0.0.1
gem5 compiled May  5 2026 12:55:05
gem5 started Jun 29 2026 17:20:58
gem5 executing on cn21.guoehi.cluster, pid 924114
command line: /home/fdemirel/HPC_Lab_Proj/imp/../../gem5/build/ALL/gem5.opt -s --outdir=results_imp_stage3 --stdout-file=matmult_imp3_s64_sth8_pt8_l1d_ddr4_2x_simout.txt --stderr-file=matmult_imp3_s64_sth8_pt8_l1d_ddr4_2x_simerr.txt --stats-file=stats.txt -c 'from multiprocessing.spawn import spawn_main; spawn_main(tracker_fd=7, pipe_handle=13)' --multiprocessing-fork

src/sim/mem_state.cc:443: info: Increasing stack size by one page.
src/sim/syscall_emul.hh:1121: warn: readlink() called on '/proc/self/exe' may yield unexpected results in various settings.
      Returning '/home/fdemirel/HPC_Lab_Proj/benchmarks/matmult/matmult-m5.x'
src/arch/arm/insts/pseudo.cc:174: warn: 	instruction 'bti' unimplemented

----MATRIX MULTIPLICATION----

----Computation starts----
Loop 0 ... 
argc = 2, A[argc][argc] = 0.500000, B[argc][argc] = 0.500000, C[argc][argc] = 0.500000 
Execution time: 1.209810 (ms) 
Global frequency set at 1000000000000 ticks per second
src/mem/dram_interface.cc:690: warn: DRAM device capacity (16384 Mbytes) does not match the address range assigned (1024 Mbytes)
src/base/statistics.hh:279: warn: One of the stats is a legacy stat. Legacy stat is a stat that does not belong to any statistics::Group. Legacy stat is deprecated.
board.remote_gdb: Listening for connections on port 7003
gem5 Simulator System.  https://www.gem5.org
gem5 is copyrighted software; use the --copyright option for details.

gem5 version 25.0.0.1
gem5 compiled May  5 2026 12:55:05
gem5 started Jun 29 2026 17:22:10
gem5 executing on cn21.guoehi.cluster, pid 924119
command line: /home/fdemirel/HPC_Lab_Proj/imp/../../gem5/build/ALL/gem5.opt -s --outdir=results_imp_stage3 --stdout-file=merge_imp3_s64_ipd16_addr16_l2_ddr4_1x_simout.txt --stderr-file=merge_imp3_s64_ipd16_addr16_l2_ddr4_1x_simerr.txt --stats-file=stats.txt -c 'from multiprocessing.spawn import spawn_main; spawn_main(tracker_fd=7, pipe_handle=13)' --multiprocessing-fork

src/sim/mem_state.cc:443: info: Increasing stack size by one page.
src/sim/syscall_emul.hh:1121: warn: readlink() called on '/proc/self/exe' may yield unexpected results in various settings.
      Returning '/home/fdemirel/HPC_Lab_Proj/benchmarks/merge/merge-m5.x'
src/arch/arm/insts/pseudo.cc:174: warn: 	instruction 'bti' unimplemented
----spmv----
N_ROWS          : 8192 
N_COLS          : 65536 
NNZ             : 524155 
Execution time: 6.888517 (ms) 
Global frequency set at 1000000000000 ticks per second
src/mem/dram_interface.cc:690: warn: DRAM device capacity (16384 Mbytes) does not match the address range assigned (1024 Mbytes)
src/base/statistics.hh:279: warn: One of the stats is a legacy stat. Legacy stat is a stat that does not belong to any statistics::Group. Legacy stat is deprecated.
board.remote_gdb: Listening for connections on port 7001
gem5 Simulator System.  https://www.gem5.org
gem5 is copyrighted software; use the --copyright option for details.

gem5 version 25.0.0.1
gem5 compiled May  5 2026 12:55:05
gem5 started Jun 29 2026 17:22:32
gem5 executing on cn21.guoehi.cluster, pid 924123
command line: /home/fdemirel/HPC_Lab_Proj/imp/../../gem5/build/ALL/gem5.opt -s --outdir=results_imp_stage3 --stdout-file=simple_triad_imp3_s64_sth8_ipd8_pt8_l1d_ddr4_1x_simout.txt --stderr-file=simple_triad_imp3_s64_sth8_ipd8_pt8_l1d_ddr4_1x_simerr.txt --stats-file=stats.txt -c 'from multiprocessing.spawn import spawn_main; spawn_main(tracker_fd=7, pipe_handle=13)' --multiprocessing-fork

src/sim/mem_state.cc:443: info: Increasing stack size by one page.
src/sim/syscall_emul.hh:1121: warn: readlink() called on '/proc/self/exe' may yield unexpected results in various settings.
      Returning '/home/fdemirel/HPC_Lab_Proj/benchmarks/simple_triad/simple_triad-m5.x'
Array SIZE      : 1000000 
Array LOOP      : 1 

----triad----
a[0]=7.00e+00. b[0]=2.00e+00. c[0]=1.00e+00.
Execution time: 2.861943 (ms) 
   Rate [MB/s]: 8385.9 
Global frequency set at 1000000000000 ticks per second
src/mem/dram_interface.cc:690: warn: DRAM device capacity (16384 Mbytes) does not match the address range assigned (512 Mbytes)
src/mem/dram_interface.cc:690: warn: DRAM device capacity (16384 Mbytes) does not match the address range assigned (512 Mbytes)
src/base/statistics.hh:279: warn: One of the stats is a legacy stat. Legacy stat is a stat that does not belong to any statistics::Group. Legacy stat is deprecated.
board.remote_gdb: Listening for connections on port 7001
gem5 Simulator System.  https://www.gem5.org
gem5 is copyrighted software; use the --copyright option for details.

gem5 version 25.0.0.1
gem5 compiled May  5 2026 12:55:05
gem5 started Jun 29 2026 17:24:21
gem5 executing on cn21.guoehi.cluster, pid 924130
command line: /home/fdemirel/HPC_Lab_Proj/imp/../../gem5/build/ALL/gem5.opt -s --outdir=results_imp_stage3 --stdout-file=merge_imp3_s32_sth2_dist32_ipd16_l1d_ddr4_2x_simout.txt --stderr-file=merge_imp3_s32_sth2_dist32_ipd16_l1d_ddr4_2x_simerr.txt --stats-file=stats.txt -c 'from multiprocessing.spawn import spawn_main; spawn_main(tracker_fd=7, pipe_handle=13)' --multiprocessing-fork

src/sim/mem_state.cc:443: info: Increasing stack size by one page.
src/sim/syscall_emul.hh:1121: warn: readlink() called on '/proc/self/exe' may yield unexpected results in various settings.
      Returning '/home/fdemirel/HPC_Lab_Proj/benchmarks/merge/merge-m5.x'
src/arch/arm/insts/pseudo.cc:174: warn: 	instruction 'bti' unimplemented
Finished BFS.
Global frequency set at 1000000000000 ticks per second
src/mem/dram_interface.cc:690: warn: DRAM device capacity (16384 Mbytes) does not match the address range assigned (512 Mbytes)
src/mem/dram_interface.cc:690: warn: DRAM device capacity (16384 Mbytes) does not match the address range assigned (512 Mbytes)
src/base/statistics.hh:279: warn: One of the stats is a legacy stat. Legacy stat is a stat that does not belong to any statistics::Group. Legacy stat is deprecated.
board.remote_gdb: Listening for connections on port 7002
gem5 Simulator System.  https://www.gem5.org
gem5 is copyrighted software; use the --copyright option for details.

gem5 version 25.0.0.1
gem5 compiled May  5 2026 12:55:05
gem5 started Jun 29 2026 17:25:13
gem5 executing on cn21.guoehi.cluster, pid 924136
command line: /home/fdemirel/HPC_Lab_Proj/imp/../../gem5/build/ALL/gem5.opt -s --outdir=results_imp_stage3 --stdout-file=quick_imp3_s32_l2_ddr4_2x_simout.txt --stderr-file=quick_imp3_s32_l2_ddr4_2x_simerr.txt --stats-file=stats.txt -c 'from multiprocessing.spawn import spawn_main; spawn_main(tracker_fd=7, pipe_handle=13)' --multiprocessing-fork

src/sim/mem_state.cc:443: info: Increasing stack size by one page.
src/sim/syscall_emul.hh:1121: warn: readlink() called on '/proc/self/exe' may yield unexpected results in various settings.
      Returning '/home/fdemirel/HPC_Lab_Proj/benchmarks/quick/quick-m5.x'
src/arch/arm/insts/pseudo.cc:174: warn: 	instruction 'bti' unimplemented

----merge----
Execution time: 10.561265 (ms) 
random_elem:0, /home/fdemirel/HPC_Lab_Proj/benchmarks/merge/merge-m5.x
Global frequency set at 1000000000000 ticks per second
src/mem/dram_interface.cc:690: warn: DRAM device capacity (16384 Mbytes) does not match the address range assigned (512 Mbytes)
src/mem/dram_interface.cc:690: warn: DRAM device capacity (16384 Mbytes) does not match the address range assigned (512 Mbytes)
src/base/statistics.hh:279: warn: One of the stats is a legacy stat. Legacy stat is a stat that does not belong to any statistics::Group. Legacy stat is deprecated.
board.remote_gdb: Listening for connections on port 7003
gem5 Simulator System.  https://www.gem5.org
gem5 is copyrighted software; use the --copyright option for details.

gem5 version 25.0.0.1
gem5 compiled May  5 2026 12:55:05
gem5 started Jun 29 2026 17:26:58
gem5 executing on cn21.guoehi.cluster, pid 924144
command line: /home/fdemirel/HPC_Lab_Proj/imp/../../gem5/build/ALL/gem5.opt -s --outdir=results_imp_stage3 --stdout-file=merge_imp3_s64_sth2_dist32_ipd16_l2_ddr4_2x_simout.txt --stderr-file=merge_imp3_s64_sth2_dist32_ipd16_l2_ddr4_2x_simerr.txt --stats-file=stats.txt -c 'from multiprocessing.spawn import spawn_main; spawn_main(tracker_fd=7, pipe_handle=13)' --multiprocessing-fork

src/sim/mem_state.cc:443: info: Increasing stack size by one page.
src/sim/syscall_emul.hh:1121: warn: readlink() called on '/proc/self/exe' may yield unexpected results in various settings.
      Returning '/home/fdemirel/HPC_Lab_Proj/benchmarks/merge/merge-m5.x'
src/arch/arm/insts/pseudo.cc:174: warn: 	instruction 'bti' unimplemented
Finished BFS.
Global frequency set at 1000000000000 ticks per second
src/mem/dram_interface.cc:690: warn: DRAM device capacity (16384 Mbytes) does not match the address range assigned (1024 Mbytes)
src/base/statistics.hh:279: warn: One of the stats is a legacy stat. Legacy stat is a stat that does not belong to any statistics::Group. Legacy stat is deprecated.
board.remote_gdb: Listening for connections on port 7000
gem5 Simulator System.  https://www.gem5.org
gem5 is copyrighted software; use the --copyright option for details.

gem5 version 25.0.0.1
gem5 compiled May  5 2026 12:55:05
gem5 started Jun 29 2026 17:27:35
gem5 executing on cn21.guoehi.cluster, pid 924149
command line: /home/fdemirel/HPC_Lab_Proj/imp/../../gem5/build/ALL/gem5.opt -s --outdir=results_imp_stage3 --stdout-file=matmult_imp3_s64_dist32_addr16_l2_ddr4_1x_simout.txt --stderr-file=matmult_imp3_s64_dist32_addr16_l2_ddr4_1x_simerr.txt --stats-file=stats.txt -c 'from multiprocessing.spawn import spawn_main; spawn_main(tracker_fd=7, pipe_handle=13)' --multiprocessing-fork

src/sim/mem_state.cc:443: info: Increasing stack size by one page.
src/sim/syscall_emul.hh:1121: warn: readlink() called on '/proc/self/exe' may yield unexpected results in various settings.
      Returning '/home/fdemirel/HPC_Lab_Proj/benchmarks/matmult/matmult-m5.x'
src/arch/arm/insts/pseudo.cc:174: warn: 	instruction 'bti' unimplemented

----MATRIX MULTIPLICATION----

----Computation starts----
Loop 0 ... 
argc = 2, A[argc][argc] = 0.500000, B[argc][argc] = 0.500000, C[argc][argc] = 0.500000 
Execution time: 1.233383 (ms) 
Global frequency set at 1000000000000 ticks per second
src/mem/dram_interface.cc:690: warn: DRAM device capacity (16384 Mbytes) does not match the address range assigned (1024 Mbytes)
src/base/statistics.hh:279: warn: One of the stats is a legacy stat. Legacy stat is a stat that does not belong to any statistics::Group. Legacy stat is deprecated.
board.remote_gdb: Listening for connections on port 7000
gem5 Simulator System.  https://www.gem5.org
gem5 is copyrighted software; use the --copyright option for details.

gem5 version 25.0.0.1
gem5 compiled May  5 2026 12:55:05
gem5 started Jun 29 2026 17:28:33
gem5 executing on cn21.guoehi.cluster, pid 924153
command line: /home/fdemirel/HPC_Lab_Proj/imp/../../gem5/build/ALL/gem5.opt -s --outdir=results_imp_stage3 --stdout-file=bfs_imp3_s32_ipd16_addr16_l2_ddr4_1x_simout.txt --stderr-file=bfs_imp3_s32_ipd16_addr16_l2_ddr4_1x_simerr.txt --stats-file=stats.txt -c 'from multiprocessing.spawn import spawn_main; spawn_main(tracker_fd=7, pipe_handle=13)' --multiprocessing-fork

src/sim/mem_state.cc:443: info: Increasing stack size by one page.
src/sim/syscall_emul.hh:1121: warn: readlink() called on '/proc/self/exe' may yield unexpected results in various settings.
      Returning '/home/fdemirel/HPC_Lab_Proj/benchmarks/bfs/bfs-m5.x'
src/arch/arm/insts/pseudo.cc:174: warn: 	instruction 'bti' unimplemented
Beginning BFS ...
----quick sort----
Array SIZE      : 131072 
random_elem:0, /home/fdemirel/HPC_Lab_Proj/benchmarks/quick/quick-m5.x
Execution time: 8.616323 (ms) 

----merge----
Execution time: 9.912175 (ms) 
random_elem:0, /home/fdemirel/HPC_Lab_Proj/benchmarks/merge/merge-m5.x
Global frequency set at 1000000000000 ticks per second
src/mem/dram_interface.cc:690: warn: DRAM device capacity (16384 Mbytes) does not match the address range assigned (512 Mbytes)
src/mem/dram_interface.cc:690: warn: DRAM device capacity (16384 Mbytes) does not match the address range assigned (512 Mbytes)
src/base/statistics.hh:279: warn: One of the stats is a legacy stat. Legacy stat is a stat that does not belong to any statistics::Group. Legacy stat is deprecated.
board.remote_gdb: Listening for connections on port 7001
gem5 Simulator System.  https://www.gem5.org
gem5 is copyrighted software; use the --copyright option for details.

gem5 version 25.0.0.1
gem5 compiled May  5 2026 12:55:05
gem5 started Jun 29 2026 17:29:15
gem5 executing on cn21.guoehi.cluster, pid 924158
command line: /home/fdemirel/HPC_Lab_Proj/imp/../../gem5/build/ALL/gem5.opt -s --outdir=results_imp_stage3 --stdout-file=simple_triad_imp3_s64_sth8_l1d_ddr4_2x_simout.txt --stderr-file=simple_triad_imp3_s64_sth8_l1d_ddr4_2x_simerr.txt --stats-file=stats.txt -c 'from multiprocessing.spawn import spawn_main; spawn_main(tracker_fd=7, pipe_handle=13)' --multiprocessing-fork

src/sim/mem_state.cc:443: info: Increasing stack size by one page.
src/sim/syscall_emul.hh:1121: warn: readlink() called on '/proc/self/exe' may yield unexpected results in various settings.
      Returning '/home/fdemirel/HPC_Lab_Proj/benchmarks/simple_triad/simple_triad-m5.x'
Global frequency set at 1000000000000 ticks per second
src/mem/dram_interface.cc:690: warn: DRAM device capacity (16384 Mbytes) does not match the address range assigned (1024 Mbytes)
src/base/statistics.hh:279: warn: One of the stats is a legacy stat. Legacy stat is a stat that does not belong to any statistics::Group. Legacy stat is deprecated.
board.remote_gdb: Listening for connections on port 7002
gem5 Simulator System.  https://www.gem5.org
gem5 is copyrighted software; use the --copyright option for details.

gem5 version 25.0.0.1
gem5 compiled May  5 2026 12:55:05
gem5 started Jun 29 2026 17:29:21
gem5 executing on cn21.guoehi.cluster, pid 924159
command line: /home/fdemirel/HPC_Lab_Proj/imp/../../gem5/build/ALL/gem5.opt -s --outdir=results_imp_stage3 --stdout-file=quick_imp3_s32_sth8_l1d_ddr4_1x_simout.txt --stderr-file=quick_imp3_s32_sth8_l1d_ddr4_1x_simerr.txt --stats-file=stats.txt -c 'from multiprocessing.spawn import spawn_main; spawn_main(tracker_fd=7, pipe_handle=13)' --multiprocessing-fork

src/sim/mem_state.cc:443: info: Increasing stack size by one page.
src/sim/syscall_emul.hh:1121: warn: readlink() called on '/proc/self/exe' may yield unexpected results in various settings.
      Returning '/home/fdemirel/HPC_Lab_Proj/benchmarks/quick/quick-m5.x'
src/arch/arm/insts/pseudo.cc:174: warn: 	instruction 'bti' unimplemented
Array SIZE      : 1000000 
Array LOOP      : 1 

----triad----
a[0]=7.00e+00. b[0]=2.00e+00. c[0]=1.00e+00.
Execution time: 1.979440 (ms) 
   Rate [MB/s]: 12124.6 
Global frequency set at 1000000000000 ticks per second
src/mem/dram_interface.cc:690: warn: DRAM device capacity (16384 Mbytes) does not match the address range assigned (1024 Mbytes)
src/base/statistics.hh:279: warn: One of the stats is a legacy stat. Legacy stat is a stat that does not belong to any statistics::Group. Legacy stat is deprecated.
board.remote_gdb: Listening for connections on port 7001
gem5 Simulator System.  https://www.gem5.org
gem5 is copyrighted software; use the --copyright option for details.

gem5 version 25.0.0.1
gem5 compiled May  5 2026 12:55:05
gem5 started Jun 29 2026 17:30:58
gem5 executing on cn21.guoehi.cluster, pid 924171
command line: /home/fdemirel/HPC_Lab_Proj/imp/../../gem5/build/ALL/gem5.opt -s --outdir=results_imp_stage3 --stdout-file=spmv_imp3_s64_sth8_l2_ddr4_1x_simout.txt --stderr-file=spmv_imp3_s64_sth8_l2_ddr4_1x_simerr.txt --stats-file=stats.txt -c 'from multiprocessing.spawn import spawn_main; spawn_main(tracker_fd=7, pipe_handle=13)' --multiprocessing-fork

src/sim/mem_state.cc:443: info: Increasing stack size by one page.
src/sim/syscall_emul.hh:1121: warn: readlink() called on '/proc/self/exe' may yield unexpected results in various settings.
      Returning '/home/fdemirel/HPC_Lab_Proj/benchmarks/spmv/spmv-m5.x'
src/arch/arm/insts/pseudo.cc:174: warn: 	instruction 'bti' unimplemented
src/sim/mem_state.cc:443: info: Increasing stack size by one page.
src/sim/mem_state.cc:443: info: Increasing stack size by one page.
src/sim/mem_state.cc:443: info: Increasing stack size by one page.
src/sim/mem_state.cc:443: info: Increasing stack size by one page.
src/sim/mem_state.cc:443: info: Increasing stack size by one page.
src/sim/mem_state.cc:443: info: Increasing stack size by one page.
src/sim/mem_state.cc:443: info: Increasing stack size by one page.

----merge----
Execution time: 10.388862 (ms) 
random_elem:0, /home/fdemirel/HPC_Lab_Proj/benchmarks/merge/merge-m5.x
Global frequency set at 1000000000000 ticks per second
src/mem/dram_interface.cc:690: warn: DRAM device capacity (16384 Mbytes) does not match the address range assigned (512 Mbytes)
src/mem/dram_interface.cc:690: warn: DRAM device capacity (16384 Mbytes) does not match the address range assigned (512 Mbytes)
src/base/statistics.hh:279: warn: One of the stats is a legacy stat. Legacy stat is a stat that does not belong to any statistics::Group. Legacy stat is deprecated.
board.remote_gdb: Listening for connections on port 7003
gem5 Simulator System.  https://www.gem5.org
gem5 is copyrighted software; use the --copyright option for details.

gem5 version 25.0.0.1
gem5 compiled May  5 2026 12:55:05
gem5 started Jun 29 2026 17:31:49
gem5 executing on cn21.guoehi.cluster, pid 924176
command line: /home/fdemirel/HPC_Lab_Proj/imp/../../gem5/build/ALL/gem5.opt -s --outdir=results_imp_stage3 --stdout-file=spmv_imp3_s32_dist32_addr16_l1d_ddr4_2x_simout.txt --stderr-file=spmv_imp3_s32_dist32_addr16_l1d_ddr4_2x_simerr.txt --stats-file=stats.txt -c 'from multiprocessing.spawn import spawn_main; spawn_main(tracker_fd=7, pipe_handle=13)' --multiprocessing-fork

src/sim/mem_state.cc:443: info: Increasing stack size by one page.
src/sim/syscall_emul.hh:1121: warn: readlink() called on '/proc/self/exe' may yield unexpected results in various settings.
      Returning '/home/fdemirel/HPC_Lab_Proj/benchmarks/spmv/spmv-m5.x'
src/arch/arm/insts/pseudo.cc:174: warn: 	instruction 'bti' unimplemented
src/sim/mem_state.cc:443: info: Increasing stack size by one page.
src/sim/mem_state.cc:443: info: Increasing stack size by one page.
src/sim/mem_state.cc:443: info: Increasing stack size by one page.
src/sim/mem_state.cc:443: info: Increasing stack size by one page.
src/sim/mem_state.cc:443: info: Increasing stack size by one page.
src/sim/mem_state.cc:443: info: Increasing stack size by one page.
src/sim/mem_state.cc:443: info: Increasing stack size by one page.
----spmv----
N_ROWS          : 8192 
N_COLS          : 65536 
NNZ             : 524155 
Execution time: 7.960384 (ms) 
Global frequency set at 1000000000000 ticks per second
----quick sort----
Array SIZE      : 131072 
random_elem:0, /home/fdemirel/HPC_Lab_Proj/benchmarks/quick/quick-m5.x
Execution time: 8.413697 (ms) 
src/mem/dram_interface.cc:690: warn: DRAM device capacity (16384 Mbytes) does not match the address range assigned (512 Mbytes)
src/mem/dram_interface.cc:690: warn: DRAM device capacity (16384 Mbytes) does not match the address range assigned (512 Mbytes)
src/base/statistics.hh:279: warn: One of the stats is a legacy stat. Legacy stat is a stat that does not belong to any statistics::Group. Legacy stat is deprecated.
board.remote_gdb: Listening for connections on port 7001
gem5 Simulator System.  https://www.gem5.org
gem5 is copyrighted software; use the --copyright option for details.

gem5 version 25.0.0.1
gem5 compiled May  5 2026 12:55:05
gem5 started Jun 29 2026 17:33:05
gem5 executing on cn21.guoehi.cluster, pid 924184
command line: /home/fdemirel/HPC_Lab_Proj/imp/../../gem5/build/ALL/gem5.opt -s --outdir=results_imp_stage3 --stdout-file=bfs_imp3_s64_dist32_addr16_l2_ddr4_2x_simout.txt --stderr-file=bfs_imp3_s64_dist32_addr16_l2_ddr4_2x_simerr.txt --stats-file=stats.txt -c 'from multiprocessing.spawn import spawn_main; spawn_main(tracker_fd=7, pipe_handle=13)' --multiprocessing-fork

src/sim/mem_state.cc:443: info: Increasing stack size by one page.
src/sim/syscall_emul.hh:1121: warn: readlink() called on '/proc/self/exe' may yield unexpected results in various settings.
      Returning '/home/fdemirel/HPC_Lab_Proj/benchmarks/bfs/bfs-m5.x'
src/arch/arm/insts/pseudo.cc:174: warn: 	instruction 'bti' unimplemented
Beginning BFS ...
Global frequency set at 1000000000000 ticks per second
src/mem/dram_interface.cc:690: warn: DRAM device capacity (16384 Mbytes) does not match the address range assigned (1024 Mbytes)
src/base/statistics.hh:279: warn: One of the stats is a legacy stat. Legacy stat is a stat that does not belong to any statistics::Group. Legacy stat is deprecated.
board.remote_gdb: Listening for connections on port 7002
gem5 Simulator System.  https://www.gem5.org
gem5 is copyrighted software; use the --copyright option for details.

gem5 version 25.0.0.1
gem5 compiled May  5 2026 12:55:05
gem5 started Jun 29 2026 17:33:14
gem5 executing on cn21.guoehi.cluster, pid 924187
command line: /home/fdemirel/HPC_Lab_Proj/imp/../../gem5/build/ALL/gem5.opt -s --outdir=results_imp_stage3 --stdout-file=simple_triad_imp3_s32_sth8_pt8_l2_ddr4_1x_simout.txt --stderr-file=simple_triad_imp3_s32_sth8_pt8_l2_ddr4_1x_simerr.txt --stats-file=stats.txt -c 'from multiprocessing.spawn import spawn_main; spawn_main(tracker_fd=7, pipe_handle=13)' --multiprocessing-fork

src/sim/mem_state.cc:443: info: Increasing stack size by one page.
src/sim/syscall_emul.hh:1121: warn: readlink() called on '/proc/self/exe' may yield unexpected results in various settings.
      Returning '/home/fdemirel/HPC_Lab_Proj/benchmarks/simple_triad/simple_triad-m5.x'
----spmv----
N_ROWS          : 8192 
N_COLS          : 65536 
NNZ             : 524155 
Execution time: 5.339025 (ms) 
Global frequency set at 1000000000000 ticks per second
src/mem/dram_interface.cc:690: warn: DRAM device capacity (16384 Mbytes) does not match the address range assigned (1024 Mbytes)
src/base/statistics.hh:279: warn: One of the stats is a legacy stat. Legacy stat is a stat that does not belong to any statistics::Group. Legacy stat is deprecated.
board.remote_gdb: Listening for connections on port 7003
gem5 Simulator System.  https://www.gem5.org
gem5 is copyrighted software; use the --copyright option for details.

gem5 version 25.0.0.1
gem5 compiled May  5 2026 12:55:05
gem5 started Jun 29 2026 17:34:18
gem5 executing on cn21.guoehi.cluster, pid 924191
command line: /home/fdemirel/HPC_Lab_Proj/imp/../../gem5/build/ALL/gem5.opt -s --outdir=results_imp_stage3 --stdout-file=merge_imp3_s32_l1d_ddr4_1x_simout.txt --stderr-file=merge_imp3_s32_l1d_ddr4_1x_simerr.txt --stats-file=stats.txt -c 'from multiprocessing.spawn import spawn_main; spawn_main(tracker_fd=7, pipe_handle=13)' --multiprocessing-fork

src/sim/mem_state.cc:443: info: Increasing stack size by one page.
src/sim/syscall_emul.hh:1121: warn: readlink() called on '/proc/self/exe' may yield unexpected results in various settings.
      Returning '/home/fdemirel/HPC_Lab_Proj/benchmarks/merge/merge-m5.x'
src/arch/arm/insts/pseudo.cc:174: warn: 	instruction 'bti' unimplemented
Finished BFS.
Global frequency set at 1000000000000 ticks per second
src/mem/dram_interface.cc:690: warn: DRAM device capacity (16384 Mbytes) does not match the address range assigned (512 Mbytes)
src/mem/dram_interface.cc:690: warn: DRAM device capacity (16384 Mbytes) does not match the address range assigned (512 Mbytes)
src/base/statistics.hh:279: warn: One of the stats is a legacy stat. Legacy stat is a stat that does not belong to any statistics::Group. Legacy stat is deprecated.
board.remote_gdb: Listening for connections on port 7000
gem5 Simulator System.  https://www.gem5.org
gem5 is copyrighted software; use the --copyright option for details.

gem5 version 25.0.0.1
gem5 compiled May  5 2026 12:55:05
gem5 started Jun 29 2026 17:34:49
gem5 executing on cn21.guoehi.cluster, pid 924194
command line: /home/fdemirel/HPC_Lab_Proj/imp/../../gem5/build/ALL/gem5.opt -s --outdir=results_imp_stage3 --stdout-file=spmv_imp3_s64_sth2_dist32_ipd16_l2_ddr4_2x_simout.txt --stderr-file=spmv_imp3_s64_sth2_dist32_ipd16_l2_ddr4_2x_simerr.txt --stats-file=stats.txt -c 'from multiprocessing.spawn import spawn_main; spawn_main(tracker_fd=7, pipe_handle=13)' --multiprocessing-fork

src/sim/mem_state.cc:443: info: Increasing stack size by one page.
src/sim/syscall_emul.hh:1121: warn: readlink() called on '/proc/self/exe' may yield unexpected results in various settings.
      Returning '/home/fdemirel/HPC_Lab_Proj/benchmarks/spmv/spmv-m5.x'
src/arch/arm/insts/pseudo.cc:174: warn: 	instruction 'bti' unimplemented
src/sim/mem_state.cc:443: info: Increasing stack size by one page.
src/sim/mem_state.cc:443: info: Increasing stack size by one page.
src/sim/mem_state.cc:443: info: Increasing stack size by one page.
src/sim/mem_state.cc:443: info: Increasing stack size by one page.
src/sim/mem_state.cc:443: info: Increasing stack size by one page.
src/sim/mem_state.cc:443: info: Increasing stack size by one page.
src/sim/mem_state.cc:443: info: Increasing stack size by one page.
Array SIZE      : 1000000 
Array LOOP      : 1 

----triad----
a[0]=7.00e+00. b[0]=2.00e+00. c[0]=1.00e+00.
Execution time: 2.888610 (ms) 
   Rate [MB/s]: 8308.5 
Global frequency set at 1000000000000 ticks per second
src/mem/dram_interface.cc:690: warn: DRAM device capacity (16384 Mbytes) does not match the address range assigned (512 Mbytes)
src/mem/dram_interface.cc:690: warn: DRAM device capacity (16384 Mbytes) does not match the address range assigned (512 Mbytes)
src/base/statistics.hh:279: warn: One of the stats is a legacy stat. Legacy stat is a stat that does not belong to any statistics::Group. Legacy stat is deprecated.
board.remote_gdb: Listening for connections on port 7002
gem5 Simulator System.  https://www.gem5.org
gem5 is copyrighted software; use the --copyright option for details.

gem5 version 25.0.0.1
gem5 compiled May  5 2026 12:55:05
gem5 started Jun 29 2026 17:35:04
gem5 executing on cn21.guoehi.cluster, pid 924198
command line: /home/fdemirel/HPC_Lab_Proj/imp/../../gem5/build/ALL/gem5.opt -s --outdir=results_imp_stage3 --stdout-file=bfs_imp3_s64_sth8_l2_ddr4_2x_simout.txt --stderr-file=bfs_imp3_s64_sth8_l2_ddr4_2x_simerr.txt --stats-file=stats.txt -c 'from multiprocessing.spawn import spawn_main; spawn_main(tracker_fd=7, pipe_handle=13)' --multiprocessing-fork

src/sim/mem_state.cc:443: info: Increasing stack size by one page.
src/sim/syscall_emul.hh:1121: warn: readlink() called on '/proc/self/exe' may yield unexpected results in various settings.
      Returning '/home/fdemirel/HPC_Lab_Proj/benchmarks/bfs/bfs-m5.x'
src/arch/arm/insts/pseudo.cc:174: warn: 	instruction 'bti' unimplemented
Beginning BFS ...
----spmv----
N_ROWS          : 8192 
N_COLS          : 65536 
NNZ             : 524155 
Execution time: 6.885978 (ms) 
Global frequency set at 1000000000000 ticks per second
src/mem/dram_interface.cc:690: warn: DRAM device capacity (16384 Mbytes) does not match the address range assigned (512 Mbytes)
src/mem/dram_interface.cc:690: warn: DRAM device capacity (16384 Mbytes) does not match the address range assigned (512 Mbytes)
src/base/statistics.hh:279: warn: One of the stats is a legacy stat. Legacy stat is a stat that does not belong to any statistics::Group. Legacy stat is deprecated.
board.remote_gdb: Listening for connections on port 7000
gem5 Simulator System.  https://www.gem5.org
gem5 is copyrighted software; use the --copyright option for details.

gem5 version 25.0.0.1
gem5 compiled May  5 2026 12:55:05
gem5 started Jun 29 2026 17:36:50
gem5 executing on cn21.guoehi.cluster, pid 924203
command line: /home/fdemirel/HPC_Lab_Proj/imp/../../gem5/build/ALL/gem5.opt -s --outdir=results_imp_stage3 --stdout-file=merge_imp3_s32_sth8_pt8_l1d_ddr4_2x_simout.txt --stderr-file=merge_imp3_s32_sth8_pt8_l1d_ddr4_2x_simerr.txt --stats-file=stats.txt -c 'from multiprocessing.spawn import spawn_main; spawn_main(tracker_fd=7, pipe_handle=13)' --multiprocessing-fork

src/sim/mem_state.cc:443: info: Increasing stack size by one page.
src/sim/syscall_emul.hh:1121: warn: readlink() called on '/proc/self/exe' may yield unexpected results in various settings.
      Returning '/home/fdemirel/HPC_Lab_Proj/benchmarks/merge/merge-m5.x'
src/arch/arm/insts/pseudo.cc:174: warn: 	instruction 'bti' unimplemented

----merge----
Execution time: 9.959889 (ms) 
random_elem:0, /home/fdemirel/HPC_Lab_Proj/benchmarks/merge/merge-m5.x
Global frequency set at 1000000000000 ticks per second
src/mem/dram_interface.cc:690: warn: DRAM device capacity (16384 Mbytes) does not match the address range assigned (1024 Mbytes)
src/base/statistics.hh:279: warn: One of the stats is a legacy stat. Legacy stat is a stat that does not belong to any statistics::Group. Legacy stat is deprecated.
board.remote_gdb: Listening for connections on port 7003
gem5 Simulator System.  https://www.gem5.org
gem5 is copyrighted software; use the --copyright option for details.

gem5 version 25.0.0.1
gem5 compiled May  5 2026 12:55:05
gem5 started Jun 29 2026 17:39:07
gem5 executing on cn21.guoehi.cluster, pid 924216
command line: /home/fdemirel/HPC_Lab_Proj/imp/../../gem5/build/ALL/gem5.opt -s --outdir=results_imp_stage3 --stdout-file=spmv_imp3_s32_l1d_ddr4_1x_simout.txt --stderr-file=spmv_imp3_s32_l1d_ddr4_1x_simerr.txt --stats-file=stats.txt -c 'from multiprocessing.spawn import spawn_main; spawn_main(tracker_fd=7, pipe_handle=13)' --multiprocessing-fork

src/sim/mem_state.cc:443: info: Increasing stack size by one page.
src/sim/syscall_emul.hh:1121: warn: readlink() called on '/proc/self/exe' may yield unexpected results in various settings.
      Returning '/home/fdemirel/HPC_Lab_Proj/benchmarks/spmv/spmv-m5.x'
src/arch/arm/insts/pseudo.cc:174: warn: 	instruction 'bti' unimplemented
src/sim/mem_state.cc:443: info: Increasing stack size by one page.
src/sim/mem_state.cc:443: info: Increasing stack size by one page.
src/sim/mem_state.cc:443: info: Increasing stack size by one page.
src/sim/mem_state.cc:443: info: Increasing stack size by one page.
src/sim/mem_state.cc:443: info: Increasing stack size by one page.
src/sim/mem_state.cc:443: info: Increasing stack size by one page.
src/sim/mem_state.cc:443: info: Increasing stack size by one page.
Finished BFS.
Global frequency set at 1000000000000 ticks per second
src/mem/dram_interface.cc:690: warn: DRAM device capacity (16384 Mbytes) does not match the address range assigned (512 Mbytes)
src/mem/dram_interface.cc:690: warn: DRAM device capacity (16384 Mbytes) does not match the address range assigned (512 Mbytes)
src/base/statistics.hh:279: warn: One of the stats is a legacy stat. Legacy stat is a stat that does not belong to any statistics::Group. Legacy stat is deprecated.
board.remote_gdb: Listening for connections on port 7001
gem5 Simulator System.  https://www.gem5.org
gem5 is copyrighted software; use the --copyright option for details.

gem5 version 25.0.0.1
gem5 compiled May  5 2026 12:55:05
gem5 started Jun 29 2026 17:39:38
gem5 executing on cn21.guoehi.cluster, pid 924219
command line: /home/fdemirel/HPC_Lab_Proj/imp/../../gem5/build/ALL/gem5.opt -s --outdir=results_imp_stage3 --stdout-file=quick_imp3_s32_sth2_dist32_ipd16_l2_ddr4_2x_simout.txt --stderr-file=quick_imp3_s32_sth2_dist32_ipd16_l2_ddr4_2x_simerr.txt --stats-file=stats.txt -c 'from multiprocessing.spawn import spawn_main; spawn_main(tracker_fd=7, pipe_handle=13)' --multiprocessing-fork

src/sim/mem_state.cc:443: info: Increasing stack size by one page.
src/sim/syscall_emul.hh:1121: warn: readlink() called on '/proc/self/exe' may yield unexpected results in various settings.
      Returning '/home/fdemirel/HPC_Lab_Proj/benchmarks/quick/quick-m5.x'
src/arch/arm/insts/pseudo.cc:174: warn: 	instruction 'bti' unimplemented
Finished BFS.
Global frequency set at 1000000000000 ticks per second
src/mem/dram_interface.cc:690: warn: DRAM device capacity (16384 Mbytes) does not match the address range assigned (1024 Mbytes)
src/base/statistics.hh:279: warn: One of the stats is a legacy stat. Legacy stat is a stat that does not belong to any statistics::Group. Legacy stat is deprecated.
board.remote_gdb: Listening for connections on port 7002
gem5 Simulator System.  https://www.gem5.org
gem5 is copyrighted software; use the --copyright option for details.

gem5 version 25.0.0.1
gem5 compiled May  5 2026 12:55:05
gem5 started Jun 29 2026 17:41:20
gem5 executing on cn21.guoehi.cluster, pid 924230
command line: /home/fdemirel/HPC_Lab_Proj/imp/../../gem5/build/ALL/gem5.opt -s --outdir=results_imp_stage3 --stdout-file=quick_imp3_s64_sth8_pt8_l1d_ddr4_1x_simout.txt --stderr-file=quick_imp3_s64_sth8_pt8_l1d_ddr4_1x_simerr.txt --stats-file=stats.txt -c 'from multiprocessing.spawn import spawn_main; spawn_main(tracker_fd=7, pipe_handle=13)' --multiprocessing-fork

src/sim/mem_state.cc:443: info: Increasing stack size by one page.
src/sim/syscall_emul.hh:1121: warn: readlink() called on '/proc/self/exe' may yield unexpected results in various settings.
      Returning '/home/fdemirel/HPC_Lab_Proj/benchmarks/quick/quick-m5.x'
src/arch/arm/insts/pseudo.cc:174: warn: 	instruction 'bti' unimplemented
----spmv----
N_ROWS          : 8192 
N_COLS          : 65536 
NNZ             : 524155 
Execution time: 5.939598 (ms) 
Global frequency set at 1000000000000 ticks per second

----merge----
Execution time: 9.916153 (ms) 
random_elem:0, /home/fdemirel/HPC_Lab_Proj/benchmarks/merge/merge-m5.x
src/mem/dram_interface.cc:690: warn: DRAM device capacity (16384 Mbytes) does not match the address range assigned (1024 Mbytes)
src/base/statistics.hh:279: warn: One of the stats is a legacy stat. Legacy stat is a stat that does not belong to any statistics::Group. Legacy stat is deprecated.
board.remote_gdb: Listening for connections on port 7003
gem5 Simulator System.  https://www.gem5.org
gem5 is copyrighted software; use the --copyright option for details.

gem5 version 25.0.0.1
gem5 compiled May  5 2026 12:55:05
gem5 started Jun 29 2026 17:41:37
gem5 executing on cn21.guoehi.cluster, pid 924233
command line: /home/fdemirel/HPC_Lab_Proj/imp/../../gem5/build/ALL/gem5.opt -s --outdir=results_imp_stage3 --stdout-file=bfs_imp3_s64_ipd8_addr8_l2_ddr4_1x_simout.txt --stderr-file=bfs_imp3_s64_ipd8_addr8_l2_ddr4_1x_simerr.txt --stats-file=stats.txt -c 'from multiprocessing.spawn import spawn_main; spawn_main(tracker_fd=7, pipe_handle=13)' --multiprocessing-fork

src/sim/mem_state.cc:443: info: Increasing stack size by one page.
src/sim/syscall_emul.hh:1121: warn: readlink() called on '/proc/self/exe' may yield unexpected results in various settings.
      Returning '/home/fdemirel/HPC_Lab_Proj/benchmarks/bfs/bfs-m5.x'
src/arch/arm/insts/pseudo.cc:174: warn: 	instruction 'bti' unimplemented
Beginning BFS ...
Global frequency set at 1000000000000 ticks per second
src/mem/dram_interface.cc:690: warn: DRAM device capacity (16384 Mbytes) does not match the address range assigned (512 Mbytes)
src/mem/dram_interface.cc:690: warn: DRAM device capacity (16384 Mbytes) does not match the address range assigned (512 Mbytes)
src/base/statistics.hh:279: warn: One of the stats is a legacy stat. Legacy stat is a stat that does not belong to any statistics::Group. Legacy stat is deprecated.
board.remote_gdb: Listening for connections on port 7000
gem5 Simulator System.  https://www.gem5.org
gem5 is copyrighted software; use the --copyright option for details.

gem5 version 25.0.0.1
gem5 compiled May  5 2026 12:55:05
gem5 started Jun 29 2026 17:41:45
gem5 executing on cn21.guoehi.cluster, pid 924236
command line: /home/fdemirel/HPC_Lab_Proj/imp/../../gem5/build/ALL/gem5.opt -s --outdir=results_imp_stage3 --stdout-file=bfs_imp3_s32_sth2_dist32_ipd16_l1d_ddr4_2x_simout.txt --stderr-file=bfs_imp3_s32_sth2_dist32_ipd16_l1d_ddr4_2x_simerr.txt --stats-file=stats.txt -c 'from multiprocessing.spawn import spawn_main; spawn_main(tracker_fd=7, pipe_handle=13)' --multiprocessing-fork

src/sim/mem_state.cc:443: info: Increasing stack size by one page.
src/sim/syscall_emul.hh:1121: warn: readlink() called on '/proc/self/exe' may yield unexpected results in various settings.
      Returning '/home/fdemirel/HPC_Lab_Proj/benchmarks/bfs/bfs-m5.x'
src/arch/arm/insts/pseudo.cc:174: warn: 	instruction 'bti' unimplemented
Beginning BFS ...
----quick sort----
Array SIZE      : 131072 
random_elem:0, /home/fdemirel/HPC_Lab_Proj/benchmarks/quick/quick-m5.x
Execution time: 8.616295 (ms) 
Global frequency set at 1000000000000 ticks per second
src/mem/dram_interface.cc:690: warn: DRAM device capacity (16384 Mbytes) does not match the address range assigned (512 Mbytes)
src/mem/dram_interface.cc:690: warn: DRAM device capacity (16384 Mbytes) does not match the address range assigned (512 Mbytes)
src/base/statistics.hh:279: warn: One of the stats is a legacy stat. Legacy stat is a stat that does not belong to any statistics::Group. Legacy stat is deprecated.
board.remote_gdb: Listening for connections on port 7001
gem5 Simulator System.  https://www.gem5.org
gem5 is copyrighted software; use the --copyright option for details.

gem5 version 25.0.0.1
gem5 compiled May  5 2026 12:55:05
gem5 started Jun 29 2026 17:43:38
gem5 executing on cn21.guoehi.cluster, pid 924244
command line: /home/fdemirel/HPC_Lab_Proj/imp/../../gem5/build/ALL/gem5.opt -s --outdir=results_imp_stage3 --stdout-file=spmv_imp3_s32_ipd8_addr8_l1d_ddr4_2x_simout.txt --stderr-file=spmv_imp3_s32_ipd8_addr8_l1d_ddr4_2x_simerr.txt --stats-file=stats.txt -c 'from multiprocessing.spawn import spawn_main; spawn_main(tracker_fd=7, pipe_handle=13)' --multiprocessing-fork

src/sim/mem_state.cc:443: info: Increasing stack size by one page.
src/sim/syscall_emul.hh:1121: warn: readlink() called on '/proc/self/exe' may yield unexpected results in various settings.
      Returning '/home/fdemirel/HPC_Lab_Proj/benchmarks/spmv/spmv-m5.x'
src/arch/arm/insts/pseudo.cc:174: warn: 	instruction 'bti' unimplemented
src/sim/mem_state.cc:443: info: Increasing stack size by one page.
src/sim/mem_state.cc:443: info: Increasing stack size by one page.
src/sim/mem_state.cc:443: info: Increasing stack size by one page.
src/sim/mem_state.cc:443: info: Increasing stack size by one page.
src/sim/mem_state.cc:443: info: Increasing stack size by one page.
src/sim/mem_state.cc:443: info: Increasing stack size by one page.
src/sim/mem_state.cc:443: info: Increasing stack size by one page.
----quick sort----
Array SIZE      : 131072 
random_elem:0, /home/fdemirel/HPC_Lab_Proj/benchmarks/quick/quick-m5.x
Execution time: 8.565450 (ms) 
Global frequency set at 1000000000000 ticks per second
src/mem/dram_interface.cc:690: warn: DRAM device capacity (16384 Mbytes) does not match the address range assigned (1024 Mbytes)
src/base/statistics.hh:279: warn: One of the stats is a legacy stat. Legacy stat is a stat that does not belong to any statistics::Group. Legacy stat is deprecated.
board.remote_gdb: Listening for connections on port 7002
gem5 Simulator System.  https://www.gem5.org
gem5 is copyrighted software; use the --copyright option for details.

gem5 version 25.0.0.1
gem5 compiled May  5 2026 12:55:05
gem5 started Jun 29 2026 17:45:18
gem5 executing on cn21.guoehi.cluster, pid 924250
command line: /home/fdemirel/HPC_Lab_Proj/imp/../../gem5/build/ALL/gem5.opt -s --outdir=results_imp_stage3 --stdout-file=merge_imp3_s64_dist8_addr16_l1d_ddr4_1x_simout.txt --stderr-file=merge_imp3_s64_dist8_addr16_l1d_ddr4_1x_simerr.txt --stats-file=stats.txt -c 'from multiprocessing.spawn import spawn_main; spawn_main(tracker_fd=7, pipe_handle=13)' --multiprocessing-fork

src/sim/mem_state.cc:443: info: Increasing stack size by one page.
src/sim/syscall_emul.hh:1121: warn: readlink() called on '/proc/self/exe' may yield unexpected results in various settings.
      Returning '/home/fdemirel/HPC_Lab_Proj/benchmarks/merge/merge-m5.x'
src/arch/arm/insts/pseudo.cc:174: warn: 	instruction 'bti' unimplemented
----spmv----
N_ROWS          : 8192 
N_COLS          : 65536 
NNZ             : 524155 
Execution time: 5.339025 (ms) 
Global frequency set at 1000000000000 ticks per second
src/mem/dram_interface.cc:690: warn: DRAM device capacity (16384 Mbytes) does not match the address range assigned (512 Mbytes)
src/mem/dram_interface.cc:690: warn: DRAM device capacity (16384 Mbytes) does not match the address range assigned (512 Mbytes)
src/base/statistics.hh:279: warn: One of the stats is a legacy stat. Legacy stat is a stat that does not belong to any statistics::Group. Legacy stat is deprecated.
board.remote_gdb: Listening for connections on port 7001
gem5 Simulator System.  https://www.gem5.org
gem5 is copyrighted software; use the --copyright option for details.

gem5 version 25.0.0.1
gem5 compiled May  5 2026 12:55:05
gem5 started Jun 29 2026 17:46:01
gem5 executing on cn21.guoehi.cluster, pid 924255
command line: /home/fdemirel/HPC_Lab_Proj/imp/../../gem5/build/ALL/gem5.opt -s --outdir=results_imp_stage3 --stdout-file=matmult_imp3_s32_l2_ddr4_2x_simout.txt --stderr-file=matmult_imp3_s32_l2_ddr4_2x_simerr.txt --stats-file=stats.txt -c 'from multiprocessing.spawn import spawn_main; spawn_main(tracker_fd=7, pipe_handle=13)' --multiprocessing-fork

src/sim/mem_state.cc:443: info: Increasing stack size by one page.
src/sim/syscall_emul.hh:1121: warn: readlink() called on '/proc/self/exe' may yield unexpected results in various settings.
      Returning '/home/fdemirel/HPC_Lab_Proj/benchmarks/matmult/matmult-m5.x'
src/arch/arm/insts/pseudo.cc:174: warn: 	instruction 'bti' unimplemented

----MATRIX MULTIPLICATION----

----Computation starts----
Loop 0 ... 
argc = 2, A[argc][argc] = 0.500000, B[argc][argc] = 0.500000, C[argc][argc] = 0.500000 
Execution time: 1.195957 (ms) 
Global frequency set at 1000000000000 ticks per second
src/mem/dram_interface.cc:690: warn: DRAM device capacity (16384 Mbytes) does not match the address range assigned (512 Mbytes)
src/mem/dram_interface.cc:690: warn: DRAM device capacity (16384 Mbytes) does not match the address range assigned (512 Mbytes)
src/base/statistics.hh:279: warn: One of the stats is a legacy stat. Legacy stat is a stat that does not belong to any statistics::Group. Legacy stat is deprecated.
board.remote_gdb: Listening for connections on port 7001
gem5 Simulator System.  https://www.gem5.org
gem5 is copyrighted software; use the --copyright option for details.

gem5 version 25.0.0.1
gem5 compiled May  5 2026 12:55:05
gem5 started Jun 29 2026 17:46:58
gem5 executing on cn21.guoehi.cluster, pid 924259
command line: /home/fdemirel/HPC_Lab_Proj/imp/../../gem5/build/ALL/gem5.opt -s --outdir=results_imp_stage3 --stdout-file=merge_imp3_s64_sth2_dist32_ipd16_addr16_l1d_ddr4_2x_simout.txt --stderr-file=merge_imp3_s64_sth2_dist32_ipd16_addr16_l1d_ddr4_2x_simerr.txt --stats-file=stats.txt -c 'from multiprocessing.spawn import spawn_main; spawn_main(tracker_fd=7, pipe_handle=13)' --multiprocessing-fork

src/sim/mem_state.cc:443: info: Increasing stack size by one page.
src/sim/syscall_emul.hh:1121: warn: readlink() called on '/proc/self/exe' may yield unexpected results in various settings.
      Returning '/home/fdemirel/HPC_Lab_Proj/benchmarks/merge/merge-m5.x'
src/arch/arm/insts/pseudo.cc:174: warn: 	instruction 'bti' unimplemented
Finished BFS.
Global frequency set at 1000000000000 ticks per second
src/mem/dram_interface.cc:690: warn: DRAM device capacity (16384 Mbytes) does not match the address range assigned (1024 Mbytes)
src/base/statistics.hh:279: warn: One of the stats is a legacy stat. Legacy stat is a stat that does not belong to any statistics::Group. Legacy stat is deprecated.
board.remote_gdb: Listening for connections on port 7003
gem5 Simulator System.  https://www.gem5.org
gem5 is copyrighted software; use the --copyright option for details.

gem5 version 25.0.0.1
gem5 compiled May  5 2026 12:55:05
gem5 started Jun 29 2026 17:48:16
gem5 executing on cn21.guoehi.cluster, pid 924267
command line: /home/fdemirel/HPC_Lab_Proj/imp/../../gem5/build/ALL/gem5.opt -s --outdir=results_imp_stage3 --stdout-file=quick_imp3_s32_ipd8_addr8_l2_ddr4_1x_simout.txt --stderr-file=quick_imp3_s32_ipd8_addr8_l2_ddr4_1x_simerr.txt --stats-file=stats.txt -c 'from multiprocessing.spawn import spawn_main; spawn_main(tracker_fd=7, pipe_handle=13)' --multiprocessing-fork

src/sim/mem_state.cc:443: info: Increasing stack size by one page.
src/sim/syscall_emul.hh:1121: warn: readlink() called on '/proc/self/exe' may yield unexpected results in various settings.
      Returning '/home/fdemirel/HPC_Lab_Proj/benchmarks/quick/quick-m5.x'
src/arch/arm/insts/pseudo.cc:174: warn: 	instruction 'bti' unimplemented
Finished BFS.
Global frequency set at 1000000000000 ticks per second
src/mem/dram_interface.cc:690: warn: DRAM device capacity (16384 Mbytes) does not match the address range assigned (1024 Mbytes)
src/base/statistics.hh:279: warn: One of the stats is a legacy stat. Legacy stat is a stat that does not belong to any statistics::Group. Legacy stat is deprecated.
board.remote_gdb: Listening for connections on port 7000
gem5 Simulator System.  https://www.gem5.org
gem5 is copyrighted software; use the --copyright option for details.

gem5 version 25.0.0.1
gem5 compiled May  5 2026 12:55:05
gem5 started Jun 29 2026 17:48:54
gem5 executing on cn21.guoehi.cluster, pid 924271
command line: /home/fdemirel/HPC_Lab_Proj/imp/../../gem5/build/ALL/gem5.opt -s --outdir=results_imp_stage3 --stdout-file=matmult_imp3_s32_ipd16_addr16_l1d_ddr4_1x_simout.txt --stderr-file=matmult_imp3_s32_ipd16_addr16_l1d_ddr4_1x_simerr.txt --stats-file=stats.txt -c 'from multiprocessing.spawn import spawn_main; spawn_main(tracker_fd=7, pipe_handle=13)' --multiprocessing-fork

src/sim/mem_state.cc:443: info: Increasing stack size by one page.
src/sim/syscall_emul.hh:1121: warn: readlink() called on '/proc/self/exe' may yield unexpected results in various settings.
      Returning '/home/fdemirel/HPC_Lab_Proj/benchmarks/matmult/matmult-m5.x'
src/arch/arm/insts/pseudo.cc:174: warn: 	instruction 'bti' unimplemented

----MATRIX MULTIPLICATION----

----Computation starts----
Loop 0 ... 
argc = 2, A[argc][argc] = 0.500000, B[argc][argc] = 0.500000, C[argc][argc] = 0.500000 
Execution time: 1.204214 (ms) 

----merge----
Execution time: 10.101444 (ms) 
random_elem:0, /home/fdemirel/HPC_Lab_Proj/benchmarks/merge/merge-m5.x
Global frequency set at 1000000000000 ticks per second
src/mem/dram_interface.cc:690: warn: DRAM device capacity (16384 Mbytes) does not match the address range assigned (512 Mbytes)
src/mem/dram_interface.cc:690: warn: DRAM device capacity (16384 Mbytes) does not match the address range assigned (512 Mbytes)
Global frequency set at 1000000000000 ticks per second
src/base/statistics.hh:279: warn: One of the stats is a legacy stat. Legacy stat is a stat that does not belong to any statistics::Group. Legacy stat is deprecated.
board.remote_gdb: Listening for connections on port 7000
gem5 Simulator System.  https://www.gem5.org
gem5 is copyrighted software; use the --copyright option for details.

gem5 version 25.0.0.1
gem5 compiled May  5 2026 12:55:05
gem5 started Jun 29 2026 17:50:03
gem5 executing on cn21.guoehi.cluster, pid 924279
command line: /home/fdemirel/HPC_Lab_Proj/imp/../../gem5/build/ALL/gem5.opt -s --outdir=results_imp_stage3 --stdout-file=quick_imp3_s64_dist32_addr16_l2_ddr4_2x_simout.txt --stderr-file=quick_imp3_s64_dist32_addr16_l2_ddr4_2x_simerr.txt --stats-file=stats.txt -c 'from multiprocessing.spawn import spawn_main; spawn_main(tracker_fd=7, pipe_handle=13)' --multiprocessing-fork

src/sim/mem_state.cc:443: info: Increasing stack size by one page.
src/sim/syscall_emul.hh:1121: warn: readlink() called on '/proc/self/exe' may yield unexpected results in various settings.
      Returning '/home/fdemirel/HPC_Lab_Proj/benchmarks/quick/quick-m5.x'
src/arch/arm/insts/pseudo.cc:174: warn: 	instruction 'bti' unimplemented
src/mem/dram_interface.cc:690: warn: DRAM device capacity (16384 Mbytes) does not match the address range assigned (1024 Mbytes)
src/base/statistics.hh:279: warn: One of the stats is a legacy stat. Legacy stat is a stat that does not belong to any statistics::Group. Legacy stat is deprecated.
board.remote_gdb: Listening for connections on port 7002
gem5 Simulator System.  https://www.gem5.org
gem5 is copyrighted software; use the --copyright option for details.

gem5 version 25.0.0.1
gem5 compiled May  5 2026 12:55:05
gem5 started Jun 29 2026 17:50:03
gem5 executing on cn21.guoehi.cluster, pid 924280
command line: /home/fdemirel/HPC_Lab_Proj/imp/../../gem5/build/ALL/gem5.opt -s --outdir=results_imp_stage3 --stdout-file=spmv_imp3_s64_dist32_addr16_l1d_ddr4_1x_simout.txt --stderr-file=spmv_imp3_s64_dist32_addr16_l1d_ddr4_1x_simerr.txt --stats-file=stats.txt -c 'from multiprocessing.spawn import spawn_main; spawn_main(tracker_fd=7, pipe_handle=13)' --multiprocessing-fork

src/sim/mem_state.cc:443: info: Increasing stack size by one page.
src/sim/syscall_emul.hh:1121: warn: readlink() called on '/proc/self/exe' may yield unexpected results in various settings.
      Returning '/home/fdemirel/HPC_Lab_Proj/benchmarks/spmv/spmv-m5.x'
src/arch/arm/insts/pseudo.cc:174: warn: 	instruction 'bti' unimplemented
src/sim/mem_state.cc:443: info: Increasing stack size by one page.
src/sim/mem_state.cc:443: info: Increasing stack size by one page.
src/sim/mem_state.cc:443: info: Increasing stack size by one page.
src/sim/mem_state.cc:443: info: Increasing stack size by one page.
src/sim/mem_state.cc:443: info: Increasing stack size by one page.
src/sim/mem_state.cc:443: info: Increasing stack size by one page.
src/sim/mem_state.cc:443: info: Increasing stack size by one page.

----merge----
Execution time: 10.059788 (ms) 
random_elem:0, /home/fdemirel/HPC_Lab_Proj/benchmarks/merge/merge-m5.x
Global frequency set at 1000000000000 ticks per second
src/mem/dram_interface.cc:690: warn: DRAM device capacity (16384 Mbytes) does not match the address range assigned (512 Mbytes)
src/mem/dram_interface.cc:690: warn: DRAM device capacity (16384 Mbytes) does not match the address range assigned (512 Mbytes)
src/base/statistics.hh:279: warn: One of the stats is a legacy stat. Legacy stat is a stat that does not belong to any statistics::Group. Legacy stat is deprecated.
board.remote_gdb: Listening for connections on port 7001
gem5 Simulator System.  https://www.gem5.org
gem5 is copyrighted software; use the --copyright option for details.

gem5 version 25.0.0.1
gem5 compiled May  5 2026 12:55:05
gem5 started Jun 29 2026 17:51:46
gem5 executing on cn21.guoehi.cluster, pid 924287
command line: /home/fdemirel/HPC_Lab_Proj/imp/../../gem5/build/ALL/gem5.opt -s --outdir=results_imp_stage3 --stdout-file=bfs_imp3_s32_sth8_pt8_l1d_ddr4_2x_simout.txt --stderr-file=bfs_imp3_s32_sth8_pt8_l1d_ddr4_2x_simerr.txt --stats-file=stats.txt -c 'from multiprocessing.spawn import spawn_main; spawn_main(tracker_fd=7, pipe_handle=13)' --multiprocessing-fork

src/sim/mem_state.cc:443: info: Increasing stack size by one page.
src/sim/syscall_emul.hh:1121: warn: readlink() called on '/proc/self/exe' may yield unexpected results in various settings.
      Returning '/home/fdemirel/HPC_Lab_Proj/benchmarks/bfs/bfs-m5.x'
src/arch/arm/insts/pseudo.cc:174: warn: 	instruction 'bti' unimplemented
Beginning BFS ...
----quick sort----
Array SIZE      : 131072 
random_elem:0, /home/fdemirel/HPC_Lab_Proj/benchmarks/quick/quick-m5.x
Execution time: 8.641523 (ms) 
Global frequency set at 1000000000000 ticks per second
src/mem/dram_interface.cc:690: warn: DRAM device capacity (16384 Mbytes) does not match the address range assigned (512 Mbytes)
src/mem/dram_interface.cc:690: warn: DRAM device capacity (16384 Mbytes) does not match the address range assigned (512 Mbytes)
src/base/statistics.hh:279: warn: One of the stats is a legacy stat. Legacy stat is a stat that does not belong to any statistics::Group. Legacy stat is deprecated.
board.remote_gdb: Listening for connections on port 7003
gem5 Simulator System.  https://www.gem5.org
gem5 is copyrighted software; use the --copyright option for details.

gem5 version 25.0.0.1
gem5 compiled May  5 2026 12:55:05
gem5 started Jun 29 2026 17:52:17
gem5 executing on cn21.guoehi.cluster, pid 924292
command line: /home/fdemirel/HPC_Lab_Proj/imp/../../gem5/build/ALL/gem5.opt -s --outdir=results_imp_stage3 --stdout-file=simple_triad_imp3_s32_ipd8_addr8_l2_ddr4_2x_simout.txt --stderr-file=simple_triad_imp3_s32_ipd8_addr8_l2_ddr4_2x_simerr.txt --stats-file=stats.txt -c 'from multiprocessing.spawn import spawn_main; spawn_main(tracker_fd=7, pipe_handle=13)' --multiprocessing-fork

src/sim/mem_state.cc:443: info: Increasing stack size by one page.
src/sim/syscall_emul.hh:1121: warn: readlink() called on '/proc/self/exe' may yield unexpected results in various settings.
      Returning '/home/fdemirel/HPC_Lab_Proj/benchmarks/simple_triad/simple_triad-m5.x'
----spmv----
N_ROWS          : 8192 
N_COLS          : 65536 
NNZ             : 524155 
Execution time: 6.013488 (ms) 
Global frequency set at 1000000000000 ticks per second
src/mem/dram_interface.cc:690: warn: DRAM device capacity (16384 Mbytes) does not match the address range assigned (1024 Mbytes)
src/base/statistics.hh:279: warn: One of the stats is a legacy stat. Legacy stat is a stat that does not belong to any statistics::Group. Legacy stat is deprecated.
board.remote_gdb: Listening for connections on port 7002
gem5 Simulator System.  https://www.gem5.org
gem5 is copyrighted software; use the --copyright option for details.

gem5 version 25.0.0.1
gem5 compiled May  5 2026 12:55:05
gem5 started Jun 29 2026 17:52:45
gem5 executing on cn21.guoehi.cluster, pid 924295
command line: /home/fdemirel/HPC_Lab_Proj/imp/../../gem5/build/ALL/gem5.opt -s --outdir=results_imp_stage3 --stdout-file=merge_imp3_s32_dist32_addr16_l2_ddr4_1x_simout.txt --stderr-file=merge_imp3_s32_dist32_addr16_l2_ddr4_1x_simerr.txt --stats-file=stats.txt -c 'from multiprocessing.spawn import spawn_main; spawn_main(tracker_fd=7, pipe_handle=13)' --multiprocessing-fork

src/sim/mem_state.cc:443: info: Increasing stack size by one page.
src/sim/syscall_emul.hh:1121: warn: readlink() called on '/proc/self/exe' may yield unexpected results in various settings.
      Returning '/home/fdemirel/HPC_Lab_Proj/benchmarks/merge/merge-m5.x'
src/arch/arm/insts/pseudo.cc:174: warn: 	instruction 'bti' unimplemented
Array SIZE      : 1000000 
Array LOOP      : 1 

----triad----
a[0]=7.00e+00. b[0]=2.00e+00. c[0]=1.00e+00.
Execution time: 1.755127 (ms) 
   Rate [MB/s]: 13674.2 
Global frequency set at 1000000000000 ticks per second
src/mem/dram_interface.cc:690: warn: DRAM device capacity (16384 Mbytes) does not match the address range assigned (512 Mbytes)
src/mem/dram_interface.cc:690: warn: DRAM device capacity (16384 Mbytes) does not match the address range assigned (512 Mbytes)
src/base/statistics.hh:279: warn: One of the stats is a legacy stat. Legacy stat is a stat that does not belong to any statistics::Group. Legacy stat is deprecated.
board.remote_gdb: Listening for connections on port 7003
gem5 Simulator System.  https://www.gem5.org
gem5 is copyrighted software; use the --copyright option for details.

gem5 version 25.0.0.1
gem5 compiled May  5 2026 12:55:05
gem5 started Jun 29 2026 17:53:50
gem5 executing on cn21.guoehi.cluster, pid 924299
command line: /home/fdemirel/HPC_Lab_Proj/imp/../../gem5/build/ALL/gem5.opt -s --outdir=results_imp_stage3 --stdout-file=spmv_imp3_s64_dist8_addr16_l1d_ddr4_2x_simout.txt --stderr-file=spmv_imp3_s64_dist8_addr16_l1d_ddr4_2x_simerr.txt --stats-file=stats.txt -c 'from multiprocessing.spawn import spawn_main; spawn_main(tracker_fd=7, pipe_handle=13)' --multiprocessing-fork

src/sim/mem_state.cc:443: info: Increasing stack size by one page.
src/sim/syscall_emul.hh:1121: warn: readlink() called on '/proc/self/exe' may yield unexpected results in various settings.
      Returning '/home/fdemirel/HPC_Lab_Proj/benchmarks/spmv/spmv-m5.x'
src/arch/arm/insts/pseudo.cc:174: warn: 	instruction 'bti' unimplemented
src/sim/mem_state.cc:443: info: Increasing stack size by one page.
src/sim/mem_state.cc:443: info: Increasing stack size by one page.
src/sim/mem_state.cc:443: info: Increasing stack size by one page.
src/sim/mem_state.cc:443: info: Increasing stack size by one page.
src/sim/mem_state.cc:443: info: Increasing stack size by one page.
src/sim/mem_state.cc:443: info: Increasing stack size by one page.
src/sim/mem_state.cc:443: info: Increasing stack size by one page.
----quick sort----
Array SIZE      : 131072 
random_elem:0, /home/fdemirel/HPC_Lab_Proj/benchmarks/quick/quick-m5.x
Execution time: 9.107836 (ms) 
Global frequency set at 1000000000000 ticks per second
src/mem/dram_interface.cc:690: warn: DRAM device capacity (16384 Mbytes) does not match the address range assigned (512 Mbytes)
src/mem/dram_interface.cc:690: warn: DRAM device capacity (16384 Mbytes) does not match the address range assigned (512 Mbytes)
src/base/statistics.hh:279: warn: One of the stats is a legacy stat. Legacy stat is a stat that does not belong to any statistics::Group. Legacy stat is deprecated.
board.remote_gdb: Listening for connections on port 7000
gem5 Simulator System.  https://www.gem5.org
gem5 is copyrighted software; use the --copyright option for details.

gem5 version 25.0.0.1
gem5 compiled May  5 2026 12:55:05
gem5 started Jun 29 2026 17:54:07
gem5 executing on cn21.guoehi.cluster, pid 924303
command line: /home/fdemirel/HPC_Lab_Proj/imp/../../gem5/build/ALL/gem5.opt -s --outdir=results_imp_stage3 --stdout-file=matmult_imp3_s32_ipd16_addr16_l2_ddr4_2x_simout.txt --stderr-file=matmult_imp3_s32_ipd16_addr16_l2_ddr4_2x_simerr.txt --stats-file=stats.txt -c 'from multiprocessing.spawn import spawn_main; spawn_main(tracker_fd=7, pipe_handle=13)' --multiprocessing-fork

src/sim/mem_state.cc:443: info: Increasing stack size by one page.
src/sim/syscall_emul.hh:1121: warn: readlink() called on '/proc/self/exe' may yield unexpected results in various settings.
      Returning '/home/fdemirel/HPC_Lab_Proj/benchmarks/matmult/matmult-m5.x'
src/arch/arm/insts/pseudo.cc:174: warn: 	instruction 'bti' unimplemented

----MATRIX MULTIPLICATION----

----Computation starts----
Loop 0 ... 
argc = 2, A[argc][argc] = 0.500000, B[argc][argc] = 0.500000, C[argc][argc] = 0.500000 
Execution time: 1.195957 (ms) 
Global frequency set at 1000000000000 ticks per second
src/mem/dram_interface.cc:690: warn: DRAM device capacity (16384 Mbytes) does not match the address range assigned (512 Mbytes)
src/mem/dram_interface.cc:690: warn: DRAM device capacity (16384 Mbytes) does not match the address range assigned (512 Mbytes)
src/base/statistics.hh:279: warn: One of the stats is a legacy stat. Legacy stat is a stat that does not belong to any statistics::Group. Legacy stat is deprecated.
board.remote_gdb: Listening for connections on port 7000
gem5 Simulator System.  https://www.gem5.org
gem5 is copyrighted software; use the --copyright option for details.

gem5 version 25.0.0.1
gem5 compiled May  5 2026 12:55:05
gem5 started Jun 29 2026 17:55:05
gem5 executing on cn21.guoehi.cluster, pid 924309
command line: /home/fdemirel/HPC_Lab_Proj/imp/../../gem5/build/ALL/gem5.opt -s --outdir=results_imp_stage3 --stdout-file=quick_imp3_s32_dist8_addr16_l1d_ddr4_2x_simout.txt --stderr-file=quick_imp3_s32_dist8_addr16_l1d_ddr4_2x_simerr.txt --stats-file=stats.txt -c 'from multiprocessing.spawn import spawn_main; spawn_main(tracker_fd=7, pipe_handle=13)' --multiprocessing-fork

src/sim/mem_state.cc:443: info: Increasing stack size by one page.
src/sim/syscall_emul.hh:1121: warn: readlink() called on '/proc/self/exe' may yield unexpected results in various settings.
      Returning '/home/fdemirel/HPC_Lab_Proj/benchmarks/quick/quick-m5.x'
src/arch/arm/insts/pseudo.cc:174: warn: 	instruction 'bti' unimplemented
----spmv----
N_ROWS          : 8192 
N_COLS          : 65536 
NNZ             : 524155 
Execution time: 5.397428 (ms) 
Global frequency set at 1000000000000 ticks per second
src/mem/dram_interface.cc:690: warn: DRAM device capacity (16384 Mbytes) does not match the address range assigned (1024 Mbytes)
src/base/statistics.hh:279: warn: One of the stats is a legacy stat. Legacy stat is a stat that does not belong to any statistics::Group. Legacy stat is deprecated.
board.remote_gdb: Listening for connections on port 7003
gem5 Simulator System.  https://www.gem5.org
gem5 is copyrighted software; use the --copyright option for details.

gem5 version 25.0.0.1
gem5 compiled May  5 2026 12:55:05
gem5 started Jun 29 2026 17:56:23
gem5 executing on cn21.guoehi.cluster, pid 924316
command line: /home/fdemirel/HPC_Lab_Proj/imp/../../gem5/build/ALL/gem5.opt -s --outdir=results_imp_stage3 --stdout-file=matmult_imp3_s64_ipd8_addr8_l1d_ddr4_1x_simout.txt --stderr-file=matmult_imp3_s64_ipd8_addr8_l1d_ddr4_1x_simerr.txt --stats-file=stats.txt -c 'from multiprocessing.spawn import spawn_main; spawn_main(tracker_fd=7, pipe_handle=13)' --multiprocessing-fork

src/sim/mem_state.cc:443: info: Increasing stack size by one page.
src/sim/syscall_emul.hh:1121: warn: readlink() called on '/proc/self/exe' may yield unexpected results in various settings.
      Returning '/home/fdemirel/HPC_Lab_Proj/benchmarks/matmult/matmult-m5.x'
src/arch/arm/insts/pseudo.cc:174: warn: 	instruction 'bti' unimplemented

----MATRIX MULTIPLICATION----

----Computation starts----
Loop 0 ... 
argc = 2, A[argc][argc] = 0.500000, B[argc][argc] = 0.500000, C[argc][argc] = 0.500000 
Execution time: 1.198377 (ms) 

----merge----
Execution time: 10.140762 (ms) 
random_elem:0, /home/fdemirel/HPC_Lab_Proj/benchmarks/merge/merge-m5.x
Global frequency set at 1000000000000 ticks per second
src/mem/dram_interface.cc:690: warn: DRAM device capacity (16384 Mbytes) does not match the address range assigned (1024 Mbytes)
src/base/statistics.hh:279: warn: One of the stats is a legacy stat. Legacy stat is a stat that does not belong to any statistics::Group. Legacy stat is deprecated.
board.remote_gdb: Listening for connections on port 7002
gem5 Simulator System.  https://www.gem5.org
gem5 is copyrighted software; use the --copyright option for details.

gem5 version 25.0.0.1
gem5 compiled May  5 2026 12:55:05
gem5 started Jun 29 2026 17:57:37
gem5 executing on cn21.guoehi.cluster, pid 924321
command line: /home/fdemirel/HPC_Lab_Proj/imp/../../gem5/build/ALL/gem5.opt -s --outdir=results_imp_stage3 --stdout-file=spmv_imp3_s32_sth2_dist32_ipd16_l2_ddr4_1x_simout.txt --stderr-file=spmv_imp3_s32_sth2_dist32_ipd16_l2_ddr4_1x_simerr.txt --stats-file=stats.txt -c 'from multiprocessing.spawn import spawn_main; spawn_main(tracker_fd=7, pipe_handle=13)' --multiprocessing-fork

src/sim/mem_state.cc:443: info: Increasing stack size by one page.
src/sim/syscall_emul.hh:1121: warn: readlink() called on '/proc/self/exe' may yield unexpected results in various settings.
      Returning '/home/fdemirel/HPC_Lab_Proj/benchmarks/spmv/spmv-m5.x'
src/arch/arm/insts/pseudo.cc:174: warn: 	instruction 'bti' unimplemented
src/sim/mem_state.cc:443: info: Increasing stack size by one page.
src/sim/mem_state.cc:443: info: Increasing stack size by one page.
src/sim/mem_state.cc:443: info: Increasing stack size by one page.
src/sim/mem_state.cc:443: info: Increasing stack size by one page.
src/sim/mem_state.cc:443: info: Increasing stack size by one page.
src/sim/mem_state.cc:443: info: Increasing stack size by one page.
src/sim/mem_state.cc:443: info: Increasing stack size by one page.
Global frequency set at 1000000000000 ticks per second
src/mem/dram_interface.cc:690: warn: DRAM device capacity (16384 Mbytes) does not match the address range assigned (1024 Mbytes)
src/base/statistics.hh:279: warn: One of the stats is a legacy stat. Legacy stat is a stat that does not belong to any statistics::Group. Legacy stat is deprecated.
board.remote_gdb: Listening for connections on port 7003
gem5 Simulator System.  https://www.gem5.org
gem5 is copyrighted software; use the --copyright option for details.

gem5 version 25.0.0.1
gem5 compiled May  5 2026 12:55:05
gem5 started Jun 29 2026 17:57:44
gem5 executing on cn21.guoehi.cluster, pid 924322
command line: /home/fdemirel/HPC_Lab_Proj/imp/../../gem5/build/ALL/gem5.opt -s --outdir=results_imp_stage3 --stdout-file=bfs_imp3_s64_sth2_dist32_ipd16_l1d_ddr4_1x_simout.txt --stderr-file=bfs_imp3_s64_sth2_dist32_ipd16_l1d_ddr4_1x_simerr.txt --stats-file=stats.txt -c 'from multiprocessing.spawn import spawn_main; spawn_main(tracker_fd=7, pipe_handle=13)' --multiprocessing-fork

src/sim/mem_state.cc:443: info: Increasing stack size by one page.
src/sim/syscall_emul.hh:1121: warn: readlink() called on '/proc/self/exe' may yield unexpected results in various settings.
      Returning '/home/fdemirel/HPC_Lab_Proj/benchmarks/bfs/bfs-m5.x'
src/arch/arm/insts/pseudo.cc:174: warn: 	instruction 'bti' unimplemented
Beginning BFS ...
Finished BFS.
Global frequency set at 1000000000000 ticks per second
src/mem/dram_interface.cc:690: warn: DRAM device capacity (16384 Mbytes) does not match the address range assigned (512 Mbytes)
src/mem/dram_interface.cc:690: warn: DRAM device capacity (16384 Mbytes) does not match the address range assigned (512 Mbytes)
src/base/statistics.hh:279: warn: One of the stats is a legacy stat. Legacy stat is a stat that does not belong to any statistics::Group. Legacy stat is deprecated.
board.remote_gdb: Listening for connections on port 7001
gem5 Simulator System.  https://www.gem5.org
gem5 is copyrighted software; use the --copyright option for details.

gem5 version 25.0.0.1
gem5 compiled May  5 2026 12:55:05
gem5 started Jun 29 2026 17:58:47
gem5 executing on cn21.guoehi.cluster, pid 924328
command line: /home/fdemirel/HPC_Lab_Proj/imp/../../gem5/build/ALL/gem5.opt -s --outdir=results_imp_stage3 --stdout-file=simple_triad_imp3_s32_sth2_dist32_ipd16_addr16_l2_ddr4_2x_simout.txt --stderr-file=simple_triad_imp3_s32_sth2_dist32_ipd16_addr16_l2_ddr4_2x_simerr.txt --stats-file=stats.txt -c 'from multiprocessing.spawn import spawn_main; spawn_main(tracker_fd=7, pipe_handle=13)' --multiprocessing-fork

src/sim/mem_state.cc:443: info: Increasing stack size by one page.
src/sim/syscall_emul.hh:1121: warn: readlink() called on '/proc/self/exe' may yield unexpected results in various settings.
      Returning '/home/fdemirel/HPC_Lab_Proj/benchmarks/simple_triad/simple_triad-m5.x'
----quick sort----
Array SIZE      : 131072 
random_elem:0, /home/fdemirel/HPC_Lab_Proj/benchmarks/quick/quick-m5.x
Execution time: 8.378687 (ms) 
Global frequency set at 1000000000000 ticks per second
src/mem/dram_interface.cc:690: warn: DRAM device capacity (16384 Mbytes) does not match the address range assigned (512 Mbytes)
src/mem/dram_interface.cc:690: warn: DRAM device capacity (16384 Mbytes) does not match the address range assigned (512 Mbytes)
src/base/statistics.hh:279: warn: One of the stats is a legacy stat. Legacy stat is a stat that does not belong to any statistics::Group. Legacy stat is deprecated.
board.remote_gdb: Listening for connections on port 7000
gem5 Simulator System.  https://www.gem5.org
gem5 is copyrighted software; use the --copyright option for details.

gem5 version 25.0.0.1
gem5 compiled May  5 2026 12:55:05
gem5 started Jun 29 2026 17:59:05
gem5 executing on cn21.guoehi.cluster, pid 924332
command line: /home/fdemirel/HPC_Lab_Proj/imp/../../gem5/build/ALL/gem5.opt -s --outdir=results_imp_stage3 --stdout-file=quick_imp3_s64_sth2_dist32_ipd16_addr16_l2_ddr4_2x_simout.txt --stderr-file=quick_imp3_s64_sth2_dist32_ipd16_addr16_l2_ddr4_2x_simerr.txt --stats-file=stats.txt -c 'from multiprocessing.spawn import spawn_main; spawn_main(tracker_fd=7, pipe_handle=13)' --multiprocessing-fork

src/sim/mem_state.cc:443: info: Increasing stack size by one page.
src/sim/syscall_emul.hh:1121: warn: readlink() called on '/proc/self/exe' may yield unexpected results in various settings.
      Returning '/home/fdemirel/HPC_Lab_Proj/benchmarks/quick/quick-m5.x'
src/arch/arm/insts/pseudo.cc:174: warn: 	instruction 'bti' unimplemented
----spmv----
N_ROWS          : 8192 
N_COLS          : 65536 
NNZ             : 524155 
Execution time: 5.967384 (ms) 
Global frequency set at 1000000000000 ticks per second
src/mem/dram_interface.cc:690: warn: DRAM device capacity (16384 Mbytes) does not match the address range assigned (1024 Mbytes)
src/base/statistics.hh:279: warn: One of the stats is a legacy stat. Legacy stat is a stat that does not belong to any statistics::Group. Legacy stat is deprecated.
board.remote_gdb: Listening for connections on port 7002
gem5 Simulator System.  https://www.gem5.org
gem5 is copyrighted software; use the --copyright option for details.

gem5 version 25.0.0.1
gem5 compiled May  5 2026 12:55:05
gem5 started Jun 29 2026 17:59:33
gem5 executing on cn21.guoehi.cluster, pid 924336
command line: /home/fdemirel/HPC_Lab_Proj/imp/../../gem5/build/ALL/gem5.opt -s --outdir=results_imp_stage3 --stdout-file=merge_imp3_s64_dist8_addr16_l2_ddr4_1x_simout.txt --stderr-file=merge_imp3_s64_dist8_addr16_l2_ddr4_1x_simerr.txt --stats-file=stats.txt -c 'from multiprocessing.spawn import spawn_main; spawn_main(tracker_fd=7, pipe_handle=13)' --multiprocessing-fork

src/sim/mem_state.cc:443: info: Increasing stack size by one page.
src/sim/syscall_emul.hh:1121: warn: readlink() called on '/proc/self/exe' may yield unexpected results in various settings.
      Returning '/home/fdemirel/HPC_Lab_Proj/benchmarks/merge/merge-m5.x'
src/arch/arm/insts/pseudo.cc:174: warn: 	instruction 'bti' unimplemented
Array SIZE      : 1000000 
Array LOOP      : 1 

----triad----
a[0]=7.00e+00. b[0]=2.00e+00. c[0]=1.00e+00.
Execution time: 1.752114 (ms) 
   Rate [MB/s]: 13697.7 
Global frequency set at 1000000000000 ticks per second
src/mem/dram_interface.cc:690: warn: DRAM device capacity (16384 Mbytes) does not match the address range assigned (512 Mbytes)
src/mem/dram_interface.cc:690: warn: DRAM device capacity (16384 Mbytes) does not match the address range assigned (512 Mbytes)
src/base/statistics.hh:279: warn: One of the stats is a legacy stat. Legacy stat is a stat that does not belong to any statistics::Group. Legacy stat is deprecated.
board.remote_gdb: Listening for connections on port 7001
gem5 Simulator System.  https://www.gem5.org
gem5 is copyrighted software; use the --copyright option for details.

gem5 version 25.0.0.1
gem5 compiled May  5 2026 12:55:05
gem5 started Jun 29 2026 18:00:23
gem5 executing on cn21.guoehi.cluster, pid 924345
command line: /home/fdemirel/HPC_Lab_Proj/imp/../../gem5/build/ALL/gem5.opt -s --outdir=results_imp_stage3 --stdout-file=bfs_imp3_s64_sth2_dist32_ipd16_addr16_l1d_ddr4_2x_simout.txt --stderr-file=bfs_imp3_s64_sth2_dist32_ipd16_addr16_l1d_ddr4_2x_simerr.txt --stats-file=stats.txt -c 'from multiprocessing.spawn import spawn_main; spawn_main(tracker_fd=7, pipe_handle=13)' --multiprocessing-fork

src/sim/mem_state.cc:443: info: Increasing stack size by one page.
src/sim/syscall_emul.hh:1121: warn: readlink() called on '/proc/self/exe' may yield unexpected results in various settings.
      Returning '/home/fdemirel/HPC_Lab_Proj/benchmarks/bfs/bfs-m5.x'
src/arch/arm/insts/pseudo.cc:174: warn: 	instruction 'bti' unimplemented
Beginning BFS ...
----quick sort----
Array SIZE      : 131072 
random_elem:0, /home/fdemirel/HPC_Lab_Proj/benchmarks/quick/quick-m5.x
Execution time: 9.104651 (ms) 
Global frequency set at 1000000000000 ticks per second
src/mem/dram_interface.cc:690: warn: DRAM device capacity (16384 Mbytes) does not match the address range assigned (1024 Mbytes)
src/base/statistics.hh:279: warn: One of the stats is a legacy stat. Legacy stat is a stat that does not belong to any statistics::Group. Legacy stat is deprecated.
board.remote_gdb: Listening for connections on port 7000
gem5 Simulator System.  https://www.gem5.org
gem5 is copyrighted software; use the --copyright option for details.

gem5 version 25.0.0.1
gem5 compiled May  5 2026 12:55:05
gem5 started Jun 29 2026 18:03:14
gem5 executing on cn21.guoehi.cluster, pid 924355
command line: /home/fdemirel/HPC_Lab_Proj/imp/../../gem5/build/ALL/gem5.opt -s --outdir=results_imp_stage3 --stdout-file=simple_triad_imp3_s64_sth8_l1d_ddr4_1x_simout.txt --stderr-file=simple_triad_imp3_s64_sth8_l1d_ddr4_1x_simerr.txt --stats-file=stats.txt -c 'from multiprocessing.spawn import spawn_main; spawn_main(tracker_fd=7, pipe_handle=13)' --multiprocessing-fork

src/sim/mem_state.cc:443: info: Increasing stack size by one page.
src/sim/syscall_emul.hh:1121: warn: readlink() called on '/proc/self/exe' may yield unexpected results in various settings.
      Returning '/home/fdemirel/HPC_Lab_Proj/benchmarks/simple_triad/simple_triad-m5.x'

----merge----
Execution time: 10.561265 (ms) 
random_elem:0, /home/fdemirel/HPC_Lab_Proj/benchmarks/merge/merge-m5.x
Global frequency set at 1000000000000 ticks per second
src/mem/dram_interface.cc:690: warn: DRAM device capacity (16384 Mbytes) does not match the address range assigned (1024 Mbytes)
src/base/statistics.hh:279: warn: One of the stats is a legacy stat. Legacy stat is a stat that does not belong to any statistics::Group. Legacy stat is deprecated.
board.remote_gdb: Listening for connections on port 7002
gem5 Simulator System.  https://www.gem5.org
gem5 is copyrighted software; use the --copyright option for details.

gem5 version 25.0.0.1
gem5 compiled May  5 2026 12:55:05
gem5 started Jun 29 2026 18:04:25
gem5 executing on cn21.guoehi.cluster, pid 924360
command line: /home/fdemirel/HPC_Lab_Proj/imp/../../gem5/build/ALL/gem5.opt -s --outdir=results_imp_stage3 --stdout-file=matmult_imp3_s32_sth2_pt8_l2_ddr4_1x_simout.txt --stderr-file=matmult_imp3_s32_sth2_pt8_l2_ddr4_1x_simerr.txt --stats-file=stats.txt -c 'from multiprocessing.spawn import spawn_main; spawn_main(tracker_fd=7, pipe_handle=13)' --multiprocessing-fork

src/sim/mem_state.cc:443: info: Increasing stack size by one page.
src/sim/syscall_emul.hh:1121: warn: readlink() called on '/proc/self/exe' may yield unexpected results in various settings.
      Returning '/home/fdemirel/HPC_Lab_Proj/benchmarks/matmult/matmult-m5.x'
src/arch/arm/insts/pseudo.cc:174: warn: 	instruction 'bti' unimplemented
Array SIZE      : 1000000 
Array LOOP      : 1 

----triad----
a[0]=7.00e+00. b[0]=2.00e+00. c[0]=1.00e+00.
Execution time: 2.861943 (ms) 
   Rate [MB/s]: 8385.9 
Global frequency set at 1000000000000 ticks per second
src/mem/dram_interface.cc:690: warn: DRAM device capacity (16384 Mbytes) does not match the address range assigned (1024 Mbytes)
src/base/statistics.hh:279: warn: One of the stats is a legacy stat. Legacy stat is a stat that does not belong to any statistics::Group. Legacy stat is deprecated.
board.remote_gdb: Listening for connections on port 7000
gem5 Simulator System.  https://www.gem5.org
gem5 is copyrighted software; use the --copyright option for details.

gem5 version 25.0.0.1
gem5 compiled May  5 2026 12:55:05
gem5 started Jun 29 2026 18:05:05
gem5 executing on cn21.guoehi.cluster, pid 924363
command line: /home/fdemirel/HPC_Lab_Proj/imp/../../gem5/build/ALL/gem5.opt -s --outdir=results_imp_stage3 --stdout-file=bfs_imp3_s32_dist8_addr16_l2_ddr4_1x_simout.txt --stderr-file=bfs_imp3_s32_dist8_addr16_l2_ddr4_1x_simerr.txt --stats-file=stats.txt -c 'from multiprocessing.spawn import spawn_main; spawn_main(tracker_fd=7, pipe_handle=13)' --multiprocessing-fork

src/sim/mem_state.cc:443: info: Increasing stack size by one page.
src/sim/syscall_emul.hh:1121: warn: readlink() called on '/proc/self/exe' may yield unexpected results in various settings.
      Returning '/home/fdemirel/HPC_Lab_Proj/benchmarks/bfs/bfs-m5.x'
src/arch/arm/insts/pseudo.cc:174: warn: 	instruction 'bti' unimplemented
Beginning BFS ...

----MATRIX MULTIPLICATION----

----Computation starts----
Loop 0 ... 
argc = 2, A[argc][argc] = 0.500000, B[argc][argc] = 0.500000, C[argc][argc] = 0.500000 
Execution time: 1.197112 (ms) 
Finished BFS.
Global frequency set at 1000000000000 ticks per second
src/mem/dram_interface.cc:690: warn: DRAM device capacity (16384 Mbytes) does not match the address range assigned (1024 Mbytes)
src/base/statistics.hh:279: warn: One of the stats is a legacy stat. Legacy stat is a stat that does not belong to any statistics::Group. Legacy stat is deprecated.
board.remote_gdb: Listening for connections on port 7002
Global frequency set at 1000000000000 ticks per second
gem5 Simulator System.  https://www.gem5.org
gem5 is copyrighted software; use the --copyright option for details.

gem5 version 25.0.0.1
gem5 compiled May  5 2026 12:55:05
gem5 started Jun 29 2026 18:05:27
gem5 executing on cn21.guoehi.cluster, pid 924368
command line: /home/fdemirel/HPC_Lab_Proj/imp/../../gem5/build/ALL/gem5.opt -s --outdir=results_imp_stage3 --stdout-file=quick_imp3_s32_sth2_pt8_l1d_ddr4_1x_simout.txt --stderr-file=quick_imp3_s32_sth2_pt8_l1d_ddr4_1x_simerr.txt --stats-file=stats.txt -c 'from multiprocessing.spawn import spawn_main; spawn_main(tracker_fd=7, pipe_handle=13)' --multiprocessing-fork

src/sim/mem_state.cc:443: info: Increasing stack size by one page.
src/sim/syscall_emul.hh:1121: warn: readlink() called on '/proc/self/exe' may yield unexpected results in various settings.
      Returning '/home/fdemirel/HPC_Lab_Proj/benchmarks/quick/quick-m5.x'
src/arch/arm/insts/pseudo.cc:174: warn: 	instruction 'bti' unimplemented
src/mem/dram_interface.cc:690: warn: DRAM device capacity (16384 Mbytes) does not match the address range assigned (512 Mbytes)
src/mem/dram_interface.cc:690: warn: DRAM device capacity (16384 Mbytes) does not match the address range assigned (512 Mbytes)
src/base/statistics.hh:279: warn: One of the stats is a legacy stat. Legacy stat is a stat that does not belong to any statistics::Group. Legacy stat is deprecated.
board.remote_gdb: Listening for connections on port 7003
gem5 Simulator System.  https://www.gem5.org
gem5 is copyrighted software; use the --copyright option for details.

gem5 version 25.0.0.1
gem5 compiled May  5 2026 12:55:05
gem5 started Jun 29 2026 18:05:27
gem5 executing on cn21.guoehi.cluster, pid 924370
command line: /home/fdemirel/HPC_Lab_Proj/imp/../../gem5/build/ALL/gem5.opt -s --outdir=results_imp_stage3 --stdout-file=matmult_imp3_s64_dist32_addr16_l2_ddr4_2x_simout.txt --stderr-file=matmult_imp3_s64_dist32_addr16_l2_ddr4_2x_simerr.txt --stats-file=stats.txt -c 'from multiprocessing.spawn import spawn_main; spawn_main(tracker_fd=7, pipe_handle=13)' --multiprocessing-fork

src/sim/mem_state.cc:443: info: Increasing stack size by one page.
src/sim/syscall_emul.hh:1121: warn: readlink() called on '/proc/self/exe' may yield unexpected results in various settings.
      Returning '/home/fdemirel/HPC_Lab_Proj/benchmarks/matmult/matmult-m5.x'
src/arch/arm/insts/pseudo.cc:174: warn: 	instruction 'bti' unimplemented

----MATRIX MULTIPLICATION----

----Computation starts----
Loop 0 ... 
argc = 2, A[argc][argc] = 0.500000, B[argc][argc] = 0.500000, C[argc][argc] = 0.500000 
Execution time: 1.228445 (ms) 
Global frequency set at 1000000000000 ticks per second
src/mem/dram_interface.cc:690: warn: DRAM device capacity (16384 Mbytes) does not match the address range assigned (1024 Mbytes)
src/base/statistics.hh:279: warn: One of the stats is a legacy stat. Legacy stat is a stat that does not belong to any statistics::Group. Legacy stat is deprecated.
board.remote_gdb: Listening for connections on port 7003
gem5 Simulator System.  https://www.gem5.org
gem5 is copyrighted software; use the --copyright option for details.

gem5 version 25.0.0.1
gem5 compiled May  5 2026 12:55:05
gem5 started Jun 29 2026 18:06:25
gem5 executing on cn21.guoehi.cluster, pid 924376
command line: /home/fdemirel/HPC_Lab_Proj/imp/../../gem5/build/ALL/gem5.opt -s --outdir=results_imp_stage3 --stdout-file=spmv_imp3_s64_sth2_pt8_l2_ddr4_1x_simout.txt --stderr-file=spmv_imp3_s64_sth2_pt8_l2_ddr4_1x_simerr.txt --stats-file=stats.txt -c 'from multiprocessing.spawn import spawn_main; spawn_main(tracker_fd=7, pipe_handle=13)' --multiprocessing-fork

src/sim/mem_state.cc:443: info: Increasing stack size by one page.
src/sim/syscall_emul.hh:1121: warn: readlink() called on '/proc/self/exe' may yield unexpected results in various settings.
      Returning '/home/fdemirel/HPC_Lab_Proj/benchmarks/spmv/spmv-m5.x'
src/arch/arm/insts/pseudo.cc:174: warn: 	instruction 'bti' unimplemented
src/sim/mem_state.cc:443: info: Increasing stack size by one page.
src/sim/mem_state.cc:443: info: Increasing stack size by one page.
src/sim/mem_state.cc:443: info: Increasing stack size by one page.
src/sim/mem_state.cc:443: info: Increasing stack size by one page.
src/sim/mem_state.cc:443: info: Increasing stack size by one page.
src/sim/mem_state.cc:443: info: Increasing stack size by one page.
src/sim/mem_state.cc:443: info: Increasing stack size by one page.
Finished BFS.
Global frequency set at 1000000000000 ticks per second
src/mem/dram_interface.cc:690: warn: DRAM device capacity (16384 Mbytes) does not match the address range assigned (512 Mbytes)
src/mem/dram_interface.cc:690: warn: DRAM device capacity (16384 Mbytes) does not match the address range assigned (512 Mbytes)
src/base/statistics.hh:279: warn: One of the stats is a legacy stat. Legacy stat is a stat that does not belong to any statistics::Group. Legacy stat is deprecated.
board.remote_gdb: Listening for connections on port 7001
gem5 Simulator System.  https://www.gem5.org
gem5 is copyrighted software; use the --copyright option for details.

gem5 version 25.0.0.1
gem5 compiled May  5 2026 12:55:05
gem5 started Jun 29 2026 18:07:52
gem5 executing on cn21.guoehi.cluster, pid 924383
command line: /home/fdemirel/HPC_Lab_Proj/imp/../../gem5/build/ALL/gem5.opt -s --outdir=results_imp_stage3 --stdout-file=quick_imp3_s64_l1d_ddr4_2x_simout.txt --stderr-file=quick_imp3_s64_l1d_ddr4_2x_simerr.txt --stats-file=stats.txt -c 'from multiprocessing.spawn import spawn_main; spawn_main(tracker_fd=7, pipe_handle=13)' --multiprocessing-fork

src/sim/mem_state.cc:443: info: Increasing stack size by one page.
src/sim/syscall_emul.hh:1121: warn: readlink() called on '/proc/self/exe' may yield unexpected results in various settings.
      Returning '/home/fdemirel/HPC_Lab_Proj/benchmarks/quick/quick-m5.x'
src/arch/arm/insts/pseudo.cc:174: warn: 	instruction 'bti' unimplemented
----spmv----
N_ROWS          : 8192 
N_COLS          : 65536 
NNZ             : 524155 
Execution time: 7.955731 (ms) 
Global frequency set at 1000000000000 ticks per second
src/mem/dram_interface.cc:690: warn: DRAM device capacity (16384 Mbytes) does not match the address range assigned (1024 Mbytes)
src/base/statistics.hh:279: warn: One of the stats is a legacy stat. Legacy stat is a stat that does not belong to any statistics::Group. Legacy stat is deprecated.
board.remote_gdb: Listening for connections on port 7003
gem5 Simulator System.  https://www.gem5.org
gem5 is copyrighted software; use the --copyright option for details.

gem5 version 25.0.0.1
gem5 compiled May  5 2026 12:55:05
gem5 started Jun 29 2026 18:08:31
gem5 executing on cn21.guoehi.cluster, pid 924387
command line: /home/fdemirel/HPC_Lab_Proj/imp/../../gem5/build/ALL/gem5.opt -s --outdir=results_imp_stage3 --stdout-file=simple_triad_imp3_s32_sth8_l2_ddr4_1x_simout.txt --stderr-file=simple_triad_imp3_s32_sth8_l2_ddr4_1x_simerr.txt --stats-file=stats.txt -c 'from multiprocessing.spawn import spawn_main; spawn_main(tracker_fd=7, pipe_handle=13)' --multiprocessing-fork

src/sim/mem_state.cc:443: info: Increasing stack size by one page.
src/sim/syscall_emul.hh:1121: warn: readlink() called on '/proc/self/exe' may yield unexpected results in various settings.
      Returning '/home/fdemirel/HPC_Lab_Proj/benchmarks/simple_triad/simple_triad-m5.x'
----quick sort----
Array SIZE      : 131072 
random_elem:0, /home/fdemirel/HPC_Lab_Proj/benchmarks/quick/quick-m5.x
Execution time: 8.410668 (ms) 
Global frequency set at 1000000000000 ticks per second
src/mem/dram_interface.cc:690: warn: DRAM device capacity (16384 Mbytes) does not match the address range assigned (512 Mbytes)
src/mem/dram_interface.cc:690: warn: DRAM device capacity (16384 Mbytes) does not match the address range assigned (512 Mbytes)
src/base/statistics.hh:279: warn: One of the stats is a legacy stat. Legacy stat is a stat that does not belong to any statistics::Group. Legacy stat is deprecated.
board.remote_gdb: Listening for connections on port 7002
gem5 Simulator System.  https://www.gem5.org
gem5 is copyrighted software; use the --copyright option for details.

gem5 version 25.0.0.1
gem5 compiled May  5 2026 12:55:05
gem5 started Jun 29 2026 18:09:21
gem5 executing on cn21.guoehi.cluster, pid 924391
command line: /home/fdemirel/HPC_Lab_Proj/imp/../../gem5/build/ALL/gem5.opt -s --outdir=results_imp_stage3 --stdout-file=simple_triad_imp3_s64_sth2_l2_ddr4_2x_simout.txt --stderr-file=simple_triad_imp3_s64_sth2_l2_ddr4_2x_simerr.txt --stats-file=stats.txt -c 'from multiprocessing.spawn import spawn_main; spawn_main(tracker_fd=7, pipe_handle=13)' --multiprocessing-fork

src/sim/mem_state.cc:443: info: Increasing stack size by one page.
src/sim/syscall_emul.hh:1121: warn: readlink() called on '/proc/self/exe' may yield unexpected results in various settings.
      Returning '/home/fdemirel/HPC_Lab_Proj/benchmarks/simple_triad/simple_triad-m5.x'
Array SIZE      : 1000000 
Array LOOP      : 1 

----triad----
a[0]=7.00e+00. b[0]=2.00e+00. c[0]=1.00e+00.
Execution time: 2.888610 (ms) 
   Rate [MB/s]: 8308.5 
Global frequency set at 1000000000000 ticks per second
src/mem/dram_interface.cc:690: warn: DRAM device capacity (16384 Mbytes) does not match the address range assigned (512 Mbytes)
src/mem/dram_interface.cc:690: warn: DRAM device capacity (16384 Mbytes) does not match the address range assigned (512 Mbytes)
src/base/statistics.hh:279: warn: One of the stats is a legacy stat. Legacy stat is a stat that does not belong to any statistics::Group. Legacy stat is deprecated.
board.remote_gdb: Listening for connections on port 7003
gem5 Simulator System.  https://www.gem5.org
gem5 is copyrighted software; use the --copyright option for details.

gem5 version 25.0.0.1
gem5 compiled May  5 2026 12:55:05
gem5 started Jun 29 2026 18:10:14
gem5 executing on cn21.guoehi.cluster, pid 924400
command line: /home/fdemirel/HPC_Lab_Proj/imp/../../gem5/build/ALL/gem5.opt -s --outdir=results_imp_stage3 --stdout-file=matmult_imp3_s32_sth2_dist32_ipd16_addr16_l1d_ddr4_2x_simout.txt --stderr-file=matmult_imp3_s32_sth2_dist32_ipd16_addr16_l1d_ddr4_2x_simerr.txt --stats-file=stats.txt -c 'from multiprocessing.spawn import spawn_main; spawn_main(tracker_fd=7, pipe_handle=13)' --multiprocessing-fork

src/sim/mem_state.cc:443: info: Increasing stack size by one page.
src/sim/syscall_emul.hh:1121: warn: readlink() called on '/proc/self/exe' may yield unexpected results in various settings.
      Returning '/home/fdemirel/HPC_Lab_Proj/benchmarks/matmult/matmult-m5.x'
src/arch/arm/insts/pseudo.cc:174: warn: 	instruction 'bti' unimplemented
Array SIZE      : 1000000 
Array LOOP      : 1 

----triad----
a[0]=7.00e+00. b[0]=2.00e+00. c[0]=1.00e+00.
Execution time: 2.086469 (ms) 
   Rate [MB/s]: 11502.7 
Global frequency set at 1000000000000 ticks per second
src/mem/dram_interface.cc:690: warn: DRAM device capacity (16384 Mbytes) does not match the address range assigned (1024 Mbytes)
src/base/statistics.hh:279: warn: One of the stats is a legacy stat. Legacy stat is a stat that does not belong to any statistics::Group. Legacy stat is deprecated.
board.remote_gdb: Listening for connections on port 7002
gem5 Simulator System.  https://www.gem5.org
gem5 is copyrighted software; use the --copyright option for details.

gem5 version 25.0.0.1
gem5 compiled May  5 2026 12:55:05
gem5 started Jun 29 2026 18:11:04
gem5 executing on cn21.guoehi.cluster, pid 924404
command line: /home/fdemirel/HPC_Lab_Proj/imp/../../gem5/build/ALL/gem5.opt -s --outdir=results_imp_stage3 --stdout-file=bfs_imp3_s32_sth2_l1d_ddr4_1x_simout.txt --stderr-file=bfs_imp3_s32_sth2_l1d_ddr4_1x_simerr.txt --stats-file=stats.txt -c 'from multiprocessing.spawn import spawn_main; spawn_main(tracker_fd=7, pipe_handle=13)' --multiprocessing-fork

src/sim/mem_state.cc:443: info: Increasing stack size by one page.
src/sim/syscall_emul.hh:1121: warn: readlink() called on '/proc/self/exe' may yield unexpected results in various settings.
      Returning '/home/fdemirel/HPC_Lab_Proj/benchmarks/bfs/bfs-m5.x'
src/arch/arm/insts/pseudo.cc:174: warn: 	instruction 'bti' unimplemented
Beginning BFS ...

----MATRIX MULTIPLICATION----

----Computation starts----
Loop 0 ... 
argc = 2, A[argc][argc] = 0.500000, B[argc][argc] = 0.500000, C[argc][argc] = 0.500000 
Execution time: 1.213814 (ms) 
Finished BFS.
Global frequency set at 1000000000000 ticks per second
src/mem/dram_interface.cc:690: warn: DRAM device capacity (16384 Mbytes) does not match the address range assigned (1024 Mbytes)
src/base/statistics.hh:279: warn: One of the stats is a legacy stat. Legacy stat is a stat that does not belong to any statistics::Group. Legacy stat is deprecated.
board.remote_gdb: Listening for connections on port 7000
gem5 Simulator System.  https://www.gem5.org
gem5 is copyrighted software; use the --copyright option for details.

gem5 version 25.0.0.1
gem5 compiled May  5 2026 12:55:05
gem5 started Jun 29 2026 18:11:23
gem5 executing on cn21.guoehi.cluster, pid 924407
command line: /home/fdemirel/HPC_Lab_Proj/imp/../../gem5/build/ALL/gem5.opt -s --outdir=results_imp_stage3 --stdout-file=bfs_imp3_s64_ipd16_addr16_l2_ddr4_1x_simout.txt --stderr-file=bfs_imp3_s64_ipd16_addr16_l2_ddr4_1x_simerr.txt --stats-file=stats.txt -c 'from multiprocessing.spawn import spawn_main; spawn_main(tracker_fd=7, pipe_handle=13)' --multiprocessing-fork

src/sim/mem_state.cc:443: info: Increasing stack size by one page.
src/sim/syscall_emul.hh:1121: warn: readlink() called on '/proc/self/exe' may yield unexpected results in various settings.
      Returning '/home/fdemirel/HPC_Lab_Proj/benchmarks/bfs/bfs-m5.x'
src/arch/arm/insts/pseudo.cc:174: warn: 	instruction 'bti' unimplemented
Beginning BFS ...
Global frequency set at 1000000000000 ticks per second
src/mem/dram_interface.cc:690: warn: DRAM device capacity (16384 Mbytes) does not match the address range assigned (512 Mbytes)
src/mem/dram_interface.cc:690: warn: DRAM device capacity (16384 Mbytes) does not match the address range assigned (512 Mbytes)
src/base/statistics.hh:279: warn: One of the stats is a legacy stat. Legacy stat is a stat that does not belong to any statistics::Group. Legacy stat is deprecated.
board.remote_gdb: Listening for connections on port 7003
gem5 Simulator System.  https://www.gem5.org
gem5 is copyrighted software; use the --copyright option for details.

gem5 version 25.0.0.1
gem5 compiled May  5 2026 12:55:05
gem5 started Jun 29 2026 18:11:29
gem5 executing on cn21.guoehi.cluster, pid 924409
command line: /home/fdemirel/HPC_Lab_Proj/imp/../../gem5/build/ALL/gem5.opt -s --outdir=results_imp_stage3 --stdout-file=matmult_imp3_s64_ipd8_addr8_l2_ddr4_2x_simout.txt --stderr-file=matmult_imp3_s64_ipd8_addr8_l2_ddr4_2x_simerr.txt --stats-file=stats.txt -c 'from multiprocessing.spawn import spawn_main; spawn_main(tracker_fd=7, pipe_handle=13)' --multiprocessing-fork

src/sim/mem_state.cc:443: info: Increasing stack size by one page.
src/sim/syscall_emul.hh:1121: warn: readlink() called on '/proc/self/exe' may yield unexpected results in various settings.
      Returning '/home/fdemirel/HPC_Lab_Proj/benchmarks/matmult/matmult-m5.x'
src/arch/arm/insts/pseudo.cc:174: warn: 	instruction 'bti' unimplemented
----quick sort----
Array SIZE      : 131072 
random_elem:0, /home/fdemirel/HPC_Lab_Proj/benchmarks/quick/quick-m5.x
Execution time: 8.519943 (ms) 
Global frequency set at 1000000000000 ticks per second
src/mem/dram_interface.cc:690: warn: DRAM device capacity (16384 Mbytes) does not match the address range assigned (1024 Mbytes)
src/base/statistics.hh:279: warn: One of the stats is a legacy stat. Legacy stat is a stat that does not belong to any statistics::Group. Legacy stat is deprecated.
board.remote_gdb: Listening for connections on port 7001
gem5 Simulator System.  https://www.gem5.org
gem5 is copyrighted software; use the --copyright option for details.

gem5 version 25.0.0.1
gem5 compiled May  5 2026 12:55:05
gem5 started Jun 29 2026 18:11:52
gem5 executing on cn21.guoehi.cluster, pid 924415
command line: /home/fdemirel/HPC_Lab_Proj/imp/../../gem5/build/ALL/gem5.opt -s --outdir=results_imp_stage3 --stdout-file=quick_imp3_s64_sth8_l1d_ddr4_1x_simout.txt --stderr-file=quick_imp3_s64_sth8_l1d_ddr4_1x_simerr.txt --stats-file=stats.txt -c 'from multiprocessing.spawn import spawn_main; spawn_main(tracker_fd=7, pipe_handle=13)' --multiprocessing-fork

src/sim/mem_state.cc:443: info: Increasing stack size by one page.
src/sim/syscall_emul.hh:1121: warn: readlink() called on '/proc/self/exe' may yield unexpected results in various settings.
      Returning '/home/fdemirel/HPC_Lab_Proj/benchmarks/quick/quick-m5.x'
src/arch/arm/insts/pseudo.cc:174: warn: 	instruction 'bti' unimplemented

----MATRIX MULTIPLICATION----

----Computation starts----
Loop 0 ... 
argc = 2, A[argc][argc] = 0.500000, B[argc][argc] = 0.500000, C[argc][argc] = 0.500000 
Execution time: 1.228445 (ms) 
Global frequency set at 1000000000000 ticks per second
src/mem/dram_interface.cc:690: warn: DRAM device capacity (16384 Mbytes) does not match the address range assigned (512 Mbytes)
src/mem/dram_interface.cc:690: warn: DRAM device capacity (16384 Mbytes) does not match the address range assigned (512 Mbytes)
src/base/statistics.hh:279: warn: One of the stats is a legacy stat. Legacy stat is a stat that does not belong to any statistics::Group. Legacy stat is deprecated.
board.remote_gdb: Listening for connections on port 7003
gem5 Simulator System.  https://www.gem5.org
gem5 is copyrighted software; use the --copyright option for details.

gem5 version 25.0.0.1
gem5 compiled May  5 2026 12:55:05
gem5 started Jun 29 2026 18:12:27
gem5 executing on cn21.guoehi.cluster, pid 924419
command line: /home/fdemirel/HPC_Lab_Proj/imp/../../gem5/build/ALL/gem5.opt -s --outdir=results_imp_stage3 --stdout-file=quick_imp3_s64_ipd16_addr16_l1d_ddr4_2x_simout.txt --stderr-file=quick_imp3_s64_ipd16_addr16_l1d_ddr4_2x_simerr.txt --stats-file=stats.txt -c 'from multiprocessing.spawn import spawn_main; spawn_main(tracker_fd=7, pipe_handle=13)' --multiprocessing-fork

src/sim/mem_state.cc:443: info: Increasing stack size by one page.
src/sim/syscall_emul.hh:1121: warn: readlink() called on '/proc/self/exe' may yield unexpected results in various settings.
      Returning '/home/fdemirel/HPC_Lab_Proj/benchmarks/quick/quick-m5.x'
src/arch/arm/insts/pseudo.cc:174: warn: 	instruction 'bti' unimplemented
----quick sort----
Array SIZE      : 131072 
random_elem:0, /home/fdemirel/HPC_Lab_Proj/benchmarks/quick/quick-m5.x
Execution time: 8.565171 (ms) 
Global frequency set at 1000000000000 ticks per second
src/mem/dram_interface.cc:690: warn: DRAM device capacity (16384 Mbytes) does not match the address range assigned (512 Mbytes)
src/mem/dram_interface.cc:690: warn: DRAM device capacity (16384 Mbytes) does not match the address range assigned (512 Mbytes)
src/base/statistics.hh:279: warn: One of the stats is a legacy stat. Legacy stat is a stat that does not belong to any statistics::Group. Legacy stat is deprecated.
board.remote_gdb: Listening for connections on port 7001
gem5 Simulator System.  https://www.gem5.org
gem5 is copyrighted software; use the --copyright option for details.

gem5 version 25.0.0.1
gem5 compiled May  5 2026 12:55:05
gem5 started Jun 29 2026 18:15:54
gem5 executing on cn21.guoehi.cluster, pid 924944
command line: /home/fdemirel/HPC_Lab_Proj/imp/../../gem5/build/ALL/gem5.opt -s --outdir=results_imp_stage3 --stdout-file=merge_imp3_s32_dist32_addr16_l2_ddr4_2x_simout.txt --stderr-file=merge_imp3_s32_dist32_addr16_l2_ddr4_2x_simerr.txt --stats-file=stats.txt -c 'from multiprocessing.spawn import spawn_main; spawn_main(tracker_fd=7, pipe_handle=13)' --multiprocessing-fork

src/sim/mem_state.cc:443: info: Increasing stack size by one page.
src/sim/syscall_emul.hh:1121: warn: readlink() called on '/proc/self/exe' may yield unexpected results in various settings.
      Returning '/home/fdemirel/HPC_Lab_Proj/benchmarks/merge/merge-m5.x'
src/arch/arm/insts/pseudo.cc:174: warn: 	instruction 'bti' unimplemented
----quick sort----
Array SIZE      : 131072 
random_elem:0, /home/fdemirel/HPC_Lab_Proj/benchmarks/quick/quick-m5.x
Execution time: 8.519943 (ms) 
Global frequency set at 1000000000000 ticks per second
src/mem/dram_interface.cc:690: warn: DRAM device capacity (16384 Mbytes) does not match the address range assigned (512 Mbytes)
src/mem/dram_interface.cc:690: warn: DRAM device capacity (16384 Mbytes) does not match the address range assigned (512 Mbytes)
src/base/statistics.hh:279: warn: One of the stats is a legacy stat. Legacy stat is a stat that does not belong to any statistics::Group. Legacy stat is deprecated.
board.remote_gdb: Listening for connections on port 7003
gem5 Simulator System.  https://www.gem5.org
gem5 is copyrighted software; use the --copyright option for details.

gem5 version 25.0.0.1
gem5 compiled May  5 2026 12:55:05
gem5 started Jun 29 2026 18:16:22
gem5 executing on cn21.guoehi.cluster, pid 924949
command line: /home/fdemirel/HPC_Lab_Proj/imp/../../gem5/build/ALL/gem5.opt -s --outdir=results_imp_stage3 --stdout-file=simple_triad_imp3_s32_sth2_dist32_ipd16_l1d_ddr4_2x_simout.txt --stderr-file=simple_triad_imp3_s32_sth2_dist32_ipd16_l1d_ddr4_2x_simerr.txt --stats-file=stats.txt -c 'from multiprocessing.spawn import spawn_main; spawn_main(tracker_fd=7, pipe_handle=13)' --multiprocessing-fork

src/sim/mem_state.cc:443: info: Increasing stack size by one page.
src/sim/syscall_emul.hh:1121: warn: readlink() called on '/proc/self/exe' may yield unexpected results in various settings.
      Returning '/home/fdemirel/HPC_Lab_Proj/benchmarks/simple_triad/simple_triad-m5.x'
Array SIZE      : 1000000 
Array LOOP      : 1 

----triad----
a[0]=7.00e+00. b[0]=2.00e+00. c[0]=1.00e+00.
Execution time: 2.052675 (ms) 
   Rate [MB/s]: 11692.1 
Finished BFS.
Global frequency set at 1000000000000 ticks per second
src/mem/dram_interface.cc:690: warn: DRAM device capacity (16384 Mbytes) does not match the address range assigned (1024 Mbytes)
src/base/statistics.hh:279: warn: One of the stats is a legacy stat. Legacy stat is a stat that does not belong to any statistics::Group. Legacy stat is deprecated.
board.remote_gdb: Listening for connections on port 7000
gem5 Simulator System.  https://www.gem5.org
gem5 is copyrighted software; use the --copyright option for details.

gem5 version 25.0.0.1
gem5 compiled May  5 2026 12:55:05
gem5 started Jun 29 2026 18:18:06
gem5 executing on cn21.guoehi.cluster, pid 924956
command line: /home/fdemirel/HPC_Lab_Proj/imp/../../gem5/build/ALL/gem5.opt -s --outdir=results_imp_stage3 --stdout-file=merge_imp3_s64_l1d_ddr4_1x_simout.txt --stderr-file=merge_imp3_s64_l1d_ddr4_1x_simerr.txt --stats-file=stats.txt -c 'from multiprocessing.spawn import spawn_main; spawn_main(tracker_fd=7, pipe_handle=13)' --multiprocessing-fork

src/sim/mem_state.cc:443: info: Increasing stack size by one page.
src/sim/syscall_emul.hh:1121: warn: readlink() called on '/proc/self/exe' may yield unexpected results in various settings.
      Returning '/home/fdemirel/HPC_Lab_Proj/benchmarks/merge/merge-m5.x'
src/arch/arm/insts/pseudo.cc:174: warn: 	instruction 'bti' unimplemented
Finished BFS.
Global frequency set at 1000000000000 ticks per second
src/mem/dram_interface.cc:690: warn: DRAM device capacity (16384 Mbytes) does not match the address range assigned (512 Mbytes)
src/mem/dram_interface.cc:690: warn: DRAM device capacity (16384 Mbytes) does not match the address range assigned (512 Mbytes)
src/base/statistics.hh:279: warn: One of the stats is a legacy stat. Legacy stat is a stat that does not belong to any statistics::Group. Legacy stat is deprecated.
board.remote_gdb: Listening for connections on port 7002
gem5 Simulator System.  https://www.gem5.org
gem5 is copyrighted software; use the --copyright option for details.

gem5 version 25.0.0.1
gem5 compiled May  5 2026 12:55:05
gem5 started Jun 29 2026 18:18:09
gem5 executing on cn21.guoehi.cluster, pid 925011
command line: /home/fdemirel/HPC_Lab_Proj/imp/../../gem5/build/ALL/gem5.opt -s --outdir=results_imp_stage3 --stdout-file=simple_triad_imp3_s64_sth2_pt8_l2_ddr4_2x_simout.txt --stderr-file=simple_triad_imp3_s64_sth2_pt8_l2_ddr4_2x_simerr.txt --stats-file=stats.txt -c 'from multiprocessing.spawn import spawn_main; spawn_main(tracker_fd=7, pipe_handle=13)' --multiprocessing-fork

src/sim/mem_state.cc:443: info: Increasing stack size by one page.
src/sim/syscall_emul.hh:1121: warn: readlink() called on '/proc/self/exe' may yield unexpected results in various settings.
      Returning '/home/fdemirel/HPC_Lab_Proj/benchmarks/simple_triad/simple_triad-m5.x'
Global frequency set at 1000000000000 ticks per second
src/mem/dram_interface.cc:690: warn: DRAM device capacity (16384 Mbytes) does not match the address range assigned (1024 Mbytes)
src/base/statistics.hh:279: warn: One of the stats is a legacy stat. Legacy stat is a stat that does not belong to any statistics::Group. Legacy stat is deprecated.
board.remote_gdb: Listening for connections on port 7003
gem5 Simulator System.  https://www.gem5.org
gem5 is copyrighted software; use the --copyright option for details.

gem5 version 25.0.0.1
gem5 compiled May  5 2026 12:55:05
gem5 started Jun 29 2026 18:18:19
gem5 executing on cn21.guoehi.cluster, pid 925480
command line: /home/fdemirel/HPC_Lab_Proj/imp/../../gem5/build/ALL/gem5.opt -s --outdir=results_imp_stage3 --stdout-file=quick_imp3_s32_ipd16_addr16_l2_ddr4_1x_simout.txt --stderr-file=quick_imp3_s32_ipd16_addr16_l2_ddr4_1x_simerr.txt --stats-file=stats.txt -c 'from multiprocessing.spawn import spawn_main; spawn_main(tracker_fd=7, pipe_handle=13)' --multiprocessing-fork

src/sim/mem_state.cc:443: info: Increasing stack size by one page.
src/sim/syscall_emul.hh:1121: warn: readlink() called on '/proc/self/exe' may yield unexpected results in various settings.
      Returning '/home/fdemirel/HPC_Lab_Proj/benchmarks/quick/quick-m5.x'
src/arch/arm/insts/pseudo.cc:174: warn: 	instruction 'bti' unimplemented
Array SIZE      : 1000000 
Array LOOP      : 1 

----triad----
a[0]=7.00e+00. b[0]=2.00e+00. c[0]=1.00e+00.
Execution time: 2.086469 (ms) 
   Rate [MB/s]: 11502.7 
Global frequency set at 1000000000000 ticks per second
src/mem/dram_interface.cc:690: warn: DRAM device capacity (16384 Mbytes) does not match the address range assigned (1024 Mbytes)
src/base/statistics.hh:279: warn: One of the stats is a legacy stat. Legacy stat is a stat that does not belong to any statistics::Group. Legacy stat is deprecated.
board.remote_gdb: Listening for connections on port 7002
gem5 Simulator System.  https://www.gem5.org
gem5 is copyrighted software; use the --copyright option for details.

gem5 version 25.0.0.1
gem5 compiled May  5 2026 12:55:05
gem5 started Jun 29 2026 18:19:54
gem5 executing on cn21.guoehi.cluster, pid 925488
command line: /home/fdemirel/HPC_Lab_Proj/imp/../../gem5/build/ALL/gem5.opt -s --outdir=results_imp_stage3 --stdout-file=matmult_imp3_s32_dist8_addr16_l1d_ddr4_1x_simout.txt --stderr-file=matmult_imp3_s32_dist8_addr16_l1d_ddr4_1x_simerr.txt --stats-file=stats.txt -c 'from multiprocessing.spawn import spawn_main; spawn_main(tracker_fd=7, pipe_handle=13)' --multiprocessing-fork

src/sim/mem_state.cc:443: info: Increasing stack size by one page.
src/sim/syscall_emul.hh:1121: warn: readlink() called on '/proc/self/exe' may yield unexpected results in various settings.
      Returning '/home/fdemirel/HPC_Lab_Proj/benchmarks/matmult/matmult-m5.x'
src/arch/arm/insts/pseudo.cc:174: warn: 	instruction 'bti' unimplemented

----merge----
Execution time: 10.038751 (ms) 
random_elem:0, /home/fdemirel/HPC_Lab_Proj/benchmarks/merge/merge-m5.x

----MATRIX MULTIPLICATION----

----Computation starts----
Loop 0 ... 
argc = 2, A[argc][argc] = 0.500000, B[argc][argc] = 0.500000, C[argc][argc] = 0.500000 
Execution time: 1.204214 (ms) 
Global frequency set at 1000000000000 ticks per second
src/mem/dram_interface.cc:690: warn: DRAM device capacity (16384 Mbytes) does not match the address range assigned (512 Mbytes)
src/mem/dram_interface.cc:690: warn: DRAM device capacity (16384 Mbytes) does not match the address range assigned (512 Mbytes)
src/base/statistics.hh:279: warn: One of the stats is a legacy stat. Legacy stat is a stat that does not belong to any statistics::Group. Legacy stat is deprecated.
board.remote_gdb: Listening for connections on port 7001
gem5 Simulator System.  https://www.gem5.org
gem5 is copyrighted software; use the --copyright option for details.

gem5 version 25.0.0.1
gem5 compiled May  5 2026 12:55:05
gem5 started Jun 29 2026 18:20:55
gem5 executing on cn21.guoehi.cluster, pid 926015
command line: /home/fdemirel/HPC_Lab_Proj/imp/../../gem5/build/ALL/gem5.opt -s --outdir=results_imp_stage3 --stdout-file=matmult_imp3_s64_sth2_l1d_ddr4_2x_simout.txt --stderr-file=matmult_imp3_s64_sth2_l1d_ddr4_2x_simerr.txt --stats-file=stats.txt -c 'from multiprocessing.spawn import spawn_main; spawn_main(tracker_fd=7, pipe_handle=13)' --multiprocessing-fork

src/sim/mem_state.cc:443: info: Increasing stack size by one page.
src/sim/syscall_emul.hh:1121: warn: readlink() called on '/proc/self/exe' may yield unexpected results in various settings.
      Returning '/home/fdemirel/HPC_Lab_Proj/benchmarks/matmult/matmult-m5.x'
src/arch/arm/insts/pseudo.cc:174: warn: 	instruction 'bti' unimplemented
Global frequency set at 1000000000000 ticks per second
src/mem/dram_interface.cc:690: warn: DRAM device capacity (16384 Mbytes) does not match the address range assigned (512 Mbytes)
src/mem/dram_interface.cc:690: warn: DRAM device capacity (16384 Mbytes) does not match the address range assigned (512 Mbytes)
src/base/statistics.hh:279: warn: One of the stats is a legacy stat. Legacy stat is a stat that does not belong to any statistics::Group. Legacy stat is deprecated.
board.remote_gdb: Listening for connections on port 7002
gem5 Simulator System.  https://www.gem5.org
gem5 is copyrighted software; use the --copyright option for details.

gem5 version 25.0.0.1
gem5 compiled May  5 2026 12:55:05
gem5 started Jun 29 2026 18:21:02
gem5 executing on cn21.guoehi.cluster, pid 926016
command line: /home/fdemirel/HPC_Lab_Proj/imp/../../gem5/build/ALL/gem5.opt -s --outdir=results_imp_stage3 --stdout-file=spmv_imp3_s32_dist32_addr16_l2_ddr4_2x_simout.txt --stderr-file=spmv_imp3_s32_dist32_addr16_l2_ddr4_2x_simerr.txt --stats-file=stats.txt -c 'from multiprocessing.spawn import spawn_main; spawn_main(tracker_fd=7, pipe_handle=13)' --multiprocessing-fork

src/sim/mem_state.cc:443: info: Increasing stack size by one page.
src/sim/syscall_emul.hh:1121: warn: readlink() called on '/proc/self/exe' may yield unexpected results in various settings.
      Returning '/home/fdemirel/HPC_Lab_Proj/benchmarks/spmv/spmv-m5.x'
src/arch/arm/insts/pseudo.cc:174: warn: 	instruction 'bti' unimplemented
src/sim/mem_state.cc:443: info: Increasing stack size by one page.
src/sim/mem_state.cc:443: info: Increasing stack size by one page.
src/sim/mem_state.cc:443: info: Increasing stack size by one page.
src/sim/mem_state.cc:443: info: Increasing stack size by one page.
src/sim/mem_state.cc:443: info: Increasing stack size by one page.
src/sim/mem_state.cc:443: info: Increasing stack size by one page.
src/sim/mem_state.cc:443: info: Increasing stack size by one page.

----MATRIX MULTIPLICATION----

----Computation starts----
Loop 0 ... 
argc = 2, A[argc][argc] = 0.500000, B[argc][argc] = 0.500000, C[argc][argc] = 0.500000 
Execution time: 1.210032 (ms) 
Global frequency set at 1000000000000 ticks per second
src/mem/dram_interface.cc:690: warn: DRAM device capacity (16384 Mbytes) does not match the address range assigned (1024 Mbytes)
src/base/statistics.hh:279: warn: One of the stats is a legacy stat. Legacy stat is a stat that does not belong to any statistics::Group. Legacy stat is deprecated.
board.remote_gdb: Listening for connections on port 7001
gem5 Simulator System.  https://www.gem5.org
gem5 is copyrighted software; use the --copyright option for details.

gem5 version 25.0.0.1
gem5 compiled May  5 2026 12:55:05
gem5 started Jun 29 2026 18:22:14
gem5 executing on cn21.guoehi.cluster, pid 926705
command line: /home/fdemirel/HPC_Lab_Proj/imp/../../gem5/build/ALL/gem5.opt -s --outdir=results_imp_stage3 --stdout-file=spmv_imp3_s64_l1d_ddr4_1x_simout.txt --stderr-file=spmv_imp3_s64_l1d_ddr4_1x_simerr.txt --stats-file=stats.txt -c 'from multiprocessing.spawn import spawn_main; spawn_main(tracker_fd=7, pipe_handle=13)' --multiprocessing-fork

src/sim/mem_state.cc:443: info: Increasing stack size by one page.
src/sim/syscall_emul.hh:1121: warn: readlink() called on '/proc/self/exe' may yield unexpected results in various settings.
      Returning '/home/fdemirel/HPC_Lab_Proj/benchmarks/spmv/spmv-m5.x'
src/arch/arm/insts/pseudo.cc:174: warn: 	instruction 'bti' unimplemented
src/sim/mem_state.cc:443: info: Increasing stack size by one page.
src/sim/mem_state.cc:443: info: Increasing stack size by one page.
src/sim/mem_state.cc:443: info: Increasing stack size by one page.
src/sim/mem_state.cc:443: info: Increasing stack size by one page.
src/sim/mem_state.cc:443: info: Increasing stack size by one page.
src/sim/mem_state.cc:443: info: Increasing stack size by one page.
src/sim/mem_state.cc:443: info: Increasing stack size by one page.
----quick sort----
Array SIZE      : 131072 
random_elem:0, /home/fdemirel/HPC_Lab_Proj/benchmarks/quick/quick-m5.x
Execution time: 8.641523 (ms) 
Global frequency set at 1000000000000 ticks per second
src/mem/dram_interface.cc:690: warn: DRAM device capacity (16384 Mbytes) does not match the address range assigned (1024 Mbytes)
src/base/statistics.hh:279: warn: One of the stats is a legacy stat. Legacy stat is a stat that does not belong to any statistics::Group. Legacy stat is deprecated.
board.remote_gdb: Listening for connections on port 7003
gem5 Simulator System.  https://www.gem5.org
gem5 is copyrighted software; use the --copyright option for details.

gem5 version 25.0.0.1
gem5 compiled May  5 2026 12:55:05
gem5 started Jun 29 2026 18:22:25
gem5 executing on cn21.guoehi.cluster, pid 926708
command line: /home/fdemirel/HPC_Lab_Proj/imp/../../gem5/build/ALL/gem5.opt -s --outdir=results_imp_stage3 --stdout-file=merge_imp3_s32_l2_ddr4_1x_simout.txt --stderr-file=merge_imp3_s32_l2_ddr4_1x_simerr.txt --stats-file=stats.txt -c 'from multiprocessing.spawn import spawn_main; spawn_main(tracker_fd=7, pipe_handle=13)' --multiprocessing-fork

src/sim/mem_state.cc:443: info: Increasing stack size by one page.
src/sim/syscall_emul.hh:1121: warn: readlink() called on '/proc/self/exe' may yield unexpected results in various settings.
      Returning '/home/fdemirel/HPC_Lab_Proj/benchmarks/merge/merge-m5.x'
src/arch/arm/insts/pseudo.cc:174: warn: 	instruction 'bti' unimplemented
----spmv----
N_ROWS          : 8192 
N_COLS          : 65536 
NNZ             : 524155 
Execution time: 5.297979 (ms) 

----merge----
Execution time: 10.101444 (ms) 
random_elem:0, /home/fdemirel/HPC_Lab_Proj/benchmarks/merge/merge-m5.x
----spmv----
N_ROWS          : 8192 
N_COLS          : 65536 
NNZ             : 524155 
Execution time: 6.013488 (ms) 

----merge----
Execution time: 10.140762 (ms) 
random_elem:0, /home/fdemirel/HPC_Lab_Proj/benchmarks/merge/merge-m5.x
info: Cleaning up processes
