run,benchmark,prefetcher,config,pf_level,memory,simSeconds,ipc,l1d_demand_misses,l1d_demand_accesses,l2_demand_misses,l2_demand_accesses,l1d_pf_issued,l1d_pf_useful,l1d_pf_unused,l2_pf_issued,l2_pf_useful,l2_pf_unused,stage,nopf_simSeconds,speedup_vs_nopf,pf_issued,pf_useful,pf_unused,pf_accuracy,pf_unused_ratio,l1d_miss_rate,l2_miss_rate,label
bfs_imp_addrlen16_l1d_ddr4_1x,bfs,imp,addrlen16,l1d,ddr4_1x,0.023393,0.437428,6169647.0,11507814.0,2094566.0,5922664.0,4964319.0,312862.0,2227696.0,,,,stage1,0.02764,1.181550036335656,4964319.0,312862.0,2227696.0,0.06302213858537294,0.4487415091576508,0.5361267570018077,0.3536526806180462,stage1: addrlen16
bfs_imp_addrlen16_l1d_ddr4_2x,bfs,imp,addrlen16,l1d,ddr4_2x,0.020727,0.493705,6022529.0,11419388.0,2121072.0,5950664.0,4956620.0,321255.0,2255403.0,,,,stage1,0.025176,1.2146475611521206,4956620.0,321255.0,2255403.0,0.0648133203675085,0.455028426629437,0.5273950758131697,0.35644291124486277,stage1: addrlen16
bfs_imp_addrlen16_l2_ddr4_1x,bfs,imp,addrlen16,l2,ddr4_1x,0.02562,0.39941,7053475.0,11488481.0,1351155.0,3528869.0,,,,1243469.0,260786.0,458053.0,stage1,0.02764,1.0788446526151445,1243469.0,260786.0,458053.0,0.2097245689277336,0.3683670441321818,0.6139606271708157,0.38288613150559003,stage1: addrlen16
bfs_imp_addrlen16_l2_ddr4_2x,bfs,imp,addrlen16,l2,ddr4_2x,0.022034,0.464409,6935868.0,11405851.0,1346276.0,3529169.0,,,,1255627.0,266135.0,462189.0,stage1,0.025176,1.1425978033947535,1255627.0,266135.0,462189.0,0.21195386846571473,0.36809418720686954,0.6080973703759588,0.38147110552087476,stage1: addrlen16
bfs_imp_addrlen2_l1d_ddr4_1x,bfs,imp,addrlen2,l1d,ddr4_1x,0.023393,0.437428,6169647.0,11507814.0,2094566.0,5922664.0,4964319.0,312862.0,2227696.0,,,,stage1,0.02764,1.181550036335656,4964319.0,312862.0,2227696.0,0.06302213858537294,0.4487415091576508,0.5361267570018077,0.3536526806180462,stage1: addrlen2
bfs_imp_addrlen2_l1d_ddr4_2x,bfs,imp,addrlen2,l1d,ddr4_2x,0.020727,0.493705,6022529.0,11419388.0,2121072.0,5950664.0,4956620.0,321255.0,2255403.0,,,,stage1,0.025176,1.2146475611521206,4956620.0,321255.0,2255403.0,0.0648133203675085,0.455028426629437,0.5273950758131697,0.35644291124486277,stage1: addrlen2
bfs_imp_addrlen2_l2_ddr4_1x,bfs,imp,addrlen2,l2,ddr4_1x,0.02562,0.39941,7053475.0,11488481.0,1351155.0,3528869.0,,,,1243469.0,260786.0,458053.0,stage1,0.02764,1.0788446526151445,1243469.0,260786.0,458053.0,0.2097245689277336,0.3683670441321818,0.6139606271708157,0.38288613150559003,stage1: addrlen2
bfs_imp_addrlen2_l2_ddr4_2x,bfs,imp,addrlen2,l2,ddr4_2x,0.022034,0.464409,6935868.0,11405851.0,1346276.0,3529169.0,,,,1255627.0,266135.0,462189.0,stage1,0.025176,1.1425978033947535,1255627.0,266135.0,462189.0,0.21195386846571473,0.36809418720686954,0.6080973703759588,0.38147110552087476,stage1: addrlen2
bfs_imp_addrlen8_l1d_ddr4_1x,bfs,imp,addrlen8,l1d,ddr4_1x,0.023393,0.437428,6169647.0,11507814.0,2094566.0,5922664.0,4964319.0,312862.0,2227696.0,,,,stage1,0.02764,1.181550036335656,4964319.0,312862.0,2227696.0,0.06302213858537294,0.4487415091576508,0.5361267570018077,0.3536526806180462,stage1: addrlen8
bfs_imp_addrlen8_l1d_ddr4_2x,bfs,imp,addrlen8,l1d,ddr4_2x,0.020727,0.493705,6022529.0,11419388.0,2121072.0,5950664.0,4956620.0,321255.0,2255403.0,,,,stage1,0.025176,1.2146475611521206,4956620.0,321255.0,2255403.0,0.0648133203675085,0.455028426629437,0.5273950758131697,0.35644291124486277,stage1: addrlen8
bfs_imp_addrlen8_l2_ddr4_1x,bfs,imp,addrlen8,l2,ddr4_1x,0.02562,0.39941,7053475.0,11488481.0,1351155.0,3528869.0,,,,1243469.0,260786.0,458053.0,stage1,0.02764,1.0788446526151445,1243469.0,260786.0,458053.0,0.2097245689277336,0.3683670441321818,0.6139606271708157,0.38288613150559003,stage1: addrlen8
bfs_imp_addrlen8_l2_ddr4_2x,bfs,imp,addrlen8,l2,ddr4_2x,0.022034,0.464409,6935868.0,11405851.0,1346276.0,3529169.0,,,,1255627.0,266135.0,462189.0,stage1,0.025176,1.1425978033947535,1255627.0,266135.0,462189.0,0.21195386846571473,0.36809418720686954,0.6080973703759588,0.38147110552087476,stage1: addrlen8
bfs_imp_default_l1d_ddr4_1x,bfs,imp,default,l1d,ddr4_1x,0.023393,0.437428,6169647.0,11507814.0,2094566.0,5922664.0,4964319.0,312862.0,2227696.0,,,,stage1,0.02764,1.181550036335656,4964319.0,312862.0,2227696.0,0.06302213858537294,0.4487415091576508,0.5361267570018077,0.3536526806180462,stage1: default [IMP default]
bfs_imp_default_l1d_ddr4_2x,bfs,imp,default,l1d,ddr4_2x,0.020727,0.493705,6022529.0,11419388.0,2121072.0,5950664.0,4956620.0,321255.0,2255403.0,,,,stage1,0.025176,1.2146475611521206,4956620.0,321255.0,2255403.0,0.0648133203675085,0.455028426629437,0.5273950758131697,0.35644291124486277,stage1: default [IMP default]
bfs_imp_default_l2_ddr4_1x,bfs,imp,default,l2,ddr4_1x,0.02562,0.39941,7053475.0,11488481.0,1351155.0,3528869.0,,,,1243469.0,260786.0,458053.0,stage1,0.02764,1.0788446526151445,1243469.0,260786.0,458053.0,0.2097245689277336,0.3683670441321818,0.6139606271708157,0.38288613150559003,stage1: default [IMP default]
bfs_imp_default_l2_ddr4_2x,bfs,imp,default,l2,ddr4_2x,0.022034,0.464409,6935868.0,11405851.0,1346276.0,3529169.0,,,,1255627.0,266135.0,462189.0,stage1,0.025176,1.1425978033947535,1255627.0,266135.0,462189.0,0.21195386846571473,0.36809418720686954,0.6080973703759588,0.38147110552087476,stage1: default [IMP default]
bfs_imp_dist32_l1d_ddr4_1x,bfs,imp,dist32,l1d,ddr4_1x,0.023393,0.437428,6169647.0,11507814.0,2094566.0,5922664.0,4964319.0,312862.0,2227696.0,,,,stage1,0.02764,1.181550036335656,4964319.0,312862.0,2227696.0,0.06302213858537294,0.4487415091576508,0.5361267570018077,0.3536526806180462,stage1: dist32
bfs_imp_dist32_l1d_ddr4_2x,bfs,imp,dist32,l1d,ddr4_2x,0.020727,0.493705,6022529.0,11419388.0,2121072.0,5950664.0,4956620.0,321255.0,2255403.0,,,,stage1,0.025176,1.2146475611521206,4956620.0,321255.0,2255403.0,0.0648133203675085,0.455028426629437,0.5273950758131697,0.35644291124486277,stage1: dist32
bfs_imp_dist32_l2_ddr4_1x,bfs,imp,dist32,l2,ddr4_1x,0.02562,0.39941,7053475.0,11488481.0,1351155.0,3528869.0,,,,1243469.0,260786.0,458053.0,stage1,0.02764,1.0788446526151445,1243469.0,260786.0,458053.0,0.2097245689277336,0.3683670441321818,0.6139606271708157,0.38288613150559003,stage1: dist32
bfs_imp_dist32_l2_ddr4_2x,bfs,imp,dist32,l2,ddr4_2x,0.022034,0.464409,6935868.0,11405851.0,1346276.0,3529169.0,,,,1255627.0,266135.0,462189.0,stage1,0.025176,1.1425978033947535,1255627.0,266135.0,462189.0,0.21195386846571473,0.36809418720686954,0.6080973703759588,0.38147110552087476,stage1: dist32
bfs_imp_dist4_l1d_ddr4_1x,bfs,imp,dist4,l1d,ddr4_1x,0.023393,0.437428,6169647.0,11507814.0,2094566.0,5922664.0,4964319.0,312862.0,2227696.0,,,,stage1,0.02764,1.181550036335656,4964319.0,312862.0,2227696.0,0.06302213858537294,0.4487415091576508,0.5361267570018077,0.3536526806180462,stage1: dist4
bfs_imp_dist4_l1d_ddr4_2x,bfs,imp,dist4,l1d,ddr4_2x,0.020727,0.493705,6022529.0,11419388.0,2121072.0,5950664.0,4956620.0,321255.0,2255403.0,,,,stage1,0.025176,1.2146475611521206,4956620.0,321255.0,2255403.0,0.0648133203675085,0.455028426629437,0.5273950758131697,0.35644291124486277,stage1: dist4
bfs_imp_dist4_l2_ddr4_1x,bfs,imp,dist4,l2,ddr4_1x,0.02562,0.39941,7053475.0,11488481.0,1351155.0,3528869.0,,,,1243469.0,260786.0,458053.0,stage1,0.02764,1.0788446526151445,1243469.0,260786.0,458053.0,0.2097245689277336,0.3683670441321818,0.6139606271708157,0.38288613150559003,stage1: dist4
bfs_imp_dist4_l2_ddr4_2x,bfs,imp,dist4,l2,ddr4_2x,0.022034,0.464409,6935868.0,11405851.0,1346276.0,3529169.0,,,,1255627.0,266135.0,462189.0,stage1,0.025176,1.1425978033947535,1255627.0,266135.0,462189.0,0.21195386846571473,0.36809418720686954,0.6080973703759588,0.38147110552087476,stage1: dist4
bfs_imp_dist64_l1d_ddr4_1x,bfs,imp,dist64,l1d,ddr4_1x,0.023393,0.437428,6169647.0,11507814.0,2094566.0,5922664.0,4964319.0,312862.0,2227696.0,,,,stage1,0.02764,1.181550036335656,4964319.0,312862.0,2227696.0,0.06302213858537294,0.4487415091576508,0.5361267570018077,0.3536526806180462,stage1: dist64
bfs_imp_dist64_l1d_ddr4_2x,bfs,imp,dist64,l1d,ddr4_2x,0.020727,0.493705,6022529.0,11419388.0,2121072.0,5950664.0,4956620.0,321255.0,2255403.0,,,,stage1,0.025176,1.2146475611521206,4956620.0,321255.0,2255403.0,0.0648133203675085,0.455028426629437,0.5273950758131697,0.35644291124486277,stage1: dist64
bfs_imp_dist64_l2_ddr4_1x,bfs,imp,dist64,l2,ddr4_1x,0.02562,0.39941,7053475.0,11488481.0,1351155.0,3528869.0,,,,1243469.0,260786.0,458053.0,stage1,0.02764,1.0788446526151445,1243469.0,260786.0,458053.0,0.2097245689277336,0.3683670441321818,0.6139606271708157,0.38288613150559003,stage1: dist64
bfs_imp_dist64_l2_ddr4_2x,bfs,imp,dist64,l2,ddr4_2x,0.022034,0.464409,6935868.0,11405851.0,1346276.0,3529169.0,,,,1255627.0,266135.0,462189.0,stage1,0.025176,1.1425978033947535,1255627.0,266135.0,462189.0,0.21195386846571473,0.36809418720686954,0.6080973703759588,0.38147110552087476,stage1: dist64
bfs_imp_dist8_l1d_ddr4_1x,bfs,imp,dist8,l1d,ddr4_1x,0.023393,0.437428,6169647.0,11507814.0,2094566.0,5922664.0,4964319.0,312862.0,2227696.0,,,,stage1,0.02764,1.181550036335656,4964319.0,312862.0,2227696.0,0.06302213858537294,0.4487415091576508,0.5361267570018077,0.3536526806180462,stage1: dist8
bfs_imp_dist8_l1d_ddr4_2x,bfs,imp,dist8,l1d,ddr4_2x,0.020727,0.493705,6022529.0,11419388.0,2121072.0,5950664.0,4956620.0,321255.0,2255403.0,,,,stage1,0.025176,1.2146475611521206,4956620.0,321255.0,2255403.0,0.0648133203675085,0.455028426629437,0.5273950758131697,0.35644291124486277,stage1: dist8
bfs_imp_dist8_l2_ddr4_1x,bfs,imp,dist8,l2,ddr4_1x,0.02562,0.39941,7053475.0,11488481.0,1351155.0,3528869.0,,,,1243469.0,260786.0,458053.0,stage1,0.02764,1.0788446526151445,1243469.0,260786.0,458053.0,0.2097245689277336,0.3683670441321818,0.6139606271708157,0.38288613150559003,stage1: dist8
bfs_imp_dist8_l2_ddr4_2x,bfs,imp,dist8,l2,ddr4_2x,0.022034,0.464409,6935868.0,11405851.0,1346276.0,3529169.0,,,,1255627.0,266135.0,462189.0,stage1,0.025176,1.1425978033947535,1255627.0,266135.0,462189.0,0.21195386846571473,0.36809418720686954,0.6080973703759588,0.38147110552087476,stage1: dist8
bfs_imp_ipd16_l1d_ddr4_1x,bfs,imp,ipd16,l1d,ddr4_1x,0.023393,0.437428,6169647.0,11507814.0,2094566.0,5922664.0,4964319.0,312862.0,2227696.0,,,,stage1,0.02764,1.181550036335656,4964319.0,312862.0,2227696.0,0.06302213858537294,0.4487415091576508,0.5361267570018077,0.3536526806180462,stage1: ipd16
bfs_imp_ipd16_l1d_ddr4_2x,bfs,imp,ipd16,l1d,ddr4_2x,0.020727,0.493705,6022529.0,11419388.0,2121072.0,5950664.0,4956620.0,321255.0,2255403.0,,,,stage1,0.025176,1.2146475611521206,4956620.0,321255.0,2255403.0,0.0648133203675085,0.455028426629437,0.5273950758131697,0.35644291124486277,stage1: ipd16
bfs_imp_ipd16_l2_ddr4_1x,bfs,imp,ipd16,l2,ddr4_1x,0.02562,0.39941,7053475.0,11488481.0,1351155.0,3528869.0,,,,1243469.0,260786.0,458053.0,stage1,0.02764,1.0788446526151445,1243469.0,260786.0,458053.0,0.2097245689277336,0.3683670441321818,0.6139606271708157,0.38288613150559003,stage1: ipd16
bfs_imp_ipd16_l2_ddr4_2x,bfs,imp,ipd16,l2,ddr4_2x,0.022034,0.464409,6935868.0,11405851.0,1346276.0,3529169.0,,,,1255627.0,266135.0,462189.0,stage1,0.025176,1.1425978033947535,1255627.0,266135.0,462189.0,0.21195386846571473,0.36809418720686954,0.6080973703759588,0.38147110552087476,stage1: ipd16
bfs_imp_ipd2_l1d_ddr4_1x,bfs,imp,ipd2,l1d,ddr4_1x,0.023393,0.437428,6169647.0,11507814.0,2094566.0,5922664.0,4964319.0,312862.0,2227696.0,,,,stage1,0.02764,1.181550036335656,4964319.0,312862.0,2227696.0,0.06302213858537294,0.4487415091576508,0.5361267570018077,0.3536526806180462,stage1: ipd2
bfs_imp_ipd2_l1d_ddr4_2x,bfs,imp,ipd2,l1d,ddr4_2x,0.020727,0.493705,6022529.0,11419388.0,2121072.0,5950664.0,4956620.0,321255.0,2255403.0,,,,stage1,0.025176,1.2146475611521206,4956620.0,321255.0,2255403.0,0.0648133203675085,0.455028426629437,0.5273950758131697,0.35644291124486277,stage1: ipd2
bfs_imp_ipd2_l2_ddr4_1x,bfs,imp,ipd2,l2,ddr4_1x,0.02562,0.39941,7053475.0,11488481.0,1351155.0,3528869.0,,,,1243469.0,260786.0,458053.0,stage1,0.02764,1.0788446526151445,1243469.0,260786.0,458053.0,0.2097245689277336,0.3683670441321818,0.6139606271708157,0.38288613150559003,stage1: ipd2
bfs_imp_ipd2_l2_ddr4_2x,bfs,imp,ipd2,l2,ddr4_2x,0.022034,0.464409,6935868.0,11405851.0,1346276.0,3529169.0,,,,1255627.0,266135.0,462189.0,stage1,0.025176,1.1425978033947535,1255627.0,266135.0,462189.0,0.21195386846571473,0.36809418720686954,0.6080973703759588,0.38147110552087476,stage1: ipd2
bfs_imp_ipd8_l1d_ddr4_1x,bfs,imp,ipd8,l1d,ddr4_1x,0.023393,0.437428,6169647.0,11507814.0,2094566.0,5922664.0,4964319.0,312862.0,2227696.0,,,,stage1,0.02764,1.181550036335656,4964319.0,312862.0,2227696.0,0.06302213858537294,0.4487415091576508,0.5361267570018077,0.3536526806180462,stage1: ipd8
bfs_imp_ipd8_l1d_ddr4_2x,bfs,imp,ipd8,l1d,ddr4_2x,0.020727,0.493705,6022529.0,11419388.0,2121072.0,5950664.0,4956620.0,321255.0,2255403.0,,,,stage1,0.025176,1.2146475611521206,4956620.0,321255.0,2255403.0,0.0648133203675085,0.455028426629437,0.5273950758131697,0.35644291124486277,stage1: ipd8
bfs_imp_ipd8_l2_ddr4_1x,bfs,imp,ipd8,l2,ddr4_1x,0.02562,0.39941,7053475.0,11488481.0,1351155.0,3528869.0,,,,1243469.0,260786.0,458053.0,stage1,0.02764,1.0788446526151445,1243469.0,260786.0,458053.0,0.2097245689277336,0.3683670441321818,0.6139606271708157,0.38288613150559003,stage1: ipd8
bfs_imp_ipd8_l2_ddr4_2x,bfs,imp,ipd8,l2,ddr4_2x,0.022034,0.464409,6935868.0,11405851.0,1346276.0,3529169.0,,,,1255627.0,266135.0,462189.0,stage1,0.025176,1.1425978033947535,1255627.0,266135.0,462189.0,0.21195386846571473,0.36809418720686954,0.6080973703759588,0.38147110552087476,stage1: ipd8
bfs_imp_pt32_l1d_ddr4_1x,bfs,imp,pt32,l1d,ddr4_1x,0.023393,0.437428,6169647.0,11507814.0,2094566.0,5922664.0,4964319.0,312862.0,2227696.0,,,,stage1,0.02764,1.181550036335656,4964319.0,312862.0,2227696.0,0.06302213858537294,0.4487415091576508,0.5361267570018077,0.3536526806180462,stage1: pt32
bfs_imp_pt32_l1d_ddr4_2x,bfs,imp,pt32,l1d,ddr4_2x,0.020727,0.493705,6022529.0,11419388.0,2121072.0,5950664.0,4956620.0,321255.0,2255403.0,,,,stage1,0.025176,1.2146475611521206,4956620.0,321255.0,2255403.0,0.0648133203675085,0.455028426629437,0.5273950758131697,0.35644291124486277,stage1: pt32
bfs_imp_pt32_l2_ddr4_1x,bfs,imp,pt32,l2,ddr4_1x,0.02562,0.39941,7053475.0,11488481.0,1351155.0,3528869.0,,,,1243469.0,260786.0,458053.0,stage1,0.02764,1.0788446526151445,1243469.0,260786.0,458053.0,0.2097245689277336,0.3683670441321818,0.6139606271708157,0.38288613150559003,stage1: pt32
bfs_imp_pt32_l2_ddr4_2x,bfs,imp,pt32,l2,ddr4_2x,0.022034,0.464409,6935868.0,11405851.0,1346276.0,3529169.0,,,,1255627.0,266135.0,462189.0,stage1,0.025176,1.1425978033947535,1255627.0,266135.0,462189.0,0.21195386846571473,0.36809418720686954,0.6080973703759588,0.38147110552087476,stage1: pt32
bfs_imp_pt64_l1d_ddr4_1x,bfs,imp,pt64,l1d,ddr4_1x,0.023393,0.437428,6169647.0,11507814.0,2094566.0,5922664.0,4964319.0,312862.0,2227696.0,,,,stage1,0.02764,1.181550036335656,4964319.0,312862.0,2227696.0,0.06302213858537294,0.4487415091576508,0.5361267570018077,0.3536526806180462,stage1: pt64
bfs_imp_pt64_l1d_ddr4_2x,bfs,imp,pt64,l1d,ddr4_2x,0.020727,0.493705,6022529.0,11419388.0,2121072.0,5950664.0,4956620.0,321255.0,2255403.0,,,,stage1,0.025176,1.2146475611521206,4956620.0,321255.0,2255403.0,0.0648133203675085,0.455028426629437,0.5273950758131697,0.35644291124486277,stage1: pt64
bfs_imp_pt64_l2_ddr4_1x,bfs,imp,pt64,l2,ddr4_1x,0.02562,0.39941,7053475.0,11488481.0,1351155.0,3528869.0,,,,1243469.0,260786.0,458053.0,stage1,0.02764,1.0788446526151445,1243469.0,260786.0,458053.0,0.2097245689277336,0.3683670441321818,0.6139606271708157,0.38288613150559003,stage1: pt64
bfs_imp_pt64_l2_ddr4_2x,bfs,imp,pt64,l2,ddr4_2x,0.022034,0.464409,6935868.0,11405851.0,1346276.0,3529169.0,,,,1255627.0,266135.0,462189.0,stage1,0.025176,1.1425978033947535,1255627.0,266135.0,462189.0,0.21195386846571473,0.36809418720686954,0.6080973703759588,0.38147110552087476,stage1: pt64
bfs_imp_pt8_l1d_ddr4_1x,bfs,imp,pt8,l1d,ddr4_1x,0.02339,0.437479,6169045.0,11510138.0,2095339.0,5924447.0,4961065.0,312663.0,2229420.0,,,,stage1,0.02764,1.181701581872595,4961065.0,312663.0,2229420.0,0.06302336292711343,0.4493833481319031,0.5359662064868379,0.35367672290764013,stage1: pt8
bfs_imp_pt8_l1d_ddr4_2x,bfs,imp,pt8,l1d,ddr4_2x,0.020729,0.49364,6021336.0,11419256.0,2121377.0,5950268.0,4954829.0,321357.0,2254893.0,,,,stage1,0.025176,1.2145303680833615,4954829.0,321357.0,2254893.0,0.06485733412797899,0.4550899738416805,0.5272966995397949,0.35651789129498035,stage1: pt8
bfs_imp_pt8_l2_ddr4_1x,bfs,imp,pt8,l2,ddr4_1x,0.025614,0.399509,7053198.0,11489538.0,1351593.0,3528852.0,,,,1245117.0,260356.0,458137.0,stage1,0.02764,1.0790973686265324,1245117.0,260356.0,458137.0,0.20910163462550105,0.36794694795750116,0.613880035907449,0.38301209571838096,stage1: pt8
bfs_imp_pt8_l2_ddr4_2x,bfs,imp,pt8,l2,ddr4_2x,0.022043,0.464227,6936703.0,11407403.0,1346254.0,3529140.0,,,,1254849.0,266326.0,462419.0,stage1,0.025176,1.1421312888445312,1254849.0,266326.0,462419.0,0.21223748833524989,0.36850569271681294,0.608087835592378,0.3814680063698238,stage1: pt8
bfs_imp_sdist16_l1d_ddr4_1x,bfs,imp,sdist16,l1d,ddr4_1x,0.022644,0.451899,5499207.0,11471915.0,2389038.0,6325340.0,5223342.0,440614.0,2597004.0,,,,stage1,0.02764,1.2206323971029853,5223342.0,440614.0,2597004.0,0.08435480579291955,0.49719202763288334,0.4793625998797934,0.37769321491018665,stage1: sdist16
bfs_imp_sdist16_l1d_ddr4_2x,bfs,imp,sdist16,l1d,ddr4_2x,0.019617,0.521622,5371033.0,11380680.0,2448923.0,6419441.0,5351311.0,454753.0,2689456.0,,,,stage1,0.025176,1.2833766630983332,5351311.0,454753.0,2689456.0,0.08497973674114624,0.5025789007590851,0.4719430649135201,0.38148539724876357,stage1: sdist16
bfs_imp_sdist16_l2_ddr4_1x,bfs,imp,sdist16,l2,ddr4_1x,0.025506,0.401197,6759177.0,11471944.0,1336083.0,3528858.0,,,,1838477.0,351029.0,809468.0,stage1,0.02764,1.0836665882537442,1838477.0,351029.0,809468.0,0.1909346703820608,0.44029269879362104,0.5891919451489651,0.3786162548903923,stage1: sdist16
bfs_imp_sdist16_l2_ddr4_2x,bfs,imp,sdist16,l2,ddr4_2x,0.021395,0.478285,6693335.0,11401031.0,1329670.0,3529114.0,,,,1915481.0,366130.0,851751.0,stage1,0.025176,1.1767235335358728,1915481.0,366130.0,851751.0,0.19114259029455266,0.44466690089852107,0.587081554291011,0.37677162029903255,stage1: sdist16
bfs_imp_sdist2_l1d_ddr4_1x,bfs,imp,sdist2,l1d,ddr4_1x,0.024156,0.423617,6755365.0,11529760.0,1928634.0,5433207.0,4548979.0,194551.0,1766208.0,,,,stage1,0.02764,1.1442291770160622,4548979.0,194551.0,1766208.0,0.0427680585027981,0.388264707311245,0.5859068185287465,0.354971566516792,stage1: sdist2
bfs_imp_sdist2_l1d_ddr4_2x,bfs,imp,sdist2,l1d,ddr4_2x,0.021552,0.474787,6587143.0,11426245.0,1929813.0,5434178.0,4473156.0,201698.0,1766786.0,,,,stage1,0.025176,1.1681514476614698,4473156.0,201698.0,1766786.0,0.04509075918657878,0.3949752702566152,0.5764923647269947,0.3551250989570088,stage1: sdist2
bfs_imp_sdist2_l2_ddr4_1x,bfs,imp,sdist2,l2,ddr4_1x,0.025941,0.39447,7270230.0,11495059.0,1385780.0,3528921.0,,,,885485.0,183571.0,294030.0,stage1,0.02764,1.0654947766084577,885485.0,183571.0,294030.0,0.20731124750842758,0.3320553143192714,0.6324656532863381,0.39269227052688344,stage1: sdist2
bfs_imp_sdist2_l2_ddr4_2x,bfs,imp,sdist2,l2,ddr4_2x,0.022705,0.450681,7130514.0,11405560.0,1384932.0,3528960.0,,,,886919.0,184508.0,294294.0,stage1,0.025176,1.1088306540409603,886919.0,184508.0,294294.0,0.20803252608186318,0.3318160959456275,0.6251787724583449,0.392447633297062,stage1: sdist2
bfs_imp_sdist8_l1d_ddr4_1x,bfs,imp,sdist8,l1d,ddr4_1x,0.022859,0.447644,5763687.0,11494089.0,2241663.0,6196945.0,5157984.0,403198.0,2480070.0,,,,stage1,0.02764,1.209151756419791,5157984.0,403198.0,2480070.0,0.07816968800213417,0.4808215768020994,0.501447918142969,0.36173679127376474,stage1: sdist8
bfs_imp_sdist8_l1d_ddr4_2x,bfs,imp,sdist8,l1d,ddr4_2x,0.020049,0.510379,5621790.0,11403292.0,2289053.0,6257577.0,5230504.0,416196.0,2540129.0,,,,stage1,0.025176,1.2557234774801735,5230504.0,416196.0,2540129.0,0.07957091706650067,0.48563752173786695,0.4929971099573702,0.3658050072735821,stage1: sdist8
bfs_imp_sdist8_l2_ddr4_1x,bfs,imp,sdist8,l2,ddr4_1x,0.025632,0.399223,6894129.0,11476841.0,1335439.0,3529084.0,,,,1576449.0,315982.0,627778.0,stage1,0.02764,1.078339575530587,1576449.0,315982.0,627778.0,0.20043908810243782,0.398222841335178,0.6006991819438816,0.3784095249645517,stage1: sdist8
bfs_imp_sdist8_l2_ddr4_2x,bfs,imp,sdist8,l2,ddr4_2x,0.021718,0.471162,6810078.0,11402903.0,1330301.0,3529295.0,,,,1620036.0,325093.0,650691.0,stage1,0.025176,1.1592227645271203,1620036.0,325093.0,650691.0,0.20067023201953538,0.4016521855069887,0.5972231807987843,0.3769310868034551,stage1: sdist8
bfs_imp_sthr2_l1d_ddr4_1x,bfs,imp,sthr2,l1d,ddr4_1x,0.023393,0.437431,6170730.0,11512102.0,2094585.0,5924161.0,4967605.0,312640.0,2228993.0,,,,stage1,0.02764,1.181550036335656,4967605.0,312640.0,2228993.0,0.06293576079418553,0.4487057646491619,0.5360211367133474,0.35356652190917837,stage1: sthr2
bfs_imp_sthr2_l1d_ddr4_2x,bfs,imp,sthr2,l1d,ddr4_2x,0.020735,0.49351,6027232.0,11418650.0,2121301.0,5950923.0,4956886.0,321409.0,2255448.0,,,,stage1,0.025176,1.2141789245237522,4956886.0,321409.0,2255448.0,0.06484091020047666,0.4550130868452492,0.5278410319959015,0.3564658793266187,stage1: sthr2
bfs_imp_sthr2_l2_ddr4_1x,bfs,imp,sthr2,l2,ddr4_1x,0.025609,0.399586,7056139.0,11493070.0,1351724.0,3528877.0,,,,1245452.0,260240.0,458528.0,stage1,0.02764,1.0793080557616463,1245452.0,260240.0,458528.0,0.2089522518732155,0.3681619203309321,0.6139472743139996,0.3830465045962214,stage1: sthr2
bfs_imp_sthr2_l2_ddr4_2x,bfs,imp,sthr2,l2,ddr4_2x,0.022034,0.46442,6934890.0,11406648.0,1346028.0,3529233.0,,,,1254766.0,266327.0,461973.0,stage1,0.025176,1.1425978033947535,1254766.0,266327.0,461973.0,0.21225232433776497,0.36817462379439675,0.6079691422054928,0.38139391760192654,stage1: sthr2
bfs_imp_sthr8_l1d_ddr4_1x,bfs,imp,sthr8,l1d,ddr4_1x,0.023401,0.437279,6168813.0,11514931.0,2095439.0,5926818.0,4961337.0,312405.0,2231527.0,,,,stage1,0.02764,1.1811461048673133,4961337.0,312405.0,2231527.0,0.06296790562705173,0.4497833950808018,0.5357229669895547,0.3535521083994818,stage1: sthr8
bfs_imp_sthr8_l1d_ddr4_2x,bfs,imp,sthr8,l1d,ddr4_2x,0.020737,0.493458,6016105.0,11419323.0,2121149.0,5949118.0,4956125.0,321644.0,2253706.0,,,,stage1,0.025176,1.2140618218643007,4956125.0,321644.0,2253706.0,0.0648982824283084,0.45473146863729225,0.5268355225611886,0.35654848332139316,stage1: sthr8
bfs_imp_sthr8_l2_ddr4_1x,bfs,imp,sthr8,l2,ddr4_1x,0.025611,0.399543,7054982.0,11486411.0,1351786.0,3528851.0,,,,1244075.0,260066.0,458215.0,stage1,0.02764,1.0792237710358832,1244075.0,260066.0,458215.0,0.20904366698149227,0.36831782649759864,0.6142024693352867,0.3830668962787038,stage1: sthr8
bfs_imp_sthr8_l2_ddr4_2x,bfs,imp,sthr8,l2,ddr4_2x,0.022041,0.464256,6937476.0,11410225.0,1346477.0,3529144.0,,,,1254539.0,266021.0,462449.0,stage1,0.025176,1.1422349258200626,1254539.0,266021.0,462449.0,0.21204681560318173,0.36862066464255,0.6080051883288892,0.38153076213382053,stage1: sthr8
bfs_imp_thr1_l1d_ddr4_1x,bfs,imp,thr1,l1d,ddr4_1x,0.023393,0.437428,6169647.0,11507814.0,2094566.0,5922664.0,4964319.0,312862.0,2227696.0,,,,stage1,0.02764,1.181550036335656,4964319.0,312862.0,2227696.0,0.06302213858537294,0.4487415091576508,0.5361267570018077,0.3536526806180462,stage1: thr1
bfs_imp_thr1_l1d_ddr4_2x,bfs,imp,thr1,l1d,ddr4_2x,0.020727,0.493705,6022529.0,11419388.0,2121072.0,5950664.0,4956620.0,321255.0,2255403.0,,,,stage1,0.025176,1.2146475611521206,4956620.0,321255.0,2255403.0,0.0648133203675085,0.455028426629437,0.5273950758131697,0.35644291124486277,stage1: thr1
bfs_imp_thr1_l2_ddr4_1x,bfs,imp,thr1,l2,ddr4_1x,0.02562,0.39941,7053475.0,11488481.0,1351155.0,3528869.0,,,,1243469.0,260786.0,458053.0,stage1,0.02764,1.0788446526151445,1243469.0,260786.0,458053.0,0.2097245689277336,0.3683670441321818,0.6139606271708157,0.38288613150559003,stage1: thr1
bfs_imp_thr1_l2_ddr4_2x,bfs,imp,thr1,l2,ddr4_2x,0.022034,0.464409,6935868.0,11405851.0,1346276.0,3529169.0,,,,1255627.0,266135.0,462189.0,stage1,0.025176,1.1425978033947535,1255627.0,266135.0,462189.0,0.21195386846571473,0.36809418720686954,0.6080973703759588,0.38147110552087476,stage1: thr1
bfs_imp_thr3_l1d_ddr4_1x,bfs,imp,thr3,l1d,ddr4_1x,0.023393,0.437428,6169647.0,11507814.0,2094566.0,5922664.0,4964319.0,312862.0,2227696.0,,,,stage1,0.02764,1.181550036335656,4964319.0,312862.0,2227696.0,0.06302213858537294,0.4487415091576508,0.5361267570018077,0.3536526806180462,stage1: thr3
bfs_imp_thr3_l1d_ddr4_2x,bfs,imp,thr3,l1d,ddr4_2x,0.020727,0.493705,6022529.0,11419388.0,2121072.0,5950664.0,4956620.0,321255.0,2255403.0,,,,stage1,0.025176,1.2146475611521206,4956620.0,321255.0,2255403.0,0.0648133203675085,0.455028426629437,0.5273950758131697,0.35644291124486277,stage1: thr3
bfs_imp_thr3_l2_ddr4_1x,bfs,imp,thr3,l2,ddr4_1x,0.02562,0.39941,7053475.0,11488481.0,1351155.0,3528869.0,,,,1243469.0,260786.0,458053.0,stage1,0.02764,1.0788446526151445,1243469.0,260786.0,458053.0,0.2097245689277336,0.3683670441321818,0.6139606271708157,0.38288613150559003,stage1: thr3
bfs_imp_thr3_l2_ddr4_2x,bfs,imp,thr3,l2,ddr4_2x,0.022034,0.464409,6935868.0,11405851.0,1346276.0,3529169.0,,,,1255627.0,266135.0,462189.0,stage1,0.025176,1.1425978033947535,1255627.0,266135.0,462189.0,0.21195386846571473,0.36809418720686954,0.6080973703759588,0.38147110552087476,stage1: thr3
bfs_imp_thr4_l1d_ddr4_1x,bfs,imp,thr4,l1d,ddr4_1x,0.023393,0.437428,6169647.0,11507814.0,2094566.0,5922664.0,4964319.0,312862.0,2227696.0,,,,stage1,0.02764,1.181550036335656,4964319.0,312862.0,2227696.0,0.06302213858537294,0.4487415091576508,0.5361267570018077,0.3536526806180462,stage1: thr4
bfs_imp_thr4_l1d_ddr4_2x,bfs,imp,thr4,l1d,ddr4_2x,0.020727,0.493705,6022529.0,11419388.0,2121072.0,5950664.0,4956620.0,321255.0,2255403.0,,,,stage1,0.025176,1.2146475611521206,4956620.0,321255.0,2255403.0,0.0648133203675085,0.455028426629437,0.5273950758131697,0.35644291124486277,stage1: thr4
bfs_imp_thr4_l2_ddr4_1x,bfs,imp,thr4,l2,ddr4_1x,0.02562,0.39941,7053475.0,11488481.0,1351155.0,3528869.0,,,,1243469.0,260786.0,458053.0,stage1,0.02764,1.0788446526151445,1243469.0,260786.0,458053.0,0.2097245689277336,0.3683670441321818,0.6139606271708157,0.38288613150559003,stage1: thr4
bfs_imp_thr4_l2_ddr4_2x,bfs,imp,thr4,l2,ddr4_2x,0.022034,0.464409,6935868.0,11405851.0,1346276.0,3529169.0,,,,1255627.0,266135.0,462189.0,stage1,0.025176,1.1425978033947535,1255627.0,266135.0,462189.0,0.21195386846571473,0.36809418720686954,0.6080973703759588,0.38147110552087476,stage1: thr4
matmult_imp_addrlen16_l1d_ddr4_1x,matmult,imp,addrlen16,l1d,ddr4_1x,0.001242,1.983251,1153373.0,2138673.0,5469.0,1084788.0,55493.0,4714.0,6658.0,,,,stage1,0.001279,1.0297906602254427,55493.0,4714.0,6658.0,0.08494765105508803,0.11997909646261691,0.5392937583258404,0.005041538070111395,stage1: addrlen16
matmult_imp_addrlen16_l1d_ddr4_2x,matmult,imp,addrlen16,l1d,ddr4_2x,0.001261,1.953336,1151766.0,2139866.0,5355.0,1086353.0,55078.0,4680.0,8082.0,,,,stage1,0.001298,1.02934179222839,55078.0,4680.0,8082.0,0.08497040560659429,0.14673735429754167,0.538242114225844,0.004929336965056478,stage1: addrlen16
matmult_imp_addrlen16_l2_ddr4_1x,matmult,imp,addrlen16,l2,ddr4_1x,0.001238,1.989519,1157391.0,2138569.0,2685.0,1077581.0,,,,5961.0,2727.0,8.0,stage1,0.001279,1.0331179321486268,5961.0,2727.0,8.0,0.45747357825868146,0.001342056701895655,0.5411988109806136,0.0024916920398559365,stage1: addrlen16
matmult_imp_addrlen16_l2_ddr4_2x,matmult,imp,addrlen16,l2,ddr4_2x,0.00123,2.002425,1159546.0,2139337.0,2685.0,1078402.0,,,,5726.0,2700.0,10.0,stage1,0.001298,1.0552845528455284,5726.0,2700.0,10.0,0.4715333566189312,0.0017464198393293748,0.5420118475957738,0.0024897950856916065,stage1: addrlen16
matmult_imp_addrlen2_l1d_ddr4_1x,matmult,imp,addrlen2,l1d,ddr4_1x,0.001242,1.983251,1153373.0,2138673.0,5469.0,1084788.0,55493.0,4714.0,6658.0,,,,stage1,0.001279,1.0297906602254427,55493.0,4714.0,6658.0,0.08494765105508803,0.11997909646261691,0.5392937583258404,0.005041538070111395,stage1: addrlen2
matmult_imp_addrlen2_l1d_ddr4_2x,matmult,imp,addrlen2,l1d,ddr4_2x,0.001261,1.953336,1151766.0,2139866.0,5355.0,1086353.0,55078.0,4680.0,8082.0,,,,stage1,0.001298,1.02934179222839,55078.0,4680.0,8082.0,0.08497040560659429,0.14673735429754167,0.538242114225844,0.004929336965056478,stage1: addrlen2
matmult_imp_addrlen2_l2_ddr4_1x,matmult,imp,addrlen2,l2,ddr4_1x,0.001238,1.989519,1157391.0,2138569.0,2685.0,1077581.0,,,,5961.0,2727.0,8.0,stage1,0.001279,1.0331179321486268,5961.0,2727.0,8.0,0.45747357825868146,0.001342056701895655,0.5411988109806136,0.0024916920398559365,stage1: addrlen2
matmult_imp_addrlen2_l2_ddr4_2x,matmult,imp,addrlen2,l2,ddr4_2x,0.00123,2.002425,1159546.0,2139337.0,2685.0,1078402.0,,,,5726.0,2700.0,10.0,stage1,0.001298,1.0552845528455284,5726.0,2700.0,10.0,0.4715333566189312,0.0017464198393293748,0.5420118475957738,0.0024897950856916065,stage1: addrlen2
matmult_imp_addrlen8_l1d_ddr4_1x,matmult,imp,addrlen8,l1d,ddr4_1x,0.001242,1.983251,1153373.0,2138673.0,5469.0,1084788.0,55493.0,4714.0,6658.0,,,,stage1,0.001279,1.0297906602254427,55493.0,4714.0,6658.0,0.08494765105508803,0.11997909646261691,0.5392937583258404,0.005041538070111395,stage1: addrlen8
matmult_imp_addrlen8_l1d_ddr4_2x,matmult,imp,addrlen8,l1d,ddr4_2x,0.001261,1.953336,1151766.0,2139866.0,5355.0,1086353.0,55078.0,4680.0,8082.0,,,,stage1,0.001298,1.02934179222839,55078.0,4680.0,8082.0,0.08497040560659429,0.14673735429754167,0.538242114225844,0.004929336965056478,stage1: addrlen8
matmult_imp_addrlen8_l2_ddr4_1x,matmult,imp,addrlen8,l2,ddr4_1x,0.001238,1.989519,1157391.0,2138569.0,2685.0,1077581.0,,,,5961.0,2727.0,8.0,stage1,0.001279,1.0331179321486268,5961.0,2727.0,8.0,0.45747357825868146,0.001342056701895655,0.5411988109806136,0.0024916920398559365,stage1: addrlen8
matmult_imp_addrlen8_l2_ddr4_2x,matmult,imp,addrlen8,l2,ddr4_2x,0.00123,2.002425,1159546.0,2139337.0,2685.0,1078402.0,,,,5726.0,2700.0,10.0,stage1,0.001298,1.0552845528455284,5726.0,2700.0,10.0,0.4715333566189312,0.0017464198393293748,0.5420118475957738,0.0024897950856916065,stage1: addrlen8
matmult_imp_default_l1d_ddr4_1x,matmult,imp,default,l1d,ddr4_1x,0.001242,1.983251,1153373.0,2138673.0,5469.0,1084788.0,55493.0,4714.0,6658.0,,,,stage1,0.001279,1.0297906602254427,55493.0,4714.0,6658.0,0.08494765105508803,0.11997909646261691,0.5392937583258404,0.005041538070111395,stage1: default [IMP default]
matmult_imp_default_l1d_ddr4_2x,matmult,imp,default,l1d,ddr4_2x,0.001261,1.953336,1151766.0,2139866.0,5355.0,1086353.0,55078.0,4680.0,8082.0,,,,stage1,0.001298,1.02934179222839,55078.0,4680.0,8082.0,0.08497040560659429,0.14673735429754167,0.538242114225844,0.004929336965056478,stage1: default [IMP default]
matmult_imp_default_l2_ddr4_1x,matmult,imp,default,l2,ddr4_1x,0.001238,1.989519,1157391.0,2138569.0,2685.0,1077581.0,,,,5961.0,2727.0,8.0,stage1,0.001279,1.0331179321486268,5961.0,2727.0,8.0,0.45747357825868146,0.001342056701895655,0.5411988109806136,0.0024916920398559365,stage1: default [IMP default]
matmult_imp_default_l2_ddr4_2x,matmult,imp,default,l2,ddr4_2x,0.00123,2.002425,1159546.0,2139337.0,2685.0,1078402.0,,,,5726.0,2700.0,10.0,stage1,0.001298,1.0552845528455284,5726.0,2700.0,10.0,0.4715333566189312,0.0017464198393293748,0.5420118475957738,0.0024897950856916065,stage1: default [IMP default]
matmult_imp_dist32_l1d_ddr4_1x,matmult,imp,dist32,l1d,ddr4_1x,0.001242,1.983251,1153373.0,2138673.0,5469.0,1084788.0,55493.0,4714.0,6658.0,,,,stage1,0.001279,1.0297906602254427,55493.0,4714.0,6658.0,0.08494765105508803,0.11997909646261691,0.5392937583258404,0.005041538070111395,stage1: dist32
matmult_imp_dist32_l1d_ddr4_2x,matmult,imp,dist32,l1d,ddr4_2x,0.001261,1.953336,1151766.0,2139866.0,5355.0,1086353.0,55078.0,4680.0,8082.0,,,,stage1,0.001298,1.02934179222839,55078.0,4680.0,8082.0,0.08497040560659429,0.14673735429754167,0.538242114225844,0.004929336965056478,stage1: dist32
matmult_imp_dist32_l2_ddr4_1x,matmult,imp,dist32,l2,ddr4_1x,0.001238,1.989519,1157391.0,2138569.0,2685.0,1077581.0,,,,5961.0,2727.0,8.0,stage1,0.001279,1.0331179321486268,5961.0,2727.0,8.0,0.45747357825868146,0.001342056701895655,0.5411988109806136,0.0024916920398559365,stage1: dist32
matmult_imp_dist32_l2_ddr4_2x,matmult,imp,dist32,l2,ddr4_2x,0.00123,2.002425,1159546.0,2139337.0,2685.0,1078402.0,,,,5726.0,2700.0,10.0,stage1,0.001298,1.0552845528455284,5726.0,2700.0,10.0,0.4715333566189312,0.0017464198393293748,0.5420118475957738,0.0024897950856916065,stage1: dist32
matmult_imp_dist4_l1d_ddr4_1x,matmult,imp,dist4,l1d,ddr4_1x,0.001242,1.983251,1153373.0,2138673.0,5469.0,1084788.0,55493.0,4714.0,6658.0,,,,stage1,0.001279,1.0297906602254427,55493.0,4714.0,6658.0,0.08494765105508803,0.11997909646261691,0.5392937583258404,0.005041538070111395,stage1: dist4
matmult_imp_dist4_l1d_ddr4_2x,matmult,imp,dist4,l1d,ddr4_2x,0.001261,1.953336,1151766.0,2139866.0,5355.0,1086353.0,55078.0,4680.0,8082.0,,,,stage1,0.001298,1.02934179222839,55078.0,4680.0,8082.0,0.08497040560659429,0.14673735429754167,0.538242114225844,0.004929336965056478,stage1: dist4
matmult_imp_dist4_l2_ddr4_1x,matmult,imp,dist4,l2,ddr4_1x,0.001238,1.989519,1157391.0,2138569.0,2685.0,1077581.0,,,,5961.0,2727.0,8.0,stage1,0.001279,1.0331179321486268,5961.0,2727.0,8.0,0.45747357825868146,0.001342056701895655,0.5411988109806136,0.0024916920398559365,stage1: dist4
matmult_imp_dist4_l2_ddr4_2x,matmult,imp,dist4,l2,ddr4_2x,0.00123,2.002425,1159546.0,2139337.0,2685.0,1078402.0,,,,5726.0,2700.0,10.0,stage1,0.001298,1.0552845528455284,5726.0,2700.0,10.0,0.4715333566189312,0.0017464198393293748,0.5420118475957738,0.0024897950856916065,stage1: dist4
matmult_imp_dist64_l1d_ddr4_1x,matmult,imp,dist64,l1d,ddr4_1x,0.001242,1.983251,1153373.0,2138673.0,5469.0,1084788.0,55493.0,4714.0,6658.0,,,,stage1,0.001279,1.0297906602254427,55493.0,4714.0,6658.0,0.08494765105508803,0.11997909646261691,0.5392937583258404,0.005041538070111395,stage1: dist64
matmult_imp_dist64_l1d_ddr4_2x,matmult,imp,dist64,l1d,ddr4_2x,0.001261,1.953336,1151766.0,2139866.0,5355.0,1086353.0,55078.0,4680.0,8082.0,,,,stage1,0.001298,1.02934179222839,55078.0,4680.0,8082.0,0.08497040560659429,0.14673735429754167,0.538242114225844,0.004929336965056478,stage1: dist64
matmult_imp_dist64_l2_ddr4_1x,matmult,imp,dist64,l2,ddr4_1x,0.001238,1.989519,1157391.0,2138569.0,2685.0,1077581.0,,,,5961.0,2727.0,8.0,stage1,0.001279,1.0331179321486268,5961.0,2727.0,8.0,0.45747357825868146,0.001342056701895655,0.5411988109806136,0.0024916920398559365,stage1: dist64
matmult_imp_dist64_l2_ddr4_2x,matmult,imp,dist64,l2,ddr4_2x,0.00123,2.002425,1159546.0,2139337.0,2685.0,1078402.0,,,,5726.0,2700.0,10.0,stage1,0.001298,1.0552845528455284,5726.0,2700.0,10.0,0.4715333566189312,0.0017464198393293748,0.5420118475957738,0.0024897950856916065,stage1: dist64
matmult_imp_dist8_l1d_ddr4_1x,matmult,imp,dist8,l1d,ddr4_1x,0.001242,1.983251,1153373.0,2138673.0,5469.0,1084788.0,55493.0,4714.0,6658.0,,,,stage1,0.001279,1.0297906602254427,55493.0,4714.0,6658.0,0.08494765105508803,0.11997909646261691,0.5392937583258404,0.005041538070111395,stage1: dist8
matmult_imp_dist8_l1d_ddr4_2x,matmult,imp,dist8,l1d,ddr4_2x,0.001261,1.953336,1151766.0,2139866.0,5355.0,1086353.0,55078.0,4680.0,8082.0,,,,stage1,0.001298,1.02934179222839,55078.0,4680.0,8082.0,0.08497040560659429,0.14673735429754167,0.538242114225844,0.004929336965056478,stage1: dist8
matmult_imp_dist8_l2_ddr4_1x,matmult,imp,dist8,l2,ddr4_1x,0.001238,1.989519,1157391.0,2138569.0,2685.0,1077581.0,,,,5961.0,2727.0,8.0,stage1,0.001279,1.0331179321486268,5961.0,2727.0,8.0,0.45747357825868146,0.001342056701895655,0.5411988109806136,0.0024916920398559365,stage1: dist8
matmult_imp_dist8_l2_ddr4_2x,matmult,imp,dist8,l2,ddr4_2x,0.00123,2.002425,1159546.0,2139337.0,2685.0,1078402.0,,,,5726.0,2700.0,10.0,stage1,0.001298,1.0552845528455284,5726.0,2700.0,10.0,0.4715333566189312,0.0017464198393293748,0.5420118475957738,0.0024897950856916065,stage1: dist8
matmult_imp_ipd16_l1d_ddr4_1x,matmult,imp,ipd16,l1d,ddr4_1x,0.001242,1.983251,1153373.0,2138673.0,5469.0,1084788.0,55493.0,4714.0,6658.0,,,,stage1,0.001279,1.0297906602254427,55493.0,4714.0,6658.0,0.08494765105508803,0.11997909646261691,0.5392937583258404,0.005041538070111395,stage1: ipd16
matmult_imp_ipd16_l1d_ddr4_2x,matmult,imp,ipd16,l1d,ddr4_2x,0.001261,1.953336,1151766.0,2139866.0,5355.0,1086353.0,55078.0,4680.0,8082.0,,,,stage1,0.001298,1.02934179222839,55078.0,4680.0,8082.0,0.08497040560659429,0.14673735429754167,0.538242114225844,0.004929336965056478,stage1: ipd16
matmult_imp_ipd16_l2_ddr4_1x,matmult,imp,ipd16,l2,ddr4_1x,0.001238,1.989519,1157391.0,2138569.0,2685.0,1077581.0,,,,5961.0,2727.0,8.0,stage1,0.001279,1.0331179321486268,5961.0,2727.0,8.0,0.45747357825868146,0.001342056701895655,0.5411988109806136,0.0024916920398559365,stage1: ipd16
matmult_imp_ipd16_l2_ddr4_2x,matmult,imp,ipd16,l2,ddr4_2x,0.00123,2.002425,1159546.0,2139337.0,2685.0,1078402.0,,,,5726.0,2700.0,10.0,stage1,0.001298,1.0552845528455284,5726.0,2700.0,10.0,0.4715333566189312,0.0017464198393293748,0.5420118475957738,0.0024897950856916065,stage1: ipd16
matmult_imp_ipd2_l1d_ddr4_1x,matmult,imp,ipd2,l1d,ddr4_1x,0.001242,1.983251,1153373.0,2138673.0,5469.0,1084788.0,55493.0,4714.0,6658.0,,,,stage1,0.001279,1.0297906602254427,55493.0,4714.0,6658.0,0.08494765105508803,0.11997909646261691,0.5392937583258404,0.005041538070111395,stage1: ipd2
matmult_imp_ipd2_l1d_ddr4_2x,matmult,imp,ipd2,l1d,ddr4_2x,0.001261,1.953336,1151766.0,2139866.0,5355.0,1086353.0,55078.0,4680.0,8082.0,,,,stage1,0.001298,1.02934179222839,55078.0,4680.0,8082.0,0.08497040560659429,0.14673735429754167,0.538242114225844,0.004929336965056478,stage1: ipd2
matmult_imp_ipd2_l2_ddr4_1x,matmult,imp,ipd2,l2,ddr4_1x,0.001238,1.989519,1157391.0,2138569.0,2685.0,1077581.0,,,,5961.0,2727.0,8.0,stage1,0.001279,1.0331179321486268,5961.0,2727.0,8.0,0.45747357825868146,0.001342056701895655,0.5411988109806136,0.0024916920398559365,stage1: ipd2
matmult_imp_ipd2_l2_ddr4_2x,matmult,imp,ipd2,l2,ddr4_2x,0.00123,2.002425,1159546.0,2139337.0,2685.0,1078402.0,,,,5726.0,2700.0,10.0,stage1,0.001298,1.0552845528455284,5726.0,2700.0,10.0,0.4715333566189312,0.0017464198393293748,0.5420118475957738,0.0024897950856916065,stage1: ipd2
matmult_imp_ipd8_l1d_ddr4_1x,matmult,imp,ipd8,l1d,ddr4_1x,0.001242,1.983251,1153373.0,2138673.0,5469.0,1084788.0,55493.0,4714.0,6658.0,,,,stage1,0.001279,1.0297906602254427,55493.0,4714.0,6658.0,0.08494765105508803,0.11997909646261691,0.5392937583258404,0.005041538070111395,stage1: ipd8
matmult_imp_ipd8_l1d_ddr4_2x,matmult,imp,ipd8,l1d,ddr4_2x,0.001261,1.953336,1151766.0,2139866.0,5355.0,1086353.0,55078.0,4680.0,8082.0,,,,stage1,0.001298,1.02934179222839,55078.0,4680.0,8082.0,0.08497040560659429,0.14673735429754167,0.538242114225844,0.004929336965056478,stage1: ipd8
matmult_imp_ipd8_l2_ddr4_1x,matmult,imp,ipd8,l2,ddr4_1x,0.001238,1.989519,1157391.0,2138569.0,2685.0,1077581.0,,,,5961.0,2727.0,8.0,stage1,0.001279,1.0331179321486268,5961.0,2727.0,8.0,0.45747357825868146,0.001342056701895655,0.5411988109806136,0.0024916920398559365,stage1: ipd8
matmult_imp_ipd8_l2_ddr4_2x,matmult,imp,ipd8,l2,ddr4_2x,0.00123,2.002425,1159546.0,2139337.0,2685.0,1078402.0,,,,5726.0,2700.0,10.0,stage1,0.001298,1.0552845528455284,5726.0,2700.0,10.0,0.4715333566189312,0.0017464198393293748,0.5420118475957738,0.0024897950856916065,stage1: ipd8
matmult_imp_pt32_l1d_ddr4_1x,matmult,imp,pt32,l1d,ddr4_1x,0.001242,1.983251,1153373.0,2138673.0,5469.0,1084788.0,55493.0,4714.0,6658.0,,,,stage1,0.001279,1.0297906602254427,55493.0,4714.0,6658.0,0.08494765105508803,0.11997909646261691,0.5392937583258404,0.005041538070111395,stage1: pt32
matmult_imp_pt32_l1d_ddr4_2x,matmult,imp,pt32,l1d,ddr4_2x,0.001261,1.953336,1151766.0,2139866.0,5355.0,1086353.0,55078.0,4680.0,8082.0,,,,stage1,0.001298,1.02934179222839,55078.0,4680.0,8082.0,0.08497040560659429,0.14673735429754167,0.538242114225844,0.004929336965056478,stage1: pt32
matmult_imp_pt32_l2_ddr4_1x,matmult,imp,pt32,l2,ddr4_1x,0.001238,1.989519,1157391.0,2138569.0,2685.0,1077581.0,,,,5961.0,2727.0,8.0,stage1,0.001279,1.0331179321486268,5961.0,2727.0,8.0,0.45747357825868146,0.001342056701895655,0.5411988109806136,0.0024916920398559365,stage1: pt32
matmult_imp_pt32_l2_ddr4_2x,matmult,imp,pt32,l2,ddr4_2x,0.00123,2.002425,1159546.0,2139337.0,2685.0,1078402.0,,,,5726.0,2700.0,10.0,stage1,0.001298,1.0552845528455284,5726.0,2700.0,10.0,0.4715333566189312,0.0017464198393293748,0.5420118475957738,0.0024897950856916065,stage1: pt32
matmult_imp_pt64_l1d_ddr4_1x,matmult,imp,pt64,l1d,ddr4_1x,0.001242,1.983251,1153373.0,2138673.0,5469.0,1084788.0,55493.0,4714.0,6658.0,,,,stage1,0.001279,1.0297906602254427,55493.0,4714.0,6658.0,0.08494765105508803,0.11997909646261691,0.5392937583258404,0.005041538070111395,stage1: pt64
matmult_imp_pt64_l1d_ddr4_2x,matmult,imp,pt64,l1d,ddr4_2x,0.001261,1.953336,1151766.0,2139866.0,5355.0,1086353.0,55078.0,4680.0,8082.0,,,,stage1,0.001298,1.02934179222839,55078.0,4680.0,8082.0,0.08497040560659429,0.14673735429754167,0.538242114225844,0.004929336965056478,stage1: pt64
matmult_imp_pt64_l2_ddr4_1x,matmult,imp,pt64,l2,ddr4_1x,0.001238,1.989519,1157391.0,2138569.0,2685.0,1077581.0,,,,5961.0,2727.0,8.0,stage1,0.001279,1.0331179321486268,5961.0,2727.0,8.0,0.45747357825868146,0.001342056701895655,0.5411988109806136,0.0024916920398559365,stage1: pt64
matmult_imp_pt64_l2_ddr4_2x,matmult,imp,pt64,l2,ddr4_2x,0.00123,2.002425,1159546.0,2139337.0,2685.0,1078402.0,,,,5726.0,2700.0,10.0,stage1,0.001298,1.0552845528455284,5726.0,2700.0,10.0,0.4715333566189312,0.0017464198393293748,0.5420118475957738,0.0024897950856916065,stage1: pt64
matmult_imp_pt8_l1d_ddr4_1x,matmult,imp,pt8,l1d,ddr4_1x,0.001242,1.983251,1153373.0,2138673.0,5469.0,1084788.0,55493.0,4714.0,6658.0,,,,stage1,0.001279,1.0297906602254427,55493.0,4714.0,6658.0,0.08494765105508803,0.11997909646261691,0.5392937583258404,0.005041538070111395,stage1: pt8
matmult_imp_pt8_l1d_ddr4_2x,matmult,imp,pt8,l1d,ddr4_2x,0.001261,1.953336,1151766.0,2139866.0,5355.0,1086353.0,55078.0,4680.0,8082.0,,,,stage1,0.001298,1.02934179222839,55078.0,4680.0,8082.0,0.08497040560659429,0.14673735429754167,0.538242114225844,0.004929336965056478,stage1: pt8
matmult_imp_pt8_l2_ddr4_1x,matmult,imp,pt8,l2,ddr4_1x,0.001238,1.989519,1157391.0,2138569.0,2685.0,1077581.0,,,,5961.0,2727.0,8.0,stage1,0.001279,1.0331179321486268,5961.0,2727.0,8.0,0.45747357825868146,0.001342056701895655,0.5411988109806136,0.0024916920398559365,stage1: pt8
matmult_imp_pt8_l2_ddr4_2x,matmult,imp,pt8,l2,ddr4_2x,0.00123,2.002425,1159546.0,2139337.0,2685.0,1078402.0,,,,5726.0,2700.0,10.0,stage1,0.001298,1.0552845528455284,5726.0,2700.0,10.0,0.4715333566189312,0.0017464198393293748,0.5420118475957738,0.0024897950856916065,stage1: pt8
matmult_imp_sdist16_l1d_ddr4_1x,matmult,imp,sdist16,l1d,ddr4_1x,0.001208,2.039471,1150500.0,2138816.0,5475.0,1083178.0,34743.0,3667.0,5007.0,,,,stage1,0.001279,1.058774834437086,34743.0,3667.0,5007.0,0.1055464410096998,0.14411536136775754,0.5379144349023011,0.005054570901550807,stage1: sdist16
matmult_imp_sdist16_l1d_ddr4_2x,matmult,imp,sdist16,l1d,ddr4_2x,0.001223,2.015059,1151777.0,2140009.0,5364.0,1082513.0,31853.0,3474.0,4209.0,,,,stage1,0.001298,1.061324611610793,31853.0,3474.0,4209.0,0.10906351050136565,0.1321382601324836,0.5382112878964528,0.0049551367974333795,stage1: sdist16
matmult_imp_sdist16_l2_ddr4_1x,matmult,imp,sdist16,l2,ddr4_1x,0.001225,2.010689,1157985.0,2138080.0,1932.0,1076921.0,,,,6610.0,3480.0,5.0,stage1,0.001279,1.0440816326530613,6610.0,3480.0,5.0,0.5264750378214826,0.0007564296520423601,0.5416004078425504,0.0017940034598638154,stage1: sdist16
matmult_imp_sdist16_l2_ddr4_2x,matmult,imp,sdist16,l2,ddr4_2x,0.001214,2.02936,1159562.0,2139089.0,1912.0,1078053.0,,,,6424.0,3499.0,14.0,stage1,0.001298,1.0691927512355848,6424.0,3499.0,14.0,0.5446762141967622,0.0021793275217932753,0.542082166754165,0.0017735677188412814,stage1: sdist16
matmult_imp_sdist2_l1d_ddr4_1x,matmult,imp,sdist2,l1d,ddr4_1x,0.001279,1.926241,1153849.0,2138224.0,5448.0,1084909.0,60567.0,4069.0,6792.0,,,,stage1,0.001279,1.0,60567.0,4069.0,6792.0,0.06718179866924233,0.11214027440685521,0.5396296178510764,0.005021619324754426,stage1: sdist2
matmult_imp_sdist2_l1d_ddr4_2x,matmult,imp,sdist2,l1d,ddr4_2x,0.001299,1.897162,1156421.0,2139910.0,5341.0,1085073.0,63840.0,3662.0,6382.0,,,,stage1,0.001298,0.9992301770592763,63840.0,3662.0,6382.0,0.05736215538847118,0.099968671679198,0.5404063722306078,0.004922249470772935,stage1: sdist2
matmult_imp_sdist2_l2_ddr4_1x,matmult,imp,sdist2,l2,ddr4_1x,0.001255,1.963687,1159420.0,2138816.0,3370.0,1077774.0,,,,4904.0,2051.0,3.0,stage1,0.001279,1.0191235059760955,4904.0,2051.0,3.0,0.4182300163132137,0.0006117455138662316,0.5420849666357461,0.0031268150836817367,stage1: sdist2
matmult_imp_sdist2_l2_ddr4_2x,matmult,imp,sdist2,l2,ddr4_2x,0.001247,1.975709,1158925.0,2138670.0,3407.0,1077472.0,,,,4981.0,1953.0,3.0,stage1,0.001298,1.040898155573376,4981.0,1953.0,3.0,0.3920899417787593,0.0006022886970487854,0.5418905207442009,0.003162031124706721,stage1: sdist2
matmult_imp_sdist8_l1d_ddr4_1x,matmult,imp,sdist8,l1d,ddr4_1x,0.001221,2.018409,1149933.0,2138251.0,5466.0,1082484.0,36362.0,3741.0,5124.0,,,,stage1,0.001279,1.0475020475020473,36362.0,3741.0,5124.0,0.10288212969583631,0.1409163412353556,0.5377914005418447,0.0050494972673961,stage1: sdist8
matmult_imp_sdist8_l1d_ddr4_2x,matmult,imp,sdist8,l1d,ddr4_2x,0.001228,2.006391,1151258.0,2140070.0,5363.0,1084311.0,37537.0,4166.0,5903.0,,,,stage1,0.001298,1.0570032573289903,37537.0,4166.0,5903.0,0.1109838292884354,0.15725817193702213,0.537953431429813,0.00494599796552834,stage1: sdist8
matmult_imp_sdist8_l2_ddr4_1x,matmult,imp,sdist8,l2,ddr4_1x,0.001239,1.988757,1159070.0,2139187.0,2213.0,1078265.0,,,,6188.0,3186.0,13.0,stage1,0.001279,1.0322841000807101,6188.0,3186.0,13.0,0.5148674854557207,0.0021008403361344537,0.5418273390778833,0.002052371170352372,stage1: sdist8
matmult_imp_sdist8_l2_ddr4_2x,matmult,imp,sdist8,l2,ddr4_2x,0.001222,2.015772,1157799.0,2138385.0,2222.0,1077359.0,,,,6699.0,3173.0,9.0,stage1,0.001298,1.0621931260229132,6699.0,3173.0,9.0,0.47365278399761157,0.0013434841021047917,0.5414361773020293,0.0020624508636396966,stage1: sdist8
matmult_imp_sthr2_l1d_ddr4_1x,matmult,imp,sthr2,l1d,ddr4_1x,0.001245,1.979301,1154520.0,2138826.0,5452.0,1085843.0,55004.0,4319.0,7737.0,,,,stage1,0.001279,1.0273092369477912,55004.0,4319.0,7737.0,0.07852156206821322,0.1406624972729256,0.5397914556864373,0.005020983696538081,stage1: sthr2
matmult_imp_sthr2_l1d_ddr4_2x,matmult,imp,sthr2,l1d,ddr4_2x,0.001251,1.96987,1151864.0,2139622.0,5354.0,1085856.0,51622.0,4463.0,7771.0,,,,stage1,0.001298,1.037569944044764,51622.0,4463.0,7771.0,0.08645538723799931,0.15053659292549687,0.5383492972123113,0.0049306722069961395,stage1: sthr2
matmult_imp_sthr2_l2_ddr4_1x,matmult,imp,sthr2,l2,ddr4_1x,0.001239,1.988709,1158047.0,2138704.0,2657.0,1077898.0,,,,5904.0,2736.0,1.0,stage1,0.001279,1.0322841000807101,5904.0,2736.0,1.0,0.4634146341463415,0.00016937669376693767,0.5414713770582559,0.0024649827720248114,stage1: sthr2
matmult_imp_sthr2_l2_ddr4_2x,matmult,imp,sthr2,l2,ddr4_2x,0.001235,1.995389,1158563.0,2138681.0,2634.0,1077864.0,,,,5841.0,2759.0,5.0,stage1,0.001298,1.0510121457489878,5841.0,2759.0,5.0,0.4723506248929978,0.0008560178051703475,0.5417184704030195,0.002443722028010955,stage1: sthr2
matmult_imp_sthr8_l1d_ddr4_1x,matmult,imp,sthr8,l1d,ddr4_1x,0.001244,1.97974,1153439.0,2138348.0,5442.0,1085998.0,52541.0,4165.0,7984.0,,,,stage1,0.001279,1.0281350482315113,52541.0,4165.0,7984.0,0.07927142612436003,0.15195751889000972,0.5394065886375837,0.005011058952226431,stage1: sthr8
matmult_imp_sthr8_l1d_ddr4_2x,matmult,imp,sthr8,l1d,ddr4_2x,0.00126,1.955879,1150664.0,2137261.0,5347.0,1083585.0,53111.0,4492.0,6972.0,,,,stage1,0.001298,1.03015873015873,53111.0,4492.0,6972.0,0.08457758279829038,0.13127224115531622,0.5383825372755129,0.004934545974704338,stage1: sthr8
matmult_imp_sthr8_l2_ddr4_1x,matmult,imp,sthr8,l2,ddr4_1x,0.001238,1.989965,1158791.0,2138678.0,2665.0,1077725.0,,,,5819.0,2736.0,8.0,stage1,0.001279,1.0331179321486268,5819.0,2736.0,8.0,0.4701838803918199,0.001374806667812339,0.5418258382047227,0.002472801503166392,stage1: sthr8
matmult_imp_sthr8_l2_ddr4_2x,matmult,imp,sthr8,l2,ddr4_2x,0.001234,1.996032,1158789.0,2139079.0,2636.0,1078088.0,,,,5690.0,2754.0,6.0,stage1,0.001298,1.0518638573743921,5690.0,2754.0,6.0,0.48400702987697714,0.001054481546572935,0.5417233304613808,0.0024450694191939805,stage1: sthr8
matmult_imp_thr1_l1d_ddr4_1x,matmult,imp,thr1,l1d,ddr4_1x,0.001242,1.983251,1153373.0,2138673.0,5469.0,1084788.0,55493.0,4714.0,6658.0,,,,stage1,0.001279,1.0297906602254427,55493.0,4714.0,6658.0,0.08494765105508803,0.11997909646261691,0.5392937583258404,0.005041538070111395,stage1: thr1
matmult_imp_thr1_l1d_ddr4_2x,matmult,imp,thr1,l1d,ddr4_2x,0.001261,1.953336,1151766.0,2139866.0,5355.0,1086353.0,55078.0,4680.0,8082.0,,,,stage1,0.001298,1.02934179222839,55078.0,4680.0,8082.0,0.08497040560659429,0.14673735429754167,0.538242114225844,0.004929336965056478,stage1: thr1
matmult_imp_thr1_l2_ddr4_1x,matmult,imp,thr1,l2,ddr4_1x,0.001238,1.989519,1157391.0,2138569.0,2685.0,1077581.0,,,,5961.0,2727.0,8.0,stage1,0.001279,1.0331179321486268,5961.0,2727.0,8.0,0.45747357825868146,0.001342056701895655,0.5411988109806136,0.0024916920398559365,stage1: thr1
matmult_imp_thr1_l2_ddr4_2x,matmult,imp,thr1,l2,ddr4_2x,0.00123,2.002425,1159546.0,2139337.0,2685.0,1078402.0,,,,5726.0,2700.0,10.0,stage1,0.001298,1.0552845528455284,5726.0,2700.0,10.0,0.4715333566189312,0.0017464198393293748,0.5420118475957738,0.0024897950856916065,stage1: thr1
matmult_imp_thr3_l1d_ddr4_1x,matmult,imp,thr3,l1d,ddr4_1x,0.001242,1.983251,1153373.0,2138673.0,5469.0,1084788.0,55493.0,4714.0,6658.0,,,,stage1,0.001279,1.0297906602254427,55493.0,4714.0,6658.0,0.08494765105508803,0.11997909646261691,0.5392937583258404,0.005041538070111395,stage1: thr3
matmult_imp_thr3_l1d_ddr4_2x,matmult,imp,thr3,l1d,ddr4_2x,0.001261,1.953336,1151766.0,2139866.0,5355.0,1086353.0,55078.0,4680.0,8082.0,,,,stage1,0.001298,1.02934179222839,55078.0,4680.0,8082.0,0.08497040560659429,0.14673735429754167,0.538242114225844,0.004929336965056478,stage1: thr3
matmult_imp_thr3_l2_ddr4_1x,matmult,imp,thr3,l2,ddr4_1x,0.001238,1.989519,1157391.0,2138569.0,2685.0,1077581.0,,,,5961.0,2727.0,8.0,stage1,0.001279,1.0331179321486268,5961.0,2727.0,8.0,0.45747357825868146,0.001342056701895655,0.5411988109806136,0.0024916920398559365,stage1: thr3
matmult_imp_thr3_l2_ddr4_2x,matmult,imp,thr3,l2,ddr4_2x,0.00123,2.002425,1159546.0,2139337.0,2685.0,1078402.0,,,,5726.0,2700.0,10.0,stage1,0.001298,1.0552845528455284,5726.0,2700.0,10.0,0.4715333566189312,0.0017464198393293748,0.5420118475957738,0.0024897950856916065,stage1: thr3
matmult_imp_thr4_l1d_ddr4_1x,matmult,imp,thr4,l1d,ddr4_1x,0.001242,1.983251,1153373.0,2138673.0,5469.0,1084788.0,55493.0,4714.0,6658.0,,,,stage1,0.001279,1.0297906602254427,55493.0,4714.0,6658.0,0.08494765105508803,0.11997909646261691,0.5392937583258404,0.005041538070111395,stage1: thr4
matmult_imp_thr4_l1d_ddr4_2x,matmult,imp,thr4,l1d,ddr4_2x,0.001261,1.953336,1151766.0,2139866.0,5355.0,1086353.0,55078.0,4680.0,8082.0,,,,stage1,0.001298,1.02934179222839,55078.0,4680.0,8082.0,0.08497040560659429,0.14673735429754167,0.538242114225844,0.004929336965056478,stage1: thr4
matmult_imp_thr4_l2_ddr4_1x,matmult,imp,thr4,l2,ddr4_1x,0.001238,1.989519,1157391.0,2138569.0,2685.0,1077581.0,,,,5961.0,2727.0,8.0,stage1,0.001279,1.0331179321486268,5961.0,2727.0,8.0,0.45747357825868146,0.001342056701895655,0.5411988109806136,0.0024916920398559365,stage1: thr4
matmult_imp_thr4_l2_ddr4_2x,matmult,imp,thr4,l2,ddr4_2x,0.00123,2.002425,1159546.0,2139337.0,2685.0,1078402.0,,,,5726.0,2700.0,10.0,stage1,0.001298,1.0552845528455284,5726.0,2700.0,10.0,0.4715333566189312,0.0017464198393293748,0.5420118475957738,0.0024897950856916065,stage1: thr4
merge_imp_addrlen16_l1d_ddr4_1x,merge,imp,addrlen16,l1d,ddr4_1x,0.010348,1.220298,868812.0,11018157.0,72551.0,205645.0,277970.0,49805.0,1784.0,,,,stage1,0.011631,1.123985311171241,277970.0,49805.0,1784.0,0.17917401158398388,0.00641795877252941,0.07885275187129753,0.35279729631160495,stage1: addrlen16
merge_imp_addrlen16_l1d_ddr4_2x,merge,imp,addrlen16,l1d,ddr4_2x,0.010338,1.221422,864072.0,11016300.0,72578.0,205657.0,270250.0,50094.0,1786.0,,,,stage1,0.011697,1.1314567614625655,270250.0,50094.0,1786.0,0.18536170212765957,0.006608695652173913,0.07843577244628415,0.3529079972964694,stage1: addrlen16
merge_imp_addrlen16_l2_ddr4_1x,merge,imp,addrlen16,l2,ddr4_1x,0.010657,1.184901,915009.0,11146230.0,30946.0,201508.0,,,,105059.0,41293.0,149.0,stage1,0.011631,1.0913953270151076,105059.0,41293.0,149.0,0.39304581235305874,0.0014182506972272723,0.08209134388936887,0.15357206661770254,stage1: addrlen16
merge_imp_addrlen16_l2_ddr4_2x,merge,imp,addrlen16,l2,ddr4_2x,0.010555,1.196311,911119.0,11144438.0,30339.0,201512.0,,,,102852.0,41906.0,160.0,stage1,0.011697,1.1081951681667457,102852.0,41906.0,160.0,0.4074398164352662,0.0015556333372224167,0.0817554909453487,0.1505567906625908,stage1: addrlen16
merge_imp_addrlen2_l1d_ddr4_1x,merge,imp,addrlen2,l1d,ddr4_1x,0.010348,1.220298,868812.0,11018157.0,72551.0,205645.0,277970.0,49805.0,1784.0,,,,stage1,0.011631,1.123985311171241,277970.0,49805.0,1784.0,0.17917401158398388,0.00641795877252941,0.07885275187129753,0.35279729631160495,stage1: addrlen2
merge_imp_addrlen2_l1d_ddr4_2x,merge,imp,addrlen2,l1d,ddr4_2x,0.010338,1.221422,864072.0,11016300.0,72578.0,205657.0,270250.0,50094.0,1786.0,,,,stage1,0.011697,1.1314567614625655,270250.0,50094.0,1786.0,0.18536170212765957,0.006608695652173913,0.07843577244628415,0.3529079972964694,stage1: addrlen2
merge_imp_addrlen2_l2_ddr4_1x,merge,imp,addrlen2,l2,ddr4_1x,0.010657,1.184901,915009.0,11146230.0,30946.0,201508.0,,,,105059.0,41293.0,149.0,stage1,0.011631,1.0913953270151076,105059.0,41293.0,149.0,0.39304581235305874,0.0014182506972272723,0.08209134388936887,0.15357206661770254,stage1: addrlen2
merge_imp_addrlen2_l2_ddr4_2x,merge,imp,addrlen2,l2,ddr4_2x,0.010555,1.196311,911119.0,11144438.0,30339.0,201512.0,,,,102852.0,41906.0,160.0,stage1,0.011697,1.1081951681667457,102852.0,41906.0,160.0,0.4074398164352662,0.0015556333372224167,0.0817554909453487,0.1505567906625908,stage1: addrlen2
merge_imp_addrlen8_l1d_ddr4_1x,merge,imp,addrlen8,l1d,ddr4_1x,0.010348,1.220298,868812.0,11018157.0,72551.0,205645.0,277970.0,49805.0,1784.0,,,,stage1,0.011631,1.123985311171241,277970.0,49805.0,1784.0,0.17917401158398388,0.00641795877252941,0.07885275187129753,0.35279729631160495,stage1: addrlen8
merge_imp_addrlen8_l1d_ddr4_2x,merge,imp,addrlen8,l1d,ddr4_2x,0.010338,1.221422,864072.0,11016300.0,72578.0,205657.0,270250.0,50094.0,1786.0,,,,stage1,0.011697,1.1314567614625655,270250.0,50094.0,1786.0,0.18536170212765957,0.006608695652173913,0.07843577244628415,0.3529079972964694,stage1: addrlen8
merge_imp_addrlen8_l2_ddr4_1x,merge,imp,addrlen8,l2,ddr4_1x,0.010657,1.184901,915009.0,11146230.0,30946.0,201508.0,,,,105059.0,41293.0,149.0,stage1,0.011631,1.0913953270151076,105059.0,41293.0,149.0,0.39304581235305874,0.0014182506972272723,0.08209134388936887,0.15357206661770254,stage1: addrlen8
merge_imp_addrlen8_l2_ddr4_2x,merge,imp,addrlen8,l2,ddr4_2x,0.010555,1.196311,911119.0,11144438.0,30339.0,201512.0,,,,102852.0,41906.0,160.0,stage1,0.011697,1.1081951681667457,102852.0,41906.0,160.0,0.4074398164352662,0.0015556333372224167,0.0817554909453487,0.1505567906625908,stage1: addrlen8
merge_imp_default_l1d_ddr4_1x,merge,imp,default,l1d,ddr4_1x,0.010348,1.220298,868812.0,11018157.0,72551.0,205645.0,277970.0,49805.0,1784.0,,,,stage1,0.011631,1.123985311171241,277970.0,49805.0,1784.0,0.17917401158398388,0.00641795877252941,0.07885275187129753,0.35279729631160495,stage1: default [IMP default]
merge_imp_default_l1d_ddr4_2x,merge,imp,default,l1d,ddr4_2x,0.010338,1.221422,864072.0,11016300.0,72578.0,205657.0,270250.0,50094.0,1786.0,,,,stage1,0.011697,1.1314567614625655,270250.0,50094.0,1786.0,0.18536170212765957,0.006608695652173913,0.07843577244628415,0.3529079972964694,stage1: default [IMP default]
merge_imp_default_l2_ddr4_1x,merge,imp,default,l2,ddr4_1x,0.010657,1.184901,915009.0,11146230.0,30946.0,201508.0,,,,105059.0,41293.0,149.0,stage1,0.011631,1.0913953270151076,105059.0,41293.0,149.0,0.39304581235305874,0.0014182506972272723,0.08209134388936887,0.15357206661770254,stage1: default [IMP default]
merge_imp_default_l2_ddr4_2x,merge,imp,default,l2,ddr4_2x,0.010555,1.196311,911119.0,11144438.0,30339.0,201512.0,,,,102852.0,41906.0,160.0,stage1,0.011697,1.1081951681667457,102852.0,41906.0,160.0,0.4074398164352662,0.0015556333372224167,0.0817554909453487,0.1505567906625908,stage1: default [IMP default]
merge_imp_dist32_l1d_ddr4_1x,merge,imp,dist32,l1d,ddr4_1x,0.010348,1.220298,868812.0,11018157.0,72551.0,205645.0,277970.0,49805.0,1784.0,,,,stage1,0.011631,1.123985311171241,277970.0,49805.0,1784.0,0.17917401158398388,0.00641795877252941,0.07885275187129753,0.35279729631160495,stage1: dist32
merge_imp_dist32_l1d_ddr4_2x,merge,imp,dist32,l1d,ddr4_2x,0.010338,1.221422,864072.0,11016300.0,72578.0,205657.0,270250.0,50094.0,1786.0,,,,stage1,0.011697,1.1314567614625655,270250.0,50094.0,1786.0,0.18536170212765957,0.006608695652173913,0.07843577244628415,0.3529079972964694,stage1: dist32
merge_imp_dist32_l2_ddr4_1x,merge,imp,dist32,l2,ddr4_1x,0.010657,1.184901,915009.0,11146230.0,30946.0,201508.0,,,,105059.0,41293.0,149.0,stage1,0.011631,1.0913953270151076,105059.0,41293.0,149.0,0.39304581235305874,0.0014182506972272723,0.08209134388936887,0.15357206661770254,stage1: dist32
merge_imp_dist32_l2_ddr4_2x,merge,imp,dist32,l2,ddr4_2x,0.010555,1.196311,911119.0,11144438.0,30339.0,201512.0,,,,102852.0,41906.0,160.0,stage1,0.011697,1.1081951681667457,102852.0,41906.0,160.0,0.4074398164352662,0.0015556333372224167,0.0817554909453487,0.1505567906625908,stage1: dist32
merge_imp_dist4_l1d_ddr4_1x,merge,imp,dist4,l1d,ddr4_1x,0.010348,1.220298,868812.0,11018157.0,72551.0,205645.0,277970.0,49805.0,1784.0,,,,stage1,0.011631,1.123985311171241,277970.0,49805.0,1784.0,0.17917401158398388,0.00641795877252941,0.07885275187129753,0.35279729631160495,stage1: dist4
merge_imp_dist4_l1d_ddr4_2x,merge,imp,dist4,l1d,ddr4_2x,0.010338,1.221422,864072.0,11016300.0,72578.0,205657.0,270250.0,50094.0,1786.0,,,,stage1,0.011697,1.1314567614625655,270250.0,50094.0,1786.0,0.18536170212765957,0.006608695652173913,0.07843577244628415,0.3529079972964694,stage1: dist4
merge_imp_dist4_l2_ddr4_1x,merge,imp,dist4,l2,ddr4_1x,0.010657,1.184901,915009.0,11146230.0,30946.0,201508.0,,,,105059.0,41293.0,149.0,stage1,0.011631,1.0913953270151076,105059.0,41293.0,149.0,0.39304581235305874,0.0014182506972272723,0.08209134388936887,0.15357206661770254,stage1: dist4
merge_imp_dist4_l2_ddr4_2x,merge,imp,dist4,l2,ddr4_2x,0.010555,1.196311,911119.0,11144438.0,30339.0,201512.0,,,,102852.0,41906.0,160.0,stage1,0.011697,1.1081951681667457,102852.0,41906.0,160.0,0.4074398164352662,0.0015556333372224167,0.0817554909453487,0.1505567906625908,stage1: dist4
merge_imp_dist64_l1d_ddr4_1x,merge,imp,dist64,l1d,ddr4_1x,0.010348,1.220298,868812.0,11018157.0,72551.0,205645.0,277970.0,49805.0,1784.0,,,,stage1,0.011631,1.123985311171241,277970.0,49805.0,1784.0,0.17917401158398388,0.00641795877252941,0.07885275187129753,0.35279729631160495,stage1: dist64
merge_imp_dist64_l1d_ddr4_2x,merge,imp,dist64,l1d,ddr4_2x,0.010338,1.221422,864072.0,11016300.0,72578.0,205657.0,270250.0,50094.0,1786.0,,,,stage1,0.011697,1.1314567614625655,270250.0,50094.0,1786.0,0.18536170212765957,0.006608695652173913,0.07843577244628415,0.3529079972964694,stage1: dist64
merge_imp_dist64_l2_ddr4_1x,merge,imp,dist64,l2,ddr4_1x,0.010657,1.184901,915009.0,11146230.0,30946.0,201508.0,,,,105059.0,41293.0,149.0,stage1,0.011631,1.0913953270151076,105059.0,41293.0,149.0,0.39304581235305874,0.0014182506972272723,0.08209134388936887,0.15357206661770254,stage1: dist64
merge_imp_dist64_l2_ddr4_2x,merge,imp,dist64,l2,ddr4_2x,0.010555,1.196311,911119.0,11144438.0,30339.0,201512.0,,,,102852.0,41906.0,160.0,stage1,0.011697,1.1081951681667457,102852.0,41906.0,160.0,0.4074398164352662,0.0015556333372224167,0.0817554909453487,0.1505567906625908,stage1: dist64
merge_imp_dist8_l1d_ddr4_1x,merge,imp,dist8,l1d,ddr4_1x,0.010348,1.220298,868812.0,11018157.0,72551.0,205645.0,277970.0,49805.0,1784.0,,,,stage1,0.011631,1.123985311171241,277970.0,49805.0,1784.0,0.17917401158398388,0.00641795877252941,0.07885275187129753,0.35279729631160495,stage1: dist8
merge_imp_dist8_l1d_ddr4_2x,merge,imp,dist8,l1d,ddr4_2x,0.010338,1.221422,864072.0,11016300.0,72578.0,205657.0,270250.0,50094.0,1786.0,,,,stage1,0.011697,1.1314567614625655,270250.0,50094.0,1786.0,0.18536170212765957,0.006608695652173913,0.07843577244628415,0.3529079972964694,stage1: dist8
merge_imp_dist8_l2_ddr4_1x,merge,imp,dist8,l2,ddr4_1x,0.010657,1.184901,915009.0,11146230.0,30946.0,201508.0,,,,105059.0,41293.0,149.0,stage1,0.011631,1.0913953270151076,105059.0,41293.0,149.0,0.39304581235305874,0.0014182506972272723,0.08209134388936887,0.15357206661770254,stage1: dist8
merge_imp_dist8_l2_ddr4_2x,merge,imp,dist8,l2,ddr4_2x,0.010555,1.196311,911119.0,11144438.0,30339.0,201512.0,,,,102852.0,41906.0,160.0,stage1,0.011697,1.1081951681667457,102852.0,41906.0,160.0,0.4074398164352662,0.0015556333372224167,0.0817554909453487,0.1505567906625908,stage1: dist8
merge_imp_ipd16_l1d_ddr4_1x,merge,imp,ipd16,l1d,ddr4_1x,0.010348,1.220298,868812.0,11018157.0,72551.0,205645.0,277970.0,49805.0,1784.0,,,,stage1,0.011631,1.123985311171241,277970.0,49805.0,1784.0,0.17917401158398388,0.00641795877252941,0.07885275187129753,0.35279729631160495,stage1: ipd16
merge_imp_ipd16_l1d_ddr4_2x,merge,imp,ipd16,l1d,ddr4_2x,0.010338,1.221422,864072.0,11016300.0,72578.0,205657.0,270250.0,50094.0,1786.0,,,,stage1,0.011697,1.1314567614625655,270250.0,50094.0,1786.0,0.18536170212765957,0.006608695652173913,0.07843577244628415,0.3529079972964694,stage1: ipd16
merge_imp_ipd16_l2_ddr4_1x,merge,imp,ipd16,l2,ddr4_1x,0.010657,1.184901,915009.0,11146230.0,30946.0,201508.0,,,,105059.0,41293.0,149.0,stage1,0.011631,1.0913953270151076,105059.0,41293.0,149.0,0.39304581235305874,0.0014182506972272723,0.08209134388936887,0.15357206661770254,stage1: ipd16
merge_imp_ipd16_l2_ddr4_2x,merge,imp,ipd16,l2,ddr4_2x,0.010555,1.196311,911119.0,11144438.0,30339.0,201512.0,,,,102852.0,41906.0,160.0,stage1,0.011697,1.1081951681667457,102852.0,41906.0,160.0,0.4074398164352662,0.0015556333372224167,0.0817554909453487,0.1505567906625908,stage1: ipd16
merge_imp_ipd2_l1d_ddr4_1x,merge,imp,ipd2,l1d,ddr4_1x,0.010348,1.220298,868812.0,11018157.0,72551.0,205645.0,277970.0,49805.0,1784.0,,,,stage1,0.011631,1.123985311171241,277970.0,49805.0,1784.0,0.17917401158398388,0.00641795877252941,0.07885275187129753,0.35279729631160495,stage1: ipd2
merge_imp_ipd2_l1d_ddr4_2x,merge,imp,ipd2,l1d,ddr4_2x,0.010338,1.221422,864072.0,11016300.0,72578.0,205657.0,270250.0,50094.0,1786.0,,,,stage1,0.011697,1.1314567614625655,270250.0,50094.0,1786.0,0.18536170212765957,0.006608695652173913,0.07843577244628415,0.3529079972964694,stage1: ipd2
merge_imp_ipd2_l2_ddr4_1x,merge,imp,ipd2,l2,ddr4_1x,0.010657,1.184901,915009.0,11146230.0,30946.0,201508.0,,,,105059.0,41293.0,149.0,stage1,0.011631,1.0913953270151076,105059.0,41293.0,149.0,0.39304581235305874,0.0014182506972272723,0.08209134388936887,0.15357206661770254,stage1: ipd2
merge_imp_ipd2_l2_ddr4_2x,merge,imp,ipd2,l2,ddr4_2x,0.010555,1.196311,911119.0,11144438.0,30339.0,201512.0,,,,102852.0,41906.0,160.0,stage1,0.011697,1.1081951681667457,102852.0,41906.0,160.0,0.4074398164352662,0.0015556333372224167,0.0817554909453487,0.1505567906625908,stage1: ipd2
merge_imp_ipd8_l1d_ddr4_1x,merge,imp,ipd8,l1d,ddr4_1x,0.010348,1.220298,868812.0,11018157.0,72551.0,205645.0,277970.0,49805.0,1784.0,,,,stage1,0.011631,1.123985311171241,277970.0,49805.0,1784.0,0.17917401158398388,0.00641795877252941,0.07885275187129753,0.35279729631160495,stage1: ipd8
merge_imp_ipd8_l1d_ddr4_2x,merge,imp,ipd8,l1d,ddr4_2x,0.010338,1.221422,864072.0,11016300.0,72578.0,205657.0,270250.0,50094.0,1786.0,,,,stage1,0.011697,1.1314567614625655,270250.0,50094.0,1786.0,0.18536170212765957,0.006608695652173913,0.07843577244628415,0.3529079972964694,stage1: ipd8
merge_imp_ipd8_l2_ddr4_1x,merge,imp,ipd8,l2,ddr4_1x,0.010657,1.184901,915009.0,11146230.0,30946.0,201508.0,,,,105059.0,41293.0,149.0,stage1,0.011631,1.0913953270151076,105059.0,41293.0,149.0,0.39304581235305874,0.0014182506972272723,0.08209134388936887,0.15357206661770254,stage1: ipd8
merge_imp_ipd8_l2_ddr4_2x,merge,imp,ipd8,l2,ddr4_2x,0.010555,1.196311,911119.0,11144438.0,30339.0,201512.0,,,,102852.0,41906.0,160.0,stage1,0.011697,1.1081951681667457,102852.0,41906.0,160.0,0.4074398164352662,0.0015556333372224167,0.0817554909453487,0.1505567906625908,stage1: ipd8
merge_imp_pt32_l1d_ddr4_1x,merge,imp,pt32,l1d,ddr4_1x,0.010348,1.220298,868812.0,11018157.0,72551.0,205645.0,277970.0,49805.0,1784.0,,,,stage1,0.011631,1.123985311171241,277970.0,49805.0,1784.0,0.17917401158398388,0.00641795877252941,0.07885275187129753,0.35279729631160495,stage1: pt32
merge_imp_pt32_l1d_ddr4_2x,merge,imp,pt32,l1d,ddr4_2x,0.010338,1.221422,864072.0,11016300.0,72578.0,205657.0,270250.0,50094.0,1786.0,,,,stage1,0.011697,1.1314567614625655,270250.0,50094.0,1786.0,0.18536170212765957,0.006608695652173913,0.07843577244628415,0.3529079972964694,stage1: pt32
merge_imp_pt32_l2_ddr4_1x,merge,imp,pt32,l2,ddr4_1x,0.010657,1.184901,915009.0,11146230.0,30946.0,201508.0,,,,105059.0,41293.0,149.0,stage1,0.011631,1.0913953270151076,105059.0,41293.0,149.0,0.39304581235305874,0.0014182506972272723,0.08209134388936887,0.15357206661770254,stage1: pt32
merge_imp_pt32_l2_ddr4_2x,merge,imp,pt32,l2,ddr4_2x,0.010555,1.196311,911119.0,11144438.0,30339.0,201512.0,,,,102852.0,41906.0,160.0,stage1,0.011697,1.1081951681667457,102852.0,41906.0,160.0,0.4074398164352662,0.0015556333372224167,0.0817554909453487,0.1505567906625908,stage1: pt32
merge_imp_pt64_l1d_ddr4_1x,merge,imp,pt64,l1d,ddr4_1x,0.010348,1.220298,868812.0,11018157.0,72551.0,205645.0,277970.0,49805.0,1784.0,,,,stage1,0.011631,1.123985311171241,277970.0,49805.0,1784.0,0.17917401158398388,0.00641795877252941,0.07885275187129753,0.35279729631160495,stage1: pt64
merge_imp_pt64_l1d_ddr4_2x,merge,imp,pt64,l1d,ddr4_2x,0.010338,1.221422,864072.0,11016300.0,72578.0,205657.0,270250.0,50094.0,1786.0,,,,stage1,0.011697,1.1314567614625655,270250.0,50094.0,1786.0,0.18536170212765957,0.006608695652173913,0.07843577244628415,0.3529079972964694,stage1: pt64
merge_imp_pt64_l2_ddr4_1x,merge,imp,pt64,l2,ddr4_1x,0.010657,1.184901,915009.0,11146230.0,30946.0,201508.0,,,,105059.0,41293.0,149.0,stage1,0.011631,1.0913953270151076,105059.0,41293.0,149.0,0.39304581235305874,0.0014182506972272723,0.08209134388936887,0.15357206661770254,stage1: pt64
merge_imp_pt64_l2_ddr4_2x,merge,imp,pt64,l2,ddr4_2x,0.010555,1.196311,911119.0,11144438.0,30339.0,201512.0,,,,102852.0,41906.0,160.0,stage1,0.011697,1.1081951681667457,102852.0,41906.0,160.0,0.4074398164352662,0.0015556333372224167,0.0817554909453487,0.1505567906625908,stage1: pt64
merge_imp_pt8_l1d_ddr4_1x,merge,imp,pt8,l1d,ddr4_1x,0.010354,1.21952,869752.0,11018382.0,72496.0,205531.0,279644.0,49464.0,1702.0,,,,stage1,0.011631,1.1233339772068767,279644.0,49464.0,1702.0,0.1768820357311439,0.006086309736665189,0.07893645364627946,0.352725379626431,stage1: pt8
merge_imp_pt8_l1d_ddr4_2x,merge,imp,pt8,l1d,ddr4_2x,0.010351,1.219886,863967.0,11016810.0,72493.0,205528.0,272963.0,49846.0,1695.0,,,,stage1,0.011697,1.1300357453386145,272963.0,49846.0,1695.0,0.1826108300392361,0.006209632807376824,0.07842261053789618,0.35271593164921566,stage1: pt8
merge_imp_pt8_l2_ddr4_1x,merge,imp,pt8,l2,ddr4_1x,0.010654,1.185211,915038.0,11146451.0,30837.0,201493.0,,,,104346.0,41403.0,159.0,stage1,0.011631,1.0917026468931856,104346.0,41403.0,159.0,0.3967856937496406,0.0015237766660916566,0.08209231799431048,0.15304253745787694,stage1: pt8
merge_imp_pt8_l2_ddr4_2x,merge,imp,pt8,l2,ddr4_2x,0.010559,1.195906,910871.0,11144224.0,30578.0,201499.0,,,,103293.0,41676.0,162.0,stage1,0.011697,1.1077753575149163,103293.0,41676.0,162.0,0.4034736138944556,0.0015683540995033544,0.08173480719698384,0.1517526141568941,stage1: pt8
merge_imp_sdist16_l1d_ddr4_1x,merge,imp,sdist16,l1d,ddr4_1x,0.010037,1.258013,776026.0,10971648.0,73528.0,211815.0,217822.0,74992.0,5608.0,,,,stage1,0.011631,1.1588123941416757,217822.0,74992.0,5608.0,0.34428111026434427,0.025745792436025747,0.07073012185589622,0.3471331114415882,stage1: sdist16
merge_imp_sdist16_l1d_ddr4_2x,merge,imp,sdist16,l1d,ddr4_2x,0.009995,1.263335,767808.0,10970706.0,73495.0,211658.0,213024.0,76012.0,5513.0,,,,stage1,0.011697,1.1702851425712857,213024.0,76012.0,5513.0,0.3568236442842121,0.02587971308397176,0.06998710930727703,0.34723468992431183,stage1: sdist16
merge_imp_sdist16_l2_ddr4_1x,merge,imp,sdist16,l2,ddr4_1x,0.010353,1.219609,865516.0,11117479.0,19246.0,201370.0,,,,99914.0,52918.0,300.0,stage1,0.011631,1.1234424804404521,99914.0,52918.0,300.0,0.5296354865184059,0.0030025822207098104,0.07785182234209752,0.09557530913244276,stage1: sdist16
merge_imp_sdist16_l2_ddr4_2x,merge,imp,sdist16,l2,ddr4_2x,0.010224,1.235073,866082.0,11117254.0,15815.0,201421.0,,,,98998.0,56402.0,298.0,stage1,0.011697,1.1440727699530517,98998.0,56402.0,298.0,0.5697286813875028,0.0030101618214509384,0.07790430982327111,0.07851713575049275,stage1: sdist16
merge_imp_sdist2_l1d_ddr4_1x,merge,imp,sdist2,l1d,ddr4_1x,0.010594,1.191944,913154.0,11058707.0,72319.0,203844.0,283292.0,38802.0,942.0,,,,stage1,0.011631,1.0978855956201625,283292.0,38802.0,942.0,0.13696821653982463,0.003325190969035483,0.08257330626446654,0.3547762014089205,stage1: sdist2
merge_imp_sdist2_l1d_ddr4_2x,merge,imp,sdist2,l1d,ddr4_2x,0.010602,1.191063,910794.0,11056515.0,72324.0,203865.0,284127.0,38678.0,948.0,,,,stage1,0.011697,1.1032823995472554,284127.0,38678.0,948.0,0.13612926613802984,0.0033365361264504957,0.0823762279524787,0.35476418217938344,stage1: sdist2
merge_imp_sdist2_l2_ddr4_1x,merge,imp,sdist2,l2,ddr4_1x,0.010846,1.164188,950903.0,11170780.0,44385.0,201480.0,,,,83098.0,27800.0,79.0,stage1,0.011631,1.0723769131477043,83098.0,27800.0,79.0,0.33454475438638714,0.0009506847336879348,0.08512413636290393,0.22029481834425252,stage1: sdist2
merge_imp_sdist2_l2_ddr4_2x,merge,imp,sdist2,l2,ddr4_2x,0.010782,1.171115,946612.0,11167146.0,44653.0,201481.0,,,,83727.0,27532.0,76.0,stage1,0.011697,1.0848636616583196,83727.0,27532.0,76.0,0.3288306042256381,0.0009077119686600499,0.08476758520037259,0.22162387520411353,stage1: sdist2
merge_imp_sdist8_l1d_ddr4_1x,merge,imp,sdist8,l1d,ddr4_1x,0.010159,1.242904,803007.0,10989127.0,73064.0,208488.0,239282.0,66653.0,3555.0,,,,stage1,0.011631,1.1448961511959839,239282.0,66653.0,3555.0,0.278554174572262,0.01485694703320768,0.07307286556975819,0.350447028126319,stage1: sdist8
merge_imp_sdist8_l1d_ddr4_2x,merge,imp,sdist8,l1d,ddr4_2x,0.010136,1.245783,789419.0,10989085.0,73048.0,208447.0,220973.0,69022.0,3523.0,,,,stage1,0.011697,1.1540055248618786,220973.0,69022.0,3523.0,0.3123549030877075,0.01594312427310124,0.07183664518019471,0.3504392003722769,stage1: sdist8
merge_imp_sdist8_l2_ddr4_1x,merge,imp,sdist8,l2,ddr4_1x,0.010492,1.203492,889988.0,11128384.0,22581.0,201519.0,,,,113643.0,49707.0,240.0,stage1,0.011631,1.1085589020205873,113643.0,49707.0,240.0,0.4373960560703255,0.002111876666402682,0.07997459469407238,0.11205395024786745,stage1: sdist8
merge_imp_sdist8_l2_ddr4_2x,merge,imp,sdist8,l2,ddr4_2x,0.010384,1.216069,887571.0,11127357.0,21159.0,201542.0,,,,108292.0,51154.0,227.0,stage1,0.011697,1.1264445300462251,108292.0,51154.0,227.0,0.4723709969342149,0.002096184390352011,0.07976476354627608,0.1049855613222058,stage1: sdist8
merge_imp_sthr2_l1d_ddr4_1x,merge,imp,sthr2,l1d,ddr4_1x,0.01034,1.221227,868228.0,11017889.0,72566.0,205661.0,279785.0,49828.0,1813.0,,,,stage1,0.011631,1.124854932301741,279785.0,49828.0,1813.0,0.17809389352538557,0.006479975695623425,0.0788016651828676,0.35284278497138494,stage1: sthr2
merge_imp_sthr2_l1d_ddr4_2x,merge,imp,sthr2,l1d,ddr4_2x,0.010338,1.221404,863724.0,11016417.0,72596.0,205648.0,269527.0,50174.0,1816.0,,,,stage1,0.011697,1.1314567614625655,269527.0,50174.0,1816.0,0.1861557469196036,0.006737729429704631,0.07840335019997881,0.3530109702015094,stage1: sthr2
merge_imp_sthr2_l2_ddr4_1x,merge,imp,sthr2,l2,ddr4_1x,0.010657,1.184916,915001.0,11146048.0,30940.0,201507.0,,,,105069.0,41296.0,158.0,stage1,0.011631,1.0913953270151076,105069.0,41296.0,158.0,0.3930369566665715,0.0015037737106092187,0.08209196658761922,0.15354305309492972,stage1: sthr2
merge_imp_sthr2_l2_ddr4_2x,merge,imp,sthr2,l2,ddr4_2x,0.01056,1.195806,910935.0,11144246.0,30407.0,201512.0,,,,103187.0,41838.0,168.0,stage1,0.011697,1.1076704545454545,103187.0,41838.0,168.0,0.405458051886381,0.0016281120683807068,0.08174038871719091,0.1508942395490095,stage1: sthr2
merge_imp_sthr8_l1d_ddr4_1x,merge,imp,sthr8,l1d,ddr4_1x,0.010348,1.220289,869457.0,11017964.0,72534.0,205606.0,276805.0,49732.0,1759.0,,,,stage1,0.011631,1.123985311171241,276805.0,49732.0,1759.0,0.17966438467513232,0.006354653998302054,0.0789126738842131,0.3527815336128323,stage1: sthr8
merge_imp_sthr8_l1d_ddr4_2x,merge,imp,sthr8,l1d,ddr4_2x,0.010338,1.221416,864362.0,11016357.0,72560.0,205648.0,269808.0,50092.0,1777.0,,,,stage1,0.011697,1.1314567614625655,269808.0,50092.0,1777.0,0.1856579493565795,0.006586164976575936,0.07846169110169542,0.3528359137944449,stage1: sthr8
merge_imp_sthr8_l2_ddr4_1x,merge,imp,sthr8,l2,ddr4_1x,0.010649,1.185774,915564.0,11144231.0,31104.0,201565.0,,,,105510.0,41137.0,147.0,stage1,0.011631,1.092215231477134,105510.0,41137.0,147.0,0.3898872144820396,0.001393232868922377,0.08215587060246687,0.1543125046511051,stage1: sthr8
merge_imp_sthr8_l2_ddr4_2x,merge,imp,sthr8,l2,ddr4_2x,0.010551,1.19679,911070.0,11142351.0,30494.0,201568.0,,,,103023.0,41752.0,147.0,stage1,0.011697,1.1086152971282344,103023.0,41752.0,147.0,0.4052687264009008,0.0014268658454908128,0.08176640638945946,0.15128393395777107,stage1: sthr8
merge_imp_thr1_l1d_ddr4_1x,merge,imp,thr1,l1d,ddr4_1x,0.010348,1.220298,868812.0,11018157.0,72551.0,205645.0,277970.0,49805.0,1784.0,,,,stage1,0.011631,1.123985311171241,277970.0,49805.0,1784.0,0.17917401158398388,0.00641795877252941,0.07885275187129753,0.35279729631160495,stage1: thr1
merge_imp_thr1_l1d_ddr4_2x,merge,imp,thr1,l1d,ddr4_2x,0.010338,1.221422,864072.0,11016300.0,72578.0,205657.0,270250.0,50094.0,1786.0,,,,stage1,0.011697,1.1314567614625655,270250.0,50094.0,1786.0,0.18536170212765957,0.006608695652173913,0.07843577244628415,0.3529079972964694,stage1: thr1
merge_imp_thr1_l2_ddr4_1x,merge,imp,thr1,l2,ddr4_1x,0.010657,1.184901,915009.0,11146230.0,30946.0,201508.0,,,,105059.0,41293.0,149.0,stage1,0.011631,1.0913953270151076,105059.0,41293.0,149.0,0.39304581235305874,0.0014182506972272723,0.08209134388936887,0.15357206661770254,stage1: thr1
merge_imp_thr1_l2_ddr4_2x,merge,imp,thr1,l2,ddr4_2x,0.010555,1.196311,911119.0,11144438.0,30339.0,201512.0,,,,102852.0,41906.0,160.0,stage1,0.011697,1.1081951681667457,102852.0,41906.0,160.0,0.4074398164352662,0.0015556333372224167,0.0817554909453487,0.1505567906625908,stage1: thr1
merge_imp_thr3_l1d_ddr4_1x,merge,imp,thr3,l1d,ddr4_1x,0.010348,1.220298,868812.0,11018157.0,72551.0,205645.0,277970.0,49805.0,1784.0,,,,stage1,0.011631,1.123985311171241,277970.0,49805.0,1784.0,0.17917401158398388,0.00641795877252941,0.07885275187129753,0.35279729631160495,stage1: thr3
merge_imp_thr3_l1d_ddr4_2x,merge,imp,thr3,l1d,ddr4_2x,0.010338,1.221422,864072.0,11016300.0,72578.0,205657.0,270250.0,50094.0,1786.0,,,,stage1,0.011697,1.1314567614625655,270250.0,50094.0,1786.0,0.18536170212765957,0.006608695652173913,0.07843577244628415,0.3529079972964694,stage1: thr3
merge_imp_thr3_l2_ddr4_1x,merge,imp,thr3,l2,ddr4_1x,0.010657,1.184901,915009.0,11146230.0,30946.0,201508.0,,,,105059.0,41293.0,149.0,stage1,0.011631,1.0913953270151076,105059.0,41293.0,149.0,0.39304581235305874,0.0014182506972272723,0.08209134388936887,0.15357206661770254,stage1: thr3
merge_imp_thr3_l2_ddr4_2x,merge,imp,thr3,l2,ddr4_2x,0.010555,1.196311,911119.0,11144438.0,30339.0,201512.0,,,,102852.0,41906.0,160.0,stage1,0.011697,1.1081951681667457,102852.0,41906.0,160.0,0.4074398164352662,0.0015556333372224167,0.0817554909453487,0.1505567906625908,stage1: thr3
merge_imp_thr4_l1d_ddr4_1x,merge,imp,thr4,l1d,ddr4_1x,0.010348,1.220298,868812.0,11018157.0,72551.0,205645.0,277970.0,49805.0,1784.0,,,,stage1,0.011631,1.123985311171241,277970.0,49805.0,1784.0,0.17917401158398388,0.00641795877252941,0.07885275187129753,0.35279729631160495,stage1: thr4
merge_imp_thr4_l1d_ddr4_2x,merge,imp,thr4,l1d,ddr4_2x,0.010338,1.221422,864072.0,11016300.0,72578.0,205657.0,270250.0,50094.0,1786.0,,,,stage1,0.011697,1.1314567614625655,270250.0,50094.0,1786.0,0.18536170212765957,0.006608695652173913,0.07843577244628415,0.3529079972964694,stage1: thr4
merge_imp_thr4_l2_ddr4_1x,merge,imp,thr4,l2,ddr4_1x,0.010657,1.184901,915009.0,11146230.0,30946.0,201508.0,,,,105059.0,41293.0,149.0,stage1,0.011631,1.0913953270151076,105059.0,41293.0,149.0,0.39304581235305874,0.0014182506972272723,0.08209134388936887,0.15357206661770254,stage1: thr4
merge_imp_thr4_l2_ddr4_2x,merge,imp,thr4,l2,ddr4_2x,0.010555,1.196311,911119.0,11144438.0,30339.0,201512.0,,,,102852.0,41906.0,160.0,stage1,0.011697,1.1081951681667457,102852.0,41906.0,160.0,0.4074398164352662,0.0015556333372224167,0.0817554909453487,0.1505567906625908,stage1: thr4
quick_imp_addrlen16_l1d_ddr4_1x,quick,imp,addrlen16,l1d,ddr4_1x,0.008793,0.925381,118676.0,9196508.0,28510.0,83811.0,180571.0,54939.0,492.0,,,,stage1,0.009731,1.1066757648129193,180571.0,54939.0,492.0,0.30425151325517386,0.0027246900111313555,0.012904463302810153,0.3401701447304053,stage1: addrlen16
quick_imp_addrlen16_l1d_ddr4_2x,quick,imp,addrlen16,l1d,ddr4_2x,0.008745,0.930495,116518.0,9195236.0,28508.0,83822.0,178412.0,54981.0,504.0,,,,stage1,0.00967,1.1057747284162378,178412.0,54981.0,504.0,0.3081687330448625,0.002824922090442347,0.012671561665192715,0.3401016439598196,stage1: addrlen16
quick_imp_addrlen16_l2_ddr4_1x,quick,imp,addrlen16,l2,ddr4_1x,0.00905,0.899153,257535.0,9238310.0,9310.0,82822.0,,,,30844.0,19182.0,29.0,stage1,0.009731,1.0752486187845303,30844.0,19182.0,29.0,0.621903773829594,0.0009402152768771884,0.027876851935040067,0.11240974620269976,stage1: addrlen16
quick_imp_addrlen16_l2_ddr4_2x,quick,imp,addrlen16,l2,ddr4_2x,0.008962,0.907968,256971.0,9237977.0,9317.0,82825.0,,,,30841.0,19180.0,27.0,stage1,0.00967,1.0790002231644722,30841.0,19180.0,27.0,0.6218994196037742,0.0008754579942284621,0.027816804480028472,0.11249019015997586,stage1: addrlen16
quick_imp_addrlen2_l1d_ddr4_1x,quick,imp,addrlen2,l1d,ddr4_1x,0.008793,0.925381,118676.0,9196508.0,28510.0,83811.0,180571.0,54939.0,492.0,,,,stage1,0.009731,1.1066757648129193,180571.0,54939.0,492.0,0.30425151325517386,0.0027246900111313555,0.012904463302810153,0.3401701447304053,stage1: addrlen2
quick_imp_addrlen2_l1d_ddr4_2x,quick,imp,addrlen2,l1d,ddr4_2x,0.008745,0.930495,116518.0,9195236.0,28508.0,83822.0,178412.0,54981.0,504.0,,,,stage1,0.00967,1.1057747284162378,178412.0,54981.0,504.0,0.3081687330448625,0.002824922090442347,0.012671561665192715,0.3401016439598196,stage1: addrlen2
quick_imp_addrlen2_l2_ddr4_1x,quick,imp,addrlen2,l2,ddr4_1x,0.00905,0.899153,257535.0,9238310.0,9310.0,82822.0,,,,30844.0,19182.0,29.0,stage1,0.009731,1.0752486187845303,30844.0,19182.0,29.0,0.621903773829594,0.0009402152768771884,0.027876851935040067,0.11240974620269976,stage1: addrlen2
quick_imp_addrlen2_l2_ddr4_2x,quick,imp,addrlen2,l2,ddr4_2x,0.008962,0.907968,256971.0,9237977.0,9317.0,82825.0,,,,30841.0,19180.0,27.0,stage1,0.00967,1.0790002231644722,30841.0,19180.0,27.0,0.6218994196037742,0.0008754579942284621,0.027816804480028472,0.11249019015997586,stage1: addrlen2
quick_imp_addrlen8_l1d_ddr4_1x,quick,imp,addrlen8,l1d,ddr4_1x,0.008793,0.925381,118676.0,9196508.0,28510.0,83811.0,180571.0,54939.0,492.0,,,,stage1,0.009731,1.1066757648129193,180571.0,54939.0,492.0,0.30425151325517386,0.0027246900111313555,0.012904463302810153,0.3401701447304053,stage1: addrlen8
quick_imp_addrlen8_l1d_ddr4_2x,quick,imp,addrlen8,l1d,ddr4_2x,0.008745,0.930495,116518.0,9195236.0,28508.0,83822.0,178412.0,54981.0,504.0,,,,stage1,0.00967,1.1057747284162378,178412.0,54981.0,504.0,0.3081687330448625,0.002824922090442347,0.012671561665192715,0.3401016439598196,stage1: addrlen8
quick_imp_addrlen8_l2_ddr4_1x,quick,imp,addrlen8,l2,ddr4_1x,0.00905,0.899153,257535.0,9238310.0,9310.0,82822.0,,,,30844.0,19182.0,29.0,stage1,0.009731,1.0752486187845303,30844.0,19182.0,29.0,0.621903773829594,0.0009402152768771884,0.027876851935040067,0.11240974620269976,stage1: addrlen8
quick_imp_addrlen8_l2_ddr4_2x,quick,imp,addrlen8,l2,ddr4_2x,0.008962,0.907968,256971.0,9237977.0,9317.0,82825.0,,,,30841.0,19180.0,27.0,stage1,0.00967,1.0790002231644722,30841.0,19180.0,27.0,0.6218994196037742,0.0008754579942284621,0.027816804480028472,0.11249019015997586,stage1: addrlen8
quick_imp_default_l1d_ddr4_1x,quick,imp,default,l1d,ddr4_1x,0.008793,0.925381,118676.0,9196508.0,28510.0,83811.0,180571.0,54939.0,492.0,,,,stage1,0.009731,1.1066757648129193,180571.0,54939.0,492.0,0.30425151325517386,0.0027246900111313555,0.012904463302810153,0.3401701447304053,stage1: default [IMP default]
quick_imp_default_l1d_ddr4_2x,quick,imp,default,l1d,ddr4_2x,0.008745,0.930495,116518.0,9195236.0,28508.0,83822.0,178412.0,54981.0,504.0,,,,stage1,0.00967,1.1057747284162378,178412.0,54981.0,504.0,0.3081687330448625,0.002824922090442347,0.012671561665192715,0.3401016439598196,stage1: default [IMP default]
quick_imp_default_l2_ddr4_1x,quick,imp,default,l2,ddr4_1x,0.00905,0.899153,257535.0,9238310.0,9310.0,82822.0,,,,30844.0,19182.0,29.0,stage1,0.009731,1.0752486187845303,30844.0,19182.0,29.0,0.621903773829594,0.0009402152768771884,0.027876851935040067,0.11240974620269976,stage1: default [IMP default]
quick_imp_default_l2_ddr4_2x,quick,imp,default,l2,ddr4_2x,0.008962,0.907968,256971.0,9237977.0,9317.0,82825.0,,,,30841.0,19180.0,27.0,stage1,0.00967,1.0790002231644722,30841.0,19180.0,27.0,0.6218994196037742,0.0008754579942284621,0.027816804480028472,0.11249019015997586,stage1: default [IMP default]
quick_imp_dist32_l1d_ddr4_1x,quick,imp,dist32,l1d,ddr4_1x,0.008793,0.925381,118676.0,9196508.0,28510.0,83811.0,180571.0,54939.0,492.0,,,,stage1,0.009731,1.1066757648129193,180571.0,54939.0,492.0,0.30425151325517386,0.0027246900111313555,0.012904463302810153,0.3401701447304053,stage1: dist32
quick_imp_dist32_l1d_ddr4_2x,quick,imp,dist32,l1d,ddr4_2x,0.008745,0.930495,116518.0,9195236.0,28508.0,83822.0,178412.0,54981.0,504.0,,,,stage1,0.00967,1.1057747284162378,178412.0,54981.0,504.0,0.3081687330448625,0.002824922090442347,0.012671561665192715,0.3401016439598196,stage1: dist32
quick_imp_dist32_l2_ddr4_1x,quick,imp,dist32,l2,ddr4_1x,0.00905,0.899153,257535.0,9238310.0,9310.0,82822.0,,,,30844.0,19182.0,29.0,stage1,0.009731,1.0752486187845303,30844.0,19182.0,29.0,0.621903773829594,0.0009402152768771884,0.027876851935040067,0.11240974620269976,stage1: dist32
quick_imp_dist32_l2_ddr4_2x,quick,imp,dist32,l2,ddr4_2x,0.008962,0.907968,256971.0,9237977.0,9317.0,82825.0,,,,30841.0,19180.0,27.0,stage1,0.00967,1.0790002231644722,30841.0,19180.0,27.0,0.6218994196037742,0.0008754579942284621,0.027816804480028472,0.11249019015997586,stage1: dist32
quick_imp_dist4_l1d_ddr4_1x,quick,imp,dist4,l1d,ddr4_1x,0.008793,0.925381,118676.0,9196508.0,28510.0,83811.0,180571.0,54939.0,492.0,,,,stage1,0.009731,1.1066757648129193,180571.0,54939.0,492.0,0.30425151325517386,0.0027246900111313555,0.012904463302810153,0.3401701447304053,stage1: dist4
quick_imp_dist4_l1d_ddr4_2x,quick,imp,dist4,l1d,ddr4_2x,0.008745,0.930495,116518.0,9195236.0,28508.0,83822.0,178412.0,54981.0,504.0,,,,stage1,0.00967,1.1057747284162378,178412.0,54981.0,504.0,0.3081687330448625,0.002824922090442347,0.012671561665192715,0.3401016439598196,stage1: dist4
quick_imp_dist4_l2_ddr4_1x,quick,imp,dist4,l2,ddr4_1x,0.00905,0.899153,257535.0,9238310.0,9310.0,82822.0,,,,30844.0,19182.0,29.0,stage1,0.009731,1.0752486187845303,30844.0,19182.0,29.0,0.621903773829594,0.0009402152768771884,0.027876851935040067,0.11240974620269976,stage1: dist4
quick_imp_dist4_l2_ddr4_2x,quick,imp,dist4,l2,ddr4_2x,0.008962,0.907968,256971.0,9237977.0,9317.0,82825.0,,,,30841.0,19180.0,27.0,stage1,0.00967,1.0790002231644722,30841.0,19180.0,27.0,0.6218994196037742,0.0008754579942284621,0.027816804480028472,0.11249019015997586,stage1: dist4
quick_imp_dist64_l1d_ddr4_1x,quick,imp,dist64,l1d,ddr4_1x,0.008793,0.925381,118676.0,9196508.0,28510.0,83811.0,180571.0,54939.0,492.0,,,,stage1,0.009731,1.1066757648129193,180571.0,54939.0,492.0,0.30425151325517386,0.0027246900111313555,0.012904463302810153,0.3401701447304053,stage1: dist64
quick_imp_dist64_l1d_ddr4_2x,quick,imp,dist64,l1d,ddr4_2x,0.008745,0.930495,116518.0,9195236.0,28508.0,83822.0,178412.0,54981.0,504.0,,,,stage1,0.00967,1.1057747284162378,178412.0,54981.0,504.0,0.3081687330448625,0.002824922090442347,0.012671561665192715,0.3401016439598196,stage1: dist64
quick_imp_dist64_l2_ddr4_1x,quick,imp,dist64,l2,ddr4_1x,0.00905,0.899153,257535.0,9238310.0,9310.0,82822.0,,,,30844.0,19182.0,29.0,stage1,0.009731,1.0752486187845303,30844.0,19182.0,29.0,0.621903773829594,0.0009402152768771884,0.027876851935040067,0.11240974620269976,stage1: dist64
quick_imp_dist64_l2_ddr4_2x,quick,imp,dist64,l2,ddr4_2x,0.008962,0.907968,256971.0,9237977.0,9317.0,82825.0,,,,30841.0,19180.0,27.0,stage1,0.00967,1.0790002231644722,30841.0,19180.0,27.0,0.6218994196037742,0.0008754579942284621,0.027816804480028472,0.11249019015997586,stage1: dist64
quick_imp_dist8_l1d_ddr4_1x,quick,imp,dist8,l1d,ddr4_1x,0.008793,0.925381,118676.0,9196508.0,28510.0,83811.0,180571.0,54939.0,492.0,,,,stage1,0.009731,1.1066757648129193,180571.0,54939.0,492.0,0.30425151325517386,0.0027246900111313555,0.012904463302810153,0.3401701447304053,stage1: dist8
quick_imp_dist8_l1d_ddr4_2x,quick,imp,dist8,l1d,ddr4_2x,0.008745,0.930495,116518.0,9195236.0,28508.0,83822.0,178412.0,54981.0,504.0,,,,stage1,0.00967,1.1057747284162378,178412.0,54981.0,504.0,0.3081687330448625,0.002824922090442347,0.012671561665192715,0.3401016439598196,stage1: dist8
quick_imp_dist8_l2_ddr4_1x,quick,imp,dist8,l2,ddr4_1x,0.00905,0.899153,257535.0,9238310.0,9310.0,82822.0,,,,30844.0,19182.0,29.0,stage1,0.009731,1.0752486187845303,30844.0,19182.0,29.0,0.621903773829594,0.0009402152768771884,0.027876851935040067,0.11240974620269976,stage1: dist8
quick_imp_dist8_l2_ddr4_2x,quick,imp,dist8,l2,ddr4_2x,0.008962,0.907968,256971.0,9237977.0,9317.0,82825.0,,,,30841.0,19180.0,27.0,stage1,0.00967,1.0790002231644722,30841.0,19180.0,27.0,0.6218994196037742,0.0008754579942284621,0.027816804480028472,0.11249019015997586,stage1: dist8
quick_imp_ipd16_l1d_ddr4_1x,quick,imp,ipd16,l1d,ddr4_1x,0.008793,0.925381,118676.0,9196508.0,28510.0,83811.0,180571.0,54939.0,492.0,,,,stage1,0.009731,1.1066757648129193,180571.0,54939.0,492.0,0.30425151325517386,0.0027246900111313555,0.012904463302810153,0.3401701447304053,stage1: ipd16
quick_imp_ipd16_l1d_ddr4_2x,quick,imp,ipd16,l1d,ddr4_2x,0.008745,0.930495,116518.0,9195236.0,28508.0,83822.0,178412.0,54981.0,504.0,,,,stage1,0.00967,1.1057747284162378,178412.0,54981.0,504.0,0.3081687330448625,0.002824922090442347,0.012671561665192715,0.3401016439598196,stage1: ipd16
quick_imp_ipd16_l2_ddr4_1x,quick,imp,ipd16,l2,ddr4_1x,0.00905,0.899153,257535.0,9238310.0,9310.0,82822.0,,,,30844.0,19182.0,29.0,stage1,0.009731,1.0752486187845303,30844.0,19182.0,29.0,0.621903773829594,0.0009402152768771884,0.027876851935040067,0.11240974620269976,stage1: ipd16
quick_imp_ipd16_l2_ddr4_2x,quick,imp,ipd16,l2,ddr4_2x,0.008962,0.907968,256971.0,9237977.0,9317.0,82825.0,,,,30841.0,19180.0,27.0,stage1,0.00967,1.0790002231644722,30841.0,19180.0,27.0,0.6218994196037742,0.0008754579942284621,0.027816804480028472,0.11249019015997586,stage1: ipd16
quick_imp_ipd2_l1d_ddr4_1x,quick,imp,ipd2,l1d,ddr4_1x,0.008793,0.925381,118676.0,9196508.0,28510.0,83811.0,180571.0,54939.0,492.0,,,,stage1,0.009731,1.1066757648129193,180571.0,54939.0,492.0,0.30425151325517386,0.0027246900111313555,0.012904463302810153,0.3401701447304053,stage1: ipd2
quick_imp_ipd2_l1d_ddr4_2x,quick,imp,ipd2,l1d,ddr4_2x,0.008745,0.930495,116518.0,9195236.0,28508.0,83822.0,178412.0,54981.0,504.0,,,,stage1,0.00967,1.1057747284162378,178412.0,54981.0,504.0,0.3081687330448625,0.002824922090442347,0.012671561665192715,0.3401016439598196,stage1: ipd2
quick_imp_ipd2_l2_ddr4_1x,quick,imp,ipd2,l2,ddr4_1x,0.00905,0.899153,257535.0,9238310.0,9310.0,82822.0,,,,30844.0,19182.0,29.0,stage1,0.009731,1.0752486187845303,30844.0,19182.0,29.0,0.621903773829594,0.0009402152768771884,0.027876851935040067,0.11240974620269976,stage1: ipd2
quick_imp_ipd2_l2_ddr4_2x,quick,imp,ipd2,l2,ddr4_2x,0.008962,0.907968,256971.0,9237977.0,9317.0,82825.0,,,,30841.0,19180.0,27.0,stage1,0.00967,1.0790002231644722,30841.0,19180.0,27.0,0.6218994196037742,0.0008754579942284621,0.027816804480028472,0.11249019015997586,stage1: ipd2
quick_imp_ipd8_l1d_ddr4_1x,quick,imp,ipd8,l1d,ddr4_1x,0.008793,0.925381,118676.0,9196508.0,28510.0,83811.0,180571.0,54939.0,492.0,,,,stage1,0.009731,1.1066757648129193,180571.0,54939.0,492.0,0.30425151325517386,0.0027246900111313555,0.012904463302810153,0.3401701447304053,stage1: ipd8
quick_imp_ipd8_l1d_ddr4_2x,quick,imp,ipd8,l1d,ddr4_2x,0.008745,0.930495,116518.0,9195236.0,28508.0,83822.0,178412.0,54981.0,504.0,,,,stage1,0.00967,1.1057747284162378,178412.0,54981.0,504.0,0.3081687330448625,0.002824922090442347,0.012671561665192715,0.3401016439598196,stage1: ipd8
quick_imp_ipd8_l2_ddr4_1x,quick,imp,ipd8,l2,ddr4_1x,0.00905,0.899153,257535.0,9238310.0,9310.0,82822.0,,,,30844.0,19182.0,29.0,stage1,0.009731,1.0752486187845303,30844.0,19182.0,29.0,0.621903773829594,0.0009402152768771884,0.027876851935040067,0.11240974620269976,stage1: ipd8
quick_imp_ipd8_l2_ddr4_2x,quick,imp,ipd8,l2,ddr4_2x,0.008962,0.907968,256971.0,9237977.0,9317.0,82825.0,,,,30841.0,19180.0,27.0,stage1,0.00967,1.0790002231644722,30841.0,19180.0,27.0,0.6218994196037742,0.0008754579942284621,0.027816804480028472,0.11249019015997586,stage1: ipd8
quick_imp_pt32_l1d_ddr4_1x,quick,imp,pt32,l1d,ddr4_1x,0.008793,0.925381,118676.0,9196508.0,28510.0,83811.0,180571.0,54939.0,492.0,,,,stage1,0.009731,1.1066757648129193,180571.0,54939.0,492.0,0.30425151325517386,0.0027246900111313555,0.012904463302810153,0.3401701447304053,stage1: pt32
quick_imp_pt32_l1d_ddr4_2x,quick,imp,pt32,l1d,ddr4_2x,0.008745,0.930495,116518.0,9195236.0,28508.0,83822.0,178412.0,54981.0,504.0,,,,stage1,0.00967,1.1057747284162378,178412.0,54981.0,504.0,0.3081687330448625,0.002824922090442347,0.012671561665192715,0.3401016439598196,stage1: pt32
quick_imp_pt32_l2_ddr4_1x,quick,imp,pt32,l2,ddr4_1x,0.00905,0.899153,257535.0,9238310.0,9310.0,82822.0,,,,30844.0,19182.0,29.0,stage1,0.009731,1.0752486187845303,30844.0,19182.0,29.0,0.621903773829594,0.0009402152768771884,0.027876851935040067,0.11240974620269976,stage1: pt32
quick_imp_pt32_l2_ddr4_2x,quick,imp,pt32,l2,ddr4_2x,0.008962,0.907968,256971.0,9237977.0,9317.0,82825.0,,,,30841.0,19180.0,27.0,stage1,0.00967,1.0790002231644722,30841.0,19180.0,27.0,0.6218994196037742,0.0008754579942284621,0.027816804480028472,0.11249019015997586,stage1: pt32
quick_imp_pt64_l1d_ddr4_1x,quick,imp,pt64,l1d,ddr4_1x,0.008793,0.925381,118676.0,9196508.0,28510.0,83811.0,180571.0,54939.0,492.0,,,,stage1,0.009731,1.1066757648129193,180571.0,54939.0,492.0,0.30425151325517386,0.0027246900111313555,0.012904463302810153,0.3401701447304053,stage1: pt64
quick_imp_pt64_l1d_ddr4_2x,quick,imp,pt64,l1d,ddr4_2x,0.008745,0.930495,116518.0,9195236.0,28508.0,83822.0,178412.0,54981.0,504.0,,,,stage1,0.00967,1.1057747284162378,178412.0,54981.0,504.0,0.3081687330448625,0.002824922090442347,0.012671561665192715,0.3401016439598196,stage1: pt64
quick_imp_pt64_l2_ddr4_1x,quick,imp,pt64,l2,ddr4_1x,0.00905,0.899153,257535.0,9238310.0,9310.0,82822.0,,,,30844.0,19182.0,29.0,stage1,0.009731,1.0752486187845303,30844.0,19182.0,29.0,0.621903773829594,0.0009402152768771884,0.027876851935040067,0.11240974620269976,stage1: pt64
quick_imp_pt64_l2_ddr4_2x,quick,imp,pt64,l2,ddr4_2x,0.008962,0.907968,256971.0,9237977.0,9317.0,82825.0,,,,30841.0,19180.0,27.0,stage1,0.00967,1.0790002231644722,30841.0,19180.0,27.0,0.6218994196037742,0.0008754579942284621,0.027816804480028472,0.11249019015997586,stage1: pt64
quick_imp_pt8_l1d_ddr4_1x,quick,imp,pt8,l1d,ddr4_1x,0.008794,0.925339,118573.0,9196392.0,28507.0,83791.0,180232.0,54881.0,479.0,,,,stage1,0.009731,1.106549920400273,180232.0,54881.0,479.0,0.3045019752319233,0.002657685649607173,0.012893426030556331,0.3402155362747789,stage1: pt8
quick_imp_pt8_l1d_ddr4_2x,quick,imp,pt8,l1d,ddr4_2x,0.008746,0.930395,116446.0,9195180.0,28507.0,83794.0,178076.0,54926.0,483.0,,,,stage1,0.00967,1.1056482963640522,178076.0,54926.0,483.0,0.3084413396527325,0.0027123250746872124,0.012663808647574055,0.34020335584886746,stage1: pt8
quick_imp_pt8_l2_ddr4_1x,quick,imp,pt8,l2,ddr4_1x,0.009053,0.898782,257332.0,9238034.0,9317.0,82828.0,,,,30837.0,19181.0,23.0,stage1,0.009731,1.074892300894731,30837.0,19181.0,23.0,0.6220125174303597,0.0007458572494081785,0.027855710424967043,0.11248611580624909,stage1: pt8
quick_imp_pt8_l2_ddr4_2x,quick,imp,pt8,l2,ddr4_2x,0.008961,0.908036,256985.0,9237780.0,9318.0,82822.0,,,,30848.0,19176.0,21.0,stage1,0.00967,1.0791206338578283,30848.0,19176.0,21.0,0.6216286307053942,0.0006807572614107883,0.02781891320208968,0.11250633889546256,stage1: pt8
quick_imp_sdist16_l1d_ddr4_1x,quick,imp,sdist16,l1d,ddr4_1x,0.008497,0.95759,59414.0,9167049.0,28515.0,85137.0,165998.0,70140.0,1297.0,,,,stage1,0.009731,1.1452277274332119,165998.0,70140.0,1297.0,0.4225352112676056,0.007813347148760828,0.006481256945392132,0.3349307586595722,stage1: sdist16
quick_imp_sdist16_l1d_ddr4_2x,quick,imp,sdist16,l1d,ddr4_2x,0.008459,0.961899,57720.0,9165808.0,28531.0,85108.0,162834.0,70256.0,1252.0,,,,stage1,0.00967,1.143161130157229,162834.0,70256.0,1252.0,0.4314578036527998,0.007688811918886719,0.006297317159600114,0.33523288057526907,stage1: sdist16
quick_imp_sdist16_l2_ddr4_1x,quick,imp,sdist16,l2,ddr4_1x,0.008812,0.92336,242742.0,9227157.0,3981.0,82820.0,,,,30092.0,24510.0,32.0,stage1,0.009731,1.1042896050839763,30092.0,24510.0,32.0,0.8145021932739599,0.0010634055562940316,0.026307344721673207,0.04806809949287612,stage1: sdist16
quick_imp_sdist16_l2_ddr4_2x,quick,imp,sdist16,l2,ddr4_2x,0.008729,0.932146,240499.0,9225301.0,4006.0,82824.0,,,,30347.0,24489.0,32.0,stage1,0.00967,1.107801580937106,30347.0,24489.0,32.0,0.8069660922002175,0.0010544699640821168,0.026069501688887983,0.048367622911233456,stage1: sdist16
quick_imp_sdist2_l1d_ddr4_1x,quick,imp,sdist2,l1d,ddr4_1x,0.009046,0.899513,181405.0,9225311.0,28490.0,83110.0,208952.0,40162.0,136.0,,,,stage1,0.009731,1.075724076940084,208952.0,40162.0,136.0,0.192206822619549,0.0006508671848079942,0.019663835723261795,0.3427987005173866,stage1: sdist2
quick_imp_sdist2_l1d_ddr4_2x,quick,imp,sdist2,l1d,ddr4_2x,0.008995,0.904567,177906.0,9222982.0,28497.0,83115.0,205423.0,40526.0,135.0,,,,stage1,0.00967,1.075041689827682,205423.0,40526.0,135.0,0.19728073292669274,0.0006571805494029393,0.019289422878630794,0.34286229922396677,stage1: sdist2
quick_imp_sdist2_l2_ddr4_1x,quick,imp,sdist2,l2,ddr4_1x,0.009232,0.881407,271279.0,9249036.0,14310.0,82823.0,,,,27119.0,14180.0,8.0,stage1,0.009731,1.0540511265164645,27119.0,14180.0,8.0,0.5228806371916369,0.0002949961281758177,0.029330516174874872,0.1727780930417879,stage1: sdist2
quick_imp_sdist2_l2_ddr4_2x,quick,imp,sdist2,l2,ddr4_2x,0.009136,0.890672,271726.0,9249176.0,14153.0,82826.0,,,,26714.0,14340.0,9.0,stage1,0.00967,1.0584500875656742,26714.0,14340.0,9.0,0.536797184996631,0.00033690199895186043,0.029378400843491356,0.1708762948832492,stage1: sdist2
quick_imp_sdist8_l1d_ddr4_1x,quick,imp,sdist8,l1d,ddr4_1x,0.008624,0.943546,84984.0,9179207.0,28533.0,84779.0,170791.0,63733.0,1042.0,,,,stage1,0.009731,1.1283627087198516,170791.0,63733.0,1042.0,0.37316369129520877,0.0061010240586447766,0.009258316105084024,0.3365574021868623,stage1: sdist8
quick_imp_sdist8_l1d_ddr4_2x,quick,imp,sdist8,l1d,ddr4_2x,0.008586,0.947663,84081.0,9178669.0,28533.0,84734.0,169490.0,63656.0,1001.0,,,,stage1,0.00967,1.1262520382017238,169490.0,63656.0,1001.0,0.3755737801640215,0.005905953153578382,0.009160478496392016,0.3367361389760899,stage1: sdist8
quick_imp_sdist8_l2_ddr4_1x,quick,imp,sdist8,l2,ddr4_1x,0.008941,0.910086,250014.0,9232908.0,6238.0,82824.0,,,,32132.0,22266.0,45.0,stage1,0.009731,1.0883570070461919,32132.0,22266.0,45.0,0.6929540644840035,0.001400473048674219,0.027078575893965368,0.0753163334299237,stage1: sdist8
quick_imp_sdist8_l2_ddr4_2x,quick,imp,sdist8,l2,ddr4_2x,0.008854,0.919032,247788.0,9231125.0,6239.0,82823.0,,,,32106.0,22265.0,43.0,stage1,0.00967,1.0921617348091257,32106.0,22265.0,43.0,0.6934840839718432,0.0013393135239519094,0.02684266543893621,0.07532931673568936,stage1: sdist8
quick_imp_sthr2_l1d_ddr4_1x,quick,imp,sthr2,l1d,ddr4_1x,0.008789,0.925844,118084.0,9196464.0,28521.0,83806.0,180088.0,54981.0,520.0,,,,stage1,0.009731,1.107179428831494,180088.0,54981.0,520.0,0.3053007418595353,0.002887477233352583,0.012840152475995122,0.3403216953440088,stage1: sthr2
quick_imp_sthr2_l1d_ddr4_2x,quick,imp,sthr2,l1d,ddr4_2x,0.008746,0.930368,116212.0,9195527.0,28524.0,83807.0,178374.0,54988.0,525.0,,,,stage1,0.00967,1.1056482963640522,178374.0,54988.0,525.0,0.3082736273223676,0.002943254061690605,0.012637883614500833,0.340353431097641,stage1: sthr2
quick_imp_sthr2_l2_ddr4_1x,quick,imp,sthr2,l2,ddr4_1x,0.009052,0.898968,257092.0,9237977.0,9315.0,82819.0,,,,30918.0,19176.0,46.0,stage1,0.009731,1.0750110472823686,30918.0,19176.0,46.0,0.6202212303512517,0.0014878064557862735,0.027829902585815053,0.11247419070503145,stage1: sthr2
quick_imp_sthr2_l2_ddr4_2x,quick,imp,sthr2,l2,ddr4_2x,0.008959,0.908282,256435.0,9237221.0,9324.0,82824.0,,,,30955.0,19173.0,45.0,stage1,0.00967,1.0793615358857016,30955.0,19173.0,45.0,0.6193829752867065,0.0014537231465029882,0.027761054975300473,0.11257606490872211,stage1: sthr2
quick_imp_sthr8_l1d_ddr4_1x,quick,imp,sthr8,l1d,ddr4_1x,0.008792,0.925469,118328.0,9195673.0,28495.0,83781.0,179866.0,54876.0,470.0,,,,stage1,0.009731,1.1068016378525933,179866.0,54876.0,470.0,0.3050937920451892,0.0026130563864210023,0.012867791188312156,0.3401129134290591,stage1: sthr8
quick_imp_sthr8_l1d_ddr4_2x,quick,imp,sthr8,l1d,ddr4_2x,0.008748,0.930174,116397.0,9195279.0,28501.0,83789.0,177830.0,54885.0,469.0,,,,stage1,0.00967,1.1053955189757658,177830.0,54885.0,469.0,0.30863746274531856,0.002637350278355733,0.012658343482563172,0.3401520485982647,stage1: sthr8
quick_imp_sthr8_l2_ddr4_1x,quick,imp,sthr8,l2,ddr4_1x,0.009052,0.898939,257036.0,9237776.0,9329.0,82825.0,,,,30807.0,19167.0,26.0,stage1,0.009731,1.0750110472823686,30807.0,19167.0,26.0,0.6221637939429351,0.0008439640341480832,0.02782444605714622,0.11263507395110173,stage1: sthr8
quick_imp_sthr8_l2_ddr4_2x,quick,imp,sthr8,l2,ddr4_2x,0.00896,0.908185,256552.0,9237475.0,9340.0,82826.0,,,,30858.0,19158.0,26.0,stage1,0.00967,1.0792410714285714,30858.0,19158.0,26.0,0.620843865448182,0.0008425691878929289,0.02777295743696194,0.11276652258952503,stage1: sthr8
quick_imp_thr1_l1d_ddr4_1x,quick,imp,thr1,l1d,ddr4_1x,0.008793,0.925381,118676.0,9196508.0,28510.0,83811.0,180571.0,54939.0,492.0,,,,stage1,0.009731,1.1066757648129193,180571.0,54939.0,492.0,0.30425151325517386,0.0027246900111313555,0.012904463302810153,0.3401701447304053,stage1: thr1
quick_imp_thr1_l1d_ddr4_2x,quick,imp,thr1,l1d,ddr4_2x,0.008745,0.930495,116518.0,9195236.0,28508.0,83822.0,178412.0,54981.0,504.0,,,,stage1,0.00967,1.1057747284162378,178412.0,54981.0,504.0,0.3081687330448625,0.002824922090442347,0.012671561665192715,0.3401016439598196,stage1: thr1
quick_imp_thr1_l2_ddr4_1x,quick,imp,thr1,l2,ddr4_1x,0.00905,0.899153,257535.0,9238310.0,9310.0,82822.0,,,,30844.0,19182.0,29.0,stage1,0.009731,1.0752486187845303,30844.0,19182.0,29.0,0.621903773829594,0.0009402152768771884,0.027876851935040067,0.11240974620269976,stage1: thr1
quick_imp_thr1_l2_ddr4_2x,quick,imp,thr1,l2,ddr4_2x,0.008962,0.907968,256971.0,9237977.0,9317.0,82825.0,,,,30841.0,19180.0,27.0,stage1,0.00967,1.0790002231644722,30841.0,19180.0,27.0,0.6218994196037742,0.0008754579942284621,0.027816804480028472,0.11249019015997586,stage1: thr1
quick_imp_thr3_l1d_ddr4_1x,quick,imp,thr3,l1d,ddr4_1x,0.008793,0.925381,118676.0,9196508.0,28510.0,83811.0,180571.0,54939.0,492.0,,,,stage1,0.009731,1.1066757648129193,180571.0,54939.0,492.0,0.30425151325517386,0.0027246900111313555,0.012904463302810153,0.3401701447304053,stage1: thr3
quick_imp_thr3_l1d_ddr4_2x,quick,imp,thr3,l1d,ddr4_2x,0.008745,0.930495,116518.0,9195236.0,28508.0,83822.0,178412.0,54981.0,504.0,,,,stage1,0.00967,1.1057747284162378,178412.0,54981.0,504.0,0.3081687330448625,0.002824922090442347,0.012671561665192715,0.3401016439598196,stage1: thr3
quick_imp_thr3_l2_ddr4_1x,quick,imp,thr3,l2,ddr4_1x,0.00905,0.899153,257535.0,9238310.0,9310.0,82822.0,,,,30844.0,19182.0,29.0,stage1,0.009731,1.0752486187845303,30844.0,19182.0,29.0,0.621903773829594,0.0009402152768771884,0.027876851935040067,0.11240974620269976,stage1: thr3
quick_imp_thr3_l2_ddr4_2x,quick,imp,thr3,l2,ddr4_2x,0.008962,0.907968,256971.0,9237977.0,9317.0,82825.0,,,,30841.0,19180.0,27.0,stage1,0.00967,1.0790002231644722,30841.0,19180.0,27.0,0.6218994196037742,0.0008754579942284621,0.027816804480028472,0.11249019015997586,stage1: thr3
quick_imp_thr4_l1d_ddr4_1x,quick,imp,thr4,l1d,ddr4_1x,0.008793,0.925381,118676.0,9196508.0,28510.0,83811.0,180571.0,54939.0,492.0,,,,stage1,0.009731,1.1066757648129193,180571.0,54939.0,492.0,0.30425151325517386,0.0027246900111313555,0.012904463302810153,0.3401701447304053,stage1: thr4
quick_imp_thr4_l1d_ddr4_2x,quick,imp,thr4,l1d,ddr4_2x,0.008745,0.930495,116518.0,9195236.0,28508.0,83822.0,178412.0,54981.0,504.0,,,,stage1,0.00967,1.1057747284162378,178412.0,54981.0,504.0,0.3081687330448625,0.002824922090442347,0.012671561665192715,0.3401016439598196,stage1: thr4
quick_imp_thr4_l2_ddr4_1x,quick,imp,thr4,l2,ddr4_1x,0.00905,0.899153,257535.0,9238310.0,9310.0,82822.0,,,,30844.0,19182.0,29.0,stage1,0.009731,1.0752486187845303,30844.0,19182.0,29.0,0.621903773829594,0.0009402152768771884,0.027876851935040067,0.11240974620269976,stage1: thr4
quick_imp_thr4_l2_ddr4_2x,quick,imp,thr4,l2,ddr4_2x,0.008962,0.907968,256971.0,9237977.0,9317.0,82825.0,,,,30841.0,19180.0,27.0,stage1,0.00967,1.0790002231644722,30841.0,19180.0,27.0,0.6218994196037742,0.0008754579942284621,0.027816804480028472,0.11249019015997586,stage1: thr4
simple_triad_imp_addrlen16_l1d_ddr4_1x,simple_triad,imp,addrlen16,l1d,ddr4_1x,0.00279,0.418929,1984803.0,2003757.0,375369.0,375379.0,1684969.0,1639.0,,,,,stage1,0.002897,1.0383512544802866,1684969.0,1639.0,0.0,0.0009727181924415227,0.0,0.9905407691651233,0.9999733602572334,stage1: addrlen16
simple_triad_imp_addrlen16_l1d_ddr4_2x,simple_triad,imp,addrlen16,l1d,ddr4_2x,0.002258,0.517556,1853440.0,2003827.0,375371.0,375381.0,1264971.0,30551.0,,,,,stage1,0.002605,1.1536758193091232,1264971.0,30551.0,0.0,0.02415154181400206,0.0,0.9249501079684025,0.9999733603991677,stage1: addrlen16
simple_triad_imp_addrlen16_l2_ddr4_1x,simple_triad,imp,addrlen16,l2,ddr4_1x,0.002935,0.398284,1883835.0,2003757.0,197167.0,375053.0,,,,640534.0,177876.0,16.0,stage1,0.002897,0.987052810902896,640534.0,177876.0,16.0,0.2776995444426057,2.4979158015031208e-05,0.9401514255471097,0.5257043671161142,stage1: addrlen16
simple_triad_imp_addrlen16_l2_ddr4_2x,simple_triad,imp,addrlen16,l2,ddr4_2x,0.002264,0.516365,1884743.0,2003834.0,176440.0,374975.0,,,,599360.0,198525.0,48.0,stage1,0.002605,1.150618374558304,599360.0,198525.0,48.0,0.33122831019754406,8.00854244527496e-05,0.9405684303190783,0.47053803586905796,stage1: addrlen16
simple_triad_imp_addrlen2_l1d_ddr4_1x,simple_triad,imp,addrlen2,l1d,ddr4_1x,0.00279,0.418929,1984803.0,2003756.0,375369.0,375379.0,1684969.0,1639.0,,,,,stage1,0.002897,1.0383512544802866,1684969.0,1639.0,0.0,0.0009727181924415227,0.0,0.9905412635071336,0.9999733602572334,stage1: addrlen2
simple_triad_imp_addrlen2_l1d_ddr4_2x,simple_triad,imp,addrlen2,l1d,ddr4_2x,0.002258,0.517556,1853440.0,2003827.0,375371.0,375381.0,1264971.0,30551.0,,,,,stage1,0.002605,1.1536758193091232,1264971.0,30551.0,0.0,0.02415154181400206,0.0,0.9249501079684025,0.9999733603991677,stage1: addrlen2
simple_triad_imp_addrlen2_l2_ddr4_1x,simple_triad,imp,addrlen2,l2,ddr4_1x,0.002935,0.398284,1883835.0,2003756.0,197167.0,375053.0,,,,640534.0,177876.0,16.0,stage1,0.002897,0.987052810902896,640534.0,177876.0,16.0,0.2776995444426057,2.4979158015031208e-05,0.9401518947416752,0.5257043671161142,stage1: addrlen2
simple_triad_imp_addrlen2_l2_ddr4_2x,simple_triad,imp,addrlen2,l2,ddr4_2x,0.002264,0.516365,1884743.0,2003834.0,176440.0,374975.0,,,,599360.0,198525.0,48.0,stage1,0.002605,1.150618374558304,599360.0,198525.0,48.0,0.33122831019754406,8.00854244527496e-05,0.9405684303190783,0.47053803586905796,stage1: addrlen2
simple_triad_imp_addrlen8_l1d_ddr4_1x,simple_triad,imp,addrlen8,l1d,ddr4_1x,0.00279,0.418929,1984803.0,2003756.0,375369.0,375379.0,1684969.0,1639.0,,,,,stage1,0.002897,1.0383512544802866,1684969.0,1639.0,0.0,0.0009727181924415227,0.0,0.9905412635071336,0.9999733602572334,stage1: addrlen8
simple_triad_imp_addrlen8_l1d_ddr4_2x,simple_triad,imp,addrlen8,l1d,ddr4_2x,0.002258,0.517556,1853440.0,2003827.0,375371.0,375381.0,1264971.0,30551.0,,,,,stage1,0.002605,1.1536758193091232,1264971.0,30551.0,0.0,0.02415154181400206,0.0,0.9249501079684025,0.9999733603991677,stage1: addrlen8
simple_triad_imp_addrlen8_l2_ddr4_1x,simple_triad,imp,addrlen8,l2,ddr4_1x,0.002935,0.398284,1883835.0,2003756.0,197167.0,375053.0,,,,640534.0,177876.0,16.0,stage1,0.002897,0.987052810902896,640534.0,177876.0,16.0,0.2776995444426057,2.4979158015031208e-05,0.9401518947416752,0.5257043671161142,stage1: addrlen8
simple_triad_imp_addrlen8_l2_ddr4_2x,simple_triad,imp,addrlen8,l2,ddr4_2x,0.002264,0.516365,1884743.0,2003834.0,176440.0,374975.0,,,,599360.0,198525.0,48.0,stage1,0.002605,1.150618374558304,599360.0,198525.0,48.0,0.33122831019754406,8.00854244527496e-05,0.9405684303190783,0.47053803586905796,stage1: addrlen8
simple_triad_imp_default_l1d_ddr4_1x,simple_triad,imp,default,l1d,ddr4_1x,0.00279,0.418929,1984803.0,2003756.0,375369.0,375379.0,1684969.0,1639.0,,,,,stage1,0.002897,1.0383512544802866,1684969.0,1639.0,0.0,0.0009727181924415227,0.0,0.9905412635071336,0.9999733602572334,stage1: default [IMP default]
simple_triad_imp_default_l1d_ddr4_2x,simple_triad,imp,default,l1d,ddr4_2x,0.002258,0.517556,1853440.0,2003827.0,375371.0,375381.0,1264971.0,30551.0,,,,,stage1,0.002605,1.1536758193091232,1264971.0,30551.0,0.0,0.02415154181400206,0.0,0.9249501079684025,0.9999733603991677,stage1: default [IMP default]
simple_triad_imp_default_l2_ddr4_1x,simple_triad,imp,default,l2,ddr4_1x,0.002935,0.398284,1883835.0,2003757.0,197167.0,375053.0,,,,640534.0,177876.0,16.0,stage1,0.002897,0.987052810902896,640534.0,177876.0,16.0,0.2776995444426057,2.4979158015031208e-05,0.9401514255471097,0.5257043671161142,stage1: default [IMP default]
simple_triad_imp_default_l2_ddr4_2x,simple_triad,imp,default,l2,ddr4_2x,0.002264,0.516365,1884743.0,2003834.0,176440.0,374975.0,,,,599360.0,198525.0,48.0,stage1,0.002605,1.150618374558304,599360.0,198525.0,48.0,0.33122831019754406,8.00854244527496e-05,0.9405684303190783,0.47053803586905796,stage1: default [IMP default]
simple_triad_imp_dist32_l1d_ddr4_1x,simple_triad,imp,dist32,l1d,ddr4_1x,0.00279,0.418929,1984803.0,2003757.0,375369.0,375379.0,1684969.0,1639.0,,,,,stage1,0.002897,1.0383512544802866,1684969.0,1639.0,0.0,0.0009727181924415227,0.0,0.9905407691651233,0.9999733602572334,stage1: dist32
simple_triad_imp_dist32_l1d_ddr4_2x,simple_triad,imp,dist32,l1d,ddr4_2x,0.002258,0.517556,1853440.0,2003827.0,375371.0,375381.0,1264971.0,30551.0,,,,,stage1,0.002605,1.1536758193091232,1264971.0,30551.0,0.0,0.02415154181400206,0.0,0.9249501079684025,0.9999733603991677,stage1: dist32
simple_triad_imp_dist32_l2_ddr4_1x,simple_triad,imp,dist32,l2,ddr4_1x,0.002935,0.398284,1883835.0,2003756.0,197167.0,375053.0,,,,640534.0,177876.0,16.0,stage1,0.002897,0.987052810902896,640534.0,177876.0,16.0,0.2776995444426057,2.4979158015031208e-05,0.9401518947416752,0.5257043671161142,stage1: dist32
simple_triad_imp_dist32_l2_ddr4_2x,simple_triad,imp,dist32,l2,ddr4_2x,0.002264,0.516365,1884743.0,2003834.0,176440.0,374975.0,,,,599360.0,198525.0,48.0,stage1,0.002605,1.150618374558304,599360.0,198525.0,48.0,0.33122831019754406,8.00854244527496e-05,0.9405684303190783,0.47053803586905796,stage1: dist32
simple_triad_imp_dist4_l1d_ddr4_1x,simple_triad,imp,dist4,l1d,ddr4_1x,0.00279,0.418929,1984803.0,2003756.0,375369.0,375379.0,1684969.0,1639.0,,,,,stage1,0.002897,1.0383512544802866,1684969.0,1639.0,0.0,0.0009727181924415227,0.0,0.9905412635071336,0.9999733602572334,stage1: dist4
simple_triad_imp_dist4_l1d_ddr4_2x,simple_triad,imp,dist4,l1d,ddr4_2x,0.002258,0.517556,1853440.0,2003827.0,375371.0,375381.0,1264971.0,30551.0,,,,,stage1,0.002605,1.1536758193091232,1264971.0,30551.0,0.0,0.02415154181400206,0.0,0.9249501079684025,0.9999733603991677,stage1: dist4
simple_triad_imp_dist4_l2_ddr4_1x,simple_triad,imp,dist4,l2,ddr4_1x,0.002935,0.398284,1883835.0,2003757.0,197167.0,375053.0,,,,640534.0,177876.0,16.0,stage1,0.002897,0.987052810902896,640534.0,177876.0,16.0,0.2776995444426057,2.4979158015031208e-05,0.9401514255471097,0.5257043671161142,stage1: dist4
simple_triad_imp_dist4_l2_ddr4_2x,simple_triad,imp,dist4,l2,ddr4_2x,0.002264,0.516365,1884743.0,2003834.0,176440.0,374975.0,,,,599360.0,198525.0,48.0,stage1,0.002605,1.150618374558304,599360.0,198525.0,48.0,0.33122831019754406,8.00854244527496e-05,0.9405684303190783,0.47053803586905796,stage1: dist4
simple_triad_imp_dist64_l1d_ddr4_1x,simple_triad,imp,dist64,l1d,ddr4_1x,0.00279,0.418929,1984803.0,2003756.0,375369.0,375379.0,1684969.0,1639.0,,,,,stage1,0.002897,1.0383512544802866,1684969.0,1639.0,0.0,0.0009727181924415227,0.0,0.9905412635071336,0.9999733602572334,stage1: dist64
simple_triad_imp_dist64_l1d_ddr4_2x,simple_triad,imp,dist64,l1d,ddr4_2x,0.002258,0.517556,1853440.0,2003827.0,375371.0,375381.0,1264971.0,30551.0,,,,,stage1,0.002605,1.1536758193091232,1264971.0,30551.0,0.0,0.02415154181400206,0.0,0.9249501079684025,0.9999733603991677,stage1: dist64
simple_triad_imp_dist64_l2_ddr4_1x,simple_triad,imp,dist64,l2,ddr4_1x,0.002935,0.398284,1883835.0,2003756.0,197167.0,375053.0,,,,640534.0,177876.0,16.0,stage1,0.002897,0.987052810902896,640534.0,177876.0,16.0,0.2776995444426057,2.4979158015031208e-05,0.9401518947416752,0.5257043671161142,stage1: dist64
simple_triad_imp_dist64_l2_ddr4_2x,simple_triad,imp,dist64,l2,ddr4_2x,0.002264,0.516365,1884743.0,2003834.0,176440.0,374975.0,,,,599360.0,198525.0,48.0,stage1,0.002605,1.150618374558304,599360.0,198525.0,48.0,0.33122831019754406,8.00854244527496e-05,0.9405684303190783,0.47053803586905796,stage1: dist64
simple_triad_imp_dist8_l1d_ddr4_1x,simple_triad,imp,dist8,l1d,ddr4_1x,0.00279,0.418929,1984803.0,2003756.0,375369.0,375379.0,1684969.0,1639.0,,,,,stage1,0.002897,1.0383512544802866,1684969.0,1639.0,0.0,0.0009727181924415227,0.0,0.9905412635071336,0.9999733602572334,stage1: dist8
simple_triad_imp_dist8_l1d_ddr4_2x,simple_triad,imp,dist8,l1d,ddr4_2x,0.002258,0.517556,1853440.0,2003827.0,375371.0,375381.0,1264971.0,30551.0,,,,,stage1,0.002605,1.1536758193091232,1264971.0,30551.0,0.0,0.02415154181400206,0.0,0.9249501079684025,0.9999733603991677,stage1: dist8
simple_triad_imp_dist8_l2_ddr4_1x,simple_triad,imp,dist8,l2,ddr4_1x,0.002935,0.398284,1883835.0,2003757.0,197167.0,375053.0,,,,640534.0,177876.0,16.0,stage1,0.002897,0.987052810902896,640534.0,177876.0,16.0,0.2776995444426057,2.4979158015031208e-05,0.9401514255471097,0.5257043671161142,stage1: dist8
simple_triad_imp_dist8_l2_ddr4_2x,simple_triad,imp,dist8,l2,ddr4_2x,0.002264,0.516365,1884743.0,2003834.0,176440.0,374975.0,,,,599360.0,198525.0,48.0,stage1,0.002605,1.150618374558304,599360.0,198525.0,48.0,0.33122831019754406,8.00854244527496e-05,0.9405684303190783,0.47053803586905796,stage1: dist8
simple_triad_imp_ipd16_l1d_ddr4_1x,simple_triad,imp,ipd16,l1d,ddr4_1x,0.00279,0.418929,1984803.0,2003757.0,375369.0,375379.0,1684969.0,1639.0,,,,,stage1,0.002897,1.0383512544802866,1684969.0,1639.0,0.0,0.0009727181924415227,0.0,0.9905407691651233,0.9999733602572334,stage1: ipd16
simple_triad_imp_ipd16_l1d_ddr4_2x,simple_triad,imp,ipd16,l1d,ddr4_2x,0.002258,0.517556,1853440.0,2003827.0,375371.0,375381.0,1264971.0,30551.0,,,,,stage1,0.002605,1.1536758193091232,1264971.0,30551.0,0.0,0.02415154181400206,0.0,0.9249501079684025,0.9999733603991677,stage1: ipd16
simple_triad_imp_ipd16_l2_ddr4_1x,simple_triad,imp,ipd16,l2,ddr4_1x,0.002935,0.398284,1883835.0,2003757.0,197167.0,375053.0,,,,640534.0,177876.0,16.0,stage1,0.002897,0.987052810902896,640534.0,177876.0,16.0,0.2776995444426057,2.4979158015031208e-05,0.9401514255471097,0.5257043671161142,stage1: ipd16
simple_triad_imp_ipd16_l2_ddr4_2x,simple_triad,imp,ipd16,l2,ddr4_2x,0.002264,0.516365,1884743.0,2003834.0,176440.0,374975.0,,,,599360.0,198525.0,48.0,stage1,0.002605,1.150618374558304,599360.0,198525.0,48.0,0.33122831019754406,8.00854244527496e-05,0.9405684303190783,0.47053803586905796,stage1: ipd16
simple_triad_imp_ipd2_l1d_ddr4_1x,simple_triad,imp,ipd2,l1d,ddr4_1x,0.00279,0.418929,1984803.0,2003757.0,375369.0,375379.0,1684969.0,1639.0,,,,,stage1,0.002897,1.0383512544802866,1684969.0,1639.0,0.0,0.0009727181924415227,0.0,0.9905407691651233,0.9999733602572334,stage1: ipd2
simple_triad_imp_ipd2_l1d_ddr4_2x,simple_triad,imp,ipd2,l1d,ddr4_2x,0.002258,0.517556,1853440.0,2003827.0,375371.0,375381.0,1264971.0,30551.0,,,,,stage1,0.002605,1.1536758193091232,1264971.0,30551.0,0.0,0.02415154181400206,0.0,0.9249501079684025,0.9999733603991677,stage1: ipd2
simple_triad_imp_ipd2_l2_ddr4_1x,simple_triad,imp,ipd2,l2,ddr4_1x,0.002935,0.398284,1883835.0,2003757.0,197167.0,375053.0,,,,640534.0,177876.0,16.0,stage1,0.002897,0.987052810902896,640534.0,177876.0,16.0,0.2776995444426057,2.4979158015031208e-05,0.9401514255471097,0.5257043671161142,stage1: ipd2
simple_triad_imp_ipd2_l2_ddr4_2x,simple_triad,imp,ipd2,l2,ddr4_2x,0.002264,0.516365,1884743.0,2003834.0,176440.0,374975.0,,,,599360.0,198525.0,48.0,stage1,0.002605,1.150618374558304,599360.0,198525.0,48.0,0.33122831019754406,8.00854244527496e-05,0.9405684303190783,0.47053803586905796,stage1: ipd2
simple_triad_imp_ipd8_l1d_ddr4_1x,simple_triad,imp,ipd8,l1d,ddr4_1x,0.00279,0.418929,1984803.0,2003757.0,375369.0,375379.0,1684969.0,1639.0,,,,,stage1,0.002897,1.0383512544802866,1684969.0,1639.0,0.0,0.0009727181924415227,0.0,0.9905407691651233,0.9999733602572334,stage1: ipd8
simple_triad_imp_ipd8_l1d_ddr4_2x,simple_triad,imp,ipd8,l1d,ddr4_2x,0.002258,0.517556,1853440.0,2003827.0,375371.0,375381.0,1264971.0,30551.0,,,,,stage1,0.002605,1.1536758193091232,1264971.0,30551.0,0.0,0.02415154181400206,0.0,0.9249501079684025,0.9999733603991677,stage1: ipd8
simple_triad_imp_ipd8_l2_ddr4_1x,simple_triad,imp,ipd8,l2,ddr4_1x,0.002935,0.398284,1883835.0,2003757.0,197167.0,375053.0,,,,640534.0,177876.0,16.0,stage1,0.002897,0.987052810902896,640534.0,177876.0,16.0,0.2776995444426057,2.4979158015031208e-05,0.9401514255471097,0.5257043671161142,stage1: ipd8
simple_triad_imp_ipd8_l2_ddr4_2x,simple_triad,imp,ipd8,l2,ddr4_2x,0.002264,0.516365,1884743.0,2003834.0,176440.0,374975.0,,,,599360.0,198525.0,48.0,stage1,0.002605,1.150618374558304,599360.0,198525.0,48.0,0.33122831019754406,8.00854244527496e-05,0.9405684303190783,0.47053803586905796,stage1: ipd8
simple_triad_imp_pt32_l1d_ddr4_1x,simple_triad,imp,pt32,l1d,ddr4_1x,0.00279,0.418929,1984803.0,2003756.0,375369.0,375379.0,1684969.0,1639.0,,,,,stage1,0.002897,1.0383512544802866,1684969.0,1639.0,0.0,0.0009727181924415227,0.0,0.9905412635071336,0.9999733602572334,stage1: pt32
simple_triad_imp_pt32_l1d_ddr4_2x,simple_triad,imp,pt32,l1d,ddr4_2x,0.002258,0.517556,1853440.0,2003827.0,375371.0,375381.0,1264971.0,30551.0,,,,,stage1,0.002605,1.1536758193091232,1264971.0,30551.0,0.0,0.02415154181400206,0.0,0.9249501079684025,0.9999733603991677,stage1: pt32
simple_triad_imp_pt32_l2_ddr4_1x,simple_triad,imp,pt32,l2,ddr4_1x,0.002935,0.398284,1883835.0,2003756.0,197167.0,375053.0,,,,640534.0,177876.0,16.0,stage1,0.002897,0.987052810902896,640534.0,177876.0,16.0,0.2776995444426057,2.4979158015031208e-05,0.9401518947416752,0.5257043671161142,stage1: pt32
simple_triad_imp_pt32_l2_ddr4_2x,simple_triad,imp,pt32,l2,ddr4_2x,0.002264,0.516365,1884743.0,2003834.0,176440.0,374975.0,,,,599360.0,198525.0,48.0,stage1,0.002605,1.150618374558304,599360.0,198525.0,48.0,0.33122831019754406,8.00854244527496e-05,0.9405684303190783,0.47053803586905796,stage1: pt32
simple_triad_imp_pt64_l1d_ddr4_1x,simple_triad,imp,pt64,l1d,ddr4_1x,0.00279,0.418929,1984803.0,2003757.0,375369.0,375379.0,1684969.0,1639.0,,,,,stage1,0.002897,1.0383512544802866,1684969.0,1639.0,0.0,0.0009727181924415227,0.0,0.9905407691651233,0.9999733602572334,stage1: pt64
simple_triad_imp_pt64_l1d_ddr4_2x,simple_triad,imp,pt64,l1d,ddr4_2x,0.002258,0.517556,1853440.0,2003827.0,375371.0,375381.0,1264971.0,30551.0,,,,,stage1,0.002605,1.1536758193091232,1264971.0,30551.0,0.0,0.02415154181400206,0.0,0.9249501079684025,0.9999733603991677,stage1: pt64
simple_triad_imp_pt64_l2_ddr4_1x,simple_triad,imp,pt64,l2,ddr4_1x,0.002935,0.398284,1883835.0,2003757.0,197167.0,375053.0,,,,640534.0,177876.0,16.0,stage1,0.002897,0.987052810902896,640534.0,177876.0,16.0,0.2776995444426057,2.4979158015031208e-05,0.9401514255471097,0.5257043671161142,stage1: pt64
simple_triad_imp_pt64_l2_ddr4_2x,simple_triad,imp,pt64,l2,ddr4_2x,0.002264,0.516365,1884743.0,2003834.0,176440.0,374975.0,,,,599360.0,198525.0,48.0,stage1,0.002605,1.150618374558304,599360.0,198525.0,48.0,0.33122831019754406,8.00854244527496e-05,0.9405684303190783,0.47053803586905796,stage1: pt64
simple_triad_imp_pt8_l1d_ddr4_1x,simple_triad,imp,pt8,l1d,ddr4_1x,0.00279,0.418929,1984803.0,2003757.0,375369.0,375379.0,1684965.0,1639.0,,,,,stage1,0.002897,1.0383512544802866,1684965.0,1639.0,0.0,0.0009727205016127931,0.0,0.9905407691651233,0.9999733602572334,stage1: pt8
simple_triad_imp_pt8_l1d_ddr4_2x,simple_triad,imp,pt8,l1d,ddr4_2x,0.002258,0.517556,1853440.0,2003827.0,375371.0,375381.0,1264967.0,30551.0,,,,,stage1,0.002605,1.1536758193091232,1264967.0,30551.0,0.0,0.024151618184506,0.0,0.9249501079684025,0.9999733603991677,stage1: pt8
simple_triad_imp_pt8_l2_ddr4_1x,simple_triad,imp,pt8,l2,ddr4_1x,0.002935,0.398284,1883835.0,2003756.0,197167.0,375053.0,,,,640534.0,177876.0,16.0,stage1,0.002897,0.987052810902896,640534.0,177876.0,16.0,0.2776995444426057,2.4979158015031208e-05,0.9401518947416752,0.5257043671161142,stage1: pt8
simple_triad_imp_pt8_l2_ddr4_2x,simple_triad,imp,pt8,l2,ddr4_2x,0.002264,0.516365,1884743.0,2003834.0,176440.0,374975.0,,,,599360.0,198525.0,48.0,stage1,0.002605,1.150618374558304,599360.0,198525.0,48.0,0.33122831019754406,8.00854244527496e-05,0.9405684303190783,0.47053803586905796,stage1: pt8
simple_triad_imp_sdist16_l1d_ddr4_1x,simple_triad,imp,sdist16,l1d,ddr4_1x,0.002904,0.402509,1467472.0,2003753.0,375404.0,375414.0,556526.0,127983.0,,,,,stage1,0.002897,0.9975895316804407,556526.0,127983.0,0.0,0.2299676924348548,0.0,0.7323617232263657,0.9999733627408675,stage1: sdist16
simple_triad_imp_sdist16_l1d_ddr4_2x,simple_triad,imp,sdist16,l1d,ddr4_2x,0.002125,0.550032,1385258.0,2003817.0,375408.0,375418.0,596454.0,148523.0,2.0,,,,stage1,0.002605,1.2258823529411764,596454.0,148523.0,2.0,0.24900998232889712,3.3531504525076537e-06,0.6913096355605327,0.9999733630246819,stage1: sdist16
simple_triad_imp_sdist16_l2_ddr4_1x,simple_triad,imp,sdist16,l2,ddr4_1x,0.002805,0.416667,1852685.0,2003765.0,162003.0,372971.0,,,,564472.0,210958.0,680.0,stage1,0.002897,1.0327985739750445,564472.0,210958.0,680.0,0.3737262432857609,0.0012046655990022533,0.9246019368538726,0.43435816725697174,stage1: sdist16
simple_triad_imp_sdist16_l2_ddr4_2x,simple_triad,imp,sdist16,l2,ddr4_2x,0.001912,0.611273,1881594.0,2003826.0,130796.0,373808.0,,,,594390.0,243002.0,770.0,stage1,0.002605,1.3624476987447698,594390.0,243002.0,770.0,0.4088258550783156,0.001295445751106176,0.9390006916768222,0.3499015537388178,stage1: sdist16
simple_triad_imp_sdist2_l1d_ddr4_1x,simple_triad,imp,sdist2,l1d,ddr4_1x,0.002797,0.417861,1997901.0,2003756.0,375364.0,375374.0,1206352.0,1.0,,,,,stage1,0.002897,1.0357525920629245,1206352.0,1.0,0.0,8.289454487579082e-07,0.0,0.997077987539401,0.9999733599023907,stage1: sdist2
simple_triad_imp_sdist2_l1d_ddr4_2x,simple_triad,imp,sdist2,l1d,ddr4_2x,0.002534,0.461198,1998638.0,2003760.0,375364.0,375374.0,1189234.0,33.0,,,,,stage1,0.002605,1.0280189423835835,1189234.0,33.0,0.0,2.7748954368946734e-05,0.0,0.9974438056453867,0.9999733599023907,stage1: sdist2
simple_triad_imp_sdist2_l2_ddr4_1x,simple_triad,imp,sdist2,l2,ddr4_1x,0.002654,0.440455,1972892.0,2003762.0,356264.0,375375.0,,,,693958.0,19101.0,2.0,stage1,0.002897,1.0915599095704596,693958.0,19101.0,2.0,0.027524720516227206,2.8820187965265907e-06,0.9845939787260164,0.9490882450882451,stage1: sdist2
simple_triad_imp_sdist2_l2_ddr4_2x,simple_triad,imp,sdist2,l2,ddr4_2x,0.001983,0.589321,1974710.0,2003824.0,363246.0,375376.0,,,,708186.0,12120.0,2.0,stage1,0.002605,1.3136661623802321,708186.0,12120.0,2.0,0.017114147978073556,2.8241168280649435e-06,0.9854707798688906,0.967685733770939,stage1: sdist2
simple_triad_imp_sdist8_l1d_ddr4_1x,simple_triad,imp,sdist8,l1d,ddr4_1x,0.002806,0.416579,1739123.0,2003766.0,375382.0,375392.0,921858.0,61292.0,,,,,stage1,0.002897,1.0324305060584462,921858.0,61292.0,0.0,0.06648746336203623,0.0,0.8679271930954013,0.9999733611797801,stage1: sdist8
simple_triad_imp_sdist8_l1d_ddr4_2x,simple_triad,imp,sdist8,l1d,ddr4_2x,0.002159,0.541333,1488481.0,2003829.0,375391.0,375401.0,707847.0,120978.0,1.0,,,,stage1,0.002605,1.206577119036591,707847.0,120978.0,1.0,0.17090981525668683,1.4127346728883502e-06,0.7428183742225509,0.9999733618184288,stage1: sdist8
simple_triad_imp_sdist8_l2_ddr4_1x,simple_triad,imp,sdist8,l2,ddr4_1x,0.002797,0.41795,1866427.0,2003755.0,169364.0,373940.0,,,,571511.0,204566.0,721.0,stage1,0.002897,1.0357525920629245,571511.0,204566.0,721.0,0.3579388673183893,0.0012615680188132862,0.9314646750725513,0.4529175803604856,stage1: sdist8
simple_triad_imp_sdist8_l2_ddr4_2x,simple_triad,imp,sdist8,l2,ddr4_2x,0.002071,0.564273,1874602.0,2003834.0,138066.0,374087.0,,,,598428.0,236011.0,823.0,stage1,0.002605,1.2578464509898601,598428.0,236011.0,823.0,0.39438495524942013,0.0013752698737358546,0.9355076318697058,0.36907457356176504,stage1: sdist8
simple_triad_imp_sthr2_l1d_ddr4_1x,simple_triad,imp,sthr2,l1d,ddr4_1x,0.002872,0.406958,1983463.0,2003752.0,375373.0,375383.0,1690713.0,2098.0,,,,,stage1,0.002897,1.0087047353760445,1690713.0,2098.0,0.0,0.0012408965921478097,0.0,0.9898744954465423,0.9999733605411006,stage1: sthr2
simple_triad_imp_sthr2_l1d_ddr4_2x,simple_triad,imp,sthr2,l1d,ddr4_2x,0.002248,0.519847,1908858.0,2003810.0,375372.0,375382.0,1416683.0,18435.0,,,,,stage1,0.002605,1.1588078291814947,1416683.0,18435.0,0.0,0.01301279114664325,0.0,0.9526142698160005,0.9999733604701344,stage1: sthr2
simple_triad_imp_sthr2_l2_ddr4_1x,simple_triad,imp,sthr2,l2,ddr4_1x,0.002921,0.400151,1883891.0,2003763.0,199500.0,375043.0,,,,645331.0,175533.0,30.0,stage1,0.002897,0.9917836357411844,645331.0,175533.0,30.0,0.27200459919018305,4.6487771391735404e-05,0.9401765578064871,0.5319390043275037,stage1: sthr2
simple_triad_imp_sthr2_l2_ddr4_2x,simple_triad,imp,sthr2,l2,ddr4_2x,0.002266,0.515784,1885448.0,2003842.0,176005.0,374963.0,,,,598059.0,198947.0,55.0,stage1,0.002605,1.149602824360106,598059.0,198947.0,55.0,0.3326544705455482,9.196417075907226e-05,0.9409164994046437,0.46939298010737057,stage1: sthr2
simple_triad_imp_sthr8_l1d_ddr4_1x,simple_triad,imp,sthr8,l1d,ddr4_1x,0.002789,0.419022,1985839.0,2003764.0,375368.0,375378.0,1690100.0,1428.0,,,,,stage1,0.002897,1.0387235568304052,1690100.0,1428.0,0.0,0.0008449204189101237,0.0,0.991054335740137,0.9999733601862656,stage1: sthr8
simple_triad_imp_sthr8_l1d_ddr4_2x,simple_triad,imp,sthr8,l1d,ddr4_2x,0.002269,0.515167,1881673.0,2003827.0,375372.0,375382.0,1339355.0,24337.0,,,,,stage1,0.002605,1.1480828558836491,1339355.0,24337.0,0.0,0.018170686636478008,0.0,0.9390396476342519,0.9999733604701344,stage1: sthr8
simple_triad_imp_sthr8_l2_ddr4_1x,simple_triad,imp,sthr8,l2,ddr4_1x,0.002923,0.399819,1883163.0,2003765.0,199888.0,375063.0,,,,647313.0,175165.0,16.0,stage1,0.002897,0.9911050290797127,647313.0,175165.0,16.0,0.2706032475788374,2.4717563219030053e-05,0.9398123033389644,0.5329451318845101,stage1: sthr8
simple_triad_imp_sthr8_l2_ddr4_2x,simple_triad,imp,sthr8,l2,ddr4_2x,0.002271,0.514644,1885231.0,2003821.0,176310.0,374964.0,,,,599133.0,198644.0,45.0,stage1,0.002605,1.147071774548657,599133.0,198644.0,45.0,0.33155242658975553,7.510853182849217e-05,0.9408180670828382,0.47020513969341055,stage1: sthr8
simple_triad_imp_thr1_l1d_ddr4_1x,simple_triad,imp,thr1,l1d,ddr4_1x,0.00279,0.418929,1984803.0,2003756.0,375369.0,375379.0,1684969.0,1639.0,,,,,stage1,0.002897,1.0383512544802866,1684969.0,1639.0,0.0,0.0009727181924415227,0.0,0.9905412635071336,0.9999733602572334,stage1: thr1
simple_triad_imp_thr1_l1d_ddr4_2x,simple_triad,imp,thr1,l1d,ddr4_2x,0.002258,0.517556,1853440.0,2003827.0,375371.0,375381.0,1264971.0,30551.0,,,,,stage1,0.002605,1.1536758193091232,1264971.0,30551.0,0.0,0.02415154181400206,0.0,0.9249501079684025,0.9999733603991677,stage1: thr1
simple_triad_imp_thr1_l2_ddr4_1x,simple_triad,imp,thr1,l2,ddr4_1x,0.002935,0.398284,1883835.0,2003757.0,197167.0,375053.0,,,,640534.0,177876.0,16.0,stage1,0.002897,0.987052810902896,640534.0,177876.0,16.0,0.2776995444426057,2.4979158015031208e-05,0.9401514255471097,0.5257043671161142,stage1: thr1
simple_triad_imp_thr1_l2_ddr4_2x,simple_triad,imp,thr1,l2,ddr4_2x,0.002264,0.516365,1884743.0,2003834.0,176440.0,374975.0,,,,599360.0,198525.0,48.0,stage1,0.002605,1.150618374558304,599360.0,198525.0,48.0,0.33122831019754406,8.00854244527496e-05,0.9405684303190783,0.47053803586905796,stage1: thr1
simple_triad_imp_thr3_l1d_ddr4_1x,simple_triad,imp,thr3,l1d,ddr4_1x,0.00279,0.418929,1984803.0,2003756.0,375369.0,375379.0,1684969.0,1639.0,,,,,stage1,0.002897,1.0383512544802866,1684969.0,1639.0,0.0,0.0009727181924415227,0.0,0.9905412635071336,0.9999733602572334,stage1: thr3
simple_triad_imp_thr3_l1d_ddr4_2x,simple_triad,imp,thr3,l1d,ddr4_2x,0.002258,0.517556,1853440.0,2003827.0,375371.0,375381.0,1264971.0,30551.0,,,,,stage1,0.002605,1.1536758193091232,1264971.0,30551.0,0.0,0.02415154181400206,0.0,0.9249501079684025,0.9999733603991677,stage1: thr3
simple_triad_imp_thr3_l2_ddr4_1x,simple_triad,imp,thr3,l2,ddr4_1x,0.002935,0.398284,1883835.0,2003757.0,197167.0,375053.0,,,,640534.0,177876.0,16.0,stage1,0.002897,0.987052810902896,640534.0,177876.0,16.0,0.2776995444426057,2.4979158015031208e-05,0.9401514255471097,0.5257043671161142,stage1: thr3
simple_triad_imp_thr3_l2_ddr4_2x,simple_triad,imp,thr3,l2,ddr4_2x,0.002264,0.516365,1884743.0,2003834.0,176440.0,374975.0,,,,599360.0,198525.0,48.0,stage1,0.002605,1.150618374558304,599360.0,198525.0,48.0,0.33122831019754406,8.00854244527496e-05,0.9405684303190783,0.47053803586905796,stage1: thr3
simple_triad_imp_thr4_l1d_ddr4_1x,simple_triad,imp,thr4,l1d,ddr4_1x,0.00279,0.418929,1984803.0,2003756.0,375369.0,375379.0,1684969.0,1639.0,,,,,stage1,0.002897,1.0383512544802866,1684969.0,1639.0,0.0,0.0009727181924415227,0.0,0.9905412635071336,0.9999733602572334,stage1: thr4
simple_triad_imp_thr4_l1d_ddr4_2x,simple_triad,imp,thr4,l1d,ddr4_2x,0.002258,0.517556,1853440.0,2003827.0,375371.0,375381.0,1264971.0,30551.0,,,,,stage1,0.002605,1.1536758193091232,1264971.0,30551.0,0.0,0.02415154181400206,0.0,0.9249501079684025,0.9999733603991677,stage1: thr4
simple_triad_imp_thr4_l2_ddr4_1x,simple_triad,imp,thr4,l2,ddr4_1x,0.002935,0.398284,1883835.0,2003757.0,197167.0,375053.0,,,,640534.0,177876.0,16.0,stage1,0.002897,0.987052810902896,640534.0,177876.0,16.0,0.2776995444426057,2.4979158015031208e-05,0.9401514255471097,0.5257043671161142,stage1: thr4
simple_triad_imp_thr4_l2_ddr4_2x,simple_triad,imp,thr4,l2,ddr4_2x,0.002264,0.516365,1884743.0,2003834.0,176440.0,374975.0,,,,599360.0,198525.0,48.0,stage1,0.002605,1.150618374558304,599360.0,198525.0,48.0,0.33122831019754406,8.00854244527496e-05,0.9405684303190783,0.47053803586905796,stage1: thr4
spmv_imp_addrlen16_l1d_ddr4_1x,spmv,imp,addrlen16,l1d,ddr4_1x,0.006737,0.558743,2478349.0,4827081.0,600137.0,2941675.0,2273967.0,139823.0,1215352.0,,,,stage1,0.010599,1.573252189401811,2273967.0,139823.0,1215352.0,0.061488579209812634,0.5344633409367858,0.5134260228904384,0.20401199996600577,stage1: addrlen16
spmv_imp_addrlen16_l1d_ddr4_2x,spmv,imp,addrlen16,l1d,ddr4_2x,0.006318,0.595778,2462403.0,4827165.0,600559.0,2948135.0,2267381.0,140288.0,1221724.0,,,,stage1,0.009047,1.431940487496043,2267381.0,140288.0,1221724.0,0.061872265843279095,0.538826072900849,0.510113700277492,0.20370810698967312,stage1: addrlen16
spmv_imp_addrlen16_l2_ddr4_1x,spmv,imp,addrlen16,l2,ddr4_1x,0.006899,0.545609,2767669.0,4826959.0,386713.0,1686824.0,,,,300575.0,147910.0,5099.0,stage1,0.010599,1.5363096100884188,300575.0,147910.0,5099.0,0.4920901605256591,0.016964152041919655,0.573377358291214,0.22925509715299283,stage1: addrlen16
spmv_imp_addrlen16_l2_ddr4_2x,spmv,imp,addrlen16,l2,ddr4_2x,0.006431,0.585298,2752820.0,4827293.0,386989.0,1686871.0,,,,301400.0,147794.0,5085.0,stage1,0.009047,1.406779661016949,301400.0,147794.0,5085.0,0.4903583278035833,0.016871267418712674,0.5702616352477465,0.2294123261351935,stage1: addrlen16
spmv_imp_addrlen2_l1d_ddr4_1x,spmv,imp,addrlen2,l1d,ddr4_1x,0.006737,0.558743,2478349.0,4827081.0,600137.0,2941675.0,2273967.0,139823.0,1215352.0,,,,stage1,0.010599,1.573252189401811,2273967.0,139823.0,1215352.0,0.061488579209812634,0.5344633409367858,0.5134260228904384,0.20401199996600577,stage1: addrlen2
spmv_imp_addrlen2_l1d_ddr4_2x,spmv,imp,addrlen2,l1d,ddr4_2x,0.006318,0.595778,2462403.0,4827165.0,600559.0,2948135.0,2267381.0,140288.0,1221724.0,,,,stage1,0.009047,1.431940487496043,2267381.0,140288.0,1221724.0,0.061872265843279095,0.538826072900849,0.510113700277492,0.20370810698967312,stage1: addrlen2
spmv_imp_addrlen2_l2_ddr4_1x,spmv,imp,addrlen2,l2,ddr4_1x,0.006899,0.545609,2767669.0,4826959.0,386713.0,1686824.0,,,,300575.0,147910.0,5099.0,stage1,0.010599,1.5363096100884188,300575.0,147910.0,5099.0,0.4920901605256591,0.016964152041919655,0.573377358291214,0.22925509715299283,stage1: addrlen2
spmv_imp_addrlen2_l2_ddr4_2x,spmv,imp,addrlen2,l2,ddr4_2x,0.006431,0.585298,2752820.0,4827293.0,386989.0,1686871.0,,,,301400.0,147794.0,5085.0,stage1,0.009047,1.406779661016949,301400.0,147794.0,5085.0,0.4903583278035833,0.016871267418712674,0.5702616352477465,0.2294123261351935,stage1: addrlen2
spmv_imp_addrlen8_l1d_ddr4_1x,spmv,imp,addrlen8,l1d,ddr4_1x,0.006737,0.558743,2478349.0,4827081.0,600137.0,2941675.0,2273967.0,139823.0,1215352.0,,,,stage1,0.010599,1.573252189401811,2273967.0,139823.0,1215352.0,0.061488579209812634,0.5344633409367858,0.5134260228904384,0.20401199996600577,stage1: addrlen8
spmv_imp_addrlen8_l1d_ddr4_2x,spmv,imp,addrlen8,l1d,ddr4_2x,0.006318,0.595778,2462403.0,4827165.0,600559.0,2948135.0,2267381.0,140288.0,1221724.0,,,,stage1,0.009047,1.431940487496043,2267381.0,140288.0,1221724.0,0.061872265843279095,0.538826072900849,0.510113700277492,0.20370810698967312,stage1: addrlen8
spmv_imp_addrlen8_l2_ddr4_1x,spmv,imp,addrlen8,l2,ddr4_1x,0.006899,0.545609,2767669.0,4826959.0,386713.0,1686824.0,,,,300575.0,147910.0,5099.0,stage1,0.010599,1.5363096100884188,300575.0,147910.0,5099.0,0.4920901605256591,0.016964152041919655,0.573377358291214,0.22925509715299283,stage1: addrlen8
spmv_imp_addrlen8_l2_ddr4_2x,spmv,imp,addrlen8,l2,ddr4_2x,0.006431,0.585298,2752820.0,4827293.0,386989.0,1686871.0,,,,301400.0,147794.0,5085.0,stage1,0.009047,1.406779661016949,301400.0,147794.0,5085.0,0.4903583278035833,0.016871267418712674,0.5702616352477465,0.2294123261351935,stage1: addrlen8
spmv_imp_default_l1d_ddr4_1x,spmv,imp,default,l1d,ddr4_1x,0.006737,0.558743,2478349.0,4827081.0,600137.0,2941675.0,2273967.0,139823.0,1215352.0,,,,stage1,0.010599,1.573252189401811,2273967.0,139823.0,1215352.0,0.061488579209812634,0.5344633409367858,0.5134260228904384,0.20401199996600577,stage1: default [IMP default]
spmv_imp_default_l1d_ddr4_2x,spmv,imp,default,l1d,ddr4_2x,0.006318,0.595778,2462403.0,4827165.0,600559.0,2948135.0,2267381.0,140288.0,1221724.0,,,,stage1,0.009047,1.431940487496043,2267381.0,140288.0,1221724.0,0.061872265843279095,0.538826072900849,0.510113700277492,0.20370810698967312,stage1: default [IMP default]
spmv_imp_default_l2_ddr4_1x,spmv,imp,default,l2,ddr4_1x,0.006899,0.545609,2767669.0,4826959.0,386713.0,1686824.0,,,,300575.0,147910.0,5099.0,stage1,0.010599,1.5363096100884188,300575.0,147910.0,5099.0,0.4920901605256591,0.016964152041919655,0.573377358291214,0.22925509715299283,stage1: default [IMP default]
spmv_imp_default_l2_ddr4_2x,spmv,imp,default,l2,ddr4_2x,0.006431,0.585298,2752820.0,4827293.0,386989.0,1686871.0,,,,301400.0,147794.0,5085.0,stage1,0.009047,1.406779661016949,301400.0,147794.0,5085.0,0.4903583278035833,0.016871267418712674,0.5702616352477465,0.2294123261351935,stage1: default [IMP default]
spmv_imp_dist32_l1d_ddr4_1x,spmv,imp,dist32,l1d,ddr4_1x,0.006737,0.558743,2478349.0,4827081.0,600137.0,2941675.0,2273967.0,139823.0,1215352.0,,,,stage1,0.010599,1.573252189401811,2273967.0,139823.0,1215352.0,0.061488579209812634,0.5344633409367858,0.5134260228904384,0.20401199996600577,stage1: dist32
spmv_imp_dist32_l1d_ddr4_2x,spmv,imp,dist32,l1d,ddr4_2x,0.006318,0.595778,2462403.0,4827165.0,600559.0,2948135.0,2267381.0,140288.0,1221724.0,,,,stage1,0.009047,1.431940487496043,2267381.0,140288.0,1221724.0,0.061872265843279095,0.538826072900849,0.510113700277492,0.20370810698967312,stage1: dist32
spmv_imp_dist32_l2_ddr4_1x,spmv,imp,dist32,l2,ddr4_1x,0.006899,0.545609,2767669.0,4826959.0,386713.0,1686824.0,,,,300575.0,147910.0,5099.0,stage1,0.010599,1.5363096100884188,300575.0,147910.0,5099.0,0.4920901605256591,0.016964152041919655,0.573377358291214,0.22925509715299283,stage1: dist32
spmv_imp_dist32_l2_ddr4_2x,spmv,imp,dist32,l2,ddr4_2x,0.006431,0.585298,2752820.0,4827293.0,386989.0,1686871.0,,,,301400.0,147794.0,5085.0,stage1,0.009047,1.406779661016949,301400.0,147794.0,5085.0,0.4903583278035833,0.016871267418712674,0.5702616352477465,0.2294123261351935,stage1: dist32
spmv_imp_dist4_l1d_ddr4_1x,spmv,imp,dist4,l1d,ddr4_1x,0.006737,0.558743,2478349.0,4827081.0,600137.0,2941675.0,2273967.0,139823.0,1215352.0,,,,stage1,0.010599,1.573252189401811,2273967.0,139823.0,1215352.0,0.061488579209812634,0.5344633409367858,0.5134260228904384,0.20401199996600577,stage1: dist4
spmv_imp_dist4_l1d_ddr4_2x,spmv,imp,dist4,l1d,ddr4_2x,0.006318,0.595778,2462403.0,4827165.0,600559.0,2948135.0,2267381.0,140288.0,1221724.0,,,,stage1,0.009047,1.431940487496043,2267381.0,140288.0,1221724.0,0.061872265843279095,0.538826072900849,0.510113700277492,0.20370810698967312,stage1: dist4
spmv_imp_dist4_l2_ddr4_1x,spmv,imp,dist4,l2,ddr4_1x,0.006899,0.545609,2767669.0,4826959.0,386713.0,1686824.0,,,,300575.0,147910.0,5099.0,stage1,0.010599,1.5363096100884188,300575.0,147910.0,5099.0,0.4920901605256591,0.016964152041919655,0.573377358291214,0.22925509715299283,stage1: dist4
spmv_imp_dist4_l2_ddr4_2x,spmv,imp,dist4,l2,ddr4_2x,0.006431,0.585298,2752820.0,4827293.0,386989.0,1686871.0,,,,301400.0,147794.0,5085.0,stage1,0.009047,1.406779661016949,301400.0,147794.0,5085.0,0.4903583278035833,0.016871267418712674,0.5702616352477465,0.2294123261351935,stage1: dist4
spmv_imp_dist64_l1d_ddr4_1x,spmv,imp,dist64,l1d,ddr4_1x,0.006737,0.558743,2478349.0,4827081.0,600137.0,2941675.0,2273967.0,139823.0,1215352.0,,,,stage1,0.010599,1.573252189401811,2273967.0,139823.0,1215352.0,0.061488579209812634,0.5344633409367858,0.5134260228904384,0.20401199996600577,stage1: dist64
spmv_imp_dist64_l1d_ddr4_2x,spmv,imp,dist64,l1d,ddr4_2x,0.006318,0.595778,2462403.0,4827165.0,600559.0,2948135.0,2267381.0,140288.0,1221724.0,,,,stage1,0.009047,1.431940487496043,2267381.0,140288.0,1221724.0,0.061872265843279095,0.538826072900849,0.510113700277492,0.20370810698967312,stage1: dist64
spmv_imp_dist64_l2_ddr4_1x,spmv,imp,dist64,l2,ddr4_1x,0.006899,0.545609,2767669.0,4826959.0,386713.0,1686824.0,,,,300575.0,147910.0,5099.0,stage1,0.010599,1.5363096100884188,300575.0,147910.0,5099.0,0.4920901605256591,0.016964152041919655,0.573377358291214,0.22925509715299283,stage1: dist64
spmv_imp_dist64_l2_ddr4_2x,spmv,imp,dist64,l2,ddr4_2x,0.006431,0.585298,2752820.0,4827293.0,386989.0,1686871.0,,,,301400.0,147794.0,5085.0,stage1,0.009047,1.406779661016949,301400.0,147794.0,5085.0,0.4903583278035833,0.016871267418712674,0.5702616352477465,0.2294123261351935,stage1: dist64
spmv_imp_dist8_l1d_ddr4_1x,spmv,imp,dist8,l1d,ddr4_1x,0.006737,0.558743,2478349.0,4827081.0,600137.0,2941675.0,2273967.0,139823.0,1215352.0,,,,stage1,0.010599,1.573252189401811,2273967.0,139823.0,1215352.0,0.061488579209812634,0.5344633409367858,0.5134260228904384,0.20401199996600577,stage1: dist8
spmv_imp_dist8_l1d_ddr4_2x,spmv,imp,dist8,l1d,ddr4_2x,0.006318,0.595778,2462403.0,4827165.0,600559.0,2948135.0,2267381.0,140288.0,1221724.0,,,,stage1,0.009047,1.431940487496043,2267381.0,140288.0,1221724.0,0.061872265843279095,0.538826072900849,0.510113700277492,0.20370810698967312,stage1: dist8
spmv_imp_dist8_l2_ddr4_1x,spmv,imp,dist8,l2,ddr4_1x,0.006899,0.545609,2767669.0,4826959.0,386713.0,1686824.0,,,,300575.0,147910.0,5099.0,stage1,0.010599,1.5363096100884188,300575.0,147910.0,5099.0,0.4920901605256591,0.016964152041919655,0.573377358291214,0.22925509715299283,stage1: dist8
spmv_imp_dist8_l2_ddr4_2x,spmv,imp,dist8,l2,ddr4_2x,0.006431,0.585298,2752820.0,4827293.0,386989.0,1686871.0,,,,301400.0,147794.0,5085.0,stage1,0.009047,1.406779661016949,301400.0,147794.0,5085.0,0.4903583278035833,0.016871267418712674,0.5702616352477465,0.2294123261351935,stage1: dist8
spmv_imp_ipd16_l1d_ddr4_1x,spmv,imp,ipd16,l1d,ddr4_1x,0.006737,0.558743,2478349.0,4827081.0,600137.0,2941675.0,2273967.0,139823.0,1215352.0,,,,stage1,0.010599,1.573252189401811,2273967.0,139823.0,1215352.0,0.061488579209812634,0.5344633409367858,0.5134260228904384,0.20401199996600577,stage1: ipd16
spmv_imp_ipd16_l1d_ddr4_2x,spmv,imp,ipd16,l1d,ddr4_2x,0.006318,0.595778,2462403.0,4827165.0,600559.0,2948135.0,2267381.0,140288.0,1221724.0,,,,stage1,0.009047,1.431940487496043,2267381.0,140288.0,1221724.0,0.061872265843279095,0.538826072900849,0.510113700277492,0.20370810698967312,stage1: ipd16
spmv_imp_ipd16_l2_ddr4_1x,spmv,imp,ipd16,l2,ddr4_1x,0.006899,0.545609,2767669.0,4826959.0,386713.0,1686824.0,,,,300575.0,147910.0,5099.0,stage1,0.010599,1.5363096100884188,300575.0,147910.0,5099.0,0.4920901605256591,0.016964152041919655,0.573377358291214,0.22925509715299283,stage1: ipd16
spmv_imp_ipd16_l2_ddr4_2x,spmv,imp,ipd16,l2,ddr4_2x,0.006431,0.585298,2752820.0,4827293.0,386989.0,1686871.0,,,,301400.0,147794.0,5085.0,stage1,0.009047,1.406779661016949,301400.0,147794.0,5085.0,0.4903583278035833,0.016871267418712674,0.5702616352477465,0.2294123261351935,stage1: ipd16
spmv_imp_ipd2_l1d_ddr4_1x,spmv,imp,ipd2,l1d,ddr4_1x,0.006737,0.558743,2478349.0,4827081.0,600137.0,2941675.0,2273967.0,139823.0,1215352.0,,,,stage1,0.010599,1.573252189401811,2273967.0,139823.0,1215352.0,0.061488579209812634,0.5344633409367858,0.5134260228904384,0.20401199996600577,stage1: ipd2
spmv_imp_ipd2_l1d_ddr4_2x,spmv,imp,ipd2,l1d,ddr4_2x,0.006318,0.595778,2462403.0,4827165.0,600559.0,2948135.0,2267381.0,140288.0,1221724.0,,,,stage1,0.009047,1.431940487496043,2267381.0,140288.0,1221724.0,0.061872265843279095,0.538826072900849,0.510113700277492,0.20370810698967312,stage1: ipd2
spmv_imp_ipd2_l2_ddr4_1x,spmv,imp,ipd2,l2,ddr4_1x,0.006899,0.545609,2767669.0,4826959.0,386713.0,1686824.0,,,,300575.0,147910.0,5099.0,stage1,0.010599,1.5363096100884188,300575.0,147910.0,5099.0,0.4920901605256591,0.016964152041919655,0.573377358291214,0.22925509715299283,stage1: ipd2
spmv_imp_ipd2_l2_ddr4_2x,spmv,imp,ipd2,l2,ddr4_2x,0.006431,0.585298,2752820.0,4827293.0,386989.0,1686871.0,,,,301400.0,147794.0,5085.0,stage1,0.009047,1.406779661016949,301400.0,147794.0,5085.0,0.4903583278035833,0.016871267418712674,0.5702616352477465,0.2294123261351935,stage1: ipd2
spmv_imp_ipd8_l1d_ddr4_1x,spmv,imp,ipd8,l1d,ddr4_1x,0.006737,0.558743,2478349.0,4827081.0,600137.0,2941675.0,2273967.0,139823.0,1215352.0,,,,stage1,0.010599,1.573252189401811,2273967.0,139823.0,1215352.0,0.061488579209812634,0.5344633409367858,0.5134260228904384,0.20401199996600577,stage1: ipd8
spmv_imp_ipd8_l1d_ddr4_2x,spmv,imp,ipd8,l1d,ddr4_2x,0.006318,0.595778,2462403.0,4827165.0,600559.0,2948135.0,2267381.0,140288.0,1221724.0,,,,stage1,0.009047,1.431940487496043,2267381.0,140288.0,1221724.0,0.061872265843279095,0.538826072900849,0.510113700277492,0.20370810698967312,stage1: ipd8
spmv_imp_ipd8_l2_ddr4_1x,spmv,imp,ipd8,l2,ddr4_1x,0.006899,0.545609,2767669.0,4826959.0,386713.0,1686824.0,,,,300575.0,147910.0,5099.0,stage1,0.010599,1.5363096100884188,300575.0,147910.0,5099.0,0.4920901605256591,0.016964152041919655,0.573377358291214,0.22925509715299283,stage1: ipd8
spmv_imp_ipd8_l2_ddr4_2x,spmv,imp,ipd8,l2,ddr4_2x,0.006431,0.585298,2752820.0,4827293.0,386989.0,1686871.0,,,,301400.0,147794.0,5085.0,stage1,0.009047,1.406779661016949,301400.0,147794.0,5085.0,0.4903583278035833,0.016871267418712674,0.5702616352477465,0.2294123261351935,stage1: ipd8
spmv_imp_pt32_l1d_ddr4_1x,spmv,imp,pt32,l1d,ddr4_1x,0.006737,0.558743,2478349.0,4827081.0,600137.0,2941675.0,2273967.0,139823.0,1215352.0,,,,stage1,0.010599,1.573252189401811,2273967.0,139823.0,1215352.0,0.061488579209812634,0.5344633409367858,0.5134260228904384,0.20401199996600577,stage1: pt32
spmv_imp_pt32_l1d_ddr4_2x,spmv,imp,pt32,l1d,ddr4_2x,0.006318,0.595778,2462403.0,4827165.0,600559.0,2948135.0,2267381.0,140288.0,1221724.0,,,,stage1,0.009047,1.431940487496043,2267381.0,140288.0,1221724.0,0.061872265843279095,0.538826072900849,0.510113700277492,0.20370810698967312,stage1: pt32
spmv_imp_pt32_l2_ddr4_1x,spmv,imp,pt32,l2,ddr4_1x,0.006899,0.545609,2767669.0,4826959.0,386713.0,1686824.0,,,,300575.0,147910.0,5099.0,stage1,0.010599,1.5363096100884188,300575.0,147910.0,5099.0,0.4920901605256591,0.016964152041919655,0.573377358291214,0.22925509715299283,stage1: pt32
spmv_imp_pt32_l2_ddr4_2x,spmv,imp,pt32,l2,ddr4_2x,0.006431,0.585298,2752820.0,4827293.0,386989.0,1686871.0,,,,301400.0,147794.0,5085.0,stage1,0.009047,1.406779661016949,301400.0,147794.0,5085.0,0.4903583278035833,0.016871267418712674,0.5702616352477465,0.2294123261351935,stage1: pt32
spmv_imp_pt64_l1d_ddr4_1x,spmv,imp,pt64,l1d,ddr4_1x,0.006737,0.558743,2478349.0,4827081.0,600137.0,2941675.0,2273967.0,139823.0,1215352.0,,,,stage1,0.010599,1.573252189401811,2273967.0,139823.0,1215352.0,0.061488579209812634,0.5344633409367858,0.5134260228904384,0.20401199996600577,stage1: pt64
spmv_imp_pt64_l1d_ddr4_2x,spmv,imp,pt64,l1d,ddr4_2x,0.006318,0.595778,2462403.0,4827165.0,600559.0,2948135.0,2267381.0,140288.0,1221724.0,,,,stage1,0.009047,1.431940487496043,2267381.0,140288.0,1221724.0,0.061872265843279095,0.538826072900849,0.510113700277492,0.20370810698967312,stage1: pt64
spmv_imp_pt64_l2_ddr4_1x,spmv,imp,pt64,l2,ddr4_1x,0.006899,0.545609,2767669.0,4826959.0,386713.0,1686824.0,,,,300575.0,147910.0,5099.0,stage1,0.010599,1.5363096100884188,300575.0,147910.0,5099.0,0.4920901605256591,0.016964152041919655,0.573377358291214,0.22925509715299283,stage1: pt64
spmv_imp_pt64_l2_ddr4_2x,spmv,imp,pt64,l2,ddr4_2x,0.006431,0.585298,2752820.0,4827293.0,386989.0,1686871.0,,,,301400.0,147794.0,5085.0,stage1,0.009047,1.406779661016949,301400.0,147794.0,5085.0,0.4903583278035833,0.016871267418712674,0.5702616352477465,0.2294123261351935,stage1: pt64
spmv_imp_pt8_l1d_ddr4_1x,spmv,imp,pt8,l1d,ddr4_1x,0.006737,0.558743,2478349.0,4827081.0,600137.0,2941675.0,2273967.0,139823.0,1215352.0,,,,stage1,0.010599,1.573252189401811,2273967.0,139823.0,1215352.0,0.061488579209812634,0.5344633409367858,0.5134260228904384,0.20401199996600577,stage1: pt8
spmv_imp_pt8_l1d_ddr4_2x,spmv,imp,pt8,l1d,ddr4_2x,0.006318,0.595778,2462403.0,4827165.0,600559.0,2948135.0,2267381.0,140288.0,1221724.0,,,,stage1,0.009047,1.431940487496043,2267381.0,140288.0,1221724.0,0.061872265843279095,0.538826072900849,0.510113700277492,0.20370810698967312,stage1: pt8
spmv_imp_pt8_l2_ddr4_1x,spmv,imp,pt8,l2,ddr4_1x,0.006899,0.545609,2767669.0,4826959.0,386713.0,1686824.0,,,,300575.0,147910.0,5099.0,stage1,0.010599,1.5363096100884188,300575.0,147910.0,5099.0,0.4920901605256591,0.016964152041919655,0.573377358291214,0.22925509715299283,stage1: pt8
spmv_imp_pt8_l2_ddr4_2x,spmv,imp,pt8,l2,ddr4_2x,0.006431,0.585298,2752820.0,4827293.0,386989.0,1686871.0,,,,301400.0,147794.0,5085.0,stage1,0.009047,1.406779661016949,301400.0,147794.0,5085.0,0.4903583278035833,0.016871267418712674,0.5702616352477465,0.2294123261351935,stage1: pt8
spmv_imp_sdist16_l1d_ddr4_1x,spmv,imp,sdist16,l1d,ddr4_1x,0.00594,0.633635,1980905.0,4826356.0,654062.0,3666897.0,2610892.0,150638.0,1927141.0,,,,stage1,0.010599,1.7843434343434346,2610892.0,150638.0,1927141.0,0.057695990489074235,0.7381159389204915,0.41043491197085336,0.1783693406168758,stage1: sdist16
spmv_imp_sdist16_l1d_ddr4_2x,spmv,imp,sdist16,l1d,ddr4_2x,0.0054,0.697115,1981716.0,4826617.0,654649.0,3667613.0,2609723.0,150653.0,1927818.0,,,,stage1,0.009047,1.6753703703703702,2609723.0,150653.0,1927818.0,0.057727582582519296,0.7387059852712338,0.4105807442355588,0.17849456853817455,stage1: sdist16
spmv_imp_sdist16_l2_ddr4_1x,spmv,imp,sdist16,l2,ddr4_1x,0.006189,0.608234,2388030.0,4827631.0,354024.0,1686934.0,,,,366328.0,191760.0,12568.0,stage1,0.010599,1.7125545322346098,366328.0,191760.0,12568.0,0.5234653097770304,0.03430805180057216,0.4946587674161509,0.20986238939994095,stage1: sdist16
spmv_imp_sdist16_l2_ddr4_2x,spmv,imp,sdist16,l2,ddr4_2x,0.00558,0.674616,2389944.0,4827797.0,354649.0,1687010.0,,,,373170.0,191223.0,12627.0,stage1,0.009047,1.6213261648745518,373170.0,191223.0,12627.0,0.5124286518208859,0.03383712517083367,0.49503821308145307,0.2102234130206697,stage1: sdist16
spmv_imp_sdist2_l1d_ddr4_1x,spmv,imp,sdist2,l1d,ddr4_1x,0.00754,0.499184,2957031.0,4826591.0,571233.0,2519534.0,2275786.0,116139.0,803633.0,,,,stage1,0.010599,1.4057029177718834,2275786.0,116139.0,803633.0,0.05103247844920392,0.3531232725748379,0.6126541486527448,0.22672168742315046,stage1: sdist2
spmv_imp_sdist2_l1d_ddr4_2x,spmv,imp,sdist2,l1d,ddr4_2x,0.007269,0.517815,2973461.0,4826379.0,571433.0,2521808.0,2297417.0,115252.0,805750.0,,,,stage1,0.009047,1.2446003576833127,2297417.0,115252.0,805750.0,0.050165903708382066,0.3507199607211055,0.616085268065355,0.22659655294931255,stage1: sdist2
spmv_imp_sdist2_l2_ddr4_1x,spmv,imp,sdist2,l2,ddr4_1x,0.007617,0.49419,3076622.0,4826519.0,416797.0,1686657.0,,,,240285.0,112982.0,2960.0,stage1,0.010599,1.391492713666798,240285.0,112982.0,2960.0,0.4701999708679277,0.012318704871298667,0.6374411869092403,0.24711426211731252,stage1: sdist2
spmv_imp_sdist2_l2_ddr4_2x,spmv,imp,sdist2,l2,ddr4_2x,0.007274,0.517456,3107887.0,4826640.0,417788.0,1686671.0,,,,242192.0,111898.0,2946.0,stage1,0.009047,1.2437448446521857,242192.0,111898.0,2946.0,0.4620218669485367,0.01216390301909229,0.6439027978055127,0.24769975887413728,stage1: sdist2
spmv_imp_sdist8_l1d_ddr4_1x,spmv,imp,sdist8,l1d,ddr4_1x,0.006188,0.608246,2119154.0,4826857.0,631344.0,3387987.0,2374613.0,153742.0,1652823.0,,,,stage1,0.010599,1.7128312863606983,2374613.0,153742.0,1652823.0,0.06474402355246939,0.6960388913898812,0.4390339303608953,0.18634782246803192,stage1: sdist8
spmv_imp_sdist8_l1d_ddr4_2x,spmv,imp,sdist8,l1d,ddr4_2x,0.005711,0.659088,2112064.0,4827007.0,632113.0,3394885.0,2376714.0,153854.0,1659594.0,,,,stage1,0.009047,1.5841358781299246,2376714.0,153854.0,1659594.0,0.0647339141352304,0.6982724888228032,0.437551468228656,0.18619570324178875,stage1: sdist8
spmv_imp_sdist8_l2_ddr4_1x,spmv,imp,sdist8,l2,ddr4_1x,0.006499,0.57921,2574527.0,4827267.0,367239.0,1686945.0,,,,341659.0,172921.0,8190.0,stage1,0.010599,1.6308662871210957,341659.0,172921.0,8190.0,0.5061216007773833,0.023971269599220274,0.533330143122392,0.2176947084819007,stage1: sdist8
spmv_imp_sdist8_l2_ddr4_2x,spmv,imp,sdist8,l2,ddr4_2x,0.006014,0.625847,2566000.0,4827308.0,367461.0,1686960.0,,,,344305.0,172643.0,8224.0,stage1,0.009047,1.5043232457598934,344305.0,172643.0,8224.0,0.5014246089949318,0.023885798928275803,0.5315592044261522,0.21782437046521552,stage1: sdist8
spmv_imp_sthr2_l1d_ddr4_1x,spmv,imp,sthr2,l1d,ddr4_1x,0.006731,0.559194,2476348.0,4827030.0,600149.0,2941859.0,2274406.0,140074.0,1215569.0,,,,stage1,0.010599,1.5746545832714307,2274406.0,140074.0,1215569.0,0.06158706932711222,0.5344555897232068,0.5130169068764852,0.20400331898979523,stage1: sthr2
spmv_imp_sthr2_l1d_ddr4_2x,spmv,imp,sthr2,l1d,ddr4_2x,0.006312,0.596367,2462794.0,4827310.0,600698.0,2948479.0,2268107.0,140064.0,1222043.0,,,,stage1,0.009047,1.4333016476552598,2268107.0,140064.0,1222043.0,0.061753700332479906,0.5387942455977606,0.5101793752628275,0.20373148324949916,stage1: sthr2
spmv_imp_sthr2_l2_ddr4_1x,spmv,imp,sthr2,l2,ddr4_1x,0.006899,0.545587,2767559.0,4827004.0,386676.0,1686844.0,,,,300359.0,147964.0,5094.0,stage1,0.010599,1.5363096100884188,300359.0,147964.0,5094.0,0.4926238268205714,0.01695970488648584,0.5733492244879018,0.22923044454614652,stage1: sthr2
spmv_imp_sthr2_l2_ddr4_2x,spmv,imp,sthr2,l2,ddr4_2x,0.006426,0.585786,2751385.0,4827357.0,386782.0,1686879.0,,,,301083.0,147886.0,5109.0,stage1,0.009047,1.407874260815437,301083.0,147886.0,5109.0,0.49118017290913135,0.016968742838353545,0.5699568107351497,0.22928852632583605,stage1: sthr2
spmv_imp_sthr8_l1d_ddr4_1x,spmv,imp,sthr8,l1d,ddr4_1x,0.006737,0.558717,2476465.0,4827064.0,599994.0,2942061.0,2273753.0,139714.0,1215789.0,,,,stage1,0.010599,1.573252189401811,2273753.0,139714.0,1215789.0,0.06144642799811589,0.5347058365618429,0.5130375317170023,0.20393662809846566,stage1: sthr8
spmv_imp_sthr8_l1d_ddr4_2x,spmv,imp,sthr8,l1d,ddr4_2x,0.006322,0.595362,2463427.0,4827296.0,600450.0,2947744.0,2269570.0,140248.0,1221330.0,,,,stage1,0.009047,1.4310344827586206,2269570.0,140248.0,1221330.0,0.06179496556616452,0.5381327740497098,0.5103119841832777,0.20369815017857723,stage1: sthr8
spmv_imp_sthr8_l2_ddr4_1x,spmv,imp,sthr8,l2,ddr4_1x,0.006902,0.545397,2768384.0,4827054.0,386694.0,1686846.0,,,,300500.0,147945.0,5077.0,stage1,0.010599,1.5356418429440744,300500.0,147945.0,5077.0,0.4923294509151414,0.016895174708818635,0.5735141972722907,0.2292408435624829,stage1: sthr8
spmv_imp_sthr8_l2_ddr4_2x,spmv,imp,sthr8,l2,ddr4_2x,0.006426,0.585785,2751858.0,4827318.0,386823.0,1686865.0,,,,301231.0,147843.0,5108.0,stage1,0.009047,1.407874260815437,301231.0,147843.0,5108.0,0.49079610000298773,0.01695708609007705,0.5700593994429205,0.22931473472980943,stage1: sthr8
spmv_imp_thr1_l1d_ddr4_1x,spmv,imp,thr1,l1d,ddr4_1x,0.006737,0.558743,2478349.0,4827081.0,600137.0,2941675.0,2273967.0,139823.0,1215352.0,,,,stage1,0.010599,1.573252189401811,2273967.0,139823.0,1215352.0,0.061488579209812634,0.5344633409367858,0.5134260228904384,0.20401199996600577,stage1: thr1
spmv_imp_thr1_l1d_ddr4_2x,spmv,imp,thr1,l1d,ddr4_2x,0.006318,0.595778,2462403.0,4827165.0,600559.0,2948135.0,2267381.0,140288.0,1221724.0,,,,stage1,0.009047,1.431940487496043,2267381.0,140288.0,1221724.0,0.061872265843279095,0.538826072900849,0.510113700277492,0.20370810698967312,stage1: thr1
spmv_imp_thr1_l2_ddr4_1x,spmv,imp,thr1,l2,ddr4_1x,0.006899,0.545609,2767669.0,4826959.0,386713.0,1686824.0,,,,300575.0,147910.0,5099.0,stage1,0.010599,1.5363096100884188,300575.0,147910.0,5099.0,0.4920901605256591,0.016964152041919655,0.573377358291214,0.22925509715299283,stage1: thr1
spmv_imp_thr1_l2_ddr4_2x,spmv,imp,thr1,l2,ddr4_2x,0.006431,0.585298,2752820.0,4827293.0,386989.0,1686871.0,,,,301400.0,147794.0,5085.0,stage1,0.009047,1.406779661016949,301400.0,147794.0,5085.0,0.4903583278035833,0.016871267418712674,0.5702616352477465,0.2294123261351935,stage1: thr1
spmv_imp_thr3_l1d_ddr4_1x,spmv,imp,thr3,l1d,ddr4_1x,0.006737,0.558743,2478349.0,4827081.0,600137.0,2941675.0,2273967.0,139823.0,1215352.0,,,,stage1,0.010599,1.573252189401811,2273967.0,139823.0,1215352.0,0.061488579209812634,0.5344633409367858,0.5134260228904384,0.20401199996600577,stage1: thr3
spmv_imp_thr3_l1d_ddr4_2x,spmv,imp,thr3,l1d,ddr4_2x,0.006318,0.595778,2462403.0,4827165.0,600559.0,2948135.0,2267381.0,140288.0,1221724.0,,,,stage1,0.009047,1.431940487496043,2267381.0,140288.0,1221724.0,0.061872265843279095,0.538826072900849,0.510113700277492,0.20370810698967312,stage1: thr3
spmv_imp_thr3_l2_ddr4_1x,spmv,imp,thr3,l2,ddr4_1x,0.006899,0.545609,2767669.0,4826959.0,386713.0,1686824.0,,,,300575.0,147910.0,5099.0,stage1,0.010599,1.5363096100884188,300575.0,147910.0,5099.0,0.4920901605256591,0.016964152041919655,0.573377358291214,0.22925509715299283,stage1: thr3
spmv_imp_thr3_l2_ddr4_2x,spmv,imp,thr3,l2,ddr4_2x,0.006431,0.585298,2752820.0,4827293.0,386989.0,1686871.0,,,,301400.0,147794.0,5085.0,stage1,0.009047,1.406779661016949,301400.0,147794.0,5085.0,0.4903583278035833,0.016871267418712674,0.5702616352477465,0.2294123261351935,stage1: thr3
spmv_imp_thr4_l1d_ddr4_1x,spmv,imp,thr4,l1d,ddr4_1x,0.006737,0.558743,2478349.0,4827081.0,600137.0,2941675.0,2273967.0,139823.0,1215352.0,,,,stage1,0.010599,1.573252189401811,2273967.0,139823.0,1215352.0,0.061488579209812634,0.5344633409367858,0.5134260228904384,0.20401199996600577,stage1: thr4
spmv_imp_thr4_l1d_ddr4_2x,spmv,imp,thr4,l1d,ddr4_2x,0.006318,0.595778,2462403.0,4827165.0,600559.0,2948135.0,2267381.0,140288.0,1221724.0,,,,stage1,0.009047,1.431940487496043,2267381.0,140288.0,1221724.0,0.061872265843279095,0.538826072900849,0.510113700277492,0.20370810698967312,stage1: thr4
spmv_imp_thr4_l2_ddr4_1x,spmv,imp,thr4,l2,ddr4_1x,0.006899,0.545609,2767669.0,4826959.0,386713.0,1686824.0,,,,300575.0,147910.0,5099.0,stage1,0.010599,1.5363096100884188,300575.0,147910.0,5099.0,0.4920901605256591,0.016964152041919655,0.573377358291214,0.22925509715299283,stage1: thr4
spmv_imp_thr4_l2_ddr4_2x,spmv,imp,thr4,l2,ddr4_2x,0.006431,0.585298,2752820.0,4827293.0,386989.0,1686871.0,,,,301400.0,147794.0,5085.0,stage1,0.009047,1.406779661016949,301400.0,147794.0,5085.0,0.4903583278035833,0.016871267418712674,0.5702616352477465,0.2294123261351935,stage1: thr4
bfs_imp_stage2_aggr_s16_sth2_d32_ipd16_addr16_l1d_ddr4_1x,bfs,imp,aggr_s16_sth2_d32_ipd16_addr16,l1d,ddr4_1x,0.022635,0.452081,5501676.0,11472491.0,2388423.0,6323158.0,5216034.0,439733.0,2594898.0,,,,stage2,0.02764,1.2211177380163465,5216034.0,439733.0,2594898.0,0.08430409004235785,0.4974848706891098,0.4795537429491119,0.3777262880351875,stage2: aggr_s16_sth2_d32_ipd16_addr16
bfs_imp_stage2_aggr_s16_sth2_d32_ipd16_addr16_l1d_ddr4_2x,bfs,imp,aggr_s16_sth2_d32_ipd16_addr16,l1d,ddr4_2x,0.019611,0.521793,5374334.0,11381679.0,2444855.0,6417484.0,5354997.0,454997.0,2687429.0,,,,stage2,0.025176,1.2837693131405843,5354997.0,454997.0,2687429.0,0.08496680763780073,0.5018544361462761,0.4721916687335849,0.38096783723964095,stage2: aggr_s16_sth2_d32_ipd16_addr16
bfs_imp_stage2_aggr_s16_sth2_d32_ipd16_addr16_l2_ddr4_1x,bfs,imp,aggr_s16_sth2_d32_ipd16_addr16,l2,ddr4_1x,0.025508,0.401164,6758291.0,11473082.0,1336217.0,3528833.0,,,,1842437.0,351214.0,810728.0,stage2,0.02764,1.0835816214520935,1842437.0,351214.0,810728.0,0.19062469978620708,0.4400302425537481,0.5890562797337281,0.37865691008897273,stage2: aggr_s16_sth2_d32_ipd16_addr16
bfs_imp_stage2_aggr_s16_sth2_d32_ipd16_addr16_l2_ddr4_2x,bfs,imp,aggr_s16_sth2_d32_ipd16_addr16,l2,ddr4_2x,0.021395,0.478279,6692730.0,11400170.0,1329785.0,3529210.0,,,,1916117.0,366278.0,852497.0,stage2,0.025176,1.1767235335358728,1916117.0,366278.0,852497.0,0.19115638554430653,0.4449086355373915,0.5870728243526193,0.37679395672119254,stage2: aggr_s16_sth2_d32_ipd16_addr16
bfs_imp_stage2_aggr_s16_sth2_d32_ipd16_l1d_ddr4_1x,bfs,imp,aggr_s16_sth2_d32_ipd16,l1d,ddr4_1x,0.022635,0.452081,5501676.0,11472491.0,2388423.0,6323158.0,5216034.0,439733.0,2594898.0,,,,stage2,0.02764,1.2211177380163465,5216034.0,439733.0,2594898.0,0.08430409004235785,0.4974848706891098,0.4795537429491119,0.3777262880351875,stage2: aggr_s16_sth2_d32_ipd16
bfs_imp_stage2_aggr_s16_sth2_d32_ipd16_l1d_ddr4_2x,bfs,imp,aggr_s16_sth2_d32_ipd16,l1d,ddr4_2x,0.019611,0.521793,5374334.0,11381679.0,2444855.0,6417484.0,5354997.0,454997.0,2687429.0,,,,stage2,0.025176,1.2837693131405843,5354997.0,454997.0,2687429.0,0.08496680763780073,0.5018544361462761,0.4721916687335849,0.38096783723964095,stage2: aggr_s16_sth2_d32_ipd16
bfs_imp_stage2_aggr_s16_sth2_d32_ipd16_l2_ddr4_1x,bfs,imp,aggr_s16_sth2_d32_ipd16,l2,ddr4_1x,0.025508,0.401164,6758291.0,11473082.0,1336217.0,3528833.0,,,,1842437.0,351214.0,810728.0,stage2,0.02764,1.0835816214520935,1842437.0,351214.0,810728.0,0.19062469978620708,0.4400302425537481,0.5890562797337281,0.37865691008897273,stage2: aggr_s16_sth2_d32_ipd16
bfs_imp_stage2_aggr_s16_sth2_d32_ipd16_l2_ddr4_2x,bfs,imp,aggr_s16_sth2_d32_ipd16,l2,ddr4_2x,0.021395,0.478279,6692730.0,11400170.0,1329785.0,3529210.0,,,,1916117.0,366278.0,852497.0,stage2,0.025176,1.1767235335358728,1916117.0,366278.0,852497.0,0.19115638554430653,0.4449086355373915,0.5870728243526193,0.37679395672119254,stage2: aggr_s16_sth2_d32_ipd16
bfs_imp_stage2_cons_s2_sth8_pt8_l1d_ddr4_1x,bfs,imp,cons_s2_sth8_pt8,l1d,ddr4_1x,0.024149,0.423732,6753043.0,11529860.0,1929321.0,5432338.0,4547849.0,194243.0,1765525.0,,,,stage2,0.02764,1.1445608513810097,4547849.0,194243.0,1765525.0,0.04271096072011186,0.38821099821036276,0.5857003467518253,0.3551548154772402,stage2: cons_s2_sth8_pt8
bfs_imp_stage2_cons_s2_sth8_pt8_l1d_ddr4_2x,bfs,imp,cons_s2_sth8_pt8,l1d,ddr4_2x,0.021569,0.47443,6585664.0,11427527.0,1929243.0,5433421.0,4470793.0,202193.0,1766002.0,,,,stage2,0.025176,1.1672307478325374,4470793.0,202193.0,1766002.0,0.04522531014072895,0.3950086707212792,0.5762982664578259,0.35506966973477666,stage2: cons_s2_sth8_pt8
bfs_imp_stage2_cons_s2_sth8_pt8_l2_ddr4_1x,bfs,imp,cons_s2_sth8_pt8,l2,ddr4_1x,0.025937,0.394524,7272921.0,11497452.0,1385977.0,3528916.0,,,,885398.0,183343.0,293954.0,stage2,0.02764,1.0656590970428346,885398.0,183343.0,293954.0,0.20707410678587482,0.3320021052679134,0.6325680681250072,0.39274865142723714,stage2: cons_s2_sth8_pt8
bfs_imp_stage2_cons_s2_sth8_pt8_l2_ddr4_2x,bfs,imp,cons_s2_sth8_pt8,l2,ddr4_2x,0.02271,0.450585,7132889.0,11405993.0,1385150.0,3528961.0,,,,886963.0,184264.0,293889.0,stage2,0.025176,1.1085865257595773,886963.0,184264.0,293889.0,0.20774711008238225,0.3313430210730324,0.6253632629793828,0.3925092966456699,stage2: cons_s2_sth8_pt8
bfs_imp_stage2_cons_s8_sth8_pt8_ipd8_l1d_ddr4_1x,bfs,imp,cons_s8_sth8_pt8_ipd8,l1d,ddr4_1x,0.022835,0.448118,5760410.0,11496519.0,2239185.0,6192751.0,5148645.0,403857.0,2476201.0,,,,stage2,0.02764,1.2104225968907378,5148645.0,403857.0,2476201.0,0.0784394729098627,0.4809422673344152,0.5010568851319256,0.36158162987660897,stage2: cons_s8_sth8_pt8_ipd8
bfs_imp_stage2_cons_s8_sth8_pt8_ipd8_l1d_ddr4_2x,bfs,imp,cons_s8_sth8_pt8_ipd8,l1d,ddr4_2x,0.020056,0.510214,5624919.0,11405539.0,2289437.0,6255864.0,5222202.0,415265.0,2538349.0,,,,stage2,0.025176,1.2552852014359792,5222202.0,415265.0,2538349.0,0.07951913771240561,0.48606871201075713,0.49317432521163623,0.36596655553893115,stage2: cons_s8_sth8_pt8_ipd8
bfs_imp_stage2_cons_s8_sth8_pt8_ipd8_l2_ddr4_1x,bfs,imp,cons_s8_sth8_pt8_ipd8,l2,ddr4_1x,0.025611,0.399552,6894638.0,11474629.0,1335196.0,3529043.0,,,,1573426.0,316042.0,627259.0,stage2,0.02764,1.0792237710358832,1573426.0,316042.0,627259.0,0.20086232209204627,0.39865808751094745,0.6008593393302738,0.3783450640867793,stage2: cons_s8_sth8_pt8_ipd8
bfs_imp_stage2_cons_s8_sth8_pt8_ipd8_l2_ddr4_2x,bfs,imp,cons_s8_sth8_pt8_ipd8,l2,ddr4_2x,0.021719,0.471155,6810118.0,11400971.0,1330714.0,3529327.0,,,,1619092.0,324746.0,651000.0,stage2,0.025176,1.1591693908559326,1619092.0,324746.0,651000.0,0.20057291370718897,0.4020772136481435,0.5973278942644447,0.37704468868994,stage2: cons_s8_sth8_pt8_ipd8
bfs_imp_stage2_s16_dist32_addr16_l1d_ddr4_1x,bfs,imp,s16_dist32_addr16,l1d,ddr4_1x,0.022644,0.451899,5499207.0,11471915.0,2389038.0,6325340.0,5223342.0,440614.0,2597004.0,,,,stage2,0.02764,1.2206323971029853,5223342.0,440614.0,2597004.0,0.08435480579291955,0.49719202763288334,0.4793625998797934,0.37769321491018665,stage2: s16_dist32_addr16
bfs_imp_stage2_s16_dist32_addr16_l1d_ddr4_2x,bfs,imp,s16_dist32_addr16,l1d,ddr4_2x,0.019617,0.521622,5371033.0,11380680.0,2448923.0,6419441.0,5351311.0,454753.0,2689456.0,,,,stage2,0.025176,1.2833766630983332,5351311.0,454753.0,2689456.0,0.08497973674114624,0.5025789007590851,0.4719430649135201,0.38148539724876357,stage2: s16_dist32_addr16
bfs_imp_stage2_s16_dist32_addr16_l2_ddr4_1x,bfs,imp,s16_dist32_addr16,l2,ddr4_1x,0.025506,0.401197,6759177.0,11471944.0,1336083.0,3528858.0,,,,1838477.0,351029.0,809468.0,stage2,0.02764,1.0836665882537442,1838477.0,351029.0,809468.0,0.1909346703820608,0.44029269879362104,0.5891919451489651,0.3786162548903923,stage2: s16_dist32_addr16
bfs_imp_stage2_s16_dist32_addr16_l2_ddr4_2x,bfs,imp,s16_dist32_addr16,l2,ddr4_2x,0.021395,0.478285,6693335.0,11401031.0,1329670.0,3529114.0,,,,1915481.0,366130.0,851751.0,stage2,0.025176,1.1767235335358728,1915481.0,366130.0,851751.0,0.19114259029455266,0.44466690089852107,0.587081554291011,0.37677162029903255,stage2: s16_dist32_addr16
bfs_imp_stage2_s16_dist8_addr16_l1d_ddr4_1x,bfs,imp,s16_dist8_addr16,l1d,ddr4_1x,0.022644,0.451899,5499207.0,11471915.0,2389038.0,6325340.0,5223342.0,440614.0,2597004.0,,,,stage2,0.02764,1.2206323971029853,5223342.0,440614.0,2597004.0,0.08435480579291955,0.49719202763288334,0.4793625998797934,0.37769321491018665,stage2: s16_dist8_addr16
bfs_imp_stage2_s16_dist8_addr16_l1d_ddr4_2x,bfs,imp,s16_dist8_addr16,l1d,ddr4_2x,0.019617,0.521622,5371033.0,11380680.0,2448923.0,6419441.0,5351311.0,454753.0,2689456.0,,,,stage2,0.025176,1.2833766630983332,5351311.0,454753.0,2689456.0,0.08497973674114624,0.5025789007590851,0.4719430649135201,0.38148539724876357,stage2: s16_dist8_addr16
bfs_imp_stage2_s16_dist8_addr16_l2_ddr4_1x,bfs,imp,s16_dist8_addr16,l2,ddr4_1x,0.025506,0.401197,6759177.0,11471944.0,1336083.0,3528858.0,,,,1838477.0,351029.0,809468.0,stage2,0.02764,1.0836665882537442,1838477.0,351029.0,809468.0,0.1909346703820608,0.44029269879362104,0.5891919451489651,0.3786162548903923,stage2: s16_dist8_addr16
bfs_imp_stage2_s16_dist8_addr16_l2_ddr4_2x,bfs,imp,s16_dist8_addr16,l2,ddr4_2x,0.021395,0.478285,6693335.0,11401031.0,1329670.0,3529114.0,,,,1915481.0,366130.0,851751.0,stage2,0.025176,1.1767235335358728,1915481.0,366130.0,851751.0,0.19114259029455266,0.44466690089852107,0.587081554291011,0.37677162029903255,stage2: s16_dist8_addr16
bfs_imp_stage2_s16_ipd16_addr16_l1d_ddr4_1x,bfs,imp,s16_ipd16_addr16,l1d,ddr4_1x,0.022644,0.451899,5499207.0,11471915.0,2389038.0,6325340.0,5223342.0,440614.0,2597004.0,,,,stage2,0.02764,1.2206323971029853,5223342.0,440614.0,2597004.0,0.08435480579291955,0.49719202763288334,0.4793625998797934,0.37769321491018665,stage2: s16_ipd16_addr16
bfs_imp_stage2_s16_ipd16_addr16_l1d_ddr4_2x,bfs,imp,s16_ipd16_addr16,l1d,ddr4_2x,0.019617,0.521622,5371033.0,11380680.0,2448923.0,6419441.0,5351311.0,454753.0,2689456.0,,,,stage2,0.025176,1.2833766630983332,5351311.0,454753.0,2689456.0,0.08497973674114624,0.5025789007590851,0.4719430649135201,0.38148539724876357,stage2: s16_ipd16_addr16
bfs_imp_stage2_s16_ipd16_addr16_l2_ddr4_1x,bfs,imp,s16_ipd16_addr16,l2,ddr4_1x,0.025506,0.401197,6759177.0,11471944.0,1336083.0,3528858.0,,,,1838477.0,351029.0,809468.0,stage2,0.02764,1.0836665882537442,1838477.0,351029.0,809468.0,0.1909346703820608,0.44029269879362104,0.5891919451489651,0.3786162548903923,stage2: s16_ipd16_addr16
bfs_imp_stage2_s16_ipd16_addr16_l2_ddr4_2x,bfs,imp,s16_ipd16_addr16,l2,ddr4_2x,0.021395,0.478285,6693335.0,11401031.0,1329670.0,3529114.0,,,,1915481.0,366130.0,851751.0,stage2,0.025176,1.1767235335358728,1915481.0,366130.0,851751.0,0.19114259029455266,0.44466690089852107,0.587081554291011,0.37677162029903255,stage2: s16_ipd16_addr16
bfs_imp_stage2_s16_ipd16_pt32_l1d_ddr4_1x,bfs,imp,s16_ipd16_pt32,l1d,ddr4_1x,0.022644,0.451899,5499207.0,11471915.0,2389038.0,6325340.0,5223342.0,440614.0,2597004.0,,,,stage2,0.02764,1.2206323971029853,5223342.0,440614.0,2597004.0,0.08435480579291955,0.49719202763288334,0.4793625998797934,0.37769321491018665,stage2: s16_ipd16_pt32
bfs_imp_stage2_s16_ipd16_pt32_l1d_ddr4_2x,bfs,imp,s16_ipd16_pt32,l1d,ddr4_2x,0.019617,0.521622,5371033.0,11380680.0,2448923.0,6419441.0,5351311.0,454753.0,2689456.0,,,,stage2,0.025176,1.2833766630983332,5351311.0,454753.0,2689456.0,0.08497973674114624,0.5025789007590851,0.4719430649135201,0.38148539724876357,stage2: s16_ipd16_pt32
bfs_imp_stage2_s16_ipd16_pt32_l2_ddr4_1x,bfs,imp,s16_ipd16_pt32,l2,ddr4_1x,0.025506,0.401197,6759177.0,11471944.0,1336083.0,3528858.0,,,,1838477.0,351029.0,809468.0,stage2,0.02764,1.0836665882537442,1838477.0,351029.0,809468.0,0.1909346703820608,0.44029269879362104,0.5891919451489651,0.3786162548903923,stage2: s16_ipd16_pt32
bfs_imp_stage2_s16_ipd16_pt32_l2_ddr4_2x,bfs,imp,s16_ipd16_pt32,l2,ddr4_2x,0.021395,0.478285,6693335.0,11401031.0,1329670.0,3529114.0,,,,1915481.0,366130.0,851751.0,stage2,0.025176,1.1767235335358728,1915481.0,366130.0,851751.0,0.19114259029455266,0.44466690089852107,0.587081554291011,0.37677162029903255,stage2: s16_ipd16_pt32
bfs_imp_stage2_s16_ipd8_addr8_l1d_ddr4_1x,bfs,imp,s16_ipd8_addr8,l1d,ddr4_1x,0.022644,0.451899,5499207.0,11471915.0,2389038.0,6325340.0,5223342.0,440614.0,2597004.0,,,,stage2,0.02764,1.2206323971029853,5223342.0,440614.0,2597004.0,0.08435480579291955,0.49719202763288334,0.4793625998797934,0.37769321491018665,stage2: s16_ipd8_addr8
bfs_imp_stage2_s16_ipd8_addr8_l1d_ddr4_2x,bfs,imp,s16_ipd8_addr8,l1d,ddr4_2x,0.019617,0.521622,5371033.0,11380680.0,2448923.0,6419441.0,5351311.0,454753.0,2689456.0,,,,stage2,0.025176,1.2833766630983332,5351311.0,454753.0,2689456.0,0.08497973674114624,0.5025789007590851,0.4719430649135201,0.38148539724876357,stage2: s16_ipd8_addr8
bfs_imp_stage2_s16_ipd8_addr8_l2_ddr4_1x,bfs,imp,s16_ipd8_addr8,l2,ddr4_1x,0.025506,0.401197,6759177.0,11471944.0,1336083.0,3528858.0,,,,1838477.0,351029.0,809468.0,stage2,0.02764,1.0836665882537442,1838477.0,351029.0,809468.0,0.1909346703820608,0.44029269879362104,0.5891919451489651,0.3786162548903923,stage2: s16_ipd8_addr8
bfs_imp_stage2_s16_ipd8_addr8_l2_ddr4_2x,bfs,imp,s16_ipd8_addr8,l2,ddr4_2x,0.021395,0.478285,6693335.0,11401031.0,1329670.0,3529114.0,,,,1915481.0,366130.0,851751.0,stage2,0.025176,1.1767235335358728,1915481.0,366130.0,851751.0,0.19114259029455266,0.44466690089852107,0.587081554291011,0.37677162029903255,stage2: s16_ipd8_addr8
bfs_imp_stage2_s16_l1d_ddr4_1x,bfs,imp,s16,l1d,ddr4_1x,0.022644,0.451899,5499207.0,11471915.0,2389038.0,6325340.0,5223342.0,440614.0,2597004.0,,,,stage2,0.02764,1.2206323971029853,5223342.0,440614.0,2597004.0,0.08435480579291955,0.49719202763288334,0.4793625998797934,0.37769321491018665,stage2: s16
bfs_imp_stage2_s16_l1d_ddr4_2x,bfs,imp,s16,l1d,ddr4_2x,0.019617,0.521622,5371033.0,11380680.0,2448923.0,6419441.0,5351311.0,454753.0,2689456.0,,,,stage2,0.025176,1.2833766630983332,5351311.0,454753.0,2689456.0,0.08497973674114624,0.5025789007590851,0.4719430649135201,0.38148539724876357,stage2: s16
bfs_imp_stage2_s16_l2_ddr4_1x,bfs,imp,s16,l2,ddr4_1x,0.025506,0.401197,6759177.0,11471944.0,1336083.0,3528858.0,,,,1838477.0,351029.0,809468.0,stage2,0.02764,1.0836665882537442,1838477.0,351029.0,809468.0,0.1909346703820608,0.44029269879362104,0.5891919451489651,0.3786162548903923,stage2: s16
bfs_imp_stage2_s16_l2_ddr4_2x,bfs,imp,s16,l2,ddr4_2x,0.021395,0.478285,6693335.0,11401031.0,1329670.0,3529114.0,,,,1915481.0,366130.0,851751.0,stage2,0.025176,1.1767235335358728,1915481.0,366130.0,851751.0,0.19114259029455266,0.44466690089852107,0.587081554291011,0.37677162029903255,stage2: s16
bfs_imp_stage2_s16_pt8_sth2_l1d_ddr4_1x,bfs,imp,s16_pt8_sth2,l1d,ddr4_1x,0.022637,0.452041,5497933.0,11472007.0,2387155.0,6321946.0,5212597.0,440317.0,2593668.0,,,,stage2,0.02764,1.221009851128683,5212597.0,440317.0,2593668.0,0.08447171342806667,0.4975769275852325,0.479247702690558,0.3775981319675935,stage2: s16_pt8_sth2
bfs_imp_stage2_s16_pt8_sth2_l1d_ddr4_2x,bfs,imp,s16_pt8_sth2,l1d,ddr4_2x,0.019612,0.521759,5371872.0,11384763.0,2443183.0,6412706.0,5347276.0,454488.0,2682826.0,,,,stage2,0.025176,1.283703854782786,5347276.0,454488.0,2682826.0,0.08499430364170467,0.5017182580439087,0.4718475035448696,0.3809909576394115,stage2: s16_pt8_sth2
bfs_imp_stage2_s16_pt8_sth2_l2_ddr4_1x,bfs,imp,s16_pt8_sth2,l2,ddr4_1x,0.025511,0.401107,6758764.0,11472868.0,1336374.0,3528819.0,,,,1841231.0,350893.0,810258.0,stage2,0.02764,1.0834541962290778,1841231.0,350893.0,810258.0,0.190575218427237,0.44006319685036804,0.5891084949290797,0.3787029031525845,stage2: s16_pt8_sth2
bfs_imp_stage2_s16_pt8_sth2_l2_ddr4_2x,bfs,imp,s16_pt8_sth2,l2,ddr4_2x,0.021377,0.478695,6692249.0,11396553.0,1329471.0,3529098.0,,,,1915207.0,366251.0,852083.0,stage2,0.025176,1.1777143659072835,1915207.0,366251.0,852083.0,0.19123311474947616,0.44490386678828975,0.5872169418244271,0.37671694013597806,stage2: s16_pt8_sth2
bfs_imp_stage2_s16_pt8_sth8_l1d_ddr4_1x,bfs,imp,s16_pt8_sth8,l1d,ddr4_1x,0.022641,0.451958,5496937.0,11474719.0,2386347.0,6328055.0,5216982.0,441350.0,2599739.0,,,,stage2,0.02764,1.2207941345346938,5216982.0,441350.0,2599739.0,0.0845987201029254,0.4983224017257487,0.47904763506627046,0.3771059195914068,stage2: s16_pt8_sth8
bfs_imp_stage2_s16_pt8_sth8_l1d_ddr4_2x,bfs,imp,s16_pt8_sth8,l1d,ddr4_2x,0.019608,0.521862,5369239.0,11382170.0,2443558.0,6413705.0,5346093.0,455370.0,2683458.0,,,,stage2,0.025176,1.2839657282741739,5346093.0,455370.0,2683458.0,0.08517809173914483,0.5019474969851815,0.47172366956388806,0.3809900829551718,stage2: s16_pt8_sth8
bfs_imp_stage2_s16_pt8_sth8_l2_ddr4_1x,bfs,imp,s16_pt8_sth8,l2,ddr4_1x,0.025505,0.401207,6760531.0,11475077.0,1335441.0,3528847.0,,,,1839532.0,351612.0,809055.0,stage2,0.02764,1.083709076651637,1839532.0,351612.0,809055.0,0.1911420948371651,0.43981567050749865,0.5891490749909565,0.37843550598821657,stage2: s16_pt8_sth8
bfs_imp_stage2_s16_pt8_sth8_l2_ddr4_2x,bfs,imp,s16_pt8_sth8,l2,ddr4_2x,0.021381,0.478599,6693704.0,11398836.0,1329362.0,3529119.0,,,,1911316.0,366021.0,850260.0,stage2,0.025176,1.1774940367616107,1911316.0,366021.0,850260.0,0.1915020854740922,0.4448557956926013,0.5872269765088295,0.3766838125889209,stage2: s16_pt8_sth8
bfs_imp_stage2_s16_sth2_l1d_ddr4_1x,bfs,imp,s16_sth2,l1d,ddr4_1x,0.022635,0.452081,5501676.0,11472491.0,2388423.0,6323158.0,5216034.0,439733.0,2594898.0,,,,stage2,0.02764,1.2211177380163465,5216034.0,439733.0,2594898.0,0.08430409004235785,0.4974848706891098,0.4795537429491119,0.3777262880351875,stage2: s16_sth2
bfs_imp_stage2_s16_sth2_l1d_ddr4_2x,bfs,imp,s16_sth2,l1d,ddr4_2x,0.019611,0.521793,5374334.0,11381679.0,2444855.0,6417484.0,5354997.0,454997.0,2687429.0,,,,stage2,0.025176,1.2837693131405843,5354997.0,454997.0,2687429.0,0.08496680763780073,0.5018544361462761,0.4721916687335849,0.38096783723964095,stage2: s16_sth2
bfs_imp_stage2_s16_sth2_l2_ddr4_1x,bfs,imp,s16_sth2,l2,ddr4_1x,0.025508,0.401164,6758291.0,11473082.0,1336217.0,3528833.0,,,,1842437.0,351214.0,810728.0,stage2,0.02764,1.0835816214520935,1842437.0,351214.0,810728.0,0.19062469978620708,0.4400302425537481,0.5890562797337281,0.37865691008897273,stage2: s16_sth2
bfs_imp_stage2_s16_sth2_l2_ddr4_2x,bfs,imp,s16_sth2,l2,ddr4_2x,0.021395,0.478279,6692730.0,11400170.0,1329785.0,3529210.0,,,,1916117.0,366278.0,852497.0,stage2,0.025176,1.1767235335358728,1916117.0,366278.0,852497.0,0.19115638554430653,0.4449086355373915,0.5870728243526193,0.37679395672119254,stage2: s16_sth2
bfs_imp_stage2_s16_sth8_l1d_ddr4_1x,bfs,imp,s16_sth8,l1d,ddr4_1x,0.022635,0.452074,5497076.0,11469485.0,2386651.0,6325372.0,5222776.0,440969.0,2596783.0,,,,stage2,0.02764,1.2211177380163465,5222776.0,440969.0,2596783.0,0.08443191896416771,0.4972035944103289,0.47927836341387603,0.37731393505393834,stage2: s16_sth8
bfs_imp_stage2_s16_sth8_l1d_ddr4_2x,bfs,imp,s16_sth8,l1d,ddr4_2x,0.019613,0.521747,5369762.0,11385059.0,2444096.0,6414533.0,5352001.0,455097.0,2684610.0,,,,stage2,0.025176,1.2836384030999848,5352001.0,455097.0,2684610.0,0.08503305586078927,0.5016086506710294,0.47164990537159274,0.381024776082686,stage2: s16_sth8
bfs_imp_stage2_s16_sth8_l2_ddr4_1x,bfs,imp,s16_sth8,l2,ddr4_1x,0.025511,0.401112,6758269.0,11470455.0,1335725.0,3528830.0,,,,1839800.0,351262.0,809434.0,stage2,0.02764,1.0834541962290778,1839800.0,351262.0,809434.0,0.19092401347972607,0.4399576040874008,0.5891892693009998,0.3785178090188533,stage2: s16_sth8
bfs_imp_stage2_s16_sth8_l2_ddr4_2x,bfs,imp,s16_sth8,l2,ddr4_2x,0.021381,0.478589,6693814.0,11398816.0,1329401.0,3529139.0,,,,1911735.0,366024.0,850382.0,stage2,0.025176,1.1774940367616107,1911735.0,366024.0,850382.0,0.1914616827123006,0.44482211185127646,0.5872376569636706,0.3766927287363858,stage2: s16_sth8
bfs_imp_stage2_s2_l1d_ddr4_1x,bfs,imp,s2,l1d,ddr4_1x,0.024156,0.423617,6755365.0,11529760.0,1928634.0,5433207.0,4548979.0,194551.0,1766208.0,,,,stage2,0.02764,1.1442291770160622,4548979.0,194551.0,1766208.0,0.0427680585027981,0.388264707311245,0.5859068185287465,0.354971566516792,stage2: s2
bfs_imp_stage2_s2_l1d_ddr4_2x,bfs,imp,s2,l1d,ddr4_2x,0.021552,0.474787,6587143.0,11426245.0,1929813.0,5434178.0,4473156.0,201698.0,1766786.0,,,,stage2,0.025176,1.1681514476614698,4473156.0,201698.0,1766786.0,0.04509075918657878,0.3949752702566152,0.5764923647269947,0.3551250989570088,stage2: s2
bfs_imp_stage2_s2_l2_ddr4_1x,bfs,imp,s2,l2,ddr4_1x,0.025941,0.39447,7270230.0,11495059.0,1385780.0,3528921.0,,,,885485.0,183571.0,294030.0,stage2,0.02764,1.0654947766084577,885485.0,183571.0,294030.0,0.20731124750842758,0.3320553143192714,0.6324656532863381,0.39269227052688344,stage2: s2
bfs_imp_stage2_s2_l2_ddr4_2x,bfs,imp,s2,l2,ddr4_2x,0.022705,0.450681,7130514.0,11405560.0,1384932.0,3528960.0,,,,886919.0,184508.0,294294.0,stage2,0.025176,1.1088306540409603,886919.0,184508.0,294294.0,0.20803252608186318,0.3318160959456275,0.6251787724583449,0.392447633297062,stage2: s2
bfs_imp_stage2_s2_sth2_l1d_ddr4_1x,bfs,imp,s2_sth2,l1d,ddr4_1x,0.024165,0.423461,6749820.0,11530814.0,1929832.0,5433794.0,4549338.0,194954.0,1766697.0,,,,stage2,0.02764,1.143803020897993,4549338.0,194954.0,1766697.0,0.04285326788205229,0.388341556507782,0.5853723770065149,0.3551536918771672,stage2: s2_sth2
bfs_imp_stage2_s2_sth2_l1d_ddr4_2x,bfs,imp,s2_sth2,l1d,ddr4_2x,0.021561,0.474603,6584914.0,11426853.0,1929584.0,5432259.0,4470594.0,201947.0,1764896.0,,,,stage2,0.025176,1.1676638374843467,4470594.0,201947.0,1764896.0,0.04517229701466964,0.3947788593641024,0.5762666238902346,0.35520839488691536,stage2: s2_sth2
bfs_imp_stage2_s2_sth2_l2_ddr4_1x,bfs,imp,s2_sth2,l2,ddr4_1x,0.025932,0.394603,7268807.0,11495463.0,1385410.0,3528941.0,,,,884795.0,183918.0,294036.0,stage2,0.02764,1.0658645688724357,884795.0,183918.0,294036.0,0.20786509869517797,0.3323210461180273,0.6323196377562174,0.39258519765561395,stage2: s2_sth2
bfs_imp_stage2_s2_sth2_l2_ddr4_2x,bfs,imp,s2_sth2,l2,ddr4_2x,0.022708,0.450634,7132984.0,11407237.0,1385062.0,3528982.0,,,,887359.0,184394.0,294219.0,stage2,0.025176,1.1086841641712173,887359.0,184394.0,294219.0,0.20780090132629522,0.33156704332744696,0.6253033929250352,0.39248202456119075,stage2: s2_sth2
bfs_imp_stage2_s2_sth8_l1d_ddr4_1x,bfs,imp,s2_sth8,l1d,ddr4_1x,0.024157,0.423591,6752750.0,11528922.0,1929548.0,5432914.0,4549495.0,194453.0,1765966.0,,,,stage2,0.02764,1.1441818106552966,4549495.0,194453.0,1765966.0,0.04274166693226391,0.388167477928869,0.5857225853379874,0.3551589441688199,stage2: s2_sth8
bfs_imp_stage2_s2_sth8_l1d_ddr4_2x,bfs,imp,s2_sth8,l1d,ddr4_2x,0.021558,0.474676,6588572.0,11427668.0,1928773.0,5432996.0,4471888.0,201784.0,1765712.0,,,,stage2,0.025176,1.167826328973003,4471888.0,201784.0,1765712.0,0.04512277588347472,0.3948470981384149,0.5765456259317299,0.35501093687534463,stage2: s2_sth8
bfs_imp_stage2_s2_sth8_l2_ddr4_1x,bfs,imp,s2_sth8,l2,ddr4_1x,0.025938,0.394519,7272850.0,11497578.0,1385973.0,3528914.0,,,,885475.0,183347.0,293961.0,stage2,0.02764,1.0656180121828978,885475.0,183347.0,293961.0,0.20706061718286795,0.3319811400660662,0.6325549607056373,0.3927477405230051,stage2: s2_sth8
bfs_imp_stage2_s2_sth8_l2_ddr4_2x,bfs,imp,s2_sth8,l2,ddr4_2x,0.022711,0.450571,7132969.0,11406106.0,1385148.0,3528980.0,,,,887045.0,184271.0,293901.0,stage2,0.025176,1.1085377130025098,887045.0,184271.0,293901.0,0.20773579694378527,0.33132591920364807,0.6253640813087306,0.3925066166427693,stage2: s2_sth8
bfs_imp_stage2_s8_dist32_addr8_l1d_ddr4_1x,bfs,imp,s8_dist32_addr8,l1d,ddr4_1x,0.022859,0.447644,5763687.0,11494089.0,2241663.0,6196945.0,5157984.0,403198.0,2480070.0,,,,stage2,0.02764,1.209151756419791,5157984.0,403198.0,2480070.0,0.07816968800213417,0.4808215768020994,0.501447918142969,0.36173679127376474,stage2: s8_dist32_addr8
bfs_imp_stage2_s8_dist32_addr8_l1d_ddr4_2x,bfs,imp,s8_dist32_addr8,l1d,ddr4_2x,0.020049,0.510379,5621790.0,11403292.0,2289053.0,6257577.0,5230504.0,416196.0,2540129.0,,,,stage2,0.025176,1.2557234774801735,5230504.0,416196.0,2540129.0,0.07957091706650067,0.48563752173786695,0.4929971099573702,0.3658050072735821,stage2: s8_dist32_addr8
bfs_imp_stage2_s8_dist32_addr8_l2_ddr4_1x,bfs,imp,s8_dist32_addr8,l2,ddr4_1x,0.025632,0.399223,6894129.0,11476841.0,1335439.0,3529084.0,,,,1576449.0,315982.0,627778.0,stage2,0.02764,1.078339575530587,1576449.0,315982.0,627778.0,0.20043908810243782,0.398222841335178,0.6006991819438816,0.3784095249645517,stage2: s8_dist32_addr8
bfs_imp_stage2_s8_dist32_addr8_l2_ddr4_2x,bfs,imp,s8_dist32_addr8,l2,ddr4_2x,0.021718,0.471162,6810078.0,11402903.0,1330301.0,3529295.0,,,,1620036.0,325093.0,650691.0,stage2,0.025176,1.1592227645271203,1620036.0,325093.0,650691.0,0.20067023201953538,0.4016521855069887,0.5972231807987843,0.3769310868034551,stage2: s8_dist32_addr8
bfs_imp_stage2_s8_dist8_addr8_l1d_ddr4_1x,bfs,imp,s8_dist8_addr8,l1d,ddr4_1x,0.022859,0.447644,5763687.0,11494089.0,2241663.0,6196945.0,5157984.0,403198.0,2480070.0,,,,stage2,0.02764,1.209151756419791,5157984.0,403198.0,2480070.0,0.07816968800213417,0.4808215768020994,0.501447918142969,0.36173679127376474,stage2: s8_dist8_addr8
bfs_imp_stage2_s8_dist8_addr8_l1d_ddr4_2x,bfs,imp,s8_dist8_addr8,l1d,ddr4_2x,0.020049,0.510379,5621790.0,11403292.0,2289053.0,6257577.0,5230504.0,416196.0,2540129.0,,,,stage2,0.025176,1.2557234774801735,5230504.0,416196.0,2540129.0,0.07957091706650067,0.48563752173786695,0.4929971099573702,0.3658050072735821,stage2: s8_dist8_addr8
bfs_imp_stage2_s8_dist8_addr8_l2_ddr4_1x,bfs,imp,s8_dist8_addr8,l2,ddr4_1x,0.025632,0.399223,6894129.0,11476841.0,1335439.0,3529084.0,,,,1576449.0,315982.0,627778.0,stage2,0.02764,1.078339575530587,1576449.0,315982.0,627778.0,0.20043908810243782,0.398222841335178,0.6006991819438816,0.3784095249645517,stage2: s8_dist8_addr8
bfs_imp_stage2_s8_dist8_addr8_l2_ddr4_2x,bfs,imp,s8_dist8_addr8,l2,ddr4_2x,0.021718,0.471162,6810078.0,11402903.0,1330301.0,3529295.0,,,,1620036.0,325093.0,650691.0,stage2,0.025176,1.1592227645271203,1620036.0,325093.0,650691.0,0.20067023201953538,0.4016521855069887,0.5972231807987843,0.3769310868034551,stage2: s8_dist8_addr8
bfs_imp_stage2_s8_ipd16_addr16_l1d_ddr4_1x,bfs,imp,s8_ipd16_addr16,l1d,ddr4_1x,0.022859,0.447644,5763687.0,11494089.0,2241663.0,6196945.0,5157984.0,403198.0,2480070.0,,,,stage2,0.02764,1.209151756419791,5157984.0,403198.0,2480070.0,0.07816968800213417,0.4808215768020994,0.501447918142969,0.36173679127376474,stage2: s8_ipd16_addr16
bfs_imp_stage2_s8_ipd16_addr16_l1d_ddr4_2x,bfs,imp,s8_ipd16_addr16,l1d,ddr4_2x,0.020049,0.510379,5621790.0,11403292.0,2289053.0,6257577.0,5230504.0,416196.0,2540129.0,,,,stage2,0.025176,1.2557234774801735,5230504.0,416196.0,2540129.0,0.07957091706650067,0.48563752173786695,0.4929971099573702,0.3658050072735821,stage2: s8_ipd16_addr16
bfs_imp_stage2_s8_ipd16_addr16_l2_ddr4_1x,bfs,imp,s8_ipd16_addr16,l2,ddr4_1x,0.025632,0.399223,6894129.0,11476841.0,1335439.0,3529084.0,,,,1576449.0,315982.0,627778.0,stage2,0.02764,1.078339575530587,1576449.0,315982.0,627778.0,0.20043908810243782,0.398222841335178,0.6006991819438816,0.3784095249645517,stage2: s8_ipd16_addr16
bfs_imp_stage2_s8_ipd16_addr16_l2_ddr4_2x,bfs,imp,s8_ipd16_addr16,l2,ddr4_2x,0.021718,0.471162,6810078.0,11402903.0,1330301.0,3529295.0,,,,1620036.0,325093.0,650691.0,stage2,0.025176,1.1592227645271203,1620036.0,325093.0,650691.0,0.20067023201953538,0.4016521855069887,0.5972231807987843,0.3769310868034551,stage2: s8_ipd16_addr16
bfs_imp_stage2_s8_ipd16_pt32_l1d_ddr4_1x,bfs,imp,s8_ipd16_pt32,l1d,ddr4_1x,0.022859,0.447644,5763687.0,11494089.0,2241663.0,6196945.0,5157984.0,403198.0,2480070.0,,,,stage2,0.02764,1.209151756419791,5157984.0,403198.0,2480070.0,0.07816968800213417,0.4808215768020994,0.501447918142969,0.36173679127376474,stage2: s8_ipd16_pt32
bfs_imp_stage2_s8_ipd16_pt32_l1d_ddr4_2x,bfs,imp,s8_ipd16_pt32,l1d,ddr4_2x,0.020049,0.510379,5621790.0,11403292.0,2289053.0,6257577.0,5230504.0,416196.0,2540129.0,,,,stage2,0.025176,1.2557234774801735,5230504.0,416196.0,2540129.0,0.07957091706650067,0.48563752173786695,0.4929971099573702,0.3658050072735821,stage2: s8_ipd16_pt32
bfs_imp_stage2_s8_ipd16_pt32_l2_ddr4_1x,bfs,imp,s8_ipd16_pt32,l2,ddr4_1x,0.025632,0.399223,6894129.0,11476841.0,1335439.0,3529084.0,,,,1576449.0,315982.0,627778.0,stage2,0.02764,1.078339575530587,1576449.0,315982.0,627778.0,0.20043908810243782,0.398222841335178,0.6006991819438816,0.3784095249645517,stage2: s8_ipd16_pt32
bfs_imp_stage2_s8_ipd16_pt32_l2_ddr4_2x,bfs,imp,s8_ipd16_pt32,l2,ddr4_2x,0.021718,0.471162,6810078.0,11402903.0,1330301.0,3529295.0,,,,1620036.0,325093.0,650691.0,stage2,0.025176,1.1592227645271203,1620036.0,325093.0,650691.0,0.20067023201953538,0.4016521855069887,0.5972231807987843,0.3769310868034551,stage2: s8_ipd16_pt32
bfs_imp_stage2_s8_ipd8_addr8_l1d_ddr4_1x,bfs,imp,s8_ipd8_addr8,l1d,ddr4_1x,0.022859,0.447644,5763687.0,11494089.0,2241663.0,6196945.0,5157984.0,403198.0,2480070.0,,,,stage2,0.02764,1.209151756419791,5157984.0,403198.0,2480070.0,0.07816968800213417,0.4808215768020994,0.501447918142969,0.36173679127376474,stage2: s8_ipd8_addr8
bfs_imp_stage2_s8_ipd8_addr8_l1d_ddr4_2x,bfs,imp,s8_ipd8_addr8,l1d,ddr4_2x,0.020049,0.510379,5621790.0,11403292.0,2289053.0,6257577.0,5230504.0,416196.0,2540129.0,,,,stage2,0.025176,1.2557234774801735,5230504.0,416196.0,2540129.0,0.07957091706650067,0.48563752173786695,0.4929971099573702,0.3658050072735821,stage2: s8_ipd8_addr8
bfs_imp_stage2_s8_ipd8_addr8_l2_ddr4_1x,bfs,imp,s8_ipd8_addr8,l2,ddr4_1x,0.025632,0.399223,6894129.0,11476841.0,1335439.0,3529084.0,,,,1576449.0,315982.0,627778.0,stage2,0.02764,1.078339575530587,1576449.0,315982.0,627778.0,0.20043908810243782,0.398222841335178,0.6006991819438816,0.3784095249645517,stage2: s8_ipd8_addr8
bfs_imp_stage2_s8_ipd8_addr8_l2_ddr4_2x,bfs,imp,s8_ipd8_addr8,l2,ddr4_2x,0.021718,0.471162,6810078.0,11402903.0,1330301.0,3529295.0,,,,1620036.0,325093.0,650691.0,stage2,0.025176,1.1592227645271203,1620036.0,325093.0,650691.0,0.20067023201953538,0.4016521855069887,0.5972231807987843,0.3769310868034551,stage2: s8_ipd8_addr8
bfs_imp_stage2_s8_l1d_ddr4_1x,bfs,imp,s8,l1d,ddr4_1x,0.022859,0.447644,5763687.0,11494089.0,2241663.0,6196945.0,5157984.0,403198.0,2480070.0,,,,stage2,0.02764,1.209151756419791,5157984.0,403198.0,2480070.0,0.07816968800213417,0.4808215768020994,0.501447918142969,0.36173679127376474,stage2: s8
bfs_imp_stage2_s8_l1d_ddr4_2x,bfs,imp,s8,l1d,ddr4_2x,0.020049,0.510379,5621790.0,11403292.0,2289053.0,6257577.0,5230504.0,416196.0,2540129.0,,,,stage2,0.025176,1.2557234774801735,5230504.0,416196.0,2540129.0,0.07957091706650067,0.48563752173786695,0.4929971099573702,0.3658050072735821,stage2: s8
bfs_imp_stage2_s8_l2_ddr4_1x,bfs,imp,s8,l2,ddr4_1x,0.025632,0.399223,6894129.0,11476841.0,1335439.0,3529084.0,,,,1576449.0,315982.0,627778.0,stage2,0.02764,1.078339575530587,1576449.0,315982.0,627778.0,0.20043908810243782,0.398222841335178,0.6006991819438816,0.3784095249645517,stage2: s8
bfs_imp_stage2_s8_l2_ddr4_2x,bfs,imp,s8,l2,ddr4_2x,0.021718,0.471162,6810078.0,11402903.0,1330301.0,3529295.0,,,,1620036.0,325093.0,650691.0,stage2,0.025176,1.1592227645271203,1620036.0,325093.0,650691.0,0.20067023201953538,0.4016521855069887,0.5972231807987843,0.3769310868034551,stage2: s8
bfs_imp_stage2_s8_pt8_sth2_l1d_ddr4_1x,bfs,imp,s8_pt8_sth2,l1d,ddr4_1x,0.022841,0.448001,5759421.0,11493193.0,2242017.0,6193354.0,5155890.0,403565.0,2476489.0,,,,stage2,0.02764,1.2101046363994572,5155890.0,403565.0,2476489.0,0.0782726163669124,0.48032231098801564,0.5011158343899733,0.36200368976163805,stage2: s8_pt8_sth2
bfs_imp_stage2_s8_pt8_sth2_l1d_ddr4_2x,bfs,imp,s8_pt8_sth2,l1d,ddr4_2x,0.020042,0.510558,5623887.0,11401489.0,2290115.0,6259958.0,5232922.0,415771.0,2542598.0,,,,stage2,0.025176,1.2561620596746832,5232922.0,415771.0,2542598.0,0.07945293279739311,0.4858849415297992,0.493258994505016,0.36583552158017674,stage2: s8_pt8_sth2
bfs_imp_stage2_s8_pt8_sth2_l2_ddr4_1x,bfs,imp,s8_pt8_sth2,l2,ddr4_1x,0.025624,0.399348,6894697.0,11477649.0,1335112.0,3529015.0,,,,1576615.0,316344.0,627844.0,stage2,0.02764,1.07867624102404,1576615.0,316344.0,627844.0,0.20064758993159396,0.39822277474208984,0.6007063815943492,0.37832426328593105,stage2: s8_pt8_sth2
bfs_imp_stage2_s8_pt8_sth2_l2_ddr4_2x,bfs,imp,s8_pt8_sth2,l2,ddr4_2x,0.021719,0.471156,6809346.0,11404707.0,1330075.0,3529303.0,,,,1619424.0,325158.0,650936.0,stage2,0.025176,1.1591693908559326,1619424.0,325158.0,650936.0,0.20078620546564704,0.40195526310589447,0.5970645278304826,0.3768661970933071,stage2: s8_pt8_sth2
bfs_imp_stage2_s8_pt8_sth8_l1d_ddr4_1x,bfs,imp,s8_pt8_sth8,l1d,ddr4_1x,0.022835,0.448118,5760410.0,11496519.0,2239185.0,6192751.0,5148645.0,403857.0,2476201.0,,,,stage2,0.02764,1.2104225968907378,5148645.0,403857.0,2476201.0,0.0784394729098627,0.4809422673344152,0.5010568851319256,0.36158162987660897,stage2: s8_pt8_sth8
bfs_imp_stage2_s8_pt8_sth8_l1d_ddr4_2x,bfs,imp,s8_pt8_sth8,l1d,ddr4_2x,0.020056,0.510214,5624919.0,11405539.0,2289437.0,6255864.0,5222202.0,415265.0,2538349.0,,,,stage2,0.025176,1.2552852014359792,5222202.0,415265.0,2538349.0,0.07951913771240561,0.48606871201075713,0.49317432521163623,0.36596655553893115,stage2: s8_pt8_sth8
bfs_imp_stage2_s8_pt8_sth8_l2_ddr4_1x,bfs,imp,s8_pt8_sth8,l2,ddr4_1x,0.025611,0.399552,6894638.0,11474629.0,1335196.0,3529043.0,,,,1573426.0,316042.0,627259.0,stage2,0.02764,1.0792237710358832,1573426.0,316042.0,627259.0,0.20086232209204627,0.39865808751094745,0.6008593393302738,0.3783450640867793,stage2: s8_pt8_sth8
bfs_imp_stage2_s8_pt8_sth8_l2_ddr4_2x,bfs,imp,s8_pt8_sth8,l2,ddr4_2x,0.021719,0.471155,6810118.0,11400971.0,1330714.0,3529327.0,,,,1619092.0,324746.0,651000.0,stage2,0.025176,1.1591693908559326,1619092.0,324746.0,651000.0,0.20057291370718897,0.4020772136481435,0.5973278942644447,0.37704468868994,stage2: s8_pt8_sth8
bfs_imp_stage2_s8_sth2_l1d_ddr4_1x,bfs,imp,s8_sth2,l1d,ddr4_1x,0.022837,0.44809,5766957.0,11494808.0,2239317.0,6196912.0,5156325.0,403667.0,2479962.0,,,,stage2,0.02764,1.2103165914962561,5156325.0,403667.0,2479962.0,0.07828579463086598,0.4809553315588137,0.5017010288471108,0.3613601419545735,stage2: s8_sth2
bfs_imp_stage2_s8_sth2_l1d_ddr4_2x,bfs,imp,s8_sth2,l1d,ddr4_2x,0.020051,0.510336,5622312.0,11404270.0,2290820.0,6256608.0,5226768.0,415772.0,2539345.0,,,,stage2,0.025176,1.255598224527455,5226768.0,415772.0,2539345.0,0.07954667205431731,0.4858346496343438,0.49300060415967,0.3661440831837315,stage2: s8_sth2
bfs_imp_stage2_s8_sth2_l2_ddr4_1x,bfs,imp,s8_sth2,l2,ddr4_1x,0.025624,0.399341,6894385.0,11476910.0,1335532.0,3529016.0,,,,1576594.0,316137.0,628224.0,stage2,0.02764,1.07867624102404,1576594.0,316137.0,628224.0,0.20051896683610365,0.3984691049185776,0.600717876153076,0.3784431694273985,stage2: s8_sth2
bfs_imp_stage2_s8_sth2_l2_ddr4_2x,bfs,imp,s8_sth2,l2,ddr4_2x,0.021726,0.470984,6811340.0,11403392.0,1330423.0,3529294.0,,,,1619415.0,325022.0,651302.0,stage2,0.025176,1.1587959127312897,1619415.0,325022.0,651302.0,0.2007033404037878,0.40218350453713225,0.5973082395132957,0.37696576142423954,stage2: s8_sth2
bfs_imp_stage2_s8_sth8_l1d_ddr4_1x,bfs,imp,s8_sth8,l1d,ddr4_1x,0.022853,0.447768,5770550.0,11494216.0,2242038.0,6206618.0,5168989.0,403101.0,2489577.0,,,,stage2,0.02764,1.2094692162954537,5168989.0,403101.0,2489577.0,0.07798449561413266,0.48163712478397613,0.5020394605425894,0.36123344468758994,stage2: s8_sth8
bfs_imp_stage2_s8_sth8_l1d_ddr4_2x,bfs,imp,s8_sth8,l1d,ddr4_2x,0.020049,0.510387,5623382.0,11403457.0,2289388.0,6257616.0,5233166.0,416512.0,2540143.0,,,,stage2,0.025176,1.2557234774801735,5233166.0,416512.0,2540143.0,0.07959082513338961,0.48539316352663,0.49312958342369334,0.36585626219314193,stage2: s8_sth8
bfs_imp_stage2_s8_sth8_l2_ddr4_1x,bfs,imp,s8_sth8,l2,ddr4_1x,0.025605,0.399643,6895288.0,11475766.0,1335351.0,3529015.0,,,,1572847.0,316077.0,626873.0,stage2,0.02764,1.0794766647139231,1572847.0,316077.0,626873.0,0.20095851662621983,0.3985594275857728,0.6008564482754354,0.37839198756593556,stage2: s8_sth8
bfs_imp_stage2_s8_sth8_l2_ddr4_2x,bfs,imp,s8_sth8,l2,ddr4_2x,0.021711,0.471323,6810922.0,11407336.0,1330828.0,3529274.0,,,,1619686.0,324438.0,651171.0,stage2,0.025176,1.159596517894155,1619686.0,324438.0,651171.0,0.2003091957330001,0.40203533277437725,0.5970650816281733,0.37708265212618797,stage2: s8_sth8
matmult_imp_stage2_aggr_s16_sth2_d32_ipd16_addr16_l1d_ddr4_1x,matmult,imp,aggr_s16_sth2_d32_ipd16_addr16,l1d,ddr4_1x,0.001212,2.031764,1146579.0,2138559.0,5476.0,1081616.0,31746.0,3611.0,4317.0,,,,stage2,0.001279,1.0552805280528053,31746.0,3611.0,4317.0,0.11374661374661375,0.13598563598563598,0.5361456008461772,0.005062794929069097,stage2: aggr_s16_sth2_d32_ipd16_addr16
matmult_imp_stage2_aggr_s16_sth2_d32_ipd16_addr16_l1d_ddr4_2x,matmult,imp,aggr_s16_sth2_d32_ipd16_addr16,l1d,ddr4_2x,0.001221,2.01746,1150477.0,2139319.0,5380.0,1082013.0,30522.0,3567.0,4212.0,,,,stage2,0.001298,1.0630630630630629,30522.0,3567.0,4212.0,0.11686652250835462,0.13799882052290152,0.5377772085415966,0.004972213827375457,stage2: aggr_s16_sth2_d32_ipd16_addr16
matmult_imp_stage2_aggr_s16_sth2_d32_ipd16_addr16_l2_ddr4_1x,matmult,imp,aggr_s16_sth2_d32_ipd16_addr16,l2,ddr4_1x,0.001226,2.009314,1158574.0,2138832.0,1945.0,1078071.0,,,,6685.0,3487.0,20.0,stage2,0.001279,1.0432300163132135,6685.0,3487.0,20.0,0.5216155572176514,0.0029917726252804786,0.5416853684627871,0.0018041483353137223,stage2: aggr_s16_sth2_d32_ipd16_addr16
matmult_imp_stage2_aggr_s16_sth2_d32_ipd16_addr16_l2_ddr4_2x,matmult,imp,aggr_s16_sth2_d32_ipd16_addr16,l2,ddr4_2x,0.001216,2.026399,1158301.0,2138328.0,1908.0,1077294.0,,,,6485.0,3502.0,10.0,stage2,0.001298,1.0674342105263157,6485.0,3502.0,10.0,0.5400154202004626,0.0015420200462606013,0.5416853728707663,0.0017711042668018201,stage2: aggr_s16_sth2_d32_ipd16_addr16
matmult_imp_stage2_aggr_s16_sth2_d32_ipd16_l1d_ddr4_1x,matmult,imp,aggr_s16_sth2_d32_ipd16,l1d,ddr4_1x,0.001212,2.031764,1146579.0,2138559.0,5476.0,1081616.0,31746.0,3611.0,4317.0,,,,stage2,0.001279,1.0552805280528053,31746.0,3611.0,4317.0,0.11374661374661375,0.13598563598563598,0.5361456008461772,0.005062794929069097,stage2: aggr_s16_sth2_d32_ipd16
matmult_imp_stage2_aggr_s16_sth2_d32_ipd16_l1d_ddr4_2x,matmult,imp,aggr_s16_sth2_d32_ipd16,l1d,ddr4_2x,0.001221,2.01746,1150477.0,2139319.0,5380.0,1082013.0,30522.0,3567.0,4212.0,,,,stage2,0.001298,1.0630630630630629,30522.0,3567.0,4212.0,0.11686652250835462,0.13799882052290152,0.5377772085415966,0.004972213827375457,stage2: aggr_s16_sth2_d32_ipd16
matmult_imp_stage2_aggr_s16_sth2_d32_ipd16_l2_ddr4_1x,matmult,imp,aggr_s16_sth2_d32_ipd16,l2,ddr4_1x,0.001226,2.009314,1158574.0,2138832.0,1945.0,1078071.0,,,,6685.0,3487.0,20.0,stage2,0.001279,1.0432300163132135,6685.0,3487.0,20.0,0.5216155572176514,0.0029917726252804786,0.5416853684627871,0.0018041483353137223,stage2: aggr_s16_sth2_d32_ipd16
matmult_imp_stage2_aggr_s16_sth2_d32_ipd16_l2_ddr4_2x,matmult,imp,aggr_s16_sth2_d32_ipd16,l2,ddr4_2x,0.001216,2.026399,1158301.0,2138328.0,1908.0,1077294.0,,,,6485.0,3502.0,10.0,stage2,0.001298,1.0674342105263157,6485.0,3502.0,10.0,0.5400154202004626,0.0015420200462606013,0.5416853728707663,0.0017711042668018201,stage2: aggr_s16_sth2_d32_ipd16
matmult_imp_stage2_cons_s2_sth8_pt8_l1d_ddr4_1x,matmult,imp,cons_s2_sth8_pt8,l1d,ddr4_1x,0.001273,1.934996,1152901.0,2139077.0,5469.0,1085366.0,59042.0,3625.0,7203.0,,,,stage2,0.001279,1.00471327572663,59042.0,3625.0,7203.0,0.06139697164730192,0.12199789980014226,0.5389712478793424,0.005038853253188326,stage2: cons_s2_sth8_pt8
matmult_imp_stage2_cons_s2_sth8_pt8_l1d_ddr4_2x,matmult,imp,cons_s2_sth8_pt8,l1d,ddr4_2x,0.001283,1.919892,1154531.0,2137814.0,5350.0,1084018.0,64569.0,3719.0,6783.0,,,,stage2,0.001298,1.0116913484021823,64569.0,3719.0,6783.0,0.05759729901345847,0.1050504111880314,0.5400521280148788,0.004935342402063434,stage2: cons_s2_sth8_pt8
matmult_imp_stage2_cons_s2_sth8_pt8_l2_ddr4_1x,matmult,imp,cons_s2_sth8_pt8,l2,ddr4_1x,0.001258,1.957996,1158876.0,2139320.0,3531.0,1078165.0,,,,5187.0,1886.0,3.0,stage2,0.001279,1.0166931637519872,5187.0,1886.0,3.0,0.36360131096973203,0.000578368999421631,0.541702971037526,0.0032750089272050196,stage2: cons_s2_sth8_pt8
matmult_imp_stage2_cons_s2_sth8_pt8_l2_ddr4_2x,matmult,imp,cons_s2_sth8_pt8,l2,ddr4_2x,0.001248,1.97336,1160146.0,2139733.0,3361.0,1078396.0,,,,4881.0,2016.0,3.0,stage2,0.001298,1.0400641025641024,4881.0,2016.0,3.0,0.4130301167793485,0.0006146281499692685,0.5421919463783565,0.003116665863003943,stage2: cons_s2_sth8_pt8
matmult_imp_stage2_cons_s8_sth8_pt8_ipd8_l1d_ddr4_1x,matmult,imp,cons_s8_sth8_pt8_ipd8,l1d,ddr4_1x,0.001221,2.017267,1148949.0,2137730.0,5458.0,1082773.0,36599.0,4235.0,5421.0,,,,stage2,0.001279,1.0475020475020473,36599.0,4235.0,5421.0,0.11571354408590398,0.14811880106013825,0.5374621678135219,0.0050407610828862555,stage2: cons_s8_sth8_pt8_ipd8
matmult_imp_stage2_cons_s8_sth8_pt8_ipd8_l1d_ddr4_2x,matmult,imp,cons_s8_sth8_pt8_ipd8,l1d,ddr4_2x,0.001229,2.004692,1150474.0,2138832.0,5360.0,1083826.0,37152.0,3983.0,6123.0,,,,stage2,0.001298,1.0561432058584213,37152.0,3983.0,6123.0,0.107208225667528,0.1648094315245478,0.537898254748386,0.004945443272259569,stage2: cons_s8_sth8_pt8_ipd8
matmult_imp_stage2_cons_s8_sth8_pt8_ipd8_l2_ddr4_1x,matmult,imp,cons_s8_sth8_pt8_ipd8,l2,ddr4_1x,0.001252,1.968385,1159156.0,2139141.0,2196.0,1078284.0,,,,5948.0,3189.0,12.0,stage2,0.001279,1.0215654952076676,5948.0,3189.0,12.0,0.5361466039004708,0.0020174848688634837,0.5418791935641456,0.0020365692155313443,stage2: cons_s8_sth8_pt8_ipd8
matmult_imp_stage2_cons_s8_sth8_pt8_ipd8_l2_ddr4_2x,matmult,imp,cons_s8_sth8_pt8_ipd8,l2,ddr4_2x,0.001229,2.003925,1159033.0,2138698.0,2188.0,1077652.0,,,,6131.0,3198.0,4.0,stage2,0.001298,1.0561432058584213,6131.0,3198.0,4.0,0.5216114826292612,0.0006524221171097701,0.5419339242847752,0.002030340035558789,stage2: cons_s8_sth8_pt8_ipd8
matmult_imp_stage2_s16_dist32_addr16_l1d_ddr4_1x,matmult,imp,s16_dist32_addr16,l1d,ddr4_1x,0.001208,2.039471,1150500.0,2138816.0,5475.0,1083178.0,34743.0,3667.0,5007.0,,,,stage2,0.001279,1.058774834437086,34743.0,3667.0,5007.0,0.1055464410096998,0.14411536136775754,0.5379144349023011,0.005054570901550807,stage2: s16_dist32_addr16
matmult_imp_stage2_s16_dist32_addr16_l1d_ddr4_2x,matmult,imp,s16_dist32_addr16,l1d,ddr4_2x,0.001223,2.015059,1151777.0,2140009.0,5364.0,1082513.0,31853.0,3474.0,4209.0,,,,stage2,0.001298,1.061324611610793,31853.0,3474.0,4209.0,0.10906351050136565,0.1321382601324836,0.5382112878964528,0.0049551367974333795,stage2: s16_dist32_addr16
matmult_imp_stage2_s16_dist32_addr16_l2_ddr4_1x,matmult,imp,s16_dist32_addr16,l2,ddr4_1x,0.001225,2.010689,1157985.0,2138080.0,1932.0,1076921.0,,,,6610.0,3480.0,5.0,stage2,0.001279,1.0440816326530613,6610.0,3480.0,5.0,0.5264750378214826,0.0007564296520423601,0.5416004078425504,0.0017940034598638154,stage2: s16_dist32_addr16
matmult_imp_stage2_s16_dist32_addr16_l2_ddr4_2x,matmult,imp,s16_dist32_addr16,l2,ddr4_2x,0.001214,2.02936,1159562.0,2139089.0,1912.0,1078053.0,,,,6424.0,3499.0,14.0,stage2,0.001298,1.0691927512355848,6424.0,3499.0,14.0,0.5446762141967622,0.0021793275217932753,0.542082166754165,0.0017735677188412814,stage2: s16_dist32_addr16
matmult_imp_stage2_s16_dist8_addr16_l1d_ddr4_1x,matmult,imp,s16_dist8_addr16,l1d,ddr4_1x,0.001208,2.039471,1150500.0,2138816.0,5475.0,1083178.0,34743.0,3667.0,5007.0,,,,stage2,0.001279,1.058774834437086,34743.0,3667.0,5007.0,0.1055464410096998,0.14411536136775754,0.5379144349023011,0.005054570901550807,stage2: s16_dist8_addr16
matmult_imp_stage2_s16_dist8_addr16_l1d_ddr4_2x,matmult,imp,s16_dist8_addr16,l1d,ddr4_2x,0.001223,2.015059,1151777.0,2140009.0,5364.0,1082513.0,31853.0,3474.0,4209.0,,,,stage2,0.001298,1.061324611610793,31853.0,3474.0,4209.0,0.10906351050136565,0.1321382601324836,0.5382112878964528,0.0049551367974333795,stage2: s16_dist8_addr16
matmult_imp_stage2_s16_dist8_addr16_l2_ddr4_1x,matmult,imp,s16_dist8_addr16,l2,ddr4_1x,0.001225,2.010689,1157985.0,2138080.0,1932.0,1076921.0,,,,6610.0,3480.0,5.0,stage2,0.001279,1.0440816326530613,6610.0,3480.0,5.0,0.5264750378214826,0.0007564296520423601,0.5416004078425504,0.0017940034598638154,stage2: s16_dist8_addr16
matmult_imp_stage2_s16_dist8_addr16_l2_ddr4_2x,matmult,imp,s16_dist8_addr16,l2,ddr4_2x,0.001214,2.02936,1159562.0,2139089.0,1912.0,1078053.0,,,,6424.0,3499.0,14.0,stage2,0.001298,1.0691927512355848,6424.0,3499.0,14.0,0.5446762141967622,0.0021793275217932753,0.542082166754165,0.0017735677188412814,stage2: s16_dist8_addr16
matmult_imp_stage2_s16_ipd16_addr16_l1d_ddr4_1x,matmult,imp,s16_ipd16_addr16,l1d,ddr4_1x,0.001208,2.039471,1150500.0,2138816.0,5475.0,1083178.0,34743.0,3667.0,5007.0,,,,stage2,0.001279,1.058774834437086,34743.0,3667.0,5007.0,0.1055464410096998,0.14411536136775754,0.5379144349023011,0.005054570901550807,stage2: s16_ipd16_addr16
matmult_imp_stage2_s16_ipd16_addr16_l1d_ddr4_2x,matmult,imp,s16_ipd16_addr16,l1d,ddr4_2x,0.001223,2.015059,1151777.0,2140009.0,5364.0,1082513.0,31853.0,3474.0,4209.0,,,,stage2,0.001298,1.061324611610793,31853.0,3474.0,4209.0,0.10906351050136565,0.1321382601324836,0.5382112878964528,0.0049551367974333795,stage2: s16_ipd16_addr16
matmult_imp_stage2_s16_ipd16_addr16_l2_ddr4_1x,matmult,imp,s16_ipd16_addr16,l2,ddr4_1x,0.001225,2.010689,1157985.0,2138080.0,1932.0,1076921.0,,,,6610.0,3480.0,5.0,stage2,0.001279,1.0440816326530613,6610.0,3480.0,5.0,0.5264750378214826,0.0007564296520423601,0.5416004078425504,0.0017940034598638154,stage2: s16_ipd16_addr16
matmult_imp_stage2_s16_ipd16_addr16_l2_ddr4_2x,matmult,imp,s16_ipd16_addr16,l2,ddr4_2x,0.001214,2.02936,1159562.0,2139089.0,1912.0,1078053.0,,,,6424.0,3499.0,14.0,stage2,0.001298,1.0691927512355848,6424.0,3499.0,14.0,0.5446762141967622,0.0021793275217932753,0.542082166754165,0.0017735677188412814,stage2: s16_ipd16_addr16
matmult_imp_stage2_s16_ipd16_pt32_l1d_ddr4_1x,matmult,imp,s16_ipd16_pt32,l1d,ddr4_1x,0.001208,2.039471,1150500.0,2138816.0,5475.0,1083178.0,34743.0,3667.0,5007.0,,,,stage2,0.001279,1.058774834437086,34743.0,3667.0,5007.0,0.1055464410096998,0.14411536136775754,0.5379144349023011,0.005054570901550807,stage2: s16_ipd16_pt32
matmult_imp_stage2_s16_ipd16_pt32_l1d_ddr4_2x,matmult,imp,s16_ipd16_pt32,l1d,ddr4_2x,0.001223,2.015059,1151777.0,2140009.0,5364.0,1082513.0,31853.0,3474.0,4209.0,,,,stage2,0.001298,1.061324611610793,31853.0,3474.0,4209.0,0.10906351050136565,0.1321382601324836,0.5382112878964528,0.0049551367974333795,stage2: s16_ipd16_pt32
matmult_imp_stage2_s16_ipd16_pt32_l2_ddr4_1x,matmult,imp,s16_ipd16_pt32,l2,ddr4_1x,0.001225,2.010689,1157985.0,2138080.0,1932.0,1076921.0,,,,6610.0,3480.0,5.0,stage2,0.001279,1.0440816326530613,6610.0,3480.0,5.0,0.5264750378214826,0.0007564296520423601,0.5416004078425504,0.0017940034598638154,stage2: s16_ipd16_pt32
matmult_imp_stage2_s16_ipd16_pt32_l2_ddr4_2x,matmult,imp,s16_ipd16_pt32,l2,ddr4_2x,0.001214,2.02936,1159562.0,2139089.0,1912.0,1078053.0,,,,6424.0,3499.0,14.0,stage2,0.001298,1.0691927512355848,6424.0,3499.0,14.0,0.5446762141967622,0.0021793275217932753,0.542082166754165,0.0017735677188412814,stage2: s16_ipd16_pt32
matmult_imp_stage2_s16_ipd8_addr8_l1d_ddr4_1x,matmult,imp,s16_ipd8_addr8,l1d,ddr4_1x,0.001208,2.039471,1150500.0,2138816.0,5475.0,1083178.0,34743.0,3667.0,5007.0,,,,stage2,0.001279,1.058774834437086,34743.0,3667.0,5007.0,0.1055464410096998,0.14411536136775754,0.5379144349023011,0.005054570901550807,stage2: s16_ipd8_addr8
matmult_imp_stage2_s16_ipd8_addr8_l1d_ddr4_2x,matmult,imp,s16_ipd8_addr8,l1d,ddr4_2x,0.001223,2.015059,1151777.0,2140009.0,5364.0,1082513.0,31853.0,3474.0,4209.0,,,,stage2,0.001298,1.061324611610793,31853.0,3474.0,4209.0,0.10906351050136565,0.1321382601324836,0.5382112878964528,0.0049551367974333795,stage2: s16_ipd8_addr8
matmult_imp_stage2_s16_ipd8_addr8_l2_ddr4_1x,matmult,imp,s16_ipd8_addr8,l2,ddr4_1x,0.001225,2.010689,1157985.0,2138080.0,1932.0,1076921.0,,,,6610.0,3480.0,5.0,stage2,0.001279,1.0440816326530613,6610.0,3480.0,5.0,0.5264750378214826,0.0007564296520423601,0.5416004078425504,0.0017940034598638154,stage2: s16_ipd8_addr8
matmult_imp_stage2_s16_ipd8_addr8_l2_ddr4_2x,matmult,imp,s16_ipd8_addr8,l2,ddr4_2x,0.001214,2.02936,1159562.0,2139089.0,1912.0,1078053.0,,,,6424.0,3499.0,14.0,stage2,0.001298,1.0691927512355848,6424.0,3499.0,14.0,0.5446762141967622,0.0021793275217932753,0.542082166754165,0.0017735677188412814,stage2: s16_ipd8_addr8
matmult_imp_stage2_s16_l1d_ddr4_1x,matmult,imp,s16,l1d,ddr4_1x,0.001208,2.039471,1150500.0,2138816.0,5475.0,1083178.0,34743.0,3667.0,5007.0,,,,stage2,0.001279,1.058774834437086,34743.0,3667.0,5007.0,0.1055464410096998,0.14411536136775754,0.5379144349023011,0.005054570901550807,stage2: s16
matmult_imp_stage2_s16_l1d_ddr4_2x,matmult,imp,s16,l1d,ddr4_2x,0.001223,2.015059,1151777.0,2140009.0,5364.0,1082513.0,31853.0,3474.0,4209.0,,,,stage2,0.001298,1.061324611610793,31853.0,3474.0,4209.0,0.10906351050136565,0.1321382601324836,0.5382112878964528,0.0049551367974333795,stage2: s16
matmult_imp_stage2_s16_l2_ddr4_1x,matmult,imp,s16,l2,ddr4_1x,0.001225,2.010689,1157985.0,2138080.0,1932.0,1076921.0,,,,6610.0,3480.0,5.0,stage2,0.001279,1.0440816326530613,6610.0,3480.0,5.0,0.5264750378214826,0.0007564296520423601,0.5416004078425504,0.0017940034598638154,stage2: s16
matmult_imp_stage2_s16_l2_ddr4_2x,matmult,imp,s16,l2,ddr4_2x,0.001214,2.02936,1159562.0,2139089.0,1912.0,1078053.0,,,,6424.0,3499.0,14.0,stage2,0.001298,1.0691927512355848,6424.0,3499.0,14.0,0.5446762141967622,0.0021793275217932753,0.542082166754165,0.0017735677188412814,stage2: s16
matmult_imp_stage2_s16_pt8_sth2_l1d_ddr4_1x,matmult,imp,s16_pt8_sth2,l1d,ddr4_1x,0.001212,2.031764,1146579.0,2138559.0,5476.0,1081616.0,31746.0,3611.0,4317.0,,,,stage2,0.001279,1.0552805280528053,31746.0,3611.0,4317.0,0.11374661374661375,0.13598563598563598,0.5361456008461772,0.005062794929069097,stage2: s16_pt8_sth2
matmult_imp_stage2_s16_pt8_sth2_l1d_ddr4_2x,matmult,imp,s16_pt8_sth2,l1d,ddr4_2x,0.001221,2.01746,1150477.0,2139319.0,5380.0,1082013.0,30522.0,3567.0,4212.0,,,,stage2,0.001298,1.0630630630630629,30522.0,3567.0,4212.0,0.11686652250835462,0.13799882052290152,0.5377772085415966,0.004972213827375457,stage2: s16_pt8_sth2
matmult_imp_stage2_s16_pt8_sth2_l2_ddr4_1x,matmult,imp,s16_pt8_sth2,l2,ddr4_1x,0.001221,2.017777,1158184.0,2138468.0,1925.0,1077465.0,,,,6462.0,3498.0,19.0,stage2,0.001279,1.0475020475020473,6462.0,3498.0,19.0,0.5413184772516249,0.002940266171463943,0.541595198057675,0.0017866009568756295,stage2: s16_pt8_sth2
matmult_imp_stage2_s16_pt8_sth2_l2_ddr4_2x,matmult,imp,s16_pt8_sth2,l2,ddr4_2x,0.001217,2.02497,1158222.0,2138910.0,1875.0,1077804.0,,,,6429.0,3528.0,12.0,stage2,0.001298,1.066557107641742,6429.0,3528.0,12.0,0.5487634157722818,0.0018665422305179655,0.5415010449247514,0.0017396483961833506,stage2: s16_pt8_sth2
matmult_imp_stage2_s16_pt8_sth8_l1d_ddr4_1x,matmult,imp,s16_pt8_sth8,l1d,ddr4_1x,0.001213,2.030688,1151284.0,2138917.0,5454.0,1083072.0,33484.0,3377.0,4745.0,,,,stage2,0.001279,1.0544105523495464,33484.0,3377.0,4745.0,0.10085413929040736,0.14170947318122087,0.538255575134519,0.00503567629852863,stage2: s16_pt8_sth8
matmult_imp_stage2_s16_pt8_sth8_l1d_ddr4_2x,matmult,imp,s16_pt8_sth8,l1d,ddr4_2x,0.001222,2.016143,1150390.0,2139297.0,5372.0,1081761.0,32427.0,3486.0,4004.0,,,,stage2,0.001298,1.0621931260229132,32427.0,3486.0,4004.0,0.10750300675363124,0.12347734912264471,0.5377420713439975,0.004965976773058004,stage2: s16_pt8_sth8
matmult_imp_stage2_s16_pt8_sth8_l2_ddr4_1x,matmult,imp,s16_pt8_sth8,l2,ddr4_1x,0.001226,2.009035,1158140.0,2138534.0,1939.0,1077241.0,,,,6604.0,3476.0,20.0,stage2,0.001279,1.0432300163132135,6604.0,3476.0,20.0,0.5263476680799516,0.0030284675953967293,0.5415579083615224,0.001799968623548491,stage2: s16_pt8_sth8
matmult_imp_stage2_s16_pt8_sth8_l2_ddr4_2x,matmult,imp,s16_pt8_sth8,l2,ddr4_2x,0.001215,2.028326,1159146.0,2139140.0,1911.0,1078366.0,,,,6173.0,3505.0,12.0,stage2,0.001298,1.068312757201646,6173.0,3505.0,12.0,0.5677952373238295,0.00194394945731411,0.5418747721046776,0.0017721256048503012,stage2: s16_pt8_sth8
matmult_imp_stage2_s16_sth2_l1d_ddr4_1x,matmult,imp,s16_sth2,l1d,ddr4_1x,0.001212,2.031764,1146579.0,2138559.0,5476.0,1081616.0,31746.0,3611.0,4317.0,,,,stage2,0.001279,1.0552805280528053,31746.0,3611.0,4317.0,0.11374661374661375,0.13598563598563598,0.5361456008461772,0.005062794929069097,stage2: s16_sth2
matmult_imp_stage2_s16_sth2_l1d_ddr4_2x,matmult,imp,s16_sth2,l1d,ddr4_2x,0.001221,2.01746,1150477.0,2139319.0,5380.0,1082013.0,30522.0,3567.0,4212.0,,,,stage2,0.001298,1.0630630630630629,30522.0,3567.0,4212.0,0.11686652250835462,0.13799882052290152,0.5377772085415966,0.004972213827375457,stage2: s16_sth2
matmult_imp_stage2_s16_sth2_l2_ddr4_1x,matmult,imp,s16_sth2,l2,ddr4_1x,0.001226,2.009314,1158574.0,2138832.0,1945.0,1078071.0,,,,6685.0,3487.0,20.0,stage2,0.001279,1.0432300163132135,6685.0,3487.0,20.0,0.5216155572176514,0.0029917726252804786,0.5416853684627871,0.0018041483353137223,stage2: s16_sth2
matmult_imp_stage2_s16_sth2_l2_ddr4_2x,matmult,imp,s16_sth2,l2,ddr4_2x,0.001216,2.026399,1158301.0,2138328.0,1908.0,1077294.0,,,,6485.0,3502.0,10.0,stage2,0.001298,1.0674342105263157,6485.0,3502.0,10.0,0.5400154202004626,0.0015420200462606013,0.5416853728707663,0.0017711042668018201,stage2: s16_sth2
matmult_imp_stage2_s16_sth8_l1d_ddr4_1x,matmult,imp,s16_sth8,l1d,ddr4_1x,0.001213,2.030688,1151284.0,2138917.0,5454.0,1083072.0,33484.0,3377.0,4745.0,,,,stage2,0.001279,1.0544105523495464,33484.0,3377.0,4745.0,0.10085413929040736,0.14170947318122087,0.538255575134519,0.00503567629852863,stage2: s16_sth8
matmult_imp_stage2_s16_sth8_l1d_ddr4_2x,matmult,imp,s16_sth8,l1d,ddr4_2x,0.001222,2.016143,1150390.0,2139297.0,5372.0,1081761.0,32427.0,3486.0,4004.0,,,,stage2,0.001298,1.0621931260229132,32427.0,3486.0,4004.0,0.10750300675363124,0.12347734912264471,0.5377420713439975,0.004965976773058004,stage2: s16_sth8
matmult_imp_stage2_s16_sth8_l2_ddr4_1x,matmult,imp,s16_sth8,l2,ddr4_1x,0.001226,2.009035,1158140.0,2138534.0,1939.0,1077241.0,,,,6604.0,3476.0,20.0,stage2,0.001279,1.0432300163132135,6604.0,3476.0,20.0,0.5263476680799516,0.0030284675953967293,0.5415579083615224,0.001799968623548491,stage2: s16_sth8
matmult_imp_stage2_s16_sth8_l2_ddr4_2x,matmult,imp,s16_sth8,l2,ddr4_2x,0.001215,2.028326,1159146.0,2139140.0,1911.0,1078366.0,,,,6173.0,3505.0,12.0,stage2,0.001298,1.068312757201646,6173.0,3505.0,12.0,0.5677952373238295,0.00194394945731411,0.5418747721046776,0.0017721256048503012,stage2: s16_sth8
matmult_imp_stage2_s2_l1d_ddr4_1x,matmult,imp,s2,l1d,ddr4_1x,0.001279,1.926241,1153849.0,2138224.0,5448.0,1084909.0,60567.0,4069.0,6792.0,,,,stage2,0.001279,1.0,60567.0,4069.0,6792.0,0.06718179866924233,0.11214027440685521,0.5396296178510764,0.005021619324754426,stage2: s2
matmult_imp_stage2_s2_l1d_ddr4_2x,matmult,imp,s2,l1d,ddr4_2x,0.001299,1.897162,1156421.0,2139910.0,5341.0,1085073.0,63840.0,3662.0,6382.0,,,,stage2,0.001298,0.9992301770592763,63840.0,3662.0,6382.0,0.05736215538847118,0.099968671679198,0.5404063722306078,0.004922249470772935,stage2: s2
matmult_imp_stage2_s2_l2_ddr4_1x,matmult,imp,s2,l2,ddr4_1x,0.001255,1.963687,1159420.0,2138816.0,3370.0,1077774.0,,,,4904.0,2051.0,3.0,stage2,0.001279,1.0191235059760955,4904.0,2051.0,3.0,0.4182300163132137,0.0006117455138662316,0.5420849666357461,0.0031268150836817367,stage2: s2
matmult_imp_stage2_s2_l2_ddr4_2x,matmult,imp,s2,l2,ddr4_2x,0.001247,1.975709,1158925.0,2138670.0,3407.0,1077472.0,,,,4981.0,1953.0,3.0,stage2,0.001298,1.040898155573376,4981.0,1953.0,3.0,0.3920899417787593,0.0006022886970487854,0.5418905207442009,0.003162031124706721,stage2: s2
matmult_imp_stage2_s2_sth2_l1d_ddr4_1x,matmult,imp,s2_sth2,l1d,ddr4_1x,0.001277,1.929457,1153979.0,2139072.0,5472.0,1084406.0,61696.0,4242.0,6149.0,,,,stage2,0.001279,1.0015661707126078,61696.0,4242.0,6149.0,0.06875648340248963,0.09966610477178424,0.5394764645603327,0.005046080527035078,stage2: s2_sth2
matmult_imp_stage2_s2_sth2_l1d_ddr4_2x,matmult,imp,s2_sth2,l1d,ddr4_2x,0.001296,1.900467,1155958.0,2139754.0,5343.0,1085459.0,64152.0,3592.0,6763.0,,,,stage2,0.001298,1.001543209876543,64152.0,3592.0,6763.0,0.05599201895498192,0.10542149894001746,0.5402293908552105,0.004922341608480836,stage2: s2_sth2
matmult_imp_stage2_s2_sth2_l2_ddr4_1x,matmult,imp,s2_sth2,l2,ddr4_1x,0.001251,1.968912,1159619.0,2139308.0,3402.0,1078491.0,,,,5038.0,2004.0,3.0,stage2,0.001279,1.0223820943245403,5038.0,2004.0,3.0,0.3977768955934895,0.0005954743946010321,0.542053318175784,0.0031544074081285797,stage2: s2_sth2
matmult_imp_stage2_s2_sth2_l2_ddr4_2x,matmult,imp,s2_sth2,l2,ddr4_2x,0.001244,1.979714,1157578.0,2139679.0,3370.0,1078011.0,,,,4949.0,2004.0,3.0,stage2,0.001298,1.0434083601286173,4949.0,2004.0,3.0,0.4049302889472621,0.0006061830672863204,0.541005449882903,0.0031261276554691926,stage2: s2_sth2
matmult_imp_stage2_s2_sth8_l1d_ddr4_1x,matmult,imp,s2_sth8,l1d,ddr4_1x,0.001273,1.934996,1152901.0,2139077.0,5469.0,1085366.0,59042.0,3625.0,7203.0,,,,stage2,0.001279,1.00471327572663,59042.0,3625.0,7203.0,0.06139697164730192,0.12199789980014226,0.5389712478793424,0.005038853253188326,stage2: s2_sth8
matmult_imp_stage2_s2_sth8_l1d_ddr4_2x,matmult,imp,s2_sth8,l1d,ddr4_2x,0.001283,1.919892,1154531.0,2137814.0,5350.0,1084018.0,64569.0,3719.0,6783.0,,,,stage2,0.001298,1.0116913484021823,64569.0,3719.0,6783.0,0.05759729901345847,0.1050504111880314,0.5400521280148788,0.004935342402063434,stage2: s2_sth8
matmult_imp_stage2_s2_sth8_l2_ddr4_1x,matmult,imp,s2_sth8,l2,ddr4_1x,0.001258,1.957996,1158876.0,2139320.0,3531.0,1078165.0,,,,5187.0,1886.0,3.0,stage2,0.001279,1.0166931637519872,5187.0,1886.0,3.0,0.36360131096973203,0.000578368999421631,0.541702971037526,0.0032750089272050196,stage2: s2_sth8
matmult_imp_stage2_s2_sth8_l2_ddr4_2x,matmult,imp,s2_sth8,l2,ddr4_2x,0.001248,1.97336,1160146.0,2139733.0,3361.0,1078396.0,,,,4881.0,2016.0,3.0,stage2,0.001298,1.0400641025641024,4881.0,2016.0,3.0,0.4130301167793485,0.0006146281499692685,0.5421919463783565,0.003116665863003943,stage2: s2_sth8
matmult_imp_stage2_s8_dist32_addr8_l1d_ddr4_1x,matmult,imp,s8_dist32_addr8,l1d,ddr4_1x,0.001221,2.018409,1149933.0,2138251.0,5466.0,1082484.0,36362.0,3741.0,5124.0,,,,stage2,0.001279,1.0475020475020473,36362.0,3741.0,5124.0,0.10288212969583631,0.1409163412353556,0.5377914005418447,0.0050494972673961,stage2: s8_dist32_addr8
matmult_imp_stage2_s8_dist32_addr8_l1d_ddr4_2x,matmult,imp,s8_dist32_addr8,l1d,ddr4_2x,0.001228,2.006391,1151258.0,2140070.0,5363.0,1084311.0,37537.0,4166.0,5903.0,,,,stage2,0.001298,1.0570032573289903,37537.0,4166.0,5903.0,0.1109838292884354,0.15725817193702213,0.537953431429813,0.00494599796552834,stage2: s8_dist32_addr8
matmult_imp_stage2_s8_dist32_addr8_l2_ddr4_1x,matmult,imp,s8_dist32_addr8,l2,ddr4_1x,0.001239,1.988757,1159070.0,2139187.0,2213.0,1078265.0,,,,6188.0,3186.0,13.0,stage2,0.001279,1.0322841000807101,6188.0,3186.0,13.0,0.5148674854557207,0.0021008403361344537,0.5418273390778833,0.002052371170352372,stage2: s8_dist32_addr8
matmult_imp_stage2_s8_dist32_addr8_l2_ddr4_2x,matmult,imp,s8_dist32_addr8,l2,ddr4_2x,0.001222,2.015772,1157799.0,2138385.0,2222.0,1077359.0,,,,6699.0,3173.0,9.0,stage2,0.001298,1.0621931260229132,6699.0,3173.0,9.0,0.47365278399761157,0.0013434841021047917,0.5414361773020293,0.0020624508636396966,stage2: s8_dist32_addr8
matmult_imp_stage2_s8_dist8_addr8_l1d_ddr4_1x,matmult,imp,s8_dist8_addr8,l1d,ddr4_1x,0.001221,2.018409,1149933.0,2138251.0,5466.0,1082484.0,36362.0,3741.0,5124.0,,,,stage2,0.001279,1.0475020475020473,36362.0,3741.0,5124.0,0.10288212969583631,0.1409163412353556,0.5377914005418447,0.0050494972673961,stage2: s8_dist8_addr8
matmult_imp_stage2_s8_dist8_addr8_l1d_ddr4_2x,matmult,imp,s8_dist8_addr8,l1d,ddr4_2x,0.001228,2.006391,1151258.0,2140070.0,5363.0,1084311.0,37537.0,4166.0,5903.0,,,,stage2,0.001298,1.0570032573289903,37537.0,4166.0,5903.0,0.1109838292884354,0.15725817193702213,0.537953431429813,0.00494599796552834,stage2: s8_dist8_addr8
matmult_imp_stage2_s8_dist8_addr8_l2_ddr4_1x,matmult,imp,s8_dist8_addr8,l2,ddr4_1x,0.001239,1.988757,1159070.0,2139187.0,2213.0,1078265.0,,,,6188.0,3186.0,13.0,stage2,0.001279,1.0322841000807101,6188.0,3186.0,13.0,0.5148674854557207,0.0021008403361344537,0.5418273390778833,0.002052371170352372,stage2: s8_dist8_addr8
matmult_imp_stage2_s8_dist8_addr8_l2_ddr4_2x,matmult,imp,s8_dist8_addr8,l2,ddr4_2x,0.001222,2.015772,1157799.0,2138385.0,2222.0,1077359.0,,,,6699.0,3173.0,9.0,stage2,0.001298,1.0621931260229132,6699.0,3173.0,9.0,0.47365278399761157,0.0013434841021047917,0.5414361773020293,0.0020624508636396966,stage2: s8_dist8_addr8
matmult_imp_stage2_s8_ipd16_addr16_l1d_ddr4_1x,matmult,imp,s8_ipd16_addr16,l1d,ddr4_1x,0.001221,2.018409,1149933.0,2138251.0,5466.0,1082484.0,36362.0,3741.0,5124.0,,,,stage2,0.001279,1.0475020475020473,36362.0,3741.0,5124.0,0.10288212969583631,0.1409163412353556,0.5377914005418447,0.0050494972673961,stage2: s8_ipd16_addr16
matmult_imp_stage2_s8_ipd16_addr16_l1d_ddr4_2x,matmult,imp,s8_ipd16_addr16,l1d,ddr4_2x,0.001228,2.006391,1151258.0,2140070.0,5363.0,1084311.0,37537.0,4166.0,5903.0,,,,stage2,0.001298,1.0570032573289903,37537.0,4166.0,5903.0,0.1109838292884354,0.15725817193702213,0.537953431429813,0.00494599796552834,stage2: s8_ipd16_addr16
matmult_imp_stage2_s8_ipd16_addr16_l2_ddr4_1x,matmult,imp,s8_ipd16_addr16,l2,ddr4_1x,0.001239,1.988757,1159070.0,2139187.0,2213.0,1078265.0,,,,6188.0,3186.0,13.0,stage2,0.001279,1.0322841000807101,6188.0,3186.0,13.0,0.5148674854557207,0.0021008403361344537,0.5418273390778833,0.002052371170352372,stage2: s8_ipd16_addr16
matmult_imp_stage2_s8_ipd16_addr16_l2_ddr4_2x,matmult,imp,s8_ipd16_addr16,l2,ddr4_2x,0.001222,2.015772,1157799.0,2138385.0,2222.0,1077359.0,,,,6699.0,3173.0,9.0,stage2,0.001298,1.0621931260229132,6699.0,3173.0,9.0,0.47365278399761157,0.0013434841021047917,0.5414361773020293,0.0020624508636396966,stage2: s8_ipd16_addr16
matmult_imp_stage2_s8_ipd16_pt32_l1d_ddr4_1x,matmult,imp,s8_ipd16_pt32,l1d,ddr4_1x,0.001221,2.018409,1149933.0,2138251.0,5466.0,1082484.0,36362.0,3741.0,5124.0,,,,stage2,0.001279,1.0475020475020473,36362.0,3741.0,5124.0,0.10288212969583631,0.1409163412353556,0.5377914005418447,0.0050494972673961,stage2: s8_ipd16_pt32
matmult_imp_stage2_s8_ipd16_pt32_l1d_ddr4_2x,matmult,imp,s8_ipd16_pt32,l1d,ddr4_2x,0.001228,2.006391,1151258.0,2140070.0,5363.0,1084311.0,37537.0,4166.0,5903.0,,,,stage2,0.001298,1.0570032573289903,37537.0,4166.0,5903.0,0.1109838292884354,0.15725817193702213,0.537953431429813,0.00494599796552834,stage2: s8_ipd16_pt32
matmult_imp_stage2_s8_ipd16_pt32_l2_ddr4_1x,matmult,imp,s8_ipd16_pt32,l2,ddr4_1x,0.001239,1.988757,1159070.0,2139187.0,2213.0,1078265.0,,,,6188.0,3186.0,13.0,stage2,0.001279,1.0322841000807101,6188.0,3186.0,13.0,0.5148674854557207,0.0021008403361344537,0.5418273390778833,0.002052371170352372,stage2: s8_ipd16_pt32
matmult_imp_stage2_s8_ipd16_pt32_l2_ddr4_2x,matmult,imp,s8_ipd16_pt32,l2,ddr4_2x,0.001222,2.015772,1157799.0,2138385.0,2222.0,1077359.0,,,,6699.0,3173.0,9.0,stage2,0.001298,1.0621931260229132,6699.0,3173.0,9.0,0.47365278399761157,0.0013434841021047917,0.5414361773020293,0.0020624508636396966,stage2: s8_ipd16_pt32
matmult_imp_stage2_s8_ipd8_addr8_l1d_ddr4_1x,matmult,imp,s8_ipd8_addr8,l1d,ddr4_1x,0.001221,2.018409,1149933.0,2138251.0,5466.0,1082484.0,36362.0,3741.0,5124.0,,,,stage2,0.001279,1.0475020475020473,36362.0,3741.0,5124.0,0.10288212969583631,0.1409163412353556,0.5377914005418447,0.0050494972673961,stage2: s8_ipd8_addr8
matmult_imp_stage2_s8_ipd8_addr8_l1d_ddr4_2x,matmult,imp,s8_ipd8_addr8,l1d,ddr4_2x,0.001228,2.006391,1151258.0,2140070.0,5363.0,1084311.0,37537.0,4166.0,5903.0,,,,stage2,0.001298,1.0570032573289903,37537.0,4166.0,5903.0,0.1109838292884354,0.15725817193702213,0.537953431429813,0.00494599796552834,stage2: s8_ipd8_addr8
matmult_imp_stage2_s8_ipd8_addr8_l2_ddr4_1x,matmult,imp,s8_ipd8_addr8,l2,ddr4_1x,0.001239,1.988757,1159070.0,2139187.0,2213.0,1078265.0,,,,6188.0,3186.0,13.0,stage2,0.001279,1.0322841000807101,6188.0,3186.0,13.0,0.5148674854557207,0.0021008403361344537,0.5418273390778833,0.002052371170352372,stage2: s8_ipd8_addr8
matmult_imp_stage2_s8_ipd8_addr8_l2_ddr4_2x,matmult,imp,s8_ipd8_addr8,l2,ddr4_2x,0.001222,2.015772,1157799.0,2138385.0,2222.0,1077359.0,,,,6699.0,3173.0,9.0,stage2,0.001298,1.0621931260229132,6699.0,3173.0,9.0,0.47365278399761157,0.0013434841021047917,0.5414361773020293,0.0020624508636396966,stage2: s8_ipd8_addr8
matmult_imp_stage2_s8_l1d_ddr4_1x,matmult,imp,s8,l1d,ddr4_1x,0.001221,2.018409,1149933.0,2138251.0,5466.0,1082484.0,36362.0,3741.0,5124.0,,,,stage2,0.001279,1.0475020475020473,36362.0,3741.0,5124.0,0.10288212969583631,0.1409163412353556,0.5377914005418447,0.0050494972673961,stage2: s8
matmult_imp_stage2_s8_l1d_ddr4_2x,matmult,imp,s8,l1d,ddr4_2x,0.001228,2.006391,1151258.0,2140070.0,5363.0,1084311.0,37537.0,4166.0,5903.0,,,,stage2,0.001298,1.0570032573289903,37537.0,4166.0,5903.0,0.1109838292884354,0.15725817193702213,0.537953431429813,0.00494599796552834,stage2: s8
matmult_imp_stage2_s8_l2_ddr4_1x,matmult,imp,s8,l2,ddr4_1x,0.001239,1.988757,1159070.0,2139187.0,2213.0,1078265.0,,,,6188.0,3186.0,13.0,stage2,0.001279,1.0322841000807101,6188.0,3186.0,13.0,0.5148674854557207,0.0021008403361344537,0.5418273390778833,0.002052371170352372,stage2: s8
matmult_imp_stage2_s8_l2_ddr4_2x,matmult,imp,s8,l2,ddr4_2x,0.001222,2.015772,1157799.0,2138385.0,2222.0,1077359.0,,,,6699.0,3173.0,9.0,stage2,0.001298,1.0621931260229132,6699.0,3173.0,9.0,0.47365278399761157,0.0013434841021047917,0.5414361773020293,0.0020624508636396966,stage2: s8
matmult_imp_stage2_s8_pt8_sth2_l1d_ddr4_1x,matmult,imp,s8_pt8_sth2,l1d,ddr4_1x,0.00122,2.019115,1151248.0,2138774.0,5474.0,1084645.0,38881.0,4221.0,6588.0,,,,stage2,0.001279,1.048360655737705,38881.0,4221.0,6588.0,0.10856202258172372,0.16944008641753042,0.538274731224524,0.005046812551572174,stage2: s8_pt8_sth2
matmult_imp_stage2_s8_pt8_sth2_l1d_ddr4_2x,matmult,imp,s8_pt8_sth2,l1d,ddr4_2x,0.001233,1.997865,1150573.0,2139931.0,5366.0,1084487.0,39085.0,4067.0,6154.0,,,,stage2,0.001298,1.0527169505271694,39085.0,4067.0,6154.0,0.10405526416783932,0.1574517078162978,0.5376682706124637,0.0049479615707703276,stage2: s8_pt8_sth2
matmult_imp_stage2_s8_pt8_sth2_l2_ddr4_1x,matmult,imp,s8_pt8_sth2,l2,ddr4_1x,0.001234,1.996515,1158259.0,2138628.0,2228.0,1077683.0,,,,6624.0,3161.0,14.0,stage2,0.001279,1.0364667747163694,6624.0,3161.0,14.0,0.4772041062801932,0.002113526570048309,0.5415897481937018,0.002067398298015279,stage2: s8_pt8_sth2
matmult_imp_stage2_s8_pt8_sth2_l2_ddr4_2x,matmult,imp,s8_pt8_sth2,l2,ddr4_2x,0.001222,2.015524,1160395.0,2139416.0,2175.0,1078284.0,,,,6087.0,3203.0,14.0,stage2,0.001298,1.0621931260229132,6087.0,3203.0,14.0,0.526203384261541,0.0022999835715459176,0.5423886705530855,0.0020170938268582305,stage2: s8_pt8_sth2
matmult_imp_stage2_s8_pt8_sth8_l1d_ddr4_1x,matmult,imp,s8_pt8_sth8,l1d,ddr4_1x,0.001221,2.017267,1148949.0,2137730.0,5458.0,1082773.0,36599.0,4235.0,5421.0,,,,stage2,0.001279,1.0475020475020473,36599.0,4235.0,5421.0,0.11571354408590398,0.14811880106013825,0.5374621678135219,0.0050407610828862555,stage2: s8_pt8_sth8
matmult_imp_stage2_s8_pt8_sth8_l1d_ddr4_2x,matmult,imp,s8_pt8_sth8,l1d,ddr4_2x,0.001229,2.004692,1150474.0,2138832.0,5360.0,1083826.0,37152.0,3983.0,6123.0,,,,stage2,0.001298,1.0561432058584213,37152.0,3983.0,6123.0,0.107208225667528,0.1648094315245478,0.537898254748386,0.004945443272259569,stage2: s8_pt8_sth8
matmult_imp_stage2_s8_pt8_sth8_l2_ddr4_1x,matmult,imp,s8_pt8_sth8,l2,ddr4_1x,0.001252,1.968385,1159156.0,2139141.0,2196.0,1078284.0,,,,5948.0,3189.0,12.0,stage2,0.001279,1.0215654952076676,5948.0,3189.0,12.0,0.5361466039004708,0.0020174848688634837,0.5418791935641456,0.0020365692155313443,stage2: s8_pt8_sth8
matmult_imp_stage2_s8_pt8_sth8_l2_ddr4_2x,matmult,imp,s8_pt8_sth8,l2,ddr4_2x,0.001229,2.003925,1159033.0,2138698.0,2188.0,1077652.0,,,,6131.0,3198.0,4.0,stage2,0.001298,1.0561432058584213,6131.0,3198.0,4.0,0.5216114826292612,0.0006524221171097701,0.5419339242847752,0.002030340035558789,stage2: s8_pt8_sth8
matmult_imp_stage2_s8_sth2_l1d_ddr4_1x,matmult,imp,s8_sth2,l1d,ddr4_1x,0.00122,2.019115,1151248.0,2138774.0,5474.0,1084645.0,38881.0,4221.0,6588.0,,,,stage2,0.001279,1.048360655737705,38881.0,4221.0,6588.0,0.10856202258172372,0.16944008641753042,0.538274731224524,0.005046812551572174,stage2: s8_sth2
matmult_imp_stage2_s8_sth2_l1d_ddr4_2x,matmult,imp,s8_sth2,l1d,ddr4_2x,0.001233,1.997865,1150573.0,2139931.0,5366.0,1084487.0,39085.0,4067.0,6154.0,,,,stage2,0.001298,1.0527169505271694,39085.0,4067.0,6154.0,0.10405526416783932,0.1574517078162978,0.5376682706124637,0.0049479615707703276,stage2: s8_sth2
matmult_imp_stage2_s8_sth2_l2_ddr4_1x,matmult,imp,s8_sth2,l2,ddr4_1x,0.001232,2.000398,1157853.0,2137540.0,2230.0,1076640.0,,,,6407.0,3181.0,15.0,stage2,0.001279,1.0381493506493507,6407.0,3181.0,15.0,0.496488216013735,0.0023411893241766816,0.5416754774179664,0.002071258730866399,stage2: s8_sth2
matmult_imp_stage2_s8_sth2_l2_ddr4_2x,matmult,imp,s8_sth2,l2,ddr4_2x,0.001222,2.015524,1160395.0,2139416.0,2175.0,1078284.0,,,,6087.0,3203.0,14.0,stage2,0.001298,1.0621931260229132,6087.0,3203.0,14.0,0.526203384261541,0.0022999835715459176,0.5423886705530855,0.0020170938268582305,stage2: s8_sth2
matmult_imp_stage2_s8_sth8_l1d_ddr4_1x,matmult,imp,s8_sth8,l1d,ddr4_1x,0.001221,2.017267,1148949.0,2137730.0,5458.0,1082773.0,36599.0,4235.0,5421.0,,,,stage2,0.001279,1.0475020475020473,36599.0,4235.0,5421.0,0.11571354408590398,0.14811880106013825,0.5374621678135219,0.0050407610828862555,stage2: s8_sth8
matmult_imp_stage2_s8_sth8_l1d_ddr4_2x,matmult,imp,s8_sth8,l1d,ddr4_2x,0.001229,2.004692,1150474.0,2138832.0,5360.0,1083826.0,37152.0,3983.0,6123.0,,,,stage2,0.001298,1.0561432058584213,37152.0,3983.0,6123.0,0.107208225667528,0.1648094315245478,0.537898254748386,0.004945443272259569,stage2: s8_sth8
matmult_imp_stage2_s8_sth8_l2_ddr4_1x,matmult,imp,s8_sth8,l2,ddr4_1x,0.001252,1.968385,1159156.0,2139141.0,2196.0,1078284.0,,,,5948.0,3189.0,12.0,stage2,0.001279,1.0215654952076676,5948.0,3189.0,12.0,0.5361466039004708,0.0020174848688634837,0.5418791935641456,0.0020365692155313443,stage2: s8_sth8
matmult_imp_stage2_s8_sth8_l2_ddr4_2x,matmult,imp,s8_sth8,l2,ddr4_2x,0.001229,2.003925,1159033.0,2138698.0,2188.0,1077652.0,,,,6131.0,3198.0,4.0,stage2,0.001298,1.0561432058584213,6131.0,3198.0,4.0,0.5216114826292612,0.0006524221171097701,0.5419339242847752,0.002030340035558789,stage2: s8_sth8
merge_imp_stage2_aggr_s16_sth2_d32_ipd16_addr16_l1d_ddr4_1x,merge,imp,aggr_s16_sth2_d32_ipd16_addr16,l1d,ddr4_1x,0.01004,1.25771,775213.0,10970799.0,73558.0,211999.0,214948.0,75417.0,5703.0,,,,stage2,0.011631,1.1584661354581673,214948.0,75417.0,5703.0,0.3508616037367177,0.026531998436831232,0.07066148965084494,0.346973334779881,stage2: aggr_s16_sth2_d32_ipd16_addr16
merge_imp_stage2_aggr_s16_sth2_d32_ipd16_addr16_l1d_ddr4_2x,merge,imp,aggr_s16_sth2_d32_ipd16_addr16,l1d,ddr4_2x,0.009993,1.263575,768582.0,10970392.0,73579.0,211892.0,214107.0,75861.0,5650.0,,,,stage2,0.011697,1.1705193635544882,214107.0,75861.0,5650.0,0.354313497456879,0.02638867482146777,0.07005966605386571,0.3472476544654824,stage2: aggr_s16_sth2_d32_ipd16_addr16
merge_imp_stage2_aggr_s16_sth2_d32_ipd16_addr16_l2_ddr4_1x,merge,imp,aggr_s16_sth2_d32_ipd16_addr16,l2,ddr4_1x,0.010354,1.219581,865508.0,11117458.0,19237.0,201371.0,,,,99954.0,52928.0,324.0,stage2,0.011631,1.1233339772068767,99954.0,52928.0,324.0,0.5295235808471898,0.0032414910858995136,0.07785124980908406,0.09553014088423854,stage2: aggr_s16_sth2_d32_ipd16_addr16
merge_imp_stage2_aggr_s16_sth2_d32_ipd16_addr16_l2_ddr4_2x,merge,imp,aggr_s16_sth2_d32_ipd16_addr16,l2,ddr4_2x,0.010224,1.235059,866074.0,11117249.0,15807.0,201423.0,,,,99038.0,56412.0,322.0,stage2,0.011697,1.1440727699530517,99038.0,56412.0,322.0,0.5695995476483774,0.003251277287505806,0.07790362525837102,0.07847663871553893,stage2: aggr_s16_sth2_d32_ipd16_addr16
merge_imp_stage2_aggr_s16_sth2_d32_ipd16_l1d_ddr4_1x,merge,imp,aggr_s16_sth2_d32_ipd16,l1d,ddr4_1x,0.01004,1.25771,775213.0,10970799.0,73558.0,211999.0,214948.0,75417.0,5703.0,,,,stage2,0.011631,1.1584661354581673,214948.0,75417.0,5703.0,0.3508616037367177,0.026531998436831232,0.07066148965084494,0.346973334779881,stage2: aggr_s16_sth2_d32_ipd16
merge_imp_stage2_aggr_s16_sth2_d32_ipd16_l1d_ddr4_2x,merge,imp,aggr_s16_sth2_d32_ipd16,l1d,ddr4_2x,0.009993,1.263575,768582.0,10970392.0,73579.0,211892.0,214107.0,75861.0,5650.0,,,,stage2,0.011697,1.1705193635544882,214107.0,75861.0,5650.0,0.354313497456879,0.02638867482146777,0.07005966605386571,0.3472476544654824,stage2: aggr_s16_sth2_d32_ipd16
merge_imp_stage2_aggr_s16_sth2_d32_ipd16_l2_ddr4_1x,merge,imp,aggr_s16_sth2_d32_ipd16,l2,ddr4_1x,0.010354,1.219581,865508.0,11117458.0,19237.0,201371.0,,,,99954.0,52928.0,324.0,stage2,0.011631,1.1233339772068767,99954.0,52928.0,324.0,0.5295235808471898,0.0032414910858995136,0.07785124980908406,0.09553014088423854,stage2: aggr_s16_sth2_d32_ipd16
merge_imp_stage2_aggr_s16_sth2_d32_ipd16_l2_ddr4_2x,merge,imp,aggr_s16_sth2_d32_ipd16,l2,ddr4_2x,0.010224,1.235059,866074.0,11117249.0,15807.0,201423.0,,,,99038.0,56412.0,322.0,stage2,0.011697,1.1440727699530517,99038.0,56412.0,322.0,0.5695995476483774,0.003251277287505806,0.07790362525837102,0.07847663871553893,stage2: aggr_s16_sth2_d32_ipd16
merge_imp_stage2_cons_s2_sth8_pt8_l1d_ddr4_1x,merge,imp,cons_s2_sth8_pt8,l1d,ddr4_1x,0.010622,1.188778,915134.0,11059292.0,72278.0,203464.0,281107.0,37855.0,715.0,,,,stage2,0.011631,1.0949915270193937,281107.0,37855.0,715.0,0.13466402473079644,0.0025435154585264686,0.08274797337840434,0.35523729013486416,stage2: cons_s2_sth8_pt8
merge_imp_stage2_cons_s2_sth8_pt8_l1d_ddr4_2x,merge,imp,cons_s2_sth8_pt8,l1d,ddr4_2x,0.010641,1.186652,912824.0,11056537.0,72288.0,203460.0,275068.0,37737.0,712.0,,,,stage2,0.011697,1.0992387933464902,275068.0,37737.0,712.0,0.1371915308214696,0.0025884508557883867,0.08255966583388633,0.35529342376879974,stage2: cons_s2_sth8_pt8
merge_imp_stage2_cons_s2_sth8_pt8_l2_ddr4_1x,merge,imp,cons_s2_sth8_pt8,l2,ddr4_1x,0.010839,1.165001,950954.0,11169157.0,44570.0,201548.0,,,,83183.0,27614.0,68.0,stage2,0.011631,1.0730694713534459,83183.0,27614.0,68.0,0.3319668682302874,0.0008174747244028227,0.08514107197168058,0.2211383888701451,stage2: cons_s2_sth8_pt8
merge_imp_stage2_cons_s2_sth8_pt8_l2_ddr4_2x,merge,imp,cons_s2_sth8_pt8,l2,ddr4_2x,0.010781,1.171275,945783.0,11165407.0,44452.0,201552.0,,,,82982.0,27739.0,64.0,stage2,0.011697,1.084964289026992,82982.0,27739.0,64.0,0.3342773131522499,0.0007712515967318213,0.08470654047810348,0.22054854330396126,stage2: cons_s2_sth8_pt8
merge_imp_stage2_cons_s8_sth8_pt8_ipd8_l1d_ddr4_1x,merge,imp,cons_s8_sth8_pt8_ipd8,l1d,ddr4_1x,0.010168,1.241855,803261.0,10989565.0,72884.0,207671.0,234311.0,65695.0,3200.0,,,,stage2,0.011631,1.1438827694728562,234311.0,65695.0,3200.0,0.2803752277955367,0.013657062621899953,0.07309306601307695,0.350958968753461,stage2: cons_s8_sth8_pt8_ipd8
merge_imp_stage2_cons_s8_sth8_pt8_ipd8_l1d_ddr4_2x,merge,imp,cons_s8_sth8_pt8_ipd8,l1d,ddr4_2x,0.010146,1.244579,788448.0,10989158.0,72897.0,207609.0,212815.0,68566.0,3159.0,,,,stage2,0.011697,1.1528681253696038,212815.0,68566.0,3159.0,0.3221859361417193,0.014843878486008976,0.07174780815782246,0.35112639625449765,stage2: cons_s8_sth8_pt8_ipd8
merge_imp_stage2_cons_s8_sth8_pt8_ipd8_l2_ddr4_1x,merge,imp,cons_s8_sth8_pt8_ipd8,l2,ddr4_1x,0.010496,1.203068,889889.0,11128443.0,23059.0,201539.0,,,,114516.0,49250.0,205.0,stage2,0.011631,1.1081364329268293,114516.0,49250.0,205.0,0.43007090712214885,0.0017901428621328024,0.07996527456716092,0.11441457980837456,stage2: cons_s8_sth8_pt8_ipd8
merge_imp_stage2_cons_s8_sth8_pt8_ipd8_l2_ddr4_2x,merge,imp,cons_s8_sth8_pt8_ipd8,l2,ddr4_2x,0.010388,1.215567,887563.0,11127546.0,21180.0,201522.0,,,,106994.0,51116.0,213.0,stage2,0.011697,1.126010781671159,106994.0,51116.0,213.0,0.47774641568686094,0.001990765837336673,0.07976268981498706,0.10510018757257272,stage2: cons_s8_sth8_pt8_ipd8
merge_imp_stage2_s16_dist32_addr16_l1d_ddr4_1x,merge,imp,s16_dist32_addr16,l1d,ddr4_1x,0.010037,1.258013,776026.0,10971648.0,73528.0,211815.0,217822.0,74992.0,5608.0,,,,stage2,0.011631,1.1588123941416757,217822.0,74992.0,5608.0,0.34428111026434427,0.025745792436025747,0.07073012185589622,0.3471331114415882,stage2: s16_dist32_addr16
merge_imp_stage2_s16_dist32_addr16_l1d_ddr4_2x,merge,imp,s16_dist32_addr16,l1d,ddr4_2x,0.009995,1.263335,767808.0,10970706.0,73495.0,211658.0,213024.0,76012.0,5513.0,,,,stage2,0.011697,1.1702851425712857,213024.0,76012.0,5513.0,0.3568236442842121,0.02587971308397176,0.06998710930727703,0.34723468992431183,stage2: s16_dist32_addr16
merge_imp_stage2_s16_dist32_addr16_l2_ddr4_1x,merge,imp,s16_dist32_addr16,l2,ddr4_1x,0.010353,1.219609,865516.0,11117479.0,19246.0,201370.0,,,,99914.0,52918.0,300.0,stage2,0.011631,1.1234424804404521,99914.0,52918.0,300.0,0.5296354865184059,0.0030025822207098104,0.07785182234209752,0.09557530913244276,stage2: s16_dist32_addr16
merge_imp_stage2_s16_dist32_addr16_l2_ddr4_2x,merge,imp,s16_dist32_addr16,l2,ddr4_2x,0.010224,1.235073,866082.0,11117254.0,15815.0,201421.0,,,,98998.0,56402.0,298.0,stage2,0.011697,1.1440727699530517,98998.0,56402.0,298.0,0.5697286813875028,0.0030101618214509384,0.07790430982327111,0.07851713575049275,stage2: s16_dist32_addr16
merge_imp_stage2_s16_dist8_addr16_l1d_ddr4_1x,merge,imp,s16_dist8_addr16,l1d,ddr4_1x,0.010037,1.258013,776026.0,10971648.0,73528.0,211815.0,217822.0,74992.0,5608.0,,,,stage2,0.011631,1.1588123941416757,217822.0,74992.0,5608.0,0.34428111026434427,0.025745792436025747,0.07073012185589622,0.3471331114415882,stage2: s16_dist8_addr16
merge_imp_stage2_s16_dist8_addr16_l1d_ddr4_2x,merge,imp,s16_dist8_addr16,l1d,ddr4_2x,0.009995,1.263335,767808.0,10970706.0,73495.0,211658.0,213024.0,76012.0,5513.0,,,,stage2,0.011697,1.1702851425712857,213024.0,76012.0,5513.0,0.3568236442842121,0.02587971308397176,0.06998710930727703,0.34723468992431183,stage2: s16_dist8_addr16
merge_imp_stage2_s16_dist8_addr16_l2_ddr4_1x,merge,imp,s16_dist8_addr16,l2,ddr4_1x,0.010353,1.219609,865516.0,11117479.0,19246.0,201370.0,,,,99914.0,52918.0,300.0,stage2,0.011631,1.1234424804404521,99914.0,52918.0,300.0,0.5296354865184059,0.0030025822207098104,0.07785182234209752,0.09557530913244276,stage2: s16_dist8_addr16
merge_imp_stage2_s16_dist8_addr16_l2_ddr4_2x,merge,imp,s16_dist8_addr16,l2,ddr4_2x,0.010224,1.235073,866082.0,11117254.0,15815.0,201421.0,,,,98998.0,56402.0,298.0,stage2,0.011697,1.1440727699530517,98998.0,56402.0,298.0,0.5697286813875028,0.0030101618214509384,0.07790430982327111,0.07851713575049275,stage2: s16_dist8_addr16
merge_imp_stage2_s16_ipd16_addr16_l1d_ddr4_1x,merge,imp,s16_ipd16_addr16,l1d,ddr4_1x,0.010037,1.258013,776026.0,10971648.0,73528.0,211815.0,217822.0,74992.0,5608.0,,,,stage2,0.011631,1.1588123941416757,217822.0,74992.0,5608.0,0.34428111026434427,0.025745792436025747,0.07073012185589622,0.3471331114415882,stage2: s16_ipd16_addr16
merge_imp_stage2_s16_ipd16_addr16_l1d_ddr4_2x,merge,imp,s16_ipd16_addr16,l1d,ddr4_2x,0.009995,1.263335,767808.0,10970706.0,73495.0,211658.0,213024.0,76012.0,5513.0,,,,stage2,0.011697,1.1702851425712857,213024.0,76012.0,5513.0,0.3568236442842121,0.02587971308397176,0.06998710930727703,0.34723468992431183,stage2: s16_ipd16_addr16
merge_imp_stage2_s16_ipd16_addr16_l2_ddr4_1x,merge,imp,s16_ipd16_addr16,l2,ddr4_1x,0.010353,1.219609,865516.0,11117479.0,19246.0,201370.0,,,,99914.0,52918.0,300.0,stage2,0.011631,1.1234424804404521,99914.0,52918.0,300.0,0.5296354865184059,0.0030025822207098104,0.07785182234209752,0.09557530913244276,stage2: s16_ipd16_addr16
merge_imp_stage2_s16_ipd16_addr16_l2_ddr4_2x,merge,imp,s16_ipd16_addr16,l2,ddr4_2x,0.010224,1.235073,866082.0,11117254.0,15815.0,201421.0,,,,98998.0,56402.0,298.0,stage2,0.011697,1.1440727699530517,98998.0,56402.0,298.0,0.5697286813875028,0.0030101618214509384,0.07790430982327111,0.07851713575049275,stage2: s16_ipd16_addr16
merge_imp_stage2_s16_ipd16_pt32_l1d_ddr4_1x,merge,imp,s16_ipd16_pt32,l1d,ddr4_1x,0.010037,1.258013,776026.0,10971648.0,73528.0,211815.0,217822.0,74992.0,5608.0,,,,stage2,0.011631,1.1588123941416757,217822.0,74992.0,5608.0,0.34428111026434427,0.025745792436025747,0.07073012185589622,0.3471331114415882,stage2: s16_ipd16_pt32
merge_imp_stage2_s16_ipd16_pt32_l1d_ddr4_2x,merge,imp,s16_ipd16_pt32,l1d,ddr4_2x,0.009995,1.263335,767808.0,10970706.0,73495.0,211658.0,213024.0,76012.0,5513.0,,,,stage2,0.011697,1.1702851425712857,213024.0,76012.0,5513.0,0.3568236442842121,0.02587971308397176,0.06998710930727703,0.34723468992431183,stage2: s16_ipd16_pt32
merge_imp_stage2_s16_ipd16_pt32_l2_ddr4_1x,merge,imp,s16_ipd16_pt32,l2,ddr4_1x,0.010353,1.219609,865516.0,11117479.0,19246.0,201370.0,,,,99914.0,52918.0,300.0,stage2,0.011631,1.1234424804404521,99914.0,52918.0,300.0,0.5296354865184059,0.0030025822207098104,0.07785182234209752,0.09557530913244276,stage2: s16_ipd16_pt32
merge_imp_stage2_s16_ipd16_pt32_l2_ddr4_2x,merge,imp,s16_ipd16_pt32,l2,ddr4_2x,0.010224,1.235073,866082.0,11117254.0,15815.0,201421.0,,,,98998.0,56402.0,298.0,stage2,0.011697,1.1440727699530517,98998.0,56402.0,298.0,0.5697286813875028,0.0030101618214509384,0.07790430982327111,0.07851713575049275,stage2: s16_ipd16_pt32
merge_imp_stage2_s16_ipd8_addr8_l1d_ddr4_1x,merge,imp,s16_ipd8_addr8,l1d,ddr4_1x,0.010037,1.258013,776026.0,10971648.0,73528.0,211815.0,217822.0,74992.0,5608.0,,,,stage2,0.011631,1.1588123941416757,217822.0,74992.0,5608.0,0.34428111026434427,0.025745792436025747,0.07073012185589622,0.3471331114415882,stage2: s16_ipd8_addr8
merge_imp_stage2_s16_ipd8_addr8_l1d_ddr4_2x,merge,imp,s16_ipd8_addr8,l1d,ddr4_2x,0.009995,1.263335,767808.0,10970706.0,73495.0,211658.0,213024.0,76012.0,5513.0,,,,stage2,0.011697,1.1702851425712857,213024.0,76012.0,5513.0,0.3568236442842121,0.02587971308397176,0.06998710930727703,0.34723468992431183,stage2: s16_ipd8_addr8
merge_imp_stage2_s16_ipd8_addr8_l2_ddr4_1x,merge,imp,s16_ipd8_addr8,l2,ddr4_1x,0.010353,1.219609,865516.0,11117479.0,19246.0,201370.0,,,,99914.0,52918.0,300.0,stage2,0.011631,1.1234424804404521,99914.0,52918.0,300.0,0.5296354865184059,0.0030025822207098104,0.07785182234209752,0.09557530913244276,stage2: s16_ipd8_addr8
merge_imp_stage2_s16_ipd8_addr8_l2_ddr4_2x,merge,imp,s16_ipd8_addr8,l2,ddr4_2x,0.010224,1.235073,866082.0,11117254.0,15815.0,201421.0,,,,98998.0,56402.0,298.0,stage2,0.011697,1.1440727699530517,98998.0,56402.0,298.0,0.5697286813875028,0.0030101618214509384,0.07790430982327111,0.07851713575049275,stage2: s16_ipd8_addr8
merge_imp_stage2_s16_l1d_ddr4_1x,merge,imp,s16,l1d,ddr4_1x,0.010037,1.258013,776026.0,10971648.0,73528.0,211815.0,217822.0,74992.0,5608.0,,,,stage2,0.011631,1.1588123941416757,217822.0,74992.0,5608.0,0.34428111026434427,0.025745792436025747,0.07073012185589622,0.3471331114415882,stage2: s16
merge_imp_stage2_s16_l1d_ddr4_2x,merge,imp,s16,l1d,ddr4_2x,0.009995,1.263335,767808.0,10970706.0,73495.0,211658.0,213024.0,76012.0,5513.0,,,,stage2,0.011697,1.1702851425712857,213024.0,76012.0,5513.0,0.3568236442842121,0.02587971308397176,0.06998710930727703,0.34723468992431183,stage2: s16
merge_imp_stage2_s16_l2_ddr4_1x,merge,imp,s16,l2,ddr4_1x,0.010353,1.219609,865516.0,11117479.0,19246.0,201370.0,,,,99914.0,52918.0,300.0,stage2,0.011631,1.1234424804404521,99914.0,52918.0,300.0,0.5296354865184059,0.0030025822207098104,0.07785182234209752,0.09557530913244276,stage2: s16
merge_imp_stage2_s16_l2_ddr4_2x,merge,imp,s16,l2,ddr4_2x,0.010224,1.235073,866082.0,11117254.0,15815.0,201421.0,,,,98998.0,56402.0,298.0,stage2,0.011697,1.1440727699530517,98998.0,56402.0,298.0,0.5697286813875028,0.0030101618214509384,0.07790430982327111,0.07851713575049275,stage2: s16
merge_imp_stage2_s16_pt8_sth2_l1d_ddr4_1x,merge,imp,s16_pt8_sth2,l1d,ddr4_1x,0.010037,1.258068,776354.0,10970742.0,73234.0,210956.0,213931.0,74664.0,5187.0,,,,stage2,0.011631,1.1588123941416757,213931.0,74664.0,5187.0,0.34900972743548153,0.024246135436192043,0.07076586068654245,0.3471529608069929,stage2: s16_pt8_sth2
merge_imp_stage2_s16_pt8_sth2_l1d_ddr4_2x,merge,imp,s16_pt8_sth2,l1d,ddr4_2x,0.009996,1.26316,766519.0,10970762.0,73184.0,210833.0,210156.0,75788.0,5130.0,,,,stage2,0.011697,1.1701680672268908,210156.0,75788.0,5130.0,0.3606273434972116,0.024410437960372296,0.0698692579421557,0.3471183353649571,stage2: s16_pt8_sth2
merge_imp_stage2_s16_pt8_sth2_l2_ddr4_1x,merge,imp,s16_pt8_sth2,l2,ddr4_1x,0.010353,1.219706,865696.0,11117456.0,19542.0,201335.0,,,,100738.0,52586.0,305.0,stage2,0.011631,1.1234424804404521,100738.0,52586.0,305.0,0.5220075840298596,0.003027655899461971,0.07786817415782891,0.09706211041299327,stage2: s16_pt8_sth2
merge_imp_stage2_s16_pt8_sth2_l2_ddr4_2x,merge,imp,s16_pt8_sth2,l2,ddr4_2x,0.010226,1.234865,866274.0,11117200.0,15901.0,201437.0,,,,99191.0,56329.0,304.0,stage2,0.011697,1.1438490123215332,99191.0,56329.0,304.0,0.5678841830408001,0.0030647941849562964,0.07792195876659591,0.07893783167938363,stage2: s16_pt8_sth2
merge_imp_stage2_s16_pt8_sth8_l1d_ddr4_1x,merge,imp,s16_pt8_sth8,l1d,ddr4_1x,0.010035,1.258355,773620.0,10971739.0,73194.0,210652.0,208908.0,74955.0,5080.0,,,,stage2,0.011631,1.1590433482810165,208908.0,74955.0,5080.0,0.3587943017979206,0.024316924196296934,0.07051024454737759,0.34746406395381957,stage2: s16_pt8_sth8
merge_imp_stage2_s16_pt8_sth8_l1d_ddr4_2x,merge,imp,s16_pt8_sth8,l1d,ddr4_2x,0.00999,1.263934,768116.0,10970967.0,73145.0,210512.0,205334.0,75336.0,4993.0,,,,stage2,0.011697,1.1708708708708708,205334.0,75336.0,4993.0,0.36689491267885493,0.0243164794919497,0.07001351840726529,0.347462377441666,stage2: s16_pt8_sth8
merge_imp_stage2_s16_pt8_sth8_l2_ddr4_1x,merge,imp,s16_pt8_sth8,l2,ddr4_1x,0.010354,1.219602,865909.0,11115552.0,19760.0,201427.0,,,,99067.0,52401.0,218.0,stage2,0.011631,1.1233339772068767,99067.0,52401.0,218.0,0.5289450573854059,0.0022005309537989444,0.07790067465835256,0.09810005609972844,stage2: s16_pt8_sth8
merge_imp_stage2_s16_pt8_sth8_l2_ddr4_2x,merge,imp,s16_pt8_sth8,l2,ddr4_2x,0.010224,1.235031,866788.0,11115358.0,16038.0,201482.0,,,,99266.0,56185.0,249.0,stage2,0.011697,1.1440727699530517,99266.0,56185.0,249.0,0.5660044728305764,0.0025084117421876576,0.07798111405858453,0.07960016279369869,stage2: s16_pt8_sth8
merge_imp_stage2_s16_sth2_l1d_ddr4_1x,merge,imp,s16_sth2,l1d,ddr4_1x,0.01004,1.25771,775213.0,10970799.0,73558.0,211999.0,214948.0,75417.0,5703.0,,,,stage2,0.011631,1.1584661354581673,214948.0,75417.0,5703.0,0.3508616037367177,0.026531998436831232,0.07066148965084494,0.346973334779881,stage2: s16_sth2
merge_imp_stage2_s16_sth2_l1d_ddr4_2x,merge,imp,s16_sth2,l1d,ddr4_2x,0.009993,1.263575,768582.0,10970392.0,73579.0,211892.0,214107.0,75861.0,5650.0,,,,stage2,0.011697,1.1705193635544882,214107.0,75861.0,5650.0,0.354313497456879,0.02638867482146777,0.07005966605386571,0.3472476544654824,stage2: s16_sth2
merge_imp_stage2_s16_sth2_l2_ddr4_1x,merge,imp,s16_sth2,l2,ddr4_1x,0.010354,1.219581,865508.0,11117458.0,19237.0,201371.0,,,,99954.0,52928.0,324.0,stage2,0.011631,1.1233339772068767,99954.0,52928.0,324.0,0.5295235808471898,0.0032414910858995136,0.07785124980908406,0.09553014088423854,stage2: s16_sth2
merge_imp_stage2_s16_sth2_l2_ddr4_2x,merge,imp,s16_sth2,l2,ddr4_2x,0.010224,1.235059,866074.0,11117249.0,15807.0,201423.0,,,,99038.0,56412.0,322.0,stage2,0.011697,1.1440727699530517,99038.0,56412.0,322.0,0.5695995476483774,0.003251277287505806,0.07790362525837102,0.07847663871553893,stage2: s16_sth2
merge_imp_stage2_s16_sth8_l1d_ddr4_1x,merge,imp,s16_sth8,l1d,ddr4_1x,0.010041,1.257524,774544.0,10970587.0,73379.0,211506.0,216075.0,75474.0,5409.0,,,,stage2,0.011631,1.1583507618763074,216075.0,75474.0,5409.0,0.3492953835473794,0.025032974661575842,0.07060187390155148,0.3469357843276314,stage2: s16_sth8
merge_imp_stage2_s16_sth8_l1d_ddr4_2x,merge,imp,s16_sth8,l1d,ddr4_2x,0.00999,1.263929,770031.0,10969702.0,73471.0,211544.0,211735.0,75396.0,5471.0,,,,stage2,0.011697,1.1708708708708708,211735.0,75396.0,5471.0,0.3560866177060949,0.02583890240158689,0.07019616394319554,0.34730836138108384,stage2: s16_sth8
merge_imp_stage2_s16_sth8_l2_ddr4_1x,merge,imp,s16_sth8,l2,ddr4_1x,0.010353,1.219618,865472.0,11117547.0,19425.0,201361.0,,,,99651.0,52731.0,282.0,stage2,0.011631,1.1234424804404521,99651.0,52731.0,282.0,0.529156757082217,0.002829876268175934,0.07784738845718395,0.096468531642175,stage2: s16_sth8
merge_imp_stage2_s16_sth8_l2_ddr4_2x,merge,imp,s16_sth8,l2,ddr4_2x,0.010227,1.234694,866354.0,11117284.0,15787.0,201418.0,,,,98457.0,56426.0,262.0,stage2,0.011697,1.1437371663244353,98457.0,56426.0,262.0,0.5731029789654367,0.002661060158241669,0.07792856600586978,0.07837929082802927,stage2: s16_sth8
merge_imp_stage2_s2_l1d_ddr4_1x,merge,imp,s2,l1d,ddr4_1x,0.010594,1.191944,913154.0,11058707.0,72319.0,203844.0,283292.0,38802.0,942.0,,,,stage2,0.011631,1.0978855956201625,283292.0,38802.0,942.0,0.13696821653982463,0.003325190969035483,0.08257330626446654,0.3547762014089205,stage2: s2
merge_imp_stage2_s2_l1d_ddr4_2x,merge,imp,s2,l1d,ddr4_2x,0.010602,1.191063,910794.0,11056515.0,72324.0,203865.0,284127.0,38678.0,948.0,,,,stage2,0.011697,1.1032823995472554,284127.0,38678.0,948.0,0.13612926613802984,0.0033365361264504957,0.0823762279524787,0.35476418217938344,stage2: s2
merge_imp_stage2_s2_l2_ddr4_1x,merge,imp,s2,l2,ddr4_1x,0.010846,1.164188,950903.0,11170780.0,44385.0,201480.0,,,,83098.0,27800.0,79.0,stage2,0.011631,1.0723769131477043,83098.0,27800.0,79.0,0.33454475438638714,0.0009506847336879348,0.08512413636290393,0.22029481834425252,stage2: s2
merge_imp_stage2_s2_l2_ddr4_2x,merge,imp,s2,l2,ddr4_2x,0.010782,1.171115,946612.0,11167146.0,44653.0,201481.0,,,,83727.0,27532.0,76.0,stage2,0.011697,1.0848636616583196,83727.0,27532.0,76.0,0.3288306042256381,0.0009077119686600499,0.08476758520037259,0.22162387520411353,stage2: s2
merge_imp_stage2_s2_sth2_l1d_ddr4_1x,merge,imp,s2_sth2,l1d,ddr4_1x,0.010594,1.191938,913180.0,11058715.0,72324.0,203845.0,286512.0,38797.0,950.0,,,,stage2,0.011631,1.0978855956201625,286512.0,38797.0,950.0,0.13541143128385547,0.003315742447087731,0.08257559761690214,0.35479898942824206,stage2: s2_sth2
merge_imp_stage2_s2_sth2_l1d_ddr4_2x,merge,imp,s2_sth2,l1d,ddr4_2x,0.010602,1.191068,910823.0,11056452.0,72328.0,203878.0,284373.0,38678.0,960.0,,,,stage2,0.011697,1.1032823995472554,284373.0,38678.0,960.0,0.13601150601498735,0.0033758479180512916,0.08237932023763138,0.35476118070610857,stage2: s2_sth2
merge_imp_stage2_s2_sth2_l2_ddr4_1x,merge,imp,s2_sth2,l2,ddr4_1x,0.010846,1.164197,950883.0,11170818.0,44388.0,201479.0,,,,83131.0,27796.0,83.0,stage2,0.011631,1.0723769131477043,83131.0,27796.0,83.0,0.3343638353923326,0.0009984241738942151,0.08512205641520612,0.22031080162200528,stage2: s2_sth2
merge_imp_stage2_s2_sth2_l2_ddr4_2x,merge,imp,s2_sth2,l2,ddr4_2x,0.010782,1.171121,946604.0,11167155.0,44649.0,201478.0,,,,83750.0,27533.0,80.0,stage2,0.011697,1.0848636616583196,83750.0,27533.0,80.0,0.32875223880597015,0.000955223880597015,0.084766800496635,0.22160732189122387,stage2: s2_sth2
merge_imp_stage2_s2_sth8_l1d_ddr4_1x,merge,imp,s2_sth8,l1d,ddr4_1x,0.010594,1.191924,913226.0,11058768.0,72319.0,203849.0,286365.0,38812.0,936.0,,,,stage2,0.011631,1.0978855956201625,286365.0,38812.0,936.0,0.13553332285719275,0.003268555864019695,0.08257936146232564,0.35476749947264885,stage2: s2_sth8
merge_imp_stage2_s2_sth8_l1d_ddr4_2x,merge,imp,s2_sth8,l1d,ddr4_2x,0.010597,1.191596,910848.0,11056107.0,72314.0,203852.0,280304.0,38675.0,935.0,,,,stage2,0.011697,1.103802963102765,280304.0,38675.0,935.0,0.13797519835607056,0.0033356641360808266,0.08238415203470806,0.3547377509173322,stage2: s2_sth8
merge_imp_stage2_s2_sth8_l2_ddr4_1x,merge,imp,s2_sth8,l2,ddr4_1x,0.010838,1.165036,950693.0,11168773.0,44303.0,201548.0,,,,82980.0,27881.0,73.0,stage2,0.011631,1.073168481269607,82980.0,27881.0,73.0,0.33599662569293803,0.0008797300554350446,0.08512063052942342,0.2198136424077639,stage2: s2_sth8
merge_imp_stage2_s2_sth8_l2_ddr4_2x,merge,imp,s2_sth8,l2,ddr4_2x,0.010777,1.171634,945600.0,11165209.0,44298.0,201552.0,,,,82957.0,27893.0,72.0,stage2,0.011697,1.085366985246358,82957.0,27893.0,72.0,0.33623443470713743,0.0008679195245729715,0.08469165243570452,0.21978447249345082,stage2: s2_sth8
merge_imp_stage2_s8_dist32_addr8_l1d_ddr4_1x,merge,imp,s8_dist32_addr8,l1d,ddr4_1x,0.010159,1.242904,803007.0,10989127.0,73064.0,208488.0,239282.0,66653.0,3555.0,,,,stage2,0.011631,1.1448961511959839,239282.0,66653.0,3555.0,0.278554174572262,0.01485694703320768,0.07307286556975819,0.350447028126319,stage2: s8_dist32_addr8
merge_imp_stage2_s8_dist32_addr8_l1d_ddr4_2x,merge,imp,s8_dist32_addr8,l1d,ddr4_2x,0.010136,1.245783,789419.0,10989085.0,73048.0,208447.0,220973.0,69022.0,3523.0,,,,stage2,0.011697,1.1540055248618786,220973.0,69022.0,3523.0,0.3123549030877075,0.01594312427310124,0.07183664518019471,0.3504392003722769,stage2: s8_dist32_addr8
merge_imp_stage2_s8_dist32_addr8_l2_ddr4_1x,merge,imp,s8_dist32_addr8,l2,ddr4_1x,0.010492,1.203492,889988.0,11128384.0,22581.0,201519.0,,,,113643.0,49707.0,240.0,stage2,0.011631,1.1085589020205873,113643.0,49707.0,240.0,0.4373960560703255,0.002111876666402682,0.07997459469407238,0.11205395024786745,stage2: s8_dist32_addr8
merge_imp_stage2_s8_dist32_addr8_l2_ddr4_2x,merge,imp,s8_dist32_addr8,l2,ddr4_2x,0.010384,1.216069,887571.0,11127357.0,21159.0,201542.0,,,,108292.0,51154.0,227.0,stage2,0.011697,1.1264445300462251,108292.0,51154.0,227.0,0.4723709969342149,0.002096184390352011,0.07976476354627608,0.1049855613222058,stage2: s8_dist32_addr8
merge_imp_stage2_s8_dist8_addr8_l1d_ddr4_1x,merge,imp,s8_dist8_addr8,l1d,ddr4_1x,0.010159,1.242904,803007.0,10989127.0,73064.0,208488.0,239282.0,66653.0,3555.0,,,,stage2,0.011631,1.1448961511959839,239282.0,66653.0,3555.0,0.278554174572262,0.01485694703320768,0.07307286556975819,0.350447028126319,stage2: s8_dist8_addr8
merge_imp_stage2_s8_dist8_addr8_l1d_ddr4_2x,merge,imp,s8_dist8_addr8,l1d,ddr4_2x,0.010136,1.245783,789419.0,10989085.0,73048.0,208447.0,220973.0,69022.0,3523.0,,,,stage2,0.011697,1.1540055248618786,220973.0,69022.0,3523.0,0.3123549030877075,0.01594312427310124,0.07183664518019471,0.3504392003722769,stage2: s8_dist8_addr8
merge_imp_stage2_s8_dist8_addr8_l2_ddr4_1x,merge,imp,s8_dist8_addr8,l2,ddr4_1x,0.010492,1.203492,889988.0,11128384.0,22581.0,201519.0,,,,113643.0,49707.0,240.0,stage2,0.011631,1.1085589020205873,113643.0,49707.0,240.0,0.4373960560703255,0.002111876666402682,0.07997459469407238,0.11205395024786745,stage2: s8_dist8_addr8
merge_imp_stage2_s8_dist8_addr8_l2_ddr4_2x,merge,imp,s8_dist8_addr8,l2,ddr4_2x,0.010384,1.216069,887571.0,11127357.0,21159.0,201542.0,,,,108292.0,51154.0,227.0,stage2,0.011697,1.1264445300462251,108292.0,51154.0,227.0,0.4723709969342149,0.002096184390352011,0.07976476354627608,0.1049855613222058,stage2: s8_dist8_addr8
merge_imp_stage2_s8_ipd16_addr16_l1d_ddr4_1x,merge,imp,s8_ipd16_addr16,l1d,ddr4_1x,0.010159,1.242904,803007.0,10989127.0,73064.0,208488.0,239282.0,66653.0,3555.0,,,,stage2,0.011631,1.1448961511959839,239282.0,66653.0,3555.0,0.278554174572262,0.01485694703320768,0.07307286556975819,0.350447028126319,stage2: s8_ipd16_addr16
merge_imp_stage2_s8_ipd16_addr16_l1d_ddr4_2x,merge,imp,s8_ipd16_addr16,l1d,ddr4_2x,0.010136,1.245783,789419.0,10989085.0,73048.0,208447.0,220973.0,69022.0,3523.0,,,,stage2,0.011697,1.1540055248618786,220973.0,69022.0,3523.0,0.3123549030877075,0.01594312427310124,0.07183664518019471,0.3504392003722769,stage2: s8_ipd16_addr16
merge_imp_stage2_s8_ipd16_addr16_l2_ddr4_1x,merge,imp,s8_ipd16_addr16,l2,ddr4_1x,0.010492,1.203492,889988.0,11128384.0,22581.0,201519.0,,,,113643.0,49707.0,240.0,stage2,0.011631,1.1085589020205873,113643.0,49707.0,240.0,0.4373960560703255,0.002111876666402682,0.07997459469407238,0.11205395024786745,stage2: s8_ipd16_addr16
merge_imp_stage2_s8_ipd16_addr16_l2_ddr4_2x,merge,imp,s8_ipd16_addr16,l2,ddr4_2x,0.010384,1.216069,887571.0,11127357.0,21159.0,201542.0,,,,108292.0,51154.0,227.0,stage2,0.011697,1.1264445300462251,108292.0,51154.0,227.0,0.4723709969342149,0.002096184390352011,0.07976476354627608,0.1049855613222058,stage2: s8_ipd16_addr16
merge_imp_stage2_s8_ipd16_pt32_l1d_ddr4_1x,merge,imp,s8_ipd16_pt32,l1d,ddr4_1x,0.010159,1.242904,803007.0,10989127.0,73064.0,208488.0,239282.0,66653.0,3555.0,,,,stage2,0.011631,1.1448961511959839,239282.0,66653.0,3555.0,0.278554174572262,0.01485694703320768,0.07307286556975819,0.350447028126319,stage2: s8_ipd16_pt32
merge_imp_stage2_s8_ipd16_pt32_l1d_ddr4_2x,merge,imp,s8_ipd16_pt32,l1d,ddr4_2x,0.010136,1.245783,789419.0,10989085.0,73048.0,208447.0,220973.0,69022.0,3523.0,,,,stage2,0.011697,1.1540055248618786,220973.0,69022.0,3523.0,0.3123549030877075,0.01594312427310124,0.07183664518019471,0.3504392003722769,stage2: s8_ipd16_pt32
merge_imp_stage2_s8_ipd16_pt32_l2_ddr4_1x,merge,imp,s8_ipd16_pt32,l2,ddr4_1x,0.010492,1.203492,889988.0,11128384.0,22581.0,201519.0,,,,113643.0,49707.0,240.0,stage2,0.011631,1.1085589020205873,113643.0,49707.0,240.0,0.4373960560703255,0.002111876666402682,0.07997459469407238,0.11205395024786745,stage2: s8_ipd16_pt32
merge_imp_stage2_s8_ipd16_pt32_l2_ddr4_2x,merge,imp,s8_ipd16_pt32,l2,ddr4_2x,0.010384,1.216069,887571.0,11127357.0,21159.0,201542.0,,,,108292.0,51154.0,227.0,stage2,0.011697,1.1264445300462251,108292.0,51154.0,227.0,0.4723709969342149,0.002096184390352011,0.07976476354627608,0.1049855613222058,stage2: s8_ipd16_pt32
merge_imp_stage2_s8_ipd8_addr8_l1d_ddr4_1x,merge,imp,s8_ipd8_addr8,l1d,ddr4_1x,0.010159,1.242904,803007.0,10989127.0,73064.0,208488.0,239282.0,66653.0,3555.0,,,,stage2,0.011631,1.1448961511959839,239282.0,66653.0,3555.0,0.278554174572262,0.01485694703320768,0.07307286556975819,0.350447028126319,stage2: s8_ipd8_addr8
merge_imp_stage2_s8_ipd8_addr8_l1d_ddr4_2x,merge,imp,s8_ipd8_addr8,l1d,ddr4_2x,0.010136,1.245783,789419.0,10989085.0,73048.0,208447.0,220973.0,69022.0,3523.0,,,,stage2,0.011697,1.1540055248618786,220973.0,69022.0,3523.0,0.3123549030877075,0.01594312427310124,0.07183664518019471,0.3504392003722769,stage2: s8_ipd8_addr8
merge_imp_stage2_s8_ipd8_addr8_l2_ddr4_1x,merge,imp,s8_ipd8_addr8,l2,ddr4_1x,0.010492,1.203492,889988.0,11128384.0,22581.0,201519.0,,,,113643.0,49707.0,240.0,stage2,0.011631,1.1085589020205873,113643.0,49707.0,240.0,0.4373960560703255,0.002111876666402682,0.07997459469407238,0.11205395024786745,stage2: s8_ipd8_addr8
merge_imp_stage2_s8_ipd8_addr8_l2_ddr4_2x,merge,imp,s8_ipd8_addr8,l2,ddr4_2x,0.010384,1.216069,887571.0,11127357.0,21159.0,201542.0,,,,108292.0,51154.0,227.0,stage2,0.011697,1.1264445300462251,108292.0,51154.0,227.0,0.4723709969342149,0.002096184390352011,0.07976476354627608,0.1049855613222058,stage2: s8_ipd8_addr8
merge_imp_stage2_s8_l1d_ddr4_1x,merge,imp,s8,l1d,ddr4_1x,0.010159,1.242904,803007.0,10989127.0,73064.0,208488.0,239282.0,66653.0,3555.0,,,,stage2,0.011631,1.1448961511959839,239282.0,66653.0,3555.0,0.278554174572262,0.01485694703320768,0.07307286556975819,0.350447028126319,stage2: s8
merge_imp_stage2_s8_l1d_ddr4_2x,merge,imp,s8,l1d,ddr4_2x,0.010136,1.245783,789419.0,10989085.0,73048.0,208447.0,220973.0,69022.0,3523.0,,,,stage2,0.011697,1.1540055248618786,220973.0,69022.0,3523.0,0.3123549030877075,0.01594312427310124,0.07183664518019471,0.3504392003722769,stage2: s8
merge_imp_stage2_s8_l2_ddr4_1x,merge,imp,s8,l2,ddr4_1x,0.010492,1.203492,889988.0,11128384.0,22581.0,201519.0,,,,113643.0,49707.0,240.0,stage2,0.011631,1.1085589020205873,113643.0,49707.0,240.0,0.4373960560703255,0.002111876666402682,0.07997459469407238,0.11205395024786745,stage2: s8
merge_imp_stage2_s8_l2_ddr4_2x,merge,imp,s8,l2,ddr4_2x,0.010384,1.216069,887571.0,11127357.0,21159.0,201542.0,,,,108292.0,51154.0,227.0,stage2,0.011697,1.1264445300462251,108292.0,51154.0,227.0,0.4723709969342149,0.002096184390352011,0.07976476354627608,0.1049855613222058,stage2: s8
merge_imp_stage2_s8_pt8_sth2_l1d_ddr4_1x,merge,imp,s8_pt8_sth2,l1d,ddr4_1x,0.010164,1.2423,806585.0,10991699.0,72892.0,207858.0,255762.0,65306.0,3198.0,,,,stage2,0.011631,1.1443329397874853,255762.0,65306.0,3198.0,0.2553389479281519,0.012503812137846905,0.07338128527718964,0.3506817154018609,stage2: s8_pt8_sth2
merge_imp_stage2_s8_pt8_sth2_l1d_ddr4_2x,merge,imp,s8_pt8_sth2,l1d,ddr4_2x,0.010138,1.245571,788561.0,10988699.0,72927.0,207974.0,217178.0,69097.0,3245.0,,,,stage2,0.011697,1.1537778654566977,217178.0,69097.0,3245.0,0.31815837699951194,0.014941660757535294,0.07176108836905988,0.3506544087241674,stage2: s8_pt8_sth2
merge_imp_stage2_s8_pt8_sth2_l2_ddr4_1x,merge,imp,s8_pt8_sth2,l2,ddr4_1x,0.010495,1.203119,890374.0,11128203.0,22953.0,201542.0,,,,115692.0,49358.0,241.0,stage2,0.011631,1.1082420200095284,115692.0,49358.0,241.0,0.4266327835978287,0.0020831172423330913,0.08001058212183944,0.11388693175616,stage2: s8_pt8_sth2
merge_imp_stage2_s8_pt8_sth2_l2_ddr4_2x,merge,imp,s8_pt8_sth2,l2,ddr4_2x,0.010378,1.216778,887642.0,11127233.0,21095.0,201538.0,,,,107522.0,51205.0,250.0,stage2,0.011697,1.127095779533629,107522.0,51205.0,250.0,0.47622812075668236,0.0023251055597924147,0.07977203317302693,0.10467008703073366,stage2: s8_pt8_sth2
merge_imp_stage2_s8_pt8_sth8_l1d_ddr4_1x,merge,imp,s8_pt8_sth8,l1d,ddr4_1x,0.010168,1.241855,803261.0,10989565.0,72884.0,207671.0,234311.0,65695.0,3200.0,,,,stage2,0.011631,1.1438827694728562,234311.0,65695.0,3200.0,0.2803752277955367,0.013657062621899953,0.07309306601307695,0.350958968753461,stage2: s8_pt8_sth8
merge_imp_stage2_s8_pt8_sth8_l1d_ddr4_2x,merge,imp,s8_pt8_sth8,l1d,ddr4_2x,0.010146,1.244579,788448.0,10989158.0,72897.0,207609.0,212815.0,68566.0,3159.0,,,,stage2,0.011697,1.1528681253696038,212815.0,68566.0,3159.0,0.3221859361417193,0.014843878486008976,0.07174780815782246,0.35112639625449765,stage2: s8_pt8_sth8
merge_imp_stage2_s8_pt8_sth8_l2_ddr4_1x,merge,imp,s8_pt8_sth8,l2,ddr4_1x,0.010496,1.203068,889889.0,11128443.0,23059.0,201539.0,,,,114516.0,49250.0,205.0,stage2,0.011631,1.1081364329268293,114516.0,49250.0,205.0,0.43007090712214885,0.0017901428621328024,0.07996527456716092,0.11441457980837456,stage2: s8_pt8_sth8
merge_imp_stage2_s8_pt8_sth8_l2_ddr4_2x,merge,imp,s8_pt8_sth8,l2,ddr4_2x,0.010388,1.215567,887563.0,11127546.0,21180.0,201522.0,,,,106994.0,51116.0,213.0,stage2,0.011697,1.126010781671159,106994.0,51116.0,213.0,0.47774641568686094,0.001990765837336673,0.07976268981498706,0.10510018757257272,stage2: s8_pt8_sth8
merge_imp_stage2_s8_sth2_l1d_ddr4_1x,merge,imp,s8_sth2,l1d,ddr4_1x,0.010165,1.242169,804149.0,10991388.0,73047.0,208805.0,230916.0,66232.0,3752.0,,,,stage2,0.011631,1.1442203639940973,230916.0,66232.0,3752.0,0.2868229139600547,0.016248332727052263,0.07316173353174321,0.3498335767821652,stage2: s8_sth2
merge_imp_stage2_s8_sth2_l1d_ddr4_2x,merge,imp,s8_sth2,l1d,ddr4_2x,0.010139,1.245378,793197.0,10990716.0,73035.0,208384.0,221181.0,67938.0,3528.0,,,,stage2,0.011697,1.1536640694348554,221181.0,67938.0,3528.0,0.3071601991129437,0.01595073717905245,0.07216972943346002,0.35048276259213756,stage2: s8_sth2
merge_imp_stage2_s8_sth2_l2_ddr4_1x,merge,imp,s8_sth2,l2,ddr4_1x,0.010492,1.203473,890010.0,11128255.0,22750.0,201527.0,,,,114299.0,49550.0,253.0,stage2,0.011631,1.1085589020205873,114299.0,49550.0,253.0,0.43351210421788466,0.0022134926814757786,0.07997749871835252,0.1128880993613759,stage2: s8_sth2
merge_imp_stage2_s8_sth2_l2_ddr4_2x,merge,imp,s8_sth2,l2,ddr4_2x,0.010383,1.216088,887562.0,11127330.0,21147.0,201541.0,,,,108312.0,51165.0,243.0,stage2,0.011697,1.1265530193585669,108312.0,51165.0,243.0,0.47238533126523374,0.002243518723687126,0.07976414827276625,0.1049265410015828,stage2: s8_sth2
merge_imp_stage2_s8_sth8_l1d_ddr4_1x,merge,imp,s8_sth8,l1d,ddr4_1x,0.010165,1.242188,801560.0,10991389.0,72963.0,208311.0,233307.0,66674.0,3474.0,,,,stage2,0.011631,1.1442203639940973,233307.0,66674.0,3474.0,0.2857779663704904,0.014890251899857269,0.07292617884782351,0.3502599478664113,stage2: s8_sth8
merge_imp_stage2_s8_sth8_l1d_ddr4_2x,merge,imp,s8_sth8,l1d,ddr4_2x,0.010134,1.245995,790138.0,10989259.0,73027.0,208558.0,223671.0,68884.0,3535.0,,,,stage2,0.011697,1.1542332741267023,223671.0,68884.0,3535.0,0.3079701883570065,0.015804462804744467,0.07190093526779194,0.3501519960874193,stage2: s8_sth8
merge_imp_stage2_s8_sth8_l2_ddr4_1x,merge,imp,s8_sth8,l2,ddr4_1x,0.010492,1.203507,889895.0,11128328.0,22774.0,201525.0,,,,114247.0,49522.0,226.0,stage2,0.011631,1.1085589020205873,114247.0,49522.0,226.0,0.43346433604383483,0.0019781701051231103,0.07996664009184488,0.11300831162386801,stage2: s8_sth8
merge_imp_stage2_s8_sth8_l2_ddr4_2x,merge,imp,s8_sth8,l2,ddr4_2x,0.010384,1.216049,887482.0,11127434.0,21194.0,201540.0,,,,108317.0,51119.0,226.0,stage2,0.011697,1.1264445300462251,108317.0,51119.0,226.0,0.47193884616449866,0.0020864684213927637,0.0797562133372348,0.1051602659521683,stage2: s8_sth8
quick_imp_stage2_aggr_s16_sth2_d32_ipd16_addr16_l1d_ddr4_1x,quick,imp,aggr_s16_sth2_d32_ipd16_addr16,l1d,ddr4_1x,0.008497,0.957622,59160.0,9167416.0,28554.0,85487.0,166306.0,70318.0,1512.0,,,,stage2,0.009731,1.1452277274332119,166306.0,70318.0,1512.0,0.4228229889480837,0.009091674383365602,0.006453290654640304,0.33401569829330774,stage2: aggr_s16_sth2_d32_ipd16_addr16
quick_imp_stage2_aggr_s16_sth2_d32_ipd16_addr16_l1d_ddr4_2x,quick,imp,aggr_s16_sth2_d32_ipd16_addr16,l1d,ddr4_2x,0.00846,0.961874,57597.0,9165998.0,28580.0,85433.0,163282.0,70405.0,1448.0,,,,stage2,0.00967,1.1430260047281322,163282.0,70405.0,1448.0,0.43118653617667596,0.008868093237466469,0.00628376746318295,0.3345311530673159,stage2: aggr_s16_sth2_d32_ipd16_addr16
quick_imp_stage2_aggr_s16_sth2_d32_ipd16_addr16_l2_ddr4_1x,quick,imp,aggr_s16_sth2_d32_ipd16_addr16,l2,ddr4_1x,0.008815,0.923136,242700.0,9227056.0,3968.0,82818.0,,,,30166.0,24521.0,85.0,stage2,0.009731,1.1039137833238797,30166.0,24521.0,85.0,0.8128687926805013,0.002817741828548697,0.026303080852657663,0.04791228959887947,stage2: aggr_s16_sth2_d32_ipd16_addr16
quick_imp_stage2_aggr_s16_sth2_d32_ipd16_addr16_l2_ddr4_2x,quick,imp,aggr_s16_sth2_d32_ipd16_addr16,l2,ddr4_2x,0.008729,0.932222,240456.0,9225235.0,3987.0,82819.0,,,,30402.0,24503.0,85.0,stage2,0.00967,1.107801580937106,30402.0,24503.0,85.0,0.8059667127162686,0.0027958686928491547,0.026065027069771124,0.0481411270360666,stage2: aggr_s16_sth2_d32_ipd16_addr16
quick_imp_stage2_aggr_s16_sth2_d32_ipd16_l1d_ddr4_1x,quick,imp,aggr_s16_sth2_d32_ipd16,l1d,ddr4_1x,0.008497,0.957622,59160.0,9167416.0,28554.0,85487.0,166306.0,70318.0,1512.0,,,,stage2,0.009731,1.1452277274332119,166306.0,70318.0,1512.0,0.4228229889480837,0.009091674383365602,0.006453290654640304,0.33401569829330774,stage2: aggr_s16_sth2_d32_ipd16
quick_imp_stage2_aggr_s16_sth2_d32_ipd16_l1d_ddr4_2x,quick,imp,aggr_s16_sth2_d32_ipd16,l1d,ddr4_2x,0.00846,0.961874,57597.0,9165998.0,28580.0,85433.0,163282.0,70405.0,1448.0,,,,stage2,0.00967,1.1430260047281322,163282.0,70405.0,1448.0,0.43118653617667596,0.008868093237466469,0.00628376746318295,0.3345311530673159,stage2: aggr_s16_sth2_d32_ipd16
quick_imp_stage2_aggr_s16_sth2_d32_ipd16_l2_ddr4_1x,quick,imp,aggr_s16_sth2_d32_ipd16,l2,ddr4_1x,0.008815,0.923136,242700.0,9227056.0,3968.0,82818.0,,,,30166.0,24521.0,85.0,stage2,0.009731,1.1039137833238797,30166.0,24521.0,85.0,0.8128687926805013,0.002817741828548697,0.026303080852657663,0.04791228959887947,stage2: aggr_s16_sth2_d32_ipd16
quick_imp_stage2_aggr_s16_sth2_d32_ipd16_l2_ddr4_2x,quick,imp,aggr_s16_sth2_d32_ipd16,l2,ddr4_2x,0.008729,0.932222,240456.0,9225235.0,3987.0,82819.0,,,,30402.0,24503.0,85.0,stage2,0.00967,1.107801580937106,30402.0,24503.0,85.0,0.8059667127162686,0.0027958686928491547,0.026065027069771124,0.0481411270360666,stage2: aggr_s16_sth2_d32_ipd16
quick_imp_stage2_cons_s2_sth8_pt8_l1d_ddr4_1x,quick,imp,cons_s2_sth8_pt8,l1d,ddr4_1x,0.00905,0.899121,181688.0,9225463.0,28489.0,83105.0,208277.0,40037.0,124.0,,,,stage2,0.009731,1.0752486187845303,208277.0,40037.0,124.0,0.19222957887812864,0.0005953609856105091,0.01969418770635143,0.34280729198002524,stage2: cons_s2_sth8_pt8
quick_imp_stage2_cons_s2_sth8_pt8_l1d_ddr4_2x,quick,imp,cons_s2_sth8_pt8,l1d,ddr4_2x,0.008995,0.904579,178150.0,9223197.0,28491.0,83104.0,204808.0,40392.0,123.0,,,,stage2,0.00967,1.075041689827682,204808.0,40392.0,123.0,0.19721885863833444,0.000600562478028202,0.01931542826202238,0.34283548324990376,stage2: cons_s2_sth8_pt8
quick_imp_stage2_cons_s2_sth8_pt8_l2_ddr4_1x,quick,imp,cons_s2_sth8_pt8,l2,ddr4_1x,0.009233,0.881287,271287.0,9249025.0,14323.0,82825.0,,,,27142.0,14168.0,5.0,stage2,0.009731,1.0539369652334019,27142.0,14168.0,5.0,0.5219954314346769,0.00018421634367401076,0.02933141601412041,0.1729308783579837,stage2: cons_s2_sth8_pt8
quick_imp_stage2_cons_s2_sth8_pt8_l2_ddr4_2x,quick,imp,cons_s2_sth8_pt8,l2,ddr4_2x,0.009137,0.890549,271242.0,9248930.0,14154.0,82826.0,,,,26715.0,14340.0,6.0,stage2,0.00967,1.0583342453759441,26715.0,14340.0,6.0,0.5367770915216171,0.00022459292532285232,0.029326851862864135,0.17088836838673846,stage2: cons_s2_sth8_pt8
quick_imp_stage2_cons_s8_sth8_pt8_ipd8_l1d_ddr4_1x,quick,imp,cons_s8_sth8_pt8_ipd8,l1d,ddr4_1x,0.008623,0.943605,85342.0,9179065.0,28518.0,84512.0,169579.0,63346.0,959.0,,,,stage2,0.009731,1.1284935637249216,169579.0,63346.0,959.0,0.3735486115615731,0.00565518136089964,0.009297461124853131,0.3374432033320712,stage2: cons_s8_sth8_pt8_ipd8
quick_imp_stage2_cons_s8_sth8_pt8_ipd8_l1d_ddr4_2x,quick,imp,cons_s8_sth8_pt8_ipd8,l1d,ddr4_2x,0.008586,0.947745,84033.0,9178648.0,28526.0,84486.0,168370.0,63330.0,932.0,,,,stage2,0.00967,1.1262520382017238,168370.0,63330.0,932.0,0.37613589119201757,0.005535427926590248,0.009155269926464116,0.33764173945979215,stage2: cons_s8_sth8_pt8_ipd8
quick_imp_stage2_cons_s8_sth8_pt8_ipd8_l2_ddr4_1x,quick,imp,cons_s8_sth8_pt8_ipd8,l2,ddr4_1x,0.008941,0.910103,250094.0,9233024.0,6252.0,82825.0,,,,31963.0,22252.0,45.0,stage2,0.009731,1.0883570070461919,31963.0,22252.0,45.0,0.696179958076526,0.0014078778587742076,0.02708690023983475,0.07548445517657712,stage2: cons_s8_sth8_pt8_ipd8
quick_imp_stage2_cons_s8_sth8_pt8_ipd8_l2_ddr4_2x,quick,imp,cons_s8_sth8_pt8_ipd8,l2,ddr4_2x,0.008851,0.919299,247773.0,9231130.0,6250.0,82820.0,,,,31770.0,22251.0,45.0,stage2,0.00967,1.0925319172974806,31770.0,22251.0,45.0,0.7003777148253069,0.00141643059490085,0.02684102596323527,0.07546486355952668,stage2: cons_s8_sth8_pt8_ipd8
quick_imp_stage2_s16_dist32_addr16_l1d_ddr4_1x,quick,imp,s16_dist32_addr16,l1d,ddr4_1x,0.008497,0.95759,59414.0,9167049.0,28515.0,85137.0,165998.0,70140.0,1297.0,,,,stage2,0.009731,1.1452277274332119,165998.0,70140.0,1297.0,0.4225352112676056,0.007813347148760828,0.006481256945392132,0.3349307586595722,stage2: s16_dist32_addr16
quick_imp_stage2_s16_dist32_addr16_l1d_ddr4_2x,quick,imp,s16_dist32_addr16,l1d,ddr4_2x,0.008459,0.961899,57720.0,9165808.0,28531.0,85108.0,162834.0,70256.0,1252.0,,,,stage2,0.00967,1.143161130157229,162834.0,70256.0,1252.0,0.4314578036527998,0.007688811918886719,0.006297317159600114,0.33523288057526907,stage2: s16_dist32_addr16
quick_imp_stage2_s16_dist32_addr16_l2_ddr4_1x,quick,imp,s16_dist32_addr16,l2,ddr4_1x,0.008812,0.92336,242742.0,9227157.0,3981.0,82820.0,,,,30092.0,24510.0,32.0,stage2,0.009731,1.1042896050839763,30092.0,24510.0,32.0,0.8145021932739599,0.0010634055562940316,0.026307344721673207,0.04806809949287612,stage2: s16_dist32_addr16
quick_imp_stage2_s16_dist32_addr16_l2_ddr4_2x,quick,imp,s16_dist32_addr16,l2,ddr4_2x,0.008729,0.932146,240499.0,9225301.0,4006.0,82824.0,,,,30347.0,24489.0,32.0,stage2,0.00967,1.107801580937106,30347.0,24489.0,32.0,0.8069660922002175,0.0010544699640821168,0.026069501688887983,0.048367622911233456,stage2: s16_dist32_addr16
quick_imp_stage2_s16_dist8_addr16_l1d_ddr4_1x,quick,imp,s16_dist8_addr16,l1d,ddr4_1x,0.008497,0.95759,59414.0,9167049.0,28515.0,85137.0,165998.0,70140.0,1297.0,,,,stage2,0.009731,1.1452277274332119,165998.0,70140.0,1297.0,0.4225352112676056,0.007813347148760828,0.006481256945392132,0.3349307586595722,stage2: s16_dist8_addr16
quick_imp_stage2_s16_dist8_addr16_l1d_ddr4_2x,quick,imp,s16_dist8_addr16,l1d,ddr4_2x,0.008459,0.961899,57720.0,9165808.0,28531.0,85108.0,162834.0,70256.0,1252.0,,,,stage2,0.00967,1.143161130157229,162834.0,70256.0,1252.0,0.4314578036527998,0.007688811918886719,0.006297317159600114,0.33523288057526907,stage2: s16_dist8_addr16
quick_imp_stage2_s16_dist8_addr16_l2_ddr4_1x,quick,imp,s16_dist8_addr16,l2,ddr4_1x,0.008812,0.92336,242742.0,9227157.0,3981.0,82820.0,,,,30092.0,24510.0,32.0,stage2,0.009731,1.1042896050839763,30092.0,24510.0,32.0,0.8145021932739599,0.0010634055562940316,0.026307344721673207,0.04806809949287612,stage2: s16_dist8_addr16
quick_imp_stage2_s16_dist8_addr16_l2_ddr4_2x,quick,imp,s16_dist8_addr16,l2,ddr4_2x,0.008729,0.932146,240499.0,9225301.0,4006.0,82824.0,,,,30347.0,24489.0,32.0,stage2,0.00967,1.107801580937106,30347.0,24489.0,32.0,0.8069660922002175,0.0010544699640821168,0.026069501688887983,0.048367622911233456,stage2: s16_dist8_addr16
quick_imp_stage2_s16_ipd16_addr16_l1d_ddr4_1x,quick,imp,s16_ipd16_addr16,l1d,ddr4_1x,0.008497,0.95759,59414.0,9167049.0,28515.0,85137.0,165998.0,70140.0,1297.0,,,,stage2,0.009731,1.1452277274332119,165998.0,70140.0,1297.0,0.4225352112676056,0.007813347148760828,0.006481256945392132,0.3349307586595722,stage2: s16_ipd16_addr16
quick_imp_stage2_s16_ipd16_addr16_l1d_ddr4_2x,quick,imp,s16_ipd16_addr16,l1d,ddr4_2x,0.008459,0.961899,57720.0,9165808.0,28531.0,85108.0,162834.0,70256.0,1252.0,,,,stage2,0.00967,1.143161130157229,162834.0,70256.0,1252.0,0.4314578036527998,0.007688811918886719,0.006297317159600114,0.33523288057526907,stage2: s16_ipd16_addr16
quick_imp_stage2_s16_ipd16_addr16_l2_ddr4_1x,quick,imp,s16_ipd16_addr16,l2,ddr4_1x,0.008812,0.92336,242742.0,9227157.0,3981.0,82820.0,,,,30092.0,24510.0,32.0,stage2,0.009731,1.1042896050839763,30092.0,24510.0,32.0,0.8145021932739599,0.0010634055562940316,0.026307344721673207,0.04806809949287612,stage2: s16_ipd16_addr16
quick_imp_stage2_s16_ipd16_addr16_l2_ddr4_2x,quick,imp,s16_ipd16_addr16,l2,ddr4_2x,0.008729,0.932146,240499.0,9225301.0,4006.0,82824.0,,,,30347.0,24489.0,32.0,stage2,0.00967,1.107801580937106,30347.0,24489.0,32.0,0.8069660922002175,0.0010544699640821168,0.026069501688887983,0.048367622911233456,stage2: s16_ipd16_addr16
quick_imp_stage2_s16_ipd16_pt32_l1d_ddr4_1x,quick,imp,s16_ipd16_pt32,l1d,ddr4_1x,0.008497,0.95759,59414.0,9167049.0,28515.0,85137.0,165998.0,70140.0,1297.0,,,,stage2,0.009731,1.1452277274332119,165998.0,70140.0,1297.0,0.4225352112676056,0.007813347148760828,0.006481256945392132,0.3349307586595722,stage2: s16_ipd16_pt32
quick_imp_stage2_s16_ipd16_pt32_l1d_ddr4_2x,quick,imp,s16_ipd16_pt32,l1d,ddr4_2x,0.008459,0.961899,57720.0,9165808.0,28531.0,85108.0,162834.0,70256.0,1252.0,,,,stage2,0.00967,1.143161130157229,162834.0,70256.0,1252.0,0.4314578036527998,0.007688811918886719,0.006297317159600114,0.33523288057526907,stage2: s16_ipd16_pt32
quick_imp_stage2_s16_ipd16_pt32_l2_ddr4_1x,quick,imp,s16_ipd16_pt32,l2,ddr4_1x,0.008812,0.92336,242742.0,9227157.0,3981.0,82820.0,,,,30092.0,24510.0,32.0,stage2,0.009731,1.1042896050839763,30092.0,24510.0,32.0,0.8145021932739599,0.0010634055562940316,0.026307344721673207,0.04806809949287612,stage2: s16_ipd16_pt32
quick_imp_stage2_s16_ipd16_pt32_l2_ddr4_2x,quick,imp,s16_ipd16_pt32,l2,ddr4_2x,0.008729,0.932146,240499.0,9225301.0,4006.0,82824.0,,,,30347.0,24489.0,32.0,stage2,0.00967,1.107801580937106,30347.0,24489.0,32.0,0.8069660922002175,0.0010544699640821168,0.026069501688887983,0.048367622911233456,stage2: s16_ipd16_pt32
quick_imp_stage2_s16_ipd8_addr8_l1d_ddr4_1x,quick,imp,s16_ipd8_addr8,l1d,ddr4_1x,0.008497,0.95759,59414.0,9167049.0,28515.0,85137.0,165998.0,70140.0,1297.0,,,,stage2,0.009731,1.1452277274332119,165998.0,70140.0,1297.0,0.4225352112676056,0.007813347148760828,0.006481256945392132,0.3349307586595722,stage2: s16_ipd8_addr8
quick_imp_stage2_s16_ipd8_addr8_l1d_ddr4_2x,quick,imp,s16_ipd8_addr8,l1d,ddr4_2x,0.008459,0.961899,57720.0,9165808.0,28531.0,85108.0,162834.0,70256.0,1252.0,,,,stage2,0.00967,1.143161130157229,162834.0,70256.0,1252.0,0.4314578036527998,0.007688811918886719,0.006297317159600114,0.33523288057526907,stage2: s16_ipd8_addr8
quick_imp_stage2_s16_ipd8_addr8_l2_ddr4_1x,quick,imp,s16_ipd8_addr8,l2,ddr4_1x,0.008812,0.92336,242742.0,9227157.0,3981.0,82820.0,,,,30092.0,24510.0,32.0,stage2,0.009731,1.1042896050839763,30092.0,24510.0,32.0,0.8145021932739599,0.0010634055562940316,0.026307344721673207,0.04806809949287612,stage2: s16_ipd8_addr8
quick_imp_stage2_s16_ipd8_addr8_l2_ddr4_2x,quick,imp,s16_ipd8_addr8,l2,ddr4_2x,0.008729,0.932146,240499.0,9225301.0,4006.0,82824.0,,,,30347.0,24489.0,32.0,stage2,0.00967,1.107801580937106,30347.0,24489.0,32.0,0.8069660922002175,0.0010544699640821168,0.026069501688887983,0.048367622911233456,stage2: s16_ipd8_addr8
quick_imp_stage2_s16_l1d_ddr4_1x,quick,imp,s16,l1d,ddr4_1x,0.008497,0.95759,59414.0,9167049.0,28515.0,85137.0,165998.0,70140.0,1297.0,,,,stage2,0.009731,1.1452277274332119,165998.0,70140.0,1297.0,0.4225352112676056,0.007813347148760828,0.006481256945392132,0.3349307586595722,stage2: s16
quick_imp_stage2_s16_l1d_ddr4_2x,quick,imp,s16,l1d,ddr4_2x,0.008459,0.961899,57720.0,9165808.0,28531.0,85108.0,162834.0,70256.0,1252.0,,,,stage2,0.00967,1.143161130157229,162834.0,70256.0,1252.0,0.4314578036527998,0.007688811918886719,0.006297317159600114,0.33523288057526907,stage2: s16
quick_imp_stage2_s16_l2_ddr4_1x,quick,imp,s16,l2,ddr4_1x,0.008812,0.92336,242742.0,9227157.0,3981.0,82820.0,,,,30092.0,24510.0,32.0,stage2,0.009731,1.1042896050839763,30092.0,24510.0,32.0,0.8145021932739599,0.0010634055562940316,0.026307344721673207,0.04806809949287612,stage2: s16
quick_imp_stage2_s16_l2_ddr4_2x,quick,imp,s16,l2,ddr4_2x,0.008729,0.932146,240499.0,9225301.0,4006.0,82824.0,,,,30347.0,24489.0,32.0,stage2,0.00967,1.107801580937106,30347.0,24489.0,32.0,0.8069660922002175,0.0010544699640821168,0.026069501688887983,0.048367622911233456,stage2: s16
quick_imp_stage2_s16_pt8_sth2_l1d_ddr4_1x,quick,imp,s16_pt8_sth2,l1d,ddr4_1x,0.00849,0.958368,59116.0,9166631.0,28507.0,85194.0,165289.0,70193.0,1341.0,,,,stage2,0.009731,1.1461719670200237,165289.0,70193.0,1341.0,0.42466830823587776,0.008113062575246991,0.006449043274459286,0.3346127661572411,stage2: s16_pt8_sth2
quick_imp_stage2_s16_pt8_sth2_l1d_ddr4_2x,quick,imp,s16_pt8_sth2,l1d,ddr4_2x,0.008459,0.961904,57633.0,9165991.0,28527.0,85164.0,162965.0,70261.0,1321.0,,,,stage2,0.00967,1.143161130157229,162965.0,70261.0,1321.0,0.43114165618384315,0.008106035038198386,0.0062876998242743206,0.3349654783711427,stage2: s16_pt8_sth2
quick_imp_stage2_s16_pt8_sth2_l2_ddr4_1x,quick,imp,s16_pt8_sth2,l2,ddr4_1x,0.008815,0.923133,242693.0,9227041.0,3970.0,82818.0,,,,30122.0,24519.0,39.0,stage2,0.009731,1.1039137833238797,30122.0,24519.0,39.0,0.8139897749153443,0.0012947347453688334,0.02630236497269276,0.04793643893839503,stage2: s16_pt8_sth2
quick_imp_stage2_s16_pt8_sth2_l2_ddr4_2x,quick,imp,s16_pt8_sth2,l2,ddr4_2x,0.008729,0.932159,240447.0,9225218.0,3993.0,82823.0,,,,30358.0,24501.0,39.0,stage2,0.00967,1.107801580937106,30358.0,24501.0,39.0,0.807068976875947,0.0012846696093286778,0.02606409951504669,0.048211245668473734,stage2: s16_pt8_sth2
quick_imp_stage2_s16_pt8_sth8_l1d_ddr4_1x,quick,imp,s16_pt8_sth8,l1d,ddr4_1x,0.00849,0.958428,59358.0,9166431.0,28509.0,85106.0,164132.0,69935.0,1212.0,,,,stage2,0.009731,1.1461719670200237,164132.0,69935.0,1212.0,0.42608997636049034,0.007384300441108376,0.006475584663212978,0.3349822574201584,stage2: s16_pt8_sth8
quick_imp_stage2_s16_pt8_sth8_l1d_ddr4_2x,quick,imp,s16_pt8_sth8,l1d,ddr4_2x,0.00846,0.961866,57993.0,9165735.0,28518.0,85105.0,161960.0,70027.0,1195.0,,,,stage2,0.00967,1.1430260047281322,161960.0,70027.0,1195.0,0.43237219066436156,0.0073783650284020745,0.0063271521596467714,0.33509194524411023,stage2: s16_pt8_sth8
quick_imp_stage2_s16_pt8_sth8_l2_ddr4_1x,quick,imp,s16_pt8_sth8,l2,ddr4_1x,0.008816,0.923002,242759.0,9227193.0,4019.0,82821.0,,,,30037.0,24472.0,29.0,stage2,0.009731,1.1037885662431943,30037.0,24472.0,29.0,0.8147285015147984,0.0009654759130405833,0.02630908446371502,0.048526339937938444,stage2: s16_pt8_sth8
quick_imp_stage2_s16_pt8_sth8_l2_ddr4_2x,quick,imp,s16_pt8_sth8,l2,ddr4_2x,0.008732,0.931846,240538.0,9225297.0,4040.0,82825.0,,,,30262.0,24456.0,29.0,stage2,0.00967,1.1074209803023363,30262.0,24456.0,29.0,0.8081422245720706,0.0009582975348622035,0.026073740498544384,0.04877754301237549,stage2: s16_pt8_sth8
quick_imp_stage2_s16_sth2_l1d_ddr4_1x,quick,imp,s16_sth2,l1d,ddr4_1x,0.008497,0.957622,59160.0,9167416.0,28554.0,85487.0,166306.0,70318.0,1512.0,,,,stage2,0.009731,1.1452277274332119,166306.0,70318.0,1512.0,0.4228229889480837,0.009091674383365602,0.006453290654640304,0.33401569829330774,stage2: s16_sth2
quick_imp_stage2_s16_sth2_l1d_ddr4_2x,quick,imp,s16_sth2,l1d,ddr4_2x,0.00846,0.961874,57597.0,9165998.0,28580.0,85433.0,163282.0,70405.0,1448.0,,,,stage2,0.00967,1.1430260047281322,163282.0,70405.0,1448.0,0.43118653617667596,0.008868093237466469,0.00628376746318295,0.3345311530673159,stage2: s16_sth2
quick_imp_stage2_s16_sth2_l2_ddr4_1x,quick,imp,s16_sth2,l2,ddr4_1x,0.008815,0.923136,242700.0,9227056.0,3968.0,82818.0,,,,30166.0,24521.0,85.0,stage2,0.009731,1.1039137833238797,30166.0,24521.0,85.0,0.8128687926805013,0.002817741828548697,0.026303080852657663,0.04791228959887947,stage2: s16_sth2
quick_imp_stage2_s16_sth2_l2_ddr4_2x,quick,imp,s16_sth2,l2,ddr4_2x,0.008729,0.932222,240456.0,9225235.0,3987.0,82819.0,,,,30402.0,24503.0,85.0,stage2,0.00967,1.107801580937106,30402.0,24503.0,85.0,0.8059667127162686,0.0027958686928491547,0.026065027069771124,0.0481411270360666,stage2: s16_sth2
quick_imp_stage2_s16_sth8_l1d_ddr4_1x,quick,imp,s16_sth8,l1d,ddr4_1x,0.00849,0.958423,59063.0,9166344.0,28514.0,85097.0,164158.0,70080.0,1228.0,,,,stage2,0.009731,1.1461719670200237,164158.0,70080.0,1228.0,0.4269057858892043,0.007480597960501468,0.006443463173540072,0.3350764421777501,stage2: s16_sth8
quick_imp_stage2_s16_sth8_l1d_ddr4_2x,quick,imp,s16_sth8,l1d,ddr4_2x,0.00846,0.961776,57718.0,9165703.0,28520.0,85095.0,162039.0,70174.0,1211.0,,,,stage2,0.00967,1.1430260047281322,162039.0,70174.0,1211.0,0.43306858225488926,0.007473509463771067,0.00629717109533224,0.33515482695810567,stage2: s16_sth8
quick_imp_stage2_s16_sth8_l2_ddr4_1x,quick,imp,s16_sth8,l2,ddr4_1x,0.008812,0.923375,242753.0,9227193.0,3995.0,82822.0,,,,30052.0,24497.0,29.0,stage2,0.009731,1.1042896050839763,30052.0,24497.0,29.0,0.8151537335285505,0.0009649940103820046,0.02630843421179117,0.0482359759484195,stage2: s16_sth8
quick_imp_stage2_s16_sth8_l2_ddr4_2x,quick,imp,s16_sth8,l2,ddr4_2x,0.008732,0.93189,240527.0,9225280.0,4010.0,82820.0,,,,30277.0,24481.0,29.0,stage2,0.00967,1.1074209803023363,30277.0,24481.0,29.0,0.8085675595336393,0.0009578227697592232,0.026072596170522738,0.04841825645979232,stage2: s16_sth8
quick_imp_stage2_s2_l1d_ddr4_1x,quick,imp,s2,l1d,ddr4_1x,0.009046,0.899513,181405.0,9225311.0,28490.0,83110.0,208952.0,40162.0,136.0,,,,stage2,0.009731,1.075724076940084,208952.0,40162.0,136.0,0.192206822619549,0.0006508671848079942,0.019663835723261795,0.3427987005173866,stage2: s2
quick_imp_stage2_s2_l1d_ddr4_2x,quick,imp,s2,l1d,ddr4_2x,0.008995,0.904567,177906.0,9222982.0,28497.0,83115.0,205423.0,40526.0,135.0,,,,stage2,0.00967,1.075041689827682,205423.0,40526.0,135.0,0.19728073292669274,0.0006571805494029393,0.019289422878630794,0.34286229922396677,stage2: s2
quick_imp_stage2_s2_l2_ddr4_1x,quick,imp,s2,l2,ddr4_1x,0.009232,0.881407,271279.0,9249036.0,14310.0,82823.0,,,,27119.0,14180.0,8.0,stage2,0.009731,1.0540511265164645,27119.0,14180.0,8.0,0.5228806371916369,0.0002949961281758177,0.029330516174874872,0.1727780930417879,stage2: s2
quick_imp_stage2_s2_l2_ddr4_2x,quick,imp,s2,l2,ddr4_2x,0.009136,0.890672,271726.0,9249176.0,14153.0,82826.0,,,,26714.0,14340.0,9.0,stage2,0.00967,1.0584500875656742,26714.0,14340.0,9.0,0.536797184996631,0.00033690199895186043,0.029378400843491356,0.1708762948832492,stage2: s2
quick_imp_stage2_s2_sth2_l1d_ddr4_1x,quick,imp,s2_sth2,l1d,ddr4_1x,0.009048,0.899314,181195.0,9224614.0,28499.0,83116.0,209090.0,40185.0,149.0,,,,stage2,0.009731,1.0754862953138815,209090.0,40185.0,149.0,0.19218996604333063,0.0007126117939643216,0.019642556317261622,0.3428822368737668,stage2: s2_sth2
quick_imp_stage2_s2_sth2_l1d_ddr4_2x,quick,imp,s2_sth2,l1d,ddr4_2x,0.008995,0.904644,178044.0,9222758.0,28497.0,83117.0,205818.0,40531.0,150.0,,,,stage2,0.00967,1.075041689827682,205818.0,40531.0,150.0,0.19692641071237696,0.0007287992303880127,0.019304854361352645,0.3428540491114934,stage2: s2_sth2
quick_imp_stage2_s2_sth2_l2_ddr4_1x,quick,imp,s2_sth2,l2,ddr4_1x,0.009231,0.881489,271118.0,9248874.0,14296.0,82819.0,,,,27030.0,14189.0,15.0,stage2,0.009731,1.0541653125338533,27030.0,14189.0,15.0,0.5249352571217166,0.0005549389567147614,0.0293136223933854,0.1726173945592195,stage2: s2_sth2
quick_imp_stage2_s2_sth2_l2_ddr4_2x,quick,imp,s2_sth2,l2,ddr4_2x,0.009137,0.890546,271709.0,9249230.0,14160.0,82827.0,,,,26683.0,14334.0,16.0,stage2,0.00967,1.0583342453759441,26683.0,14334.0,16.0,0.5371959674699247,0.0005996327249559645,0.029376391332035207,0.17095874533666558,stage2: s2_sth2
quick_imp_stage2_s2_sth8_l1d_ddr4_1x,quick,imp,s2_sth8,l1d,ddr4_1x,0.009049,0.89925,181544.0,9225285.0,28489.0,83104.0,208636.0,40134.0,125.0,,,,stage2,0.009731,1.075367443916455,208636.0,40134.0,125.0,0.1923637339672923,0.0005991295845395809,0.01967895842784261,0.342811417019638,stage2: s2_sth8
quick_imp_stage2_s2_sth8_l1d_ddr4_2x,quick,imp,s2_sth8,l1d,ddr4_2x,0.008995,0.904614,177939.0,9223015.0,28490.0,83101.0,205098.0,40487.0,123.0,,,,stage2,0.00967,1.075041689827682,205098.0,40487.0,123.0,0.1974031926201133,0.0005997133077845712,0.019292931866640137,0.3428358262836789,stage2: s2_sth8
quick_imp_stage2_s2_sth8_l2_ddr4_1x,quick,imp,s2_sth8,l2,ddr4_1x,0.009232,0.881414,271235.0,9248944.0,14319.0,82824.0,,,,27105.0,14171.0,6.0,stage2,0.009731,1.0540511265164645,27105.0,14171.0,6.0,0.5228186681424092,0.00022136137244050912,0.029326050628050077,0.17288467110982325,stage2: s2_sth8
quick_imp_stage2_s2_sth8_l2_ddr4_2x,quick,imp,s2_sth8,l2,ddr4_2x,0.009137,0.890548,271277.0,9248832.0,14152.0,82826.0,,,,26696.0,14342.0,7.0,stage2,0.00967,1.0583342453759441,26696.0,14342.0,7.0,0.5372340425531915,0.0002622115672759964,0.02933094686983178,0.17086422137975998,stage2: s2_sth8
quick_imp_stage2_s8_dist32_addr8_l1d_ddr4_1x,quick,imp,s8_dist32_addr8,l1d,ddr4_1x,0.008624,0.943546,84984.0,9179207.0,28533.0,84779.0,170791.0,63733.0,1042.0,,,,stage2,0.009731,1.1283627087198516,170791.0,63733.0,1042.0,0.37316369129520877,0.0061010240586447766,0.009258316105084024,0.3365574021868623,stage2: s8_dist32_addr8
quick_imp_stage2_s8_dist32_addr8_l1d_ddr4_2x,quick,imp,s8_dist32_addr8,l1d,ddr4_2x,0.008586,0.947663,84081.0,9178669.0,28533.0,84734.0,169490.0,63656.0,1001.0,,,,stage2,0.00967,1.1262520382017238,169490.0,63656.0,1001.0,0.3755737801640215,0.005905953153578382,0.009160478496392016,0.3367361389760899,stage2: s8_dist32_addr8
quick_imp_stage2_s8_dist32_addr8_l2_ddr4_1x,quick,imp,s8_dist32_addr8,l2,ddr4_1x,0.008941,0.910086,250014.0,9232908.0,6238.0,82824.0,,,,32132.0,22266.0,45.0,stage2,0.009731,1.0883570070461919,32132.0,22266.0,45.0,0.6929540644840035,0.001400473048674219,0.027078575893965368,0.0753163334299237,stage2: s8_dist32_addr8
quick_imp_stage2_s8_dist32_addr8_l2_ddr4_2x,quick,imp,s8_dist32_addr8,l2,ddr4_2x,0.008854,0.919032,247788.0,9231125.0,6239.0,82823.0,,,,32106.0,22265.0,43.0,stage2,0.00967,1.0921617348091257,32106.0,22265.0,43.0,0.6934840839718432,0.0013393135239519094,0.02684266543893621,0.07532931673568936,stage2: s8_dist32_addr8
quick_imp_stage2_s8_dist8_addr8_l1d_ddr4_1x,quick,imp,s8_dist8_addr8,l1d,ddr4_1x,0.008624,0.943546,84984.0,9179207.0,28533.0,84779.0,170791.0,63733.0,1042.0,,,,stage2,0.009731,1.1283627087198516,170791.0,63733.0,1042.0,0.37316369129520877,0.0061010240586447766,0.009258316105084024,0.3365574021868623,stage2: s8_dist8_addr8
quick_imp_stage2_s8_dist8_addr8_l1d_ddr4_2x,quick,imp,s8_dist8_addr8,l1d,ddr4_2x,0.008586,0.947663,84081.0,9178669.0,28533.0,84734.0,169490.0,63656.0,1001.0,,,,stage2,0.00967,1.1262520382017238,169490.0,63656.0,1001.0,0.3755737801640215,0.005905953153578382,0.009160478496392016,0.3367361389760899,stage2: s8_dist8_addr8
quick_imp_stage2_s8_dist8_addr8_l2_ddr4_1x,quick,imp,s8_dist8_addr8,l2,ddr4_1x,0.008941,0.910086,250014.0,9232908.0,6238.0,82824.0,,,,32132.0,22266.0,45.0,stage2,0.009731,1.0883570070461919,32132.0,22266.0,45.0,0.6929540644840035,0.001400473048674219,0.027078575893965368,0.0753163334299237,stage2: s8_dist8_addr8
quick_imp_stage2_s8_dist8_addr8_l2_ddr4_2x,quick,imp,s8_dist8_addr8,l2,ddr4_2x,0.008854,0.919032,247788.0,9231125.0,6239.0,82823.0,,,,32106.0,22265.0,43.0,stage2,0.00967,1.0921617348091257,32106.0,22265.0,43.0,0.6934840839718432,0.0013393135239519094,0.02684266543893621,0.07532931673568936,stage2: s8_dist8_addr8
quick_imp_stage2_s8_ipd16_addr16_l1d_ddr4_1x,quick,imp,s8_ipd16_addr16,l1d,ddr4_1x,0.008624,0.943546,84984.0,9179207.0,28533.0,84779.0,170791.0,63733.0,1042.0,,,,stage2,0.009731,1.1283627087198516,170791.0,63733.0,1042.0,0.37316369129520877,0.0061010240586447766,0.009258316105084024,0.3365574021868623,stage2: s8_ipd16_addr16
quick_imp_stage2_s8_ipd16_addr16_l1d_ddr4_2x,quick,imp,s8_ipd16_addr16,l1d,ddr4_2x,0.008586,0.947663,84081.0,9178669.0,28533.0,84734.0,169490.0,63656.0,1001.0,,,,stage2,0.00967,1.1262520382017238,169490.0,63656.0,1001.0,0.3755737801640215,0.005905953153578382,0.009160478496392016,0.3367361389760899,stage2: s8_ipd16_addr16
quick_imp_stage2_s8_ipd16_addr16_l2_ddr4_1x,quick,imp,s8_ipd16_addr16,l2,ddr4_1x,0.008941,0.910086,250014.0,9232908.0,6238.0,82824.0,,,,32132.0,22266.0,45.0,stage2,0.009731,1.0883570070461919,32132.0,22266.0,45.0,0.6929540644840035,0.001400473048674219,0.027078575893965368,0.0753163334299237,stage2: s8_ipd16_addr16
quick_imp_stage2_s8_ipd16_addr16_l2_ddr4_2x,quick,imp,s8_ipd16_addr16,l2,ddr4_2x,0.008854,0.919032,247788.0,9231125.0,6239.0,82823.0,,,,32106.0,22265.0,43.0,stage2,0.00967,1.0921617348091257,32106.0,22265.0,43.0,0.6934840839718432,0.0013393135239519094,0.02684266543893621,0.07532931673568936,stage2: s8_ipd16_addr16
quick_imp_stage2_s8_ipd16_pt32_l1d_ddr4_1x,quick,imp,s8_ipd16_pt32,l1d,ddr4_1x,0.008624,0.943546,84984.0,9179207.0,28533.0,84779.0,170791.0,63733.0,1042.0,,,,stage2,0.009731,1.1283627087198516,170791.0,63733.0,1042.0,0.37316369129520877,0.0061010240586447766,0.009258316105084024,0.3365574021868623,stage2: s8_ipd16_pt32
quick_imp_stage2_s8_ipd16_pt32_l1d_ddr4_2x,quick,imp,s8_ipd16_pt32,l1d,ddr4_2x,0.008586,0.947663,84081.0,9178669.0,28533.0,84734.0,169490.0,63656.0,1001.0,,,,stage2,0.00967,1.1262520382017238,169490.0,63656.0,1001.0,0.3755737801640215,0.005905953153578382,0.009160478496392016,0.3367361389760899,stage2: s8_ipd16_pt32
quick_imp_stage2_s8_ipd16_pt32_l2_ddr4_1x,quick,imp,s8_ipd16_pt32,l2,ddr4_1x,0.008941,0.910086,250014.0,9232908.0,6238.0,82824.0,,,,32132.0,22266.0,45.0,stage2,0.009731,1.0883570070461919,32132.0,22266.0,45.0,0.6929540644840035,0.001400473048674219,0.027078575893965368,0.0753163334299237,stage2: s8_ipd16_pt32
quick_imp_stage2_s8_ipd16_pt32_l2_ddr4_2x,quick,imp,s8_ipd16_pt32,l2,ddr4_2x,0.008854,0.919032,247788.0,9231125.0,6239.0,82823.0,,,,32106.0,22265.0,43.0,stage2,0.00967,1.0921617348091257,32106.0,22265.0,43.0,0.6934840839718432,0.0013393135239519094,0.02684266543893621,0.07532931673568936,stage2: s8_ipd16_pt32
quick_imp_stage2_s8_ipd8_addr8_l1d_ddr4_1x,quick,imp,s8_ipd8_addr8,l1d,ddr4_1x,0.008624,0.943546,84984.0,9179207.0,28533.0,84779.0,170791.0,63733.0,1042.0,,,,stage2,0.009731,1.1283627087198516,170791.0,63733.0,1042.0,0.37316369129520877,0.0061010240586447766,0.009258316105084024,0.3365574021868623,stage2: s8_ipd8_addr8
quick_imp_stage2_s8_ipd8_addr8_l1d_ddr4_2x,quick,imp,s8_ipd8_addr8,l1d,ddr4_2x,0.008586,0.947663,84081.0,9178669.0,28533.0,84734.0,169490.0,63656.0,1001.0,,,,stage2,0.00967,1.1262520382017238,169490.0,63656.0,1001.0,0.3755737801640215,0.005905953153578382,0.009160478496392016,0.3367361389760899,stage2: s8_ipd8_addr8
quick_imp_stage2_s8_ipd8_addr8_l2_ddr4_1x,quick,imp,s8_ipd8_addr8,l2,ddr4_1x,0.008941,0.910086,250014.0,9232908.0,6238.0,82824.0,,,,32132.0,22266.0,45.0,stage2,0.009731,1.0883570070461919,32132.0,22266.0,45.0,0.6929540644840035,0.001400473048674219,0.027078575893965368,0.0753163334299237,stage2: s8_ipd8_addr8
quick_imp_stage2_s8_ipd8_addr8_l2_ddr4_2x,quick,imp,s8_ipd8_addr8,l2,ddr4_2x,0.008854,0.919032,247788.0,9231125.0,6239.0,82823.0,,,,32106.0,22265.0,43.0,stage2,0.00967,1.0921617348091257,32106.0,22265.0,43.0,0.6934840839718432,0.0013393135239519094,0.02684266543893621,0.07532931673568936,stage2: s8_ipd8_addr8
quick_imp_stage2_s8_l1d_ddr4_1x,quick,imp,s8,l1d,ddr4_1x,0.008624,0.943546,84984.0,9179207.0,28533.0,84779.0,170791.0,63733.0,1042.0,,,,stage2,0.009731,1.1283627087198516,170791.0,63733.0,1042.0,0.37316369129520877,0.0061010240586447766,0.009258316105084024,0.3365574021868623,stage2: s8
quick_imp_stage2_s8_l1d_ddr4_2x,quick,imp,s8,l1d,ddr4_2x,0.008586,0.947663,84081.0,9178669.0,28533.0,84734.0,169490.0,63656.0,1001.0,,,,stage2,0.00967,1.1262520382017238,169490.0,63656.0,1001.0,0.3755737801640215,0.005905953153578382,0.009160478496392016,0.3367361389760899,stage2: s8
quick_imp_stage2_s8_l2_ddr4_1x,quick,imp,s8,l2,ddr4_1x,0.008941,0.910086,250014.0,9232908.0,6238.0,82824.0,,,,32132.0,22266.0,45.0,stage2,0.009731,1.0883570070461919,32132.0,22266.0,45.0,0.6929540644840035,0.001400473048674219,0.027078575893965368,0.0753163334299237,stage2: s8
quick_imp_stage2_s8_l2_ddr4_2x,quick,imp,s8,l2,ddr4_2x,0.008854,0.919032,247788.0,9231125.0,6239.0,82823.0,,,,32106.0,22265.0,43.0,stage2,0.00967,1.0921617348091257,32106.0,22265.0,43.0,0.6934840839718432,0.0013393135239519094,0.02684266543893621,0.07532931673568936,stage2: s8
quick_imp_stage2_s8_pt8_sth2_l1d_ddr4_1x,quick,imp,s8_pt8_sth2,l1d,ddr4_1x,0.008623,0.943679,85011.0,9179182.0,28525.0,84598.0,170485.0,63660.0,1003.0,,,,stage2,0.009731,1.1284935637249216,170485.0,63660.0,1003.0,0.3734052849224272,0.005883215532158255,0.009261282759182681,0.33718291212558216,stage2: s8_pt8_sth2
quick_imp_stage2_s8_pt8_sth2_l1d_ddr4_2x,quick,imp,s8_pt8_sth2,l1d,ddr4_2x,0.008586,0.947685,84153.0,9178993.0,28527.0,84588.0,169566.0,63633.0,997.0,,,,stage2,0.00967,1.1262520382017238,169566.0,63633.0,997.0,0.37526980644704716,0.0058797164525907315,0.009167999147618917,0.3372464179316215,stage2: s8_pt8_sth2
quick_imp_stage2_s8_pt8_sth2_l2_ddr4_1x,quick,imp,s8_pt8_sth2,l2,ddr4_1x,0.008933,0.910851,250106.0,9232901.0,6233.0,82824.0,,,,32112.0,22271.0,52.0,stage2,0.009731,1.0893316914810254,32112.0,22271.0,52.0,0.6935413552566019,0.0016193323368211261,0.027088560789290388,0.07525596445474741,stage2: s8_pt8_sth2
quick_imp_stage2_s8_pt8_sth2_l2_ddr4_2x,quick,imp,s8_pt8_sth2,l2,ddr4_2x,0.008851,0.919304,248063.0,9231450.0,6230.0,82824.0,,,,32112.0,22276.0,50.0,stage2,0.00967,1.0925319172974806,32112.0,22276.0,50.0,0.6936970602889886,0.0015570503238664674,0.026871509892812073,0.07521974306964165,stage2: s8_pt8_sth2
quick_imp_stage2_s8_pt8_sth8_l1d_ddr4_1x,quick,imp,s8_pt8_sth8,l1d,ddr4_1x,0.008623,0.943605,85342.0,9179065.0,28518.0,84512.0,169579.0,63346.0,959.0,,,,stage2,0.009731,1.1284935637249216,169579.0,63346.0,959.0,0.3735486115615731,0.00565518136089964,0.009297461124853131,0.3374432033320712,stage2: s8_pt8_sth8
quick_imp_stage2_s8_pt8_sth8_l1d_ddr4_2x,quick,imp,s8_pt8_sth8,l1d,ddr4_2x,0.008586,0.947745,84033.0,9178648.0,28526.0,84486.0,168370.0,63330.0,932.0,,,,stage2,0.00967,1.1262520382017238,168370.0,63330.0,932.0,0.37613589119201757,0.005535427926590248,0.009155269926464116,0.33764173945979215,stage2: s8_pt8_sth8
quick_imp_stage2_s8_pt8_sth8_l2_ddr4_1x,quick,imp,s8_pt8_sth8,l2,ddr4_1x,0.008941,0.910103,250094.0,9233024.0,6252.0,82825.0,,,,31963.0,22252.0,45.0,stage2,0.009731,1.0883570070461919,31963.0,22252.0,45.0,0.696179958076526,0.0014078778587742076,0.02708690023983475,0.07548445517657712,stage2: s8_pt8_sth8
quick_imp_stage2_s8_pt8_sth8_l2_ddr4_2x,quick,imp,s8_pt8_sth8,l2,ddr4_2x,0.008851,0.919299,247773.0,9231130.0,6250.0,82820.0,,,,31770.0,22251.0,45.0,stage2,0.00967,1.0925319172974806,31770.0,22251.0,45.0,0.7003777148253069,0.00141643059490085,0.02684102596323527,0.07546486355952668,stage2: s8_pt8_sth8
quick_imp_stage2_s8_sth2_l1d_ddr4_1x,quick,imp,s8_sth2,l1d,ddr4_1x,0.008622,0.943731,84903.0,9179161.0,28549.0,84792.0,170861.0,63716.0,1116.0,,,,stage2,0.009731,1.1286244490837394,170861.0,63716.0,1116.0,0.3729113138750212,0.006531625122175336,0.009249538165851978,0.3366944994810831,stage2: s8_sth2
quick_imp_stage2_s8_sth2_l1d_ddr4_2x,quick,imp,s8_sth2,l1d,ddr4_2x,0.008585,0.94783,84073.0,9178825.0,28541.0,84782.0,170077.0,63688.0,1118.0,,,,stage2,0.00967,1.1263832265579499,170077.0,63688.0,1118.0,0.37446568319055484,0.006573493182499691,0.009159451236950264,0.33663985279894315,stage2: s8_sth2
quick_imp_stage2_s8_sth2_l2_ddr4_1x,quick,imp,s8_sth2,l2,ddr4_1x,0.008938,0.910412,250017.0,9232826.0,6238.0,82825.0,,,,32162.0,22266.0,80.0,stage2,0.009731,1.088722309241441,32162.0,22266.0,80.0,0.6923076923076923,0.002487407499533611,0.027079141315995776,0.07531542408693027,stage2: s8_sth2
quick_imp_stage2_s8_sth2_l2_ddr4_2x,quick,imp,s8_sth2,l2,ddr4_2x,0.008849,0.919544,248096.0,9231465.0,6232.0,82824.0,,,,32156.0,22274.0,78.0,stage2,0.00967,1.0927788450672393,32156.0,22274.0,78.0,0.6926856574200771,0.002425674835178505,0.02687504096045427,0.07524389065971217,stage2: s8_sth2
quick_imp_stage2_s8_sth8_l1d_ddr4_1x,quick,imp,s8_sth8,l1d,ddr4_1x,0.008623,0.943659,85200.0,9179128.0,28524.0,84698.0,170365.0,63568.0,995.0,,,,stage2,0.009731,1.1284935637249216,170365.0,63568.0,995.0,0.3731282833915417,0.005840401490916561,0.009281927433629862,0.3367730052657678,stage2: s8_sth8
quick_imp_stage2_s8_sth8_l1d_ddr4_2x,quick,imp,s8_sth8,l1d,ddr4_2x,0.008586,0.947668,83877.0,9178688.0,28534.0,84672.0,169062.0,63553.0,970.0,,,,stage2,0.00967,1.1262520382017238,169062.0,63553.0,970.0,0.3759153446664537,0.0057375400740556715,0.009138234135423277,0.33699452003023433,stage2: s8_sth8
quick_imp_stage2_s8_sth8_l2_ddr4_1x,quick,imp,s8_sth8,l2,ddr4_1x,0.008941,0.910103,250119.0,9232992.0,6241.0,82825.0,,,,32009.0,22263.0,42.0,stage2,0.009731,1.0883570070461919,32009.0,22263.0,42.0,0.6955231341185292,0.0013121309631666093,0.027089701799806607,0.07535164503471174,stage2: s8_sth8
quick_imp_stage2_s8_sth8_l2_ddr4_2x,quick,imp,s8_sth8,l2,ddr4_2x,0.008849,0.919548,247775.0,9231085.0,6243.0,82820.0,,,,31998.0,22258.0,42.0,stage2,0.00967,1.0927788450672393,31998.0,22258.0,42.0,0.6956059753734608,0.0013125820363772737,0.026841373468015947,0.07538034291234001,stage2: s8_sth8
simple_triad_imp_stage2_aggr_s16_sth2_d32_ipd16_addr16_l1d_ddr4_1x,simple_triad,imp,aggr_s16_sth2_d32_ipd16_addr16,l1d,ddr4_1x,0.002902,0.402825,1471415.0,2003736.0,375397.0,375407.0,554329.0,126902.0,1.0,,,,stage2,0.002897,0.9982770503101309,554329.0,126902.0,1.0,0.22892902951135516,1.8039828332993583e-06,0.7343357607988278,0.9999733622441777,stage2: aggr_s16_sth2_d32_ipd16_addr16
simple_triad_imp_stage2_aggr_s16_sth2_d32_ipd16_addr16_l1d_ddr4_2x,simple_triad,imp,aggr_s16_sth2_d32_ipd16_addr16,l1d,ddr4_2x,0.002113,0.553157,1389696.0,2003810.0,375393.0,375403.0,589187.0,147512.0,,,,,stage2,0.002605,1.2328442972077616,589187.0,147512.0,0.0,0.2503653339262407,0.0,0.6935268313862093,0.9999733619603466,stage2: aggr_s16_sth2_d32_ipd16_addr16
simple_triad_imp_stage2_aggr_s16_sth2_d32_ipd16_addr16_l2_ddr4_1x,simple_triad,imp,aggr_s16_sth2_d32_ipd16_addr16,l2,ddr4_1x,0.002809,0.416029,1852943.0,2003770.0,161211.0,372804.0,,,,560650.0,211583.0,800.0,stage2,0.002897,1.0313278746885013,560650.0,211583.0,800.0,0.37738874520645677,0.0014269151877285293,0.9247283869905228,0.4324283001255351,stage2: aggr_s16_sth2_d32_ipd16_addr16
simple_triad_imp_stage2_aggr_s16_sth2_d32_ipd16_addr16_l2_ddr4_2x,simple_triad,imp,aggr_s16_sth2_d32_ipd16_addr16,l2,ddr4_2x,0.00191,0.611922,1882018.0,2003835.0,130707.0,373842.0,,,,595202.0,243125.0,811.0,stage2,0.002605,1.3638743455497382,595202.0,243125.0,811.0,0.40847476991004733,0.0013625626257976284,0.9392080685285964,0.3496316625740286,stage2: aggr_s16_sth2_d32_ipd16_addr16
simple_triad_imp_stage2_aggr_s16_sth2_d32_ipd16_l1d_ddr4_1x,simple_triad,imp,aggr_s16_sth2_d32_ipd16,l1d,ddr4_1x,0.002902,0.402825,1471415.0,2003736.0,375397.0,375407.0,554329.0,126902.0,1.0,,,,stage2,0.002897,0.9982770503101309,554329.0,126902.0,1.0,0.22892902951135516,1.8039828332993583e-06,0.7343357607988278,0.9999733622441777,stage2: aggr_s16_sth2_d32_ipd16
simple_triad_imp_stage2_aggr_s16_sth2_d32_ipd16_l1d_ddr4_2x,simple_triad,imp,aggr_s16_sth2_d32_ipd16,l1d,ddr4_2x,0.002113,0.553157,1389696.0,2003810.0,375393.0,375403.0,589187.0,147512.0,,,,,stage2,0.002605,1.2328442972077616,589187.0,147512.0,0.0,0.2503653339262407,0.0,0.6935268313862093,0.9999733619603466,stage2: aggr_s16_sth2_d32_ipd16
simple_triad_imp_stage2_aggr_s16_sth2_d32_ipd16_l2_ddr4_1x,simple_triad,imp,aggr_s16_sth2_d32_ipd16,l2,ddr4_1x,0.002809,0.416029,1852943.0,2003770.0,161211.0,372804.0,,,,560650.0,211583.0,800.0,stage2,0.002897,1.0313278746885013,560650.0,211583.0,800.0,0.37738874520645677,0.0014269151877285293,0.9247283869905228,0.4324283001255351,stage2: aggr_s16_sth2_d32_ipd16
simple_triad_imp_stage2_aggr_s16_sth2_d32_ipd16_l2_ddr4_2x,simple_triad,imp,aggr_s16_sth2_d32_ipd16,l2,ddr4_2x,0.00191,0.611922,1882018.0,2003835.0,130707.0,373842.0,,,,595202.0,243125.0,811.0,stage2,0.002605,1.3638743455497382,595202.0,243125.0,811.0,0.40847476991004733,0.0013625626257976284,0.9392080685285964,0.3496316625740286,stage2: aggr_s16_sth2_d32_ipd16
simple_triad_imp_stage2_cons_s2_sth8_pt8_l1d_ddr4_1x,simple_triad,imp,cons_s2_sth8_pt8,l1d,ddr4_1x,0.002797,0.417861,1997936.0,2003754.0,375363.0,375373.0,1206342.0,1.0,,,,,stage2,0.002897,1.0357525920629245,1206342.0,1.0,0.0,8.289523203204398e-07,0.0,0.9970964499634186,0.999973359831421,stage2: cons_s2_sth8_pt8
simple_triad_imp_stage2_cons_s2_sth8_pt8_l1d_ddr4_2x,simple_triad,imp,cons_s2_sth8_pt8,l1d,ddr4_2x,0.002568,0.455129,1997868.0,2003770.0,375367.0,375378.0,1179386.0,45.0,,,,,stage2,0.002605,1.0144080996884737,1179386.0,45.0,0.0,3.8155446986821955e-05,0.0,0.9970545521691612,0.9999706962048921,stage2: cons_s2_sth8_pt8
simple_triad_imp_stage2_cons_s2_sth8_pt8_l2_ddr4_1x,simple_triad,imp,cons_s2_sth8_pt8,l2,ddr4_1x,0.002622,0.445823,1972343.0,2003735.0,357973.0,375374.0,,,,698191.0,17391.0,2.0,stage2,0.002897,1.104881769641495,698191.0,17391.0,2.0,0.02490865680021656,2.864545661573982e-06,0.9843332576413548,0.9536435661500263,stage2: cons_s2_sth8_pt8
simple_triad_imp_stage2_cons_s2_sth8_pt8_l2_ddr4_2x,simple_triad,imp,cons_s2_sth8_pt8,l2,ddr4_2x,0.002013,0.580706,1973839.0,2003799.0,362665.0,375375.0,,,,707038.0,12700.0,2.0,stage2,0.002605,1.2940884252359663,707038.0,12700.0,2.0,0.017962259454230182,2.8287022762567216e-06,0.9850484005631304,0.9661405261405261,stage2: cons_s2_sth8_pt8
simple_triad_imp_stage2_cons_s8_sth8_pt8_ipd8_l1d_ddr4_1x,simple_triad,imp,cons_s8_sth8_pt8_ipd8,l1d,ddr4_1x,0.002772,0.42166,1821918.0,2003766.0,375371.0,375381.0,949656.0,41411.0,,,,,stage2,0.002897,1.045093795093795,949656.0,41411.0,0.0,0.04360631639246211,0.0,0.9092468881096895,0.9999733603991677,stage2: cons_s8_sth8_pt8_ipd8
simple_triad_imp_stage2_cons_s8_sth8_pt8_ipd8_l1d_ddr4_2x,simple_triad,imp,cons_s8_sth8_pt8_ipd8,l1d,ddr4_2x,0.002159,0.541291,1488479.0,2003828.0,375387.0,375397.0,707817.0,120978.0,1.0,,,,stage2,0.002605,1.206577119036591,707817.0,120978.0,1.0,0.17091705907035293,1.4127945500037439e-06,0.7428177468325625,0.9999733615345887,stage2: cons_s8_sth8_pt8_ipd8
simple_triad_imp_stage2_cons_s8_sth8_pt8_ipd8_l2_ddr4_1x,simple_triad,imp,cons_s8_sth8_pt8_ipd8,l2,ddr4_1x,0.002789,0.419004,1865465.0,2003764.0,170158.0,373960.0,,,,571246.0,203792.0,708.0,stage2,0.002897,1.0387235568304052,571246.0,203792.0,708.0,0.3567499816191273,0.0012393959870178521,0.9309803948968042,0.45501657931329553,stage2: cons_s8_sth8_pt8_ipd8
simple_triad_imp_stage2_cons_s8_sth8_pt8_ipd8_l2_ddr4_2x,simple_triad,imp,cons_s8_sth8_pt8_ipd8,l2,ddr4_2x,0.002051,0.569874,1875518.0,2003830.0,138887.0,374072.0,,,,596502.0,235175.0,819.0,stage2,0.002605,1.2701121404193079,596502.0,235175.0,819.0,0.39425685077334194,0.0013730046169166238,0.9359666239152024,0.3712841378130413,stage2: cons_s8_sth8_pt8_ipd8
simple_triad_imp_stage2_s16_dist32_addr16_l1d_ddr4_1x,simple_triad,imp,s16_dist32_addr16,l1d,ddr4_1x,0.002904,0.402509,1467472.0,2003753.0,375404.0,375414.0,556526.0,127983.0,,,,,stage2,0.002897,0.9975895316804407,556526.0,127983.0,0.0,0.2299676924348548,0.0,0.7323617232263657,0.9999733627408675,stage2: s16_dist32_addr16
simple_triad_imp_stage2_s16_dist32_addr16_l1d_ddr4_2x,simple_triad,imp,s16_dist32_addr16,l1d,ddr4_2x,0.002125,0.550032,1385258.0,2003817.0,375408.0,375418.0,596454.0,148523.0,2.0,,,,stage2,0.002605,1.2258823529411764,596454.0,148523.0,2.0,0.24900998232889712,3.3531504525076537e-06,0.6913096355605327,0.9999733630246819,stage2: s16_dist32_addr16
simple_triad_imp_stage2_s16_dist32_addr16_l2_ddr4_1x,simple_triad,imp,s16_dist32_addr16,l2,ddr4_1x,0.002805,0.416667,1852685.0,2003766.0,162003.0,372971.0,,,,564472.0,210958.0,680.0,stage2,0.002897,1.0327985739750445,564472.0,210958.0,680.0,0.3737262432857609,0.0012046655990022533,0.9246014754217808,0.43435816725697174,stage2: s16_dist32_addr16
simple_triad_imp_stage2_s16_dist32_addr16_l2_ddr4_2x,simple_triad,imp,s16_dist32_addr16,l2,ddr4_2x,0.001912,0.611273,1881594.0,2003826.0,130796.0,373808.0,,,,594390.0,243002.0,770.0,stage2,0.002605,1.3624476987447698,594390.0,243002.0,770.0,0.4088258550783156,0.001295445751106176,0.9390006916768222,0.3499015537388178,stage2: s16_dist32_addr16
simple_triad_imp_stage2_s16_dist8_addr16_l1d_ddr4_1x,simple_triad,imp,s16_dist8_addr16,l1d,ddr4_1x,0.002904,0.402509,1467472.0,2003754.0,375404.0,375414.0,556526.0,127983.0,,,,,stage2,0.002897,0.9975895316804407,556526.0,127983.0,0.0,0.2299676924348548,0.0,0.7323613577315379,0.9999733627408675,stage2: s16_dist8_addr16
simple_triad_imp_stage2_s16_dist8_addr16_l1d_ddr4_2x,simple_triad,imp,s16_dist8_addr16,l1d,ddr4_2x,0.002125,0.550032,1385258.0,2003817.0,375408.0,375418.0,596454.0,148523.0,2.0,,,,stage2,0.002605,1.2258823529411764,596454.0,148523.0,2.0,0.24900998232889712,3.3531504525076537e-06,0.6913096355605327,0.9999733630246819,stage2: s16_dist8_addr16
simple_triad_imp_stage2_s16_dist8_addr16_l2_ddr4_1x,simple_triad,imp,s16_dist8_addr16,l2,ddr4_1x,0.002805,0.416667,1852685.0,2003766.0,162003.0,372971.0,,,,564472.0,210958.0,680.0,stage2,0.002897,1.0327985739750445,564472.0,210958.0,680.0,0.3737262432857609,0.0012046655990022533,0.9246014754217808,0.43435816725697174,stage2: s16_dist8_addr16
simple_triad_imp_stage2_s16_dist8_addr16_l2_ddr4_2x,simple_triad,imp,s16_dist8_addr16,l2,ddr4_2x,0.001912,0.611273,1881594.0,2003826.0,130796.0,373808.0,,,,594390.0,243002.0,770.0,stage2,0.002605,1.3624476987447698,594390.0,243002.0,770.0,0.4088258550783156,0.001295445751106176,0.9390006916768222,0.3499015537388178,stage2: s16_dist8_addr16
simple_triad_imp_stage2_s16_ipd16_addr16_l1d_ddr4_1x,simple_triad,imp,s16_ipd16_addr16,l1d,ddr4_1x,0.002904,0.402509,1467472.0,2003753.0,375404.0,375414.0,556526.0,127983.0,,,,,stage2,0.002897,0.9975895316804407,556526.0,127983.0,0.0,0.2299676924348548,0.0,0.7323617232263657,0.9999733627408675,stage2: s16_ipd16_addr16
simple_triad_imp_stage2_s16_ipd16_addr16_l1d_ddr4_2x,simple_triad,imp,s16_ipd16_addr16,l1d,ddr4_2x,0.002125,0.550032,1385258.0,2003817.0,375408.0,375418.0,596454.0,148523.0,2.0,,,,stage2,0.002605,1.2258823529411764,596454.0,148523.0,2.0,0.24900998232889712,3.3531504525076537e-06,0.6913096355605327,0.9999733630246819,stage2: s16_ipd16_addr16
simple_triad_imp_stage2_s16_ipd16_addr16_l2_ddr4_1x,simple_triad,imp,s16_ipd16_addr16,l2,ddr4_1x,0.002805,0.416667,1852685.0,2003765.0,162003.0,372971.0,,,,564472.0,210958.0,680.0,stage2,0.002897,1.0327985739750445,564472.0,210958.0,680.0,0.3737262432857609,0.0012046655990022533,0.9246019368538726,0.43435816725697174,stage2: s16_ipd16_addr16
simple_triad_imp_stage2_s16_ipd16_addr16_l2_ddr4_2x,simple_triad,imp,s16_ipd16_addr16,l2,ddr4_2x,0.001912,0.611273,1881594.0,2003826.0,130796.0,373808.0,,,,594390.0,243002.0,770.0,stage2,0.002605,1.3624476987447698,594390.0,243002.0,770.0,0.4088258550783156,0.001295445751106176,0.9390006916768222,0.3499015537388178,stage2: s16_ipd16_addr16
simple_triad_imp_stage2_s16_ipd16_pt32_l1d_ddr4_1x,simple_triad,imp,s16_ipd16_pt32,l1d,ddr4_1x,0.002904,0.402509,1467472.0,2003754.0,375404.0,375414.0,556526.0,127983.0,,,,,stage2,0.002897,0.9975895316804407,556526.0,127983.0,0.0,0.2299676924348548,0.0,0.7323613577315379,0.9999733627408675,stage2: s16_ipd16_pt32
simple_triad_imp_stage2_s16_ipd16_pt32_l1d_ddr4_2x,simple_triad,imp,s16_ipd16_pt32,l1d,ddr4_2x,0.002125,0.550032,1385258.0,2003817.0,375408.0,375418.0,596454.0,148523.0,2.0,,,,stage2,0.002605,1.2258823529411764,596454.0,148523.0,2.0,0.24900998232889712,3.3531504525076537e-06,0.6913096355605327,0.9999733630246819,stage2: s16_ipd16_pt32
simple_triad_imp_stage2_s16_ipd16_pt32_l2_ddr4_1x,simple_triad,imp,s16_ipd16_pt32,l2,ddr4_1x,0.002805,0.416667,1852685.0,2003765.0,162003.0,372971.0,,,,564472.0,210958.0,680.0,stage2,0.002897,1.0327985739750445,564472.0,210958.0,680.0,0.3737262432857609,0.0012046655990022533,0.9246019368538726,0.43435816725697174,stage2: s16_ipd16_pt32
simple_triad_imp_stage2_s16_ipd16_pt32_l2_ddr4_2x,simple_triad,imp,s16_ipd16_pt32,l2,ddr4_2x,0.001912,0.611273,1881594.0,2003826.0,130796.0,373808.0,,,,594390.0,243002.0,770.0,stage2,0.002605,1.3624476987447698,594390.0,243002.0,770.0,0.4088258550783156,0.001295445751106176,0.9390006916768222,0.3499015537388178,stage2: s16_ipd16_pt32
simple_triad_imp_stage2_s16_ipd8_addr8_l1d_ddr4_1x,simple_triad,imp,s16_ipd8_addr8,l1d,ddr4_1x,0.002904,0.402509,1467472.0,2003753.0,375404.0,375414.0,556526.0,127983.0,,,,,stage2,0.002897,0.9975895316804407,556526.0,127983.0,0.0,0.2299676924348548,0.0,0.7323617232263657,0.9999733627408675,stage2: s16_ipd8_addr8
simple_triad_imp_stage2_s16_ipd8_addr8_l1d_ddr4_2x,simple_triad,imp,s16_ipd8_addr8,l1d,ddr4_2x,0.002125,0.550032,1385258.0,2003817.0,375408.0,375418.0,596454.0,148523.0,2.0,,,,stage2,0.002605,1.2258823529411764,596454.0,148523.0,2.0,0.24900998232889712,3.3531504525076537e-06,0.6913096355605327,0.9999733630246819,stage2: s16_ipd8_addr8
simple_triad_imp_stage2_s16_ipd8_addr8_l2_ddr4_1x,simple_triad,imp,s16_ipd8_addr8,l2,ddr4_1x,0.002805,0.416667,1852685.0,2003766.0,162003.0,372971.0,,,,564472.0,210958.0,680.0,stage2,0.002897,1.0327985739750445,564472.0,210958.0,680.0,0.3737262432857609,0.0012046655990022533,0.9246014754217808,0.43435816725697174,stage2: s16_ipd8_addr8
simple_triad_imp_stage2_s16_ipd8_addr8_l2_ddr4_2x,simple_triad,imp,s16_ipd8_addr8,l2,ddr4_2x,0.001912,0.611273,1881594.0,2003826.0,130796.0,373808.0,,,,594390.0,243002.0,770.0,stage2,0.002605,1.3624476987447698,594390.0,243002.0,770.0,0.4088258550783156,0.001295445751106176,0.9390006916768222,0.3499015537388178,stage2: s16_ipd8_addr8
simple_triad_imp_stage2_s16_l1d_ddr4_1x,simple_triad,imp,s16,l1d,ddr4_1x,0.002904,0.402509,1467472.0,2003753.0,375404.0,375414.0,556526.0,127983.0,,,,,stage2,0.002897,0.9975895316804407,556526.0,127983.0,0.0,0.2299676924348548,0.0,0.7323617232263657,0.9999733627408675,stage2: s16
simple_triad_imp_stage2_s16_l1d_ddr4_2x,simple_triad,imp,s16,l1d,ddr4_2x,0.002125,0.550032,1385258.0,2003817.0,375408.0,375418.0,596454.0,148523.0,2.0,,,,stage2,0.002605,1.2258823529411764,596454.0,148523.0,2.0,0.24900998232889712,3.3531504525076537e-06,0.6913096355605327,0.9999733630246819,stage2: s16
simple_triad_imp_stage2_s16_l2_ddr4_1x,simple_triad,imp,s16,l2,ddr4_1x,0.002805,0.416667,1852685.0,2003765.0,162003.0,372971.0,,,,564472.0,210958.0,680.0,stage2,0.002897,1.0327985739750445,564472.0,210958.0,680.0,0.3737262432857609,0.0012046655990022533,0.9246019368538726,0.43435816725697174,stage2: s16
simple_triad_imp_stage2_s16_l2_ddr4_2x,simple_triad,imp,s16,l2,ddr4_2x,0.001912,0.611273,1881594.0,2003826.0,130796.0,373808.0,,,,594390.0,243002.0,770.0,stage2,0.002605,1.3624476987447698,594390.0,243002.0,770.0,0.4088258550783156,0.001295445751106176,0.9390006916768222,0.3499015537388178,stage2: s16
simple_triad_imp_stage2_s16_pt8_sth2_l1d_ddr4_1x,simple_triad,imp,s16_pt8_sth2,l1d,ddr4_1x,0.002902,0.402825,1471415.0,2003736.0,375397.0,375407.0,554329.0,126902.0,1.0,,,,stage2,0.002897,0.9982770503101309,554329.0,126902.0,1.0,0.22892902951135516,1.8039828332993583e-06,0.7343357607988278,0.9999733622441777,stage2: s16_pt8_sth2
simple_triad_imp_stage2_s16_pt8_sth2_l1d_ddr4_2x,simple_triad,imp,s16_pt8_sth2,l1d,ddr4_2x,0.002113,0.553157,1389696.0,2003810.0,375393.0,375403.0,589187.0,147512.0,,,,,stage2,0.002605,1.2328442972077616,589187.0,147512.0,0.0,0.2503653339262407,0.0,0.6935268313862093,0.9999733619603466,stage2: s16_pt8_sth2
simple_triad_imp_stage2_s16_pt8_sth2_l2_ddr4_1x,simple_triad,imp,s16_pt8_sth2,l2,ddr4_1x,0.002809,0.416029,1852943.0,2003771.0,161211.0,372804.0,,,,560650.0,211583.0,800.0,stage2,0.002897,1.0313278746885013,560650.0,211583.0,800.0,0.37738874520645677,0.0014269151877285293,0.9247279254964764,0.4324283001255351,stage2: s16_pt8_sth2
simple_triad_imp_stage2_s16_pt8_sth2_l2_ddr4_2x,simple_triad,imp,s16_pt8_sth2,l2,ddr4_2x,0.00191,0.611922,1882018.0,2003835.0,130707.0,373842.0,,,,595202.0,243125.0,811.0,stage2,0.002605,1.3638743455497382,595202.0,243125.0,811.0,0.40847476991004733,0.0013625626257976284,0.9392080685285964,0.3496316625740286,stage2: s16_pt8_sth2
simple_triad_imp_stage2_s16_pt8_sth8_l1d_ddr4_1x,simple_triad,imp,s16_pt8_sth8,l1d,ddr4_1x,0.0029,0.403025,1470037.0,2003753.0,375384.0,375394.0,556585.0,127337.0,1.0,,,,stage2,0.002897,0.9989655172413793,556585.0,127337.0,1.0,0.22878266572042005,1.7966707690649228e-06,0.7336418211226633,0.9999733613217047,stage2: s16_pt8_sth8
simple_triad_imp_stage2_s16_pt8_sth8_l1d_ddr4_2x,simple_triad,imp,s16_pt8_sth8,l1d,ddr4_2x,0.0021,0.556543,1394301.0,2003835.0,375395.0,375405.0,592864.0,146123.0,,,,,stage2,0.002605,1.2404761904761905,592864.0,146123.0,0.0,0.24646967938684083,0.0,0.6958162722978688,0.9999733621022628,stage2: s16_pt8_sth8
simple_triad_imp_stage2_s16_pt8_sth8_l2_ddr4_1x,simple_triad,imp,s16_pt8_sth8,l2,ddr4_1x,0.002815,0.415234,1850595.0,2003765.0,161666.0,372919.0,,,,561679.0,211243.0,673.0,stage2,0.002897,1.0291296625222024,561679.0,211243.0,673.0,0.3760920383350633,0.001198193274094278,0.9235589003700534,0.43351505286670833,stage2: s16_pt8_sth8
simple_triad_imp_stage2_s16_pt8_sth8_l2_ddr4_2x,simple_triad,imp,s16_pt8_sth8,l2,ddr4_2x,0.001912,0.611241,1882298.0,2003827.0,130933.0,373828.0,,,,595709.0,242885.0,787.0,stage2,0.002605,1.3624476987447698,595709.0,242885.0,787.0,0.4077242411983032,0.0013211148396280734,0.9393515508075297,0.3502493125180564,stage2: s16_pt8_sth8
simple_triad_imp_stage2_s16_sth2_l1d_ddr4_1x,simple_triad,imp,s16_sth2,l1d,ddr4_1x,0.002902,0.402825,1471415.0,2003735.0,375397.0,375407.0,554329.0,126902.0,1.0,,,,stage2,0.002897,0.9982770503101309,554329.0,126902.0,1.0,0.22892902951135516,1.8039828332993583e-06,0.7343361272823004,0.9999733622441777,stage2: s16_sth2
simple_triad_imp_stage2_s16_sth2_l1d_ddr4_2x,simple_triad,imp,s16_sth2,l1d,ddr4_2x,0.002113,0.553157,1389696.0,2003810.0,375393.0,375403.0,589187.0,147512.0,,,,,stage2,0.002605,1.2328442972077616,589187.0,147512.0,0.0,0.2503653339262407,0.0,0.6935268313862093,0.9999733619603466,stage2: s16_sth2
simple_triad_imp_stage2_s16_sth2_l2_ddr4_1x,simple_triad,imp,s16_sth2,l2,ddr4_1x,0.002809,0.416029,1852943.0,2003770.0,161211.0,372804.0,,,,560650.0,211583.0,800.0,stage2,0.002897,1.0313278746885013,560650.0,211583.0,800.0,0.37738874520645677,0.0014269151877285293,0.9247283869905228,0.4324283001255351,stage2: s16_sth2
simple_triad_imp_stage2_s16_sth2_l2_ddr4_2x,simple_triad,imp,s16_sth2,l2,ddr4_2x,0.00191,0.611922,1882018.0,2003835.0,130707.0,373842.0,,,,595202.0,243125.0,811.0,stage2,0.002605,1.3638743455497382,595202.0,243125.0,811.0,0.40847476991004733,0.0013625626257976284,0.9392080685285964,0.3496316625740286,stage2: s16_sth2
simple_triad_imp_stage2_s16_sth8_l1d_ddr4_1x,simple_triad,imp,s16_sth8,l1d,ddr4_1x,0.0029,0.403025,1470037.0,2003752.0,375384.0,375394.0,556585.0,127337.0,1.0,,,,stage2,0.002897,0.9989655172413793,556585.0,127337.0,1.0,0.22878266572042005,1.7966707690649228e-06,0.7336421872567064,0.9999733613217047,stage2: s16_sth8
simple_triad_imp_stage2_s16_sth8_l1d_ddr4_2x,simple_triad,imp,s16_sth8,l1d,ddr4_2x,0.0021,0.556543,1394301.0,2003835.0,375395.0,375405.0,592864.0,146123.0,,,,,stage2,0.002605,1.2404761904761905,592864.0,146123.0,0.0,0.24646967938684083,0.0,0.6958162722978688,0.9999733621022628,stage2: s16_sth8
simple_triad_imp_stage2_s16_sth8_l2_ddr4_1x,simple_triad,imp,s16_sth8,l2,ddr4_1x,0.002815,0.415234,1850595.0,2003764.0,161666.0,372919.0,,,,561679.0,211243.0,673.0,stage2,0.002897,1.0291296625222024,561679.0,211243.0,673.0,0.3760920383350633,0.001198193274094278,0.9235593612820672,0.43351505286670833,stage2: s16_sth8
simple_triad_imp_stage2_s16_sth8_l2_ddr4_2x,simple_triad,imp,s16_sth8,l2,ddr4_2x,0.001912,0.611241,1882298.0,2003827.0,130933.0,373828.0,,,,595709.0,242885.0,787.0,stage2,0.002605,1.3624476987447698,595709.0,242885.0,787.0,0.4077242411983032,0.0013211148396280734,0.9393515508075297,0.3502493125180564,stage2: s16_sth8
simple_triad_imp_stage2_s2_l1d_ddr4_1x,simple_triad,imp,s2,l1d,ddr4_1x,0.002797,0.417861,1997901.0,2003756.0,375364.0,375374.0,1206352.0,1.0,,,,,stage2,0.002897,1.0357525920629245,1206352.0,1.0,0.0,8.289454487579082e-07,0.0,0.997077987539401,0.9999733599023907,stage2: s2
simple_triad_imp_stage2_s2_l1d_ddr4_2x,simple_triad,imp,s2,l1d,ddr4_2x,0.002534,0.461198,1998638.0,2003760.0,375364.0,375374.0,1189234.0,33.0,,,,,stage2,0.002605,1.0280189423835835,1189234.0,33.0,0.0,2.7748954368946734e-05,0.0,0.9974438056453867,0.9999733599023907,stage2: s2
simple_triad_imp_stage2_s2_l2_ddr4_1x,simple_triad,imp,s2,l2,ddr4_1x,0.002654,0.440455,1972892.0,2003762.0,356264.0,375375.0,,,,693958.0,19101.0,2.0,stage2,0.002897,1.0915599095704596,693958.0,19101.0,2.0,0.027524720516227206,2.8820187965265907e-06,0.9845939787260164,0.9490882450882451,stage2: s2
simple_triad_imp_stage2_s2_l2_ddr4_2x,simple_triad,imp,s2,l2,ddr4_2x,0.001983,0.589321,1974710.0,2003824.0,363246.0,375376.0,,,,708186.0,12120.0,2.0,stage2,0.002605,1.3136661623802321,708186.0,12120.0,2.0,0.017114147978073556,2.8241168280649435e-06,0.9854707798688906,0.967685733770939,stage2: s2
simple_triad_imp_stage2_s2_sth2_l1d_ddr4_1x,simple_triad,imp,s2_sth2,l1d,ddr4_1x,0.002933,0.398524,1994024.0,2003755.0,375369.0,375379.0,1199341.0,1.0,,,,,stage2,0.002897,0.9877258779406751,1199341.0,1.0,0.0,8.337912236803378e-07,0.0,0.9951436178574726,0.9999733602572334,stage2: s2_sth2
simple_triad_imp_stage2_s2_sth2_l1d_ddr4_2x,simple_triad,imp,s2_sth2,l1d,ddr4_2x,0.002534,0.46119,1998635.0,2003759.0,375367.0,375377.0,1189241.0,33.0,,,,,stage2,0.002605,1.0280189423835835,1189241.0,33.0,0.0,2.7748791035626924e-05,0.0,0.9974428062456613,0.9999733601152975,stage2: s2_sth2
simple_triad_imp_stage2_s2_sth2_l2_ddr4_1x,simple_triad,imp,s2_sth2,l2,ddr4_1x,0.002614,0.44708,1977072.0,2003761.0,361111.0,375373.0,,,,704306.0,14252.0,2.0,stage2,0.002897,1.1082631981637336,704306.0,14252.0,2.0,0.020235522627948647,2.8396748004418532e-06,0.9866805472309322,0.9620057915726491,stage2: s2_sth2
simple_triad_imp_stage2_s2_sth2_l2_ddr4_2x,simple_triad,imp,s2_sth2,l2,ddr4_2x,0.00201,0.581566,1974411.0,2003829.0,362734.0,375374.0,,,,707207.0,12630.0,2.0,stage2,0.002605,1.2960199004975124,707207.0,12630.0,2.0,0.017858986124288927,2.828026306300701e-06,0.9853191065704708,0.9663269166218225,stage2: s2_sth2
simple_triad_imp_stage2_s2_sth8_l1d_ddr4_1x,simple_triad,imp,s2_sth8,l1d,ddr4_1x,0.002797,0.417861,1997936.0,2003753.0,375363.0,375373.0,1206342.0,1.0,,,,,stage2,0.002897,1.0357525920629245,1206342.0,1.0,0.0,8.289523203204398e-07,0.0,0.9970969475778702,0.999973359831421,stage2: s2_sth8
simple_triad_imp_stage2_s2_sth8_l1d_ddr4_2x,simple_triad,imp,s2_sth8,l1d,ddr4_2x,0.002568,0.455129,1997868.0,2003770.0,375367.0,375378.0,1179386.0,45.0,,,,,stage2,0.002605,1.0144080996884737,1179386.0,45.0,0.0,3.8155446986821955e-05,0.0,0.9970545521691612,0.9999706962048921,stage2: s2_sth8
simple_triad_imp_stage2_s2_sth8_l2_ddr4_1x,simple_triad,imp,s2_sth8,l2,ddr4_1x,0.002622,0.445823,1972343.0,2003734.0,357973.0,375374.0,,,,698191.0,17391.0,2.0,stage2,0.002897,1.104881769641495,698191.0,17391.0,2.0,0.02490865680021656,2.864545661573982e-06,0.9843337488908208,0.9536435661500263,stage2: s2_sth8
simple_triad_imp_stage2_s2_sth8_l2_ddr4_2x,simple_triad,imp,s2_sth8,l2,ddr4_2x,0.002013,0.580706,1973839.0,2003799.0,362665.0,375375.0,,,,707038.0,12700.0,2.0,stage2,0.002605,1.2940884252359663,707038.0,12700.0,2.0,0.017962259454230182,2.8287022762567216e-06,0.9850484005631304,0.9661405261405261,stage2: s2_sth8
simple_triad_imp_stage2_s8_dist32_addr8_l1d_ddr4_1x,simple_triad,imp,s8_dist32_addr8,l1d,ddr4_1x,0.002806,0.416579,1739123.0,2003766.0,375382.0,375392.0,921858.0,61292.0,,,,,stage2,0.002897,1.0324305060584462,921858.0,61292.0,0.0,0.06648746336203623,0.0,0.8679271930954013,0.9999733611797801,stage2: s8_dist32_addr8
simple_triad_imp_stage2_s8_dist32_addr8_l1d_ddr4_2x,simple_triad,imp,s8_dist32_addr8,l1d,ddr4_2x,0.002159,0.541333,1488481.0,2003829.0,375391.0,375401.0,707847.0,120978.0,1.0,,,,stage2,0.002605,1.206577119036591,707847.0,120978.0,1.0,0.17090981525668683,1.4127346728883502e-06,0.7428183742225509,0.9999733618184288,stage2: s8_dist32_addr8
simple_triad_imp_stage2_s8_dist32_addr8_l2_ddr4_1x,simple_triad,imp,s8_dist32_addr8,l2,ddr4_1x,0.002797,0.41795,1866427.0,2003756.0,169364.0,373940.0,,,,571511.0,204566.0,721.0,stage2,0.002897,1.0357525920629245,571511.0,204566.0,721.0,0.3579388673183893,0.0012615680188132862,0.9314642102132196,0.4529175803604856,stage2: s8_dist32_addr8
simple_triad_imp_stage2_s8_dist32_addr8_l2_ddr4_2x,simple_triad,imp,s8_dist32_addr8,l2,ddr4_2x,0.002071,0.564273,1874602.0,2003834.0,138066.0,374087.0,,,,598428.0,236011.0,823.0,stage2,0.002605,1.2578464509898601,598428.0,236011.0,823.0,0.39438495524942013,0.0013752698737358546,0.9355076318697058,0.36907457356176504,stage2: s8_dist32_addr8
simple_triad_imp_stage2_s8_dist8_addr8_l1d_ddr4_1x,simple_triad,imp,s8_dist8_addr8,l1d,ddr4_1x,0.002806,0.416579,1739123.0,2003766.0,375382.0,375392.0,921858.0,61292.0,,,,,stage2,0.002897,1.0324305060584462,921858.0,61292.0,0.0,0.06648746336203623,0.0,0.8679271930954013,0.9999733611797801,stage2: s8_dist8_addr8
simple_triad_imp_stage2_s8_dist8_addr8_l1d_ddr4_2x,simple_triad,imp,s8_dist8_addr8,l1d,ddr4_2x,0.002159,0.541333,1488481.0,2003829.0,375391.0,375401.0,707847.0,120978.0,1.0,,,,stage2,0.002605,1.206577119036591,707847.0,120978.0,1.0,0.17090981525668683,1.4127346728883502e-06,0.7428183742225509,0.9999733618184288,stage2: s8_dist8_addr8
simple_triad_imp_stage2_s8_dist8_addr8_l2_ddr4_1x,simple_triad,imp,s8_dist8_addr8,l2,ddr4_1x,0.002797,0.41795,1866427.0,2003755.0,169364.0,373940.0,,,,571511.0,204566.0,721.0,stage2,0.002897,1.0357525920629245,571511.0,204566.0,721.0,0.3579388673183893,0.0012615680188132862,0.9314646750725513,0.4529175803604856,stage2: s8_dist8_addr8
simple_triad_imp_stage2_s8_dist8_addr8_l2_ddr4_2x,simple_triad,imp,s8_dist8_addr8,l2,ddr4_2x,0.002071,0.564273,1874602.0,2003834.0,138066.0,374087.0,,,,598428.0,236011.0,823.0,stage2,0.002605,1.2578464509898601,598428.0,236011.0,823.0,0.39438495524942013,0.0013752698737358546,0.9355076318697058,0.36907457356176504,stage2: s8_dist8_addr8
simple_triad_imp_stage2_s8_ipd16_addr16_l1d_ddr4_1x,simple_triad,imp,s8_ipd16_addr16,l1d,ddr4_1x,0.002806,0.416579,1739123.0,2003765.0,375382.0,375392.0,921858.0,61292.0,,,,,stage2,0.002897,1.0324305060584462,921858.0,61292.0,0.0,0.06648746336203623,0.0,0.8679276262435964,0.9999733611797801,stage2: s8_ipd16_addr16
simple_triad_imp_stage2_s8_ipd16_addr16_l1d_ddr4_2x,simple_triad,imp,s8_ipd16_addr16,l1d,ddr4_2x,0.002159,0.541333,1488481.0,2003829.0,375391.0,375401.0,707847.0,120978.0,1.0,,,,stage2,0.002605,1.206577119036591,707847.0,120978.0,1.0,0.17090981525668683,1.4127346728883502e-06,0.7428183742225509,0.9999733618184288,stage2: s8_ipd16_addr16
simple_triad_imp_stage2_s8_ipd16_addr16_l2_ddr4_1x,simple_triad,imp,s8_ipd16_addr16,l2,ddr4_1x,0.002797,0.41795,1866427.0,2003755.0,169364.0,373940.0,,,,571511.0,204566.0,721.0,stage2,0.002897,1.0357525920629245,571511.0,204566.0,721.0,0.3579388673183893,0.0012615680188132862,0.9314646750725513,0.4529175803604856,stage2: s8_ipd16_addr16
simple_triad_imp_stage2_s8_ipd16_addr16_l2_ddr4_2x,simple_triad,imp,s8_ipd16_addr16,l2,ddr4_2x,0.002071,0.564273,1874602.0,2003834.0,138066.0,374087.0,,,,598428.0,236011.0,823.0,stage2,0.002605,1.2578464509898601,598428.0,236011.0,823.0,0.39438495524942013,0.0013752698737358546,0.9355076318697058,0.36907457356176504,stage2: s8_ipd16_addr16
simple_triad_imp_stage2_s8_ipd16_pt32_l1d_ddr4_1x,simple_triad,imp,s8_ipd16_pt32,l1d,ddr4_1x,0.002806,0.416579,1739123.0,2003766.0,375382.0,375392.0,921858.0,61292.0,,,,,stage2,0.002897,1.0324305060584462,921858.0,61292.0,0.0,0.06648746336203623,0.0,0.8679271930954013,0.9999733611797801,stage2: s8_ipd16_pt32
simple_triad_imp_stage2_s8_ipd16_pt32_l1d_ddr4_2x,simple_triad,imp,s8_ipd16_pt32,l1d,ddr4_2x,0.002159,0.541333,1488481.0,2003829.0,375391.0,375401.0,707847.0,120978.0,1.0,,,,stage2,0.002605,1.206577119036591,707847.0,120978.0,1.0,0.17090981525668683,1.4127346728883502e-06,0.7428183742225509,0.9999733618184288,stage2: s8_ipd16_pt32
simple_triad_imp_stage2_s8_ipd16_pt32_l2_ddr4_1x,simple_triad,imp,s8_ipd16_pt32,l2,ddr4_1x,0.002797,0.41795,1866427.0,2003755.0,169364.0,373940.0,,,,571511.0,204566.0,721.0,stage2,0.002897,1.0357525920629245,571511.0,204566.0,721.0,0.3579388673183893,0.0012615680188132862,0.9314646750725513,0.4529175803604856,stage2: s8_ipd16_pt32
simple_triad_imp_stage2_s8_ipd16_pt32_l2_ddr4_2x,simple_triad,imp,s8_ipd16_pt32,l2,ddr4_2x,0.002071,0.564273,1874602.0,2003834.0,138066.0,374087.0,,,,598428.0,236011.0,823.0,stage2,0.002605,1.2578464509898601,598428.0,236011.0,823.0,0.39438495524942013,0.0013752698737358546,0.9355076318697058,0.36907457356176504,stage2: s8_ipd16_pt32
simple_triad_imp_stage2_s8_ipd8_addr8_l1d_ddr4_1x,simple_triad,imp,s8_ipd8_addr8,l1d,ddr4_1x,0.002806,0.416579,1739123.0,2003765.0,375382.0,375392.0,921858.0,61292.0,,,,,stage2,0.002897,1.0324305060584462,921858.0,61292.0,0.0,0.06648746336203623,0.0,0.8679276262435964,0.9999733611797801,stage2: s8_ipd8_addr8
simple_triad_imp_stage2_s8_ipd8_addr8_l1d_ddr4_2x,simple_triad,imp,s8_ipd8_addr8,l1d,ddr4_2x,0.002159,0.541333,1488481.0,2003829.0,375391.0,375401.0,707847.0,120978.0,1.0,,,,stage2,0.002605,1.206577119036591,707847.0,120978.0,1.0,0.17090981525668683,1.4127346728883502e-06,0.7428183742225509,0.9999733618184288,stage2: s8_ipd8_addr8
simple_triad_imp_stage2_s8_ipd8_addr8_l2_ddr4_1x,simple_triad,imp,s8_ipd8_addr8,l2,ddr4_1x,0.002797,0.41795,1866427.0,2003755.0,169364.0,373940.0,,,,571511.0,204566.0,721.0,stage2,0.002897,1.0357525920629245,571511.0,204566.0,721.0,0.3579388673183893,0.0012615680188132862,0.9314646750725513,0.4529175803604856,stage2: s8_ipd8_addr8
simple_triad_imp_stage2_s8_ipd8_addr8_l2_ddr4_2x,simple_triad,imp,s8_ipd8_addr8,l2,ddr4_2x,0.002071,0.564273,1874602.0,2003834.0,138066.0,374087.0,,,,598428.0,236011.0,823.0,stage2,0.002605,1.2578464509898601,598428.0,236011.0,823.0,0.39438495524942013,0.0013752698737358546,0.9355076318697058,0.36907457356176504,stage2: s8_ipd8_addr8
simple_triad_imp_stage2_s8_l1d_ddr4_1x,simple_triad,imp,s8,l1d,ddr4_1x,0.002806,0.416579,1739123.0,2003766.0,375382.0,375392.0,921858.0,61292.0,,,,,stage2,0.002897,1.0324305060584462,921858.0,61292.0,0.0,0.06648746336203623,0.0,0.8679271930954013,0.9999733611797801,stage2: s8
simple_triad_imp_stage2_s8_l1d_ddr4_2x,simple_triad,imp,s8,l1d,ddr4_2x,0.002159,0.541333,1488481.0,2003829.0,375391.0,375401.0,707847.0,120978.0,1.0,,,,stage2,0.002605,1.206577119036591,707847.0,120978.0,1.0,0.17090981525668683,1.4127346728883502e-06,0.7428183742225509,0.9999733618184288,stage2: s8
simple_triad_imp_stage2_s8_l2_ddr4_1x,simple_triad,imp,s8,l2,ddr4_1x,0.002797,0.41795,1866427.0,2003756.0,169364.0,373940.0,,,,571511.0,204566.0,721.0,stage2,0.002897,1.0357525920629245,571511.0,204566.0,721.0,0.3579388673183893,0.0012615680188132862,0.9314642102132196,0.4529175803604856,stage2: s8
simple_triad_imp_stage2_s8_l2_ddr4_2x,simple_triad,imp,s8,l2,ddr4_2x,0.002071,0.564273,1874602.0,2003834.0,138066.0,374087.0,,,,598428.0,236011.0,823.0,stage2,0.002605,1.2578464509898601,598428.0,236011.0,823.0,0.39438495524942013,0.0013752698737358546,0.9355076318697058,0.36907457356176504,stage2: s8
simple_triad_imp_stage2_s8_pt8_sth2_l1d_ddr4_1x,simple_triad,imp,s8_pt8_sth2,l1d,ddr4_1x,0.002803,0.417029,1791119.0,2003740.0,375381.0,375391.0,957429.0,48731.0,,,,,stage2,0.002897,1.033535497681056,957429.0,48731.0,0.0,0.050897768920724146,0.0,0.8938879295717009,0.9999733611088172,stage2: s8_pt8_sth2
simple_triad_imp_stage2_s8_pt8_sth2_l1d_ddr4_2x,simple_triad,imp,s8_pt8_sth2,l1d,ddr4_2x,0.00217,0.53871,1473739.0,2003797.0,375383.0,375393.0,684972.0,124559.0,,,,,stage2,0.002605,1.2004608294930876,684972.0,124559.0,0.0,0.18184538930058455,0.0,0.7354732041219745,0.9999733612507425,stage2: s8_pt8_sth2
simple_triad_imp_stage2_s8_pt8_sth2_l2_ddr4_1x,simple_triad,imp,s8_pt8_sth2,l2,ddr4_1x,0.002787,0.41935,1866771.0,2003761.0,169682.0,373955.0,,,,572006.0,204263.0,706.0,stage2,0.002897,1.039468963042698,572006.0,204263.0,706.0,0.3570994010552337,0.0012342527875581725,0.9316335630846194,0.4537497827278683,stage2: s8_pt8_sth2
simple_triad_imp_stage2_s8_pt8_sth2_l2_ddr4_2x,simple_triad,imp,s8_pt8_sth2,l2,ddr4_2x,0.002053,0.569385,1875302.0,2003842.0,138131.0,374046.0,,,,593944.0,235905.0,849.0,stage2,0.002605,1.2688748173404774,593944.0,235905.0,849.0,0.3971839095941705,0.001429427690152607,0.9358532259529444,0.3692888040508387,stage2: s8_pt8_sth2
simple_triad_imp_stage2_s8_pt8_sth8_l1d_ddr4_1x,simple_triad,imp,s8_pt8_sth8,l1d,ddr4_1x,0.002772,0.42166,1821918.0,2003765.0,375371.0,375381.0,949656.0,41411.0,,,,,stage2,0.002897,1.045093795093795,949656.0,41411.0,0.0,0.04360631639246211,0.0,0.909247341878913,0.9999733603991677,stage2: s8_pt8_sth8
simple_triad_imp_stage2_s8_pt8_sth8_l1d_ddr4_2x,simple_triad,imp,s8_pt8_sth8,l1d,ddr4_2x,0.002159,0.541291,1488479.0,2003828.0,375387.0,375397.0,707817.0,120978.0,1.0,,,,stage2,0.002605,1.206577119036591,707817.0,120978.0,1.0,0.17091705907035293,1.4127945500037439e-06,0.7428177468325625,0.9999733615345887,stage2: s8_pt8_sth8
simple_triad_imp_stage2_s8_pt8_sth8_l2_ddr4_1x,simple_triad,imp,s8_pt8_sth8,l2,ddr4_1x,0.002789,0.419004,1865465.0,2003765.0,170158.0,373960.0,,,,571246.0,203792.0,708.0,stage2,0.002897,1.0387235568304052,571246.0,203792.0,708.0,0.3567499816191273,0.0012393959870178521,0.9309799302812456,0.45501657931329553,stage2: s8_pt8_sth8
simple_triad_imp_stage2_s8_pt8_sth8_l2_ddr4_2x,simple_triad,imp,s8_pt8_sth8,l2,ddr4_2x,0.002051,0.569874,1875518.0,2003830.0,138887.0,374072.0,,,,596502.0,235175.0,819.0,stage2,0.002605,1.2701121404193079,596502.0,235175.0,819.0,0.39425685077334194,0.0013730046169166238,0.9359666239152024,0.3712841378130413,stage2: s8_pt8_sth8
simple_triad_imp_stage2_s8_sth2_l1d_ddr4_1x,simple_triad,imp,s8_sth2,l1d,ddr4_1x,0.002803,0.417029,1791119.0,2003740.0,375381.0,375391.0,957429.0,48731.0,,,,,stage2,0.002897,1.033535497681056,957429.0,48731.0,0.0,0.050897768920724146,0.0,0.8938879295717009,0.9999733611088172,stage2: s8_sth2
simple_triad_imp_stage2_s8_sth2_l1d_ddr4_2x,simple_triad,imp,s8_sth2,l1d,ddr4_2x,0.00217,0.53871,1473739.0,2003797.0,375383.0,375393.0,684972.0,124559.0,,,,,stage2,0.002605,1.2004608294930876,684972.0,124559.0,0.0,0.18184538930058455,0.0,0.7354732041219745,0.9999733612507425,stage2: s8_sth2
simple_triad_imp_stage2_s8_sth2_l2_ddr4_1x,simple_triad,imp,s8_sth2,l2,ddr4_1x,0.002787,0.41935,1866771.0,2003761.0,169682.0,373955.0,,,,572006.0,204263.0,706.0,stage2,0.002897,1.039468963042698,572006.0,204263.0,706.0,0.3570994010552337,0.0012342527875581725,0.9316335630846194,0.4537497827278683,stage2: s8_sth2
simple_triad_imp_stage2_s8_sth2_l2_ddr4_2x,simple_triad,imp,s8_sth2,l2,ddr4_2x,0.002053,0.569385,1875302.0,2003842.0,138131.0,374046.0,,,,593944.0,235905.0,849.0,stage2,0.002605,1.2688748173404774,593944.0,235905.0,849.0,0.3971839095941705,0.001429427690152607,0.9358532259529444,0.3692888040508387,stage2: s8_sth2
simple_triad_imp_stage2_s8_sth8_l1d_ddr4_1x,simple_triad,imp,s8_sth8,l1d,ddr4_1x,0.002772,0.42166,1821918.0,2003765.0,375371.0,375381.0,949656.0,41411.0,,,,,stage2,0.002897,1.045093795093795,949656.0,41411.0,0.0,0.04360631639246211,0.0,0.909247341878913,0.9999733603991677,stage2: s8_sth8
simple_triad_imp_stage2_s8_sth8_l1d_ddr4_2x,simple_triad,imp,s8_sth8,l1d,ddr4_2x,0.002159,0.541291,1488479.0,2003828.0,375387.0,375397.0,707817.0,120978.0,1.0,,,,stage2,0.002605,1.206577119036591,707817.0,120978.0,1.0,0.17091705907035293,1.4127945500037439e-06,0.7428177468325625,0.9999733615345887,stage2: s8_sth8
simple_triad_imp_stage2_s8_sth8_l2_ddr4_1x,simple_triad,imp,s8_sth8,l2,ddr4_1x,0.002789,0.419004,1865465.0,2003765.0,170158.0,373960.0,,,,571246.0,203792.0,708.0,stage2,0.002897,1.0387235568304052,571246.0,203792.0,708.0,0.3567499816191273,0.0012393959870178521,0.9309799302812456,0.45501657931329553,stage2: s8_sth8
simple_triad_imp_stage2_s8_sth8_l2_ddr4_2x,simple_triad,imp,s8_sth8,l2,ddr4_2x,0.002051,0.569874,1875518.0,2003830.0,138887.0,374072.0,,,,596502.0,235175.0,819.0,stage2,0.002605,1.2701121404193079,596502.0,235175.0,819.0,0.39425685077334194,0.0013730046169166238,0.9359666239152024,0.3712841378130413,stage2: s8_sth8
spmv_imp_stage2_aggr_s16_sth2_d32_ipd16_addr16_l1d_ddr4_1x,spmv,imp,aggr_s16_sth2_d32_ipd16_addr16,l1d,ddr4_1x,0.005943,0.633399,1979133.0,4826210.0,653551.0,3664870.0,2606778.0,150679.0,1925199.0,,,,stage2,0.010599,1.7834427057041897,2606778.0,150679.0,1925199.0,0.05780277415261292,0.7385358477016455,0.4100801664245858,0.17832856281396067,stage2: aggr_s16_sth2_d32_ipd16_addr16
spmv_imp_stage2_aggr_s16_sth2_d32_ipd16_addr16_l1d_ddr4_2x,spmv,imp,aggr_s16_sth2_d32_ipd16_addr16,l1d,ddr4_2x,0.005411,0.695643,1985164.0,4826485.0,654449.0,3669557.0,2609279.0,150565.0,1929952.0,,,,stage2,0.009047,1.6719645167251893,2609279.0,150565.0,1929952.0,0.057703679828795616,0.7396495353697324,0.41130636477685106,0.17834550601067103,stage2: aggr_s16_sth2_d32_ipd16_addr16
spmv_imp_stage2_aggr_s16_sth2_d32_ipd16_addr16_l2_ddr4_1x,spmv,imp,aggr_s16_sth2_d32_ipd16_addr16,l2,ddr4_1x,0.006187,0.608395,2387968.0,4827653.0,353873.0,1686964.0,,,,366451.0,191796.0,12499.0,stage2,0.010599,1.7131081299498951,366451.0,191796.0,12499.0,0.5233878472155895,0.03410824366695684,0.4946436705372155,0.2097691474151197,stage2: aggr_s16_sth2_d32_ipd16_addr16
spmv_imp_stage2_aggr_s16_sth2_d32_ipd16_addr16_l2_ddr4_2x,spmv,imp,aggr_s16_sth2_d32_ipd16_addr16,l2,ddr4_2x,0.00558,0.674602,2390875.0,4827880.0,354593.0,1687033.0,,,,373385.0,191195.0,12617.0,stage2,0.009047,1.6213261648745518,373385.0,191195.0,12617.0,0.5120585990331695,0.03379085930072177,0.49522254074252053,0.21018735258883495,stage2: aggr_s16_sth2_d32_ipd16_addr16
spmv_imp_stage2_aggr_s16_sth2_d32_ipd16_l1d_ddr4_1x,spmv,imp,aggr_s16_sth2_d32_ipd16,l1d,ddr4_1x,0.005943,0.633399,1979133.0,4826210.0,653551.0,3664870.0,2606778.0,150679.0,1925199.0,,,,stage2,0.010599,1.7834427057041897,2606778.0,150679.0,1925199.0,0.05780277415261292,0.7385358477016455,0.4100801664245858,0.17832856281396067,stage2: aggr_s16_sth2_d32_ipd16
spmv_imp_stage2_aggr_s16_sth2_d32_ipd16_l1d_ddr4_2x,spmv,imp,aggr_s16_sth2_d32_ipd16,l1d,ddr4_2x,0.005411,0.695643,1985164.0,4826485.0,654449.0,3669557.0,2609279.0,150565.0,1929952.0,,,,stage2,0.009047,1.6719645167251893,2609279.0,150565.0,1929952.0,0.057703679828795616,0.7396495353697324,0.41130636477685106,0.17834550601067103,stage2: aggr_s16_sth2_d32_ipd16
spmv_imp_stage2_aggr_s16_sth2_d32_ipd16_l2_ddr4_1x,spmv,imp,aggr_s16_sth2_d32_ipd16,l2,ddr4_1x,0.006187,0.608395,2387968.0,4827653.0,353873.0,1686964.0,,,,366451.0,191796.0,12499.0,stage2,0.010599,1.7131081299498951,366451.0,191796.0,12499.0,0.5233878472155895,0.03410824366695684,0.4946436705372155,0.2097691474151197,stage2: aggr_s16_sth2_d32_ipd16
spmv_imp_stage2_aggr_s16_sth2_d32_ipd16_l2_ddr4_2x,spmv,imp,aggr_s16_sth2_d32_ipd16,l2,ddr4_2x,0.00558,0.674602,2390875.0,4827880.0,354593.0,1687033.0,,,,373385.0,191195.0,12617.0,stage2,0.009047,1.6213261648745518,373385.0,191195.0,12617.0,0.5120585990331695,0.03379085930072177,0.49522254074252053,0.21018735258883495,stage2: aggr_s16_sth2_d32_ipd16
spmv_imp_stage2_cons_s2_sth8_pt8_l1d_ddr4_1x,spmv,imp,cons_s2_sth8_pt8,l1d,ddr4_1x,0.00754,0.499244,2952639.0,4826528.0,571345.0,2519725.0,2271233.0,116302.0,803786.0,,,,stage2,0.010599,1.4057029177718834,2271233.0,116302.0,803786.0,0.051206547280706116,0.3538985211997184,0.6117521746481115,0.22674895077835874,stage2: cons_s2_sth8_pt8
spmv_imp_stage2_cons_s2_sth8_pt8_l1d_ddr4_2x,spmv,imp,cons_s2_sth8_pt8,l1d,ddr4_2x,0.007269,0.517799,2971000.0,4826513.0,571510.0,2521599.0,2294176.0,115340.0,805565.0,,,,stage2,0.009047,1.2446003576833127,2294176.0,115340.0,805565.0,0.05027513146332278,0.35113478652030183,0.6155582715720438,0.22664587033862243,stage2: cons_s2_sth8_pt8
spmv_imp_stage2_cons_s2_sth8_pt8_l2_ddr4_1x,spmv,imp,cons_s2_sth8_pt8,l2,ddr4_1x,0.007601,0.495208,3075012.0,4826352.0,416677.0,1686651.0,,,,240075.0,113073.0,2939.0,stage2,0.010599,1.3944217866070254,240075.0,113073.0,2939.0,0.470990315526398,0.012242007705925232,0.6371296581766104,0.24704399428216034,stage2: cons_s2_sth8_pt8
spmv_imp_stage2_cons_s2_sth8_pt8_l2_ddr4_2x,spmv,imp,cons_s2_sth8_pt8,l2,ddr4_2x,0.007266,0.518011,3105847.0,4826712.0,417827.0,1686686.0,,,,242255.0,111876.0,2957.0,stage2,0.009047,1.2451142306633636,242255.0,111876.0,2957.0,0.46181090173577427,0.012206146415966646,0.6434705447517897,0.2477206783005254,stage2: cons_s2_sth8_pt8
spmv_imp_stage2_cons_s8_sth8_pt8_ipd8_l1d_ddr4_1x,spmv,imp,cons_s8_sth8_pt8_ipd8,l1d,ddr4_1x,0.006188,0.608257,2120783.0,4826694.0,631352.0,3385995.0,2376225.0,153630.0,1650847.0,,,,stage2,0.010599,1.7128312863606983,2376225.0,153630.0,1650847.0,0.064652968468895,0.6947351366137466,0.439386254856844,0.18645981461874575,stage2: cons_s8_sth8_pt8_ipd8
spmv_imp_stage2_cons_s8_sth8_pt8_ipd8_l1d_ddr4_2x,spmv,imp,cons_s8_sth8_pt8_ipd8,l1d,ddr4_2x,0.005715,0.658643,2114886.0,4827136.0,632113.0,3394262.0,2377786.0,153874.0,1659002.0,,,,stage2,0.009047,1.5830271216097989,2377786.0,153874.0,1659002.0,0.0647131407115695,0.6977087088577357,0.4381243867999576,0.18622987854208073,stage2: cons_s8_sth8_pt8_ipd8
spmv_imp_stage2_cons_s8_sth8_pt8_ipd8_l2_ddr4_1x,spmv,imp,cons_s8_sth8_pt8_ipd8,l2,ddr4_1x,0.006498,0.579282,2573145.0,4827335.0,367244.0,1686964.0,,,,341755.0,172896.0,8225.0,stage2,0.010599,1.631117266851339,341755.0,172896.0,8225.0,0.5059062778891311,0.024066948545010316,0.5330363440697611,0.217695220526342,stage2: cons_s8_sth8_pt8_ipd8
spmv_imp_stage2_cons_s8_sth8_pt8_ipd8_l2_ddr4_2x,spmv,imp,cons_s8_sth8_pt8_ipd8,l2,ddr4_2x,0.006015,0.625799,2566636.0,4827187.0,367503.0,1686907.0,,,,344545.0,172613.0,8200.0,stage2,0.009047,1.5040731504571903,344545.0,172613.0,8200.0,0.5009882598789708,0.02379950369327664,0.5317042824319836,0.21785611180699352,stage2: cons_s8_sth8_pt8_ipd8
spmv_imp_stage2_s16_dist32_addr16_l1d_ddr4_1x,spmv,imp,s16_dist32_addr16,l1d,ddr4_1x,0.00594,0.633635,1980905.0,4826356.0,654062.0,3666897.0,2610892.0,150638.0,1927141.0,,,,stage2,0.010599,1.7843434343434346,2610892.0,150638.0,1927141.0,0.057695990489074235,0.7381159389204915,0.41043491197085336,0.1783693406168758,stage2: s16_dist32_addr16
spmv_imp_stage2_s16_dist32_addr16_l1d_ddr4_2x,spmv,imp,s16_dist32_addr16,l1d,ddr4_2x,0.0054,0.697115,1981716.0,4826617.0,654649.0,3667613.0,2609723.0,150653.0,1927818.0,,,,stage2,0.009047,1.6753703703703702,2609723.0,150653.0,1927818.0,0.057727582582519296,0.7387059852712338,0.4105807442355588,0.17849456853817455,stage2: s16_dist32_addr16
spmv_imp_stage2_s16_dist32_addr16_l2_ddr4_1x,spmv,imp,s16_dist32_addr16,l2,ddr4_1x,0.006189,0.608234,2388030.0,4827631.0,354024.0,1686934.0,,,,366328.0,191760.0,12568.0,stage2,0.010599,1.7125545322346098,366328.0,191760.0,12568.0,0.5234653097770304,0.03430805180057216,0.4946587674161509,0.20986238939994095,stage2: s16_dist32_addr16
spmv_imp_stage2_s16_dist32_addr16_l2_ddr4_2x,spmv,imp,s16_dist32_addr16,l2,ddr4_2x,0.00558,0.674616,2389944.0,4827797.0,354649.0,1687010.0,,,,373170.0,191223.0,12627.0,stage2,0.009047,1.6213261648745518,373170.0,191223.0,12627.0,0.5124286518208859,0.03383712517083367,0.49503821308145307,0.2102234130206697,stage2: s16_dist32_addr16
spmv_imp_stage2_s16_dist8_addr16_l1d_ddr4_1x,spmv,imp,s16_dist8_addr16,l1d,ddr4_1x,0.00594,0.633635,1980905.0,4826356.0,654062.0,3666897.0,2610892.0,150638.0,1927141.0,,,,stage2,0.010599,1.7843434343434346,2610892.0,150638.0,1927141.0,0.057695990489074235,0.7381159389204915,0.41043491197085336,0.1783693406168758,stage2: s16_dist8_addr16
spmv_imp_stage2_s16_dist8_addr16_l1d_ddr4_2x,spmv,imp,s16_dist8_addr16,l1d,ddr4_2x,0.0054,0.697115,1981716.0,4826617.0,654649.0,3667613.0,2609723.0,150653.0,1927818.0,,,,stage2,0.009047,1.6753703703703702,2609723.0,150653.0,1927818.0,0.057727582582519296,0.7387059852712338,0.4105807442355588,0.17849456853817455,stage2: s16_dist8_addr16
spmv_imp_stage2_s16_dist8_addr16_l2_ddr4_1x,spmv,imp,s16_dist8_addr16,l2,ddr4_1x,0.006189,0.608234,2388030.0,4827631.0,354024.0,1686934.0,,,,366328.0,191760.0,12568.0,stage2,0.010599,1.7125545322346098,366328.0,191760.0,12568.0,0.5234653097770304,0.03430805180057216,0.4946587674161509,0.20986238939994095,stage2: s16_dist8_addr16
spmv_imp_stage2_s16_dist8_addr16_l2_ddr4_2x,spmv,imp,s16_dist8_addr16,l2,ddr4_2x,0.00558,0.674616,2389944.0,4827797.0,354649.0,1687010.0,,,,373170.0,191223.0,12627.0,stage2,0.009047,1.6213261648745518,373170.0,191223.0,12627.0,0.5124286518208859,0.03383712517083367,0.49503821308145307,0.2102234130206697,stage2: s16_dist8_addr16
spmv_imp_stage2_s16_ipd16_addr16_l1d_ddr4_1x,spmv,imp,s16_ipd16_addr16,l1d,ddr4_1x,0.00594,0.633635,1980905.0,4826356.0,654062.0,3666897.0,2610892.0,150638.0,1927141.0,,,,stage2,0.010599,1.7843434343434346,2610892.0,150638.0,1927141.0,0.057695990489074235,0.7381159389204915,0.41043491197085336,0.1783693406168758,stage2: s16_ipd16_addr16
spmv_imp_stage2_s16_ipd16_addr16_l1d_ddr4_2x,spmv,imp,s16_ipd16_addr16,l1d,ddr4_2x,0.0054,0.697115,1981716.0,4826617.0,654649.0,3667613.0,2609723.0,150653.0,1927818.0,,,,stage2,0.009047,1.6753703703703702,2609723.0,150653.0,1927818.0,0.057727582582519296,0.7387059852712338,0.4105807442355588,0.17849456853817455,stage2: s16_ipd16_addr16
spmv_imp_stage2_s16_ipd16_addr16_l2_ddr4_1x,spmv,imp,s16_ipd16_addr16,l2,ddr4_1x,0.006189,0.608234,2388030.0,4827631.0,354024.0,1686934.0,,,,366328.0,191760.0,12568.0,stage2,0.010599,1.7125545322346098,366328.0,191760.0,12568.0,0.5234653097770304,0.03430805180057216,0.4946587674161509,0.20986238939994095,stage2: s16_ipd16_addr16
spmv_imp_stage2_s16_ipd16_addr16_l2_ddr4_2x,spmv,imp,s16_ipd16_addr16,l2,ddr4_2x,0.00558,0.674616,2389944.0,4827797.0,354649.0,1687010.0,,,,373170.0,191223.0,12627.0,stage2,0.009047,1.6213261648745518,373170.0,191223.0,12627.0,0.5124286518208859,0.03383712517083367,0.49503821308145307,0.2102234130206697,stage2: s16_ipd16_addr16
spmv_imp_stage2_s16_ipd16_pt32_l1d_ddr4_1x,spmv,imp,s16_ipd16_pt32,l1d,ddr4_1x,0.00594,0.633635,1980905.0,4826356.0,654062.0,3666897.0,2610892.0,150638.0,1927141.0,,,,stage2,0.010599,1.7843434343434346,2610892.0,150638.0,1927141.0,0.057695990489074235,0.7381159389204915,0.41043491197085336,0.1783693406168758,stage2: s16_ipd16_pt32
spmv_imp_stage2_s16_ipd16_pt32_l1d_ddr4_2x,spmv,imp,s16_ipd16_pt32,l1d,ddr4_2x,0.0054,0.697115,1981716.0,4826617.0,654649.0,3667613.0,2609723.0,150653.0,1927818.0,,,,stage2,0.009047,1.6753703703703702,2609723.0,150653.0,1927818.0,0.057727582582519296,0.7387059852712338,0.4105807442355588,0.17849456853817455,stage2: s16_ipd16_pt32
spmv_imp_stage2_s16_ipd16_pt32_l2_ddr4_1x,spmv,imp,s16_ipd16_pt32,l2,ddr4_1x,0.006189,0.608234,2388030.0,4827631.0,354024.0,1686934.0,,,,366328.0,191760.0,12568.0,stage2,0.010599,1.7125545322346098,366328.0,191760.0,12568.0,0.5234653097770304,0.03430805180057216,0.4946587674161509,0.20986238939994095,stage2: s16_ipd16_pt32
spmv_imp_stage2_s16_ipd16_pt32_l2_ddr4_2x,spmv,imp,s16_ipd16_pt32,l2,ddr4_2x,0.00558,0.674616,2389944.0,4827797.0,354649.0,1687010.0,,,,373170.0,191223.0,12627.0,stage2,0.009047,1.6213261648745518,373170.0,191223.0,12627.0,0.5124286518208859,0.03383712517083367,0.49503821308145307,0.2102234130206697,stage2: s16_ipd16_pt32
spmv_imp_stage2_s16_ipd8_addr8_l1d_ddr4_1x,spmv,imp,s16_ipd8_addr8,l1d,ddr4_1x,0.00594,0.633635,1980905.0,4826356.0,654062.0,3666897.0,2610892.0,150638.0,1927141.0,,,,stage2,0.010599,1.7843434343434346,2610892.0,150638.0,1927141.0,0.057695990489074235,0.7381159389204915,0.41043491197085336,0.1783693406168758,stage2: s16_ipd8_addr8
spmv_imp_stage2_s16_ipd8_addr8_l1d_ddr4_2x,spmv,imp,s16_ipd8_addr8,l1d,ddr4_2x,0.0054,0.697115,1981716.0,4826617.0,654649.0,3667613.0,2609723.0,150653.0,1927818.0,,,,stage2,0.009047,1.6753703703703702,2609723.0,150653.0,1927818.0,0.057727582582519296,0.7387059852712338,0.4105807442355588,0.17849456853817455,stage2: s16_ipd8_addr8
spmv_imp_stage2_s16_ipd8_addr8_l2_ddr4_1x,spmv,imp,s16_ipd8_addr8,l2,ddr4_1x,0.006189,0.608234,2388030.0,4827631.0,354024.0,1686934.0,,,,366328.0,191760.0,12568.0,stage2,0.010599,1.7125545322346098,366328.0,191760.0,12568.0,0.5234653097770304,0.03430805180057216,0.4946587674161509,0.20986238939994095,stage2: s16_ipd8_addr8
spmv_imp_stage2_s16_ipd8_addr8_l2_ddr4_2x,spmv,imp,s16_ipd8_addr8,l2,ddr4_2x,0.00558,0.674616,2389944.0,4827797.0,354649.0,1687010.0,,,,373170.0,191223.0,12627.0,stage2,0.009047,1.6213261648745518,373170.0,191223.0,12627.0,0.5124286518208859,0.03383712517083367,0.49503821308145307,0.2102234130206697,stage2: s16_ipd8_addr8
spmv_imp_stage2_s16_l1d_ddr4_1x,spmv,imp,s16,l1d,ddr4_1x,0.00594,0.633635,1980905.0,4826356.0,654062.0,3666897.0,2610892.0,150638.0,1927141.0,,,,stage2,0.010599,1.7843434343434346,2610892.0,150638.0,1927141.0,0.057695990489074235,0.7381159389204915,0.41043491197085336,0.1783693406168758,stage2: s16
spmv_imp_stage2_s16_l1d_ddr4_2x,spmv,imp,s16,l1d,ddr4_2x,0.0054,0.697115,1981716.0,4826617.0,654649.0,3667613.0,2609723.0,150653.0,1927818.0,,,,stage2,0.009047,1.6753703703703702,2609723.0,150653.0,1927818.0,0.057727582582519296,0.7387059852712338,0.4105807442355588,0.17849456853817455,stage2: s16
spmv_imp_stage2_s16_l2_ddr4_1x,spmv,imp,s16,l2,ddr4_1x,0.006189,0.608234,2388030.0,4827631.0,354024.0,1686934.0,,,,366328.0,191760.0,12568.0,stage2,0.010599,1.7125545322346098,366328.0,191760.0,12568.0,0.5234653097770304,0.03430805180057216,0.4946587674161509,0.20986238939994095,stage2: s16
spmv_imp_stage2_s16_l2_ddr4_2x,spmv,imp,s16,l2,ddr4_2x,0.00558,0.674616,2389944.0,4827797.0,354649.0,1687010.0,,,,373170.0,191223.0,12627.0,stage2,0.009047,1.6213261648745518,373170.0,191223.0,12627.0,0.5124286518208859,0.03383712517083367,0.49503821308145307,0.2102234130206697,stage2: s16
spmv_imp_stage2_s16_pt8_sth2_l1d_ddr4_1x,spmv,imp,s16_pt8_sth2,l1d,ddr4_1x,0.005945,0.63311,1980801.0,4826130.0,654197.0,3667660.0,2612439.0,150749.0,1927992.0,,,,stage2,0.010599,1.7828427249789742,2612439.0,150749.0,1927992.0,0.05770431386149112,0.7380046002988012,0.4104325826283171,0.17836904184139207,stage2: s16_pt8_sth2
spmv_imp_stage2_s16_pt8_sth2_l1d_ddr4_2x,spmv,imp,s16_pt8_sth2,l1d,ddr4_2x,0.005406,0.696256,1980859.0,4826629.0,653802.0,3667399.0,2606457.0,150733.0,1927910.0,,,,stage2,0.009047,1.673510913799482,2606457.0,150733.0,1927910.0,0.05783061067188141,0.739666911827051,0.41040216681248964,0.17827403017779087,stage2: s16_pt8_sth2
spmv_imp_stage2_s16_pt8_sth2_l2_ddr4_1x,spmv,imp,s16_pt8_sth2,l2,ddr4_1x,0.006186,0.608473,2387785.0,4827676.0,353875.0,1686940.0,,,,366545.0,191810.0,12501.0,stage2,0.010599,1.7133850630455871,366545.0,191810.0,12501.0,0.523291819558308,0.03410495300713418,0.4946034075194773,0.20977331736754123,stage2: s16_pt8_sth2
spmv_imp_stage2_s16_pt8_sth2_l2_ddr4_2x,spmv,imp,s16_pt8_sth2,l2,ddr4_2x,0.00558,0.674602,2390875.0,4827880.0,354593.0,1687033.0,,,,373385.0,191195.0,12617.0,stage2,0.009047,1.6213261648745518,373385.0,191195.0,12617.0,0.5120585990331695,0.03379085930072177,0.49522254074252053,0.21018735258883495,stage2: s16_pt8_sth2
spmv_imp_stage2_s16_pt8_sth8_l1d_ddr4_1x,spmv,imp,s16_pt8_sth8,l1d,ddr4_1x,0.005952,0.632442,1980158.0,4826397.0,653502.0,3665817.0,2610421.0,150766.0,1926191.0,,,,stage2,0.010599,1.7807459677419357,2610421.0,150766.0,1926191.0,0.05775543485131326,0.7378851916989635,0.4102766515062893,0.17826912800066125,stage2: s16_pt8_sth8
spmv_imp_stage2_s16_pt8_sth8_l1d_ddr4_2x,spmv,imp,s16_pt8_sth8,l1d,ddr4_2x,0.005408,0.695967,1983049.0,4826422.0,654261.0,3667960.0,2610447.0,150814.0,1928344.0,,,,stage2,0.009047,1.6728920118343196,2610447.0,150814.0,1928344.0,0.057773247263782794,0.7387026053392388,0.41087352079863715,0.17837190154745416,stage2: s16_pt8_sth8
spmv_imp_stage2_s16_pt8_sth8_l2_ddr4_1x,spmv,imp,s16_pt8_sth8,l2,ddr4_1x,0.006186,0.608495,2388080.0,4827670.0,353912.0,1686968.0,,,,366644.0,191774.0,12517.0,stage2,0.010599,1.7133850630455871,366644.0,191774.0,12517.0,0.5230523341442925,0.03413938316186819,0.4946651283124157,0.20979176842714267,stage2: s16_pt8_sth8
spmv_imp_stage2_s16_pt8_sth8_l2_ddr4_2x,spmv,imp,s16_pt8_sth8,l2,ddr4_2x,0.005583,0.674236,2390922.0,4827777.0,354601.0,1687004.0,,,,373252.0,191225.0,12592.0,stage2,0.009047,1.6204549525344796,373252.0,191225.0,12592.0,0.5123214343124752,0.033735921039940844,0.49524284158112525,0.21019570789399433,stage2: s16_pt8_sth8
spmv_imp_stage2_s16_sth2_l1d_ddr4_1x,spmv,imp,s16_sth2,l1d,ddr4_1x,0.005943,0.633399,1979133.0,4826210.0,653551.0,3664870.0,2606778.0,150679.0,1925199.0,,,,stage2,0.010599,1.7834427057041897,2606778.0,150679.0,1925199.0,0.05780277415261292,0.7385358477016455,0.4100801664245858,0.17832856281396067,stage2: s16_sth2
spmv_imp_stage2_s16_sth2_l1d_ddr4_2x,spmv,imp,s16_sth2,l1d,ddr4_2x,0.005411,0.695643,1985164.0,4826485.0,654449.0,3669557.0,2609279.0,150565.0,1929952.0,,,,stage2,0.009047,1.6719645167251893,2609279.0,150565.0,1929952.0,0.057703679828795616,0.7396495353697324,0.41130636477685106,0.17834550601067103,stage2: s16_sth2
spmv_imp_stage2_s16_sth2_l2_ddr4_1x,spmv,imp,s16_sth2,l2,ddr4_1x,0.006187,0.608395,2387968.0,4827653.0,353873.0,1686964.0,,,,366451.0,191796.0,12499.0,stage2,0.010599,1.7131081299498951,366451.0,191796.0,12499.0,0.5233878472155895,0.03410824366695684,0.4946436705372155,0.2097691474151197,stage2: s16_sth2
spmv_imp_stage2_s16_sth2_l2_ddr4_2x,spmv,imp,s16_sth2,l2,ddr4_2x,0.00558,0.674602,2390875.0,4827880.0,354593.0,1687033.0,,,,373385.0,191195.0,12617.0,stage2,0.009047,1.6213261648745518,373385.0,191195.0,12617.0,0.5120585990331695,0.03379085930072177,0.49522254074252053,0.21018735258883495,stage2: s16_sth2
spmv_imp_stage2_s16_sth8_l1d_ddr4_1x,spmv,imp,s16_sth8,l1d,ddr4_1x,0.005952,0.632442,1980158.0,4826397.0,653502.0,3665817.0,2610421.0,150766.0,1926191.0,,,,stage2,0.010599,1.7807459677419357,2610421.0,150766.0,1926191.0,0.05775543485131326,0.7378851916989635,0.4102766515062893,0.17826912800066125,stage2: s16_sth8
spmv_imp_stage2_s16_sth8_l1d_ddr4_2x,spmv,imp,s16_sth8,l1d,ddr4_2x,0.005408,0.695967,1983049.0,4826422.0,654261.0,3667960.0,2610447.0,150814.0,1928344.0,,,,stage2,0.009047,1.6728920118343196,2610447.0,150814.0,1928344.0,0.057773247263782794,0.7387026053392388,0.41087352079863715,0.17837190154745416,stage2: s16_sth8
spmv_imp_stage2_s16_sth8_l2_ddr4_1x,spmv,imp,s16_sth8,l2,ddr4_1x,0.006186,0.608495,2388080.0,4827670.0,353912.0,1686968.0,,,,366644.0,191774.0,12517.0,stage2,0.010599,1.7133850630455871,366644.0,191774.0,12517.0,0.5230523341442925,0.03413938316186819,0.4946651283124157,0.20979176842714267,stage2: s16_sth8
spmv_imp_stage2_s16_sth8_l2_ddr4_2x,spmv,imp,s16_sth8,l2,ddr4_2x,0.005583,0.674236,2390922.0,4827777.0,354601.0,1687004.0,,,,373252.0,191225.0,12592.0,stage2,0.009047,1.6204549525344796,373252.0,191225.0,12592.0,0.5123214343124752,0.033735921039940844,0.49524284158112525,0.21019570789399433,stage2: s16_sth8
spmv_imp_stage2_s2_l1d_ddr4_1x,spmv,imp,s2,l1d,ddr4_1x,0.00754,0.499184,2957031.0,4826591.0,571233.0,2519534.0,2275786.0,116139.0,803633.0,,,,stage2,0.010599,1.4057029177718834,2275786.0,116139.0,803633.0,0.05103247844920392,0.3531232725748379,0.6126541486527448,0.22672168742315046,stage2: s2
spmv_imp_stage2_s2_l1d_ddr4_2x,spmv,imp,s2,l1d,ddr4_2x,0.007269,0.517815,2973461.0,4826379.0,571433.0,2521808.0,2297417.0,115252.0,805750.0,,,,stage2,0.009047,1.2446003576833127,2297417.0,115252.0,805750.0,0.050165903708382066,0.3507199607211055,0.616085268065355,0.22659655294931255,stage2: s2
spmv_imp_stage2_s2_l2_ddr4_1x,spmv,imp,s2,l2,ddr4_1x,0.007617,0.49419,3076622.0,4826519.0,416797.0,1686657.0,,,,240285.0,112982.0,2960.0,stage2,0.010599,1.391492713666798,240285.0,112982.0,2960.0,0.4701999708679277,0.012318704871298667,0.6374411869092403,0.24711426211731252,stage2: s2
spmv_imp_stage2_s2_l2_ddr4_2x,spmv,imp,s2,l2,ddr4_2x,0.007274,0.517456,3107887.0,4826640.0,417788.0,1686671.0,,,,242192.0,111898.0,2946.0,stage2,0.009047,1.2437448446521857,242192.0,111898.0,2946.0,0.4620218669485367,0.01216390301909229,0.6439027978055127,0.24769975887413728,stage2: s2
spmv_imp_stage2_s2_sth2_l1d_ddr4_1x,spmv,imp,s2_sth2,l1d,ddr4_1x,0.007543,0.499029,2956247.0,4826801.0,571037.0,2519480.0,2275263.0,116271.0,803485.0,,,,stage2,0.010599,1.40514384197269,2275263.0,116271.0,803485.0,0.051102224226386134,0.3531393953138604,0.6124650674432196,0.22664875291726863,stage2: s2_sth2
spmv_imp_stage2_s2_sth2_l1d_ddr4_2x,spmv,imp,s2_sth2,l1d,ddr4_2x,0.007269,0.517801,2971543.0,4826629.0,571688.0,2521702.0,2296474.0,115825.0,805661.0,,,,stage2,0.009047,1.2446003576833127,2296474.0,115825.0,805661.0,0.05043601625796765,0.3508252216223654,0.6156559785307717,0.22670720013705029,stage2: s2_sth2
spmv_imp_stage2_s2_sth2_l2_ddr4_1x,spmv,imp,s2_sth2,l2,ddr4_1x,0.007603,0.49507,3076474.0,4826487.0,416754.0,1686634.0,,,,240043.0,113007.0,2961.0,stage2,0.010599,1.3940549782980403,240043.0,113007.0,2961.0,0.4707781522477223,0.012335289927221374,0.6374147490711153,0.247092137357601,stage2: s2_sth2
spmv_imp_stage2_s2_sth2_l2_ddr4_2x,spmv,imp,s2_sth2,l2,ddr4_2x,0.007267,0.517963,3105655.0,4826639.0,417788.0,1686680.0,,,,242208.0,111923.0,2963.0,stage2,0.009047,1.2449428925278656,242208.0,111923.0,2963.0,0.46209456335050864,0.012233287092086141,0.6434404976216369,0.2476984371665046,stage2: s2_sth2
spmv_imp_stage2_s2_sth8_l1d_ddr4_1x,spmv,imp,s2_sth8,l1d,ddr4_1x,0.00754,0.499244,2952639.0,4826528.0,571345.0,2519725.0,2271233.0,116302.0,803786.0,,,,stage2,0.010599,1.4057029177718834,2271233.0,116302.0,803786.0,0.051206547280706116,0.3538985211997184,0.6117521746481115,0.22674895077835874,stage2: s2_sth8
spmv_imp_stage2_s2_sth8_l1d_ddr4_2x,spmv,imp,s2_sth8,l1d,ddr4_2x,0.007269,0.517799,2971000.0,4826513.0,571510.0,2521599.0,2294176.0,115340.0,805565.0,,,,stage2,0.009047,1.2446003576833127,2294176.0,115340.0,805565.0,0.05027513146332278,0.35113478652030183,0.6155582715720438,0.22664587033862243,stage2: s2_sth8
spmv_imp_stage2_s2_sth8_l2_ddr4_1x,spmv,imp,s2_sth8,l2,ddr4_1x,0.007601,0.495208,3075012.0,4826352.0,416677.0,1686651.0,,,,240075.0,113073.0,2939.0,stage2,0.010599,1.3944217866070254,240075.0,113073.0,2939.0,0.470990315526398,0.012242007705925232,0.6371296581766104,0.24704399428216034,stage2: s2_sth8
spmv_imp_stage2_s2_sth8_l2_ddr4_2x,spmv,imp,s2_sth8,l2,ddr4_2x,0.007266,0.518011,3105847.0,4826712.0,417827.0,1686686.0,,,,242255.0,111876.0,2957.0,stage2,0.009047,1.2451142306633636,242255.0,111876.0,2957.0,0.46181090173577427,0.012206146415966646,0.6434705447517897,0.2477206783005254,stage2: s2_sth8
spmv_imp_stage2_s8_dist32_addr8_l1d_ddr4_1x,spmv,imp,s8_dist32_addr8,l1d,ddr4_1x,0.006188,0.608246,2119154.0,4826857.0,631344.0,3387987.0,2374613.0,153742.0,1652823.0,,,,stage2,0.010599,1.7128312863606983,2374613.0,153742.0,1652823.0,0.06474402355246939,0.6960388913898812,0.4390339303608953,0.18634782246803192,stage2: s8_dist32_addr8
spmv_imp_stage2_s8_dist32_addr8_l1d_ddr4_2x,spmv,imp,s8_dist32_addr8,l1d,ddr4_2x,0.005711,0.659088,2112064.0,4827007.0,632113.0,3394885.0,2376714.0,153854.0,1659594.0,,,,stage2,0.009047,1.5841358781299246,2376714.0,153854.0,1659594.0,0.0647339141352304,0.6982724888228032,0.437551468228656,0.18619570324178875,stage2: s8_dist32_addr8
spmv_imp_stage2_s8_dist32_addr8_l2_ddr4_1x,spmv,imp,s8_dist32_addr8,l2,ddr4_1x,0.006499,0.57921,2574527.0,4827267.0,367239.0,1686945.0,,,,341659.0,172921.0,8190.0,stage2,0.010599,1.6308662871210957,341659.0,172921.0,8190.0,0.5061216007773833,0.023971269599220274,0.533330143122392,0.2176947084819007,stage2: s8_dist32_addr8
spmv_imp_stage2_s8_dist32_addr8_l2_ddr4_2x,spmv,imp,s8_dist32_addr8,l2,ddr4_2x,0.006014,0.625847,2566000.0,4827308.0,367461.0,1686960.0,,,,344305.0,172643.0,8224.0,stage2,0.009047,1.5043232457598934,344305.0,172643.0,8224.0,0.5014246089949318,0.023885798928275803,0.5315592044261522,0.21782437046521552,stage2: s8_dist32_addr8
spmv_imp_stage2_s8_dist8_addr8_l1d_ddr4_1x,spmv,imp,s8_dist8_addr8,l1d,ddr4_1x,0.006188,0.608246,2119154.0,4826857.0,631344.0,3387987.0,2374613.0,153742.0,1652823.0,,,,stage2,0.010599,1.7128312863606983,2374613.0,153742.0,1652823.0,0.06474402355246939,0.6960388913898812,0.4390339303608953,0.18634782246803192,stage2: s8_dist8_addr8
spmv_imp_stage2_s8_dist8_addr8_l1d_ddr4_2x,spmv,imp,s8_dist8_addr8,l1d,ddr4_2x,0.005711,0.659088,2112064.0,4827007.0,632113.0,3394885.0,2376714.0,153854.0,1659594.0,,,,stage2,0.009047,1.5841358781299246,2376714.0,153854.0,1659594.0,0.0647339141352304,0.6982724888228032,0.437551468228656,0.18619570324178875,stage2: s8_dist8_addr8
spmv_imp_stage2_s8_dist8_addr8_l2_ddr4_1x,spmv,imp,s8_dist8_addr8,l2,ddr4_1x,0.006499,0.57921,2574527.0,4827267.0,367239.0,1686945.0,,,,341659.0,172921.0,8190.0,stage2,0.010599,1.6308662871210957,341659.0,172921.0,8190.0,0.5061216007773833,0.023971269599220274,0.533330143122392,0.2176947084819007,stage2: s8_dist8_addr8
spmv_imp_stage2_s8_dist8_addr8_l2_ddr4_2x,spmv,imp,s8_dist8_addr8,l2,ddr4_2x,0.006014,0.625847,2566000.0,4827308.0,367461.0,1686960.0,,,,344305.0,172643.0,8224.0,stage2,0.009047,1.5043232457598934,344305.0,172643.0,8224.0,0.5014246089949318,0.023885798928275803,0.5315592044261522,0.21782437046521552,stage2: s8_dist8_addr8
spmv_imp_stage2_s8_ipd16_addr16_l1d_ddr4_1x,spmv,imp,s8_ipd16_addr16,l1d,ddr4_1x,0.006188,0.608246,2119154.0,4826857.0,631344.0,3387987.0,2374613.0,153742.0,1652823.0,,,,stage2,0.010599,1.7128312863606983,2374613.0,153742.0,1652823.0,0.06474402355246939,0.6960388913898812,0.4390339303608953,0.18634782246803192,stage2: s8_ipd16_addr16
spmv_imp_stage2_s8_ipd16_addr16_l1d_ddr4_2x,spmv,imp,s8_ipd16_addr16,l1d,ddr4_2x,0.005711,0.659088,2112064.0,4827007.0,632113.0,3394885.0,2376714.0,153854.0,1659594.0,,,,stage2,0.009047,1.5841358781299246,2376714.0,153854.0,1659594.0,0.0647339141352304,0.6982724888228032,0.437551468228656,0.18619570324178875,stage2: s8_ipd16_addr16
spmv_imp_stage2_s8_ipd16_addr16_l2_ddr4_1x,spmv,imp,s8_ipd16_addr16,l2,ddr4_1x,0.006499,0.57921,2574527.0,4827267.0,367239.0,1686945.0,,,,341659.0,172921.0,8190.0,stage2,0.010599,1.6308662871210957,341659.0,172921.0,8190.0,0.5061216007773833,0.023971269599220274,0.533330143122392,0.2176947084819007,stage2: s8_ipd16_addr16
spmv_imp_stage2_s8_ipd16_addr16_l2_ddr4_2x,spmv,imp,s8_ipd16_addr16,l2,ddr4_2x,0.006014,0.625847,2566000.0,4827308.0,367461.0,1686960.0,,,,344305.0,172643.0,8224.0,stage2,0.009047,1.5043232457598934,344305.0,172643.0,8224.0,0.5014246089949318,0.023885798928275803,0.5315592044261522,0.21782437046521552,stage2: s8_ipd16_addr16
spmv_imp_stage2_s8_ipd16_pt32_l1d_ddr4_1x,spmv,imp,s8_ipd16_pt32,l1d,ddr4_1x,0.006188,0.608246,2119154.0,4826857.0,631344.0,3387987.0,2374613.0,153742.0,1652823.0,,,,stage2,0.010599,1.7128312863606983,2374613.0,153742.0,1652823.0,0.06474402355246939,0.6960388913898812,0.4390339303608953,0.18634782246803192,stage2: s8_ipd16_pt32
spmv_imp_stage2_s8_ipd16_pt32_l1d_ddr4_2x,spmv,imp,s8_ipd16_pt32,l1d,ddr4_2x,0.005711,0.659088,2112064.0,4827007.0,632113.0,3394885.0,2376714.0,153854.0,1659594.0,,,,stage2,0.009047,1.5841358781299246,2376714.0,153854.0,1659594.0,0.0647339141352304,0.6982724888228032,0.437551468228656,0.18619570324178875,stage2: s8_ipd16_pt32
spmv_imp_stage2_s8_ipd16_pt32_l2_ddr4_1x,spmv,imp,s8_ipd16_pt32,l2,ddr4_1x,0.006499,0.57921,2574527.0,4827267.0,367239.0,1686945.0,,,,341659.0,172921.0,8190.0,stage2,0.010599,1.6308662871210957,341659.0,172921.0,8190.0,0.5061216007773833,0.023971269599220274,0.533330143122392,0.2176947084819007,stage2: s8_ipd16_pt32
spmv_imp_stage2_s8_ipd16_pt32_l2_ddr4_2x,spmv,imp,s8_ipd16_pt32,l2,ddr4_2x,0.006014,0.625847,2566000.0,4827308.0,367461.0,1686960.0,,,,344305.0,172643.0,8224.0,stage2,0.009047,1.5043232457598934,344305.0,172643.0,8224.0,0.5014246089949318,0.023885798928275803,0.5315592044261522,0.21782437046521552,stage2: s8_ipd16_pt32
spmv_imp_stage2_s8_ipd8_addr8_l1d_ddr4_1x,spmv,imp,s8_ipd8_addr8,l1d,ddr4_1x,0.006188,0.608246,2119154.0,4826857.0,631344.0,3387987.0,2374613.0,153742.0,1652823.0,,,,stage2,0.010599,1.7128312863606983,2374613.0,153742.0,1652823.0,0.06474402355246939,0.6960388913898812,0.4390339303608953,0.18634782246803192,stage2: s8_ipd8_addr8
spmv_imp_stage2_s8_ipd8_addr8_l1d_ddr4_2x,spmv,imp,s8_ipd8_addr8,l1d,ddr4_2x,0.005711,0.659088,2112064.0,4827007.0,632113.0,3394885.0,2376714.0,153854.0,1659594.0,,,,stage2,0.009047,1.5841358781299246,2376714.0,153854.0,1659594.0,0.0647339141352304,0.6982724888228032,0.437551468228656,0.18619570324178875,stage2: s8_ipd8_addr8
spmv_imp_stage2_s8_ipd8_addr8_l2_ddr4_1x,spmv,imp,s8_ipd8_addr8,l2,ddr4_1x,0.006499,0.57921,2574527.0,4827267.0,367239.0,1686945.0,,,,341659.0,172921.0,8190.0,stage2,0.010599,1.6308662871210957,341659.0,172921.0,8190.0,0.5061216007773833,0.023971269599220274,0.533330143122392,0.2176947084819007,stage2: s8_ipd8_addr8
spmv_imp_stage2_s8_ipd8_addr8_l2_ddr4_2x,spmv,imp,s8_ipd8_addr8,l2,ddr4_2x,0.006014,0.625847,2566000.0,4827308.0,367461.0,1686960.0,,,,344305.0,172643.0,8224.0,stage2,0.009047,1.5043232457598934,344305.0,172643.0,8224.0,0.5014246089949318,0.023885798928275803,0.5315592044261522,0.21782437046521552,stage2: s8_ipd8_addr8
spmv_imp_stage2_s8_l1d_ddr4_1x,spmv,imp,s8,l1d,ddr4_1x,0.006188,0.608246,2119154.0,4826857.0,631344.0,3387987.0,2374613.0,153742.0,1652823.0,,,,stage2,0.010599,1.7128312863606983,2374613.0,153742.0,1652823.0,0.06474402355246939,0.6960388913898812,0.4390339303608953,0.18634782246803192,stage2: s8
spmv_imp_stage2_s8_l1d_ddr4_2x,spmv,imp,s8,l1d,ddr4_2x,0.005711,0.659088,2112064.0,4827007.0,632113.0,3394885.0,2376714.0,153854.0,1659594.0,,,,stage2,0.009047,1.5841358781299246,2376714.0,153854.0,1659594.0,0.0647339141352304,0.6982724888228032,0.437551468228656,0.18619570324178875,stage2: s8
spmv_imp_stage2_s8_l2_ddr4_1x,spmv,imp,s8,l2,ddr4_1x,0.006499,0.57921,2574527.0,4827267.0,367239.0,1686945.0,,,,341659.0,172921.0,8190.0,stage2,0.010599,1.6308662871210957,341659.0,172921.0,8190.0,0.5061216007773833,0.023971269599220274,0.533330143122392,0.2176947084819007,stage2: s8
spmv_imp_stage2_s8_l2_ddr4_2x,spmv,imp,s8,l2,ddr4_2x,0.006014,0.625847,2566000.0,4827308.0,367461.0,1686960.0,,,,344305.0,172643.0,8224.0,stage2,0.009047,1.5043232457598934,344305.0,172643.0,8224.0,0.5014246089949318,0.023885798928275803,0.5315592044261522,0.21782437046521552,stage2: s8
spmv_imp_stage2_s8_pt8_sth2_l1d_ddr4_1x,spmv,imp,s8_pt8_sth2,l1d,ddr4_1x,0.006193,0.607846,2120227.0,4826949.0,631614.0,3387906.0,2378325.0,153907.0,1652616.0,,,,stage2,0.010599,1.7114484094945908,2378325.0,153907.0,1652616.0,0.06471235007831141,0.6948655040837565,0.4392478561509558,0.18643197302404493,stage2: s8_pt8_sth2
spmv_imp_stage2_s8_pt8_sth2_l1d_ddr4_2x,spmv,imp,s8_pt8_sth2,l1d,ddr4_2x,0.005714,0.658699,2113940.0,4827134.0,631819.0,3394051.0,2377335.0,154000.0,1658867.0,,,,stage2,0.009047,1.5833041652082602,2377335.0,154000.0,1658867.0,0.06477841785023987,0.6977842836621679,0.43792859282547364,0.18615483385488316,stage2: s8_pt8_sth2
spmv_imp_stage2_s8_pt8_sth2_l2_ddr4_1x,spmv,imp,s8_pt8_sth2,l2,ddr4_1x,0.006498,0.579259,2574177.0,4827282.0,367238.0,1686980.0,,,,341635.0,172883.0,8239.0,stage2,0.010599,1.631117266851339,341635.0,172883.0,8239.0,0.5060459262077949,0.024116381518287062,0.5332559813161941,0.21768959916537245,stage2: s8_pt8_sth2
spmv_imp_stage2_s8_pt8_sth2_l2_ddr4_2x,spmv,imp,s8_pt8_sth2,l2,ddr4_2x,0.00601,0.626258,2565468.0,4827394.0,367314.0,1686965.0,,,,343527.0,172756.0,8216.0,stage2,0.009047,1.505324459234609,343527.0,172756.0,8216.0,0.5028891469957237,0.023916606263845345,0.5314395303138713,0.21773658611767285,stage2: s8_pt8_sth2
spmv_imp_stage2_s8_pt8_sth8_l1d_ddr4_1x,spmv,imp,s8_pt8_sth8,l1d,ddr4_1x,0.006188,0.608257,2120783.0,4826694.0,631352.0,3385995.0,2376225.0,153630.0,1650847.0,,,,stage2,0.010599,1.7128312863606983,2376225.0,153630.0,1650847.0,0.064652968468895,0.6947351366137466,0.439386254856844,0.18645981461874575,stage2: s8_pt8_sth8
spmv_imp_stage2_s8_pt8_sth8_l1d_ddr4_2x,spmv,imp,s8_pt8_sth8,l1d,ddr4_2x,0.005715,0.658643,2114886.0,4827136.0,632113.0,3394262.0,2377786.0,153874.0,1659002.0,,,,stage2,0.009047,1.5830271216097989,2377786.0,153874.0,1659002.0,0.0647131407115695,0.6977087088577357,0.4381243867999576,0.18622987854208073,stage2: s8_pt8_sth8
spmv_imp_stage2_s8_pt8_sth8_l2_ddr4_1x,spmv,imp,s8_pt8_sth8,l2,ddr4_1x,0.006498,0.579282,2573145.0,4827335.0,367244.0,1686964.0,,,,341755.0,172896.0,8225.0,stage2,0.010599,1.631117266851339,341755.0,172896.0,8225.0,0.5059062778891311,0.024066948545010316,0.5330363440697611,0.217695220526342,stage2: s8_pt8_sth8
spmv_imp_stage2_s8_pt8_sth8_l2_ddr4_2x,spmv,imp,s8_pt8_sth8,l2,ddr4_2x,0.006015,0.625799,2566636.0,4827187.0,367503.0,1686907.0,,,,344545.0,172613.0,8200.0,stage2,0.009047,1.5040731504571903,344545.0,172613.0,8200.0,0.5009882598789708,0.02379950369327664,0.5317042824319836,0.21785611180699352,stage2: s8_pt8_sth8
spmv_imp_stage2_s8_sth2_l1d_ddr4_1x,spmv,imp,s8_sth2,l1d,ddr4_1x,0.006183,0.608792,2117712.0,4826918.0,631141.0,3389889.0,2376929.0,153813.0,1654555.0,,,,stage2,0.010599,1.7142163998059194,2376929.0,153813.0,1654555.0,0.0647108096203126,0.6960893657320012,0.43872964073555837,0.1861833824057366,stage2: s8_sth2
spmv_imp_stage2_s8_sth2_l1d_ddr4_2x,spmv,imp,s8_sth2,l1d,ddr4_2x,0.005715,0.658686,2113939.0,4827133.0,631824.0,3394056.0,2377335.0,154000.0,1658867.0,,,,stage2,0.009047,1.5830271216097989,2377335.0,154000.0,1658867.0,0.06477841785023987,0.6977842836621679,0.4379284763854652,0.18615603278201656,stage2: s8_sth2
spmv_imp_stage2_s8_sth2_l2_ddr4_1x,spmv,imp,s8_sth2,l2,ddr4_1x,0.006489,0.580051,2574139.0,4827333.0,367223.0,1686918.0,,,,341521.0,172937.0,8215.0,stage2,0.010599,1.6333795654184005,341521.0,172937.0,8215.0,0.506372960959941,0.024054157723829576,0.5332424757107082,0.21768870804627136,stage2: s8_sth2
spmv_imp_stage2_s8_sth2_l2_ddr4_2x,spmv,imp,s8_sth2,l2,ddr4_2x,0.00601,0.626258,2565468.0,4827394.0,367314.0,1686965.0,,,,343527.0,172756.0,8216.0,stage2,0.009047,1.505324459234609,343527.0,172756.0,8216.0,0.5028891469957237,0.023916606263845345,0.5314395303138713,0.21773658611767285,stage2: s8_sth2
spmv_imp_stage2_s8_sth8_l1d_ddr4_1x,spmv,imp,s8_sth8,l1d,ddr4_1x,0.006188,0.608257,2120783.0,4826694.0,631352.0,3385995.0,2376225.0,153630.0,1650847.0,,,,stage2,0.010599,1.7128312863606983,2376225.0,153630.0,1650847.0,0.064652968468895,0.6947351366137466,0.439386254856844,0.18645981461874575,stage2: s8_sth8
spmv_imp_stage2_s8_sth8_l1d_ddr4_2x,spmv,imp,s8_sth8,l1d,ddr4_2x,0.005715,0.658643,2114886.0,4827136.0,632113.0,3394262.0,2377786.0,153874.0,1659002.0,,,,stage2,0.009047,1.5830271216097989,2377786.0,153874.0,1659002.0,0.0647131407115695,0.6977087088577357,0.4381243867999576,0.18622987854208073,stage2: s8_sth8
spmv_imp_stage2_s8_sth8_l2_ddr4_1x,spmv,imp,s8_sth8,l2,ddr4_1x,0.006498,0.579282,2573145.0,4827335.0,367244.0,1686964.0,,,,341755.0,172896.0,8225.0,stage2,0.010599,1.631117266851339,341755.0,172896.0,8225.0,0.5059062778891311,0.024066948545010316,0.5330363440697611,0.217695220526342,stage2: s8_sth8
spmv_imp_stage2_s8_sth8_l2_ddr4_2x,spmv,imp,s8_sth8,l2,ddr4_2x,0.006015,0.625799,2566636.0,4827187.0,367503.0,1686907.0,,,,344545.0,172613.0,8200.0,stage2,0.009047,1.5040731504571903,344545.0,172613.0,8200.0,0.5009882598789708,0.02379950369327664,0.5317042824319836,0.21785611180699352,stage2: s8_sth8
