run,benchmark,prefetcher,config,pf_level,memory,simSeconds,simTicks,simInsts,numCycles,ipc,l1d_demand_misses,l1d_demand_accesses,l2_demand_misses,l2_demand_accesses,l1d_pf_issued,l1d_pf_useful,l1d_pf_unused,l2_pf_issued,l2_pf_useful,l2_pf_unused,imp_default_simSeconds,stage1_best_config,stage1_best_simSeconds,stage1_best_speedup,speedup_vs_imp_default,speedup_vs_stage1_best,l1d_miss_rate,l2_miss_rate,pf_issued,pf_useful,pf_unused,pf_accuracy,pf_unused_ratio,pf_coverage_l1d
bfs_imp_stage2_aggr_s16_sth2_d32_ipd16_addr16_l1d_ddr4_1x,bfs,imp,aggr_s16_sth2_d32_ipd16_addr16,l1d,ddr4_1x,0.022635,22634973369.0,30729211.0,67972893.0,0.452081,5501676.0,11472491.0,2388423.0,6323158.0,5216034.0,439733.0,2594898.0,,,,0.023393,sdist16,0.022644,1.0330771948419006,1.0334879611221561,1.0003976143141153,0.4795537429491119,0.3777262880351875,5216034.0,439733.0,2594898.0,0.08430409004235785,0.4974848706891098,0.07992709857868766
bfs_imp_stage2_aggr_s16_sth2_d32_ipd16_addr16_l1d_ddr4_2x,bfs,imp,aggr_s16_sth2_d32_ipd16_addr16,l1d,ddr4_2x,0.019611,19610929107.0,30729211.0,58891679.0,0.521793,5374334.0,11381679.0,2444855.0,6417484.0,5354997.0,454997.0,2687429.0,,,,0.020727,sdist16,0.019617,1.0565835754702553,1.056906837999082,1.0003059507419305,0.4721916687335849,0.38096783723964095,5354997.0,454997.0,2687429.0,0.08496680763780073,0.5018544361462761,0.0846610947514613
bfs_imp_stage2_aggr_s16_sth2_d32_ipd16_addr16_l2_ddr4_1x,bfs,imp,aggr_s16_sth2_d32_ipd16_addr16,l2,ddr4_1x,0.025508,25507885914.0,30729211.0,76600258.0,0.401164,6758291.0,11473082.0,1336217.0,3528833.0,,,,1842437.0,351214.0,810728.0,0.02562,sdist16,0.025506,1.0044695365796283,1.004390779363337,0.9999215932256548,0.5890562797337281,0.37865691008897273,1842437.0,351214.0,810728.0,0.19062469978620708,0.4400302425537481,0.05196787175929536
bfs_imp_stage2_aggr_s16_sth2_d32_ipd16_addr16_l2_ddr4_2x,bfs,imp,aggr_s16_sth2_d32_ipd16_addr16,l2,ddr4_2x,0.021395,21395128788.0,30729211.0,64249636.0,0.478279,6692730.0,11400170.0,1329785.0,3529210.0,,,,1916117.0,366278.0,852497.0,0.022034,sdist16,0.021395,1.02986679130638,1.02986679130638,1.0,0.5870728243526193,0.37679395672119254,1916117.0,366278.0,852497.0,0.19115638554430653,0.4449086355373915,0.054727741893069046
bfs_imp_stage2_aggr_s16_sth2_d32_ipd16_l1d_ddr4_1x,bfs,imp,aggr_s16_sth2_d32_ipd16,l1d,ddr4_1x,0.022635,22634973369.0,30729211.0,67972893.0,0.452081,5501676.0,11472491.0,2388423.0,6323158.0,5216034.0,439733.0,2594898.0,,,,0.023393,sdist16,0.022644,1.0330771948419006,1.0334879611221561,1.0003976143141153,0.4795537429491119,0.3777262880351875,5216034.0,439733.0,2594898.0,0.08430409004235785,0.4974848706891098,0.07992709857868766
bfs_imp_stage2_aggr_s16_sth2_d32_ipd16_l1d_ddr4_2x,bfs,imp,aggr_s16_sth2_d32_ipd16,l1d,ddr4_2x,0.019611,19610929107.0,30729211.0,58891679.0,0.521793,5374334.0,11381679.0,2444855.0,6417484.0,5354997.0,454997.0,2687429.0,,,,0.020727,sdist16,0.019617,1.0565835754702553,1.056906837999082,1.0003059507419305,0.4721916687335849,0.38096783723964095,5354997.0,454997.0,2687429.0,0.08496680763780073,0.5018544361462761,0.0846610947514613
bfs_imp_stage2_aggr_s16_sth2_d32_ipd16_l2_ddr4_1x,bfs,imp,aggr_s16_sth2_d32_ipd16,l2,ddr4_1x,0.025508,25507885914.0,30729211.0,76600258.0,0.401164,6758291.0,11473082.0,1336217.0,3528833.0,,,,1842437.0,351214.0,810728.0,0.02562,sdist16,0.025506,1.0044695365796283,1.004390779363337,0.9999215932256548,0.5890562797337281,0.37865691008897273,1842437.0,351214.0,810728.0,0.19062469978620708,0.4400302425537481,0.05196787175929536
bfs_imp_stage2_aggr_s16_sth2_d32_ipd16_l2_ddr4_2x,bfs,imp,aggr_s16_sth2_d32_ipd16,l2,ddr4_2x,0.021395,21395128788.0,30729211.0,64249636.0,0.478279,6692730.0,11400170.0,1329785.0,3529210.0,,,,1916117.0,366278.0,852497.0,0.022034,sdist16,0.021395,1.02986679130638,1.02986679130638,1.0,0.5870728243526193,0.37679395672119254,1916117.0,366278.0,852497.0,0.19115638554430653,0.4449086355373915,0.054727741893069046
bfs_imp_stage2_cons_s2_sth8_pt8_l1d_ddr4_1x,bfs,imp,cons_s2_sth8_pt8,l1d,ddr4_1x,0.024149,24149311515.0,30729211.0,72520455.0,0.423732,6753043.0,11529860.0,1929321.0,5432338.0,4547849.0,194243.0,1765525.0,,,,0.023393,sdist16,0.022644,1.0330771948419006,0.9686943558739493,0.9376785788231397,0.5857003467518253,0.3551548154772402,4547849.0,194243.0,1765525.0,0.04271096072011186,0.38821099821036276,0.028763773605469417
bfs_imp_stage2_cons_s2_sth8_pt8_l1d_ddr4_2x,bfs,imp,cons_s2_sth8_pt8,l1d,ddr4_2x,0.021569,21568707702.0,30729211.0,64770894.0,0.47443,6585664.0,11427527.0,1929243.0,5433421.0,4470793.0,202193.0,1766002.0,,,,0.020727,sdist16,0.019617,1.0565835754702553,0.9609624924660392,0.9094997450044043,0.5762982664578259,0.35506966973477666,4470793.0,202193.0,1766002.0,0.04522531014072895,0.3950086707212792,0.03070199147724512
bfs_imp_stage2_cons_s2_sth8_pt8_l2_ddr4_1x,bfs,imp,cons_s2_sth8_pt8,l2,ddr4_1x,0.025937,25937162208.0,30729211.0,77889376.0,0.394524,7272921.0,11497452.0,1385977.0,3528916.0,,,,885398.0,183343.0,293954.0,0.02562,sdist16,0.025506,1.0044695365796283,0.9877780776496896,0.9833828121987893,0.6325680681250072,0.39274865142723714,885398.0,183343.0,293954.0,0.20707410678587482,0.3320021052679134,0.025208990995502358
bfs_imp_stage2_cons_s2_sth8_pt8_l2_ddr4_2x,bfs,imp,cons_s2_sth8_pt8,l2,ddr4_2x,0.02271,22710143790.0,30729211.0,68198630.0,0.450585,7132889.0,11405993.0,1385150.0,3528961.0,,,,886963.0,184264.0,293889.0,0.022034,sdist16,0.021395,1.02986679130638,0.9702333773667988,0.9420959929546455,0.6253632629793828,0.3925092966456699,886963.0,184264.0,293889.0,0.20774711008238225,0.3313430210730324,0.02583301100017118
bfs_imp_stage2_cons_s8_sth8_pt8_ipd8_l1d_ddr4_1x,bfs,imp,cons_s8_sth8_pt8_ipd8,l1d,ddr4_1x,0.022835,22835118357.0,30729211.0,68573929.0,0.448118,5760410.0,11496519.0,2239185.0,6192751.0,5148645.0,403857.0,2476201.0,,,,0.023393,sdist16,0.022644,1.0330771948419006,1.0244361725421502,0.9916356470330633,0.5010568851319256,0.36158162987660897,5148645.0,403857.0,2476201.0,0.0784394729098627,0.4809422673344152,0.07010907209729864
bfs_imp_stage2_cons_s8_sth8_pt8_ipd8_l1d_ddr4_2x,bfs,imp,cons_s8_sth8_pt8_ipd8,l1d,ddr4_2x,0.020056,20055990267.0,30729211.0,60228199.0,0.510214,5624919.0,11405539.0,2289437.0,6255864.0,5222202.0,415265.0,2538349.0,,,,0.020727,sdist16,0.019617,1.0565835754702553,1.0334563222975668,0.9781112883925009,0.49317432521163623,0.36596655553893115,5222202.0,415265.0,2538349.0,0.07951913771240561,0.48606871201075713,0.07382595198259743
bfs_imp_stage2_cons_s8_sth8_pt8_ipd8_l2_ddr4_1x,bfs,imp,cons_s8_sth8_pt8_ipd8,l2,ddr4_1x,0.025611,25610779917.0,30729211.0,76909249.0,0.399552,6894638.0,11474629.0,1335196.0,3529043.0,,,,1573426.0,316042.0,627259.0,0.02562,sdist16,0.025506,1.0044695365796283,1.00035141150287,0.9959001991331851,0.6008593393302738,0.3783450640867793,1573426.0,316042.0,627259.0,0.20086232209204627,0.39865808751094745,0.04583880981133455
bfs_imp_stage2_cons_s8_sth8_pt8_ipd8_l2_ddr4_2x,bfs,imp,cons_s8_sth8_pt8_ipd8,l2,ddr4_2x,0.021719,21718628964.0,30729211.0,65221108.0,0.471155,6810118.0,11400971.0,1330714.0,3529327.0,,,,1619092.0,324746.0,651000.0,0.022034,sdist16,0.021395,1.02986679130638,1.0145034301763434,0.9850821861043327,0.5973278942644447,0.37704468868994,1619092.0,324746.0,651000.0,0.20057291370718897,0.4020772136481435,0.04768581102412616
bfs_imp_stage2_default_l1d_ddr4_1x,bfs,imp,default,l1d,ddr4_1x,0.023393,23393219031.0,30729211.0,70249907.0,0.437428,6169647.0,11507814.0,2094566.0,5922664.0,4964319.0,312862.0,2227696.0,,,,0.023393,sdist16,0.022644,1.0330771948419006,1.0,0.9679818749198479,0.5361267570018077,0.3536526806180462,4964319.0,312862.0,2227696.0,0.06302213858537294,0.4487415091576508,0.05070987043505082
bfs_imp_stage2_default_l1d_ddr4_2x,bfs,imp,default,l1d,ddr4_2x,0.020727,20726640279.0,30729211.0,62242163.0,0.493705,6022529.0,11419388.0,2121072.0,5950664.0,4956620.0,321255.0,2255403.0,,,,0.020727,sdist16,0.019617,1.0565835754702553,1.0,0.9464466637718918,0.5273950758131697,0.35644291124486277,4956620.0,321255.0,2255403.0,0.0648133203675085,0.455028426629437,0.053342208895963805
bfs_imp_stage2_default_l2_ddr4_1x,bfs,imp,default,l2,ddr4_1x,0.02562,25619891130.0,30729211.0,76936610.0,0.39941,7053475.0,11488481.0,1351155.0,3528869.0,,,,1243469.0,260786.0,458053.0,0.02562,sdist16,0.025506,1.0044695365796283,1.0,0.9955503512880562,0.6139606271708157,0.38288613150559003,1243469.0,260786.0,458053.0,0.2097245689277336,0.3683670441321818,0.03697269785460358
bfs_imp_stage2_default_l2_ddr4_2x,bfs,imp,default,l2,ddr4_2x,0.022034,22034098512.0,30729211.0,66168464.0,0.464409,6935868.0,11405851.0,1346276.0,3529169.0,,,,1255627.0,266135.0,462189.0,0.022034,sdist16,0.021395,1.02986679130638,1.0,0.9709993646183172,0.6080973703759588,0.38147110552087476,1255627.0,266135.0,462189.0,0.21195386846571473,0.36809418720686954,0.03837082827989229
bfs_imp_stage2_s16_dist32_addr16_l1d_ddr4_1x,bfs,imp,s16_dist32_addr16,l1d,ddr4_1x,0.022644,22644101898.0,30729211.0,68000306.0,0.451899,5499207.0,11471915.0,2389038.0,6325340.0,5223342.0,440614.0,2597004.0,,,,0.023393,sdist16,0.022644,1.0330771948419006,1.0330771948419006,1.0,0.4793625998797934,0.37769321491018665,5223342.0,440614.0,2597004.0,0.08435480579291955,0.49719202763288334,0.08012318867065743
bfs_imp_stage2_s16_dist32_addr16_l1d_ddr4_2x,bfs,imp,s16_dist32_addr16,l1d,ddr4_2x,0.019617,19617348015.0,30729211.0,58910955.0,0.521622,5371033.0,11380680.0,2448923.0,6419441.0,5351311.0,454753.0,2689456.0,,,,0.020727,sdist16,0.019617,1.0565835754702553,1.0565835754702553,1.0,0.4719430649135201,0.38148539724876357,5351311.0,454753.0,2689456.0,0.08497973674114624,0.5025789007590851,0.08466769800148315
bfs_imp_stage2_s16_dist32_addr16_l2_ddr4_1x,bfs,imp,s16_dist32_addr16,l2,ddr4_1x,0.025506,25505763705.0,30729211.0,76593885.0,0.401197,6759177.0,11471944.0,1336083.0,3528858.0,,,,1838477.0,351029.0,809468.0,0.02562,sdist16,0.025506,1.0044695365796283,1.0044695365796283,1.0,0.5891919451489651,0.3786162548903923,1838477.0,351029.0,809468.0,0.1909346703820608,0.44029269879362104,0.05193368956013432
bfs_imp_stage2_s16_dist32_addr16_l2_ddr4_2x,bfs,imp,s16_dist32_addr16,l2,ddr4_2x,0.021395,21394838079.0,30729211.0,64248763.0,0.478285,6693335.0,11401031.0,1329670.0,3529114.0,,,,1915481.0,366130.0,851751.0,0.022034,sdist16,0.021395,1.02986679130638,1.02986679130638,1.0,0.587081554291011,0.37677162029903255,1915481.0,366130.0,851751.0,0.19114259029455266,0.44466690089852107,0.05470068359046723
bfs_imp_stage2_s16_dist8_addr16_l1d_ddr4_1x,bfs,imp,s16_dist8_addr16,l1d,ddr4_1x,0.022644,22644101898.0,30729211.0,68000306.0,0.451899,5499207.0,11471915.0,2389038.0,6325340.0,5223342.0,440614.0,2597004.0,,,,0.023393,sdist16,0.022644,1.0330771948419006,1.0330771948419006,1.0,0.4793625998797934,0.37769321491018665,5223342.0,440614.0,2597004.0,0.08435480579291955,0.49719202763288334,0.08012318867065743
bfs_imp_stage2_s16_dist8_addr16_l1d_ddr4_2x,bfs,imp,s16_dist8_addr16,l1d,ddr4_2x,0.019617,19617348015.0,30729211.0,58910955.0,0.521622,5371033.0,11380680.0,2448923.0,6419441.0,5351311.0,454753.0,2689456.0,,,,0.020727,sdist16,0.019617,1.0565835754702553,1.0565835754702553,1.0,0.4719430649135201,0.38148539724876357,5351311.0,454753.0,2689456.0,0.08497973674114624,0.5025789007590851,0.08466769800148315
bfs_imp_stage2_s16_dist8_addr16_l2_ddr4_1x,bfs,imp,s16_dist8_addr16,l2,ddr4_1x,0.025506,25505763705.0,30729211.0,76593885.0,0.401197,6759177.0,11471944.0,1336083.0,3528858.0,,,,1838477.0,351029.0,809468.0,0.02562,sdist16,0.025506,1.0044695365796283,1.0044695365796283,1.0,0.5891919451489651,0.3786162548903923,1838477.0,351029.0,809468.0,0.1909346703820608,0.44029269879362104,0.05193368956013432
bfs_imp_stage2_s16_dist8_addr16_l2_ddr4_2x,bfs,imp,s16_dist8_addr16,l2,ddr4_2x,0.021395,21394838079.0,30729211.0,64248763.0,0.478285,6693335.0,11401031.0,1329670.0,3529114.0,,,,1915481.0,366130.0,851751.0,0.022034,sdist16,0.021395,1.02986679130638,1.02986679130638,1.0,0.587081554291011,0.37677162029903255,1915481.0,366130.0,851751.0,0.19114259029455266,0.44466690089852107,0.05470068359046723
bfs_imp_stage2_s16_ipd16_addr16_l1d_ddr4_1x,bfs,imp,s16_ipd16_addr16,l1d,ddr4_1x,0.022644,22644101898.0,30729211.0,68000306.0,0.451899,5499207.0,11471915.0,2389038.0,6325340.0,5223342.0,440614.0,2597004.0,,,,0.023393,sdist16,0.022644,1.0330771948419006,1.0330771948419006,1.0,0.4793625998797934,0.37769321491018665,5223342.0,440614.0,2597004.0,0.08435480579291955,0.49719202763288334,0.08012318867065743
bfs_imp_stage2_s16_ipd16_addr16_l1d_ddr4_2x,bfs,imp,s16_ipd16_addr16,l1d,ddr4_2x,0.019617,19617348015.0,30729211.0,58910955.0,0.521622,5371033.0,11380680.0,2448923.0,6419441.0,5351311.0,454753.0,2689456.0,,,,0.020727,sdist16,0.019617,1.0565835754702553,1.0565835754702553,1.0,0.4719430649135201,0.38148539724876357,5351311.0,454753.0,2689456.0,0.08497973674114624,0.5025789007590851,0.08466769800148315
bfs_imp_stage2_s16_ipd16_addr16_l2_ddr4_1x,bfs,imp,s16_ipd16_addr16,l2,ddr4_1x,0.025506,25505763705.0,30729211.0,76593885.0,0.401197,6759177.0,11471944.0,1336083.0,3528858.0,,,,1838477.0,351029.0,809468.0,0.02562,sdist16,0.025506,1.0044695365796283,1.0044695365796283,1.0,0.5891919451489651,0.3786162548903923,1838477.0,351029.0,809468.0,0.1909346703820608,0.44029269879362104,0.05193368956013432
bfs_imp_stage2_s16_ipd16_addr16_l2_ddr4_2x,bfs,imp,s16_ipd16_addr16,l2,ddr4_2x,0.021395,21394838079.0,30729211.0,64248763.0,0.478285,6693335.0,11401031.0,1329670.0,3529114.0,,,,1915481.0,366130.0,851751.0,0.022034,sdist16,0.021395,1.02986679130638,1.02986679130638,1.0,0.587081554291011,0.37677162029903255,1915481.0,366130.0,851751.0,0.19114259029455266,0.44466690089852107,0.05470068359046723
bfs_imp_stage2_s16_ipd16_pt32_l1d_ddr4_1x,bfs,imp,s16_ipd16_pt32,l1d,ddr4_1x,0.022644,22644101898.0,30729211.0,68000306.0,0.451899,5499207.0,11471915.0,2389038.0,6325340.0,5223342.0,440614.0,2597004.0,,,,0.023393,sdist16,0.022644,1.0330771948419006,1.0330771948419006,1.0,0.4793625998797934,0.37769321491018665,5223342.0,440614.0,2597004.0,0.08435480579291955,0.49719202763288334,0.08012318867065743
bfs_imp_stage2_s16_ipd16_pt32_l1d_ddr4_2x,bfs,imp,s16_ipd16_pt32,l1d,ddr4_2x,0.019617,19617348015.0,30729211.0,58910955.0,0.521622,5371033.0,11380680.0,2448923.0,6419441.0,5351311.0,454753.0,2689456.0,,,,0.020727,sdist16,0.019617,1.0565835754702553,1.0565835754702553,1.0,0.4719430649135201,0.38148539724876357,5351311.0,454753.0,2689456.0,0.08497973674114624,0.5025789007590851,0.08466769800148315
bfs_imp_stage2_s16_ipd16_pt32_l2_ddr4_1x,bfs,imp,s16_ipd16_pt32,l2,ddr4_1x,0.025506,25505763705.0,30729211.0,76593885.0,0.401197,6759177.0,11471944.0,1336083.0,3528858.0,,,,1838477.0,351029.0,809468.0,0.02562,sdist16,0.025506,1.0044695365796283,1.0044695365796283,1.0,0.5891919451489651,0.3786162548903923,1838477.0,351029.0,809468.0,0.1909346703820608,0.44029269879362104,0.05193368956013432
bfs_imp_stage2_s16_ipd16_pt32_l2_ddr4_2x,bfs,imp,s16_ipd16_pt32,l2,ddr4_2x,0.021395,21394838079.0,30729211.0,64248763.0,0.478285,6693335.0,11401031.0,1329670.0,3529114.0,,,,1915481.0,366130.0,851751.0,0.022034,sdist16,0.021395,1.02986679130638,1.02986679130638,1.0,0.587081554291011,0.37677162029903255,1915481.0,366130.0,851751.0,0.19114259029455266,0.44466690089852107,0.05470068359046723
bfs_imp_stage2_s16_ipd8_addr8_l1d_ddr4_1x,bfs,imp,s16_ipd8_addr8,l1d,ddr4_1x,0.022644,22644101898.0,30729211.0,68000306.0,0.451899,5499207.0,11471915.0,2389038.0,6325340.0,5223342.0,440614.0,2597004.0,,,,0.023393,sdist16,0.022644,1.0330771948419006,1.0330771948419006,1.0,0.4793625998797934,0.37769321491018665,5223342.0,440614.0,2597004.0,0.08435480579291955,0.49719202763288334,0.08012318867065743
bfs_imp_stage2_s16_ipd8_addr8_l1d_ddr4_2x,bfs,imp,s16_ipd8_addr8,l1d,ddr4_2x,0.019617,19617348015.0,30729211.0,58910955.0,0.521622,5371033.0,11380680.0,2448923.0,6419441.0,5351311.0,454753.0,2689456.0,,,,0.020727,sdist16,0.019617,1.0565835754702553,1.0565835754702553,1.0,0.4719430649135201,0.38148539724876357,5351311.0,454753.0,2689456.0,0.08497973674114624,0.5025789007590851,0.08466769800148315
bfs_imp_stage2_s16_ipd8_addr8_l2_ddr4_1x,bfs,imp,s16_ipd8_addr8,l2,ddr4_1x,0.025506,25505763705.0,30729211.0,76593885.0,0.401197,6759177.0,11471944.0,1336083.0,3528858.0,,,,1838477.0,351029.0,809468.0,0.02562,sdist16,0.025506,1.0044695365796283,1.0044695365796283,1.0,0.5891919451489651,0.3786162548903923,1838477.0,351029.0,809468.0,0.1909346703820608,0.44029269879362104,0.05193368956013432
bfs_imp_stage2_s16_ipd8_addr8_l2_ddr4_2x,bfs,imp,s16_ipd8_addr8,l2,ddr4_2x,0.021395,21394838079.0,30729211.0,64248763.0,0.478285,6693335.0,11401031.0,1329670.0,3529114.0,,,,1915481.0,366130.0,851751.0,0.022034,sdist16,0.021395,1.02986679130638,1.02986679130638,1.0,0.587081554291011,0.37677162029903255,1915481.0,366130.0,851751.0,0.19114259029455266,0.44466690089852107,0.05470068359046723
bfs_imp_stage2_s16_l1d_ddr4_1x,bfs,imp,s16,l1d,ddr4_1x,0.022644,22644101898.0,30729211.0,68000306.0,0.451899,5499207.0,11471915.0,2389038.0,6325340.0,5223342.0,440614.0,2597004.0,,,,0.023393,sdist16,0.022644,1.0330771948419006,1.0330771948419006,1.0,0.4793625998797934,0.37769321491018665,5223342.0,440614.0,2597004.0,0.08435480579291955,0.49719202763288334,0.08012318867065743
bfs_imp_stage2_s16_l1d_ddr4_2x,bfs,imp,s16,l1d,ddr4_2x,0.019617,19617348015.0,30729211.0,58910955.0,0.521622,5371033.0,11380680.0,2448923.0,6419441.0,5351311.0,454753.0,2689456.0,,,,0.020727,sdist16,0.019617,1.0565835754702553,1.0565835754702553,1.0,0.4719430649135201,0.38148539724876357,5351311.0,454753.0,2689456.0,0.08497973674114624,0.5025789007590851,0.08466769800148315
bfs_imp_stage2_s16_l2_ddr4_1x,bfs,imp,s16,l2,ddr4_1x,0.025506,25505763705.0,30729211.0,76593885.0,0.401197,6759177.0,11471944.0,1336083.0,3528858.0,,,,1838477.0,351029.0,809468.0,0.02562,sdist16,0.025506,1.0044695365796283,1.0044695365796283,1.0,0.5891919451489651,0.3786162548903923,1838477.0,351029.0,809468.0,0.1909346703820608,0.44029269879362104,0.05193368956013432
bfs_imp_stage2_s16_l2_ddr4_2x,bfs,imp,s16,l2,ddr4_2x,0.021395,21394838079.0,30729211.0,64248763.0,0.478285,6693335.0,11401031.0,1329670.0,3529114.0,,,,1915481.0,366130.0,851751.0,0.022034,sdist16,0.021395,1.02986679130638,1.02986679130638,1.0,0.587081554291011,0.37677162029903255,1915481.0,366130.0,851751.0,0.19114259029455266,0.44466690089852107,0.05470068359046723
bfs_imp_stage2_s16_pt8_sth2_l1d_ddr4_1x,bfs,imp,s16_pt8_sth2,l1d,ddr4_1x,0.022637,22636982025.0,30729211.0,67978925.0,0.452041,5497933.0,11472007.0,2387155.0,6321946.0,5212597.0,440317.0,2593668.0,,,,0.023393,sdist16,0.022644,1.0330771948419006,1.033396651499757,1.0003092282546273,0.479247702690558,0.3775981319675935,5212597.0,440317.0,2593668.0,0.08447171342806667,0.4975769275852325,0.08008773479051128
bfs_imp_stage2_s16_pt8_sth2_l1d_ddr4_2x,bfs,imp,s16_pt8_sth2,l1d,ddr4_2x,0.019612,19612180854.0,30729211.0,58895438.0,0.521759,5371872.0,11384763.0,2443183.0,6412706.0,5347276.0,454488.0,2682826.0,,,,0.020727,sdist16,0.019617,1.0565835754702553,1.0568529471751988,1.0002549459514583,0.4718475035448696,0.3809909576394115,5347276.0,454488.0,2682826.0,0.08499430364170467,0.5017182580439087,0.08460514323498401
bfs_imp_stage2_s16_pt8_sth2_l2_ddr4_1x,bfs,imp,s16_pt8_sth2,l2,ddr4_1x,0.025511,25511467662.0,30729211.0,76611014.0,0.401107,6758764.0,11472868.0,1336374.0,3528819.0,,,,1841231.0,350893.0,810258.0,0.02562,sdist16,0.025506,1.0044695365796283,1.0042726666927992,0.9998040061150093,0.5891084949290797,0.3787029031525845,1841231.0,350893.0,810258.0,0.190575218427237,0.44006319685036804,0.05191674098992064
bfs_imp_stage2_s16_pt8_sth2_l2_ddr4_2x,bfs,imp,s16_pt8_sth2,l2,ddr4_2x,0.021377,21376526076.0,30729211.0,64193772.0,0.478695,6692249.0,11396553.0,1329471.0,3529098.0,,,,1915207.0,366251.0,852083.0,0.022034,sdist16,0.021395,1.02986679130638,1.0307339664124995,1.0008420264770548,0.5872169418244271,0.37671694013597806,1915207.0,366251.0,852083.0,0.19123311474947616,0.44490386678828975,0.054727640887241344
bfs_imp_stage2_s16_pt8_sth8_l1d_ddr4_1x,bfs,imp,s16_pt8_sth8,l1d,ddr4_1x,0.022641,22641114555.0,30729211.0,67991335.0,0.451958,5496937.0,11474719.0,2386347.0,6328055.0,5216982.0,441350.0,2599739.0,,,,0.023393,sdist16,0.022644,1.0330771948419006,1.033214080650148,1.000132502981317,0.47904763506627046,0.3771059195914068,5216982.0,441350.0,2599739.0,0.0845987201029254,0.4983224017257487,0.0802901688704091
bfs_imp_stage2_s16_pt8_sth8_l1d_ddr4_2x,bfs,imp,s16_pt8_sth8,l1d,ddr4_2x,0.019608,19608341364.0,30729211.0,58883908.0,0.521862,5369239.0,11382170.0,2443558.0,6413705.0,5346093.0,455370.0,2683458.0,,,,0.020727,sdist16,0.019617,1.0565835754702553,1.0570685434516522,1.0004589963280293,0.47172366956388806,0.3809900829551718,5346093.0,455370.0,2683458.0,0.08517809173914483,0.5019474969851815,0.08481090150764382
bfs_imp_stage2_s16_pt8_sth8_l2_ddr4_1x,bfs,imp,s16_pt8_sth8,l2,ddr4_1x,0.025505,25505128008.0,30729211.0,76591976.0,0.401207,6760531.0,11475077.0,1335441.0,3528847.0,,,,1839532.0,351612.0,809055.0,0.02562,sdist16,0.025506,1.0044695365796283,1.0045089198196433,1.0000392079984317,0.5891490749909565,0.37843550598821657,1839532.0,351612.0,809055.0,0.1911420948371651,0.43981567050749865,0.05200952410394982
bfs_imp_stage2_s16_pt8_sth8_l2_ddr4_2x,bfs,imp,s16_pt8_sth8,l2,ddr4_2x,0.021381,21380834430.0,30729211.0,64206710.0,0.478599,6693704.0,11398836.0,1329362.0,3529119.0,,,,1911316.0,366021.0,850260.0,0.022034,sdist16,0.021395,1.02986679130638,1.0305411346522615,1.0006547869603855,0.5872269765088295,0.3766838125889209,1911316.0,366021.0,850260.0,0.1915020854740922,0.4448557956926013,0.05468138417832638
bfs_imp_stage2_s16_sth2_l1d_ddr4_1x,bfs,imp,s16_sth2,l1d,ddr4_1x,0.022635,22634973369.0,30729211.0,67972893.0,0.452081,5501676.0,11472491.0,2388423.0,6323158.0,5216034.0,439733.0,2594898.0,,,,0.023393,sdist16,0.022644,1.0330771948419006,1.0334879611221561,1.0003976143141153,0.4795537429491119,0.3777262880351875,5216034.0,439733.0,2594898.0,0.08430409004235785,0.4974848706891098,0.07992709857868766
bfs_imp_stage2_s16_sth2_l1d_ddr4_2x,bfs,imp,s16_sth2,l1d,ddr4_2x,0.019611,19610929107.0,30729211.0,58891679.0,0.521793,5374334.0,11381679.0,2444855.0,6417484.0,5354997.0,454997.0,2687429.0,,,,0.020727,sdist16,0.019617,1.0565835754702553,1.056906837999082,1.0003059507419305,0.4721916687335849,0.38096783723964095,5354997.0,454997.0,2687429.0,0.08496680763780073,0.5018544361462761,0.0846610947514613
bfs_imp_stage2_s16_sth2_l2_ddr4_1x,bfs,imp,s16_sth2,l2,ddr4_1x,0.025508,25507885914.0,30729211.0,76600258.0,0.401164,6758291.0,11473082.0,1336217.0,3528833.0,,,,1842437.0,351214.0,810728.0,0.02562,sdist16,0.025506,1.0044695365796283,1.004390779363337,0.9999215932256548,0.5890562797337281,0.37865691008897273,1842437.0,351214.0,810728.0,0.19062469978620708,0.4400302425537481,0.05196787175929536
bfs_imp_stage2_s16_sth2_l2_ddr4_2x,bfs,imp,s16_sth2,l2,ddr4_2x,0.021395,21395128788.0,30729211.0,64249636.0,0.478279,6692730.0,11400170.0,1329785.0,3529210.0,,,,1916117.0,366278.0,852497.0,0.022034,sdist16,0.021395,1.02986679130638,1.02986679130638,1.0,0.5870728243526193,0.37679395672119254,1916117.0,366278.0,852497.0,0.19115638554430653,0.4449086355373915,0.054727741893069046
bfs_imp_stage2_s16_sth8_l1d_ddr4_1x,bfs,imp,s16_sth8,l1d,ddr4_1x,0.022635,22635299043.0,30729211.0,67973871.0,0.452074,5497076.0,11469485.0,2386651.0,6325372.0,5222776.0,440969.0,2596783.0,,,,0.023393,sdist16,0.022644,1.0330771948419006,1.0334879611221561,1.0003976143141153,0.47927836341387603,0.37731393505393834,5222776.0,440969.0,2596783.0,0.08443191896416771,0.4972035944103289,0.08021882906476098
bfs_imp_stage2_s16_sth8_l1d_ddr4_2x,bfs,imp,s16_sth8,l1d,ddr4_2x,0.019613,19612632735.0,30729211.0,58896795.0,0.521747,5369762.0,11385059.0,2444096.0,6414533.0,5352001.0,455097.0,2684610.0,,,,0.020727,sdist16,0.019617,1.0565835754702553,1.0567990618467344,1.0002039463621069,0.47164990537159274,0.381024776082686,5352001.0,455097.0,2684610.0,0.08503305586078927,0.5016086506710294,0.08475180091780604
bfs_imp_stage2_s16_sth8_l2_ddr4_1x,bfs,imp,s16_sth8,l2,ddr4_1x,0.025511,25511202927.0,30729211.0,76610219.0,0.401112,6758269.0,11470455.0,1335725.0,3528830.0,,,,1839800.0,351262.0,809434.0,0.02562,sdist16,0.025506,1.0044695365796283,1.0042726666927992,0.9998040061150093,0.5891892693009998,0.3785178090188533,1839800.0,351262.0,809434.0,0.19092401347972607,0.4399576040874008,0.05197514333921896
bfs_imp_stage2_s16_sth8_l2_ddr4_2x,bfs,imp,s16_sth8,l2,ddr4_2x,0.021381,21381285978.0,30729211.0,64208066.0,0.478589,6693814.0,11398816.0,1329401.0,3529139.0,,,,1911735.0,366024.0,850382.0,0.022034,sdist16,0.021395,1.02986679130638,1.0305411346522615,1.0006547869603855,0.5872376569636706,0.3766927287363858,1911735.0,366024.0,850382.0,0.1914616827123006,0.44482211185127646,0.054680933769596825
bfs_imp_stage2_s2_l1d_ddr4_1x,bfs,imp,s2,l1d,ddr4_1x,0.024156,24155886933.0,30729211.0,72540201.0,0.423617,6755365.0,11529760.0,1928634.0,5433207.0,4548979.0,194551.0,1766208.0,,,,0.023393,sdist16,0.022644,1.0330771948419006,0.9684136446431528,0.9374068554396423,0.5859068185287465,0.354971566516792,4548979.0,194551.0,1766208.0,0.0427680585027981,0.388264707311245,0.02879948011691448
bfs_imp_stage2_s2_l1d_ddr4_2x,bfs,imp,s2,l1d,ddr4_2x,0.021552,21552492267.0,30729211.0,64722199.0,0.474787,6587143.0,11426245.0,1929813.0,5434178.0,4473156.0,201698.0,1766786.0,,,,0.020727,sdist16,0.019617,1.0565835754702553,0.9617204899777282,0.9102171492204899,0.5764923647269947,0.3551250989570088,4473156.0,201698.0,1766786.0,0.04509075918657878,0.3949752702566152,0.030619951623943795
bfs_imp_stage2_s2_l2_ddr4_1x,bfs,imp,s2,l2,ddr4_1x,0.025941,25940758275.0,30729211.0,77900175.0,0.39447,7270230.0,11495059.0,1385780.0,3528921.0,,,,885485.0,183571.0,294030.0,0.02562,sdist16,0.025506,1.0044695365796283,0.9876257661616746,0.9832311784433908,0.6324656532863381,0.39269227052688344,885485.0,183571.0,294030.0,0.20731124750842758,0.3320553143192714,0.02524968260976613
bfs_imp_stage2_s2_l2_ddr4_2x,bfs,imp,s2,l2,ddr4_2x,0.022705,22705303968.0,30729211.0,68184096.0,0.450681,7130514.0,11405560.0,1384932.0,3528960.0,,,,886919.0,184508.0,294294.0,0.022034,sdist16,0.021395,1.02986679130638,0.9704470380973355,0.9423034573882405,0.6251787724583449,0.392447633297062,886919.0,184508.0,294294.0,0.20803252608186318,0.3318160959456275,0.02587583447700965
bfs_imp_stage2_s2_sth2_l1d_ddr4_1x,bfs,imp,s2_sth2,l1d,ddr4_1x,0.024165,24164762049.0,30729211.0,72566853.0,0.423461,6749820.0,11530814.0,1929832.0,5433794.0,4549338.0,194954.0,1766697.0,,,,0.023393,sdist16,0.022644,1.0330771948419006,0.9680529691702877,0.9370577281191808,0.5853723770065149,0.3551536918771672,4549338.0,194954.0,1766697.0,0.04285326788205229,0.388341556507782,0.028882844283254962
bfs_imp_stage2_s2_sth2_l1d_ddr4_2x,bfs,imp,s2_sth2,l1d,ddr4_2x,0.021561,21560829255.0,30729211.0,64747235.0,0.474603,6584914.0,11426853.0,1929584.0,5432259.0,4470594.0,201947.0,1764896.0,,,,0.020727,sdist16,0.019617,1.0565835754702553,0.9613190482816195,0.9098372060665089,0.5762666238902346,0.35520839488691536,4470594.0,201947.0,1764896.0,0.04517229701466964,0.3947788593641024,0.030668130214001277
bfs_imp_stage2_s2_sth2_l2_ddr4_1x,bfs,imp,s2_sth2,l2,ddr4_1x,0.025932,25931974068.0,30729211.0,77873796.0,0.394603,7268807.0,11495463.0,1385410.0,3528941.0,,,,884795.0,183918.0,294036.0,0.02562,sdist16,0.025506,1.0044695365796283,0.987968533086534,0.9835724201758446,0.6323196377562174,0.39258519765561395,884795.0,183918.0,294036.0,0.20786509869517797,0.3323210461180273,0.02530236392299314
bfs_imp_stage2_s2_sth2_l2_ddr4_2x,bfs,imp,s2_sth2,l2,ddr4_2x,0.022708,22707662940.0,30729211.0,68191180.0,0.450634,7132984.0,11407237.0,1385062.0,3528982.0,,,,887359.0,184394.0,294219.0,0.022034,sdist16,0.021395,1.02986679130638,0.9703188303681523,0.9421789677646645,0.6253033929250352,0.39248202456119075,887359.0,184394.0,294219.0,0.20780090132629522,0.33156704332744696,0.02585089213714765
bfs_imp_stage2_s2_sth8_l1d_ddr4_1x,bfs,imp,s2_sth8,l1d,ddr4_1x,0.024157,24157346805.0,30729211.0,72544585.0,0.423591,6752750.0,11528922.0,1929548.0,5432914.0,4549495.0,194453.0,1765966.0,,,,0.023393,sdist16,0.022644,1.0330771948419006,0.9683735563190793,0.9373680506685432,0.5857225853379874,0.3551589441688199,4549495.0,194453.0,1765966.0,0.04274166693226391,0.388167477928869,0.028796120099218836
bfs_imp_stage2_s2_sth8_l1d_ddr4_2x,bfs,imp,s2_sth8,l1d,ddr4_2x,0.021558,21557521899.0,30729211.0,64737303.0,0.474676,6588572.0,11427668.0,1928773.0,5432996.0,4471888.0,201784.0,1765712.0,,,,0.020727,sdist16,0.019617,1.0565835754702553,0.9614528249373782,0.9099638185360422,0.5765456259317299,0.35501093687534463,4471888.0,201784.0,1765712.0,0.04512277588347472,0.3948470981384149,0.030626363345501877
bfs_imp_stage2_s2_sth8_l2_ddr4_1x,bfs,imp,s2_sth8,l2,ddr4_1x,0.025938,25937537832.0,30729211.0,77890504.0,0.394519,7272850.0,11497578.0,1385973.0,3528914.0,,,,885475.0,183347.0,293961.0,0.02562,sdist16,0.025506,1.0044695365796283,0.9877399953735833,0.9833448993754338,0.6325549607056373,0.3927477405230051,885475.0,183347.0,293961.0,0.20706061718286795,0.3319811400660662,0.025209787084842943
bfs_imp_stage2_s2_sth8_l2_ddr4_2x,bfs,imp,s2_sth8,l2,ddr4_2x,0.022711,22710799800.0,30729211.0,68200600.0,0.450571,7132969.0,11406106.0,1385148.0,3528980.0,,,,887045.0,184271.0,293901.0,0.022034,sdist16,0.021395,1.02986679130638,0.9701906565100613,0.9420545110298975,0.6253640813087306,0.3925066166427693,887045.0,184271.0,293901.0,0.20773579694378527,0.33132591920364807,0.025833702627895902
bfs_imp_stage2_s8_dist32_addr8_l1d_ddr4_1x,bfs,imp,s8_dist32_addr8,l1d,ddr4_1x,0.022859,22859318466.0,30729211.0,68646602.0,0.447644,5763687.0,11494089.0,2241663.0,6196945.0,5157984.0,403198.0,2480070.0,,,,0.023393,sdist16,0.022644,1.0330771948419006,1.0233606019510915,0.9905945141957216,0.501447918142969,0.36173679127376474,5157984.0,403198.0,2480070.0,0.07816968800213417,0.4808215768020994,0.06995487437121412
bfs_imp_stage2_s8_dist32_addr8_l1d_ddr4_2x,bfs,imp,s8_dist32_addr8,l1d,ddr4_2x,0.020049,20049487443.0,30729211.0,60208671.0,0.510379,5621790.0,11403292.0,2289053.0,6257577.0,5230504.0,416196.0,2540129.0,,,,0.020727,sdist16,0.019617,1.0565835754702553,1.0338171479874307,0.9784527906628758,0.4929971099573702,0.3658050072735821,5230504.0,416196.0,2540129.0,0.07957091706650067,0.48563752173786695,0.07403264796443837
bfs_imp_stage2_s8_dist32_addr8_l2_ddr4_1x,bfs,imp,s8_dist32_addr8,l2,ddr4_1x,0.025632,25631879130.0,30729211.0,76972610.0,0.399223,6894129.0,11476841.0,1335439.0,3529084.0,,,,1576449.0,315982.0,627778.0,0.02562,sdist16,0.025506,1.0044695365796283,0.9995318352059925,0.9950842696629214,0.6006991819438816,0.3784095249645517,1576449.0,315982.0,627778.0,0.20043908810243782,0.398222841335178,0.04583349107624763
bfs_imp_stage2_s8_dist32_addr8_l2_ddr4_2x,bfs,imp,s8_dist32_addr8,l2,ddr4_2x,0.021718,21718321605.0,30729211.0,65220185.0,0.471162,6810078.0,11402903.0,1330301.0,3529295.0,,,,1620036.0,325093.0,650691.0,0.022034,sdist16,0.021395,1.02986679130638,1.014550142738742,0.9851275439727415,0.5972231807987843,0.3769310868034551,1620036.0,325093.0,650691.0,0.20067023201953538,0.4016521855069887,0.04773704500888242
bfs_imp_stage2_s8_dist8_addr8_l1d_ddr4_1x,bfs,imp,s8_dist8_addr8,l1d,ddr4_1x,0.022859,22859318466.0,30729211.0,68646602.0,0.447644,5763687.0,11494089.0,2241663.0,6196945.0,5157984.0,403198.0,2480070.0,,,,0.023393,sdist16,0.022644,1.0330771948419006,1.0233606019510915,0.9905945141957216,0.501447918142969,0.36173679127376474,5157984.0,403198.0,2480070.0,0.07816968800213417,0.4808215768020994,0.06995487437121412
bfs_imp_stage2_s8_dist8_addr8_l1d_ddr4_2x,bfs,imp,s8_dist8_addr8,l1d,ddr4_2x,0.020049,20049487443.0,30729211.0,60208671.0,0.510379,5621790.0,11403292.0,2289053.0,6257577.0,5230504.0,416196.0,2540129.0,,,,0.020727,sdist16,0.019617,1.0565835754702553,1.0338171479874307,0.9784527906628758,0.4929971099573702,0.3658050072735821,5230504.0,416196.0,2540129.0,0.07957091706650067,0.48563752173786695,0.07403264796443837
bfs_imp_stage2_s8_dist8_addr8_l2_ddr4_1x,bfs,imp,s8_dist8_addr8,l2,ddr4_1x,0.025632,25631879130.0,30729211.0,76972610.0,0.399223,6894129.0,11476841.0,1335439.0,3529084.0,,,,1576449.0,315982.0,627778.0,0.02562,sdist16,0.025506,1.0044695365796283,0.9995318352059925,0.9950842696629214,0.6006991819438816,0.3784095249645517,1576449.0,315982.0,627778.0,0.20043908810243782,0.398222841335178,0.04583349107624763
bfs_imp_stage2_s8_dist8_addr8_l2_ddr4_2x,bfs,imp,s8_dist8_addr8,l2,ddr4_2x,0.021718,21718321605.0,30729211.0,65220185.0,0.471162,6810078.0,11402903.0,1330301.0,3529295.0,,,,1620036.0,325093.0,650691.0,0.022034,sdist16,0.021395,1.02986679130638,1.014550142738742,0.9851275439727415,0.5972231807987843,0.3769310868034551,1620036.0,325093.0,650691.0,0.20067023201953538,0.4016521855069887,0.04773704500888242
bfs_imp_stage2_s8_ipd16_addr16_l1d_ddr4_1x,bfs,imp,s8_ipd16_addr16,l1d,ddr4_1x,0.022859,22859318466.0,30729211.0,68646602.0,0.447644,5763687.0,11494089.0,2241663.0,6196945.0,5157984.0,403198.0,2480070.0,,,,0.023393,sdist16,0.022644,1.0330771948419006,1.0233606019510915,0.9905945141957216,0.501447918142969,0.36173679127376474,5157984.0,403198.0,2480070.0,0.07816968800213417,0.4808215768020994,0.06995487437121412
bfs_imp_stage2_s8_ipd16_addr16_l1d_ddr4_2x,bfs,imp,s8_ipd16_addr16,l1d,ddr4_2x,0.020049,20049487443.0,30729211.0,60208671.0,0.510379,5621790.0,11403292.0,2289053.0,6257577.0,5230504.0,416196.0,2540129.0,,,,0.020727,sdist16,0.019617,1.0565835754702553,1.0338171479874307,0.9784527906628758,0.4929971099573702,0.3658050072735821,5230504.0,416196.0,2540129.0,0.07957091706650067,0.48563752173786695,0.07403264796443837
bfs_imp_stage2_s8_ipd16_addr16_l2_ddr4_1x,bfs,imp,s8_ipd16_addr16,l2,ddr4_1x,0.025632,25631879130.0,30729211.0,76972610.0,0.399223,6894129.0,11476841.0,1335439.0,3529084.0,,,,1576449.0,315982.0,627778.0,0.02562,sdist16,0.025506,1.0044695365796283,0.9995318352059925,0.9950842696629214,0.6006991819438816,0.3784095249645517,1576449.0,315982.0,627778.0,0.20043908810243782,0.398222841335178,0.04583349107624763
bfs_imp_stage2_s8_ipd16_addr16_l2_ddr4_2x,bfs,imp,s8_ipd16_addr16,l2,ddr4_2x,0.021718,21718321605.0,30729211.0,65220185.0,0.471162,6810078.0,11402903.0,1330301.0,3529295.0,,,,1620036.0,325093.0,650691.0,0.022034,sdist16,0.021395,1.02986679130638,1.014550142738742,0.9851275439727415,0.5972231807987843,0.3769310868034551,1620036.0,325093.0,650691.0,0.20067023201953538,0.4016521855069887,0.04773704500888242
bfs_imp_stage2_s8_ipd16_pt32_l1d_ddr4_1x,bfs,imp,s8_ipd16_pt32,l1d,ddr4_1x,0.022859,22859318466.0,30729211.0,68646602.0,0.447644,5763687.0,11494089.0,2241663.0,6196945.0,5157984.0,403198.0,2480070.0,,,,0.023393,sdist16,0.022644,1.0330771948419006,1.0233606019510915,0.9905945141957216,0.501447918142969,0.36173679127376474,5157984.0,403198.0,2480070.0,0.07816968800213417,0.4808215768020994,0.06995487437121412
bfs_imp_stage2_s8_ipd16_pt32_l1d_ddr4_2x,bfs,imp,s8_ipd16_pt32,l1d,ddr4_2x,0.020049,20049487443.0,30729211.0,60208671.0,0.510379,5621790.0,11403292.0,2289053.0,6257577.0,5230504.0,416196.0,2540129.0,,,,0.020727,sdist16,0.019617,1.0565835754702553,1.0338171479874307,0.9784527906628758,0.4929971099573702,0.3658050072735821,5230504.0,416196.0,2540129.0,0.07957091706650067,0.48563752173786695,0.07403264796443837
bfs_imp_stage2_s8_ipd16_pt32_l2_ddr4_1x,bfs,imp,s8_ipd16_pt32,l2,ddr4_1x,0.025632,25631879130.0,30729211.0,76972610.0,0.399223,6894129.0,11476841.0,1335439.0,3529084.0,,,,1576449.0,315982.0,627778.0,0.02562,sdist16,0.025506,1.0044695365796283,0.9995318352059925,0.9950842696629214,0.6006991819438816,0.3784095249645517,1576449.0,315982.0,627778.0,0.20043908810243782,0.398222841335178,0.04583349107624763
bfs_imp_stage2_s8_ipd16_pt32_l2_ddr4_2x,bfs,imp,s8_ipd16_pt32,l2,ddr4_2x,0.021718,21718321605.0,30729211.0,65220185.0,0.471162,6810078.0,11402903.0,1330301.0,3529295.0,,,,1620036.0,325093.0,650691.0,0.022034,sdist16,0.021395,1.02986679130638,1.014550142738742,0.9851275439727415,0.5972231807987843,0.3769310868034551,1620036.0,325093.0,650691.0,0.20067023201953538,0.4016521855069887,0.04773704500888242
bfs_imp_stage2_s8_ipd8_addr8_l1d_ddr4_1x,bfs,imp,s8_ipd8_addr8,l1d,ddr4_1x,0.022859,22859318466.0,30729211.0,68646602.0,0.447644,5763687.0,11494089.0,2241663.0,6196945.0,5157984.0,403198.0,2480070.0,,,,0.023393,sdist16,0.022644,1.0330771948419006,1.0233606019510915,0.9905945141957216,0.501447918142969,0.36173679127376474,5157984.0,403198.0,2480070.0,0.07816968800213417,0.4808215768020994,0.06995487437121412
bfs_imp_stage2_s8_ipd8_addr8_l1d_ddr4_2x,bfs,imp,s8_ipd8_addr8,l1d,ddr4_2x,0.020049,20049487443.0,30729211.0,60208671.0,0.510379,5621790.0,11403292.0,2289053.0,6257577.0,5230504.0,416196.0,2540129.0,,,,0.020727,sdist16,0.019617,1.0565835754702553,1.0338171479874307,0.9784527906628758,0.4929971099573702,0.3658050072735821,5230504.0,416196.0,2540129.0,0.07957091706650067,0.48563752173786695,0.07403264796443837
bfs_imp_stage2_s8_ipd8_addr8_l2_ddr4_1x,bfs,imp,s8_ipd8_addr8,l2,ddr4_1x,0.025632,25631879130.0,30729211.0,76972610.0,0.399223,6894129.0,11476841.0,1335439.0,3529084.0,,,,1576449.0,315982.0,627778.0,0.02562,sdist16,0.025506,1.0044695365796283,0.9995318352059925,0.9950842696629214,0.6006991819438816,0.3784095249645517,1576449.0,315982.0,627778.0,0.20043908810243782,0.398222841335178,0.04583349107624763
bfs_imp_stage2_s8_ipd8_addr8_l2_ddr4_2x,bfs,imp,s8_ipd8_addr8,l2,ddr4_2x,0.021718,21718321605.0,30729211.0,65220185.0,0.471162,6810078.0,11402903.0,1330301.0,3529295.0,,,,1620036.0,325093.0,650691.0,0.022034,sdist16,0.021395,1.02986679130638,1.014550142738742,0.9851275439727415,0.5972231807987843,0.3769310868034551,1620036.0,325093.0,650691.0,0.20067023201953538,0.4016521855069887,0.04773704500888242
bfs_imp_stage2_s8_l1d_ddr4_1x,bfs,imp,s8,l1d,ddr4_1x,0.022859,22859318466.0,30729211.0,68646602.0,0.447644,5763687.0,11494089.0,2241663.0,6196945.0,5157984.0,403198.0,2480070.0,,,,0.023393,sdist16,0.022644,1.0330771948419006,1.0233606019510915,0.9905945141957216,0.501447918142969,0.36173679127376474,5157984.0,403198.0,2480070.0,0.07816968800213417,0.4808215768020994,0.06995487437121412
bfs_imp_stage2_s8_l1d_ddr4_2x,bfs,imp,s8,l1d,ddr4_2x,0.020049,20049487443.0,30729211.0,60208671.0,0.510379,5621790.0,11403292.0,2289053.0,6257577.0,5230504.0,416196.0,2540129.0,,,,0.020727,sdist16,0.019617,1.0565835754702553,1.0338171479874307,0.9784527906628758,0.4929971099573702,0.3658050072735821,5230504.0,416196.0,2540129.0,0.07957091706650067,0.48563752173786695,0.07403264796443837
bfs_imp_stage2_s8_l2_ddr4_1x,bfs,imp,s8,l2,ddr4_1x,0.025632,25631879130.0,30729211.0,76972610.0,0.399223,6894129.0,11476841.0,1335439.0,3529084.0,,,,1576449.0,315982.0,627778.0,0.02562,sdist16,0.025506,1.0044695365796283,0.9995318352059925,0.9950842696629214,0.6006991819438816,0.3784095249645517,1576449.0,315982.0,627778.0,0.20043908810243782,0.398222841335178,0.04583349107624763
bfs_imp_stage2_s8_l2_ddr4_2x,bfs,imp,s8,l2,ddr4_2x,0.021718,21718321605.0,30729211.0,65220185.0,0.471162,6810078.0,11402903.0,1330301.0,3529295.0,,,,1620036.0,325093.0,650691.0,0.022034,sdist16,0.021395,1.02986679130638,1.014550142738742,0.9851275439727415,0.5972231807987843,0.3769310868034551,1620036.0,325093.0,650691.0,0.20067023201953538,0.4016521855069887,0.04773704500888242
bfs_imp_stage2_s8_pt8_sth2_l1d_ddr4_1x,bfs,imp,s8_pt8_sth2,l1d,ddr4_1x,0.022841,22841083386.0,30729211.0,68591842.0,0.448001,5759421.0,11493193.0,2242017.0,6193354.0,5155890.0,403565.0,2476489.0,,,,0.023393,sdist16,0.022644,1.0330771948419006,1.0241670679917692,0.991375158705836,0.5011158343899733,0.36200368976163805,5155890.0,403565.0,2476489.0,0.0782726163669124,0.48032231098801564,0.07007041159172077
bfs_imp_stage2_s8_pt8_sth2_l1d_ddr4_2x,bfs,imp,s8_pt8_sth2,l1d,ddr4_2x,0.020042,20042466804.0,30729211.0,60187588.0,0.510558,5623887.0,11401489.0,2290115.0,6259958.0,5232922.0,415771.0,2542598.0,,,,0.020727,sdist16,0.019617,1.0565835754702553,1.0341782257259753,0.9787945314838837,0.493258994505016,0.36583552158017674,5232922.0,415771.0,2542598.0,0.07945293279739311,0.4858849415297992,0.07392947262276073
bfs_imp_stage2_s8_pt8_sth2_l2_ddr4_1x,bfs,imp,s8_pt8_sth2,l2,ddr4_1x,0.025624,25623883134.0,30729211.0,76948598.0,0.399348,6894697.0,11477649.0,1335112.0,3529015.0,,,,1576615.0,316344.0,627844.0,0.02562,sdist16,0.025506,1.0044695365796283,0.9998438963471745,0.9953949422416485,0.6007063815943492,0.37832426328593105,1576615.0,316344.0,627844.0,0.20064758993159396,0.39822277474208984,0.04588221933465676
bfs_imp_stage2_s8_pt8_sth2_l2_ddr4_2x,bfs,imp,s8_pt8_sth2,l2,ddr4_2x,0.021719,21718598328.0,30729211.0,65221016.0,0.471156,6809346.0,11404707.0,1330075.0,3529303.0,,,,1619424.0,325158.0,650936.0,0.022034,sdist16,0.021395,1.02986679130638,1.0145034301763434,0.9850821861043327,0.5970645278304826,0.3768661970933071,1619424.0,325158.0,650936.0,0.20078620546564704,0.40195526310589447,0.0477517224121083
bfs_imp_stage2_s8_pt8_sth8_l1d_ddr4_1x,bfs,imp,s8_pt8_sth8,l1d,ddr4_1x,0.022835,22835118357.0,30729211.0,68573929.0,0.448118,5760410.0,11496519.0,2239185.0,6192751.0,5148645.0,403857.0,2476201.0,,,,0.023393,sdist16,0.022644,1.0330771948419006,1.0244361725421502,0.9916356470330633,0.5010568851319256,0.36158162987660897,5148645.0,403857.0,2476201.0,0.0784394729098627,0.4809422673344152,0.07010907209729864
bfs_imp_stage2_s8_pt8_sth8_l1d_ddr4_2x,bfs,imp,s8_pt8_sth8,l1d,ddr4_2x,0.020056,20055990267.0,30729211.0,60228199.0,0.510214,5624919.0,11405539.0,2289437.0,6255864.0,5222202.0,415265.0,2538349.0,,,,0.020727,sdist16,0.019617,1.0565835754702553,1.0334563222975668,0.9781112883925009,0.49317432521163623,0.36596655553893115,5222202.0,415265.0,2538349.0,0.07951913771240561,0.48606871201075713,0.07382595198259743
bfs_imp_stage2_s8_pt8_sth8_l2_ddr4_1x,bfs,imp,s8_pt8_sth8,l2,ddr4_1x,0.025611,25610779917.0,30729211.0,76909249.0,0.399552,6894638.0,11474629.0,1335196.0,3529043.0,,,,1573426.0,316042.0,627259.0,0.02562,sdist16,0.025506,1.0044695365796283,1.00035141150287,0.9959001991331851,0.6008593393302738,0.3783450640867793,1573426.0,316042.0,627259.0,0.20086232209204627,0.39865808751094745,0.04583880981133455
bfs_imp_stage2_s8_pt8_sth8_l2_ddr4_2x,bfs,imp,s8_pt8_sth8,l2,ddr4_2x,0.021719,21718628964.0,30729211.0,65221108.0,0.471155,6810118.0,11400971.0,1330714.0,3529327.0,,,,1619092.0,324746.0,651000.0,0.022034,sdist16,0.021395,1.02986679130638,1.0145034301763434,0.9850821861043327,0.5973278942644447,0.37704468868994,1619092.0,324746.0,651000.0,0.20057291370718897,0.4020772136481435,0.04768581102412616
bfs_imp_stage2_s8_sth2_l1d_ddr4_1x,bfs,imp,s8_sth2,l1d,ddr4_1x,0.022837,22836595878.0,30729211.0,68578366.0,0.44809,5766957.0,11494808.0,2239317.0,6196912.0,5156325.0,403667.0,2479962.0,,,,0.023393,sdist16,0.022644,1.0330771948419006,1.0243464553137454,0.9915488023820993,0.5017010288471108,0.3613601419545735,5156325.0,403667.0,2479962.0,0.07828579463086598,0.4809553315588137,0.06999653370052872
bfs_imp_stage2_s8_sth2_l1d_ddr4_2x,bfs,imp,s8_sth2,l1d,ddr4_2x,0.020051,20051178417.0,30729211.0,60213749.0,0.510336,5622312.0,11404270.0,2290820.0,6256608.0,5226768.0,415772.0,2539345.0,,,,0.020727,sdist16,0.019617,1.0565835754702553,1.033714029225475,0.9783551942546507,0.49300060415967,0.3661440831837315,5226768.0,415772.0,2539345.0,0.07954667205431731,0.4858346496343438,0.07395036063455745
bfs_imp_stage2_s8_sth2_l2_ddr4_1x,bfs,imp,s8_sth2,l2,ddr4_1x,0.025624,25624320363.0,30729211.0,76949911.0,0.399341,6894385.0,11476910.0,1335532.0,3529016.0,,,,1576594.0,316137.0,628224.0,0.02562,sdist16,0.025506,1.0044695365796283,0.9998438963471745,0.9953949422416485,0.600717876153076,0.3784431694273985,1576594.0,316137.0,628224.0,0.20051896683610365,0.3984691049185776,0.045854271265674894
bfs_imp_stage2_s8_sth2_l2_ddr4_2x,bfs,imp,s8_sth2,l2,ddr4_2x,0.021726,21726491760.0,30729211.0,65244720.0,0.470984,6811340.0,11403392.0,1330423.0,3529294.0,,,,1619415.0,325022.0,651302.0,0.022034,sdist16,0.021395,1.02986679130638,1.014176562643837,0.9847647979379546,0.5973082395132957,0.37696576142423954,1619415.0,325022.0,651302.0,0.2007033404037878,0.40218350453713225,0.04771777653149013
bfs_imp_stage2_s8_sth8_l1d_ddr4_1x,bfs,imp,s8_sth8,l1d,ddr4_1x,0.022853,22852979478.0,30729211.0,68627566.0,0.447768,5770550.0,11494216.0,2242038.0,6206618.0,5168989.0,403101.0,2489577.0,,,,0.023393,sdist16,0.022644,1.0330771948419006,1.0236292828075089,0.9908545923948717,0.5020394605425894,0.36123344468758994,5168989.0,403101.0,2489577.0,0.07798449561413266,0.48163712478397613,0.06985486652052231
bfs_imp_stage2_s8_sth8_l1d_ddr4_2x,bfs,imp,s8_sth8,l1d,ddr4_2x,0.020049,20049164100.0,30729211.0,60207700.0,0.510387,5623382.0,11403457.0,2289388.0,6257616.0,5233166.0,416512.0,2540143.0,,,,0.020727,sdist16,0.019617,1.0565835754702553,1.0338171479874307,0.9784527906628758,0.49312958342369334,0.36585626219314193,5233166.0,416512.0,2540143.0,0.07959082513338961,0.48539316352663,0.07406788299283243
bfs_imp_stage2_s8_sth8_l2_ddr4_1x,bfs,imp,s8_sth8,l2,ddr4_1x,0.025605,25604971065.0,30729211.0,76891805.0,0.399643,6895288.0,11475766.0,1335351.0,3529015.0,,,,1572847.0,316077.0,626873.0,0.02562,sdist16,0.025506,1.0044695365796283,1.0005858230814295,0.996133567662566,0.6008564482754354,0.37839198756593556,1572847.0,316077.0,626873.0,0.20095851662621983,0.3985594275857728,0.04583956464182497
bfs_imp_stage2_s8_sth8_l2_ddr4_2x,bfs,imp,s8_sth8,l2,ddr4_2x,0.021711,21710875059.0,30729211.0,65197823.0,0.471323,6810922.0,11407336.0,1330828.0,3529274.0,,,,1619686.0,324438.0,651171.0,0.022034,sdist16,0.021395,1.02986679130638,1.0148772511630049,0.985445166044862,0.5970650816281733,0.37708265212618797,1619686.0,324438.0,651171.0,0.2003091957330001,0.40203533277437725,0.04763496043560622
matmult_imp_stage2_aggr_s16_sth2_d32_ipd16_addr16_l1d_ddr4_1x,matmult,imp,aggr_s16_sth2_d32_ipd16_addr16,l1d,ddr4_1x,0.001212,1212489963.0,7397871.0,3641111.0,2.031764,1146579.0,2138559.0,5476.0,1081616.0,31746.0,3611.0,4317.0,,,,0.001242,sdist16,0.001208,1.0281456953642385,1.0247524752475248,0.9966996699669968,0.5361456008461772,0.005062794929069097,31746.0,3611.0,4317.0,0.11374661374661375,0.13598563598563598,0.0031493686871990503
matmult_imp_stage2_aggr_s16_sth2_d32_ipd16_addr16_l1d_ddr4_2x,matmult,imp,aggr_s16_sth2_d32_ipd16_addr16,l1d,ddr4_2x,0.001221,1221087690.0,7397876.0,3666930.0,2.01746,1150477.0,2139319.0,5380.0,1082013.0,30522.0,3567.0,4212.0,,,,0.001261,sdist16,0.001223,1.0310711365494685,1.0327600327600326,1.0016380016380015,0.5377772085415966,0.004972213827375457,30522.0,3567.0,4212.0,0.11686652250835462,0.13799882052290152,0.0031004531164030226
matmult_imp_stage2_aggr_s16_sth2_d32_ipd16_addr16_l2_ddr4_1x,matmult,imp,aggr_s16_sth2_d32_ipd16_addr16,l2,ddr4_1x,0.001226,1226037069.0,7397871.0,3681793.0,2.009314,1158574.0,2138832.0,1945.0,1078071.0,,,,6685.0,3487.0,20.0,0.001238,sdist16,0.001225,1.010612244897959,1.0097879282218596,0.999184339314845,0.5416853684627871,0.0018041483353137223,6685.0,3487.0,20.0,0.5216155572176514,0.0029917726252804786,0.00300973438036759
matmult_imp_stage2_aggr_s16_sth2_d32_ipd16_addr16_l2_ddr4_2x,matmult,imp,aggr_s16_sth2_d32_ipd16_addr16,l2,ddr4_2x,0.001216,1215700416.0,7397871.0,3650752.0,2.026399,1158301.0,2138328.0,1908.0,1077294.0,,,,6485.0,3502.0,10.0,0.00123,sdist16,0.001214,1.013179571663921,1.0115131578947367,0.9983552631578947,0.5416853728707663,0.0017711042668018201,6485.0,3502.0,10.0,0.5400154202004626,0.0015420200462606013,0.0030233937465304786
matmult_imp_stage2_aggr_s16_sth2_d32_ipd16_l1d_ddr4_1x,matmult,imp,aggr_s16_sth2_d32_ipd16,l1d,ddr4_1x,0.001212,1212489963.0,7397871.0,3641111.0,2.031764,1146579.0,2138559.0,5476.0,1081616.0,31746.0,3611.0,4317.0,,,,0.001242,sdist16,0.001208,1.0281456953642385,1.0247524752475248,0.9966996699669968,0.5361456008461772,0.005062794929069097,31746.0,3611.0,4317.0,0.11374661374661375,0.13598563598563598,0.0031493686871990503
matmult_imp_stage2_aggr_s16_sth2_d32_ipd16_l1d_ddr4_2x,matmult,imp,aggr_s16_sth2_d32_ipd16,l1d,ddr4_2x,0.001221,1221087690.0,7397876.0,3666930.0,2.01746,1150477.0,2139319.0,5380.0,1082013.0,30522.0,3567.0,4212.0,,,,0.001261,sdist16,0.001223,1.0310711365494685,1.0327600327600326,1.0016380016380015,0.5377772085415966,0.004972213827375457,30522.0,3567.0,4212.0,0.11686652250835462,0.13799882052290152,0.0031004531164030226
matmult_imp_stage2_aggr_s16_sth2_d32_ipd16_l2_ddr4_1x,matmult,imp,aggr_s16_sth2_d32_ipd16,l2,ddr4_1x,0.001226,1226037069.0,7397871.0,3681793.0,2.009314,1158574.0,2138832.0,1945.0,1078071.0,,,,6685.0,3487.0,20.0,0.001238,sdist16,0.001225,1.010612244897959,1.0097879282218596,0.999184339314845,0.5416853684627871,0.0018041483353137223,6685.0,3487.0,20.0,0.5216155572176514,0.0029917726252804786,0.00300973438036759
matmult_imp_stage2_aggr_s16_sth2_d32_ipd16_l2_ddr4_2x,matmult,imp,aggr_s16_sth2_d32_ipd16,l2,ddr4_2x,0.001216,1215700416.0,7397871.0,3650752.0,2.026399,1158301.0,2138328.0,1908.0,1077294.0,,,,6485.0,3502.0,10.0,0.00123,sdist16,0.001214,1.013179571663921,1.0115131578947367,0.9983552631578947,0.5416853728707663,0.0017711042668018201,6485.0,3502.0,10.0,0.5400154202004626,0.0015420200462606013,0.0030233937465304786
matmult_imp_stage2_cons_s2_sth8_pt8_l1d_ddr4_1x,matmult,imp,cons_s2_sth8_pt8,l1d,ddr4_1x,0.001273,1273126266.0,7397871.0,3823202.0,1.934996,1152901.0,2139077.0,5469.0,1085366.0,59042.0,3625.0,7203.0,,,,0.001242,sdist16,0.001208,1.0281456953642385,0.9756480754124116,0.9489395129615082,0.5389712478793424,0.005038853253188326,59042.0,3625.0,7203.0,0.06139697164730192,0.12199789980014226,0.00314424222027737
matmult_imp_stage2_cons_s2_sth8_pt8_l1d_ddr4_2x,matmult,imp,cons_s2_sth8_pt8,l1d,ddr4_2x,0.001283,1283142906.0,7397876.0,3853282.0,1.919892,1154531.0,2137814.0,5350.0,1084018.0,64569.0,3719.0,6783.0,,,,0.001261,sdist16,0.001223,1.0310711365494685,0.9828526890101325,0.9532346063912703,0.5400521280148788,0.004935342402063434,64569.0,3719.0,6783.0,0.05759729901345847,0.1050504111880314,0.0032212214310399635
matmult_imp_stage2_cons_s2_sth8_pt8_l2_ddr4_1x,matmult,imp,cons_s2_sth8_pt8,l2,ddr4_1x,0.001258,1258172235.0,7397876.0,3778295.0,1.957996,1158876.0,2139320.0,3531.0,1078165.0,,,,5187.0,1886.0,3.0,0.001238,sdist16,0.001225,1.010612244897959,0.9841017488076311,0.9737678855325914,0.541702971037526,0.0032750089272050196,5187.0,1886.0,3.0,0.36360131096973203,0.000578368999421631,0.0016274390012391317
matmult_imp_stage2_cons_s2_sth8_pt8_l2_ddr4_2x,matmult,imp,cons_s2_sth8_pt8,l2,ddr4_2x,0.001248,1248375375.0,7397871.0,3748875.0,1.97336,1160146.0,2139733.0,3361.0,1078396.0,,,,4881.0,2016.0,3.0,0.00123,sdist16,0.001214,1.013179571663921,0.9855769230769231,0.9727564102564102,0.5421919463783565,0.003116665863003943,4881.0,2016.0,3.0,0.4130301167793485,0.0006146281499692685,0.0017377123224145926
matmult_imp_stage2_cons_s8_sth8_pt8_ipd8_l1d_ddr4_1x,matmult,imp,cons_s8_sth8_pt8_ipd8,l1d,ddr4_1x,0.001221,1221203907.0,7397871.0,3667279.0,2.017267,1148949.0,2137730.0,5458.0,1082773.0,36599.0,4235.0,5421.0,,,,0.001242,sdist16,0.001208,1.0281456953642385,1.017199017199017,0.9893529893529893,0.5374621678135219,0.0050407610828862555,36599.0,4235.0,5421.0,0.11571354408590398,0.14811880106013825,0.003685977358438016
matmult_imp_stage2_cons_s8_sth8_pt8_ipd8_l1d_ddr4_2x,matmult,imp,cons_s8_sth8_pt8_ipd8,l1d,ddr4_2x,0.001229,1228864239.0,7397871.0,3690283.0,2.004692,1150474.0,2138832.0,5360.0,1083826.0,37152.0,3983.0,6123.0,,,,0.001261,sdist16,0.001223,1.0310711365494685,1.0260374288039056,0.9951179820992676,0.537898254748386,0.004945443272259569,37152.0,3983.0,6123.0,0.107208225667528,0.1648094315245478,0.003462051293640708
matmult_imp_stage2_cons_s8_sth8_pt8_ipd8_l2_ddr4_1x,matmult,imp,cons_s8_sth8_pt8_ipd8,l2,ddr4_1x,0.001252,1251531549.0,7397876.0,3758353.0,1.968385,1159156.0,2139141.0,2196.0,1078284.0,,,,5948.0,3189.0,12.0,0.001238,sdist16,0.001225,1.010612244897959,0.9888178913738018,0.9784345047923322,0.5418791935641456,0.0020365692155313443,5948.0,3189.0,12.0,0.5361466039004708,0.0020174848688634837,0.002751139622276898
matmult_imp_stage2_cons_s8_sth8_pt8_ipd8_l2_ddr4_2x,matmult,imp,cons_s8_sth8_pt8_ipd8,l2,ddr4_2x,0.001229,1229334435.0,7397871.0,3691695.0,2.003925,1159033.0,2138698.0,2188.0,1077652.0,,,,6131.0,3198.0,4.0,0.00123,sdist16,0.001214,1.013179571663921,1.000813669650122,0.9877949552481692,0.5419339242847752,0.002030340035558789,6131.0,3198.0,4.0,0.5216114826292612,0.0006524221171097701,0.0027591966751593787
matmult_imp_stage2_default_l1d_ddr4_1x,matmult,imp,default,l1d,ddr4_1x,0.001242,1242151938.0,7397885.0,3730186.0,1.983251,1153373.0,2138673.0,5469.0,1084788.0,55493.0,4714.0,6658.0,,,,0.001242,sdist16,0.001208,1.0281456953642385,1.0,0.9726247987117552,0.5392937583258404,0.005041538070111395,55493.0,4714.0,6658.0,0.08494765105508803,0.11997909646261691,0.004087142667636576
matmult_imp_stage2_default_l1d_ddr4_2x,matmult,imp,default,l1d,ddr4_2x,0.001261,1261173564.0,7397876.0,3787308.0,1.953336,1151766.0,2139866.0,5355.0,1086353.0,55078.0,4680.0,8082.0,,,,0.001261,sdist16,0.001223,1.0310711365494685,1.0,0.9698651863600317,0.538242114225844,0.004929336965056478,55078.0,4680.0,8082.0,0.08497040560659429,0.14673735429754167,0.004063325362964352
matmult_imp_stage2_default_l2_ddr4_1x,matmult,imp,default,l2,ddr4_1x,0.001238,1238238522.0,7397885.0,3718434.0,1.989519,1157391.0,2138569.0,2685.0,1077581.0,,,,5961.0,2727.0,8.0,0.001238,sdist16,0.001225,1.010612244897959,1.0,0.9894991922455574,0.5411988109806136,0.0024916920398559365,5961.0,2727.0,8.0,0.45747357825868146,0.001342056701895655,0.0023561614009440196
matmult_imp_stage2_default_l2_ddr4_2x,matmult,imp,default,l2,ddr4_2x,0.00123,1230256179.0,7397876.0,3694463.0,2.002425,1159546.0,2139337.0,2685.0,1078402.0,,,,5726.0,2700.0,10.0,0.00123,sdist16,0.001214,1.013179571663921,1.0,0.9869918699186992,0.5420118475957738,0.0024897950856916065,5726.0,2700.0,10.0,0.4715333566189312,0.0017464198393293748,0.0023284975326550218
matmult_imp_stage2_s16_dist32_addr16_l1d_ddr4_1x,matmult,imp,s16_dist32_addr16,l1d,ddr4_1x,0.001208,1207908882.0,7397876.0,3627354.0,2.039471,1150500.0,2138816.0,5475.0,1083178.0,34743.0,3667.0,5007.0,,,,0.001242,sdist16,0.001208,1.0281456953642385,1.0281456953642383,1.0,0.5379144349023011,0.005054570901550807,34743.0,3667.0,5007.0,0.1055464410096998,0.14411536136775754,0.003187309865275967
matmult_imp_stage2_s16_dist32_addr16_l1d_ddr4_2x,matmult,imp,s16_dist32_addr16,l1d,ddr4_2x,0.001223,1222542900.0,7397876.0,3671300.0,2.015059,1151777.0,2140009.0,5364.0,1082513.0,31853.0,3474.0,4209.0,,,,0.001261,sdist16,0.001223,1.0310711365494685,1.0310711365494685,1.0,0.5382112878964528,0.0049551367974333795,31853.0,3474.0,4209.0,0.10906351050136565,0.1321382601324836,0.003016208866820574
matmult_imp_stage2_s16_dist32_addr16_l2_ddr4_1x,matmult,imp,s16_dist32_addr16,l2,ddr4_1x,0.001225,1225199907.0,7397876.0,3679279.0,2.010689,1157985.0,2138080.0,1932.0,1076921.0,,,,6610.0,3480.0,5.0,0.001238,sdist16,0.001225,1.010612244897959,1.010612244897959,1.0,0.5416004078425504,0.0017940034598638154,6610.0,3480.0,5.0,0.5264750378214826,0.0007564296520423601,0.003005220274874027
matmult_imp_stage2_s16_dist32_addr16_l2_ddr4_2x,matmult,imp,s16_dist32_addr16,l2,ddr4_2x,0.001214,1213927191.0,7397876.0,3645427.0,2.02936,1159562.0,2139089.0,1912.0,1078053.0,,,,6424.0,3499.0,14.0,0.00123,sdist16,0.001214,1.013179571663921,1.013179571663921,1.0,0.542082166754165,0.0017735677188412814,6424.0,3499.0,14.0,0.5446762141967622,0.0021793275217932753,0.003017518683778875
matmult_imp_stage2_s16_dist8_addr16_l1d_ddr4_1x,matmult,imp,s16_dist8_addr16,l1d,ddr4_1x,0.001208,1207908882.0,7397876.0,3627354.0,2.039471,1150500.0,2138816.0,5475.0,1083178.0,34743.0,3667.0,5007.0,,,,0.001242,sdist16,0.001208,1.0281456953642385,1.0281456953642383,1.0,0.5379144349023011,0.005054570901550807,34743.0,3667.0,5007.0,0.1055464410096998,0.14411536136775754,0.003187309865275967
matmult_imp_stage2_s16_dist8_addr16_l1d_ddr4_2x,matmult,imp,s16_dist8_addr16,l1d,ddr4_2x,0.001223,1222542900.0,7397876.0,3671300.0,2.015059,1151777.0,2140009.0,5364.0,1082513.0,31853.0,3474.0,4209.0,,,,0.001261,sdist16,0.001223,1.0310711365494685,1.0310711365494685,1.0,0.5382112878964528,0.0049551367974333795,31853.0,3474.0,4209.0,0.10906351050136565,0.1321382601324836,0.003016208866820574
matmult_imp_stage2_s16_dist8_addr16_l2_ddr4_1x,matmult,imp,s16_dist8_addr16,l2,ddr4_1x,0.001225,1225199907.0,7397876.0,3679279.0,2.010689,1157985.0,2138080.0,1932.0,1076921.0,,,,6610.0,3480.0,5.0,0.001238,sdist16,0.001225,1.010612244897959,1.010612244897959,1.0,0.5416004078425504,0.0017940034598638154,6610.0,3480.0,5.0,0.5264750378214826,0.0007564296520423601,0.003005220274874027
matmult_imp_stage2_s16_dist8_addr16_l2_ddr4_2x,matmult,imp,s16_dist8_addr16,l2,ddr4_2x,0.001214,1213927191.0,7397876.0,3645427.0,2.02936,1159562.0,2139089.0,1912.0,1078053.0,,,,6424.0,3499.0,14.0,0.00123,sdist16,0.001214,1.013179571663921,1.013179571663921,1.0,0.542082166754165,0.0017735677188412814,6424.0,3499.0,14.0,0.5446762141967622,0.0021793275217932753,0.003017518683778875
matmult_imp_stage2_s16_ipd16_addr16_l1d_ddr4_1x,matmult,imp,s16_ipd16_addr16,l1d,ddr4_1x,0.001208,1207908882.0,7397876.0,3627354.0,2.039471,1150500.0,2138816.0,5475.0,1083178.0,34743.0,3667.0,5007.0,,,,0.001242,sdist16,0.001208,1.0281456953642385,1.0281456953642383,1.0,0.5379144349023011,0.005054570901550807,34743.0,3667.0,5007.0,0.1055464410096998,0.14411536136775754,0.003187309865275967
matmult_imp_stage2_s16_ipd16_addr16_l1d_ddr4_2x,matmult,imp,s16_ipd16_addr16,l1d,ddr4_2x,0.001223,1222542900.0,7397876.0,3671300.0,2.015059,1151777.0,2140009.0,5364.0,1082513.0,31853.0,3474.0,4209.0,,,,0.001261,sdist16,0.001223,1.0310711365494685,1.0310711365494685,1.0,0.5382112878964528,0.0049551367974333795,31853.0,3474.0,4209.0,0.10906351050136565,0.1321382601324836,0.003016208866820574
matmult_imp_stage2_s16_ipd16_addr16_l2_ddr4_1x,matmult,imp,s16_ipd16_addr16,l2,ddr4_1x,0.001225,1225199907.0,7397876.0,3679279.0,2.010689,1157985.0,2138080.0,1932.0,1076921.0,,,,6610.0,3480.0,5.0,0.001238,sdist16,0.001225,1.010612244897959,1.010612244897959,1.0,0.5416004078425504,0.0017940034598638154,6610.0,3480.0,5.0,0.5264750378214826,0.0007564296520423601,0.003005220274874027
matmult_imp_stage2_s16_ipd16_addr16_l2_ddr4_2x,matmult,imp,s16_ipd16_addr16,l2,ddr4_2x,0.001214,1213927191.0,7397876.0,3645427.0,2.02936,1159562.0,2139089.0,1912.0,1078053.0,,,,6424.0,3499.0,14.0,0.00123,sdist16,0.001214,1.013179571663921,1.013179571663921,1.0,0.542082166754165,0.0017735677188412814,6424.0,3499.0,14.0,0.5446762141967622,0.0021793275217932753,0.003017518683778875
matmult_imp_stage2_s16_ipd16_pt32_l1d_ddr4_1x,matmult,imp,s16_ipd16_pt32,l1d,ddr4_1x,0.001208,1207908882.0,7397876.0,3627354.0,2.039471,1150500.0,2138816.0,5475.0,1083178.0,34743.0,3667.0,5007.0,,,,0.001242,sdist16,0.001208,1.0281456953642385,1.0281456953642383,1.0,0.5379144349023011,0.005054570901550807,34743.0,3667.0,5007.0,0.1055464410096998,0.14411536136775754,0.003187309865275967
matmult_imp_stage2_s16_ipd16_pt32_l1d_ddr4_2x,matmult,imp,s16_ipd16_pt32,l1d,ddr4_2x,0.001223,1222542900.0,7397876.0,3671300.0,2.015059,1151777.0,2140009.0,5364.0,1082513.0,31853.0,3474.0,4209.0,,,,0.001261,sdist16,0.001223,1.0310711365494685,1.0310711365494685,1.0,0.5382112878964528,0.0049551367974333795,31853.0,3474.0,4209.0,0.10906351050136565,0.1321382601324836,0.003016208866820574
matmult_imp_stage2_s16_ipd16_pt32_l2_ddr4_1x,matmult,imp,s16_ipd16_pt32,l2,ddr4_1x,0.001225,1225199907.0,7397876.0,3679279.0,2.010689,1157985.0,2138080.0,1932.0,1076921.0,,,,6610.0,3480.0,5.0,0.001238,sdist16,0.001225,1.010612244897959,1.010612244897959,1.0,0.5416004078425504,0.0017940034598638154,6610.0,3480.0,5.0,0.5264750378214826,0.0007564296520423601,0.003005220274874027
matmult_imp_stage2_s16_ipd16_pt32_l2_ddr4_2x,matmult,imp,s16_ipd16_pt32,l2,ddr4_2x,0.001214,1213927191.0,7397876.0,3645427.0,2.02936,1159562.0,2139089.0,1912.0,1078053.0,,,,6424.0,3499.0,14.0,0.00123,sdist16,0.001214,1.013179571663921,1.013179571663921,1.0,0.542082166754165,0.0017735677188412814,6424.0,3499.0,14.0,0.5446762141967622,0.0021793275217932753,0.003017518683778875
matmult_imp_stage2_s16_ipd8_addr8_l1d_ddr4_1x,matmult,imp,s16_ipd8_addr8,l1d,ddr4_1x,0.001208,1207908882.0,7397876.0,3627354.0,2.039471,1150500.0,2138816.0,5475.0,1083178.0,34743.0,3667.0,5007.0,,,,0.001242,sdist16,0.001208,1.0281456953642385,1.0281456953642383,1.0,0.5379144349023011,0.005054570901550807,34743.0,3667.0,5007.0,0.1055464410096998,0.14411536136775754,0.003187309865275967
matmult_imp_stage2_s16_ipd8_addr8_l1d_ddr4_2x,matmult,imp,s16_ipd8_addr8,l1d,ddr4_2x,0.001223,1222542900.0,7397876.0,3671300.0,2.015059,1151777.0,2140009.0,5364.0,1082513.0,31853.0,3474.0,4209.0,,,,0.001261,sdist16,0.001223,1.0310711365494685,1.0310711365494685,1.0,0.5382112878964528,0.0049551367974333795,31853.0,3474.0,4209.0,0.10906351050136565,0.1321382601324836,0.003016208866820574
matmult_imp_stage2_s16_ipd8_addr8_l2_ddr4_1x,matmult,imp,s16_ipd8_addr8,l2,ddr4_1x,0.001225,1225199907.0,7397876.0,3679279.0,2.010689,1157985.0,2138080.0,1932.0,1076921.0,,,,6610.0,3480.0,5.0,0.001238,sdist16,0.001225,1.010612244897959,1.010612244897959,1.0,0.5416004078425504,0.0017940034598638154,6610.0,3480.0,5.0,0.5264750378214826,0.0007564296520423601,0.003005220274874027
matmult_imp_stage2_s16_ipd8_addr8_l2_ddr4_2x,matmult,imp,s16_ipd8_addr8,l2,ddr4_2x,0.001214,1213927191.0,7397876.0,3645427.0,2.02936,1159562.0,2139089.0,1912.0,1078053.0,,,,6424.0,3499.0,14.0,0.00123,sdist16,0.001214,1.013179571663921,1.013179571663921,1.0,0.542082166754165,0.0017735677188412814,6424.0,3499.0,14.0,0.5446762141967622,0.0021793275217932753,0.003017518683778875
matmult_imp_stage2_s16_l1d_ddr4_1x,matmult,imp,s16,l1d,ddr4_1x,0.001208,1207908882.0,7397876.0,3627354.0,2.039471,1150500.0,2138816.0,5475.0,1083178.0,34743.0,3667.0,5007.0,,,,0.001242,sdist16,0.001208,1.0281456953642385,1.0281456953642383,1.0,0.5379144349023011,0.005054570901550807,34743.0,3667.0,5007.0,0.1055464410096998,0.14411536136775754,0.003187309865275967
matmult_imp_stage2_s16_l1d_ddr4_2x,matmult,imp,s16,l1d,ddr4_2x,0.001223,1222542900.0,7397876.0,3671300.0,2.015059,1151777.0,2140009.0,5364.0,1082513.0,31853.0,3474.0,4209.0,,,,0.001261,sdist16,0.001223,1.0310711365494685,1.0310711365494685,1.0,0.5382112878964528,0.0049551367974333795,31853.0,3474.0,4209.0,0.10906351050136565,0.1321382601324836,0.003016208866820574
matmult_imp_stage2_s16_l2_ddr4_1x,matmult,imp,s16,l2,ddr4_1x,0.001225,1225199907.0,7397876.0,3679279.0,2.010689,1157985.0,2138080.0,1932.0,1076921.0,,,,6610.0,3480.0,5.0,0.001238,sdist16,0.001225,1.010612244897959,1.010612244897959,1.0,0.5416004078425504,0.0017940034598638154,6610.0,3480.0,5.0,0.5264750378214826,0.0007564296520423601,0.003005220274874027
matmult_imp_stage2_s16_l2_ddr4_2x,matmult,imp,s16,l2,ddr4_2x,0.001214,1213927191.0,7397876.0,3645427.0,2.02936,1159562.0,2139089.0,1912.0,1078053.0,,,,6424.0,3499.0,14.0,0.00123,sdist16,0.001214,1.013179571663921,1.013179571663921,1.0,0.542082166754165,0.0017735677188412814,6424.0,3499.0,14.0,0.5446762141967622,0.0021793275217932753,0.003017518683778875
matmult_imp_stage2_s16_pt8_sth2_l1d_ddr4_1x,matmult,imp,s16_pt8_sth2,l1d,ddr4_1x,0.001212,1212489963.0,7397871.0,3641111.0,2.031764,1146579.0,2138559.0,5476.0,1081616.0,31746.0,3611.0,4317.0,,,,0.001242,sdist16,0.001208,1.0281456953642385,1.0247524752475248,0.9966996699669968,0.5361456008461772,0.005062794929069097,31746.0,3611.0,4317.0,0.11374661374661375,0.13598563598563598,0.0031493686871990503
matmult_imp_stage2_s16_pt8_sth2_l1d_ddr4_2x,matmult,imp,s16_pt8_sth2,l1d,ddr4_2x,0.001221,1221087690.0,7397876.0,3666930.0,2.01746,1150477.0,2139319.0,5380.0,1082013.0,30522.0,3567.0,4212.0,,,,0.001261,sdist16,0.001223,1.0310711365494685,1.0327600327600326,1.0016380016380015,0.5377772085415966,0.004972213827375457,30522.0,3567.0,4212.0,0.11686652250835462,0.13799882052290152,0.0031004531164030226
matmult_imp_stage2_s16_pt8_sth2_l2_ddr4_1x,matmult,imp,s16_pt8_sth2,l2,ddr4_1x,0.001221,1220895882.0,7397876.0,3666354.0,2.017777,1158184.0,2138468.0,1925.0,1077465.0,,,,6462.0,3498.0,19.0,0.001238,sdist16,0.001225,1.010612244897959,1.0139230139230138,1.003276003276003,0.541595198057675,0.0017866009568756295,6462.0,3498.0,19.0,0.5413184772516249,0.002940266171463943,0.0030202454877636025
matmult_imp_stage2_s16_pt8_sth2_l2_ddr4_2x,matmult,imp,s16_pt8_sth2,l2,ddr4_2x,0.001217,1216559223.0,7397876.0,3653331.0,2.02497,1158222.0,2138910.0,1875.0,1077804.0,,,,6429.0,3528.0,12.0,0.00123,sdist16,0.001214,1.013179571663921,1.0106820049301561,0.9975349219391948,0.5415010449247514,0.0017396483961833506,6429.0,3528.0,12.0,0.5487634157722818,0.0018665422305179655,0.003046048166931728
matmult_imp_stage2_s16_pt8_sth8_l1d_ddr4_1x,matmult,imp,s16_pt8_sth8,l1d,ddr4_1x,0.001213,1213133319.0,7397876.0,3643043.0,2.030688,1151284.0,2138917.0,5454.0,1083072.0,33484.0,3377.0,4745.0,,,,0.001242,sdist16,0.001208,1.0281456953642385,1.0239076669414673,0.9958779884583677,0.538255575134519,0.00503567629852863,33484.0,3377.0,4745.0,0.10085413929040736,0.14170947318122087,0.0029332467054176033
matmult_imp_stage2_s16_pt8_sth8_l1d_ddr4_2x,matmult,imp,s16_pt8_sth8,l1d,ddr4_2x,0.001222,1221884559.0,7397871.0,3669323.0,2.016143,1150390.0,2139297.0,5372.0,1081761.0,32427.0,3486.0,4004.0,,,,0.001261,sdist16,0.001223,1.0310711365494685,1.0319148936170213,1.0008183306055647,0.5377420713439975,0.004965976773058004,32427.0,3486.0,4004.0,0.10750300675363124,0.12347734912264471,0.003030276688775111
matmult_imp_stage2_s16_pt8_sth8_l2_ddr4_1x,matmult,imp,s16_pt8_sth8,l2,ddr4_1x,0.001226,1226207565.0,7397871.0,3682305.0,2.009035,1158140.0,2138534.0,1939.0,1077241.0,,,,6604.0,3476.0,20.0,0.001238,sdist16,0.001225,1.010612244897959,1.0097879282218596,0.999184339314845,0.5415579083615224,0.001799968623548491,6604.0,3476.0,20.0,0.5263476680799516,0.0030284675953967293,0.0030013642564802184
matmult_imp_stage2_s16_pt8_sth8_l2_ddr4_2x,matmult,imp,s16_pt8_sth8,l2,ddr4_2x,0.001215,1214545239.0,7397871.0,3647283.0,2.028326,1159146.0,2139140.0,1911.0,1078366.0,,,,6173.0,3505.0,12.0,0.00123,sdist16,0.001214,1.013179571663921,1.0123456790123457,0.9991769547325103,0.5418747721046776,0.0017721256048503012,6173.0,3505.0,12.0,0.5677952373238295,0.00194394945731411,0.003023777850244922
matmult_imp_stage2_s16_sth2_l1d_ddr4_1x,matmult,imp,s16_sth2,l1d,ddr4_1x,0.001212,1212489963.0,7397871.0,3641111.0,2.031764,1146579.0,2138559.0,5476.0,1081616.0,31746.0,3611.0,4317.0,,,,0.001242,sdist16,0.001208,1.0281456953642385,1.0247524752475248,0.9966996699669968,0.5361456008461772,0.005062794929069097,31746.0,3611.0,4317.0,0.11374661374661375,0.13598563598563598,0.0031493686871990503
matmult_imp_stage2_s16_sth2_l1d_ddr4_2x,matmult,imp,s16_sth2,l1d,ddr4_2x,0.001221,1221087690.0,7397876.0,3666930.0,2.01746,1150477.0,2139319.0,5380.0,1082013.0,30522.0,3567.0,4212.0,,,,0.001261,sdist16,0.001223,1.0310711365494685,1.0327600327600326,1.0016380016380015,0.5377772085415966,0.004972213827375457,30522.0,3567.0,4212.0,0.11686652250835462,0.13799882052290152,0.0031004531164030226
matmult_imp_stage2_s16_sth2_l2_ddr4_1x,matmult,imp,s16_sth2,l2,ddr4_1x,0.001226,1226037069.0,7397871.0,3681793.0,2.009314,1158574.0,2138832.0,1945.0,1078071.0,,,,6685.0,3487.0,20.0,0.001238,sdist16,0.001225,1.010612244897959,1.0097879282218596,0.999184339314845,0.5416853684627871,0.0018041483353137223,6685.0,3487.0,20.0,0.5216155572176514,0.0029917726252804786,0.00300973438036759
matmult_imp_stage2_s16_sth2_l2_ddr4_2x,matmult,imp,s16_sth2,l2,ddr4_2x,0.001216,1215700416.0,7397871.0,3650752.0,2.026399,1158301.0,2138328.0,1908.0,1077294.0,,,,6485.0,3502.0,10.0,0.00123,sdist16,0.001214,1.013179571663921,1.0115131578947367,0.9983552631578947,0.5416853728707663,0.0017711042668018201,6485.0,3502.0,10.0,0.5400154202004626,0.0015420200462606013,0.0030233937465304786
matmult_imp_stage2_s16_sth8_l1d_ddr4_1x,matmult,imp,s16_sth8,l1d,ddr4_1x,0.001213,1213133319.0,7397876.0,3643043.0,2.030688,1151284.0,2138917.0,5454.0,1083072.0,33484.0,3377.0,4745.0,,,,0.001242,sdist16,0.001208,1.0281456953642385,1.0239076669414673,0.9958779884583677,0.538255575134519,0.00503567629852863,33484.0,3377.0,4745.0,0.10085413929040736,0.14170947318122087,0.0029332467054176033
matmult_imp_stage2_s16_sth8_l1d_ddr4_2x,matmult,imp,s16_sth8,l1d,ddr4_2x,0.001222,1221884559.0,7397871.0,3669323.0,2.016143,1150390.0,2139297.0,5372.0,1081761.0,32427.0,3486.0,4004.0,,,,0.001261,sdist16,0.001223,1.0310711365494685,1.0319148936170213,1.0008183306055647,0.5377420713439975,0.004965976773058004,32427.0,3486.0,4004.0,0.10750300675363124,0.12347734912264471,0.003030276688775111
matmult_imp_stage2_s16_sth8_l2_ddr4_1x,matmult,imp,s16_sth8,l2,ddr4_1x,0.001226,1226207565.0,7397871.0,3682305.0,2.009035,1158140.0,2138534.0,1939.0,1077241.0,,,,6604.0,3476.0,20.0,0.001238,sdist16,0.001225,1.010612244897959,1.0097879282218596,0.999184339314845,0.5415579083615224,0.001799968623548491,6604.0,3476.0,20.0,0.5263476680799516,0.0030284675953967293,0.0030013642564802184
matmult_imp_stage2_s16_sth8_l2_ddr4_2x,matmult,imp,s16_sth8,l2,ddr4_2x,0.001215,1214545239.0,7397871.0,3647283.0,2.028326,1159146.0,2139140.0,1911.0,1078366.0,,,,6173.0,3505.0,12.0,0.00123,sdist16,0.001214,1.013179571663921,1.0123456790123457,0.9991769547325103,0.5418747721046776,0.0017721256048503012,6173.0,3505.0,12.0,0.5677952373238295,0.00194394945731411,0.003023777850244922
matmult_imp_stage2_s2_l1d_ddr4_1x,matmult,imp,s2,l1d,ddr4_1x,0.001279,1278912474.0,7397871.0,3840578.0,1.926241,1153849.0,2138224.0,5448.0,1084909.0,60567.0,4069.0,6792.0,,,,0.001242,sdist16,0.001208,1.0281456953642385,0.9710711493354184,0.9444878811571541,0.5396296178510764,0.005021619324754426,60567.0,4069.0,6792.0,0.06718179866924233,0.11214027440685521,0.0035264579680703454
matmult_imp_stage2_s2_l1d_ddr4_2x,matmult,imp,s2,l1d,ddr4_2x,0.001299,1298515185.0,7397871.0,3899445.0,1.897162,1156421.0,2139910.0,5341.0,1085073.0,63840.0,3662.0,6382.0,,,,0.001261,sdist16,0.001223,1.0310711365494685,0.9707467282525019,0.9414934565050037,0.5404063722306078,0.004922249470772935,63840.0,3662.0,6382.0,0.05736215538847118,0.099968671679198,0.003166666810789496
matmult_imp_stage2_s2_l2_ddr4_1x,matmult,imp,s2,l2,ddr4_1x,0.001255,1254525885.0,7397876.0,3767345.0,1.963687,1159420.0,2138816.0,3370.0,1077774.0,,,,4904.0,2051.0,3.0,0.001238,sdist16,0.001225,1.010612244897959,0.9864541832669322,0.9760956175298804,0.5420849666357461,0.0031268150836817367,4904.0,2051.0,3.0,0.4182300163132137,0.0006117455138662316,0.0017689879422469856
matmult_imp_stage2_s2_l2_ddr4_2x,matmult,imp,s2,l2,ddr4_2x,0.001247,1246891194.0,7397871.0,3744418.0,1.975709,1158925.0,2138670.0,3407.0,1077472.0,,,,4981.0,1953.0,3.0,0.00123,sdist16,0.001214,1.013179571663921,0.9863672814755412,0.9735364875701684,0.5418905207442009,0.003162031124706721,4981.0,1953.0,3.0,0.3920899417787593,0.0006022886970487854,0.0016851823888517376
matmult_imp_stage2_s2_sth2_l1d_ddr4_1x,matmult,imp,s2_sth2,l1d,ddr4_1x,0.001277,1276781274.0,7397871.0,3834178.0,1.929457,1153979.0,2139072.0,5472.0,1084406.0,61696.0,4242.0,6149.0,,,,0.001242,sdist16,0.001208,1.0281456953642385,0.9725920125293658,0.9459671104150353,0.5394764645603327,0.005046080527035078,61696.0,4242.0,6149.0,0.06875648340248963,0.09966610477178424,0.0036759767725409215
matmult_imp_stage2_s2_sth2_l1d_ddr4_2x,matmult,imp,s2_sth2,l1d,ddr4_2x,0.001296,1296257445.0,7397871.0,3892665.0,1.900467,1155958.0,2139754.0,5343.0,1085459.0,64152.0,3592.0,6763.0,,,,0.001261,sdist16,0.001223,1.0310711365494685,0.9729938271604938,0.9436728395061728,0.5402293908552105,0.004922341608480836,64152.0,3592.0,6763.0,0.05599201895498192,0.10542149894001746,0.00310737933385123
matmult_imp_stage2_s2_sth2_l2_ddr4_1x,matmult,imp,s2_sth2,l2,ddr4_1x,0.001251,1251196218.0,7397876.0,3757346.0,1.968912,1159619.0,2139308.0,3402.0,1078491.0,,,,5038.0,2004.0,3.0,0.001238,sdist16,0.001225,1.010612244897959,0.9896083133493205,0.9792166266986411,0.542053318175784,0.0031544074081285797,5038.0,2004.0,3.0,0.3977768955934895,0.0005954743946010321,0.001728153816037854
matmult_imp_stage2_s2_sth2_l2_ddr4_2x,matmult,imp,s2_sth2,l2,ddr4_2x,0.001244,1244368386.0,7397871.0,3736842.0,1.979714,1157578.0,2139679.0,3370.0,1078011.0,,,,4949.0,2004.0,3.0,0.00123,sdist16,0.001214,1.013179571663921,0.9887459807073954,0.9758842443729903,0.541005449882903,0.0031261276554691926,4949.0,2004.0,3.0,0.4049302889472621,0.0006061830672863204,0.0017312008348465502
matmult_imp_stage2_s2_sth8_l1d_ddr4_1x,matmult,imp,s2_sth8,l1d,ddr4_1x,0.001273,1273126266.0,7397871.0,3823202.0,1.934996,1152901.0,2139077.0,5469.0,1085366.0,59042.0,3625.0,7203.0,,,,0.001242,sdist16,0.001208,1.0281456953642385,0.9756480754124116,0.9489395129615082,0.5389712478793424,0.005038853253188326,59042.0,3625.0,7203.0,0.06139697164730192,0.12199789980014226,0.00314424222027737
matmult_imp_stage2_s2_sth8_l1d_ddr4_2x,matmult,imp,s2_sth8,l1d,ddr4_2x,0.001283,1283142906.0,7397876.0,3853282.0,1.919892,1154531.0,2137814.0,5350.0,1084018.0,64569.0,3719.0,6783.0,,,,0.001261,sdist16,0.001223,1.0310711365494685,0.9828526890101325,0.9532346063912703,0.5400521280148788,0.004935342402063434,64569.0,3719.0,6783.0,0.05759729901345847,0.1050504111880314,0.0032212214310399635
matmult_imp_stage2_s2_sth8_l2_ddr4_1x,matmult,imp,s2_sth8,l2,ddr4_1x,0.001258,1258172235.0,7397876.0,3778295.0,1.957996,1158876.0,2139320.0,3531.0,1078165.0,,,,5187.0,1886.0,3.0,0.001238,sdist16,0.001225,1.010612244897959,0.9841017488076311,0.9737678855325914,0.541702971037526,0.0032750089272050196,5187.0,1886.0,3.0,0.36360131096973203,0.000578368999421631,0.0016274390012391317
matmult_imp_stage2_s2_sth8_l2_ddr4_2x,matmult,imp,s2_sth8,l2,ddr4_2x,0.001248,1248375375.0,7397871.0,3748875.0,1.97336,1160146.0,2139733.0,3361.0,1078396.0,,,,4881.0,2016.0,3.0,0.00123,sdist16,0.001214,1.013179571663921,0.9855769230769231,0.9727564102564102,0.5421919463783565,0.003116665863003943,4881.0,2016.0,3.0,0.4130301167793485,0.0006146281499692685,0.0017377123224145926
matmult_imp_stage2_s8_dist32_addr8_l1d_ddr4_1x,matmult,imp,s8_dist32_addr8,l1d,ddr4_1x,0.001221,1220512599.0,7397871.0,3665203.0,2.018409,1149933.0,2138251.0,5466.0,1082484.0,36362.0,3741.0,5124.0,,,,0.001242,sdist16,0.001208,1.0281456953642385,1.017199017199017,0.9893529893529893,0.5377914005418447,0.0050494972673961,36362.0,3741.0,5124.0,0.10288212969583631,0.1409163412353556,0.0032532330144451893
matmult_imp_stage2_s8_dist32_addr8_l1d_ddr4_2x,matmult,imp,s8_dist32_addr8,l1d,ddr4_2x,0.001228,1227824280.0,7397876.0,3687160.0,2.006391,1151258.0,2140070.0,5363.0,1084311.0,37537.0,4166.0,5903.0,,,,0.001261,sdist16,0.001223,1.0310711365494685,1.0268729641693812,0.995928338762215,0.537953431429813,0.00494599796552834,37537.0,4166.0,5903.0,0.1109838292884354,0.15725817193702213,0.003618650206990961
matmult_imp_stage2_s8_dist32_addr8_l2_ddr4_1x,matmult,imp,s8_dist32_addr8,l2,ddr4_1x,0.001239,1238710716.0,7397871.0,3719852.0,1.988757,1159070.0,2139187.0,2213.0,1078265.0,,,,6188.0,3186.0,13.0,0.001238,sdist16,0.001225,1.010612244897959,0.9991928974979821,0.9887005649717513,0.5418273390778833,0.002052371170352372,6188.0,3186.0,13.0,0.5148674854557207,0.0021008403361344537,0.0027487554677456927
matmult_imp_stage2_s8_dist32_addr8_l2_ddr4_2x,matmult,imp,s8_dist32_addr8,l2,ddr4_2x,0.001222,1222109667.0,7397871.0,3669999.0,2.015772,1157799.0,2138385.0,2222.0,1077359.0,,,,6699.0,3173.0,9.0,0.00123,sdist16,0.001214,1.013179571663921,1.006546644844517,0.9934533551554828,0.5414361773020293,0.0020624508636396966,6699.0,3173.0,9.0,0.47365278399761157,0.0013434841021047917,0.002740544775042991
matmult_imp_stage2_s8_dist8_addr8_l1d_ddr4_1x,matmult,imp,s8_dist8_addr8,l1d,ddr4_1x,0.001221,1220512599.0,7397871.0,3665203.0,2.018409,1149933.0,2138251.0,5466.0,1082484.0,36362.0,3741.0,5124.0,,,,0.001242,sdist16,0.001208,1.0281456953642385,1.017199017199017,0.9893529893529893,0.5377914005418447,0.0050494972673961,36362.0,3741.0,5124.0,0.10288212969583631,0.1409163412353556,0.0032532330144451893
matmult_imp_stage2_s8_dist8_addr8_l1d_ddr4_2x,matmult,imp,s8_dist8_addr8,l1d,ddr4_2x,0.001228,1227824280.0,7397876.0,3687160.0,2.006391,1151258.0,2140070.0,5363.0,1084311.0,37537.0,4166.0,5903.0,,,,0.001261,sdist16,0.001223,1.0310711365494685,1.0268729641693812,0.995928338762215,0.537953431429813,0.00494599796552834,37537.0,4166.0,5903.0,0.1109838292884354,0.15725817193702213,0.003618650206990961
matmult_imp_stage2_s8_dist8_addr8_l2_ddr4_1x,matmult,imp,s8_dist8_addr8,l2,ddr4_1x,0.001239,1238710716.0,7397871.0,3719852.0,1.988757,1159070.0,2139187.0,2213.0,1078265.0,,,,6188.0,3186.0,13.0,0.001238,sdist16,0.001225,1.010612244897959,0.9991928974979821,0.9887005649717513,0.5418273390778833,0.002052371170352372,6188.0,3186.0,13.0,0.5148674854557207,0.0021008403361344537,0.0027487554677456927
matmult_imp_stage2_s8_dist8_addr8_l2_ddr4_2x,matmult,imp,s8_dist8_addr8,l2,ddr4_2x,0.001222,1222109667.0,7397871.0,3669999.0,2.015772,1157799.0,2138385.0,2222.0,1077359.0,,,,6699.0,3173.0,9.0,0.00123,sdist16,0.001214,1.013179571663921,1.006546644844517,0.9934533551554828,0.5414361773020293,0.0020624508636396966,6699.0,3173.0,9.0,0.47365278399761157,0.0013434841021047917,0.002740544775042991
matmult_imp_stage2_s8_ipd16_addr16_l1d_ddr4_1x,matmult,imp,s8_ipd16_addr16,l1d,ddr4_1x,0.001221,1220512599.0,7397871.0,3665203.0,2.018409,1149933.0,2138251.0,5466.0,1082484.0,36362.0,3741.0,5124.0,,,,0.001242,sdist16,0.001208,1.0281456953642385,1.017199017199017,0.9893529893529893,0.5377914005418447,0.0050494972673961,36362.0,3741.0,5124.0,0.10288212969583631,0.1409163412353556,0.0032532330144451893
matmult_imp_stage2_s8_ipd16_addr16_l1d_ddr4_2x,matmult,imp,s8_ipd16_addr16,l1d,ddr4_2x,0.001228,1227824280.0,7397876.0,3687160.0,2.006391,1151258.0,2140070.0,5363.0,1084311.0,37537.0,4166.0,5903.0,,,,0.001261,sdist16,0.001223,1.0310711365494685,1.0268729641693812,0.995928338762215,0.537953431429813,0.00494599796552834,37537.0,4166.0,5903.0,0.1109838292884354,0.15725817193702213,0.003618650206990961
matmult_imp_stage2_s8_ipd16_addr16_l2_ddr4_1x,matmult,imp,s8_ipd16_addr16,l2,ddr4_1x,0.001239,1238710716.0,7397871.0,3719852.0,1.988757,1159070.0,2139187.0,2213.0,1078265.0,,,,6188.0,3186.0,13.0,0.001238,sdist16,0.001225,1.010612244897959,0.9991928974979821,0.9887005649717513,0.5418273390778833,0.002052371170352372,6188.0,3186.0,13.0,0.5148674854557207,0.0021008403361344537,0.0027487554677456927
matmult_imp_stage2_s8_ipd16_addr16_l2_ddr4_2x,matmult,imp,s8_ipd16_addr16,l2,ddr4_2x,0.001222,1222109667.0,7397871.0,3669999.0,2.015772,1157799.0,2138385.0,2222.0,1077359.0,,,,6699.0,3173.0,9.0,0.00123,sdist16,0.001214,1.013179571663921,1.006546644844517,0.9934533551554828,0.5414361773020293,0.0020624508636396966,6699.0,3173.0,9.0,0.47365278399761157,0.0013434841021047917,0.002740544775042991
matmult_imp_stage2_s8_ipd16_pt32_l1d_ddr4_1x,matmult,imp,s8_ipd16_pt32,l1d,ddr4_1x,0.001221,1220512599.0,7397871.0,3665203.0,2.018409,1149933.0,2138251.0,5466.0,1082484.0,36362.0,3741.0,5124.0,,,,0.001242,sdist16,0.001208,1.0281456953642385,1.017199017199017,0.9893529893529893,0.5377914005418447,0.0050494972673961,36362.0,3741.0,5124.0,0.10288212969583631,0.1409163412353556,0.0032532330144451893
matmult_imp_stage2_s8_ipd16_pt32_l1d_ddr4_2x,matmult,imp,s8_ipd16_pt32,l1d,ddr4_2x,0.001228,1227824280.0,7397876.0,3687160.0,2.006391,1151258.0,2140070.0,5363.0,1084311.0,37537.0,4166.0,5903.0,,,,0.001261,sdist16,0.001223,1.0310711365494685,1.0268729641693812,0.995928338762215,0.537953431429813,0.00494599796552834,37537.0,4166.0,5903.0,0.1109838292884354,0.15725817193702213,0.003618650206990961
matmult_imp_stage2_s8_ipd16_pt32_l2_ddr4_1x,matmult,imp,s8_ipd16_pt32,l2,ddr4_1x,0.001239,1238710716.0,7397871.0,3719852.0,1.988757,1159070.0,2139187.0,2213.0,1078265.0,,,,6188.0,3186.0,13.0,0.001238,sdist16,0.001225,1.010612244897959,0.9991928974979821,0.9887005649717513,0.5418273390778833,0.002052371170352372,6188.0,3186.0,13.0,0.5148674854557207,0.0021008403361344537,0.0027487554677456927
matmult_imp_stage2_s8_ipd16_pt32_l2_ddr4_2x,matmult,imp,s8_ipd16_pt32,l2,ddr4_2x,0.001222,1222109667.0,7397871.0,3669999.0,2.015772,1157799.0,2138385.0,2222.0,1077359.0,,,,6699.0,3173.0,9.0,0.00123,sdist16,0.001214,1.013179571663921,1.006546644844517,0.9934533551554828,0.5414361773020293,0.0020624508636396966,6699.0,3173.0,9.0,0.47365278399761157,0.0013434841021047917,0.002740544775042991
matmult_imp_stage2_s8_ipd8_addr8_l1d_ddr4_1x,matmult,imp,s8_ipd8_addr8,l1d,ddr4_1x,0.001221,1220512599.0,7397871.0,3665203.0,2.018409,1149933.0,2138251.0,5466.0,1082484.0,36362.0,3741.0,5124.0,,,,0.001242,sdist16,0.001208,1.0281456953642385,1.017199017199017,0.9893529893529893,0.5377914005418447,0.0050494972673961,36362.0,3741.0,5124.0,0.10288212969583631,0.1409163412353556,0.0032532330144451893
matmult_imp_stage2_s8_ipd8_addr8_l1d_ddr4_2x,matmult,imp,s8_ipd8_addr8,l1d,ddr4_2x,0.001228,1227824280.0,7397876.0,3687160.0,2.006391,1151258.0,2140070.0,5363.0,1084311.0,37537.0,4166.0,5903.0,,,,0.001261,sdist16,0.001223,1.0310711365494685,1.0268729641693812,0.995928338762215,0.537953431429813,0.00494599796552834,37537.0,4166.0,5903.0,0.1109838292884354,0.15725817193702213,0.003618650206990961
matmult_imp_stage2_s8_ipd8_addr8_l2_ddr4_1x,matmult,imp,s8_ipd8_addr8,l2,ddr4_1x,0.001239,1238710716.0,7397871.0,3719852.0,1.988757,1159070.0,2139187.0,2213.0,1078265.0,,,,6188.0,3186.0,13.0,0.001238,sdist16,0.001225,1.010612244897959,0.9991928974979821,0.9887005649717513,0.5418273390778833,0.002052371170352372,6188.0,3186.0,13.0,0.5148674854557207,0.0021008403361344537,0.0027487554677456927
matmult_imp_stage2_s8_ipd8_addr8_l2_ddr4_2x,matmult,imp,s8_ipd8_addr8,l2,ddr4_2x,0.001222,1222109667.0,7397871.0,3669999.0,2.015772,1157799.0,2138385.0,2222.0,1077359.0,,,,6699.0,3173.0,9.0,0.00123,sdist16,0.001214,1.013179571663921,1.006546644844517,0.9934533551554828,0.5414361773020293,0.0020624508636396966,6699.0,3173.0,9.0,0.47365278399761157,0.0013434841021047917,0.002740544775042991
matmult_imp_stage2_s8_l1d_ddr4_1x,matmult,imp,s8,l1d,ddr4_1x,0.001221,1220512599.0,7397871.0,3665203.0,2.018409,1149933.0,2138251.0,5466.0,1082484.0,36362.0,3741.0,5124.0,,,,0.001242,sdist16,0.001208,1.0281456953642385,1.017199017199017,0.9893529893529893,0.5377914005418447,0.0050494972673961,36362.0,3741.0,5124.0,0.10288212969583631,0.1409163412353556,0.0032532330144451893
matmult_imp_stage2_s8_l1d_ddr4_2x,matmult,imp,s8,l1d,ddr4_2x,0.001228,1227824280.0,7397876.0,3687160.0,2.006391,1151258.0,2140070.0,5363.0,1084311.0,37537.0,4166.0,5903.0,,,,0.001261,sdist16,0.001223,1.0310711365494685,1.0268729641693812,0.995928338762215,0.537953431429813,0.00494599796552834,37537.0,4166.0,5903.0,0.1109838292884354,0.15725817193702213,0.003618650206990961
matmult_imp_stage2_s8_l2_ddr4_1x,matmult,imp,s8,l2,ddr4_1x,0.001239,1238710716.0,7397871.0,3719852.0,1.988757,1159070.0,2139187.0,2213.0,1078265.0,,,,6188.0,3186.0,13.0,0.001238,sdist16,0.001225,1.010612244897959,0.9991928974979821,0.9887005649717513,0.5418273390778833,0.002052371170352372,6188.0,3186.0,13.0,0.5148674854557207,0.0021008403361344537,0.0027487554677456927
matmult_imp_stage2_s8_l2_ddr4_2x,matmult,imp,s8,l2,ddr4_2x,0.001222,1222109667.0,7397871.0,3669999.0,2.015772,1157799.0,2138385.0,2222.0,1077359.0,,,,6699.0,3173.0,9.0,0.00123,sdist16,0.001214,1.013179571663921,1.006546644844517,0.9934533551554828,0.5414361773020293,0.0020624508636396966,6699.0,3173.0,9.0,0.47365278399761157,0.0013434841021047917,0.002740544775042991
matmult_imp_stage2_s8_pt8_sth2_l1d_ddr4_1x,matmult,imp,s8_pt8_sth2,l1d,ddr4_1x,0.00122,1220086026.0,7397871.0,3663922.0,2.019115,1151248.0,2138774.0,5474.0,1084645.0,38881.0,4221.0,6588.0,,,,0.001242,sdist16,0.001208,1.0281456953642385,1.018032786885246,0.9901639344262296,0.538274731224524,0.005046812551572174,38881.0,4221.0,6588.0,0.10856202258172372,0.16944008641753042,0.0036664558809222686
matmult_imp_stage2_s8_pt8_sth2_l1d_ddr4_2x,matmult,imp,s8_pt8_sth2,l1d,ddr4_2x,0.001233,1233064035.0,7397876.0,3702895.0,1.997865,1150573.0,2139931.0,5366.0,1084487.0,39085.0,4067.0,6154.0,,,,0.001261,sdist16,0.001223,1.0310711365494685,1.0227088402270885,0.991889699918897,0.5376682706124637,0.0049479615707703276,39085.0,4067.0,6154.0,0.10405526416783932,0.1574517078162978,0.0035347605062868675
matmult_imp_stage2_s8_pt8_sth2_l2_ddr4_1x,matmult,imp,s8_pt8_sth2,l2,ddr4_1x,0.001234,1233896868.0,7397871.0,3705396.0,1.996515,1158259.0,2138628.0,2228.0,1077683.0,,,,6624.0,3161.0,14.0,0.001238,sdist16,0.001225,1.010612244897959,1.0032414910858993,0.992706645056726,0.5415897481937018,0.002067398298015279,6624.0,3161.0,14.0,0.4772041062801932,0.002113526570048309,0.002729095996663959
matmult_imp_stage2_s8_pt8_sth2_l2_ddr4_2x,matmult,imp,s8_pt8_sth2,l2,ddr4_2x,0.001222,1222260849.0,7397876.0,3670453.0,2.015524,1160395.0,2139416.0,2175.0,1078284.0,,,,6087.0,3203.0,14.0,0.00123,sdist16,0.001214,1.013179571663921,1.006546644844517,0.9934533551554828,0.5423886705530855,0.0020170938268582305,6087.0,3203.0,14.0,0.526203384261541,0.0022999835715459176,0.0027602669780548866
matmult_imp_stage2_s8_pt8_sth8_l1d_ddr4_1x,matmult,imp,s8_pt8_sth8,l1d,ddr4_1x,0.001221,1221203907.0,7397871.0,3667279.0,2.017267,1148949.0,2137730.0,5458.0,1082773.0,36599.0,4235.0,5421.0,,,,0.001242,sdist16,0.001208,1.0281456953642385,1.017199017199017,0.9893529893529893,0.5374621678135219,0.0050407610828862555,36599.0,4235.0,5421.0,0.11571354408590398,0.14811880106013825,0.003685977358438016
matmult_imp_stage2_s8_pt8_sth8_l1d_ddr4_2x,matmult,imp,s8_pt8_sth8,l1d,ddr4_2x,0.001229,1228864239.0,7397871.0,3690283.0,2.004692,1150474.0,2138832.0,5360.0,1083826.0,37152.0,3983.0,6123.0,,,,0.001261,sdist16,0.001223,1.0310711365494685,1.0260374288039056,0.9951179820992676,0.537898254748386,0.004945443272259569,37152.0,3983.0,6123.0,0.107208225667528,0.1648094315245478,0.003462051293640708
matmult_imp_stage2_s8_pt8_sth8_l2_ddr4_1x,matmult,imp,s8_pt8_sth8,l2,ddr4_1x,0.001252,1251531549.0,7397876.0,3758353.0,1.968385,1159156.0,2139141.0,2196.0,1078284.0,,,,5948.0,3189.0,12.0,0.001238,sdist16,0.001225,1.010612244897959,0.9888178913738018,0.9784345047923322,0.5418791935641456,0.0020365692155313443,5948.0,3189.0,12.0,0.5361466039004708,0.0020174848688634837,0.002751139622276898
matmult_imp_stage2_s8_pt8_sth8_l2_ddr4_2x,matmult,imp,s8_pt8_sth8,l2,ddr4_2x,0.001229,1229334435.0,7397871.0,3691695.0,2.003925,1159033.0,2138698.0,2188.0,1077652.0,,,,6131.0,3198.0,4.0,0.00123,sdist16,0.001214,1.013179571663921,1.000813669650122,0.9877949552481692,0.5419339242847752,0.002030340035558789,6131.0,3198.0,4.0,0.5216114826292612,0.0006524221171097701,0.0027591966751593787
matmult_imp_stage2_s8_sth2_l1d_ddr4_1x,matmult,imp,s8_sth2,l1d,ddr4_1x,0.00122,1220086026.0,7397871.0,3663922.0,2.019115,1151248.0,2138774.0,5474.0,1084645.0,38881.0,4221.0,6588.0,,,,0.001242,sdist16,0.001208,1.0281456953642385,1.018032786885246,0.9901639344262296,0.538274731224524,0.005046812551572174,38881.0,4221.0,6588.0,0.10856202258172372,0.16944008641753042,0.0036664558809222686
matmult_imp_stage2_s8_sth2_l1d_ddr4_2x,matmult,imp,s8_sth2,l1d,ddr4_2x,0.001233,1233064035.0,7397876.0,3702895.0,1.997865,1150573.0,2139931.0,5366.0,1084487.0,39085.0,4067.0,6154.0,,,,0.001261,sdist16,0.001223,1.0310711365494685,1.0227088402270885,0.991889699918897,0.5376682706124637,0.0049479615707703276,39085.0,4067.0,6154.0,0.10405526416783932,0.1574517078162978,0.0035347605062868675
matmult_imp_stage2_s8_sth2_l2_ddr4_1x,matmult,imp,s8_sth2,l2,ddr4_1x,0.001232,1231501932.0,7397871.0,3698204.0,2.000398,1157853.0,2137540.0,2230.0,1076640.0,,,,6407.0,3181.0,15.0,0.001238,sdist16,0.001225,1.010612244897959,1.00487012987013,0.9943181818181818,0.5416754774179664,0.002071258730866399,6407.0,3181.0,15.0,0.496488216013735,0.0023411893241766816,0.0027473263013525896
matmult_imp_stage2_s8_sth2_l2_ddr4_2x,matmult,imp,s8_sth2,l2,ddr4_2x,0.001222,1222260849.0,7397876.0,3670453.0,2.015524,1160395.0,2139416.0,2175.0,1078284.0,,,,6087.0,3203.0,14.0,0.00123,sdist16,0.001214,1.013179571663921,1.006546644844517,0.9934533551554828,0.5423886705530855,0.0020170938268582305,6087.0,3203.0,14.0,0.526203384261541,0.0022999835715459176,0.0027602669780548866
matmult_imp_stage2_s8_sth8_l1d_ddr4_1x,matmult,imp,s8_sth8,l1d,ddr4_1x,0.001221,1221203907.0,7397871.0,3667279.0,2.017267,1148949.0,2137730.0,5458.0,1082773.0,36599.0,4235.0,5421.0,,,,0.001242,sdist16,0.001208,1.0281456953642385,1.017199017199017,0.9893529893529893,0.5374621678135219,0.0050407610828862555,36599.0,4235.0,5421.0,0.11571354408590398,0.14811880106013825,0.003685977358438016
matmult_imp_stage2_s8_sth8_l1d_ddr4_2x,matmult,imp,s8_sth8,l1d,ddr4_2x,0.001229,1228864239.0,7397871.0,3690283.0,2.004692,1150474.0,2138832.0,5360.0,1083826.0,37152.0,3983.0,6123.0,,,,0.001261,sdist16,0.001223,1.0310711365494685,1.0260374288039056,0.9951179820992676,0.537898254748386,0.004945443272259569,37152.0,3983.0,6123.0,0.107208225667528,0.1648094315245478,0.003462051293640708
matmult_imp_stage2_s8_sth8_l2_ddr4_1x,matmult,imp,s8_sth8,l2,ddr4_1x,0.001252,1251531549.0,7397876.0,3758353.0,1.968385,1159156.0,2139141.0,2196.0,1078284.0,,,,5948.0,3189.0,12.0,0.001238,sdist16,0.001225,1.010612244897959,0.9888178913738018,0.9784345047923322,0.5418791935641456,0.0020365692155313443,5948.0,3189.0,12.0,0.5361466039004708,0.0020174848688634837,0.002751139622276898
matmult_imp_stage2_s8_sth8_l2_ddr4_2x,matmult,imp,s8_sth8,l2,ddr4_2x,0.001229,1229334435.0,7397871.0,3691695.0,2.003925,1159033.0,2138698.0,2188.0,1077652.0,,,,6131.0,3198.0,4.0,0.00123,sdist16,0.001214,1.013179571663921,1.000813669650122,0.9877949552481692,0.5419339242847752,0.002030340035558789,6131.0,3198.0,4.0,0.5216114826292612,0.0006524221171097701,0.0027591966751593787
merge_imp_stage2_aggr_s16_sth2_d32_ipd16_addr16_l1d_ddr4_1x,merge,imp,aggr_s16_sth2_d32_ipd16_addr16,l1d,ddr4_1x,0.01004,10039850100.0,37919552.0,30149700.0,1.25771,775213.0,10970799.0,73558.0,211999.0,214948.0,75417.0,5703.0,,,,0.010348,sdist16,0.010037,1.0309853541894989,1.0306772908366533,0.9997011952191236,0.07066148965084494,0.346973334779881,214948.0,75417.0,5703.0,0.3508616037367177,0.026531998436831232,0.09728552023766371
merge_imp_stage2_aggr_s16_sth2_d32_ipd16_addr16_l1d_ddr4_2x,merge,imp,aggr_s16_sth2_d32_ipd16_addr16,l1d,ddr4_2x,0.009993,9993063600.0,37918834.0,30009200.0,1.263575,768582.0,10970392.0,73579.0,211892.0,214107.0,75861.0,5650.0,,,,0.010338,sdist16,0.009995,1.0343171585792896,1.0345241669168417,1.0002001400980687,0.07005966605386571,0.3472476544654824,214107.0,75861.0,5650.0,0.354313497456879,0.02638867482146777,0.0987025457270662
merge_imp_stage2_aggr_s16_sth2_d32_ipd16_addr16_l2_ddr4_1x,merge,imp,aggr_s16_sth2_d32_ipd16_addr16,l2,ddr4_1x,0.010354,10353733569.0,37919514.0,31092293.0,1.219581,865508.0,11117458.0,19237.0,201371.0,,,,99954.0,52928.0,324.0,0.010657,sdist16,0.010353,1.0293634695257414,1.0292640525400811,0.9999034189685145,0.07785124980908406,0.09553014088423854,99954.0,52928.0,324.0,0.5295235808471898,0.0032414910858995136,0.06115252545325982
merge_imp_stage2_aggr_s16_sth2_d32_ipd16_addr16_l2_ddr4_2x,merge,imp,aggr_s16_sth2_d32_ipd16_addr16,l2,ddr4_2x,0.010224,10223971461.0,37919511.0,30702617.0,1.235059,866074.0,11117249.0,15807.0,201423.0,,,,99038.0,56412.0,322.0,0.010555,sdist16,0.010224,1.0323748043818466,1.0323748043818466,1.0,0.07790362525837102,0.07847663871553893,99038.0,56412.0,322.0,0.5695995476483774,0.003251277287505806,0.06513531176319806
merge_imp_stage2_aggr_s16_sth2_d32_ipd16_l1d_ddr4_1x,merge,imp,aggr_s16_sth2_d32_ipd16,l1d,ddr4_1x,0.01004,10039850100.0,37919552.0,30149700.0,1.25771,775213.0,10970799.0,73558.0,211999.0,214948.0,75417.0,5703.0,,,,0.010348,sdist16,0.010037,1.0309853541894989,1.0306772908366533,0.9997011952191236,0.07066148965084494,0.346973334779881,214948.0,75417.0,5703.0,0.3508616037367177,0.026531998436831232,0.09728552023766371
merge_imp_stage2_aggr_s16_sth2_d32_ipd16_l1d_ddr4_2x,merge,imp,aggr_s16_sth2_d32_ipd16,l1d,ddr4_2x,0.009993,9993063600.0,37918834.0,30009200.0,1.263575,768582.0,10970392.0,73579.0,211892.0,214107.0,75861.0,5650.0,,,,0.010338,sdist16,0.009995,1.0343171585792896,1.0345241669168417,1.0002001400980687,0.07005966605386571,0.3472476544654824,214107.0,75861.0,5650.0,0.354313497456879,0.02638867482146777,0.0987025457270662
merge_imp_stage2_aggr_s16_sth2_d32_ipd16_l2_ddr4_1x,merge,imp,aggr_s16_sth2_d32_ipd16,l2,ddr4_1x,0.010354,10353733569.0,37919514.0,31092293.0,1.219581,865508.0,11117458.0,19237.0,201371.0,,,,99954.0,52928.0,324.0,0.010657,sdist16,0.010353,1.0293634695257414,1.0292640525400811,0.9999034189685145,0.07785124980908406,0.09553014088423854,99954.0,52928.0,324.0,0.5295235808471898,0.0032414910858995136,0.06115252545325982
merge_imp_stage2_aggr_s16_sth2_d32_ipd16_l2_ddr4_2x,merge,imp,aggr_s16_sth2_d32_ipd16,l2,ddr4_2x,0.010224,10223971461.0,37919511.0,30702617.0,1.235059,866074.0,11117249.0,15807.0,201423.0,,,,99038.0,56412.0,322.0,0.010555,sdist16,0.010224,1.0323748043818466,1.0323748043818466,1.0,0.07790362525837102,0.07847663871553893,99038.0,56412.0,322.0,0.5695995476483774,0.003251277287505806,0.06513531176319806
merge_imp_stage2_cons_s2_sth8_pt8_l1d_ddr4_1x,merge,imp,cons_s2_sth8_pt8,l1d,ddr4_1x,0.010622,10622019015.0,37919536.0,31897955.0,1.188778,915134.0,11059292.0,72278.0,203464.0,281107.0,37855.0,715.0,,,,0.010348,sdist16,0.010037,1.0309853541894989,0.9742044812652985,0.9449256260591227,0.08274797337840434,0.35523729013486416,281107.0,37855.0,715.0,0.13466402473079644,0.0025435154585264686,0.041365526797168505
merge_imp_stage2_cons_s2_sth8_pt8_l1d_ddr4_2x,merge,imp,cons_s2_sth8_pt8,l1d,ddr4_2x,0.010641,10641042306.0,37919508.0,31955082.0,1.186652,912824.0,11056537.0,72288.0,203460.0,275068.0,37737.0,712.0,,,,0.010338,sdist16,0.009995,1.0343171585792896,0.9715252325909219,0.9392914199793253,0.08255966583388633,0.35529342376879974,275068.0,37737.0,712.0,0.1371915308214696,0.0025884508557883867,0.04134093757394635
merge_imp_stage2_cons_s2_sth8_pt8_l2_ddr4_1x,merge,imp,cons_s2_sth8_pt8,l2,ddr4_1x,0.010839,10838800350.0,37919517.0,32548950.0,1.165001,950954.0,11169157.0,44570.0,201548.0,,,,83183.0,27614.0,68.0,0.010657,sdist16,0.010353,1.0293634695257414,0.9832087830980718,0.9551619153058399,0.08514107197168058,0.2211383888701451,83183.0,27614.0,68.0,0.3319668682302874,0.0008174747244028227,0.029038207946966942
merge_imp_stage2_cons_s2_sth8_pt8_l2_ddr4_2x,merge,imp,cons_s2_sth8_pt8,l2,ddr4_2x,0.010781,10780750791.0,37919536.0,32374627.0,1.171275,945783.0,11165407.0,44452.0,201552.0,,,,82982.0,27739.0,64.0,0.010555,sdist16,0.010224,1.0323748043818466,0.9790371950653928,0.9483350338558575,0.08470654047810348,0.22054854330396126,82982.0,27739.0,64.0,0.3342773131522499,0.0007712515967318213,0.029329137867777282
merge_imp_stage2_cons_s8_sth8_pt8_ipd8_l1d_ddr4_1x,merge,imp,cons_s8_sth8_pt8_ipd8,l1d,ddr4_1x,0.010168,10168030458.0,37919548.0,30534626.0,1.241855,803261.0,10989565.0,72884.0,207671.0,234311.0,65695.0,3200.0,,,,0.010348,sdist16,0.010037,1.0309853541894989,1.0177025963808024,0.9871164437450827,0.07309306601307695,0.350958968753461,234311.0,65695.0,3200.0,0.2803752277955367,0.013657062621899953,0.08178537237585293
merge_imp_stage2_cons_s8_sth8_pt8_ipd8_l1d_ddr4_2x,merge,imp,cons_s8_sth8_pt8_ipd8,l1d,ddr4_2x,0.010146,10145771406.0,37919511.0,30467782.0,1.244579,788448.0,10989158.0,72897.0,207609.0,212815.0,68566.0,3159.0,,,,0.010338,sdist16,0.009995,1.0343171585792896,1.018923713778829,0.985117287601025,0.07174780815782246,0.35112639625449765,212815.0,68566.0,3159.0,0.3221859361417193,0.014843878486008976,0.08696324932018346
merge_imp_stage2_cons_s8_sth8_pt8_ipd8_l2_ddr4_1x,merge,imp,cons_s8_sth8_pt8_ipd8,l2,ddr4_1x,0.010496,10495840986.0,37919517.0,31519042.0,1.203068,889889.0,11128443.0,23059.0,201539.0,,,,114516.0,49250.0,205.0,0.010657,sdist16,0.010353,1.0293634695257414,1.0153391768292683,0.9863757621951219,0.07996527456716092,0.11441457980837456,114516.0,49250.0,205.0,0.43007090712214885,0.0017901428621328024,0.05534398110326119
merge_imp_stage2_cons_s8_sth8_pt8_ipd8_l2_ddr4_2x,merge,imp,cons_s8_sth8_pt8_ipd8,l2,ddr4_2x,0.010388,10387933002.0,37919573.0,31194994.0,1.215567,887563.0,11127546.0,21180.0,201522.0,,,,106994.0,51116.0,213.0,0.010555,sdist16,0.010224,1.0323748043818466,1.0160762418174818,0.9842125529457066,0.07976268981498706,0.10510018757257272,106994.0,51116.0,213.0,0.47774641568686094,0.001990765837336673,0.057591404779153706
merge_imp_stage2_default_l1d_ddr4_1x,merge,imp,default,l1d,ddr4_1x,0.010348,10347640668.0,37919492.0,31073996.0,1.220298,868812.0,11018157.0,72551.0,205645.0,277970.0,49805.0,1784.0,,,,0.010348,sdist16,0.010037,1.0309853541894989,1.0,0.9699458832624663,0.07885275187129753,0.35279729631160495,277970.0,49805.0,1784.0,0.17917401158398388,0.00641795877252941,0.05732540526604144
merge_imp_stage2_default_l1d_ddr4_2x,merge,imp,default,l1d,ddr4_2x,0.010338,10338121530.0,37919517.0,31045410.0,1.221422,864072.0,11016300.0,72578.0,205657.0,270250.0,50094.0,1786.0,,,,0.010338,sdist16,0.009995,1.0343171585792896,1.0,0.9668214354807507,0.07843577244628415,0.3529079972964694,270250.0,50094.0,1786.0,0.18536170212765957,0.006608695652173913,0.057974335472043996
merge_imp_stage2_default_l2_ddr4_1x,merge,imp,default,l2,ddr4_1x,0.010657,10656774558.0,37919539.0,32002326.0,1.184901,915009.0,11146230.0,30946.0,201508.0,,,,105059.0,41293.0,149.0,0.010657,sdist16,0.010353,1.0293634695257414,1.0,0.9714741484470301,0.08209134388936887,0.15357206661770254,105059.0,41293.0,149.0,0.39304581235305874,0.0014182506972272723,0.045128517861572945
merge_imp_stage2_default_l2_ddr4_2x,merge,imp,default,l2,ddr4_2x,0.010555,10555130637.0,37919539.0,31697089.0,1.196311,911119.0,11144438.0,30339.0,201512.0,,,,102852.0,41906.0,160.0,0.010555,sdist16,0.010224,1.0323748043818466,1.0,0.9686404547607769,0.0817554909453487,0.1505567906625908,102852.0,41906.0,160.0,0.4074398164352662,0.0015556333372224167,0.045993992003239975
merge_imp_stage2_s16_dist32_addr16_l1d_ddr4_1x,merge,imp,s16_dist32_addr16,l1d,ddr4_1x,0.010037,10037417868.0,37919489.0,30142396.0,1.258013,776026.0,10971648.0,73528.0,211815.0,217822.0,74992.0,5608.0,,,,0.010348,sdist16,0.010037,1.0309853541894989,1.0309853541894987,1.0,0.07073012185589622,0.3471331114415882,217822.0,74992.0,5608.0,0.34428111026434427,0.025745792436025747,0.0966359374557038
merge_imp_stage2_s16_dist32_addr16_l1d_ddr4_2x,merge,imp,s16_dist32_addr16,l1d,ddr4_2x,0.009995,9994958703.0,37918834.0,30014891.0,1.263335,767808.0,10970706.0,73495.0,211658.0,213024.0,76012.0,5513.0,,,,0.010338,sdist16,0.009995,1.0343171585792896,1.0343171585792896,1.0,0.06998710930727703,0.34723468992431183,213024.0,76012.0,5513.0,0.3568236442842121,0.02587971308397176,0.09899870801033592
merge_imp_stage2_s16_dist32_addr16_l2_ddr4_1x,merge,imp,s16_dist32_addr16,l2,ddr4_1x,0.010353,10353499137.0,37919539.0,31091589.0,1.219609,865516.0,11117479.0,19246.0,201370.0,,,,99914.0,52918.0,300.0,0.010657,sdist16,0.010353,1.0293634695257414,1.0293634695257414,1.0,0.07785182234209752,0.09557530913244276,99914.0,52918.0,300.0,0.5296354865184059,0.0030025822207098104,0.06114040641651916
merge_imp_stage2_s16_dist32_addr16_l2_ddr4_2x,merge,imp,s16_dist32_addr16,l2,ddr4_2x,0.010224,10223847585.0,37919467.0,30702245.0,1.235073,866082.0,11117254.0,15815.0,201421.0,,,,98998.0,56402.0,298.0,0.010555,sdist16,0.010224,1.0323748043818466,1.0323748043818466,1.0,0.07790430982327111,0.07851713575049275,98998.0,56402.0,298.0,0.5697286813875028,0.0030101618214509384,0.06512316385746385
merge_imp_stage2_s16_dist8_addr16_l1d_ddr4_1x,merge,imp,s16_dist8_addr16,l1d,ddr4_1x,0.010037,10037417868.0,37919489.0,30142396.0,1.258013,776026.0,10971648.0,73528.0,211815.0,217822.0,74992.0,5608.0,,,,0.010348,sdist16,0.010037,1.0309853541894989,1.0309853541894987,1.0,0.07073012185589622,0.3471331114415882,217822.0,74992.0,5608.0,0.34428111026434427,0.025745792436025747,0.0966359374557038
merge_imp_stage2_s16_dist8_addr16_l1d_ddr4_2x,merge,imp,s16_dist8_addr16,l1d,ddr4_2x,0.009995,9994958703.0,37918834.0,30014891.0,1.263335,767808.0,10970706.0,73495.0,211658.0,213024.0,76012.0,5513.0,,,,0.010338,sdist16,0.009995,1.0343171585792896,1.0343171585792896,1.0,0.06998710930727703,0.34723468992431183,213024.0,76012.0,5513.0,0.3568236442842121,0.02587971308397176,0.09899870801033592
merge_imp_stage2_s16_dist8_addr16_l2_ddr4_1x,merge,imp,s16_dist8_addr16,l2,ddr4_1x,0.010353,10353499137.0,37919539.0,31091589.0,1.219609,865516.0,11117479.0,19246.0,201370.0,,,,99914.0,52918.0,300.0,0.010657,sdist16,0.010353,1.0293634695257414,1.0293634695257414,1.0,0.07785182234209752,0.09557530913244276,99914.0,52918.0,300.0,0.5296354865184059,0.0030025822207098104,0.06114040641651916
merge_imp_stage2_s16_dist8_addr16_l2_ddr4_2x,merge,imp,s16_dist8_addr16,l2,ddr4_2x,0.010224,10223847585.0,37919467.0,30702245.0,1.235073,866082.0,11117254.0,15815.0,201421.0,,,,98998.0,56402.0,298.0,0.010555,sdist16,0.010224,1.0323748043818466,1.0323748043818466,1.0,0.07790430982327111,0.07851713575049275,98998.0,56402.0,298.0,0.5697286813875028,0.0030101618214509384,0.06512316385746385
merge_imp_stage2_s16_ipd16_addr16_l1d_ddr4_1x,merge,imp,s16_ipd16_addr16,l1d,ddr4_1x,0.010037,10037417868.0,37919489.0,30142396.0,1.258013,776026.0,10971648.0,73528.0,211815.0,217822.0,74992.0,5608.0,,,,0.010348,sdist16,0.010037,1.0309853541894989,1.0309853541894987,1.0,0.07073012185589622,0.3471331114415882,217822.0,74992.0,5608.0,0.34428111026434427,0.025745792436025747,0.0966359374557038
merge_imp_stage2_s16_ipd16_addr16_l1d_ddr4_2x,merge,imp,s16_ipd16_addr16,l1d,ddr4_2x,0.009995,9994958703.0,37918834.0,30014891.0,1.263335,767808.0,10970706.0,73495.0,211658.0,213024.0,76012.0,5513.0,,,,0.010338,sdist16,0.009995,1.0343171585792896,1.0343171585792896,1.0,0.06998710930727703,0.34723468992431183,213024.0,76012.0,5513.0,0.3568236442842121,0.02587971308397176,0.09899870801033592
merge_imp_stage2_s16_ipd16_addr16_l2_ddr4_1x,merge,imp,s16_ipd16_addr16,l2,ddr4_1x,0.010353,10353499137.0,37919539.0,31091589.0,1.219609,865516.0,11117479.0,19246.0,201370.0,,,,99914.0,52918.0,300.0,0.010657,sdist16,0.010353,1.0293634695257414,1.0293634695257414,1.0,0.07785182234209752,0.09557530913244276,99914.0,52918.0,300.0,0.5296354865184059,0.0030025822207098104,0.06114040641651916
merge_imp_stage2_s16_ipd16_addr16_l2_ddr4_2x,merge,imp,s16_ipd16_addr16,l2,ddr4_2x,0.010224,10223847585.0,37919467.0,30702245.0,1.235073,866082.0,11117254.0,15815.0,201421.0,,,,98998.0,56402.0,298.0,0.010555,sdist16,0.010224,1.0323748043818466,1.0323748043818466,1.0,0.07790430982327111,0.07851713575049275,98998.0,56402.0,298.0,0.5697286813875028,0.0030101618214509384,0.06512316385746385
merge_imp_stage2_s16_ipd16_pt32_l1d_ddr4_1x,merge,imp,s16_ipd16_pt32,l1d,ddr4_1x,0.010037,10037417868.0,37919489.0,30142396.0,1.258013,776026.0,10971648.0,73528.0,211815.0,217822.0,74992.0,5608.0,,,,0.010348,sdist16,0.010037,1.0309853541894989,1.0309853541894987,1.0,0.07073012185589622,0.3471331114415882,217822.0,74992.0,5608.0,0.34428111026434427,0.025745792436025747,0.0966359374557038
merge_imp_stage2_s16_ipd16_pt32_l1d_ddr4_2x,merge,imp,s16_ipd16_pt32,l1d,ddr4_2x,0.009995,9994958703.0,37918834.0,30014891.0,1.263335,767808.0,10970706.0,73495.0,211658.0,213024.0,76012.0,5513.0,,,,0.010338,sdist16,0.009995,1.0343171585792896,1.0343171585792896,1.0,0.06998710930727703,0.34723468992431183,213024.0,76012.0,5513.0,0.3568236442842121,0.02587971308397176,0.09899870801033592
merge_imp_stage2_s16_ipd16_pt32_l2_ddr4_1x,merge,imp,s16_ipd16_pt32,l2,ddr4_1x,0.010353,10353499137.0,37919539.0,31091589.0,1.219609,865516.0,11117479.0,19246.0,201370.0,,,,99914.0,52918.0,300.0,0.010657,sdist16,0.010353,1.0293634695257414,1.0293634695257414,1.0,0.07785182234209752,0.09557530913244276,99914.0,52918.0,300.0,0.5296354865184059,0.0030025822207098104,0.06114040641651916
merge_imp_stage2_s16_ipd16_pt32_l2_ddr4_2x,merge,imp,s16_ipd16_pt32,l2,ddr4_2x,0.010224,10223847585.0,37919467.0,30702245.0,1.235073,866082.0,11117254.0,15815.0,201421.0,,,,98998.0,56402.0,298.0,0.010555,sdist16,0.010224,1.0323748043818466,1.0323748043818466,1.0,0.07790430982327111,0.07851713575049275,98998.0,56402.0,298.0,0.5697286813875028,0.0030101618214509384,0.06512316385746385
merge_imp_stage2_s16_ipd8_addr8_l1d_ddr4_1x,merge,imp,s16_ipd8_addr8,l1d,ddr4_1x,0.010037,10037417868.0,37919489.0,30142396.0,1.258013,776026.0,10971648.0,73528.0,211815.0,217822.0,74992.0,5608.0,,,,0.010348,sdist16,0.010037,1.0309853541894989,1.0309853541894987,1.0,0.07073012185589622,0.3471331114415882,217822.0,74992.0,5608.0,0.34428111026434427,0.025745792436025747,0.0966359374557038
merge_imp_stage2_s16_ipd8_addr8_l1d_ddr4_2x,merge,imp,s16_ipd8_addr8,l1d,ddr4_2x,0.009995,9994958703.0,37918834.0,30014891.0,1.263335,767808.0,10970706.0,73495.0,211658.0,213024.0,76012.0,5513.0,,,,0.010338,sdist16,0.009995,1.0343171585792896,1.0343171585792896,1.0,0.06998710930727703,0.34723468992431183,213024.0,76012.0,5513.0,0.3568236442842121,0.02587971308397176,0.09899870801033592
merge_imp_stage2_s16_ipd8_addr8_l2_ddr4_1x,merge,imp,s16_ipd8_addr8,l2,ddr4_1x,0.010353,10353499137.0,37919539.0,31091589.0,1.219609,865516.0,11117479.0,19246.0,201370.0,,,,99914.0,52918.0,300.0,0.010657,sdist16,0.010353,1.0293634695257414,1.0293634695257414,1.0,0.07785182234209752,0.09557530913244276,99914.0,52918.0,300.0,0.5296354865184059,0.0030025822207098104,0.06114040641651916
merge_imp_stage2_s16_ipd8_addr8_l2_ddr4_2x,merge,imp,s16_ipd8_addr8,l2,ddr4_2x,0.010224,10223847585.0,37919467.0,30702245.0,1.235073,866082.0,11117254.0,15815.0,201421.0,,,,98998.0,56402.0,298.0,0.010555,sdist16,0.010224,1.0323748043818466,1.0323748043818466,1.0,0.07790430982327111,0.07851713575049275,98998.0,56402.0,298.0,0.5697286813875028,0.0030101618214509384,0.06512316385746385
merge_imp_stage2_s16_l1d_ddr4_1x,merge,imp,s16,l1d,ddr4_1x,0.010037,10037417868.0,37919489.0,30142396.0,1.258013,776026.0,10971648.0,73528.0,211815.0,217822.0,74992.0,5608.0,,,,0.010348,sdist16,0.010037,1.0309853541894989,1.0309853541894987,1.0,0.07073012185589622,0.3471331114415882,217822.0,74992.0,5608.0,0.34428111026434427,0.025745792436025747,0.0966359374557038
merge_imp_stage2_s16_l1d_ddr4_2x,merge,imp,s16,l1d,ddr4_2x,0.009995,9994958703.0,37918834.0,30014891.0,1.263335,767808.0,10970706.0,73495.0,211658.0,213024.0,76012.0,5513.0,,,,0.010338,sdist16,0.009995,1.0343171585792896,1.0343171585792896,1.0,0.06998710930727703,0.34723468992431183,213024.0,76012.0,5513.0,0.3568236442842121,0.02587971308397176,0.09899870801033592
merge_imp_stage2_s16_l2_ddr4_1x,merge,imp,s16,l2,ddr4_1x,0.010353,10353499137.0,37919539.0,31091589.0,1.219609,865516.0,11117479.0,19246.0,201370.0,,,,99914.0,52918.0,300.0,0.010657,sdist16,0.010353,1.0293634695257414,1.0293634695257414,1.0,0.07785182234209752,0.09557530913244276,99914.0,52918.0,300.0,0.5296354865184059,0.0030025822207098104,0.06114040641651916
merge_imp_stage2_s16_l2_ddr4_2x,merge,imp,s16,l2,ddr4_2x,0.010224,10223847585.0,37919467.0,30702245.0,1.235073,866082.0,11117254.0,15815.0,201421.0,,,,98998.0,56402.0,298.0,0.010555,sdist16,0.010224,1.0323748043818466,1.0323748043818466,1.0,0.07790430982327111,0.07851713575049275,98998.0,56402.0,298.0,0.5697286813875028,0.0030101618214509384,0.06512316385746385
merge_imp_stage2_s16_pt8_sth2_l1d_ddr4_1x,merge,imp,s16_pt8_sth2,l1d,ddr4_1x,0.010037,10036986966.0,37919508.0,30141102.0,1.258068,776354.0,10970742.0,73234.0,210956.0,213931.0,74664.0,5187.0,,,,0.010348,sdist16,0.010037,1.0309853541894989,1.0309853541894987,1.0,0.07076586068654245,0.3471529608069929,213931.0,74664.0,5187.0,0.34900972743548153,0.024246135436192043,0.09617262228313372
merge_imp_stage2_s16_pt8_sth2_l1d_ddr4_2x,merge,imp,s16_pt8_sth2,l1d,ddr4_2x,0.009996,9996347646.0,37918829.0,30019062.0,1.26316,766519.0,10970762.0,73184.0,210833.0,210156.0,75788.0,5130.0,,,,0.010338,sdist16,0.009995,1.0343171585792896,1.0342136854741897,0.9998999599839937,0.0698692579421557,0.3471183353649571,210156.0,75788.0,5130.0,0.3606273434972116,0.024410437960372296,0.09887295683472948
merge_imp_stage2_s16_pt8_sth2_l2_ddr4_1x,merge,imp,s16_pt8_sth2,l2,ddr4_1x,0.010353,10352683953.0,37919564.0,31089141.0,1.219706,865696.0,11117456.0,19542.0,201335.0,,,,100738.0,52586.0,305.0,0.010657,sdist16,0.010353,1.0293634695257414,1.0293634695257414,1.0,0.07786817415782891,0.09706211041299327,100738.0,52586.0,305.0,0.5220075840298596,0.003027655899461971,0.06074418733597013
merge_imp_stage2_s16_pt8_sth2_l2_ddr4_2x,merge,imp,s16_pt8_sth2,l2,ddr4_2x,0.010226,10225571526.0,37919464.0,30707422.0,1.234865,866274.0,11117200.0,15901.0,201437.0,,,,99191.0,56329.0,304.0,0.010555,sdist16,0.010224,1.0323748043818466,1.032172892626638,0.9998044201056131,0.07792195876659591,0.07893783167938363,99191.0,56329.0,304.0,0.5678841830408001,0.0030647941849562964,0.0650244610827521
merge_imp_stage2_s16_pt8_sth8_l1d_ddr4_1x,merge,imp,s16_pt8_sth8,l1d,ddr4_1x,0.010035,10034701587.0,37919536.0,30134239.0,1.258355,773620.0,10971739.0,73194.0,210652.0,208908.0,74955.0,5080.0,,,,0.010348,sdist16,0.010037,1.0309853541894989,1.031190832087693,1.0001993024414548,0.07051024454737759,0.34746406395381957,208908.0,74955.0,5080.0,0.3587943017979206,0.024316924196296934,0.09688865334401903
merge_imp_stage2_s16_pt8_sth8_l1d_ddr4_2x,merge,imp,s16_pt8_sth8,l1d,ddr4_2x,0.00999,9990228771.0,37918834.0,30000687.0,1.263934,768116.0,10970967.0,73145.0,210512.0,205334.0,75336.0,4993.0,,,,0.010338,sdist16,0.009995,1.0343171585792896,1.0348348348348348,1.0005005005005005,0.07001351840726529,0.347462377441666,205334.0,75336.0,4993.0,0.36689491267885493,0.0243164794919497,0.09807893599404256
merge_imp_stage2_s16_pt8_sth8_l2_ddr4_1x,merge,imp,s16_pt8_sth8,l2,ddr4_1x,0.010354,10353553749.0,37919536.0,31091753.0,1.219602,865909.0,11115552.0,19760.0,201427.0,,,,99067.0,52401.0,218.0,0.010657,sdist16,0.010353,1.0293634695257414,1.0292640525400811,0.9999034189685145,0.07790067465835256,0.09810005609972844,99067.0,52401.0,218.0,0.5289450573854059,0.0022005309537989444,0.06051559690452461
merge_imp_stage2_s16_pt8_sth8_l2_ddr4_2x,merge,imp,s16_pt8_sth8,l2,ddr4_2x,0.010224,10224203229.0,37919492.0,30703313.0,1.235031,866788.0,11115358.0,16038.0,201482.0,,,,99266.0,56185.0,249.0,0.010555,sdist16,0.010224,1.0323748043818466,1.0323748043818466,1.0,0.07798111405858453,0.07960016279369869,99266.0,56185.0,249.0,0.5660044728305764,0.0025084117421876576,0.06481977138585214
merge_imp_stage2_s16_sth2_l1d_ddr4_1x,merge,imp,s16_sth2,l1d,ddr4_1x,0.01004,10039850100.0,37919552.0,30149700.0,1.25771,775213.0,10970799.0,73558.0,211999.0,214948.0,75417.0,5703.0,,,,0.010348,sdist16,0.010037,1.0309853541894989,1.0306772908366533,0.9997011952191236,0.07066148965084494,0.346973334779881,214948.0,75417.0,5703.0,0.3508616037367177,0.026531998436831232,0.09728552023766371
merge_imp_stage2_s16_sth2_l1d_ddr4_2x,merge,imp,s16_sth2,l1d,ddr4_2x,0.009993,9993063600.0,37918834.0,30009200.0,1.263575,768582.0,10970392.0,73579.0,211892.0,214107.0,75861.0,5650.0,,,,0.010338,sdist16,0.009995,1.0343171585792896,1.0345241669168417,1.0002001400980687,0.07005966605386571,0.3472476544654824,214107.0,75861.0,5650.0,0.354313497456879,0.02638867482146777,0.0987025457270662
merge_imp_stage2_s16_sth2_l2_ddr4_1x,merge,imp,s16_sth2,l2,ddr4_1x,0.010354,10353733569.0,37919514.0,31092293.0,1.219581,865508.0,11117458.0,19237.0,201371.0,,,,99954.0,52928.0,324.0,0.010657,sdist16,0.010353,1.0293634695257414,1.0292640525400811,0.9999034189685145,0.07785124980908406,0.09553014088423854,99954.0,52928.0,324.0,0.5295235808471898,0.0032414910858995136,0.06115252545325982
merge_imp_stage2_s16_sth2_l2_ddr4_2x,merge,imp,s16_sth2,l2,ddr4_2x,0.010224,10223971461.0,37919511.0,30702617.0,1.235059,866074.0,11117249.0,15807.0,201423.0,,,,99038.0,56412.0,322.0,0.010555,sdist16,0.010224,1.0323748043818466,1.0323748043818466,1.0,0.07790362525837102,0.07847663871553893,99038.0,56412.0,322.0,0.5695995476483774,0.003251277287505806,0.06513531176319806
merge_imp_stage2_s16_sth8_l1d_ddr4_1x,merge,imp,s16_sth8,l1d,ddr4_1x,0.010041,10041322626.0,37919489.0,30154122.0,1.257524,774544.0,10970587.0,73379.0,211506.0,216075.0,75474.0,5409.0,,,,0.010348,sdist16,0.010037,1.0309853541894989,1.030574643959765,0.999601633303456,0.07060187390155148,0.3469357843276314,216075.0,75474.0,5409.0,0.3492953835473794,0.025032974661575842,0.09744314073829247
merge_imp_stage2_s16_sth8_l1d_ddr4_2x,merge,imp,s16_sth8,l1d,ddr4_2x,0.00999,9990264735.0,37918829.0,30000795.0,1.263929,770031.0,10969702.0,73471.0,211544.0,211735.0,75396.0,5471.0,,,,0.010338,sdist16,0.009995,1.0343171585792896,1.0348348348348348,1.0005005005005005,0.07019616394319554,0.34730836138108384,211735.0,75396.0,5471.0,0.3560866177060949,0.02583890240158689,0.09791294116730366
merge_imp_stage2_s16_sth8_l2_ddr4_1x,merge,imp,s16_sth8,l2,ddr4_1x,0.010353,10353423546.0,37919539.0,31091362.0,1.219618,865472.0,11117547.0,19425.0,201361.0,,,,99651.0,52731.0,282.0,0.010657,sdist16,0.010353,1.0293634695257414,1.0293634695257414,1.0,0.07784738845718395,0.096468531642175,99651.0,52731.0,282.0,0.529156757082217,0.002829876268175934,0.06092744768172743
merge_imp_stage2_s16_sth8_l2_ddr4_2x,merge,imp,s16_sth8,l2,ddr4_2x,0.010227,10226989773.0,37919492.0,30711681.0,1.234694,866354.0,11117284.0,15787.0,201418.0,,,,98457.0,56426.0,262.0,0.010555,sdist16,0.010224,1.0323748043818466,1.0320719663635476,0.9997066588442359,0.07792856600586978,0.07837929082802927,98457.0,56426.0,262.0,0.5731029789654367,0.002661060158241669,0.06513042012849252
merge_imp_stage2_s2_l1d_ddr4_1x,merge,imp,s2,l1d,ddr4_1x,0.010594,10593793602.0,37919489.0,31813194.0,1.191944,913154.0,11058707.0,72319.0,203844.0,283292.0,38802.0,942.0,,,,0.010348,sdist16,0.010037,1.0309853541894989,0.9767793090428545,0.947423069662073,0.08257330626446654,0.3547762014089205,283292.0,38802.0,942.0,0.13696821653982463,0.003325190969035483,0.04249228498150367
merge_imp_stage2_s2_l1d_ddr4_2x,merge,imp,s2,l1d,ddr4_2x,0.010602,10601639082.0,37919539.0,31836754.0,1.191063,910794.0,11056515.0,72324.0,203865.0,284127.0,38678.0,948.0,,,,0.010338,sdist16,0.009995,1.0343171585792896,0.9750990379173741,0.9427466515751745,0.0823762279524787,0.35476418217938344,284127.0,38678.0,948.0,0.13612926613802984,0.0033365361264504957,0.0424662437389794
merge_imp_stage2_s2_l2_ddr4_1x,merge,imp,s2,l2,ddr4_1x,0.010846,10846371771.0,37919536.0,32571687.0,1.164188,950903.0,11170780.0,44385.0,201480.0,,,,83098.0,27800.0,79.0,0.010657,sdist16,0.010353,1.0293634695257414,0.9825742209109349,0.9545454545454545,0.08512413636290393,0.22029481834425252,83098.0,27800.0,79.0,0.33454475438638714,0.0009506847336879348,0.0292353689072387
merge_imp_stage2_s2_l2_ddr4_2x,merge,imp,s2,l2,ddr4_2x,0.010782,10782208665.0,37919489.0,32379005.0,1.171115,946612.0,11167146.0,44653.0,201481.0,,,,83727.0,27532.0,76.0,0.010555,sdist16,0.010224,1.0323748043818466,0.9789463921350399,0.9482470784641069,0.08476758520037259,0.22162387520411353,83727.0,27532.0,76.0,0.3288306042256381,0.0009077119686600499,0.029084778135075404
merge_imp_stage2_s2_sth2_l1d_ddr4_1x,merge,imp,s2_sth2,l1d,ddr4_1x,0.010594,10593866529.0,37919564.0,31813413.0,1.191938,913180.0,11058715.0,72324.0,203845.0,286512.0,38797.0,950.0,,,,0.010348,sdist16,0.010037,1.0309853541894989,0.9767793090428545,0.947423069662073,0.08257559761690214,0.35479898942824206,286512.0,38797.0,950.0,0.13541143128385547,0.003315742447087731,0.04248559977222453
merge_imp_stage2_s2_sth2_l1d_ddr4_2x,merge,imp,s2_sth2,l1d,ddr4_2x,0.010602,10601602452.0,37919564.0,31836644.0,1.191068,910823.0,11056452.0,72328.0,203878.0,284373.0,38678.0,960.0,,,,0.010338,sdist16,0.009995,1.0343171585792896,0.9750990379173741,0.9427466515751745,0.08237932023763138,0.35476118070610857,284373.0,38678.0,960.0,0.13601150601498735,0.0033758479180512916,0.042464891641954584
merge_imp_stage2_s2_sth2_l2_ddr4_1x,merge,imp,s2_sth2,l2,ddr4_1x,0.010846,10846295514.0,37919536.0,32571458.0,1.164197,950883.0,11170818.0,44388.0,201479.0,,,,83131.0,27796.0,83.0,0.010657,sdist16,0.010353,1.0293634695257414,0.9825742209109349,0.9545454545454545,0.08512205641520612,0.22031080162200528,83131.0,27796.0,83.0,0.3343638353923326,0.0009984241738942151,0.02923177720077023
merge_imp_stage2_s2_sth2_l2_ddr4_2x,merge,imp,s2_sth2,l2,ddr4_2x,0.010782,10782142398.0,37919461.0,32378806.0,1.171121,946604.0,11167155.0,44649.0,201478.0,,,,83750.0,27533.0,80.0,0.010555,sdist16,0.010224,1.0323748043818466,0.9789463921350399,0.9482470784641069,0.084766800496635,0.22160732189122387,83750.0,27533.0,80.0,0.32875223880597015,0.000955223880597015,0.02908608034616376
merge_imp_stage2_s2_sth8_l1d_ddr4_1x,merge,imp,s2_sth8,l1d,ddr4_1x,0.010594,10593986076.0,37919564.0,31813772.0,1.191924,913226.0,11058768.0,72319.0,203849.0,286365.0,38812.0,936.0,,,,0.010348,sdist16,0.010037,1.0309853541894989,0.9767793090428545,0.947423069662073,0.08257936146232564,0.35476749947264885,286365.0,38812.0,936.0,0.13553332285719275,0.003268555864019695,0.042499885022984456
merge_imp_stage2_s2_sth8_l1d_ddr4_2x,merge,imp,s2_sth8,l1d,ddr4_2x,0.010597,10596888837.0,37919517.0,31822489.0,1.191596,910848.0,11056107.0,72314.0,203852.0,280304.0,38675.0,935.0,,,,0.010338,sdist16,0.009995,1.0343171585792896,0.9755591205058035,0.9431914692837595,0.08238415203470806,0.3547377509173322,280304.0,38675.0,935.0,0.13797519835607056,0.0033356641360808266,0.04246043247611017
merge_imp_stage2_s2_sth8_l2_ddr4_1x,merge,imp,s2_sth8,l2,ddr4_1x,0.010838,10838473011.0,37919517.0,32547967.0,1.165036,950693.0,11168773.0,44303.0,201548.0,,,,82980.0,27881.0,73.0,0.010657,sdist16,0.010353,1.0293634695257414,0.9832995017530909,0.9552500461339729,0.08512063052942342,0.2198136424077639,82980.0,27881.0,73.0,0.33599662569293803,0.0008797300554350446,0.029327027757646264
merge_imp_stage2_s2_sth8_l2_ddr4_2x,merge,imp,s2_sth8,l2,ddr4_2x,0.010777,10777450428.0,37919564.0,32364716.0,1.171634,945600.0,11165209.0,44298.0,201552.0,,,,82957.0,27893.0,72.0,0.010555,sdist16,0.010224,1.0323748043818466,0.9794005752992484,0.9486870186508305,0.08469165243570452,0.21978447249345082,82957.0,27893.0,72.0,0.33623443470713743,0.0008679195245729715,0.029497673434856177
merge_imp_stage2_s8_dist32_addr8_l1d_ddr4_1x,merge,imp,s8_dist32_addr8,l1d,ddr4_1x,0.010159,10159437060.0,37919492.0,30508820.0,1.242904,803007.0,10989127.0,73064.0,208488.0,239282.0,66653.0,3555.0,,,,0.010348,sdist16,0.010037,1.0309853541894989,1.0186041933261147,0.9879909439905503,0.07307286556975819,0.350447028126319,239282.0,66653.0,3555.0,0.278554174572262,0.01485694703320768,0.08300425774619648
merge_imp_stage2_s8_dist32_addr8_l1d_ddr4_2x,merge,imp,s8_dist32_addr8,l1d,ddr4_2x,0.010136,10135960227.0,37919492.0,30438319.0,1.245783,789419.0,10989085.0,73048.0,208447.0,220973.0,69022.0,3523.0,,,,0.010338,sdist16,0.009995,1.0343171585792896,1.019928966061563,0.986089187056038,0.07183664518019471,0.3504392003722769,220973.0,69022.0,3523.0,0.3123549030877075,0.01594312427310124,0.08743392292306114
merge_imp_stage2_s8_dist32_addr8_l2_ddr4_1x,merge,imp,s8_dist32_addr8,l2,ddr4_1x,0.010492,10492157007.0,37919564.0,31507979.0,1.203492,889988.0,11128384.0,22581.0,201519.0,,,,113643.0,49707.0,240.0,0.010657,sdist16,0.010353,1.0293634695257414,1.0157262676324819,0.9867518109035456,0.07997459469407238,0.11205395024786745,113643.0,49707.0,240.0,0.4373960560703255,0.002111876666402682,0.055851314849188975
merge_imp_stage2_s8_dist32_addr8_l2_ddr4_2x,merge,imp,s8_dist32_addr8,l2,ddr4_2x,0.010384,10383627312.0,37919492.0,31182064.0,1.216069,887571.0,11127357.0,21159.0,201542.0,,,,108292.0,51154.0,227.0,0.010555,sdist16,0.010224,1.0323748043818466,1.0164676425269648,0.9845916795069338,0.07976476354627608,0.1049855613222058,108292.0,51154.0,227.0,0.4723709969342149,0.002096184390352011,0.05763369916322187
merge_imp_stage2_s8_dist8_addr8_l1d_ddr4_1x,merge,imp,s8_dist8_addr8,l1d,ddr4_1x,0.010159,10159437060.0,37919492.0,30508820.0,1.242904,803007.0,10989127.0,73064.0,208488.0,239282.0,66653.0,3555.0,,,,0.010348,sdist16,0.010037,1.0309853541894989,1.0186041933261147,0.9879909439905503,0.07307286556975819,0.350447028126319,239282.0,66653.0,3555.0,0.278554174572262,0.01485694703320768,0.08300425774619648
merge_imp_stage2_s8_dist8_addr8_l1d_ddr4_2x,merge,imp,s8_dist8_addr8,l1d,ddr4_2x,0.010136,10135960227.0,37919492.0,30438319.0,1.245783,789419.0,10989085.0,73048.0,208447.0,220973.0,69022.0,3523.0,,,,0.010338,sdist16,0.009995,1.0343171585792896,1.019928966061563,0.986089187056038,0.07183664518019471,0.3504392003722769,220973.0,69022.0,3523.0,0.3123549030877075,0.01594312427310124,0.08743392292306114
merge_imp_stage2_s8_dist8_addr8_l2_ddr4_1x,merge,imp,s8_dist8_addr8,l2,ddr4_1x,0.010492,10492157007.0,37919564.0,31507979.0,1.203492,889988.0,11128384.0,22581.0,201519.0,,,,113643.0,49707.0,240.0,0.010657,sdist16,0.010353,1.0293634695257414,1.0157262676324819,0.9867518109035456,0.07997459469407238,0.11205395024786745,113643.0,49707.0,240.0,0.4373960560703255,0.002111876666402682,0.055851314849188975
merge_imp_stage2_s8_dist8_addr8_l2_ddr4_2x,merge,imp,s8_dist8_addr8,l2,ddr4_2x,0.010384,10383627312.0,37919492.0,31182064.0,1.216069,887571.0,11127357.0,21159.0,201542.0,,,,108292.0,51154.0,227.0,0.010555,sdist16,0.010224,1.0323748043818466,1.0164676425269648,0.9845916795069338,0.07976476354627608,0.1049855613222058,108292.0,51154.0,227.0,0.4723709969342149,0.002096184390352011,0.05763369916322187
merge_imp_stage2_s8_ipd16_addr16_l1d_ddr4_1x,merge,imp,s8_ipd16_addr16,l1d,ddr4_1x,0.010159,10159437060.0,37919492.0,30508820.0,1.242904,803007.0,10989127.0,73064.0,208488.0,239282.0,66653.0,3555.0,,,,0.010348,sdist16,0.010037,1.0309853541894989,1.0186041933261147,0.9879909439905503,0.07307286556975819,0.350447028126319,239282.0,66653.0,3555.0,0.278554174572262,0.01485694703320768,0.08300425774619648
merge_imp_stage2_s8_ipd16_addr16_l1d_ddr4_2x,merge,imp,s8_ipd16_addr16,l1d,ddr4_2x,0.010136,10135960227.0,37919492.0,30438319.0,1.245783,789419.0,10989085.0,73048.0,208447.0,220973.0,69022.0,3523.0,,,,0.010338,sdist16,0.009995,1.0343171585792896,1.019928966061563,0.986089187056038,0.07183664518019471,0.3504392003722769,220973.0,69022.0,3523.0,0.3123549030877075,0.01594312427310124,0.08743392292306114
merge_imp_stage2_s8_ipd16_addr16_l2_ddr4_1x,merge,imp,s8_ipd16_addr16,l2,ddr4_1x,0.010492,10492157007.0,37919564.0,31507979.0,1.203492,889988.0,11128384.0,22581.0,201519.0,,,,113643.0,49707.0,240.0,0.010657,sdist16,0.010353,1.0293634695257414,1.0157262676324819,0.9867518109035456,0.07997459469407238,0.11205395024786745,113643.0,49707.0,240.0,0.4373960560703255,0.002111876666402682,0.055851314849188975
merge_imp_stage2_s8_ipd16_addr16_l2_ddr4_2x,merge,imp,s8_ipd16_addr16,l2,ddr4_2x,0.010384,10383627312.0,37919492.0,31182064.0,1.216069,887571.0,11127357.0,21159.0,201542.0,,,,108292.0,51154.0,227.0,0.010555,sdist16,0.010224,1.0323748043818466,1.0164676425269648,0.9845916795069338,0.07976476354627608,0.1049855613222058,108292.0,51154.0,227.0,0.4723709969342149,0.002096184390352011,0.05763369916322187
merge_imp_stage2_s8_ipd16_pt32_l1d_ddr4_1x,merge,imp,s8_ipd16_pt32,l1d,ddr4_1x,0.010159,10159437060.0,37919492.0,30508820.0,1.242904,803007.0,10989127.0,73064.0,208488.0,239282.0,66653.0,3555.0,,,,0.010348,sdist16,0.010037,1.0309853541894989,1.0186041933261147,0.9879909439905503,0.07307286556975819,0.350447028126319,239282.0,66653.0,3555.0,0.278554174572262,0.01485694703320768,0.08300425774619648
merge_imp_stage2_s8_ipd16_pt32_l1d_ddr4_2x,merge,imp,s8_ipd16_pt32,l1d,ddr4_2x,0.010136,10135960227.0,37919492.0,30438319.0,1.245783,789419.0,10989085.0,73048.0,208447.0,220973.0,69022.0,3523.0,,,,0.010338,sdist16,0.009995,1.0343171585792896,1.019928966061563,0.986089187056038,0.07183664518019471,0.3504392003722769,220973.0,69022.0,3523.0,0.3123549030877075,0.01594312427310124,0.08743392292306114
merge_imp_stage2_s8_ipd16_pt32_l2_ddr4_1x,merge,imp,s8_ipd16_pt32,l2,ddr4_1x,0.010492,10492157007.0,37919564.0,31507979.0,1.203492,889988.0,11128384.0,22581.0,201519.0,,,,113643.0,49707.0,240.0,0.010657,sdist16,0.010353,1.0293634695257414,1.0157262676324819,0.9867518109035456,0.07997459469407238,0.11205395024786745,113643.0,49707.0,240.0,0.4373960560703255,0.002111876666402682,0.055851314849188975
merge_imp_stage2_s8_ipd16_pt32_l2_ddr4_2x,merge,imp,s8_ipd16_pt32,l2,ddr4_2x,0.010384,10383627312.0,37919492.0,31182064.0,1.216069,887571.0,11127357.0,21159.0,201542.0,,,,108292.0,51154.0,227.0,0.010555,sdist16,0.010224,1.0323748043818466,1.0164676425269648,0.9845916795069338,0.07976476354627608,0.1049855613222058,108292.0,51154.0,227.0,0.4723709969342149,0.002096184390352011,0.05763369916322187
merge_imp_stage2_s8_ipd8_addr8_l1d_ddr4_1x,merge,imp,s8_ipd8_addr8,l1d,ddr4_1x,0.010159,10159437060.0,37919492.0,30508820.0,1.242904,803007.0,10989127.0,73064.0,208488.0,239282.0,66653.0,3555.0,,,,0.010348,sdist16,0.010037,1.0309853541894989,1.0186041933261147,0.9879909439905503,0.07307286556975819,0.350447028126319,239282.0,66653.0,3555.0,0.278554174572262,0.01485694703320768,0.08300425774619648
merge_imp_stage2_s8_ipd8_addr8_l1d_ddr4_2x,merge,imp,s8_ipd8_addr8,l1d,ddr4_2x,0.010136,10135960227.0,37919492.0,30438319.0,1.245783,789419.0,10989085.0,73048.0,208447.0,220973.0,69022.0,3523.0,,,,0.010338,sdist16,0.009995,1.0343171585792896,1.019928966061563,0.986089187056038,0.07183664518019471,0.3504392003722769,220973.0,69022.0,3523.0,0.3123549030877075,0.01594312427310124,0.08743392292306114
merge_imp_stage2_s8_ipd8_addr8_l2_ddr4_1x,merge,imp,s8_ipd8_addr8,l2,ddr4_1x,0.010492,10492157007.0,37919564.0,31507979.0,1.203492,889988.0,11128384.0,22581.0,201519.0,,,,113643.0,49707.0,240.0,0.010657,sdist16,0.010353,1.0293634695257414,1.0157262676324819,0.9867518109035456,0.07997459469407238,0.11205395024786745,113643.0,49707.0,240.0,0.4373960560703255,0.002111876666402682,0.055851314849188975
merge_imp_stage2_s8_ipd8_addr8_l2_ddr4_2x,merge,imp,s8_ipd8_addr8,l2,ddr4_2x,0.010384,10383627312.0,37919492.0,31182064.0,1.216069,887571.0,11127357.0,21159.0,201542.0,,,,108292.0,51154.0,227.0,0.010555,sdist16,0.010224,1.0323748043818466,1.0164676425269648,0.9845916795069338,0.07976476354627608,0.1049855613222058,108292.0,51154.0,227.0,0.4723709969342149,0.002096184390352011,0.05763369916322187
merge_imp_stage2_s8_l1d_ddr4_1x,merge,imp,s8,l1d,ddr4_1x,0.010159,10159437060.0,37919492.0,30508820.0,1.242904,803007.0,10989127.0,73064.0,208488.0,239282.0,66653.0,3555.0,,,,0.010348,sdist16,0.010037,1.0309853541894989,1.0186041933261147,0.9879909439905503,0.07307286556975819,0.350447028126319,239282.0,66653.0,3555.0,0.278554174572262,0.01485694703320768,0.08300425774619648
merge_imp_stage2_s8_l1d_ddr4_2x,merge,imp,s8,l1d,ddr4_2x,0.010136,10135960227.0,37919492.0,30438319.0,1.245783,789419.0,10989085.0,73048.0,208447.0,220973.0,69022.0,3523.0,,,,0.010338,sdist16,0.009995,1.0343171585792896,1.019928966061563,0.986089187056038,0.07183664518019471,0.3504392003722769,220973.0,69022.0,3523.0,0.3123549030877075,0.01594312427310124,0.08743392292306114
merge_imp_stage2_s8_l2_ddr4_1x,merge,imp,s8,l2,ddr4_1x,0.010492,10492157007.0,37919564.0,31507979.0,1.203492,889988.0,11128384.0,22581.0,201519.0,,,,113643.0,49707.0,240.0,0.010657,sdist16,0.010353,1.0293634695257414,1.0157262676324819,0.9867518109035456,0.07997459469407238,0.11205395024786745,113643.0,49707.0,240.0,0.4373960560703255,0.002111876666402682,0.055851314849188975
merge_imp_stage2_s8_l2_ddr4_2x,merge,imp,s8,l2,ddr4_2x,0.010384,10383627312.0,37919492.0,31182064.0,1.216069,887571.0,11127357.0,21159.0,201542.0,,,,108292.0,51154.0,227.0,0.010555,sdist16,0.010224,1.0323748043818466,1.0164676425269648,0.9845916795069338,0.07976476354627608,0.1049855613222058,108292.0,51154.0,227.0,0.4723709969342149,0.002096184390352011,0.05763369916322187
merge_imp_stage2_s8_pt8_sth2_l1d_ddr4_1x,merge,imp,s8_pt8_sth2,l1d,ddr4_1x,0.010164,10164388770.0,37919539.0,30523690.0,1.2423,806585.0,10991699.0,72892.0,207858.0,255762.0,65306.0,3198.0,,,,0.010348,sdist16,0.010037,1.0309853541894989,1.0181031090122,0.9875049193231012,0.07338128527718964,0.3506817154018609,255762.0,65306.0,3198.0,0.2553389479281519,0.012503812137846905,0.08096604821562514
merge_imp_stage2_s8_pt8_sth2_l1d_ddr4_2x,merge,imp,s8_pt8_sth2,l1d,ddr4_2x,0.010138,10137689496.0,37919511.0,30443512.0,1.245571,788561.0,10988699.0,72927.0,207974.0,217178.0,69097.0,3245.0,,,,0.010338,sdist16,0.009995,1.0343171585792896,1.0197277569540344,0.9858946537778656,0.07176108836905988,0.3506544087241674,217178.0,69097.0,3245.0,0.31815837699951194,0.014941660757535294,0.08762416604422486
merge_imp_stage2_s8_pt8_sth2_l2_ddr4_1x,merge,imp,s8_pt8_sth2,l2,ddr4_1x,0.010495,10495398096.0,37919517.0,31517712.0,1.203119,890374.0,11128203.0,22953.0,201542.0,,,,115692.0,49358.0,241.0,0.010657,sdist16,0.010353,1.0293634695257414,1.015435921867556,0.9864697474988088,0.08001058212183944,0.11388693175616,115692.0,49358.0,241.0,0.4266327835978287,0.0020831172423330913,0.055435131753622635
merge_imp_stage2_s8_pt8_sth2_l2_ddr4_2x,merge,imp,s8_pt8_sth2,l2,ddr4_2x,0.010378,10377573039.0,37919492.0,31163883.0,1.216778,887642.0,11127233.0,21095.0,201538.0,,,,107522.0,51205.0,250.0,0.010555,sdist16,0.010224,1.0323748043818466,1.0170553093081518,0.9851609173251108,0.07977203317302693,0.10467008703073366,107522.0,51205.0,250.0,0.47622812075668236,0.0023251055597924147,0.057686544800719206
merge_imp_stage2_s8_pt8_sth8_l1d_ddr4_1x,merge,imp,s8_pt8_sth8,l1d,ddr4_1x,0.010168,10168030458.0,37919548.0,30534626.0,1.241855,803261.0,10989565.0,72884.0,207671.0,234311.0,65695.0,3200.0,,,,0.010348,sdist16,0.010037,1.0309853541894989,1.0177025963808024,0.9871164437450827,0.07309306601307695,0.350958968753461,234311.0,65695.0,3200.0,0.2803752277955367,0.013657062621899953,0.08178537237585293
merge_imp_stage2_s8_pt8_sth8_l1d_ddr4_2x,merge,imp,s8_pt8_sth8,l1d,ddr4_2x,0.010146,10145771406.0,37919511.0,30467782.0,1.244579,788448.0,10989158.0,72897.0,207609.0,212815.0,68566.0,3159.0,,,,0.010338,sdist16,0.009995,1.0343171585792896,1.018923713778829,0.985117287601025,0.07174780815782246,0.35112639625449765,212815.0,68566.0,3159.0,0.3221859361417193,0.014843878486008976,0.08696324932018346
merge_imp_stage2_s8_pt8_sth8_l2_ddr4_1x,merge,imp,s8_pt8_sth8,l2,ddr4_1x,0.010496,10495840986.0,37919517.0,31519042.0,1.203068,889889.0,11128443.0,23059.0,201539.0,,,,114516.0,49250.0,205.0,0.010657,sdist16,0.010353,1.0293634695257414,1.0153391768292683,0.9863757621951219,0.07996527456716092,0.11441457980837456,114516.0,49250.0,205.0,0.43007090712214885,0.0017901428621328024,0.05534398110326119
merge_imp_stage2_s8_pt8_sth8_l2_ddr4_2x,merge,imp,s8_pt8_sth8,l2,ddr4_2x,0.010388,10387933002.0,37919573.0,31194994.0,1.215567,887563.0,11127546.0,21180.0,201522.0,,,,106994.0,51116.0,213.0,0.010555,sdist16,0.010224,1.0323748043818466,1.0160762418174818,0.9842125529457066,0.07976268981498706,0.10510018757257272,106994.0,51116.0,213.0,0.47774641568686094,0.001990765837336673,0.057591404779153706
merge_imp_stage2_s8_sth2_l1d_ddr4_1x,merge,imp,s8_sth2,l1d,ddr4_1x,0.010165,10165440051.0,37919467.0,30526847.0,1.242169,804149.0,10991388.0,73047.0,208805.0,230916.0,66232.0,3752.0,,,,0.010348,sdist16,0.010037,1.0309853541894989,1.0180029513034923,0.9874077717658633,0.07316173353174321,0.3498335767821652,230916.0,66232.0,3752.0,0.2868229139600547,0.016248332727052263,0.0823628456915323
merge_imp_stage2_s8_sth2_l1d_ddr4_2x,merge,imp,s8_sth2,l1d,ddr4_2x,0.010139,10139258259.0,37919492.0,30448223.0,1.245378,793197.0,10990716.0,73035.0,208384.0,221181.0,67938.0,3528.0,,,,0.010338,sdist16,0.009995,1.0343171585792896,1.0196271821678666,0.9857974159187296,0.07216972943346002,0.35048276259213756,221181.0,67938.0,3528.0,0.3071601991129437,0.01595073717905245,0.08565085344498277
merge_imp_stage2_s8_sth2_l2_ddr4_1x,merge,imp,s8_sth2,l2,ddr4_1x,0.010492,10492324506.0,37919564.0,31508482.0,1.203473,890010.0,11128255.0,22750.0,201527.0,,,,114299.0,49550.0,253.0,0.010657,sdist16,0.010353,1.0293634695257414,1.0157262676324819,0.9867518109035456,0.07997749871835252,0.1128880993613759,114299.0,49550.0,253.0,0.43351210421788466,0.0022134926814757786,0.05567353175807013
merge_imp_stage2_s8_sth2_l2_ddr4_2x,merge,imp,s8_sth2,l2,ddr4_2x,0.010383,10383462477.0,37919492.0,31181569.0,1.216088,887562.0,11127330.0,21147.0,201541.0,,,,108312.0,51165.0,243.0,0.010555,sdist16,0.010224,1.0323748043818466,1.0165655398247135,0.9846865067899452,0.07976414827276625,0.1049265410015828,108312.0,51165.0,243.0,0.47238533126523374,0.002243518723687126,0.057646677077207
merge_imp_stage2_s8_sth8_l1d_ddr4_1x,merge,imp,s8_sth8,l1d,ddr4_1x,0.010165,10165284540.0,37919467.0,30526380.0,1.242188,801560.0,10991389.0,72963.0,208311.0,233307.0,66674.0,3474.0,,,,0.010348,sdist16,0.010037,1.0309853541894989,1.0180029513034923,0.9874077717658633,0.07292617884782351,0.3502599478664113,233307.0,66674.0,3474.0,0.2857779663704904,0.014890251899857269,0.08318029841808473
merge_imp_stage2_s8_sth8_l1d_ddr4_2x,merge,imp,s8_sth8,l1d,ddr4_2x,0.010134,10134234288.0,37919492.0,30433136.0,1.245995,790138.0,10989259.0,73027.0,208558.0,223671.0,68884.0,3535.0,,,,0.010338,sdist16,0.009995,1.0343171585792896,1.0201302545885138,0.9862837971186106,0.07190093526779194,0.3501519960874193,223671.0,68884.0,3535.0,0.3079701883570065,0.015804462804744467,0.08717970784850242
merge_imp_stage2_s8_sth8_l2_ddr4_1x,merge,imp,s8_sth8,l2,ddr4_1x,0.010492,10492014483.0,37919517.0,31507551.0,1.203507,889895.0,11128328.0,22774.0,201525.0,,,,114247.0,49522.0,226.0,0.010657,sdist16,0.010353,1.0293634695257414,1.0157262676324819,0.9867518109035456,0.07996664009184488,0.11300831162386801,114247.0,49522.0,226.0,0.43346433604383483,0.0019781701051231103,0.05564926199158328
merge_imp_stage2_s8_sth8_l2_ddr4_2x,merge,imp,s8_sth8,l2,ddr4_2x,0.010384,10383816456.0,37919564.0,31182632.0,1.216049,887482.0,11127434.0,21194.0,201540.0,,,,108317.0,51119.0,226.0,0.010555,sdist16,0.010224,1.0323748043818466,1.0164676425269648,0.9845916795069338,0.0797562133372348,0.1051602659521683,108317.0,51119.0,226.0,0.47193884616449866,0.0020864684213927637,0.05760004146562973
quick_imp_stage2_aggr_s16_sth2_d32_ipd16_addr16_l1d_ddr4_1x,quick,imp,aggr_s16_sth2_d32_ipd16_addr16,l1d,ddr4_1x,0.008497,8497104723.0,24424718.0,25516831.0,0.957622,59160.0,9167416.0,28554.0,85487.0,166306.0,70318.0,1512.0,,,,0.008793,sdist16,0.008497,1.0348358244086149,1.0348358244086149,1.0,0.006453290654640304,0.33401569829330774,166306.0,70318.0,1512.0,0.4228229889480837,0.009091674383365602,1.188607167004733
quick_imp_stage2_aggr_s16_sth2_d32_ipd16_addr16_l1d_ddr4_2x,quick,imp,aggr_s16_sth2_d32_ipd16_addr16,l1d,ddr4_2x,0.00846,8459544654.0,24424723.0,25404038.0,0.961874,57597.0,9165998.0,28580.0,85433.0,163282.0,70405.0,1448.0,,,,0.008745,sdist16,0.008459,1.0338101430429127,1.0336879432624113,0.9998817966903072,0.00628376746318295,0.3345311530673159,163282.0,70405.0,1448.0,0.43118653617667596,0.008868093237466469,1.222372693022206
quick_imp_stage2_aggr_s16_sth2_d32_ipd16_addr16_l2_ddr4_1x,quick,imp,aggr_s16_sth2_d32_ipd16_addr16,l2,ddr4_1x,0.008815,8814529980.0,24424718.0,26470060.0,0.923136,242700.0,9227056.0,3968.0,82818.0,,,,30166.0,24521.0,85.0,0.00905,sdist16,0.008812,1.0270086246028145,1.0266591038003405,0.9996596710153148,0.026303080852657663,0.04791228959887947,30166.0,24521.0,85.0,0.8128687926805013,0.002817741828548697,0.10103419859909353
quick_imp_stage2_aggr_s16_sth2_d32_ipd16_addr16_l2_ddr4_2x,quick,imp,aggr_s16_sth2_d32_ipd16_addr16,l2,ddr4_2x,0.008729,8728624305.0,24424718.0,26212085.0,0.932222,240456.0,9225235.0,3987.0,82819.0,,,,30402.0,24503.0,85.0,0.008962,sdist16,0.008729,1.0266926337495703,1.0266926337495703,1.0,0.026065027069771124,0.0481411270360666,30402.0,24503.0,85.0,0.8059667127162686,0.0027958686928491547,0.10190221911701101
quick_imp_stage2_aggr_s16_sth2_d32_ipd16_l1d_ddr4_1x,quick,imp,aggr_s16_sth2_d32_ipd16,l1d,ddr4_1x,0.008497,8497104723.0,24424718.0,25516831.0,0.957622,59160.0,9167416.0,28554.0,85487.0,166306.0,70318.0,1512.0,,,,0.008793,sdist16,0.008497,1.0348358244086149,1.0348358244086149,1.0,0.006453290654640304,0.33401569829330774,166306.0,70318.0,1512.0,0.4228229889480837,0.009091674383365602,1.188607167004733
quick_imp_stage2_aggr_s16_sth2_d32_ipd16_l1d_ddr4_2x,quick,imp,aggr_s16_sth2_d32_ipd16,l1d,ddr4_2x,0.00846,8459544654.0,24424723.0,25404038.0,0.961874,57597.0,9165998.0,28580.0,85433.0,163282.0,70405.0,1448.0,,,,0.008745,sdist16,0.008459,1.0338101430429127,1.0336879432624113,0.9998817966903072,0.00628376746318295,0.3345311530673159,163282.0,70405.0,1448.0,0.43118653617667596,0.008868093237466469,1.222372693022206
quick_imp_stage2_aggr_s16_sth2_d32_ipd16_l2_ddr4_1x,quick,imp,aggr_s16_sth2_d32_ipd16,l2,ddr4_1x,0.008815,8814529980.0,24424718.0,26470060.0,0.923136,242700.0,9227056.0,3968.0,82818.0,,,,30166.0,24521.0,85.0,0.00905,sdist16,0.008812,1.0270086246028145,1.0266591038003405,0.9996596710153148,0.026303080852657663,0.04791228959887947,30166.0,24521.0,85.0,0.8128687926805013,0.002817741828548697,0.10103419859909353
quick_imp_stage2_aggr_s16_sth2_d32_ipd16_l2_ddr4_2x,quick,imp,aggr_s16_sth2_d32_ipd16,l2,ddr4_2x,0.008729,8728624305.0,24424718.0,26212085.0,0.932222,240456.0,9225235.0,3987.0,82819.0,,,,30402.0,24503.0,85.0,0.008962,sdist16,0.008729,1.0266926337495703,1.0266926337495703,1.0,0.026065027069771124,0.0481411270360666,30402.0,24503.0,85.0,0.8059667127162686,0.0027958686928491547,0.10190221911701101
quick_imp_stage2_cons_s2_sth8_pt8_l1d_ddr4_1x,quick,imp,cons_s2_sth8_pt8,l1d,ddr4_1x,0.00905,9049971969.0,24424723.0,27177093.0,0.899121,181688.0,9225463.0,28489.0,83105.0,208277.0,40037.0,124.0,,,,0.008793,sdist16,0.008497,1.0348358244086149,0.9716022099447513,0.9388950276243092,0.01969418770635143,0.34280729198002524,208277.0,40037.0,124.0,0.19222957887812864,0.0005953609856105091,0.22036127867553168
quick_imp_stage2_cons_s2_sth8_pt8_l1d_ddr4_2x,quick,imp,cons_s2_sth8_pt8,l1d,ddr4_2x,0.008995,8995362633.0,24424723.0,27013101.0,0.904579,178150.0,9223197.0,28491.0,83104.0,204808.0,40392.0,123.0,,,,0.008745,sdist16,0.008459,1.0338101430429127,0.9722067815453029,0.9404113396331295,0.01931542826202238,0.34283548324990376,204808.0,40392.0,123.0,0.19721885863833444,0.000600562478028202,0.2267302834689868
quick_imp_stage2_cons_s2_sth8_pt8_l2_ddr4_1x,quick,imp,cons_s2_sth8_pt8,l2,ddr4_1x,0.009233,9233103321.0,24424723.0,27727037.0,0.881287,271287.0,9249025.0,14323.0,82825.0,,,,27142.0,14168.0,5.0,0.00905,sdist16,0.008812,1.0270086246028145,0.9801797898841115,0.9544026860175459,0.02933141601412041,0.1729308783579837,27142.0,14168.0,5.0,0.5219954314346769,0.00018421634367401076,0.05222513426739947
quick_imp_stage2_cons_s2_sth8_pt8_l2_ddr4_2x,quick,imp,cons_s2_sth8_pt8,l2,ddr4_2x,0.009137,9137081106.0,24424723.0,27438682.0,0.890549,271242.0,9248930.0,14154.0,82826.0,,,,26715.0,14340.0,6.0,0.008962,sdist16,0.008729,1.0266926337495703,0.9808471051767539,0.9553463937835177,0.029326851862864135,0.17088836838673846,26715.0,14340.0,6.0,0.5367770915216171,0.00022459292532285232,0.05286791868515938
quick_imp_stage2_cons_s8_sth8_pt8_ipd8_l1d_ddr4_1x,quick,imp,cons_s8_sth8_pt8_ipd8,l1d,ddr4_1x,0.008623,8623324044.0,24424718.0,25895868.0,0.943605,85342.0,9179065.0,28518.0,84512.0,169579.0,63346.0,959.0,,,,0.008793,sdist16,0.008497,1.0348358244086149,1.0197147164559899,0.9853879160385015,0.009297461124853131,0.3374432033320712,169579.0,63346.0,959.0,0.3735486115615731,0.00565518136089964,0.7422605516627218
quick_imp_stage2_cons_s8_sth8_pt8_ipd8_l1d_ddr4_2x,quick,imp,cons_s8_sth8_pt8_ipd8,l1d,ddr4_2x,0.008586,8585656749.0,24424723.0,25782753.0,0.947745,84033.0,9178648.0,28526.0,84486.0,168370.0,63330.0,932.0,,,,0.008745,sdist16,0.008459,1.0338101430429127,1.0185185185185184,0.9852084789191707,0.009155269926464116,0.33764173945979215,168370.0,63330.0,932.0,0.37613589119201757,0.005535427926590248,0.753632501517261
quick_imp_stage2_cons_s8_sth8_pt8_ipd8_l2_ddr4_1x,quick,imp,cons_s8_sth8_pt8_ipd8,l2,ddr4_1x,0.008941,8940758625.0,24424723.0,26849125.0,0.910103,250094.0,9233024.0,6252.0,82825.0,,,,31963.0,22252.0,45.0,0.00905,sdist16,0.008812,1.0270086246028145,1.0121910300861203,0.9855720836595461,0.02708690023983475,0.07548445517657712,31963.0,22252.0,45.0,0.696179958076526,0.0014078778587742076,0.08897454557086536
quick_imp_stage2_cons_s8_sth8_pt8_ipd8_l2_ddr4_2x,quick,imp,cons_s8_sth8_pt8_ipd8,l2,ddr4_2x,0.008851,8851323483.0,24424718.0,26580551.0,0.919299,247773.0,9231130.0,6250.0,82820.0,,,,31770.0,22251.0,45.0,0.008962,sdist16,0.008729,1.0266926337495703,1.0125409558242007,0.9862162467517795,0.02684102596323527,0.07546486355952668,31770.0,22251.0,45.0,0.7003777148253069,0.00141643059490085,0.0898039737985979
quick_imp_stage2_default_l1d_ddr4_1x,quick,imp,default,l1d,ddr4_1x,0.008793,8793151380.0,24424718.0,26405860.0,0.925381,118676.0,9196508.0,28510.0,83811.0,180571.0,54939.0,492.0,,,,0.008793,sdist16,0.008497,1.0348358244086149,1.0,0.9663368588650061,0.012904463302810153,0.3401701447304053,180571.0,54939.0,492.0,0.30425151325517386,0.0027246900111313555,0.4629326906872493
quick_imp_stage2_default_l1d_ddr4_2x,quick,imp,default,l1d,ddr4_2x,0.008745,8744824422.0,24424718.0,26260734.0,0.930495,116518.0,9195236.0,28508.0,83822.0,178412.0,54981.0,504.0,,,,0.008745,sdist16,0.008459,1.0338101430429127,1.0,0.9672955974842767,0.012671561665192715,0.3401016439598196,178412.0,54981.0,504.0,0.3081687330448625,0.002824922090442347,0.4718670076726343
quick_imp_stage2_default_l2_ddr4_1x,quick,imp,default,l2,ddr4_1x,0.00905,9049646628.0,24424718.0,27176116.0,0.899153,257535.0,9238310.0,9310.0,82822.0,,,,30844.0,19182.0,29.0,0.00905,sdist16,0.008812,1.0270086246028145,1.0,0.9737016574585635,0.027876851935040067,0.11240974620269976,30844.0,19182.0,29.0,0.621903773829594,0.0009402152768771884,0.07448307996971286
quick_imp_stage2_default_l2_ddr4_2x,quick,imp,default,l2,ddr4_2x,0.008962,8961787908.0,24424723.0,26912276.0,0.907968,256971.0,9237977.0,9317.0,82825.0,,,,30841.0,19180.0,27.0,0.008962,sdist16,0.008729,1.0266926337495703,1.0,0.9740013389868334,0.027816804480028472,0.11249019015997586,30841.0,19180.0,27.0,0.6218994196037742,0.0008754579942284621,0.07463877246848866
quick_imp_stage2_s16_dist32_addr16_l1d_ddr4_1x,quick,imp,s16_dist32_addr16,l1d,ddr4_1x,0.008497,8497387440.0,24424723.0,25517680.0,0.95759,59414.0,9167049.0,28515.0,85137.0,165998.0,70140.0,1297.0,,,,0.008793,sdist16,0.008497,1.0348358244086149,1.0348358244086149,1.0,0.006481256945392132,0.3349307586595722,165998.0,70140.0,1297.0,0.4225352112676056,0.007813347148760828,1.1805298414515097
quick_imp_stage2_s16_dist32_addr16_l1d_ddr4_2x,quick,imp,s16_dist32_addr16,l1d,ddr4_2x,0.008459,8459326872.0,24424732.0,25403384.0,0.961899,57720.0,9165808.0,28531.0,85108.0,162834.0,70256.0,1252.0,,,,0.008745,sdist16,0.008459,1.0338101430429127,1.0338101430429127,1.0,0.006297317159600114,0.33523288057526907,162834.0,70256.0,1252.0,0.4314578036527998,0.007688811918886719,1.2171864171864173
quick_imp_stage2_s16_dist32_addr16_l2_ddr4_1x,quick,imp,s16_dist32_addr16,l2,ddr4_1x,0.008812,8812392453.0,24424718.0,26463641.0,0.92336,242742.0,9227157.0,3981.0,82820.0,,,,30092.0,24510.0,32.0,0.00905,sdist16,0.008812,1.0270086246028145,1.0270086246028143,1.0,0.026307344721673207,0.04806809949287612,30092.0,24510.0,32.0,0.8145021932739599,0.0010634055562940316,0.10097140173517562
quick_imp_stage2_s16_dist32_addr16_l2_ddr4_2x,quick,imp,s16_dist32_addr16,l2,ddr4_2x,0.008729,8729331930.0,24424723.0,26214210.0,0.932146,240499.0,9225301.0,4006.0,82824.0,,,,30347.0,24489.0,32.0,0.008962,sdist16,0.008729,1.0266926337495703,1.0266926337495703,1.0,0.026069501688887983,0.048367622911233456,30347.0,24489.0,32.0,0.8069660922002175,0.0010544699640821168,0.10182578721741047
quick_imp_stage2_s16_dist8_addr16_l1d_ddr4_1x,quick,imp,s16_dist8_addr16,l1d,ddr4_1x,0.008497,8497387440.0,24424723.0,25517680.0,0.95759,59414.0,9167049.0,28515.0,85137.0,165998.0,70140.0,1297.0,,,,0.008793,sdist16,0.008497,1.0348358244086149,1.0348358244086149,1.0,0.006481256945392132,0.3349307586595722,165998.0,70140.0,1297.0,0.4225352112676056,0.007813347148760828,1.1805298414515097
quick_imp_stage2_s16_dist8_addr16_l1d_ddr4_2x,quick,imp,s16_dist8_addr16,l1d,ddr4_2x,0.008459,8459326872.0,24424732.0,25403384.0,0.961899,57720.0,9165808.0,28531.0,85108.0,162834.0,70256.0,1252.0,,,,0.008745,sdist16,0.008459,1.0338101430429127,1.0338101430429127,1.0,0.006297317159600114,0.33523288057526907,162834.0,70256.0,1252.0,0.4314578036527998,0.007688811918886719,1.2171864171864173
quick_imp_stage2_s16_dist8_addr16_l2_ddr4_1x,quick,imp,s16_dist8_addr16,l2,ddr4_1x,0.008812,8812392453.0,24424718.0,26463641.0,0.92336,242742.0,9227157.0,3981.0,82820.0,,,,30092.0,24510.0,32.0,0.00905,sdist16,0.008812,1.0270086246028145,1.0270086246028143,1.0,0.026307344721673207,0.04806809949287612,30092.0,24510.0,32.0,0.8145021932739599,0.0010634055562940316,0.10097140173517562
quick_imp_stage2_s16_dist8_addr16_l2_ddr4_2x,quick,imp,s16_dist8_addr16,l2,ddr4_2x,0.008729,8729331930.0,24424723.0,26214210.0,0.932146,240499.0,9225301.0,4006.0,82824.0,,,,30347.0,24489.0,32.0,0.008962,sdist16,0.008729,1.0266926337495703,1.0266926337495703,1.0,0.026069501688887983,0.048367622911233456,30347.0,24489.0,32.0,0.8069660922002175,0.0010544699640821168,0.10182578721741047
quick_imp_stage2_s16_ipd16_addr16_l1d_ddr4_1x,quick,imp,s16_ipd16_addr16,l1d,ddr4_1x,0.008497,8497387440.0,24424723.0,25517680.0,0.95759,59414.0,9167049.0,28515.0,85137.0,165998.0,70140.0,1297.0,,,,0.008793,sdist16,0.008497,1.0348358244086149,1.0348358244086149,1.0,0.006481256945392132,0.3349307586595722,165998.0,70140.0,1297.0,0.4225352112676056,0.007813347148760828,1.1805298414515097
quick_imp_stage2_s16_ipd16_addr16_l1d_ddr4_2x,quick,imp,s16_ipd16_addr16,l1d,ddr4_2x,0.008459,8459326872.0,24424732.0,25403384.0,0.961899,57720.0,9165808.0,28531.0,85108.0,162834.0,70256.0,1252.0,,,,0.008745,sdist16,0.008459,1.0338101430429127,1.0338101430429127,1.0,0.006297317159600114,0.33523288057526907,162834.0,70256.0,1252.0,0.4314578036527998,0.007688811918886719,1.2171864171864173
quick_imp_stage2_s16_ipd16_addr16_l2_ddr4_1x,quick,imp,s16_ipd16_addr16,l2,ddr4_1x,0.008812,8812392453.0,24424718.0,26463641.0,0.92336,242742.0,9227157.0,3981.0,82820.0,,,,30092.0,24510.0,32.0,0.00905,sdist16,0.008812,1.0270086246028145,1.0270086246028143,1.0,0.026307344721673207,0.04806809949287612,30092.0,24510.0,32.0,0.8145021932739599,0.0010634055562940316,0.10097140173517562
quick_imp_stage2_s16_ipd16_addr16_l2_ddr4_2x,quick,imp,s16_ipd16_addr16,l2,ddr4_2x,0.008729,8729331930.0,24424723.0,26214210.0,0.932146,240499.0,9225301.0,4006.0,82824.0,,,,30347.0,24489.0,32.0,0.008962,sdist16,0.008729,1.0266926337495703,1.0266926337495703,1.0,0.026069501688887983,0.048367622911233456,30347.0,24489.0,32.0,0.8069660922002175,0.0010544699640821168,0.10182578721741047
quick_imp_stage2_s16_ipd16_pt32_l1d_ddr4_1x,quick,imp,s16_ipd16_pt32,l1d,ddr4_1x,0.008497,8497387440.0,24424723.0,25517680.0,0.95759,59414.0,9167049.0,28515.0,85137.0,165998.0,70140.0,1297.0,,,,0.008793,sdist16,0.008497,1.0348358244086149,1.0348358244086149,1.0,0.006481256945392132,0.3349307586595722,165998.0,70140.0,1297.0,0.4225352112676056,0.007813347148760828,1.1805298414515097
quick_imp_stage2_s16_ipd16_pt32_l1d_ddr4_2x,quick,imp,s16_ipd16_pt32,l1d,ddr4_2x,0.008459,8459326872.0,24424732.0,25403384.0,0.961899,57720.0,9165808.0,28531.0,85108.0,162834.0,70256.0,1252.0,,,,0.008745,sdist16,0.008459,1.0338101430429127,1.0338101430429127,1.0,0.006297317159600114,0.33523288057526907,162834.0,70256.0,1252.0,0.4314578036527998,0.007688811918886719,1.2171864171864173
quick_imp_stage2_s16_ipd16_pt32_l2_ddr4_1x,quick,imp,s16_ipd16_pt32,l2,ddr4_1x,0.008812,8812392453.0,24424718.0,26463641.0,0.92336,242742.0,9227157.0,3981.0,82820.0,,,,30092.0,24510.0,32.0,0.00905,sdist16,0.008812,1.0270086246028145,1.0270086246028143,1.0,0.026307344721673207,0.04806809949287612,30092.0,24510.0,32.0,0.8145021932739599,0.0010634055562940316,0.10097140173517562
quick_imp_stage2_s16_ipd16_pt32_l2_ddr4_2x,quick,imp,s16_ipd16_pt32,l2,ddr4_2x,0.008729,8729331930.0,24424723.0,26214210.0,0.932146,240499.0,9225301.0,4006.0,82824.0,,,,30347.0,24489.0,32.0,0.008962,sdist16,0.008729,1.0266926337495703,1.0266926337495703,1.0,0.026069501688887983,0.048367622911233456,30347.0,24489.0,32.0,0.8069660922002175,0.0010544699640821168,0.10182578721741047
quick_imp_stage2_s16_ipd8_addr8_l1d_ddr4_1x,quick,imp,s16_ipd8_addr8,l1d,ddr4_1x,0.008497,8497387440.0,24424723.0,25517680.0,0.95759,59414.0,9167049.0,28515.0,85137.0,165998.0,70140.0,1297.0,,,,0.008793,sdist16,0.008497,1.0348358244086149,1.0348358244086149,1.0,0.006481256945392132,0.3349307586595722,165998.0,70140.0,1297.0,0.4225352112676056,0.007813347148760828,1.1805298414515097
quick_imp_stage2_s16_ipd8_addr8_l1d_ddr4_2x,quick,imp,s16_ipd8_addr8,l1d,ddr4_2x,0.008459,8459326872.0,24424732.0,25403384.0,0.961899,57720.0,9165808.0,28531.0,85108.0,162834.0,70256.0,1252.0,,,,0.008745,sdist16,0.008459,1.0338101430429127,1.0338101430429127,1.0,0.006297317159600114,0.33523288057526907,162834.0,70256.0,1252.0,0.4314578036527998,0.007688811918886719,1.2171864171864173
quick_imp_stage2_s16_ipd8_addr8_l2_ddr4_1x,quick,imp,s16_ipd8_addr8,l2,ddr4_1x,0.008812,8812392453.0,24424718.0,26463641.0,0.92336,242742.0,9227157.0,3981.0,82820.0,,,,30092.0,24510.0,32.0,0.00905,sdist16,0.008812,1.0270086246028145,1.0270086246028143,1.0,0.026307344721673207,0.04806809949287612,30092.0,24510.0,32.0,0.8145021932739599,0.0010634055562940316,0.10097140173517562
quick_imp_stage2_s16_ipd8_addr8_l2_ddr4_2x,quick,imp,s16_ipd8_addr8,l2,ddr4_2x,0.008729,8729331930.0,24424723.0,26214210.0,0.932146,240499.0,9225301.0,4006.0,82824.0,,,,30347.0,24489.0,32.0,0.008962,sdist16,0.008729,1.0266926337495703,1.0266926337495703,1.0,0.026069501688887983,0.048367622911233456,30347.0,24489.0,32.0,0.8069660922002175,0.0010544699640821168,0.10182578721741047
quick_imp_stage2_s16_l1d_ddr4_1x,quick,imp,s16,l1d,ddr4_1x,0.008497,8497387440.0,24424723.0,25517680.0,0.95759,59414.0,9167049.0,28515.0,85137.0,165998.0,70140.0,1297.0,,,,0.008793,sdist16,0.008497,1.0348358244086149,1.0348358244086149,1.0,0.006481256945392132,0.3349307586595722,165998.0,70140.0,1297.0,0.4225352112676056,0.007813347148760828,1.1805298414515097
quick_imp_stage2_s16_l1d_ddr4_2x,quick,imp,s16,l1d,ddr4_2x,0.008459,8459326872.0,24424732.0,25403384.0,0.961899,57720.0,9165808.0,28531.0,85108.0,162834.0,70256.0,1252.0,,,,0.008745,sdist16,0.008459,1.0338101430429127,1.0338101430429127,1.0,0.006297317159600114,0.33523288057526907,162834.0,70256.0,1252.0,0.4314578036527998,0.007688811918886719,1.2171864171864173
quick_imp_stage2_s16_l2_ddr4_1x,quick,imp,s16,l2,ddr4_1x,0.008812,8812392453.0,24424718.0,26463641.0,0.92336,242742.0,9227157.0,3981.0,82820.0,,,,30092.0,24510.0,32.0,0.00905,sdist16,0.008812,1.0270086246028145,1.0270086246028143,1.0,0.026307344721673207,0.04806809949287612,30092.0,24510.0,32.0,0.8145021932739599,0.0010634055562940316,0.10097140173517562
quick_imp_stage2_s16_l2_ddr4_2x,quick,imp,s16,l2,ddr4_2x,0.008729,8729331930.0,24424723.0,26214210.0,0.932146,240499.0,9225301.0,4006.0,82824.0,,,,30347.0,24489.0,32.0,0.008962,sdist16,0.008729,1.0266926337495703,1.0266926337495703,1.0,0.026069501688887983,0.048367622911233456,30347.0,24489.0,32.0,0.8069660922002175,0.0010544699640821168,0.10182578721741047
quick_imp_stage2_s16_pt8_sth2_l1d_ddr4_1x,quick,imp,s16_pt8_sth2,l1d,ddr4_1x,0.00849,8490490011.0,24424718.0,25496967.0,0.958368,59116.0,9166631.0,28507.0,85194.0,165289.0,70193.0,1341.0,,,,0.008793,sdist16,0.008497,1.0348358244086149,1.0356890459363959,1.0008244994110718,0.006449043274459286,0.3346127661572411,165289.0,70193.0,1341.0,0.42466830823587776,0.008113062575246991,1.1873773597672372
quick_imp_stage2_s16_pt8_sth2_l1d_ddr4_2x,quick,imp,s16_pt8_sth2,l1d,ddr4_2x,0.008459,8459277588.0,24424718.0,25403236.0,0.961904,57633.0,9165991.0,28527.0,85164.0,162965.0,70261.0,1321.0,,,,0.008745,sdist16,0.008459,1.0338101430429127,1.0338101430429127,1.0,0.0062876998242743206,0.3349654783711427,162965.0,70261.0,1321.0,0.43114165618384315,0.008106035038198386,1.2191105790085541
quick_imp_stage2_s16_pt8_sth2_l2_ddr4_1x,quick,imp,s16_pt8_sth2,l2,ddr4_1x,0.008815,8814562947.0,24424718.0,26470159.0,0.923133,242693.0,9227041.0,3970.0,82818.0,,,,30122.0,24519.0,39.0,0.00905,sdist16,0.008812,1.0270086246028145,1.0266591038003405,0.9996596710153148,0.02630236497269276,0.04793643893839503,30122.0,24519.0,39.0,0.8139897749153443,0.0012947347453688334,0.10102887186692652
quick_imp_stage2_s16_pt8_sth2_l2_ddr4_2x,quick,imp,s16_pt8_sth2,l2,ddr4_2x,0.008729,8729217045.0,24424723.0,26213865.0,0.932159,240447.0,9225218.0,3993.0,82823.0,,,,30358.0,24501.0,39.0,0.008962,sdist16,0.008729,1.0266926337495703,1.0266926337495703,1.0,0.02606409951504669,0.048211245668473734,30358.0,24501.0,39.0,0.807068976875947,0.0012846696093286778,0.10189771550487217
quick_imp_stage2_s16_pt8_sth8_l1d_ddr4_1x,quick,imp,s16_pt8_sth8,l1d,ddr4_1x,0.00849,8489955879.0,24424718.0,25495363.0,0.958428,59358.0,9166431.0,28509.0,85106.0,164132.0,69935.0,1212.0,,,,0.008793,sdist16,0.008497,1.0348358244086149,1.0356890459363959,1.0008244994110718,0.006475584663212978,0.3349822574201584,164132.0,69935.0,1212.0,0.42608997636049034,0.007384300441108376,1.178189965969204
quick_imp_stage2_s16_pt8_sth8_l1d_ddr4_2x,quick,imp,s16_pt8_sth8,l1d,ddr4_2x,0.00846,8459615916.0,24424723.0,25404252.0,0.961866,57993.0,9165735.0,28518.0,85105.0,161960.0,70027.0,1195.0,,,,0.008745,sdist16,0.008459,1.0338101430429127,1.0336879432624113,0.9998817966903072,0.0063271521596467714,0.33509194524411023,161960.0,70027.0,1195.0,0.43237219066436156,0.0073783650284020745,1.207507802665839
quick_imp_stage2_s16_pt8_sth8_l2_ddr4_1x,quick,imp,s16_pt8_sth8,l2,ddr4_1x,0.008816,8815810365.0,24424718.0,26473905.0,0.923002,242759.0,9227193.0,4019.0,82821.0,,,,30037.0,24472.0,29.0,0.00905,sdist16,0.008812,1.0270086246028145,1.0265426497277679,0.9995462794918332,0.02630908446371502,0.048526339937938444,30037.0,24472.0,29.0,0.8147285015147984,0.0009654759130405833,0.10080779703327168
quick_imp_stage2_s16_pt8_sth8_l2_ddr4_2x,quick,imp,s16_pt8_sth8,l2,ddr4_2x,0.008732,8732147778.0,24424723.0,26222666.0,0.931846,240538.0,9225297.0,4040.0,82825.0,,,,30262.0,24456.0,29.0,0.008962,sdist16,0.008729,1.0266926337495703,1.0263398992212551,0.9996564360971141,0.026073740498544384,0.04877754301237549,30262.0,24456.0,29.0,0.8081422245720706,0.0009582975348622035,0.10167208507595474
quick_imp_stage2_s16_sth2_l1d_ddr4_1x,quick,imp,s16_sth2,l1d,ddr4_1x,0.008497,8497104723.0,24424718.0,25516831.0,0.957622,59160.0,9167416.0,28554.0,85487.0,166306.0,70318.0,1512.0,,,,0.008793,sdist16,0.008497,1.0348358244086149,1.0348358244086149,1.0,0.006453290654640304,0.33401569829330774,166306.0,70318.0,1512.0,0.4228229889480837,0.009091674383365602,1.188607167004733
quick_imp_stage2_s16_sth2_l1d_ddr4_2x,quick,imp,s16_sth2,l1d,ddr4_2x,0.00846,8459544654.0,24424723.0,25404038.0,0.961874,57597.0,9165998.0,28580.0,85433.0,163282.0,70405.0,1448.0,,,,0.008745,sdist16,0.008459,1.0338101430429127,1.0336879432624113,0.9998817966903072,0.00628376746318295,0.3345311530673159,163282.0,70405.0,1448.0,0.43118653617667596,0.008868093237466469,1.222372693022206
quick_imp_stage2_s16_sth2_l2_ddr4_1x,quick,imp,s16_sth2,l2,ddr4_1x,0.008815,8814529980.0,24424718.0,26470060.0,0.923136,242700.0,9227056.0,3968.0,82818.0,,,,30166.0,24521.0,85.0,0.00905,sdist16,0.008812,1.0270086246028145,1.0266591038003405,0.9996596710153148,0.026303080852657663,0.04791228959887947,30166.0,24521.0,85.0,0.8128687926805013,0.002817741828548697,0.10103419859909353
quick_imp_stage2_s16_sth2_l2_ddr4_2x,quick,imp,s16_sth2,l2,ddr4_2x,0.008729,8728624305.0,24424718.0,26212085.0,0.932222,240456.0,9225235.0,3987.0,82819.0,,,,30402.0,24503.0,85.0,0.008962,sdist16,0.008729,1.0266926337495703,1.0266926337495703,1.0,0.026065027069771124,0.0481411270360666,30402.0,24503.0,85.0,0.8059667127162686,0.0027958686928491547,0.10190221911701101
quick_imp_stage2_s16_sth8_l1d_ddr4_1x,quick,imp,s16_sth8,l1d,ddr4_1x,0.00849,8490007827.0,24424723.0,25495519.0,0.958423,59063.0,9166344.0,28514.0,85097.0,164158.0,70080.0,1228.0,,,,0.008793,sdist16,0.008497,1.0348358244086149,1.0356890459363959,1.0008244994110718,0.006443463173540072,0.3350764421777501,164158.0,70080.0,1228.0,0.4269057858892043,0.007480597960501468,1.1865296378443357
quick_imp_stage2_s16_sth8_l1d_ddr4_2x,quick,imp,s16_sth8,l1d,ddr4_2x,0.00846,8460405792.0,24424723.0,25406624.0,0.961776,57718.0,9165703.0,28520.0,85095.0,162039.0,70174.0,1211.0,,,,0.008745,sdist16,0.008459,1.0338101430429127,1.0336879432624113,0.9998817966903072,0.00629717109533224,0.33515482695810567,162039.0,70174.0,1211.0,0.43306858225488926,0.007473509463771067,1.2158078935514052
quick_imp_stage2_s16_sth8_l2_ddr4_1x,quick,imp,s16_sth8,l2,ddr4_1x,0.008812,8812250262.0,24424718.0,26463214.0,0.923375,242753.0,9227193.0,3995.0,82822.0,,,,30052.0,24497.0,29.0,0.00905,sdist16,0.008812,1.0270086246028145,1.0270086246028143,1.0,0.02630843421179117,0.0482359759484195,30052.0,24497.0,29.0,0.8151537335285505,0.0009649940103820046,0.1009132739863153
quick_imp_stage2_s16_sth8_l2_ddr4_2x,quick,imp,s16_sth8,l2,ddr4_2x,0.008732,8731727865.0,24424718.0,26221405.0,0.93189,240527.0,9225280.0,4010.0,82820.0,,,,30277.0,24481.0,29.0,0.008962,sdist16,0.008729,1.0266926337495703,1.0263398992212551,0.9996564360971141,0.026072596170522738,0.04841825645979232,30277.0,24481.0,29.0,0.8085675595336393,0.0009578227697592232,0.10178067327160777
quick_imp_stage2_s2_l1d_ddr4_1x,quick,imp,s2,l1d,ddr4_1x,0.009046,9046025253.0,24424718.0,27165241.0,0.899513,181405.0,9225311.0,28490.0,83110.0,208952.0,40162.0,136.0,,,,0.008793,sdist16,0.008497,1.0348358244086149,0.9720318372761442,0.93931019235021,0.019663835723261795,0.3427987005173866,208952.0,40162.0,136.0,0.192206822619549,0.0006508671848079942,0.22139411813345827
quick_imp_stage2_s2_l1d_ddr4_2x,quick,imp,s2,l1d,ddr4_2x,0.008995,8995483179.0,24424723.0,27013463.0,0.904567,177906.0,9222982.0,28497.0,83115.0,205423.0,40526.0,135.0,,,,0.008745,sdist16,0.008459,1.0338101430429127,0.9722067815453029,0.9404113396331295,0.019289422878630794,0.34286229922396677,205423.0,40526.0,135.0,0.19728073292669274,0.0006571805494029393,0.227794453250593
quick_imp_stage2_s2_l2_ddr4_1x,quick,imp,s2,l2,ddr4_1x,0.009232,9231851907.0,24424723.0,27723279.0,0.881407,271279.0,9249036.0,14310.0,82823.0,,,,27119.0,14180.0,8.0,0.00905,sdist16,0.008812,1.0270086246028145,0.9802859618717504,0.9545060658578856,0.029330516174874872,0.1727780930417879,27119.0,14180.0,8.0,0.5228806371916369,0.0002949961281758177,0.05227090928527457
quick_imp_stage2_s2_l2_ddr4_2x,quick,imp,s2,l2,ddr4_2x,0.009136,9135820701.0,24424723.0,27434897.0,0.890672,271726.0,9249176.0,14153.0,82826.0,,,,26714.0,14340.0,9.0,0.008962,sdist16,0.008729,1.0266926337495703,0.980954465849387,0.9554509632224168,0.029378400843491356,0.1708762948832492,26714.0,14340.0,9.0,0.536797184996631,0.00033690199895186043,0.05277375002760133
quick_imp_stage2_s2_sth2_l1d_ddr4_1x,quick,imp,s2_sth2,l1d,ddr4_1x,0.009048,9048026916.0,24424732.0,27171252.0,0.899314,181195.0,9224614.0,28499.0,83116.0,209090.0,40185.0,149.0,,,,0.008793,sdist16,0.008497,1.0348358244086149,0.971816976127321,0.939102564102564,0.019642556317261622,0.3428822368737668,209090.0,40185.0,149.0,0.19218996604333063,0.0007126117939643216,0.22177764287094015
quick_imp_stage2_s2_sth2_l1d_ddr4_2x,quick,imp,s2_sth2,l1d,ddr4_2x,0.008995,8994717612.0,24424718.0,27011164.0,0.904644,178044.0,9222758.0,28497.0,83117.0,205818.0,40531.0,150.0,,,,0.008745,sdist16,0.008459,1.0338101430429127,0.9722067815453029,0.9404113396331295,0.019304854361352645,0.3428540491114934,205818.0,40531.0,150.0,0.19692641071237696,0.0007287992303880127,0.22764597515220958
quick_imp_stage2_s2_sth2_l2_ddr4_1x,quick,imp,s2_sth2,l2,ddr4_1x,0.009231,9230991102.0,24424718.0,27720694.0,0.881489,271118.0,9248874.0,14296.0,82819.0,,,,27030.0,14189.0,15.0,0.00905,sdist16,0.008812,1.0270086246028145,0.9803921568627452,0.954609468096631,0.0293136223933854,0.1726173945592195,27030.0,14189.0,15.0,0.5249352571217166,0.0005549389567147614,0.05233514558236635
quick_imp_stage2_s2_sth2_l2_ddr4_2x,quick,imp,s2_sth2,l2,ddr4_2x,0.009137,9137106414.0,24424723.0,27438758.0,0.890546,271709.0,9249230.0,14160.0,82827.0,,,,26683.0,14334.0,16.0,0.008962,sdist16,0.008729,1.0266926337495703,0.9808471051767539,0.9553463937835177,0.029376391332035207,0.17095874533666558,26683.0,14334.0,16.0,0.5371959674699247,0.0005996327249559645,0.05275496947101495
quick_imp_stage2_s2_sth8_l1d_ddr4_1x,quick,imp,s2_sth8,l1d,ddr4_1x,0.009049,9048669273.0,24424723.0,27173181.0,0.89925,181544.0,9225285.0,28489.0,83104.0,208636.0,40134.0,125.0,,,,0.008793,sdist16,0.008497,1.0348358244086149,0.97170958116919,0.9389987843960658,0.01967895842784261,0.342811417019638,208636.0,40134.0,125.0,0.1923637339672923,0.0005991295845395809,0.22107037412417926
quick_imp_stage2_s2_sth8_l1d_ddr4_2x,quick,imp,s2_sth8,l1d,ddr4_2x,0.008995,8995015314.0,24424723.0,27012058.0,0.904614,177939.0,9223015.0,28490.0,83101.0,205098.0,40487.0,123.0,,,,0.008745,sdist16,0.008459,1.0338101430429127,0.9722067815453029,0.9404113396331295,0.019292931866640137,0.3428358262836789,205098.0,40487.0,123.0,0.1974031926201133,0.0005997133077845712,0.22753303098252772
quick_imp_stage2_s2_sth8_l2_ddr4_1x,quick,imp,s2_sth8,l2,ddr4_1x,0.009232,9231772986.0,24424723.0,27723042.0,0.881414,271235.0,9248944.0,14319.0,82824.0,,,,27105.0,14171.0,6.0,0.00905,sdist16,0.008812,1.0270086246028145,0.9802859618717504,0.9545060658578856,0.029326050628050077,0.17288467110982325,27105.0,14171.0,6.0,0.5228186681424092,0.00022136137244050912,0.05224620716352978
quick_imp_stage2_s2_sth8_l2_ddr4_2x,quick,imp,s2_sth8,l2,ddr4_2x,0.009137,9137086767.0,24424723.0,27438699.0,0.890548,271277.0,9248832.0,14152.0,82826.0,,,,26696.0,14342.0,7.0,0.008962,sdist16,0.008729,1.0266926337495703,0.9808471051767539,0.9553463937835177,0.02933094686983178,0.17086422137975998,26696.0,14342.0,7.0,0.5372340425531915,0.0002622115672759964,0.05286847023522082
quick_imp_stage2_s8_dist32_addr8_l1d_ddr4_1x,quick,imp,s8_dist32_addr8,l1d,ddr4_1x,0.008624,8623867500.0,24424718.0,25897500.0,0.943546,84984.0,9179207.0,28533.0,84779.0,170791.0,63733.0,1042.0,,,,0.008793,sdist16,0.008497,1.0348358244086149,1.019596474953618,0.985273654916512,0.009258316105084024,0.3365574021868623,170791.0,63733.0,1042.0,0.37316369129520877,0.0061010240586447766,0.7499411653958392
quick_imp_stage2_s8_dist32_addr8_l1d_ddr4_2x,quick,imp,s8_dist32_addr8,l1d,ddr4_2x,0.008586,8586397341.0,24424718.0,25784977.0,0.947663,84081.0,9178669.0,28533.0,84734.0,169490.0,63656.0,1001.0,,,,0.008745,sdist16,0.008459,1.0338101430429127,1.0185185185185184,0.9852084789191707,0.009160478496392016,0.3367361389760899,169490.0,63656.0,1001.0,0.3755737801640215,0.005905953153578382,0.7570794828796041
quick_imp_stage2_s8_dist32_addr8_l2_ddr4_1x,quick,imp,s8_dist32_addr8,l2,ddr4_1x,0.008941,8940925458.0,24424723.0,26849626.0,0.910086,250014.0,9232908.0,6238.0,82824.0,,,,32132.0,22266.0,45.0,0.00905,sdist16,0.008812,1.0270086246028145,1.0121910300861203,0.9855720836595461,0.027078575893965368,0.0753163334299237,32132.0,22266.0,45.0,0.6929540644840035,0.001400473048674219,0.08905901269528907
quick_imp_stage2_s8_dist32_addr8_l2_ddr4_2x,quick,imp,s8_dist32_addr8,l2,ddr4_2x,0.008854,8853907563.0,24424739.0,26588311.0,0.919032,247788.0,9231125.0,6239.0,82823.0,,,,32106.0,22265.0,43.0,0.008962,sdist16,0.008729,1.0266926337495703,1.0121978766659137,0.9858820871922295,0.02684266543893621,0.07532931673568936,32106.0,22265.0,43.0,0.6934840839718432,0.0013393135239519094,0.08985503737065556
quick_imp_stage2_s8_dist8_addr8_l1d_ddr4_1x,quick,imp,s8_dist8_addr8,l1d,ddr4_1x,0.008624,8623867500.0,24424718.0,25897500.0,0.943546,84984.0,9179207.0,28533.0,84779.0,170791.0,63733.0,1042.0,,,,0.008793,sdist16,0.008497,1.0348358244086149,1.019596474953618,0.985273654916512,0.009258316105084024,0.3365574021868623,170791.0,63733.0,1042.0,0.37316369129520877,0.0061010240586447766,0.7499411653958392
quick_imp_stage2_s8_dist8_addr8_l1d_ddr4_2x,quick,imp,s8_dist8_addr8,l1d,ddr4_2x,0.008586,8586397341.0,24424718.0,25784977.0,0.947663,84081.0,9178669.0,28533.0,84734.0,169490.0,63656.0,1001.0,,,,0.008745,sdist16,0.008459,1.0338101430429127,1.0185185185185184,0.9852084789191707,0.009160478496392016,0.3367361389760899,169490.0,63656.0,1001.0,0.3755737801640215,0.005905953153578382,0.7570794828796041
quick_imp_stage2_s8_dist8_addr8_l2_ddr4_1x,quick,imp,s8_dist8_addr8,l2,ddr4_1x,0.008941,8940925458.0,24424723.0,26849626.0,0.910086,250014.0,9232908.0,6238.0,82824.0,,,,32132.0,22266.0,45.0,0.00905,sdist16,0.008812,1.0270086246028145,1.0121910300861203,0.9855720836595461,0.027078575893965368,0.0753163334299237,32132.0,22266.0,45.0,0.6929540644840035,0.001400473048674219,0.08905901269528907
quick_imp_stage2_s8_dist8_addr8_l2_ddr4_2x,quick,imp,s8_dist8_addr8,l2,ddr4_2x,0.008854,8853907563.0,24424739.0,26588311.0,0.919032,247788.0,9231125.0,6239.0,82823.0,,,,32106.0,22265.0,43.0,0.008962,sdist16,0.008729,1.0266926337495703,1.0121978766659137,0.9858820871922295,0.02684266543893621,0.07532931673568936,32106.0,22265.0,43.0,0.6934840839718432,0.0013393135239519094,0.08985503737065556
quick_imp_stage2_s8_ipd16_addr16_l1d_ddr4_1x,quick,imp,s8_ipd16_addr16,l1d,ddr4_1x,0.008624,8623867500.0,24424718.0,25897500.0,0.943546,84984.0,9179207.0,28533.0,84779.0,170791.0,63733.0,1042.0,,,,0.008793,sdist16,0.008497,1.0348358244086149,1.019596474953618,0.985273654916512,0.009258316105084024,0.3365574021868623,170791.0,63733.0,1042.0,0.37316369129520877,0.0061010240586447766,0.7499411653958392
quick_imp_stage2_s8_ipd16_addr16_l1d_ddr4_2x,quick,imp,s8_ipd16_addr16,l1d,ddr4_2x,0.008586,8586397341.0,24424718.0,25784977.0,0.947663,84081.0,9178669.0,28533.0,84734.0,169490.0,63656.0,1001.0,,,,0.008745,sdist16,0.008459,1.0338101430429127,1.0185185185185184,0.9852084789191707,0.009160478496392016,0.3367361389760899,169490.0,63656.0,1001.0,0.3755737801640215,0.005905953153578382,0.7570794828796041
quick_imp_stage2_s8_ipd16_addr16_l2_ddr4_1x,quick,imp,s8_ipd16_addr16,l2,ddr4_1x,0.008941,8940925458.0,24424723.0,26849626.0,0.910086,250014.0,9232908.0,6238.0,82824.0,,,,32132.0,22266.0,45.0,0.00905,sdist16,0.008812,1.0270086246028145,1.0121910300861203,0.9855720836595461,0.027078575893965368,0.0753163334299237,32132.0,22266.0,45.0,0.6929540644840035,0.001400473048674219,0.08905901269528907
quick_imp_stage2_s8_ipd16_addr16_l2_ddr4_2x,quick,imp,s8_ipd16_addr16,l2,ddr4_2x,0.008854,8853907563.0,24424739.0,26588311.0,0.919032,247788.0,9231125.0,6239.0,82823.0,,,,32106.0,22265.0,43.0,0.008962,sdist16,0.008729,1.0266926337495703,1.0121978766659137,0.9858820871922295,0.02684266543893621,0.07532931673568936,32106.0,22265.0,43.0,0.6934840839718432,0.0013393135239519094,0.08985503737065556
quick_imp_stage2_s8_ipd16_pt32_l1d_ddr4_1x,quick,imp,s8_ipd16_pt32,l1d,ddr4_1x,0.008624,8623867500.0,24424718.0,25897500.0,0.943546,84984.0,9179207.0,28533.0,84779.0,170791.0,63733.0,1042.0,,,,0.008793,sdist16,0.008497,1.0348358244086149,1.019596474953618,0.985273654916512,0.009258316105084024,0.3365574021868623,170791.0,63733.0,1042.0,0.37316369129520877,0.0061010240586447766,0.7499411653958392
quick_imp_stage2_s8_ipd16_pt32_l1d_ddr4_2x,quick,imp,s8_ipd16_pt32,l1d,ddr4_2x,0.008586,8586397341.0,24424718.0,25784977.0,0.947663,84081.0,9178669.0,28533.0,84734.0,169490.0,63656.0,1001.0,,,,0.008745,sdist16,0.008459,1.0338101430429127,1.0185185185185184,0.9852084789191707,0.009160478496392016,0.3367361389760899,169490.0,63656.0,1001.0,0.3755737801640215,0.005905953153578382,0.7570794828796041
quick_imp_stage2_s8_ipd16_pt32_l2_ddr4_1x,quick,imp,s8_ipd16_pt32,l2,ddr4_1x,0.008941,8940925458.0,24424723.0,26849626.0,0.910086,250014.0,9232908.0,6238.0,82824.0,,,,32132.0,22266.0,45.0,0.00905,sdist16,0.008812,1.0270086246028145,1.0121910300861203,0.9855720836595461,0.027078575893965368,0.0753163334299237,32132.0,22266.0,45.0,0.6929540644840035,0.001400473048674219,0.08905901269528907
quick_imp_stage2_s8_ipd16_pt32_l2_ddr4_2x,quick,imp,s8_ipd16_pt32,l2,ddr4_2x,0.008854,8853907563.0,24424739.0,26588311.0,0.919032,247788.0,9231125.0,6239.0,82823.0,,,,32106.0,22265.0,43.0,0.008962,sdist16,0.008729,1.0266926337495703,1.0121978766659137,0.9858820871922295,0.02684266543893621,0.07532931673568936,32106.0,22265.0,43.0,0.6934840839718432,0.0013393135239519094,0.08985503737065556
quick_imp_stage2_s8_ipd8_addr8_l1d_ddr4_1x,quick,imp,s8_ipd8_addr8,l1d,ddr4_1x,0.008624,8623867500.0,24424718.0,25897500.0,0.943546,84984.0,9179207.0,28533.0,84779.0,170791.0,63733.0,1042.0,,,,0.008793,sdist16,0.008497,1.0348358244086149,1.019596474953618,0.985273654916512,0.009258316105084024,0.3365574021868623,170791.0,63733.0,1042.0,0.37316369129520877,0.0061010240586447766,0.7499411653958392
quick_imp_stage2_s8_ipd8_addr8_l1d_ddr4_2x,quick,imp,s8_ipd8_addr8,l1d,ddr4_2x,0.008586,8586397341.0,24424718.0,25784977.0,0.947663,84081.0,9178669.0,28533.0,84734.0,169490.0,63656.0,1001.0,,,,0.008745,sdist16,0.008459,1.0338101430429127,1.0185185185185184,0.9852084789191707,0.009160478496392016,0.3367361389760899,169490.0,63656.0,1001.0,0.3755737801640215,0.005905953153578382,0.7570794828796041
quick_imp_stage2_s8_ipd8_addr8_l2_ddr4_1x,quick,imp,s8_ipd8_addr8,l2,ddr4_1x,0.008941,8940925458.0,24424723.0,26849626.0,0.910086,250014.0,9232908.0,6238.0,82824.0,,,,32132.0,22266.0,45.0,0.00905,sdist16,0.008812,1.0270086246028145,1.0121910300861203,0.9855720836595461,0.027078575893965368,0.0753163334299237,32132.0,22266.0,45.0,0.6929540644840035,0.001400473048674219,0.08905901269528907
quick_imp_stage2_s8_ipd8_addr8_l2_ddr4_2x,quick,imp,s8_ipd8_addr8,l2,ddr4_2x,0.008854,8853907563.0,24424739.0,26588311.0,0.919032,247788.0,9231125.0,6239.0,82823.0,,,,32106.0,22265.0,43.0,0.008962,sdist16,0.008729,1.0266926337495703,1.0121978766659137,0.9858820871922295,0.02684266543893621,0.07532931673568936,32106.0,22265.0,43.0,0.6934840839718432,0.0013393135239519094,0.08985503737065556
quick_imp_stage2_s8_l1d_ddr4_1x,quick,imp,s8,l1d,ddr4_1x,0.008624,8623867500.0,24424718.0,25897500.0,0.943546,84984.0,9179207.0,28533.0,84779.0,170791.0,63733.0,1042.0,,,,0.008793,sdist16,0.008497,1.0348358244086149,1.019596474953618,0.985273654916512,0.009258316105084024,0.3365574021868623,170791.0,63733.0,1042.0,0.37316369129520877,0.0061010240586447766,0.7499411653958392
quick_imp_stage2_s8_l1d_ddr4_2x,quick,imp,s8,l1d,ddr4_2x,0.008586,8586397341.0,24424718.0,25784977.0,0.947663,84081.0,9178669.0,28533.0,84734.0,169490.0,63656.0,1001.0,,,,0.008745,sdist16,0.008459,1.0338101430429127,1.0185185185185184,0.9852084789191707,0.009160478496392016,0.3367361389760899,169490.0,63656.0,1001.0,0.3755737801640215,0.005905953153578382,0.7570794828796041
quick_imp_stage2_s8_l2_ddr4_1x,quick,imp,s8,l2,ddr4_1x,0.008941,8940925458.0,24424723.0,26849626.0,0.910086,250014.0,9232908.0,6238.0,82824.0,,,,32132.0,22266.0,45.0,0.00905,sdist16,0.008812,1.0270086246028145,1.0121910300861203,0.9855720836595461,0.027078575893965368,0.0753163334299237,32132.0,22266.0,45.0,0.6929540644840035,0.001400473048674219,0.08905901269528907
quick_imp_stage2_s8_l2_ddr4_2x,quick,imp,s8,l2,ddr4_2x,0.008854,8853907563.0,24424739.0,26588311.0,0.919032,247788.0,9231125.0,6239.0,82823.0,,,,32106.0,22265.0,43.0,0.008962,sdist16,0.008729,1.0266926337495703,1.0121978766659137,0.9858820871922295,0.02684266543893621,0.07532931673568936,32106.0,22265.0,43.0,0.6934840839718432,0.0013393135239519094,0.08985503737065556
quick_imp_stage2_s8_pt8_sth2_l1d_ddr4_1x,quick,imp,s8_pt8_sth2,l1d,ddr4_1x,0.008623,8622646056.0,24424718.0,25893832.0,0.943679,85011.0,9179182.0,28525.0,84598.0,170485.0,63660.0,1003.0,,,,0.008793,sdist16,0.008497,1.0348358244086149,1.0197147164559899,0.9853879160385015,0.009261282759182681,0.33718291212558216,170485.0,63660.0,1003.0,0.3734052849224272,0.005883215532158255,0.7488442672124784
quick_imp_stage2_s8_pt8_sth2_l1d_ddr4_2x,quick,imp,s8_pt8_sth2,l1d,ddr4_2x,0.008586,8586201537.0,24424723.0,25784389.0,0.947685,84153.0,9178993.0,28527.0,84588.0,169566.0,63633.0,997.0,,,,0.008745,sdist16,0.008459,1.0338101430429127,1.0185185185185184,0.9852084789191707,0.009167999147618917,0.3372464179316215,169566.0,63633.0,997.0,0.37526980644704716,0.0058797164525907315,0.7561584257245731
quick_imp_stage2_s8_pt8_sth2_l2_ddr4_1x,quick,imp,s8_pt8_sth2,l2,ddr4_1x,0.008933,8933422302.0,24424732.0,26827094.0,0.910851,250106.0,9232901.0,6233.0,82824.0,,,,32112.0,22271.0,52.0,0.00905,sdist16,0.008812,1.0270086246028145,1.0130975036381955,0.986454718459644,0.027088560789290388,0.07525596445474741,32112.0,22271.0,52.0,0.6935413552566019,0.0016193323368211261,0.08904624439237763
quick_imp_stage2_s8_pt8_sth2_l2_ddr4_2x,quick,imp,s8_pt8_sth2,l2,ddr4_2x,0.008851,8851280526.0,24424723.0,26580422.0,0.919304,248063.0,9231450.0,6230.0,82824.0,,,,32112.0,22276.0,50.0,0.008962,sdist16,0.008729,1.0266926337495703,1.0125409558242007,0.9862162467517795,0.026871509892812073,0.07521974306964165,32112.0,22276.0,50.0,0.6936970602889886,0.0015570503238664674,0.08979976860716835
quick_imp_stage2_s8_pt8_sth8_l1d_ddr4_1x,quick,imp,s8_pt8_sth8,l1d,ddr4_1x,0.008623,8623324044.0,24424718.0,25895868.0,0.943605,85342.0,9179065.0,28518.0,84512.0,169579.0,63346.0,959.0,,,,0.008793,sdist16,0.008497,1.0348358244086149,1.0197147164559899,0.9853879160385015,0.009297461124853131,0.3374432033320712,169579.0,63346.0,959.0,0.3735486115615731,0.00565518136089964,0.7422605516627218
quick_imp_stage2_s8_pt8_sth8_l1d_ddr4_2x,quick,imp,s8_pt8_sth8,l1d,ddr4_2x,0.008586,8585656749.0,24424723.0,25782753.0,0.947745,84033.0,9178648.0,28526.0,84486.0,168370.0,63330.0,932.0,,,,0.008745,sdist16,0.008459,1.0338101430429127,1.0185185185185184,0.9852084789191707,0.009155269926464116,0.33764173945979215,168370.0,63330.0,932.0,0.37613589119201757,0.005535427926590248,0.753632501517261
quick_imp_stage2_s8_pt8_sth8_l2_ddr4_1x,quick,imp,s8_pt8_sth8,l2,ddr4_1x,0.008941,8940758625.0,24424723.0,26849125.0,0.910103,250094.0,9233024.0,6252.0,82825.0,,,,31963.0,22252.0,45.0,0.00905,sdist16,0.008812,1.0270086246028145,1.0121910300861203,0.9855720836595461,0.02708690023983475,0.07548445517657712,31963.0,22252.0,45.0,0.696179958076526,0.0014078778587742076,0.08897454557086536
quick_imp_stage2_s8_pt8_sth8_l2_ddr4_2x,quick,imp,s8_pt8_sth8,l2,ddr4_2x,0.008851,8851323483.0,24424718.0,26580551.0,0.919299,247773.0,9231130.0,6250.0,82820.0,,,,31770.0,22251.0,45.0,0.008962,sdist16,0.008729,1.0266926337495703,1.0125409558242007,0.9862162467517795,0.02684102596323527,0.07546486355952668,31770.0,22251.0,45.0,0.7003777148253069,0.00141643059490085,0.0898039737985979
quick_imp_stage2_s8_sth2_l1d_ddr4_1x,quick,imp,s8_sth2,l1d,ddr4_1x,0.008622,8622177192.0,24424723.0,25892424.0,0.943731,84903.0,9179161.0,28549.0,84792.0,170861.0,63716.0,1116.0,,,,0.008793,sdist16,0.008497,1.0348358244086149,1.0198329853862214,0.9855022036650429,0.009249538165851978,0.3366944994810831,170861.0,63716.0,1116.0,0.3729113138750212,0.006531625122175336,0.7504564031895221
quick_imp_stage2_s8_sth2_l1d_ddr4_2x,quick,imp,s8_sth2,l1d,ddr4_2x,0.008585,8584887852.0,24424718.0,25780444.0,0.94783,84073.0,9178825.0,28541.0,84782.0,170077.0,63688.0,1118.0,,,,0.008745,sdist16,0.008459,1.0338101430429127,1.0186371578334303,0.9853232382061734,0.009159451236950264,0.33663985279894315,170077.0,63688.0,1118.0,0.37446568319055484,0.006573493182499691,0.7575321446837867
quick_imp_stage2_s8_sth2_l2_ddr4_1x,quick,imp,s8_sth2,l2,ddr4_1x,0.008938,8937731655.0,24424723.0,26840035.0,0.910412,250017.0,9232826.0,6238.0,82825.0,,,,32162.0,22266.0,80.0,0.00905,sdist16,0.008812,1.0270086246028145,1.01253076750951,0.9859028865518014,0.027079141315995776,0.07531542408693027,32162.0,22266.0,80.0,0.6923076923076923,0.002487407499533611,0.08905794405980394
quick_imp_stage2_s8_sth2_l2_ddr4_2x,quick,imp,s8_sth2,l2,ddr4_2x,0.008849,8848966176.0,24424723.0,26573472.0,0.919544,248096.0,9231465.0,6232.0,82824.0,,,,32156.0,22274.0,78.0,0.008962,sdist16,0.008729,1.0266926337495703,1.0127698044976834,0.9864391456661771,0.02687504096045427,0.07524389065971217,32156.0,22274.0,78.0,0.6926856574200771,0.002425674835178505,0.08977976267251386
quick_imp_stage2_s8_sth8_l1d_ddr4_1x,quick,imp,s8_sth8,l1d,ddr4_1x,0.008623,8622828873.0,24424718.0,25894381.0,0.943659,85200.0,9179128.0,28524.0,84698.0,170365.0,63568.0,995.0,,,,0.008793,sdist16,0.008497,1.0348358244086149,1.0197147164559899,0.9853879160385015,0.009281927433629862,0.3367730052657678,170365.0,63568.0,995.0,0.3731282833915417,0.005840401490916561,0.7461032863849765
quick_imp_stage2_s8_sth8_l1d_ddr4_2x,quick,imp,s8_sth8,l1d,ddr4_2x,0.008586,8586355383.0,24424723.0,25784851.0,0.947668,83877.0,9178688.0,28534.0,84672.0,169062.0,63553.0,970.0,,,,0.008745,sdist16,0.008459,1.0338101430429127,1.0185185185185184,0.9852084789191707,0.009138234135423277,0.33699452003023433,169062.0,63553.0,970.0,0.3759153446664537,0.0057375400740556715,0.7576928120938994
quick_imp_stage2_s8_sth8_l2_ddr4_1x,quick,imp,s8_sth8,l2,ddr4_1x,0.008941,8940758625.0,24424723.0,26849125.0,0.910103,250119.0,9232992.0,6241.0,82825.0,,,,32009.0,22263.0,42.0,0.00905,sdist16,0.008812,1.0270086246028145,1.0121910300861203,0.9855720836595461,0.027089701799806607,0.07535164503471174,32009.0,22263.0,42.0,0.6955231341185292,0.0013121309631666093,0.08900963141544625
quick_imp_stage2_s8_sth8_l2_ddr4_2x,quick,imp,s8_sth8,l2,ddr4_2x,0.008849,8848924551.0,24424718.0,26573347.0,0.919548,247775.0,9231085.0,6243.0,82820.0,,,,31998.0,22258.0,42.0,0.008962,sdist16,0.008729,1.0266926337495703,1.0127698044976834,0.9864391456661771,0.026841373468015947,0.07538034291234001,31998.0,22258.0,42.0,0.6956059753734608,0.0013125820363772737,0.08983150035314297
simple_triad_imp_stage2_aggr_s16_sth2_d32_ipd16_addr16_l1d_ddr4_1x,simple_triad,imp,aggr_s16_sth2_d32_ipd16_addr16,l1d,ddr4_1x,0.002902,2901520242.0,3509911.0,8713275.0,0.402825,1471415.0,2003736.0,375397.0,375407.0,554329.0,126902.0,1.0,,,,0.00279,sthr8,0.002789,1.0003585514521334,0.961405926946933,0.9610613370089592,0.7343357607988278,0.9999733622441777,554329.0,126902.0,1.0,0.22892902951135516,1.8039828332993583e-06,0.08624487313232501
simple_triad_imp_stage2_aggr_s16_sth2_d32_ipd16_addr16_l1d_ddr4_2x,simple_triad,imp,aggr_s16_sth2_d32_ipd16_addr16,l1d,ddr4_2x,0.002113,2113082469.0,3510090.0,6345593.0,0.553157,1389696.0,2003810.0,375393.0,375403.0,589187.0,147512.0,,,,,0.002258,sdist16,0.002125,1.0625882352941176,1.0686228111689542,1.0056791292001894,0.6935268313862093,0.9999733619603466,589187.0,147512.0,0.0,0.2503653339262407,0.0,0.10614695588099843
simple_triad_imp_stage2_aggr_s16_sth2_d32_ipd16_addr16_l2_ddr4_1x,simple_triad,imp,aggr_s16_sth2_d32_ipd16_addr16,l2,ddr4_1x,0.002809,2809475712.0,3509964.0,8436865.0,0.416029,1852943.0,2003770.0,161211.0,372804.0,,,,560650.0,211583.0,800.0,0.002935,sdist2,0.002654,1.1058779201205726,1.0448558205767178,0.9448202207191172,0.9247283869905228,0.4324283001255351,560650.0,211583.0,800.0,0.37738874520645677,0.0014269151877285293,0.11418753841861298
simple_triad_imp_stage2_aggr_s16_sth2_d32_ipd16_addr16_l2_ddr4_2x,simple_triad,imp,aggr_s16_sth2_d32_ipd16_addr16,l2,ddr4_2x,0.00191,1910172915.0,3510120.0,5736255.0,0.611922,1882018.0,2003835.0,130707.0,373842.0,,,,595202.0,243125.0,811.0,0.002264,sdist16,0.001912,1.184100418410042,1.1853403141361256,1.0010471204188482,0.9392080685285964,0.3496316625740286,595202.0,243125.0,811.0,0.40847476991004733,0.0013625626257976284,0.1291831427754676
simple_triad_imp_stage2_aggr_s16_sth2_d32_ipd16_l1d_ddr4_1x,simple_triad,imp,aggr_s16_sth2_d32_ipd16,l1d,ddr4_1x,0.002902,2901520242.0,3509911.0,8713275.0,0.402825,1471415.0,2003736.0,375397.0,375407.0,554329.0,126902.0,1.0,,,,0.00279,sthr8,0.002789,1.0003585514521334,0.961405926946933,0.9610613370089592,0.7343357607988278,0.9999733622441777,554329.0,126902.0,1.0,0.22892902951135516,1.8039828332993583e-06,0.08624487313232501
simple_triad_imp_stage2_aggr_s16_sth2_d32_ipd16_l1d_ddr4_2x,simple_triad,imp,aggr_s16_sth2_d32_ipd16,l1d,ddr4_2x,0.002113,2113082469.0,3510090.0,6345593.0,0.553157,1389696.0,2003810.0,375393.0,375403.0,589187.0,147512.0,,,,,0.002258,sdist16,0.002125,1.0625882352941176,1.0686228111689542,1.0056791292001894,0.6935268313862093,0.9999733619603466,589187.0,147512.0,0.0,0.2503653339262407,0.0,0.10614695588099843
simple_triad_imp_stage2_aggr_s16_sth2_d32_ipd16_l2_ddr4_1x,simple_triad,imp,aggr_s16_sth2_d32_ipd16,l2,ddr4_1x,0.002809,2809475712.0,3509964.0,8436865.0,0.416029,1852943.0,2003770.0,161211.0,372804.0,,,,560650.0,211583.0,800.0,0.002935,sdist2,0.002654,1.1058779201205726,1.0448558205767178,0.9448202207191172,0.9247283869905228,0.4324283001255351,560650.0,211583.0,800.0,0.37738874520645677,0.0014269151877285293,0.11418753841861298
simple_triad_imp_stage2_aggr_s16_sth2_d32_ipd16_l2_ddr4_2x,simple_triad,imp,aggr_s16_sth2_d32_ipd16,l2,ddr4_2x,0.00191,1910172915.0,3510120.0,5736255.0,0.611922,1882018.0,2003835.0,130707.0,373842.0,,,,595202.0,243125.0,811.0,0.002264,sdist16,0.001912,1.184100418410042,1.1853403141361256,1.0010471204188482,0.9392080685285964,0.3496316625740286,595202.0,243125.0,811.0,0.40847476991004733,0.0013625626257976284,0.1291831427754676
simple_triad_imp_stage2_cons_s2_sth8_pt8_l1d_ddr4_1x,simple_triad,imp,cons_s2_sth8_pt8,l1d,ddr4_1x,0.002797,2797142058.0,3509943.0,8399827.0,0.417861,1997936.0,2003754.0,375363.0,375373.0,1206342.0,1.0,,,,,0.00279,sthr8,0.002789,1.0003585514521334,0.9974973185555953,0.997139792634966,0.9970964499634186,0.999973359831421,1206342.0,1.0,0.0,8.289523203204398e-07,0.0,5.005165330621201e-07
simple_triad_imp_stage2_cons_s2_sth8_pt8_l1d_ddr4_2x,simple_triad,imp,cons_s2_sth8_pt8,l1d,ddr4_2x,0.002568,2568131964.0,3509984.0,7712109.0,0.455129,1997868.0,2003770.0,375367.0,375378.0,1179386.0,45.0,,,,,0.002258,sdist16,0.002125,1.0625882352941176,0.8792834890965733,0.8274922118380063,0.9970545521691612,0.9999706962048921,1179386.0,45.0,0.0,3.8155446986821955e-05,0.0,2.2524010595294583e-05
simple_triad_imp_stage2_cons_s2_sth8_pt8_l2_ddr4_1x,simple_triad,imp,cons_s2_sth8_pt8,l2,ddr4_1x,0.002622,2621662713.0,3509883.0,7872862.0,0.445823,1972343.0,2003735.0,357973.0,375374.0,,,,698191.0,17391.0,2.0,0.002935,sdist2,0.002654,1.1058779201205726,1.1193745232646835,1.0122044241037376,0.9843332576413548,0.9536435661500263,698191.0,17391.0,2.0,0.02490865680021656,2.864545661573982e-06,0.008817431856426595
simple_triad_imp_stage2_cons_s2_sth8_pt8_l2_ddr4_2x,simple_triad,imp,cons_s2_sth8_pt8,l2,ddr4_2x,0.002013,2012800851.0,3510026.0,6044447.0,0.580706,1973839.0,2003799.0,362665.0,375375.0,,,,707038.0,12700.0,2.0,0.002264,sdist16,0.001912,1.184100418410042,1.124689518132141,0.9498261301539991,0.9850484005631304,0.9661405261405261,707038.0,12700.0,2.0,0.017962259454230182,2.8287022762567216e-06,0.00643416205678376
simple_triad_imp_stage2_cons_s8_sth8_pt8_ipd8_l1d_ddr4_1x,simple_triad,imp,cons_s8_sth8_pt8_ipd8,l1d,ddr4_1x,0.002772,2771957601.0,3509964.0,8324198.0,0.42166,1821918.0,2003766.0,375371.0,375381.0,949656.0,41411.0,,,,,0.00279,sthr8,0.002789,1.0003585514521334,1.0064935064935063,1.006132756132756,0.9092468881096895,0.9999733603991677,949656.0,41411.0,0.0,0.04360631639246211,0.0,0.022729343472099182
simple_triad_imp_stage2_cons_s8_sth8_pt8_ipd8_l1d_ddr4_2x,simple_triad,imp,cons_s8_sth8_pt8_ipd8,l1d,ddr4_2x,0.002159,2159422749.0,3510120.0,6484753.0,0.541291,1488479.0,2003828.0,375387.0,375397.0,707817.0,120978.0,1.0,,,,0.002258,sdist16,0.002125,1.0625882352941176,1.0458545622973598,0.9842519685039371,0.7428177468325625,0.9999733615345887,707817.0,120978.0,1.0,0.17091705907035293,1.4127945500037439e-06,0.08127625582893679
simple_triad_imp_stage2_cons_s8_sth8_pt8_ipd8_l2_ddr4_1x,simple_triad,imp,cons_s8_sth8_pt8_ipd8,l2,ddr4_1x,0.002789,2789498376.0,3509927.0,8376873.0,0.419004,1865465.0,2003764.0,170158.0,373960.0,,,,571246.0,203792.0,708.0,0.002935,sdist2,0.002654,1.1058779201205726,1.0523485120114737,0.9515955539619937,0.9309803948968042,0.45501657931329553,571246.0,203792.0,708.0,0.3567499816191273,0.0012393959870178521,0.10924461193321772
simple_triad_imp_stage2_cons_s8_sth8_pt8_ipd8_l2_ddr4_2x,simple_triad,imp,cons_s8_sth8_pt8_ipd8,l2,ddr4_2x,0.002051,2051129151.0,3510145.0,6159547.0,0.569874,1875518.0,2003830.0,138887.0,374072.0,,,,596502.0,235175.0,819.0,0.002264,sdist16,0.001912,1.184100418410042,1.1038517796196978,0.9322281813749391,0.9359666239152024,0.3712841378130413,596502.0,235175.0,819.0,0.39425685077334194,0.0013730046169166238,0.12539202502988508
simple_triad_imp_stage2_default_l1d_ddr4_1x,simple_triad,imp,default,l1d,ddr4_1x,0.00279,2790028845.0,3509962.0,8378466.0,0.418929,1984803.0,2003757.0,375369.0,375379.0,1684969.0,1639.0,,,,,0.00279,sthr8,0.002789,1.0003585514521334,1.0,0.9996415770609318,0.9905407691651233,0.9999733602572334,1684969.0,1639.0,0.0,0.0009727181924415227,0.0,0.0008257746486679031
simple_triad_imp_stage2_default_l1d_ddr4_2x,simple_triad,imp,default,l1d,ddr4_2x,0.002258,2258448291.0,3510110.0,6782127.0,0.517556,1853440.0,2003827.0,375371.0,375381.0,1264971.0,30551.0,,,,,0.002258,sdist16,0.002125,1.0625882352941176,1.0,0.9410983170947742,0.9249501079684025,0.9999733603991677,1264971.0,30551.0,0.0,0.02415154181400206,0.0,0.016483403832872928
simple_triad_imp_stage2_default_l2_ddr4_1x,simple_triad,imp,default,l2,ddr4_1x,0.002935,2934652077.0,3509969.0,8812770.0,0.398284,1883835.0,2003757.0,197167.0,375053.0,,,,640534.0,177876.0,16.0,0.002935,sdist2,0.002654,1.1058779201205726,1.0,0.904258943781942,0.9401514255471097,0.5257043671161142,640534.0,177876.0,16.0,0.2776995444426057,2.4979158015031208e-05,0.09442228220624417
simple_triad_imp_stage2_default_l2_ddr4_2x,simple_triad,imp,default,l2,ddr4_2x,0.002264,2263657743.0,3510112.0,6797771.0,0.516365,1884743.0,2003834.0,176440.0,374975.0,,,,599360.0,198525.0,48.0,0.002264,sdist16,0.001912,1.184100418410042,1.0,0.8445229681978799,0.9405684303190783,0.47053803586905796,599360.0,198525.0,48.0,0.33122831019754406,8.00854244527496e-05,0.10533266339230335
simple_triad_imp_stage2_s16_dist32_addr16_l1d_ddr4_1x,simple_triad,imp,s16_dist32_addr16,l1d,ddr4_1x,0.002904,2903799627.0,3509911.0,8720120.0,0.402509,1467472.0,2003753.0,375404.0,375414.0,556526.0,127983.0,,,,,0.00279,sthr8,0.002789,1.0003585514521334,0.9607438016528925,0.9603994490358126,0.7323617232263657,0.9999733627408675,556526.0,127983.0,0.0,0.2299676924348548,0.0,0.0872132483618086
simple_triad_imp_stage2_s16_dist32_addr16_l1d_ddr4_2x,simple_triad,imp,s16_dist32_addr16,l1d,ddr4_2x,0.002125,2125071468.0,3510062.0,6381596.0,0.550032,1385258.0,2003817.0,375408.0,375418.0,596454.0,148523.0,2.0,,,,0.002258,sdist16,0.002125,1.0625882352941176,1.0625882352941176,1.0,0.6913096355605327,0.9999733630246819,596454.0,148523.0,2.0,0.24900998232889712,3.3531504525076537e-06,0.10721685057945884
simple_triad_imp_stage2_s16_dist32_addr16_l2_ddr4_1x,simple_triad,imp,s16_dist32_addr16,l2,ddr4_1x,0.002805,2805171021.0,3509957.0,8423938.0,0.416667,1852685.0,2003766.0,162003.0,372971.0,,,,564472.0,210958.0,680.0,0.002935,sdist2,0.002654,1.1058779201205726,1.0463458110516934,0.9461675579322638,0.9246014754217808,0.43435816725697174,564472.0,210958.0,680.0,0.3737262432857609,0.0012046655990022533,0.11386609164536875
simple_triad_imp_stage2_s16_dist32_addr16_l2_ddr4_2x,simple_triad,imp,s16_dist32_addr16,l2,ddr4_2x,0.001912,1912195890.0,3510115.0,5742330.0,0.611273,1881594.0,2003826.0,130796.0,373808.0,,,,594390.0,243002.0,770.0,0.002264,sdist16,0.001912,1.184100418410042,1.1841004184100419,1.0,0.9390006916768222,0.3499015537388178,594390.0,243002.0,770.0,0.4088258550783156,0.001295445751106176,0.12914688290885282
simple_triad_imp_stage2_s16_dist8_addr16_l1d_ddr4_1x,simple_triad,imp,s16_dist8_addr16,l1d,ddr4_1x,0.002904,2903799627.0,3509911.0,8720120.0,0.402509,1467472.0,2003754.0,375404.0,375414.0,556526.0,127983.0,,,,,0.00279,sthr8,0.002789,1.0003585514521334,0.9607438016528925,0.9603994490358126,0.7323613577315379,0.9999733627408675,556526.0,127983.0,0.0,0.2299676924348548,0.0,0.0872132483618086
simple_triad_imp_stage2_s16_dist8_addr16_l1d_ddr4_2x,simple_triad,imp,s16_dist8_addr16,l1d,ddr4_2x,0.002125,2125071468.0,3510062.0,6381596.0,0.550032,1385258.0,2003817.0,375408.0,375418.0,596454.0,148523.0,2.0,,,,0.002258,sdist16,0.002125,1.0625882352941176,1.0625882352941176,1.0,0.6913096355605327,0.9999733630246819,596454.0,148523.0,2.0,0.24900998232889712,3.3531504525076537e-06,0.10721685057945884
simple_triad_imp_stage2_s16_dist8_addr16_l2_ddr4_1x,simple_triad,imp,s16_dist8_addr16,l2,ddr4_1x,0.002805,2805171021.0,3509957.0,8423938.0,0.416667,1852685.0,2003766.0,162003.0,372971.0,,,,564472.0,210958.0,680.0,0.002935,sdist2,0.002654,1.1058779201205726,1.0463458110516934,0.9461675579322638,0.9246014754217808,0.43435816725697174,564472.0,210958.0,680.0,0.3737262432857609,0.0012046655990022533,0.11386609164536875
simple_triad_imp_stage2_s16_dist8_addr16_l2_ddr4_2x,simple_triad,imp,s16_dist8_addr16,l2,ddr4_2x,0.001912,1912195890.0,3510115.0,5742330.0,0.611273,1881594.0,2003826.0,130796.0,373808.0,,,,594390.0,243002.0,770.0,0.002264,sdist16,0.001912,1.184100418410042,1.1841004184100419,1.0,0.9390006916768222,0.3499015537388178,594390.0,243002.0,770.0,0.4088258550783156,0.001295445751106176,0.12914688290885282
simple_triad_imp_stage2_s16_ipd16_addr16_l1d_ddr4_1x,simple_triad,imp,s16_ipd16_addr16,l1d,ddr4_1x,0.002904,2903799627.0,3509911.0,8720120.0,0.402509,1467472.0,2003753.0,375404.0,375414.0,556526.0,127983.0,,,,,0.00279,sthr8,0.002789,1.0003585514521334,0.9607438016528925,0.9603994490358126,0.7323617232263657,0.9999733627408675,556526.0,127983.0,0.0,0.2299676924348548,0.0,0.0872132483618086
simple_triad_imp_stage2_s16_ipd16_addr16_l1d_ddr4_2x,simple_triad,imp,s16_ipd16_addr16,l1d,ddr4_2x,0.002125,2125071468.0,3510062.0,6381596.0,0.550032,1385258.0,2003817.0,375408.0,375418.0,596454.0,148523.0,2.0,,,,0.002258,sdist16,0.002125,1.0625882352941176,1.0625882352941176,1.0,0.6913096355605327,0.9999733630246819,596454.0,148523.0,2.0,0.24900998232889712,3.3531504525076537e-06,0.10721685057945884
simple_triad_imp_stage2_s16_ipd16_addr16_l2_ddr4_1x,simple_triad,imp,s16_ipd16_addr16,l2,ddr4_1x,0.002805,2805171021.0,3509957.0,8423938.0,0.416667,1852685.0,2003765.0,162003.0,372971.0,,,,564472.0,210958.0,680.0,0.002935,sdist2,0.002654,1.1058779201205726,1.0463458110516934,0.9461675579322638,0.9246019368538726,0.43435816725697174,564472.0,210958.0,680.0,0.3737262432857609,0.0012046655990022533,0.11386609164536875
simple_triad_imp_stage2_s16_ipd16_addr16_l2_ddr4_2x,simple_triad,imp,s16_ipd16_addr16,l2,ddr4_2x,0.001912,1912195890.0,3510115.0,5742330.0,0.611273,1881594.0,2003826.0,130796.0,373808.0,,,,594390.0,243002.0,770.0,0.002264,sdist16,0.001912,1.184100418410042,1.1841004184100419,1.0,0.9390006916768222,0.3499015537388178,594390.0,243002.0,770.0,0.4088258550783156,0.001295445751106176,0.12914688290885282
simple_triad_imp_stage2_s16_ipd16_pt32_l1d_ddr4_1x,simple_triad,imp,s16_ipd16_pt32,l1d,ddr4_1x,0.002904,2903799627.0,3509911.0,8720120.0,0.402509,1467472.0,2003754.0,375404.0,375414.0,556526.0,127983.0,,,,,0.00279,sthr8,0.002789,1.0003585514521334,0.9607438016528925,0.9603994490358126,0.7323613577315379,0.9999733627408675,556526.0,127983.0,0.0,0.2299676924348548,0.0,0.0872132483618086
simple_triad_imp_stage2_s16_ipd16_pt32_l1d_ddr4_2x,simple_triad,imp,s16_ipd16_pt32,l1d,ddr4_2x,0.002125,2125071468.0,3510062.0,6381596.0,0.550032,1385258.0,2003817.0,375408.0,375418.0,596454.0,148523.0,2.0,,,,0.002258,sdist16,0.002125,1.0625882352941176,1.0625882352941176,1.0,0.6913096355605327,0.9999733630246819,596454.0,148523.0,2.0,0.24900998232889712,3.3531504525076537e-06,0.10721685057945884
simple_triad_imp_stage2_s16_ipd16_pt32_l2_ddr4_1x,simple_triad,imp,s16_ipd16_pt32,l2,ddr4_1x,0.002805,2805171021.0,3509957.0,8423938.0,0.416667,1852685.0,2003765.0,162003.0,372971.0,,,,564472.0,210958.0,680.0,0.002935,sdist2,0.002654,1.1058779201205726,1.0463458110516934,0.9461675579322638,0.9246019368538726,0.43435816725697174,564472.0,210958.0,680.0,0.3737262432857609,0.0012046655990022533,0.11386609164536875
simple_triad_imp_stage2_s16_ipd16_pt32_l2_ddr4_2x,simple_triad,imp,s16_ipd16_pt32,l2,ddr4_2x,0.001912,1912195890.0,3510115.0,5742330.0,0.611273,1881594.0,2003826.0,130796.0,373808.0,,,,594390.0,243002.0,770.0,0.002264,sdist16,0.001912,1.184100418410042,1.1841004184100419,1.0,0.9390006916768222,0.3499015537388178,594390.0,243002.0,770.0,0.4088258550783156,0.001295445751106176,0.12914688290885282
simple_triad_imp_stage2_s16_ipd8_addr8_l1d_ddr4_1x,simple_triad,imp,s16_ipd8_addr8,l1d,ddr4_1x,0.002904,2903799627.0,3509911.0,8720120.0,0.402509,1467472.0,2003753.0,375404.0,375414.0,556526.0,127983.0,,,,,0.00279,sthr8,0.002789,1.0003585514521334,0.9607438016528925,0.9603994490358126,0.7323617232263657,0.9999733627408675,556526.0,127983.0,0.0,0.2299676924348548,0.0,0.0872132483618086
simple_triad_imp_stage2_s16_ipd8_addr8_l1d_ddr4_2x,simple_triad,imp,s16_ipd8_addr8,l1d,ddr4_2x,0.002125,2125071468.0,3510062.0,6381596.0,0.550032,1385258.0,2003817.0,375408.0,375418.0,596454.0,148523.0,2.0,,,,0.002258,sdist16,0.002125,1.0625882352941176,1.0625882352941176,1.0,0.6913096355605327,0.9999733630246819,596454.0,148523.0,2.0,0.24900998232889712,3.3531504525076537e-06,0.10721685057945884
simple_triad_imp_stage2_s16_ipd8_addr8_l2_ddr4_1x,simple_triad,imp,s16_ipd8_addr8,l2,ddr4_1x,0.002805,2805171021.0,3509957.0,8423938.0,0.416667,1852685.0,2003766.0,162003.0,372971.0,,,,564472.0,210958.0,680.0,0.002935,sdist2,0.002654,1.1058779201205726,1.0463458110516934,0.9461675579322638,0.9246014754217808,0.43435816725697174,564472.0,210958.0,680.0,0.3737262432857609,0.0012046655990022533,0.11386609164536875
simple_triad_imp_stage2_s16_ipd8_addr8_l2_ddr4_2x,simple_triad,imp,s16_ipd8_addr8,l2,ddr4_2x,0.001912,1912195890.0,3510115.0,5742330.0,0.611273,1881594.0,2003826.0,130796.0,373808.0,,,,594390.0,243002.0,770.0,0.002264,sdist16,0.001912,1.184100418410042,1.1841004184100419,1.0,0.9390006916768222,0.3499015537388178,594390.0,243002.0,770.0,0.4088258550783156,0.001295445751106176,0.12914688290885282
simple_triad_imp_stage2_s16_l1d_ddr4_1x,simple_triad,imp,s16,l1d,ddr4_1x,0.002904,2903799627.0,3509911.0,8720120.0,0.402509,1467472.0,2003753.0,375404.0,375414.0,556526.0,127983.0,,,,,0.00279,sthr8,0.002789,1.0003585514521334,0.9607438016528925,0.9603994490358126,0.7323617232263657,0.9999733627408675,556526.0,127983.0,0.0,0.2299676924348548,0.0,0.0872132483618086
simple_triad_imp_stage2_s16_l1d_ddr4_2x,simple_triad,imp,s16,l1d,ddr4_2x,0.002125,2125071468.0,3510062.0,6381596.0,0.550032,1385258.0,2003817.0,375408.0,375418.0,596454.0,148523.0,2.0,,,,0.002258,sdist16,0.002125,1.0625882352941176,1.0625882352941176,1.0,0.6913096355605327,0.9999733630246819,596454.0,148523.0,2.0,0.24900998232889712,3.3531504525076537e-06,0.10721685057945884
simple_triad_imp_stage2_s16_l2_ddr4_1x,simple_triad,imp,s16,l2,ddr4_1x,0.002805,2805171021.0,3509957.0,8423938.0,0.416667,1852685.0,2003765.0,162003.0,372971.0,,,,564472.0,210958.0,680.0,0.002935,sdist2,0.002654,1.1058779201205726,1.0463458110516934,0.9461675579322638,0.9246019368538726,0.43435816725697174,564472.0,210958.0,680.0,0.3737262432857609,0.0012046655990022533,0.11386609164536875
simple_triad_imp_stage2_s16_l2_ddr4_2x,simple_triad,imp,s16,l2,ddr4_2x,0.001912,1912195890.0,3510115.0,5742330.0,0.611273,1881594.0,2003826.0,130796.0,373808.0,,,,594390.0,243002.0,770.0,0.002264,sdist16,0.001912,1.184100418410042,1.1841004184100419,1.0,0.9390006916768222,0.3499015537388178,594390.0,243002.0,770.0,0.4088258550783156,0.001295445751106176,0.12914688290885282
simple_triad_imp_stage2_s16_pt8_sth2_l1d_ddr4_1x,simple_triad,imp,s16_pt8_sth2,l1d,ddr4_1x,0.002902,2901520242.0,3509911.0,8713275.0,0.402825,1471415.0,2003736.0,375397.0,375407.0,554329.0,126902.0,1.0,,,,0.00279,sthr8,0.002789,1.0003585514521334,0.961405926946933,0.9610613370089592,0.7343357607988278,0.9999733622441777,554329.0,126902.0,1.0,0.22892902951135516,1.8039828332993583e-06,0.08624487313232501
simple_triad_imp_stage2_s16_pt8_sth2_l1d_ddr4_2x,simple_triad,imp,s16_pt8_sth2,l1d,ddr4_2x,0.002113,2113082469.0,3510090.0,6345593.0,0.553157,1389696.0,2003810.0,375393.0,375403.0,589187.0,147512.0,,,,,0.002258,sdist16,0.002125,1.0625882352941176,1.0686228111689542,1.0056791292001894,0.6935268313862093,0.9999733619603466,589187.0,147512.0,0.0,0.2503653339262407,0.0,0.10614695588099843
simple_triad_imp_stage2_s16_pt8_sth2_l2_ddr4_1x,simple_triad,imp,s16_pt8_sth2,l2,ddr4_1x,0.002809,2809475712.0,3509964.0,8436865.0,0.416029,1852943.0,2003771.0,161211.0,372804.0,,,,560650.0,211583.0,800.0,0.002935,sdist2,0.002654,1.1058779201205726,1.0448558205767178,0.9448202207191172,0.9247279254964764,0.4324283001255351,560650.0,211583.0,800.0,0.37738874520645677,0.0014269151877285293,0.11418753841861298
simple_triad_imp_stage2_s16_pt8_sth2_l2_ddr4_2x,simple_triad,imp,s16_pt8_sth2,l2,ddr4_2x,0.00191,1910172915.0,3510120.0,5736255.0,0.611922,1882018.0,2003835.0,130707.0,373842.0,,,,595202.0,243125.0,811.0,0.002264,sdist16,0.001912,1.184100418410042,1.1853403141361256,1.0010471204188482,0.9392080685285964,0.3496316625740286,595202.0,243125.0,811.0,0.40847476991004733,0.0013625626257976284,0.1291831427754676
simple_triad_imp_stage2_s16_pt8_sth8_l1d_ddr4_1x,simple_triad,imp,s16_pt8_sth8,l1d,ddr4_1x,0.0029,2900124306.0,3509962.0,8709083.0,0.403025,1470037.0,2003753.0,375384.0,375394.0,556585.0,127337.0,1.0,,,,0.00279,sthr8,0.002789,1.0003585514521334,0.9620689655172414,0.9617241379310345,0.7336418211226633,0.9999733613217047,556585.0,127337.0,1.0,0.22878266572042005,1.7966707690649228e-06,0.08662162925150864
simple_triad_imp_stage2_s16_pt8_sth8_l1d_ddr4_2x,simple_triad,imp,s16_pt8_sth8,l1d,ddr4_2x,0.0021,2100242322.0,3510117.0,6307034.0,0.556543,1394301.0,2003835.0,375395.0,375405.0,592864.0,146123.0,,,,,0.002258,sdist16,0.002125,1.0625882352941176,1.0752380952380953,1.011904761904762,0.6958162722978688,0.9999733621022628,592864.0,146123.0,0.0,0.24646967938684083,0.0,0.1048001830307803
simple_triad_imp_stage2_s16_pt8_sth8_l2_ddr4_1x,simple_triad,imp,s16_pt8_sth8,l2,ddr4_1x,0.002815,2814848334.0,3509957.0,8452999.0,0.415234,1850595.0,2003765.0,161666.0,372919.0,,,,561679.0,211243.0,673.0,0.002935,sdist2,0.002654,1.1058779201205726,1.0426287744227354,0.9428063943161635,0.9235589003700534,0.43351505286670833,561679.0,211243.0,673.0,0.3760920383350633,0.001198193274094278,0.11414869271774754
simple_triad_imp_stage2_s16_pt8_sth8_l2_ddr4_2x,simple_triad,imp,s16_pt8_sth8,l2,ddr4_2x,0.001912,1912310442.0,3510138.0,5742674.0,0.611241,1882298.0,2003827.0,130933.0,373828.0,,,,595709.0,242885.0,787.0,0.002264,sdist16,0.001912,1.184100418410042,1.1841004184100419,1.0,0.9393515508075297,0.3502493125180564,595709.0,242885.0,787.0,0.4077242411983032,0.0013211148396280734,0.12903642250058173
simple_triad_imp_stage2_s16_sth2_l1d_ddr4_1x,simple_triad,imp,s16_sth2,l1d,ddr4_1x,0.002902,2901520242.0,3509911.0,8713275.0,0.402825,1471415.0,2003735.0,375397.0,375407.0,554329.0,126902.0,1.0,,,,0.00279,sthr8,0.002789,1.0003585514521334,0.961405926946933,0.9610613370089592,0.7343361272823004,0.9999733622441777,554329.0,126902.0,1.0,0.22892902951135516,1.8039828332993583e-06,0.08624487313232501
simple_triad_imp_stage2_s16_sth2_l1d_ddr4_2x,simple_triad,imp,s16_sth2,l1d,ddr4_2x,0.002113,2113082469.0,3510090.0,6345593.0,0.553157,1389696.0,2003810.0,375393.0,375403.0,589187.0,147512.0,,,,,0.002258,sdist16,0.002125,1.0625882352941176,1.0686228111689542,1.0056791292001894,0.6935268313862093,0.9999733619603466,589187.0,147512.0,0.0,0.2503653339262407,0.0,0.10614695588099843
simple_triad_imp_stage2_s16_sth2_l2_ddr4_1x,simple_triad,imp,s16_sth2,l2,ddr4_1x,0.002809,2809475712.0,3509964.0,8436865.0,0.416029,1852943.0,2003770.0,161211.0,372804.0,,,,560650.0,211583.0,800.0,0.002935,sdist2,0.002654,1.1058779201205726,1.0448558205767178,0.9448202207191172,0.9247283869905228,0.4324283001255351,560650.0,211583.0,800.0,0.37738874520645677,0.0014269151877285293,0.11418753841861298
simple_triad_imp_stage2_s16_sth2_l2_ddr4_2x,simple_triad,imp,s16_sth2,l2,ddr4_2x,0.00191,1910172915.0,3510120.0,5736255.0,0.611922,1882018.0,2003835.0,130707.0,373842.0,,,,595202.0,243125.0,811.0,0.002264,sdist16,0.001912,1.184100418410042,1.1853403141361256,1.0010471204188482,0.9392080685285964,0.3496316625740286,595202.0,243125.0,811.0,0.40847476991004733,0.0013625626257976284,0.1291831427754676
simple_triad_imp_stage2_s16_sth8_l1d_ddr4_1x,simple_triad,imp,s16_sth8,l1d,ddr4_1x,0.0029,2900124306.0,3509962.0,8709083.0,0.403025,1470037.0,2003752.0,375384.0,375394.0,556585.0,127337.0,1.0,,,,0.00279,sthr8,0.002789,1.0003585514521334,0.9620689655172414,0.9617241379310345,0.7336421872567064,0.9999733613217047,556585.0,127337.0,1.0,0.22878266572042005,1.7966707690649228e-06,0.08662162925150864
simple_triad_imp_stage2_s16_sth8_l1d_ddr4_2x,simple_triad,imp,s16_sth8,l1d,ddr4_2x,0.0021,2100242322.0,3510117.0,6307034.0,0.556543,1394301.0,2003835.0,375395.0,375405.0,592864.0,146123.0,,,,,0.002258,sdist16,0.002125,1.0625882352941176,1.0752380952380953,1.011904761904762,0.6958162722978688,0.9999733621022628,592864.0,146123.0,0.0,0.24646967938684083,0.0,0.1048001830307803
simple_triad_imp_stage2_s16_sth8_l2_ddr4_1x,simple_triad,imp,s16_sth8,l2,ddr4_1x,0.002815,2814848334.0,3509957.0,8452999.0,0.415234,1850595.0,2003764.0,161666.0,372919.0,,,,561679.0,211243.0,673.0,0.002935,sdist2,0.002654,1.1058779201205726,1.0426287744227354,0.9428063943161635,0.9235593612820672,0.43351505286670833,561679.0,211243.0,673.0,0.3760920383350633,0.001198193274094278,0.11414869271774754
simple_triad_imp_stage2_s16_sth8_l2_ddr4_2x,simple_triad,imp,s16_sth8,l2,ddr4_2x,0.001912,1912310442.0,3510138.0,5742674.0,0.611241,1882298.0,2003827.0,130933.0,373828.0,,,,595709.0,242885.0,787.0,0.002264,sdist16,0.001912,1.184100418410042,1.1841004184100419,1.0,0.9393515508075297,0.3502493125180564,595709.0,242885.0,787.0,0.4077242411983032,0.0013211148396280734,0.12903642250058173
simple_triad_imp_stage2_s2_l1d_ddr4_1x,simple_triad,imp,s2,l1d,ddr4_1x,0.002797,2797142724.0,3509943.0,8399829.0,0.417861,1997901.0,2003756.0,375364.0,375374.0,1206352.0,1.0,,,,,0.00279,sthr8,0.002789,1.0003585514521334,0.9974973185555953,0.997139792634966,0.997077987539401,0.9999733599023907,1206352.0,1.0,0.0,8.289454487579082e-07,0.0,5.005253013037183e-07
simple_triad_imp_stage2_s2_l1d_ddr4_2x,simple_triad,imp,s2,l1d,ddr4_2x,0.002534,2534297832.0,3509934.0,7610505.0,0.461198,1998638.0,2003760.0,375364.0,375374.0,1189234.0,33.0,,,,,0.002258,sdist16,0.002125,1.0625882352941176,0.8910812943962116,0.8385951065509077,0.9974438056453867,0.9999733599023907,1189234.0,33.0,0.0,2.7748954368946734e-05,0.0,1.65112441572711e-05
simple_triad_imp_stage2_s2_l2_ddr4_1x,simple_triad,imp,s2,l2,ddr4_1x,0.002654,2653648695.0,3509929.0,7968916.0,0.440455,1972892.0,2003762.0,356264.0,375375.0,,,,693958.0,19101.0,2.0,0.002935,sdist2,0.002654,1.1058779201205726,1.1058779201205726,1.0,0.9845939787260164,0.9490882450882451,693958.0,19101.0,2.0,0.027524720516227206,2.8820187965265907e-06,0.00968172611577319
simple_triad_imp_stage2_s2_l2_ddr4_2x,simple_triad,imp,s2,l2,ddr4_2x,0.001983,1983424257.0,3510112.0,5956229.0,0.589321,1974710.0,2003824.0,363246.0,375376.0,,,,708186.0,12120.0,2.0,0.002264,sdist16,0.001912,1.184100418410042,1.1417044881492688,0.9641956631366617,0.9854707798688906,0.967685733770939,708186.0,12120.0,2.0,0.017114147978073556,2.8241168280649435e-06,0.006137610079454705
simple_triad_imp_stage2_s2_sth2_l1d_ddr4_1x,simple_triad,imp,s2_sth2,l1d,ddr4_1x,0.002933,2932879185.0,3509962.0,8807446.0,0.398524,1994024.0,2003755.0,375369.0,375379.0,1199341.0,1.0,,,,,0.00279,sthr8,0.002789,1.0003585514521334,0.9512444595976816,0.9509035117627003,0.9951436178574726,0.9999733602572334,1199341.0,1.0,0.0,8.337912236803378e-07,0.0,5.014984774506224e-07
simple_triad_imp_stage2_s2_sth2_l1d_ddr4_2x,simple_triad,imp,s2_sth2,l1d,ddr4_2x,0.002534,2534344452.0,3509934.0,7610645.0,0.46119,1998635.0,2003759.0,375367.0,375377.0,1189241.0,33.0,,,,,0.002258,sdist16,0.002125,1.0625882352941176,0.8910812943962116,0.8385951065509077,0.9974428062456613,0.9999733601152975,1189241.0,33.0,0.0,2.7748791035626924e-05,0.0,1.6511268941052268e-05
simple_triad_imp_stage2_s2_sth2_l2_ddr4_1x,simple_triad,imp,s2_sth2,l2,ddr4_1x,0.002614,2614332051.0,3509939.0,7850848.0,0.44708,1977072.0,2003761.0,361111.0,375373.0,,,,704306.0,14252.0,2.0,0.002935,sdist2,0.002654,1.1058779201205726,1.1228003060443765,1.015302218821729,0.9866805472309322,0.9620057915726491,704306.0,14252.0,2.0,0.020235522627948647,2.8396748004418532e-06,0.007208639847208397
simple_triad_imp_stage2_s2_sth2_l2_ddr4_2x,simple_triad,imp,s2_sth2,l2,ddr4_2x,0.00201,2009841147.0,3510057.0,6035559.0,0.581566,1974411.0,2003829.0,362734.0,375374.0,,,,707207.0,12630.0,2.0,0.002264,sdist16,0.001912,1.184100418410042,1.12636815920398,0.9512437810945273,0.9853191065704708,0.9663269166218225,707207.0,12630.0,2.0,0.017858986124288927,2.828026306300701e-06,0.006396844426008567
simple_triad_imp_stage2_s2_sth8_l1d_ddr4_1x,simple_triad,imp,s2_sth8,l1d,ddr4_1x,0.002797,2797142058.0,3509943.0,8399827.0,0.417861,1997936.0,2003753.0,375363.0,375373.0,1206342.0,1.0,,,,,0.00279,sthr8,0.002789,1.0003585514521334,0.9974973185555953,0.997139792634966,0.9970969475778702,0.999973359831421,1206342.0,1.0,0.0,8.289523203204398e-07,0.0,5.005165330621201e-07
simple_triad_imp_stage2_s2_sth8_l1d_ddr4_2x,simple_triad,imp,s2_sth8,l1d,ddr4_2x,0.002568,2568131964.0,3509984.0,7712109.0,0.455129,1997868.0,2003770.0,375367.0,375378.0,1179386.0,45.0,,,,,0.002258,sdist16,0.002125,1.0625882352941176,0.8792834890965733,0.8274922118380063,0.9970545521691612,0.9999706962048921,1179386.0,45.0,0.0,3.8155446986821955e-05,0.0,2.2524010595294583e-05
simple_triad_imp_stage2_s2_sth8_l2_ddr4_1x,simple_triad,imp,s2_sth8,l2,ddr4_1x,0.002622,2621662713.0,3509883.0,7872862.0,0.445823,1972343.0,2003734.0,357973.0,375374.0,,,,698191.0,17391.0,2.0,0.002935,sdist2,0.002654,1.1058779201205726,1.1193745232646835,1.0122044241037376,0.9843337488908208,0.9536435661500263,698191.0,17391.0,2.0,0.02490865680021656,2.864545661573982e-06,0.008817431856426595
simple_triad_imp_stage2_s2_sth8_l2_ddr4_2x,simple_triad,imp,s2_sth8,l2,ddr4_2x,0.002013,2012800851.0,3510026.0,6044447.0,0.580706,1973839.0,2003799.0,362665.0,375375.0,,,,707038.0,12700.0,2.0,0.002264,sdist16,0.001912,1.184100418410042,1.124689518132141,0.9498261301539991,0.9850484005631304,0.9661405261405261,707038.0,12700.0,2.0,0.017962259454230182,2.8287022762567216e-06,0.00643416205678376
simple_triad_imp_stage2_s8_dist32_addr8_l1d_ddr4_1x,simple_triad,imp,s8_dist32_addr8,l1d,ddr4_1x,0.002806,2805761430.0,3509957.0,8425711.0,0.416579,1739123.0,2003766.0,375382.0,375392.0,921858.0,61292.0,,,,,0.00279,sthr8,0.002789,1.0003585514521334,0.9942979330007128,0.9939415538132573,0.8679271930954013,0.9999733611797801,921858.0,61292.0,0.0,0.06648746336203623,0.0,0.03524305066404159
simple_triad_imp_stage2_s8_dist32_addr8_l1d_ddr4_2x,simple_triad,imp,s8_dist32_addr8,l1d,ddr4_2x,0.002159,2159256915.0,3510120.0,6484255.0,0.541333,1488481.0,2003829.0,375391.0,375401.0,707847.0,120978.0,1.0,,,,0.002258,sdist16,0.002125,1.0625882352941176,1.0458545622973598,0.9842519685039371,0.7428183742225509,0.9999733618184288,707847.0,120978.0,1.0,0.17090981525668683,1.4127346728883502e-06,0.0812761466219589
simple_triad_imp_stage2_s8_dist32_addr8_l2_ddr4_1x,simple_triad,imp,s8_dist32_addr8,l2,ddr4_1x,0.002797,2796544656.0,3509939.0,8398033.0,0.41795,1866427.0,2003756.0,169364.0,373940.0,,,,571511.0,204566.0,721.0,0.002935,sdist2,0.002654,1.1058779201205726,1.049338577046836,0.9488737933500179,0.9314642102132196,0.4529175803604856,571511.0,204566.0,721.0,0.3579388673183893,0.0012615680188132862,0.10960300081385449
simple_triad_imp_stage2_s8_dist32_addr8_l2_ddr4_2x,simple_triad,imp,s8_dist32_addr8,l2,ddr4_2x,0.002071,2071455138.0,3510089.0,6220586.0,0.564273,1874602.0,2003834.0,138066.0,374087.0,,,,598428.0,236011.0,823.0,0.002264,sdist16,0.001912,1.184100418410042,1.0931916948334137,0.9232254949299856,0.9355076318697058,0.36907457356176504,598428.0,236011.0,823.0,0.39438495524942013,0.0013752698737358546,0.12589925754906908
simple_triad_imp_stage2_s8_dist8_addr8_l1d_ddr4_1x,simple_triad,imp,s8_dist8_addr8,l1d,ddr4_1x,0.002806,2805761430.0,3509957.0,8425711.0,0.416579,1739123.0,2003766.0,375382.0,375392.0,921858.0,61292.0,,,,,0.00279,sthr8,0.002789,1.0003585514521334,0.9942979330007128,0.9939415538132573,0.8679271930954013,0.9999733611797801,921858.0,61292.0,0.0,0.06648746336203623,0.0,0.03524305066404159
simple_triad_imp_stage2_s8_dist8_addr8_l1d_ddr4_2x,simple_triad,imp,s8_dist8_addr8,l1d,ddr4_2x,0.002159,2159256915.0,3510120.0,6484255.0,0.541333,1488481.0,2003829.0,375391.0,375401.0,707847.0,120978.0,1.0,,,,0.002258,sdist16,0.002125,1.0625882352941176,1.0458545622973598,0.9842519685039371,0.7428183742225509,0.9999733618184288,707847.0,120978.0,1.0,0.17090981525668683,1.4127346728883502e-06,0.0812761466219589
simple_triad_imp_stage2_s8_dist8_addr8_l2_ddr4_1x,simple_triad,imp,s8_dist8_addr8,l2,ddr4_1x,0.002797,2796544656.0,3509939.0,8398033.0,0.41795,1866427.0,2003755.0,169364.0,373940.0,,,,571511.0,204566.0,721.0,0.002935,sdist2,0.002654,1.1058779201205726,1.049338577046836,0.9488737933500179,0.9314646750725513,0.4529175803604856,571511.0,204566.0,721.0,0.3579388673183893,0.0012615680188132862,0.10960300081385449
simple_triad_imp_stage2_s8_dist8_addr8_l2_ddr4_2x,simple_triad,imp,s8_dist8_addr8,l2,ddr4_2x,0.002071,2071455138.0,3510089.0,6220586.0,0.564273,1874602.0,2003834.0,138066.0,374087.0,,,,598428.0,236011.0,823.0,0.002264,sdist16,0.001912,1.184100418410042,1.0931916948334137,0.9232254949299856,0.9355076318697058,0.36907457356176504,598428.0,236011.0,823.0,0.39438495524942013,0.0013752698737358546,0.12589925754906908
simple_triad_imp_stage2_s8_ipd16_addr16_l1d_ddr4_1x,simple_triad,imp,s8_ipd16_addr16,l1d,ddr4_1x,0.002806,2805761430.0,3509957.0,8425711.0,0.416579,1739123.0,2003765.0,375382.0,375392.0,921858.0,61292.0,,,,,0.00279,sthr8,0.002789,1.0003585514521334,0.9942979330007128,0.9939415538132573,0.8679276262435964,0.9999733611797801,921858.0,61292.0,0.0,0.06648746336203623,0.0,0.03524305066404159
simple_triad_imp_stage2_s8_ipd16_addr16_l1d_ddr4_2x,simple_triad,imp,s8_ipd16_addr16,l1d,ddr4_2x,0.002159,2159256915.0,3510120.0,6484255.0,0.541333,1488481.0,2003829.0,375391.0,375401.0,707847.0,120978.0,1.0,,,,0.002258,sdist16,0.002125,1.0625882352941176,1.0458545622973598,0.9842519685039371,0.7428183742225509,0.9999733618184288,707847.0,120978.0,1.0,0.17090981525668683,1.4127346728883502e-06,0.0812761466219589
simple_triad_imp_stage2_s8_ipd16_addr16_l2_ddr4_1x,simple_triad,imp,s8_ipd16_addr16,l2,ddr4_1x,0.002797,2796544656.0,3509939.0,8398033.0,0.41795,1866427.0,2003755.0,169364.0,373940.0,,,,571511.0,204566.0,721.0,0.002935,sdist2,0.002654,1.1058779201205726,1.049338577046836,0.9488737933500179,0.9314646750725513,0.4529175803604856,571511.0,204566.0,721.0,0.3579388673183893,0.0012615680188132862,0.10960300081385449
simple_triad_imp_stage2_s8_ipd16_addr16_l2_ddr4_2x,simple_triad,imp,s8_ipd16_addr16,l2,ddr4_2x,0.002071,2071455138.0,3510089.0,6220586.0,0.564273,1874602.0,2003834.0,138066.0,374087.0,,,,598428.0,236011.0,823.0,0.002264,sdist16,0.001912,1.184100418410042,1.0931916948334137,0.9232254949299856,0.9355076318697058,0.36907457356176504,598428.0,236011.0,823.0,0.39438495524942013,0.0013752698737358546,0.12589925754906908
simple_triad_imp_stage2_s8_ipd16_pt32_l1d_ddr4_1x,simple_triad,imp,s8_ipd16_pt32,l1d,ddr4_1x,0.002806,2805761430.0,3509957.0,8425711.0,0.416579,1739123.0,2003766.0,375382.0,375392.0,921858.0,61292.0,,,,,0.00279,sthr8,0.002789,1.0003585514521334,0.9942979330007128,0.9939415538132573,0.8679271930954013,0.9999733611797801,921858.0,61292.0,0.0,0.06648746336203623,0.0,0.03524305066404159
simple_triad_imp_stage2_s8_ipd16_pt32_l1d_ddr4_2x,simple_triad,imp,s8_ipd16_pt32,l1d,ddr4_2x,0.002159,2159256915.0,3510120.0,6484255.0,0.541333,1488481.0,2003829.0,375391.0,375401.0,707847.0,120978.0,1.0,,,,0.002258,sdist16,0.002125,1.0625882352941176,1.0458545622973598,0.9842519685039371,0.7428183742225509,0.9999733618184288,707847.0,120978.0,1.0,0.17090981525668683,1.4127346728883502e-06,0.0812761466219589
simple_triad_imp_stage2_s8_ipd16_pt32_l2_ddr4_1x,simple_triad,imp,s8_ipd16_pt32,l2,ddr4_1x,0.002797,2796544656.0,3509939.0,8398033.0,0.41795,1866427.0,2003755.0,169364.0,373940.0,,,,571511.0,204566.0,721.0,0.002935,sdist2,0.002654,1.1058779201205726,1.049338577046836,0.9488737933500179,0.9314646750725513,0.4529175803604856,571511.0,204566.0,721.0,0.3579388673183893,0.0012615680188132862,0.10960300081385449
simple_triad_imp_stage2_s8_ipd16_pt32_l2_ddr4_2x,simple_triad,imp,s8_ipd16_pt32,l2,ddr4_2x,0.002071,2071455138.0,3510089.0,6220586.0,0.564273,1874602.0,2003834.0,138066.0,374087.0,,,,598428.0,236011.0,823.0,0.002264,sdist16,0.001912,1.184100418410042,1.0931916948334137,0.9232254949299856,0.9355076318697058,0.36907457356176504,598428.0,236011.0,823.0,0.39438495524942013,0.0013752698737358546,0.12589925754906908
simple_triad_imp_stage2_s8_ipd8_addr8_l1d_ddr4_1x,simple_triad,imp,s8_ipd8_addr8,l1d,ddr4_1x,0.002806,2805761430.0,3509957.0,8425711.0,0.416579,1739123.0,2003765.0,375382.0,375392.0,921858.0,61292.0,,,,,0.00279,sthr8,0.002789,1.0003585514521334,0.9942979330007128,0.9939415538132573,0.8679276262435964,0.9999733611797801,921858.0,61292.0,0.0,0.06648746336203623,0.0,0.03524305066404159
simple_triad_imp_stage2_s8_ipd8_addr8_l1d_ddr4_2x,simple_triad,imp,s8_ipd8_addr8,l1d,ddr4_2x,0.002159,2159256915.0,3510120.0,6484255.0,0.541333,1488481.0,2003829.0,375391.0,375401.0,707847.0,120978.0,1.0,,,,0.002258,sdist16,0.002125,1.0625882352941176,1.0458545622973598,0.9842519685039371,0.7428183742225509,0.9999733618184288,707847.0,120978.0,1.0,0.17090981525668683,1.4127346728883502e-06,0.0812761466219589
simple_triad_imp_stage2_s8_ipd8_addr8_l2_ddr4_1x,simple_triad,imp,s8_ipd8_addr8,l2,ddr4_1x,0.002797,2796544656.0,3509939.0,8398033.0,0.41795,1866427.0,2003755.0,169364.0,373940.0,,,,571511.0,204566.0,721.0,0.002935,sdist2,0.002654,1.1058779201205726,1.049338577046836,0.9488737933500179,0.9314646750725513,0.4529175803604856,571511.0,204566.0,721.0,0.3579388673183893,0.0012615680188132862,0.10960300081385449
simple_triad_imp_stage2_s8_ipd8_addr8_l2_ddr4_2x,simple_triad,imp,s8_ipd8_addr8,l2,ddr4_2x,0.002071,2071455138.0,3510089.0,6220586.0,0.564273,1874602.0,2003834.0,138066.0,374087.0,,,,598428.0,236011.0,823.0,0.002264,sdist16,0.001912,1.184100418410042,1.0931916948334137,0.9232254949299856,0.9355076318697058,0.36907457356176504,598428.0,236011.0,823.0,0.39438495524942013,0.0013752698737358546,0.12589925754906908
simple_triad_imp_stage2_s8_l1d_ddr4_1x,simple_triad,imp,s8,l1d,ddr4_1x,0.002806,2805761430.0,3509957.0,8425711.0,0.416579,1739123.0,2003766.0,375382.0,375392.0,921858.0,61292.0,,,,,0.00279,sthr8,0.002789,1.0003585514521334,0.9942979330007128,0.9939415538132573,0.8679271930954013,0.9999733611797801,921858.0,61292.0,0.0,0.06648746336203623,0.0,0.03524305066404159
simple_triad_imp_stage2_s8_l1d_ddr4_2x,simple_triad,imp,s8,l1d,ddr4_2x,0.002159,2159256915.0,3510120.0,6484255.0,0.541333,1488481.0,2003829.0,375391.0,375401.0,707847.0,120978.0,1.0,,,,0.002258,sdist16,0.002125,1.0625882352941176,1.0458545622973598,0.9842519685039371,0.7428183742225509,0.9999733618184288,707847.0,120978.0,1.0,0.17090981525668683,1.4127346728883502e-06,0.0812761466219589
simple_triad_imp_stage2_s8_l2_ddr4_1x,simple_triad,imp,s8,l2,ddr4_1x,0.002797,2796544656.0,3509939.0,8398033.0,0.41795,1866427.0,2003756.0,169364.0,373940.0,,,,571511.0,204566.0,721.0,0.002935,sdist2,0.002654,1.1058779201205726,1.049338577046836,0.9488737933500179,0.9314642102132196,0.4529175803604856,571511.0,204566.0,721.0,0.3579388673183893,0.0012615680188132862,0.10960300081385449
simple_triad_imp_stage2_s8_l2_ddr4_2x,simple_triad,imp,s8,l2,ddr4_2x,0.002071,2071455138.0,3510089.0,6220586.0,0.564273,1874602.0,2003834.0,138066.0,374087.0,,,,598428.0,236011.0,823.0,0.002264,sdist16,0.001912,1.184100418410042,1.0931916948334137,0.9232254949299856,0.9355076318697058,0.36907457356176504,598428.0,236011.0,823.0,0.39438495524942013,0.0013752698737358546,0.12589925754906908
simple_triad_imp_stage2_s8_pt8_sth2_l1d_ddr4_1x,simple_triad,imp,s8_pt8_sth2,l1d,ddr4_1x,0.002803,2802692835.0,3509906.0,8416496.0,0.417029,1791119.0,2003740.0,375381.0,375391.0,957429.0,48731.0,,,,,0.00279,sthr8,0.002789,1.0003585514521334,0.9953621120228326,0.9950053514092044,0.8938879295717009,0.9999733611088172,957429.0,48731.0,0.0,0.050897768920724146,0.0,0.027207014162654742
simple_triad_imp_stage2_s8_pt8_sth2_l1d_ddr4_2x,simple_triad,imp,s8_pt8_sth2,l1d,ddr4_2x,0.00217,2169745083.0,3510083.0,6515751.0,0.53871,1473739.0,2003797.0,375383.0,375393.0,684972.0,124559.0,,,,,0.002258,sdist16,0.002125,1.0625882352941176,1.040552995391705,0.9792626728110599,0.7354732041219745,0.9999733612507425,684972.0,124559.0,0.0,0.18184538930058455,0.0,0.08451903627440137
simple_triad_imp_stage2_s8_pt8_sth2_l2_ddr4_1x,simple_triad,imp,s8_pt8_sth2,l2,ddr4_1x,0.002787,2787208668.0,3509939.0,8369997.0,0.41935,1866771.0,2003761.0,169682.0,373955.0,,,,572006.0,204263.0,706.0,0.002935,sdist2,0.002654,1.1058779201205726,1.0531036957301758,0.9522784355938285,0.9316335630846194,0.4537497827278683,572006.0,204263.0,706.0,0.3570994010552337,0.0012342527875581725,0.10942049131896735
simple_triad_imp_stage2_s8_pt8_sth2_l2_ddr4_2x,simple_triad,imp,s8_pt8_sth2,l2,ddr4_2x,0.002053,2052853092.0,3510082.0,6164724.0,0.569385,1875302.0,2003842.0,138131.0,374046.0,,,,593944.0,235905.0,849.0,0.002264,sdist16,0.001912,1.184100418410042,1.1027764247442766,0.9313200194836824,0.9358532259529444,0.3692888040508387,593944.0,235905.0,849.0,0.3971839095941705,0.001429427690152607,0.12579573849971898
simple_triad_imp_stage2_s8_pt8_sth8_l1d_ddr4_1x,simple_triad,imp,s8_pt8_sth8,l1d,ddr4_1x,0.002772,2771957601.0,3509964.0,8324198.0,0.42166,1821918.0,2003765.0,375371.0,375381.0,949656.0,41411.0,,,,,0.00279,sthr8,0.002789,1.0003585514521334,1.0064935064935063,1.006132756132756,0.909247341878913,0.9999733603991677,949656.0,41411.0,0.0,0.04360631639246211,0.0,0.022729343472099182
simple_triad_imp_stage2_s8_pt8_sth8_l1d_ddr4_2x,simple_triad,imp,s8_pt8_sth8,l1d,ddr4_2x,0.002159,2159422749.0,3510120.0,6484753.0,0.541291,1488479.0,2003828.0,375387.0,375397.0,707817.0,120978.0,1.0,,,,0.002258,sdist16,0.002125,1.0625882352941176,1.0458545622973598,0.9842519685039371,0.7428177468325625,0.9999733615345887,707817.0,120978.0,1.0,0.17091705907035293,1.4127945500037439e-06,0.08127625582893679
simple_triad_imp_stage2_s8_pt8_sth8_l2_ddr4_1x,simple_triad,imp,s8_pt8_sth8,l2,ddr4_1x,0.002789,2789498376.0,3509927.0,8376873.0,0.419004,1865465.0,2003765.0,170158.0,373960.0,,,,571246.0,203792.0,708.0,0.002935,sdist2,0.002654,1.1058779201205726,1.0523485120114737,0.9515955539619937,0.9309799302812456,0.45501657931329553,571246.0,203792.0,708.0,0.3567499816191273,0.0012393959870178521,0.10924461193321772
simple_triad_imp_stage2_s8_pt8_sth8_l2_ddr4_2x,simple_triad,imp,s8_pt8_sth8,l2,ddr4_2x,0.002051,2051129151.0,3510145.0,6159547.0,0.569874,1875518.0,2003830.0,138887.0,374072.0,,,,596502.0,235175.0,819.0,0.002264,sdist16,0.001912,1.184100418410042,1.1038517796196978,0.9322281813749391,0.9359666239152024,0.3712841378130413,596502.0,235175.0,819.0,0.39425685077334194,0.0013730046169166238,0.12539202502988508
simple_triad_imp_stage2_s8_sth2_l1d_ddr4_1x,simple_triad,imp,s8_sth2,l1d,ddr4_1x,0.002803,2802692835.0,3509906.0,8416496.0,0.417029,1791119.0,2003740.0,375381.0,375391.0,957429.0,48731.0,,,,,0.00279,sthr8,0.002789,1.0003585514521334,0.9953621120228326,0.9950053514092044,0.8938879295717009,0.9999733611088172,957429.0,48731.0,0.0,0.050897768920724146,0.0,0.027207014162654742
simple_triad_imp_stage2_s8_sth2_l1d_ddr4_2x,simple_triad,imp,s8_sth2,l1d,ddr4_2x,0.00217,2169745083.0,3510083.0,6515751.0,0.53871,1473739.0,2003797.0,375383.0,375393.0,684972.0,124559.0,,,,,0.002258,sdist16,0.002125,1.0625882352941176,1.040552995391705,0.9792626728110599,0.7354732041219745,0.9999733612507425,684972.0,124559.0,0.0,0.18184538930058455,0.0,0.08451903627440137
simple_triad_imp_stage2_s8_sth2_l2_ddr4_1x,simple_triad,imp,s8_sth2,l2,ddr4_1x,0.002787,2787208668.0,3509939.0,8369997.0,0.41935,1866771.0,2003761.0,169682.0,373955.0,,,,572006.0,204263.0,706.0,0.002935,sdist2,0.002654,1.1058779201205726,1.0531036957301758,0.9522784355938285,0.9316335630846194,0.4537497827278683,572006.0,204263.0,706.0,0.3570994010552337,0.0012342527875581725,0.10942049131896735
simple_triad_imp_stage2_s8_sth2_l2_ddr4_2x,simple_triad,imp,s8_sth2,l2,ddr4_2x,0.002053,2052853092.0,3510082.0,6164724.0,0.569385,1875302.0,2003842.0,138131.0,374046.0,,,,593944.0,235905.0,849.0,0.002264,sdist16,0.001912,1.184100418410042,1.1027764247442766,0.9313200194836824,0.9358532259529444,0.3692888040508387,593944.0,235905.0,849.0,0.3971839095941705,0.001429427690152607,0.12579573849971898
simple_triad_imp_stage2_s8_sth8_l1d_ddr4_1x,simple_triad,imp,s8_sth8,l1d,ddr4_1x,0.002772,2771957601.0,3509964.0,8324198.0,0.42166,1821918.0,2003765.0,375371.0,375381.0,949656.0,41411.0,,,,,0.00279,sthr8,0.002789,1.0003585514521334,1.0064935064935063,1.006132756132756,0.909247341878913,0.9999733603991677,949656.0,41411.0,0.0,0.04360631639246211,0.0,0.022729343472099182
simple_triad_imp_stage2_s8_sth8_l1d_ddr4_2x,simple_triad,imp,s8_sth8,l1d,ddr4_2x,0.002159,2159422749.0,3510120.0,6484753.0,0.541291,1488479.0,2003828.0,375387.0,375397.0,707817.0,120978.0,1.0,,,,0.002258,sdist16,0.002125,1.0625882352941176,1.0458545622973598,0.9842519685039371,0.7428177468325625,0.9999733615345887,707817.0,120978.0,1.0,0.17091705907035293,1.4127945500037439e-06,0.08127625582893679
simple_triad_imp_stage2_s8_sth8_l2_ddr4_1x,simple_triad,imp,s8_sth8,l2,ddr4_1x,0.002789,2789498376.0,3509927.0,8376873.0,0.419004,1865465.0,2003765.0,170158.0,373960.0,,,,571246.0,203792.0,708.0,0.002935,sdist2,0.002654,1.1058779201205726,1.0523485120114737,0.9515955539619937,0.9309799302812456,0.45501657931329553,571246.0,203792.0,708.0,0.3567499816191273,0.0012393959870178521,0.10924461193321772
simple_triad_imp_stage2_s8_sth8_l2_ddr4_2x,simple_triad,imp,s8_sth8,l2,ddr4_2x,0.002051,2051129151.0,3510145.0,6159547.0,0.569874,1875518.0,2003830.0,138887.0,374072.0,,,,596502.0,235175.0,819.0,0.002264,sdist16,0.001912,1.184100418410042,1.1038517796196978,0.9322281813749391,0.9359666239152024,0.3712841378130413,596502.0,235175.0,819.0,0.39425685077334194,0.0013730046169166238,0.12539202502988508
spmv_imp_stage2_aggr_s16_sth2_d32_ipd16_addr16_l1d_ddr4_1x,spmv,imp,aggr_s16_sth2_d32_ipd16_addr16,l1d,ddr4_1x,0.005943,5942682369.0,11279576.0,17845893.0,0.633399,1979133.0,4826210.0,653551.0,3664870.0,2606778.0,150679.0,1925199.0,,,,0.006737,sdist16,0.00594,1.1341750841750842,1.1336025576308262,0.9994952044422009,0.4100801664245858,0.17832856281396067,2606778.0,150679.0,1925199.0,0.05780277415261292,0.7385358477016455,0.07613384244515149
spmv_imp_stage2_aggr_s16_sth2_d32_ipd16_addr16_l1d_ddr4_2x,spmv,imp,aggr_s16_sth2_d32_ipd16_addr16,l1d,ddr4_2x,0.005411,5410945638.0,11279576.0,16249086.0,0.695643,1985164.0,4826485.0,654449.0,3669557.0,2609279.0,150565.0,1929952.0,,,,0.006318,sdist16,0.0054,1.17,1.167621511735354,0.997967104047311,0.41130636477685106,0.17834550601067103,2609279.0,150565.0,1929952.0,0.057703679828795616,0.7396495353697324,0.0758451190934351
spmv_imp_stage2_aggr_s16_sth2_d32_ipd16_addr16_l2_ddr4_1x,spmv,imp,aggr_s16_sth2_d32_ipd16_addr16,l2,ddr4_1x,0.006187,6186913560.0,11279576.0,18579320.0,0.608395,2387968.0,4827653.0,353873.0,1686964.0,,,,366451.0,191796.0,12499.0,0.006899,sdist16,0.006189,1.1147196639198578,1.115080006465169,1.000323258445127,0.4946436705372155,0.2097691474151197,366451.0,191796.0,12499.0,0.5233878472155895,0.03410824366695684,0.0803176591981132
spmv_imp_stage2_aggr_s16_sth2_d32_ipd16_addr16_l2_ddr4_2x,spmv,imp,aggr_s16_sth2_d32_ipd16_addr16,l2,ddr4_2x,0.00558,5579716698.0,11279581.0,16755906.0,0.674602,2390875.0,4827880.0,354593.0,1687033.0,,,,373385.0,191195.0,12617.0,0.006431,sdist16,0.00558,1.1525089605734768,1.1525089605734768,1.0,0.49522254074252053,0.21018735258883495,373385.0,191195.0,12617.0,0.5120585990331695,0.03379085930072177,0.07996863073142678
spmv_imp_stage2_aggr_s16_sth2_d32_ipd16_l1d_ddr4_1x,spmv,imp,aggr_s16_sth2_d32_ipd16,l1d,ddr4_1x,0.005943,5942682369.0,11279576.0,17845893.0,0.633399,1979133.0,4826210.0,653551.0,3664870.0,2606778.0,150679.0,1925199.0,,,,0.006737,sdist16,0.00594,1.1341750841750842,1.1336025576308262,0.9994952044422009,0.4100801664245858,0.17832856281396067,2606778.0,150679.0,1925199.0,0.05780277415261292,0.7385358477016455,0.07613384244515149
spmv_imp_stage2_aggr_s16_sth2_d32_ipd16_l1d_ddr4_2x,spmv,imp,aggr_s16_sth2_d32_ipd16,l1d,ddr4_2x,0.005411,5410945638.0,11279576.0,16249086.0,0.695643,1985164.0,4826485.0,654449.0,3669557.0,2609279.0,150565.0,1929952.0,,,,0.006318,sdist16,0.0054,1.17,1.167621511735354,0.997967104047311,0.41130636477685106,0.17834550601067103,2609279.0,150565.0,1929952.0,0.057703679828795616,0.7396495353697324,0.0758451190934351
spmv_imp_stage2_aggr_s16_sth2_d32_ipd16_l2_ddr4_1x,spmv,imp,aggr_s16_sth2_d32_ipd16,l2,ddr4_1x,0.006187,6186913560.0,11279576.0,18579320.0,0.608395,2387968.0,4827653.0,353873.0,1686964.0,,,,366451.0,191796.0,12499.0,0.006899,sdist16,0.006189,1.1147196639198578,1.115080006465169,1.000323258445127,0.4946436705372155,0.2097691474151197,366451.0,191796.0,12499.0,0.5233878472155895,0.03410824366695684,0.0803176591981132
spmv_imp_stage2_aggr_s16_sth2_d32_ipd16_l2_ddr4_2x,spmv,imp,aggr_s16_sth2_d32_ipd16,l2,ddr4_2x,0.00558,5579716698.0,11279581.0,16755906.0,0.674602,2390875.0,4827880.0,354593.0,1687033.0,,,,373385.0,191195.0,12617.0,0.006431,sdist16,0.00558,1.1525089605734768,1.1525089605734768,1.0,0.49522254074252053,0.21018735258883495,373385.0,191195.0,12617.0,0.5120585990331695,0.03379085930072177,0.07996863073142678
spmv_imp_stage2_cons_s2_sth8_pt8_l1d_ddr4_1x,spmv,imp,cons_s2_sth8_pt8,l1d,ddr4_1x,0.00754,7539577209.0,11279581.0,22641373.0,0.499244,2952639.0,4826528.0,571345.0,2519725.0,2271233.0,116302.0,803786.0,,,,0.006737,sdist16,0.00594,1.1341750841750842,0.8935013262599469,0.7877984084880637,0.6117521746481115,0.22674895077835874,2271233.0,116302.0,803786.0,0.051206547280706116,0.3538985211997184,0.03938917016269175
spmv_imp_stage2_cons_s2_sth8_pt8_l1d_ddr4_2x,spmv,imp,cons_s2_sth8_pt8,l1d,ddr4_2x,0.007269,7269399324.0,11279576.0,21830028.0,0.517799,2971000.0,4826513.0,571510.0,2521599.0,2294176.0,115340.0,805565.0,,,,0.006318,sdist16,0.0054,1.17,0.8691704498555509,0.7428807263722658,0.6155582715720438,0.22664587033862243,2294176.0,115340.0,805565.0,0.05027513146332278,0.35113478652030183,0.03882194547290475
spmv_imp_stage2_cons_s2_sth8_pt8_l2_ddr4_1x,spmv,imp,cons_s2_sth8_pt8,l2,ddr4_1x,0.007601,7601026032.0,11279576.0,22825904.0,0.495208,3075012.0,4826352.0,416677.0,1686651.0,,,,240075.0,113073.0,2939.0,0.006899,sdist16,0.006189,1.1147196639198578,0.9076437310880147,0.8142349690830154,0.6371296581766104,0.24704399428216034,240075.0,113073.0,2939.0,0.470990315526398,0.012242007705925232,0.036771563818287535
spmv_imp_stage2_cons_s2_sth8_pt8_l2_ddr4_2x,spmv,imp,cons_s2_sth8_pt8,l2,ddr4_2x,0.007266,7266429630.0,11279576.0,21821110.0,0.518011,3105847.0,4826712.0,417827.0,1686686.0,,,,242255.0,111876.0,2957.0,0.006431,sdist16,0.00558,1.1525089605734768,0.8850812001101018,0.7679603633360859,0.6434705447517897,0.2477206783005254,242255.0,111876.0,2957.0,0.46181090173577427,0.012206146415966646,0.03602109183098846
spmv_imp_stage2_cons_s8_sth8_pt8_ipd8_l1d_ddr4_1x,spmv,imp,cons_s8_sth8_pt8_ipd8,l1d,ddr4_1x,0.006188,6188322150.0,11279581.0,18583550.0,0.608257,2120783.0,4826694.0,631352.0,3385995.0,2376225.0,153630.0,1650847.0,,,,0.006737,sdist16,0.00594,1.1341750841750842,1.0887201034259857,0.9599224305106658,0.439386254856844,0.18645981461874575,2376225.0,153630.0,1650847.0,0.064652968468895,0.6947351366137466,0.07244022608630869
spmv_imp_stage2_cons_s8_sth8_pt8_ipd8_l1d_ddr4_2x,spmv,imp,cons_s8_sth8_pt8_ipd8,l1d,ddr4_2x,0.005715,5714919360.0,11279576.0,17161920.0,0.658643,2114886.0,4827136.0,632113.0,3394262.0,2377786.0,153874.0,1659002.0,,,,0.006318,sdist16,0.0054,1.17,1.1055118110236222,0.9448818897637796,0.4381243867999576,0.18622987854208073,2377786.0,153874.0,1659002.0,0.0647131407115695,0.6977087088577357,0.07275758598808636
spmv_imp_stage2_cons_s8_sth8_pt8_ipd8_l2_ddr4_1x,spmv,imp,cons_s8_sth8_pt8_ipd8,l2,ddr4_1x,0.006498,6497853642.0,11279576.0,19513074.0,0.579282,2573145.0,4827335.0,367244.0,1686964.0,,,,341755.0,172896.0,8225.0,0.006899,sdist16,0.006189,1.1147196639198578,1.061711295783318,0.9524469067405356,0.5330363440697611,0.217695220526342,341755.0,172896.0,8225.0,0.5059062778891311,0.024066948545010316,0.0671924823513638
spmv_imp_stage2_cons_s8_sth8_pt8_ipd8_l2_ddr4_2x,spmv,imp,cons_s8_sth8_pt8_ipd8,l2,ddr4_2x,0.006015,6014858121.0,11279581.0,18062637.0,0.625799,2566636.0,4827187.0,367503.0,1686907.0,,,,344545.0,172613.0,8200.0,0.006431,sdist16,0.00558,1.1525089605734768,1.0691604322527015,0.9276807980049875,0.5317042824319836,0.21785611180699352,344545.0,172613.0,8200.0,0.5009882598789708,0.02379950369327664,0.06725262171963613
spmv_imp_stage2_default_l1d_ddr4_1x,spmv,imp,default,l1d,ddr4_1x,0.006737,6736709880.0,11279576.0,20230360.0,0.558743,2478349.0,4827081.0,600137.0,2941675.0,2273967.0,139823.0,1215352.0,,,,0.006737,sdist16,0.00594,1.1341750841750842,1.0,0.8816980852011281,0.5134260228904384,0.20401199996600577,2273967.0,139823.0,1215352.0,0.061488579209812634,0.5344633409367858,0.05641780072136733
spmv_imp_stage2_default_l1d_ddr4_2x,spmv,imp,default,l1d,ddr4_2x,0.006318,6317934408.0,11279576.0,18972776.0,0.595778,2462403.0,4827165.0,600559.0,2948135.0,2267381.0,140288.0,1221724.0,,,,0.006318,sdist16,0.0054,1.17,1.0,0.8547008547008548,0.510113700277492,0.20370810698967312,2267381.0,140288.0,1221724.0,0.061872265843279095,0.538826072900849,0.05697199036875767
spmv_imp_stage2_default_l2_ddr4_1x,spmv,imp,default,l2,ddr4_1x,0.006899,6898882212.0,11279576.0,20717364.0,0.545609,2767669.0,4826959.0,386713.0,1686824.0,,,,300575.0,147910.0,5099.0,0.006899,sdist16,0.006189,1.1147196639198578,1.0,0.8970865342803305,0.573377358291214,0.22925509715299283,300575.0,147910.0,5099.0,0.4920901605256591,0.016964152041919655,0.053442084295484756
spmv_imp_stage2_default_l2_ddr4_2x,spmv,imp,default,l2,ddr4_2x,0.006431,6431063166.0,11279576.0,19312502.0,0.585298,2752820.0,4827293.0,386989.0,1686871.0,,,,301400.0,147794.0,5085.0,0.006431,sdist16,0.00558,1.1525089605734768,1.0,0.8676722127196392,0.5702616352477465,0.2294123261351935,301400.0,147794.0,5085.0,0.4903583278035833,0.016871267418712674,0.05368821790018962
spmv_imp_stage2_s16_dist32_addr16_l1d_ddr4_1x,spmv,imp,s16_dist32_addr16,l1d,ddr4_1x,0.00594,5940466587.0,11279576.0,17839239.0,0.633635,1980905.0,4826356.0,654062.0,3666897.0,2610892.0,150638.0,1927141.0,,,,0.006737,sdist16,0.00594,1.1341750841750842,1.1341750841750842,1.0,0.41043491197085336,0.1783693406168758,2610892.0,150638.0,1927141.0,0.057695990489074235,0.7381159389204915,0.076045040019587
spmv_imp_stage2_s16_dist32_addr16_l1d_ddr4_2x,spmv,imp,s16_dist32_addr16,l1d,ddr4_2x,0.0054,5399526735.0,11279581.0,16214795.0,0.697115,1981716.0,4826617.0,654649.0,3667613.0,2609723.0,150653.0,1927818.0,,,,0.006318,sdist16,0.0054,1.17,1.17,1.0,0.4105807442355588,0.17849456853817455,2609723.0,150653.0,1927818.0,0.057727582582519296,0.7387059852712338,0.076021488447386
spmv_imp_stage2_s16_dist32_addr16_l2_ddr4_1x,spmv,imp,s16_dist32_addr16,l2,ddr4_1x,0.006189,6188553585.0,11279576.0,18584245.0,0.608234,2388030.0,4827631.0,354024.0,1686934.0,,,,366328.0,191760.0,12568.0,0.006899,sdist16,0.006189,1.1147196639198578,1.1147196639198578,1.0,0.4946587674161509,0.20986238939994095,366328.0,191760.0,12568.0,0.5234653097770304,0.03430805180057216,0.08030049873745304
spmv_imp_stage2_s16_dist32_addr16_l2_ddr4_2x,spmv,imp,s16_dist32_addr16,l2,ddr4_2x,0.00558,5579598150.0,11279576.0,16755550.0,0.674616,2389944.0,4827797.0,354649.0,1687010.0,,,,373170.0,191223.0,12627.0,0.006431,sdist16,0.00558,1.1525089605734768,1.1525089605734768,1.0,0.49503821308145307,0.2102234130206697,373170.0,191223.0,12627.0,0.5124286518208859,0.03383712517083367,0.08001149817736315
spmv_imp_stage2_s16_dist8_addr16_l1d_ddr4_1x,spmv,imp,s16_dist8_addr16,l1d,ddr4_1x,0.00594,5940466587.0,11279576.0,17839239.0,0.633635,1980905.0,4826356.0,654062.0,3666897.0,2610892.0,150638.0,1927141.0,,,,0.006737,sdist16,0.00594,1.1341750841750842,1.1341750841750842,1.0,0.41043491197085336,0.1783693406168758,2610892.0,150638.0,1927141.0,0.057695990489074235,0.7381159389204915,0.076045040019587
spmv_imp_stage2_s16_dist8_addr16_l1d_ddr4_2x,spmv,imp,s16_dist8_addr16,l1d,ddr4_2x,0.0054,5399526735.0,11279581.0,16214795.0,0.697115,1981716.0,4826617.0,654649.0,3667613.0,2609723.0,150653.0,1927818.0,,,,0.006318,sdist16,0.0054,1.17,1.17,1.0,0.4105807442355588,0.17849456853817455,2609723.0,150653.0,1927818.0,0.057727582582519296,0.7387059852712338,0.076021488447386
spmv_imp_stage2_s16_dist8_addr16_l2_ddr4_1x,spmv,imp,s16_dist8_addr16,l2,ddr4_1x,0.006189,6188553585.0,11279576.0,18584245.0,0.608234,2388030.0,4827631.0,354024.0,1686934.0,,,,366328.0,191760.0,12568.0,0.006899,sdist16,0.006189,1.1147196639198578,1.1147196639198578,1.0,0.4946587674161509,0.20986238939994095,366328.0,191760.0,12568.0,0.5234653097770304,0.03430805180057216,0.08030049873745304
spmv_imp_stage2_s16_dist8_addr16_l2_ddr4_2x,spmv,imp,s16_dist8_addr16,l2,ddr4_2x,0.00558,5579598150.0,11279576.0,16755550.0,0.674616,2389944.0,4827797.0,354649.0,1687010.0,,,,373170.0,191223.0,12627.0,0.006431,sdist16,0.00558,1.1525089605734768,1.1525089605734768,1.0,0.49503821308145307,0.2102234130206697,373170.0,191223.0,12627.0,0.5124286518208859,0.03383712517083367,0.08001149817736315
spmv_imp_stage2_s16_ipd16_addr16_l1d_ddr4_1x,spmv,imp,s16_ipd16_addr16,l1d,ddr4_1x,0.00594,5940466587.0,11279576.0,17839239.0,0.633635,1980905.0,4826356.0,654062.0,3666897.0,2610892.0,150638.0,1927141.0,,,,0.006737,sdist16,0.00594,1.1341750841750842,1.1341750841750842,1.0,0.41043491197085336,0.1783693406168758,2610892.0,150638.0,1927141.0,0.057695990489074235,0.7381159389204915,0.076045040019587
spmv_imp_stage2_s16_ipd16_addr16_l1d_ddr4_2x,spmv,imp,s16_ipd16_addr16,l1d,ddr4_2x,0.0054,5399526735.0,11279581.0,16214795.0,0.697115,1981716.0,4826617.0,654649.0,3667613.0,2609723.0,150653.0,1927818.0,,,,0.006318,sdist16,0.0054,1.17,1.17,1.0,0.4105807442355588,0.17849456853817455,2609723.0,150653.0,1927818.0,0.057727582582519296,0.7387059852712338,0.076021488447386
spmv_imp_stage2_s16_ipd16_addr16_l2_ddr4_1x,spmv,imp,s16_ipd16_addr16,l2,ddr4_1x,0.006189,6188553585.0,11279576.0,18584245.0,0.608234,2388030.0,4827631.0,354024.0,1686934.0,,,,366328.0,191760.0,12568.0,0.006899,sdist16,0.006189,1.1147196639198578,1.1147196639198578,1.0,0.4946587674161509,0.20986238939994095,366328.0,191760.0,12568.0,0.5234653097770304,0.03430805180057216,0.08030049873745304
spmv_imp_stage2_s16_ipd16_addr16_l2_ddr4_2x,spmv,imp,s16_ipd16_addr16,l2,ddr4_2x,0.00558,5579598150.0,11279576.0,16755550.0,0.674616,2389944.0,4827797.0,354649.0,1687010.0,,,,373170.0,191223.0,12627.0,0.006431,sdist16,0.00558,1.1525089605734768,1.1525089605734768,1.0,0.49503821308145307,0.2102234130206697,373170.0,191223.0,12627.0,0.5124286518208859,0.03383712517083367,0.08001149817736315
spmv_imp_stage2_s16_ipd16_pt32_l1d_ddr4_1x,spmv,imp,s16_ipd16_pt32,l1d,ddr4_1x,0.00594,5940466587.0,11279576.0,17839239.0,0.633635,1980905.0,4826356.0,654062.0,3666897.0,2610892.0,150638.0,1927141.0,,,,0.006737,sdist16,0.00594,1.1341750841750842,1.1341750841750842,1.0,0.41043491197085336,0.1783693406168758,2610892.0,150638.0,1927141.0,0.057695990489074235,0.7381159389204915,0.076045040019587
spmv_imp_stage2_s16_ipd16_pt32_l1d_ddr4_2x,spmv,imp,s16_ipd16_pt32,l1d,ddr4_2x,0.0054,5399526735.0,11279581.0,16214795.0,0.697115,1981716.0,4826617.0,654649.0,3667613.0,2609723.0,150653.0,1927818.0,,,,0.006318,sdist16,0.0054,1.17,1.17,1.0,0.4105807442355588,0.17849456853817455,2609723.0,150653.0,1927818.0,0.057727582582519296,0.7387059852712338,0.076021488447386
spmv_imp_stage2_s16_ipd16_pt32_l2_ddr4_1x,spmv,imp,s16_ipd16_pt32,l2,ddr4_1x,0.006189,6188553585.0,11279576.0,18584245.0,0.608234,2388030.0,4827631.0,354024.0,1686934.0,,,,366328.0,191760.0,12568.0,0.006899,sdist16,0.006189,1.1147196639198578,1.1147196639198578,1.0,0.4946587674161509,0.20986238939994095,366328.0,191760.0,12568.0,0.5234653097770304,0.03430805180057216,0.08030049873745304
spmv_imp_stage2_s16_ipd16_pt32_l2_ddr4_2x,spmv,imp,s16_ipd16_pt32,l2,ddr4_2x,0.00558,5579598150.0,11279576.0,16755550.0,0.674616,2389944.0,4827797.0,354649.0,1687010.0,,,,373170.0,191223.0,12627.0,0.006431,sdist16,0.00558,1.1525089605734768,1.1525089605734768,1.0,0.49503821308145307,0.2102234130206697,373170.0,191223.0,12627.0,0.5124286518208859,0.03383712517083367,0.08001149817736315
spmv_imp_stage2_s16_ipd8_addr8_l1d_ddr4_1x,spmv,imp,s16_ipd8_addr8,l1d,ddr4_1x,0.00594,5940466587.0,11279576.0,17839239.0,0.633635,1980905.0,4826356.0,654062.0,3666897.0,2610892.0,150638.0,1927141.0,,,,0.006737,sdist16,0.00594,1.1341750841750842,1.1341750841750842,1.0,0.41043491197085336,0.1783693406168758,2610892.0,150638.0,1927141.0,0.057695990489074235,0.7381159389204915,0.076045040019587
spmv_imp_stage2_s16_ipd8_addr8_l1d_ddr4_2x,spmv,imp,s16_ipd8_addr8,l1d,ddr4_2x,0.0054,5399526735.0,11279581.0,16214795.0,0.697115,1981716.0,4826617.0,654649.0,3667613.0,2609723.0,150653.0,1927818.0,,,,0.006318,sdist16,0.0054,1.17,1.17,1.0,0.4105807442355588,0.17849456853817455,2609723.0,150653.0,1927818.0,0.057727582582519296,0.7387059852712338,0.076021488447386
spmv_imp_stage2_s16_ipd8_addr8_l2_ddr4_1x,spmv,imp,s16_ipd8_addr8,l2,ddr4_1x,0.006189,6188553585.0,11279576.0,18584245.0,0.608234,2388030.0,4827631.0,354024.0,1686934.0,,,,366328.0,191760.0,12568.0,0.006899,sdist16,0.006189,1.1147196639198578,1.1147196639198578,1.0,0.4946587674161509,0.20986238939994095,366328.0,191760.0,12568.0,0.5234653097770304,0.03430805180057216,0.08030049873745304
spmv_imp_stage2_s16_ipd8_addr8_l2_ddr4_2x,spmv,imp,s16_ipd8_addr8,l2,ddr4_2x,0.00558,5579598150.0,11279576.0,16755550.0,0.674616,2389944.0,4827797.0,354649.0,1687010.0,,,,373170.0,191223.0,12627.0,0.006431,sdist16,0.00558,1.1525089605734768,1.1525089605734768,1.0,0.49503821308145307,0.2102234130206697,373170.0,191223.0,12627.0,0.5124286518208859,0.03383712517083367,0.08001149817736315
spmv_imp_stage2_s16_l1d_ddr4_1x,spmv,imp,s16,l1d,ddr4_1x,0.00594,5940466587.0,11279576.0,17839239.0,0.633635,1980905.0,4826356.0,654062.0,3666897.0,2610892.0,150638.0,1927141.0,,,,0.006737,sdist16,0.00594,1.1341750841750842,1.1341750841750842,1.0,0.41043491197085336,0.1783693406168758,2610892.0,150638.0,1927141.0,0.057695990489074235,0.7381159389204915,0.076045040019587
spmv_imp_stage2_s16_l1d_ddr4_2x,spmv,imp,s16,l1d,ddr4_2x,0.0054,5399526735.0,11279581.0,16214795.0,0.697115,1981716.0,4826617.0,654649.0,3667613.0,2609723.0,150653.0,1927818.0,,,,0.006318,sdist16,0.0054,1.17,1.17,1.0,0.4105807442355588,0.17849456853817455,2609723.0,150653.0,1927818.0,0.057727582582519296,0.7387059852712338,0.076021488447386
spmv_imp_stage2_s16_l2_ddr4_1x,spmv,imp,s16,l2,ddr4_1x,0.006189,6188553585.0,11279576.0,18584245.0,0.608234,2388030.0,4827631.0,354024.0,1686934.0,,,,366328.0,191760.0,12568.0,0.006899,sdist16,0.006189,1.1147196639198578,1.1147196639198578,1.0,0.4946587674161509,0.20986238939994095,366328.0,191760.0,12568.0,0.5234653097770304,0.03430805180057216,0.08030049873745304
spmv_imp_stage2_s16_l2_ddr4_2x,spmv,imp,s16,l2,ddr4_2x,0.00558,5579598150.0,11279576.0,16755550.0,0.674616,2389944.0,4827797.0,354649.0,1687010.0,,,,373170.0,191223.0,12627.0,0.006431,sdist16,0.00558,1.1525089605734768,1.1525089605734768,1.0,0.49503821308145307,0.2102234130206697,373170.0,191223.0,12627.0,0.5124286518208859,0.03383712517083367,0.08001149817736315
spmv_imp_stage2_s16_pt8_sth2_l1d_ddr4_1x,spmv,imp,s16_pt8_sth2,l1d,ddr4_1x,0.005945,5945401980.0,11279581.0,17854060.0,0.63311,1980801.0,4826130.0,654197.0,3667660.0,2612439.0,150749.0,1927992.0,,,,0.006737,sdist16,0.00594,1.1341750841750842,1.1332211942809083,0.9991589571068125,0.4104325826283171,0.17836904184139207,2612439.0,150749.0,1927992.0,0.05770431386149112,0.7380046002988012,0.07610507062546919
spmv_imp_stage2_s16_pt8_sth2_l1d_ddr4_2x,spmv,imp,s16_pt8_sth2,l1d,ddr4_2x,0.005406,5406182739.0,11279576.0,16234783.0,0.696256,1980859.0,4826629.0,653802.0,3667399.0,2606457.0,150733.0,1927910.0,,,,0.006318,sdist16,0.0054,1.17,1.1687014428412874,0.9988901220865705,0.41040216681248964,0.17827403017779087,2606457.0,150733.0,1927910.0,0.05783061067188141,0.739666911827051,0.0760947649479342
spmv_imp_stage2_s16_pt8_sth2_l2_ddr4_1x,spmv,imp,s16_pt8_sth2,l2,ddr4_1x,0.006186,6186120021.0,11279576.0,18576937.0,0.608473,2387785.0,4827676.0,353875.0,1686940.0,,,,366545.0,191810.0,12501.0,0.006899,sdist16,0.006189,1.1147196639198578,1.1152602651147754,1.0004849660523765,0.4946034075194773,0.20977331736754123,366545.0,191810.0,12501.0,0.523291819558308,0.03410495300713418,0.0803296779232636
spmv_imp_stage2_s16_pt8_sth2_l2_ddr4_2x,spmv,imp,s16_pt8_sth2,l2,ddr4_2x,0.00558,5579716698.0,11279581.0,16755906.0,0.674602,2390875.0,4827880.0,354593.0,1687033.0,,,,373385.0,191195.0,12617.0,0.006431,sdist16,0.00558,1.1525089605734768,1.1525089605734768,1.0,0.49522254074252053,0.21018735258883495,373385.0,191195.0,12617.0,0.5120585990331695,0.03379085930072177,0.07996863073142678
spmv_imp_stage2_s16_pt8_sth8_l1d_ddr4_1x,spmv,imp,s16_pt8_sth8,l1d,ddr4_1x,0.005952,5951675034.0,11279576.0,17872898.0,0.632442,1980158.0,4826397.0,653502.0,3665817.0,2610421.0,150766.0,1926191.0,,,,0.006737,sdist16,0.00594,1.1341750841750842,1.131888440860215,0.997983870967742,0.4102766515062893,0.17826912800066125,2610421.0,150766.0,1926191.0,0.05775543485131326,0.7378851916989635,0.07613836875643257
spmv_imp_stage2_s16_pt8_sth8_l1d_ddr4_2x,spmv,imp,s16_pt8_sth8,l1d,ddr4_2x,0.005408,5408432487.0,11279581.0,16241539.0,0.695967,1983049.0,4826422.0,654261.0,3667960.0,2610447.0,150814.0,1928344.0,,,,0.006318,sdist16,0.0054,1.17,1.1682692307692308,0.9985207100591718,0.41087352079863715,0.17837190154745416,2610447.0,150814.0,1928344.0,0.057773247263782794,0.7387026053392388,0.0760515751249717
spmv_imp_stage2_s16_pt8_sth8_l2_ddr4_1x,spmv,imp,s16_pt8_sth8,l2,ddr4_1x,0.006186,6185903904.0,11279576.0,18576288.0,0.608495,2388080.0,4827670.0,353912.0,1686968.0,,,,366644.0,191774.0,12517.0,0.006899,sdist16,0.006189,1.1147196639198578,1.1152602651147754,1.0004849660523765,0.4946651283124157,0.20979176842714267,366644.0,191774.0,12517.0,0.5230523341442925,0.03413938316186819,0.08030467991022076
spmv_imp_stage2_s16_pt8_sth8_l2_ddr4_2x,spmv,imp,s16_pt8_sth8,l2,ddr4_2x,0.005583,5582746665.0,11279576.0,16765005.0,0.674236,2390922.0,4827777.0,354601.0,1687004.0,,,,373252.0,191225.0,12592.0,0.006431,sdist16,0.00558,1.1525089605734768,1.15188966505463,0.9994626544868349,0.49524284158112525,0.21019570789399433,373252.0,191225.0,12592.0,0.5123214343124752,0.033735921039940844,0.07997960619376124
spmv_imp_stage2_s16_sth2_l1d_ddr4_1x,spmv,imp,s16_sth2,l1d,ddr4_1x,0.005943,5942682369.0,11279576.0,17845893.0,0.633399,1979133.0,4826210.0,653551.0,3664870.0,2606778.0,150679.0,1925199.0,,,,0.006737,sdist16,0.00594,1.1341750841750842,1.1336025576308262,0.9994952044422009,0.4100801664245858,0.17832856281396067,2606778.0,150679.0,1925199.0,0.05780277415261292,0.7385358477016455,0.07613384244515149
spmv_imp_stage2_s16_sth2_l1d_ddr4_2x,spmv,imp,s16_sth2,l1d,ddr4_2x,0.005411,5410945638.0,11279576.0,16249086.0,0.695643,1985164.0,4826485.0,654449.0,3669557.0,2609279.0,150565.0,1929952.0,,,,0.006318,sdist16,0.0054,1.17,1.167621511735354,0.997967104047311,0.41130636477685106,0.17834550601067103,2609279.0,150565.0,1929952.0,0.057703679828795616,0.7396495353697324,0.0758451190934351
spmv_imp_stage2_s16_sth2_l2_ddr4_1x,spmv,imp,s16_sth2,l2,ddr4_1x,0.006187,6186913560.0,11279576.0,18579320.0,0.608395,2387968.0,4827653.0,353873.0,1686964.0,,,,366451.0,191796.0,12499.0,0.006899,sdist16,0.006189,1.1147196639198578,1.115080006465169,1.000323258445127,0.4946436705372155,0.2097691474151197,366451.0,191796.0,12499.0,0.5233878472155895,0.03410824366695684,0.0803176591981132
spmv_imp_stage2_s16_sth2_l2_ddr4_2x,spmv,imp,s16_sth2,l2,ddr4_2x,0.00558,5579716698.0,11279581.0,16755906.0,0.674602,2390875.0,4827880.0,354593.0,1687033.0,,,,373385.0,191195.0,12617.0,0.006431,sdist16,0.00558,1.1525089605734768,1.1525089605734768,1.0,0.49522254074252053,0.21018735258883495,373385.0,191195.0,12617.0,0.5120585990331695,0.03379085930072177,0.07996863073142678
spmv_imp_stage2_s16_sth8_l1d_ddr4_1x,spmv,imp,s16_sth8,l1d,ddr4_1x,0.005952,5951675034.0,11279576.0,17872898.0,0.632442,1980158.0,4826397.0,653502.0,3665817.0,2610421.0,150766.0,1926191.0,,,,0.006737,sdist16,0.00594,1.1341750841750842,1.131888440860215,0.997983870967742,0.4102766515062893,0.17826912800066125,2610421.0,150766.0,1926191.0,0.05775543485131326,0.7378851916989635,0.07613836875643257
spmv_imp_stage2_s16_sth8_l1d_ddr4_2x,spmv,imp,s16_sth8,l1d,ddr4_2x,0.005408,5408432487.0,11279581.0,16241539.0,0.695967,1983049.0,4826422.0,654261.0,3667960.0,2610447.0,150814.0,1928344.0,,,,0.006318,sdist16,0.0054,1.17,1.1682692307692308,0.9985207100591718,0.41087352079863715,0.17837190154745416,2610447.0,150814.0,1928344.0,0.057773247263782794,0.7387026053392388,0.0760515751249717
spmv_imp_stage2_s16_sth8_l2_ddr4_1x,spmv,imp,s16_sth8,l2,ddr4_1x,0.006186,6185903904.0,11279576.0,18576288.0,0.608495,2388080.0,4827670.0,353912.0,1686968.0,,,,366644.0,191774.0,12517.0,0.006899,sdist16,0.006189,1.1147196639198578,1.1152602651147754,1.0004849660523765,0.4946651283124157,0.20979176842714267,366644.0,191774.0,12517.0,0.5230523341442925,0.03413938316186819,0.08030467991022076
spmv_imp_stage2_s16_sth8_l2_ddr4_2x,spmv,imp,s16_sth8,l2,ddr4_2x,0.005583,5582746665.0,11279576.0,16765005.0,0.674236,2390922.0,4827777.0,354601.0,1687004.0,,,,373252.0,191225.0,12592.0,0.006431,sdist16,0.00558,1.1525089605734768,1.15188966505463,0.9994626544868349,0.49524284158112525,0.21019570789399433,373252.0,191225.0,12592.0,0.5123214343124752,0.033735921039940844,0.07997960619376124
spmv_imp_stage2_s2_l1d_ddr4_1x,spmv,imp,s2,l1d,ddr4_1x,0.00754,7540481304.0,11279581.0,22644088.0,0.499184,2957031.0,4826591.0,571233.0,2519534.0,2275786.0,116139.0,803633.0,,,,0.006737,sdist16,0.00594,1.1341750841750842,0.8935013262599469,0.7877984084880637,0.6126541486527448,0.22672168742315046,2275786.0,116139.0,803633.0,0.05103247844920392,0.3531232725748379,0.03927554361114239
spmv_imp_stage2_s2_l1d_ddr4_2x,spmv,imp,s2,l1d,ddr4_2x,0.007269,7269177879.0,11279576.0,21829363.0,0.517815,2973461.0,4826379.0,571433.0,2521808.0,2297417.0,115252.0,805750.0,,,,0.006318,sdist16,0.0054,1.17,0.8691704498555509,0.7428807263722658,0.616085268065355,0.22659655294931255,2297417.0,115252.0,805750.0,0.050165903708382066,0.3507199607211055,0.038760219152025197
spmv_imp_stage2_s2_l2_ddr4_1x,spmv,imp,s2,l2,ddr4_1x,0.007617,7616698344.0,11279590.0,22872968.0,0.49419,3076622.0,4826519.0,416797.0,1686657.0,,,,240285.0,112982.0,2960.0,0.006899,sdist16,0.006189,1.1147196639198578,0.9057371668635946,0.8125246159905475,0.6374411869092403,0.24711426211731252,240285.0,112982.0,2960.0,0.4701999708679277,0.012318704871298667,0.036722743320433904
spmv_imp_stage2_s2_l2_ddr4_2x,spmv,imp,s2,l2,ddr4_2x,0.007274,7274215170.0,11279576.0,21844490.0,0.517456,3107887.0,4826640.0,417788.0,1686671.0,,,,242192.0,111898.0,2946.0,0.006431,sdist16,0.00558,1.1525089605734768,0.8841077811383008,0.7671157547429199,0.6439027978055127,0.24769975887413728,242192.0,111898.0,2946.0,0.4620218669485367,0.01216390301909229,0.03600452654810165
spmv_imp_stage2_s2_sth2_l1d_ddr4_1x,spmv,imp,s2_sth2,l1d,ddr4_1x,0.007543,7542831618.0,11279581.0,22651146.0,0.499029,2956247.0,4826801.0,571037.0,2519480.0,2275263.0,116271.0,803485.0,,,,0.006737,sdist16,0.00594,1.1341750841750842,0.8931459631446373,0.787485085509744,0.6124650674432196,0.22664875291726863,2275263.0,116271.0,803485.0,0.051102224226386134,0.3531393953138604,0.03933061073719483
spmv_imp_stage2_s2_sth2_l1d_ddr4_2x,spmv,imp,s2_sth2,l1d,ddr4_2x,0.007269,7269380343.0,11279576.0,21829971.0,0.517801,2971543.0,4826629.0,571688.0,2521702.0,2296474.0,115825.0,805661.0,,,,0.006318,sdist16,0.0054,1.17,0.8691704498555509,0.7428807263722658,0.6156559785307717,0.22670720013705029,2296474.0,115825.0,805661.0,0.05043601625796765,0.3508252216223654,0.03897806627735153
spmv_imp_stage2_s2_sth2_l2_ddr4_1x,spmv,imp,s2_sth2,l2,ddr4_1x,0.007603,7603144578.0,11279576.0,22832266.0,0.49507,3076474.0,4826487.0,416754.0,1686634.0,,,,240043.0,113007.0,2961.0,0.006899,sdist16,0.006189,1.1147196639198578,0.9074049717216888,0.8140207812705511,0.6374147490711153,0.247092137357601,240043.0,113007.0,2961.0,0.4707781522477223,0.012335289927221374,0.036732636128242915
spmv_imp_stage2_s2_sth2_l2_ddr4_2x,spmv,imp,s2_sth2,l2,ddr4_2x,0.007267,7267099293.0,11279576.0,21823121.0,0.517963,3105655.0,4826639.0,417788.0,1686680.0,,,,242208.0,111923.0,2963.0,0.006431,sdist16,0.00558,1.1525089605734768,0.8849594055318564,0.7678546855648823,0.6434404976216369,0.2476984371665046,242208.0,111923.0,2963.0,0.46209456335050864,0.012233287092086141,0.036038452435959566
spmv_imp_stage2_s2_sth8_l1d_ddr4_1x,spmv,imp,s2_sth8,l1d,ddr4_1x,0.00754,7539577209.0,11279581.0,22641373.0,0.499244,2952639.0,4826528.0,571345.0,2519725.0,2271233.0,116302.0,803786.0,,,,0.006737,sdist16,0.00594,1.1341750841750842,0.8935013262599469,0.7877984084880637,0.6117521746481115,0.22674895077835874,2271233.0,116302.0,803786.0,0.051206547280706116,0.3538985211997184,0.03938917016269175
spmv_imp_stage2_s2_sth8_l1d_ddr4_2x,spmv,imp,s2_sth8,l1d,ddr4_2x,0.007269,7269399324.0,11279576.0,21830028.0,0.517799,2971000.0,4826513.0,571510.0,2521599.0,2294176.0,115340.0,805565.0,,,,0.006318,sdist16,0.0054,1.17,0.8691704498555509,0.7428807263722658,0.6155582715720438,0.22664587033862243,2294176.0,115340.0,805565.0,0.05027513146332278,0.35113478652030183,0.03882194547290475
spmv_imp_stage2_s2_sth8_l2_ddr4_1x,spmv,imp,s2_sth8,l2,ddr4_1x,0.007601,7601026032.0,11279576.0,22825904.0,0.495208,3075012.0,4826352.0,416677.0,1686651.0,,,,240075.0,113073.0,2939.0,0.006899,sdist16,0.006189,1.1147196639198578,0.9076437310880147,0.8142349690830154,0.6371296581766104,0.24704399428216034,240075.0,113073.0,2939.0,0.470990315526398,0.012242007705925232,0.036771563818287535
spmv_imp_stage2_s2_sth8_l2_ddr4_2x,spmv,imp,s2_sth8,l2,ddr4_2x,0.007266,7266429630.0,11279576.0,21821110.0,0.518011,3105847.0,4826712.0,417827.0,1686686.0,,,,242255.0,111876.0,2957.0,0.006431,sdist16,0.00558,1.1525089605734768,0.8850812001101018,0.7679603633360859,0.6434705447517897,0.2477206783005254,242255.0,111876.0,2957.0,0.46181090173577427,0.012206146415966646,0.03602109183098846
spmv_imp_stage2_s8_dist32_addr8_l1d_ddr4_1x,spmv,imp,s8_dist32_addr8,l1d,ddr4_1x,0.006188,6188435370.0,11279581.0,18583890.0,0.608246,2119154.0,4826857.0,631344.0,3387987.0,2374613.0,153742.0,1652823.0,,,,0.006737,sdist16,0.00594,1.1341750841750842,1.0887201034259857,0.9599224305106658,0.4390339303608953,0.18634782246803192,2374613.0,153742.0,1652823.0,0.06474402355246939,0.6960388913898812,0.07254876238347945
spmv_imp_stage2_s8_dist32_addr8_l1d_ddr4_2x,spmv,imp,s8_dist32_addr8,l1d,ddr4_2x,0.005711,5711057892.0,11279581.0,17150324.0,0.659088,2112064.0,4827007.0,632113.0,3394885.0,2376714.0,153854.0,1659594.0,,,,0.006318,sdist16,0.0054,1.17,1.1062861145158467,0.9455436876203818,0.437551468228656,0.18619570324178875,2376714.0,153854.0,1659594.0,0.0647339141352304,0.6982724888228032,0.07284533044453198
spmv_imp_stage2_s8_dist32_addr8_l2_ddr4_1x,spmv,imp,s8_dist32_addr8,l2,ddr4_1x,0.006499,6498666828.0,11279590.0,19515516.0,0.57921,2574527.0,4827267.0,367239.0,1686945.0,,,,341659.0,172921.0,8190.0,0.006899,sdist16,0.006189,1.1147196639198578,1.0615479304508386,0.9523003539006002,0.533330143122392,0.2176947084819007,341659.0,172921.0,8190.0,0.5061216007773833,0.023971269599220274,0.06716612410745741
spmv_imp_stage2_s8_dist32_addr8_l2_ddr4_2x,spmv,imp,s8_dist32_addr8,l2,ddr4_2x,0.006014,6014397582.0,11279581.0,18061254.0,0.625847,2566000.0,4827308.0,367461.0,1686960.0,,,,344305.0,172643.0,8224.0,0.006431,sdist16,0.00558,1.1525089605734768,1.06933821084137,0.9278350515463917,0.5315592044261522,0.21782437046521552,344305.0,172643.0,8224.0,0.5014246089949318,0.023885798928275803,0.06728098207326579
spmv_imp_stage2_s8_dist8_addr8_l1d_ddr4_1x,spmv,imp,s8_dist8_addr8,l1d,ddr4_1x,0.006188,6188435370.0,11279581.0,18583890.0,0.608246,2119154.0,4826857.0,631344.0,3387987.0,2374613.0,153742.0,1652823.0,,,,0.006737,sdist16,0.00594,1.1341750841750842,1.0887201034259857,0.9599224305106658,0.4390339303608953,0.18634782246803192,2374613.0,153742.0,1652823.0,0.06474402355246939,0.6960388913898812,0.07254876238347945
spmv_imp_stage2_s8_dist8_addr8_l1d_ddr4_2x,spmv,imp,s8_dist8_addr8,l1d,ddr4_2x,0.005711,5711057892.0,11279581.0,17150324.0,0.659088,2112064.0,4827007.0,632113.0,3394885.0,2376714.0,153854.0,1659594.0,,,,0.006318,sdist16,0.0054,1.17,1.1062861145158467,0.9455436876203818,0.437551468228656,0.18619570324178875,2376714.0,153854.0,1659594.0,0.0647339141352304,0.6982724888228032,0.07284533044453198
spmv_imp_stage2_s8_dist8_addr8_l2_ddr4_1x,spmv,imp,s8_dist8_addr8,l2,ddr4_1x,0.006499,6498666828.0,11279590.0,19515516.0,0.57921,2574527.0,4827267.0,367239.0,1686945.0,,,,341659.0,172921.0,8190.0,0.006899,sdist16,0.006189,1.1147196639198578,1.0615479304508386,0.9523003539006002,0.533330143122392,0.2176947084819007,341659.0,172921.0,8190.0,0.5061216007773833,0.023971269599220274,0.06716612410745741
spmv_imp_stage2_s8_dist8_addr8_l2_ddr4_2x,spmv,imp,s8_dist8_addr8,l2,ddr4_2x,0.006014,6014397582.0,11279581.0,18061254.0,0.625847,2566000.0,4827308.0,367461.0,1686960.0,,,,344305.0,172643.0,8224.0,0.006431,sdist16,0.00558,1.1525089605734768,1.06933821084137,0.9278350515463917,0.5315592044261522,0.21782437046521552,344305.0,172643.0,8224.0,0.5014246089949318,0.023885798928275803,0.06728098207326579
spmv_imp_stage2_s8_ipd16_addr16_l1d_ddr4_1x,spmv,imp,s8_ipd16_addr16,l1d,ddr4_1x,0.006188,6188435370.0,11279581.0,18583890.0,0.608246,2119154.0,4826857.0,631344.0,3387987.0,2374613.0,153742.0,1652823.0,,,,0.006737,sdist16,0.00594,1.1341750841750842,1.0887201034259857,0.9599224305106658,0.4390339303608953,0.18634782246803192,2374613.0,153742.0,1652823.0,0.06474402355246939,0.6960388913898812,0.07254876238347945
spmv_imp_stage2_s8_ipd16_addr16_l1d_ddr4_2x,spmv,imp,s8_ipd16_addr16,l1d,ddr4_2x,0.005711,5711057892.0,11279581.0,17150324.0,0.659088,2112064.0,4827007.0,632113.0,3394885.0,2376714.0,153854.0,1659594.0,,,,0.006318,sdist16,0.0054,1.17,1.1062861145158467,0.9455436876203818,0.437551468228656,0.18619570324178875,2376714.0,153854.0,1659594.0,0.0647339141352304,0.6982724888228032,0.07284533044453198
spmv_imp_stage2_s8_ipd16_addr16_l2_ddr4_1x,spmv,imp,s8_ipd16_addr16,l2,ddr4_1x,0.006499,6498666828.0,11279590.0,19515516.0,0.57921,2574527.0,4827267.0,367239.0,1686945.0,,,,341659.0,172921.0,8190.0,0.006899,sdist16,0.006189,1.1147196639198578,1.0615479304508386,0.9523003539006002,0.533330143122392,0.2176947084819007,341659.0,172921.0,8190.0,0.5061216007773833,0.023971269599220274,0.06716612410745741
spmv_imp_stage2_s8_ipd16_addr16_l2_ddr4_2x,spmv,imp,s8_ipd16_addr16,l2,ddr4_2x,0.006014,6014397582.0,11279581.0,18061254.0,0.625847,2566000.0,4827308.0,367461.0,1686960.0,,,,344305.0,172643.0,8224.0,0.006431,sdist16,0.00558,1.1525089605734768,1.06933821084137,0.9278350515463917,0.5315592044261522,0.21782437046521552,344305.0,172643.0,8224.0,0.5014246089949318,0.023885798928275803,0.06728098207326579
spmv_imp_stage2_s8_ipd16_pt32_l1d_ddr4_1x,spmv,imp,s8_ipd16_pt32,l1d,ddr4_1x,0.006188,6188435370.0,11279581.0,18583890.0,0.608246,2119154.0,4826857.0,631344.0,3387987.0,2374613.0,153742.0,1652823.0,,,,0.006737,sdist16,0.00594,1.1341750841750842,1.0887201034259857,0.9599224305106658,0.4390339303608953,0.18634782246803192,2374613.0,153742.0,1652823.0,0.06474402355246939,0.6960388913898812,0.07254876238347945
spmv_imp_stage2_s8_ipd16_pt32_l1d_ddr4_2x,spmv,imp,s8_ipd16_pt32,l1d,ddr4_2x,0.005711,5711057892.0,11279581.0,17150324.0,0.659088,2112064.0,4827007.0,632113.0,3394885.0,2376714.0,153854.0,1659594.0,,,,0.006318,sdist16,0.0054,1.17,1.1062861145158467,0.9455436876203818,0.437551468228656,0.18619570324178875,2376714.0,153854.0,1659594.0,0.0647339141352304,0.6982724888228032,0.07284533044453198
spmv_imp_stage2_s8_ipd16_pt32_l2_ddr4_1x,spmv,imp,s8_ipd16_pt32,l2,ddr4_1x,0.006499,6498666828.0,11279590.0,19515516.0,0.57921,2574527.0,4827267.0,367239.0,1686945.0,,,,341659.0,172921.0,8190.0,0.006899,sdist16,0.006189,1.1147196639198578,1.0615479304508386,0.9523003539006002,0.533330143122392,0.2176947084819007,341659.0,172921.0,8190.0,0.5061216007773833,0.023971269599220274,0.06716612410745741
spmv_imp_stage2_s8_ipd16_pt32_l2_ddr4_2x,spmv,imp,s8_ipd16_pt32,l2,ddr4_2x,0.006014,6014397582.0,11279581.0,18061254.0,0.625847,2566000.0,4827308.0,367461.0,1686960.0,,,,344305.0,172643.0,8224.0,0.006431,sdist16,0.00558,1.1525089605734768,1.06933821084137,0.9278350515463917,0.5315592044261522,0.21782437046521552,344305.0,172643.0,8224.0,0.5014246089949318,0.023885798928275803,0.06728098207326579
spmv_imp_stage2_s8_ipd8_addr8_l1d_ddr4_1x,spmv,imp,s8_ipd8_addr8,l1d,ddr4_1x,0.006188,6188435370.0,11279581.0,18583890.0,0.608246,2119154.0,4826857.0,631344.0,3387987.0,2374613.0,153742.0,1652823.0,,,,0.006737,sdist16,0.00594,1.1341750841750842,1.0887201034259857,0.9599224305106658,0.4390339303608953,0.18634782246803192,2374613.0,153742.0,1652823.0,0.06474402355246939,0.6960388913898812,0.07254876238347945
spmv_imp_stage2_s8_ipd8_addr8_l1d_ddr4_2x,spmv,imp,s8_ipd8_addr8,l1d,ddr4_2x,0.005711,5711057892.0,11279581.0,17150324.0,0.659088,2112064.0,4827007.0,632113.0,3394885.0,2376714.0,153854.0,1659594.0,,,,0.006318,sdist16,0.0054,1.17,1.1062861145158467,0.9455436876203818,0.437551468228656,0.18619570324178875,2376714.0,153854.0,1659594.0,0.0647339141352304,0.6982724888228032,0.07284533044453198
spmv_imp_stage2_s8_ipd8_addr8_l2_ddr4_1x,spmv,imp,s8_ipd8_addr8,l2,ddr4_1x,0.006499,6498666828.0,11279590.0,19515516.0,0.57921,2574527.0,4827267.0,367239.0,1686945.0,,,,341659.0,172921.0,8190.0,0.006899,sdist16,0.006189,1.1147196639198578,1.0615479304508386,0.9523003539006002,0.533330143122392,0.2176947084819007,341659.0,172921.0,8190.0,0.5061216007773833,0.023971269599220274,0.06716612410745741
spmv_imp_stage2_s8_ipd8_addr8_l2_ddr4_2x,spmv,imp,s8_ipd8_addr8,l2,ddr4_2x,0.006014,6014397582.0,11279581.0,18061254.0,0.625847,2566000.0,4827308.0,367461.0,1686960.0,,,,344305.0,172643.0,8224.0,0.006431,sdist16,0.00558,1.1525089605734768,1.06933821084137,0.9278350515463917,0.5315592044261522,0.21782437046521552,344305.0,172643.0,8224.0,0.5014246089949318,0.023885798928275803,0.06728098207326579
spmv_imp_stage2_s8_l1d_ddr4_1x,spmv,imp,s8,l1d,ddr4_1x,0.006188,6188435370.0,11279581.0,18583890.0,0.608246,2119154.0,4826857.0,631344.0,3387987.0,2374613.0,153742.0,1652823.0,,,,0.006737,sdist16,0.00594,1.1341750841750842,1.0887201034259857,0.9599224305106658,0.4390339303608953,0.18634782246803192,2374613.0,153742.0,1652823.0,0.06474402355246939,0.6960388913898812,0.07254876238347945
spmv_imp_stage2_s8_l1d_ddr4_2x,spmv,imp,s8,l1d,ddr4_2x,0.005711,5711057892.0,11279581.0,17150324.0,0.659088,2112064.0,4827007.0,632113.0,3394885.0,2376714.0,153854.0,1659594.0,,,,0.006318,sdist16,0.0054,1.17,1.1062861145158467,0.9455436876203818,0.437551468228656,0.18619570324178875,2376714.0,153854.0,1659594.0,0.0647339141352304,0.6982724888228032,0.07284533044453198
spmv_imp_stage2_s8_l2_ddr4_1x,spmv,imp,s8,l2,ddr4_1x,0.006499,6498666828.0,11279590.0,19515516.0,0.57921,2574527.0,4827267.0,367239.0,1686945.0,,,,341659.0,172921.0,8190.0,0.006899,sdist16,0.006189,1.1147196639198578,1.0615479304508386,0.9523003539006002,0.533330143122392,0.2176947084819007,341659.0,172921.0,8190.0,0.5061216007773833,0.023971269599220274,0.06716612410745741
spmv_imp_stage2_s8_l2_ddr4_2x,spmv,imp,s8,l2,ddr4_2x,0.006014,6014397582.0,11279581.0,18061254.0,0.625847,2566000.0,4827308.0,367461.0,1686960.0,,,,344305.0,172643.0,8224.0,0.006431,sdist16,0.00558,1.1525089605734768,1.06933821084137,0.9278350515463917,0.5315592044261522,0.21782437046521552,344305.0,172643.0,8224.0,0.5014246089949318,0.023885798928275803,0.06728098207326579
spmv_imp_stage2_s8_pt8_sth2_l1d_ddr4_1x,spmv,imp,s8_pt8_sth2,l1d,ddr4_1x,0.006193,6192511623.0,11279581.0,18596131.0,0.607846,2120227.0,4826949.0,631614.0,3387906.0,2378325.0,153907.0,1652616.0,,,,0.006737,sdist16,0.00594,1.1341750841750842,1.0878411109316972,0.9591474245115453,0.4392478561509558,0.18643197302404493,2378325.0,153907.0,1652616.0,0.06471235007831141,0.6948655040837565,0.07258986891497939
spmv_imp_stage2_s8_pt8_sth2_l1d_ddr4_2x,spmv,imp,s8_pt8_sth2,l1d,ddr4_2x,0.005714,5714425854.0,11279576.0,17160438.0,0.658699,2113940.0,4827134.0,631819.0,3394051.0,2377335.0,154000.0,1658867.0,,,,0.006318,sdist16,0.0054,1.17,1.105705285264263,0.9450472523626181,0.43792859282547364,0.18615483385488316,2377335.0,154000.0,1658867.0,0.06477841785023987,0.6977842836621679,0.07284974975637909
spmv_imp_stage2_s8_pt8_sth2_l2_ddr4_1x,spmv,imp,s8_pt8_sth2,l2,ddr4_1x,0.006498,6498106389.0,11279576.0,19513833.0,0.579259,2574177.0,4827282.0,367238.0,1686980.0,,,,341635.0,172883.0,8239.0,0.006899,sdist16,0.006189,1.1147196639198578,1.061711295783318,0.9524469067405356,0.5332559813161941,0.21768959916537245,341635.0,172883.0,8239.0,0.5060459262077949,0.024116381518287062,0.06716049440267705
spmv_imp_stage2_s8_pt8_sth2_l2_ddr4_2x,spmv,imp,s8_pt8_sth2,l2,ddr4_2x,0.00601,6010441875.0,11279576.0,18049375.0,0.626258,2565468.0,4827394.0,367314.0,1686965.0,,,,343527.0,172756.0,8216.0,0.006431,sdist16,0.00558,1.1525089605734768,1.0700499168053246,0.9284525790349418,0.5314395303138713,0.21773658611767285,343527.0,172756.0,8216.0,0.5028891469957237,0.023916606263845345,0.06733898064602638
spmv_imp_stage2_s8_pt8_sth8_l1d_ddr4_1x,spmv,imp,s8_pt8_sth8,l1d,ddr4_1x,0.006188,6188322150.0,11279581.0,18583550.0,0.608257,2120783.0,4826694.0,631352.0,3385995.0,2376225.0,153630.0,1650847.0,,,,0.006737,sdist16,0.00594,1.1341750841750842,1.0887201034259857,0.9599224305106658,0.439386254856844,0.18645981461874575,2376225.0,153630.0,1650847.0,0.064652968468895,0.6947351366137466,0.07244022608630869
spmv_imp_stage2_s8_pt8_sth8_l1d_ddr4_2x,spmv,imp,s8_pt8_sth8,l1d,ddr4_2x,0.005715,5714919360.0,11279576.0,17161920.0,0.658643,2114886.0,4827136.0,632113.0,3394262.0,2377786.0,153874.0,1659002.0,,,,0.006318,sdist16,0.0054,1.17,1.1055118110236222,0.9448818897637796,0.4381243867999576,0.18622987854208073,2377786.0,153874.0,1659002.0,0.0647131407115695,0.6977087088577357,0.07275758598808636
spmv_imp_stage2_s8_pt8_sth8_l2_ddr4_1x,spmv,imp,s8_pt8_sth8,l2,ddr4_1x,0.006498,6497853642.0,11279576.0,19513074.0,0.579282,2573145.0,4827335.0,367244.0,1686964.0,,,,341755.0,172896.0,8225.0,0.006899,sdist16,0.006189,1.1147196639198578,1.061711295783318,0.9524469067405356,0.5330363440697611,0.217695220526342,341755.0,172896.0,8225.0,0.5059062778891311,0.024066948545010316,0.0671924823513638
spmv_imp_stage2_s8_pt8_sth8_l2_ddr4_2x,spmv,imp,s8_pt8_sth8,l2,ddr4_2x,0.006015,6014858121.0,11279581.0,18062637.0,0.625799,2566636.0,4827187.0,367503.0,1686907.0,,,,344545.0,172613.0,8200.0,0.006431,sdist16,0.00558,1.1525089605734768,1.0691604322527015,0.9276807980049875,0.5317042824319836,0.21785611180699352,344545.0,172613.0,8200.0,0.5009882598789708,0.02379950369327664,0.06725262171963613
spmv_imp_stage2_s8_sth2_l1d_ddr4_1x,spmv,imp,s8_sth2,l1d,ddr4_1x,0.006183,6182881929.0,11279576.0,18567213.0,0.608792,2117712.0,4826918.0,631141.0,3389889.0,2376929.0,153813.0,1654555.0,,,,0.006737,sdist16,0.00594,1.1341750841750842,1.0896005175481158,0.9606986899563319,0.43872964073555837,0.1861833824057366,2376929.0,153813.0,1654555.0,0.0647108096203126,0.6960893657320012,0.07263168929486162
spmv_imp_stage2_s8_sth2_l1d_ddr4_2x,spmv,imp,s8_sth2,l1d,ddr4_2x,0.005715,5714542737.0,11279581.0,17160789.0,0.658686,2113939.0,4827133.0,631824.0,3394056.0,2377335.0,154000.0,1658867.0,,,,0.006318,sdist16,0.0054,1.17,1.1055118110236222,0.9448818897637796,0.4379284763854652,0.18615603278201656,2377335.0,154000.0,1658867.0,0.06477841785023987,0.6977842836621679,0.07284978421799304
spmv_imp_stage2_s8_sth2_l2_ddr4_1x,spmv,imp,s8_sth2,l2,ddr4_1x,0.006489,6489237600.0,11279576.0,19487200.0,0.580051,2574139.0,4827333.0,367223.0,1686918.0,,,,341521.0,172937.0,8215.0,0.006899,sdist16,0.006189,1.1147196639198578,1.0631838495916166,0.9537679149329635,0.5332424757107082,0.21768870804627136,341521.0,172937.0,8215.0,0.506372960959941,0.024054157723829576,0.06718246372864868
spmv_imp_stage2_s8_sth2_l2_ddr4_2x,spmv,imp,s8_sth2,l2,ddr4_2x,0.00601,6010441875.0,11279576.0,18049375.0,0.626258,2565468.0,4827394.0,367314.0,1686965.0,,,,343527.0,172756.0,8216.0,0.006431,sdist16,0.00558,1.1525089605734768,1.0700499168053246,0.9284525790349418,0.5314395303138713,0.21773658611767285,343527.0,172756.0,8216.0,0.5028891469957237,0.023916606263845345,0.06733898064602638
spmv_imp_stage2_s8_sth8_l1d_ddr4_1x,spmv,imp,s8_sth8,l1d,ddr4_1x,0.006188,6188322150.0,11279581.0,18583550.0,0.608257,2120783.0,4826694.0,631352.0,3385995.0,2376225.0,153630.0,1650847.0,,,,0.006737,sdist16,0.00594,1.1341750841750842,1.0887201034259857,0.9599224305106658,0.439386254856844,0.18645981461874575,2376225.0,153630.0,1650847.0,0.064652968468895,0.6947351366137466,0.07244022608630869
spmv_imp_stage2_s8_sth8_l1d_ddr4_2x,spmv,imp,s8_sth8,l1d,ddr4_2x,0.005715,5714919360.0,11279576.0,17161920.0,0.658643,2114886.0,4827136.0,632113.0,3394262.0,2377786.0,153874.0,1659002.0,,,,0.006318,sdist16,0.0054,1.17,1.1055118110236222,0.9448818897637796,0.4381243867999576,0.18622987854208073,2377786.0,153874.0,1659002.0,0.0647131407115695,0.6977087088577357,0.07275758598808636
spmv_imp_stage2_s8_sth8_l2_ddr4_1x,spmv,imp,s8_sth8,l2,ddr4_1x,0.006498,6497853642.0,11279576.0,19513074.0,0.579282,2573145.0,4827335.0,367244.0,1686964.0,,,,341755.0,172896.0,8225.0,0.006899,sdist16,0.006189,1.1147196639198578,1.061711295783318,0.9524469067405356,0.5330363440697611,0.217695220526342,341755.0,172896.0,8225.0,0.5059062778891311,0.024066948545010316,0.0671924823513638
spmv_imp_stage2_s8_sth8_l2_ddr4_2x,spmv,imp,s8_sth8,l2,ddr4_2x,0.006015,6014858121.0,11279581.0,18062637.0,0.625799,2566636.0,4827187.0,367503.0,1686907.0,,,,344545.0,172613.0,8200.0,0.006431,sdist16,0.00558,1.1525089605734768,1.0691604322527015,0.9276807980049875,0.5317042824319836,0.21785611180699352,344545.0,172613.0,8200.0,0.5009882598789708,0.02379950369327664,0.06725262171963613
