run,benchmark,prefetcher,config,pf_level,memory,simSeconds,simTicks,simInsts,numCycles,ipc,l1d_demand_misses,l1d_demand_accesses,l2_demand_misses,l2_demand_accesses,l1d_pf_issued,l1d_pf_useful,l1d_pf_unused,l2_pf_issued,l2_pf_useful,l2_pf_unused
bfs_imp_stage2_aggr_s16_sth2_d32_ipd16_addr16_l1d_ddr4_1x,bfs,imp,aggr_s16_sth2_d32_ipd16_addr16,l1d,ddr4_1x,0.022635,22634973369.0,30729211.0,67972893.0,0.452081,5501676.0,11472491.0,2388423.0,6323158.0,5216034.0,439733.0,2594898.0,nan,nan,nan
bfs_imp_stage2_aggr_s16_sth2_d32_ipd16_addr16_l1d_ddr4_2x,bfs,imp,aggr_s16_sth2_d32_ipd16_addr16,l1d,ddr4_2x,0.019611,19610929107.0,30729211.0,58891679.0,0.521793,5374334.0,11381679.0,2444855.0,6417484.0,5354997.0,454997.0,2687429.0,nan,nan,nan
bfs_imp_stage2_aggr_s16_sth2_d32_ipd16_addr16_l2_ddr4_1x,bfs,imp,aggr_s16_sth2_d32_ipd16_addr16,l2,ddr4_1x,0.025508,25507885914.0,30729211.0,76600258.0,0.401164,6758291.0,11473082.0,1336217.0,3528833.0,nan,nan,nan,1842437.0,351214.0,810728.0
bfs_imp_stage2_aggr_s16_sth2_d32_ipd16_addr16_l2_ddr4_2x,bfs,imp,aggr_s16_sth2_d32_ipd16_addr16,l2,ddr4_2x,0.021395,21395128788.0,30729211.0,64249636.0,0.478279,6692730.0,11400170.0,1329785.0,3529210.0,nan,nan,nan,1916117.0,366278.0,852497.0
bfs_imp_stage2_aggr_s16_sth2_d32_ipd16_l1d_ddr4_1x,bfs,imp,aggr_s16_sth2_d32_ipd16,l1d,ddr4_1x,0.022635,22634973369.0,30729211.0,67972893.0,0.452081,5501676.0,11472491.0,2388423.0,6323158.0,5216034.0,439733.0,2594898.0,nan,nan,nan
bfs_imp_stage2_aggr_s16_sth2_d32_ipd16_l1d_ddr4_2x,bfs,imp,aggr_s16_sth2_d32_ipd16,l1d,ddr4_2x,0.019611,19610929107.0,30729211.0,58891679.0,0.521793,5374334.0,11381679.0,2444855.0,6417484.0,5354997.0,454997.0,2687429.0,nan,nan,nan
bfs_imp_stage2_aggr_s16_sth2_d32_ipd16_l2_ddr4_1x,bfs,imp,aggr_s16_sth2_d32_ipd16,l2,ddr4_1x,0.025508,25507885914.0,30729211.0,76600258.0,0.401164,6758291.0,11473082.0,1336217.0,3528833.0,nan,nan,nan,1842437.0,351214.0,810728.0
bfs_imp_stage2_aggr_s16_sth2_d32_ipd16_l2_ddr4_2x,bfs,imp,aggr_s16_sth2_d32_ipd16,l2,ddr4_2x,0.021395,21395128788.0,30729211.0,64249636.0,0.478279,6692730.0,11400170.0,1329785.0,3529210.0,nan,nan,nan,1916117.0,366278.0,852497.0
bfs_imp_stage2_cons_s2_sth8_pt8_l1d_ddr4_1x,bfs,imp,cons_s2_sth8_pt8,l1d,ddr4_1x,0.024149,24149311515.0,30729211.0,72520455.0,0.423732,6753043.0,11529860.0,1929321.0,5432338.0,4547849.0,194243.0,1765525.0,nan,nan,nan
bfs_imp_stage2_cons_s2_sth8_pt8_l1d_ddr4_2x,bfs,imp,cons_s2_sth8_pt8,l1d,ddr4_2x,0.021569,21568707702.0,30729211.0,64770894.0,0.47443,6585664.0,11427527.0,1929243.0,5433421.0,4470793.0,202193.0,1766002.0,nan,nan,nan
bfs_imp_stage2_cons_s2_sth8_pt8_l2_ddr4_1x,bfs,imp,cons_s2_sth8_pt8,l2,ddr4_1x,0.025937,25937162208.0,30729211.0,77889376.0,0.394524,7272921.0,11497452.0,1385977.0,3528916.0,nan,nan,nan,885398.0,183343.0,293954.0
bfs_imp_stage2_cons_s2_sth8_pt8_l2_ddr4_2x,bfs,imp,cons_s2_sth8_pt8,l2,ddr4_2x,0.02271,22710143790.0,30729211.0,68198630.0,0.450585,7132889.0,11405993.0,1385150.0,3528961.0,nan,nan,nan,886963.0,184264.0,293889.0
bfs_imp_stage2_cons_s8_sth8_pt8_ipd8_l1d_ddr4_1x,bfs,imp,cons_s8_sth8_pt8_ipd8,l1d,ddr4_1x,0.022835,22835118357.0,30729211.0,68573929.0,0.448118,5760410.0,11496519.0,2239185.0,6192751.0,5148645.0,403857.0,2476201.0,nan,nan,nan
bfs_imp_stage2_cons_s8_sth8_pt8_ipd8_l1d_ddr4_2x,bfs,imp,cons_s8_sth8_pt8_ipd8,l1d,ddr4_2x,0.020056,20055990267.0,30729211.0,60228199.0,0.510214,5624919.0,11405539.0,2289437.0,6255864.0,5222202.0,415265.0,2538349.0,nan,nan,nan
bfs_imp_stage2_cons_s8_sth8_pt8_ipd8_l2_ddr4_1x,bfs,imp,cons_s8_sth8_pt8_ipd8,l2,ddr4_1x,0.025611,25610779917.0,30729211.0,76909249.0,0.399552,6894638.0,11474629.0,1335196.0,3529043.0,nan,nan,nan,1573426.0,316042.0,627259.0
bfs_imp_stage2_cons_s8_sth8_pt8_ipd8_l2_ddr4_2x,bfs,imp,cons_s8_sth8_pt8_ipd8,l2,ddr4_2x,0.021719,21718628964.0,30729211.0,65221108.0,0.471155,6810118.0,11400971.0,1330714.0,3529327.0,nan,nan,nan,1619092.0,324746.0,651000.0
bfs_imp_stage2_default_l1d_ddr4_1x,bfs,imp,default,l1d,ddr4_1x,0.023393,23393219031.0,30729211.0,70249907.0,0.437428,6169647.0,11507814.0,2094566.0,5922664.0,4964319.0,312862.0,2227696.0,nan,nan,nan
bfs_imp_stage2_default_l1d_ddr4_2x,bfs,imp,default,l1d,ddr4_2x,0.020727,20726640279.0,30729211.0,62242163.0,0.493705,6022529.0,11419388.0,2121072.0,5950664.0,4956620.0,321255.0,2255403.0,nan,nan,nan
bfs_imp_stage2_default_l2_ddr4_1x,bfs,imp,default,l2,ddr4_1x,0.02562,25619891130.0,30729211.0,76936610.0,0.39941,7053475.0,11488481.0,1351155.0,3528869.0,nan,nan,nan,1243469.0,260786.0,458053.0
bfs_imp_stage2_default_l2_ddr4_2x,bfs,imp,default,l2,ddr4_2x,0.022034,22034098512.0,30729211.0,66168464.0,0.464409,6935868.0,11405851.0,1346276.0,3529169.0,nan,nan,nan,1255627.0,266135.0,462189.0
bfs_imp_stage2_s16_dist32_addr16_l1d_ddr4_1x,bfs,imp,s16_dist32_addr16,l1d,ddr4_1x,0.022644,22644101898.0,30729211.0,68000306.0,0.451899,5499207.0,11471915.0,2389038.0,6325340.0,5223342.0,440614.0,2597004.0,nan,nan,nan
bfs_imp_stage2_s16_dist32_addr16_l1d_ddr4_2x,bfs,imp,s16_dist32_addr16,l1d,ddr4_2x,0.019617,19617348015.0,30729211.0,58910955.0,0.521622,5371033.0,11380680.0,2448923.0,6419441.0,5351311.0,454753.0,2689456.0,nan,nan,nan
bfs_imp_stage2_s16_dist32_addr16_l2_ddr4_1x,bfs,imp,s16_dist32_addr16,l2,ddr4_1x,0.025506,25505763705.0,30729211.0,76593885.0,0.401197,6759177.0,11471944.0,1336083.0,3528858.0,nan,nan,nan,1838477.0,351029.0,809468.0
bfs_imp_stage2_s16_dist32_addr16_l2_ddr4_2x,bfs,imp,s16_dist32_addr16,l2,ddr4_2x,0.021395,21394838079.0,30729211.0,64248763.0,0.478285,6693335.0,11401031.0,1329670.0,3529114.0,nan,nan,nan,1915481.0,366130.0,851751.0
bfs_imp_stage2_s16_dist8_addr16_l1d_ddr4_1x,bfs,imp,s16_dist8_addr16,l1d,ddr4_1x,0.022644,22644101898.0,30729211.0,68000306.0,0.451899,5499207.0,11471915.0,2389038.0,6325340.0,5223342.0,440614.0,2597004.0,nan,nan,nan
bfs_imp_stage2_s16_dist8_addr16_l1d_ddr4_2x,bfs,imp,s16_dist8_addr16,l1d,ddr4_2x,0.019617,19617348015.0,30729211.0,58910955.0,0.521622,5371033.0,11380680.0,2448923.0,6419441.0,5351311.0,454753.0,2689456.0,nan,nan,nan
bfs_imp_stage2_s16_dist8_addr16_l2_ddr4_1x,bfs,imp,s16_dist8_addr16,l2,ddr4_1x,0.025506,25505763705.0,30729211.0,76593885.0,0.401197,6759177.0,11471944.0,1336083.0,3528858.0,nan,nan,nan,1838477.0,351029.0,809468.0
bfs_imp_stage2_s16_dist8_addr16_l2_ddr4_2x,bfs,imp,s16_dist8_addr16,l2,ddr4_2x,0.021395,21394838079.0,30729211.0,64248763.0,0.478285,6693335.0,11401031.0,1329670.0,3529114.0,nan,nan,nan,1915481.0,366130.0,851751.0
bfs_imp_stage2_s16_ipd16_addr16_l1d_ddr4_1x,bfs,imp,s16_ipd16_addr16,l1d,ddr4_1x,0.022644,22644101898.0,30729211.0,68000306.0,0.451899,5499207.0,11471915.0,2389038.0,6325340.0,5223342.0,440614.0,2597004.0,nan,nan,nan
bfs_imp_stage2_s16_ipd16_addr16_l1d_ddr4_2x,bfs,imp,s16_ipd16_addr16,l1d,ddr4_2x,0.019617,19617348015.0,30729211.0,58910955.0,0.521622,5371033.0,11380680.0,2448923.0,6419441.0,5351311.0,454753.0,2689456.0,nan,nan,nan
bfs_imp_stage2_s16_ipd16_addr16_l2_ddr4_1x,bfs,imp,s16_ipd16_addr16,l2,ddr4_1x,0.025506,25505763705.0,30729211.0,76593885.0,0.401197,6759177.0,11471944.0,1336083.0,3528858.0,nan,nan,nan,1838477.0,351029.0,809468.0
bfs_imp_stage2_s16_ipd16_addr16_l2_ddr4_2x,bfs,imp,s16_ipd16_addr16,l2,ddr4_2x,0.021395,21394838079.0,30729211.0,64248763.0,0.478285,6693335.0,11401031.0,1329670.0,3529114.0,nan,nan,nan,1915481.0,366130.0,851751.0
bfs_imp_stage2_s16_ipd16_pt32_l1d_ddr4_1x,bfs,imp,s16_ipd16_pt32,l1d,ddr4_1x,0.022644,22644101898.0,30729211.0,68000306.0,0.451899,5499207.0,11471915.0,2389038.0,6325340.0,5223342.0,440614.0,2597004.0,nan,nan,nan
bfs_imp_stage2_s16_ipd16_pt32_l1d_ddr4_2x,bfs,imp,s16_ipd16_pt32,l1d,ddr4_2x,0.019617,19617348015.0,30729211.0,58910955.0,0.521622,5371033.0,11380680.0,2448923.0,6419441.0,5351311.0,454753.0,2689456.0,nan,nan,nan
bfs_imp_stage2_s16_ipd16_pt32_l2_ddr4_1x,bfs,imp,s16_ipd16_pt32,l2,ddr4_1x,0.025506,25505763705.0,30729211.0,76593885.0,0.401197,6759177.0,11471944.0,1336083.0,3528858.0,nan,nan,nan,1838477.0,351029.0,809468.0
bfs_imp_stage2_s16_ipd16_pt32_l2_ddr4_2x,bfs,imp,s16_ipd16_pt32,l2,ddr4_2x,0.021395,21394838079.0,30729211.0,64248763.0,0.478285,6693335.0,11401031.0,1329670.0,3529114.0,nan,nan,nan,1915481.0,366130.0,851751.0
bfs_imp_stage2_s16_ipd8_addr8_l1d_ddr4_1x,bfs,imp,s16_ipd8_addr8,l1d,ddr4_1x,0.022644,22644101898.0,30729211.0,68000306.0,0.451899,5499207.0,11471915.0,2389038.0,6325340.0,5223342.0,440614.0,2597004.0,nan,nan,nan
bfs_imp_stage2_s16_ipd8_addr8_l1d_ddr4_2x,bfs,imp,s16_ipd8_addr8,l1d,ddr4_2x,0.019617,19617348015.0,30729211.0,58910955.0,0.521622,5371033.0,11380680.0,2448923.0,6419441.0,5351311.0,454753.0,2689456.0,nan,nan,nan
bfs_imp_stage2_s16_ipd8_addr8_l2_ddr4_1x,bfs,imp,s16_ipd8_addr8,l2,ddr4_1x,0.025506,25505763705.0,30729211.0,76593885.0,0.401197,6759177.0,11471944.0,1336083.0,3528858.0,nan,nan,nan,1838477.0,351029.0,809468.0
bfs_imp_stage2_s16_ipd8_addr8_l2_ddr4_2x,bfs,imp,s16_ipd8_addr8,l2,ddr4_2x,0.021395,21394838079.0,30729211.0,64248763.0,0.478285,6693335.0,11401031.0,1329670.0,3529114.0,nan,nan,nan,1915481.0,366130.0,851751.0
bfs_imp_stage2_s16_l1d_ddr4_1x,bfs,imp,s16,l1d,ddr4_1x,0.022644,22644101898.0,30729211.0,68000306.0,0.451899,5499207.0,11471915.0,2389038.0,6325340.0,5223342.0,440614.0,2597004.0,nan,nan,nan
bfs_imp_stage2_s16_l1d_ddr4_2x,bfs,imp,s16,l1d,ddr4_2x,0.019617,19617348015.0,30729211.0,58910955.0,0.521622,5371033.0,11380680.0,2448923.0,6419441.0,5351311.0,454753.0,2689456.0,nan,nan,nan
bfs_imp_stage2_s16_l2_ddr4_1x,bfs,imp,s16,l2,ddr4_1x,0.025506,25505763705.0,30729211.0,76593885.0,0.401197,6759177.0,11471944.0,1336083.0,3528858.0,nan,nan,nan,1838477.0,351029.0,809468.0
bfs_imp_stage2_s16_l2_ddr4_2x,bfs,imp,s16,l2,ddr4_2x,0.021395,21394838079.0,30729211.0,64248763.0,0.478285,6693335.0,11401031.0,1329670.0,3529114.0,nan,nan,nan,1915481.0,366130.0,851751.0
bfs_imp_stage2_s16_pt8_sth2_l1d_ddr4_1x,bfs,imp,s16_pt8_sth2,l1d,ddr4_1x,0.022637,22636982025.0,30729211.0,67978925.0,0.452041,5497933.0,11472007.0,2387155.0,6321946.0,5212597.0,440317.0,2593668.0,nan,nan,nan
bfs_imp_stage2_s16_pt8_sth2_l1d_ddr4_2x,bfs,imp,s16_pt8_sth2,l1d,ddr4_2x,0.019612,19612180854.0,30729211.0,58895438.0,0.521759,5371872.0,11384763.0,2443183.0,6412706.0,5347276.0,454488.0,2682826.0,nan,nan,nan
bfs_imp_stage2_s16_pt8_sth2_l2_ddr4_1x,bfs,imp,s16_pt8_sth2,l2,ddr4_1x,0.025511,25511467662.0,30729211.0,76611014.0,0.401107,6758764.0,11472868.0,1336374.0,3528819.0,nan,nan,nan,1841231.0,350893.0,810258.0
bfs_imp_stage2_s16_pt8_sth2_l2_ddr4_2x,bfs,imp,s16_pt8_sth2,l2,ddr4_2x,0.021377,21376526076.0,30729211.0,64193772.0,0.478695,6692249.0,11396553.0,1329471.0,3529098.0,nan,nan,nan,1915207.0,366251.0,852083.0
bfs_imp_stage2_s16_pt8_sth8_l1d_ddr4_1x,bfs,imp,s16_pt8_sth8,l1d,ddr4_1x,0.022641,22641114555.0,30729211.0,67991335.0,0.451958,5496937.0,11474719.0,2386347.0,6328055.0,5216982.0,441350.0,2599739.0,nan,nan,nan
bfs_imp_stage2_s16_pt8_sth8_l1d_ddr4_2x,bfs,imp,s16_pt8_sth8,l1d,ddr4_2x,0.019608,19608341364.0,30729211.0,58883908.0,0.521862,5369239.0,11382170.0,2443558.0,6413705.0,5346093.0,455370.0,2683458.0,nan,nan,nan
bfs_imp_stage2_s16_pt8_sth8_l2_ddr4_1x,bfs,imp,s16_pt8_sth8,l2,ddr4_1x,0.025505,25505128008.0,30729211.0,76591976.0,0.401207,6760531.0,11475077.0,1335441.0,3528847.0,nan,nan,nan,1839532.0,351612.0,809055.0
bfs_imp_stage2_s16_pt8_sth8_l2_ddr4_2x,bfs,imp,s16_pt8_sth8,l2,ddr4_2x,0.021381,21380834430.0,30729211.0,64206710.0,0.478599,6693704.0,11398836.0,1329362.0,3529119.0,nan,nan,nan,1911316.0,366021.0,850260.0
bfs_imp_stage2_s16_sth2_l1d_ddr4_1x,bfs,imp,s16_sth2,l1d,ddr4_1x,0.022635,22634973369.0,30729211.0,67972893.0,0.452081,5501676.0,11472491.0,2388423.0,6323158.0,5216034.0,439733.0,2594898.0,nan,nan,nan
bfs_imp_stage2_s16_sth2_l1d_ddr4_2x,bfs,imp,s16_sth2,l1d,ddr4_2x,0.019611,19610929107.0,30729211.0,58891679.0,0.521793,5374334.0,11381679.0,2444855.0,6417484.0,5354997.0,454997.0,2687429.0,nan,nan,nan
bfs_imp_stage2_s16_sth2_l2_ddr4_1x,bfs,imp,s16_sth2,l2,ddr4_1x,0.025508,25507885914.0,30729211.0,76600258.0,0.401164,6758291.0,11473082.0,1336217.0,3528833.0,nan,nan,nan,1842437.0,351214.0,810728.0
bfs_imp_stage2_s16_sth2_l2_ddr4_2x,bfs,imp,s16_sth2,l2,ddr4_2x,0.021395,21395128788.0,30729211.0,64249636.0,0.478279,6692730.0,11400170.0,1329785.0,3529210.0,nan,nan,nan,1916117.0,366278.0,852497.0
bfs_imp_stage2_s16_sth8_l1d_ddr4_1x,bfs,imp,s16_sth8,l1d,ddr4_1x,0.022635,22635299043.0,30729211.0,67973871.0,0.452074,5497076.0,11469485.0,2386651.0,6325372.0,5222776.0,440969.0,2596783.0,nan,nan,nan
bfs_imp_stage2_s16_sth8_l1d_ddr4_2x,bfs,imp,s16_sth8,l1d,ddr4_2x,0.019613,19612632735.0,30729211.0,58896795.0,0.521747,5369762.0,11385059.0,2444096.0,6414533.0,5352001.0,455097.0,2684610.0,nan,nan,nan
bfs_imp_stage2_s16_sth8_l2_ddr4_1x,bfs,imp,s16_sth8,l2,ddr4_1x,0.025511,25511202927.0,30729211.0,76610219.0,0.401112,6758269.0,11470455.0,1335725.0,3528830.0,nan,nan,nan,1839800.0,351262.0,809434.0
bfs_imp_stage2_s16_sth8_l2_ddr4_2x,bfs,imp,s16_sth8,l2,ddr4_2x,0.021381,21381285978.0,30729211.0,64208066.0,0.478589,6693814.0,11398816.0,1329401.0,3529139.0,nan,nan,nan,1911735.0,366024.0,850382.0
bfs_imp_stage2_s2_l1d_ddr4_1x,bfs,imp,s2,l1d,ddr4_1x,0.024156,24155886933.0,30729211.0,72540201.0,0.423617,6755365.0,11529760.0,1928634.0,5433207.0,4548979.0,194551.0,1766208.0,nan,nan,nan
bfs_imp_stage2_s2_l1d_ddr4_2x,bfs,imp,s2,l1d,ddr4_2x,0.021552,21552492267.0,30729211.0,64722199.0,0.474787,6587143.0,11426245.0,1929813.0,5434178.0,4473156.0,201698.0,1766786.0,nan,nan,nan
bfs_imp_stage2_s2_l2_ddr4_1x,bfs,imp,s2,l2,ddr4_1x,0.025941,25940758275.0,30729211.0,77900175.0,0.39447,7270230.0,11495059.0,1385780.0,3528921.0,nan,nan,nan,885485.0,183571.0,294030.0
bfs_imp_stage2_s2_l2_ddr4_2x,bfs,imp,s2,l2,ddr4_2x,0.022705,22705303968.0,30729211.0,68184096.0,0.450681,7130514.0,11405560.0,1384932.0,3528960.0,nan,nan,nan,886919.0,184508.0,294294.0
bfs_imp_stage2_s2_sth2_l1d_ddr4_1x,bfs,imp,s2_sth2,l1d,ddr4_1x,0.024165,24164762049.0,30729211.0,72566853.0,0.423461,6749820.0,11530814.0,1929832.0,5433794.0,4549338.0,194954.0,1766697.0,nan,nan,nan
bfs_imp_stage2_s2_sth2_l1d_ddr4_2x,bfs,imp,s2_sth2,l1d,ddr4_2x,0.021561,21560829255.0,30729211.0,64747235.0,0.474603,6584914.0,11426853.0,1929584.0,5432259.0,4470594.0,201947.0,1764896.0,nan,nan,nan
bfs_imp_stage2_s2_sth2_l2_ddr4_1x,bfs,imp,s2_sth2,l2,ddr4_1x,0.025932,25931974068.0,30729211.0,77873796.0,0.394603,7268807.0,11495463.0,1385410.0,3528941.0,nan,nan,nan,884795.0,183918.0,294036.0
bfs_imp_stage2_s2_sth2_l2_ddr4_2x,bfs,imp,s2_sth2,l2,ddr4_2x,0.022708,22707662940.0,30729211.0,68191180.0,0.450634,7132984.0,11407237.0,1385062.0,3528982.0,nan,nan,nan,887359.0,184394.0,294219.0
bfs_imp_stage2_s2_sth8_l1d_ddr4_1x,bfs,imp,s2_sth8,l1d,ddr4_1x,0.024157,24157346805.0,30729211.0,72544585.0,0.423591,6752750.0,11528922.0,1929548.0,5432914.0,4549495.0,194453.0,1765966.0,nan,nan,nan
bfs_imp_stage2_s2_sth8_l1d_ddr4_2x,bfs,imp,s2_sth8,l1d,ddr4_2x,0.021558,21557521899.0,30729211.0,64737303.0,0.474676,6588572.0,11427668.0,1928773.0,5432996.0,4471888.0,201784.0,1765712.0,nan,nan,nan
bfs_imp_stage2_s2_sth8_l2_ddr4_1x,bfs,imp,s2_sth8,l2,ddr4_1x,0.025938,25937537832.0,30729211.0,77890504.0,0.394519,7272850.0,11497578.0,1385973.0,3528914.0,nan,nan,nan,885475.0,183347.0,293961.0
bfs_imp_stage2_s2_sth8_l2_ddr4_2x,bfs,imp,s2_sth8,l2,ddr4_2x,0.022711,22710799800.0,30729211.0,68200600.0,0.450571,7132969.0,11406106.0,1385148.0,3528980.0,nan,nan,nan,887045.0,184271.0,293901.0
bfs_imp_stage2_s8_dist32_addr8_l1d_ddr4_1x,bfs,imp,s8_dist32_addr8,l1d,ddr4_1x,0.022859,22859318466.0,30729211.0,68646602.0,0.447644,5763687.0,11494089.0,2241663.0,6196945.0,5157984.0,403198.0,2480070.0,nan,nan,nan
bfs_imp_stage2_s8_dist32_addr8_l1d_ddr4_2x,bfs,imp,s8_dist32_addr8,l1d,ddr4_2x,0.020049,20049487443.0,30729211.0,60208671.0,0.510379,5621790.0,11403292.0,2289053.0,6257577.0,5230504.0,416196.0,2540129.0,nan,nan,nan
bfs_imp_stage2_s8_dist32_addr8_l2_ddr4_1x,bfs,imp,s8_dist32_addr8,l2,ddr4_1x,0.025632,25631879130.0,30729211.0,76972610.0,0.399223,6894129.0,11476841.0,1335439.0,3529084.0,nan,nan,nan,1576449.0,315982.0,627778.0
bfs_imp_stage2_s8_dist32_addr8_l2_ddr4_2x,bfs,imp,s8_dist32_addr8,l2,ddr4_2x,0.021718,21718321605.0,30729211.0,65220185.0,0.471162,6810078.0,11402903.0,1330301.0,3529295.0,nan,nan,nan,1620036.0,325093.0,650691.0
bfs_imp_stage2_s8_dist8_addr8_l1d_ddr4_1x,bfs,imp,s8_dist8_addr8,l1d,ddr4_1x,0.022859,22859318466.0,30729211.0,68646602.0,0.447644,5763687.0,11494089.0,2241663.0,6196945.0,5157984.0,403198.0,2480070.0,nan,nan,nan
bfs_imp_stage2_s8_dist8_addr8_l1d_ddr4_2x,bfs,imp,s8_dist8_addr8,l1d,ddr4_2x,0.020049,20049487443.0,30729211.0,60208671.0,0.510379,5621790.0,11403292.0,2289053.0,6257577.0,5230504.0,416196.0,2540129.0,nan,nan,nan
bfs_imp_stage2_s8_dist8_addr8_l2_ddr4_1x,bfs,imp,s8_dist8_addr8,l2,ddr4_1x,0.025632,25631879130.0,30729211.0,76972610.0,0.399223,6894129.0,11476841.0,1335439.0,3529084.0,nan,nan,nan,1576449.0,315982.0,627778.0
bfs_imp_stage2_s8_dist8_addr8_l2_ddr4_2x,bfs,imp,s8_dist8_addr8,l2,ddr4_2x,0.021718,21718321605.0,30729211.0,65220185.0,0.471162,6810078.0,11402903.0,1330301.0,3529295.0,nan,nan,nan,1620036.0,325093.0,650691.0
bfs_imp_stage2_s8_ipd16_addr16_l1d_ddr4_1x,bfs,imp,s8_ipd16_addr16,l1d,ddr4_1x,0.022859,22859318466.0,30729211.0,68646602.0,0.447644,5763687.0,11494089.0,2241663.0,6196945.0,5157984.0,403198.0,2480070.0,nan,nan,nan
bfs_imp_stage2_s8_ipd16_addr16_l1d_ddr4_2x,bfs,imp,s8_ipd16_addr16,l1d,ddr4_2x,0.020049,20049487443.0,30729211.0,60208671.0,0.510379,5621790.0,11403292.0,2289053.0,6257577.0,5230504.0,416196.0,2540129.0,nan,nan,nan
bfs_imp_stage2_s8_ipd16_addr16_l2_ddr4_1x,bfs,imp,s8_ipd16_addr16,l2,ddr4_1x,0.025632,25631879130.0,30729211.0,76972610.0,0.399223,6894129.0,11476841.0,1335439.0,3529084.0,nan,nan,nan,1576449.0,315982.0,627778.0
bfs_imp_stage2_s8_ipd16_addr16_l2_ddr4_2x,bfs,imp,s8_ipd16_addr16,l2,ddr4_2x,0.021718,21718321605.0,30729211.0,65220185.0,0.471162,6810078.0,11402903.0,1330301.0,3529295.0,nan,nan,nan,1620036.0,325093.0,650691.0
bfs_imp_stage2_s8_ipd16_pt32_l1d_ddr4_1x,bfs,imp,s8_ipd16_pt32,l1d,ddr4_1x,0.022859,22859318466.0,30729211.0,68646602.0,0.447644,5763687.0,11494089.0,2241663.0,6196945.0,5157984.0,403198.0,2480070.0,nan,nan,nan
bfs_imp_stage2_s8_ipd16_pt32_l1d_ddr4_2x,bfs,imp,s8_ipd16_pt32,l1d,ddr4_2x,0.020049,20049487443.0,30729211.0,60208671.0,0.510379,5621790.0,11403292.0,2289053.0,6257577.0,5230504.0,416196.0,2540129.0,nan,nan,nan
bfs_imp_stage2_s8_ipd16_pt32_l2_ddr4_1x,bfs,imp,s8_ipd16_pt32,l2,ddr4_1x,0.025632,25631879130.0,30729211.0,76972610.0,0.399223,6894129.0,11476841.0,1335439.0,3529084.0,nan,nan,nan,1576449.0,315982.0,627778.0
bfs_imp_stage2_s8_ipd16_pt32_l2_ddr4_2x,bfs,imp,s8_ipd16_pt32,l2,ddr4_2x,0.021718,21718321605.0,30729211.0,65220185.0,0.471162,6810078.0,11402903.0,1330301.0,3529295.0,nan,nan,nan,1620036.0,325093.0,650691.0
bfs_imp_stage2_s8_ipd8_addr8_l1d_ddr4_1x,bfs,imp,s8_ipd8_addr8,l1d,ddr4_1x,0.022859,22859318466.0,30729211.0,68646602.0,0.447644,5763687.0,11494089.0,2241663.0,6196945.0,5157984.0,403198.0,2480070.0,nan,nan,nan
bfs_imp_stage2_s8_ipd8_addr8_l1d_ddr4_2x,bfs,imp,s8_ipd8_addr8,l1d,ddr4_2x,0.020049,20049487443.0,30729211.0,60208671.0,0.510379,5621790.0,11403292.0,2289053.0,6257577.0,5230504.0,416196.0,2540129.0,nan,nan,nan
bfs_imp_stage2_s8_ipd8_addr8_l2_ddr4_1x,bfs,imp,s8_ipd8_addr8,l2,ddr4_1x,0.025632,25631879130.0,30729211.0,76972610.0,0.399223,6894129.0,11476841.0,1335439.0,3529084.0,nan,nan,nan,1576449.0,315982.0,627778.0
bfs_imp_stage2_s8_ipd8_addr8_l2_ddr4_2x,bfs,imp,s8_ipd8_addr8,l2,ddr4_2x,0.021718,21718321605.0,30729211.0,65220185.0,0.471162,6810078.0,11402903.0,1330301.0,3529295.0,nan,nan,nan,1620036.0,325093.0,650691.0
bfs_imp_stage2_s8_l1d_ddr4_1x,bfs,imp,s8,l1d,ddr4_1x,0.022859,22859318466.0,30729211.0,68646602.0,0.447644,5763687.0,11494089.0,2241663.0,6196945.0,5157984.0,403198.0,2480070.0,nan,nan,nan
bfs_imp_stage2_s8_l1d_ddr4_2x,bfs,imp,s8,l1d,ddr4_2x,0.020049,20049487443.0,30729211.0,60208671.0,0.510379,5621790.0,11403292.0,2289053.0,6257577.0,5230504.0,416196.0,2540129.0,nan,nan,nan
bfs_imp_stage2_s8_l2_ddr4_1x,bfs,imp,s8,l2,ddr4_1x,0.025632,25631879130.0,30729211.0,76972610.0,0.399223,6894129.0,11476841.0,1335439.0,3529084.0,nan,nan,nan,1576449.0,315982.0,627778.0
bfs_imp_stage2_s8_l2_ddr4_2x,bfs,imp,s8,l2,ddr4_2x,0.021718,21718321605.0,30729211.0,65220185.0,0.471162,6810078.0,11402903.0,1330301.0,3529295.0,nan,nan,nan,1620036.0,325093.0,650691.0
bfs_imp_stage2_s8_pt8_sth2_l1d_ddr4_1x,bfs,imp,s8_pt8_sth2,l1d,ddr4_1x,0.022841,22841083386.0,30729211.0,68591842.0,0.448001,5759421.0,11493193.0,2242017.0,6193354.0,5155890.0,403565.0,2476489.0,nan,nan,nan
bfs_imp_stage2_s8_pt8_sth2_l1d_ddr4_2x,bfs,imp,s8_pt8_sth2,l1d,ddr4_2x,0.020042,20042466804.0,30729211.0,60187588.0,0.510558,5623887.0,11401489.0,2290115.0,6259958.0,5232922.0,415771.0,2542598.0,nan,nan,nan
bfs_imp_stage2_s8_pt8_sth2_l2_ddr4_1x,bfs,imp,s8_pt8_sth2,l2,ddr4_1x,0.025624,25623883134.0,30729211.0,76948598.0,0.399348,6894697.0,11477649.0,1335112.0,3529015.0,nan,nan,nan,1576615.0,316344.0,627844.0
bfs_imp_stage2_s8_pt8_sth2_l2_ddr4_2x,bfs,imp,s8_pt8_sth2,l2,ddr4_2x,0.021719,21718598328.0,30729211.0,65221016.0,0.471156,6809346.0,11404707.0,1330075.0,3529303.0,nan,nan,nan,1619424.0,325158.0,650936.0
bfs_imp_stage2_s8_pt8_sth8_l1d_ddr4_1x,bfs,imp,s8_pt8_sth8,l1d,ddr4_1x,0.022835,22835118357.0,30729211.0,68573929.0,0.448118,5760410.0,11496519.0,2239185.0,6192751.0,5148645.0,403857.0,2476201.0,nan,nan,nan
bfs_imp_stage2_s8_pt8_sth8_l1d_ddr4_2x,bfs,imp,s8_pt8_sth8,l1d,ddr4_2x,0.020056,20055990267.0,30729211.0,60228199.0,0.510214,5624919.0,11405539.0,2289437.0,6255864.0,5222202.0,415265.0,2538349.0,nan,nan,nan
bfs_imp_stage2_s8_pt8_sth8_l2_ddr4_1x,bfs,imp,s8_pt8_sth8,l2,ddr4_1x,0.025611,25610779917.0,30729211.0,76909249.0,0.399552,6894638.0,11474629.0,1335196.0,3529043.0,nan,nan,nan,1573426.0,316042.0,627259.0
bfs_imp_stage2_s8_pt8_sth8_l2_ddr4_2x,bfs,imp,s8_pt8_sth8,l2,ddr4_2x,0.021719,21718628964.0,30729211.0,65221108.0,0.471155,6810118.0,11400971.0,1330714.0,3529327.0,nan,nan,nan,1619092.0,324746.0,651000.0
bfs_imp_stage2_s8_sth2_l1d_ddr4_1x,bfs,imp,s8_sth2,l1d,ddr4_1x,0.022837,22836595878.0,30729211.0,68578366.0,0.44809,5766957.0,11494808.0,2239317.0,6196912.0,5156325.0,403667.0,2479962.0,nan,nan,nan
bfs_imp_stage2_s8_sth2_l1d_ddr4_2x,bfs,imp,s8_sth2,l1d,ddr4_2x,0.020051,20051178417.0,30729211.0,60213749.0,0.510336,5622312.0,11404270.0,2290820.0,6256608.0,5226768.0,415772.0,2539345.0,nan,nan,nan
bfs_imp_stage2_s8_sth2_l2_ddr4_1x,bfs,imp,s8_sth2,l2,ddr4_1x,0.025624,25624320363.0,30729211.0,76949911.0,0.399341,6894385.0,11476910.0,1335532.0,3529016.0,nan,nan,nan,1576594.0,316137.0,628224.0
bfs_imp_stage2_s8_sth2_l2_ddr4_2x,bfs,imp,s8_sth2,l2,ddr4_2x,0.021726,21726491760.0,30729211.0,65244720.0,0.470984,6811340.0,11403392.0,1330423.0,3529294.0,nan,nan,nan,1619415.0,325022.0,651302.0
bfs_imp_stage2_s8_sth8_l1d_ddr4_1x,bfs,imp,s8_sth8,l1d,ddr4_1x,0.022853,22852979478.0,30729211.0,68627566.0,0.447768,5770550.0,11494216.0,2242038.0,6206618.0,5168989.0,403101.0,2489577.0,nan,nan,nan
bfs_imp_stage2_s8_sth8_l1d_ddr4_2x,bfs,imp,s8_sth8,l1d,ddr4_2x,0.020049,20049164100.0,30729211.0,60207700.0,0.510387,5623382.0,11403457.0,2289388.0,6257616.0,5233166.0,416512.0,2540143.0,nan,nan,nan
bfs_imp_stage2_s8_sth8_l2_ddr4_1x,bfs,imp,s8_sth8,l2,ddr4_1x,0.025605,25604971065.0,30729211.0,76891805.0,0.399643,6895288.0,11475766.0,1335351.0,3529015.0,nan,nan,nan,1572847.0,316077.0,626873.0
bfs_imp_stage2_s8_sth8_l2_ddr4_2x,bfs,imp,s8_sth8,l2,ddr4_2x,0.021711,21710875059.0,30729211.0,65197823.0,0.471323,6810922.0,11407336.0,1330828.0,3529274.0,nan,nan,nan,1619686.0,324438.0,651171.0
matmult_imp_stage2_aggr_s16_sth2_d32_ipd16_addr16_l1d_ddr4_1x,matmult,imp,aggr_s16_sth2_d32_ipd16_addr16,l1d,ddr4_1x,0.001212,1212489963.0,7397871.0,3641111.0,2.031764,1146579.0,2138559.0,5476.0,1081616.0,31746.0,3611.0,4317.0,nan,nan,nan
matmult_imp_stage2_aggr_s16_sth2_d32_ipd16_addr16_l1d_ddr4_2x,matmult,imp,aggr_s16_sth2_d32_ipd16_addr16,l1d,ddr4_2x,0.001221,1221087690.0,7397876.0,3666930.0,2.01746,1150477.0,2139319.0,5380.0,1082013.0,30522.0,3567.0,4212.0,nan,nan,nan
matmult_imp_stage2_aggr_s16_sth2_d32_ipd16_addr16_l2_ddr4_1x,matmult,imp,aggr_s16_sth2_d32_ipd16_addr16,l2,ddr4_1x,0.001226,1226037069.0,7397871.0,3681793.0,2.009314,1158574.0,2138832.0,1945.0,1078071.0,nan,nan,nan,6685.0,3487.0,20.0
matmult_imp_stage2_aggr_s16_sth2_d32_ipd16_addr16_l2_ddr4_2x,matmult,imp,aggr_s16_sth2_d32_ipd16_addr16,l2,ddr4_2x,0.001216,1215700416.0,7397871.0,3650752.0,2.026399,1158301.0,2138328.0,1908.0,1077294.0,nan,nan,nan,6485.0,3502.0,10.0
matmult_imp_stage2_aggr_s16_sth2_d32_ipd16_l1d_ddr4_1x,matmult,imp,aggr_s16_sth2_d32_ipd16,l1d,ddr4_1x,0.001212,1212489963.0,7397871.0,3641111.0,2.031764,1146579.0,2138559.0,5476.0,1081616.0,31746.0,3611.0,4317.0,nan,nan,nan
matmult_imp_stage2_aggr_s16_sth2_d32_ipd16_l1d_ddr4_2x,matmult,imp,aggr_s16_sth2_d32_ipd16,l1d,ddr4_2x,0.001221,1221087690.0,7397876.0,3666930.0,2.01746,1150477.0,2139319.0,5380.0,1082013.0,30522.0,3567.0,4212.0,nan,nan,nan
matmult_imp_stage2_aggr_s16_sth2_d32_ipd16_l2_ddr4_1x,matmult,imp,aggr_s16_sth2_d32_ipd16,l2,ddr4_1x,0.001226,1226037069.0,7397871.0,3681793.0,2.009314,1158574.0,2138832.0,1945.0,1078071.0,nan,nan,nan,6685.0,3487.0,20.0
matmult_imp_stage2_aggr_s16_sth2_d32_ipd16_l2_ddr4_2x,matmult,imp,aggr_s16_sth2_d32_ipd16,l2,ddr4_2x,0.001216,1215700416.0,7397871.0,3650752.0,2.026399,1158301.0,2138328.0,1908.0,1077294.0,nan,nan,nan,6485.0,3502.0,10.0
matmult_imp_stage2_cons_s2_sth8_pt8_l1d_ddr4_1x,matmult,imp,cons_s2_sth8_pt8,l1d,ddr4_1x,0.001273,1273126266.0,7397871.0,3823202.0,1.934996,1152901.0,2139077.0,5469.0,1085366.0,59042.0,3625.0,7203.0,nan,nan,nan
matmult_imp_stage2_cons_s2_sth8_pt8_l1d_ddr4_2x,matmult,imp,cons_s2_sth8_pt8,l1d,ddr4_2x,0.001283,1283142906.0,7397876.0,3853282.0,1.919892,1154531.0,2137814.0,5350.0,1084018.0,64569.0,3719.0,6783.0,nan,nan,nan
matmult_imp_stage2_cons_s2_sth8_pt8_l2_ddr4_1x,matmult,imp,cons_s2_sth8_pt8,l2,ddr4_1x,0.001258,1258172235.0,7397876.0,3778295.0,1.957996,1158876.0,2139320.0,3531.0,1078165.0,nan,nan,nan,5187.0,1886.0,3.0
matmult_imp_stage2_cons_s2_sth8_pt8_l2_ddr4_2x,matmult,imp,cons_s2_sth8_pt8,l2,ddr4_2x,0.001248,1248375375.0,7397871.0,3748875.0,1.97336,1160146.0,2139733.0,3361.0,1078396.0,nan,nan,nan,4881.0,2016.0,3.0
matmult_imp_stage2_cons_s8_sth8_pt8_ipd8_l1d_ddr4_1x,matmult,imp,cons_s8_sth8_pt8_ipd8,l1d,ddr4_1x,0.001221,1221203907.0,7397871.0,3667279.0,2.017267,1148949.0,2137730.0,5458.0,1082773.0,36599.0,4235.0,5421.0,nan,nan,nan
matmult_imp_stage2_cons_s8_sth8_pt8_ipd8_l1d_ddr4_2x,matmult,imp,cons_s8_sth8_pt8_ipd8,l1d,ddr4_2x,0.001229,1228864239.0,7397871.0,3690283.0,2.004692,1150474.0,2138832.0,5360.0,1083826.0,37152.0,3983.0,6123.0,nan,nan,nan
matmult_imp_stage2_cons_s8_sth8_pt8_ipd8_l2_ddr4_1x,matmult,imp,cons_s8_sth8_pt8_ipd8,l2,ddr4_1x,0.001252,1251531549.0,7397876.0,3758353.0,1.968385,1159156.0,2139141.0,2196.0,1078284.0,nan,nan,nan,5948.0,3189.0,12.0
matmult_imp_stage2_cons_s8_sth8_pt8_ipd8_l2_ddr4_2x,matmult,imp,cons_s8_sth8_pt8_ipd8,l2,ddr4_2x,0.001229,1229334435.0,7397871.0,3691695.0,2.003925,1159033.0,2138698.0,2188.0,1077652.0,nan,nan,nan,6131.0,3198.0,4.0
matmult_imp_stage2_default_l1d_ddr4_1x,matmult,imp,default,l1d,ddr4_1x,0.001242,1242151938.0,7397885.0,3730186.0,1.983251,1153373.0,2138673.0,5469.0,1084788.0,55493.0,4714.0,6658.0,nan,nan,nan
matmult_imp_stage2_default_l1d_ddr4_2x,matmult,imp,default,l1d,ddr4_2x,0.001261,1261173564.0,7397876.0,3787308.0,1.953336,1151766.0,2139866.0,5355.0,1086353.0,55078.0,4680.0,8082.0,nan,nan,nan
matmult_imp_stage2_default_l2_ddr4_1x,matmult,imp,default,l2,ddr4_1x,0.001238,1238238522.0,7397885.0,3718434.0,1.989519,1157391.0,2138569.0,2685.0,1077581.0,nan,nan,nan,5961.0,2727.0,8.0
matmult_imp_stage2_default_l2_ddr4_2x,matmult,imp,default,l2,ddr4_2x,0.00123,1230256179.0,7397876.0,3694463.0,2.002425,1159546.0,2139337.0,2685.0,1078402.0,nan,nan,nan,5726.0,2700.0,10.0
matmult_imp_stage2_s16_dist32_addr16_l1d_ddr4_1x,matmult,imp,s16_dist32_addr16,l1d,ddr4_1x,0.001208,1207908882.0,7397876.0,3627354.0,2.039471,1150500.0,2138816.0,5475.0,1083178.0,34743.0,3667.0,5007.0,nan,nan,nan
matmult_imp_stage2_s16_dist32_addr16_l1d_ddr4_2x,matmult,imp,s16_dist32_addr16,l1d,ddr4_2x,0.001223,1222542900.0,7397876.0,3671300.0,2.015059,1151777.0,2140009.0,5364.0,1082513.0,31853.0,3474.0,4209.0,nan,nan,nan
matmult_imp_stage2_s16_dist32_addr16_l2_ddr4_1x,matmult,imp,s16_dist32_addr16,l2,ddr4_1x,0.001225,1225199907.0,7397876.0,3679279.0,2.010689,1157985.0,2138080.0,1932.0,1076921.0,nan,nan,nan,6610.0,3480.0,5.0
matmult_imp_stage2_s16_dist32_addr16_l2_ddr4_2x,matmult,imp,s16_dist32_addr16,l2,ddr4_2x,0.001214,1213927191.0,7397876.0,3645427.0,2.02936,1159562.0,2139089.0,1912.0,1078053.0,nan,nan,nan,6424.0,3499.0,14.0
matmult_imp_stage2_s16_dist8_addr16_l1d_ddr4_1x,matmult,imp,s16_dist8_addr16,l1d,ddr4_1x,0.001208,1207908882.0,7397876.0,3627354.0,2.039471,1150500.0,2138816.0,5475.0,1083178.0,34743.0,3667.0,5007.0,nan,nan,nan
matmult_imp_stage2_s16_dist8_addr16_l1d_ddr4_2x,matmult,imp,s16_dist8_addr16,l1d,ddr4_2x,0.001223,1222542900.0,7397876.0,3671300.0,2.015059,1151777.0,2140009.0,5364.0,1082513.0,31853.0,3474.0,4209.0,nan,nan,nan
matmult_imp_stage2_s16_dist8_addr16_l2_ddr4_1x,matmult,imp,s16_dist8_addr16,l2,ddr4_1x,0.001225,1225199907.0,7397876.0,3679279.0,2.010689,1157985.0,2138080.0,1932.0,1076921.0,nan,nan,nan,6610.0,3480.0,5.0
matmult_imp_stage2_s16_dist8_addr16_l2_ddr4_2x,matmult,imp,s16_dist8_addr16,l2,ddr4_2x,0.001214,1213927191.0,7397876.0,3645427.0,2.02936,1159562.0,2139089.0,1912.0,1078053.0,nan,nan,nan,6424.0,3499.0,14.0
matmult_imp_stage2_s16_ipd16_addr16_l1d_ddr4_1x,matmult,imp,s16_ipd16_addr16,l1d,ddr4_1x,0.001208,1207908882.0,7397876.0,3627354.0,2.039471,1150500.0,2138816.0,5475.0,1083178.0,34743.0,3667.0,5007.0,nan,nan,nan
matmult_imp_stage2_s16_ipd16_addr16_l1d_ddr4_2x,matmult,imp,s16_ipd16_addr16,l1d,ddr4_2x,0.001223,1222542900.0,7397876.0,3671300.0,2.015059,1151777.0,2140009.0,5364.0,1082513.0,31853.0,3474.0,4209.0,nan,nan,nan
matmult_imp_stage2_s16_ipd16_addr16_l2_ddr4_1x,matmult,imp,s16_ipd16_addr16,l2,ddr4_1x,0.001225,1225199907.0,7397876.0,3679279.0,2.010689,1157985.0,2138080.0,1932.0,1076921.0,nan,nan,nan,6610.0,3480.0,5.0
matmult_imp_stage2_s16_ipd16_addr16_l2_ddr4_2x,matmult,imp,s16_ipd16_addr16,l2,ddr4_2x,0.001214,1213927191.0,7397876.0,3645427.0,2.02936,1159562.0,2139089.0,1912.0,1078053.0,nan,nan,nan,6424.0,3499.0,14.0
matmult_imp_stage2_s16_ipd16_pt32_l1d_ddr4_1x,matmult,imp,s16_ipd16_pt32,l1d,ddr4_1x,0.001208,1207908882.0,7397876.0,3627354.0,2.039471,1150500.0,2138816.0,5475.0,1083178.0,34743.0,3667.0,5007.0,nan,nan,nan
matmult_imp_stage2_s16_ipd16_pt32_l1d_ddr4_2x,matmult,imp,s16_ipd16_pt32,l1d,ddr4_2x,0.001223,1222542900.0,7397876.0,3671300.0,2.015059,1151777.0,2140009.0,5364.0,1082513.0,31853.0,3474.0,4209.0,nan,nan,nan
matmult_imp_stage2_s16_ipd16_pt32_l2_ddr4_1x,matmult,imp,s16_ipd16_pt32,l2,ddr4_1x,0.001225,1225199907.0,7397876.0,3679279.0,2.010689,1157985.0,2138080.0,1932.0,1076921.0,nan,nan,nan,6610.0,3480.0,5.0
matmult_imp_stage2_s16_ipd16_pt32_l2_ddr4_2x,matmult,imp,s16_ipd16_pt32,l2,ddr4_2x,0.001214,1213927191.0,7397876.0,3645427.0,2.02936,1159562.0,2139089.0,1912.0,1078053.0,nan,nan,nan,6424.0,3499.0,14.0
matmult_imp_stage2_s16_ipd8_addr8_l1d_ddr4_1x,matmult,imp,s16_ipd8_addr8,l1d,ddr4_1x,0.001208,1207908882.0,7397876.0,3627354.0,2.039471,1150500.0,2138816.0,5475.0,1083178.0,34743.0,3667.0,5007.0,nan,nan,nan
matmult_imp_stage2_s16_ipd8_addr8_l1d_ddr4_2x,matmult,imp,s16_ipd8_addr8,l1d,ddr4_2x,0.001223,1222542900.0,7397876.0,3671300.0,2.015059,1151777.0,2140009.0,5364.0,1082513.0,31853.0,3474.0,4209.0,nan,nan,nan
matmult_imp_stage2_s16_ipd8_addr8_l2_ddr4_1x,matmult,imp,s16_ipd8_addr8,l2,ddr4_1x,0.001225,1225199907.0,7397876.0,3679279.0,2.010689,1157985.0,2138080.0,1932.0,1076921.0,nan,nan,nan,6610.0,3480.0,5.0
matmult_imp_stage2_s16_ipd8_addr8_l2_ddr4_2x,matmult,imp,s16_ipd8_addr8,l2,ddr4_2x,0.001214,1213927191.0,7397876.0,3645427.0,2.02936,1159562.0,2139089.0,1912.0,1078053.0,nan,nan,nan,6424.0,3499.0,14.0
matmult_imp_stage2_s16_l1d_ddr4_1x,matmult,imp,s16,l1d,ddr4_1x,0.001208,1207908882.0,7397876.0,3627354.0,2.039471,1150500.0,2138816.0,5475.0,1083178.0,34743.0,3667.0,5007.0,nan,nan,nan
matmult_imp_stage2_s16_l1d_ddr4_2x,matmult,imp,s16,l1d,ddr4_2x,0.001223,1222542900.0,7397876.0,3671300.0,2.015059,1151777.0,2140009.0,5364.0,1082513.0,31853.0,3474.0,4209.0,nan,nan,nan
matmult_imp_stage2_s16_l2_ddr4_1x,matmult,imp,s16,l2,ddr4_1x,0.001225,1225199907.0,7397876.0,3679279.0,2.010689,1157985.0,2138080.0,1932.0,1076921.0,nan,nan,nan,6610.0,3480.0,5.0
matmult_imp_stage2_s16_l2_ddr4_2x,matmult,imp,s16,l2,ddr4_2x,0.001214,1213927191.0,7397876.0,3645427.0,2.02936,1159562.0,2139089.0,1912.0,1078053.0,nan,nan,nan,6424.0,3499.0,14.0
matmult_imp_stage2_s16_pt8_sth2_l1d_ddr4_1x,matmult,imp,s16_pt8_sth2,l1d,ddr4_1x,0.001212,1212489963.0,7397871.0,3641111.0,2.031764,1146579.0,2138559.0,5476.0,1081616.0,31746.0,3611.0,4317.0,nan,nan,nan
matmult_imp_stage2_s16_pt8_sth2_l1d_ddr4_2x,matmult,imp,s16_pt8_sth2,l1d,ddr4_2x,0.001221,1221087690.0,7397876.0,3666930.0,2.01746,1150477.0,2139319.0,5380.0,1082013.0,30522.0,3567.0,4212.0,nan,nan,nan
matmult_imp_stage2_s16_pt8_sth2_l2_ddr4_1x,matmult,imp,s16_pt8_sth2,l2,ddr4_1x,0.001221,1220895882.0,7397876.0,3666354.0,2.017777,1158184.0,2138468.0,1925.0,1077465.0,nan,nan,nan,6462.0,3498.0,19.0
matmult_imp_stage2_s16_pt8_sth2_l2_ddr4_2x,matmult,imp,s16_pt8_sth2,l2,ddr4_2x,0.001217,1216559223.0,7397876.0,3653331.0,2.02497,1158222.0,2138910.0,1875.0,1077804.0,nan,nan,nan,6429.0,3528.0,12.0
matmult_imp_stage2_s16_pt8_sth8_l1d_ddr4_1x,matmult,imp,s16_pt8_sth8,l1d,ddr4_1x,0.001213,1213133319.0,7397876.0,3643043.0,2.030688,1151284.0,2138917.0,5454.0,1083072.0,33484.0,3377.0,4745.0,nan,nan,nan
matmult_imp_stage2_s16_pt8_sth8_l1d_ddr4_2x,matmult,imp,s16_pt8_sth8,l1d,ddr4_2x,0.001222,1221884559.0,7397871.0,3669323.0,2.016143,1150390.0,2139297.0,5372.0,1081761.0,32427.0,3486.0,4004.0,nan,nan,nan
matmult_imp_stage2_s16_pt8_sth8_l2_ddr4_1x,matmult,imp,s16_pt8_sth8,l2,ddr4_1x,0.001226,1226207565.0,7397871.0,3682305.0,2.009035,1158140.0,2138534.0,1939.0,1077241.0,nan,nan,nan,6604.0,3476.0,20.0
matmult_imp_stage2_s16_pt8_sth8_l2_ddr4_2x,matmult,imp,s16_pt8_sth8,l2,ddr4_2x,0.001215,1214545239.0,7397871.0,3647283.0,2.028326,1159146.0,2139140.0,1911.0,1078366.0,nan,nan,nan,6173.0,3505.0,12.0
matmult_imp_stage2_s16_sth2_l1d_ddr4_1x,matmult,imp,s16_sth2,l1d,ddr4_1x,0.001212,1212489963.0,7397871.0,3641111.0,2.031764,1146579.0,2138559.0,5476.0,1081616.0,31746.0,3611.0,4317.0,nan,nan,nan
matmult_imp_stage2_s16_sth2_l1d_ddr4_2x,matmult,imp,s16_sth2,l1d,ddr4_2x,0.001221,1221087690.0,7397876.0,3666930.0,2.01746,1150477.0,2139319.0,5380.0,1082013.0,30522.0,3567.0,4212.0,nan,nan,nan
matmult_imp_stage2_s16_sth2_l2_ddr4_1x,matmult,imp,s16_sth2,l2,ddr4_1x,0.001226,1226037069.0,7397871.0,3681793.0,2.009314,1158574.0,2138832.0,1945.0,1078071.0,nan,nan,nan,6685.0,3487.0,20.0
matmult_imp_stage2_s16_sth2_l2_ddr4_2x,matmult,imp,s16_sth2,l2,ddr4_2x,0.001216,1215700416.0,7397871.0,3650752.0,2.026399,1158301.0,2138328.0,1908.0,1077294.0,nan,nan,nan,6485.0,3502.0,10.0
matmult_imp_stage2_s16_sth8_l1d_ddr4_1x,matmult,imp,s16_sth8,l1d,ddr4_1x,0.001213,1213133319.0,7397876.0,3643043.0,2.030688,1151284.0,2138917.0,5454.0,1083072.0,33484.0,3377.0,4745.0,nan,nan,nan
matmult_imp_stage2_s16_sth8_l1d_ddr4_2x,matmult,imp,s16_sth8,l1d,ddr4_2x,0.001222,1221884559.0,7397871.0,3669323.0,2.016143,1150390.0,2139297.0,5372.0,1081761.0,32427.0,3486.0,4004.0,nan,nan,nan
matmult_imp_stage2_s16_sth8_l2_ddr4_1x,matmult,imp,s16_sth8,l2,ddr4_1x,0.001226,1226207565.0,7397871.0,3682305.0,2.009035,1158140.0,2138534.0,1939.0,1077241.0,nan,nan,nan,6604.0,3476.0,20.0
matmult_imp_stage2_s16_sth8_l2_ddr4_2x,matmult,imp,s16_sth8,l2,ddr4_2x,0.001215,1214545239.0,7397871.0,3647283.0,2.028326,1159146.0,2139140.0,1911.0,1078366.0,nan,nan,nan,6173.0,3505.0,12.0
matmult_imp_stage2_s2_l1d_ddr4_1x,matmult,imp,s2,l1d,ddr4_1x,0.001279,1278912474.0,7397871.0,3840578.0,1.926241,1153849.0,2138224.0,5448.0,1084909.0,60567.0,4069.0,6792.0,nan,nan,nan
matmult_imp_stage2_s2_l1d_ddr4_2x,matmult,imp,s2,l1d,ddr4_2x,0.001299,1298515185.0,7397871.0,3899445.0,1.897162,1156421.0,2139910.0,5341.0,1085073.0,63840.0,3662.0,6382.0,nan,nan,nan
matmult_imp_stage2_s2_l2_ddr4_1x,matmult,imp,s2,l2,ddr4_1x,0.001255,1254525885.0,7397876.0,3767345.0,1.963687,1159420.0,2138816.0,3370.0,1077774.0,nan,nan,nan,4904.0,2051.0,3.0
matmult_imp_stage2_s2_l2_ddr4_2x,matmult,imp,s2,l2,ddr4_2x,0.001247,1246891194.0,7397871.0,3744418.0,1.975709,1158925.0,2138670.0,3407.0,1077472.0,nan,nan,nan,4981.0,1953.0,3.0
matmult_imp_stage2_s2_sth2_l1d_ddr4_1x,matmult,imp,s2_sth2,l1d,ddr4_1x,0.001277,1276781274.0,7397871.0,3834178.0,1.929457,1153979.0,2139072.0,5472.0,1084406.0,61696.0,4242.0,6149.0,nan,nan,nan
matmult_imp_stage2_s2_sth2_l1d_ddr4_2x,matmult,imp,s2_sth2,l1d,ddr4_2x,0.001296,1296257445.0,7397871.0,3892665.0,1.900467,1155958.0,2139754.0,5343.0,1085459.0,64152.0,3592.0,6763.0,nan,nan,nan
matmult_imp_stage2_s2_sth2_l2_ddr4_1x,matmult,imp,s2_sth2,l2,ddr4_1x,0.001251,1251196218.0,7397876.0,3757346.0,1.968912,1159619.0,2139308.0,3402.0,1078491.0,nan,nan,nan,5038.0,2004.0,3.0
matmult_imp_stage2_s2_sth2_l2_ddr4_2x,matmult,imp,s2_sth2,l2,ddr4_2x,0.001244,1244368386.0,7397871.0,3736842.0,1.979714,1157578.0,2139679.0,3370.0,1078011.0,nan,nan,nan,4949.0,2004.0,3.0
matmult_imp_stage2_s2_sth8_l1d_ddr4_1x,matmult,imp,s2_sth8,l1d,ddr4_1x,0.001273,1273126266.0,7397871.0,3823202.0,1.934996,1152901.0,2139077.0,5469.0,1085366.0,59042.0,3625.0,7203.0,nan,nan,nan
matmult_imp_stage2_s2_sth8_l1d_ddr4_2x,matmult,imp,s2_sth8,l1d,ddr4_2x,0.001283,1283142906.0,7397876.0,3853282.0,1.919892,1154531.0,2137814.0,5350.0,1084018.0,64569.0,3719.0,6783.0,nan,nan,nan
matmult_imp_stage2_s2_sth8_l2_ddr4_1x,matmult,imp,s2_sth8,l2,ddr4_1x,0.001258,1258172235.0,7397876.0,3778295.0,1.957996,1158876.0,2139320.0,3531.0,1078165.0,nan,nan,nan,5187.0,1886.0,3.0
matmult_imp_stage2_s2_sth8_l2_ddr4_2x,matmult,imp,s2_sth8,l2,ddr4_2x,0.001248,1248375375.0,7397871.0,3748875.0,1.97336,1160146.0,2139733.0,3361.0,1078396.0,nan,nan,nan,4881.0,2016.0,3.0
matmult_imp_stage2_s8_dist32_addr8_l1d_ddr4_1x,matmult,imp,s8_dist32_addr8,l1d,ddr4_1x,0.001221,1220512599.0,7397871.0,3665203.0,2.018409,1149933.0,2138251.0,5466.0,1082484.0,36362.0,3741.0,5124.0,nan,nan,nan
matmult_imp_stage2_s8_dist32_addr8_l1d_ddr4_2x,matmult,imp,s8_dist32_addr8,l1d,ddr4_2x,0.001228,1227824280.0,7397876.0,3687160.0,2.006391,1151258.0,2140070.0,5363.0,1084311.0,37537.0,4166.0,5903.0,nan,nan,nan
matmult_imp_stage2_s8_dist32_addr8_l2_ddr4_1x,matmult,imp,s8_dist32_addr8,l2,ddr4_1x,0.001239,1238710716.0,7397871.0,3719852.0,1.988757,1159070.0,2139187.0,2213.0,1078265.0,nan,nan,nan,6188.0,3186.0,13.0
matmult_imp_stage2_s8_dist32_addr8_l2_ddr4_2x,matmult,imp,s8_dist32_addr8,l2,ddr4_2x,0.001222,1222109667.0,7397871.0,3669999.0,2.015772,1157799.0,2138385.0,2222.0,1077359.0,nan,nan,nan,6699.0,3173.0,9.0
matmult_imp_stage2_s8_dist8_addr8_l1d_ddr4_1x,matmult,imp,s8_dist8_addr8,l1d,ddr4_1x,0.001221,1220512599.0,7397871.0,3665203.0,2.018409,1149933.0,2138251.0,5466.0,1082484.0,36362.0,3741.0,5124.0,nan,nan,nan
matmult_imp_stage2_s8_dist8_addr8_l1d_ddr4_2x,matmult,imp,s8_dist8_addr8,l1d,ddr4_2x,0.001228,1227824280.0,7397876.0,3687160.0,2.006391,1151258.0,2140070.0,5363.0,1084311.0,37537.0,4166.0,5903.0,nan,nan,nan
matmult_imp_stage2_s8_dist8_addr8_l2_ddr4_1x,matmult,imp,s8_dist8_addr8,l2,ddr4_1x,0.001239,1238710716.0,7397871.0,3719852.0,1.988757,1159070.0,2139187.0,2213.0,1078265.0,nan,nan,nan,6188.0,3186.0,13.0
matmult_imp_stage2_s8_dist8_addr8_l2_ddr4_2x,matmult,imp,s8_dist8_addr8,l2,ddr4_2x,0.001222,1222109667.0,7397871.0,3669999.0,2.015772,1157799.0,2138385.0,2222.0,1077359.0,nan,nan,nan,6699.0,3173.0,9.0
matmult_imp_stage2_s8_ipd16_addr16_l1d_ddr4_1x,matmult,imp,s8_ipd16_addr16,l1d,ddr4_1x,0.001221,1220512599.0,7397871.0,3665203.0,2.018409,1149933.0,2138251.0,5466.0,1082484.0,36362.0,3741.0,5124.0,nan,nan,nan
matmult_imp_stage2_s8_ipd16_addr16_l1d_ddr4_2x,matmult,imp,s8_ipd16_addr16,l1d,ddr4_2x,0.001228,1227824280.0,7397876.0,3687160.0,2.006391,1151258.0,2140070.0,5363.0,1084311.0,37537.0,4166.0,5903.0,nan,nan,nan
matmult_imp_stage2_s8_ipd16_addr16_l2_ddr4_1x,matmult,imp,s8_ipd16_addr16,l2,ddr4_1x,0.001239,1238710716.0,7397871.0,3719852.0,1.988757,1159070.0,2139187.0,2213.0,1078265.0,nan,nan,nan,6188.0,3186.0,13.0
matmult_imp_stage2_s8_ipd16_addr16_l2_ddr4_2x,matmult,imp,s8_ipd16_addr16,l2,ddr4_2x,0.001222,1222109667.0,7397871.0,3669999.0,2.015772,1157799.0,2138385.0,2222.0,1077359.0,nan,nan,nan,6699.0,3173.0,9.0
matmult_imp_stage2_s8_ipd16_pt32_l1d_ddr4_1x,matmult,imp,s8_ipd16_pt32,l1d,ddr4_1x,0.001221,1220512599.0,7397871.0,3665203.0,2.018409,1149933.0,2138251.0,5466.0,1082484.0,36362.0,3741.0,5124.0,nan,nan,nan
matmult_imp_stage2_s8_ipd16_pt32_l1d_ddr4_2x,matmult,imp,s8_ipd16_pt32,l1d,ddr4_2x,0.001228,1227824280.0,7397876.0,3687160.0,2.006391,1151258.0,2140070.0,5363.0,1084311.0,37537.0,4166.0,5903.0,nan,nan,nan
matmult_imp_stage2_s8_ipd16_pt32_l2_ddr4_1x,matmult,imp,s8_ipd16_pt32,l2,ddr4_1x,0.001239,1238710716.0,7397871.0,3719852.0,1.988757,1159070.0,2139187.0,2213.0,1078265.0,nan,nan,nan,6188.0,3186.0,13.0
matmult_imp_stage2_s8_ipd16_pt32_l2_ddr4_2x,matmult,imp,s8_ipd16_pt32,l2,ddr4_2x,0.001222,1222109667.0,7397871.0,3669999.0,2.015772,1157799.0,2138385.0,2222.0,1077359.0,nan,nan,nan,6699.0,3173.0,9.0
matmult_imp_stage2_s8_ipd8_addr8_l1d_ddr4_1x,matmult,imp,s8_ipd8_addr8,l1d,ddr4_1x,0.001221,1220512599.0,7397871.0,3665203.0,2.018409,1149933.0,2138251.0,5466.0,1082484.0,36362.0,3741.0,5124.0,nan,nan,nan
matmult_imp_stage2_s8_ipd8_addr8_l1d_ddr4_2x,matmult,imp,s8_ipd8_addr8,l1d,ddr4_2x,0.001228,1227824280.0,7397876.0,3687160.0,2.006391,1151258.0,2140070.0,5363.0,1084311.0,37537.0,4166.0,5903.0,nan,nan,nan
matmult_imp_stage2_s8_ipd8_addr8_l2_ddr4_1x,matmult,imp,s8_ipd8_addr8,l2,ddr4_1x,0.001239,1238710716.0,7397871.0,3719852.0,1.988757,1159070.0,2139187.0,2213.0,1078265.0,nan,nan,nan,6188.0,3186.0,13.0
matmult_imp_stage2_s8_ipd8_addr8_l2_ddr4_2x,matmult,imp,s8_ipd8_addr8,l2,ddr4_2x,0.001222,1222109667.0,7397871.0,3669999.0,2.015772,1157799.0,2138385.0,2222.0,1077359.0,nan,nan,nan,6699.0,3173.0,9.0
matmult_imp_stage2_s8_l1d_ddr4_1x,matmult,imp,s8,l1d,ddr4_1x,0.001221,1220512599.0,7397871.0,3665203.0,2.018409,1149933.0,2138251.0,5466.0,1082484.0,36362.0,3741.0,5124.0,nan,nan,nan
matmult_imp_stage2_s8_l1d_ddr4_2x,matmult,imp,s8,l1d,ddr4_2x,0.001228,1227824280.0,7397876.0,3687160.0,2.006391,1151258.0,2140070.0,5363.0,1084311.0,37537.0,4166.0,5903.0,nan,nan,nan
matmult_imp_stage2_s8_l2_ddr4_1x,matmult,imp,s8,l2,ddr4_1x,0.001239,1238710716.0,7397871.0,3719852.0,1.988757,1159070.0,2139187.0,2213.0,1078265.0,nan,nan,nan,6188.0,3186.0,13.0
matmult_imp_stage2_s8_l2_ddr4_2x,matmult,imp,s8,l2,ddr4_2x,0.001222,1222109667.0,7397871.0,3669999.0,2.015772,1157799.0,2138385.0,2222.0,1077359.0,nan,nan,nan,6699.0,3173.0,9.0
matmult_imp_stage2_s8_pt8_sth2_l1d_ddr4_1x,matmult,imp,s8_pt8_sth2,l1d,ddr4_1x,0.00122,1220086026.0,7397871.0,3663922.0,2.019115,1151248.0,2138774.0,5474.0,1084645.0,38881.0,4221.0,6588.0,nan,nan,nan
matmult_imp_stage2_s8_pt8_sth2_l1d_ddr4_2x,matmult,imp,s8_pt8_sth2,l1d,ddr4_2x,0.001233,1233064035.0,7397876.0,3702895.0,1.997865,1150573.0,2139931.0,5366.0,1084487.0,39085.0,4067.0,6154.0,nan,nan,nan
matmult_imp_stage2_s8_pt8_sth2_l2_ddr4_1x,matmult,imp,s8_pt8_sth2,l2,ddr4_1x,0.001234,1233896868.0,7397871.0,3705396.0,1.996515,1158259.0,2138628.0,2228.0,1077683.0,nan,nan,nan,6624.0,3161.0,14.0
matmult_imp_stage2_s8_pt8_sth2_l2_ddr4_2x,matmult,imp,s8_pt8_sth2,l2,ddr4_2x,0.001222,1222260849.0,7397876.0,3670453.0,2.015524,1160395.0,2139416.0,2175.0,1078284.0,nan,nan,nan,6087.0,3203.0,14.0
matmult_imp_stage2_s8_pt8_sth8_l1d_ddr4_1x,matmult,imp,s8_pt8_sth8,l1d,ddr4_1x,0.001221,1221203907.0,7397871.0,3667279.0,2.017267,1148949.0,2137730.0,5458.0,1082773.0,36599.0,4235.0,5421.0,nan,nan,nan
matmult_imp_stage2_s8_pt8_sth8_l1d_ddr4_2x,matmult,imp,s8_pt8_sth8,l1d,ddr4_2x,0.001229,1228864239.0,7397871.0,3690283.0,2.004692,1150474.0,2138832.0,5360.0,1083826.0,37152.0,3983.0,6123.0,nan,nan,nan
matmult_imp_stage2_s8_pt8_sth8_l2_ddr4_1x,matmult,imp,s8_pt8_sth8,l2,ddr4_1x,0.001252,1251531549.0,7397876.0,3758353.0,1.968385,1159156.0,2139141.0,2196.0,1078284.0,nan,nan,nan,5948.0,3189.0,12.0
matmult_imp_stage2_s8_pt8_sth8_l2_ddr4_2x,matmult,imp,s8_pt8_sth8,l2,ddr4_2x,0.001229,1229334435.0,7397871.0,3691695.0,2.003925,1159033.0,2138698.0,2188.0,1077652.0,nan,nan,nan,6131.0,3198.0,4.0
matmult_imp_stage2_s8_sth2_l1d_ddr4_1x,matmult,imp,s8_sth2,l1d,ddr4_1x,0.00122,1220086026.0,7397871.0,3663922.0,2.019115,1151248.0,2138774.0,5474.0,1084645.0,38881.0,4221.0,6588.0,nan,nan,nan
matmult_imp_stage2_s8_sth2_l1d_ddr4_2x,matmult,imp,s8_sth2,l1d,ddr4_2x,0.001233,1233064035.0,7397876.0,3702895.0,1.997865,1150573.0,2139931.0,5366.0,1084487.0,39085.0,4067.0,6154.0,nan,nan,nan
matmult_imp_stage2_s8_sth2_l2_ddr4_1x,matmult,imp,s8_sth2,l2,ddr4_1x,0.001232,1231501932.0,7397871.0,3698204.0,2.000398,1157853.0,2137540.0,2230.0,1076640.0,nan,nan,nan,6407.0,3181.0,15.0
matmult_imp_stage2_s8_sth2_l2_ddr4_2x,matmult,imp,s8_sth2,l2,ddr4_2x,0.001222,1222260849.0,7397876.0,3670453.0,2.015524,1160395.0,2139416.0,2175.0,1078284.0,nan,nan,nan,6087.0,3203.0,14.0
matmult_imp_stage2_s8_sth8_l1d_ddr4_1x,matmult,imp,s8_sth8,l1d,ddr4_1x,0.001221,1221203907.0,7397871.0,3667279.0,2.017267,1148949.0,2137730.0,5458.0,1082773.0,36599.0,4235.0,5421.0,nan,nan,nan
matmult_imp_stage2_s8_sth8_l1d_ddr4_2x,matmult,imp,s8_sth8,l1d,ddr4_2x,0.001229,1228864239.0,7397871.0,3690283.0,2.004692,1150474.0,2138832.0,5360.0,1083826.0,37152.0,3983.0,6123.0,nan,nan,nan
matmult_imp_stage2_s8_sth8_l2_ddr4_1x,matmult,imp,s8_sth8,l2,ddr4_1x,0.001252,1251531549.0,7397876.0,3758353.0,1.968385,1159156.0,2139141.0,2196.0,1078284.0,nan,nan,nan,5948.0,3189.0,12.0
matmult_imp_stage2_s8_sth8_l2_ddr4_2x,matmult,imp,s8_sth8,l2,ddr4_2x,0.001229,1229334435.0,7397871.0,3691695.0,2.003925,1159033.0,2138698.0,2188.0,1077652.0,nan,nan,nan,6131.0,3198.0,4.0
merge_imp_stage2_aggr_s16_sth2_d32_ipd16_addr16_l1d_ddr4_1x,merge,imp,aggr_s16_sth2_d32_ipd16_addr16,l1d,ddr4_1x,0.01004,10039850100.0,37919552.0,30149700.0,1.25771,775213.0,10970799.0,73558.0,211999.0,214948.0,75417.0,5703.0,nan,nan,nan
merge_imp_stage2_aggr_s16_sth2_d32_ipd16_addr16_l1d_ddr4_2x,merge,imp,aggr_s16_sth2_d32_ipd16_addr16,l1d,ddr4_2x,0.009993,9993063600.0,37918834.0,30009200.0,1.263575,768582.0,10970392.0,73579.0,211892.0,214107.0,75861.0,5650.0,nan,nan,nan
merge_imp_stage2_aggr_s16_sth2_d32_ipd16_addr16_l2_ddr4_1x,merge,imp,aggr_s16_sth2_d32_ipd16_addr16,l2,ddr4_1x,0.010354,10353733569.0,37919514.0,31092293.0,1.219581,865508.0,11117458.0,19237.0,201371.0,nan,nan,nan,99954.0,52928.0,324.0
merge_imp_stage2_aggr_s16_sth2_d32_ipd16_addr16_l2_ddr4_2x,merge,imp,aggr_s16_sth2_d32_ipd16_addr16,l2,ddr4_2x,0.010224,10223971461.0,37919511.0,30702617.0,1.235059,866074.0,11117249.0,15807.0,201423.0,nan,nan,nan,99038.0,56412.0,322.0
merge_imp_stage2_aggr_s16_sth2_d32_ipd16_l1d_ddr4_1x,merge,imp,aggr_s16_sth2_d32_ipd16,l1d,ddr4_1x,0.01004,10039850100.0,37919552.0,30149700.0,1.25771,775213.0,10970799.0,73558.0,211999.0,214948.0,75417.0,5703.0,nan,nan,nan
merge_imp_stage2_aggr_s16_sth2_d32_ipd16_l1d_ddr4_2x,merge,imp,aggr_s16_sth2_d32_ipd16,l1d,ddr4_2x,0.009993,9993063600.0,37918834.0,30009200.0,1.263575,768582.0,10970392.0,73579.0,211892.0,214107.0,75861.0,5650.0,nan,nan,nan
merge_imp_stage2_aggr_s16_sth2_d32_ipd16_l2_ddr4_1x,merge,imp,aggr_s16_sth2_d32_ipd16,l2,ddr4_1x,0.010354,10353733569.0,37919514.0,31092293.0,1.219581,865508.0,11117458.0,19237.0,201371.0,nan,nan,nan,99954.0,52928.0,324.0
merge_imp_stage2_aggr_s16_sth2_d32_ipd16_l2_ddr4_2x,merge,imp,aggr_s16_sth2_d32_ipd16,l2,ddr4_2x,0.010224,10223971461.0,37919511.0,30702617.0,1.235059,866074.0,11117249.0,15807.0,201423.0,nan,nan,nan,99038.0,56412.0,322.0
merge_imp_stage2_cons_s2_sth8_pt8_l1d_ddr4_1x,merge,imp,cons_s2_sth8_pt8,l1d,ddr4_1x,0.010622,10622019015.0,37919536.0,31897955.0,1.188778,915134.0,11059292.0,72278.0,203464.0,281107.0,37855.0,715.0,nan,nan,nan
merge_imp_stage2_cons_s2_sth8_pt8_l1d_ddr4_2x,merge,imp,cons_s2_sth8_pt8,l1d,ddr4_2x,0.010641,10641042306.0,37919508.0,31955082.0,1.186652,912824.0,11056537.0,72288.0,203460.0,275068.0,37737.0,712.0,nan,nan,nan
merge_imp_stage2_cons_s2_sth8_pt8_l2_ddr4_1x,merge,imp,cons_s2_sth8_pt8,l2,ddr4_1x,0.010839,10838800350.0,37919517.0,32548950.0,1.165001,950954.0,11169157.0,44570.0,201548.0,nan,nan,nan,83183.0,27614.0,68.0
merge_imp_stage2_cons_s2_sth8_pt8_l2_ddr4_2x,merge,imp,cons_s2_sth8_pt8,l2,ddr4_2x,0.010781,10780750791.0,37919536.0,32374627.0,1.171275,945783.0,11165407.0,44452.0,201552.0,nan,nan,nan,82982.0,27739.0,64.0
merge_imp_stage2_cons_s8_sth8_pt8_ipd8_l1d_ddr4_1x,merge,imp,cons_s8_sth8_pt8_ipd8,l1d,ddr4_1x,0.010168,10168030458.0,37919548.0,30534626.0,1.241855,803261.0,10989565.0,72884.0,207671.0,234311.0,65695.0,3200.0,nan,nan,nan
merge_imp_stage2_cons_s8_sth8_pt8_ipd8_l1d_ddr4_2x,merge,imp,cons_s8_sth8_pt8_ipd8,l1d,ddr4_2x,0.010146,10145771406.0,37919511.0,30467782.0,1.244579,788448.0,10989158.0,72897.0,207609.0,212815.0,68566.0,3159.0,nan,nan,nan
merge_imp_stage2_cons_s8_sth8_pt8_ipd8_l2_ddr4_1x,merge,imp,cons_s8_sth8_pt8_ipd8,l2,ddr4_1x,0.010496,10495840986.0,37919517.0,31519042.0,1.203068,889889.0,11128443.0,23059.0,201539.0,nan,nan,nan,114516.0,49250.0,205.0
merge_imp_stage2_cons_s8_sth8_pt8_ipd8_l2_ddr4_2x,merge,imp,cons_s8_sth8_pt8_ipd8,l2,ddr4_2x,0.010388,10387933002.0,37919573.0,31194994.0,1.215567,887563.0,11127546.0,21180.0,201522.0,nan,nan,nan,106994.0,51116.0,213.0
merge_imp_stage2_default_l1d_ddr4_1x,merge,imp,default,l1d,ddr4_1x,0.010348,10347640668.0,37919492.0,31073996.0,1.220298,868812.0,11018157.0,72551.0,205645.0,277970.0,49805.0,1784.0,nan,nan,nan
merge_imp_stage2_default_l1d_ddr4_2x,merge,imp,default,l1d,ddr4_2x,0.010338,10338121530.0,37919517.0,31045410.0,1.221422,864072.0,11016300.0,72578.0,205657.0,270250.0,50094.0,1786.0,nan,nan,nan
merge_imp_stage2_default_l2_ddr4_1x,merge,imp,default,l2,ddr4_1x,0.010657,10656774558.0,37919539.0,32002326.0,1.184901,915009.0,11146230.0,30946.0,201508.0,nan,nan,nan,105059.0,41293.0,149.0
merge_imp_stage2_default_l2_ddr4_2x,merge,imp,default,l2,ddr4_2x,0.010555,10555130637.0,37919539.0,31697089.0,1.196311,911119.0,11144438.0,30339.0,201512.0,nan,nan,nan,102852.0,41906.0,160.0
merge_imp_stage2_s16_dist32_addr16_l1d_ddr4_1x,merge,imp,s16_dist32_addr16,l1d,ddr4_1x,0.010037,10037417868.0,37919489.0,30142396.0,1.258013,776026.0,10971648.0,73528.0,211815.0,217822.0,74992.0,5608.0,nan,nan,nan
merge_imp_stage2_s16_dist32_addr16_l1d_ddr4_2x,merge,imp,s16_dist32_addr16,l1d,ddr4_2x,0.009995,9994958703.0,37918834.0,30014891.0,1.263335,767808.0,10970706.0,73495.0,211658.0,213024.0,76012.0,5513.0,nan,nan,nan
merge_imp_stage2_s16_dist32_addr16_l2_ddr4_1x,merge,imp,s16_dist32_addr16,l2,ddr4_1x,0.010353,10353499137.0,37919539.0,31091589.0,1.219609,865516.0,11117479.0,19246.0,201370.0,nan,nan,nan,99914.0,52918.0,300.0
merge_imp_stage2_s16_dist32_addr16_l2_ddr4_2x,merge,imp,s16_dist32_addr16,l2,ddr4_2x,0.010224,10223847585.0,37919467.0,30702245.0,1.235073,866082.0,11117254.0,15815.0,201421.0,nan,nan,nan,98998.0,56402.0,298.0
merge_imp_stage2_s16_dist8_addr16_l1d_ddr4_1x,merge,imp,s16_dist8_addr16,l1d,ddr4_1x,0.010037,10037417868.0,37919489.0,30142396.0,1.258013,776026.0,10971648.0,73528.0,211815.0,217822.0,74992.0,5608.0,nan,nan,nan
merge_imp_stage2_s16_dist8_addr16_l1d_ddr4_2x,merge,imp,s16_dist8_addr16,l1d,ddr4_2x,0.009995,9994958703.0,37918834.0,30014891.0,1.263335,767808.0,10970706.0,73495.0,211658.0,213024.0,76012.0,5513.0,nan,nan,nan
merge_imp_stage2_s16_dist8_addr16_l2_ddr4_1x,merge,imp,s16_dist8_addr16,l2,ddr4_1x,0.010353,10353499137.0,37919539.0,31091589.0,1.219609,865516.0,11117479.0,19246.0,201370.0,nan,nan,nan,99914.0,52918.0,300.0
merge_imp_stage2_s16_dist8_addr16_l2_ddr4_2x,merge,imp,s16_dist8_addr16,l2,ddr4_2x,0.010224,10223847585.0,37919467.0,30702245.0,1.235073,866082.0,11117254.0,15815.0,201421.0,nan,nan,nan,98998.0,56402.0,298.0
merge_imp_stage2_s16_ipd16_addr16_l1d_ddr4_1x,merge,imp,s16_ipd16_addr16,l1d,ddr4_1x,0.010037,10037417868.0,37919489.0,30142396.0,1.258013,776026.0,10971648.0,73528.0,211815.0,217822.0,74992.0,5608.0,nan,nan,nan
merge_imp_stage2_s16_ipd16_addr16_l1d_ddr4_2x,merge,imp,s16_ipd16_addr16,l1d,ddr4_2x,0.009995,9994958703.0,37918834.0,30014891.0,1.263335,767808.0,10970706.0,73495.0,211658.0,213024.0,76012.0,5513.0,nan,nan,nan
merge_imp_stage2_s16_ipd16_addr16_l2_ddr4_1x,merge,imp,s16_ipd16_addr16,l2,ddr4_1x,0.010353,10353499137.0,37919539.0,31091589.0,1.219609,865516.0,11117479.0,19246.0,201370.0,nan,nan,nan,99914.0,52918.0,300.0
merge_imp_stage2_s16_ipd16_addr16_l2_ddr4_2x,merge,imp,s16_ipd16_addr16,l2,ddr4_2x,0.010224,10223847585.0,37919467.0,30702245.0,1.235073,866082.0,11117254.0,15815.0,201421.0,nan,nan,nan,98998.0,56402.0,298.0
merge_imp_stage2_s16_ipd16_pt32_l1d_ddr4_1x,merge,imp,s16_ipd16_pt32,l1d,ddr4_1x,0.010037,10037417868.0,37919489.0,30142396.0,1.258013,776026.0,10971648.0,73528.0,211815.0,217822.0,74992.0,5608.0,nan,nan,nan
merge_imp_stage2_s16_ipd16_pt32_l1d_ddr4_2x,merge,imp,s16_ipd16_pt32,l1d,ddr4_2x,0.009995,9994958703.0,37918834.0,30014891.0,1.263335,767808.0,10970706.0,73495.0,211658.0,213024.0,76012.0,5513.0,nan,nan,nan
merge_imp_stage2_s16_ipd16_pt32_l2_ddr4_1x,merge,imp,s16_ipd16_pt32,l2,ddr4_1x,0.010353,10353499137.0,37919539.0,31091589.0,1.219609,865516.0,11117479.0,19246.0,201370.0,nan,nan,nan,99914.0,52918.0,300.0
merge_imp_stage2_s16_ipd16_pt32_l2_ddr4_2x,merge,imp,s16_ipd16_pt32,l2,ddr4_2x,0.010224,10223847585.0,37919467.0,30702245.0,1.235073,866082.0,11117254.0,15815.0,201421.0,nan,nan,nan,98998.0,56402.0,298.0
merge_imp_stage2_s16_ipd8_addr8_l1d_ddr4_1x,merge,imp,s16_ipd8_addr8,l1d,ddr4_1x,0.010037,10037417868.0,37919489.0,30142396.0,1.258013,776026.0,10971648.0,73528.0,211815.0,217822.0,74992.0,5608.0,nan,nan,nan
merge_imp_stage2_s16_ipd8_addr8_l1d_ddr4_2x,merge,imp,s16_ipd8_addr8,l1d,ddr4_2x,0.009995,9994958703.0,37918834.0,30014891.0,1.263335,767808.0,10970706.0,73495.0,211658.0,213024.0,76012.0,5513.0,nan,nan,nan
merge_imp_stage2_s16_ipd8_addr8_l2_ddr4_1x,merge,imp,s16_ipd8_addr8,l2,ddr4_1x,0.010353,10353499137.0,37919539.0,31091589.0,1.219609,865516.0,11117479.0,19246.0,201370.0,nan,nan,nan,99914.0,52918.0,300.0
merge_imp_stage2_s16_ipd8_addr8_l2_ddr4_2x,merge,imp,s16_ipd8_addr8,l2,ddr4_2x,0.010224,10223847585.0,37919467.0,30702245.0,1.235073,866082.0,11117254.0,15815.0,201421.0,nan,nan,nan,98998.0,56402.0,298.0
merge_imp_stage2_s16_l1d_ddr4_1x,merge,imp,s16,l1d,ddr4_1x,0.010037,10037417868.0,37919489.0,30142396.0,1.258013,776026.0,10971648.0,73528.0,211815.0,217822.0,74992.0,5608.0,nan,nan,nan
merge_imp_stage2_s16_l1d_ddr4_2x,merge,imp,s16,l1d,ddr4_2x,0.009995,9994958703.0,37918834.0,30014891.0,1.263335,767808.0,10970706.0,73495.0,211658.0,213024.0,76012.0,5513.0,nan,nan,nan
merge_imp_stage2_s16_l2_ddr4_1x,merge,imp,s16,l2,ddr4_1x,0.010353,10353499137.0,37919539.0,31091589.0,1.219609,865516.0,11117479.0,19246.0,201370.0,nan,nan,nan,99914.0,52918.0,300.0
merge_imp_stage2_s16_l2_ddr4_2x,merge,imp,s16,l2,ddr4_2x,0.010224,10223847585.0,37919467.0,30702245.0,1.235073,866082.0,11117254.0,15815.0,201421.0,nan,nan,nan,98998.0,56402.0,298.0
merge_imp_stage2_s16_pt8_sth2_l1d_ddr4_1x,merge,imp,s16_pt8_sth2,l1d,ddr4_1x,0.010037,10036986966.0,37919508.0,30141102.0,1.258068,776354.0,10970742.0,73234.0,210956.0,213931.0,74664.0,5187.0,nan,nan,nan
merge_imp_stage2_s16_pt8_sth2_l1d_ddr4_2x,merge,imp,s16_pt8_sth2,l1d,ddr4_2x,0.009996,9996347646.0,37918829.0,30019062.0,1.26316,766519.0,10970762.0,73184.0,210833.0,210156.0,75788.0,5130.0,nan,nan,nan
merge_imp_stage2_s16_pt8_sth2_l2_ddr4_1x,merge,imp,s16_pt8_sth2,l2,ddr4_1x,0.010353,10352683953.0,37919564.0,31089141.0,1.219706,865696.0,11117456.0,19542.0,201335.0,nan,nan,nan,100738.0,52586.0,305.0
merge_imp_stage2_s16_pt8_sth2_l2_ddr4_2x,merge,imp,s16_pt8_sth2,l2,ddr4_2x,0.010226,10225571526.0,37919464.0,30707422.0,1.234865,866274.0,11117200.0,15901.0,201437.0,nan,nan,nan,99191.0,56329.0,304.0
merge_imp_stage2_s16_pt8_sth8_l1d_ddr4_1x,merge,imp,s16_pt8_sth8,l1d,ddr4_1x,0.010035,10034701587.0,37919536.0,30134239.0,1.258355,773620.0,10971739.0,73194.0,210652.0,208908.0,74955.0,5080.0,nan,nan,nan
merge_imp_stage2_s16_pt8_sth8_l1d_ddr4_2x,merge,imp,s16_pt8_sth8,l1d,ddr4_2x,0.00999,9990228771.0,37918834.0,30000687.0,1.263934,768116.0,10970967.0,73145.0,210512.0,205334.0,75336.0,4993.0,nan,nan,nan
merge_imp_stage2_s16_pt8_sth8_l2_ddr4_1x,merge,imp,s16_pt8_sth8,l2,ddr4_1x,0.010354,10353553749.0,37919536.0,31091753.0,1.219602,865909.0,11115552.0,19760.0,201427.0,nan,nan,nan,99067.0,52401.0,218.0
merge_imp_stage2_s16_pt8_sth8_l2_ddr4_2x,merge,imp,s16_pt8_sth8,l2,ddr4_2x,0.010224,10224203229.0,37919492.0,30703313.0,1.235031,866788.0,11115358.0,16038.0,201482.0,nan,nan,nan,99266.0,56185.0,249.0
merge_imp_stage2_s16_sth2_l1d_ddr4_1x,merge,imp,s16_sth2,l1d,ddr4_1x,0.01004,10039850100.0,37919552.0,30149700.0,1.25771,775213.0,10970799.0,73558.0,211999.0,214948.0,75417.0,5703.0,nan,nan,nan
merge_imp_stage2_s16_sth2_l1d_ddr4_2x,merge,imp,s16_sth2,l1d,ddr4_2x,0.009993,9993063600.0,37918834.0,30009200.0,1.263575,768582.0,10970392.0,73579.0,211892.0,214107.0,75861.0,5650.0,nan,nan,nan
merge_imp_stage2_s16_sth2_l2_ddr4_1x,merge,imp,s16_sth2,l2,ddr4_1x,0.010354,10353733569.0,37919514.0,31092293.0,1.219581,865508.0,11117458.0,19237.0,201371.0,nan,nan,nan,99954.0,52928.0,324.0
merge_imp_stage2_s16_sth2_l2_ddr4_2x,merge,imp,s16_sth2,l2,ddr4_2x,0.010224,10223971461.0,37919511.0,30702617.0,1.235059,866074.0,11117249.0,15807.0,201423.0,nan,nan,nan,99038.0,56412.0,322.0
merge_imp_stage2_s16_sth8_l1d_ddr4_1x,merge,imp,s16_sth8,l1d,ddr4_1x,0.010041,10041322626.0,37919489.0,30154122.0,1.257524,774544.0,10970587.0,73379.0,211506.0,216075.0,75474.0,5409.0,nan,nan,nan
merge_imp_stage2_s16_sth8_l1d_ddr4_2x,merge,imp,s16_sth8,l1d,ddr4_2x,0.00999,9990264735.0,37918829.0,30000795.0,1.263929,770031.0,10969702.0,73471.0,211544.0,211735.0,75396.0,5471.0,nan,nan,nan
merge_imp_stage2_s16_sth8_l2_ddr4_1x,merge,imp,s16_sth8,l2,ddr4_1x,0.010353,10353423546.0,37919539.0,31091362.0,1.219618,865472.0,11117547.0,19425.0,201361.0,nan,nan,nan,99651.0,52731.0,282.0
merge_imp_stage2_s16_sth8_l2_ddr4_2x,merge,imp,s16_sth8,l2,ddr4_2x,0.010227,10226989773.0,37919492.0,30711681.0,1.234694,866354.0,11117284.0,15787.0,201418.0,nan,nan,nan,98457.0,56426.0,262.0
merge_imp_stage2_s2_l1d_ddr4_1x,merge,imp,s2,l1d,ddr4_1x,0.010594,10593793602.0,37919489.0,31813194.0,1.191944,913154.0,11058707.0,72319.0,203844.0,283292.0,38802.0,942.0,nan,nan,nan
merge_imp_stage2_s2_l1d_ddr4_2x,merge,imp,s2,l1d,ddr4_2x,0.010602,10601639082.0,37919539.0,31836754.0,1.191063,910794.0,11056515.0,72324.0,203865.0,284127.0,38678.0,948.0,nan,nan,nan
merge_imp_stage2_s2_l2_ddr4_1x,merge,imp,s2,l2,ddr4_1x,0.010846,10846371771.0,37919536.0,32571687.0,1.164188,950903.0,11170780.0,44385.0,201480.0,nan,nan,nan,83098.0,27800.0,79.0
merge_imp_stage2_s2_l2_ddr4_2x,merge,imp,s2,l2,ddr4_2x,0.010782,10782208665.0,37919489.0,32379005.0,1.171115,946612.0,11167146.0,44653.0,201481.0,nan,nan,nan,83727.0,27532.0,76.0
merge_imp_stage2_s2_sth2_l1d_ddr4_1x,merge,imp,s2_sth2,l1d,ddr4_1x,0.010594,10593866529.0,37919564.0,31813413.0,1.191938,913180.0,11058715.0,72324.0,203845.0,286512.0,38797.0,950.0,nan,nan,nan
merge_imp_stage2_s2_sth2_l1d_ddr4_2x,merge,imp,s2_sth2,l1d,ddr4_2x,0.010602,10601602452.0,37919564.0,31836644.0,1.191068,910823.0,11056452.0,72328.0,203878.0,284373.0,38678.0,960.0,nan,nan,nan
merge_imp_stage2_s2_sth2_l2_ddr4_1x,merge,imp,s2_sth2,l2,ddr4_1x,0.010846,10846295514.0,37919536.0,32571458.0,1.164197,950883.0,11170818.0,44388.0,201479.0,nan,nan,nan,83131.0,27796.0,83.0
merge_imp_stage2_s2_sth2_l2_ddr4_2x,merge,imp,s2_sth2,l2,ddr4_2x,0.010782,10782142398.0,37919461.0,32378806.0,1.171121,946604.0,11167155.0,44649.0,201478.0,nan,nan,nan,83750.0,27533.0,80.0
merge_imp_stage2_s2_sth8_l1d_ddr4_1x,merge,imp,s2_sth8,l1d,ddr4_1x,0.010594,10593986076.0,37919564.0,31813772.0,1.191924,913226.0,11058768.0,72319.0,203849.0,286365.0,38812.0,936.0,nan,nan,nan
merge_imp_stage2_s2_sth8_l1d_ddr4_2x,merge,imp,s2_sth8,l1d,ddr4_2x,0.010597,10596888837.0,37919517.0,31822489.0,1.191596,910848.0,11056107.0,72314.0,203852.0,280304.0,38675.0,935.0,nan,nan,nan
merge_imp_stage2_s2_sth8_l2_ddr4_1x,merge,imp,s2_sth8,l2,ddr4_1x,0.010838,10838473011.0,37919517.0,32547967.0,1.165036,950693.0,11168773.0,44303.0,201548.0,nan,nan,nan,82980.0,27881.0,73.0
merge_imp_stage2_s2_sth8_l2_ddr4_2x,merge,imp,s2_sth8,l2,ddr4_2x,0.010777,10777450428.0,37919564.0,32364716.0,1.171634,945600.0,11165209.0,44298.0,201552.0,nan,nan,nan,82957.0,27893.0,72.0
merge_imp_stage2_s8_dist32_addr8_l1d_ddr4_1x,merge,imp,s8_dist32_addr8,l1d,ddr4_1x,0.010159,10159437060.0,37919492.0,30508820.0,1.242904,803007.0,10989127.0,73064.0,208488.0,239282.0,66653.0,3555.0,nan,nan,nan
merge_imp_stage2_s8_dist32_addr8_l1d_ddr4_2x,merge,imp,s8_dist32_addr8,l1d,ddr4_2x,0.010136,10135960227.0,37919492.0,30438319.0,1.245783,789419.0,10989085.0,73048.0,208447.0,220973.0,69022.0,3523.0,nan,nan,nan
merge_imp_stage2_s8_dist32_addr8_l2_ddr4_1x,merge,imp,s8_dist32_addr8,l2,ddr4_1x,0.010492,10492157007.0,37919564.0,31507979.0,1.203492,889988.0,11128384.0,22581.0,201519.0,nan,nan,nan,113643.0,49707.0,240.0
merge_imp_stage2_s8_dist32_addr8_l2_ddr4_2x,merge,imp,s8_dist32_addr8,l2,ddr4_2x,0.010384,10383627312.0,37919492.0,31182064.0,1.216069,887571.0,11127357.0,21159.0,201542.0,nan,nan,nan,108292.0,51154.0,227.0
merge_imp_stage2_s8_dist8_addr8_l1d_ddr4_1x,merge,imp,s8_dist8_addr8,l1d,ddr4_1x,0.010159,10159437060.0,37919492.0,30508820.0,1.242904,803007.0,10989127.0,73064.0,208488.0,239282.0,66653.0,3555.0,nan,nan,nan
merge_imp_stage2_s8_dist8_addr8_l1d_ddr4_2x,merge,imp,s8_dist8_addr8,l1d,ddr4_2x,0.010136,10135960227.0,37919492.0,30438319.0,1.245783,789419.0,10989085.0,73048.0,208447.0,220973.0,69022.0,3523.0,nan,nan,nan
merge_imp_stage2_s8_dist8_addr8_l2_ddr4_1x,merge,imp,s8_dist8_addr8,l2,ddr4_1x,0.010492,10492157007.0,37919564.0,31507979.0,1.203492,889988.0,11128384.0,22581.0,201519.0,nan,nan,nan,113643.0,49707.0,240.0
merge_imp_stage2_s8_dist8_addr8_l2_ddr4_2x,merge,imp,s8_dist8_addr8,l2,ddr4_2x,0.010384,10383627312.0,37919492.0,31182064.0,1.216069,887571.0,11127357.0,21159.0,201542.0,nan,nan,nan,108292.0,51154.0,227.0
merge_imp_stage2_s8_ipd16_addr16_l1d_ddr4_1x,merge,imp,s8_ipd16_addr16,l1d,ddr4_1x,0.010159,10159437060.0,37919492.0,30508820.0,1.242904,803007.0,10989127.0,73064.0,208488.0,239282.0,66653.0,3555.0,nan,nan,nan
merge_imp_stage2_s8_ipd16_addr16_l1d_ddr4_2x,merge,imp,s8_ipd16_addr16,l1d,ddr4_2x,0.010136,10135960227.0,37919492.0,30438319.0,1.245783,789419.0,10989085.0,73048.0,208447.0,220973.0,69022.0,3523.0,nan,nan,nan
merge_imp_stage2_s8_ipd16_addr16_l2_ddr4_1x,merge,imp,s8_ipd16_addr16,l2,ddr4_1x,0.010492,10492157007.0,37919564.0,31507979.0,1.203492,889988.0,11128384.0,22581.0,201519.0,nan,nan,nan,113643.0,49707.0,240.0
merge_imp_stage2_s8_ipd16_addr16_l2_ddr4_2x,merge,imp,s8_ipd16_addr16,l2,ddr4_2x,0.010384,10383627312.0,37919492.0,31182064.0,1.216069,887571.0,11127357.0,21159.0,201542.0,nan,nan,nan,108292.0,51154.0,227.0
merge_imp_stage2_s8_ipd16_pt32_l1d_ddr4_1x,merge,imp,s8_ipd16_pt32,l1d,ddr4_1x,0.010159,10159437060.0,37919492.0,30508820.0,1.242904,803007.0,10989127.0,73064.0,208488.0,239282.0,66653.0,3555.0,nan,nan,nan
merge_imp_stage2_s8_ipd16_pt32_l1d_ddr4_2x,merge,imp,s8_ipd16_pt32,l1d,ddr4_2x,0.010136,10135960227.0,37919492.0,30438319.0,1.245783,789419.0,10989085.0,73048.0,208447.0,220973.0,69022.0,3523.0,nan,nan,nan
merge_imp_stage2_s8_ipd16_pt32_l2_ddr4_1x,merge,imp,s8_ipd16_pt32,l2,ddr4_1x,0.010492,10492157007.0,37919564.0,31507979.0,1.203492,889988.0,11128384.0,22581.0,201519.0,nan,nan,nan,113643.0,49707.0,240.0
merge_imp_stage2_s8_ipd16_pt32_l2_ddr4_2x,merge,imp,s8_ipd16_pt32,l2,ddr4_2x,0.010384,10383627312.0,37919492.0,31182064.0,1.216069,887571.0,11127357.0,21159.0,201542.0,nan,nan,nan,108292.0,51154.0,227.0
merge_imp_stage2_s8_ipd8_addr8_l1d_ddr4_1x,merge,imp,s8_ipd8_addr8,l1d,ddr4_1x,0.010159,10159437060.0,37919492.0,30508820.0,1.242904,803007.0,10989127.0,73064.0,208488.0,239282.0,66653.0,3555.0,nan,nan,nan
merge_imp_stage2_s8_ipd8_addr8_l1d_ddr4_2x,merge,imp,s8_ipd8_addr8,l1d,ddr4_2x,0.010136,10135960227.0,37919492.0,30438319.0,1.245783,789419.0,10989085.0,73048.0,208447.0,220973.0,69022.0,3523.0,nan,nan,nan
merge_imp_stage2_s8_ipd8_addr8_l2_ddr4_1x,merge,imp,s8_ipd8_addr8,l2,ddr4_1x,0.010492,10492157007.0,37919564.0,31507979.0,1.203492,889988.0,11128384.0,22581.0,201519.0,nan,nan,nan,113643.0,49707.0,240.0
merge_imp_stage2_s8_ipd8_addr8_l2_ddr4_2x,merge,imp,s8_ipd8_addr8,l2,ddr4_2x,0.010384,10383627312.0,37919492.0,31182064.0,1.216069,887571.0,11127357.0,21159.0,201542.0,nan,nan,nan,108292.0,51154.0,227.0
merge_imp_stage2_s8_l1d_ddr4_1x,merge,imp,s8,l1d,ddr4_1x,0.010159,10159437060.0,37919492.0,30508820.0,1.242904,803007.0,10989127.0,73064.0,208488.0,239282.0,66653.0,3555.0,nan,nan,nan
merge_imp_stage2_s8_l1d_ddr4_2x,merge,imp,s8,l1d,ddr4_2x,0.010136,10135960227.0,37919492.0,30438319.0,1.245783,789419.0,10989085.0,73048.0,208447.0,220973.0,69022.0,3523.0,nan,nan,nan
merge_imp_stage2_s8_l2_ddr4_1x,merge,imp,s8,l2,ddr4_1x,0.010492,10492157007.0,37919564.0,31507979.0,1.203492,889988.0,11128384.0,22581.0,201519.0,nan,nan,nan,113643.0,49707.0,240.0
merge_imp_stage2_s8_l2_ddr4_2x,merge,imp,s8,l2,ddr4_2x,0.010384,10383627312.0,37919492.0,31182064.0,1.216069,887571.0,11127357.0,21159.0,201542.0,nan,nan,nan,108292.0,51154.0,227.0
merge_imp_stage2_s8_pt8_sth2_l1d_ddr4_1x,merge,imp,s8_pt8_sth2,l1d,ddr4_1x,0.010164,10164388770.0,37919539.0,30523690.0,1.2423,806585.0,10991699.0,72892.0,207858.0,255762.0,65306.0,3198.0,nan,nan,nan
merge_imp_stage2_s8_pt8_sth2_l1d_ddr4_2x,merge,imp,s8_pt8_sth2,l1d,ddr4_2x,0.010138,10137689496.0,37919511.0,30443512.0,1.245571,788561.0,10988699.0,72927.0,207974.0,217178.0,69097.0,3245.0,nan,nan,nan
merge_imp_stage2_s8_pt8_sth2_l2_ddr4_1x,merge,imp,s8_pt8_sth2,l2,ddr4_1x,0.010495,10495398096.0,37919517.0,31517712.0,1.203119,890374.0,11128203.0,22953.0,201542.0,nan,nan,nan,115692.0,49358.0,241.0
merge_imp_stage2_s8_pt8_sth2_l2_ddr4_2x,merge,imp,s8_pt8_sth2,l2,ddr4_2x,0.010378,10377573039.0,37919492.0,31163883.0,1.216778,887642.0,11127233.0,21095.0,201538.0,nan,nan,nan,107522.0,51205.0,250.0
merge_imp_stage2_s8_pt8_sth8_l1d_ddr4_1x,merge,imp,s8_pt8_sth8,l1d,ddr4_1x,0.010168,10168030458.0,37919548.0,30534626.0,1.241855,803261.0,10989565.0,72884.0,207671.0,234311.0,65695.0,3200.0,nan,nan,nan
merge_imp_stage2_s8_pt8_sth8_l1d_ddr4_2x,merge,imp,s8_pt8_sth8,l1d,ddr4_2x,0.010146,10145771406.0,37919511.0,30467782.0,1.244579,788448.0,10989158.0,72897.0,207609.0,212815.0,68566.0,3159.0,nan,nan,nan
merge_imp_stage2_s8_pt8_sth8_l2_ddr4_1x,merge,imp,s8_pt8_sth8,l2,ddr4_1x,0.010496,10495840986.0,37919517.0,31519042.0,1.203068,889889.0,11128443.0,23059.0,201539.0,nan,nan,nan,114516.0,49250.0,205.0
merge_imp_stage2_s8_pt8_sth8_l2_ddr4_2x,merge,imp,s8_pt8_sth8,l2,ddr4_2x,0.010388,10387933002.0,37919573.0,31194994.0,1.215567,887563.0,11127546.0,21180.0,201522.0,nan,nan,nan,106994.0,51116.0,213.0
merge_imp_stage2_s8_sth2_l1d_ddr4_1x,merge,imp,s8_sth2,l1d,ddr4_1x,0.010165,10165440051.0,37919467.0,30526847.0,1.242169,804149.0,10991388.0,73047.0,208805.0,230916.0,66232.0,3752.0,nan,nan,nan
merge_imp_stage2_s8_sth2_l1d_ddr4_2x,merge,imp,s8_sth2,l1d,ddr4_2x,0.010139,10139258259.0,37919492.0,30448223.0,1.245378,793197.0,10990716.0,73035.0,208384.0,221181.0,67938.0,3528.0,nan,nan,nan
merge_imp_stage2_s8_sth2_l2_ddr4_1x,merge,imp,s8_sth2,l2,ddr4_1x,0.010492,10492324506.0,37919564.0,31508482.0,1.203473,890010.0,11128255.0,22750.0,201527.0,nan,nan,nan,114299.0,49550.0,253.0
merge_imp_stage2_s8_sth2_l2_ddr4_2x,merge,imp,s8_sth2,l2,ddr4_2x,0.010383,10383462477.0,37919492.0,31181569.0,1.216088,887562.0,11127330.0,21147.0,201541.0,nan,nan,nan,108312.0,51165.0,243.0
merge_imp_stage2_s8_sth8_l1d_ddr4_1x,merge,imp,s8_sth8,l1d,ddr4_1x,0.010165,10165284540.0,37919467.0,30526380.0,1.242188,801560.0,10991389.0,72963.0,208311.0,233307.0,66674.0,3474.0,nan,nan,nan
merge_imp_stage2_s8_sth8_l1d_ddr4_2x,merge,imp,s8_sth8,l1d,ddr4_2x,0.010134,10134234288.0,37919492.0,30433136.0,1.245995,790138.0,10989259.0,73027.0,208558.0,223671.0,68884.0,3535.0,nan,nan,nan
merge_imp_stage2_s8_sth8_l2_ddr4_1x,merge,imp,s8_sth8,l2,ddr4_1x,0.010492,10492014483.0,37919517.0,31507551.0,1.203507,889895.0,11128328.0,22774.0,201525.0,nan,nan,nan,114247.0,49522.0,226.0
merge_imp_stage2_s8_sth8_l2_ddr4_2x,merge,imp,s8_sth8,l2,ddr4_2x,0.010384,10383816456.0,37919564.0,31182632.0,1.216049,887482.0,11127434.0,21194.0,201540.0,nan,nan,nan,108317.0,51119.0,226.0
quick_imp_stage2_aggr_s16_sth2_d32_ipd16_addr16_l1d_ddr4_1x,quick,imp,aggr_s16_sth2_d32_ipd16_addr16,l1d,ddr4_1x,0.008497,8497104723.0,24424718.0,25516831.0,0.957622,59160.0,9167416.0,28554.0,85487.0,166306.0,70318.0,1512.0,nan,nan,nan
quick_imp_stage2_aggr_s16_sth2_d32_ipd16_addr16_l1d_ddr4_2x,quick,imp,aggr_s16_sth2_d32_ipd16_addr16,l1d,ddr4_2x,0.00846,8459544654.0,24424723.0,25404038.0,0.961874,57597.0,9165998.0,28580.0,85433.0,163282.0,70405.0,1448.0,nan,nan,nan
quick_imp_stage2_aggr_s16_sth2_d32_ipd16_addr16_l2_ddr4_1x,quick,imp,aggr_s16_sth2_d32_ipd16_addr16,l2,ddr4_1x,0.008815,8814529980.0,24424718.0,26470060.0,0.923136,242700.0,9227056.0,3968.0,82818.0,nan,nan,nan,30166.0,24521.0,85.0
quick_imp_stage2_aggr_s16_sth2_d32_ipd16_addr16_l2_ddr4_2x,quick,imp,aggr_s16_sth2_d32_ipd16_addr16,l2,ddr4_2x,0.008729,8728624305.0,24424718.0,26212085.0,0.932222,240456.0,9225235.0,3987.0,82819.0,nan,nan,nan,30402.0,24503.0,85.0
quick_imp_stage2_aggr_s16_sth2_d32_ipd16_l1d_ddr4_1x,quick,imp,aggr_s16_sth2_d32_ipd16,l1d,ddr4_1x,0.008497,8497104723.0,24424718.0,25516831.0,0.957622,59160.0,9167416.0,28554.0,85487.0,166306.0,70318.0,1512.0,nan,nan,nan
quick_imp_stage2_aggr_s16_sth2_d32_ipd16_l1d_ddr4_2x,quick,imp,aggr_s16_sth2_d32_ipd16,l1d,ddr4_2x,0.00846,8459544654.0,24424723.0,25404038.0,0.961874,57597.0,9165998.0,28580.0,85433.0,163282.0,70405.0,1448.0,nan,nan,nan
quick_imp_stage2_aggr_s16_sth2_d32_ipd16_l2_ddr4_1x,quick,imp,aggr_s16_sth2_d32_ipd16,l2,ddr4_1x,0.008815,8814529980.0,24424718.0,26470060.0,0.923136,242700.0,9227056.0,3968.0,82818.0,nan,nan,nan,30166.0,24521.0,85.0
quick_imp_stage2_aggr_s16_sth2_d32_ipd16_l2_ddr4_2x,quick,imp,aggr_s16_sth2_d32_ipd16,l2,ddr4_2x,0.008729,8728624305.0,24424718.0,26212085.0,0.932222,240456.0,9225235.0,3987.0,82819.0,nan,nan,nan,30402.0,24503.0,85.0
quick_imp_stage2_cons_s2_sth8_pt8_l1d_ddr4_1x,quick,imp,cons_s2_sth8_pt8,l1d,ddr4_1x,0.00905,9049971969.0,24424723.0,27177093.0,0.899121,181688.0,9225463.0,28489.0,83105.0,208277.0,40037.0,124.0,nan,nan,nan
quick_imp_stage2_cons_s2_sth8_pt8_l1d_ddr4_2x,quick,imp,cons_s2_sth8_pt8,l1d,ddr4_2x,0.008995,8995362633.0,24424723.0,27013101.0,0.904579,178150.0,9223197.0,28491.0,83104.0,204808.0,40392.0,123.0,nan,nan,nan
quick_imp_stage2_cons_s2_sth8_pt8_l2_ddr4_1x,quick,imp,cons_s2_sth8_pt8,l2,ddr4_1x,0.009233,9233103321.0,24424723.0,27727037.0,0.881287,271287.0,9249025.0,14323.0,82825.0,nan,nan,nan,27142.0,14168.0,5.0
quick_imp_stage2_cons_s2_sth8_pt8_l2_ddr4_2x,quick,imp,cons_s2_sth8_pt8,l2,ddr4_2x,0.009137,9137081106.0,24424723.0,27438682.0,0.890549,271242.0,9248930.0,14154.0,82826.0,nan,nan,nan,26715.0,14340.0,6.0
quick_imp_stage2_cons_s8_sth8_pt8_ipd8_l1d_ddr4_1x,quick,imp,cons_s8_sth8_pt8_ipd8,l1d,ddr4_1x,0.008623,8623324044.0,24424718.0,25895868.0,0.943605,85342.0,9179065.0,28518.0,84512.0,169579.0,63346.0,959.0,nan,nan,nan
quick_imp_stage2_cons_s8_sth8_pt8_ipd8_l1d_ddr4_2x,quick,imp,cons_s8_sth8_pt8_ipd8,l1d,ddr4_2x,0.008586,8585656749.0,24424723.0,25782753.0,0.947745,84033.0,9178648.0,28526.0,84486.0,168370.0,63330.0,932.0,nan,nan,nan
quick_imp_stage2_cons_s8_sth8_pt8_ipd8_l2_ddr4_1x,quick,imp,cons_s8_sth8_pt8_ipd8,l2,ddr4_1x,0.008941,8940758625.0,24424723.0,26849125.0,0.910103,250094.0,9233024.0,6252.0,82825.0,nan,nan,nan,31963.0,22252.0,45.0
quick_imp_stage2_cons_s8_sth8_pt8_ipd8_l2_ddr4_2x,quick,imp,cons_s8_sth8_pt8_ipd8,l2,ddr4_2x,0.008851,8851323483.0,24424718.0,26580551.0,0.919299,247773.0,9231130.0,6250.0,82820.0,nan,nan,nan,31770.0,22251.0,45.0
quick_imp_stage2_default_l1d_ddr4_1x,quick,imp,default,l1d,ddr4_1x,0.008793,8793151380.0,24424718.0,26405860.0,0.925381,118676.0,9196508.0,28510.0,83811.0,180571.0,54939.0,492.0,nan,nan,nan
quick_imp_stage2_default_l1d_ddr4_2x,quick,imp,default,l1d,ddr4_2x,0.008745,8744824422.0,24424718.0,26260734.0,0.930495,116518.0,9195236.0,28508.0,83822.0,178412.0,54981.0,504.0,nan,nan,nan
quick_imp_stage2_default_l2_ddr4_1x,quick,imp,default,l2,ddr4_1x,0.00905,9049646628.0,24424718.0,27176116.0,0.899153,257535.0,9238310.0,9310.0,82822.0,nan,nan,nan,30844.0,19182.0,29.0
quick_imp_stage2_default_l2_ddr4_2x,quick,imp,default,l2,ddr4_2x,0.008962,8961787908.0,24424723.0,26912276.0,0.907968,256971.0,9237977.0,9317.0,82825.0,nan,nan,nan,30841.0,19180.0,27.0
quick_imp_stage2_s16_dist32_addr16_l1d_ddr4_1x,quick,imp,s16_dist32_addr16,l1d,ddr4_1x,0.008497,8497387440.0,24424723.0,25517680.0,0.95759,59414.0,9167049.0,28515.0,85137.0,165998.0,70140.0,1297.0,nan,nan,nan
quick_imp_stage2_s16_dist32_addr16_l1d_ddr4_2x,quick,imp,s16_dist32_addr16,l1d,ddr4_2x,0.008459,8459326872.0,24424732.0,25403384.0,0.961899,57720.0,9165808.0,28531.0,85108.0,162834.0,70256.0,1252.0,nan,nan,nan
quick_imp_stage2_s16_dist32_addr16_l2_ddr4_1x,quick,imp,s16_dist32_addr16,l2,ddr4_1x,0.008812,8812392453.0,24424718.0,26463641.0,0.92336,242742.0,9227157.0,3981.0,82820.0,nan,nan,nan,30092.0,24510.0,32.0
quick_imp_stage2_s16_dist32_addr16_l2_ddr4_2x,quick,imp,s16_dist32_addr16,l2,ddr4_2x,0.008729,8729331930.0,24424723.0,26214210.0,0.932146,240499.0,9225301.0,4006.0,82824.0,nan,nan,nan,30347.0,24489.0,32.0
quick_imp_stage2_s16_dist8_addr16_l1d_ddr4_1x,quick,imp,s16_dist8_addr16,l1d,ddr4_1x,0.008497,8497387440.0,24424723.0,25517680.0,0.95759,59414.0,9167049.0,28515.0,85137.0,165998.0,70140.0,1297.0,nan,nan,nan
quick_imp_stage2_s16_dist8_addr16_l1d_ddr4_2x,quick,imp,s16_dist8_addr16,l1d,ddr4_2x,0.008459,8459326872.0,24424732.0,25403384.0,0.961899,57720.0,9165808.0,28531.0,85108.0,162834.0,70256.0,1252.0,nan,nan,nan
quick_imp_stage2_s16_dist8_addr16_l2_ddr4_1x,quick,imp,s16_dist8_addr16,l2,ddr4_1x,0.008812,8812392453.0,24424718.0,26463641.0,0.92336,242742.0,9227157.0,3981.0,82820.0,nan,nan,nan,30092.0,24510.0,32.0
quick_imp_stage2_s16_dist8_addr16_l2_ddr4_2x,quick,imp,s16_dist8_addr16,l2,ddr4_2x,0.008729,8729331930.0,24424723.0,26214210.0,0.932146,240499.0,9225301.0,4006.0,82824.0,nan,nan,nan,30347.0,24489.0,32.0
quick_imp_stage2_s16_ipd16_addr16_l1d_ddr4_1x,quick,imp,s16_ipd16_addr16,l1d,ddr4_1x,0.008497,8497387440.0,24424723.0,25517680.0,0.95759,59414.0,9167049.0,28515.0,85137.0,165998.0,70140.0,1297.0,nan,nan,nan
quick_imp_stage2_s16_ipd16_addr16_l1d_ddr4_2x,quick,imp,s16_ipd16_addr16,l1d,ddr4_2x,0.008459,8459326872.0,24424732.0,25403384.0,0.961899,57720.0,9165808.0,28531.0,85108.0,162834.0,70256.0,1252.0,nan,nan,nan
quick_imp_stage2_s16_ipd16_addr16_l2_ddr4_1x,quick,imp,s16_ipd16_addr16,l2,ddr4_1x,0.008812,8812392453.0,24424718.0,26463641.0,0.92336,242742.0,9227157.0,3981.0,82820.0,nan,nan,nan,30092.0,24510.0,32.0
quick_imp_stage2_s16_ipd16_addr16_l2_ddr4_2x,quick,imp,s16_ipd16_addr16,l2,ddr4_2x,0.008729,8729331930.0,24424723.0,26214210.0,0.932146,240499.0,9225301.0,4006.0,82824.0,nan,nan,nan,30347.0,24489.0,32.0
quick_imp_stage2_s16_ipd16_pt32_l1d_ddr4_1x,quick,imp,s16_ipd16_pt32,l1d,ddr4_1x,0.008497,8497387440.0,24424723.0,25517680.0,0.95759,59414.0,9167049.0,28515.0,85137.0,165998.0,70140.0,1297.0,nan,nan,nan
quick_imp_stage2_s16_ipd16_pt32_l1d_ddr4_2x,quick,imp,s16_ipd16_pt32,l1d,ddr4_2x,0.008459,8459326872.0,24424732.0,25403384.0,0.961899,57720.0,9165808.0,28531.0,85108.0,162834.0,70256.0,1252.0,nan,nan,nan
quick_imp_stage2_s16_ipd16_pt32_l2_ddr4_1x,quick,imp,s16_ipd16_pt32,l2,ddr4_1x,0.008812,8812392453.0,24424718.0,26463641.0,0.92336,242742.0,9227157.0,3981.0,82820.0,nan,nan,nan,30092.0,24510.0,32.0
quick_imp_stage2_s16_ipd16_pt32_l2_ddr4_2x,quick,imp,s16_ipd16_pt32,l2,ddr4_2x,0.008729,8729331930.0,24424723.0,26214210.0,0.932146,240499.0,9225301.0,4006.0,82824.0,nan,nan,nan,30347.0,24489.0,32.0
quick_imp_stage2_s16_ipd8_addr8_l1d_ddr4_1x,quick,imp,s16_ipd8_addr8,l1d,ddr4_1x,0.008497,8497387440.0,24424723.0,25517680.0,0.95759,59414.0,9167049.0,28515.0,85137.0,165998.0,70140.0,1297.0,nan,nan,nan
quick_imp_stage2_s16_ipd8_addr8_l1d_ddr4_2x,quick,imp,s16_ipd8_addr8,l1d,ddr4_2x,0.008459,8459326872.0,24424732.0,25403384.0,0.961899,57720.0,9165808.0,28531.0,85108.0,162834.0,70256.0,1252.0,nan,nan,nan
quick_imp_stage2_s16_ipd8_addr8_l2_ddr4_1x,quick,imp,s16_ipd8_addr8,l2,ddr4_1x,0.008812,8812392453.0,24424718.0,26463641.0,0.92336,242742.0,9227157.0,3981.0,82820.0,nan,nan,nan,30092.0,24510.0,32.0
quick_imp_stage2_s16_ipd8_addr8_l2_ddr4_2x,quick,imp,s16_ipd8_addr8,l2,ddr4_2x,0.008729,8729331930.0,24424723.0,26214210.0,0.932146,240499.0,9225301.0,4006.0,82824.0,nan,nan,nan,30347.0,24489.0,32.0
quick_imp_stage2_s16_l1d_ddr4_1x,quick,imp,s16,l1d,ddr4_1x,0.008497,8497387440.0,24424723.0,25517680.0,0.95759,59414.0,9167049.0,28515.0,85137.0,165998.0,70140.0,1297.0,nan,nan,nan
quick_imp_stage2_s16_l1d_ddr4_2x,quick,imp,s16,l1d,ddr4_2x,0.008459,8459326872.0,24424732.0,25403384.0,0.961899,57720.0,9165808.0,28531.0,85108.0,162834.0,70256.0,1252.0,nan,nan,nan
quick_imp_stage2_s16_l2_ddr4_1x,quick,imp,s16,l2,ddr4_1x,0.008812,8812392453.0,24424718.0,26463641.0,0.92336,242742.0,9227157.0,3981.0,82820.0,nan,nan,nan,30092.0,24510.0,32.0
quick_imp_stage2_s16_l2_ddr4_2x,quick,imp,s16,l2,ddr4_2x,0.008729,8729331930.0,24424723.0,26214210.0,0.932146,240499.0,9225301.0,4006.0,82824.0,nan,nan,nan,30347.0,24489.0,32.0
quick_imp_stage2_s16_pt8_sth2_l1d_ddr4_1x,quick,imp,s16_pt8_sth2,l1d,ddr4_1x,0.00849,8490490011.0,24424718.0,25496967.0,0.958368,59116.0,9166631.0,28507.0,85194.0,165289.0,70193.0,1341.0,nan,nan,nan
quick_imp_stage2_s16_pt8_sth2_l1d_ddr4_2x,quick,imp,s16_pt8_sth2,l1d,ddr4_2x,0.008459,8459277588.0,24424718.0,25403236.0,0.961904,57633.0,9165991.0,28527.0,85164.0,162965.0,70261.0,1321.0,nan,nan,nan
quick_imp_stage2_s16_pt8_sth2_l2_ddr4_1x,quick,imp,s16_pt8_sth2,l2,ddr4_1x,0.008815,8814562947.0,24424718.0,26470159.0,0.923133,242693.0,9227041.0,3970.0,82818.0,nan,nan,nan,30122.0,24519.0,39.0
quick_imp_stage2_s16_pt8_sth2_l2_ddr4_2x,quick,imp,s16_pt8_sth2,l2,ddr4_2x,0.008729,8729217045.0,24424723.0,26213865.0,0.932159,240447.0,9225218.0,3993.0,82823.0,nan,nan,nan,30358.0,24501.0,39.0
quick_imp_stage2_s16_pt8_sth8_l1d_ddr4_1x,quick,imp,s16_pt8_sth8,l1d,ddr4_1x,0.00849,8489955879.0,24424718.0,25495363.0,0.958428,59358.0,9166431.0,28509.0,85106.0,164132.0,69935.0,1212.0,nan,nan,nan
quick_imp_stage2_s16_pt8_sth8_l1d_ddr4_2x,quick,imp,s16_pt8_sth8,l1d,ddr4_2x,0.00846,8459615916.0,24424723.0,25404252.0,0.961866,57993.0,9165735.0,28518.0,85105.0,161960.0,70027.0,1195.0,nan,nan,nan
quick_imp_stage2_s16_pt8_sth8_l2_ddr4_1x,quick,imp,s16_pt8_sth8,l2,ddr4_1x,0.008816,8815810365.0,24424718.0,26473905.0,0.923002,242759.0,9227193.0,4019.0,82821.0,nan,nan,nan,30037.0,24472.0,29.0
quick_imp_stage2_s16_pt8_sth8_l2_ddr4_2x,quick,imp,s16_pt8_sth8,l2,ddr4_2x,0.008732,8732147778.0,24424723.0,26222666.0,0.931846,240538.0,9225297.0,4040.0,82825.0,nan,nan,nan,30262.0,24456.0,29.0
quick_imp_stage2_s16_sth2_l1d_ddr4_1x,quick,imp,s16_sth2,l1d,ddr4_1x,0.008497,8497104723.0,24424718.0,25516831.0,0.957622,59160.0,9167416.0,28554.0,85487.0,166306.0,70318.0,1512.0,nan,nan,nan
quick_imp_stage2_s16_sth2_l1d_ddr4_2x,quick,imp,s16_sth2,l1d,ddr4_2x,0.00846,8459544654.0,24424723.0,25404038.0,0.961874,57597.0,9165998.0,28580.0,85433.0,163282.0,70405.0,1448.0,nan,nan,nan
quick_imp_stage2_s16_sth2_l2_ddr4_1x,quick,imp,s16_sth2,l2,ddr4_1x,0.008815,8814529980.0,24424718.0,26470060.0,0.923136,242700.0,9227056.0,3968.0,82818.0,nan,nan,nan,30166.0,24521.0,85.0
quick_imp_stage2_s16_sth2_l2_ddr4_2x,quick,imp,s16_sth2,l2,ddr4_2x,0.008729,8728624305.0,24424718.0,26212085.0,0.932222,240456.0,9225235.0,3987.0,82819.0,nan,nan,nan,30402.0,24503.0,85.0
quick_imp_stage2_s16_sth8_l1d_ddr4_1x,quick,imp,s16_sth8,l1d,ddr4_1x,0.00849,8490007827.0,24424723.0,25495519.0,0.958423,59063.0,9166344.0,28514.0,85097.0,164158.0,70080.0,1228.0,nan,nan,nan
quick_imp_stage2_s16_sth8_l1d_ddr4_2x,quick,imp,s16_sth8,l1d,ddr4_2x,0.00846,8460405792.0,24424723.0,25406624.0,0.961776,57718.0,9165703.0,28520.0,85095.0,162039.0,70174.0,1211.0,nan,nan,nan
quick_imp_stage2_s16_sth8_l2_ddr4_1x,quick,imp,s16_sth8,l2,ddr4_1x,0.008812,8812250262.0,24424718.0,26463214.0,0.923375,242753.0,9227193.0,3995.0,82822.0,nan,nan,nan,30052.0,24497.0,29.0
quick_imp_stage2_s16_sth8_l2_ddr4_2x,quick,imp,s16_sth8,l2,ddr4_2x,0.008732,8731727865.0,24424718.0,26221405.0,0.93189,240527.0,9225280.0,4010.0,82820.0,nan,nan,nan,30277.0,24481.0,29.0
quick_imp_stage2_s2_l1d_ddr4_1x,quick,imp,s2,l1d,ddr4_1x,0.009046,9046025253.0,24424718.0,27165241.0,0.899513,181405.0,9225311.0,28490.0,83110.0,208952.0,40162.0,136.0,nan,nan,nan
quick_imp_stage2_s2_l1d_ddr4_2x,quick,imp,s2,l1d,ddr4_2x,0.008995,8995483179.0,24424723.0,27013463.0,0.904567,177906.0,9222982.0,28497.0,83115.0,205423.0,40526.0,135.0,nan,nan,nan
quick_imp_stage2_s2_l2_ddr4_1x,quick,imp,s2,l2,ddr4_1x,0.009232,9231851907.0,24424723.0,27723279.0,0.881407,271279.0,9249036.0,14310.0,82823.0,nan,nan,nan,27119.0,14180.0,8.0
quick_imp_stage2_s2_l2_ddr4_2x,quick,imp,s2,l2,ddr4_2x,0.009136,9135820701.0,24424723.0,27434897.0,0.890672,271726.0,9249176.0,14153.0,82826.0,nan,nan,nan,26714.0,14340.0,9.0
quick_imp_stage2_s2_sth2_l1d_ddr4_1x,quick,imp,s2_sth2,l1d,ddr4_1x,0.009048,9048026916.0,24424732.0,27171252.0,0.899314,181195.0,9224614.0,28499.0,83116.0,209090.0,40185.0,149.0,nan,nan,nan
quick_imp_stage2_s2_sth2_l1d_ddr4_2x,quick,imp,s2_sth2,l1d,ddr4_2x,0.008995,8994717612.0,24424718.0,27011164.0,0.904644,178044.0,9222758.0,28497.0,83117.0,205818.0,40531.0,150.0,nan,nan,nan
quick_imp_stage2_s2_sth2_l2_ddr4_1x,quick,imp,s2_sth2,l2,ddr4_1x,0.009231,9230991102.0,24424718.0,27720694.0,0.881489,271118.0,9248874.0,14296.0,82819.0,nan,nan,nan,27030.0,14189.0,15.0
quick_imp_stage2_s2_sth2_l2_ddr4_2x,quick,imp,s2_sth2,l2,ddr4_2x,0.009137,9137106414.0,24424723.0,27438758.0,0.890546,271709.0,9249230.0,14160.0,82827.0,nan,nan,nan,26683.0,14334.0,16.0
quick_imp_stage2_s2_sth8_l1d_ddr4_1x,quick,imp,s2_sth8,l1d,ddr4_1x,0.009049,9048669273.0,24424723.0,27173181.0,0.89925,181544.0,9225285.0,28489.0,83104.0,208636.0,40134.0,125.0,nan,nan,nan
quick_imp_stage2_s2_sth8_l1d_ddr4_2x,quick,imp,s2_sth8,l1d,ddr4_2x,0.008995,8995015314.0,24424723.0,27012058.0,0.904614,177939.0,9223015.0,28490.0,83101.0,205098.0,40487.0,123.0,nan,nan,nan
quick_imp_stage2_s2_sth8_l2_ddr4_1x,quick,imp,s2_sth8,l2,ddr4_1x,0.009232,9231772986.0,24424723.0,27723042.0,0.881414,271235.0,9248944.0,14319.0,82824.0,nan,nan,nan,27105.0,14171.0,6.0
quick_imp_stage2_s2_sth8_l2_ddr4_2x,quick,imp,s2_sth8,l2,ddr4_2x,0.009137,9137086767.0,24424723.0,27438699.0,0.890548,271277.0,9248832.0,14152.0,82826.0,nan,nan,nan,26696.0,14342.0,7.0
quick_imp_stage2_s8_dist32_addr8_l1d_ddr4_1x,quick,imp,s8_dist32_addr8,l1d,ddr4_1x,0.008624,8623867500.0,24424718.0,25897500.0,0.943546,84984.0,9179207.0,28533.0,84779.0,170791.0,63733.0,1042.0,nan,nan,nan
quick_imp_stage2_s8_dist32_addr8_l1d_ddr4_2x,quick,imp,s8_dist32_addr8,l1d,ddr4_2x,0.008586,8586397341.0,24424718.0,25784977.0,0.947663,84081.0,9178669.0,28533.0,84734.0,169490.0,63656.0,1001.0,nan,nan,nan
quick_imp_stage2_s8_dist32_addr8_l2_ddr4_1x,quick,imp,s8_dist32_addr8,l2,ddr4_1x,0.008941,8940925458.0,24424723.0,26849626.0,0.910086,250014.0,9232908.0,6238.0,82824.0,nan,nan,nan,32132.0,22266.0,45.0
quick_imp_stage2_s8_dist32_addr8_l2_ddr4_2x,quick,imp,s8_dist32_addr8,l2,ddr4_2x,0.008854,8853907563.0,24424739.0,26588311.0,0.919032,247788.0,9231125.0,6239.0,82823.0,nan,nan,nan,32106.0,22265.0,43.0
quick_imp_stage2_s8_dist8_addr8_l1d_ddr4_1x,quick,imp,s8_dist8_addr8,l1d,ddr4_1x,0.008624,8623867500.0,24424718.0,25897500.0,0.943546,84984.0,9179207.0,28533.0,84779.0,170791.0,63733.0,1042.0,nan,nan,nan
quick_imp_stage2_s8_dist8_addr8_l1d_ddr4_2x,quick,imp,s8_dist8_addr8,l1d,ddr4_2x,0.008586,8586397341.0,24424718.0,25784977.0,0.947663,84081.0,9178669.0,28533.0,84734.0,169490.0,63656.0,1001.0,nan,nan,nan
quick_imp_stage2_s8_dist8_addr8_l2_ddr4_1x,quick,imp,s8_dist8_addr8,l2,ddr4_1x,0.008941,8940925458.0,24424723.0,26849626.0,0.910086,250014.0,9232908.0,6238.0,82824.0,nan,nan,nan,32132.0,22266.0,45.0
quick_imp_stage2_s8_dist8_addr8_l2_ddr4_2x,quick,imp,s8_dist8_addr8,l2,ddr4_2x,0.008854,8853907563.0,24424739.0,26588311.0,0.919032,247788.0,9231125.0,6239.0,82823.0,nan,nan,nan,32106.0,22265.0,43.0
quick_imp_stage2_s8_ipd16_addr16_l1d_ddr4_1x,quick,imp,s8_ipd16_addr16,l1d,ddr4_1x,0.008624,8623867500.0,24424718.0,25897500.0,0.943546,84984.0,9179207.0,28533.0,84779.0,170791.0,63733.0,1042.0,nan,nan,nan
quick_imp_stage2_s8_ipd16_addr16_l1d_ddr4_2x,quick,imp,s8_ipd16_addr16,l1d,ddr4_2x,0.008586,8586397341.0,24424718.0,25784977.0,0.947663,84081.0,9178669.0,28533.0,84734.0,169490.0,63656.0,1001.0,nan,nan,nan
quick_imp_stage2_s8_ipd16_addr16_l2_ddr4_1x,quick,imp,s8_ipd16_addr16,l2,ddr4_1x,0.008941,8940925458.0,24424723.0,26849626.0,0.910086,250014.0,9232908.0,6238.0,82824.0,nan,nan,nan,32132.0,22266.0,45.0
quick_imp_stage2_s8_ipd16_addr16_l2_ddr4_2x,quick,imp,s8_ipd16_addr16,l2,ddr4_2x,0.008854,8853907563.0,24424739.0,26588311.0,0.919032,247788.0,9231125.0,6239.0,82823.0,nan,nan,nan,32106.0,22265.0,43.0
quick_imp_stage2_s8_ipd16_pt32_l1d_ddr4_1x,quick,imp,s8_ipd16_pt32,l1d,ddr4_1x,0.008624,8623867500.0,24424718.0,25897500.0,0.943546,84984.0,9179207.0,28533.0,84779.0,170791.0,63733.0,1042.0,nan,nan,nan
quick_imp_stage2_s8_ipd16_pt32_l1d_ddr4_2x,quick,imp,s8_ipd16_pt32,l1d,ddr4_2x,0.008586,8586397341.0,24424718.0,25784977.0,0.947663,84081.0,9178669.0,28533.0,84734.0,169490.0,63656.0,1001.0,nan,nan,nan
quick_imp_stage2_s8_ipd16_pt32_l2_ddr4_1x,quick,imp,s8_ipd16_pt32,l2,ddr4_1x,0.008941,8940925458.0,24424723.0,26849626.0,0.910086,250014.0,9232908.0,6238.0,82824.0,nan,nan,nan,32132.0,22266.0,45.0
quick_imp_stage2_s8_ipd16_pt32_l2_ddr4_2x,quick,imp,s8_ipd16_pt32,l2,ddr4_2x,0.008854,8853907563.0,24424739.0,26588311.0,0.919032,247788.0,9231125.0,6239.0,82823.0,nan,nan,nan,32106.0,22265.0,43.0
quick_imp_stage2_s8_ipd8_addr8_l1d_ddr4_1x,quick,imp,s8_ipd8_addr8,l1d,ddr4_1x,0.008624,8623867500.0,24424718.0,25897500.0,0.943546,84984.0,9179207.0,28533.0,84779.0,170791.0,63733.0,1042.0,nan,nan,nan
quick_imp_stage2_s8_ipd8_addr8_l1d_ddr4_2x,quick,imp,s8_ipd8_addr8,l1d,ddr4_2x,0.008586,8586397341.0,24424718.0,25784977.0,0.947663,84081.0,9178669.0,28533.0,84734.0,169490.0,63656.0,1001.0,nan,nan,nan
quick_imp_stage2_s8_ipd8_addr8_l2_ddr4_1x,quick,imp,s8_ipd8_addr8,l2,ddr4_1x,0.008941,8940925458.0,24424723.0,26849626.0,0.910086,250014.0,9232908.0,6238.0,82824.0,nan,nan,nan,32132.0,22266.0,45.0
quick_imp_stage2_s8_ipd8_addr8_l2_ddr4_2x,quick,imp,s8_ipd8_addr8,l2,ddr4_2x,0.008854,8853907563.0,24424739.0,26588311.0,0.919032,247788.0,9231125.0,6239.0,82823.0,nan,nan,nan,32106.0,22265.0,43.0
quick_imp_stage2_s8_l1d_ddr4_1x,quick,imp,s8,l1d,ddr4_1x,0.008624,8623867500.0,24424718.0,25897500.0,0.943546,84984.0,9179207.0,28533.0,84779.0,170791.0,63733.0,1042.0,nan,nan,nan
quick_imp_stage2_s8_l1d_ddr4_2x,quick,imp,s8,l1d,ddr4_2x,0.008586,8586397341.0,24424718.0,25784977.0,0.947663,84081.0,9178669.0,28533.0,84734.0,169490.0,63656.0,1001.0,nan,nan,nan
quick_imp_stage2_s8_l2_ddr4_1x,quick,imp,s8,l2,ddr4_1x,0.008941,8940925458.0,24424723.0,26849626.0,0.910086,250014.0,9232908.0,6238.0,82824.0,nan,nan,nan,32132.0,22266.0,45.0
quick_imp_stage2_s8_l2_ddr4_2x,quick,imp,s8,l2,ddr4_2x,0.008854,8853907563.0,24424739.0,26588311.0,0.919032,247788.0,9231125.0,6239.0,82823.0,nan,nan,nan,32106.0,22265.0,43.0
quick_imp_stage2_s8_pt8_sth2_l1d_ddr4_1x,quick,imp,s8_pt8_sth2,l1d,ddr4_1x,0.008623,8622646056.0,24424718.0,25893832.0,0.943679,85011.0,9179182.0,28525.0,84598.0,170485.0,63660.0,1003.0,nan,nan,nan
quick_imp_stage2_s8_pt8_sth2_l1d_ddr4_2x,quick,imp,s8_pt8_sth2,l1d,ddr4_2x,0.008586,8586201537.0,24424723.0,25784389.0,0.947685,84153.0,9178993.0,28527.0,84588.0,169566.0,63633.0,997.0,nan,nan,nan
quick_imp_stage2_s8_pt8_sth2_l2_ddr4_1x,quick,imp,s8_pt8_sth2,l2,ddr4_1x,0.008933,8933422302.0,24424732.0,26827094.0,0.910851,250106.0,9232901.0,6233.0,82824.0,nan,nan,nan,32112.0,22271.0,52.0
quick_imp_stage2_s8_pt8_sth2_l2_ddr4_2x,quick,imp,s8_pt8_sth2,l2,ddr4_2x,0.008851,8851280526.0,24424723.0,26580422.0,0.919304,248063.0,9231450.0,6230.0,82824.0,nan,nan,nan,32112.0,22276.0,50.0
quick_imp_stage2_s8_pt8_sth8_l1d_ddr4_1x,quick,imp,s8_pt8_sth8,l1d,ddr4_1x,0.008623,8623324044.0,24424718.0,25895868.0,0.943605,85342.0,9179065.0,28518.0,84512.0,169579.0,63346.0,959.0,nan,nan,nan
quick_imp_stage2_s8_pt8_sth8_l1d_ddr4_2x,quick,imp,s8_pt8_sth8,l1d,ddr4_2x,0.008586,8585656749.0,24424723.0,25782753.0,0.947745,84033.0,9178648.0,28526.0,84486.0,168370.0,63330.0,932.0,nan,nan,nan
quick_imp_stage2_s8_pt8_sth8_l2_ddr4_1x,quick,imp,s8_pt8_sth8,l2,ddr4_1x,0.008941,8940758625.0,24424723.0,26849125.0,0.910103,250094.0,9233024.0,6252.0,82825.0,nan,nan,nan,31963.0,22252.0,45.0
quick_imp_stage2_s8_pt8_sth8_l2_ddr4_2x,quick,imp,s8_pt8_sth8,l2,ddr4_2x,0.008851,8851323483.0,24424718.0,26580551.0,0.919299,247773.0,9231130.0,6250.0,82820.0,nan,nan,nan,31770.0,22251.0,45.0
quick_imp_stage2_s8_sth2_l1d_ddr4_1x,quick,imp,s8_sth2,l1d,ddr4_1x,0.008622,8622177192.0,24424723.0,25892424.0,0.943731,84903.0,9179161.0,28549.0,84792.0,170861.0,63716.0,1116.0,nan,nan,nan
quick_imp_stage2_s8_sth2_l1d_ddr4_2x,quick,imp,s8_sth2,l1d,ddr4_2x,0.008585,8584887852.0,24424718.0,25780444.0,0.94783,84073.0,9178825.0,28541.0,84782.0,170077.0,63688.0,1118.0,nan,nan,nan
quick_imp_stage2_s8_sth2_l2_ddr4_1x,quick,imp,s8_sth2,l2,ddr4_1x,0.008938,8937731655.0,24424723.0,26840035.0,0.910412,250017.0,9232826.0,6238.0,82825.0,nan,nan,nan,32162.0,22266.0,80.0
quick_imp_stage2_s8_sth2_l2_ddr4_2x,quick,imp,s8_sth2,l2,ddr4_2x,0.008849,8848966176.0,24424723.0,26573472.0,0.919544,248096.0,9231465.0,6232.0,82824.0,nan,nan,nan,32156.0,22274.0,78.0
quick_imp_stage2_s8_sth8_l1d_ddr4_1x,quick,imp,s8_sth8,l1d,ddr4_1x,0.008623,8622828873.0,24424718.0,25894381.0,0.943659,85200.0,9179128.0,28524.0,84698.0,170365.0,63568.0,995.0,nan,nan,nan
quick_imp_stage2_s8_sth8_l1d_ddr4_2x,quick,imp,s8_sth8,l1d,ddr4_2x,0.008586,8586355383.0,24424723.0,25784851.0,0.947668,83877.0,9178688.0,28534.0,84672.0,169062.0,63553.0,970.0,nan,nan,nan
quick_imp_stage2_s8_sth8_l2_ddr4_1x,quick,imp,s8_sth8,l2,ddr4_1x,0.008941,8940758625.0,24424723.0,26849125.0,0.910103,250119.0,9232992.0,6241.0,82825.0,nan,nan,nan,32009.0,22263.0,42.0
quick_imp_stage2_s8_sth8_l2_ddr4_2x,quick,imp,s8_sth8,l2,ddr4_2x,0.008849,8848924551.0,24424718.0,26573347.0,0.919548,247775.0,9231085.0,6243.0,82820.0,nan,nan,nan,31998.0,22258.0,42.0
simple_triad_imp_stage2_aggr_s16_sth2_d32_ipd16_addr16_l1d_ddr4_1x,simple_triad,imp,aggr_s16_sth2_d32_ipd16_addr16,l1d,ddr4_1x,0.002902,2901520242.0,3509911.0,8713275.0,0.402825,1471415.0,2003736.0,375397.0,375407.0,554329.0,126902.0,1.0,nan,nan,nan
simple_triad_imp_stage2_aggr_s16_sth2_d32_ipd16_addr16_l1d_ddr4_2x,simple_triad,imp,aggr_s16_sth2_d32_ipd16_addr16,l1d,ddr4_2x,0.002113,2113082469.0,3510090.0,6345593.0,0.553157,1389696.0,2003810.0,375393.0,375403.0,589187.0,147512.0,nan,nan,nan,nan
simple_triad_imp_stage2_aggr_s16_sth2_d32_ipd16_addr16_l2_ddr4_1x,simple_triad,imp,aggr_s16_sth2_d32_ipd16_addr16,l2,ddr4_1x,0.002809,2809475712.0,3509964.0,8436865.0,0.416029,1852943.0,2003770.0,161211.0,372804.0,nan,nan,nan,560650.0,211583.0,800.0
simple_triad_imp_stage2_aggr_s16_sth2_d32_ipd16_addr16_l2_ddr4_2x,simple_triad,imp,aggr_s16_sth2_d32_ipd16_addr16,l2,ddr4_2x,0.00191,1910172915.0,3510120.0,5736255.0,0.611922,1882018.0,2003835.0,130707.0,373842.0,nan,nan,nan,595202.0,243125.0,811.0
simple_triad_imp_stage2_aggr_s16_sth2_d32_ipd16_l1d_ddr4_1x,simple_triad,imp,aggr_s16_sth2_d32_ipd16,l1d,ddr4_1x,0.002902,2901520242.0,3509911.0,8713275.0,0.402825,1471415.0,2003736.0,375397.0,375407.0,554329.0,126902.0,1.0,nan,nan,nan
simple_triad_imp_stage2_aggr_s16_sth2_d32_ipd16_l1d_ddr4_2x,simple_triad,imp,aggr_s16_sth2_d32_ipd16,l1d,ddr4_2x,0.002113,2113082469.0,3510090.0,6345593.0,0.553157,1389696.0,2003810.0,375393.0,375403.0,589187.0,147512.0,nan,nan,nan,nan
simple_triad_imp_stage2_aggr_s16_sth2_d32_ipd16_l2_ddr4_1x,simple_triad,imp,aggr_s16_sth2_d32_ipd16,l2,ddr4_1x,0.002809,2809475712.0,3509964.0,8436865.0,0.416029,1852943.0,2003770.0,161211.0,372804.0,nan,nan,nan,560650.0,211583.0,800.0
simple_triad_imp_stage2_aggr_s16_sth2_d32_ipd16_l2_ddr4_2x,simple_triad,imp,aggr_s16_sth2_d32_ipd16,l2,ddr4_2x,0.00191,1910172915.0,3510120.0,5736255.0,0.611922,1882018.0,2003835.0,130707.0,373842.0,nan,nan,nan,595202.0,243125.0,811.0
simple_triad_imp_stage2_cons_s2_sth8_pt8_l1d_ddr4_1x,simple_triad,imp,cons_s2_sth8_pt8,l1d,ddr4_1x,0.002797,2797142058.0,3509943.0,8399827.0,0.417861,1997936.0,2003754.0,375363.0,375373.0,1206342.0,1.0,nan,nan,nan,nan
simple_triad_imp_stage2_cons_s2_sth8_pt8_l1d_ddr4_2x,simple_triad,imp,cons_s2_sth8_pt8,l1d,ddr4_2x,0.002568,2568131964.0,3509984.0,7712109.0,0.455129,1997868.0,2003770.0,375367.0,375378.0,1179386.0,45.0,nan,nan,nan,nan
simple_triad_imp_stage2_cons_s2_sth8_pt8_l2_ddr4_1x,simple_triad,imp,cons_s2_sth8_pt8,l2,ddr4_1x,0.002622,2621662713.0,3509883.0,7872862.0,0.445823,1972343.0,2003735.0,357973.0,375374.0,nan,nan,nan,698191.0,17391.0,2.0
simple_triad_imp_stage2_cons_s2_sth8_pt8_l2_ddr4_2x,simple_triad,imp,cons_s2_sth8_pt8,l2,ddr4_2x,0.002013,2012800851.0,3510026.0,6044447.0,0.580706,1973839.0,2003799.0,362665.0,375375.0,nan,nan,nan,707038.0,12700.0,2.0
simple_triad_imp_stage2_cons_s8_sth8_pt8_ipd8_l1d_ddr4_1x,simple_triad,imp,cons_s8_sth8_pt8_ipd8,l1d,ddr4_1x,0.002772,2771957601.0,3509964.0,8324198.0,0.42166,1821918.0,2003766.0,375371.0,375381.0,949656.0,41411.0,nan,nan,nan,nan
simple_triad_imp_stage2_cons_s8_sth8_pt8_ipd8_l1d_ddr4_2x,simple_triad,imp,cons_s8_sth8_pt8_ipd8,l1d,ddr4_2x,0.002159,2159422749.0,3510120.0,6484753.0,0.541291,1488479.0,2003828.0,375387.0,375397.0,707817.0,120978.0,1.0,nan,nan,nan
simple_triad_imp_stage2_cons_s8_sth8_pt8_ipd8_l2_ddr4_1x,simple_triad,imp,cons_s8_sth8_pt8_ipd8,l2,ddr4_1x,0.002789,2789498376.0,3509927.0,8376873.0,0.419004,1865465.0,2003764.0,170158.0,373960.0,nan,nan,nan,571246.0,203792.0,708.0
simple_triad_imp_stage2_cons_s8_sth8_pt8_ipd8_l2_ddr4_2x,simple_triad,imp,cons_s8_sth8_pt8_ipd8,l2,ddr4_2x,0.002051,2051129151.0,3510145.0,6159547.0,0.569874,1875518.0,2003830.0,138887.0,374072.0,nan,nan,nan,596502.0,235175.0,819.0
simple_triad_imp_stage2_default_l1d_ddr4_1x,simple_triad,imp,default,l1d,ddr4_1x,0.00279,2790028845.0,3509962.0,8378466.0,0.418929,1984803.0,2003757.0,375369.0,375379.0,1684969.0,1639.0,nan,nan,nan,nan
simple_triad_imp_stage2_default_l1d_ddr4_2x,simple_triad,imp,default,l1d,ddr4_2x,0.002258,2258448291.0,3510110.0,6782127.0,0.517556,1853440.0,2003827.0,375371.0,375381.0,1264971.0,30551.0,nan,nan,nan,nan
simple_triad_imp_stage2_default_l2_ddr4_1x,simple_triad,imp,default,l2,ddr4_1x,0.002935,2934652077.0,3509969.0,8812770.0,0.398284,1883835.0,2003757.0,197167.0,375053.0,nan,nan,nan,640534.0,177876.0,16.0
simple_triad_imp_stage2_default_l2_ddr4_2x,simple_triad,imp,default,l2,ddr4_2x,0.002264,2263657743.0,3510112.0,6797771.0,0.516365,1884743.0,2003834.0,176440.0,374975.0,nan,nan,nan,599360.0,198525.0,48.0
simple_triad_imp_stage2_s16_dist32_addr16_l1d_ddr4_1x,simple_triad,imp,s16_dist32_addr16,l1d,ddr4_1x,0.002904,2903799627.0,3509911.0,8720120.0,0.402509,1467472.0,2003753.0,375404.0,375414.0,556526.0,127983.0,nan,nan,nan,nan
simple_triad_imp_stage2_s16_dist32_addr16_l1d_ddr4_2x,simple_triad,imp,s16_dist32_addr16,l1d,ddr4_2x,0.002125,2125071468.0,3510062.0,6381596.0,0.550032,1385258.0,2003817.0,375408.0,375418.0,596454.0,148523.0,2.0,nan,nan,nan
simple_triad_imp_stage2_s16_dist32_addr16_l2_ddr4_1x,simple_triad,imp,s16_dist32_addr16,l2,ddr4_1x,0.002805,2805171021.0,3509957.0,8423938.0,0.416667,1852685.0,2003766.0,162003.0,372971.0,nan,nan,nan,564472.0,210958.0,680.0
simple_triad_imp_stage2_s16_dist32_addr16_l2_ddr4_2x,simple_triad,imp,s16_dist32_addr16,l2,ddr4_2x,0.001912,1912195890.0,3510115.0,5742330.0,0.611273,1881594.0,2003826.0,130796.0,373808.0,nan,nan,nan,594390.0,243002.0,770.0
simple_triad_imp_stage2_s16_dist8_addr16_l1d_ddr4_1x,simple_triad,imp,s16_dist8_addr16,l1d,ddr4_1x,0.002904,2903799627.0,3509911.0,8720120.0,0.402509,1467472.0,2003754.0,375404.0,375414.0,556526.0,127983.0,nan,nan,nan,nan
simple_triad_imp_stage2_s16_dist8_addr16_l1d_ddr4_2x,simple_triad,imp,s16_dist8_addr16,l1d,ddr4_2x,0.002125,2125071468.0,3510062.0,6381596.0,0.550032,1385258.0,2003817.0,375408.0,375418.0,596454.0,148523.0,2.0,nan,nan,nan
simple_triad_imp_stage2_s16_dist8_addr16_l2_ddr4_1x,simple_triad,imp,s16_dist8_addr16,l2,ddr4_1x,0.002805,2805171021.0,3509957.0,8423938.0,0.416667,1852685.0,2003766.0,162003.0,372971.0,nan,nan,nan,564472.0,210958.0,680.0
simple_triad_imp_stage2_s16_dist8_addr16_l2_ddr4_2x,simple_triad,imp,s16_dist8_addr16,l2,ddr4_2x,0.001912,1912195890.0,3510115.0,5742330.0,0.611273,1881594.0,2003826.0,130796.0,373808.0,nan,nan,nan,594390.0,243002.0,770.0
simple_triad_imp_stage2_s16_ipd16_addr16_l1d_ddr4_1x,simple_triad,imp,s16_ipd16_addr16,l1d,ddr4_1x,0.002904,2903799627.0,3509911.0,8720120.0,0.402509,1467472.0,2003753.0,375404.0,375414.0,556526.0,127983.0,nan,nan,nan,nan
simple_triad_imp_stage2_s16_ipd16_addr16_l1d_ddr4_2x,simple_triad,imp,s16_ipd16_addr16,l1d,ddr4_2x,0.002125,2125071468.0,3510062.0,6381596.0,0.550032,1385258.0,2003817.0,375408.0,375418.0,596454.0,148523.0,2.0,nan,nan,nan
simple_triad_imp_stage2_s16_ipd16_addr16_l2_ddr4_1x,simple_triad,imp,s16_ipd16_addr16,l2,ddr4_1x,0.002805,2805171021.0,3509957.0,8423938.0,0.416667,1852685.0,2003765.0,162003.0,372971.0,nan,nan,nan,564472.0,210958.0,680.0
simple_triad_imp_stage2_s16_ipd16_addr16_l2_ddr4_2x,simple_triad,imp,s16_ipd16_addr16,l2,ddr4_2x,0.001912,1912195890.0,3510115.0,5742330.0,0.611273,1881594.0,2003826.0,130796.0,373808.0,nan,nan,nan,594390.0,243002.0,770.0
simple_triad_imp_stage2_s16_ipd16_pt32_l1d_ddr4_1x,simple_triad,imp,s16_ipd16_pt32,l1d,ddr4_1x,0.002904,2903799627.0,3509911.0,8720120.0,0.402509,1467472.0,2003754.0,375404.0,375414.0,556526.0,127983.0,nan,nan,nan,nan
simple_triad_imp_stage2_s16_ipd16_pt32_l1d_ddr4_2x,simple_triad,imp,s16_ipd16_pt32,l1d,ddr4_2x,0.002125,2125071468.0,3510062.0,6381596.0,0.550032,1385258.0,2003817.0,375408.0,375418.0,596454.0,148523.0,2.0,nan,nan,nan
simple_triad_imp_stage2_s16_ipd16_pt32_l2_ddr4_1x,simple_triad,imp,s16_ipd16_pt32,l2,ddr4_1x,0.002805,2805171021.0,3509957.0,8423938.0,0.416667,1852685.0,2003765.0,162003.0,372971.0,nan,nan,nan,564472.0,210958.0,680.0
simple_triad_imp_stage2_s16_ipd16_pt32_l2_ddr4_2x,simple_triad,imp,s16_ipd16_pt32,l2,ddr4_2x,0.001912,1912195890.0,3510115.0,5742330.0,0.611273,1881594.0,2003826.0,130796.0,373808.0,nan,nan,nan,594390.0,243002.0,770.0
simple_triad_imp_stage2_s16_ipd8_addr8_l1d_ddr4_1x,simple_triad,imp,s16_ipd8_addr8,l1d,ddr4_1x,0.002904,2903799627.0,3509911.0,8720120.0,0.402509,1467472.0,2003753.0,375404.0,375414.0,556526.0,127983.0,nan,nan,nan,nan
simple_triad_imp_stage2_s16_ipd8_addr8_l1d_ddr4_2x,simple_triad,imp,s16_ipd8_addr8,l1d,ddr4_2x,0.002125,2125071468.0,3510062.0,6381596.0,0.550032,1385258.0,2003817.0,375408.0,375418.0,596454.0,148523.0,2.0,nan,nan,nan
simple_triad_imp_stage2_s16_ipd8_addr8_l2_ddr4_1x,simple_triad,imp,s16_ipd8_addr8,l2,ddr4_1x,0.002805,2805171021.0,3509957.0,8423938.0,0.416667,1852685.0,2003766.0,162003.0,372971.0,nan,nan,nan,564472.0,210958.0,680.0
simple_triad_imp_stage2_s16_ipd8_addr8_l2_ddr4_2x,simple_triad,imp,s16_ipd8_addr8,l2,ddr4_2x,0.001912,1912195890.0,3510115.0,5742330.0,0.611273,1881594.0,2003826.0,130796.0,373808.0,nan,nan,nan,594390.0,243002.0,770.0
simple_triad_imp_stage2_s16_l1d_ddr4_1x,simple_triad,imp,s16,l1d,ddr4_1x,0.002904,2903799627.0,3509911.0,8720120.0,0.402509,1467472.0,2003753.0,375404.0,375414.0,556526.0,127983.0,nan,nan,nan,nan
simple_triad_imp_stage2_s16_l1d_ddr4_2x,simple_triad,imp,s16,l1d,ddr4_2x,0.002125,2125071468.0,3510062.0,6381596.0,0.550032,1385258.0,2003817.0,375408.0,375418.0,596454.0,148523.0,2.0,nan,nan,nan
simple_triad_imp_stage2_s16_l2_ddr4_1x,simple_triad,imp,s16,l2,ddr4_1x,0.002805,2805171021.0,3509957.0,8423938.0,0.416667,1852685.0,2003765.0,162003.0,372971.0,nan,nan,nan,564472.0,210958.0,680.0
simple_triad_imp_stage2_s16_l2_ddr4_2x,simple_triad,imp,s16,l2,ddr4_2x,0.001912,1912195890.0,3510115.0,5742330.0,0.611273,1881594.0,2003826.0,130796.0,373808.0,nan,nan,nan,594390.0,243002.0,770.0
simple_triad_imp_stage2_s16_pt8_sth2_l1d_ddr4_1x,simple_triad,imp,s16_pt8_sth2,l1d,ddr4_1x,0.002902,2901520242.0,3509911.0,8713275.0,0.402825,1471415.0,2003736.0,375397.0,375407.0,554329.0,126902.0,1.0,nan,nan,nan
simple_triad_imp_stage2_s16_pt8_sth2_l1d_ddr4_2x,simple_triad,imp,s16_pt8_sth2,l1d,ddr4_2x,0.002113,2113082469.0,3510090.0,6345593.0,0.553157,1389696.0,2003810.0,375393.0,375403.0,589187.0,147512.0,nan,nan,nan,nan
simple_triad_imp_stage2_s16_pt8_sth2_l2_ddr4_1x,simple_triad,imp,s16_pt8_sth2,l2,ddr4_1x,0.002809,2809475712.0,3509964.0,8436865.0,0.416029,1852943.0,2003771.0,161211.0,372804.0,nan,nan,nan,560650.0,211583.0,800.0
simple_triad_imp_stage2_s16_pt8_sth2_l2_ddr4_2x,simple_triad,imp,s16_pt8_sth2,l2,ddr4_2x,0.00191,1910172915.0,3510120.0,5736255.0,0.611922,1882018.0,2003835.0,130707.0,373842.0,nan,nan,nan,595202.0,243125.0,811.0
simple_triad_imp_stage2_s16_pt8_sth8_l1d_ddr4_1x,simple_triad,imp,s16_pt8_sth8,l1d,ddr4_1x,0.0029,2900124306.0,3509962.0,8709083.0,0.403025,1470037.0,2003753.0,375384.0,375394.0,556585.0,127337.0,1.0,nan,nan,nan
simple_triad_imp_stage2_s16_pt8_sth8_l1d_ddr4_2x,simple_triad,imp,s16_pt8_sth8,l1d,ddr4_2x,0.0021,2100242322.0,3510117.0,6307034.0,0.556543,1394301.0,2003835.0,375395.0,375405.0,592864.0,146123.0,nan,nan,nan,nan
simple_triad_imp_stage2_s16_pt8_sth8_l2_ddr4_1x,simple_triad,imp,s16_pt8_sth8,l2,ddr4_1x,0.002815,2814848334.0,3509957.0,8452999.0,0.415234,1850595.0,2003765.0,161666.0,372919.0,nan,nan,nan,561679.0,211243.0,673.0
simple_triad_imp_stage2_s16_pt8_sth8_l2_ddr4_2x,simple_triad,imp,s16_pt8_sth8,l2,ddr4_2x,0.001912,1912310442.0,3510138.0,5742674.0,0.611241,1882298.0,2003827.0,130933.0,373828.0,nan,nan,nan,595709.0,242885.0,787.0
simple_triad_imp_stage2_s16_sth2_l1d_ddr4_1x,simple_triad,imp,s16_sth2,l1d,ddr4_1x,0.002902,2901520242.0,3509911.0,8713275.0,0.402825,1471415.0,2003735.0,375397.0,375407.0,554329.0,126902.0,1.0,nan,nan,nan
simple_triad_imp_stage2_s16_sth2_l1d_ddr4_2x,simple_triad,imp,s16_sth2,l1d,ddr4_2x,0.002113,2113082469.0,3510090.0,6345593.0,0.553157,1389696.0,2003810.0,375393.0,375403.0,589187.0,147512.0,nan,nan,nan,nan
simple_triad_imp_stage2_s16_sth2_l2_ddr4_1x,simple_triad,imp,s16_sth2,l2,ddr4_1x,0.002809,2809475712.0,3509964.0,8436865.0,0.416029,1852943.0,2003770.0,161211.0,372804.0,nan,nan,nan,560650.0,211583.0,800.0
simple_triad_imp_stage2_s16_sth2_l2_ddr4_2x,simple_triad,imp,s16_sth2,l2,ddr4_2x,0.00191,1910172915.0,3510120.0,5736255.0,0.611922,1882018.0,2003835.0,130707.0,373842.0,nan,nan,nan,595202.0,243125.0,811.0
simple_triad_imp_stage2_s16_sth8_l1d_ddr4_1x,simple_triad,imp,s16_sth8,l1d,ddr4_1x,0.0029,2900124306.0,3509962.0,8709083.0,0.403025,1470037.0,2003752.0,375384.0,375394.0,556585.0,127337.0,1.0,nan,nan,nan
simple_triad_imp_stage2_s16_sth8_l1d_ddr4_2x,simple_triad,imp,s16_sth8,l1d,ddr4_2x,0.0021,2100242322.0,3510117.0,6307034.0,0.556543,1394301.0,2003835.0,375395.0,375405.0,592864.0,146123.0,nan,nan,nan,nan
simple_triad_imp_stage2_s16_sth8_l2_ddr4_1x,simple_triad,imp,s16_sth8,l2,ddr4_1x,0.002815,2814848334.0,3509957.0,8452999.0,0.415234,1850595.0,2003764.0,161666.0,372919.0,nan,nan,nan,561679.0,211243.0,673.0
simple_triad_imp_stage2_s16_sth8_l2_ddr4_2x,simple_triad,imp,s16_sth8,l2,ddr4_2x,0.001912,1912310442.0,3510138.0,5742674.0,0.611241,1882298.0,2003827.0,130933.0,373828.0,nan,nan,nan,595709.0,242885.0,787.0
simple_triad_imp_stage2_s2_l1d_ddr4_1x,simple_triad,imp,s2,l1d,ddr4_1x,0.002797,2797142724.0,3509943.0,8399829.0,0.417861,1997901.0,2003756.0,375364.0,375374.0,1206352.0,1.0,nan,nan,nan,nan
simple_triad_imp_stage2_s2_l1d_ddr4_2x,simple_triad,imp,s2,l1d,ddr4_2x,0.002534,2534297832.0,3509934.0,7610505.0,0.461198,1998638.0,2003760.0,375364.0,375374.0,1189234.0,33.0,nan,nan,nan,nan
simple_triad_imp_stage2_s2_l2_ddr4_1x,simple_triad,imp,s2,l2,ddr4_1x,0.002654,2653648695.0,3509929.0,7968916.0,0.440455,1972892.0,2003762.0,356264.0,375375.0,nan,nan,nan,693958.0,19101.0,2.0
simple_triad_imp_stage2_s2_l2_ddr4_2x,simple_triad,imp,s2,l2,ddr4_2x,0.001983,1983424257.0,3510112.0,5956229.0,0.589321,1974710.0,2003824.0,363246.0,375376.0,nan,nan,nan,708186.0,12120.0,2.0
simple_triad_imp_stage2_s2_sth2_l1d_ddr4_1x,simple_triad,imp,s2_sth2,l1d,ddr4_1x,0.002933,2932879185.0,3509962.0,8807446.0,0.398524,1994024.0,2003755.0,375369.0,375379.0,1199341.0,1.0,nan,nan,nan,nan
simple_triad_imp_stage2_s2_sth2_l1d_ddr4_2x,simple_triad,imp,s2_sth2,l1d,ddr4_2x,0.002534,2534344452.0,3509934.0,7610645.0,0.46119,1998635.0,2003759.0,375367.0,375377.0,1189241.0,33.0,nan,nan,nan,nan
simple_triad_imp_stage2_s2_sth2_l2_ddr4_1x,simple_triad,imp,s2_sth2,l2,ddr4_1x,0.002614,2614332051.0,3509939.0,7850848.0,0.44708,1977072.0,2003761.0,361111.0,375373.0,nan,nan,nan,704306.0,14252.0,2.0
simple_triad_imp_stage2_s2_sth2_l2_ddr4_2x,simple_triad,imp,s2_sth2,l2,ddr4_2x,0.00201,2009841147.0,3510057.0,6035559.0,0.581566,1974411.0,2003829.0,362734.0,375374.0,nan,nan,nan,707207.0,12630.0,2.0
simple_triad_imp_stage2_s2_sth8_l1d_ddr4_1x,simple_triad,imp,s2_sth8,l1d,ddr4_1x,0.002797,2797142058.0,3509943.0,8399827.0,0.417861,1997936.0,2003753.0,375363.0,375373.0,1206342.0,1.0,nan,nan,nan,nan
simple_triad_imp_stage2_s2_sth8_l1d_ddr4_2x,simple_triad,imp,s2_sth8,l1d,ddr4_2x,0.002568,2568131964.0,3509984.0,7712109.0,0.455129,1997868.0,2003770.0,375367.0,375378.0,1179386.0,45.0,nan,nan,nan,nan
simple_triad_imp_stage2_s2_sth8_l2_ddr4_1x,simple_triad,imp,s2_sth8,l2,ddr4_1x,0.002622,2621662713.0,3509883.0,7872862.0,0.445823,1972343.0,2003734.0,357973.0,375374.0,nan,nan,nan,698191.0,17391.0,2.0
simple_triad_imp_stage2_s2_sth8_l2_ddr4_2x,simple_triad,imp,s2_sth8,l2,ddr4_2x,0.002013,2012800851.0,3510026.0,6044447.0,0.580706,1973839.0,2003799.0,362665.0,375375.0,nan,nan,nan,707038.0,12700.0,2.0
simple_triad_imp_stage2_s8_dist32_addr8_l1d_ddr4_1x,simple_triad,imp,s8_dist32_addr8,l1d,ddr4_1x,0.002806,2805761430.0,3509957.0,8425711.0,0.416579,1739123.0,2003766.0,375382.0,375392.0,921858.0,61292.0,nan,nan,nan,nan
simple_triad_imp_stage2_s8_dist32_addr8_l1d_ddr4_2x,simple_triad,imp,s8_dist32_addr8,l1d,ddr4_2x,0.002159,2159256915.0,3510120.0,6484255.0,0.541333,1488481.0,2003829.0,375391.0,375401.0,707847.0,120978.0,1.0,nan,nan,nan
simple_triad_imp_stage2_s8_dist32_addr8_l2_ddr4_1x,simple_triad,imp,s8_dist32_addr8,l2,ddr4_1x,0.002797,2796544656.0,3509939.0,8398033.0,0.41795,1866427.0,2003756.0,169364.0,373940.0,nan,nan,nan,571511.0,204566.0,721.0
simple_triad_imp_stage2_s8_dist32_addr8_l2_ddr4_2x,simple_triad,imp,s8_dist32_addr8,l2,ddr4_2x,0.002071,2071455138.0,3510089.0,6220586.0,0.564273,1874602.0,2003834.0,138066.0,374087.0,nan,nan,nan,598428.0,236011.0,823.0
simple_triad_imp_stage2_s8_dist8_addr8_l1d_ddr4_1x,simple_triad,imp,s8_dist8_addr8,l1d,ddr4_1x,0.002806,2805761430.0,3509957.0,8425711.0,0.416579,1739123.0,2003766.0,375382.0,375392.0,921858.0,61292.0,nan,nan,nan,nan
simple_triad_imp_stage2_s8_dist8_addr8_l1d_ddr4_2x,simple_triad,imp,s8_dist8_addr8,l1d,ddr4_2x,0.002159,2159256915.0,3510120.0,6484255.0,0.541333,1488481.0,2003829.0,375391.0,375401.0,707847.0,120978.0,1.0,nan,nan,nan
simple_triad_imp_stage2_s8_dist8_addr8_l2_ddr4_1x,simple_triad,imp,s8_dist8_addr8,l2,ddr4_1x,0.002797,2796544656.0,3509939.0,8398033.0,0.41795,1866427.0,2003755.0,169364.0,373940.0,nan,nan,nan,571511.0,204566.0,721.0
simple_triad_imp_stage2_s8_dist8_addr8_l2_ddr4_2x,simple_triad,imp,s8_dist8_addr8,l2,ddr4_2x,0.002071,2071455138.0,3510089.0,6220586.0,0.564273,1874602.0,2003834.0,138066.0,374087.0,nan,nan,nan,598428.0,236011.0,823.0
simple_triad_imp_stage2_s8_ipd16_addr16_l1d_ddr4_1x,simple_triad,imp,s8_ipd16_addr16,l1d,ddr4_1x,0.002806,2805761430.0,3509957.0,8425711.0,0.416579,1739123.0,2003765.0,375382.0,375392.0,921858.0,61292.0,nan,nan,nan,nan
simple_triad_imp_stage2_s8_ipd16_addr16_l1d_ddr4_2x,simple_triad,imp,s8_ipd16_addr16,l1d,ddr4_2x,0.002159,2159256915.0,3510120.0,6484255.0,0.541333,1488481.0,2003829.0,375391.0,375401.0,707847.0,120978.0,1.0,nan,nan,nan
simple_triad_imp_stage2_s8_ipd16_addr16_l2_ddr4_1x,simple_triad,imp,s8_ipd16_addr16,l2,ddr4_1x,0.002797,2796544656.0,3509939.0,8398033.0,0.41795,1866427.0,2003755.0,169364.0,373940.0,nan,nan,nan,571511.0,204566.0,721.0
simple_triad_imp_stage2_s8_ipd16_addr16_l2_ddr4_2x,simple_triad,imp,s8_ipd16_addr16,l2,ddr4_2x,0.002071,2071455138.0,3510089.0,6220586.0,0.564273,1874602.0,2003834.0,138066.0,374087.0,nan,nan,nan,598428.0,236011.0,823.0
simple_triad_imp_stage2_s8_ipd16_pt32_l1d_ddr4_1x,simple_triad,imp,s8_ipd16_pt32,l1d,ddr4_1x,0.002806,2805761430.0,3509957.0,8425711.0,0.416579,1739123.0,2003766.0,375382.0,375392.0,921858.0,61292.0,nan,nan,nan,nan
simple_triad_imp_stage2_s8_ipd16_pt32_l1d_ddr4_2x,simple_triad,imp,s8_ipd16_pt32,l1d,ddr4_2x,0.002159,2159256915.0,3510120.0,6484255.0,0.541333,1488481.0,2003829.0,375391.0,375401.0,707847.0,120978.0,1.0,nan,nan,nan
simple_triad_imp_stage2_s8_ipd16_pt32_l2_ddr4_1x,simple_triad,imp,s8_ipd16_pt32,l2,ddr4_1x,0.002797,2796544656.0,3509939.0,8398033.0,0.41795,1866427.0,2003755.0,169364.0,373940.0,nan,nan,nan,571511.0,204566.0,721.0
simple_triad_imp_stage2_s8_ipd16_pt32_l2_ddr4_2x,simple_triad,imp,s8_ipd16_pt32,l2,ddr4_2x,0.002071,2071455138.0,3510089.0,6220586.0,0.564273,1874602.0,2003834.0,138066.0,374087.0,nan,nan,nan,598428.0,236011.0,823.0
simple_triad_imp_stage2_s8_ipd8_addr8_l1d_ddr4_1x,simple_triad,imp,s8_ipd8_addr8,l1d,ddr4_1x,0.002806,2805761430.0,3509957.0,8425711.0,0.416579,1739123.0,2003765.0,375382.0,375392.0,921858.0,61292.0,nan,nan,nan,nan
simple_triad_imp_stage2_s8_ipd8_addr8_l1d_ddr4_2x,simple_triad,imp,s8_ipd8_addr8,l1d,ddr4_2x,0.002159,2159256915.0,3510120.0,6484255.0,0.541333,1488481.0,2003829.0,375391.0,375401.0,707847.0,120978.0,1.0,nan,nan,nan
simple_triad_imp_stage2_s8_ipd8_addr8_l2_ddr4_1x,simple_triad,imp,s8_ipd8_addr8,l2,ddr4_1x,0.002797,2796544656.0,3509939.0,8398033.0,0.41795,1866427.0,2003755.0,169364.0,373940.0,nan,nan,nan,571511.0,204566.0,721.0
simple_triad_imp_stage2_s8_ipd8_addr8_l2_ddr4_2x,simple_triad,imp,s8_ipd8_addr8,l2,ddr4_2x,0.002071,2071455138.0,3510089.0,6220586.0,0.564273,1874602.0,2003834.0,138066.0,374087.0,nan,nan,nan,598428.0,236011.0,823.0
simple_triad_imp_stage2_s8_l1d_ddr4_1x,simple_triad,imp,s8,l1d,ddr4_1x,0.002806,2805761430.0,3509957.0,8425711.0,0.416579,1739123.0,2003766.0,375382.0,375392.0,921858.0,61292.0,nan,nan,nan,nan
simple_triad_imp_stage2_s8_l1d_ddr4_2x,simple_triad,imp,s8,l1d,ddr4_2x,0.002159,2159256915.0,3510120.0,6484255.0,0.541333,1488481.0,2003829.0,375391.0,375401.0,707847.0,120978.0,1.0,nan,nan,nan
simple_triad_imp_stage2_s8_l2_ddr4_1x,simple_triad,imp,s8,l2,ddr4_1x,0.002797,2796544656.0,3509939.0,8398033.0,0.41795,1866427.0,2003756.0,169364.0,373940.0,nan,nan,nan,571511.0,204566.0,721.0
simple_triad_imp_stage2_s8_l2_ddr4_2x,simple_triad,imp,s8,l2,ddr4_2x,0.002071,2071455138.0,3510089.0,6220586.0,0.564273,1874602.0,2003834.0,138066.0,374087.0,nan,nan,nan,598428.0,236011.0,823.0
simple_triad_imp_stage2_s8_pt8_sth2_l1d_ddr4_1x,simple_triad,imp,s8_pt8_sth2,l1d,ddr4_1x,0.002803,2802692835.0,3509906.0,8416496.0,0.417029,1791119.0,2003740.0,375381.0,375391.0,957429.0,48731.0,nan,nan,nan,nan
simple_triad_imp_stage2_s8_pt8_sth2_l1d_ddr4_2x,simple_triad,imp,s8_pt8_sth2,l1d,ddr4_2x,0.00217,2169745083.0,3510083.0,6515751.0,0.53871,1473739.0,2003797.0,375383.0,375393.0,684972.0,124559.0,nan,nan,nan,nan
simple_triad_imp_stage2_s8_pt8_sth2_l2_ddr4_1x,simple_triad,imp,s8_pt8_sth2,l2,ddr4_1x,0.002787,2787208668.0,3509939.0,8369997.0,0.41935,1866771.0,2003761.0,169682.0,373955.0,nan,nan,nan,572006.0,204263.0,706.0
simple_triad_imp_stage2_s8_pt8_sth2_l2_ddr4_2x,simple_triad,imp,s8_pt8_sth2,l2,ddr4_2x,0.002053,2052853092.0,3510082.0,6164724.0,0.569385,1875302.0,2003842.0,138131.0,374046.0,nan,nan,nan,593944.0,235905.0,849.0
simple_triad_imp_stage2_s8_pt8_sth8_l1d_ddr4_1x,simple_triad,imp,s8_pt8_sth8,l1d,ddr4_1x,0.002772,2771957601.0,3509964.0,8324198.0,0.42166,1821918.0,2003765.0,375371.0,375381.0,949656.0,41411.0,nan,nan,nan,nan
simple_triad_imp_stage2_s8_pt8_sth8_l1d_ddr4_2x,simple_triad,imp,s8_pt8_sth8,l1d,ddr4_2x,0.002159,2159422749.0,3510120.0,6484753.0,0.541291,1488479.0,2003828.0,375387.0,375397.0,707817.0,120978.0,1.0,nan,nan,nan
simple_triad_imp_stage2_s8_pt8_sth8_l2_ddr4_1x,simple_triad,imp,s8_pt8_sth8,l2,ddr4_1x,0.002789,2789498376.0,3509927.0,8376873.0,0.419004,1865465.0,2003765.0,170158.0,373960.0,nan,nan,nan,571246.0,203792.0,708.0
simple_triad_imp_stage2_s8_pt8_sth8_l2_ddr4_2x,simple_triad,imp,s8_pt8_sth8,l2,ddr4_2x,0.002051,2051129151.0,3510145.0,6159547.0,0.569874,1875518.0,2003830.0,138887.0,374072.0,nan,nan,nan,596502.0,235175.0,819.0
simple_triad_imp_stage2_s8_sth2_l1d_ddr4_1x,simple_triad,imp,s8_sth2,l1d,ddr4_1x,0.002803,2802692835.0,3509906.0,8416496.0,0.417029,1791119.0,2003740.0,375381.0,375391.0,957429.0,48731.0,nan,nan,nan,nan
simple_triad_imp_stage2_s8_sth2_l1d_ddr4_2x,simple_triad,imp,s8_sth2,l1d,ddr4_2x,0.00217,2169745083.0,3510083.0,6515751.0,0.53871,1473739.0,2003797.0,375383.0,375393.0,684972.0,124559.0,nan,nan,nan,nan
simple_triad_imp_stage2_s8_sth2_l2_ddr4_1x,simple_triad,imp,s8_sth2,l2,ddr4_1x,0.002787,2787208668.0,3509939.0,8369997.0,0.41935,1866771.0,2003761.0,169682.0,373955.0,nan,nan,nan,572006.0,204263.0,706.0
simple_triad_imp_stage2_s8_sth2_l2_ddr4_2x,simple_triad,imp,s8_sth2,l2,ddr4_2x,0.002053,2052853092.0,3510082.0,6164724.0,0.569385,1875302.0,2003842.0,138131.0,374046.0,nan,nan,nan,593944.0,235905.0,849.0
simple_triad_imp_stage2_s8_sth8_l1d_ddr4_1x,simple_triad,imp,s8_sth8,l1d,ddr4_1x,0.002772,2771957601.0,3509964.0,8324198.0,0.42166,1821918.0,2003765.0,375371.0,375381.0,949656.0,41411.0,nan,nan,nan,nan
simple_triad_imp_stage2_s8_sth8_l1d_ddr4_2x,simple_triad,imp,s8_sth8,l1d,ddr4_2x,0.002159,2159422749.0,3510120.0,6484753.0,0.541291,1488479.0,2003828.0,375387.0,375397.0,707817.0,120978.0,1.0,nan,nan,nan
simple_triad_imp_stage2_s8_sth8_l2_ddr4_1x,simple_triad,imp,s8_sth8,l2,ddr4_1x,0.002789,2789498376.0,3509927.0,8376873.0,0.419004,1865465.0,2003765.0,170158.0,373960.0,nan,nan,nan,571246.0,203792.0,708.0
simple_triad_imp_stage2_s8_sth8_l2_ddr4_2x,simple_triad,imp,s8_sth8,l2,ddr4_2x,0.002051,2051129151.0,3510145.0,6159547.0,0.569874,1875518.0,2003830.0,138887.0,374072.0,nan,nan,nan,596502.0,235175.0,819.0
spmv_imp_stage2_aggr_s16_sth2_d32_ipd16_addr16_l1d_ddr4_1x,spmv,imp,aggr_s16_sth2_d32_ipd16_addr16,l1d,ddr4_1x,0.005943,5942682369.0,11279576.0,17845893.0,0.633399,1979133.0,4826210.0,653551.0,3664870.0,2606778.0,150679.0,1925199.0,nan,nan,nan
spmv_imp_stage2_aggr_s16_sth2_d32_ipd16_addr16_l1d_ddr4_2x,spmv,imp,aggr_s16_sth2_d32_ipd16_addr16,l1d,ddr4_2x,0.005411,5410945638.0,11279576.0,16249086.0,0.695643,1985164.0,4826485.0,654449.0,3669557.0,2609279.0,150565.0,1929952.0,nan,nan,nan
spmv_imp_stage2_aggr_s16_sth2_d32_ipd16_addr16_l2_ddr4_1x,spmv,imp,aggr_s16_sth2_d32_ipd16_addr16,l2,ddr4_1x,0.006187,6186913560.0,11279576.0,18579320.0,0.608395,2387968.0,4827653.0,353873.0,1686964.0,nan,nan,nan,366451.0,191796.0,12499.0
spmv_imp_stage2_aggr_s16_sth2_d32_ipd16_addr16_l2_ddr4_2x,spmv,imp,aggr_s16_sth2_d32_ipd16_addr16,l2,ddr4_2x,0.00558,5579716698.0,11279581.0,16755906.0,0.674602,2390875.0,4827880.0,354593.0,1687033.0,nan,nan,nan,373385.0,191195.0,12617.0
spmv_imp_stage2_aggr_s16_sth2_d32_ipd16_l1d_ddr4_1x,spmv,imp,aggr_s16_sth2_d32_ipd16,l1d,ddr4_1x,0.005943,5942682369.0,11279576.0,17845893.0,0.633399,1979133.0,4826210.0,653551.0,3664870.0,2606778.0,150679.0,1925199.0,nan,nan,nan
spmv_imp_stage2_aggr_s16_sth2_d32_ipd16_l1d_ddr4_2x,spmv,imp,aggr_s16_sth2_d32_ipd16,l1d,ddr4_2x,0.005411,5410945638.0,11279576.0,16249086.0,0.695643,1985164.0,4826485.0,654449.0,3669557.0,2609279.0,150565.0,1929952.0,nan,nan,nan
spmv_imp_stage2_aggr_s16_sth2_d32_ipd16_l2_ddr4_1x,spmv,imp,aggr_s16_sth2_d32_ipd16,l2,ddr4_1x,0.006187,6186913560.0,11279576.0,18579320.0,0.608395,2387968.0,4827653.0,353873.0,1686964.0,nan,nan,nan,366451.0,191796.0,12499.0
spmv_imp_stage2_aggr_s16_sth2_d32_ipd16_l2_ddr4_2x,spmv,imp,aggr_s16_sth2_d32_ipd16,l2,ddr4_2x,0.00558,5579716698.0,11279581.0,16755906.0,0.674602,2390875.0,4827880.0,354593.0,1687033.0,nan,nan,nan,373385.0,191195.0,12617.0
spmv_imp_stage2_cons_s2_sth8_pt8_l1d_ddr4_1x,spmv,imp,cons_s2_sth8_pt8,l1d,ddr4_1x,0.00754,7539577209.0,11279581.0,22641373.0,0.499244,2952639.0,4826528.0,571345.0,2519725.0,2271233.0,116302.0,803786.0,nan,nan,nan
spmv_imp_stage2_cons_s2_sth8_pt8_l1d_ddr4_2x,spmv,imp,cons_s2_sth8_pt8,l1d,ddr4_2x,0.007269,7269399324.0,11279576.0,21830028.0,0.517799,2971000.0,4826513.0,571510.0,2521599.0,2294176.0,115340.0,805565.0,nan,nan,nan
spmv_imp_stage2_cons_s2_sth8_pt8_l2_ddr4_1x,spmv,imp,cons_s2_sth8_pt8,l2,ddr4_1x,0.007601,7601026032.0,11279576.0,22825904.0,0.495208,3075012.0,4826352.0,416677.0,1686651.0,nan,nan,nan,240075.0,113073.0,2939.0
spmv_imp_stage2_cons_s2_sth8_pt8_l2_ddr4_2x,spmv,imp,cons_s2_sth8_pt8,l2,ddr4_2x,0.007266,7266429630.0,11279576.0,21821110.0,0.518011,3105847.0,4826712.0,417827.0,1686686.0,nan,nan,nan,242255.0,111876.0,2957.0
spmv_imp_stage2_cons_s8_sth8_pt8_ipd8_l1d_ddr4_1x,spmv,imp,cons_s8_sth8_pt8_ipd8,l1d,ddr4_1x,0.006188,6188322150.0,11279581.0,18583550.0,0.608257,2120783.0,4826694.0,631352.0,3385995.0,2376225.0,153630.0,1650847.0,nan,nan,nan
spmv_imp_stage2_cons_s8_sth8_pt8_ipd8_l1d_ddr4_2x,spmv,imp,cons_s8_sth8_pt8_ipd8,l1d,ddr4_2x,0.005715,5714919360.0,11279576.0,17161920.0,0.658643,2114886.0,4827136.0,632113.0,3394262.0,2377786.0,153874.0,1659002.0,nan,nan,nan
spmv_imp_stage2_cons_s8_sth8_pt8_ipd8_l2_ddr4_1x,spmv,imp,cons_s8_sth8_pt8_ipd8,l2,ddr4_1x,0.006498,6497853642.0,11279576.0,19513074.0,0.579282,2573145.0,4827335.0,367244.0,1686964.0,nan,nan,nan,341755.0,172896.0,8225.0
spmv_imp_stage2_cons_s8_sth8_pt8_ipd8_l2_ddr4_2x,spmv,imp,cons_s8_sth8_pt8_ipd8,l2,ddr4_2x,0.006015,6014858121.0,11279581.0,18062637.0,0.625799,2566636.0,4827187.0,367503.0,1686907.0,nan,nan,nan,344545.0,172613.0,8200.0
spmv_imp_stage2_default_l1d_ddr4_1x,spmv,imp,default,l1d,ddr4_1x,0.006737,6736709880.0,11279576.0,20230360.0,0.558743,2478349.0,4827081.0,600137.0,2941675.0,2273967.0,139823.0,1215352.0,nan,nan,nan
spmv_imp_stage2_default_l1d_ddr4_2x,spmv,imp,default,l1d,ddr4_2x,0.006318,6317934408.0,11279576.0,18972776.0,0.595778,2462403.0,4827165.0,600559.0,2948135.0,2267381.0,140288.0,1221724.0,nan,nan,nan
spmv_imp_stage2_default_l2_ddr4_1x,spmv,imp,default,l2,ddr4_1x,0.006899,6898882212.0,11279576.0,20717364.0,0.545609,2767669.0,4826959.0,386713.0,1686824.0,nan,nan,nan,300575.0,147910.0,5099.0
spmv_imp_stage2_default_l2_ddr4_2x,spmv,imp,default,l2,ddr4_2x,0.006431,6431063166.0,11279576.0,19312502.0,0.585298,2752820.0,4827293.0,386989.0,1686871.0,nan,nan,nan,301400.0,147794.0,5085.0
spmv_imp_stage2_s16_dist32_addr16_l1d_ddr4_1x,spmv,imp,s16_dist32_addr16,l1d,ddr4_1x,0.00594,5940466587.0,11279576.0,17839239.0,0.633635,1980905.0,4826356.0,654062.0,3666897.0,2610892.0,150638.0,1927141.0,nan,nan,nan
spmv_imp_stage2_s16_dist32_addr16_l1d_ddr4_2x,spmv,imp,s16_dist32_addr16,l1d,ddr4_2x,0.0054,5399526735.0,11279581.0,16214795.0,0.697115,1981716.0,4826617.0,654649.0,3667613.0,2609723.0,150653.0,1927818.0,nan,nan,nan
spmv_imp_stage2_s16_dist32_addr16_l2_ddr4_1x,spmv,imp,s16_dist32_addr16,l2,ddr4_1x,0.006189,6188553585.0,11279576.0,18584245.0,0.608234,2388030.0,4827631.0,354024.0,1686934.0,nan,nan,nan,366328.0,191760.0,12568.0
spmv_imp_stage2_s16_dist32_addr16_l2_ddr4_2x,spmv,imp,s16_dist32_addr16,l2,ddr4_2x,0.00558,5579598150.0,11279576.0,16755550.0,0.674616,2389944.0,4827797.0,354649.0,1687010.0,nan,nan,nan,373170.0,191223.0,12627.0
spmv_imp_stage2_s16_dist8_addr16_l1d_ddr4_1x,spmv,imp,s16_dist8_addr16,l1d,ddr4_1x,0.00594,5940466587.0,11279576.0,17839239.0,0.633635,1980905.0,4826356.0,654062.0,3666897.0,2610892.0,150638.0,1927141.0,nan,nan,nan
spmv_imp_stage2_s16_dist8_addr16_l1d_ddr4_2x,spmv,imp,s16_dist8_addr16,l1d,ddr4_2x,0.0054,5399526735.0,11279581.0,16214795.0,0.697115,1981716.0,4826617.0,654649.0,3667613.0,2609723.0,150653.0,1927818.0,nan,nan,nan
spmv_imp_stage2_s16_dist8_addr16_l2_ddr4_1x,spmv,imp,s16_dist8_addr16,l2,ddr4_1x,0.006189,6188553585.0,11279576.0,18584245.0,0.608234,2388030.0,4827631.0,354024.0,1686934.0,nan,nan,nan,366328.0,191760.0,12568.0
spmv_imp_stage2_s16_dist8_addr16_l2_ddr4_2x,spmv,imp,s16_dist8_addr16,l2,ddr4_2x,0.00558,5579598150.0,11279576.0,16755550.0,0.674616,2389944.0,4827797.0,354649.0,1687010.0,nan,nan,nan,373170.0,191223.0,12627.0
spmv_imp_stage2_s16_ipd16_addr16_l1d_ddr4_1x,spmv,imp,s16_ipd16_addr16,l1d,ddr4_1x,0.00594,5940466587.0,11279576.0,17839239.0,0.633635,1980905.0,4826356.0,654062.0,3666897.0,2610892.0,150638.0,1927141.0,nan,nan,nan
spmv_imp_stage2_s16_ipd16_addr16_l1d_ddr4_2x,spmv,imp,s16_ipd16_addr16,l1d,ddr4_2x,0.0054,5399526735.0,11279581.0,16214795.0,0.697115,1981716.0,4826617.0,654649.0,3667613.0,2609723.0,150653.0,1927818.0,nan,nan,nan
spmv_imp_stage2_s16_ipd16_addr16_l2_ddr4_1x,spmv,imp,s16_ipd16_addr16,l2,ddr4_1x,0.006189,6188553585.0,11279576.0,18584245.0,0.608234,2388030.0,4827631.0,354024.0,1686934.0,nan,nan,nan,366328.0,191760.0,12568.0
spmv_imp_stage2_s16_ipd16_addr16_l2_ddr4_2x,spmv,imp,s16_ipd16_addr16,l2,ddr4_2x,0.00558,5579598150.0,11279576.0,16755550.0,0.674616,2389944.0,4827797.0,354649.0,1687010.0,nan,nan,nan,373170.0,191223.0,12627.0
spmv_imp_stage2_s16_ipd16_pt32_l1d_ddr4_1x,spmv,imp,s16_ipd16_pt32,l1d,ddr4_1x,0.00594,5940466587.0,11279576.0,17839239.0,0.633635,1980905.0,4826356.0,654062.0,3666897.0,2610892.0,150638.0,1927141.0,nan,nan,nan
spmv_imp_stage2_s16_ipd16_pt32_l1d_ddr4_2x,spmv,imp,s16_ipd16_pt32,l1d,ddr4_2x,0.0054,5399526735.0,11279581.0,16214795.0,0.697115,1981716.0,4826617.0,654649.0,3667613.0,2609723.0,150653.0,1927818.0,nan,nan,nan
spmv_imp_stage2_s16_ipd16_pt32_l2_ddr4_1x,spmv,imp,s16_ipd16_pt32,l2,ddr4_1x,0.006189,6188553585.0,11279576.0,18584245.0,0.608234,2388030.0,4827631.0,354024.0,1686934.0,nan,nan,nan,366328.0,191760.0,12568.0
spmv_imp_stage2_s16_ipd16_pt32_l2_ddr4_2x,spmv,imp,s16_ipd16_pt32,l2,ddr4_2x,0.00558,5579598150.0,11279576.0,16755550.0,0.674616,2389944.0,4827797.0,354649.0,1687010.0,nan,nan,nan,373170.0,191223.0,12627.0
spmv_imp_stage2_s16_ipd8_addr8_l1d_ddr4_1x,spmv,imp,s16_ipd8_addr8,l1d,ddr4_1x,0.00594,5940466587.0,11279576.0,17839239.0,0.633635,1980905.0,4826356.0,654062.0,3666897.0,2610892.0,150638.0,1927141.0,nan,nan,nan
spmv_imp_stage2_s16_ipd8_addr8_l1d_ddr4_2x,spmv,imp,s16_ipd8_addr8,l1d,ddr4_2x,0.0054,5399526735.0,11279581.0,16214795.0,0.697115,1981716.0,4826617.0,654649.0,3667613.0,2609723.0,150653.0,1927818.0,nan,nan,nan
spmv_imp_stage2_s16_ipd8_addr8_l2_ddr4_1x,spmv,imp,s16_ipd8_addr8,l2,ddr4_1x,0.006189,6188553585.0,11279576.0,18584245.0,0.608234,2388030.0,4827631.0,354024.0,1686934.0,nan,nan,nan,366328.0,191760.0,12568.0
spmv_imp_stage2_s16_ipd8_addr8_l2_ddr4_2x,spmv,imp,s16_ipd8_addr8,l2,ddr4_2x,0.00558,5579598150.0,11279576.0,16755550.0,0.674616,2389944.0,4827797.0,354649.0,1687010.0,nan,nan,nan,373170.0,191223.0,12627.0
spmv_imp_stage2_s16_l1d_ddr4_1x,spmv,imp,s16,l1d,ddr4_1x,0.00594,5940466587.0,11279576.0,17839239.0,0.633635,1980905.0,4826356.0,654062.0,3666897.0,2610892.0,150638.0,1927141.0,nan,nan,nan
spmv_imp_stage2_s16_l1d_ddr4_2x,spmv,imp,s16,l1d,ddr4_2x,0.0054,5399526735.0,11279581.0,16214795.0,0.697115,1981716.0,4826617.0,654649.0,3667613.0,2609723.0,150653.0,1927818.0,nan,nan,nan
spmv_imp_stage2_s16_l2_ddr4_1x,spmv,imp,s16,l2,ddr4_1x,0.006189,6188553585.0,11279576.0,18584245.0,0.608234,2388030.0,4827631.0,354024.0,1686934.0,nan,nan,nan,366328.0,191760.0,12568.0
spmv_imp_stage2_s16_l2_ddr4_2x,spmv,imp,s16,l2,ddr4_2x,0.00558,5579598150.0,11279576.0,16755550.0,0.674616,2389944.0,4827797.0,354649.0,1687010.0,nan,nan,nan,373170.0,191223.0,12627.0
spmv_imp_stage2_s16_pt8_sth2_l1d_ddr4_1x,spmv,imp,s16_pt8_sth2,l1d,ddr4_1x,0.005945,5945401980.0,11279581.0,17854060.0,0.63311,1980801.0,4826130.0,654197.0,3667660.0,2612439.0,150749.0,1927992.0,nan,nan,nan
spmv_imp_stage2_s16_pt8_sth2_l1d_ddr4_2x,spmv,imp,s16_pt8_sth2,l1d,ddr4_2x,0.005406,5406182739.0,11279576.0,16234783.0,0.696256,1980859.0,4826629.0,653802.0,3667399.0,2606457.0,150733.0,1927910.0,nan,nan,nan
spmv_imp_stage2_s16_pt8_sth2_l2_ddr4_1x,spmv,imp,s16_pt8_sth2,l2,ddr4_1x,0.006186,6186120021.0,11279576.0,18576937.0,0.608473,2387785.0,4827676.0,353875.0,1686940.0,nan,nan,nan,366545.0,191810.0,12501.0
spmv_imp_stage2_s16_pt8_sth2_l2_ddr4_2x,spmv,imp,s16_pt8_sth2,l2,ddr4_2x,0.00558,5579716698.0,11279581.0,16755906.0,0.674602,2390875.0,4827880.0,354593.0,1687033.0,nan,nan,nan,373385.0,191195.0,12617.0
spmv_imp_stage2_s16_pt8_sth8_l1d_ddr4_1x,spmv,imp,s16_pt8_sth8,l1d,ddr4_1x,0.005952,5951675034.0,11279576.0,17872898.0,0.632442,1980158.0,4826397.0,653502.0,3665817.0,2610421.0,150766.0,1926191.0,nan,nan,nan
spmv_imp_stage2_s16_pt8_sth8_l1d_ddr4_2x,spmv,imp,s16_pt8_sth8,l1d,ddr4_2x,0.005408,5408432487.0,11279581.0,16241539.0,0.695967,1983049.0,4826422.0,654261.0,3667960.0,2610447.0,150814.0,1928344.0,nan,nan,nan
spmv_imp_stage2_s16_pt8_sth8_l2_ddr4_1x,spmv,imp,s16_pt8_sth8,l2,ddr4_1x,0.006186,6185903904.0,11279576.0,18576288.0,0.608495,2388080.0,4827670.0,353912.0,1686968.0,nan,nan,nan,366644.0,191774.0,12517.0
spmv_imp_stage2_s16_pt8_sth8_l2_ddr4_2x,spmv,imp,s16_pt8_sth8,l2,ddr4_2x,0.005583,5582746665.0,11279576.0,16765005.0,0.674236,2390922.0,4827777.0,354601.0,1687004.0,nan,nan,nan,373252.0,191225.0,12592.0
spmv_imp_stage2_s16_sth2_l1d_ddr4_1x,spmv,imp,s16_sth2,l1d,ddr4_1x,0.005943,5942682369.0,11279576.0,17845893.0,0.633399,1979133.0,4826210.0,653551.0,3664870.0,2606778.0,150679.0,1925199.0,nan,nan,nan
spmv_imp_stage2_s16_sth2_l1d_ddr4_2x,spmv,imp,s16_sth2,l1d,ddr4_2x,0.005411,5410945638.0,11279576.0,16249086.0,0.695643,1985164.0,4826485.0,654449.0,3669557.0,2609279.0,150565.0,1929952.0,nan,nan,nan
spmv_imp_stage2_s16_sth2_l2_ddr4_1x,spmv,imp,s16_sth2,l2,ddr4_1x,0.006187,6186913560.0,11279576.0,18579320.0,0.608395,2387968.0,4827653.0,353873.0,1686964.0,nan,nan,nan,366451.0,191796.0,12499.0
spmv_imp_stage2_s16_sth2_l2_ddr4_2x,spmv,imp,s16_sth2,l2,ddr4_2x,0.00558,5579716698.0,11279581.0,16755906.0,0.674602,2390875.0,4827880.0,354593.0,1687033.0,nan,nan,nan,373385.0,191195.0,12617.0
spmv_imp_stage2_s16_sth8_l1d_ddr4_1x,spmv,imp,s16_sth8,l1d,ddr4_1x,0.005952,5951675034.0,11279576.0,17872898.0,0.632442,1980158.0,4826397.0,653502.0,3665817.0,2610421.0,150766.0,1926191.0,nan,nan,nan
spmv_imp_stage2_s16_sth8_l1d_ddr4_2x,spmv,imp,s16_sth8,l1d,ddr4_2x,0.005408,5408432487.0,11279581.0,16241539.0,0.695967,1983049.0,4826422.0,654261.0,3667960.0,2610447.0,150814.0,1928344.0,nan,nan,nan
spmv_imp_stage2_s16_sth8_l2_ddr4_1x,spmv,imp,s16_sth8,l2,ddr4_1x,0.006186,6185903904.0,11279576.0,18576288.0,0.608495,2388080.0,4827670.0,353912.0,1686968.0,nan,nan,nan,366644.0,191774.0,12517.0
spmv_imp_stage2_s16_sth8_l2_ddr4_2x,spmv,imp,s16_sth8,l2,ddr4_2x,0.005583,5582746665.0,11279576.0,16765005.0,0.674236,2390922.0,4827777.0,354601.0,1687004.0,nan,nan,nan,373252.0,191225.0,12592.0
spmv_imp_stage2_s2_l1d_ddr4_1x,spmv,imp,s2,l1d,ddr4_1x,0.00754,7540481304.0,11279581.0,22644088.0,0.499184,2957031.0,4826591.0,571233.0,2519534.0,2275786.0,116139.0,803633.0,nan,nan,nan
spmv_imp_stage2_s2_l1d_ddr4_2x,spmv,imp,s2,l1d,ddr4_2x,0.007269,7269177879.0,11279576.0,21829363.0,0.517815,2973461.0,4826379.0,571433.0,2521808.0,2297417.0,115252.0,805750.0,nan,nan,nan
spmv_imp_stage2_s2_l2_ddr4_1x,spmv,imp,s2,l2,ddr4_1x,0.007617,7616698344.0,11279590.0,22872968.0,0.49419,3076622.0,4826519.0,416797.0,1686657.0,nan,nan,nan,240285.0,112982.0,2960.0
spmv_imp_stage2_s2_l2_ddr4_2x,spmv,imp,s2,l2,ddr4_2x,0.007274,7274215170.0,11279576.0,21844490.0,0.517456,3107887.0,4826640.0,417788.0,1686671.0,nan,nan,nan,242192.0,111898.0,2946.0
spmv_imp_stage2_s2_sth2_l1d_ddr4_1x,spmv,imp,s2_sth2,l1d,ddr4_1x,0.007543,7542831618.0,11279581.0,22651146.0,0.499029,2956247.0,4826801.0,571037.0,2519480.0,2275263.0,116271.0,803485.0,nan,nan,nan
spmv_imp_stage2_s2_sth2_l1d_ddr4_2x,spmv,imp,s2_sth2,l1d,ddr4_2x,0.007269,7269380343.0,11279576.0,21829971.0,0.517801,2971543.0,4826629.0,571688.0,2521702.0,2296474.0,115825.0,805661.0,nan,nan,nan
spmv_imp_stage2_s2_sth2_l2_ddr4_1x,spmv,imp,s2_sth2,l2,ddr4_1x,0.007603,7603144578.0,11279576.0,22832266.0,0.49507,3076474.0,4826487.0,416754.0,1686634.0,nan,nan,nan,240043.0,113007.0,2961.0
spmv_imp_stage2_s2_sth2_l2_ddr4_2x,spmv,imp,s2_sth2,l2,ddr4_2x,0.007267,7267099293.0,11279576.0,21823121.0,0.517963,3105655.0,4826639.0,417788.0,1686680.0,nan,nan,nan,242208.0,111923.0,2963.0
spmv_imp_stage2_s2_sth8_l1d_ddr4_1x,spmv,imp,s2_sth8,l1d,ddr4_1x,0.00754,7539577209.0,11279581.0,22641373.0,0.499244,2952639.0,4826528.0,571345.0,2519725.0,2271233.0,116302.0,803786.0,nan,nan,nan
spmv_imp_stage2_s2_sth8_l1d_ddr4_2x,spmv,imp,s2_sth8,l1d,ddr4_2x,0.007269,7269399324.0,11279576.0,21830028.0,0.517799,2971000.0,4826513.0,571510.0,2521599.0,2294176.0,115340.0,805565.0,nan,nan,nan
spmv_imp_stage2_s2_sth8_l2_ddr4_1x,spmv,imp,s2_sth8,l2,ddr4_1x,0.007601,7601026032.0,11279576.0,22825904.0,0.495208,3075012.0,4826352.0,416677.0,1686651.0,nan,nan,nan,240075.0,113073.0,2939.0
spmv_imp_stage2_s2_sth8_l2_ddr4_2x,spmv,imp,s2_sth8,l2,ddr4_2x,0.007266,7266429630.0,11279576.0,21821110.0,0.518011,3105847.0,4826712.0,417827.0,1686686.0,nan,nan,nan,242255.0,111876.0,2957.0
spmv_imp_stage2_s8_dist32_addr8_l1d_ddr4_1x,spmv,imp,s8_dist32_addr8,l1d,ddr4_1x,0.006188,6188435370.0,11279581.0,18583890.0,0.608246,2119154.0,4826857.0,631344.0,3387987.0,2374613.0,153742.0,1652823.0,nan,nan,nan
spmv_imp_stage2_s8_dist32_addr8_l1d_ddr4_2x,spmv,imp,s8_dist32_addr8,l1d,ddr4_2x,0.005711,5711057892.0,11279581.0,17150324.0,0.659088,2112064.0,4827007.0,632113.0,3394885.0,2376714.0,153854.0,1659594.0,nan,nan,nan
spmv_imp_stage2_s8_dist32_addr8_l2_ddr4_1x,spmv,imp,s8_dist32_addr8,l2,ddr4_1x,0.006499,6498666828.0,11279590.0,19515516.0,0.57921,2574527.0,4827267.0,367239.0,1686945.0,nan,nan,nan,341659.0,172921.0,8190.0
spmv_imp_stage2_s8_dist32_addr8_l2_ddr4_2x,spmv,imp,s8_dist32_addr8,l2,ddr4_2x,0.006014,6014397582.0,11279581.0,18061254.0,0.625847,2566000.0,4827308.0,367461.0,1686960.0,nan,nan,nan,344305.0,172643.0,8224.0
spmv_imp_stage2_s8_dist8_addr8_l1d_ddr4_1x,spmv,imp,s8_dist8_addr8,l1d,ddr4_1x,0.006188,6188435370.0,11279581.0,18583890.0,0.608246,2119154.0,4826857.0,631344.0,3387987.0,2374613.0,153742.0,1652823.0,nan,nan,nan
spmv_imp_stage2_s8_dist8_addr8_l1d_ddr4_2x,spmv,imp,s8_dist8_addr8,l1d,ddr4_2x,0.005711,5711057892.0,11279581.0,17150324.0,0.659088,2112064.0,4827007.0,632113.0,3394885.0,2376714.0,153854.0,1659594.0,nan,nan,nan
spmv_imp_stage2_s8_dist8_addr8_l2_ddr4_1x,spmv,imp,s8_dist8_addr8,l2,ddr4_1x,0.006499,6498666828.0,11279590.0,19515516.0,0.57921,2574527.0,4827267.0,367239.0,1686945.0,nan,nan,nan,341659.0,172921.0,8190.0
spmv_imp_stage2_s8_dist8_addr8_l2_ddr4_2x,spmv,imp,s8_dist8_addr8,l2,ddr4_2x,0.006014,6014397582.0,11279581.0,18061254.0,0.625847,2566000.0,4827308.0,367461.0,1686960.0,nan,nan,nan,344305.0,172643.0,8224.0
spmv_imp_stage2_s8_ipd16_addr16_l1d_ddr4_1x,spmv,imp,s8_ipd16_addr16,l1d,ddr4_1x,0.006188,6188435370.0,11279581.0,18583890.0,0.608246,2119154.0,4826857.0,631344.0,3387987.0,2374613.0,153742.0,1652823.0,nan,nan,nan
spmv_imp_stage2_s8_ipd16_addr16_l1d_ddr4_2x,spmv,imp,s8_ipd16_addr16,l1d,ddr4_2x,0.005711,5711057892.0,11279581.0,17150324.0,0.659088,2112064.0,4827007.0,632113.0,3394885.0,2376714.0,153854.0,1659594.0,nan,nan,nan
spmv_imp_stage2_s8_ipd16_addr16_l2_ddr4_1x,spmv,imp,s8_ipd16_addr16,l2,ddr4_1x,0.006499,6498666828.0,11279590.0,19515516.0,0.57921,2574527.0,4827267.0,367239.0,1686945.0,nan,nan,nan,341659.0,172921.0,8190.0
spmv_imp_stage2_s8_ipd16_addr16_l2_ddr4_2x,spmv,imp,s8_ipd16_addr16,l2,ddr4_2x,0.006014,6014397582.0,11279581.0,18061254.0,0.625847,2566000.0,4827308.0,367461.0,1686960.0,nan,nan,nan,344305.0,172643.0,8224.0
spmv_imp_stage2_s8_ipd16_pt32_l1d_ddr4_1x,spmv,imp,s8_ipd16_pt32,l1d,ddr4_1x,0.006188,6188435370.0,11279581.0,18583890.0,0.608246,2119154.0,4826857.0,631344.0,3387987.0,2374613.0,153742.0,1652823.0,nan,nan,nan
spmv_imp_stage2_s8_ipd16_pt32_l1d_ddr4_2x,spmv,imp,s8_ipd16_pt32,l1d,ddr4_2x,0.005711,5711057892.0,11279581.0,17150324.0,0.659088,2112064.0,4827007.0,632113.0,3394885.0,2376714.0,153854.0,1659594.0,nan,nan,nan
spmv_imp_stage2_s8_ipd16_pt32_l2_ddr4_1x,spmv,imp,s8_ipd16_pt32,l2,ddr4_1x,0.006499,6498666828.0,11279590.0,19515516.0,0.57921,2574527.0,4827267.0,367239.0,1686945.0,nan,nan,nan,341659.0,172921.0,8190.0
spmv_imp_stage2_s8_ipd16_pt32_l2_ddr4_2x,spmv,imp,s8_ipd16_pt32,l2,ddr4_2x,0.006014,6014397582.0,11279581.0,18061254.0,0.625847,2566000.0,4827308.0,367461.0,1686960.0,nan,nan,nan,344305.0,172643.0,8224.0
spmv_imp_stage2_s8_ipd8_addr8_l1d_ddr4_1x,spmv,imp,s8_ipd8_addr8,l1d,ddr4_1x,0.006188,6188435370.0,11279581.0,18583890.0,0.608246,2119154.0,4826857.0,631344.0,3387987.0,2374613.0,153742.0,1652823.0,nan,nan,nan
spmv_imp_stage2_s8_ipd8_addr8_l1d_ddr4_2x,spmv,imp,s8_ipd8_addr8,l1d,ddr4_2x,0.005711,5711057892.0,11279581.0,17150324.0,0.659088,2112064.0,4827007.0,632113.0,3394885.0,2376714.0,153854.0,1659594.0,nan,nan,nan
spmv_imp_stage2_s8_ipd8_addr8_l2_ddr4_1x,spmv,imp,s8_ipd8_addr8,l2,ddr4_1x,0.006499,6498666828.0,11279590.0,19515516.0,0.57921,2574527.0,4827267.0,367239.0,1686945.0,nan,nan,nan,341659.0,172921.0,8190.0
spmv_imp_stage2_s8_ipd8_addr8_l2_ddr4_2x,spmv,imp,s8_ipd8_addr8,l2,ddr4_2x,0.006014,6014397582.0,11279581.0,18061254.0,0.625847,2566000.0,4827308.0,367461.0,1686960.0,nan,nan,nan,344305.0,172643.0,8224.0
spmv_imp_stage2_s8_l1d_ddr4_1x,spmv,imp,s8,l1d,ddr4_1x,0.006188,6188435370.0,11279581.0,18583890.0,0.608246,2119154.0,4826857.0,631344.0,3387987.0,2374613.0,153742.0,1652823.0,nan,nan,nan
spmv_imp_stage2_s8_l1d_ddr4_2x,spmv,imp,s8,l1d,ddr4_2x,0.005711,5711057892.0,11279581.0,17150324.0,0.659088,2112064.0,4827007.0,632113.0,3394885.0,2376714.0,153854.0,1659594.0,nan,nan,nan
spmv_imp_stage2_s8_l2_ddr4_1x,spmv,imp,s8,l2,ddr4_1x,0.006499,6498666828.0,11279590.0,19515516.0,0.57921,2574527.0,4827267.0,367239.0,1686945.0,nan,nan,nan,341659.0,172921.0,8190.0
spmv_imp_stage2_s8_l2_ddr4_2x,spmv,imp,s8,l2,ddr4_2x,0.006014,6014397582.0,11279581.0,18061254.0,0.625847,2566000.0,4827308.0,367461.0,1686960.0,nan,nan,nan,344305.0,172643.0,8224.0
spmv_imp_stage2_s8_pt8_sth2_l1d_ddr4_1x,spmv,imp,s8_pt8_sth2,l1d,ddr4_1x,0.006193,6192511623.0,11279581.0,18596131.0,0.607846,2120227.0,4826949.0,631614.0,3387906.0,2378325.0,153907.0,1652616.0,nan,nan,nan
spmv_imp_stage2_s8_pt8_sth2_l1d_ddr4_2x,spmv,imp,s8_pt8_sth2,l1d,ddr4_2x,0.005714,5714425854.0,11279576.0,17160438.0,0.658699,2113940.0,4827134.0,631819.0,3394051.0,2377335.0,154000.0,1658867.0,nan,nan,nan
spmv_imp_stage2_s8_pt8_sth2_l2_ddr4_1x,spmv,imp,s8_pt8_sth2,l2,ddr4_1x,0.006498,6498106389.0,11279576.0,19513833.0,0.579259,2574177.0,4827282.0,367238.0,1686980.0,nan,nan,nan,341635.0,172883.0,8239.0
spmv_imp_stage2_s8_pt8_sth2_l2_ddr4_2x,spmv,imp,s8_pt8_sth2,l2,ddr4_2x,0.00601,6010441875.0,11279576.0,18049375.0,0.626258,2565468.0,4827394.0,367314.0,1686965.0,nan,nan,nan,343527.0,172756.0,8216.0
spmv_imp_stage2_s8_pt8_sth8_l1d_ddr4_1x,spmv,imp,s8_pt8_sth8,l1d,ddr4_1x,0.006188,6188322150.0,11279581.0,18583550.0,0.608257,2120783.0,4826694.0,631352.0,3385995.0,2376225.0,153630.0,1650847.0,nan,nan,nan
spmv_imp_stage2_s8_pt8_sth8_l1d_ddr4_2x,spmv,imp,s8_pt8_sth8,l1d,ddr4_2x,0.005715,5714919360.0,11279576.0,17161920.0,0.658643,2114886.0,4827136.0,632113.0,3394262.0,2377786.0,153874.0,1659002.0,nan,nan,nan
spmv_imp_stage2_s8_pt8_sth8_l2_ddr4_1x,spmv,imp,s8_pt8_sth8,l2,ddr4_1x,0.006498,6497853642.0,11279576.0,19513074.0,0.579282,2573145.0,4827335.0,367244.0,1686964.0,nan,nan,nan,341755.0,172896.0,8225.0
spmv_imp_stage2_s8_pt8_sth8_l2_ddr4_2x,spmv,imp,s8_pt8_sth8,l2,ddr4_2x,0.006015,6014858121.0,11279581.0,18062637.0,0.625799,2566636.0,4827187.0,367503.0,1686907.0,nan,nan,nan,344545.0,172613.0,8200.0
spmv_imp_stage2_s8_sth2_l1d_ddr4_1x,spmv,imp,s8_sth2,l1d,ddr4_1x,0.006183,6182881929.0,11279576.0,18567213.0,0.608792,2117712.0,4826918.0,631141.0,3389889.0,2376929.0,153813.0,1654555.0,nan,nan,nan
spmv_imp_stage2_s8_sth2_l1d_ddr4_2x,spmv,imp,s8_sth2,l1d,ddr4_2x,0.005715,5714542737.0,11279581.0,17160789.0,0.658686,2113939.0,4827133.0,631824.0,3394056.0,2377335.0,154000.0,1658867.0,nan,nan,nan
spmv_imp_stage2_s8_sth2_l2_ddr4_1x,spmv,imp,s8_sth2,l2,ddr4_1x,0.006489,6489237600.0,11279576.0,19487200.0,0.580051,2574139.0,4827333.0,367223.0,1686918.0,nan,nan,nan,341521.0,172937.0,8215.0
spmv_imp_stage2_s8_sth2_l2_ddr4_2x,spmv,imp,s8_sth2,l2,ddr4_2x,0.00601,6010441875.0,11279576.0,18049375.0,0.626258,2565468.0,4827394.0,367314.0,1686965.0,nan,nan,nan,343527.0,172756.0,8216.0
spmv_imp_stage2_s8_sth8_l1d_ddr4_1x,spmv,imp,s8_sth8,l1d,ddr4_1x,0.006188,6188322150.0,11279581.0,18583550.0,0.608257,2120783.0,4826694.0,631352.0,3385995.0,2376225.0,153630.0,1650847.0,nan,nan,nan
spmv_imp_stage2_s8_sth8_l1d_ddr4_2x,spmv,imp,s8_sth8,l1d,ddr4_2x,0.005715,5714919360.0,11279576.0,17161920.0,0.658643,2114886.0,4827136.0,632113.0,3394262.0,2377786.0,153874.0,1659002.0,nan,nan,nan
spmv_imp_stage2_s8_sth8_l2_ddr4_1x,spmv,imp,s8_sth8,l2,ddr4_1x,0.006498,6497853642.0,11279576.0,19513074.0,0.579282,2573145.0,4827335.0,367244.0,1686964.0,nan,nan,nan,341755.0,172896.0,8225.0
spmv_imp_stage2_s8_sth8_l2_ddr4_2x,spmv,imp,s8_sth8,l2,ddr4_2x,0.006015,6014858121.0,11279581.0,18062637.0,0.625799,2566636.0,4827187.0,367503.0,1686907.0,nan,nan,nan,344545.0,172613.0,8200.0
