gem5 Simulator System.  https://www.gem5.org
gem5 is copyrighted software; use the --copyright option for details.

gem5 version 25.0.0.1
gem5 compiled May  5 2026 12:55:05
gem5 started Jun 17 2026 21:43:22
gem5 executing on cn27.guoehi.cluster, pid 187510
command line: ../../gem5/build/ALL/gem5.opt --outdir=results_imp_multisim -m gem5.utils.multisim run_imp_multisim.py

gem5 Simulator System.  https://www.gem5.org
gem5 is copyrighted software; use the --copyright option for details.

gem5 version 25.0.0.1
gem5 compiled May  5 2026 12:55:05
gem5 started Jun 17 2026 21:43:49
gem5 executing on cn27.guoehi.cluster, pid 187538
command line: /home/fdemirel/HPC_Lab_Proj/imp/../../gem5/build/ALL/gem5.opt -s -c 'from multiprocessing.resource_tracker import main;main(5)'

Global frequency set at 1000000000000 ticks per second
Global frequency set at 1000000000000 ticks per second
Global frequency set at 1000000000000 ticks per second
Global frequency set at 1000000000000 ticks per second
src/mem/dram_interface.cc:690: warn: DRAM device capacity (16384 Mbytes) does not match the address range assigned (1024 Mbytes)
src/base/statistics.hh:279: warn: One of the stats is a legacy stat. Legacy stat is a stat that does not belong to any statistics::Group. Legacy stat is deprecated.
src/mem/dram_interface.cc:690: warn: DRAM device capacity (16384 Mbytes) does not match the address range assigned (1024 Mbytes)
board.remote_gdb: Listening for connections on port 7000
src/base/statistics.hh:279: warn: One of the stats is a legacy stat. Legacy stat is a stat that does not belong to any statistics::Group. Legacy stat is deprecated.
board.remote_gdb: Listening for connections on port 7001
src/mem/dram_interface.cc:690: warn: DRAM device capacity (16384 Mbytes) does not match the address range assigned (1024 Mbytes)
src/base/statistics.hh:279: warn: One of the stats is a legacy stat. Legacy stat is a stat that does not belong to any statistics::Group. Legacy stat is deprecated.
board.remote_gdb: Listening for connections on port 7002
gem5 Simulator System.  https://www.gem5.org
gem5 is copyrighted software; use the --copyright option for details.

gem5 version 25.0.0.1
gem5 compiled May  5 2026 12:55:05
gem5 started Jun 17 2026 21:43:49
gem5 executing on cn27.guoehi.cluster, pid 187539
command line: /home/fdemirel/HPC_Lab_Proj/imp/../../gem5/build/ALL/gem5.opt -s --outdir=results_imp_multisim --stdout-file=simple_triad_imp_addrlen16_l2_ddr4_1x_simout.txt --stderr-file=simple_triad_imp_addrlen16_l2_ddr4_1x_simerr.txt --stats-file=stats.txt -c 'from multiprocessing.spawn import spawn_main; spawn_main(tracker_fd=7, pipe_handle=10)' --multiprocessing-fork

src/sim/mem_state.cc:443: info: Increasing stack size by one page.
src/sim/syscall_emul.hh:1121: warn: readlink() called on '/proc/self/exe' may yield unexpected results in various settings.
      Returning '/home/fdemirel/HPC_Lab_Proj/benchmarks/simple_triad/simple_triad-m5.x'
gem5 Simulator System.  https://www.gem5.org
gem5 is copyrighted software; use the --copyright option for details.

gem5 version 25.0.0.1
gem5 compiled May  5 2026 12:55:05
gem5 started Jun 17 2026 21:43:49
gem5 executing on cn27.guoehi.cluster, pid 187542
command line: /home/fdemirel/HPC_Lab_Proj/imp/../../gem5/build/ALL/gem5.opt -s --outdir=results_imp_multisim --stdout-file=quick_imp_ipd16_l1d_ddr4_1x_simout.txt --stderr-file=quick_imp_ipd16_l1d_ddr4_1x_simerr.txt --stats-file=stats.txt -c 'from multiprocessing.spawn import spawn_main; spawn_main(tracker_fd=7, pipe_handle=16)' --multiprocessing-fork

src/sim/mem_state.cc:443: info: Increasing stack size by one page.
src/sim/syscall_emul.hh:1121: warn: readlink() called on '/proc/self/exe' may yield unexpected results in various settings.
      Returning '/home/fdemirel/HPC_Lab_Proj/benchmarks/quick/quick-m5.x'
src/arch/arm/insts/pseudo.cc:174: warn: 	instruction 'bti' unimplemented
src/mem/dram_interface.cc:690: warn: DRAM device capacity (16384 Mbytes) does not match the address range assigned (1024 Mbytes)
gem5 Simulator System.  https://www.gem5.org
gem5 is copyrighted software; use the --copyright option for details.

gem5 version 25.0.0.1
gem5 compiled May  5 2026 12:55:05
gem5 started Jun 17 2026 21:43:49
gem5 executing on cn27.guoehi.cluster, pid 187540
command line: /home/fdemirel/HPC_Lab_Proj/imp/../../gem5/build/ALL/gem5.opt -s --outdir=results_imp_multisim --stdout-file=merge_imp_pt64_l2_ddr4_1x_simout.txt --stderr-file=merge_imp_pt64_l2_ddr4_1x_simerr.txt --stats-file=stats.txt -c 'from multiprocessing.spawn import spawn_main; spawn_main(tracker_fd=7, pipe_handle=12)' --multiprocessing-fork

src/sim/mem_state.cc:443: info: Increasing stack size by one page.
src/sim/syscall_emul.hh:1121: warn: readlink() called on '/proc/self/exe' may yield unexpected results in various settings.
      Returning '/home/fdemirel/HPC_Lab_Proj/benchmarks/merge/merge-m5.x'
src/arch/arm/insts/pseudo.cc:174: warn: 	instruction 'bti' unimplemented
src/base/statistics.hh:279: warn: One of the stats is a legacy stat. Legacy stat is a stat that does not belong to any statistics::Group. Legacy stat is deprecated.
board.remote_gdb: Listening for connections on port 7003
gem5 Simulator System.  https://www.gem5.org
gem5 is copyrighted software; use the --copyright option for details.

gem5 version 25.0.0.1
gem5 compiled May  5 2026 12:55:05
gem5 started Jun 17 2026 21:43:49
gem5 executing on cn27.guoehi.cluster, pid 187541
command line: /home/fdemirel/HPC_Lab_Proj/imp/../../gem5/build/ALL/gem5.opt -s --outdir=results_imp_multisim --stdout-file=simple_triad_imp_thr1_l1d_ddr4_1x_simout.txt --stderr-file=simple_triad_imp_thr1_l1d_ddr4_1x_simerr.txt --stats-file=stats.txt -c 'from multiprocessing.spawn import spawn_main; spawn_main(tracker_fd=7, pipe_handle=14)' --multiprocessing-fork

src/sim/mem_state.cc:443: info: Increasing stack size by one page.
src/sim/syscall_emul.hh:1121: warn: readlink() called on '/proc/self/exe' may yield unexpected results in various settings.
      Returning '/home/fdemirel/HPC_Lab_Proj/benchmarks/simple_triad/simple_triad-m5.x'
Array SIZE      : 1000000 
Array LOOP      : 1 

----triad----
a[0]=7.00e+00. b[0]=2.00e+00. c[0]=1.00e+00.
Execution time: 2.776922 (ms) 
   Rate [MB/s]: 8642.7 
Array SIZE      : 1000000 
Array LOOP      : 1 

----triad----
a[0]=7.00e+00. b[0]=2.00e+00. c[0]=1.00e+00.
Execution time: 2.921286 (ms) 
   Rate [MB/s]: 8215.6 
Global frequency set at 1000000000000 ticks per second
src/mem/dram_interface.cc:690: warn: DRAM device capacity (16384 Mbytes) does not match the address range assigned (512 Mbytes)
src/mem/dram_interface.cc:690: warn: DRAM device capacity (16384 Mbytes) does not match the address range assigned (512 Mbytes)
src/base/statistics.hh:279: warn: One of the stats is a legacy stat. Legacy stat is a stat that does not belong to any statistics::Group. Legacy stat is deprecated.
board.remote_gdb: Listening for connections on port 7000
gem5 Simulator System.  https://www.gem5.org
gem5 is copyrighted software; use the --copyright option for details.

gem5 version 25.0.0.1
gem5 compiled May  5 2026 12:55:05
gem5 started Jun 17 2026 21:45:45
gem5 executing on cn27.guoehi.cluster, pid 187555
command line: /home/fdemirel/HPC_Lab_Proj/imp/../../gem5/build/ALL/gem5.opt -s --outdir=results_imp_multisim --stdout-file=merge_imp_ipd16_l2_ddr4_2x_simout.txt --stderr-file=merge_imp_ipd16_l2_ddr4_2x_simerr.txt --stats-file=stats.txt -c 'from multiprocessing.spawn import spawn_main; spawn_main(tracker_fd=7, pipe_handle=15)' --multiprocessing-fork

src/sim/mem_state.cc:443: info: Increasing stack size by one page.
src/sim/syscall_emul.hh:1121: warn: readlink() called on '/proc/self/exe' may yield unexpected results in various settings.
      Returning '/home/fdemirel/HPC_Lab_Proj/benchmarks/merge/merge-m5.x'
src/arch/arm/insts/pseudo.cc:174: warn: 	instruction 'bti' unimplemented
Global frequency set at 1000000000000 ticks per second
src/mem/dram_interface.cc:690: warn: DRAM device capacity (16384 Mbytes) does not match the address range assigned (512 Mbytes)
src/mem/dram_interface.cc:690: warn: DRAM device capacity (16384 Mbytes) does not match the address range assigned (512 Mbytes)
src/base/statistics.hh:279: warn: One of the stats is a legacy stat. Legacy stat is a stat that does not belong to any statistics::Group. Legacy stat is deprecated.
board.remote_gdb: Listening for connections on port 7003
gem5 Simulator System.  https://www.gem5.org
gem5 is copyrighted software; use the --copyright option for details.

gem5 version 25.0.0.1
gem5 compiled May  5 2026 12:55:05
gem5 started Jun 17 2026 21:45:47
gem5 executing on cn27.guoehi.cluster, pid 187557
command line: /home/fdemirel/HPC_Lab_Proj/imp/../../gem5/build/ALL/gem5.opt -s --outdir=results_imp_multisim --stdout-file=spmv_imp_ipd16_l1d_ddr4_2x_simout.txt --stderr-file=spmv_imp_ipd16_l1d_ddr4_2x_simerr.txt --stats-file=stats.txt -c 'from multiprocessing.spawn import spawn_main; spawn_main(tracker_fd=7, pipe_handle=14)' --multiprocessing-fork

src/sim/mem_state.cc:443: info: Increasing stack size by one page.
src/sim/syscall_emul.hh:1121: warn: readlink() called on '/proc/self/exe' may yield unexpected results in various settings.
      Returning '/home/fdemirel/HPC_Lab_Proj/benchmarks/spmv/spmv-m5.x'
src/arch/arm/insts/pseudo.cc:174: warn: 	instruction 'bti' unimplemented
src/sim/mem_state.cc:443: info: Increasing stack size by one page.
src/sim/mem_state.cc:443: info: Increasing stack size by one page.
src/sim/mem_state.cc:443: info: Increasing stack size by one page.
src/sim/mem_state.cc:443: info: Increasing stack size by one page.
src/sim/mem_state.cc:443: info: Increasing stack size by one page.
src/sim/mem_state.cc:443: info: Increasing stack size by one page.
src/sim/mem_state.cc:443: info: Increasing stack size by one page.
----quick sort----
Array SIZE      : 131072 
random_elem:0, /home/fdemirel/HPC_Lab_Proj/benchmarks/quick/quick-m5.x
Execution time: 8.782714 (ms) 
----spmv----
N_ROWS          : 8192 
N_COLS          : 65536 
NNZ             : 524155 
Execution time: 6.310355 (ms) 
Global frequency set at 1000000000000 ticks per second
src/mem/dram_interface.cc:690: warn: DRAM device capacity (16384 Mbytes) does not match the address range assigned (1024 Mbytes)
src/base/statistics.hh:279: warn: One of the stats is a legacy stat. Legacy stat is a stat that does not belong to any statistics::Group. Legacy stat is deprecated.
board.remote_gdb: Listening for connections on port 7001
gem5 Simulator System.  https://www.gem5.org
gem5 is copyrighted software; use the --copyright option for details.

gem5 version 25.0.0.1
gem5 compiled May  5 2026 12:55:05
gem5 started Jun 17 2026 21:47:57
gem5 executing on cn27.guoehi.cluster, pid 187568
command line: /home/fdemirel/HPC_Lab_Proj/imp/../../gem5/build/ALL/gem5.opt -s --outdir=results_imp_multisim --stdout-file=matmult_imp_dist8_l2_ddr4_1x_simout.txt --stderr-file=matmult_imp_dist8_l2_ddr4_1x_simerr.txt --stats-file=stats.txt -c 'from multiprocessing.spawn import spawn_main; spawn_main(tracker_fd=7, pipe_handle=14)' --multiprocessing-fork

src/sim/mem_state.cc:443: info: Increasing stack size by one page.
src/sim/syscall_emul.hh:1121: warn: readlink() called on '/proc/self/exe' may yield unexpected results in various settings.
      Returning '/home/fdemirel/HPC_Lab_Proj/benchmarks/matmult/matmult-m5.x'
src/arch/arm/insts/pseudo.cc:174: warn: 	instruction 'bti' unimplemented
Global frequency set at 1000000000000 ticks per second
src/mem/dram_interface.cc:690: warn: DRAM device capacity (16384 Mbytes) does not match the address range assigned (512 Mbytes)
src/mem/dram_interface.cc:690: warn: DRAM device capacity (16384 Mbytes) does not match the address range assigned (512 Mbytes)
src/base/statistics.hh:279: warn: One of the stats is a legacy stat. Legacy stat is a stat that does not belong to any statistics::Group. Legacy stat is deprecated.
board.remote_gdb: Listening for connections on port 7003
gem5 Simulator System.  https://www.gem5.org
gem5 is copyrighted software; use the --copyright option for details.

gem5 version 25.0.0.1
gem5 compiled May  5 2026 12:55:05
gem5 started Jun 17 2026 21:48:07
gem5 executing on cn27.guoehi.cluster, pid 187569
command line: /home/fdemirel/HPC_Lab_Proj/imp/../../gem5/build/ALL/gem5.opt -s --outdir=results_imp_multisim --stdout-file=bfs_imp_sthr8_l2_ddr4_2x_simout.txt --stderr-file=bfs_imp_sthr8_l2_ddr4_2x_simerr.txt --stats-file=stats.txt -c 'from multiprocessing.spawn import spawn_main; spawn_main(tracker_fd=7, pipe_handle=14)' --multiprocessing-fork

src/sim/mem_state.cc:443: info: Increasing stack size by one page.
src/sim/syscall_emul.hh:1121: warn: readlink() called on '/proc/self/exe' may yield unexpected results in various settings.
      Returning '/home/fdemirel/HPC_Lab_Proj/benchmarks/bfs/bfs-m5.x'
src/arch/arm/insts/pseudo.cc:174: warn: 	instruction 'bti' unimplemented
Beginning BFS ...

----merge----
Execution time: 10.644514 (ms) 
random_elem:0, /home/fdemirel/HPC_Lab_Proj/benchmarks/merge/merge-m5.x

----MATRIX MULTIPLICATION----

----Computation starts----
Loop 0 ... 
argc = 2, A[argc][argc] = 0.500000, B[argc][argc] = 0.500000, C[argc][argc] = 0.500000 
Execution time: 1.229960 (ms) 
Global frequency set at 1000000000000 ticks per second
src/mem/dram_interface.cc:690: warn: DRAM device capacity (16384 Mbytes) does not match the address range assigned (1024 Mbytes)
src/base/statistics.hh:279: warn: One of the stats is a legacy stat. Legacy stat is a stat that does not belong to any statistics::Group. Legacy stat is deprecated.
board.remote_gdb: Listening for connections on port 7001
gem5 Simulator System.  https://www.gem5.org
gem5 is copyrighted software; use the --copyright option for details.

gem5 version 25.0.0.1
gem5 compiled May  5 2026 12:55:05
gem5 started Jun 17 2026 21:48:49
gem5 executing on cn27.guoehi.cluster, pid 187578
command line: /home/fdemirel/HPC_Lab_Proj/imp/../../gem5/build/ALL/gem5.opt -s --outdir=results_imp_multisim --stdout-file=bfs_imp_sthr8_l1d_ddr4_1x_simout.txt --stderr-file=bfs_imp_sthr8_l1d_ddr4_1x_simerr.txt --stats-file=stats.txt -c 'from multiprocessing.spawn import spawn_main; spawn_main(tracker_fd=7, pipe_handle=13)' --multiprocessing-fork

src/sim/mem_state.cc:443: info: Increasing stack size by one page.
src/sim/syscall_emul.hh:1121: warn: readlink() called on '/proc/self/exe' may yield unexpected results in various settings.
      Returning '/home/fdemirel/HPC_Lab_Proj/benchmarks/bfs/bfs-m5.x'
src/arch/arm/insts/pseudo.cc:174: warn: 	instruction 'bti' unimplemented
Beginning BFS ...
Global frequency set at 1000000000000 ticks per second
src/mem/dram_interface.cc:690: warn: DRAM device capacity (16384 Mbytes) does not match the address range assigned (1024 Mbytes)
src/base/statistics.hh:279: warn: One of the stats is a legacy stat. Legacy stat is a stat that does not belong to any statistics::Group. Legacy stat is deprecated.
board.remote_gdb: Listening for connections on port 7002
gem5 Simulator System.  https://www.gem5.org
gem5 is copyrighted software; use the --copyright option for details.

gem5 version 25.0.0.1
gem5 compiled May  5 2026 12:55:05
gem5 started Jun 17 2026 21:49:04
gem5 executing on cn27.guoehi.cluster, pid 187579
command line: /home/fdemirel/HPC_Lab_Proj/imp/../../gem5/build/ALL/gem5.opt -s --outdir=results_imp_multisim --stdout-file=quick_imp_addrlen16_l2_ddr4_1x_simout.txt --stderr-file=quick_imp_addrlen16_l2_ddr4_1x_simerr.txt --stats-file=stats.txt -c 'from multiprocessing.spawn import spawn_main; spawn_main(tracker_fd=7, pipe_handle=13)' --multiprocessing-fork

src/sim/mem_state.cc:443: info: Increasing stack size by one page.
src/sim/syscall_emul.hh:1121: warn: readlink() called on '/proc/self/exe' may yield unexpected results in various settings.
      Returning '/home/fdemirel/HPC_Lab_Proj/benchmarks/quick/quick-m5.x'
src/arch/arm/insts/pseudo.cc:174: warn: 	instruction 'bti' unimplemented

----merge----
Execution time: 10.543216 (ms) 
random_elem:0, /home/fdemirel/HPC_Lab_Proj/benchmarks/merge/merge-m5.x
Global frequency set at 1000000000000 ticks per second
src/mem/dram_interface.cc:690: warn: DRAM device capacity (16384 Mbytes) does not match the address range assigned (512 Mbytes)
src/mem/dram_interface.cc:690: warn: DRAM device capacity (16384 Mbytes) does not match the address range assigned (512 Mbytes)
src/base/statistics.hh:279: warn: One of the stats is a legacy stat. Legacy stat is a stat that does not belong to any statistics::Group. Legacy stat is deprecated.
board.remote_gdb: Listening for connections on port 7000
gem5 Simulator System.  https://www.gem5.org
gem5 is copyrighted software; use the --copyright option for details.

gem5 version 25.0.0.1
gem5 compiled May  5 2026 12:55:05
gem5 started Jun 17 2026 21:50:53
gem5 executing on cn27.guoehi.cluster, pid 187592
command line: /home/fdemirel/HPC_Lab_Proj/imp/../../gem5/build/ALL/gem5.opt -s --outdir=results_imp_multisim --stdout-file=merge_imp_addrlen16_l1d_ddr4_2x_simout.txt --stderr-file=merge_imp_addrlen16_l1d_ddr4_2x_simerr.txt --stats-file=stats.txt -c 'from multiprocessing.spawn import spawn_main; spawn_main(tracker_fd=7, pipe_handle=13)' --multiprocessing-fork

src/sim/mem_state.cc:443: info: Increasing stack size by one page.
src/sim/syscall_emul.hh:1121: warn: readlink() called on '/proc/self/exe' may yield unexpected results in various settings.
      Returning '/home/fdemirel/HPC_Lab_Proj/benchmarks/merge/merge-m5.x'
src/arch/arm/insts/pseudo.cc:174: warn: 	instruction 'bti' unimplemented
----quick sort----
Array SIZE      : 131072 
random_elem:0, /home/fdemirel/HPC_Lab_Proj/benchmarks/quick/quick-m5.x
Execution time: 9.039168 (ms) 
Global frequency set at 1000000000000 ticks per second
src/mem/dram_interface.cc:690: warn: DRAM device capacity (16384 Mbytes) does not match the address range assigned (1024 Mbytes)
src/base/statistics.hh:279: warn: One of the stats is a legacy stat. Legacy stat is a stat that does not belong to any statistics::Group. Legacy stat is deprecated.
board.remote_gdb: Listening for connections on port 7002
gem5 Simulator System.  https://www.gem5.org
gem5 is copyrighted software; use the --copyright option for details.

gem5 version 25.0.0.1
gem5 compiled May  5 2026 12:55:05
gem5 started Jun 17 2026 21:53:10
gem5 executing on cn27.guoehi.cluster, pid 187598
command line: /home/fdemirel/HPC_Lab_Proj/imp/../../gem5/build/ALL/gem5.opt -s --outdir=results_imp_multisim --stdout-file=quick_imp_thr1_l1d_ddr4_1x_simout.txt --stderr-file=quick_imp_thr1_l1d_ddr4_1x_simerr.txt --stats-file=stats.txt -c 'from multiprocessing.spawn import spawn_main; spawn_main(tracker_fd=7, pipe_handle=13)' --multiprocessing-fork

src/sim/mem_state.cc:443: info: Increasing stack size by one page.
src/sim/syscall_emul.hh:1121: warn: readlink() called on '/proc/self/exe' may yield unexpected results in various settings.
      Returning '/home/fdemirel/HPC_Lab_Proj/benchmarks/quick/quick-m5.x'
src/arch/arm/insts/pseudo.cc:174: warn: 	instruction 'bti' unimplemented
Finished BFS.
Global frequency set at 1000000000000 ticks per second
src/mem/dram_interface.cc:690: warn: DRAM device capacity (16384 Mbytes) does not match the address range assigned (1024 Mbytes)
src/base/statistics.hh:279: warn: One of the stats is a legacy stat. Legacy stat is a stat that does not belong to any statistics::Group. Legacy stat is deprecated.
board.remote_gdb: Listening for connections on port 7003
gem5 Simulator System.  https://www.gem5.org
gem5 is copyrighted software; use the --copyright option for details.

gem5 version 25.0.0.1
gem5 compiled May  5 2026 12:55:05
gem5 started Jun 17 2026 21:54:14
gem5 executing on cn27.guoehi.cluster, pid 187603
command line: /home/fdemirel/HPC_Lab_Proj/imp/../../gem5/build/ALL/gem5.opt -s --outdir=results_imp_multisim --stdout-file=spmv_imp_sdist2_l2_ddr4_1x_simout.txt --stderr-file=spmv_imp_sdist2_l2_ddr4_1x_simerr.txt --stats-file=stats.txt -c 'from multiprocessing.spawn import spawn_main; spawn_main(tracker_fd=7, pipe_handle=13)' --multiprocessing-fork

src/sim/mem_state.cc:443: info: Increasing stack size by one page.
src/sim/syscall_emul.hh:1121: warn: readlink() called on '/proc/self/exe' may yield unexpected results in various settings.
      Returning '/home/fdemirel/HPC_Lab_Proj/benchmarks/spmv/spmv-m5.x'
src/arch/arm/insts/pseudo.cc:174: warn: 	instruction 'bti' unimplemented
src/sim/mem_state.cc:443: info: Increasing stack size by one page.
src/sim/mem_state.cc:443: info: Increasing stack size by one page.
src/sim/mem_state.cc:443: info: Increasing stack size by one page.
src/sim/mem_state.cc:443: info: Increasing stack size by one page.
src/sim/mem_state.cc:443: info: Increasing stack size by one page.
src/sim/mem_state.cc:443: info: Increasing stack size by one page.
src/sim/mem_state.cc:443: info: Increasing stack size by one page.
Finished BFS.
Global frequency set at 1000000000000 ticks per second
src/mem/dram_interface.cc:690: warn: DRAM device capacity (16384 Mbytes) does not match the address range assigned (1024 Mbytes)
src/base/statistics.hh:279: warn: One of the stats is a legacy stat. Legacy stat is a stat that does not belong to any statistics::Group. Legacy stat is deprecated.
board.remote_gdb: Listening for connections on port 7001
gem5 Simulator System.  https://www.gem5.org
gem5 is copyrighted software; use the --copyright option for details.

gem5 version 25.0.0.1
gem5 compiled May  5 2026 12:55:05
gem5 started Jun 17 2026 21:55:40
gem5 executing on cn27.guoehi.cluster, pid 187609
command line: /home/fdemirel/HPC_Lab_Proj/imp/../../gem5/build/ALL/gem5.opt -s --outdir=results_imp_multisim --stdout-file=matmult_imp_sthr2_l1d_ddr4_1x_simout.txt --stderr-file=matmult_imp_sthr2_l1d_ddr4_1x_simerr.txt --stats-file=stats.txt -c 'from multiprocessing.spawn import spawn_main; spawn_main(tracker_fd=7, pipe_handle=13)' --multiprocessing-fork

src/sim/mem_state.cc:443: info: Increasing stack size by one page.
src/sim/syscall_emul.hh:1121: warn: readlink() called on '/proc/self/exe' may yield unexpected results in various settings.
      Returning '/home/fdemirel/HPC_Lab_Proj/benchmarks/matmult/matmult-m5.x'
src/arch/arm/insts/pseudo.cc:174: warn: 	instruction 'bti' unimplemented

----merge----
Execution time: 10.326216 (ms) 
random_elem:0, /home/fdemirel/HPC_Lab_Proj/benchmarks/merge/merge-m5.x
----spmv----
N_ROWS          : 8192 
N_COLS          : 65536 
NNZ             : 524155 
Execution time: 7.608580 (ms) 
Global frequency set at 1000000000000 ticks per second
src/mem/dram_interface.cc:690: warn: DRAM device capacity (16384 Mbytes) does not match the address range assigned (512 Mbytes)
src/mem/dram_interface.cc:690: warn: DRAM device capacity (16384 Mbytes) does not match the address range assigned (512 Mbytes)
src/base/statistics.hh:279: warn: One of the stats is a legacy stat. Legacy stat is a stat that does not belong to any statistics::Group. Legacy stat is deprecated.
board.remote_gdb: Listening for connections on port 7000
gem5 Simulator System.  https://www.gem5.org
gem5 is copyrighted software; use the --copyright option for details.

gem5 version 25.0.0.1
gem5 compiled May  5 2026 12:55:05
gem5 started Jun 17 2026 21:56:03
gem5 executing on cn27.guoehi.cluster, pid 187612
command line: /home/fdemirel/HPC_Lab_Proj/imp/../../gem5/build/ALL/gem5.opt -s --outdir=results_imp_multisim --stdout-file=simple_triad_imp_thr1_l1d_ddr4_2x_simout.txt --stderr-file=simple_triad_imp_thr1_l1d_ddr4_2x_simerr.txt --stats-file=stats.txt -c 'from multiprocessing.spawn import spawn_main; spawn_main(tracker_fd=7, pipe_handle=13)' --multiprocessing-fork

src/sim/mem_state.cc:443: info: Increasing stack size by one page.
src/sim/syscall_emul.hh:1121: warn: readlink() called on '/proc/self/exe' may yield unexpected results in various settings.
      Returning '/home/fdemirel/HPC_Lab_Proj/benchmarks/simple_triad/simple_triad-m5.x'
Global frequency set at 1000000000000 ticks per second
src/mem/dram_interface.cc:690: warn: DRAM device capacity (16384 Mbytes) does not match the address range assigned (512 Mbytes)
src/mem/dram_interface.cc:690: warn: DRAM device capacity (16384 Mbytes) does not match the address range assigned (512 Mbytes)
src/base/statistics.hh:279: warn: One of the stats is a legacy stat. Legacy stat is a stat that does not belong to any statistics::Group. Legacy stat is deprecated.
board.remote_gdb: Listening for connections on port 7003
gem5 Simulator System.  https://www.gem5.org
gem5 is copyrighted software; use the --copyright option for details.

gem5 version 25.0.0.1
gem5 compiled May  5 2026 12:55:05
gem5 started Jun 17 2026 21:56:15
gem5 executing on cn27.guoehi.cluster, pid 187613
command line: /home/fdemirel/HPC_Lab_Proj/imp/../../gem5/build/ALL/gem5.opt -s --outdir=results_imp_multisim --stdout-file=bfs_imp_ipd16_l2_ddr4_2x_simout.txt --stderr-file=bfs_imp_ipd16_l2_ddr4_2x_simerr.txt --stats-file=stats.txt -c 'from multiprocessing.spawn import spawn_main; spawn_main(tracker_fd=7, pipe_handle=13)' --multiprocessing-fork

src/sim/mem_state.cc:443: info: Increasing stack size by one page.
src/sim/syscall_emul.hh:1121: warn: readlink() called on '/proc/self/exe' may yield unexpected results in various settings.
      Returning '/home/fdemirel/HPC_Lab_Proj/benchmarks/bfs/bfs-m5.x'
src/arch/arm/insts/pseudo.cc:174: warn: 	instruction 'bti' unimplemented
Beginning BFS ...

----MATRIX MULTIPLICATION----

----Computation starts----
Loop 0 ... 
argc = 2, A[argc][argc] = 0.500000, B[argc][argc] = 0.500000, C[argc][argc] = 0.500000 
Execution time: 1.236467 (ms) 
Global frequency set at 1000000000000 ticks per second
src/mem/dram_interface.cc:690: warn: DRAM device capacity (16384 Mbytes) does not match the address range assigned (1024 Mbytes)
src/base/statistics.hh:279: warn: One of the stats is a legacy stat. Legacy stat is a stat that does not belong to any statistics::Group. Legacy stat is deprecated.
board.remote_gdb: Listening for connections on port 7001
gem5 Simulator System.  https://www.gem5.org
gem5 is copyrighted software; use the --copyright option for details.

gem5 version 25.0.0.1
gem5 compiled May  5 2026 12:55:05
gem5 started Jun 17 2026 21:56:53
gem5 executing on cn27.guoehi.cluster, pid 187621
command line: /home/fdemirel/HPC_Lab_Proj/imp/../../gem5/build/ALL/gem5.opt -s --outdir=results_imp_multisim --stdout-file=quick_imp_sdist2_l2_ddr4_1x_simout.txt --stderr-file=quick_imp_sdist2_l2_ddr4_1x_simerr.txt --stats-file=stats.txt -c 'from multiprocessing.spawn import spawn_main; spawn_main(tracker_fd=7, pipe_handle=13)' --multiprocessing-fork

src/sim/mem_state.cc:443: info: Increasing stack size by one page.
src/sim/syscall_emul.hh:1121: warn: readlink() called on '/proc/self/exe' may yield unexpected results in various settings.
      Returning '/home/fdemirel/HPC_Lab_Proj/benchmarks/quick/quick-m5.x'
src/arch/arm/insts/pseudo.cc:174: warn: 	instruction 'bti' unimplemented
----quick sort----
Array SIZE      : 131072 
random_elem:0, /home/fdemirel/HPC_Lab_Proj/benchmarks/quick/quick-m5.x
Execution time: 8.782714 (ms) 
Global frequency set at 1000000000000 ticks per second
src/mem/dram_interface.cc:690: warn: DRAM device capacity (16384 Mbytes) does not match the address range assigned (1024 Mbytes)
src/base/statistics.hh:279: warn: One of the stats is a legacy stat. Legacy stat is a stat that does not belong to any statistics::Group. Legacy stat is deprecated.
board.remote_gdb: Listening for connections on port 7002
gem5 Simulator System.  https://www.gem5.org
gem5 is copyrighted software; use the --copyright option for details.

gem5 version 25.0.0.1
gem5 compiled May  5 2026 12:55:05
gem5 started Jun 17 2026 21:57:15
gem5 executing on cn27.guoehi.cluster, pid 187624
command line: /home/fdemirel/HPC_Lab_Proj/imp/../../gem5/build/ALL/gem5.opt -s --outdir=results_imp_multisim --stdout-file=bfs_imp_dist8_l2_ddr4_1x_simout.txt --stderr-file=bfs_imp_dist8_l2_ddr4_1x_simerr.txt --stats-file=stats.txt -c 'from multiprocessing.spawn import spawn_main; spawn_main(tracker_fd=7, pipe_handle=13)' --multiprocessing-fork

src/sim/mem_state.cc:443: info: Increasing stack size by one page.
src/sim/syscall_emul.hh:1121: warn: readlink() called on '/proc/self/exe' may yield unexpected results in various settings.
      Returning '/home/fdemirel/HPC_Lab_Proj/benchmarks/bfs/bfs-m5.x'
src/arch/arm/insts/pseudo.cc:174: warn: 	instruction 'bti' unimplemented
Beginning BFS ...
Array SIZE      : 1000000 
Array LOOP      : 1 

----triad----
a[0]=7.00e+00. b[0]=2.00e+00. c[0]=1.00e+00.
Execution time: 2.245558 (ms) 
   Rate [MB/s]: 10687.8 
Global frequency set at 1000000000000 ticks per second
src/mem/dram_interface.cc:690: warn: DRAM device capacity (16384 Mbytes) does not match the address range assigned (512 Mbytes)
src/mem/dram_interface.cc:690: warn: DRAM device capacity (16384 Mbytes) does not match the address range assigned (512 Mbytes)
src/base/statistics.hh:279: warn: One of the stats is a legacy stat. Legacy stat is a stat that does not belong to any statistics::Group. Legacy stat is deprecated.
board.remote_gdb: Listening for connections on port 7000
gem5 Simulator System.  https://www.gem5.org
gem5 is copyrighted software; use the --copyright option for details.

gem5 version 25.0.0.1
gem5 compiled May  5 2026 12:55:05
gem5 started Jun 17 2026 21:57:56
gem5 executing on cn27.guoehi.cluster, pid 187628
command line: /home/fdemirel/HPC_Lab_Proj/imp/../../gem5/build/ALL/gem5.opt -s --outdir=results_imp_multisim --stdout-file=quick_imp_addrlen16_l2_ddr4_2x_simout.txt --stderr-file=quick_imp_addrlen16_l2_ddr4_2x_simerr.txt --stats-file=stats.txt -c 'from multiprocessing.spawn import spawn_main; spawn_main(tracker_fd=7, pipe_handle=13)' --multiprocessing-fork

src/sim/mem_state.cc:443: info: Increasing stack size by one page.
src/sim/syscall_emul.hh:1121: warn: readlink() called on '/proc/self/exe' may yield unexpected results in various settings.
      Returning '/home/fdemirel/HPC_Lab_Proj/benchmarks/quick/quick-m5.x'
src/arch/arm/insts/pseudo.cc:174: warn: 	instruction 'bti' unimplemented
----quick sort----
Array SIZE      : 131072 
random_elem:0, /home/fdemirel/HPC_Lab_Proj/benchmarks/quick/quick-m5.x
Execution time: 9.221461 (ms) 
Global frequency set at 1000000000000 ticks per second
src/mem/dram_interface.cc:690: warn: DRAM device capacity (16384 Mbytes) does not match the address range assigned (512 Mbytes)
src/mem/dram_interface.cc:690: warn: DRAM device capacity (16384 Mbytes) does not match the address range assigned (512 Mbytes)
src/base/statistics.hh:279: warn: One of the stats is a legacy stat. Legacy stat is a stat that does not belong to any statistics::Group. Legacy stat is deprecated.
board.remote_gdb: Listening for connections on port 7001
gem5 Simulator System.  https://www.gem5.org
gem5 is copyrighted software; use the --copyright option for details.

gem5 version 25.0.0.1
gem5 compiled May  5 2026 12:55:05
gem5 started Jun 17 2026 22:01:04
gem5 executing on cn27.guoehi.cluster, pid 187640
command line: /home/fdemirel/HPC_Lab_Proj/imp/../../gem5/build/ALL/gem5.opt -s --outdir=results_imp_multisim --stdout-file=merge_imp_dist8_l1d_ddr4_2x_simout.txt --stderr-file=merge_imp_dist8_l1d_ddr4_2x_simerr.txt --stats-file=stats.txt -c 'from multiprocessing.spawn import spawn_main; spawn_main(tracker_fd=7, pipe_handle=13)' --multiprocessing-fork

src/sim/mem_state.cc:443: info: Increasing stack size by one page.
src/sim/syscall_emul.hh:1121: warn: readlink() called on '/proc/self/exe' may yield unexpected results in various settings.
      Returning '/home/fdemirel/HPC_Lab_Proj/benchmarks/merge/merge-m5.x'
src/arch/arm/insts/pseudo.cc:174: warn: 	instruction 'bti' unimplemented
Finished BFS.
----quick sort----
Array SIZE      : 131072 
random_elem:0, /home/fdemirel/HPC_Lab_Proj/benchmarks/quick/quick-m5.x
Execution time: 8.952131 (ms) 
Global frequency set at 1000000000000 ticks per second
src/mem/dram_interface.cc:690: warn: DRAM device capacity (16384 Mbytes) does not match the address range assigned (1024 Mbytes)
src/base/statistics.hh:279: warn: One of the stats is a legacy stat. Legacy stat is a stat that does not belong to any statistics::Group. Legacy stat is deprecated.
board.remote_gdb: Listening for connections on port 7000
gem5 Simulator System.  https://www.gem5.org
gem5 is copyrighted software; use the --copyright option for details.

gem5 version 25.0.0.1
gem5 compiled May  5 2026 12:55:05
gem5 started Jun 17 2026 22:02:12
gem5 executing on cn27.guoehi.cluster, pid 187648
command line: /home/fdemirel/HPC_Lab_Proj/imp/../../gem5/build/ALL/gem5.opt -s --outdir=results_imp_multisim --stdout-file=simple_triad_imp_addrlen8_l2_ddr4_1x_simout.txt --stderr-file=simple_triad_imp_addrlen8_l2_ddr4_1x_simerr.txt --stats-file=stats.txt -c 'from multiprocessing.spawn import spawn_main; spawn_main(tracker_fd=7, pipe_handle=13)' --multiprocessing-fork

src/sim/mem_state.cc:443: info: Increasing stack size by one page.
src/sim/syscall_emul.hh:1121: warn: readlink() called on '/proc/self/exe' may yield unexpected results in various settings.
      Returning '/home/fdemirel/HPC_Lab_Proj/benchmarks/simple_triad/simple_triad-m5.x'
Global frequency set at 1000000000000 ticks per second
src/mem/dram_interface.cc:690: warn: DRAM device capacity (16384 Mbytes) does not match the address range assigned (1024 Mbytes)
src/base/statistics.hh:279: warn: One of the stats is a legacy stat. Legacy stat is a stat that does not belong to any statistics::Group. Legacy stat is deprecated.
board.remote_gdb: Listening for connections on port 7003
gem5 Simulator System.  https://www.gem5.org
gem5 is copyrighted software; use the --copyright option for details.

gem5 version 25.0.0.1
gem5 compiled May  5 2026 12:55:05
gem5 started Jun 17 2026 22:02:16
gem5 executing on cn27.guoehi.cluster, pid 187650
command line: /home/fdemirel/HPC_Lab_Proj/imp/../../gem5/build/ALL/gem5.opt -s --outdir=results_imp_multisim --stdout-file=merge_imp_sthr2_l1d_ddr4_1x_simout.txt --stderr-file=merge_imp_sthr2_l1d_ddr4_1x_simerr.txt --stats-file=stats.txt -c 'from multiprocessing.spawn import spawn_main; spawn_main(tracker_fd=7, pipe_handle=13)' --multiprocessing-fork

src/sim/mem_state.cc:443: info: Increasing stack size by one page.
src/sim/syscall_emul.hh:1121: warn: readlink() called on '/proc/self/exe' may yield unexpected results in various settings.
      Returning '/home/fdemirel/HPC_Lab_Proj/benchmarks/merge/merge-m5.x'
src/arch/arm/insts/pseudo.cc:174: warn: 	instruction 'bti' unimplemented
Finished BFS.
Global frequency set at 1000000000000 ticks per second
src/mem/dram_interface.cc:690: warn: DRAM device capacity (16384 Mbytes) does not match the address range assigned (512 Mbytes)
src/mem/dram_interface.cc:690: warn: DRAM device capacity (16384 Mbytes) does not match the address range assigned (512 Mbytes)
src/base/statistics.hh:279: warn: One of the stats is a legacy stat. Legacy stat is a stat that does not belong to any statistics::Group. Legacy stat is deprecated.
board.remote_gdb: Listening for connections on port 7002
gem5 Simulator System.  https://www.gem5.org
gem5 is copyrighted software; use the --copyright option for details.

gem5 version 25.0.0.1
gem5 compiled May  5 2026 12:55:05
gem5 started Jun 17 2026 22:03:20
gem5 executing on cn27.guoehi.cluster, pid 187657
command line: /home/fdemirel/HPC_Lab_Proj/imp/../../gem5/build/ALL/gem5.opt -s --outdir=results_imp_multisim --stdout-file=bfs_imp_addrlen16_l1d_ddr4_2x_simout.txt --stderr-file=bfs_imp_addrlen16_l1d_ddr4_2x_simerr.txt --stats-file=stats.txt -c 'from multiprocessing.spawn import spawn_main; spawn_main(tracker_fd=7, pipe_handle=13)' --multiprocessing-fork

src/sim/mem_state.cc:443: info: Increasing stack size by one page.
src/sim/syscall_emul.hh:1121: warn: readlink() called on '/proc/self/exe' may yield unexpected results in various settings.
      Returning '/home/fdemirel/HPC_Lab_Proj/benchmarks/bfs/bfs-m5.x'
src/arch/arm/insts/pseudo.cc:174: warn: 	instruction 'bti' unimplemented
Beginning BFS ...
Array SIZE      : 1000000 
Array LOOP      : 1 

----triad----
a[0]=7.00e+00. b[0]=2.00e+00. c[0]=1.00e+00.
Execution time: 2.921286 (ms) 
   Rate [MB/s]: 8215.6 
Global frequency set at 1000000000000 ticks per second
src/mem/dram_interface.cc:690: warn: DRAM device capacity (16384 Mbytes) does not match the address range assigned (512 Mbytes)
src/mem/dram_interface.cc:690: warn: DRAM device capacity (16384 Mbytes) does not match the address range assigned (512 Mbytes)
src/base/statistics.hh:279: warn: One of the stats is a legacy stat. Legacy stat is a stat that does not belong to any statistics::Group. Legacy stat is deprecated.
board.remote_gdb: Listening for connections on port 7000
gem5 Simulator System.  https://www.gem5.org
gem5 is copyrighted software; use the --copyright option for details.

gem5 version 25.0.0.1
gem5 compiled May  5 2026 12:55:05
gem5 started Jun 17 2026 22:04:09
gem5 executing on cn27.guoehi.cluster, pid 187663
command line: /home/fdemirel/HPC_Lab_Proj/imp/../../gem5/build/ALL/gem5.opt -s --outdir=results_imp_multisim --stdout-file=spmv_imp_thr1_l1d_ddr4_2x_simout.txt --stderr-file=spmv_imp_thr1_l1d_ddr4_2x_simerr.txt --stats-file=stats.txt -c 'from multiprocessing.spawn import spawn_main; spawn_main(tracker_fd=7, pipe_handle=13)' --multiprocessing-fork

src/sim/mem_state.cc:443: info: Increasing stack size by one page.
src/sim/syscall_emul.hh:1121: warn: readlink() called on '/proc/self/exe' may yield unexpected results in various settings.
      Returning '/home/fdemirel/HPC_Lab_Proj/benchmarks/spmv/spmv-m5.x'
src/arch/arm/insts/pseudo.cc:174: warn: 	instruction 'bti' unimplemented
src/sim/mem_state.cc:443: info: Increasing stack size by one page.
src/sim/mem_state.cc:443: info: Increasing stack size by one page.
src/sim/mem_state.cc:443: info: Increasing stack size by one page.
src/sim/mem_state.cc:443: info: Increasing stack size by one page.
src/sim/mem_state.cc:443: info: Increasing stack size by one page.
src/sim/mem_state.cc:443: info: Increasing stack size by one page.
src/sim/mem_state.cc:443: info: Increasing stack size by one page.

----merge----
Execution time: 10.326216 (ms) 
random_elem:0, /home/fdemirel/HPC_Lab_Proj/benchmarks/merge/merge-m5.x
Global frequency set at 1000000000000 ticks per second
----spmv----
N_ROWS          : 8192 
N_COLS          : 65536 
NNZ             : 524155 
Execution time: 6.310355 (ms) 
src/mem/dram_interface.cc:690: warn: DRAM device capacity (16384 Mbytes) does not match the address range assigned (512 Mbytes)
src/mem/dram_interface.cc:690: warn: DRAM device capacity (16384 Mbytes) does not match the address range assigned (512 Mbytes)
src/base/statistics.hh:279: warn: One of the stats is a legacy stat. Legacy stat is a stat that does not belong to any statistics::Group. Legacy stat is deprecated.
board.remote_gdb: Listening for connections on port 7001
gem5 Simulator System.  https://www.gem5.org
gem5 is copyrighted software; use the --copyright option for details.

gem5 version 25.0.0.1
gem5 compiled May  5 2026 12:55:05
gem5 started Jun 17 2026 22:06:12
gem5 executing on cn27.guoehi.cluster, pid 187672
command line: /home/fdemirel/HPC_Lab_Proj/imp/../../gem5/build/ALL/gem5.opt -s --outdir=results_imp_multisim --stdout-file=quick_imp_dist8_l2_ddr4_2x_simout.txt --stderr-file=quick_imp_dist8_l2_ddr4_2x_simerr.txt --stats-file=stats.txt -c 'from multiprocessing.spawn import spawn_main; spawn_main(tracker_fd=7, pipe_handle=13)' --multiprocessing-fork

src/sim/mem_state.cc:443: info: Increasing stack size by one page.
src/sim/syscall_emul.hh:1121: warn: readlink() called on '/proc/self/exe' may yield unexpected results in various settings.
      Returning '/home/fdemirel/HPC_Lab_Proj/benchmarks/quick/quick-m5.x'
src/arch/arm/insts/pseudo.cc:174: warn: 	instruction 'bti' unimplemented
Global frequency set at 1000000000000 ticks per second
src/mem/dram_interface.cc:690: warn: DRAM device capacity (16384 Mbytes) does not match the address range assigned (512 Mbytes)
src/mem/dram_interface.cc:690: warn: DRAM device capacity (16384 Mbytes) does not match the address range assigned (512 Mbytes)
src/base/statistics.hh:279: warn: One of the stats is a legacy stat. Legacy stat is a stat that does not belong to any statistics::Group. Legacy stat is deprecated.
board.remote_gdb: Listening for connections on port 7000
gem5 Simulator System.  https://www.gem5.org
gem5 is copyrighted software; use the --copyright option for details.

gem5 version 25.0.0.1
gem5 compiled May  5 2026 12:55:05
gem5 started Jun 17 2026 22:06:30
gem5 executing on cn27.guoehi.cluster, pid 187677
command line: /home/fdemirel/HPC_Lab_Proj/imp/../../gem5/build/ALL/gem5.opt -s --outdir=results_imp_multisim --stdout-file=merge_imp_thr1_l2_ddr4_2x_simout.txt --stderr-file=merge_imp_thr1_l2_ddr4_2x_simerr.txt --stats-file=stats.txt -c 'from multiprocessing.spawn import spawn_main; spawn_main(tracker_fd=7, pipe_handle=13)' --multiprocessing-fork

src/sim/mem_state.cc:443: info: Increasing stack size by one page.
src/sim/syscall_emul.hh:1121: warn: readlink() called on '/proc/self/exe' may yield unexpected results in various settings.
      Returning '/home/fdemirel/HPC_Lab_Proj/benchmarks/merge/merge-m5.x'
src/arch/arm/insts/pseudo.cc:174: warn: 	instruction 'bti' unimplemented

----merge----
Execution time: 10.328112 (ms) 
random_elem:0, /home/fdemirel/HPC_Lab_Proj/benchmarks/merge/merge-m5.x
Global frequency set at 1000000000000 ticks per second
src/mem/dram_interface.cc:690: warn: DRAM device capacity (16384 Mbytes) does not match the address range assigned (512 Mbytes)
src/mem/dram_interface.cc:690: warn: DRAM device capacity (16384 Mbytes) does not match the address range assigned (512 Mbytes)
src/base/statistics.hh:279: warn: One of the stats is a legacy stat. Legacy stat is a stat that does not belong to any statistics::Group. Legacy stat is deprecated.
board.remote_gdb: Listening for connections on port 7003
gem5 Simulator System.  https://www.gem5.org
gem5 is copyrighted software; use the --copyright option for details.

gem5 version 25.0.0.1
gem5 compiled May  5 2026 12:55:05
gem5 started Jun 17 2026 22:07:20
gem5 executing on cn27.guoehi.cluster, pid 187680
command line: /home/fdemirel/HPC_Lab_Proj/imp/../../gem5/build/ALL/gem5.opt -s --outdir=results_imp_multisim --stdout-file=matmult_imp_sdist2_l1d_ddr4_2x_simout.txt --stderr-file=matmult_imp_sdist2_l1d_ddr4_2x_simerr.txt --stats-file=stats.txt -c 'from multiprocessing.spawn import spawn_main; spawn_main(tracker_fd=7, pipe_handle=13)' --multiprocessing-fork

src/sim/mem_state.cc:443: info: Increasing stack size by one page.
src/sim/syscall_emul.hh:1121: warn: readlink() called on '/proc/self/exe' may yield unexpected results in various settings.
      Returning '/home/fdemirel/HPC_Lab_Proj/benchmarks/matmult/matmult-m5.x'
src/arch/arm/insts/pseudo.cc:174: warn: 	instruction 'bti' unimplemented

----MATRIX MULTIPLICATION----

----Computation starts----
Loop 0 ... 
argc = 2, A[argc][argc] = 0.500000, B[argc][argc] = 0.500000, C[argc][argc] = 0.500000 
Execution time: 1.290753 (ms) 
Global frequency set at 1000000000000 ticks per second
src/mem/dram_interface.cc:690: warn: DRAM device capacity (16384 Mbytes) does not match the address range assigned (1024 Mbytes)
src/base/statistics.hh:279: warn: One of the stats is a legacy stat. Legacy stat is a stat that does not belong to any statistics::Group. Legacy stat is deprecated.
board.remote_gdb: Listening for connections on port 7003
gem5 Simulator System.  https://www.gem5.org
gem5 is copyrighted software; use the --copyright option for details.

gem5 version 25.0.0.1
gem5 compiled May  5 2026 12:55:05
gem5 started Jun 17 2026 22:08:31
gem5 executing on cn27.guoehi.cluster, pid 187687
command line: /home/fdemirel/HPC_Lab_Proj/imp/../../gem5/build/ALL/gem5.opt -s --outdir=results_imp_multisim --stdout-file=bfs_imp_sthr2_l1d_ddr4_1x_simout.txt --stderr-file=bfs_imp_sthr2_l1d_ddr4_1x_simerr.txt --stats-file=stats.txt -c 'from multiprocessing.spawn import spawn_main; spawn_main(tracker_fd=7, pipe_handle=13)' --multiprocessing-fork

src/sim/mem_state.cc:443: info: Increasing stack size by one page.
src/sim/syscall_emul.hh:1121: warn: readlink() called on '/proc/self/exe' may yield unexpected results in various settings.
      Returning '/home/fdemirel/HPC_Lab_Proj/benchmarks/bfs/bfs-m5.x'
src/arch/arm/insts/pseudo.cc:174: warn: 	instruction 'bti' unimplemented
Beginning BFS ...
Finished BFS.
Global frequency set at 1000000000000 ticks per second
src/mem/dram_interface.cc:690: warn: DRAM device capacity (16384 Mbytes) does not match the address range assigned (512 Mbytes)
src/mem/dram_interface.cc:690: warn: DRAM device capacity (16384 Mbytes) does not match the address range assigned (512 Mbytes)
src/base/statistics.hh:279: warn: One of the stats is a legacy stat. Legacy stat is a stat that does not belong to any statistics::Group. Legacy stat is deprecated.
board.remote_gdb: Listening for connections on port 7002
gem5 Simulator System.  https://www.gem5.org
gem5 is copyrighted software; use the --copyright option for details.

gem5 version 25.0.0.1
gem5 compiled May  5 2026 12:55:05
gem5 started Jun 17 2026 22:09:58
gem5 executing on cn27.guoehi.cluster, pid 187693
command line: /home/fdemirel/HPC_Lab_Proj/imp/../../gem5/build/ALL/gem5.opt -s --outdir=results_imp_multisim --stdout-file=simple_triad_imp_sthr2_l1d_ddr4_2x_simout.txt --stderr-file=simple_triad_imp_sthr2_l1d_ddr4_2x_simerr.txt --stats-file=stats.txt -c 'from multiprocessing.spawn import spawn_main; spawn_main(tracker_fd=7, pipe_handle=13)' --multiprocessing-fork

src/sim/mem_state.cc:443: info: Increasing stack size by one page.
src/sim/syscall_emul.hh:1121: warn: readlink() called on '/proc/self/exe' may yield unexpected results in various settings.
      Returning '/home/fdemirel/HPC_Lab_Proj/benchmarks/simple_triad/simple_triad-m5.x'
----quick sort----
Array SIZE      : 131072 
random_elem:0, /home/fdemirel/HPC_Lab_Proj/benchmarks/quick/quick-m5.x
Execution time: 8.952131 (ms) 
Global frequency set at 1000000000000 ticks per second
src/mem/dram_interface.cc:690: warn: DRAM device capacity (16384 Mbytes) does not match the address range assigned (512 Mbytes)
src/mem/dram_interface.cc:690: warn: DRAM device capacity (16384 Mbytes) does not match the address range assigned (512 Mbytes)
src/base/statistics.hh:279: warn: One of the stats is a legacy stat. Legacy stat is a stat that does not belong to any statistics::Group. Legacy stat is deprecated.
board.remote_gdb: Listening for connections on port 7001
gem5 Simulator System.  https://www.gem5.org
gem5 is copyrighted software; use the --copyright option for details.

gem5 version 25.0.0.1
gem5 compiled May  5 2026 12:55:05
gem5 started Jun 17 2026 22:10:20
gem5 executing on cn27.guoehi.cluster, pid 187700
command line: /home/fdemirel/HPC_Lab_Proj/imp/../../gem5/build/ALL/gem5.opt -s --outdir=results_imp_multisim --stdout-file=merge_imp_sdist2_l1d_ddr4_2x_simout.txt --stderr-file=merge_imp_sdist2_l1d_ddr4_2x_simerr.txt --stats-file=stats.txt -c 'from multiprocessing.spawn import spawn_main; spawn_main(tracker_fd=7, pipe_handle=13)' --multiprocessing-fork

src/sim/mem_state.cc:443: info: Increasing stack size by one page.
src/sim/syscall_emul.hh:1121: warn: readlink() called on '/proc/self/exe' may yield unexpected results in various settings.
      Returning '/home/fdemirel/HPC_Lab_Proj/benchmarks/merge/merge-m5.x'
src/arch/arm/insts/pseudo.cc:174: warn: 	instruction 'bti' unimplemented

----merge----
Execution time: 10.543216 (ms) 
random_elem:0, /home/fdemirel/HPC_Lab_Proj/benchmarks/merge/merge-m5.x
Array SIZE      : 1000000 
Array LOOP      : 1 

----triad----
a[0]=7.00e+00. b[0]=2.00e+00. c[0]=1.00e+00.
Execution time: 2.235711 (ms) 
   Rate [MB/s]: 10734.8 
Global frequency set at 1000000000000 ticks per second
src/mem/dram_interface.cc:690: warn: DRAM device capacity (16384 Mbytes) does not match the address range assigned (1024 Mbytes)
src/base/statistics.hh:279: warn: One of the stats is a legacy stat. Legacy stat is a stat that does not belong to any statistics::Group. Legacy stat is deprecated.
board.remote_gdb: Listening for connections on port 7000
gem5 Simulator System.  https://www.gem5.org
gem5 is copyrighted software; use the --copyright option for details.

gem5 version 25.0.0.1
gem5 compiled May  5 2026 12:55:05
gem5 started Jun 17 2026 22:11:38
gem5 executing on cn27.guoehi.cluster, pid 187705
command line: /home/fdemirel/HPC_Lab_Proj/imp/../../gem5/build/ALL/gem5.opt -s --outdir=results_imp_multisim --stdout-file=simple_triad_imp_thr4_l2_ddr4_1x_simout.txt --stderr-file=simple_triad_imp_thr4_l2_ddr4_1x_simerr.txt --stats-file=stats.txt -c 'from multiprocessing.spawn import spawn_main; spawn_main(tracker_fd=7, pipe_handle=13)' --multiprocessing-fork

src/sim/mem_state.cc:443: info: Increasing stack size by one page.
src/sim/syscall_emul.hh:1121: warn: readlink() called on '/proc/self/exe' may yield unexpected results in various settings.
      Returning '/home/fdemirel/HPC_Lab_Proj/benchmarks/simple_triad/simple_triad-m5.x'
Global frequency set at 1000000000000 ticks per second
src/mem/dram_interface.cc:690: warn: DRAM device capacity (16384 Mbytes) does not match the address range assigned (512 Mbytes)
src/mem/dram_interface.cc:690: warn: DRAM device capacity (16384 Mbytes) does not match the address range assigned (512 Mbytes)
src/base/statistics.hh:279: warn: One of the stats is a legacy stat. Legacy stat is a stat that does not belong to any statistics::Group. Legacy stat is deprecated.
board.remote_gdb: Listening for connections on port 7002
gem5 Simulator System.  https://www.gem5.org
gem5 is copyrighted software; use the --copyright option for details.

gem5 version 25.0.0.1
gem5 compiled May  5 2026 12:55:05
gem5 started Jun 17 2026 22:11:49
gem5 executing on cn27.guoehi.cluster, pid 187706
command line: /home/fdemirel/HPC_Lab_Proj/imp/../../gem5/build/ALL/gem5.opt -s --outdir=results_imp_multisim --stdout-file=spmv_imp_sdist2_l2_ddr4_2x_simout.txt --stderr-file=spmv_imp_sdist2_l2_ddr4_2x_simerr.txt --stats-file=stats.txt -c 'from multiprocessing.spawn import spawn_main; spawn_main(tracker_fd=7, pipe_handle=13)' --multiprocessing-fork

src/sim/mem_state.cc:443: info: Increasing stack size by one page.
src/sim/syscall_emul.hh:1121: warn: readlink() called on '/proc/self/exe' may yield unexpected results in various settings.
      Returning '/home/fdemirel/HPC_Lab_Proj/benchmarks/spmv/spmv-m5.x'
src/arch/arm/insts/pseudo.cc:174: warn: 	instruction 'bti' unimplemented
src/sim/mem_state.cc:443: info: Increasing stack size by one page.
src/sim/mem_state.cc:443: info: Increasing stack size by one page.
src/sim/mem_state.cc:443: info: Increasing stack size by one page.
src/sim/mem_state.cc:443: info: Increasing stack size by one page.
src/sim/mem_state.cc:443: info: Increasing stack size by one page.
src/sim/mem_state.cc:443: info: Increasing stack size by one page.
src/sim/mem_state.cc:443: info: Increasing stack size by one page.
Array SIZE      : 1000000 
Array LOOP      : 1 

----triad----
a[0]=7.00e+00. b[0]=2.00e+00. c[0]=1.00e+00.
Execution time: 2.921286 (ms) 
   Rate [MB/s]: 8215.6 
----spmv----
N_ROWS          : 8192 
N_COLS          : 65536 
NNZ             : 524155 
Execution time: 7.266517 (ms) 
Global frequency set at 1000000000000 ticks per second
src/mem/dram_interface.cc:690: warn: DRAM device capacity (16384 Mbytes) does not match the address range assigned (512 Mbytes)
src/mem/dram_interface.cc:690: warn: DRAM device capacity (16384 Mbytes) does not match the address range assigned (512 Mbytes)
src/base/statistics.hh:279: warn: One of the stats is a legacy stat. Legacy stat is a stat that does not belong to any statistics::Group. Legacy stat is deprecated.
board.remote_gdb: Listening for connections on port 7000
gem5 Simulator System.  https://www.gem5.org
gem5 is copyrighted software; use the --copyright option for details.

gem5 version 25.0.0.1
gem5 compiled May  5 2026 12:55:05
gem5 started Jun 17 2026 22:13:36
gem5 executing on cn27.guoehi.cluster, pid 187714
command line: /home/fdemirel/HPC_Lab_Proj/imp/../../gem5/build/ALL/gem5.opt -s --outdir=results_imp_multisim --stdout-file=merge_imp_sthr2_l2_ddr4_2x_simout.txt --stderr-file=merge_imp_sthr2_l2_ddr4_2x_simerr.txt --stats-file=stats.txt -c 'from multiprocessing.spawn import spawn_main; spawn_main(tracker_fd=7, pipe_handle=13)' --multiprocessing-fork

src/sim/mem_state.cc:443: info: Increasing stack size by one page.
src/sim/syscall_emul.hh:1121: warn: readlink() called on '/proc/self/exe' may yield unexpected results in various settings.
      Returning '/home/fdemirel/HPC_Lab_Proj/benchmarks/merge/merge-m5.x'
src/arch/arm/insts/pseudo.cc:174: warn: 	instruction 'bti' unimplemented
Global frequency set at 1000000000000 ticks per second
src/mem/dram_interface.cc:690: warn: DRAM device capacity (16384 Mbytes) does not match the address range assigned (512 Mbytes)
src/mem/dram_interface.cc:690: warn: DRAM device capacity (16384 Mbytes) does not match the address range assigned (512 Mbytes)
src/base/statistics.hh:279: warn: One of the stats is a legacy stat. Legacy stat is a stat that does not belong to any statistics::Group. Legacy stat is deprecated.
board.remote_gdb: Listening for connections on port 7002
gem5 Simulator System.  https://www.gem5.org
gem5 is copyrighted software; use the --copyright option for details.

gem5 version 25.0.0.1
gem5 compiled May  5 2026 12:55:05
gem5 started Jun 17 2026 22:13:49
gem5 executing on cn27.guoehi.cluster, pid 187715
command line: /home/fdemirel/HPC_Lab_Proj/imp/../../gem5/build/ALL/gem5.opt -s --outdir=results_imp_multisim --stdout-file=spmv_imp_sthr2_l1d_ddr4_2x_simout.txt --stderr-file=spmv_imp_sthr2_l1d_ddr4_2x_simerr.txt --stats-file=stats.txt -c 'from multiprocessing.spawn import spawn_main; spawn_main(tracker_fd=7, pipe_handle=13)' --multiprocessing-fork

src/sim/mem_state.cc:443: info: Increasing stack size by one page.
src/sim/syscall_emul.hh:1121: warn: readlink() called on '/proc/self/exe' may yield unexpected results in various settings.
      Returning '/home/fdemirel/HPC_Lab_Proj/benchmarks/spmv/spmv-m5.x'
src/arch/arm/insts/pseudo.cc:174: warn: 	instruction 'bti' unimplemented
src/sim/mem_state.cc:443: info: Increasing stack size by one page.
src/sim/mem_state.cc:443: info: Increasing stack size by one page.
src/sim/mem_state.cc:443: info: Increasing stack size by one page.
src/sim/mem_state.cc:443: info: Increasing stack size by one page.
src/sim/mem_state.cc:443: info: Increasing stack size by one page.
src/sim/mem_state.cc:443: info: Increasing stack size by one page.
src/sim/mem_state.cc:443: info: Increasing stack size by one page.
Finished BFS.

----merge----
Execution time: 10.589514 (ms) 
random_elem:0, /home/fdemirel/HPC_Lab_Proj/benchmarks/merge/merge-m5.x
Global frequency set at 1000000000000 ticks per second
src/mem/dram_interface.cc:690: warn: DRAM device capacity (16384 Mbytes) does not match the address range assigned (1024 Mbytes)
src/base/statistics.hh:279: warn: One of the stats is a legacy stat. Legacy stat is a stat that does not belong to any statistics::Group. Legacy stat is deprecated.
board.remote_gdb: Listening for connections on port 7001
gem5 Simulator System.  https://www.gem5.org
gem5 is copyrighted software; use the --copyright option for details.

gem5 version 25.0.0.1
gem5 compiled May  5 2026 12:55:05
gem5 started Jun 17 2026 22:15:22
gem5 executing on cn27.guoehi.cluster, pid 187725
command line: /home/fdemirel/HPC_Lab_Proj/imp/../../gem5/build/ALL/gem5.opt -s --outdir=results_imp_multisim --stdout-file=spmv_imp_thr4_l2_ddr4_1x_simout.txt --stderr-file=spmv_imp_thr4_l2_ddr4_1x_simerr.txt --stats-file=stats.txt -c 'from multiprocessing.spawn import spawn_main; spawn_main(tracker_fd=7, pipe_handle=13)' --multiprocessing-fork

src/sim/mem_state.cc:443: info: Increasing stack size by one page.
src/sim/syscall_emul.hh:1121: warn: readlink() called on '/proc/self/exe' may yield unexpected results in various settings.
      Returning '/home/fdemirel/HPC_Lab_Proj/benchmarks/spmv/spmv-m5.x'
src/arch/arm/insts/pseudo.cc:174: warn: 	instruction 'bti' unimplemented
src/sim/mem_state.cc:443: info: Increasing stack size by one page.
src/sim/mem_state.cc:443: info: Increasing stack size by one page.
src/sim/mem_state.cc:443: info: Increasing stack size by one page.
src/sim/mem_state.cc:443: info: Increasing stack size by one page.
src/sim/mem_state.cc:443: info: Increasing stack size by one page.
src/sim/mem_state.cc:443: info: Increasing stack size by one page.
src/sim/mem_state.cc:443: info: Increasing stack size by one page.
Global frequency set at 1000000000000 ticks per second
src/mem/dram_interface.cc:690: warn: DRAM device capacity (16384 Mbytes) does not match the address range assigned (1024 Mbytes)
src/base/statistics.hh:279: warn: One of the stats is a legacy stat. Legacy stat is a stat that does not belong to any statistics::Group. Legacy stat is deprecated.
board.remote_gdb: Listening for connections on port 7003
gem5 Simulator System.  https://www.gem5.org
gem5 is copyrighted software; use the --copyright option for details.

gem5 version 25.0.0.1
gem5 compiled May  5 2026 12:55:05
gem5 started Jun 17 2026 22:15:29
gem5 executing on cn27.guoehi.cluster, pid 187726
command line: /home/fdemirel/HPC_Lab_Proj/imp/../../gem5/build/ALL/gem5.opt -s --outdir=results_imp_multisim --stdout-file=bfs_imp_dist4_l2_ddr4_1x_simout.txt --stderr-file=bfs_imp_dist4_l2_ddr4_1x_simerr.txt --stats-file=stats.txt -c 'from multiprocessing.spawn import spawn_main; spawn_main(tracker_fd=7, pipe_handle=13)' --multiprocessing-fork

src/sim/mem_state.cc:443: info: Increasing stack size by one page.
src/sim/syscall_emul.hh:1121: warn: readlink() called on '/proc/self/exe' may yield unexpected results in various settings.
      Returning '/home/fdemirel/HPC_Lab_Proj/benchmarks/bfs/bfs-m5.x'
src/arch/arm/insts/pseudo.cc:174: warn: 	instruction 'bti' unimplemented
Beginning BFS ...
----spmv----
N_ROWS          : 8192 
N_COLS          : 65536 
NNZ             : 524155 
Execution time: 6.303882 (ms) 
Global frequency set at 1000000000000 ticks per second
src/mem/dram_interface.cc:690: warn: DRAM device capacity (16384 Mbytes) does not match the address range assigned (512 Mbytes)
src/mem/dram_interface.cc:690: warn: DRAM device capacity (16384 Mbytes) does not match the address range assigned (512 Mbytes)
src/base/statistics.hh:279: warn: One of the stats is a legacy stat. Legacy stat is a stat that does not belong to any statistics::Group. Legacy stat is deprecated.
board.remote_gdb: Listening for connections on port 7002
gem5 Simulator System.  https://www.gem5.org
gem5 is copyrighted software; use the --copyright option for details.

gem5 version 25.0.0.1
gem5 compiled May  5 2026 12:55:05
gem5 started Jun 17 2026 22:16:12
gem5 executing on cn27.guoehi.cluster, pid 187732
command line: /home/fdemirel/HPC_Lab_Proj/imp/../../gem5/build/ALL/gem5.opt -s --outdir=results_imp_multisim --stdout-file=simple_triad_imp_ipd8_l1d_ddr4_2x_simout.txt --stderr-file=simple_triad_imp_ipd8_l1d_ddr4_2x_simerr.txt --stats-file=stats.txt -c 'from multiprocessing.spawn import spawn_main; spawn_main(tracker_fd=7, pipe_handle=13)' --multiprocessing-fork

src/sim/mem_state.cc:443: info: Increasing stack size by one page.
src/sim/syscall_emul.hh:1121: warn: readlink() called on '/proc/self/exe' may yield unexpected results in various settings.
      Returning '/home/fdemirel/HPC_Lab_Proj/benchmarks/simple_triad/simple_triad-m5.x'
----spmv----
N_ROWS          : 8192 
N_COLS          : 65536 
NNZ             : 524155 
Execution time: 6.890919 (ms) 
Global frequency set at 1000000000000 ticks per second
src/mem/dram_interface.cc:690: warn: DRAM device capacity (16384 Mbytes) does not match the address range assigned (512 Mbytes)
src/mem/dram_interface.cc:690: warn: DRAM device capacity (16384 Mbytes) does not match the address range assigned (512 Mbytes)
src/base/statistics.hh:279: warn: One of the stats is a legacy stat. Legacy stat is a stat that does not belong to any statistics::Group. Legacy stat is deprecated.
board.remote_gdb: Listening for connections on port 7001
gem5 Simulator System.  https://www.gem5.org
gem5 is copyrighted software; use the --copyright option for details.

gem5 version 25.0.0.1
gem5 compiled May  5 2026 12:55:05
gem5 started Jun 17 2026 22:17:26
gem5 executing on cn27.guoehi.cluster, pid 187738
command line: /home/fdemirel/HPC_Lab_Proj/imp/../../gem5/build/ALL/gem5.opt -s --outdir=results_imp_multisim --stdout-file=quick_imp_sthr2_l1d_ddr4_2x_simout.txt --stderr-file=quick_imp_sthr2_l1d_ddr4_2x_simerr.txt --stats-file=stats.txt -c 'from multiprocessing.spawn import spawn_main; spawn_main(tracker_fd=7, pipe_handle=13)' --multiprocessing-fork

src/sim/mem_state.cc:443: info: Increasing stack size by one page.
src/sim/syscall_emul.hh:1121: warn: readlink() called on '/proc/self/exe' may yield unexpected results in various settings.
      Returning '/home/fdemirel/HPC_Lab_Proj/benchmarks/quick/quick-m5.x'
src/arch/arm/insts/pseudo.cc:174: warn: 	instruction 'bti' unimplemented
Array SIZE      : 1000000 
Array LOOP      : 1 

----triad----
a[0]=7.00e+00. b[0]=2.00e+00. c[0]=1.00e+00.
Execution time: 2.245558 (ms) 
   Rate [MB/s]: 10687.8 
Global frequency set at 1000000000000 ticks per second
src/mem/dram_interface.cc:690: warn: DRAM device capacity (16384 Mbytes) does not match the address range assigned (1024 Mbytes)
src/base/statistics.hh:279: warn: One of the stats is a legacy stat. Legacy stat is a stat that does not belong to any statistics::Group. Legacy stat is deprecated.
board.remote_gdb: Listening for connections on port 7002
gem5 Simulator System.  https://www.gem5.org
gem5 is copyrighted software; use the --copyright option for details.

gem5 version 25.0.0.1
gem5 compiled May  5 2026 12:55:05
gem5 started Jun 17 2026 22:18:02
gem5 executing on cn27.guoehi.cluster, pid 187741
command line: /home/fdemirel/HPC_Lab_Proj/imp/../../gem5/build/ALL/gem5.opt -s --outdir=results_imp_multisim --stdout-file=merge_imp_sdist16_l1d_ddr4_1x_simout.txt --stderr-file=merge_imp_sdist16_l1d_ddr4_1x_simerr.txt --stats-file=stats.txt -c 'from multiprocessing.spawn import spawn_main; spawn_main(tracker_fd=7, pipe_handle=13)' --multiprocessing-fork

src/sim/mem_state.cc:443: info: Increasing stack size by one page.
src/sim/syscall_emul.hh:1121: warn: readlink() called on '/proc/self/exe' may yield unexpected results in various settings.
      Returning '/home/fdemirel/HPC_Lab_Proj/benchmarks/merge/merge-m5.x'
src/arch/arm/insts/pseudo.cc:174: warn: 	instruction 'bti' unimplemented

----merge----
Execution time: 10.547992 (ms) 
random_elem:0, /home/fdemirel/HPC_Lab_Proj/benchmarks/merge/merge-m5.x
Global frequency set at 1000000000000 ticks per second
src/mem/dram_interface.cc:690: warn: DRAM device capacity (16384 Mbytes) does not match the address range assigned (512 Mbytes)
src/mem/dram_interface.cc:690: warn: DRAM device capacity (16384 Mbytes) does not match the address range assigned (512 Mbytes)
src/base/statistics.hh:279: warn: One of the stats is a legacy stat. Legacy stat is a stat that does not belong to any statistics::Group. Legacy stat is deprecated.
board.remote_gdb: Listening for connections on port 7000
gem5 Simulator System.  https://www.gem5.org
gem5 is copyrighted software; use the --copyright option for details.

gem5 version 25.0.0.1
gem5 compiled May  5 2026 12:55:05
gem5 started Jun 17 2026 22:18:49
gem5 executing on cn27.guoehi.cluster, pid 187746
command line: /home/fdemirel/HPC_Lab_Proj/imp/../../gem5/build/ALL/gem5.opt -s --outdir=results_imp_multisim --stdout-file=spmv_imp_pt32_l2_ddr4_2x_simout.txt --stderr-file=spmv_imp_pt32_l2_ddr4_2x_simerr.txt --stats-file=stats.txt -c 'from multiprocessing.spawn import spawn_main; spawn_main(tracker_fd=7, pipe_handle=13)' --multiprocessing-fork

src/sim/mem_state.cc:443: info: Increasing stack size by one page.
src/sim/syscall_emul.hh:1121: warn: readlink() called on '/proc/self/exe' may yield unexpected results in various settings.
      Returning '/home/fdemirel/HPC_Lab_Proj/benchmarks/spmv/spmv-m5.x'
src/arch/arm/insts/pseudo.cc:174: warn: 	instruction 'bti' unimplemented
src/sim/mem_state.cc:443: info: Increasing stack size by one page.
src/sim/mem_state.cc:443: info: Increasing stack size by one page.
src/sim/mem_state.cc:443: info: Increasing stack size by one page.
src/sim/mem_state.cc:443: info: Increasing stack size by one page.
src/sim/mem_state.cc:443: info: Increasing stack size by one page.
src/sim/mem_state.cc:443: info: Increasing stack size by one page.
src/sim/mem_state.cc:443: info: Increasing stack size by one page.
----spmv----
N_ROWS          : 8192 
N_COLS          : 65536 
NNZ             : 524155 
Execution time: 6.423470 (ms) 
Global frequency set at 1000000000000 ticks per second
src/mem/dram_interface.cc:690: warn: DRAM device capacity (16384 Mbytes) does not match the address range assigned (512 Mbytes)
src/mem/dram_interface.cc:690: warn: DRAM device capacity (16384 Mbytes) does not match the address range assigned (512 Mbytes)
src/base/statistics.hh:279: warn: One of the stats is a legacy stat. Legacy stat is a stat that does not belong to any statistics::Group. Legacy stat is deprecated.
board.remote_gdb: Listening for connections on port 7000
gem5 Simulator System.  https://www.gem5.org
gem5 is copyrighted software; use the --copyright option for details.

gem5 version 25.0.0.1
gem5 compiled May  5 2026 12:55:05
gem5 started Jun 17 2026 22:20:49
gem5 executing on cn27.guoehi.cluster, pid 187761
command line: /home/fdemirel/HPC_Lab_Proj/imp/../../gem5/build/ALL/gem5.opt -s --outdir=results_imp_multisim --stdout-file=matmult_imp_ipd8_l2_ddr4_2x_simout.txt --stderr-file=matmult_imp_ipd8_l2_ddr4_2x_simerr.txt --stats-file=stats.txt -c 'from multiprocessing.spawn import spawn_main; spawn_main(tracker_fd=7, pipe_handle=13)' --multiprocessing-fork

src/sim/mem_state.cc:443: info: Increasing stack size by one page.
src/sim/syscall_emul.hh:1121: warn: readlink() called on '/proc/self/exe' may yield unexpected results in various settings.
      Returning '/home/fdemirel/HPC_Lab_Proj/benchmarks/matmult/matmult-m5.x'
src/arch/arm/insts/pseudo.cc:174: warn: 	instruction 'bti' unimplemented
----quick sort----
Array SIZE      : 131072 
random_elem:0, /home/fdemirel/HPC_Lab_Proj/benchmarks/quick/quick-m5.x
Execution time: 8.736085 (ms) 
Finished BFS.
Global frequency set at 1000000000000 ticks per second
src/mem/dram_interface.cc:690: warn: DRAM device capacity (16384 Mbytes) does not match the address range assigned (512 Mbytes)
src/mem/dram_interface.cc:690: warn: DRAM device capacity (16384 Mbytes) does not match the address range assigned (512 Mbytes)
src/base/statistics.hh:279: warn: One of the stats is a legacy stat. Legacy stat is a stat that does not belong to any statistics::Group. Legacy stat is deprecated.
board.remote_gdb: Listening for connections on port 7001
gem5 Simulator System.  https://www.gem5.org
gem5 is copyrighted software; use the --copyright option for details.

gem5 version 25.0.0.1
gem5 compiled May  5 2026 12:55:05
gem5 started Jun 17 2026 22:21:35
gem5 executing on cn27.guoehi.cluster, pid 187770
command line: /home/fdemirel/HPC_Lab_Proj/imp/../../gem5/build/ALL/gem5.opt -s --outdir=results_imp_multisim --stdout-file=bfs_imp_sthr2_l2_ddr4_2x_simout.txt --stderr-file=bfs_imp_sthr2_l2_ddr4_2x_simerr.txt --stats-file=stats.txt -c 'from multiprocessing.spawn import spawn_main; spawn_main(tracker_fd=7, pipe_handle=13)' --multiprocessing-fork

src/sim/mem_state.cc:443: info: Increasing stack size by one page.
src/sim/syscall_emul.hh:1121: warn: readlink() called on '/proc/self/exe' may yield unexpected results in various settings.
      Returning '/home/fdemirel/HPC_Lab_Proj/benchmarks/bfs/bfs-m5.x'
src/arch/arm/insts/pseudo.cc:174: warn: 	instruction 'bti' unimplemented
Beginning BFS ...

----MATRIX MULTIPLICATION----

----Computation starts----
Loop 0 ... 
argc = 2, A[argc][argc] = 0.500000, B[argc][argc] = 0.500000, C[argc][argc] = 0.500000 
Execution time: 1.222351 (ms) 
Global frequency set at 1000000000000 ticks per second
src/mem/dram_interface.cc:690: warn: DRAM device capacity (16384 Mbytes) does not match the address range assigned (1024 Mbytes)
src/base/statistics.hh:279: warn: One of the stats is a legacy stat. Legacy stat is a stat that does not belong to any statistics::Group. Legacy stat is deprecated.
board.remote_gdb: Listening for connections on port 7000
gem5 Simulator System.  https://www.gem5.org
gem5 is copyrighted software; use the --copyright option for details.

gem5 version 25.0.0.1
gem5 compiled May  5 2026 12:55:05
gem5 started Jun 17 2026 22:21:44
gem5 executing on cn27.guoehi.cluster, pid 187771
command line: /home/fdemirel/HPC_Lab_Proj/imp/../../gem5/build/ALL/gem5.opt -s --outdir=results_imp_multisim --stdout-file=merge_imp_pt8_l2_ddr4_1x_simout.txt --stderr-file=merge_imp_pt8_l2_ddr4_1x_simerr.txt --stats-file=stats.txt -c 'from multiprocessing.spawn import spawn_main; spawn_main(tracker_fd=7, pipe_handle=13)' --multiprocessing-fork

src/sim/mem_state.cc:443: info: Increasing stack size by one page.
src/sim/syscall_emul.hh:1121: warn: readlink() called on '/proc/self/exe' may yield unexpected results in various settings.
      Returning '/home/fdemirel/HPC_Lab_Proj/benchmarks/merge/merge-m5.x'
src/arch/arm/insts/pseudo.cc:174: warn: 	instruction 'bti' unimplemented
Global frequency set at 1000000000000 ticks per second
src/mem/dram_interface.cc:690: warn: DRAM device capacity (16384 Mbytes) does not match the address range assigned (1024 Mbytes)
src/base/statistics.hh:279: warn: One of the stats is a legacy stat. Legacy stat is a stat that does not belong to any statistics::Group. Legacy stat is deprecated.
board.remote_gdb: Listening for connections on port 7003
gem5 Simulator System.  https://www.gem5.org
gem5 is copyrighted software; use the --copyright option for details.

gem5 version 25.0.0.1
gem5 compiled May  5 2026 12:55:05
gem5 started Jun 17 2026 22:21:57
gem5 executing on cn27.guoehi.cluster, pid 187774
command line: /home/fdemirel/HPC_Lab_Proj/imp/../../gem5/build/ALL/gem5.opt -s --outdir=results_imp_multisim --stdout-file=simple_triad_imp_dist32_l1d_ddr4_1x_simout.txt --stderr-file=simple_triad_imp_dist32_l1d_ddr4_1x_simerr.txt --stats-file=stats.txt -c 'from multiprocessing.spawn import spawn_main; spawn_main(tracker_fd=7, pipe_handle=13)' --multiprocessing-fork

src/sim/mem_state.cc:443: info: Increasing stack size by one page.
src/sim/syscall_emul.hh:1121: warn: readlink() called on '/proc/self/exe' may yield unexpected results in various settings.
      Returning '/home/fdemirel/HPC_Lab_Proj/benchmarks/simple_triad/simple_triad-m5.x'

----merge----
Execution time: 10.025569 (ms) 
random_elem:0, /home/fdemirel/HPC_Lab_Proj/benchmarks/merge/merge-m5.x
Global frequency set at 1000000000000 ticks per second
src/mem/dram_interface.cc:690: warn: DRAM device capacity (16384 Mbytes) does not match the address range assigned (512 Mbytes)
src/mem/dram_interface.cc:690: warn: DRAM device capacity (16384 Mbytes) does not match the address range assigned (512 Mbytes)
src/base/statistics.hh:279: warn: One of the stats is a legacy stat. Legacy stat is a stat that does not belong to any statistics::Group. Legacy stat is deprecated.
board.remote_gdb: Listening for connections on port 7002
gem5 Simulator System.  https://www.gem5.org
gem5 is copyrighted software; use the --copyright option for details.

gem5 version 25.0.0.1
gem5 compiled May  5 2026 12:55:05
gem5 started Jun 17 2026 22:23:01
gem5 executing on cn27.guoehi.cluster, pid 187780
command line: /home/fdemirel/HPC_Lab_Proj/imp/../../gem5/build/ALL/gem5.opt -s --outdir=results_imp_multisim --stdout-file=merge_imp_ipd8_l2_ddr4_2x_simout.txt --stderr-file=merge_imp_ipd8_l2_ddr4_2x_simerr.txt --stats-file=stats.txt -c 'from multiprocessing.spawn import spawn_main; spawn_main(tracker_fd=7, pipe_handle=13)' --multiprocessing-fork

src/sim/mem_state.cc:443: info: Increasing stack size by one page.
src/sim/syscall_emul.hh:1121: warn: readlink() called on '/proc/self/exe' may yield unexpected results in various settings.
      Returning '/home/fdemirel/HPC_Lab_Proj/benchmarks/merge/merge-m5.x'
src/arch/arm/insts/pseudo.cc:174: warn: 	instruction 'bti' unimplemented
Array SIZE      : 1000000 
Array LOOP      : 1 

----triad----
a[0]=7.00e+00. b[0]=2.00e+00. c[0]=1.00e+00.
Execution time: 2.776922 (ms) 
   Rate [MB/s]: 8642.7 
Global frequency set at 1000000000000 ticks per second
src/mem/dram_interface.cc:690: warn: DRAM device capacity (16384 Mbytes) does not match the address range assigned (512 Mbytes)
src/mem/dram_interface.cc:690: warn: DRAM device capacity (16384 Mbytes) does not match the address range assigned (512 Mbytes)
src/base/statistics.hh:279: warn: One of the stats is a legacy stat. Legacy stat is a stat that does not belong to any statistics::Group. Legacy stat is deprecated.
board.remote_gdb: Listening for connections on port 7003
gem5 Simulator System.  https://www.gem5.org
gem5 is copyrighted software; use the --copyright option for details.

gem5 version 25.0.0.1
gem5 compiled May  5 2026 12:55:05
gem5 started Jun 17 2026 22:23:51
gem5 executing on cn27.guoehi.cluster, pid 187784
command line: /home/fdemirel/HPC_Lab_Proj/imp/../../gem5/build/ALL/gem5.opt -s --outdir=results_imp_multisim --stdout-file=spmv_imp_ipd8_l1d_ddr4_2x_simout.txt --stderr-file=spmv_imp_ipd8_l1d_ddr4_2x_simerr.txt --stats-file=stats.txt -c 'from multiprocessing.spawn import spawn_main; spawn_main(tracker_fd=7, pipe_handle=13)' --multiprocessing-fork

src/sim/mem_state.cc:443: info: Increasing stack size by one page.
src/sim/syscall_emul.hh:1121: warn: readlink() called on '/proc/self/exe' may yield unexpected results in various settings.
      Returning '/home/fdemirel/HPC_Lab_Proj/benchmarks/spmv/spmv-m5.x'
src/arch/arm/insts/pseudo.cc:174: warn: 	instruction 'bti' unimplemented
src/sim/mem_state.cc:443: info: Increasing stack size by one page.
src/sim/mem_state.cc:443: info: Increasing stack size by one page.
src/sim/mem_state.cc:443: info: Increasing stack size by one page.
src/sim/mem_state.cc:443: info: Increasing stack size by one page.
src/sim/mem_state.cc:443: info: Increasing stack size by one page.
src/sim/mem_state.cc:443: info: Increasing stack size by one page.
src/sim/mem_state.cc:443: info: Increasing stack size by one page.
----spmv----
N_ROWS          : 8192 
N_COLS          : 65536 
NNZ             : 524155 
Execution time: 6.310355 (ms) 
Global frequency set at 1000000000000 ticks per second
src/mem/dram_interface.cc:690: warn: DRAM device capacity (16384 Mbytes) does not match the address range assigned (1024 Mbytes)
src/base/statistics.hh:279: warn: One of the stats is a legacy stat. Legacy stat is a stat that does not belong to any statistics::Group. Legacy stat is deprecated.
board.remote_gdb: Listening for connections on port 7003
gem5 Simulator System.  https://www.gem5.org
gem5 is copyrighted software; use the --copyright option for details.

gem5 version 25.0.0.1
gem5 compiled May  5 2026 12:55:05
gem5 started Jun 17 2026 22:26:12
gem5 executing on cn27.guoehi.cluster, pid 187792
command line: /home/fdemirel/HPC_Lab_Proj/imp/../../gem5/build/ALL/gem5.opt -s --outdir=results_imp_multisim --stdout-file=spmv_imp_addrlen2_l2_ddr4_1x_simout.txt --stderr-file=spmv_imp_addrlen2_l2_ddr4_1x_simerr.txt --stats-file=stats.txt -c 'from multiprocessing.spawn import spawn_main; spawn_main(tracker_fd=7, pipe_handle=13)' --multiprocessing-fork

src/sim/mem_state.cc:443: info: Increasing stack size by one page.
src/sim/syscall_emul.hh:1121: warn: readlink() called on '/proc/self/exe' may yield unexpected results in various settings.
      Returning '/home/fdemirel/HPC_Lab_Proj/benchmarks/spmv/spmv-m5.x'
src/arch/arm/insts/pseudo.cc:174: warn: 	instruction 'bti' unimplemented
src/sim/mem_state.cc:443: info: Increasing stack size by one page.
src/sim/mem_state.cc:443: info: Increasing stack size by one page.
src/sim/mem_state.cc:443: info: Increasing stack size by one page.
src/sim/mem_state.cc:443: info: Increasing stack size by one page.
src/sim/mem_state.cc:443: info: Increasing stack size by one page.
src/sim/mem_state.cc:443: info: Increasing stack size by one page.
src/sim/mem_state.cc:443: info: Increasing stack size by one page.

----merge----
Execution time: 10.641670 (ms) 
random_elem:0, /home/fdemirel/HPC_Lab_Proj/benchmarks/merge/merge-m5.x
Global frequency set at 1000000000000 ticks per second
src/mem/dram_interface.cc:690: warn: DRAM device capacity (16384 Mbytes) does not match the address range assigned (512 Mbytes)
src/mem/dram_interface.cc:690: warn: DRAM device capacity (16384 Mbytes) does not match the address range assigned (512 Mbytes)
src/base/statistics.hh:279: warn: One of the stats is a legacy stat. Legacy stat is a stat that does not belong to any statistics::Group. Legacy stat is deprecated.
board.remote_gdb: Listening for connections on port 7000
gem5 Simulator System.  https://www.gem5.org
gem5 is copyrighted software; use the --copyright option for details.

gem5 version 25.0.0.1
gem5 compiled May  5 2026 12:55:05
gem5 started Jun 17 2026 22:26:44
gem5 executing on cn27.guoehi.cluster, pid 187796
command line: /home/fdemirel/HPC_Lab_Proj/imp/../../gem5/build/ALL/gem5.opt -s --outdir=results_imp_multisim --stdout-file=simple_triad_imp_addrlen8_l2_ddr4_2x_simout.txt --stderr-file=simple_triad_imp_addrlen8_l2_ddr4_2x_simerr.txt --stats-file=stats.txt -c 'from multiprocessing.spawn import spawn_main; spawn_main(tracker_fd=7, pipe_handle=13)' --multiprocessing-fork

src/sim/mem_state.cc:443: info: Increasing stack size by one page.
src/sim/syscall_emul.hh:1121: warn: readlink() called on '/proc/self/exe' may yield unexpected results in various settings.
      Returning '/home/fdemirel/HPC_Lab_Proj/benchmarks/simple_triad/simple_triad-m5.x'
Finished BFS.
Global frequency set at 1000000000000 ticks per second
src/mem/dram_interface.cc:690: warn: DRAM device capacity (16384 Mbytes) does not match the address range assigned (512 Mbytes)
src/mem/dram_interface.cc:690: warn: DRAM device capacity (16384 Mbytes) does not match the address range assigned (512 Mbytes)
src/base/statistics.hh:279: warn: One of the stats is a legacy stat. Legacy stat is a stat that does not belong to any statistics::Group. Legacy stat is deprecated.
board.remote_gdb: Listening for connections on port 7001
gem5 Simulator System.  https://www.gem5.org
gem5 is copyrighted software; use the --copyright option for details.

gem5 version 25.0.0.1
gem5 compiled May  5 2026 12:55:05
gem5 started Jun 17 2026 22:27:39
gem5 executing on cn27.guoehi.cluster, pid 187800
command line: /home/fdemirel/HPC_Lab_Proj/imp/../../gem5/build/ALL/gem5.opt -s --outdir=results_imp_multisim --stdout-file=matmult_imp_addrlen8_l1d_ddr4_2x_simout.txt --stderr-file=matmult_imp_addrlen8_l1d_ddr4_2x_simerr.txt --stats-file=stats.txt -c 'from multiprocessing.spawn import spawn_main; spawn_main(tracker_fd=7, pipe_handle=13)' --multiprocessing-fork

src/sim/mem_state.cc:443: info: Increasing stack size by one page.
src/sim/syscall_emul.hh:1121: warn: readlink() called on '/proc/self/exe' may yield unexpected results in various settings.
      Returning '/home/fdemirel/HPC_Lab_Proj/benchmarks/matmult/matmult-m5.x'
src/arch/arm/insts/pseudo.cc:174: warn: 	instruction 'bti' unimplemented

----merge----
Execution time: 10.543216 (ms) 
random_elem:0, /home/fdemirel/HPC_Lab_Proj/benchmarks/merge/merge-m5.x
----spmv----
N_ROWS          : 8192 
N_COLS          : 65536 
NNZ             : 524155 
Execution time: 6.890919 (ms) 
Global frequency set at 1000000000000 ticks per second
src/mem/dram_interface.cc:690: warn: DRAM device capacity (16384 Mbytes) does not match the address range assigned (1024 Mbytes)
src/base/statistics.hh:279: warn: One of the stats is a legacy stat. Legacy stat is a stat that does not belong to any statistics::Group. Legacy stat is deprecated.
board.remote_gdb: Listening for connections on port 7002
gem5 Simulator System.  https://www.gem5.org
gem5 is copyrighted software; use the --copyright option for details.

gem5 version 25.0.0.1
gem5 compiled May  5 2026 12:55:05
gem5 started Jun 17 2026 22:28:09
gem5 executing on cn27.guoehi.cluster, pid 187805
command line: /home/fdemirel/HPC_Lab_Proj/imp/../../gem5/build/ALL/gem5.opt -s --outdir=results_imp_multisim --stdout-file=quick_imp_addrlen2_l2_ddr4_1x_simout.txt --stderr-file=quick_imp_addrlen2_l2_ddr4_1x_simerr.txt --stats-file=stats.txt -c 'from multiprocessing.spawn import spawn_main; spawn_main(tracker_fd=7, pipe_handle=13)' --multiprocessing-fork

src/sim/mem_state.cc:443: info: Increasing stack size by one page.
src/sim/syscall_emul.hh:1121: warn: readlink() called on '/proc/self/exe' may yield unexpected results in various settings.
      Returning '/home/fdemirel/HPC_Lab_Proj/benchmarks/quick/quick-m5.x'
src/arch/arm/insts/pseudo.cc:174: warn: 	instruction 'bti' unimplemented
Global frequency set at 1000000000000 ticks per second
src/mem/dram_interface.cc:690: warn: DRAM device capacity (16384 Mbytes) does not match the address range assigned (1024 Mbytes)
src/base/statistics.hh:279: warn: One of the stats is a legacy stat. Legacy stat is a stat that does not belong to any statistics::Group. Legacy stat is deprecated.
board.remote_gdb: Listening for connections on port 7003
gem5 Simulator System.  https://www.gem5.org
gem5 is copyrighted software; use the --copyright option for details.

gem5 version 25.0.0.1
gem5 compiled May  5 2026 12:55:05
gem5 started Jun 17 2026 22:28:13
gem5 executing on cn27.guoehi.cluster, pid 187806
command line: /home/fdemirel/HPC_Lab_Proj/imp/../../gem5/build/ALL/gem5.opt -s --outdir=results_imp_multisim --stdout-file=spmv_imp_dist32_l1d_ddr4_1x_simout.txt --stderr-file=spmv_imp_dist32_l1d_ddr4_1x_simerr.txt --stats-file=stats.txt -c 'from multiprocessing.spawn import spawn_main; spawn_main(tracker_fd=7, pipe_handle=13)' --multiprocessing-fork

src/sim/mem_state.cc:443: info: Increasing stack size by one page.
src/sim/syscall_emul.hh:1121: warn: readlink() called on '/proc/self/exe' may yield unexpected results in various settings.
      Returning '/home/fdemirel/HPC_Lab_Proj/benchmarks/spmv/spmv-m5.x'
src/arch/arm/insts/pseudo.cc:174: warn: 	instruction 'bti' unimplemented
src/sim/mem_state.cc:443: info: Increasing stack size by one page.
src/sim/mem_state.cc:443: info: Increasing stack size by one page.
src/sim/mem_state.cc:443: info: Increasing stack size by one page.
src/sim/mem_state.cc:443: info: Increasing stack size by one page.
src/sim/mem_state.cc:443: info: Increasing stack size by one page.
src/sim/mem_state.cc:443: info: Increasing stack size by one page.
src/sim/mem_state.cc:443: info: Increasing stack size by one page.
Array SIZE      : 1000000 
Array LOOP      : 1 

----triad----
a[0]=7.00e+00. b[0]=2.00e+00. c[0]=1.00e+00.
Execution time: 2.250846 (ms) 
   Rate [MB/s]: 10662.7 

----MATRIX MULTIPLICATION----

----Computation starts----
Loop 0 ... 
argc = 2, A[argc][argc] = 0.500000, B[argc][argc] = 0.500000, C[argc][argc] = 0.500000 
Execution time: 1.253482 (ms) 
Global frequency set at 1000000000000 ticks per second
src/mem/dram_interface.cc:690: warn: DRAM device capacity (16384 Mbytes) does not match the address range assigned (1024 Mbytes)
src/base/statistics.hh:279: warn: One of the stats is a legacy stat. Legacy stat is a stat that does not belong to any statistics::Group. Legacy stat is deprecated.
board.remote_gdb: Listening for connections on port 7000
gem5 Simulator System.  https://www.gem5.org
gem5 is copyrighted software; use the --copyright option for details.

gem5 version 25.0.0.1
gem5 compiled May  5 2026 12:55:05
gem5 started Jun 17 2026 22:28:33
gem5 executing on cn27.guoehi.cluster, pid 187811
command line: /home/fdemirel/HPC_Lab_Proj/imp/../../gem5/build/ALL/gem5.opt -s --outdir=results_imp_multisim --stdout-file=bfs_imp_pt8_l2_ddr4_1x_simout.txt --stderr-file=bfs_imp_pt8_l2_ddr4_1x_simerr.txt --stats-file=stats.txt -c 'from multiprocessing.spawn import spawn_main; spawn_main(tracker_fd=7, pipe_handle=13)' --multiprocessing-fork

src/sim/mem_state.cc:443: info: Increasing stack size by one page.
src/sim/syscall_emul.hh:1121: warn: readlink() called on '/proc/self/exe' may yield unexpected results in various settings.
      Returning '/home/fdemirel/HPC_Lab_Proj/benchmarks/bfs/bfs-m5.x'
src/arch/arm/insts/pseudo.cc:174: warn: 	instruction 'bti' unimplemented
Beginning BFS ...
Global frequency set at 1000000000000 ticks per second
src/mem/dram_interface.cc:690: warn: DRAM device capacity (16384 Mbytes) does not match the address range assigned (512 Mbytes)
src/mem/dram_interface.cc:690: warn: DRAM device capacity (16384 Mbytes) does not match the address range assigned (512 Mbytes)
src/base/statistics.hh:279: warn: One of the stats is a legacy stat. Legacy stat is a stat that does not belong to any statistics::Group. Legacy stat is deprecated.
board.remote_gdb: Listening for connections on port 7001
gem5 Simulator System.  https://www.gem5.org
gem5 is copyrighted software; use the --copyright option for details.

gem5 version 25.0.0.1
gem5 compiled May  5 2026 12:55:05
gem5 started Jun 17 2026 22:28:50
gem5 executing on cn27.guoehi.cluster, pid 187814
command line: /home/fdemirel/HPC_Lab_Proj/imp/../../gem5/build/ALL/gem5.opt -s --outdir=results_imp_multisim --stdout-file=simple_triad_imp_dist4_l2_ddr4_2x_simout.txt --stderr-file=simple_triad_imp_dist4_l2_ddr4_2x_simerr.txt --stats-file=stats.txt -c 'from multiprocessing.spawn import spawn_main; spawn_main(tracker_fd=7, pipe_handle=13)' --multiprocessing-fork

src/sim/mem_state.cc:443: info: Increasing stack size by one page.
src/sim/syscall_emul.hh:1121: warn: readlink() called on '/proc/self/exe' may yield unexpected results in various settings.
      Returning '/home/fdemirel/HPC_Lab_Proj/benchmarks/simple_triad/simple_triad-m5.x'
----spmv----
N_ROWS          : 8192 
N_COLS          : 65536 
NNZ             : 524155 
Execution time: 6.728739 (ms) 
Array SIZE      : 1000000 
Array LOOP      : 1 

----triad----
a[0]=7.00e+00. b[0]=2.00e+00. c[0]=1.00e+00.
Execution time: 2.250846 (ms) 
   Rate [MB/s]: 10662.7 
Global frequency set at 1000000000000 ticks per second
src/mem/dram_interface.cc:690: warn: DRAM device capacity (16384 Mbytes) does not match the address range assigned (512 Mbytes)
src/mem/dram_interface.cc:690: warn: DRAM device capacity (16384 Mbytes) does not match the address range assigned (512 Mbytes)
src/base/statistics.hh:279: warn: One of the stats is a legacy stat. Legacy stat is a stat that does not belong to any statistics::Group. Legacy stat is deprecated.
board.remote_gdb: Listening for connections on port 7001
gem5 Simulator System.  https://www.gem5.org
gem5 is copyrighted software; use the --copyright option for details.

gem5 version 25.0.0.1
gem5 compiled May  5 2026 12:55:05
gem5 started Jun 17 2026 22:30:35
gem5 executing on cn27.guoehi.cluster, pid 187826
command line: /home/fdemirel/HPC_Lab_Proj/imp/../../gem5/build/ALL/gem5.opt -s --outdir=results_imp_multisim --stdout-file=quick_imp_ipd8_l1d_ddr4_2x_simout.txt --stderr-file=quick_imp_ipd8_l1d_ddr4_2x_simerr.txt --stats-file=stats.txt -c 'from multiprocessing.spawn import spawn_main; spawn_main(tracker_fd=7, pipe_handle=13)' --multiprocessing-fork

src/sim/mem_state.cc:443: info: Increasing stack size by one page.
src/sim/syscall_emul.hh:1121: warn: readlink() called on '/proc/self/exe' may yield unexpected results in various settings.
      Returning '/home/fdemirel/HPC_Lab_Proj/benchmarks/quick/quick-m5.x'
src/arch/arm/insts/pseudo.cc:174: warn: 	instruction 'bti' unimplemented
Global frequency set at 1000000000000 ticks per second
src/mem/dram_interface.cc:690: warn: DRAM device capacity (16384 Mbytes) does not match the address range assigned (1024 Mbytes)
src/base/statistics.hh:279: warn: One of the stats is a legacy stat. Legacy stat is a stat that does not belong to any statistics::Group. Legacy stat is deprecated.
board.remote_gdb: Listening for connections on port 7003
gem5 Simulator System.  https://www.gem5.org
gem5 is copyrighted software; use the --copyright option for details.

gem5 version 25.0.0.1
gem5 compiled May  5 2026 12:55:05
gem5 started Jun 17 2026 22:30:36
gem5 executing on cn27.guoehi.cluster, pid 187827
command line: /home/fdemirel/HPC_Lab_Proj/imp/../../gem5/build/ALL/gem5.opt -s --outdir=results_imp_multisim --stdout-file=merge_imp_default_l2_ddr4_1x_simout.txt --stderr-file=merge_imp_default_l2_ddr4_1x_simerr.txt --stats-file=stats.txt -c 'from multiprocessing.spawn import spawn_main; spawn_main(tracker_fd=7, pipe_handle=13)' --multiprocessing-fork

src/sim/mem_state.cc:443: info: Increasing stack size by one page.
src/sim/syscall_emul.hh:1121: warn: readlink() called on '/proc/self/exe' may yield unexpected results in various settings.
      Returning '/home/fdemirel/HPC_Lab_Proj/benchmarks/merge/merge-m5.x'
src/arch/arm/insts/pseudo.cc:174: warn: 	instruction 'bti' unimplemented
----quick sort----
Array SIZE      : 131072 
random_elem:0, /home/fdemirel/HPC_Lab_Proj/benchmarks/quick/quick-m5.x
Execution time: 9.039168 (ms) 
Global frequency set at 1000000000000 ticks per second
src/mem/dram_interface.cc:690: warn: DRAM device capacity (16384 Mbytes) does not match the address range assigned (512 Mbytes)
src/mem/dram_interface.cc:690: warn: DRAM device capacity (16384 Mbytes) does not match the address range assigned (512 Mbytes)
src/base/statistics.hh:279: warn: One of the stats is a legacy stat. Legacy stat is a stat that does not belong to any statistics::Group. Legacy stat is deprecated.
board.remote_gdb: Listening for connections on port 7002
gem5 Simulator System.  https://www.gem5.org
gem5 is copyrighted software; use the --copyright option for details.

gem5 version 25.0.0.1
gem5 compiled May  5 2026 12:55:05
gem5 started Jun 17 2026 22:32:17
gem5 executing on cn27.guoehi.cluster, pid 187836
command line: /home/fdemirel/HPC_Lab_Proj/imp/../../gem5/build/ALL/gem5.opt -s --outdir=results_imp_multisim --stdout-file=spmv_imp_addrlen8_l2_ddr4_2x_simout.txt --stderr-file=spmv_imp_addrlen8_l2_ddr4_2x_simerr.txt --stats-file=stats.txt -c 'from multiprocessing.spawn import spawn_main; spawn_main(tracker_fd=7, pipe_handle=13)' --multiprocessing-fork

src/sim/mem_state.cc:443: info: Increasing stack size by one page.
src/sim/syscall_emul.hh:1121: warn: readlink() called on '/proc/self/exe' may yield unexpected results in various settings.
      Returning '/home/fdemirel/HPC_Lab_Proj/benchmarks/spmv/spmv-m5.x'
src/arch/arm/insts/pseudo.cc:174: warn: 	instruction 'bti' unimplemented
src/sim/mem_state.cc:443: info: Increasing stack size by one page.
src/sim/mem_state.cc:443: info: Increasing stack size by one page.
src/sim/mem_state.cc:443: info: Increasing stack size by one page.
src/sim/mem_state.cc:443: info: Increasing stack size by one page.
src/sim/mem_state.cc:443: info: Increasing stack size by one page.
src/sim/mem_state.cc:443: info: Increasing stack size by one page.
src/sim/mem_state.cc:443: info: Increasing stack size by one page.
----spmv----
N_ROWS          : 8192 
N_COLS          : 65536 
NNZ             : 524155 
Execution time: 6.423470 (ms) 
Global frequency set at 1000000000000 ticks per second
src/mem/dram_interface.cc:690: warn: DRAM device capacity (16384 Mbytes) does not match the address range assigned (512 Mbytes)
src/mem/dram_interface.cc:690: warn: DRAM device capacity (16384 Mbytes) does not match the address range assigned (512 Mbytes)
src/base/statistics.hh:279: warn: One of the stats is a legacy stat. Legacy stat is a stat that does not belong to any statistics::Group. Legacy stat is deprecated.
board.remote_gdb: Listening for connections on port 7002
gem5 Simulator System.  https://www.gem5.org
gem5 is copyrighted software; use the --copyright option for details.

gem5 version 25.0.0.1
gem5 compiled May  5 2026 12:55:05
gem5 started Jun 17 2026 22:34:17
gem5 executing on cn27.guoehi.cluster, pid 187844
command line: /home/fdemirel/HPC_Lab_Proj/imp/../../gem5/build/ALL/gem5.opt -s --outdir=results_imp_multisim --stdout-file=matmult_imp_dist4_l1d_ddr4_2x_simout.txt --stderr-file=matmult_imp_dist4_l1d_ddr4_2x_simerr.txt --stats-file=stats.txt -c 'from multiprocessing.spawn import spawn_main; spawn_main(tracker_fd=7, pipe_handle=13)' --multiprocessing-fork

src/sim/mem_state.cc:443: info: Increasing stack size by one page.
src/sim/syscall_emul.hh:1121: warn: readlink() called on '/proc/self/exe' may yield unexpected results in various settings.
      Returning '/home/fdemirel/HPC_Lab_Proj/benchmarks/matmult/matmult-m5.x'
src/arch/arm/insts/pseudo.cc:174: warn: 	instruction 'bti' unimplemented
----quick sort----
Array SIZE      : 131072 
random_elem:0, /home/fdemirel/HPC_Lab_Proj/benchmarks/quick/quick-m5.x
Execution time: 8.734951 (ms) 
Finished BFS.
Global frequency set at 1000000000000 ticks per second
src/mem/dram_interface.cc:690: warn: DRAM device capacity (16384 Mbytes) does not match the address range assigned (1024 Mbytes)
src/base/statistics.hh:279: warn: One of the stats is a legacy stat. Legacy stat is a stat that does not belong to any statistics::Group. Legacy stat is deprecated.
board.remote_gdb: Listening for connections on port 7000
gem5 Simulator System.  https://www.gem5.org
gem5 is copyrighted software; use the --copyright option for details.

gem5 version 25.0.0.1
gem5 compiled May  5 2026 12:55:05
gem5 started Jun 17 2026 22:34:45
gem5 executing on cn27.guoehi.cluster, pid 187849
command line: /home/fdemirel/HPC_Lab_Proj/imp/../../gem5/build/ALL/gem5.opt -s --outdir=results_imp_multisim --stdout-file=quick_imp_dist32_l1d_ddr4_1x_simout.txt --stderr-file=quick_imp_dist32_l1d_ddr4_1x_simerr.txt --stats-file=stats.txt -c 'from multiprocessing.spawn import spawn_main; spawn_main(tracker_fd=7, pipe_handle=13)' --multiprocessing-fork

src/sim/mem_state.cc:443: info: Increasing stack size by one page.
src/sim/syscall_emul.hh:1121: warn: readlink() called on '/proc/self/exe' may yield unexpected results in various settings.
      Returning '/home/fdemirel/HPC_Lab_Proj/benchmarks/quick/quick-m5.x'
src/arch/arm/insts/pseudo.cc:174: warn: 	instruction 'bti' unimplemented
Global frequency set at 1000000000000 ticks per second
src/mem/dram_interface.cc:690: warn: DRAM device capacity (16384 Mbytes) does not match the address range assigned (1024 Mbytes)
src/base/statistics.hh:279: warn: One of the stats is a legacy stat. Legacy stat is a stat that does not belong to any statistics::Group. Legacy stat is deprecated.
board.remote_gdb: Listening for connections on port 7001
gem5 Simulator System.  https://www.gem5.org
gem5 is copyrighted software; use the --copyright option for details.

gem5 version 25.0.0.1
gem5 compiled May  5 2026 12:55:05
gem5 started Jun 17 2026 22:34:48
gem5 executing on cn27.guoehi.cluster, pid 187850
command line: /home/fdemirel/HPC_Lab_Proj/imp/../../gem5/build/ALL/gem5.opt -s --outdir=results_imp_multisim --stdout-file=spmv_imp_thr3_l2_ddr4_1x_simout.txt --stderr-file=spmv_imp_thr3_l2_ddr4_1x_simerr.txt --stats-file=stats.txt -c 'from multiprocessing.spawn import spawn_main; spawn_main(tracker_fd=7, pipe_handle=13)' --multiprocessing-fork

src/sim/mem_state.cc:443: info: Increasing stack size by one page.
src/sim/syscall_emul.hh:1121: warn: readlink() called on '/proc/self/exe' may yield unexpected results in various settings.
      Returning '/home/fdemirel/HPC_Lab_Proj/benchmarks/spmv/spmv-m5.x'
src/arch/arm/insts/pseudo.cc:174: warn: 	instruction 'bti' unimplemented
src/sim/mem_state.cc:443: info: Increasing stack size by one page.
src/sim/mem_state.cc:443: info: Increasing stack size by one page.
src/sim/mem_state.cc:443: info: Increasing stack size by one page.
src/sim/mem_state.cc:443: info: Increasing stack size by one page.
src/sim/mem_state.cc:443: info: Increasing stack size by one page.
src/sim/mem_state.cc:443: info: Increasing stack size by one page.
src/sim/mem_state.cc:443: info: Increasing stack size by one page.

----MATRIX MULTIPLICATION----

----Computation starts----
Loop 0 ... 
argc = 2, A[argc][argc] = 0.500000, B[argc][argc] = 0.500000, C[argc][argc] = 0.500000 
Execution time: 1.253482 (ms) 

----merge----
Execution time: 10.644514 (ms) 
random_elem:0, /home/fdemirel/HPC_Lab_Proj/benchmarks/merge/merge-m5.x
Global frequency set at 1000000000000 ticks per second
src/mem/dram_interface.cc:690: warn: DRAM device capacity (16384 Mbytes) does not match the address range assigned (1024 Mbytes)
src/base/statistics.hh:279: warn: One of the stats is a legacy stat. Legacy stat is a stat that does not belong to any statistics::Group. Legacy stat is deprecated.
board.remote_gdb: Listening for connections on port 7002
gem5 Simulator System.  https://www.gem5.org
gem5 is copyrighted software; use the --copyright option for details.

gem5 version 25.0.0.1
gem5 compiled May  5 2026 12:55:05
gem5 started Jun 17 2026 22:35:28
gem5 executing on cn27.guoehi.cluster, pid 187855
command line: /home/fdemirel/HPC_Lab_Proj/imp/../../gem5/build/ALL/gem5.opt -s --outdir=results_imp_multisim --stdout-file=matmult_imp_sdist8_l1d_ddr4_1x_simout.txt --stderr-file=matmult_imp_sdist8_l1d_ddr4_1x_simerr.txt --stats-file=stats.txt -c 'from multiprocessing.spawn import spawn_main; spawn_main(tracker_fd=7, pipe_handle=13)' --multiprocessing-fork

src/sim/mem_state.cc:443: info: Increasing stack size by one page.
src/sim/syscall_emul.hh:1121: warn: readlink() called on '/proc/self/exe' may yield unexpected results in various settings.
      Returning '/home/fdemirel/HPC_Lab_Proj/benchmarks/matmult/matmult-m5.x'
src/arch/arm/insts/pseudo.cc:174: warn: 	instruction 'bti' unimplemented
Global frequency set at 1000000000000 ticks per second
src/mem/dram_interface.cc:690: warn: DRAM device capacity (16384 Mbytes) does not match the address range assigned (512 Mbytes)
src/mem/dram_interface.cc:690: warn: DRAM device capacity (16384 Mbytes) does not match the address range assigned (512 Mbytes)
src/base/statistics.hh:279: warn: One of the stats is a legacy stat. Legacy stat is a stat that does not belong to any statistics::Group. Legacy stat is deprecated.
board.remote_gdb: Listening for connections on port 7003
gem5 Simulator System.  https://www.gem5.org
gem5 is copyrighted software; use the --copyright option for details.

gem5 version 25.0.0.1
gem5 compiled May  5 2026 12:55:05
gem5 started Jun 17 2026 22:35:43
gem5 executing on cn27.guoehi.cluster, pid 187857
command line: /home/fdemirel/HPC_Lab_Proj/imp/../../gem5/build/ALL/gem5.opt -s --outdir=results_imp_multisim --stdout-file=bfs_imp_ipd8_l2_ddr4_2x_simout.txt --stderr-file=bfs_imp_ipd8_l2_ddr4_2x_simerr.txt --stats-file=stats.txt -c 'from multiprocessing.spawn import spawn_main; spawn_main(tracker_fd=7, pipe_handle=13)' --multiprocessing-fork

src/sim/mem_state.cc:443: info: Increasing stack size by one page.
src/sim/syscall_emul.hh:1121: warn: readlink() called on '/proc/self/exe' may yield unexpected results in various settings.
      Returning '/home/fdemirel/HPC_Lab_Proj/benchmarks/bfs/bfs-m5.x'
src/arch/arm/insts/pseudo.cc:174: warn: 	instruction 'bti' unimplemented
Beginning BFS ...

----MATRIX MULTIPLICATION----

----Computation starts----
Loop 0 ... 
argc = 2, A[argc][argc] = 0.500000, B[argc][argc] = 0.500000, C[argc][argc] = 0.500000 
Execution time: 1.212091 (ms) 
----spmv----
N_ROWS          : 8192 
N_COLS          : 65536 
NNZ             : 524155 
Execution time: 6.890919 (ms) 
Global frequency set at 1000000000000 ticks per second
src/mem/dram_interface.cc:690: warn: DRAM device capacity (16384 Mbytes) does not match the address range assigned (1024 Mbytes)
src/base/statistics.hh:279: warn: One of the stats is a legacy stat. Legacy stat is a stat that does not belong to any statistics::Group. Legacy stat is deprecated.
board.remote_gdb: Listening for connections on port 7001
gem5 Simulator System.  https://www.gem5.org
gem5 is copyrighted software; use the --copyright option for details.

gem5 version 25.0.0.1
gem5 compiled May  5 2026 12:55:05
gem5 started Jun 17 2026 22:36:40
gem5 executing on cn27.guoehi.cluster, pid 187865
command line: /home/fdemirel/HPC_Lab_Proj/imp/../../gem5/build/ALL/gem5.opt -s --outdir=results_imp_multisim --stdout-file=simple_triad_imp_pt64_l1d_ddr4_1x_simout.txt --stderr-file=simple_triad_imp_pt64_l1d_ddr4_1x_simerr.txt --stats-file=stats.txt -c 'from multiprocessing.spawn import spawn_main; spawn_main(tracker_fd=7, pipe_handle=13)' --multiprocessing-fork

src/sim/mem_state.cc:443: info: Increasing stack size by one page.
src/sim/syscall_emul.hh:1121: warn: readlink() called on '/proc/self/exe' may yield unexpected results in various settings.
      Returning '/home/fdemirel/HPC_Lab_Proj/benchmarks/simple_triad/simple_triad-m5.x'
Global frequency set at 1000000000000 ticks per second
src/mem/dram_interface.cc:690: warn: DRAM device capacity (16384 Mbytes) does not match the address range assigned (1024 Mbytes)
src/base/statistics.hh:279: warn: One of the stats is a legacy stat. Legacy stat is a stat that does not belong to any statistics::Group. Legacy stat is deprecated.
board.remote_gdb: Listening for connections on port 7002
gem5 Simulator System.  https://www.gem5.org
gem5 is copyrighted software; use the --copyright option for details.

gem5 version 25.0.0.1
gem5 compiled May  5 2026 12:55:05
gem5 started Jun 17 2026 22:36:51
gem5 executing on cn27.guoehi.cluster, pid 187867
command line: /home/fdemirel/HPC_Lab_Proj/imp/../../gem5/build/ALL/gem5.opt -s --outdir=results_imp_multisim --stdout-file=quick_imp_thr3_l2_ddr4_1x_simout.txt --stderr-file=quick_imp_thr3_l2_ddr4_1x_simerr.txt --stats-file=stats.txt -c 'from multiprocessing.spawn import spawn_main; spawn_main(tracker_fd=7, pipe_handle=13)' --multiprocessing-fork

src/sim/mem_state.cc:443: info: Increasing stack size by one page.
src/sim/syscall_emul.hh:1121: warn: readlink() called on '/proc/self/exe' may yield unexpected results in various settings.
      Returning '/home/fdemirel/HPC_Lab_Proj/benchmarks/quick/quick-m5.x'
src/arch/arm/insts/pseudo.cc:174: warn: 	instruction 'bti' unimplemented
Array SIZE      : 1000000 
Array LOOP      : 1 

----triad----
a[0]=7.00e+00. b[0]=2.00e+00. c[0]=1.00e+00.
Execution time: 2.776922 (ms) 
   Rate [MB/s]: 8642.7 
----quick sort----
Array SIZE      : 131072 
random_elem:0, /home/fdemirel/HPC_Lab_Proj/benchmarks/quick/quick-m5.x
Execution time: 8.782714 (ms) 
Global frequency set at 1000000000000 ticks per second
src/mem/dram_interface.cc:690: warn: DRAM device capacity (16384 Mbytes) does not match the address range assigned (512 Mbytes)
src/mem/dram_interface.cc:690: warn: DRAM device capacity (16384 Mbytes) does not match the address range assigned (512 Mbytes)
src/base/statistics.hh:279: warn: One of the stats is a legacy stat. Legacy stat is a stat that does not belong to any statistics::Group. Legacy stat is deprecated.
board.remote_gdb: Listening for connections on port 7000
gem5 Simulator System.  https://www.gem5.org
gem5 is copyrighted software; use the --copyright option for details.

gem5 version 25.0.0.1
gem5 compiled May  5 2026 12:55:05
gem5 started Jun 17 2026 22:38:36
gem5 executing on cn27.guoehi.cluster, pid 187874
command line: /home/fdemirel/HPC_Lab_Proj/imp/../../gem5/build/ALL/gem5.opt -s --outdir=results_imp_multisim --stdout-file=spmv_imp_dist4_l2_ddr4_2x_simout.txt --stderr-file=spmv_imp_dist4_l2_ddr4_2x_simerr.txt --stats-file=stats.txt -c 'from multiprocessing.spawn import spawn_main; spawn_main(tracker_fd=7, pipe_handle=13)' --multiprocessing-fork

src/sim/mem_state.cc:443: info: Increasing stack size by one page.
src/sim/syscall_emul.hh:1121: warn: readlink() called on '/proc/self/exe' may yield unexpected results in various settings.
      Returning '/home/fdemirel/HPC_Lab_Proj/benchmarks/spmv/spmv-m5.x'
src/arch/arm/insts/pseudo.cc:174: warn: 	instruction 'bti' unimplemented
src/sim/mem_state.cc:443: info: Increasing stack size by one page.
src/sim/mem_state.cc:443: info: Increasing stack size by one page.
src/sim/mem_state.cc:443: info: Increasing stack size by one page.
src/sim/mem_state.cc:443: info: Increasing stack size by one page.
src/sim/mem_state.cc:443: info: Increasing stack size by one page.
src/sim/mem_state.cc:443: info: Increasing stack size by one page.
src/sim/mem_state.cc:443: info: Increasing stack size by one page.
Global frequency set at 1000000000000 ticks per second
src/mem/dram_interface.cc:690: warn: DRAM device capacity (16384 Mbytes) does not match the address range assigned (1024 Mbytes)
src/base/statistics.hh:279: warn: One of the stats is a legacy stat. Legacy stat is a stat that does not belong to any statistics::Group. Legacy stat is deprecated.
board.remote_gdb: Listening for connections on port 7001
gem5 Simulator System.  https://www.gem5.org
gem5 is copyrighted software; use the --copyright option for details.

gem5 version 25.0.0.1
gem5 compiled May  5 2026 12:55:05
gem5 started Jun 17 2026 22:38:49
gem5 executing on cn27.guoehi.cluster, pid 187877
command line: /home/fdemirel/HPC_Lab_Proj/imp/../../gem5/build/ALL/gem5.opt -s --outdir=results_imp_multisim --stdout-file=matmult_imp_sthr8_l2_ddr4_1x_simout.txt --stderr-file=matmult_imp_sthr8_l2_ddr4_1x_simerr.txt --stats-file=stats.txt -c 'from multiprocessing.spawn import spawn_main; spawn_main(tracker_fd=7, pipe_handle=13)' --multiprocessing-fork

src/sim/mem_state.cc:443: info: Increasing stack size by one page.
src/sim/syscall_emul.hh:1121: warn: readlink() called on '/proc/self/exe' may yield unexpected results in various settings.
      Returning '/home/fdemirel/HPC_Lab_Proj/benchmarks/matmult/matmult-m5.x'
src/arch/arm/insts/pseudo.cc:174: warn: 	instruction 'bti' unimplemented

----MATRIX MULTIPLICATION----

----Computation starts----
Loop 0 ... 
argc = 2, A[argc][argc] = 0.500000, B[argc][argc] = 0.500000, C[argc][argc] = 0.500000 
Execution time: 1.229312 (ms) 
Global frequency set at 1000000000000 ticks per second
src/mem/dram_interface.cc:690: warn: DRAM device capacity (16384 Mbytes) does not match the address range assigned (1024 Mbytes)
src/base/statistics.hh:279: warn: One of the stats is a legacy stat. Legacy stat is a stat that does not belong to any statistics::Group. Legacy stat is deprecated.
board.remote_gdb: Listening for connections on port 7001
gem5 Simulator System.  https://www.gem5.org
gem5 is copyrighted software; use the --copyright option for details.

gem5 version 25.0.0.1
gem5 compiled May  5 2026 12:55:05
gem5 started Jun 17 2026 22:39:58
gem5 executing on cn27.guoehi.cluster, pid 187884
command line: /home/fdemirel/HPC_Lab_Proj/imp/../../gem5/build/ALL/gem5.opt -s --outdir=results_imp_multisim --stdout-file=bfs_imp_default_l2_ddr4_1x_simout.txt --stderr-file=bfs_imp_default_l2_ddr4_1x_simerr.txt --stats-file=stats.txt -c 'from multiprocessing.spawn import spawn_main; spawn_main(tracker_fd=7, pipe_handle=13)' --multiprocessing-fork

src/sim/mem_state.cc:443: info: Increasing stack size by one page.
src/sim/syscall_emul.hh:1121: warn: readlink() called on '/proc/self/exe' may yield unexpected results in various settings.
      Returning '/home/fdemirel/HPC_Lab_Proj/benchmarks/bfs/bfs-m5.x'
src/arch/arm/insts/pseudo.cc:174: warn: 	instruction 'bti' unimplemented
Beginning BFS ...
----spmv----
N_ROWS          : 8192 
N_COLS          : 65536 
NNZ             : 524155 
Execution time: 6.423470 (ms) 
Global frequency set at 1000000000000 ticks per second
src/mem/dram_interface.cc:690: warn: DRAM device capacity (16384 Mbytes) does not match the address range assigned (512 Mbytes)
src/mem/dram_interface.cc:690: warn: DRAM device capacity (16384 Mbytes) does not match the address range assigned (512 Mbytes)
src/base/statistics.hh:279: warn: One of the stats is a legacy stat. Legacy stat is a stat that does not belong to any statistics::Group. Legacy stat is deprecated.
board.remote_gdb: Listening for connections on port 7000
gem5 Simulator System.  https://www.gem5.org
gem5 is copyrighted software; use the --copyright option for details.

gem5 version 25.0.0.1
gem5 compiled May  5 2026 12:55:05
gem5 started Jun 17 2026 22:40:36
gem5 executing on cn27.guoehi.cluster, pid 187891
command line: /home/fdemirel/HPC_Lab_Proj/imp/../../gem5/build/ALL/gem5.opt -s --outdir=results_imp_multisim --stdout-file=quick_imp_addrlen8_l2_ddr4_2x_simout.txt --stderr-file=quick_imp_addrlen8_l2_ddr4_2x_simerr.txt --stats-file=stats.txt -c 'from multiprocessing.spawn import spawn_main; spawn_main(tracker_fd=7, pipe_handle=13)' --multiprocessing-fork

src/sim/mem_state.cc:443: info: Increasing stack size by one page.
src/sim/syscall_emul.hh:1121: warn: readlink() called on '/proc/self/exe' may yield unexpected results in various settings.
      Returning '/home/fdemirel/HPC_Lab_Proj/benchmarks/quick/quick-m5.x'
src/arch/arm/insts/pseudo.cc:174: warn: 	instruction 'bti' unimplemented
----quick sort----
Array SIZE      : 131072 
random_elem:0, /home/fdemirel/HPC_Lab_Proj/benchmarks/quick/quick-m5.x
Execution time: 9.039168 (ms) 
Global frequency set at 1000000000000 ticks per second
src/mem/dram_interface.cc:690: warn: DRAM device capacity (16384 Mbytes) does not match the address range assigned (512 Mbytes)
src/mem/dram_interface.cc:690: warn: DRAM device capacity (16384 Mbytes) does not match the address range assigned (512 Mbytes)
src/base/statistics.hh:279: warn: One of the stats is a legacy stat. Legacy stat is a stat that does not belong to any statistics::Group. Legacy stat is deprecated.
board.remote_gdb: Listening for connections on port 7002
gem5 Simulator System.  https://www.gem5.org
gem5 is copyrighted software; use the --copyright option for details.

gem5 version 25.0.0.1
gem5 compiled May  5 2026 12:55:05
gem5 started Jun 17 2026 22:41:05
gem5 executing on cn27.guoehi.cluster, pid 187895
command line: /home/fdemirel/HPC_Lab_Proj/imp/../../gem5/build/ALL/gem5.opt -s --outdir=results_imp_multisim --stdout-file=matmult_imp_dist64_l2_ddr4_2x_simout.txt --stderr-file=matmult_imp_dist64_l2_ddr4_2x_simerr.txt --stats-file=stats.txt -c 'from multiprocessing.spawn import spawn_main; spawn_main(tracker_fd=7, pipe_handle=13)' --multiprocessing-fork

src/sim/mem_state.cc:443: info: Increasing stack size by one page.
src/sim/syscall_emul.hh:1121: warn: readlink() called on '/proc/self/exe' may yield unexpected results in various settings.
      Returning '/home/fdemirel/HPC_Lab_Proj/benchmarks/matmult/matmult-m5.x'
src/arch/arm/insts/pseudo.cc:174: warn: 	instruction 'bti' unimplemented
Finished BFS.
Global frequency set at 1000000000000 ticks per second
src/mem/dram_interface.cc:690: warn: DRAM device capacity (16384 Mbytes) does not match the address range assigned (1024 Mbytes)
src/base/statistics.hh:279: warn: One of the stats is a legacy stat. Legacy stat is a stat that does not belong to any statistics::Group. Legacy stat is deprecated.
board.remote_gdb: Listening for connections on port 7003
gem5 Simulator System.  https://www.gem5.org
gem5 is copyrighted software; use the --copyright option for details.

gem5 version 25.0.0.1
gem5 compiled May  5 2026 12:55:05
gem5 started Jun 17 2026 22:41:48
gem5 executing on cn27.guoehi.cluster, pid 187899
command line: /home/fdemirel/HPC_Lab_Proj/imp/../../gem5/build/ALL/gem5.opt -s --outdir=results_imp_multisim --stdout-file=merge_imp_sdist8_l1d_ddr4_1x_simout.txt --stderr-file=merge_imp_sdist8_l1d_ddr4_1x_simerr.txt --stats-file=stats.txt -c 'from multiprocessing.spawn import spawn_main; spawn_main(tracker_fd=7, pipe_handle=13)' --multiprocessing-fork

src/sim/mem_state.cc:443: info: Increasing stack size by one page.
src/sim/syscall_emul.hh:1121: warn: readlink() called on '/proc/self/exe' may yield unexpected results in various settings.
      Returning '/home/fdemirel/HPC_Lab_Proj/benchmarks/merge/merge-m5.x'
src/arch/arm/insts/pseudo.cc:174: warn: 	instruction 'bti' unimplemented

----MATRIX MULTIPLICATION----

----Computation starts----
Loop 0 ... 
argc = 2, A[argc][argc] = 0.500000, B[argc][argc] = 0.500000, C[argc][argc] = 0.500000 
Execution time: 1.222351 (ms) 
Global frequency set at 1000000000000 ticks per second
src/mem/dram_interface.cc:690: warn: DRAM device capacity (16384 Mbytes) does not match the address range assigned (512 Mbytes)
src/mem/dram_interface.cc:690: warn: DRAM device capacity (16384 Mbytes) does not match the address range assigned (512 Mbytes)
src/base/statistics.hh:279: warn: One of the stats is a legacy stat. Legacy stat is a stat that does not belong to any statistics::Group. Legacy stat is deprecated.
board.remote_gdb: Listening for connections on port 7002
gem5 Simulator System.  https://www.gem5.org
gem5 is copyrighted software; use the --copyright option for details.

gem5 version 25.0.0.1
gem5 compiled May  5 2026 12:55:05
gem5 started Jun 17 2026 22:42:14
gem5 executing on cn27.guoehi.cluster, pid 187902
command line: /home/fdemirel/HPC_Lab_Proj/imp/../../gem5/build/ALL/gem5.opt -s --outdir=results_imp_multisim --stdout-file=bfs_imp_addrlen8_l1d_ddr4_2x_simout.txt --stderr-file=bfs_imp_addrlen8_l1d_ddr4_2x_simerr.txt --stats-file=stats.txt -c 'from multiprocessing.spawn import spawn_main; spawn_main(tracker_fd=7, pipe_handle=13)' --multiprocessing-fork

src/sim/mem_state.cc:443: info: Increasing stack size by one page.
src/sim/syscall_emul.hh:1121: warn: readlink() called on '/proc/self/exe' may yield unexpected results in various settings.
      Returning '/home/fdemirel/HPC_Lab_Proj/benchmarks/bfs/bfs-m5.x'
src/arch/arm/insts/pseudo.cc:174: warn: 	instruction 'bti' unimplemented
Beginning BFS ...
----quick sort----
Array SIZE      : 131072 
random_elem:0, /home/fdemirel/HPC_Lab_Proj/benchmarks/quick/quick-m5.x
Execution time: 8.952131 (ms) 
Global frequency set at 1000000000000 ticks per second
src/mem/dram_interface.cc:690: warn: DRAM device capacity (16384 Mbytes) does not match the address range assigned (512 Mbytes)
src/mem/dram_interface.cc:690: warn: DRAM device capacity (16384 Mbytes) does not match the address range assigned (512 Mbytes)
src/base/statistics.hh:279: warn: One of the stats is a legacy stat. Legacy stat is a stat that does not belong to any statistics::Group. Legacy stat is deprecated.
board.remote_gdb: Listening for connections on port 7000
gem5 Simulator System.  https://www.gem5.org
gem5 is copyrighted software; use the --copyright option for details.

gem5 version 25.0.0.1
gem5 compiled May  5 2026 12:55:05
gem5 started Jun 17 2026 22:44:46
gem5 executing on cn27.guoehi.cluster, pid 187914
command line: /home/fdemirel/HPC_Lab_Proj/imp/../../gem5/build/ALL/gem5.opt -s --outdir=results_imp_multisim --stdout-file=quick_imp_dist4_l2_ddr4_2x_simout.txt --stderr-file=quick_imp_dist4_l2_ddr4_2x_simerr.txt --stats-file=stats.txt -c 'from multiprocessing.spawn import spawn_main; spawn_main(tracker_fd=7, pipe_handle=13)' --multiprocessing-fork

src/sim/mem_state.cc:443: info: Increasing stack size by one page.
src/sim/syscall_emul.hh:1121: warn: readlink() called on '/proc/self/exe' may yield unexpected results in various settings.
      Returning '/home/fdemirel/HPC_Lab_Proj/benchmarks/quick/quick-m5.x'
src/arch/arm/insts/pseudo.cc:174: warn: 	instruction 'bti' unimplemented
Finished BFS.
Global frequency set at 1000000000000 ticks per second
src/mem/dram_interface.cc:690: warn: DRAM device capacity (16384 Mbytes) does not match the address range assigned (512 Mbytes)
src/mem/dram_interface.cc:690: warn: DRAM device capacity (16384 Mbytes) does not match the address range assigned (512 Mbytes)
src/base/statistics.hh:279: warn: One of the stats is a legacy stat. Legacy stat is a stat that does not belong to any statistics::Group. Legacy stat is deprecated.
board.remote_gdb: Listening for connections on port 7001
gem5 Simulator System.  https://www.gem5.org
gem5 is copyrighted software; use the --copyright option for details.

gem5 version 25.0.0.1
gem5 compiled May  5 2026 12:55:05
gem5 started Jun 17 2026 22:46:12
gem5 executing on cn27.guoehi.cluster, pid 187920
command line: /home/fdemirel/HPC_Lab_Proj/imp/../../gem5/build/ALL/gem5.opt -s --outdir=results_imp_multisim --stdout-file=merge_imp_dist64_l2_ddr4_2x_simout.txt --stderr-file=merge_imp_dist64_l2_ddr4_2x_simerr.txt --stats-file=stats.txt -c 'from multiprocessing.spawn import spawn_main; spawn_main(tracker_fd=7, pipe_handle=13)' --multiprocessing-fork

src/sim/mem_state.cc:443: info: Increasing stack size by one page.
src/sim/syscall_emul.hh:1121: warn: readlink() called on '/proc/self/exe' may yield unexpected results in various settings.
      Returning '/home/fdemirel/HPC_Lab_Proj/benchmarks/merge/merge-m5.x'
src/arch/arm/insts/pseudo.cc:174: warn: 	instruction 'bti' unimplemented

----merge----
Execution time: 10.147192 (ms) 
random_elem:0, /home/fdemirel/HPC_Lab_Proj/benchmarks/merge/merge-m5.x
Global frequency set at 1000000000000 ticks per second
src/mem/dram_interface.cc:690: warn: DRAM device capacity (16384 Mbytes) does not match the address range assigned (1024 Mbytes)
src/base/statistics.hh:279: warn: One of the stats is a legacy stat. Legacy stat is a stat that does not belong to any statistics::Group. Legacy stat is deprecated.
board.remote_gdb: Listening for connections on port 7003
gem5 Simulator System.  https://www.gem5.org
gem5 is copyrighted software; use the --copyright option for details.

gem5 version 25.0.0.1
gem5 compiled May  5 2026 12:55:05
gem5 started Jun 17 2026 22:46:45
gem5 executing on cn27.guoehi.cluster, pid 187924
command line: /home/fdemirel/HPC_Lab_Proj/imp/../../gem5/build/ALL/gem5.opt -s --outdir=results_imp_multisim --stdout-file=merge_imp_sthr8_l2_ddr4_1x_simout.txt --stderr-file=merge_imp_sthr8_l2_ddr4_1x_simerr.txt --stats-file=stats.txt -c 'from multiprocessing.spawn import spawn_main; spawn_main(tracker_fd=7, pipe_handle=13)' --multiprocessing-fork

src/sim/mem_state.cc:443: info: Increasing stack size by one page.
src/sim/syscall_emul.hh:1121: warn: readlink() called on '/proc/self/exe' may yield unexpected results in various settings.
      Returning '/home/fdemirel/HPC_Lab_Proj/benchmarks/merge/merge-m5.x'
src/arch/arm/insts/pseudo.cc:174: warn: 	instruction 'bti' unimplemented
Finished BFS.
----quick sort----
Array SIZE      : 131072 
random_elem:0, /home/fdemirel/HPC_Lab_Proj/benchmarks/quick/quick-m5.x
Execution time: 8.952131 (ms) 
Global frequency set at 1000000000000 ticks per second
src/mem/dram_interface.cc:690: warn: DRAM device capacity (16384 Mbytes) does not match the address range assigned (1024 Mbytes)
src/base/statistics.hh:279: warn: One of the stats is a legacy stat. Legacy stat is a stat that does not belong to any statistics::Group. Legacy stat is deprecated.
board.remote_gdb: Listening for connections on port 7000
gem5 Simulator System.  https://www.gem5.org
gem5 is copyrighted software; use the --copyright option for details.

gem5 version 25.0.0.1
gem5 compiled May  5 2026 12:55:05
gem5 started Jun 17 2026 22:48:52
gem5 executing on cn27.guoehi.cluster, pid 187931
command line: /home/fdemirel/HPC_Lab_Proj/imp/../../gem5/build/ALL/gem5.opt -s --outdir=results_imp_multisim --stdout-file=simple_triad_imp_dist8_l1d_ddr4_1x_simout.txt --stderr-file=simple_triad_imp_dist8_l1d_ddr4_1x_simerr.txt --stats-file=stats.txt -c 'from multiprocessing.spawn import spawn_main; spawn_main(tracker_fd=7, pipe_handle=13)' --multiprocessing-fork

src/sim/mem_state.cc:443: info: Increasing stack size by one page.
src/sim/syscall_emul.hh:1121: warn: readlink() called on '/proc/self/exe' may yield unexpected results in various settings.
      Returning '/home/fdemirel/HPC_Lab_Proj/benchmarks/simple_triad/simple_triad-m5.x'
Global frequency set at 1000000000000 ticks per second
src/mem/dram_interface.cc:690: warn: DRAM device capacity (16384 Mbytes) does not match the address range assigned (512 Mbytes)
src/mem/dram_interface.cc:690: warn: DRAM device capacity (16384 Mbytes) does not match the address range assigned (512 Mbytes)
src/base/statistics.hh:279: warn: One of the stats is a legacy stat. Legacy stat is a stat that does not belong to any statistics::Group. Legacy stat is deprecated.
board.remote_gdb: Listening for connections on port 7002
gem5 Simulator System.  https://www.gem5.org
gem5 is copyrighted software; use the --copyright option for details.

gem5 version 25.0.0.1
gem5 compiled May  5 2026 12:55:05
gem5 started Jun 17 2026 22:49:00
gem5 executing on cn27.guoehi.cluster, pid 187932
command line: /home/fdemirel/HPC_Lab_Proj/imp/../../gem5/build/ALL/gem5.opt -s --outdir=results_imp_multisim --stdout-file=bfs_imp_dist4_l1d_ddr4_2x_simout.txt --stderr-file=bfs_imp_dist4_l1d_ddr4_2x_simerr.txt --stats-file=stats.txt -c 'from multiprocessing.spawn import spawn_main; spawn_main(tracker_fd=7, pipe_handle=13)' --multiprocessing-fork

src/sim/mem_state.cc:443: info: Increasing stack size by one page.
src/sim/syscall_emul.hh:1121: warn: readlink() called on '/proc/self/exe' may yield unexpected results in various settings.
      Returning '/home/fdemirel/HPC_Lab_Proj/benchmarks/bfs/bfs-m5.x'
src/arch/arm/insts/pseudo.cc:174: warn: 	instruction 'bti' unimplemented
Beginning BFS ...
Array SIZE      : 1000000 
Array LOOP      : 1 

----triad----
a[0]=7.00e+00. b[0]=2.00e+00. c[0]=1.00e+00.
Execution time: 2.776922 (ms) 
   Rate [MB/s]: 8642.7 
Global frequency set at 1000000000000 ticks per second
src/mem/dram_interface.cc:690: warn: DRAM device capacity (16384 Mbytes) does not match the address range assigned (512 Mbytes)
src/mem/dram_interface.cc:690: warn: DRAM device capacity (16384 Mbytes) does not match the address range assigned (512 Mbytes)
src/base/statistics.hh:279: warn: One of the stats is a legacy stat. Legacy stat is a stat that does not belong to any statistics::Group. Legacy stat is deprecated.
board.remote_gdb: Listening for connections on port 7000
gem5 Simulator System.  https://www.gem5.org
gem5 is copyrighted software; use the --copyright option for details.

gem5 version 25.0.0.1
gem5 compiled May  5 2026 12:55:05
gem5 started Jun 17 2026 22:50:47
gem5 executing on cn27.guoehi.cluster, pid 187946
command line: /home/fdemirel/HPC_Lab_Proj/imp/../../gem5/build/ALL/gem5.opt -s --outdir=results_imp_multisim --stdout-file=simple_triad_imp_sdist16_l1d_ddr4_2x_simout.txt --stderr-file=simple_triad_imp_sdist16_l1d_ddr4_2x_simerr.txt --stats-file=stats.txt -c 'from multiprocessing.spawn import spawn_main; spawn_main(tracker_fd=7, pipe_handle=13)' --multiprocessing-fork

src/sim/mem_state.cc:443: info: Increasing stack size by one page.
src/sim/syscall_emul.hh:1121: warn: readlink() called on '/proc/self/exe' may yield unexpected results in various settings.
      Returning '/home/fdemirel/HPC_Lab_Proj/benchmarks/simple_triad/simple_triad-m5.x'

----merge----
Execution time: 10.543216 (ms) 
random_elem:0, /home/fdemirel/HPC_Lab_Proj/benchmarks/merge/merge-m5.x
Global frequency set at 1000000000000 ticks per second
src/mem/dram_interface.cc:690: warn: DRAM device capacity (16384 Mbytes) does not match the address range assigned (512 Mbytes)
src/mem/dram_interface.cc:690: warn: DRAM device capacity (16384 Mbytes) does not match the address range assigned (512 Mbytes)
src/base/statistics.hh:279: warn: One of the stats is a legacy stat. Legacy stat is a stat that does not belong to any statistics::Group. Legacy stat is deprecated.
board.remote_gdb: Listening for connections on port 7001
gem5 Simulator System.  https://www.gem5.org
gem5 is copyrighted software; use the --copyright option for details.

gem5 version 25.0.0.1
gem5 compiled May  5 2026 12:55:05
gem5 started Jun 17 2026 22:51:20
gem5 executing on cn27.guoehi.cluster, pid 187950
command line: /home/fdemirel/HPC_Lab_Proj/imp/../../gem5/build/ALL/gem5.opt -s --outdir=results_imp_multisim --stdout-file=spmv_imp_thr4_l2_ddr4_2x_simout.txt --stderr-file=spmv_imp_thr4_l2_ddr4_2x_simerr.txt --stats-file=stats.txt -c 'from multiprocessing.spawn import spawn_main; spawn_main(tracker_fd=7, pipe_handle=13)' --multiprocessing-fork

src/sim/mem_state.cc:443: info: Increasing stack size by one page.
src/sim/syscall_emul.hh:1121: warn: readlink() called on '/proc/self/exe' may yield unexpected results in various settings.
      Returning '/home/fdemirel/HPC_Lab_Proj/benchmarks/spmv/spmv-m5.x'
src/arch/arm/insts/pseudo.cc:174: warn: 	instruction 'bti' unimplemented
src/sim/mem_state.cc:443: info: Increasing stack size by one page.
src/sim/mem_state.cc:443: info: Increasing stack size by one page.
src/sim/mem_state.cc:443: info: Increasing stack size by one page.
src/sim/mem_state.cc:443: info: Increasing stack size by one page.
src/sim/mem_state.cc:443: info: Increasing stack size by one page.
src/sim/mem_state.cc:443: info: Increasing stack size by one page.
src/sim/mem_state.cc:443: info: Increasing stack size by one page.

----merge----
Execution time: 10.636737 (ms) 
random_elem:0, /home/fdemirel/HPC_Lab_Proj/benchmarks/merge/merge-m5.x
Global frequency set at 1000000000000 ticks per second
src/mem/dram_interface.cc:690: warn: DRAM device capacity (16384 Mbytes) does not match the address range assigned (1024 Mbytes)
src/base/statistics.hh:279: warn: One of the stats is a legacy stat. Legacy stat is a stat that does not belong to any statistics::Group. Legacy stat is deprecated.
board.remote_gdb: Listening for connections on port 7003
gem5 Simulator System.  https://www.gem5.org
gem5 is copyrighted software; use the --copyright option for details.

gem5 version 25.0.0.1
gem5 compiled May  5 2026 12:55:05
gem5 started Jun 17 2026 22:51:52
gem5 executing on cn27.guoehi.cluster, pid 187954
command line: /home/fdemirel/HPC_Lab_Proj/imp/../../gem5/build/ALL/gem5.opt -s --outdir=results_imp_multisim --stdout-file=spmv_imp_dist8_l1d_ddr4_1x_simout.txt --stderr-file=spmv_imp_dist8_l1d_ddr4_1x_simerr.txt --stats-file=stats.txt -c 'from multiprocessing.spawn import spawn_main; spawn_main(tracker_fd=7, pipe_handle=13)' --multiprocessing-fork

src/sim/mem_state.cc:443: info: Increasing stack size by one page.
src/sim/syscall_emul.hh:1121: warn: readlink() called on '/proc/self/exe' may yield unexpected results in various settings.
      Returning '/home/fdemirel/HPC_Lab_Proj/benchmarks/spmv/spmv-m5.x'
src/arch/arm/insts/pseudo.cc:174: warn: 	instruction 'bti' unimplemented
src/sim/mem_state.cc:443: info: Increasing stack size by one page.
src/sim/mem_state.cc:443: info: Increasing stack size by one page.
src/sim/mem_state.cc:443: info: Increasing stack size by one page.
src/sim/mem_state.cc:443: info: Increasing stack size by one page.
src/sim/mem_state.cc:443: info: Increasing stack size by one page.
src/sim/mem_state.cc:443: info: Increasing stack size by one page.
src/sim/mem_state.cc:443: info: Increasing stack size by one page.
Array SIZE      : 1000000 
Array LOOP      : 1 

----triad----
a[0]=7.00e+00. b[0]=2.00e+00. c[0]=1.00e+00.
Execution time: 2.112109 (ms) 
   Rate [MB/s]: 11363.0 
Global frequency set at 1000000000000 ticks per second
src/mem/dram_interface.cc:690: warn: DRAM device capacity (16384 Mbytes) does not match the address range assigned (1024 Mbytes)
src/base/statistics.hh:279: warn: One of the stats is a legacy stat. Legacy stat is a stat that does not belong to any statistics::Group. Legacy stat is deprecated.
board.remote_gdb: Listening for connections on port 7000
gem5 Simulator System.  https://www.gem5.org
gem5 is copyrighted software; use the --copyright option for details.

gem5 version 25.0.0.1
gem5 compiled May  5 2026 12:55:05
gem5 started Jun 17 2026 22:52:38
gem5 executing on cn27.guoehi.cluster, pid 187958
command line: /home/fdemirel/HPC_Lab_Proj/imp/../../gem5/build/ALL/gem5.opt -s --outdir=results_imp_multisim --stdout-file=bfs_imp_sthr8_l2_ddr4_1x_simout.txt --stderr-file=bfs_imp_sthr8_l2_ddr4_1x_simerr.txt --stats-file=stats.txt -c 'from multiprocessing.spawn import spawn_main; spawn_main(tracker_fd=7, pipe_handle=13)' --multiprocessing-fork

src/sim/mem_state.cc:443: info: Increasing stack size by one page.
src/sim/syscall_emul.hh:1121: warn: readlink() called on '/proc/self/exe' may yield unexpected results in various settings.
      Returning '/home/fdemirel/HPC_Lab_Proj/benchmarks/bfs/bfs-m5.x'
src/arch/arm/insts/pseudo.cc:174: warn: 	instruction 'bti' unimplemented
Beginning BFS ...
----spmv----
N_ROWS          : 8192 
N_COLS          : 65536 
NNZ             : 524155 
Execution time: 6.423470 (ms) 
Global frequency set at 1000000000000 ticks per second
src/mem/dram_interface.cc:690: warn: DRAM device capacity (16384 Mbytes) does not match the address range assigned (512 Mbytes)
src/mem/dram_interface.cc:690: warn: DRAM device capacity (16384 Mbytes) does not match the address range assigned (512 Mbytes)
src/base/statistics.hh:279: warn: One of the stats is a legacy stat. Legacy stat is a stat that does not belong to any statistics::Group. Legacy stat is deprecated.
board.remote_gdb: Listening for connections on port 7001
gem5 Simulator System.  https://www.gem5.org
gem5 is copyrighted software; use the --copyright option for details.

gem5 version 25.0.0.1
gem5 compiled May  5 2026 12:55:05
gem5 started Jun 17 2026 22:53:24
gem5 executing on cn27.guoehi.cluster, pid 187963
command line: /home/fdemirel/HPC_Lab_Proj/imp/../../gem5/build/ALL/gem5.opt -s --outdir=results_imp_multisim --stdout-file=merge_imp_thr4_l1d_ddr4_2x_simout.txt --stderr-file=merge_imp_thr4_l1d_ddr4_2x_simerr.txt --stats-file=stats.txt -c 'from multiprocessing.spawn import spawn_main; spawn_main(tracker_fd=7, pipe_handle=13)' --multiprocessing-fork

src/sim/mem_state.cc:443: info: Increasing stack size by one page.
src/sim/syscall_emul.hh:1121: warn: readlink() called on '/proc/self/exe' may yield unexpected results in various settings.
      Returning '/home/fdemirel/HPC_Lab_Proj/benchmarks/merge/merge-m5.x'
src/arch/arm/insts/pseudo.cc:174: warn: 	instruction 'bti' unimplemented
----spmv----
N_ROWS          : 8192 
N_COLS          : 65536 
NNZ             : 524155 
Execution time: 6.728739 (ms) 
Global frequency set at 1000000000000 ticks per second
src/mem/dram_interface.cc:690: warn: DRAM device capacity (16384 Mbytes) does not match the address range assigned (1024 Mbytes)
src/base/statistics.hh:279: warn: One of the stats is a legacy stat. Legacy stat is a stat that does not belong to any statistics::Group. Legacy stat is deprecated.
board.remote_gdb: Listening for connections on port 7003
gem5 Simulator System.  https://www.gem5.org
gem5 is copyrighted software; use the --copyright option for details.

gem5 version 25.0.0.1
gem5 compiled May  5 2026 12:55:05
gem5 started Jun 17 2026 22:54:15
gem5 executing on cn27.guoehi.cluster, pid 187967
command line: /home/fdemirel/HPC_Lab_Proj/imp/../../gem5/build/ALL/gem5.opt -s --outdir=results_imp_multisim --stdout-file=quick_imp_dist8_l1d_ddr4_1x_simout.txt --stderr-file=quick_imp_dist8_l1d_ddr4_1x_simerr.txt --stats-file=stats.txt -c 'from multiprocessing.spawn import spawn_main; spawn_main(tracker_fd=7, pipe_handle=13)' --multiprocessing-fork

src/sim/mem_state.cc:443: info: Increasing stack size by one page.
src/sim/syscall_emul.hh:1121: warn: readlink() called on '/proc/self/exe' may yield unexpected results in various settings.
      Returning '/home/fdemirel/HPC_Lab_Proj/benchmarks/quick/quick-m5.x'
src/arch/arm/insts/pseudo.cc:174: warn: 	instruction 'bti' unimplemented
Finished BFS.
Global frequency set at 1000000000000 ticks per second
src/mem/dram_interface.cc:690: warn: DRAM device capacity (16384 Mbytes) does not match the address range assigned (512 Mbytes)
src/mem/dram_interface.cc:690: warn: DRAM device capacity (16384 Mbytes) does not match the address range assigned (512 Mbytes)
src/base/statistics.hh:279: warn: One of the stats is a legacy stat. Legacy stat is a stat that does not belong to any statistics::Group. Legacy stat is deprecated.
board.remote_gdb: Listening for connections on port 7002
gem5 Simulator System.  https://www.gem5.org
gem5 is copyrighted software; use the --copyright option for details.

gem5 version 25.0.0.1
gem5 compiled May  5 2026 12:55:05
gem5 started Jun 17 2026 22:55:39
gem5 executing on cn27.guoehi.cluster, pid 187977
command line: /home/fdemirel/HPC_Lab_Proj/imp/../../gem5/build/ALL/gem5.opt -s --outdir=results_imp_multisim --stdout-file=spmv_imp_sdist16_l1d_ddr4_2x_simout.txt --stderr-file=spmv_imp_sdist16_l1d_ddr4_2x_simerr.txt --stats-file=stats.txt -c 'from multiprocessing.spawn import spawn_main; spawn_main(tracker_fd=7, pipe_handle=13)' --multiprocessing-fork

src/sim/mem_state.cc:443: info: Increasing stack size by one page.
src/sim/syscall_emul.hh:1121: warn: readlink() called on '/proc/self/exe' may yield unexpected results in various settings.
      Returning '/home/fdemirel/HPC_Lab_Proj/benchmarks/spmv/spmv-m5.x'
src/arch/arm/insts/pseudo.cc:174: warn: 	instruction 'bti' unimplemented
src/sim/mem_state.cc:443: info: Increasing stack size by one page.
src/sim/mem_state.cc:443: info: Increasing stack size by one page.
src/sim/mem_state.cc:443: info: Increasing stack size by one page.
src/sim/mem_state.cc:443: info: Increasing stack size by one page.
src/sim/mem_state.cc:443: info: Increasing stack size by one page.
src/sim/mem_state.cc:443: info: Increasing stack size by one page.
src/sim/mem_state.cc:443: info: Increasing stack size by one page.
----spmv----
N_ROWS          : 8192 
N_COLS          : 65536 
NNZ             : 524155 
Execution time: 5.391666 (ms) 
----quick sort----
Array SIZE      : 131072 
random_elem:0, /home/fdemirel/HPC_Lab_Proj/benchmarks/quick/quick-m5.x
Execution time: 8.782714 (ms) 
Global frequency set at 1000000000000 ticks per second
src/mem/dram_interface.cc:690: warn: DRAM device capacity (16384 Mbytes) does not match the address range assigned (512 Mbytes)
src/mem/dram_interface.cc:690: warn: DRAM device capacity (16384 Mbytes) does not match the address range assigned (512 Mbytes)
src/base/statistics.hh:279: warn: One of the stats is a legacy stat. Legacy stat is a stat that does not belong to any statistics::Group. Legacy stat is deprecated.
board.remote_gdb: Listening for connections on port 7002
gem5 Simulator System.  https://www.gem5.org
gem5 is copyrighted software; use the --copyright option for details.

gem5 version 25.0.0.1
gem5 compiled May  5 2026 12:55:05
gem5 started Jun 17 2026 22:58:10
gem5 executing on cn27.guoehi.cluster, pid 187984
command line: /home/fdemirel/HPC_Lab_Proj/imp/../../gem5/build/ALL/gem5.opt -s --outdir=results_imp_multisim --stdout-file=quick_imp_thr4_l2_ddr4_2x_simout.txt --stderr-file=quick_imp_thr4_l2_ddr4_2x_simerr.txt --stats-file=stats.txt -c 'from multiprocessing.spawn import spawn_main; spawn_main(tracker_fd=7, pipe_handle=13)' --multiprocessing-fork

src/sim/mem_state.cc:443: info: Increasing stack size by one page.
src/sim/syscall_emul.hh:1121: warn: readlink() called on '/proc/self/exe' may yield unexpected results in various settings.
      Returning '/home/fdemirel/HPC_Lab_Proj/benchmarks/quick/quick-m5.x'
src/arch/arm/insts/pseudo.cc:174: warn: 	instruction 'bti' unimplemented

----merge----
Execution time: 10.326216 (ms) 
random_elem:0, /home/fdemirel/HPC_Lab_Proj/benchmarks/merge/merge-m5.x
Global frequency set at 1000000000000 ticks per second
Finished BFS.
src/mem/dram_interface.cc:690: warn: DRAM device capacity (16384 Mbytes) does not match the address range assigned (512 Mbytes)
src/mem/dram_interface.cc:690: warn: DRAM device capacity (16384 Mbytes) does not match the address range assigned (512 Mbytes)
src/base/statistics.hh:279: warn: One of the stats is a legacy stat. Legacy stat is a stat that does not belong to any statistics::Group. Legacy stat is deprecated.
board.remote_gdb: Listening for connections on port 7001
gem5 Simulator System.  https://www.gem5.org
gem5 is copyrighted software; use the --copyright option for details.

gem5 version 25.0.0.1
gem5 compiled May  5 2026 12:55:05
gem5 started Jun 17 2026 22:58:27
gem5 executing on cn27.guoehi.cluster, pid 187988
command line: /home/fdemirel/HPC_Lab_Proj/imp/../../gem5/build/ALL/gem5.opt -s --outdir=results_imp_multisim --stdout-file=merge_imp_sdist16_l2_ddr4_2x_simout.txt --stderr-file=merge_imp_sdist16_l2_ddr4_2x_simerr.txt --stats-file=stats.txt -c 'from multiprocessing.spawn import spawn_main; spawn_main(tracker_fd=7, pipe_handle=13)' --multiprocessing-fork

src/sim/mem_state.cc:443: info: Increasing stack size by one page.
src/sim/syscall_emul.hh:1121: warn: readlink() called on '/proc/self/exe' may yield unexpected results in various settings.
      Returning '/home/fdemirel/HPC_Lab_Proj/benchmarks/merge/merge-m5.x'
src/arch/arm/insts/pseudo.cc:174: warn: 	instruction 'bti' unimplemented
Global frequency set at 1000000000000 ticks per second
src/mem/dram_interface.cc:690: warn: DRAM device capacity (16384 Mbytes) does not match the address range assigned (1024 Mbytes)
src/base/statistics.hh:279: warn: One of the stats is a legacy stat. Legacy stat is a stat that does not belong to any statistics::Group. Legacy stat is deprecated.
board.remote_gdb: Listening for connections on port 7000
gem5 Simulator System.  https://www.gem5.org
gem5 is copyrighted software; use the --copyright option for details.

gem5 version 25.0.0.1
gem5 compiled May  5 2026 12:55:05
gem5 started Jun 17 2026 22:58:34
gem5 executing on cn27.guoehi.cluster, pid 187989
command line: /home/fdemirel/HPC_Lab_Proj/imp/../../gem5/build/ALL/gem5.opt -s --outdir=results_imp_multisim --stdout-file=matmult_imp_sthr2_l2_ddr4_1x_simout.txt --stderr-file=matmult_imp_sthr2_l2_ddr4_1x_simerr.txt --stats-file=stats.txt -c 'from multiprocessing.spawn import spawn_main; spawn_main(tracker_fd=7, pipe_handle=13)' --multiprocessing-fork

src/sim/mem_state.cc:443: info: Increasing stack size by one page.
src/sim/syscall_emul.hh:1121: warn: readlink() called on '/proc/self/exe' may yield unexpected results in various settings.
      Returning '/home/fdemirel/HPC_Lab_Proj/benchmarks/matmult/matmult-m5.x'
src/arch/arm/insts/pseudo.cc:174: warn: 	instruction 'bti' unimplemented
Global frequency set at 1000000000000 ticks per second
src/mem/dram_interface.cc:690: warn: DRAM device capacity (16384 Mbytes) does not match the address range assigned (512 Mbytes)
src/mem/dram_interface.cc:690: warn: DRAM device capacity (16384 Mbytes) does not match the address range assigned (512 Mbytes)
src/base/statistics.hh:279: warn: One of the stats is a legacy stat. Legacy stat is a stat that does not belong to any statistics::Group. Legacy stat is deprecated.
board.remote_gdb: Listening for connections on port 7003
gem5 Simulator System.  https://www.gem5.org
gem5 is copyrighted software; use the --copyright option for details.

gem5 version 25.0.0.1
gem5 compiled May  5 2026 12:55:05
gem5 started Jun 17 2026 22:58:45
gem5 executing on cn27.guoehi.cluster, pid 187993
command line: /home/fdemirel/HPC_Lab_Proj/imp/../../gem5/build/ALL/gem5.opt -s --outdir=results_imp_multisim --stdout-file=bfs_imp_thr4_l1d_ddr4_2x_simout.txt --stderr-file=bfs_imp_thr4_l1d_ddr4_2x_simerr.txt --stats-file=stats.txt -c 'from multiprocessing.spawn import spawn_main; spawn_main(tracker_fd=7, pipe_handle=13)' --multiprocessing-fork

src/sim/mem_state.cc:443: info: Increasing stack size by one page.
src/sim/syscall_emul.hh:1121: warn: readlink() called on '/proc/self/exe' may yield unexpected results in various settings.
      Returning '/home/fdemirel/HPC_Lab_Proj/benchmarks/bfs/bfs-m5.x'
src/arch/arm/insts/pseudo.cc:174: warn: 	instruction 'bti' unimplemented
Beginning BFS ...

----MATRIX MULTIPLICATION----

----Computation starts----
Loop 0 ... 
argc = 2, A[argc][argc] = 0.500000, B[argc][argc] = 0.500000, C[argc][argc] = 0.500000 
Execution time: 1.230366 (ms) 
Global frequency set at 1000000000000 ticks per second
src/mem/dram_interface.cc:690: warn: DRAM device capacity (16384 Mbytes) does not match the address range assigned (512 Mbytes)
src/mem/dram_interface.cc:690: warn: DRAM device capacity (16384 Mbytes) does not match the address range assigned (512 Mbytes)
src/base/statistics.hh:279: warn: One of the stats is a legacy stat. Legacy stat is a stat that does not belong to any statistics::Group. Legacy stat is deprecated.
board.remote_gdb: Listening for connections on port 7000
gem5 Simulator System.  https://www.gem5.org
gem5 is copyrighted software; use the --copyright option for details.

gem5 version 25.0.0.1
gem5 compiled May  5 2026 12:55:05
gem5 started Jun 17 2026 22:59:40
gem5 executing on cn27.guoehi.cluster, pid 188000
command line: /home/fdemirel/HPC_Lab_Proj/imp/../../gem5/build/ALL/gem5.opt -s --outdir=results_imp_multisim --stdout-file=quick_imp_sdist16_l1d_ddr4_2x_simout.txt --stderr-file=quick_imp_sdist16_l1d_ddr4_2x_simerr.txt --stats-file=stats.txt -c 'from multiprocessing.spawn import spawn_main; spawn_main(tracker_fd=7, pipe_handle=13)' --multiprocessing-fork

src/sim/mem_state.cc:443: info: Increasing stack size by one page.
src/sim/syscall_emul.hh:1121: warn: readlink() called on '/proc/self/exe' may yield unexpected results in various settings.
      Returning '/home/fdemirel/HPC_Lab_Proj/benchmarks/quick/quick-m5.x'
src/arch/arm/insts/pseudo.cc:174: warn: 	instruction 'bti' unimplemented
----quick sort----
Array SIZE      : 131072 
random_elem:0, /home/fdemirel/HPC_Lab_Proj/benchmarks/quick/quick-m5.x
Execution time: 8.952131 (ms) 
Global frequency set at 1000000000000 ticks per second
src/mem/dram_interface.cc:690: warn: DRAM device capacity (16384 Mbytes) does not match the address range assigned (512 Mbytes)
src/mem/dram_interface.cc:690: warn: DRAM device capacity (16384 Mbytes) does not match the address range assigned (512 Mbytes)
src/base/statistics.hh:279: warn: One of the stats is a legacy stat. Legacy stat is a stat that does not belong to any statistics::Group. Legacy stat is deprecated.
board.remote_gdb: Listening for connections on port 7002
gem5 Simulator System.  https://www.gem5.org
gem5 is copyrighted software; use the --copyright option for details.

gem5 version 25.0.0.1
gem5 compiled May  5 2026 12:55:05
gem5 started Jun 17 2026 23:02:23
gem5 executing on cn27.guoehi.cluster, pid 188011
command line: /home/fdemirel/HPC_Lab_Proj/imp/../../gem5/build/ALL/gem5.opt -s --outdir=results_imp_multisim --stdout-file=merge_imp_pt8_l1d_ddr4_2x_simout.txt --stderr-file=merge_imp_pt8_l1d_ddr4_2x_simerr.txt --stats-file=stats.txt -c 'from multiprocessing.spawn import spawn_main; spawn_main(tracker_fd=7, pipe_handle=13)' --multiprocessing-fork

src/sim/mem_state.cc:443: info: Increasing stack size by one page.
src/sim/syscall_emul.hh:1121: warn: readlink() called on '/proc/self/exe' may yield unexpected results in various settings.
      Returning '/home/fdemirel/HPC_Lab_Proj/benchmarks/merge/merge-m5.x'
src/arch/arm/insts/pseudo.cc:174: warn: 	instruction 'bti' unimplemented

----merge----
Execution time: 10.212118 (ms) 
random_elem:0, /home/fdemirel/HPC_Lab_Proj/benchmarks/merge/merge-m5.x
----quick sort----
Array SIZE      : 131072 
random_elem:0, /home/fdemirel/HPC_Lab_Proj/benchmarks/quick/quick-m5.x
Execution time: 8.449760 (ms) 
Global frequency set at 1000000000000 ticks per second
src/mem/dram_interface.cc:690: warn: DRAM device capacity (16384 Mbytes) does not match the address range assigned (512 Mbytes)
src/mem/dram_interface.cc:690: warn: DRAM device capacity (16384 Mbytes) does not match the address range assigned (512 Mbytes)
src/base/statistics.hh:279: warn: One of the stats is a legacy stat. Legacy stat is a stat that does not belong to any statistics::Group. Legacy stat is deprecated.
board.remote_gdb: Listening for connections on port 7001
gem5 Simulator System.  https://www.gem5.org
gem5 is copyrighted software; use the --copyright option for details.

gem5 version 25.0.0.1
gem5 compiled May  5 2026 12:55:05
gem5 started Jun 17 2026 23:03:30
gem5 executing on cn27.guoehi.cluster, pid 188017
command line: /home/fdemirel/HPC_Lab_Proj/imp/../../gem5/build/ALL/gem5.opt -s --outdir=results_imp_multisim --stdout-file=matmult_imp_ipd2_l2_ddr4_2x_simout.txt --stderr-file=matmult_imp_ipd2_l2_ddr4_2x_simerr.txt --stats-file=stats.txt -c 'from multiprocessing.spawn import spawn_main; spawn_main(tracker_fd=7, pipe_handle=13)' --multiprocessing-fork

src/sim/mem_state.cc:443: info: Increasing stack size by one page.
src/sim/syscall_emul.hh:1121: warn: readlink() called on '/proc/self/exe' may yield unexpected results in various settings.
      Returning '/home/fdemirel/HPC_Lab_Proj/benchmarks/matmult/matmult-m5.x'
src/arch/arm/insts/pseudo.cc:174: warn: 	instruction 'bti' unimplemented
Global frequency set at 1000000000000 ticks per second
src/mem/dram_interface.cc:690: warn: DRAM device capacity (16384 Mbytes) does not match the address range assigned (512 Mbytes)
src/mem/dram_interface.cc:690: warn: DRAM device capacity (16384 Mbytes) does not match the address range assigned (512 Mbytes)
src/base/statistics.hh:279: warn: One of the stats is a legacy stat. Legacy stat is a stat that does not belong to any statistics::Group. Legacy stat is deprecated.
board.remote_gdb: Listening for connections on port 7000
gem5 Simulator System.  https://www.gem5.org
gem5 is copyrighted software; use the --copyright option for details.

gem5 version 25.0.0.1
gem5 compiled May  5 2026 12:55:05
gem5 started Jun 17 2026 23:03:46
gem5 executing on cn27.guoehi.cluster, pid 188022
command line: /home/fdemirel/HPC_Lab_Proj/imp/../../gem5/build/ALL/gem5.opt -s --outdir=results_imp_multisim --stdout-file=bfs_imp_sdist16_l2_ddr4_2x_simout.txt --stderr-file=bfs_imp_sdist16_l2_ddr4_2x_simerr.txt --stats-file=stats.txt -c 'from multiprocessing.spawn import spawn_main; spawn_main(tracker_fd=7, pipe_handle=13)' --multiprocessing-fork

src/sim/mem_state.cc:443: info: Increasing stack size by one page.
src/sim/syscall_emul.hh:1121: warn: readlink() called on '/proc/self/exe' may yield unexpected results in various settings.
      Returning '/home/fdemirel/HPC_Lab_Proj/benchmarks/bfs/bfs-m5.x'
src/arch/arm/insts/pseudo.cc:174: warn: 	instruction 'bti' unimplemented
Beginning BFS ...

----MATRIX MULTIPLICATION----

----Computation starts----
Loop 0 ... 
argc = 2, A[argc][argc] = 0.500000, B[argc][argc] = 0.500000, C[argc][argc] = 0.500000 
Execution time: 1.222351 (ms) 
Global frequency set at 1000000000000 ticks per second
src/mem/dram_interface.cc:690: warn: DRAM device capacity (16384 Mbytes) does not match the address range assigned (1024 Mbytes)
src/base/statistics.hh:279: warn: One of the stats is a legacy stat. Legacy stat is a stat that does not belong to any statistics::Group. Legacy stat is deprecated.
board.remote_gdb: Listening for connections on port 7001
gem5 Simulator System.  https://www.gem5.org
gem5 is copyrighted software; use the --copyright option for details.

gem5 version 25.0.0.1
gem5 compiled May  5 2026 12:55:05
gem5 started Jun 17 2026 23:04:38
gem5 executing on cn27.guoehi.cluster, pid 188027
command line: /home/fdemirel/HPC_Lab_Proj/imp/../../gem5/build/ALL/gem5.opt -s --outdir=results_imp_multisim --stdout-file=merge_imp_sthr2_l2_ddr4_1x_simout.txt --stderr-file=merge_imp_sthr2_l2_ddr4_1x_simerr.txt --stats-file=stats.txt -c 'from multiprocessing.spawn import spawn_main; spawn_main(tracker_fd=7, pipe_handle=13)' --multiprocessing-fork

src/sim/mem_state.cc:443: info: Increasing stack size by one page.
src/sim/syscall_emul.hh:1121: warn: readlink() called on '/proc/self/exe' may yield unexpected results in various settings.
      Returning '/home/fdemirel/HPC_Lab_Proj/benchmarks/merge/merge-m5.x'
src/arch/arm/insts/pseudo.cc:174: warn: 	instruction 'bti' unimplemented
Finished BFS.
Global frequency set at 1000000000000 ticks per second
src/mem/dram_interface.cc:690: warn: DRAM device capacity (16384 Mbytes) does not match the address range assigned (1024 Mbytes)
src/base/statistics.hh:279: warn: One of the stats is a legacy stat. Legacy stat is a stat that does not belong to any statistics::Group. Legacy stat is deprecated.
board.remote_gdb: Listening for connections on port 7003
gem5 Simulator System.  https://www.gem5.org
gem5 is copyrighted software; use the --copyright option for details.

gem5 version 25.0.0.1
gem5 compiled May  5 2026 12:55:05
gem5 started Jun 17 2026 23:05:26
gem5 executing on cn27.guoehi.cluster, pid 188031
command line: /home/fdemirel/HPC_Lab_Proj/imp/../../gem5/build/ALL/gem5.opt -s --outdir=results_imp_multisim --stdout-file=simple_triad_imp_dist4_l1d_ddr4_1x_simout.txt --stderr-file=simple_triad_imp_dist4_l1d_ddr4_1x_simerr.txt --stats-file=stats.txt -c 'from multiprocessing.spawn import spawn_main; spawn_main(tracker_fd=7, pipe_handle=13)' --multiprocessing-fork

src/sim/mem_state.cc:443: info: Increasing stack size by one page.
src/sim/syscall_emul.hh:1121: warn: readlink() called on '/proc/self/exe' may yield unexpected results in various settings.
      Returning '/home/fdemirel/HPC_Lab_Proj/benchmarks/simple_triad/simple_triad-m5.x'
Array SIZE      : 1000000 
Array LOOP      : 1 

----triad----
a[0]=7.00e+00. b[0]=2.00e+00. c[0]=1.00e+00.
Execution time: 2.776922 (ms) 
   Rate [MB/s]: 8642.7 

----merge----
Execution time: 10.339320 (ms) 
random_elem:0, /home/fdemirel/HPC_Lab_Proj/benchmarks/merge/merge-m5.x
Global frequency set at 1000000000000 ticks per second
src/mem/dram_interface.cc:690: warn: DRAM device capacity (16384 Mbytes) does not match the address range assigned (1024 Mbytes)
src/base/statistics.hh:279: warn: One of the stats is a legacy stat. Legacy stat is a stat that does not belong to any statistics::Group. Legacy stat is deprecated.
board.remote_gdb: Listening for connections on port 7002
gem5 Simulator System.  https://www.gem5.org
gem5 is copyrighted software; use the --copyright option for details.

gem5 version 25.0.0.1
gem5 compiled May  5 2026 12:55:05
gem5 started Jun 17 2026 23:07:19
gem5 executing on cn27.guoehi.cluster, pid 188037
command line: /home/fdemirel/HPC_Lab_Proj/imp/../../gem5/build/ALL/gem5.opt -s --outdir=results_imp_multisim --stdout-file=matmult_imp_addrlen8_l1d_ddr4_1x_simout.txt --stderr-file=matmult_imp_addrlen8_l1d_ddr4_1x_simerr.txt --stats-file=stats.txt -c 'from multiprocessing.spawn import spawn_main; spawn_main(tracker_fd=7, pipe_handle=13)' --multiprocessing-fork

src/sim/mem_state.cc:443: info: Increasing stack size by one page.
src/sim/syscall_emul.hh:1121: warn: readlink() called on '/proc/self/exe' may yield unexpected results in various settings.
      Returning '/home/fdemirel/HPC_Lab_Proj/benchmarks/matmult/matmult-m5.x'
src/arch/arm/insts/pseudo.cc:174: warn: 	instruction 'bti' unimplemented
Global frequency set at 1000000000000 ticks per second
src/mem/dram_interface.cc:690: warn: DRAM device capacity (16384 Mbytes) does not match the address range assigned (512 Mbytes)
src/mem/dram_interface.cc:690: warn: DRAM device capacity (16384 Mbytes) does not match the address range assigned (512 Mbytes)
src/base/statistics.hh:279: warn: One of the stats is a legacy stat. Legacy stat is a stat that does not belong to any statistics::Group. Legacy stat is deprecated.
board.remote_gdb: Listening for connections on port 7003
gem5 Simulator System.  https://www.gem5.org
gem5 is copyrighted software; use the --copyright option for details.

gem5 version 25.0.0.1
gem5 compiled May  5 2026 12:55:05
gem5 started Jun 17 2026 23:07:28
gem5 executing on cn27.guoehi.cluster, pid 188038
command line: /home/fdemirel/HPC_Lab_Proj/imp/../../gem5/build/ALL/gem5.opt -s --outdir=results_imp_multisim --stdout-file=simple_triad_imp_addrlen2_l2_ddr4_2x_simout.txt --stderr-file=simple_triad_imp_addrlen2_l2_ddr4_2x_simerr.txt --stats-file=stats.txt -c 'from multiprocessing.spawn import spawn_main; spawn_main(tracker_fd=7, pipe_handle=13)' --multiprocessing-fork

src/sim/mem_state.cc:443: info: Increasing stack size by one page.
src/sim/syscall_emul.hh:1121: warn: readlink() called on '/proc/self/exe' may yield unexpected results in various settings.
      Returning '/home/fdemirel/HPC_Lab_Proj/benchmarks/simple_triad/simple_triad-m5.x'

----MATRIX MULTIPLICATION----

----Computation starts----
Loop 0 ... 
argc = 2, A[argc][argc] = 0.500000, B[argc][argc] = 0.500000, C[argc][argc] = 0.500000 
Execution time: 1.234030 (ms) 
Global frequency set at 1000000000000 ticks per second
src/mem/dram_interface.cc:690: warn: DRAM device capacity (16384 Mbytes) does not match the address range assigned (512 Mbytes)
src/mem/dram_interface.cc:690: warn: DRAM device capacity (16384 Mbytes) does not match the address range assigned (512 Mbytes)
src/base/statistics.hh:279: warn: One of the stats is a legacy stat. Legacy stat is a stat that does not belong to any statistics::Group. Legacy stat is deprecated.
board.remote_gdb: Listening for connections on port 7002
gem5 Simulator System.  https://www.gem5.org
gem5 is copyrighted software; use the --copyright option for details.

gem5 version 25.0.0.1
gem5 compiled May  5 2026 12:55:05
gem5 started Jun 17 2026 23:08:30
gem5 executing on cn27.guoehi.cluster, pid 188045
command line: /home/fdemirel/HPC_Lab_Proj/imp/../../gem5/build/ALL/gem5.opt -s --outdir=results_imp_multisim --stdout-file=matmult_imp_addrlen2_l1d_ddr4_2x_simout.txt --stderr-file=matmult_imp_addrlen2_l1d_ddr4_2x_simerr.txt --stats-file=stats.txt -c 'from multiprocessing.spawn import spawn_main; spawn_main(tracker_fd=7, pipe_handle=13)' --multiprocessing-fork

src/sim/mem_state.cc:443: info: Increasing stack size by one page.
src/sim/syscall_emul.hh:1121: warn: readlink() called on '/proc/self/exe' may yield unexpected results in various settings.
      Returning '/home/fdemirel/HPC_Lab_Proj/benchmarks/matmult/matmult-m5.x'
src/arch/arm/insts/pseudo.cc:174: warn: 	instruction 'bti' unimplemented
Array SIZE      : 1000000 
Array LOOP      : 1 

----triad----
a[0]=7.00e+00. b[0]=2.00e+00. c[0]=1.00e+00.
Execution time: 2.250846 (ms) 
   Rate [MB/s]: 10662.7 
Global frequency set at 1000000000000 ticks per second
src/mem/dram_interface.cc:690: warn: DRAM device capacity (16384 Mbytes) does not match the address range assigned (1024 Mbytes)
src/base/statistics.hh:279: warn: One of the stats is a legacy stat. Legacy stat is a stat that does not belong to any statistics::Group. Legacy stat is deprecated.
board.remote_gdb: Listening for connections on port 7003
gem5 Simulator System.  https://www.gem5.org
gem5 is copyrighted software; use the --copyright option for details.

gem5 version 25.0.0.1
gem5 compiled May  5 2026 12:55:05
gem5 started Jun 17 2026 23:09:13
gem5 executing on cn27.guoehi.cluster, pid 188049
command line: /home/fdemirel/HPC_Lab_Proj/imp/../../gem5/build/ALL/gem5.opt -s --outdir=results_imp_multisim --stdout-file=bfs_imp_sthr2_l2_ddr4_1x_simout.txt --stderr-file=bfs_imp_sthr2_l2_ddr4_1x_simerr.txt --stats-file=stats.txt -c 'from multiprocessing.spawn import spawn_main; spawn_main(tracker_fd=7, pipe_handle=13)' --multiprocessing-fork

src/sim/mem_state.cc:443: info: Increasing stack size by one page.
src/sim/syscall_emul.hh:1121: warn: readlink() called on '/proc/self/exe' may yield unexpected results in various settings.
      Returning '/home/fdemirel/HPC_Lab_Proj/benchmarks/bfs/bfs-m5.x'
src/arch/arm/insts/pseudo.cc:174: warn: 	instruction 'bti' unimplemented
Beginning BFS ...

----MATRIX MULTIPLICATION----

----Computation starts----
Loop 0 ... 
argc = 2, A[argc][argc] = 0.500000, B[argc][argc] = 0.500000, C[argc][argc] = 0.500000 
Execution time: 1.253482 (ms) 

----merge----
Execution time: 10.644403 (ms) 
random_elem:0, /home/fdemirel/HPC_Lab_Proj/benchmarks/merge/merge-m5.x
Global frequency set at 1000000000000 ticks per second
src/mem/dram_interface.cc:690: warn: DRAM device capacity (16384 Mbytes) does not match the address range assigned (512 Mbytes)
src/mem/dram_interface.cc:690: warn: DRAM device capacity (16384 Mbytes) does not match the address range assigned (512 Mbytes)
src/base/statistics.hh:279: warn: One of the stats is a legacy stat. Legacy stat is a stat that does not belong to any statistics::Group. Legacy stat is deprecated.
board.remote_gdb: Listening for connections on port 7001
gem5 Simulator System.  https://www.gem5.org
gem5 is copyrighted software; use the --copyright option for details.

gem5 version 25.0.0.1
gem5 compiled May  5 2026 12:55:05
gem5 started Jun 17 2026 23:09:41
gem5 executing on cn27.guoehi.cluster, pid 188052
command line: /home/fdemirel/HPC_Lab_Proj/imp/../../gem5/build/ALL/gem5.opt -s --outdir=results_imp_multisim --stdout-file=simple_triad_imp_default_l2_ddr4_2x_simout.txt --stderr-file=simple_triad_imp_default_l2_ddr4_2x_simerr.txt --stats-file=stats.txt -c 'from multiprocessing.spawn import spawn_main; spawn_main(tracker_fd=7, pipe_handle=13)' --multiprocessing-fork

src/sim/mem_state.cc:443: info: Increasing stack size by one page.
src/sim/syscall_emul.hh:1121: warn: readlink() called on '/proc/self/exe' may yield unexpected results in various settings.
      Returning '/home/fdemirel/HPC_Lab_Proj/benchmarks/simple_triad/simple_triad-m5.x'
Global frequency set at 1000000000000 ticks per second
src/mem/dram_interface.cc:690: warn: DRAM device capacity (16384 Mbytes) does not match the address range assigned (512 Mbytes)
src/mem/dram_interface.cc:690: warn: DRAM device capacity (16384 Mbytes) does not match the address range assigned (512 Mbytes)
src/base/statistics.hh:279: warn: One of the stats is a legacy stat. Legacy stat is a stat that does not belong to any statistics::Group. Legacy stat is deprecated.
board.remote_gdb: Listening for connections on port 7002
gem5 Simulator System.  https://www.gem5.org
gem5 is copyrighted software; use the --copyright option for details.

gem5 version 25.0.0.1
gem5 compiled May  5 2026 12:55:05
gem5 started Jun 17 2026 23:09:43
gem5 executing on cn27.guoehi.cluster, pid 188054
command line: /home/fdemirel/HPC_Lab_Proj/imp/../../gem5/build/ALL/gem5.opt -s --outdir=results_imp_multisim --stdout-file=quick_imp_ipd2_l1d_ddr4_2x_simout.txt --stderr-file=quick_imp_ipd2_l1d_ddr4_2x_simerr.txt --stats-file=stats.txt -c 'from multiprocessing.spawn import spawn_main; spawn_main(tracker_fd=7, pipe_handle=13)' --multiprocessing-fork

src/sim/mem_state.cc:443: info: Increasing stack size by one page.
src/sim/syscall_emul.hh:1121: warn: readlink() called on '/proc/self/exe' may yield unexpected results in various settings.
      Returning '/home/fdemirel/HPC_Lab_Proj/benchmarks/quick/quick-m5.x'
src/arch/arm/insts/pseudo.cc:174: warn: 	instruction 'bti' unimplemented
Finished BFS.
Global frequency set at 1000000000000 ticks per second
src/mem/dram_interface.cc:690: warn: DRAM device capacity (16384 Mbytes) does not match the address range assigned (512 Mbytes)
src/mem/dram_interface.cc:690: warn: DRAM device capacity (16384 Mbytes) does not match the address range assigned (512 Mbytes)
src/base/statistics.hh:279: warn: One of the stats is a legacy stat. Legacy stat is a stat that does not belong to any statistics::Group. Legacy stat is deprecated.
board.remote_gdb: Listening for connections on port 7000
gem5 Simulator System.  https://www.gem5.org
gem5 is copyrighted software; use the --copyright option for details.

gem5 version 25.0.0.1
gem5 compiled May  5 2026 12:55:05
gem5 started Jun 17 2026 23:10:03
gem5 executing on cn27.guoehi.cluster, pid 188061
command line: /home/fdemirel/HPC_Lab_Proj/imp/../../gem5/build/ALL/gem5.opt -s --outdir=results_imp_multisim --stdout-file=bfs_imp_ipd2_l2_ddr4_2x_simout.txt --stderr-file=bfs_imp_ipd2_l2_ddr4_2x_simerr.txt --stats-file=stats.txt -c 'from multiprocessing.spawn import spawn_main; spawn_main(tracker_fd=7, pipe_handle=13)' --multiprocessing-fork

src/sim/mem_state.cc:443: info: Increasing stack size by one page.
src/sim/syscall_emul.hh:1121: warn: readlink() called on '/proc/self/exe' may yield unexpected results in various settings.
      Returning '/home/fdemirel/HPC_Lab_Proj/benchmarks/bfs/bfs-m5.x'
src/arch/arm/insts/pseudo.cc:174: warn: 	instruction 'bti' unimplemented
Beginning BFS ...
Array SIZE      : 1000000 
Array LOOP      : 1 

----triad----
a[0]=7.00e+00. b[0]=2.00e+00. c[0]=1.00e+00.
Execution time: 2.250846 (ms) 
   Rate [MB/s]: 10662.7 
Global frequency set at 1000000000000 ticks per second
src/mem/dram_interface.cc:690: warn: DRAM device capacity (16384 Mbytes) does not match the address range assigned (1024 Mbytes)
src/base/statistics.hh:279: warn: One of the stats is a legacy stat. Legacy stat is a stat that does not belong to any statistics::Group. Legacy stat is deprecated.
board.remote_gdb: Listening for connections on port 7001
gem5 Simulator System.  https://www.gem5.org
gem5 is copyrighted software; use the --copyright option for details.

gem5 version 25.0.0.1
gem5 compiled May  5 2026 12:55:05
gem5 started Jun 17 2026 23:11:29
gem5 executing on cn27.guoehi.cluster, pid 188070
command line: /home/fdemirel/HPC_Lab_Proj/imp/../../gem5/build/ALL/gem5.opt -s --outdir=results_imp_multisim --stdout-file=merge_imp_addrlen8_l1d_ddr4_1x_simout.txt --stderr-file=merge_imp_addrlen8_l1d_ddr4_1x_simerr.txt --stats-file=stats.txt -c 'from multiprocessing.spawn import spawn_main; spawn_main(tracker_fd=7, pipe_handle=13)' --multiprocessing-fork

src/sim/mem_state.cc:443: info: Increasing stack size by one page.
src/sim/syscall_emul.hh:1121: warn: readlink() called on '/proc/self/exe' may yield unexpected results in various settings.
      Returning '/home/fdemirel/HPC_Lab_Proj/benchmarks/merge/merge-m5.x'
src/arch/arm/insts/pseudo.cc:174: warn: 	instruction 'bti' unimplemented
----quick sort----
Array SIZE      : 131072 
random_elem:0, /home/fdemirel/HPC_Lab_Proj/benchmarks/quick/quick-m5.x
Execution time: 8.734951 (ms) 
Global frequency set at 1000000000000 ticks per second
src/mem/dram_interface.cc:690: warn: DRAM device capacity (16384 Mbytes) does not match the address range assigned (512 Mbytes)
src/mem/dram_interface.cc:690: warn: DRAM device capacity (16384 Mbytes) does not match the address range assigned (512 Mbytes)
src/base/statistics.hh:279: warn: One of the stats is a legacy stat. Legacy stat is a stat that does not belong to any statistics::Group. Legacy stat is deprecated.
board.remote_gdb: Listening for connections on port 7002
gem5 Simulator System.  https://www.gem5.org
gem5 is copyrighted software; use the --copyright option for details.

gem5 version 25.0.0.1
gem5 compiled May  5 2026 12:55:05
gem5 started Jun 17 2026 23:13:50
gem5 executing on cn27.guoehi.cluster, pid 188078
command line: /home/fdemirel/HPC_Lab_Proj/imp/../../gem5/build/ALL/gem5.opt -s --outdir=results_imp_multisim --stdout-file=spmv_imp_addrlen2_l2_ddr4_2x_simout.txt --stderr-file=spmv_imp_addrlen2_l2_ddr4_2x_simerr.txt --stats-file=stats.txt -c 'from multiprocessing.spawn import spawn_main; spawn_main(tracker_fd=7, pipe_handle=13)' --multiprocessing-fork

src/sim/mem_state.cc:443: info: Increasing stack size by one page.
src/sim/syscall_emul.hh:1121: warn: readlink() called on '/proc/self/exe' may yield unexpected results in various settings.
      Returning '/home/fdemirel/HPC_Lab_Proj/benchmarks/spmv/spmv-m5.x'
src/arch/arm/insts/pseudo.cc:174: warn: 	instruction 'bti' unimplemented
src/sim/mem_state.cc:443: info: Increasing stack size by one page.
src/sim/mem_state.cc:443: info: Increasing stack size by one page.
src/sim/mem_state.cc:443: info: Increasing stack size by one page.
src/sim/mem_state.cc:443: info: Increasing stack size by one page.
src/sim/mem_state.cc:443: info: Increasing stack size by one page.
src/sim/mem_state.cc:443: info: Increasing stack size by one page.
src/sim/mem_state.cc:443: info: Increasing stack size by one page.
Finished BFS.
Global frequency set at 1000000000000 ticks per second
src/mem/dram_interface.cc:690: warn: DRAM device capacity (16384 Mbytes) does not match the address range assigned (1024 Mbytes)
src/base/statistics.hh:279: warn: One of the stats is a legacy stat. Legacy stat is a stat that does not belong to any statistics::Group. Legacy stat is deprecated.
board.remote_gdb: Listening for connections on port 7003
gem5 Simulator System.  https://www.gem5.org
gem5 is copyrighted software; use the --copyright option for details.

gem5 version 25.0.0.1
gem5 compiled May  5 2026 12:55:05
gem5 started Jun 17 2026 23:15:15
gem5 executing on cn27.guoehi.cluster, pid 188083
command line: /home/fdemirel/HPC_Lab_Proj/imp/../../gem5/build/ALL/gem5.opt -s --outdir=results_imp_multisim --stdout-file=quick_imp_dist4_l1d_ddr4_1x_simout.txt --stderr-file=quick_imp_dist4_l1d_ddr4_1x_simerr.txt --stats-file=stats.txt -c 'from multiprocessing.spawn import spawn_main; spawn_main(tracker_fd=7, pipe_handle=13)' --multiprocessing-fork

src/sim/mem_state.cc:443: info: Increasing stack size by one page.
src/sim/syscall_emul.hh:1121: warn: readlink() called on '/proc/self/exe' may yield unexpected results in various settings.
      Returning '/home/fdemirel/HPC_Lab_Proj/benchmarks/quick/quick-m5.x'
src/arch/arm/insts/pseudo.cc:174: warn: 	instruction 'bti' unimplemented
----spmv----
N_ROWS          : 8192 
N_COLS          : 65536 
NNZ             : 524155 
Execution time: 6.423470 (ms) 
Finished BFS.
Global frequency set at 1000000000000 ticks per second
src/mem/dram_interface.cc:690: warn: DRAM device capacity (16384 Mbytes) does not match the address range assigned (1024 Mbytes)
src/base/statistics.hh:279: warn: One of the stats is a legacy stat. Legacy stat is a stat that does not belong to any statistics::Group. Legacy stat is deprecated.
board.remote_gdb: Listening for connections on port 7000
gem5 Simulator System.  https://www.gem5.org
gem5 is copyrighted software; use the --copyright option for details.

gem5 version 25.0.0.1
gem5 compiled May  5 2026 12:55:05
gem5 started Jun 17 2026 23:15:52
gem5 executing on cn27.guoehi.cluster, pid 188086
command line: /home/fdemirel/HPC_Lab_Proj/imp/../../gem5/build/ALL/gem5.opt -s --outdir=results_imp_multisim --stdout-file=matmult_imp_thr4_l1d_ddr4_1x_simout.txt --stderr-file=matmult_imp_thr4_l1d_ddr4_1x_simerr.txt --stats-file=stats.txt -c 'from multiprocessing.spawn import spawn_main; spawn_main(tracker_fd=7, pipe_handle=13)' --multiprocessing-fork

src/sim/mem_state.cc:443: info: Increasing stack size by one page.
src/sim/syscall_emul.hh:1121: warn: readlink() called on '/proc/self/exe' may yield unexpected results in various settings.
      Returning '/home/fdemirel/HPC_Lab_Proj/benchmarks/matmult/matmult-m5.x'
src/arch/arm/insts/pseudo.cc:174: warn: 	instruction 'bti' unimplemented
Global frequency set at 1000000000000 ticks per second
src/mem/dram_interface.cc:690: warn: DRAM device capacity (16384 Mbytes) does not match the address range assigned (512 Mbytes)
src/mem/dram_interface.cc:690: warn: DRAM device capacity (16384 Mbytes) does not match the address range assigned (512 Mbytes)
src/base/statistics.hh:279: warn: One of the stats is a legacy stat. Legacy stat is a stat that does not belong to any statistics::Group. Legacy stat is deprecated.
board.remote_gdb: Listening for connections on port 7002
gem5 Simulator System.  https://www.gem5.org
gem5 is copyrighted software; use the --copyright option for details.

gem5 version 25.0.0.1
gem5 compiled May  5 2026 12:55:05
gem5 started Jun 17 2026 23:16:02
gem5 executing on cn27.guoehi.cluster, pid 188088
command line: /home/fdemirel/HPC_Lab_Proj/imp/../../gem5/build/ALL/gem5.opt -s --outdir=results_imp_multisim --stdout-file=simple_triad_imp_dist32_l1d_ddr4_2x_simout.txt --stderr-file=simple_triad_imp_dist32_l1d_ddr4_2x_simerr.txt --stats-file=stats.txt -c 'from multiprocessing.spawn import spawn_main; spawn_main(tracker_fd=7, pipe_handle=13)' --multiprocessing-fork

src/sim/mem_state.cc:443: info: Increasing stack size by one page.
src/sim/syscall_emul.hh:1121: warn: readlink() called on '/proc/self/exe' may yield unexpected results in various settings.
      Returning '/home/fdemirel/HPC_Lab_Proj/benchmarks/simple_triad/simple_triad-m5.x'

----merge----
Execution time: 10.335941 (ms) 
random_elem:0, /home/fdemirel/HPC_Lab_Proj/benchmarks/merge/merge-m5.x
Global frequency set at 1000000000000 ticks per second
src/mem/dram_interface.cc:690: warn: DRAM device capacity (16384 Mbytes) does not match the address range assigned (1024 Mbytes)
src/base/statistics.hh:279: warn: One of the stats is a legacy stat. Legacy stat is a stat that does not belong to any statistics::Group. Legacy stat is deprecated.
board.remote_gdb: Listening for connections on port 7001
gem5 Simulator System.  https://www.gem5.org
gem5 is copyrighted software; use the --copyright option for details.

gem5 version 25.0.0.1
gem5 compiled May  5 2026 12:55:05
gem5 started Jun 17 2026 23:16:31
gem5 executing on cn27.guoehi.cluster, pid 188097
command line: /home/fdemirel/HPC_Lab_Proj/imp/../../gem5/build/ALL/gem5.opt -s --outdir=results_imp_multisim --stdout-file=simple_triad_imp_pt8_l1d_ddr4_1x_simout.txt --stderr-file=simple_triad_imp_pt8_l1d_ddr4_1x_simerr.txt --stats-file=stats.txt -c 'from multiprocessing.spawn import spawn_main; spawn_main(tracker_fd=7, pipe_handle=13)' --multiprocessing-fork

src/sim/mem_state.cc:443: info: Increasing stack size by one page.
src/sim/syscall_emul.hh:1121: warn: readlink() called on '/proc/self/exe' may yield unexpected results in various settings.
      Returning '/home/fdemirel/HPC_Lab_Proj/benchmarks/simple_triad/simple_triad-m5.x'

----MATRIX MULTIPLICATION----

----Computation starts----
Loop 0 ... 
argc = 2, A[argc][argc] = 0.500000, B[argc][argc] = 0.500000, C[argc][argc] = 0.500000 
Execution time: 1.234030 (ms) 
Global frequency set at 1000000000000 ticks per second
src/mem/dram_interface.cc:690: warn: DRAM device capacity (16384 Mbytes) does not match the address range assigned (1024 Mbytes)
src/base/statistics.hh:279: warn: One of the stats is a legacy stat. Legacy stat is a stat that does not belong to any statistics::Group. Legacy stat is deprecated.
board.remote_gdb: Listening for connections on port 7000
gem5 Simulator System.  https://www.gem5.org
gem5 is copyrighted software; use the --copyright option for details.

gem5 version 25.0.0.1
gem5 compiled May  5 2026 12:55:05
gem5 started Jun 17 2026 23:17:02
gem5 executing on cn27.guoehi.cluster, pid 188100
command line: /home/fdemirel/HPC_Lab_Proj/imp/../../gem5/build/ALL/gem5.opt -s --outdir=results_imp_multisim --stdout-file=quick_imp_dist64_l2_ddr4_1x_simout.txt --stderr-file=quick_imp_dist64_l2_ddr4_1x_simerr.txt --stats-file=stats.txt -c 'from multiprocessing.spawn import spawn_main; spawn_main(tracker_fd=7, pipe_handle=13)' --multiprocessing-fork

src/sim/mem_state.cc:443: info: Increasing stack size by one page.
src/sim/syscall_emul.hh:1121: warn: readlink() called on '/proc/self/exe' may yield unexpected results in various settings.
      Returning '/home/fdemirel/HPC_Lab_Proj/benchmarks/quick/quick-m5.x'
src/arch/arm/insts/pseudo.cc:174: warn: 	instruction 'bti' unimplemented
Array SIZE      : 1000000 
Array LOOP      : 1 

----triad----
a[0]=7.00e+00. b[0]=2.00e+00. c[0]=1.00e+00.
Execution time: 2.245558 (ms) 
   Rate [MB/s]: 10687.8 
Global frequency set at 1000000000000 ticks per second
src/mem/dram_interface.cc:690: warn: DRAM device capacity (16384 Mbytes) does not match the address range assigned (512 Mbytes)
src/mem/dram_interface.cc:690: warn: DRAM device capacity (16384 Mbytes) does not match the address range assigned (512 Mbytes)
src/base/statistics.hh:279: warn: One of the stats is a legacy stat. Legacy stat is a stat that does not belong to any statistics::Group. Legacy stat is deprecated.
board.remote_gdb: Listening for connections on port 7002
gem5 Simulator System.  https://www.gem5.org
gem5 is copyrighted software; use the --copyright option for details.

gem5 version 25.0.0.1
gem5 compiled May  5 2026 12:55:05
gem5 started Jun 17 2026 23:17:49
gem5 executing on cn27.guoehi.cluster, pid 188104
command line: /home/fdemirel/HPC_Lab_Proj/imp/../../gem5/build/ALL/gem5.opt -s --outdir=results_imp_multisim --stdout-file=matmult_imp_dist32_l2_ddr4_2x_simout.txt --stderr-file=matmult_imp_dist32_l2_ddr4_2x_simerr.txt --stats-file=stats.txt -c 'from multiprocessing.spawn import spawn_main; spawn_main(tracker_fd=7, pipe_handle=13)' --multiprocessing-fork

src/sim/mem_state.cc:443: info: Increasing stack size by one page.
src/sim/syscall_emul.hh:1121: warn: readlink() called on '/proc/self/exe' may yield unexpected results in various settings.
      Returning '/home/fdemirel/HPC_Lab_Proj/benchmarks/matmult/matmult-m5.x'
src/arch/arm/insts/pseudo.cc:174: warn: 	instruction 'bti' unimplemented
Array SIZE      : 1000000 
Array LOOP      : 1 

----triad----
a[0]=7.00e+00. b[0]=2.00e+00. c[0]=1.00e+00.
Execution time: 2.776922 (ms) 
   Rate [MB/s]: 8642.7 
Global frequency set at 1000000000000 ticks per second
src/mem/dram_interface.cc:690: warn: DRAM device capacity (16384 Mbytes) does not match the address range assigned (512 Mbytes)
src/mem/dram_interface.cc:690: warn: DRAM device capacity (16384 Mbytes) does not match the address range assigned (512 Mbytes)
src/base/statistics.hh:279: warn: One of the stats is a legacy stat. Legacy stat is a stat that does not belong to any statistics::Group. Legacy stat is deprecated.
board.remote_gdb: Listening for connections on port 7001
gem5 Simulator System.  https://www.gem5.org
gem5 is copyrighted software; use the --copyright option for details.

gem5 version 25.0.0.1
gem5 compiled May  5 2026 12:55:05
gem5 started Jun 17 2026 23:18:24
gem5 executing on cn27.guoehi.cluster, pid 188109
command line: /home/fdemirel/HPC_Lab_Proj/imp/../../gem5/build/ALL/gem5.opt -s --outdir=results_imp_multisim --stdout-file=merge_imp_default_l1d_ddr4_2x_simout.txt --stderr-file=merge_imp_default_l1d_ddr4_2x_simerr.txt --stats-file=stats.txt -c 'from multiprocessing.spawn import spawn_main; spawn_main(tracker_fd=7, pipe_handle=13)' --multiprocessing-fork

src/sim/mem_state.cc:443: info: Increasing stack size by one page.
src/sim/syscall_emul.hh:1121: warn: readlink() called on '/proc/self/exe' may yield unexpected results in various settings.
      Returning '/home/fdemirel/HPC_Lab_Proj/benchmarks/merge/merge-m5.x'
src/arch/arm/insts/pseudo.cc:174: warn: 	instruction 'bti' unimplemented

----MATRIX MULTIPLICATION----

----Computation starts----
Loop 0 ... 
argc = 2, A[argc][argc] = 0.500000, B[argc][argc] = 0.500000, C[argc][argc] = 0.500000 
Execution time: 1.222351 (ms) 
Global frequency set at 1000000000000 ticks per second
src/mem/dram_interface.cc:690: warn: DRAM device capacity (16384 Mbytes) does not match the address range assigned (1024 Mbytes)
src/base/statistics.hh:279: warn: One of the stats is a legacy stat. Legacy stat is a stat that does not belong to any statistics::Group. Legacy stat is deprecated.
board.remote_gdb: Listening for connections on port 7002
gem5 Simulator System.  https://www.gem5.org
gem5 is copyrighted software; use the --copyright option for details.

gem5 version 25.0.0.1
gem5 compiled May  5 2026 12:55:05
gem5 started Jun 17 2026 23:18:56
gem5 executing on cn27.guoehi.cluster, pid 188113
command line: /home/fdemirel/HPC_Lab_Proj/imp/../../gem5/build/ALL/gem5.opt -s --outdir=results_imp_multisim --stdout-file=simple_triad_imp_ipd2_l2_ddr4_1x_simout.txt --stderr-file=simple_triad_imp_ipd2_l2_ddr4_1x_simerr.txt --stats-file=stats.txt -c 'from multiprocessing.spawn import spawn_main; spawn_main(tracker_fd=7, pipe_handle=13)' --multiprocessing-fork

src/sim/mem_state.cc:443: info: Increasing stack size by one page.
src/sim/syscall_emul.hh:1121: warn: readlink() called on '/proc/self/exe' may yield unexpected results in various settings.
      Returning '/home/fdemirel/HPC_Lab_Proj/benchmarks/simple_triad/simple_triad-m5.x'
----quick sort----
Array SIZE      : 131072 
random_elem:0, /home/fdemirel/HPC_Lab_Proj/benchmarks/quick/quick-m5.x
Execution time: 8.782714 (ms) 
Global frequency set at 1000000000000 ticks per second
src/mem/dram_interface.cc:690: warn: DRAM device capacity (16384 Mbytes) does not match the address range assigned (512 Mbytes)
src/mem/dram_interface.cc:690: warn: DRAM device capacity (16384 Mbytes) does not match the address range assigned (512 Mbytes)
src/base/statistics.hh:279: warn: One of the stats is a legacy stat. Legacy stat is a stat that does not belong to any statistics::Group. Legacy stat is deprecated.
board.remote_gdb: Listening for connections on port 7003
gem5 Simulator System.  https://www.gem5.org
gem5 is copyrighted software; use the --copyright option for details.

gem5 version 25.0.0.1
gem5 compiled May  5 2026 12:55:05
gem5 started Jun 17 2026 23:19:20
gem5 executing on cn27.guoehi.cluster, pid 188120
command line: /home/fdemirel/HPC_Lab_Proj/imp/../../gem5/build/ALL/gem5.opt -s --outdir=results_imp_multisim --stdout-file=bfs_imp_addrlen2_l1d_ddr4_2x_simout.txt --stderr-file=bfs_imp_addrlen2_l1d_ddr4_2x_simerr.txt --stats-file=stats.txt -c 'from multiprocessing.spawn import spawn_main; spawn_main(tracker_fd=7, pipe_handle=13)' --multiprocessing-fork

src/sim/mem_state.cc:443: info: Increasing stack size by one page.
src/sim/syscall_emul.hh:1121: warn: readlink() called on '/proc/self/exe' may yield unexpected results in various settings.
      Returning '/home/fdemirel/HPC_Lab_Proj/benchmarks/bfs/bfs-m5.x'
src/arch/arm/insts/pseudo.cc:174: warn: 	instruction 'bti' unimplemented
Beginning BFS ...
Array SIZE      : 1000000 
Array LOOP      : 1 

----triad----
a[0]=7.00e+00. b[0]=2.00e+00. c[0]=1.00e+00.
Execution time: 2.921286 (ms) 
   Rate [MB/s]: 8215.6 
Global frequency set at 1000000000000 ticks per second
src/mem/dram_interface.cc:690: warn: DRAM device capacity (16384 Mbytes) does not match the address range assigned (1024 Mbytes)
src/base/statistics.hh:279: warn: One of the stats is a legacy stat. Legacy stat is a stat that does not belong to any statistics::Group. Legacy stat is deprecated.
board.remote_gdb: Listening for connections on port 7002
gem5 Simulator System.  https://www.gem5.org
gem5 is copyrighted software; use the --copyright option for details.

gem5 version 25.0.0.1
gem5 compiled May  5 2026 12:55:05
gem5 started Jun 17 2026 23:20:51
gem5 executing on cn27.guoehi.cluster, pid 188128
command line: /home/fdemirel/HPC_Lab_Proj/imp/../../gem5/build/ALL/gem5.opt -s --outdir=results_imp_multisim --stdout-file=spmv_imp_pt8_l1d_ddr4_1x_simout.txt --stderr-file=spmv_imp_pt8_l1d_ddr4_1x_simerr.txt --stats-file=stats.txt -c 'from multiprocessing.spawn import spawn_main; spawn_main(tracker_fd=7, pipe_handle=13)' --multiprocessing-fork

src/sim/mem_state.cc:443: info: Increasing stack size by one page.
src/sim/syscall_emul.hh:1121: warn: readlink() called on '/proc/self/exe' may yield unexpected results in various settings.
      Returning '/home/fdemirel/HPC_Lab_Proj/benchmarks/spmv/spmv-m5.x'
src/arch/arm/insts/pseudo.cc:174: warn: 	instruction 'bti' unimplemented
src/sim/mem_state.cc:443: info: Increasing stack size by one page.
src/sim/mem_state.cc:443: info: Increasing stack size by one page.
src/sim/mem_state.cc:443: info: Increasing stack size by one page.
src/sim/mem_state.cc:443: info: Increasing stack size by one page.
src/sim/mem_state.cc:443: info: Increasing stack size by one page.
src/sim/mem_state.cc:443: info: Increasing stack size by one page.
src/sim/mem_state.cc:443: info: Increasing stack size by one page.
----quick sort----
Array SIZE      : 131072 
random_elem:0, /home/fdemirel/HPC_Lab_Proj/benchmarks/quick/quick-m5.x
Execution time: 9.039168 (ms) 
Global frequency set at 1000000000000 ticks per second
src/mem/dram_interface.cc:690: warn: DRAM device capacity (16384 Mbytes) does not match the address range assigned (512 Mbytes)
src/mem/dram_interface.cc:690: warn: DRAM device capacity (16384 Mbytes) does not match the address range assigned (512 Mbytes)
src/base/statistics.hh:279: warn: One of the stats is a legacy stat. Legacy stat is a stat that does not belong to any statistics::Group. Legacy stat is deprecated.
board.remote_gdb: Listening for connections on port 7000
gem5 Simulator System.  https://www.gem5.org
gem5 is copyrighted software; use the --copyright option for details.

gem5 version 25.0.0.1
gem5 compiled May  5 2026 12:55:05
gem5 started Jun 17 2026 23:21:11
gem5 executing on cn27.guoehi.cluster, pid 188131
command line: /home/fdemirel/HPC_Lab_Proj/imp/../../gem5/build/ALL/gem5.opt -s --outdir=results_imp_multisim --stdout-file=quick_imp_default_l2_ddr4_2x_simout.txt --stderr-file=quick_imp_default_l2_ddr4_2x_simerr.txt --stats-file=stats.txt -c 'from multiprocessing.spawn import spawn_main; spawn_main(tracker_fd=7, pipe_handle=13)' --multiprocessing-fork

src/sim/mem_state.cc:443: info: Increasing stack size by one page.
src/sim/syscall_emul.hh:1121: warn: readlink() called on '/proc/self/exe' may yield unexpected results in various settings.
      Returning '/home/fdemirel/HPC_Lab_Proj/benchmarks/quick/quick-m5.x'
src/arch/arm/insts/pseudo.cc:174: warn: 	instruction 'bti' unimplemented
----spmv----
N_ROWS          : 8192 
N_COLS          : 65536 
NNZ             : 524155 
Execution time: 6.728739 (ms) 
Global frequency set at 1000000000000 ticks per second
src/mem/dram_interface.cc:690: warn: DRAM device capacity (16384 Mbytes) does not match the address range assigned (512 Mbytes)
src/mem/dram_interface.cc:690: warn: DRAM device capacity (16384 Mbytes) does not match the address range assigned (512 Mbytes)
src/base/statistics.hh:279: warn: One of the stats is a legacy stat. Legacy stat is a stat that does not belong to any statistics::Group. Legacy stat is deprecated.
board.remote_gdb: Listening for connections on port 7002
gem5 Simulator System.  https://www.gem5.org
gem5 is copyrighted software; use the --copyright option for details.

gem5 version 25.0.0.1
gem5 compiled May  5 2026 12:55:05
gem5 started Jun 17 2026 23:23:13
gem5 executing on cn27.guoehi.cluster, pid 188142
command line: /home/fdemirel/HPC_Lab_Proj/imp/../../gem5/build/ALL/gem5.opt -s --outdir=results_imp_multisim --stdout-file=merge_imp_dist32_l2_ddr4_2x_simout.txt --stderr-file=merge_imp_dist32_l2_ddr4_2x_simerr.txt --stats-file=stats.txt -c 'from multiprocessing.spawn import spawn_main; spawn_main(tracker_fd=7, pipe_handle=13)' --multiprocessing-fork

src/sim/mem_state.cc:443: info: Increasing stack size by one page.
src/sim/syscall_emul.hh:1121: warn: readlink() called on '/proc/self/exe' may yield unexpected results in various settings.
      Returning '/home/fdemirel/HPC_Lab_Proj/benchmarks/merge/merge-m5.x'
src/arch/arm/insts/pseudo.cc:174: warn: 	instruction 'bti' unimplemented

----merge----
Execution time: 10.326216 (ms) 
random_elem:0, /home/fdemirel/HPC_Lab_Proj/benchmarks/merge/merge-m5.x
Global frequency set at 1000000000000 ticks per second
src/mem/dram_interface.cc:690: warn: DRAM device capacity (16384 Mbytes) does not match the address range assigned (512 Mbytes)
src/mem/dram_interface.cc:690: warn: DRAM device capacity (16384 Mbytes) does not match the address range assigned (512 Mbytes)
src/base/statistics.hh:279: warn: One of the stats is a legacy stat. Legacy stat is a stat that does not belong to any statistics::Group. Legacy stat is deprecated.
board.remote_gdb: Listening for connections on port 7001
gem5 Simulator System.  https://www.gem5.org
gem5 is copyrighted software; use the --copyright option for details.

gem5 version 25.0.0.1
gem5 compiled May  5 2026 12:55:05
gem5 started Jun 17 2026 23:23:34
gem5 executing on cn27.guoehi.cluster, pid 188146
command line: /home/fdemirel/HPC_Lab_Proj/imp/../../gem5/build/ALL/gem5.opt -s --outdir=results_imp_multisim --stdout-file=matmult_imp_thr3_l1d_ddr4_2x_simout.txt --stderr-file=matmult_imp_thr3_l1d_ddr4_2x_simerr.txt --stats-file=stats.txt -c 'from multiprocessing.spawn import spawn_main; spawn_main(tracker_fd=7, pipe_handle=13)' --multiprocessing-fork

src/sim/mem_state.cc:443: info: Increasing stack size by one page.
src/sim/syscall_emul.hh:1121: warn: readlink() called on '/proc/self/exe' may yield unexpected results in various settings.
      Returning '/home/fdemirel/HPC_Lab_Proj/benchmarks/matmult/matmult-m5.x'
src/arch/arm/insts/pseudo.cc:174: warn: 	instruction 'bti' unimplemented

----MATRIX MULTIPLICATION----

----Computation starts----
Loop 0 ... 
argc = 2, A[argc][argc] = 0.500000, B[argc][argc] = 0.500000, C[argc][argc] = 0.500000 
Execution time: 1.253482 (ms) 
Global frequency set at 1000000000000 ticks per second
src/mem/dram_interface.cc:690: warn: DRAM device capacity (16384 Mbytes) does not match the address range assigned (1024 Mbytes)
src/base/statistics.hh:279: warn: One of the stats is a legacy stat. Legacy stat is a stat that does not belong to any statistics::Group. Legacy stat is deprecated.
board.remote_gdb: Listening for connections on port 7001
gem5 Simulator System.  https://www.gem5.org
gem5 is copyrighted software; use the --copyright option for details.

gem5 version 25.0.0.1
gem5 compiled May  5 2026 12:55:05
gem5 started Jun 17 2026 23:24:45
gem5 executing on cn27.guoehi.cluster, pid 188150
command line: /home/fdemirel/HPC_Lab_Proj/imp/../../gem5/build/ALL/gem5.opt -s --outdir=results_imp_multisim --stdout-file=quick_imp_pt8_l1d_ddr4_1x_simout.txt --stderr-file=quick_imp_pt8_l1d_ddr4_1x_simerr.txt --stats-file=stats.txt -c 'from multiprocessing.spawn import spawn_main; spawn_main(tracker_fd=7, pipe_handle=13)' --multiprocessing-fork

src/sim/mem_state.cc:443: info: Increasing stack size by one page.
src/sim/syscall_emul.hh:1121: warn: readlink() called on '/proc/self/exe' may yield unexpected results in various settings.
      Returning '/home/fdemirel/HPC_Lab_Proj/benchmarks/quick/quick-m5.x'
src/arch/arm/insts/pseudo.cc:174: warn: 	instruction 'bti' unimplemented
----quick sort----
Array SIZE      : 131072 
random_elem:0, /home/fdemirel/HPC_Lab_Proj/benchmarks/quick/quick-m5.x
Execution time: 8.952131 (ms) 
Global frequency set at 1000000000000 ticks per second
src/mem/dram_interface.cc:690: warn: DRAM device capacity (16384 Mbytes) does not match the address range assigned (1024 Mbytes)
src/base/statistics.hh:279: warn: One of the stats is a legacy stat. Legacy stat is a stat that does not belong to any statistics::Group. Legacy stat is deprecated.
board.remote_gdb: Listening for connections on port 7000
gem5 Simulator System.  https://www.gem5.org
gem5 is copyrighted software; use the --copyright option for details.

gem5 version 25.0.0.1
gem5 compiled May  5 2026 12:55:05
gem5 started Jun 17 2026 23:25:27
gem5 executing on cn27.guoehi.cluster, pid 188154
command line: /home/fdemirel/HPC_Lab_Proj/imp/../../gem5/build/ALL/gem5.opt -s --outdir=results_imp_multisim --stdout-file=spmv_imp_ipd2_l2_ddr4_1x_simout.txt --stderr-file=spmv_imp_ipd2_l2_ddr4_1x_simerr.txt --stats-file=stats.txt -c 'from multiprocessing.spawn import spawn_main; spawn_main(tracker_fd=7, pipe_handle=13)' --multiprocessing-fork

src/sim/mem_state.cc:443: info: Increasing stack size by one page.
src/sim/syscall_emul.hh:1121: warn: readlink() called on '/proc/self/exe' may yield unexpected results in various settings.
      Returning '/home/fdemirel/HPC_Lab_Proj/benchmarks/spmv/spmv-m5.x'
src/arch/arm/insts/pseudo.cc:174: warn: 	instruction 'bti' unimplemented
src/sim/mem_state.cc:443: info: Increasing stack size by one page.
src/sim/mem_state.cc:443: info: Increasing stack size by one page.
src/sim/mem_state.cc:443: info: Increasing stack size by one page.
src/sim/mem_state.cc:443: info: Increasing stack size by one page.
src/sim/mem_state.cc:443: info: Increasing stack size by one page.
src/sim/mem_state.cc:443: info: Increasing stack size by one page.
src/sim/mem_state.cc:443: info: Increasing stack size by one page.
Finished BFS.
Global frequency set at 1000000000000 ticks per second
src/mem/dram_interface.cc:690: warn: DRAM device capacity (16384 Mbytes) does not match the address range assigned (1024 Mbytes)
src/base/statistics.hh:279: warn: One of the stats is a legacy stat. Legacy stat is a stat that does not belong to any statistics::Group. Legacy stat is deprecated.
board.remote_gdb: Listening for connections on port 7003
gem5 Simulator System.  https://www.gem5.org
gem5 is copyrighted software; use the --copyright option for details.

gem5 version 25.0.0.1
gem5 compiled May  5 2026 12:55:05
gem5 started Jun 17 2026 23:26:06
gem5 executing on cn27.guoehi.cluster, pid 188158
command line: /home/fdemirel/HPC_Lab_Proj/imp/../../gem5/build/ALL/gem5.opt -s --outdir=results_imp_multisim --stdout-file=matmult_imp_addrlen2_l1d_ddr4_1x_simout.txt --stderr-file=matmult_imp_addrlen2_l1d_ddr4_1x_simerr.txt --stats-file=stats.txt -c 'from multiprocessing.spawn import spawn_main; spawn_main(tracker_fd=7, pipe_handle=13)' --multiprocessing-fork

src/sim/mem_state.cc:443: info: Increasing stack size by one page.
src/sim/syscall_emul.hh:1121: warn: readlink() called on '/proc/self/exe' may yield unexpected results in various settings.
      Returning '/home/fdemirel/HPC_Lab_Proj/benchmarks/matmult/matmult-m5.x'
src/arch/arm/insts/pseudo.cc:174: warn: 	instruction 'bti' unimplemented

----MATRIX MULTIPLICATION----

----Computation starts----
Loop 0 ... 
argc = 2, A[argc][argc] = 0.500000, B[argc][argc] = 0.500000, C[argc][argc] = 0.500000 
Execution time: 1.234030 (ms) 
----spmv----
N_ROWS          : 8192 
N_COLS          : 65536 
NNZ             : 524155 
Execution time: 6.890919 (ms) 
Global frequency set at 1000000000000 ticks per second
src/mem/dram_interface.cc:690: warn: DRAM device capacity (16384 Mbytes) does not match the address range assigned (512 Mbytes)
src/mem/dram_interface.cc:690: warn: DRAM device capacity (16384 Mbytes) does not match the address range assigned (512 Mbytes)
src/base/statistics.hh:279: warn: One of the stats is a legacy stat. Legacy stat is a stat that does not belong to any statistics::Group. Legacy stat is deprecated.
board.remote_gdb: Listening for connections on port 7000
gem5 Simulator System.  https://www.gem5.org
gem5 is copyrighted software; use the --copyright option for details.

gem5 version 25.0.0.1
gem5 compiled May  5 2026 12:55:05
gem5 started Jun 17 2026 23:27:17
gem5 executing on cn27.guoehi.cluster, pid 188163
command line: /home/fdemirel/HPC_Lab_Proj/imp/../../gem5/build/ALL/gem5.opt -s --outdir=results_imp_multisim --stdout-file=bfs_imp_default_l1d_ddr4_2x_simout.txt --stderr-file=bfs_imp_default_l1d_ddr4_2x_simerr.txt --stats-file=stats.txt -c 'from multiprocessing.spawn import spawn_main; spawn_main(tracker_fd=7, pipe_handle=13)' --multiprocessing-fork

src/sim/mem_state.cc:443: info: Increasing stack size by one page.
src/sim/syscall_emul.hh:1121: warn: readlink() called on '/proc/self/exe' may yield unexpected results in various settings.
      Returning '/home/fdemirel/HPC_Lab_Proj/benchmarks/bfs/bfs-m5.x'
src/arch/arm/insts/pseudo.cc:174: warn: 	instruction 'bti' unimplemented
Beginning BFS ...
Global frequency set at 1000000000000 ticks per second
src/mem/dram_interface.cc:690: warn: DRAM device capacity (16384 Mbytes) does not match the address range assigned (512 Mbytes)
src/mem/dram_interface.cc:690: warn: DRAM device capacity (16384 Mbytes) does not match the address range assigned (512 Mbytes)
src/base/statistics.hh:279: warn: One of the stats is a legacy stat. Legacy stat is a stat that does not belong to any statistics::Group. Legacy stat is deprecated.
board.remote_gdb: Listening for connections on port 7003
gem5 Simulator System.  https://www.gem5.org
gem5 is copyrighted software; use the --copyright option for details.

gem5 version 25.0.0.1
gem5 compiled May  5 2026 12:55:05
gem5 started Jun 17 2026 23:27:28
gem5 executing on cn27.guoehi.cluster, pid 188165
command line: /home/fdemirel/HPC_Lab_Proj/imp/../../gem5/build/ALL/gem5.opt -s --outdir=results_imp_multisim --stdout-file=spmv_imp_thr3_l2_ddr4_2x_simout.txt --stderr-file=spmv_imp_thr3_l2_ddr4_2x_simerr.txt --stats-file=stats.txt -c 'from multiprocessing.spawn import spawn_main; spawn_main(tracker_fd=7, pipe_handle=13)' --multiprocessing-fork

src/sim/mem_state.cc:443: info: Increasing stack size by one page.
src/sim/syscall_emul.hh:1121: warn: readlink() called on '/proc/self/exe' may yield unexpected results in various settings.
      Returning '/home/fdemirel/HPC_Lab_Proj/benchmarks/spmv/spmv-m5.x'
src/arch/arm/insts/pseudo.cc:174: warn: 	instruction 'bti' unimplemented
src/sim/mem_state.cc:443: info: Increasing stack size by one page.
src/sim/mem_state.cc:443: info: Increasing stack size by one page.
src/sim/mem_state.cc:443: info: Increasing stack size by one page.
src/sim/mem_state.cc:443: info: Increasing stack size by one page.
src/sim/mem_state.cc:443: info: Increasing stack size by one page.
src/sim/mem_state.cc:443: info: Increasing stack size by one page.
src/sim/mem_state.cc:443: info: Increasing stack size by one page.

----merge----
Execution time: 10.543216 (ms) 
random_elem:0, /home/fdemirel/HPC_Lab_Proj/benchmarks/merge/merge-m5.x
Global frequency set at 1000000000000 ticks per second
src/mem/dram_interface.cc:690: warn: DRAM device capacity (16384 Mbytes) does not match the address range assigned (1024 Mbytes)
src/base/statistics.hh:279: warn: One of the stats is a legacy stat. Legacy stat is a stat that does not belong to any statistics::Group. Legacy stat is deprecated.
board.remote_gdb: Listening for connections on port 7002
gem5 Simulator System.  https://www.gem5.org
gem5 is copyrighted software; use the --copyright option for details.

gem5 version 25.0.0.1
gem5 compiled May  5 2026 12:55:05
gem5 started Jun 17 2026 23:28:17
gem5 executing on cn27.guoehi.cluster, pid 188170
command line: /home/fdemirel/HPC_Lab_Proj/imp/../../gem5/build/ALL/gem5.opt -s --outdir=results_imp_multisim --stdout-file=spmv_imp_default_l1d_ddr4_1x_simout.txt --stderr-file=spmv_imp_default_l1d_ddr4_1x_simerr.txt --stats-file=stats.txt -c 'from multiprocessing.spawn import spawn_main; spawn_main(tracker_fd=7, pipe_handle=13)' --multiprocessing-fork

src/sim/mem_state.cc:443: info: Increasing stack size by one page.
src/sim/syscall_emul.hh:1121: warn: readlink() called on '/proc/self/exe' may yield unexpected results in various settings.
      Returning '/home/fdemirel/HPC_Lab_Proj/benchmarks/spmv/spmv-m5.x'
src/arch/arm/insts/pseudo.cc:174: warn: 	instruction 'bti' unimplemented
src/sim/mem_state.cc:443: info: Increasing stack size by one page.
src/sim/mem_state.cc:443: info: Increasing stack size by one page.
src/sim/mem_state.cc:443: info: Increasing stack size by one page.
src/sim/mem_state.cc:443: info: Increasing stack size by one page.
src/sim/mem_state.cc:443: info: Increasing stack size by one page.
src/sim/mem_state.cc:443: info: Increasing stack size by one page.
src/sim/mem_state.cc:443: info: Increasing stack size by one page.
----quick sort----
Array SIZE      : 131072 
random_elem:0, /home/fdemirel/HPC_Lab_Proj/benchmarks/quick/quick-m5.x
Execution time: 8.783150 (ms) 
Global frequency set at 1000000000000 ticks per second
src/mem/dram_interface.cc:690: warn: DRAM device capacity (16384 Mbytes) does not match the address range assigned (1024 Mbytes)
src/base/statistics.hh:279: warn: One of the stats is a legacy stat. Legacy stat is a stat that does not belong to any statistics::Group. Legacy stat is deprecated.
board.remote_gdb: Listening for connections on port 7001
gem5 Simulator System.  https://www.gem5.org
gem5 is copyrighted software; use the --copyright option for details.

gem5 version 25.0.0.1
gem5 compiled May  5 2026 12:55:05
gem5 started Jun 17 2026 23:28:49
gem5 executing on cn27.guoehi.cluster, pid 188174
command line: /home/fdemirel/HPC_Lab_Proj/imp/../../gem5/build/ALL/gem5.opt -s --outdir=results_imp_multisim --stdout-file=bfs_imp_sdist16_l2_ddr4_1x_simout.txt --stderr-file=bfs_imp_sdist16_l2_ddr4_1x_simerr.txt --stats-file=stats.txt -c 'from multiprocessing.spawn import spawn_main; spawn_main(tracker_fd=7, pipe_handle=13)' --multiprocessing-fork

src/sim/mem_state.cc:443: info: Increasing stack size by one page.
src/sim/syscall_emul.hh:1121: warn: readlink() called on '/proc/self/exe' may yield unexpected results in various settings.
      Returning '/home/fdemirel/HPC_Lab_Proj/benchmarks/bfs/bfs-m5.x'
src/arch/arm/insts/pseudo.cc:174: warn: 	instruction 'bti' unimplemented
Beginning BFS ...
----spmv----
N_ROWS          : 8192 
N_COLS          : 65536 
NNZ             : 524155 
Execution time: 6.423470 (ms) 
Global frequency set at 1000000000000 ticks per second
src/mem/dram_interface.cc:690: warn: DRAM device capacity (16384 Mbytes) does not match the address range assigned (512 Mbytes)
src/mem/dram_interface.cc:690: warn: DRAM device capacity (16384 Mbytes) does not match the address range assigned (512 Mbytes)
src/base/statistics.hh:279: warn: One of the stats is a legacy stat. Legacy stat is a stat that does not belong to any statistics::Group. Legacy stat is deprecated.
board.remote_gdb: Listening for connections on port 7003
gem5 Simulator System.  https://www.gem5.org
gem5 is copyrighted software; use the --copyright option for details.

gem5 version 25.0.0.1
gem5 compiled May  5 2026 12:55:05
gem5 started Jun 17 2026 23:29:28
gem5 executing on cn27.guoehi.cluster, pid 188178
command line: /home/fdemirel/HPC_Lab_Proj/imp/../../gem5/build/ALL/gem5.opt -s --outdir=results_imp_multisim --stdout-file=matmult_imp_sdist8_l2_ddr4_2x_simout.txt --stderr-file=matmult_imp_sdist8_l2_ddr4_2x_simerr.txt --stats-file=stats.txt -c 'from multiprocessing.spawn import spawn_main; spawn_main(tracker_fd=7, pipe_handle=13)' --multiprocessing-fork

src/sim/mem_state.cc:443: info: Increasing stack size by one page.
src/sim/syscall_emul.hh:1121: warn: readlink() called on '/proc/self/exe' may yield unexpected results in various settings.
      Returning '/home/fdemirel/HPC_Lab_Proj/benchmarks/matmult/matmult-m5.x'
src/arch/arm/insts/pseudo.cc:174: warn: 	instruction 'bti' unimplemented

----MATRIX MULTIPLICATION----

----Computation starts----
Loop 0 ... 
argc = 2, A[argc][argc] = 0.500000, B[argc][argc] = 0.500000, C[argc][argc] = 0.500000 
Execution time: 1.214431 (ms) 
----spmv----
N_ROWS          : 8192 
N_COLS          : 65536 
NNZ             : 524155 
Execution time: 6.728739 (ms) 
Global frequency set at 1000000000000 ticks per second
src/mem/dram_interface.cc:690: warn: DRAM device capacity (16384 Mbytes) does not match the address range assigned (512 Mbytes)
src/mem/dram_interface.cc:690: warn: DRAM device capacity (16384 Mbytes) does not match the address range assigned (512 Mbytes)
src/base/statistics.hh:279: warn: One of the stats is a legacy stat. Legacy stat is a stat that does not belong to any statistics::Group. Legacy stat is deprecated.
board.remote_gdb: Listening for connections on port 7002
Global frequency set at 1000000000000 ticks per second
gem5 Simulator System.  https://www.gem5.org
gem5 is copyrighted software; use the --copyright option for details.

gem5 version 25.0.0.1
gem5 compiled May  5 2026 12:55:05
gem5 started Jun 17 2026 23:30:35
gem5 executing on cn27.guoehi.cluster, pid 188191
command line: /home/fdemirel/HPC_Lab_Proj/imp/../../gem5/build/ALL/gem5.opt -s --outdir=results_imp_multisim --stdout-file=merge_imp_thr3_l1d_ddr4_2x_simout.txt --stderr-file=merge_imp_thr3_l1d_ddr4_2x_simerr.txt --stats-file=stats.txt -c 'from multiprocessing.spawn import spawn_main; spawn_main(tracker_fd=7, pipe_handle=13)' --multiprocessing-fork

src/sim/mem_state.cc:443: info: Increasing stack size by one page.
src/sim/syscall_emul.hh:1121: warn: readlink() called on '/proc/self/exe' may yield unexpected results in various settings.
      Returning '/home/fdemirel/HPC_Lab_Proj/benchmarks/merge/merge-m5.x'
src/arch/arm/insts/pseudo.cc:174: warn: 	instruction 'bti' unimplemented
src/mem/dram_interface.cc:690: warn: DRAM device capacity (16384 Mbytes) does not match the address range assigned (512 Mbytes)
src/mem/dram_interface.cc:690: warn: DRAM device capacity (16384 Mbytes) does not match the address range assigned (512 Mbytes)
src/base/statistics.hh:279: warn: One of the stats is a legacy stat. Legacy stat is a stat that does not belong to any statistics::Group. Legacy stat is deprecated.
board.remote_gdb: Listening for connections on port 7003
gem5 Simulator System.  https://www.gem5.org
gem5 is copyrighted software; use the --copyright option for details.

gem5 version 25.0.0.1
gem5 compiled May  5 2026 12:55:05
gem5 started Jun 17 2026 23:30:36
gem5 executing on cn27.guoehi.cluster, pid 188192
command line: /home/fdemirel/HPC_Lab_Proj/imp/../../gem5/build/ALL/gem5.opt -s --outdir=results_imp_multisim --stdout-file=bfs_imp_dist32_l2_ddr4_2x_simout.txt --stderr-file=bfs_imp_dist32_l2_ddr4_2x_simerr.txt --stats-file=stats.txt -c 'from multiprocessing.spawn import spawn_main; spawn_main(tracker_fd=7, pipe_handle=13)' --multiprocessing-fork

src/sim/mem_state.cc:443: info: Increasing stack size by one page.
src/sim/syscall_emul.hh:1121: warn: readlink() called on '/proc/self/exe' may yield unexpected results in various settings.
      Returning '/home/fdemirel/HPC_Lab_Proj/benchmarks/bfs/bfs-m5.x'
src/arch/arm/insts/pseudo.cc:174: warn: 	instruction 'bti' unimplemented
Beginning BFS ...
Finished BFS.
Global frequency set at 1000000000000 ticks per second
src/mem/dram_interface.cc:690: warn: DRAM device capacity (16384 Mbytes) does not match the address range assigned (1024 Mbytes)
src/base/statistics.hh:279: warn: One of the stats is a legacy stat. Legacy stat is a stat that does not belong to any statistics::Group. Legacy stat is deprecated.
board.remote_gdb: Listening for connections on port 7000
gem5 Simulator System.  https://www.gem5.org
gem5 is copyrighted software; use the --copyright option for details.

gem5 version 25.0.0.1
gem5 compiled May  5 2026 12:55:05
gem5 started Jun 17 2026 23:34:00
gem5 executing on cn27.guoehi.cluster, pid 188203
command line: /home/fdemirel/HPC_Lab_Proj/imp/../../gem5/build/ALL/gem5.opt -s --outdir=results_imp_multisim --stdout-file=merge_imp_addrlen2_l1d_ddr4_1x_simout.txt --stderr-file=merge_imp_addrlen2_l1d_ddr4_1x_simerr.txt --stats-file=stats.txt -c 'from multiprocessing.spawn import spawn_main; spawn_main(tracker_fd=7, pipe_handle=13)' --multiprocessing-fork

src/sim/mem_state.cc:443: info: Increasing stack size by one page.
src/sim/syscall_emul.hh:1121: warn: readlink() called on '/proc/self/exe' may yield unexpected results in various settings.
      Returning '/home/fdemirel/HPC_Lab_Proj/benchmarks/merge/merge-m5.x'
src/arch/arm/insts/pseudo.cc:174: warn: 	instruction 'bti' unimplemented
Finished BFS.
Global frequency set at 1000000000000 ticks per second
src/mem/dram_interface.cc:690: warn: DRAM device capacity (16384 Mbytes) does not match the address range assigned (1024 Mbytes)
src/base/statistics.hh:279: warn: One of the stats is a legacy stat. Legacy stat is a stat that does not belong to any statistics::Group. Legacy stat is deprecated.
board.remote_gdb: Listening for connections on port 7001
gem5 Simulator System.  https://www.gem5.org
gem5 is copyrighted software; use the --copyright option for details.

gem5 version 25.0.0.1
gem5 compiled May  5 2026 12:55:05
gem5 started Jun 17 2026 23:35:01
gem5 executing on cn27.guoehi.cluster, pid 188207
command line: /home/fdemirel/HPC_Lab_Proj/imp/../../gem5/build/ALL/gem5.opt -s --outdir=results_imp_multisim --stdout-file=spmv_imp_dist32_l2_ddr4_1x_simout.txt --stderr-file=spmv_imp_dist32_l2_ddr4_1x_simerr.txt --stats-file=stats.txt -c 'from multiprocessing.spawn import spawn_main; spawn_main(tracker_fd=7, pipe_handle=13)' --multiprocessing-fork

src/sim/mem_state.cc:443: info: Increasing stack size by one page.
src/sim/syscall_emul.hh:1121: warn: readlink() called on '/proc/self/exe' may yield unexpected results in various settings.
      Returning '/home/fdemirel/HPC_Lab_Proj/benchmarks/spmv/spmv-m5.x'
src/arch/arm/insts/pseudo.cc:174: warn: 	instruction 'bti' unimplemented
src/sim/mem_state.cc:443: info: Increasing stack size by one page.
src/sim/mem_state.cc:443: info: Increasing stack size by one page.
src/sim/mem_state.cc:443: info: Increasing stack size by one page.
src/sim/mem_state.cc:443: info: Increasing stack size by one page.
src/sim/mem_state.cc:443: info: Increasing stack size by one page.
src/sim/mem_state.cc:443: info: Increasing stack size by one page.
src/sim/mem_state.cc:443: info: Increasing stack size by one page.

----merge----
Execution time: 10.326216 (ms) 
random_elem:0, /home/fdemirel/HPC_Lab_Proj/benchmarks/merge/merge-m5.x
Global frequency set at 1000000000000 ticks per second
src/mem/dram_interface.cc:690: warn: DRAM device capacity (16384 Mbytes) does not match the address range assigned (1024 Mbytes)
src/base/statistics.hh:279: warn: One of the stats is a legacy stat. Legacy stat is a stat that does not belong to any statistics::Group. Legacy stat is deprecated.
board.remote_gdb: Listening for connections on port 7002
gem5 Simulator System.  https://www.gem5.org
gem5 is copyrighted software; use the --copyright option for details.

gem5 version 25.0.0.1
gem5 compiled May  5 2026 12:55:05
gem5 started Jun 17 2026 23:35:39
gem5 executing on cn27.guoehi.cluster, pid 188212
command line: /home/fdemirel/HPC_Lab_Proj/imp/../../gem5/build/ALL/gem5.opt -s --outdir=results_imp_multisim --stdout-file=matmult_imp_thr3_l1d_ddr4_1x_simout.txt --stderr-file=matmult_imp_thr3_l1d_ddr4_1x_simerr.txt --stats-file=stats.txt -c 'from multiprocessing.spawn import spawn_main; spawn_main(tracker_fd=7, pipe_handle=13)' --multiprocessing-fork

src/sim/mem_state.cc:443: info: Increasing stack size by one page.
src/sim/syscall_emul.hh:1121: warn: readlink() called on '/proc/self/exe' may yield unexpected results in various settings.
      Returning '/home/fdemirel/HPC_Lab_Proj/benchmarks/matmult/matmult-m5.x'
src/arch/arm/insts/pseudo.cc:174: warn: 	instruction 'bti' unimplemented
Finished BFS.

----MATRIX MULTIPLICATION----

----Computation starts----
Loop 0 ... 
argc = 2, A[argc][argc] = 0.500000, B[argc][argc] = 0.500000, C[argc][argc] = 0.500000 
Execution time: 1.234030 (ms) 
Global frequency set at 1000000000000 ticks per second
src/mem/dram_interface.cc:690: warn: DRAM device capacity (16384 Mbytes) does not match the address range assigned (512 Mbytes)
src/mem/dram_interface.cc:690: warn: DRAM device capacity (16384 Mbytes) does not match the address range assigned (512 Mbytes)
src/base/statistics.hh:279: warn: One of the stats is a legacy stat. Legacy stat is a stat that does not belong to any statistics::Group. Legacy stat is deprecated.
board.remote_gdb: Listening for connections on port 7002
gem5 Simulator System.  https://www.gem5.org
gem5 is copyrighted software; use the --copyright option for details.

gem5 version 25.0.0.1
gem5 compiled May  5 2026 12:55:05
gem5 started Jun 17 2026 23:36:42
gem5 executing on cn27.guoehi.cluster, pid 188218
command line: /home/fdemirel/HPC_Lab_Proj/imp/../../gem5/build/ALL/gem5.opt -s --outdir=results_imp_multisim --stdout-file=simple_triad_imp_sthr8_l2_ddr4_2x_simout.txt --stderr-file=simple_triad_imp_sthr8_l2_ddr4_2x_simerr.txt --stats-file=stats.txt -c 'from multiprocessing.spawn import spawn_main; spawn_main(tracker_fd=7, pipe_handle=13)' --multiprocessing-fork

src/sim/mem_state.cc:443: info: Increasing stack size by one page.
src/sim/syscall_emul.hh:1121: warn: readlink() called on '/proc/self/exe' may yield unexpected results in various settings.
      Returning '/home/fdemirel/HPC_Lab_Proj/benchmarks/simple_triad/simple_triad-m5.x'
----spmv----
N_ROWS          : 8192 
N_COLS          : 65536 
NNZ             : 524155 
Execution time: 6.890919 (ms) 
Global frequency set at 1000000000000 ticks per second
src/mem/dram_interface.cc:690: warn: DRAM device capacity (16384 Mbytes) does not match the address range assigned (512 Mbytes)
src/mem/dram_interface.cc:690: warn: DRAM device capacity (16384 Mbytes) does not match the address range assigned (512 Mbytes)
src/base/statistics.hh:279: warn: One of the stats is a legacy stat. Legacy stat is a stat that does not belong to any statistics::Group. Legacy stat is deprecated.
board.remote_gdb: Listening for connections on port 7001
gem5 Simulator System.  https://www.gem5.org
gem5 is copyrighted software; use the --copyright option for details.

gem5 version 25.0.0.1
gem5 compiled May  5 2026 12:55:05
gem5 started Jun 17 2026 23:36:51
gem5 executing on cn27.guoehi.cluster, pid 188219
command line: /home/fdemirel/HPC_Lab_Proj/imp/../../gem5/build/ALL/gem5.opt -s --outdir=results_imp_multisim --stdout-file=merge_imp_sdist8_l2_ddr4_2x_simout.txt --stderr-file=merge_imp_sdist8_l2_ddr4_2x_simerr.txt --stats-file=stats.txt -c 'from multiprocessing.spawn import spawn_main; spawn_main(tracker_fd=7, pipe_handle=13)' --multiprocessing-fork

src/sim/mem_state.cc:443: info: Increasing stack size by one page.
src/sim/syscall_emul.hh:1121: warn: readlink() called on '/proc/self/exe' may yield unexpected results in various settings.
      Returning '/home/fdemirel/HPC_Lab_Proj/benchmarks/merge/merge-m5.x'
src/arch/arm/insts/pseudo.cc:174: warn: 	instruction 'bti' unimplemented
Global frequency set at 1000000000000 ticks per second
src/mem/dram_interface.cc:690: warn: DRAM device capacity (16384 Mbytes) does not match the address range assigned (512 Mbytes)
src/mem/dram_interface.cc:690: warn: DRAM device capacity (16384 Mbytes) does not match the address range assigned (512 Mbytes)
src/base/statistics.hh:279: warn: One of the stats is a legacy stat. Legacy stat is a stat that does not belong to any statistics::Group. Legacy stat is deprecated.
board.remote_gdb: Listening for connections on port 7003
gem5 Simulator System.  https://www.gem5.org
gem5 is copyrighted software; use the --copyright option for details.

gem5 version 25.0.0.1
gem5 compiled May  5 2026 12:55:05
gem5 started Jun 17 2026 23:37:01
gem5 executing on cn27.guoehi.cluster, pid 188223
command line: /home/fdemirel/HPC_Lab_Proj/imp/../../gem5/build/ALL/gem5.opt -s --outdir=results_imp_multisim --stdout-file=matmult_imp_sthr8_l1d_ddr4_2x_simout.txt --stderr-file=matmult_imp_sthr8_l1d_ddr4_2x_simerr.txt --stats-file=stats.txt -c 'from multiprocessing.spawn import spawn_main; spawn_main(tracker_fd=7, pipe_handle=13)' --multiprocessing-fork

src/sim/mem_state.cc:443: info: Increasing stack size by one page.
src/sim/syscall_emul.hh:1121: warn: readlink() called on '/proc/self/exe' may yield unexpected results in various settings.
      Returning '/home/fdemirel/HPC_Lab_Proj/benchmarks/matmult/matmult-m5.x'
src/arch/arm/insts/pseudo.cc:174: warn: 	instruction 'bti' unimplemented

----MATRIX MULTIPLICATION----

----Computation starts----
Loop 0 ... 
argc = 2, A[argc][argc] = 0.500000, B[argc][argc] = 0.500000, C[argc][argc] = 0.500000 
Execution time: 1.251394 (ms) 
Global frequency set at 1000000000000 ticks per second
src/mem/dram_interface.cc:690: warn: DRAM device capacity (16384 Mbytes) does not match the address range assigned (1024 Mbytes)
src/base/statistics.hh:279: warn: One of the stats is a legacy stat. Legacy stat is a stat that does not belong to any statistics::Group. Legacy stat is deprecated.
board.remote_gdb: Listening for connections on port 7003
gem5 Simulator System.  https://www.gem5.org
gem5 is copyrighted software; use the --copyright option for details.

gem5 version 25.0.0.1
gem5 compiled May  5 2026 12:55:05
gem5 started Jun 17 2026 23:38:13
gem5 executing on cn27.guoehi.cluster, pid 188230
command line: /home/fdemirel/HPC_Lab_Proj/imp/../../gem5/build/ALL/gem5.opt -s --outdir=results_imp_multisim --stdout-file=matmult_imp_sdist8_l2_ddr4_1x_simout.txt --stderr-file=matmult_imp_sdist8_l2_ddr4_1x_simerr.txt --stats-file=stats.txt -c 'from multiprocessing.spawn import spawn_main; spawn_main(tracker_fd=7, pipe_handle=13)' --multiprocessing-fork

src/sim/mem_state.cc:443: info: Increasing stack size by one page.
src/sim/syscall_emul.hh:1121: warn: readlink() called on '/proc/self/exe' may yield unexpected results in various settings.
      Returning '/home/fdemirel/HPC_Lab_Proj/benchmarks/matmult/matmult-m5.x'
src/arch/arm/insts/pseudo.cc:174: warn: 	instruction 'bti' unimplemented
Array SIZE      : 1000000 
Array LOOP      : 1 

----triad----
a[0]=7.00e+00. b[0]=2.00e+00. c[0]=1.00e+00.
Execution time: 2.258114 (ms) 
   Rate [MB/s]: 10628.3 
Global frequency set at 1000000000000 ticks per second
src/mem/dram_interface.cc:690: warn: DRAM device capacity (16384 Mbytes) does not match the address range assigned (512 Mbytes)
src/mem/dram_interface.cc:690: warn: DRAM device capacity (16384 Mbytes) does not match the address range assigned (512 Mbytes)
src/base/statistics.hh:279: warn: One of the stats is a legacy stat. Legacy stat is a stat that does not belong to any statistics::Group. Legacy stat is deprecated.
board.remote_gdb: Listening for connections on port 7002
gem5 Simulator System.  https://www.gem5.org
gem5 is copyrighted software; use the --copyright option for details.

gem5 version 25.0.0.1
gem5 compiled May  5 2026 12:55:05
gem5 started Jun 17 2026 23:38:33
gem5 executing on cn27.guoehi.cluster, pid 188233
command line: /home/fdemirel/HPC_Lab_Proj/imp/../../gem5/build/ALL/gem5.opt -s --outdir=results_imp_multisim --stdout-file=bfs_imp_thr3_l1d_ddr4_2x_simout.txt --stderr-file=bfs_imp_thr3_l1d_ddr4_2x_simerr.txt --stats-file=stats.txt -c 'from multiprocessing.spawn import spawn_main; spawn_main(tracker_fd=7, pipe_handle=13)' --multiprocessing-fork

src/sim/mem_state.cc:443: info: Increasing stack size by one page.
src/sim/syscall_emul.hh:1121: warn: readlink() called on '/proc/self/exe' may yield unexpected results in various settings.
      Returning '/home/fdemirel/HPC_Lab_Proj/benchmarks/bfs/bfs-m5.x'
src/arch/arm/insts/pseudo.cc:174: warn: 	instruction 'bti' unimplemented
Beginning BFS ...

----merge----
Execution time: 10.335941 (ms) 
random_elem:0, /home/fdemirel/HPC_Lab_Proj/benchmarks/merge/merge-m5.x
Global frequency set at 1000000000000 ticks per second
src/mem/dram_interface.cc:690: warn: DRAM device capacity (16384 Mbytes) does not match the address range assigned (1024 Mbytes)
src/base/statistics.hh:279: warn: One of the stats is a legacy stat. Legacy stat is a stat that does not belong to any statistics::Group. Legacy stat is deprecated.
board.remote_gdb: Listening for connections on port 7000
gem5 Simulator System.  https://www.gem5.org
gem5 is copyrighted software; use the --copyright option for details.

gem5 version 25.0.0.1
gem5 compiled May  5 2026 12:55:05
gem5 started Jun 17 2026 23:39:04
gem5 executing on cn27.guoehi.cluster, pid 188239
command line: /home/fdemirel/HPC_Lab_Proj/imp/../../gem5/build/ALL/gem5.opt -s --outdir=results_imp_multisim --stdout-file=bfs_imp_addrlen2_l1d_ddr4_1x_simout.txt --stderr-file=bfs_imp_addrlen2_l1d_ddr4_1x_simerr.txt --stats-file=stats.txt -c 'from multiprocessing.spawn import spawn_main; spawn_main(tracker_fd=7, pipe_handle=13)' --multiprocessing-fork

src/sim/mem_state.cc:443: info: Increasing stack size by one page.
src/sim/syscall_emul.hh:1121: warn: readlink() called on '/proc/self/exe' may yield unexpected results in various settings.
      Returning '/home/fdemirel/HPC_Lab_Proj/benchmarks/bfs/bfs-m5.x'
src/arch/arm/insts/pseudo.cc:174: warn: 	instruction 'bti' unimplemented
Beginning BFS ...

----MATRIX MULTIPLICATION----

----Computation starts----
Loop 0 ... 
argc = 2, A[argc][argc] = 0.500000, B[argc][argc] = 0.500000, C[argc][argc] = 0.500000 
Execution time: 1.230979 (ms) 
Global frequency set at 1000000000000 ticks per second
src/mem/dram_interface.cc:690: warn: DRAM device capacity (16384 Mbytes) does not match the address range assigned (512 Mbytes)
src/mem/dram_interface.cc:690: warn: DRAM device capacity (16384 Mbytes) does not match the address range assigned (512 Mbytes)
src/base/statistics.hh:279: warn: One of the stats is a legacy stat. Legacy stat is a stat that does not belong to any statistics::Group. Legacy stat is deprecated.
board.remote_gdb: Listening for connections on port 7003
gem5 Simulator System.  https://www.gem5.org
gem5 is copyrighted software; use the --copyright option for details.

gem5 version 25.0.0.1
gem5 compiled May  5 2026 12:55:05
gem5 started Jun 17 2026 23:39:23
gem5 executing on cn27.guoehi.cluster, pid 188257
command line: /home/fdemirel/HPC_Lab_Proj/imp/../../gem5/build/ALL/gem5.opt -s --outdir=results_imp_multisim --stdout-file=quick_imp_sdist8_l1d_ddr4_2x_simout.txt --stderr-file=quick_imp_sdist8_l1d_ddr4_2x_simerr.txt --stats-file=stats.txt -c 'from multiprocessing.spawn import spawn_main; spawn_main(tracker_fd=7, pipe_handle=13)' --multiprocessing-fork

src/sim/mem_state.cc:443: info: Increasing stack size by one page.
src/sim/syscall_emul.hh:1121: warn: readlink() called on '/proc/self/exe' may yield unexpected results in various settings.
      Returning '/home/fdemirel/HPC_Lab_Proj/benchmarks/quick/quick-m5.x'
src/arch/arm/insts/pseudo.cc:174: warn: 	instruction 'bti' unimplemented

----merge----
Execution time: 10.371598 (ms) 
random_elem:0, /home/fdemirel/HPC_Lab_Proj/benchmarks/merge/merge-m5.x
Global frequency set at 1000000000000 ticks per second
src/mem/dram_interface.cc:690: warn: DRAM device capacity (16384 Mbytes) does not match the address range assigned (512 Mbytes)
src/mem/dram_interface.cc:690: warn: DRAM device capacity (16384 Mbytes) does not match the address range assigned (512 Mbytes)
src/base/statistics.hh:279: warn: One of the stats is a legacy stat. Legacy stat is a stat that does not belong to any statistics::Group. Legacy stat is deprecated.
board.remote_gdb: Listening for connections on port 7001
gem5 Simulator System.  https://www.gem5.org
gem5 is copyrighted software; use the --copyright option for details.

gem5 version 25.0.0.1
gem5 compiled May  5 2026 12:55:05
gem5 started Jun 17 2026 23:41:57
gem5 executing on cn27.guoehi.cluster, pid 188270
command line: /home/fdemirel/HPC_Lab_Proj/imp/../../gem5/build/ALL/gem5.opt -s --outdir=results_imp_multisim --stdout-file=simple_triad_imp_pt64_l1d_ddr4_2x_simout.txt --stderr-file=simple_triad_imp_pt64_l1d_ddr4_2x_simerr.txt --stats-file=stats.txt -c 'from multiprocessing.spawn import spawn_main; spawn_main(tracker_fd=7, pipe_handle=13)' --multiprocessing-fork

src/sim/mem_state.cc:443: info: Increasing stack size by one page.
src/sim/syscall_emul.hh:1121: warn: readlink() called on '/proc/self/exe' may yield unexpected results in various settings.
      Returning '/home/fdemirel/HPC_Lab_Proj/benchmarks/simple_triad/simple_triad-m5.x'
----quick sort----
Array SIZE      : 131072 
random_elem:0, /home/fdemirel/HPC_Lab_Proj/benchmarks/quick/quick-m5.x
Execution time: 8.577132 (ms) 
Array SIZE      : 1000000 
Array LOOP      : 1 

----triad----
a[0]=7.00e+00. b[0]=2.00e+00. c[0]=1.00e+00.
Execution time: 2.245558 (ms) 
   Rate [MB/s]: 10687.8 
Global frequency set at 1000000000000 ticks per second
src/mem/dram_interface.cc:690: warn: DRAM device capacity (16384 Mbytes) does not match the address range assigned (1024 Mbytes)
src/base/statistics.hh:279: warn: One of the stats is a legacy stat. Legacy stat is a stat that does not belong to any statistics::Group. Legacy stat is deprecated.
board.remote_gdb: Listening for connections on port 7001
gem5 Simulator System.  https://www.gem5.org
gem5 is copyrighted software; use the --copyright option for details.

gem5 version 25.0.0.1
gem5 compiled May  5 2026 12:55:05
gem5 started Jun 17 2026 23:43:34
gem5 executing on cn27.guoehi.cluster, pid 188275
command line: /home/fdemirel/HPC_Lab_Proj/imp/../../gem5/build/ALL/gem5.opt -s --outdir=results_imp_multisim --stdout-file=merge_imp_thr3_l1d_ddr4_1x_simout.txt --stderr-file=merge_imp_thr3_l1d_ddr4_1x_simerr.txt --stats-file=stats.txt -c 'from multiprocessing.spawn import spawn_main; spawn_main(tracker_fd=7, pipe_handle=13)' --multiprocessing-fork

src/sim/mem_state.cc:443: info: Increasing stack size by one page.
src/sim/syscall_emul.hh:1121: warn: readlink() called on '/proc/self/exe' may yield unexpected results in various settings.
      Returning '/home/fdemirel/HPC_Lab_Proj/benchmarks/merge/merge-m5.x'
src/arch/arm/insts/pseudo.cc:174: warn: 	instruction 'bti' unimplemented
Global frequency set at 1000000000000 ticks per second
src/mem/dram_interface.cc:690: warn: DRAM device capacity (16384 Mbytes) does not match the address range assigned (512 Mbytes)
src/mem/dram_interface.cc:690: warn: DRAM device capacity (16384 Mbytes) does not match the address range assigned (512 Mbytes)
src/base/statistics.hh:279: warn: One of the stats is a legacy stat. Legacy stat is a stat that does not belong to any statistics::Group. Legacy stat is deprecated.
board.remote_gdb: Listening for connections on port 7003
gem5 Simulator System.  https://www.gem5.org
gem5 is copyrighted software; use the --copyright option for details.

gem5 version 25.0.0.1
gem5 compiled May  5 2026 12:55:05
gem5 started Jun 17 2026 23:43:45
gem5 executing on cn27.guoehi.cluster, pid 188276
command line: /home/fdemirel/HPC_Lab_Proj/imp/../../gem5/build/ALL/gem5.opt -s --outdir=results_imp_multisim --stdout-file=matmult_imp_pt64_l2_ddr4_2x_simout.txt --stderr-file=matmult_imp_pt64_l2_ddr4_2x_simerr.txt --stats-file=stats.txt -c 'from multiprocessing.spawn import spawn_main; spawn_main(tracker_fd=7, pipe_handle=13)' --multiprocessing-fork

src/sim/mem_state.cc:443: info: Increasing stack size by one page.
src/sim/syscall_emul.hh:1121: warn: readlink() called on '/proc/self/exe' may yield unexpected results in various settings.
      Returning '/home/fdemirel/HPC_Lab_Proj/benchmarks/matmult/matmult-m5.x'
src/arch/arm/insts/pseudo.cc:174: warn: 	instruction 'bti' unimplemented

----MATRIX MULTIPLICATION----

----Computation starts----
Loop 0 ... 
argc = 2, A[argc][argc] = 0.500000, B[argc][argc] = 0.500000, C[argc][argc] = 0.500000 
Execution time: 1.222351 (ms) 
Global frequency set at 1000000000000 ticks per second
src/mem/dram_interface.cc:690: warn: DRAM device capacity (16384 Mbytes) does not match the address range assigned (512 Mbytes)
src/mem/dram_interface.cc:690: warn: DRAM device capacity (16384 Mbytes) does not match the address range assigned (512 Mbytes)
src/base/statistics.hh:279: warn: One of the stats is a legacy stat. Legacy stat is a stat that does not belong to any statistics::Group. Legacy stat is deprecated.
board.remote_gdb: Listening for connections on port 7003
gem5 Simulator System.  https://www.gem5.org
gem5 is copyrighted software; use the --copyright option for details.

gem5 version 25.0.0.1
gem5 compiled May  5 2026 12:55:05
gem5 started Jun 17 2026 23:44:52
gem5 executing on cn27.guoehi.cluster, pid 188287
command line: /home/fdemirel/HPC_Lab_Proj/imp/../../gem5/build/ALL/gem5.opt -s --outdir=results_imp_multisim --stdout-file=bfs_imp_sdist8_l2_ddr4_2x_simout.txt --stderr-file=bfs_imp_sdist8_l2_ddr4_2x_simerr.txt --stats-file=stats.txt -c 'from multiprocessing.spawn import spawn_main; spawn_main(tracker_fd=7, pipe_handle=13)' --multiprocessing-fork

src/sim/mem_state.cc:443: info: Increasing stack size by one page.
src/sim/syscall_emul.hh:1121: warn: readlink() called on '/proc/self/exe' may yield unexpected results in various settings.
      Returning '/home/fdemirel/HPC_Lab_Proj/benchmarks/bfs/bfs-m5.x'
src/arch/arm/insts/pseudo.cc:174: warn: 	instruction 'bti' unimplemented
Beginning BFS ...
Finished BFS.
Global frequency set at 1000000000000 ticks per second
src/mem/dram_interface.cc:690: warn: DRAM device capacity (16384 Mbytes) does not match the address range assigned (512 Mbytes)
src/mem/dram_interface.cc:690: warn: DRAM device capacity (16384 Mbytes) does not match the address range assigned (512 Mbytes)
src/base/statistics.hh:279: warn: One of the stats is a legacy stat. Legacy stat is a stat that does not belong to any statistics::Group. Legacy stat is deprecated.
board.remote_gdb: Listening for connections on port 7002
gem5 Simulator System.  https://www.gem5.org
gem5 is copyrighted software; use the --copyright option for details.

gem5 version 25.0.0.1
gem5 compiled May  5 2026 12:55:05
gem5 started Jun 17 2026 23:45:17
gem5 executing on cn27.guoehi.cluster, pid 188290
command line: /home/fdemirel/HPC_Lab_Proj/imp/../../gem5/build/ALL/gem5.opt -s --outdir=results_imp_multisim --stdout-file=merge_imp_pt64_l2_ddr4_2x_simout.txt --stderr-file=merge_imp_pt64_l2_ddr4_2x_simerr.txt --stats-file=stats.txt -c 'from multiprocessing.spawn import spawn_main; spawn_main(tracker_fd=7, pipe_handle=13)' --multiprocessing-fork

src/sim/mem_state.cc:443: info: Increasing stack size by one page.
src/sim/syscall_emul.hh:1121: warn: readlink() called on '/proc/self/exe' may yield unexpected results in various settings.
      Returning '/home/fdemirel/HPC_Lab_Proj/benchmarks/merge/merge-m5.x'
src/arch/arm/insts/pseudo.cc:174: warn: 	instruction 'bti' unimplemented
Finished BFS.
Global frequency set at 1000000000000 ticks per second
src/mem/dram_interface.cc:690: warn: DRAM device capacity (16384 Mbytes) does not match the address range assigned (1024 Mbytes)
src/base/statistics.hh:279: warn: One of the stats is a legacy stat. Legacy stat is a stat that does not belong to any statistics::Group. Legacy stat is deprecated.
board.remote_gdb: Listening for connections on port 7000
gem5 Simulator System.  https://www.gem5.org
gem5 is copyrighted software; use the --copyright option for details.

gem5 version 25.0.0.1
gem5 compiled May  5 2026 12:55:05
gem5 started Jun 17 2026 23:46:03
gem5 executing on cn27.guoehi.cluster, pid 188294
command line: /home/fdemirel/HPC_Lab_Proj/imp/../../gem5/build/ALL/gem5.opt -s --outdir=results_imp_multisim --stdout-file=matmult_imp_addrlen16_l2_ddr4_1x_simout.txt --stderr-file=matmult_imp_addrlen16_l2_ddr4_1x_simerr.txt --stats-file=stats.txt -c 'from multiprocessing.spawn import spawn_main; spawn_main(tracker_fd=7, pipe_handle=13)' --multiprocessing-fork

src/sim/mem_state.cc:443: info: Increasing stack size by one page.
src/sim/syscall_emul.hh:1121: warn: readlink() called on '/proc/self/exe' may yield unexpected results in various settings.
      Returning '/home/fdemirel/HPC_Lab_Proj/benchmarks/matmult/matmult-m5.x'
src/arch/arm/insts/pseudo.cc:174: warn: 	instruction 'bti' unimplemented

----MATRIX MULTIPLICATION----

----Computation starts----
Loop 0 ... 
argc = 2, A[argc][argc] = 0.500000, B[argc][argc] = 0.500000, C[argc][argc] = 0.500000 
Execution time: 1.229960 (ms) 
Global frequency set at 1000000000000 ticks per second
src/mem/dram_interface.cc:690: warn: DRAM device capacity (16384 Mbytes) does not match the address range assigned (1024 Mbytes)
src/base/statistics.hh:279: warn: One of the stats is a legacy stat. Legacy stat is a stat that does not belong to any statistics::Group. Legacy stat is deprecated.
board.remote_gdb: Listening for connections on port 7000
gem5 Simulator System.  https://www.gem5.org
gem5 is copyrighted software; use the --copyright option for details.

gem5 version 25.0.0.1
gem5 compiled May  5 2026 12:55:05
gem5 started Jun 17 2026 23:47:10
gem5 executing on cn27.guoehi.cluster, pid 188299
command line: /home/fdemirel/HPC_Lab_Proj/imp/../../gem5/build/ALL/gem5.opt -s --outdir=results_imp_multisim --stdout-file=bfs_imp_sdist8_l2_ddr4_1x_simout.txt --stderr-file=bfs_imp_sdist8_l2_ddr4_1x_simerr.txt --stats-file=stats.txt -c 'from multiprocessing.spawn import spawn_main; spawn_main(tracker_fd=7, pipe_handle=13)' --multiprocessing-fork

src/sim/mem_state.cc:443: info: Increasing stack size by one page.
src/sim/syscall_emul.hh:1121: warn: readlink() called on '/proc/self/exe' may yield unexpected results in various settings.
      Returning '/home/fdemirel/HPC_Lab_Proj/benchmarks/bfs/bfs-m5.x'
src/arch/arm/insts/pseudo.cc:174: warn: 	instruction 'bti' unimplemented
Beginning BFS ...

----merge----
Execution time: 10.335941 (ms) 
random_elem:0, /home/fdemirel/HPC_Lab_Proj/benchmarks/merge/merge-m5.x
Global frequency set at 1000000000000 ticks per second
src/mem/dram_interface.cc:690: warn: DRAM device capacity (16384 Mbytes) does not match the address range assigned (512 Mbytes)
src/mem/dram_interface.cc:690: warn: DRAM device capacity (16384 Mbytes) does not match the address range assigned (512 Mbytes)
src/base/statistics.hh:279: warn: One of the stats is a legacy stat. Legacy stat is a stat that does not belong to any statistics::Group. Legacy stat is deprecated.
board.remote_gdb: Listening for connections on port 7001
gem5 Simulator System.  https://www.gem5.org
gem5 is copyrighted software; use the --copyright option for details.

gem5 version 25.0.0.1
gem5 compiled May  5 2026 12:55:05
gem5 started Jun 17 2026 23:48:36
gem5 executing on cn27.guoehi.cluster, pid 188305
command line: /home/fdemirel/HPC_Lab_Proj/imp/../../gem5/build/ALL/gem5.opt -s --outdir=results_imp_multisim --stdout-file=simple_triad_imp_addrlen16_l1d_ddr4_2x_simout.txt --stderr-file=simple_triad_imp_addrlen16_l1d_ddr4_2x_simerr.txt --stats-file=stats.txt -c 'from multiprocessing.spawn import spawn_main; spawn_main(tracker_fd=7, pipe_handle=13)' --multiprocessing-fork

src/sim/mem_state.cc:443: info: Increasing stack size by one page.
src/sim/syscall_emul.hh:1121: warn: readlink() called on '/proc/self/exe' may yield unexpected results in various settings.
      Returning '/home/fdemirel/HPC_Lab_Proj/benchmarks/simple_triad/simple_triad-m5.x'
Array SIZE      : 1000000 
Array LOOP      : 1 

----triad----
a[0]=7.00e+00. b[0]=2.00e+00. c[0]=1.00e+00.
Execution time: 2.245558 (ms) 
   Rate [MB/s]: 10687.8 

----merge----
Execution time: 10.543216 (ms) 
random_elem:0, /home/fdemirel/HPC_Lab_Proj/benchmarks/merge/merge-m5.x
Global frequency set at 1000000000000 ticks per second
src/mem/dram_interface.cc:690: warn: DRAM device capacity (16384 Mbytes) does not match the address range assigned (1024 Mbytes)
src/base/statistics.hh:279: warn: One of the stats is a legacy stat. Legacy stat is a stat that does not belong to any statistics::Group. Legacy stat is deprecated.
board.remote_gdb: Listening for connections on port 7001
gem5 Simulator System.  https://www.gem5.org
gem5 is copyrighted software; use the --copyright option for details.

gem5 version 25.0.0.1
gem5 compiled May  5 2026 12:55:05
gem5 started Jun 17 2026 23:50:26
gem5 executing on cn27.guoehi.cluster, pid 188315
command line: /home/fdemirel/HPC_Lab_Proj/imp/../../gem5/build/ALL/gem5.opt -s --outdir=results_imp_multisim --stdout-file=merge_imp_ipd16_l1d_ddr4_1x_simout.txt --stderr-file=merge_imp_ipd16_l1d_ddr4_1x_simerr.txt --stats-file=stats.txt -c 'from multiprocessing.spawn import spawn_main; spawn_main(tracker_fd=7, pipe_handle=13)' --multiprocessing-fork

src/sim/mem_state.cc:443: info: Increasing stack size by one page.
src/sim/syscall_emul.hh:1121: warn: readlink() called on '/proc/self/exe' may yield unexpected results in various settings.
      Returning '/home/fdemirel/HPC_Lab_Proj/benchmarks/merge/merge-m5.x'
src/arch/arm/insts/pseudo.cc:174: warn: 	instruction 'bti' unimplemented
Global frequency set at 1000000000000 ticks per second
src/mem/dram_interface.cc:690: warn: DRAM device capacity (16384 Mbytes) does not match the address range assigned (512 Mbytes)
src/mem/dram_interface.cc:690: warn: DRAM device capacity (16384 Mbytes) does not match the address range assigned (512 Mbytes)
src/base/statistics.hh:279: warn: One of the stats is a legacy stat. Legacy stat is a stat that does not belong to any statistics::Group. Legacy stat is deprecated.
board.remote_gdb: Listening for connections on port 7002
gem5 Simulator System.  https://www.gem5.org
gem5 is copyrighted software; use the --copyright option for details.

gem5 version 25.0.0.1
gem5 compiled May  5 2026 12:55:05
gem5 started Jun 17 2026 23:50:32
gem5 executing on cn27.guoehi.cluster, pid 188317
command line: /home/fdemirel/HPC_Lab_Proj/imp/../../gem5/build/ALL/gem5.opt -s --outdir=results_imp_multisim --stdout-file=spmv_imp_ipd16_l2_ddr4_2x_simout.txt --stderr-file=spmv_imp_ipd16_l2_ddr4_2x_simerr.txt --stats-file=stats.txt -c 'from multiprocessing.spawn import spawn_main; spawn_main(tracker_fd=7, pipe_handle=13)' --multiprocessing-fork

src/sim/mem_state.cc:443: info: Increasing stack size by one page.
src/sim/syscall_emul.hh:1121: warn: readlink() called on '/proc/self/exe' may yield unexpected results in various settings.
      Returning '/home/fdemirel/HPC_Lab_Proj/benchmarks/spmv/spmv-m5.x'
src/arch/arm/insts/pseudo.cc:174: warn: 	instruction 'bti' unimplemented
src/sim/mem_state.cc:443: info: Increasing stack size by one page.
src/sim/mem_state.cc:443: info: Increasing stack size by one page.
src/sim/mem_state.cc:443: info: Increasing stack size by one page.
src/sim/mem_state.cc:443: info: Increasing stack size by one page.
src/sim/mem_state.cc:443: info: Increasing stack size by one page.
src/sim/mem_state.cc:443: info: Increasing stack size by one page.
src/sim/mem_state.cc:443: info: Increasing stack size by one page.
Finished BFS.
Global frequency set at 1000000000000 ticks per second
src/mem/dram_interface.cc:690: warn: DRAM device capacity (16384 Mbytes) does not match the address range assigned (1024 Mbytes)
src/base/statistics.hh:279: warn: One of the stats is a legacy stat. Legacy stat is a stat that does not belong to any statistics::Group. Legacy stat is deprecated.
board.remote_gdb: Listening for connections on port 7003
gem5 Simulator System.  https://www.gem5.org
gem5 is copyrighted software; use the --copyright option for details.

gem5 version 25.0.0.1
gem5 compiled May  5 2026 12:55:05
gem5 started Jun 17 2026 23:50:57
gem5 executing on cn27.guoehi.cluster, pid 188322
command line: /home/fdemirel/HPC_Lab_Proj/imp/../../gem5/build/ALL/gem5.opt -s --outdir=results_imp_multisim --stdout-file=spmv_imp_dist8_l2_ddr4_1x_simout.txt --stderr-file=spmv_imp_dist8_l2_ddr4_1x_simerr.txt --stats-file=stats.txt -c 'from multiprocessing.spawn import spawn_main; spawn_main(tracker_fd=7, pipe_handle=13)' --multiprocessing-fork

src/sim/mem_state.cc:443: info: Increasing stack size by one page.
src/sim/syscall_emul.hh:1121: warn: readlink() called on '/proc/self/exe' may yield unexpected results in various settings.
      Returning '/home/fdemirel/HPC_Lab_Proj/benchmarks/spmv/spmv-m5.x'
src/arch/arm/insts/pseudo.cc:174: warn: 	instruction 'bti' unimplemented
src/sim/mem_state.cc:443: info: Increasing stack size by one page.
src/sim/mem_state.cc:443: info: Increasing stack size by one page.
src/sim/mem_state.cc:443: info: Increasing stack size by one page.
src/sim/mem_state.cc:443: info: Increasing stack size by one page.
src/sim/mem_state.cc:443: info: Increasing stack size by one page.
src/sim/mem_state.cc:443: info: Increasing stack size by one page.
src/sim/mem_state.cc:443: info: Increasing stack size by one page.
----spmv----
N_ROWS          : 8192 
N_COLS          : 65536 
NNZ             : 524155 
Execution time: 6.423470 (ms) 
Global frequency set at 1000000000000 ticks per second
src/mem/dram_interface.cc:690: warn: DRAM device capacity (16384 Mbytes) does not match the address range assigned (1024 Mbytes)
src/base/statistics.hh:279: warn: One of the stats is a legacy stat. Legacy stat is a stat that does not belong to any statistics::Group. Legacy stat is deprecated.
board.remote_gdb: Listening for connections on port 7002
gem5 Simulator System.  https://www.gem5.org
gem5 is copyrighted software; use the --copyright option for details.

gem5 version 25.0.0.1
gem5 compiled May  5 2026 12:55:05
gem5 started Jun 17 2026 23:52:32
gem5 executing on cn27.guoehi.cluster, pid 188328
command line: /home/fdemirel/HPC_Lab_Proj/imp/../../gem5/build/ALL/gem5.opt -s --outdir=results_imp_multisim --stdout-file=matmult_imp_thr1_l1d_ddr4_1x_simout.txt --stderr-file=matmult_imp_thr1_l1d_ddr4_1x_simerr.txt --stats-file=stats.txt -c 'from multiprocessing.spawn import spawn_main; spawn_main(tracker_fd=7, pipe_handle=13)' --multiprocessing-fork

src/sim/mem_state.cc:443: info: Increasing stack size by one page.
src/sim/syscall_emul.hh:1121: warn: readlink() called on '/proc/self/exe' may yield unexpected results in various settings.
      Returning '/home/fdemirel/HPC_Lab_Proj/benchmarks/matmult/matmult-m5.x'
src/arch/arm/insts/pseudo.cc:174: warn: 	instruction 'bti' unimplemented
----spmv----
N_ROWS          : 8192 
N_COLS          : 65536 
NNZ             : 524155 
Execution time: 6.890919 (ms) 
Global frequency set at 1000000000000 ticks per second
src/mem/dram_interface.cc:690: warn: DRAM device capacity (16384 Mbytes) does not match the address range assigned (512 Mbytes)
src/mem/dram_interface.cc:690: warn: DRAM device capacity (16384 Mbytes) does not match the address range assigned (512 Mbytes)
src/base/statistics.hh:279: warn: One of the stats is a legacy stat. Legacy stat is a stat that does not belong to any statistics::Group. Legacy stat is deprecated.
board.remote_gdb: Listening for connections on port 7003
gem5 Simulator System.  https://www.gem5.org
gem5 is copyrighted software; use the --copyright option for details.

gem5 version 25.0.0.1
gem5 compiled May  5 2026 12:55:05
gem5 started Jun 17 2026 23:52:57
gem5 executing on cn27.guoehi.cluster, pid 188331
command line: /home/fdemirel/HPC_Lab_Proj/imp/../../gem5/build/ALL/gem5.opt -s --outdir=results_imp_multisim --stdout-file=merge_imp_addrlen16_l2_ddr4_2x_simout.txt --stderr-file=merge_imp_addrlen16_l2_ddr4_2x_simerr.txt --stats-file=stats.txt -c 'from multiprocessing.spawn import spawn_main; spawn_main(tracker_fd=7, pipe_handle=13)' --multiprocessing-fork

src/sim/mem_state.cc:443: info: Increasing stack size by one page.
src/sim/syscall_emul.hh:1121: warn: readlink() called on '/proc/self/exe' may yield unexpected results in various settings.
      Returning '/home/fdemirel/HPC_Lab_Proj/benchmarks/merge/merge-m5.x'
src/arch/arm/insts/pseudo.cc:174: warn: 	instruction 'bti' unimplemented
Finished BFS.
Global frequency set at 1000000000000 ticks per second
src/mem/dram_interface.cc:690: warn: DRAM device capacity (16384 Mbytes) does not match the address range assigned (512 Mbytes)
src/mem/dram_interface.cc:690: warn: DRAM device capacity (16384 Mbytes) does not match the address range assigned (512 Mbytes)
src/base/statistics.hh:279: warn: One of the stats is a legacy stat. Legacy stat is a stat that does not belong to any statistics::Group. Legacy stat is deprecated.
board.remote_gdb: Listening for connections on port 7000
gem5 Simulator System.  https://www.gem5.org
gem5 is copyrighted software; use the --copyright option for details.

gem5 version 25.0.0.1
gem5 compiled May  5 2026 12:55:05
gem5 started Jun 17 2026 23:53:21
gem5 executing on cn27.guoehi.cluster, pid 188336
command line: /home/fdemirel/HPC_Lab_Proj/imp/../../gem5/build/ALL/gem5.opt -s --outdir=results_imp_multisim --stdout-file=spmv_imp_addrlen16_l1d_ddr4_2x_simout.txt --stderr-file=spmv_imp_addrlen16_l1d_ddr4_2x_simerr.txt --stats-file=stats.txt -c 'from multiprocessing.spawn import spawn_main; spawn_main(tracker_fd=7, pipe_handle=13)' --multiprocessing-fork

src/sim/mem_state.cc:443: info: Increasing stack size by one page.
src/sim/syscall_emul.hh:1121: warn: readlink() called on '/proc/self/exe' may yield unexpected results in various settings.
      Returning '/home/fdemirel/HPC_Lab_Proj/benchmarks/spmv/spmv-m5.x'
src/arch/arm/insts/pseudo.cc:174: warn: 	instruction 'bti' unimplemented
src/sim/mem_state.cc:443: info: Increasing stack size by one page.
src/sim/mem_state.cc:443: info: Increasing stack size by one page.
src/sim/mem_state.cc:443: info: Increasing stack size by one page.
src/sim/mem_state.cc:443: info: Increasing stack size by one page.
src/sim/mem_state.cc:443: info: Increasing stack size by one page.
src/sim/mem_state.cc:443: info: Increasing stack size by one page.
src/sim/mem_state.cc:443: info: Increasing stack size by one page.

----MATRIX MULTIPLICATION----

----Computation starts----
Loop 0 ... 
argc = 2, A[argc][argc] = 0.500000, B[argc][argc] = 0.500000, C[argc][argc] = 0.500000 
Execution time: 1.234030 (ms) 
Global frequency set at 1000000000000 ticks per second
src/mem/dram_interface.cc:690: warn: DRAM device capacity (16384 Mbytes) does not match the address range assigned (1024 Mbytes)
src/base/statistics.hh:279: warn: One of the stats is a legacy stat. Legacy stat is a stat that does not belong to any statistics::Group. Legacy stat is deprecated.
board.remote_gdb: Listening for connections on port 7002
gem5 Simulator System.  https://www.gem5.org
gem5 is copyrighted software; use the --copyright option for details.

gem5 version 25.0.0.1
gem5 compiled May  5 2026 12:55:05
gem5 started Jun 17 2026 23:53:42
gem5 executing on cn27.guoehi.cluster, pid 188339
command line: /home/fdemirel/HPC_Lab_Proj/imp/../../gem5/build/ALL/gem5.opt -s --outdir=results_imp_multisim --stdout-file=bfs_imp_ipd16_l1d_ddr4_1x_simout.txt --stderr-file=bfs_imp_ipd16_l1d_ddr4_1x_simerr.txt --stats-file=stats.txt -c 'from multiprocessing.spawn import spawn_main; spawn_main(tracker_fd=7, pipe_handle=13)' --multiprocessing-fork

src/sim/mem_state.cc:443: info: Increasing stack size by one page.
src/sim/syscall_emul.hh:1121: warn: readlink() called on '/proc/self/exe' may yield unexpected results in various settings.
      Returning '/home/fdemirel/HPC_Lab_Proj/benchmarks/bfs/bfs-m5.x'
src/arch/arm/insts/pseudo.cc:174: warn: 	instruction 'bti' unimplemented
Beginning BFS ...

----merge----
Execution time: 10.335941 (ms) 
random_elem:0, /home/fdemirel/HPC_Lab_Proj/benchmarks/merge/merge-m5.x
----spmv----
N_ROWS          : 8192 
N_COLS          : 65536 
NNZ             : 524155 
Execution time: 6.310355 (ms) 
Global frequency set at 1000000000000 ticks per second
src/mem/dram_interface.cc:690: warn: DRAM device capacity (16384 Mbytes) does not match the address range assigned (512 Mbytes)
src/mem/dram_interface.cc:690: warn: DRAM device capacity (16384 Mbytes) does not match the address range assigned (512 Mbytes)
src/base/statistics.hh:279: warn: One of the stats is a legacy stat. Legacy stat is a stat that does not belong to any statistics::Group. Legacy stat is deprecated.
board.remote_gdb: Listening for connections on port 7000
gem5 Simulator System.  https://www.gem5.org
gem5 is copyrighted software; use the --copyright option for details.

gem5 version 25.0.0.1
gem5 compiled May  5 2026 12:55:05
gem5 started Jun 17 2026 23:55:25
gem5 executing on cn27.guoehi.cluster, pid 188346
command line: /home/fdemirel/HPC_Lab_Proj/imp/../../gem5/build/ALL/gem5.opt -s --outdir=results_imp_multisim --stdout-file=quick_imp_ipd16_l2_ddr4_2x_simout.txt --stderr-file=quick_imp_ipd16_l2_ddr4_2x_simerr.txt --stats-file=stats.txt -c 'from multiprocessing.spawn import spawn_main; spawn_main(tracker_fd=7, pipe_handle=13)' --multiprocessing-fork

src/sim/mem_state.cc:443: info: Increasing stack size by one page.
src/sim/syscall_emul.hh:1121: warn: readlink() called on '/proc/self/exe' may yield unexpected results in various settings.
      Returning '/home/fdemirel/HPC_Lab_Proj/benchmarks/quick/quick-m5.x'
src/arch/arm/insts/pseudo.cc:174: warn: 	instruction 'bti' unimplemented
Global frequency set at 1000000000000 ticks per second
src/mem/dram_interface.cc:690: warn: DRAM device capacity (16384 Mbytes) does not match the address range assigned (512 Mbytes)
src/mem/dram_interface.cc:690: warn: DRAM device capacity (16384 Mbytes) does not match the address range assigned (512 Mbytes)
src/base/statistics.hh:279: warn: One of the stats is a legacy stat. Legacy stat is a stat that does not belong to any statistics::Group. Legacy stat is deprecated.
board.remote_gdb: Listening for connections on port 7001
gem5 Simulator System.  https://www.gem5.org
gem5 is copyrighted software; use the --copyright option for details.

gem5 version 25.0.0.1
gem5 compiled May  5 2026 12:55:05
gem5 started Jun 17 2026 23:55:38
gem5 executing on cn27.guoehi.cluster, pid 188347
command line: /home/fdemirel/HPC_Lab_Proj/imp/../../gem5/build/ALL/gem5.opt -s --outdir=results_imp_multisim --stdout-file=matmult_imp_dist8_l2_ddr4_2x_simout.txt --stderr-file=matmult_imp_dist8_l2_ddr4_2x_simerr.txt --stats-file=stats.txt -c 'from multiprocessing.spawn import spawn_main; spawn_main(tracker_fd=7, pipe_handle=13)' --multiprocessing-fork

src/sim/mem_state.cc:443: info: Increasing stack size by one page.
src/sim/syscall_emul.hh:1121: warn: readlink() called on '/proc/self/exe' may yield unexpected results in various settings.
      Returning '/home/fdemirel/HPC_Lab_Proj/benchmarks/matmult/matmult-m5.x'
src/arch/arm/insts/pseudo.cc:174: warn: 	instruction 'bti' unimplemented

----MATRIX MULTIPLICATION----

----Computation starts----
Loop 0 ... 
argc = 2, A[argc][argc] = 0.500000, B[argc][argc] = 0.500000, C[argc][argc] = 0.500000 
Execution time: 1.222351 (ms) 
Global frequency set at 1000000000000 ticks per second
src/mem/dram_interface.cc:690: warn: DRAM device capacity (16384 Mbytes) does not match the address range assigned (1024 Mbytes)
src/base/statistics.hh:279: warn: One of the stats is a legacy stat. Legacy stat is a stat that does not belong to any statistics::Group. Legacy stat is deprecated.
board.remote_gdb: Listening for connections on port 7001
gem5 Simulator System.  https://www.gem5.org
gem5 is copyrighted software; use the --copyright option for details.

gem5 version 25.0.0.1
gem5 compiled May  5 2026 12:55:05
gem5 started Jun 17 2026 23:56:48
gem5 executing on cn27.guoehi.cluster, pid 188355
command line: /home/fdemirel/HPC_Lab_Proj/imp/../../gem5/build/ALL/gem5.opt -s --outdir=results_imp_multisim --stdout-file=simple_triad_imp_pt32_l2_ddr4_1x_simout.txt --stderr-file=simple_triad_imp_pt32_l2_ddr4_1x_simerr.txt --stats-file=stats.txt -c 'from multiprocessing.spawn import spawn_main; spawn_main(tracker_fd=7, pipe_handle=13)' --multiprocessing-fork

src/sim/mem_state.cc:443: info: Increasing stack size by one page.
src/sim/syscall_emul.hh:1121: warn: readlink() called on '/proc/self/exe' may yield unexpected results in various settings.
      Returning '/home/fdemirel/HPC_Lab_Proj/benchmarks/simple_triad/simple_triad-m5.x'

----merge----
Execution time: 10.543216 (ms) 
random_elem:0, /home/fdemirel/HPC_Lab_Proj/benchmarks/merge/merge-m5.x
Global frequency set at 1000000000000 ticks per second
src/mem/dram_interface.cc:690: warn: DRAM device capacity (16384 Mbytes) does not match the address range assigned (1024 Mbytes)
src/base/statistics.hh:279: warn: One of the stats is a legacy stat. Legacy stat is a stat that does not belong to any statistics::Group. Legacy stat is deprecated.
board.remote_gdb: Listening for connections on port 7003
gem5 Simulator System.  https://www.gem5.org
gem5 is copyrighted software; use the --copyright option for details.

gem5 version 25.0.0.1
gem5 compiled May  5 2026 12:55:05
gem5 started Jun 17 2026 23:58:05
gem5 executing on cn27.guoehi.cluster, pid 188361
command line: /home/fdemirel/HPC_Lab_Proj/imp/../../gem5/build/ALL/gem5.opt -s --outdir=results_imp_multisim --stdout-file=merge_imp_thr1_l1d_ddr4_1x_simout.txt --stderr-file=merge_imp_thr1_l1d_ddr4_1x_simerr.txt --stats-file=stats.txt -c 'from multiprocessing.spawn import spawn_main; spawn_main(tracker_fd=7, pipe_handle=13)' --multiprocessing-fork

src/sim/mem_state.cc:443: info: Increasing stack size by one page.
src/sim/syscall_emul.hh:1121: warn: readlink() called on '/proc/self/exe' may yield unexpected results in various settings.
      Returning '/home/fdemirel/HPC_Lab_Proj/benchmarks/merge/merge-m5.x'
src/arch/arm/insts/pseudo.cc:174: warn: 	instruction 'bti' unimplemented
Array SIZE      : 1000000 
Array LOOP      : 1 

----triad----
a[0]=7.00e+00. b[0]=2.00e+00. c[0]=1.00e+00.
Execution time: 2.921286 (ms) 
   Rate [MB/s]: 8215.6 
Global frequency set at 1000000000000 ticks per second
src/mem/dram_interface.cc:690: warn: DRAM device capacity (16384 Mbytes) does not match the address range assigned (512 Mbytes)
src/mem/dram_interface.cc:690: warn: DRAM device capacity (16384 Mbytes) does not match the address range assigned (512 Mbytes)
src/base/statistics.hh:279: warn: One of the stats is a legacy stat. Legacy stat is a stat that does not belong to any statistics::Group. Legacy stat is deprecated.
board.remote_gdb: Listening for connections on port 7001
gem5 Simulator System.  https://www.gem5.org
gem5 is copyrighted software; use the --copyright option for details.

gem5 version 25.0.0.1
gem5 compiled May  5 2026 12:55:05
gem5 started Jun 17 2026 23:58:45
gem5 executing on cn27.guoehi.cluster, pid 188364
command line: /home/fdemirel/HPC_Lab_Proj/imp/../../gem5/build/ALL/gem5.opt -s --outdir=results_imp_multisim --stdout-file=bfs_imp_ipd16_l1d_ddr4_2x_simout.txt --stderr-file=bfs_imp_ipd16_l1d_ddr4_2x_simerr.txt --stats-file=stats.txt -c 'from multiprocessing.spawn import spawn_main; spawn_main(tracker_fd=7, pipe_handle=13)' --multiprocessing-fork

src/sim/mem_state.cc:443: info: Increasing stack size by one page.
src/sim/syscall_emul.hh:1121: warn: readlink() called on '/proc/self/exe' may yield unexpected results in various settings.
      Returning '/home/fdemirel/HPC_Lab_Proj/benchmarks/bfs/bfs-m5.x'
src/arch/arm/insts/pseudo.cc:174: warn: 	instruction 'bti' unimplemented
Beginning BFS ...
----quick sort----
Array SIZE      : 131072 
random_elem:0, /home/fdemirel/HPC_Lab_Proj/benchmarks/quick/quick-m5.x
Execution time: 8.952131 (ms) 
Global frequency set at 1000000000000 ticks per second
src/mem/dram_interface.cc:690: warn: DRAM device capacity (16384 Mbytes) does not match the address range assigned (512 Mbytes)
src/mem/dram_interface.cc:690: warn: DRAM device capacity (16384 Mbytes) does not match the address range assigned (512 Mbytes)
src/base/statistics.hh:279: warn: One of the stats is a legacy stat. Legacy stat is a stat that does not belong to any statistics::Group. Legacy stat is deprecated.
board.remote_gdb: Listening for connections on port 7000
gem5 Simulator System.  https://www.gem5.org
gem5 is copyrighted software; use the --copyright option for details.

gem5 version 25.0.0.1
gem5 compiled May  5 2026 12:55:05
gem5 started Jun 17 2026 23:59:37
gem5 executing on cn27.guoehi.cluster, pid 188368
command line: /home/fdemirel/HPC_Lab_Proj/imp/../../gem5/build/ALL/gem5.opt -s --outdir=results_imp_multisim --stdout-file=spmv_imp_dist8_l1d_ddr4_2x_simout.txt --stderr-file=spmv_imp_dist8_l1d_ddr4_2x_simerr.txt --stats-file=stats.txt -c 'from multiprocessing.spawn import spawn_main; spawn_main(tracker_fd=7, pipe_handle=13)' --multiprocessing-fork

src/sim/mem_state.cc:443: info: Increasing stack size by one page.
src/sim/syscall_emul.hh:1121: warn: readlink() called on '/proc/self/exe' may yield unexpected results in various settings.
      Returning '/home/fdemirel/HPC_Lab_Proj/benchmarks/spmv/spmv-m5.x'
src/arch/arm/insts/pseudo.cc:174: warn: 	instruction 'bti' unimplemented
src/sim/mem_state.cc:443: info: Increasing stack size by one page.
src/sim/mem_state.cc:443: info: Increasing stack size by one page.
src/sim/mem_state.cc:443: info: Increasing stack size by one page.
src/sim/mem_state.cc:443: info: Increasing stack size by one page.
src/sim/mem_state.cc:443: info: Increasing stack size by one page.
src/sim/mem_state.cc:443: info: Increasing stack size by one page.
src/sim/mem_state.cc:443: info: Increasing stack size by one page.
Finished BFS.
Global frequency set at 1000000000000 ticks per second
src/mem/dram_interface.cc:690: warn: DRAM device capacity (16384 Mbytes) does not match the address range assigned (1024 Mbytes)
src/base/statistics.hh:279: warn: One of the stats is a legacy stat. Legacy stat is a stat that does not belong to any statistics::Group. Legacy stat is deprecated.
board.remote_gdb: Listening for connections on port 7002
gem5 Simulator System.  https://www.gem5.org
gem5 is copyrighted software; use the --copyright option for details.

gem5 version 25.0.0.1
gem5 compiled May  5 2026 12:55:05
gem5 started Jun 18 2026 00:00:33
gem5 executing on cn27.guoehi.cluster, pid 188379
command line: /home/fdemirel/HPC_Lab_Proj/imp/../../gem5/build/ALL/gem5.opt -s --outdir=results_imp_multisim --stdout-file=spmv_imp_sthr2_l1d_ddr4_1x_simout.txt --stderr-file=spmv_imp_sthr2_l1d_ddr4_1x_simerr.txt --stats-file=stats.txt -c 'from multiprocessing.spawn import spawn_main; spawn_main(tracker_fd=7, pipe_handle=13)' --multiprocessing-fork

src/sim/mem_state.cc:443: info: Increasing stack size by one page.
src/sim/syscall_emul.hh:1121: warn: readlink() called on '/proc/self/exe' may yield unexpected results in various settings.
      Returning '/home/fdemirel/HPC_Lab_Proj/benchmarks/spmv/spmv-m5.x'
src/arch/arm/insts/pseudo.cc:174: warn: 	instruction 'bti' unimplemented
src/sim/mem_state.cc:443: info: Increasing stack size by one page.
src/sim/mem_state.cc:443: info: Increasing stack size by one page.
src/sim/mem_state.cc:443: info: Increasing stack size by one page.
src/sim/mem_state.cc:443: info: Increasing stack size by one page.
src/sim/mem_state.cc:443: info: Increasing stack size by one page.
src/sim/mem_state.cc:443: info: Increasing stack size by one page.
src/sim/mem_state.cc:443: info: Increasing stack size by one page.
----spmv----
N_ROWS          : 8192 
N_COLS          : 65536 
NNZ             : 524155 
Execution time: 6.310355 (ms) 
Global frequency set at 1000000000000 ticks per second
src/mem/dram_interface.cc:690: warn: DRAM device capacity (16384 Mbytes) does not match the address range assigned (512 Mbytes)
src/mem/dram_interface.cc:690: warn: DRAM device capacity (16384 Mbytes) does not match the address range assigned (512 Mbytes)
src/base/statistics.hh:279: warn: One of the stats is a legacy stat. Legacy stat is a stat that does not belong to any statistics::Group. Legacy stat is deprecated.
board.remote_gdb: Listening for connections on port 7000
gem5 Simulator System.  https://www.gem5.org
gem5 is copyrighted software; use the --copyright option for details.

gem5 version 25.0.0.1
gem5 compiled May  5 2026 12:55:05
gem5 started Jun 18 2026 00:01:55
gem5 executing on cn27.guoehi.cluster, pid 188384
command line: /home/fdemirel/HPC_Lab_Proj/imp/../../gem5/build/ALL/gem5.opt -s --outdir=results_imp_multisim --stdout-file=merge_imp_dist8_l2_ddr4_2x_simout.txt --stderr-file=merge_imp_dist8_l2_ddr4_2x_simerr.txt --stats-file=stats.txt -c 'from multiprocessing.spawn import spawn_main; spawn_main(tracker_fd=7, pipe_handle=13)' --multiprocessing-fork

src/sim/mem_state.cc:443: info: Increasing stack size by one page.
src/sim/syscall_emul.hh:1121: warn: readlink() called on '/proc/self/exe' may yield unexpected results in various settings.
      Returning '/home/fdemirel/HPC_Lab_Proj/benchmarks/merge/merge-m5.x'
src/arch/arm/insts/pseudo.cc:174: warn: 	instruction 'bti' unimplemented
----spmv----
N_ROWS          : 8192 
N_COLS          : 65536 
NNZ             : 524155 
Execution time: 6.723171 (ms) 

----merge----
Execution time: 10.335941 (ms) 
random_elem:0, /home/fdemirel/HPC_Lab_Proj/benchmarks/merge/merge-m5.x
Global frequency set at 1000000000000 ticks per second
src/mem/dram_interface.cc:690: warn: DRAM device capacity (16384 Mbytes) does not match the address range assigned (512 Mbytes)
src/mem/dram_interface.cc:690: warn: DRAM device capacity (16384 Mbytes) does not match the address range assigned (512 Mbytes)
src/base/statistics.hh:279: warn: One of the stats is a legacy stat. Legacy stat is a stat that does not belong to any statistics::Group. Legacy stat is deprecated.
board.remote_gdb: Listening for connections on port 7002
gem5 Simulator System.  https://www.gem5.org
gem5 is copyrighted software; use the --copyright option for details.

gem5 version 25.0.0.1
gem5 compiled May  5 2026 12:55:05
gem5 started Jun 18 2026 00:02:58
gem5 executing on cn27.guoehi.cluster, pid 188388
command line: /home/fdemirel/HPC_Lab_Proj/imp/../../gem5/build/ALL/gem5.opt -s --outdir=results_imp_multisim --stdout-file=matmult_imp_thr1_l1d_ddr4_2x_simout.txt --stderr-file=matmult_imp_thr1_l1d_ddr4_2x_simerr.txt --stats-file=stats.txt -c 'from multiprocessing.spawn import spawn_main; spawn_main(tracker_fd=7, pipe_handle=13)' --multiprocessing-fork

src/sim/mem_state.cc:443: info: Increasing stack size by one page.
src/sim/syscall_emul.hh:1121: warn: readlink() called on '/proc/self/exe' may yield unexpected results in various settings.
      Returning '/home/fdemirel/HPC_Lab_Proj/benchmarks/matmult/matmult-m5.x'
src/arch/arm/insts/pseudo.cc:174: warn: 	instruction 'bti' unimplemented
Global frequency set at 1000000000000 ticks per second
src/mem/dram_interface.cc:690: warn: DRAM device capacity (16384 Mbytes) does not match the address range assigned (512 Mbytes)
src/mem/dram_interface.cc:690: warn: DRAM device capacity (16384 Mbytes) does not match the address range assigned (512 Mbytes)
src/base/statistics.hh:279: warn: One of the stats is a legacy stat. Legacy stat is a stat that does not belong to any statistics::Group. Legacy stat is deprecated.
board.remote_gdb: Listening for connections on port 7003
gem5 Simulator System.  https://www.gem5.org
gem5 is copyrighted software; use the --copyright option for details.

gem5 version 25.0.0.1
gem5 compiled May  5 2026 12:55:05
gem5 started Jun 18 2026 00:03:04
gem5 executing on cn27.guoehi.cluster, pid 188390
command line: /home/fdemirel/HPC_Lab_Proj/imp/../../gem5/build/ALL/gem5.opt -s --outdir=results_imp_multisim --stdout-file=quick_imp_dist8_l1d_ddr4_2x_simout.txt --stderr-file=quick_imp_dist8_l1d_ddr4_2x_simerr.txt --stats-file=stats.txt -c 'from multiprocessing.spawn import spawn_main; spawn_main(tracker_fd=7, pipe_handle=13)' --multiprocessing-fork

src/sim/mem_state.cc:443: info: Increasing stack size by one page.
src/sim/syscall_emul.hh:1121: warn: readlink() called on '/proc/self/exe' may yield unexpected results in various settings.
      Returning '/home/fdemirel/HPC_Lab_Proj/benchmarks/quick/quick-m5.x'
src/arch/arm/insts/pseudo.cc:174: warn: 	instruction 'bti' unimplemented

----MATRIX MULTIPLICATION----

----Computation starts----
Loop 0 ... 
argc = 2, A[argc][argc] = 0.500000, B[argc][argc] = 0.500000, C[argc][argc] = 0.500000 
Execution time: 1.253482 (ms) 
Global frequency set at 1000000000000 ticks per second
src/mem/dram_interface.cc:690: warn: DRAM device capacity (16384 Mbytes) does not match the address range assigned (1024 Mbytes)
src/base/statistics.hh:279: warn: One of the stats is a legacy stat. Legacy stat is a stat that does not belong to any statistics::Group. Legacy stat is deprecated.
board.remote_gdb: Listening for connections on port 7002
gem5 Simulator System.  https://www.gem5.org
gem5 is copyrighted software; use the --copyright option for details.

gem5 version 25.0.0.1
gem5 compiled May  5 2026 12:55:05
gem5 started Jun 18 2026 00:04:08
gem5 executing on cn27.guoehi.cluster, pid 188399
command line: /home/fdemirel/HPC_Lab_Proj/imp/../../gem5/build/ALL/gem5.opt -s --outdir=results_imp_multisim --stdout-file=merge_imp_sdist2_l2_ddr4_1x_simout.txt --stderr-file=merge_imp_sdist2_l2_ddr4_1x_simerr.txt --stats-file=stats.txt -c 'from multiprocessing.spawn import spawn_main; spawn_main(tracker_fd=7, pipe_handle=13)' --multiprocessing-fork

src/sim/mem_state.cc:443: info: Increasing stack size by one page.
src/sim/syscall_emul.hh:1121: warn: readlink() called on '/proc/self/exe' may yield unexpected results in various settings.
      Returning '/home/fdemirel/HPC_Lab_Proj/benchmarks/merge/merge-m5.x'
src/arch/arm/insts/pseudo.cc:174: warn: 	instruction 'bti' unimplemented
Finished BFS.
Global frequency set at 1000000000000 ticks per second
src/mem/dram_interface.cc:690: warn: DRAM device capacity (16384 Mbytes) does not match the address range assigned (1024 Mbytes)
src/base/statistics.hh:279: warn: One of the stats is a legacy stat. Legacy stat is a stat that does not belong to any statistics::Group. Legacy stat is deprecated.
board.remote_gdb: Listening for connections on port 7001
gem5 Simulator System.  https://www.gem5.org
gem5 is copyrighted software; use the --copyright option for details.

gem5 version 25.0.0.1
gem5 compiled May  5 2026 12:55:05
gem5 started Jun 18 2026 00:05:36
gem5 executing on cn27.guoehi.cluster, pid 188405
command line: /home/fdemirel/HPC_Lab_Proj/imp/../../gem5/build/ALL/gem5.opt -s --outdir=results_imp_multisim --stdout-file=quick_imp_sthr2_l1d_ddr4_1x_simout.txt --stderr-file=quick_imp_sthr2_l1d_ddr4_1x_simerr.txt --stats-file=stats.txt -c 'from multiprocessing.spawn import spawn_main; spawn_main(tracker_fd=7, pipe_handle=13)' --multiprocessing-fork

src/sim/mem_state.cc:443: info: Increasing stack size by one page.
src/sim/syscall_emul.hh:1121: warn: readlink() called on '/proc/self/exe' may yield unexpected results in various settings.
      Returning '/home/fdemirel/HPC_Lab_Proj/benchmarks/quick/quick-m5.x'
src/arch/arm/insts/pseudo.cc:174: warn: 	instruction 'bti' unimplemented

----merge----
Execution time: 10.543216 (ms) 
random_elem:0, /home/fdemirel/HPC_Lab_Proj/benchmarks/merge/merge-m5.x
----quick sort----
Array SIZE      : 131072 
random_elem:0, /home/fdemirel/HPC_Lab_Proj/benchmarks/quick/quick-m5.x
Execution time: 8.734951 (ms) 
Global frequency set at 1000000000000 ticks per second
src/mem/dram_interface.cc:690: warn: DRAM device capacity (16384 Mbytes) does not match the address range assigned (1024 Mbytes)
src/base/statistics.hh:279: warn: One of the stats is a legacy stat. Legacy stat is a stat that does not belong to any statistics::Group. Legacy stat is deprecated.
board.remote_gdb: Listening for connections on port 7000
gem5 Simulator System.  https://www.gem5.org
gem5 is copyrighted software; use the --copyright option for details.

gem5 version 25.0.0.1
gem5 compiled May  5 2026 12:55:05
gem5 started Jun 18 2026 00:07:02
gem5 executing on cn27.guoehi.cluster, pid 188411
command line: /home/fdemirel/HPC_Lab_Proj/imp/../../gem5/build/ALL/gem5.opt -s --outdir=results_imp_multisim --stdout-file=spmv_imp_pt32_l2_ddr4_1x_simout.txt --stderr-file=spmv_imp_pt32_l2_ddr4_1x_simerr.txt --stats-file=stats.txt -c 'from multiprocessing.spawn import spawn_main; spawn_main(tracker_fd=7, pipe_handle=13)' --multiprocessing-fork

src/sim/mem_state.cc:443: info: Increasing stack size by one page.
src/sim/syscall_emul.hh:1121: warn: readlink() called on '/proc/self/exe' may yield unexpected results in various settings.
      Returning '/home/fdemirel/HPC_Lab_Proj/benchmarks/spmv/spmv-m5.x'
src/arch/arm/insts/pseudo.cc:174: warn: 	instruction 'bti' unimplemented
src/sim/mem_state.cc:443: info: Increasing stack size by one page.
src/sim/mem_state.cc:443: info: Increasing stack size by one page.
src/sim/mem_state.cc:443: info: Increasing stack size by one page.
src/sim/mem_state.cc:443: info: Increasing stack size by one page.
src/sim/mem_state.cc:443: info: Increasing stack size by one page.
src/sim/mem_state.cc:443: info: Increasing stack size by one page.
src/sim/mem_state.cc:443: info: Increasing stack size by one page.
Global frequency set at 1000000000000 ticks per second
src/mem/dram_interface.cc:690: warn: DRAM device capacity (16384 Mbytes) does not match the address range assigned (1024 Mbytes)
src/base/statistics.hh:279: warn: One of the stats is a legacy stat. Legacy stat is a stat that does not belong to any statistics::Group. Legacy stat is deprecated.
board.remote_gdb: Listening for connections on port 7003
gem5 Simulator System.  https://www.gem5.org
gem5 is copyrighted software; use the --copyright option for details.

gem5 version 25.0.0.1
gem5 compiled May  5 2026 12:55:05
gem5 started Jun 18 2026 00:07:13
gem5 executing on cn27.guoehi.cluster, pid 188412
command line: /home/fdemirel/HPC_Lab_Proj/imp/../../gem5/build/ALL/gem5.opt -s --outdir=results_imp_multisim --stdout-file=matmult_imp_ipd8_l1d_ddr4_1x_simout.txt --stderr-file=matmult_imp_ipd8_l1d_ddr4_1x_simerr.txt --stats-file=stats.txt -c 'from multiprocessing.spawn import spawn_main; spawn_main(tracker_fd=7, pipe_handle=13)' --multiprocessing-fork

src/sim/mem_state.cc:443: info: Increasing stack size by one page.
src/sim/syscall_emul.hh:1121: warn: readlink() called on '/proc/self/exe' may yield unexpected results in various settings.
      Returning '/home/fdemirel/HPC_Lab_Proj/benchmarks/matmult/matmult-m5.x'
src/arch/arm/insts/pseudo.cc:174: warn: 	instruction 'bti' unimplemented

----MATRIX MULTIPLICATION----

----Computation starts----
Loop 0 ... 
argc = 2, A[argc][argc] = 0.500000, B[argc][argc] = 0.500000, C[argc][argc] = 0.500000 
Execution time: 1.234030 (ms) 
Global frequency set at 1000000000000 ticks per second
src/mem/dram_interface.cc:690: warn: DRAM device capacity (16384 Mbytes) does not match the address range assigned (1024 Mbytes)
src/base/statistics.hh:279: warn: One of the stats is a legacy stat. Legacy stat is a stat that does not belong to any statistics::Group. Legacy stat is deprecated.
board.remote_gdb: Listening for connections on port 7003
gem5 Simulator System.  https://www.gem5.org
gem5 is copyrighted software; use the --copyright option for details.

gem5 version 25.0.0.1
gem5 compiled May  5 2026 12:55:05
gem5 started Jun 18 2026 00:08:24
gem5 executing on cn27.guoehi.cluster, pid 188432
command line: /home/fdemirel/HPC_Lab_Proj/imp/../../gem5/build/ALL/gem5.opt -s --outdir=results_imp_multisim --stdout-file=bfs_imp_thr1_l1d_ddr4_1x_simout.txt --stderr-file=bfs_imp_thr1_l1d_ddr4_1x_simerr.txt --stats-file=stats.txt -c 'from multiprocessing.spawn import spawn_main; spawn_main(tracker_fd=7, pipe_handle=13)' --multiprocessing-fork

src/sim/mem_state.cc:443: info: Increasing stack size by one page.
src/sim/syscall_emul.hh:1121: warn: readlink() called on '/proc/self/exe' may yield unexpected results in various settings.
      Returning '/home/fdemirel/HPC_Lab_Proj/benchmarks/bfs/bfs-m5.x'
src/arch/arm/insts/pseudo.cc:174: warn: 	instruction 'bti' unimplemented
Beginning BFS ...
----spmv----
N_ROWS          : 8192 
N_COLS          : 65536 
NNZ             : 524155 
Execution time: 6.890919 (ms) 

----merge----
Execution time: 10.834271 (ms) 
random_elem:0, /home/fdemirel/HPC_Lab_Proj/benchmarks/merge/merge-m5.x
Global frequency set at 1000000000000 ticks per second
src/mem/dram_interface.cc:690: warn: DRAM device capacity (16384 Mbytes) does not match the address range assigned (1024 Mbytes)
src/base/statistics.hh:279: warn: One of the stats is a legacy stat. Legacy stat is a stat that does not belong to any statistics::Group. Legacy stat is deprecated.
board.remote_gdb: Listening for connections on port 7000
gem5 Simulator System.  https://www.gem5.org
gem5 is copyrighted software; use the --copyright option for details.

gem5 version 25.0.0.1
gem5 compiled May  5 2026 12:55:05
gem5 started Jun 18 2026 00:09:03
gem5 executing on cn27.guoehi.cluster, pid 188436
command line: /home/fdemirel/HPC_Lab_Proj/imp/../../gem5/build/ALL/gem5.opt -s --outdir=results_imp_multisim --stdout-file=quick_imp_pt32_l2_ddr4_1x_simout.txt --stderr-file=quick_imp_pt32_l2_ddr4_1x_simerr.txt --stats-file=stats.txt -c 'from multiprocessing.spawn import spawn_main; spawn_main(tracker_fd=7, pipe_handle=13)' --multiprocessing-fork

src/sim/mem_state.cc:443: info: Increasing stack size by one page.
src/sim/syscall_emul.hh:1121: warn: readlink() called on '/proc/self/exe' may yield unexpected results in various settings.
      Returning '/home/fdemirel/HPC_Lab_Proj/benchmarks/quick/quick-m5.x'
src/arch/arm/insts/pseudo.cc:174: warn: 	instruction 'bti' unimplemented
Global frequency set at 1000000000000 ticks per second
src/mem/dram_interface.cc:690: warn: DRAM device capacity (16384 Mbytes) does not match the address range assigned (1024 Mbytes)
src/base/statistics.hh:279: warn: One of the stats is a legacy stat. Legacy stat is a stat that does not belong to any statistics::Group. Legacy stat is deprecated.
board.remote_gdb: Listening for connections on port 7002
gem5 Simulator System.  https://www.gem5.org
gem5 is copyrighted software; use the --copyright option for details.

gem5 version 25.0.0.1
gem5 compiled May  5 2026 12:55:05
gem5 started Jun 18 2026 00:09:11
gem5 executing on cn27.guoehi.cluster, pid 188438
command line: /home/fdemirel/HPC_Lab_Proj/imp/../../gem5/build/ALL/gem5.opt -s --outdir=results_imp_multisim --stdout-file=bfs_imp_sdist2_l2_ddr4_1x_simout.txt --stderr-file=bfs_imp_sdist2_l2_ddr4_1x_simerr.txt --stats-file=stats.txt -c 'from multiprocessing.spawn import spawn_main; spawn_main(tracker_fd=7, pipe_handle=13)' --multiprocessing-fork

src/sim/mem_state.cc:443: info: Increasing stack size by one page.
src/sim/syscall_emul.hh:1121: warn: readlink() called on '/proc/self/exe' may yield unexpected results in various settings.
      Returning '/home/fdemirel/HPC_Lab_Proj/benchmarks/bfs/bfs-m5.x'
src/arch/arm/insts/pseudo.cc:174: warn: 	instruction 'bti' unimplemented
Beginning BFS ...
----quick sort----
Array SIZE      : 131072 
random_elem:0, /home/fdemirel/HPC_Lab_Proj/benchmarks/quick/quick-m5.x
Execution time: 8.778353 (ms) 
Global frequency set at 1000000000000 ticks per second
src/mem/dram_interface.cc:690: warn: DRAM device capacity (16384 Mbytes) does not match the address range assigned (512 Mbytes)
src/mem/dram_interface.cc:690: warn: DRAM device capacity (16384 Mbytes) does not match the address range assigned (512 Mbytes)
src/base/statistics.hh:279: warn: One of the stats is a legacy stat. Legacy stat is a stat that does not belong to any statistics::Group. Legacy stat is deprecated.
board.remote_gdb: Listening for connections on port 7001
gem5 Simulator System.  https://www.gem5.org
gem5 is copyrighted software; use the --copyright option for details.

gem5 version 25.0.0.1
gem5 compiled May  5 2026 12:55:05
gem5 started Jun 18 2026 00:09:45
gem5 executing on cn27.guoehi.cluster, pid 188445
command line: /home/fdemirel/HPC_Lab_Proj/imp/../../gem5/build/ALL/gem5.opt -s --outdir=results_imp_multisim --stdout-file=merge_imp_thr1_l1d_ddr4_2x_simout.txt --stderr-file=merge_imp_thr1_l1d_ddr4_2x_simerr.txt --stats-file=stats.txt -c 'from multiprocessing.spawn import spawn_main; spawn_main(tracker_fd=7, pipe_handle=13)' --multiprocessing-fork

src/sim/mem_state.cc:443: info: Increasing stack size by one page.
src/sim/syscall_emul.hh:1121: warn: readlink() called on '/proc/self/exe' may yield unexpected results in various settings.
      Returning '/home/fdemirel/HPC_Lab_Proj/benchmarks/merge/merge-m5.x'
src/arch/arm/insts/pseudo.cc:174: warn: 	instruction 'bti' unimplemented
----quick sort----
Array SIZE      : 131072 
random_elem:0, /home/fdemirel/HPC_Lab_Proj/benchmarks/quick/quick-m5.x
Execution time: 9.039168 (ms) 
Global frequency set at 1000000000000 ticks per second
src/mem/dram_interface.cc:690: warn: DRAM device capacity (16384 Mbytes) does not match the address range assigned (1024 Mbytes)
src/base/statistics.hh:279: warn: One of the stats is a legacy stat. Legacy stat is a stat that does not belong to any statistics::Group. Legacy stat is deprecated.
board.remote_gdb: Listening for connections on port 7000
gem5 Simulator System.  https://www.gem5.org
gem5 is copyrighted software; use the --copyright option for details.

gem5 version 25.0.0.1
gem5 compiled May  5 2026 12:55:05
gem5 started Jun 18 2026 00:13:11
gem5 executing on cn27.guoehi.cluster, pid 188457
command line: /home/fdemirel/HPC_Lab_Proj/imp/../../gem5/build/ALL/gem5.opt -s --outdir=results_imp_multisim --stdout-file=merge_imp_ipd8_l1d_ddr4_1x_simout.txt --stderr-file=merge_imp_ipd8_l1d_ddr4_1x_simerr.txt --stats-file=stats.txt -c 'from multiprocessing.spawn import spawn_main; spawn_main(tracker_fd=7, pipe_handle=13)' --multiprocessing-fork

src/sim/mem_state.cc:443: info: Increasing stack size by one page.
src/sim/syscall_emul.hh:1121: warn: readlink() called on '/proc/self/exe' may yield unexpected results in various settings.
      Returning '/home/fdemirel/HPC_Lab_Proj/benchmarks/merge/merge-m5.x'
src/arch/arm/insts/pseudo.cc:174: warn: 	instruction 'bti' unimplemented

----merge----
Execution time: 10.326216 (ms) 
random_elem:0, /home/fdemirel/HPC_Lab_Proj/benchmarks/merge/merge-m5.x
Global frequency set at 1000000000000 ticks per second
src/mem/dram_interface.cc:690: warn: DRAM device capacity (16384 Mbytes) does not match the address range assigned (512 Mbytes)
src/mem/dram_interface.cc:690: warn: DRAM device capacity (16384 Mbytes) does not match the address range assigned (512 Mbytes)
src/base/statistics.hh:279: warn: One of the stats is a legacy stat. Legacy stat is a stat that does not belong to any statistics::Group. Legacy stat is deprecated.
board.remote_gdb: Listening for connections on port 7001
gem5 Simulator System.  https://www.gem5.org
gem5 is copyrighted software; use the --copyright option for details.

gem5 version 25.0.0.1
gem5 compiled May  5 2026 12:55:05
gem5 started Jun 18 2026 00:14:48
gem5 executing on cn27.guoehi.cluster, pid 188461
command line: /home/fdemirel/HPC_Lab_Proj/imp/../../gem5/build/ALL/gem5.opt -s --outdir=results_imp_multisim --stdout-file=bfs_imp_dist8_l2_ddr4_2x_simout.txt --stderr-file=bfs_imp_dist8_l2_ddr4_2x_simerr.txt --stats-file=stats.txt -c 'from multiprocessing.spawn import spawn_main; spawn_main(tracker_fd=7, pipe_handle=13)' --multiprocessing-fork

src/sim/mem_state.cc:443: info: Increasing stack size by one page.
src/sim/syscall_emul.hh:1121: warn: readlink() called on '/proc/self/exe' may yield unexpected results in various settings.
      Returning '/home/fdemirel/HPC_Lab_Proj/benchmarks/bfs/bfs-m5.x'
src/arch/arm/insts/pseudo.cc:174: warn: 	instruction 'bti' unimplemented
Beginning BFS ...
Finished BFS.
Finished BFS.
Global frequency set at 1000000000000 ticks per second
src/mem/dram_interface.cc:690: warn: DRAM device capacity (16384 Mbytes) does not match the address range assigned (1024 Mbytes)
src/base/statistics.hh:279: warn: One of the stats is a legacy stat. Legacy stat is a stat that does not belong to any statistics::Group. Legacy stat is deprecated.
board.remote_gdb: Listening for connections on port 7002
gem5 Simulator System.  https://www.gem5.org
gem5 is copyrighted software; use the --copyright option for details.

gem5 version 25.0.0.1
gem5 compiled May  5 2026 12:55:05
gem5 started Jun 18 2026 00:15:11
gem5 executing on cn27.guoehi.cluster, pid 188466
command line: /home/fdemirel/HPC_Lab_Proj/imp/../../gem5/build/ALL/gem5.opt -s --outdir=results_imp_multisim --stdout-file=matmult_imp_dist64_l1d_ddr4_1x_simout.txt --stderr-file=matmult_imp_dist64_l1d_ddr4_1x_simerr.txt --stats-file=stats.txt -c 'from multiprocessing.spawn import spawn_main; spawn_main(tracker_fd=7, pipe_handle=13)' --multiprocessing-fork

src/sim/mem_state.cc:443: info: Increasing stack size by one page.
src/sim/syscall_emul.hh:1121: warn: readlink() called on '/proc/self/exe' may yield unexpected results in various settings.
      Returning '/home/fdemirel/HPC_Lab_Proj/benchmarks/matmult/matmult-m5.x'
src/arch/arm/insts/pseudo.cc:174: warn: 	instruction 'bti' unimplemented
Global frequency set at 1000000000000 ticks per second
src/mem/dram_interface.cc:690: warn: DRAM device capacity (16384 Mbytes) does not match the address range assigned (1024 Mbytes)
src/base/statistics.hh:279: warn: One of the stats is a legacy stat. Legacy stat is a stat that does not belong to any statistics::Group. Legacy stat is deprecated.
board.remote_gdb: Listening for connections on port 7003
gem5 Simulator System.  https://www.gem5.org
gem5 is copyrighted software; use the --copyright option for details.

gem5 version 25.0.0.1
gem5 compiled May  5 2026 12:55:05
gem5 started Jun 18 2026 00:15:14
gem5 executing on cn27.guoehi.cluster, pid 188467
command line: /home/fdemirel/HPC_Lab_Proj/imp/../../gem5/build/ALL/gem5.opt -s --outdir=results_imp_multisim --stdout-file=matmult_imp_thr4_l2_ddr4_1x_simout.txt --stderr-file=matmult_imp_thr4_l2_ddr4_1x_simerr.txt --stats-file=stats.txt -c 'from multiprocessing.spawn import spawn_main; spawn_main(tracker_fd=7, pipe_handle=13)' --multiprocessing-fork

src/sim/mem_state.cc:443: info: Increasing stack size by one page.
src/sim/syscall_emul.hh:1121: warn: readlink() called on '/proc/self/exe' may yield unexpected results in various settings.
      Returning '/home/fdemirel/HPC_Lab_Proj/benchmarks/matmult/matmult-m5.x'
src/arch/arm/insts/pseudo.cc:174: warn: 	instruction 'bti' unimplemented

----MATRIX MULTIPLICATION----

----Computation starts----
Loop 0 ... 
argc = 2, A[argc][argc] = 0.500000, B[argc][argc] = 0.500000, C[argc][argc] = 0.500000 
Execution time: 1.234030 (ms) 

----MATRIX MULTIPLICATION----

----Computation starts----
Loop 0 ... 
argc = 2, A[argc][argc] = 0.500000, B[argc][argc] = 0.500000, C[argc][argc] = 0.500000 
Execution time: 1.229960 (ms) 
Global frequency set at 1000000000000 ticks per second
src/mem/dram_interface.cc:690: warn: DRAM device capacity (16384 Mbytes) does not match the address range assigned (512 Mbytes)
src/mem/dram_interface.cc:690: warn: DRAM device capacity (16384 Mbytes) does not match the address range assigned (512 Mbytes)
src/base/statistics.hh:279: warn: One of the stats is a legacy stat. Legacy stat is a stat that does not belong to any statistics::Group. Legacy stat is deprecated.
board.remote_gdb: Listening for connections on port 7002
gem5 Simulator System.  https://www.gem5.org
gem5 is copyrighted software; use the --copyright option for details.

gem5 version 25.0.0.1
gem5 compiled May  5 2026 12:55:05
gem5 started Jun 18 2026 00:16:21
gem5 executing on cn27.guoehi.cluster, pid 188476
command line: /home/fdemirel/HPC_Lab_Proj/imp/../../gem5/build/ALL/gem5.opt -s --outdir=results_imp_multisim --stdout-file=bfs_imp_thr1_l1d_ddr4_2x_simout.txt --stderr-file=bfs_imp_thr1_l1d_ddr4_2x_simerr.txt --stats-file=stats.txt -c 'from multiprocessing.spawn import spawn_main; spawn_main(tracker_fd=7, pipe_handle=13)' --multiprocessing-fork

src/sim/mem_state.cc:443: info: Increasing stack size by one page.
src/sim/syscall_emul.hh:1121: warn: readlink() called on '/proc/self/exe' may yield unexpected results in various settings.
      Returning '/home/fdemirel/HPC_Lab_Proj/benchmarks/bfs/bfs-m5.x'
src/arch/arm/insts/pseudo.cc:174: warn: 	instruction 'bti' unimplemented
Beginning BFS ...
Global frequency set at 1000000000000 ticks per second
src/mem/dram_interface.cc:690: warn: DRAM device capacity (16384 Mbytes) does not match the address range assigned (512 Mbytes)
src/mem/dram_interface.cc:690: warn: DRAM device capacity (16384 Mbytes) does not match the address range assigned (512 Mbytes)
src/base/statistics.hh:279: warn: One of the stats is a legacy stat. Legacy stat is a stat that does not belong to any statistics::Group. Legacy stat is deprecated.
board.remote_gdb: Listening for connections on port 7003
gem5 Simulator System.  https://www.gem5.org
gem5 is copyrighted software; use the --copyright option for details.

gem5 version 25.0.0.1
gem5 compiled May  5 2026 12:55:05
gem5 started Jun 18 2026 00:16:25
gem5 executing on cn27.guoehi.cluster, pid 188477
command line: /home/fdemirel/HPC_Lab_Proj/imp/../../gem5/build/ALL/gem5.opt -s --outdir=results_imp_multisim --stdout-file=simple_triad_imp_pt32_l1d_ddr4_2x_simout.txt --stderr-file=simple_triad_imp_pt32_l1d_ddr4_2x_simerr.txt --stats-file=stats.txt -c 'from multiprocessing.spawn import spawn_main; spawn_main(tracker_fd=7, pipe_handle=13)' --multiprocessing-fork

src/sim/mem_state.cc:443: info: Increasing stack size by one page.
src/sim/syscall_emul.hh:1121: warn: readlink() called on '/proc/self/exe' may yield unexpected results in various settings.
      Returning '/home/fdemirel/HPC_Lab_Proj/benchmarks/simple_triad/simple_triad-m5.x'

----merge----
Execution time: 10.335941 (ms) 
random_elem:0, /home/fdemirel/HPC_Lab_Proj/benchmarks/merge/merge-m5.x
Array SIZE      : 1000000 
Array LOOP      : 1 

----triad----
a[0]=7.00e+00. b[0]=2.00e+00. c[0]=1.00e+00.
Execution time: 2.245558 (ms) 
   Rate [MB/s]: 10687.8 
Global frequency set at 1000000000000 ticks per second
src/mem/dram_interface.cc:690: warn: DRAM device capacity (16384 Mbytes) does not match the address range assigned (512 Mbytes)
src/mem/dram_interface.cc:690: warn: DRAM device capacity (16384 Mbytes) does not match the address range assigned (512 Mbytes)
src/base/statistics.hh:279: warn: One of the stats is a legacy stat. Legacy stat is a stat that does not belong to any statistics::Group. Legacy stat is deprecated.
board.remote_gdb: Listening for connections on port 7000
gem5 Simulator System.  https://www.gem5.org
gem5 is copyrighted software; use the --copyright option for details.

gem5 version 25.0.0.1
gem5 compiled May  5 2026 12:55:05
gem5 started Jun 18 2026 00:18:09
gem5 executing on cn27.guoehi.cluster, pid 188491
command line: /home/fdemirel/HPC_Lab_Proj/imp/../../gem5/build/ALL/gem5.opt -s --outdir=results_imp_multisim --stdout-file=quick_imp_sdist2_l1d_ddr4_2x_simout.txt --stderr-file=quick_imp_sdist2_l1d_ddr4_2x_simerr.txt --stats-file=stats.txt -c 'from multiprocessing.spawn import spawn_main; spawn_main(tracker_fd=7, pipe_handle=13)' --multiprocessing-fork

src/sim/mem_state.cc:443: info: Increasing stack size by one page.
src/sim/syscall_emul.hh:1121: warn: readlink() called on '/proc/self/exe' may yield unexpected results in various settings.
      Returning '/home/fdemirel/HPC_Lab_Proj/benchmarks/quick/quick-m5.x'
src/arch/arm/insts/pseudo.cc:174: warn: 	instruction 'bti' unimplemented
Global frequency set at 1000000000000 ticks per second
src/mem/dram_interface.cc:690: warn: DRAM device capacity (16384 Mbytes) does not match the address range assigned (1024 Mbytes)
src/base/statistics.hh:279: warn: One of the stats is a legacy stat. Legacy stat is a stat that does not belong to any statistics::Group. Legacy stat is deprecated.
board.remote_gdb: Listening for connections on port 7003
gem5 Simulator System.  https://www.gem5.org
gem5 is copyrighted software; use the --copyright option for details.

gem5 version 25.0.0.1
gem5 compiled May  5 2026 12:55:05
gem5 started Jun 18 2026 00:18:15
gem5 executing on cn27.guoehi.cluster, pid 188493
command line: /home/fdemirel/HPC_Lab_Proj/imp/../../gem5/build/ALL/gem5.opt -s --outdir=results_imp_multisim --stdout-file=simple_triad_imp_pt8_l2_ddr4_1x_simout.txt --stderr-file=simple_triad_imp_pt8_l2_ddr4_1x_simerr.txt --stats-file=stats.txt -c 'from multiprocessing.spawn import spawn_main; spawn_main(tracker_fd=7, pipe_handle=13)' --multiprocessing-fork

src/sim/mem_state.cc:443: info: Increasing stack size by one page.
src/sim/syscall_emul.hh:1121: warn: readlink() called on '/proc/self/exe' may yield unexpected results in various settings.
      Returning '/home/fdemirel/HPC_Lab_Proj/benchmarks/simple_triad/simple_triad-m5.x'
Array SIZE      : 1000000 
Array LOOP      : 1 

----triad----
a[0]=7.00e+00. b[0]=2.00e+00. c[0]=1.00e+00.
Execution time: 2.921286 (ms) 
   Rate [MB/s]: 8215.6 
Global frequency set at 1000000000000 ticks per second
src/mem/dram_interface.cc:690: warn: DRAM device capacity (16384 Mbytes) does not match the address range assigned (1024 Mbytes)
src/base/statistics.hh:279: warn: One of the stats is a legacy stat. Legacy stat is a stat that does not belong to any statistics::Group. Legacy stat is deprecated.
board.remote_gdb: Listening for connections on port 7003
gem5 Simulator System.  https://www.gem5.org
gem5 is copyrighted software; use the --copyright option for details.

gem5 version 25.0.0.1
gem5 compiled May  5 2026 12:55:05
gem5 started Jun 18 2026 00:20:12
gem5 executing on cn27.guoehi.cluster, pid 188503
command line: /home/fdemirel/HPC_Lab_Proj/imp/../../gem5/build/ALL/gem5.opt -s --outdir=results_imp_multisim --stdout-file=merge_imp_dist64_l1d_ddr4_1x_simout.txt --stderr-file=merge_imp_dist64_l1d_ddr4_1x_simerr.txt --stats-file=stats.txt -c 'from multiprocessing.spawn import spawn_main; spawn_main(tracker_fd=7, pipe_handle=13)' --multiprocessing-fork

src/sim/mem_state.cc:443: info: Increasing stack size by one page.
src/sim/syscall_emul.hh:1121: warn: readlink() called on '/proc/self/exe' may yield unexpected results in various settings.
      Returning '/home/fdemirel/HPC_Lab_Proj/benchmarks/merge/merge-m5.x'
src/arch/arm/insts/pseudo.cc:174: warn: 	instruction 'bti' unimplemented
Finished BFS.
Global frequency set at 1000000000000 ticks per second
src/mem/dram_interface.cc:690: warn: DRAM device capacity (16384 Mbytes) does not match the address range assigned (1024 Mbytes)
src/base/statistics.hh:279: warn: One of the stats is a legacy stat. Legacy stat is a stat that does not belong to any statistics::Group. Legacy stat is deprecated.
board.remote_gdb: Listening for connections on port 7001
gem5 Simulator System.  https://www.gem5.org
gem5 is copyrighted software; use the --copyright option for details.

gem5 version 25.0.0.1
gem5 compiled May  5 2026 12:55:05
gem5 started Jun 18 2026 00:20:46
gem5 executing on cn27.guoehi.cluster, pid 188511
command line: /home/fdemirel/HPC_Lab_Proj/imp/../../gem5/build/ALL/gem5.opt -s --outdir=results_imp_multisim --stdout-file=spmv_imp_sdist16_l1d_ddr4_1x_simout.txt --stderr-file=spmv_imp_sdist16_l1d_ddr4_1x_simerr.txt --stats-file=stats.txt -c 'from multiprocessing.spawn import spawn_main; spawn_main(tracker_fd=7, pipe_handle=13)' --multiprocessing-fork

src/sim/mem_state.cc:443: info: Increasing stack size by one page.
src/sim/syscall_emul.hh:1121: warn: readlink() called on '/proc/self/exe' may yield unexpected results in various settings.
      Returning '/home/fdemirel/HPC_Lab_Proj/benchmarks/spmv/spmv-m5.x'
src/arch/arm/insts/pseudo.cc:174: warn: 	instruction 'bti' unimplemented
src/sim/mem_state.cc:443: info: Increasing stack size by one page.
src/sim/mem_state.cc:443: info: Increasing stack size by one page.
src/sim/mem_state.cc:443: info: Increasing stack size by one page.
src/sim/mem_state.cc:443: info: Increasing stack size by one page.
src/sim/mem_state.cc:443: info: Increasing stack size by one page.
src/sim/mem_state.cc:443: info: Increasing stack size by one page.
src/sim/mem_state.cc:443: info: Increasing stack size by one page.
----quick sort----
Array SIZE      : 131072 
random_elem:0, /home/fdemirel/HPC_Lab_Proj/benchmarks/quick/quick-m5.x
Execution time: 8.985522 (ms) 
Global frequency set at 1000000000000 ticks per second
src/mem/dram_interface.cc:690: warn: DRAM device capacity (16384 Mbytes) does not match the address range assigned (512 Mbytes)
src/mem/dram_interface.cc:690: warn: DRAM device capacity (16384 Mbytes) does not match the address range assigned (512 Mbytes)
src/base/statistics.hh:279: warn: One of the stats is a legacy stat. Legacy stat is a stat that does not belong to any statistics::Group. Legacy stat is deprecated.
board.remote_gdb: Listening for connections on port 7000
gem5 Simulator System.  https://www.gem5.org
gem5 is copyrighted software; use the --copyright option for details.

gem5 version 25.0.0.1
gem5 compiled May  5 2026 12:55:05
gem5 started Jun 18 2026 00:22:23
gem5 executing on cn27.guoehi.cluster, pid 188516
command line: /home/fdemirel/HPC_Lab_Proj/imp/../../gem5/build/ALL/gem5.opt -s --outdir=results_imp_multisim --stdout-file=matmult_imp_pt32_l2_ddr4_2x_simout.txt --stderr-file=matmult_imp_pt32_l2_ddr4_2x_simerr.txt --stats-file=stats.txt -c 'from multiprocessing.spawn import spawn_main; spawn_main(tracker_fd=7, pipe_handle=13)' --multiprocessing-fork

src/sim/mem_state.cc:443: info: Increasing stack size by one page.
src/sim/syscall_emul.hh:1121: warn: readlink() called on '/proc/self/exe' may yield unexpected results in various settings.
      Returning '/home/fdemirel/HPC_Lab_Proj/benchmarks/matmult/matmult-m5.x'
src/arch/arm/insts/pseudo.cc:174: warn: 	instruction 'bti' unimplemented
Finished BFS.
----spmv----
N_ROWS          : 8192 
N_COLS          : 65536 
NNZ             : 524155 
Execution time: 5.932604 (ms) 
Global frequency set at 1000000000000 ticks per second
src/mem/dram_interface.cc:690: warn: DRAM device capacity (16384 Mbytes) does not match the address range assigned (512 Mbytes)
src/mem/dram_interface.cc:690: warn: DRAM device capacity (16384 Mbytes) does not match the address range assigned (512 Mbytes)
src/base/statistics.hh:279: warn: One of the stats is a legacy stat. Legacy stat is a stat that does not belong to any statistics::Group. Legacy stat is deprecated.
board.remote_gdb: Listening for connections on port 7002
gem5 Simulator System.  https://www.gem5.org
gem5 is copyrighted software; use the --copyright option for details.

gem5 version 25.0.0.1
gem5 compiled May  5 2026 12:55:05
gem5 started Jun 18 2026 00:23:02
gem5 executing on cn27.guoehi.cluster, pid 188520
command line: /home/fdemirel/HPC_Lab_Proj/imp/../../gem5/build/ALL/gem5.opt -s --outdir=results_imp_multisim --stdout-file=bfs_imp_sdist2_l2_ddr4_2x_simout.txt --stderr-file=bfs_imp_sdist2_l2_ddr4_2x_simerr.txt --stats-file=stats.txt -c 'from multiprocessing.spawn import spawn_main; spawn_main(tracker_fd=7, pipe_handle=13)' --multiprocessing-fork

src/sim/mem_state.cc:443: info: Increasing stack size by one page.
src/sim/syscall_emul.hh:1121: warn: readlink() called on '/proc/self/exe' may yield unexpected results in various settings.
      Returning '/home/fdemirel/HPC_Lab_Proj/benchmarks/bfs/bfs-m5.x'
src/arch/arm/insts/pseudo.cc:174: warn: 	instruction 'bti' unimplemented
Beginning BFS ...

----MATRIX MULTIPLICATION----

----Computation starts----
Loop 0 ... 
argc = 2, A[argc][argc] = 0.500000, B[argc][argc] = 0.500000, C[argc][argc] = 0.500000 
Execution time: 1.222351 (ms) 
Global frequency set at 1000000000000 ticks per second
src/mem/dram_interface.cc:690: warn: DRAM device capacity (16384 Mbytes) does not match the address range assigned (1024 Mbytes)
src/base/statistics.hh:279: warn: One of the stats is a legacy stat. Legacy stat is a stat that does not belong to any statistics::Group. Legacy stat is deprecated.
board.remote_gdb: Listening for connections on port 7000
gem5 Simulator System.  https://www.gem5.org
gem5 is copyrighted software; use the --copyright option for details.

gem5 version 25.0.0.1
gem5 compiled May  5 2026 12:55:05
gem5 started Jun 18 2026 00:23:18
gem5 executing on cn27.guoehi.cluster, pid 188524
command line: /home/fdemirel/HPC_Lab_Proj/imp/../../gem5/build/ALL/gem5.opt -s --outdir=results_imp_multisim --stdout-file=merge_imp_thr4_l2_ddr4_1x_simout.txt --stderr-file=merge_imp_thr4_l2_ddr4_1x_simerr.txt --stats-file=stats.txt -c 'from multiprocessing.spawn import spawn_main; spawn_main(tracker_fd=7, pipe_handle=13)' --multiprocessing-fork

src/sim/mem_state.cc:443: info: Increasing stack size by one page.
src/sim/syscall_emul.hh:1121: warn: readlink() called on '/proc/self/exe' may yield unexpected results in various settings.
      Returning '/home/fdemirel/HPC_Lab_Proj/benchmarks/merge/merge-m5.x'
src/arch/arm/insts/pseudo.cc:174: warn: 	instruction 'bti' unimplemented
Global frequency set at 1000000000000 ticks per second
src/mem/dram_interface.cc:690: warn: DRAM device capacity (16384 Mbytes) does not match the address range assigned (512 Mbytes)
src/mem/dram_interface.cc:690: warn: DRAM device capacity (16384 Mbytes) does not match the address range assigned (512 Mbytes)
src/base/statistics.hh:279: warn: One of the stats is a legacy stat. Legacy stat is a stat that does not belong to any statistics::Group. Legacy stat is deprecated.
board.remote_gdb: Listening for connections on port 7001
gem5 Simulator System.  https://www.gem5.org
gem5 is copyrighted software; use the --copyright option for details.

gem5 version 25.0.0.1
gem5 compiled May  5 2026 12:55:05
gem5 started Jun 18 2026 00:23:29
gem5 executing on cn27.guoehi.cluster, pid 188526
command line: /home/fdemirel/HPC_Lab_Proj/imp/../../gem5/build/ALL/gem5.opt -s --outdir=results_imp_multisim --stdout-file=merge_imp_pt32_l2_ddr4_2x_simout.txt --stderr-file=merge_imp_pt32_l2_ddr4_2x_simerr.txt --stats-file=stats.txt -c 'from multiprocessing.spawn import spawn_main; spawn_main(tracker_fd=7, pipe_handle=13)' --multiprocessing-fork

src/sim/mem_state.cc:443: info: Increasing stack size by one page.
src/sim/syscall_emul.hh:1121: warn: readlink() called on '/proc/self/exe' may yield unexpected results in various settings.
      Returning '/home/fdemirel/HPC_Lab_Proj/benchmarks/merge/merge-m5.x'
src/arch/arm/insts/pseudo.cc:174: warn: 	instruction 'bti' unimplemented

----merge----
Execution time: 10.335941 (ms) 
random_elem:0, /home/fdemirel/HPC_Lab_Proj/benchmarks/merge/merge-m5.x
Global frequency set at 1000000000000 ticks per second
src/mem/dram_interface.cc:690: warn: DRAM device capacity (16384 Mbytes) does not match the address range assigned (1024 Mbytes)
src/base/statistics.hh:279: warn: One of the stats is a legacy stat. Legacy stat is a stat that does not belong to any statistics::Group. Legacy stat is deprecated.
board.remote_gdb: Listening for connections on port 7003
gem5 Simulator System.  https://www.gem5.org
gem5 is copyrighted software; use the --copyright option for details.

gem5 version 25.0.0.1
gem5 compiled May  5 2026 12:55:05
gem5 started Jun 18 2026 00:25:15
gem5 executing on cn27.guoehi.cluster, pid 188535
command line: /home/fdemirel/HPC_Lab_Proj/imp/../../gem5/build/ALL/gem5.opt -s --outdir=results_imp_multisim --stdout-file=matmult_imp_addrlen2_l2_ddr4_1x_simout.txt --stderr-file=matmult_imp_addrlen2_l2_ddr4_1x_simerr.txt --stats-file=stats.txt -c 'from multiprocessing.spawn import spawn_main; spawn_main(tracker_fd=7, pipe_handle=13)' --multiprocessing-fork

src/sim/mem_state.cc:443: info: Increasing stack size by one page.
src/sim/syscall_emul.hh:1121: warn: readlink() called on '/proc/self/exe' may yield unexpected results in various settings.
      Returning '/home/fdemirel/HPC_Lab_Proj/benchmarks/matmult/matmult-m5.x'
src/arch/arm/insts/pseudo.cc:174: warn: 	instruction 'bti' unimplemented

----MATRIX MULTIPLICATION----

----Computation starts----
Loop 0 ... 
argc = 2, A[argc][argc] = 0.500000, B[argc][argc] = 0.500000, C[argc][argc] = 0.500000 
Execution time: 1.229960 (ms) 
Global frequency set at 1000000000000 ticks per second
src/mem/dram_interface.cc:690: warn: DRAM device capacity (16384 Mbytes) does not match the address range assigned (512 Mbytes)
src/mem/dram_interface.cc:690: warn: DRAM device capacity (16384 Mbytes) does not match the address range assigned (512 Mbytes)
src/base/statistics.hh:279: warn: One of the stats is a legacy stat. Legacy stat is a stat that does not belong to any statistics::Group. Legacy stat is deprecated.
board.remote_gdb: Listening for connections on port 7003
gem5 Simulator System.  https://www.gem5.org
gem5 is copyrighted software; use the --copyright option for details.

gem5 version 25.0.0.1
gem5 compiled May  5 2026 12:55:05
gem5 started Jun 18 2026 00:26:21
gem5 executing on cn27.guoehi.cluster, pid 188540
command line: /home/fdemirel/HPC_Lab_Proj/imp/../../gem5/build/ALL/gem5.opt -s --outdir=results_imp_multisim --stdout-file=simple_triad_imp_ipd8_l2_ddr4_2x_simout.txt --stderr-file=simple_triad_imp_ipd8_l2_ddr4_2x_simerr.txt --stats-file=stats.txt -c 'from multiprocessing.spawn import spawn_main; spawn_main(tracker_fd=7, pipe_handle=13)' --multiprocessing-fork

src/sim/mem_state.cc:443: info: Increasing stack size by one page.
src/sim/syscall_emul.hh:1121: warn: readlink() called on '/proc/self/exe' may yield unexpected results in various settings.
      Returning '/home/fdemirel/HPC_Lab_Proj/benchmarks/simple_triad/simple_triad-m5.x'
Array SIZE      : 1000000 
Array LOOP      : 1 

----triad----
a[0]=7.00e+00. b[0]=2.00e+00. c[0]=1.00e+00.
Execution time: 2.250846 (ms) 
   Rate [MB/s]: 10662.7 

----merge----
Execution time: 10.644514 (ms) 
random_elem:0, /home/fdemirel/HPC_Lab_Proj/benchmarks/merge/merge-m5.x
Global frequency set at 1000000000000 ticks per second
src/mem/dram_interface.cc:690: warn: DRAM device capacity (16384 Mbytes) does not match the address range assigned (1024 Mbytes)
src/base/statistics.hh:279: warn: One of the stats is a legacy stat. Legacy stat is a stat that does not belong to any statistics::Group. Legacy stat is deprecated.
board.remote_gdb: Listening for connections on port 7000
gem5 Simulator System.  https://www.gem5.org
gem5 is copyrighted software; use the --copyright option for details.

gem5 version 25.0.0.1
gem5 compiled May  5 2026 12:55:05
gem5 started Jun 18 2026 00:28:07
gem5 executing on cn27.guoehi.cluster, pid 188546
command line: /home/fdemirel/HPC_Lab_Proj/imp/../../gem5/build/ALL/gem5.opt -s --outdir=results_imp_multisim --stdout-file=bfs_imp_dist64_l1d_ddr4_1x_simout.txt --stderr-file=bfs_imp_dist64_l1d_ddr4_1x_simerr.txt --stats-file=stats.txt -c 'from multiprocessing.spawn import spawn_main; spawn_main(tracker_fd=7, pipe_handle=13)' --multiprocessing-fork

src/sim/mem_state.cc:443: info: Increasing stack size by one page.
src/sim/syscall_emul.hh:1121: warn: readlink() called on '/proc/self/exe' may yield unexpected results in various settings.
      Returning '/home/fdemirel/HPC_Lab_Proj/benchmarks/bfs/bfs-m5.x'
src/arch/arm/insts/pseudo.cc:174: warn: 	instruction 'bti' unimplemented
Beginning BFS ...

----merge----
Execution time: 10.543216 (ms) 
random_elem:0, /home/fdemirel/HPC_Lab_Proj/benchmarks/merge/merge-m5.x
Global frequency set at 1000000000000 ticks per second
src/mem/dram_interface.cc:690: warn: DRAM device capacity (16384 Mbytes) does not match the address range assigned (512 Mbytes)
src/mem/dram_interface.cc:690: warn: DRAM device capacity (16384 Mbytes) does not match the address range assigned (512 Mbytes)
src/base/statistics.hh:279: warn: One of the stats is a legacy stat. Legacy stat is a stat that does not belong to any statistics::Group. Legacy stat is deprecated.
board.remote_gdb: Listening for connections on port 7001
gem5 Simulator System.  https://www.gem5.org
gem5 is copyrighted software; use the --copyright option for details.

gem5 version 25.0.0.1
gem5 compiled May  5 2026 12:55:05
gem5 started Jun 18 2026 00:28:22
gem5 executing on cn27.guoehi.cluster, pid 188548
command line: /home/fdemirel/HPC_Lab_Proj/imp/../../gem5/build/ALL/gem5.opt -s --outdir=results_imp_multisim --stdout-file=quick_imp_pt32_l1d_ddr4_2x_simout.txt --stderr-file=quick_imp_pt32_l1d_ddr4_2x_simerr.txt --stats-file=stats.txt -c 'from multiprocessing.spawn import spawn_main; spawn_main(tracker_fd=7, pipe_handle=13)' --multiprocessing-fork

src/sim/mem_state.cc:443: info: Increasing stack size by one page.
src/sim/syscall_emul.hh:1121: warn: readlink() called on '/proc/self/exe' may yield unexpected results in various settings.
      Returning '/home/fdemirel/HPC_Lab_Proj/benchmarks/quick/quick-m5.x'
src/arch/arm/insts/pseudo.cc:174: warn: 	instruction 'bti' unimplemented
Global frequency set at 1000000000000 ticks per second
Finished BFS.
src/mem/dram_interface.cc:690: warn: DRAM device capacity (16384 Mbytes) does not match the address range assigned (1024 Mbytes)
src/base/statistics.hh:279: warn: One of the stats is a legacy stat. Legacy stat is a stat that does not belong to any statistics::Group. Legacy stat is deprecated.
board.remote_gdb: Listening for connections on port 7003
gem5 Simulator System.  https://www.gem5.org
gem5 is copyrighted software; use the --copyright option for details.

gem5 version 25.0.0.1
gem5 compiled May  5 2026 12:55:05
gem5 started Jun 18 2026 00:28:36
gem5 executing on cn27.guoehi.cluster, pid 188550
command line: /home/fdemirel/HPC_Lab_Proj/imp/../../gem5/build/ALL/gem5.opt -s --outdir=results_imp_multisim --stdout-file=simple_triad_imp_default_l2_ddr4_1x_simout.txt --stderr-file=simple_triad_imp_default_l2_ddr4_1x_simerr.txt --stats-file=stats.txt -c 'from multiprocessing.spawn import spawn_main; spawn_main(tracker_fd=7, pipe_handle=13)' --multiprocessing-fork

src/sim/mem_state.cc:443: info: Increasing stack size by one page.
src/sim/syscall_emul.hh:1121: warn: readlink() called on '/proc/self/exe' may yield unexpected results in various settings.
      Returning '/home/fdemirel/HPC_Lab_Proj/benchmarks/simple_triad/simple_triad-m5.x'
Global frequency set at 1000000000000 ticks per second
src/mem/dram_interface.cc:690: warn: DRAM device capacity (16384 Mbytes) does not match the address range assigned (512 Mbytes)
src/mem/dram_interface.cc:690: warn: DRAM device capacity (16384 Mbytes) does not match the address range assigned (512 Mbytes)
src/base/statistics.hh:279: warn: One of the stats is a legacy stat. Legacy stat is a stat that does not belong to any statistics::Group. Legacy stat is deprecated.
board.remote_gdb: Listening for connections on port 7002
gem5 Simulator System.  https://www.gem5.org
gem5 is copyrighted software; use the --copyright option for details.

gem5 version 25.0.0.1
gem5 compiled May  5 2026 12:55:05
gem5 started Jun 18 2026 00:28:53
gem5 executing on cn27.guoehi.cluster, pid 188556
command line: /home/fdemirel/HPC_Lab_Proj/imp/../../gem5/build/ALL/gem5.opt -s --outdir=results_imp_multisim --stdout-file=bfs_imp_sthr2_l1d_ddr4_2x_simout.txt --stderr-file=bfs_imp_sthr2_l1d_ddr4_2x_simerr.txt --stats-file=stats.txt -c 'from multiprocessing.spawn import spawn_main; spawn_main(tracker_fd=7, pipe_handle=13)' --multiprocessing-fork

src/sim/mem_state.cc:443: info: Increasing stack size by one page.
src/sim/syscall_emul.hh:1121: warn: readlink() called on '/proc/self/exe' may yield unexpected results in various settings.
      Returning '/home/fdemirel/HPC_Lab_Proj/benchmarks/bfs/bfs-m5.x'
src/arch/arm/insts/pseudo.cc:174: warn: 	instruction 'bti' unimplemented
Beginning BFS ...
Array SIZE      : 1000000 
Array LOOP      : 1 

----triad----
a[0]=7.00e+00. b[0]=2.00e+00. c[0]=1.00e+00.
Execution time: 2.921286 (ms) 
   Rate [MB/s]: 8215.6 
Global frequency set at 1000000000000 ticks per second
src/mem/dram_interface.cc:690: warn: DRAM device capacity (16384 Mbytes) does not match the address range assigned (1024 Mbytes)
src/base/statistics.hh:279: warn: One of the stats is a legacy stat. Legacy stat is a stat that does not belong to any statistics::Group. Legacy stat is deprecated.
board.remote_gdb: Listening for connections on port 7003
gem5 Simulator System.  https://www.gem5.org
gem5 is copyrighted software; use the --copyright option for details.

gem5 version 25.0.0.1
gem5 compiled May  5 2026 12:55:05
gem5 started Jun 18 2026 00:30:33
gem5 executing on cn27.guoehi.cluster, pid 188568
command line: /home/fdemirel/HPC_Lab_Proj/imp/../../gem5/build/ALL/gem5.opt -s --outdir=results_imp_multisim --stdout-file=spmv_imp_default_l2_ddr4_1x_simout.txt --stderr-file=spmv_imp_default_l2_ddr4_1x_simerr.txt --stats-file=stats.txt -c 'from multiprocessing.spawn import spawn_main; spawn_main(tracker_fd=7, pipe_handle=13)' --multiprocessing-fork

src/sim/mem_state.cc:443: info: Increasing stack size by one page.
src/sim/syscall_emul.hh:1121: warn: readlink() called on '/proc/self/exe' may yield unexpected results in various settings.
      Returning '/home/fdemirel/HPC_Lab_Proj/benchmarks/spmv/spmv-m5.x'
src/arch/arm/insts/pseudo.cc:174: warn: 	instruction 'bti' unimplemented
src/sim/mem_state.cc:443: info: Increasing stack size by one page.
src/sim/mem_state.cc:443: info: Increasing stack size by one page.
src/sim/mem_state.cc:443: info: Increasing stack size by one page.
src/sim/mem_state.cc:443: info: Increasing stack size by one page.
src/sim/mem_state.cc:443: info: Increasing stack size by one page.
src/sim/mem_state.cc:443: info: Increasing stack size by one page.
src/sim/mem_state.cc:443: info: Increasing stack size by one page.
----spmv----
N_ROWS          : 8192 
N_COLS          : 65536 
NNZ             : 524155 
Execution time: 6.890919 (ms) 
----quick sort----
Array SIZE      : 131072 
random_elem:0, /home/fdemirel/HPC_Lab_Proj/benchmarks/quick/quick-m5.x
Execution time: 8.734951 (ms) 
Global frequency set at 1000000000000 ticks per second
src/mem/dram_interface.cc:690: warn: DRAM device capacity (16384 Mbytes) does not match the address range assigned (1024 Mbytes)
src/base/statistics.hh:279: warn: One of the stats is a legacy stat. Legacy stat is a stat that does not belong to any statistics::Group. Legacy stat is deprecated.
board.remote_gdb: Listening for connections on port 7001
Global frequency set at 1000000000000 ticks per second
gem5 Simulator System.  https://www.gem5.org
gem5 is copyrighted software; use the --copyright option for details.

gem5 version 25.0.0.1
gem5 compiled May  5 2026 12:55:05
gem5 started Jun 18 2026 00:32:32
gem5 executing on cn27.guoehi.cluster, pid 188575
command line: /home/fdemirel/HPC_Lab_Proj/imp/../../gem5/build/ALL/gem5.opt -s --outdir=results_imp_multisim --stdout-file=matmult_imp_dist32_l1d_ddr4_1x_simout.txt --stderr-file=matmult_imp_dist32_l1d_ddr4_1x_simerr.txt --stats-file=stats.txt -c 'from multiprocessing.spawn import spawn_main; spawn_main(tracker_fd=7, pipe_handle=13)' --multiprocessing-fork

src/sim/mem_state.cc:443: info: Increasing stack size by one page.
src/sim/syscall_emul.hh:1121: warn: readlink() called on '/proc/self/exe' may yield unexpected results in various settings.
      Returning '/home/fdemirel/HPC_Lab_Proj/benchmarks/matmult/matmult-m5.x'
src/arch/arm/insts/pseudo.cc:174: warn: 	instruction 'bti' unimplemented
src/mem/dram_interface.cc:690: warn: DRAM device capacity (16384 Mbytes) does not match the address range assigned (512 Mbytes)
src/mem/dram_interface.cc:690: warn: DRAM device capacity (16384 Mbytes) does not match the address range assigned (512 Mbytes)
src/base/statistics.hh:279: warn: One of the stats is a legacy stat. Legacy stat is a stat that does not belong to any statistics::Group. Legacy stat is deprecated.
board.remote_gdb: Listening for connections on port 7003
gem5 Simulator System.  https://www.gem5.org
gem5 is copyrighted software; use the --copyright option for details.

gem5 version 25.0.0.1
gem5 compiled May  5 2026 12:55:05
gem5 started Jun 18 2026 00:32:34
gem5 executing on cn27.guoehi.cluster, pid 188576
command line: /home/fdemirel/HPC_Lab_Proj/imp/../../gem5/build/ALL/gem5.opt -s --outdir=results_imp_multisim --stdout-file=simple_triad_imp_dist4_l1d_ddr4_2x_simout.txt --stderr-file=simple_triad_imp_dist4_l1d_ddr4_2x_simerr.txt --stats-file=stats.txt -c 'from multiprocessing.spawn import spawn_main; spawn_main(tracker_fd=7, pipe_handle=13)' --multiprocessing-fork

src/sim/mem_state.cc:443: info: Increasing stack size by one page.
src/sim/syscall_emul.hh:1121: warn: readlink() called on '/proc/self/exe' may yield unexpected results in various settings.
      Returning '/home/fdemirel/HPC_Lab_Proj/benchmarks/simple_triad/simple_triad-m5.x'

----MATRIX MULTIPLICATION----

----Computation starts----
Loop 0 ... 
argc = 2, A[argc][argc] = 0.500000, B[argc][argc] = 0.500000, C[argc][argc] = 0.500000 
Execution time: 1.234030 (ms) 
Global frequency set at 1000000000000 ticks per second
src/mem/dram_interface.cc:690: warn: DRAM device capacity (16384 Mbytes) does not match the address range assigned (512 Mbytes)
src/mem/dram_interface.cc:690: warn: DRAM device capacity (16384 Mbytes) does not match the address range assigned (512 Mbytes)
src/base/statistics.hh:279: warn: One of the stats is a legacy stat. Legacy stat is a stat that does not belong to any statistics::Group. Legacy stat is deprecated.
board.remote_gdb: Listening for connections on port 7001
gem5 Simulator System.  https://www.gem5.org
gem5 is copyrighted software; use the --copyright option for details.

gem5 version 25.0.0.1
gem5 compiled May  5 2026 12:55:05
gem5 started Jun 18 2026 00:33:45
gem5 executing on cn27.guoehi.cluster, pid 188585
command line: /home/fdemirel/HPC_Lab_Proj/imp/../../gem5/build/ALL/gem5.opt -s --outdir=results_imp_multisim --stdout-file=bfs_imp_pt32_l2_ddr4_2x_simout.txt --stderr-file=bfs_imp_pt32_l2_ddr4_2x_simerr.txt --stats-file=stats.txt -c 'from multiprocessing.spawn import spawn_main; spawn_main(tracker_fd=7, pipe_handle=13)' --multiprocessing-fork

src/sim/mem_state.cc:443: info: Increasing stack size by one page.
src/sim/syscall_emul.hh:1121: warn: readlink() called on '/proc/self/exe' may yield unexpected results in various settings.
      Returning '/home/fdemirel/HPC_Lab_Proj/benchmarks/bfs/bfs-m5.x'
src/arch/arm/insts/pseudo.cc:174: warn: 	instruction 'bti' unimplemented
Beginning BFS ...
Array SIZE      : 1000000 
Array LOOP      : 1 

----triad----
a[0]=7.00e+00. b[0]=2.00e+00. c[0]=1.00e+00.
Execution time: 2.245558 (ms) 
   Rate [MB/s]: 10687.8 
Global frequency set at 1000000000000 ticks per second
src/mem/dram_interface.cc:690: warn: DRAM device capacity (16384 Mbytes) does not match the address range assigned (1024 Mbytes)
src/base/statistics.hh:279: warn: One of the stats is a legacy stat. Legacy stat is a stat that does not belong to any statistics::Group. Legacy stat is deprecated.
board.remote_gdb: Listening for connections on port 7003
gem5 Simulator System.  https://www.gem5.org
gem5 is copyrighted software; use the --copyright option for details.

gem5 version 25.0.0.1
gem5 compiled May  5 2026 12:55:05
gem5 started Jun 18 2026 00:34:22
gem5 executing on cn27.guoehi.cluster, pid 188589
command line: /home/fdemirel/HPC_Lab_Proj/imp/../../gem5/build/ALL/gem5.opt -s --outdir=results_imp_multisim --stdout-file=matmult_imp_thr3_l2_ddr4_1x_simout.txt --stderr-file=matmult_imp_thr3_l2_ddr4_1x_simerr.txt --stats-file=stats.txt -c 'from multiprocessing.spawn import spawn_main; spawn_main(tracker_fd=7, pipe_handle=13)' --multiprocessing-fork

src/sim/mem_state.cc:443: info: Increasing stack size by one page.
src/sim/syscall_emul.hh:1121: warn: readlink() called on '/proc/self/exe' may yield unexpected results in various settings.
      Returning '/home/fdemirel/HPC_Lab_Proj/benchmarks/matmult/matmult-m5.x'
src/arch/arm/insts/pseudo.cc:174: warn: 	instruction 'bti' unimplemented
Finished BFS.
Global frequency set at 1000000000000 ticks per second
src/mem/dram_interface.cc:690: warn: DRAM device capacity (16384 Mbytes) does not match the address range assigned (1024 Mbytes)
src/base/statistics.hh:279: warn: One of the stats is a legacy stat. Legacy stat is a stat that does not belong to any statistics::Group. Legacy stat is deprecated.
board.remote_gdb: Listening for connections on port 7000
gem5 Simulator System.  https://www.gem5.org
gem5 is copyrighted software; use the --copyright option for details.

gem5 version 25.0.0.1
gem5 compiled May  5 2026 12:55:05
gem5 started Jun 18 2026 00:34:56
gem5 executing on cn27.guoehi.cluster, pid 188593
command line: /home/fdemirel/HPC_Lab_Proj/imp/../../gem5/build/ALL/gem5.opt -s --outdir=results_imp_multisim --stdout-file=simple_triad_imp_sthr8_l2_ddr4_1x_simout.txt --stderr-file=simple_triad_imp_sthr8_l2_ddr4_1x_simerr.txt --stats-file=stats.txt -c 'from multiprocessing.spawn import spawn_main; spawn_main(tracker_fd=7, pipe_handle=13)' --multiprocessing-fork

src/sim/mem_state.cc:443: info: Increasing stack size by one page.
src/sim/syscall_emul.hh:1121: warn: readlink() called on '/proc/self/exe' may yield unexpected results in various settings.
      Returning '/home/fdemirel/HPC_Lab_Proj/benchmarks/simple_triad/simple_triad-m5.x'

----MATRIX MULTIPLICATION----

----Computation starts----
Loop 0 ... 
argc = 2, A[argc][argc] = 0.500000, B[argc][argc] = 0.500000, C[argc][argc] = 0.500000 
Execution time: 1.229960 (ms) 
Finished BFS.
Global frequency set at 1000000000000 ticks per second
src/mem/dram_interface.cc:690: warn: DRAM device capacity (16384 Mbytes) does not match the address range assigned (512 Mbytes)
src/mem/dram_interface.cc:690: warn: DRAM device capacity (16384 Mbytes) does not match the address range assigned (512 Mbytes)
src/base/statistics.hh:279: warn: One of the stats is a legacy stat. Legacy stat is a stat that does not belong to any statistics::Group. Legacy stat is deprecated.
board.remote_gdb: Listening for connections on port 7002
Global frequency set at 1000000000000 ticks per second
gem5 Simulator System.  https://www.gem5.org
gem5 is copyrighted software; use the --copyright option for details.

gem5 version 25.0.0.1
gem5 compiled May  5 2026 12:55:05
gem5 started Jun 18 2026 00:35:30
gem5 executing on cn27.guoehi.cluster, pid 188596
command line: /home/fdemirel/HPC_Lab_Proj/imp/../../gem5/build/ALL/gem5.opt -s --outdir=results_imp_multisim --stdout-file=bfs_imp_ipd8_l1d_ddr4_2x_simout.txt --stderr-file=bfs_imp_ipd8_l1d_ddr4_2x_simerr.txt --stats-file=stats.txt -c 'from multiprocessing.spawn import spawn_main; spawn_main(tracker_fd=7, pipe_handle=13)' --multiprocessing-fork

src/sim/mem_state.cc:443: info: Increasing stack size by one page.
src/sim/syscall_emul.hh:1121: warn: readlink() called on '/proc/self/exe' may yield unexpected results in various settings.
      Returning '/home/fdemirel/HPC_Lab_Proj/benchmarks/bfs/bfs-m5.x'
src/arch/arm/insts/pseudo.cc:174: warn: 	instruction 'bti' unimplemented
src/mem/dram_interface.cc:690: warn: DRAM device capacity (16384 Mbytes) does not match the address range assigned (1024 Mbytes)
Beginning BFS ...
src/base/statistics.hh:279: warn: One of the stats is a legacy stat. Legacy stat is a stat that does not belong to any statistics::Group. Legacy stat is deprecated.
board.remote_gdb: Listening for connections on port 7003
gem5 Simulator System.  https://www.gem5.org
gem5 is copyrighted software; use the --copyright option for details.

gem5 version 25.0.0.1
gem5 compiled May  5 2026 12:55:05
gem5 started Jun 18 2026 00:35:31
gem5 executing on cn27.guoehi.cluster, pid 188597
command line: /home/fdemirel/HPC_Lab_Proj/imp/../../gem5/build/ALL/gem5.opt -s --outdir=results_imp_multisim --stdout-file=bfs_imp_addrlen2_l2_ddr4_1x_simout.txt --stderr-file=bfs_imp_addrlen2_l2_ddr4_1x_simerr.txt --stats-file=stats.txt -c 'from multiprocessing.spawn import spawn_main; spawn_main(tracker_fd=7, pipe_handle=13)' --multiprocessing-fork

src/sim/mem_state.cc:443: info: Increasing stack size by one page.
src/sim/syscall_emul.hh:1121: warn: readlink() called on '/proc/self/exe' may yield unexpected results in various settings.
      Returning '/home/fdemirel/HPC_Lab_Proj/benchmarks/bfs/bfs-m5.x'
src/arch/arm/insts/pseudo.cc:174: warn: 	instruction 'bti' unimplemented
Beginning BFS ...
Array SIZE      : 1000000 
Array LOOP      : 1 

----triad----
a[0]=7.00e+00. b[0]=2.00e+00. c[0]=1.00e+00.
Execution time: 2.910413 (ms) 
   Rate [MB/s]: 8246.3 
Global frequency set at 1000000000000 ticks per second
src/mem/dram_interface.cc:690: warn: DRAM device capacity (16384 Mbytes) does not match the address range assigned (512 Mbytes)
src/mem/dram_interface.cc:690: warn: DRAM device capacity (16384 Mbytes) does not match the address range assigned (512 Mbytes)
src/base/statistics.hh:279: warn: One of the stats is a legacy stat. Legacy stat is a stat that does not belong to any statistics::Group. Legacy stat is deprecated.
board.remote_gdb: Listening for connections on port 7000
gem5 Simulator System.  https://www.gem5.org
gem5 is copyrighted software; use the --copyright option for details.

gem5 version 25.0.0.1
gem5 compiled May  5 2026 12:55:05
gem5 started Jun 18 2026 00:36:50
gem5 executing on cn27.guoehi.cluster, pid 188606
command line: /home/fdemirel/HPC_Lab_Proj/imp/../../gem5/build/ALL/gem5.opt -s --outdir=results_imp_multisim --stdout-file=quick_imp_addrlen8_l1d_ddr4_2x_simout.txt --stderr-file=quick_imp_addrlen8_l1d_ddr4_2x_simerr.txt --stats-file=stats.txt -c 'from multiprocessing.spawn import spawn_main; spawn_main(tracker_fd=7, pipe_handle=13)' --multiprocessing-fork

src/sim/mem_state.cc:443: info: Increasing stack size by one page.
src/sim/syscall_emul.hh:1121: warn: readlink() called on '/proc/self/exe' may yield unexpected results in various settings.
      Returning '/home/fdemirel/HPC_Lab_Proj/benchmarks/quick/quick-m5.x'
src/arch/arm/insts/pseudo.cc:174: warn: 	instruction 'bti' unimplemented
Finished BFS.
Global frequency set at 1000000000000 ticks per second
src/mem/dram_interface.cc:690: warn: DRAM device capacity (16384 Mbytes) does not match the address range assigned (512 Mbytes)
src/mem/dram_interface.cc:690: warn: DRAM device capacity (16384 Mbytes) does not match the address range assigned (512 Mbytes)
src/base/statistics.hh:279: warn: One of the stats is a legacy stat. Legacy stat is a stat that does not belong to any statistics::Group. Legacy stat is deprecated.
board.remote_gdb: Listening for connections on port 7001
gem5 Simulator System.  https://www.gem5.org
gem5 is copyrighted software; use the --copyright option for details.

gem5 version 25.0.0.1
gem5 compiled May  5 2026 12:55:05
gem5 started Jun 18 2026 00:39:45
gem5 executing on cn27.guoehi.cluster, pid 188612
command line: /home/fdemirel/HPC_Lab_Proj/imp/../../gem5/build/ALL/gem5.opt -s --outdir=results_imp_multisim --stdout-file=matmult_imp_dist64_l1d_ddr4_2x_simout.txt --stderr-file=matmult_imp_dist64_l1d_ddr4_2x_simerr.txt --stats-file=stats.txt -c 'from multiprocessing.spawn import spawn_main; spawn_main(tracker_fd=7, pipe_handle=13)' --multiprocessing-fork

src/sim/mem_state.cc:443: info: Increasing stack size by one page.
src/sim/syscall_emul.hh:1121: warn: readlink() called on '/proc/self/exe' may yield unexpected results in various settings.
      Returning '/home/fdemirel/HPC_Lab_Proj/benchmarks/matmult/matmult-m5.x'
src/arch/arm/insts/pseudo.cc:174: warn: 	instruction 'bti' unimplemented

----MATRIX MULTIPLICATION----

----Computation starts----
Loop 0 ... 
argc = 2, A[argc][argc] = 0.500000, B[argc][argc] = 0.500000, C[argc][argc] = 0.500000 
Execution time: 1.253482 (ms) 
----quick sort----
Array SIZE      : 131072 
random_elem:0, /home/fdemirel/HPC_Lab_Proj/benchmarks/quick/quick-m5.x
Execution time: 8.734951 (ms) 
Global frequency set at 1000000000000 ticks per second
src/mem/dram_interface.cc:690: warn: DRAM device capacity (16384 Mbytes) does not match the address range assigned (1024 Mbytes)
src/base/statistics.hh:279: warn: One of the stats is a legacy stat. Legacy stat is a stat that does not belong to any statistics::Group. Legacy stat is deprecated.
board.remote_gdb: Listening for connections on port 7000
gem5 Simulator System.  https://www.gem5.org
gem5 is copyrighted software; use the --copyright option for details.

gem5 version 25.0.0.1
gem5 compiled May  5 2026 12:55:05
gem5 started Jun 18 2026 00:40:59
gem5 executing on cn27.guoehi.cluster, pid 188624
command line: /home/fdemirel/HPC_Lab_Proj/imp/../../gem5/build/ALL/gem5.opt -s --outdir=results_imp_multisim --stdout-file=merge_imp_thr3_l2_ddr4_1x_simout.txt --stderr-file=merge_imp_thr3_l2_ddr4_1x_simerr.txt --stats-file=stats.txt -c 'from multiprocessing.spawn import spawn_main; spawn_main(tracker_fd=7, pipe_handle=13)' --multiprocessing-fork

src/sim/mem_state.cc:443: info: Increasing stack size by one page.
src/sim/syscall_emul.hh:1121: warn: readlink() called on '/proc/self/exe' may yield unexpected results in various settings.
      Returning '/home/fdemirel/HPC_Lab_Proj/benchmarks/merge/merge-m5.x'
src/arch/arm/insts/pseudo.cc:174: warn: 	instruction 'bti' unimplemented
Global frequency set at 1000000000000 ticks per second
src/mem/dram_interface.cc:690: warn: DRAM device capacity (16384 Mbytes) does not match the address range assigned (1024 Mbytes)
src/base/statistics.hh:279: warn: One of the stats is a legacy stat. Legacy stat is a stat that does not belong to any statistics::Group. Legacy stat is deprecated.
board.remote_gdb: Listening for connections on port 7001
gem5 Simulator System.  https://www.gem5.org
gem5 is copyrighted software; use the --copyright option for details.

gem5 version 25.0.0.1
gem5 compiled May  5 2026 12:55:05
gem5 started Jun 18 2026 00:41:02
gem5 executing on cn27.guoehi.cluster, pid 188626
command line: /home/fdemirel/HPC_Lab_Proj/imp/../../gem5/build/ALL/gem5.opt -s --outdir=results_imp_multisim --stdout-file=quick_imp_sdist8_l1d_ddr4_1x_simout.txt --stderr-file=quick_imp_sdist8_l1d_ddr4_1x_simerr.txt --stats-file=stats.txt -c 'from multiprocessing.spawn import spawn_main; spawn_main(tracker_fd=7, pipe_handle=13)' --multiprocessing-fork

src/sim/mem_state.cc:443: info: Increasing stack size by one page.
src/sim/syscall_emul.hh:1121: warn: readlink() called on '/proc/self/exe' may yield unexpected results in various settings.
      Returning '/home/fdemirel/HPC_Lab_Proj/benchmarks/quick/quick-m5.x'
src/arch/arm/insts/pseudo.cc:174: warn: 	instruction 'bti' unimplemented
Finished BFS.
Global frequency set at 1000000000000 ticks per second
src/mem/dram_interface.cc:690: warn: DRAM device capacity (16384 Mbytes) does not match the address range assigned (1024 Mbytes)
src/base/statistics.hh:279: warn: One of the stats is a legacy stat. Legacy stat is a stat that does not belong to any statistics::Group. Legacy stat is deprecated.
board.remote_gdb: Listening for connections on port 7003
gem5 Simulator System.  https://www.gem5.org
gem5 is copyrighted software; use the --copyright option for details.

gem5 version 25.0.0.1
gem5 compiled May  5 2026 12:55:05
gem5 started Jun 18 2026 00:41:40
gem5 executing on cn27.guoehi.cluster, pid 188632
command line: /home/fdemirel/HPC_Lab_Proj/imp/../../gem5/build/ALL/gem5.opt -s --outdir=results_imp_multisim --stdout-file=spmv_imp_sthr8_l2_ddr4_1x_simout.txt --stderr-file=spmv_imp_sthr8_l2_ddr4_1x_simerr.txt --stats-file=stats.txt -c 'from multiprocessing.spawn import spawn_main; spawn_main(tracker_fd=7, pipe_handle=13)' --multiprocessing-fork

src/sim/mem_state.cc:443: info: Increasing stack size by one page.
src/sim/syscall_emul.hh:1121: warn: readlink() called on '/proc/self/exe' may yield unexpected results in various settings.
      Returning '/home/fdemirel/HPC_Lab_Proj/benchmarks/spmv/spmv-m5.x'
src/arch/arm/insts/pseudo.cc:174: warn: 	instruction 'bti' unimplemented
src/sim/mem_state.cc:443: info: Increasing stack size by one page.
src/sim/mem_state.cc:443: info: Increasing stack size by one page.
src/sim/mem_state.cc:443: info: Increasing stack size by one page.
src/sim/mem_state.cc:443: info: Increasing stack size by one page.
src/sim/mem_state.cc:443: info: Increasing stack size by one page.
src/sim/mem_state.cc:443: info: Increasing stack size by one page.
src/sim/mem_state.cc:443: info: Increasing stack size by one page.
Finished BFS.
Global frequency set at 1000000000000 ticks per second
src/mem/dram_interface.cc:690: warn: DRAM device capacity (16384 Mbytes) does not match the address range assigned (1024 Mbytes)
src/base/statistics.hh:279: warn: One of the stats is a legacy stat. Legacy stat is a stat that does not belong to any statistics::Group. Legacy stat is deprecated.
board.remote_gdb: Listening for connections on port 7002
gem5 Simulator System.  https://www.gem5.org
gem5 is copyrighted software; use the --copyright option for details.

gem5 version 25.0.0.1
gem5 compiled May  5 2026 12:55:05
gem5 started Jun 18 2026 00:42:22
gem5 executing on cn27.guoehi.cluster, pid 188636
command line: /home/fdemirel/HPC_Lab_Proj/imp/../../gem5/build/ALL/gem5.opt -s --outdir=results_imp_multisim --stdout-file=matmult_imp_pt64_l1d_ddr4_1x_simout.txt --stderr-file=matmult_imp_pt64_l1d_ddr4_1x_simerr.txt --stats-file=stats.txt -c 'from multiprocessing.spawn import spawn_main; spawn_main(tracker_fd=7, pipe_handle=13)' --multiprocessing-fork

src/sim/mem_state.cc:443: info: Increasing stack size by one page.
src/sim/syscall_emul.hh:1121: warn: readlink() called on '/proc/self/exe' may yield unexpected results in various settings.
      Returning '/home/fdemirel/HPC_Lab_Proj/benchmarks/matmult/matmult-m5.x'
src/arch/arm/insts/pseudo.cc:174: warn: 	instruction 'bti' unimplemented

----MATRIX MULTIPLICATION----

----Computation starts----
Loop 0 ... 
argc = 2, A[argc][argc] = 0.500000, B[argc][argc] = 0.500000, C[argc][argc] = 0.500000 
Execution time: 1.234030 (ms) 
----spmv----
N_ROWS          : 8192 
N_COLS          : 65536 
NNZ             : 524155 
Execution time: 6.893663 (ms) 
Global frequency set at 1000000000000 ticks per second
src/mem/dram_interface.cc:690: warn: DRAM device capacity (16384 Mbytes) does not match the address range assigned (1024 Mbytes)
src/base/statistics.hh:279: warn: One of the stats is a legacy stat. Legacy stat is a stat that does not belong to any statistics::Group. Legacy stat is deprecated.
board.remote_gdb: Listening for connections on port 7002
gem5 Simulator System.  https://www.gem5.org
gem5 is copyrighted software; use the --copyright option for details.

gem5 version 25.0.0.1
gem5 compiled May  5 2026 12:55:05
gem5 started Jun 18 2026 00:43:32
gem5 executing on cn27.guoehi.cluster, pid 188641
command line: /home/fdemirel/HPC_Lab_Proj/imp/../../gem5/build/ALL/gem5.opt -s --outdir=results_imp_multisim --stdout-file=quick_imp_sthr8_l2_ddr4_1x_simout.txt --stderr-file=quick_imp_sthr8_l2_ddr4_1x_simerr.txt --stats-file=stats.txt -c 'from multiprocessing.spawn import spawn_main; spawn_main(tracker_fd=7, pipe_handle=13)' --multiprocessing-fork

src/sim/mem_state.cc:443: info: Increasing stack size by one page.
src/sim/syscall_emul.hh:1121: warn: readlink() called on '/proc/self/exe' may yield unexpected results in various settings.
      Returning '/home/fdemirel/HPC_Lab_Proj/benchmarks/quick/quick-m5.x'
src/arch/arm/insts/pseudo.cc:174: warn: 	instruction 'bti' unimplemented
Global frequency set at 1000000000000 ticks per second
src/mem/dram_interface.cc:690: warn: DRAM device capacity (16384 Mbytes) does not match the address range assigned (1024 Mbytes)
src/base/statistics.hh:279: warn: One of the stats is a legacy stat. Legacy stat is a stat that does not belong to any statistics::Group. Legacy stat is deprecated.
board.remote_gdb: Listening for connections on port 7003
gem5 Simulator System.  https://www.gem5.org
gem5 is copyrighted software; use the --copyright option for details.

gem5 version 25.0.0.1
gem5 compiled May  5 2026 12:55:05
gem5 started Jun 18 2026 00:43:43
gem5 executing on cn27.guoehi.cluster, pid 188642
command line: /home/fdemirel/HPC_Lab_Proj/imp/../../gem5/build/ALL/gem5.opt -s --outdir=results_imp_multisim --stdout-file=bfs_imp_thr3_l2_ddr4_1x_simout.txt --stderr-file=bfs_imp_thr3_l2_ddr4_1x_simerr.txt --stats-file=stats.txt -c 'from multiprocessing.spawn import spawn_main; spawn_main(tracker_fd=7, pipe_handle=13)' --multiprocessing-fork

src/sim/mem_state.cc:443: info: Increasing stack size by one page.
src/sim/syscall_emul.hh:1121: warn: readlink() called on '/proc/self/exe' may yield unexpected results in various settings.
      Returning '/home/fdemirel/HPC_Lab_Proj/benchmarks/bfs/bfs-m5.x'
src/arch/arm/insts/pseudo.cc:174: warn: 	instruction 'bti' unimplemented
Beginning BFS ...
----quick sort----
Array SIZE      : 131072 
random_elem:0, /home/fdemirel/HPC_Lab_Proj/benchmarks/quick/quick-m5.x
Execution time: 8.613566 (ms) 
Global frequency set at 1000000000000 ticks per second
src/mem/dram_interface.cc:690: warn: DRAM device capacity (16384 Mbytes) does not match the address range assigned (512 Mbytes)
src/mem/dram_interface.cc:690: warn: DRAM device capacity (16384 Mbytes) does not match the address range assigned (512 Mbytes)
src/base/statistics.hh:279: warn: One of the stats is a legacy stat. Legacy stat is a stat that does not belong to any statistics::Group. Legacy stat is deprecated.
board.remote_gdb: Listening for connections on port 7001
gem5 Simulator System.  https://www.gem5.org
gem5 is copyrighted software; use the --copyright option for details.

gem5 version 25.0.0.1
gem5 compiled May  5 2026 12:55:05
gem5 started Jun 18 2026 00:45:10
gem5 executing on cn27.guoehi.cluster, pid 188651
command line: /home/fdemirel/HPC_Lab_Proj/imp/../../gem5/build/ALL/gem5.opt -s --outdir=results_imp_multisim --stdout-file=matmult_imp_thr4_l2_ddr4_2x_simout.txt --stderr-file=matmult_imp_thr4_l2_ddr4_2x_simerr.txt --stats-file=stats.txt -c 'from multiprocessing.spawn import spawn_main; spawn_main(tracker_fd=7, pipe_handle=13)' --multiprocessing-fork

src/sim/mem_state.cc:443: info: Increasing stack size by one page.
src/sim/syscall_emul.hh:1121: warn: readlink() called on '/proc/self/exe' may yield unexpected results in various settings.
      Returning '/home/fdemirel/HPC_Lab_Proj/benchmarks/matmult/matmult-m5.x'
src/arch/arm/insts/pseudo.cc:174: warn: 	instruction 'bti' unimplemented

----merge----
Execution time: 10.644514 (ms) 
random_elem:0, /home/fdemirel/HPC_Lab_Proj/benchmarks/merge/merge-m5.x

----MATRIX MULTIPLICATION----

----Computation starts----
Loop 0 ... 
argc = 2, A[argc][argc] = 0.500000, B[argc][argc] = 0.500000, C[argc][argc] = 0.500000 
Execution time: 1.222351 (ms) 
Global frequency set at 1000000000000 ticks per second
src/mem/dram_interface.cc:690: warn: DRAM device capacity (16384 Mbytes) does not match the address range assigned (512 Mbytes)
src/mem/dram_interface.cc:690: warn: DRAM device capacity (16384 Mbytes) does not match the address range assigned (512 Mbytes)
src/base/statistics.hh:279: warn: One of the stats is a legacy stat. Legacy stat is a stat that does not belong to any statistics::Group. Legacy stat is deprecated.
board.remote_gdb: Listening for connections on port 7000
gem5 Simulator System.  https://www.gem5.org
gem5 is copyrighted software; use the --copyright option for details.

gem5 version 25.0.0.1
gem5 compiled May  5 2026 12:55:05
gem5 started Jun 18 2026 00:46:02
gem5 executing on cn27.guoehi.cluster, pid 188656
command line: /home/fdemirel/HPC_Lab_Proj/imp/../../gem5/build/ALL/gem5.opt -s --outdir=results_imp_multisim --stdout-file=bfs_imp_dist4_l2_ddr4_2x_simout.txt --stderr-file=bfs_imp_dist4_l2_ddr4_2x_simerr.txt --stats-file=stats.txt -c 'from multiprocessing.spawn import spawn_main; spawn_main(tracker_fd=7, pipe_handle=13)' --multiprocessing-fork

src/sim/mem_state.cc:443: info: Increasing stack size by one page.
src/sim/syscall_emul.hh:1121: warn: readlink() called on '/proc/self/exe' may yield unexpected results in various settings.
      Returning '/home/fdemirel/HPC_Lab_Proj/benchmarks/bfs/bfs-m5.x'
src/arch/arm/insts/pseudo.cc:174: warn: 	instruction 'bti' unimplemented
Beginning BFS ...
Global frequency set at 1000000000000 ticks per second
src/mem/dram_interface.cc:690: warn: DRAM device capacity (16384 Mbytes) does not match the address range assigned (512 Mbytes)
src/mem/dram_interface.cc:690: warn: DRAM device capacity (16384 Mbytes) does not match the address range assigned (512 Mbytes)
src/base/statistics.hh:279: warn: One of the stats is a legacy stat. Legacy stat is a stat that does not belong to any statistics::Group. Legacy stat is deprecated.
board.remote_gdb: Listening for connections on port 7001
gem5 Simulator System.  https://www.gem5.org
gem5 is copyrighted software; use the --copyright option for details.

gem5 version 25.0.0.1
gem5 compiled May  5 2026 12:55:05
gem5 started Jun 18 2026 00:46:17
gem5 executing on cn27.guoehi.cluster, pid 188658
command line: /home/fdemirel/HPC_Lab_Proj/imp/../../gem5/build/ALL/gem5.opt -s --outdir=results_imp_multisim --stdout-file=simple_triad_imp_sdist16_l2_ddr4_2x_simout.txt --stderr-file=simple_triad_imp_sdist16_l2_ddr4_2x_simerr.txt --stats-file=stats.txt -c 'from multiprocessing.spawn import spawn_main; spawn_main(tracker_fd=7, pipe_handle=13)' --multiprocessing-fork

src/sim/mem_state.cc:443: info: Increasing stack size by one page.
src/sim/syscall_emul.hh:1121: warn: readlink() called on '/proc/self/exe' may yield unexpected results in various settings.
      Returning '/home/fdemirel/HPC_Lab_Proj/benchmarks/simple_triad/simple_triad-m5.x'
----quick sort----
Array SIZE      : 131072 
random_elem:0, /home/fdemirel/HPC_Lab_Proj/benchmarks/quick/quick-m5.x
Execution time: 9.041518 (ms) 
Global frequency set at 1000000000000 ticks per second
Array SIZE      : 1000000 
Array LOOP      : 1 

----triad----
a[0]=7.00e+00. b[0]=2.00e+00. c[0]=1.00e+00.
Execution time: 1.899706 (ms) 
   Rate [MB/s]: 12633.5 
src/mem/dram_interface.cc:690: warn: DRAM device capacity (16384 Mbytes) does not match the address range assigned (512 Mbytes)
src/mem/dram_interface.cc:690: warn: DRAM device capacity (16384 Mbytes) does not match the address range assigned (512 Mbytes)
src/base/statistics.hh:279: warn: One of the stats is a legacy stat. Legacy stat is a stat that does not belong to any statistics::Group. Legacy stat is deprecated.
board.remote_gdb: Listening for connections on port 7002
gem5 Simulator System.  https://www.gem5.org
gem5 is copyrighted software; use the --copyright option for details.

gem5 version 25.0.0.1
gem5 compiled May  5 2026 12:55:05
gem5 started Jun 18 2026 00:47:46
gem5 executing on cn27.guoehi.cluster, pid 188665
command line: /home/fdemirel/HPC_Lab_Proj/imp/../../gem5/build/ALL/gem5.opt -s --outdir=results_imp_multisim --stdout-file=quick_imp_dist64_l2_ddr4_2x_simout.txt --stderr-file=quick_imp_dist64_l2_ddr4_2x_simerr.txt --stats-file=stats.txt -c 'from multiprocessing.spawn import spawn_main; spawn_main(tracker_fd=7, pipe_handle=13)' --multiprocessing-fork

src/sim/mem_state.cc:443: info: Increasing stack size by one page.
src/sim/syscall_emul.hh:1121: warn: readlink() called on '/proc/self/exe' may yield unexpected results in various settings.
      Returning '/home/fdemirel/HPC_Lab_Proj/benchmarks/quick/quick-m5.x'
src/arch/arm/insts/pseudo.cc:174: warn: 	instruction 'bti' unimplemented
Global frequency set at 1000000000000 ticks per second
src/mem/dram_interface.cc:690: warn: DRAM device capacity (16384 Mbytes) does not match the address range assigned (512 Mbytes)
src/mem/dram_interface.cc:690: warn: DRAM device capacity (16384 Mbytes) does not match the address range assigned (512 Mbytes)
src/base/statistics.hh:279: warn: One of the stats is a legacy stat. Legacy stat is a stat that does not belong to any statistics::Group. Legacy stat is deprecated.
board.remote_gdb: Listening for connections on port 7001
gem5 Simulator System.  https://www.gem5.org
gem5 is copyrighted software; use the --copyright option for details.

gem5 version 25.0.0.1
gem5 compiled May  5 2026 12:55:05
gem5 started Jun 18 2026 00:48:03
gem5 executing on cn27.guoehi.cluster, pid 188669
command line: /home/fdemirel/HPC_Lab_Proj/imp/../../gem5/build/ALL/gem5.opt -s --outdir=results_imp_multisim --stdout-file=matmult_imp_sdist16_l1d_ddr4_2x_simout.txt --stderr-file=matmult_imp_sdist16_l1d_ddr4_2x_simerr.txt --stats-file=stats.txt -c 'from multiprocessing.spawn import spawn_main; spawn_main(tracker_fd=7, pipe_handle=13)' --multiprocessing-fork

src/sim/mem_state.cc:443: info: Increasing stack size by one page.
src/sim/syscall_emul.hh:1121: warn: readlink() called on '/proc/self/exe' may yield unexpected results in various settings.
      Returning '/home/fdemirel/HPC_Lab_Proj/benchmarks/matmult/matmult-m5.x'
src/arch/arm/insts/pseudo.cc:174: warn: 	instruction 'bti' unimplemented

----MATRIX MULTIPLICATION----

----Computation starts----
Loop 0 ... 
argc = 2, A[argc][argc] = 0.500000, B[argc][argc] = 0.500000, C[argc][argc] = 0.500000 
Execution time: 1.214756 (ms) 
Global frequency set at 1000000000000 ticks per second
src/mem/dram_interface.cc:690: warn: DRAM device capacity (16384 Mbytes) does not match the address range assigned (1024 Mbytes)
src/base/statistics.hh:279: warn: One of the stats is a legacy stat. Legacy stat is a stat that does not belong to any statistics::Group. Legacy stat is deprecated.
board.remote_gdb: Listening for connections on port 7001
gem5 Simulator System.  https://www.gem5.org
gem5 is copyrighted software; use the --copyright option for details.

gem5 version 25.0.0.1
gem5 compiled May  5 2026 12:55:05
gem5 started Jun 18 2026 00:49:19
gem5 executing on cn27.guoehi.cluster, pid 188674
command line: /home/fdemirel/HPC_Lab_Proj/imp/../../gem5/build/ALL/gem5.opt -s --outdir=results_imp_multisim --stdout-file=merge_imp_ipd16_l2_ddr4_1x_simout.txt --stderr-file=merge_imp_ipd16_l2_ddr4_1x_simerr.txt --stats-file=stats.txt -c 'from multiprocessing.spawn import spawn_main; spawn_main(tracker_fd=7, pipe_handle=13)' --multiprocessing-fork

src/sim/mem_state.cc:443: info: Increasing stack size by one page.
src/sim/syscall_emul.hh:1121: warn: readlink() called on '/proc/self/exe' may yield unexpected results in various settings.
      Returning '/home/fdemirel/HPC_Lab_Proj/benchmarks/merge/merge-m5.x'
src/arch/arm/insts/pseudo.cc:174: warn: 	instruction 'bti' unimplemented
Finished BFS.
Global frequency set at 1000000000000 ticks per second
src/mem/dram_interface.cc:690: warn: DRAM device capacity (16384 Mbytes) does not match the address range assigned (1024 Mbytes)
src/base/statistics.hh:279: warn: One of the stats is a legacy stat. Legacy stat is a stat that does not belong to any statistics::Group. Legacy stat is deprecated.
board.remote_gdb: Listening for connections on port 7003
gem5 Simulator System.  https://www.gem5.org
gem5 is copyrighted software; use the --copyright option for details.

gem5 version 25.0.0.1
gem5 compiled May  5 2026 12:55:05
gem5 started Jun 18 2026 00:49:47
gem5 executing on cn27.guoehi.cluster, pid 188679
command line: /home/fdemirel/HPC_Lab_Proj/imp/../../gem5/build/ALL/gem5.opt -s --outdir=results_imp_multisim --stdout-file=simple_triad_imp_sdist2_l1d_ddr4_1x_simout.txt --stderr-file=simple_triad_imp_sdist2_l1d_ddr4_1x_simerr.txt --stats-file=stats.txt -c 'from multiprocessing.spawn import spawn_main; spawn_main(tracker_fd=7, pipe_handle=13)' --multiprocessing-fork

src/sim/mem_state.cc:443: info: Increasing stack size by one page.
src/sim/syscall_emul.hh:1121: warn: readlink() called on '/proc/self/exe' may yield unexpected results in various settings.
      Returning '/home/fdemirel/HPC_Lab_Proj/benchmarks/simple_triad/simple_triad-m5.x'
Array SIZE      : 1000000 
Array LOOP      : 1 

----triad----
a[0]=7.00e+00. b[0]=2.00e+00. c[0]=1.00e+00.
Execution time: 2.783880 (ms) 
   Rate [MB/s]: 8621.1 
----quick sort----
Array SIZE      : 131072 
random_elem:0, /home/fdemirel/HPC_Lab_Proj/benchmarks/quick/quick-m5.x
Execution time: 8.952131 (ms) 
Global frequency set at 1000000000000 ticks per second
src/mem/dram_interface.cc:690: warn: DRAM device capacity (16384 Mbytes) does not match the address range assigned (1024 Mbytes)
src/base/statistics.hh:279: warn: One of the stats is a legacy stat. Legacy stat is a stat that does not belong to any statistics::Group. Legacy stat is deprecated.
board.remote_gdb: Listening for connections on port 7003
gem5 Simulator System.  https://www.gem5.org
gem5 is copyrighted software; use the --copyright option for details.

gem5 version 25.0.0.1
gem5 compiled May  5 2026 12:55:05
gem5 started Jun 18 2026 00:51:42
gem5 executing on cn27.guoehi.cluster, pid 188688
command line: /home/fdemirel/HPC_Lab_Proj/imp/../../gem5/build/ALL/gem5.opt -s --outdir=results_imp_multisim --stdout-file=quick_imp_addrlen16_l1d_ddr4_1x_simout.txt --stderr-file=quick_imp_addrlen16_l1d_ddr4_1x_simerr.txt --stats-file=stats.txt -c 'from multiprocessing.spawn import spawn_main; spawn_main(tracker_fd=7, pipe_handle=13)' --multiprocessing-fork

src/sim/mem_state.cc:443: info: Increasing stack size by one page.
src/sim/syscall_emul.hh:1121: warn: readlink() called on '/proc/self/exe' may yield unexpected results in various settings.
      Returning '/home/fdemirel/HPC_Lab_Proj/benchmarks/quick/quick-m5.x'
src/arch/arm/insts/pseudo.cc:174: warn: 	instruction 'bti' unimplemented
Finished BFS.
Global frequency set at 1000000000000 ticks per second
src/mem/dram_interface.cc:690: warn: DRAM device capacity (16384 Mbytes) does not match the address range assigned (1024 Mbytes)
src/base/statistics.hh:279: warn: One of the stats is a legacy stat. Legacy stat is a stat that does not belong to any statistics::Group. Legacy stat is deprecated.
board.remote_gdb: Listening for connections on port 7000
gem5 Simulator System.  https://www.gem5.org
gem5 is copyrighted software; use the --copyright option for details.

gem5 version 25.0.0.1
gem5 compiled May  5 2026 12:55:05
gem5 started Jun 18 2026 00:51:58
gem5 executing on cn27.guoehi.cluster, pid 188691
command line: /home/fdemirel/HPC_Lab_Proj/imp/../../gem5/build/ALL/gem5.opt -s --outdir=results_imp_multisim --stdout-file=matmult_imp_thr1_l2_ddr4_1x_simout.txt --stderr-file=matmult_imp_thr1_l2_ddr4_1x_simerr.txt --stats-file=stats.txt -c 'from multiprocessing.spawn import spawn_main; spawn_main(tracker_fd=7, pipe_handle=13)' --multiprocessing-fork

src/sim/mem_state.cc:443: info: Increasing stack size by one page.
src/sim/syscall_emul.hh:1121: warn: readlink() called on '/proc/self/exe' may yield unexpected results in various settings.
      Returning '/home/fdemirel/HPC_Lab_Proj/benchmarks/matmult/matmult-m5.x'
src/arch/arm/insts/pseudo.cc:174: warn: 	instruction 'bti' unimplemented
Global frequency set at 1000000000000 ticks per second
src/mem/dram_interface.cc:690: warn: DRAM device capacity (16384 Mbytes) does not match the address range assigned (1024 Mbytes)
src/base/statistics.hh:279: warn: One of the stats is a legacy stat. Legacy stat is a stat that does not belong to any statistics::Group. Legacy stat is deprecated.
board.remote_gdb: Listening for connections on port 7002
gem5 Simulator System.  https://www.gem5.org
gem5 is copyrighted software; use the --copyright option for details.

gem5 version 25.0.0.1
gem5 compiled May  5 2026 12:55:05
gem5 started Jun 18 2026 00:52:00
gem5 executing on cn27.guoehi.cluster, pid 188692
command line: /home/fdemirel/HPC_Lab_Proj/imp/../../gem5/build/ALL/gem5.opt -s --outdir=results_imp_multisim --stdout-file=bfs_imp_pt64_l1d_ddr4_1x_simout.txt --stderr-file=bfs_imp_pt64_l1d_ddr4_1x_simerr.txt --stats-file=stats.txt -c 'from multiprocessing.spawn import spawn_main; spawn_main(tracker_fd=7, pipe_handle=13)' --multiprocessing-fork

src/sim/mem_state.cc:443: info: Increasing stack size by one page.
src/sim/syscall_emul.hh:1121: warn: readlink() called on '/proc/self/exe' may yield unexpected results in various settings.
      Returning '/home/fdemirel/HPC_Lab_Proj/benchmarks/bfs/bfs-m5.x'
src/arch/arm/insts/pseudo.cc:174: warn: 	instruction 'bti' unimplemented
Beginning BFS ...

----MATRIX MULTIPLICATION----

----Computation starts----
Loop 0 ... 
argc = 2, A[argc][argc] = 0.500000, B[argc][argc] = 0.500000, C[argc][argc] = 0.500000 
Execution time: 1.229960 (ms) 
Global frequency set at 1000000000000 ticks per second
src/mem/dram_interface.cc:690: warn: DRAM device capacity (16384 Mbytes) does not match the address range assigned (512 Mbytes)
src/mem/dram_interface.cc:690: warn: DRAM device capacity (16384 Mbytes) does not match the address range assigned (512 Mbytes)
src/base/statistics.hh:279: warn: One of the stats is a legacy stat. Legacy stat is a stat that does not belong to any statistics::Group. Legacy stat is deprecated.
board.remote_gdb: Listening for connections on port 7000
gem5 Simulator System.  https://www.gem5.org
gem5 is copyrighted software; use the --copyright option for details.

gem5 version 25.0.0.1
gem5 compiled May  5 2026 12:55:05
gem5 started Jun 18 2026 00:53:07
gem5 executing on cn27.guoehi.cluster, pid 188699
command line: /home/fdemirel/HPC_Lab_Proj/imp/../../gem5/build/ALL/gem5.opt -s --outdir=results_imp_multisim --stdout-file=simple_triad_imp_pt8_l1d_ddr4_2x_simout.txt --stderr-file=simple_triad_imp_pt8_l1d_ddr4_2x_simerr.txt --stats-file=stats.txt -c 'from multiprocessing.spawn import spawn_main; spawn_main(tracker_fd=7, pipe_handle=13)' --multiprocessing-fork

src/sim/mem_state.cc:443: info: Increasing stack size by one page.
src/sim/syscall_emul.hh:1121: warn: readlink() called on '/proc/self/exe' may yield unexpected results in various settings.
      Returning '/home/fdemirel/HPC_Lab_Proj/benchmarks/simple_triad/simple_triad-m5.x'

----merge----
Execution time: 10.644514 (ms) 
random_elem:0, /home/fdemirel/HPC_Lab_Proj/benchmarks/merge/merge-m5.x
Global frequency set at 1000000000000 ticks per second
src/mem/dram_interface.cc:690: warn: DRAM device capacity (16384 Mbytes) does not match the address range assigned (512 Mbytes)
src/mem/dram_interface.cc:690: warn: DRAM device capacity (16384 Mbytes) does not match the address range assigned (512 Mbytes)
src/base/statistics.hh:279: warn: One of the stats is a legacy stat. Legacy stat is a stat that does not belong to any statistics::Group. Legacy stat is deprecated.
board.remote_gdb: Listening for connections on port 7001
gem5 Simulator System.  https://www.gem5.org
gem5 is copyrighted software; use the --copyright option for details.

gem5 version 25.0.0.1
gem5 compiled May  5 2026 12:55:05
gem5 started Jun 18 2026 00:54:26
gem5 executing on cn27.guoehi.cluster, pid 188704
command line: /home/fdemirel/HPC_Lab_Proj/imp/../../gem5/build/ALL/gem5.opt -s --outdir=results_imp_multisim --stdout-file=merge_imp_sdist16_l1d_ddr4_2x_simout.txt --stderr-file=merge_imp_sdist16_l1d_ddr4_2x_simerr.txt --stats-file=stats.txt -c 'from multiprocessing.spawn import spawn_main; spawn_main(tracker_fd=7, pipe_handle=13)' --multiprocessing-fork

src/sim/mem_state.cc:443: info: Increasing stack size by one page.
src/sim/syscall_emul.hh:1121: warn: readlink() called on '/proc/self/exe' may yield unexpected results in various settings.
      Returning '/home/fdemirel/HPC_Lab_Proj/benchmarks/merge/merge-m5.x'
src/arch/arm/insts/pseudo.cc:174: warn: 	instruction 'bti' unimplemented
Array SIZE      : 1000000 
Array LOOP      : 1 

----triad----
a[0]=7.00e+00. b[0]=2.00e+00. c[0]=1.00e+00.
Execution time: 2.245558 (ms) 
   Rate [MB/s]: 10687.8 
Global frequency set at 1000000000000 ticks per second
src/mem/dram_interface.cc:690: warn: DRAM device capacity (16384 Mbytes) does not match the address range assigned (512 Mbytes)
src/mem/dram_interface.cc:690: warn: DRAM device capacity (16384 Mbytes) does not match the address range assigned (512 Mbytes)
src/base/statistics.hh:279: warn: One of the stats is a legacy stat. Legacy stat is a stat that does not belong to any statistics::Group. Legacy stat is deprecated.
board.remote_gdb: Listening for connections on port 7000
gem5 Simulator System.  https://www.gem5.org
gem5 is copyrighted software; use the --copyright option for details.

gem5 version 25.0.0.1
gem5 compiled May  5 2026 12:55:05
gem5 started Jun 18 2026 00:54:55
gem5 executing on cn27.guoehi.cluster, pid 188707
command line: /home/fdemirel/HPC_Lab_Proj/imp/../../gem5/build/ALL/gem5.opt -s --outdir=results_imp_multisim --stdout-file=spmv_imp_sdist16_l2_ddr4_2x_simout.txt --stderr-file=spmv_imp_sdist16_l2_ddr4_2x_simerr.txt --stats-file=stats.txt -c 'from multiprocessing.spawn import spawn_main; spawn_main(tracker_fd=7, pipe_handle=13)' --multiprocessing-fork

src/sim/mem_state.cc:443: info: Increasing stack size by one page.
src/sim/syscall_emul.hh:1121: warn: readlink() called on '/proc/self/exe' may yield unexpected results in various settings.
      Returning '/home/fdemirel/HPC_Lab_Proj/benchmarks/spmv/spmv-m5.x'
src/arch/arm/insts/pseudo.cc:174: warn: 	instruction 'bti' unimplemented
src/sim/mem_state.cc:443: info: Increasing stack size by one page.
src/sim/mem_state.cc:443: info: Increasing stack size by one page.
src/sim/mem_state.cc:443: info: Increasing stack size by one page.
src/sim/mem_state.cc:443: info: Increasing stack size by one page.
src/sim/mem_state.cc:443: info: Increasing stack size by one page.
src/sim/mem_state.cc:443: info: Increasing stack size by one page.
src/sim/mem_state.cc:443: info: Increasing stack size by one page.
----quick sort----
Array SIZE      : 131072 
random_elem:0, /home/fdemirel/HPC_Lab_Proj/benchmarks/quick/quick-m5.x
Execution time: 8.782714 (ms) 
Global frequency set at 1000000000000 ticks per second
src/mem/dram_interface.cc:690: warn: DRAM device capacity (16384 Mbytes) does not match the address range assigned (1024 Mbytes)
src/base/statistics.hh:279: warn: One of the stats is a legacy stat. Legacy stat is a stat that does not belong to any statistics::Group. Legacy stat is deprecated.
board.remote_gdb: Listening for connections on port 7003
gem5 Simulator System.  https://www.gem5.org
gem5 is copyrighted software; use the --copyright option for details.

gem5 version 25.0.0.1
gem5 compiled May  5 2026 12:55:05
gem5 started Jun 18 2026 00:55:50
gem5 executing on cn27.guoehi.cluster, pid 188711
command line: /home/fdemirel/HPC_Lab_Proj/imp/../../gem5/build/ALL/gem5.opt -s --outdir=results_imp_multisim --stdout-file=spmv_imp_sdist2_l1d_ddr4_1x_simout.txt --stderr-file=spmv_imp_sdist2_l1d_ddr4_1x_simerr.txt --stats-file=stats.txt -c 'from multiprocessing.spawn import spawn_main; spawn_main(tracker_fd=7, pipe_handle=13)' --multiprocessing-fork

src/sim/mem_state.cc:443: info: Increasing stack size by one page.
src/sim/syscall_emul.hh:1121: warn: readlink() called on '/proc/self/exe' may yield unexpected results in various settings.
      Returning '/home/fdemirel/HPC_Lab_Proj/benchmarks/spmv/spmv-m5.x'
src/arch/arm/insts/pseudo.cc:174: warn: 	instruction 'bti' unimplemented
src/sim/mem_state.cc:443: info: Increasing stack size by one page.
src/sim/mem_state.cc:443: info: Increasing stack size by one page.
src/sim/mem_state.cc:443: info: Increasing stack size by one page.
src/sim/mem_state.cc:443: info: Increasing stack size by one page.
src/sim/mem_state.cc:443: info: Increasing stack size by one page.
src/sim/mem_state.cc:443: info: Increasing stack size by one page.
src/sim/mem_state.cc:443: info: Increasing stack size by one page.
----spmv----
N_ROWS          : 8192 
N_COLS          : 65536 
NNZ             : 524155 
Execution time: 5.571913 (ms) 
Global frequency set at 1000000000000 ticks per second
src/mem/dram_interface.cc:690: warn: DRAM device capacity (16384 Mbytes) does not match the address range assigned (1024 Mbytes)
src/base/statistics.hh:279: warn: One of the stats is a legacy stat. Legacy stat is a stat that does not belong to any statistics::Group. Legacy stat is deprecated.
board.remote_gdb: Listening for connections on port 7000
gem5 Simulator System.  https://www.gem5.org
gem5 is copyrighted software; use the --copyright option for details.

gem5 version 25.0.0.1
gem5 compiled May  5 2026 12:55:05
gem5 started Jun 18 2026 00:56:54
gem5 executing on cn27.guoehi.cluster, pid 188717
command line: /home/fdemirel/HPC_Lab_Proj/imp/../../gem5/build/ALL/gem5.opt -s --outdir=results_imp_multisim --stdout-file=bfs_imp_ipd16_l2_ddr4_1x_simout.txt --stderr-file=bfs_imp_ipd16_l2_ddr4_1x_simerr.txt --stats-file=stats.txt -c 'from multiprocessing.spawn import spawn_main; spawn_main(tracker_fd=7, pipe_handle=13)' --multiprocessing-fork

src/sim/mem_state.cc:443: info: Increasing stack size by one page.
src/sim/syscall_emul.hh:1121: warn: readlink() called on '/proc/self/exe' may yield unexpected results in various settings.
      Returning '/home/fdemirel/HPC_Lab_Proj/benchmarks/bfs/bfs-m5.x'
src/arch/arm/insts/pseudo.cc:174: warn: 	instruction 'bti' unimplemented
Beginning BFS ...
----spmv----
N_ROWS          : 8192 
N_COLS          : 65536 
NNZ             : 524155 
Execution time: 7.532349 (ms) 
Global frequency set at 1000000000000 ticks per second
src/mem/dram_interface.cc:690: warn: DRAM device capacity (16384 Mbytes) does not match the address range assigned (512 Mbytes)
src/mem/dram_interface.cc:690: warn: DRAM device capacity (16384 Mbytes) does not match the address range assigned (512 Mbytes)
src/base/statistics.hh:279: warn: One of the stats is a legacy stat. Legacy stat is a stat that does not belong to any statistics::Group. Legacy stat is deprecated.
board.remote_gdb: Listening for connections on port 7003
gem5 Simulator System.  https://www.gem5.org
gem5 is copyrighted software; use the --copyright option for details.

gem5 version 25.0.0.1
gem5 compiled May  5 2026 12:55:05
gem5 started Jun 18 2026 00:58:13
gem5 executing on cn27.guoehi.cluster, pid 188721
command line: /home/fdemirel/HPC_Lab_Proj/imp/../../gem5/build/ALL/gem5.opt -s --outdir=results_imp_multisim --stdout-file=bfs_imp_thr4_l2_ddr4_2x_simout.txt --stderr-file=bfs_imp_thr4_l2_ddr4_2x_simerr.txt --stats-file=stats.txt -c 'from multiprocessing.spawn import spawn_main; spawn_main(tracker_fd=7, pipe_handle=13)' --multiprocessing-fork

src/sim/mem_state.cc:443: info: Increasing stack size by one page.
src/sim/syscall_emul.hh:1121: warn: readlink() called on '/proc/self/exe' may yield unexpected results in various settings.
      Returning '/home/fdemirel/HPC_Lab_Proj/benchmarks/bfs/bfs-m5.x'
src/arch/arm/insts/pseudo.cc:174: warn: 	instruction 'bti' unimplemented
Beginning BFS ...
Finished BFS.
Global frequency set at 1000000000000 ticks per second
src/mem/dram_interface.cc:690: warn: DRAM device capacity (16384 Mbytes) does not match the address range assigned (1024 Mbytes)
src/base/statistics.hh:279: warn: One of the stats is a legacy stat. Legacy stat is a stat that does not belong to any statistics::Group. Legacy stat is deprecated.
board.remote_gdb: Listening for connections on port 7002
gem5 Simulator System.  https://www.gem5.org
gem5 is copyrighted software; use the --copyright option for details.

gem5 version 25.0.0.1
gem5 compiled May  5 2026 12:55:05
gem5 started Jun 18 2026 00:58:56
gem5 executing on cn27.guoehi.cluster, pid 188725
command line: /home/fdemirel/HPC_Lab_Proj/imp/../../gem5/build/ALL/gem5.opt -s --outdir=results_imp_multisim --stdout-file=merge_imp_thr1_l2_ddr4_1x_simout.txt --stderr-file=merge_imp_thr1_l2_ddr4_1x_simerr.txt --stats-file=stats.txt -c 'from multiprocessing.spawn import spawn_main; spawn_main(tracker_fd=7, pipe_handle=13)' --multiprocessing-fork

src/sim/mem_state.cc:443: info: Increasing stack size by one page.
src/sim/syscall_emul.hh:1121: warn: readlink() called on '/proc/self/exe' may yield unexpected results in various settings.
      Returning '/home/fdemirel/HPC_Lab_Proj/benchmarks/merge/merge-m5.x'
src/arch/arm/insts/pseudo.cc:174: warn: 	instruction 'bti' unimplemented

----merge----
Execution time: 9.983929 (ms) 
random_elem:0, /home/fdemirel/HPC_Lab_Proj/benchmarks/merge/merge-m5.x
Global frequency set at 1000000000000 ticks per second
src/mem/dram_interface.cc:690: warn: DRAM device capacity (16384 Mbytes) does not match the address range assigned (1024 Mbytes)
src/base/statistics.hh:279: warn: One of the stats is a legacy stat. Legacy stat is a stat that does not belong to any statistics::Group. Legacy stat is deprecated.
board.remote_gdb: Listening for connections on port 7001
gem5 Simulator System.  https://www.gem5.org
gem5 is copyrighted software; use the --copyright option for details.

gem5 version 25.0.0.1
gem5 compiled May  5 2026 12:55:05
gem5 started Jun 18 2026 00:59:34
gem5 executing on cn27.guoehi.cluster, pid 188730
command line: /home/fdemirel/HPC_Lab_Proj/imp/../../gem5/build/ALL/gem5.opt -s --outdir=results_imp_multisim --stdout-file=quick_imp_sdist2_l1d_ddr4_1x_simout.txt --stderr-file=quick_imp_sdist2_l1d_ddr4_1x_simerr.txt --stats-file=stats.txt -c 'from multiprocessing.spawn import spawn_main; spawn_main(tracker_fd=7, pipe_handle=13)' --multiprocessing-fork

src/sim/mem_state.cc:443: info: Increasing stack size by one page.
src/sim/syscall_emul.hh:1121: warn: readlink() called on '/proc/self/exe' may yield unexpected results in various settings.
      Returning '/home/fdemirel/HPC_Lab_Proj/benchmarks/quick/quick-m5.x'
src/arch/arm/insts/pseudo.cc:174: warn: 	instruction 'bti' unimplemented
Finished BFS.
Global frequency set at 1000000000000 ticks per second
src/mem/dram_interface.cc:690: warn: DRAM device capacity (16384 Mbytes) does not match the address range assigned (512 Mbytes)
src/mem/dram_interface.cc:690: warn: DRAM device capacity (16384 Mbytes) does not match the address range assigned (512 Mbytes)
src/base/statistics.hh:279: warn: One of the stats is a legacy stat. Legacy stat is a stat that does not belong to any statistics::Group. Legacy stat is deprecated.
board.remote_gdb: Listening for connections on port 7000
gem5 Simulator System.  https://www.gem5.org
gem5 is copyrighted software; use the --copyright option for details.

gem5 version 25.0.0.1
gem5 compiled May  5 2026 12:55:05
gem5 started Jun 18 2026 01:02:58
gem5 executing on cn27.guoehi.cluster, pid 188746
command line: /home/fdemirel/HPC_Lab_Proj/imp/../../gem5/build/ALL/gem5.opt -s --outdir=results_imp_multisim --stdout-file=spmv_imp_pt8_l1d_ddr4_2x_simout.txt --stderr-file=spmv_imp_pt8_l1d_ddr4_2x_simerr.txt --stats-file=stats.txt -c 'from multiprocessing.spawn import spawn_main; spawn_main(tracker_fd=7, pipe_handle=13)' --multiprocessing-fork

src/sim/mem_state.cc:443: info: Increasing stack size by one page.
src/sim/syscall_emul.hh:1121: warn: readlink() called on '/proc/self/exe' may yield unexpected results in various settings.
      Returning '/home/fdemirel/HPC_Lab_Proj/benchmarks/spmv/spmv-m5.x'
src/arch/arm/insts/pseudo.cc:174: warn: 	instruction 'bti' unimplemented
src/sim/mem_state.cc:443: info: Increasing stack size by one page.
src/sim/mem_state.cc:443: info: Increasing stack size by one page.
src/sim/mem_state.cc:443: info: Increasing stack size by one page.
src/sim/mem_state.cc:443: info: Increasing stack size by one page.
src/sim/mem_state.cc:443: info: Increasing stack size by one page.
src/sim/mem_state.cc:443: info: Increasing stack size by one page.
src/sim/mem_state.cc:443: info: Increasing stack size by one page.
----quick sort----
Array SIZE      : 131072 
random_elem:0, /home/fdemirel/HPC_Lab_Proj/benchmarks/quick/quick-m5.x
Execution time: 9.035700 (ms) 
Global frequency set at 1000000000000 ticks per second
src/mem/dram_interface.cc:690: warn: DRAM device capacity (16384 Mbytes) does not match the address range assigned (1024 Mbytes)

----merge----
Execution time: 10.644514 (ms) 
random_elem:0, /home/fdemirel/HPC_Lab_Proj/benchmarks/merge/merge-m5.x
src/base/statistics.hh:279: warn: One of the stats is a legacy stat. Legacy stat is a stat that does not belong to any statistics::Group. Legacy stat is deprecated.
board.remote_gdb: Listening for connections on port 7001
gem5 Simulator System.  https://www.gem5.org
gem5 is copyrighted software; use the --copyright option for details.

gem5 version 25.0.0.1
gem5 compiled May  5 2026 12:55:05
gem5 started Jun 18 2026 01:03:44
gem5 executing on cn27.guoehi.cluster, pid 188751
command line: /home/fdemirel/HPC_Lab_Proj/imp/../../gem5/build/ALL/gem5.opt -s --outdir=results_imp_multisim --stdout-file=spmv_imp_sthr2_l2_ddr4_1x_simout.txt --stderr-file=spmv_imp_sthr2_l2_ddr4_1x_simerr.txt --stats-file=stats.txt -c 'from multiprocessing.spawn import spawn_main; spawn_main(tracker_fd=7, pipe_handle=13)' --multiprocessing-fork

src/sim/mem_state.cc:443: info: Increasing stack size by one page.
src/sim/syscall_emul.hh:1121: warn: readlink() called on '/proc/self/exe' may yield unexpected results in various settings.
      Returning '/home/fdemirel/HPC_Lab_Proj/benchmarks/spmv/spmv-m5.x'
src/arch/arm/insts/pseudo.cc:174: warn: 	instruction 'bti' unimplemented
src/sim/mem_state.cc:443: info: Increasing stack size by one page.
src/sim/mem_state.cc:443: info: Increasing stack size by one page.
src/sim/mem_state.cc:443: info: Increasing stack size by one page.
src/sim/mem_state.cc:443: info: Increasing stack size by one page.
src/sim/mem_state.cc:443: info: Increasing stack size by one page.
src/sim/mem_state.cc:443: info: Increasing stack size by one page.
src/sim/mem_state.cc:443: info: Increasing stack size by one page.
Finished BFS.
Global frequency set at 1000000000000 ticks per second
src/mem/dram_interface.cc:690: warn: DRAM device capacity (16384 Mbytes) does not match the address range assigned (1024 Mbytes)
src/base/statistics.hh:279: warn: One of the stats is a legacy stat. Legacy stat is a stat that does not belong to any statistics::Group. Legacy stat is deprecated.
board.remote_gdb: Listening for connections on port 7002
gem5 Simulator System.  https://www.gem5.org
gem5 is copyrighted software; use the --copyright option for details.

gem5 version 25.0.0.1
gem5 compiled May  5 2026 12:55:05
gem5 started Jun 18 2026 01:04:02
gem5 executing on cn27.guoehi.cluster, pid 188755
command line: /home/fdemirel/HPC_Lab_Proj/imp/../../gem5/build/ALL/gem5.opt -s --outdir=results_imp_multisim --stdout-file=bfs_imp_dist8_l1d_ddr4_1x_simout.txt --stderr-file=bfs_imp_dist8_l1d_ddr4_1x_simerr.txt --stats-file=stats.txt -c 'from multiprocessing.spawn import spawn_main; spawn_main(tracker_fd=7, pipe_handle=13)' --multiprocessing-fork

src/sim/mem_state.cc:443: info: Increasing stack size by one page.
src/sim/syscall_emul.hh:1121: warn: readlink() called on '/proc/self/exe' may yield unexpected results in various settings.
      Returning '/home/fdemirel/HPC_Lab_Proj/benchmarks/bfs/bfs-m5.x'
src/arch/arm/insts/pseudo.cc:174: warn: 	instruction 'bti' unimplemented
Beginning BFS ...
Global frequency set at 1000000000000 ticks per second
src/mem/dram_interface.cc:690: warn: DRAM device capacity (16384 Mbytes) does not match the address range assigned (512 Mbytes)
src/mem/dram_interface.cc:690: warn: DRAM device capacity (16384 Mbytes) does not match the address range assigned (512 Mbytes)
src/base/statistics.hh:279: warn: One of the stats is a legacy stat. Legacy stat is a stat that does not belong to any statistics::Group. Legacy stat is deprecated.
board.remote_gdb: Listening for connections on port 7003
gem5 Simulator System.  https://www.gem5.org
gem5 is copyrighted software; use the --copyright option for details.

gem5 version 25.0.0.1
gem5 compiled May  5 2026 12:55:05
gem5 started Jun 18 2026 01:04:12
gem5 executing on cn27.guoehi.cluster, pid 188756
command line: /home/fdemirel/HPC_Lab_Proj/imp/../../gem5/build/ALL/gem5.opt -s --outdir=results_imp_multisim --stdout-file=matmult_imp_ipd2_l1d_ddr4_2x_simout.txt --stderr-file=matmult_imp_ipd2_l1d_ddr4_2x_simerr.txt --stats-file=stats.txt -c 'from multiprocessing.spawn import spawn_main; spawn_main(tracker_fd=7, pipe_handle=13)' --multiprocessing-fork

src/sim/mem_state.cc:443: info: Increasing stack size by one page.
src/sim/syscall_emul.hh:1121: warn: readlink() called on '/proc/self/exe' may yield unexpected results in various settings.
      Returning '/home/fdemirel/HPC_Lab_Proj/benchmarks/matmult/matmult-m5.x'
src/arch/arm/insts/pseudo.cc:174: warn: 	instruction 'bti' unimplemented
----spmv----
N_ROWS          : 8192 
N_COLS          : 65536 
NNZ             : 524155 
Execution time: 6.310355 (ms) 

----MATRIX MULTIPLICATION----

----Computation starts----
Loop 0 ... 
argc = 2, A[argc][argc] = 0.500000, B[argc][argc] = 0.500000, C[argc][argc] = 0.500000 
Execution time: 1.253482 (ms) 
Global frequency set at 1000000000000 ticks per second
src/mem/dram_interface.cc:690: warn: DRAM device capacity (16384 Mbytes) does not match the address range assigned (1024 Mbytes)
src/base/statistics.hh:279: warn: One of the stats is a legacy stat. Legacy stat is a stat that does not belong to any statistics::Group. Legacy stat is deprecated.
board.remote_gdb: Listening for connections on port 7000
Global frequency set at 1000000000000 ticks per second
gem5 Simulator System.  https://www.gem5.org
gem5 is copyrighted software; use the --copyright option for details.

gem5 version 25.0.0.1
gem5 compiled May  5 2026 12:55:05
gem5 started Jun 18 2026 01:05:23
gem5 executing on cn27.guoehi.cluster, pid 188762
command line: /home/fdemirel/HPC_Lab_Proj/imp/../../gem5/build/ALL/gem5.opt -s --outdir=results_imp_multisim --stdout-file=simple_triad_imp_addrlen8_l1d_ddr4_1x_simout.txt --stderr-file=simple_triad_imp_addrlen8_l1d_ddr4_1x_simerr.txt --stats-file=stats.txt -c 'from multiprocessing.spawn import spawn_main; spawn_main(tracker_fd=7, pipe_handle=13)' --multiprocessing-fork

src/sim/mem_state.cc:443: info: Increasing stack size by one page.
src/sim/syscall_emul.hh:1121: warn: readlink() called on '/proc/self/exe' may yield unexpected results in various settings.
      Returning '/home/fdemirel/HPC_Lab_Proj/benchmarks/simple_triad/simple_triad-m5.x'
src/mem/dram_interface.cc:690: warn: DRAM device capacity (16384 Mbytes) does not match the address range assigned (1024 Mbytes)
src/base/statistics.hh:279: warn: One of the stats is a legacy stat. Legacy stat is a stat that does not belong to any statistics::Group. Legacy stat is deprecated.
board.remote_gdb: Listening for connections on port 7003
gem5 Simulator System.  https://www.gem5.org
gem5 is copyrighted software; use the --copyright option for details.

gem5 version 25.0.0.1
gem5 compiled May  5 2026 12:55:05
gem5 started Jun 18 2026 01:05:24
gem5 executing on cn27.guoehi.cluster, pid 188763
command line: /home/fdemirel/HPC_Lab_Proj/imp/../../gem5/build/ALL/gem5.opt -s --outdir=results_imp_multisim --stdout-file=matmult_imp_ipd8_l2_ddr4_1x_simout.txt --stderr-file=matmult_imp_ipd8_l2_ddr4_1x_simerr.txt --stats-file=stats.txt -c 'from multiprocessing.spawn import spawn_main; spawn_main(tracker_fd=7, pipe_handle=13)' --multiprocessing-fork

src/sim/mem_state.cc:443: info: Increasing stack size by one page.
src/sim/syscall_emul.hh:1121: warn: readlink() called on '/proc/self/exe' may yield unexpected results in various settings.
      Returning '/home/fdemirel/HPC_Lab_Proj/benchmarks/matmult/matmult-m5.x'
src/arch/arm/insts/pseudo.cc:174: warn: 	instruction 'bti' unimplemented
----spmv----
N_ROWS          : 8192 
N_COLS          : 65536 
NNZ             : 524155 
Execution time: 6.891191 (ms) 
Global frequency set at 1000000000000 ticks per second
src/mem/dram_interface.cc:690: warn: DRAM device capacity (16384 Mbytes) does not match the address range assigned (512 Mbytes)
src/mem/dram_interface.cc:690: warn: DRAM device capacity (16384 Mbytes) does not match the address range assigned (512 Mbytes)
src/base/statistics.hh:279: warn: One of the stats is a legacy stat. Legacy stat is a stat that does not belong to any statistics::Group. Legacy stat is deprecated.
board.remote_gdb: Listening for connections on port 7001
gem5 Simulator System.  https://www.gem5.org
gem5 is copyrighted software; use the --copyright option for details.

gem5 version 25.0.0.1
gem5 compiled May  5 2026 12:55:05
gem5 started Jun 18 2026 01:05:44
gem5 executing on cn27.guoehi.cluster, pid 188770
command line: /home/fdemirel/HPC_Lab_Proj/imp/../../gem5/build/ALL/gem5.opt -s --outdir=results_imp_multisim --stdout-file=simple_triad_imp_addrlen2_l1d_ddr4_2x_simout.txt --stderr-file=simple_triad_imp_addrlen2_l1d_ddr4_2x_simerr.txt --stats-file=stats.txt -c 'from multiprocessing.spawn import spawn_main; spawn_main(tracker_fd=7, pipe_handle=13)' --multiprocessing-fork

src/sim/mem_state.cc:443: info: Increasing stack size by one page.
src/sim/syscall_emul.hh:1121: warn: readlink() called on '/proc/self/exe' may yield unexpected results in various settings.
      Returning '/home/fdemirel/HPC_Lab_Proj/benchmarks/simple_triad/simple_triad-m5.x'

----MATRIX MULTIPLICATION----

----Computation starts----
Loop 0 ... 
argc = 2, A[argc][argc] = 0.500000, B[argc][argc] = 0.500000, C[argc][argc] = 0.500000 
Execution time: 1.229960 (ms) 
Global frequency set at 1000000000000 ticks per second
src/mem/dram_interface.cc:690: warn: DRAM device capacity (16384 Mbytes) does not match the address range assigned (512 Mbytes)
src/mem/dram_interface.cc:690: warn: DRAM device capacity (16384 Mbytes) does not match the address range assigned (512 Mbytes)
src/base/statistics.hh:279: warn: One of the stats is a legacy stat. Legacy stat is a stat that does not belong to any statistics::Group. Legacy stat is deprecated.
board.remote_gdb: Listening for connections on port 7003
gem5 Simulator System.  https://www.gem5.org
gem5 is copyrighted software; use the --copyright option for details.

gem5 version 25.0.0.1
gem5 compiled May  5 2026 12:55:05
gem5 started Jun 18 2026 01:06:33
gem5 executing on cn27.guoehi.cluster, pid 188775
command line: /home/fdemirel/HPC_Lab_Proj/imp/../../gem5/build/ALL/gem5.opt -s --outdir=results_imp_multisim --stdout-file=merge_imp_ipd2_l1d_ddr4_2x_simout.txt --stderr-file=merge_imp_ipd2_l1d_ddr4_2x_simerr.txt --stats-file=stats.txt -c 'from multiprocessing.spawn import spawn_main; spawn_main(tracker_fd=7, pipe_handle=13)' --multiprocessing-fork

src/sim/mem_state.cc:443: info: Increasing stack size by one page.
src/sim/syscall_emul.hh:1121: warn: readlink() called on '/proc/self/exe' may yield unexpected results in various settings.
      Returning '/home/fdemirel/HPC_Lab_Proj/benchmarks/merge/merge-m5.x'
src/arch/arm/insts/pseudo.cc:174: warn: 	instruction 'bti' unimplemented
Array SIZE      : 1000000 
Array LOOP      : 1 

----triad----
a[0]=7.00e+00. b[0]=2.00e+00. c[0]=1.00e+00.
Execution time: 2.776922 (ms) 
   Rate [MB/s]: 8642.7 
Global frequency set at 1000000000000 ticks per second
src/mem/dram_interface.cc:690: warn: DRAM device capacity (16384 Mbytes) does not match the address range assigned (512 Mbytes)
src/mem/dram_interface.cc:690: warn: DRAM device capacity (16384 Mbytes) does not match the address range assigned (512 Mbytes)
src/base/statistics.hh:279: warn: One of the stats is a legacy stat. Legacy stat is a stat that does not belong to any statistics::Group. Legacy stat is deprecated.
board.remote_gdb: Listening for connections on port 7000
gem5 Simulator System.  https://www.gem5.org
gem5 is copyrighted software; use the --copyright option for details.

gem5 version 25.0.0.1
gem5 compiled May  5 2026 12:55:05
gem5 started Jun 18 2026 01:07:17
gem5 executing on cn27.guoehi.cluster, pid 188780
command line: /home/fdemirel/HPC_Lab_Proj/imp/../../gem5/build/ALL/gem5.opt -s --outdir=results_imp_multisim --stdout-file=spmv_imp_ipd2_l2_ddr4_2x_simout.txt --stderr-file=spmv_imp_ipd2_l2_ddr4_2x_simerr.txt --stats-file=stats.txt -c 'from multiprocessing.spawn import spawn_main; spawn_main(tracker_fd=7, pipe_handle=13)' --multiprocessing-fork

src/sim/mem_state.cc:443: info: Increasing stack size by one page.
src/sim/syscall_emul.hh:1121: warn: readlink() called on '/proc/self/exe' may yield unexpected results in various settings.
      Returning '/home/fdemirel/HPC_Lab_Proj/benchmarks/spmv/spmv-m5.x'
src/arch/arm/insts/pseudo.cc:174: warn: 	instruction 'bti' unimplemented
src/sim/mem_state.cc:443: info: Increasing stack size by one page.
src/sim/mem_state.cc:443: info: Increasing stack size by one page.
src/sim/mem_state.cc:443: info: Increasing stack size by one page.
src/sim/mem_state.cc:443: info: Increasing stack size by one page.
src/sim/mem_state.cc:443: info: Increasing stack size by one page.
src/sim/mem_state.cc:443: info: Increasing stack size by one page.
src/sim/mem_state.cc:443: info: Increasing stack size by one page.
Array SIZE      : 1000000 
Array LOOP      : 1 

----triad----
a[0]=7.00e+00. b[0]=2.00e+00. c[0]=1.00e+00.
Execution time: 2.245558 (ms) 
   Rate [MB/s]: 10687.8 
Global frequency set at 1000000000000 ticks per second
src/mem/dram_interface.cc:690: warn: DRAM device capacity (16384 Mbytes) does not match the address range assigned (512 Mbytes)
src/mem/dram_interface.cc:690: warn: DRAM device capacity (16384 Mbytes) does not match the address range assigned (512 Mbytes)
src/base/statistics.hh:279: warn: One of the stats is a legacy stat. Legacy stat is a stat that does not belong to any statistics::Group. Legacy stat is deprecated.
board.remote_gdb: Listening for connections on port 7001
gem5 Simulator System.  https://www.gem5.org
gem5 is copyrighted software; use the --copyright option for details.

gem5 version 25.0.0.1
gem5 compiled May  5 2026 12:55:05
gem5 started Jun 18 2026 01:07:37
gem5 executing on cn27.guoehi.cluster, pid 188783
command line: /home/fdemirel/HPC_Lab_Proj/imp/../../gem5/build/ALL/gem5.opt -s --outdir=results_imp_multisim --stdout-file=matmult_imp_addrlen2_l2_ddr4_2x_simout.txt --stderr-file=matmult_imp_addrlen2_l2_ddr4_2x_simerr.txt --stats-file=stats.txt -c 'from multiprocessing.spawn import spawn_main; spawn_main(tracker_fd=7, pipe_handle=13)' --multiprocessing-fork

src/sim/mem_state.cc:443: info: Increasing stack size by one page.
src/sim/syscall_emul.hh:1121: warn: readlink() called on '/proc/self/exe' may yield unexpected results in various settings.
      Returning '/home/fdemirel/HPC_Lab_Proj/benchmarks/matmult/matmult-m5.x'
src/arch/arm/insts/pseudo.cc:174: warn: 	instruction 'bti' unimplemented

----MATRIX MULTIPLICATION----

----Computation starts----
Loop 0 ... 
argc = 2, A[argc][argc] = 0.500000, B[argc][argc] = 0.500000, C[argc][argc] = 0.500000 
Execution time: 1.222351 (ms) 
Global frequency set at 1000000000000 ticks per second
src/mem/dram_interface.cc:690: warn: DRAM device capacity (16384 Mbytes) does not match the address range assigned (1024 Mbytes)
src/base/statistics.hh:279: warn: One of the stats is a legacy stat. Legacy stat is a stat that does not belong to any statistics::Group. Legacy stat is deprecated.
board.remote_gdb: Listening for connections on port 7001
gem5 Simulator System.  https://www.gem5.org
gem5 is copyrighted software; use the --copyright option for details.

gem5 version 25.0.0.1
gem5 compiled May  5 2026 12:55:05
gem5 started Jun 18 2026 01:08:44
gem5 executing on cn27.guoehi.cluster, pid 188787
command line: /home/fdemirel/HPC_Lab_Proj/imp/../../gem5/build/ALL/gem5.opt -s --outdir=results_imp_multisim --stdout-file=matmult_imp_dist4_l1d_ddr4_1x_simout.txt --stderr-file=matmult_imp_dist4_l1d_ddr4_1x_simerr.txt --stats-file=stats.txt -c 'from multiprocessing.spawn import spawn_main; spawn_main(tracker_fd=7, pipe_handle=13)' --multiprocessing-fork

src/sim/mem_state.cc:443: info: Increasing stack size by one page.
src/sim/syscall_emul.hh:1121: warn: readlink() called on '/proc/self/exe' may yield unexpected results in various settings.
      Returning '/home/fdemirel/HPC_Lab_Proj/benchmarks/matmult/matmult-m5.x'
src/arch/arm/insts/pseudo.cc:174: warn: 	instruction 'bti' unimplemented
----spmv----
N_ROWS          : 8192 
N_COLS          : 65536 
NNZ             : 524155 
Execution time: 6.423470 (ms) 
Global frequency set at 1000000000000 ticks per second
src/mem/dram_interface.cc:690: warn: DRAM device capacity (16384 Mbytes) does not match the address range assigned (1024 Mbytes)
src/base/statistics.hh:279: warn: One of the stats is a legacy stat. Legacy stat is a stat that does not belong to any statistics::Group. Legacy stat is deprecated.
board.remote_gdb: Listening for connections on port 7000
gem5 Simulator System.  https://www.gem5.org
gem5 is copyrighted software; use the --copyright option for details.

gem5 version 25.0.0.1
gem5 compiled May  5 2026 12:55:05
gem5 started Jun 18 2026 01:09:21
gem5 executing on cn27.guoehi.cluster, pid 188791
command line: /home/fdemirel/HPC_Lab_Proj/imp/../../gem5/build/ALL/gem5.opt -s --outdir=results_imp_multisim --stdout-file=simple_triad_imp_thr4_l1d_ddr4_1x_simout.txt --stderr-file=simple_triad_imp_thr4_l1d_ddr4_1x_simerr.txt --stats-file=stats.txt -c 'from multiprocessing.spawn import spawn_main; spawn_main(tracker_fd=7, pipe_handle=13)' --multiprocessing-fork

src/sim/mem_state.cc:443: info: Increasing stack size by one page.
src/sim/syscall_emul.hh:1121: warn: readlink() called on '/proc/self/exe' may yield unexpected results in various settings.
      Returning '/home/fdemirel/HPC_Lab_Proj/benchmarks/simple_triad/simple_triad-m5.x'

----MATRIX MULTIPLICATION----

----Computation starts----
Loop 0 ... 
argc = 2, A[argc][argc] = 0.500000, B[argc][argc] = 0.500000, C[argc][argc] = 0.500000 
Execution time: 1.234030 (ms) 
Global frequency set at 1000000000000 ticks per second
src/mem/dram_interface.cc:690: warn: DRAM device capacity (16384 Mbytes) does not match the address range assigned (512 Mbytes)
src/mem/dram_interface.cc:690: warn: DRAM device capacity (16384 Mbytes) does not match the address range assigned (512 Mbytes)
src/base/statistics.hh:279: warn: One of the stats is a legacy stat. Legacy stat is a stat that does not belong to any statistics::Group. Legacy stat is deprecated.
board.remote_gdb: Listening for connections on port 7001
gem5 Simulator System.  https://www.gem5.org
gem5 is copyrighted software; use the --copyright option for details.

gem5 version 25.0.0.1
gem5 compiled May  5 2026 12:55:05
gem5 started Jun 18 2026 01:09:54
gem5 executing on cn27.guoehi.cluster, pid 188796
command line: /home/fdemirel/HPC_Lab_Proj/imp/../../gem5/build/ALL/gem5.opt -s --outdir=results_imp_multisim --stdout-file=merge_imp_addrlen2_l2_ddr4_2x_simout.txt --stderr-file=merge_imp_addrlen2_l2_ddr4_2x_simerr.txt --stats-file=stats.txt -c 'from multiprocessing.spawn import spawn_main; spawn_main(tracker_fd=7, pipe_handle=13)' --multiprocessing-fork

src/sim/mem_state.cc:443: info: Increasing stack size by one page.
src/sim/syscall_emul.hh:1121: warn: readlink() called on '/proc/self/exe' may yield unexpected results in various settings.
      Returning '/home/fdemirel/HPC_Lab_Proj/benchmarks/merge/merge-m5.x'
src/arch/arm/insts/pseudo.cc:174: warn: 	instruction 'bti' unimplemented
Finished BFS.
Global frequency set at 1000000000000 ticks per second
src/mem/dram_interface.cc:690: warn: DRAM device capacity (16384 Mbytes) does not match the address range assigned (512 Mbytes)
src/mem/dram_interface.cc:690: warn: DRAM device capacity (16384 Mbytes) does not match the address range assigned (512 Mbytes)
src/base/statistics.hh:279: warn: One of the stats is a legacy stat. Legacy stat is a stat that does not belong to any statistics::Group. Legacy stat is deprecated.
board.remote_gdb: Listening for connections on port 7002
gem5 Simulator System.  https://www.gem5.org
gem5 is copyrighted software; use the --copyright option for details.

gem5 version 25.0.0.1
gem5 compiled May  5 2026 12:55:05
gem5 started Jun 18 2026 01:10:51
gem5 executing on cn27.guoehi.cluster, pid 188804
command line: /home/fdemirel/HPC_Lab_Proj/imp/../../gem5/build/ALL/gem5.opt -s --outdir=results_imp_multisim --stdout-file=matmult_imp_default_l2_ddr4_2x_simout.txt --stderr-file=matmult_imp_default_l2_ddr4_2x_simerr.txt --stats-file=stats.txt -c 'from multiprocessing.spawn import spawn_main; spawn_main(tracker_fd=7, pipe_handle=13)' --multiprocessing-fork

src/sim/mem_state.cc:443: info: Increasing stack size by one page.
src/sim/syscall_emul.hh:1121: warn: readlink() called on '/proc/self/exe' may yield unexpected results in various settings.
      Returning '/home/fdemirel/HPC_Lab_Proj/benchmarks/matmult/matmult-m5.x'
src/arch/arm/insts/pseudo.cc:174: warn: 	instruction 'bti' unimplemented
Array SIZE      : 1000000 
Array LOOP      : 1 

----triad----
a[0]=7.00e+00. b[0]=2.00e+00. c[0]=1.00e+00.
Execution time: 2.776922 (ms) 
   Rate [MB/s]: 8642.7 
Global frequency set at 1000000000000 ticks per second
src/mem/dram_interface.cc:690: warn: DRAM device capacity (16384 Mbytes) does not match the address range assigned (512 Mbytes)
src/mem/dram_interface.cc:690: warn: DRAM device capacity (16384 Mbytes) does not match the address range assigned (512 Mbytes)
src/base/statistics.hh:279: warn: One of the stats is a legacy stat. Legacy stat is a stat that does not belong to any statistics::Group. Legacy stat is deprecated.
board.remote_gdb: Listening for connections on port 7000
gem5 Simulator System.  https://www.gem5.org
gem5 is copyrighted software; use the --copyright option for details.

gem5 version 25.0.0.1
gem5 compiled May  5 2026 12:55:05
gem5 started Jun 18 2026 01:11:20
gem5 executing on cn27.guoehi.cluster, pid 188809
command line: /home/fdemirel/HPC_Lab_Proj/imp/../../gem5/build/ALL/gem5.opt -s --outdir=results_imp_multisim --stdout-file=spmv_imp_default_l1d_ddr4_2x_simout.txt --stderr-file=spmv_imp_default_l1d_ddr4_2x_simerr.txt --stats-file=stats.txt -c 'from multiprocessing.spawn import spawn_main; spawn_main(tracker_fd=7, pipe_handle=13)' --multiprocessing-fork

src/sim/mem_state.cc:443: info: Increasing stack size by one page.
src/sim/syscall_emul.hh:1121: warn: readlink() called on '/proc/self/exe' may yield unexpected results in various settings.
      Returning '/home/fdemirel/HPC_Lab_Proj/benchmarks/spmv/spmv-m5.x'
src/arch/arm/insts/pseudo.cc:174: warn: 	instruction 'bti' unimplemented
src/sim/mem_state.cc:443: info: Increasing stack size by one page.
src/sim/mem_state.cc:443: info: Increasing stack size by one page.
src/sim/mem_state.cc:443: info: Increasing stack size by one page.
src/sim/mem_state.cc:443: info: Increasing stack size by one page.
src/sim/mem_state.cc:443: info: Increasing stack size by one page.
src/sim/mem_state.cc:443: info: Increasing stack size by one page.
src/sim/mem_state.cc:443: info: Increasing stack size by one page.

----merge----
Execution time: 10.326216 (ms) 
random_elem:0, /home/fdemirel/HPC_Lab_Proj/benchmarks/merge/merge-m5.x
Global frequency set at 1000000000000 ticks per second

----MATRIX MULTIPLICATION----

----Computation starts----
Loop 0 ... 
argc = 2, A[argc][argc] = 0.500000, B[argc][argc] = 0.500000, C[argc][argc] = 0.500000 
Execution time: 1.222351 (ms) 
src/mem/dram_interface.cc:690: warn: DRAM device capacity (16384 Mbytes) does not match the address range assigned (512 Mbytes)
src/mem/dram_interface.cc:690: warn: DRAM device capacity (16384 Mbytes) does not match the address range assigned (512 Mbytes)
src/base/statistics.hh:279: warn: One of the stats is a legacy stat. Legacy stat is a stat that does not belong to any statistics::Group. Legacy stat is deprecated.
board.remote_gdb: Listening for connections on port 7003
gem5 Simulator System.  https://www.gem5.org
gem5 is copyrighted software; use the --copyright option for details.

gem5 version 25.0.0.1
gem5 compiled May  5 2026 12:55:05
gem5 started Jun 18 2026 01:11:44
gem5 executing on cn27.guoehi.cluster, pid 188812
command line: /home/fdemirel/HPC_Lab_Proj/imp/../../gem5/build/ALL/gem5.opt -s --outdir=results_imp_multisim --stdout-file=matmult_imp_dist32_l1d_ddr4_2x_simout.txt --stderr-file=matmult_imp_dist32_l1d_ddr4_2x_simerr.txt --stats-file=stats.txt -c 'from multiprocessing.spawn import spawn_main; spawn_main(tracker_fd=7, pipe_handle=13)' --multiprocessing-fork

src/sim/mem_state.cc:443: info: Increasing stack size by one page.
src/sim/syscall_emul.hh:1121: warn: readlink() called on '/proc/self/exe' may yield unexpected results in various settings.
      Returning '/home/fdemirel/HPC_Lab_Proj/benchmarks/matmult/matmult-m5.x'
src/arch/arm/insts/pseudo.cc:174: warn: 	instruction 'bti' unimplemented
Global frequency set at 1000000000000 ticks per second
src/mem/dram_interface.cc:690: warn: DRAM device capacity (16384 Mbytes) does not match the address range assigned (512 Mbytes)
src/mem/dram_interface.cc:690: warn: DRAM device capacity (16384 Mbytes) does not match the address range assigned (512 Mbytes)
src/base/statistics.hh:279: warn: One of the stats is a legacy stat. Legacy stat is a stat that does not belong to any statistics::Group. Legacy stat is deprecated.
board.remote_gdb: Listening for connections on port 7002
gem5 Simulator System.  https://www.gem5.org
gem5 is copyrighted software; use the --copyright option for details.

gem5 version 25.0.0.1
gem5 compiled May  5 2026 12:55:05
gem5 started Jun 18 2026 01:12:00
gem5 executing on cn27.guoehi.cluster, pid 188816
command line: /home/fdemirel/HPC_Lab_Proj/imp/../../gem5/build/ALL/gem5.opt -s --outdir=results_imp_multisim --stdout-file=quick_imp_default_l1d_ddr4_2x_simout.txt --stderr-file=quick_imp_default_l1d_ddr4_2x_simerr.txt --stats-file=stats.txt -c 'from multiprocessing.spawn import spawn_main; spawn_main(tracker_fd=7, pipe_handle=13)' --multiprocessing-fork

src/sim/mem_state.cc:443: info: Increasing stack size by one page.
src/sim/syscall_emul.hh:1121: warn: readlink() called on '/proc/self/exe' may yield unexpected results in various settings.
      Returning '/home/fdemirel/HPC_Lab_Proj/benchmarks/quick/quick-m5.x'
src/arch/arm/insts/pseudo.cc:174: warn: 	instruction 'bti' unimplemented

----MATRIX MULTIPLICATION----

----Computation starts----
Loop 0 ... 
argc = 2, A[argc][argc] = 0.500000, B[argc][argc] = 0.500000, C[argc][argc] = 0.500000 
Execution time: 1.253482 (ms) 
Global frequency set at 1000000000000 ticks per second
src/mem/dram_interface.cc:690: warn: DRAM device capacity (16384 Mbytes) does not match the address range assigned (1024 Mbytes)
src/base/statistics.hh:279: warn: One of the stats is a legacy stat. Legacy stat is a stat that does not belong to any statistics::Group. Legacy stat is deprecated.
board.remote_gdb: Listening for connections on port 7003
gem5 Simulator System.  https://www.gem5.org
gem5 is copyrighted software; use the --copyright option for details.

gem5 version 25.0.0.1
gem5 compiled May  5 2026 12:55:05
gem5 started Jun 18 2026 01:12:57
gem5 executing on cn27.guoehi.cluster, pid 188819
command line: /home/fdemirel/HPC_Lab_Proj/imp/../../gem5/build/ALL/gem5.opt -s --outdir=results_imp_multisim --stdout-file=merge_imp_dist64_l2_ddr4_1x_simout.txt --stderr-file=merge_imp_dist64_l2_ddr4_1x_simerr.txt --stats-file=stats.txt -c 'from multiprocessing.spawn import spawn_main; spawn_main(tracker_fd=7, pipe_handle=13)' --multiprocessing-fork

src/sim/mem_state.cc:443: info: Increasing stack size by one page.
src/sim/syscall_emul.hh:1121: warn: readlink() called on '/proc/self/exe' may yield unexpected results in various settings.
      Returning '/home/fdemirel/HPC_Lab_Proj/benchmarks/merge/merge-m5.x'
src/arch/arm/insts/pseudo.cc:174: warn: 	instruction 'bti' unimplemented
----spmv----
N_ROWS          : 8192 
N_COLS          : 65536 
NNZ             : 524155 
Execution time: 6.310355 (ms) 
Global frequency set at 1000000000000 ticks per second
src/mem/dram_interface.cc:690: warn: DRAM device capacity (16384 Mbytes) does not match the address range assigned (1024 Mbytes)
src/base/statistics.hh:279: warn: One of the stats is a legacy stat. Legacy stat is a stat that does not belong to any statistics::Group. Legacy stat is deprecated.
board.remote_gdb: Listening for connections on port 7000
gem5 Simulator System.  https://www.gem5.org
gem5 is copyrighted software; use the --copyright option for details.

gem5 version 25.0.0.1
gem5 compiled May  5 2026 12:55:05
gem5 started Jun 18 2026 01:13:42
gem5 executing on cn27.guoehi.cluster, pid 188824
command line: /home/fdemirel/HPC_Lab_Proj/imp/../../gem5/build/ALL/gem5.opt -s --outdir=results_imp_multisim --stdout-file=spmv_imp_sdist16_l2_ddr4_1x_simout.txt --stderr-file=spmv_imp_sdist16_l2_ddr4_1x_simerr.txt --stats-file=stats.txt -c 'from multiprocessing.spawn import spawn_main; spawn_main(tracker_fd=7, pipe_handle=13)' --multiprocessing-fork

src/sim/mem_state.cc:443: info: Increasing stack size by one page.
src/sim/syscall_emul.hh:1121: warn: readlink() called on '/proc/self/exe' may yield unexpected results in various settings.
      Returning '/home/fdemirel/HPC_Lab_Proj/benchmarks/spmv/spmv-m5.x'
src/arch/arm/insts/pseudo.cc:174: warn: 	instruction 'bti' unimplemented
src/sim/mem_state.cc:443: info: Increasing stack size by one page.
src/sim/mem_state.cc:443: info: Increasing stack size by one page.
src/sim/mem_state.cc:443: info: Increasing stack size by one page.
src/sim/mem_state.cc:443: info: Increasing stack size by one page.
src/sim/mem_state.cc:443: info: Increasing stack size by one page.
src/sim/mem_state.cc:443: info: Increasing stack size by one page.
src/sim/mem_state.cc:443: info: Increasing stack size by one page.

----merge----
Execution time: 10.543216 (ms) 
random_elem:0, /home/fdemirel/HPC_Lab_Proj/benchmarks/merge/merge-m5.x
Global frequency set at 1000000000000 ticks per second
src/mem/dram_interface.cc:690: warn: DRAM device capacity (16384 Mbytes) does not match the address range assigned (1024 Mbytes)
src/base/statistics.hh:279: warn: One of the stats is a legacy stat. Legacy stat is a stat that does not belong to any statistics::Group. Legacy stat is deprecated.
board.remote_gdb: Listening for connections on port 7001
gem5 Simulator System.  https://www.gem5.org
gem5 is copyrighted software; use the --copyright option for details.

gem5 version 25.0.0.1
gem5 compiled May  5 2026 12:55:05
gem5 started Jun 18 2026 01:14:59
gem5 executing on cn27.guoehi.cluster, pid 188831
command line: /home/fdemirel/HPC_Lab_Proj/imp/../../gem5/build/ALL/gem5.opt -s --outdir=results_imp_multisim --stdout-file=bfs_imp_dist4_l1d_ddr4_1x_simout.txt --stderr-file=bfs_imp_dist4_l1d_ddr4_1x_simerr.txt --stats-file=stats.txt -c 'from multiprocessing.spawn import spawn_main; spawn_main(tracker_fd=7, pipe_handle=13)' --multiprocessing-fork

src/sim/mem_state.cc:443: info: Increasing stack size by one page.
src/sim/syscall_emul.hh:1121: warn: readlink() called on '/proc/self/exe' may yield unexpected results in various settings.
      Returning '/home/fdemirel/HPC_Lab_Proj/benchmarks/bfs/bfs-m5.x'
src/arch/arm/insts/pseudo.cc:174: warn: 	instruction 'bti' unimplemented
Beginning BFS ...
----spmv----
N_ROWS          : 8192 
N_COLS          : 65536 
NNZ             : 524155 
Execution time: 6.180685 (ms) 
Global frequency set at 1000000000000 ticks per second
src/mem/dram_interface.cc:690: warn: DRAM device capacity (16384 Mbytes) does not match the address range assigned (512 Mbytes)
src/mem/dram_interface.cc:690: warn: DRAM device capacity (16384 Mbytes) does not match the address range assigned (512 Mbytes)
src/base/statistics.hh:279: warn: One of the stats is a legacy stat. Legacy stat is a stat that does not belong to any statistics::Group. Legacy stat is deprecated.
board.remote_gdb: Listening for connections on port 7000
gem5 Simulator System.  https://www.gem5.org
gem5 is copyrighted software; use the --copyright option for details.

gem5 version 25.0.0.1
gem5 compiled May  5 2026 12:55:05
gem5 started Jun 18 2026 01:15:43
gem5 executing on cn27.guoehi.cluster, pid 188836
command line: /home/fdemirel/HPC_Lab_Proj/imp/../../gem5/build/ALL/gem5.opt -s --outdir=results_imp_multisim --stdout-file=spmv_imp_dist32_l2_ddr4_2x_simout.txt --stderr-file=spmv_imp_dist32_l2_ddr4_2x_simerr.txt --stats-file=stats.txt -c 'from multiprocessing.spawn import spawn_main; spawn_main(tracker_fd=7, pipe_handle=13)' --multiprocessing-fork

src/sim/mem_state.cc:443: info: Increasing stack size by one page.
src/sim/syscall_emul.hh:1121: warn: readlink() called on '/proc/self/exe' may yield unexpected results in various settings.
      Returning '/home/fdemirel/HPC_Lab_Proj/benchmarks/spmv/spmv-m5.x'
src/arch/arm/insts/pseudo.cc:174: warn: 	instruction 'bti' unimplemented
src/sim/mem_state.cc:443: info: Increasing stack size by one page.
src/sim/mem_state.cc:443: info: Increasing stack size by one page.
src/sim/mem_state.cc:443: info: Increasing stack size by one page.
src/sim/mem_state.cc:443: info: Increasing stack size by one page.
src/sim/mem_state.cc:443: info: Increasing stack size by one page.
src/sim/mem_state.cc:443: info: Increasing stack size by one page.
src/sim/mem_state.cc:443: info: Increasing stack size by one page.
----quick sort----
Array SIZE      : 131072 
random_elem:0, /home/fdemirel/HPC_Lab_Proj/benchmarks/quick/quick-m5.x
Execution time: 8.734951 (ms) 
Global frequency set at 1000000000000 ticks per second
src/mem/dram_interface.cc:690: warn: DRAM device capacity (16384 Mbytes) does not match the address range assigned (1024 Mbytes)
src/base/statistics.hh:279: warn: One of the stats is a legacy stat. Legacy stat is a stat that does not belong to any statistics::Group. Legacy stat is deprecated.
board.remote_gdb: Listening for connections on port 7002
gem5 Simulator System.  https://www.gem5.org
gem5 is copyrighted software; use the --copyright option for details.

gem5 version 25.0.0.1
gem5 compiled May  5 2026 12:55:05
gem5 started Jun 18 2026 01:16:14
gem5 executing on cn27.guoehi.cluster, pid 188841
command line: /home/fdemirel/HPC_Lab_Proj/imp/../../gem5/build/ALL/gem5.opt -s --outdir=results_imp_multisim --stdout-file=spmv_imp_addrlen2_l1d_ddr4_1x_simout.txt --stderr-file=spmv_imp_addrlen2_l1d_ddr4_1x_simerr.txt --stats-file=stats.txt -c 'from multiprocessing.spawn import spawn_main; spawn_main(tracker_fd=7, pipe_handle=13)' --multiprocessing-fork

src/sim/mem_state.cc:443: info: Increasing stack size by one page.
src/sim/syscall_emul.hh:1121: warn: readlink() called on '/proc/self/exe' may yield unexpected results in various settings.
      Returning '/home/fdemirel/HPC_Lab_Proj/benchmarks/spmv/spmv-m5.x'
src/arch/arm/insts/pseudo.cc:174: warn: 	instruction 'bti' unimplemented
src/sim/mem_state.cc:443: info: Increasing stack size by one page.
src/sim/mem_state.cc:443: info: Increasing stack size by one page.
src/sim/mem_state.cc:443: info: Increasing stack size by one page.
src/sim/mem_state.cc:443: info: Increasing stack size by one page.
src/sim/mem_state.cc:443: info: Increasing stack size by one page.
src/sim/mem_state.cc:443: info: Increasing stack size by one page.
src/sim/mem_state.cc:443: info: Increasing stack size by one page.
----spmv----
N_ROWS          : 8192 
N_COLS          : 65536 
NNZ             : 524155 
Execution time: 6.423470 (ms) 

----merge----
Execution time: 10.644514 (ms) 
random_elem:0, /home/fdemirel/HPC_Lab_Proj/benchmarks/merge/merge-m5.x
Global frequency set at 1000000000000 ticks per second
src/mem/dram_interface.cc:690: warn: DRAM device capacity (16384 Mbytes) does not match the address range assigned (512 Mbytes)
src/mem/dram_interface.cc:690: warn: DRAM device capacity (16384 Mbytes) does not match the address range assigned (512 Mbytes)
src/base/statistics.hh:279: warn: One of the stats is a legacy stat. Legacy stat is a stat that does not belong to any statistics::Group. Legacy stat is deprecated.
board.remote_gdb: Listening for connections on port 7000
gem5 Simulator System.  https://www.gem5.org
gem5 is copyrighted software; use the --copyright option for details.

gem5 version 25.0.0.1
gem5 compiled May  5 2026 12:55:05
gem5 started Jun 18 2026 01:17:47
gem5 executing on cn27.guoehi.cluster, pid 188848
command line: /home/fdemirel/HPC_Lab_Proj/imp/../../gem5/build/ALL/gem5.opt -s --outdir=results_imp_multisim --stdout-file=merge_imp_thr3_l2_ddr4_2x_simout.txt --stderr-file=merge_imp_thr3_l2_ddr4_2x_simerr.txt --stats-file=stats.txt -c 'from multiprocessing.spawn import spawn_main; spawn_main(tracker_fd=7, pipe_handle=13)' --multiprocessing-fork

src/sim/mem_state.cc:443: info: Increasing stack size by one page.
src/sim/syscall_emul.hh:1121: warn: readlink() called on '/proc/self/exe' may yield unexpected results in various settings.
      Returning '/home/fdemirel/HPC_Lab_Proj/benchmarks/merge/merge-m5.x'
src/arch/arm/insts/pseudo.cc:174: warn: 	instruction 'bti' unimplemented
Global frequency set at 1000000000000 ticks per second
src/mem/dram_interface.cc:690: warn: DRAM device capacity (16384 Mbytes) does not match the address range assigned (1024 Mbytes)
src/base/statistics.hh:279: warn: One of the stats is a legacy stat. Legacy stat is a stat that does not belong to any statistics::Group. Legacy stat is deprecated.
board.remote_gdb: Listening for connections on port 7003
gem5 Simulator System.  https://www.gem5.org
gem5 is copyrighted software; use the --copyright option for details.

gem5 version 25.0.0.1
gem5 compiled May  5 2026 12:55:05
gem5 started Jun 18 2026 01:17:58
gem5 executing on cn27.guoehi.cluster, pid 188849
command line: /home/fdemirel/HPC_Lab_Proj/imp/../../gem5/build/ALL/gem5.opt -s --outdir=results_imp_multisim --stdout-file=quick_imp_addrlen2_l1d_ddr4_1x_simout.txt --stderr-file=quick_imp_addrlen2_l1d_ddr4_1x_simerr.txt --stats-file=stats.txt -c 'from multiprocessing.spawn import spawn_main; spawn_main(tracker_fd=7, pipe_handle=13)' --multiprocessing-fork

src/sim/mem_state.cc:443: info: Increasing stack size by one page.
src/sim/syscall_emul.hh:1121: warn: readlink() called on '/proc/self/exe' may yield unexpected results in various settings.
      Returning '/home/fdemirel/HPC_Lab_Proj/benchmarks/quick/quick-m5.x'
src/arch/arm/insts/pseudo.cc:174: warn: 	instruction 'bti' unimplemented
----spmv----
N_ROWS          : 8192 
N_COLS          : 65536 
NNZ             : 524155 
Execution time: 6.728739 (ms) 
Global frequency set at 1000000000000 ticks per second
src/mem/dram_interface.cc:690: warn: DRAM device capacity (16384 Mbytes) does not match the address range assigned (1024 Mbytes)
src/base/statistics.hh:279: warn: One of the stats is a legacy stat. Legacy stat is a stat that does not belong to any statistics::Group. Legacy stat is deprecated.
board.remote_gdb: Listening for connections on port 7002
gem5 Simulator System.  https://www.gem5.org
gem5 is copyrighted software; use the --copyright option for details.

gem5 version 25.0.0.1
gem5 compiled May  5 2026 12:55:05
gem5 started Jun 18 2026 01:18:34
gem5 executing on cn27.guoehi.cluster, pid 188855
command line: /home/fdemirel/HPC_Lab_Proj/imp/../../gem5/build/ALL/gem5.opt -s --outdir=results_imp_multisim --stdout-file=matmult_imp_dist32_l2_ddr4_1x_simout.txt --stderr-file=matmult_imp_dist32_l2_ddr4_1x_simerr.txt --stats-file=stats.txt -c 'from multiprocessing.spawn import spawn_main; spawn_main(tracker_fd=7, pipe_handle=13)' --multiprocessing-fork

src/sim/mem_state.cc:443: info: Increasing stack size by one page.
src/sim/syscall_emul.hh:1121: warn: readlink() called on '/proc/self/exe' may yield unexpected results in various settings.
      Returning '/home/fdemirel/HPC_Lab_Proj/benchmarks/matmult/matmult-m5.x'
src/arch/arm/insts/pseudo.cc:174: warn: 	instruction 'bti' unimplemented

----MATRIX MULTIPLICATION----

----Computation starts----
Loop 0 ... 
argc = 2, A[argc][argc] = 0.500000, B[argc][argc] = 0.500000, C[argc][argc] = 0.500000 
Execution time: 1.229960 (ms) 
Global frequency set at 1000000000000 ticks per second
src/mem/dram_interface.cc:690: warn: DRAM device capacity (16384 Mbytes) does not match the address range assigned (512 Mbytes)
src/mem/dram_interface.cc:690: warn: DRAM device capacity (16384 Mbytes) does not match the address range assigned (512 Mbytes)
src/base/statistics.hh:279: warn: One of the stats is a legacy stat. Legacy stat is a stat that does not belong to any statistics::Group. Legacy stat is deprecated.
board.remote_gdb: Listening for connections on port 7002
gem5 Simulator System.  https://www.gem5.org
gem5 is copyrighted software; use the --copyright option for details.

gem5 version 25.0.0.1
gem5 compiled May  5 2026 12:55:05
gem5 started Jun 18 2026 01:19:43
gem5 executing on cn27.guoehi.cluster, pid 188861
command line: /home/fdemirel/HPC_Lab_Proj/imp/../../gem5/build/ALL/gem5.opt -s --outdir=results_imp_multisim --stdout-file=bfs_imp_dist32_l1d_ddr4_2x_simout.txt --stderr-file=bfs_imp_dist32_l1d_ddr4_2x_simerr.txt --stats-file=stats.txt -c 'from multiprocessing.spawn import spawn_main; spawn_main(tracker_fd=7, pipe_handle=13)' --multiprocessing-fork

src/sim/mem_state.cc:443: info: Increasing stack size by one page.
src/sim/syscall_emul.hh:1121: warn: readlink() called on '/proc/self/exe' may yield unexpected results in various settings.
      Returning '/home/fdemirel/HPC_Lab_Proj/benchmarks/bfs/bfs-m5.x'
src/arch/arm/insts/pseudo.cc:174: warn: 	instruction 'bti' unimplemented
Beginning BFS ...
Finished BFS.
Global frequency set at 1000000000000 ticks per second
src/mem/dram_interface.cc:690: warn: DRAM device capacity (16384 Mbytes) does not match the address range assigned (1024 Mbytes)
src/base/statistics.hh:279: warn: One of the stats is a legacy stat. Legacy stat is a stat that does not belong to any statistics::Group. Legacy stat is deprecated.
board.remote_gdb: Listening for connections on port 7001
gem5 Simulator System.  https://www.gem5.org
gem5 is copyrighted software; use the --copyright option for details.

gem5 version 25.0.0.1
gem5 compiled May  5 2026 12:55:05
gem5 started Jun 18 2026 01:21:43
gem5 executing on cn27.guoehi.cluster, pid 188873
command line: /home/fdemirel/HPC_Lab_Proj/imp/../../gem5/build/ALL/gem5.opt -s --outdir=results_imp_multisim --stdout-file=bfs_imp_pt8_l1d_ddr4_1x_simout.txt --stderr-file=bfs_imp_pt8_l1d_ddr4_1x_simerr.txt --stats-file=stats.txt -c 'from multiprocessing.spawn import spawn_main; spawn_main(tracker_fd=7, pipe_handle=13)' --multiprocessing-fork

src/sim/mem_state.cc:443: info: Increasing stack size by one page.
src/sim/syscall_emul.hh:1121: warn: readlink() called on '/proc/self/exe' may yield unexpected results in various settings.
      Returning '/home/fdemirel/HPC_Lab_Proj/benchmarks/bfs/bfs-m5.x'
src/arch/arm/insts/pseudo.cc:174: warn: 	instruction 'bti' unimplemented
Beginning BFS ...
----quick sort----
Array SIZE      : 131072 
random_elem:0, /home/fdemirel/HPC_Lab_Proj/benchmarks/quick/quick-m5.x
Execution time: 8.782714 (ms) 
Global frequency set at 1000000000000 ticks per second
src/mem/dram_interface.cc:690: warn: DRAM device capacity (16384 Mbytes) does not match the address range assigned (512 Mbytes)
src/mem/dram_interface.cc:690: warn: DRAM device capacity (16384 Mbytes) does not match the address range assigned (512 Mbytes)
src/base/statistics.hh:279: warn: One of the stats is a legacy stat. Legacy stat is a stat that does not belong to any statistics::Group. Legacy stat is deprecated.
board.remote_gdb: Listening for connections on port 7003
gem5 Simulator System.  https://www.gem5.org
gem5 is copyrighted software; use the --copyright option for details.

gem5 version 25.0.0.1
gem5 compiled May  5 2026 12:55:05
gem5 started Jun 18 2026 01:22:07
gem5 executing on cn27.guoehi.cluster, pid 188878
command line: /home/fdemirel/HPC_Lab_Proj/imp/../../gem5/build/ALL/gem5.opt -s --outdir=results_imp_multisim --stdout-file=simple_triad_imp_sthr8_l1d_ddr4_2x_simout.txt --stderr-file=simple_triad_imp_sthr8_l1d_ddr4_2x_simerr.txt --stats-file=stats.txt -c 'from multiprocessing.spawn import spawn_main; spawn_main(tracker_fd=7, pipe_handle=13)' --multiprocessing-fork

src/sim/mem_state.cc:443: info: Increasing stack size by one page.
src/sim/syscall_emul.hh:1121: warn: readlink() called on '/proc/self/exe' may yield unexpected results in various settings.
      Returning '/home/fdemirel/HPC_Lab_Proj/benchmarks/simple_triad/simple_triad-m5.x'

----merge----
Execution time: 10.543216 (ms) 
random_elem:0, /home/fdemirel/HPC_Lab_Proj/benchmarks/merge/merge-m5.x
Global frequency set at 1000000000000 ticks per second
src/mem/dram_interface.cc:690: warn: DRAM device capacity (16384 Mbytes) does not match the address range assigned (512 Mbytes)
src/mem/dram_interface.cc:690: warn: DRAM device capacity (16384 Mbytes) does not match the address range assigned (512 Mbytes)
src/base/statistics.hh:279: warn: One of the stats is a legacy stat. Legacy stat is a stat that does not belong to any statistics::Group. Legacy stat is deprecated.
board.remote_gdb: Listening for connections on port 7000
gem5 Simulator System.  https://www.gem5.org
gem5 is copyrighted software; use the --copyright option for details.

gem5 version 25.0.0.1
gem5 compiled May  5 2026 12:55:05
gem5 started Jun 18 2026 01:22:57
gem5 executing on cn27.guoehi.cluster, pid 188881
command line: /home/fdemirel/HPC_Lab_Proj/imp/../../gem5/build/ALL/gem5.opt -s --outdir=results_imp_multisim --stdout-file=merge_imp_sdist8_l1d_ddr4_2x_simout.txt --stderr-file=merge_imp_sdist8_l1d_ddr4_2x_simerr.txt --stats-file=stats.txt -c 'from multiprocessing.spawn import spawn_main; spawn_main(tracker_fd=7, pipe_handle=13)' --multiprocessing-fork

src/sim/mem_state.cc:443: info: Increasing stack size by one page.
src/sim/syscall_emul.hh:1121: warn: readlink() called on '/proc/self/exe' may yield unexpected results in various settings.
      Returning '/home/fdemirel/HPC_Lab_Proj/benchmarks/merge/merge-m5.x'
src/arch/arm/insts/pseudo.cc:174: warn: 	instruction 'bti' unimplemented
Array SIZE      : 1000000 
Array LOOP      : 1 

----triad----
a[0]=7.00e+00. b[0]=2.00e+00. c[0]=1.00e+00.
Execution time: 2.256450 (ms) 
   Rate [MB/s]: 10636.2 
Global frequency set at 1000000000000 ticks per second
src/mem/dram_interface.cc:690: warn: DRAM device capacity (16384 Mbytes) does not match the address range assigned (1024 Mbytes)
src/base/statistics.hh:279: warn: One of the stats is a legacy stat. Legacy stat is a stat that does not belong to any statistics::Group. Legacy stat is deprecated.
board.remote_gdb: Listening for connections on port 7003
gem5 Simulator System.  https://www.gem5.org
gem5 is copyrighted software; use the --copyright option for details.

gem5 version 25.0.0.1
gem5 compiled May  5 2026 12:55:05
gem5 started Jun 18 2026 01:23:58
gem5 executing on cn27.guoehi.cluster, pid 188886
command line: /home/fdemirel/HPC_Lab_Proj/imp/../../gem5/build/ALL/gem5.opt -s --outdir=results_imp_multisim --stdout-file=simple_triad_imp_sdist8_l2_ddr4_1x_simout.txt --stderr-file=simple_triad_imp_sdist8_l2_ddr4_1x_simerr.txt --stats-file=stats.txt -c 'from multiprocessing.spawn import spawn_main; spawn_main(tracker_fd=7, pipe_handle=13)' --multiprocessing-fork

src/sim/mem_state.cc:443: info: Increasing stack size by one page.
src/sim/syscall_emul.hh:1121: warn: readlink() called on '/proc/self/exe' may yield unexpected results in various settings.
      Returning '/home/fdemirel/HPC_Lab_Proj/benchmarks/simple_triad/simple_triad-m5.x'
Array SIZE      : 1000000 
Array LOOP      : 1 

----triad----
a[0]=7.00e+00. b[0]=2.00e+00. c[0]=1.00e+00.
Execution time: 2.783177 (ms) 
   Rate [MB/s]: 8623.2 
Global frequency set at 1000000000000 ticks per second
src/mem/dram_interface.cc:690: warn: DRAM device capacity (16384 Mbytes) does not match the address range assigned (1024 Mbytes)
src/base/statistics.hh:279: warn: One of the stats is a legacy stat. Legacy stat is a stat that does not belong to any statistics::Group. Legacy stat is deprecated.
board.remote_gdb: Listening for connections on port 7003
gem5 Simulator System.  https://www.gem5.org
gem5 is copyrighted software; use the --copyright option for details.

gem5 version 25.0.0.1
gem5 compiled May  5 2026 12:55:05
gem5 started Jun 18 2026 01:25:53
gem5 executing on cn27.guoehi.cluster, pid 188895
command line: /home/fdemirel/HPC_Lab_Proj/imp/../../gem5/build/ALL/gem5.opt -s --outdir=results_imp_multisim --stdout-file=spmv_imp_thr3_l1d_ddr4_1x_simout.txt --stderr-file=spmv_imp_thr3_l1d_ddr4_1x_simerr.txt --stats-file=stats.txt -c 'from multiprocessing.spawn import spawn_main; spawn_main(tracker_fd=7, pipe_handle=13)' --multiprocessing-fork

src/sim/mem_state.cc:443: info: Increasing stack size by one page.
src/sim/syscall_emul.hh:1121: warn: readlink() called on '/proc/self/exe' may yield unexpected results in various settings.
      Returning '/home/fdemirel/HPC_Lab_Proj/benchmarks/spmv/spmv-m5.x'
src/arch/arm/insts/pseudo.cc:174: warn: 	instruction 'bti' unimplemented
src/sim/mem_state.cc:443: info: Increasing stack size by one page.
src/sim/mem_state.cc:443: info: Increasing stack size by one page.
src/sim/mem_state.cc:443: info: Increasing stack size by one page.
src/sim/mem_state.cc:443: info: Increasing stack size by one page.
src/sim/mem_state.cc:443: info: Increasing stack size by one page.
src/sim/mem_state.cc:443: info: Increasing stack size by one page.
src/sim/mem_state.cc:443: info: Increasing stack size by one page.
Finished BFS.
Global frequency set at 1000000000000 ticks per second
src/mem/dram_interface.cc:690: warn: DRAM device capacity (16384 Mbytes) does not match the address range assigned (1024 Mbytes)
src/base/statistics.hh:279: warn: One of the stats is a legacy stat. Legacy stat is a stat that does not belong to any statistics::Group. Legacy stat is deprecated.
board.remote_gdb: Listening for connections on port 7002
gem5 Simulator System.  https://www.gem5.org
gem5 is copyrighted software; use the --copyright option for details.

gem5 version 25.0.0.1
gem5 compiled May  5 2026 12:55:05
gem5 started Jun 18 2026 01:26:21
gem5 executing on cn27.guoehi.cluster, pid 188899
command line: /home/fdemirel/HPC_Lab_Proj/imp/../../gem5/build/ALL/gem5.opt -s --outdir=results_imp_multisim --stdout-file=bfs_imp_ipd2_l2_ddr4_1x_simout.txt --stderr-file=bfs_imp_ipd2_l2_ddr4_1x_simerr.txt --stats-file=stats.txt -c 'from multiprocessing.spawn import spawn_main; spawn_main(tracker_fd=7, pipe_handle=13)' --multiprocessing-fork

src/sim/mem_state.cc:443: info: Increasing stack size by one page.
src/sim/syscall_emul.hh:1121: warn: readlink() called on '/proc/self/exe' may yield unexpected results in various settings.
      Returning '/home/fdemirel/HPC_Lab_Proj/benchmarks/bfs/bfs-m5.x'
src/arch/arm/insts/pseudo.cc:174: warn: 	instruction 'bti' unimplemented
Beginning BFS ...

----merge----
Execution time: 10.123955 (ms) 
random_elem:0, /home/fdemirel/HPC_Lab_Proj/benchmarks/merge/merge-m5.x
----spmv----
N_ROWS          : 8192 
N_COLS          : 65536 
NNZ             : 524155 
Execution time: 6.728739 (ms) 
Global frequency set at 1000000000000 ticks per second
src/mem/dram_interface.cc:690: warn: DRAM device capacity (16384 Mbytes) does not match the address range assigned (512 Mbytes)
src/mem/dram_interface.cc:690: warn: DRAM device capacity (16384 Mbytes) does not match the address range assigned (512 Mbytes)
src/base/statistics.hh:279: warn: One of the stats is a legacy stat. Legacy stat is a stat that does not belong to any statistics::Group. Legacy stat is deprecated.
board.remote_gdb: Listening for connections on port 7000
gem5 Simulator System.  https://www.gem5.org
gem5 is copyrighted software; use the --copyright option for details.

gem5 version 25.0.0.1
gem5 compiled May  5 2026 12:55:05
gem5 started Jun 18 2026 01:28:08
gem5 executing on cn27.guoehi.cluster, pid 188905
command line: /home/fdemirel/HPC_Lab_Proj/imp/../../gem5/build/ALL/gem5.opt -s --outdir=results_imp_multisim --stdout-file=matmult_imp_sthr8_l2_ddr4_2x_simout.txt --stderr-file=matmult_imp_sthr8_l2_ddr4_2x_simerr.txt --stats-file=stats.txt -c 'from multiprocessing.spawn import spawn_main; spawn_main(tracker_fd=7, pipe_handle=13)' --multiprocessing-fork

src/sim/mem_state.cc:443: info: Increasing stack size by one page.
src/sim/syscall_emul.hh:1121: warn: readlink() called on '/proc/self/exe' may yield unexpected results in various settings.
      Returning '/home/fdemirel/HPC_Lab_Proj/benchmarks/matmult/matmult-m5.x'
src/arch/arm/insts/pseudo.cc:174: warn: 	instruction 'bti' unimplemented
Finished BFS.
Global frequency set at 1000000000000 ticks per second
src/mem/dram_interface.cc:690: warn: DRAM device capacity (16384 Mbytes) does not match the address range assigned (512 Mbytes)
src/mem/dram_interface.cc:690: warn: DRAM device capacity (16384 Mbytes) does not match the address range assigned (512 Mbytes)
src/base/statistics.hh:279: warn: One of the stats is a legacy stat. Legacy stat is a stat that does not belong to any statistics::Group. Legacy stat is deprecated.
board.remote_gdb: Listening for connections on port 7003
gem5 Simulator System.  https://www.gem5.org
gem5 is copyrighted software; use the --copyright option for details.

gem5 version 25.0.0.1
gem5 compiled May  5 2026 12:55:05
gem5 started Jun 18 2026 01:28:17
gem5 executing on cn27.guoehi.cluster, pid 188906
command line: /home/fdemirel/HPC_Lab_Proj/imp/../../gem5/build/ALL/gem5.opt -s --outdir=results_imp_multisim --stdout-file=bfs_imp_thr3_l2_ddr4_2x_simout.txt --stderr-file=bfs_imp_thr3_l2_ddr4_2x_simerr.txt --stats-file=stats.txt -c 'from multiprocessing.spawn import spawn_main; spawn_main(tracker_fd=7, pipe_handle=13)' --multiprocessing-fork

src/sim/mem_state.cc:443: info: Increasing stack size by one page.
src/sim/syscall_emul.hh:1121: warn: readlink() called on '/proc/self/exe' may yield unexpected results in various settings.
      Returning '/home/fdemirel/HPC_Lab_Proj/benchmarks/bfs/bfs-m5.x'
src/arch/arm/insts/pseudo.cc:174: warn: 	instruction 'bti' unimplemented
Beginning BFS ...
Global frequency set at 1000000000000 ticks per second
src/mem/dram_interface.cc:690: warn: DRAM device capacity (16384 Mbytes) does not match the address range assigned (1024 Mbytes)
src/base/statistics.hh:279: warn: One of the stats is a legacy stat. Legacy stat is a stat that does not belong to any statistics::Group. Legacy stat is deprecated.
board.remote_gdb: Listening for connections on port 7001
gem5 Simulator System.  https://www.gem5.org
gem5 is copyrighted software; use the --copyright option for details.

gem5 version 25.0.0.1
gem5 compiled May  5 2026 12:55:05
gem5 started Jun 18 2026 01:28:34
gem5 executing on cn27.guoehi.cluster, pid 188911
command line: /home/fdemirel/HPC_Lab_Proj/imp/../../gem5/build/ALL/gem5.opt -s --outdir=results_imp_multisim --stdout-file=merge_imp_dist32_l2_ddr4_1x_simout.txt --stderr-file=merge_imp_dist32_l2_ddr4_1x_simerr.txt --stats-file=stats.txt -c 'from multiprocessing.spawn import spawn_main; spawn_main(tracker_fd=7, pipe_handle=13)' --multiprocessing-fork

src/sim/mem_state.cc:443: info: Increasing stack size by one page.
src/sim/syscall_emul.hh:1121: warn: readlink() called on '/proc/self/exe' may yield unexpected results in various settings.
      Returning '/home/fdemirel/HPC_Lab_Proj/benchmarks/merge/merge-m5.x'
src/arch/arm/insts/pseudo.cc:174: warn: 	instruction 'bti' unimplemented

----MATRIX MULTIPLICATION----

----Computation starts----
Loop 0 ... 
argc = 2, A[argc][argc] = 0.500000, B[argc][argc] = 0.500000, C[argc][argc] = 0.500000 
Execution time: 1.226177 (ms) 
Global frequency set at 1000000000000 ticks per second
src/mem/dram_interface.cc:690: warn: DRAM device capacity (16384 Mbytes) does not match the address range assigned (512 Mbytes)
src/mem/dram_interface.cc:690: warn: DRAM device capacity (16384 Mbytes) does not match the address range assigned (512 Mbytes)
src/base/statistics.hh:279: warn: One of the stats is a legacy stat. Legacy stat is a stat that does not belong to any statistics::Group. Legacy stat is deprecated.
board.remote_gdb: Listening for connections on port 7000
gem5 Simulator System.  https://www.gem5.org
gem5 is copyrighted software; use the --copyright option for details.

gem5 version 25.0.0.1
gem5 compiled May  5 2026 12:55:05
gem5 started Jun 18 2026 01:29:15
gem5 executing on cn27.guoehi.cluster, pid 188915
command line: /home/fdemirel/HPC_Lab_Proj/imp/../../gem5/build/ALL/gem5.opt -s --outdir=results_imp_multisim --stdout-file=merge_imp_sthr8_l2_ddr4_2x_simout.txt --stderr-file=merge_imp_sthr8_l2_ddr4_2x_simerr.txt --stats-file=stats.txt -c 'from multiprocessing.spawn import spawn_main; spawn_main(tracker_fd=7, pipe_handle=13)' --multiprocessing-fork

src/sim/mem_state.cc:443: info: Increasing stack size by one page.
src/sim/syscall_emul.hh:1121: warn: readlink() called on '/proc/self/exe' may yield unexpected results in various settings.
      Returning '/home/fdemirel/HPC_Lab_Proj/benchmarks/merge/merge-m5.x'
src/arch/arm/insts/pseudo.cc:174: warn: 	instruction 'bti' unimplemented
Finished BFS.
Global frequency set at 1000000000000 ticks per second
src/mem/dram_interface.cc:690: warn: DRAM device capacity (16384 Mbytes) does not match the address range assigned (1024 Mbytes)
src/base/statistics.hh:279: warn: One of the stats is a legacy stat. Legacy stat is a stat that does not belong to any statistics::Group. Legacy stat is deprecated.
board.remote_gdb: Listening for connections on port 7002
gem5 Simulator System.  https://www.gem5.org
gem5 is copyrighted software; use the --copyright option for details.

gem5 version 25.0.0.1
gem5 compiled May  5 2026 12:55:05
gem5 started Jun 18 2026 01:32:36
gem5 executing on cn27.guoehi.cluster, pid 188926
command line: /home/fdemirel/HPC_Lab_Proj/imp/../../gem5/build/ALL/gem5.opt -s --outdir=results_imp_multisim --stdout-file=spmv_imp_sdist8_l2_ddr4_1x_simout.txt --stderr-file=spmv_imp_sdist8_l2_ddr4_1x_simerr.txt --stats-file=stats.txt -c 'from multiprocessing.spawn import spawn_main; spawn_main(tracker_fd=7, pipe_handle=13)' --multiprocessing-fork

src/sim/mem_state.cc:443: info: Increasing stack size by one page.
src/sim/syscall_emul.hh:1121: warn: readlink() called on '/proc/self/exe' may yield unexpected results in various settings.
      Returning '/home/fdemirel/HPC_Lab_Proj/benchmarks/spmv/spmv-m5.x'
src/arch/arm/insts/pseudo.cc:174: warn: 	instruction 'bti' unimplemented
src/sim/mem_state.cc:443: info: Increasing stack size by one page.
src/sim/mem_state.cc:443: info: Increasing stack size by one page.
src/sim/mem_state.cc:443: info: Increasing stack size by one page.
src/sim/mem_state.cc:443: info: Increasing stack size by one page.
src/sim/mem_state.cc:443: info: Increasing stack size by one page.
src/sim/mem_state.cc:443: info: Increasing stack size by one page.
src/sim/mem_state.cc:443: info: Increasing stack size by one page.

----merge----
Execution time: 10.644514 (ms) 
random_elem:0, /home/fdemirel/HPC_Lab_Proj/benchmarks/merge/merge-m5.x
Global frequency set at 1000000000000 ticks per second
src/mem/dram_interface.cc:690: warn: DRAM device capacity (16384 Mbytes) does not match the address range assigned (1024 Mbytes)
src/base/statistics.hh:279: warn: One of the stats is a legacy stat. Legacy stat is a stat that does not belong to any statistics::Group. Legacy stat is deprecated.
board.remote_gdb: Listening for connections on port 7001
gem5 Simulator System.  https://www.gem5.org
gem5 is copyrighted software; use the --copyright option for details.

gem5 version 25.0.0.1
gem5 compiled May  5 2026 12:55:05
gem5 started Jun 18 2026 01:33:37
gem5 executing on cn27.guoehi.cluster, pid 188933
command line: /home/fdemirel/HPC_Lab_Proj/imp/../../gem5/build/ALL/gem5.opt -s --outdir=results_imp_multisim --stdout-file=simple_triad_imp_ipd16_l1d_ddr4_1x_simout.txt --stderr-file=simple_triad_imp_ipd16_l1d_ddr4_1x_simerr.txt --stats-file=stats.txt -c 'from multiprocessing.spawn import spawn_main; spawn_main(tracker_fd=7, pipe_handle=13)' --multiprocessing-fork

src/sim/mem_state.cc:443: info: Increasing stack size by one page.
src/sim/syscall_emul.hh:1121: warn: readlink() called on '/proc/self/exe' may yield unexpected results in various settings.
      Returning '/home/fdemirel/HPC_Lab_Proj/benchmarks/simple_triad/simple_triad-m5.x'
Finished BFS.

----merge----
Execution time: 10.539287 (ms) 
random_elem:0, /home/fdemirel/HPC_Lab_Proj/benchmarks/merge/merge-m5.x
Global frequency set at 1000000000000 ticks per second
src/mem/dram_interface.cc:690: warn: DRAM device capacity (16384 Mbytes) does not match the address range assigned (1024 Mbytes)
src/base/statistics.hh:279: warn: One of the stats is a legacy stat. Legacy stat is a stat that does not belong to any statistics::Group. Legacy stat is deprecated.
board.remote_gdb: Listening for connections on port 7000
gem5 Simulator System.  https://www.gem5.org
gem5 is copyrighted software; use the --copyright option for details.

gem5 version 25.0.0.1
gem5 compiled May  5 2026 12:55:05
gem5 started Jun 18 2026 01:34:15
gem5 executing on cn27.guoehi.cluster, pid 188938
command line: /home/fdemirel/HPC_Lab_Proj/imp/../../gem5/build/ALL/gem5.opt -s --outdir=results_imp_multisim --stdout-file=quick_imp_sdist8_l2_ddr4_1x_simout.txt --stderr-file=quick_imp_sdist8_l2_ddr4_1x_simerr.txt --stats-file=stats.txt -c 'from multiprocessing.spawn import spawn_main; spawn_main(tracker_fd=7, pipe_handle=13)' --multiprocessing-fork

src/sim/mem_state.cc:443: info: Increasing stack size by one page.
src/sim/syscall_emul.hh:1121: warn: readlink() called on '/proc/self/exe' may yield unexpected results in various settings.
      Returning '/home/fdemirel/HPC_Lab_Proj/benchmarks/quick/quick-m5.x'
src/arch/arm/insts/pseudo.cc:174: warn: 	instruction 'bti' unimplemented
----spmv----
N_ROWS          : 8192 
N_COLS          : 65536 
NNZ             : 524155 
Execution time: 6.490530 (ms) 
Global frequency set at 1000000000000 ticks per second
src/mem/dram_interface.cc:690: warn: DRAM device capacity (16384 Mbytes) does not match the address range assigned (512 Mbytes)
src/mem/dram_interface.cc:690: warn: DRAM device capacity (16384 Mbytes) does not match the address range assigned (512 Mbytes)
src/base/statistics.hh:279: warn: One of the stats is a legacy stat. Legacy stat is a stat that does not belong to any statistics::Group. Legacy stat is deprecated.
board.remote_gdb: Listening for connections on port 7002
gem5 Simulator System.  https://www.gem5.org
gem5 is copyrighted software; use the --copyright option for details.

gem5 version 25.0.0.1
gem5 compiled May  5 2026 12:55:05
gem5 started Jun 18 2026 01:34:22
gem5 executing on cn27.guoehi.cluster, pid 188939
command line: /home/fdemirel/HPC_Lab_Proj/imp/../../gem5/build/ALL/gem5.opt -s --outdir=results_imp_multisim --stdout-file=bfs_imp_sdist8_l1d_ddr4_2x_simout.txt --stderr-file=bfs_imp_sdist8_l1d_ddr4_2x_simerr.txt --stats-file=stats.txt -c 'from multiprocessing.spawn import spawn_main; spawn_main(tracker_fd=7, pipe_handle=13)' --multiprocessing-fork

src/sim/mem_state.cc:443: info: Increasing stack size by one page.
src/sim/syscall_emul.hh:1121: warn: readlink() called on '/proc/self/exe' may yield unexpected results in various settings.
      Returning '/home/fdemirel/HPC_Lab_Proj/benchmarks/bfs/bfs-m5.x'
src/arch/arm/insts/pseudo.cc:174: warn: 	instruction 'bti' unimplemented
Beginning BFS ...
Global frequency set at 1000000000000 ticks per second
src/mem/dram_interface.cc:690: warn: DRAM device capacity (16384 Mbytes) does not match the address range assigned (1024 Mbytes)
src/base/statistics.hh:279: warn: One of the stats is a legacy stat. Legacy stat is a stat that does not belong to any statistics::Group. Legacy stat is deprecated.
board.remote_gdb: Listening for connections on port 7003
gem5 Simulator System.  https://www.gem5.org
gem5 is copyrighted software; use the --copyright option for details.

gem5 version 25.0.0.1
gem5 compiled May  5 2026 12:55:05
gem5 started Jun 18 2026 01:34:36
gem5 executing on cn27.guoehi.cluster, pid 188942
command line: /home/fdemirel/HPC_Lab_Proj/imp/../../gem5/build/ALL/gem5.opt -s --outdir=results_imp_multisim --stdout-file=bfs_imp_dist32_l2_ddr4_1x_simout.txt --stderr-file=bfs_imp_dist32_l2_ddr4_1x_simerr.txt --stats-file=stats.txt -c 'from multiprocessing.spawn import spawn_main; spawn_main(tracker_fd=7, pipe_handle=13)' --multiprocessing-fork

src/sim/mem_state.cc:443: info: Increasing stack size by one page.
src/sim/syscall_emul.hh:1121: warn: readlink() called on '/proc/self/exe' may yield unexpected results in various settings.
      Returning '/home/fdemirel/HPC_Lab_Proj/benchmarks/bfs/bfs-m5.x'
src/arch/arm/insts/pseudo.cc:174: warn: 	instruction 'bti' unimplemented
Beginning BFS ...
Array SIZE      : 1000000 
Array LOOP      : 1 

----triad----
a[0]=7.00e+00. b[0]=2.00e+00. c[0]=1.00e+00.
Execution time: 2.776922 (ms) 
   Rate [MB/s]: 8642.7 
Global frequency set at 1000000000000 ticks per second
src/mem/dram_interface.cc:690: warn: DRAM device capacity (16384 Mbytes) does not match the address range assigned (512 Mbytes)
src/mem/dram_interface.cc:690: warn: DRAM device capacity (16384 Mbytes) does not match the address range assigned (512 Mbytes)
src/base/statistics.hh:279: warn: One of the stats is a legacy stat. Legacy stat is a stat that does not belong to any statistics::Group. Legacy stat is deprecated.
board.remote_gdb: Listening for connections on port 7001
gem5 Simulator System.  https://www.gem5.org
gem5 is copyrighted software; use the --copyright option for details.

gem5 version 25.0.0.1
gem5 compiled May  5 2026 12:55:05
gem5 started Jun 18 2026 01:35:34
gem5 executing on cn27.guoehi.cluster, pid 188950
command line: /home/fdemirel/HPC_Lab_Proj/imp/../../gem5/build/ALL/gem5.opt -s --outdir=results_imp_multisim --stdout-file=quick_imp_sthr8_l1d_ddr4_2x_simout.txt --stderr-file=quick_imp_sthr8_l1d_ddr4_2x_simerr.txt --stats-file=stats.txt -c 'from multiprocessing.spawn import spawn_main; spawn_main(tracker_fd=7, pipe_handle=13)' --multiprocessing-fork

src/sim/mem_state.cc:443: info: Increasing stack size by one page.
src/sim/syscall_emul.hh:1121: warn: readlink() called on '/proc/self/exe' may yield unexpected results in various settings.
      Returning '/home/fdemirel/HPC_Lab_Proj/benchmarks/quick/quick-m5.x'
src/arch/arm/insts/pseudo.cc:174: warn: 	instruction 'bti' unimplemented
----quick sort----
Array SIZE      : 131072 
random_elem:0, /home/fdemirel/HPC_Lab_Proj/benchmarks/quick/quick-m5.x
Execution time: 8.930017 (ms) 
Global frequency set at 1000000000000 ticks per second
src/mem/dram_interface.cc:690: warn: DRAM device capacity (16384 Mbytes) does not match the address range assigned (512 Mbytes)
src/mem/dram_interface.cc:690: warn: DRAM device capacity (16384 Mbytes) does not match the address range assigned (512 Mbytes)
src/base/statistics.hh:279: warn: One of the stats is a legacy stat. Legacy stat is a stat that does not belong to any statistics::Group. Legacy stat is deprecated.
board.remote_gdb: Listening for connections on port 7000
gem5 Simulator System.  https://www.gem5.org
gem5 is copyrighted software; use the --copyright option for details.

gem5 version 25.0.0.1
gem5 compiled May  5 2026 12:55:05
gem5 started Jun 18 2026 01:38:26
gem5 executing on cn27.guoehi.cluster, pid 188958
command line: /home/fdemirel/HPC_Lab_Proj/imp/../../gem5/build/ALL/gem5.opt -s --outdir=results_imp_multisim --stdout-file=merge_imp_pt64_l1d_ddr4_2x_simout.txt --stderr-file=merge_imp_pt64_l1d_ddr4_2x_simerr.txt --stats-file=stats.txt -c 'from multiprocessing.spawn import spawn_main; spawn_main(tracker_fd=7, pipe_handle=13)' --multiprocessing-fork

src/sim/mem_state.cc:443: info: Increasing stack size by one page.
src/sim/syscall_emul.hh:1121: warn: readlink() called on '/proc/self/exe' may yield unexpected results in various settings.
      Returning '/home/fdemirel/HPC_Lab_Proj/benchmarks/merge/merge-m5.x'
src/arch/arm/insts/pseudo.cc:174: warn: 	instruction 'bti' unimplemented
----quick sort----
Array SIZE      : 131072 
random_elem:0, /home/fdemirel/HPC_Lab_Proj/benchmarks/quick/quick-m5.x
Execution time: 8.738252 (ms) 
Global frequency set at 1000000000000 ticks per second
src/mem/dram_interface.cc:690: warn: DRAM device capacity (16384 Mbytes) does not match the address range assigned (512 Mbytes)
src/mem/dram_interface.cc:690: warn: DRAM device capacity (16384 Mbytes) does not match the address range assigned (512 Mbytes)
src/base/statistics.hh:279: warn: One of the stats is a legacy stat. Legacy stat is a stat that does not belong to any statistics::Group. Legacy stat is deprecated.
board.remote_gdb: Listening for connections on port 7001
gem5 Simulator System.  https://www.gem5.org
gem5 is copyrighted software; use the --copyright option for details.

gem5 version 25.0.0.1
gem5 compiled May  5 2026 12:55:05
gem5 started Jun 18 2026 01:39:49
gem5 executing on cn27.guoehi.cluster, pid 188964
command line: /home/fdemirel/HPC_Lab_Proj/imp/../../gem5/build/ALL/gem5.opt -s --outdir=results_imp_multisim --stdout-file=spmv_imp_pt64_l2_ddr4_2x_simout.txt --stderr-file=spmv_imp_pt64_l2_ddr4_2x_simerr.txt --stats-file=stats.txt -c 'from multiprocessing.spawn import spawn_main; spawn_main(tracker_fd=7, pipe_handle=13)' --multiprocessing-fork

src/sim/mem_state.cc:443: info: Increasing stack size by one page.
src/sim/syscall_emul.hh:1121: warn: readlink() called on '/proc/self/exe' may yield unexpected results in various settings.
      Returning '/home/fdemirel/HPC_Lab_Proj/benchmarks/spmv/spmv-m5.x'
src/arch/arm/insts/pseudo.cc:174: warn: 	instruction 'bti' unimplemented
src/sim/mem_state.cc:443: info: Increasing stack size by one page.
src/sim/mem_state.cc:443: info: Increasing stack size by one page.
src/sim/mem_state.cc:443: info: Increasing stack size by one page.
src/sim/mem_state.cc:443: info: Increasing stack size by one page.
src/sim/mem_state.cc:443: info: Increasing stack size by one page.
src/sim/mem_state.cc:443: info: Increasing stack size by one page.
src/sim/mem_state.cc:443: info: Increasing stack size by one page.
Finished BFS.
Global frequency set at 1000000000000 ticks per second
src/mem/dram_interface.cc:690: warn: DRAM device capacity (16384 Mbytes) does not match the address range assigned (1024 Mbytes)
src/base/statistics.hh:279: warn: One of the stats is a legacy stat. Legacy stat is a stat that does not belong to any statistics::Group. Legacy stat is deprecated.
board.remote_gdb: Listening for connections on port 7003
gem5 Simulator System.  https://www.gem5.org
gem5 is copyrighted software; use the --copyright option for details.

gem5 version 25.0.0.1
gem5 compiled May  5 2026 12:55:05
gem5 started Jun 18 2026 01:40:47
gem5 executing on cn27.guoehi.cluster, pid 188973
command line: /home/fdemirel/HPC_Lab_Proj/imp/../../gem5/build/ALL/gem5.opt -s --outdir=results_imp_multisim --stdout-file=merge_imp_sthr8_l1d_ddr4_1x_simout.txt --stderr-file=merge_imp_sthr8_l1d_ddr4_1x_simerr.txt --stats-file=stats.txt -c 'from multiprocessing.spawn import spawn_main; spawn_main(tracker_fd=7, pipe_handle=13)' --multiprocessing-fork

src/sim/mem_state.cc:443: info: Increasing stack size by one page.
src/sim/syscall_emul.hh:1121: warn: readlink() called on '/proc/self/exe' may yield unexpected results in various settings.
      Returning '/home/fdemirel/HPC_Lab_Proj/benchmarks/merge/merge-m5.x'
src/arch/arm/insts/pseudo.cc:174: warn: 	instruction 'bti' unimplemented
Finished BFS.
Global frequency set at 1000000000000 ticks per second
src/mem/dram_interface.cc:690: warn: DRAM device capacity (16384 Mbytes) does not match the address range assigned (1024 Mbytes)
src/base/statistics.hh:279: warn: One of the stats is a legacy stat. Legacy stat is a stat that does not belong to any statistics::Group. Legacy stat is deprecated.
board.remote_gdb: Listening for connections on port 7002
gem5 Simulator System.  https://www.gem5.org
gem5 is copyrighted software; use the --copyright option for details.

gem5 version 25.0.0.1
gem5 compiled May  5 2026 12:55:05
gem5 started Jun 18 2026 01:41:11
gem5 executing on cn27.guoehi.cluster, pid 188976
command line: /home/fdemirel/HPC_Lab_Proj/imp/../../gem5/build/ALL/gem5.opt -s --outdir=results_imp_multisim --stdout-file=spmv_imp_ipd16_l1d_ddr4_1x_simout.txt --stderr-file=spmv_imp_ipd16_l1d_ddr4_1x_simerr.txt --stats-file=stats.txt -c 'from multiprocessing.spawn import spawn_main; spawn_main(tracker_fd=7, pipe_handle=13)' --multiprocessing-fork

src/sim/mem_state.cc:443: info: Increasing stack size by one page.
src/sim/syscall_emul.hh:1121: warn: readlink() called on '/proc/self/exe' may yield unexpected results in various settings.
      Returning '/home/fdemirel/HPC_Lab_Proj/benchmarks/spmv/spmv-m5.x'
src/arch/arm/insts/pseudo.cc:174: warn: 	instruction 'bti' unimplemented
src/sim/mem_state.cc:443: info: Increasing stack size by one page.
src/sim/mem_state.cc:443: info: Increasing stack size by one page.
src/sim/mem_state.cc:443: info: Increasing stack size by one page.
src/sim/mem_state.cc:443: info: Increasing stack size by one page.
src/sim/mem_state.cc:443: info: Increasing stack size by one page.
src/sim/mem_state.cc:443: info: Increasing stack size by one page.
src/sim/mem_state.cc:443: info: Increasing stack size by one page.
----spmv----
N_ROWS          : 8192 
N_COLS          : 65536 
NNZ             : 524155 
Execution time: 6.423470 (ms) 
Global frequency set at 1000000000000 ticks per second
src/mem/dram_interface.cc:690: warn: DRAM device capacity (16384 Mbytes) does not match the address range assigned (512 Mbytes)
src/mem/dram_interface.cc:690: warn: DRAM device capacity (16384 Mbytes) does not match the address range assigned (512 Mbytes)
src/base/statistics.hh:279: warn: One of the stats is a legacy stat. Legacy stat is a stat that does not belong to any statistics::Group. Legacy stat is deprecated.
board.remote_gdb: Listening for connections on port 7001
gem5 Simulator System.  https://www.gem5.org
gem5 is copyrighted software; use the --copyright option for details.

gem5 version 25.0.0.1
gem5 compiled May  5 2026 12:55:05
gem5 started Jun 18 2026 01:41:50
gem5 executing on cn27.guoehi.cluster, pid 188980
command line: /home/fdemirel/HPC_Lab_Proj/imp/../../gem5/build/ALL/gem5.opt -s --outdir=results_imp_multisim --stdout-file=matmult_imp_ipd16_l2_ddr4_2x_simout.txt --stderr-file=matmult_imp_ipd16_l2_ddr4_2x_simerr.txt --stats-file=stats.txt -c 'from multiprocessing.spawn import spawn_main; spawn_main(tracker_fd=7, pipe_handle=13)' --multiprocessing-fork

src/sim/mem_state.cc:443: info: Increasing stack size by one page.
src/sim/syscall_emul.hh:1121: warn: readlink() called on '/proc/self/exe' may yield unexpected results in various settings.
      Returning '/home/fdemirel/HPC_Lab_Proj/benchmarks/matmult/matmult-m5.x'
src/arch/arm/insts/pseudo.cc:174: warn: 	instruction 'bti' unimplemented

----MATRIX MULTIPLICATION----

----Computation starts----
Loop 0 ... 
argc = 2, A[argc][argc] = 0.500000, B[argc][argc] = 0.500000, C[argc][argc] = 0.500000 
Execution time: 1.222351 (ms) 
Global frequency set at 1000000000000 ticks per second
src/mem/dram_interface.cc:690: warn: DRAM device capacity (16384 Mbytes) does not match the address range assigned (1024 Mbytes)
src/base/statistics.hh:279: warn: One of the stats is a legacy stat. Legacy stat is a stat that does not belong to any statistics::Group. Legacy stat is deprecated.
board.remote_gdb: Listening for connections on port 7001
gem5 Simulator System.  https://www.gem5.org
gem5 is copyrighted software; use the --copyright option for details.

gem5 version 25.0.0.1
gem5 compiled May  5 2026 12:55:05
gem5 started Jun 18 2026 01:42:59
gem5 executing on cn27.guoehi.cluster, pid 188984
command line: /home/fdemirel/HPC_Lab_Proj/imp/../../gem5/build/ALL/gem5.opt -s --outdir=results_imp_multisim --stdout-file=spmv_imp_addrlen16_l2_ddr4_1x_simout.txt --stderr-file=spmv_imp_addrlen16_l2_ddr4_1x_simerr.txt --stats-file=stats.txt -c 'from multiprocessing.spawn import spawn_main; spawn_main(tracker_fd=7, pipe_handle=13)' --multiprocessing-fork

src/sim/mem_state.cc:443: info: Increasing stack size by one page.
src/sim/syscall_emul.hh:1121: warn: readlink() called on '/proc/self/exe' may yield unexpected results in various settings.
      Returning '/home/fdemirel/HPC_Lab_Proj/benchmarks/spmv/spmv-m5.x'
src/arch/arm/insts/pseudo.cc:174: warn: 	instruction 'bti' unimplemented
src/sim/mem_state.cc:443: info: Increasing stack size by one page.
src/sim/mem_state.cc:443: info: Increasing stack size by one page.
src/sim/mem_state.cc:443: info: Increasing stack size by one page.
src/sim/mem_state.cc:443: info: Increasing stack size by one page.
src/sim/mem_state.cc:443: info: Increasing stack size by one page.
src/sim/mem_state.cc:443: info: Increasing stack size by one page.
src/sim/mem_state.cc:443: info: Increasing stack size by one page.

----merge----
Execution time: 10.326216 (ms) 
random_elem:0, /home/fdemirel/HPC_Lab_Proj/benchmarks/merge/merge-m5.x
----spmv----
N_ROWS          : 8192 
N_COLS          : 65536 
NNZ             : 524155 
Execution time: 6.728739 (ms) 
Global frequency set at 1000000000000 ticks per second
src/mem/dram_interface.cc:690: warn: DRAM device capacity (16384 Mbytes) does not match the address range assigned (512 Mbytes)
src/mem/dram_interface.cc:690: warn: DRAM device capacity (16384 Mbytes) does not match the address range assigned (512 Mbytes)
src/base/statistics.hh:279: warn: One of the stats is a legacy stat. Legacy stat is a stat that does not belong to any statistics::Group. Legacy stat is deprecated.
board.remote_gdb: Listening for connections on port 7000
gem5 Simulator System.  https://www.gem5.org
gem5 is copyrighted software; use the --copyright option for details.

gem5 version 25.0.0.1
gem5 compiled May  5 2026 12:55:05
gem5 started Jun 18 2026 01:43:30
gem5 executing on cn27.guoehi.cluster, pid 188989
command line: /home/fdemirel/HPC_Lab_Proj/imp/../../gem5/build/ALL/gem5.opt -s --outdir=results_imp_multisim --stdout-file=simple_triad_imp_addrlen16_l2_ddr4_2x_simout.txt --stderr-file=simple_triad_imp_addrlen16_l2_ddr4_2x_simerr.txt --stats-file=stats.txt -c 'from multiprocessing.spawn import spawn_main; spawn_main(tracker_fd=7, pipe_handle=13)' --multiprocessing-fork

src/sim/mem_state.cc:443: info: Increasing stack size by one page.
src/sim/syscall_emul.hh:1121: warn: readlink() called on '/proc/self/exe' may yield unexpected results in various settings.
      Returning '/home/fdemirel/HPC_Lab_Proj/benchmarks/simple_triad/simple_triad-m5.x'
Global frequency set at 1000000000000 ticks per second
src/mem/dram_interface.cc:690: warn: DRAM device capacity (16384 Mbytes) does not match the address range assigned (512 Mbytes)
src/mem/dram_interface.cc:690: warn: DRAM device capacity (16384 Mbytes) does not match the address range assigned (512 Mbytes)
src/base/statistics.hh:279: warn: One of the stats is a legacy stat. Legacy stat is a stat that does not belong to any statistics::Group. Legacy stat is deprecated.
board.remote_gdb: Listening for connections on port 7002
gem5 Simulator System.  https://www.gem5.org
gem5 is copyrighted software; use the --copyright option for details.

gem5 version 25.0.0.1
gem5 compiled May  5 2026 12:55:05
gem5 started Jun 18 2026 01:43:36
gem5 executing on cn27.guoehi.cluster, pid 188990
command line: /home/fdemirel/HPC_Lab_Proj/imp/../../gem5/build/ALL/gem5.opt -s --outdir=results_imp_multisim --stdout-file=quick_imp_pt64_l2_ddr4_2x_simout.txt --stderr-file=quick_imp_pt64_l2_ddr4_2x_simerr.txt --stats-file=stats.txt -c 'from multiprocessing.spawn import spawn_main; spawn_main(tracker_fd=7, pipe_handle=13)' --multiprocessing-fork

src/sim/mem_state.cc:443: info: Increasing stack size by one page.
src/sim/syscall_emul.hh:1121: warn: readlink() called on '/proc/self/exe' may yield unexpected results in various settings.
      Returning '/home/fdemirel/HPC_Lab_Proj/benchmarks/quick/quick-m5.x'
src/arch/arm/insts/pseudo.cc:174: warn: 	instruction 'bti' unimplemented
----spmv----
N_ROWS          : 8192 
N_COLS          : 65536 
NNZ             : 524155 
Execution time: 6.890919 (ms) 
Global frequency set at 1000000000000 ticks per second
src/mem/dram_interface.cc:690: warn: DRAM device capacity (16384 Mbytes) does not match the address range assigned (512 Mbytes)
src/mem/dram_interface.cc:690: warn: DRAM device capacity (16384 Mbytes) does not match the address range assigned (512 Mbytes)
src/base/statistics.hh:279: warn: One of the stats is a legacy stat. Legacy stat is a stat that does not belong to any statistics::Group. Legacy stat is deprecated.
board.remote_gdb: Listening for connections on port 7001
gem5 Simulator System.  https://www.gem5.org
gem5 is copyrighted software; use the --copyright option for details.

gem5 version 25.0.0.1
gem5 compiled May  5 2026 12:55:05
gem5 started Jun 18 2026 01:44:58
gem5 executing on cn27.guoehi.cluster, pid 189001
command line: /home/fdemirel/HPC_Lab_Proj/imp/../../gem5/build/ALL/gem5.opt -s --outdir=results_imp_multisim --stdout-file=matmult_imp_addrlen16_l1d_ddr4_2x_simout.txt --stderr-file=matmult_imp_addrlen16_l1d_ddr4_2x_simerr.txt --stats-file=stats.txt -c 'from multiprocessing.spawn import spawn_main; spawn_main(tracker_fd=7, pipe_handle=13)' --multiprocessing-fork

src/sim/mem_state.cc:443: info: Increasing stack size by one page.
src/sim/syscall_emul.hh:1121: warn: readlink() called on '/proc/self/exe' may yield unexpected results in various settings.
      Returning '/home/fdemirel/HPC_Lab_Proj/benchmarks/matmult/matmult-m5.x'
src/arch/arm/insts/pseudo.cc:174: warn: 	instruction 'bti' unimplemented
Array SIZE      : 1000000 
Array LOOP      : 1 

----triad----
a[0]=7.00e+00. b[0]=2.00e+00. c[0]=1.00e+00.
Execution time: 2.250846 (ms) 
   Rate [MB/s]: 10662.7 
Global frequency set at 1000000000000 ticks per second
src/mem/dram_interface.cc:690: warn: DRAM device capacity (16384 Mbytes) does not match the address range assigned (512 Mbytes)
src/mem/dram_interface.cc:690: warn: DRAM device capacity (16384 Mbytes) does not match the address range assigned (512 Mbytes)
src/base/statistics.hh:279: warn: One of the stats is a legacy stat. Legacy stat is a stat that does not belong to any statistics::Group. Legacy stat is deprecated.
board.remote_gdb: Listening for connections on port 7000
gem5 Simulator System.  https://www.gem5.org
gem5 is copyrighted software; use the --copyright option for details.

gem5 version 25.0.0.1
gem5 compiled May  5 2026 12:55:05
gem5 started Jun 18 2026 01:45:21
gem5 executing on cn27.guoehi.cluster, pid 189005
command line: /home/fdemirel/HPC_Lab_Proj/imp/../../gem5/build/ALL/gem5.opt -s --outdir=results_imp_multisim --stdout-file=matmult_imp_dist8_l1d_ddr4_2x_simout.txt --stderr-file=matmult_imp_dist8_l1d_ddr4_2x_simerr.txt --stats-file=stats.txt -c 'from multiprocessing.spawn import spawn_main; spawn_main(tracker_fd=7, pipe_handle=13)' --multiprocessing-fork

src/sim/mem_state.cc:443: info: Increasing stack size by one page.
src/sim/syscall_emul.hh:1121: warn: readlink() called on '/proc/self/exe' may yield unexpected results in various settings.
      Returning '/home/fdemirel/HPC_Lab_Proj/benchmarks/matmult/matmult-m5.x'
src/arch/arm/insts/pseudo.cc:174: warn: 	instruction 'bti' unimplemented

----merge----
Execution time: 10.335880 (ms) 
random_elem:0, /home/fdemirel/HPC_Lab_Proj/benchmarks/merge/merge-m5.x
Global frequency set at 1000000000000 ticks per second
src/mem/dram_interface.cc:690: warn: DRAM device capacity (16384 Mbytes) does not match the address range assigned (1024 Mbytes)
src/base/statistics.hh:279: warn: One of the stats is a legacy stat. Legacy stat is a stat that does not belong to any statistics::Group. Legacy stat is deprecated.
board.remote_gdb: Listening for connections on port 7003
gem5 Simulator System.  https://www.gem5.org
gem5 is copyrighted software; use the --copyright option for details.

gem5 version 25.0.0.1
gem5 compiled May  5 2026 12:55:05
gem5 started Jun 18 2026 01:45:50
gem5 executing on cn27.guoehi.cluster, pid 189008
command line: /home/fdemirel/HPC_Lab_Proj/imp/../../gem5/build/ALL/gem5.opt -s --outdir=results_imp_multisim --stdout-file=simple_triad_imp_sdist2_l2_ddr4_1x_simout.txt --stderr-file=simple_triad_imp_sdist2_l2_ddr4_1x_simerr.txt --stats-file=stats.txt -c 'from multiprocessing.spawn import spawn_main; spawn_main(tracker_fd=7, pipe_handle=13)' --multiprocessing-fork

src/sim/mem_state.cc:443: info: Increasing stack size by one page.
src/sim/syscall_emul.hh:1121: warn: readlink() called on '/proc/self/exe' may yield unexpected results in various settings.
      Returning '/home/fdemirel/HPC_Lab_Proj/benchmarks/simple_triad/simple_triad-m5.x'

----MATRIX MULTIPLICATION----

----Computation starts----
Loop 0 ... 
argc = 2, A[argc][argc] = 0.500000, B[argc][argc] = 0.500000, C[argc][argc] = 0.500000 
Execution time: 1.253482 (ms) 
Global frequency set at 1000000000000 ticks per second
src/mem/dram_interface.cc:690: warn: DRAM device capacity (16384 Mbytes) does not match the address range assigned (512 Mbytes)
src/mem/dram_interface.cc:690: warn: DRAM device capacity (16384 Mbytes) does not match the address range assigned (512 Mbytes)
src/base/statistics.hh:279: warn: One of the stats is a legacy stat. Legacy stat is a stat that does not belong to any statistics::Group. Legacy stat is deprecated.
board.remote_gdb: Listening for connections on port 7001
gem5 Simulator System.  https://www.gem5.org
gem5 is copyrighted software; use the --copyright option for details.

gem5 version 25.0.0.1
gem5 compiled May  5 2026 12:55:05
gem5 started Jun 18 2026 01:46:10
gem5 executing on cn27.guoehi.cluster, pid 189012
command line: /home/fdemirel/HPC_Lab_Proj/imp/../../gem5/build/ALL/gem5.opt -s --outdir=results_imp_multisim --stdout-file=bfs_imp_pt64_l1d_ddr4_2x_simout.txt --stderr-file=bfs_imp_pt64_l1d_ddr4_2x_simerr.txt --stats-file=stats.txt -c 'from multiprocessing.spawn import spawn_main; spawn_main(tracker_fd=7, pipe_handle=13)' --multiprocessing-fork

src/sim/mem_state.cc:443: info: Increasing stack size by one page.
src/sim/syscall_emul.hh:1121: warn: readlink() called on '/proc/self/exe' may yield unexpected results in various settings.
      Returning '/home/fdemirel/HPC_Lab_Proj/benchmarks/bfs/bfs-m5.x'
src/arch/arm/insts/pseudo.cc:174: warn: 	instruction 'bti' unimplemented
Beginning BFS ...

----MATRIX MULTIPLICATION----

----Computation starts----
Loop 0 ... 
argc = 2, A[argc][argc] = 0.500000, B[argc][argc] = 0.500000, C[argc][argc] = 0.500000 
Execution time: 1.253482 (ms) 
Global frequency set at 1000000000000 ticks per second
src/mem/dram_interface.cc:690: warn: DRAM device capacity (16384 Mbytes) does not match the address range assigned (1024 Mbytes)
src/base/statistics.hh:279: warn: One of the stats is a legacy stat. Legacy stat is a stat that does not belong to any statistics::Group. Legacy stat is deprecated.
board.remote_gdb: Listening for connections on port 7000
gem5 Simulator System.  https://www.gem5.org
gem5 is copyrighted software; use the --copyright option for details.

gem5 version 25.0.0.1
gem5 compiled May  5 2026 12:55:05
gem5 started Jun 18 2026 01:46:34
gem5 executing on cn27.guoehi.cluster, pid 189016
command line: /home/fdemirel/HPC_Lab_Proj/imp/../../gem5/build/ALL/gem5.opt -s --outdir=results_imp_multisim --stdout-file=spmv_imp_thr1_l1d_ddr4_1x_simout.txt --stderr-file=spmv_imp_thr1_l1d_ddr4_1x_simerr.txt --stats-file=stats.txt -c 'from multiprocessing.spawn import spawn_main; spawn_main(tracker_fd=7, pipe_handle=13)' --multiprocessing-fork

src/sim/mem_state.cc:443: info: Increasing stack size by one page.
src/sim/syscall_emul.hh:1121: warn: readlink() called on '/proc/self/exe' may yield unexpected results in various settings.
      Returning '/home/fdemirel/HPC_Lab_Proj/benchmarks/spmv/spmv-m5.x'
src/arch/arm/insts/pseudo.cc:174: warn: 	instruction 'bti' unimplemented
src/sim/mem_state.cc:443: info: Increasing stack size by one page.
src/sim/mem_state.cc:443: info: Increasing stack size by one page.
src/sim/mem_state.cc:443: info: Increasing stack size by one page.
src/sim/mem_state.cc:443: info: Increasing stack size by one page.
src/sim/mem_state.cc:443: info: Increasing stack size by one page.
src/sim/mem_state.cc:443: info: Increasing stack size by one page.
src/sim/mem_state.cc:443: info: Increasing stack size by one page.
Array SIZE      : 1000000 
Array LOOP      : 1 

----triad----
a[0]=7.00e+00. b[0]=2.00e+00. c[0]=1.00e+00.
Execution time: 2.641049 (ms) 
   Rate [MB/s]: 9087.3 
----quick sort----
Array SIZE      : 131072 
random_elem:0, /home/fdemirel/HPC_Lab_Proj/benchmarks/quick/quick-m5.x
Execution time: 8.952131 (ms) 
Global frequency set at 1000000000000 ticks per second
src/mem/dram_interface.cc:690: warn: DRAM device capacity (16384 Mbytes) does not match the address range assigned (1024 Mbytes)
src/base/statistics.hh:279: warn: One of the stats is a legacy stat. Legacy stat is a stat that does not belong to any statistics::Group. Legacy stat is deprecated.
board.remote_gdb: Listening for connections on port 7002
gem5 Simulator System.  https://www.gem5.org
gem5 is copyrighted software; use the --copyright option for details.

gem5 version 25.0.0.1
gem5 compiled May  5 2026 12:55:05
gem5 started Jun 18 2026 01:47:42
gem5 executing on cn27.guoehi.cluster, pid 189021
command line: /home/fdemirel/HPC_Lab_Proj/imp/../../gem5/build/ALL/gem5.opt -s --outdir=results_imp_multisim --stdout-file=bfs_imp_pt64_l2_ddr4_1x_simout.txt --stderr-file=bfs_imp_pt64_l2_ddr4_1x_simerr.txt --stats-file=stats.txt -c 'from multiprocessing.spawn import spawn_main; spawn_main(tracker_fd=7, pipe_handle=13)' --multiprocessing-fork

src/sim/mem_state.cc:443: info: Increasing stack size by one page.
src/sim/syscall_emul.hh:1121: warn: readlink() called on '/proc/self/exe' may yield unexpected results in various settings.
      Returning '/home/fdemirel/HPC_Lab_Proj/benchmarks/bfs/bfs-m5.x'
src/arch/arm/insts/pseudo.cc:174: warn: 	instruction 'bti' unimplemented
Beginning BFS ...
Global frequency set at 1000000000000 ticks per second
src/mem/dram_interface.cc:690: warn: DRAM device capacity (16384 Mbytes) does not match the address range assigned (512 Mbytes)
src/mem/dram_interface.cc:690: warn: DRAM device capacity (16384 Mbytes) does not match the address range assigned (512 Mbytes)
src/base/statistics.hh:279: warn: One of the stats is a legacy stat. Legacy stat is a stat that does not belong to any statistics::Group. Legacy stat is deprecated.
board.remote_gdb: Listening for connections on port 7003
gem5 Simulator System.  https://www.gem5.org
gem5 is copyrighted software; use the --copyright option for details.

gem5 version 25.0.0.1
gem5 compiled May  5 2026 12:55:05
gem5 started Jun 18 2026 01:47:51
gem5 executing on cn27.guoehi.cluster, pid 189022
command line: /home/fdemirel/HPC_Lab_Proj/imp/../../gem5/build/ALL/gem5.opt -s --outdir=results_imp_multisim --stdout-file=simple_triad_imp_dist8_l2_ddr4_2x_simout.txt --stderr-file=simple_triad_imp_dist8_l2_ddr4_2x_simerr.txt --stats-file=stats.txt -c 'from multiprocessing.spawn import spawn_main; spawn_main(tracker_fd=7, pipe_handle=13)' --multiprocessing-fork

src/sim/mem_state.cc:443: info: Increasing stack size by one page.
src/sim/syscall_emul.hh:1121: warn: readlink() called on '/proc/self/exe' may yield unexpected results in various settings.
      Returning '/home/fdemirel/HPC_Lab_Proj/benchmarks/simple_triad/simple_triad-m5.x'
----spmv----
N_ROWS          : 8192 
N_COLS          : 65536 
NNZ             : 524155 
Execution time: 6.728739 (ms) 
Global frequency set at 1000000000000 ticks per second
src/mem/dram_interface.cc:690: warn: DRAM device capacity (16384 Mbytes) does not match the address range assigned (512 Mbytes)
src/mem/dram_interface.cc:690: warn: DRAM device capacity (16384 Mbytes) does not match the address range assigned (512 Mbytes)
src/base/statistics.hh:279: warn: One of the stats is a legacy stat. Legacy stat is a stat that does not belong to any statistics::Group. Legacy stat is deprecated.
board.remote_gdb: Listening for connections on port 7000
gem5 Simulator System.  https://www.gem5.org
gem5 is copyrighted software; use the --copyright option for details.

gem5 version 25.0.0.1
gem5 compiled May  5 2026 12:55:05
gem5 started Jun 18 2026 01:48:56
gem5 executing on cn27.guoehi.cluster, pid 189032
command line: /home/fdemirel/HPC_Lab_Proj/imp/../../gem5/build/ALL/gem5.opt -s --outdir=results_imp_multisim --stdout-file=quick_imp_ipd16_l1d_ddr4_2x_simout.txt --stderr-file=quick_imp_ipd16_l1d_ddr4_2x_simerr.txt --stats-file=stats.txt -c 'from multiprocessing.spawn import spawn_main; spawn_main(tracker_fd=7, pipe_handle=13)' --multiprocessing-fork

src/sim/mem_state.cc:443: info: Increasing stack size by one page.
src/sim/syscall_emul.hh:1121: warn: readlink() called on '/proc/self/exe' may yield unexpected results in various settings.
      Returning '/home/fdemirel/HPC_Lab_Proj/benchmarks/quick/quick-m5.x'
src/arch/arm/insts/pseudo.cc:174: warn: 	instruction 'bti' unimplemented
Array SIZE      : 1000000 
Array LOOP      : 1 

----triad----
a[0]=7.00e+00. b[0]=2.00e+00. c[0]=1.00e+00.
Execution time: 2.250846 (ms) 
   Rate [MB/s]: 10662.7 
Global frequency set at 1000000000000 ticks per second
src/mem/dram_interface.cc:690: warn: DRAM device capacity (16384 Mbytes) does not match the address range assigned (1024 Mbytes)
src/base/statistics.hh:279: warn: One of the stats is a legacy stat. Legacy stat is a stat that does not belong to any statistics::Group. Legacy stat is deprecated.
board.remote_gdb: Listening for connections on port 7003
gem5 Simulator System.  https://www.gem5.org
gem5 is copyrighted software; use the --copyright option for details.

gem5 version 25.0.0.1
gem5 compiled May  5 2026 12:55:05
gem5 started Jun 18 2026 01:49:41
gem5 executing on cn27.guoehi.cluster, pid 189036
command line: /home/fdemirel/HPC_Lab_Proj/imp/../../gem5/build/ALL/gem5.opt -s --outdir=results_imp_multisim --stdout-file=merge_imp_dist8_l2_ddr4_1x_simout.txt --stderr-file=merge_imp_dist8_l2_ddr4_1x_simerr.txt --stats-file=stats.txt -c 'from multiprocessing.spawn import spawn_main; spawn_main(tracker_fd=7, pipe_handle=13)' --multiprocessing-fork

src/sim/mem_state.cc:443: info: Increasing stack size by one page.
src/sim/syscall_emul.hh:1121: warn: readlink() called on '/proc/self/exe' may yield unexpected results in various settings.
      Returning '/home/fdemirel/HPC_Lab_Proj/benchmarks/merge/merge-m5.x'
src/arch/arm/insts/pseudo.cc:174: warn: 	instruction 'bti' unimplemented
Finished BFS.
Global frequency set at 1000000000000 ticks per second
----quick sort----
Array SIZE      : 131072 
random_elem:0, /home/fdemirel/HPC_Lab_Proj/benchmarks/quick/quick-m5.x
Execution time: 8.734951 (ms) 
src/mem/dram_interface.cc:690: warn: DRAM device capacity (16384 Mbytes) does not match the address range assigned (512 Mbytes)
src/mem/dram_interface.cc:690: warn: DRAM device capacity (16384 Mbytes) does not match the address range assigned (512 Mbytes)
src/base/statistics.hh:279: warn: One of the stats is a legacy stat. Legacy stat is a stat that does not belong to any statistics::Group. Legacy stat is deprecated.
board.remote_gdb: Listening for connections on port 7001
gem5 Simulator System.  https://www.gem5.org
gem5 is copyrighted software; use the --copyright option for details.

gem5 version 25.0.0.1
gem5 compiled May  5 2026 12:55:05
gem5 started Jun 18 2026 01:52:50
gem5 executing on cn27.guoehi.cluster, pid 189048
command line: /home/fdemirel/HPC_Lab_Proj/imp/../../gem5/build/ALL/gem5.opt -s --outdir=results_imp_multisim --stdout-file=spmv_imp_addrlen16_l2_ddr4_2x_simout.txt --stderr-file=spmv_imp_addrlen16_l2_ddr4_2x_simerr.txt --stats-file=stats.txt -c 'from multiprocessing.spawn import spawn_main; spawn_main(tracker_fd=7, pipe_handle=13)' --multiprocessing-fork

src/sim/mem_state.cc:443: info: Increasing stack size by one page.
src/sim/syscall_emul.hh:1121: warn: readlink() called on '/proc/self/exe' may yield unexpected results in various settings.
      Returning '/home/fdemirel/HPC_Lab_Proj/benchmarks/spmv/spmv-m5.x'
src/arch/arm/insts/pseudo.cc:174: warn: 	instruction 'bti' unimplemented
src/sim/mem_state.cc:443: info: Increasing stack size by one page.
src/sim/mem_state.cc:443: info: Increasing stack size by one page.
src/sim/mem_state.cc:443: info: Increasing stack size by one page.
src/sim/mem_state.cc:443: info: Increasing stack size by one page.
src/sim/mem_state.cc:443: info: Increasing stack size by one page.
src/sim/mem_state.cc:443: info: Increasing stack size by one page.
src/sim/mem_state.cc:443: info: Increasing stack size by one page.
Global frequency set at 1000000000000 ticks per second
src/mem/dram_interface.cc:690: warn: DRAM device capacity (16384 Mbytes) does not match the address range assigned (1024 Mbytes)
src/base/statistics.hh:279: warn: One of the stats is a legacy stat. Legacy stat is a stat that does not belong to any statistics::Group. Legacy stat is deprecated.
board.remote_gdb: Listening for connections on port 7000
gem5 Simulator System.  https://www.gem5.org
gem5 is copyrighted software; use the --copyright option for details.

gem5 version 25.0.0.1
gem5 compiled May  5 2026 12:55:05
gem5 started Jun 18 2026 01:53:07
gem5 executing on cn27.guoehi.cluster, pid 189054
command line: /home/fdemirel/HPC_Lab_Proj/imp/../../gem5/build/ALL/gem5.opt -s --outdir=results_imp_multisim --stdout-file=simple_triad_imp_ipd8_l1d_ddr4_1x_simout.txt --stderr-file=simple_triad_imp_ipd8_l1d_ddr4_1x_simerr.txt --stats-file=stats.txt -c 'from multiprocessing.spawn import spawn_main; spawn_main(tracker_fd=7, pipe_handle=13)' --multiprocessing-fork

src/sim/mem_state.cc:443: info: Increasing stack size by one page.
src/sim/syscall_emul.hh:1121: warn: readlink() called on '/proc/self/exe' may yield unexpected results in various settings.
      Returning '/home/fdemirel/HPC_Lab_Proj/benchmarks/simple_triad/simple_triad-m5.x'
Finished BFS.
Global frequency set at 1000000000000 ticks per second
src/mem/dram_interface.cc:690: warn: DRAM device capacity (16384 Mbytes) does not match the address range assigned (512 Mbytes)
src/mem/dram_interface.cc:690: warn: DRAM device capacity (16384 Mbytes) does not match the address range assigned (512 Mbytes)
src/base/statistics.hh:279: warn: One of the stats is a legacy stat. Legacy stat is a stat that does not belong to any statistics::Group. Legacy stat is deprecated.
board.remote_gdb: Listening for connections on port 7002
gem5 Simulator System.  https://www.gem5.org
gem5 is copyrighted software; use the --copyright option for details.

gem5 version 25.0.0.1
gem5 compiled May  5 2026 12:55:05
gem5 started Jun 18 2026 01:53:58
gem5 executing on cn27.guoehi.cluster, pid 189058
command line: /home/fdemirel/HPC_Lab_Proj/imp/../../gem5/build/ALL/gem5.opt -s --outdir=results_imp_multisim --stdout-file=spmv_imp_dist8_l2_ddr4_2x_simout.txt --stderr-file=spmv_imp_dist8_l2_ddr4_2x_simerr.txt --stats-file=stats.txt -c 'from multiprocessing.spawn import spawn_main; spawn_main(tracker_fd=7, pipe_handle=13)' --multiprocessing-fork

src/sim/mem_state.cc:443: info: Increasing stack size by one page.
src/sim/syscall_emul.hh:1121: warn: readlink() called on '/proc/self/exe' may yield unexpected results in various settings.
      Returning '/home/fdemirel/HPC_Lab_Proj/benchmarks/spmv/spmv-m5.x'
src/arch/arm/insts/pseudo.cc:174: warn: 	instruction 'bti' unimplemented
src/sim/mem_state.cc:443: info: Increasing stack size by one page.
src/sim/mem_state.cc:443: info: Increasing stack size by one page.
src/sim/mem_state.cc:443: info: Increasing stack size by one page.
src/sim/mem_state.cc:443: info: Increasing stack size by one page.
src/sim/mem_state.cc:443: info: Increasing stack size by one page.
src/sim/mem_state.cc:443: info: Increasing stack size by one page.
src/sim/mem_state.cc:443: info: Increasing stack size by one page.

----merge----
Execution time: 10.644514 (ms) 
random_elem:0, /home/fdemirel/HPC_Lab_Proj/benchmarks/merge/merge-m5.x
----spmv----
N_ROWS          : 8192 
N_COLS          : 65536 
NNZ             : 524155 
Execution time: 6.423470 (ms) 
Global frequency set at 1000000000000 ticks per second
Array SIZE      : 1000000 
Array LOOP      : 1 

----triad----
a[0]=7.00e+00. b[0]=2.00e+00. c[0]=1.00e+00.
Execution time: 2.776922 (ms) 
   Rate [MB/s]: 8642.7 
src/mem/dram_interface.cc:690: warn: DRAM device capacity (16384 Mbytes) does not match the address range assigned (1024 Mbytes)
src/base/statistics.hh:279: warn: One of the stats is a legacy stat. Legacy stat is a stat that does not belong to any statistics::Group. Legacy stat is deprecated.
board.remote_gdb: Listening for connections on port 7001
gem5 Simulator System.  https://www.gem5.org
gem5 is copyrighted software; use the --copyright option for details.

gem5 version 25.0.0.1
gem5 compiled May  5 2026 12:55:05
gem5 started Jun 18 2026 01:54:46
gem5 executing on cn27.guoehi.cluster, pid 189062
command line: /home/fdemirel/HPC_Lab_Proj/imp/../../gem5/build/ALL/gem5.opt -s --outdir=results_imp_multisim --stdout-file=matmult_imp_pt32_l2_ddr4_1x_simout.txt --stderr-file=matmult_imp_pt32_l2_ddr4_1x_simerr.txt --stats-file=stats.txt -c 'from multiprocessing.spawn import spawn_main; spawn_main(tracker_fd=7, pipe_handle=13)' --multiprocessing-fork

src/sim/mem_state.cc:443: info: Increasing stack size by one page.
src/sim/syscall_emul.hh:1121: warn: readlink() called on '/proc/self/exe' may yield unexpected results in various settings.
      Returning '/home/fdemirel/HPC_Lab_Proj/benchmarks/matmult/matmult-m5.x'
src/arch/arm/insts/pseudo.cc:174: warn: 	instruction 'bti' unimplemented
Global frequency set at 1000000000000 ticks per second
src/mem/dram_interface.cc:690: warn: DRAM device capacity (16384 Mbytes) does not match the address range assigned (512 Mbytes)
src/mem/dram_interface.cc:690: warn: DRAM device capacity (16384 Mbytes) does not match the address range assigned (512 Mbytes)
src/base/statistics.hh:279: warn: One of the stats is a legacy stat. Legacy stat is a stat that does not belong to any statistics::Group. Legacy stat is deprecated.
board.remote_gdb: Listening for connections on port 7000
gem5 Simulator System.  https://www.gem5.org
gem5 is copyrighted software; use the --copyright option for details.

gem5 version 25.0.0.1
gem5 compiled May  5 2026 12:55:05
gem5 started Jun 18 2026 01:54:51
gem5 executing on cn27.guoehi.cluster, pid 189063
command line: /home/fdemirel/HPC_Lab_Proj/imp/../../gem5/build/ALL/gem5.opt -s --outdir=results_imp_multisim --stdout-file=matmult_imp_thr1_l2_ddr4_2x_simout.txt --stderr-file=matmult_imp_thr1_l2_ddr4_2x_simerr.txt --stats-file=stats.txt -c 'from multiprocessing.spawn import spawn_main; spawn_main(tracker_fd=7, pipe_handle=13)' --multiprocessing-fork

src/sim/mem_state.cc:443: info: Increasing stack size by one page.
src/sim/syscall_emul.hh:1121: warn: readlink() called on '/proc/self/exe' may yield unexpected results in various settings.
      Returning '/home/fdemirel/HPC_Lab_Proj/benchmarks/matmult/matmult-m5.x'
src/arch/arm/insts/pseudo.cc:174: warn: 	instruction 'bti' unimplemented
Global frequency set at 1000000000000 ticks per second
src/mem/dram_interface.cc:690: warn: DRAM device capacity (16384 Mbytes) does not match the address range assigned (1024 Mbytes)
src/base/statistics.hh:279: warn: One of the stats is a legacy stat. Legacy stat is a stat that does not belong to any statistics::Group. Legacy stat is deprecated.
board.remote_gdb: Listening for connections on port 7003
gem5 Simulator System.  https://www.gem5.org
gem5 is copyrighted software; use the --copyright option for details.

gem5 version 25.0.0.1
gem5 compiled May  5 2026 12:55:05
gem5 started Jun 18 2026 01:55:03
gem5 executing on cn27.guoehi.cluster, pid 189066
command line: /home/fdemirel/HPC_Lab_Proj/imp/../../gem5/build/ALL/gem5.opt -s --outdir=results_imp_multisim --stdout-file=spmv_imp_ipd8_l1d_ddr4_1x_simout.txt --stderr-file=spmv_imp_ipd8_l1d_ddr4_1x_simerr.txt --stats-file=stats.txt -c 'from multiprocessing.spawn import spawn_main; spawn_main(tracker_fd=7, pipe_handle=13)' --multiprocessing-fork

src/sim/mem_state.cc:443: info: Increasing stack size by one page.
src/sim/syscall_emul.hh:1121: warn: readlink() called on '/proc/self/exe' may yield unexpected results in various settings.
      Returning '/home/fdemirel/HPC_Lab_Proj/benchmarks/spmv/spmv-m5.x'
src/arch/arm/insts/pseudo.cc:174: warn: 	instruction 'bti' unimplemented
src/sim/mem_state.cc:443: info: Increasing stack size by one page.
src/sim/mem_state.cc:443: info: Increasing stack size by one page.
src/sim/mem_state.cc:443: info: Increasing stack size by one page.
src/sim/mem_state.cc:443: info: Increasing stack size by one page.
src/sim/mem_state.cc:443: info: Increasing stack size by one page.
src/sim/mem_state.cc:443: info: Increasing stack size by one page.
src/sim/mem_state.cc:443: info: Increasing stack size by one page.

----MATRIX MULTIPLICATION----

----Computation starts----
Loop 0 ... 
argc = 2, A[argc][argc] = 0.500000, B[argc][argc] = 0.500000, C[argc][argc] = 0.500000 
Execution time: 1.229960 (ms) 
----spmv----
N_ROWS          : 8192 
N_COLS          : 65536 
NNZ             : 524155 
Execution time: 6.423470 (ms) 

----MATRIX MULTIPLICATION----

----Computation starts----
Loop 0 ... 
argc = 2, A[argc][argc] = 0.500000, B[argc][argc] = 0.500000, C[argc][argc] = 0.500000 
Execution time: 1.222351 (ms) 
Global frequency set at 1000000000000 ticks per second
src/mem/dram_interface.cc:690: warn: DRAM device capacity (16384 Mbytes) does not match the address range assigned (512 Mbytes)
src/mem/dram_interface.cc:690: warn: DRAM device capacity (16384 Mbytes) does not match the address range assigned (512 Mbytes)
src/base/statistics.hh:279: warn: One of the stats is a legacy stat. Legacy stat is a stat that does not belong to any statistics::Group. Legacy stat is deprecated.
board.remote_gdb: Listening for connections on port 7000
gem5 Simulator System.  https://www.gem5.org
gem5 is copyrighted software; use the --copyright option for details.

gem5 version 25.0.0.1
gem5 compiled May  5 2026 12:55:05
gem5 started Jun 18 2026 01:55:55
gem5 executing on cn27.guoehi.cluster, pid 189073
command line: /home/fdemirel/HPC_Lab_Proj/imp/../../gem5/build/ALL/gem5.opt -s --outdir=results_imp_multisim --stdout-file=simple_triad_imp_sdist2_l2_ddr4_2x_simout.txt --stderr-file=simple_triad_imp_sdist2_l2_ddr4_2x_simerr.txt --stats-file=stats.txt -c 'from multiprocessing.spawn import spawn_main; spawn_main(tracker_fd=7, pipe_handle=13)' --multiprocessing-fork

src/sim/mem_state.cc:443: info: Increasing stack size by one page.
src/sim/syscall_emul.hh:1121: warn: readlink() called on '/proc/self/exe' may yield unexpected results in various settings.
      Returning '/home/fdemirel/HPC_Lab_Proj/benchmarks/simple_triad/simple_triad-m5.x'
Global frequency set at 1000000000000 ticks per second
src/mem/dram_interface.cc:690: warn: DRAM device capacity (16384 Mbytes) does not match the address range assigned (512 Mbytes)
src/mem/dram_interface.cc:690: warn: DRAM device capacity (16384 Mbytes) does not match the address range assigned (512 Mbytes)
src/base/statistics.hh:279: warn: One of the stats is a legacy stat. Legacy stat is a stat that does not belong to any statistics::Group. Legacy stat is deprecated.
board.remote_gdb: Listening for connections on port 7001
gem5 Simulator System.  https://www.gem5.org
gem5 is copyrighted software; use the --copyright option for details.

gem5 version 25.0.0.1
gem5 compiled May  5 2026 12:55:05
gem5 started Jun 18 2026 01:55:58
gem5 executing on cn27.guoehi.cluster, pid 189074
command line: /home/fdemirel/HPC_Lab_Proj/imp/../../gem5/build/ALL/gem5.opt -s --outdir=results_imp_multisim --stdout-file=quick_imp_thr1_l1d_ddr4_2x_simout.txt --stderr-file=quick_imp_thr1_l1d_ddr4_2x_simerr.txt --stats-file=stats.txt -c 'from multiprocessing.spawn import spawn_main; spawn_main(tracker_fd=7, pipe_handle=13)' --multiprocessing-fork

src/sim/mem_state.cc:443: info: Increasing stack size by one page.
src/sim/syscall_emul.hh:1121: warn: readlink() called on '/proc/self/exe' may yield unexpected results in various settings.
      Returning '/home/fdemirel/HPC_Lab_Proj/benchmarks/quick/quick-m5.x'
src/arch/arm/insts/pseudo.cc:174: warn: 	instruction 'bti' unimplemented
Global frequency set at 1000000000000 ticks per second
src/mem/dram_interface.cc:690: warn: DRAM device capacity (16384 Mbytes) does not match the address range assigned (1024 Mbytes)
src/base/statistics.hh:279: warn: One of the stats is a legacy stat. Legacy stat is a stat that does not belong to any statistics::Group. Legacy stat is deprecated.
board.remote_gdb: Listening for connections on port 7002
gem5 Simulator System.  https://www.gem5.org
gem5 is copyrighted software; use the --copyright option for details.

gem5 version 25.0.0.1
gem5 compiled May  5 2026 12:55:05
gem5 started Jun 18 2026 01:55:59
gem5 executing on cn27.guoehi.cluster, pid 189075
command line: /home/fdemirel/HPC_Lab_Proj/imp/../../gem5/build/ALL/gem5.opt -s --outdir=results_imp_multisim --stdout-file=merge_imp_pt32_l2_ddr4_1x_simout.txt --stderr-file=merge_imp_pt32_l2_ddr4_1x_simerr.txt --stats-file=stats.txt -c 'from multiprocessing.spawn import spawn_main; spawn_main(tracker_fd=7, pipe_handle=13)' --multiprocessing-fork

src/sim/mem_state.cc:443: info: Increasing stack size by one page.
src/sim/syscall_emul.hh:1121: warn: readlink() called on '/proc/self/exe' may yield unexpected results in various settings.
      Returning '/home/fdemirel/HPC_Lab_Proj/benchmarks/merge/merge-m5.x'
src/arch/arm/insts/pseudo.cc:174: warn: 	instruction 'bti' unimplemented
----spmv----
N_ROWS          : 8192 
N_COLS          : 65536 
NNZ             : 524155 
Execution time: 6.728739 (ms) 
Global frequency set at 1000000000000 ticks per second
src/mem/dram_interface.cc:690: warn: DRAM device capacity (16384 Mbytes) does not match the address range assigned (1024 Mbytes)
src/base/statistics.hh:279: warn: One of the stats is a legacy stat. Legacy stat is a stat that does not belong to any statistics::Group. Legacy stat is deprecated.
board.remote_gdb: Listening for connections on port 7003
gem5 Simulator System.  https://www.gem5.org
gem5 is copyrighted software; use the --copyright option for details.

gem5 version 25.0.0.1
gem5 compiled May  5 2026 12:55:05
gem5 started Jun 18 2026 01:57:27
gem5 executing on cn27.guoehi.cluster, pid 189086
command line: /home/fdemirel/HPC_Lab_Proj/imp/../../gem5/build/ALL/gem5.opt -s --outdir=results_imp_multisim --stdout-file=simple_triad_imp_dist64_l1d_ddr4_1x_simout.txt --stderr-file=simple_triad_imp_dist64_l1d_ddr4_1x_simerr.txt --stats-file=stats.txt -c 'from multiprocessing.spawn import spawn_main; spawn_main(tracker_fd=7, pipe_handle=13)' --multiprocessing-fork

src/sim/mem_state.cc:443: info: Increasing stack size by one page.
src/sim/syscall_emul.hh:1121: warn: readlink() called on '/proc/self/exe' may yield unexpected results in various settings.
      Returning '/home/fdemirel/HPC_Lab_Proj/benchmarks/simple_triad/simple_triad-m5.x'
Array SIZE      : 1000000 
Array LOOP      : 1 

----triad----
a[0]=7.00e+00. b[0]=2.00e+00. c[0]=1.00e+00.
Execution time: 1.970920 (ms) 
   Rate [MB/s]: 12177.1 
Global frequency set at 1000000000000 ticks per second
src/mem/dram_interface.cc:690: warn: DRAM device capacity (16384 Mbytes) does not match the address range assigned (1024 Mbytes)
src/base/statistics.hh:279: warn: One of the stats is a legacy stat. Legacy stat is a stat that does not belong to any statistics::Group. Legacy stat is deprecated.
board.remote_gdb: Listening for connections on port 7000
gem5 Simulator System.  https://www.gem5.org
gem5 is copyrighted software; use the --copyright option for details.

gem5 version 25.0.0.1
gem5 compiled May  5 2026 12:55:05
gem5 started Jun 18 2026 01:57:46
gem5 executing on cn27.guoehi.cluster, pid 189089
command line: /home/fdemirel/HPC_Lab_Proj/imp/../../gem5/build/ALL/gem5.opt -s --outdir=results_imp_multisim --stdout-file=quick_imp_ipd8_l1d_ddr4_1x_simout.txt --stderr-file=quick_imp_ipd8_l1d_ddr4_1x_simerr.txt --stats-file=stats.txt -c 'from multiprocessing.spawn import spawn_main; spawn_main(tracker_fd=7, pipe_handle=13)' --multiprocessing-fork

src/sim/mem_state.cc:443: info: Increasing stack size by one page.
src/sim/syscall_emul.hh:1121: warn: readlink() called on '/proc/self/exe' may yield unexpected results in various settings.
      Returning '/home/fdemirel/HPC_Lab_Proj/benchmarks/quick/quick-m5.x'
src/arch/arm/insts/pseudo.cc:174: warn: 	instruction 'bti' unimplemented
Array SIZE      : 1000000 
Array LOOP      : 1 

----triad----
a[0]=7.00e+00. b[0]=2.00e+00. c[0]=1.00e+00.
Execution time: 2.776922 (ms) 
   Rate [MB/s]: 8642.7 
Global frequency set at 1000000000000 ticks per second
src/mem/dram_interface.cc:690: warn: DRAM device capacity (16384 Mbytes) does not match the address range assigned (1024 Mbytes)
src/base/statistics.hh:279: warn: One of the stats is a legacy stat. Legacy stat is a stat that does not belong to any statistics::Group. Legacy stat is deprecated.
board.remote_gdb: Listening for connections on port 7003
gem5 Simulator System.  https://www.gem5.org
gem5 is copyrighted software; use the --copyright option for details.

gem5 version 25.0.0.1
gem5 compiled May  5 2026 12:55:05
gem5 started Jun 18 2026 01:59:20
gem5 executing on cn27.guoehi.cluster, pid 189095
command line: /home/fdemirel/HPC_Lab_Proj/imp/../../gem5/build/ALL/gem5.opt -s --outdir=results_imp_multisim --stdout-file=spmv_imp_addrlen8_l2_ddr4_1x_simout.txt --stderr-file=spmv_imp_addrlen8_l2_ddr4_1x_simerr.txt --stats-file=stats.txt -c 'from multiprocessing.spawn import spawn_main; spawn_main(tracker_fd=7, pipe_handle=13)' --multiprocessing-fork

src/sim/mem_state.cc:443: info: Increasing stack size by one page.
src/sim/syscall_emul.hh:1121: warn: readlink() called on '/proc/self/exe' may yield unexpected results in various settings.
      Returning '/home/fdemirel/HPC_Lab_Proj/benchmarks/spmv/spmv-m5.x'
src/arch/arm/insts/pseudo.cc:174: warn: 	instruction 'bti' unimplemented
src/sim/mem_state.cc:443: info: Increasing stack size by one page.
src/sim/mem_state.cc:443: info: Increasing stack size by one page.
src/sim/mem_state.cc:443: info: Increasing stack size by one page.
src/sim/mem_state.cc:443: info: Increasing stack size by one page.
src/sim/mem_state.cc:443: info: Increasing stack size by one page.
src/sim/mem_state.cc:443: info: Increasing stack size by one page.
src/sim/mem_state.cc:443: info: Increasing stack size by one page.
----quick sort----
Array SIZE      : 131072 
random_elem:0, /home/fdemirel/HPC_Lab_Proj/benchmarks/quick/quick-m5.x
Execution time: 8.734951 (ms) 
Global frequency set at 1000000000000 ticks per second
src/mem/dram_interface.cc:690: warn: DRAM device capacity (16384 Mbytes) does not match the address range assigned (1024 Mbytes)
src/base/statistics.hh:279: warn: One of the stats is a legacy stat. Legacy stat is a stat that does not belong to any statistics::Group. Legacy stat is deprecated.
board.remote_gdb: Listening for connections on port 7001
gem5 Simulator System.  https://www.gem5.org
gem5 is copyrighted software; use the --copyright option for details.

gem5 version 25.0.0.1
gem5 compiled May  5 2026 12:55:05
gem5 started Jun 18 2026 02:00:06
gem5 executing on cn27.guoehi.cluster, pid 189100
command line: /home/fdemirel/HPC_Lab_Proj/imp/../../gem5/build/ALL/gem5.opt -s --outdir=results_imp_multisim --stdout-file=matmult_imp_dist4_l2_ddr4_1x_simout.txt --stderr-file=matmult_imp_dist4_l2_ddr4_1x_simerr.txt --stats-file=stats.txt -c 'from multiprocessing.spawn import spawn_main; spawn_main(tracker_fd=7, pipe_handle=13)' --multiprocessing-fork

src/sim/mem_state.cc:443: info: Increasing stack size by one page.
src/sim/syscall_emul.hh:1121: warn: readlink() called on '/proc/self/exe' may yield unexpected results in various settings.
      Returning '/home/fdemirel/HPC_Lab_Proj/benchmarks/matmult/matmult-m5.x'
src/arch/arm/insts/pseudo.cc:174: warn: 	instruction 'bti' unimplemented

----merge----
Execution time: 10.644514 (ms) 
random_elem:0, /home/fdemirel/HPC_Lab_Proj/benchmarks/merge/merge-m5.x

----MATRIX MULTIPLICATION----

----Computation starts----
Loop 0 ... 
argc = 2, A[argc][argc] = 0.500000, B[argc][argc] = 0.500000, C[argc][argc] = 0.500000 
Execution time: 1.229960 (ms) 
Global frequency set at 1000000000000 ticks per second
src/mem/dram_interface.cc:690: warn: DRAM device capacity (16384 Mbytes) does not match the address range assigned (512 Mbytes)
src/mem/dram_interface.cc:690: warn: DRAM device capacity (16384 Mbytes) does not match the address range assigned (512 Mbytes)
src/base/statistics.hh:279: warn: One of the stats is a legacy stat. Legacy stat is a stat that does not belong to any statistics::Group. Legacy stat is deprecated.
board.remote_gdb: Listening for connections on port 7001
gem5 Simulator System.  https://www.gem5.org
gem5 is copyrighted software; use the --copyright option for details.

gem5 version 25.0.0.1
gem5 compiled May  5 2026 12:55:05
gem5 started Jun 18 2026 02:01:03
gem5 executing on cn27.guoehi.cluster, pid 189108
command line: /home/fdemirel/HPC_Lab_Proj/imp/../../gem5/build/ALL/gem5.opt -s --outdir=results_imp_multisim --stdout-file=bfs_imp_dist8_l1d_ddr4_2x_simout.txt --stderr-file=bfs_imp_dist8_l1d_ddr4_2x_simerr.txt --stats-file=stats.txt -c 'from multiprocessing.spawn import spawn_main; spawn_main(tracker_fd=7, pipe_handle=13)' --multiprocessing-fork

src/sim/mem_state.cc:443: info: Increasing stack size by one page.
src/sim/syscall_emul.hh:1121: warn: readlink() called on '/proc/self/exe' may yield unexpected results in various settings.
      Returning '/home/fdemirel/HPC_Lab_Proj/benchmarks/bfs/bfs-m5.x'
----spmv----
N_ROWS          : 8192 
N_COLS          : 65536 
NNZ             : 524155 
Execution time: 6.890919 (ms) 
src/arch/arm/insts/pseudo.cc:174: warn: 	instruction 'bti' unimplemented
Beginning BFS ...
Global frequency set at 1000000000000 ticks per second
src/mem/dram_interface.cc:690: warn: DRAM device capacity (16384 Mbytes) does not match the address range assigned (1024 Mbytes)
src/base/statistics.hh:279: warn: One of the stats is a legacy stat. Legacy stat is a stat that does not belong to any statistics::Group. Legacy stat is deprecated.
board.remote_gdb: Listening for connections on port 7002
gem5 Simulator System.  https://www.gem5.org
gem5 is copyrighted software; use the --copyright option for details.

gem5 version 25.0.0.1
gem5 compiled May  5 2026 12:55:05
gem5 started Jun 18 2026 02:01:12
gem5 executing on cn27.guoehi.cluster, pid 189111
command line: /home/fdemirel/HPC_Lab_Proj/imp/../../gem5/build/ALL/gem5.opt -s --outdir=results_imp_multisim --stdout-file=quick_imp_addrlen8_l2_ddr4_1x_simout.txt --stderr-file=quick_imp_addrlen8_l2_ddr4_1x_simerr.txt --stats-file=stats.txt -c 'from multiprocessing.spawn import spawn_main; spawn_main(tracker_fd=7, pipe_handle=13)' --multiprocessing-fork

src/sim/mem_state.cc:443: info: Increasing stack size by one page.
src/sim/syscall_emul.hh:1121: warn: readlink() called on '/proc/self/exe' may yield unexpected results in various settings.
      Returning '/home/fdemirel/HPC_Lab_Proj/benchmarks/quick/quick-m5.x'
src/arch/arm/insts/pseudo.cc:174: warn: 	instruction 'bti' unimplemented
Global frequency set at 1000000000000 ticks per second
src/mem/dram_interface.cc:690: warn: DRAM device capacity (16384 Mbytes) does not match the address range assigned (1024 Mbytes)
src/base/statistics.hh:279: warn: One of the stats is a legacy stat. Legacy stat is a stat that does not belong to any statistics::Group. Legacy stat is deprecated.
board.remote_gdb: Listening for connections on port 7003
gem5 Simulator System.  https://www.gem5.org
gem5 is copyrighted software; use the --copyright option for details.

gem5 version 25.0.0.1
gem5 compiled May  5 2026 12:55:05
gem5 started Jun 18 2026 02:01:21
gem5 executing on cn27.guoehi.cluster, pid 189114
command line: /home/fdemirel/HPC_Lab_Proj/imp/../../gem5/build/ALL/gem5.opt -s --outdir=results_imp_multisim --stdout-file=spmv_imp_dist64_l1d_ddr4_1x_simout.txt --stderr-file=spmv_imp_dist64_l1d_ddr4_1x_simerr.txt --stats-file=stats.txt -c 'from multiprocessing.spawn import spawn_main; spawn_main(tracker_fd=7, pipe_handle=13)' --multiprocessing-fork

src/sim/mem_state.cc:443: info: Increasing stack size by one page.
src/sim/syscall_emul.hh:1121: warn: readlink() called on '/proc/self/exe' may yield unexpected results in various settings.
      Returning '/home/fdemirel/HPC_Lab_Proj/benchmarks/spmv/spmv-m5.x'
src/arch/arm/insts/pseudo.cc:174: warn: 	instruction 'bti' unimplemented
src/sim/mem_state.cc:443: info: Increasing stack size by one page.
src/sim/mem_state.cc:443: info: Increasing stack size by one page.
src/sim/mem_state.cc:443: info: Increasing stack size by one page.
src/sim/mem_state.cc:443: info: Increasing stack size by one page.
src/sim/mem_state.cc:443: info: Increasing stack size by one page.
src/sim/mem_state.cc:443: info: Increasing stack size by one page.
src/sim/mem_state.cc:443: info: Increasing stack size by one page.
----quick sort----
Array SIZE      : 131072 
random_elem:0, /home/fdemirel/HPC_Lab_Proj/benchmarks/quick/quick-m5.x
Execution time: 8.782714 (ms) 
Global frequency set at 1000000000000 ticks per second
src/mem/dram_interface.cc:690: warn: DRAM device capacity (16384 Mbytes) does not match the address range assigned (1024 Mbytes)
src/base/statistics.hh:279: warn: One of the stats is a legacy stat. Legacy stat is a stat that does not belong to any statistics::Group. Legacy stat is deprecated.
board.remote_gdb: Listening for connections on port 7000
gem5 Simulator System.  https://www.gem5.org
gem5 is copyrighted software; use the --copyright option for details.

gem5 version 25.0.0.1
gem5 compiled May  5 2026 12:55:05
gem5 started Jun 18 2026 02:01:56
gem5 executing on cn27.guoehi.cluster, pid 189119
command line: /home/fdemirel/HPC_Lab_Proj/imp/../../gem5/build/ALL/gem5.opt -s --outdir=results_imp_multisim --stdout-file=bfs_imp_pt32_l2_ddr4_1x_simout.txt --stderr-file=bfs_imp_pt32_l2_ddr4_1x_simerr.txt --stats-file=stats.txt -c 'from multiprocessing.spawn import spawn_main; spawn_main(tracker_fd=7, pipe_handle=13)' --multiprocessing-fork

src/sim/mem_state.cc:443: info: Increasing stack size by one page.
src/sim/syscall_emul.hh:1121: warn: readlink() called on '/proc/self/exe' may yield unexpected results in various settings.
      Returning '/home/fdemirel/HPC_Lab_Proj/benchmarks/bfs/bfs-m5.x'
src/arch/arm/insts/pseudo.cc:174: warn: 	instruction 'bti' unimplemented
Beginning BFS ...
----spmv----
N_ROWS          : 8192 
N_COLS          : 65536 
NNZ             : 524155 
Execution time: 6.728739 (ms) 
Global frequency set at 1000000000000 ticks per second
src/mem/dram_interface.cc:690: warn: DRAM device capacity (16384 Mbytes) does not match the address range assigned (512 Mbytes)
src/mem/dram_interface.cc:690: warn: DRAM device capacity (16384 Mbytes) does not match the address range assigned (512 Mbytes)
src/base/statistics.hh:279: warn: One of the stats is a legacy stat. Legacy stat is a stat that does not belong to any statistics::Group. Legacy stat is deprecated.
board.remote_gdb: Listening for connections on port 7003
gem5 Simulator System.  https://www.gem5.org
gem5 is copyrighted software; use the --copyright option for details.

gem5 version 25.0.0.1
gem5 compiled May  5 2026 12:55:05
gem5 started Jun 18 2026 02:03:43
gem5 executing on cn27.guoehi.cluster, pid 189126
command line: /home/fdemirel/HPC_Lab_Proj/imp/../../gem5/build/ALL/gem5.opt -s --outdir=results_imp_multisim --stdout-file=matmult_imp_sthr2_l2_ddr4_2x_simout.txt --stderr-file=matmult_imp_sthr2_l2_ddr4_2x_simerr.txt --stats-file=stats.txt -c 'from multiprocessing.spawn import spawn_main; spawn_main(tracker_fd=7, pipe_handle=13)' --multiprocessing-fork

src/sim/mem_state.cc:443: info: Increasing stack size by one page.
src/sim/syscall_emul.hh:1121: warn: readlink() called on '/proc/self/exe' may yield unexpected results in various settings.
      Returning '/home/fdemirel/HPC_Lab_Proj/benchmarks/matmult/matmult-m5.x'
src/arch/arm/insts/pseudo.cc:174: warn: 	instruction 'bti' unimplemented

----MATRIX MULTIPLICATION----

----Computation starts----
Loop 0 ... 
argc = 2, A[argc][argc] = 0.500000, B[argc][argc] = 0.500000, C[argc][argc] = 0.500000 
Execution time: 1.226689 (ms) 
Global frequency set at 1000000000000 ticks per second
src/mem/dram_interface.cc:690: warn: DRAM device capacity (16384 Mbytes) does not match the address range assigned (512 Mbytes)
src/mem/dram_interface.cc:690: warn: DRAM device capacity (16384 Mbytes) does not match the address range assigned (512 Mbytes)
src/base/statistics.hh:279: warn: One of the stats is a legacy stat. Legacy stat is a stat that does not belong to any statistics::Group. Legacy stat is deprecated.
board.remote_gdb: Listening for connections on port 7003
gem5 Simulator System.  https://www.gem5.org
gem5 is copyrighted software; use the --copyright option for details.

gem5 version 25.0.0.1
gem5 compiled May  5 2026 12:55:05
gem5 started Jun 18 2026 02:04:52
gem5 executing on cn27.guoehi.cluster, pid 189132
command line: /home/fdemirel/HPC_Lab_Proj/imp/../../gem5/build/ALL/gem5.opt -s --outdir=results_imp_multisim --stdout-file=bfs_imp_thr1_l2_ddr4_2x_simout.txt --stderr-file=bfs_imp_thr1_l2_ddr4_2x_simerr.txt --stats-file=stats.txt -c 'from multiprocessing.spawn import spawn_main; spawn_main(tracker_fd=7, pipe_handle=13)' --multiprocessing-fork

src/sim/mem_state.cc:443: info: Increasing stack size by one page.
src/sim/syscall_emul.hh:1121: warn: readlink() called on '/proc/self/exe' may yield unexpected results in various settings.
      Returning '/home/fdemirel/HPC_Lab_Proj/benchmarks/bfs/bfs-m5.x'
src/arch/arm/insts/pseudo.cc:174: warn: 	instruction 'bti' unimplemented
Beginning BFS ...
----quick sort----
Array SIZE      : 131072 
random_elem:0, /home/fdemirel/HPC_Lab_Proj/benchmarks/quick/quick-m5.x
Execution time: 9.039168 (ms) 
Global frequency set at 1000000000000 ticks per second
src/mem/dram_interface.cc:690: warn: DRAM device capacity (16384 Mbytes) does not match the address range assigned (1024 Mbytes)
src/base/statistics.hh:279: warn: One of the stats is a legacy stat. Legacy stat is a stat that does not belong to any statistics::Group. Legacy stat is deprecated.
board.remote_gdb: Listening for connections on port 7002
gem5 Simulator System.  https://www.gem5.org
gem5 is copyrighted software; use the --copyright option for details.

gem5 version 25.0.0.1
gem5 compiled May  5 2026 12:55:05
gem5 started Jun 18 2026 02:05:21
gem5 executing on cn27.guoehi.cluster, pid 189136
command line: /home/fdemirel/HPC_Lab_Proj/imp/../../gem5/build/ALL/gem5.opt -s --outdir=results_imp_multisim --stdout-file=merge_imp_dist4_l2_ddr4_1x_simout.txt --stderr-file=merge_imp_dist4_l2_ddr4_1x_simerr.txt --stats-file=stats.txt -c 'from multiprocessing.spawn import spawn_main; spawn_main(tracker_fd=7, pipe_handle=13)' --multiprocessing-fork

src/sim/mem_state.cc:443: info: Increasing stack size by one page.
src/sim/syscall_emul.hh:1121: warn: readlink() called on '/proc/self/exe' may yield unexpected results in various settings.
      Returning '/home/fdemirel/HPC_Lab_Proj/benchmarks/merge/merge-m5.x'
src/arch/arm/insts/pseudo.cc:174: warn: 	instruction 'bti' unimplemented
Finished BFS.
Global frequency set at 1000000000000 ticks per second
src/mem/dram_interface.cc:690: warn: DRAM device capacity (16384 Mbytes) does not match the address range assigned (1024 Mbytes)
src/base/statistics.hh:279: warn: One of the stats is a legacy stat. Legacy stat is a stat that does not belong to any statistics::Group. Legacy stat is deprecated.
board.remote_gdb: Listening for connections on port 7001
gem5 Simulator System.  https://www.gem5.org
gem5 is copyrighted software; use the --copyright option for details.

gem5 version 25.0.0.1
gem5 compiled May  5 2026 12:55:05
gem5 started Jun 18 2026 02:07:41
gem5 executing on cn27.guoehi.cluster, pid 189143
command line: /home/fdemirel/HPC_Lab_Proj/imp/../../gem5/build/ALL/gem5.opt -s --outdir=results_imp_multisim --stdout-file=quick_imp_dist64_l1d_ddr4_1x_simout.txt --stderr-file=quick_imp_dist64_l1d_ddr4_1x_simerr.txt --stats-file=stats.txt -c 'from multiprocessing.spawn import spawn_main; spawn_main(tracker_fd=7, pipe_handle=13)' --multiprocessing-fork

src/sim/mem_state.cc:443: info: Increasing stack size by one page.
src/sim/syscall_emul.hh:1121: warn: readlink() called on '/proc/self/exe' may yield unexpected results in various settings.
      Returning '/home/fdemirel/HPC_Lab_Proj/benchmarks/quick/quick-m5.x'
src/arch/arm/insts/pseudo.cc:174: warn: 	instruction 'bti' unimplemented
Finished BFS.
Global frequency set at 1000000000000 ticks per second
src/mem/dram_interface.cc:690: warn: DRAM device capacity (16384 Mbytes) does not match the address range assigned (1024 Mbytes)
src/base/statistics.hh:279: warn: One of the stats is a legacy stat. Legacy stat is a stat that does not belong to any statistics::Group. Legacy stat is deprecated.
board.remote_gdb: Listening for connections on port 7000
gem5 Simulator System.  https://www.gem5.org
gem5 is copyrighted software; use the --copyright option for details.

gem5 version 25.0.0.1
gem5 compiled May  5 2026 12:55:05
gem5 started Jun 18 2026 02:08:10
gem5 executing on cn27.guoehi.cluster, pid 189147
command line: /home/fdemirel/HPC_Lab_Proj/imp/../../gem5/build/ALL/gem5.opt -s --outdir=results_imp_multisim --stdout-file=matmult_imp_sdist16_l1d_ddr4_1x_simout.txt --stderr-file=matmult_imp_sdist16_l1d_ddr4_1x_simerr.txt --stats-file=stats.txt -c 'from multiprocessing.spawn import spawn_main; spawn_main(tracker_fd=7, pipe_handle=13)' --multiprocessing-fork

src/sim/mem_state.cc:443: info: Increasing stack size by one page.
src/sim/syscall_emul.hh:1121: warn: readlink() called on '/proc/self/exe' may yield unexpected results in various settings.
      Returning '/home/fdemirel/HPC_Lab_Proj/benchmarks/matmult/matmult-m5.x'
src/arch/arm/insts/pseudo.cc:174: warn: 	instruction 'bti' unimplemented

----MATRIX MULTIPLICATION----

----Computation starts----
Loop 0 ... 
argc = 2, A[argc][argc] = 0.500000, B[argc][argc] = 0.500000, C[argc][argc] = 0.500000 
Execution time: 1.200006 (ms) 
Global frequency set at 1000000000000 ticks per second
src/mem/dram_interface.cc:690: warn: DRAM device capacity (16384 Mbytes) does not match the address range assigned (512 Mbytes)
src/mem/dram_interface.cc:690: warn: DRAM device capacity (16384 Mbytes) does not match the address range assigned (512 Mbytes)
src/base/statistics.hh:279: warn: One of the stats is a legacy stat. Legacy stat is a stat that does not belong to any statistics::Group. Legacy stat is deprecated.
board.remote_gdb: Listening for connections on port 7000
gem5 Simulator System.  https://www.gem5.org
gem5 is copyrighted software; use the --copyright option for details.

gem5 version 25.0.0.1
gem5 compiled May  5 2026 12:55:05
gem5 started Jun 18 2026 02:09:23
gem5 executing on cn27.guoehi.cluster, pid 189151
command line: /home/fdemirel/HPC_Lab_Proj/imp/../../gem5/build/ALL/gem5.opt -s --outdir=results_imp_multisim --stdout-file=simple_triad_imp_pt32_l2_ddr4_2x_simout.txt --stderr-file=simple_triad_imp_pt32_l2_ddr4_2x_simerr.txt --stats-file=stats.txt -c 'from multiprocessing.spawn import spawn_main; spawn_main(tracker_fd=7, pipe_handle=13)' --multiprocessing-fork

src/sim/mem_state.cc:443: info: Increasing stack size by one page.
src/sim/syscall_emul.hh:1121: warn: readlink() called on '/proc/self/exe' may yield unexpected results in various settings.
      Returning '/home/fdemirel/HPC_Lab_Proj/benchmarks/simple_triad/simple_triad-m5.x'

----merge----
Execution time: 10.644514 (ms) 
random_elem:0, /home/fdemirel/HPC_Lab_Proj/benchmarks/merge/merge-m5.x
Global frequency set at 1000000000000 ticks per second
src/mem/dram_interface.cc:690: warn: DRAM device capacity (16384 Mbytes) does not match the address range assigned (512 Mbytes)
src/mem/dram_interface.cc:690: warn: DRAM device capacity (16384 Mbytes) does not match the address range assigned (512 Mbytes)
src/base/statistics.hh:279: warn: One of the stats is a legacy stat. Legacy stat is a stat that does not belong to any statistics::Group. Legacy stat is deprecated.
board.remote_gdb: Listening for connections on port 7002
gem5 Simulator System.  https://www.gem5.org
gem5 is copyrighted software; use the --copyright option for details.

gem5 version 25.0.0.1
gem5 compiled May  5 2026 12:55:05
gem5 started Jun 18 2026 02:10:22
gem5 executing on cn27.guoehi.cluster, pid 189161
command line: /home/fdemirel/HPC_Lab_Proj/imp/../../gem5/build/ALL/gem5.opt -s --outdir=results_imp_multisim --stdout-file=quick_imp_sdist2_l2_ddr4_2x_simout.txt --stderr-file=quick_imp_sdist2_l2_ddr4_2x_simerr.txt --stats-file=stats.txt -c 'from multiprocessing.spawn import spawn_main; spawn_main(tracker_fd=7, pipe_handle=13)' --multiprocessing-fork

src/sim/mem_state.cc:443: info: Increasing stack size by one page.
src/sim/syscall_emul.hh:1121: warn: readlink() called on '/proc/self/exe' may yield unexpected results in various settings.
      Returning '/home/fdemirel/HPC_Lab_Proj/benchmarks/quick/quick-m5.x'
src/arch/arm/insts/pseudo.cc:174: warn: 	instruction 'bti' unimplemented
Finished BFS.
Global frequency set at 1000000000000 ticks per second
src/mem/dram_interface.cc:690: warn: DRAM device capacity (16384 Mbytes) does not match the address range assigned (512 Mbytes)
src/mem/dram_interface.cc:690: warn: DRAM device capacity (16384 Mbytes) does not match the address range assigned (512 Mbytes)
src/base/statistics.hh:279: warn: One of the stats is a legacy stat. Legacy stat is a stat that does not belong to any statistics::Group. Legacy stat is deprecated.
board.remote_gdb: Listening for connections on port 7003
gem5 Simulator System.  https://www.gem5.org
gem5 is copyrighted software; use the --copyright option for details.

gem5 version 25.0.0.1
gem5 compiled May  5 2026 12:55:05
gem5 started Jun 18 2026 02:10:49
gem5 executing on cn27.guoehi.cluster, pid 189165
command line: /home/fdemirel/HPC_Lab_Proj/imp/../../gem5/build/ALL/gem5.opt -s --outdir=results_imp_multisim --stdout-file=matmult_imp_pt32_l1d_ddr4_2x_simout.txt --stderr-file=matmult_imp_pt32_l1d_ddr4_2x_simerr.txt --stats-file=stats.txt -c 'from multiprocessing.spawn import spawn_main; spawn_main(tracker_fd=7, pipe_handle=13)' --multiprocessing-fork

src/sim/mem_state.cc:443: info: Increasing stack size by one page.
src/sim/syscall_emul.hh:1121: warn: readlink() called on '/proc/self/exe' may yield unexpected results in various settings.
      Returning '/home/fdemirel/HPC_Lab_Proj/benchmarks/matmult/matmult-m5.x'
src/arch/arm/insts/pseudo.cc:174: warn: 	instruction 'bti' unimplemented
Array SIZE      : 1000000 
Array LOOP      : 1 

----triad----
a[0]=7.00e+00. b[0]=2.00e+00. c[0]=1.00e+00.
Execution time: 2.250846 (ms) 
   Rate [MB/s]: 10662.7 
Global frequency set at 1000000000000 ticks per second
src/mem/dram_interface.cc:690: warn: DRAM device capacity (16384 Mbytes) does not match the address range assigned (1024 Mbytes)
src/base/statistics.hh:279: warn: One of the stats is a legacy stat. Legacy stat is a stat that does not belong to any statistics::Group. Legacy stat is deprecated.
board.remote_gdb: Listening for connections on port 7000
gem5 Simulator System.  https://www.gem5.org
gem5 is copyrighted software; use the --copyright option for details.

gem5 version 25.0.0.1
gem5 compiled May  5 2026 12:55:05
gem5 started Jun 18 2026 02:11:14
gem5 executing on cn27.guoehi.cluster, pid 189168
command line: /home/fdemirel/HPC_Lab_Proj/imp/../../gem5/build/ALL/gem5.opt -s --outdir=results_imp_multisim --stdout-file=simple_triad_imp_ipd2_l1d_ddr4_1x_simout.txt --stderr-file=simple_triad_imp_ipd2_l1d_ddr4_1x_simerr.txt --stats-file=stats.txt -c 'from multiprocessing.spawn import spawn_main; spawn_main(tracker_fd=7, pipe_handle=13)' --multiprocessing-fork

src/sim/mem_state.cc:443: info: Increasing stack size by one page.
src/sim/syscall_emul.hh:1121: warn: readlink() called on '/proc/self/exe' may yield unexpected results in various settings.
      Returning '/home/fdemirel/HPC_Lab_Proj/benchmarks/simple_triad/simple_triad-m5.x'
----quick sort----
Array SIZE      : 131072 
random_elem:0, /home/fdemirel/HPC_Lab_Proj/benchmarks/quick/quick-m5.x
Execution time: 8.782714 (ms) 

----MATRIX MULTIPLICATION----

----Computation starts----
Loop 0 ... 
argc = 2, A[argc][argc] = 0.500000, B[argc][argc] = 0.500000, C[argc][argc] = 0.500000 
Execution time: 1.253482 (ms) 
Global frequency set at 1000000000000 ticks per second
src/mem/dram_interface.cc:690: warn: DRAM device capacity (16384 Mbytes) does not match the address range assigned (1024 Mbytes)
src/base/statistics.hh:279: warn: One of the stats is a legacy stat. Legacy stat is a stat that does not belong to any statistics::Group. Legacy stat is deprecated.
board.remote_gdb: Listening for connections on port 7001
gem5 Simulator System.  https://www.gem5.org
gem5 is copyrighted software; use the --copyright option for details.

gem5 version 25.0.0.1
gem5 compiled May  5 2026 12:55:05
gem5 started Jun 18 2026 02:11:51
gem5 executing on cn27.guoehi.cluster, pid 189172
command line: /home/fdemirel/HPC_Lab_Proj/imp/../../gem5/build/ALL/gem5.opt -s --outdir=results_imp_multisim --stdout-file=quick_imp_thr4_l2_ddr4_1x_simout.txt --stderr-file=quick_imp_thr4_l2_ddr4_1x_simerr.txt --stats-file=stats.txt -c 'from multiprocessing.spawn import spawn_main; spawn_main(tracker_fd=7, pipe_handle=13)' --multiprocessing-fork

src/sim/mem_state.cc:443: info: Increasing stack size by one page.
src/sim/syscall_emul.hh:1121: warn: readlink() called on '/proc/self/exe' may yield unexpected results in various settings.
      Returning '/home/fdemirel/HPC_Lab_Proj/benchmarks/quick/quick-m5.x'
src/arch/arm/insts/pseudo.cc:174: warn: 	instruction 'bti' unimplemented
Global frequency set at 1000000000000 ticks per second
src/mem/dram_interface.cc:690: warn: DRAM device capacity (16384 Mbytes) does not match the address range assigned (1024 Mbytes)
src/base/statistics.hh:279: warn: One of the stats is a legacy stat. Legacy stat is a stat that does not belong to any statistics::Group. Legacy stat is deprecated.
board.remote_gdb: Listening for connections on port 7003
gem5 Simulator System.  https://www.gem5.org
gem5 is copyrighted software; use the --copyright option for details.

gem5 version 25.0.0.1
gem5 compiled May  5 2026 12:55:05
gem5 started Jun 18 2026 02:12:02
gem5 executing on cn27.guoehi.cluster, pid 189173
command line: /home/fdemirel/HPC_Lab_Proj/imp/../../gem5/build/ALL/gem5.opt -s --outdir=results_imp_multisim --stdout-file=matmult_imp_pt8_l2_ddr4_1x_simout.txt --stderr-file=matmult_imp_pt8_l2_ddr4_1x_simerr.txt --stats-file=stats.txt -c 'from multiprocessing.spawn import spawn_main; spawn_main(tracker_fd=7, pipe_handle=13)' --multiprocessing-fork

src/sim/mem_state.cc:443: info: Increasing stack size by one page.
src/sim/syscall_emul.hh:1121: warn: readlink() called on '/proc/self/exe' may yield unexpected results in various settings.
      Returning '/home/fdemirel/HPC_Lab_Proj/benchmarks/matmult/matmult-m5.x'
src/arch/arm/insts/pseudo.cc:174: warn: 	instruction 'bti' unimplemented
Array SIZE      : 1000000 
Array LOOP      : 1 

----triad----
a[0]=7.00e+00. b[0]=2.00e+00. c[0]=1.00e+00.
Execution time: 2.776922 (ms) 
   Rate [MB/s]: 8642.7 

----MATRIX MULTIPLICATION----

----Computation starts----
Loop 0 ... 
argc = 2, A[argc][argc] = 0.500000, B[argc][argc] = 0.500000, C[argc][argc] = 0.500000 
Execution time: 1.229960 (ms) 
Global frequency set at 1000000000000 ticks per second
src/mem/dram_interface.cc:690: warn: DRAM device capacity (16384 Mbytes) does not match the address range assigned (512 Mbytes)
src/mem/dram_interface.cc:690: warn: DRAM device capacity (16384 Mbytes) does not match the address range assigned (512 Mbytes)
src/base/statistics.hh:279: warn: One of the stats is a legacy stat. Legacy stat is a stat that does not belong to any statistics::Group. Legacy stat is deprecated.
board.remote_gdb: Listening for connections on port 7000
gem5 Simulator System.  https://www.gem5.org
gem5 is copyrighted software; use the --copyright option for details.

gem5 version 25.0.0.1
gem5 compiled May  5 2026 12:55:05
gem5 started Jun 18 2026 02:13:08
gem5 executing on cn27.guoehi.cluster, pid 189180
command line: /home/fdemirel/HPC_Lab_Proj/imp/../../gem5/build/ALL/gem5.opt -s --outdir=results_imp_multisim --stdout-file=bfs_imp_sdist2_l1d_ddr4_2x_simout.txt --stderr-file=bfs_imp_sdist2_l1d_ddr4_2x_simerr.txt --stats-file=stats.txt -c 'from multiprocessing.spawn import spawn_main; spawn_main(tracker_fd=7, pipe_handle=13)' --multiprocessing-fork

src/sim/mem_state.cc:443: info: Increasing stack size by one page.
src/sim/syscall_emul.hh:1121: warn: readlink() called on '/proc/self/exe' may yield unexpected results in various settings.
      Returning '/home/fdemirel/HPC_Lab_Proj/benchmarks/bfs/bfs-m5.x'
src/arch/arm/insts/pseudo.cc:174: warn: 	instruction 'bti' unimplemented
Global frequency set at 1000000000000 ticks per second
Beginning BFS ...
src/mem/dram_interface.cc:690: warn: DRAM device capacity (16384 Mbytes) does not match the address range assigned (512 Mbytes)
src/mem/dram_interface.cc:690: warn: DRAM device capacity (16384 Mbytes) does not match the address range assigned (512 Mbytes)
src/base/statistics.hh:279: warn: One of the stats is a legacy stat. Legacy stat is a stat that does not belong to any statistics::Group. Legacy stat is deprecated.
board.remote_gdb: Listening for connections on port 7003
gem5 Simulator System.  https://www.gem5.org
gem5 is copyrighted software; use the --copyright option for details.

gem5 version 25.0.0.1
gem5 compiled May  5 2026 12:55:05
gem5 started Jun 18 2026 02:13:10
gem5 executing on cn27.guoehi.cluster, pid 189182
command line: /home/fdemirel/HPC_Lab_Proj/imp/../../gem5/build/ALL/gem5.opt -s --outdir=results_imp_multisim --stdout-file=merge_imp_pt32_l1d_ddr4_2x_simout.txt --stderr-file=merge_imp_pt32_l1d_ddr4_2x_simerr.txt --stats-file=stats.txt -c 'from multiprocessing.spawn import spawn_main; spawn_main(tracker_fd=7, pipe_handle=13)' --multiprocessing-fork

src/sim/mem_state.cc:443: info: Increasing stack size by one page.
src/sim/syscall_emul.hh:1121: warn: readlink() called on '/proc/self/exe' may yield unexpected results in various settings.
      Returning '/home/fdemirel/HPC_Lab_Proj/benchmarks/merge/merge-m5.x'
src/arch/arm/insts/pseudo.cc:174: warn: 	instruction 'bti' unimplemented
----quick sort----
Array SIZE      : 131072 
random_elem:0, /home/fdemirel/HPC_Lab_Proj/benchmarks/quick/quick-m5.x
Execution time: 9.126285 (ms) 
Global frequency set at 1000000000000 ticks per second
src/mem/dram_interface.cc:690: warn: DRAM device capacity (16384 Mbytes) does not match the address range assigned (1024 Mbytes)
src/base/statistics.hh:279: warn: One of the stats is a legacy stat. Legacy stat is a stat that does not belong to any statistics::Group. Legacy stat is deprecated.
board.remote_gdb: Listening for connections on port 7002
gem5 Simulator System.  https://www.gem5.org
gem5 is copyrighted software; use the --copyright option for details.

gem5 version 25.0.0.1
gem5 compiled May  5 2026 12:55:05
gem5 started Jun 18 2026 02:14:37
gem5 executing on cn27.guoehi.cluster, pid 189191
command line: /home/fdemirel/HPC_Lab_Proj/imp/../../gem5/build/ALL/gem5.opt -s --outdir=results_imp_multisim --stdout-file=simple_triad_imp_addrlen2_l2_ddr4_1x_simout.txt --stderr-file=simple_triad_imp_addrlen2_l2_ddr4_1x_simerr.txt --stats-file=stats.txt -c 'from multiprocessing.spawn import spawn_main; spawn_main(tracker_fd=7, pipe_handle=13)' --multiprocessing-fork

src/sim/mem_state.cc:443: info: Increasing stack size by one page.
src/sim/syscall_emul.hh:1121: warn: readlink() called on '/proc/self/exe' may yield unexpected results in various settings.
      Returning '/home/fdemirel/HPC_Lab_Proj/benchmarks/simple_triad/simple_triad-m5.x'
----quick sort----
Array SIZE      : 131072 
random_elem:0, /home/fdemirel/HPC_Lab_Proj/benchmarks/quick/quick-m5.x
Execution time: 9.039168 (ms) 
Global frequency set at 1000000000000 ticks per second
src/mem/dram_interface.cc:690: warn: DRAM device capacity (16384 Mbytes) does not match the address range assigned (1024 Mbytes)
src/base/statistics.hh:279: warn: One of the stats is a legacy stat. Legacy stat is a stat that does not belong to any statistics::Group. Legacy stat is deprecated.
board.remote_gdb: Listening for connections on port 7001
gem5 Simulator System.  https://www.gem5.org
gem5 is copyrighted software; use the --copyright option for details.

gem5 version 25.0.0.1
gem5 compiled May  5 2026 12:55:05
gem5 started Jun 18 2026 02:16:04
gem5 executing on cn27.guoehi.cluster, pid 189195
command line: /home/fdemirel/HPC_Lab_Proj/imp/../../gem5/build/ALL/gem5.opt -s --outdir=results_imp_multisim --stdout-file=spmv_imp_ipd2_l1d_ddr4_1x_simout.txt --stderr-file=spmv_imp_ipd2_l1d_ddr4_1x_simerr.txt --stats-file=stats.txt -c 'from multiprocessing.spawn import spawn_main; spawn_main(tracker_fd=7, pipe_handle=13)' --multiprocessing-fork

src/sim/mem_state.cc:443: info: Increasing stack size by one page.
src/sim/syscall_emul.hh:1121: warn: readlink() called on '/proc/self/exe' may yield unexpected results in various settings.
      Returning '/home/fdemirel/HPC_Lab_Proj/benchmarks/spmv/spmv-m5.x'
src/arch/arm/insts/pseudo.cc:174: warn: 	instruction 'bti' unimplemented
src/sim/mem_state.cc:443: info: Increasing stack size by one page.
src/sim/mem_state.cc:443: info: Increasing stack size by one page.
src/sim/mem_state.cc:443: info: Increasing stack size by one page.
src/sim/mem_state.cc:443: info: Increasing stack size by one page.
src/sim/mem_state.cc:443: info: Increasing stack size by one page.
src/sim/mem_state.cc:443: info: Increasing stack size by one page.
src/sim/mem_state.cc:443: info: Increasing stack size by one page.
Array SIZE      : 1000000 
Array LOOP      : 1 

----triad----
a[0]=7.00e+00. b[0]=2.00e+00. c[0]=1.00e+00.
Execution time: 2.921286 (ms) 
   Rate [MB/s]: 8215.6 
Global frequency set at 1000000000000 ticks per second
src/mem/dram_interface.cc:690: warn: DRAM device capacity (16384 Mbytes) does not match the address range assigned (1024 Mbytes)
src/base/statistics.hh:279: warn: One of the stats is a legacy stat. Legacy stat is a stat that does not belong to any statistics::Group. Legacy stat is deprecated.
board.remote_gdb: Listening for connections on port 7002
gem5 Simulator System.  https://www.gem5.org
gem5 is copyrighted software; use the --copyright option for details.

gem5 version 25.0.0.1
gem5 compiled May  5 2026 12:55:05
gem5 started Jun 18 2026 02:16:33
gem5 executing on cn27.guoehi.cluster, pid 189200
command line: /home/fdemirel/HPC_Lab_Proj/imp/../../gem5/build/ALL/gem5.opt -s --outdir=results_imp_multisim --stdout-file=quick_imp_ipd2_l1d_ddr4_1x_simout.txt --stderr-file=quick_imp_ipd2_l1d_ddr4_1x_simerr.txt --stats-file=stats.txt -c 'from multiprocessing.spawn import spawn_main; spawn_main(tracker_fd=7, pipe_handle=13)' --multiprocessing-fork

src/sim/mem_state.cc:443: info: Increasing stack size by one page.
src/sim/syscall_emul.hh:1121: warn: readlink() called on '/proc/self/exe' may yield unexpected results in various settings.
      Returning '/home/fdemirel/HPC_Lab_Proj/benchmarks/quick/quick-m5.x'
src/arch/arm/insts/pseudo.cc:174: warn: 	instruction 'bti' unimplemented

----merge----
Execution time: 10.326216 (ms) 
random_elem:0, /home/fdemirel/HPC_Lab_Proj/benchmarks/merge/merge-m5.x
----spmv----
N_ROWS          : 8192 
N_COLS          : 65536 
NNZ             : 524155 
Execution time: 6.728739 (ms) 
Global frequency set at 1000000000000 ticks per second
src/mem/dram_interface.cc:690: warn: DRAM device capacity (16384 Mbytes) does not match the address range assigned (1024 Mbytes)
src/base/statistics.hh:279: warn: One of the stats is a legacy stat. Legacy stat is a stat that does not belong to any statistics::Group. Legacy stat is deprecated.
board.remote_gdb: Listening for connections on port 7001
gem5 Simulator System.  https://www.gem5.org
gem5 is copyrighted software; use the --copyright option for details.

gem5 version 25.0.0.1
gem5 compiled May  5 2026 12:55:05
gem5 started Jun 18 2026 02:18:17
gem5 executing on cn27.guoehi.cluster, pid 189204
command line: /home/fdemirel/HPC_Lab_Proj/imp/../../gem5/build/ALL/gem5.opt -s --outdir=results_imp_multisim --stdout-file=matmult_imp_default_l2_ddr4_1x_simout.txt --stderr-file=matmult_imp_default_l2_ddr4_1x_simerr.txt --stats-file=stats.txt -c 'from multiprocessing.spawn import spawn_main; spawn_main(tracker_fd=7, pipe_handle=13)' --multiprocessing-fork

src/sim/mem_state.cc:443: info: Increasing stack size by one page.
src/sim/syscall_emul.hh:1121: warn: readlink() called on '/proc/self/exe' may yield unexpected results in various settings.
      Returning '/home/fdemirel/HPC_Lab_Proj/benchmarks/matmult/matmult-m5.x'
src/arch/arm/insts/pseudo.cc:174: warn: 	instruction 'bti' unimplemented
Global frequency set at 1000000000000 ticks per second
src/mem/dram_interface.cc:690: warn: DRAM device capacity (16384 Mbytes) does not match the address range assigned (1024 Mbytes)
src/base/statistics.hh:279: warn: One of the stats is a legacy stat. Legacy stat is a stat that does not belong to any statistics::Group. Legacy stat is deprecated.
board.remote_gdb: Listening for connections on port 7003
gem5 Simulator System.  https://www.gem5.org
gem5 is copyrighted software; use the --copyright option for details.

gem5 version 25.0.0.1
gem5 compiled May  5 2026 12:55:05
gem5 started Jun 18 2026 02:18:25
gem5 executing on cn27.guoehi.cluster, pid 189205
command line: /home/fdemirel/HPC_Lab_Proj/imp/../../gem5/build/ALL/gem5.opt -s --outdir=results_imp_multisim --stdout-file=bfs_imp_sdist16_l1d_ddr4_1x_simout.txt --stderr-file=bfs_imp_sdist16_l1d_ddr4_1x_simerr.txt --stats-file=stats.txt -c 'from multiprocessing.spawn import spawn_main; spawn_main(tracker_fd=7, pipe_handle=13)' --multiprocessing-fork

src/sim/mem_state.cc:443: info: Increasing stack size by one page.
src/sim/syscall_emul.hh:1121: warn: readlink() called on '/proc/self/exe' may yield unexpected results in various settings.
      Returning '/home/fdemirel/HPC_Lab_Proj/benchmarks/bfs/bfs-m5.x'
src/arch/arm/insts/pseudo.cc:174: warn: 	instruction 'bti' unimplemented
Beginning BFS ...

----MATRIX MULTIPLICATION----

----Computation starts----
Loop 0 ... 
argc = 2, A[argc][argc] = 0.500000, B[argc][argc] = 0.500000, C[argc][argc] = 0.500000 
Execution time: 1.229960 (ms) 
Finished BFS.
Global frequency set at 1000000000000 ticks per second
src/mem/dram_interface.cc:690: warn: DRAM device capacity (16384 Mbytes) does not match the address range assigned (512 Mbytes)
src/mem/dram_interface.cc:690: warn: DRAM device capacity (16384 Mbytes) does not match the address range assigned (512 Mbytes)
src/base/statistics.hh:279: warn: One of the stats is a legacy stat. Legacy stat is a stat that does not belong to any statistics::Group. Legacy stat is deprecated.
board.remote_gdb: Listening for connections on port 7000
gem5 Simulator System.  https://www.gem5.org
gem5 is copyrighted software; use the --copyright option for details.

gem5 version 25.0.0.1
gem5 compiled May  5 2026 12:55:05
gem5 started Jun 18 2026 02:19:26
gem5 executing on cn27.guoehi.cluster, pid 189213
command line: /home/fdemirel/HPC_Lab_Proj/imp/../../gem5/build/ALL/gem5.opt -s --outdir=results_imp_multisim --stdout-file=quick_imp_pt32_l2_ddr4_2x_simout.txt --stderr-file=quick_imp_pt32_l2_ddr4_2x_simerr.txt --stats-file=stats.txt -c 'from multiprocessing.spawn import spawn_main; spawn_main(tracker_fd=7, pipe_handle=13)' --multiprocessing-fork

src/sim/mem_state.cc:443: info: Increasing stack size by one page.
src/sim/syscall_emul.hh:1121: warn: readlink() called on '/proc/self/exe' may yield unexpected results in various settings.
      Returning '/home/fdemirel/HPC_Lab_Proj/benchmarks/quick/quick-m5.x'
src/arch/arm/insts/pseudo.cc:174: warn: 	instruction 'bti' unimplemented
Global frequency set at 1000000000000 ticks per second
src/mem/dram_interface.cc:690: warn: DRAM device capacity (16384 Mbytes) does not match the address range assigned (1024 Mbytes)
src/base/statistics.hh:279: warn: One of the stats is a legacy stat. Legacy stat is a stat that does not belong to any statistics::Group. Legacy stat is deprecated.
board.remote_gdb: Listening for connections on port 7001
gem5 Simulator System.  https://www.gem5.org
gem5 is copyrighted software; use the --copyright option for details.

gem5 version 25.0.0.1
gem5 compiled May  5 2026 12:55:05
gem5 started Jun 18 2026 02:19:36
gem5 executing on cn27.guoehi.cluster, pid 189215
command line: /home/fdemirel/HPC_Lab_Proj/imp/../../gem5/build/ALL/gem5.opt -s --outdir=results_imp_multisim --stdout-file=simple_triad_imp_thr3_l2_ddr4_1x_simout.txt --stderr-file=simple_triad_imp_thr3_l2_ddr4_1x_simerr.txt --stats-file=stats.txt -c 'from multiprocessing.spawn import spawn_main; spawn_main(tracker_fd=7, pipe_handle=13)' --multiprocessing-fork

src/sim/mem_state.cc:443: info: Increasing stack size by one page.
src/sim/syscall_emul.hh:1121: warn: readlink() called on '/proc/self/exe' may yield unexpected results in various settings.
      Returning '/home/fdemirel/HPC_Lab_Proj/benchmarks/simple_triad/simple_triad-m5.x'
----quick sort----
Array SIZE      : 131072 
random_elem:0, /home/fdemirel/HPC_Lab_Proj/benchmarks/quick/quick-m5.x
Execution time: 8.782714 (ms) 
Global frequency set at 1000000000000 ticks per second
src/mem/dram_interface.cc:690: warn: DRAM device capacity (16384 Mbytes) does not match the address range assigned (512 Mbytes)
src/mem/dram_interface.cc:690: warn: DRAM device capacity (16384 Mbytes) does not match the address range assigned (512 Mbytes)
src/base/statistics.hh:279: warn: One of the stats is a legacy stat. Legacy stat is a stat that does not belong to any statistics::Group. Legacy stat is deprecated.
board.remote_gdb: Listening for connections on port 7002
gem5 Simulator System.  https://www.gem5.org
gem5 is copyrighted software; use the --copyright option for details.

gem5 version 25.0.0.1
gem5 compiled May  5 2026 12:55:05
gem5 started Jun 18 2026 02:20:43
gem5 executing on cn27.guoehi.cluster, pid 189226
command line: /home/fdemirel/HPC_Lab_Proj/imp/../../gem5/build/ALL/gem5.opt -s --outdir=results_imp_multisim --stdout-file=bfs_imp_pt32_l1d_ddr4_2x_simout.txt --stderr-file=bfs_imp_pt32_l1d_ddr4_2x_simerr.txt --stats-file=stats.txt -c 'from multiprocessing.spawn import spawn_main; spawn_main(tracker_fd=7, pipe_handle=13)' --multiprocessing-fork

src/sim/mem_state.cc:443: info: Increasing stack size by one page.
src/sim/syscall_emul.hh:1121: warn: readlink() called on '/proc/self/exe' may yield unexpected results in various settings.
      Returning '/home/fdemirel/HPC_Lab_Proj/benchmarks/bfs/bfs-m5.x'
src/arch/arm/insts/pseudo.cc:174: warn: 	instruction 'bti' unimplemented
Beginning BFS ...
Array SIZE      : 1000000 
Array LOOP      : 1 

----triad----
a[0]=7.00e+00. b[0]=2.00e+00. c[0]=1.00e+00.
Execution time: 2.921286 (ms) 
   Rate [MB/s]: 8215.6 
Global frequency set at 1000000000000 ticks per second
src/mem/dram_interface.cc:690: warn: DRAM device capacity (16384 Mbytes) does not match the address range assigned (512 Mbytes)
src/mem/dram_interface.cc:690: warn: DRAM device capacity (16384 Mbytes) does not match the address range assigned (512 Mbytes)
src/base/statistics.hh:279: warn: One of the stats is a legacy stat. Legacy stat is a stat that does not belong to any statistics::Group. Legacy stat is deprecated.
board.remote_gdb: Listening for connections on port 7001
gem5 Simulator System.  https://www.gem5.org
gem5 is copyrighted software; use the --copyright option for details.

gem5 version 25.0.0.1
gem5 compiled May  5 2026 12:55:05
gem5 started Jun 18 2026 02:21:31
gem5 executing on cn27.guoehi.cluster, pid 189230
command line: /home/fdemirel/HPC_Lab_Proj/imp/../../gem5/build/ALL/gem5.opt -s --outdir=results_imp_multisim --stdout-file=merge_imp_addrlen8_l1d_ddr4_2x_simout.txt --stderr-file=merge_imp_addrlen8_l1d_ddr4_2x_simerr.txt --stats-file=stats.txt -c 'from multiprocessing.spawn import spawn_main; spawn_main(tracker_fd=7, pipe_handle=13)' --multiprocessing-fork

src/sim/mem_state.cc:443: info: Increasing stack size by one page.
src/sim/syscall_emul.hh:1121: warn: readlink() called on '/proc/self/exe' may yield unexpected results in various settings.
      Returning '/home/fdemirel/HPC_Lab_Proj/benchmarks/merge/merge-m5.x'
src/arch/arm/insts/pseudo.cc:174: warn: 	instruction 'bti' unimplemented
----quick sort----
Array SIZE      : 131072 
random_elem:0, /home/fdemirel/HPC_Lab_Proj/benchmarks/quick/quick-m5.x
Execution time: 8.952131 (ms) 
Global frequency set at 1000000000000 ticks per second
src/mem/dram_interface.cc:690: warn: DRAM device capacity (16384 Mbytes) does not match the address range assigned (512 Mbytes)
src/mem/dram_interface.cc:690: warn: DRAM device capacity (16384 Mbytes) does not match the address range assigned (512 Mbytes)
src/base/statistics.hh:279: warn: One of the stats is a legacy stat. Legacy stat is a stat that does not belong to any statistics::Group. Legacy stat is deprecated.
board.remote_gdb: Listening for connections on port 7000
gem5 Simulator System.  https://www.gem5.org
gem5 is copyrighted software; use the --copyright option for details.

gem5 version 25.0.0.1
gem5 compiled May  5 2026 12:55:05
gem5 started Jun 18 2026 02:23:39
gem5 executing on cn27.guoehi.cluster, pid 189236
command line: /home/fdemirel/HPC_Lab_Proj/imp/../../gem5/build/ALL/gem5.opt -s --outdir=results_imp_multisim --stdout-file=simple_triad_imp_dist64_l1d_ddr4_2x_simout.txt --stderr-file=simple_triad_imp_dist64_l1d_ddr4_2x_simerr.txt --stats-file=stats.txt -c 'from multiprocessing.spawn import spawn_main; spawn_main(tracker_fd=7, pipe_handle=13)' --multiprocessing-fork

src/sim/mem_state.cc:443: info: Increasing stack size by one page.
src/sim/syscall_emul.hh:1121: warn: readlink() called on '/proc/self/exe' may yield unexpected results in various settings.
      Returning '/home/fdemirel/HPC_Lab_Proj/benchmarks/simple_triad/simple_triad-m5.x'
Finished BFS.
Array SIZE      : 1000000 
Array LOOP      : 1 

----triad----
a[0]=7.00e+00. b[0]=2.00e+00. c[0]=1.00e+00.
Execution time: 2.245558 (ms) 
   Rate [MB/s]: 10687.8 
Global frequency set at 1000000000000 ticks per second
src/mem/dram_interface.cc:690: warn: DRAM device capacity (16384 Mbytes) does not match the address range assigned (512 Mbytes)
src/mem/dram_interface.cc:690: warn: DRAM device capacity (16384 Mbytes) does not match the address range assigned (512 Mbytes)
src/base/statistics.hh:279: warn: One of the stats is a legacy stat. Legacy stat is a stat that does not belong to any statistics::Group. Legacy stat is deprecated.
board.remote_gdb: Listening for connections on port 7000
gem5 Simulator System.  https://www.gem5.org
gem5 is copyrighted software; use the --copyright option for details.

gem5 version 25.0.0.1
gem5 compiled May  5 2026 12:55:05
gem5 started Jun 18 2026 02:25:24
gem5 executing on cn27.guoehi.cluster, pid 189245
command line: /home/fdemirel/HPC_Lab_Proj/imp/../../gem5/build/ALL/gem5.opt -s --outdir=results_imp_multisim --stdout-file=merge_imp_dist4_l1d_ddr4_2x_simout.txt --stderr-file=merge_imp_dist4_l1d_ddr4_2x_simerr.txt --stats-file=stats.txt -c 'from multiprocessing.spawn import spawn_main; spawn_main(tracker_fd=7, pipe_handle=13)' --multiprocessing-fork

src/sim/mem_state.cc:443: info: Increasing stack size by one page.
src/sim/syscall_emul.hh:1121: warn: readlink() called on '/proc/self/exe' may yield unexpected results in various settings.
      Returning '/home/fdemirel/HPC_Lab_Proj/benchmarks/merge/merge-m5.x'
src/arch/arm/insts/pseudo.cc:174: warn: 	instruction 'bti' unimplemented
Global frequency set at 1000000000000 ticks per second
src/mem/dram_interface.cc:690: warn: DRAM device capacity (16384 Mbytes) does not match the address range assigned (1024 Mbytes)
src/base/statistics.hh:279: warn: One of the stats is a legacy stat. Legacy stat is a stat that does not belong to any statistics::Group. Legacy stat is deprecated.
board.remote_gdb: Listening for connections on port 7003
gem5 Simulator System.  https://www.gem5.org
gem5 is copyrighted software; use the --copyright option for details.

gem5 version 25.0.0.1
gem5 compiled May  5 2026 12:55:05
gem5 started Jun 18 2026 02:25:30
gem5 executing on cn27.guoehi.cluster, pid 189246
command line: /home/fdemirel/HPC_Lab_Proj/imp/../../gem5/build/ALL/gem5.opt -s --outdir=results_imp_multisim --stdout-file=simple_triad_imp_ipd16_l2_ddr4_1x_simout.txt --stderr-file=simple_triad_imp_ipd16_l2_ddr4_1x_simerr.txt --stats-file=stats.txt -c 'from multiprocessing.spawn import spawn_main; spawn_main(tracker_fd=7, pipe_handle=13)' --multiprocessing-fork

src/sim/mem_state.cc:443: info: Increasing stack size by one page.
src/sim/syscall_emul.hh:1121: warn: readlink() called on '/proc/self/exe' may yield unexpected results in various settings.
      Returning '/home/fdemirel/HPC_Lab_Proj/benchmarks/simple_triad/simple_triad-m5.x'

----merge----
Execution time: 10.326216 (ms) 
random_elem:0, /home/fdemirel/HPC_Lab_Proj/benchmarks/merge/merge-m5.x
Global frequency set at 1000000000000 ticks per second
src/mem/dram_interface.cc:690: warn: DRAM device capacity (16384 Mbytes) does not match the address range assigned (512 Mbytes)
src/mem/dram_interface.cc:690: warn: DRAM device capacity (16384 Mbytes) does not match the address range assigned (512 Mbytes)
src/base/statistics.hh:279: warn: One of the stats is a legacy stat. Legacy stat is a stat that does not belong to any statistics::Group. Legacy stat is deprecated.
board.remote_gdb: Listening for connections on port 7001
gem5 Simulator System.  https://www.gem5.org
gem5 is copyrighted software; use the --copyright option for details.

gem5 version 25.0.0.1
gem5 compiled May  5 2026 12:55:05
gem5 started Jun 18 2026 02:26:42
gem5 executing on cn27.guoehi.cluster, pid 189254
command line: /home/fdemirel/HPC_Lab_Proj/imp/../../gem5/build/ALL/gem5.opt -s --outdir=results_imp_multisim --stdout-file=spmv_imp_dist64_l1d_ddr4_2x_simout.txt --stderr-file=spmv_imp_dist64_l1d_ddr4_2x_simerr.txt --stats-file=stats.txt -c 'from multiprocessing.spawn import spawn_main; spawn_main(tracker_fd=7, pipe_handle=13)' --multiprocessing-fork

src/sim/mem_state.cc:443: info: Increasing stack size by one page.
src/sim/syscall_emul.hh:1121: warn: readlink() called on '/proc/self/exe' may yield unexpected results in various settings.
      Returning '/home/fdemirel/HPC_Lab_Proj/benchmarks/spmv/spmv-m5.x'
src/arch/arm/insts/pseudo.cc:174: warn: 	instruction 'bti' unimplemented
src/sim/mem_state.cc:443: info: Increasing stack size by one page.
src/sim/mem_state.cc:443: info: Increasing stack size by one page.
src/sim/mem_state.cc:443: info: Increasing stack size by one page.
src/sim/mem_state.cc:443: info: Increasing stack size by one page.
src/sim/mem_state.cc:443: info: Increasing stack size by one page.
src/sim/mem_state.cc:443: info: Increasing stack size by one page.
src/sim/mem_state.cc:443: info: Increasing stack size by one page.
Array SIZE      : 1000000 
Array LOOP      : 1 

----triad----
a[0]=7.00e+00. b[0]=2.00e+00. c[0]=1.00e+00.
Execution time: 2.921286 (ms) 
   Rate [MB/s]: 8215.6 
Finished BFS.
Global frequency set at 1000000000000 ticks per second
src/mem/dram_interface.cc:690: warn: DRAM device capacity (16384 Mbytes) does not match the address range assigned (1024 Mbytes)
src/base/statistics.hh:279: warn: One of the stats is a legacy stat. Legacy stat is a stat that does not belong to any statistics::Group. Legacy stat is deprecated.
board.remote_gdb: Listening for connections on port 7002
gem5 Simulator System.  https://www.gem5.org
gem5 is copyrighted software; use the --copyright option for details.

gem5 version 25.0.0.1
gem5 compiled May  5 2026 12:55:05
gem5 started Jun 18 2026 02:27:25
gem5 executing on cn27.guoehi.cluster, pid 189259
command line: /home/fdemirel/HPC_Lab_Proj/imp/../../gem5/build/ALL/gem5.opt -s --outdir=results_imp_multisim --stdout-file=spmv_imp_pt64_l1d_ddr4_1x_simout.txt --stderr-file=spmv_imp_pt64_l1d_ddr4_1x_simerr.txt --stats-file=stats.txt -c 'from multiprocessing.spawn import spawn_main; spawn_main(tracker_fd=7, pipe_handle=13)' --multiprocessing-fork

src/sim/mem_state.cc:443: info: Increasing stack size by one page.
src/sim/syscall_emul.hh:1121: warn: readlink() called on '/proc/self/exe' may yield unexpected results in various settings.
      Returning '/home/fdemirel/HPC_Lab_Proj/benchmarks/spmv/spmv-m5.x'
src/arch/arm/insts/pseudo.cc:174: warn: 	instruction 'bti' unimplemented
src/sim/mem_state.cc:443: info: Increasing stack size by one page.
src/sim/mem_state.cc:443: info: Increasing stack size by one page.
src/sim/mem_state.cc:443: info: Increasing stack size by one page.
src/sim/mem_state.cc:443: info: Increasing stack size by one page.
src/sim/mem_state.cc:443: info: Increasing stack size by one page.
src/sim/mem_state.cc:443: info: Increasing stack size by one page.
src/sim/mem_state.cc:443: info: Increasing stack size by one page.
Global frequency set at 1000000000000 ticks per second
src/mem/dram_interface.cc:690: warn: DRAM device capacity (16384 Mbytes) does not match the address range assigned (512 Mbytes)
src/mem/dram_interface.cc:690: warn: DRAM device capacity (16384 Mbytes) does not match the address range assigned (512 Mbytes)
src/base/statistics.hh:279: warn: One of the stats is a legacy stat. Legacy stat is a stat that does not belong to any statistics::Group. Legacy stat is deprecated.
board.remote_gdb: Listening for connections on port 7003
gem5 Simulator System.  https://www.gem5.org
gem5 is copyrighted software; use the --copyright option for details.

gem5 version 25.0.0.1
gem5 compiled May  5 2026 12:55:05
gem5 started Jun 18 2026 02:27:39
gem5 executing on cn27.guoehi.cluster, pid 189260
command line: /home/fdemirel/HPC_Lab_Proj/imp/../../gem5/build/ALL/gem5.opt -s --outdir=results_imp_multisim --stdout-file=simple_triad_imp_thr4_l2_ddr4_2x_simout.txt --stderr-file=simple_triad_imp_thr4_l2_ddr4_2x_simerr.txt --stats-file=stats.txt -c 'from multiprocessing.spawn import spawn_main; spawn_main(tracker_fd=7, pipe_handle=13)' --multiprocessing-fork

src/sim/mem_state.cc:443: info: Increasing stack size by one page.
src/sim/syscall_emul.hh:1121: warn: readlink() called on '/proc/self/exe' may yield unexpected results in various settings.
      Returning '/home/fdemirel/HPC_Lab_Proj/benchmarks/simple_triad/simple_triad-m5.x'
----spmv----
N_ROWS          : 8192 
N_COLS          : 65536 
NNZ             : 524155 
Execution time: 6.310355 (ms) 
Global frequency set at 1000000000000 ticks per second
src/mem/dram_interface.cc:690: warn: DRAM device capacity (16384 Mbytes) does not match the address range assigned (512 Mbytes)
src/mem/dram_interface.cc:690: warn: DRAM device capacity (16384 Mbytes) does not match the address range assigned (512 Mbytes)
src/base/statistics.hh:279: warn: One of the stats is a legacy stat. Legacy stat is a stat that does not belong to any statistics::Group. Legacy stat is deprecated.
board.remote_gdb: Listening for connections on port 7001
gem5 Simulator System.  https://www.gem5.org
gem5 is copyrighted software; use the --copyright option for details.

gem5 version 25.0.0.1
gem5 compiled May  5 2026 12:55:05
gem5 started Jun 18 2026 02:29:03
gem5 executing on cn27.guoehi.cluster, pid 189268
command line: /home/fdemirel/HPC_Lab_Proj/imp/../../gem5/build/ALL/gem5.opt -s --outdir=results_imp_multisim --stdout-file=matmult_imp_thr4_l1d_ddr4_2x_simout.txt --stderr-file=matmult_imp_thr4_l1d_ddr4_2x_simerr.txt --stats-file=stats.txt -c 'from multiprocessing.spawn import spawn_main; spawn_main(tracker_fd=7, pipe_handle=13)' --multiprocessing-fork

src/sim/mem_state.cc:443: info: Increasing stack size by one page.
src/sim/syscall_emul.hh:1121: warn: readlink() called on '/proc/self/exe' may yield unexpected results in various settings.
      Returning '/home/fdemirel/HPC_Lab_Proj/benchmarks/matmult/matmult-m5.x'
src/arch/arm/insts/pseudo.cc:174: warn: 	instruction 'bti' unimplemented
Array SIZE      : 1000000 
Array LOOP      : 1 

----triad----
a[0]=7.00e+00. b[0]=2.00e+00. c[0]=1.00e+00.
Execution time: 2.250846 (ms) 
   Rate [MB/s]: 10662.7 
Global frequency set at 1000000000000 ticks per second
src/mem/dram_interface.cc:690: warn: DRAM device capacity (16384 Mbytes) does not match the address range assigned (512 Mbytes)
src/mem/dram_interface.cc:690: warn: DRAM device capacity (16384 Mbytes) does not match the address range assigned (512 Mbytes)
src/base/statistics.hh:279: warn: One of the stats is a legacy stat. Legacy stat is a stat that does not belong to any statistics::Group. Legacy stat is deprecated.
board.remote_gdb: Listening for connections on port 7003
gem5 Simulator System.  https://www.gem5.org
gem5 is copyrighted software; use the --copyright option for details.

gem5 version 25.0.0.1
gem5 compiled May  5 2026 12:55:05
gem5 started Jun 18 2026 02:29:27
gem5 executing on cn27.guoehi.cluster, pid 189272
command line: /home/fdemirel/HPC_Lab_Proj/imp/../../gem5/build/ALL/gem5.opt -s --outdir=results_imp_multisim --stdout-file=quick_imp_dist64_l1d_ddr4_2x_simout.txt --stderr-file=quick_imp_dist64_l1d_ddr4_2x_simerr.txt --stats-file=stats.txt -c 'from multiprocessing.spawn import spawn_main; spawn_main(tracker_fd=7, pipe_handle=13)' --multiprocessing-fork

src/sim/mem_state.cc:443: info: Increasing stack size by one page.
src/sim/syscall_emul.hh:1121: warn: readlink() called on '/proc/self/exe' may yield unexpected results in various settings.
      Returning '/home/fdemirel/HPC_Lab_Proj/benchmarks/quick/quick-m5.x'
src/arch/arm/insts/pseudo.cc:174: warn: 	instruction 'bti' unimplemented
----spmv----
N_ROWS          : 8192 
N_COLS          : 65536 
NNZ             : 524155 
Execution time: 6.728739 (ms) 
Global frequency set at 1000000000000 ticks per second
src/mem/dram_interface.cc:690: warn: DRAM device capacity (16384 Mbytes) does not match the address range assigned (1024 Mbytes)
src/base/statistics.hh:279: warn: One of the stats is a legacy stat. Legacy stat is a stat that does not belong to any statistics::Group. Legacy stat is deprecated.
board.remote_gdb: Listening for connections on port 7002
gem5 Simulator System.  https://www.gem5.org
gem5 is copyrighted software; use the --copyright option for details.

gem5 version 25.0.0.1
gem5 compiled May  5 2026 12:55:05
gem5 started Jun 18 2026 02:29:49
gem5 executing on cn27.guoehi.cluster, pid 189276
command line: /home/fdemirel/HPC_Lab_Proj/imp/../../gem5/build/ALL/gem5.opt -s --outdir=results_imp_multisim --stdout-file=quick_imp_pt64_l1d_ddr4_1x_simout.txt --stderr-file=quick_imp_pt64_l1d_ddr4_1x_simerr.txt --stats-file=stats.txt -c 'from multiprocessing.spawn import spawn_main; spawn_main(tracker_fd=7, pipe_handle=13)' --multiprocessing-fork

src/sim/mem_state.cc:443: info: Increasing stack size by one page.
src/sim/syscall_emul.hh:1121: warn: readlink() called on '/proc/self/exe' may yield unexpected results in various settings.
      Returning '/home/fdemirel/HPC_Lab_Proj/benchmarks/quick/quick-m5.x'
src/arch/arm/insts/pseudo.cc:174: warn: 	instruction 'bti' unimplemented

----MATRIX MULTIPLICATION----

----Computation starts----
Loop 0 ... 
argc = 2, A[argc][argc] = 0.500000, B[argc][argc] = 0.500000, C[argc][argc] = 0.500000 
Execution time: 1.253482 (ms) 
Global frequency set at 1000000000000 ticks per second
src/mem/dram_interface.cc:690: warn: DRAM device capacity (16384 Mbytes) does not match the address range assigned (1024 Mbytes)
src/base/statistics.hh:279: warn: One of the stats is a legacy stat. Legacy stat is a stat that does not belong to any statistics::Group. Legacy stat is deprecated.
board.remote_gdb: Listening for connections on port 7001
gem5 Simulator System.  https://www.gem5.org
gem5 is copyrighted software; use the --copyright option for details.

gem5 version 25.0.0.1
gem5 compiled May  5 2026 12:55:05
gem5 started Jun 18 2026 02:30:15
gem5 executing on cn27.guoehi.cluster, pid 189281
command line: /home/fdemirel/HPC_Lab_Proj/imp/../../gem5/build/ALL/gem5.opt -s --outdir=results_imp_multisim --stdout-file=spmv_imp_ipd16_l2_ddr4_1x_simout.txt --stderr-file=spmv_imp_ipd16_l2_ddr4_1x_simerr.txt --stats-file=stats.txt -c 'from multiprocessing.spawn import spawn_main; spawn_main(tracker_fd=7, pipe_handle=13)' --multiprocessing-fork

src/sim/mem_state.cc:443: info: Increasing stack size by one page.
src/sim/syscall_emul.hh:1121: warn: readlink() called on '/proc/self/exe' may yield unexpected results in various settings.
      Returning '/home/fdemirel/HPC_Lab_Proj/benchmarks/spmv/spmv-m5.x'
src/arch/arm/insts/pseudo.cc:174: warn: 	instruction 'bti' unimplemented
src/sim/mem_state.cc:443: info: Increasing stack size by one page.
src/sim/mem_state.cc:443: info: Increasing stack size by one page.
src/sim/mem_state.cc:443: info: Increasing stack size by one page.
src/sim/mem_state.cc:443: info: Increasing stack size by one page.
src/sim/mem_state.cc:443: info: Increasing stack size by one page.
src/sim/mem_state.cc:443: info: Increasing stack size by one page.
src/sim/mem_state.cc:443: info: Increasing stack size by one page.

----merge----
Execution time: 10.326216 (ms) 
random_elem:0, /home/fdemirel/HPC_Lab_Proj/benchmarks/merge/merge-m5.x
Global frequency set at 1000000000000 ticks per second
src/mem/dram_interface.cc:690: warn: DRAM device capacity (16384 Mbytes) does not match the address range assigned (1024 Mbytes)
src/base/statistics.hh:279: warn: One of the stats is a legacy stat. Legacy stat is a stat that does not belong to any statistics::Group. Legacy stat is deprecated.
board.remote_gdb: Listening for connections on port 7000
gem5 Simulator System.  https://www.gem5.org
gem5 is copyrighted software; use the --copyright option for details.

gem5 version 25.0.0.1
gem5 compiled May  5 2026 12:55:05
gem5 started Jun 18 2026 02:30:36
gem5 executing on cn27.guoehi.cluster, pid 189286
command line: /home/fdemirel/HPC_Lab_Proj/imp/../../gem5/build/ALL/gem5.opt -s --outdir=results_imp_multisim --stdout-file=matmult_imp_addrlen16_l1d_ddr4_1x_simout.txt --stderr-file=matmult_imp_addrlen16_l1d_ddr4_1x_simerr.txt --stats-file=stats.txt -c 'from multiprocessing.spawn import spawn_main; spawn_main(tracker_fd=7, pipe_handle=13)' --multiprocessing-fork

src/sim/mem_state.cc:443: info: Increasing stack size by one page.
src/sim/syscall_emul.hh:1121: warn: readlink() called on '/proc/self/exe' may yield unexpected results in various settings.
      Returning '/home/fdemirel/HPC_Lab_Proj/benchmarks/matmult/matmult-m5.x'
src/arch/arm/insts/pseudo.cc:174: warn: 	instruction 'bti' unimplemented

----MATRIX MULTIPLICATION----

----Computation starts----
Loop 0 ... 
argc = 2, A[argc][argc] = 0.500000, B[argc][argc] = 0.500000, C[argc][argc] = 0.500000 
Execution time: 1.234030 (ms) 
Global frequency set at 1000000000000 ticks per second
src/mem/dram_interface.cc:690: warn: DRAM device capacity (16384 Mbytes) does not match the address range assigned (1024 Mbytes)
src/base/statistics.hh:279: warn: One of the stats is a legacy stat. Legacy stat is a stat that does not belong to any statistics::Group. Legacy stat is deprecated.
board.remote_gdb: Listening for connections on port 7000
gem5 Simulator System.  https://www.gem5.org
gem5 is copyrighted software; use the --copyright option for details.

gem5 version 25.0.0.1
gem5 compiled May  5 2026 12:55:05
gem5 started Jun 18 2026 02:31:49
gem5 executing on cn27.guoehi.cluster, pid 189291
command line: /home/fdemirel/HPC_Lab_Proj/imp/../../gem5/build/ALL/gem5.opt -s --outdir=results_imp_multisim --stdout-file=bfs_imp_sdist8_l1d_ddr4_1x_simout.txt --stderr-file=bfs_imp_sdist8_l1d_ddr4_1x_simerr.txt --stats-file=stats.txt -c 'from multiprocessing.spawn import spawn_main; spawn_main(tracker_fd=7, pipe_handle=13)' --multiprocessing-fork

src/sim/mem_state.cc:443: info: Increasing stack size by one page.
src/sim/syscall_emul.hh:1121: warn: readlink() called on '/proc/self/exe' may yield unexpected results in various settings.
      Returning '/home/fdemirel/HPC_Lab_Proj/benchmarks/bfs/bfs-m5.x'
src/arch/arm/insts/pseudo.cc:174: warn: 	instruction 'bti' unimplemented
Beginning BFS ...
----spmv----
N_ROWS          : 8192 
N_COLS          : 65536 
NNZ             : 524155 
Execution time: 6.890919 (ms) 
Global frequency set at 1000000000000 ticks per second
src/mem/dram_interface.cc:690: warn: DRAM device capacity (16384 Mbytes) does not match the address range assigned (1024 Mbytes)
src/base/statistics.hh:279: warn: One of the stats is a legacy stat. Legacy stat is a stat that does not belong to any statistics::Group. Legacy stat is deprecated.
board.remote_gdb: Listening for connections on port 7001
gem5 Simulator System.  https://www.gem5.org
gem5 is copyrighted software; use the --copyright option for details.

gem5 version 25.0.0.1
gem5 compiled May  5 2026 12:55:05
gem5 started Jun 18 2026 02:32:16
gem5 executing on cn27.guoehi.cluster, pid 189295
command line: /home/fdemirel/HPC_Lab_Proj/imp/../../gem5/build/ALL/gem5.opt -s --outdir=results_imp_multisim --stdout-file=simple_triad_imp_thr1_l2_ddr4_1x_simout.txt --stderr-file=simple_triad_imp_thr1_l2_ddr4_1x_simerr.txt --stats-file=stats.txt -c 'from multiprocessing.spawn import spawn_main; spawn_main(tracker_fd=7, pipe_handle=13)' --multiprocessing-fork

src/sim/mem_state.cc:443: info: Increasing stack size by one page.
src/sim/syscall_emul.hh:1121: warn: readlink() called on '/proc/self/exe' may yield unexpected results in various settings.
      Returning '/home/fdemirel/HPC_Lab_Proj/benchmarks/simple_triad/simple_triad-m5.x'
----quick sort----
Array SIZE      : 131072 
random_elem:0, /home/fdemirel/HPC_Lab_Proj/benchmarks/quick/quick-m5.x
Execution time: 8.734951 (ms) 
----quick sort----
Array SIZE      : 131072 
random_elem:0, /home/fdemirel/HPC_Lab_Proj/benchmarks/quick/quick-m5.x
Execution time: 8.782714 (ms) 
Global frequency set at 1000000000000 ticks per second
src/mem/dram_interface.cc:690: warn: DRAM device capacity (16384 Mbytes) does not match the address range assigned (1024 Mbytes)
src/base/statistics.hh:279: warn: One of the stats is a legacy stat. Legacy stat is a stat that does not belong to any statistics::Group. Legacy stat is deprecated.
board.remote_gdb: Listening for connections on port 7003
gem5 Simulator System.  https://www.gem5.org
gem5 is copyrighted software; use the --copyright option for details.

gem5 version 25.0.0.1
gem5 compiled May  5 2026 12:55:05
gem5 started Jun 18 2026 02:33:41
gem5 executing on cn27.guoehi.cluster, pid 189302
command line: /home/fdemirel/HPC_Lab_Proj/imp/../../gem5/build/ALL/gem5.opt -s --outdir=results_imp_multisim --stdout-file=quick_imp_ipd16_l2_ddr4_1x_simout.txt --stderr-file=quick_imp_ipd16_l2_ddr4_1x_simerr.txt --stats-file=stats.txt -c 'from multiprocessing.spawn import spawn_main; spawn_main(tracker_fd=7, pipe_handle=13)' --multiprocessing-fork

src/sim/mem_state.cc:443: info: Increasing stack size by one page.
src/sim/syscall_emul.hh:1121: warn: readlink() called on '/proc/self/exe' may yield unexpected results in various settings.
      Returning '/home/fdemirel/HPC_Lab_Proj/benchmarks/quick/quick-m5.x'
src/arch/arm/insts/pseudo.cc:174: warn: 	instruction 'bti' unimplemented
Array SIZE      : 1000000 
Array LOOP      : 1 

----triad----
a[0]=7.00e+00. b[0]=2.00e+00. c[0]=1.00e+00.
Execution time: 2.921286 (ms) 
   Rate [MB/s]: 8215.6 
Global frequency set at 1000000000000 ticks per second
src/mem/dram_interface.cc:690: warn: DRAM device capacity (16384 Mbytes) does not match the address range assigned (512 Mbytes)
src/mem/dram_interface.cc:690: warn: DRAM device capacity (16384 Mbytes) does not match the address range assigned (512 Mbytes)
src/base/statistics.hh:279: warn: One of the stats is a legacy stat. Legacy stat is a stat that does not belong to any statistics::Group. Legacy stat is deprecated.
board.remote_gdb: Listening for connections on port 7001
gem5 Simulator System.  https://www.gem5.org
gem5 is copyrighted software; use the --copyright option for details.

gem5 version 25.0.0.1
gem5 compiled May  5 2026 12:55:05
gem5 started Jun 18 2026 02:33:57
gem5 executing on cn27.guoehi.cluster, pid 189306
command line: /home/fdemirel/HPC_Lab_Proj/imp/../../gem5/build/ALL/gem5.opt -s --outdir=results_imp_multisim --stdout-file=matmult_imp_sdist16_l2_ddr4_2x_simout.txt --stderr-file=matmult_imp_sdist16_l2_ddr4_2x_simerr.txt --stats-file=stats.txt -c 'from multiprocessing.spawn import spawn_main; spawn_main(tracker_fd=7, pipe_handle=13)' --multiprocessing-fork

src/sim/mem_state.cc:443: info: Increasing stack size by one page.
src/sim/syscall_emul.hh:1121: warn: readlink() called on '/proc/self/exe' may yield unexpected results in various settings.
      Returning '/home/fdemirel/HPC_Lab_Proj/benchmarks/matmult/matmult-m5.x'
src/arch/arm/insts/pseudo.cc:174: warn: 	instruction 'bti' unimplemented
Global frequency set at 1000000000000 ticks per second
src/mem/dram_interface.cc:690: warn: DRAM device capacity (16384 Mbytes) does not match the address range assigned (512 Mbytes)
src/mem/dram_interface.cc:690: warn: DRAM device capacity (16384 Mbytes) does not match the address range assigned (512 Mbytes)
src/base/statistics.hh:279: warn: One of the stats is a legacy stat. Legacy stat is a stat that does not belong to any statistics::Group. Legacy stat is deprecated.
board.remote_gdb: Listening for connections on port 7002
gem5 Simulator System.  https://www.gem5.org
gem5 is copyrighted software; use the --copyright option for details.

gem5 version 25.0.0.1
gem5 compiled May  5 2026 12:55:05
gem5 started Jun 18 2026 02:34:12
gem5 executing on cn27.guoehi.cluster, pid 189307
command line: /home/fdemirel/HPC_Lab_Proj/imp/../../gem5/build/ALL/gem5.opt -s --outdir=results_imp_multisim --stdout-file=bfs_imp_dist64_l2_ddr4_2x_simout.txt --stderr-file=bfs_imp_dist64_l2_ddr4_2x_simerr.txt --stats-file=stats.txt -c 'from multiprocessing.spawn import spawn_main; spawn_main(tracker_fd=7, pipe_handle=13)' --multiprocessing-fork

src/sim/mem_state.cc:443: info: Increasing stack size by one page.
src/sim/syscall_emul.hh:1121: warn: readlink() called on '/proc/self/exe' may yield unexpected results in various settings.
      Returning '/home/fdemirel/HPC_Lab_Proj/benchmarks/bfs/bfs-m5.x'
src/arch/arm/insts/pseudo.cc:174: warn: 	instruction 'bti' unimplemented
Beginning BFS ...

----MATRIX MULTIPLICATION----

----Computation starts----
Loop 0 ... 
argc = 2, A[argc][argc] = 0.500000, B[argc][argc] = 0.500000, C[argc][argc] = 0.500000 
Execution time: 1.206305 (ms) 
Global frequency set at 1000000000000 ticks per second
src/mem/dram_interface.cc:690: warn: DRAM device capacity (16384 Mbytes) does not match the address range assigned (1024 Mbytes)
src/base/statistics.hh:279: warn: One of the stats is a legacy stat. Legacy stat is a stat that does not belong to any statistics::Group. Legacy stat is deprecated.
board.remote_gdb: Listening for connections on port 7001
gem5 Simulator System.  https://www.gem5.org
gem5 is copyrighted software; use the --copyright option for details.

gem5 version 25.0.0.1
gem5 compiled May  5 2026 12:55:05
gem5 started Jun 18 2026 02:35:06
gem5 executing on cn27.guoehi.cluster, pid 189313
command line: /home/fdemirel/HPC_Lab_Proj/imp/../../gem5/build/ALL/gem5.opt -s --outdir=results_imp_multisim --stdout-file=merge_imp_addrlen16_l1d_ddr4_1x_simout.txt --stderr-file=merge_imp_addrlen16_l1d_ddr4_1x_simerr.txt --stats-file=stats.txt -c 'from multiprocessing.spawn import spawn_main; spawn_main(tracker_fd=7, pipe_handle=13)' --multiprocessing-fork

src/sim/mem_state.cc:443: info: Increasing stack size by one page.
src/sim/syscall_emul.hh:1121: warn: readlink() called on '/proc/self/exe' may yield unexpected results in various settings.
      Returning '/home/fdemirel/HPC_Lab_Proj/benchmarks/merge/merge-m5.x'
src/arch/arm/insts/pseudo.cc:174: warn: 	instruction 'bti' unimplemented
----quick sort----
Array SIZE      : 131072 
random_elem:0, /home/fdemirel/HPC_Lab_Proj/benchmarks/quick/quick-m5.x
Execution time: 9.039168 (ms) 
Global frequency set at 1000000000000 ticks per second
src/mem/dram_interface.cc:690: warn: DRAM device capacity (16384 Mbytes) does not match the address range assigned (1024 Mbytes)
src/base/statistics.hh:279: warn: One of the stats is a legacy stat. Legacy stat is a stat that does not belong to any statistics::Group. Legacy stat is deprecated.
board.remote_gdb: Listening for connections on port 7003
gem5 Simulator System.  https://www.gem5.org
gem5 is copyrighted software; use the --copyright option for details.

gem5 version 25.0.0.1
gem5 compiled May  5 2026 12:55:05
gem5 started Jun 18 2026 02:37:54
gem5 executing on cn27.guoehi.cluster, pid 189322
command line: /home/fdemirel/HPC_Lab_Proj/imp/../../gem5/build/ALL/gem5.opt -s --outdir=results_imp_multisim --stdout-file=spmv_imp_thr1_l2_ddr4_1x_simout.txt --stderr-file=spmv_imp_thr1_l2_ddr4_1x_simerr.txt --stats-file=stats.txt -c 'from multiprocessing.spawn import spawn_main; spawn_main(tracker_fd=7, pipe_handle=13)' --multiprocessing-fork

src/sim/mem_state.cc:443: info: Increasing stack size by one page.
src/sim/syscall_emul.hh:1121: warn: readlink() called on '/proc/self/exe' may yield unexpected results in various settings.
      Returning '/home/fdemirel/HPC_Lab_Proj/benchmarks/spmv/spmv-m5.x'
src/arch/arm/insts/pseudo.cc:174: warn: 	instruction 'bti' unimplemented
src/sim/mem_state.cc:443: info: Increasing stack size by one page.
src/sim/mem_state.cc:443: info: Increasing stack size by one page.
src/sim/mem_state.cc:443: info: Increasing stack size by one page.
src/sim/mem_state.cc:443: info: Increasing stack size by one page.
src/sim/mem_state.cc:443: info: Increasing stack size by one page.
src/sim/mem_state.cc:443: info: Increasing stack size by one page.
src/sim/mem_state.cc:443: info: Increasing stack size by one page.
Finished BFS.
Global frequency set at 1000000000000 ticks per second
src/mem/dram_interface.cc:690: warn: DRAM device capacity (16384 Mbytes) does not match the address range assigned (1024 Mbytes)
src/base/statistics.hh:279: warn: One of the stats is a legacy stat. Legacy stat is a stat that does not belong to any statistics::Group. Legacy stat is deprecated.
board.remote_gdb: Listening for connections on port 7000
gem5 Simulator System.  https://www.gem5.org
gem5 is copyrighted software; use the --copyright option for details.

gem5 version 25.0.0.1
gem5 compiled May  5 2026 12:55:05
gem5 started Jun 18 2026 02:38:36
gem5 executing on cn27.guoehi.cluster, pid 189326
command line: /home/fdemirel/HPC_Lab_Proj/imp/../../gem5/build/ALL/gem5.opt -s --outdir=results_imp_multisim --stdout-file=matmult_imp_sdist2_l1d_ddr4_1x_simout.txt --stderr-file=matmult_imp_sdist2_l1d_ddr4_1x_simerr.txt --stats-file=stats.txt -c 'from multiprocessing.spawn import spawn_main; spawn_main(tracker_fd=7, pipe_handle=13)' --multiprocessing-fork

src/sim/mem_state.cc:443: info: Increasing stack size by one page.
src/sim/syscall_emul.hh:1121: warn: readlink() called on '/proc/self/exe' may yield unexpected results in various settings.
      Returning '/home/fdemirel/HPC_Lab_Proj/benchmarks/matmult/matmult-m5.x'
src/arch/arm/insts/pseudo.cc:174: warn: 	instruction 'bti' unimplemented

----MATRIX MULTIPLICATION----

----Computation starts----
Loop 0 ... 
argc = 2, A[argc][argc] = 0.500000, B[argc][argc] = 0.500000, C[argc][argc] = 0.500000 
Execution time: 1.271014 (ms) 
----spmv----
N_ROWS          : 8192 
N_COLS          : 65536 
NNZ             : 524155 
Execution time: 6.890919 (ms) 
Global frequency set at 1000000000000 ticks per second
src/mem/dram_interface.cc:690: warn: DRAM device capacity (16384 Mbytes) does not match the address range assigned (512 Mbytes)
src/mem/dram_interface.cc:690: warn: DRAM device capacity (16384 Mbytes) does not match the address range assigned (512 Mbytes)
src/base/statistics.hh:279: warn: One of the stats is a legacy stat. Legacy stat is a stat that does not belong to any statistics::Group. Legacy stat is deprecated.
board.remote_gdb: Listening for connections on port 7000
gem5 Simulator System.  https://www.gem5.org
gem5 is copyrighted software; use the --copyright option for details.

gem5 version 25.0.0.1
gem5 compiled May  5 2026 12:55:05
gem5 started Jun 18 2026 02:39:45
gem5 executing on cn27.guoehi.cluster, pid 189331
command line: /home/fdemirel/HPC_Lab_Proj/imp/../../gem5/build/ALL/gem5.opt -s --outdir=results_imp_multisim --stdout-file=simple_triad_imp_pt8_l2_ddr4_2x_simout.txt --stderr-file=simple_triad_imp_pt8_l2_ddr4_2x_simerr.txt --stats-file=stats.txt -c 'from multiprocessing.spawn import spawn_main; spawn_main(tracker_fd=7, pipe_handle=13)' --multiprocessing-fork

src/sim/mem_state.cc:443: info: Increasing stack size by one page.
src/sim/syscall_emul.hh:1121: warn: readlink() called on '/proc/self/exe' may yield unexpected results in various settings.
      Returning '/home/fdemirel/HPC_Lab_Proj/benchmarks/simple_triad/simple_triad-m5.x'

----merge----
Execution time: 10.335941 (ms) 
random_elem:0, /home/fdemirel/HPC_Lab_Proj/benchmarks/merge/merge-m5.x
Global frequency set at 1000000000000 ticks per second
src/mem/dram_interface.cc:690: warn: DRAM device capacity (16384 Mbytes) does not match the address range assigned (512 Mbytes)
src/mem/dram_interface.cc:690: warn: DRAM device capacity (16384 Mbytes) does not match the address range assigned (512 Mbytes)
src/base/statistics.hh:279: warn: One of the stats is a legacy stat. Legacy stat is a stat that does not belong to any statistics::Group. Legacy stat is deprecated.
board.remote_gdb: Listening for connections on port 7001
gem5 Simulator System.  https://www.gem5.org
gem5 is copyrighted software; use the --copyright option for details.

gem5 version 25.0.0.1
gem5 compiled May  5 2026 12:55:05
gem5 started Jun 18 2026 02:39:57
gem5 executing on cn27.guoehi.cluster, pid 189332
command line: /home/fdemirel/HPC_Lab_Proj/imp/../../gem5/build/ALL/gem5.opt -s --outdir=results_imp_multisim --stdout-file=matmult_imp_pt8_l1d_ddr4_2x_simout.txt --stderr-file=matmult_imp_pt8_l1d_ddr4_2x_simerr.txt --stats-file=stats.txt -c 'from multiprocessing.spawn import spawn_main; spawn_main(tracker_fd=7, pipe_handle=13)' --multiprocessing-fork

src/sim/mem_state.cc:443: info: Increasing stack size by one page.
src/sim/syscall_emul.hh:1121: warn: readlink() called on '/proc/self/exe' may yield unexpected results in various settings.
      Returning '/home/fdemirel/HPC_Lab_Proj/benchmarks/matmult/matmult-m5.x'
src/arch/arm/insts/pseudo.cc:174: warn: 	instruction 'bti' unimplemented
Finished BFS.
Global frequency set at 1000000000000 ticks per second
src/mem/dram_interface.cc:690: warn: DRAM device capacity (16384 Mbytes) does not match the address range assigned (1024 Mbytes)
src/base/statistics.hh:279: warn: One of the stats is a legacy stat. Legacy stat is a stat that does not belong to any statistics::Group. Legacy stat is deprecated.
board.remote_gdb: Listening for connections on port 7002
gem5 Simulator System.  https://www.gem5.org
gem5 is copyrighted software; use the --copyright option for details.

gem5 version 25.0.0.1
gem5 compiled May  5 2026 12:55:05
gem5 started Jun 18 2026 02:40:10
gem5 executing on cn27.guoehi.cluster, pid 189336
command line: /home/fdemirel/HPC_Lab_Proj/imp/../../gem5/build/ALL/gem5.opt -s --outdir=results_imp_multisim --stdout-file=simple_triad_imp_pt32_l1d_ddr4_1x_simout.txt --stderr-file=simple_triad_imp_pt32_l1d_ddr4_1x_simerr.txt --stats-file=stats.txt -c 'from multiprocessing.spawn import spawn_main; spawn_main(tracker_fd=7, pipe_handle=13)' --multiprocessing-fork

src/sim/mem_state.cc:443: info: Increasing stack size by one page.
src/sim/syscall_emul.hh:1121: warn: readlink() called on '/proc/self/exe' may yield unexpected results in various settings.
      Returning '/home/fdemirel/HPC_Lab_Proj/benchmarks/simple_triad/simple_triad-m5.x'
Global frequency set at 1000000000000 ticks per second
src/mem/dram_interface.cc:690: warn: DRAM device capacity (16384 Mbytes) does not match the address range assigned (1024 Mbytes)
src/base/statistics.hh:279: warn: One of the stats is a legacy stat. Legacy stat is a stat that does not belong to any statistics::Group. Legacy stat is deprecated.
board.remote_gdb: Listening for connections on port 7003
gem5 Simulator System.  https://www.gem5.org
gem5 is copyrighted software; use the --copyright option for details.

gem5 version 25.0.0.1
gem5 compiled May  5 2026 12:55:05
gem5 started Jun 18 2026 02:40:15
gem5 executing on cn27.guoehi.cluster, pid 189339
command line: /home/fdemirel/HPC_Lab_Proj/imp/../../gem5/build/ALL/gem5.opt -s --outdir=results_imp_multisim --stdout-file=quick_imp_thr1_l2_ddr4_1x_simout.txt --stderr-file=quick_imp_thr1_l2_ddr4_1x_simerr.txt --stats-file=stats.txt -c 'from multiprocessing.spawn import spawn_main; spawn_main(tracker_fd=7, pipe_handle=13)' --multiprocessing-fork

src/sim/mem_state.cc:443: info: Increasing stack size by one page.
src/sim/syscall_emul.hh:1121: warn: readlink() called on '/proc/self/exe' may yield unexpected results in various settings.
      Returning '/home/fdemirel/HPC_Lab_Proj/benchmarks/quick/quick-m5.x'
src/arch/arm/insts/pseudo.cc:174: warn: 	instruction 'bti' unimplemented

----MATRIX MULTIPLICATION----

----Computation starts----
Loop 0 ... 
argc = 2, A[argc][argc] = 0.500000, B[argc][argc] = 0.500000, C[argc][argc] = 0.500000 
Execution time: 1.253482 (ms) 
Global frequency set at 1000000000000 ticks per second
src/mem/dram_interface.cc:690: warn: DRAM device capacity (16384 Mbytes) does not match the address range assigned (1024 Mbytes)
src/base/statistics.hh:279: warn: One of the stats is a legacy stat. Legacy stat is a stat that does not belong to any statistics::Group. Legacy stat is deprecated.
board.remote_gdb: Listening for connections on port 7001
gem5 Simulator System.  https://www.gem5.org
gem5 is copyrighted software; use the --copyright option for details.

gem5 version 25.0.0.1
gem5 compiled May  5 2026 12:55:05
gem5 started Jun 18 2026 02:41:09
gem5 executing on cn27.guoehi.cluster, pid 189350
command line: /home/fdemirel/HPC_Lab_Proj/imp/../../gem5/build/ALL/gem5.opt -s --outdir=results_imp_multisim --stdout-file=bfs_imp_addrlen16_l1d_ddr4_1x_simout.txt --stderr-file=bfs_imp_addrlen16_l1d_ddr4_1x_simerr.txt --stats-file=stats.txt -c 'from multiprocessing.spawn import spawn_main; spawn_main(tracker_fd=7, pipe_handle=13)' --multiprocessing-fork

src/sim/mem_state.cc:443: info: Increasing stack size by one page.
src/sim/syscall_emul.hh:1121: warn: readlink() called on '/proc/self/exe' may yield unexpected results in various settings.
      Returning '/home/fdemirel/HPC_Lab_Proj/benchmarks/bfs/bfs-m5.x'
src/arch/arm/insts/pseudo.cc:174: warn: 	instruction 'bti' unimplemented
Beginning BFS ...
Array SIZE      : 1000000 
Array LOOP      : 1 

----triad----
a[0]=7.00e+00. b[0]=2.00e+00. c[0]=1.00e+00.
Execution time: 2.250846 (ms) 
   Rate [MB/s]: 10662.7 
Global frequency set at 1000000000000 ticks per second
src/mem/dram_interface.cc:690: warn: DRAM device capacity (16384 Mbytes) does not match the address range assigned (512 Mbytes)
src/mem/dram_interface.cc:690: warn: DRAM device capacity (16384 Mbytes) does not match the address range assigned (512 Mbytes)
src/base/statistics.hh:279: warn: One of the stats is a legacy stat. Legacy stat is a stat that does not belong to any statistics::Group. Legacy stat is deprecated.
board.remote_gdb: Listening for connections on port 7000
gem5 Simulator System.  https://www.gem5.org
gem5 is copyrighted software; use the --copyright option for details.

gem5 version 25.0.0.1
gem5 compiled May  5 2026 12:55:05
gem5 started Jun 18 2026 02:41:32
gem5 executing on cn27.guoehi.cluster, pid 189353
command line: /home/fdemirel/HPC_Lab_Proj/imp/../../gem5/build/ALL/gem5.opt -s --outdir=results_imp_multisim --stdout-file=simple_triad_imp_ipd2_l1d_ddr4_2x_simout.txt --stderr-file=simple_triad_imp_ipd2_l1d_ddr4_2x_simerr.txt --stats-file=stats.txt -c 'from multiprocessing.spawn import spawn_main; spawn_main(tracker_fd=7, pipe_handle=13)' --multiprocessing-fork

src/sim/mem_state.cc:443: info: Increasing stack size by one page.
src/sim/syscall_emul.hh:1121: warn: readlink() called on '/proc/self/exe' may yield unexpected results in various settings.
      Returning '/home/fdemirel/HPC_Lab_Proj/benchmarks/simple_triad/simple_triad-m5.x'
Array SIZE      : 1000000 
Array LOOP      : 1 

----triad----
a[0]=7.00e+00. b[0]=2.00e+00. c[0]=1.00e+00.
Execution time: 2.776922 (ms) 
   Rate [MB/s]: 8642.7 
Global frequency set at 1000000000000 ticks per second
src/mem/dram_interface.cc:690: warn: DRAM device capacity (16384 Mbytes) does not match the address range assigned (1024 Mbytes)
src/base/statistics.hh:279: warn: One of the stats is a legacy stat. Legacy stat is a stat that does not belong to any statistics::Group. Legacy stat is deprecated.
board.remote_gdb: Listening for connections on port 7002
gem5 Simulator System.  https://www.gem5.org
gem5 is copyrighted software; use the --copyright option for details.

gem5 version 25.0.0.1
gem5 compiled May  5 2026 12:55:05
gem5 started Jun 18 2026 02:42:10
gem5 executing on cn27.guoehi.cluster, pid 189358
command line: /home/fdemirel/HPC_Lab_Proj/imp/../../gem5/build/ALL/gem5.opt -s --outdir=results_imp_multisim --stdout-file=simple_triad_imp_ipd8_l2_ddr4_1x_simout.txt --stderr-file=simple_triad_imp_ipd8_l2_ddr4_1x_simerr.txt --stats-file=stats.txt -c 'from multiprocessing.spawn import spawn_main; spawn_main(tracker_fd=7, pipe_handle=13)' --multiprocessing-fork

src/sim/mem_state.cc:443: info: Increasing stack size by one page.
src/sim/syscall_emul.hh:1121: warn: readlink() called on '/proc/self/exe' may yield unexpected results in various settings.
      Returning '/home/fdemirel/HPC_Lab_Proj/benchmarks/simple_triad/simple_triad-m5.x'
Array SIZE      : 1000000 
Array LOOP      : 1 

----triad----
a[0]=7.00e+00. b[0]=2.00e+00. c[0]=1.00e+00.
Execution time: 2.245558 (ms) 
   Rate [MB/s]: 10687.8 
Global frequency set at 1000000000000 ticks per second
src/mem/dram_interface.cc:690: warn: DRAM device capacity (16384 Mbytes) does not match the address range assigned (1024 Mbytes)
src/base/statistics.hh:279: warn: One of the stats is a legacy stat. Legacy stat is a stat that does not belong to any statistics::Group. Legacy stat is deprecated.
board.remote_gdb: Listening for connections on port 7000
gem5 Simulator System.  https://www.gem5.org
gem5 is copyrighted software; use the --copyright option for details.

gem5 version 25.0.0.1
gem5 compiled May  5 2026 12:55:05
gem5 started Jun 18 2026 02:43:23
gem5 executing on cn27.guoehi.cluster, pid 189363
command line: /home/fdemirel/HPC_Lab_Proj/imp/../../gem5/build/ALL/gem5.opt -s --outdir=results_imp_multisim --stdout-file=merge_imp_sdist2_l1d_ddr4_1x_simout.txt --stderr-file=merge_imp_sdist2_l1d_ddr4_1x_simerr.txt --stats-file=stats.txt -c 'from multiprocessing.spawn import spawn_main; spawn_main(tracker_fd=7, pipe_handle=13)' --multiprocessing-fork

src/sim/mem_state.cc:443: info: Increasing stack size by one page.
src/sim/syscall_emul.hh:1121: warn: readlink() called on '/proc/self/exe' may yield unexpected results in various settings.
      Returning '/home/fdemirel/HPC_Lab_Proj/benchmarks/merge/merge-m5.x'
src/arch/arm/insts/pseudo.cc:174: warn: 	instruction 'bti' unimplemented
Array SIZE      : 1000000 
Array LOOP      : 1 

----triad----
a[0]=7.00e+00. b[0]=2.00e+00. c[0]=1.00e+00.
Execution time: 2.921286 (ms) 
   Rate [MB/s]: 8215.6 
Global frequency set at 1000000000000 ticks per second
----quick sort----
Array SIZE      : 131072 
random_elem:0, /home/fdemirel/HPC_Lab_Proj/benchmarks/quick/quick-m5.x
Execution time: 9.039168 (ms) 
src/mem/dram_interface.cc:690: warn: DRAM device capacity (16384 Mbytes) does not match the address range assigned (512 Mbytes)
src/mem/dram_interface.cc:690: warn: DRAM device capacity (16384 Mbytes) does not match the address range assigned (512 Mbytes)
src/base/statistics.hh:279: warn: One of the stats is a legacy stat. Legacy stat is a stat that does not belong to any statistics::Group. Legacy stat is deprecated.
board.remote_gdb: Listening for connections on port 7002
gem5 Simulator System.  https://www.gem5.org
gem5 is copyrighted software; use the --copyright option for details.

gem5 version 25.0.0.1
gem5 compiled May  5 2026 12:55:05
gem5 started Jun 18 2026 02:44:07
gem5 executing on cn27.guoehi.cluster, pid 189367
command line: /home/fdemirel/HPC_Lab_Proj/imp/../../gem5/build/ALL/gem5.opt -s --outdir=results_imp_multisim --stdout-file=spmv_imp_pt8_l2_ddr4_2x_simout.txt --stderr-file=spmv_imp_pt8_l2_ddr4_2x_simerr.txt --stats-file=stats.txt -c 'from multiprocessing.spawn import spawn_main; spawn_main(tracker_fd=7, pipe_handle=13)' --multiprocessing-fork

src/sim/mem_state.cc:443: info: Increasing stack size by one page.
src/sim/syscall_emul.hh:1121: warn: readlink() called on '/proc/self/exe' may yield unexpected results in various settings.
      Returning '/home/fdemirel/HPC_Lab_Proj/benchmarks/spmv/spmv-m5.x'
src/arch/arm/insts/pseudo.cc:174: warn: 	instruction 'bti' unimplemented
src/sim/mem_state.cc:443: info: Increasing stack size by one page.
src/sim/mem_state.cc:443: info: Increasing stack size by one page.
src/sim/mem_state.cc:443: info: Increasing stack size by one page.
src/sim/mem_state.cc:443: info: Increasing stack size by one page.
src/sim/mem_state.cc:443: info: Increasing stack size by one page.
src/sim/mem_state.cc:443: info: Increasing stack size by one page.
src/sim/mem_state.cc:443: info: Increasing stack size by one page.
Global frequency set at 1000000000000 ticks per second
src/mem/dram_interface.cc:690: warn: DRAM device capacity (16384 Mbytes) does not match the address range assigned (1024 Mbytes)
src/base/statistics.hh:279: warn: One of the stats is a legacy stat. Legacy stat is a stat that does not belong to any statistics::Group. Legacy stat is deprecated.
board.remote_gdb: Listening for connections on port 7003
gem5 Simulator System.  https://www.gem5.org
gem5 is copyrighted software; use the --copyright option for details.

gem5 version 25.0.0.1
gem5 compiled May  5 2026 12:55:05
gem5 started Jun 18 2026 02:44:24
gem5 executing on cn27.guoehi.cluster, pid 189370
command line: /home/fdemirel/HPC_Lab_Proj/imp/../../gem5/build/ALL/gem5.opt -s --outdir=results_imp_multisim --stdout-file=spmv_imp_pt32_l1d_ddr4_1x_simout.txt --stderr-file=spmv_imp_pt32_l1d_ddr4_1x_simerr.txt --stats-file=stats.txt -c 'from multiprocessing.spawn import spawn_main; spawn_main(tracker_fd=7, pipe_handle=13)' --multiprocessing-fork

src/sim/mem_state.cc:443: info: Increasing stack size by one page.
src/sim/syscall_emul.hh:1121: warn: readlink() called on '/proc/self/exe' may yield unexpected results in various settings.
      Returning '/home/fdemirel/HPC_Lab_Proj/benchmarks/spmv/spmv-m5.x'
src/arch/arm/insts/pseudo.cc:174: warn: 	instruction 'bti' unimplemented
src/sim/mem_state.cc:443: info: Increasing stack size by one page.
src/sim/mem_state.cc:443: info: Increasing stack size by one page.
src/sim/mem_state.cc:443: info: Increasing stack size by one page.
src/sim/mem_state.cc:443: info: Increasing stack size by one page.
src/sim/mem_state.cc:443: info: Increasing stack size by one page.
src/sim/mem_state.cc:443: info: Increasing stack size by one page.
src/sim/mem_state.cc:443: info: Increasing stack size by one page.
----spmv----
N_ROWS          : 8192 
N_COLS          : 65536 
NNZ             : 524155 
Execution time: 6.423470 (ms) 
Global frequency set at 1000000000000 ticks per second
src/mem/dram_interface.cc:690: warn: DRAM device capacity (16384 Mbytes) does not match the address range assigned (1024 Mbytes)
src/base/statistics.hh:279: warn: One of the stats is a legacy stat. Legacy stat is a stat that does not belong to any statistics::Group. Legacy stat is deprecated.
board.remote_gdb: Listening for connections on port 7002
gem5 Simulator System.  https://www.gem5.org
gem5 is copyrighted software; use the --copyright option for details.

gem5 version 25.0.0.1
gem5 compiled May  5 2026 12:55:05
gem5 started Jun 18 2026 02:46:06
gem5 executing on cn27.guoehi.cluster, pid 189378
command line: /home/fdemirel/HPC_Lab_Proj/imp/../../gem5/build/ALL/gem5.opt -s --outdir=results_imp_multisim --stdout-file=quick_imp_pt32_l1d_ddr4_1x_simout.txt --stderr-file=quick_imp_pt32_l1d_ddr4_1x_simerr.txt --stats-file=stats.txt -c 'from multiprocessing.spawn import spawn_main; spawn_main(tracker_fd=7, pipe_handle=13)' --multiprocessing-fork

src/sim/mem_state.cc:443: info: Increasing stack size by one page.
src/sim/syscall_emul.hh:1121: warn: readlink() called on '/proc/self/exe' may yield unexpected results in various settings.
      Returning '/home/fdemirel/HPC_Lab_Proj/benchmarks/quick/quick-m5.x'
src/arch/arm/insts/pseudo.cc:174: warn: 	instruction 'bti' unimplemented
----spmv----
N_ROWS          : 8192 
N_COLS          : 65536 
NNZ             : 524155 
Execution time: 6.728739 (ms) 
Global frequency set at 1000000000000 ticks per second
src/mem/dram_interface.cc:690: warn: DRAM device capacity (16384 Mbytes) does not match the address range assigned (512 Mbytes)
src/mem/dram_interface.cc:690: warn: DRAM device capacity (16384 Mbytes) does not match the address range assigned (512 Mbytes)
src/base/statistics.hh:279: warn: One of the stats is a legacy stat. Legacy stat is a stat that does not belong to any statistics::Group. Legacy stat is deprecated.
board.remote_gdb: Listening for connections on port 7003
gem5 Simulator System.  https://www.gem5.org
gem5 is copyrighted software; use the --copyright option for details.

gem5 version 25.0.0.1
gem5 compiled May  5 2026 12:55:05
gem5 started Jun 18 2026 02:46:45
gem5 executing on cn27.guoehi.cluster, pid 189383
command line: /home/fdemirel/HPC_Lab_Proj/imp/../../gem5/build/ALL/gem5.opt -s --outdir=results_imp_multisim --stdout-file=merge_imp_ipd2_l2_ddr4_2x_simout.txt --stderr-file=merge_imp_ipd2_l2_ddr4_2x_simerr.txt --stats-file=stats.txt -c 'from multiprocessing.spawn import spawn_main; spawn_main(tracker_fd=7, pipe_handle=13)' --multiprocessing-fork

src/sim/mem_state.cc:443: info: Increasing stack size by one page.
src/sim/syscall_emul.hh:1121: warn: readlink() called on '/proc/self/exe' may yield unexpected results in various settings.
      Returning '/home/fdemirel/HPC_Lab_Proj/benchmarks/merge/merge-m5.x'
src/arch/arm/insts/pseudo.cc:174: warn: 	instruction 'bti' unimplemented
Finished BFS.
Global frequency set at 1000000000000 ticks per second
src/mem/dram_interface.cc:690: warn: DRAM device capacity (16384 Mbytes) does not match the address range assigned (512 Mbytes)
src/mem/dram_interface.cc:690: warn: DRAM device capacity (16384 Mbytes) does not match the address range assigned (512 Mbytes)
src/base/statistics.hh:279: warn: One of the stats is a legacy stat. Legacy stat is a stat that does not belong to any statistics::Group. Legacy stat is deprecated.
board.remote_gdb: Listening for connections on port 7001
gem5 Simulator System.  https://www.gem5.org
gem5 is copyrighted software; use the --copyright option for details.

gem5 version 25.0.0.1
gem5 compiled May  5 2026 12:55:05
gem5 started Jun 18 2026 02:47:58
gem5 executing on cn27.guoehi.cluster, pid 189387
command line: /home/fdemirel/HPC_Lab_Proj/imp/../../gem5/build/ALL/gem5.opt -s --outdir=results_imp_multisim --stdout-file=spmv_imp_ipd2_l1d_ddr4_2x_simout.txt --stderr-file=spmv_imp_ipd2_l1d_ddr4_2x_simerr.txt --stats-file=stats.txt -c 'from multiprocessing.spawn import spawn_main; spawn_main(tracker_fd=7, pipe_handle=13)' --multiprocessing-fork

src/sim/mem_state.cc:443: info: Increasing stack size by one page.
src/sim/syscall_emul.hh:1121: warn: readlink() called on '/proc/self/exe' may yield unexpected results in various settings.
      Returning '/home/fdemirel/HPC_Lab_Proj/benchmarks/spmv/spmv-m5.x'
src/arch/arm/insts/pseudo.cc:174: warn: 	instruction 'bti' unimplemented
src/sim/mem_state.cc:443: info: Increasing stack size by one page.
src/sim/mem_state.cc:443: info: Increasing stack size by one page.
src/sim/mem_state.cc:443: info: Increasing stack size by one page.
src/sim/mem_state.cc:443: info: Increasing stack size by one page.
src/sim/mem_state.cc:443: info: Increasing stack size by one page.
src/sim/mem_state.cc:443: info: Increasing stack size by one page.
src/sim/mem_state.cc:443: info: Increasing stack size by one page.

----merge----
Execution time: 10.581709 (ms) 
random_elem:0, /home/fdemirel/HPC_Lab_Proj/benchmarks/merge/merge-m5.x
Global frequency set at 1000000000000 ticks per second
src/mem/dram_interface.cc:690: warn: DRAM device capacity (16384 Mbytes) does not match the address range assigned (1024 Mbytes)
src/base/statistics.hh:279: warn: One of the stats is a legacy stat. Legacy stat is a stat that does not belong to any statistics::Group. Legacy stat is deprecated.
board.remote_gdb: Listening for connections on port 7000
gem5 Simulator System.  https://www.gem5.org
gem5 is copyrighted software; use the --copyright option for details.

gem5 version 25.0.0.1
gem5 compiled May  5 2026 12:55:05
gem5 started Jun 18 2026 02:48:29
gem5 executing on cn27.guoehi.cluster, pid 189391
command line: /home/fdemirel/HPC_Lab_Proj/imp/../../gem5/build/ALL/gem5.opt -s --outdir=results_imp_multisim --stdout-file=spmv_imp_ipd8_l2_ddr4_1x_simout.txt --stderr-file=spmv_imp_ipd8_l2_ddr4_1x_simerr.txt --stats-file=stats.txt -c 'from multiprocessing.spawn import spawn_main; spawn_main(tracker_fd=7, pipe_handle=13)' --multiprocessing-fork

src/sim/mem_state.cc:443: info: Increasing stack size by one page.
src/sim/syscall_emul.hh:1121: warn: readlink() called on '/proc/self/exe' may yield unexpected results in various settings.
      Returning '/home/fdemirel/HPC_Lab_Proj/benchmarks/spmv/spmv-m5.x'
src/arch/arm/insts/pseudo.cc:174: warn: 	instruction 'bti' unimplemented
src/sim/mem_state.cc:443: info: Increasing stack size by one page.
src/sim/mem_state.cc:443: info: Increasing stack size by one page.
src/sim/mem_state.cc:443: info: Increasing stack size by one page.
src/sim/mem_state.cc:443: info: Increasing stack size by one page.
src/sim/mem_state.cc:443: info: Increasing stack size by one page.
src/sim/mem_state.cc:443: info: Increasing stack size by one page.
src/sim/mem_state.cc:443: info: Increasing stack size by one page.
----quick sort----
Array SIZE      : 131072 
random_elem:0, /home/fdemirel/HPC_Lab_Proj/benchmarks/quick/quick-m5.x
Execution time: 8.782714 (ms) 
----spmv----
N_ROWS          : 8192 
N_COLS          : 65536 
NNZ             : 524155 
Execution time: 6.310355 (ms) 
----spmv----
N_ROWS          : 8192 
N_COLS          : 65536 
NNZ             : 524155 
Execution time: 6.890919 (ms) 
Global frequency set at 1000000000000 ticks per second
src/mem/dram_interface.cc:690: warn: DRAM device capacity (16384 Mbytes) does not match the address range assigned (1024 Mbytes)
src/base/statistics.hh:279: warn: One of the stats is a legacy stat. Legacy stat is a stat that does not belong to any statistics::Group. Legacy stat is deprecated.
board.remote_gdb: Listening for connections on port 7000
gem5 Simulator System.  https://www.gem5.org
gem5 is copyrighted software; use the --copyright option for details.

gem5 version 25.0.0.1
gem5 compiled May  5 2026 12:55:05
gem5 started Jun 18 2026 02:50:13
gem5 executing on cn27.guoehi.cluster, pid 189402
command line: /home/fdemirel/HPC_Lab_Proj/imp/../../gem5/build/ALL/gem5.opt -s --outdir=results_imp_multisim --stdout-file=bfs_imp_sdist2_l1d_ddr4_1x_simout.txt --stderr-file=bfs_imp_sdist2_l1d_ddr4_1x_simerr.txt --stats-file=stats.txt -c 'from multiprocessing.spawn import spawn_main; spawn_main(tracker_fd=7, pipe_handle=13)' --multiprocessing-fork

src/sim/mem_state.cc:443: info: Increasing stack size by one page.
src/sim/syscall_emul.hh:1121: warn: readlink() called on '/proc/self/exe' may yield unexpected results in various settings.
      Returning '/home/fdemirel/HPC_Lab_Proj/benchmarks/bfs/bfs-m5.x'
src/arch/arm/insts/pseudo.cc:174: warn: 	instruction 'bti' unimplemented
Beginning BFS ...
Global frequency set at 1000000000000 ticks per second
src/mem/dram_interface.cc:690: warn: DRAM device capacity (16384 Mbytes) does not match the address range assigned (512 Mbytes)
src/mem/dram_interface.cc:690: warn: DRAM device capacity (16384 Mbytes) does not match the address range assigned (512 Mbytes)
src/base/statistics.hh:279: warn: One of the stats is a legacy stat. Legacy stat is a stat that does not belong to any statistics::Group. Legacy stat is deprecated.
board.remote_gdb: Listening for connections on port 7001
gem5 Simulator System.  https://www.gem5.org
gem5 is copyrighted software; use the --copyright option for details.

gem5 version 25.0.0.1
gem5 compiled May  5 2026 12:55:05
gem5 started Jun 18 2026 02:50:23
gem5 executing on cn27.guoehi.cluster, pid 189406
command line: /home/fdemirel/HPC_Lab_Proj/imp/../../gem5/build/ALL/gem5.opt -s --outdir=results_imp_multisim --stdout-file=quick_imp_pt8_l2_ddr4_2x_simout.txt --stderr-file=quick_imp_pt8_l2_ddr4_2x_simerr.txt --stats-file=stats.txt -c 'from multiprocessing.spawn import spawn_main; spawn_main(tracker_fd=7, pipe_handle=13)' --multiprocessing-fork

src/sim/mem_state.cc:443: info: Increasing stack size by one page.
src/sim/syscall_emul.hh:1121: warn: readlink() called on '/proc/self/exe' may yield unexpected results in various settings.
      Returning '/home/fdemirel/HPC_Lab_Proj/benchmarks/quick/quick-m5.x'
src/arch/arm/insts/pseudo.cc:174: warn: 	instruction 'bti' unimplemented
Global frequency set at 1000000000000 ticks per second
src/mem/dram_interface.cc:690: warn: DRAM device capacity (16384 Mbytes) does not match the address range assigned (1024 Mbytes)
src/base/statistics.hh:279: warn: One of the stats is a legacy stat. Legacy stat is a stat that does not belong to any statistics::Group. Legacy stat is deprecated.
board.remote_gdb: Listening for connections on port 7002
gem5 Simulator System.  https://www.gem5.org
gem5 is copyrighted software; use the --copyright option for details.

gem5 version 25.0.0.1
gem5 compiled May  5 2026 12:55:05
gem5 started Jun 18 2026 02:50:28
gem5 executing on cn27.guoehi.cluster, pid 189407
command line: /home/fdemirel/HPC_Lab_Proj/imp/../../gem5/build/ALL/gem5.opt -s --outdir=results_imp_multisim --stdout-file=simple_triad_imp_dist64_l2_ddr4_1x_simout.txt --stderr-file=simple_triad_imp_dist64_l2_ddr4_1x_simerr.txt --stats-file=stats.txt -c 'from multiprocessing.spawn import spawn_main; spawn_main(tracker_fd=7, pipe_handle=13)' --multiprocessing-fork

src/sim/mem_state.cc:443: info: Increasing stack size by one page.
src/sim/syscall_emul.hh:1121: warn: readlink() called on '/proc/self/exe' may yield unexpected results in various settings.
      Returning '/home/fdemirel/HPC_Lab_Proj/benchmarks/simple_triad/simple_triad-m5.x'

----merge----
Execution time: 10.543216 (ms) 
random_elem:0, /home/fdemirel/HPC_Lab_Proj/benchmarks/merge/merge-m5.x
Global frequency set at 1000000000000 ticks per second
src/mem/dram_interface.cc:690: warn: DRAM device capacity (16384 Mbytes) does not match the address range assigned (1024 Mbytes)
src/base/statistics.hh:279: warn: One of the stats is a legacy stat. Legacy stat is a stat that does not belong to any statistics::Group. Legacy stat is deprecated.
board.remote_gdb: Listening for connections on port 7003
gem5 Simulator System.  https://www.gem5.org
gem5 is copyrighted software; use the --copyright option for details.

gem5 version 25.0.0.1
gem5 compiled May  5 2026 12:55:05
gem5 started Jun 18 2026 02:51:52
gem5 executing on cn27.guoehi.cluster, pid 189418
command line: /home/fdemirel/HPC_Lab_Proj/imp/../../gem5/build/ALL/gem5.opt -s --outdir=results_imp_multisim --stdout-file=quick_imp_ipd8_l2_ddr4_1x_simout.txt --stderr-file=quick_imp_ipd8_l2_ddr4_1x_simerr.txt --stats-file=stats.txt -c 'from multiprocessing.spawn import spawn_main; spawn_main(tracker_fd=7, pipe_handle=13)' --multiprocessing-fork

src/sim/mem_state.cc:443: info: Increasing stack size by one page.
src/sim/syscall_emul.hh:1121: warn: readlink() called on '/proc/self/exe' may yield unexpected results in various settings.
      Returning '/home/fdemirel/HPC_Lab_Proj/benchmarks/quick/quick-m5.x'
src/arch/arm/insts/pseudo.cc:174: warn: 	instruction 'bti' unimplemented
Array SIZE      : 1000000 
Array LOOP      : 1 

----triad----
a[0]=7.00e+00. b[0]=2.00e+00. c[0]=1.00e+00.
Execution time: 2.921286 (ms) 
   Rate [MB/s]: 8215.6 
Global frequency set at 1000000000000 ticks per second
src/mem/dram_interface.cc:690: warn: DRAM device capacity (16384 Mbytes) does not match the address range assigned (512 Mbytes)
src/mem/dram_interface.cc:690: warn: DRAM device capacity (16384 Mbytes) does not match the address range assigned (512 Mbytes)
src/base/statistics.hh:279: warn: One of the stats is a legacy stat. Legacy stat is a stat that does not belong to any statistics::Group. Legacy stat is deprecated.
board.remote_gdb: Listening for connections on port 7002
gem5 Simulator System.  https://www.gem5.org
gem5 is copyrighted software; use the --copyright option for details.

gem5 version 25.0.0.1
gem5 compiled May  5 2026 12:55:05
gem5 started Jun 18 2026 02:52:23
gem5 executing on cn27.guoehi.cluster, pid 189421
command line: /home/fdemirel/HPC_Lab_Proj/imp/../../gem5/build/ALL/gem5.opt -s --outdir=results_imp_multisim --stdout-file=bfs_imp_pt8_l1d_ddr4_2x_simout.txt --stderr-file=bfs_imp_pt8_l1d_ddr4_2x_simerr.txt --stats-file=stats.txt -c 'from multiprocessing.spawn import spawn_main; spawn_main(tracker_fd=7, pipe_handle=13)' --multiprocessing-fork

src/sim/mem_state.cc:443: info: Increasing stack size by one page.
src/sim/syscall_emul.hh:1121: warn: readlink() called on '/proc/self/exe' may yield unexpected results in various settings.
      Returning '/home/fdemirel/HPC_Lab_Proj/benchmarks/bfs/bfs-m5.x'
src/arch/arm/insts/pseudo.cc:174: warn: 	instruction 'bti' unimplemented
Beginning BFS ...
----quick sort----
Array SIZE      : 131072 
random_elem:0, /home/fdemirel/HPC_Lab_Proj/benchmarks/quick/quick-m5.x
Execution time: 8.951498 (ms) 
Global frequency set at 1000000000000 ticks per second
src/mem/dram_interface.cc:690: warn: DRAM device capacity (16384 Mbytes) does not match the address range assigned (1024 Mbytes)
src/base/statistics.hh:279: warn: One of the stats is a legacy stat. Legacy stat is a stat that does not belong to any statistics::Group. Legacy stat is deprecated.
board.remote_gdb: Listening for connections on port 7001
gem5 Simulator System.  https://www.gem5.org
gem5 is copyrighted software; use the --copyright option for details.

gem5 version 25.0.0.1
gem5 compiled May  5 2026 12:55:05
gem5 started Jun 18 2026 02:54:34
gem5 executing on cn27.guoehi.cluster, pid 189428
command line: /home/fdemirel/HPC_Lab_Proj/imp/../../gem5/build/ALL/gem5.opt -s --outdir=results_imp_multisim --stdout-file=spmv_imp_dist4_l1d_ddr4_1x_simout.txt --stderr-file=spmv_imp_dist4_l1d_ddr4_1x_simerr.txt --stats-file=stats.txt -c 'from multiprocessing.spawn import spawn_main; spawn_main(tracker_fd=7, pipe_handle=13)' --multiprocessing-fork

src/sim/mem_state.cc:443: info: Increasing stack size by one page.
src/sim/syscall_emul.hh:1121: warn: readlink() called on '/proc/self/exe' may yield unexpected results in various settings.
      Returning '/home/fdemirel/HPC_Lab_Proj/benchmarks/spmv/spmv-m5.x'
src/arch/arm/insts/pseudo.cc:174: warn: 	instruction 'bti' unimplemented
src/sim/mem_state.cc:443: info: Increasing stack size by one page.
src/sim/mem_state.cc:443: info: Increasing stack size by one page.
src/sim/mem_state.cc:443: info: Increasing stack size by one page.
src/sim/mem_state.cc:443: info: Increasing stack size by one page.
src/sim/mem_state.cc:443: info: Increasing stack size by one page.
src/sim/mem_state.cc:443: info: Increasing stack size by one page.
src/sim/mem_state.cc:443: info: Increasing stack size by one page.
----quick sort----
Array SIZE      : 131072 
random_elem:0, /home/fdemirel/HPC_Lab_Proj/benchmarks/quick/quick-m5.x
Execution time: 9.039168 (ms) 
Global frequency set at 1000000000000 ticks per second
src/mem/dram_interface.cc:690: warn: DRAM device capacity (16384 Mbytes) does not match the address range assigned (512 Mbytes)
src/mem/dram_interface.cc:690: warn: DRAM device capacity (16384 Mbytes) does not match the address range assigned (512 Mbytes)
src/base/statistics.hh:279: warn: One of the stats is a legacy stat. Legacy stat is a stat that does not belong to any statistics::Group. Legacy stat is deprecated.
board.remote_gdb: Listening for connections on port 7003
gem5 Simulator System.  https://www.gem5.org
gem5 is copyrighted software; use the --copyright option for details.

gem5 version 25.0.0.1
gem5 compiled May  5 2026 12:55:05
gem5 started Jun 18 2026 02:56:07
gem5 executing on cn27.guoehi.cluster, pid 189434
command line: /home/fdemirel/HPC_Lab_Proj/imp/../../gem5/build/ALL/gem5.opt -s --outdir=results_imp_multisim --stdout-file=merge_imp_addrlen2_l1d_ddr4_2x_simout.txt --stderr-file=merge_imp_addrlen2_l1d_ddr4_2x_simerr.txt --stats-file=stats.txt -c 'from multiprocessing.spawn import spawn_main; spawn_main(tracker_fd=7, pipe_handle=13)' --multiprocessing-fork

src/sim/mem_state.cc:443: info: Increasing stack size by one page.
src/sim/syscall_emul.hh:1121: warn: readlink() called on '/proc/self/exe' may yield unexpected results in various settings.
      Returning '/home/fdemirel/HPC_Lab_Proj/benchmarks/merge/merge-m5.x'
src/arch/arm/insts/pseudo.cc:174: warn: 	instruction 'bti' unimplemented
Finished BFS.
----spmv----
N_ROWS          : 8192 
N_COLS          : 65536 
NNZ             : 524155 
Execution time: 6.728739 (ms) 
Global frequency set at 1000000000000 ticks per second
src/mem/dram_interface.cc:690: warn: DRAM device capacity (16384 Mbytes) does not match the address range assigned (512 Mbytes)
src/mem/dram_interface.cc:690: warn: DRAM device capacity (16384 Mbytes) does not match the address range assigned (512 Mbytes)
src/base/statistics.hh:279: warn: One of the stats is a legacy stat. Legacy stat is a stat that does not belong to any statistics::Group. Legacy stat is deprecated.
board.remote_gdb: Listening for connections on port 7000
gem5 Simulator System.  https://www.gem5.org
gem5 is copyrighted software; use the --copyright option for details.

gem5 version 25.0.0.1
gem5 compiled May  5 2026 12:55:05
gem5 started Jun 18 2026 02:56:51
gem5 executing on cn27.guoehi.cluster, pid 189439
command line: /home/fdemirel/HPC_Lab_Proj/imp/../../gem5/build/ALL/gem5.opt -s --outdir=results_imp_multisim --stdout-file=matmult_imp_default_l1d_ddr4_2x_simout.txt --stderr-file=matmult_imp_default_l1d_ddr4_2x_simerr.txt --stats-file=stats.txt -c 'from multiprocessing.spawn import spawn_main; spawn_main(tracker_fd=7, pipe_handle=13)' --multiprocessing-fork

src/sim/mem_state.cc:443: info: Increasing stack size by one page.
src/sim/syscall_emul.hh:1121: warn: readlink() called on '/proc/self/exe' may yield unexpected results in various settings.
      Returning '/home/fdemirel/HPC_Lab_Proj/benchmarks/matmult/matmult-m5.x'
src/arch/arm/insts/pseudo.cc:174: warn: 	instruction 'bti' unimplemented
Global frequency set at 1000000000000 ticks per second
src/mem/dram_interface.cc:690: warn: DRAM device capacity (16384 Mbytes) does not match the address range assigned (1024 Mbytes)
src/base/statistics.hh:279: warn: One of the stats is a legacy stat. Legacy stat is a stat that does not belong to any statistics::Group. Legacy stat is deprecated.
board.remote_gdb: Listening for connections on port 7001
gem5 Simulator System.  https://www.gem5.org
gem5 is copyrighted software; use the --copyright option for details.

gem5 version 25.0.0.1
gem5 compiled May  5 2026 12:55:05
gem5 started Jun 18 2026 02:57:00
gem5 executing on cn27.guoehi.cluster, pid 189440
command line: /home/fdemirel/HPC_Lab_Proj/imp/../../gem5/build/ALL/gem5.opt -s --outdir=results_imp_multisim --stdout-file=spmv_imp_dist64_l2_ddr4_1x_simout.txt --stderr-file=spmv_imp_dist64_l2_ddr4_1x_simerr.txt --stats-file=stats.txt -c 'from multiprocessing.spawn import spawn_main; spawn_main(tracker_fd=7, pipe_handle=13)' --multiprocessing-fork

src/sim/mem_state.cc:443: info: Increasing stack size by one page.
src/sim/syscall_emul.hh:1121: warn: readlink() called on '/proc/self/exe' may yield unexpected results in various settings.
      Returning '/home/fdemirel/HPC_Lab_Proj/benchmarks/spmv/spmv-m5.x'
src/arch/arm/insts/pseudo.cc:174: warn: 	instruction 'bti' unimplemented
src/sim/mem_state.cc:443: info: Increasing stack size by one page.
src/sim/mem_state.cc:443: info: Increasing stack size by one page.
src/sim/mem_state.cc:443: info: Increasing stack size by one page.
src/sim/mem_state.cc:443: info: Increasing stack size by one page.
src/sim/mem_state.cc:443: info: Increasing stack size by one page.
src/sim/mem_state.cc:443: info: Increasing stack size by one page.
src/sim/mem_state.cc:443: info: Increasing stack size by one page.

----MATRIX MULTIPLICATION----

----Computation starts----
Loop 0 ... 
argc = 2, A[argc][argc] = 0.500000, B[argc][argc] = 0.500000, C[argc][argc] = 0.500000 
Execution time: 1.253482 (ms) 
Global frequency set at 1000000000000 ticks per second
src/mem/dram_interface.cc:690: warn: DRAM device capacity (16384 Mbytes) does not match the address range assigned (512 Mbytes)
src/mem/dram_interface.cc:690: warn: DRAM device capacity (16384 Mbytes) does not match the address range assigned (512 Mbytes)
src/base/statistics.hh:279: warn: One of the stats is a legacy stat. Legacy stat is a stat that does not belong to any statistics::Group. Legacy stat is deprecated.
board.remote_gdb: Listening for connections on port 7000
gem5 Simulator System.  https://www.gem5.org
gem5 is copyrighted software; use the --copyright option for details.

gem5 version 25.0.0.1
gem5 compiled May  5 2026 12:55:05
gem5 started Jun 18 2026 02:58:03
gem5 executing on cn27.guoehi.cluster, pid 189446
command line: /home/fdemirel/HPC_Lab_Proj/imp/../../gem5/build/ALL/gem5.opt -s --outdir=results_imp_multisim --stdout-file=spmv_imp_default_l2_ddr4_2x_simout.txt --stderr-file=spmv_imp_default_l2_ddr4_2x_simerr.txt --stats-file=stats.txt -c 'from multiprocessing.spawn import spawn_main; spawn_main(tracker_fd=7, pipe_handle=13)' --multiprocessing-fork

src/sim/mem_state.cc:443: info: Increasing stack size by one page.
src/sim/syscall_emul.hh:1121: warn: readlink() called on '/proc/self/exe' may yield unexpected results in various settings.
      Returning '/home/fdemirel/HPC_Lab_Proj/benchmarks/spmv/spmv-m5.x'
src/arch/arm/insts/pseudo.cc:174: warn: 	instruction 'bti' unimplemented
src/sim/mem_state.cc:443: info: Increasing stack size by one page.
src/sim/mem_state.cc:443: info: Increasing stack size by one page.
src/sim/mem_state.cc:443: info: Increasing stack size by one page.
src/sim/mem_state.cc:443: info: Increasing stack size by one page.
src/sim/mem_state.cc:443: info: Increasing stack size by one page.
src/sim/mem_state.cc:443: info: Increasing stack size by one page.
src/sim/mem_state.cc:443: info: Increasing stack size by one page.
----spmv----
N_ROWS          : 8192 
N_COLS          : 65536 
NNZ             : 524155 
Execution time: 6.890919 (ms) 
Finished BFS.
Global frequency set at 1000000000000 ticks per second
src/mem/dram_interface.cc:690: warn: DRAM device capacity (16384 Mbytes) does not match the address range assigned (1024 Mbytes)
src/base/statistics.hh:279: warn: One of the stats is a legacy stat. Legacy stat is a stat that does not belong to any statistics::Group. Legacy stat is deprecated.
board.remote_gdb: Listening for connections on port 7001
gem5 Simulator System.  https://www.gem5.org
gem5 is copyrighted software; use the --copyright option for details.

gem5 version 25.0.0.1
gem5 compiled May  5 2026 12:55:05
gem5 started Jun 18 2026 02:59:05
gem5 executing on cn27.guoehi.cluster, pid 189451
command line: /home/fdemirel/HPC_Lab_Proj/imp/../../gem5/build/ALL/gem5.opt -s --outdir=results_imp_multisim --stdout-file=matmult_imp_sdist16_l2_ddr4_1x_simout.txt --stderr-file=matmult_imp_sdist16_l2_ddr4_1x_simerr.txt --stats-file=stats.txt -c 'from multiprocessing.spawn import spawn_main; spawn_main(tracker_fd=7, pipe_handle=13)' --multiprocessing-fork

src/sim/mem_state.cc:443: info: Increasing stack size by one page.
src/sim/syscall_emul.hh:1121: warn: readlink() called on '/proc/self/exe' may yield unexpected results in various settings.
      Returning '/home/fdemirel/HPC_Lab_Proj/benchmarks/matmult/matmult-m5.x'
src/arch/arm/insts/pseudo.cc:174: warn: 	instruction 'bti' unimplemented
Global frequency set at 1000000000000 ticks per second
src/mem/dram_interface.cc:690: warn: DRAM device capacity (16384 Mbytes) does not match the address range assigned (1024 Mbytes)
src/base/statistics.hh:279: warn: One of the stats is a legacy stat. Legacy stat is a stat that does not belong to any statistics::Group. Legacy stat is deprecated.
board.remote_gdb: Listening for connections on port 7002
gem5 Simulator System.  https://www.gem5.org
gem5 is copyrighted software; use the --copyright option for details.

gem5 version 25.0.0.1
gem5 compiled May  5 2026 12:55:05
gem5 started Jun 18 2026 02:59:08
gem5 executing on cn27.guoehi.cluster, pid 189452
command line: /home/fdemirel/HPC_Lab_Proj/imp/../../gem5/build/ALL/gem5.opt -s --outdir=results_imp_multisim --stdout-file=bfs_imp_addrlen8_l1d_ddr4_1x_simout.txt --stderr-file=bfs_imp_addrlen8_l1d_ddr4_1x_simerr.txt --stats-file=stats.txt -c 'from multiprocessing.spawn import spawn_main; spawn_main(tracker_fd=7, pipe_handle=13)' --multiprocessing-fork

src/sim/mem_state.cc:443: info: Increasing stack size by one page.
src/sim/syscall_emul.hh:1121: warn: readlink() called on '/proc/self/exe' may yield unexpected results in various settings.
      Returning '/home/fdemirel/HPC_Lab_Proj/benchmarks/bfs/bfs-m5.x'
src/arch/arm/insts/pseudo.cc:174: warn: 	instruction 'bti' unimplemented
Beginning BFS ...
----spmv----
N_ROWS          : 8192 
N_COLS          : 65536 
NNZ             : 524155 
Execution time: 6.423470 (ms) 

----MATRIX MULTIPLICATION----

----Computation starts----
Loop 0 ... 
argc = 2, A[argc][argc] = 0.500000, B[argc][argc] = 0.500000, C[argc][argc] = 0.500000 
Execution time: 1.216915 (ms) 
Global frequency set at 1000000000000 ticks per second
src/mem/dram_interface.cc:690: warn: DRAM device capacity (16384 Mbytes) does not match the address range assigned (512 Mbytes)
src/mem/dram_interface.cc:690: warn: DRAM device capacity (16384 Mbytes) does not match the address range assigned (512 Mbytes)
src/base/statistics.hh:279: warn: One of the stats is a legacy stat. Legacy stat is a stat that does not belong to any statistics::Group. Legacy stat is deprecated.
board.remote_gdb: Listening for connections on port 7000
gem5 Simulator System.  https://www.gem5.org
gem5 is copyrighted software; use the --copyright option for details.

gem5 version 25.0.0.1
gem5 compiled May  5 2026 12:55:05
gem5 started Jun 18 2026 03:00:03
gem5 executing on cn27.guoehi.cluster, pid 189459
command line: /home/fdemirel/HPC_Lab_Proj/imp/../../gem5/build/ALL/gem5.opt -s --outdir=results_imp_multisim --stdout-file=quick_imp_addrlen2_l2_ddr4_2x_simout.txt --stderr-file=quick_imp_addrlen2_l2_ddr4_2x_simerr.txt --stats-file=stats.txt -c 'from multiprocessing.spawn import spawn_main; spawn_main(tracker_fd=7, pipe_handle=13)' --multiprocessing-fork

src/sim/mem_state.cc:443: info: Increasing stack size by one page.
src/sim/syscall_emul.hh:1121: warn: readlink() called on '/proc/self/exe' may yield unexpected results in various settings.
      Returning '/home/fdemirel/HPC_Lab_Proj/benchmarks/quick/quick-m5.x'
src/arch/arm/insts/pseudo.cc:174: warn: 	instruction 'bti' unimplemented
Global frequency set at 1000000000000 ticks per second
src/mem/dram_interface.cc:690: warn: DRAM device capacity (16384 Mbytes) does not match the address range assigned (1024 Mbytes)
src/base/statistics.hh:279: warn: One of the stats is a legacy stat. Legacy stat is a stat that does not belong to any statistics::Group. Legacy stat is deprecated.
board.remote_gdb: Listening for connections on port 7001
gem5 Simulator System.  https://www.gem5.org
gem5 is copyrighted software; use the --copyright option for details.

gem5 version 25.0.0.1
gem5 compiled May  5 2026 12:55:05
gem5 started Jun 18 2026 03:00:14
gem5 executing on cn27.guoehi.cluster, pid 189460
command line: /home/fdemirel/HPC_Lab_Proj/imp/../../gem5/build/ALL/gem5.opt -s --outdir=results_imp_multisim --stdout-file=merge_imp_thr4_l1d_ddr4_1x_simout.txt --stderr-file=merge_imp_thr4_l1d_ddr4_1x_simerr.txt --stats-file=stats.txt -c 'from multiprocessing.spawn import spawn_main; spawn_main(tracker_fd=7, pipe_handle=13)' --multiprocessing-fork

src/sim/mem_state.cc:443: info: Increasing stack size by one page.
src/sim/syscall_emul.hh:1121: warn: readlink() called on '/proc/self/exe' may yield unexpected results in various settings.
      Returning '/home/fdemirel/HPC_Lab_Proj/benchmarks/merge/merge-m5.x'
src/arch/arm/insts/pseudo.cc:174: warn: 	instruction 'bti' unimplemented

----merge----
Execution time: 10.326216 (ms) 
random_elem:0, /home/fdemirel/HPC_Lab_Proj/benchmarks/merge/merge-m5.x
Global frequency set at 1000000000000 ticks per second
src/mem/dram_interface.cc:690: warn: DRAM device capacity (16384 Mbytes) does not match the address range assigned (512 Mbytes)
src/mem/dram_interface.cc:690: warn: DRAM device capacity (16384 Mbytes) does not match the address range assigned (512 Mbytes)
src/base/statistics.hh:279: warn: One of the stats is a legacy stat. Legacy stat is a stat that does not belong to any statistics::Group. Legacy stat is deprecated.
board.remote_gdb: Listening for connections on port 7003
gem5 Simulator System.  https://www.gem5.org
gem5 is copyrighted software; use the --copyright option for details.

gem5 version 25.0.0.1
gem5 compiled May  5 2026 12:55:05
gem5 started Jun 18 2026 03:01:15
gem5 executing on cn27.guoehi.cluster, pid 189470
command line: /home/fdemirel/HPC_Lab_Proj/imp/../../gem5/build/ALL/gem5.opt -s --outdir=results_imp_multisim --stdout-file=spmv_imp_dist32_l1d_ddr4_2x_simout.txt --stderr-file=spmv_imp_dist32_l1d_ddr4_2x_simerr.txt --stats-file=stats.txt -c 'from multiprocessing.spawn import spawn_main; spawn_main(tracker_fd=7, pipe_handle=13)' --multiprocessing-fork

src/sim/mem_state.cc:443: info: Increasing stack size by one page.
src/sim/syscall_emul.hh:1121: warn: readlink() called on '/proc/self/exe' may yield unexpected results in various settings.
      Returning '/home/fdemirel/HPC_Lab_Proj/benchmarks/spmv/spmv-m5.x'
src/arch/arm/insts/pseudo.cc:174: warn: 	instruction 'bti' unimplemented
src/sim/mem_state.cc:443: info: Increasing stack size by one page.
src/sim/mem_state.cc:443: info: Increasing stack size by one page.
src/sim/mem_state.cc:443: info: Increasing stack size by one page.
src/sim/mem_state.cc:443: info: Increasing stack size by one page.
src/sim/mem_state.cc:443: info: Increasing stack size by one page.
src/sim/mem_state.cc:443: info: Increasing stack size by one page.
src/sim/mem_state.cc:443: info: Increasing stack size by one page.
----spmv----
N_ROWS          : 8192 
N_COLS          : 65536 
NNZ             : 524155 
Execution time: 6.310355 (ms) 
Global frequency set at 1000000000000 ticks per second
src/mem/dram_interface.cc:690: warn: DRAM device capacity (16384 Mbytes) does not match the address range assigned (512 Mbytes)
src/mem/dram_interface.cc:690: warn: DRAM device capacity (16384 Mbytes) does not match the address range assigned (512 Mbytes)
src/base/statistics.hh:279: warn: One of the stats is a legacy stat. Legacy stat is a stat that does not belong to any statistics::Group. Legacy stat is deprecated.
board.remote_gdb: Listening for connections on port 7003
gem5 Simulator System.  https://www.gem5.org
gem5 is copyrighted software; use the --copyright option for details.

gem5 version 25.0.0.1
gem5 compiled May  5 2026 12:55:05
gem5 started Jun 18 2026 03:03:37
gem5 executing on cn27.guoehi.cluster, pid 189481
command line: /home/fdemirel/HPC_Lab_Proj/imp/../../gem5/build/ALL/gem5.opt -s --outdir=results_imp_multisim --stdout-file=simple_triad_imp_thr3_l2_ddr4_2x_simout.txt --stderr-file=simple_triad_imp_thr3_l2_ddr4_2x_simerr.txt --stats-file=stats.txt -c 'from multiprocessing.spawn import spawn_main; spawn_main(tracker_fd=7, pipe_handle=13)' --multiprocessing-fork

src/sim/mem_state.cc:443: info: Increasing stack size by one page.
src/sim/syscall_emul.hh:1121: warn: readlink() called on '/proc/self/exe' may yield unexpected results in various settings.
      Returning '/home/fdemirel/HPC_Lab_Proj/benchmarks/simple_triad/simple_triad-m5.x'
----quick sort----
Array SIZE      : 131072 
random_elem:0, /home/fdemirel/HPC_Lab_Proj/benchmarks/quick/quick-m5.x
Execution time: 8.952131 (ms) 
Global frequency set at 1000000000000 ticks per second
src/mem/dram_interface.cc:690: warn: DRAM device capacity (16384 Mbytes) does not match the address range assigned (512 Mbytes)
src/mem/dram_interface.cc:690: warn: DRAM device capacity (16384 Mbytes) does not match the address range assigned (512 Mbytes)
src/base/statistics.hh:279: warn: One of the stats is a legacy stat. Legacy stat is a stat that does not belong to any statistics::Group. Legacy stat is deprecated.
board.remote_gdb: Listening for connections on port 7000
gem5 Simulator System.  https://www.gem5.org
gem5 is copyrighted software; use the --copyright option for details.

gem5 version 25.0.0.1
gem5 compiled May  5 2026 12:55:05
gem5 started Jun 18 2026 03:04:15
gem5 executing on cn27.guoehi.cluster, pid 189485
command line: /home/fdemirel/HPC_Lab_Proj/imp/../../gem5/build/ALL/gem5.opt -s --outdir=results_imp_multisim --stdout-file=quick_imp_dist32_l1d_ddr4_2x_simout.txt --stderr-file=quick_imp_dist32_l1d_ddr4_2x_simerr.txt --stats-file=stats.txt -c 'from multiprocessing.spawn import spawn_main; spawn_main(tracker_fd=7, pipe_handle=13)' --multiprocessing-fork

src/sim/mem_state.cc:443: info: Increasing stack size by one page.
src/sim/syscall_emul.hh:1121: warn: readlink() called on '/proc/self/exe' may yield unexpected results in various settings.
      Returning '/home/fdemirel/HPC_Lab_Proj/benchmarks/quick/quick-m5.x'
src/arch/arm/insts/pseudo.cc:174: warn: 	instruction 'bti' unimplemented

----merge----
Execution time: 10.335941 (ms) 
random_elem:0, /home/fdemirel/HPC_Lab_Proj/benchmarks/merge/merge-m5.x
Array SIZE      : 1000000 
Array LOOP      : 1 

----triad----
a[0]=7.00e+00. b[0]=2.00e+00. c[0]=1.00e+00.
Execution time: 2.250846 (ms) 
   Rate [MB/s]: 10662.7 
Global frequency set at 1000000000000 ticks per second
src/mem/dram_interface.cc:690: warn: DRAM device capacity (16384 Mbytes) does not match the address range assigned (1024 Mbytes)
src/base/statistics.hh:279: warn: One of the stats is a legacy stat. Legacy stat is a stat that does not belong to any statistics::Group. Legacy stat is deprecated.
board.remote_gdb: Listening for connections on port 7001
gem5 Simulator System.  https://www.gem5.org
gem5 is copyrighted software; use the --copyright option for details.

gem5 version 25.0.0.1
gem5 compiled May  5 2026 12:55:05
gem5 started Jun 18 2026 03:05:20
gem5 executing on cn27.guoehi.cluster, pid 189489
command line: /home/fdemirel/HPC_Lab_Proj/imp/../../gem5/build/ALL/gem5.opt -s --outdir=results_imp_multisim --stdout-file=merge_imp_sdist16_l2_ddr4_1x_simout.txt --stderr-file=merge_imp_sdist16_l2_ddr4_1x_simerr.txt --stats-file=stats.txt -c 'from multiprocessing.spawn import spawn_main; spawn_main(tracker_fd=7, pipe_handle=13)' --multiprocessing-fork

src/sim/mem_state.cc:443: info: Increasing stack size by one page.
src/sim/syscall_emul.hh:1121: warn: readlink() called on '/proc/self/exe' may yield unexpected results in various settings.
      Returning '/home/fdemirel/HPC_Lab_Proj/benchmarks/merge/merge-m5.x'
src/arch/arm/insts/pseudo.cc:174: warn: 	instruction 'bti' unimplemented
Global frequency set at 1000000000000 ticks per second
src/mem/dram_interface.cc:690: warn: DRAM device capacity (16384 Mbytes) does not match the address range assigned (1024 Mbytes)
src/base/statistics.hh:279: warn: One of the stats is a legacy stat. Legacy stat is a stat that does not belong to any statistics::Group. Legacy stat is deprecated.
board.remote_gdb: Listening for connections on port 7003
gem5 Simulator System.  https://www.gem5.org
gem5 is copyrighted software; use the --copyright option for details.

gem5 version 25.0.0.1
gem5 compiled May  5 2026 12:55:05
gem5 started Jun 18 2026 03:05:26
gem5 executing on cn27.guoehi.cluster, pid 189490
command line: /home/fdemirel/HPC_Lab_Proj/imp/../../gem5/build/ALL/gem5.opt -s --outdir=results_imp_multisim --stdout-file=bfs_imp_thr4_l1d_ddr4_1x_simout.txt --stderr-file=bfs_imp_thr4_l1d_ddr4_1x_simerr.txt --stats-file=stats.txt -c 'from multiprocessing.spawn import spawn_main; spawn_main(tracker_fd=7, pipe_handle=13)' --multiprocessing-fork

src/sim/mem_state.cc:443: info: Increasing stack size by one page.
src/sim/syscall_emul.hh:1121: warn: readlink() called on '/proc/self/exe' may yield unexpected results in various settings.
      Returning '/home/fdemirel/HPC_Lab_Proj/benchmarks/bfs/bfs-m5.x'
src/arch/arm/insts/pseudo.cc:174: warn: 	instruction 'bti' unimplemented
Beginning BFS ...
Finished BFS.
Global frequency set at 1000000000000 ticks per second
src/mem/dram_interface.cc:690: warn: DRAM device capacity (16384 Mbytes) does not match the address range assigned (512 Mbytes)
src/mem/dram_interface.cc:690: warn: DRAM device capacity (16384 Mbytes) does not match the address range assigned (512 Mbytes)
src/base/statistics.hh:279: warn: One of the stats is a legacy stat. Legacy stat is a stat that does not belong to any statistics::Group. Legacy stat is deprecated.
board.remote_gdb: Listening for connections on port 7002
gem5 Simulator System.  https://www.gem5.org
gem5 is copyrighted software; use the --copyright option for details.

gem5 version 25.0.0.1
gem5 compiled May  5 2026 12:55:05
gem5 started Jun 18 2026 03:05:57
gem5 executing on cn27.guoehi.cluster, pid 189496
command line: /home/fdemirel/HPC_Lab_Proj/imp/../../gem5/build/ALL/gem5.opt -s --outdir=results_imp_multisim --stdout-file=simple_triad_imp_sdist8_l1d_ddr4_2x_simout.txt --stderr-file=simple_triad_imp_sdist8_l1d_ddr4_2x_simerr.txt --stats-file=stats.txt -c 'from multiprocessing.spawn import spawn_main; spawn_main(tracker_fd=7, pipe_handle=13)' --multiprocessing-fork

src/sim/mem_state.cc:443: info: Increasing stack size by one page.
src/sim/syscall_emul.hh:1121: warn: readlink() called on '/proc/self/exe' may yield unexpected results in various settings.
      Returning '/home/fdemirel/HPC_Lab_Proj/benchmarks/simple_triad/simple_triad-m5.x'
Array SIZE      : 1000000 
Array LOOP      : 1 

----triad----
a[0]=7.00e+00. b[0]=2.00e+00. c[0]=1.00e+00.
Execution time: 2.147103 (ms) 
   Rate [MB/s]: 11177.9 
Global frequency set at 1000000000000 ticks per second
src/mem/dram_interface.cc:690: warn: DRAM device capacity (16384 Mbytes) does not match the address range assigned (1024 Mbytes)
src/base/statistics.hh:279: warn: One of the stats is a legacy stat. Legacy stat is a stat that does not belong to any statistics::Group. Legacy stat is deprecated.
board.remote_gdb: Listening for connections on port 7002
gem5 Simulator System.  https://www.gem5.org
gem5 is copyrighted software; use the --copyright option for details.

gem5 version 25.0.0.1
gem5 compiled May  5 2026 12:55:05
gem5 started Jun 18 2026 03:07:44
gem5 executing on cn27.guoehi.cluster, pid 189504
command line: /home/fdemirel/HPC_Lab_Proj/imp/../../gem5/build/ALL/gem5.opt -s --outdir=results_imp_multisim --stdout-file=simple_triad_imp_dist32_l2_ddr4_1x_simout.txt --stderr-file=simple_triad_imp_dist32_l2_ddr4_1x_simerr.txt --stats-file=stats.txt -c 'from multiprocessing.spawn import spawn_main; spawn_main(tracker_fd=7, pipe_handle=13)' --multiprocessing-fork

src/sim/mem_state.cc:443: info: Increasing stack size by one page.
src/sim/syscall_emul.hh:1121: warn: readlink() called on '/proc/self/exe' may yield unexpected results in various settings.
      Returning '/home/fdemirel/HPC_Lab_Proj/benchmarks/simple_triad/simple_triad-m5.x'
----quick sort----
Array SIZE      : 131072 
random_elem:0, /home/fdemirel/HPC_Lab_Proj/benchmarks/quick/quick-m5.x
Execution time: 8.734951 (ms) 
Global frequency set at 1000000000000 ticks per second
src/mem/dram_interface.cc:690: warn: DRAM device capacity (16384 Mbytes) does not match the address range assigned (1024 Mbytes)
src/base/statistics.hh:279: warn: One of the stats is a legacy stat. Legacy stat is a stat that does not belong to any statistics::Group. Legacy stat is deprecated.
board.remote_gdb: Listening for connections on port 7000
gem5 Simulator System.  https://www.gem5.org
gem5 is copyrighted software; use the --copyright option for details.

gem5 version 25.0.0.1
gem5 compiled May  5 2026 12:55:05
gem5 started Jun 18 2026 03:08:28
gem5 executing on cn27.guoehi.cluster, pid 189508
command line: /home/fdemirel/HPC_Lab_Proj/imp/../../gem5/build/ALL/gem5.opt -s --outdir=results_imp_multisim --stdout-file=quick_imp_ipd2_l2_ddr4_1x_simout.txt --stderr-file=quick_imp_ipd2_l2_ddr4_1x_simerr.txt --stats-file=stats.txt -c 'from multiprocessing.spawn import spawn_main; spawn_main(tracker_fd=7, pipe_handle=13)' --multiprocessing-fork

src/sim/mem_state.cc:443: info: Increasing stack size by one page.
src/sim/syscall_emul.hh:1121: warn: readlink() called on '/proc/self/exe' may yield unexpected results in various settings.
      Returning '/home/fdemirel/HPC_Lab_Proj/benchmarks/quick/quick-m5.x'
src/arch/arm/insts/pseudo.cc:174: warn: 	instruction 'bti' unimplemented
Array SIZE      : 1000000 
Array LOOP      : 1 

----triad----
a[0]=7.00e+00. b[0]=2.00e+00. c[0]=1.00e+00.
Execution time: 2.921286 (ms) 
   Rate [MB/s]: 8215.6 
Global frequency set at 1000000000000 ticks per second
src/mem/dram_interface.cc:690: warn: DRAM device capacity (16384 Mbytes) does not match the address range assigned (1024 Mbytes)
src/base/statistics.hh:279: warn: One of the stats is a legacy stat. Legacy stat is a stat that does not belong to any statistics::Group. Legacy stat is deprecated.
board.remote_gdb: Listening for connections on port 7002
gem5 Simulator System.  https://www.gem5.org
gem5 is copyrighted software; use the --copyright option for details.

gem5 version 25.0.0.1
gem5 compiled May  5 2026 12:55:05
gem5 started Jun 18 2026 03:09:38
gem5 executing on cn27.guoehi.cluster, pid 189513
command line: /home/fdemirel/HPC_Lab_Proj/imp/../../gem5/build/ALL/gem5.opt -s --outdir=results_imp_multisim --stdout-file=quick_imp_default_l1d_ddr4_1x_simout.txt --stderr-file=quick_imp_default_l1d_ddr4_1x_simerr.txt --stats-file=stats.txt -c 'from multiprocessing.spawn import spawn_main; spawn_main(tracker_fd=7, pipe_handle=13)' --multiprocessing-fork

src/sim/mem_state.cc:443: info: Increasing stack size by one page.
src/sim/syscall_emul.hh:1121: warn: readlink() called on '/proc/self/exe' may yield unexpected results in various settings.
      Returning '/home/fdemirel/HPC_Lab_Proj/benchmarks/quick/quick-m5.x'
src/arch/arm/insts/pseudo.cc:174: warn: 	instruction 'bti' unimplemented

----merge----
Execution time: 10.341258 (ms) 
random_elem:0, /home/fdemirel/HPC_Lab_Proj/benchmarks/merge/merge-m5.x
Global frequency set at 1000000000000 ticks per second
src/mem/dram_interface.cc:690: warn: DRAM device capacity (16384 Mbytes) does not match the address range assigned (512 Mbytes)
src/mem/dram_interface.cc:690: warn: DRAM device capacity (16384 Mbytes) does not match the address range assigned (512 Mbytes)
src/base/statistics.hh:279: warn: One of the stats is a legacy stat. Legacy stat is a stat that does not belong to any statistics::Group. Legacy stat is deprecated.
board.remote_gdb: Listening for connections on port 7001
gem5 Simulator System.  https://www.gem5.org
gem5 is copyrighted software; use the --copyright option for details.

gem5 version 25.0.0.1
gem5 compiled May  5 2026 12:55:05
gem5 started Jun 18 2026 03:10:25
gem5 executing on cn27.guoehi.cluster, pid 189521
command line: /home/fdemirel/HPC_Lab_Proj/imp/../../gem5/build/ALL/gem5.opt -s --outdir=results_imp_multisim --stdout-file=spmv_imp_sdist8_l1d_ddr4_2x_simout.txt --stderr-file=spmv_imp_sdist8_l1d_ddr4_2x_simerr.txt --stats-file=stats.txt -c 'from multiprocessing.spawn import spawn_main; spawn_main(tracker_fd=7, pipe_handle=13)' --multiprocessing-fork

src/sim/mem_state.cc:443: info: Increasing stack size by one page.
src/sim/syscall_emul.hh:1121: warn: readlink() called on '/proc/self/exe' may yield unexpected results in various settings.
      Returning '/home/fdemirel/HPC_Lab_Proj/benchmarks/spmv/spmv-m5.x'
src/arch/arm/insts/pseudo.cc:174: warn: 	instruction 'bti' unimplemented
src/sim/mem_state.cc:443: info: Increasing stack size by one page.
src/sim/mem_state.cc:443: info: Increasing stack size by one page.
src/sim/mem_state.cc:443: info: Increasing stack size by one page.
src/sim/mem_state.cc:443: info: Increasing stack size by one page.
src/sim/mem_state.cc:443: info: Increasing stack size by one page.
src/sim/mem_state.cc:443: info: Increasing stack size by one page.
src/sim/mem_state.cc:443: info: Increasing stack size by one page.
Finished BFS.
Global frequency set at 1000000000000 ticks per second
src/mem/dram_interface.cc:690: warn: DRAM device capacity (16384 Mbytes) does not match the address range assigned (512 Mbytes)
src/mem/dram_interface.cc:690: warn: DRAM device capacity (16384 Mbytes) does not match the address range assigned (512 Mbytes)
src/base/statistics.hh:279: warn: One of the stats is a legacy stat. Legacy stat is a stat that does not belong to any statistics::Group. Legacy stat is deprecated.
board.remote_gdb: Listening for connections on port 7003
gem5 Simulator System.  https://www.gem5.org
gem5 is copyrighted software; use the --copyright option for details.

gem5 version 25.0.0.1
gem5 compiled May  5 2026 12:55:05
gem5 started Jun 18 2026 03:12:16
gem5 executing on cn27.guoehi.cluster, pid 189527
command line: /home/fdemirel/HPC_Lab_Proj/imp/../../gem5/build/ALL/gem5.opt -s --outdir=results_imp_multisim --stdout-file=quick_imp_thr3_l2_ddr4_2x_simout.txt --stderr-file=quick_imp_thr3_l2_ddr4_2x_simerr.txt --stats-file=stats.txt -c 'from multiprocessing.spawn import spawn_main; spawn_main(tracker_fd=7, pipe_handle=13)' --multiprocessing-fork

src/sim/mem_state.cc:443: info: Increasing stack size by one page.
src/sim/syscall_emul.hh:1121: warn: readlink() called on '/proc/self/exe' may yield unexpected results in various settings.
      Returning '/home/fdemirel/HPC_Lab_Proj/benchmarks/quick/quick-m5.x'
src/arch/arm/insts/pseudo.cc:174: warn: 	instruction 'bti' unimplemented
----quick sort----
Array SIZE      : 131072 
random_elem:0, /home/fdemirel/HPC_Lab_Proj/benchmarks/quick/quick-m5.x
Execution time: 9.039168 (ms) 
----spmv----
N_ROWS          : 8192 
N_COLS          : 65536 
NNZ             : 524155 
Execution time: 5.703239 (ms) 
Global frequency set at 1000000000000 ticks per second
src/mem/dram_interface.cc:690: warn: DRAM device capacity (16384 Mbytes) does not match the address range assigned (1024 Mbytes)
src/base/statistics.hh:279: warn: One of the stats is a legacy stat. Legacy stat is a stat that does not belong to any statistics::Group. Legacy stat is deprecated.
board.remote_gdb: Listening for connections on port 7000
gem5 Simulator System.  https://www.gem5.org
gem5 is copyrighted software; use the --copyright option for details.

gem5 version 25.0.0.1
gem5 compiled May  5 2026 12:55:05
gem5 started Jun 18 2026 03:12:44
gem5 executing on cn27.guoehi.cluster, pid 189530
command line: /home/fdemirel/HPC_Lab_Proj/imp/../../gem5/build/ALL/gem5.opt -s --outdir=results_imp_multisim --stdout-file=simple_triad_imp_sthr8_l1d_ddr4_1x_simout.txt --stderr-file=simple_triad_imp_sthr8_l1d_ddr4_1x_simerr.txt --stats-file=stats.txt -c 'from multiprocessing.spawn import spawn_main; spawn_main(tracker_fd=7, pipe_handle=13)' --multiprocessing-fork

src/sim/mem_state.cc:443: info: Increasing stack size by one page.
src/sim/syscall_emul.hh:1121: warn: readlink() called on '/proc/self/exe' may yield unexpected results in various settings.
      Returning '/home/fdemirel/HPC_Lab_Proj/benchmarks/simple_triad/simple_triad-m5.x'
Global frequency set at 1000000000000 ticks per second
src/mem/dram_interface.cc:690: warn: DRAM device capacity (16384 Mbytes) does not match the address range assigned (1024 Mbytes)
src/base/statistics.hh:279: warn: One of the stats is a legacy stat. Legacy stat is a stat that does not belong to any statistics::Group. Legacy stat is deprecated.
board.remote_gdb: Listening for connections on port 7001
gem5 Simulator System.  https://www.gem5.org
gem5 is copyrighted software; use the --copyright option for details.

gem5 version 25.0.0.1
gem5 compiled May  5 2026 12:55:05
gem5 started Jun 18 2026 03:12:55
gem5 executing on cn27.guoehi.cluster, pid 189533
command line: /home/fdemirel/HPC_Lab_Proj/imp/../../gem5/build/ALL/gem5.opt -s --outdir=results_imp_multisim --stdout-file=quick_imp_dist32_l2_ddr4_1x_simout.txt --stderr-file=quick_imp_dist32_l2_ddr4_1x_simerr.txt --stats-file=stats.txt -c 'from multiprocessing.spawn import spawn_main; spawn_main(tracker_fd=7, pipe_handle=13)' --multiprocessing-fork

src/sim/mem_state.cc:443: info: Increasing stack size by one page.
src/sim/syscall_emul.hh:1121: warn: readlink() called on '/proc/self/exe' may yield unexpected results in various settings.
      Returning '/home/fdemirel/HPC_Lab_Proj/benchmarks/quick/quick-m5.x'
src/arch/arm/insts/pseudo.cc:174: warn: 	instruction 'bti' unimplemented
----quick sort----
Array SIZE      : 131072 
random_elem:0, /home/fdemirel/HPC_Lab_Proj/benchmarks/quick/quick-m5.x
Execution time: 8.782714 (ms) 
Global frequency set at 1000000000000 ticks per second
src/mem/dram_interface.cc:690: warn: DRAM device capacity (16384 Mbytes) does not match the address range assigned (1024 Mbytes)
src/base/statistics.hh:279: warn: One of the stats is a legacy stat. Legacy stat is a stat that does not belong to any statistics::Group. Legacy stat is deprecated.
board.remote_gdb: Listening for connections on port 7002
gem5 Simulator System.  https://www.gem5.org
gem5 is copyrighted software; use the --copyright option for details.

gem5 version 25.0.0.1
gem5 compiled May  5 2026 12:55:05
gem5 started Jun 18 2026 03:13:44
gem5 executing on cn27.guoehi.cluster, pid 189539
command line: /home/fdemirel/HPC_Lab_Proj/imp/../../gem5/build/ALL/gem5.opt -s --outdir=results_imp_multisim --stdout-file=simple_triad_imp_default_l1d_ddr4_1x_simout.txt --stderr-file=simple_triad_imp_default_l1d_ddr4_1x_simerr.txt --stats-file=stats.txt -c 'from multiprocessing.spawn import spawn_main; spawn_main(tracker_fd=7, pipe_handle=13)' --multiprocessing-fork

src/sim/mem_state.cc:443: info: Increasing stack size by one page.
src/sim/syscall_emul.hh:1121: warn: readlink() called on '/proc/self/exe' may yield unexpected results in various settings.
      Returning '/home/fdemirel/HPC_Lab_Proj/benchmarks/simple_triad/simple_triad-m5.x'
Array SIZE      : 1000000 
Array LOOP      : 1 

----triad----
a[0]=7.00e+00. b[0]=2.00e+00. c[0]=1.00e+00.
Execution time: 2.776339 (ms) 
   Rate [MB/s]: 8644.5 
Global frequency set at 1000000000000 ticks per second
src/mem/dram_interface.cc:690: warn: DRAM device capacity (16384 Mbytes) does not match the address range assigned (512 Mbytes)
src/mem/dram_interface.cc:690: warn: DRAM device capacity (16384 Mbytes) does not match the address range assigned (512 Mbytes)
src/base/statistics.hh:279: warn: One of the stats is a legacy stat. Legacy stat is a stat that does not belong to any statistics::Group. Legacy stat is deprecated.
board.remote_gdb: Listening for connections on port 7000
gem5 Simulator System.  https://www.gem5.org
gem5 is copyrighted software; use the --copyright option for details.

gem5 version 25.0.0.1
gem5 compiled May  5 2026 12:55:05
gem5 started Jun 18 2026 03:14:39
gem5 executing on cn27.guoehi.cluster, pid 189544
command line: /home/fdemirel/HPC_Lab_Proj/imp/../../gem5/build/ALL/gem5.opt -s --outdir=results_imp_multisim --stdout-file=merge_imp_sthr8_l1d_ddr4_2x_simout.txt --stderr-file=merge_imp_sthr8_l1d_ddr4_2x_simerr.txt --stats-file=stats.txt -c 'from multiprocessing.spawn import spawn_main; spawn_main(tracker_fd=7, pipe_handle=13)' --multiprocessing-fork

src/sim/mem_state.cc:443: info: Increasing stack size by one page.
src/sim/syscall_emul.hh:1121: warn: readlink() called on '/proc/self/exe' may yield unexpected results in various settings.
      Returning '/home/fdemirel/HPC_Lab_Proj/benchmarks/merge/merge-m5.x'
src/arch/arm/insts/pseudo.cc:174: warn: 	instruction 'bti' unimplemented
Array SIZE      : 1000000 
Array LOOP      : 1 

----triad----
a[0]=7.00e+00. b[0]=2.00e+00. c[0]=1.00e+00.
Execution time: 2.776922 (ms) 
   Rate [MB/s]: 8642.7 
Global frequency set at 1000000000000 ticks per second
src/mem/dram_interface.cc:690: warn: DRAM device capacity (16384 Mbytes) does not match the address range assigned (1024 Mbytes)
src/base/statistics.hh:279: warn: One of the stats is a legacy stat. Legacy stat is a stat that does not belong to any statistics::Group. Legacy stat is deprecated.
board.remote_gdb: Listening for connections on port 7002
gem5 Simulator System.  https://www.gem5.org
gem5 is copyrighted software; use the --copyright option for details.

gem5 version 25.0.0.1
gem5 compiled May  5 2026 12:55:05
gem5 started Jun 18 2026 03:15:42
gem5 executing on cn27.guoehi.cluster, pid 189548
command line: /home/fdemirel/HPC_Lab_Proj/imp/../../gem5/build/ALL/gem5.opt -s --outdir=results_imp_multisim --stdout-file=simple_triad_imp_pt64_l2_ddr4_1x_simout.txt --stderr-file=simple_triad_imp_pt64_l2_ddr4_1x_simerr.txt --stats-file=stats.txt -c 'from multiprocessing.spawn import spawn_main; spawn_main(tracker_fd=7, pipe_handle=13)' --multiprocessing-fork

src/sim/mem_state.cc:443: info: Increasing stack size by one page.
src/sim/syscall_emul.hh:1121: warn: readlink() called on '/proc/self/exe' may yield unexpected results in various settings.
      Returning '/home/fdemirel/HPC_Lab_Proj/benchmarks/simple_triad/simple_triad-m5.x'
----quick sort----
Array SIZE      : 131072 
random_elem:0, /home/fdemirel/HPC_Lab_Proj/benchmarks/quick/quick-m5.x
Execution time: 8.952131 (ms) 
Global frequency set at 1000000000000 ticks per second
src/mem/dram_interface.cc:690: warn: DRAM device capacity (16384 Mbytes) does not match the address range assigned (512 Mbytes)
src/mem/dram_interface.cc:690: warn: DRAM device capacity (16384 Mbytes) does not match the address range assigned (512 Mbytes)
src/base/statistics.hh:279: warn: One of the stats is a legacy stat. Legacy stat is a stat that does not belong to any statistics::Group. Legacy stat is deprecated.
board.remote_gdb: Listening for connections on port 7003
gem5 Simulator System.  https://www.gem5.org
gem5 is copyrighted software; use the --copyright option for details.

gem5 version 25.0.0.1
gem5 compiled May  5 2026 12:55:05
gem5 started Jun 18 2026 03:16:28
gem5 executing on cn27.guoehi.cluster, pid 189553
command line: /home/fdemirel/HPC_Lab_Proj/imp/../../gem5/build/ALL/gem5.opt -s --outdir=results_imp_multisim --stdout-file=spmv_imp_sthr8_l2_ddr4_2x_simout.txt --stderr-file=spmv_imp_sthr8_l2_ddr4_2x_simerr.txt --stats-file=stats.txt -c 'from multiprocessing.spawn import spawn_main; spawn_main(tracker_fd=7, pipe_handle=13)' --multiprocessing-fork

src/sim/mem_state.cc:443: info: Increasing stack size by one page.
src/sim/syscall_emul.hh:1121: warn: readlink() called on '/proc/self/exe' may yield unexpected results in various settings.
      Returning '/home/fdemirel/HPC_Lab_Proj/benchmarks/spmv/spmv-m5.x'
src/arch/arm/insts/pseudo.cc:174: warn: 	instruction 'bti' unimplemented
src/sim/mem_state.cc:443: info: Increasing stack size by one page.
src/sim/mem_state.cc:443: info: Increasing stack size by one page.
src/sim/mem_state.cc:443: info: Increasing stack size by one page.
src/sim/mem_state.cc:443: info: Increasing stack size by one page.
src/sim/mem_state.cc:443: info: Increasing stack size by one page.
src/sim/mem_state.cc:443: info: Increasing stack size by one page.
src/sim/mem_state.cc:443: info: Increasing stack size by one page.
----quick sort----
Array SIZE      : 131072 
random_elem:0, /home/fdemirel/HPC_Lab_Proj/benchmarks/quick/quick-m5.x
Execution time: 9.039168 (ms) 
Global frequency set at 1000000000000 ticks per second
src/mem/dram_interface.cc:690: warn: DRAM device capacity (16384 Mbytes) does not match the address range assigned (1024 Mbytes)
src/base/statistics.hh:279: warn: One of the stats is a legacy stat. Legacy stat is a stat that does not belong to any statistics::Group. Legacy stat is deprecated.
board.remote_gdb: Listening for connections on port 7001
gem5 Simulator System.  https://www.gem5.org
gem5 is copyrighted software; use the --copyright option for details.

gem5 version 25.0.0.1
gem5 compiled May  5 2026 12:55:05
gem5 started Jun 18 2026 03:17:08
gem5 executing on cn27.guoehi.cluster, pid 189557
command line: /home/fdemirel/HPC_Lab_Proj/imp/../../gem5/build/ALL/gem5.opt -s --outdir=results_imp_multisim --stdout-file=spmv_imp_sthr8_l1d_ddr4_1x_simout.txt --stderr-file=spmv_imp_sthr8_l1d_ddr4_1x_simerr.txt --stats-file=stats.txt -c 'from multiprocessing.spawn import spawn_main; spawn_main(tracker_fd=7, pipe_handle=13)' --multiprocessing-fork

src/sim/mem_state.cc:443: info: Increasing stack size by one page.
src/sim/syscall_emul.hh:1121: warn: readlink() called on '/proc/self/exe' may yield unexpected results in various settings.
      Returning '/home/fdemirel/HPC_Lab_Proj/benchmarks/spmv/spmv-m5.x'
src/arch/arm/insts/pseudo.cc:174: warn: 	instruction 'bti' unimplemented
src/sim/mem_state.cc:443: info: Increasing stack size by one page.
src/sim/mem_state.cc:443: info: Increasing stack size by one page.
src/sim/mem_state.cc:443: info: Increasing stack size by one page.
src/sim/mem_state.cc:443: info: Increasing stack size by one page.
src/sim/mem_state.cc:443: info: Increasing stack size by one page.
src/sim/mem_state.cc:443: info: Increasing stack size by one page.
src/sim/mem_state.cc:443: info: Increasing stack size by one page.
Array SIZE      : 1000000 
Array LOOP      : 1 

----triad----
a[0]=7.00e+00. b[0]=2.00e+00. c[0]=1.00e+00.
Execution time: 2.921286 (ms) 
   Rate [MB/s]: 8215.6 
Global frequency set at 1000000000000 ticks per second
src/mem/dram_interface.cc:690: warn: DRAM device capacity (16384 Mbytes) does not match the address range assigned (1024 Mbytes)
src/base/statistics.hh:279: warn: One of the stats is a legacy stat. Legacy stat is a stat that does not belong to any statistics::Group. Legacy stat is deprecated.
board.remote_gdb: Listening for connections on port 7002
gem5 Simulator System.  https://www.gem5.org
gem5 is copyrighted software; use the --copyright option for details.

gem5 version 25.0.0.1
gem5 compiled May  5 2026 12:55:05
gem5 started Jun 18 2026 03:17:36
gem5 executing on cn27.guoehi.cluster, pid 189560
command line: /home/fdemirel/HPC_Lab_Proj/imp/../../gem5/build/ALL/gem5.opt -s --outdir=results_imp_multisim --stdout-file=merge_imp_sdist8_l2_ddr4_1x_simout.txt --stderr-file=merge_imp_sdist8_l2_ddr4_1x_simerr.txt --stats-file=stats.txt -c 'from multiprocessing.spawn import spawn_main; spawn_main(tracker_fd=7, pipe_handle=13)' --multiprocessing-fork

src/sim/mem_state.cc:443: info: Increasing stack size by one page.
src/sim/syscall_emul.hh:1121: warn: readlink() called on '/proc/self/exe' may yield unexpected results in various settings.
      Returning '/home/fdemirel/HPC_Lab_Proj/benchmarks/merge/merge-m5.x'
src/arch/arm/insts/pseudo.cc:174: warn: 	instruction 'bti' unimplemented
----spmv----
N_ROWS          : 8192 
N_COLS          : 65536 
NNZ             : 524155 
Execution time: 6.417837 (ms) 
Global frequency set at 1000000000000 ticks per second
src/mem/dram_interface.cc:690: warn: DRAM device capacity (16384 Mbytes) does not match the address range assigned (1024 Mbytes)
src/base/statistics.hh:279: warn: One of the stats is a legacy stat. Legacy stat is a stat that does not belong to any statistics::Group. Legacy stat is deprecated.
board.remote_gdb: Listening for connections on port 7003
gem5 Simulator System.  https://www.gem5.org
gem5 is copyrighted software; use the --copyright option for details.

gem5 version 25.0.0.1
gem5 compiled May  5 2026 12:55:05
gem5 started Jun 18 2026 03:18:30
gem5 executing on cn27.guoehi.cluster, pid 189565
command line: /home/fdemirel/HPC_Lab_Proj/imp/../../gem5/build/ALL/gem5.opt -s --outdir=results_imp_multisim --stdout-file=quick_imp_sthr8_l1d_ddr4_1x_simout.txt --stderr-file=quick_imp_sthr8_l1d_ddr4_1x_simerr.txt --stats-file=stats.txt -c 'from multiprocessing.spawn import spawn_main; spawn_main(tracker_fd=7, pipe_handle=13)' --multiprocessing-fork

src/sim/mem_state.cc:443: info: Increasing stack size by one page.
src/sim/syscall_emul.hh:1121: warn: readlink() called on '/proc/self/exe' may yield unexpected results in various settings.
      Returning '/home/fdemirel/HPC_Lab_Proj/benchmarks/quick/quick-m5.x'
src/arch/arm/insts/pseudo.cc:174: warn: 	instruction 'bti' unimplemented
----spmv----
N_ROWS          : 8192 
N_COLS          : 65536 
NNZ             : 524155 
Execution time: 6.729000 (ms) 

----merge----
Execution time: 10.326150 (ms) 
random_elem:0, /home/fdemirel/HPC_Lab_Proj/benchmarks/merge/merge-m5.x
Global frequency set at 1000000000000 ticks per second
src/mem/dram_interface.cc:690: warn: DRAM device capacity (16384 Mbytes) does not match the address range assigned (1024 Mbytes)
src/base/statistics.hh:279: warn: One of the stats is a legacy stat. Legacy stat is a stat that does not belong to any statistics::Group. Legacy stat is deprecated.
board.remote_gdb: Listening for connections on port 7000
gem5 Simulator System.  https://www.gem5.org
gem5 is copyrighted software; use the --copyright option for details.

gem5 version 25.0.0.1
gem5 compiled May  5 2026 12:55:05
gem5 started Jun 18 2026 03:19:30
gem5 executing on cn27.guoehi.cluster, pid 189571
command line: /home/fdemirel/HPC_Lab_Proj/imp/../../gem5/build/ALL/gem5.opt -s --outdir=results_imp_multisim --stdout-file=matmult_imp_ipd16_l1d_ddr4_1x_simout.txt --stderr-file=matmult_imp_ipd16_l1d_ddr4_1x_simerr.txt --stats-file=stats.txt -c 'from multiprocessing.spawn import spawn_main; spawn_main(tracker_fd=7, pipe_handle=13)' --multiprocessing-fork

src/sim/mem_state.cc:443: info: Increasing stack size by one page.
src/sim/syscall_emul.hh:1121: warn: readlink() called on '/proc/self/exe' may yield unexpected results in various settings.
      Returning '/home/fdemirel/HPC_Lab_Proj/benchmarks/matmult/matmult-m5.x'
src/arch/arm/insts/pseudo.cc:174: warn: 	instruction 'bti' unimplemented
Global frequency set at 1000000000000 ticks per second
src/mem/dram_interface.cc:690: warn: DRAM device capacity (16384 Mbytes) does not match the address range assigned (512 Mbytes)
src/mem/dram_interface.cc:690: warn: DRAM device capacity (16384 Mbytes) does not match the address range assigned (512 Mbytes)
src/base/statistics.hh:279: warn: One of the stats is a legacy stat. Legacy stat is a stat that does not belong to any statistics::Group. Legacy stat is deprecated.
board.remote_gdb: Listening for connections on port 7001
gem5 Simulator System.  https://www.gem5.org
gem5 is copyrighted software; use the --copyright option for details.

gem5 version 25.0.0.1
gem5 compiled May  5 2026 12:55:05
gem5 started Jun 18 2026 03:19:41
gem5 executing on cn27.guoehi.cluster, pid 189572
command line: /home/fdemirel/HPC_Lab_Proj/imp/../../gem5/build/ALL/gem5.opt -s --outdir=results_imp_multisim --stdout-file=spmv_imp_pt64_l1d_ddr4_2x_simout.txt --stderr-file=spmv_imp_pt64_l1d_ddr4_2x_simerr.txt --stats-file=stats.txt -c 'from multiprocessing.spawn import spawn_main; spawn_main(tracker_fd=7, pipe_handle=13)' --multiprocessing-fork

src/sim/mem_state.cc:443: info: Increasing stack size by one page.
src/sim/syscall_emul.hh:1121: warn: readlink() called on '/proc/self/exe' may yield unexpected results in various settings.
      Returning '/home/fdemirel/HPC_Lab_Proj/benchmarks/spmv/spmv-m5.x'
src/arch/arm/insts/pseudo.cc:174: warn: 	instruction 'bti' unimplemented
src/sim/mem_state.cc:443: info: Increasing stack size by one page.
src/sim/mem_state.cc:443: info: Increasing stack size by one page.
src/sim/mem_state.cc:443: info: Increasing stack size by one page.
src/sim/mem_state.cc:443: info: Increasing stack size by one page.
src/sim/mem_state.cc:443: info: Increasing stack size by one page.
src/sim/mem_state.cc:443: info: Increasing stack size by one page.
src/sim/mem_state.cc:443: info: Increasing stack size by one page.

----MATRIX MULTIPLICATION----

----Computation starts----
Loop 0 ... 
argc = 2, A[argc][argc] = 0.500000, B[argc][argc] = 0.500000, C[argc][argc] = 0.500000 
Execution time: 1.234030 (ms) 
Global frequency set at 1000000000000 ticks per second
src/mem/dram_interface.cc:690: warn: DRAM device capacity (16384 Mbytes) does not match the address range assigned (1024 Mbytes)
src/base/statistics.hh:279: warn: One of the stats is a legacy stat. Legacy stat is a stat that does not belong to any statistics::Group. Legacy stat is deprecated.
board.remote_gdb: Listening for connections on port 7000
gem5 Simulator System.  https://www.gem5.org
gem5 is copyrighted software; use the --copyright option for details.

gem5 version 25.0.0.1
gem5 compiled May  5 2026 12:55:05
gem5 started Jun 18 2026 03:20:42
gem5 executing on cn27.guoehi.cluster, pid 189583
command line: /home/fdemirel/HPC_Lab_Proj/imp/../../gem5/build/ALL/gem5.opt -s --outdir=results_imp_multisim --stdout-file=spmv_imp_pt64_l2_ddr4_1x_simout.txt --stderr-file=spmv_imp_pt64_l2_ddr4_1x_simerr.txt --stats-file=stats.txt -c 'from multiprocessing.spawn import spawn_main; spawn_main(tracker_fd=7, pipe_handle=13)' --multiprocessing-fork

src/sim/mem_state.cc:443: info: Increasing stack size by one page.
src/sim/syscall_emul.hh:1121: warn: readlink() called on '/proc/self/exe' may yield unexpected results in various settings.
      Returning '/home/fdemirel/HPC_Lab_Proj/benchmarks/spmv/spmv-m5.x'
src/arch/arm/insts/pseudo.cc:174: warn: 	instruction 'bti' unimplemented
src/sim/mem_state.cc:443: info: Increasing stack size by one page.
src/sim/mem_state.cc:443: info: Increasing stack size by one page.
src/sim/mem_state.cc:443: info: Increasing stack size by one page.
src/sim/mem_state.cc:443: info: Increasing stack size by one page.
src/sim/mem_state.cc:443: info: Increasing stack size by one page.
src/sim/mem_state.cc:443: info: Increasing stack size by one page.
src/sim/mem_state.cc:443: info: Increasing stack size by one page.
----spmv----
N_ROWS          : 8192 
N_COLS          : 65536 
NNZ             : 524155 
Execution time: 6.310355 (ms) 
Global frequency set at 1000000000000 ticks per second
src/mem/dram_interface.cc:690: warn: DRAM device capacity (16384 Mbytes) does not match the address range assigned (512 Mbytes)
src/mem/dram_interface.cc:690: warn: DRAM device capacity (16384 Mbytes) does not match the address range assigned (512 Mbytes)
src/base/statistics.hh:279: warn: One of the stats is a legacy stat. Legacy stat is a stat that does not belong to any statistics::Group. Legacy stat is deprecated.
board.remote_gdb: Listening for connections on port 7001
gem5 Simulator System.  https://www.gem5.org
gem5 is copyrighted software; use the --copyright option for details.

gem5 version 25.0.0.1
gem5 compiled May  5 2026 12:55:05
gem5 started Jun 18 2026 03:22:02
gem5 executing on cn27.guoehi.cluster, pid 189594
command line: /home/fdemirel/HPC_Lab_Proj/imp/../../gem5/build/ALL/gem5.opt -s --outdir=results_imp_multisim --stdout-file=simple_triad_imp_ipd16_l2_ddr4_2x_simout.txt --stderr-file=simple_triad_imp_ipd16_l2_ddr4_2x_simerr.txt --stats-file=stats.txt -c 'from multiprocessing.spawn import spawn_main; spawn_main(tracker_fd=7, pipe_handle=13)' --multiprocessing-fork

src/sim/mem_state.cc:443: info: Increasing stack size by one page.
src/sim/syscall_emul.hh:1121: warn: readlink() called on '/proc/self/exe' may yield unexpected results in various settings.
      Returning '/home/fdemirel/HPC_Lab_Proj/benchmarks/simple_triad/simple_triad-m5.x'

----merge----
Execution time: 10.479562 (ms) 
random_elem:0, /home/fdemirel/HPC_Lab_Proj/benchmarks/merge/merge-m5.x
----quick sort----
Array SIZE      : 131072 
random_elem:0, /home/fdemirel/HPC_Lab_Proj/benchmarks/quick/quick-m5.x
Execution time: 8.781634 (ms) 
----spmv----
N_ROWS          : 8192 
N_COLS          : 65536 
NNZ             : 524155 
Execution time: 6.890919 (ms) 
Global frequency set at 1000000000000 ticks per second
src/mem/dram_interface.cc:690: warn: DRAM device capacity (16384 Mbytes) does not match the address range assigned (1024 Mbytes)
src/base/statistics.hh:279: warn: One of the stats is a legacy stat. Legacy stat is a stat that does not belong to any statistics::Group. Legacy stat is deprecated.
board.remote_gdb: Listening for connections on port 7000
gem5 Simulator System.  https://www.gem5.org
gem5 is copyrighted software; use the --copyright option for details.

gem5 version 25.0.0.1
gem5 compiled May  5 2026 12:55:05
gem5 started Jun 18 2026 03:22:36
gem5 executing on cn27.guoehi.cluster, pid 189597
command line: /home/fdemirel/HPC_Lab_Proj/imp/../../gem5/build/ALL/gem5.opt -s --outdir=results_imp_multisim --stdout-file=bfs_imp_thr3_l1d_ddr4_1x_simout.txt --stderr-file=bfs_imp_thr3_l1d_ddr4_1x_simerr.txt --stats-file=stats.txt -c 'from multiprocessing.spawn import spawn_main; spawn_main(tracker_fd=7, pipe_handle=13)' --multiprocessing-fork

src/sim/mem_state.cc:443: info: Increasing stack size by one page.
src/sim/syscall_emul.hh:1121: warn: readlink() called on '/proc/self/exe' may yield unexpected results in various settings.
      Returning '/home/fdemirel/HPC_Lab_Proj/benchmarks/bfs/bfs-m5.x'
src/arch/arm/insts/pseudo.cc:174: warn: 	instruction 'bti' unimplemented
Beginning BFS ...
Global frequency set at 1000000000000 ticks per second
src/mem/dram_interface.cc:690: warn: DRAM device capacity (16384 Mbytes) does not match the address range assigned (512 Mbytes)
src/mem/dram_interface.cc:690: warn: DRAM device capacity (16384 Mbytes) does not match the address range assigned (512 Mbytes)
src/base/statistics.hh:279: warn: One of the stats is a legacy stat. Legacy stat is a stat that does not belong to any statistics::Group. Legacy stat is deprecated.
board.remote_gdb: Listening for connections on port 7002
Global frequency set at 1000000000000 ticks per second
gem5 Simulator System.  https://www.gem5.org
gem5 is copyrighted software; use the --copyright option for details.

gem5 version 25.0.0.1
gem5 compiled May  5 2026 12:55:05
gem5 started Jun 18 2026 03:22:42
gem5 executing on cn27.guoehi.cluster, pid 189598
command line: /home/fdemirel/HPC_Lab_Proj/imp/../../gem5/build/ALL/gem5.opt -s --outdir=results_imp_multisim --stdout-file=quick_imp_sthr8_l2_ddr4_2x_simout.txt --stderr-file=quick_imp_sthr8_l2_ddr4_2x_simerr.txt --stats-file=stats.txt -c 'from multiprocessing.spawn import spawn_main; spawn_main(tracker_fd=7, pipe_handle=13)' --multiprocessing-fork

src/sim/mem_state.cc:443: info: Increasing stack size by one page.
src/sim/syscall_emul.hh:1121: warn: readlink() called on '/proc/self/exe' may yield unexpected results in various settings.
      Returning '/home/fdemirel/HPC_Lab_Proj/benchmarks/quick/quick-m5.x'
src/arch/arm/insts/pseudo.cc:174: warn: 	instruction 'bti' unimplemented
src/mem/dram_interface.cc:690: warn: DRAM device capacity (16384 Mbytes) does not match the address range assigned (512 Mbytes)
src/mem/dram_interface.cc:690: warn: DRAM device capacity (16384 Mbytes) does not match the address range assigned (512 Mbytes)
src/base/statistics.hh:279: warn: One of the stats is a legacy stat. Legacy stat is a stat that does not belong to any statistics::Group. Legacy stat is deprecated.
board.remote_gdb: Listening for connections on port 7003
gem5 Simulator System.  https://www.gem5.org
gem5 is copyrighted software; use the --copyright option for details.

gem5 version 25.0.0.1
gem5 compiled May  5 2026 12:55:05
gem5 started Jun 18 2026 03:22:43
gem5 executing on cn27.guoehi.cluster, pid 189599
command line: /home/fdemirel/HPC_Lab_Proj/imp/../../gem5/build/ALL/gem5.opt -s --outdir=results_imp_multisim --stdout-file=matmult_imp_ipd16_l1d_ddr4_2x_simout.txt --stderr-file=matmult_imp_ipd16_l1d_ddr4_2x_simerr.txt --stats-file=stats.txt -c 'from multiprocessing.spawn import spawn_main; spawn_main(tracker_fd=7, pipe_handle=13)' --multiprocessing-fork

src/sim/mem_state.cc:443: info: Increasing stack size by one page.
src/sim/syscall_emul.hh:1121: warn: readlink() called on '/proc/self/exe' may yield unexpected results in various settings.
      Returning '/home/fdemirel/HPC_Lab_Proj/benchmarks/matmult/matmult-m5.x'
src/arch/arm/insts/pseudo.cc:174: warn: 	instruction 'bti' unimplemented
Array SIZE      : 1000000 
Array LOOP      : 1 

----triad----
a[0]=7.00e+00. b[0]=2.00e+00. c[0]=1.00e+00.
Execution time: 2.250846 (ms) 
   Rate [MB/s]: 10662.7 

----MATRIX MULTIPLICATION----

----Computation starts----
Loop 0 ... 
argc = 2, A[argc][argc] = 0.500000, B[argc][argc] = 0.500000, C[argc][argc] = 0.500000 
Execution time: 1.253482 (ms) 
Global frequency set at 1000000000000 ticks per second
Global frequency set at 1000000000000 ticks per second
src/mem/dram_interface.cc:690: warn: DRAM device capacity (16384 Mbytes) does not match the address range assigned (1024 Mbytes)
src/base/statistics.hh:279: warn: One of the stats is a legacy stat. Legacy stat is a stat that does not belong to any statistics::Group. Legacy stat is deprecated.
board.remote_gdb: Listening for connections on port 7001
src/mem/dram_interface.cc:690: warn: DRAM device capacity (16384 Mbytes) does not match the address range assigned (1024 Mbytes)
src/base/statistics.hh:279: warn: One of the stats is a legacy stat. Legacy stat is a stat that does not belong to any statistics::Group. Legacy stat is deprecated.
board.remote_gdb: Listening for connections on port 7003
gem5 Simulator System.  https://www.gem5.org
gem5 is copyrighted software; use the --copyright option for details.

gem5 version 25.0.0.1
gem5 compiled May  5 2026 12:55:05
gem5 started Jun 18 2026 03:23:54
gem5 executing on cn27.guoehi.cluster, pid 189609
command line: /home/fdemirel/HPC_Lab_Proj/imp/../../gem5/build/ALL/gem5.opt -s --outdir=results_imp_multisim --stdout-file=simple_triad_imp_dist8_l2_ddr4_1x_simout.txt --stderr-file=simple_triad_imp_dist8_l2_ddr4_1x_simerr.txt --stats-file=stats.txt -c 'from multiprocessing.spawn import spawn_main; spawn_main(tracker_fd=7, pipe_handle=12)' --multiprocessing-fork

src/sim/mem_state.cc:443: info: Increasing stack size by one page.
src/sim/syscall_emul.hh:1121: warn: readlink() called on '/proc/self/exe' may yield unexpected results in various settings.
      Returning '/home/fdemirel/HPC_Lab_Proj/benchmarks/simple_triad/simple_triad-m5.x'
gem5 Simulator System.  https://www.gem5.org
gem5 is copyrighted software; use the --copyright option for details.

gem5 version 25.0.0.1
gem5 compiled May  5 2026 12:55:05
gem5 started Jun 18 2026 03:23:54
gem5 executing on cn27.guoehi.cluster, pid 189610
command line: /home/fdemirel/HPC_Lab_Proj/imp/../../gem5/build/ALL/gem5.opt -s --outdir=results_imp_multisim --stdout-file=quick_imp_pt64_l2_ddr4_1x_simout.txt --stderr-file=quick_imp_pt64_l2_ddr4_1x_simerr.txt --stats-file=stats.txt -c 'from multiprocessing.spawn import spawn_main; spawn_main(tracker_fd=7, pipe_handle=14)' --multiprocessing-fork

src/sim/mem_state.cc:443: info: Increasing stack size by one page.
src/sim/syscall_emul.hh:1121: warn: readlink() called on '/proc/self/exe' may yield unexpected results in various settings.
      Returning '/home/fdemirel/HPC_Lab_Proj/benchmarks/quick/quick-m5.x'
src/arch/arm/insts/pseudo.cc:174: warn: 	instruction 'bti' unimplemented
Array SIZE      : 1000000 
Array LOOP      : 1 

----triad----
a[0]=7.00e+00. b[0]=2.00e+00. c[0]=1.00e+00.
Execution time: 2.921286 (ms) 
   Rate [MB/s]: 8215.6 
Global frequency set at 1000000000000 ticks per second
src/mem/dram_interface.cc:690: warn: DRAM device capacity (16384 Mbytes) does not match the address range assigned (512 Mbytes)
src/mem/dram_interface.cc:690: warn: DRAM device capacity (16384 Mbytes) does not match the address range assigned (512 Mbytes)
src/base/statistics.hh:279: warn: One of the stats is a legacy stat. Legacy stat is a stat that does not belong to any statistics::Group. Legacy stat is deprecated.
board.remote_gdb: Listening for connections on port 7001
gem5 Simulator System.  https://www.gem5.org
gem5 is copyrighted software; use the --copyright option for details.

gem5 version 25.0.0.1
gem5 compiled May  5 2026 12:55:05
gem5 started Jun 18 2026 03:25:48
gem5 executing on cn27.guoehi.cluster, pid 189618
command line: /home/fdemirel/HPC_Lab_Proj/imp/../../gem5/build/ALL/gem5.opt -s --outdir=results_imp_multisim --stdout-file=bfs_imp_sthr8_l1d_ddr4_2x_simout.txt --stderr-file=bfs_imp_sthr8_l1d_ddr4_2x_simerr.txt --stats-file=stats.txt -c 'from multiprocessing.spawn import spawn_main; spawn_main(tracker_fd=7, pipe_handle=13)' --multiprocessing-fork

src/sim/mem_state.cc:443: info: Increasing stack size by one page.
src/sim/syscall_emul.hh:1121: warn: readlink() called on '/proc/self/exe' may yield unexpected results in various settings.
      Returning '/home/fdemirel/HPC_Lab_Proj/benchmarks/bfs/bfs-m5.x'
src/arch/arm/insts/pseudo.cc:174: warn: 	instruction 'bti' unimplemented
Beginning BFS ...
----quick sort----
Array SIZE      : 131072 
random_elem:0, /home/fdemirel/HPC_Lab_Proj/benchmarks/quick/quick-m5.x
Execution time: 8.949967 (ms) 
Global frequency set at 1000000000000 ticks per second
src/mem/dram_interface.cc:690: warn: DRAM device capacity (16384 Mbytes) does not match the address range assigned (512 Mbytes)
src/mem/dram_interface.cc:690: warn: DRAM device capacity (16384 Mbytes) does not match the address range assigned (512 Mbytes)
src/base/statistics.hh:279: warn: One of the stats is a legacy stat. Legacy stat is a stat that does not belong to any statistics::Group. Legacy stat is deprecated.
board.remote_gdb: Listening for connections on port 7002
gem5 Simulator System.  https://www.gem5.org
gem5 is copyrighted software; use the --copyright option for details.

gem5 version 25.0.0.1
gem5 compiled May  5 2026 12:55:05
gem5 started Jun 18 2026 03:26:53
gem5 executing on cn27.guoehi.cluster, pid 189624
command line: /home/fdemirel/HPC_Lab_Proj/imp/../../gem5/build/ALL/gem5.opt -s --outdir=results_imp_multisim --stdout-file=quick_imp_pt64_l1d_ddr4_2x_simout.txt --stderr-file=quick_imp_pt64_l1d_ddr4_2x_simerr.txt --stats-file=stats.txt -c 'from multiprocessing.spawn import spawn_main; spawn_main(tracker_fd=7, pipe_handle=13)' --multiprocessing-fork

src/sim/mem_state.cc:443: info: Increasing stack size by one page.
src/sim/syscall_emul.hh:1121: warn: readlink() called on '/proc/self/exe' may yield unexpected results in various settings.
      Returning '/home/fdemirel/HPC_Lab_Proj/benchmarks/quick/quick-m5.x'
src/arch/arm/insts/pseudo.cc:174: warn: 	instruction 'bti' unimplemented
----quick sort----
Array SIZE      : 131072 
random_elem:0, /home/fdemirel/HPC_Lab_Proj/benchmarks/quick/quick-m5.x
Execution time: 9.039168 (ms) 
Global frequency set at 1000000000000 ticks per second
src/mem/dram_interface.cc:690: warn: DRAM device capacity (16384 Mbytes) does not match the address range assigned (512 Mbytes)
src/mem/dram_interface.cc:690: warn: DRAM device capacity (16384 Mbytes) does not match the address range assigned (512 Mbytes)
src/base/statistics.hh:279: warn: One of the stats is a legacy stat. Legacy stat is a stat that does not belong to any statistics::Group. Legacy stat is deprecated.
board.remote_gdb: Listening for connections on port 7003
gem5 Simulator System.  https://www.gem5.org
gem5 is copyrighted software; use the --copyright option for details.

gem5 version 25.0.0.1
gem5 compiled May  5 2026 12:55:05
gem5 started Jun 18 2026 03:28:08
gem5 executing on cn27.guoehi.cluster, pid 189630
command line: /home/fdemirel/HPC_Lab_Proj/imp/../../gem5/build/ALL/gem5.opt -s --outdir=results_imp_multisim --stdout-file=merge_imp_ipd16_l1d_ddr4_2x_simout.txt --stderr-file=merge_imp_ipd16_l1d_ddr4_2x_simerr.txt --stats-file=stats.txt -c 'from multiprocessing.spawn import spawn_main; spawn_main(tracker_fd=7, pipe_handle=13)' --multiprocessing-fork

src/sim/mem_state.cc:443: info: Increasing stack size by one page.
src/sim/syscall_emul.hh:1121: warn: readlink() called on '/proc/self/exe' may yield unexpected results in various settings.
      Returning '/home/fdemirel/HPC_Lab_Proj/benchmarks/merge/merge-m5.x'
src/arch/arm/insts/pseudo.cc:174: warn: 	instruction 'bti' unimplemented
Finished BFS.
Global frequency set at 1000000000000 ticks per second
src/mem/dram_interface.cc:690: warn: DRAM device capacity (16384 Mbytes) does not match the address range assigned (512 Mbytes)
src/mem/dram_interface.cc:690: warn: DRAM device capacity (16384 Mbytes) does not match the address range assigned (512 Mbytes)
src/base/statistics.hh:279: warn: One of the stats is a legacy stat. Legacy stat is a stat that does not belong to any statistics::Group. Legacy stat is deprecated.
board.remote_gdb: Listening for connections on port 7000
gem5 Simulator System.  https://www.gem5.org
gem5 is copyrighted software; use the --copyright option for details.

gem5 version 25.0.0.1
gem5 compiled May  5 2026 12:55:05
gem5 started Jun 18 2026 03:29:24
gem5 executing on cn27.guoehi.cluster, pid 189634
command line: /home/fdemirel/HPC_Lab_Proj/imp/../../gem5/build/ALL/gem5.opt -s --outdir=results_imp_multisim --stdout-file=matmult_imp_addrlen16_l2_ddr4_2x_simout.txt --stderr-file=matmult_imp_addrlen16_l2_ddr4_2x_simerr.txt --stats-file=stats.txt -c 'from multiprocessing.spawn import spawn_main; spawn_main(tracker_fd=7, pipe_handle=13)' --multiprocessing-fork

src/sim/mem_state.cc:443: info: Increasing stack size by one page.
src/sim/syscall_emul.hh:1121: warn: readlink() called on '/proc/self/exe' may yield unexpected results in various settings.
      Returning '/home/fdemirel/HPC_Lab_Proj/benchmarks/matmult/matmult-m5.x'
src/arch/arm/insts/pseudo.cc:174: warn: 	instruction 'bti' unimplemented

----MATRIX MULTIPLICATION----

----Computation starts----
Loop 0 ... 
argc = 2, A[argc][argc] = 0.500000, B[argc][argc] = 0.500000, C[argc][argc] = 0.500000 
Execution time: 1.222351 (ms) 
Global frequency set at 1000000000000 ticks per second
src/mem/dram_interface.cc:690: warn: DRAM device capacity (16384 Mbytes) does not match the address range assigned (512 Mbytes)
src/mem/dram_interface.cc:690: warn: DRAM device capacity (16384 Mbytes) does not match the address range assigned (512 Mbytes)
src/base/statistics.hh:279: warn: One of the stats is a legacy stat. Legacy stat is a stat that does not belong to any statistics::Group. Legacy stat is deprecated.
board.remote_gdb: Listening for connections on port 7000
gem5 Simulator System.  https://www.gem5.org
gem5 is copyrighted software; use the --copyright option for details.

gem5 version 25.0.0.1
gem5 compiled May  5 2026 12:55:05
gem5 started Jun 18 2026 03:30:30
gem5 executing on cn27.guoehi.cluster, pid 189642
command line: /home/fdemirel/HPC_Lab_Proj/imp/../../gem5/build/ALL/gem5.opt -s --outdir=results_imp_multisim --stdout-file=simple_triad_imp_dist8_l1d_ddr4_2x_simout.txt --stderr-file=simple_triad_imp_dist8_l1d_ddr4_2x_simerr.txt --stats-file=stats.txt -c 'from multiprocessing.spawn import spawn_main; spawn_main(tracker_fd=7, pipe_handle=13)' --multiprocessing-fork

src/sim/mem_state.cc:443: info: Increasing stack size by one page.
src/sim/syscall_emul.hh:1121: warn: readlink() called on '/proc/self/exe' may yield unexpected results in various settings.
      Returning '/home/fdemirel/HPC_Lab_Proj/benchmarks/simple_triad/simple_triad-m5.x'
----quick sort----
Array SIZE      : 131072 
random_elem:0, /home/fdemirel/HPC_Lab_Proj/benchmarks/quick/quick-m5.x
Execution time: 8.734951 (ms) 
Global frequency set at 1000000000000 ticks per second
src/mem/dram_interface.cc:690: warn: DRAM device capacity (16384 Mbytes) does not match the address range assigned (512 Mbytes)
src/mem/dram_interface.cc:690: warn: DRAM device capacity (16384 Mbytes) does not match the address range assigned (512 Mbytes)
src/base/statistics.hh:279: warn: One of the stats is a legacy stat. Legacy stat is a stat that does not belong to any statistics::Group. Legacy stat is deprecated.
board.remote_gdb: Listening for connections on port 7002
gem5 Simulator System.  https://www.gem5.org
gem5 is copyrighted software; use the --copyright option for details.

gem5 version 25.0.0.1
gem5 compiled May  5 2026 12:55:05
gem5 started Jun 18 2026 03:31:08
gem5 executing on cn27.guoehi.cluster, pid 189647
command line: /home/fdemirel/HPC_Lab_Proj/imp/../../gem5/build/ALL/gem5.opt -s --outdir=results_imp_multisim --stdout-file=bfs_imp_pt64_l2_ddr4_2x_simout.txt --stderr-file=bfs_imp_pt64_l2_ddr4_2x_simerr.txt --stats-file=stats.txt -c 'from multiprocessing.spawn import spawn_main; spawn_main(tracker_fd=7, pipe_handle=13)' --multiprocessing-fork

src/sim/mem_state.cc:443: info: Increasing stack size by one page.
src/sim/syscall_emul.hh:1121: warn: readlink() called on '/proc/self/exe' may yield unexpected results in various settings.
      Returning '/home/fdemirel/HPC_Lab_Proj/benchmarks/bfs/bfs-m5.x'
src/arch/arm/insts/pseudo.cc:174: warn: 	instruction 'bti' unimplemented
Beginning BFS ...
Array SIZE      : 1000000 
Array LOOP      : 1 

----triad----
a[0]=7.00e+00. b[0]=2.00e+00. c[0]=1.00e+00.
Execution time: 2.245558 (ms) 
   Rate [MB/s]: 10687.8 
Finished BFS.
Global frequency set at 1000000000000 ticks per second
src/mem/dram_interface.cc:690: warn: DRAM device capacity (16384 Mbytes) does not match the address range assigned (1024 Mbytes)
src/base/statistics.hh:279: warn: One of the stats is a legacy stat. Legacy stat is a stat that does not belong to any statistics::Group. Legacy stat is deprecated.
board.remote_gdb: Listening for connections on port 7000
gem5 Simulator System.  https://www.gem5.org
gem5 is copyrighted software; use the --copyright option for details.

gem5 version 25.0.0.1
gem5 compiled May  5 2026 12:55:05
gem5 started Jun 18 2026 03:32:18
gem5 executing on cn27.guoehi.cluster, pid 189652
command line: /home/fdemirel/HPC_Lab_Proj/imp/../../gem5/build/ALL/gem5.opt -s --outdir=results_imp_multisim --stdout-file=merge_imp_addrlen16_l2_ddr4_1x_simout.txt --stderr-file=merge_imp_addrlen16_l2_ddr4_1x_simerr.txt --stats-file=stats.txt -c 'from multiprocessing.spawn import spawn_main; spawn_main(tracker_fd=7, pipe_handle=13)' --multiprocessing-fork

src/sim/mem_state.cc:443: info: Increasing stack size by one page.
src/sim/syscall_emul.hh:1121: warn: readlink() called on '/proc/self/exe' may yield unexpected results in various settings.
      Returning '/home/fdemirel/HPC_Lab_Proj/benchmarks/merge/merge-m5.x'
src/arch/arm/insts/pseudo.cc:174: warn: 	instruction 'bti' unimplemented
Global frequency set at 1000000000000 ticks per second
src/mem/dram_interface.cc:690: warn: DRAM device capacity (16384 Mbytes) does not match the address range assigned (1024 Mbytes)
src/base/statistics.hh:279: warn: One of the stats is a legacy stat. Legacy stat is a stat that does not belong to any statistics::Group. Legacy stat is deprecated.
board.remote_gdb: Listening for connections on port 7001
gem5 Simulator System.  https://www.gem5.org
gem5 is copyrighted software; use the --copyright option for details.

gem5 version 25.0.0.1
gem5 compiled May  5 2026 12:55:05
gem5 started Jun 18 2026 03:32:32
gem5 executing on cn27.guoehi.cluster, pid 189654
command line: /home/fdemirel/HPC_Lab_Proj/imp/../../gem5/build/ALL/gem5.opt -s --outdir=results_imp_multisim --stdout-file=simple_triad_imp_sthr2_l1d_ddr4_1x_simout.txt --stderr-file=simple_triad_imp_sthr2_l1d_ddr4_1x_simerr.txt --stats-file=stats.txt -c 'from multiprocessing.spawn import spawn_main; spawn_main(tracker_fd=7, pipe_handle=13)' --multiprocessing-fork

src/sim/mem_state.cc:443: info: Increasing stack size by one page.
src/sim/syscall_emul.hh:1121: warn: readlink() called on '/proc/self/exe' may yield unexpected results in various settings.
      Returning '/home/fdemirel/HPC_Lab_Proj/benchmarks/simple_triad/simple_triad-m5.x'

----merge----
Execution time: 10.326216 (ms) 
random_elem:0, /home/fdemirel/HPC_Lab_Proj/benchmarks/merge/merge-m5.x
Global frequency set at 1000000000000 ticks per second
src/mem/dram_interface.cc:690: warn: DRAM device capacity (16384 Mbytes) does not match the address range assigned (1024 Mbytes)
src/base/statistics.hh:279: warn: One of the stats is a legacy stat. Legacy stat is a stat that does not belong to any statistics::Group. Legacy stat is deprecated.
board.remote_gdb: Listening for connections on port 7003
gem5 Simulator System.  https://www.gem5.org
gem5 is copyrighted software; use the --copyright option for details.

gem5 version 25.0.0.1
gem5 compiled May  5 2026 12:55:05
gem5 started Jun 18 2026 03:33:18
gem5 executing on cn27.guoehi.cluster, pid 189660
command line: /home/fdemirel/HPC_Lab_Proj/imp/../../gem5/build/ALL/gem5.opt -s --outdir=results_imp_multisim --stdout-file=quick_imp_dist8_l2_ddr4_1x_simout.txt --stderr-file=quick_imp_dist8_l2_ddr4_1x_simerr.txt --stats-file=stats.txt -c 'from multiprocessing.spawn import spawn_main; spawn_main(tracker_fd=7, pipe_handle=13)' --multiprocessing-fork

src/sim/mem_state.cc:443: info: Increasing stack size by one page.
src/sim/syscall_emul.hh:1121: warn: readlink() called on '/proc/self/exe' may yield unexpected results in various settings.
      Returning '/home/fdemirel/HPC_Lab_Proj/benchmarks/quick/quick-m5.x'
src/arch/arm/insts/pseudo.cc:174: warn: 	instruction 'bti' unimplemented
Array SIZE      : 1000000 
Array LOOP      : 1 

----triad----
a[0]=7.00e+00. b[0]=2.00e+00. c[0]=1.00e+00.
Execution time: 2.859296 (ms) 
   Rate [MB/s]: 8393.7 
Global frequency set at 1000000000000 ticks per second
src/mem/dram_interface.cc:690: warn: DRAM device capacity (16384 Mbytes) does not match the address range assigned (1024 Mbytes)
src/base/statistics.hh:279: warn: One of the stats is a legacy stat. Legacy stat is a stat that does not belong to any statistics::Group. Legacy stat is deprecated.
board.remote_gdb: Listening for connections on port 7001
gem5 Simulator System.  https://www.gem5.org
gem5 is copyrighted software; use the --copyright option for details.

gem5 version 25.0.0.1
gem5 compiled May  5 2026 12:55:05
gem5 started Jun 18 2026 03:34:29
gem5 executing on cn27.guoehi.cluster, pid 189665
command line: /home/fdemirel/HPC_Lab_Proj/imp/../../gem5/build/ALL/gem5.opt -s --outdir=results_imp_multisim --stdout-file=matmult_imp_sdist2_l2_ddr4_1x_simout.txt --stderr-file=matmult_imp_sdist2_l2_ddr4_1x_simerr.txt --stats-file=stats.txt -c 'from multiprocessing.spawn import spawn_main; spawn_main(tracker_fd=7, pipe_handle=13)' --multiprocessing-fork

src/sim/mem_state.cc:443: info: Increasing stack size by one page.
src/sim/syscall_emul.hh:1121: warn: readlink() called on '/proc/self/exe' may yield unexpected results in various settings.
      Returning '/home/fdemirel/HPC_Lab_Proj/benchmarks/matmult/matmult-m5.x'
src/arch/arm/insts/pseudo.cc:174: warn: 	instruction 'bti' unimplemented

----MATRIX MULTIPLICATION----

----Computation starts----
Loop 0 ... 
argc = 2, A[argc][argc] = 0.500000, B[argc][argc] = 0.500000, C[argc][argc] = 0.500000 
Execution time: 1.246386 (ms) 
Global frequency set at 1000000000000 ticks per second
src/mem/dram_interface.cc:690: warn: DRAM device capacity (16384 Mbytes) does not match the address range assigned (1024 Mbytes)
src/base/statistics.hh:279: warn: One of the stats is a legacy stat. Legacy stat is a stat that does not belong to any statistics::Group. Legacy stat is deprecated.
board.remote_gdb: Listening for connections on port 7001
gem5 Simulator System.  https://www.gem5.org
gem5 is copyrighted software; use the --copyright option for details.

gem5 version 25.0.0.1
gem5 compiled May  5 2026 12:55:05
gem5 started Jun 18 2026 03:35:38
gem5 executing on cn27.guoehi.cluster, pid 189671
command line: /home/fdemirel/HPC_Lab_Proj/imp/../../gem5/build/ALL/gem5.opt -s --outdir=results_imp_multisim --stdout-file=bfs_imp_addrlen16_l2_ddr4_1x_simout.txt --stderr-file=bfs_imp_addrlen16_l2_ddr4_1x_simerr.txt --stats-file=stats.txt -c 'from multiprocessing.spawn import spawn_main; spawn_main(tracker_fd=7, pipe_handle=13)' --multiprocessing-fork

src/sim/mem_state.cc:443: info: Increasing stack size by one page.
src/sim/syscall_emul.hh:1121: warn: readlink() called on '/proc/self/exe' may yield unexpected results in various settings.
      Returning '/home/fdemirel/HPC_Lab_Proj/benchmarks/bfs/bfs-m5.x'
src/arch/arm/insts/pseudo.cc:174: warn: 	instruction 'bti' unimplemented
Beginning BFS ...
Finished BFS.
Global frequency set at 1000000000000 ticks per second
src/mem/dram_interface.cc:690: warn: DRAM device capacity (16384 Mbytes) does not match the address range assigned (512 Mbytes)
src/mem/dram_interface.cc:690: warn: DRAM device capacity (16384 Mbytes) does not match the address range assigned (512 Mbytes)
src/base/statistics.hh:279: warn: One of the stats is a legacy stat. Legacy stat is a stat that does not belong to any statistics::Group. Legacy stat is deprecated.
board.remote_gdb: Listening for connections on port 7002
gem5 Simulator System.  https://www.gem5.org
gem5 is copyrighted software; use the --copyright option for details.

gem5 version 25.0.0.1
gem5 compiled May  5 2026 12:55:05
gem5 started Jun 18 2026 03:37:01
gem5 executing on cn27.guoehi.cluster, pid 189677
command line: /home/fdemirel/HPC_Lab_Proj/imp/../../gem5/build/ALL/gem5.opt -s --outdir=results_imp_multisim --stdout-file=simple_triad_imp_thr1_l2_ddr4_2x_simout.txt --stderr-file=simple_triad_imp_thr1_l2_ddr4_2x_simerr.txt --stats-file=stats.txt -c 'from multiprocessing.spawn import spawn_main; spawn_main(tracker_fd=7, pipe_handle=13)' --multiprocessing-fork

src/sim/mem_state.cc:443: info: Increasing stack size by one page.
src/sim/syscall_emul.hh:1121: warn: readlink() called on '/proc/self/exe' may yield unexpected results in various settings.
      Returning '/home/fdemirel/HPC_Lab_Proj/benchmarks/simple_triad/simple_triad-m5.x'

----merge----
Execution time: 10.644514 (ms) 
random_elem:0, /home/fdemirel/HPC_Lab_Proj/benchmarks/merge/merge-m5.x
----quick sort----
Array SIZE      : 131072 
random_elem:0, /home/fdemirel/HPC_Lab_Proj/benchmarks/quick/quick-m5.x
Execution time: 9.039168 (ms) 
Global frequency set at 1000000000000 ticks per second
src/mem/dram_interface.cc:690: warn: DRAM device capacity (16384 Mbytes) does not match the address range assigned (512 Mbytes)
src/mem/dram_interface.cc:690: warn: DRAM device capacity (16384 Mbytes) does not match the address range assigned (512 Mbytes)
src/base/statistics.hh:279: warn: One of the stats is a legacy stat. Legacy stat is a stat that does not belong to any statistics::Group. Legacy stat is deprecated.
board.remote_gdb: Listening for connections on port 7000
gem5 Simulator System.  https://www.gem5.org
gem5 is copyrighted software; use the --copyright option for details.

gem5 version 25.0.0.1
gem5 compiled May  5 2026 12:55:05
gem5 started Jun 18 2026 03:37:25
gem5 executing on cn27.guoehi.cluster, pid 189680
command line: /home/fdemirel/HPC_Lab_Proj/imp/../../gem5/build/ALL/gem5.opt -s --outdir=results_imp_multisim --stdout-file=quick_imp_addrlen16_l1d_ddr4_2x_simout.txt --stderr-file=quick_imp_addrlen16_l1d_ddr4_2x_simerr.txt --stats-file=stats.txt -c 'from multiprocessing.spawn import spawn_main; spawn_main(tracker_fd=7, pipe_handle=13)' --multiprocessing-fork

src/sim/mem_state.cc:443: info: Increasing stack size by one page.
src/sim/syscall_emul.hh:1121: warn: readlink() called on '/proc/self/exe' may yield unexpected results in various settings.
      Returning '/home/fdemirel/HPC_Lab_Proj/benchmarks/quick/quick-m5.x'
src/arch/arm/insts/pseudo.cc:174: warn: 	instruction 'bti' unimplemented
Global frequency set at 1000000000000 ticks per second
src/mem/dram_interface.cc:690: warn: DRAM device capacity (16384 Mbytes) does not match the address range assigned (512 Mbytes)
src/mem/dram_interface.cc:690: warn: DRAM device capacity (16384 Mbytes) does not match the address range assigned (512 Mbytes)
src/base/statistics.hh:279: warn: One of the stats is a legacy stat. Legacy stat is a stat that does not belong to any statistics::Group. Legacy stat is deprecated.
board.remote_gdb: Listening for connections on port 7003
gem5 Simulator System.  https://www.gem5.org
gem5 is copyrighted software; use the --copyright option for details.

gem5 version 25.0.0.1
gem5 compiled May  5 2026 12:55:05
gem5 started Jun 18 2026 03:37:28
gem5 executing on cn27.guoehi.cluster, pid 189681
command line: /home/fdemirel/HPC_Lab_Proj/imp/../../gem5/build/ALL/gem5.opt -s --outdir=results_imp_multisim --stdout-file=simple_triad_imp_sdist2_l1d_ddr4_2x_simout.txt --stderr-file=simple_triad_imp_sdist2_l1d_ddr4_2x_simerr.txt --stats-file=stats.txt -c 'from multiprocessing.spawn import spawn_main; spawn_main(tracker_fd=7, pipe_handle=13)' --multiprocessing-fork

src/sim/mem_state.cc:443: info: Increasing stack size by one page.
src/sim/syscall_emul.hh:1121: warn: readlink() called on '/proc/self/exe' may yield unexpected results in various settings.
      Returning '/home/fdemirel/HPC_Lab_Proj/benchmarks/simple_triad/simple_triad-m5.x'
Array SIZE      : 1000000 
Array LOOP      : 1 

----triad----
a[0]=7.00e+00. b[0]=2.00e+00. c[0]=1.00e+00.
Execution time: 2.250846 (ms) 
   Rate [MB/s]: 10662.7 
Global frequency set at 1000000000000 ticks per second
src/mem/dram_interface.cc:690: warn: DRAM device capacity (16384 Mbytes) does not match the address range assigned (512 Mbytes)
src/mem/dram_interface.cc:690: warn: DRAM device capacity (16384 Mbytes) does not match the address range assigned (512 Mbytes)
src/base/statistics.hh:279: warn: One of the stats is a legacy stat. Legacy stat is a stat that does not belong to any statistics::Group. Legacy stat is deprecated.
board.remote_gdb: Listening for connections on port 7002
gem5 Simulator System.  https://www.gem5.org
gem5 is copyrighted software; use the --copyright option for details.

gem5 version 25.0.0.1
gem5 compiled May  5 2026 12:55:05
gem5 started Jun 18 2026 03:38:50
gem5 executing on cn27.guoehi.cluster, pid 189693
command line: /home/fdemirel/HPC_Lab_Proj/imp/../../gem5/build/ALL/gem5.opt -s --outdir=results_imp_multisim --stdout-file=bfs_imp_addrlen16_l2_ddr4_2x_simout.txt --stderr-file=bfs_imp_addrlen16_l2_ddr4_2x_simerr.txt --stats-file=stats.txt -c 'from multiprocessing.spawn import spawn_main; spawn_main(tracker_fd=7, pipe_handle=13)' --multiprocessing-fork

src/sim/mem_state.cc:443: info: Increasing stack size by one page.
src/sim/syscall_emul.hh:1121: warn: readlink() called on '/proc/self/exe' may yield unexpected results in various settings.
      Returning '/home/fdemirel/HPC_Lab_Proj/benchmarks/bfs/bfs-m5.x'
src/arch/arm/insts/pseudo.cc:174: warn: 	instruction 'bti' unimplemented
Beginning BFS ...
Array SIZE      : 1000000 
Array LOOP      : 1 

----triad----
a[0]=7.00e+00. b[0]=2.00e+00. c[0]=1.00e+00.
Execution time: 2.521450 (ms) 
   Rate [MB/s]: 9518.3 
Global frequency set at 1000000000000 ticks per second
src/mem/dram_interface.cc:690: warn: DRAM device capacity (16384 Mbytes) does not match the address range assigned (1024 Mbytes)
src/base/statistics.hh:279: warn: One of the stats is a legacy stat. Legacy stat is a stat that does not belong to any statistics::Group. Legacy stat is deprecated.
board.remote_gdb: Listening for connections on port 7003
gem5 Simulator System.  https://www.gem5.org
gem5 is copyrighted software; use the --copyright option for details.

gem5 version 25.0.0.1
gem5 compiled May  5 2026 12:55:05
gem5 started Jun 18 2026 03:39:17
gem5 executing on cn27.guoehi.cluster, pid 189696
command line: /home/fdemirel/HPC_Lab_Proj/imp/../../gem5/build/ALL/gem5.opt -s --outdir=results_imp_multisim --stdout-file=simple_triad_imp_dist4_l2_ddr4_1x_simout.txt --stderr-file=simple_triad_imp_dist4_l2_ddr4_1x_simerr.txt --stats-file=stats.txt -c 'from multiprocessing.spawn import spawn_main; spawn_main(tracker_fd=7, pipe_handle=13)' --multiprocessing-fork

src/sim/mem_state.cc:443: info: Increasing stack size by one page.
src/sim/syscall_emul.hh:1121: warn: readlink() called on '/proc/self/exe' may yield unexpected results in various settings.
      Returning '/home/fdemirel/HPC_Lab_Proj/benchmarks/simple_triad/simple_triad-m5.x'
Array SIZE      : 1000000 
Array LOOP      : 1 

----triad----
a[0]=7.00e+00. b[0]=2.00e+00. c[0]=1.00e+00.
Execution time: 2.921286 (ms) 
   Rate [MB/s]: 8215.6 
Global frequency set at 1000000000000 ticks per second
src/mem/dram_interface.cc:690: warn: DRAM device capacity (16384 Mbytes) does not match the address range assigned (512 Mbytes)
src/mem/dram_interface.cc:690: warn: DRAM device capacity (16384 Mbytes) does not match the address range assigned (512 Mbytes)
src/base/statistics.hh:279: warn: One of the stats is a legacy stat. Legacy stat is a stat that does not belong to any statistics::Group. Legacy stat is deprecated.
board.remote_gdb: Listening for connections on port 7003
gem5 Simulator System.  https://www.gem5.org
gem5 is copyrighted software; use the --copyright option for details.

gem5 version 25.0.0.1
gem5 compiled May  5 2026 12:55:05
gem5 started Jun 18 2026 03:41:11
gem5 executing on cn27.guoehi.cluster, pid 189706
command line: /home/fdemirel/HPC_Lab_Proj/imp/../../gem5/build/ALL/gem5.opt -s --outdir=results_imp_multisim --stdout-file=spmv_imp_thr1_l2_ddr4_2x_simout.txt --stderr-file=spmv_imp_thr1_l2_ddr4_2x_simerr.txt --stats-file=stats.txt -c 'from multiprocessing.spawn import spawn_main; spawn_main(tracker_fd=7, pipe_handle=13)' --multiprocessing-fork

src/sim/mem_state.cc:443: info: Increasing stack size by one page.
src/sim/syscall_emul.hh:1121: warn: readlink() called on '/proc/self/exe' may yield unexpected results in various settings.
      Returning '/home/fdemirel/HPC_Lab_Proj/benchmarks/spmv/spmv-m5.x'
src/arch/arm/insts/pseudo.cc:174: warn: 	instruction 'bti' unimplemented
src/sim/mem_state.cc:443: info: Increasing stack size by one page.
src/sim/mem_state.cc:443: info: Increasing stack size by one page.
src/sim/mem_state.cc:443: info: Increasing stack size by one page.
src/sim/mem_state.cc:443: info: Increasing stack size by one page.
src/sim/mem_state.cc:443: info: Increasing stack size by one page.
src/sim/mem_state.cc:443: info: Increasing stack size by one page.
src/sim/mem_state.cc:443: info: Increasing stack size by one page.
----quick sort----
Array SIZE      : 131072 
random_elem:0, /home/fdemirel/HPC_Lab_Proj/benchmarks/quick/quick-m5.x
Execution time: 8.734951 (ms) 
Finished BFS.
Global frequency set at 1000000000000 ticks per second
src/mem/dram_interface.cc:690: warn: DRAM device capacity (16384 Mbytes) does not match the address range assigned (1024 Mbytes)
src/base/statistics.hh:279: warn: One of the stats is a legacy stat. Legacy stat is a stat that does not belong to any statistics::Group. Legacy stat is deprecated.
board.remote_gdb: Listening for connections on port 7000
gem5 Simulator System.  https://www.gem5.org
gem5 is copyrighted software; use the --copyright option for details.

gem5 version 25.0.0.1
gem5 compiled May  5 2026 12:55:05
gem5 started Jun 18 2026 03:41:33
gem5 executing on cn27.guoehi.cluster, pid 189709
command line: /home/fdemirel/HPC_Lab_Proj/imp/../../gem5/build/ALL/gem5.opt -s --outdir=results_imp_multisim --stdout-file=matmult_imp_addrlen8_l2_ddr4_1x_simout.txt --stderr-file=matmult_imp_addrlen8_l2_ddr4_1x_simerr.txt --stats-file=stats.txt -c 'from multiprocessing.spawn import spawn_main; spawn_main(tracker_fd=7, pipe_handle=13)' --multiprocessing-fork

src/sim/mem_state.cc:443: info: Increasing stack size by one page.
src/sim/syscall_emul.hh:1121: warn: readlink() called on '/proc/self/exe' may yield unexpected results in various settings.
      Returning '/home/fdemirel/HPC_Lab_Proj/benchmarks/matmult/matmult-m5.x'
src/arch/arm/insts/pseudo.cc:174: warn: 	instruction 'bti' unimplemented
Global frequency set at 1000000000000 ticks per second
src/mem/dram_interface.cc:690: warn: DRAM device capacity (16384 Mbytes) does not match the address range assigned (512 Mbytes)
src/mem/dram_interface.cc:690: warn: DRAM device capacity (16384 Mbytes) does not match the address range assigned (512 Mbytes)
src/base/statistics.hh:279: warn: One of the stats is a legacy stat. Legacy stat is a stat that does not belong to any statistics::Group. Legacy stat is deprecated.
board.remote_gdb: Listening for connections on port 7001
gem5 Simulator System.  https://www.gem5.org
gem5 is copyrighted software; use the --copyright option for details.

gem5 version 25.0.0.1
gem5 compiled May  5 2026 12:55:05
gem5 started Jun 18 2026 03:41:49
gem5 executing on cn27.guoehi.cluster, pid 189713
command line: /home/fdemirel/HPC_Lab_Proj/imp/../../gem5/build/ALL/gem5.opt -s --outdir=results_imp_multisim --stdout-file=matmult_imp_sdist2_l2_ddr4_2x_simout.txt --stderr-file=matmult_imp_sdist2_l2_ddr4_2x_simerr.txt --stats-file=stats.txt -c 'from multiprocessing.spawn import spawn_main; spawn_main(tracker_fd=7, pipe_handle=13)' --multiprocessing-fork

src/sim/mem_state.cc:443: info: Increasing stack size by one page.
src/sim/syscall_emul.hh:1121: warn: readlink() called on '/proc/self/exe' may yield unexpected results in various settings.
      Returning '/home/fdemirel/HPC_Lab_Proj/benchmarks/matmult/matmult-m5.x'
src/arch/arm/insts/pseudo.cc:174: warn: 	instruction 'bti' unimplemented

----MATRIX MULTIPLICATION----

----Computation starts----
Loop 0 ... 
argc = 2, A[argc][argc] = 0.500000, B[argc][argc] = 0.500000, C[argc][argc] = 0.500000 
Execution time: 1.229960 (ms) 
Global frequency set at 1000000000000 ticks per second

----MATRIX MULTIPLICATION----

----Computation starts----
Loop 0 ... 
argc = 2, A[argc][argc] = 0.500000, B[argc][argc] = 0.500000, C[argc][argc] = 0.500000 
Execution time: 1.239260 (ms) 
src/mem/dram_interface.cc:690: warn: DRAM device capacity (16384 Mbytes) does not match the address range assigned (512 Mbytes)
src/mem/dram_interface.cc:690: warn: DRAM device capacity (16384 Mbytes) does not match the address range assigned (512 Mbytes)
src/base/statistics.hh:279: warn: One of the stats is a legacy stat. Legacy stat is a stat that does not belong to any statistics::Group. Legacy stat is deprecated.
board.remote_gdb: Listening for connections on port 7000
gem5 Simulator System.  https://www.gem5.org
gem5 is copyrighted software; use the --copyright option for details.

gem5 version 25.0.0.1
gem5 compiled May  5 2026 12:55:05
gem5 started Jun 18 2026 03:42:41
gem5 executing on cn27.guoehi.cluster, pid 189717
command line: /home/fdemirel/HPC_Lab_Proj/imp/../../gem5/build/ALL/gem5.opt -s --outdir=results_imp_multisim --stdout-file=spmv_imp_sdist2_l1d_ddr4_2x_simout.txt --stderr-file=spmv_imp_sdist2_l1d_ddr4_2x_simerr.txt --stats-file=stats.txt -c 'from multiprocessing.spawn import spawn_main; spawn_main(tracker_fd=7, pipe_handle=13)' --multiprocessing-fork

src/sim/mem_state.cc:443: info: Increasing stack size by one page.
src/sim/syscall_emul.hh:1121: warn: readlink() called on '/proc/self/exe' may yield unexpected results in various settings.
      Returning '/home/fdemirel/HPC_Lab_Proj/benchmarks/spmv/spmv-m5.x'
src/arch/arm/insts/pseudo.cc:174: warn: 	instruction 'bti' unimplemented
src/sim/mem_state.cc:443: info: Increasing stack size by one page.
src/sim/mem_state.cc:443: info: Increasing stack size by one page.
src/sim/mem_state.cc:443: info: Increasing stack size by one page.
src/sim/mem_state.cc:443: info: Increasing stack size by one page.
src/sim/mem_state.cc:443: info: Increasing stack size by one page.
src/sim/mem_state.cc:443: info: Increasing stack size by one page.
src/sim/mem_state.cc:443: info: Increasing stack size by one page.
----spmv----
N_ROWS          : 8192 
N_COLS          : 65536 
NNZ             : 524155 
Execution time: 6.423470 (ms) 
Global frequency set at 1000000000000 ticks per second
src/mem/dram_interface.cc:690: warn: DRAM device capacity (16384 Mbytes) does not match the address range assigned (1024 Mbytes)
src/base/statistics.hh:279: warn: One of the stats is a legacy stat. Legacy stat is a stat that does not belong to any statistics::Group. Legacy stat is deprecated.
board.remote_gdb: Listening for connections on port 7001
gem5 Simulator System.  https://www.gem5.org
gem5 is copyrighted software; use the --copyright option for details.

gem5 version 25.0.0.1
gem5 compiled May  5 2026 12:55:05
gem5 started Jun 18 2026 03:42:59
gem5 executing on cn27.guoehi.cluster, pid 189720
command line: /home/fdemirel/HPC_Lab_Proj/imp/../../gem5/build/ALL/gem5.opt -s --outdir=results_imp_multisim --stdout-file=spmv_imp_dist4_l2_ddr4_1x_simout.txt --stderr-file=spmv_imp_dist4_l2_ddr4_1x_simerr.txt --stats-file=stats.txt -c 'from multiprocessing.spawn import spawn_main; spawn_main(tracker_fd=7, pipe_handle=13)' --multiprocessing-fork

src/sim/mem_state.cc:443: info: Increasing stack size by one page.
src/sim/syscall_emul.hh:1121: warn: readlink() called on '/proc/self/exe' may yield unexpected results in various settings.
      Returning '/home/fdemirel/HPC_Lab_Proj/benchmarks/spmv/spmv-m5.x'
src/arch/arm/insts/pseudo.cc:174: warn: 	instruction 'bti' unimplemented
src/sim/mem_state.cc:443: info: Increasing stack size by one page.
src/sim/mem_state.cc:443: info: Increasing stack size by one page.
src/sim/mem_state.cc:443: info: Increasing stack size by one page.
src/sim/mem_state.cc:443: info: Increasing stack size by one page.
src/sim/mem_state.cc:443: info: Increasing stack size by one page.
src/sim/mem_state.cc:443: info: Increasing stack size by one page.
src/sim/mem_state.cc:443: info: Increasing stack size by one page.
Global frequency set at 1000000000000 ticks per second
src/mem/dram_interface.cc:690: warn: DRAM device capacity (16384 Mbytes) does not match the address range assigned (512 Mbytes)
src/mem/dram_interface.cc:690: warn: DRAM device capacity (16384 Mbytes) does not match the address range assigned (512 Mbytes)
src/base/statistics.hh:279: warn: One of the stats is a legacy stat. Legacy stat is a stat that does not belong to any statistics::Group. Legacy stat is deprecated.
board.remote_gdb: Listening for connections on port 7003
gem5 Simulator System.  https://www.gem5.org
gem5 is copyrighted software; use the --copyright option for details.

gem5 version 25.0.0.1
gem5 compiled May  5 2026 12:55:05
gem5 started Jun 18 2026 03:43:09
gem5 executing on cn27.guoehi.cluster, pid 189723
command line: /home/fdemirel/HPC_Lab_Proj/imp/../../gem5/build/ALL/gem5.opt -s --outdir=results_imp_multisim --stdout-file=simple_triad_imp_sthr2_l2_ddr4_2x_simout.txt --stderr-file=simple_triad_imp_sthr2_l2_ddr4_2x_simerr.txt --stats-file=stats.txt -c 'from multiprocessing.spawn import spawn_main; spawn_main(tracker_fd=7, pipe_handle=13)' --multiprocessing-fork

src/sim/mem_state.cc:443: info: Increasing stack size by one page.
src/sim/syscall_emul.hh:1121: warn: readlink() called on '/proc/self/exe' may yield unexpected results in various settings.
      Returning '/home/fdemirel/HPC_Lab_Proj/benchmarks/simple_triad/simple_triad-m5.x'
Finished BFS.
Array SIZE      : 1000000 
Array LOOP      : 1 

----triad----
a[0]=7.00e+00. b[0]=2.00e+00. c[0]=1.00e+00.
Execution time: 2.253313 (ms) 
   Rate [MB/s]: 10651.0 
----spmv----
N_ROWS          : 8192 
N_COLS          : 65536 
NNZ             : 524155 
Execution time: 6.890919 (ms) 
----spmv----
N_ROWS          : 8192 
N_COLS          : 65536 
NNZ             : 524155 
Execution time: 7.261504 (ms) 
Global frequency set at 1000000000000 ticks per second
src/mem/dram_interface.cc:690: warn: DRAM device capacity (16384 Mbytes) does not match the address range assigned (512 Mbytes)
src/mem/dram_interface.cc:690: warn: DRAM device capacity (16384 Mbytes) does not match the address range assigned (512 Mbytes)
src/base/statistics.hh:279: warn: One of the stats is a legacy stat. Legacy stat is a stat that does not belong to any statistics::Group. Legacy stat is deprecated.
board.remote_gdb: Listening for connections on port 7000
gem5 Simulator System.  https://www.gem5.org
gem5 is copyrighted software; use the --copyright option for details.

gem5 version 25.0.0.1
gem5 compiled May  5 2026 12:55:05
gem5 started Jun 18 2026 03:44:56
gem5 executing on cn27.guoehi.cluster, pid 189729
command line: /home/fdemirel/HPC_Lab_Proj/imp/../../gem5/build/ALL/gem5.opt -s --outdir=results_imp_multisim --stdout-file=quick_imp_thr1_l2_ddr4_2x_simout.txt --stderr-file=quick_imp_thr1_l2_ddr4_2x_simerr.txt --stats-file=stats.txt -c 'from multiprocessing.spawn import spawn_main; spawn_main(tracker_fd=7, pipe_handle=13)' --multiprocessing-fork

Global frequency set at 1000000000000 ticks per second
src/sim/mem_state.cc:443: info: Increasing stack size by one page.
src/sim/syscall_emul.hh:1121: warn: readlink() called on '/proc/self/exe' may yield unexpected results in various settings.
      Returning '/home/fdemirel/HPC_Lab_Proj/benchmarks/quick/quick-m5.x'
src/arch/arm/insts/pseudo.cc:174: warn: 	instruction 'bti' unimplemented
src/mem/dram_interface.cc:690: warn: DRAM device capacity (16384 Mbytes) does not match the address range assigned (512 Mbytes)
src/mem/dram_interface.cc:690: warn: DRAM device capacity (16384 Mbytes) does not match the address range assigned (512 Mbytes)
src/base/statistics.hh:279: warn: One of the stats is a legacy stat. Legacy stat is a stat that does not belong to any statistics::Group. Legacy stat is deprecated.
board.remote_gdb: Listening for connections on port 7001
gem5 Simulator System.  https://www.gem5.org
gem5 is copyrighted software; use the --copyright option for details.

gem5 version 25.0.0.1
gem5 compiled May  5 2026 12:55:05
gem5 started Jun 18 2026 03:44:57
gem5 executing on cn27.guoehi.cluster, pid 189730
command line: /home/fdemirel/HPC_Lab_Proj/imp/../../gem5/build/ALL/gem5.opt -s --outdir=results_imp_multisim --stdout-file=merge_imp_sdist2_l2_ddr4_2x_simout.txt --stderr-file=merge_imp_sdist2_l2_ddr4_2x_simerr.txt --stats-file=stats.txt -c 'from multiprocessing.spawn import spawn_main; spawn_main(tracker_fd=7, pipe_handle=13)' --multiprocessing-fork

src/sim/mem_state.cc:443: info: Increasing stack size by one page.
src/sim/syscall_emul.hh:1121: warn: readlink() called on '/proc/self/exe' may yield unexpected results in various settings.
      Returning '/home/fdemirel/HPC_Lab_Proj/benchmarks/merge/merge-m5.x'
src/arch/arm/insts/pseudo.cc:174: warn: 	instruction 'bti' unimplemented
Global frequency set at 1000000000000 ticks per second
src/mem/dram_interface.cc:690: warn: DRAM device capacity (16384 Mbytes) does not match the address range assigned (512 Mbytes)
src/mem/dram_interface.cc:690: warn: DRAM device capacity (16384 Mbytes) does not match the address range assigned (512 Mbytes)
src/base/statistics.hh:279: warn: One of the stats is a legacy stat. Legacy stat is a stat that does not belong to any statistics::Group. Legacy stat is deprecated.
board.remote_gdb: Listening for connections on port 7002
gem5 Simulator System.  https://www.gem5.org
gem5 is copyrighted software; use the --copyright option for details.

gem5 version 25.0.0.1
gem5 compiled May  5 2026 12:55:05
gem5 started Jun 18 2026 03:45:01
gem5 executing on cn27.guoehi.cluster, pid 189731
command line: /home/fdemirel/HPC_Lab_Proj/imp/../../gem5/build/ALL/gem5.opt -s --outdir=results_imp_multisim --stdout-file=matmult_imp_sthr2_l1d_ddr4_2x_simout.txt --stderr-file=matmult_imp_sthr2_l1d_ddr4_2x_simerr.txt --stats-file=stats.txt -c 'from multiprocessing.spawn import spawn_main; spawn_main(tracker_fd=7, pipe_handle=13)' --multiprocessing-fork

src/sim/mem_state.cc:443: info: Increasing stack size by one page.
src/sim/syscall_emul.hh:1121: warn: readlink() called on '/proc/self/exe' may yield unexpected results in various settings.
      Returning '/home/fdemirel/HPC_Lab_Proj/benchmarks/matmult/matmult-m5.x'
src/arch/arm/insts/pseudo.cc:174: warn: 	instruction 'bti' unimplemented
Global frequency set at 1000000000000 ticks per second
src/mem/dram_interface.cc:690: warn: DRAM device capacity (16384 Mbytes) does not match the address range assigned (1024 Mbytes)
src/base/statistics.hh:279: warn: One of the stats is a legacy stat. Legacy stat is a stat that does not belong to any statistics::Group. Legacy stat is deprecated.
board.remote_gdb: Listening for connections on port 7003
gem5 Simulator System.  https://www.gem5.org
gem5 is copyrighted software; use the --copyright option for details.

gem5 version 25.0.0.1
gem5 compiled May  5 2026 12:55:05
gem5 started Jun 18 2026 03:45:03
gem5 executing on cn27.guoehi.cluster, pid 189733
command line: /home/fdemirel/HPC_Lab_Proj/imp/../../gem5/build/ALL/gem5.opt -s --outdir=results_imp_multisim --stdout-file=merge_imp_addrlen8_l2_ddr4_1x_simout.txt --stderr-file=merge_imp_addrlen8_l2_ddr4_1x_simerr.txt --stats-file=stats.txt -c 'from multiprocessing.spawn import spawn_main; spawn_main(tracker_fd=7, pipe_handle=13)' --multiprocessing-fork

src/sim/mem_state.cc:443: info: Increasing stack size by one page.
src/sim/syscall_emul.hh:1121: warn: readlink() called on '/proc/self/exe' may yield unexpected results in various settings.
      Returning '/home/fdemirel/HPC_Lab_Proj/benchmarks/merge/merge-m5.x'
src/arch/arm/insts/pseudo.cc:174: warn: 	instruction 'bti' unimplemented

----MATRIX MULTIPLICATION----

----Computation starts----
Loop 0 ... 
argc = 2, A[argc][argc] = 0.500000, B[argc][argc] = 0.500000, C[argc][argc] = 0.500000 
Execution time: 1.242133 (ms) 
Global frequency set at 1000000000000 ticks per second
src/mem/dram_interface.cc:690: warn: DRAM device capacity (16384 Mbytes) does not match the address range assigned (1024 Mbytes)
src/base/statistics.hh:279: warn: One of the stats is a legacy stat. Legacy stat is a stat that does not belong to any statistics::Group. Legacy stat is deprecated.
board.remote_gdb: Listening for connections on port 7002
gem5 Simulator System.  https://www.gem5.org
gem5 is copyrighted software; use the --copyright option for details.

gem5 version 25.0.0.1
gem5 compiled May  5 2026 12:55:05
gem5 started Jun 18 2026 03:46:11
gem5 executing on cn27.guoehi.cluster, pid 189748
command line: /home/fdemirel/HPC_Lab_Proj/imp/../../gem5/build/ALL/gem5.opt -s --outdir=results_imp_multisim --stdout-file=simple_triad_imp_sdist16_l1d_ddr4_1x_simout.txt --stderr-file=simple_triad_imp_sdist16_l1d_ddr4_1x_simerr.txt --stats-file=stats.txt -c 'from multiprocessing.spawn import spawn_main; spawn_main(tracker_fd=7, pipe_handle=13)' --multiprocessing-fork

src/sim/mem_state.cc:443: info: Increasing stack size by one page.
src/sim/syscall_emul.hh:1121: warn: readlink() called on '/proc/self/exe' may yield unexpected results in various settings.
      Returning '/home/fdemirel/HPC_Lab_Proj/benchmarks/simple_triad/simple_triad-m5.x'
Array SIZE      : 1000000 
Array LOOP      : 1 

----triad----
a[0]=7.00e+00. b[0]=2.00e+00. c[0]=1.00e+00.
Execution time: 2.890825 (ms) 
   Rate [MB/s]: 8302.1 
Global frequency set at 1000000000000 ticks per second
src/mem/dram_interface.cc:690: warn: DRAM device capacity (16384 Mbytes) does not match the address range assigned (1024 Mbytes)
src/base/statistics.hh:279: warn: One of the stats is a legacy stat. Legacy stat is a stat that does not belong to any statistics::Group. Legacy stat is deprecated.
board.remote_gdb: Listening for connections on port 7002
gem5 Simulator System.  https://www.gem5.org
gem5 is copyrighted software; use the --copyright option for details.

gem5 version 25.0.0.1
gem5 compiled May  5 2026 12:55:05
gem5 started Jun 18 2026 03:48:05
gem5 executing on cn27.guoehi.cluster, pid 189754
command line: /home/fdemirel/HPC_Lab_Proj/imp/../../gem5/build/ALL/gem5.opt -s --outdir=results_imp_multisim --stdout-file=quick_imp_dist4_l2_ddr4_1x_simout.txt --stderr-file=quick_imp_dist4_l2_ddr4_1x_simerr.txt --stats-file=stats.txt -c 'from multiprocessing.spawn import spawn_main; spawn_main(tracker_fd=7, pipe_handle=13)' --multiprocessing-fork

src/sim/mem_state.cc:443: info: Increasing stack size by one page.
src/sim/syscall_emul.hh:1121: warn: readlink() called on '/proc/self/exe' may yield unexpected results in various settings.
      Returning '/home/fdemirel/HPC_Lab_Proj/benchmarks/quick/quick-m5.x'
src/arch/arm/insts/pseudo.cc:174: warn: 	instruction 'bti' unimplemented
----quick sort----
Array SIZE      : 131072 
random_elem:0, /home/fdemirel/HPC_Lab_Proj/benchmarks/quick/quick-m5.x
Execution time: 8.952131 (ms) 
Global frequency set at 1000000000000 ticks per second
src/mem/dram_interface.cc:690: warn: DRAM device capacity (16384 Mbytes) does not match the address range assigned (1024 Mbytes)
src/base/statistics.hh:279: warn: One of the stats is a legacy stat. Legacy stat is a stat that does not belong to any statistics::Group. Legacy stat is deprecated.
board.remote_gdb: Listening for connections on port 7000
gem5 Simulator System.  https://www.gem5.org
gem5 is copyrighted software; use the --copyright option for details.

gem5 version 25.0.0.1
gem5 compiled May  5 2026 12:55:05
gem5 started Jun 18 2026 03:49:13
gem5 executing on cn27.guoehi.cluster, pid 189761
command line: /home/fdemirel/HPC_Lab_Proj/imp/../../gem5/build/ALL/gem5.opt -s --outdir=results_imp_multisim --stdout-file=bfs_imp_ipd8_l1d_ddr4_1x_simout.txt --stderr-file=bfs_imp_ipd8_l1d_ddr4_1x_simerr.txt --stats-file=stats.txt -c 'from multiprocessing.spawn import spawn_main; spawn_main(tracker_fd=7, pipe_handle=13)' --multiprocessing-fork

src/sim/mem_state.cc:443: info: Increasing stack size by one page.
src/sim/syscall_emul.hh:1121: warn: readlink() called on '/proc/self/exe' may yield unexpected results in various settings.
      Returning '/home/fdemirel/HPC_Lab_Proj/benchmarks/bfs/bfs-m5.x'
src/arch/arm/insts/pseudo.cc:174: warn: 	instruction 'bti' unimplemented
Beginning BFS ...

----merge----
Execution time: 10.644514 (ms) 
random_elem:0, /home/fdemirel/HPC_Lab_Proj/benchmarks/merge/merge-m5.x

----merge----
Execution time: 10.770519 (ms) 
random_elem:0, /home/fdemirel/HPC_Lab_Proj/benchmarks/merge/merge-m5.x
Global frequency set at 1000000000000 ticks per second
src/mem/dram_interface.cc:690: warn: DRAM device capacity (16384 Mbytes) does not match the address range assigned (512 Mbytes)
src/mem/dram_interface.cc:690: warn: DRAM device capacity (16384 Mbytes) does not match the address range assigned (512 Mbytes)
src/base/statistics.hh:279: warn: One of the stats is a legacy stat. Legacy stat is a stat that does not belong to any statistics::Group. Legacy stat is deprecated.
board.remote_gdb: Listening for connections on port 7001
gem5 Simulator System.  https://www.gem5.org
gem5 is copyrighted software; use the --copyright option for details.

gem5 version 25.0.0.1
gem5 compiled May  5 2026 12:55:05
gem5 started Jun 18 2026 03:50:02
gem5 executing on cn27.guoehi.cluster, pid 189765
command line: /home/fdemirel/HPC_Lab_Proj/imp/../../gem5/build/ALL/gem5.opt -s --outdir=results_imp_multisim --stdout-file=merge_imp_sthr2_l1d_ddr4_2x_simout.txt --stderr-file=merge_imp_sthr2_l1d_ddr4_2x_simerr.txt --stats-file=stats.txt -c 'from multiprocessing.spawn import spawn_main; spawn_main(tracker_fd=7, pipe_handle=13)' --multiprocessing-fork

src/sim/mem_state.cc:443: info: Increasing stack size by one page.
src/sim/syscall_emul.hh:1121: warn: readlink() called on '/proc/self/exe' may yield unexpected results in various settings.
      Returning '/home/fdemirel/HPC_Lab_Proj/benchmarks/merge/merge-m5.x'
src/arch/arm/insts/pseudo.cc:174: warn: 	instruction 'bti' unimplemented
Global frequency set at 1000000000000 ticks per second
src/mem/dram_interface.cc:690: warn: DRAM device capacity (16384 Mbytes) does not match the address range assigned (512 Mbytes)
src/mem/dram_interface.cc:690: warn: DRAM device capacity (16384 Mbytes) does not match the address range assigned (512 Mbytes)
src/base/statistics.hh:279: warn: One of the stats is a legacy stat. Legacy stat is a stat that does not belong to any statistics::Group. Legacy stat is deprecated.
board.remote_gdb: Listening for connections on port 7003
gem5 Simulator System.  https://www.gem5.org
gem5 is copyrighted software; use the --copyright option for details.

gem5 version 25.0.0.1
gem5 compiled May  5 2026 12:55:05
gem5 started Jun 18 2026 03:50:05
gem5 executing on cn27.guoehi.cluster, pid 189766
command line: /home/fdemirel/HPC_Lab_Proj/imp/../../gem5/build/ALL/gem5.opt -s --outdir=results_imp_multisim --stdout-file=spmv_imp_sthr2_l2_ddr4_2x_simout.txt --stderr-file=spmv_imp_sthr2_l2_ddr4_2x_simerr.txt --stats-file=stats.txt -c 'from multiprocessing.spawn import spawn_main; spawn_main(tracker_fd=7, pipe_handle=13)' --multiprocessing-fork

src/sim/mem_state.cc:443: info: Increasing stack size by one page.
src/sim/syscall_emul.hh:1121: warn: readlink() called on '/proc/self/exe' may yield unexpected results in various settings.
      Returning '/home/fdemirel/HPC_Lab_Proj/benchmarks/spmv/spmv-m5.x'
src/arch/arm/insts/pseudo.cc:174: warn: 	instruction 'bti' unimplemented
src/sim/mem_state.cc:443: info: Increasing stack size by one page.
src/sim/mem_state.cc:443: info: Increasing stack size by one page.
src/sim/mem_state.cc:443: info: Increasing stack size by one page.
src/sim/mem_state.cc:443: info: Increasing stack size by one page.
src/sim/mem_state.cc:443: info: Increasing stack size by one page.
src/sim/mem_state.cc:443: info: Increasing stack size by one page.
src/sim/mem_state.cc:443: info: Increasing stack size by one page.
----spmv----
N_ROWS          : 8192 
N_COLS          : 65536 
NNZ             : 524155 
Execution time: 6.417827 (ms) 
----quick sort----
Array SIZE      : 131072 
random_elem:0, /home/fdemirel/HPC_Lab_Proj/benchmarks/quick/quick-m5.x
Execution time: 9.039168 (ms) 
Global frequency set at 1000000000000 ticks per second
src/mem/dram_interface.cc:690: warn: DRAM device capacity (16384 Mbytes) does not match the address range assigned (1024 Mbytes)
src/base/statistics.hh:279: warn: One of the stats is a legacy stat. Legacy stat is a stat that does not belong to any statistics::Group. Legacy stat is deprecated.
board.remote_gdb: Listening for connections on port 7002
gem5 Simulator System.  https://www.gem5.org
gem5 is copyrighted software; use the --copyright option for details.

gem5 version 25.0.0.1
gem5 compiled May  5 2026 12:55:05
gem5 started Jun 18 2026 03:52:08
gem5 executing on cn27.guoehi.cluster, pid 189777
command line: /home/fdemirel/HPC_Lab_Proj/imp/../../gem5/build/ALL/gem5.opt -s --outdir=results_imp_multisim --stdout-file=bfs_imp_addrlen8_l2_ddr4_1x_simout.txt --stderr-file=bfs_imp_addrlen8_l2_ddr4_1x_simerr.txt --stats-file=stats.txt -c 'from multiprocessing.spawn import spawn_main; spawn_main(tracker_fd=7, pipe_handle=13)' --multiprocessing-fork

src/sim/mem_state.cc:443: info: Increasing stack size by one page.
src/sim/syscall_emul.hh:1121: warn: readlink() called on '/proc/self/exe' may yield unexpected results in various settings.
      Returning '/home/fdemirel/HPC_Lab_Proj/benchmarks/bfs/bfs-m5.x'
src/arch/arm/insts/pseudo.cc:174: warn: 	instruction 'bti' unimplemented
Beginning BFS ...
Global frequency set at 1000000000000 ticks per second
src/mem/dram_interface.cc:690: warn: DRAM device capacity (16384 Mbytes) does not match the address range assigned (1024 Mbytes)
src/base/statistics.hh:279: warn: One of the stats is a legacy stat. Legacy stat is a stat that does not belong to any statistics::Group. Legacy stat is deprecated.
board.remote_gdb: Listening for connections on port 7003
gem5 Simulator System.  https://www.gem5.org
gem5 is copyrighted software; use the --copyright option for details.

gem5 version 25.0.0.1
gem5 compiled May  5 2026 12:55:05
gem5 started Jun 18 2026 03:52:14
gem5 executing on cn27.guoehi.cluster, pid 189780
command line: /home/fdemirel/HPC_Lab_Proj/imp/../../gem5/build/ALL/gem5.opt -s --outdir=results_imp_multisim --stdout-file=quick_imp_sdist16_l1d_ddr4_1x_simout.txt --stderr-file=quick_imp_sdist16_l1d_ddr4_1x_simerr.txt --stats-file=stats.txt -c 'from multiprocessing.spawn import spawn_main; spawn_main(tracker_fd=7, pipe_handle=13)' --multiprocessing-fork

src/sim/mem_state.cc:443: info: Increasing stack size by one page.
src/sim/syscall_emul.hh:1121: warn: readlink() called on '/proc/self/exe' may yield unexpected results in various settings.
      Returning '/home/fdemirel/HPC_Lab_Proj/benchmarks/quick/quick-m5.x'
src/arch/arm/insts/pseudo.cc:174: warn: 	instruction 'bti' unimplemented

----merge----
Execution time: 10.326168 (ms) 
random_elem:0, /home/fdemirel/HPC_Lab_Proj/benchmarks/merge/merge-m5.x
Global frequency set at 1000000000000 ticks per second
src/mem/dram_interface.cc:690: warn: DRAM device capacity (16384 Mbytes) does not match the address range assigned (512 Mbytes)
src/mem/dram_interface.cc:690: warn: DRAM device capacity (16384 Mbytes) does not match the address range assigned (512 Mbytes)
src/base/statistics.hh:279: warn: One of the stats is a legacy stat. Legacy stat is a stat that does not belong to any statistics::Group. Legacy stat is deprecated.
board.remote_gdb: Listening for connections on port 7001
gem5 Simulator System.  https://www.gem5.org
gem5 is copyrighted software; use the --copyright option for details.

gem5 version 25.0.0.1
gem5 compiled May  5 2026 12:55:05
gem5 started Jun 18 2026 03:55:12
gem5 executing on cn27.guoehi.cluster, pid 189788
command line: /home/fdemirel/HPC_Lab_Proj/imp/../../gem5/build/ALL/gem5.opt -s --outdir=results_imp_multisim --stdout-file=spmv_imp_pt32_l1d_ddr4_2x_simout.txt --stderr-file=spmv_imp_pt32_l1d_ddr4_2x_simerr.txt --stats-file=stats.txt -c 'from multiprocessing.spawn import spawn_main; spawn_main(tracker_fd=7, pipe_handle=13)' --multiprocessing-fork

src/sim/mem_state.cc:443: info: Increasing stack size by one page.
src/sim/syscall_emul.hh:1121: warn: readlink() called on '/proc/self/exe' may yield unexpected results in various settings.
      Returning '/home/fdemirel/HPC_Lab_Proj/benchmarks/spmv/spmv-m5.x'
src/arch/arm/insts/pseudo.cc:174: warn: 	instruction 'bti' unimplemented
src/sim/mem_state.cc:443: info: Increasing stack size by one page.
src/sim/mem_state.cc:443: info: Increasing stack size by one page.
src/sim/mem_state.cc:443: info: Increasing stack size by one page.
src/sim/mem_state.cc:443: info: Increasing stack size by one page.
src/sim/mem_state.cc:443: info: Increasing stack size by one page.
src/sim/mem_state.cc:443: info: Increasing stack size by one page.
src/sim/mem_state.cc:443: info: Increasing stack size by one page.
Finished BFS.
----quick sort----
Array SIZE      : 131072 
random_elem:0, /home/fdemirel/HPC_Lab_Proj/benchmarks/quick/quick-m5.x
Execution time: 8.486709 (ms) 
Global frequency set at 1000000000000 ticks per second
src/mem/dram_interface.cc:690: warn: DRAM device capacity (16384 Mbytes) does not match the address range assigned (1024 Mbytes)
src/base/statistics.hh:279: warn: One of the stats is a legacy stat. Legacy stat is a stat that does not belong to any statistics::Group. Legacy stat is deprecated.
board.remote_gdb: Listening for connections on port 7000
gem5 Simulator System.  https://www.gem5.org
gem5 is copyrighted software; use the --copyright option for details.

gem5 version 25.0.0.1
gem5 compiled May  5 2026 12:55:05
gem5 started Jun 18 2026 03:56:00
gem5 executing on cn27.guoehi.cluster, pid 189792
command line: /home/fdemirel/HPC_Lab_Proj/imp/../../gem5/build/ALL/gem5.opt -s --outdir=results_imp_multisim --stdout-file=spmv_imp_pt8_l2_ddr4_1x_simout.txt --stderr-file=spmv_imp_pt8_l2_ddr4_1x_simerr.txt --stats-file=stats.txt -c 'from multiprocessing.spawn import spawn_main; spawn_main(tracker_fd=7, pipe_handle=13)' --multiprocessing-fork

src/sim/mem_state.cc:443: info: Increasing stack size by one page.
src/sim/syscall_emul.hh:1121: warn: readlink() called on '/proc/self/exe' may yield unexpected results in various settings.
      Returning '/home/fdemirel/HPC_Lab_Proj/benchmarks/spmv/spmv-m5.x'
src/arch/arm/insts/pseudo.cc:174: warn: 	instruction 'bti' unimplemented
src/sim/mem_state.cc:443: info: Increasing stack size by one page.
src/sim/mem_state.cc:443: info: Increasing stack size by one page.
src/sim/mem_state.cc:443: info: Increasing stack size by one page.
src/sim/mem_state.cc:443: info: Increasing stack size by one page.
src/sim/mem_state.cc:443: info: Increasing stack size by one page.
src/sim/mem_state.cc:443: info: Increasing stack size by one page.
src/sim/mem_state.cc:443: info: Increasing stack size by one page.
Global frequency set at 1000000000000 ticks per second
src/mem/dram_interface.cc:690: warn: DRAM device capacity (16384 Mbytes) does not match the address range assigned (1024 Mbytes)
src/base/statistics.hh:279: warn: One of the stats is a legacy stat. Legacy stat is a stat that does not belong to any statistics::Group. Legacy stat is deprecated.
board.remote_gdb: Listening for connections on port 7003
gem5 Simulator System.  https://www.gem5.org
gem5 is copyrighted software; use the --copyright option for details.

gem5 version 25.0.0.1
gem5 compiled May  5 2026 12:55:05
gem5 started Jun 18 2026 03:56:16
gem5 executing on cn27.guoehi.cluster, pid 189795
command line: /home/fdemirel/HPC_Lab_Proj/imp/../../gem5/build/ALL/gem5.opt -s --outdir=results_imp_multisim --stdout-file=matmult_imp_ipd2_l1d_ddr4_1x_simout.txt --stderr-file=matmult_imp_ipd2_l1d_ddr4_1x_simerr.txt --stats-file=stats.txt -c 'from multiprocessing.spawn import spawn_main; spawn_main(tracker_fd=7, pipe_handle=13)' --multiprocessing-fork

src/sim/mem_state.cc:443: info: Increasing stack size by one page.
src/sim/syscall_emul.hh:1121: warn: readlink() called on '/proc/self/exe' may yield unexpected results in various settings.
      Returning '/home/fdemirel/HPC_Lab_Proj/benchmarks/matmult/matmult-m5.x'
src/arch/arm/insts/pseudo.cc:174: warn: 	instruction 'bti' unimplemented

----MATRIX MULTIPLICATION----

----Computation starts----
Loop 0 ... 
argc = 2, A[argc][argc] = 0.500000, B[argc][argc] = 0.500000, C[argc][argc] = 0.500000 
Execution time: 1.234030 (ms) 
----spmv----
N_ROWS          : 8192 
N_COLS          : 65536 
NNZ             : 524155 
Execution time: 6.310355 (ms) 
Global frequency set at 1000000000000 ticks per second
src/mem/dram_interface.cc:690: warn: DRAM device capacity (16384 Mbytes) does not match the address range assigned (512 Mbytes)
src/mem/dram_interface.cc:690: warn: DRAM device capacity (16384 Mbytes) does not match the address range assigned (512 Mbytes)
src/base/statistics.hh:279: warn: One of the stats is a legacy stat. Legacy stat is a stat that does not belong to any statistics::Group. Legacy stat is deprecated.
board.remote_gdb: Listening for connections on port 7001
gem5 Simulator System.  https://www.gem5.org
gem5 is copyrighted software; use the --copyright option for details.

gem5 version 25.0.0.1
gem5 compiled May  5 2026 12:55:05
gem5 started Jun 18 2026 03:57:25
gem5 executing on cn27.guoehi.cluster, pid 189802
command line: /home/fdemirel/HPC_Lab_Proj/imp/../../gem5/build/ALL/gem5.opt -s --outdir=results_imp_multisim --stdout-file=quick_imp_sthr2_l2_ddr4_2x_simout.txt --stderr-file=quick_imp_sthr2_l2_ddr4_2x_simerr.txt --stats-file=stats.txt -c 'from multiprocessing.spawn import spawn_main; spawn_main(tracker_fd=7, pipe_handle=13)' --multiprocessing-fork

src/sim/mem_state.cc:443: info: Increasing stack size by one page.
src/sim/syscall_emul.hh:1121: warn: readlink() called on '/proc/self/exe' may yield unexpected results in various settings.
      Returning '/home/fdemirel/HPC_Lab_Proj/benchmarks/quick/quick-m5.x'
src/arch/arm/insts/pseudo.cc:174: warn: 	instruction 'bti' unimplemented
Global frequency set at 1000000000000 ticks per second
src/mem/dram_interface.cc:690: warn: DRAM device capacity (16384 Mbytes) does not match the address range assigned (512 Mbytes)
src/mem/dram_interface.cc:690: warn: DRAM device capacity (16384 Mbytes) does not match the address range assigned (512 Mbytes)
src/base/statistics.hh:279: warn: One of the stats is a legacy stat. Legacy stat is a stat that does not belong to any statistics::Group. Legacy stat is deprecated.
board.remote_gdb: Listening for connections on port 7003
gem5 Simulator System.  https://www.gem5.org
gem5 is copyrighted software; use the --copyright option for details.

gem5 version 25.0.0.1
gem5 compiled May  5 2026 12:55:05
gem5 started Jun 18 2026 03:57:33
gem5 executing on cn27.guoehi.cluster, pid 189803
command line: /home/fdemirel/HPC_Lab_Proj/imp/../../gem5/build/ALL/gem5.opt -s --outdir=results_imp_multisim --stdout-file=matmult_imp_ipd8_l1d_ddr4_2x_simout.txt --stderr-file=matmult_imp_ipd8_l1d_ddr4_2x_simerr.txt --stats-file=stats.txt -c 'from multiprocessing.spawn import spawn_main; spawn_main(tracker_fd=7, pipe_handle=13)' --multiprocessing-fork

src/sim/mem_state.cc:443: info: Increasing stack size by one page.
src/sim/syscall_emul.hh:1121: warn: readlink() called on '/proc/self/exe' may yield unexpected results in various settings.
      Returning '/home/fdemirel/HPC_Lab_Proj/benchmarks/matmult/matmult-m5.x'
src/arch/arm/insts/pseudo.cc:174: warn: 	instruction 'bti' unimplemented
----spmv----
N_ROWS          : 8192 
N_COLS          : 65536 
NNZ             : 524155 
Execution time: 6.890919 (ms) 
Finished BFS.
Global frequency set at 1000000000000 ticks per second
src/mem/dram_interface.cc:690: warn: DRAM device capacity (16384 Mbytes) does not match the address range assigned (1024 Mbytes)
src/base/statistics.hh:279: warn: One of the stats is a legacy stat. Legacy stat is a stat that does not belong to any statistics::Group. Legacy stat is deprecated.
board.remote_gdb: Listening for connections on port 7000
gem5 Simulator System.  https://www.gem5.org
gem5 is copyrighted software; use the --copyright option for details.

gem5 version 25.0.0.1
gem5 compiled May  5 2026 12:55:05
gem5 started Jun 18 2026 03:58:00
gem5 executing on cn27.guoehi.cluster, pid 189808
command line: /home/fdemirel/HPC_Lab_Proj/imp/../../gem5/build/ALL/gem5.opt -s --outdir=results_imp_multisim --stdout-file=quick_imp_pt8_l2_ddr4_1x_simout.txt --stderr-file=quick_imp_pt8_l2_ddr4_1x_simerr.txt --stats-file=stats.txt -c 'from multiprocessing.spawn import spawn_main; spawn_main(tracker_fd=7, pipe_handle=13)' --multiprocessing-fork

src/sim/mem_state.cc:443: info: Increasing stack size by one page.
src/sim/syscall_emul.hh:1121: warn: readlink() called on '/proc/self/exe' may yield unexpected results in various settings.
      Returning '/home/fdemirel/HPC_Lab_Proj/benchmarks/quick/quick-m5.x'
src/arch/arm/insts/pseudo.cc:174: warn: 	instruction 'bti' unimplemented
Global frequency set at 1000000000000 ticks per second
src/mem/dram_interface.cc:690: warn: DRAM device capacity (16384 Mbytes) does not match the address range assigned (1024 Mbytes)
src/base/statistics.hh:279: warn: One of the stats is a legacy stat. Legacy stat is a stat that does not belong to any statistics::Group. Legacy stat is deprecated.
board.remote_gdb: Listening for connections on port 7002
gem5 Simulator System.  https://www.gem5.org
gem5 is copyrighted software; use the --copyright option for details.

gem5 version 25.0.0.1
gem5 compiled May  5 2026 12:55:05
gem5 started Jun 18 2026 03:58:13
gem5 executing on cn27.guoehi.cluster, pid 189809
command line: /home/fdemirel/HPC_Lab_Proj/imp/../../gem5/build/ALL/gem5.opt -s --outdir=results_imp_multisim --stdout-file=bfs_imp_thr4_l2_ddr4_1x_simout.txt --stderr-file=bfs_imp_thr4_l2_ddr4_1x_simerr.txt --stats-file=stats.txt -c 'from multiprocessing.spawn import spawn_main; spawn_main(tracker_fd=7, pipe_handle=13)' --multiprocessing-fork

src/sim/mem_state.cc:443: info: Increasing stack size by one page.
src/sim/syscall_emul.hh:1121: warn: readlink() called on '/proc/self/exe' may yield unexpected results in various settings.
      Returning '/home/fdemirel/HPC_Lab_Proj/benchmarks/bfs/bfs-m5.x'
src/arch/arm/insts/pseudo.cc:174: warn: 	instruction 'bti' unimplemented
Beginning BFS ...

----MATRIX MULTIPLICATION----

----Computation starts----
Loop 0 ... 
argc = 2, A[argc][argc] = 0.500000, B[argc][argc] = 0.500000, C[argc][argc] = 0.500000 
Execution time: 1.253482 (ms) 
Global frequency set at 1000000000000 ticks per second
src/mem/dram_interface.cc:690: warn: DRAM device capacity (16384 Mbytes) does not match the address range assigned (512 Mbytes)
src/mem/dram_interface.cc:690: warn: DRAM device capacity (16384 Mbytes) does not match the address range assigned (512 Mbytes)
src/base/statistics.hh:279: warn: One of the stats is a legacy stat. Legacy stat is a stat that does not belong to any statistics::Group. Legacy stat is deprecated.
board.remote_gdb: Listening for connections on port 7003
gem5 Simulator System.  https://www.gem5.org
gem5 is copyrighted software; use the --copyright option for details.

gem5 version 25.0.0.1
gem5 compiled May  5 2026 12:55:05
gem5 started Jun 18 2026 03:58:47
gem5 executing on cn27.guoehi.cluster, pid 189815
command line: /home/fdemirel/HPC_Lab_Proj/imp/../../gem5/build/ALL/gem5.opt -s --outdir=results_imp_multisim --stdout-file=simple_triad_imp_addrlen8_l1d_ddr4_2x_simout.txt --stderr-file=simple_triad_imp_addrlen8_l1d_ddr4_2x_simerr.txt --stats-file=stats.txt -c 'from multiprocessing.spawn import spawn_main; spawn_main(tracker_fd=7, pipe_handle=13)' --multiprocessing-fork

src/sim/mem_state.cc:443: info: Increasing stack size by one page.
src/sim/syscall_emul.hh:1121: warn: readlink() called on '/proc/self/exe' may yield unexpected results in various settings.
      Returning '/home/fdemirel/HPC_Lab_Proj/benchmarks/simple_triad/simple_triad-m5.x'
Array SIZE      : 1000000 
Array LOOP      : 1 

----triad----
a[0]=7.00e+00. b[0]=2.00e+00. c[0]=1.00e+00.
Execution time: 2.245558 (ms) 
   Rate [MB/s]: 10687.8 
Global frequency set at 1000000000000 ticks per second
src/mem/dram_interface.cc:690: warn: DRAM device capacity (16384 Mbytes) does not match the address range assigned (512 Mbytes)
src/mem/dram_interface.cc:690: warn: DRAM device capacity (16384 Mbytes) does not match the address range assigned (512 Mbytes)
src/base/statistics.hh:279: warn: One of the stats is a legacy stat. Legacy stat is a stat that does not belong to any statistics::Group. Legacy stat is deprecated.
board.remote_gdb: Listening for connections on port 7003
gem5 Simulator System.  https://www.gem5.org
gem5 is copyrighted software; use the --copyright option for details.

gem5 version 25.0.0.1
gem5 compiled May  5 2026 12:55:05
gem5 started Jun 18 2026 04:00:36
gem5 executing on cn27.guoehi.cluster, pid 189826
command line: /home/fdemirel/HPC_Lab_Proj/imp/../../gem5/build/ALL/gem5.opt -s --outdir=results_imp_multisim --stdout-file=merge_imp_ipd8_l1d_ddr4_2x_simout.txt --stderr-file=merge_imp_ipd8_l1d_ddr4_2x_simerr.txt --stats-file=stats.txt -c 'from multiprocessing.spawn import spawn_main; spawn_main(tracker_fd=7, pipe_handle=13)' --multiprocessing-fork

src/sim/mem_state.cc:443: info: Increasing stack size by one page.
src/sim/syscall_emul.hh:1121: warn: readlink() called on '/proc/self/exe' may yield unexpected results in various settings.
      Returning '/home/fdemirel/HPC_Lab_Proj/benchmarks/merge/merge-m5.x'
src/arch/arm/insts/pseudo.cc:174: warn: 	instruction 'bti' unimplemented
----quick sort----
Array SIZE      : 131072 
random_elem:0, /home/fdemirel/HPC_Lab_Proj/benchmarks/quick/quick-m5.x
Execution time: 8.949174 (ms) 
Global frequency set at 1000000000000 ticks per second
src/mem/dram_interface.cc:690: warn: DRAM device capacity (16384 Mbytes) does not match the address range assigned (1024 Mbytes)
src/base/statistics.hh:279: warn: One of the stats is a legacy stat. Legacy stat is a stat that does not belong to any statistics::Group. Legacy stat is deprecated.
board.remote_gdb: Listening for connections on port 7001
gem5 Simulator System.  https://www.gem5.org
gem5 is copyrighted software; use the --copyright option for details.

gem5 version 25.0.0.1
gem5 compiled May  5 2026 12:55:05
gem5 started Jun 18 2026 04:01:43
gem5 executing on cn27.guoehi.cluster, pid 189845
command line: /home/fdemirel/HPC_Lab_Proj/imp/../../gem5/build/ALL/gem5.opt -s --outdir=results_imp_multisim --stdout-file=merge_imp_ipd2_l1d_ddr4_1x_simout.txt --stderr-file=merge_imp_ipd2_l1d_ddr4_1x_simerr.txt --stats-file=stats.txt -c 'from multiprocessing.spawn import spawn_main; spawn_main(tracker_fd=7, pipe_handle=13)' --multiprocessing-fork

src/sim/mem_state.cc:443: info: Increasing stack size by one page.
src/sim/syscall_emul.hh:1121: warn: readlink() called on '/proc/self/exe' may yield unexpected results in various settings.
      Returning '/home/fdemirel/HPC_Lab_Proj/benchmarks/merge/merge-m5.x'
src/arch/arm/insts/pseudo.cc:174: warn: 	instruction 'bti' unimplemented
----quick sort----
Array SIZE      : 131072 
random_elem:0, /home/fdemirel/HPC_Lab_Proj/benchmarks/quick/quick-m5.x
Execution time: 9.042974 (ms) 
Global frequency set at 1000000000000 ticks per second
src/mem/dram_interface.cc:690: warn: DRAM device capacity (16384 Mbytes) does not match the address range assigned (512 Mbytes)
src/mem/dram_interface.cc:690: warn: DRAM device capacity (16384 Mbytes) does not match the address range assigned (512 Mbytes)
src/base/statistics.hh:279: warn: One of the stats is a legacy stat. Legacy stat is a stat that does not belong to any statistics::Group. Legacy stat is deprecated.
board.remote_gdb: Listening for connections on port 7000
gem5 Simulator System.  https://www.gem5.org
gem5 is copyrighted software; use the --copyright option for details.

gem5 version 25.0.0.1
gem5 compiled May  5 2026 12:55:05
gem5 started Jun 18 2026 04:02:09
gem5 executing on cn27.guoehi.cluster, pid 189849
command line: /home/fdemirel/HPC_Lab_Proj/imp/../../gem5/build/ALL/gem5.opt -s --outdir=results_imp_multisim --stdout-file=spmv_imp_ipd8_l2_ddr4_2x_simout.txt --stderr-file=spmv_imp_ipd8_l2_ddr4_2x_simerr.txt --stats-file=stats.txt -c 'from multiprocessing.spawn import spawn_main; spawn_main(tracker_fd=7, pipe_handle=13)' --multiprocessing-fork

src/sim/mem_state.cc:443: info: Increasing stack size by one page.
src/sim/syscall_emul.hh:1121: warn: readlink() called on '/proc/self/exe' may yield unexpected results in various settings.
      Returning '/home/fdemirel/HPC_Lab_Proj/benchmarks/spmv/spmv-m5.x'
src/arch/arm/insts/pseudo.cc:174: warn: 	instruction 'bti' unimplemented
src/sim/mem_state.cc:443: info: Increasing stack size by one page.
src/sim/mem_state.cc:443: info: Increasing stack size by one page.
src/sim/mem_state.cc:443: info: Increasing stack size by one page.
src/sim/mem_state.cc:443: info: Increasing stack size by one page.
src/sim/mem_state.cc:443: info: Increasing stack size by one page.
src/sim/mem_state.cc:443: info: Increasing stack size by one page.
src/sim/mem_state.cc:443: info: Increasing stack size by one page.
----spmv----
N_ROWS          : 8192 
N_COLS          : 65536 
NNZ             : 524155 
Execution time: 6.423470 (ms) 
Finished BFS.
Global frequency set at 1000000000000 ticks per second
src/mem/dram_interface.cc:690: warn: DRAM device capacity (16384 Mbytes) does not match the address range assigned (512 Mbytes)
src/mem/dram_interface.cc:690: warn: DRAM device capacity (16384 Mbytes) does not match the address range assigned (512 Mbytes)
src/base/statistics.hh:279: warn: One of the stats is a legacy stat. Legacy stat is a stat that does not belong to any statistics::Group. Legacy stat is deprecated.
board.remote_gdb: Listening for connections on port 7000
gem5 Simulator System.  https://www.gem5.org
gem5 is copyrighted software; use the --copyright option for details.

gem5 version 25.0.0.1
gem5 compiled May  5 2026 12:55:05
gem5 started Jun 18 2026 04:04:08
gem5 executing on cn27.guoehi.cluster, pid 189857
command line: /home/fdemirel/HPC_Lab_Proj/imp/../../gem5/build/ALL/gem5.opt -s --outdir=results_imp_multisim --stdout-file=matmult_imp_addrlen8_l2_ddr4_2x_simout.txt --stderr-file=matmult_imp_addrlen8_l2_ddr4_2x_simerr.txt --stats-file=stats.txt -c 'from multiprocessing.spawn import spawn_main; spawn_main(tracker_fd=7, pipe_handle=13)' --multiprocessing-fork

src/sim/mem_state.cc:443: info: Increasing stack size by one page.
src/sim/syscall_emul.hh:1121: warn: readlink() called on '/proc/self/exe' may yield unexpected results in various settings.
      Returning '/home/fdemirel/HPC_Lab_Proj/benchmarks/matmult/matmult-m5.x'
src/arch/arm/insts/pseudo.cc:174: warn: 	instruction 'bti' unimplemented
Global frequency set at 1000000000000 ticks per second
src/mem/dram_interface.cc:690: warn: DRAM device capacity (16384 Mbytes) does not match the address range assigned (1024 Mbytes)
src/base/statistics.hh:279: warn: One of the stats is a legacy stat. Legacy stat is a stat that does not belong to any statistics::Group. Legacy stat is deprecated.
board.remote_gdb: Listening for connections on port 7002
gem5 Simulator System.  https://www.gem5.org
gem5 is copyrighted software; use the --copyright option for details.

gem5 version 25.0.0.1
gem5 compiled May  5 2026 12:55:05
gem5 started Jun 18 2026 04:04:17
gem5 executing on cn27.guoehi.cluster, pid 189858
command line: /home/fdemirel/HPC_Lab_Proj/imp/../../gem5/build/ALL/gem5.opt -s --outdir=results_imp_multisim --stdout-file=merge_imp_addrlen2_l2_ddr4_1x_simout.txt --stderr-file=merge_imp_addrlen2_l2_ddr4_1x_simerr.txt --stats-file=stats.txt -c 'from multiprocessing.spawn import spawn_main; spawn_main(tracker_fd=7, pipe_handle=13)' --multiprocessing-fork

src/sim/mem_state.cc:443: info: Increasing stack size by one page.
src/sim/syscall_emul.hh:1121: warn: readlink() called on '/proc/self/exe' may yield unexpected results in various settings.
      Returning '/home/fdemirel/HPC_Lab_Proj/benchmarks/merge/merge-m5.x'
src/arch/arm/insts/pseudo.cc:174: warn: 	instruction 'bti' unimplemented

----MATRIX MULTIPLICATION----

----Computation starts----
Loop 0 ... 
argc = 2, A[argc][argc] = 0.500000, B[argc][argc] = 0.500000, C[argc][argc] = 0.500000 
Execution time: 1.222351 (ms) 
Global frequency set at 1000000000000 ticks per second
src/mem/dram_interface.cc:690: warn: DRAM device capacity (16384 Mbytes) does not match the address range assigned (1024 Mbytes)
src/base/statistics.hh:279: warn: One of the stats is a legacy stat. Legacy stat is a stat that does not belong to any statistics::Group. Legacy stat is deprecated.
board.remote_gdb: Listening for connections on port 7000
gem5 Simulator System.  https://www.gem5.org
gem5 is copyrighted software; use the --copyright option for details.

gem5 version 25.0.0.1
gem5 compiled May  5 2026 12:55:05
gem5 started Jun 18 2026 04:05:18
gem5 executing on cn27.guoehi.cluster, pid 189865
command line: /home/fdemirel/HPC_Lab_Proj/imp/../../gem5/build/ALL/gem5.opt -s --outdir=results_imp_multisim --stdout-file=simple_triad_imp_sdist8_l1d_ddr4_1x_simout.txt --stderr-file=simple_triad_imp_sdist8_l1d_ddr4_1x_simerr.txt --stats-file=stats.txt -c 'from multiprocessing.spawn import spawn_main; spawn_main(tracker_fd=7, pipe_handle=13)' --multiprocessing-fork

src/sim/mem_state.cc:443: info: Increasing stack size by one page.
src/sim/syscall_emul.hh:1121: warn: readlink() called on '/proc/self/exe' may yield unexpected results in various settings.
      Returning '/home/fdemirel/HPC_Lab_Proj/benchmarks/simple_triad/simple_triad-m5.x'

----merge----
Execution time: 10.326216 (ms) 
random_elem:0, /home/fdemirel/HPC_Lab_Proj/benchmarks/merge/merge-m5.x
Global frequency set at 1000000000000 ticks per second
src/mem/dram_interface.cc:690: warn: DRAM device capacity (16384 Mbytes) does not match the address range assigned (1024 Mbytes)
src/base/statistics.hh:279: warn: One of the stats is a legacy stat. Legacy stat is a stat that does not belong to any statistics::Group. Legacy stat is deprecated.
board.remote_gdb: Listening for connections on port 7003
gem5 Simulator System.  https://www.gem5.org
gem5 is copyrighted software; use the --copyright option for details.

gem5 version 25.0.0.1
gem5 compiled May  5 2026 12:55:05
gem5 started Jun 18 2026 04:05:44
gem5 executing on cn27.guoehi.cluster, pid 189869
command line: /home/fdemirel/HPC_Lab_Proj/imp/../../gem5/build/ALL/gem5.opt -s --outdir=results_imp_multisim --stdout-file=quick_imp_default_l2_ddr4_1x_simout.txt --stderr-file=quick_imp_default_l2_ddr4_1x_simerr.txt --stats-file=stats.txt -c 'from multiprocessing.spawn import spawn_main; spawn_main(tracker_fd=7, pipe_handle=13)' --multiprocessing-fork

src/sim/mem_state.cc:443: info: Increasing stack size by one page.
src/sim/syscall_emul.hh:1121: warn: readlink() called on '/proc/self/exe' may yield unexpected results in various settings.
      Returning '/home/fdemirel/HPC_Lab_Proj/benchmarks/quick/quick-m5.x'
src/arch/arm/insts/pseudo.cc:174: warn: 	instruction 'bti' unimplemented

----merge----
Execution time: 10.335941 (ms) 
random_elem:0, /home/fdemirel/HPC_Lab_Proj/benchmarks/merge/merge-m5.x
Global frequency set at 1000000000000 ticks per second
src/mem/dram_interface.cc:690: warn: DRAM device capacity (16384 Mbytes) does not match the address range assigned (512 Mbytes)
src/mem/dram_interface.cc:690: warn: DRAM device capacity (16384 Mbytes) does not match the address range assigned (512 Mbytes)
src/base/statistics.hh:279: warn: One of the stats is a legacy stat. Legacy stat is a stat that does not belong to any statistics::Group. Legacy stat is deprecated.
board.remote_gdb: Listening for connections on port 7001
gem5 Simulator System.  https://www.gem5.org
gem5 is copyrighted software; use the --copyright option for details.

gem5 version 25.0.0.1
gem5 compiled May  5 2026 12:55:05
gem5 started Jun 18 2026 04:06:49
gem5 executing on cn27.guoehi.cluster, pid 189874
command line: /home/fdemirel/HPC_Lab_Proj/imp/../../gem5/build/ALL/gem5.opt -s --outdir=results_imp_multisim --stdout-file=merge_imp_addrlen8_l2_ddr4_2x_simout.txt --stderr-file=merge_imp_addrlen8_l2_ddr4_2x_simerr.txt --stats-file=stats.txt -c 'from multiprocessing.spawn import spawn_main; spawn_main(tracker_fd=7, pipe_handle=13)' --multiprocessing-fork

src/sim/mem_state.cc:443: info: Increasing stack size by one page.
src/sim/syscall_emul.hh:1121: warn: readlink() called on '/proc/self/exe' may yield unexpected results in various settings.
      Returning '/home/fdemirel/HPC_Lab_Proj/benchmarks/merge/merge-m5.x'
src/arch/arm/insts/pseudo.cc:174: warn: 	instruction 'bti' unimplemented
Array SIZE      : 1000000 
Array LOOP      : 1 

----triad----
a[0]=7.00e+00. b[0]=2.00e+00. c[0]=1.00e+00.
Execution time: 2.792389 (ms) 
   Rate [MB/s]: 8594.8 
Global frequency set at 1000000000000 ticks per second
src/mem/dram_interface.cc:690: warn: DRAM device capacity (16384 Mbytes) does not match the address range assigned (512 Mbytes)
src/mem/dram_interface.cc:690: warn: DRAM device capacity (16384 Mbytes) does not match the address range assigned (512 Mbytes)
src/base/statistics.hh:279: warn: One of the stats is a legacy stat. Legacy stat is a stat that does not belong to any statistics::Group. Legacy stat is deprecated.
board.remote_gdb: Listening for connections on port 7000
gem5 Simulator System.  https://www.gem5.org
gem5 is copyrighted software; use the --copyright option for details.

gem5 version 25.0.0.1
gem5 compiled May  5 2026 12:55:05
gem5 started Jun 18 2026 04:07:14
gem5 executing on cn27.guoehi.cluster, pid 189877
command line: /home/fdemirel/HPC_Lab_Proj/imp/../../gem5/build/ALL/gem5.opt -s --outdir=results_imp_multisim --stdout-file=spmv_imp_addrlen8_l1d_ddr4_2x_simout.txt --stderr-file=spmv_imp_addrlen8_l1d_ddr4_2x_simerr.txt --stats-file=stats.txt -c 'from multiprocessing.spawn import spawn_main; spawn_main(tracker_fd=7, pipe_handle=13)' --multiprocessing-fork

src/sim/mem_state.cc:443: info: Increasing stack size by one page.
src/sim/syscall_emul.hh:1121: warn: readlink() called on '/proc/self/exe' may yield unexpected results in various settings.
      Returning '/home/fdemirel/HPC_Lab_Proj/benchmarks/spmv/spmv-m5.x'
src/arch/arm/insts/pseudo.cc:174: warn: 	instruction 'bti' unimplemented
src/sim/mem_state.cc:443: info: Increasing stack size by one page.
src/sim/mem_state.cc:443: info: Increasing stack size by one page.
src/sim/mem_state.cc:443: info: Increasing stack size by one page.
src/sim/mem_state.cc:443: info: Increasing stack size by one page.
src/sim/mem_state.cc:443: info: Increasing stack size by one page.
src/sim/mem_state.cc:443: info: Increasing stack size by one page.
src/sim/mem_state.cc:443: info: Increasing stack size by one page.

----merge----
Execution time: 10.644514 (ms) 
random_elem:0, /home/fdemirel/HPC_Lab_Proj/benchmarks/merge/merge-m5.x
Global frequency set at 1000000000000 ticks per second
src/mem/dram_interface.cc:690: warn: DRAM device capacity (16384 Mbytes) does not match the address range assigned (1024 Mbytes)
src/base/statistics.hh:279: warn: One of the stats is a legacy stat. Legacy stat is a stat that does not belong to any statistics::Group. Legacy stat is deprecated.
board.remote_gdb: Listening for connections on port 7002
gem5 Simulator System.  https://www.gem5.org
gem5 is copyrighted software; use the --copyright option for details.

gem5 version 25.0.0.1
gem5 compiled May  5 2026 12:55:05
gem5 started Jun 18 2026 04:09:16
gem5 executing on cn27.guoehi.cluster, pid 189882
command line: /home/fdemirel/HPC_Lab_Proj/imp/../../gem5/build/ALL/gem5.opt -s --outdir=results_imp_multisim --stdout-file=bfs_imp_ipd2_l1d_ddr4_1x_simout.txt --stderr-file=bfs_imp_ipd2_l1d_ddr4_1x_simerr.txt --stats-file=stats.txt -c 'from multiprocessing.spawn import spawn_main; spawn_main(tracker_fd=7, pipe_handle=13)' --multiprocessing-fork

src/sim/mem_state.cc:443: info: Increasing stack size by one page.
src/sim/syscall_emul.hh:1121: warn: readlink() called on '/proc/self/exe' may yield unexpected results in various settings.
      Returning '/home/fdemirel/HPC_Lab_Proj/benchmarks/bfs/bfs-m5.x'
src/arch/arm/insts/pseudo.cc:174: warn: 	instruction 'bti' unimplemented
Beginning BFS ...
----spmv----
N_ROWS          : 8192 
N_COLS          : 65536 
NNZ             : 524155 
Execution time: 6.310355 (ms) 
----quick sort----
Array SIZE      : 131072 
random_elem:0, /home/fdemirel/HPC_Lab_Proj/benchmarks/quick/quick-m5.x
Execution time: 9.039168 (ms) 
Global frequency set at 1000000000000 ticks per second
src/mem/dram_interface.cc:690: warn: DRAM device capacity (16384 Mbytes) does not match the address range assigned (512 Mbytes)
src/mem/dram_interface.cc:690: warn: DRAM device capacity (16384 Mbytes) does not match the address range assigned (512 Mbytes)
src/base/statistics.hh:279: warn: One of the stats is a legacy stat. Legacy stat is a stat that does not belong to any statistics::Group. Legacy stat is deprecated.
board.remote_gdb: Listening for connections on port 7000
gem5 Simulator System.  https://www.gem5.org
gem5 is copyrighted software; use the --copyright option for details.

gem5 version 25.0.0.1
gem5 compiled May  5 2026 12:55:05
gem5 started Jun 18 2026 04:09:40
gem5 executing on cn27.guoehi.cluster, pid 189887
command line: /home/fdemirel/HPC_Lab_Proj/imp/../../gem5/build/ALL/gem5.opt -s --outdir=results_imp_multisim --stdout-file=quick_imp_ipd8_l2_ddr4_2x_simout.txt --stderr-file=quick_imp_ipd8_l2_ddr4_2x_simerr.txt --stats-file=stats.txt -c 'from multiprocessing.spawn import spawn_main; spawn_main(tracker_fd=7, pipe_handle=13)' --multiprocessing-fork

src/sim/mem_state.cc:443: info: Increasing stack size by one page.
src/sim/syscall_emul.hh:1121: warn: readlink() called on '/proc/self/exe' may yield unexpected results in various settings.
      Returning '/home/fdemirel/HPC_Lab_Proj/benchmarks/quick/quick-m5.x'
src/arch/arm/insts/pseudo.cc:174: warn: 	instruction 'bti' unimplemented
Global frequency set at 1000000000000 ticks per second
src/mem/dram_interface.cc:690: warn: DRAM device capacity (16384 Mbytes) does not match the address range assigned (512 Mbytes)
src/mem/dram_interface.cc:690: warn: DRAM device capacity (16384 Mbytes) does not match the address range assigned (512 Mbytes)
src/base/statistics.hh:279: warn: One of the stats is a legacy stat. Legacy stat is a stat that does not belong to any statistics::Group. Legacy stat is deprecated.
board.remote_gdb: Listening for connections on port 7003
gem5 Simulator System.  https://www.gem5.org
gem5 is copyrighted software; use the --copyright option for details.

gem5 version 25.0.0.1
gem5 compiled May  5 2026 12:55:05
gem5 started Jun 18 2026 04:09:53
gem5 executing on cn27.guoehi.cluster, pid 189889
command line: /home/fdemirel/HPC_Lab_Proj/imp/../../gem5/build/ALL/gem5.opt -s --outdir=results_imp_multisim --stdout-file=matmult_imp_dist4_l2_ddr4_2x_simout.txt --stderr-file=matmult_imp_dist4_l2_ddr4_2x_simerr.txt --stats-file=stats.txt -c 'from multiprocessing.spawn import spawn_main; spawn_main(tracker_fd=7, pipe_handle=13)' --multiprocessing-fork

src/sim/mem_state.cc:443: info: Increasing stack size by one page.
src/sim/syscall_emul.hh:1121: warn: readlink() called on '/proc/self/exe' may yield unexpected results in various settings.
      Returning '/home/fdemirel/HPC_Lab_Proj/benchmarks/matmult/matmult-m5.x'
src/arch/arm/insts/pseudo.cc:174: warn: 	instruction 'bti' unimplemented

----MATRIX MULTIPLICATION----

----Computation starts----
Loop 0 ... 
argc = 2, A[argc][argc] = 0.500000, B[argc][argc] = 0.500000, C[argc][argc] = 0.500000 
Execution time: 1.222351 (ms) 
Global frequency set at 1000000000000 ticks per second
src/mem/dram_interface.cc:690: warn: DRAM device capacity (16384 Mbytes) does not match the address range assigned (1024 Mbytes)
src/base/statistics.hh:279: warn: One of the stats is a legacy stat. Legacy stat is a stat that does not belong to any statistics::Group. Legacy stat is deprecated.
board.remote_gdb: Listening for connections on port 7003
gem5 Simulator System.  https://www.gem5.org
gem5 is copyrighted software; use the --copyright option for details.

gem5 version 25.0.0.1
gem5 compiled May  5 2026 12:55:05
gem5 started Jun 18 2026 04:11:03
gem5 executing on cn27.guoehi.cluster, pid 189900
command line: /home/fdemirel/HPC_Lab_Proj/imp/../../gem5/build/ALL/gem5.opt -s --outdir=results_imp_multisim --stdout-file=merge_imp_dist32_l1d_ddr4_1x_simout.txt --stderr-file=merge_imp_dist32_l1d_ddr4_1x_simerr.txt --stats-file=stats.txt -c 'from multiprocessing.spawn import spawn_main; spawn_main(tracker_fd=7, pipe_handle=13)' --multiprocessing-fork

src/sim/mem_state.cc:443: info: Increasing stack size by one page.
src/sim/syscall_emul.hh:1121: warn: readlink() called on '/proc/self/exe' may yield unexpected results in various settings.
      Returning '/home/fdemirel/HPC_Lab_Proj/benchmarks/merge/merge-m5.x'
src/arch/arm/insts/pseudo.cc:174: warn: 	instruction 'bti' unimplemented

----merge----
Execution time: 10.543216 (ms) 
random_elem:0, /home/fdemirel/HPC_Lab_Proj/benchmarks/merge/merge-m5.x
Global frequency set at 1000000000000 ticks per second
src/mem/dram_interface.cc:690: warn: DRAM device capacity (16384 Mbytes) does not match the address range assigned (512 Mbytes)
src/mem/dram_interface.cc:690: warn: DRAM device capacity (16384 Mbytes) does not match the address range assigned (512 Mbytes)
src/base/statistics.hh:279: warn: One of the stats is a legacy stat. Legacy stat is a stat that does not belong to any statistics::Group. Legacy stat is deprecated.
board.remote_gdb: Listening for connections on port 7001
gem5 Simulator System.  https://www.gem5.org
gem5 is copyrighted software; use the --copyright option for details.

gem5 version 25.0.0.1
gem5 compiled May  5 2026 12:55:05
gem5 started Jun 18 2026 04:11:55
gem5 executing on cn27.guoehi.cluster, pid 189904
command line: /home/fdemirel/HPC_Lab_Proj/imp/../../gem5/build/ALL/gem5.opt -s --outdir=results_imp_multisim --stdout-file=spmv_imp_dist4_l1d_ddr4_2x_simout.txt --stderr-file=spmv_imp_dist4_l1d_ddr4_2x_simerr.txt --stats-file=stats.txt -c 'from multiprocessing.spawn import spawn_main; spawn_main(tracker_fd=7, pipe_handle=13)' --multiprocessing-fork

src/sim/mem_state.cc:443: info: Increasing stack size by one page.
src/sim/syscall_emul.hh:1121: warn: readlink() called on '/proc/self/exe' may yield unexpected results in various settings.
      Returning '/home/fdemirel/HPC_Lab_Proj/benchmarks/spmv/spmv-m5.x'
src/arch/arm/insts/pseudo.cc:174: warn: 	instruction 'bti' unimplemented
src/sim/mem_state.cc:443: info: Increasing stack size by one page.
src/sim/mem_state.cc:443: info: Increasing stack size by one page.
src/sim/mem_state.cc:443: info: Increasing stack size by one page.
src/sim/mem_state.cc:443: info: Increasing stack size by one page.
src/sim/mem_state.cc:443: info: Increasing stack size by one page.
src/sim/mem_state.cc:443: info: Increasing stack size by one page.
src/sim/mem_state.cc:443: info: Increasing stack size by one page.
----quick sort----
Array SIZE      : 131072 
random_elem:0, /home/fdemirel/HPC_Lab_Proj/benchmarks/quick/quick-m5.x
Execution time: 8.952131 (ms) 
Global frequency set at 1000000000000 ticks per second
src/mem/dram_interface.cc:690: warn: DRAM device capacity (16384 Mbytes) does not match the address range assigned (1024 Mbytes)
src/base/statistics.hh:279: warn: One of the stats is a legacy stat. Legacy stat is a stat that does not belong to any statistics::Group. Legacy stat is deprecated.
board.remote_gdb: Listening for connections on port 7000
gem5 Simulator System.  https://www.gem5.org
gem5 is copyrighted software; use the --copyright option for details.

gem5 version 25.0.0.1
gem5 compiled May  5 2026 12:55:05
gem5 started Jun 18 2026 04:13:54
gem5 executing on cn27.guoehi.cluster, pid 189911
command line: /home/fdemirel/HPC_Lab_Proj/imp/../../gem5/build/ALL/gem5.opt -s --outdir=results_imp_multisim --stdout-file=spmv_imp_sdist8_l1d_ddr4_1x_simout.txt --stderr-file=spmv_imp_sdist8_l1d_ddr4_1x_simerr.txt --stats-file=stats.txt -c 'from multiprocessing.spawn import spawn_main; spawn_main(tracker_fd=7, pipe_handle=13)' --multiprocessing-fork

src/sim/mem_state.cc:443: info: Increasing stack size by one page.
src/sim/syscall_emul.hh:1121: warn: readlink() called on '/proc/self/exe' may yield unexpected results in various settings.
      Returning '/home/fdemirel/HPC_Lab_Proj/benchmarks/spmv/spmv-m5.x'
src/arch/arm/insts/pseudo.cc:174: warn: 	instruction 'bti' unimplemented
src/sim/mem_state.cc:443: info: Increasing stack size by one page.
src/sim/mem_state.cc:443: info: Increasing stack size by one page.
src/sim/mem_state.cc:443: info: Increasing stack size by one page.
src/sim/mem_state.cc:443: info: Increasing stack size by one page.
src/sim/mem_state.cc:443: info: Increasing stack size by one page.
src/sim/mem_state.cc:443: info: Increasing stack size by one page.
src/sim/mem_state.cc:443: info: Increasing stack size by one page.
----spmv----
N_ROWS          : 8192 
N_COLS          : 65536 
NNZ             : 524155 
Execution time: 6.310355 (ms) 
Global frequency set at 1000000000000 ticks per second
src/mem/dram_interface.cc:690: warn: DRAM device capacity (16384 Mbytes) does not match the address range assigned (512 Mbytes)
src/mem/dram_interface.cc:690: warn: DRAM device capacity (16384 Mbytes) does not match the address range assigned (512 Mbytes)
src/base/statistics.hh:279: warn: One of the stats is a legacy stat. Legacy stat is a stat that does not belong to any statistics::Group. Legacy stat is deprecated.
board.remote_gdb: Listening for connections on port 7001
gem5 Simulator System.  https://www.gem5.org
gem5 is copyrighted software; use the --copyright option for details.

gem5 version 25.0.0.1
gem5 compiled May  5 2026 12:55:05
gem5 started Jun 18 2026 04:14:14
gem5 executing on cn27.guoehi.cluster, pid 189914
command line: /home/fdemirel/HPC_Lab_Proj/imp/../../gem5/build/ALL/gem5.opt -s --outdir=results_imp_multisim --stdout-file=simple_triad_imp_dist64_l2_ddr4_2x_simout.txt --stderr-file=simple_triad_imp_dist64_l2_ddr4_2x_simerr.txt --stats-file=stats.txt -c 'from multiprocessing.spawn import spawn_main; spawn_main(tracker_fd=7, pipe_handle=13)' --multiprocessing-fork

src/sim/mem_state.cc:443: info: Increasing stack size by one page.
src/sim/syscall_emul.hh:1121: warn: readlink() called on '/proc/self/exe' may yield unexpected results in various settings.
      Returning '/home/fdemirel/HPC_Lab_Proj/benchmarks/simple_triad/simple_triad-m5.x'
Array SIZE      : 1000000 
Array LOOP      : 1 

----triad----
a[0]=7.00e+00. b[0]=2.00e+00. c[0]=1.00e+00.
Execution time: 2.250846 (ms) 
   Rate [MB/s]: 10662.7 

----merge----
Execution time: 10.335941 (ms) 
random_elem:0, /home/fdemirel/HPC_Lab_Proj/benchmarks/merge/merge-m5.x
Finished BFS.
Global frequency set at 1000000000000 ticks per second
src/mem/dram_interface.cc:690: warn: DRAM device capacity (16384 Mbytes) does not match the address range assigned (512 Mbytes)
src/mem/dram_interface.cc:690: warn: DRAM device capacity (16384 Mbytes) does not match the address range assigned (512 Mbytes)
src/base/statistics.hh:279: warn: One of the stats is a legacy stat. Legacy stat is a stat that does not belong to any statistics::Group. Legacy stat is deprecated.
board.remote_gdb: Listening for connections on port 7001
gem5 Simulator System.  https://www.gem5.org
gem5 is copyrighted software; use the --copyright option for details.

gem5 version 25.0.0.1
gem5 compiled May  5 2026 12:55:05
gem5 started Jun 18 2026 04:16:01
gem5 executing on cn27.guoehi.cluster, pid 189920
command line: /home/fdemirel/HPC_Lab_Proj/imp/../../gem5/build/ALL/gem5.opt -s --outdir=results_imp_multisim --stdout-file=merge_imp_dist4_l2_ddr4_2x_simout.txt --stderr-file=merge_imp_dist4_l2_ddr4_2x_simerr.txt --stats-file=stats.txt -c 'from multiprocessing.spawn import spawn_main; spawn_main(tracker_fd=7, pipe_handle=13)' --multiprocessing-fork

src/sim/mem_state.cc:443: info: Increasing stack size by one page.
src/sim/syscall_emul.hh:1121: warn: readlink() called on '/proc/self/exe' may yield unexpected results in various settings.
      Returning '/home/fdemirel/HPC_Lab_Proj/benchmarks/merge/merge-m5.x'
src/arch/arm/insts/pseudo.cc:174: warn: 	instruction 'bti' unimplemented
----spmv----
N_ROWS          : 8192 
N_COLS          : 65536 
NNZ             : 524155 
Execution time: 6.180406 (ms) 
Global frequency set at 1000000000000 ticks per second
Global frequency set at 1000000000000 ticks per second
src/mem/dram_interface.cc:690: warn: DRAM device capacity (16384 Mbytes) does not match the address range assigned (512 Mbytes)
src/mem/dram_interface.cc:690: warn: DRAM device capacity (16384 Mbytes) does not match the address range assigned (512 Mbytes)
src/base/statistics.hh:279: warn: One of the stats is a legacy stat. Legacy stat is a stat that does not belong to any statistics::Group. Legacy stat is deprecated.
board.remote_gdb: Listening for connections on port 7000
gem5 Simulator System.  https://www.gem5.org
gem5 is copyrighted software; use the --copyright option for details.

gem5 version 25.0.0.1
gem5 compiled May  5 2026 12:55:05
gem5 started Jun 18 2026 04:16:12
gem5 executing on cn27.guoehi.cluster, pid 189922
command line: /home/fdemirel/HPC_Lab_Proj/imp/../../gem5/build/ALL/gem5.opt -s --outdir=results_imp_multisim --stdout-file=quick_imp_dist4_l1d_ddr4_2x_simout.txt --stderr-file=quick_imp_dist4_l1d_ddr4_2x_simerr.txt --stats-file=stats.txt -c 'from multiprocessing.spawn import spawn_main; spawn_main(tracker_fd=7, pipe_handle=12)' --multiprocessing-fork

src/sim/mem_state.cc:443: info: Increasing stack size by one page.
src/sim/syscall_emul.hh:1121: warn: readlink() called on '/proc/self/exe' may yield unexpected results in various settings.
      Returning '/home/fdemirel/HPC_Lab_Proj/benchmarks/quick/quick-m5.x'
src/arch/arm/insts/pseudo.cc:174: warn: 	instruction 'bti' unimplemented
src/mem/dram_interface.cc:690: warn: DRAM device capacity (16384 Mbytes) does not match the address range assigned (1024 Mbytes)
src/base/statistics.hh:279: warn: One of the stats is a legacy stat. Legacy stat is a stat that does not belong to any statistics::Group. Legacy stat is deprecated.
board.remote_gdb: Listening for connections on port 7002
gem5 Simulator System.  https://www.gem5.org
gem5 is copyrighted software; use the --copyright option for details.

gem5 version 25.0.0.1
gem5 compiled May  5 2026 12:55:05
gem5 started Jun 18 2026 04:16:12
gem5 executing on cn27.guoehi.cluster, pid 189923
command line: /home/fdemirel/HPC_Lab_Proj/imp/../../gem5/build/ALL/gem5.opt -s --outdir=results_imp_multisim --stdout-file=bfs_imp_dist32_l1d_ddr4_1x_simout.txt --stderr-file=bfs_imp_dist32_l1d_ddr4_1x_simerr.txt --stats-file=stats.txt -c 'from multiprocessing.spawn import spawn_main; spawn_main(tracker_fd=7, pipe_handle=15)' --multiprocessing-fork

src/sim/mem_state.cc:443: info: Increasing stack size by one page.
src/sim/syscall_emul.hh:1121: warn: readlink() called on '/proc/self/exe' may yield unexpected results in various settings.
      Returning '/home/fdemirel/HPC_Lab_Proj/benchmarks/bfs/bfs-m5.x'
src/arch/arm/insts/pseudo.cc:174: warn: 	instruction 'bti' unimplemented
Beginning BFS ...
Global frequency set at 1000000000000 ticks per second
src/mem/dram_interface.cc:690: warn: DRAM device capacity (16384 Mbytes) does not match the address range assigned (512 Mbytes)
src/mem/dram_interface.cc:690: warn: DRAM device capacity (16384 Mbytes) does not match the address range assigned (512 Mbytes)
src/base/statistics.hh:279: warn: One of the stats is a legacy stat. Legacy stat is a stat that does not belong to any statistics::Group. Legacy stat is deprecated.
board.remote_gdb: Listening for connections on port 7003
gem5 Simulator System.  https://www.gem5.org
gem5 is copyrighted software; use the --copyright option for details.

gem5 version 25.0.0.1
gem5 compiled May  5 2026 12:55:05
gem5 started Jun 18 2026 04:16:22
gem5 executing on cn27.guoehi.cluster, pid 189927
command line: /home/fdemirel/HPC_Lab_Proj/imp/../../gem5/build/ALL/gem5.opt -s --outdir=results_imp_multisim --stdout-file=simple_triad_imp_thr4_l1d_ddr4_2x_simout.txt --stderr-file=simple_triad_imp_thr4_l1d_ddr4_2x_simerr.txt --stats-file=stats.txt -c 'from multiprocessing.spawn import spawn_main; spawn_main(tracker_fd=7, pipe_handle=15)' --multiprocessing-fork

src/sim/mem_state.cc:443: info: Increasing stack size by one page.
src/sim/syscall_emul.hh:1121: warn: readlink() called on '/proc/self/exe' may yield unexpected results in various settings.
      Returning '/home/fdemirel/HPC_Lab_Proj/benchmarks/simple_triad/simple_triad-m5.x'
Array SIZE      : 1000000 
Array LOOP      : 1 

----triad----
a[0]=7.00e+00. b[0]=2.00e+00. c[0]=1.00e+00.
Execution time: 2.245558 (ms) 
   Rate [MB/s]: 10687.8 
Global frequency set at 1000000000000 ticks per second
src/mem/dram_interface.cc:690: warn: DRAM device capacity (16384 Mbytes) does not match the address range assigned (512 Mbytes)
src/mem/dram_interface.cc:690: warn: DRAM device capacity (16384 Mbytes) does not match the address range assigned (512 Mbytes)
src/base/statistics.hh:279: warn: One of the stats is a legacy stat. Legacy stat is a stat that does not belong to any statistics::Group. Legacy stat is deprecated.
board.remote_gdb: Listening for connections on port 7003
gem5 Simulator System.  https://www.gem5.org
gem5 is copyrighted software; use the --copyright option for details.

gem5 version 25.0.0.1
gem5 compiled May  5 2026 12:55:05
gem5 started Jun 18 2026 04:18:13
gem5 executing on cn27.guoehi.cluster, pid 189938
command line: /home/fdemirel/HPC_Lab_Proj/imp/../../gem5/build/ALL/gem5.opt -s --outdir=results_imp_multisim --stdout-file=bfs_imp_addrlen8_l2_ddr4_2x_simout.txt --stderr-file=bfs_imp_addrlen8_l2_ddr4_2x_simerr.txt --stats-file=stats.txt -c 'from multiprocessing.spawn import spawn_main; spawn_main(tracker_fd=7, pipe_handle=15)' --multiprocessing-fork

src/sim/mem_state.cc:443: info: Increasing stack size by one page.
src/sim/syscall_emul.hh:1121: warn: readlink() called on '/proc/self/exe' may yield unexpected results in various settings.
      Returning '/home/fdemirel/HPC_Lab_Proj/benchmarks/bfs/bfs-m5.x'
src/arch/arm/insts/pseudo.cc:174: warn: 	instruction 'bti' unimplemented
Beginning BFS ...
----quick sort----
Array SIZE      : 131072 
random_elem:0, /home/fdemirel/HPC_Lab_Proj/benchmarks/quick/quick-m5.x
Execution time: 8.734951 (ms) 
Global frequency set at 1000000000000 ticks per second
src/mem/dram_interface.cc:690: warn: DRAM device capacity (16384 Mbytes) does not match the address range assigned (1024 Mbytes)
src/base/statistics.hh:279: warn: One of the stats is a legacy stat. Legacy stat is a stat that does not belong to any statistics::Group. Legacy stat is deprecated.
board.remote_gdb: Listening for connections on port 7000
gem5 Simulator System.  https://www.gem5.org
gem5 is copyrighted software; use the --copyright option for details.

gem5 version 25.0.0.1
gem5 compiled May  5 2026 12:55:05
gem5 started Jun 18 2026 04:20:24
gem5 executing on cn27.guoehi.cluster, pid 189955
command line: /home/fdemirel/HPC_Lab_Proj/imp/../../gem5/build/ALL/gem5.opt -s --outdir=results_imp_multisim --stdout-file=simple_triad_imp_addrlen16_l1d_ddr4_1x_simout.txt --stderr-file=simple_triad_imp_addrlen16_l1d_ddr4_1x_simerr.txt --stats-file=stats.txt -c 'from multiprocessing.spawn import spawn_main; spawn_main(tracker_fd=7, pipe_handle=13)' --multiprocessing-fork

src/sim/mem_state.cc:443: info: Increasing stack size by one page.
src/sim/syscall_emul.hh:1121: warn: readlink() called on '/proc/self/exe' may yield unexpected results in various settings.
      Returning '/home/fdemirel/HPC_Lab_Proj/benchmarks/simple_triad/simple_triad-m5.x'

----merge----
Execution time: 10.543216 (ms) 
random_elem:0, /home/fdemirel/HPC_Lab_Proj/benchmarks/merge/merge-m5.x
Global frequency set at 1000000000000 ticks per second
src/mem/dram_interface.cc:690: warn: DRAM device capacity (16384 Mbytes) does not match the address range assigned (512 Mbytes)
src/mem/dram_interface.cc:690: warn: DRAM device capacity (16384 Mbytes) does not match the address range assigned (512 Mbytes)
src/base/statistics.hh:279: warn: One of the stats is a legacy stat. Legacy stat is a stat that does not belong to any statistics::Group. Legacy stat is deprecated.
board.remote_gdb: Listening for connections on port 7001
gem5 Simulator System.  https://www.gem5.org
gem5 is copyrighted software; use the --copyright option for details.

gem5 version 25.0.0.1
gem5 compiled May  5 2026 12:55:05
gem5 started Jun 18 2026 04:21:11
gem5 executing on cn27.guoehi.cluster, pid 189958
command line: /home/fdemirel/HPC_Lab_Proj/imp/../../gem5/build/ALL/gem5.opt -s --outdir=results_imp_multisim --stdout-file=spmv_imp_dist64_l2_ddr4_2x_simout.txt --stderr-file=spmv_imp_dist64_l2_ddr4_2x_simerr.txt --stats-file=stats.txt -c 'from multiprocessing.spawn import spawn_main; spawn_main(tracker_fd=7, pipe_handle=13)' --multiprocessing-fork

src/sim/mem_state.cc:443: info: Increasing stack size by one page.
src/sim/syscall_emul.hh:1121: warn: readlink() called on '/proc/self/exe' may yield unexpected results in various settings.
      Returning '/home/fdemirel/HPC_Lab_Proj/benchmarks/spmv/spmv-m5.x'
src/arch/arm/insts/pseudo.cc:174: warn: 	instruction 'bti' unimplemented
src/sim/mem_state.cc:443: info: Increasing stack size by one page.
src/sim/mem_state.cc:443: info: Increasing stack size by one page.
src/sim/mem_state.cc:443: info: Increasing stack size by one page.
src/sim/mem_state.cc:443: info: Increasing stack size by one page.
src/sim/mem_state.cc:443: info: Increasing stack size by one page.
src/sim/mem_state.cc:443: info: Increasing stack size by one page.
src/sim/mem_state.cc:443: info: Increasing stack size by one page.
Array SIZE      : 1000000 
Array LOOP      : 1 

----triad----
a[0]=7.00e+00. b[0]=2.00e+00. c[0]=1.00e+00.
Execution time: 2.776922 (ms) 
   Rate [MB/s]: 8642.7 
Global frequency set at 1000000000000 ticks per second
src/mem/dram_interface.cc:690: warn: DRAM device capacity (16384 Mbytes) does not match the address range assigned (1024 Mbytes)
src/base/statistics.hh:279: warn: One of the stats is a legacy stat. Legacy stat is a stat that does not belong to any statistics::Group. Legacy stat is deprecated.
board.remote_gdb: Listening for connections on port 7000
gem5 Simulator System.  https://www.gem5.org
gem5 is copyrighted software; use the --copyright option for details.

gem5 version 25.0.0.1
gem5 compiled May  5 2026 12:55:05
gem5 started Jun 18 2026 04:22:20
gem5 executing on cn27.guoehi.cluster, pid 189962
command line: /home/fdemirel/HPC_Lab_Proj/imp/../../gem5/build/ALL/gem5.opt -s --outdir=results_imp_multisim --stdout-file=matmult_imp_ipd16_l2_ddr4_1x_simout.txt --stderr-file=matmult_imp_ipd16_l2_ddr4_1x_simerr.txt --stats-file=stats.txt -c 'from multiprocessing.spawn import spawn_main; spawn_main(tracker_fd=7, pipe_handle=13)' --multiprocessing-fork

src/sim/mem_state.cc:443: info: Increasing stack size by one page.
src/sim/syscall_emul.hh:1121: warn: readlink() called on '/proc/self/exe' may yield unexpected results in various settings.
      Returning '/home/fdemirel/HPC_Lab_Proj/benchmarks/matmult/matmult-m5.x'
src/arch/arm/insts/pseudo.cc:174: warn: 	instruction 'bti' unimplemented
Finished BFS.
Global frequency set at 1000000000000 ticks per second
src/mem/dram_interface.cc:690: warn: DRAM device capacity (16384 Mbytes) does not match the address range assigned (512 Mbytes)
src/mem/dram_interface.cc:690: warn: DRAM device capacity (16384 Mbytes) does not match the address range assigned (512 Mbytes)
src/base/statistics.hh:279: warn: One of the stats is a legacy stat. Legacy stat is a stat that does not belong to any statistics::Group. Legacy stat is deprecated.
board.remote_gdb: Listening for connections on port 7002
gem5 Simulator System.  https://www.gem5.org
gem5 is copyrighted software; use the --copyright option for details.

gem5 version 25.0.0.1
gem5 compiled May  5 2026 12:55:05
gem5 started Jun 18 2026 04:22:56
gem5 executing on cn27.guoehi.cluster, pid 189967
command line: /home/fdemirel/HPC_Lab_Proj/imp/../../gem5/build/ALL/gem5.opt -s --outdir=results_imp_multisim --stdout-file=merge_imp_dist64_l1d_ddr4_2x_simout.txt --stderr-file=merge_imp_dist64_l1d_ddr4_2x_simerr.txt --stats-file=stats.txt -c 'from multiprocessing.spawn import spawn_main; spawn_main(tracker_fd=7, pipe_handle=13)' --multiprocessing-fork

src/sim/mem_state.cc:443: info: Increasing stack size by one page.
src/sim/syscall_emul.hh:1121: warn: readlink() called on '/proc/self/exe' may yield unexpected results in various settings.
      Returning '/home/fdemirel/HPC_Lab_Proj/benchmarks/merge/merge-m5.x'
src/arch/arm/insts/pseudo.cc:174: warn: 	instruction 'bti' unimplemented
----spmv----
N_ROWS          : 8192 
N_COLS          : 65536 
NNZ             : 524155 
Execution time: 6.423470 (ms) 

----MATRIX MULTIPLICATION----

----Computation starts----
Loop 0 ... 
argc = 2, A[argc][argc] = 0.500000, B[argc][argc] = 0.500000, C[argc][argc] = 0.500000 
Execution time: 1.229960 (ms) 
Global frequency set at 1000000000000 ticks per second
src/mem/dram_interface.cc:690: warn: DRAM device capacity (16384 Mbytes) does not match the address range assigned (1024 Mbytes)
src/base/statistics.hh:279: warn: One of the stats is a legacy stat. Legacy stat is a stat that does not belong to any statistics::Group. Legacy stat is deprecated.
board.remote_gdb: Listening for connections on port 7000
gem5 Simulator System.  https://www.gem5.org
gem5 is copyrighted software; use the --copyright option for details.

gem5 version 25.0.0.1
gem5 compiled May  5 2026 12:55:05
gem5 started Jun 18 2026 04:23:16
gem5 executing on cn27.guoehi.cluster, pid 189971
command line: /home/fdemirel/HPC_Lab_Proj/imp/../../gem5/build/ALL/gem5.opt -s --outdir=results_imp_multisim --stdout-file=merge_imp_pt64_l1d_ddr4_1x_simout.txt --stderr-file=merge_imp_pt64_l1d_ddr4_1x_simerr.txt --stats-file=stats.txt -c 'from multiprocessing.spawn import spawn_main; spawn_main(tracker_fd=7, pipe_handle=13)' --multiprocessing-fork

src/sim/mem_state.cc:443: info: Increasing stack size by one page.
src/sim/syscall_emul.hh:1121: warn: readlink() called on '/proc/self/exe' may yield unexpected results in various settings.
      Returning '/home/fdemirel/HPC_Lab_Proj/benchmarks/merge/merge-m5.x'
src/arch/arm/insts/pseudo.cc:174: warn: 	instruction 'bti' unimplemented
Global frequency set at 1000000000000 ticks per second
src/mem/dram_interface.cc:690: warn: DRAM device capacity (16384 Mbytes) does not match the address range assigned (512 Mbytes)
src/mem/dram_interface.cc:690: warn: DRAM device capacity (16384 Mbytes) does not match the address range assigned (512 Mbytes)
src/base/statistics.hh:279: warn: One of the stats is a legacy stat. Legacy stat is a stat that does not belong to any statistics::Group. Legacy stat is deprecated.
board.remote_gdb: Listening for connections on port 7001
gem5 Simulator System.  https://www.gem5.org
gem5 is copyrighted software; use the --copyright option for details.

gem5 version 25.0.0.1
gem5 compiled May  5 2026 12:55:05
gem5 started Jun 18 2026 04:23:29
gem5 executing on cn27.guoehi.cluster, pid 189974
command line: /home/fdemirel/HPC_Lab_Proj/imp/../../gem5/build/ALL/gem5.opt -s --outdir=results_imp_multisim --stdout-file=spmv_imp_thr4_l1d_ddr4_2x_simout.txt --stderr-file=spmv_imp_thr4_l1d_ddr4_2x_simerr.txt --stats-file=stats.txt -c 'from multiprocessing.spawn import spawn_main; spawn_main(tracker_fd=7, pipe_handle=13)' --multiprocessing-fork

src/sim/mem_state.cc:443: info: Increasing stack size by one page.
src/sim/syscall_emul.hh:1121: warn: readlink() called on '/proc/self/exe' may yield unexpected results in various settings.
      Returning '/home/fdemirel/HPC_Lab_Proj/benchmarks/spmv/spmv-m5.x'
src/arch/arm/insts/pseudo.cc:174: warn: 	instruction 'bti' unimplemented
src/sim/mem_state.cc:443: info: Increasing stack size by one page.
src/sim/mem_state.cc:443: info: Increasing stack size by one page.
src/sim/mem_state.cc:443: info: Increasing stack size by one page.
src/sim/mem_state.cc:443: info: Increasing stack size by one page.
src/sim/mem_state.cc:443: info: Increasing stack size by one page.
src/sim/mem_state.cc:443: info: Increasing stack size by one page.
src/sim/mem_state.cc:443: info: Increasing stack size by one page.
Finished BFS.
Global frequency set at 1000000000000 ticks per second
src/mem/dram_interface.cc:690: warn: DRAM device capacity (16384 Mbytes) does not match the address range assigned (1024 Mbytes)
src/base/statistics.hh:279: warn: One of the stats is a legacy stat. Legacy stat is a stat that does not belong to any statistics::Group. Legacy stat is deprecated.
board.remote_gdb: Listening for connections on port 7003
gem5 Simulator System.  https://www.gem5.org
gem5 is copyrighted software; use the --copyright option for details.

gem5 version 25.0.0.1
gem5 compiled May  5 2026 12:55:05
gem5 started Jun 18 2026 04:24:08
gem5 executing on cn27.guoehi.cluster, pid 189979
command line: /home/fdemirel/HPC_Lab_Proj/imp/../../gem5/build/ALL/gem5.opt -s --outdir=results_imp_multisim --stdout-file=spmv_imp_addrlen16_l1d_ddr4_1x_simout.txt --stderr-file=spmv_imp_addrlen16_l1d_ddr4_1x_simerr.txt --stats-file=stats.txt -c 'from multiprocessing.spawn import spawn_main; spawn_main(tracker_fd=7, pipe_handle=13)' --multiprocessing-fork

src/sim/mem_state.cc:443: info: Increasing stack size by one page.
src/sim/syscall_emul.hh:1121: warn: readlink() called on '/proc/self/exe' may yield unexpected results in various settings.
      Returning '/home/fdemirel/HPC_Lab_Proj/benchmarks/spmv/spmv-m5.x'
src/arch/arm/insts/pseudo.cc:174: warn: 	instruction 'bti' unimplemented
src/sim/mem_state.cc:443: info: Increasing stack size by one page.
src/sim/mem_state.cc:443: info: Increasing stack size by one page.
src/sim/mem_state.cc:443: info: Increasing stack size by one page.
src/sim/mem_state.cc:443: info: Increasing stack size by one page.
src/sim/mem_state.cc:443: info: Increasing stack size by one page.
src/sim/mem_state.cc:443: info: Increasing stack size by one page.
src/sim/mem_state.cc:443: info: Increasing stack size by one page.
----spmv----
N_ROWS          : 8192 
N_COLS          : 65536 
NNZ             : 524155 
Execution time: 6.310355 (ms) 
Global frequency set at 1000000000000 ticks per second
src/mem/dram_interface.cc:690: warn: DRAM device capacity (16384 Mbytes) does not match the address range assigned (1024 Mbytes)
src/base/statistics.hh:279: warn: One of the stats is a legacy stat. Legacy stat is a stat that does not belong to any statistics::Group. Legacy stat is deprecated.
board.remote_gdb: Listening for connections on port 7001
gem5 Simulator System.  https://www.gem5.org
gem5 is copyrighted software; use the --copyright option for details.

gem5 version 25.0.0.1
gem5 compiled May  5 2026 12:55:05
gem5 started Jun 18 2026 04:25:50
gem5 executing on cn27.guoehi.cluster, pid 189989
command line: /home/fdemirel/HPC_Lab_Proj/imp/../../gem5/build/ALL/gem5.opt -s --outdir=results_imp_multisim --stdout-file=matmult_imp_dist8_l1d_ddr4_1x_simout.txt --stderr-file=matmult_imp_dist8_l1d_ddr4_1x_simerr.txt --stats-file=stats.txt -c 'from multiprocessing.spawn import spawn_main; spawn_main(tracker_fd=7, pipe_handle=13)' --multiprocessing-fork

src/sim/mem_state.cc:443: info: Increasing stack size by one page.
src/sim/syscall_emul.hh:1121: warn: readlink() called on '/proc/self/exe' may yield unexpected results in various settings.
      Returning '/home/fdemirel/HPC_Lab_Proj/benchmarks/matmult/matmult-m5.x'
src/arch/arm/insts/pseudo.cc:174: warn: 	instruction 'bti' unimplemented
----spmv----
N_ROWS          : 8192 
N_COLS          : 65536 
NNZ             : 524155 
Execution time: 6.728739 (ms) 
Global frequency set at 1000000000000 ticks per second
src/mem/dram_interface.cc:690: warn: DRAM device capacity (16384 Mbytes) does not match the address range assigned (512 Mbytes)
src/mem/dram_interface.cc:690: warn: DRAM device capacity (16384 Mbytes) does not match the address range assigned (512 Mbytes)
src/base/statistics.hh:279: warn: One of the stats is a legacy stat. Legacy stat is a stat that does not belong to any statistics::Group. Legacy stat is deprecated.
board.remote_gdb: Listening for connections on port 7003
gem5 Simulator System.  https://www.gem5.org
gem5 is copyrighted software; use the --copyright option for details.

gem5 version 25.0.0.1
gem5 compiled May  5 2026 12:55:05
gem5 started Jun 18 2026 04:26:31
gem5 executing on cn27.guoehi.cluster, pid 189993
command line: /home/fdemirel/HPC_Lab_Proj/imp/../../gem5/build/ALL/gem5.opt -s --outdir=results_imp_multisim --stdout-file=merge_imp_thr4_l2_ddr4_2x_simout.txt --stderr-file=merge_imp_thr4_l2_ddr4_2x_simerr.txt --stats-file=stats.txt -c 'from multiprocessing.spawn import spawn_main; spawn_main(tracker_fd=7, pipe_handle=13)' --multiprocessing-fork

src/sim/mem_state.cc:443: info: Increasing stack size by one page.
src/sim/syscall_emul.hh:1121: warn: readlink() called on '/proc/self/exe' may yield unexpected results in various settings.
      Returning '/home/fdemirel/HPC_Lab_Proj/benchmarks/merge/merge-m5.x'
src/arch/arm/insts/pseudo.cc:174: warn: 	instruction 'bti' unimplemented

----MATRIX MULTIPLICATION----

----Computation starts----
Loop 0 ... 
argc = 2, A[argc][argc] = 0.500000, B[argc][argc] = 0.500000, C[argc][argc] = 0.500000 
Execution time: 1.234030 (ms) 
Global frequency set at 1000000000000 ticks per second
src/mem/dram_interface.cc:690: warn: DRAM device capacity (16384 Mbytes) does not match the address range assigned (512 Mbytes)
src/mem/dram_interface.cc:690: warn: DRAM device capacity (16384 Mbytes) does not match the address range assigned (512 Mbytes)
src/base/statistics.hh:279: warn: One of the stats is a legacy stat. Legacy stat is a stat that does not belong to any statistics::Group. Legacy stat is deprecated.
board.remote_gdb: Listening for connections on port 7001
gem5 Simulator System.  https://www.gem5.org
gem5 is copyrighted software; use the --copyright option for details.

gem5 version 25.0.0.1
gem5 compiled May  5 2026 12:55:05
gem5 started Jun 18 2026 04:27:03
gem5 executing on cn27.guoehi.cluster, pid 189999
command line: /home/fdemirel/HPC_Lab_Proj/imp/../../gem5/build/ALL/gem5.opt -s --outdir=results_imp_multisim --stdout-file=bfs_imp_dist64_l1d_ddr4_2x_simout.txt --stderr-file=bfs_imp_dist64_l1d_ddr4_2x_simerr.txt --stats-file=stats.txt -c 'from multiprocessing.spawn import spawn_main; spawn_main(tracker_fd=7, pipe_handle=13)' --multiprocessing-fork

src/sim/mem_state.cc:443: info: Increasing stack size by one page.
src/sim/syscall_emul.hh:1121: warn: readlink() called on '/proc/self/exe' may yield unexpected results in various settings.
      Returning '/home/fdemirel/HPC_Lab_Proj/benchmarks/bfs/bfs-m5.x'
src/arch/arm/insts/pseudo.cc:174: warn: 	instruction 'bti' unimplemented
Beginning BFS ...

----merge----
Execution time: 10.326216 (ms) 
random_elem:0, /home/fdemirel/HPC_Lab_Proj/benchmarks/merge/merge-m5.x
Global frequency set at 1000000000000 ticks per second
src/mem/dram_interface.cc:690: warn: DRAM device capacity (16384 Mbytes) does not match the address range assigned (1024 Mbytes)
src/base/statistics.hh:279: warn: One of the stats is a legacy stat. Legacy stat is a stat that does not belong to any statistics::Group. Legacy stat is deprecated.
board.remote_gdb: Listening for connections on port 7002
gem5 Simulator System.  https://www.gem5.org
gem5 is copyrighted software; use the --copyright option for details.

gem5 version 25.0.0.1
gem5 compiled May  5 2026 12:55:05
gem5 started Jun 18 2026 04:28:01
gem5 executing on cn27.guoehi.cluster, pid 190003
command line: /home/fdemirel/HPC_Lab_Proj/imp/../../gem5/build/ALL/gem5.opt -s --outdir=results_imp_multisim --stdout-file=simple_triad_imp_sthr2_l2_ddr4_1x_simout.txt --stderr-file=simple_triad_imp_sthr2_l2_ddr4_1x_simerr.txt --stats-file=stats.txt -c 'from multiprocessing.spawn import spawn_main; spawn_main(tracker_fd=7, pipe_handle=13)' --multiprocessing-fork

src/sim/mem_state.cc:443: info: Increasing stack size by one page.
src/sim/syscall_emul.hh:1121: warn: readlink() called on '/proc/self/exe' may yield unexpected results in various settings.
      Returning '/home/fdemirel/HPC_Lab_Proj/benchmarks/simple_triad/simple_triad-m5.x'

----merge----
Execution time: 10.335941 (ms) 
random_elem:0, /home/fdemirel/HPC_Lab_Proj/benchmarks/merge/merge-m5.x
Global frequency set at 1000000000000 ticks per second
src/mem/dram_interface.cc:690: warn: DRAM device capacity (16384 Mbytes) does not match the address range assigned (512 Mbytes)
src/mem/dram_interface.cc:690: warn: DRAM device capacity (16384 Mbytes) does not match the address range assigned (512 Mbytes)
src/base/statistics.hh:279: warn: One of the stats is a legacy stat. Legacy stat is a stat that does not belong to any statistics::Group. Legacy stat is deprecated.
board.remote_gdb: Listening for connections on port 7000
gem5 Simulator System.  https://www.gem5.org
gem5 is copyrighted software; use the --copyright option for details.

gem5 version 25.0.0.1
gem5 compiled May  5 2026 12:55:05
gem5 started Jun 18 2026 04:28:19
gem5 executing on cn27.guoehi.cluster, pid 190007
command line: /home/fdemirel/HPC_Lab_Proj/imp/../../gem5/build/ALL/gem5.opt -s --outdir=results_imp_multisim --stdout-file=quick_imp_thr4_l1d_ddr4_2x_simout.txt --stderr-file=quick_imp_thr4_l1d_ddr4_2x_simerr.txt --stats-file=stats.txt -c 'from multiprocessing.spawn import spawn_main; spawn_main(tracker_fd=7, pipe_handle=13)' --multiprocessing-fork

src/sim/mem_state.cc:443: info: Increasing stack size by one page.
src/sim/syscall_emul.hh:1121: warn: readlink() called on '/proc/self/exe' may yield unexpected results in various settings.
      Returning '/home/fdemirel/HPC_Lab_Proj/benchmarks/quick/quick-m5.x'
src/arch/arm/insts/pseudo.cc:174: warn: 	instruction 'bti' unimplemented
Array SIZE      : 1000000 
Array LOOP      : 1 

----triad----
a[0]=7.00e+00. b[0]=2.00e+00. c[0]=1.00e+00.
Execution time: 2.907940 (ms) 
   Rate [MB/s]: 8253.3 
Global frequency set at 1000000000000 ticks per second
src/mem/dram_interface.cc:690: warn: DRAM device capacity (16384 Mbytes) does not match the address range assigned (1024 Mbytes)
src/base/statistics.hh:279: warn: One of the stats is a legacy stat. Legacy stat is a stat that does not belong to any statistics::Group. Legacy stat is deprecated.
board.remote_gdb: Listening for connections on port 7002
gem5 Simulator System.  https://www.gem5.org
gem5 is copyrighted software; use the --copyright option for details.

gem5 version 25.0.0.1
gem5 compiled May  5 2026 12:55:05
gem5 started Jun 18 2026 04:29:55
gem5 executing on cn27.guoehi.cluster, pid 190013
command line: /home/fdemirel/HPC_Lab_Proj/imp/../../gem5/build/ALL/gem5.opt -s --outdir=results_imp_multisim --stdout-file=merge_imp_dist8_l1d_ddr4_1x_simout.txt --stderr-file=merge_imp_dist8_l1d_ddr4_1x_simerr.txt --stats-file=stats.txt -c 'from multiprocessing.spawn import spawn_main; spawn_main(tracker_fd=7, pipe_handle=13)' --multiprocessing-fork

src/sim/mem_state.cc:443: info: Increasing stack size by one page.
src/sim/syscall_emul.hh:1121: warn: readlink() called on '/proc/self/exe' may yield unexpected results in various settings.
      Returning '/home/fdemirel/HPC_Lab_Proj/benchmarks/merge/merge-m5.x'
src/arch/arm/insts/pseudo.cc:174: warn: 	instruction 'bti' unimplemented

----merge----
Execution time: 10.543216 (ms) 
random_elem:0, /home/fdemirel/HPC_Lab_Proj/benchmarks/merge/merge-m5.x
Global frequency set at 1000000000000 ticks per second
src/mem/dram_interface.cc:690: warn: DRAM device capacity (16384 Mbytes) does not match the address range assigned (512 Mbytes)
src/mem/dram_interface.cc:690: warn: DRAM device capacity (16384 Mbytes) does not match the address range assigned (512 Mbytes)
src/base/statistics.hh:279: warn: One of the stats is a legacy stat. Legacy stat is a stat that does not belong to any statistics::Group. Legacy stat is deprecated.
board.remote_gdb: Listening for connections on port 7003
gem5 Simulator System.  https://www.gem5.org
gem5 is copyrighted software; use the --copyright option for details.

gem5 version 25.0.0.1
gem5 compiled May  5 2026 12:55:05
gem5 started Jun 18 2026 04:31:42
gem5 executing on cn27.guoehi.cluster, pid 190022
command line: /home/fdemirel/HPC_Lab_Proj/imp/../../gem5/build/ALL/gem5.opt -s --outdir=results_imp_multisim --stdout-file=matmult_imp_pt8_l2_ddr4_2x_simout.txt --stderr-file=matmult_imp_pt8_l2_ddr4_2x_simerr.txt --stats-file=stats.txt -c 'from multiprocessing.spawn import spawn_main; spawn_main(tracker_fd=7, pipe_handle=13)' --multiprocessing-fork

src/sim/mem_state.cc:443: info: Increasing stack size by one page.
src/sim/syscall_emul.hh:1121: warn: readlink() called on '/proc/self/exe' may yield unexpected results in various settings.
      Returning '/home/fdemirel/HPC_Lab_Proj/benchmarks/matmult/matmult-m5.x'
src/arch/arm/insts/pseudo.cc:174: warn: 	instruction 'bti' unimplemented
----quick sort----
Array SIZE      : 131072 
random_elem:0, /home/fdemirel/HPC_Lab_Proj/benchmarks/quick/quick-m5.x
Execution time: 8.734951 (ms) 
Global frequency set at 1000000000000 ticks per second
src/mem/dram_interface.cc:690: warn: DRAM device capacity (16384 Mbytes) does not match the address range assigned (512 Mbytes)
src/mem/dram_interface.cc:690: warn: DRAM device capacity (16384 Mbytes) does not match the address range assigned (512 Mbytes)
src/base/statistics.hh:279: warn: One of the stats is a legacy stat. Legacy stat is a stat that does not belong to any statistics::Group. Legacy stat is deprecated.
board.remote_gdb: Listening for connections on port 7000
gem5 Simulator System.  https://www.gem5.org
gem5 is copyrighted software; use the --copyright option for details.

gem5 version 25.0.0.1
gem5 compiled May  5 2026 12:55:05
gem5 started Jun 18 2026 04:32:30
gem5 executing on cn27.guoehi.cluster, pid 190026
command line: /home/fdemirel/HPC_Lab_Proj/imp/../../gem5/build/ALL/gem5.opt -s --outdir=results_imp_multisim --stdout-file=merge_imp_pt8_l2_ddr4_2x_simout.txt --stderr-file=merge_imp_pt8_l2_ddr4_2x_simerr.txt --stats-file=stats.txt -c 'from multiprocessing.spawn import spawn_main; spawn_main(tracker_fd=7, pipe_handle=13)' --multiprocessing-fork

src/sim/mem_state.cc:443: info: Increasing stack size by one page.
src/sim/syscall_emul.hh:1121: warn: readlink() called on '/proc/self/exe' may yield unexpected results in various settings.
      Returning '/home/fdemirel/HPC_Lab_Proj/benchmarks/merge/merge-m5.x'
src/arch/arm/insts/pseudo.cc:174: warn: 	instruction 'bti' unimplemented

----MATRIX MULTIPLICATION----

----Computation starts----
Loop 0 ... 
argc = 2, A[argc][argc] = 0.500000, B[argc][argc] = 0.500000, C[argc][argc] = 0.500000 
Execution time: 1.222351 (ms) 
Global frequency set at 1000000000000 ticks per second
src/mem/dram_interface.cc:690: warn: DRAM device capacity (16384 Mbytes) does not match the address range assigned (1024 Mbytes)
src/base/statistics.hh:279: warn: One of the stats is a legacy stat. Legacy stat is a stat that does not belong to any statistics::Group. Legacy stat is deprecated.
board.remote_gdb: Listening for connections on port 7003
gem5 Simulator System.  https://www.gem5.org
gem5 is copyrighted software; use the --copyright option for details.

gem5 version 25.0.0.1
gem5 compiled May  5 2026 12:55:05
gem5 started Jun 18 2026 04:32:51
gem5 executing on cn27.guoehi.cluster, pid 190029
command line: /home/fdemirel/HPC_Lab_Proj/imp/../../gem5/build/ALL/gem5.opt -s --outdir=results_imp_multisim --stdout-file=matmult_imp_pt32_l1d_ddr4_1x_simout.txt --stderr-file=matmult_imp_pt32_l1d_ddr4_1x_simerr.txt --stats-file=stats.txt -c 'from multiprocessing.spawn import spawn_main; spawn_main(tracker_fd=7, pipe_handle=13)' --multiprocessing-fork

src/sim/mem_state.cc:443: info: Increasing stack size by one page.
src/sim/syscall_emul.hh:1121: warn: readlink() called on '/proc/self/exe' may yield unexpected results in various settings.
      Returning '/home/fdemirel/HPC_Lab_Proj/benchmarks/matmult/matmult-m5.x'
src/arch/arm/insts/pseudo.cc:174: warn: 	instruction 'bti' unimplemented
Finished BFS.
Global frequency set at 1000000000000 ticks per second
src/mem/dram_interface.cc:690: warn: DRAM device capacity (16384 Mbytes) does not match the address range assigned (512 Mbytes)
src/mem/dram_interface.cc:690: warn: DRAM device capacity (16384 Mbytes) does not match the address range assigned (512 Mbytes)
src/base/statistics.hh:279: warn: One of the stats is a legacy stat. Legacy stat is a stat that does not belong to any statistics::Group. Legacy stat is deprecated.
board.remote_gdb: Listening for connections on port 7001
gem5 Simulator System.  https://www.gem5.org
gem5 is copyrighted software; use the --copyright option for details.

gem5 version 25.0.0.1
gem5 compiled May  5 2026 12:55:05
gem5 started Jun 18 2026 04:33:44
gem5 executing on cn27.guoehi.cluster, pid 190035
command line: /home/fdemirel/HPC_Lab_Proj/imp/../../gem5/build/ALL/gem5.opt -s --outdir=results_imp_multisim --stdout-file=simple_triad_imp_ipd2_l2_ddr4_2x_simout.txt --stderr-file=simple_triad_imp_ipd2_l2_ddr4_2x_simerr.txt --stats-file=stats.txt -c 'from multiprocessing.spawn import spawn_main; spawn_main(tracker_fd=7, pipe_handle=13)' --multiprocessing-fork

src/sim/mem_state.cc:443: info: Increasing stack size by one page.
src/sim/syscall_emul.hh:1121: warn: readlink() called on '/proc/self/exe' may yield unexpected results in various settings.
      Returning '/home/fdemirel/HPC_Lab_Proj/benchmarks/simple_triad/simple_triad-m5.x'

----MATRIX MULTIPLICATION----

----Computation starts----
Loop 0 ... 
argc = 2, A[argc][argc] = 0.500000, B[argc][argc] = 0.500000, C[argc][argc] = 0.500000 
Execution time: 1.234030 (ms) 
Global frequency set at 1000000000000 ticks per second
src/mem/dram_interface.cc:690: warn: DRAM device capacity (16384 Mbytes) does not match the address range assigned (512 Mbytes)
src/mem/dram_interface.cc:690: warn: DRAM device capacity (16384 Mbytes) does not match the address range assigned (512 Mbytes)
src/base/statistics.hh:279: warn: One of the stats is a legacy stat. Legacy stat is a stat that does not belong to any statistics::Group. Legacy stat is deprecated.
board.remote_gdb: Listening for connections on port 7003
gem5 Simulator System.  https://www.gem5.org
gem5 is copyrighted software; use the --copyright option for details.

gem5 version 25.0.0.1
gem5 compiled May  5 2026 12:55:05
gem5 started Jun 18 2026 04:34:03
gem5 executing on cn27.guoehi.cluster, pid 190040
command line: /home/fdemirel/HPC_Lab_Proj/imp/../../gem5/build/ALL/gem5.opt -s --outdir=results_imp_multisim --stdout-file=quick_imp_sdist16_l2_ddr4_2x_simout.txt --stderr-file=quick_imp_sdist16_l2_ddr4_2x_simerr.txt --stats-file=stats.txt -c 'from multiprocessing.spawn import spawn_main; spawn_main(tracker_fd=7, pipe_handle=13)' --multiprocessing-fork

src/sim/mem_state.cc:443: info: Increasing stack size by one page.
src/sim/syscall_emul.hh:1121: warn: readlink() called on '/proc/self/exe' may yield unexpected results in various settings.
      Returning '/home/fdemirel/HPC_Lab_Proj/benchmarks/quick/quick-m5.x'
src/arch/arm/insts/pseudo.cc:174: warn: 	instruction 'bti' unimplemented

----merge----
Execution time: 10.335941 (ms) 
random_elem:0, /home/fdemirel/HPC_Lab_Proj/benchmarks/merge/merge-m5.x
Global frequency set at 1000000000000 ticks per second
src/mem/dram_interface.cc:690: warn: DRAM device capacity (16384 Mbytes) does not match the address range assigned (1024 Mbytes)
src/base/statistics.hh:279: warn: One of the stats is a legacy stat. Legacy stat is a stat that does not belong to any statistics::Group. Legacy stat is deprecated.
board.remote_gdb: Listening for connections on port 7002
gem5 Simulator System.  https://www.gem5.org
gem5 is copyrighted software; use the --copyright option for details.

gem5 version 25.0.0.1
gem5 compiled May  5 2026 12:55:05
gem5 started Jun 18 2026 04:35:00
gem5 executing on cn27.guoehi.cluster, pid 190044
command line: /home/fdemirel/HPC_Lab_Proj/imp/../../gem5/build/ALL/gem5.opt -s --outdir=results_imp_multisim --stdout-file=quick_imp_sthr2_l2_ddr4_1x_simout.txt --stderr-file=quick_imp_sthr2_l2_ddr4_1x_simerr.txt --stats-file=stats.txt -c 'from multiprocessing.spawn import spawn_main; spawn_main(tracker_fd=7, pipe_handle=13)' --multiprocessing-fork

src/sim/mem_state.cc:443: info: Increasing stack size by one page.
src/sim/syscall_emul.hh:1121: warn: readlink() called on '/proc/self/exe' may yield unexpected results in various settings.
      Returning '/home/fdemirel/HPC_Lab_Proj/benchmarks/quick/quick-m5.x'
src/arch/arm/insts/pseudo.cc:174: warn: 	instruction 'bti' unimplemented
Array SIZE      : 1000000 
Array LOOP      : 1 

----triad----
a[0]=7.00e+00. b[0]=2.00e+00. c[0]=1.00e+00.
Execution time: 2.250846 (ms) 
   Rate [MB/s]: 10662.7 
Global frequency set at 1000000000000 ticks per second
src/mem/dram_interface.cc:690: warn: DRAM device capacity (16384 Mbytes) does not match the address range assigned (512 Mbytes)
src/mem/dram_interface.cc:690: warn: DRAM device capacity (16384 Mbytes) does not match the address range assigned (512 Mbytes)
src/base/statistics.hh:279: warn: One of the stats is a legacy stat. Legacy stat is a stat that does not belong to any statistics::Group. Legacy stat is deprecated.
board.remote_gdb: Listening for connections on port 7001
gem5 Simulator System.  https://www.gem5.org
gem5 is copyrighted software; use the --copyright option for details.

gem5 version 25.0.0.1
gem5 compiled May  5 2026 12:55:05
gem5 started Jun 18 2026 04:35:30
gem5 executing on cn27.guoehi.cluster, pid 190049
command line: /home/fdemirel/HPC_Lab_Proj/imp/../../gem5/build/ALL/gem5.opt -s --outdir=results_imp_multisim --stdout-file=bfs_imp_sdist16_l1d_ddr4_2x_simout.txt --stderr-file=bfs_imp_sdist16_l1d_ddr4_2x_simerr.txt --stats-file=stats.txt -c 'from multiprocessing.spawn import spawn_main; spawn_main(tracker_fd=7, pipe_handle=13)' --multiprocessing-fork

src/sim/mem_state.cc:443: info: Increasing stack size by one page.
src/sim/syscall_emul.hh:1121: warn: readlink() called on '/proc/self/exe' may yield unexpected results in various settings.
      Returning '/home/fdemirel/HPC_Lab_Proj/benchmarks/bfs/bfs-m5.x'
src/arch/arm/insts/pseudo.cc:174: warn: 	instruction 'bti' unimplemented
Beginning BFS ...

----merge----
Execution time: 10.547161 (ms) 
random_elem:0, /home/fdemirel/HPC_Lab_Proj/benchmarks/merge/merge-m5.x
Global frequency set at 1000000000000 ticks per second
src/mem/dram_interface.cc:690: warn: DRAM device capacity (16384 Mbytes) does not match the address range assigned (1024 Mbytes)
src/base/statistics.hh:279: warn: One of the stats is a legacy stat. Legacy stat is a stat that does not belong to any statistics::Group. Legacy stat is deprecated.
board.remote_gdb: Listening for connections on port 7000
gem5 Simulator System.  https://www.gem5.org
gem5 is copyrighted software; use the --copyright option for details.

gem5 version 25.0.0.1
gem5 compiled May  5 2026 12:55:05
gem5 started Jun 18 2026 04:37:41
gem5 executing on cn27.guoehi.cluster, pid 190055
command line: /home/fdemirel/HPC_Lab_Proj/imp/../../gem5/build/ALL/gem5.opt -s --outdir=results_imp_multisim --stdout-file=bfs_imp_thr1_l2_ddr4_1x_simout.txt --stderr-file=bfs_imp_thr1_l2_ddr4_1x_simerr.txt --stats-file=stats.txt -c 'from multiprocessing.spawn import spawn_main; spawn_main(tracker_fd=7, pipe_handle=13)' --multiprocessing-fork

src/sim/mem_state.cc:443: info: Increasing stack size by one page.
src/sim/syscall_emul.hh:1121: warn: readlink() called on '/proc/self/exe' may yield unexpected results in various settings.
      Returning '/home/fdemirel/HPC_Lab_Proj/benchmarks/bfs/bfs-m5.x'
src/arch/arm/insts/pseudo.cc:174: warn: 	instruction 'bti' unimplemented
Beginning BFS ...
----quick sort----
Array SIZE      : 131072 
random_elem:0, /home/fdemirel/HPC_Lab_Proj/benchmarks/quick/quick-m5.x
Execution time: 8.719282 (ms) 
Global frequency set at 1000000000000 ticks per second
src/mem/dram_interface.cc:690: warn: DRAM device capacity (16384 Mbytes) does not match the address range assigned (512 Mbytes)
src/mem/dram_interface.cc:690: warn: DRAM device capacity (16384 Mbytes) does not match the address range assigned (512 Mbytes)
src/base/statistics.hh:279: warn: One of the stats is a legacy stat. Legacy stat is a stat that does not belong to any statistics::Group. Legacy stat is deprecated.
board.remote_gdb: Listening for connections on port 7003
gem5 Simulator System.  https://www.gem5.org
gem5 is copyrighted software; use the --copyright option for details.

gem5 version 25.0.0.1
gem5 compiled May  5 2026 12:55:05
gem5 started Jun 18 2026 04:38:11
gem5 executing on cn27.guoehi.cluster, pid 190059
command line: /home/fdemirel/HPC_Lab_Proj/imp/../../gem5/build/ALL/gem5.opt -s --outdir=results_imp_multisim --stdout-file=quick_imp_pt8_l1d_ddr4_2x_simout.txt --stderr-file=quick_imp_pt8_l1d_ddr4_2x_simerr.txt --stats-file=stats.txt -c 'from multiprocessing.spawn import spawn_main; spawn_main(tracker_fd=7, pipe_handle=13)' --multiprocessing-fork

src/sim/mem_state.cc:443: info: Increasing stack size by one page.
src/sim/syscall_emul.hh:1121: warn: readlink() called on '/proc/self/exe' may yield unexpected results in various settings.
      Returning '/home/fdemirel/HPC_Lab_Proj/benchmarks/quick/quick-m5.x'
src/arch/arm/insts/pseudo.cc:174: warn: 	instruction 'bti' unimplemented
----quick sort----
Array SIZE      : 131072 
random_elem:0, /home/fdemirel/HPC_Lab_Proj/benchmarks/quick/quick-m5.x
Execution time: 9.041468 (ms) 
Global frequency set at 1000000000000 ticks per second
src/mem/dram_interface.cc:690: warn: DRAM device capacity (16384 Mbytes) does not match the address range assigned (1024 Mbytes)
src/base/statistics.hh:279: warn: One of the stats is a legacy stat. Legacy stat is a stat that does not belong to any statistics::Group. Legacy stat is deprecated.
board.remote_gdb: Listening for connections on port 7002
gem5 Simulator System.  https://www.gem5.org
gem5 is copyrighted software; use the --copyright option for details.

gem5 version 25.0.0.1
gem5 compiled May  5 2026 12:55:05
gem5 started Jun 18 2026 04:39:07
gem5 executing on cn27.guoehi.cluster, pid 190064
command line: /home/fdemirel/HPC_Lab_Proj/imp/../../gem5/build/ALL/gem5.opt -s --outdir=results_imp_multisim --stdout-file=merge_imp_pt32_l1d_ddr4_1x_simout.txt --stderr-file=merge_imp_pt32_l1d_ddr4_1x_simerr.txt --stats-file=stats.txt -c 'from multiprocessing.spawn import spawn_main; spawn_main(tracker_fd=7, pipe_handle=13)' --multiprocessing-fork

src/sim/mem_state.cc:443: info: Increasing stack size by one page.
src/sim/syscall_emul.hh:1121: warn: readlink() called on '/proc/self/exe' may yield unexpected results in various settings.
      Returning '/home/fdemirel/HPC_Lab_Proj/benchmarks/merge/merge-m5.x'
src/arch/arm/insts/pseudo.cc:174: warn: 	instruction 'bti' unimplemented
----quick sort----
Array SIZE      : 131072 
random_elem:0, /home/fdemirel/HPC_Lab_Proj/benchmarks/quick/quick-m5.x
Execution time: 8.735883 (ms) 
Finished BFS.
Global frequency set at 1000000000000 ticks per second
src/mem/dram_interface.cc:690: warn: DRAM device capacity (16384 Mbytes) does not match the address range assigned (1024 Mbytes)
src/base/statistics.hh:279: warn: One of the stats is a legacy stat. Legacy stat is a stat that does not belong to any statistics::Group. Legacy stat is deprecated.
board.remote_gdb: Listening for connections on port 7001
gem5 Simulator System.  https://www.gem5.org
gem5 is copyrighted software; use the --copyright option for details.

gem5 version 25.0.0.1
gem5 compiled May  5 2026 12:55:05
gem5 started Jun 18 2026 04:42:18
gem5 executing on cn27.guoehi.cluster, pid 190076
command line: /home/fdemirel/HPC_Lab_Proj/imp/../../gem5/build/ALL/gem5.opt -s --outdir=results_imp_multisim --stdout-file=spmv_imp_addrlen8_l1d_ddr4_1x_simout.txt --stderr-file=spmv_imp_addrlen8_l1d_ddr4_1x_simerr.txt --stats-file=stats.txt -c 'from multiprocessing.spawn import spawn_main; spawn_main(tracker_fd=7, pipe_handle=13)' --multiprocessing-fork

src/sim/mem_state.cc:443: info: Increasing stack size by one page.
src/sim/syscall_emul.hh:1121: warn: readlink() called on '/proc/self/exe' may yield unexpected results in various settings.
      Returning '/home/fdemirel/HPC_Lab_Proj/benchmarks/spmv/spmv-m5.x'
src/arch/arm/insts/pseudo.cc:174: warn: 	instruction 'bti' unimplemented
src/sim/mem_state.cc:443: info: Increasing stack size by one page.
src/sim/mem_state.cc:443: info: Increasing stack size by one page.
src/sim/mem_state.cc:443: info: Increasing stack size by one page.
src/sim/mem_state.cc:443: info: Increasing stack size by one page.
src/sim/mem_state.cc:443: info: Increasing stack size by one page.
src/sim/mem_state.cc:443: info: Increasing stack size by one page.
src/sim/mem_state.cc:443: info: Increasing stack size by one page.
Global frequency set at 1000000000000 ticks per second
src/mem/dram_interface.cc:690: warn: DRAM device capacity (16384 Mbytes) does not match the address range assigned (512 Mbytes)
src/mem/dram_interface.cc:690: warn: DRAM device capacity (16384 Mbytes) does not match the address range assigned (512 Mbytes)
src/base/statistics.hh:279: warn: One of the stats is a legacy stat. Legacy stat is a stat that does not belong to any statistics::Group. Legacy stat is deprecated.
board.remote_gdb: Listening for connections on port 7003
gem5 Simulator System.  https://www.gem5.org
gem5 is copyrighted software; use the --copyright option for details.

gem5 version 25.0.0.1
gem5 compiled May  5 2026 12:55:05
gem5 started Jun 18 2026 04:42:25
gem5 executing on cn27.guoehi.cluster, pid 190077
command line: /home/fdemirel/HPC_Lab_Proj/imp/../../gem5/build/ALL/gem5.opt -s --outdir=results_imp_multisim --stdout-file=simple_triad_imp_default_l1d_ddr4_2x_simout.txt --stderr-file=simple_triad_imp_default_l1d_ddr4_2x_simerr.txt --stats-file=stats.txt -c 'from multiprocessing.spawn import spawn_main; spawn_main(tracker_fd=7, pipe_handle=13)' --multiprocessing-fork

src/sim/mem_state.cc:443: info: Increasing stack size by one page.
src/sim/syscall_emul.hh:1121: warn: readlink() called on '/proc/self/exe' may yield unexpected results in various settings.
      Returning '/home/fdemirel/HPC_Lab_Proj/benchmarks/simple_triad/simple_triad-m5.x'
Finished BFS.

----merge----
Execution time: 10.335941 (ms) 
random_elem:0, /home/fdemirel/HPC_Lab_Proj/benchmarks/merge/merge-m5.x
Global frequency set at 1000000000000 ticks per second
src/mem/dram_interface.cc:690: warn: DRAM device capacity (16384 Mbytes) does not match the address range assigned (512 Mbytes)
src/mem/dram_interface.cc:690: warn: DRAM device capacity (16384 Mbytes) does not match the address range assigned (512 Mbytes)
src/base/statistics.hh:279: warn: One of the stats is a legacy stat. Legacy stat is a stat that does not belong to any statistics::Group. Legacy stat is deprecated.
board.remote_gdb: Listening for connections on port 7000
Array SIZE      : 1000000 
Array LOOP      : 1 

----triad----
a[0]=7.00e+00. b[0]=2.00e+00. c[0]=1.00e+00.
Execution time: 2.245558 (ms) 
   Rate [MB/s]: 10687.8 
gem5 Simulator System.  https://www.gem5.org
gem5 is copyrighted software; use the --copyright option for details.

gem5 version 25.0.0.1
gem5 compiled May  5 2026 12:55:05
gem5 started Jun 18 2026 04:43:58
gem5 executing on cn27.guoehi.cluster, pid 190087
command line: /home/fdemirel/HPC_Lab_Proj/imp/../../gem5/build/ALL/gem5.opt -s --outdir=results_imp_multisim --stdout-file=bfs_imp_pt8_l2_ddr4_2x_simout.txt --stderr-file=bfs_imp_pt8_l2_ddr4_2x_simerr.txt --stats-file=stats.txt -c 'from multiprocessing.spawn import spawn_main; spawn_main(tracker_fd=7, pipe_handle=13)' --multiprocessing-fork

src/sim/mem_state.cc:443: info: Increasing stack size by one page.
src/sim/syscall_emul.hh:1121: warn: readlink() called on '/proc/self/exe' may yield unexpected results in various settings.
      Returning '/home/fdemirel/HPC_Lab_Proj/benchmarks/bfs/bfs-m5.x'
src/arch/arm/insts/pseudo.cc:174: warn: 	instruction 'bti' unimplemented
Beginning BFS ...
Global frequency set at 1000000000000 ticks per second
src/mem/dram_interface.cc:690: warn: DRAM device capacity (16384 Mbytes) does not match the address range assigned (1024 Mbytes)
src/base/statistics.hh:279: warn: One of the stats is a legacy stat. Legacy stat is a stat that does not belong to any statistics::Group. Legacy stat is deprecated.
board.remote_gdb: Listening for connections on port 7002
gem5 Simulator System.  https://www.gem5.org
gem5 is copyrighted software; use the --copyright option for details.

gem5 version 25.0.0.1
gem5 compiled May  5 2026 12:55:05
gem5 started Jun 18 2026 04:44:10
gem5 executing on cn27.guoehi.cluster, pid 190088
command line: /home/fdemirel/HPC_Lab_Proj/imp/../../gem5/build/ALL/gem5.opt -s --outdir=results_imp_multisim --stdout-file=merge_imp_ipd8_l2_ddr4_1x_simout.txt --stderr-file=merge_imp_ipd8_l2_ddr4_1x_simerr.txt --stats-file=stats.txt -c 'from multiprocessing.spawn import spawn_main; spawn_main(tracker_fd=7, pipe_handle=13)' --multiprocessing-fork

src/sim/mem_state.cc:443: info: Increasing stack size by one page.
src/sim/syscall_emul.hh:1121: warn: readlink() called on '/proc/self/exe' may yield unexpected results in various settings.
      Returning '/home/fdemirel/HPC_Lab_Proj/benchmarks/merge/merge-m5.x'
src/arch/arm/insts/pseudo.cc:174: warn: 	instruction 'bti' unimplemented
Global frequency set at 1000000000000 ticks per second
src/mem/dram_interface.cc:690: warn: DRAM device capacity (16384 Mbytes) does not match the address range assigned (1024 Mbytes)
src/base/statistics.hh:279: warn: One of the stats is a legacy stat. Legacy stat is a stat that does not belong to any statistics::Group. Legacy stat is deprecated.
board.remote_gdb: Listening for connections on port 7003
gem5 Simulator System.  https://www.gem5.org
gem5 is copyrighted software; use the --copyright option for details.

gem5 version 25.0.0.1
gem5 compiled May  5 2026 12:55:05
gem5 started Jun 18 2026 04:44:16
gem5 executing on cn27.guoehi.cluster, pid 190091
command line: /home/fdemirel/HPC_Lab_Proj/imp/../../gem5/build/ALL/gem5.opt -s --outdir=results_imp_multisim --stdout-file=quick_imp_addrlen8_l1d_ddr4_1x_simout.txt --stderr-file=quick_imp_addrlen8_l1d_ddr4_1x_simerr.txt --stats-file=stats.txt -c 'from multiprocessing.spawn import spawn_main; spawn_main(tracker_fd=7, pipe_handle=13)' --multiprocessing-fork

src/sim/mem_state.cc:443: info: Increasing stack size by one page.
src/sim/syscall_emul.hh:1121: warn: readlink() called on '/proc/self/exe' may yield unexpected results in various settings.
      Returning '/home/fdemirel/HPC_Lab_Proj/benchmarks/quick/quick-m5.x'
src/arch/arm/insts/pseudo.cc:174: warn: 	instruction 'bti' unimplemented
----spmv----
N_ROWS          : 8192 
N_COLS          : 65536 
NNZ             : 524155 
Execution time: 6.728739 (ms) 
Global frequency set at 1000000000000 ticks per second
src/mem/dram_interface.cc:690: warn: DRAM device capacity (16384 Mbytes) does not match the address range assigned (512 Mbytes)
src/mem/dram_interface.cc:690: warn: DRAM device capacity (16384 Mbytes) does not match the address range assigned (512 Mbytes)
src/base/statistics.hh:279: warn: One of the stats is a legacy stat. Legacy stat is a stat that does not belong to any statistics::Group. Legacy stat is deprecated.
board.remote_gdb: Listening for connections on port 7001
gem5 Simulator System.  https://www.gem5.org
gem5 is copyrighted software; use the --copyright option for details.

gem5 version 25.0.0.1
gem5 compiled May  5 2026 12:55:05
gem5 started Jun 18 2026 04:44:38
gem5 executing on cn27.guoehi.cluster, pid 190097
command line: /home/fdemirel/HPC_Lab_Proj/imp/../../gem5/build/ALL/gem5.opt -s --outdir=results_imp_multisim --stdout-file=spmv_imp_addrlen2_l1d_ddr4_2x_simout.txt --stderr-file=spmv_imp_addrlen2_l1d_ddr4_2x_simerr.txt --stats-file=stats.txt -c 'from multiprocessing.spawn import spawn_main; spawn_main(tracker_fd=7, pipe_handle=13)' --multiprocessing-fork

src/sim/mem_state.cc:443: info: Increasing stack size by one page.
src/sim/syscall_emul.hh:1121: warn: readlink() called on '/proc/self/exe' may yield unexpected results in various settings.
      Returning '/home/fdemirel/HPC_Lab_Proj/benchmarks/spmv/spmv-m5.x'
src/arch/arm/insts/pseudo.cc:174: warn: 	instruction 'bti' unimplemented
src/sim/mem_state.cc:443: info: Increasing stack size by one page.
src/sim/mem_state.cc:443: info: Increasing stack size by one page.
src/sim/mem_state.cc:443: info: Increasing stack size by one page.
src/sim/mem_state.cc:443: info: Increasing stack size by one page.
src/sim/mem_state.cc:443: info: Increasing stack size by one page.
src/sim/mem_state.cc:443: info: Increasing stack size by one page.
src/sim/mem_state.cc:443: info: Increasing stack size by one page.
----spmv----
N_ROWS          : 8192 
N_COLS          : 65536 
NNZ             : 524155 
Execution time: 6.310355 (ms) 
Global frequency set at 1000000000000 ticks per second
src/mem/dram_interface.cc:690: warn: DRAM device capacity (16384 Mbytes) does not match the address range assigned (1024 Mbytes)
src/base/statistics.hh:279: warn: One of the stats is a legacy stat. Legacy stat is a stat that does not belong to any statistics::Group. Legacy stat is deprecated.
board.remote_gdb: Listening for connections on port 7001
gem5 Simulator System.  https://www.gem5.org
gem5 is copyrighted software; use the --copyright option for details.

gem5 version 25.0.0.1
gem5 compiled May  5 2026 12:55:05
gem5 started Jun 18 2026 04:47:02
gem5 executing on cn27.guoehi.cluster, pid 190104
command line: /home/fdemirel/HPC_Lab_Proj/imp/../../gem5/build/ALL/gem5.opt -s --outdir=results_imp_multisim --stdout-file=matmult_imp_dist64_l2_ddr4_1x_simout.txt --stderr-file=matmult_imp_dist64_l2_ddr4_1x_simerr.txt --stats-file=stats.txt -c 'from multiprocessing.spawn import spawn_main; spawn_main(tracker_fd=7, pipe_handle=13)' --multiprocessing-fork

src/sim/mem_state.cc:443: info: Increasing stack size by one page.
src/sim/syscall_emul.hh:1121: warn: readlink() called on '/proc/self/exe' may yield unexpected results in various settings.
      Returning '/home/fdemirel/HPC_Lab_Proj/benchmarks/matmult/matmult-m5.x'
src/arch/arm/insts/pseudo.cc:174: warn: 	instruction 'bti' unimplemented

----MATRIX MULTIPLICATION----

----Computation starts----
Loop 0 ... 
argc = 2, A[argc][argc] = 0.500000, B[argc][argc] = 0.500000, C[argc][argc] = 0.500000 
Execution time: 1.229960 (ms) 
----quick sort----
Array SIZE      : 131072 
random_elem:0, /home/fdemirel/HPC_Lab_Proj/benchmarks/quick/quick-m5.x
Execution time: 8.782714 (ms) 
Global frequency set at 1000000000000 ticks per second
src/mem/dram_interface.cc:690: warn: DRAM device capacity (16384 Mbytes) does not match the address range assigned (1024 Mbytes)
src/base/statistics.hh:279: warn: One of the stats is a legacy stat. Legacy stat is a stat that does not belong to any statistics::Group. Legacy stat is deprecated.
board.remote_gdb: Listening for connections on port 7001
gem5 Simulator System.  https://www.gem5.org
gem5 is copyrighted software; use the --copyright option for details.

gem5 version 25.0.0.1
gem5 compiled May  5 2026 12:55:05
gem5 started Jun 18 2026 04:48:12
gem5 executing on cn27.guoehi.cluster, pid 190110
command line: /home/fdemirel/HPC_Lab_Proj/imp/../../gem5/build/ALL/gem5.opt -s --outdir=results_imp_multisim --stdout-file=bfs_imp_pt32_l1d_ddr4_1x_simout.txt --stderr-file=bfs_imp_pt32_l1d_ddr4_1x_simerr.txt --stats-file=stats.txt -c 'from multiprocessing.spawn import spawn_main; spawn_main(tracker_fd=7, pipe_handle=13)' --multiprocessing-fork

src/sim/mem_state.cc:443: info: Increasing stack size by one page.
src/sim/syscall_emul.hh:1121: warn: readlink() called on '/proc/self/exe' may yield unexpected results in various settings.
      Returning '/home/fdemirel/HPC_Lab_Proj/benchmarks/bfs/bfs-m5.x'
src/arch/arm/insts/pseudo.cc:174: warn: 	instruction 'bti' unimplemented
Beginning BFS ...
Global frequency set at 1000000000000 ticks per second
src/mem/dram_interface.cc:690: warn: DRAM device capacity (16384 Mbytes) does not match the address range assigned (512 Mbytes)
src/mem/dram_interface.cc:690: warn: DRAM device capacity (16384 Mbytes) does not match the address range assigned (512 Mbytes)
src/base/statistics.hh:279: warn: One of the stats is a legacy stat. Legacy stat is a stat that does not belong to any statistics::Group. Legacy stat is deprecated.
board.remote_gdb: Listening for connections on port 7003
gem5 Simulator System.  https://www.gem5.org
gem5 is copyrighted software; use the --copyright option for details.

gem5 version 25.0.0.1
gem5 compiled May  5 2026 12:55:05
gem5 started Jun 18 2026 04:48:21
gem5 executing on cn27.guoehi.cluster, pid 190111
command line: /home/fdemirel/HPC_Lab_Proj/imp/../../gem5/build/ALL/gem5.opt -s --outdir=results_imp_multisim --stdout-file=quick_imp_ipd2_l2_ddr4_2x_simout.txt --stderr-file=quick_imp_ipd2_l2_ddr4_2x_simerr.txt --stats-file=stats.txt -c 'from multiprocessing.spawn import spawn_main; spawn_main(tracker_fd=7, pipe_handle=13)' --multiprocessing-fork

src/sim/mem_state.cc:443: info: Increasing stack size by one page.
src/sim/syscall_emul.hh:1121: warn: readlink() called on '/proc/self/exe' may yield unexpected results in various settings.
      Returning '/home/fdemirel/HPC_Lab_Proj/benchmarks/quick/quick-m5.x'
src/arch/arm/insts/pseudo.cc:174: warn: 	instruction 'bti' unimplemented

----merge----
Execution time: 10.644514 (ms) 
random_elem:0, /home/fdemirel/HPC_Lab_Proj/benchmarks/merge/merge-m5.x
Global frequency set at 1000000000000 ticks per second
src/mem/dram_interface.cc:690: warn: DRAM device capacity (16384 Mbytes) does not match the address range assigned (1024 Mbytes)
src/base/statistics.hh:279: warn: One of the stats is a legacy stat. Legacy stat is a stat that does not belong to any statistics::Group. Legacy stat is deprecated.
board.remote_gdb: Listening for connections on port 7002
gem5 Simulator System.  https://www.gem5.org
gem5 is copyrighted software; use the --copyright option for details.

gem5 version 25.0.0.1
gem5 compiled May  5 2026 12:55:05
gem5 started Jun 18 2026 04:49:10
gem5 executing on cn27.guoehi.cluster, pid 190118
command line: /home/fdemirel/HPC_Lab_Proj/imp/../../gem5/build/ALL/gem5.opt -s --outdir=results_imp_multisim --stdout-file=simple_triad_imp_sdist16_l2_ddr4_1x_simout.txt --stderr-file=simple_triad_imp_sdist16_l2_ddr4_1x_simerr.txt --stats-file=stats.txt -c 'from multiprocessing.spawn import spawn_main; spawn_main(tracker_fd=7, pipe_handle=13)' --multiprocessing-fork

src/sim/mem_state.cc:443: info: Increasing stack size by one page.
src/sim/syscall_emul.hh:1121: warn: readlink() called on '/proc/self/exe' may yield unexpected results in various settings.
      Returning '/home/fdemirel/HPC_Lab_Proj/benchmarks/simple_triad/simple_triad-m5.x'
Finished BFS.
Global frequency set at 1000000000000 ticks per second
src/mem/dram_interface.cc:690: warn: DRAM device capacity (16384 Mbytes) does not match the address range assigned (1024 Mbytes)
src/base/statistics.hh:279: warn: One of the stats is a legacy stat. Legacy stat is a stat that does not belong to any statistics::Group. Legacy stat is deprecated.
board.remote_gdb: Listening for connections on port 7000
gem5 Simulator System.  https://www.gem5.org
gem5 is copyrighted software; use the --copyright option for details.

gem5 version 25.0.0.1
gem5 compiled May  5 2026 12:55:05
gem5 started Jun 18 2026 04:50:11
gem5 executing on cn27.guoehi.cluster, pid 190123
command line: /home/fdemirel/HPC_Lab_Proj/imp/../../gem5/build/ALL/gem5.opt -s --outdir=results_imp_multisim --stdout-file=merge_imp_dist4_l1d_ddr4_1x_simout.txt --stderr-file=merge_imp_dist4_l1d_ddr4_1x_simerr.txt --stats-file=stats.txt -c 'from multiprocessing.spawn import spawn_main; spawn_main(tracker_fd=7, pipe_handle=13)' --multiprocessing-fork

src/sim/mem_state.cc:443: info: Increasing stack size by one page.
src/sim/syscall_emul.hh:1121: warn: readlink() called on '/proc/self/exe' may yield unexpected results in various settings.
      Returning '/home/fdemirel/HPC_Lab_Proj/benchmarks/merge/merge-m5.x'
src/arch/arm/insts/pseudo.cc:174: warn: 	instruction 'bti' unimplemented
Array SIZE      : 1000000 
Array LOOP      : 1 

----triad----
a[0]=7.00e+00. b[0]=2.00e+00. c[0]=1.00e+00.
Execution time: 2.791748 (ms) 
   Rate [MB/s]: 8596.8 
Global frequency set at 1000000000000 ticks per second
src/mem/dram_interface.cc:690: warn: DRAM device capacity (16384 Mbytes) does not match the address range assigned (512 Mbytes)
src/mem/dram_interface.cc:690: warn: DRAM device capacity (16384 Mbytes) does not match the address range assigned (512 Mbytes)
src/base/statistics.hh:279: warn: One of the stats is a legacy stat. Legacy stat is a stat that does not belong to any statistics::Group. Legacy stat is deprecated.
board.remote_gdb: Listening for connections on port 7002
gem5 Simulator System.  https://www.gem5.org
gem5 is copyrighted software; use the --copyright option for details.

gem5 version 25.0.0.1
gem5 compiled May  5 2026 12:55:05
gem5 started Jun 18 2026 04:51:05
gem5 executing on cn27.guoehi.cluster, pid 190130
command line: /home/fdemirel/HPC_Lab_Proj/imp/../../gem5/build/ALL/gem5.opt -s --outdir=results_imp_multisim --stdout-file=bfs_imp_ipd2_l1d_ddr4_2x_simout.txt --stderr-file=bfs_imp_ipd2_l1d_ddr4_2x_simerr.txt --stats-file=stats.txt -c 'from multiprocessing.spawn import spawn_main; spawn_main(tracker_fd=7, pipe_handle=13)' --multiprocessing-fork

src/sim/mem_state.cc:443: info: Increasing stack size by one page.
src/sim/syscall_emul.hh:1121: warn: readlink() called on '/proc/self/exe' may yield unexpected results in various settings.
      Returning '/home/fdemirel/HPC_Lab_Proj/benchmarks/bfs/bfs-m5.x'
src/arch/arm/insts/pseudo.cc:174: warn: 	instruction 'bti' unimplemented
Beginning BFS ...
----quick sort----
Array SIZE      : 131072 
random_elem:0, /home/fdemirel/HPC_Lab_Proj/benchmarks/quick/quick-m5.x
Execution time: 8.952131 (ms) 
Global frequency set at 1000000000000 ticks per second
src/mem/dram_interface.cc:690: warn: DRAM device capacity (16384 Mbytes) does not match the address range assigned (1024 Mbytes)
src/base/statistics.hh:279: warn: One of the stats is a legacy stat. Legacy stat is a stat that does not belong to any statistics::Group. Legacy stat is deprecated.
board.remote_gdb: Listening for connections on port 7003
gem5 Simulator System.  https://www.gem5.org
gem5 is copyrighted software; use the --copyright option for details.

gem5 version 25.0.0.1
gem5 compiled May  5 2026 12:55:05
gem5 started Jun 18 2026 04:52:35
gem5 executing on cn27.guoehi.cluster, pid 190135
command line: /home/fdemirel/HPC_Lab_Proj/imp/../../gem5/build/ALL/gem5.opt -s --outdir=results_imp_multisim --stdout-file=spmv_imp_thr4_l1d_ddr4_1x_simout.txt --stderr-file=spmv_imp_thr4_l1d_ddr4_1x_simerr.txt --stats-file=stats.txt -c 'from multiprocessing.spawn import spawn_main; spawn_main(tracker_fd=7, pipe_handle=13)' --multiprocessing-fork

src/sim/mem_state.cc:443: info: Increasing stack size by one page.
src/sim/syscall_emul.hh:1121: warn: readlink() called on '/proc/self/exe' may yield unexpected results in various settings.
      Returning '/home/fdemirel/HPC_Lab_Proj/benchmarks/spmv/spmv-m5.x'
src/arch/arm/insts/pseudo.cc:174: warn: 	instruction 'bti' unimplemented
src/sim/mem_state.cc:443: info: Increasing stack size by one page.
src/sim/mem_state.cc:443: info: Increasing stack size by one page.
src/sim/mem_state.cc:443: info: Increasing stack size by one page.
src/sim/mem_state.cc:443: info: Increasing stack size by one page.
src/sim/mem_state.cc:443: info: Increasing stack size by one page.
src/sim/mem_state.cc:443: info: Increasing stack size by one page.
src/sim/mem_state.cc:443: info: Increasing stack size by one page.
----spmv----
N_ROWS          : 8192 
N_COLS          : 65536 
NNZ             : 524155 
Execution time: 6.728739 (ms) 
Finished BFS.
Global frequency set at 1000000000000 ticks per second
src/mem/dram_interface.cc:690: warn: DRAM device capacity (16384 Mbytes) does not match the address range assigned (1024 Mbytes)
src/base/statistics.hh:279: warn: One of the stats is a legacy stat. Legacy stat is a stat that does not belong to any statistics::Group. Legacy stat is deprecated.
board.remote_gdb: Listening for connections on port 7001
Global frequency set at 1000000000000 ticks per second
gem5 Simulator System.  https://www.gem5.org
gem5 is copyrighted software; use the --copyright option for details.

gem5 version 25.0.0.1
gem5 compiled May  5 2026 12:55:05
gem5 started Jun 18 2026 04:54:55
gem5 executing on cn27.guoehi.cluster, pid 190144
command line: /home/fdemirel/HPC_Lab_Proj/imp/../../gem5/build/ALL/gem5.opt -s --outdir=results_imp_multisim --stdout-file=bfs_imp_ipd8_l2_ddr4_1x_simout.txt --stderr-file=bfs_imp_ipd8_l2_ddr4_1x_simerr.txt --stats-file=stats.txt -c 'from multiprocessing.spawn import spawn_main; spawn_main(tracker_fd=7, pipe_handle=13)' --multiprocessing-fork

src/sim/mem_state.cc:443: info: Increasing stack size by one page.
src/sim/syscall_emul.hh:1121: warn: readlink() called on '/proc/self/exe' may yield unexpected results in various settings.
      Returning '/home/fdemirel/HPC_Lab_Proj/benchmarks/bfs/bfs-m5.x'
src/arch/arm/insts/pseudo.cc:174: warn: 	instruction 'bti' unimplemented
src/mem/dram_interface.cc:690: warn: DRAM device capacity (16384 Mbytes) does not match the address range assigned (512 Mbytes)
src/mem/dram_interface.cc:690: warn: DRAM device capacity (16384 Mbytes) does not match the address range assigned (512 Mbytes)
Beginning BFS ...
src/base/statistics.hh:279: warn: One of the stats is a legacy stat. Legacy stat is a stat that does not belong to any statistics::Group. Legacy stat is deprecated.
board.remote_gdb: Listening for connections on port 7003
gem5 Simulator System.  https://www.gem5.org
gem5 is copyrighted software; use the --copyright option for details.

gem5 version 25.0.0.1
gem5 compiled May  5 2026 12:55:05
gem5 started Jun 18 2026 04:54:56
gem5 executing on cn27.guoehi.cluster, pid 190145
command line: /home/fdemirel/HPC_Lab_Proj/imp/../../gem5/build/ALL/gem5.opt -s --outdir=results_imp_multisim --stdout-file=simple_triad_imp_dist32_l2_ddr4_2x_simout.txt --stderr-file=simple_triad_imp_dist32_l2_ddr4_2x_simerr.txt --stats-file=stats.txt -c 'from multiprocessing.spawn import spawn_main; spawn_main(tracker_fd=7, pipe_handle=13)' --multiprocessing-fork

src/sim/mem_state.cc:443: info: Increasing stack size by one page.
src/sim/syscall_emul.hh:1121: warn: readlink() called on '/proc/self/exe' may yield unexpected results in various settings.
      Returning '/home/fdemirel/HPC_Lab_Proj/benchmarks/simple_triad/simple_triad-m5.x'

----merge----
Execution time: 10.335941 (ms) 
random_elem:0, /home/fdemirel/HPC_Lab_Proj/benchmarks/merge/merge-m5.x
Global frequency set at 1000000000000 ticks per second
src/mem/dram_interface.cc:690: warn: DRAM device capacity (16384 Mbytes) does not match the address range assigned (512 Mbytes)
src/mem/dram_interface.cc:690: warn: DRAM device capacity (16384 Mbytes) does not match the address range assigned (512 Mbytes)
src/base/statistics.hh:279: warn: One of the stats is a legacy stat. Legacy stat is a stat that does not belong to any statistics::Group. Legacy stat is deprecated.
board.remote_gdb: Listening for connections on port 7000
gem5 Simulator System.  https://www.gem5.org
gem5 is copyrighted software; use the --copyright option for details.

gem5 version 25.0.0.1
gem5 compiled May  5 2026 12:55:05
gem5 started Jun 18 2026 04:55:17
gem5 executing on cn27.guoehi.cluster, pid 190150
command line: /home/fdemirel/HPC_Lab_Proj/imp/../../gem5/build/ALL/gem5.opt -s --outdir=results_imp_multisim --stdout-file=quick_imp_addrlen2_l1d_ddr4_2x_simout.txt --stderr-file=quick_imp_addrlen2_l1d_ddr4_2x_simerr.txt --stats-file=stats.txt -c 'from multiprocessing.spawn import spawn_main; spawn_main(tracker_fd=7, pipe_handle=13)' --multiprocessing-fork

src/sim/mem_state.cc:443: info: Increasing stack size by one page.
src/sim/syscall_emul.hh:1121: warn: readlink() called on '/proc/self/exe' may yield unexpected results in various settings.
      Returning '/home/fdemirel/HPC_Lab_Proj/benchmarks/quick/quick-m5.x'
src/arch/arm/insts/pseudo.cc:174: warn: 	instruction 'bti' unimplemented
Array SIZE      : 1000000 
Array LOOP      : 1 

----triad----
a[0]=7.00e+00. b[0]=2.00e+00. c[0]=1.00e+00.
Execution time: 2.250846 (ms) 
   Rate [MB/s]: 10662.7 
Global frequency set at 1000000000000 ticks per second
src/mem/dram_interface.cc:690: warn: DRAM device capacity (16384 Mbytes) does not match the address range assigned (512 Mbytes)
src/mem/dram_interface.cc:690: warn: DRAM device capacity (16384 Mbytes) does not match the address range assigned (512 Mbytes)
src/base/statistics.hh:279: warn: One of the stats is a legacy stat. Legacy stat is a stat that does not belong to any statistics::Group. Legacy stat is deprecated.
board.remote_gdb: Listening for connections on port 7003
gem5 Simulator System.  https://www.gem5.org
gem5 is copyrighted software; use the --copyright option for details.

gem5 version 25.0.0.1
gem5 compiled May  5 2026 12:55:05
gem5 started Jun 18 2026 04:56:43
gem5 executing on cn27.guoehi.cluster, pid 190156
command line: /home/fdemirel/HPC_Lab_Proj/imp/../../gem5/build/ALL/gem5.opt -s --outdir=results_imp_multisim --stdout-file=merge_imp_default_l2_ddr4_2x_simout.txt --stderr-file=merge_imp_default_l2_ddr4_2x_simerr.txt --stats-file=stats.txt -c 'from multiprocessing.spawn import spawn_main; spawn_main(tracker_fd=7, pipe_handle=13)' --multiprocessing-fork

src/sim/mem_state.cc:443: info: Increasing stack size by one page.
src/sim/syscall_emul.hh:1121: warn: readlink() called on '/proc/self/exe' may yield unexpected results in various settings.
      Returning '/home/fdemirel/HPC_Lab_Proj/benchmarks/merge/merge-m5.x'
src/arch/arm/insts/pseudo.cc:174: warn: 	instruction 'bti' unimplemented
Finished BFS.
Global frequency set at 1000000000000 ticks per second
src/mem/dram_interface.cc:690: warn: DRAM device capacity (16384 Mbytes) does not match the address range assigned (1024 Mbytes)
src/base/statistics.hh:279: warn: One of the stats is a legacy stat. Legacy stat is a stat that does not belong to any statistics::Group. Legacy stat is deprecated.
board.remote_gdb: Listening for connections on port 7002
gem5 Simulator System.  https://www.gem5.org
gem5 is copyrighted software; use the --copyright option for details.

gem5 version 25.0.0.1
gem5 compiled May  5 2026 12:55:05
gem5 started Jun 18 2026 04:57:49
gem5 executing on cn27.guoehi.cluster, pid 190160
command line: /home/fdemirel/HPC_Lab_Proj/imp/../../gem5/build/ALL/gem5.opt -s --outdir=results_imp_multisim --stdout-file=quick_imp_thr4_l1d_ddr4_1x_simout.txt --stderr-file=quick_imp_thr4_l1d_ddr4_1x_simerr.txt --stats-file=stats.txt -c 'from multiprocessing.spawn import spawn_main; spawn_main(tracker_fd=7, pipe_handle=13)' --multiprocessing-fork

src/sim/mem_state.cc:443: info: Increasing stack size by one page.
src/sim/syscall_emul.hh:1121: warn: readlink() called on '/proc/self/exe' may yield unexpected results in various settings.
      Returning '/home/fdemirel/HPC_Lab_Proj/benchmarks/quick/quick-m5.x'
src/arch/arm/insts/pseudo.cc:174: warn: 	instruction 'bti' unimplemented
----quick sort----
Array SIZE      : 131072 
random_elem:0, /home/fdemirel/HPC_Lab_Proj/benchmarks/quick/quick-m5.x
Execution time: 8.734951 (ms) 
Global frequency set at 1000000000000 ticks per second
src/mem/dram_interface.cc:690: warn: DRAM device capacity (16384 Mbytes) does not match the address range assigned (1024 Mbytes)
src/base/statistics.hh:279: warn: One of the stats is a legacy stat. Legacy stat is a stat that does not belong to any statistics::Group. Legacy stat is deprecated.
board.remote_gdb: Listening for connections on port 7000
gem5 Simulator System.  https://www.gem5.org
gem5 is copyrighted software; use the --copyright option for details.

gem5 version 25.0.0.1
gem5 compiled May  5 2026 12:55:05
gem5 started Jun 18 2026 04:59:32
gem5 executing on cn27.guoehi.cluster, pid 190165
command line: /home/fdemirel/HPC_Lab_Proj/imp/../../gem5/build/ALL/gem5.opt -s --outdir=results_imp_multisim --stdout-file=matmult_imp_pt8_l1d_ddr4_1x_simout.txt --stderr-file=matmult_imp_pt8_l1d_ddr4_1x_simerr.txt --stats-file=stats.txt -c 'from multiprocessing.spawn import spawn_main; spawn_main(tracker_fd=7, pipe_handle=13)' --multiprocessing-fork

src/sim/mem_state.cc:443: info: Increasing stack size by one page.
src/sim/syscall_emul.hh:1121: warn: readlink() called on '/proc/self/exe' may yield unexpected results in various settings.
      Returning '/home/fdemirel/HPC_Lab_Proj/benchmarks/matmult/matmult-m5.x'
src/arch/arm/insts/pseudo.cc:174: warn: 	instruction 'bti' unimplemented

----MATRIX MULTIPLICATION----

----Computation starts----
Loop 0 ... 
argc = 2, A[argc][argc] = 0.500000, B[argc][argc] = 0.500000, C[argc][argc] = 0.500000 
Execution time: 1.234030 (ms) 
Global frequency set at 1000000000000 ticks per second
src/mem/dram_interface.cc:690: warn: DRAM device capacity (16384 Mbytes) does not match the address range assigned (512 Mbytes)
src/mem/dram_interface.cc:690: warn: DRAM device capacity (16384 Mbytes) does not match the address range assigned (512 Mbytes)
src/base/statistics.hh:279: warn: One of the stats is a legacy stat. Legacy stat is a stat that does not belong to any statistics::Group. Legacy stat is deprecated.
board.remote_gdb: Listening for connections on port 7000
gem5 Simulator System.  https://www.gem5.org
gem5 is copyrighted software; use the --copyright option for details.

gem5 version 25.0.0.1
gem5 compiled May  5 2026 12:55:05
gem5 started Jun 18 2026 05:00:44
gem5 executing on cn27.guoehi.cluster, pid 190175
command line: /home/fdemirel/HPC_Lab_Proj/imp/../../gem5/build/ALL/gem5.opt -s --outdir=results_imp_multisim --stdout-file=simple_triad_imp_thr3_l1d_ddr4_2x_simout.txt --stderr-file=simple_triad_imp_thr3_l1d_ddr4_2x_simerr.txt --stats-file=stats.txt -c 'from multiprocessing.spawn import spawn_main; spawn_main(tracker_fd=7, pipe_handle=13)' --multiprocessing-fork

src/sim/mem_state.cc:443: info: Increasing stack size by one page.
src/sim/syscall_emul.hh:1121: warn: readlink() called on '/proc/self/exe' may yield unexpected results in various settings.
      Returning '/home/fdemirel/HPC_Lab_Proj/benchmarks/simple_triad/simple_triad-m5.x'
Finished BFS.
Global frequency set at 1000000000000 ticks per second
src/mem/dram_interface.cc:690: warn: DRAM device capacity (16384 Mbytes) does not match the address range assigned (512 Mbytes)
src/mem/dram_interface.cc:690: warn: DRAM device capacity (16384 Mbytes) does not match the address range assigned (512 Mbytes)
src/base/statistics.hh:279: warn: One of the stats is a legacy stat. Legacy stat is a stat that does not belong to any statistics::Group. Legacy stat is deprecated.
board.remote_gdb: Listening for connections on port 7001
gem5 Simulator System.  https://www.gem5.org
gem5 is copyrighted software; use the --copyright option for details.

gem5 version 25.0.0.1
gem5 compiled May  5 2026 12:55:05
gem5 started Jun 18 2026 05:01:06
gem5 executing on cn27.guoehi.cluster, pid 190180
command line: /home/fdemirel/HPC_Lab_Proj/imp/../../gem5/build/ALL/gem5.opt -s --outdir=results_imp_multisim --stdout-file=bfs_imp_addrlen2_l2_ddr4_2x_simout.txt --stderr-file=bfs_imp_addrlen2_l2_ddr4_2x_simerr.txt --stats-file=stats.txt -c 'from multiprocessing.spawn import spawn_main; spawn_main(tracker_fd=7, pipe_handle=13)' --multiprocessing-fork

src/sim/mem_state.cc:443: info: Increasing stack size by one page.
src/sim/syscall_emul.hh:1121: warn: readlink() called on '/proc/self/exe' may yield unexpected results in various settings.
      Returning '/home/fdemirel/HPC_Lab_Proj/benchmarks/bfs/bfs-m5.x'
src/arch/arm/insts/pseudo.cc:174: warn: 	instruction 'bti' unimplemented
Beginning BFS ...

----merge----
Execution time: 10.543216 (ms) 
random_elem:0, /home/fdemirel/HPC_Lab_Proj/benchmarks/merge/merge-m5.x
----quick sort----
Array SIZE      : 131072 
random_elem:0, /home/fdemirel/HPC_Lab_Proj/benchmarks/quick/quick-m5.x
Execution time: 8.782714 (ms) 
Global frequency set at 1000000000000 ticks per second
src/mem/dram_interface.cc:690: warn: DRAM device capacity (16384 Mbytes) does not match the address range assigned (1024 Mbytes)
src/base/statistics.hh:279: warn: One of the stats is a legacy stat. Legacy stat is a stat that does not belong to any statistics::Group. Legacy stat is deprecated.
board.remote_gdb: Listening for connections on port 7002
gem5 Simulator System.  https://www.gem5.org
gem5 is copyrighted software; use the --copyright option for details.

gem5 version 25.0.0.1
gem5 compiled May  5 2026 12:55:05
gem5 started Jun 18 2026 05:01:49
gem5 executing on cn27.guoehi.cluster, pid 190183
command line: /home/fdemirel/HPC_Lab_Proj/imp/../../gem5/build/ALL/gem5.opt -s --outdir=results_imp_multisim --stdout-file=simple_triad_imp_addrlen2_l1d_ddr4_1x_simout.txt --stderr-file=simple_triad_imp_addrlen2_l1d_ddr4_1x_simerr.txt --stats-file=stats.txt -c 'from multiprocessing.spawn import spawn_main; spawn_main(tracker_fd=7, pipe_handle=13)' --multiprocessing-fork

src/sim/mem_state.cc:443: info: Increasing stack size by one page.
src/sim/syscall_emul.hh:1121: warn: readlink() called on '/proc/self/exe' may yield unexpected results in various settings.
      Returning '/home/fdemirel/HPC_Lab_Proj/benchmarks/simple_triad/simple_triad-m5.x'
Global frequency set at 1000000000000 ticks per second
src/mem/dram_interface.cc:690: warn: DRAM device capacity (16384 Mbytes) does not match the address range assigned (1024 Mbytes)
src/base/statistics.hh:279: warn: One of the stats is a legacy stat. Legacy stat is a stat that does not belong to any statistics::Group. Legacy stat is deprecated.
board.remote_gdb: Listening for connections on port 7003
gem5 Simulator System.  https://www.gem5.org
gem5 is copyrighted software; use the --copyright option for details.

gem5 version 25.0.0.1
gem5 compiled May  5 2026 12:55:05
gem5 started Jun 18 2026 05:02:01
gem5 executing on cn27.guoehi.cluster, pid 190186
command line: /home/fdemirel/HPC_Lab_Proj/imp/../../gem5/build/ALL/gem5.opt -s --outdir=results_imp_multisim --stdout-file=quick_imp_sdist16_l2_ddr4_1x_simout.txt --stderr-file=quick_imp_sdist16_l2_ddr4_1x_simerr.txt --stats-file=stats.txt -c 'from multiprocessing.spawn import spawn_main; spawn_main(tracker_fd=7, pipe_handle=13)' --multiprocessing-fork

src/sim/mem_state.cc:443: info: Increasing stack size by one page.
src/sim/syscall_emul.hh:1121: warn: readlink() called on '/proc/self/exe' may yield unexpected results in various settings.
      Returning '/home/fdemirel/HPC_Lab_Proj/benchmarks/quick/quick-m5.x'
src/arch/arm/insts/pseudo.cc:174: warn: 	instruction 'bti' unimplemented
Array SIZE      : 1000000 
Array LOOP      : 1 

----triad----
a[0]=7.00e+00. b[0]=2.00e+00. c[0]=1.00e+00.
Execution time: 2.245558 (ms) 
   Rate [MB/s]: 10687.8 
Global frequency set at 1000000000000 ticks per second
src/mem/dram_interface.cc:690: warn: DRAM device capacity (16384 Mbytes) does not match the address range assigned (1024 Mbytes)
src/base/statistics.hh:279: warn: One of the stats is a legacy stat. Legacy stat is a stat that does not belong to any statistics::Group. Legacy stat is deprecated.
board.remote_gdb: Listening for connections on port 7000
gem5 Simulator System.  https://www.gem5.org
gem5 is copyrighted software; use the --copyright option for details.

gem5 version 25.0.0.1
gem5 compiled May  5 2026 12:55:05
gem5 started Jun 18 2026 05:02:37
gem5 executing on cn27.guoehi.cluster, pid 190192
command line: /home/fdemirel/HPC_Lab_Proj/imp/../../gem5/build/ALL/gem5.opt -s --outdir=results_imp_multisim --stdout-file=matmult_imp_ipd2_l2_ddr4_1x_simout.txt --stderr-file=matmult_imp_ipd2_l2_ddr4_1x_simerr.txt --stats-file=stats.txt -c 'from multiprocessing.spawn import spawn_main; spawn_main(tracker_fd=7, pipe_handle=13)' --multiprocessing-fork

src/sim/mem_state.cc:443: info: Increasing stack size by one page.
src/sim/syscall_emul.hh:1121: warn: readlink() called on '/proc/self/exe' may yield unexpected results in various settings.
      Returning '/home/fdemirel/HPC_Lab_Proj/benchmarks/matmult/matmult-m5.x'
src/arch/arm/insts/pseudo.cc:174: warn: 	instruction 'bti' unimplemented
Array SIZE      : 1000000 
Array LOOP      : 1 

----triad----
a[0]=7.00e+00. b[0]=2.00e+00. c[0]=1.00e+00.
Execution time: 2.776922 (ms) 
   Rate [MB/s]: 8642.7 

----MATRIX MULTIPLICATION----

----Computation starts----
Loop 0 ... 
argc = 2, A[argc][argc] = 0.500000, B[argc][argc] = 0.500000, C[argc][argc] = 0.500000 
Execution time: 1.229960 (ms) 
Global frequency set at 1000000000000 ticks per second
Global frequency set at 1000000000000 ticks per second
src/mem/dram_interface.cc:690: warn: DRAM device capacity (16384 Mbytes) does not match the address range assigned (1024 Mbytes)
src/base/statistics.hh:279: warn: One of the stats is a legacy stat. Legacy stat is a stat that does not belong to any statistics::Group. Legacy stat is deprecated.
board.remote_gdb: Listening for connections on port 7000
src/mem/dram_interface.cc:690: warn: DRAM device capacity (16384 Mbytes) does not match the address range assigned (512 Mbytes)
src/mem/dram_interface.cc:690: warn: DRAM device capacity (16384 Mbytes) does not match the address range assigned (512 Mbytes)
src/base/statistics.hh:279: warn: One of the stats is a legacy stat. Legacy stat is a stat that does not belong to any statistics::Group. Legacy stat is deprecated.
board.remote_gdb: Listening for connections on port 7002
gem5 Simulator System.  https://www.gem5.org
gem5 is copyrighted software; use the --copyright option for details.

gem5 version 25.0.0.1
gem5 compiled May  5 2026 12:55:05
gem5 started Jun 18 2026 05:03:46
gem5 executing on cn27.guoehi.cluster, pid 190199
command line: /home/fdemirel/HPC_Lab_Proj/imp/../../gem5/build/ALL/gem5.opt -s --outdir=results_imp_multisim --stdout-file=bfs_imp_dist64_l2_ddr4_1x_simout.txt --stderr-file=bfs_imp_dist64_l2_ddr4_1x_simerr.txt --stats-file=stats.txt -c 'from multiprocessing.spawn import spawn_main; spawn_main(tracker_fd=7, pipe_handle=12)' --multiprocessing-fork

src/sim/mem_state.cc:443: info: Increasing stack size by one page.
src/sim/syscall_emul.hh:1121: warn: readlink() called on '/proc/self/exe' may yield unexpected results in various settings.
      Returning '/home/fdemirel/HPC_Lab_Proj/benchmarks/bfs/bfs-m5.x'
src/arch/arm/insts/pseudo.cc:174: warn: 	instruction 'bti' unimplemented
gem5 Simulator System.  https://www.gem5.org
gem5 is copyrighted software; use the --copyright option for details.

gem5 version 25.0.0.1
gem5 compiled May  5 2026 12:55:05
gem5 started Jun 18 2026 05:03:46
gem5 executing on cn27.guoehi.cluster, pid 190200
command line: /home/fdemirel/HPC_Lab_Proj/imp/../../gem5/build/ALL/gem5.opt -s --outdir=results_imp_multisim --stdout-file=matmult_imp_thr3_l2_ddr4_2x_simout.txt --stderr-file=matmult_imp_thr3_l2_ddr4_2x_simerr.txt --stats-file=stats.txt -c 'from multiprocessing.spawn import spawn_main; spawn_main(tracker_fd=7, pipe_handle=14)' --multiprocessing-fork

src/sim/mem_state.cc:443: info: Increasing stack size by one page.
src/sim/syscall_emul.hh:1121: warn: readlink() called on '/proc/self/exe' may yield unexpected results in various settings.
      Returning '/home/fdemirel/HPC_Lab_Proj/benchmarks/matmult/matmult-m5.x'
src/arch/arm/insts/pseudo.cc:174: warn: 	instruction 'bti' unimplemented
Beginning BFS ...

----MATRIX MULTIPLICATION----

----Computation starts----
Loop 0 ... 
argc = 2, A[argc][argc] = 0.500000, B[argc][argc] = 0.500000, C[argc][argc] = 0.500000 
Execution time: 1.222351 (ms) 
Global frequency set at 1000000000000 ticks per second
src/mem/dram_interface.cc:690: warn: DRAM device capacity (16384 Mbytes) does not match the address range assigned (512 Mbytes)
src/mem/dram_interface.cc:690: warn: DRAM device capacity (16384 Mbytes) does not match the address range assigned (512 Mbytes)
src/base/statistics.hh:279: warn: One of the stats is a legacy stat. Legacy stat is a stat that does not belong to any statistics::Group. Legacy stat is deprecated.
board.remote_gdb: Listening for connections on port 7002
gem5 Simulator System.  https://www.gem5.org
gem5 is copyrighted software; use the --copyright option for details.

gem5 version 25.0.0.1
gem5 compiled May  5 2026 12:55:05
gem5 started Jun 18 2026 05:04:54
gem5 executing on cn27.guoehi.cluster, pid 190206
command line: /home/fdemirel/HPC_Lab_Proj/imp/../../gem5/build/ALL/gem5.opt -s --outdir=results_imp_multisim --stdout-file=merge_imp_dist32_l1d_ddr4_2x_simout.txt --stderr-file=merge_imp_dist32_l1d_ddr4_2x_simerr.txt --stats-file=stats.txt -c 'from multiprocessing.spawn import spawn_main; spawn_main(tracker_fd=7, pipe_handle=14)' --multiprocessing-fork

src/sim/mem_state.cc:443: info: Increasing stack size by one page.
src/sim/syscall_emul.hh:1121: warn: readlink() called on '/proc/self/exe' may yield unexpected results in various settings.
      Returning '/home/fdemirel/HPC_Lab_Proj/benchmarks/merge/merge-m5.x'
src/arch/arm/insts/pseudo.cc:174: warn: 	instruction 'bti' unimplemented
----quick sort----
Array SIZE      : 131072 
random_elem:0, /home/fdemirel/HPC_Lab_Proj/benchmarks/quick/quick-m5.x
Execution time: 8.802016 (ms) 
Global frequency set at 1000000000000 ticks per second
src/mem/dram_interface.cc:690: warn: DRAM device capacity (16384 Mbytes) does not match the address range assigned (1024 Mbytes)
src/base/statistics.hh:279: warn: One of the stats is a legacy stat. Legacy stat is a stat that does not belong to any statistics::Group. Legacy stat is deprecated.
board.remote_gdb: Listening for connections on port 7003
gem5 Simulator System.  https://www.gem5.org
gem5 is copyrighted software; use the --copyright option for details.

gem5 version 25.0.0.1
gem5 compiled May  5 2026 12:55:05
gem5 started Jun 18 2026 05:06:05
gem5 executing on cn27.guoehi.cluster, pid 190212
command line: /home/fdemirel/HPC_Lab_Proj/imp/../../gem5/build/ALL/gem5.opt -s --outdir=results_imp_multisim --stdout-file=merge_imp_pt8_l1d_ddr4_1x_simout.txt --stderr-file=merge_imp_pt8_l1d_ddr4_1x_simerr.txt --stats-file=stats.txt -c 'from multiprocessing.spawn import spawn_main; spawn_main(tracker_fd=7, pipe_handle=14)' --multiprocessing-fork

src/sim/mem_state.cc:443: info: Increasing stack size by one page.
src/sim/syscall_emul.hh:1121: warn: readlink() called on '/proc/self/exe' may yield unexpected results in various settings.
      Returning '/home/fdemirel/HPC_Lab_Proj/benchmarks/merge/merge-m5.x'
src/arch/arm/insts/pseudo.cc:174: warn: 	instruction 'bti' unimplemented
Finished BFS.
Global frequency set at 1000000000000 ticks per second
src/mem/dram_interface.cc:690: warn: DRAM device capacity (16384 Mbytes) does not match the address range assigned (512 Mbytes)
src/mem/dram_interface.cc:690: warn: DRAM device capacity (16384 Mbytes) does not match the address range assigned (512 Mbytes)
src/base/statistics.hh:279: warn: One of the stats is a legacy stat. Legacy stat is a stat that does not belong to any statistics::Group. Legacy stat is deprecated.
board.remote_gdb: Listening for connections on port 7001
gem5 Simulator System.  https://www.gem5.org
gem5 is copyrighted software; use the --copyright option for details.

gem5 version 25.0.0.1
gem5 compiled May  5 2026 12:55:05
gem5 started Jun 18 2026 05:07:12
gem5 executing on cn27.guoehi.cluster, pid 190218
command line: /home/fdemirel/HPC_Lab_Proj/imp/../../gem5/build/ALL/gem5.opt -s --outdir=results_imp_multisim --stdout-file=bfs_imp_default_l2_ddr4_2x_simout.txt --stderr-file=bfs_imp_default_l2_ddr4_2x_simerr.txt --stats-file=stats.txt -c 'from multiprocessing.spawn import spawn_main; spawn_main(tracker_fd=7, pipe_handle=14)' --multiprocessing-fork

src/sim/mem_state.cc:443: info: Increasing stack size by one page.
src/sim/syscall_emul.hh:1121: warn: readlink() called on '/proc/self/exe' may yield unexpected results in various settings.
      Returning '/home/fdemirel/HPC_Lab_Proj/benchmarks/bfs/bfs-m5.x'
src/arch/arm/insts/pseudo.cc:174: warn: 	instruction 'bti' unimplemented
Beginning BFS ...
Finished BFS.

----merge----
Execution time: 10.326216 (ms) 
random_elem:0, /home/fdemirel/HPC_Lab_Proj/benchmarks/merge/merge-m5.x
Global frequency set at 1000000000000 ticks per second
src/mem/dram_interface.cc:690: warn: DRAM device capacity (16384 Mbytes) does not match the address range assigned (512 Mbytes)
src/mem/dram_interface.cc:690: warn: DRAM device capacity (16384 Mbytes) does not match the address range assigned (512 Mbytes)
src/base/statistics.hh:279: warn: One of the stats is a legacy stat. Legacy stat is a stat that does not belong to any statistics::Group. Legacy stat is deprecated.
board.remote_gdb: Listening for connections on port 7000
gem5 Simulator System.  https://www.gem5.org
gem5 is copyrighted software; use the --copyright option for details.

gem5 version 25.0.0.1
gem5 compiled May  5 2026 12:55:05
gem5 started Jun 18 2026 05:10:01
gem5 executing on cn27.guoehi.cluster, pid 190226
command line: /home/fdemirel/HPC_Lab_Proj/imp/../../gem5/build/ALL/gem5.opt -s --outdir=results_imp_multisim --stdout-file=spmv_imp_thr3_l1d_ddr4_2x_simout.txt --stderr-file=spmv_imp_thr3_l1d_ddr4_2x_simerr.txt --stats-file=stats.txt -c 'from multiprocessing.spawn import spawn_main; spawn_main(tracker_fd=7, pipe_handle=13)' --multiprocessing-fork

src/sim/mem_state.cc:443: info: Increasing stack size by one page.
src/sim/syscall_emul.hh:1121: warn: readlink() called on '/proc/self/exe' may yield unexpected results in various settings.
      Returning '/home/fdemirel/HPC_Lab_Proj/benchmarks/spmv/spmv-m5.x'
src/arch/arm/insts/pseudo.cc:174: warn: 	instruction 'bti' unimplemented
src/sim/mem_state.cc:443: info: Increasing stack size by one page.
src/sim/mem_state.cc:443: info: Increasing stack size by one page.
src/sim/mem_state.cc:443: info: Increasing stack size by one page.
src/sim/mem_state.cc:443: info: Increasing stack size by one page.
src/sim/mem_state.cc:443: info: Increasing stack size by one page.
src/sim/mem_state.cc:443: info: Increasing stack size by one page.
src/sim/mem_state.cc:443: info: Increasing stack size by one page.
Global frequency set at 1000000000000 ticks per second
src/mem/dram_interface.cc:690: warn: DRAM device capacity (16384 Mbytes) does not match the address range assigned (1024 Mbytes)
src/base/statistics.hh:279: warn: One of the stats is a legacy stat. Legacy stat is a stat that does not belong to any statistics::Group. Legacy stat is deprecated.
board.remote_gdb: Listening for connections on port 7002
gem5 Simulator System.  https://www.gem5.org
gem5 is copyrighted software; use the --copyright option for details.

gem5 version 25.0.0.1
gem5 compiled May  5 2026 12:55:05
gem5 started Jun 18 2026 05:10:06
gem5 executing on cn27.guoehi.cluster, pid 190227
command line: /home/fdemirel/HPC_Lab_Proj/imp/../../gem5/build/ALL/gem5.opt -s --outdir=results_imp_multisim --stdout-file=matmult_imp_default_l1d_ddr4_1x_simout.txt --stderr-file=matmult_imp_default_l1d_ddr4_1x_simerr.txt --stats-file=stats.txt -c 'from multiprocessing.spawn import spawn_main; spawn_main(tracker_fd=7, pipe_handle=13)' --multiprocessing-fork

src/sim/mem_state.cc:443: info: Increasing stack size by one page.
src/sim/syscall_emul.hh:1121: warn: readlink() called on '/proc/self/exe' may yield unexpected results in various settings.
      Returning '/home/fdemirel/HPC_Lab_Proj/benchmarks/matmult/matmult-m5.x'
src/arch/arm/insts/pseudo.cc:174: warn: 	instruction 'bti' unimplemented

----merge----
Execution time: 10.342051 (ms) 
random_elem:0, /home/fdemirel/HPC_Lab_Proj/benchmarks/merge/merge-m5.x

----MATRIX MULTIPLICATION----

----Computation starts----
Loop 0 ... 
argc = 2, A[argc][argc] = 0.500000, B[argc][argc] = 0.500000, C[argc][argc] = 0.500000 
Execution time: 1.234030 (ms) 
Global frequency set at 1000000000000 ticks per second
src/mem/dram_interface.cc:690: warn: DRAM device capacity (16384 Mbytes) does not match the address range assigned (512 Mbytes)
src/mem/dram_interface.cc:690: warn: DRAM device capacity (16384 Mbytes) does not match the address range assigned (512 Mbytes)
src/base/statistics.hh:279: warn: One of the stats is a legacy stat. Legacy stat is a stat that does not belong to any statistics::Group. Legacy stat is deprecated.
board.remote_gdb: Listening for connections on port 7002
gem5 Simulator System.  https://www.gem5.org
gem5 is copyrighted software; use the --copyright option for details.

gem5 version 25.0.0.1
gem5 compiled May  5 2026 12:55:05
gem5 started Jun 18 2026 05:11:04
gem5 executing on cn27.guoehi.cluster, pid 190237
command line: /home/fdemirel/HPC_Lab_Proj/imp/../../gem5/build/ALL/gem5.opt -s --outdir=results_imp_multisim --stdout-file=simple_triad_imp_sdist8_l2_ddr4_2x_simout.txt --stderr-file=simple_triad_imp_sdist8_l2_ddr4_2x_simerr.txt --stats-file=stats.txt -c 'from multiprocessing.spawn import spawn_main; spawn_main(tracker_fd=7, pipe_handle=13)' --multiprocessing-fork

src/sim/mem_state.cc:443: info: Increasing stack size by one page.
src/sim/syscall_emul.hh:1121: warn: readlink() called on '/proc/self/exe' may yield unexpected results in various settings.
      Returning '/home/fdemirel/HPC_Lab_Proj/benchmarks/simple_triad/simple_triad-m5.x'
Global frequency set at 1000000000000 ticks per second
src/mem/dram_interface.cc:690: warn: DRAM device capacity (16384 Mbytes) does not match the address range assigned (512 Mbytes)
src/mem/dram_interface.cc:690: warn: DRAM device capacity (16384 Mbytes) does not match the address range assigned (512 Mbytes)
src/base/statistics.hh:279: warn: One of the stats is a legacy stat. Legacy stat is a stat that does not belong to any statistics::Group. Legacy stat is deprecated.
board.remote_gdb: Listening for connections on port 7003
gem5 Simulator System.  https://www.gem5.org
gem5 is copyrighted software; use the --copyright option for details.

gem5 version 25.0.0.1
gem5 compiled May  5 2026 12:55:05
gem5 started Jun 18 2026 05:11:19
gem5 executing on cn27.guoehi.cluster, pid 190238
command line: /home/fdemirel/HPC_Lab_Proj/imp/../../gem5/build/ALL/gem5.opt -s --outdir=results_imp_multisim --stdout-file=quick_imp_dist32_l2_ddr4_2x_simout.txt --stderr-file=quick_imp_dist32_l2_ddr4_2x_simerr.txt --stats-file=stats.txt -c 'from multiprocessing.spawn import spawn_main; spawn_main(tracker_fd=7, pipe_handle=13)' --multiprocessing-fork

src/sim/mem_state.cc:443: info: Increasing stack size by one page.
src/sim/syscall_emul.hh:1121: warn: readlink() called on '/proc/self/exe' may yield unexpected results in various settings.
      Returning '/home/fdemirel/HPC_Lab_Proj/benchmarks/quick/quick-m5.x'
src/arch/arm/insts/pseudo.cc:174: warn: 	instruction 'bti' unimplemented
----spmv----
N_ROWS          : 8192 
N_COLS          : 65536 
NNZ             : 524155 
Execution time: 6.310355 (ms) 
Global frequency set at 1000000000000 ticks per second
src/mem/dram_interface.cc:690: warn: DRAM device capacity (16384 Mbytes) does not match the address range assigned (512 Mbytes)
src/mem/dram_interface.cc:690: warn: DRAM device capacity (16384 Mbytes) does not match the address range assigned (512 Mbytes)
src/base/statistics.hh:279: warn: One of the stats is a legacy stat. Legacy stat is a stat that does not belong to any statistics::Group. Legacy stat is deprecated.
board.remote_gdb: Listening for connections on port 7000
gem5 Simulator System.  https://www.gem5.org
gem5 is copyrighted software; use the --copyright option for details.

gem5 version 25.0.0.1
gem5 compiled May  5 2026 12:55:05
gem5 started Jun 18 2026 05:12:23
gem5 executing on cn27.guoehi.cluster, pid 190244
command line: /home/fdemirel/HPC_Lab_Proj/imp/../../gem5/build/ALL/gem5.opt -s --outdir=results_imp_multisim --stdout-file=matmult_imp_sdist8_l1d_ddr4_2x_simout.txt --stderr-file=matmult_imp_sdist8_l1d_ddr4_2x_simerr.txt --stats-file=stats.txt -c 'from multiprocessing.spawn import spawn_main; spawn_main(tracker_fd=7, pipe_handle=13)' --multiprocessing-fork

src/sim/mem_state.cc:443: info: Increasing stack size by one page.
src/sim/syscall_emul.hh:1121: warn: readlink() called on '/proc/self/exe' may yield unexpected results in various settings.
      Returning '/home/fdemirel/HPC_Lab_Proj/benchmarks/matmult/matmult-m5.x'
src/arch/arm/insts/pseudo.cc:174: warn: 	instruction 'bti' unimplemented
Array SIZE      : 1000000 
Array LOOP      : 1 

----triad----
a[0]=7.00e+00. b[0]=2.00e+00. c[0]=1.00e+00.
Execution time: 2.058530 (ms) 
   Rate [MB/s]: 11658.8 
Global frequency set at 1000000000000 ticks per second
src/mem/dram_interface.cc:690: warn: DRAM device capacity (16384 Mbytes) does not match the address range assigned (512 Mbytes)
src/mem/dram_interface.cc:690: warn: DRAM device capacity (16384 Mbytes) does not match the address range assigned (512 Mbytes)
src/base/statistics.hh:279: warn: One of the stats is a legacy stat. Legacy stat is a stat that does not belong to any statistics::Group. Legacy stat is deprecated.
board.remote_gdb: Listening for connections on port 7002
gem5 Simulator System.  https://www.gem5.org
gem5 is copyrighted software; use the --copyright option for details.

gem5 version 25.0.0.1
gem5 compiled May  5 2026 12:55:05
gem5 started Jun 18 2026 05:12:47
gem5 executing on cn27.guoehi.cluster, pid 190248
command line: /home/fdemirel/HPC_Lab_Proj/imp/../../gem5/build/ALL/gem5.opt -s --outdir=results_imp_multisim --stdout-file=quick_imp_thr3_l1d_ddr4_2x_simout.txt --stderr-file=quick_imp_thr3_l1d_ddr4_2x_simerr.txt --stats-file=stats.txt -c 'from multiprocessing.spawn import spawn_main; spawn_main(tracker_fd=7, pipe_handle=13)' --multiprocessing-fork

src/sim/mem_state.cc:443: info: Increasing stack size by one page.
src/sim/syscall_emul.hh:1121: warn: readlink() called on '/proc/self/exe' may yield unexpected results in various settings.
      Returning '/home/fdemirel/HPC_Lab_Proj/benchmarks/quick/quick-m5.x'
src/arch/arm/insts/pseudo.cc:174: warn: 	instruction 'bti' unimplemented
Finished BFS.
Global frequency set at 1000000000000 ticks per second
src/mem/dram_interface.cc:690: warn: DRAM device capacity (16384 Mbytes) does not match the address range assigned (1024 Mbytes)
src/base/statistics.hh:279: warn: One of the stats is a legacy stat. Legacy stat is a stat that does not belong to any statistics::Group. Legacy stat is deprecated.
board.remote_gdb: Listening for connections on port 7001
gem5 Simulator System.  https://www.gem5.org
gem5 is copyrighted software; use the --copyright option for details.

gem5 version 25.0.0.1
gem5 compiled May  5 2026 12:55:05
gem5 started Jun 18 2026 05:13:14
gem5 executing on cn27.guoehi.cluster, pid 190252
command line: /home/fdemirel/HPC_Lab_Proj/imp/../../gem5/build/ALL/gem5.opt -s --outdir=results_imp_multisim --stdout-file=merge_imp_ipd2_l2_ddr4_1x_simout.txt --stderr-file=merge_imp_ipd2_l2_ddr4_1x_simerr.txt --stats-file=stats.txt -c 'from multiprocessing.spawn import spawn_main; spawn_main(tracker_fd=7, pipe_handle=13)' --multiprocessing-fork

src/sim/mem_state.cc:443: info: Increasing stack size by one page.
src/sim/syscall_emul.hh:1121: warn: readlink() called on '/proc/self/exe' may yield unexpected results in various settings.
      Returning '/home/fdemirel/HPC_Lab_Proj/benchmarks/merge/merge-m5.x'
src/arch/arm/insts/pseudo.cc:174: warn: 	instruction 'bti' unimplemented

----MATRIX MULTIPLICATION----

----Computation starts----
Loop 0 ... 
argc = 2, A[argc][argc] = 0.500000, B[argc][argc] = 0.500000, C[argc][argc] = 0.500000 
Execution time: 1.219418 (ms) 
Global frequency set at 1000000000000 ticks per second
src/mem/dram_interface.cc:690: warn: DRAM device capacity (16384 Mbytes) does not match the address range assigned (1024 Mbytes)
src/base/statistics.hh:279: warn: One of the stats is a legacy stat. Legacy stat is a stat that does not belong to any statistics::Group. Legacy stat is deprecated.
board.remote_gdb: Listening for connections on port 7000
gem5 Simulator System.  https://www.gem5.org
gem5 is copyrighted software; use the --copyright option for details.

gem5 version 25.0.0.1
gem5 compiled May  5 2026 12:55:05
gem5 started Jun 18 2026 05:13:34
gem5 executing on cn27.guoehi.cluster, pid 190256
command line: /home/fdemirel/HPC_Lab_Proj/imp/../../gem5/build/ALL/gem5.opt -s --outdir=results_imp_multisim --stdout-file=simple_triad_imp_thr3_l1d_ddr4_1x_simout.txt --stderr-file=simple_triad_imp_thr3_l1d_ddr4_1x_simerr.txt --stats-file=stats.txt -c 'from multiprocessing.spawn import spawn_main; spawn_main(tracker_fd=7, pipe_handle=13)' --multiprocessing-fork

src/sim/mem_state.cc:443: info: Increasing stack size by one page.
src/sim/syscall_emul.hh:1121: warn: readlink() called on '/proc/self/exe' may yield unexpected results in various settings.
      Returning '/home/fdemirel/HPC_Lab_Proj/benchmarks/simple_triad/simple_triad-m5.x'
Array SIZE      : 1000000 
Array LOOP      : 1 

----triad----
a[0]=7.00e+00. b[0]=2.00e+00. c[0]=1.00e+00.
Execution time: 2.776922 (ms) 
   Rate [MB/s]: 8642.7 
----quick sort----
Array SIZE      : 131072 
random_elem:0, /home/fdemirel/HPC_Lab_Proj/benchmarks/quick/quick-m5.x
Execution time: 8.952131 (ms) 
Global frequency set at 1000000000000 ticks per second
src/mem/dram_interface.cc:690: warn: DRAM device capacity (16384 Mbytes) does not match the address range assigned (1024 Mbytes)
src/base/statistics.hh:279: warn: One of the stats is a legacy stat. Legacy stat is a stat that does not belong to any statistics::Group. Legacy stat is deprecated.
board.remote_gdb: Listening for connections on port 7000
gem5 Simulator System.  https://www.gem5.org
gem5 is copyrighted software; use the --copyright option for details.

gem5 version 25.0.0.1
gem5 compiled May  5 2026 12:55:05
gem5 started Jun 18 2026 05:15:28
gem5 executing on cn27.guoehi.cluster, pid 190261
command line: /home/fdemirel/HPC_Lab_Proj/imp/../../gem5/build/ALL/gem5.opt -s --outdir=results_imp_multisim --stdout-file=merge_imp_default_l1d_ddr4_1x_simout.txt --stderr-file=merge_imp_default_l1d_ddr4_1x_simerr.txt --stats-file=stats.txt -c 'from multiprocessing.spawn import spawn_main; spawn_main(tracker_fd=7, pipe_handle=13)' --multiprocessing-fork

src/sim/mem_state.cc:443: info: Increasing stack size by one page.
src/sim/syscall_emul.hh:1121: warn: readlink() called on '/proc/self/exe' may yield unexpected results in various settings.
      Returning '/home/fdemirel/HPC_Lab_Proj/benchmarks/merge/merge-m5.x'
src/arch/arm/insts/pseudo.cc:174: warn: 	instruction 'bti' unimplemented
Global frequency set at 1000000000000 ticks per second
src/mem/dram_interface.cc:690: warn: DRAM device capacity (16384 Mbytes) does not match the address range assigned (512 Mbytes)
src/mem/dram_interface.cc:690: warn: DRAM device capacity (16384 Mbytes) does not match the address range assigned (512 Mbytes)
src/base/statistics.hh:279: warn: One of the stats is a legacy stat. Legacy stat is a stat that does not belong to any statistics::Group. Legacy stat is deprecated.
board.remote_gdb: Listening for connections on port 7003
gem5 Simulator System.  https://www.gem5.org
gem5 is copyrighted software; use the --copyright option for details.

gem5 version 25.0.0.1
gem5 compiled May  5 2026 12:55:05
gem5 started Jun 18 2026 05:15:32
gem5 executing on cn27.guoehi.cluster, pid 190263
command line: /home/fdemirel/HPC_Lab_Proj/imp/../../gem5/build/ALL/gem5.opt -s --outdir=results_imp_multisim --stdout-file=spmv_imp_sdist8_l2_ddr4_2x_simout.txt --stderr-file=spmv_imp_sdist8_l2_ddr4_2x_simerr.txt --stats-file=stats.txt -c 'from multiprocessing.spawn import spawn_main; spawn_main(tracker_fd=7, pipe_handle=13)' --multiprocessing-fork

src/sim/mem_state.cc:443: info: Increasing stack size by one page.
src/sim/syscall_emul.hh:1121: warn: readlink() called on '/proc/self/exe' may yield unexpected results in various settings.
      Returning '/home/fdemirel/HPC_Lab_Proj/benchmarks/spmv/spmv-m5.x'
src/arch/arm/insts/pseudo.cc:174: warn: 	instruction 'bti' unimplemented
src/sim/mem_state.cc:443: info: Increasing stack size by one page.
src/sim/mem_state.cc:443: info: Increasing stack size by one page.
src/sim/mem_state.cc:443: info: Increasing stack size by one page.
src/sim/mem_state.cc:443: info: Increasing stack size by one page.
src/sim/mem_state.cc:443: info: Increasing stack size by one page.
src/sim/mem_state.cc:443: info: Increasing stack size by one page.
src/sim/mem_state.cc:443: info: Increasing stack size by one page.
----quick sort----
Array SIZE      : 131072 
random_elem:0, /home/fdemirel/HPC_Lab_Proj/benchmarks/quick/quick-m5.x
Execution time: 8.734951 (ms) 
Global frequency set at 1000000000000 ticks per second
src/mem/dram_interface.cc:690: warn: DRAM device capacity (16384 Mbytes) does not match the address range assigned (1024 Mbytes)
src/base/statistics.hh:279: warn: One of the stats is a legacy stat. Legacy stat is a stat that does not belong to any statistics::Group. Legacy stat is deprecated.
board.remote_gdb: Listening for connections on port 7002
gem5 Simulator System.  https://www.gem5.org
gem5 is copyrighted software; use the --copyright option for details.

gem5 version 25.0.0.1
gem5 compiled May  5 2026 12:55:05
gem5 started Jun 18 2026 05:17:00
gem5 executing on cn27.guoehi.cluster, pid 190270
command line: /home/fdemirel/HPC_Lab_Proj/imp/../../gem5/build/ALL/gem5.opt -s --outdir=results_imp_multisim --stdout-file=quick_imp_thr3_l1d_ddr4_1x_simout.txt --stderr-file=quick_imp_thr3_l1d_ddr4_1x_simerr.txt --stats-file=stats.txt -c 'from multiprocessing.spawn import spawn_main; spawn_main(tracker_fd=7, pipe_handle=13)' --multiprocessing-fork

src/sim/mem_state.cc:443: info: Increasing stack size by one page.
src/sim/syscall_emul.hh:1121: warn: readlink() called on '/proc/self/exe' may yield unexpected results in various settings.
      Returning '/home/fdemirel/HPC_Lab_Proj/benchmarks/quick/quick-m5.x'
src/arch/arm/insts/pseudo.cc:174: warn: 	instruction 'bti' unimplemented
----spmv----
N_ROWS          : 8192 
N_COLS          : 65536 
NNZ             : 524155 
Execution time: 6.006556 (ms) 
Global frequency set at 1000000000000 ticks per second
src/mem/dram_interface.cc:690: warn: DRAM device capacity (16384 Mbytes) does not match the address range assigned (512 Mbytes)
src/mem/dram_interface.cc:690: warn: DRAM device capacity (16384 Mbytes) does not match the address range assigned (512 Mbytes)
src/base/statistics.hh:279: warn: One of the stats is a legacy stat. Legacy stat is a stat that does not belong to any statistics::Group. Legacy stat is deprecated.
board.remote_gdb: Listening for connections on port 7003
gem5 Simulator System.  https://www.gem5.org
gem5 is copyrighted software; use the --copyright option for details.

gem5 version 25.0.0.1
gem5 compiled May  5 2026 12:55:05
gem5 started Jun 18 2026 05:17:35
gem5 executing on cn27.guoehi.cluster, pid 190274
command line: /home/fdemirel/HPC_Lab_Proj/imp/../../gem5/build/ALL/gem5.opt -s --outdir=results_imp_multisim --stdout-file=spmv_imp_sthr8_l1d_ddr4_2x_simout.txt --stderr-file=spmv_imp_sthr8_l1d_ddr4_2x_simerr.txt --stats-file=stats.txt -c 'from multiprocessing.spawn import spawn_main; spawn_main(tracker_fd=7, pipe_handle=13)' --multiprocessing-fork

src/sim/mem_state.cc:443: info: Increasing stack size by one page.
src/sim/syscall_emul.hh:1121: warn: readlink() called on '/proc/self/exe' may yield unexpected results in various settings.
      Returning '/home/fdemirel/HPC_Lab_Proj/benchmarks/spmv/spmv-m5.x'
src/arch/arm/insts/pseudo.cc:174: warn: 	instruction 'bti' unimplemented
src/sim/mem_state.cc:443: info: Increasing stack size by one page.
src/sim/mem_state.cc:443: info: Increasing stack size by one page.
src/sim/mem_state.cc:443: info: Increasing stack size by one page.
src/sim/mem_state.cc:443: info: Increasing stack size by one page.
src/sim/mem_state.cc:443: info: Increasing stack size by one page.
src/sim/mem_state.cc:443: info: Increasing stack size by one page.
src/sim/mem_state.cc:443: info: Increasing stack size by one page.

----merge----
Execution time: 10.644514 (ms) 
random_elem:0, /home/fdemirel/HPC_Lab_Proj/benchmarks/merge/merge-m5.x
Global frequency set at 1000000000000 ticks per second
src/mem/dram_interface.cc:690: warn: DRAM device capacity (16384 Mbytes) does not match the address range assigned (1024 Mbytes)
src/base/statistics.hh:279: warn: One of the stats is a legacy stat. Legacy stat is a stat that does not belong to any statistics::Group. Legacy stat is deprecated.
board.remote_gdb: Listening for connections on port 7001
gem5 Simulator System.  https://www.gem5.org
gem5 is copyrighted software; use the --copyright option for details.

gem5 version 25.0.0.1
gem5 compiled May  5 2026 12:55:05
gem5 started Jun 18 2026 05:18:24
gem5 executing on cn27.guoehi.cluster, pid 190278
command line: /home/fdemirel/HPC_Lab_Proj/imp/../../gem5/build/ALL/gem5.opt -s --outdir=results_imp_multisim --stdout-file=matmult_imp_sthr8_l1d_ddr4_1x_simout.txt --stderr-file=matmult_imp_sthr8_l1d_ddr4_1x_simerr.txt --stats-file=stats.txt -c 'from multiprocessing.spawn import spawn_main; spawn_main(tracker_fd=7, pipe_handle=13)' --multiprocessing-fork

src/sim/mem_state.cc:443: info: Increasing stack size by one page.
src/sim/syscall_emul.hh:1121: warn: readlink() called on '/proc/self/exe' may yield unexpected results in various settings.
      Returning '/home/fdemirel/HPC_Lab_Proj/benchmarks/matmult/matmult-m5.x'
src/arch/arm/insts/pseudo.cc:174: warn: 	instruction 'bti' unimplemented

----MATRIX MULTIPLICATION----

----Computation starts----
Loop 0 ... 
argc = 2, A[argc][argc] = 0.500000, B[argc][argc] = 0.500000, C[argc][argc] = 0.500000 
Execution time: 1.236026 (ms) 
Global frequency set at 1000000000000 ticks per second
src/mem/dram_interface.cc:690: warn: DRAM device capacity (16384 Mbytes) does not match the address range assigned (512 Mbytes)
src/mem/dram_interface.cc:690: warn: DRAM device capacity (16384 Mbytes) does not match the address range assigned (512 Mbytes)
src/base/statistics.hh:279: warn: One of the stats is a legacy stat. Legacy stat is a stat that does not belong to any statistics::Group. Legacy stat is deprecated.
board.remote_gdb: Listening for connections on port 7001
gem5 Simulator System.  https://www.gem5.org
gem5 is copyrighted software; use the --copyright option for details.

gem5 version 25.0.0.1
gem5 compiled May  5 2026 12:55:05
gem5 started Jun 18 2026 05:19:36
gem5 executing on cn27.guoehi.cluster, pid 190285
command line: /home/fdemirel/HPC_Lab_Proj/imp/../../gem5/build/ALL/gem5.opt -s --outdir=results_imp_multisim --stdout-file=simple_triad_imp_pt64_l2_ddr4_2x_simout.txt --stderr-file=simple_triad_imp_pt64_l2_ddr4_2x_simerr.txt --stats-file=stats.txt -c 'from multiprocessing.spawn import spawn_main; spawn_main(tracker_fd=7, pipe_handle=13)' --multiprocessing-fork

src/sim/mem_state.cc:443: info: Increasing stack size by one page.
src/sim/syscall_emul.hh:1121: warn: readlink() called on '/proc/self/exe' may yield unexpected results in various settings.
      Returning '/home/fdemirel/HPC_Lab_Proj/benchmarks/simple_triad/simple_triad-m5.x'
----spmv----
N_ROWS          : 8192 
N_COLS          : 65536 
NNZ             : 524155 
Execution time: 6.315089 (ms) 
Global frequency set at 1000000000000 ticks per second
src/mem/dram_interface.cc:690: warn: DRAM device capacity (16384 Mbytes) does not match the address range assigned (1024 Mbytes)
src/base/statistics.hh:279: warn: One of the stats is a legacy stat. Legacy stat is a stat that does not belong to any statistics::Group. Legacy stat is deprecated.
board.remote_gdb: Listening for connections on port 7003
gem5 Simulator System.  https://www.gem5.org
gem5 is copyrighted software; use the --copyright option for details.

gem5 version 25.0.0.1
gem5 compiled May  5 2026 12:55:05
gem5 started Jun 18 2026 05:19:55
gem5 executing on cn27.guoehi.cluster, pid 190291
command line: /home/fdemirel/HPC_Lab_Proj/imp/../../gem5/build/ALL/gem5.opt -s --outdir=results_imp_multisim --stdout-file=bfs_imp_default_l1d_ddr4_1x_simout.txt --stderr-file=bfs_imp_default_l1d_ddr4_1x_simerr.txt --stats-file=stats.txt -c 'from multiprocessing.spawn import spawn_main; spawn_main(tracker_fd=7, pipe_handle=13)' --multiprocessing-fork

src/sim/mem_state.cc:443: info: Increasing stack size by one page.
src/sim/syscall_emul.hh:1121: warn: readlink() called on '/proc/self/exe' may yield unexpected results in various settings.
      Returning '/home/fdemirel/HPC_Lab_Proj/benchmarks/bfs/bfs-m5.x'
src/arch/arm/insts/pseudo.cc:174: warn: 	instruction 'bti' unimplemented
Beginning BFS ...

----merge----
Execution time: 10.335941 (ms) 
random_elem:0, /home/fdemirel/HPC_Lab_Proj/benchmarks/merge/merge-m5.x
Global frequency set at 1000000000000 ticks per second
src/mem/dram_interface.cc:690: warn: DRAM device capacity (16384 Mbytes) does not match the address range assigned (512 Mbytes)
src/mem/dram_interface.cc:690: warn: DRAM device capacity (16384 Mbytes) does not match the address range assigned (512 Mbytes)
src/base/statistics.hh:279: warn: One of the stats is a legacy stat. Legacy stat is a stat that does not belong to any statistics::Group. Legacy stat is deprecated.
board.remote_gdb: Listening for connections on port 7000
gem5 Simulator System.  https://www.gem5.org
gem5 is copyrighted software; use the --copyright option for details.

gem5 version 25.0.0.1
gem5 compiled May  5 2026 12:55:05
gem5 started Jun 18 2026 05:20:28
gem5 executing on cn27.guoehi.cluster, pid 190298
command line: /home/fdemirel/HPC_Lab_Proj/imp/../../gem5/build/ALL/gem5.opt -s --outdir=results_imp_multisim --stdout-file=quick_imp_sdist8_l2_ddr4_2x_simout.txt --stderr-file=quick_imp_sdist8_l2_ddr4_2x_simerr.txt --stats-file=stats.txt -c 'from multiprocessing.spawn import spawn_main; spawn_main(tracker_fd=7, pipe_handle=13)' --multiprocessing-fork

src/sim/mem_state.cc:443: info: Increasing stack size by one page.
src/sim/syscall_emul.hh:1121: warn: readlink() called on '/proc/self/exe' may yield unexpected results in various settings.
      Returning '/home/fdemirel/HPC_Lab_Proj/benchmarks/quick/quick-m5.x'
src/arch/arm/insts/pseudo.cc:174: warn: 	instruction 'bti' unimplemented
----quick sort----
Array SIZE      : 131072 
random_elem:0, /home/fdemirel/HPC_Lab_Proj/benchmarks/quick/quick-m5.x
Execution time: 8.782714 (ms) 
Array SIZE      : 1000000 
Array LOOP      : 1 

----triad----
a[0]=7.00e+00. b[0]=2.00e+00. c[0]=1.00e+00.
Execution time: 2.250846 (ms) 
   Rate [MB/s]: 10662.7 
Global frequency set at 1000000000000 ticks per second
src/mem/dram_interface.cc:690: warn: DRAM device capacity (16384 Mbytes) does not match the address range assigned (512 Mbytes)
src/mem/dram_interface.cc:690: warn: DRAM device capacity (16384 Mbytes) does not match the address range assigned (512 Mbytes)
src/base/statistics.hh:279: warn: One of the stats is a legacy stat. Legacy stat is a stat that does not belong to any statistics::Group. Legacy stat is deprecated.
board.remote_gdb: Listening for connections on port 7001
gem5 Simulator System.  https://www.gem5.org
gem5 is copyrighted software; use the --copyright option for details.

gem5 version 25.0.0.1
gem5 compiled May  5 2026 12:55:05
gem5 started Jun 18 2026 05:21:13
gem5 executing on cn27.guoehi.cluster, pid 190302
command line: /home/fdemirel/HPC_Lab_Proj/imp/../../gem5/build/ALL/gem5.opt -s --outdir=results_imp_multisim --stdout-file=matmult_imp_pt64_l1d_ddr4_2x_simout.txt --stderr-file=matmult_imp_pt64_l1d_ddr4_2x_simerr.txt --stats-file=stats.txt -c 'from multiprocessing.spawn import spawn_main; spawn_main(tracker_fd=7, pipe_handle=13)' --multiprocessing-fork

src/sim/mem_state.cc:443: info: Increasing stack size by one page.
src/sim/syscall_emul.hh:1121: warn: readlink() called on '/proc/self/exe' may yield unexpected results in various settings.
      Returning '/home/fdemirel/HPC_Lab_Proj/benchmarks/matmult/matmult-m5.x'
src/arch/arm/insts/pseudo.cc:174: warn: 	instruction 'bti' unimplemented
Global frequency set at 1000000000000 ticks per second
src/mem/dram_interface.cc:690: warn: DRAM device capacity (16384 Mbytes) does not match the address range assigned (1024 Mbytes)
src/base/statistics.hh:279: warn: One of the stats is a legacy stat. Legacy stat is a stat that does not belong to any statistics::Group. Legacy stat is deprecated.
board.remote_gdb: Listening for connections on port 7002
gem5 Simulator System.  https://www.gem5.org
gem5 is copyrighted software; use the --copyright option for details.

gem5 version 25.0.0.1
gem5 compiled May  5 2026 12:55:05
gem5 started Jun 18 2026 05:21:25
gem5 executing on cn27.guoehi.cluster, pid 190303
command line: /home/fdemirel/HPC_Lab_Proj/imp/../../gem5/build/ALL/gem5.opt -s --outdir=results_imp_multisim --stdout-file=matmult_imp_pt64_l2_ddr4_1x_simout.txt --stderr-file=matmult_imp_pt64_l2_ddr4_1x_simerr.txt --stats-file=stats.txt -c 'from multiprocessing.spawn import spawn_main; spawn_main(tracker_fd=7, pipe_handle=13)' --multiprocessing-fork

src/sim/mem_state.cc:443: info: Increasing stack size by one page.
src/sim/syscall_emul.hh:1121: warn: readlink() called on '/proc/self/exe' may yield unexpected results in various settings.
      Returning '/home/fdemirel/HPC_Lab_Proj/benchmarks/matmult/matmult-m5.x'
src/arch/arm/insts/pseudo.cc:174: warn: 	instruction 'bti' unimplemented

----MATRIX MULTIPLICATION----

----Computation starts----
Loop 0 ... 
argc = 2, A[argc][argc] = 0.500000, B[argc][argc] = 0.500000, C[argc][argc] = 0.500000 
Execution time: 1.253482 (ms) 

----MATRIX MULTIPLICATION----

----Computation starts----
Loop 0 ... 
argc = 2, A[argc][argc] = 0.500000, B[argc][argc] = 0.500000, C[argc][argc] = 0.500000 
Execution time: 1.229960 (ms) 
Global frequency set at 1000000000000 ticks per second
src/mem/dram_interface.cc:690: warn: DRAM device capacity (16384 Mbytes) does not match the address range assigned (512 Mbytes)
src/mem/dram_interface.cc:690: warn: DRAM device capacity (16384 Mbytes) does not match the address range assigned (512 Mbytes)
src/base/statistics.hh:279: warn: One of the stats is a legacy stat. Legacy stat is a stat that does not belong to any statistics::Group. Legacy stat is deprecated.
board.remote_gdb: Listening for connections on port 7001
gem5 Simulator System.  https://www.gem5.org
gem5 is copyrighted software; use the --copyright option for details.

gem5 version 25.0.0.1
gem5 compiled May  5 2026 12:55:05
gem5 started Jun 18 2026 05:22:26
gem5 executing on cn27.guoehi.cluster, pid 190309
command line: /home/fdemirel/HPC_Lab_Proj/imp/../../gem5/build/ALL/gem5.opt -s --outdir=results_imp_multisim --stdout-file=simple_triad_imp_ipd16_l1d_ddr4_2x_simout.txt --stderr-file=simple_triad_imp_ipd16_l1d_ddr4_2x_simerr.txt --stats-file=stats.txt -c 'from multiprocessing.spawn import spawn_main; spawn_main(tracker_fd=7, pipe_handle=13)' --multiprocessing-fork

src/sim/mem_state.cc:443: info: Increasing stack size by one page.
src/sim/syscall_emul.hh:1121: warn: readlink() called on '/proc/self/exe' may yield unexpected results in various settings.
      Returning '/home/fdemirel/HPC_Lab_Proj/benchmarks/simple_triad/simple_triad-m5.x'
Array SIZE      : 1000000 
Array LOOP      : 1 

----triad----
a[0]=7.00e+00. b[0]=2.00e+00. c[0]=1.00e+00.
Execution time: 2.245558 (ms) 
   Rate [MB/s]: 10687.8 
----quick sort----
Array SIZE      : 131072 
random_elem:0, /home/fdemirel/HPC_Lab_Proj/benchmarks/quick/quick-m5.x
Execution time: 8.843900 (ms) 
Finished BFS.
info: Cleaning up processes
