run,benchmark,prefetcher,config,pf_level,memory,simSeconds,simTicks,simInsts,simOps,numCycles,ipc,l1d_demand_misses,l1d_demand_accesses,l2_demand_misses,l2_demand_accesses,l1d_demand_miss_latency,l1d_demand_avg_miss_latency,l2_demand_miss_latency,l2_demand_avg_miss_latency,l1d_blocked_cycles_no_mshrs,l1d_blocked_causes_no_mshrs,l1d_avg_blocked_no_mshrs,l2_blocked_cycles_no_mshrs,l2_blocked_causes_no_mshrs,l2_avg_blocked_no_mshrs,l1d_demand_mshr_hits,l1d_demand_mshr_misses,l1d_demand_mshr_miss_rate,l1d_demand_avg_mshr_miss_latency,l2_demand_mshr_hits,l2_demand_mshr_misses,l2_demand_mshr_miss_rate,l2_demand_avg_mshr_miss_latency,mem_avg_rdq_len,mem_avg_wrq_len,mem_num_rd_retry,mem_num_wr_retry,mem_avg_read_bw_sys,mem_avg_write_bw_sys,dram_bw_read_total,dram_bw_write_total,dram_bw_total,dram_peak_bw,dram_avg_rd_bw,dram_avg_wr_bw,dram_avg_q_lat,dram_avg_bus_lat,dram_avg_mem_acc_lat,load_to_use_samples,load_to_use_mean,load_to_use_stdev,load_to_use_overflows,load_to_use_min,load_to_use_max,added_loads_and_stores,l1d_pf_issued,l1d_pf_useful,l1d_pf_unused,l1d_prefetcher_accuracy,l1d_prefetcher_coverage,l1d_pf_late,l1d_pf_hit_in_cache,l1d_pf_hit_in_mshr,l1d_pf_hit_in_wb,l1d_pf_identified,l1d_pf_buffer_hit,l1d_pf_in_cache,l1d_pf_removed_demand,l1d_pf_removed_full,l1d_pf_span_page,l1d_pf_useful_span_page,l2_pf_issued,l2_pf_useful,l2_pf_unused,l2_prefetcher_accuracy,l2_prefetcher_coverage,l2_pf_late,l2_pf_hit_in_cache,l2_pf_hit_in_mshr,l2_pf_hit_in_wb,l2_pf_identified,l2_pf_buffer_hit,l2_pf_in_cache,l2_pf_removed_demand,l2_pf_removed_full,l2_pf_span_page,l2_pf_useful_span_page,l1d_prefetcher_read_bytes,l1d_prefetcher_read_rate,l1d_prefetcher_read_accesses,l1d_prefetcher_read_avg_lat,l2_prefetcher_read_bytes,l2_prefetcher_read_rate,l2_prefetcher_read_accesses,l2_prefetcher_read_avg_lat,nopf_simSeconds,speedup_vs_nopf,pf_issued,pf_useful,pf_unused,pf_accuracy,pf_unused_ratio,l1d_miss_rate,l2_miss_rate,pf_coverage,pf_late,pf_late_ratio,pf_removed_full,pf_removed_demand,pf_buffer_hit,pf_identified,pf_removed_full_ratio,pf_removed_demand_ratio,pf_buffer_hit_ratio,prefetcher_read_rate,prefetcher_read_bytes,dram_bw_utilization
bfs_nextline_default_l1d_ddr4_1x,bfs,nextline,default,l1d,ddr4_1x,0.024327,24327185130.0,30729211.0,31124590.0,73054610.0,0.420634,6454260.0,11484498.0,3078633.0,8014569.0,251038183232.0,38894.959799,255768074480.0,83078.455431,7682536.0,1351665.0,5.683757,0.0,0.0,,3216744.0,3237516.0,0.281903,35196.483098,,3078633.0,0.38413,82745.45554,8.69,57.73,0.0,0.0,8099272930.554625,420520497.7613454,8099272931.0,420520498.0,8519793428.0,19207.0,8069.647473,420.16534,38040.46,3332.0,55532.46,8774099.0,68.788169,112.910289,212657.0,2.0,1750.0,13009352.0,6706371.0,274490.0,4212019.0,0.04093,0.078158,1929542.0,414289.0,1514462.0,791.0,13152038.0,3047875.0,0.0,633051.0,1057582.0,305472.0,11719.0,,,,,,,,,,,,,,,,,124360128.0,5111981815.217928,1949766.0,54985.57,,,,,0.02764,1.1361861306367411,6706371.0,274490.0,4212019.0,0.04092973681294995,0.628062330580876,0.5619975727280374,0.3841295770240421,0.040793609511424855,1929542.0,0.28771775375982034,1057582.0,633051.0,3047875.0,13152038.0,0.08041202435698559,0.048133300709745516,0.23174165098975535,5111981815.217928,124360128.0,0.423028488226707
bfs_nextline_default_l1d_ddr4_2x,bfs,nextline,default,l1d,ddr4_2x,0.021209,21209030073.0,30729211.0,31124590.0,63690781.0,0.482476,6297541.0,11381495.0,3133785.0,8086790.0,206425112368.0,32778.684945,208719036238.0,66602.857643,5680057.0,1268165.0,4.478957,0.0,0.0,,3074296.0,3223245.0,0.2832,29694.483686,,3133785.0,0.387519,66269.857643,,,,,,,,,,,,,,,,8774099.0,58.585483,96.274658,80360.0,2.0,1745.0,12854868.0,6803770.0,283070.0,4282807.0,0.041605,0.080731,1940463.0,448173.0,1491413.0,877.0,12861950.0,2821600.0,0.0,608349.0,981957.0,299282.0,11953.0,,,,,,,,,,,,,,,,,,,,,,,,,0.025176,1.1870432363619219,6803770.0,283070.0,4282807.0,0.041604874944332335,0.6294755701618368,0.5533140417844932,0.3875190279455754,0.04301576251810052,1940463.0,0.2852040853820749,981957.0,608349.0,2821600.0,12861950.0,0.07634588845392806,0.04729834900617713,0.21937575562025977,,,
bfs_nextline_default_l2_ddr4_1x,bfs,nextline,default,l2,ddr4_1x,0.02565,25649913411.0,30729211.0,31124590.0,77026767.0,0.398942,6631581.0,11497258.0,1388108.0,3530011.0,254246172317.0,38338.696657,122764483879.0,88440.152984,1108236.0,62189.0,17.820451,5334383.0,290623.0,18.354993,3101814.0,3529767.0,0.307009,40375.727374,181894.0,1206214.0,0.341703,93435.298653,10.47,58.46,0.0,0.0,8363967416.279712,399106844.3767075,8363959931.0,399106844.0,8763066775.0,19207.0,8336.3313,398.782477,44505.15,3332.0,61997.15,8774099.0,64.952119,119.383227,349612.0,2.0,1980.0,12852212.0,,,,,,,,,,,,,,,,,3317789.0,444596.0,1517751.0,0.134004,0.26932,1171777.0,970033.0,201648.0,96.0,3579258.0,13338.0,0.0,69821.0,132536.0,86150.0,21030.0,,,,,136804992.0,5333545958.144677,2143627.0,59372.91,0.02764,1.0775828460038988,3317789.0,444596.0,1517751.0,0.13400369945165289,0.4574585665333148,0.5767967457979981,0.3932305026811531,0.2425901836848722,1171777.0,0.35318008468892986,132536.0,69821.0,13338.0,3579258.0,0.03702890375602988,0.0195071157206326,0.0037264706819122844,5333545958.144677,136804992.0,0.4351076022424349
bfs_nextline_default_l2_ddr4_2x,bfs,nextline,default,l2,ddr4_2x,0.02142,21420066159.0,30729211.0,31124590.0,64324523.0,0.477722,6548799.0,11391538.0,1386199.0,3529862.0,199341789660.0,30439.442356,95170940402.0,68656.044624,720596.0,51168.0,14.082942,3913303.0,253502.0,15.436971,3019165.0,3529634.0,0.309847,32130.337821,185965.0,1200234.0,0.340023,72761.725116,,,,,,,,,,,,,,,,8774099.0,53.165153,97.785222,90009.0,2.0,1693.0,12731816.0,,,,,,,,,,,,,,,,,3404325.0,456033.0,1559491.0,0.133957,0.275338,1201062.0,1004040.0,196910.0,112.0,3597851.0,7838.0,0.0,61521.0,81941.0,86613.0,21588.0,,,,,,,,,0.025176,1.1753501400560225,3404325.0,456033.0,1559491.0,0.13395695181864245,0.4580911046977007,0.5748827770227339,0.3927062871013088,0.24754374041923058,1201062.0,0.35280474102795706,81941.0,61521.0,7838.0,3597851.0,0.022774984289232657,0.017099374043005117,0.0021785226792326866,,,
bfs_nextline_deg16_l1d_ddr4_1x,bfs,nextline,deg16,l1d,ddr4_1x,0.023275,23274763605.0,30729211.0,31124590.0,69894185.0,0.439654,5200348.0,11446800.0,3479610.0,7648184.0,213413161800.0,41038.246248,295671534679.0,84972.60747,11678029.0,1895582.0,6.160656,0.0,0.0,,2029630.0,3170718.0,0.276996,36975.031953,,3479610.0,0.454959,84639.607566,9.91,57.92,0.0,0.0,9568090304.992811,439686528.0213445,9568090305.0,439686528.0,10007776833.0,19207.0,9536.710051,439.309811,39826.51,3332.0,57318.51,8774099.0,60.100037,110.990215,235869.0,2.0,1822.0,12954802.0,6740115.0,419075.0,3884197.0,0.062176,0.116741,2262881.0,1692586.0,569284.0,1011.0,77834139.0,34322738.0,0.0,1391028.0,33123250.0,12076677.0,1022196.0,,,,,,,,,,,,,,,,,146080832.0,6276361576.820407,2289172.0,56924.25,,,,,0.02764,1.1875402792696026,6740115.0,419075.0,3884197.0,0.062176238832720214,0.5762805234035324,0.45430583219764475,0.4549589811123791,0.07457616200097412,2262881.0,0.33573329238447713,33123250.0,1391028.0,34322738.0,77834139.0,0.4255619760886672,0.01787169509256086,0.4409727972965693,6276361576.820407,146080832.0,0.4969104873201219
bfs_nextline_deg16_l1d_ddr4_2x,bfs,nextline,deg16,l1d,ddr4_2x,0.019859,19859121999.0,30729211.0,31124590.0,59637003.0,0.515271,5096372.0,11347755.0,3692527.0,7951682.0,171331911427.0,33618.407649,241938283375.0,65521.060069,8337604.0,1749304.0,4.766241,0.0,0.0,,1954554.0,3141818.0,0.276867,30915.264484,,3692527.0,0.464371,65188.060069,,,,,,,,,,,,,,,,8774099.0,49.932678,92.41127,67088.0,2.0,1713.0,12803399.0,7462401.0,435508.0,4180636.0,0.05836,0.121741,2652761.0,1944120.0,707442.0,1199.0,76648108.0,33411625.0,0.0,1356565.0,32217532.0,11862020.0,1068123.0,,,,,,,,,,,,,,,,,,,,,,,,,0.025176,1.2677375497255652,7462401.0,435508.0,4180636.0,0.058360305215439376,0.560226661633434,0.4491083919242176,0.4643705570720761,0.07872694273917728,2652761.0,0.35548357693455496,32217532.0,1356565.0,33411625.0,76648108.0,0.42033042746469357,0.017698610381876614,0.43590932472853733,,,
bfs_nextline_deg16_l2_ddr4_1x,bfs,nextline,deg16,l2,ddr4_1x,0.026315,26315215776.0,30729211.0,31124590.0,79024672.0,0.388856,6604593.0,11511624.0,1342287.0,3523274.0,256661051363.0,38860.994366,124561972830.0,92798.315733,1790743.0,94156.0,19.018894,10005209.0,645822.0,15.492208,3081538.0,3523055.0,0.306043,42563.035485,132504.0,1209783.0,0.343369,95420.749332,13.77,60.48,0.0,0.0,11342837487.664764,389505451.4182677,11342866672.0,389505451.0,11732372124.0,19207.0,11306.021069,389.128483,53545.42,3332.0,71037.42,8774099.0,65.847173,124.455062,435518.0,2.0,2095.0,12823143.0,,,,,,,,,,,,,,,,,9259383.0,589670.0,2731058.0,0.063684,0.327694,5804858.0,5039891.0,764570.0,397.0,26726780.0,3277220.0,0.0,327661.0,13602490.0,4184532.0,1327776.0,,,,,220267456.0,8370345805.824184,3452089.0,71800.91,0.02764,1.0503515105453163,9259383.0,589670.0,2731058.0,0.06368350893358661,0.294950322283893,0.57373251593346,0.38097718201877007,0.30521900849760114,5804858.0,0.6269162858907553,13602490.0,327661.0,3277220.0,26726780.0,0.5089460832917396,0.012259651181324499,0.12261933536325738,8370345805.824184,220267456.0,0.5825408426708722
bfs_nextline_deg16_l2_ddr4_2x,bfs,nextline,deg16,l2,ddr4_2x,0.020907,20906845560.0,30729211.0,31124590.0,62783320.0,0.489449,6518309.0,11414972.0,1325066.0,3523454.0,192197974290.0,29485.864246,92704100992.0,69961.874346,1134641.0,75349.0,15.058475,6540996.0,591161.0,11.064661,2995057.0,3523252.0,0.308652,32568.787612,129838.0,1195228.0,0.339221,72658.776917,,,,,,,,,,,,,,,,8774099.0,51.444652,97.262012,101534.0,2.0,1688.0,12715457.0,,,,,,,,,,,,,,,,,10711215.0,646323.0,3106860.0,0.060341,0.350967,6826605.0,6011502.0,814500.0,603.0,27261951.0,3079693.0,0.0,312604.0,12901892.0,4280273.0,1455773.0,,,,,,,,,0.025176,1.204189984215813,10711215.0,646323.0,3106860.0,0.0603407736657326,0.2900567302588922,0.5710315364768306,0.3760701856757602,0.3278515807889767,6826605.0,0.6373324594828877,12901892.0,312604.0,3079693.0,27261951.0,0.47325637112325525,0.011466677494945244,0.11296671320405499,,,
bfs_nextline_deg1_l1d_ddr4_1x,bfs,nextline,deg1,l1d,ddr4_1x,0.023908,23908478256.0,30729211.0,31124590.0,71797232.0,0.428,6936610.0,11506194.0,2466157.0,6390265.0,253706634326.0,36575.017815,201575576222.0,81736.716771,5522378.0,712690.0,7.74864,0.0,0.0,,3747303.0,3189307.0,0.277182,34565.375483,,2466157.0,0.385924,81403.716906,7.44,57.55,0.0,0.0,6601593221.8685,426683115.9544795,6601593222.0,426683116.0,7028276338.0,19207.0,6577.099819,426.305677,36812.82,3332.0,54304.82,8774099.0,68.063592,109.512676,186505.0,2.0,1743.0,13005577.0,4927580.0,184279.0,2660407.0,0.037397,0.054624,1726848.0,172227.0,1554329.0,292.0,7011692.0,401191.0,0.0,356886.0,1020.0,109202.0,2680.0,,,,,,,,,,,,,,,,,86137472.0,3602800273.51315,1350388.0,53353.21,,,,,0.02764,1.1560983771122637,4927580.0,184279.0,2660407.0,0.037397464881341345,0.539901330876414,0.6028587732833289,0.3859240579224805,0.02587865082576066,1726848.0,0.3504454519256917,1020.0,356886.0,401191.0,7011692.0,0.00014547130706825113,0.0508986989160391,0.05721743054315563,3602800273.51315,86137472.0,0.3489710330690046
bfs_nextline_deg1_l1d_ddr4_2x,bfs,nextline,deg1,l1d,ddr4_2x,0.021037,21037421520.0,30729211.0,31124590.0,63175440.0,0.486411,6737614.0,11391944.0,2466815.0,6390960.0,211231125332.0,31351.028024,162380932442.0,65826.149282,3949145.0,642511.0,6.146424,0.0,0.0,,3558689.0,3178925.0,0.27905,29049.424631,,2466815.0,0.385985,65493.149282,,,,,,,,,,,,,,,,8774099.0,58.618364,94.139591,68303.0,2.0,1780.0,12837539.0,4884812.0,197327.0,2661154.0,0.040396,0.058446,1673001.0,185455.0,1487242.0,304.0,6829765.0,331818.0,0.0,342491.0,548.0,105181.0,2890.0,,,,,,,,,,,,,,,,,,,,,,,,,0.025176,1.1967485858249751,4884812.0,197327.0,2661154.0,0.04039602752367952,0.5447812525845417,0.5914367205456769,0.38598504762977703,0.028454027222437797,1673001.0,0.342490355821268,548.0,342491.0,331818.0,6829765.0,8.023702133235916e-05,0.05014682057142522,0.04858410208843203,,,
bfs_nextline_deg1_l2_ddr4_1x,bfs,nextline,deg1,l2,ddr4_1x,0.024144,24144054111.0,30729211.0,31124590.0,72504667.0,0.423824,6741970.0,11505483.0,1420245.0,3524039.0,244003177238.0,36191.673537,116859591575.0,82281.290605,945552.0,61420.0,15.394855,2726455.0,131577.0,20.721365,3218160.0,3523810.0,0.306272,37900.6576,231905.0,1188340.0,0.33721,89225.830887,8.27,57.63,0.0,0.0,6584348397.710564,421796271.3793058,6584343096.0,421796271.0,7006139368.0,19207.0,6562.068792,421.456975,40073.43,3332.0,57565.43,8774099.0,63.094461,111.697412,236697.0,2.0,1785.0,12874746.0,,,,,,,,,,,,,,,,,1645588.0,278485.0,783983.0,0.169231,0.189856,349939.0,349799.0,107.0,33.0,1672373.0,0.0,0.0,26785.0,0.0,26357.0,4305.0,,,,,82633984.0,3422539711.8519573,1294475.0,53099.84,0.02764,1.1447978793903248,1645588.0,278485.0,783983.0,0.1692313021242255,0.4764151172711517,0.585978876332267,0.40301625492793924,0.16393717659663395,349939.0,0.2126528632926346,0.0,26785.0,0.0,1672373.0,0.0,0.016016163858182355,0.0,3422539711.8519573,82633984.0,0.347871878608024
bfs_nextline_deg1_l2_ddr4_2x,bfs,nextline,deg1,l2,ddr4_2x,0.021106,21106054818.0,30729211.0,31124590.0,63381546.0,0.48483,6677220.0,11388244.0,1411112.0,3523905.0,202050811933.0,30259.720652,92725423731.0,65710.88881,647085.0,53251.0,12.151603,1912149.0,105788.0,18.075292,3153539.0,3523681.0,0.309414,30964.417055,224057.0,1187055.0,0.336858,70783.184956,,,,,,,,,,,,,,,,8774099.0,54.485516,95.081776,71557.0,2.0,1745.0,12728405.0,,,,,,,,,,,,,,,,,1646875.0,287566.0,784009.0,0.174613,0.19501,349962.0,349827.0,88.0,47.0,1672323.0,0.0,0.0,25448.0,0.0,26355.0,4513.0,,,,,,,,,0.025176,1.1928361603335544,1646875.0,287566.0,784009.0,0.17461313092979128,0.4760585958254269,0.5863256881394533,0.40043985294722756,0.16928811699450985,349962.0,0.21250064516129033,0.0,25448.0,0.0,1672323.0,0.0,0.015217156015913193,0.0,,,
bfs_nextline_deg32_l1d_ddr4_1x,bfs,nextline,deg32,l1d,ddr4_1x,0.022919,22918670721.0,30729211.0,31124590.0,68824837.0,0.446485,5020571.0,11444511.0,3389548.0,7312125.0,207190209221.0,41268.255985,291066472853.0,85871.766045,11656016.0,1881958.0,6.193558,0.0,0.0,,1888277.0,3132294.0,0.273694,37424.829397,,3389548.0,0.463552,85538.766634,10.03,57.87,0.0,0.0,9465255408.605772,445747317.73773015,9465252616.0,445747318.0,9910999934.0,19207.0,9436.009733,445.331238,40724.11,3332.0,58216.11,8774099.0,58.286363,109.92019,239494.0,2.0,1838.0,12951209.0,6975209.0,448416.0,3559860.0,0.064287,0.125231,2795598.0,2194105.0,600566.0,927.0,128320300.0,55745046.0,0.0,1368043.0,61841929.0,46687412.0,4688194.0,,,,,,,,,,,,,,,,,140257088.0,6119774122.479308,2197129.0,58163.72,,,,,0.02764,1.2059862995767705,6975209.0,448416.0,3559860.0,0.06428710594908339,0.5103589010737886,0.43868811869725144,0.4635517035061627,0.08199251525008196,2795598.0,0.40079057129327594,61841929.0,1368043.0,55745046.0,128320300.0,0.4819341055156511,0.010661158055272627,0.4344211009481742,6119774122.479308,140257088.0,0.4921052786463185
bfs_nextline_deg32_l1d_ddr4_2x,bfs,nextline,deg32,l1d,ddr4_2x,0.019459,19459133388.0,30729211.0,31124590.0,58435836.0,0.525863,4914174.0,11336483.0,3610428.0,7613314.0,165315652210.0,33640.577686,236909460557.0,65618.109697,8238383.0,1729610.0,4.763145,0.0,0.0,,1803351.0,3110823.0,0.274408,31108.517745,,3610428.0,0.474226,65285.109697,,,,,,,,,,,,,,,,8774099.0,48.200831,91.05722,61763.0,2.0,1728.0,12786674.0,7615469.0,465306.0,3852565.0,0.0611,0.130114,3113203.0,2446242.0,665751.0,1210.0,126195172.0,54560955.0,0.0,1348010.0,60339396.0,45948316.0,4844144.0,,,,,,,,,,,,,,,,,,,,,,,,,0.025176,1.2937972146564571,7615469.0,465306.0,3852565.0,0.06110011084018594,0.5058867681031858,0.43348311817695134,0.47422554750795776,0.08649646434227844,3113203.0,0.408799904510149,60339396.0,1348010.0,54560955.0,126195172.0,0.4781434586102866,0.010681945898849443,0.4323537432953457,,,
bfs_nextline_deg32_l2_ddr4_1x,bfs,nextline,deg32,l2,ddr4_1x,0.026243,26242863534.0,30729211.0,31124590.0,78807398.0,0.389928,6547379.0,11508867.0,1321578.0,3522678.0,252390801213.0,38548.371984,125066468387.0,94634.193659,1829313.0,91683.0,19.952587,10581135.0,658523.0,16.067981,3024099.0,3523280.0,0.306136,42987.076025,120146.0,1201432.0,0.341056,96867.470315,14.1,60.38,0.0,0.0,10954987424.582323,390252534.2454117,10954967915.0,390252534.0,11345220449.0,19207.0,10920.917972,389.908669,57133.05,3332.0,74625.05,8774099.0,64.007976,124.278939,477156.0,2.0,2032.0,12816404.0,,,,,,,,,,,,,,,,,10556828.0,590579.0,2579215.0,0.055943,0.329562,7265779.0,6548030.0,717312.0,437.0,45005953.0,6590388.0,0.0,342216.0,27210213.0,16183071.0,5412461.0,,,,,209875136.0,7997417497.068787,3288557.0,76216.58,0.02764,1.0532332431505544,10556828.0,590579.0,2579215.0,0.055942845710851785,0.24431723241109923,0.5688986587472077,0.3751628732458658,0.3088548691346997,7265779.0,0.6882539906873542,27210213.0,342216.0,6590388.0,45005953.0,0.6045914192729126,0.0076037941025268365,0.1464336951158439,7997417497.068787,209875136.0,0.5633178193459824
bfs_nextline_deg32_l2_ddr4_2x,bfs,nextline,deg32,l2,ddr4_2x,0.020535,20535092352.0,30729211.0,31124590.0,61666944.0,0.49831,6469977.0,11418719.0,1302356.0,3523366.0,187680723387.0,29007.942901,91688744189.0,70402.212751,1152427.0,74932.0,15.379638,6641128.0,595223.0,11.157378,2946713.0,3523264.0,0.308552,32356.848316,118346.0,1184010.0,0.336045,72632.346109,,,,,,,,,,,,,,,,8774099.0,49.671344,95.800615,97482.0,2.0,1765.0,12717451.0,,,,,,,,,,,,,,,,,12750135.0,653595.0,2992167.0,0.051262,0.355678,8984760.0,8174510.0,809518.0,732.0,45926692.0,6454583.0,0.0,334851.0,26084009.0,16663740.0,6087442.0,,,,,,,,,0.025176,1.2260043827611395,12750135.0,653595.0,2992167.0,0.0512618101690688,0.2346772798876247,0.5666114561537069,0.3696340374516868,0.334157144018434,8984760.0,0.704679597510144,26084009.0,334851.0,6454583.0,45926692.0,0.5679487867316897,0.007290988865472828,0.14054099520165747,,,
bfs_nextline_deg4_l1d_ddr4_1x,bfs,nextline,deg4,l1d,ddr4_1x,0.024231,24230725020.0,30729211.0,31124590.0,72764940.0,0.422308,5860222.0,11465453.0,3502823.0,8485713.0,239333028841.0,40840.266604,292053962772.0,83376.740067,9996527.0,1705301.0,5.862031,0.0,0.0,,2645217.0,3215005.0,0.280408,36263.750849,,3502823.0,0.412791,83043.740162,9.4,57.83,0.0,0.0,9251917629.990915,422368872.2294782,9251917630.0,422368872.0,9674286502.0,19207.0,9219.950283,421.977964,38247.63,3332.0,55739.63,8774099.0,66.62205,113.890666,226274.0,2.0,1880.0,12997069.0,7072168.0,332156.0,4688318.0,0.046967,0.09364,1801684.0,603355.0,1197246.0,1083.0,23837406.0,7984933.0,0.0,916167.0,5929571.0,932126.0,48261.0,,,,,,,,,,,,,,,,,149235072.0,6158918970.720919,2339270.0,54963.38,,,,,0.02764,1.14068754900747,7072168.0,332156.0,4688318.0,0.046966644457541167,0.6629251454433774,0.5111199705759555,0.41279065176962737,0.05363949035410952,1801684.0,0.25475695713110885,5929571.0,916167.0,7984933.0,23837406.0,0.24875068201632342,0.03843400578066254,0.33497491295823045,6158918970.720919,149235072.0,0.4803518803828324
bfs_nextline_deg4_l1d_ddr4_2x,bfs,nextline,deg4,l1d,ddr4_2x,0.02099,20989573083.0,30729211.0,31124590.0,63031751.0,0.48752,5711533.0,11372821.0,3654338.0,8658208.0,195238775224.0,34183.252592,241067935965.0,65967.607803,7249772.0,1580752.0,4.58628,0.0,0.0,,2514109.0,3197424.0,0.281146,30536.631626,,3654338.0,0.422066,65634.607803,,,,,,,,,,,,,,,,8774099.0,56.238551,96.810995,81175.0,2.0,1671.0,12844867.0,7416661.0,342681.0,4858107.0,0.046204,0.0968,1956104.0,672246.0,1282659.0,1199.0,23303084.0,7490984.0,0.0,877873.0,5659525.0,913792.0,48576.0,,,,,,,,,,,,,,,,,,,,,,,,,0.025176,1.1994282991900904,7416661.0,342681.0,4858107.0,0.04620421507737781,0.6550261633907766,0.502208994584545,0.42206632134501737,0.05660206262943464,1956104.0,0.26374456106326016,5659525.0,877873.0,7490984.0,23303084.0,0.2428659228109035,0.03767196650881059,0.32145891076048133,,,
bfs_nextline_deg4_l2_ddr4_1x,bfs,nextline,deg4,l2,ddr4_1x,0.027062,27061750494.0,30729211.0,31124590.0,81266518.0,0.378129,6630274.0,11509161.0,1359174.0,3523350.0,266839476748.0,40245.618318,125655297256.0,92449.750551,1433696.0,76752.0,18.679591,7276829.0,428324.0,16.989076,3107154.0,3523120.0,0.306114,41915.917908,146570.0,1212604.0,0.344162,95948.746581,12.5,59.25,0.0,0.0,10268050622.283592,378677646.9715833,10268043527.0,378677647.0,10646721174.0,19207.0,10235.563145,378.363107,48249.23,3332.0,65741.23,8774099.0,68.462526,125.028779,443054.0,2.0,2113.0,12838584.0,,,,,,,,,,,,,,,,,5717185.0,561793.0,2418924.0,0.098264,0.316611,2587810.0,2136154.0,451417.0,239.0,7381820.0,201527.0,0.0,136682.0,1214501.0,302048.0,90524.0,,,,,199531328.0,7373186300.133804,3126395.0,64373.8,0.02764,1.0213583622792108,5717185.0,561793.0,2418924.0,0.09826391834442999,0.4230970311438234,0.5760866495828845,0.38576184597045426,0.2924532279836145,2587810.0,0.45263709325480983,1214501.0,136682.0,201527.0,7381820.0,0.16452595701331107,0.01851602992216012,0.02730044894077612,7373186300.133804,199531328.0,0.5286356295924609
bfs_nextline_deg4_l2_ddr4_2x,bfs,nextline,deg4,l2,ddr4_2x,0.022181,22181436027.0,30729211.0,31124590.0,66610919.0,0.461324,6521975.0,11397529.0,1356165.0,3523532.0,205222520382.0,31466.315094,96682724668.0,71291.269623,902041.0,60915.0,14.808192,5349360.0,385223.0,13.886398,2998686.0,3523289.0,0.309127,33067.358798,152043.0,1204122.0,0.341737,74396.314926,,,,,,,,,,,,,,,,8774099.0,54.973386,101.26103,112803.0,2.0,1732.0,12712766.0,,,,,,,,,,,,,,,,,6035996.0,590773.0,2556291.0,0.097875,0.329141,2734795.0,2286086.0,448366.0,343.0,7480994.0,179234.0,0.0,126783.0,1033419.0,306758.0,95578.0,,,,,,,,,0.025176,1.1350254722510258,6035996.0,590773.0,2556291.0,0.09787498202450763,0.4235077359229529,0.5722271029097623,0.3848879476616077,0.30343698669397795,2734795.0,0.45308098282371295,1033419.0,126783.0,179234.0,7480994.0,0.13813926331180054,0.01694734683653001,0.02395858090515779,,,
bfs_nextline_deg8_l1d_ddr4_1x,bfs,nextline,deg8,l1d,ddr4_1x,0.02384,23840158644.0,30729211.0,31124590.0,71592068.0,0.429227,5444897.0,11453838.0,3554498.0,8154868.0,226698211317.0,41634.986175,298095048411.0,83864.176717,11006708.0,1820673.0,6.045406,0.0,0.0,,2246643.0,3198254.0,0.27923,36673.235075,,3554498.0,0.435874,83531.176717,9.69,57.91,0.0,0.0,9542213011.122444,429460229.39225537,9542213011.0,429460229.0,9971673241.0,19207.0,9508.865582,429.033387,38725.74,3332.0,56217.74,8774099.0,63.504496,112.706234,231392.0,2.0,1807.0,12977546.0,6909392.0,382864.0,4371189.0,0.055412,0.106912,1953001.0,981360.0,970765.0,876.0,43434559.0,17194906.0,0.0,1199782.0,16024802.0,3187569.0,225289.0,,,,,,,,,,,,,,,,,151224384.0,6343262486.554786,2370428.0,55554.58,,,,,0.02764,1.1593959731543624,6909392.0,382864.0,4371189.0,0.05541211151429822,0.6326445221229307,0.475377511014212,0.43587437589425115,0.06569658570418382,1953001.0,0.2826588793919928,16024802.0,1199782.0,17194906.0,43434559.0,0.3689412847497772,0.027622750814622062,0.39588075476949125,6343262486.554786,151224384.0,0.49511785607003544
bfs_nextline_deg8_l1d_ddr4_2x,bfs,nextline,deg8,l1d,ddr4_2x,0.020497,20496624192.0,30729211.0,31124590.0,61551424.0,0.499245,5334756.0,11359985.0,3755241.0,8425399.0,183522093621.0,34401.21603,245809366331.0,65457.6807,7980208.0,1687422.0,4.729231,0.0,0.0,,2153221.0,3181535.0,0.280065,30774.666668,,3755241.0,0.445705,65124.6807,,,,,,,,,,,,,,,,8774099.0,53.191405,94.841851,72993.0,2.0,1643.0,12826532.0,7413920.0,394277.0,4636093.0,0.053181,0.110262,2170281.0,1090410.0,1078828.0,1043.0,42708534.0,16562978.0,0.0,1162986.0,15511332.0,3123770.0,230535.0,,,,,,,,,,,,,,,,,,,,,,,,,0.025176,1.2282773088744694,7413920.0,394277.0,4636093.0,0.05318063858255821,0.6253227712195438,0.46960942289976615,0.4457048265607362,0.06882086383513587,2170281.0,0.29273056628612126,15511332.0,1162986.0,16562978.0,42708534.0,0.3631904574387873,0.027230763762577288,0.3878142480844695,,,
bfs_nextline_deg8_l2_ddr4_1x,bfs,nextline,deg8,l2,ddr4_1x,0.026743,26743076820.0,30729211.0,31124590.0,80309540.0,0.382635,6633585.0,11516410.0,1354027.0,3523148.0,263945088368.0,39789.207249,124372634515.0,91853.880694,1674608.0,89560.0,18.698169,9146561.0,598775.0,15.275456,3110669.0,3522916.0,0.305904,42112.461522,130781.0,1223246.0,0.347203,94696.767296,13.35,59.84,0.0,0.0,11359166861.937763,383297706.13133216,11359162076.0,383297706.0,11742459782.0,19207.0,11322.733657,382.943521,50913.57,3332.0,68405.57,8774099.0,68.055206,125.012958,418328.0,2.0,2053.0,12830763.0,,,,,,,,,,,,,,,,,7563020.0,588720.0,2802331.0,0.077842,0.324907,4039296.0,3426283.0,612689.0,324.0,14436523.0,1079933.0,0.0,241056.0,5360200.0,1105453.0,345510.0,,,,,224675968.0,8401275945.629954,3520939.0,68512.06,0.02764,1.033541487492054,7563020.0,588720.0,2802331.0,0.07784192029110064,0.3705306874766958,0.5760115348446261,0.38432305426851215,0.3030348264596471,4039296.0,0.5340850612585978,5360200.0,241056.0,1079933.0,14436523.0,0.3712943899303177,0.016697649427081577,0.07480561628308977,8401275945.629954,224675968.0,0.5830417194526336
bfs_nextline_deg8_l2_ddr4_2x,bfs,nextline,deg8,l2,ddr4_2x,0.021661,21661298352.0,30729211.0,31124590.0,65048944.0,0.472402,6534368.0,11408707.0,1347464.0,3523209.0,200709389364.0,30715.960497,94630805165.0,70228.818852,1075061.0,70343.0,15.283127,6253653.0,542106.0,11.535849,3011388.0,3522980.0,0.308797,32863.336029,135834.0,1211630.0,0.3439,73058.271583,,,,,,,,,,,,,,,,8774099.0,53.821705,99.571728,111739.0,2.0,1812.0,12712607.0,,,,,,,,,,,,,,,,,8424839.0,633145.0,3135844.0,0.075152,0.34321,4517945.0,3879191.0,638180.0,574.0,14715349.0,994473.0,0.0,228203.0,4879261.0,1129523.0,374350.0,,,,,,,,,0.025176,1.1622732099164397,8424839.0,633145.0,3135844.0,0.07515217798227361,0.3722141159017994,0.5727527229860492,0.3824536097631449,0.31967187869993524,4517945.0,0.53626484731637,4879261.0,228203.0,994473.0,14715349.0,0.3315763017241385,0.015507821119295233,0.06758066016646971,,,
matmult_nextline_default_l1d_ddr4_1x,matmult,nextline,default,l1d,ddr4_1x,0.001267,1266827904.0,7397876.0,7415199.0,3804288.0,1.944617,1156609.0,2138004.0,5391.0,1116664.0,19221138711.0,16618.527706,347398263.0,64440.412354,944038.0,526341.0,1.793586,0.0,0.0,,93606.0,1063003.0,0.497194,16307.255897,,5391.0,0.004828,64107.227045,1.48,58.6,0.0,0.0,272554779.4690825,208445045.42899615,272504260.0,208445045.0,480949305.0,19207.0,267.553311,208.596605,20228.94,3332.0,37720.94,2106632.0,30.164693,28.843236,1520.0,2.0,1309.0,2150411.0,62306.0,14771.0,37664.0,0.237072,0.013705,8861.0,6844.0,1959.0,58.0,2287722.0,172848.0,0.0,5538.0,2038443.0,55044.0,641.0,,,,,,,,,,,,,,,,,136448.0,107708394.77814344,2151.0,37963.03,,,,,0.001279,1.009471191791634,62306.0,14771.0,37664.0,0.2370718710878567,0.6045003691458286,0.5409760692683456,0.004827772723039339,0.012609913093957554,8861.0,0.14221744294289473,2038443.0,5538.0,172848.0,2287722.0,0.8910361486229533,0.0024207486748827,0.07555463469774737,107708394.77814344,136448.0,0.023880304038732546
matmult_nextline_default_l1d_ddr4_2x,matmult,nextline,default,l1d,ddr4_2x,0.001267,1267112286.0,7397876.0,7415199.0,3805142.0,1.944181,1150501.0,2137973.0,5359.0,1113220.0,19169534234.0,16661.90141,322801356.0,60235.371525,960042.0,526220.0,1.824412,0.0,0.0,,90387.0,1060114.0,0.49585,16316.830537,,5359.0,0.004814,59902.185109,,,,,,,,,,,,,,,,2106632.0,30.178324,28.528422,1051.0,2.0,1313.0,2151605.0,59616.0,16779.0,35094.0,0.281451,0.015581,6725.0,5026.0,1598.0,101.0,2279079.0,165787.0,0.0,5331.0,2039345.0,55489.0,648.0,,,,,,,,,,,,,,,,,,,,,,,,,0.001298,1.0244672454617205,59616.0,16779.0,35094.0,0.2814512882447665,0.5886674718196457,0.5381270016038556,0.00481396309803992,0.014374443149886916,6725.0,0.1128052871712292,2039345.0,5331.0,165787.0,2279079.0,0.8948110179594476,0.0023391027691449045,0.0727429808269042,,,
matmult_nextline_default_l2_ddr4_1x,matmult,nextline,default,l2,ddr4_1x,0.001186,1186286193.0,7397871.0,7415194.0,3562421.0,2.076644,1160663.0,2139241.0,2251.0,1078238.0,19058269602.0,16420.157791,109021478.0,48432.464682,872551.0,499269.0,1.747657,3600.0,150.0,24.0,82653.0,1078010.0,0.503922,16165.768727,1729.0,522.0,0.000484,85975.130268,1.25,57.08,0.0,0.0,307891975.9458079,234843835.866848,307838026.0,234843836.0,542681862.0,19207.0,292.35441,234.574086,26869.43,3332.0,44361.43,2106632.0,29.581535,27.956584,964.0,2.0,1541.0,2146922.0,,,,,,,,,,,,,,,,,10391.0,3293.0,72.0,0.316909,0.863172,5196.0,3264.0,1928.0,4.0,10820.0,10.0,0.0,6.0,410.0,268.0,154.0,,,,,319936.0,269695459.56774026,5183.0,40268.97,0.001279,1.0784148397976392,10391.0,3293.0,72.0,0.31690886343951497,0.006929073236454624,0.5425583185812164,0.0020876652464483724,0.5939754689754689,5196.0,0.500048118564142,410.0,6.0,10.0,10820.0,0.03789279112754159,0.00055452865064695,0.0009242144177449168,269695459.56774026,319936.0,0.026945475804077728
matmult_nextline_default_l2_ddr4_2x,matmult,nextline,default,l2,ddr4_2x,0.001203,1202641488.0,7397876.0,7415199.0,3611536.0,2.048404,1157879.0,2138645.0,2194.0,1077583.0,19208716625.0,16589.571643,108794695.0,49587.372379,895733.0,495650.0,1.807189,2824.0,185.0,15.264865,80525.0,1077354.0,0.503755,16274.728569,1602.0,592.0,0.000549,67603.385135,,,,,,,,,,,,,,,,2106632.0,29.985801,29.52232,1419.0,2.0,1600.0,2150115.0,,,,,,,,,,,,,,,,,10080.0,3266.0,72.0,0.324008,0.846553,5036.0,3133.0,1901.0,2.0,10659.0,7.0,0.0,4.0,565.0,261.0,143.0,,,,,,,,,0.001298,1.078969243557772,10080.0,3266.0,72.0,0.3240079365079365,0.007142857142857143,0.5414077605212646,0.0020360380592492643,0.5981684981684982,5036.0,0.4996031746031746,565.0,4.0,7.0,10659.0,0.05300684867248335,0.00037526972511492634,0.0006567220189511212,,,
matmult_nextline_deg16_l1d_ddr4_1x,matmult,nextline,deg16,l1d,ddr4_1x,0.001263,1262651085.0,7397871.0,7415194.0,3791745.0,1.951049,1150111.0,2139376.0,5626.0,1102288.0,18928754056.0,16458.197562,390417052.0,69395.138998,936299.0,521356.0,1.795892,0.0,0.0,,81580.0,1068531.0,0.499459,16317.190131,,5626.0,0.005104,69061.84305,1.45,56.23,0.0,0.0,285469203.869571,207715340.45765305,285418517.0,207715340.0,493133857.0,19207.0,278.525084,208.272897,25575.07,3332.0,43067.07,2106632.0,29.730677,27.068573,626.0,2.0,1260.0,2150776.0,140026.0,7123.0,24239.0,0.050869,0.006622,106484.0,105698.0,764.0,22.0,16063226.0,670591.0,0.0,756875.0,14479606.0,2452550.0,15034.0,,,,,,,,,,,,,,,,,158976.0,125906516.76349686,2491.0,48921.76,,,,,0.001279,1.0126682501979414,140026.0,7123.0,24239.0,0.050869124305486124,0.17310356648051076,0.5375918024695051,0.005103929281639644,0.006155194195815194,106484.0,0.7604587719423536,14479606.0,756875.0,670591.0,16063226.0,0.9014133275594828,0.04711849288555114,0.041746969133099415,125906516.76349686,158976.0,0.024485296713242694
matmult_nextline_deg16_l1d_ddr4_2x,matmult,nextline,deg16,l1d,ddr4_2x,0.001245,1244588499.0,7397876.0,7415199.0,3737503.0,1.979366,1147573.0,2137884.0,5603.0,1091310.0,19245928399.0,16770.98398,392575337.0,70065.203819,974343.0,526103.0,1.852,0.0,0.0,,78839.0,1068734.0,0.499903,16605.612834,,5603.0,0.005134,69731.906657,,,,,,,,,,,,,,,,2106632.0,30.092931,28.572264,615.0,2.0,1851.0,2148217.0,56325.0,7518.0,14059.0,0.133475,0.006985,33963.0,33501.0,458.0,4.0,16026081.0,661015.0,0.0,764263.0,14527239.0,2455423.0,14537.0,,,,,,,,,,,,,,,,,,,,,,,,,0.001298,1.042570281124498,56325.0,7518.0,14059.0,0.13347536617842876,0.24960497114957833,0.5367798252851885,0.005134196516113662,0.0065085781120275375,33963.0,0.602982689747004,14527239.0,764263.0,661015.0,16026081.0,0.906474826877513,0.047688701935301586,0.04124620361022761,,,
matmult_nextline_deg16_l2_ddr4_1x,matmult,nextline,deg16,l2,ddr4_1x,0.001166,1166183982.0,7397871.0,7415194.0,3502054.0,2.11244,1159905.0,2139475.0,817.0,1078422.0,18544714881.0,15988.132546,73544552.0,90017.811506,805795.0,471421.0,1.70929,6327.0,303.0,20.881188,81707.0,1078198.0,0.503954,15897.098059,128.0,689.0,0.000639,98334.808418,2.02,58.68,0.0,1.0,346621121.7433785,245916600.1475743,345578405.0,245916600.0,591495005.0,19207.0,332.68164,245.422682,43345.12,3332.0,60837.12,2106632.0,28.865006,25.584145,638.0,2.0,1523.0,2146977.0,,,,,,,,,,,,,,,,,68519.0,4804.0,255.0,0.070112,0.874568,62809.0,54803.0,8006.0,0.0,78005.0,553.0,0.0,670.0,8206.0,11931.0,10050.0,,,,,351552.0,301455006.6080396,5621.0,56718.33,0.001279,1.0969125214408233,68519.0,4804.0,255.0,0.07011193975393687,0.0037215954698696712,0.5421446850278689,0.000757588402313751,0.8546521971179506,62809.0,0.9166654504589967,8206.0,670.0,553.0,78005.0,0.10519838471892827,0.00858919300044869,0.00708928914813153,301455006.6080396,351552.0,0.02936916720732475
matmult_nextline_deg16_l2_ddr4_2x,matmult,nextline,deg16,l2,ddr4_2x,0.001158,1157959881.0,7397871.0,7415194.0,3477357.0,2.127443,1159977.0,2139479.0,803.0,1078422.0,18482376281.0,15933.398922,67270901.0,83774.47198,798759.0,470346.0,1.698237,4269.0,241.0,17.713693,81779.0,1078198.0,0.503954,15851.048209,143.0,660.0,0.000612,94764.089394,,,,,,,,,,,,,,,,2106632.0,28.747742,25.375716,294.0,2.0,1509.0,2147008.0,,,,,,,,,,,,,,,,,69087.0,4824.0,303.0,0.069825,0.87965,63287.0,55517.0,7770.0,0.0,77940.0,361.0,0.0,613.0,7858.0,12092.0,10282.0,,,,,,,,,0.001298,1.1208981001727114,69087.0,4824.0,303.0,0.06982500325676322,0.004385774458291719,0.5421773244794644,0.0007446064713071506,0.857295183934601,63287.0,0.9160478816564621,7858.0,613.0,361.0,77940.0,0.1008211444701052,0.007865024377726456,0.0046317680266871955,,,
matmult_nextline_deg1_l1d_ddr4_1x,matmult,nextline,deg1,l1d,ddr4_1x,0.001262,1261844226.0,7397876.0,7415199.0,3789322.0,1.952298,1157993.0,2137475.0,5448.0,1118219.0,19360501070.0,16719.013906,379300896.0,69622.044053,898370.0,500961.0,1.793293,0.0,0.0,,89623.0,1068370.0,0.499828,16189.089333,,5448.0,0.004872,69288.921806,1.31,57.95,0.0,0.0,276471527.0013052,213528733.93423128,276420808.0,213528734.0,489949542.0,19207.0,267.646349,213.528734,26244.29,3332.0,43736.29,2106632.0,30.20054,32.647777,2164.0,2.0,1222.0,2147433.0,53469.0,9478.0,39572.0,0.177262,0.008793,3837.0,2436.0,1400.0,1.0,1149168.0,74927.0,0.0,5424.0,1005586.0,18306.0,125.0,,,,,,,,,,,,,,,,,129792.0,102858972.07093136,2054.0,42704.89,,,,,0.001279,1.013470681458003,53469.0,9478.0,39572.0,0.17726159082833043,0.7400923899829808,0.5417574474555258,0.0048720331169475745,0.008118402941058065,3837.0,0.0717612074286035,1005586.0,5424.0,74927.0,1149168.0,0.8750556924662016,0.00471993651058853,0.06520108461077928,102858972.07093136,129792.0,0.024327187720123145
matmult_nextline_deg1_l1d_ddr4_2x,matmult,nextline,deg1,l1d,ddr4_2x,0.001271,1271346381.0,7397871.0,7415194.0,3817857.0,1.937705,1157158.0,2138600.0,5387.0,1118339.0,19468699039.0,16824.581465,327076434.0,60715.877854,963491.0,535170.0,1.800346,0.0,0.0,,88572.0,1068586.0,0.499666,16405.476517,,5387.0,0.004817,60382.754223,,,,,,,,,,,,,,,,2106632.0,30.452866,29.442545,1203.0,2.0,1644.0,2150497.0,53082.0,9480.0,39403.0,0.178592,0.008794,3545.0,2110.0,1417.0,18.0,1148341.0,76127.0,0.0,5326.0,1006142.0,18301.0,209.0,,,,,,,,,,,,,,,,,,,,,,,,,0.001298,1.021243115656963,53082.0,9480.0,39403.0,0.17859161297615012,0.7423043592931691,0.5410820162723277,0.0048169651599380865,0.008125913951028511,3545.0,0.06678346708865529,1006142.0,5326.0,76127.0,1148341.0,0.8761700575003418,0.0046379951599742585,0.06629302620040563,,,
matmult_nextline_deg1_l2_ddr4_1x,matmult,nextline,deg1,l2,ddr4_1x,0.001199,1199258208.0,7397876.0,7415199.0,3601376.0,2.054183,1160502.0,2138778.0,2471.0,1078158.0,19229139111.0,16569.673392,134646127.0,54490.541076,864580.0,492009.0,1.757244,3455.0,176.0,19.630682,82565.0,1077937.0,0.503997,16192.310237,1941.0,530.0,0.000492,71689.7,1.23,56.74,0.0,0.0,297837444.5280428,229528552.0363935,297730712.0,229528552.0,527259264.0,19207.0,284.762696,229.581918,25760.81,3332.0,43252.81,2106632.0,29.863457,29.555059,1420.0,2.0,1523.0,2146828.0,,,,,,,,,,,,,,,,,5315.0,3032.0,40.0,0.570461,0.851207,259.0,244.0,11.0,4.0,5415.0,0.0,0.0,10.0,90.0,88.0,50.0,,,,,314368.0,262135374.93670425,5050.0,40825.18,0.001279,1.066722268557131,5315.0,3032.0,40.0,0.5704609595484478,0.007525870178739417,0.5426004943009513,0.0022918718777767268,0.5509721969834636,259.0,0.048730009407337724,90.0,10.0,0.0,5415.0,0.01662049861495845,0.0018467220683287165,0.0,262135374.93670425,314368.0,0.02617970626147043
matmult_nextline_deg1_l2_ddr4_2x,matmult,nextline,deg1,l2,ddr4_2x,0.001207,1207241883.0,7397871.0,7415194.0,3625351.0,2.040597,1159286.0,2138738.0,2382.0,1077826.0,19379884208.0,16717.086386,113710396.0,47737.361881,923803.0,504675.0,1.830491,2474.0,200.0,12.37,81681.0,1077605.0,0.503851,16399.528319,1837.0,545.0,0.000506,64488.755963,,,,,,,,,,,,,,,,2106632.0,30.165748,27.530172,1260.0,2.0,1588.0,2149036.0,,,,,,,,,,,,,,,,,5278.0,3077.0,40.0,0.582986,0.849531,274.0,261.0,10.0,3.0,5372.0,0.0,0.0,12.0,82.0,87.0,50.0,,,,,,,,,0.001298,1.0753935376967687,5278.0,3077.0,40.0,0.5829859795377037,0.007578628268283441,0.5420420827609553,0.0022100042121826714,0.5636563473163583,274.0,0.05191360363774157,82.0,12.0,0.0,5372.0,0.01526433358153388,0.0022338049143708115,0.0,,,
matmult_nextline_deg32_l1d_ddr4_1x,matmult,nextline,deg32,l1d,ddr4_1x,0.001257,1256978763.0,7397871.0,7415194.0,3774711.0,1.959853,1146112.0,2134353.0,5720.0,1094354.0,18970689130.0,16552.212288,494769781.0,86498.213462,957864.0,515228.0,1.859107,0.0,0.0,,79626.0,1066486.0,0.499676,16444.797781,,5720.0,0.005227,86165.038811,2.64,56.38,0.0,0.0,291441678.0802844,209620088.8638244,291390762.0,209620089.0,501010851.0,19207.0,285.179042,209.925583,42870.23,3332.0,60362.23,2106632.0,29.735949,28.110375,654.0,2.0,1606.0,2147874.0,123103.0,7741.0,18665.0,0.062882,0.007206,95450.0,93815.0,1635.0,0.0,27376772.0,9299717.0,0.0,719456.0,16528176.0,9546620.0,79855.0,,,,,,,,,,,,,,,,,192384.0,153052705.15536943,3016.0,70100.2,,,,,0.001279,1.0175019888623706,123103.0,7741.0,18665.0,0.06288230181230352,0.15162100030056133,0.5369833387448093,0.0052268278820198945,0.006708826860960625,95450.0,0.775366969123417,16528176.0,719456.0,9299717.0,27376772.0,0.6037299065061432,0.026279796610060528,0.3396937009228115,153052705.15536943,192384.0,0.024876408644740906
matmult_nextline_deg32_l1d_ddr4_2x,matmult,nextline,deg32,l1d,ddr4_2x,0.001256,1255654422.0,7397871.0,7415194.0,3770734.0,1.96192,1149180.0,2136563.0,5750.0,1095684.0,19024779293.0,16555.090841,392560375.0,68271.369565,955880.0,518754.0,1.842646,0.0,0.0,,80969.0,1068211.0,0.499967,16472.500685,,5750.0,0.005248,67938.311652,,,,,,,,,,,,,,,,2106632.0,29.826422,27.326584,638.0,2.0,1575.0,2146518.0,117999.0,7461.0,18734.0,0.063229,0.006936,90742.0,88807.0,1913.0,22.0,27426150.0,9308678.0,0.0,719920.0,16572177.0,9586458.0,78884.0,,,,,,,,,,,,,,,,,,,,,,,,,0.001298,1.03343949044586,117999.0,7461.0,18734.0,0.06322934940126611,0.1587640573225197,0.5378638495565073,0.005247863435077997,0.006450575416226815,90742.0,0.7690065170043814,16572177.0,719920.0,9308678.0,27426150.0,0.6042472968316734,0.026249400663235636,0.33940884885410455,,,
matmult_nextline_deg32_l2_ddr4_1x,matmult,nextline,deg32,l2,ddr4_1x,0.001165,1165004163.0,7397876.0,7415199.0,3498511.0,2.114581,1160529.0,2139538.0,899.0,1078479.0,18452162191.0,15899.785521,79509250.0,88441.879867,789244.0,464335.0,1.69973,6303.0,282.0,22.351064,82268.0,1078261.0,0.503969,15829.830491,183.0,716.0,0.000664,99389.113128,3.11,60.02,0.0,30.0,352630499.5701547,247593965.03547084,351971274.0,247593965.0,599565239.0,19207.0,337.742999,248.143319,60891.65,3332.0,78383.65,2106632.0,28.693143,25.621215,693.0,2.0,1342.0,2147055.0,,,,,,,,,,,,,,,,,105613.0,4711.0,285.0,0.044606,0.868067,99804.0,95073.0,4727.0,4.0,132864.0,14807.0,0.0,776.0,10983.0,46656.0,39193.0,,,,,355072.0,304781743.51382124,5695.0,75382.64,0.001279,1.0978540772532188,105613.0,4711.0,285.0,0.0446062511243881,0.0026985314307897703,0.5424203729964132,0.0008335813678337733,0.8397504456327985,99804.0,0.9449973014685692,10983.0,776.0,14807.0,132864.0,0.082663475433526,0.005840558766859345,0.11144478564547206,304781743.51382124,355072.0,0.02976987397533581
matmult_nextline_deg32_l2_ddr4_2x,matmult,nextline,deg32,l2,ddr4_2x,0.001159,1158733440.0,7397876.0,7415199.0,3479680.0,2.126025,1159848.0,2139536.0,821.0,1078484.0,18496156282.0,15947.051926,62845687.0,76547.730816,798077.0,468194.0,1.704586,3095.0,206.0,15.024272,81588.0,1078260.0,0.503969,15874.72983,168.0,653.0,0.000605,87482.511485,,,,,,,,,,,,,,,,2106632.0,28.758427,24.980639,279.0,2.0,1507.0,2147106.0,,,,,,,,,,,,,,,,,110481.0,4775.0,318.0,0.04322,0.879698,104560.0,98181.0,6379.0,0.0,132337.0,10540.0,0.0,631.0,10100.0,46735.0,39845.0,,,,,,,,,0.001298,1.1199309749784294,110481.0,4775.0,318.0,0.04322010119387044,0.002878322969560377,0.5421025867290852,0.0007612537599074257,0.8532880629020729,104560.0,0.9464070745196007,10100.0,631.0,10540.0,132337.0,0.07632030346766211,0.004768129850306415,0.07964514837120382,,,
matmult_nextline_deg4_l1d_ddr4_1x,matmult,nextline,deg4,l1d,ddr4_1x,0.001243,1242562860.0,7397871.0,7415194.0,3731420.0,1.982591,1147590.0,2137794.0,5438.0,1096637.0,19169985626.0,16704.559665,389724368.0,71666.856933,947473.0,520203.0,1.821352,0.0,0.0,,84772.0,1062818.0,0.497156,16385.890771,,5438.0,0.004959,71333.550754,3.15,57.75,0.0,0.0,280401105.8241351,211949035.7212189,280349599.0,211949036.0,492298635.0,19207.0,274.838409,211.794516,27659.48,3332.0,45151.48,2106632.0,29.96308,29.71552,1430.0,2.0,1585.0,2148478.0,39694.0,13538.0,19030.0,0.341059,0.012578,6091.0,4837.0,1245.0,9.0,4463332.0,301142.0,0.0,3465.0,4108911.0,181192.0,2017.0,,,,,,,,,,,,,,,,,188288.0,151531971.58975118,2953.0,43488.73,,,,,0.001279,1.0289621882542237,39694.0,13538.0,19030.0,0.34105910213130447,0.47941754421323124,0.5368103755553623,0.004958796757723841,0.011659351940526799,6091.0,0.15344888396231168,4108911.0,3465.0,301142.0,4463332.0,0.9205927320665368,0.0007763258480435692,0.06747022179842324,151531971.58975118,188288.0,0.024443825907291872
matmult_nextline_deg4_l1d_ddr4_2x,matmult,nextline,deg4,l1d,ddr4_2x,0.001258,1257900174.0,7397876.0,7415199.0,3777478.0,1.958419,1145626.0,2136626.0,5359.0,1095392.0,19511922217.0,17031.668465,364007262.0,67924.475089,1003739.0,531721.0,1.887717,0.0,0.0,,83306.0,1062320.0,0.497195,16716.064494,,5359.0,0.004892,67591.164396,,,,,,,,,,,,,,,,2106632.0,30.604719,30.440601,1150.0,2.0,1660.0,2146947.0,39360.0,13108.0,18886.0,0.333028,0.012189,6504.0,5433.0,1061.0,10.0,4453838.0,297580.0,0.0,3122.0,4102780.0,181110.0,1881.0,,,,,,,,,,,,,,,,,,,,,,,,,0.001298,1.0317965023847375,39360.0,13108.0,18886.0,0.3330284552845528,0.4798272357723577,0.5361846200504908,0.004892312523735795,0.011312346060441828,6504.0,0.1652439024390244,4102780.0,3122.0,297580.0,4453838.0,0.9211785430902516,0.0007009684680942594,0.0668142846686386,,,
matmult_nextline_deg4_l2_ddr4_1x,matmult,nextline,deg4,l2,ddr4_1x,0.001178,1177770051.0,7397885.0,7415209.0,3536847.0,2.091664,1159291.0,2137050.0,1963.0,1076134.0,18777601435.0,16197.48746,99012771.0,50439.516556,814168.0,474835.0,1.714634,4220.0,230.0,18.347826,83383.0,1075908.0,0.503455,15997.59625,1341.0,622.0,0.000578,85608.115756,1.32,59.79,0.0,0.0,316421698.5171072,235563809.5606491,315878299.0,235563810.0,551442108.0,19207.0,301.912924,235.944189,31252.65,3332.0,48744.65,2106633.0,29.272795,26.81578,1159.0,2.0,1264.0,2146239.0,,,,,,,,,,,,,,,,,19754.0,3579.0,133.0,0.181178,0.85194,14532.0,9481.0,5050.0,1.0,21278.0,19.0,0.0,4.0,1497.0,890.0,493.0,,,,,323520.0,274688594.53958046,5200.0,44881.28,0.001279,1.0857385398981323,19754.0,3579.0,133.0,0.18117849549458337,0.006732813607370659,0.542472567324115,0.0018241222747353025,0.6457957416095272,14532.0,0.735648476257973,1497.0,4.0,19.0,21278.0,0.07035435661246357,0.00018798759281887396,0.0008929410658896513,274688594.53958046,323520.0,0.027380443347973214
matmult_nextline_deg4_l2_ddr4_2x,matmult,nextline,deg4,l2,ddr4_2x,0.001191,1190569572.0,7397871.0,7415194.0,3575284.0,2.069173,1159217.0,2138752.0,1823.0,1078207.0,19125364877.0,16498.520016,74142046.0,40670.348875,905367.0,503631.0,1.797679,3488.0,153.0,22.797386,81236.0,1077981.0,0.504023,16334.410092,1276.0,547.0,0.000507,80847.034735,,,,,,,,,,,,,,,,2106632.0,29.801095,26.805598,547.0,2.0,1340.0,2147638.0,,,,,,,,,,,,,,,,,19601.0,3652.0,128.0,0.186317,0.869731,14362.0,9358.0,5000.0,4.0,21019.0,16.0,0.0,3.0,1394.0,881.0,514.0,,,,,,,,,0.001298,1.089840470193115,19601.0,3652.0,128.0,0.1863170246415999,0.0065302790673945205,0.5420062728170447,0.0016907699541924696,0.6670319634703197,14362.0,0.7327177184837508,1394.0,3.0,16.0,21019.0,0.06632094771397307,0.00014272800799276845,0.0007612160426280984,,,
matmult_nextline_deg8_l1d_ddr4_1x,matmult,nextline,deg8,l1d,ddr4_1x,0.001235,1235433330.0,7397871.0,7415194.0,3710010.0,1.994032,1147789.0,2137464.0,5514.0,1088987.0,19256192792.0,16776.770636,442889185.0,80320.853283,950089.0,514882.0,1.845256,0.0,0.0,,80527.0,1067262.0,0.499312,16532.680912,,5514.0,0.005063,79987.551324,6.44,57.92,0.0,0.0,285956345.373975,212343307.9144789,285904542.0,212343308.0,498247850.0,19207.0,281.760247,212.602326,36131.79,3332.0,53623.79,2106632.0,30.105628,29.462204,840.0,2.0,1333.0,2148066.0,29421.0,8886.0,11843.0,0.302029,0.008257,7911.0,7313.0,598.0,0.0,8604223.0,485604.0,0.0,2292.0,8070230.0,649201.0,6479.0,,,,,,,,,,,,,,,,,216576.0,175303672.59882814,3385.0,55194.61,,,,,0.001279,1.0356275303643725,29421.0,8886.0,11843.0,0.30202916284286735,0.4025356038204004,0.536986353922218,0.005063421326425384,0.007682365400825643,7911.0,0.2688895686754359,8070230.0,2292.0,485604.0,8604223.0,0.9379382658957119,0.0002663808225333072,0.0564378677772531,175303672.59882814,216576.0,0.024739218917563064
matmult_nextline_deg8_l1d_ddr4_2x,matmult,nextline,deg8,l1d,ddr4_2x,0.001235,1235068695.0,7397871.0,7415194.0,3708915.0,1.994621,1145837.0,2133833.0,5481.0,1086249.0,19463467402.0,16986.244468,363188597.0,66263.199599,984956.0,519065.0,1.897558,0.0,0.0,,79849.0,1065988.0,0.499565,16788.54666,,5481.0,0.005046,65929.895822,,,,,,,,,,,,,,,,2106632.0,30.348519,28.597454,684.0,2.0,1615.0,2146118.0,25062.0,8702.0,10760.0,0.347219,0.008097,5016.0,4238.0,778.0,0.0,8587431.0,481184.0,0.0,1657.0,8063361.0,648905.0,4383.0,,,,,,,,,,,,,,,,,,,,,,,,,0.001298,1.0510121457489878,25062.0,8702.0,10760.0,0.34721889713510495,0.4293352485835129,0.5369853217191786,0.005045804415009818,0.0075372074914749525,5016.0,0.2001436437634666,8063361.0,1657.0,481184.0,8587431.0,0.9389724354117082,0.00019295642666590276,0.05603352155027505,,,
matmult_nextline_deg8_l2_ddr4_1x,matmult,nextline,deg8,l2,ddr4_1x,0.001169,1169209620.0,7397876.0,7415199.0,3511140.0,2.106975,1159742.0,2139221.0,895.0,1078203.0,18585740887.0,16025.754769,77469973.0,86558.62905,805277.0,468391.0,1.719241,5559.0,250.0,22.236,81764.0,1077978.0,0.503911,15903.791589,210.0,685.0,0.000635,100294.039416,1.91,58.33,0.0,8.0,333572349.49880075,240791723.89977428,332587069.0,240791724.0,573378792.0,19207.0,320.052105,240.736986,39495.82,3332.0,56987.82,2106632.0,28.929777,26.536315,544.0,2.0,1793.0,2147124.0,,,,,,,,,,,,,,,,,37418.0,4679.0,220.0,0.125047,0.872297,31953.0,23958.0,7995.0,0.0,41356.0,57.0,0.0,6.0,3867.0,3236.0,2730.0,,,,,339328.0,290219986.38704324,5409.0,52109.86,0.001279,1.09409751924722,37418.0,4679.0,220.0,0.1250467689347373,0.005879523224116735,0.5421328605132429,0.0008300848727002244,0.8394330821672049,31953.0,0.8539472980918275,3867.0,6.0,57.0,41356.0,0.09350517458168102,0.00014508172937421413,0.0013782764290550342,290219986.38704324,339328.0,0.028469653121384986
matmult_nextline_deg8_l2_ddr4_2x,matmult,nextline,deg8,l2,ddr4_2x,0.001174,1173530961.0,7397876.0,7415199.0,3524117.0,2.099217,1163204.0,2139521.0,824.0,1078406.0,18818431631.0,16178.100858,65762433.0,79808.777913,847259.0,493189.0,1.717919,2991.0,191.0,15.659686,85023.0,1078181.0,0.503936,16097.032686,140.0,684.0,0.000634,78298.711988,,,,,,,,,,,,,,,,2106632.0,29.34034,25.876119,558.0,2.0,751.0,2147171.0,,,,,,,,,,,,,,,,,37445.0,4698.0,222.0,0.125464,0.87291,32021.0,24808.0,7213.0,0.0,41000.0,96.0,0.0,9.0,3442.0,3176.0,2710.0,,,,,,,,,0.001298,1.1056218057921636,37445.0,4698.0,222.0,0.12546401388703432,0.005928695419949259,0.5436749627603562,0.0007640907042431144,0.8507787033683448,32021.0,0.8551475497396182,3442.0,9.0,96.0,41000.0,0.08395121951219513,0.00021951219512195122,0.0023414634146341463,,,
merge_nextline_default_l1d_ddr4_1x,merge,nextline,default,l1d,ddr4_1x,0.009834,9834328494.0,37918843.0,38897857.0,29532518.0,1.283971,561356.0,10928378.0,72281.0,204276.0,17311366295.0,30838.480919,5649072140.0,78154.316349,0.0,0.0,,0.0,0.0,,469494.0,91862.0,0.008406,30095.515697,,72281.0,0.35384,77821.316349,1.38,46.95,0.0,0.0,470397953.7415684,309602836.8238479,470391446.0,309602837.0,779994283.0,19207.0,467.964031,309.173321,33087.88,3332.0,50579.88,5213253.0,4.851531,29.965352,17439.0,2.0,1696.0,14392070.0,853038.0,109520.0,1199.0,0.128388,0.543842,740805.0,341293.0,399511.0,1.0,1310553.0,328480.0,0.0,104.0,466.0,31203.0,5311.0,,,,,,,,,,,,,,,,,2955200.0,300498402.285727,46322.0,40896.69,,,,,0.011631,1.1827333740085417,853038.0,109520.0,1199.0,0.12838818434817675,0.0014055645821170921,0.051366817655831454,0.3538399028765004,0.16324924427166868,740805.0,0.8684314180610946,466.0,104.0,328480.0,1310553.0,0.00035557508929436656,7.93558139197728e-05,0.25064228611891315,300498402.285727,2955200.0,0.038728615329869744
merge_nextline_default_l1d_ddr4_2x,merge,nextline,default,l1d,ddr4_2x,0.009853,9853260876.0,37918829.0,38897842.0,29589372.0,1.281503,554901.0,10927928.0,72282.0,204288.0,16169524948.0,29139.477038,5255028305.0,72701.755693,0.0,0.0,,0.0,0.0,,463040.0,91861.0,0.008406,28709.311797,,72282.0,0.353824,72368.755693,,,,,,,,,,,,,,,,5213252.0,4.693027,28.669327,16261.0,2.0,1773.0,14391394.0,833675.0,110173.0,1199.0,0.132153,0.545319,721441.0,360970.0,360470.0,1.0,1299255.0,336352.0,0.0,96.0,464.0,30897.0,5345.0,,,,,,,,,,,,,,,,,,,,,,,,,0.011697,1.187151121485842,833675.0,110173.0,1199.0,0.13215341709898942,0.0014382103337631572,0.050778244512591955,0.35382401315789475,0.16565525039318932,721441.0,0.8653743964974361,464.0,96.0,336352.0,1299255.0,0.00035712773858865275,7.38884976390316e-05,0.2588806662279537,,,
merge_nextline_default_l2_ddr4_1x,merge,nextline,default,l2,ddr4_1x,0.010076,10076038209.0,37919508.0,38898587.0,30258373.0,1.253192,839536.0,11100309.0,26876.0,201531.0,18503731399.0,22040.426377,2609761293.0,97103.783785,0.0,0.0,,0.0,0.0,,638219.0,201317.0,0.018136,16879.877939,1088.0,25788.0,0.12796,96167.605631,1.37,46.87,0.0,0.0,460212625.6188753,302652286.220603,460212626.0,302652286.0,762864912.0,19207.0,457.786275,302.277536,33287.63,3332.0,50779.63,5213396.0,5.059981,30.413181,17630.0,2.0,1695.0,14712176.0,,,,,,,,,,,,,,,,,141029.0,45333.0,264.0,0.321445,0.637407,94356.0,41701.0,52653.0,2.0,141039.0,1.0,0.0,5.0,0.0,3379.0,2145.0,,,,,2978048.0,295557434.2046443,46666.0,40240.73,0.011631,1.154327113934101,141029.0,45333.0,264.0,0.32144452559402675,0.0018719554134256076,0.0756317684489684,0.13335913581533362,0.6278026284812143,94356.0,0.6690538825347978,0.0,5.0,1.0,141039.0,0.0,3.5451187260261344e-05,7.090237452052269e-06,295557434.2046443,2978048.0,0.03787810035205467
merge_nextline_default_l2_ddr4_2x,merge,nextline,default,l2,ddr4_2x,0.010091,10090933965.0,37919489.0,38898567.0,30303105.0,1.251341,835615.0,11100126.0,26529.0,201530.0,17332706596.0,20742.455073,2444954265.0,92161.569038,0.0,0.0,,0.0,0.0,,634297.0,201318.0,0.018137,16084.939742,736.0,25793.0,0.127986,90543.504323,,,,,,,,,,,,,,,,5213393.0,4.897232,29.03434,16883.0,2.0,1739.0,14711955.0,,,,,,,,,,,,,,,,,141031.0,45682.0,269.0,0.323915,0.639133,94359.0,47963.0,46394.0,2.0,141041.0,1.0,0.0,5.0,0.0,3381.0,2175.0,,,,,,,,,0.011697,1.1591517193538798,141031.0,45682.0,269.0,0.3239146003360963,0.0019073820649360778,0.07527977610344243,0.131637969533072,0.6326182991510989,94359.0,0.6690656664137672,0.0,5.0,1.0,141041.0,0.0,3.545068455271871e-05,7.090136910543743e-06,,,
merge_nextline_deg16_l1d_ddr4_1x,merge,nextline,deg16,l1d,ddr4_1x,0.009816,9815895612.0,37918841.0,38897855.0,29477164.0,1.286382,573538.0,10925243.0,73368.0,218213.0,16107177681.0,28083.889265,6157761315.0,83929.796573,126.0,9.0,14.0,0.0,0.0,,477924.0,95614.0,0.008752,29271.847156,,73368.0,0.336222,83596.796573,1.73,47.54,0.0,0.0,478368575.38089305,312831362.6569157,478362055.0,312831363.0,791193418.0,19207.0,474.071871,312.511881,39213.7,3332.0,56705.7,5213253.0,4.884282,30.208172,17405.0,2.0,1793.0,14387611.0,5421794.0,113679.0,8423.0,0.020967,0.543157,5299397.0,4781037.0,518360.0,0.0,9590264.0,3990971.0,0.0,492.0,36382.0,1405256.0,246676.0,,,,,,,,,,,,,,,,,2998080.0,305431120.9600504,47184.0,50200.8,,,,,0.011631,1.1849022004889975,5421794.0,113679.0,8423.0,0.02096704522525201,0.001553544822986635,0.05249658977836923,0.33622194827989166,0.1654193653533018,5299397.0,0.9774249999170016,36382.0,492.0,3990971.0,9590264.0,0.003793639048935462,5.130202880754899e-05,0.4161481894554728,305431120.9600504,2998080.0,0.039284679650974874
merge_nextline_deg16_l1d_ddr4_2x,merge,nextline,deg16,l1d,ddr4_2x,0.009838,9838271547.0,37918841.0,38897855.0,29544359.0,1.283456,571248.0,10925195.0,73389.0,218221.0,15280741941.0,26749.751318,5440525109.0,74132.705296,181.0,14.0,12.928571,0.0,0.0,,475630.0,95618.0,0.008752,27921.679736,,73389.0,0.336306,73799.705296,,,,,,,,,,,,,,,,5213253.0,4.692185,28.245507,16247.0,2.0,1851.0,14387480.0,5347278.0,113755.0,8422.0,0.021273,0.543313,5224878.0,4759980.0,464898.0,0.0,9558105.0,4046595.0,0.0,370.0,26064.0,1401991.0,246676.0,,,,,,,,,,,,,,,,,,,,,,,,,0.011697,1.1889611709697094,5347278.0,113755.0,8422.0,0.021273440430813584,0.0015750069474599975,0.052287213180176643,0.3363058550735264,0.16606496613883442,5224878.0,0.9771098491606384,26064.0,370.0,4046595.0,9558105.0,0.002726900363618102,3.871060215387883e-05,0.42336791654831163,,,
merge_nextline_deg16_l2_ddr4_1x,merge,nextline,deg16,l2,ddr4_1x,0.010084,10083848391.0,37919515.0,38898595.0,30281827.0,1.252222,831983.0,11098990.0,26125.0,201607.0,17568954786.0,21116.963671,2527660806.0,96752.566737,0.0,0.0,,508.0,12.0,42.333333,630634.0,201349.0,0.018141,16494.622913,133.0,25992.0,0.128924,96635.505771,1.81,45.29,0.0,0.0,468741676.46339023,305705508.4992501,468703596.0,305705508.0,774409104.0,19207.0,464.914566,305.261234,41845.33,3332.0,59337.33,5213397.0,5.055327,30.580194,18245.0,2.0,1778.0,14710541.0,,,,,,,,,,,,,,,,,1006193.0,46524.0,1340.0,0.046238,0.641569,958223.0,859951.0,98271.0,1.0,1008140.0,1251.0,0.0,62.0,614.0,154244.0,100250.0,,,,,3046208.0,302087842.0503417,47863.0,53016.48,0.011631,1.1534113447044825,1006193.0,46524.0,1340.0,0.04623765023211253,0.001331752457033591,0.07496024413032176,0.12958379421349456,0.6403942242838855,958223.0,0.9523252497284318,614.0,62.0,1251.0,1008140.0,0.0006090423949054695,6.1499394925308e-05,0.001240899081476779,302087842.0503417,3046208.0,0.03845129759337619
merge_nextline_deg16_l2_ddr4_2x,merge,nextline,deg16,l2,ddr4_2x,0.010088,10087628940.0,37919465.0,38898543.0,30293180.0,1.251751,830496.0,11098936.0,26104.0,201589.0,16491846966.0,19857.828293,2374638647.0,90968.382125,0.0,0.0,,358.0,8.0,44.75,629147.0,201349.0,0.018141,15752.018465,110.0,25994.0,0.128946,90796.035585,,,,,,,,,,,,,,,,5213393.0,4.887404,28.613436,16496.0,2.0,1810.0,14710422.0,,,,,,,,,,,,,,,,,1006391.0,46546.0,1348.0,0.04625,0.64166,958355.0,871513.0,86841.0,1.0,1008151.0,1036.0,0.0,55.0,654.0,154249.0,100274.0,,,,,,,,,0.011697,1.159496431403648,1006391.0,46546.0,1348.0,0.046250413606639965,0.0013394396412527536,0.07482663203031353,0.12949119247577992,0.6406882312456985,958355.0,0.9522690485109664,654.0,55.0,1036.0,1008151.0,0.0006487123456704403,5.455531959002173e-05,0.0010276238380956821,,,
merge_nextline_deg1_l1d_ddr4_1x,merge,nextline,deg1,l1d,ddr4_1x,0.00988,9879570540.0,37918841.0,38897855.0,29668380.0,1.278091,590530.0,10937349.0,72190.0,202823.0,18504610511.0,31335.597702,5547442558.0,76845.027815,0.0,0.0,,0.0,0.0,,499036.0,91494.0,0.008365,30566.221829,,72190.0,0.355926,76512.027815,1.35,46.81,0.0,0.0,467654335.9140791,307964803.4984322,467647858.0,307964803.0,775612661.0,19207.0,465.348163,307.576123,32163.32,3332.0,49655.32,5213253.0,4.918546,30.721792,17889.0,2.0,1757.0,14405770.0,475530.0,104597.0,573.0,0.219959,0.533411,364379.0,55707.0,308672.0,0.0,684166.0,94377.0,0.0,100.0,460.0,10963.0,1695.0,,,,,,,,,,,,,,,,,2951168.0,298714198.96760005,46235.0,38702.97,,,,,0.011631,1.1772267206477733,475530.0,104597.0,573.0,0.21995878283178769,0.0012049712951864235,0.05399205968466399,0.3559261030553734,0.15047178429265443,364379.0,0.7662587008180346,460.0,100.0,94377.0,684166.0,0.000672351446871081,0.0001461633580154524,0.1379445923942435,298714198.96760005,2951168.0,0.03851105712892214
merge_nextline_deg1_l1d_ddr4_2x,merge,nextline,deg1,l1d,ddr4_2x,0.00988,9880469307.0,37918841.0,38897855.0,29671079.0,1.277975,564372.0,10930427.0,72192.0,202825.0,16615640705.0,29440.937369,5200123950.0,72031.858793,0.0,0.0,,0.0,0.0,,472877.0,91495.0,0.008371,28962.647161,,72192.0,0.355932,71698.858793,,,,,,,,,,,,,,,,5213253.0,4.742208,29.435008,16741.0,2.0,1946.0,14396192.0,451120.0,107263.0,573.0,0.23777,0.539666,339968.0,60724.0,279244.0,0.0,661234.0,96839.0,0.0,98.0,460.0,10403.0,1756.0,,,,,,,,,,,,,,,,,,,,,,,,,0.011697,1.1839068825910932,451120.0,107263.0,573.0,0.2377704380209257,0.0012701720163149494,0.05163311552238536,0.35593245408603474,0.1597043036768483,339968.0,0.7536087958857953,460.0,98.0,96839.0,661234.0,0.0006956690067358908,0.00014820774491329847,0.1464519368332542,,,
merge_nextline_deg1_l2_ddr4_1x,merge,nextline,deg1,l2,ddr4_1x,0.010108,10108433115.0,37919543.0,38898624.0,30355655.0,1.249177,855326.0,11104348.0,30043.0,201558.0,19130048447.0,22365.797891,2714447502.0,90352.078754,0.0,0.0,,0.0,0.0,,653977.0,201349.0,0.018132,17330.011334,4244.0,25799.0,0.127998,95532.780961,1.33,47.26,0.0,0.0,457769067.4070409,301302483.317663,457769067.0,301302483.0,759071551.0,19207.0,455.502445,300.941597,31721.13,3332.0,49213.13,5213399.0,5.100173,30.565125,18352.0,2.0,1664.0,14718283.0,,,,,,,,,,,,,,,,,71039.0,42129.0,141.0,0.59304,0.620201,24535.0,253.0,24282.0,0.0,71045.0,0.0,0.0,5.0,0.0,1127.0,667.0,,,,,2969088.0,293723860.6836248,46501.0,38153.92,0.011631,1.1506727344677483,71039.0,42129.0,141.0,0.5930404425737975,0.001984825236841735,0.07702622432222045,0.1490538703499737,0.5837305326165272,24535.0,0.34537366798519126,0.0,5.0,0.0,71045.0,0.0,7.037792948131466e-05,0.0,293723860.6836248,2969088.0,0.037689750742091785
merge_nextline_deg1_l2_ddr4_2x,merge,nextline,deg1,l2,ddr4_2x,0.010115,10115084457.0,37919518.0,38898598.0,30375629.0,1.248355,839428.0,11101229.0,27903.0,201564.0,17538945809.0,20893.92516,2484815697.0,89051.919041,0.0,0.0,,0.0,0.0,,638078.0,201350.0,0.018138,16240.013866,2100.0,25803.0,0.128014,89867.670038,,,,,,,,,,,,,,,,5213397.0,4.911386,29.163859,16638.0,2.0,1760.0,14714127.0,,,,,,,,,,,,,,,,,71049.0,44279.0,144.0,0.623218,0.631817,24536.0,961.0,23575.0,0.0,71055.0,0.0,0.0,5.0,0.0,1127.0,704.0,,,,,,,,,0.011697,1.156401384083045,71049.0,44279.0,144.0,0.6232177792790891,0.002026770257146476,0.07561577191138026,0.13843245817705543,0.6134354825302707,24536.0,0.34533913214823575,0.0,5.0,0.0,71055.0,0.0,7.036802476954472e-05,0.0,,,
merge_nextline_deg32_l1d_ddr4_1x,merge,nextline,deg32,l1d,ddr4_1x,0.009816,9815724117.0,37918841.0,38897855.0,29476649.0,1.286404,586838.0,10925066.0,73778.0,227423.0,16292034585.0,27762.405613,6739687702.0,91350.913579,757.0,98.0,7.72449,0.0,0.0,,488773.0,98065.0,0.008976,28830.818325,,73778.0,0.324409,91017.918092,4.35,45.78,0.0,0.0,481043674.7934121,314212580.06410205,481037155.0,314212580.0,795249735.0,19207.0,475.964477,313.827891,46832.83,3332.0,64324.83,5213253.0,4.876132,29.8459,17640.0,2.0,1693.0,14387393.0,7498052.0,116406.0,12487.0,0.015525,0.542759,7368898.0,6935025.0,433871.0,2.0,16900136.0,4757751.0,0.0,472.0,4506563.0,5603768.0,981254.0,,,,,,,,,,,,,,,,,3014336.0,307092575.5522638,47543.0,61533.87,,,,,0.011631,1.1849022004889975,7498052.0,116406.0,12487.0,0.015524832316446992,0.0016653658843656992,0.053714824239963405,0.32440870096692065,0.16552718544345918,7368898.0,0.9827749927581191,4506563.0,472.0,4757751.0,16900136.0,0.2666583866544033,2.792876933061367e-05,0.28152146231249264,307092575.5522638,3014336.0,0.039486085666599495
merge_nextline_deg32_l1d_ddr4_2x,merge,nextline,deg32,l1d,ddr4_2x,0.009836,9836422731.0,37918841.0,38897855.0,29538807.0,1.283697,585615.0,10924984.0,73777.0,227606.0,15445874642.0,26375.476451,5617396301.0,76140.210377,201.0,7.0,28.714286,0.0,0.0,,487562.0,98053.0,0.008975,27634.754765,,73777.0,0.324143,75807.214891,,,,,,,,,,,,,,,,5213253.0,4.75691,29.117278,16966.0,2.0,1792.0,14387262.0,7238599.0,116537.0,12575.0,0.016099,0.543068,7109237.0,6728815.0,380420.0,2.0,16877359.0,4769878.0,0.0,457.0,4737788.0,5591601.0,981409.0,,,,,,,,,,,,,,,,,,,,,,,,,0.011697,1.1892029280195202,7238599.0,116537.0,12575.0,0.016099386082859404,0.001737214618464153,0.0536032821649899,0.32414347600678367,0.16597118572616756,7109237.0,0.9821288622287269,4737788.0,457.0,4769878.0,16877359.0,0.2807185650314128,2.7077696220125434e-05,0.28261992886446274,,,
merge_nextline_deg32_l2_ddr4_1x,merge,nextline,deg32,l2,ddr4_1x,0.010081,10081299276.0,37919468.0,38898546.0,30274172.0,1.252537,832440.0,11098344.0,26270.0,201606.0,17507477652.0,21031.518971,2512487325.0,95640.933574,0.0,0.0,,768.0,19.0,40.421053,631090.0,201350.0,0.018142,16415.092327,125.0,26145.0,0.129684,95558.466896,7.58,49.77,0.0,0.0,472637491.4137605,307534963.01620954,472523220.0,307534963.0,780058183.0,19207.0,467.6794,306.906473,52829.61,3332.0,70321.61,5213392.0,5.020494,29.654934,17667.0,2.0,1718.0,14710114.0,,,,,,,,,,,,,,,,,1703918.0,46693.0,1643.0,0.027403,0.641053,1655075.0,1552263.0,102812.0,0.0,1733321.0,4062.0,0.0,92.0,25167.0,601495.0,391084.0,,,,,3064704.0,303998910.8641952,48305.0,70153.29,0.011631,1.1537545878385083,1703918.0,46693.0,1643.0,0.02740331400924223,0.0009642482795533588,0.07500578464679054,0.13030366159737308,0.6399544974850266,1655075.0,0.9713348881812388,25167.0,92.0,4062.0,1733321.0,0.014519526388937767,5.307730074233221e-05,0.0023434782132103634,303998910.8641952,3064704.0,0.03873178812045746
merge_nextline_deg32_l2_ddr4_2x,merge,nextline,deg32,l2,ddr4_2x,0.010085,10085284287.0,37919496.0,38898575.0,30286139.0,1.252043,830985.0,11098275.0,26264.0,201601.0,16412223003.0,19750.324017,2364458165.0,90026.582585,0.0,0.0,,538.0,19.0,28.315789,629636.0,201349.0,0.018142,15699.925661,106.0,26158.0,0.129751,89827.914481,,,,,,,,,,,,,,,,5213394.0,4.87618,28.661827,16043.0,2.0,1759.0,14710039.0,,,,,,,,,,,,,,,,,1687135.0,46715.0,1768.0,0.027689,0.641047,1638181.0,1552561.0,85619.0,1.0,1733686.0,2805.0,0.0,62.0,43629.0,601642.0,391105.0,,,,,,,,,0.011697,1.159841348537432,1687135.0,46715.0,1768.0,0.02768895198072472,0.001047930367160897,0.07487514951647892,0.13027713156184742,0.64011564970745,1638181.0,0.9709839461572429,43629.0,62.0,2805.0,1733686.0,0.025165456720536477,3.576195458693212e-05,0.0016179400421991064,,,
merge_nextline_deg4_l1d_ddr4_1x,merge,nextline,deg4,l1d,ddr4_1x,0.009814,9813850659.0,37918841.0,38897855.0,29471023.0,1.28665,558619.0,10925125.0,72468.0,206346.0,16699539058.0,29894.327006,5751106949.0,79360.641235,36.0,3.0,12.0,0.0,0.0,,466534.0,92085.0,0.008429,30370.908986,,72468.0,0.351197,79027.641235,1.43,47.33,0.0,0.0,472598999.226324,310737966.7738635,472592478.0,310737967.0,783330445.0,19207.0,469.736107,310.411897,34370.46,3332.0,51862.46,5213253.0,4.847881,29.748341,17527.0,2.0,1690.0,14387215.0,1589994.0,111054.0,2253.0,0.069846,0.54669,1475913.0,940308.0,535605.0,0.0,2575386.0,857429.0,0.0,200.0,906.0,103314.0,17839.0,,,,,,,,,,,,,,,,,2962368.0,301855826.31454635,46472.0,42186.35,,,,,0.011631,1.1851436723048707,1589994.0,111054.0,2253.0,0.06984554658696825,0.0014169864791942612,0.05113158888342239,0.3511965339769126,0.16583317529600267,1475913.0,0.9282506726440477,906.0,200.0,857429.0,2575386.0,0.00035179192555989664,7.765826171300147e-05,0.3329322284115857,301855826.31454635,2962368.0,0.03889426389626587
merge_nextline_deg4_l1d_ddr4_2x,merge,nextline,deg4,l1d,ddr4_2x,0.009832,9831896262.0,37918836.0,38897850.0,29525214.0,1.284288,555781.0,10924923.0,72464.0,206343.0,15605250111.0,28078.056125,5322979691.0,73456.884674,0.0,0.0,,0.0,0.0,,463700.0,92081.0,0.008429,28826.597811,,72464.0,0.351182,73123.884674,,,,,,,,,,,,,,,,5213253.0,4.697619,28.820915,16379.0,2.0,1716.0,14386963.0,1561289.0,111203.0,2253.0,0.071225,0.547033,1447204.0,969170.0,478034.0,0.0,2565019.0,880324.0,0.0,183.0,906.0,102925.0,17850.0,,,,,,,,,,,,,,,,,,,,,,,,,0.011697,1.189686737184703,1561289.0,111203.0,2253.0,0.07122512231880196,0.0014430384124912172,0.05087276130001099,0.3511822547893556,0.16672513883391504,1447204.0,0.9269289670266043,906.0,183.0,880324.0,2565019.0,0.0003532137578707994,7.134450076198266e-05,0.34320369556716734,,,
merge_nextline_deg4_l2_ddr4_1x,merge,nextline,deg4,l2,ddr4_1x,0.010069,10068504750.0,37919543.0,38898624.0,30235750.0,1.254131,836280.0,11098971.0,26312.0,201563.0,17880262823.0,21380.713186,2558163609.0,97224.217429,0.0,0.0,,0.0,0.0,,634931.0,201349.0,0.018141,16643.096817,515.0,25797.0,0.127985,97143.020235,1.43,46.47,0.0,0.0,462254139.5732072,303571590.4091916,462254140.0,303571590.0,765825730.0,19207.0,459.63528,303.171134,34447.84,3332.0,51939.84,5213399.0,5.048488,30.259079,17710.0,2.0,1860.0,14710537.0,,,,,,,,,,,,,,,,,277774.0,45960.0,469.0,0.165458,0.640495,230835.0,144551.0,86282.0,2.0,277821.0,31.0,0.0,8.0,0.0,11267.0,7285.0,,,,,2992768.0,297240560.96810204,46922.0,41515.75,0.011631,1.1551296057205285,277774.0,45960.0,469.0,0.16545825023220315,0.0016884229625522907,0.07534752545979262,0.13053983121902332,0.6359309276068187,230835.0,0.831017301835305,0.0,8.0,31.0,277821.0,0.0,2.8795519417178686e-05,0.00011158263774156742,297240560.96810204,2992768.0,0.03802511217493973
merge_nextline_deg4_l2_ddr4_2x,merge,nextline,deg4,l2,ddr4_2x,0.010075,10074579003.0,37919543.0,38898624.0,30253991.0,1.253375,833865.0,11098933.0,26243.0,201566.0,16403135429.0,19671.212281,2348230752.0,89480.271006,0.0,0.0,,0.0,0.0,,632516.0,201349.0,0.018141,15613.852957,443.0,25800.0,0.127998,89343.47407,,,,,,,,,,,,,,,,5213399.0,4.846012,28.40231,15823.0,2.0,1841.0,14710521.0,,,,,,,,,,,,,,,,,277787.0,46031.0,476.0,0.165706,0.640824,230843.0,155808.0,75033.0,2.0,277829.0,25.0,0.0,10.0,0.0,11267.0,7278.0,,,,,,,,,0.011697,1.1609925558312655,277787.0,46031.0,476.0,0.16570609855752788,0.0017135431103687357,0.07513019494756838,0.1301955686971017,0.636895702465617,230843.0,0.8310072105606093,0.0,10.0,25.0,277829.0,0.0,3.5993362823895276e-05,8.998340705973818e-05,,,
merge_nextline_deg8_l1d_ddr4_1x,merge,nextline,deg8,l1d,ddr4_1x,0.009818,9818179326.0,37918841.0,38897855.0,29484022.0,1.286082,559215.0,10926874.0,72797.0,210506.0,16221035352.0,29006.795869,5828276831.0,80062.046939,198.0,7.0,28.285714,0.0,0.0,,466030.0,93185.0,0.008528,30072.420958,,72797.0,0.345819,79729.046939,1.55,46.28,0.0,0.0,474535231.56397074,311344079.02950543,474528713.0,311344079.0,785872792.0,19207.0,471.517157,310.952968,35122.13,3332.0,52614.13,5213253.0,4.839888,29.836313,17301.0,2.0,1819.0,14394748.0,2729045.0,112393.0,4542.0,0.041184,0.546717,2611804.0,2075534.0,536270.0,0.0,5004670.0,2129111.0,0.0,203.0,916.0,368218.0,64544.0,,,,,,,,,,,,,,,,,2979136.0,303430595.539318,46737.0,43537.5,,,,,0.011631,1.1846608270523529,2729045.0,112393.0,4542.0,0.04118400392811405,0.0016643184703806642,0.051177948972414254,0.3458191215452291,0.16734910840847636,2611804.0,0.9570395504654559,916.0,203.0,2129111.0,5004670.0,0.0001830290508664907,4.056211498460438e-05,0.42542485318712325,303430595.539318,2979136.0,0.039020497615081536
merge_nextline_deg8_l1d_ddr4_2x,merge,nextline,deg8,l1d,ddr4_2x,0.009837,9837491661.0,37918841.0,38897855.0,29542017.0,1.283558,557255.0,10924725.0,72806.0,210567.0,15230972096.0,27332.140754,5380068997.0,73895.956336,176.0,3.0,58.666667,0.0,0.0,,464079.0,93176.0,0.008529,28741.163583,,72806.0,0.345762,73562.956336,,,,,,,,,,,,,,,,5213253.0,4.718891,29.02224,16892.0,2.0,1833.0,14386694.0,2937907.0,112439.0,4521.0,0.038272,0.546842,2820701.0,2305255.0,515446.0,0.0,4990098.0,1926178.0,0.0,187.0,458.0,367478.0,64537.0,,,,,,,,,,,,,,,,,,,,,,,,,0.011697,1.1890820372064654,2937907.0,112439.0,4521.0,0.038271803702431696,0.0015388506171230064,0.051008606623965363,0.3457616815550395,0.1678960838830869,2820701.0,0.9601056126010796,458.0,187.0,1926178.0,4990098.0,9.178176460662696e-05,3.7474213933273454e-05,0.3860000344682609,,,
merge_nextline_deg8_l2_ddr4_1x,merge,nextline,deg8,l2,ddr4_1x,0.01008,10079787123.0,37919496.0,38898575.0,30269631.0,1.252725,832317.0,11100835.0,26015.0,201464.0,17608489515.0,21155.989263,2531516949.0,97309.896175,0.0,0.0,,0.0,0.0,,630963.0,201354.0,0.018139,16508.297054,157.0,25858.0,0.12835,97232.832006,1.54,46.58,0.0,0.0,464606637.308247,304298489.8957969,464593939.0,304298490.0,768892429.0,19207.0,461.292282,303.91118,35783.89,3332.0,53275.89,5213394.0,5.051614,30.114423,18416.0,2.0,1698.0,14718747.0,,,,,,,,,,,,,,,,,538373.0,46378.0,823.0,0.086145,0.642034,491027.0,395084.0,95941.0,2.0,538576.0,156.0,0.0,14.0,28.0,40568.0,26442.0,,,,,3014400.0,299053934.6929023,47315.0,43446.51,0.011631,1.1538690476190476,538373.0,46378.0,823.0,0.08614473608446188,0.001528679930085647,0.07497787328610865,0.1291297700829925,0.640642051027033,491027.0,0.9120572539856197,28.0,14.0,156.0,538576.0,5.198894863491875e-05,2.5994474317459375e-05,0.0002896527138231187,299053934.6929023,3014400.0,0.03817738124728048
merge_nextline_deg8_l2_ddr4_2x,merge,nextline,deg8,l2,ddr4_2x,0.010083,10082649924.0,37919515.0,38898595.0,30278228.0,1.25237,830441.0,11098936.0,25963.0,201580.0,16359338274.0,19699.579228,2363879754.0,91048.020414,0.0,0.0,,55.0,2.0,27.5,629092.0,201349.0,0.018141,15688.866401,99.0,25864.0,0.128306,90872.937017,,,,,,,,,,,,,,,,5213397.0,4.881177,28.890102,16450.0,2.0,1864.0,14710464.0,,,,,,,,,,,,,,,,,538431.0,46436.0,837.0,0.086243,0.642268,491080.0,405506.0,85572.0,2.0,538613.0,144.0,0.0,13.0,20.0,40579.0,26460.0,,,,,,,,,0.011697,1.1600714073192504,538431.0,46436.0,837.0,0.08624317693446329,0.0015545167347348128,0.0748216766003516,0.12879749975195953,0.6413900744485421,491080.0,0.9120574409720094,20.0,13.0,144.0,538613.0,3.713241232573295e-05,2.4136068011726416e-05,0.0002673533687452772,,,
quick_nextline_default_l1d_ddr4_1x,quick,nextline,default,l1d,ddr4_1x,0.008339,8338808178.0,24424723.0,24707902.0,25041466.0,0.975801,45102.0,9156496.0,28558.0,83552.0,1283215167.0,28451.402754,1725773624.0,60430.479165,185.0,1.0,185.0,0.0,0.0,,43281.0,1821.0,0.000199,21448.418451,,28558.0,0.341799,60097.479165,1.31,56.69,0.0,0.0,219189116.83592397,174029665.75351292,219181442.0,174029666.0,393211108.0,19207.0,219.189117,173.645918,14861.08,3332.0,32353.08,4368783.0,2.553888,12.31258,740.0,2.0,1429.0,14168684.0,230903.0,75443.0,471.0,0.32673,0.976431,149407.0,66114.0,83293.0,0.0,235704.0,3461.0,0.0,24.0,0.0,5394.0,3589.0,,,,,,,,,,,,,,,,,1779840.0,213440573.5217285,27810.0,32248.15,,,,,0.009731,1.166926489986809,230903.0,75443.0,471.0,0.3267302720189863,0.0020398175857394662,0.004925683361844968,0.34179911911145155,0.62584926790825,149407.0,0.6470552569693767,0.0,24.0,3461.0,235704.0,0.0,0.00010182262498727217,0.01468367104503954,213440573.5217285,1779840.0,0.019523888927226746
quick_nextline_default_l1d_ddr4_2x,quick,nextline,default,l1d,ddr4_2x,0.008289,8289079290.0,24424723.0,24707902.0,24892130.0,0.981655,40246.0,9153528.0,28558.0,83554.0,916497585.0,22772.38943,1529296727.0,53550.554205,101.0,1.0,101.0,0.0,0.0,,38425.0,1821.0,0.000199,19522.102142,,28558.0,0.341791,53217.554205,,,,,,,,,,,,,,,,4368783.0,2.461516,11.522716,534.0,2.0,1245.0,14148939.0,224170.0,76292.0,473.0,0.340331,0.976688,142672.0,67137.0,75535.0,0.0,227839.0,2628.0,0.0,23.0,0.0,5243.0,3626.0,,,,,,,,,,,,,,,,,,,,,,,,,0.00967,1.1666063457594402,224170.0,76292.0,473.0,0.34033099879555695,0.0021100057991702724,0.004396774664369847,0.3417909375972425,0.6546534177693113,142672.0,0.6364455547129411,0.0,23.0,2628.0,227839.0,0.0,0.00010094847677526675,0.01153446073762613,,,
quick_nextline_default_l2_ddr4_1x,quick,nextline,default,l2,ddr4_1x,0.008632,8632171521.0,24424723.0,24707902.0,25922437.0,0.942638,236468.0,9222126.0,4663.0,82835.0,1917864216.0,8110.459834,178967853.0,38380.410251,0.0,0.0,,0.0,0.0,,153881.0,82587.0,0.008955,6202.790802,4064.0,599.0,0.007231,74782.682805,1.43,58.02,0.0,0.0,212740907.14398357,169042053.49142066,212740907.0,169042053.0,381782961.0,19207.0,212.733493,168.589792,14967.99,3332.0,32459.99,4368783.0,2.81438,12.106442,715.0,2.0,1475.0,14625276.0,,,,,,,,,,,,,,,,,55655.0,23840.0,256.0,0.428353,0.97549,27542.0,16480.0,11062.0,0.0,55662.0,2.0,0.0,3.0,0.0,1344.0,1130.0,,,,,1797952.0,208285017.9269509,28094.0,32138.54,0.009731,1.1273169601482853,55655.0,23840.0,256.0,0.4283532476866409,0.00459976641811158,0.025641375969055292,0.05629262992696324,0.8364031856295828,27542.0,0.49487018237355135,0.0,3.0,2.0,55662.0,0.0,5.389673385792821e-05,3.593115590528547e-05,208285017.9269509,1797952.0,0.018956453602708857
quick_nextline_default_l2_ddr4_2x,quick,nextline,default,l2,ddr4_2x,0.008596,8596396998.0,24424723.0,24707902.0,25815006.0,0.946561,233675.0,9220130.0,3803.0,82832.0,1585228518.0,6783.902934,128899971.0,33894.286353,0.0,0.0,,0.0,0.0,,151088.0,82587.0,0.008957,5651.322932,3205.0,598.0,0.007219,62489.844482,,,,,,,,,,,,,,,,4368783.0,2.737748,11.495632,541.0,2.0,1299.0,14614224.0,,,,,,,,,,,,,,,,,55648.0,24697.0,258.0,0.443808,0.976359,27537.0,17733.0,9804.0,0.0,55654.0,1.0,0.0,3.0,0.0,1346.0,1192.0,,,,,,,,,0.00967,1.124941833410889,55648.0,24697.0,258.0,0.44380750431282345,0.004636285221391604,0.02534400274182685,0.04591220784237976,0.866561403508772,27537.0,0.4948425819436458,0.0,3.0,1.0,55654.0,0.0,5.3904481259208684e-05,1.796816041973623e-05,,,
quick_nextline_deg16_l1d_ddr4_1x,quick,nextline,deg16,l1d,ddr4_1x,0.008228,8228261502.0,24424730.0,24707910.0,24709494.0,0.988911,8368.0,9130786.0,28841.0,88708.0,359876093.0,43006.225263,2244604836.0,77826.872716,96.0,12.0,8.0,0.0,0.0,,6492.0,1876.0,0.000205,23404.254797,,28841.0,0.325123,77493.872716,1.56,57.78,0.0,0.0,224335116.1787128,178413386.55111694,224327338.0,178413387.0,402740725.0,19207.0,224.31956,177.95448,32365.94,3332.0,49857.94,4368784.0,2.250612,5.97975,197.0,2.0,1201.0,14125552.0,1176477.0,82587.0,3760.0,0.070199,0.977789,1089879.0,1056355.0,33520.0,4.0,1272131.0,89417.0,0.0,425.0,267.0,183197.0,179948.0,,,,,,,,,,,,,,,,,1798592.0,218587121.90452692,28105.0,49990.18,,,,,0.009731,1.1826689353427322,1176477.0,82587.0,3760.0,0.07019856741780757,0.0031959825818949285,0.0009164599849344842,0.32512287505072823,0.9079984607773075,1089879.0,0.9263921011630487,267.0,425.0,89417.0,1272131.0,0.0002098840449607784,0.0003340850902933739,0.07028914475002968,218587121.90452692,1798592.0,0.019997057614584916
quick_nextline_deg16_l1d_ddr4_2x,quick,nextline,deg16,l1d,ddr4_2x,0.008223,8222522247.0,24424725.0,24707905.0,24692259.0,0.989601,8386.0,9130822.0,28843.0,88691.0,289347693.0,34503.660029,1807700627.0,62673.807406,160.0,12.0,13.333333,0.0,0.0,,6506.0,1880.0,0.000206,21308.457447,,28843.0,0.325208,62340.807406,,,,,,,,,,,,,,,,4368784.0,2.22729,4.16514,64.0,2.0,1206.0,14125593.0,1176617.0,82584.0,3744.0,0.070188,0.977742,1090037.0,1065195.0,24840.0,2.0,1271958.0,89094.0,0.0,407.0,294.0,183626.0,179888.0,,,,,,,,,,,,,,,,,,,,,,,,,0.00967,1.1759698406907455,1176617.0,82584.0,3744.0,0.0701876651450727,0.0031820039996022496,0.0009184277165845529,0.32520774373950007,0.9078157634384962,1090037.0,0.926416157509198,294.0,407.0,89094.0,1271958.0,0.00023113970744317029,0.00031997911880738203,0.07004476562905379,,,
quick_nextline_deg16_l2_ddr4_1x,quick,nextline,deg16,l2,ddr4_1x,0.008572,8571501585.0,24424730.0,24707910.0,25740245.0,0.949311,227985.0,9206180.0,785.0,82878.0,1343612709.0,5893.425923,83861377.0,106829.779618,0.0,0.0,,1239.0,20.0,61.95,145351.0,82634.0,0.008976,5213.097793,211.0,574.0,0.006926,127671.832753,1.75,57.68,0.0,0.0,219174666.3487317,174539313.23049507,219114934.0,174539313.0,393654247.0,19207.0,219.070134,173.770253,34382.68,3332.0,51874.68,4368784.0,2.641768,7.707752,1434.0,2.0,1554.0,14605109.0,,,,,,,,,,,,,,,,,394618.0,27726.0,1155.0,0.07026,0.979717,365634.0,344743.0,20891.0,0.0,395639.0,538.0,0.0,33.0,421.0,60537.0,59991.0,,,,,1841024.0,214784303.74693796,28779.0,50888.0,0.009731,1.1352076528231452,394618.0,27726.0,1155.0,0.07026035305029167,0.0029268811863625076,0.024764343082581484,0.009471753662009218,0.9724667672126548,365634.0,0.9265517538480251,421.0,33.0,538.0,395639.0,0.0010641013651333665,8.340937066366056e-05,0.001359825497486345,214784303.74693796,1841024.0,0.019545891857559332
quick_nextline_deg16_l2_ddr4_2x,quick,nextline,deg16,l2,ddr4_2x,0.00855,8550381726.0,24424725.0,24707905.0,25676822.0,0.951655,227922.0,9206153.0,761.0,82875.0,1200276522.0,5266.172296,58267003.0,76566.363995,0.0,0.0,,316.0,16.0,19.75,145288.0,82634.0,0.008976,4940.819094,196.0,565.0,0.006817,87449.327434,,,,,,,,,,,,,,,,4368784.0,2.60412,6.078747,152.0,2.0,1374.0,14605091.0,,,,,,,,,,,,,,,,,394872.0,27747.0,1170.0,0.070268,0.980044,365843.0,349549.0,16294.0,0.0,395588.0,403.0,0.0,26.0,268.0,60540.0,59950.0,,,,,,,,,0.00967,1.1309941520467837,394872.0,27747.0,1170.0,0.07026834012034279,0.0029629854737737798,0.02475757246267795,0.009182503770739064,0.9733057387400028,365843.0,0.9264850381895906,268.0,26.0,403.0,395588.0,0.0006774725219167416,6.57249461561018e-05,0.0010187366654195778,,,
quick_nextline_deg1_l1d_ddr4_1x,quick,nextline,deg1,l1d,ddr4_1x,0.008491,8490551283.0,24424730.0,24707910.0,25497151.0,0.958362,97309.0,9178882.0,28522.0,83192.0,2737010916.0,28127.006916,1643536146.0,57623.453685,0.0,0.0,,0.0,0.0,,95419.0,1890.0,0.000206,20898.304762,,28522.0,0.342845,57290.453685,1.28,55.0,0.0,0.0,215000409.17896655,170670661.03250575,214992871.0,170670661.0,385663532.0,19207.0,215.000409,170.210856,12657.32,3332.0,30149.32,4368784.0,2.971639,16.169807,1418.0,2.0,1592.0,14238226.0,161779.0,69551.0,220.0,0.429914,0.973545,80711.0,391.0,80320.0,0.0,164208.0,24.0,0.0,44.0,0.0,2655.0,1097.0,,,,,,,,,,,,,,,,,1777216.0,209316914.8578594,27769.0,30022.41,,,,,0.009731,1.1460369803321164,161779.0,69551.0,220.0,0.4299136476304094,0.001359879836072667,0.010601400039786981,0.34284546591018367,0.416822485916337,80711.0,0.4988966429511865,0.0,44.0,24.0,164208.0,0.0,0.0002679528403001072,0.00014615609470914936,209316914.8578594,1777216.0,0.01914913340151611
quick_nextline_deg1_l1d_ddr4_2x,quick,nextline,deg1,l1d,ddr4_2x,0.008398,8398454805.0,24424725.0,24707905.0,25220585.0,0.968871,96444.0,9177598.0,28520.0,83191.0,2237737023.0,23202.449328,1473521333.0,51666.245898,0.0,0.0,,0.0,0.0,,94554.0,1890.0,0.000206,19061.342857,,28520.0,0.342826,51333.245898,,,,,,,,,,,,,,,,4368784.0,2.817514,13.768459,588.0,2.0,1299.0,14222509.0,161310.0,69807.0,221.0,0.432751,0.973639,80240.0,424.0,79816.0,0.0,163564.0,22.0,0.0,43.0,0.0,2690.0,1099.0,,,,,,,,,,,,,,,,,,,,,,,,,0.00967,1.1514646344367707,161310.0,69807.0,221.0,0.43275060442626,0.001370032855991569,0.010508631997173988,0.3428255460326237,0.4198892036739629,80240.0,0.49742731386770817,0.0,43.0,22.0,163564.0,0.0,0.00026289403536230467,0.0001345039250690861,,,
quick_nextline_deg1_l2_ddr4_1x,quick,nextline,deg1,l2,ddr4_1x,0.008752,8751997908.0,24424730.0,24707910.0,26282276.0,0.929733,273976.0,9238749.0,9510.0,82878.0,3105685206.0,11335.61044,368220078.0,38719.251104,0.0,0.0,,0.0,0.0,,191338.0,82638.0,0.008945,8271.095731,8899.0,611.0,0.007372,64445.037643,1.41,56.86,0.0,0.0,209118879.96762988,166084134.76325524,209111567.0,166084135.0,375195702.0,19207.0,209.11888,165.674628,12649.97,3332.0,30141.97,4368784.0,3.151121,14.828816,1111.0,2.0,1518.0,14665385.0,,,,,,,,,,,,,,,,,28044.0,18984.0,139.0,0.676936,0.968819,54.0,40.0,14.0,0.0,28046.0,0.0,0.0,2.0,0.0,448.0,299.0,,,,,1791040.0,204643558.9710152,27985.0,29988.96,0.009731,1.1118601462522852,28044.0,18984.0,139.0,0.676936243046641,0.004956496933390386,0.029655097243144066,0.11474697748497792,0.6662455253737629,54.0,0.0019255455712451862,0.0,2.0,0.0,28046.0,0.0,7.131141695785496e-05,0.0,204643558.9710152,1791040.0,0.01862938015428818
quick_nextline_deg1_l2_ddr4_2x,quick,nextline,deg1,l2,ddr4_2x,0.008669,8669334321.0,24424730.0,24707910.0,26034037.0,0.938598,272660.0,9237505.0,8876.0,82881.0,2623842531.0,9623.129652,272914479.0,30747.462708,0.0,0.0,,0.0,0.0,,190021.0,82639.0,0.008946,7155.814954,8264.0,612.0,0.007384,61654.514706,,,,,,,,,,,,,,,,4368784.0,3.040209,14.101891,642.0,2.0,1263.0,14651066.0,,,,,,,,,,,,,,,,,28047.0,19621.0,139.0,0.699576,0.969752,55.0,42.0,13.0,0.0,28049.0,0.0,0.0,2.0,0.0,448.0,314.0,,,,,,,,,0.00967,1.1154689122159418,28047.0,19621.0,139.0,0.699575712197383,0.004955966770064535,0.02951662813714309,0.10709330244567512,0.6885286170474085,55.0,0.0019609940457089884,0.0,2.0,0.0,28049.0,0.0,7.130378979642769e-05,0.0,,,
quick_nextline_deg32_l1d_ddr4_1x,quick,nextline,deg32,l1d,ddr4_1x,0.008227,8226964134.0,24424730.0,24707910.0,24705598.0,0.989067,8155.0,9130645.0,28938.0,92808.0,302304723.0,37069.861803,2922172278.0,100980.450549,393.0,12.0,32.75,0.0,0.0,,6191.0,1964.0,0.000215,22724.537169,,28938.0,0.311805,100647.462057,4.29,57.13,0.0,0.0,225117305.7077047,179281685.92645526,225109526.0,179281686.0,404391212.0,19207.0,225.07063,178.783811,55542.05,3332.0,73034.05,4368784.0,2.236844,5.321246,138.0,2.0,1272.0,14125886.0,1970185.0,83684.0,6714.0,0.042475,0.977069,1879574.0,1842251.0,37315.0,8.0,2213896.0,208124.0,0.0,1597.0,28084.0,725016.0,707908.0,,,,,,,,,,,,,,,,,1804480.0,219337287.8024996,28201.0,73727.49,,,,,0.009731,1.1828126899234228,1970185.0,83684.0,6714.0,0.042475199029532756,0.0034078018054142126,0.0008931461030409133,0.3118050168088958,0.9112033014296759,1879574.0,0.954008887490261,28084.0,1597.0,208124.0,2213896.0,0.01268532939216657,0.0007213527645381716,0.09400802928412175,219337287.8024996,1804480.0,0.02007900831284401
quick_nextline_deg32_l1d_ddr4_2x,quick,nextline,deg32,l1d,ddr4_2x,0.008223,8222858244.0,24424725.0,24707905.0,24693268.0,0.989561,8103.0,9130616.0,28943.0,92944.0,286278432.0,35329.931137,1971052180.0,68101.170577,122.0,8.0,15.25,0.0,0.0,,6130.0,1973.0,0.000216,21125.330968,,28943.0,0.311403,67768.182082,,,,,,,,,,,,,,,,4368784.0,2.230567,5.186406,88.0,2.0,1215.0,14125789.0,2001816.0,83693.0,6841.0,0.041809,0.976969,1911075.0,1886923.0,24145.0,7.0,2212340.0,185824.0,0.0,900.0,18244.0,725196.0,707869.0,,,,,,,,,,,,,,,,,,,,,,,,,0.00967,1.1759698406907455,2001816.0,83693.0,6841.0,0.04180853784763435,0.003417397003520803,0.0008874538147261915,0.31140256498536756,0.9117281798771188,1911075.0,0.9546706590415902,18244.0,900.0,185824.0,2212340.0,0.008246472061256407,0.00040680907997866513,0.08399432275328385,,,
quick_nextline_deg32_l2_ddr4_1x,quick,nextline,deg32,l2,ddr4_1x,0.008572,8571626127.0,24424730.0,24707910.0,25740619.0,0.949297,227769.0,9206000.0,784.0,82876.0,1328653350.0,5833.337065,85272300.0,108765.688776,0.0,0.0,,1439.0,22.0,65.409091,145135.0,82634.0,0.008976,5220.399823,202.0,582.0,0.007023,129127.888316,1.89,56.08,0.0,0.0,219768801.40236664,174633841.67968857,219664270.0,174633842.0,394298112.0,19207.0,219.552273,173.857326,59502.35,3332.0,76994.35,4368784.0,2.639358,8.001443,1415.0,2.0,1516.0,14604864.0,,,,,,,,,,,,,,,,,667113.0,27726.0,1372.0,0.041561,0.97944,638017.0,608213.0,29802.0,2.0,677246.0,6790.0,0.0,155.0,3046.0,235074.0,233421.0,,,,,1844736.0,215214239.70992103,28851.0,76421.76,0.009731,1.1352076528231452,667113.0,27726.0,1372.0,0.04156117479347577,0.0020566230908406822,0.024741364327612425,0.009459916019112892,0.9725008768853034,638017.0,0.9563852001085273,3046.0,155.0,6790.0,677246.0,0.004497627154682346,0.00022886809224417716,0.010025899008632018,215214239.70992103,1844736.0,0.01957786132253215
quick_nextline_deg32_l2_ddr4_2x,quick,nextline,deg32,l2,ddr4_2x,0.008551,8550895878.0,24424730.0,24707910.0,25678366.0,0.951598,227727.0,9205983.0,740.0,82875.0,1177131024.0,5169.044619,58083523.0,78491.247297,0.0,0.0,,394.0,11.0,35.818182,145093.0,82634.0,0.008976,4937.200317,171.0,569.0,0.006866,90172.768014,,,,,,,,,,,,,,,,4368784.0,2.594069,5.238795,71.0,2.0,1181.0,14604907.0,,,,,,,,,,,,,,,,,671382.0,27769.0,1462.0,0.041361,0.979921,642117.0,627530.0,14587.0,0.0,677261.0,3606.0,0.0,52.0,2149.0,235027.0,233625.0,,,,,,,,,0.00967,1.130861887498538,671382.0,27769.0,1462.0,0.04136095397255214,0.002177597850404092,0.024736847765197915,0.008929110105580694,0.9740432845768003,642117.0,0.9564108063665693,2149.0,52.0,3606.0,677261.0,0.0031730750774073804,7.677985296658157e-05,0.005324387496105637,,,
quick_nextline_deg4_l1d_ddr4_1x,quick,nextline,deg4,l1d,ddr4_1x,0.00826,8260298100.0,24424725.0,24707905.0,24805700.0,0.985075,13166.0,9133503.0,28623.0,84251.0,698393241.0,53045.210466,1827805379.0,63857.924711,214.0,2.0,107.0,0.0,0.0,,11337.0,1829.0,0.0002,21399.209951,,28623.0,0.339735,63524.924711,1.35,56.49,0.0,0.0,221776015.56534624,176171850.26288578,221768268.0,176171850.0,397940118.0,19207.0,221.768268,175.761211,18310.15,3332.0,35802.15,4368784.0,2.349383,9.854149,503.0,2.0,1460.0,14131981.0,353558.0,80463.0,885.0,0.227581,0.977774,271369.0,213837.0,57530.0,2.0,361011.0,6103.0,0.0,82.0,0.0,13517.0,12770.0,,,,,,,,,,,,,,,,,1784192.0,215996078.8824316,27879.0,35801.45,,,,,0.009731,1.178087167070218,353558.0,80463.0,885.0,0.22758076468358798,0.0025031253712262205,0.0014415060683726714,0.3397348399425526,0.8593811746360636,271369.0,0.7675374337449584,0.0,82.0,6103.0,361011.0,0.0,0.00022713989324425017,0.016905302054508034,215996078.8824316,1784192.0,0.019758695788216405
quick_nextline_deg4_l1d_ddr4_2x,quick,nextline,deg4,l1d,ddr4_2x,0.00825,8249741334.0,24424725.0,24707905.0,24773998.0,0.986336,10209.0,9131640.0,28618.0,84247.0,555436008.0,54406.504849,1605137131.0,56088.375533,115.0,2.0,57.5,0.0,0.0,,8381.0,1828.0,0.0002,20591.714442,,28618.0,0.339692,55755.375533,,,,,,,,,,,,,,,,4368784.0,2.315077,9.642459,515.0,2.0,1195.0,14129595.0,343262.0,80738.0,884.0,0.235208,0.97786,261076.0,217612.0,43463.0,1.0,350345.0,5740.0,0.0,79.0,0.0,13455.0,12811.0,,,,,,,,,,,,,,,,,,,,,,,,,0.00967,1.1721212121212121,343262.0,80738.0,884.0,0.2352080917782918,0.0025752923422924763,0.0011179809979368438,0.33969162106662554,0.8877478091635788,261076.0,0.7605735560592201,0.0,79.0,5740.0,350345.0,0.0,0.00022549201501377214,0.016383850204798128,,,
quick_nextline_deg4_l2_ddr4_1x,quick,nextline,deg4,l2,ddr4_1x,0.008586,8585824914.0,24424725.0,24707905.0,25783258.0,0.947727,230213.0,9207885.0,1267.0,82880.0,1521897579.0,6610.823798,109912311.0,86750.048145,0.0,0.0,,244.0,1.0,244.0,147578.0,82635.0,0.008974,5517.737666,684.0,583.0,0.007034,91394.506003,1.5,55.48,0.0,0.0,215022320.91754952,170983221.1470135,214985050.0,170983221.0,385968271.0,19207.0,214.999958,170.573243,18688.76,3332.0,36180.76,4368784.0,2.677732,9.20511,437.0,2.0,1595.0,14609549.0,,,,,,,,,,,,,,,,,109499.0,27234.0,441.0,0.248715,0.979042,81191.0,64055.0,17136.0,0.0,109530.0,23.0,0.0,3.0,0.0,4474.0,4319.0,,,,,1808640.0,210654190.8455228,28262.0,35600.92,0.009731,1.133356627067319,109499.0,27234.0,441.0,0.24871460013333455,0.004027434040493521,0.025001724065841394,0.015287162162162162,0.9555454194589663,81191.0,0.7414770911149874,0.0,3.0,23.0,109530.0,0.0,2.738975623116954e-05,0.00020998813110563317,210654190.8455228,1808640.0,0.019164264434863708
quick_nextline_deg4_l2_ddr4_2x,quick,nextline,deg4,l2,ddr4_2x,0.00857,8569606149.0,24424730.0,24707910.0,25734553.0,0.949521,228493.0,9206515.0,1031.0,82882.0,1364433201.0,5971.444206,85579002.0,83005.821532,0.0,0.0,,87.0,1.0,87.0,145857.0,82636.0,0.008976,5263.758193,449.0,582.0,0.007022,69310.917526,,,,,,,,,,,,,,,,4368784.0,2.662017,9.778244,523.0,2.0,1370.0,14607842.0,,,,,,,,,,,,,,,,,109515.0,27472.0,441.0,0.250851,0.979254,81209.0,66844.0,14365.0,0.0,109542.0,17.0,0.0,4.0,0.0,4470.0,4380.0,,,,,,,,,0.00967,1.1283547257876314,109515.0,27472.0,441.0,0.2508514815322102,0.004026845637583893,0.024818620292260427,0.012439371636784827,0.96382836894362,81209.0,0.7415331233164407,0.0,4.0,17.0,109542.0,0.0,3.6515674353216116e-05,0.0001551916160011685,,,
quick_nextline_deg8_l1d_ddr4_1x,quick,nextline,deg8,l1d,ddr4_1x,0.008231,8230798296.0,24424725.0,24707905.0,24717112.0,0.988606,8609.0,9130858.0,28715.0,85612.0,424064507.0,49258.277036,1956268836.0,68127.07073,415.0,13.0,31.923077,0.0,0.0,,6758.0,1851.0,0.000203,21991.672609,,28715.0,0.335409,67794.07073,1.75,53.98,0.0,0.0,223286239.5489809,177456420.07894006,223278464.0,177456420.0,400734884.0,19207.0,223.278464,176.958777,22618.71,3332.0,40110.71,4368784.0,2.281948,7.912011,368.0,2.0,1176.0,14126359.0,654062.0,81396.0,1806.0,0.124447,0.977765,570532.0,511038.0,59494.0,0.0,672822.0,16727.0,0.0,95.0,31.0,47242.0,46311.0,,,,,,,,,,,,,,,,,1790400.0,217524465.50295103,27976.0,40126.53,,,,,0.009731,1.1822378811809013,654062.0,81396.0,1806.0,0.12444691787628696,0.0027612061241900614,0.0009428467729976744,0.3354085875811802,0.9043497583467585,570532.0,0.8722903944885959,31.0,95.0,16727.0,672822.0,4.607459328024351e-05,0.00014119633424590754,0.024860958767697845,217524465.50295103,1790400.0,0.019897462724987654
quick_nextline_deg8_l1d_ddr4_2x,quick,nextline,deg8,l1d,ddr4_2x,0.008228,8227567197.0,24424730.0,24707910.0,24707409.0,0.988994,8517.0,9130891.0,28719.0,85618.0,388957648.0,45668.386521,1704455029.0,59349.386434,208.0,14.0,14.857143,0.0,0.0,,6670.0,1847.0,0.000202,21284.775853,,28719.0,0.335432,59016.386434,,,,,,,,,,,,,,,,4368784.0,2.266501,7.134306,316.0,2.0,1173.0,14126239.0,653485.0,81411.0,1808.0,0.12458,0.977816,569949.0,515719.0,54230.0,0.0,672286.0,16777.0,0.0,94.0,25.0,47162.0,46333.0,,,,,,,,,,,,,,,,,,,,,,,,,0.00967,1.1752552260573652,653485.0,81411.0,1808.0,0.12457975316954482,0.002766704668048999,0.0009327676784226205,0.33543180172393655,0.9052908993861756,569949.0,0.8721684506912936,25.0,94.0,16777.0,672286.0,3.718655453185103e-05,0.00013982144503975986,0.02495515301523459,,,
quick_nextline_deg8_l2_ddr4_1x,quick,nextline,deg8,l2,ddr4_1x,0.008567,8566759998.0,24424725.0,24707905.0,25726006.0,0.949836,228062.0,9206201.0,802.0,82874.0,1377978309.0,6042.12148,83009568.0,103503.201995,0.0,0.0,,398.0,11.0,36.181818,145428.0,82634.0,0.008976,5206.0577,230.0,572.0,0.006902,109666.438811,1.91,56.14,0.0,0.0,217196699.85319927,172842941.82931304,217159346.0,172842942.0,390002288.0,19207.0,217.159346,172.424581,23222.24,3332.0,40714.24,4368784.0,2.65919,8.792695,662.0,2.0,1435.0,14605350.0,,,,,,,,,,,,,,,,,211744.0,27697.0,756.0,0.130804,0.979766,183123.0,162946.0,20177.0,0.0,211912.0,109.0,0.0,10.0,39.0,16080.0,15971.0,,,,,1823680.0,212878614.6017581,28500.0,39871.53,0.009731,1.1358701996031284,211744.0,27697.0,756.0,0.13080417863079946,0.0035703491008009674,0.024772650521099854,0.009677341506383184,0.9718586617074283,183123.0,0.8648320613571104,39.0,10.0,109.0,211912.0,0.00018403865755596663,4.7189399373324774e-05,0.0005143644531692401,212878614.6017581,1823680.0,0.01936456320119089
quick_nextline_deg8_l2_ddr4_2x,quick,nextline,deg8,l2,ddr4_2x,0.008554,8553619818.0,24424725.0,24707905.0,25686546.0,0.951295,228082.0,9206197.0,799.0,82874.0,1281218166.0,5617.357643,65982949.0,82581.913642,0.0,0.0,,232.0,6.0,38.666667,145448.0,82634.0,0.008976,5035.390868,229.0,570.0,0.006878,84284.049123,,,,,,,,,,,,,,,,4368784.0,2.632168,7.81553,354.0,2.0,1425.0,14605166.0,,,,,,,,,,,,,,,,,211778.0,27700.0,756.0,0.130797,0.979837,183153.0,166899.0,16254.0,0.0,211912.0,87.0,0.0,11.0,25.0,16080.0,15954.0,,,,,,,,,0.00967,1.1304652794014496,211778.0,27700.0,756.0,0.1307973443889356,0.0035697758974019963,0.02477483373427703,0.009641141974563795,0.9719639285588968,183153.0,0.8648348742551162,25.0,11.0,87.0,211912.0,0.00011797349843331193,5.1908339310657254e-05,0.00041054777454792556,,,
simple_triad_nextline_default_l1d_ddr4_1x,simple_triad,nextline,default,l1d,ddr4_1x,0.002689,2688890751.0,3509910.0,4011117.0,8074748.0,0.43468,1930593.0,2003736.0,375450.0,375460.0,123491619765.0,63965.641523,36238275894.0,96519.578889,102.0,1.0,102.0,0.0,0.0,,1924654.0,5939.0,0.002964,71618.605489,,375450.0,0.999973,96186.579776,10.6,58.98,0.0,0.0,8936324389.923122,3042110951.1265526,8936300588.0,3042110951.0,11978411539.0,19207.0,8936.32439,3041.920538,50916.97,3332.0,68408.97,1001736.0,188.162069,158.610562,160975.0,2.0,1808.0,2004822.0,1119822.0,10127.0,30.0,0.009043,0.630337,750563.0,201.0,750362.0,0.0,3787942.0,2021103.0,0.0,178111.0,0.0,93500.0,44.0,,,,,,,,,,,,,,,,,23632576.0,8788968458.912298,369259.0,68839.42,,,,,0.002897,1.0773521755299367,1119822.0,10127.0,30.0,0.009043401540601988,2.678997197768931e-05,0.9634966881864677,0.9999733660043679,0.0052181664536872915,750563.0,0.6702520579163475,0.0,178111.0,2021103.0,3787942.0,0.0,0.04702051932157356,0.5335622879125393,8788968458.912298,23632576.0,0.5947572986977957
simple_triad_nextline_default_l1d_ddr4_2x,simple_triad,nextline,default,l1d,ddr4_2x,0.002014,2014106877.0,3510110.0,4011355.0,6048369.0,0.580343,1944026.0,2003809.0,375452.0,375462.0,85154654772.0,43803.248913,25943667750.0,69099.825677,102.0,1.0,102.0,0.0,0.0,,1938056.0,5970.0,0.002979,69554.161809,,375452.0,0.999973,68766.825677,,,,,,,,,,,,,,,,1001762.0,125.776615,124.567203,67547.0,2.0,1833.0,2004927.0,1329662.0,9858.0,30.0,0.007414,0.62282,960434.0,32805.0,927629.0,0.0,3814593.0,1759598.0,0.0,152644.0,0.0,93177.0,143.0,,,,,,,,,,,,,,,,,,,,,,,,,0.002605,1.2934458788480636,1329662.0,9858.0,30.0,0.007413914212784903,2.2562124810666168e-05,0.9701653201477786,0.9999733661462412,0.00504533534232329,960434.0,0.7223143926802451,0.0,152644.0,1759598.0,3814593.0,0.0,0.04001580247224278,0.4612806661156249,,,
simple_triad_nextline_default_l2_ddr4_1x,simple_triad,nextline,default,l2,ddr4_1x,0.002611,2610775944.0,3509913.0,4011121.0,7840169.0,0.447686,1989866.0,2003797.0,363890.0,375378.0,119709535302.0,60159.596326,24662491155.0,67774.577908,0.0,0.0,,0.0,0.0,,1614758.0,375108.0,0.187199,66603.850147,357869.0,6021.0,0.01604,130871.710015,13.81,59.74,0.0,0.0,9206299014.374556,3133940321.000598,9206274501.0,3133940321.0,12340214822.0,19207.0,9206.299014,3133.915807,63797.49,3332.0,81289.49,1001736.0,174.652175,157.874556,158938.0,2.0,1908.0,2004986.0,,,,,,,,,,,,,,,,,733123.0,11478.0,37.0,0.015656,0.655923,363578.0,3677.0,359901.0,0.0,733139.0,3.0,0.0,7.0,0.0,17597.0,883.0,,,,,23650112.0,9058652487.721865,369533.0,80925.27,0.002897,1.1095365760245115,733123.0,11478.0,37.0,0.015656308695812297,5.046902088735451e-05,0.9930476989435557,0.9693961819818956,0.030577992796402463,363578.0,0.4959304236806102,0.0,7.0,3.0,733139.0,0.0,9.547984761416321e-06,4.091993469178423e-06,9058652487.721865,23650112.0,0.6127217126400335
simple_triad_nextline_default_l2_ddr4_2x,simple_triad,nextline,default,l2,ddr4_2x,0.001959,1959117921.0,3510105.0,4011349.0,5883237.0,0.596631,1988355.0,2003876.0,366287.0,375378.0,79643078865.0,40054.758262,15838211934.0,43239.896404,0.0,0.0,,0.0,0.0,,1613247.0,375108.0,0.187191,43103.516875,360265.0,6022.0,0.016042,84446.355862,,,,,,,,,,,,,,,,1001765.0,115.04587,123.556721,65447.0,2.0,1764.0,2005063.0,,,,,,,,,,,,,,,,,733126.0,9081.0,37.0,0.012387,0.601271,363582.0,6276.0,357306.0,0.0,733139.0,2.0,0.0,6.0,0.0,17597.0,260.0,,,,,,,,,0.002605,1.3297600816743238,733126.0,9081.0,37.0,0.01238668387153095,5.046881436478859e-05,0.9922545107581507,0.9757817453340366,0.024192259329511308,363582.0,0.4959338503886099,0.0,6.0,2.0,733139.0,0.0,8.183986938356846e-06,2.727995646118949e-06,,,
simple_triad_nextline_deg16_l1d_ddr4_1x,simple_triad,nextline,deg16,l1d,ddr4_1x,0.002871,2871428364.0,3509930.0,4011138.0,8622909.0,0.407049,1463055.0,2003799.0,375808.0,375920.0,124267712552.0,84937.143547,40487495922.0,107734.523805,847048.0,37174.0,22.786033,0.0,0.0,,1319237.0,143818.0,0.071773,106110.018482,,375808.0,0.999702,107401.513172,11.65,61.31,0.0,0.0,8376218714.540775,2849837419.7992005,8376486177.0,2849837420.0,11226323597.0,19207.0,8376.307869,2850.572942,62351.88,3332.0,79843.88,1001735.0,119.581907,168.626117,125055.0,2.0,1888.0,2004885.0,535436.0,111753.0,460.0,0.208714,0.437268,303594.0,106841.0,196753.0,0.0,22508407.0,16144872.0,0.0,177177.0,4849607.0,2688537.0,338739.0,,,,,,,,,,,,,,,,,14832640.0,5165596393.0570135,231756.0,81093.17,,,,,0.002897,1.0090560780215954,535436.0,111753.0,460.0,0.20871401997624367,0.0008591129472056417,0.7301405979342239,0.9997020642689934,0.07096293643415579,303594.0,0.5670033393346731,4849607.0,177177.0,16144872.0,22508407.0,0.21545758435947954,0.007871592156655068,0.7172818582852176,5165596393.0570135,14832640.0,0.5574143011466823
simple_triad_nextline_deg16_l1d_ddr4_2x,simple_triad,nextline,deg16,l1d,ddr4_2x,0.001937,1937361033.0,3510094.0,4011338.0,5817901.0,0.60333,1202264.0,2003877.0,375810.0,375944.0,67068205323.0,55784.923547,26713648984.0,71082.858317,448341.0,26226.0,17.095287,0.0,0.0,,1100869.0,101395.0,0.050599,73577.35411,,375810.0,0.999644,70749.859203,,,,,,,,,,,,,,,,1001762.0,57.136778,109.291807,29784.0,2.0,1749.0,2005000.0,769512.0,164111.0,495.0,0.213266,0.618107,495227.0,242093.0,253134.0,0.0,19710869.0,14377294.0,0.0,161178.0,3690773.0,2151147.0,476790.0,,,,,,,,,,,,,,,,,,,,,,,,,0.002605,1.3448631905007744,769512.0,164111.0,495.0,0.21326632982981422,0.0006432648223809375,0.5999689601707091,0.9996435639350542,0.12010685207208856,495227.0,0.6435598145318072,3690773.0,161178.0,14377294.0,19710869.0,0.1872455750175195,0.0081771128406363,0.7294094440990907,,,
simple_triad_nextline_deg16_l2_ddr4_1x,simple_triad,nextline,deg16,l2,ddr4_1x,0.002558,2557693080.0,3509957.0,4011166.0,7680760.0,0.456983,1705076.0,2003856.0,203206.0,374131.0,114004852935.0,66862.036024,17541389211.0,86323.185393,0.0,0.0,,418143.0,12182.0,34.324659,1329971.0,375105.0,0.187192,49642.494419,101430.0,101776.0,0.272033,121969.633342,15.34,100.5,0.0,0.0,9385582729.8872,3201835303.8668737,9385732865.0,3201835304.0,12587568169.0,19207.0,9385.58273,3203.011364,78636.09,3332.0,96128.09,1001741.0,70.528213,139.317444,66251.0,2.0,1883.0,2005088.0,,,,,,,,,,,,,,,,,881104.0,170915.0,234.0,0.193978,0.626772,607628.0,285915.0,321713.0,0.0,5189060.0,1426497.0,0.0,104406.0,2741863.0,796876.0,464961.0,,,,,17483200.0,6835534778.08213,273175.0,96686.31,0.002897,1.1325254104769351,881104.0,170915.0,234.0,0.19397823639434164,0.0002655759138535292,0.8508974696784599,0.5431413061200489,0.45684417608206973,607628.0,0.6896212024914199,2741863.0,104406.0,1426497.0,5189060.0,0.528393003742489,0.020120407164303362,0.2749047033566773,6835534778.08213,17483200.0,0.6250034085900009
simple_triad_nextline_deg16_l2_ddr4_2x,simple_triad,nextline,deg16,l2,ddr4_2x,0.001603,1603404324.0,3510077.0,4011320.0,4815028.0,0.728987,1791935.0,2003905.0,153347.0,374527.0,68567583436.0,38264.548344,9234618996.0,60220.40859,0.0,0.0,,324480.0,10130.0,32.031589,1416830.0,375105.0,0.187187,28150.037659,78755.0,74592.0,0.199163,86436.368096,,,,,,,,,,,,,,,,1001763.0,32.418838,71.426053,7334.0,2.0,1637.0,2005056.0,,,,,,,,,,,,,,,,,1148744.0,221170.0,240.0,0.192532,0.747797,847655.0,468360.0,379295.0,0.0,5195185.0,1657383.0,0.0,114676.0,2234559.0,797087.0,586044.0,,,,,,,,,0.002605,1.6250779787897691,1148744.0,221170.0,240.0,0.1925320175774585,0.000208923833334494,0.894221532457876,0.4094417758933268,0.5905472915782194,847655.0,0.7378972164381272,2234559.0,114676.0,1657383.0,5195185.0,0.43012116026667,0.02207351615005048,0.31902290293800895,,,
simple_triad_nextline_deg1_l1d_ddr4_1x,simple_triad,nextline,deg1,l1d,ddr4_1x,0.002829,2828842326.0,3509962.0,4011171.0,8495023.0,0.413181,1947982.0,2003780.0,375411.0,375421.0,136226727576.0,69932.231189,35650300410.0,94963.387887,0.0,0.0,,0.0,0.0,,1942031.0,5951.0,0.00297,73470.957822,,375411.0,0.999973,94630.388774,10.42,58.31,0.0,0.0,8493334456.704535,2891653566.130925,8493311833.0,2891653566.0,11384965399.0,19207.0,8493.334457,2891.789311,49907.99,3332.0,67399.99,1001741.0,200.772098,153.97171,158195.0,2.0,1856.0,2004825.0,1430230.0,5932.0,14.0,0.004148,0.499201,1061024.0,48.0,1060976.0,0.0,1922692.0,20580.0,0.0,3562.0,0.0,31223.0,3.0,,,,,,,,,,,,,,,,,23629184.0,8352951941.797269,369206.0,67785.13,,,,,0.002897,1.0240367621067514,1430230.0,5932.0,14.0,0.004147584654216455,9.788635394307209e-06,0.9721536296399804,0.9999733632375386,0.003035957570292244,1061024.0,0.7418555057578152,0.0,3562.0,20580.0,1922692.0,0.0,0.0018526108185814472,0.010703742461091011,8352951941.797269,23629184.0,0.5652912528869752
simple_triad_nextline_deg1_l1d_ddr4_2x,simple_triad,nextline,deg1,l1d,ddr4_2x,0.002203,2202851943.0,3510082.0,4011326.0,6615171.0,0.530614,1993219.0,2003861.0,375409.0,375419.0,97885895121.0,49109.453161,25811277722.0,68755.085046,0.0,0.0,,0.0,0.0,,1987273.0,5946.0,0.002967,68870.235621,,375409.0,0.999973,68422.085046,,,,,,,,,,,,,,,,1001760.0,141.777728,124.494086,71281.0,2.0,1810.0,2004971.0,1393158.0,553.0,14.0,0.000397,0.08509,1023949.0,76.0,1023873.0,0.0,1962536.0,48019.0,0.0,7412.0,0.0,31237.0,1.0,,,,,,,,,,,,,,,,,,,,,,,,,0.002605,1.182478438492964,1393158.0,553.0,14.0,0.00039693990200680753,1.0049111443210318e-05,0.9946892523982452,0.9999733630956344,0.0002773637105947922,1023949.0,0.734984115225983,0.0,7412.0,48019.0,1962536.0,0.0,0.003776746006187912,0.024467831418124305,,,
simple_triad_nextline_deg1_l2_ddr4_1x,simple_triad,nextline,deg1,l2,ddr4_1x,0.002801,2800587942.0,3509929.0,4011137.0,8410175.0,0.417345,1990371.0,2003820.0,364007.0,375382.0,135391072068.0,68023.032926,27834715089.0,76467.526968,0.0,0.0,,0.0,0.0,,1615264.0,375107.0,0.187196,75056.310165,357963.0,6044.0,0.016101,86766.499835,11.99,58.73,0.0,0.0,8580529695.0750065,2921169472.063663,8580483990.0,2921169472.0,11501653462.0,19207.0,8580.529695,2921.192324,53999.69,3332.0,71491.69,1001742.0,195.521099,158.44163,161132.0,2.0,1865.0,2004933.0,,,,,,,,,,,,,,,,,369497.0,11364.0,19.0,0.030755,0.652803,61.0,43.0,18.0,0.0,369505.0,0.0,0.0,8.0,0.0,5866.0,47.0,,,,,23643584.0,8442364421.206239,369431.0,71687.84,0.002897,1.0342734737593715,369497.0,11364.0,19.0,0.030755324129830553,5.142125646486981e-05,0.9932883193101176,0.9696975347779062,0.03027404887431368,61.0,0.00016508929707142412,0.0,8.0,0.0,369505.0,0.0,2.1650586595580575e-05,0.0,8442364421.206239,23643584.0,0.5710850993343275
simple_triad_nextline_deg1_l2_ddr4_2x,simple_triad,nextline,deg1,l2,ddr4_2x,0.002198,2198247219.0,3510106.0,4011349.0,6601343.0,0.531729,1993291.0,2003890.0,374501.0,375379.0,94987176408.0,47653.441674,18999760221.0,50733.536682,0.0,0.0,,0.0,0.0,,1618184.0,375107.0,0.187189,51446.368964,368460.0,6041.0,0.016093,81741.88098,,,,,,,,,,,,,,,,1001764.0,137.017211,127.461246,75781.0,2.0,1813.0,2005022.0,,,,,,,,,,,,,,,,,369496.0,868.0,19.0,0.002349,0.125633,62.0,44.0,18.0,0.0,369503.0,0.0,0.0,7.0,0.0,5866.0,7.0,,,,,,,,,0.002605,1.1851683348498636,369496.0,868.0,19.0,0.00234914586355468,5.1421395630805204e-05,0.9947107875182769,0.9976610305850887,0.0023123912736533916,62.0,0.00016779613311104855,0.0,7.0,0.0,369503.0,0.0,1.894436581029112e-05,0.0,,,
simple_triad_nextline_deg32_l1d_ddr4_1x,simple_triad,nextline,deg32,l1d,ddr4_1x,0.002846,2846146338.0,3509913.0,4011121.0,8546987.0,0.410663,1364883.0,2003796.0,375905.0,376211.0,113787981554.0,83368.304502,40066338832.0,106586.341847,1292989.0,48267.0,26.788261,0.0,0.0,,1224041.0,140842.0,0.070288,106214.98962,,375905.0,0.999187,106253.335646,11.72,61.73,0.0,0.0,8452805001.202296,2875939262.40345,8452849974.0,2875939262.0,11328789237.0,19207.0,8452.872461,2876.523913,61194.59,3332.0,78686.59,1001736.0,127.756838,165.492968,150569.0,2.0,1830.0,2004892.0,907521.0,126459.0,697.0,0.139346,0.473096,672410.0,359928.0,312482.0,0.0,37741463.0,18479393.0,0.0,55299.0,17625810.0,9981481.0,1587326.0,,,,,,,,,,,,,,,,,15030464.0,5280987769.083573,234848.0,79144.0,,,,,0.002897,1.0179198875614897,907521.0,126459.0,697.0,0.13934553580578302,0.0007680263046254577,0.6811486798057287,0.9991866266536598,0.08479543927549818,672410.0,0.7409305129027317,17625810.0,55299.0,18479393.0,37741463.0,0.4670144874882036,0.001465205522107079,0.489631072330185,5280987769.083573,15030464.0,0.5625019696624386
simple_triad_nextline_deg32_l1d_ddr4_2x,simple_triad,nextline,deg32,l1d,ddr4_2x,0.001919,1919434977.0,3510084.0,4011327.0,5764069.0,0.608963,1213692.0,2003869.0,375920.0,376173.0,66310010535.0,54634.95725,26395028939.0,70214.484303,507530.0,30462.0,16.661086,0.0,0.0,,1111187.0,102505.0,0.051154,73858.712804,,375920.0,0.999327,69881.478102,,,,,,,,,,,,,,,,1001765.0,75.012502,120.598974,37093.0,2.0,1854.0,2004993.0,1174029.0,151206.0,687.0,0.128792,0.595977,900621.0,480784.0,419837.0,0.0,34501470.0,16128318.0,0.0,48711.0,16566269.0,9175266.0,1793341.0,,,,,,,,,,,,,,,,,,,,,,,,,0.002605,1.3574778530484628,1174029.0,151206.0,687.0,0.12879238928510284,0.0005851644209810831,0.6056743230221138,0.9993274371100531,0.11078190458188085,900621.0,0.7671198922684193,16566269.0,48711.0,16128318.0,34501470.0,0.48016125110031543,0.0014118528862683243,0.46746756007787493,,,
simple_triad_nextline_deg32_l2_ddr4_1x,simple_triad,nextline,deg32,l2,ddr4_1x,0.003013,3013011639.0,3509923.0,4011131.0,9048084.0,0.387921,1943878.0,2003835.0,130436.0,375206.0,65529030374.0,33710.464532,13040895053.0,99979.262267,0.0,0.0,,117414.0,8415.0,13.952941,1568772.0,375106.0,0.187194,38387.565592,63759.0,66677.0,0.177708,118229.754398,13.87,69.38,0.0,0.0,7990877860.661327,2719405359.721546,7990984067.0,2719405360.0,10710389426.0,19207.0,7991.153996,2719.893907,73431.19,3332.0,90923.19,1001730.0,138.468304,193.675414,227122.0,2.0,1984.0,2005048.0,,,,,,,,,,,,,,,,,3462984.0,244760.0,131.0,0.070679,0.785905,3153398.0,2766892.0,386506.0,0.0,8909836.0,240502.0,0.0,2885.0,5200615.0,3096436.0,2757985.0,,,,,19810112.0,6574854123.887439,309520.0,90911.31,0.002897,0.9615001659475605,3462984.0,244760.0,131.0,0.0706789289237259,3.782864720137315e-05,0.970078873759566,0.34763836399204706,0.6523523704943549,3153398.0,0.91060137730928,5200615.0,2885.0,240502.0,8909836.0,0.5836936841486196,0.00032379945040514774,0.026992864964068924,6574854123.887439,19810112.0,0.5317969133277075
simple_triad_nextline_deg32_l2_ddr4_2x,simple_triad,nextline,deg32,l2,ddr4_2x,0.002099,2098729836.0,3510069.0,4011312.0,6302492.0,0.556936,1945219.0,2003878.0,129216.0,375043.0,45057118777.0,23163.005696,8430847911.0,65246.160777,0.0,0.0,,247427.0,7049.0,35.101007,1570121.0,375098.0,0.187186,26250.676442,60421.0,68795.0,0.183432,79649.277869,,,,,,,,,,,,,,,,1001760.0,90.922245,131.15824,50545.0,2.0,1858.0,2005075.0,,,,,,,,,,,,,,,,,3821737.0,245817.0,187.0,0.064321,0.781334,3514338.0,3095134.0,419204.0,0.0,8904675.0,276637.0,0.0,2952.0,4800602.0,3096381.0,2766134.0,,,,,,,,,0.002605,1.2410671748451643,3821737.0,245817.0,187.0,0.06432075257925912,4.893063023436725e-05,0.9707272598431641,0.3445364931487856,0.6554543200198383,3514338.0,0.9195656320673035,4800602.0,2952.0,276637.0,8904675.0,0.5391102988037183,0.0003315112567275055,0.031066490354785547,,,
simple_triad_nextline_deg4_l1d_ddr4_1x,simple_triad,nextline,deg4,l1d,ddr4_1x,0.002637,2636526168.0,3509906.0,4011114.0,7917497.0,0.443312,1931944.0,2003784.0,375529.0,375548.0,118348513351.0,61258.770105,36409884936.0,96956.253541,287.0,7.0,41.0,0.0,0.0,,1925713.0,6231.0,0.00311,74144.419355,,375529.0,0.999949,96623.252654,10.71,58.59,0.0,0.0,9115728222.88028,3102652307.9060903,9115703949.0,3102652308.0,12218356256.0,19207.0,9115.728223,3102.676582,51330.23,3332.0,68822.23,1001734.0,181.451566,157.524728,157494.0,2.0,1838.0,2004855.0,490421.0,9050.0,92.0,0.018454,0.592239,121367.0,428.0,120939.0,0.0,7471734.0,6118898.0,0.0,324774.0,0.0,292246.0,4624.0,,,,,,,,,,,,,,,,,23618880.0,8958333236.615158,369045.0,69237.8,,,,,0.002897,1.0985968904057641,490421.0,9050.0,92.0,0.01845353278101876,0.00018759392440372658,0.964147832301286,0.9999494072661816,0.004662559492713527,121367.0,0.24747512851203354,0.0,324774.0,6118898.0,7471734.0,0.0,0.04346701849932024,0.8189394858007526,8958333236.615158,23618880.0,0.6066711381292669
simple_triad_nextline_deg4_l1d_ddr4_2x,simple_triad,nextline,deg4,l1d,ddr4_2x,0.001926,1926037368.0,3510145.0,4011390.0,5783896.0,0.606886,1775233.0,2003862.0,375536.0,375555.0,71146549897.0,40077.302471,25956271060.0,69117.930265,1267.0,8.0,158.375,0.0,0.0,,1767149.0,8084.0,0.004034,90761.860465,,375536.0,0.999949,68784.931152,,,,,,,,,,,,,,,,1001769.0,100.913434,119.082241,43787.0,2.0,1800.0,2004950.0,931097.0,39578.0,92.0,0.042507,0.830389,563891.0,143805.0,420086.0,0.0,6976556.0,5180911.0,0.0,259776.0,0.0,282692.0,9383.0,,,,,,,,,,,,,,,,,,,,,,,,,0.002605,1.3525441329179648,931097.0,39578.0,92.0,0.04250684944747969,9.8808180028504e-05,0.8859058158695559,0.9999494082091838,0.021808331556288783,563891.0,0.6056200374397083,0.0,259776.0,5180911.0,6976556.0,0.0,0.03723556436728953,0.7426172741966093,,,
simple_triad_nextline_deg4_l2_ddr4_1x,simple_triad,nextline,deg4,l2,ddr4_1x,0.002435,2435488407.0,3509939.0,4011148.0,7313779.0,0.47991,1973047.0,2003835.0,351403.0,375376.0,103867547481.0,52643.220096,21283550145.0,60567.354704,0.0,0.0,,91.0,2.0,45.5,1597940.0,375107.0,0.187195,57740.695447,345389.0,6014.0,0.016021,151952.872298,14.67,73.3,0.0,0.0,9873075121.560207,3360075119.4214163,9873048843.0,3360075119.0,13233123963.0,19207.0,9873.075122,3360.285344,70085.69,3332.0,87577.69,1001736.0,150.24291,153.334185,131806.0,2.0,1920.0,2005029.0,,,,,,,,,,,,,,,,,1029970.0,23963.0,71.0,0.023266,0.79938,660246.0,13058.0,647188.0,0.0,1442809.0,329012.0,0.0,81608.0,0.0,58655.0,2355.0,,,,,23660800.0,9715012369.590803,369700.0,86973.06,0.002897,1.1897330595482545,1029970.0,23963.0,71.0,0.023265726186199598,6.893404662271716e-05,0.9846354615025689,0.936136034269639,0.06383902644352446,660246.0,0.6410342048797538,0.0,81608.0,329012.0,1442809.0,0.0,0.05656188726297105,0.22803572752873041,9715012369.590803,23660800.0,0.6570568256017697
simple_triad_nextline_deg4_l2_ddr4_2x,simple_triad,nextline,deg4,l2,ddr4_2x,0.00177,1769639922.0,3510105.0,4011349.0,5314234.0,0.660513,1952139.0,2003926.0,320432.0,375378.0,64179815940.0,32876.662953,12351308328.0,38545.801693,0.0,0.0,,89.0,1.0,89.0,1577032.0,375107.0,0.187186,34356.056368,314419.0,6013.0,0.016019,89535.520373,,,,,,,,,,,,,,,,1001765.0,88.416542,116.098876,41918.0,2.0,1747.0,2005131.0,,,,,,,,,,,,,,,,,1225969.0,54936.0,70.0,0.04481,0.901344,856243.0,84443.0,771800.0,0.0,1442817.0,162039.0,0.0,50349.0,0.0,58655.0,7594.0,,,,,,,,,0.002605,1.4717514124293785,1225969.0,54936.0,70.0,0.04481026844887595,5.709769170346069e-05,0.9741572293587687,0.8536248794548429,0.14635237953155303,856243.0,0.6984214119606613,0.0,50349.0,162039.0,1442817.0,0.0,0.034896317412395336,0.11230738201726206,,,
simple_triad_nextline_deg8_l1d_ddr4_1x,simple_triad,nextline,deg8,l1d,ddr4_1x,0.002671,2670695631.0,3509911.0,4011119.0,8020108.0,0.437641,1889932.0,2003785.0,375660.0,375726.0,121217808494.0,64138.714247,36999605968.0,98492.26952,769.0,45.0,17.088889,0.0,0.0,,1865186.0,24746.0,0.01235,82321.957286,,375660.0,0.999824,98159.264202,10.79,58.86,0.0,0.0,9002238862.763168,3063291789.988329,9002334718.0,3063291790.0,12065626508.0,19207.0,9002.334718,3064.082595,52894.03,3332.0,70386.03,1001734.0,176.434735,160.316465,149822.0,2.0,1838.0,2004839.0,380814.0,16894.0,282.0,0.044363,0.405716,30097.0,4190.0,25907.0,0.0,14181193.0,12872223.0,0.0,349187.0,44.0,1073423.0,6159.0,,,,,,,,,,,,,,,,,22443200.0,8403503469.092994,350671.0,71559.35,,,,,0.002897,1.0846125046798951,380814.0,16894.0,282.0,0.044362864810642465,0.0007405189935243977,0.9431810299009126,0.9998243400776098,0.008859749132852184,30097.0,0.07903333385852411,44.0,349187.0,12872223.0,14181193.0,3.1027008799612277e-06,0.024623245731159572,0.9076967642990262,8403503469.092994,22443200.0,0.5990877342651132
simple_triad_nextline_deg8_l1d_ddr4_2x,simple_triad,nextline,deg8,l1d,ddr4_2x,0.001948,1948084965.0,3510087.0,4011331.0,5850105.0,0.600007,1748816.0,2003857.0,375664.0,375733.0,70953747085.0,40572.448494,26699597400.0,71073.079667,4976.0,160.0,31.1,0.0,0.0,,1731745.0,17071.0,0.008519,73292.186164,,375664.0,0.999816,70740.080553,,,,,,,,,,,,,,,,1001760.0,102.50504,123.415725,55040.0,2.0,1800.0,2004940.0,450118.0,44464.0,288.0,0.098783,0.722581,91720.0,25826.0,65894.0,0.0,13345205.0,11921323.0,0.0,334064.0,43.0,1001043.0,19018.0,,,,,,,,,,,,,,,,,,,,,,,,,0.002605,1.3372689938398357,450118.0,44464.0,288.0,0.09878298579483602,0.0006398322217729573,0.8727249499340521,0.9998163589570254,0.02479478943611706,91720.0,0.20376878951741542,43.0,334064.0,11921323.0,13345205.0,3.222131095026266e-06,0.02503251167741522,0.8933038495849258,,,
simple_triad_nextline_deg8_l2_ddr4_1x,simple_triad,nextline,deg8,l2,ddr4_1x,0.002381,2381158458.0,3510062.0,4011305.0,7150626.0,0.490877,1968478.0,2003886.0,337389.0,375375.0,97815742344.0,49691.05184,19677319308.0,58322.349893,0.0,0.0,,1147.0,20.0,57.35,1593373.0,375105.0,0.187189,53626.883545,330485.0,6904.0,0.018392,147699.196842,14.8,98.33,0.0,0.0,10104527029.338928,3436525600.599068,10104500152.0,3436525601.0,13541025752.0,19207.0,10104.527029,3437.197542,70182.54,3332.0,87674.54,1001758.0,141.038303,147.043663,110236.0,2.0,1899.0,2005062.0,,,,,,,,,,,,,,,,,526192.0,37976.0,138.0,0.072171,0.846168,157093.0,30086.0,127007.0,0.0,2791774.0,1943138.0,0.0,317827.0,36.0,211146.0,18371.0,,,,,23618560.0,9918936692.620564,369040.0,87062.07,0.002897,1.2167156656866862,526192.0,37976.0,138.0,0.07217137470733116,0.0002622616839480646,0.9823303321646042,0.8988051948051948,0.10117086036258043,157093.0,0.29854691823516893,36.0,317827.0,1943138.0,2791774.0,1.2895026603156272e-05,0.11384410056114858,0.6960226723223298,9918936692.620564,23618560.0,0.6723448991241749
simple_triad_nextline_deg8_l2_ddr4_2x,simple_triad,nextline,deg8,l2,ddr4_2x,0.001541,1541219904.0,3510083.0,4011326.0,4628288.0,0.758402,1962503.0,2003908.0,336557.0,375372.0,62350070184.0,31770.687833,12409539702.0,36872.029707,0.0,0.0,,221.0,12.0,18.416667,1587398.0,375105.0,0.187187,34346.839149,330433.0,6124.0,0.016314,74649.692685,,,,,,,,,,,,,,,,1001759.0,91.776022,116.431263,51614.0,2.0,1744.0,2005095.0,,,,,,,,,,,,,,,,,574939.0,38805.0,138.0,0.067494,0.863696,205063.0,36635.0,168428.0,0.0,2791750.0,1903509.0,0.0,303394.0,17.0,211146.0,2294.0,,,,,,,,,0.002605,1.690460739779364,574939.0,38805.0,138.0,0.06749411676717008,0.00024002546357091795,0.9793378737946054,0.8965959101904244,0.10338020364341623,205063.0,0.356669142291617,17.0,303394.0,1903509.0,2791750.0,6.089370466553237e-06,0.10867520372526193,0.681833616906958,,,
spmv_nextline_default_l1d_ddr4_1x,spmv,nextline,default,l1d,ddr4_1x,0.00726,7259505228.0,11279581.0,11329130.0,21800316.0,0.518505,2144674.0,4826869.0,683515.0,4381005.0,48590795565.0,22656.49491,65817592057.0,96292.8276,608079.0,287920.0,2.111972,0.0,0.0,,635263.0,1509411.0,0.31271,16939.198266,,683515.0,0.156018,95959.828087,7.95,57.65,0.0,0.0,6025887250.728211,14678686.30895075,6025878435.0,14678686.0,6040557121.0,19207.0,6025.834355,14.140909,50881.63,3332.0,68373.63,4767008.0,33.343914,78.078537,67470.0,2.0,1773.0,4866826.0,3343565.0,160232.0,2631536.0,0.047923,0.095968,472154.0,110271.0,361421.0,462.0,4505825.0,731825.0,0.0,57034.0,221559.0,103993.0,8038.0,,,,,,,,,,,,,,,,,32131008.0,4426060315.525404,502047.0,71172.23,,,,,0.010599,1.459917355371901,3343565.0,160232.0,2631536.0,0.04792250188047787,0.7870449654784638,0.4443199100700682,0.15601785435077112,0.06951780246135851,472154.0,0.1412127474716358,221559.0,57034.0,731825.0,4505825.0,0.049171683321034436,0.012657837354979388,0.16241753729894082,4426060315.525404,32131008.0,0.2999283689843589
spmv_nextline_default_l1d_ddr4_2x,spmv,nextline,default,l1d,ddr4_2x,0.006523,6523019118.0,11279581.0,11329130.0,19588646.0,0.577047,2179934.0,4827180.0,684252.0,4379038.0,44190086013.0,20271.295375,55390602177.0,80950.588638,524996.0,271441.0,1.934107,0.0,0.0,,670486.0,1509448.0,0.312698,15286.817816,,684252.0,0.156256,80617.589125,,,,,,,,,,,,,,,,4767008.0,30.481787,66.980139,35312.0,2.0,1684.0,4867179.0,3318157.0,156948.0,2629710.0,0.0473,0.094184,448749.0,123880.0,324396.0,473.0,4562033.0,807435.0,0.0,58692.0,225172.0,111739.0,7284.0,,,,,,,,,,,,,,,,,,,,,,,,,0.009047,1.3869385252184576,3318157.0,156948.0,2629710.0,0.04729975103649405,0.7925212700905955,0.4515957557000153,0.1562562371004773,0.06716128585011995,448749.0,0.13524043618189255,225172.0,58692.0,807435.0,4562033.0,0.04935781920034336,0.012865316844485782,0.17699017082954024,,,
spmv_nextline_default_l2_ddr4_1x,spmv,nextline,default,l2,ddr4_1x,0.007657,7657217784.0,11279576.0,11329125.0,22994648.0,0.491574,2202889.0,4827683.0,300176.0,1687151.0,39744938943.0,18042.188664,25874038593.0,86196.226857,19854.0,3582.0,5.542714,13349.0,903.0,14.782946,515925.0,1686964.0,0.349436,19488.354191,24219.0,275957.0,0.163564,91151.218784,7.69,57.47,0.0,0.0,5283949489.401123,13907923.6093463,5283941131.0,13907924.0,5297849055.0,19207.0,5283.907699,13.38972,50127.76,3332.0,67619.76,4767008.0,26.835726,76.754092,76737.0,2.0,1785.0,4862746.0,,,,,,,,,,,,,,,,,1151090.0,290540.0,41283.0,0.252404,0.512871,794847.0,654908.0,139906.0,33.0,1153468.0,113.0,0.0,616.0,1316.0,27964.0,14285.0,,,,,22794944.0,2976922511.93779,356171.0,70458.06,0.010599,1.3842235862609378,1151090.0,290540.0,41283.0,0.2524042429349573,0.03586426778097282,0.456303572541942,0.17791887033229392,0.49184379634206626,794847.0,0.6905168144975632,1316.0,616.0,113.0,1153468.0,0.001140907246668308,0.0005340416899298463,9.796543987349454e-05,2976922511.93779,22794944.0,0.26305110511535496
spmv_nextline_default_l2_ddr4_2x,spmv,nextline,default,l2,ddr4_2x,0.007083,7082623620.0,11279581.0,11329130.0,21269140.0,0.531454,2218876.0,4828264.0,299470.0,1687244.0,35335561734.0,15924.982619,21944955347.0,73279.311273,15674.0,3222.0,4.86468,13465.0,836.0,16.106459,531825.0,1687051.0,0.349412,17187.819601,23439.0,276031.0,0.163599,77027.849256,,,,,,,,,,,,,,,,4767008.0,24.065563,67.090615,57808.0,2.0,1703.0,4863416.0,,,,,,,,,,,,,,,,,1151640.0,291381.0,41424.0,0.253014,0.513526,795198.0,658418.0,136757.0,23.0,1153732.0,90.0,0.0,619.0,1052.0,27970.0,14101.0,,,,,,,,,0.009047,1.2772836368770295,1151640.0,291381.0,41424.0,0.25301396269667603,0.03596957382515369,0.4595597920909047,0.17749062968960033,0.4931547886015256,795198.0,0.6904918203605294,1052.0,619.0,90.0,1153732.0,0.0009118235430758616,0.0005365197463535725,7.800771756352428e-05,,,
spmv_nextline_deg16_l1d_ddr4_1x,spmv,nextline,deg16,l1d,ddr4_1x,0.006083,6083091486.0,11279581.0,11329130.0,18267542.0,0.618779,1922298.0,4825272.0,688456.0,4444713.0,33438567953.0,17395.101047,53424922327.0,77601.070115,1013204.0,397732.0,2.547454,0.0,0.0,,352417.0,1569881.0,0.325346,16115.403487,,688456.0,0.154893,77268.070599,7.26,57.66,0.0,0.0,7243222315.726323,17538450.67849765,7243211795.0,17538451.0,7260750245.0,19207.0,7243.138148,16.886151,32186.38,3332.0,49678.38,4767008.0,24.591747,61.533491,28636.0,2.0,1783.0,4866859.0,3465356.0,166523.0,2693965.0,0.048054,0.095901,590705.0,501903.0,87553.0,1249.0,28711122.0,5502627.0,0.0,310296.0,19046913.0,4710062.0,278447.0,,,,,,,,,,,,,,,,,31188800.0,5127129860.167288,487325.0,51740.93,,,,,0.010599,1.7423968436626667,3465356.0,166523.0,2693965.0,0.048053648744890855,0.7773992051610282,0.39838127259976225,0.1548932405759382,0.07972104838088089,590705.0,0.17046012011464334,19046913.0,310296.0,5502627.0,28711122.0,0.6633984210021469,0.010807519120987331,0.1916548924838256,5127129860.167288,31188800.0,0.3605139285935798
spmv_nextline_deg16_l1d_ddr4_2x,spmv,nextline,deg16,l1d,ddr4_2x,0.00547,5470351173.0,11279576.0,11329125.0,16427481.0,0.688089,1924455.0,4825802.0,686163.0,4378819.0,31098177354.0,16159.472346,43895245674.0,63972.038239,820447.0,372823.0,2.200634,0.0,0.0,,356047.0,1568408.0,0.325005,15088.855596,,686163.0,0.1567,63639.038724,,,,,,,,,,,,,,,,4767008.0,22.806787,53.770872,12195.0,2.0,1596.0,4867485.0,3418090.0,167080.0,2628956.0,0.048881,0.096273,607855.0,521399.0,85111.0,1345.0,28705612.0,5508387.0,0.0,311639.0,19079309.0,4758980.0,275184.0,,,,,,,,,,,,,,,,,,,,,,,,,0.009047,1.6539305301645337,3418090.0,167080.0,2628956.0,0.04888110026359751,0.7691301282295083,0.39878449219425083,0.15670047106308801,0.07988391301125729,607855.0,0.1778346971554289,19079309.0,311639.0,5508387.0,28705612.0,0.6646543191623994,0.010856378885076548,0.1918923379860356,,,
spmv_nextline_deg16_l2_ddr4_1x,spmv,nextline,deg16,l2,ddr4_1x,0.008094,8094322575.0,11279800.0,11329349.0,24307275.0,0.465038,2233489.0,4828750.0,211576.0,1687286.0,37087323885.0,16605.107025,21024058785.0,99368.826261,29035.0,3354.0,8.656828,704106.0,20248.0,34.774101,546404.0,1687085.0,0.349383,17434.553278,12005.0,199571.0,0.118279,100979.32165,13.32,57.49,0.0,0.0,9624539580.447842,13172689.7479126,9624476326.0,13172690.0,9637649016.0,19207.0,9624.452606,12.674563,52272.14,3332.0,69764.14,4767049.0,25.186486,77.667953,106375.0,2.0,1779.0,4865546.0,,,,,,,,,,,,,,,,,8975311.0,628415.0,376656.0,0.070016,0.758968,7957585.0,7802637.0,153914.0,1034.0,11522017.0,233754.0,0.0,32275.0,2252151.0,1917839.0,1520624.0,,,,,65073728.0,8039428549.70788,1016780.0,69055.89,0.010599,1.309488510007413,8975311.0,628415.0,376656.0,0.07001595822139199,0.04196578814929087,0.46253978772974375,0.125394272221781,0.7481211108214255,7957585.0,0.886608274632489,2252151.0,32275.0,233754.0,11522017.0,0.19546499540835602,0.0028011588595989747,0.0202875937433524,8039428549.70788,65073728.0,0.4785327399956874
spmv_nextline_deg16_l2_ddr4_2x,spmv,nextline,deg16,l2,ddr4_2x,0.006653,6653146527.0,11279581.0,11329130.0,19979419.0,0.565761,2235367.0,4828623.0,209904.0,1687259.0,30844745379.0,13798.515134,16311421035.0,77708.957595,16593.0,3194.0,5.195053,470915.0,17711.0,26.588843,548297.0,1687070.0,0.349389,14482.239617,12992.0,196912.0,0.116705,78874.687977,,,,,,,,,,,,,,,,4767008.0,21.261016,61.946071,39873.0,2.0,1707.0,4865212.0,,,,,,,,,,,,,,,,,9355447.0,638797.0,394143.0,0.068281,0.764377,8308894.0,8154117.0,153522.0,1255.0,11641201.0,217758.0,0.0,30474.0,2010528.0,1938015.0,1544917.0,,,,,,,,,0.009047,1.3598376672177963,9355447.0,638797.0,394143.0,0.0682807566543854,0.04212978813305233,0.4629408839745824,0.12440532247864731,0.7526761486082849,8308894.0,0.8881343670697937,2010528.0,30474.0,217758.0,11641201.0,0.17270795341477224,0.002617771138905685,0.018705801918547753,,,
spmv_nextline_deg1_l1d_ddr4_1x,spmv,nextline,deg1,l1d,ddr4_1x,0.007798,7797941253.0,11279581.0,11329130.0,23417241.0,0.482703,2860747.0,4827087.0,607299.0,3138486.0,80572075938.0,28164.69822,56604440432.0,93206.87245,509480.0,212370.0,2.399021,0.0,0.0,,1372177.0,1488570.0,0.308379,18291.874981,,607299.0,0.193501,92873.872998,6.72,57.28,0.0,0.0,4984281714.747101,13665145.26625916,4984273507.0,13665145.0,4997938653.0,19207.0,4984.232471,13.238366,48033.11,3332.0,65525.11,4767008.0,53.03774,93.164522,90098.0,2.0,1711.0,4863460.0,2590012.0,77841.0,1409398.0,0.030054,0.049694,940279.0,38767.0,901366.0,146.0,2894848.0,207728.0,0.0,22065.0,342.0,43743.0,1296.0,,,,,,,,,,,,,,,,,25404352.0,3257828082.537364,396944.0,69155.11,,,,,0.010599,1.3591946652987945,2590012.0,77841.0,1409398.0,0.030054300906713946,0.5441665907339426,0.5926445908267243,0.19350062418631148,0.026489252661482318,940279.0,0.36304040290160816,342.0,22065.0,207728.0,2894848.0,0.00011814091793420588,0.007622161854439335,0.07175782631765122,3257828082.537364,25404352.0,0.24815982341542922
spmv_nextline_deg1_l1d_ddr4_2x,spmv,nextline,deg1,l1d,ddr4_2x,0.007089,7088844060.0,11279576.0,11329125.0,21287820.0,0.530988,3017243.0,4827214.0,607519.0,3138580.0,79599047274.0,26381.384355,48893680777.0,80480.908049,508978.0,209396.0,2.430696,0.0,0.0,,1528933.0,1488310.0,0.308317,16117.246539,,607519.0,0.193565,80147.908597,,,,,,,,,,,,,,,,4767008.0,52.476976,84.371887,50291.0,2.0,1622.0,4863535.0,2687721.0,74709.0,1409561.0,0.027796,0.047798,1037629.0,45635.0,991858.0,136.0,3038626.0,245577.0,0.0,24833.0,240.0,53329.0,942.0,,,,,,,,,,,,,,,,,,,,,,,,,0.009047,1.2762025673578783,2687721.0,74709.0,1409561.0,0.027796411904360607,0.5244446875252304,0.625048526955714,0.1935649242651135,0.024162406143433016,1037629.0,0.38606276469916334,240.0,24833.0,245577.0,3038626.0,7.898306668869417e-05,0.008172443729501426,0.0808184357008727,,,
spmv_nextline_deg1_l2_ddr4_1x,spmv,nextline,deg1,l2,ddr4_1x,0.008012,8011537776.0,11279795.0,11329344.0,24058672.0,0.469843,2718115.0,4827563.0,433674.0,1687025.0,69976696590.0,25744.568052,31910307648.0,73581.325254,69900.0,15508.0,4.507351,9959.0,696.0,14.308908,1031295.0,1686820.0,0.349414,23029.347777,135772.0,297902.0,0.176584,88431.544411,6.55,57.38,0.0,0.0,4607530917.545036,13292828.78987701,4607522929.0,13292829.0,4620815758.0,19207.0,4607.490975,12.81352,49077.41,3332.0,66569.41,4767049.0,45.737961,89.667123,92843.0,2.0,1756.0,4862032.0,,,,,,,,,,,,,,,,,548239.0,123707.0,19279.0,0.225644,0.293416,269367.0,269346.0,11.0,10.0,548667.0,0.0,0.0,374.0,54.0,8714.0,2139.0,,,,,17847488.0,2227723128.693889,278867.0,72228.31,0.010599,1.3228906640039941,548239.0,123707.0,19279.0,0.22564429017271664,0.03516532023442331,0.5630408137604833,0.25706435885656703,0.22194333857810009,269367.0,0.49133133542123053,54.0,374.0,0.0,548667.0,9.842035332906845e-05,0.0006816520767605852,0.0,2227723128.693889,17847488.0,0.22943475343624084
spmv_nextline_deg1_l2_ddr4_2x,spmv,nextline,deg1,l2,ddr4_2x,0.007314,7313754591.0,11279581.0,11329130.0,21963227.0,0.514659,2831030.0,4827867.0,435829.0,1687002.0,66958150158.0,23651.515582,27166729082.0,62333.458953,81217.0,19201.0,4.229832,7561.0,582.0,12.991409,1144218.0,1686812.0,0.349391,20288.983227,137919.0,297910.0,0.176591,72864.384972,,,,,,,,,,,,,,,,4767008.0,43.869964,79.978048,52927.0,2.0,1664.0,4862572.0,,,,,,,,,,,,,,,,,548282.0,121566.0,19291.0,0.221722,0.289804,269401.0,269375.0,8.0,18.0,548676.0,0.0,0.0,381.0,13.0,8719.0,1652.0,,,,,,,,,0.009047,1.2369428493300518,548282.0,121566.0,19291.0,0.22172166877628666,0.03518444887849683,0.5863935356959916,0.2583452775989596,0.21809668188627454,269401.0,0.49135481376372014,13.0,381.0,0.0,548676.0,2.3693400112270266e-05,0.0006943988802134593,0.0,,,
spmv_nextline_deg32_l1d_ddr4_1x,spmv,nextline,deg32,l1d,ddr4_1x,0.006169,6168817341.0,11279576.0,11329125.0,18524977.0,0.61018,1973748.0,4825049.0,693896.0,4468086.0,35381678565.0,17926.137767,53752901036.0,77465.356532,1169177.0,427940.0,2.732105,0.0,0.0,,410287.0,1563461.0,0.32403,16469.759546,,693896.0,0.155301,77132.357012,7.35,57.53,0.0,0.0,7199004532.820386,17294725.08302625,7198994158.0,17294725.0,7216288883.0,19207.0,7198.921535,16.65149,32063.94,3332.0,49555.94,4767008.0,26.141721,63.471674,33204.0,2.0,1837.0,4867477.0,3757761.0,164924.0,2716972.0,0.043889,0.095421,853316.0,680269.0,171749.0,1298.0,49773886.0,9120469.0,0.0,377703.0,36017916.0,18663746.0,1045417.0,,,,,,,,,,,,,,,,,31147712.0,5049219368.675744,486683.0,51647.37,,,,,0.010599,1.718106662343978,3757761.0,164924.0,2716972.0,0.043888900864104984,0.7230294848448318,0.409062788792404,0.1553005022732329,0.07711514435126098,853316.0,0.22708096656493054,36017916.0,377703.0,9120469.0,49773886.0,0.7236307810083384,0.007588376764474447,0.18323803369501832,5049219368.675744,31147712.0,0.35830631371297167
spmv_nextline_deg32_l1d_ddr4_2x,spmv,nextline,deg32,l1d,ddr4_2x,0.005501,5500858968.0,11279581.0,11329130.0,16519096.0,0.684273,1978327.0,4825368.0,692993.0,4377910.0,32474822332.0,16415.295516,43751692820.0,63134.393594,914812.0,402874.0,2.270715,0.0,0.0,,414227.0,1564100.0,0.324141,15356.293829,,692993.0,0.158293,62801.394075,,,,,,,,,,,,,,,,4767008.0,23.85315,54.884634,13789.0,2.0,1600.0,4867359.0,3672713.0,162957.0,2628035.0,0.04437,0.094355,859083.0,683092.0,174568.0,1423.0,49737971.0,9202859.0,0.0,382230.0,35974128.0,18783213.0,1007518.0,,,,,,,,,,,,,,,,,,,,,,,,,0.009047,1.6446100708962006,3672713.0,162957.0,2628035.0,0.04436965262464015,0.715556864911579,0.4099846892506437,0.15829311246690772,0.07610246935950579,859083.0,0.2339096466290723,35974128.0,382230.0,9202859.0,49737971.0,0.7232729296496634,0.007684873192756496,0.1850268278937233,,,
spmv_nextline_deg32_l2_ddr4_1x,spmv,nextline,deg32,l2,ddr4_1x,0.008151,8151380460.0,11279795.0,11329344.0,24478620.0,0.461782,2253925.0,4828636.0,221618.0,1687313.0,39745420794.0,17633.870157,21770494230.0,98234.32316,37994.0,4115.0,9.23305,951867.0,30129.0,31.59305,566816.0,1687109.0,0.349397,18085.806586,13551.0,208067.0,0.123313,100014.517732,13.74,57.49,0.0,0.0,10036272064.76877,13080483.79329358,10036162145.0,13080484.0,10049242629.0,19207.0,10036.146442,12.664358,51458.53,3332.0,68950.53,4767049.0,26.864886,80.162217,112529.0,2.0,1877.0,4865223.0,,,,,,,,,,,,,,,,,11038487.0,629051.0,427070.0,0.056987,0.751448,9968222.0,9821507.0,145306.0,1409.0,19204069.0,845449.0,0.0,60678.0,7201470.0,8017339.0,6489921.0,,,,,68430016.0,8394899040.205026,1069226.0,68280.72,0.010599,1.300331247699669,11038487.0,629051.0,427070.0,0.056987067158751015,0.038689179051440654,0.46678295899711636,0.1313437400174123,0.7394779873252699,9968222.0,0.9030424187662676,7201470.0,60678.0,845449.0,19204069.0,0.3749970904603602,0.003159642886098774,0.044024472105364754,8394899040.205026,68430016.0,0.49896936505503836
spmv_nextline_deg32_l2_ddr4_2x,spmv,nextline,deg32,l2,ddr4_2x,0.006472,6472430091.0,11279576.0,11329125.0,19436727.0,0.581557,2251645.0,4828463.0,216723.0,1687202.0,32211300456.0,14305.674498,16227539790.0,74876.869506,26514.0,3641.0,7.282065,716863.0,25634.0,27.965319,564637.0,1687008.0,0.349388,14631.33199,14618.0,202105.0,0.119787,76123.980871,,,,,,,,,,,,,,,,4767008.0,22.120624,63.555468,37424.0,2.0,1667.0,4864910.0,,,,,,,,,,,,,,,,,11898254.0,649439.0,465352.0,0.054583,0.762661,10768264.0,10620730.0,145550.0,1984.0,19558616.0,824228.0,0.0,58801.0,6721088.0,8158568.0,6672151.0,,,,,,,,,0.009047,1.397867737948084,11898254.0,649439.0,465352.0,0.054582714404987485,0.03911094854757681,0.46632748350769176,0.12845112796215272,0.7497893003849164,10768264.0,0.9050289227310159,6721088.0,58801.0,824228.0,19558616.0,0.3436382206184732,0.0030063988167669943,0.04214142759385429,,,
spmv_nextline_deg4_l1d_ddr4_1x,spmv,nextline,deg4,l1d,ddr4_1x,0.006614,6613518528.0,11279576.0,11329125.0,19860416.0,0.569151,1726144.0,4826477.0,685344.0,4504975.0,34654260049.0,20076.111871,60840276679.0,88773.341094,558300.0,239898.0,2.327239,0.0,0.0,,206629.0,1519515.0,0.314829,16354.250268,,685344.0,0.15213,88440.34158,7.76,57.65,0.0,0.0,6632175568.012562,16122129.17353756,6632165891.0,16122129.0,6648288020.0,19207.0,6632.098151,15.502792,43348.73,3332.0,60840.73,4767008.0,24.508096,66.827682,47077.0,2.0,1696.0,4867318.0,3471224.0,213882.0,2753570.0,0.061616,0.123389,485943.0,275333.0,210054.0,556.0,7463122.0,654455.0,0.0,101646.0,3130984.0,296994.0,33944.0,,,,,,,,,,,,,,,,,32064384.0,4848309392.987611,501006.0,63097.29,,,,,0.010599,1.602509827638343,3471224.0,213882.0,2753570.0,0.06161572978292383,0.7932562116417725,0.3576405730308049,0.15213047797157586,0.11024697607145471,485943.0,0.13999182997121476,3130984.0,101646.0,654455.0,7463122.0,0.41952737741658247,0.013619769313700084,0.0876918533557404,4848309392.987611,32064384.0,0.33010368786095495
spmv_nextline_deg4_l1d_ddr4_2x,spmv,nextline,deg4,l1d,ddr4_2x,0.005904,5904080676.0,11279576.0,11329125.0,17729972.0,0.63754,1722181.0,4826855.0,684753.0,4471287.0,31209546546.0,18122.105949,49914508741.0,72894.180443,437321.0,221093.0,1.977996,0.0,0.0,,202053.0,1520128.0,0.314931,15020.202803,,684753.0,0.153144,72561.180929,,,,,,,,,,,,,,,,4767008.0,22.193889,56.930681,21354.0,2.0,1661.0,4867570.0,3433443.0,213832.0,2720418.0,0.062279,0.12332,482462.0,283801.0,198094.0,567.0,7443461.0,641247.0,0.0,102063.0,3160364.0,300603.0,33676.0,,,,,,,,,,,,,,,,,,,,,,,,,0.009047,1.5323509485094848,3433443.0,213832.0,2720418.0,0.06227917574283307,0.7923294488943023,0.35679153403199393,0.15314449732258295,0.11044967156728804,482462.0,0.14051842421732355,3160364.0,102063.0,641247.0,7443461.0,0.42458259672483,0.0137117666096457,0.08614903738999909,,,
spmv_nextline_deg4_l2_ddr4_1x,spmv,nextline,deg4,l2,ddr4_1x,0.007721,7720784154.0,11279576.0,11329125.0,23185538.0,0.487527,2184430.0,4827728.0,252429.0,1687210.0,37074858696.0,16972.32628,23578350833.0,93405.871881,18295.0,3111.0,5.880746,41071.0,1514.0,27.127477,497406.0,1687024.0,0.349445,18293.197594,6974.0,245455.0,0.14548,93942.938388,9.12,57.6,0.0,0.0,6226318861.031069,13801706.90884982,6226318861.0,13801707.0,6240120568.0,19207.0,6226.260836,13.312637,50321.86,3332.0,67813.86,4767008.0,25.168824,75.46625,85272.0,2.0,1844.0,4864034.0,,,,,,,,,,,,,,,,,2504744.0,401912.0,96419.0,0.16046,0.620841,1999055.0,1841129.0,157831.0,95.0,2514157.0,1599.0,0.0,1698.0,4732.0,103207.0,65641.0,,,,,32345408.0,4189394154.121305,505397.0,68372.69,0.010599,1.3727496438285196,2504744.0,401912.0,96419.0,0.16046031051476717,0.038494552736726785,0.4524757815684728,0.1496132668725292,0.6142240819389279,1999055.0,0.798107511186772,4732.0,1698.0,1599.0,2514157.0,0.001882141807373207,0.0006753754837108422,0.0006359984678761112,4189394154.121305,32345408.0,0.30983718003748534
spmv_nextline_deg4_l2_ddr4_2x,spmv,nextline,deg4,l2,ddr4_2x,0.006975,6975409608.0,11279576.0,11329125.0,20947176.0,0.539623,2200101.0,4828061.0,252448.0,1687218.0,32569485246.0,14803.631854,19722946261.0,78126.767734,14596.0,3138.0,4.65137,23530.0,1377.0,17.087872,513068.0,1687033.0,0.349422,16029.878686,6901.0,245547.0,0.145534,78439.222735,,,,,,,,,,,,,,,,4767008.0,22.337764,64.768465,53922.0,2.0,1677.0,4864635.0,,,,,,,,,,,,,,,,,2505952.0,402088.0,96540.0,0.160453,0.620856,2000049.0,1842616.0,157322.0,111.0,2514820.0,1486.0,0.0,1739.0,4262.0,103324.0,65673.0,,,,,,,,,0.009047,1.2970609318996416,2505952.0,402088.0,96540.0,0.16045319303801509,0.03852428139086463,0.4556903899930013,0.14962381861739266,0.6143099844775536,2000049.0,0.79811943724381,4262.0,1739.0,1486.0,2514820.0,0.0016947535012446218,0.000691500783356264,0.0005908971616258818,,,
spmv_nextline_deg8_l1d_ddr4_1x,spmv,nextline,deg8,l1d,ddr4_1x,0.006205,6205335453.0,11279581.0,11329130.0,18634641.0,0.606589,1912410.0,4825845.0,684089.0,4492322.0,34740436448.0,18165.788951,54513413848.0,79687.604753,817948.0,368284.0,2.220971,0.0,0.0,,346231.0,1566179.0,0.32454,15944.509777,,684089.0,0.15228,79354.60524,7.26,57.69,0.0,0.0,7055492218.206113,17182632.72108071,7055481905.0,17182633.0,7072664537.0,19207.0,7055.420022,16.543183,34268.06,3332.0,51760.06,4767008.0,25.089454,63.525493,34436.0,2.0,1739.0,4867263.0,3472650.0,172435.0,2740959.0,0.049655,0.09918,546690.0,383667.0,162122.0,901.0,15499359.0,2587154.0,0.0,186113.0,8997210.0,1179425.0,93404.0,,,,,,,,,,,,,,,,,31486720.0,5074136642.327304,491980.0,53741.91,,,,,0.010599,1.7081385979049157,3472650.0,172435.0,2740959.0,0.049655162483981975,0.7892989503693145,0.39628500293730945,0.1522796006163405,0.08270878650451233,546690.0,0.15742732495356573,8997210.0,186113.0,2587154.0,15499359.0,0.58048916732621,0.012007786902671265,0.16692006424265673,5074136642.327304,31486720.0,0.35117501522852096
spmv_nextline_deg8_l1d_ddr4_2x,spmv,nextline,deg8,l1d,ddr4_2x,0.005613,5612909805.0,11279576.0,11329125.0,16855585.0,0.670613,1927392.0,4826423.0,684604.0,4450154.0,32588867505.0,16908.271646,45289854454.0,66154.820092,690475.0,357125.0,1.933427,0.0,0.0,,360301.0,1567091.0,0.32469,14970.618083,,684604.0,0.153838,65821.820578,,,,,,,,,,,,,,,,4767008.0,23.568224,55.760983,15115.0,2.0,1598.0,4867534.0,3440490.0,171125.0,2699322.0,0.049739,0.098449,557605.0,391699.0,164949.0,957.0,15596077.0,2673052.0,0.0,187048.0,9032894.0,1192083.0,92048.0,,,,,,,,,,,,,,,,,,,,,,,,,0.009047,1.6117940495278815,3440490.0,171125.0,2699322.0,0.04973855468261788,0.7845748716025915,0.3993417070986111,0.15383827166430644,0.08154568202211371,557605.0,0.16207139099372472,9032894.0,187048.0,2673052.0,15596077.0,0.5791773149106663,0.011993272410747907,0.17139258802069263,,,
spmv_nextline_deg8_l2_ddr4_1x,spmv,nextline,deg8,l2,ddr4_1x,0.007919,7918597143.0,11279581.0,11329130.0,23779571.0,0.475348,2206027.0,4828390.0,223844.0,1687251.0,36577298088.0,16580.62122,21823634595.0,97494.838347,20033.0,3191.0,6.277969,254821.0,7020.0,36.299288,518965.0,1687062.0,0.349405,17487.49758,10049.0,213795.0,0.126712,98573.607662,11.6,57.66,0.0,0.0,8092019185.070443,13456929.05898092,8091970692.0,13456929.0,8105427621.0,19207.0,8091.962609,12.996241,51654.86,3332.0,69146.86,4767008.0,24.858841,76.531592,106105.0,2.0,1900.0,4864506.0,,,,,,,,,,,,,,,,,5527616.0,543109.0,233701.0,0.098254,0.71754,4740160.0,4578326.0,161415.0,419.0,5690836.0,25538.0,0.0,7982.0,122376.0,444788.0,325596.0,,,,,50352832.0,6358807133.472075,786763.0,68614.49,0.010599,1.3384265690112387,5527616.0,543109.0,233701.0,0.0982537498986905,0.04227880518473063,0.4568866640847156,0.13266787217787987,0.7081385691170123,4740160.0,0.857541479002883,122376.0,7982.0,25538.0,5690836.0,0.021504046154203003,0.0014026058737240013,0.004487565623047299,6358807133.472075,50352832.0,0.4024542169853445
spmv_nextline_deg8_l2_ddr4_2x,spmv,nextline,deg8,l2,ddr4_2x,0.006817,6817155021.0,11279581.0,11329130.0,20471937.0,0.55215,2216053.0,4828439.0,223751.0,1687307.0,31303509489.0,14125.794595,17595321897.0,78637.9587,14487.0,3041.0,4.763893,162059.0,6141.0,26.389676,528935.0,1687118.0,0.349413,14955.520212,10370.0,213381.0,0.126462,79403.867322,,,,,,,,,,,,,,,,4767008.0,21.53876,63.587707,47683.0,2.0,1802.0,4864569.0,,,,,,,,,,,,,,,,,5549284.0,544195.0,235249.0,0.098066,0.718337,4758878.0,4597754.0,160619.0,505.0,5697657.0,23314.0,0.0,7458.0,110867.0,445911.0,326820.0,,,,,,,,,0.009047,1.327123368050462,5549284.0,544195.0,235249.0,0.09806580452541265,0.04239267624435873,0.4589584749853938,0.13260835165147777,0.7086370656270102,4758878.0,0.8575661292519899,110867.0,7458.0,23314.0,5697657.0,0.01945834928287189,0.0013089591037157905,0.004091857407351829,,,
