run,benchmark,prefetcher,stage,config,pf_level,memory,simSeconds,simTicks,simInsts,simOps,numCycles,ipc,l1d_demand_misses,l1d_demand_accesses,l2_demand_misses,l2_demand_accesses,l1d_demand_miss_latency,l1d_demand_avg_miss_latency,l2_demand_miss_latency,l2_demand_avg_miss_latency,l1d_pf_issued,l1d_pf_useful,l1d_pf_unused,l1d_prefetcher_accuracy,l1d_prefetcher_coverage,l1d_pf_late,l1d_pf_hit_in_cache,l1d_pf_hit_in_mshr,l1d_pf_hit_in_wb,l1d_pf_identified,l1d_pf_buffer_hit,l1d_pf_in_cache,l1d_pf_removed_demand,l1d_pf_removed_full,l1d_pf_span_page,l1d_pf_useful_span_page,l2_pf_issued,l2_pf_useful,l2_pf_unused,l2_prefetcher_accuracy,l2_prefetcher_coverage,l2_pf_late,l2_pf_hit_in_cache,l2_pf_hit_in_mshr,l2_pf_hit_in_wb,l2_pf_identified,l2_pf_buffer_hit,l2_pf_in_cache,l2_pf_removed_demand,l2_pf_removed_full,l2_pf_span_page,l2_pf_useful_span_page,l1d_blocked_cycles_no_mshrs,l1d_blocked_causes_no_mshrs,l1d_avg_blocked_no_mshrs,l2_blocked_cycles_no_mshrs,l2_blocked_causes_no_mshrs,l2_avg_blocked_no_mshrs,l1d_demand_mshr_hits,l1d_demand_mshr_misses,l1d_demand_mshr_miss_rate,l1d_demand_avg_mshr_miss_latency,l2_demand_mshr_hits,l2_demand_mshr_misses,l2_demand_mshr_miss_rate,l2_demand_avg_mshr_miss_latency,mem_avg_rdq_len,mem_avg_wrq_len,mem_num_rd_retry,mem_num_wr_retry,mem_avg_read_bw_sys,mem_avg_write_bw_sys,dram_bw_read_total,dram_bw_write_total,dram_bw_total,dram_peak_bw,dram_avg_rd_bw,dram_avg_wr_bw,dram_avg_q_lat,dram_avg_bus_lat,dram_avg_mem_acc_lat,l1d_prefetcher_read_bytes,l1d_prefetcher_read_rate,l1d_prefetcher_read_accesses,l1d_prefetcher_read_avg_lat,l2_prefetcher_read_bytes,l2_prefetcher_read_rate,l2_prefetcher_read_accesses,l2_prefetcher_read_avg_lat,load_to_use_samples,load_to_use_mean,load_to_use_stdev,load_to_use_overflows,load_to_use_min,load_to_use_max,added_loads_and_stores
bfs_ampm_cfg01_l1d_ddr4_1x,bfs,ampm,stage1,cfg01,l1d,ddr4_1x,0.023202,23201612163.0,30729211.0,31124590.0,69674511.0,0.44104,6080836.0,11466419.0,1572156.0,4044634.0,244777337621.0,40253.895619,126658270871.0,80563.424286,2770898.0,201988.0,479707.0,0.072896,0.060407,1868289.0,365995.0,1502229.0,65.0,5938579.0,2250759.0,0.0,308873.0,58386.0,317332.0,69260.0,nan,nan,nan,nan,nan,nan,nan,nan,nan,nan,nan,nan,nan,nan,nan,nan,1736060.0,272646.0,6.367451,0.0,0.0,nan,2939033.0,3141803.0,0.274,37272.78488,nan,1572156.0,0.388702,80230.424286,5.68,57.43,0.0,0.0,4336683472.386341,435707653.80352247,4336680714.0,435707654.0,4772388368.0,19207.0,4321.352124,435.437328,35761.62,3332.0,53253.62,21146368.0,911418045.0668194,331094.0,52605.06,nan,nan,nan,nan,8774099.0,62.999462,107.165471,145265.0,2.0,1807.0,12929777.0
bfs_ampm_cfg01_l1d_ddr4_2x,bfs,ampm,stage1,cfg01,l1d,ddr4_2x,0.020762,20761767450.0,30729211.0,31124590.0,62347650.0,0.492869,5957806.0,11349417.0,1570237.0,4042940.0,205349495269.0,34467.301431,101901579161.0,64895.668081,2825443.0,214599.0,477452.0,0.075952,0.064052,1918530.0,424571.0,1493885.0,74.0,6094448.0,2385042.0,0.0,302055.0,60401.0,337598.0,74479.0,nan,nan,nan,nan,nan,nan,nan,nan,nan,nan,nan,nan,nan,nan,nan,nan,1227380.0,244627.0,5.017353,0.0,0.0,nan,2822005.0,3135801.0,0.276296,31291.708943,nan,1570237.0,0.38839,64562.668081,nan,nan,nan,nan,nan,nan,nan,nan,nan,nan,nan,nan,nan,nan,nan,nan,nan,nan,nan,nan,nan,nan,nan,8774099.0,55.157016,93.868227,52850.0,2.0,1732.0,12777385.0
bfs_ampm_cfg01_l2_ddr4_1x,bfs,ampm,stage1,cfg01,l2,ddr4_1x,0.02177,21770467740.0,30729211.0,31124590.0,65376780.0,0.470033,6812528.0,11460841.0,1335535.0,3523246.0,222099576763.0,32601.63874,103637218645.0,77599.777351,nan,nan,nan,nan,nan,nan,nan,nan,nan,nan,nan,nan,nan,nan,nan,nan,768416.0,174036.0,125207.0,0.226487,0.126109,339734.0,140091.0,199641.0,2.0,785549.0,6649.0,0.0,7178.0,18.0,24654.0,8245.0,998592.0,81628.0,12.233449,130292.0,4725.0,27.575026,3289509.0,3523019.0,0.307396,34133.785534,129526.0,1206009.0,0.342301,81193.583237,6.0,57.5,0.0,0.0,4805558853.831038,462533378.71554613,4805564733.0,462533379.0,5268098112.0,19207.0,4789.484234,462.242342,34902.01,3332.0,52394.01,nan,nan,nan,nan,27385472.0,1257918402.445863,428210.0,47017.68,8774099.0,57.867172,104.035215,137092.0,2.0,1742.0,12815497.0
bfs_ampm_cfg01_l2_ddr4_2x,bfs,ampm,stage1,cfg01,l2,ddr4_2x,0.019378,19378016586.0,30729211.0,31124590.0,58192242.0,0.528064,6682691.0,11367227.0,1307460.0,3523477.0,183641707133.0,27480.203279,83165378162.0,63608.353726,nan,nan,nan,nan,nan,nan,nan,nan,nan,nan,nan,nan,nan,nan,nan,nan,937725.0,204103.0,130518.0,0.217658,0.144799,501204.0,231859.0,269342.0,3.0,958686.0,10082.0,0.0,7389.0,93.0,34600.0,16067.0,679450.0,67579.0,10.054159,70745.0,3701.0,19.115104,3159442.0,3523249.0,0.309948,28351.412741,102001.0,1205459.0,0.342122,65933.447354,nan,nan,nan,nan,nan,nan,nan,nan,nan,nan,nan,nan,nan,nan,nan,nan,nan,nan,nan,nan,nan,nan,nan,8774099.0,49.732131,89.716419,50132.0,2.0,1634.0,12706692.0
bfs_ampm_cfg02_l1d_ddr4_1x,bfs,ampm,stage1,cfg02,l1d,ddr4_1x,0.023198,23198227218.0,30729211.0,31124590.0,69664346.0,0.441104,6089309.0,11462381.0,1572801.0,4045251.0,244980706378.0,40231.281805,126845721894.0,80649.568441,2748752.0,200733.0,480337.0,0.073027,0.060037,1846503.0,349760.0,1496677.0,66.0,6078057.0,2397393.0,0.0,313941.0,58227.0,331605.0,65214.0,nan,nan,nan,nan,nan,nan,nan,nan,nan,nan,nan,nan,nan,nan,nan,nan,1778475.0,271844.0,6.542263,0.0,0.0,nan,2946529.0,3142780.0,0.274182,37257.053751,nan,1572801.0,0.388802,80316.568441,5.68,57.57,0.0,0.0,4339095701.325672,435751917.8084637,4339092942.0,435751918.0,4774844860.0,19207.0,4323.930405,435.484311,35844.81,3332.0,53336.81,21169984.0,912569042.4988061,331442.0,53153.6,nan,nan,nan,nan,8774099.0,62.999085,106.987394,145292.0,2.0,1890.0,12924810.0
bfs_ampm_cfg02_l1d_ddr4_2x,bfs,ampm,stage1,cfg02,l1d,ddr4_2x,0.020756,20756342547.0,30729211.0,31124590.0,62331359.0,0.492998,5961814.0,11348958.0,1570303.0,4043683.0,204975045760.0,34381.321819,101783973593.0,64818.046958,2808864.0,214215.0,478249.0,0.076264,0.063948,1901016.0,413934.0,1487005.0,77.0,6107557.0,2406687.0,0.0,302975.0,59656.0,336527.0,72261.0,nan,nan,nan,nan,nan,nan,nan,nan,nan,nan,nan,nan,nan,nan,nan,nan,1202456.0,245208.0,4.90382,0.0,0.0,nan,2826207.0,3135607.0,0.27629,31239.344927,nan,1570303.0,0.388335,64485.046958,nan,nan,nan,nan,nan,nan,nan,nan,nan,nan,nan,nan,nan,nan,nan,nan,nan,nan,nan,nan,nan,nan,nan,8774099.0,55.108493,93.618246,52997.0,2.0,1740.0,12779092.0
bfs_ampm_cfg02_l2_ddr4_1x,bfs,ampm,stage1,cfg02,l2,ddr4_1x,0.021738,21738474432.0,30729211.0,31124590.0,65280704.0,0.470725,6806700.0,11458728.0,1333643.0,3523239.0,221520537049.0,32544.483678,103655223472.0,77723.366352,nan,nan,nan,nan,nan,nan,nan,nan,nan,nan,nan,nan,nan,nan,nan,nan,801287.0,176460.0,127438.0,0.220221,0.127713,369060.0,161607.0,207452.0,1.0,822677.0,10280.0,0.0,7618.0,2.0,28204.0,10520.0,1012885.0,81449.0,12.435819,136819.0,4643.0,29.467801,3283688.0,3523012.0,0.307452,34140.053959,128416.0,1205227.0,0.342079,81268.374315,6.02,57.58,0.0,0.0,4820765888.048496,463373086.80557925,4820771776.0,463373087.0,5284144863.0,19207.0,4804.558679,463.116951,35026.34,3332.0,52518.34,nan,nan,nan,nan,27615936.0,1270371390.889699,431815.0,47310.81,8774099.0,57.794369,104.19861,137603.0,2.0,1794.0,12813916.0
bfs_ampm_cfg02_l2_ddr4_2x,bfs,ampm,stage1,cfg02,l2,ddr4_2x,0.01936,19360301652.0,30729211.0,31124590.0,58139044.0,0.528547,6677647.0,11363251.0,1305154.0,3523511.0,183601286593.0,27494.907502,83208036933.0,63753.424449,nan,nan,nan,nan,nan,nan,nan,nan,nan,nan,nan,nan,nan,nan,nan,nan,950851.0,206778.0,131324.0,0.217466,0.146415,513170.0,251068.0,262101.0,1.0,972702.0,10933.0,0.0,7345.0,0.0,36697.0,18755.0,676617.0,67517.0,10.021432,72830.0,3456.0,21.073495,3154364.0,3523283.0,0.310059,28366.043268,99654.0,1205500.0,0.34213,65985.395223,nan,nan,nan,nan,nan,nan,nan,nan,nan,nan,nan,nan,nan,nan,nan,nan,nan,nan,nan,nan,nan,nan,nan,8774099.0,49.694176,89.642768,50282.0,2.0,1708.0,12703135.0
bfs_ampm_cfg03_l1d_ddr4_1x,bfs,ampm,stage1,cfg03,l1d,ddr4_1x,0.023202,23201881893.0,30729211.0,31124590.0,69675321.0,0.441035,6081216.0,11466862.0,1572148.0,4044607.0,244662768971.0,40232.540494,126624132410.0,80542.119705,2769871.0,201888.0,479679.0,0.072887,0.060377,1867383.0,365975.0,1501343.0,65.0,5937053.0,2250369.0,0.0,308880.0,58386.0,317340.0,69259.0,nan,nan,nan,nan,nan,nan,nan,nan,nan,nan,nan,nan,nan,nan,nan,nan,1733626.0,272578.0,6.36011,0.0,0.0,nan,2939319.0,3141897.0,0.273998,37264.121567,nan,1572148.0,0.388702,80209.119705,5.68,57.41,0.0,0.0,4336610989.747184,435702588.5495055,4336608231.0,435702589.0,4772310820.0,19207.0,4321.266028,435.4764,35740.39,3332.0,53232.39,21142080.0,911222636.9180233,331029.0,52592.64,nan,nan,nan,nan,8774099.0,62.986246,107.062983,145555.0,2.0,1807.0,12929857.0
bfs_ampm_cfg03_l1d_ddr4_2x,bfs,ampm,stage1,cfg03,l1d,ddr4_2x,0.020753,20752969590.0,30729211.0,31124590.0,62321230.0,0.493078,5955967.0,11348319.0,1570183.0,4042874.0,205227164055.0,34457.404491,101831887550.0,64853.515514,2826149.0,214735.0,477457.0,0.075981,0.064094,1919105.0,424566.0,1494463.0,76.0,6095935.0,2385677.0,0.0,302075.0,60401.0,337631.0,74481.0,nan,nan,nan,nan,nan,nan,nan,nan,nan,nan,nan,nan,nan,nan,nan,nan,1223612.0,244672.0,5.00103,0.0,0.0,nan,2820363.0,3135604.0,0.276306,31272.129544,nan,1570183.0,0.388383,64520.515514,nan,nan,nan,nan,nan,nan,nan,nan,nan,nan,nan,nan,nan,nan,nan,nan,nan,nan,nan,nan,nan,nan,nan,8774099.0,55.125912,93.726059,52480.0,2.0,1732.0,12775799.0
bfs_ampm_cfg03_l2_ddr4_1x,bfs,ampm,stage1,cfg03,l2,ddr4_1x,0.021761,21761114436.0,30729211.0,31124590.0,65348692.0,0.470235,6812150.0,11457950.0,1335247.0,3523230.0,221741920113.0,32550.945019,103641202023.0,77619.498133,nan,nan,nan,nan,nan,nan,nan,nan,nan,nan,nan,nan,nan,nan,nan,nan,768360.0,174189.0,124794.0,0.226702,0.126228,339986.0,139842.0,200142.0,2.0,785496.0,6671.0,0.0,7176.0,30.0,24613.0,8267.0,1003044.0,81347.0,12.330436,131523.0,4755.0,27.659937,3289148.0,3523002.0,0.307472,34134.378239,129479.0,1205768.0,0.342234,81220.122808,6.0,57.57,0.0,0.0,4806003861.042331,462696891.2650407,4806009743.0,462696891.0,5268706634.0,19207.0,4789.863511,462.429258,34923.29,3332.0,52415.29,nan,nan,nan,nan,27367104.0,1257615003.151027,427914.0,47015.54,8774099.0,57.856755,104.185875,137098.0,2.0,1855.0,12811270.0
bfs_ampm_cfg03_l2_ddr4_2x,bfs,ampm,stage1,cfg03,l2,ddr4_2x,0.019375,19374553053.0,30729211.0,31124590.0,58181841.0,0.528159,6683066.0,11366674.0,1307468.0,3523502.0,184008088385.0,27533.483641,83298554182.0,63709.822483,nan,nan,nan,nan,nan,nan,nan,nan,nan,nan,nan,nan,nan,nan,nan,nan,933925.0,203964.0,129942.0,0.218394,0.14475,497765.0,232881.0,264878.0,6.0,954904.0,10111.0,0.0,7423.0,78.0,34506.0,16176.0,692483.0,67710.0,10.227189,78880.0,3828.0,20.606061,3159792.0,3523274.0,0.309965,28390.757797,102356.0,1205112.0,0.342021,66035.262492,nan,nan,nan,nan,nan,nan,nan,nan,nan,nan,nan,nan,nan,nan,nan,nan,nan,nan,nan,nan,nan,nan,nan,8774099.0,49.782208,89.80621,50065.0,2.0,1640.0,12707232.0
bfs_ampm_cfg04_l1d_ddr4_1x,bfs,ampm,stage1,cfg04,l1d,ddr4_1x,0.023202,23201780994.0,30729211.0,31124590.0,69675018.0,0.441037,6089425.0,11462841.0,1572635.0,4045346.0,245127115489.0,40254.558598,126886071207.0,80683.738571,2747362.0,200925.0,480477.0,0.073134,0.060092,1844957.0,350033.0,1494864.0,60.0,6080479.0,2400973.0,0.0,314002.0,57834.0,329451.0,65599.0,nan,nan,nan,nan,nan,nan,nan,nan,nan,nan,nan,nan,nan,nan,nan,nan,1759353.0,272223.0,6.462911,0.0,0.0,nan,2946706.0,3142719.0,0.274166,37271.788636,nan,1572635.0,0.388752,80350.738571,5.69,57.54,0.0,0.0,4337973193.783177,435754134.67675287,4337970435.0,435754135.0,4773724570.0,19207.0,4322.807461,435.489327,35879.36,3332.0,53371.36,21167872.0,912338238.408251,331409.0,53153.07,nan,nan,nan,nan,8774099.0,63.046099,107.410804,145470.0,2.0,1890.0,12925258.0
bfs_ampm_cfg04_l1d_ddr4_2x,bfs,ampm,stage1,cfg04,l1d,ddr4_2x,0.020749,20748608622.0,30729211.0,31124590.0,62308134.0,0.493182,5962566.0,11348747.0,1570341.0,4043285.0,205092081945.0,34396.614133,101907339509.0,64895.038408,2809428.0,213739.0,477917.0,0.076079,0.063815,1901968.0,411622.0,1490261.0,85.0,6108121.0,2405350.0,0.0,303544.0,60046.0,336125.0,72325.0,nan,nan,nan,nan,nan,nan,nan,nan,nan,nan,nan,nan,nan,nan,nan,nan,1212531.0,244752.0,4.954121,0.0,0.0,nan,2826970.0,3135596.0,0.276294,31309.957983,nan,1570341.0,0.388382,64562.038408,nan,nan,nan,nan,nan,nan,nan,nan,nan,nan,nan,nan,nan,nan,nan,nan,nan,nan,nan,nan,nan,nan,nan,8774099.0,55.087327,93.515214,52204.0,2.0,1656.0,12777537.0
bfs_ampm_cfg04_l2_ddr4_1x,bfs,ampm,stage1,cfg04,l2,ddr4_1x,0.021736,21735842400.0,30729211.0,31124590.0,65272800.0,0.470782,6806512.0,11457898.0,1333277.0,3523261.0,221708379354.0,32572.980016,103646448176.0,77738.120568,nan,nan,nan,nan,nan,nan,nan,nan,nan,nan,nan,nan,nan,nan,nan,nan,801879.0,176838.0,127301.0,0.22053,0.127968,369605.0,162145.0,207457.0,3.0,823441.0,10401.0,0.0,7703.0,8.0,28231.0,10534.0,1012825.0,81362.0,12.448379,129536.0,4726.0,27.409226,3283480.0,3523032.0,0.307476,34136.804479,128228.0,1205049.0,0.342027,81250.233469,6.03,57.63,0.0,0.0,4820960976.419299,463432141.92609346,4820966865.0,463432142.0,5284399007.0,19207.0,4804.804805,463.12592,35048.13,3332.0,52540.13,nan,nan,nan,nan,27618496.0,1270643000.24553,431832.0,47451.74,8774099.0,57.829081,104.414954,138899.0,2.0,1889.0,12810742.0
bfs_ampm_cfg04_l2_ddr4_2x,bfs,ampm,stage1,cfg04,l2,ddr4_2x,0.019357,19356965991.0,30729211.0,31124590.0,58129027.0,0.528639,6681627.0,11366489.0,1305401.0,3523536.0,183948301896.0,27530.465543,83354809355.0,63853.796155,nan,nan,nan,nan,nan,nan,nan,nan,nan,nan,nan,nan,nan,nan,nan,nan,942428.0,206386.0,130794.0,0.218994,0.146206,505168.0,248854.0,256311.0,3.0,962363.0,9391.0,0.0,7088.0,0.0,35887.0,18598.0,692920.0,67684.0,10.237575,70405.0,3438.0,20.478476,3158319.0,3523308.0,0.309973,28406.238555,100180.0,1205221.0,0.342049,66075.237098,nan,nan,nan,nan,nan,nan,nan,nan,nan,nan,nan,nan,nan,nan,nan,nan,nan,nan,nan,nan,nan,nan,nan,8774099.0,49.704559,89.560563,50356.0,2.0,1682.0,12706698.0
bfs_ampm_cfg05_l1d_ddr4_1x,bfs,ampm,stage1,cfg05,l1d,ddr4_1x,0.023172,23171769036.0,30729211.0,31124590.0,69584892.0,0.441608,6044743.0,11466566.0,1580589.0,4143823.0,244365570750.0,40426.13073,127733426259.0,80813.814508,2862100.0,228555.0,569798.0,0.079856,0.068081,1847061.0,459096.0,1387854.0,111.0,6797013.0,2908301.0,0.0,358977.0,105430.0,554889.0,144646.0,nan,nan,nan,nan,nan,nan,nan,nan,nan,nan,nan,nan,nan,nan,nan,nan,1929342.0,307972.0,6.264667,0.0,0.0,nan,2916186.0,3128557.0,0.272842,37376.144935,nan,1580589.0,0.381433,80480.814508,5.69,57.51,0.0,0.0,4365560516.45603,436685864.78137726,4365557754.0,436685865.0,4802243619.0,19207.0,4349.695694,436.437286,36013.69,3332.0,53505.69,21981888.0,948649538.4037627,344253.0,53403.49,nan,nan,nan,nan,8774099.0,63.032489,107.418949,146474.0,2.0,1728.0,12925943.0
bfs_ampm_cfg05_l1d_ddr4_2x,bfs,ampm,stage1,cfg05,l1d,ddr4_2x,0.020715,20714518080.0,30729211.0,31124590.0,62205760.0,0.493994,5925513.0,11349025.0,1578829.0,4133901.0,204391088628.0,34493.399749,102452160339.0,64891.232894,2952042.0,240801.0,560419.0,0.081571,0.071617,1939935.0,542681.0,1397145.0,109.0,7040603.0,3094972.0,0.0,350474.0,108408.0,598760.0,169816.0,nan,nan,nan,nan,nan,nan,nan,nan,nan,nan,nan,nan,nan,nan,nan,nan,1314857.0,276285.0,4.75906,0.0,0.0,nan,2803948.0,3121565.0,0.275051,31351.423783,nan,1578829.0,0.381922,64558.232894,nan,nan,nan,nan,nan,nan,nan,nan,nan,nan,nan,nan,nan,nan,nan,nan,nan,nan,nan,nan,nan,nan,nan,8774099.0,55.043134,93.324232,52152.0,2.0,1729.0,12771924.0
bfs_ampm_cfg05_l2_ddr4_1x,bfs,ampm,stage1,cfg05,l2,ddr4_1x,0.021753,21753044181.0,30729211.0,31124590.0,65324457.0,0.47041,6809059.0,11458564.0,1334277.0,3523291.0,221626317497.0,32548.743886,103812913175.0,77804.618662,nan,nan,nan,nan,nan,nan,nan,nan,nan,nan,nan,nan,nan,nan,nan,nan,774183.0,175220.0,125115.0,0.226329,0.126855,345702.0,143544.0,202157.0,1.0,791541.0,6828.0,0.0,7155.0,98.0,24830.0,8527.0,1013439.0,81478.0,12.438192,126541.0,4700.0,26.923617,3285995.0,3523064.0,0.307461,34184.390343,128236.0,1206041.0,0.342305,81383.278216,6.0,57.57,0.0,0.0,4808910749.667364,462886201.8675454,4808916634.0,462886202.0,5271802836.0,19207.0,4792.652611,462.624353,35004.63,3332.0,52496.63,nan,nan,nan,nan,27371520.0,1258284577.195288,428019.0,46861.63,8774099.0,57.781652,104.082598,136693.0,2.0,1889.0,12810183.0
bfs_ampm_cfg05_l2_ddr4_2x,bfs,ampm,stage1,cfg05,l2,ddr4_2x,0.01937,19370169441.0,30729211.0,31124590.0,58168677.0,0.528278,6681967.0,11365843.0,1307599.0,3523479.0,183733685062.0,27496.945894,83265421058.0,63678.100899,nan,nan,nan,nan,nan,nan,nan,nan,nan,nan,nan,nan,nan,nan,nan,nan,936306.0,203923.0,130387.0,0.217795,0.144692,499930.0,232165.0,267762.0,3.0,957270.0,10130.0,0.0,7347.0,127.0,34471.0,16163.0,690320.0,67873.0,10.17076,80286.0,3638.0,22.068719,3158716.0,3523251.0,0.309986,28380.767367,102164.0,1205435.0,0.342115,66007.749194,nan,nan,nan,nan,nan,nan,nan,nan,nan,nan,nan,nan,nan,nan,nan,nan,nan,nan,nan,nan,nan,nan,nan,8774099.0,49.752938,89.871176,49852.0,2.0,1724.0,12706332.0
bfs_ampm_cfg06_l1d_ddr4_1x,bfs,ampm,stage1,cfg06,l1d,ddr4_1x,0.023179,23178868263.0,30729211.0,31124590.0,69606211.0,0.441473,6058903.0,11462712.0,1581004.0,4135598.0,244248038104.0,40312.254232,127849620051.0,80866.095248,2835444.0,224813.0,562747.0,0.079287,0.067023,1829527.0,427008.0,1402420.0,99.0,6812632.0,2944840.0,0.0,359660.0,101846.0,537642.0,130771.0,nan,nan,nan,nan,nan,nan,nan,nan,nan,nan,nan,nan,nan,nan,nan,nan,1932747.0,305778.0,6.320752,0.0,0.0,nan,2929444.0,3129459.0,0.273012,37361.682033,nan,1581004.0,0.382292,80533.095248,5.69,57.58,0.0,0.0,4365369303.276928,436582489.0662825,4365366542.0,436582489.0,4801949031.0,19207.0,4349.719186,436.339509,36062.29,3332.0,53554.29,21954688.0,947185503.2303654,343790.0,53832.76,nan,nan,nan,nan,8774099.0,63.008619,107.142272,145273.0,2.0,1936.0,12923651.0
bfs_ampm_cfg06_l1d_ddr4_2x,bfs,ampm,stage1,cfg06,l1d,ddr4_2x,0.020715,20714846751.0,30729211.0,31124590.0,62206747.0,0.493986,5921833.0,11345268.0,1578763.0,4134223.0,204358197882.0,34509.280806,102377052271.0,64846.371666,2920129.0,241128.0,560748.0,0.082574,0.071717,1907212.0,518028.0,1389080.0,104.0,7017595.0,3102128.0,0.0,351255.0,105550.0,581327.0,156127.0,nan,nan,nan,nan,nan,nan,nan,nan,nan,nan,nan,nan,nan,nan,nan,nan,1292464.0,275759.0,4.686933,0.0,0.0,nan,2800755.0,3121078.0,0.2751,31292.672066,nan,1578763.0,0.381877,64513.371666,nan,nan,nan,nan,nan,nan,nan,nan,nan,nan,nan,nan,nan,nan,nan,nan,nan,nan,nan,nan,nan,nan,nan,8774099.0,55.11386,93.505023,53397.0,2.0,1726.0,12769837.0
bfs_ampm_cfg06_l2_ddr4_1x,bfs,ampm,stage1,cfg06,l2,ddr4_1x,0.021742,21742478091.0,30729211.0,31124590.0,65292727.0,0.470638,6805873.0,11457544.0,1333577.0,3523320.0,221849253338.0,32596.737162,103626385733.0,77705.588603,nan,nan,nan,nan,nan,nan,nan,nan,nan,nan,nan,nan,nan,nan,nan,nan,800392.0,176693.0,127735.0,0.220758,0.127853,367789.0,160118.0,207668.0,3.0,821748.0,10242.0,0.0,7642.0,8.0,28195.0,10475.0,1019417.0,81198.0,12.554706,132787.0,4582.0,28.98014,3282782.0,3523091.0,0.307491,34131.257118,128266.0,1205311.0,0.342095,81203.697276,6.02,57.6,0.0,0.0,4821226336.817193,463287761.3048897,4821232224.0,463287761.0,5284519985.0,19207.0,4804.67183,462.98752,35027.04,3332.0,52519.04,nan,nan,nan,nan,27637504.0,1271129439.9988458,432179.0,47483.29,8774099.0,57.81764,104.349974,138206.0,2.0,2038.0,12812337.0
bfs_ampm_cfg06_l2_ddr4_2x,bfs,ampm,stage1,cfg06,l2,ddr4_2x,0.019359,19358980641.0,30729211.0,31124590.0,58135077.0,0.528584,6680367.0,11364716.0,1305608.0,3523514.0,183739014726.0,27504.329437,83050936888.0,63610.928309,nan,nan,nan,nan,nan,nan,nan,nan,nan,nan,nan,nan,nan,nan,nan,nan,941873.0,206349.0,131173.0,0.219084,0.146156,504331.0,247768.0,256561.0,2.0,961333.0,9116.0,0.0,6960.0,0.0,35897.0,18452.0,684078.0,67745.0,10.097837,70121.0,3349.0,20.937892,3157081.0,3523286.0,0.31002,28319.962328,100118.0,1205490.0,0.342127,65817.754816,nan,nan,nan,nan,nan,nan,nan,nan,nan,nan,nan,nan,nan,nan,nan,nan,nan,nan,nan,nan,nan,nan,nan,8774099.0,49.750206,89.877464,50834.0,2.0,1716.0,12704844.0
bfs_ampm_cfg07_l1d_ddr4_1x,bfs,ampm,stage1,cfg07,l1d,ddr4_1x,0.023171,23171177628.0,30729211.0,31124590.0,69583116.0,0.441619,6045705.0,11465268.0,1579888.0,4133931.0,244035449536.0,40365.09382,127511605279.0,80709.268808,2844450.0,226933.0,560974.0,0.079781,0.067605,1840565.0,451506.0,1388960.0,99.0,6781297.0,2911414.0,0.0,358934.0,105863.0,548083.0,144556.0,nan,nan,nan,nan,nan,nan,nan,nan,nan,nan,nan,nan,nan,nan,nan,nan,1917210.0,306008.0,6.265228,0.0,0.0,nan,2915885.0,3129820.0,0.272983,37330.900404,nan,1579888.0,0.382176,80376.268808,5.69,57.49,0.0,0.0,4363735742.020095,436647293.56585985,4363732980.0,436647294.0,4800380274.0,19207.0,4348.340064,436.387661,35902.13,3332.0,53394.13,21887104.0,944583152.0255437,342752.0,53326.93,nan,nan,nan,nan,8774099.0,63.02488,107.342328,146001.0,2.0,1756.0,12924730.0
bfs_ampm_cfg07_l1d_ddr4_2x,bfs,ampm,stage1,cfg07,l1d,ddr4_2x,0.020724,20724052536.0,30729211.0,31124590.0,62234392.0,0.493766,5923562.0,11352652.0,1578855.0,4134139.0,204656749377.0,34549.608728,102476172283.0,64905.372744,2944631.0,241105.0,560651.0,0.08188,0.071703,1932145.0,540940.0,1391096.0,109.0,7051568.0,3114114.0,0.0,350201.0,108197.0,601035.0,168187.0,nan,nan,nan,nan,nan,nan,nan,nan,nan,nan,nan,nan,nan,nan,nan,nan,1326225.0,276015.0,4.804902,0.0,0.0,nan,2802136.0,3121426.0,0.274951,31330.604217,nan,1578855.0,0.381907,64572.372744,nan,nan,nan,nan,nan,nan,nan,nan,nan,nan,nan,nan,nan,nan,nan,nan,nan,nan,nan,nan,nan,nan,nan,8774099.0,55.097226,93.479519,52970.0,2.0,1668.0,12778293.0
bfs_ampm_cfg07_l2_ddr4_1x,bfs,ampm,stage1,cfg07,l2,ddr4_1x,0.021761,21760881003.0,30729211.0,31124590.0,65347991.0,0.47024,6811216.0,11460158.0,1335237.0,3523293.0,221832121152.0,32568.65164,103688132002.0,77655.226752,nan,nan,nan,nan,nan,nan,nan,nan,nan,nan,nan,nan,nan,nan,nan,nan,771348.0,174296.0,125017.0,0.225963,0.126292,342695.0,141797.0,200895.0,3.0,788419.0,6602.0,0.0,7200.0,20.0,24742.0,8325.0,997245.0,81387.0,12.253124,132607.0,4778.0,27.753663,3288152.0,3523064.0,0.307418,34147.853543,129425.0,1205812.0,0.34224,81268.604258,6.0,57.57,0.0,0.0,4806999495.35954,462710677.8724569,4807005377.0,462710678.0,5269716055.0,19207.0,4790.738389,462.445983,34960.78,3332.0,52452.78,nan,nan,nan,nan,27386752.0,1258531398.4403667,428203.0,47016.76,8774099.0,57.87959,104.371026,137934.0,2.0,2004.0,12814379.0
bfs_ampm_cfg07_l2_ddr4_2x,bfs,ampm,stage1,cfg07,l2,ddr4_2x,0.019375,19375062543.0,30729211.0,31124590.0,58183371.0,0.528145,6684620.0,11369980.0,1307895.0,3523519.0,183896047538.0,27510.321834,83306466567.0,63695.072286,nan,nan,nan,nan,nan,nan,nan,nan,nan,nan,nan,nan,nan,nan,nan,nan,930069.0,203433.0,129702.0,0.218729,0.144425,494275.0,231266.0,263005.0,4.0,951262.0,10202.0,0.0,7469.0,112.0,34287.0,16027.0,684840.0,67724.0,10.11222,78493.0,3784.0,20.743393,3161329.0,3523291.0,0.309877,28391.300271,102754.0,1205141.0,0.342028,66047.162626,nan,nan,nan,nan,nan,nan,nan,nan,nan,nan,nan,nan,nan,nan,nan,nan,nan,nan,nan,nan,nan,nan,nan,8774099.0,49.770798,89.732162,50446.0,2.0,1614.0,12710711.0
bfs_ampm_cfg08_l1d_ddr4_1x,bfs,ampm,stage1,cfg08,l1d,ddr4_1x,0.023173,23173063740.0,30729211.0,31124590.0,69588780.0,0.441583,6056676.0,11463547.0,1580359.0,4134990.0,244308523846.0,40337.063407,127843399640.0,80895.163466,2803032.0,225088.0,562084.0,0.080302,0.067082,1798620.0,433689.0,1364815.0,116.0,6909791.0,3065294.0,0.0,362521.0,105353.0,565609.0,136469.0,nan,nan,nan,nan,nan,nan,nan,nan,nan,nan,nan,nan,nan,nan,nan,nan,1933760.0,305685.0,6.325989,0.0,0.0,nan,2926324.0,3130352.0,0.27307,37346.92316,nan,1580359.0,0.382192,80562.163466,5.69,57.5,0.0,0.0,4364681387.615257,436611753.7809871,4364678626.0,436611754.0,4801290380.0,19207.0,4349.126776,436.363189,36090.16,3332.0,53582.16,21921088.0,945972800.4010574,343248.0,53982.0,nan,nan,nan,nan,8774099.0,63.077676,107.63778,146311.0,2.0,1868.0,12923289.0
bfs_ampm_cfg08_l1d_ddr4_2x,bfs,ampm,stage1,cfg08,l1d,ddr4_2x,0.020711,20711395539.0,30729211.0,31124590.0,62196383.0,0.494068,5917314.0,11345507.0,1579938.0,4138812.0,204409935427.0,34544.378653,102695729107.0,64999.84753,2919582.0,242542.0,565189.0,0.083074,0.072106,1902123.0,540257.0,1361730.0,136.0,7092165.0,3175248.0,0.0,352540.0,107111.0,607725.0,167056.0,nan,nan,nan,nan,nan,nan,nan,nan,nan,nan,nan,nan,nan,nan,nan,nan,1309194.0,277133.0,4.724064,0.0,0.0,nan,2796190.0,3121124.0,0.275098,31361.591931,nan,1579938.0,0.381737,64666.84753,nan,nan,nan,nan,nan,nan,nan,nan,nan,nan,nan,nan,nan,nan,nan,nan,nan,nan,nan,nan,nan,nan,nan,8774099.0,55.09194,93.749318,52919.0,2.0,1741.0,12768735.0
bfs_ampm_cfg08_l2_ddr4_1x,bfs,ampm,stage1,cfg08,l2,ddr4_1x,0.021739,21738846060.0,30729211.0,31124590.0,65281820.0,0.470717,6806633.0,11457615.0,1333398.0,3523293.0,221486225729.0,32539.763159,103529022084.0,77643.000877,nan,nan,nan,nan,nan,nan,nan,nan,nan,nan,nan,nan,nan,nan,nan,nan,800345.0,176781.0,127426.0,0.220881,0.127932,367887.0,160567.0,207316.0,4.0,822198.0,10563.0,0.0,7772.0,1.0,28149.0,10414.0,991126.0,81312.0,12.189173,140547.0,4648.0,30.238167,3283567.0,3523066.0,0.307487,34103.51801,128343.0,1205055.0,0.342025,81156.04578,6.02,57.66,0.0,0.0,4820857174.789709,463376941.5449828,4820863063.0,463376942.0,5284240004.0,19207.0,4804.594306,463.094314,34971.81,3332.0,52463.81,nan,nan,nan,nan,27630976.0,1271041522.7992096,432026.0,47421.46,8774099.0,57.769922,104.022225,138659.0,2.0,1864.0,12811781.0
bfs_ampm_cfg08_l2_ddr4_2x,bfs,ampm,stage1,cfg08,l2,ddr4_2x,0.019349,19349289009.0,30729211.0,31124590.0,58105973.0,0.528848,6678047.0,11363586.0,1305335.0,3523489.0,183786907455.0,27521.056299,83152228729.0,63701.830357,nan,nan,nan,nan,nan,nan,nan,nan,nan,nan,nan,nan,nan,nan,nan,nan,943363.0,206590.0,130993.0,0.218993,0.146326,505799.0,249086.0,256710.0,3.0,963059.0,9299.0,0.0,6991.0,2.0,35923.0,18558.0,678809.0,67766.0,10.016955,73874.0,3531.0,20.921552,3154800.0,3523247.0,0.310047,28349.511881,100082.0,1205253.0,0.342062,65935.813199,nan,nan,nan,nan,nan,nan,nan,nan,nan,nan,nan,nan,nan,nan,nan,nan,nan,nan,nan,nan,nan,nan,nan,8774099.0,49.729708,89.850659,50064.0,2.0,1670.0,12704158.0
bfs_ampm_cfg17_l2_ddr4_1x,bfs,ampm,stage1,cfg17,l2,ddr4_1x,0.02182,21819783708.0,30729211.0,31124590.0,65524876.0,0.468971,6821577.0,11459678.0,1341617.0,3523219.0,222421894124.0,32605.6415,103858937385.0,77413.253846,nan,nan,nan,nan,nan,nan,nan,nan,nan,nan,nan,nan,nan,nan,nan,nan,750922.0,165447.0,122785.0,0.220325,0.120427,329577.0,122986.0,206589.0,2.0,772569.0,9395.0,0.0,8502.0,129.0,25250.0,8073.0,1013168.0,82699.0,12.251273,158389.0,5471.0,28.950649,3298587.0,3522990.0,0.307425,34200.836746,133233.0,1208384.0,0.342977,81077.516357,5.97,57.63,0.0,0.0,4780137575.871519,461922085.70356375,4780143442.0,461922086.0,5242065528.0,19207.0,4764.157949,461.652239,35054.83,3332.0,52546.83,nan,nan,nan,nan,26921472.0,1233810213.7157993,420904.0,47835.08,8774099.0,57.949252,103.972961,134402.0,2.0,1870.0,12817294.0
bfs_ampm_cfg17_l2_ddr4_2x,bfs,ampm,stage1,cfg17,l2,ddr4_2x,0.019433,19433309238.0,30729211.0,31124590.0,58358286.0,0.526562,6688980.0,11364428.0,1312381.0,3523459.0,184193638650.0,27536.879861,83313204159.0,63482.482723,nan,nan,nan,nan,nan,nan,nan,nan,nan,nan,nan,nan,nan,nan,nan,nan,921428.0,196090.0,127201.0,0.212811,0.139766,492775.0,214558.0,278216.0,1.0,950257.0,15727.0,0.0,8970.0,313.0,35967.0,15969.0,695691.0,68518.0,10.153405,77012.0,4144.0,18.583977,3165749.0,3523231.0,0.310023,28394.493057,105488.0,1206893.0,0.342531,65893.598688,nan,nan,nan,nan,nan,nan,nan,nan,nan,nan,nan,nan,nan,nan,nan,nan,nan,nan,nan,nan,nan,nan,nan,8774099.0,49.869905,89.808309,49999.0,2.0,1669.0,12709893.0
bfs_ampm_cfg18_l2_ddr4_1x,bfs,ampm,stage1,cfg18,l2,ddr4_1x,0.021799,21799307871.0,30729211.0,31124590.0,65463387.0,0.469411,6813079.0,11459132.0,1337425.0,3523265.0,222702155583.0,32687.44654,103920968732.0,77702.277684,nan,nan,nan,nan,nan,nan,nan,nan,nan,nan,nan,nan,nan,nan,nan,nan,816116.0,170522.0,126188.0,0.208943,0.123725,389787.0,157690.0,232095.0,2.0,852978.0,22993.0,0.0,9993.0,55.0,32950.0,12098.0,1018451.0,82255.0,12.38163,164539.0,5448.0,30.201725,3290042.0,3523037.0,0.307444,34222.402958,129713.0,1207712.0,0.342782,81138.889895,6.02,57.76,0.0,0.0,4797284052.266688,462461655.18912584,4797289924.0,462461655.0,5259751579.0,19207.0,4781.262993,462.203298,35375.52,3332.0,52867.52,nan,nan,nan,nan,27238528.0,1249513432.315706,425868.0,48947.07,8774099.0,57.969722,104.519703,138072.0,2.0,2247.0,12816666.0
bfs_ampm_cfg18_l2_ddr4_2x,bfs,ampm,stage1,cfg18,l2,ddr4_2x,0.019402,19402213698.0,30729211.0,31124590.0,58264906.0,0.527406,6678790.0,11363207.0,1308439.0,3523445.0,183869675269.0,27530.387281,83142654588.0,63543.39376,nan,nan,nan,nan,nan,nan,nan,nan,nan,nan,nan,nan,nan,nan,nan,nan,968181.0,200484.0,128279.0,0.207073,0.142494,537583.0,250548.0,287034.0,1.0,999149.0,18617.0,0.0,8672.0,34.0,41611.0,21349.0,695404.0,68361.0,10.172525,75262.0,3888.0,19.35751,3155573.0,3523217.0,0.310055,28348.896205,101962.0,1206477.0,0.342414,65790.504921,nan,nan,nan,nan,nan,nan,nan,nan,nan,nan,nan,nan,nan,nan,nan,nan,nan,nan,nan,nan,nan,nan,nan,8774099.0,49.726063,89.56459,49300.0,2.0,1737.0,12708735.0
bfs_ampm_cfg19_l2_ddr4_1x,bfs,ampm,stage1,cfg19,l2,ddr4_1x,0.021777,21776905296.0,30729211.0,31124590.0,65396112.0,0.469894,6819162.0,11460644.0,1340431.0,3523220.0,222345642453.0,32606.006787,103836167198.0,77464.761109,nan,nan,nan,nan,nan,nan,nan,nan,nan,nan,nan,nan,nan,nan,nan,nan,752847.0,166390.0,122564.0,0.221014,0.121109,331068.0,124103.0,206963.0,2.0,774481.0,9420.0,0.0,8488.0,114.0,25372.0,8225.0,1029200.0,82466.0,12.480295,158521.0,5470.0,28.980073,3296172.0,3522990.0,0.307399,34196.017165,132938.0,1207493.0,0.342724,81101.401267,5.98,57.61,0.0,0.0,4788197706.822594,462822786.9389362,4788203585.0,462822787.0,5251026372.0,19207.0,4772.089633,462.552409,35108.63,3332.0,52600.63,nan,nan,nan,nan,26948544.0,1237482720.0515919,421324.0,47977.99,8774099.0,57.997747,104.208399,136283.0,2.0,1872.0,12814031.0
bfs_ampm_cfg19_l2_ddr4_2x,bfs,ampm,stage1,cfg19,l2,ddr4_2x,0.019383,19382982282.0,30729211.0,31124590.0,58207154.0,0.527929,6687560.0,11366105.0,1311462.0,3523436.0,184186370923.0,27541.640138,83374717630.0,63573.872236,nan,nan,nan,nan,nan,nan,nan,nan,nan,nan,nan,nan,nan,nan,nan,nan,924923.0,196834.0,127064.0,0.212811,0.140322,495584.0,215663.0,279918.0,3.0,953974.0,15970.0,0.0,8959.0,310.0,36079.0,16105.0,708297.0,68452.0,10.347353,79914.0,4004.0,19.958541,3164352.0,3523208.0,0.309975,28412.151523,105568.0,1205894.0,0.342249,65956.263675,nan,nan,nan,nan,nan,nan,nan,nan,nan,nan,nan,nan,nan,nan,nan,nan,nan,nan,nan,nan,nan,nan,nan,8774099.0,49.814812,89.823174,50550.0,2.0,1673.0,12708109.0
bfs_ampm_cfg20_l2_ddr4_1x,bfs,ampm,stage1,cfg20,l2,ddr4_1x,0.021753,21753229329.0,30729211.0,31124590.0,65325013.0,0.470406,6812546.0,11462546.0,1337081.0,3523231.0,222352341080.0,32638.655369,103897641349.0,77704.822183,nan,nan,nan,nan,nan,nan,nan,nan,nan,nan,nan,nan,nan,nan,nan,nan,809804.0,170658.0,125956.0,0.21074,0.123882,383151.0,154257.0,228891.0,3.0,840252.0,17462.0,0.0,9247.0,53.0,31937.0,11897.0,1027009.0,82669.0,12.423145,164525.0,5515.0,29.832276,3289543.0,3523003.0,0.307349,34216.532614,130155.0,1206926.0,0.342562,81196.603084,6.02,57.72,0.0,0.0,4806089542.789098,463453027.9400798,4806095427.0,463453028.0,5269548455.0,19207.0,4790.187536,463.200008,35368.17,3332.0,52860.17,nan,nan,nan,nan,27261696.0,1253225237.8572807,426208.0,48765.11,8774099.0,57.803147,104.175921,135491.0,2.0,1728.0,12817371.0
bfs_ampm_cfg20_l2_ddr4_2x,bfs,ampm,stage1,cfg20,l2,ddr4_2x,0.019351,19351395567.0,30729211.0,31124590.0,58112299.0,0.528791,6678899.0,11363544.0,1307706.0,3523431.0,183776465240.0,27515.982086,83026588096.0,63490.255528,nan,nan,nan,nan,nan,nan,nan,nan,nan,nan,nan,nan,nan,nan,nan,nan,969570.0,201018.0,128094.0,0.207327,0.142901,538532.0,251509.0,287020.0,3.0,1001130.0,19117.0,0.0,8783.0,26.0,41795.0,21450.0,690968.0,68379.0,10.104974,79267.0,3995.0,19.841552,3155696.0,3523203.0,0.310044,28317.527942,102026.0,1205680.0,0.342189,65747.092007,nan,nan,nan,nan,nan,nan,nan,nan,nan,nan,nan,nan,nan,nan,nan,nan,nan,nan,nan,nan,nan,nan,nan,8774099.0,49.746061,89.786268,50050.0,2.0,1710.0,12707284.0
bfs_ampm_cfg21_l2_ddr4_1x,bfs,ampm,stage1,cfg21,l2,ddr4_1x,0.02182,21819794031.0,30729211.0,31124590.0,65524907.0,0.46897,6821456.0,11459941.0,1341675.0,3523282.0,222386043677.0,32600.964322,103810948088.0,77374.139108,nan,nan,nan,nan,nan,nan,nan,nan,nan,nan,nan,nan,nan,nan,nan,nan,750909.0,165447.0,122803.0,0.220329,0.120422,329551.0,122971.0,206578.0,2.0,772557.0,9395.0,0.0,8503.0,129.0,25263.0,8080.0,1013575.0,82694.0,12.256935,158730.0,5476.0,28.986486,3298403.0,3523053.0,0.307423,34186.568678,133228.0,1208447.0,0.342989,81032.337699,5.97,57.64,0.0,0.0,4780358231.237604,461921867.16705126,4780364097.0,461921867.0,5242285965.0,19207.0,4764.463672,461.669619,35026.68,3332.0,52518.68,nan,nan,nan,nan,26921984.0,1233833094.9298224,420917.0,47860.54,8774099.0,57.940308,103.91566,134357.0,2.0,1870.0,12817641.0
bfs_ampm_cfg21_l2_ddr4_2x,bfs,ampm,stage1,cfg21,l2,ddr4_2x,0.019435,19434750462.0,30729211.0,31124590.0,58362614.0,0.526523,6688896.0,11364585.0,1312370.0,3523454.0,184204399544.0,27538.834442,83344383615.0,63506.772949,nan,nan,nan,nan,nan,nan,nan,nan,nan,nan,nan,nan,nan,nan,nan,nan,921427.0,196106.0,127211.0,0.212829,0.139777,492752.0,214537.0,278214.0,1.0,950254.0,15727.0,0.0,8968.0,313.0,35973.0,15975.0,695714.0,68524.0,10.152852,76896.0,4145.0,18.551508,3165670.0,3523226.0,0.310018,28403.422455,105486.0,1206884.0,0.342529,65919.848317,nan,nan,nan,nan,nan,nan,nan,nan,nan,nan,nan,nan,nan,nan,nan,nan,nan,nan,nan,nan,nan,nan,nan,8774099.0,49.875781,89.850961,50092.0,2.0,1669.0,12710626.0
bfs_ampm_cfg22_l2_ddr4_1x,bfs,ampm,stage1,cfg22,l2,ddr4_1x,0.021796,21796499016.0,30729211.0,31124590.0,65454952.0,0.469472,6812781.0,11460451.0,1337661.0,3523220.0,222629927217.0,32678.27444,104033247999.0,77772.505888,nan,nan,nan,nan,nan,nan,nan,nan,nan,nan,nan,nan,nan,nan,nan,nan,809518.0,170287.0,126170.0,0.210356,0.123571,383279.0,154192.0,229086.0,1.0,839836.0,17248.0,0.0,9294.0,56.0,31925.0,11812.0,1025707.0,82492.0,12.434018,163063.0,5451.0,29.914328,3289790.0,3522991.0,0.307404,34253.067527,129902.0,1207759.0,0.3428,81219.695437,6.02,57.72,0.0,0.0,4797778942.53731,462527123.8559718,4797784815.0,462527124.0,5260311939.0,19207.0,4781.553217,462.256989,35414.88,3332.0,52906.88,nan,nan,nan,nan,27233856.0,1249460107.3323123,425780.0,48856.48,8774099.0,57.87094,103.990322,136037.0,2.0,1803.0,12818704.0
bfs_ampm_cfg22_l2_ddr4_2x,bfs,ampm,stage1,cfg22,l2,ddr4_2x,0.019403,19402539039.0,30729211.0,31124590.0,58265883.0,0.527397,6678107.0,11361594.0,1308715.0,3523450.0,183903576334.0,27538.279386,83107981306.0,63503.498704,nan,nan,nan,nan,nan,nan,nan,nan,nan,nan,nan,nan,nan,nan,nan,nan,966585.0,200232.0,128319.0,0.207154,0.142331,536019.0,248722.0,287297.0,0.0,997631.0,18624.0,0.0,8753.0,35.0,41542.0,21168.0,691243.0,68414.0,10.103824,80523.0,3963.0,20.318698,3154895.0,3523212.0,0.310098,28338.57058,102144.0,1206571.0,0.34244,65753.657812,nan,nan,nan,nan,nan,nan,nan,nan,nan,nan,nan,nan,nan,nan,nan,nan,nan,nan,nan,nan,nan,nan,nan,8774099.0,49.764553,89.660749,49484.0,2.0,1732.0,12706897.0
bfs_ampm_cfg23_l2_ddr4_1x,bfs,ampm,stage1,cfg23,l2,ddr4_1x,0.021777,21776644890.0,30729211.0,31124590.0,65395330.0,0.4699,6819468.0,11460506.0,1340461.0,3523220.0,222403568136.0,32613.03787,103877302355.0,77493.714741,nan,nan,nan,nan,nan,nan,nan,nan,nan,nan,nan,nan,nan,nan,nan,nan,752573.0,166393.0,122570.0,0.221099,0.121109,330787.0,124172.0,206613.0,2.0,774208.0,9420.0,0.0,8489.0,114.0,25366.0,8224.0,1031281.0,82450.0,12.507956,158339.0,5469.0,28.952094,3296479.0,3522989.0,0.307403,34207.584928,132938.0,1207523.0,0.342733,81132.04401,5.98,57.65,0.0,0.0,4788363704.634943,462831260.3209282,4788369582.0,462831260.0,5251200843.0,19207.0,4772.24956,462.546184,35128.88,3332.0,52620.88,nan,nan,nan,nan,26949184.0,1237526907.2039316,421331.0,47967.68,8774099.0,58.016396,104.30504,136387.0,2.0,1872.0,12815164.0
bfs_ampm_cfg23_l2_ddr4_2x,bfs,ampm,stage1,cfg23,l2,ddr4_2x,0.019382,19382119479.0,30729211.0,31124590.0,58204563.0,0.527953,6687753.0,11365918.0,1311453.0,3523426.0,184235238340.0,27548.152323,83394133528.0,63589.113394,nan,nan,nan,nan,nan,nan,nan,nan,nan,nan,nan,nan,nan,nan,nan,nan,924887.0,196838.0,127064.0,0.212824,0.140325,495546.0,215628.0,279915.0,3.0,953938.0,15970.0,0.0,8959.0,310.0,36088.0,16111.0,709240.0,68454.0,10.360826,79891.0,4006.0,19.942836,3164555.0,3523198.0,0.309979,28417.794173,105562.0,1205891.0,0.34225,65973.025141,nan,nan,nan,nan,nan,nan,nan,nan,nan,nan,nan,nan,nan,nan,nan,nan,nan,nan,nan,nan,nan,nan,nan,8774099.0,49.824363,89.872578,50618.0,2.0,1673.0,12708530.0
bfs_ampm_cfg24_l2_ddr4_1x,bfs,ampm,stage1,cfg24,l2,ddr4_1x,0.021753,21753229329.0,30729211.0,31124590.0,65325013.0,0.470406,6812546.0,11462546.0,1337081.0,3523231.0,222352341080.0,32638.655369,103897641349.0,77704.822183,nan,nan,nan,nan,nan,nan,nan,nan,nan,nan,nan,nan,nan,nan,nan,nan,809767.0,170658.0,125956.0,0.21075,0.123882,383114.0,154224.0,228887.0,3.0,840213.0,17460.0,0.0,9247.0,53.0,31963.0,11912.0,1027009.0,82669.0,12.423145,164525.0,5515.0,29.832276,3289543.0,3523003.0,0.307349,34216.532614,130155.0,1206926.0,0.342562,81196.603084,6.02,57.72,0.0,0.0,4806089542.789098,463453027.9400798,4806095427.0,463453028.0,5269548455.0,19207.0,4790.187536,463.200008,35368.17,3332.0,52860.17,nan,nan,nan,nan,27261696.0,1253225237.8572807,426208.0,48765.11,8774099.0,57.803147,104.175921,135491.0,2.0,1728.0,12817371.0
bfs_ampm_cfg24_l2_ddr4_2x,bfs,ampm,stage1,cfg24,l2,ddr4_2x,0.019351,19351237059.0,30729211.0,31124590.0,58111823.0,0.528795,6678955.0,11363570.0,1307713.0,3523446.0,183800080268.0,27519.287114,83026908109.0,63490.160386,nan,nan,nan,nan,nan,nan,nan,nan,nan,nan,nan,nan,nan,nan,nan,nan,966985.0,201013.0,128100.0,0.207876,0.142897,535972.0,248965.0,287004.0,3.0,998544.0,19117.0,0.0,8782.0,26.0,41606.0,21263.0,690968.0,68379.0,10.104974,79267.0,3995.0,19.841552,3155737.0,3523218.0,0.310045,28317.458325,102026.0,1205687.0,0.34219,65745.309726,nan,nan,nan,nan,nan,nan,nan,nan,nan,nan,nan,nan,nan,nan,nan,nan,nan,nan,nan,nan,nan,nan,nan,8774099.0,49.747121,89.791295,50084.0,2.0,1710.0,12707452.0
bfs_ampm_default_l1d_ddr4_1x,bfs,ampm,stage1,default,l1d,ddr4_1x,0.021053,21052885707.0,30729211.0,31124590.0,63221879.0,0.486054,5568146.0,11496603.0,1747402.0,6166497.0,216400729868.0,38864.054547,143073397077.0,81877.780314,5639543.0,363835.0,2426639.0,0.064515,0.103727,2617071.0,1351682.0,1264444.0,945.0,12177115.0,4137339.0,0.0,484218.0,1204221.0,1043634.0,180235.0,nan,nan,nan,nan,nan,nan,nan,nan,nan,nan,nan,nan,nan,nan,nan,nan,4296122.0,832453.0,5.160798,0.0,0.0,nan,2424344.0,3143802.0,0.273455,35007.561415,nan,1747402.0,0.28337,81544.780314,6.41,57.56,0.0,0.0,5312040997.91487,481642666.05164254,5312037958.0,481642666.0,5793680624.0,19207.0,5291.916441,481.27483,37008.19,3332.0,54500.19,42179520.0,2003503015.5498102,661177.0,54412.02,nan,nan,nan,nan,8774099.0,56.475526,102.411632,138811.0,2.0,1761.0,12884148.0
bfs_ampm_default_l1d_ddr4_2x,bfs,ampm,stage1,default,l1d,ddr4_2x,0.018714,18713919015.0,30729211.0,31124590.0,56197955.0,0.546804,5389954.0,11383488.0,1754182.0,6225971.0,178240415095.0,33069.004874,114298272912.0,65157.590781,5942422.0,386089.0,2483055.0,0.064972,0.109903,2843587.0,1586767.0,1255726.0,1094.0,12831881.0,4391334.0,0.0,476360.0,1339809.0,1184485.0,222457.0,nan,nan,nan,nan,nan,nan,nan,nan,nan,nan,nan,nan,nan,nan,nan,nan,3004246.0,753183.0,3.988733,0.0,0.0,nan,2263052.0,3126902.0,0.274688,29620.150311,nan,1754182.0,0.281752,64824.590781,nan,nan,nan,nan,nan,nan,nan,nan,nan,nan,nan,nan,nan,nan,nan,nan,nan,nan,nan,nan,nan,nan,nan,8774099.0,48.617241,87.840069,49678.0,2.0,1668.0,12736813.0
bfs_ampm_default_l2_ddr4_1x,bfs,ampm,stage1,default,l2,ddr4_1x,0.021999,21999455190.0,30729211.0,31124590.0,66064430.0,0.465141,6748577.0,11467061.0,1298810.0,3523277.0,221926835012.0,32884.982273,104739660858.0,80642.789059,nan,nan,nan,nan,nan,nan,nan,nan,nan,nan,nan,nan,nan,nan,nan,nan,1205713.0,247453.0,218165.0,0.205234,0.172108,631785.0,379561.0,252209.0,15.0,1236240.0,14480.0,0.0,11384.0,489.0,74661.0,21922.0,1024987.0,78850.0,12.999201,550460.0,19941.0,27.604433,3225526.0,3523051.0,0.307232,34513.217792,108484.0,1190326.0,0.337846,83071.037916,6.55,57.72,0.0,0.0,5132455827.875436,459272464.37415075,5132455828.0,459272464.0,5591728292.0,19207.0,5115.303403,459.001912,36908.04,3332.0,54400.04,nan,nan,nan,nan,36655232.0,1666188170.7262406,573455.0,50646.16,8774099.0,57.509279,105.335095,158583.0,2.0,1833.0,12817760.0
bfs_ampm_default_l2_ddr4_2x,bfs,ampm,stage1,default,l2,ddr4_2x,0.019461,19460720799.0,30729211.0,31124590.0,58440603.0,0.52582,6654923.0,11369144.0,1289226.0,3523457.0,183031137312.0,27503.118716,83328630615.0,64634.618457,nan,nan,nan,nan,nan,nan,nan,nan,nan,nan,nan,nan,nan,nan,nan,nan,1342871.0,259194.0,227425.0,0.193015,0.179443,752443.0,452922.0,299505.0,16.0,1388017.0,27995.0,0.0,12088.0,847.0,90068.0,29154.0,685628.0,65353.0,10.491148,351015.0,14876.0,23.596061,3131694.0,3523229.0,0.309894,28427.154191,103986.0,1185240.0,0.336386,67049.126146,nan,nan,nan,nan,nan,nan,nan,nan,nan,nan,nan,nan,nan,nan,nan,nan,nan,nan,nan,nan,nan,nan,nan,8774099.0,49.448799,90.309284,53262.0,2.0,1682.0,12705660.0
matmult_ampm_cfg01_l1d_ddr4_1x,matmult,ampm,stage1,cfg01,l1d,ddr4_1x,0.001244,1244259162.0,7397871.0,7415194.0,3736514.0,1.979888,1160018.0,2139027.0,5487.0,1080795.0,18735468989.0,16151.015751,397682392.0,72477.199198,8239.0,112.0,2313.0,0.013594,0.000104,5143.0,2163.0,2980.0,0.0,75601.0,42010.0,0.0,2466.0,0.0,2171.0,0.0,nan,nan,nan,nan,nan,nan,nan,nan,nan,nan,nan,nan,nan,nan,nan,nan,842462.0,466368.0,1.806432,0.0,0.0,nan,82536.0,1077482.0,0.503725,15977.055369,nan,5487.0,0.005077,72144.138509,1.52,57.46,0.0,0.0,282333464.5455478,218809720.92854077,282282028.0,218809721.0,501091749.0,19207.0,269.628716,218.655412,29967.49,3332.0,47459.49,108928.0,87544462.86327606,1702.0,63811.84,nan,nan,nan,nan,2106632.0,29.150412,28.726451,658.0,2.0,1810.0,2149334.0
matmult_ampm_cfg01_l1d_ddr4_2x,matmult,ampm,stage1,cfg01,l1d,ddr4_2x,0.001261,1261397007.0,7397885.0,7415209.0,3787979.0,1.952992,1157964.0,2138109.0,5376.0,1080019.0,18841451978.0,16271.189759,308259002.0,57339.844122,9105.0,474.0,2332.0,0.052059,0.00044,6129.0,2824.0,3305.0,0.0,58623.0,26425.0,0.0,1879.0,0.0,2169.0,1.0,nan,nan,nan,nan,nan,nan,nan,nan,nan,nan,nan,nan,nan,nan,nan,nan,876783.0,484693.0,1.808945,0.0,0.0,nan,81138.0,1076826.0,0.503635,16149.991674,nan,5376.0,0.004978,57006.78218,nan,nan,nan,nan,nan,nan,nan,nan,nan,nan,nan,nan,nan,nan,nan,nan,nan,nan,nan,nan,nan,nan,nan,2106633.0,29.420075,26.960043,281.0,2.0,1315.0,2152864.0
matmult_ampm_cfg01_l2_ddr4_1x,matmult,ampm,stage1,cfg01,l2,ddr4_1x,0.001198,1197942192.0,7397871.0,7415194.0,3597424.0,2.056438,1158883.0,2139140.0,1222.0,1077885.0,19117670544.0,16496.635591,78236246.0,64023.114566,nan,nan,nan,nan,nan,nan,nan,nan,nan,nan,nan,nan,nan,nan,nan,nan,24564.0,4244.0,40.0,0.172773,0.856681,19691.0,13432.0,6258.0,1.0,25311.0,1.0,0.0,0.0,746.0,1562.0,1500.0,922858.0,511224.0,1.805193,3803.0,208.0,18.283654,81222.0,1077661.0,0.503782,16373.020071,512.0,710.0,0.000659,84605.301408,2.88,59.22,0.0,0.0,298111213.0325568,228445080.09448257,298004363.0,228445080.0,526449443.0,19207.0,286.945399,228.76563,33632.06,3332.0,51124.06,nan,nan,nan,nan,305920.0,255371254.17484254,4870.0,47764.68,2106632.0,29.837379,26.849508,402.0,2.0,1495.0,2150856.0
matmult_ampm_cfg01_l2_ddr4_2x,matmult,ampm,stage1,cfg01,l2,ddr4_2x,0.001198,1197970830.0,7397871.0,7415194.0,3597510.0,2.056389,1158005.0,2139257.0,1138.0,1077791.0,18996774763.0,16404.743298,69246619.0,60849.401582,nan,nan,nan,nan,nan,nan,nan,nan,nan,nan,nan,nan,nan,nan,nan,nan,25599.0,4307.0,47.0,0.168249,0.861056,20735.0,15194.0,5538.0,3.0,26572.0,1.0,0.0,0.0,972.0,1656.0,1568.0,910201.0,506284.0,1.797807,2414.0,159.0,15.18239,80437.0,1077568.0,0.503711,16304.716294,443.0,695.0,0.000645,76436.582734,nan,nan,nan,nan,nan,nan,nan,nan,nan,nan,nan,nan,nan,nan,nan,nan,nan,nan,nan,nan,nan,nan,nan,2106632.0,29.728194,26.366124,292.0,2.0,1704.0,2152823.0
matmult_ampm_cfg02_l1d_ddr4_1x,matmult,ampm,stage1,cfg02,l1d,ddr4_1x,0.001243,1243265823.0,7397876.0,7415199.0,3733531.0,1.981471,1161260.0,2139193.0,5479.0,1080986.0,18751236006.0,16147.319296,382746904.0,69857.073189,8648.0,33.0,2325.0,0.003816,3.1e-05,5473.0,2494.0,2979.0,0.0,83308.0,47743.0,0.0,2607.0,0.0,2208.0,0.0,nan,nan,nan,nan,nan,nan,nan,nan,nan,nan,nan,nan,nan,nan,nan,nan,848970.0,474944.0,1.787516,0.0,0.0,nan,83666.0,1077594.0,0.503739,16004.411944,nan,5479.0,0.005069,69524.012411,1.51,58.52,0.0,0.0,282147223.47434783,218160907.33156106,282095746.0,218160907.0,500256653.0,19207.0,268.711641,217.954998,27363.2,3332.0,44855.2,119296.0,95953735.55121043,1864.0,62092.57,nan,nan,nan,nan,2106632.0,29.124165,27.774531,524.0,2.0,1289.0,2148183.0
matmult_ampm_cfg02_l1d_ddr4_2x,matmult,ampm,stage1,cfg02,l1d,ddr4_2x,0.001261,1261065672.0,7397871.0,7415194.0,3786984.0,1.953502,1155795.0,2137311.0,5361.0,1079272.0,18657873873.0,16142.892012,323518219.0,60346.617982,8211.0,568.0,2293.0,0.069175,0.000528,5146.0,2505.0,2641.0,0.0,57267.0,26399.0,0.0,2334.0,0.0,2091.0,27.0,nan,nan,nan,nan,nan,nan,nan,nan,nan,nan,nan,nan,nan,nan,nan,nan,858533.0,474906.0,1.807796,0.0,0.0,nan,79805.0,1075990.0,0.503432,16011.655116,nan,5361.0,0.004967,60013.680097,nan,nan,nan,nan,nan,nan,nan,nan,nan,nan,nan,nan,nan,nan,nan,nan,nan,nan,nan,nan,nan,nan,nan,2106632.0,29.186307,27.321741,585.0,2.0,1600.0,2155280.0
matmult_ampm_cfg02_l2_ddr4_1x,matmult,ampm,stage1,cfg02,l2,ddr4_1x,0.001194,1194219918.0,7397871.0,7415194.0,3586246.0,2.062848,1158807.0,2138514.0,1383.0,1077637.0,19064079725.0,16451.470974,82121700.0,59379.392625,nan,nan,nan,nan,nan,nan,nan,nan,nan,nan,nan,nan,nan,nan,nan,nan,25599.0,4086.0,47.0,0.159616,0.853383,20721.0,14164.0,6557.0,0.0,26901.0,1.0,0.0,0.0,1301.0,1735.0,1636.0,909849.0,505993.0,1.798145,4188.0,204.0,20.529412,81394.0,1077413.0,0.503814,16330.199753,681.0,702.0,0.000651,87880.081197,2.83,59.25,0.0,0.0,298879623.9454448,229103530.9963738,299308356.0,229103531.0,528411887.0,19207.0,288.268513,228.674799,35340.18,3332.0,52832.18,nan,nan,nan,nan,306624.0,256756729.1236554,4875.0,49347.33,2106632.0,29.768122,26.598867,399.0,2.0,1586.0,2148827.0
matmult_ampm_cfg02_l2_ddr4_2x,matmult,ampm,stage1,cfg02,l2,ddr4_2x,0.001198,1197788346.0,7397871.0,7415194.0,3596962.0,2.056702,1158310.0,2139201.0,1111.0,1077848.0,18992528599.0,16396.757862,62517717.0,56271.572457,nan,nan,nan,nan,nan,nan,nan,nan,nan,nan,nan,nan,nan,nan,nan,nan,25890.0,4328.0,47.0,0.167169,0.868379,20990.0,15446.0,5543.0,1.0,26874.0,1.0,0.0,0.0,983.0,1719.0,1653.0,905057.0,504494.0,1.79399,2622.0,124.0,21.145161,80685.0,1077625.0,0.503751,16283.036965,455.0,656.0,0.000609,70740.617378,nan,nan,nan,nan,nan,nan,nan,nan,nan,nan,nan,nan,nan,nan,nan,nan,nan,nan,nan,nan,nan,nan,nan,2106632.0,29.720692,26.205532,252.0,2.0,1698.0,2152111.0
matmult_ampm_cfg03_l1d_ddr4_1x,matmult,ampm,stage1,cfg03,l1d,ddr4_1x,0.001244,1244259162.0,7397871.0,7415194.0,3736514.0,1.979888,1160018.0,2139027.0,5487.0,1080795.0,18735468989.0,16151.015751,397682392.0,72477.199198,8239.0,112.0,2313.0,0.013594,0.000104,5143.0,2163.0,2980.0,0.0,75601.0,42010.0,0.0,2466.0,0.0,2171.0,0.0,nan,nan,nan,nan,nan,nan,nan,nan,nan,nan,nan,nan,nan,nan,nan,nan,842462.0,466368.0,1.806432,0.0,0.0,nan,82536.0,1077482.0,0.503725,15977.055369,nan,5487.0,0.005077,72144.138509,1.52,57.46,0.0,0.0,282333464.5455478,218809720.92854077,282282028.0,218809721.0,501091749.0,19207.0,269.628716,218.655412,29967.49,3332.0,47459.49,108928.0,87544462.86327606,1702.0,63811.84,nan,nan,nan,nan,2106632.0,29.150412,28.726451,658.0,2.0,1810.0,2149334.0
matmult_ampm_cfg03_l1d_ddr4_2x,matmult,ampm,stage1,cfg03,l1d,ddr4_2x,0.001261,1261397007.0,7397885.0,7415209.0,3787979.0,1.952992,1157964.0,2138109.0,5376.0,1080019.0,18841451978.0,16271.189759,308259002.0,57339.844122,9105.0,474.0,2332.0,0.052059,0.00044,6129.0,2824.0,3305.0,0.0,58623.0,26425.0,0.0,1879.0,0.0,2169.0,1.0,nan,nan,nan,nan,nan,nan,nan,nan,nan,nan,nan,nan,nan,nan,nan,nan,876783.0,484693.0,1.808945,0.0,0.0,nan,81138.0,1076826.0,0.503635,16149.991674,nan,5376.0,0.004978,57006.78218,nan,nan,nan,nan,nan,nan,nan,nan,nan,nan,nan,nan,nan,nan,nan,nan,nan,nan,nan,nan,nan,nan,nan,2106633.0,29.420075,26.960043,281.0,2.0,1315.0,2152864.0
matmult_ampm_cfg03_l2_ddr4_1x,matmult,ampm,stage1,cfg03,l2,ddr4_1x,0.001201,1201395735.0,7397871.0,7415194.0,3607795.0,2.050527,1160661.0,2139390.0,1483.0,1078170.0,19173527812.0,16519.490025,87530620.0,59022.670263,nan,nan,nan,nan,nan,nan,nan,nan,nan,nan,nan,nan,nan,nan,nan,nan,24547.0,3978.0,40.0,0.162056,0.848007,19684.0,13220.0,6462.0,2.0,25265.0,1.0,0.0,0.0,717.0,1558.0,1500.0,936250.0,515962.0,1.814572,3561.0,190.0,18.742105,82713.0,1077948.0,0.503858,16406.404289,770.0,713.0,0.000661,86540.635344,2.85,59.05,0.0,0.0,296881360.24554807,227415490.200654,296721546.0,227415490.0,524137036.0,19207.0,286.227086,227.095862,38120.41,3332.0,55612.41,nan,nan,nan,nan,305536.0,254317533.4312303,4860.0,52531.06,2106632.0,29.922569,27.268141,461.0,2.0,1812.0,2150989.0
matmult_ampm_cfg03_l2_ddr4_2x,matmult,ampm,stage1,cfg03,l2,ddr4_2x,0.001199,1199125341.0,7397871.0,7415194.0,3600977.0,2.054409,1159029.0,2139969.0,1141.0,1078423.0,18991586534.0,16385.773379,65902627.0,57758.656442,nan,nan,nan,nan,nan,nan,nan,nan,nan,nan,nan,nan,nan,nan,nan,nan,25509.0,4281.0,47.0,0.167823,0.862757,20658.0,15076.0,5579.0,3.0,26467.0,1.0,0.0,0.0,957.0,1646.0,1574.0,907231.0,506445.0,1.791371,3036.0,164.0,18.512195,80829.0,1078200.0,0.503839,16278.146497,460.0,681.0,0.000631,69240.424376,nan,nan,nan,nan,nan,nan,nan,nan,nan,nan,nan,nan,nan,nan,nan,nan,nan,nan,nan,nan,nan,nan,nan,2106632.0,29.724688,26.397875,331.0,2.0,1264.0,2153081.0
matmult_ampm_cfg04_l1d_ddr4_1x,matmult,ampm,stage1,cfg04,l1d,ddr4_1x,0.001243,1243265823.0,7397876.0,7415199.0,3733531.0,1.981471,1161260.0,2139193.0,5479.0,1080986.0,18751236006.0,16147.319296,382746904.0,69857.073189,8648.0,33.0,2325.0,0.003816,3.1e-05,5473.0,2494.0,2979.0,0.0,83308.0,47743.0,0.0,2607.0,0.0,2208.0,0.0,nan,nan,nan,nan,nan,nan,nan,nan,nan,nan,nan,nan,nan,nan,nan,nan,848970.0,474944.0,1.787516,0.0,0.0,nan,83666.0,1077594.0,0.503739,16004.411944,nan,5479.0,0.005069,69524.012411,1.51,58.52,0.0,0.0,282147223.47434783,218160907.33156106,282095746.0,218160907.0,500256653.0,19207.0,268.711641,217.954998,27363.2,3332.0,44855.2,119296.0,95953735.55121043,1864.0,62092.57,nan,nan,nan,nan,2106632.0,29.124165,27.774531,524.0,2.0,1289.0,2148183.0
matmult_ampm_cfg04_l1d_ddr4_2x,matmult,ampm,stage1,cfg04,l1d,ddr4_2x,0.001261,1261065672.0,7397871.0,7415194.0,3786984.0,1.953502,1155795.0,2137311.0,5361.0,1079272.0,18657873873.0,16142.892012,323518219.0,60346.617982,8211.0,568.0,2293.0,0.069175,0.000528,5146.0,2505.0,2641.0,0.0,57267.0,26399.0,0.0,2334.0,0.0,2091.0,27.0,nan,nan,nan,nan,nan,nan,nan,nan,nan,nan,nan,nan,nan,nan,nan,nan,858533.0,474906.0,1.807796,0.0,0.0,nan,79805.0,1075990.0,0.503432,16011.655116,nan,5361.0,0.004967,60013.680097,nan,nan,nan,nan,nan,nan,nan,nan,nan,nan,nan,nan,nan,nan,nan,nan,nan,nan,nan,nan,nan,nan,nan,2106632.0,29.186307,27.321741,585.0,2.0,1600.0,2155280.0
matmult_ampm_cfg04_l2_ddr4_1x,matmult,ampm,stage1,cfg04,l2,ddr4_1x,0.001193,1192849956.0,7397876.0,7415199.0,3582132.0,2.065218,1159849.0,2139478.0,1411.0,1078318.0,18977845120.0,16362.341236,83037777.0,58850.302622,nan,nan,nan,nan,nan,nan,nan,nan,nan,nan,nan,nan,nan,nan,nan,nan,25826.0,4060.0,47.0,0.157206,0.849017,20966.0,14419.0,6547.0,0.0,26931.0,1.0,0.0,0.0,1104.0,1725.0,1638.0,892026.0,500551.0,1.782088,4604.0,214.0,21.514019,81755.0,1078094.0,0.503905,16257.078533,689.0,722.0,0.00067,87396.677285,2.95,59.19,0.0,0.0,299330186.6710217,229420304.39241597,299813064.0,229420304.0,529233368.0,19207.0,287.311911,228.830121,35095.35,3332.0,52587.35,nan,nan,nan,nan,304064.0,254905487.87847716,4857.0,48813.78,2106632.0,29.644802,26.360266,408.0,2.0,1587.0,2149718.0
matmult_ampm_cfg04_l2_ddr4_2x,matmult,ampm,stage1,cfg04,l2,ddr4_2x,0.001198,1198145322.0,7397876.0,7415199.0,3598034.0,2.056091,1158063.0,2139315.0,1112.0,1077844.0,18975825324.0,16385.831621,65451436.0,58859.205036,nan,nan,nan,nan,nan,nan,nan,nan,nan,nan,nan,nan,nan,nan,nan,nan,25982.0,4322.0,47.0,0.166346,0.86822,21089.0,15525.0,5560.0,4.0,26849.0,1.0,0.0,0.0,866.0,1725.0,1654.0,903709.0,503067.0,1.796399,2126.0,140.0,15.185714,80442.0,1077621.0,0.503722,16274.388775,456.0,656.0,0.000609,74507.155488,nan,nan,nan,nan,nan,nan,nan,nan,nan,nan,nan,nan,nan,nan,nan,nan,nan,nan,nan,nan,nan,nan,nan,2106632.0,29.710068,26.218405,235.0,2.0,1665.0,2153271.0
matmult_ampm_cfg05_l1d_ddr4_1x,matmult,ampm,stage1,cfg05,l1d,ddr4_1x,0.001256,1256062347.0,7397876.0,7415199.0,3771959.0,1.961285,1159816.0,2138317.0,5496.0,1080569.0,18812168516.0,16219.959473,427228455.0,77734.435044,9486.0,141.0,2380.0,0.014864,0.000131,5564.0,1896.0,3668.0,0.0,92134.0,41023.0,0.0,19113.0,0.0,7951.0,0.0,nan,nan,nan,nan,nan,nan,nan,nan,nan,nan,nan,nan,nan,nan,nan,nan,850389.0,476358.0,1.785189,0.0,0.0,nan,83386.0,1076430.0,0.503401,16012.737766,nan,5496.0,0.005086,77401.374454,1.51,58.49,0.0,0.0,280138960.33140147,217161194.78581902,280088007.0,217161195.0,497249202.0,19207.0,267.604551,216.651666,35477.23,3332.0,52969.23,109184.0,86925621.37602235,1706.0,73433.16,nan,nan,nan,nan,2106632.0,29.259147,30.235282,884.0,2.0,1504.0,2147275.0
matmult_ampm_cfg05_l1d_ddr4_2x,matmult,ampm,stage1,cfg05,l1d,ddr4_2x,0.001261,1261164240.0,7397871.0,7415194.0,3787280.0,1.953349,1156415.0,2137889.0,5383.0,1079498.0,18546852285.0,16038.232196,321953295.0,59809.268995,9291.0,599.0,2461.0,0.064471,0.000557,5361.0,2517.0,2844.0,0.0,72455.0,26146.0,0.0,16875.0,0.0,7266.0,21.0,nan,nan,nan,nan,nan,nan,nan,nan,nan,nan,nan,nan,nan,nan,nan,nan,847371.0,470662.0,1.800381,0.0,0.0,nan,81064.0,1075351.0,0.502997,15912.313051,nan,5383.0,0.004987,59476.207134,nan,nan,nan,nan,nan,nan,nan,nan,nan,nan,nan,nan,nan,nan,nan,nan,nan,nan,nan,nan,nan,nan,nan,2106632.0,29.116256,27.286938,412.0,2.0,1565.0,2158064.0
matmult_ampm_cfg05_l2_ddr4_1x,matmult,ampm,stage1,cfg05,l2,ddr4_1x,0.001195,1195086717.0,7397876.0,7415199.0,3588849.0,2.061353,1159375.0,2139406.0,1207.0,1078466.0,19131014049.0,16501.144193,72628554.0,60172.787075,nan,nan,nan,nan,nan,nan,nan,nan,nan,nan,nan,nan,nan,nan,nan,nan,24620.0,4275.0,40.0,0.173639,0.859988,19717.0,13401.0,6312.0,4.0,25349.0,1.0,0.0,0.0,728.0,1563.0,1515.0,923480.0,510462.0,1.809106,3087.0,198.0,15.590909,81133.0,1078242.0,0.503991,16369.005157,511.0,696.0,0.000645,76527.689655,2.89,59.23,0.0,3.0,299680345.2882825,229847755.8930144,299573240.0,229847756.0,529420996.0,19207.0,287.845221,230.115519,32382.83,3332.0,49874.83,nan,nan,nan,nan,307520.0,257320239.29774794,4900.0,47438.3,2106632.0,29.826197,26.518667,336.0,2.0,1638.0,2148640.0
matmult_ampm_cfg05_l2_ddr4_2x,matmult,ampm,stage1,cfg05,l2,ddr4_2x,0.001198,1198359774.0,7397876.0,7415199.0,3598678.0,2.055723,1158819.0,2138689.0,1076.0,1077595.0,19068350628.0,16454.986178,63906991.0,59393.114312,nan,nan,nan,nan,nan,nan,nan,nan,nan,nan,nan,nan,nan,nan,nan,nan,25684.0,4348.0,48.0,0.169288,0.873268,20778.0,15104.0,5672.0,2.0,26497.0,1.0,0.0,0.0,812.0,1651.0,1587.0,913566.0,507545.0,1.79997,2517.0,121.0,20.801653,81447.0,1077372.0,0.503753,16360.036627,445.0,631.0,0.000586,76146.643423,nan,nan,nan,nan,nan,nan,nan,nan,nan,nan,nan,nan,nan,nan,nan,nan,nan,nan,nan,nan,nan,nan,nan,2106632.0,29.840365,26.662511,314.0,2.0,1582.0,2151418.0
matmult_ampm_cfg06_l1d_ddr4_1x,matmult,ampm,stage1,cfg06,l1d,ddr4_1x,0.001243,1242980775.0,7397871.0,7415194.0,3732675.0,1.981924,1160153.0,2138761.0,5469.0,1080547.0,18690322663.0,16110.222241,389556850.0,71229.996343,9115.0,155.0,2341.0,0.017005,0.000144,5682.0,2796.0,2886.0,0.0,84770.0,41060.0,0.0,11326.0,0.0,5261.0,29.0,nan,nan,nan,nan,nan,nan,nan,nan,nan,nan,nan,nan,nan,nan,nan,nan,833960.0,468432.0,1.780322,0.0,0.0,nan,83256.0,1076897.0,0.503514,15956.526387,nan,5469.0,0.005061,70896.935454,1.54,57.43,0.0,0.0,281697035.90146035,217696046.02291617,281645547.0,217696046.0,499341593.0,19207.0,269.442623,217.696046,28574.67,3332.0,46066.67,109376.0,87994924.94161867,1709.0,61767.31,nan,nan,nan,nan,2106632.0,29.137798,28.297264,572.0,2.0,1665.0,2150105.0
matmult_ampm_cfg06_l1d_ddr4_2x,matmult,ampm,stage1,cfg06,l1d,ddr4_2x,0.001259,1258976430.0,7397871.0,7415194.0,3780710.0,1.956744,1156834.0,2137624.0,5374.0,1079572.0,18760407342.0,16217.026247,327523958.0,60946.028656,8363.0,604.0,2333.0,0.072223,0.000561,5165.0,2355.0,2810.0,0.0,57810.0,25840.0,0.0,3282.0,0.0,2574.0,0.0,nan,nan,nan,nan,nan,nan,nan,nan,nan,nan,nan,nan,nan,nan,nan,nan,858771.0,476397.0,1.802637,0.0,0.0,nan,80676.0,1076158.0,0.503437,16064.171457,nan,5374.0,0.004978,60612.966691,nan,nan,nan,nan,nan,nan,nan,nan,nan,nan,nan,nan,nan,nan,nan,nan,nan,nan,nan,nan,nan,nan,nan,2106632.0,29.327082,27.39846,756.0,2.0,1276.0,2153626.0
matmult_ampm_cfg06_l2_ddr4_1x,matmult,ampm,stage1,cfg06,l2,ddr4_1x,0.001194,1194435702.0,7397876.0,7415199.0,3586894.0,2.062477,1159329.0,2139241.0,1383.0,1078155.0,19022511398.0,16408.208022,81659178.0,59044.958785,nan,nan,nan,nan,nan,nan,nan,nan,nan,nan,nan,nan,nan,nan,nan,nan,25651.0,4084.0,46.0,0.159214,0.849771,20795.0,14371.0,6423.0,1.0,26947.0,1.0,0.0,0.0,1295.0,1727.0,1646.0,901037.0,501163.0,1.797892,4662.0,203.0,22.965517,81398.0,1077931.0,0.503885,16296.247479,661.0,722.0,0.00067,86511.166205,2.78,59.24,0.0,0.0,298718465.46663254,229008559.89316368,299147120.0,229008560.0,528155680.0,19207.0,288.216435,228.526324,35021.56,3332.0,52513.56,nan,nan,nan,nan,306048.0,256228107.9572084,4853.0,49148.5,2106632.0,29.706953,26.188855,298.0,2.0,1727.0,2150574.0
matmult_ampm_cfg06_l2_ddr4_2x,matmult,ampm,stage1,cfg06,l2,ddr4_2x,0.001199,1198836630.0,7397871.0,7415194.0,3600110.0,2.054904,1158273.0,2139321.0,1138.0,1078101.0,18974915106.0,16382.074956,70897311.0,62299.921793,nan,nan,nan,nan,nan,nan,nan,nan,nan,nan,nan,nan,nan,nan,nan,nan,25872.0,4296.0,47.0,0.166048,0.861958,21012.0,15475.0,5534.0,3.0,26887.0,1.0,0.0,0.0,1014.0,1725.0,1640.0,897994.0,503942.0,1.781939,2347.0,163.0,14.398773,80395.0,1077878.0,0.503841,16277.44941,450.0,688.0,0.000638,76970.354651,nan,nan,nan,nan,nan,nan,nan,nan,nan,nan,nan,nan,nan,nan,nan,nan,nan,nan,nan,nan,nan,nan,nan,2106632.0,29.699405,26.785021,311.0,2.0,1557.0,2154026.0
matmult_ampm_cfg07_l1d_ddr4_1x,matmult,ampm,stage1,cfg07,l1d,ddr4_1x,0.001247,1246944807.0,7397876.0,7415199.0,3744579.0,1.975625,1159447.0,2138937.0,5421.0,1080699.0,18846435271.0,16254.675954,399417733.0,73679.714628,9293.0,220.0,2531.0,0.023674,0.000204,5409.0,2464.0,2945.0,0.0,86684.0,40672.0,0.0,14071.0,0.0,6293.0,21.0,nan,nan,nan,nan,nan,nan,nan,nan,nan,nan,nan,nan,nan,nan,nan,nan,863043.0,471251.0,1.831387,0.0,0.0,nan,82849.0,1076598.0,0.503333,16071.479608,nan,5421.0,0.005016,73346.653201,1.53,57.41,0.0,0.0,278337900.80493915,214899647.92002216,278286575.0,214899648.0,493186223.0,19207.0,267.86751,214.181092,30830.6,3332.0,48322.6,109056.0,87458562.22969137,1704.0,66668.32,nan,nan,nan,nan,2106632.0,29.282086,29.140094,653.0,2.0,1704.0,2148590.0
matmult_ampm_cfg07_l1d_ddr4_2x,matmult,ampm,stage1,cfg07,l1d,ddr4_2x,0.001266,1265558508.0,7397871.0,7415194.0,3800476.0,1.946567,1156634.0,2137720.0,5338.0,1079842.0,18726089164.0,16190.159691,337658088.0,63255.5429,9155.0,535.0,2517.0,0.058438,0.000497,5294.0,2109.0,3183.0,2.0,69681.0,27304.0,0.0,12609.0,0.0,5857.0,2.0,nan,nan,nan,nan,nan,nan,nan,nan,nan,nan,nan,nan,nan,nan,nan,nan,851197.0,473865.0,1.796286,0.0,0.0,nan,80869.0,1075765.0,0.50323,16052.622469,nan,5338.0,0.004943,62922.480517,nan,nan,nan,nan,nan,nan,nan,nan,nan,nan,nan,nan,nan,nan,nan,nan,nan,nan,nan,nan,nan,nan,nan,2106632.0,29.392651,27.442184,450.0,2.0,1606.0,2152876.0
matmult_ampm_cfg07_l2_ddr4_1x,matmult,ampm,stage1,cfg07,l2,ddr4_1x,0.001198,1198162971.0,7397885.0,7415209.0,3598087.0,2.056063,1159453.0,2139296.0,1349.0,1077998.0,19083675096.0,16459.205415,73538992.0,54513.707932,nan,nan,nan,nan,nan,nan,nan,nan,nan,nan,nan,nan,nan,nan,nan,nan,24644.0,4114.0,40.0,0.166937,0.867749,19691.0,13251.0,6438.0,2.0,25270.0,1.0,0.0,0.0,625.0,1558.0,1522.0,915207.0,510098.0,1.794179,3585.0,152.0,23.585526,81679.0,1077774.0,0.503798,16333.122397,722.0,627.0,0.000582,80546.068581,2.92,59.37,0.0,0.0,297896036.3815149,228242740.44436315,297789206.0,228242740.0,526031947.0,19207.0,288.281318,228.13591,34714.94,3332.0,52206.94,nan,nan,nan,nan,310464.0,259116670.69871414,4950.0,49987.05,2106633.0,29.777796,26.499228,333.0,2.0,1714.0,2151048.0
matmult_ampm_cfg07_l2_ddr4_2x,matmult,ampm,stage1,cfg07,l2,ddr4_2x,0.001197,1197324477.0,7397876.0,7415199.0,3595569.0,2.0575,1158075.0,2139320.0,1107.0,1077848.0,18974722761.0,16384.709765,60702194.0,54834.863595,nan,nan,nan,nan,nan,nan,nan,nan,nan,nan,nan,nan,nan,nan,nan,nan,25706.0,4329.0,47.0,0.168404,0.869626,20809.0,15254.0,5551.0,4.0,26527.0,1.0,0.0,0.0,820.0,1660.0,1588.0,904776.0,503102.0,1.798395,2933.0,140.0,20.95,80450.0,1077625.0,0.503723,16274.733481,458.0,649.0,0.000602,68176.681048,nan,nan,nan,nan,nan,nan,nan,nan,nan,nan,nan,nan,nan,nan,nan,nan,nan,nan,nan,nan,nan,nan,nan,2106632.0,29.711373,26.18725,251.0,2.0,1367.0,2153280.0
matmult_ampm_cfg08_l1d_ddr4_1x,matmult,ampm,stage1,cfg08,l1d,ddr4_1x,0.001262,1262270133.0,7397871.0,7415194.0,3790601.0,1.951638,1159650.0,2138350.0,5375.0,1080158.0,18654807704.0,16086.58449,392227674.0,72972.590512,8796.0,148.0,2485.0,0.016826,0.000137,5150.0,2247.0,2903.0,0.0,81385.0,43606.0,0.0,6636.0,0.0,3733.0,21.0,nan,nan,nan,nan,nan,nan,nan,nan,nan,nan,nan,nan,nan,nan,nan,nan,833986.0,472475.0,1.765143,0.0,0.0,nan,83355.0,1076295.0,0.50333,15930.884276,nan,5375.0,0.004976,72639.528558,1.47,58.15,0.0,0.0,272626271.51140875,209552609.29080385,272575569.0,209552609.0,482128179.0,19207.0,263.34775,209.197693,29883.44,3332.0,47375.44,118080.0,93545745.01367848,1845.0,61356.34,nan,nan,nan,nan,2106632.0,29.166823,27.819527,918.0,2.0,1710.0,2152899.0
matmult_ampm_cfg08_l1d_ddr4_2x,matmult,ampm,stage1,cfg08,l1d,ddr4_2x,0.001261,1261321749.0,7397876.0,7415199.0,3787753.0,1.953106,1156843.0,2138956.0,5347.0,1080641.0,18680402301.0,16147.742002,347868648.0,65058.658687,8516.0,538.0,2513.0,0.063175,0.000499,4984.0,2460.0,2524.0,0.0,63868.0,25898.0,0.0,9066.0,0.0,4638.0,19.0,nan,nan,nan,nan,nan,nan,nan,nan,nan,nan,nan,nan,nan,nan,nan,nan,841169.0,472871.0,1.778855,0.0,0.0,nan,79951.0,1076892.0,0.503466,15982.935908,nan,5347.0,0.004948,64725.596409,nan,nan,nan,nan,nan,nan,nan,nan,nan,nan,nan,nan,nan,nan,nan,nan,nan,nan,nan,nan,nan,nan,nan,2106632.0,29.216937,28.005176,1024.0,2.0,1312.0,2157290.0
matmult_ampm_cfg08_l2_ddr4_1x,matmult,ampm,stage1,cfg08,l2,ddr4_1x,0.001194,1194376095.0,7397876.0,7415199.0,3586715.0,2.06258,1158535.0,2138939.0,1363.0,1077783.0,18983665936.0,16385.923547,72816046.0,53423.364637,nan,nan,nan,nan,nan,nan,nan,nan,nan,nan,nan,nan,nan,nan,nan,nan,25820.0,4108.0,48.0,0.159101,0.858516,20914.0,14440.0,6473.0,1.0,26943.0,1.0,0.0,0.0,1122.0,1723.0,1656.0,908100.0,502546.0,1.806999,3480.0,163.0,21.349693,80976.0,1077559.0,0.503782,16280.977163,686.0,677.0,0.000628,80007.949778,2.93,59.23,0.0,0.0,299001295.7350758,228644897.6526108,298840542.0,228644898.0,527485440.0,19207.0,287.909312,228.91282,34159.25,3332.0,51651.25,nan,nan,nan,nan,307968.0,257848429.22530192,4903.0,49062.62,2106632.0,29.668374,26.210903,341.0,2.0,1418.0,2150019.0
matmult_ampm_cfg08_l2_ddr4_2x,matmult,ampm,stage1,cfg08,l2,ddr4_2x,0.001201,1200948183.0,7397876.0,7415199.0,3606451.0,2.051292,1159347.0,2138609.0,1152.0,1077685.0,19052020988.0,16433.406899,66811368.0,57995.979167,nan,nan,nan,nan,nan,nan,nan,nan,nan,nan,nan,nan,nan,nan,nan,nan,25708.0,4267.0,47.0,0.165979,0.859936,20875.0,15121.0,5752.0,2.0,26780.0,1.0,0.0,0.0,1071.0,1711.0,1632.0,924523.0,514752.0,1.796055,2826.0,181.0,15.61326,81885.0,1077462.0,0.503814,16349.080402,457.0,695.0,0.000645,71258.520863,nan,nan,nan,nan,nan,nan,nan,nan,nan,nan,nan,nan,nan,nan,nan,nan,nan,nan,nan,nan,nan,nan,nan,2106632.0,29.836151,26.552037,314.0,2.0,1475.0,2151593.0
matmult_ampm_cfg17_l2_ddr4_1x,matmult,ampm,stage1,cfg17,l2,ddr4_1x,0.001192,1192378428.0,7397871.0,7415194.0,3580716.0,2.066034,1160590.0,2138854.0,904.0,1077852.0,18962458984.0,16338.637231,67687499.0,74875.551991,nan,nan,nan,nan,nan,nan,nan,nan,nan,nan,nan,nan,nan,nan,nan,nan,31767.0,4585.0,40.0,0.144332,0.869194,26842.0,19580.0,7260.0,2.0,32492.0,1.0,0.0,0.0,724.0,2284.0,2217.0,876367.0,498450.0,1.758184,3187.0,177.0,18.00565,82963.0,1077627.0,0.503834,16230.286118,214.0,690.0,0.00064,79878.381159,1.84,57.73,0.0,0.0,301219807.0393135,231174930.3133149,301488178.0,231174930.0,532663109.0,19207.0,288.767385,231.121256,32709.24,3332.0,50201.24,nan,nan,nan,nan,308096.0,258387767.47812817,4922.0,47247.76,2106632.0,29.598355,26.472469,586.0,2.0,1491.0,2148288.0
matmult_ampm_cfg17_l2_ddr4_2x,matmult,ampm,stage1,cfg17,l2,ddr4_2x,0.001197,1196570565.0,7397876.0,7415199.0,3593305.0,2.058797,1159170.0,2138621.0,798.0,1077571.0,19015621948.0,16404.515255,54621611.0,68448.134085,nan,nan,nan,nan,nan,nan,nan,nan,nan,nan,nan,nan,nan,nan,nan,nan,32994.0,4644.0,49.0,0.140753,0.873918,28107.0,21237.0,6867.0,3.0,33875.0,1.0,0.0,0.0,880.0,2407.0,2335.0,919658.0,511929.0,1.796456,3029.0,134.0,22.604478,81823.0,1077347.0,0.503758,16331.629116,128.0,670.0,0.000622,72900.589552,nan,nan,nan,nan,nan,nan,nan,nan,nan,nan,nan,nan,nan,nan,nan,nan,nan,nan,nan,nan,nan,nan,nan,2106632.0,29.811724,25.991181,299.0,2.0,1416.0,2153473.0
matmult_ampm_cfg18_l2_ddr4_1x,matmult,ampm,stage1,cfg18,l2,ddr4_1x,0.001189,1188920889.0,7397871.0,7415194.0,3570333.0,2.072042,1159537.0,2139038.0,880.0,1077983.0,18894834611.0,16295.154541,67419734.0,76613.334091,nan,nan,nan,nan,nan,nan,nan,nan,nan,nan,nan,nan,nan,nan,nan,nan,33740.0,4614.0,47.0,0.136752,0.859698,28883.0,21473.0,7409.0,1.0,35161.0,5.0,0.0,0.0,1416.0,2507.0,2415.0,857213.0,486114.0,1.763399,4363.0,227.0,19.220264,81779.0,1077758.0,0.503852,16205.490395,127.0,753.0,0.000699,78486.138114,1.84,58.08,0.0,0.0,301826642.3948751,231039762.64647833,301665151.0,231039763.0,532704914.0,19207.0,289.068855,231.093593,32216.47,3332.0,49708.47,nan,nan,nan,nan,304512.0,256124694.93754518,4854.0,46740.95,2106632.0,29.487323,25.933021,596.0,2.0,1404.0,2148214.0
matmult_ampm_cfg18_l2_ddr4_2x,matmult,ampm,stage1,cfg18,l2,ddr4_2x,0.001197,1196887581.0,7397876.0,7415199.0,3594257.0,2.058252,1159150.0,2138622.0,793.0,1077570.0,19019216016.0,16407.898905,55914320.0,70509.861286,nan,nan,nan,nan,nan,nan,nan,nan,nan,nan,nan,nan,nan,nan,nan,nan,33796.0,4648.0,49.0,0.137531,0.87533,28901.0,21928.0,6969.0,4.0,34844.0,2.0,0.0,0.0,1046.0,2524.0,2456.0,919365.0,511847.0,1.796172,3022.0,121.0,24.975207,81804.0,1077346.0,0.503757,16331.103052,131.0,662.0,0.000614,73424.422961,nan,nan,nan,nan,nan,nan,nan,nan,nan,nan,nan,nan,nan,nan,nan,nan,nan,nan,nan,nan,nan,nan,nan,2106632.0,29.816848,26.061622,258.0,2.0,1322.0,2153455.0
matmult_ampm_cfg19_l2_ddr4_1x,matmult,ampm,stage1,cfg19,l2,ddr4_1x,0.00119,1189743732.0,7397876.0,7415199.0,3572804.0,2.07061,1159243.0,2138709.0,885.0,1077710.0,18973917092.0,16367.506288,64433440.0,72806.146893,nan,nan,nan,nan,nan,nan,nan,nan,nan,nan,nan,nan,nan,nan,nan,nan,31796.0,4604.0,40.0,0.144798,0.871145,26862.0,19510.0,7348.0,4.0,32459.0,1.0,0.0,0.0,662.0,2287.0,2217.0,881349.0,495966.0,1.777035,2633.0,165.0,15.957576,81758.0,1077485.0,0.503802,16265.752952,204.0,681.0,0.000632,78471.041116,1.87,58.91,0.0,0.0,301886860.45542455,231686868.8491649,302155826.0,231686869.0,533842695.0,19207.0,288.868931,231.471696,33062.39,3332.0,50554.39,nan,nan,nan,nan,308224.0,259067555.23045698,4931.0,47724.89,2106632.0,29.599593,26.054105,523.0,2.0,1540.0,2148230.0
matmult_ampm_cfg19_l2_ddr4_2x,matmult,ampm,stage1,cfg19,l2,ddr4_2x,0.001197,1196691777.0,7397876.0,7415199.0,3593669.0,2.058588,1159192.0,2138496.0,820.0,1077448.0,19080719199.0,16460.361354,55436446.0,67605.421951,nan,nan,nan,nan,nan,nan,nan,nan,nan,nan,nan,nan,nan,nan,nan,nan,33028.0,4631.0,49.0,0.140214,0.873115,28135.0,21186.0,6946.0,3.0,33982.0,1.0,0.0,0.0,953.0,2412.0,2326.0,930167.0,515638.0,1.803915,2963.0,152.0,19.493421,81968.0,1077224.0,0.50373,16370.234253,147.0,673.0,0.000625,72264.86627,nan,nan,nan,nan,nan,nan,nan,nan,nan,nan,nan,nan,nan,nan,nan,nan,nan,nan,nan,nan,nan,nan,nan,2106632.0,29.90345,26.008104,356.0,2.0,1576.0,2152058.0
matmult_ampm_cfg20_l2_ddr4_1x,matmult,ampm,stage1,cfg20,l2,ddr4_1x,0.001189,1188929547.0,7397871.0,7415194.0,3570359.0,2.072027,1158904.0,2138903.0,826.0,1077983.0,18954290830.0,16355.358882,68045788.0,82379.88862,nan,nan,nan,nan,nan,nan,nan,nan,nan,nan,nan,nan,nan,nan,nan,nan,33851.0,4664.0,47.0,0.13778,0.869825,28943.0,21540.0,7401.0,2.0,35039.0,4.0,0.0,0.0,1184.0,2534.0,2453.0,871163.0,491233.0,1.773421,3411.0,191.0,17.858639,81146.0,1077758.0,0.503884,16254.785151,128.0,698.0,0.000648,85062.753582,1.85,58.14,0.0,0.0,301609124.6994638,230822760.43392837,301447635.0,230822760.0,532270395.0,19207.0,288.74377,230.87659,31445.18,3332.0,48937.18,nan,nan,nan,nan,306368.0,257683897.90046996,4905.0,45029.58,2106632.0,29.543884,26.078806,605.0,2.0,1503.0,2148084.0
matmult_ampm_cfg20_l2_ddr4_2x,matmult,ampm,stage1,cfg20,l2,ddr4_2x,0.001197,1196615853.0,7397876.0,7415199.0,3593441.0,2.058719,1159575.0,2138751.0,791.0,1077827.0,19130758314.0,16498.077584,54150728.0,68458.5689,nan,nan,nan,nan,nan,nan,nan,nan,nan,nan,nan,nan,nan,nan,nan,nan,33825.0,4661.0,49.0,0.137797,0.87203,28941.0,22079.0,6860.0,2.0,34997.0,3.0,0.0,0.0,1169.0,2534.0,2454.0,939556.0,520248.0,1.805977,2667.0,153.0,17.431373,81973.0,1077602.0,0.503846,16418.333928,107.0,684.0,0.000635,71556.928363,nan,nan,nan,nan,nan,nan,nan,nan,nan,nan,nan,nan,nan,nan,nan,nan,nan,nan,nan,nan,nan,nan,nan,2106632.0,29.94204,25.878689,322.0,2.0,1558.0,2150263.0
matmult_ampm_cfg21_l2_ddr4_1x,matmult,ampm,stage1,cfg21,l2,ddr4_1x,0.001192,1192378428.0,7397871.0,7415194.0,3580716.0,2.066034,1160590.0,2138854.0,904.0,1077852.0,18962458984.0,16338.637231,67687499.0,74875.551991,nan,nan,nan,nan,nan,nan,nan,nan,nan,nan,nan,nan,nan,nan,nan,nan,31767.0,4585.0,40.0,0.144332,0.869194,26842.0,19580.0,7260.0,2.0,32492.0,1.0,0.0,0.0,724.0,2284.0,2217.0,876367.0,498450.0,1.758184,3187.0,177.0,18.00565,82963.0,1077627.0,0.503834,16230.286118,214.0,690.0,0.00064,79878.381159,1.84,57.73,0.0,0.0,301219807.0393135,231174930.3133149,301488178.0,231174930.0,532663109.0,19207.0,288.767385,231.121256,32709.24,3332.0,50201.24,nan,nan,nan,nan,308096.0,258387767.47812817,4922.0,47247.76,2106632.0,29.598355,26.472469,586.0,2.0,1491.0,2148288.0
matmult_ampm_cfg21_l2_ddr4_2x,matmult,ampm,stage1,cfg21,l2,ddr4_2x,0.001197,1196570565.0,7397876.0,7415199.0,3593305.0,2.058797,1159170.0,2138621.0,798.0,1077571.0,19015621948.0,16404.515255,54621611.0,68448.134085,nan,nan,nan,nan,nan,nan,nan,nan,nan,nan,nan,nan,nan,nan,nan,nan,32998.0,4644.0,49.0,0.140736,0.873918,28111.0,21241.0,6867.0,3.0,33879.0,1.0,0.0,0.0,880.0,2407.0,2335.0,919658.0,511929.0,1.796456,3029.0,134.0,22.604478,81823.0,1077347.0,0.503758,16331.629116,128.0,670.0,0.000622,72900.589552,nan,nan,nan,nan,nan,nan,nan,nan,nan,nan,nan,nan,nan,nan,nan,nan,nan,nan,nan,nan,nan,nan,nan,2106632.0,29.811724,25.991181,299.0,2.0,1416.0,2153473.0
matmult_ampm_cfg22_l2_ddr4_1x,matmult,ampm,stage1,cfg22,l2,ddr4_1x,0.00119,1189602207.0,7397871.0,7415194.0,3572379.0,2.070855,1160273.0,2139418.0,880.0,1078232.0,19020222180.0,16392.885278,66987834.0,76122.538636,nan,nan,nan,nan,nan,nan,nan,nan,nan,nan,nan,nan,nan,nan,nan,nan,33597.0,4595.0,47.0,0.136768,0.858237,28768.0,21271.0,7496.0,1.0,35107.0,5.0,0.0,0.0,1505.0,2492.0,2412.0,891444.0,500958.0,1.779479,4329.0,225.0,19.24,82264.0,1078009.0,0.50388,16316.078374,121.0,759.0,0.000704,79359.588933,1.86,59.28,0.0,0.0,300470189.0234473,229777650.3704822,300308791.0,229777650.0,530086441.0,19207.0,289.65649,229.83145,31785.33,3332.0,49277.33,nan,nan,nan,nan,304384.0,255870406.26598302,4826.0,46494.64,2106632.0,29.655462,25.944863,553.0,2.0,1541.0,2147832.0
matmult_ampm_cfg22_l2_ddr4_2x,matmult,ampm,stage1,cfg22,l2,ddr4_2x,0.001197,1196887581.0,7397876.0,7415199.0,3594257.0,2.058252,1159150.0,2138622.0,793.0,1077570.0,19019216016.0,16407.898905,55914320.0,70509.861286,nan,nan,nan,nan,nan,nan,nan,nan,nan,nan,nan,nan,nan,nan,nan,nan,33804.0,4648.0,49.0,0.137499,0.87533,28909.0,21936.0,6969.0,4.0,34852.0,2.0,0.0,0.0,1046.0,2524.0,2456.0,919365.0,511847.0,1.796172,3022.0,121.0,24.975207,81804.0,1077346.0,0.503757,16331.103052,131.0,662.0,0.000614,73424.422961,nan,nan,nan,nan,nan,nan,nan,nan,nan,nan,nan,nan,nan,nan,nan,nan,nan,nan,nan,nan,nan,nan,nan,2106632.0,29.816848,26.061622,258.0,2.0,1322.0,2153455.0
matmult_ampm_cfg23_l2_ddr4_1x,matmult,ampm,stage1,cfg23,l2,ddr4_1x,0.00119,1189743732.0,7397876.0,7415199.0,3572804.0,2.07061,1159243.0,2138709.0,885.0,1077710.0,18973917092.0,16367.506288,64433440.0,72806.146893,nan,nan,nan,nan,nan,nan,nan,nan,nan,nan,nan,nan,nan,nan,nan,nan,31796.0,4604.0,40.0,0.144798,0.871145,26862.0,19510.0,7348.0,4.0,32459.0,1.0,0.0,0.0,662.0,2287.0,2217.0,881349.0,495966.0,1.777035,2633.0,165.0,15.957576,81758.0,1077485.0,0.503802,16265.752952,204.0,681.0,0.000632,78471.041116,1.87,58.91,0.0,0.0,301886860.45542455,231686868.8491649,302155826.0,231686869.0,533842695.0,19207.0,288.868931,231.471696,33062.39,3332.0,50554.39,nan,nan,nan,nan,308224.0,259067555.23045698,4931.0,47724.89,2106632.0,29.599593,26.054105,523.0,2.0,1540.0,2148230.0
matmult_ampm_cfg23_l2_ddr4_2x,matmult,ampm,stage1,cfg23,l2,ddr4_2x,0.001197,1196691777.0,7397876.0,7415199.0,3593669.0,2.058588,1159192.0,2138496.0,820.0,1077448.0,19080719199.0,16460.361354,55436446.0,67605.421951,nan,nan,nan,nan,nan,nan,nan,nan,nan,nan,nan,nan,nan,nan,nan,nan,33028.0,4631.0,49.0,0.140214,0.873115,28135.0,21186.0,6946.0,3.0,33982.0,1.0,0.0,0.0,953.0,2412.0,2326.0,930167.0,515638.0,1.803915,2963.0,152.0,19.493421,81968.0,1077224.0,0.50373,16370.234253,147.0,673.0,0.000625,72264.86627,nan,nan,nan,nan,nan,nan,nan,nan,nan,nan,nan,nan,nan,nan,nan,nan,nan,nan,nan,nan,nan,nan,nan,2106632.0,29.90345,26.008104,356.0,2.0,1576.0,2152058.0
matmult_ampm_cfg24_l2_ddr4_1x,matmult,ampm,stage1,cfg24,l2,ddr4_1x,0.001189,1188929547.0,7397871.0,7415194.0,3570359.0,2.072027,1158904.0,2138903.0,826.0,1077983.0,18954187933.0,16355.270094,68038795.0,82371.422518,nan,nan,nan,nan,nan,nan,nan,nan,nan,nan,nan,nan,nan,nan,nan,nan,33866.0,4664.0,47.0,0.137719,0.869825,28958.0,21555.0,7401.0,2.0,35054.0,4.0,0.0,0.0,1184.0,2535.0,2454.0,871163.0,491233.0,1.773421,3411.0,191.0,17.858639,81146.0,1077758.0,0.503884,16254.778663,128.0,698.0,0.000648,85078.497135,1.85,58.14,0.0,0.0,301609124.6994638,230822760.43392837,301447635.0,230822760.0,532270395.0,19207.0,288.74377,230.87659,31433.08,3332.0,48925.08,nan,nan,nan,nan,306368.0,257683897.90046996,4905.0,45014.1,2106632.0,29.543738,26.077313,596.0,2.0,1503.0,2148084.0
matmult_ampm_cfg24_l2_ddr4_2x,matmult,ampm,stage1,cfg24,l2,ddr4_2x,0.001197,1196615853.0,7397876.0,7415199.0,3593441.0,2.058719,1159575.0,2138751.0,791.0,1077827.0,19130758314.0,16498.077584,54150728.0,68458.5689,nan,nan,nan,nan,nan,nan,nan,nan,nan,nan,nan,nan,nan,nan,nan,nan,33825.0,4661.0,49.0,0.137797,0.87203,28941.0,22079.0,6860.0,2.0,34997.0,3.0,0.0,0.0,1169.0,2534.0,2454.0,939556.0,520248.0,1.805977,2667.0,153.0,17.431373,81973.0,1077602.0,0.503846,16418.333928,107.0,684.0,0.000635,71556.928363,nan,nan,nan,nan,nan,nan,nan,nan,nan,nan,nan,nan,nan,nan,nan,nan,nan,nan,nan,nan,nan,nan,nan,2106632.0,29.94204,25.878689,322.0,2.0,1558.0,2150263.0
matmult_ampm_default_l1d_ddr4_1x,matmult,ampm,stage1,default,l1d,ddr4_1x,0.001321,1321003008.0,7397876.0,7415199.0,3966976.0,1.864868,1151808.0,2137753.0,5379.0,1123945.0,19414241329.0,16855.449284,355764253.0,66139.478156,180955.0,8769.0,46141.0,0.04846,0.008143,125379.0,123108.0,2226.0,45.0,11253959.0,4134055.0,0.0,2244.0,6908622.0,1566468.0,16069.0,nan,nan,nan,nan,nan,nan,nan,nan,nan,nan,nan,nan,nan,nan,nan,nan,979897.0,539186.0,1.817364,0.0,0.0,nan,83654.0,1068154.0,0.499662,16428.230762,nan,5379.0,0.004786,65806.168619,1.16,57.0,0.0,0.0,260892668.61078942,194664204.73131883,260844221.0,194664205.0,455508425.0,19207.0,254.982008,195.148685,22176.37,3332.0,39668.37,63744.0,48254242.88511537,1002.0,51391.15,nan,nan,nan,nan,2106632.0,30.47718,29.994989,1423.0,2.0,1698.0,2152478.0
matmult_ampm_default_l1d_ddr4_2x,matmult,ampm,stage1,default,l1d,ddr4_2x,0.001343,1343211111.0,7397871.0,7415194.0,4033667.0,1.834033,1150006.0,2134758.0,5292.0,1118975.0,19616210299.0,17057.485177,338868581.0,64034.123394,154626.0,8841.0,43220.0,0.057177,0.008225,101900.0,100156.0,1705.0,39.0,8533058.0,1477849.0,0.0,2839.0,6880571.0,889462.0,10056.0,nan,nan,nan,nan,nan,nan,nan,nan,nan,nan,nan,nan,nan,nan,nan,nan,993878.0,524524.0,1.894819,0.0,0.0,nan,83972.0,1066034.0,0.49937,16735.538186,nan,5292.0,0.004729,63700.808768,nan,nan,nan,nan,nan,nan,nan,nan,nan,nan,nan,nan,nan,nan,nan,nan,nan,nan,nan,nan,nan,nan,nan,2106632.0,30.853477,29.697147,1078.0,2.0,1645.0,2151267.0
matmult_ampm_default_l2_ddr4_1x,matmult,ampm,stage1,default,l2,ddr4_1x,0.001191,1190941200.0,7397876.0,7415199.0,3576400.0,2.068528,1160315.0,2138434.0,2087.0,1077718.0,19058859698.0,16425.591066,118624453.0,56839.699569,nan,nan,nan,nan,nan,nan,nan,nan,nan,nan,nan,nan,nan,nan,nan,nan,53013.0,3427.0,76.0,0.064645,0.827178,48024.0,44014.0,4007.0,3.0,54179.0,257.0,0.0,3.0,872.0,6245.0,3751.0,879369.0,499866.0,1.759209,4248.0,241.0,17.626556,82819.0,1077496.0,0.503872,16160.801582,1371.0,716.0,0.000664,79121.259777,1.38,57.6,0.0,0.0,305560005.81724775,231668868.28669629,305398789.0,231668868.0,537067657.0,19207.0,291.319168,231.292695,28187.56,3332.0,45679.56,nan,nan,nan,nan,311360.0,261440279.33536938,4970.0,42023.23,2106632.0,29.654754,27.798707,1140.0,2.0,1434.0,2148422.0
matmult_ampm_default_l2_ddr4_2x,matmult,ampm,stage1,default,l2,ddr4_2x,0.001205,1205328132.0,7397876.0,7415199.0,3619604.0,2.043838,1160036.0,2138533.0,2065.0,1077595.0,19268743000.0,16610.469847,106685396.0,51663.630024,nan,nan,nan,nan,nan,nan,nan,nan,nan,nan,nan,nan,nan,nan,nan,nan,51598.0,3351.0,77.0,0.064944,0.826999,46690.0,43111.0,3577.0,2.0,52880.0,310.0,0.0,1.0,945.0,6183.0,3844.0,919355.0,509085.0,1.805897,3765.0,263.0,14.315589,82662.0,1077374.0,0.503791,16356.130713,1364.0,701.0,0.000651,71415.229672,nan,nan,nan,nan,nan,nan,nan,nan,nan,nan,nan,nan,nan,nan,nan,nan,nan,nan,nan,nan,nan,nan,nan,2106632.0,30.091187,27.31217,1073.0,2.0,1427.0,2150497.0
merge_ampm_cfg01_l1d_ddr4_1x,merge,ampm,stage1,cfg01,l1d,ddr4_1x,0.00976,9760237326.0,37918841.0,38897855.0,29310022.0,1.293717,352675.0,10925847.0,72546.0,208463.0,11726640953.0,33250.559164,6419924309.0,88494.531869,947932.0,142798.0,3436.0,0.150642,0.950744,747163.0,548358.0,198792.0,13.0,2010112.0,861074.0,0.0,59192.0,0.0,118789.0,65409.0,nan,nan,nan,nan,nan,nan,nan,nan,nan,nan,nan,nan,nan,nan,nan,nan,48.0,2.0,24.0,0.0,0.0,nan,345277.0,7398.0,0.000677,19586.278589,nan,72546.0,0.348004,88161.531869,1.56,46.19,0.0,0.0,475706465.4187898,312398961.02501804,475699908.0,312398961.0,788098869.0,19207.0,472.736046,311.998971,43429.4,3332.0,60921.4,4509952.0,462074010.0228993,70877.0,60743.85,nan,nan,nan,nan,5213253.0,4.061103,24.913137,9672.0,2.0,1674.0,14389066.0
merge_ampm_cfg01_l1d_ddr4_2x,merge,ampm,stage1,cfg01,l1d,ddr4_2x,0.009741,9741255660.0,37918841.0,38897855.0,29253020.0,1.296238,383380.0,10925789.0,72523.0,208377.0,9815061106.0,25601.390542,5739003561.0,79133.565365,1007139.0,137266.0,3389.0,0.136293,0.947021,806743.0,561894.0,244837.0,12.0,1966439.0,765241.0,0.0,53163.0,0.0,117028.0,61884.0,nan,nan,nan,nan,nan,nan,nan,nan,nan,nan,nan,nan,nan,nan,nan,nan,1171.0,22.0,53.227273,0.0,0.0,nan,375701.0,7679.0,0.000703,17605.851804,nan,72523.0,0.348037,78800.565365,nan,nan,nan,nan,nan,nan,nan,nan,nan,nan,nan,nan,nan,nan,nan,nan,nan,nan,nan,nan,nan,nan,nan,5213253.0,3.724429,21.914221,7530.0,2.0,1876.0,14388934.0
merge_ampm_cfg01_l2_ddr4_1x,merge,ampm,stage1,cfg01,l2,ddr4_1x,0.010014,10014029613.0,37919468.0,38898546.0,30072161.0,1.260951,831030.0,11099047.0,24776.0,201588.0,14258088300.0,17157.128263,1930363038.0,77912.618582,nan,nan,nan,nan,nan,nan,nan,nan,nan,nan,nan,nan,nan,nan,nan,nan,326932.0,47494.0,311.0,0.145272,0.960348,256373.0,207083.0,49290.0,0.0,330895.0,3003.0,0.0,696.0,0.0,20602.0,17339.0,0.0,0.0,nan,0.0,0.0,nan,629681.0,201349.0,0.018141,13548.07345,22815.0,1961.0,0.009728,103759.471698,3.38,47.49,0.0,0.0,463471367.60758847,304571098.535656,463464977.0,304571099.0,768036075.0,19207.0,460.82548,304.130117,41789.4,3332.0,59281.4,nan,nan,nan,nan,4493504.0,448720861.9961168,70557.0,58443.62,5213392.0,4.43203,25.649292,9722.0,2.0,1999.0,14710628.0
merge_ampm_cfg01_l2_ddr4_2x,merge,ampm,stage1,cfg01,l2,ddr4_2x,0.00999,9990420912.0,37918841.0,38897855.0,30001264.0,1.26391,830082.0,11098759.0,23703.0,201569.0,12322022970.0,14844.344258,1615194855.0,68143.055942,nan,nan,nan,nan,nan,nan,nan,nan,nan,nan,nan,nan,nan,nan,nan,nan,334725.0,48552.0,307.0,0.14505,0.951944,264671.0,213342.0,51329.0,0.0,335966.0,872.0,0.0,224.0,0.0,20873.0,17685.0,0.0,0.0,nan,0.0,0.0,nan,628735.0,201347.0,0.018141,12005.484601,21252.0,2451.0,0.01216,91942.50918,nan,nan,nan,nan,nan,nan,nan,nan,nan,nan,nan,nan,nan,nan,nan,nan,nan,nan,nan,nan,nan,nan,nan,5213253.0,4.125582,22.160636,7993.0,2.0,1766.0,14710262.0
merge_ampm_cfg02_l1d_ddr4_1x,merge,ampm,stage1,cfg02,l1d,ddr4_1x,0.009806,9806013837.0,37918841.0,38897855.0,29447489.0,1.287678,294382.0,10932543.0,72569.0,208482.0,13359197096.0,45380.482149,6115924942.0,84277.376593,919059.0,150931.0,3514.0,0.164223,0.953654,718210.0,573549.0,144652.0,9.0,2197590.0,1115686.0,0.0,57462.0,0.0,149220.0,73847.0,nan,nan,nan,nan,nan,nan,nan,nan,nan,nan,nan,nan,nan,nan,nan,nan,13.0,1.0,13.0,0.0,0.0,nan,287047.0,7335.0,0.000671,21035.476074,nan,72569.0,0.348083,83944.376593,1.52,45.98,0.0,0.0,473635880.71592075,311260421.4857789,473629354.0,311260421.0,784889776.0,19207.0,470.431317,310.907985,39436.42,3332.0,56928.42,4503424.0,459251238.5621673,70814.0,56627.24,nan,nan,nan,nan,5213253.0,4.105064,26.177128,10391.0,2.0,1827.0,14398652.0
merge_ampm_cfg02_l1d_ddr4_2x,merge,ampm,stage1,cfg02,l1d,ddr4_2x,0.009781,9780957252.0,37918850.0,38897865.0,29372244.0,1.290977,278013.0,10928806.0,72577.0,208744.0,11069495401.0,39816.466859,5553975034.0,76525.277071,936105.0,152590.0,3659.0,0.163005,0.953616,735084.0,593606.0,141466.0,12.0,2239832.0,1144446.0,0.0,57331.0,0.0,156004.0,74848.0,nan,nan,nan,nan,nan,nan,nan,nan,nan,nan,nan,nan,nan,nan,nan,nan,1772.0,36.0,49.222222,0.0,0.0,nan,270591.0,7422.0,0.000679,19302.73848,nan,72577.0,0.347684,76192.277071,nan,nan,nan,nan,nan,nan,nan,nan,nan,nan,nan,nan,nan,nan,nan,nan,nan,nan,nan,nan,nan,nan,nan,5213254.0,3.772261,23.007835,8937.0,2.0,1683.0,14393192.0
merge_ampm_cfg02_l2_ddr4_1x,merge,ampm,stage1,cfg02,l2,ddr4_1x,0.010005,10004708610.0,37918850.0,38897865.0,30044170.0,1.262105,840334.0,11101643.0,25128.0,201565.0,13526768352.0,16096.895225,1720344933.0,68463.265401,nan,nan,nan,nan,nan,nan,nan,nan,nan,nan,nan,nan,nan,nan,nan,nan,330547.0,47121.0,317.0,0.142555,0.950691,260474.0,174412.0,86062.0,0.0,348288.0,13540.0,0.0,3115.0,0.0,22505.0,14726.0,0.0,0.0,nan,0.0,0.0,nan,638987.0,201347.0,0.018137,12491.794231,22684.0,2444.0,0.012125,109581.252864,3.41,47.93,0.0,0.0,463871181.1517717,304778091.88287795,463858387.0,304778092.0,768636479.0,19207.0,461.165255,304.432655,47447.86,3332.0,64939.86,nan,nan,nan,nan,4461696.0,445959615.0097169,70069.0,63930.26,5213254.0,4.070498,21.876005,5554.0,2.0,1567.0,14713964.0
merge_ampm_cfg02_l2_ddr4_2x,merge,ampm,stage1,cfg02,l2,ddr4_2x,0.01001,10010322657.0,37919459.0,38898537.0,30061029.0,1.261417,831019.0,11099680.0,23719.0,201588.0,12802978866.0,15406.361185,1677104217.0,70707.205911,nan,nan,nan,nan,nan,nan,nan,nan,nan,nan,nan,nan,nan,nan,nan,nan,289598.0,48547.0,307.0,0.167636,0.951659,219590.0,177437.0,42153.0,0.0,292451.0,2004.0,0.0,513.0,0.0,18341.0,14999.0,0.0,0.0,nan,0.0,0.0,nan,629668.0,201351.0,0.01814,12306.659634,21253.0,2466.0,0.012233,91288.317518,nan,nan,nan,nan,nan,nan,nan,nan,nan,nan,nan,nan,nan,nan,nan,nan,nan,nan,nan,nan,nan,nan,nan,5213393.0,4.156958,22.844351,8860.0,2.0,1818.0,14711496.0
merge_ampm_cfg03_l1d_ddr4_1x,merge,ampm,stage1,cfg03,l1d,ddr4_1x,0.00976,9760237326.0,37918841.0,38897855.0,29310022.0,1.293717,352675.0,10925847.0,72546.0,208463.0,11726640953.0,33250.559164,6419924309.0,88494.531869,947932.0,142798.0,3436.0,0.150642,0.950744,747163.0,548358.0,198792.0,13.0,2010112.0,861074.0,0.0,59192.0,0.0,118789.0,65409.0,nan,nan,nan,nan,nan,nan,nan,nan,nan,nan,nan,nan,nan,nan,nan,nan,48.0,2.0,24.0,0.0,0.0,nan,345277.0,7398.0,0.000677,19586.278589,nan,72546.0,0.348004,88161.531869,1.56,46.19,0.0,0.0,475706465.4187898,312398961.02501804,475699908.0,312398961.0,788098869.0,19207.0,472.736046,311.998971,43429.4,3332.0,60921.4,4509952.0,462074010.0228993,70877.0,60743.85,nan,nan,nan,nan,5213253.0,4.061103,24.913137,9672.0,2.0,1674.0,14389066.0
merge_ampm_cfg03_l1d_ddr4_2x,merge,ampm,stage1,cfg03,l1d,ddr4_2x,0.009741,9741255660.0,37918841.0,38897855.0,29253020.0,1.296238,383380.0,10925789.0,72523.0,208377.0,9815061106.0,25601.390542,5739003561.0,79133.565365,1007139.0,137266.0,3389.0,0.136293,0.947021,806743.0,561894.0,244837.0,12.0,1966439.0,765241.0,0.0,53163.0,0.0,117028.0,61884.0,nan,nan,nan,nan,nan,nan,nan,nan,nan,nan,nan,nan,nan,nan,nan,nan,1171.0,22.0,53.227273,0.0,0.0,nan,375701.0,7679.0,0.000703,17605.851804,nan,72523.0,0.348037,78800.565365,nan,nan,nan,nan,nan,nan,nan,nan,nan,nan,nan,nan,nan,nan,nan,nan,nan,nan,nan,nan,nan,nan,nan,5213253.0,3.724429,21.914221,7530.0,2.0,1876.0,14388934.0
merge_ampm_cfg03_l2_ddr4_1x,merge,ampm,stage1,cfg03,l2,ddr4_1x,0.010014,10013560416.0,37919524.0,38898605.0,30070752.0,1.261012,831293.0,11099075.0,24849.0,201589.0,14299810869.0,17201.890151,1931089644.0,77712.972112,nan,nan,nan,nan,nan,nan,nan,nan,nan,nan,nan,nan,nan,nan,nan,nan,326662.0,47422.0,309.0,0.145171,0.959862,256117.0,206614.0,49502.0,1.0,331126.0,3437.0,0.0,768.0,0.0,20577.0,17330.0,0.0,0.0,nan,0.0,0.0,nan,629944.0,201349.0,0.018141,13545.210644,22866.0,1983.0,0.009837,103554.099849,3.39,47.38,0.0,0.0,463544214.7613443,304630108.8997195,463537823.0,304630109.0,768167932.0,19207.0,460.821507,304.233846,41992.97,3332.0,59484.97,nan,nan,nan,nan,4492992.0,448690756.66842216,70543.0,58639.28,5213398.0,4.416739,25.203586,8941.0,2.0,1874.0,14710653.0
merge_ampm_cfg03_l2_ddr4_2x,merge,ampm,stage1,cfg03,l2,ddr4_2x,0.009991,9990628038.0,37918841.0,38897855.0,30001886.0,1.263883,830186.0,11098742.0,23543.0,201570.0,12305173836.0,14822.189047,1602193536.0,68053.924139,nan,nan,nan,nan,nan,nan,nan,nan,nan,nan,nan,nan,nan,nan,nan,nan,335371.0,48713.0,309.0,0.145251,0.951333,265356.0,213837.0,51518.0,1.0,336589.0,848.0,0.0,224.0,0.0,20919.0,17711.0,0.0,0.0,nan,0.0,0.0,nan,628838.0,201348.0,0.018142,11945.861459,21051.0,2492.0,0.012363,89917.884029,nan,nan,nan,nan,nan,nan,nan,nan,nan,nan,nan,nan,nan,nan,nan,nan,nan,nan,nan,nan,nan,nan,nan,5213253.0,4.096739,21.622784,7534.0,2.0,1717.0,14710232.0
merge_ampm_cfg04_l1d_ddr4_1x,merge,ampm,stage1,cfg04,l1d,ddr4_1x,0.009806,9806013837.0,37918841.0,38897855.0,29447489.0,1.287678,294382.0,10932543.0,72569.0,208482.0,13359197096.0,45380.482149,6115924942.0,84277.376593,919086.0,150931.0,3514.0,0.164219,0.953654,718237.0,573576.0,144652.0,9.0,2197617.0,1115686.0,0.0,57462.0,0.0,149220.0,73847.0,nan,nan,nan,nan,nan,nan,nan,nan,nan,nan,nan,nan,nan,nan,nan,nan,13.0,1.0,13.0,0.0,0.0,nan,287047.0,7335.0,0.000671,21035.476074,nan,72569.0,0.348083,83944.376593,1.52,45.98,0.0,0.0,473635880.71592075,311260421.4857789,473629354.0,311260421.0,784889776.0,19207.0,470.431317,310.907985,39436.42,3332.0,56928.42,4503424.0,459251238.5621673,70814.0,56627.24,nan,nan,nan,nan,5213253.0,4.105064,26.177128,10391.0,2.0,1827.0,14398652.0
merge_ampm_cfg04_l1d_ddr4_2x,merge,ampm,stage1,cfg04,l1d,ddr4_2x,0.009781,9780957252.0,37918850.0,38897865.0,29372244.0,1.290977,278013.0,10928806.0,72577.0,208744.0,11069495401.0,39816.466859,5553975034.0,76525.277071,936132.0,152590.0,3659.0,0.163001,0.953616,735111.0,593633.0,141466.0,12.0,2239859.0,1144446.0,0.0,57331.0,0.0,156004.0,74848.0,nan,nan,nan,nan,nan,nan,nan,nan,nan,nan,nan,nan,nan,nan,nan,nan,1772.0,36.0,49.222222,0.0,0.0,nan,270591.0,7422.0,0.000679,19302.73848,nan,72577.0,0.347684,76192.277071,nan,nan,nan,nan,nan,nan,nan,nan,nan,nan,nan,nan,nan,nan,nan,nan,nan,nan,nan,nan,nan,nan,nan,5213254.0,3.772261,23.007835,8937.0,2.0,1683.0,14393192.0
merge_ampm_cfg04_l2_ddr4_1x,merge,ampm,stage1,cfg04,l2,ddr4_1x,0.010006,10006471512.0,37918836.0,38897850.0,30049464.0,1.261882,839587.0,11101476.0,24960.0,201567.0,13464070779.0,16036.540322,1733346918.0,69444.988702,nan,nan,nan,nan,nan,nan,nan,nan,nan,nan,nan,nan,nan,nan,nan,nan,330013.0,47289.0,320.0,0.143294,0.950151,259982.0,174592.0,85390.0,0.0,348387.0,14036.0,0.0,3243.0,0.0,22481.0,14803.0,0.0,0.0,nan,0.0,0.0,nan,638240.0,201347.0,0.018137,12555.722583,22479.0,2481.0,0.012309,108539.20919,3.42,48.07,0.0,0.0,463757478.7910913,304692417.93610173,463744687.0,304692418.0,768437105.0,19207.0,461.000863,304.276687,48142.15,3332.0,65634.15,nan,nan,nan,nan,4460864.0,445797901.3531818,70027.0,64659.49,5213253.0,4.131851,22.943972,6407.0,2.0,1670.0,14713735.0
merge_ampm_cfg04_l2_ddr4_2x,merge,ampm,stage1,cfg04,l2,ddr4_2x,0.010012,10011868110.0,37919515.0,38898595.0,30065670.0,1.261224,832065.0,11099654.0,24004.0,201590.0,13175967837.0,15835.262674,1729484118.0,72049.829945,nan,nan,nan,nan,nan,nan,nan,nan,nan,nan,nan,nan,nan,nan,nan,nan,289311.0,48264.0,306.0,0.166824,0.950865,219329.0,177349.0,41979.0,1.0,292152.0,2000.0,0.0,506.0,0.0,18306.0,14946.0,0.0,0.0,nan,0.0,0.0,nan,630714.0,201351.0,0.01814,12562.414272,21510.0,2494.0,0.012372,92171.836407,nan,nan,nan,nan,nan,nan,nan,nan,nan,nan,nan,nan,nan,nan,nan,nan,nan,nan,nan,nan,nan,nan,nan,5213397.0,4.179676,23.024886,9321.0,2.0,1713.0,14711435.0
merge_ampm_cfg05_l1d_ddr4_1x,merge,ampm,stage1,cfg05,l1d,ddr4_1x,0.009762,9762249312.0,37918841.0,38897855.0,29316064.0,1.293451,389010.0,10925997.0,72569.0,208653.0,11992843807.0,30829.140143,6393756720.0,88105.895355,1166340.0,138103.0,3675.0,0.118407,0.939553,966867.0,782305.0,184543.0,19.0,2371146.0,986924.0,0.0,60309.0,287.0,246771.0,146381.0,nan,nan,nan,nan,nan,nan,nan,nan,nan,nan,nan,nan,nan,nan,nan,nan,1158.0,37.0,31.297297,0.0,0.0,nan,380125.0,8885.0,0.000813,29056.451885,nan,72569.0,0.347798,87772.895355,1.73,46.26,0.0,0.0,475759207.9000574,312400134.69551516,475752652.0,312400135.0,788152787.0,19207.0,472.907406,311.980559,43079.93,3332.0,60571.93,4458880.0,456747196.0093289,70042.0,59945.57,nan,nan,nan,nan,5213253.0,4.060746,25.42819,9865.0,2.0,1867.0,14389327.0
merge_ampm_cfg05_l1d_ddr4_2x,merge,ampm,stage1,cfg05,l1d,ddr4_2x,0.009741,9740537379.0,37918841.0,38897855.0,29250863.0,1.296334,370528.0,10925857.0,72601.0,208705.0,9684480759.0,26136.974153,5766652112.0,79429.375794,1242580.0,140830.0,3704.0,0.113337,0.942726,1042733.0,814240.0,228478.0,15.0,2380422.0,945732.0,0.0,56059.0,384.0,253108.0,152713.0,nan,nan,nan,nan,nan,nan,nan,nan,nan,nan,nan,nan,nan,nan,nan,nan,2403.0,92.0,26.119565,0.0,0.0,nan,361972.0,8556.0,0.000783,21307.640954,nan,72601.0,0.347864,79096.375794,nan,nan,nan,nan,nan,nan,nan,nan,nan,nan,nan,nan,nan,nan,nan,nan,nan,nan,nan,nan,nan,nan,nan,5213253.0,3.725623,22.22481,7635.0,2.0,1863.0,14389077.0
merge_ampm_cfg05_l2_ddr4_1x,merge,ampm,stage1,cfg05,l2,ddr4_1x,0.010014,10013630013.0,37919515.0,38898595.0,30070961.0,1.261003,830730.0,11099048.0,24636.0,201588.0,14003176467.0,16856.471377,1908451971.0,77465.983561,nan,nan,nan,nan,nan,nan,nan,nan,nan,nan,nan,nan,nan,nan,nan,nan,326798.0,47632.0,308.0,0.145754,0.960458,256237.0,206968.0,49269.0,0.0,331287.0,3464.0,0.0,771.0,0.0,20640.0,17335.0,0.0,0.0,nan,0.0,0.0,nan,629381.0,201349.0,0.018141,13439.319922,22675.0,1961.0,0.009728,101378.54717,3.37,47.61,0.0,0.0,463509036.5805789,304615209.07403237,463502645.0,304615209.0,768117854.0,19207.0,460.779956,304.250906,41512.61,3332.0,59004.61,nan,nan,nan,nan,4492672.0,448655681.7225598,70560.0,58216.6,5213397.0,4.471818,25.219092,10321.0,2.0,1697.0,14710641.0
merge_ampm_cfg05_l2_ddr4_2x,merge,ampm,stage1,cfg05,l2,ddr4_2x,0.010002,10001924730.0,37918836.0,38897850.0,30035810.0,1.262456,830059.0,11098759.0,23923.0,201567.0,12777363507.0,15393.31964,1700725905.0,71091.665134,nan,nan,nan,nan,nan,nan,nan,nan,nan,nan,nan,nan,nan,nan,nan,nan,326631.0,48331.0,309.0,0.147968,0.951772,256583.0,213180.0,43403.0,0.0,327809.0,829.0,0.0,212.0,0.0,20509.0,17644.0,0.0,0.0,nan,0.0,0.0,nan,628711.0,201348.0,0.018141,12428.270542,21474.0,2449.0,0.01215,91209.502246,nan,nan,nan,nan,nan,nan,nan,nan,nan,nan,nan,nan,nan,nan,nan,nan,nan,nan,nan,nan,nan,nan,nan,5213253.0,4.214589,23.174149,8983.0,2.0,1814.0,14710222.0
merge_ampm_cfg06_l1d_ddr4_1x,merge,ampm,stage1,cfg06,l1d,ddr4_1x,0.009812,9811616229.0,37918836.0,38897850.0,29464313.0,1.286943,265059.0,10932416.0,72687.0,209183.0,12761995776.0,48147.754938,6221329837.0,85590.681098,1199785.0,158894.0,4080.0,0.132435,0.941449,1000779.0,871641.0,129124.0,14.0,2812739.0,1455062.0,0.0,60525.0,93.0,336613.0,193265.0,nan,nan,nan,nan,nan,nan,nan,nan,nan,nan,nan,nan,nan,nan,nan,nan,7345.0,189.0,38.862434,0.0,0.0,nan,255177.0,9882.0,0.000904,34707.415301,nan,72687.0,0.34748,85257.681098,1.77,46.26,0.0,0.0,474135136.49770373,311310993.8984345,474128614.0,311310994.0,785439608.0,19207.0,470.899788,310.919621,40798.33,3332.0,58290.33,4414784.0,449954818.54980326,69437.0,57260.84,nan,nan,nan,nan,5213253.0,4.049179,26.587874,12602.0,2.0,1782.0,14398455.0
merge_ampm_cfg06_l1d_ddr4_2x,merge,ampm,stage1,cfg06,l1d,ddr4_2x,0.009776,9776106108.0,37918836.0,38897850.0,29357676.0,1.291617,254600.0,10928588.0,72680.0,209251.0,10525989277.0,41343.241465,5484808421.0,75465.168148,1188364.0,159683.0,4117.0,0.134372,0.941599,989314.0,868516.0,120781.0,17.0,2799049.0,1452767.0,0.0,60622.0,21.0,340325.0,190479.0,nan,nan,nan,nan,nan,nan,nan,nan,nan,nan,nan,nan,nan,nan,nan,nan,5969.0,240.0,24.870833,0.0,0.0,nan,244696.0,9904.0,0.000906,24512.989398,nan,72680.0,0.347334,75132.168148,nan,nan,nan,nan,nan,nan,nan,nan,nan,nan,nan,nan,nan,nan,nan,nan,nan,nan,nan,nan,nan,nan,nan,5213253.0,3.717449,23.18369,8693.0,2.0,1659.0,14392909.0
merge_ampm_cfg06_l2_ddr4_1x,merge,ampm,stage1,cfg06,l2,ddr4_1x,0.010006,10005898086.0,37918841.0,38897855.0,30047742.0,1.261954,840023.0,11101505.0,25080.0,201563.0,13415106126.0,15969.927164,1721767176.0,68651.003828,nan,nan,nan,nan,nan,nan,nan,nan,nan,nan,nan,nan,nan,nan,nan,nan,330113.0,47167.0,320.0,0.142881,0.950775,260037.0,174293.0,85744.0,0.0,348311.0,13899.0,0.0,3184.0,0.0,22521.0,14900.0,0.0,0.0,nan,0.0,0.0,nan,638676.0,201347.0,0.018137,12499.325915,22638.0,2442.0,0.012115,109655.727273,3.42,47.88,0.0,0.0,463822433.5398253,304741860.6298205,463809641.0,304741861.0,768551502.0,19207.0,461.078452,304.364483,47864.81,3332.0,65356.81,nan,nan,nan,nan,4461568.0,445893807.9973564,70072.0,64351.34,5213253.0,4.131279,23.169691,5827.0,2.0,1916.0,14713842.0
merge_ampm_cfg06_l2_ddr4_2x,merge,ampm,stage1,cfg06,l2,ddr4_2x,0.009972,9972280404.0,37918836.0,38897850.0,29946788.0,1.266209,829986.0,11099400.0,21802.0,201566.0,10963913439.0,13209.757079,1313265420.0,60236.006788,nan,nan,nan,nan,nan,nan,nan,nan,nan,nan,nan,nan,nan,nan,nan,nan,333731.0,50443.0,306.0,0.151149,0.953824,263676.0,180633.0,83043.0,0.0,341576.0,5533.0,0.0,1395.0,0.0,22022.0,15317.0,0.0,0.0,nan,0.0,0.0,nan,628638.0,201348.0,0.01814,10550.848004,19360.0,2442.0,0.012115,95448.818182,nan,nan,nan,nan,nan,nan,nan,nan,nan,nan,nan,nan,nan,nan,nan,nan,nan,nan,nan,nan,nan,nan,nan,5213253.0,3.758755,19.115488,5213.0,2.0,1674.0,14711094.0
merge_ampm_cfg07_l1d_ddr4_1x,merge,ampm,stage1,cfg07,l1d,ddr4_1x,0.009763,9763109784.0,37918836.0,38897850.0,29318648.0,1.293337,379843.0,10926083.0,72586.0,208769.0,11881391037.0,31279.741991,6478611677.0,89254.287011,1190637.0,139647.0,3729.0,0.117288,0.938936,991245.0,805635.0,185591.0,19.0,2424902.0,1019335.0,0.0,60246.0,466.0,254403.0,152225.0,nan,nan,nan,nan,nan,nan,nan,nan,nan,nan,nan,nan,nan,nan,nan,nan,1507.0,34.0,44.323529,0.0,0.0,nan,370761.0,9082.0,0.000831,27752.187734,nan,72586.0,0.347686,88921.287011,1.83,46.29,0.0,0.0,475828716.7489666,312366046.0110627,475822161.0,312366046.0,788188207.0,19207.0,472.9575,311.959618,44239.87,3332.0,61731.87,4460736.0,456897043.9429405,70075.0,61226.35,nan,nan,nan,nan,5213253.0,4.07796,25.375267,10914.0,2.0,1633.0,14389430.0
merge_ampm_cfg07_l1d_ddr4_2x,merge,ampm,stage1,cfg07,l1d,ddr4_2x,0.009747,9747200376.0,37918836.0,38897850.0,29270872.0,1.295448,375113.0,10926178.0,72583.0,208765.0,10042328566.0,26771.475705,5735549533.0,79020.563121,1205962.0,140179.0,3738.0,0.116238,0.942209,1006095.0,776046.0,230028.0,21.0,2311645.0,911982.0,0.0,55908.0,136.0,238649.0,146693.0,nan,nan,nan,nan,nan,nan,nan,nan,nan,nan,nan,nan,nan,nan,nan,nan,2157.0,81.0,26.62963,0.0,0.0,nan,366515.0,8598.0,0.000787,19896.382066,nan,72583.0,0.347678,78687.563121,nan,nan,nan,nan,nan,nan,nan,nan,nan,nan,nan,nan,nan,nan,nan,nan,nan,nan,nan,nan,nan,nan,nan,5213253.0,3.733514,22.07972,7562.0,2.0,1657.0,14389562.0
merge_ampm_cfg07_l2_ddr4_1x,merge,ampm,stage1,cfg07,l2,ddr4_1x,0.010013,10012813497.0,37919440.0,38898517.0,30068509.0,1.261103,831133.0,11099083.0,24765.0,201588.0,14306086587.0,17212.752456,1921385025.0,77584.697153,nan,nan,nan,nan,nan,nan,nan,nan,nan,nan,nan,nan,nan,nan,nan,nan,327009.0,47505.0,311.0,0.145271,0.959813,256474.0,206702.0,49771.0,1.0,330783.0,2871.0,0.0,667.0,0.0,20556.0,17240.0,0.0,0.0,nan,0.0,0.0,nan,629784.0,201349.0,0.018141,13500.313719,22776.0,1989.0,0.009867,102499.542986,3.36,47.5,0.0,0.0,463540442.59294564,304614482.3244579,463534051.0,304614482.0,768148533.0,19207.0,460.849491,304.186231,41649.99,3332.0,59141.99,nan,nan,nan,nan,4493056.0,448730619.1557639,70531.0,58320.07,5213390.0,4.377321,25.183059,9041.0,2.0,2017.0,14710655.0
merge_ampm_cfg07_l2_ddr4_2x,merge,ampm,stage1,cfg07,l2,ddr4_2x,0.009993,9992726937.0,37918836.0,38897850.0,30008189.0,1.263618,829852.0,11098710.0,23775.0,201564.0,12412887015.0,14957.952761,1629640728.0,68544.299811,nan,nan,nan,nan,nan,nan,nan,nan,nan,nan,nan,nan,nan,nan,nan,nan,333992.0,48474.0,306.0,0.145135,0.951179,263986.0,213415.0,50570.0,1.0,335083.0,760.0,0.0,201.0,0.0,20779.0,17618.0,0.0,0.0,nan,0.0,0.0,nan,628504.0,201348.0,0.018142,12079.896324,21287.0,2488.0,0.012343,91727.580386,nan,nan,nan,nan,nan,nan,nan,nan,nan,nan,nan,nan,nan,nan,nan,nan,nan,nan,nan,nan,nan,nan,nan,5213253.0,4.132834,22.23021,8065.0,2.0,1768.0,14710161.0
merge_ampm_cfg08_l1d_ddr4_1x,merge,ampm,stage1,cfg08,l1d,ddr4_1x,0.009812,9811707471.0,37918836.0,38897850.0,29464587.0,1.286931,272173.0,10933047.0,72671.0,209322.0,13270219802.0,48756.562194,6208397310.0,85431.565686,1203422.0,157755.0,4157.0,0.131089,0.938208,1004785.0,875286.0,129482.0,17.0,2840612.0,1472412.0,0.0,60858.0,25.0,341274.0,192860.0,nan,nan,nan,nan,nan,nan,nan,nan,nan,nan,nan,nan,nan,nan,nan,nan,1156.0,46.0,25.130435,0.0,0.0,nan,261783.0,10390.0,0.00095,36279.981424,nan,72671.0,0.347173,85098.565686,2.18,47.34,0.0,0.0,474026362.25618875,311282007.6451706,474019839.0,311282008.0,785301847.0,19207.0,470.569268,310.864547,40672.03,3332.0,58164.03,4400960.0,448541705.20347345,69251.0,56847.56,nan,nan,nan,nan,5213253.0,4.130024,26.923428,13037.0,2.0,1792.0,14399451.0
merge_ampm_cfg08_l1d_ddr4_2x,merge,ampm,stage1,cfg08,l1d,ddr4_2x,0.00978,9779584626.0,37918836.0,38897850.0,29368122.0,1.291158,251430.0,10928613.0,72680.0,209184.0,10338235195.0,41117.747266,5504954491.0,75742.356783,1191156.0,160192.0,4086.0,0.134484,0.942129,992110.0,873093.0,119000.0,17.0,2798976.0,1452373.0,0.0,60612.0,10.0,341904.0,192819.0,nan,nan,nan,nan,nan,nan,nan,nan,nan,nan,nan,nan,nan,nan,nan,nan,6589.0,274.0,24.047445,0.0,0.0,nan,241590.0,9840.0,0.0009,24853.13689,nan,72680.0,0.347445,75409.356783,nan,nan,nan,nan,nan,nan,nan,nan,nan,nan,nan,nan,nan,nan,nan,nan,nan,nan,nan,nan,nan,nan,nan,5213253.0,3.700306,23.209543,8915.0,2.0,1817.0,14393019.0
merge_ampm_cfg08_l2_ddr4_1x,merge,ampm,stage1,cfg08,l2,ddr4_1x,0.010008,10007549433.0,37918841.0,38897855.0,30052701.0,1.261746,839775.0,11101524.0,25148.0,201567.0,13648931067.0,16253.080965,1747096155.0,69472.568594,nan,nan,nan,nan,nan,nan,nan,nan,nan,nan,nan,nan,nan,nan,nan,nan,330061.0,47101.0,316.0,0.142704,0.949923,260027.0,174146.0,85881.0,0.0,348569.0,14072.0,0.0,3254.0,0.0,22499.0,14616.0,0.0,0.0,nan,0.0,0.0,nan,638428.0,201347.0,0.018137,12625.778492,22665.0,2483.0,0.012318,108426.302054,3.42,48.0,0.0,0.0,463739502.969288,304685179.9647763,463726713.0,304685180.0,768411893.0,19207.0,461.02795,304.320655,48539.19,3332.0,66031.19,nan,nan,nan,nan,4461632.0,445826626.17560714,70030.0,65077.94,5213253.0,4.109629,22.741882,6574.0,2.0,1947.0,14713857.0
merge_ampm_cfg08_l2_ddr4_2x,merge,ampm,stage1,cfg08,l2,ddr4_2x,0.010014,10013542434.0,37919468.0,38898546.0,30070698.0,1.261012,831686.0,11099610.0,23831.0,201588.0,13109516688.0,15762.579493,1720428849.0,72192.893668,nan,nan,nan,nan,nan,nan,nan,nan,nan,nan,nan,nan,nan,nan,nan,nan,289488.0,48433.0,305.0,0.167306,0.951084,219507.0,177329.0,42177.0,1.0,292140.0,1888.0,0.0,472.0,0.0,18287.0,14936.0,0.0,0.0,nan,0.0,0.0,nan,630335.0,201351.0,0.01814,12532.866974,21340.0,2491.0,0.012357,91169.945805,nan,nan,nan,nan,nan,nan,nan,nan,nan,nan,nan,nan,nan,nan,nan,nan,nan,nan,nan,nan,nan,nan,nan,5213392.0,4.176705,22.792405,9314.0,2.0,1703.0,14711418.0
merge_ampm_cfg17_l2_ddr4_1x,merge,ampm,stage1,cfg17,l2,ddr4_1x,0.010019,10018576728.0,37919487.0,38898566.0,30085816.0,1.260379,829732.0,11099199.0,23981.0,201593.0,14300624388.0,17235.233049,1887755355.0,78718.792169,nan,nan,nan,nan,nan,nan,nan,nan,nan,nan,nan,nan,nan,nan,nan,nan,417498.0,48386.0,407.0,0.115895,0.952687,347194.0,287335.0,59859.0,0.0,445260.0,23450.0,0.0,3523.0,0.0,32305.0,26319.0,0.0,0.0,nan,0.0,0.0,nan,628383.0,201349.0,0.018141,13335.554391,21578.0,2403.0,0.01192,113914.962547,1.61,46.02,0.0,0.0,464455593.47718954,304841703.8584365,464449205.0,304841704.0,769290909.0,19207.0,461.434007,304.496745,45502.01,3332.0,62994.01,nan,nan,nan,nan,4472896.0,446460222.9874742,70302.0,61750.27,5213395.0,4.277981,23.611688,8171.0,2.0,1917.0,14710822.0
merge_ampm_cfg17_l2_ddr4_2x,merge,ampm,stage1,cfg17,l2,ddr4_2x,0.010014,10013915061.0,37919468.0,38898546.0,30071817.0,1.260965,830551.0,11099014.0,24249.0,201591.0,13259334720.0,15964.50395,1781691858.0,73474.859087,nan,nan,nan,nan,nan,nan,nan,nan,nan,nan,nan,nan,nan,nan,nan,nan,405716.0,48118.0,404.0,0.1186,0.96136,334944.0,296125.0,38819.0,0.0,409075.0,2739.0,0.0,413.0,0.0,29321.0,26430.0,0.0,0.0,nan,0.0,0.0,nan,629201.0,201350.0,0.018141,12820.541326,22315.0,1934.0,0.009594,93314.210445,nan,nan,nan,nan,nan,nan,nan,nan,nan,nan,nan,nan,nan,nan,nan,nan,nan,nan,nan,nan,nan,nan,nan,5213392.0,4.316688,24.175912,9907.0,2.0,1720.0,14710586.0
merge_ampm_cfg18_l2_ddr4_1x,merge,ampm,stage1,cfg18,l2,ddr4_1x,0.010013,10012645998.0,37919468.0,38898546.0,30068006.0,1.261125,838352.0,11101608.0,24589.0,201593.0,13390062528.0,15971.885948,1732885379.0,70474.007849,nan,nan,nan,nan,nan,nan,nan,nan,nan,nan,nan,nan,nan,nan,nan,nan,382188.0,47777.0,420.0,0.125009,0.952245,311846.0,240287.0,71559.0,0.0,470182.0,74833.0,0.0,11102.0,0.0,35230.0,22318.0,0.0,0.0,nan,13.0,2.0,6.5,637003.0,201349.0,0.018137,12561.022478,22193.0,2396.0,0.011885,111920.660684,1.64,46.47,0.0,0.0,464916067.23435867,305047836.5668871,464890500.0,305047837.0,769938336.0,19207.0,461.784028,304.715457,51057.19,3332.0,68549.19,nan,nan,nan,nan,4474112.0,446846118.4879294,70337.0,67513.5,5213392.0,4.213927,23.744311,7488.0,2.0,1903.0,14713975.0
merge_ampm_cfg18_l2_ddr4_2x,merge,ampm,stage1,cfg18,l2,ddr4_2x,0.00997,9970396956.0,37918836.0,38897850.0,29941132.0,1.266448,830244.0,11099483.0,20772.0,201568.0,10749222012.0,12947.063769,1252724022.0,60308.300693,nan,nan,nan,nan,nan,nan,nan,nan,nan,nan,nan,nan,nan,nan,nan,nan,411409.0,51560.0,396.0,0.125325,0.955576,341137.0,252553.0,88584.0,0.0,460585.0,40443.0,0.0,6004.0,0.0,34445.0,23502.0,0.0,0.0,nan,0.0,0.0,nan,628896.0,201348.0,0.01814,10272.170461,18375.0,2397.0,0.011892,98399.624531,nan,nan,nan,nan,nan,nan,nan,nan,nan,nan,nan,nan,nan,nan,nan,nan,nan,nan,nan,nan,nan,nan,nan,5213253.0,3.698977,18.44705,4451.0,2.0,1833.0,14711189.0
merge_ampm_cfg19_l2_ddr4_1x,merge,ampm,stage1,cfg19,l2,ddr4_1x,0.010019,10018576728.0,37919487.0,38898566.0,30085816.0,1.260379,829732.0,11099188.0,23982.0,201593.0,14301878799.0,17236.744875,1887865911.0,78720.119715,nan,nan,nan,nan,nan,nan,nan,nan,nan,nan,nan,nan,nan,nan,nan,nan,417363.0,48385.0,407.0,0.11593,0.952667,347060.0,287215.0,59843.0,2.0,445125.0,23450.0,0.0,3523.0,0.0,32284.0,26322.0,0.0,0.0,nan,0.0,0.0,nan,628383.0,201349.0,0.018141,13336.085275,21578.0,2404.0,0.011925,114023.272463,1.61,46.02,0.0,0.0,464455593.47718954,304841703.8584365,464449205.0,304841704.0,769290909.0,19207.0,461.434007,304.496745,45524.29,3332.0,63016.29,nan,nan,nan,nan,4472896.0,446460222.9874742,70301.0,61768.94,5213395.0,4.278241,23.624092,8169.0,2.0,1917.0,14710808.0
merge_ampm_cfg19_l2_ddr4_2x,merge,ampm,stage1,cfg19,l2,ddr4_2x,0.010014,10013915061.0,37919468.0,38898546.0,30071817.0,1.260965,830542.0,11099018.0,24248.0,201591.0,13248264468.0,15951.347997,1781033517.0,73450.738906,nan,nan,nan,nan,nan,nan,nan,nan,nan,nan,nan,nan,nan,nan,nan,nan,405581.0,48119.0,404.0,0.118642,0.961342,334810.0,295978.0,38831.0,1.0,408940.0,2739.0,0.0,413.0,0.0,29300.0,26433.0,0.0,0.0,nan,0.0,0.0,nan,629192.0,201350.0,0.018141,12817.296499,22313.0,1935.0,0.009599,93352.72093,nan,nan,nan,nan,nan,nan,nan,nan,nan,nan,nan,nan,nan,nan,nan,nan,nan,nan,nan,nan,nan,nan,nan,5213392.0,4.316787,24.179279,9907.0,2.0,1720.0,14710595.0
merge_ampm_cfg20_l2_ddr4_1x,merge,ampm,stage1,cfg20,l2,ddr4_1x,0.010012,10012070907.0,37919490.0,38898569.0,30066279.0,1.261198,838330.0,11101734.0,24475.0,201586.0,13212123645.0,15760.051108,1715969645.0,70111.119305,nan,nan,nan,nan,nan,nan,nan,nan,nan,nan,nan,nan,nan,nan,nan,nan,382494.0,47887.0,420.0,0.125197,0.952293,312163.0,240261.0,71902.0,0.0,470151.0,74639.0,0.0,10889.0,0.0,35242.0,22401.0,0.0,0.0,nan,13.0,2.0,6.5,636981.0,201349.0,0.018137,12476.410124,22076.0,2399.0,0.011901,111753.495206,1.64,46.46,0.0,0.0,464904418.20040137,305065358.44293135,464878849.0,305065358.0,769944208.0,19207.0,461.74663,304.73296,50811.08,3332.0,68303.08,nan,nan,nan,nan,4473216.0,446782293.2488946,70328.0,67260.87,5213395.0,4.247265,24.416338,7213.0,2.0,1903.0,14714149.0
merge_ampm_cfg20_l2_ddr4_2x,merge,ampm,stage1,cfg20,l2,ddr4_2x,0.00997,9970396956.0,37918836.0,38897850.0,29941132.0,1.266448,830082.0,11099439.0,20759.0,201568.0,10733099151.0,12930.167322,1251298449.0,60277.395298,nan,nan,nan,nan,nan,nan,nan,nan,nan,nan,nan,nan,nan,nan,nan,nan,411274.0,51573.0,396.0,0.125398,0.955569,341003.0,252396.0,88607.0,0.0,460450.0,40443.0,0.0,6004.0,0.0,34424.0,23505.0,0.0,0.0,nan,0.0,0.0,nan,628734.0,201348.0,0.01814,10265.32351,18361.0,2398.0,0.011897,98524.951626,nan,nan,nan,nan,nan,nan,nan,nan,nan,nan,nan,nan,nan,nan,nan,nan,nan,nan,nan,nan,nan,nan,nan,5213253.0,3.69924,18.467711,4449.0,2.0,1833.0,14711139.0
merge_ampm_cfg21_l2_ddr4_1x,merge,ampm,stage1,cfg21,l2,ddr4_1x,0.010019,10018576728.0,37919487.0,38898566.0,30085816.0,1.260379,829732.0,11099199.0,23981.0,201593.0,14300624388.0,17235.233049,1887755355.0,78718.792169,nan,nan,nan,nan,nan,nan,nan,nan,nan,nan,nan,nan,nan,nan,nan,nan,417498.0,48386.0,407.0,0.115895,0.952687,347194.0,287335.0,59859.0,0.0,445260.0,23450.0,0.0,3523.0,0.0,32305.0,26319.0,0.0,0.0,nan,0.0,0.0,nan,628383.0,201349.0,0.018141,13335.554391,21578.0,2403.0,0.01192,113914.962547,1.61,46.02,0.0,0.0,464455593.47718954,304841703.8584365,464449205.0,304841704.0,769290909.0,19207.0,461.434007,304.496745,45502.01,3332.0,62994.01,nan,nan,nan,nan,4472896.0,446460222.9874742,70302.0,61750.27,5213395.0,4.277981,23.611688,8171.0,2.0,1917.0,14710822.0
merge_ampm_cfg21_l2_ddr4_2x,merge,ampm,stage1,cfg21,l2,ddr4_2x,0.010014,10013915061.0,37919468.0,38898546.0,30071817.0,1.260965,830551.0,11099014.0,24249.0,201591.0,13259334720.0,15964.50395,1781691858.0,73474.859087,nan,nan,nan,nan,nan,nan,nan,nan,nan,nan,nan,nan,nan,nan,nan,nan,405716.0,48118.0,404.0,0.1186,0.96136,334944.0,296125.0,38819.0,0.0,409075.0,2739.0,0.0,413.0,0.0,29321.0,26430.0,0.0,0.0,nan,0.0,0.0,nan,629201.0,201350.0,0.018141,12820.541326,22315.0,1934.0,0.009594,93314.210445,nan,nan,nan,nan,nan,nan,nan,nan,nan,nan,nan,nan,nan,nan,nan,nan,nan,nan,nan,nan,nan,nan,nan,5213392.0,4.316688,24.175912,9907.0,2.0,1720.0,14710586.0
merge_ampm_cfg22_l2_ddr4_1x,merge,ampm,stage1,cfg22,l2,ddr4_1x,0.010013,10012645998.0,37919468.0,38898546.0,30068006.0,1.261125,838352.0,11101608.0,24589.0,201593.0,13390062528.0,15971.885948,1732885379.0,70474.007849,nan,nan,nan,nan,nan,nan,nan,nan,nan,nan,nan,nan,nan,nan,nan,nan,382188.0,47777.0,420.0,0.125009,0.952245,311846.0,240287.0,71559.0,0.0,470182.0,74833.0,0.0,11102.0,0.0,35230.0,22318.0,0.0,0.0,nan,13.0,2.0,6.5,637003.0,201349.0,0.018137,12561.022478,22193.0,2396.0,0.011885,111920.660684,1.64,46.47,0.0,0.0,464916067.23435867,305047836.5668871,464890500.0,305047837.0,769938336.0,19207.0,461.784028,304.715457,51057.19,3332.0,68549.19,nan,nan,nan,nan,4474112.0,446846118.4879294,70337.0,67513.5,5213392.0,4.213927,23.744311,7488.0,2.0,1903.0,14713975.0
merge_ampm_cfg22_l2_ddr4_2x,merge,ampm,stage1,cfg22,l2,ddr4_2x,0.00997,9970396956.0,37918836.0,38897850.0,29941132.0,1.266448,830244.0,11099483.0,20772.0,201568.0,10749222012.0,12947.063769,1252724022.0,60308.300693,nan,nan,nan,nan,nan,nan,nan,nan,nan,nan,nan,nan,nan,nan,nan,nan,411409.0,51560.0,396.0,0.125325,0.955576,341137.0,252553.0,88584.0,0.0,460585.0,40443.0,0.0,6004.0,0.0,34445.0,23502.0,0.0,0.0,nan,0.0,0.0,nan,628896.0,201348.0,0.01814,10272.170461,18375.0,2397.0,0.011892,98399.624531,nan,nan,nan,nan,nan,nan,nan,nan,nan,nan,nan,nan,nan,nan,nan,nan,nan,nan,nan,nan,nan,nan,nan,5213253.0,3.698977,18.44705,4451.0,2.0,1833.0,14711189.0
merge_ampm_cfg23_l2_ddr4_1x,merge,ampm,stage1,cfg23,l2,ddr4_1x,0.010019,10018576728.0,37919487.0,38898566.0,30085816.0,1.260379,829732.0,11099188.0,23982.0,201593.0,14301878799.0,17236.744875,1887865911.0,78720.119715,nan,nan,nan,nan,nan,nan,nan,nan,nan,nan,nan,nan,nan,nan,nan,nan,417363.0,48385.0,407.0,0.11593,0.952667,347060.0,287215.0,59843.0,2.0,445125.0,23450.0,0.0,3523.0,0.0,32284.0,26322.0,0.0,0.0,nan,0.0,0.0,nan,628383.0,201349.0,0.018141,13336.085275,21578.0,2404.0,0.011925,114023.272463,1.61,46.02,0.0,0.0,464455593.47718954,304841703.8584365,464449205.0,304841704.0,769290909.0,19207.0,461.434007,304.496745,45524.29,3332.0,63016.29,nan,nan,nan,nan,4472896.0,446460222.9874742,70301.0,61768.94,5213395.0,4.278241,23.624092,8169.0,2.0,1917.0,14710808.0
merge_ampm_cfg23_l2_ddr4_2x,merge,ampm,stage1,cfg23,l2,ddr4_2x,0.010014,10013915061.0,37919468.0,38898546.0,30071817.0,1.260965,830542.0,11099018.0,24248.0,201591.0,13248264468.0,15951.347997,1781033517.0,73450.738906,nan,nan,nan,nan,nan,nan,nan,nan,nan,nan,nan,nan,nan,nan,nan,nan,405581.0,48119.0,404.0,0.118642,0.961342,334810.0,295978.0,38831.0,1.0,408940.0,2739.0,0.0,413.0,0.0,29300.0,26433.0,0.0,0.0,nan,0.0,0.0,nan,629192.0,201350.0,0.018141,12817.296499,22313.0,1935.0,0.009599,93352.72093,nan,nan,nan,nan,nan,nan,nan,nan,nan,nan,nan,nan,nan,nan,nan,nan,nan,nan,nan,nan,nan,nan,nan,5213392.0,4.316787,24.179279,9907.0,2.0,1720.0,14710595.0
merge_ampm_cfg24_l2_ddr4_1x,merge,ampm,stage1,cfg24,l2,ddr4_1x,0.010012,10012070907.0,37919490.0,38898569.0,30066279.0,1.261198,838330.0,11101734.0,24475.0,201586.0,13212123645.0,15760.051108,1715969645.0,70111.119305,nan,nan,nan,nan,nan,nan,nan,nan,nan,nan,nan,nan,nan,nan,nan,nan,382494.0,47887.0,420.0,0.125197,0.952293,312163.0,240261.0,71902.0,0.0,470151.0,74639.0,0.0,10889.0,0.0,35242.0,22401.0,0.0,0.0,nan,13.0,2.0,6.5,636981.0,201349.0,0.018137,12476.410124,22076.0,2399.0,0.011901,111753.495206,1.64,46.46,0.0,0.0,464904418.20040137,305065358.44293135,464878849.0,305065358.0,769944208.0,19207.0,461.74663,304.73296,50811.08,3332.0,68303.08,nan,nan,nan,nan,4473216.0,446782293.2488946,70328.0,67260.87,5213395.0,4.247265,24.416338,7213.0,2.0,1903.0,14714149.0
merge_ampm_cfg24_l2_ddr4_2x,merge,ampm,stage1,cfg24,l2,ddr4_2x,0.00997,9970396956.0,37918836.0,38897850.0,29941132.0,1.266448,830082.0,11099439.0,20759.0,201568.0,10733099151.0,12930.167322,1251298449.0,60277.395298,nan,nan,nan,nan,nan,nan,nan,nan,nan,nan,nan,nan,nan,nan,nan,nan,411274.0,51573.0,396.0,0.125398,0.955569,341003.0,252396.0,88607.0,0.0,460450.0,40443.0,0.0,6004.0,0.0,34424.0,23505.0,0.0,0.0,nan,0.0,0.0,nan,628734.0,201348.0,0.01814,10265.32351,18361.0,2398.0,0.011897,98524.951626,nan,nan,nan,nan,nan,nan,nan,nan,nan,nan,nan,nan,nan,nan,nan,nan,nan,nan,nan,nan,nan,nan,nan,5213253.0,3.69924,18.467711,4449.0,2.0,1833.0,14711139.0
merge_ampm_default_l1d_ddr4_1x,merge,ampm,stage1,default,l1d,ddr4_1x,0.009794,9794269260.0,37918841.0,38897855.0,29412220.0,1.289222,419694.0,10928785.0,72886.0,211706.0,11596907053.0,27631.815211,6305759043.0,86515.367053,2098879.0,129603.0,5149.0,0.061749,0.703332,1942127.0,1768152.0,173975.0,0.0,5964665.0,3625468.0,0.0,37398.0,57835.0,800168.0,212203.0,nan,nan,nan,nan,nan,nan,nan,nan,nan,nan,nan,nan,nan,nan,nan,nan,7028.0,315.0,22.311111,0.0,0.0,nan,365027.0,54667.0,0.005002,20707.078731,nan,72886.0,0.344279,86182.367053,1.61,46.04,0.0,0.0,476275245.87781245,312306709.0356877,476268711.0,312306709.0,788575420.0,19207.0,472.99496,311.790489,41588.45,3332.0,59080.45,4072832.0,415838271.53226537,63929.0,56698.57,nan,nan,nan,nan,5213253.0,4.6954,28.940244,15251.0,2.0,1679.0,14392976.0
merge_ampm_default_l1d_ddr4_2x,merge,ampm,stage1,default,l1d,ddr4_2x,0.00977,9769696524.0,37918836.0,38897850.0,29338428.0,1.292465,405287.0,10927724.0,72890.0,211712.0,9496114907.0,23430.593399,5593708922.0,76741.787927,2111451.0,131719.0,5149.0,0.062383,0.706992,1954619.0,1780760.0,173859.0,0.0,6035068.0,3687176.0,0.0,38719.0,55488.0,821127.0,213741.0,nan,nan,nan,nan,nan,nan,nan,nan,nan,nan,nan,nan,nan,nan,nan,nan,13835.0,397.0,34.848866,0.0,0.0,nan,350697.0,54590.0,0.004996,18975.869885,nan,72890.0,0.344288,76408.787927,nan,nan,nan,nan,nan,nan,nan,nan,nan,nan,nan,nan,nan,nan,nan,nan,nan,nan,nan,nan,nan,nan,nan,5213253.0,4.305816,25.692505,11424.0,2.0,1700.0,14391431.0
merge_ampm_default_l2_ddr4_1x,merge,ampm,stage1,default,l2,ddr4_1x,0.010053,10052500770.0,37919518.0,38898598.0,30187690.0,1.256127,834662.0,11102319.0,23779.0,201511.0,15115119068.0,18109.269462,2012073576.0,84615.567349,nan,nan,nan,nan,nan,nan,nan,nan,nan,nan,nan,nan,nan,nan,nan,nan,715827.0,48777.0,648.0,0.068141,0.875646,649600.0,607728.0,41872.0,0.0,830354.0,104551.0,0.0,8390.0,308.0,116011.0,87242.0,0.0,0.0,nan,4603.0,54.0,85.240741,633305.0,201357.0,0.018136,13958.429804,16852.0,6927.0,0.034375,102990.885954,1.82,45.88,0.0,0.0,465320232.9473684,304532381.54788023,465313866.0,304532382.0,769846248.0,19207.0,461.939582,304.18222,48160.06,3332.0,65652.06,nan,nan,nan,nan,4205184.0,418322176.3632852,66146.0,64070.75,5213397.0,4.494347,26.712952,12930.0,2.0,1765.0,14720727.0
merge_ampm_default_l2_ddr4_2x,merge,ampm,stage1,default,l2,ddr4_2x,0.00999,9990257409.0,37918836.0,38897850.0,30000773.0,1.26393,831091.0,11101585.0,19600.0,201484.0,11301075263.0,13597.87949,1336949985.0,68211.733929,nan,nan,nan,nan,nan,nan,nan,nan,nan,nan,nan,nan,nan,nan,nan,nan,750423.0,52932.0,653.0,0.070536,0.889016,683833.0,626405.0,57428.0,0.0,904895.0,139948.0,0.0,11116.0,152.0,126941.0,90315.0,0.0,0.0,nan,3790.0,182.0,20.824176,629737.0,201354.0,0.018137,10710.31087,12992.0,6608.0,0.032797,92036.748335,nan,nan,nan,nan,nan,nan,nan,nan,nan,nan,nan,nan,nan,nan,nan,nan,nan,nan,nan,nan,nan,nan,nan,5213253.0,3.881677,21.355971,6736.0,2.0,1811.0,14719689.0
quick_ampm_cfg01_l1d_ddr4_1x,quick,ampm,stage1,cfg01,l1d,ddr4_1x,0.008292,8292372327.0,24424725.0,24707905.0,24902019.0,0.981265,54031.0,9155102.0,28534.0,84136.0,1455464412.0,26937.5805,1860832526.0,65214.569496,615952.0,76943.0,693.0,0.124917,0.973383,534152.0,457773.0,76379.0,0.0,628281.0,10383.0,0.0,42.0,0.0,42088.0,40747.0,nan,nan,nan,nan,nan,nan,nan,nan,nan,nan,nan,nan,nan,nan,nan,nan,0.0,0.0,nan,0.0,0.0,nan,51927.0,2104.0,0.00023,21261.986692,nan,28534.0,0.339141,64881.569496,1.46,57.75,0.0,0.0,220231307.51784444,174649176.72406873,220223590.0,174649177.0,394872766.0,19207.0,220.231308,174.162947,19817.47,3332.0,37309.47,1777088.0,214303932.5687046,27767.0,37195.63,nan,nan,nan,nan,4368784.0,2.605996,11.512977,628.0,2.0,1447.0,14158798.0
quick_ampm_cfg01_l1d_ddr4_2x,quick,ampm,stage1,cfg01,l1d,ddr4_2x,0.008282,8281716993.0,24424730.0,24707910.0,24870021.0,0.982528,55570.0,9155639.0,28540.0,84141.0,1349848134.0,24290.950765,1634122153.0,57257.258339,616101.0,76842.0,689.0,0.124723,0.973349,534303.0,460229.0,74074.0,0.0,628252.0,10273.0,0.0,41.0,0.0,42015.0,40774.0,nan,nan,nan,nan,nan,nan,nan,nan,nan,nan,nan,nan,nan,nan,nan,nan,0.0,0.0,nan,0.0,0.0,nan,53466.0,2104.0,0.00023,19131.198194,nan,28540.0,0.339193,56924.258339,nan,nan,nan,nan,nan,nan,nan,nan,nan,nan,nan,nan,nan,nan,nan,nan,nan,nan,nan,nan,nan,nan,nan,4368784.0,2.555401,9.835201,304.0,2.0,1356.0,14159385.0
quick_ampm_cfg01_l2_ddr4_1x,quick,ampm,stage1,cfg01,l2,ddr4_1x,0.008615,8615012364.0,24424739.0,24707920.0,25870908.0,0.944516,247169.0,9219836.0,4065.0,82879.0,1984895784.0,8030.520753,174275217.0,42872.132103,nan,nan,nan,nan,nan,nan,nan,nan,nan,nan,nan,nan,nan,nan,nan,nan,142342.0,24437.0,223.0,0.171678,0.972539,114395.0,103553.0,10842.0,0.0,142345.0,2.0,0.0,1.0,0.0,9055.0,8487.0,0.0,0.0,nan,0.0,0.0,nan,164534.0,82635.0,0.008963,6138.91051,3375.0,690.0,0.008325,80392.473913,2.02,58.29,0.0,0.0,212607472.00478423,168777006.76042813,212600043.0,168777007.0,381377050.0,19207.0,212.600043,168.368418,19140.18,3332.0,36632.18,nan,nan,nan,nan,1787328.0,207466678.45409027,27928.0,36221.69,4368785.0,2.821073,10.131609,487.0,2.0,1464.0,14624754.0
quick_ampm_cfg01_l2_ddr4_2x,quick,ampm,stage1,cfg01,l2,ddr4_2x,0.008593,8592633099.0,24424725.0,24707905.0,25803703.0,0.946976,246807.0,9219100.0,3956.0,82871.0,1793537001.0,7266.961638,143339517.0,36233.447169,nan,nan,nan,nan,nan,nan,nan,nan,nan,nan,nan,nan,nan,nan,nan,nan,141797.0,24538.0,227.0,0.17305,0.972919,113857.0,105589.0,8268.0,0.0,141800.0,2.0,0.0,1.0,0.0,9020.0,8470.0,0.0,0.0,nan,0.0,0.0,nan,164172.0,82635.0,0.008963,5802.77132,3273.0,683.0,0.008242,61692.759883,nan,nan,nan,nan,nan,nan,nan,nan,nan,nan,nan,nan,nan,nan,nan,nan,nan,nan,nan,nan,nan,nan,nan,4368784.0,2.797933,10.214395,428.0,2.0,1228.0,14622240.0
quick_ampm_cfg02_l1d_ddr4_1x,quick,ampm,stage1,cfg02,l1d,ddr4_1x,0.008234,8233551207.0,24424725.0,24707905.0,24725379.0,0.988275,9320.0,9131035.0,28529.0,84157.0,442210680.0,47447.497854,1948286866.0,68291.453118,638969.0,80899.0,707.0,0.126609,0.974992,557121.0,498042.0,59079.0,0.0,652462.0,11749.0,0.0,41.0,0.0,45872.0,45168.0,nan,nan,nan,nan,nan,nan,nan,nan,nan,nan,nan,nan,nan,nan,nan,nan,0.0,0.0,nan,0.0,0.0,nan,7245.0,2075.0,0.000227,21756.53494,nan,28529.0,0.338997,67958.453118,1.3,61.66,0.0,0.0,221765791.4664622,175865791.5152018,221758018.0,175865792.0,397623810.0,19207.0,221.758018,175.383861,22782.84,3332.0,40274.84,1776576.0,215772751.67604363,27760.0,40287.16,nan,nan,nan,nan,4368784.0,2.282662,8.082025,356.0,2.0,1260.0,14127076.0
quick_ampm_cfg02_l1d_ddr4_2x,quick,ampm,stage1,cfg02,l1d,ddr4_2x,0.008227,8227204227.0,24424730.0,24707910.0,24706319.0,0.989038,9123.0,9130992.0,28534.0,84164.0,396226377.0,43431.587964,1687795026.0,59150.31282,638009.0,80923.0,707.0,0.126837,0.975023,556157.0,502481.0,53676.0,0.0,651390.0,11639.0,0.0,41.0,0.0,45617.0,45193.0,nan,nan,nan,nan,nan,nan,nan,nan,nan,nan,nan,nan,nan,nan,nan,nan,0.0,0.0,nan,0.0,0.0,nan,7050.0,2073.0,0.000227,19768.280753,nan,28534.0,0.339029,58817.31282,nan,nan,nan,nan,nan,nan,nan,nan,nan,nan,nan,nan,nan,nan,nan,nan,nan,nan,nan,nan,nan,nan,nan,4368784.0,2.259758,6.938252,265.0,2.0,1239.0,14126945.0
quick_ampm_cfg02_l2_ddr4_1x,quick,ampm,stage1,cfg02,l2,ddr4_1x,0.008581,8580504573.0,24424730.0,24707910.0,25767281.0,0.948315,228486.0,9206519.0,1388.0,82877.0,1376089200.0,6022.641212,98586315.0,71027.604467,nan,nan,nan,nan,nan,nan,nan,nan,nan,nan,nan,nan,nan,nan,nan,nan,160604.0,27112.0,229.0,0.168813,0.976094,132631.0,116856.0,15775.0,0.0,160607.0,2.0,0.0,1.0,0.0,10439.0,9909.0,0.0,0.0,nan,0.0,0.0,nan,145851.0,82635.0,0.008976,5362.216773,724.0,664.0,0.008012,74827.206325,2.06,60.89,0.0,0.0,213462504.9631099,169440851.3661193,213455046.0,169440851.0,382895898.0,19207.0,213.447587,169.038078,20156.91,3332.0,37648.91,nan,nan,nan,nan,1788928.0,208487506.157757,27954.0,37407.14,4368784.0,2.660491,8.998558,383.0,2.0,1386.0,14609274.0
quick_ampm_cfg02_l2_ddr4_2x,quick,ampm,stage1,cfg02,l2,ddr4_2x,0.008564,8564112648.0,24424730.0,24707910.0,25718056.0,0.95013,228181.0,9206377.0,1227.0,82876.0,1277941446.0,5600.560283,79403184.0,64713.271394,nan,nan,nan,nan,nan,nan,nan,nan,nan,nan,nan,nan,nan,nan,nan,nan,160534.0,27271.0,228.0,0.169877,0.976231,132564.0,120284.0,12280.0,0.0,160537.0,2.0,0.0,1.0,0.0,10423.0,9906.0,0.0,0.0,nan,0.0,0.0,nan,145545.0,82636.0,0.008976,5138.014788,563.0,664.0,0.008012,64448.037651,nan,nan,nan,nan,nan,nan,nan,nan,nan,nan,nan,nan,nan,nan,nan,nan,nan,nan,nan,nan,nan,nan,nan,4368784.0,2.610552,6.886251,234.0,2.0,1127.0,14606990.0
quick_ampm_cfg03_l1d_ddr4_1x,quick,ampm,stage1,cfg03,l1d,ddr4_1x,0.008292,8292372327.0,24424725.0,24707905.0,24902019.0,0.981265,54031.0,9155102.0,28534.0,84136.0,1455464412.0,26937.5805,1860832526.0,65214.569496,615952.0,76943.0,693.0,0.124917,0.973383,534152.0,457773.0,76379.0,0.0,628281.0,10383.0,0.0,42.0,0.0,42088.0,40747.0,nan,nan,nan,nan,nan,nan,nan,nan,nan,nan,nan,nan,nan,nan,nan,nan,0.0,0.0,nan,0.0,0.0,nan,51927.0,2104.0,0.00023,21261.986692,nan,28534.0,0.339141,64881.569496,1.46,57.75,0.0,0.0,220231307.51784444,174649176.72406873,220223590.0,174649177.0,394872766.0,19207.0,220.231308,174.162947,19817.47,3332.0,37309.47,1777088.0,214303932.5687046,27767.0,37195.63,nan,nan,nan,nan,4368784.0,2.605996,11.512977,628.0,2.0,1447.0,14158798.0
quick_ampm_cfg03_l1d_ddr4_2x,quick,ampm,stage1,cfg03,l1d,ddr4_2x,0.008282,8281716993.0,24424730.0,24707910.0,24870021.0,0.982528,55570.0,9155639.0,28540.0,84141.0,1349848134.0,24290.950765,1634122153.0,57257.258339,616101.0,76842.0,689.0,0.124723,0.973349,534303.0,460229.0,74074.0,0.0,628252.0,10273.0,0.0,41.0,0.0,42015.0,40774.0,nan,nan,nan,nan,nan,nan,nan,nan,nan,nan,nan,nan,nan,nan,nan,nan,0.0,0.0,nan,0.0,0.0,nan,53466.0,2104.0,0.00023,19131.198194,nan,28540.0,0.339193,56924.258339,nan,nan,nan,nan,nan,nan,nan,nan,nan,nan,nan,nan,nan,nan,nan,nan,nan,nan,nan,nan,nan,nan,nan,4368784.0,2.555401,9.835201,304.0,2.0,1356.0,14159385.0
quick_ampm_cfg03_l2_ddr4_1x,quick,ampm,stage1,cfg03,l2,ddr4_1x,0.008615,8614872504.0,24424725.0,24707905.0,25870488.0,0.944531,247110.0,9219805.0,4054.0,82877.0,1984651362.0,8031.448998,172849644.0,42636.814011,nan,nan,nan,nan,nan,nan,nan,nan,nan,nan,nan,nan,nan,nan,nan,nan,142654.0,24446.0,230.0,0.171366,0.972898,114706.0,103777.0,10929.0,0.0,142657.0,2.0,0.0,1.0,0.0,9100.0,8534.0,0.0,0.0,nan,0.0,0.0,nan,164475.0,82635.0,0.008963,6134.19568,3373.0,681.0,0.008217,79681.374449,2.02,59.88,0.0,0.0,212544062.5093202,168712885.68985185,212536633.0,168712886.0,381249519.0,19207.0,212.529204,168.244858,19406.62,3332.0,36898.62,nan,nan,nan,nan,1787328.0,207470046.61649022,27928.0,36515.65,4368784.0,2.832783,10.610338,534.0,2.0,1512.0,14624843.0
quick_ampm_cfg03_l2_ddr4_2x,quick,ampm,stage1,cfg03,l2,ddr4_2x,0.008594,8593791939.0,24424730.0,24707910.0,25807183.0,0.946848,246688.0,9219243.0,3955.0,82875.0,1812115737.0,7345.779839,144770751.0,36604.488243,nan,nan,nan,nan,nan,nan,nan,nan,nan,nan,nan,nan,nan,nan,nan,nan,142140.0,24543.0,226.0,0.172668,0.973002,114188.0,105905.0,8283.0,0.0,142143.0,2.0,0.0,1.0,0.0,9071.0,8536.0,0.0,0.0,nan,0.0,0.0,nan,164053.0,82635.0,0.008963,5817.842657,3274.0,681.0,0.008217,60830.444934,nan,nan,nan,nan,nan,nan,nan,nan,nan,nan,nan,nan,nan,nan,nan,nan,nan,nan,nan,nan,nan,nan,nan,4368784.0,2.794885,10.322462,418.0,2.0,1365.0,14622604.0
quick_ampm_cfg04_l1d_ddr4_1x,quick,ampm,stage1,cfg04,l1d,ddr4_1x,0.008234,8233551207.0,24424725.0,24707905.0,24725379.0,0.988275,9320.0,9131035.0,28529.0,84157.0,442210680.0,47447.497854,1948286866.0,68291.453118,638983.0,80899.0,707.0,0.126606,0.974992,557135.0,498056.0,59079.0,0.0,652476.0,11749.0,0.0,41.0,0.0,45872.0,45168.0,nan,nan,nan,nan,nan,nan,nan,nan,nan,nan,nan,nan,nan,nan,nan,nan,0.0,0.0,nan,0.0,0.0,nan,7245.0,2075.0,0.000227,21756.53494,nan,28529.0,0.338997,67958.453118,1.3,61.66,0.0,0.0,221765791.4664622,175865791.5152018,221758018.0,175865792.0,397623810.0,19207.0,221.758018,175.383861,22782.84,3332.0,40274.84,1776576.0,215772751.67604363,27760.0,40287.16,nan,nan,nan,nan,4368784.0,2.282662,8.082025,356.0,2.0,1260.0,14127076.0
quick_ampm_cfg04_l1d_ddr4_2x,quick,ampm,stage1,cfg04,l1d,ddr4_2x,0.008227,8227204227.0,24424730.0,24707910.0,24706319.0,0.989038,9123.0,9130992.0,28534.0,84164.0,396226377.0,43431.587964,1687795026.0,59150.31282,638023.0,80923.0,707.0,0.126834,0.975023,556171.0,502495.0,53676.0,0.0,651404.0,11639.0,0.0,41.0,0.0,45617.0,45193.0,nan,nan,nan,nan,nan,nan,nan,nan,nan,nan,nan,nan,nan,nan,nan,nan,0.0,0.0,nan,0.0,0.0,nan,7050.0,2073.0,0.000227,19768.280753,nan,28534.0,0.339029,58817.31282,nan,nan,nan,nan,nan,nan,nan,nan,nan,nan,nan,nan,nan,nan,nan,nan,nan,nan,nan,nan,nan,nan,nan,4368784.0,2.259758,6.938252,265.0,2.0,1239.0,14126945.0
quick_ampm_cfg04_l2_ddr4_1x,quick,ampm,stage1,cfg04,l2,ddr4_1x,0.008584,8583823917.0,24424730.0,24707910.0,25777249.0,0.947948,228577.0,9206592.0,1392.0,82879.0,1406501424.0,6153.293743,105767793.0,75982.609914,nan,nan,nan,nan,nan,nan,nan,nan,nan,nan,nan,nan,nan,nan,nan,nan,160732.0,27110.0,226.0,0.168666,0.975952,132761.0,117133.0,15628.0,0.0,160735.0,2.0,0.0,1.0,0.0,10450.0,9933.0,0.0,0.0,nan,0.0,0.0,nan,145942.0,82635.0,0.008976,5432.967435,724.0,668.0,0.00806,81131.860778,2.07,59.89,0.0,0.0,213394871.29649612,169390240.766748,213387415.0,169390241.0,382777656.0,19207.0,213.387415,168.957799,20719.26,3332.0,38211.26,nan,nan,nan,nan,1788864.0,208399428.65757182,27952.0,37831.6,4368784.0,2.664648,9.195733,412.0,2.0,1512.0,14609250.0
quick_ampm_cfg04_l2_ddr4_2x,quick,ampm,stage1,cfg04,l2,ddr4_2x,0.008565,8565437655.0,24424730.0,24707910.0,25722035.0,0.949983,228254.0,9206432.0,1245.0,82876.0,1296321381.0,5679.29316,81030555.0,65084.783133,nan,nan,nan,nan,nan,nan,nan,nan,nan,nan,nan,nan,nan,nan,nan,nan,160863.0,27253.0,229.0,0.169417,0.976145,132895.0,120513.0,12382.0,0.0,160866.0,2.0,0.0,1.0,0.0,10466.0,9965.0,0.0,0.0,nan,0.0,0.0,nan,145617.0,82637.0,0.008976,5168.570059,579.0,666.0,0.008036,64120.0,nan,nan,nan,nan,nan,nan,nan,nan,nan,nan,nan,nan,nan,nan,nan,nan,nan,nan,nan,nan,nan,nan,nan,4368784.0,2.616148,7.227673,249.0,2.0,1271.0,14607579.0
quick_ampm_cfg05_l1d_ddr4_1x,quick,ampm,stage1,cfg05,l1d,ddr4_1x,0.00829,8289726975.0,24424730.0,24707910.0,24894075.0,0.981579,53910.0,9155148.0,28564.0,85094.0,1440086805.0,26712.795492,1986784910.0,69555.556295,836979.0,77495.0,1068.0,0.092589,0.972749,754295.0,678818.0,75476.0,1.0,850007.0,11042.0,0.0,51.0,0.0,102994.0,101720.0,nan,nan,nan,nan,nan,nan,nan,nan,nan,nan,nan,nan,nan,nan,nan,nan,311.0,1.0,311.0,0.0,0.0,nan,51739.0,2171.0,0.000237,20613.02211,nan,28564.0,0.335676,69222.556295,2.0,55.78,0.0,0.0,220533197.95854917,174851596.96710035,220525478.0,174851597.0,395377075.0,19207.0,220.533198,174.442416,24224.51,3332.0,41716.51,1778752.0,214573049.9163997,27793.0,41787.8,nan,nan,nan,nan,4368784.0,2.585455,10.859234,567.0,2.0,1219.0,14158999.0
quick_ampm_cfg05_l1d_ddr4_2x,quick,ampm,stage1,cfg05,l1d,ddr4_2x,0.008281,8281374003.0,24424725.0,24707905.0,24868991.0,0.982568,54873.0,9155230.0,28563.0,85082.0,1310607414.0,23884.376907,1682911360.0,58919.278787,835247.0,77406.0,1064.0,0.092674,0.972706,752572.0,680543.0,72029.0,0.0,848620.0,11410.0,0.0,49.0,0.0,102508.0,101276.0,nan,nan,nan,nan,nan,nan,nan,nan,nan,nan,nan,nan,nan,nan,nan,nan,185.0,1.0,185.0,0.0,0.0,nan,52701.0,2172.0,0.000237,19391.117403,nan,28563.0,0.335711,58586.278787,nan,nan,nan,nan,nan,nan,nan,nan,nan,nan,nan,nan,nan,nan,nan,nan,nan,nan,nan,nan,nan,nan,nan,4368784.0,2.548787,9.571611,327.0,2.0,1229.0,14159193.0
quick_ampm_cfg05_l2_ddr4_1x,quick,ampm,stage1,cfg05,l2,ddr4_1x,0.008615,8615123919.0,24424730.0,24707910.0,25871243.0,0.944504,247336.0,9219994.0,4070.0,82879.0,1985966379.0,8029.427091,173151009.0,42543.245455,nan,nan,nan,nan,nan,nan,nan,nan,nan,nan,nan,nan,nan,nan,nan,nan,142363.0,24432.0,227.0,0.171618,0.972573,114415.0,103513.0,10901.0,1.0,142366.0,2.0,0.0,1.0,0.0,9061.0,8486.0,0.0,0.0,nan,0.0,0.0,nan,164701.0,82635.0,0.008963,6137.290543,3381.0,689.0,0.008313,79202.769231,2.04,58.47,0.0,0.0,212604719.00589967,168774821.31084365,212597290.0,168774821.0,381372112.0,19207.0,212.582433,168.343951,19275.15,3332.0,36767.15,nan,nan,nan,nan,1787264.0,207456563.22578543,27929.0,36384.68,4368784.0,2.827864,10.521529,487.0,2.0,1443.0,14625026.0
quick_ampm_cfg05_l2_ddr4_2x,quick,ampm,stage1,cfg05,l2,ddr4_2x,0.008593,8592747984.0,24424739.0,24707920.0,25804048.0,0.946964,246737.0,9219326.0,3931.0,82871.0,1797827706.0,7286.413088,142101423.0,36148.924701,nan,nan,nan,nan,nan,nan,nan,nan,nan,nan,nan,nan,nan,nan,nan,nan,141988.0,24563.0,228.0,0.172993,0.972908,114042.0,105914.0,8128.0,0.0,141991.0,2.0,0.0,1.0,0.0,9043.0,8525.0,0.0,0.0,nan,0.0,0.0,nan,164102.0,82635.0,0.008963,5787.176112,3247.0,684.0,0.008254,62406.828947,nan,nan,nan,nan,nan,nan,nan,nan,nan,nan,nan,nan,nan,nan,nan,nan,nan,nan,nan,nan,nan,nan,nan,4368785.0,2.779284,9.701758,357.0,2.0,1361.0,14622322.0
quick_ampm_cfg06_l1d_ddr4_1x,quick,ampm,stage1,cfg06,l1d,ddr4_1x,0.00823,8230494600.0,24424730.0,24707910.0,24716200.0,0.988643,9293.0,9130965.0,28559.0,85286.0,416332917.0,44800.701281,2068305774.0,72422.20575,881565.0,81508.0,1178.0,0.092458,0.9743,798666.0,742306.0,56360.0,0.0,897211.0,13777.0,0.0,42.0,0.0,111153.0,110348.0,nan,nan,nan,nan,nan,nan,nan,nan,nan,nan,nan,nan,nan,nan,nan,nan,185.0,1.0,185.0,0.0,0.0,nan,7143.0,2150.0,0.000235,20418.785581,nan,28559.0,0.334862,72089.20575,1.5,52.92,0.0,0.0,222081428.73941013,176063295.1511808,222073653.0,176063295.0,398136948.0,19207.0,222.073653,175.620065,26975.95,3332.0,44467.95,1778496.0,216086163.27869284,27790.0,44642.29,nan,nan,nan,nan,4368784.0,2.277097,7.754067,322.0,2.0,1260.0,14126933.0
quick_ampm_cfg06_l1d_ddr4_2x,quick,ampm,stage1,cfg06,l1d,ddr4_2x,0.008227,8227228536.0,24424730.0,24707910.0,24706392.0,0.989035,9248.0,9131012.0,28559.0,85178.0,398392209.0,43078.742323,1728313797.0,60517.307924,857884.0,81481.0,1115.0,0.094979,0.974385,775087.0,722070.0,53017.0,0.0,871550.0,11869.0,0.0,45.0,0.0,105808.0,105231.0,nan,nan,nan,nan,nan,nan,nan,nan,nan,nan,nan,nan,nan,nan,nan,nan,186.0,1.0,186.0,0.0,0.0,nan,7106.0,2142.0,0.000235,19835.731092,nan,28559.0,0.335286,60184.307924,nan,nan,nan,nan,nan,nan,nan,nan,nan,nan,nan,nan,nan,nan,nan,nan,nan,nan,nan,nan,nan,nan,nan,4368784.0,2.259981,6.957984,271.0,2.0,1277.0,14126919.0
quick_ampm_cfg06_l2_ddr4_1x,quick,ampm,stage1,cfg06,l2,ddr4_1x,0.008584,8584233507.0,24424725.0,24707905.0,25778479.0,0.947902,228548.0,9206626.0,1404.0,82875.0,1396044891.0,6108.322501,103479750.0,73703.525641,nan,nan,nan,nan,nan,nan,nan,nan,nan,nan,nan,nan,nan,nan,nan,nan,160540.0,27094.0,227.0,0.168768,0.976044,132574.0,116762.0,15812.0,0.0,160543.0,2.0,0.0,1.0,0.0,10434.0,9917.0,0.0,0.0,nan,0.0,0.0,nan,145913.0,82635.0,0.008976,5414.426466,739.0,665.0,0.008024,77756.75188,2.06,60.43,0.0,0.0,213325045.09653947,169322514.2133823,213317590.0,169322514.0,382640104.0,19207.0,213.325045,168.927371,20591.18,3332.0,38083.18,nan,nan,nan,nan,1788608.0,208359662.9263967,27947.0,37784.34,4368784.0,2.664373,9.172516,409.0,2.0,1483.0,14609035.0
quick_ampm_cfg06_l2_ddr4_2x,quick,ampm,stage1,cfg06,l2,ddr4_2x,0.008565,8564711049.0,24424725.0,24707905.0,25719853.0,0.950063,228190.0,9206337.0,1213.0,82873.0,1293222150.0,5667.30422,79836750.0,65817.600989,nan,nan,nan,nan,nan,nan,nan,nan,nan,nan,nan,nan,nan,nan,nan,nan,160439.0,27282.0,227.0,0.170046,0.97631,132476.0,120143.0,12333.0,0.0,160442.0,2.0,0.0,1.0,0.0,10418.0,9916.0,0.0,0.0,nan,0.0,0.0,nan,145553.0,82637.0,0.008976,5155.989424,551.0,662.0,0.007988,65780.57855,nan,nan,nan,nan,nan,nan,nan,nan,nan,nan,nan,nan,nan,nan,nan,nan,nan,nan,nan,nan,nan,nan,nan,4368784.0,2.61917,7.532721,267.0,2.0,1271.0,14607085.0
quick_ampm_cfg07_l1d_ddr4_1x,quick,ampm,stage1,cfg07,l1d,ddr4_1x,0.008274,8274351033.0,24424730.0,24707910.0,24847901.0,0.983403,38670.0,9146426.0,28553.0,85092.0,1070205390.0,27675.339798,2014204378.0,70542.653241,834004.0,78636.0,1057.0,0.094287,0.973097,751325.0,682883.0,68441.0,1.0,849405.0,13317.0,0.0,60.0,0.0,104223.0,103182.0,nan,nan,nan,nan,nan,nan,nan,nan,nan,nan,nan,nan,nan,nan,nan,nan,311.0,1.0,311.0,0.0,0.0,nan,36496.0,2174.0,0.000238,19922.712971,nan,28553.0,0.335554,70209.653241,2.02,55.69,0.0,0.0,220857925.01571286,175114639.7126756,220850190.0,175114640.0,395964830.0,19207.0,220.85019,174.704698,25193.16,3332.0,42685.16,1777984.0,214878966.68983394,27782.0,42818.07,nan,nan,nan,nan,4368784.0,2.469639,8.702154,430.0,2.0,1525.0,14149476.0
quick_ampm_cfg07_l1d_ddr4_2x,quick,ampm,stage1,cfg07,l1d,ddr4_2x,0.008285,8284616757.0,24424725.0,24707905.0,24878729.0,0.982184,54947.0,9155369.0,28558.0,85079.0,1326790548.0,24146.733179,1693541184.0,59301.813292,839055.0,77406.0,1058.0,0.092254,0.972682,756383.0,684340.0,72043.0,0.0,852567.0,11492.0,0.0,51.0,0.0,103834.0,102271.0,nan,nan,nan,nan,nan,nan,nan,nan,nan,nan,nan,nan,nan,nan,nan,nan,185.0,1.0,185.0,0.0,0.0,nan,52773.0,2174.0,0.000237,20907.161454,nan,28558.0,0.335665,58968.813292,nan,nan,nan,nan,nan,nan,nan,nan,nan,nan,nan,nan,nan,nan,nan,nan,nan,nan,nan,nan,nan,nan,nan,4368784.0,2.555434,9.708815,398.0,2.0,1351.0,14159286.0
quick_ampm_cfg07_l2_ddr4_1x,quick,ampm,stage1,cfg07,l2,ddr4_1x,0.008615,8614945098.0,24424730.0,24707910.0,25870706.0,0.944523,247209.0,9219874.0,4080.0,82880.0,1981064619.0,8013.723687,173621871.0,42554.380147,nan,nan,nan,nan,nan,nan,nan,nan,nan,nan,nan,nan,nan,nan,nan,nan,142572.0,24422.0,231.0,0.171296,0.972794,114618.0,103687.0,10931.0,0.0,142575.0,2.0,0.0,1.0,0.0,9083.0,8512.0,0.0,0.0,nan,0.0,0.0,nan,164573.0,82636.0,0.008963,6135.124849,3397.0,683.0,0.008241,79313.969253,2.02,59.88,0.0,0.0,212609132.0564792,168778324.58126247,212601703.0,168778325.0,381380028.0,19207.0,212.594274,168.347445,19470.46,3332.0,36962.46,nan,nan,nan,nan,1787776.0,207520301.01910233,27935.0,36586.32,4368784.0,2.835454,10.808371,545.0,2.0,1512.0,14624946.0
quick_ampm_cfg07_l2_ddr4_2x,quick,ampm,stage1,cfg07,l2,ddr4_2x,0.008594,8593702029.0,24424725.0,24707905.0,25806913.0,0.946858,246592.0,9219196.0,3955.0,82872.0,1797091110.0,7287.71051,143222967.0,36213.13957,nan,nan,nan,nan,nan,nan,nan,nan,nan,nan,nan,nan,nan,nan,nan,nan,142164.0,24540.0,229.0,0.172618,0.973114,114217.0,105894.0,8323.0,0.0,142167.0,2.0,0.0,1.0,0.0,9038.0,8507.0,0.0,0.0,nan,0.0,0.0,nan,163957.0,82635.0,0.008963,5803.835179,3277.0,678.0,0.008181,63182.084071,nan,nan,nan,nan,nan,nan,nan,nan,nan,nan,nan,nan,nan,nan,nan,nan,nan,nan,nan,nan,nan,nan,nan,4368784.0,2.781335,9.724801,371.0,2.0,1337.0,14622654.0
quick_ampm_cfg08_l1d_ddr4_1x,quick,ampm,stage1,cfg08,l1d,ddr4_1x,0.008227,8227432665.0,24424739.0,24707920.0,24707005.0,0.989011,9075.0,9130922.0,28551.0,85136.0,365026608.0,40223.317686,2072423109.0,72586.708311,887763.0,81469.0,1101.0,0.091769,0.974416,805005.0,748991.0,56014.0,0.0,903632.0,13914.0,0.0,66.0,0.0,114509.0,113911.0,nan,nan,nan,nan,nan,nan,nan,nan,nan,nan,nan,nan,nan,nan,nan,nan,311.0,1.0,311.0,0.0,0.0,nan,6936.0,2139.0,0.000234,21007.800842,nan,28551.0,0.335358,72253.708311,2.04,56.2,0.0,0.0,222101848.09820017,176097703.7421916,222094069.0,176097704.0,398191773.0,19207.0,222.08629,175.685424,27167.03,3332.0,44659.03,1777792.0,216081014.86662245,27780.0,44796.64,nan,nan,nan,nan,4368785.0,2.251531,5.830708,268.0,2.0,1231.0,14126848.0
quick_ampm_cfg08_l1d_ddr4_2x,quick,ampm,stage1,cfg08,l1d,ddr4_2x,0.008226,8225953146.0,24424739.0,24707920.0,24702562.0,0.989189,9156.0,9130975.0,28552.0,85135.0,346923729.0,37890.315531,1745468622.0,61132.972191,888027.0,81460.0,1100.0,0.091731,0.974414,805271.0,755297.0,49974.0,0.0,904764.0,14757.0,0.0,69.0,0.0,114634.0,113998.0,nan,nan,nan,nan,nan,nan,nan,nan,nan,nan,nan,nan,nan,nan,nan,nan,185.0,1.0,185.0,0.0,0.0,nan,7017.0,2139.0,0.000234,20081.347826,nan,28552.0,0.335373,60799.972191,nan,nan,nan,nan,nan,nan,nan,nan,nan,nan,nan,nan,nan,nan,nan,nan,nan,nan,nan,nan,nan,nan,nan,4368785.0,2.248563,5.85011,265.0,2.0,1261.0,14126903.0
quick_ampm_cfg08_l2_ddr4_1x,quick,ampm,stage1,cfg08,l2,ddr4_1x,0.008584,8583699708.0,24424725.0,24707905.0,25776876.0,0.947961,228486.0,9206593.0,1384.0,82877.0,1403398863.0,6142.16566,104679882.0,75635.75289,nan,nan,nan,nan,nan,nan,nan,nan,nan,nan,nan,nan,nan,nan,nan,nan,160664.0,27116.0,228.0,0.168775,0.976028,132699.0,117025.0,15674.0,0.0,160667.0,2.0,0.0,1.0,0.0,10449.0,9946.0,0.0,0.0,nan,0.0,0.0,nan,145851.0,82635.0,0.008976,5427.345907,718.0,666.0,0.008036,80982.5,2.07,59.89,0.0,0.0,213330855.259691,169325587.96825048,213323399.0,169325588.0,382648987.0,19207.0,213.323399,168.85586,20638.8,3332.0,38130.8,nan,nan,nan,nan,1788416.0,208350252.31989393,27945.0,37756.48,4368784.0,2.66293,9.157775,406.0,2.0,1512.0,14609239.0
quick_ampm_cfg08_l2_ddr4_2x,quick,ampm,stage1,cfg08,l2,ddr4_2x,0.008565,8565277482.0,24424730.0,24707910.0,25721554.0,0.95,228224.0,9206301.0,1242.0,82872.0,1296598770.0,5681.255127,80857062.0,65102.304348,nan,nan,nan,nan,nan,nan,nan,nan,nan,nan,nan,nan,nan,nan,nan,nan,160785.0,27253.0,233.0,0.1695,0.97618,132815.0,120481.0,12334.0,0.0,160788.0,2.0,0.0,1.0,0.0,10468.0,9993.0,0.0,0.0,nan,0.0,0.0,nan,145589.0,82635.0,0.008976,5164.55658,577.0,665.0,0.008024,63824.833083,nan,nan,nan,nan,nan,nan,nan,nan,nan,nan,nan,nan,nan,nan,nan,nan,nan,nan,nan,nan,nan,nan,nan,4368784.0,2.634067,8.191723,343.0,2.0,1271.0,14607442.0
quick_ampm_cfg17_l2_ddr4_1x,quick,ampm,stage1,cfg17,l2,ddr4_1x,0.008617,8617378662.0,24424730.0,24707910.0,25878014.0,0.944257,247244.0,9219863.0,3978.0,82876.0,1993289049.0,8062.032037,173384775.0,43585.91629,nan,nan,nan,nan,nan,nan,nan,nan,nan,nan,nan,nan,nan,nan,nan,nan,187061.0,24523.0,249.0,0.131096,0.972209,159106.0,145912.0,13194.0,0.0,187067.0,5.0,0.0,1.0,0.0,13718.0,13073.0,0.0,0.0,nan,0.0,0.0,nan,164609.0,82635.0,0.008963,6149.323434,3277.0,701.0,0.008458,84783.890157,1.97,54.3,0.0,0.0,212667920.47579166,168812356.64098987,212653067.0,168812357.0,381465423.0,19207.0,212.638213,168.381599,19180.98,3332.0,36672.98,nan,nan,nan,nan,1787456.0,207424562.6320372,27933.0,36140.63,4368784.0,2.83877,10.582817,669.0,2.0,1602.0,14624081.0
quick_ampm_cfg17_l2_ddr4_2x,quick,ampm,stage1,cfg17,l2,ddr4_2x,0.008591,8591292108.0,24424725.0,24707905.0,25799676.0,0.947124,246552.0,9219282.0,3880.0,82871.0,1782967914.0,7231.610021,141184008.0,36387.630928,nan,nan,nan,nan,nan,nan,nan,nan,nan,nan,nan,nan,nan,nan,nan,nan,186643.0,24616.0,249.0,0.131888,0.97258,158693.0,148262.0,10431.0,0.0,186650.0,6.0,0.0,1.0,0.0,13688.0,13100.0,0.0,0.0,nan,0.0,0.0,nan,163917.0,82635.0,0.008963,5787.583119,3186.0,694.0,0.008374,68982.341499,nan,nan,nan,nan,nan,nan,nan,nan,nan,nan,nan,nan,nan,nan,nan,nan,nan,nan,nan,nan,nan,nan,nan,4368784.0,2.777927,9.288294,374.0,2.0,1209.0,14622133.0
quick_ampm_cfg18_l2_ddr4_1x,quick,ampm,stage1,cfg18,l2,ddr4_1x,0.008585,8585410662.0,24424725.0,24707905.0,25782014.0,0.947773,228255.0,9206334.0,1294.0,82876.0,1405929330.0,6159.467832,102706857.0,79371.6051,nan,nan,nan,nan,nan,nan,nan,nan,nan,nan,nan,nan,nan,nan,nan,nan,212330.0,27207.0,251.0,0.128135,0.976246,184342.0,165420.0,18922.0,0.0,212336.0,5.0,0.0,1.0,0.0,15880.0,15235.0,0.0,0.0,nan,0.0,0.0,nan,145620.0,82635.0,0.008976,5413.189327,632.0,662.0,0.007988,90947.732628,1.67,58.05,0.0,0.0,213415067.97220227,169381297.791204,213400159.0,169381298.0,382781457.0,19207.0,213.407613,168.963845,20960.66,3332.0,38452.66,nan,nan,nan,nan,1789824.0,208472730.13065803,27966.0,37849.95,4368784.0,2.663663,8.621692,638.0,2.0,1380.0,14607862.0
quick_ampm_cfg18_l2_ddr4_2x,quick,ampm,stage1,cfg18,l2,ddr4_2x,0.008563,8562774654.0,24424725.0,24707905.0,25714038.0,0.950278,228178.0,9206256.0,1154.0,82872.0,1277855199.0,5600.255936,76277979.0,66098.768631,nan,nan,nan,nan,nan,nan,nan,nan,nan,nan,nan,nan,nan,nan,nan,nan,212325.0,27343.0,251.0,0.128779,0.976501,184336.0,168805.0,15531.0,0.0,212332.0,6.0,0.0,1.0,0.0,15881.0,15319.0,0.0,0.0,nan,0.0,0.0,nan,145543.0,82635.0,0.008976,5111.428099,496.0,658.0,0.00794,70921.914894,nan,nan,nan,nan,nan,nan,nan,nan,nan,nan,nan,nan,nan,nan,nan,nan,nan,nan,nan,nan,nan,nan,nan,4368784.0,2.632099,7.544052,339.0,2.0,1361.0,14606531.0
quick_ampm_cfg19_l2_ddr4_1x,quick,ampm,stage1,cfg19,l2,ddr4_1x,0.008616,8616156219.0,24424725.0,24707905.0,25874343.0,0.944391,247039.0,9219867.0,3952.0,82873.0,2001436560.0,8101.702808,171731763.0,43454.393472,nan,nan,nan,nan,nan,nan,nan,nan,nan,nan,nan,nan,nan,nan,nan,nan,185892.0,24547.0,249.0,0.13205,0.973199,157922.0,144893.0,13029.0,0.0,185898.0,5.0,0.0,1.0,0.0,13847.0,13287.0,0.0,0.0,nan,0.0,0.0,nan,164405.0,82634.0,0.008963,6131.175013,3276.0,676.0,0.008157,87166.690828,1.98,54.88,0.0,0.0,212623814.31294706,168754600.4323439,212586675.0,168754600.0,381341275.0,19207.0,212.608959,168.383205,19362.78,3332.0,36854.78,nan,nan,nan,nan,1788608.0,207587693.92502818,27948.0,36290.2,4368784.0,2.826161,10.434017,609.0,2.0,1624.0,14623925.0
quick_ampm_cfg19_l2_ddr4_2x,quick,ampm,stage1,cfg19,l2,ddr4_2x,0.008591,8591402331.0,24424730.0,24707910.0,25800007.0,0.947112,246671.0,9219210.0,3887.0,82875.0,1781194689.0,7220.932696,142417107.0,36639.33805,nan,nan,nan,nan,nan,nan,nan,nan,nan,nan,nan,nan,nan,nan,nan,nan,185231.0,24613.0,249.0,0.132877,0.973231,157253.0,146806.0,10447.0,0.0,185237.0,5.0,0.0,1.0,0.0,13844.0,13295.0,0.0,0.0,nan,0.0,0.0,nan,164036.0,82635.0,0.008963,5799.241242,3210.0,677.0,0.008169,72770.091581,nan,nan,nan,nan,nan,nan,nan,nan,nan,nan,nan,nan,nan,nan,nan,nan,nan,nan,nan,nan,nan,nan,nan,4368784.0,2.777298,9.238128,344.0,2.0,1288.0,14621541.0
quick_ampm_cfg20_l2_ddr4_1x,quick,ampm,stage1,cfg20,l2,ddr4_1x,0.008585,8585012727.0,24424725.0,24707905.0,25780819.0,0.947816,228197.0,9206321.0,1254.0,82874.0,1402256340.0,6144.937664,101243322.0,80736.301435,nan,nan,nan,nan,nan,nan,nan,nan,nan,nan,nan,nan,nan,nan,nan,nan,211157.0,27245.0,251.0,0.129027,0.976278,183171.0,164352.0,18819.0,0.0,211163.0,5.0,0.0,1.0,0.0,16017.0,15509.0,0.0,0.0,nan,0.0,0.0,nan,145562.0,82635.0,0.008976,5397.372481,592.0,662.0,0.007988,90548.333837,1.99,54.92,0.0,0.0,213410050.54517028,169366784.44600284,213372776.0,169366784.0,382739561.0,19207.0,213.387686,168.994042,20804.31,3332.0,38296.31,nan,nan,nan,nan,1789632.0,208460028.7628671,27964.0,37695.9,4368784.0,2.658341,8.511443,600.0,2.0,1624.0,14607866.0
quick_ampm_cfg20_l2_ddr4_2x,quick,ampm,stage1,cfg20,l2,ddr4_2x,0.00856,8560138293.0,24424730.0,24707910.0,25706121.0,0.950571,228169.0,9206238.0,1134.0,82874.0,1274286105.0,5584.834509,75424833.0,66512.198413,nan,nan,nan,nan,nan,nan,nan,nan,nan,nan,nan,nan,nan,nan,nan,nan,211144.0,27365.0,251.0,0.129603,0.976345,183151.0,167569.0,15582.0,0.0,211150.0,5.0,0.0,1.0,0.0,16015.0,15521.0,0.0,0.0,nan,0.0,0.0,nan,145534.0,82635.0,0.008976,5111.851225,471.0,663.0,0.008,73366.479638,nan,nan,nan,nan,nan,nan,nan,nan,nan,nan,nan,nan,nan,nan,nan,nan,nan,nan,nan,nan,nan,nan,nan,4368784.0,2.631908,7.525355,345.0,2.0,1361.0,14606236.0
quick_ampm_cfg21_l2_ddr4_1x,quick,ampm,stage1,cfg21,l2,ddr4_1x,0.008617,8617378662.0,24424730.0,24707910.0,25878014.0,0.944257,247244.0,9219863.0,3978.0,82876.0,1993289049.0,8062.032037,173384775.0,43585.91629,nan,nan,nan,nan,nan,nan,nan,nan,nan,nan,nan,nan,nan,nan,nan,nan,187061.0,24523.0,249.0,0.131096,0.972209,159106.0,145912.0,13194.0,0.0,187067.0,5.0,0.0,1.0,0.0,13718.0,13073.0,0.0,0.0,nan,0.0,0.0,nan,164609.0,82635.0,0.008963,6149.323434,3277.0,701.0,0.008458,84783.890157,1.97,54.3,0.0,0.0,212667920.47579166,168812356.64098987,212653067.0,168812357.0,381465423.0,19207.0,212.638213,168.381599,19180.98,3332.0,36672.98,nan,nan,nan,nan,1787456.0,207424562.6320372,27933.0,36140.63,4368784.0,2.83877,10.582817,669.0,2.0,1602.0,14624081.0
quick_ampm_cfg21_l2_ddr4_2x,quick,ampm,stage1,cfg21,l2,ddr4_2x,0.008591,8591292108.0,24424725.0,24707905.0,25799676.0,0.947124,246552.0,9219282.0,3880.0,82871.0,1782967914.0,7231.610021,141184008.0,36387.630928,nan,nan,nan,nan,nan,nan,nan,nan,nan,nan,nan,nan,nan,nan,nan,nan,186643.0,24616.0,249.0,0.131888,0.97258,158693.0,148262.0,10431.0,0.0,186650.0,6.0,0.0,1.0,0.0,13688.0,13100.0,0.0,0.0,nan,0.0,0.0,nan,163917.0,82635.0,0.008963,5787.583119,3186.0,694.0,0.008374,68982.341499,nan,nan,nan,nan,nan,nan,nan,nan,nan,nan,nan,nan,nan,nan,nan,nan,nan,nan,nan,nan,nan,nan,nan,4368784.0,2.777927,9.288294,374.0,2.0,1209.0,14622133.0
quick_ampm_cfg22_l2_ddr4_1x,quick,ampm,stage1,cfg22,l2,ddr4_1x,0.008585,8585410662.0,24424725.0,24707905.0,25782014.0,0.947773,228255.0,9206334.0,1294.0,82876.0,1405614645.0,6158.089177,102691872.0,79360.02473,nan,nan,nan,nan,nan,nan,nan,nan,nan,nan,nan,nan,nan,nan,nan,nan,212350.0,27207.0,251.0,0.128123,0.976246,184362.0,165432.0,18930.0,0.0,212356.0,5.0,0.0,1.0,0.0,15881.0,15236.0,0.0,0.0,nan,0.0,0.0,nan,145620.0,82635.0,0.008976,5413.007987,632.0,662.0,0.007988,90970.36858,1.67,58.05,0.0,0.0,213415067.97220227,169381297.791204,213400159.0,169381298.0,382781457.0,19207.0,213.407613,168.963845,20965.73,3332.0,38457.73,nan,nan,nan,nan,1789824.0,208472730.13065803,27966.0,37854.61,4368784.0,2.663509,8.603715,639.0,2.0,1380.0,14607862.0
quick_ampm_cfg22_l2_ddr4_2x,quick,ampm,stage1,cfg22,l2,ddr4_2x,0.008563,8562774654.0,24424725.0,24707905.0,25714038.0,0.950278,228183.0,9206255.0,1154.0,82872.0,1277231823.0,5597.401309,76291299.0,66110.311092,nan,nan,nan,nan,nan,nan,nan,nan,nan,nan,nan,nan,nan,nan,nan,nan,212345.0,27343.0,251.0,0.128767,0.976501,184356.0,168823.0,15533.0,0.0,212352.0,6.0,0.0,1.0,0.0,15882.0,15324.0,0.0,0.0,nan,0.0,0.0,nan,145548.0,82635.0,0.008976,5111.59735,496.0,658.0,0.00794,70874.343465,nan,nan,nan,nan,nan,nan,nan,nan,nan,nan,nan,nan,nan,nan,nan,nan,nan,nan,nan,nan,nan,nan,nan,4368784.0,2.632538,7.559515,346.0,2.0,1361.0,14606536.0
quick_ampm_cfg23_l2_ddr4_1x,quick,ampm,stage1,cfg23,l2,ddr4_1x,0.008616,8616156219.0,24424725.0,24707905.0,25874343.0,0.944391,247039.0,9219867.0,3952.0,82873.0,2001436560.0,8101.702808,171731763.0,43454.393472,nan,nan,nan,nan,nan,nan,nan,nan,nan,nan,nan,nan,nan,nan,nan,nan,185892.0,24547.0,249.0,0.13205,0.973199,157922.0,144893.0,13029.0,0.0,185898.0,5.0,0.0,1.0,0.0,13847.0,13287.0,0.0,0.0,nan,0.0,0.0,nan,164405.0,82634.0,0.008963,6131.175013,3276.0,676.0,0.008157,87166.690828,1.98,54.88,0.0,0.0,212623814.31294706,168754600.4323439,212586675.0,168754600.0,381341275.0,19207.0,212.608959,168.383205,19362.78,3332.0,36854.78,nan,nan,nan,nan,1788608.0,207587693.92502818,27948.0,36290.2,4368784.0,2.826161,10.434017,609.0,2.0,1624.0,14623925.0
quick_ampm_cfg23_l2_ddr4_2x,quick,ampm,stage1,cfg23,l2,ddr4_2x,0.008591,8591402331.0,24424730.0,24707910.0,25800007.0,0.947112,246671.0,9219210.0,3887.0,82875.0,1781194689.0,7220.932696,142417107.0,36639.33805,nan,nan,nan,nan,nan,nan,nan,nan,nan,nan,nan,nan,nan,nan,nan,nan,185231.0,24613.0,249.0,0.132877,0.973231,157253.0,146806.0,10447.0,0.0,185237.0,5.0,0.0,1.0,0.0,13844.0,13295.0,0.0,0.0,nan,0.0,0.0,nan,164036.0,82635.0,0.008963,5799.241242,3210.0,677.0,0.008169,72770.091581,nan,nan,nan,nan,nan,nan,nan,nan,nan,nan,nan,nan,nan,nan,nan,nan,nan,nan,nan,nan,nan,nan,nan,4368784.0,2.777298,9.238128,344.0,2.0,1288.0,14621541.0
quick_ampm_cfg24_l2_ddr4_1x,quick,ampm,stage1,cfg24,l2,ddr4_1x,0.008584,8584274466.0,24424725.0,24707905.0,25778602.0,0.947898,228230.0,9206394.0,1256.0,82874.0,1396488447.0,6118.776879,101499066.0,80811.35828,nan,nan,nan,nan,nan,nan,nan,nan,nan,nan,nan,nan,nan,nan,nan,nan,211234.0,27243.0,251.0,0.128971,0.976277,183248.0,164306.0,18942.0,0.0,211240.0,5.0,0.0,1.0,0.0,16021.0,15472.0,0.0,0.0,nan,0.0,0.0,nan,145595.0,82635.0,0.008976,5395.1279,594.0,662.0,0.007988,91670.574018,1.99,54.93,0.0,0.0,213428404.1425476,169388805.746976,213413493.0,169388806.0,382802299.0,19207.0,213.406038,168.986209,20696.09,3332.0,38188.09,nan,nan,nan,nan,1789504.0,208463045.66422516,27964.0,37559.56,4368784.0,2.655591,8.158819,605.0,2.0,1373.0,14607909.0
quick_ampm_cfg24_l2_ddr4_2x,quick,ampm,stage1,cfg24,l2,ddr4_2x,0.00856,8560138293.0,24424730.0,24707910.0,25706121.0,0.950571,228169.0,9206250.0,1137.0,82874.0,1275099291.0,5588.398472,75436488.0,66346.955145,nan,nan,nan,nan,nan,nan,nan,nan,nan,nan,nan,nan,nan,nan,nan,nan,211221.0,27362.0,251.0,0.129542,0.976343,183228.0,167663.0,15565.0,0.0,211227.0,5.0,0.0,1.0,0.0,16019.0,15529.0,0.0,0.0,nan,0.0,0.0,nan,145534.0,82635.0,0.008976,5111.859285,474.0,663.0,0.008,73333.832579,nan,nan,nan,nan,nan,nan,nan,nan,nan,nan,nan,nan,nan,nan,nan,nan,nan,nan,nan,nan,nan,nan,nan,4368784.0,2.629162,7.404319,327.0,2.0,1361.0,14606243.0
quick_ampm_default_l1d_ddr4_1x,quick,ampm,stage1,default,l1d,ddr4_1x,0.008356,8356175793.0,24424730.0,24707910.0,25093621.0,0.973773,42666.0,9149919.0,28627.0,85616.0,1280079306.0,30002.327521,1874861983.0,65492.785936,1054386.0,76028.0,1760.0,0.072106,0.96277,971949.0,928900.0,43049.0,0.0,1112050.0,53641.0,0.0,150.0,0.0,153841.0,117952.0,nan,nan,nan,nan,nan,nan,nan,nan,nan,nan,nan,nan,nan,nan,nan,nan,0.0,0.0,nan,0.0,0.0,nan,39726.0,2940.0,0.000321,16156.389796,nan,28627.0,0.334365,65159.785936,3.04,54.16,0.0,0.0,219262021.9329079,173828798.72115684,219254363.0,173828799.0,393083162.0,19207.0,219.246704,173.422871,20026.33,3332.0,37518.33,1777280.0,212690594.8399068,27770.0,37697.05,nan,nan,nan,nan,4368784.0,2.502259,10.671132,731.0,2.0,1548.0,14186168.0
quick_ampm_default_l1d_ddr4_2x,quick,ampm,stage1,default,l1d,ddr4_2x,0.008309,8308906776.0,24424725.0,24707905.0,24951672.0,0.979312,39487.0,9148045.0,28623.0,85621.0,1042282674.0,26395.590296,1621073634.0,56635.350383,1060871.0,76860.0,1762.0,0.07245,0.971387,977750.0,937212.0,40538.0,0.0,1113887.0,49640.0,0.0,133.0,0.0,155465.0,119460.0,nan,nan,nan,nan,nan,nan,nan,nan,nan,nan,nan,nan,nan,nan,nan,nan,0.0,0.0,nan,0.0,0.0,nan,37223.0,2264.0,0.000247,19622.878092,nan,28623.0,0.334299,56302.350383,nan,nan,nan,nan,nan,nan,nan,nan,nan,nan,nan,nan,nan,nan,nan,nan,nan,nan,nan,nan,nan,nan,nan,4368784.0,2.455591,10.998368,423.0,2.0,1247.0,14175367.0
quick_ampm_default_l2_ddr4_1x,quick,ampm,stage1,default,l2,ddr4_1x,0.00865,8650278729.0,24424725.0,24707905.0,25976813.0,0.940665,242031.0,9216211.0,3905.0,82878.0,1924030710.0,7949.521797,196803000.0,50397.695262,nan,nan,nan,nan,nan,nan,nan,nan,nan,nan,nan,nan,nan,nan,nan,nan,297853.0,24613.0,327.0,0.082635,0.967911,269958.0,256908.0,13050.0,0.0,297855.0,0.0,0.0,2.0,0.0,38251.0,34801.0,0.0,0.0,nan,0.0,0.0,nan,159392.0,82639.0,0.008967,6431.829378,3089.0,816.0,0.009846,82648.069853,1.66,60.44,0.0,0.0,212295586.9437395,168318275.70119447,212288188.0,168318276.0,380606464.0,19207.0,212.295587,167.852164,21098.48,3332.0,38590.48,nan,nan,nan,nan,1784128.0,206250926.22954717,27877.0,38099.29,4368784.0,2.816317,11.21926,1067.0,2.0,1603.0,14628176.0
quick_ampm_default_l2_ddr4_2x,quick,ampm,stage1,default,l2,ddr4_2x,0.008604,8604263790.0,24424725.0,24707905.0,25838630.0,0.945696,242174.0,9216347.0,3666.0,82875.0,1701236061.0,7024.850153,145691163.0,39741.179214,nan,nan,nan,nan,nan,nan,nan,nan,nan,nan,nan,nan,nan,nan,nan,nan,297255.0,24850.0,324.0,0.083598,0.969983,269316.0,258709.0,10607.0,0.0,297257.0,0.0,0.0,2.0,0.0,37995.0,34922.0,0.0,0.0,nan,0.0,0.0,nan,159537.0,82637.0,0.008966,5847.747087,2897.0,769.0,0.009279,63822.113134,nan,nan,nan,nan,nan,nan,nan,nan,nan,nan,nan,nan,nan,nan,nan,nan,nan,nan,nan,nan,nan,nan,nan,4368784.0,2.759485,10.321583,402.0,2.0,1257.0,14622352.0
simple_triad_ampm_cfg01_l1d_ddr4_1x,simple_triad,ampm,stage1,cfg01,l1d,ddr4_1x,0.002622,2622361014.0,3509964.0,4011173.0,7874959.0,0.445714,1935190.0,2003810.0,375398.0,375408.0,120701110734.0,62371.710651,36344358821.0,96815.536633,534487.0,8709.0,5.0,0.016294,0.526001,167194.0,1351.0,165843.0,0.0,7350030.0,5956185.0,0.0,319593.0,0.0,305068.0,95.0,nan,nan,nan,nan,nan,nan,nan,nan,nan,nan,nan,nan,nan,nan,nan,nan,0.0,0.0,nan,0.0,0.0,nan,1927342.0,7848.0,0.003917,73480.472477,nan,375398.0,0.999973,96482.53752,10.66,58.62,0.0,0.0,9161771347.169668,3119582680.0070024,9161746942.0,3119582680.0,12281329622.0,19207.0,9161.771347,3119.875546,51187.92,3332.0,68679.92,23506752.0,8963964867.729687,367293.0,69209.32,nan,nan,nan,nan,1001743.0,180.686541,158.896796,159903.0,2.0,1837.0,2004897.0
simple_triad_ampm_cfg01_l1d_ddr4_2x,simple_triad,ampm,stage1,cfg01,l1d,ddr4_2x,0.001768,1767564666.0,3510134.0,4011378.0,5308002.0,0.661294,1961431.0,2003876.0,375406.0,375416.0,78848305416.0,40199.377605,24474492347.0,65194.728766,420407.0,4686.0,10.0,0.011146,0.254868,58958.0,1777.0,57181.0,0.0,11001127.0,9585508.0,0.0,347221.0,0.0,640468.0,365.0,nan,nan,nan,nan,nan,nan,nan,nan,nan,nan,nan,nan,nan,nan,nan,nan,1425.0,34.0,41.911765,0.0,0.0,nan,1947731.0,13700.0,0.006837,100041.439927,nan,375406.0,0.999973,64861.728766,nan,nan,nan,nan,nan,nan,nan,nan,nan,nan,nan,nan,nan,nan,nan,nan,nan,nan,nan,nan,nan,nan,nan,1001766.0,114.291396,118.125298,57281.0,2.0,1818.0,2004971.0
simple_triad_ampm_cfg01_l2_ddr4_1x,simple_triad,ampm,stage1,cfg01,l2,ddr4_1x,0.002447,2446726158.0,3509934.0,4011143.0,7347527.0,0.477705,1972359.0,2003837.0,351562.0,375374.0,103803577848.0,52629.150093,21381254343.0,60817.876628,nan,nan,nan,nan,nan,nan,nan,nan,nan,nan,nan,nan,nan,nan,nan,nan,1020117.0,23802.0,7.0,0.023333,0.79616,650716.0,12675.0,638041.0,0.0,1422097.0,320818.0,0.0,78948.0,0.0,57545.0,1571.0,0.0,0.0,nan,0.0,0.0,nan,1597253.0,375106.0,0.187194,57989.478595,345468.0,6094.0,0.016234,151519.426157,14.63,70.18,0.0,0.0,9821895238.02034,3344302333.649224,9821842923.0,3344302334.0,13166145257.0,19207.0,9821.895238,3344.511593,70004.32,3332.0,87496.32,nan,nan,nan,nan,23641408.0,9662465872.07983,369397.0,86888.81,1001736.0,151.734501,156.870822,135418.0,2.0,1911.0,2004985.0
simple_triad_ampm_cfg01_l2_ddr4_2x,simple_triad,ampm,stage1,cfg01,l2,ddr4_2x,0.001702,1702464831.0,3510076.0,4011318.0,5112507.0,0.68657,1947172.0,2003901.0,305727.0,375374.0,58180405023.0,29879.437986,11065296960.0,36193.391359,nan,nan,nan,nan,nan,nan,nan,nan,nan,nan,nan,nan,nan,nan,nan,nan,1098570.0,69637.0,11.0,0.063389,0.917967,729298.0,110731.0,618567.0,0.0,1927271.0,674891.0,0.0,139355.0,0.0,115284.0,23442.0,0.0,0.0,nan,0.0,0.0,nan,1572064.0,375108.0,0.187189,31111.052409,299504.0,6223.0,0.016578,84732.419894,nan,nan,nan,nan,nan,nan,nan,nan,nan,nan,nan,nan,nan,nan,nan,nan,nan,nan,nan,nan,nan,nan,nan,1001762.0,79.862291,112.344295,34764.0,2.0,1776.0,2005054.0
simple_triad_ampm_cfg02_l1d_ddr4_1x,simple_triad,ampm,stage1,cfg02,l1d,ddr4_1x,0.002584,2583669744.0,3509969.0,4011178.0,7758769.0,0.45239,1956849.0,2003802.0,375397.0,375407.0,121846107924.0,62266.484498,35592077009.0,94811.831232,598415.0,4727.0,5.0,0.007899,0.384403,230844.0,163.0,230681.0,0.0,6796722.0,5396008.0,0.0,303132.0,0.0,271225.0,10.0,nan,nan,nan,nan,nan,nan,nan,nan,nan,nan,nan,nan,nan,nan,nan,nan,0.0,0.0,nan,0.0,0.0,nan,1949279.0,7570.0,0.003778,90020.589432,nan,375397.0,0.999973,94478.832119,10.54,59.83,0.0,0.0,9298946994.209953,3166299415.394633,9298922223.0,3166299415.0,12465221639.0,19207.0,9298.946994,3166.200332,49204.4,3332.0,66696.4,23524544.0,9105089400.31153,367571.0,66826.2,nan,nan,nan,nan,1001743.0,178.837995,149.678942,166390.0,2.0,1867.0,2004877.0
simple_triad_ampm_cfg02_l1d_ddr4_2x,simple_triad,ampm,stage1,cfg02,l1d,ddr4_2x,0.001871,1870658802.0,3510085.0,4011329.0,5617594.0,0.624841,1871856.0,2003880.0,375401.0,375411.0,75411505999.0,40287.023147,25793833537.0,68710.082118,538345.0,21777.0,9.0,0.040452,0.670784,173888.0,17090.0,156798.0,0.0,9050202.0,7534989.0,0.0,319036.0,0.0,487627.0,1152.0,nan,nan,nan,nan,nan,nan,nan,nan,nan,nan,nan,nan,nan,nan,nan,nan,208.0,13.0,16.0,0.0,0.0,nan,1861168.0,10688.0,0.005334,92147.219124,nan,375401.0,0.999973,68377.083005,nan,nan,nan,nan,nan,nan,nan,nan,nan,nan,nan,nan,nan,nan,nan,nan,nan,nan,nan,nan,nan,nan,nan,1001760.0,106.435427,118.145997,52273.0,2.0,1812.0,2004983.0
simple_triad_ampm_cfg02_l2_ddr4_1x,simple_triad,ampm,stage1,cfg02,l2,ddr4_1x,0.002478,2477746107.0,3509906.0,4011114.0,7440680.0,0.471721,1974856.0,2003833.0,352787.0,375374.0,107272782504.0,54319.293409,22003453188.0,62370.362819,nan,nan,nan,nan,nan,nan,nan,nan,nan,nan,nan,nan,nan,nan,nan,nan,990875.0,22577.0,7.0,0.022785,0.787451,621474.0,11721.0,609753.0,0.0,1323772.0,265016.0,0.0,65832.0,0.0,51993.0,1969.0,0.0,0.0,nan,0.0,0.0,nan,1599750.0,375106.0,0.187194,59634.236141,346693.0,6094.0,0.016234,146440.65704,14.43,70.3,0.0,0.0,9698930787.180933,3302407771.6773105,9698879127.0,3302407772.0,13001286899.0,19207.0,9698.930787,3302.511091,69192.17,3332.0,86684.17,nan,nan,nan,nan,23641408.0,9541497384.74395,369397.0,86147.2,1001734.0,154.998235,157.55339,136447.0,2.0,1911.0,2004983.0
simple_triad_ampm_cfg02_l2_ddr4_2x,simple_triad,ampm,stage1,cfg02,l2,ddr4_2x,0.001696,1695655314.0,3510089.0,4011333.0,5092058.0,0.68933,1954014.0,2003912.0,317477.0,375372.0,60942694302.0,31188.463492,11631083940.0,36635.98919,nan,nan,nan,nan,nan,nan,nan,nan,nan,nan,nan,nan,nan,nan,nan,nan,1066927.0,57885.0,11.0,0.054254,0.904029,697578.0,87216.0,610362.0,0.0,1800309.0,597979.0,0.0,123130.0,0.0,103256.0,16544.0,0.0,0.0,nan,0.0,0.0,nan,1578907.0,375107.0,0.187187,32481.052785,311332.0,6145.0,0.01637,83206.430919,nan,nan,nan,nan,nan,nan,nan,nan,nan,nan,nan,nan,nan,nan,nan,nan,nan,nan,nan,nan,nan,nan,nan,1001762.0,82.706368,110.702168,34414.0,2.0,1765.0,2005070.0
simple_triad_ampm_cfg03_l1d_ddr4_1x,simple_triad,ampm,stage1,cfg03,l1d,ddr4_1x,0.002622,2622361014.0,3509964.0,4011173.0,7874959.0,0.445714,1935190.0,2003810.0,375398.0,375408.0,120701110734.0,62371.710651,36344358821.0,96815.536633,534487.0,8709.0,5.0,0.016294,0.526001,167194.0,1351.0,165843.0,0.0,7350030.0,5956185.0,0.0,319593.0,0.0,305068.0,95.0,nan,nan,nan,nan,nan,nan,nan,nan,nan,nan,nan,nan,nan,nan,nan,nan,0.0,0.0,nan,0.0,0.0,nan,1927342.0,7848.0,0.003917,73480.472477,nan,375398.0,0.999973,96482.53752,10.66,58.62,0.0,0.0,9161771347.169668,3119582680.0070024,9161746942.0,3119582680.0,12281329622.0,19207.0,9161.771347,3119.875546,51187.92,3332.0,68679.92,23506752.0,8963964867.729687,367293.0,69209.32,nan,nan,nan,nan,1001743.0,180.686541,158.896796,159903.0,2.0,1837.0,2004897.0
simple_triad_ampm_cfg03_l1d_ddr4_2x,simple_triad,ampm,stage1,cfg03,l1d,ddr4_2x,0.001768,1767564666.0,3510134.0,4011378.0,5308002.0,0.661294,1961431.0,2003876.0,375406.0,375416.0,78848305416.0,40199.377605,24474492347.0,65194.728766,420407.0,4686.0,10.0,0.011146,0.254868,58958.0,1777.0,57181.0,0.0,11001127.0,9585508.0,0.0,347221.0,0.0,640468.0,365.0,nan,nan,nan,nan,nan,nan,nan,nan,nan,nan,nan,nan,nan,nan,nan,nan,1425.0,34.0,41.911765,0.0,0.0,nan,1947731.0,13700.0,0.006837,100041.439927,nan,375406.0,0.999973,64861.728766,nan,nan,nan,nan,nan,nan,nan,nan,nan,nan,nan,nan,nan,nan,nan,nan,nan,nan,nan,nan,nan,nan,nan,1001766.0,114.291396,118.125298,57281.0,2.0,1818.0,2004971.0
simple_triad_ampm_cfg03_l2_ddr4_1x,simple_triad,ampm,stage1,cfg03,l2,ddr4_1x,0.002428,2427532371.0,3509944.0,4011153.0,7289888.0,0.481484,1973591.0,2003838.0,351795.0,375376.0,104463245520.0,52930.54413,21308289048.0,60570.187319,nan,nan,nan,nan,nan,nan,nan,nan,nan,nan,nan,nan,nan,nan,nan,nan,1018933.0,23571.0,6.0,0.023133,0.794519,649534.0,12610.0,636924.0,0.0,1423716.0,322588.0,0.0,79977.0,0.0,57618.0,1866.0,0.0,0.0,nan,0.0,0.0,nan,1598485.0,375106.0,0.187194,57795.666108,345699.0,6096.0,0.01624,148138.130906,14.6,72.64,0.0,0.0,9899554085.081242,3370771116.2793803,9899501357.0,3370771116.0,13270272473.0,19207.0,9899.554085,3370.797481,69141.0,3332.0,86633.0,nan,nan,nan,nan,23641280.0,9738811429.427485,369395.0,86067.03,1001736.0,148.731653,149.959999,125375.0,2.0,1911.0,2004984.0
simple_triad_ampm_cfg03_l2_ddr4_2x,simple_triad,ampm,stage1,cfg03,l2,ddr4_2x,0.001712,1711833120.0,3510062.0,4011305.0,5140640.0,0.68281,1945025.0,2003892.0,304905.0,375374.0,57863187891.0,29749.328616,11066850738.0,36296.061849,nan,nan,nan,nan,nan,nan,nan,nan,nan,nan,nan,nan,nan,nan,nan,nan,1091957.0,70459.0,11.0,0.064525,0.91965,722619.0,108373.0,614246.0,0.0,1930529.0,682656.0,0.0,141411.0,0.0,115812.0,15797.0,0.0,0.0,nan,0.0,0.0,nan,1569917.0,375108.0,0.18719,31127.11703,298749.0,6156.0,0.0164,83341.201754,nan,nan,nan,nan,nan,nan,nan,nan,nan,nan,nan,nan,nan,nan,nan,nan,nan,nan,nan,nan,nan,nan,nan,1001758.0,81.022461,113.848727,38882.0,2.0,1785.0,2005001.0
simple_triad_ampm_cfg04_l1d_ddr4_1x,simple_triad,ampm,stage1,cfg04,l1d,ddr4_1x,0.002584,2583669744.0,3509969.0,4011178.0,7758769.0,0.45239,1956849.0,2003801.0,375397.0,375407.0,121846107924.0,62266.484498,35592077009.0,94811.831232,598415.0,4727.0,5.0,0.007899,0.384403,230844.0,163.0,230681.0,0.0,6796722.0,5396008.0,0.0,303132.0,0.0,271225.0,10.0,nan,nan,nan,nan,nan,nan,nan,nan,nan,nan,nan,nan,nan,nan,nan,nan,0.0,0.0,nan,0.0,0.0,nan,1949279.0,7570.0,0.003778,90020.589432,nan,375397.0,0.999973,94478.832119,10.54,59.83,0.0,0.0,9298946994.209953,3166299415.394633,9298922223.0,3166299415.0,12465221639.0,19207.0,9298.946994,3166.200332,49204.4,3332.0,66696.4,23524544.0,9105089400.31153,367571.0,66826.2,nan,nan,nan,nan,1001743.0,178.837995,149.678942,166390.0,2.0,1867.0,2004880.0
simple_triad_ampm_cfg04_l1d_ddr4_2x,simple_triad,ampm,stage1,cfg04,l1d,ddr4_2x,0.001871,1870658802.0,3510085.0,4011329.0,5617594.0,0.624841,1871856.0,2003880.0,375401.0,375411.0,75411505999.0,40287.023147,25793833537.0,68710.082118,538345.0,21777.0,9.0,0.040452,0.670784,173888.0,17090.0,156798.0,0.0,9050202.0,7534989.0,0.0,319036.0,0.0,487627.0,1152.0,nan,nan,nan,nan,nan,nan,nan,nan,nan,nan,nan,nan,nan,nan,nan,nan,208.0,13.0,16.0,0.0,0.0,nan,1861168.0,10688.0,0.005334,92147.219124,nan,375401.0,0.999973,68377.083005,nan,nan,nan,nan,nan,nan,nan,nan,nan,nan,nan,nan,nan,nan,nan,nan,nan,nan,nan,nan,nan,nan,nan,1001760.0,106.435427,118.145997,52273.0,2.0,1812.0,2004983.0
simple_triad_ampm_cfg04_l2_ddr4_1x,simple_triad,ampm,stage1,cfg04,l2,ddr4_1x,0.002449,2449277271.0,3509957.0,4011166.0,7355188.0,0.477211,1973547.0,2003839.0,351983.0,375376.0,105248464515.0,53329.596161,21622371318.0,61430.158042,nan,nan,nan,nan,nan,nan,nan,nan,nan,nan,nan,nan,nan,nan,nan,nan,994858.0,23383.0,7.0,0.023504,0.793236,625457.0,12412.0,613045.0,0.0,1320304.0,259229.0,0.0,64107.0,0.0,51771.0,1426.0,0.0,0.0,nan,0.0,0.0,nan,1598441.0,375106.0,0.187194,58627.555336,345888.0,6095.0,0.016237,143587.797047,14.37,68.44,0.0,0.0,9811691099.468012,3340792852.1948056,9811638839.0,3340792852.0,13152431691.0,19207.0,9811.691099,3340.662201,67779.61,3332.0,85271.61,nan,nan,nan,nan,23641408.0,9652401661.469547,369397.0,84758.21,1001741.0,153.115199,154.305428,132612.0,2.0,1869.0,2004991.0
simple_triad_ampm_cfg04_l2_ddr4_2x,simple_triad,ampm,stage1,cfg04,l2,ddr4_2x,0.00172,1719844101.0,3510077.0,4011320.0,5164697.0,0.679632,1949727.0,2003912.0,311883.0,375375.0,59535672732.0,30535.389176,11508164315.0,36898.979152,nan,nan,nan,nan,nan,nan,nan,nan,nan,nan,nan,nan,nan,nan,nan,nan,1123138.0,63482.0,11.0,0.056522,0.911391,753813.0,96673.0,657140.0,0.0,1764527.0,517323.0,0.0,111453.0,0.0,97856.0,8898.0,0.0,0.0,nan,31.0,1.0,31.0,1574619.0,375108.0,0.187188,32226.322947,305711.0,6172.0,0.016442,78047.387557,nan,nan,nan,nan,nan,nan,nan,nan,nan,nan,nan,nan,nan,nan,nan,nan,nan,nan,nan,nan,nan,nan,nan,1001763.0,85.918554,117.361479,45321.0,2.0,1787.0,2005050.0
simple_triad_ampm_cfg05_l1d_ddr4_1x,simple_triad,ampm,stage1,cfg05,l1d,ddr4_1x,0.002622,2622361014.0,3509964.0,4011173.0,7874959.0,0.445714,1935190.0,2003810.0,375398.0,375408.0,120701110734.0,62371.710651,36344358821.0,96815.536633,534487.0,8709.0,5.0,0.016294,0.526001,167194.0,1351.0,165843.0,0.0,7350030.0,5956185.0,0.0,319593.0,0.0,305068.0,95.0,nan,nan,nan,nan,nan,nan,nan,nan,nan,nan,nan,nan,nan,nan,nan,nan,0.0,0.0,nan,0.0,0.0,nan,1927342.0,7848.0,0.003917,73480.472477,nan,375398.0,0.999973,96482.53752,10.66,58.62,0.0,0.0,9161771347.169668,3119582680.0070024,9161746942.0,3119582680.0,12281329622.0,19207.0,9161.771347,3119.875546,51187.92,3332.0,68679.92,23506752.0,8963964867.729687,367293.0,69209.32,nan,nan,nan,nan,1001743.0,180.686541,158.896796,159903.0,2.0,1837.0,2004897.0
simple_triad_ampm_cfg05_l1d_ddr4_2x,simple_triad,ampm,stage1,cfg05,l1d,ddr4_2x,0.001908,1907728029.0,3510089.0,4011333.0,5728913.0,0.6127,1828481.0,2003877.0,375402.0,375412.0,74731805719.0,40870.97745,26203607697.0,69801.460027,566185.0,27986.0,9.0,0.049429,0.747489,200493.0,39852.0,160641.0,0.0,9190998.0,7643752.0,0.0,317041.0,0.0,459139.0,10513.0,nan,nan,nan,nan,nan,nan,nan,nan,nan,nan,nan,nan,nan,nan,nan,nan,4353.0,42.0,103.642857,0.0,0.0,nan,1819027.0,9454.0,0.004718,83879.156547,nan,375402.0,0.999973,69468.460027,nan,nan,nan,nan,nan,nan,nan,nan,nan,nan,nan,nan,nan,nan,nan,nan,nan,nan,nan,nan,nan,nan,nan,1001762.0,107.243158,122.52491,57839.0,2.0,1790.0,2004969.0
simple_triad_ampm_cfg05_l2_ddr4_1x,simple_triad,ampm,stage1,cfg05,l2,ddr4_1x,0.002449,2448983232.0,3509934.0,4011142.0,7354305.0,0.477265,1973218.0,2003835.0,351881.0,375376.0,104826490245.0,53124.637138,21504428712.0,61112.787312,nan,nan,nan,nan,nan,nan,nan,nan,nan,nan,nan,nan,nan,nan,nan,nan,1020104.0,23485.0,6.0,0.023022,0.793895,650705.0,12385.0,638320.0,0.0,1423032.0,320959.0,0.0,79779.0,0.0,57591.0,1921.0,0.0,0.0,nan,0.0,0.0,nan,1598112.0,375106.0,0.187194,58315.533734,345784.0,6097.0,0.016242,152946.894538,14.62,71.17,0.0,0.0,9812869147.484632,3341272366.8660874,9812816881.0,3341272367.0,13154089248.0,19207.0,9812.869147,3341.507567,70142.93,3332.0,87634.93,nan,nan,nan,nan,23641280.0,9653508317.691904,369395.0,87005.91,1001739.0,151.612752,157.632715,132225.0,2.0,1920.0,2004979.0
simple_triad_ampm_cfg05_l2_ddr4_2x,simple_triad,ampm,stage1,cfg05,l2,ddr4_2x,0.001602,1602006390.0,3510082.0,4011326.0,4810830.0,0.729625,1955867.0,2003910.0,320281.0,375373.0,58206827574.0,29760.115373,11527992468.0,35993.369785,nan,nan,nan,nan,nan,nan,nan,nan,nan,nan,nan,nan,nan,nan,nan,nan,921527.0,55082.0,11.0,0.059773,0.900386,552129.0,70408.0,481721.0,0.0,2022043.0,912434.0,0.0,172340.0,0.0,128682.0,20219.0,0.0,0.0,nan,0.0,0.0,nan,1580759.0,375108.0,0.187188,32176.576418,314187.0,6094.0,0.016235,80316.168362,nan,nan,nan,nan,nan,nan,nan,nan,nan,nan,nan,nan,nan,nan,nan,nan,nan,nan,nan,nan,nan,nan,nan,1001760.0,84.554078,118.568616,44030.0,2.0,1767.0,2005043.0
simple_triad_ampm_cfg06_l1d_ddr4_1x,simple_triad,ampm,stage1,cfg06,l1d,ddr4_1x,0.002584,2583669744.0,3509969.0,4011178.0,7758769.0,0.45239,1956849.0,2003801.0,375397.0,375407.0,121846107924.0,62266.484498,35592077009.0,94811.831232,598415.0,4727.0,5.0,0.007899,0.384403,230844.0,163.0,230681.0,0.0,6796722.0,5396008.0,0.0,303132.0,0.0,271226.0,10.0,nan,nan,nan,nan,nan,nan,nan,nan,nan,nan,nan,nan,nan,nan,nan,nan,0.0,0.0,nan,0.0,0.0,nan,1949279.0,7570.0,0.003778,90020.589432,nan,375397.0,0.999973,94478.832119,10.54,59.83,0.0,0.0,9298946994.209953,3166299415.394633,9298922223.0,3166299415.0,12465221639.0,19207.0,9298.946994,3166.200332,49204.4,3332.0,66696.4,23524544.0,9105089400.31153,367571.0,66826.2,nan,nan,nan,nan,1001743.0,178.837995,149.678942,166390.0,2.0,1867.0,2004880.0
simple_triad_ampm_cfg06_l1d_ddr4_2x,simple_triad,ampm,stage1,cfg06,l1d,ddr4_2x,0.001951,1951170543.0,3510115.0,4011360.0,5859371.0,0.599063,1781109.0,2003869.0,375402.0,375412.0,71553482559.0,40173.556228,26549035362.0,70721.614062,667248.0,38008.0,9.0,0.056962,0.796813,301795.0,65688.0,236107.0,0.0,8147858.0,6526985.0,0.0,295152.0,0.0,421996.0,1477.0,nan,nan,nan,nan,nan,nan,nan,nan,nan,nan,nan,nan,nan,nan,nan,nan,6530.0,37.0,176.486486,0.0,0.0,nan,1771417.0,9692.0,0.004837,104391.858027,nan,375402.0,0.999973,70388.613175,nan,nan,nan,nan,nan,nan,nan,nan,nan,nan,nan,nan,nan,nan,nan,nan,nan,nan,nan,nan,nan,nan,nan,1001762.0,105.930559,128.674507,73928.0,2.0,1873.0,2004951.0
simple_triad_ampm_cfg06_l2_ddr4_1x,simple_triad,ampm,stage1,cfg06,l2,ddr4_1x,0.002483,2483111403.0,3509934.0,4011142.0,7456792.0,0.470705,1975430.0,2003822.0,353794.0,375375.0,107356605264.0,54345.942536,22111505694.0,62498.249529,nan,nan,nan,nan,nan,nan,nan,nan,nan,nan,nan,nan,nan,nan,nan,nan,953357.0,21571.0,7.0,0.022626,0.779665,583956.0,10629.0,573327.0,0.0,1287165.0,266117.0,0.0,65846.0,0.0,50202.0,1423.0,0.0,0.0,nan,0.0,0.0,nan,1600324.0,375106.0,0.187195,59912.346617,347698.0,6096.0,0.01624,139139.04626,14.36,68.86,0.0,0.0,9678025710.391375,3295297983.8577137,9677974162.0,3295297984.0,12973272146.0,19207.0,9678.02571,3295.349532,68180.52,3332.0,85672.52,nan,nan,nan,nan,23641408.0,9520880928.434124,369397.0,85239.2,1001739.0,156.776488,157.546279,138500.0,2.0,1911.0,2004946.0
simple_triad_ampm_cfg06_l2_ddr4_2x,simple_triad,ampm,stage1,cfg06,l2,ddr4_2x,0.001694,1694235402.0,3510110.0,4011355.0,5087794.0,0.689912,1953572.0,2003905.0,317830.0,375373.0,60869094642.0,31157.845548,11652616053.0,36663.046449,nan,nan,nan,nan,nan,nan,nan,nan,nan,nan,nan,nan,nan,nan,nan,nan,1063293.0,57533.0,11.0,0.054108,0.904053,693908.0,81651.0,612257.0,0.0,1786307.0,588150.0,0.0,122654.0,0.0,101105.0,12629.0,0.0,0.0,nan,0.0,0.0,nan,1578464.0,375108.0,0.187189,32529.921743,311724.0,6106.0,0.016266,79984.080413,nan,nan,nan,nan,nan,nan,nan,nan,nan,nan,nan,nan,nan,nan,nan,nan,nan,nan,nan,nan,nan,nan,nan,1001762.0,84.132023,112.521831,37004.0,2.0,1749.0,2005072.0
simple_triad_ampm_cfg07_l1d_ddr4_1x,simple_triad,ampm,stage1,cfg07,l1d,ddr4_1x,0.002623,2622966741.0,3509906.0,4011114.0,7876778.0,0.445604,1935207.0,2003801.0,375397.0,375407.0,120692935251.0,62366.938137,36365252935.0,96871.453248,532532.0,8691.0,5.0,0.01632,0.52593,165224.0,1365.0,163859.0,0.0,7360621.0,5967875.0,0.0,320129.0,0.0,305492.0,131.0,nan,nan,nan,nan,nan,nan,nan,nan,nan,nan,nan,nan,nan,nan,nan,nan,0.0,0.0,nan,0.0,0.0,nan,1927373.0,7834.0,0.00391,73101.448813,nan,375397.0,0.999973,96538.454135,10.66,58.68,0.0,0.0,9159631200.981361,3118837868.6346445,9159606801.0,3118837869.0,12278444670.0,19207.0,9159.631201,3119.033067,51241.96,3332.0,68733.96,23507712.0,8962260799.020935,367308.0,69271.26,nan,nan,nan,nan,1001734.0,180.676783,159.799972,159489.0,2.0,1852.0,2004889.0
simple_triad_ampm_cfg07_l1d_ddr4_2x,simple_triad,ampm,stage1,cfg07,l1d,ddr4_2x,0.001902,1901529567.0,3510110.0,4011354.0,5710299.0,0.614701,1817670.0,2003872.0,375403.0,375413.0,73911794215.0,40662.933434,26179888004.0,69738.089477,628146.0,31588.0,9.0,0.050288,0.760296,262959.0,50749.0,212210.0,0.0,8978499.0,7397684.0,0.0,311120.0,0.0,465055.0,7587.0,nan,nan,nan,nan,nan,nan,nan,nan,nan,nan,nan,nan,nan,nan,nan,nan,126.0,12.0,10.5,0.0,0.0,nan,1807711.0,9959.0,0.00497,90812.366804,nan,375403.0,0.999973,69405.089477,nan,nan,nan,nan,nan,nan,nan,nan,nan,nan,nan,nan,nan,nan,nan,nan,nan,nan,nan,nan,nan,nan,nan,1001765.0,105.518328,118.446679,52902.0,2.0,1873.0,2004948.0
simple_triad_ampm_cfg07_l2_ddr4_1x,simple_triad,ampm,stage1,cfg07,l2,ddr4_1x,0.002447,2447214336.0,3509939.0,4011148.0,7348993.0,0.477611,1973138.0,2003842.0,351792.0,375375.0,104431788342.0,52926.753396,21446307225.0,60963.032772,nan,nan,nan,nan,nan,nan,nan,nan,nan,nan,nan,nan,nan,nan,nan,nan,1022039.0,23573.0,7.0,0.023065,0.794533,652639.0,12733.0,639906.0,0.0,1425329.0,321680.0,0.0,79359.0,0.0,57711.0,1688.0,0.0,0.0,nan,0.0,0.0,nan,1598032.0,375106.0,0.187193,58162.971395,345696.0,6096.0,0.01624,150880.082185,14.64,72.49,0.0,0.0,9819962087.701664,3343661353.9027586,9819909783.0,3343661354.0,13163571137.0,19207.0,9819.962088,3343.818267,70156.75,3332.0,87648.75,nan,nan,nan,nan,23641344.0,9660512220.863354,369396.0,87054.15,1001736.0,151.521692,155.88299,134839.0,2.0,1920.0,2004996.0
simple_triad_ampm_cfg07_l2_ddr4_2x,simple_triad,ampm,stage1,cfg07,l2,ddr4_2x,0.001553,1553324787.0,3510138.0,4011383.0,4664639.0,0.752503,1960680.0,2003902.0,330859.0,375374.0,63072456408.0,32168.664141,12101980239.0,36577.455167,nan,nan,nan,nan,nan,nan,nan,nan,nan,nan,nan,nan,nan,nan,nan,nan,850196.0,44505.0,11.0,0.052347,0.879424,480804.0,44883.0,435921.0,0.0,2040949.0,984156.0,0.0,187974.0,0.0,131620.0,5183.0,0.0,0.0,nan,0.0,0.0,nan,1585572.0,375108.0,0.187189,33590.074898,324757.0,6102.0,0.016256,75467.393805,nan,nan,nan,nan,nan,nan,nan,nan,nan,nan,nan,nan,nan,nan,nan,nan,nan,nan,nan,nan,nan,nan,nan,1001767.0,84.380727,115.534293,46280.0,2.0,1750.0,2005046.0
simple_triad_ampm_cfg08_l1d_ddr4_1x,simple_triad,ampm,stage1,cfg08,l1d,ddr4_1x,0.002564,2564155944.0,3509906.0,4011114.0,7700169.0,0.455824,1971099.0,2003797.0,375396.0,375406.0,117224681976.0,59471.737328,35315379821.0,94075.002986,611466.0,3197.0,5.0,0.005228,0.330166,242811.0,1288.0,241523.0,0.0,6786422.0,5331599.0,0.0,296645.0,0.0,258400.0,1382.0,nan,nan,nan,nan,nan,nan,nan,nan,nan,nan,nan,nan,nan,nan,nan,nan,0.0,0.0,nan,0.0,0.0,nan,1964613.0,6486.0,0.003237,118146.356614,nan,375396.0,0.999973,93742.003873,10.49,58.26,0.0,0.0,9369689100.31316,3190345742.8718696,9369664141.0,3190345743.0,12560009884.0,19207.0,9369.6891,3190.620297,48474.56,3332.0,65966.56,23593920.0,9201437243.007246,368655.0,65573.26,nan,nan,nan,nan,1001734.0,177.463663,148.641702,130177.0,2.0,1866.0,2004873.0
simple_triad_ampm_cfg08_l1d_ddr4_2x,simple_triad,ampm,stage1,cfg08,l1d,ddr4_2x,0.001913,1913225193.0,3510133.0,4011378.0,5745421.0,0.610948,1846852.0,2003874.0,375405.0,375415.0,74274612700.0,40216.873198,26283243860.0,70013.036214,619498.0,25712.0,9.0,0.041505,0.734776,253632.0,41434.0,212198.0,0.0,8685450.0,7085159.0,0.0,306519.0,0.0,445527.0,3322.0,nan,nan,nan,nan,nan,nan,nan,nan,nan,nan,nan,nan,nan,nan,nan,nan,347.0,17.0,20.411765,0.0,0.0,nan,1837571.0,9281.0,0.004632,84775.499515,nan,375405.0,0.999973,69680.035327,nan,nan,nan,nan,nan,nan,nan,nan,nan,nan,nan,nan,nan,nan,nan,nan,nan,nan,nan,nan,nan,nan,nan,1001767.0,108.463583,122.491515,59320.0,2.0,1873.0,2004972.0
simple_triad_ampm_cfg08_l2_ddr4_1x,simple_triad,ampm,stage1,cfg08,l2,ddr4_1x,0.00248,2479505346.0,3509948.0,4011158.0,7445963.0,0.471392,1974013.0,2003835.0,352261.0,375375.0,106995050514.0,54201.796297,22006562076.0,62472.320456,nan,nan,nan,nan,nan,nan,nan,nan,nan,nan,nan,nan,nan,nan,nan,nan,994945.0,23104.0,7.0,0.023221,0.791233,625544.0,12035.0,613509.0,0.0,1325169.0,263079.0,0.0,65050.0,0.0,52062.0,1538.0,0.0,0.0,nan,0.0,0.0,nan,1598907.0,375106.0,0.187194,59648.502269,346165.0,6096.0,0.01624,145799.374016,14.42,68.89,0.0,0.0,9692100901.806244,3300090485.064032,9692049279.0,3300090485.0,12992139764.0,19207.0,9692.100902,3300.116297,69283.27,3332.0,86775.27,nan,nan,nan,nan,23641408.0,9534727577.070528,369397.0,86250.11,1001737.0,155.797344,160.225764,139257.0,2.0,1920.0,2004970.0
simple_triad_ampm_cfg08_l2_ddr4_2x,simple_triad,ampm,stage1,cfg08,l2,ddr4_2x,0.001742,1741683573.0,3510115.0,4011360.0,5230281.0,0.671117,1953266.0,2003897.0,314184.0,375373.0,61340871060.0,31404.258846,11729068857.0,37331.846488,nan,nan,nan,nan,nan,nan,nan,nan,nan,nan,nan,nan,nan,nan,nan,nan,1098477.0,61179.0,11.0,0.055694,0.90913,729099.0,91512.0,637587.0,0.0,1761438.0,536512.0,0.0,114261.0,0.0,97616.0,14903.0,0.0,0.0,nan,0.0,0.0,nan,1578159.0,375107.0,0.187189,32785.41674,308069.0,6115.0,0.01629,89720.111038,nan,nan,nan,nan,nan,nan,nan,nan,nan,nan,nan,nan,nan,nan,nan,nan,nan,nan,nan,nan,nan,nan,nan,1001762.0,84.876993,113.854521,37903.0,2.0,1774.0,2005029.0
simple_triad_ampm_cfg17_l2_ddr4_1x,simple_triad,ampm,stage1,cfg17,l2,ddr4_1x,0.002436,2436372189.0,3509957.0,4011166.0,7316434.0,0.479738,1973266.0,2003838.0,352251.0,375376.0,104468541885.0,52941.945934,21393069183.0,60732.458341,nan,nan,nan,nan,nan,nan,nan,nan,nan,nan,nan,nan,nan,nan,nan,nan,1017942.0,23115.0,6.0,0.022708,0.791339,648527.0,11659.0,636868.0,0.0,1420496.0,320726.0,0.0,79709.0,0.0,57476.0,2124.0,0.0,0.0,nan,0.0,0.0,nan,1598160.0,375106.0,0.187194,58016.251332,346156.0,6095.0,0.016237,150954.609352,14.58,72.03,0.0,0.0,9864003582.253992,3358646120.22133,9863951045.0,3358646120.0,13222597165.0,19207.0,9864.003582,3358.514777,69451.21,3332.0,86943.21,nan,nan,nan,nan,23642240.0,9703870413.043858,369410.0,86335.78,1001741.0,150.758623,154.935633,131289.0,2.0,1926.0,2004991.0
simple_triad_ampm_cfg17_l2_ddr4_2x,simple_triad,ampm,stage1,cfg17,l2,ddr4_2x,0.001556,1555748361.0,3510115.0,4011360.0,4671917.0,0.751326,1960262.0,2003900.0,331236.0,375374.0,60186133620.0,30703.10684,11331851805.0,34210.80983,nan,nan,nan,nan,nan,nan,nan,nan,nan,nan,nan,nan,nan,nan,nan,nan,743330.0,44128.0,11.0,0.059365,0.878309,373932.0,53461.0,320471.0,0.0,2413866.0,1414112.0,0.0,244873.0,0.0,159115.0,543.0,0.0,0.0,nan,0.0,0.0,nan,1585154.0,375108.0,0.187189,31527.180788,325122.0,6114.0,0.016288,98384.997056,nan,nan,nan,nan,nan,nan,nan,nan,nan,nan,nan,nan,nan,nan,nan,nan,nan,nan,nan,nan,nan,nan,nan,1001762.0,78.678161,97.10479,19554.0,2.0,1638.0,2005041.0
simple_triad_ampm_cfg18_l2_ddr4_1x,simple_triad,ampm,stage1,cfg18,l2,ddr4_1x,0.002479,2479440411.0,3509934.0,4011143.0,7445768.0,0.471402,1974670.0,2003832.0,352452.0,375373.0,107823091644.0,54603.094008,22044960639.0,62547.412524,nan,nan,nan,nan,nan,nan,nan,nan,nan,nan,nan,nan,nan,nan,nan,nan,990832.0,22911.0,7.0,0.023123,0.789926,621423.0,11530.0,609893.0,0.0,1325392.0,266132.0,0.0,66399.0,0.0,52076.0,2392.0,0.0,0.0,nan,0.0,0.0,nan,1599564.0,375106.0,0.187194,59749.918722,346359.0,6093.0,0.016232,142767.751846,14.43,71.37,0.0,0.0,9692457980.995617,3300202724.6542287,9692406356.0,3300202725.0,12992609081.0,19207.0,9692.457981,3300.228537,69193.96,3332.0,86685.96,nan,nan,nan,nan,23641856.0,9535157971.578289,369404.0,86209.67,1001736.0,154.534808,155.694929,136215.0,2.0,1920.0,2004977.0
simple_triad_ampm_cfg18_l2_ddr4_2x,simple_triad,ampm,stage1,cfg18,l2,ddr4_2x,0.001701,1700722242.0,3510115.0,4011360.0,5107274.0,0.687281,1943603.0,2003903.0,309173.0,375375.0,59813486640.0,30774.539163,11449227312.0,37031.782568,nan,nan,nan,nan,nan,nan,nan,nan,nan,nan,nan,nan,nan,nan,nan,nan,1073560.0,66192.0,11.0,0.061657,0.915126,704188.0,101505.0,602683.0,0.0,1942198.0,724587.0,0.0,129357.0,0.0,107409.0,15756.0,0.0,0.0,nan,0.0,0.0,nan,1568495.0,375108.0,0.187189,32076.097964,303034.0,6139.0,0.016354,90292.632676,nan,nan,nan,nan,nan,nan,nan,nan,nan,nan,nan,nan,nan,nan,nan,nan,nan,nan,nan,nan,nan,nan,nan,1001762.0,83.792882,113.236436,37565.0,2.0,1859.0,2005056.0
simple_triad_ampm_cfg19_l2_ddr4_1x,simple_triad,ampm,stage1,cfg19,l2,ddr4_1x,0.002436,2436372189.0,3509957.0,4011166.0,7316434.0,0.479738,1973266.0,2003839.0,352251.0,375376.0,104468541885.0,52941.945934,21393069183.0,60732.458341,nan,nan,nan,nan,nan,nan,nan,nan,nan,nan,nan,nan,nan,nan,nan,nan,1017942.0,23115.0,6.0,0.022708,0.791339,648527.0,11659.0,636868.0,0.0,1420496.0,320726.0,0.0,79709.0,0.0,57476.0,2124.0,0.0,0.0,nan,0.0,0.0,nan,1598160.0,375106.0,0.187194,58016.251332,346156.0,6095.0,0.016237,150954.609352,14.58,72.03,0.0,0.0,9864003582.253992,3358646120.22133,9863951045.0,3358646120.0,13222597165.0,19207.0,9864.003582,3358.514777,69451.21,3332.0,86943.21,nan,nan,nan,nan,23642240.0,9703870413.043858,369410.0,86335.78,1001741.0,150.758623,154.935633,131289.0,2.0,1926.0,2004988.0
simple_triad_ampm_cfg19_l2_ddr4_2x,simple_triad,ampm,stage1,cfg19,l2,ddr4_2x,0.001556,1555748361.0,3510115.0,4011360.0,4671917.0,0.751326,1960262.0,2003900.0,331236.0,375374.0,60186133620.0,30703.10684,11331851805.0,34210.80983,nan,nan,nan,nan,nan,nan,nan,nan,nan,nan,nan,nan,nan,nan,nan,nan,743330.0,44128.0,11.0,0.059365,0.878309,373932.0,53461.0,320471.0,0.0,2413866.0,1414112.0,0.0,244873.0,0.0,159115.0,543.0,0.0,0.0,nan,0.0,0.0,nan,1585154.0,375108.0,0.187189,31527.180788,325122.0,6114.0,0.016288,98384.997056,nan,nan,nan,nan,nan,nan,nan,nan,nan,nan,nan,nan,nan,nan,nan,nan,nan,nan,nan,nan,nan,nan,nan,1001762.0,78.678161,97.10479,19554.0,2.0,1638.0,2005041.0
simple_triad_ampm_cfg20_l2_ddr4_1x,simple_triad,ampm,stage1,cfg20,l2,ddr4_1x,0.002479,2479440411.0,3509934.0,4011143.0,7445768.0,0.471402,1974670.0,2003833.0,352452.0,375373.0,107823091644.0,54603.094008,22044960639.0,62547.412524,nan,nan,nan,nan,nan,nan,nan,nan,nan,nan,nan,nan,nan,nan,nan,nan,990832.0,22911.0,7.0,0.023123,0.789926,621423.0,11530.0,609893.0,0.0,1325392.0,266132.0,0.0,66399.0,0.0,52076.0,2392.0,0.0,0.0,nan,0.0,0.0,nan,1599564.0,375106.0,0.187194,59749.918722,346359.0,6093.0,0.016232,142767.751846,14.43,71.37,0.0,0.0,9692457980.995617,3300202724.6542287,9692406356.0,3300202725.0,12992609081.0,19207.0,9692.457981,3300.228537,69193.96,3332.0,86685.96,nan,nan,nan,nan,23641856.0,9535157971.578289,369404.0,86209.67,1001736.0,154.534808,155.694929,136215.0,2.0,1920.0,2004974.0
simple_triad_ampm_cfg20_l2_ddr4_2x,simple_triad,ampm,stage1,cfg20,l2,ddr4_2x,0.001701,1700722242.0,3510115.0,4011360.0,5107274.0,0.687281,1943603.0,2003903.0,309173.0,375375.0,59813486640.0,30774.539163,11449227312.0,37031.782568,nan,nan,nan,nan,nan,nan,nan,nan,nan,nan,nan,nan,nan,nan,nan,nan,1073560.0,66192.0,11.0,0.061657,0.915126,704188.0,101505.0,602683.0,0.0,1942198.0,724587.0,0.0,129357.0,0.0,107409.0,15756.0,0.0,0.0,nan,0.0,0.0,nan,1568495.0,375108.0,0.187189,32076.097964,303034.0,6139.0,0.016354,90292.632676,nan,nan,nan,nan,nan,nan,nan,nan,nan,nan,nan,nan,nan,nan,nan,nan,nan,nan,nan,nan,nan,nan,nan,1001762.0,83.792882,113.236436,37565.0,2.0,1859.0,2005056.0
simple_triad_ampm_cfg21_l2_ddr4_1x,simple_triad,ampm,stage1,cfg21,l2,ddr4_1x,0.002436,2436372189.0,3509957.0,4011166.0,7316434.0,0.479738,1973266.0,2003838.0,352251.0,375376.0,104468541885.0,52941.945934,21393069183.0,60732.458341,nan,nan,nan,nan,nan,nan,nan,nan,nan,nan,nan,nan,nan,nan,nan,nan,1017942.0,23115.0,6.0,0.022708,0.791339,648527.0,11659.0,636868.0,0.0,1420496.0,320726.0,0.0,79709.0,0.0,57476.0,2124.0,0.0,0.0,nan,0.0,0.0,nan,1598160.0,375106.0,0.187194,58016.251332,346156.0,6095.0,0.016237,150954.609352,14.58,72.03,0.0,0.0,9864003582.253992,3358646120.22133,9863951045.0,3358646120.0,13222597165.0,19207.0,9864.003582,3358.514777,69451.21,3332.0,86943.21,nan,nan,nan,nan,23642240.0,9703870413.043858,369410.0,86335.78,1001741.0,150.758623,154.935633,131289.0,2.0,1926.0,2004991.0
simple_triad_ampm_cfg21_l2_ddr4_2x,simple_triad,ampm,stage1,cfg21,l2,ddr4_2x,0.001556,1555748361.0,3510115.0,4011360.0,4671917.0,0.751326,1960262.0,2003900.0,331236.0,375374.0,60186133620.0,30703.10684,11331851805.0,34210.80983,nan,nan,nan,nan,nan,nan,nan,nan,nan,nan,nan,nan,nan,nan,nan,nan,743330.0,44128.0,11.0,0.059365,0.878309,373932.0,53461.0,320471.0,0.0,2413866.0,1414112.0,0.0,244873.0,0.0,159115.0,543.0,0.0,0.0,nan,0.0,0.0,nan,1585154.0,375108.0,0.187189,31527.180788,325122.0,6114.0,0.016288,98384.997056,nan,nan,nan,nan,nan,nan,nan,nan,nan,nan,nan,nan,nan,nan,nan,nan,nan,nan,nan,nan,nan,nan,nan,1001762.0,78.678161,97.10479,19554.0,2.0,1638.0,2005041.0
simple_triad_ampm_cfg22_l2_ddr4_1x,simple_triad,ampm,stage1,cfg22,l2,ddr4_1x,0.002479,2479440411.0,3509934.0,4011143.0,7445768.0,0.471402,1974670.0,2003832.0,352452.0,375373.0,107823091644.0,54603.094008,22044960639.0,62547.412524,nan,nan,nan,nan,nan,nan,nan,nan,nan,nan,nan,nan,nan,nan,nan,nan,990832.0,22911.0,7.0,0.023123,0.789926,621423.0,11530.0,609893.0,0.0,1325392.0,266132.0,0.0,66399.0,0.0,52076.0,2392.0,0.0,0.0,nan,0.0,0.0,nan,1599564.0,375106.0,0.187194,59749.918722,346359.0,6093.0,0.016232,142767.751846,14.43,71.37,0.0,0.0,9692457980.995617,3300202724.6542287,9692406356.0,3300202725.0,12992609081.0,19207.0,9692.457981,3300.228537,69193.96,3332.0,86685.96,nan,nan,nan,nan,23641856.0,9535157971.578289,369404.0,86209.67,1001736.0,154.534808,155.694929,136215.0,2.0,1920.0,2004977.0
simple_triad_ampm_cfg22_l2_ddr4_2x,simple_triad,ampm,stage1,cfg22,l2,ddr4_2x,0.001701,1700722242.0,3510115.0,4011360.0,5107274.0,0.687281,1943603.0,2003903.0,309173.0,375375.0,59813486640.0,30774.539163,11449227312.0,37031.782568,nan,nan,nan,nan,nan,nan,nan,nan,nan,nan,nan,nan,nan,nan,nan,nan,1073560.0,66192.0,11.0,0.061657,0.915126,704188.0,101505.0,602683.0,0.0,1942198.0,724587.0,0.0,129357.0,0.0,107409.0,15756.0,0.0,0.0,nan,0.0,0.0,nan,1568495.0,375108.0,0.187189,32076.097964,303034.0,6139.0,0.016354,90292.632676,nan,nan,nan,nan,nan,nan,nan,nan,nan,nan,nan,nan,nan,nan,nan,nan,nan,nan,nan,nan,nan,nan,nan,1001762.0,83.792882,113.236436,37565.0,2.0,1859.0,2005056.0
simple_triad_ampm_cfg23_l2_ddr4_1x,simple_triad,ampm,stage1,cfg23,l2,ddr4_1x,0.002436,2436372189.0,3509957.0,4011166.0,7316434.0,0.479738,1973266.0,2003839.0,352251.0,375376.0,104468541885.0,52941.945934,21393069183.0,60732.458341,nan,nan,nan,nan,nan,nan,nan,nan,nan,nan,nan,nan,nan,nan,nan,nan,1017942.0,23115.0,6.0,0.022708,0.791339,648527.0,11659.0,636868.0,0.0,1420496.0,320726.0,0.0,79709.0,0.0,57476.0,2124.0,0.0,0.0,nan,0.0,0.0,nan,1598160.0,375106.0,0.187194,58016.251332,346156.0,6095.0,0.016237,150954.609352,14.58,72.03,0.0,0.0,9864003582.253992,3358646120.22133,9863951045.0,3358646120.0,13222597165.0,19207.0,9864.003582,3358.514777,69451.21,3332.0,86943.21,nan,nan,nan,nan,23642240.0,9703870413.043858,369410.0,86335.78,1001741.0,150.758623,154.935633,131289.0,2.0,1926.0,2004988.0
simple_triad_ampm_cfg23_l2_ddr4_2x,simple_triad,ampm,stage1,cfg23,l2,ddr4_2x,0.001556,1555748361.0,3510115.0,4011360.0,4671917.0,0.751326,1960262.0,2003900.0,331236.0,375374.0,60186133620.0,30703.10684,11331851805.0,34210.80983,nan,nan,nan,nan,nan,nan,nan,nan,nan,nan,nan,nan,nan,nan,nan,nan,743330.0,44128.0,11.0,0.059365,0.878309,373932.0,53461.0,320471.0,0.0,2413866.0,1414112.0,0.0,244873.0,0.0,159115.0,543.0,0.0,0.0,nan,0.0,0.0,nan,1585154.0,375108.0,0.187189,31527.180788,325122.0,6114.0,0.016288,98384.997056,nan,nan,nan,nan,nan,nan,nan,nan,nan,nan,nan,nan,nan,nan,nan,nan,nan,nan,nan,nan,nan,nan,nan,1001762.0,78.678161,97.10479,19554.0,2.0,1638.0,2005041.0
simple_triad_ampm_cfg24_l2_ddr4_1x,simple_triad,ampm,stage1,cfg24,l2,ddr4_1x,0.002479,2479440411.0,3509934.0,4011143.0,7445768.0,0.471402,1974670.0,2003833.0,352452.0,375373.0,107823091644.0,54603.094008,22044960639.0,62547.412524,nan,nan,nan,nan,nan,nan,nan,nan,nan,nan,nan,nan,nan,nan,nan,nan,990832.0,22911.0,7.0,0.023123,0.789926,621423.0,11530.0,609893.0,0.0,1325392.0,266132.0,0.0,66399.0,0.0,52076.0,2392.0,0.0,0.0,nan,0.0,0.0,nan,1599564.0,375106.0,0.187194,59749.918722,346359.0,6093.0,0.016232,142767.751846,14.43,71.37,0.0,0.0,9692457980.995617,3300202724.6542287,9692406356.0,3300202725.0,12992609081.0,19207.0,9692.457981,3300.228537,69193.96,3332.0,86685.96,nan,nan,nan,nan,23641856.0,9535157971.578289,369404.0,86209.67,1001736.0,154.534808,155.694929,136215.0,2.0,1920.0,2004974.0
simple_triad_ampm_cfg24_l2_ddr4_2x,simple_triad,ampm,stage1,cfg24,l2,ddr4_2x,0.001701,1700722242.0,3510115.0,4011360.0,5107274.0,0.687281,1943603.0,2003903.0,309173.0,375375.0,59813486640.0,30774.539163,11449227312.0,37031.782568,nan,nan,nan,nan,nan,nan,nan,nan,nan,nan,nan,nan,nan,nan,nan,nan,1073560.0,66192.0,11.0,0.061657,0.915126,704188.0,101505.0,602683.0,0.0,1942198.0,724587.0,0.0,129357.0,0.0,107409.0,15756.0,0.0,0.0,nan,0.0,0.0,nan,1568495.0,375108.0,0.187189,32076.097964,303034.0,6139.0,0.016354,90292.632676,nan,nan,nan,nan,nan,nan,nan,nan,nan,nan,nan,nan,nan,nan,nan,nan,nan,nan,nan,nan,nan,nan,nan,1001762.0,83.792882,113.236436,37565.0,2.0,1859.0,2005056.0
simple_triad_ampm_default_l1d_ddr4_1x,simple_triad,ampm,stage1,default,l1d,ddr4_1x,0.002586,2586030048.0,3509953.0,4011161.0,7765857.0,0.451975,1975468.0,2003816.0,375421.0,375431.0,115665070149.0,58550.718184,35968441739.0,95808.283871,526505.0,2910.0,5.0,0.005527,0.270145,159203.0,1280.0,157923.0,0.0,7399800.0,5989478.0,0.0,326837.0,0.0,286243.0,2066.0,nan,nan,nan,nan,nan,nan,nan,nan,nan,nan,nan,nan,nan,nan,nan,nan,0.0,0.0,nan,0.0,0.0,nan,1967606.0,7862.0,0.003924,129624.718519,nan,375421.0,0.999973,95475.284758,10.67,58.24,0.0,0.0,9291053682.29658,3163632227.0606503,9291028934.0,3163632227.0,12454661161.0,19207.0,9291.053682,3163.780717,50185.71,3332.0,67677.71,23507328.0,9090121755.615425,367302.0,66984.89,nan,nan,nan,nan,1001740.0,178.224914,152.610006,158571.0,2.0,1866.0,2004909.0
simple_triad_ampm_default_l1d_ddr4_2x,simple_triad,ampm,stage1,default,l1d,ddr4_2x,0.001918,1917569844.0,3510133.0,4011378.0,5758468.0,0.609563,1851094.0,2003880.0,375429.0,375439.0,75425513315.0,40746.452268,26310239247.0,70080.465939,571508.0,24272.0,11.0,0.04247,0.71229,206141.0,33540.0,172601.0,0.0,8927421.0,7376142.0,0.0,316196.0,0.0,438358.0,4850.0,nan,nan,nan,nan,nan,nan,nan,nan,nan,nan,nan,nan,nan,nan,nan,nan,2009.0,34.0,59.088235,0.0,0.0,nan,1841290.0,9804.0,0.004893,77602.688188,nan,375429.0,0.999973,69747.465052,nan,nan,nan,nan,nan,nan,nan,nan,nan,nan,nan,nan,nan,nan,nan,nan,nan,nan,nan,nan,nan,nan,nan,1001767.0,106.969323,119.557916,51092.0,2.0,1797.0,2004978.0
simple_triad_ampm_default_l2_ddr4_1x,simple_triad,ampm,stage1,default,l2,ddr4_1x,0.002427,2427322581.0,3509958.0,4011166.0,7289258.0,0.481527,1973864.0,2003830.0,352086.0,375374.0,104434926201.0,52908.876296,21327417900.0,60574.455957,nan,nan,nan,nan,nan,nan,nan,nan,nan,nan,nan,nan,nan,nan,nan,nan,1014549.0,23278.0,7.0,0.022944,0.79255,645110.0,11823.0,633287.0,0.0,1417114.0,320325.0,0.0,80125.0,0.0,57250.0,2460.0,0.0,0.0,nan,0.0,0.0,nan,1598758.0,375106.0,0.187195,57840.088183,345993.0,6093.0,0.016232,148631.787297,14.59,73.09,0.0,0.0,9901279783.793188,3371220646.177477,9901227051.0,3371220646.0,13272447697.0,19207.0,9901.279784,3371.352479,68985.32,3332.0,86477.32,nan,nan,nan,nan,23643584.0,9740602334.881834,369431.0,85900.81,1001740.0,149.545853,152.826375,125834.0,2.0,1926.0,2004965.0
simple_triad_ampm_default_l2_ddr4_2x,simple_triad,ampm,stage1,default,l2,ddr4_2x,0.001637,1637191170.0,3510111.0,4011355.0,4916490.0,0.71395,1943871.0,2003901.0,311486.0,375376.0,57429501345.0,29543.885034,11025785844.0,35397.372094,nan,nan,nan,nan,nan,nan,nan,nan,nan,nan,nan,nan,nan,nan,nan,nan,955437.0,63880.0,11.0,0.066859,0.907631,586396.0,91405.0,494991.0,0.0,2171116.0,1025051.0,0.0,173691.0,0.0,130317.0,20238.0,0.0,0.0,nan,260.0,39.0,6.666667,1568763.0,375108.0,0.187189,30922.55588,304985.0,6501.0,0.017319,82381.976927,nan,nan,nan,nan,nan,nan,nan,nan,nan,nan,nan,nan,nan,nan,nan,nan,nan,nan,nan,nan,nan,nan,nan,1001761.0,81.474108,109.633166,32528.0,2.0,1746.0,2005051.0
spmv_ampm_cfg01_l1d_ddr4_1x,spmv,ampm,stage1,cfg01,l1d,ddr4_1x,0.008751,8750750157.0,11279795.0,11329344.0,26278529.0,0.430153,3185933.0,4826551.0,525328.0,1717750.0,129216253401.0,40558.371253,42421658263.0,80752.707381,446424.0,49520.0,29583.0,0.110926,0.029848,338420.0,1527.0,336890.0,3.0,451354.0,125.0,0.0,357.0,0.0,6779.0,99.0,nan,nan,nan,nan,nan,nan,nan,nan,nan,nan,nan,nan,nan,nan,nan,nan,410089.0,124418.0,3.296058,0.0,0.0,nan,1576386.0,1609547.0,0.333478,25991.777274,nan,525328.0,0.305823,80419.708015,4.88,57.18,0.0,0.0,3842069696.5168767,12169928.07351613,3842062383.0,12169928.0,3854232311.0,19207.0,3842.025815,11.701854,35782.11,3332.0,53274.11,5344320.0,610727069.5787047,83506.0,73599.03,nan,nan,nan,nan,4767049.0,83.277945,118.809121,216444.0,2.0,1712.0,4861752.0
spmv_ampm_cfg01_l1d_ddr4_2x,spmv,ampm,stage1,cfg01,l1d,ddr4_2x,0.00777,7770299922.0,11279581.0,11329130.0,23334234.0,0.48442,3182234.0,4826949.0,525421.0,1717730.0,114844819554.0,36089.36978,34627336353.0,65903.982431,436967.0,54761.0,29505.0,0.125321,0.032885,329895.0,8820.0,321074.0,1.0,442912.0,124.0,0.0,379.0,0.0,5933.0,107.0,nan,nan,nan,nan,nan,nan,nan,nan,nan,nan,nan,nan,nan,nan,nan,nan,359806.0,101615.0,3.540875,0.0,0.0,nan,1571761.0,1610473.0,0.333642,22681.750282,nan,525421.0,0.305881,65570.983065,nan,nan,nan,nan,nan,nan,nan,nan,nan,nan,nan,nan,nan,nan,nan,nan,nan,nan,nan,nan,nan,nan,nan,4767008.0,74.123114,105.9179,97236.0,2.0,1583.0,4862005.0
spmv_ampm_cfg01_l2_ddr4_1x,spmv,ampm,stage1,cfg01,l2,ddr4_1x,0.007653,7653377295.0,11279576.0,11329125.0,22983115.0,0.491821,2196599.0,4827889.0,319325.0,1687081.0,40892509557.0,18616.283426,27234103754.0,85286.47539,nan,nan,nan,nan,nan,nan,nan,nan,nan,nan,nan,nan,nan,nan,nan,nan,859671.0,244072.0,22391.0,0.283913,0.450682,571327.0,434176.0,137131.0,20.0,860599.0,384.0,0.0,225.0,255.0,30414.0,12033.0,20438.0,3804.0,5.372766,9394.0,608.0,15.450658,509706.0,1686893.0,0.349406,20222.917885,21835.0,297490.0,0.176334,89501.811513,7.06,57.31,0.0,0.0,4898932138.690544,13914902.6495237,4898923776.0,13914903.0,4912838679.0,19207.0,4898.873602,13.496787,49465.52,3332.0,66957.52,nan,nan,nan,nan,18453504.0,2411158275.452563,288340.0,71732.21,4767008.0,27.560167,77.447769,73094.0,2.0,1773.0,4863433.0
spmv_ampm_cfg01_l2_ddr4_2x,spmv,ampm,stage1,cfg01,l2,ddr4_2x,0.007154,7154280891.0,11279581.0,11329130.0,21484327.0,0.526131,2203191.0,4828074.0,315866.0,1687235.0,36051079500.0,16363.120356,23169823828.0,73353.332831,nan,nan,nan,nan,nan,nan,nan,nan,nan,nan,nan,nan,nan,nan,nan,nan,868419.0,247878.0,22476.0,0.285436,0.454716,579407.0,443821.0,135573.0,13.0,868956.0,167.0,0.0,172.0,140.0,30969.0,12165.0,15745.0,3270.0,4.814985,6879.0,491.0,14.010183,516143.0,1687048.0,0.349425,17846.181711,18617.0,297249.0,0.176175,76245.472991,nan,nan,nan,nan,nan,nan,nan,nan,nan,nan,nan,nan,nan,nan,nan,nan,nan,nan,nan,nan,nan,nan,nan,4767008.0,24.518732,68.254474,60352.0,2.0,1781.0,4863773.0
spmv_ampm_cfg02_l1d_ddr4_1x,spmv,ampm,stage1,cfg02,l1d,ddr4_1x,0.008759,8758644255.0,11279795.0,11329344.0,26302235.0,0.429765,3184962.0,4826462.0,525341.0,1717756.0,129295983924.0,40595.769722,42470133731.0,80842.983378,446240.0,49555.0,29568.0,0.11105,0.029868,338282.0,1529.0,336751.0,2.0,451122.0,107.0,0.0,354.0,0.0,6910.0,102.0,nan,nan,nan,nan,nan,nan,nan,nan,nan,nan,nan,nan,nan,nan,nan,nan,409737.0,124421.0,3.29315,0.0,0.0,nan,1575363.0,1609599.0,0.333495,26008.308786,nan,525341.0,0.30583,80509.984012,4.88,57.3,0.0,0.0,3838701860.8281174,12158959.41192099,3838694554.0,12158959.0,3850853513.0,19207.0,3838.658018,11.749764,35872.43,3332.0,53364.43,5341568.0,609862422.138071,83463.0,73877.55,nan,nan,nan,nan,4767049.0,83.321628,119.06577,217206.0,2.0,1714.0,4861830.0
spmv_ampm_cfg02_l1d_ddr4_2x,spmv,ampm,stage1,cfg02,l1d,ddr4_2x,0.00777,7770299922.0,11279581.0,11329130.0,23334234.0,0.48442,3181471.0,4826950.0,525438.0,1717709.0,114800950467.0,36084.236024,34643908774.0,65933.390379,436719.0,54813.0,29493.0,0.125511,0.032916,329637.0,8821.0,320815.0,1.0,442698.0,118.0,0.0,382.0,0.0,5885.0,103.0,nan,nan,nan,nan,nan,nan,nan,nan,nan,nan,nan,nan,nan,nan,nan,nan,359870.0,101638.0,3.540703,0.0,0.0,nan,1571029.0,1610442.0,0.333636,22692.139825,nan,525438.0,0.305895,65600.391013,nan,nan,nan,nan,nan,nan,nan,nan,nan,nan,nan,nan,nan,nan,nan,nan,nan,nan,nan,nan,nan,nan,nan,4767008.0,74.096408,105.829502,97217.0,2.0,1605.0,4862033.0
spmv_ampm_cfg02_l2_ddr4_1x,spmv,ampm,stage1,cfg02,l2,ddr4_1x,0.007604,7604360028.0,11279581.0,11329130.0,22835916.0,0.494991,2187571.0,4827738.0,316547.0,1687110.0,40238907480.0,18394.332106,26964452637.0,85183.093307,nan,nan,nan,nan,nan,nan,nan,nan,nan,nan,nan,nan,nan,nan,nan,nan,903145.0,247807.0,22839.0,0.274382,0.45469,613104.0,474842.0,138243.0,19.0,904075.0,375.0,0.0,229.0,266.0,34064.0,15254.0,20671.0,3629.0,5.69606,9361.0,629.0,14.882353,500653.0,1686918.0,0.349422,20066.335878,19352.0,297195.0,0.176156,88972.64777,7.09,57.41,0.0,0.0,4942309919.784876,14004597.31099938,4942301504.0,14004597.0,4956306101.0,19207.0,4942.24259,13.482791,49072.0,3332.0,66564.0,nan,nan,nan,nan,18562112.0,2440982795.613632,290037.0,71444.93,4767008.0,27.15393,76.75361,72142.0,2.0,1792.0,4863352.0
spmv_ampm_cfg02_l2_ddr4_2x,spmv,ampm,stage1,cfg02,l2,ddr4_2x,0.007115,7114751793.0,11279581.0,11329130.0,21365621.0,0.529054,2201930.0,4828046.0,315019.0,1687234.0,35896244490.0,16302.173316,23083175227.0,73275.501563,nan,nan,nan,nan,nan,nan,nan,nan,nan,nan,nan,nan,nan,nan,nan,nan,906275.0,249204.0,22731.0,0.274976,0.45616,616380.0,482125.0,134244.0,11.0,906715.0,122.0,0.0,171.0,90.0,34369.0,15337.0,15766.0,3275.0,4.814046,5580.0,465.0,12.0,514883.0,1687047.0,0.349426,17796.299937,17915.0,297104.0,0.176089,76053.18402,nan,nan,nan,nan,nan,nan,nan,nan,nan,nan,nan,nan,nan,nan,nan,nan,nan,nan,nan,nan,nan,nan,nan,4767008.0,24.421872,68.199165,59385.0,2.0,1797.0,4863771.0
spmv_ampm_cfg03_l1d_ddr4_1x,spmv,ampm,stage1,cfg03,l1d,ddr4_1x,0.008759,8758644255.0,11279795.0,11329344.0,26302235.0,0.429765,3185013.0,4826445.0,525338.0,1717773.0,129281352237.0,40590.525765,42477198661.0,80856.893392,446150.0,49572.0,29572.0,0.111111,0.029877,338179.0,1527.0,336650.0,2.0,451003.0,104.0,0.0,358.0,0.0,6886.0,103.0,nan,nan,nan,nan,nan,nan,nan,nan,nan,nan,nan,nan,nan,nan,nan,nan,410087.0,124595.0,3.29136,0.0,0.0,nan,1575410.0,1609603.0,0.333497,26005.224278,nan,525338.0,0.305825,80523.894026,4.88,57.3,0.0,0.0,3838679939.6272545,12158959.41192099,3838672633.0,12158959.0,3850831592.0,19207.0,3838.636097,11.749764,35886.27,3332.0,53378.27,5342080.0,609920878.6737052,83471.0,74002.6,nan,nan,nan,nan,4767049.0,83.316122,118.929428,217201.0,2.0,1714.0,4861777.0
spmv_ampm_cfg03_l1d_ddr4_2x,spmv,ampm,stage1,cfg03,l1d,ddr4_2x,0.00777,7770299922.0,11279581.0,11329130.0,23334234.0,0.48442,3182234.0,4826949.0,525421.0,1717730.0,114844819554.0,36089.36978,34627336353.0,65903.982431,436967.0,54761.0,29505.0,0.125321,0.032885,329895.0,8820.0,321074.0,1.0,442912.0,124.0,0.0,379.0,0.0,5933.0,107.0,nan,nan,nan,nan,nan,nan,nan,nan,nan,nan,nan,nan,nan,nan,nan,nan,359806.0,101615.0,3.540875,0.0,0.0,nan,1571761.0,1610473.0,0.333642,22681.750282,nan,525421.0,0.305881,65570.983065,nan,nan,nan,nan,nan,nan,nan,nan,nan,nan,nan,nan,nan,nan,nan,nan,nan,nan,nan,nan,nan,nan,nan,4767008.0,74.123114,105.9179,97236.0,2.0,1583.0,4862005.0
spmv_ampm_cfg03_l2_ddr4_1x,spmv,ampm,stage1,cfg03,l2,ddr4_1x,0.007624,7623596106.0,11279581.0,11329130.0,22893682.0,0.493742,2183915.0,4827786.0,322690.0,1687111.0,40647327318.0,18612.137981,27450995979.0,85069.249059,nan,nan,nan,nan,nan,nan,nan,nan,nan,nan,nan,nan,nan,nan,nan,nan,776895.0,233262.0,17772.0,0.300249,0.435118,505988.0,366532.0,139436.0,20.0,777790.0,382.0,0.0,188.0,267.0,27839.0,11964.0,20200.0,3372.0,5.99051,8134.0,614.0,13.247557,496996.0,1686919.0,0.349419,20327.565255,19863.0,302827.0,0.179494,88976.17153,6.94,57.41,0.0,0.0,4816490208.748212,13969260.50636188,4816481814.0,13969261.0,4830451074.0,19207.0,4816.431444,13.490746,49502.06,3332.0,66994.06,nan,nan,nan,nan,17337024.0,2274126771.531776,270895.0,72798.78,4767008.0,27.408731,77.316172,72541.0,2.0,1804.0,4862309.0
spmv_ampm_cfg03_l2_ddr4_2x,spmv,ampm,stage1,cfg03,l2,ddr4_2x,0.007159,7159012155.0,11279576.0,11329125.0,21498535.0,0.525783,2198273.0,4828183.0,320997.0,1687165.0,36245040345.0,16487.961388,23561838416.0,73402.051782,nan,nan,nan,nan,nan,nan,nan,nan,nan,nan,nan,nan,nan,nan,nan,nan,778231.0,235054.0,17782.0,0.302036,0.436898,507341.0,371657.0,135671.0,13.0,778642.0,148.0,0.0,149.0,61.0,27784.0,11778.0,15068.0,3170.0,4.753312,5461.0,478.0,11.424686,511293.0,1686980.0,0.349403,18056.141049,18045.0,302952.0,0.179563,76211.216259,nan,nan,nan,nan,nan,nan,nan,nan,nan,nan,nan,nan,nan,nan,nan,nan,nan,nan,nan,nan,nan,nan,nan,4767008.0,24.641402,68.451953,61627.0,2.0,1803.0,4863115.0
spmv_ampm_cfg04_l1d_ddr4_1x,spmv,ampm,stage1,cfg04,l1d,ddr4_1x,0.008759,8758644255.0,11279795.0,11329344.0,26302235.0,0.429765,3185330.0,4826443.0,525340.0,1717773.0,129242662965.0,40574.340167,42472164376.0,80847.002657,446180.0,49541.0,29569.0,0.111034,0.029859,338225.0,1530.0,336693.0,2.0,451083.0,112.0,0.0,359.0,0.0,6905.0,102.0,nan,nan,nan,nan,nan,nan,nan,nan,nan,nan,nan,nan,nan,nan,nan,nan,410137.0,124558.0,3.292739,0.0,0.0,nan,1575711.0,1609619.0,0.3335,26007.638272,nan,525340.0,0.305826,80514.003291,4.88,57.3,0.0,0.0,3838694553.761163,12158959.41192099,3838687247.0,12158959.0,3850846206.0,19207.0,3838.650711,11.749764,35876.35,3332.0,53368.35,5341376.0,609840500.9372082,83460.0,73905.13,nan,nan,nan,nan,4767049.0,83.289391,118.797579,217130.0,2.0,1714.0,4861796.0
spmv_ampm_cfg04_l1d_ddr4_2x,spmv,ampm,stage1,cfg04,l1d,ddr4_2x,0.007775,7775107776.0,11279581.0,11329130.0,23348672.0,0.484121,3182612.0,4826850.0,525418.0,1717725.0,114967955295.0,36123.773584,34643706313.0,65935.514796,437850.0,54698.0,29507.0,0.124924,0.032849,330749.0,8852.0,321895.0,2.0,443805.0,115.0,0.0,363.0,0.0,5842.0,110.0,nan,nan,nan,nan,nan,nan,nan,nan,nan,nan,nan,nan,nan,nan,nan,nan,360714.0,101765.0,3.544578,0.0,0.0,nan,1572172.0,1610440.0,0.333642,22685.314423,nan,525418.0,0.30588,65602.51543,nan,nan,nan,nan,nan,nan,nan,nan,nan,nan,nan,nan,nan,nan,nan,nan,nan,nan,nan,nan,nan,nan,nan,4767008.0,74.20012,106.164782,98015.0,2.0,1583.0,4862045.0
spmv_ampm_cfg04_l2_ddr4_1x,spmv,ampm,stage1,cfg04,l2,ddr4_1x,0.007592,7591941459.0,11279581.0,11329130.0,22798623.0,0.495801,2183726.0,4827754.0,321938.0,1687129.0,40520282490.0,18555.570841,27335117619.0,84908.018373,nan,nan,nan,nan,nan,nan,nan,nan,nan,nan,nan,nan,nan,nan,nan,nan,809889.0,234376.0,17997.0,0.289393,0.436307,538378.0,400217.0,138142.0,19.0,810876.0,422.0,0.0,196.0,311.0,30782.0,14746.0,20321.0,3377.0,6.017471,10605.0,647.0,16.391036,496789.0,1686937.0,0.349425,20263.023065,19133.0,302805.0,0.179479,88630.136841,6.95,57.41,0.0,0.0,4841478849.448542,14027505.42468323,4841470419.0,14027505.0,4855497925.0,19207.0,4841.41984,13.555426,49169.51,3332.0,66661.51,nan,nan,nan,nan,17375872.0,2288725761.893418,271502.0,72466.73,4767008.0,27.331612,77.222509,71961.0,2.0,1804.0,4862394.0
spmv_ampm_cfg04_l2_ddr4_2x,spmv,ampm,stage1,cfg04,l2,ddr4_2x,0.007115,7114630248.0,11279576.0,11329125.0,21365256.0,0.529063,2196276.0,4828019.0,319450.0,1687211.0,35995464504.0,16389.317419,23407842225.0,73275.449131,nan,nan,nan,nan,nan,nan,nan,nan,nan,nan,nan,nan,nan,nan,nan,nan,825531.0,237082.0,18079.0,0.287187,0.439085,553778.0,418960.0,134806.0,12.0,825966.0,138.0,0.0,159.0,78.0,31788.0,15468.0,15165.0,3133.0,4.840409,5861.0,479.0,12.235908,509249.0,1687027.0,0.349424,17969.172895,16587.0,302863.0,0.179505,75814.400584,nan,nan,nan,nan,nan,nan,nan,nan,nan,nan,nan,nan,nan,nan,nan,nan,nan,nan,nan,nan,nan,nan,nan,4767008.0,24.485732,68.103227,60563.0,2.0,1684.0,4863059.0
spmv_ampm_cfg05_l1d_ddr4_1x,spmv,ampm,stage1,cfg05,l1d,ddr4_1x,0.008752,8752330575.0,11279795.0,11329344.0,26283275.0,0.430075,3186164.0,4826664.0,525429.0,1721156.0,129204040293.0,40551.597562,42459651923.0,80809.494571,450386.0,49534.0,32817.0,0.109981,0.029857,338939.0,1713.0,337219.0,7.0,455387.0,122.0,0.0,384.0,0.0,7878.0,103.0,nan,nan,nan,nan,nan,nan,nan,nan,nan,nan,nan,nan,nan,nan,nan,nan,410004.0,124643.0,3.289427,0.0,0.0,nan,1576654.0,1609510.0,0.333462,25974.895857,nan,525429.0,0.305277,80476.495205,4.88,57.24,0.0,0.0,3842114475.89204,12167730.53616065,3842107164.0,12167731.0,3854274894.0,19207.0,3842.070602,11.787489,35838.55,3332.0,53330.55,5387648.0,615567242.7855023,84183.0,73621.07,nan,nan,nan,nan,4767049.0,83.268597,118.885155,216344.0,2.0,1687.0,4861850.0
spmv_ampm_cfg05_l1d_ddr4_2x,spmv,ampm,stage1,cfg05,l1d,ddr4_2x,0.007775,7775154063.0,11279581.0,11329130.0,23348811.0,0.484118,3182866.0,4826920.0,525493.0,1721094.0,114755282514.0,36054.072812,34689463827.0,66013.179675,441401.0,54953.0,32745.0,0.124497,0.032999,330828.0,8994.0,321830.0,4.0,447620.0,118.0,0.0,408.0,0.0,6854.0,105.0,nan,nan,nan,nan,nan,nan,nan,nan,nan,nan,nan,nan,nan,nan,nan,nan,361097.0,101959.0,3.54159,0.0,0.0,nan,1572529.0,1610337.0,0.333616,22700.864911,nan,525493.0,0.305325,65680.180309,nan,nan,nan,nan,nan,nan,nan,nan,nan,nan,nan,nan,nan,nan,nan,nan,nan,nan,nan,nan,nan,nan,nan,4767008.0,74.078069,105.521644,97540.0,2.0,1714.0,4861992.0
spmv_ampm_cfg05_l2_ddr4_1x,spmv,ampm,stage1,cfg05,l2,ddr4_1x,0.00765,7650036972.0,11279581.0,11329130.0,22973084.0,0.492036,2196456.0,4827760.0,319270.0,1687110.0,40831794333.0,18589.853078,27198056143.0,85188.261168,nan,nan,nan,nan,nan,nan,nan,nan,nan,nan,nan,nan,nan,nan,nan,nan,859840.0,244215.0,22372.0,0.284024,0.450799,571461.0,434193.0,137247.0,21.0,860775.0,401.0,0.0,236.0,237.0,30410.0,12127.0,21261.0,3822.0,5.562794,9305.0,639.0,14.561815,509538.0,1686918.0,0.34942,20200.736236,21747.0,297523.0,0.176351,89387.126639,7.06,57.41,0.0,0.0,4901640101.5113945,13920978.47236391,4901631736.0,13920978.0,4915552714.0,19207.0,4901.58154,13.402288,49426.65,3332.0,66918.65,nan,nan,nan,nan,18455680.0,2412495530.093498,288374.0,71771.75,4767008.0,27.526386,77.268279,72615.0,2.0,1799.0,4863393.0
spmv_ampm_cfg05_l2_ddr4_2x,spmv,ampm,stage1,cfg05,l2,ddr4_2x,0.007154,7153554951.0,11279576.0,11329125.0,21482147.0,0.526184,2203643.0,4828102.0,315871.0,1687206.0,36040974615.0,16355.1785,23166959347.0,73343.103188,nan,nan,nan,nan,nan,nan,nan,nan,nan,nan,nan,nan,nan,nan,nan,nan,868781.0,247888.0,22495.0,0.285329,0.45475,579702.0,444035.0,135658.0,9.0,869287.0,165.0,0.0,175.0,108.0,30948.0,12183.0,16766.0,3284.0,5.105359,7419.0,520.0,14.267308,516621.0,1687022.0,0.349417,17846.337727,18651.0,297220.0,0.176161,76254.270177,nan,nan,nan,nan,nan,nan,nan,nan,nan,nan,nan,nan,nan,nan,nan,nan,nan,nan,nan,nan,nan,nan,nan,4767008.0,24.511401,68.269552,60331.0,2.0,1711.0,4863734.0
spmv_ampm_cfg06_l1d_ddr4_1x,spmv,ampm,stage1,cfg06,l1d,ddr4_1x,0.008757,8757390843.0,11279795.0,11329344.0,26298471.0,0.429827,3186542.0,4826493.0,525421.0,1721111.0,129343998528.0,40590.70884,42475163054.0,80840.246305,450223.0,49607.0,32807.0,0.110183,0.0299,338815.0,1696.0,337112.0,7.0,455197.0,136.0,0.0,389.0,0.0,7972.0,99.0,nan,nan,nan,nan,nan,nan,nan,nan,nan,nan,nan,nan,nan,nan,nan,nan,410992.0,124928.0,3.289831,0.0,0.0,nan,1577038.0,1609504.0,0.333473,25985.562178,nan,525421.0,0.30528,80507.246939,4.88,57.29,0.0,0.0,3839835928.6292276,12160699.67747584,3839828621.0,12160700.0,3851989320.0,19207.0,3839.79208,11.77337,35869.18,3332.0,53361.18,5385088.0,614919226.119094,84143.0,73654.26,nan,nan,nan,nan,4767049.0,83.360293,119.166459,216690.0,2.0,1714.0,4861954.0
spmv_ampm_cfg06_l1d_ddr4_2x,spmv,ampm,stage1,cfg06,l1d,ddr4_2x,0.007775,7774867683.0,11279576.0,11329125.0,23347951.0,0.484135,3181906.0,4826964.0,525470.0,1720742.0,114691658535.0,36044.954985,34644618851.0,65930.726494,440540.0,54934.0,32408.0,0.124697,0.032987,330353.0,8981.0,321371.0,1.0,446657.0,150.0,0.0,401.0,0.0,6624.0,107.0,nan,nan,nan,nan,nan,nan,nan,nan,nan,nan,nan,nan,nan,nan,nan,nan,360667.0,101653.0,3.548021,0.0,0.0,nan,1571530.0,1610376.0,0.333621,22670.077324,nan,525470.0,0.305374,65597.727128,nan,nan,nan,nan,nan,nan,nan,nan,nan,nan,nan,nan,nan,nan,nan,nan,nan,nan,nan,nan,nan,nan,nan,4767008.0,74.023982,105.546373,97025.0,2.0,1602.0,4861906.0
spmv_ampm_cfg06_l2_ddr4_1x,spmv,ampm,stage1,cfg06,l2,ddr4_1x,0.007607,7606747638.0,11279581.0,11329130.0,22843086.0,0.494836,2187401.0,4827797.0,316597.0,1687098.0,40301840151.0,18424.532196,26990465626.0,85251.804742,nan,nan,nan,nan,nan,nan,nan,nan,nan,nan,nan,nan,nan,nan,nan,nan,902079.0,247665.0,22803.0,0.274549,0.454449,612279.0,473983.0,138279.0,17.0,903157.0,470.0,0.0,246.0,304.0,33892.0,15190.0,21533.0,3718.0,5.791555,8585.0,641.0,13.393136,500495.0,1686906.0,0.349415,20082.12852,19283.0,297314.0,0.176228,89027.230161,7.09,57.38,0.0,0.0,4939732167.830858,14000201.5405365,4939723754.0,14000202.0,4953723956.0,19207.0,4939.673273,13.495387,49113.44,3332.0,66605.44,nan,nan,nan,nan,18546624.0,2438180531.6307774,289795.0,71479.36,4767008.0,27.194055,77.111272,71690.0,2.0,1720.0,4863425.0
spmv_ampm_cfg06_l2_ddr4_2x,spmv,ampm,stage1,cfg06,l2,ddr4_2x,0.007115,7115224986.0,11279576.0,11329125.0,21367042.0,0.529019,2201912.0,4828077.0,314950.0,1687228.0,35883947799.0,16296.72203,23061554209.0,73222.905887,nan,nan,nan,nan,nan,nan,nan,nan,nan,nan,nan,nan,nan,nan,nan,nan,906802.0,249349.0,22771.0,0.274976,0.456396,616685.0,482443.0,134232.0,10.0,907237.0,130.0,0.0,170.0,75.0,34483.0,15371.0,15824.0,3269.0,4.840624,6834.0,472.0,14.478814,514868.0,1687044.0,0.349424,17784.579773,17956.0,296994.0,0.176025,76010.942275,nan,nan,nan,nan,nan,nan,nan,nan,nan,nan,nan,nan,nan,nan,nan,nan,nan,nan,nan,nan,nan,nan,nan,4767008.0,24.413847,68.157097,59498.0,2.0,1688.0,4863756.0
spmv_ampm_cfg07_l1d_ddr4_1x,spmv,ampm,stage1,cfg07,l1d,ddr4_1x,0.008758,8758445787.0,11279800.0,11329349.0,26301639.0,0.429775,3185381.0,4826572.0,525432.0,1721187.0,129216543444.0,40565.490735,42474908953.0,80838.070298,449389.0,49740.0,32860.0,0.110684,0.029977,337943.0,1698.0,336234.0,11.0,454444.0,128.0,0.0,382.0,0.0,7810.0,110.0,nan,nan,nan,nan,nan,nan,nan,nan,nan,nan,nan,nan,nan,nan,nan,nan,410158.0,124647.0,3.290557,0.0,0.0,nan,1575843.0,1609538.0,0.333474,25974.935978,nan,525432.0,0.305273,80505.070932,4.88,57.11,0.0,0.0,3839453804.6822076,12159234.93618811,3839446497.0,12159235.0,3851605732.0,19207.0,3839.409961,11.691572,35867.15,3332.0,53359.15,5385536.0,614896310.4839505,84150.0,73809.94,nan,nan,nan,nan,4767049.0,83.277058,118.776443,216650.0,2.0,1714.0,4861844.0
spmv_ampm_cfg07_l1d_ddr4_2x,spmv,ampm,stage1,cfg07,l1d,ddr4_2x,0.007783,7782800409.0,11279576.0,11329125.0,23371773.0,0.483642,3183388.0,4826792.0,525480.0,1720747.0,114921649647.0,36100.42183,34738380626.0,66107.902539,440636.0,54977.0,32418.0,0.124767,0.033013,330415.0,9040.0,321374.0,1.0,446649.0,125.0,0.0,373.0,0.0,6835.0,102.0,nan,nan,nan,nan,nan,nan,nan,nan,nan,nan,nan,nan,nan,nan,nan,nan,360443.0,101700.0,3.544179,0.0,0.0,nan,1573042.0,1610346.0,0.333627,22719.534021,nan,525480.0,0.305379,65774.903172,nan,nan,nan,nan,nan,nan,nan,nan,nan,nan,nan,nan,nan,nan,nan,nan,nan,nan,nan,nan,nan,nan,nan,4767008.0,74.177805,105.854304,98149.0,2.0,1634.0,4861901.0
spmv_ampm_cfg07_l2_ddr4_1x,spmv,ampm,stage1,cfg07,l2,ddr4_1x,0.00763,7629838191.0,11279581.0,11329130.0,22912427.0,0.493338,2184620.0,4827713.0,322636.0,1687122.0,40724397171.0,18641.410026,27506195705.0,85254.577,nan,nan,nan,nan,nan,nan,nan,nan,nan,nan,nan,nan,nan,nan,nan,nan,775852.0,233307.0,17739.0,0.300711,0.435183,504969.0,365582.0,139370.0,17.0,776760.0,404.0,0.0,188.0,258.0,27699.0,11863.0,20885.0,3438.0,6.074753,9934.0,641.0,15.49766,497689.0,1686931.0,0.349427,20360.621145,19831.0,302805.0,0.17948,89134.097852,6.94,57.45,0.0,0.0,4812155524.255993,13957832.04493386,4812147136.0,13957832.0,4826104968.0,19207.0,4812.096807,13.446157,49655.39,3332.0,67147.39,nan,nan,nan,nan,17335488.0,2272064959.444171,270871.0,72946.72,4767008.0,27.459856,77.608794,72992.0,2.0,1755.0,4862364.0
spmv_ampm_cfg07_l2_ddr4_2x,spmv,ampm,stage1,cfg07,l2,ddr4_2x,0.007159,7159455378.0,11279581.0,11329130.0,21499866.0,0.525751,2198063.0,4828067.0,320898.0,1687192.0,36309632022.0,16518.922352,23564788122.0,73433.88903,nan,nan,nan,nan,nan,nan,nan,nan,nan,nan,nan,nan,nan,nan,nan,nan,778163.0,235039.0,17724.0,0.302043,0.436962,507351.0,371766.0,135574.0,11.0,778608.0,149.0,0.0,153.0,89.0,27833.0,11787.0,15256.0,3169.0,4.814137,5896.0,486.0,12.131687,511058.0,1687005.0,0.349416,18057.31502,18043.0,302855.0,0.179502,76241.549864,nan,nan,nan,nan,nan,nan,nan,nan,nan,nan,nan,nan,nan,nan,nan,nan,nan,nan,nan,nan,nan,nan,nan,4767008.0,24.681175,68.943493,61910.0,2.0,1777.0,4862985.0
spmv_ampm_cfg08_l1d_ddr4_1x,spmv,ampm,stage1,cfg08,l1d,ddr4_1x,0.008754,8754212025.0,11279800.0,11329349.0,26288925.0,0.429983,3185657.0,4826451.0,525423.0,1721142.0,129311397828.0,40591.751663,42453998882.0,80799.658336,449742.0,49661.0,32828.0,0.110421,0.029931,338338.0,1707.0,336624.0,7.0,454791.0,126.0,0.0,381.0,0.0,7939.0,99.0,nan,nan,nan,nan,nan,nan,nan,nan,nan,nan,nan,nan,nan,nan,nan,nan,410456.0,124671.0,3.292313,0.0,0.0,nan,1576122.0,1609535.0,0.333482,25973.506769,nan,525423.0,0.305276,80466.65897,4.88,57.13,0.0,0.0,3841244866.3533487,12165115.45480874,3841237556.0,12165115.0,3853402671.0,19207.0,3841.201002,11.697226,35828.39,3332.0,53320.39,5384640.0,615091339.4172676,84136.0,73608.31,nan,nan,nan,nan,4767049.0,83.342077,119.08572,216956.0,2.0,1712.0,4861955.0
spmv_ampm_cfg08_l1d_ddr4_2x,spmv,ampm,stage1,cfg08,l1d,ddr4_2x,0.007774,7773853698.0,11279581.0,11329130.0,23344906.0,0.484199,3181967.0,4826946.0,525492.0,1720885.0,114738623523.0,36059.023718,34671718662.0,65979.536629,441330.0,54915.0,32502.0,0.124431,0.032976,331035.0,9142.0,321892.0,1.0,447294.0,120.0,0.0,387.0,0.0,6516.0,100.0,nan,nan,nan,nan,nan,nan,nan,nan,nan,nan,nan,nan,nan,nan,nan,nan,360020.0,101697.0,3.540124,0.0,0.0,nan,1571561.0,1610406.0,0.333628,22682.864743,nan,525492.0,0.305361,65646.537262,nan,nan,nan,nan,nan,nan,nan,nan,nan,nan,nan,nan,nan,nan,nan,nan,nan,nan,nan,nan,nan,nan,nan,4767008.0,74.067224,105.728207,97054.0,2.0,1609.0,4861934.0
spmv_ampm_cfg08_l2_ddr4_1x,spmv,ampm,stage1,cfg08,l2,ddr4_1x,0.007591,7590681387.0,11279581.0,11329130.0,22794839.0,0.495883,2183868.0,4827748.0,322081.0,1687130.0,40533799293.0,18560.553702,27344165238.0,84898.411387,nan,nan,nan,nan,nan,nan,nan,nan,nan,nan,nan,nan,nan,nan,nan,nan,809328.0,234088.0,17928.0,0.289237,0.43603,538005.0,399550.0,138435.0,20.0,810310.0,419.0,0.0,192.0,305.0,30763.0,14764.0,19140.0,3433.0,5.575299,8578.0,633.0,13.551343,496932.0,1686936.0,0.349425,20266.515621,19307.0,302774.0,0.179461,88656.24338,6.95,57.37,0.0,0.0,4840436072.435561,14029834.02549182,4840427641.0,14029834.0,4854457475.0,19207.0,4840.377053,13.532382,49258.59,3332.0,66750.59,nan,nan,nan,nan,17363904.0,2287529026.015751,271315.0,72628.98,4767008.0,27.339348,77.308614,72359.0,2.0,1836.0,4862358.0
spmv_ampm_cfg08_l2_ddr4_2x,spmv,ampm,stage1,cfg08,l2,ddr4_2x,0.007117,7116686190.0,11279590.0,11329140.0,21371430.0,0.528911,2196345.0,4828075.0,319387.0,1687180.0,36014443506.0,16397.44371,23396369368.0,73253.981433,nan,nan,nan,nan,nan,nan,nan,nan,nan,nan,nan,nan,nan,nan,nan,nan,825246.0,237104.0,18058.0,0.287313,0.439138,553517.0,418599.0,134907.0,11.0,825688.0,150.0,0.0,156.0,78.0,31790.0,15452.0,15384.0,3111.0,4.945034,7076.0,498.0,14.208835,509353.0,1686992.0,0.349413,17962.391201,16561.0,302826.0,0.179486,75793.682019,nan,nan,nan,nan,nan,nan,nan,nan,nan,nan,nan,nan,nan,nan,nan,nan,nan,nan,nan,nan,nan,nan,nan,4767009.0,24.497074,68.231726,60375.0,2.0,1701.0,4863040.0
spmv_ampm_cfg17_l2_ddr4_1x,spmv,ampm,stage1,cfg17,l2,ddr4_1x,0.007681,7680951693.0,11279576.0,11329125.0,23065921.0,0.490055,2192363.0,4827648.0,318631.0,1687140.0,40568017374.0,18504.242853,27249279552.0,85519.863265,nan,nan,nan,nan,nan,nan,nan,nan,nan,nan,nan,nan,nan,nan,nan,nan,849128.0,243311.0,21620.0,0.286542,0.448229,565063.0,426844.0,138214.0,5.0,850525.0,527.0,0.0,214.0,568.0,31967.0,12589.0,21424.0,3898.0,5.496152,10155.0,680.0,14.933824,505412.0,1686951.0,0.349435,20242.308778,19115.0,299516.0,0.177529,89316.373683,7.01,57.42,0.0,0.0,4862572438.001141,13864948.54499015,4862564106.0,13864949.0,4876429054.0,19207.0,4862.514112,13.36501,49293.33,3332.0,66785.33,nan,nan,nan,nan,18178816.0,2366740050.789172,284048.0,71682.33,4767008.0,27.35955,77.514592,72993.0,2.0,1757.0,4863835.0
spmv_ampm_cfg17_l2_ddr4_2x,spmv,ampm,stage1,cfg17,l2,ddr4_2x,0.00719,7189734402.0,11279576.0,11329125.0,21590794.0,0.523537,2206948.0,4828300.0,317570.0,1687171.0,36148169313.0,16379.257379,23332136312.0,73470.845206,nan,nan,nan,nan,nan,nan,nan,nan,nan,nan,nan,nan,nan,nan,nan,nan,853082.0,244533.0,21643.0,0.286647,0.449494,568807.0,433627.0,135167.0,13.0,853762.0,188.0,0.0,163.0,247.0,32207.0,12732.0,15875.0,3356.0,4.730334,7244.0,542.0,13.365314,519964.0,1686984.0,0.349395,17949.427672,18085.0,299485.0,0.177507,76280.940965,nan,nan,nan,nan,nan,nan,nan,nan,nan,nan,nan,nan,nan,nan,nan,nan,nan,nan,nan,nan,nan,nan,nan,4767008.0,24.581465,68.32046,60829.0,2.0,1855.0,4864499.0
spmv_ampm_cfg18_l2_ddr4_1x,spmv,ampm,stage1,cfg18,l2,ddr4_1x,0.007669,7668931059.0,11279581.0,11329130.0,23029823.0,0.490823,2191318.0,4827679.0,317986.0,1687157.0,40519462311.0,18490.909266,27201703842.0,85543.715264,nan,nan,nan,nan,nan,nan,nan,nan,nan,nan,nan,nan,nan,nan,nan,nan,898544.0,244598.0,21962.0,0.272216,0.4496,613418.0,474871.0,138541.0,6.0,899957.0,526.0,0.0,226.0,568.0,36751.0,16932.0,21492.0,3896.0,5.516427,10161.0,680.0,14.942647,504352.0,1686966.0,0.349436,20215.605111,18549.0,299437.0,0.17748,89219.841382,7.02,57.48,0.0,0.0,4878381056.261364,13886681.10075391,4878372711.0,13886681.0,4892259392.0,19207.0,4878.322639,13.385959,49157.91,3332.0,66649.91,nan,nan,nan,nan,18246784.0,2379312561.2449193,285110.0,71485.94,4767008.0,27.325675,77.374344,73646.0,2.0,1740.0,4863782.0
spmv_ampm_cfg18_l2_ddr4_2x,spmv,ampm,stage1,cfg18,l2,ddr4_2x,0.007172,7171878276.0,11279581.0,11329130.0,21537172.0,0.52484,2205677.0,4828203.0,317018.0,1687178.0,36071994564.0,16354.159999,23263250267.0,73381.480758,nan,nan,nan,nan,nan,nan,nan,nan,nan,nan,nan,nan,nan,nan,nan,nan,905570.0,245769.0,22032.0,0.271397,0.450828,620119.0,484536.0,135569.0,14.0,906275.0,204.0,0.0,169.0,247.0,37390.0,17349.0,15918.0,3348.0,4.75448,6248.0,543.0,11.506446,518688.0,1686989.0,0.349403,17908.315522,17637.0,299381.0,0.177445,76101.211303,nan,nan,nan,nan,nan,nan,nan,nan,nan,nan,nan,nan,nan,nan,nan,nan,nan,nan,nan,nan,nan,nan,nan,4767008.0,24.53475,68.130414,60684.0,2.0,1681.0,4864524.0
spmv_ampm_cfg19_l2_ddr4_1x,spmv,ampm,stage1,cfg19,l2,ddr4_1x,0.00767,7670309346.0,11279581.0,11329130.0,23033962.0,0.490735,2186681.0,4827840.0,328324.0,1687049.0,41049842733.0,18772.67088,27944671807.0,85113.095013,nan,nan,nan,nan,nan,nan,nan,nan,nan,nan,nan,nan,nan,nan,nan,nan,698702.0,221257.0,14471.0,0.316669,0.417045,443958.0,305353.0,138595.0,10.0,699724.0,408.0,0.0,147.0,440.0,26528.0,11455.0,21423.0,3723.0,5.75423,10226.0,606.0,16.874587,499822.0,1686859.0,0.349402,20614.026367,19046.0,309278.0,0.183325,88800.600825,6.79,57.45,0.0,0.0,4706121535.870583,13884185.78652721,4706113192.0,13884186.0,4719997378.0,19207.0,4706.063129,13.383554,49587.37,3332.0,67079.37,nan,nan,nan,nan,16302976.0,2125465253.693042,254738.0,73697.26,4767008.0,27.661275,77.662567,72842.0,2.0,1715.0,4863092.0
spmv_ampm_cfg19_l2_ddr4_2x,spmv,ampm,stage1,cfg19,l2,ddr4_2x,0.0072,7200060732.0,11279581.0,11329130.0,21621804.0,0.522786,2199180.0,4827795.0,325948.0,1687180.0,36579058659.0,16633.044434,23943419104.0,73457.788064,nan,nan,nan,nan,nan,nan,nan,nan,nan,nan,nan,nan,nan,nan,nan,nan,702053.0,223657.0,14578.0,0.318576,0.4199,446887.0,311952.0,134927.0,8.0,702499.0,205.0,0.0,128.0,90.0,26714.0,11468.0,16929.0,3221.0,5.255821,6999.0,496.0,14.110887,512188.0,1686992.0,0.349433,18275.487102,16962.0,308986.0,0.183138,76032.270287,nan,nan,nan,nan,nan,nan,nan,nan,nan,nan,nan,nan,nan,nan,nan,nan,nan,nan,nan,nan,nan,nan,nan,4767008.0,24.853891,69.13451,62471.0,2.0,1722.0,4863827.0
spmv_ampm_cfg20_l2_ddr4_1x,spmv,ampm,stage1,cfg20,l2,ddr4_1x,0.007661,7661213451.0,11279581.0,11329130.0,23006647.0,0.491318,2186356.0,4827890.0,327477.0,1687058.0,41119140033.0,18807.156764,27932780710.0,85296.923784,nan,nan,nan,nan,nan,nan,nan,nan,nan,nan,nan,nan,nan,nan,nan,nan,742673.0,222358.0,14565.0,0.299402,0.418306,487512.0,348669.0,138833.0,10.0,743703.0,412.0,0.0,149.0,440.0,30745.0,15550.0,21267.0,3681.0,5.777506,10295.0,608.0,16.932566,499490.0,1686866.0,0.3494,20608.380053,18267.0,309210.0,0.183284,88814.764128,6.81,57.43,0.0,0.0,4714624417.008689,13900670.00236096,4714616063.0,13900670.0,4728516733.0,19207.0,4714.565941,13.382736,49556.91,3332.0,67048.91,nan,nan,nan,nan,16329792.0,2131488974.2262056,255157.0,73600.0,4767008.0,27.709769,78.191286,73943.0,2.0,1770.0,4863153.0
spmv_ampm_cfg20_l2_ddr4_2x,spmv,ampm,stage1,cfg20,l2,ddr4_2x,0.007183,7183495314.0,11279590.0,11329140.0,21572058.0,0.523992,2197452.0,4827790.0,324627.0,1687176.0,36469122705.0,16596.095253,23853239374.0,73478.913873,nan,nan,nan,nan,nan,nan,nan,nan,nan,nan,nan,nan,nan,nan,nan,nan,759703.0,225336.0,14754.0,0.296611,0.421787,503922.0,367976.0,135938.0,8.0,760161.0,213.0,0.0,129.0,90.0,31893.0,16388.0,16888.0,3217.0,5.249611,7033.0,497.0,14.150905,510464.0,1686988.0,0.349433,18224.782019,15722.0,308905.0,0.18309,75838.186213,nan,nan,nan,nan,nan,nan,nan,nan,nan,nan,nan,nan,nan,nan,nan,nan,nan,nan,nan,nan,nan,nan,nan,4767009.0,24.785673,69.055357,62000.0,2.0,1676.0,4863882.0
spmv_ampm_cfg21_l2_ddr4_1x,spmv,ampm,stage1,cfg21,l2,ddr4_1x,0.007681,7680880764.0,11279576.0,11329125.0,23065708.0,0.49006,2192189.0,4827647.0,318623.0,1687133.0,40540580505.0,18493.195844,27288482606.0,85645.049497,nan,nan,nan,nan,nan,nan,nan,nan,nan,nan,nan,nan,nan,nan,nan,nan,849101.0,243342.0,21621.0,0.286588,0.448216,565066.0,426809.0,138251.0,6.0,850613.0,520.0,0.0,223.0,680.0,31973.0,12636.0,22163.0,3891.0,5.695965,11293.0,709.0,15.928068,505245.0,1686944.0,0.349434,20266.38398,19053.0,299570.0,0.177562,89431.71166,7.01,57.49,0.0,0.0,4862817318.4332485,13865076.58068887,4862808986.0,13865077.0,4876674063.0,19207.0,4862.758992,13.340137,49342.74,3332.0,66834.74,nan,nan,nan,nan,18177024.0,2366528599.8443084,284020.0,71663.11,4767008.0,27.340874,77.253734,72712.0,2.0,1748.0,4863762.0
spmv_ampm_cfg21_l2_ddr4_2x,spmv,ampm,stage1,cfg21,l2,ddr4_2x,0.00719,7189734402.0,11279576.0,11329125.0,21590794.0,0.523537,2206948.0,4828300.0,317570.0,1687171.0,36148169313.0,16379.257379,23332136312.0,73470.845206,nan,nan,nan,nan,nan,nan,nan,nan,nan,nan,nan,nan,nan,nan,nan,nan,853082.0,244533.0,21643.0,0.286647,0.449494,568807.0,433627.0,135167.0,13.0,853762.0,188.0,0.0,163.0,247.0,32207.0,12732.0,15875.0,3356.0,4.730334,7244.0,542.0,13.365314,519964.0,1686984.0,0.349395,17949.427672,18085.0,299485.0,0.177507,76280.940965,nan,nan,nan,nan,nan,nan,nan,nan,nan,nan,nan,nan,nan,nan,nan,nan,nan,nan,nan,nan,nan,nan,nan,4767008.0,24.581465,68.32046,60829.0,2.0,1855.0,4864499.0
spmv_ampm_cfg22_l2_ddr4_1x,spmv,ampm,stage1,cfg22,l2,ddr4_1x,0.007672,7672159161.0,11279590.0,11329140.0,23039517.0,0.490617,2190981.0,4827702.0,317847.0,1687148.0,40480316163.0,18475.886447,27204023482.0,85588.42299,nan,nan,nan,nan,nan,nan,nan,nan,nan,nan,nan,nan,nan,nan,nan,nan,898329.0,244709.0,21966.0,0.272405,0.44971,613230.0,474787.0,138437.0,6.0,899862.0,526.0,0.0,229.0,680.0,36760.0,16938.0,22171.0,3903.0,5.680502,11408.0,712.0,16.022472,504025.0,1686956.0,0.349433,20218.136742,18407.0,299440.0,0.177483,89226.262624,7.01,57.53,0.0,0.0,4876136588.793586,13880838.20541064,4876128247.0,13880838.0,4890009085.0,19207.0,4876.078196,13.363644,49125.81,3332.0,66617.81,nan,nan,nan,nan,18244992.0,2378077880.962772,285082.0,71414.83,4767009.0,27.305414,77.202345,73533.0,2.0,1778.0,4863753.0
spmv_ampm_cfg22_l2_ddr4_2x,spmv,ampm,stage1,cfg22,l2,ddr4_2x,0.007172,7171878276.0,11279581.0,11329130.0,21537172.0,0.52484,2205677.0,4828203.0,317018.0,1687178.0,36071994564.0,16354.159999,23263250267.0,73381.480758,nan,nan,nan,nan,nan,nan,nan,nan,nan,nan,nan,nan,nan,nan,nan,nan,905570.0,245769.0,22032.0,0.271397,0.450828,620119.0,484536.0,135569.0,14.0,906275.0,204.0,0.0,169.0,247.0,37390.0,17349.0,15918.0,3348.0,4.75448,6248.0,543.0,11.506446,518688.0,1686989.0,0.349403,17908.315522,17637.0,299381.0,0.177445,76101.211303,nan,nan,nan,nan,nan,nan,nan,nan,nan,nan,nan,nan,nan,nan,nan,nan,nan,nan,nan,nan,nan,nan,nan,4767008.0,24.53475,68.130414,60684.0,2.0,1681.0,4864524.0
spmv_ampm_cfg23_l2_ddr4_1x,spmv,ampm,stage1,cfg23,l2,ddr4_1x,0.00767,7669535787.0,11279576.0,11329125.0,23031639.0,0.490784,2186917.0,4827883.0,328265.0,1687059.0,41109874641.0,18798.095511,27982722014.0,85244.30571,nan,nan,nan,nan,nan,nan,nan,nan,nan,nan,nan,nan,nan,nan,nan,nan,698725.0,221350.0,14479.0,0.316791,0.417205,443866.0,305297.0,138560.0,9.0,699852.0,492.0,0.0,161.0,446.0,26518.0,11436.0,21346.0,3703.0,5.764515,12080.0,650.0,18.584615,500047.0,1686870.0,0.349402,20638.518471,19060.0,309205.0,0.18328,88937.920917,6.8,57.33,0.0,0.0,4706946678.727324,13885586.1629217,4706938334.0,13885586.0,4720823920.0,19207.0,4706.888266,13.376559,49629.11,3332.0,67121.11,nan,nan,nan,nan,16310400.0,2126647616.358531,254854.0,73618.33,4767008.0,27.703038,77.963641,73018.0,2.0,1770.0,4863218.0
spmv_ampm_cfg23_l2_ddr4_2x,spmv,ampm,stage1,cfg23,l2,ddr4_2x,0.0072,7200060732.0,11279581.0,11329130.0,21621804.0,0.522786,2199180.0,4827795.0,325948.0,1687180.0,36579058659.0,16633.044434,23943419104.0,73457.788064,nan,nan,nan,nan,nan,nan,nan,nan,nan,nan,nan,nan,nan,nan,nan,nan,702053.0,223657.0,14578.0,0.318576,0.4199,446887.0,311952.0,134927.0,8.0,702499.0,205.0,0.0,128.0,90.0,26714.0,11468.0,16929.0,3221.0,5.255821,6999.0,496.0,14.110887,512188.0,1686992.0,0.349433,18275.487102,16962.0,308986.0,0.183138,76032.270287,nan,nan,nan,nan,nan,nan,nan,nan,nan,nan,nan,nan,nan,nan,nan,nan,nan,nan,nan,nan,nan,nan,nan,4767008.0,24.853891,69.13451,62471.0,2.0,1722.0,4863827.0
spmv_ampm_cfg24_l2_ddr4_1x,spmv,ampm,stage1,cfg24,l2,ddr4_1x,0.007661,7661142522.0,11279581.0,11329130.0,23006434.0,0.491322,2186386.0,4827896.0,327460.0,1687053.0,41126323176.0,18810.184101,27928106018.0,85287.076339,nan,nan,nan,nan,nan,nan,nan,nan,nan,nan,nan,nan,nan,nan,nan,nan,742496.0,222366.0,14557.0,0.299484,0.418322,487342.0,348524.0,138808.0,10.0,743626.0,497.0,0.0,159.0,446.0,30765.0,15542.0,21202.0,3676.0,5.767682,12181.0,653.0,18.653905,499525.0,1686861.0,0.349399,20608.312033,18260.0,309200.0,0.183278,88799.697274,6.81,57.43,0.0,0.0,4714526050.948723,13900798.69865133,4714517697.0,13900799.0,4728418496.0,19207.0,4714.467574,13.38286,49536.59,3332.0,67028.59,nan,nan,nan,nan,16329280.0,2131441877.3842516,255149.0,73573.83,4767008.0,27.713973,78.223926,73904.0,2.0,1710.0,4863159.0
spmv_ampm_cfg24_l2_ddr4_2x,spmv,ampm,stage1,cfg24,l2,ddr4_2x,0.007183,7183495314.0,11279590.0,11329140.0,21572058.0,0.523992,2197452.0,4827790.0,324627.0,1687176.0,36469122705.0,16596.095253,23853239374.0,73478.913873,nan,nan,nan,nan,nan,nan,nan,nan,nan,nan,nan,nan,nan,nan,nan,nan,759703.0,225336.0,14754.0,0.296611,0.421787,503922.0,367976.0,135938.0,8.0,760161.0,213.0,0.0,129.0,90.0,31893.0,16388.0,16888.0,3217.0,5.249611,7033.0,497.0,14.150905,510464.0,1686988.0,0.349433,18224.782019,15722.0,308905.0,0.18309,75838.186213,nan,nan,nan,nan,nan,nan,nan,nan,nan,nan,nan,nan,nan,nan,nan,nan,nan,nan,nan,nan,nan,nan,nan,4767009.0,24.785673,69.055357,62000.0,2.0,1676.0,4863882.0
spmv_ampm_default_l1d_ddr4_1x,spmv,ampm,stage1,default,l1d,ddr4_1x,0.006407,6407292294.0,11279576.0,11329125.0,19241118.0,0.58747,1794233.0,4825791.0,681672.0,4301998.0,31394584989.0,17497.496138,58268170769.0,85478.310344,4030021.0,181585.0,2552799.0,0.045058,0.104274,1288045.0,1123419.0,161503.0,3123.0,10037988.0,2629220.0,0.0,43182.0,3231495.0,1297201.0,300004.0,nan,nan,nan,nan,nan,nan,nan,nan,nan,nan,nan,nan,nan,nan,nan,nan,689771.0,293779.0,2.347925,0.0,0.0,nan,234396.0,1559837.0,0.323229,16513.546464,nan,681672.0,0.158455,85145.310833,7.52,57.28,0.0,0.0,6808961726.446251,16641038.85191038,6808951738.0,16641039.0,6825592777.0,19207.0,6808.891806,16.151597,40076.0,3332.0,57568.0,30766976.0,4801868650.3207,480738.0,60413.42,nan,nan,nan,nan,4767008.0,22.706726,61.395377,35161.0,2.0,1722.0,4867002.0
spmv_ampm_default_l1d_ddr4_2x,spmv,ampm,stage1,default,l1d,ddr4_2x,0.006312,6312431916.0,11279581.0,11329130.0,18956252.0,0.596298,2320942.0,4826758.0,637818.0,3768725.0,50490660465.0,21754.382688,47221704206.0,74036.330436,3422306.0,134707.0,2028846.0,0.039361,0.080813,1185959.0,654149.0,530009.0,1801.0,7056438.0,1622072.0,0.0,31821.0,1886277.0,770696.0,164535.0,nan,nan,nan,nan,nan,nan,nan,nan,nan,nan,nan,nan,nan,nan,nan,nan,515922.0,242996.0,2.123171,0.0,0.0,nan,788748.0,1532194.0,0.317438,15670.457821,nan,637818.0,0.16924,73703.330958,nan,nan,nan,nan,nan,nan,nan,nan,nan,nan,nan,nan,nan,nan,nan,nan,nan,nan,nan,nan,nan,nan,nan,4767008.0,34.35029,69.387661,30193.0,2.0,1654.0,4865694.0
spmv_ampm_default_l2_ddr4_1x,spmv,ampm,stage1,default,l2,ddr4_1x,0.007316,7316426583.0,11279581.0,11329130.0,21971251.0,0.514471,2171543.0,4827799.0,274229.0,1687170.0,38226449619.0,17603.358358,23650517926.0,86243.679283,nan,nan,nan,nan,nan,nan,nan,nan,nan,nan,nan,nan,nan,nan,nan,nan,3929705.0,361672.0,77816.0,0.092035,0.572551,3485714.0,3330661.0,154964.0,89.0,3947318.0,1700.0,0.0,642.0,15118.0,545230.0,430533.0,17426.0,2961.0,5.885174,81277.0,2331.0,34.867868,484563.0,1686980.0,0.34943,18273.006959,4216.0,270013.0,0.160039,86506.480129,8.55,57.41,0.0,0.0,6245698153.546278,14564487.01987884,6245698154.0,14564487.0,6260262641.0,19207.0,6245.628174,14.100873,45984.67,3332.0,63476.67,nan,nan,nan,nan,28410688.0,3883137167.809943,443922.0,66011.81,4767008.0,25.885709,76.891447,94408.0,2.0,1769.0,4863134.0
spmv_ampm_default_l2_ddr4_2x,spmv,ampm,stage1,default,l2,ddr4_2x,0.006587,6586994412.0,11279576.0,11329125.0,19780764.0,0.571443,2187270.0,4828028.0,274279.0,1687161.0,32934442590.0,15057.328355,19748498916.0,72001.498168,nan,nan,nan,nan,nan,nan,nan,nan,nan,nan,nan,nan,nan,nan,nan,nan,3925275.0,361842.0,77807.0,0.092183,0.572587,3481130.0,3332582.0,148474.0,74.0,3940382.0,1660.0,0.0,586.0,12680.0,544174.0,429363.0,14367.0,2815.0,5.10373,72226.0,2200.0,32.83,500292.0,1686978.0,0.349413,15986.942361,4179.0,270100.0,0.160091,72095.885243,nan,nan,nan,nan,nan,nan,nan,nan,nan,nan,nan,nan,nan,nan,nan,nan,nan,nan,nan,nan,nan,nan,nan,4767008.0,22.562228,64.583177,44249.0,2.0,1689.0,4863398.0
