run,benchmark,prefetcher,stage,config,pf_level,memory,simSeconds,simTicks,simInsts,simOps,numCycles,ipc,l1d_demand_misses,l1d_demand_accesses,l2_demand_misses,l2_demand_accesses,l1d_demand_miss_latency,l1d_demand_avg_miss_latency,l2_demand_miss_latency,l2_demand_avg_miss_latency,l1d_pf_issued,l1d_pf_useful,l1d_pf_unused,l1d_prefetcher_accuracy,l1d_prefetcher_coverage,l1d_pf_late,l1d_pf_hit_in_cache,l1d_pf_hit_in_mshr,l1d_pf_hit_in_wb,l1d_pf_identified,l1d_pf_buffer_hit,l1d_pf_in_cache,l1d_pf_removed_demand,l1d_pf_removed_full,l1d_pf_span_page,l1d_pf_useful_span_page,l2_pf_issued,l2_pf_useful,l2_pf_unused,l2_prefetcher_accuracy,l2_prefetcher_coverage,l2_pf_late,l2_pf_hit_in_cache,l2_pf_hit_in_mshr,l2_pf_hit_in_wb,l2_pf_identified,l2_pf_buffer_hit,l2_pf_in_cache,l2_pf_removed_demand,l2_pf_removed_full,l2_pf_span_page,l2_pf_useful_span_page,l1d_blocked_cycles_no_mshrs,l1d_blocked_causes_no_mshrs,l1d_avg_blocked_no_mshrs,l2_blocked_cycles_no_mshrs,l2_blocked_causes_no_mshrs,l2_avg_blocked_no_mshrs,l1d_demand_mshr_hits,l1d_demand_mshr_misses,l1d_demand_mshr_miss_rate,l1d_demand_avg_mshr_miss_latency,l2_demand_mshr_hits,l2_demand_mshr_misses,l2_demand_mshr_miss_rate,l2_demand_avg_mshr_miss_latency,mem_avg_rdq_len,mem_avg_wrq_len,mem_num_rd_retry,mem_num_wr_retry,mem_avg_read_bw_sys,mem_avg_write_bw_sys,dram_bw_read_total,dram_bw_write_total,dram_bw_total,dram_peak_bw,dram_avg_rd_bw,dram_avg_wr_bw,dram_avg_q_lat,dram_avg_bus_lat,dram_avg_mem_acc_lat,l1d_prefetcher_read_bytes,l1d_prefetcher_read_rate,l1d_prefetcher_read_accesses,l1d_prefetcher_read_avg_lat,l2_prefetcher_read_bytes,l2_prefetcher_read_rate,l2_prefetcher_read_accesses,l2_prefetcher_read_avg_lat,load_to_use_samples,load_to_use_mean,load_to_use_stdev,load_to_use_overflows,load_to_use_min,load_to_use_max,added_loads_and_stores
bfs_ampm_assoc16_l1d_ddr4_1x,bfs,ampm,stage1,assoc16,l1d,ddr4_1x,0.021075,21075032871.0,30729211.0,31124590.0,63288387.0,0.485543,5598182.0,11498592.0,1741540.0,6186177.0,217032780122.0,38768.43949,142640140308.0,81904.601851,5578178.0,361444.0,2444506.0,0.064796,0.103069,2537586.0,1290370.0,1246350.0,866.0,12145603.0,4176265.0,0.0,485471.0,1172461.0,1017786.0,178612.0,nan,nan,nan,nan,nan,nan,nan,nan,nan,nan,nan,nan,nan,nan,nan,nan,4231463.0,828047.0,5.110172,0.0,0.0,nan,2452820.0,3145362.0,0.273543,35009.075106,nan,1741540.0,0.281521,81571.601851,6.39,57.52,0.0,0.0,5288657184.177922,480905726.7923063,5288654147.0,480905727.0,5769559874.0,19207.0,5268.614511,480.547388,37038.08,3332.0,54530.08,41781056.0,1982490668.2585645,654926.0,54480.38,nan,nan,nan,nan,8774099.0,56.761474,102.713916,140264.0,2.0,1761.0,12882423.0
bfs_ampm_assoc16_l1d_ddr4_2x,bfs,ampm,stage1,assoc16,l1d,ddr4_2x,0.018754,18754269957.0,30729211.0,31124590.0,56319129.0,0.545627,5449883.0,11379513.0,1746043.0,6268754.0,179884053485.0,33006.956936,113649657129.0,65089.83864,5900082.0,381981.0,2522713.0,0.064742,0.108772,2761345.0,1519914.0,1240338.0,1093.0,12809229.0,4475233.0,0.0,476621.0,1251453.0,1139693.0,219839.0,nan,nan,nan,nan,nan,nan,nan,nan,nan,nan,nan,nan,nan,nan,nan,nan,2965861.0,759352.0,3.905779,0.0,0.0,nan,2320095.0,3129788.0,0.275037,29582.235966,nan,1746043.0,0.278531,64756.83864,nan,nan,nan,nan,nan,nan,nan,nan,nan,nan,nan,nan,nan,nan,nan,nan,nan,nan,nan,nan,nan,nan,nan,8774099.0,49.111968,88.058642,49895.0,2.0,1647.0,12731483.0
bfs_ampm_assoc16_l2_ddr4_1x,bfs,ampm,stage1,assoc16,l2,ddr4_1x,0.021994,21994356960.0,30729211.0,31124590.0,66049120.0,0.465248,6756808.0,11466501.0,1301003.0,3523228.0,221890408473.0,32839.531399,104761749636.0,80523.834023,nan,nan,nan,nan,nan,nan,nan,nan,nan,nan,nan,nan,nan,nan,nan,nan,1196815.0,244377.0,216993.0,0.204189,0.170431,624121.0,376383.0,247721.0,17.0,1227146.0,14368.0,0.0,11301.0,500.0,74317.0,21664.0,1023012.0,79341.0,12.893863,527987.0,19131.0,27.598505,3233806.0,3523002.0,0.307243,34518.197242,111501.0,1189502.0,0.337617,83125.27382,6.55,57.69,0.0,0.0,5127657071.543682,459297446.9938766,5127657072.0,459297447.0,5586954519.0,19207.0,5110.919687,459.038471,36940.32,3332.0,54432.32,nan,nan,nan,nan,36579712.0,1663140780.4522603,572236.0,50640.24,8774099.0,57.446368,104.691155,158802.0,2.0,2008.0,12816543.0
bfs_ampm_assoc16_l2_ddr4_2x,bfs,ampm,stage1,assoc16,l2,ddr4_2x,0.019432,19431721494.0,30729211.0,31124590.0,58353518.0,0.526605,6657519.0,11369048.0,1287780.0,3523415.0,182483376290.0,27410.117236,83051323758.0,64491.857117,nan,nan,nan,nan,nan,nan,nan,nan,nan,nan,nan,nan,nan,nan,nan,nan,1360618.0,259657.0,225834.0,0.190838,0.179812,771917.0,464214.0,307682.0,21.0,1404456.0,26591.0,0.0,12128.0,828.0,90995.0,30238.0,684450.0,66052.0,10.36229,340461.0,14586.0,23.341629,3134332.0,3523187.0,0.309893,28351.262332,103389.0,1184391.0,0.336149,66899.059856,nan,nan,nan,nan,nan,nan,nan,nan,nan,nan,nan,nan,nan,nan,nan,nan,nan,nan,nan,nan,nan,nan,nan,8774099.0,49.312637,89.700681,52329.0,2.0,1727.0,12703354.0
bfs_ampm_assoc1_l1d_ddr4_1x,bfs,ampm,stage1,assoc1,l1d,ddr4_1x,0.022448,22447905291.0,30729211.0,31124590.0,67411127.0,0.455848,5641816.0,11466110.0,2115052.0,6106046.0,224064321624.0,39714.928956,172087609065.0,81363.299373,5166941.0,351189.0,2383712.0,0.067968,0.100196,2214959.0,1018848.0,1195268.0,843.0,11586589.0,3958882.0,0.0,485202.0,1223207.0,1048305.0,138273.0,nan,nan,nan,nan,nan,nan,nan,nan,nan,nan,nan,nan,nan,nan,nan,nan,5842095.0,969772.0,6.024194,0.0,0.0,nan,2487979.0,3153837.0,0.275057,36010.893107,nan,2115052.0,0.346387,81030.299373,6.78,57.72,0.0,0.0,6030112397.804485,454813037.9048471,6030109547.0,454813038.0,6484922585.0,19207.0,6006.420209,454.473763,36434.24,3332.0,53926.24,60387072.0,2690098306.152908,947154.0,53852.45,nan,nan,nan,nan,8774099.0,59.935893,105.928763,145663.0,2.0,1778.0,12947066.0
bfs_ampm_assoc1_l1d_ddr4_2x,bfs,ampm,stage1,assoc1,l1d,ddr4_2x,0.019889,19889005086.0,30729211.0,31124590.0,59726742.0,0.514497,5491234.0,11359132.0,2171685.0,6206802.0,185420557723.0,33766.646572,139165195013.0,64081.667006,5529932.0,371400.0,2482534.0,0.067162,0.106032,2454673.0,1223850.0,1229914.0,909.0,11959986.0,4104178.0,0.0,470124.0,1130263.0,1116273.0,172031.0,nan,nan,nan,nan,nan,nan,nan,nan,nan,nan,nan,nan,nan,nan,nan,nan,4075575.0,880950.0,4.626341,0.0,0.0,nan,2359918.0,3131316.0,0.275665,30543.289618,nan,2171685.0,0.349888,63748.667006,nan,nan,nan,nan,nan,nan,nan,nan,nan,nan,nan,nan,nan,nan,nan,nan,nan,nan,nan,nan,nan,nan,nan,8774099.0,51.611716,91.09143,52691.0,2.0,1763.0,12793299.0
bfs_ampm_assoc1_l2_ddr4_1x,bfs,ampm,stage1,assoc1,l2,ddr4_1x,0.023315,23314601727.0,30729211.0,31124590.0,70013819.0,0.438903,6763832.0,11472795.0,1390611.0,3523203.0,237277078735.0,35080.273835,112873637457.0,81168.376675,nan,nan,nan,nan,nan,nan,nan,nan,nan,nan,nan,nan,nan,nan,nan,nan,1404382.0,251660.0,481531.0,0.179196,0.166752,538259.0,358942.0,179265.0,52.0,1460946.0,15885.0,0.0,18154.0,15535.0,78470.0,14690.0,930638.0,64392.0,14.452696,2596560.0,141899.0,18.298649,3240867.0,3522965.0,0.307071,37062.007657,133086.0,1257525.0,0.356927,84644.636014,7.2,58.06,0.0,0.0,5829499023.464061,437032899.78143233,5829499023.0,437032900.0,6266531923.0,19207.0,5809.180083,436.769374,39407.88,3332.0,56899.88,nan,nan,nan,nan,55246912.0,2369627096.6541996,865421.0,55594.45,8774099.0,61.051306,108.93986,183766.0,2.0,1784.0,12847294.0
bfs_ampm_assoc1_l2_ddr4_2x,bfs,ampm,stage1,assoc1,l2,ddr4_2x,0.020518,20518269192.0,30729211.0,31124590.0,61616424.0,0.498718,6662554.0,11374508.0,1384473.0,3523366.0,194133781222.0,29138.042442,89767008501.0,64838.39591,nan,nan,nan,nan,nan,nan,nan,nan,nan,nan,nan,nan,nan,nan,nan,nan,1576907.0,266556.0,519474.0,0.169037,0.175392,659781.0,430925.0,228801.0,55.0,1644677.0,28315.0,0.0,18804.0,13771.0,100257.0,21139.0,631326.0,54730.0,11.535282,1824207.0,119688.0,15.241353,3139432.0,3523122.0,0.309738,30310.518563,131253.0,1253220.0,0.355688,67982.097139,nan,nan,nan,nan,nan,nan,nan,nan,nan,nan,nan,nan,nan,nan,nan,nan,nan,nan,nan,nan,nan,nan,nan,8774099.0,52.312844,93.08642,58202.0,2.0,1667.0,12726833.0
bfs_ampm_assoc2_l1d_ddr4_1x,bfs,ampm,stage1,assoc2,l1d,ddr4_1x,0.021596,21596014701.0,30729211.0,31124590.0,64852897.0,0.47383,5546267.0,11480024.0,1949134.0,6424119.0,216007762598.0,38946.513501,159195897665.0,81675.194043,5778039.0,367562.0,2678942.0,0.063614,0.104299,2510695.0,1295223.0,1214450.0,1022.0,12563737.0,4122221.0,0.0,501336.0,1426944.0,1161072.0,164629.0,nan,nan,nan,nan,nan,nan,nan,nan,nan,nan,nan,nan,nan,nan,nan,nan,5218887.0,967703.0,5.393067,0.0,0.0,nan,2389715.0,3156552.0,0.27496,35013.278221,nan,1949134.0,0.303409,81342.194043,6.67,57.66,0.0,0.0,5776280565.053686,471669247.3601775,5776277602.0,471669247.0,6247946849.0,19207.0,5753.606752,471.328444,36768.24,3332.0,54260.24,53625088.0,2483101106.4979916,840826.0,54348.28,nan,nan,nan,nan,8774099.0,57.032396,102.705621,139254.0,2.0,1786.0,12916220.0
bfs_ampm_assoc2_l1d_ddr4_2x,bfs,ampm,stage1,assoc2,l1d,ddr4_2x,0.019163,19162889595.0,30729211.0,31124590.0,57546215.0,0.533992,5382961.0,11365097.0,1970921.0,6500362.0,178191766760.0,33102.927322,127404109561.0,64641.915917,6150908.0,387419.0,2752601.0,0.062986,0.110021,2784672.0,1550201.0,1233301.0,1170.0,13076179.0,4330031.0,0.0,485912.0,1416329.0,1252378.0,205236.0,nan,nan,nan,nan,nan,nan,nan,nan,nan,nan,nan,nan,nan,nan,nan,nan,3661194.0,869640.0,4.210011,0.0,0.0,nan,2249065.0,3133896.0,0.275747,29744.823721,nan,1970921.0,0.303202,64308.915917,nan,nan,nan,nan,nan,nan,nan,nan,nan,nan,nan,nan,nan,nan,nan,nan,nan,nan,nan,nan,nan,nan,nan,8774099.0,49.046672,88.231849,50103.0,2.0,1705.0,12758184.0
bfs_ampm_assoc2_l2_ddr4_1x,bfs,ampm,stage1,assoc2,l2,ddr4_1x,0.022641,22641480522.0,30729211.0,31124590.0,67992434.0,0.451951,6740143.0,11465151.0,1336748.0,3523329.0,227834921678.0,33802.683664,108628135730.0,81262.987287,nan,nan,nan,nan,nan,nan,nan,nan,nan,nan,nan,nan,nan,nan,nan,nan,1378996.0,261906.0,346980.0,0.189925,0.177283,648945.0,421114.0,227791.0,40.0,1418592.0,16694.0,0.0,14470.0,3162.0,86946.0,21194.0,1025023.0,72579.0,14.122859,1667176.0,80284.0,20.765981,3217042.0,3523101.0,0.307288,35688.137021,121325.0,1215423.0,0.344964,84365.082947,6.95,57.85,0.0,0.0,5499165475.465191,448482332.6872723,5499173955.0,448482333.0,5947656288.0,19207.0,5480.382251,448.230759,38487.0,3332.0,55979.0,nan,nan,nan,nan,46587584.0,2057620920.80208,729374.0,53429.38,8774099.0,58.897852,107.108728,173947.0,2.0,1977.0,12825448.0
bfs_ampm_assoc2_l2_ddr4_2x,bfs,ampm,stage1,assoc2,l2,ddr4_2x,0.019976,19976301369.0,30729211.0,31124590.0,59988893.0,0.512249,6613128.0,11369669.0,1319201.0,3523458.0,186808085584.0,28248.067417,86372822893.0,65473.588098,nan,nan,nan,nan,nan,nan,nan,nan,nan,nan,nan,nan,nan,nan,nan,nan,1630915.0,290793.0,382143.0,0.178301,0.193569,850426.0,557603.0,292758.0,65.0,1681066.0,27415.0,0.0,15421.0,1923.0,116388.0,32948.0,701012.0,60457.0,11.595216,1198150.0,68568.0,17.473895,3089898.0,3523230.0,0.30988,29321.695483,107721.0,1211480.0,0.343833,67944.20696,nan,nan,nan,nan,nan,nan,nan,nan,nan,nan,nan,nan,nan,nan,nan,nan,nan,nan,nan,nan,nan,nan,nan,8774099.0,50.346418,91.817602,57659.0,2.0,1672.0,12709600.0
bfs_ampm_assoc32_l1d_ddr4_1x,bfs,ampm,stage1,assoc32,l1d,ddr4_1x,0.021135,21134899611.0,30729211.0,31124590.0,63468167.0,0.484168,5649009.0,11499687.0,1738889.0,6225582.0,217964485489.0,38584.552705,142340100249.0,81856.92143,5574825.0,357793.0,2482761.0,0.06418,0.102108,2495748.0,1246229.0,1248602.0,917.0,12091570.0,4187155.0,0.0,480747.0,1093626.0,987855.0,183861.0,nan,nan,nan,nan,nan,nan,nan,nan,nan,nan,nan,nan,nan,nan,nan,nan,4247469.0,830233.0,5.115996,0.0,0.0,nan,2502727.0,3146282.0,0.273597,35022.864501,nan,1738889.0,0.279313,81523.92143,6.36,57.62,0.0,0.0,5265648857.97129,479334569.19413614,5265645830.0,479334569.0,5744980399.0,19207.0,5245.466127,478.992386,36994.91,3332.0,54486.91,41587968.0,1967739083.9535794,651929.0,54322.32,nan,nan,nan,nan,8774099.0,57.005165,102.117685,139750.0,2.0,1773.0,12885535.0
bfs_ampm_assoc32_l1d_ddr4_2x,bfs,ampm,stage1,assoc32,l1d,ddr4_2x,0.0188,18799616565.0,30729211.0,31124590.0,56455305.0,0.544311,5504616.0,11383901.0,1742272.0,6308068.0,180862098793.0,32856.442446,113381387864.0,65076.743393,5840874.0,376712.0,2560901.0,0.064496,0.107425,2663072.0,1450315.0,1211656.0,1101.0,12714156.0,4509316.0,0.0,473657.0,1152574.0,1103627.0,221228.0,nan,nan,nan,nan,nan,nan,nan,nan,nan,nan,nan,nan,nan,nan,nan,nan,2960144.0,766907.0,3.859847,0.0,0.0,nan,2374577.0,3130039.0,0.274953,29560.159541,nan,1742272.0,0.276197,64743.743393,nan,nan,nan,nan,nan,nan,nan,nan,nan,nan,nan,nan,nan,nan,nan,nan,nan,nan,nan,nan,nan,nan,nan,8774099.0,49.45604,88.006202,50777.0,2.0,1574.0,12734985.0
bfs_ampm_assoc32_l2_ddr4_1x,bfs,ampm,stage1,assoc32,l2,ddr4_1x,0.021993,21992646006.0,30729211.0,31124590.0,66043982.0,0.465285,6765245.0,11464746.0,1302258.0,3523252.0,221932460048.0,32804.792738,104811344249.0,80484.315895,nan,nan,nan,nan,nan,nan,nan,nan,nan,nan,nan,nan,nan,nan,nan,nan,1187434.0,242557.0,215718.0,0.20427,0.169448,615974.0,371261.0,244698.0,15.0,1217684.0,14377.0,0.0,11282.0,467.0,73670.0,21239.0,1019488.0,79321.0,12.852687,536065.0,19072.0,28.107435,3242221.0,3523024.0,0.307292,34535.977272,113364.0,1188894.0,0.337442,83200.95727,6.55,57.7,0.0,0.0,5122695648.775679,459277887.5831645,5122695649.0,459277888.0,5581973536.0,19207.0,5105.922042,459.024712,36967.97,3332.0,54459.97,nan,nan,nan,nan,36501312.0,1659705339.2321126,570976.0,50562.66,8774099.0,57.57911,105.254664,160998.0,2.0,1866.0,12813638.0
bfs_ampm_assoc32_l2_ddr4_2x,bfs,ampm,stage1,assoc32,l2,ddr4_2x,0.01943,19429726491.0,30729211.0,31124590.0,58347527.0,0.526659,6658571.0,11371240.0,1286716.0,3523440.0,182396981769.0,27392.811726,83101281274.0,64584.011759,nan,nan,nan,nan,nan,nan,nan,nan,nan,nan,nan,nan,nan,nan,nan,nan,1365882.0,260381.0,225026.0,0.190632,0.180295,777755.0,469167.0,308577.0,11.0,1409745.0,26817.0,0.0,12023.0,796.0,91493.0,30712.0,685640.0,65680.0,10.439099,332214.0,14315.0,23.207405,3135359.0,3523212.0,0.309835,28368.528285,102903.0,1183813.0,0.335982,67016.743208,nan,nan,nan,nan,nan,nan,nan,nan,nan,nan,nan,nan,nan,nan,nan,nan,nan,nan,nan,nan,nan,nan,nan,8774099.0,49.326653,89.705155,52586.0,2.0,1707.0,12706736.0
bfs_ampm_assoc4_l1d_ddr4_1x,bfs,ampm,stage1,assoc4,l1d,ddr4_1x,0.021069,21069246996.0,30729211.0,31124590.0,63271012.0,0.485677,5529562.0,11495236.0,1774348.0,6209400.0,214884472593.0,38861.029607,145257115639.0,81865.065725,5726727.0,367132.0,2469607.0,0.064109,0.104588,2660687.0,1394960.0,1264770.0,957.0,12379955.0,4170474.0,0.0,489473.0,1283820.0,1111771.0,181867.0,nan,nan,nan,nan,nan,nan,nan,nan,nan,nan,nan,nan,nan,nan,nan,nan,4477918.0,855051.0,5.237019,0.0,0.0,nan,2386425.0,3143137.0,0.27343,34960.411812,nan,1774348.0,0.285752,81532.065725,6.47,57.57,0.0,0.0,5389767181.596906,481596708.31740624,5389764144.0,481596708.0,5871360852.0,19207.0,5368.643693,481.280798,36997.16,3332.0,54489.16,43787392.0,2078260889.3575096,686425.0,54649.44,nan,nan,nan,nan,8774099.0,56.110895,102.219839,138352.0,2.0,1761.0,12888273.0
bfs_ampm_assoc4_l1d_ddr4_2x,bfs,ampm,stage1,assoc4,l1d,ddr4_2x,0.018763,18763201683.0,30729211.0,31124590.0,56345951.0,0.545367,5378644.0,11378099.0,1779621.0,6283331.0,177952210241.0,33084.957889,115869640464.0,65109.166763,6055413.0,387304.0,2539334.0,0.06396,0.110209,2899281.0,1645511.0,1252614.0,1156.0,12974685.0,4400113.0,0.0,477505.0,1364762.0,1229834.0,227295.0,nan,nan,nan,nan,nan,nan,nan,nan,nan,nan,nan,nan,nan,nan,nan,nan,3103855.0,777044.0,3.994439,0.0,0.0,nan,2251674.0,3126970.0,0.274824,29636.481674,nan,1779621.0,0.283229,64776.166763,nan,nan,nan,nan,nan,nan,nan,nan,nan,nan,nan,nan,nan,nan,nan,nan,nan,nan,nan,nan,nan,nan,nan,8774099.0,48.552454,87.627118,50109.0,2.0,1630.0,12735924.0
bfs_ampm_assoc4_l2_ddr4_1x,bfs,ampm,stage1,assoc4,l2,ddr4_1x,0.022057,22057373214.0,30729211.0,31124590.0,66238358.0,0.463919,6735008.0,11463848.0,1301394.0,3523265.0,222289133016.0,33005.028801,105374502562.0,80970.48439,nan,nan,nan,nan,nan,nan,nan,nan,nan,nan,nan,nan,nan,nan,nan,nan,1216920.0,249478.0,228487.0,0.205008,0.172872,631396.0,381616.0,249766.0,14.0,1247731.0,14610.0,0.0,11509.0,501.0,76243.0,22437.0,1018842.0,77713.0,13.110316,641502.0,23122.0,27.744226,3211969.0,3523039.0,0.307317,34684.860209,107738.0,1193656.0,0.338793,83360.782364,6.6,57.78,0.0,0.0,5162287226.827535,458223193.75658363,5162287227.0,458223194.0,5620510421.0,19207.0,5145.432273,457.895322,37111.73,3332.0,54603.73,nan,nan,nan,nan,37395008.0,1695351828.034767,585031.0,50751.84,8774099.0,57.467045,105.030782,158966.0,2.0,1921.0,12815560.0
bfs_ampm_assoc4_l2_ddr4_2x,bfs,ampm,stage1,assoc4,l2,ddr4_2x,0.019517,19516649481.0,30729211.0,31124590.0,58608557.0,0.524313,6652091.0,11368446.0,1292004.0,3523449.0,183152323336.0,27533.045374,83537593776.0,64657.380144,nan,nan,nan,nan,nan,nan,nan,nan,nan,nan,nan,nan,nan,nan,nan,nan,1355541.0,260772.0,236916.0,0.192375,0.179923,754611.0,448570.0,306023.0,18.0,1401519.0,28500.0,0.0,12307.0,828.0,91527.0,29372.0,691050.0,64981.0,10.634647,382341.0,16956.0,22.549009,3128870.0,3523221.0,0.309912,28473.06948,103425.0,1188579.0,0.337334,67065.337013,nan,nan,nan,nan,nan,nan,nan,nan,nan,nan,nan,nan,nan,nan,nan,nan,nan,nan,nan,nan,nan,nan,nan,8774099.0,49.535285,90.399944,53378.0,2.0,1670.0,12707236.0
bfs_ampm_assoc64_l1d_ddr4_1x,bfs,ampm,stage1,assoc64,l1d,ddr4_1x,0.02119,21189955167.0,30729211.0,31124590.0,63633499.0,0.48291,5707470.0,11501497.0,1734673.0,6256973.0,219282228759.0,38420.215745,141984568124.0,81850.912607,5590567.0,352645.0,2513519.0,0.063079,0.100765,2480841.0,1229465.0,1250510.0,866.0,11974333.0,4148346.0,0.0,472121.0,968260.0,938137.0,182593.0,nan,nan,nan,nan,nan,nan,nan,nan,nan,nan,nan,nan,nan,nan,nan,nan,4200709.0,828711.0,5.068967,0.0,0.0,nan,2560446.0,3147024.0,0.273619,35011.398369,nan,1734673.0,0.277238,81517.912607,6.34,57.58,0.0,0.0,5239234114.70425,478095206.9109208,5239231094.0,478095207.0,5717326301.0,19207.0,5219.372629,477.747873,36987.49,3332.0,54479.49,41336704.0,1950768827.6931973,647967.0,54330.14,nan,nan,nan,nan,8774099.0,57.437715,102.424922,140425.0,2.0,1767.0,12888322.0
bfs_ampm_assoc64_l1d_ddr4_2x,bfs,ampm,stage1,assoc64,l1d,ddr4_2x,0.018794,18793740114.0,30729211.0,31124590.0,56437658.0,0.544481,5509394.0,11384418.0,1740263.0,6319889.0,181002316760.0,32853.398533,113114692862.0,64998.61967,5844435.0,376688.0,2572023.0,0.064452,0.107399,2655460.0,1446442.0,1207975.0,1043.0,12733683.0,4523667.0,0.0,473994.0,1151067.0,1103082.0,222885.0,nan,nan,nan,nan,nan,nan,nan,nan,nan,nan,nan,nan,nan,nan,nan,nan,2952353.0,768253.0,3.842944,0.0,0.0,nan,2378707.0,3130687.0,0.274998,29517.096188,nan,1740263.0,0.275363,64665.61967,nan,nan,nan,nan,nan,nan,nan,nan,nan,nan,nan,nan,nan,nan,nan,nan,nan,nan,nan,nan,nan,nan,nan,8774099.0,49.548595,88.438059,51472.0,2.0,1685.0,12734045.0
bfs_ampm_assoc64_l2_ddr4_1x,bfs,ampm,stage1,assoc64,l2,ddr4_1x,0.021999,21999447198.0,30729211.0,31124590.0,66064406.0,0.465141,6767786.0,11465717.0,1302568.0,3523277.0,222182971955.0,32829.491351,104685613335.0,80368.635906,nan,nan,nan,nan,nan,nan,nan,nan,nan,nan,nan,nan,nan,nan,nan,nan,1185820.0,242105.0,215463.0,0.204167,0.169237,614324.0,370723.0,243585.0,16.0,1216084.0,14377.0,0.0,11246.0,479.0,73242.0,21064.0,1017084.0,79180.0,12.845213,525013.0,19131.0,27.443051,3244737.0,3523049.0,0.307268,34500.416639,114106.0,1188462.0,0.337317,83104.360387,6.54,57.73,0.0,0.0,5119959923.8220825,459164992.1511814,5119959924.0,459164992.0,5579124916.0,19207.0,5103.054772,458.903167,36929.72,3332.0,54421.72,nan,nan,nan,nan,36504448.0,1659334785.6176436,571010.0,50642.46,8774099.0,57.573983,105.191578,159723.0,2.0,1866.0,12815259.0
bfs_ampm_assoc64_l2_ddr4_2x,bfs,ampm,stage1,assoc64,l2,ddr4_2x,0.019431,19430851365.0,30729211.0,31124590.0,58350905.0,0.526628,6657045.0,11368179.0,1285525.0,3523470.0,182558615975.0,27423.371177,83141754546.0,64675.330737,nan,nan,nan,nan,nan,nan,nan,nan,nan,nan,nan,nan,nan,nan,nan,nan,1376283.0,261522.0,224843.0,0.190021,0.180991,788002.0,478913.0,309068.0,21.0,1420812.0,27424.0,0.0,12044.0,794.0,92314.0,31319.0,694543.0,65792.0,10.556648,325185.0,14704.0,22.115411,3133803.0,3523242.0,0.309921,28383.010312,102102.0,1183423.0,0.335869,67058.297451,nan,nan,nan,nan,nan,nan,nan,nan,nan,nan,nan,nan,nan,nan,nan,nan,nan,nan,nan,nan,nan,nan,nan,8774099.0,49.309118,89.660792,53000.0,2.0,1707.0,12702170.0
bfs_ampm_default_l1d_ddr4_1x,bfs,ampm,stage1,default,l1d,ddr4_1x,0.021053,21052885707.0,30729211.0,31124590.0,63221879.0,0.486054,5568146.0,11496603.0,1747402.0,6166497.0,216400729868.0,38864.054547,143073397077.0,81877.780314,5639543.0,363835.0,2426639.0,0.064515,0.103727,2617071.0,1351682.0,1264444.0,945.0,12177115.0,4137339.0,0.0,484218.0,1204221.0,1043634.0,180235.0,nan,nan,nan,nan,nan,nan,nan,nan,nan,nan,nan,nan,nan,nan,nan,nan,4296122.0,832453.0,5.160798,0.0,0.0,nan,2424344.0,3143802.0,0.273455,35007.561415,nan,1747402.0,0.28337,81544.780314,6.41,57.56,0.0,0.0,5312040997.91487,481642666.05164254,5312037958.0,481642666.0,5793680624.0,19207.0,5291.916441,481.27483,37008.19,3332.0,54500.19,42179520.0,2003503015.5498102,661177.0,54412.02,nan,nan,nan,nan,8774099.0,56.475526,102.411632,138811.0,2.0,1761.0,12884148.0
bfs_ampm_default_l1d_ddr4_2x,bfs,ampm,stage1,default,l1d,ddr4_2x,0.018714,18713919015.0,30729211.0,31124590.0,56197955.0,0.546804,5389954.0,11383488.0,1754182.0,6225971.0,178240415095.0,33069.004874,114298272912.0,65157.590781,5942422.0,386089.0,2483055.0,0.064972,0.109903,2843587.0,1586767.0,1255726.0,1094.0,12831881.0,4391334.0,0.0,476360.0,1339809.0,1184485.0,222457.0,nan,nan,nan,nan,nan,nan,nan,nan,nan,nan,nan,nan,nan,nan,nan,nan,3004246.0,753183.0,3.988733,0.0,0.0,nan,2263052.0,3126902.0,0.274688,29620.150311,nan,1754182.0,0.281752,64824.590781,nan,nan,nan,nan,nan,nan,nan,nan,nan,nan,nan,nan,nan,nan,nan,nan,nan,nan,nan,nan,nan,nan,nan,8774099.0,48.617241,87.840069,49678.0,2.0,1668.0,12736813.0
bfs_ampm_default_l2_ddr4_1x,bfs,ampm,stage1,default,l2,ddr4_1x,0.021999,21999455190.0,30729211.0,31124590.0,66064430.0,0.465141,6748577.0,11467061.0,1298810.0,3523277.0,221926835012.0,32884.982273,104739660858.0,80642.789059,nan,nan,nan,nan,nan,nan,nan,nan,nan,nan,nan,nan,nan,nan,nan,nan,1205713.0,247453.0,218165.0,0.205234,0.172108,631785.0,379561.0,252209.0,15.0,1236240.0,14480.0,0.0,11384.0,489.0,74661.0,21922.0,1024987.0,78850.0,12.999201,550460.0,19941.0,27.604433,3225526.0,3523051.0,0.307232,34513.217792,108484.0,1190326.0,0.337846,83071.037916,6.55,57.72,0.0,0.0,5132455827.875436,459272464.37415075,5132455828.0,459272464.0,5591728292.0,19207.0,5115.303403,459.001912,36908.04,3332.0,54400.04,nan,nan,nan,nan,36655232.0,1666188170.7262406,573455.0,50646.16,8774099.0,57.509279,105.335095,158583.0,2.0,1833.0,12817760.0
bfs_ampm_default_l2_ddr4_2x,bfs,ampm,stage1,default,l2,ddr4_2x,0.019461,19460720799.0,30729211.0,31124590.0,58440603.0,0.52582,6654923.0,11369144.0,1289226.0,3523457.0,183031137312.0,27503.118716,83328630615.0,64634.618457,nan,nan,nan,nan,nan,nan,nan,nan,nan,nan,nan,nan,nan,nan,nan,nan,1342871.0,259194.0,227425.0,0.193015,0.179443,752443.0,452922.0,299505.0,16.0,1388017.0,27995.0,0.0,12088.0,847.0,90068.0,29154.0,685628.0,65353.0,10.491148,351015.0,14876.0,23.596061,3131694.0,3523229.0,0.309894,28427.154191,103986.0,1185240.0,0.336386,67049.126146,nan,nan,nan,nan,nan,nan,nan,nan,nan,nan,nan,nan,nan,nan,nan,nan,nan,nan,nan,nan,nan,nan,nan,8774099.0,49.448799,90.309284,53262.0,2.0,1682.0,12705660.0
bfs_ampm_epoch1024k_l1d_ddr4_1x,bfs,ampm,stage1,epoch1024k,l1d,ddr4_1x,0.021044,21043614987.0,30729211.0,31124590.0,63194039.0,0.486268,5565982.0,11501001.0,1749101.0,6184696.0,216086874011.0,38822.776288,143422848768.0,81998.037145,5659640.0,363864.0,2443736.0,0.064291,0.103726,2619233.0,1335905.0,1282385.0,943.0,12160921.0,4084516.0,0.0,479722.0,1231586.0,1042636.0,174599.0,nan,nan,nan,nan,nan,nan,nan,nan,nan,nan,nan,nan,nan,nan,nan,nan,4311193.0,835766.0,5.158373,0.0,0.0,nan,2421916.0,3144066.0,0.273373,34994.494222,nan,1749101.0,0.282811,81665.037145,6.43,57.61,0.0,0.0,5319548379.361346,481933926.5741718,5319545338.0,481933927.0,5801479265.0,19207.0,5299.275057,481.587218,37127.76,3332.0,54619.76,42320896.0,2011103891.8999586,663392.0,54728.42,nan,nan,nan,nan,8774099.0,56.290993,101.829813,138577.0,2.0,1994.0,12890653.0
bfs_ampm_epoch1024k_l1d_ddr4_2x,bfs,ampm,stage1,epoch1024k,l1d,ddr4_2x,0.018711,18711154116.0,30729211.0,31124590.0,56189652.0,0.546884,5394386.0,11381769.0,1757767.0,6250409.0,178169668575.0,33028.720706,114557591650.0,65172.227974,5925386.0,384103.0,2506101.0,0.064823,0.109335,2804179.0,1526457.0,1276666.0,1056.0,12712655.0,4240538.0,0.0,474995.0,1392016.0,1162068.0,204227.0,nan,nan,nan,nan,nan,nan,nan,nan,nan,nan,nan,nan,nan,nan,nan,nan,3042866.0,762892.0,3.988593,0.0,0.0,nan,2265413.0,3128973.0,0.274911,29612.708967,nan,1757767.0,0.281224,64839.227974,nan,nan,nan,nan,nan,nan,nan,nan,nan,nan,nan,nan,nan,nan,nan,nan,nan,nan,nan,nan,nan,nan,nan,8774099.0,48.606432,87.614591,49198.0,2.0,1677.0,12734522.0
bfs_ampm_epoch1024k_l2_ddr4_1x,bfs,ampm,stage1,epoch1024k,l2,ddr4_1x,0.021987,21986518473.0,30729211.0,31124590.0,66025581.0,0.465414,6742512.0,11464945.0,1297067.0,3523279.0,221694200879.0,32880.060262,104875576515.0,80855.943845,nan,nan,nan,nan,nan,nan,nan,nan,nan,nan,nan,nan,nan,nan,nan,nan,1222824.0,248960.0,218870.0,0.203594,0.173189,646642.0,387392.0,259238.0,12.0,1256202.0,16842.0,0.0,11866.0,473.0,76642.0,22560.0,1020583.0,78584.0,12.98716,559200.0,19872.0,28.140097,3219459.0,3523053.0,0.307289,34554.066694,108525.0,1188542.0,0.33734,83221.844883,6.58,57.86,0.0,0.0,5136843840.860698,459606736.39209324,5136843841.0,459606736.0,5596450577.0,19207.0,5119.8356,459.336025,37227.72,3332.0,54719.72,nan,nan,nan,nan,36803456.0,1673910130.2098181,575750.0,51331.05,8774099.0,57.494891,105.448422,160067.0,2.0,1777.0,12814247.0
bfs_ampm_epoch1024k_l2_ddr4_2x,bfs,ampm,stage1,epoch1024k,l2,ddr4_2x,0.01947,19470000843.0,30729211.0,31124590.0,58468471.0,0.52557,6653159.0,11370363.0,1287675.0,3523475.0,182879837430.0,27487.669757,83321541281.0,64706.965097,nan,nan,nan,nan,nan,nan,nan,nan,nan,nan,nan,nan,nan,nan,nan,nan,1341712.0,261560.0,230183.0,0.194945,0.180798,747608.0,455306.0,292283.0,19.0,1378705.0,21072.0,0.0,11451.0,307.0,88785.0,29404.0,699699.0,65238.0,10.725329,351831.0,15054.0,23.371263,3129913.0,3523246.0,0.309862,28424.455479,102538.0,1185137.0,0.336355,67022.778831,nan,nan,nan,nan,nan,nan,nan,nan,nan,nan,nan,nan,nan,nan,nan,nan,nan,nan,nan,nan,nan,nan,nan,8774099.0,49.390523,89.840881,53183.0,2.0,1795.0,12706546.0
bfs_ampm_epoch128k_l1d_ddr4_1x,bfs,ampm,stage1,epoch128k,l1d,ddr4_1x,0.021057,21056782806.0,30729211.0,31124590.0,63233582.0,0.485964,5561479.0,11497055.0,1749427.0,6160460.0,215595257113.0,38765.813395,143656494666.0,82116.31275,5638094.0,365344.0,2420896.0,0.064799,0.104118,2621457.0,1381553.0,1238963.0,941.0,12455669.0,4367979.0,0.0,495545.0,1222561.0,1074452.0,189618.0,nan,nan,nan,nan,nan,nan,nan,nan,nan,nan,nan,nan,nan,nan,nan,nan,4334703.0,832669.0,5.205794,0.0,0.0,nan,2417880.0,3143599.0,0.273426,35012.65217,nan,1749427.0,0.283977,81783.31275,6.44,57.67,0.0,0.0,5317212654.541734,481544407.4918574,5317209615.0,481544407.0,5798754023.0,19207.0,5296.724055,481.22527,37249.43,3332.0,54741.43,42296896.0,2008706476.6583319,663064.0,55044.52,nan,nan,nan,nan,8774099.0,56.417082,102.359861,140014.0,2.0,1814.0,12885651.0
bfs_ampm_epoch128k_l1d_ddr4_2x,bfs,ampm,stage1,epoch128k,l1d,ddr4_2x,0.018693,18693231057.0,30729211.0,31124590.0,56135829.0,0.547409,5387298.0,11377255.0,1755928.0,6237031.0,177989451929.0,33038.724037,114520630496.0,65219.434109,5961987.0,387394.0,2493334.0,0.064977,0.110197,2853269.0,1623895.0,1228308.0,1066.0,13116780.0,4620783.0,0.0,484135.0,1359758.0,1221117.0,233725.0,nan,nan,nan,nan,nan,nan,nan,nan,nan,nan,nan,nan,nan,nan,nan,nan,2998699.0,758708.0,3.952376,0.0,0.0,nan,2259215.0,3128083.0,0.274942,29600.395539,nan,1755928.0,0.281533,64886.434109,nan,nan,nan,nan,nan,nan,nan,nan,nan,nan,nan,nan,nan,nan,nan,nan,nan,nan,nan,nan,nan,nan,nan,8774099.0,48.575831,87.729333,49442.0,2.0,1725.0,12726869.0
bfs_ampm_epoch128k_l2_ddr4_1x,bfs,ampm,stage1,epoch128k,l2,ddr4_1x,0.02201,22009588380.0,30729211.0,31124590.0,66094860.0,0.464926,6747781.0,11463542.0,1299004.0,3523285.0,221950769055.0,32892.40849,104831749552.0,80701.637217,nan,nan,nan,nan,nan,nan,nan,nan,nan,nan,nan,nan,nan,nan,nan,nan,1206226.0,247617.0,219334.0,0.205282,0.172199,630795.0,378685.0,252093.0,17.0,1237100.0,14782.0,0.0,11486.0,434.0,75148.0,22018.0,1018577.0,78742.0,12.935625,557164.0,20200.0,27.582376,3224724.0,3523057.0,0.307327,34541.973493,108651.0,1190353.0,0.337853,83152.34391,6.56,57.76,0.0,0.0,5134533097.52447,459093001.90192837,5134533098.0,459093002.0,5593626099.0,19207.0,5117.539777,458.799312,36991.68,3332.0,54483.68,nan,nan,nan,nan,36752000.0,1669817688.794051,574951.0,50750.05,8774099.0,57.504311,105.194435,159193.0,2.0,1841.0,12813613.0
bfs_ampm_epoch128k_l2_ddr4_2x,bfs,ampm,stage1,epoch128k,l2,ddr4_2x,0.019462,19462370148.0,30729211.0,31124590.0,58445556.0,0.525776,6655718.0,11370222.0,1288469.0,3523427.0,182602256955.0,27435.395694,83170335662.0,64549.73745,nan,nan,nan,nan,nan,nan,nan,nan,nan,nan,nan,nan,nan,nan,nan,nan,1360460.0,260086.0,227554.0,0.191175,0.179879,770339.0,459098.0,311229.0,12.0,1406045.0,28227.0,0.0,12251.0,873.0,91416.0,29675.0,686043.0,65401.0,10.489794,342535.0,15074.0,22.723564,3132519.0,3523199.0,0.309862,28381.057232,102660.0,1185809.0,0.33655,66932.526011,nan,nan,nan,nan,nan,nan,nan,nan,nan,nan,nan,nan,nan,nan,nan,nan,nan,nan,nan,nan,nan,nan,nan,8774099.0,49.371222,89.801585,52854.0,2.0,1710.0,12705101.0
bfs_ampm_epoch512k_l1d_ddr4_1x,bfs,ampm,stage1,epoch512k,l1d,ddr4_1x,0.021044,21044207727.0,30729211.0,31124590.0,63195819.0,0.486254,5563104.0,11499135.0,1748418.0,6183137.0,215975412919.0,38822.824977,143457524736.0,82049.901532,5657179.0,365230.0,2442215.0,0.06456,0.104104,2617340.0,1343762.0,1272571.0,1007.0,12218460.0,4155880.0,0.0,485338.0,1204989.0,1045363.0,177269.0,nan,nan,nan,nan,nan,nan,nan,nan,nan,nan,nan,nan,nan,nan,nan,nan,4330233.0,833496.0,5.195265,0.0,0.0,nan,2420029.0,3143075.0,0.273331,35013.358413,nan,1748418.0,0.282772,81716.901532,6.43,57.67,0.0,0.0,5317321395.589169,481826074.49700737,5317318354.0,481826074.0,5799144429.0,19207.0,5296.942201,481.452005,37181.9,3332.0,54673.9,42289728.0,2009566173.6764607,662942.0,54776.33,nan,nan,nan,nan,8774099.0,56.269739,101.610803,137884.0,2.0,1855.0,12889913.0
bfs_ampm_epoch512k_l1d_ddr4_2x,bfs,ampm,stage1,epoch512k,l1d,ddr4_2x,0.018703,18703378566.0,30729211.0,31124590.0,56166302.0,0.547112,5398211.0,11380386.0,1757062.0,6239692.0,178236073433.0,33017.61888,114452146320.0,65138.365248,5951300.0,384348.0,2496073.0,0.064582,0.109439,2839468.0,1578717.0,1259624.0,1127.0,12878608.0,4393967.0,0.0,476500.0,1374192.0,1190049.0,219910.0,nan,nan,nan,nan,nan,nan,nan,nan,nan,nan,nan,nan,nan,nan,nan,nan,3034009.0,761742.0,3.982988,0.0,0.0,nan,2270580.0,3127631.0,0.274826,29620.731201,nan,1757062.0,0.281594,64805.365248,nan,nan,nan,nan,nan,nan,nan,nan,nan,nan,nan,nan,nan,nan,nan,nan,nan,nan,nan,nan,nan,nan,nan,8774099.0,48.649255,87.846336,49721.0,2.0,1627.0,12731945.0
bfs_ampm_epoch512k_l2_ddr4_1x,bfs,ampm,stage1,epoch512k,l2,ddr4_1x,0.021999,21999446532.0,30729211.0,31124590.0,66064404.0,0.465141,6742247.0,11466449.0,1297991.0,3523296.0,221550049508.0,32859.972277,104779255342.0,80724.177088,nan,nan,nan,nan,nan,nan,nan,nan,nan,nan,nan,nan,nan,nan,nan,nan,1199208.0,248066.0,217479.0,0.206858,0.172465,626134.0,379719.0,246404.0,11.0,1229247.0,14134.0,0.0,11270.0,517.0,74327.0,21898.0,1013261.0,78726.0,12.870729,543822.0,19652.0,27.672603,3219177.0,3523070.0,0.30725,34522.90095,107703.0,1190288.0,0.337834,83106.9448,6.55,57.77,0.0,0.0,5129862873.406583,459226098.4977402,5129862873.0,459226098.0,5589088972.0,19207.0,5112.71626,458.935182,36919.43,3332.0,54411.43,nan,nan,nan,nan,36604096.0,1663864404.3501885,572637.0,50595.87,8774099.0,57.491464,105.299813,160489.0,2.0,1924.0,12817526.0
bfs_ampm_epoch512k_l2_ddr4_2x,bfs,ampm,stage1,epoch512k,l2,ddr4_2x,0.019469,19468698813.0,30729211.0,31124590.0,58464561.0,0.525605,6656031.0,11368433.0,1288695.0,3523459.0,182754203857.0,27456.933998,83177404270.0,64543.902374,nan,nan,nan,nan,nan,nan,nan,nan,nan,nan,nan,nan,nan,nan,nan,nan,1338525.0,259504.0,226745.0,0.193873,0.179612,749058.0,453221.0,295824.0,13.0,1379927.0,24605.0,0.0,11942.0,571.0,88768.0,29118.0,675517.0,65595.0,10.2983,335871.0,14772.0,22.737002,3132800.0,3523231.0,0.309914,28384.562878,103395.0,1185300.0,0.336402,66925.604567,nan,nan,nan,nan,nan,nan,nan,nan,nan,nan,nan,nan,nan,nan,nan,nan,nan,nan,nan,nan,nan,nan,nan,8774099.0,49.389168,89.779053,52480.0,2.0,1748.0,12703934.0
bfs_ampm_epoch64k_l1d_ddr4_1x,bfs,ampm,stage1,epoch64k,l1d,ddr4_1x,0.021067,21066813099.0,30729211.0,31124590.0,63263703.0,0.485733,5560035.0,11497862.0,1749925.0,6157589.0,216029516483.0,38853.984999,143666238198.0,82098.511764,5647220.0,365366.0,2417884.0,0.064698,0.104112,2633859.0,1382354.0,1250584.0,921.0,12335922.0,4240050.0,0.0,494888.0,1222336.0,1059960.0,188008.0,nan,nan,nan,nan,nan,nan,nan,nan,nan,nan,nan,nan,nan,nan,nan,nan,4355645.0,833759.0,5.224106,0.0,0.0,nan,2416035.0,3144000.0,0.273442,35032.413307,nan,1749925.0,0.28419,81765.511764,6.44,57.65,0.0,0.0,5316193933.733441,481375894.50970995,5316190896.0,481375895.0,5797566790.0,19207.0,5295.866986,481.008302,37229.89,3332.0,54721.89,42312128.0,2008473127.9079165,663259.0,54924.6,nan,nan,nan,nan,8774099.0,56.446247,102.602671,138835.0,2.0,1819.0,12886762.0
bfs_ampm_epoch64k_l1d_ddr4_2x,bfs,ampm,stage1,epoch64k,l1d,ddr4_2x,0.018703,18703401210.0,30729211.0,31124590.0,56166370.0,0.547111,5390393.0,11375731.0,1756120.0,6231112.0,178009224496.0,33023.422317,114626607598.0,65272.650843,5969785.0,387348.0,2487560.0,0.064885,0.110188,2866887.0,1634432.0,1231378.0,1077.0,13140141.0,4636684.0,0.0,484848.0,1356341.0,1220810.0,235052.0,nan,nan,nan,nan,nan,nan,nan,nan,nan,nan,nan,nan,nan,nan,nan,nan,3010957.0,758704.0,3.968553,0.0,0.0,nan,2262405.0,3127988.0,0.27497,29626.839289,nan,1756120.0,0.281831,64939.650843,nan,nan,nan,nan,nan,nan,nan,nan,nan,nan,nan,nan,nan,nan,nan,nan,nan,nan,nan,nan,nan,nan,nan,8774099.0,48.687763,87.998682,49878.0,2.0,1639.0,12725985.0
bfs_ampm_epoch64k_l2_ddr4_1x,bfs,ampm,stage1,epoch64k,l2,ddr4_1x,0.022002,22001824818.0,30729211.0,31124590.0,66071546.0,0.46509,6748060.0,11465770.0,1298929.0,3523294.0,222047739653.0,32905.418691,104968049376.0,80811.229387,nan,nan,nan,nan,nan,nan,nan,nan,nan,nan,nan,nan,nan,nan,nan,nan,1216837.0,247879.0,219520.0,0.203708,0.172338,641042.0,381860.0,259172.0,10.0,1249879.0,16206.0,0.0,11774.0,868.0,76080.0,22401.0,1030691.0,78798.0,13.080167,584954.0,20519.0,28.507919,3224994.0,3523066.0,0.307268,34580.667068,108481.0,1190448.0,0.337879,83270.625366,6.58,57.73,0.0,0.0,5137680030.409194,459243362.0203002,5137682939.0,459243362.0,5596926301.0,19207.0,5120.820338,458.946659,37141.29,3332.0,54633.29,nan,nan,nan,nan,36776512.0,1671520989.9277363,575306.0,50971.55,8774099.0,57.559545,105.608933,160095.0,2.0,1931.0,12815971.0
bfs_ampm_epoch64k_l2_ddr4_2x,bfs,ampm,stage1,epoch64k,l2,ddr4_2x,0.019465,19465080435.0,30729211.0,31124590.0,58453695.0,0.525702,6656027.0,11367306.0,1288320.0,3523476.0,182389794299.0,27402.201689,83163589506.0,64551.966519,nan,nan,nan,nan,nan,nan,nan,nan,nan,nan,nan,nan,nan,nan,nan,nan,1377855.0,260462.0,228198.0,0.189034,0.180134,786446.0,459564.0,326869.0,13.0,1423599.0,28282.0,0.0,12269.0,1028.0,93198.0,29758.0,680462.0,65651.0,10.364838,348180.0,15104.0,23.052172,3132779.0,3523248.0,0.309946,28380.038153,102849.0,1185471.0,0.336449,66996.268845,nan,nan,nan,nan,nan,nan,nan,nan,nan,nan,nan,nan,nan,nan,nan,nan,nan,nan,nan,nan,nan,nan,nan,8774099.0,49.374887,89.860454,52548.0,2.0,1684.0,12703319.0
bfs_ampm_hz128_l1d_ddr4_1x,bfs,ampm,stage1,hz128,l1d,ddr4_1x,0.027643,27643259070.0,30729211.0,31124590.0,83012790.0,0.370175,7756105.0,11459905.0,1461410.0,3522547.0,325425202699.0,41957.297213,112368037149.0,76890.152078,0.0,0.0,nan,nan,0.0,0.0,0.0,0.0,0.0,0.0,0.0,0.0,0.0,0.0,0.0,0.0,nan,nan,nan,nan,nan,nan,nan,nan,nan,nan,nan,nan,nan,nan,nan,nan,810933.0,103272.0,7.852399,0.0,0.0,nan,4233781.0,3522324.0,0.307361,36859.50268,nan,1461410.0,0.414873,76557.152078,4.64,57.18,0.0,0.0,3383476013.5610886,358285973.9844706,3383473698.0,358285974.0,3741759672.0,19207.0,3371.318836,358.077605,32139.96,3332.0,49631.96,nan,nan,nan,nan,nan,nan,nan,nan,8774099.0,87.653536,115.679549,187811.0,2.0,1744.0,12970042.0
bfs_ampm_hz128_l1d_ddr4_2x,bfs,ampm,stage1,hz128,l1d,ddr4_2x,0.025179,25178674122.0,30729211.0,31124590.0,75611634.0,0.406409,7592041.0,11386390.0,1461386.0,3522643.0,285117037547.0,37554.728372,93485497590.0,63970.434635,0.0,0.0,nan,nan,0.0,0.0,0.0,0.0,0.0,0.0,0.0,0.0,0.0,0.0,0.0,0.0,nan,nan,nan,nan,nan,nan,nan,nan,nan,nan,nan,nan,nan,nan,nan,nan,665563.0,89559.0,7.431559,0.0,0.0,nan,4069625.0,3522416.0,0.309353,31425.505056,nan,1461386.0,0.414855,63637.434635,nan,nan,nan,nan,nan,nan,nan,nan,nan,nan,nan,nan,nan,nan,nan,nan,nan,nan,nan,nan,nan,nan,nan,8774099.0,78.789679,104.075128,77704.0,2.0,1640.0,12866934.0
bfs_ampm_hz128_l2_ddr4_1x,bfs,ampm,stage1,hz128,l2,ddr4_1x,0.027643,27643259070.0,30729211.0,31124590.0,83012790.0,0.370175,7756105.0,11459905.0,1461410.0,3522547.0,325425202699.0,41957.297213,112368037149.0,76890.152078,nan,nan,nan,nan,nan,nan,nan,nan,nan,nan,nan,nan,nan,nan,nan,nan,0.0,0.0,nan,nan,0.0,0.0,0.0,0.0,0.0,0.0,0.0,0.0,0.0,0.0,0.0,0.0,810933.0,103272.0,7.852399,0.0,0.0,nan,4233781.0,3522324.0,0.307361,36859.50268,nan,1461410.0,0.414873,76557.152078,4.64,57.18,0.0,0.0,3383476013.5610886,358285973.9844706,3383473698.0,358285974.0,3741759672.0,19207.0,3371.318836,358.077605,32139.96,3332.0,49631.96,nan,nan,nan,nan,nan,nan,nan,nan,8774099.0,87.653536,115.679549,187811.0,2.0,1744.0,12970042.0
bfs_ampm_hz128_l2_ddr4_2x,bfs,ampm,stage1,hz128,l2,ddr4_2x,0.025179,25178674122.0,30729211.0,31124590.0,75611634.0,0.406409,7592041.0,11386390.0,1461386.0,3522643.0,285117037547.0,37554.728372,93485497590.0,63970.434635,nan,nan,nan,nan,nan,nan,nan,nan,nan,nan,nan,nan,nan,nan,nan,nan,0.0,0.0,nan,nan,0.0,0.0,0.0,0.0,0.0,0.0,0.0,0.0,0.0,0.0,0.0,0.0,665563.0,89559.0,7.431559,0.0,0.0,nan,4069625.0,3522416.0,0.309353,31425.505056,nan,1461386.0,0.414855,63637.434635,nan,nan,nan,nan,nan,nan,nan,nan,nan,nan,nan,nan,nan,nan,nan,nan,nan,nan,nan,nan,nan,nan,nan,8774099.0,78.789679,104.075128,77704.0,2.0,1640.0,12866934.0
bfs_ampm_hz1k_l1d_ddr4_1x,bfs,ampm,stage1,hz1k,l1d,ddr4_1x,0.023155,23155461360.0,30729211.0,31124590.0,69535920.0,0.441919,6078432.0,11466527.0,1569444.0,4018878.0,244317678083.0,40194.194503,126216939851.0,80421.435777,2745217.0,194496.0,456424.0,0.070849,0.058247,1871229.0,319802.0,1551354.0,73.0,5599304.0,1974365.0,0.0,290456.0,43571.0,264712.0,50766.0,nan,nan,nan,nan,nan,nan,nan,nan,nan,nan,nan,nan,nan,nan,nan,nan,1657693.0,260432.0,6.365166,0.0,0.0,nan,2933764.0,3144668.0,0.274248,37205.039149,nan,1569444.0,0.390518,80088.435777,5.67,57.53,0.0,0.0,4337831081.764289,436448915.5658957,4337828318.0,436448916.0,4774277233.0,19207.0,4322.596317,436.197398,35620.29,3332.0,53112.29,21004928.0,907126300.5057222,328845.0,52062.14,nan,nan,nan,nan,8774099.0,62.759639,107.25959,144361.0,2.0,1878.0,12928092.0
bfs_ampm_hz1k_l1d_ddr4_2x,bfs,ampm,stage1,hz1k,l1d,ddr4_2x,0.02073,20730318597.0,30729211.0,31124590.0,62253209.0,0.493617,5954303.0,11350980.0,1567108.0,4016423.0,204658318468.0,34371.498808,101542437860.0,64796.068848,2784936.0,206471.0,453544.0,0.074139,0.061722,1907458.0,368140.0,1539247.0,71.0,5641929.0,2016951.0,0.0,282130.0,45467.0,270150.0,54346.0,nan,nan,nan,nan,nan,nan,nan,nan,nan,nan,nan,nan,nan,nan,nan,nan,1170248.0,235456.0,4.970135,0.0,0.0,nan,2815586.0,3138717.0,0.276515,31242.665483,nan,1567108.0,0.390175,64463.068848,nan,nan,nan,nan,nan,nan,nan,nan,nan,nan,nan,nan,nan,nan,nan,nan,nan,nan,nan,nan,nan,nan,nan,8774099.0,54.932322,93.538774,52325.0,2.0,1638.0,12778964.0
bfs_ampm_hz1k_l2_ddr4_1x,bfs,ampm,stage1,hz1k,l2,ddr4_1x,0.021777,21776995872.0,30729211.0,31124590.0,65396384.0,0.469892,6822588.0,11463787.0,1340698.0,3523254.0,222320361093.0,32585.927964,103700573951.0,77348.197693,nan,nan,nan,nan,nan,nan,nan,nan,nan,nan,nan,nan,nan,nan,nan,nan,738842.0,164863.0,118255.0,0.223137,0.120078,323233.0,120373.0,202859.0,1.0,758577.0,8234.0,0.0,7916.0,74.0,23481.0,7834.0,1012757.0,82720.0,12.243194,134555.0,4893.0,27.499489,3299563.0,3523025.0,0.307318,34153.293164,132594.0,1208104.0,0.342894,80993.598867,5.95,57.56,0.0,0.0,4771840551.873895,462621018.03276676,4771846430.0,462621018.0,5234467448.0,19207.0,4755.570907,462.35358,34886.16,3332.0,52378.16,nan,nan,nan,nan,26553536.0,1219338799.3493392,415166.0,47342.93,8774099.0,57.902951,103.886925,134239.0,2.0,1909.0,12821069.0
bfs_ampm_hz1k_l2_ddr4_2x,bfs,ampm,stage1,hz1k,l2,ddr4_2x,0.019399,19399199049.0,30729211.0,31124590.0,58255853.0,0.527488,6689950.0,11368323.0,1311935.0,3523431.0,184209846756.0,27535.309943,83340010476.0,63524.496622,nan,nan,nan,nan,nan,nan,nan,nan,nan,nan,nan,nan,nan,nan,nan,nan,897452.0,195278.0,123045.0,0.217592,0.139271,474182.0,209617.0,264564.0,1.0,921660.0,12240.0,0.0,8238.0,153.0,32498.0,15382.0,702927.0,68398.0,10.277011,68801.0,3823.0,17.9966,3166760.0,3523190.0,0.309913,28401.516115,105065.0,1206870.0,0.342527,65895.034475,nan,nan,nan,nan,nan,nan,nan,nan,nan,nan,nan,nan,nan,nan,nan,nan,nan,nan,nan,nan,nan,nan,nan,8774099.0,49.887027,90.196707,50328.0,2.0,1668.0,12712374.0
bfs_ampm_hz256_l1d_ddr4_1x,bfs,ampm,stage1,hz256,l1d,ddr4_1x,0.022793,22793356161.0,30729211.0,31124590.0,68448517.0,0.44894,6548396.0,11431460.0,1567692.0,3790018.0,237594652845.0,36282.877951,122459529933.0,78114.533935,2163471.0,94403.0,243677.0,0.043635,0.028669,1572162.0,33784.0,1538354.0,24.0,2780427.0,9696.0,0.0,116589.0,0.0,43730.0,1211.0,nan,nan,nan,nan,nan,nan,nan,nan,nan,nan,nan,nan,nan,nan,nan,nan,1567568.0,133748.0,11.72031,0.0,0.0,nan,3349909.0,3198487.0,0.279797,35342.819472,nan,1567692.0,0.413637,77781.533935,5.42,57.28,0.0,0.0,4401824430.386919,439979436.5148911,4401821623.0,439979437.0,4841801059.0,19207.0,4386.019123,439.760425,33352.78,3332.0,50844.78,22102528.0,969691687.5198035,345841.0,44570.21,nan,nan,nan,nan,8774099.0,62.637925,104.991392,130866.0,2.0,1709.0,12839235.0
bfs_ampm_hz256_l1d_ddr4_2x,bfs,ampm,stage1,hz256,l1d,ddr4_2x,0.020672,20671557084.0,30729211.0,31124590.0,62076748.0,0.49502,6443341.0,11340861.0,1565846.0,3789063.0,204108519500.0,31677.435588,100518599316.0,64194.435031,2130138.0,106736.0,242632.0,0.050108,0.0323,1539101.0,49221.0,1489863.0,17.0,2747913.0,11781.0,0.0,116912.0,0.0,41978.0,1378.0,nan,nan,nan,nan,nan,nan,nan,nan,nan,nan,nan,nan,nan,nan,nan,nan,1078513.0,109379.0,9.86033,0.0,0.0,nan,3245559.0,3197782.0,0.28197,29849.833788,nan,1565846.0,0.413254,63861.435031,nan,nan,nan,nan,nan,nan,nan,nan,nan,nan,nan,nan,nan,nan,nan,nan,nan,nan,nan,nan,nan,nan,nan,8774099.0,55.76407,92.339666,51483.0,2.0,1698.0,12725361.0
bfs_ampm_hz256_l2_ddr4_1x,bfs,ampm,stage1,hz256,l2,ddr4_1x,0.022255,22255351704.0,30729211.0,31124590.0,66832888.0,0.459792,6943585.0,11443448.0,1370780.0,3523335.0,231112399917.0,33284.304854,103611005516.0,75585.437135,nan,nan,nan,nan,nan,nan,nan,nan,nan,nan,nan,nan,nan,nan,nan,nan,407688.0,124782.0,92879.0,0.306072,0.093012,35959.0,35768.0,186.0,5.0,410419.0,0.0,0.0,2720.0,0.0,6444.0,1759.0,979205.0,83163.0,11.774527,23815.0,792.0,30.069444,3420476.0,3523109.0,0.307871,34040.85992,153991.0,1216789.0,0.345351,80279.309299,5.56,57.35,0.0,0.0,4568081302.517797,448734854.107251,4568084178.0,448734854.0,5016819032.0,19207.0,4551.692615,448.487543,32995.96,3332.0,50487.96,nan,nan,nan,nan,23748480.0,1067090752.635989,371350.0,40947.44,8774099.0,61.155098,104.432077,134063.0,2.0,1772.0,12797008.0
bfs_ampm_hz256_l2_ddr4_2x,bfs,ampm,stage1,hz256,l2,ddr4_2x,0.020133,20133129384.0,30729211.0,31124590.0,60459848.0,0.508259,6875127.0,11362446.0,1367985.0,3523536.0,197593648223.0,28740.363374,84362794686.0,61669.385765,nan,nan,nan,nan,nan,nan,nan,nan,nan,nan,nan,nan,nan,nan,nan,nan,407886.0,127741.0,92855.0,0.313178,0.094999,36152.0,35965.0,185.0,2.0,410729.0,0.0,0.0,2834.0,0.0,6444.0,1861.0,667249.0,68631.0,9.722268,13385.0,498.0,26.87751,3351818.0,3523309.0,0.310084,28589.297326,151071.0,1216914.0,0.345367,65340.987919,nan,nan,nan,nan,nan,nan,nan,nan,nan,nan,nan,nan,nan,nan,nan,nan,nan,nan,nan,nan,nan,nan,nan,8774099.0,54.071377,91.195711,51695.0,2.0,1747.0,12704264.0
bfs_ampm_hz2k_l2_ddr4_1x,bfs,ampm,stage1,hz2k,l2,ddr4_1x,0.02196,21959839512.0,30729211.0,31124590.0,65945464.0,0.46598,6818292.0,11463549.0,1345002.0,3523218.0,224135357279.0,32872.654512,104628902625.0,77790.889995,nan,nan,nan,nan,nan,nan,nan,nan,nan,nan,nan,nan,nan,nan,nan,nan,777265.0,164859.0,136770.0,0.212101,0.119819,341825.0,128780.0,213044.0,1.0,806636.0,14063.0,0.0,10842.0,460.0,33844.0,9458.0,1035706.0,83458.0,12.409907,225136.0,7556.0,29.795659,3295303.0,3522989.0,0.307321,34429.988316,133964.0,1211038.0,0.343731,81357.564387,6.04,57.76,0.0,0.0,4798464212.018418,459605544.68008447,4798475870.0,459605545.0,5258081414.0,19207.0,4782.467009,459.337419,35659.29,3332.0,53151.29,nan,nan,nan,nan,27825920.0,1267127657.5038023,435001.0,49475.38,8774099.0,58.173488,104.714266,137248.0,2.0,1771.0,12830716.0
bfs_ampm_hz2k_l2_ddr4_2x,bfs,ampm,stage1,hz2k,l2,ddr4_2x,0.019501,19500798681.0,30729211.0,31124590.0,58560957.0,0.524739,6684616.0,11360359.0,1315550.0,3523371.0,184411898504.0,27587.508169,83526511530.0,63491.704253,nan,nan,nan,nan,nan,nan,nan,nan,nan,nan,nan,nan,nan,nan,nan,nan,956234.0,195480.0,142145.0,0.204427,0.139343,510612.0,224843.0,285767.0,2.0,1000610.0,27874.0,0.0,11604.0,792.0,48503.0,18464.0,707847.0,68907.0,10.272498,121617.0,5568.0,21.842134,3161473.0,3523143.0,0.310126,28456.35403,108157.0,1207393.0,0.342681,65918.556079,nan,nan,nan,nan,nan,nan,nan,nan,nan,nan,nan,nan,nan,nan,nan,nan,nan,nan,nan,nan,nan,nan,nan,8774099.0,49.911796,89.927487,50284.0,2.0,1794.0,12710950.0
bfs_ampm_hz4k_l2_ddr4_1x,bfs,ampm,stage1,hz4k,l2,ddr4_1x,0.02219,22189750038.0,30729211.0,31124590.0,66635886.0,0.461152,6811254.0,11465063.0,1348063.0,3523126.0,225151470149.0,33055.802962,105315625368.0,78123.667342,nan,nan,nan,nan,nan,nan,nan,nan,nan,nan,nan,nan,nan,nan,nan,nan,822783.0,165543.0,153689.0,0.201199,0.119982,369868.0,147110.0,222757.0,1.0,859420.0,19023.0,0.0,12557.0,896.0,58759.0,13083.0,1032401.0,83408.0,12.377722,307421.0,10109.0,30.410624,3288358.0,3522896.0,0.307272,34631.068838,133872.0,1214191.0,0.344635,81670.914769,6.09,57.85,0.0,0.0,4808242355.920494,455276151.497854,4808248124.0,455276151.0,5263524276.0,19207.0,4792.736818,454.98773,36183.61,3332.0,53675.61,nan,nan,nan,nan,28942592.0,1304322579.1383743,452498.0,50710.17,8774099.0,58.420762,104.989836,139588.0,2.0,1778.0,12844607.0
bfs_ampm_hz4k_l2_ddr4_2x,bfs,ampm,stage1,hz4k,l2,ddr4_2x,0.019672,19672398909.0,30729211.0,31124590.0,59076273.0,0.520162,6679811.0,11358486.0,1315266.0,3523306.0,184375262176.0,27601.868103,83643974585.0,63594.721208,nan,nan,nan,nan,nan,nan,nan,nan,nan,nan,nan,nan,nan,nan,nan,nan,1030110.0,199472.0,161076.0,0.193641,0.14157,564028.0,250417.0,313609.0,2.0,1082770.0,34228.0,0.0,13064.0,1204.0,80863.0,25162.0,706679.0,69181.0,10.214929,145561.0,7151.0,20.355335,3156734.0,3523077.0,0.310171,28489.454621,105735.0,1209531.0,0.343294,66014.261746,nan,nan,nan,nan,nan,nan,nan,nan,nan,nan,nan,nan,nan,nan,nan,nan,nan,nan,nan,nan,nan,nan,nan,8774099.0,50.042929,90.258006,50502.0,2.0,1660.0,12722387.0
bfs_ampm_hz512_l1d_ddr4_1x,bfs,ampm,stage1,hz512,l1d,ddr4_1x,0.022713,22712738859.0,30729211.0,31124590.0,68206423.0,0.450533,6121833.0,11444084.0,1565835.0,3884061.0,235644820286.0,38492.526713,124123592882.0,79269.905758,2786143.0,161292.0,333161.0,0.057891,0.048625,2058043.0,140589.0,1917416.0,38.0,4458990.0,932916.0,0.0,184199.0,5.0,122363.0,8757.0,nan,nan,nan,nan,nan,nan,nan,nan,nan,nan,nan,nan,nan,nan,nan,nan,1465337.0,210436.0,6.963338,0.0,0.0,nan,2966096.0,3155737.0,0.275753,36495.566634,nan,1565835.0,0.403144,78936.905758,5.64,57.39,0.0,0.0,4412215744.7467,443713638.52521807,4412212927.0,443713639.0,4855926565.0,19207.0,4396.782643,443.457219,34473.8,3332.0,51965.8,21394496.0,941960198.3193831,334783.0,48223.94,nan,nan,nan,nan,8774099.0,60.803437,105.243802,132406.0,2.0,1815.0,12885967.0
bfs_ampm_hz512_l1d_ddr4_2x,bfs,ampm,stage1,hz512,l1d,ddr4_2x,0.020441,20440769103.0,30729211.0,31124590.0,61383691.0,0.500609,6046843.0,11340105.0,1562858.0,3881898.0,199480945368.0,32989.271487,100731992224.0,64453.70739,2839616.0,167639.0,330713.0,0.059036,0.050456,2112794.0,165996.0,1946762.0,36.0,4446481.0,910098.0,0.0,174731.0,0.0,121937.0,8944.0,nan,nan,nan,nan,nan,nan,nan,nan,nan,nan,nan,nan,nan,nan,nan,nan,1082518.0,194377.0,5.569167,0.0,0.0,nan,2891995.0,3154848.0,0.278203,30732.444189,nan,1562858.0,0.402602,64120.70739,nan,nan,nan,nan,nan,nan,nan,nan,nan,nan,nan,nan,nan,nan,nan,nan,nan,nan,nan,nan,nan,nan,nan,8774099.0,53.632276,92.556716,50666.0,2.0,1969.0,12748643.0
bfs_ampm_hz512_l2_ddr4_1x,bfs,ampm,stage1,hz512,l2,ddr4_1x,0.021741,21741476427.0,30729211.0,31124590.0,65289719.0,0.47066,6817078.0,11449810.0,1336157.0,3523292.0,221621137348.0,32509.696581,103214674651.0,77247.415275,nan,nan,nan,nan,nan,nan,nan,nan,nan,nan,nan,nan,nan,nan,nan,nan,673769.0,165096.0,105725.0,0.245034,0.119915,278498.0,116645.0,161851.0,2.0,682510.0,1995.0,0.0,4621.0,0.0,16622.0,6854.0,1036040.0,81661.0,12.687084,66593.0,2598.0,25.63241,3294015.0,3523063.0,0.307696,34004.414354,124483.0,1211674.0,0.343904,80871.104081,5.84,57.49,0.0,0.0,4730291447.561589,461322120.1272377,4730297335.0,461322120.0,5191619455.0,19207.0,4714.115913,461.027752,34068.45,3332.0,51560.45,nan,nan,nan,nan,25257728.0,1161730119.1483614,394949.0,44114.33,8774099.0,57.919421,103.988213,134092.0,2.0,1808.0,12803870.0
bfs_ampm_hz512_l2_ddr4_2x,bfs,ampm,stage1,hz512,l2,ddr4_2x,0.019413,19412734500.0,30729211.0,31124590.0,58296500.0,0.52712,6692114.0,11362759.0,1310293.0,3523565.0,184909247656.0,27630.917174,83300627798.0,63574.046261,nan,nan,nan,nan,nan,nan,nan,nan,nan,nan,nan,nan,nan,nan,nan,nan,802917.0,192484.0,108884.0,0.239731,0.137108,402696.0,193134.0,209559.0,3.0,812167.0,2467.0,0.0,4540.0,0.0,22824.0,12906.0,674222.0,67705.0,9.958231,38830.0,1801.0,21.560244,3168790.0,3523324.0,0.310076,28384.919266,98893.0,1211400.0,0.3438,65824.904823,nan,nan,nan,nan,nan,nan,nan,nan,nan,nan,nan,nan,nan,nan,nan,nan,nan,nan,nan,nan,nan,nan,nan,8774099.0,50.06756,90.226452,50319.0,2.0,1635.0,12704729.0
bfs_ampm_hz64_l1d_ddr4_1x,bfs,ampm,stage1,hz64,l1d,ddr4_1x,0.027643,27643259070.0,30729211.0,31124590.0,83012790.0,0.370175,7756105.0,11459905.0,1461410.0,3522547.0,325425202699.0,41957.297213,112368037149.0,76890.152078,0.0,0.0,nan,nan,0.0,0.0,0.0,0.0,0.0,0.0,0.0,0.0,0.0,0.0,0.0,0.0,nan,nan,nan,nan,nan,nan,nan,nan,nan,nan,nan,nan,nan,nan,nan,nan,810933.0,103272.0,7.852399,0.0,0.0,nan,4233781.0,3522324.0,0.307361,36859.50268,nan,1461410.0,0.414873,76557.152078,4.64,57.18,0.0,0.0,3383476013.5610886,358285973.9844706,3383473698.0,358285974.0,3741759672.0,19207.0,3371.318836,358.077605,32139.96,3332.0,49631.96,nan,nan,nan,nan,nan,nan,nan,nan,8774099.0,87.653536,115.679549,187811.0,2.0,1744.0,12970042.0
bfs_ampm_hz64_l1d_ddr4_2x,bfs,ampm,stage1,hz64,l1d,ddr4_2x,0.025179,25178674122.0,30729211.0,31124590.0,75611634.0,0.406409,7592041.0,11386390.0,1461386.0,3522643.0,285117037547.0,37554.728372,93485497590.0,63970.434635,0.0,0.0,nan,nan,0.0,0.0,0.0,0.0,0.0,0.0,0.0,0.0,0.0,0.0,0.0,0.0,nan,nan,nan,nan,nan,nan,nan,nan,nan,nan,nan,nan,nan,nan,nan,nan,665563.0,89559.0,7.431559,0.0,0.0,nan,4069625.0,3522416.0,0.309353,31425.505056,nan,1461386.0,0.414855,63637.434635,nan,nan,nan,nan,nan,nan,nan,nan,nan,nan,nan,nan,nan,nan,nan,nan,nan,nan,nan,nan,nan,nan,nan,8774099.0,78.789679,104.075128,77704.0,2.0,1640.0,12866934.0
bfs_ampm_hz64_l2_ddr4_1x,bfs,ampm,stage1,hz64,l2,ddr4_1x,0.027643,27643259070.0,30729211.0,31124590.0,83012790.0,0.370175,7756105.0,11459905.0,1461410.0,3522547.0,325425202699.0,41957.297213,112368037149.0,76890.152078,nan,nan,nan,nan,nan,nan,nan,nan,nan,nan,nan,nan,nan,nan,nan,nan,0.0,0.0,nan,nan,0.0,0.0,0.0,0.0,0.0,0.0,0.0,0.0,0.0,0.0,0.0,0.0,810933.0,103272.0,7.852399,0.0,0.0,nan,4233781.0,3522324.0,0.307361,36859.50268,nan,1461410.0,0.414873,76557.152078,4.64,57.18,0.0,0.0,3383476013.5610886,358285973.9844706,3383473698.0,358285974.0,3741759672.0,19207.0,3371.318836,358.077605,32139.96,3332.0,49631.96,nan,nan,nan,nan,nan,nan,nan,nan,8774099.0,87.653536,115.679549,187811.0,2.0,1744.0,12970042.0
bfs_ampm_hz64_l2_ddr4_2x,bfs,ampm,stage1,hz64,l2,ddr4_2x,0.025179,25178674122.0,30729211.0,31124590.0,75611634.0,0.406409,7592041.0,11386390.0,1461386.0,3522643.0,285117037547.0,37554.728372,93485497590.0,63970.434635,nan,nan,nan,nan,nan,nan,nan,nan,nan,nan,nan,nan,nan,nan,nan,nan,0.0,0.0,nan,nan,0.0,0.0,0.0,0.0,0.0,0.0,0.0,0.0,0.0,0.0,0.0,0.0,665563.0,89559.0,7.431559,0.0,0.0,nan,4069625.0,3522416.0,0.309353,31425.505056,nan,1461386.0,0.414855,63637.434635,nan,nan,nan,nan,nan,nan,nan,nan,nan,nan,nan,nan,nan,nan,nan,nan,nan,nan,nan,nan,nan,nan,nan,8774099.0,78.789679,104.075128,77704.0,2.0,1640.0,12866934.0
bfs_ampm_hz8k_l2_ddr4_1x,bfs,ampm,stage1,hz8k,l2,ddr4_1x,0.022324,22323781872.0,30729211.0,31124590.0,67038384.0,0.458383,6809902.0,11457102.0,1345684.0,3523125.0,225638190277.0,33133.83809,105639146577.0,78502.194109,nan,nan,nan,nan,nan,nan,nan,nan,nan,nan,nan,nan,nan,nan,nan,nan,872688.0,168856.0,159446.0,0.19349,0.121982,414300.0,172525.0,241774.0,1.0,920395.0,27155.0,0.0,14811.0,1397.0,129347.0,22896.0,1069984.0,83247.0,12.853124,391803.0,13333.0,29.38596,3287005.0,3522897.0,0.307486,34744.106408,130274.0,1215410.0,0.344981,81862.553984,6.1,58.06,0.0,0.0,4798558981.368638,452832233.2641721,4798558981.0,452832233.0,5251391215.0,19207.0,4782.948723,452.53981,36739.05,3332.0,54231.05,nan,nan,nan,nan,29294336.0,1312247905.3042057,458010.0,52243.63,8774099.0,58.599983,105.097125,137947.0,2.0,1889.0,12844942.0
bfs_ampm_hz8k_l2_ddr4_2x,bfs,ampm,stage1,hz8k,l2,ddr4_2x,0.019778,19777880988.0,30729211.0,31124590.0,59393036.0,0.517388,6679522.0,11349782.0,1313148.0,3523417.0,184617158702.0,27639.276987,83650859525.0,63702.537357,nan,nan,nan,nan,nan,nan,nan,nan,nan,nan,nan,nan,nan,nan,nan,nan,1099486.0,202638.0,166934.0,0.184302,0.143363,627794.0,286630.0,341163.0,1.0,1168024.0,47182.0,0.0,14947.0,2150.0,166235.0,40165.0,717241.0,68933.0,10.4049,191298.0,9024.0,21.198803,3156333.0,3523189.0,0.310419,28502.090358,102321.0,1210827.0,0.343651,66052.893749,nan,nan,nan,nan,nan,nan,nan,nan,nan,nan,nan,nan,nan,nan,nan,nan,nan,nan,nan,nan,nan,nan,nan,8774099.0,50.196222,90.184448,50171.0,2.0,1685.0,12718817.0
bfs_ampm_ls16_l1d_ddr4_1x,bfs,ampm,stage1,ls16,l1d,ddr4_1x,0.021057,21056571018.0,30729211.0,31124590.0,63232946.0,0.485969,5569365.0,11499339.0,1754708.0,6205528.0,216261745651.0,38830.593012,143806598448.0,81954.717507,5689405.0,365232.0,2463874.0,0.064195,0.104067,2628448.0,1361698.0,1265756.0,994.0,12417037.0,4259150.0,0.0,491848.0,1261385.0,1110369.0,183216.0,nan,nan,nan,nan,nan,nan,nan,nan,nan,nan,nan,nan,nan,nan,nan,nan,4357533.0,841749.0,5.176761,0.0,0.0,nan,2425018.0,3144347.0,0.273437,34961.824012,nan,1754708.0,0.282765,81621.717507,6.44,57.66,0.0,0.0,5333317371.760117,481652591.5511245,5333314332.0,481652592.0,5814966924.0,19207.0,5313.086917,481.257465,37082.82,3332.0,54574.82,42739456.0,2029744347.427917,669966.0,54645.99,nan,nan,nan,nan,8774099.0,56.417651,102.162483,139220.0,2.0,1760.0,12888363.0
bfs_ampm_ls16_l1d_ddr4_2x,bfs,ampm,stage1,ls16,l1d,ddr4_2x,0.018722,18721877382.0,30729211.0,31124590.0,56221854.0,0.546571,5392882.0,11381596.0,1762248.0,6250207.0,178217468398.0,33046.795461,114885062077.0,65192.335061,5961702.0,386204.0,2506138.0,0.064781,0.109921,2838975.0,1597896.0,1240020.0,1059.0,13096241.0,4572783.0,0.0,483579.0,1392001.0,1256504.0,229095.0,nan,nan,nan,nan,nan,nan,nan,nan,nan,nan,nan,nan,nan,nan,nan,nan,3047364.0,764626.0,3.985431,0.0,0.0,nan,2265631.0,3127251.0,0.274764,29587.871572,nan,1762248.0,0.28195,64859.335061,nan,nan,nan,nan,nan,nan,nan,nan,nan,nan,nan,nan,nan,nan,nan,nan,nan,nan,nan,nan,nan,nan,nan,8774099.0,48.656631,87.977386,50165.0,2.0,1633.0,12734877.0
bfs_ampm_ls16_l2_ddr4_1x,bfs,ampm,stage1,ls16,l2,ddr4_1x,0.022017,22017074220.0,30729211.0,31124590.0,66117340.0,0.464768,6745039.0,11467182.0,1297473.0,3523325.0,222008004429.0,32914.265496,104815958999.0,80784.693785,nan,nan,nan,nan,nan,nan,nan,nan,nan,nan,nan,nan,nan,nan,nan,nan,1230198.0,250753.0,224004.0,0.203831,0.174101,647667.0,392027.0,255630.0,10.0,1261021.0,14697.0,0.0,11430.0,546.0,79972.0,23334.0,1024652.0,78502.0,13.052559,591114.0,21164.0,27.930164,3221940.0,3523099.0,0.307233,34538.510537,107954.0,1189519.0,0.337613,83193.555844,6.59,57.68,0.0,0.0,5151010296.226362,458951443.73092824,5151010296.0,458951444.0,5609961740.0,19207.0,5133.827995,458.686922,37050.63,3332.0,54542.63,nan,nan,nan,nan,37204352.0,1689795457.3003206,582057.0,50885.67,8774099.0,57.504833,105.46974,160929.0,2.0,1865.0,12817149.0
bfs_ampm_ls16_l2_ddr4_2x,bfs,ampm,stage1,ls16,l2,ddr4_2x,0.019476,19476279891.0,30729211.0,31124590.0,58487327.0,0.5254,6655682.0,11368691.0,1286811.0,3523508.0,182683710088.0,27447.782224,83352046111.0,64774.116876,nan,nan,nan,nan,nan,nan,nan,nan,nan,nan,nan,nan,nan,nan,nan,nan,1389963.0,263731.0,233502.0,0.18974,0.182117,790509.0,486831.0,303664.0,14.0,1436690.0,29319.0,0.0,12259.0,951.0,98213.0,32607.0,695807.0,65426.0,10.635023,369383.0,15777.0,23.412753,3132402.0,3523280.0,0.309911,28436.897027,102404.0,1184407.0,0.336144,67160.592005,nan,nan,nan,nan,nan,nan,nan,nan,nan,nan,nan,nan,nan,nan,nan,nan,nan,nan,nan,nan,nan,nan,nan,8774099.0,49.356927,89.873388,52629.0,2.0,1786.0,12704830.0
bfs_ampm_ls2_l1d_ddr4_1x,bfs,ampm,stage1,ls2,l1d,ddr4_1x,0.021407,21407238666.0,30729211.0,31124590.0,64286002.0,0.478008,6187601.0,11469119.0,1603211.0,5262539.0,223589610554.0,36135.104793,127429482417.0,79483.912234,4086228.0,262850.0,1568610.0,0.064326,0.076333,2004522.0,422664.0,1581400.0,458.0,6189999.0,1021407.0,0.0,223047.0,19801.0,135663.0,9450.0,nan,nan,nan,nan,nan,nan,nan,nan,nan,nan,nan,nan,nan,nan,nan,nan,2854265.0,545720.0,5.230274,0.0,0.0,nan,3006990.0,3180611.0,0.27732,34806.310536,nan,1603211.0,0.304646,79150.912234,5.81,57.41,0.0,0.0,4793031441.414397,469439714.1449612,4793028452.0,469439714.0,5262468166.0,19207.0,4775.515123,469.152708,34659.55,3332.0,52151.55,30204544.0,1410950028.224439,473216.0,48773.0,nan,nan,nan,nan,8774099.0,58.828247,102.525106,132562.0,2.0,1863.0,12841320.0
bfs_ampm_ls2_l1d_ddr4_2x,bfs,ampm,stage1,ls2,l1d,ddr4_2x,0.019316,19316147184.0,30729211.0,31124590.0,58006448.0,0.529756,6108707.0,11369309.0,1601087.0,5284653.0,190153797843.0,31128.321893,103521120151.0,64656.773899,4087574.0,271970.0,1588609.0,0.066536,0.07878,1983430.0,454057.0,1528885.0,488.0,6224971.0,1039228.0,0.0,223900.0,19092.0,137691.0,9757.0,nan,nan,nan,nan,nan,nan,nan,nan,nan,nan,nan,nan,nan,nan,nan,nan,2137349.0,501665.0,4.260511,0.0,0.0,nan,2928426.0,3180281.0,0.279725,29490.679216,nan,1601087.0,0.302969,64323.773899,nan,nan,nan,nan,nan,nan,nan,nan,nan,nan,nan,nan,nan,nan,nan,nan,nan,nan,nan,nan,nan,nan,nan,8774099.0,52.089706,89.679231,50974.0,2.0,1664.0,12718814.0
bfs_ampm_ls2_l2_ddr4_1x,bfs,ampm,stage1,ls2,l2,ddr4_1x,0.021815,21814900929.0,30729211.0,31124590.0,65510213.0,0.469076,6817758.0,11442658.0,1333118.0,3523311.0,221738731970.0,32523.702362,103112991249.0,77347.235015,nan,nan,nan,nan,nan,nan,nan,nan,nan,nan,nan,nan,nan,nan,nan,nan,664036.0,170808.0,110592.0,0.257227,0.123364,263305.0,128488.0,134815.0,2.0,669817.0,64.0,0.0,3520.0,0.0,14698.0,6229.0,1006091.0,80837.0,12.445922,64743.0,2273.0,28.483502,3294675.0,3523083.0,0.30789,33975.301567,119338.0,1213780.0,0.3445,80880.76456,5.83,57.43,0.0,0.0,4736567190.302458,458780722.0657766,4736573058.0,458780722.0,5195353780.0,19207.0,4719.959093,458.472676,33811.32,3332.0,51303.32,nan,nan,nan,nan,25611968.0,1174058414.6294382,400511.0,43098.74,8774099.0,58.04728,104.139767,135947.0,2.0,1807.0,12796999.0
bfs_ampm_ls2_l2_ddr4_2x,bfs,ampm,stage1,ls2,l2,ddr4_2x,0.019612,19611966402.0,30729211.0,31124590.0,58894794.0,0.521765,6750192.0,11356765.0,1333673.0,3523434.0,187043712054.0,27709.391385,83573894824.0,62664.457347,nan,nan,nan,nan,nan,nan,nan,nan,nan,nan,nan,nan,nan,nan,nan,nan,677532.0,170897.0,112476.0,0.252235,0.123432,274150.0,138050.0,136095.0,5.0,683344.0,25.0,0.0,3533.0,0.0,15141.0,6438.0,691247.0,66835.0,10.34259,40995.0,1429.0,28.687894,3226984.0,3523208.0,0.31023,28437.937414,120024.0,1213649.0,0.344451,65829.894819,nan,nan,nan,nan,nan,nan,nan,nan,nan,nan,nan,nan,nan,nan,nan,nan,nan,nan,nan,nan,nan,nan,nan,8774099.0,50.74302,90.113961,50724.0,2.0,1686.0,12701368.0
bfs_ampm_ls32_l1d_ddr4_1x,bfs,ampm,stage1,ls32,l1d,ddr4_1x,0.021119,21118979880.0,30729211.0,31124590.0,63420360.0,0.484533,5557871.0,11500859.0,1795457.0,6339301.0,215576918092.0,38787.679328,147429398308.0,82112.464018,5840359.0,376362.0,2592626.0,0.064442,0.106843,2647480.0,1424527.0,1221883.0,1070.0,13562558.0,4948068.0,0.0,520168.0,1520558.0,1810163.0,252071.0,nan,nan,nan,nan,nan,nan,nan,nan,nan,nan,nan,nan,nan,nan,nan,nan,4556818.0,880665.0,5.174292,0.0,0.0,nan,2411673.0,3146198.0,0.273562,34800.747105,nan,1795457.0,0.283226,81779.464018,6.53,57.63,0.0,0.0,5441044626.820299,480747463.07301277,5441041596.0,480747463.0,5921789059.0,19207.0,5420.064826,480.380779,37232.6,3332.0,54724.6,45606464.0,2159501276.0625825,714954.0,55085.22,nan,nan,nan,nan,8774099.0,56.315267,102.003055,140335.0,2.0,1758.0,12894673.0
bfs_ampm_ls32_l1d_ddr4_2x,bfs,ampm,stage1,ls32,l1d,ddr4_2x,0.018751,18750738159.0,30729211.0,31124590.0,56308523.0,0.54573,5373016.0,11372320.0,1808881.0,6430515.0,177179664541.0,32975.830435,117920870728.0,65189.954855,6222832.0,402394.0,2679813.0,0.064664,0.114,2919936.0,1713562.0,1205102.0,1272.0,14550636.0,5360899.0,0.0,508002.0,1768422.0,2130880.0,326627.0,nan,nan,nan,nan,nan,nan,nan,nan,nan,nan,nan,nan,nan,nan,nan,nan,3177765.0,802367.0,3.960488,0.0,0.0,nan,2245625.0,3127391.0,0.275,29518.743748,nan,1808881.0,0.281296,64856.954855,nan,nan,nan,nan,nan,nan,nan,nan,nan,nan,nan,nan,nan,nan,nan,nan,nan,nan,nan,nan,nan,nan,nan,8774099.0,48.52111,87.618934,49650.0,2.0,1641.0,12725021.0
bfs_ampm_ls32_l2_ddr4_1x,bfs,ampm,stage1,ls32,l2,ddr4_1x,0.022106,22106251620.0,30729211.0,31124590.0,66385140.0,0.462893,6729284.0,11468150.0,1293881.0,3523305.0,222193293622.0,33018.861089,105380990350.0,81445.65872,nan,nan,nan,nan,nan,nan,nan,nan,nan,nan,nan,nan,nan,nan,nan,nan,1332116.0,263925.0,252224.0,0.198125,0.182071,707954.0,452324.0,255617.0,13.0,1365489.0,16191.0,0.0,12184.0,703.0,141685.0,34491.0,1026221.0,78259.0,13.113137,733282.0,27008.0,27.150548,3206205.0,3523079.0,0.307206,34711.636539,108237.0,1185644.0,0.336515,83900.567363,6.75,57.8,0.0,0.0,5239538660.421707,457398213.5828055,5239538660.0,457398214.0,5696936874.0,19207.0,5222.185379,457.102913,37694.11,3332.0,55186.11,nan,nan,nan,nan,39865024.0,1803337114.1009388,623691.0,51651.06,8774099.0,57.356227,105.171246,165933.0,2.0,1812.0,12815374.0
bfs_ampm_ls32_l2_ddr4_2x,bfs,ampm,stage1,ls32,l2,ddr4_2x,0.019509,19508847291.0,30729211.0,31124590.0,58585127.0,0.524523,6645744.0,11371668.0,1280912.0,3523477.0,182200450166.0,27416.110245,83422040782.0,65127.066326,nan,nan,nan,nan,nan,nan,nan,nan,nan,nan,nan,nan,nan,nan,nan,nan,1543765.0,280947.0,267429.0,0.181988,0.192315,894629.0,579629.0,314980.0,20.0,1595401.0,32856.0,0.0,13231.0,1231.0,178477.0,51200.0,693066.0,65279.0,10.616982,473756.0,21504.0,22.031064,3122511.0,3523233.0,0.309826,28471.832269,100989.0,1179923.0,0.334875,67483.88388,nan,nan,nan,nan,nan,nan,nan,nan,nan,nan,nan,nan,nan,nan,nan,nan,nan,nan,nan,nan,nan,nan,nan,8774099.0,49.243914,90.041672,54086.0,2.0,1700.0,12703000.0
bfs_ampm_ls4_l1d_ddr4_1x,bfs,ampm,stage1,ls4,l1d,ddr4_1x,0.021057,21056988933.0,30729211.0,31124590.0,63234201.0,0.485959,5772796.0,11489964.0,1639796.0,5604002.0,218827761162.0,37906.719926,132133641912.0,80579.31713,4634427.0,309743.0,1891075.0,0.066835,0.089656,2175715.0,702309.0,1472789.0,617.0,7929160.0,1920371.0,0.0,306890.0,318307.0,261579.0,28261.0,nan,nan,nan,nan,nan,nan,nan,nan,nan,nan,nan,nan,nan,nan,nan,nan,3399636.0,679344.0,5.004292,0.0,0.0,nan,2627728.0,3145068.0,0.273723,35276.364246,nan,1639796.0,0.292612,80246.31713,6.06,57.5,0.0,0.0,4983951330.075005,478992700.8126618,4983948291.0,478992701.0,5462940992.0,19207.0,4965.69079,478.606701,35740.89,3332.0,53232.89,33512832.0,1591530114.140845,525149.0,51689.36,nan,nan,nan,nan,8774099.0,57.029814,102.261903,133974.0,2.0,1765.0,12864342.0
bfs_ampm_ls4_l1d_ddr4_2x,bfs,ampm,stage1,ls4,l1d,ddr4_2x,0.01888,18879817950.0,30729211.0,31124590.0,56696150.0,0.541999,5653223.0,11376454.0,1638629.0,5629968.0,182947136047.0,32361.563669,106073392738.0,64733.013231,4711079.0,322537.0,1914883.0,0.068464,0.09317,2220622.0,762009.0,1457988.0,625.0,8038338.0,1965035.0,0.0,300848.0,322840.0,270113.0,30646.0,nan,nan,nan,nan,nan,nan,nan,nan,nan,nan,nan,nan,nan,nan,nan,nan,2455750.0,621492.0,3.951378,0.0,0.0,nan,2513938.0,3139285.0,0.275946,29800.9395,nan,1638629.0,0.291055,64400.013231,nan,nan,nan,nan,nan,nan,nan,nan,nan,nan,nan,nan,nan,nan,nan,nan,nan,nan,nan,nan,nan,nan,nan,8774099.0,49.953758,88.890911,50070.0,2.0,1759.0,12723763.0
bfs_ampm_ls4_l2_ddr4_1x,bfs,ampm,stage1,ls4,l2,ddr4_1x,0.021828,21827920563.0,30729211.0,31124590.0,65549311.0,0.468796,6803755.0,11450604.0,1323339.0,3523321.0,221619941878.0,32573.180821,103632025588.0,78311.019012,nan,nan,nan,nan,nan,nan,nan,nan,nan,nan,nan,nan,nan,nan,nan,nan,817212.0,191388.0,133419.0,0.234196,0.137113,373590.0,188941.0,184641.0,8.0,829731.0,3787.0,0.0,5818.0,1.0,23066.0,9463.0,1018268.0,80587.0,12.635636,142968.0,5096.0,28.054945,3280665.0,3523090.0,0.307677,34140.281773,118888.0,1204451.0,0.341851,81521.694844,6.02,57.48,0.0,0.0,4832140729.831553,460474463.01584744,4832146594.0,460474463.0,5292621057.0,19207.0,4815.630499,460.213513,34760.59,3332.0,52252.59,nan,nan,nan,nan,28337152.0,1298206666.9251878,443198.0,45759.45,8774099.0,57.839913,104.445451,140854.0,2.0,1812.0,12803071.0
bfs_ampm_ls4_l2_ddr4_2x,bfs,ampm,stage1,ls4,l2,ddr4_2x,0.019449,19449470394.0,30729211.0,31124590.0,58406818.0,0.526124,6680625.0,11364984.0,1302015.0,3523513.0,183921249311.0,27530.545317,83198404341.0,63899.727992,nan,nan,nan,nan,nan,nan,nan,nan,nan,nan,nan,nan,nan,nan,nan,nan,972676.0,215841.0,140973.0,0.221904,0.151978,518295.0,272678.0,245609.0,8.0,986900.0,5073.0,0.0,5875.0,6.0,31144.0,15831.0,681636.0,66823.0,10.20062,95346.0,4129.0,23.09179,3157340.0,3523285.0,0.310012,28364.126867,97648.0,1204367.0,0.341809,66115.814051,nan,nan,nan,nan,nan,nan,nan,nan,nan,nan,nan,nan,nan,nan,nan,nan,nan,nan,nan,nan,nan,nan,nan,8774099.0,49.758432,89.639884,49934.0,2.0,1635.0,12706779.0
bfs_ampm_ls64_l1d_ddr4_1x,bfs,ampm,stage1,ls64,l1d,ddr4_1x,0.021119,21118979880.0,30729211.0,31124590.0,63420360.0,0.484533,5557871.0,11500859.0,1795457.0,6339301.0,215576918092.0,38787.679328,147429398308.0,82112.464018,5840359.0,376362.0,2592626.0,0.064442,0.106843,2647480.0,1424527.0,1221883.0,1070.0,13562558.0,4948068.0,0.0,520168.0,1520558.0,1810163.0,252071.0,nan,nan,nan,nan,nan,nan,nan,nan,nan,nan,nan,nan,nan,nan,nan,nan,4556818.0,880665.0,5.174292,0.0,0.0,nan,2411673.0,3146198.0,0.273562,34800.747105,nan,1795457.0,0.283226,81779.464018,6.53,57.63,0.0,0.0,5441044626.820299,480747463.07301277,5441041596.0,480747463.0,5921789059.0,19207.0,5420.064826,480.380779,37232.6,3332.0,54724.6,45606464.0,2159501276.0625825,714954.0,55085.22,nan,nan,nan,nan,8774099.0,56.315267,102.003055,140335.0,2.0,1758.0,12894673.0
bfs_ampm_ls64_l1d_ddr4_2x,bfs,ampm,stage1,ls64,l1d,ddr4_2x,0.018751,18750738159.0,30729211.0,31124590.0,56308523.0,0.54573,5373016.0,11372320.0,1808881.0,6430515.0,177179664541.0,32975.830435,117920870728.0,65189.954855,6222832.0,402394.0,2679813.0,0.064664,0.114,2919936.0,1713562.0,1205102.0,1272.0,14550636.0,5360899.0,0.0,508002.0,1768422.0,2130880.0,326627.0,nan,nan,nan,nan,nan,nan,nan,nan,nan,nan,nan,nan,nan,nan,nan,nan,3177765.0,802367.0,3.960488,0.0,0.0,nan,2245625.0,3127391.0,0.275,29518.743748,nan,1808881.0,0.281296,64856.954855,nan,nan,nan,nan,nan,nan,nan,nan,nan,nan,nan,nan,nan,nan,nan,nan,nan,nan,nan,nan,nan,nan,nan,8774099.0,48.52111,87.618934,49650.0,2.0,1641.0,12725021.0
bfs_ampm_ls8_l1d_ddr4_1x,bfs,ampm,stage1,ls8,l1d,ddr4_1x,0.020991,20991388932.0,30729211.0,31124590.0,63037204.0,0.487478,5597071.0,11498088.0,1686177.0,5894560.0,217302341761.0,38824.296094,137257171333.0,81401.401711,5224095.0,347923.0,2166519.0,0.0666,0.099734,2470352.0,1115171.0,1354377.0,804.0,10011283.0,2908625.0,0.0,402553.0,762668.0,542341.0,100331.0,nan,nan,nan,nan,nan,nan,nan,nan,nan,nan,nan,nan,nan,nan,nan,nan,3848259.0,752542.0,5.11368,0.0,0.0,nan,2456476.0,3140595.0,0.273141,35208.94021,nan,1686177.0,0.286056,81068.401711,6.25,57.6,0.0,0.0,5140936235.786191,482044519.9114278,5140933187.0,482044520.0,5622977707.0,19207.0,5121.472255,481.699998,36551.83,3332.0,54043.83,37440768.0,1783625091.2832165,586815.0,53683.52,nan,nan,nan,nan,8774099.0,56.515974,101.843336,135524.0,2.0,1815.0,12876672.0
bfs_ampm_ls8_l1d_ddr4_2x,bfs,ampm,stage1,ls8,l1d,ddr4_2x,0.018735,18735226686.0,30729211.0,31124590.0,56261942.0,0.546182,5450507.0,11382922.0,1686906.0,5936563.0,180827865418.0,33176.338535,109850453324.0,65119.486992,5370458.0,364164.0,2205742.0,0.067809,0.104248,2563194.0,1234754.0,1327641.0,799.0,10229533.0,2975278.0,0.0,395009.0,800360.0,567857.0,111270.0,nan,nan,nan,nan,nan,nan,nan,nan,nan,nan,nan,nan,nan,nan,nan,nan,2740559.0,681740.0,4.019947,0.0,0.0,nan,2321437.0,3129070.0,0.274892,29820.603928,nan,1686906.0,0.284155,64786.486992,nan,nan,nan,nan,nan,nan,nan,nan,nan,nan,nan,nan,nan,nan,nan,nan,nan,nan,nan,nan,nan,nan,nan,8774099.0,49.182716,88.460792,50280.0,2.0,1657.0,12728302.0
bfs_ampm_ls8_l2_ddr4_1x,bfs,ampm,stage1,ls8,l2,ddr4_1x,0.021895,21895216200.0,30729211.0,31124590.0,65751400.0,0.467355,6785761.0,11459646.0,1310913.0,3523341.0,221952031124.0,32708.495204,104091291735.0,79403.661216,nan,nan,nan,nan,nan,nan,nan,nan,nan,nan,nan,nan,nan,nan,nan,nan,998376.0,217923.0,169011.0,0.218277,0.15407,497166.0,267659.0,229498.0,9.0,1020602.0,9532.0,0.0,8831.0,144.0,39714.0,13634.0,1028010.0,80081.0,12.837127,306289.0,10581.0,28.947075,3262649.0,3523112.0,0.307436,34295.524829,114392.0,1196521.0,0.339598,82175.08038,6.26,57.61,0.0,0.0,4962431199.925762,460620069.14551497,4962437046.0,460620069.0,5423057115.0,19207.0,4945.796333,460.345306,35844.12,3332.0,53336.12,nan,nan,nan,nan,32012608.0,1462082297.2280126,500717.0,48646.65,8774099.0,57.62661,104.253825,146863.0,2.0,1781.0,12813874.0
bfs_ampm_ls8_l2_ddr4_2x,bfs,ampm,stage1,ls8,l2,ddr4_2x,0.019455,19454782077.0,30729211.0,31124590.0,58422769.0,0.525981,6673119.0,11366520.0,1297408.0,3523516.0,183741539531.0,27534.581585,83285796679.0,64193.990386,nan,nan,nan,nan,nan,nan,nan,nan,nan,nan,nan,nan,nan,nan,nan,nan,1134764.0,234721.0,178448.0,0.206846,0.164227,618839.0,342524.0,276309.0,6.0,1162419.0,14466.0,0.0,9041.0,263.0,48914.0,19282.0,669289.0,66006.0,10.139821,198695.0,8390.0,23.68236,3149831.0,3523288.0,0.309971,28398.348818,102878.0,1194530.0,0.339016,66539.383168,nan,nan,nan,nan,nan,nan,nan,nan,nan,nan,nan,nan,nan,nan,nan,nan,nan,nan,nan,nan,nan,nan,nan,8774099.0,49.689127,90.127454,52066.0,2.0,1625.0,12706237.0
bfs_ampm_sd16_l1d_ddr4_1x,bfs,ampm,stage1,sd16,l1d,ddr4_1x,0.021046,21045535731.0,30729211.0,31124590.0,63199807.0,0.486224,5566006.0,11499349.0,1748239.0,6174922.0,216089580892.0,38823.095213,143322549291.0,81981.096001,5633383.0,364489.0,2434644.0,0.064702,0.103887,2602706.0,1360847.0,1240924.0,935.0,12340774.0,4286925.0,0.0,487541.0,1215330.0,1065298.0,186050.0,nan,nan,nan,nan,nan,nan,nan,nan,nan,nan,nan,nan,nan,nan,nan,nan,4308967.0,833660.0,5.168734,0.0,0.0,nan,2421987.0,3144019.0,0.273408,34989.411462,nan,1748239.0,0.283119,81648.096001,6.43,57.57,0.0,0.0,5316441521.381198,481813916.71886826,5316438480.0,481813917.0,5798252397.0,19207.0,5296.243033,481.476363,37110.59,3332.0,54602.59,42250176.0,2007560013.6786082,662277.0,54722.41,nan,nan,nan,nan,8774099.0,56.362797,102.106375,137821.0,2.0,1894.0,12886734.0
bfs_ampm_sd16_l1d_ddr4_2x,bfs,ampm,stage1,sd16,l1d,ddr4_2x,0.018701,18701471808.0,30729211.0,31124590.0,56160576.0,0.547168,5379889.0,11378315.0,1755149.0,6226909.0,178023398984.0,33090.533835,114409723972.0,65185.191669,5947510.0,387831.0,2484012.0,0.065209,0.110354,2847438.0,1613989.0,1232373.0,1076.0,12981853.0,4526315.0,0.0,478778.0,1348993.0,1205341.0,232354.0,nan,nan,nan,nan,nan,nan,nan,nan,nan,nan,nan,nan,nan,nan,nan,nan,3007430.0,754671.0,3.985088,0.0,0.0,nan,2253282.0,3126607.0,0.274786,29622.587907,nan,1755149.0,0.281865,64852.191669,nan,nan,nan,nan,nan,nan,nan,nan,nan,nan,nan,nan,nan,nan,nan,nan,nan,nan,nan,nan,nan,nan,nan,8774099.0,48.560215,87.946864,49974.0,2.0,1813.0,12727484.0
bfs_ampm_sd16_l2_ddr4_1x,bfs,ampm,stage1,sd16,l2,ddr4_1x,0.021987,21986617041.0,30729211.0,31124590.0,66025877.0,0.465412,6743904.0,11464337.0,1296983.0,3523253.0,221650410380.0,32866.780188,104915005983.0,80891.581449,nan,nan,nan,nan,nan,nan,nan,nan,nan,nan,nan,nan,nan,nan,nan,nan,1238888.0,249372.0,218412.0,0.201287,0.173224,664554.0,402139.0,262403.0,12.0,1285863.0,28262.0,0.0,12426.0,1782.0,83740.0,26899.0,1041214.0,78493.0,13.265055,573181.0,20059.0,28.574754,3220880.0,3523024.0,0.307303,34569.63027,106759.0,1190224.0,0.33782,83280.434559,6.58,57.78,0.0,0.0,5136337608.892271,459537726.11579823,5136337609.0,459537726.0,5595875335.0,19207.0,5119.114041,459.234997,37179.44,3332.0,54671.44,nan,nan,nan,nan,36685120.0,1668520442.7580042,573921.0,51036.33,8774099.0,57.479618,105.37583,160269.0,2.0,1847.0,12815426.0
bfs_ampm_sd16_l2_ddr4_2x,bfs,ampm,stage1,sd16,l2,ddr4_2x,0.019453,19453261932.0,30729211.0,31124590.0,58418204.0,0.526022,6654780.0,11369215.0,1286959.0,3523471.0,182610795741.0,27440.545854,83263968261.0,64698.229129,nan,nan,nan,nan,nan,nan,nan,nan,nan,nan,nan,nan,nan,nan,nan,nan,1400898.0,261479.0,227238.0,0.186651,0.18073,810733.0,488164.0,322557.0,12.0,1456659.0,37026.0,0.0,12965.0,1314.0,101330.0,36761.0,694044.0,65577.0,10.58365,344608.0,14787.0,23.304795,3131522.0,3523258.0,0.309895,28409.892516,101642.0,1185317.0,0.336406,67064.64033,nan,nan,nan,nan,nan,nan,nan,nan,nan,nan,nan,nan,nan,nan,nan,nan,nan,nan,nan,nan,nan,nan,nan,8774099.0,49.321629,89.778595,51893.0,2.0,1671.0,12705327.0
bfs_ampm_sd1_l1d_ddr4_1x,bfs,ampm,stage1,sd1,l1d,ddr4_1x,0.021056,21056108148.0,30729211.0,31124590.0,63231556.0,0.48598,5575487.0,11500368.0,1747821.0,6177464.0,216133978552.0,38765.040355,143124126033.0,81887.176108,5624032.0,363131.0,2436982.0,0.064568,0.103524,2591370.0,1350675.0,1239757.0,938.0,12192647.0,4154941.0,0.0,485421.0,1213941.0,1047597.0,180531.0,nan,nan,nan,nan,nan,nan,nan,nan,nan,nan,nan,nan,nan,nan,nan,nan,4327549.0,835634.0,5.178761,0.0,0.0,nan,2430908.0,3144579.0,0.273433,34995.739624,nan,1747821.0,0.282935,81554.176108,6.42,57.56,0.0,0.0,5312501589.265678,481550718.1446112,5312498550.0,481550718.0,5794049268.0,19207.0,5292.103518,481.189018,37021.39,3332.0,54513.39,42213568.0,2004813411.067592,661712.0,54468.13,nan,nan,nan,nan,8774099.0,56.519275,102.503388,140362.0,2.0,1793.0,12885462.0
bfs_ampm_sd1_l1d_ddr4_2x,bfs,ampm,stage1,sd1,l1d,ddr4_2x,0.018728,18727934652.0,30729211.0,31124590.0,56240044.0,0.546394,5397431.0,11378590.0,1754179.0,6224939.0,178874590946.0,33140.690626,114347928302.0,65186.009126,5887691.0,383889.0,2481615.0,0.065202,0.10927,2792296.0,1577404.0,1213848.0,1044.0,12820005.0,4429840.0,0.0,478060.0,1341399.0,1183875.0,222684.0,nan,nan,nan,nan,nan,nan,nan,nan,nan,nan,nan,nan,nan,nan,nan,nan,2988493.0,752552.0,3.971145,0.0,0.0,nan,2268116.0,3129315.0,0.275018,29616.400218,nan,1754179.0,0.281799,64853.009126,nan,nan,nan,nan,nan,nan,nan,nan,nan,nan,nan,nan,nan,nan,nan,nan,nan,nan,nan,nan,nan,nan,nan,8774099.0,48.71554,88.032502,49564.0,2.0,1622.0,12728478.0
bfs_ampm_sd1_l2_ddr4_1x,bfs,ampm,stage1,sd1,l2,ddr4_1x,0.022007,22006502469.0,30729211.0,31124590.0,66085593.0,0.464992,6748110.0,11465401.0,1299214.0,3523298.0,221608500997.0,32840.08426,104810921635.0,80672.561745,nan,nan,nan,nan,nan,nan,nan,nan,nan,nan,nan,nan,nan,nan,nan,nan,1198607.0,247450.0,218920.0,0.206448,0.172071,623604.0,379562.0,244027.0,15.0,1229114.0,14416.0,0.0,11402.0,484.0,74611.0,22072.0,1022205.0,78431.0,13.033176,564023.0,20366.0,27.694344,3225039.0,3523071.0,0.307278,34532.365439,108599.0,1190615.0,0.337926,83133.987627,6.55,57.68,0.0,0.0,5134779057.198124,459134113.3936734,5134781965.0,459134113.0,5593916079.0,19207.0,5117.687382,458.808391,36894.84,3332.0,54386.84,nan,nan,nan,nan,36727936.0,1668958347.7309813,574546.0,50481.64,8774099.0,57.562902,105.468816,160612.0,2.0,1795.0,12816215.0
bfs_ampm_sd1_l2_ddr4_2x,bfs,ampm,stage1,sd1,l2,ddr4_2x,0.01948,19479752082.0,30729211.0,31124590.0,58497754.0,0.525306,6656187.0,11369611.0,1290086.0,3523570.0,183070605472.0,27503.825459,83311065181.0,64577.915876,nan,nan,nan,nan,nan,nan,nan,nan,nan,nan,nan,nan,nan,nan,nan,nan,1325045.0,258492.0,226794.0,0.195082,0.178911,735964.0,448866.0,287084.0,14.0,1369017.0,26856.0,0.0,12028.0,879.0,88594.0,28848.0,684735.0,65249.0,10.494184,330248.0,14799.0,22.315562,3132844.0,3523343.0,0.309891,28416.194349,103767.0,1186319.0,0.336681,66950.224134,nan,nan,nan,nan,nan,nan,nan,nan,nan,nan,nan,nan,nan,nan,nan,nan,nan,nan,nan,nan,nan,nan,nan,8774099.0,49.452665,90.040145,53107.0,2.0,1663.0,12704183.0
bfs_ampm_sd2_l1d_ddr4_1x,bfs,ampm,stage1,sd2,l1d,ddr4_1x,0.021051,21050572689.0,30729211.0,31124590.0,63214933.0,0.486107,5572812.0,11499751.0,1747350.0,6172967.0,216315983654.0,38816.307396,143007693018.0,81842.614827,5630467.0,363631.0,2432631.0,0.064583,0.103665,2601827.0,1350167.0,1250732.0,928.0,12183323.0,4147956.0,0.0,484438.0,1206944.0,1044155.0,179791.0,nan,nan,nan,nan,nan,nan,nan,nan,nan,nan,nan,nan,nan,nan,nan,nan,4298515.0,834185.0,5.152952,0.0,0.0,nan,2428708.0,3144104.0,0.273406,34975.057538,nan,1747350.0,0.283065,81509.614827,6.41,57.55,0.0,0.0,5312466584.742235,481656064.64940584,5312463544.0,481656065.0,5794119609.0,19207.0,5292.187802,481.352035,36974.62,3332.0,54466.62,42185856.0,2004024148.095708,661287.0,54439.51,nan,nan,nan,nan,8774099.0,56.374546,101.815603,137773.0,2.0,1761.0,12887306.0
bfs_ampm_sd2_l1d_ddr4_2x,bfs,ampm,stage1,sd2,l1d,ddr4_2x,0.018724,18723625632.0,30729211.0,31124590.0,56227104.0,0.54652,5393425.0,11380923.0,1755257.0,6221626.0,178539877666.0,33103.246576,114443143223.0,65200.22038,5905863.0,384991.0,2478670.0,0.065188,0.109614,2811727.0,1582701.0,1227985.0,1041.0,12848518.0,4441330.0,0.0,477808.0,1339998.0,1188957.0,225066.0,nan,nan,nan,nan,nan,nan,nan,nan,nan,nan,nan,nan,nan,nan,nan,nan,2992835.0,754901.0,3.96454,0.0,0.0,nan,2266167.0,3127258.0,0.274781,29624.914045,nan,1755257.0,0.282122,64867.22038,nan,nan,nan,nan,nan,nan,nan,nan,nan,nan,nan,nan,nan,nan,nan,nan,nan,nan,nan,nan,nan,nan,nan,8774099.0,48.670132,87.949506,50297.0,2.0,1658.0,12734032.0
bfs_ampm_sd2_l2_ddr4_1x,bfs,ampm,stage1,sd2,l2,ddr4_1x,0.022009,22009064904.0,30729211.0,31124590.0,66093288.0,0.464937,6750840.0,11463450.0,1299960.0,3523260.0,222128026286.0,32903.761056,104834261724.0,80644.221148,nan,nan,nan,nan,nan,nan,nan,nan,nan,nan,nan,nan,nan,nan,nan,nan,1196519.0,246562.0,218756.0,0.206066,0.171572,621840.0,376540.0,245284.0,16.0,1226751.0,14297.0,0.0,11331.0,483.0,74301.0,21829.0,1028544.0,78473.0,13.106979,575007.0,19969.0,28.794982,3227808.0,3523032.0,0.307327,34540.909399,109450.0,1190510.0,0.3379,83103.926917,6.55,57.77,0.0,0.0,5132930839.759043,459074842.3011693,5132936656.0,459074842.0,5592011498.0,19207.0,5115.861509,458.813132,36953.42,3332.0,54445.42,nan,nan,nan,nan,36705728.0,1667754998.2293422,574224.0,50721.94,8774099.0,57.512922,105.22226,158722.0,2.0,1810.0,12812858.0
bfs_ampm_sd2_l2_ddr4_2x,bfs,ampm,stage1,sd2,l2,ddr4_2x,0.019482,19482033132.0,30729211.0,31124590.0,58504604.0,0.525245,6658502.0,11371964.0,1289676.0,3523530.0,183027997788.0,27487.864055,83271352941.0,64567.65338,nan,nan,nan,nan,nan,nan,nan,nan,nan,nan,nan,nan,nan,nan,nan,nan,1327041.0,258832.0,226992.0,0.195044,0.179131,737738.0,450366.0,287356.0,16.0,1370862.0,26734.0,0.0,11953.0,868.0,88591.0,28899.0,682674.0,65491.0,10.423936,348125.0,14874.0,23.404935,3135200.0,3523302.0,0.309824,28410.171345,103576.0,1186100.0,0.336623,66955.197187,nan,nan,nan,nan,nan,nan,nan,nan,nan,nan,nan,nan,nan,nan,nan,nan,nan,nan,nan,nan,nan,nan,nan,8774099.0,49.440886,89.935178,52974.0,2.0,1666.0,12707944.0
bfs_ampm_sd32_l1d_ddr4_1x,bfs,ampm,stage1,sd32,l1d,ddr4_1x,0.021038,21037802805.0,30729211.0,31124590.0,63176585.0,0.486402,5571590.0,11501399.0,1748205.0,6171165.0,215565283380.0,38690.083689,143290588223.0,81964.408192,5638742.0,364255.0,2431312.0,0.064599,0.103827,2611847.0,1372155.0,1238774.0,918.0,12428120.0,4359314.0,0.0,492131.0,1204730.0,1071626.0,186956.0,nan,nan,nan,nan,nan,nan,nan,nan,nan,nan,nan,nan,nan,nan,nan,nan,4286531.0,834817.0,5.134695,0.0,0.0,nan,2427547.0,3144043.0,0.273362,34970.372815,nan,1748205.0,0.283286,81631.408192,6.42,57.67,0.0,0.0,5318292268.307056,482015355.5954961,5318289226.0,482015356.0,5800304582.0,19207.0,5297.633077,481.632046,37100.27,3332.0,54592.27,42236480.0,2007646919.7611153,662129.0,54782.06,nan,nan,nan,nan,8774099.0,56.25703,101.510743,136461.0,2.0,1909.0,12890424.0
bfs_ampm_sd32_l1d_ddr4_2x,bfs,ampm,stage1,sd32,l1d,ddr4_2x,0.018708,18708183090.0,30729211.0,31124590.0,56180730.0,0.546971,5381432.0,11379180.0,1755125.0,6229752.0,178180226326.0,33110.188204,114492755008.0,65233.390789,5950595.0,387850.0,2486640.0,0.065178,0.110354,2847811.0,1613880.0,1232847.0,1084.0,12987982.0,4526666.0,0.0,479018.0,1350895.0,1206672.0,232446.0,nan,nan,nan,nan,nan,nan,nan,nan,nan,nan,nan,nan,nan,nan,nan,nan,3012062.0,755172.0,3.988577,0.0,0.0,nan,2254694.0,3126738.0,0.274777,29642.245781,nan,1755125.0,0.281733,64900.390789,nan,nan,nan,nan,nan,nan,nan,nan,nan,nan,nan,nan,nan,nan,nan,nan,nan,nan,nan,nan,nan,nan,nan,8774099.0,48.616593,88.22909,50443.0,2.0,1813.0,12728801.0
bfs_ampm_sd32_l2_ddr4_1x,bfs,ampm,stage1,sd32,l2,ddr4_1x,0.021987,21986617041.0,30729211.0,31124590.0,66025877.0,0.465412,6743904.0,11464337.0,1296983.0,3523253.0,221650410380.0,32866.780188,104915005983.0,80891.581449,nan,nan,nan,nan,nan,nan,nan,nan,nan,nan,nan,nan,nan,nan,nan,nan,1238888.0,249372.0,218412.0,0.201287,0.173224,664554.0,402139.0,262403.0,12.0,1285863.0,28262.0,0.0,12426.0,1782.0,83740.0,26899.0,1041214.0,78493.0,13.265055,573181.0,20059.0,28.574754,3220880.0,3523024.0,0.307303,34569.63027,106759.0,1190224.0,0.33782,83280.434559,6.58,57.78,0.0,0.0,5136337608.892271,459537726.11579823,5136337609.0,459537726.0,5595875335.0,19207.0,5119.114041,459.234997,37179.44,3332.0,54671.44,nan,nan,nan,nan,36685120.0,1668520442.7580042,573921.0,51036.33,8774099.0,57.479618,105.37583,160269.0,2.0,1847.0,12815426.0
bfs_ampm_sd32_l2_ddr4_2x,bfs,ampm,stage1,sd32,l2,ddr4_2x,0.019453,19453127400.0,30729211.0,31124590.0,58417800.0,0.526025,6654522.0,11368774.0,1286943.0,3523436.0,182590743813.0,27438.596463,83260883349.0,64696.636408,nan,nan,nan,nan,nan,nan,nan,nan,nan,nan,nan,nan,nan,nan,nan,nan,1398679.0,261466.0,227211.0,0.186938,0.180724,808553.0,485984.0,322557.0,12.0,1454440.0,37026.0,0.0,12965.0,1314.0,100920.0,36353.0,694044.0,65577.0,10.58365,344608.0,14787.0,23.304795,3131299.0,3523223.0,0.309904,28409.298487,101643.0,1185300.0,0.336405,67063.423213,nan,nan,nan,nan,nan,nan,nan,nan,nan,nan,nan,nan,nan,nan,nan,nan,nan,nan,nan,nan,nan,nan,nan,8774099.0,49.320841,89.769027,51860.0,2.0,1671.0,12704499.0
bfs_ampm_sd64_l1d_ddr4_1x,bfs,ampm,stage1,sd64,l1d,ddr4_1x,0.021038,21037802805.0,30729211.0,31124590.0,63176585.0,0.486402,5571590.0,11501399.0,1748205.0,6171165.0,215565283380.0,38690.083689,143290588223.0,81964.408192,5638742.0,364255.0,2431312.0,0.064599,0.103827,2611847.0,1372155.0,1238774.0,918.0,12428120.0,4359314.0,0.0,492131.0,1204730.0,1071626.0,186956.0,nan,nan,nan,nan,nan,nan,nan,nan,nan,nan,nan,nan,nan,nan,nan,nan,4286531.0,834817.0,5.134695,0.0,0.0,nan,2427547.0,3144043.0,0.273362,34970.372815,nan,1748205.0,0.283286,81631.408192,6.42,57.67,0.0,0.0,5318292268.307056,482015355.5954961,5318289226.0,482015356.0,5800304582.0,19207.0,5297.633077,481.632046,37100.27,3332.0,54592.27,42236480.0,2007646919.7611153,662129.0,54782.06,nan,nan,nan,nan,8774099.0,56.25703,101.510743,136461.0,2.0,1909.0,12890424.0
bfs_ampm_sd64_l1d_ddr4_2x,bfs,ampm,stage1,sd64,l1d,ddr4_2x,0.018708,18708183090.0,30729211.0,31124590.0,56180730.0,0.546971,5381432.0,11379180.0,1755125.0,6229752.0,178180226326.0,33110.188204,114492755008.0,65233.390789,5950595.0,387850.0,2486640.0,0.065178,0.110354,2847811.0,1613880.0,1232847.0,1084.0,12987982.0,4526666.0,0.0,479018.0,1350895.0,1206672.0,232446.0,nan,nan,nan,nan,nan,nan,nan,nan,nan,nan,nan,nan,nan,nan,nan,nan,3012062.0,755172.0,3.988577,0.0,0.0,nan,2254694.0,3126738.0,0.274777,29642.245781,nan,1755125.0,0.281733,64900.390789,nan,nan,nan,nan,nan,nan,nan,nan,nan,nan,nan,nan,nan,nan,nan,nan,nan,nan,nan,nan,nan,nan,nan,8774099.0,48.616593,88.22909,50443.0,2.0,1813.0,12728801.0
bfs_ampm_sd64_l2_ddr4_1x,bfs,ampm,stage1,sd64,l2,ddr4_1x,0.021987,21986617041.0,30729211.0,31124590.0,66025877.0,0.465412,6743904.0,11464337.0,1296983.0,3523253.0,221650410380.0,32866.780188,104915005983.0,80891.581449,nan,nan,nan,nan,nan,nan,nan,nan,nan,nan,nan,nan,nan,nan,nan,nan,1238888.0,249372.0,218412.0,0.201287,0.173224,664554.0,402139.0,262403.0,12.0,1285863.0,28262.0,0.0,12426.0,1782.0,83740.0,26899.0,1041214.0,78493.0,13.265055,573181.0,20059.0,28.574754,3220880.0,3523024.0,0.307303,34569.63027,106759.0,1190224.0,0.33782,83280.434559,6.58,57.78,0.0,0.0,5136337608.892271,459537726.11579823,5136337609.0,459537726.0,5595875335.0,19207.0,5119.114041,459.234997,37179.44,3332.0,54671.44,nan,nan,nan,nan,36685120.0,1668520442.7580042,573921.0,51036.33,8774099.0,57.479618,105.37583,160269.0,2.0,1847.0,12815426.0
bfs_ampm_sd64_l2_ddr4_2x,bfs,ampm,stage1,sd64,l2,ddr4_2x,0.019453,19453127400.0,30729211.0,31124590.0,58417800.0,0.526025,6654522.0,11368774.0,1286943.0,3523436.0,182590743813.0,27438.596463,83260883349.0,64696.636408,nan,nan,nan,nan,nan,nan,nan,nan,nan,nan,nan,nan,nan,nan,nan,nan,1398679.0,261466.0,227211.0,0.186938,0.180724,808553.0,485984.0,322557.0,12.0,1454440.0,37026.0,0.0,12965.0,1314.0,100920.0,36353.0,694044.0,65577.0,10.58365,344608.0,14787.0,23.304795,3131299.0,3523223.0,0.309904,28409.298487,101643.0,1185300.0,0.336405,67063.423213,nan,nan,nan,nan,nan,nan,nan,nan,nan,nan,nan,nan,nan,nan,nan,nan,nan,nan,nan,nan,nan,nan,nan,8774099.0,49.320841,89.769027,51860.0,2.0,1671.0,12704499.0
bfs_ampm_sd8_l1d_ddr4_1x,bfs,ampm,stage1,sd8,l1d,ddr4_1x,0.021056,21055943313.0,30729211.0,31124590.0,63231061.0,0.485983,5567508.0,11500442.0,1748702.0,6173082.0,216005646276.0,38797.545738,143419402217.0,82014.775655,5652175.0,363616.0,2432980.0,0.064332,0.103654,2623674.0,1359345.0,1263377.0,952.0,12298525.0,4232534.0,0.0,487976.0,1210191.0,1059339.0,180635.0,nan,nan,nan,nan,nan,nan,nan,nan,nan,nan,nan,nan,nan,nan,nan,nan,4312346.0,832709.0,5.178695,0.0,0.0,nan,2423149.0,3144359.0,0.273412,35007.70235,nan,1748702.0,0.283279,81681.775655,6.43,57.6,0.0,0.0,5315220996.577348,481566646.01863897,5315217957.0,481566646.0,5796784603.0,19207.0,5294.695105,481.186706,37148.14,3332.0,54640.14,42258368.0,2006956770.913681,662429.0,54748.15,nan,nan,nan,nan,8774099.0,56.352195,101.994763,139651.0,2.0,1764.0,12889718.0
bfs_ampm_sd8_l1d_ddr4_2x,bfs,ampm,stage1,sd8,l1d,ddr4_2x,0.018688,18688328298.0,30729211.0,31124590.0,56121106.0,0.547552,5386794.0,11380962.0,1754838.0,6233563.0,178042234137.0,33051.613657,114197856097.0,65076.01049,5963138.0,387215.0,2490200.0,0.064935,0.110201,2856304.0,1604364.0,1250810.0,1130.0,12974775.0,4499621.0,0.0,478581.0,1351144.0,1206334.0,227973.0,nan,nan,nan,nan,nan,nan,nan,nan,nan,nan,nan,nan,nan,nan,nan,nan,2985844.0,755728.0,3.950951,0.0,0.0,nan,2260293.0,3126501.0,0.274713,29572.395551,nan,1754838.0,0.281514,64743.01049,nan,nan,nan,nan,nan,nan,nan,nan,nan,nan,nan,nan,nan,nan,nan,nan,nan,nan,nan,nan,nan,nan,nan,8774099.0,48.558707,87.856338,49751.0,2.0,1712.0,12732821.0
bfs_ampm_sd8_l2_ddr4_1x,bfs,ampm,stage1,sd8,l2,ddr4_1x,0.02199,21990455532.0,30729211.0,31124590.0,66037404.0,0.465331,6742948.0,11464302.0,1297554.0,3523278.0,221853561027.0,32901.567835,104798964705.0,80766.553612,nan,nan,nan,nan,nan,nan,nan,nan,nan,nan,nan,nan,nan,nan,nan,nan,1228731.0,248774.0,218411.0,0.202464,0.172873,654470.0,390214.0,264244.0,12.0,1260352.0,15498.0,0.0,11440.0,481.0,77297.0,23140.0,1021557.0,78968.0,12.936341,564807.0,20121.0,28.070523,3219897.0,3523051.0,0.307306,34532.162316,107275.0,1190279.0,0.337833,83144.020388,6.57,57.77,0.0,0.0,5135388661.488506,459466243.67544734,5135400303.0,459466244.0,5594866547.0,19207.0,5118.299066,459.181029,37041.48,3332.0,54533.48,nan,nan,nan,nan,36678336.0,1667920700.7161148,573790.0,50908.41,8774099.0,57.358856,104.823838,158004.0,2.0,1960.0,12813841.0
bfs_ampm_sd8_l2_ddr4_2x,bfs,ampm,stage1,sd8,l2,ddr4_2x,0.019458,19458171018.0,30729211.0,31124590.0,58432946.0,0.525889,6655209.0,11369869.0,1287258.0,3523484.0,182672165310.0,27447.998299,83204012589.0,64636.624973,nan,nan,nan,nan,nan,nan,nan,nan,nan,nan,nan,nan,nan,nan,nan,nan,1381350.0,261206.0,227265.0,0.189095,0.18056,791260.0,470723.0,320523.0,14.0,1428691.0,29878.0,0.0,12423.0,860.0,94197.0,31663.0,690445.0,65388.0,10.5592,342548.0,14895.0,22.997516,3131952.0,3523257.0,0.309877,28395.048521,101823.0,1185435.0,0.336438,67022.098353,nan,nan,nan,nan,nan,nan,nan,nan,nan,nan,nan,nan,nan,nan,nan,nan,nan,nan,nan,nan,nan,nan,nan,8774099.0,49.398491,90.138534,52408.0,2.0,1750.0,12705902.0
matmult_ampm_assoc16_l1d_ddr4_1x,matmult,ampm,stage1,assoc16,l1d,ddr4_1x,0.001321,1321003008.0,7397876.0,7415199.0,3966976.0,1.864868,1151808.0,2137753.0,5379.0,1123945.0,19414241329.0,16855.449284,355764253.0,66139.478156,180955.0,8769.0,46141.0,0.04846,0.008143,125379.0,123108.0,2226.0,45.0,11253959.0,4134055.0,0.0,2244.0,6908622.0,1566468.0,16069.0,nan,nan,nan,nan,nan,nan,nan,nan,nan,nan,nan,nan,nan,nan,nan,nan,979897.0,539186.0,1.817364,0.0,0.0,nan,83654.0,1068154.0,0.499662,16428.230762,nan,5379.0,0.004786,65806.168619,1.16,57.0,0.0,0.0,260892668.61078942,194664204.73131883,260844221.0,194664205.0,455508425.0,19207.0,254.982008,195.148685,22176.37,3332.0,39668.37,63744.0,48254242.88511537,1002.0,51391.15,nan,nan,nan,nan,2106632.0,30.47718,29.994989,1423.0,2.0,1698.0,2152478.0
matmult_ampm_assoc16_l1d_ddr4_2x,matmult,ampm,stage1,assoc16,l1d,ddr4_2x,0.001343,1343211111.0,7397871.0,7415194.0,4033667.0,1.834033,1150006.0,2134758.0,5292.0,1118975.0,19616210299.0,17057.485177,338868581.0,64034.123394,154626.0,8841.0,43220.0,0.057177,0.008225,101900.0,100156.0,1705.0,39.0,8533058.0,1477849.0,0.0,2839.0,6880571.0,889462.0,10056.0,nan,nan,nan,nan,nan,nan,nan,nan,nan,nan,nan,nan,nan,nan,nan,nan,993878.0,524524.0,1.894819,0.0,0.0,nan,83972.0,1066034.0,0.49937,16735.538186,nan,5292.0,0.004729,63700.808768,nan,nan,nan,nan,nan,nan,nan,nan,nan,nan,nan,nan,nan,nan,nan,nan,nan,nan,nan,nan,nan,nan,nan,2106632.0,30.853477,29.697147,1078.0,2.0,1645.0,2151267.0
matmult_ampm_assoc16_l2_ddr4_1x,matmult,ampm,stage1,assoc16,l2,ddr4_1x,0.001195,1194619185.0,7397885.0,7415209.0,3587445.0,2.062162,1159960.0,2138320.0,2355.0,1077568.0,19019000482.0,16396.255459,131650116.0,55902.384713,nan,nan,nan,nan,nan,nan,nan,nan,nan,nan,nan,nan,nan,nan,nan,nan,51762.0,3160.0,78.0,0.061049,0.820992,46756.0,43832.0,2924.0,0.0,52919.0,245.0,0.0,2.0,896.0,6149.0,3151.0,853393.0,488618.0,1.746544,3962.0,203.0,19.517241,82616.0,1077344.0,0.503827,16071.373082,1666.0,689.0,0.000639,79755.043541,1.33,57.19,0.0,1.0,303869220.0477259,230687740.04328418,303708499.0,230687740.0,534396239.0,19207.0,291.06514,231.330623,26121.5,3332.0,43613.5,nan,nan,nan,nan,312128.0,261278241.56783485,4983.0,40011.57,2106633.0,29.62881,27.963955,1265.0,2.0,1569.0,2149138.0
matmult_ampm_assoc16_l2_ddr4_2x,matmult,ampm,stage1,assoc16,l2,ddr4_2x,0.001207,1207233891.0,7397876.0,7415199.0,3625327.0,2.040612,1159289.0,2139166.0,2331.0,1077929.0,19219379441.0,16578.592086,121348405.0,52058.517804,nan,nan,nan,nan,nan,nan,nan,nan,nan,nan,nan,nan,nan,nan,nan,nan,50230.0,3104.0,79.0,0.061796,0.811291,45337.0,42391.0,2943.0,3.0,51558.0,283.0,0.0,2.0,1033.0,6029.0,3146.0,900170.0,499068.0,1.803702,4315.0,231.0,18.679654,81584.0,1077705.0,0.503797,16276.508793,1609.0,722.0,0.00067,69581.606648,nan,nan,nan,nan,nan,nan,nan,nan,nan,nan,nan,nan,nan,nan,nan,nan,nan,nan,nan,nan,nan,nan,nan,2106632.0,29.985938,27.993323,1153.0,2.0,1426.0,2151846.0
matmult_ampm_assoc1_l1d_ddr4_1x,matmult,ampm,stage1,assoc1,l1d,ddr4_1x,0.001318,1317660687.0,7397871.0,7415194.0,3956939.0,1.869597,1153845.0,2139779.0,5369.0,1122904.0,19564548840.0,16955.959284,344506245.0,64165.812069,177278.0,8584.0,44031.0,0.048421,0.007963,123994.0,122033.0,1928.0,33.0,11438135.0,4283415.0,0.0,2544.0,6945812.0,1601266.0,16026.0,nan,nan,nan,nan,nan,nan,nan,nan,nan,nan,nan,nan,nan,nan,nan,nan,989875.0,545706.0,1.813935,0.0,0.0,nan,84440.0,1069405.0,0.499774,16558.061555,nan,5369.0,0.004781,63832.501956,1.17,56.84,0.0,0.0,261068728.38652125,194866555.9603206,261020157.0,194866556.0,455886713.0,19207.0,256.405919,195.303694,19927.85,3332.0,37419.85,65792.0,49930912.145366296,1042.0,44165.96,nan,nan,nan,nan,2106632.0,30.663748,29.483257,1388.0,2.0,1551.0,2150065.0
matmult_ampm_assoc1_l1d_ddr4_2x,matmult,ampm,stage1,assoc1,l1d,ddr4_2x,0.00134,1339549110.0,7397876.0,7415199.0,4022670.0,1.839048,1150382.0,2136621.0,5306.0,1119992.0,19621309103.0,17056.342244,348522654.0,65684.631361,153351.0,8891.0,43214.0,0.057978,0.008264,100538.0,98732.0,1768.0,38.0,8532021.0,1427582.0,0.0,2659.0,6930735.0,880009.0,8512.0,nan,nan,nan,nan,nan,nan,nan,nan,nan,nan,nan,nan,nan,nan,nan,nan,995198.0,533013.0,1.867118,0.0,0.0,nan,83417.0,1066965.0,0.49937,16645.532117,nan,5306.0,0.004738,65351.317565,nan,nan,nan,nan,nan,nan,nan,nan,nan,nan,nan,nan,nan,nan,nan,nan,nan,nan,nan,nan,nan,nan,nan,2106632.0,30.888727,31.54775,1240.0,2.0,1419.0,2149730.0
matmult_ampm_assoc1_l2_ddr4_1x,matmult,ampm,stage1,assoc1,l2,ddr4_1x,0.001196,1195744059.0,7397871.0,7415194.0,3590823.0,2.060219,1160107.0,2138515.0,2428.0,1077806.0,19156951781.0,16513.090414,135566509.0,55834.641269,nan,nan,nan,nan,nan,nan,nan,nan,nan,nan,nan,nan,nan,nan,nan,nan,54244.0,3088.0,77.0,0.056928,0.811137,49310.0,46458.0,2847.0,5.0,55387.0,231.0,0.0,5.0,864.0,6886.0,3654.0,882723.0,500396.0,1.764049,3781.0,231.0,16.367965,82525.0,1077582.0,0.503893,16177.481402,1709.0,719.0,0.000667,76570.841446,1.31,58.19,0.0,27.0,302405851.21736324,229774923.76568854,302298805.0,229774924.0,532073729.0,19207.0,289.185631,229.614354,25248.02,3332.0,42740.02,nan,nan,nan,nan,308992.0,258409814.1021999,4931.0,39341.61,2106632.0,29.771634,28.555058,1353.0,2.0,1504.0,2148748.0
matmult_ampm_assoc1_l2_ddr4_2x,matmult,ampm,stage1,assoc1,l2,ddr4_2x,0.001207,1207317807.0,7397876.0,7415199.0,3625579.0,2.04047,1160269.0,2139294.0,2367.0,1078122.0,19306359215.0,16639.554461,116645138.0,49279.73722,nan,nan,nan,nan,nan,nan,nan,nan,nan,nan,nan,nan,nan,nan,nan,nan,52881.0,3080.0,77.0,0.058244,0.815246,47976.0,45065.0,2910.0,1.0,54178.0,329.0,0.0,2.0,941.0,6804.0,3704.0,924612.0,508509.0,1.818281,3734.0,211.0,17.696682,82371.0,1077898.0,0.503857,16365.675188,1669.0,698.0,0.000647,69549.627507,nan,nan,nan,nan,nan,nan,nan,nan,nan,nan,nan,nan,nan,nan,nan,nan,nan,nan,nan,nan,nan,nan,nan,2106632.0,30.094198,27.064365,1044.0,2.0,1144.0,2150545.0
matmult_ampm_assoc2_l1d_ddr4_1x,matmult,ampm,stage1,assoc2,l1d,ddr4_1x,0.001312,1312438581.0,7397876.0,7415199.0,3941257.0,1.877037,1153813.0,2139780.0,5368.0,1121141.0,19564884491.0,16956.720449,346591173.0,64566.164866,167782.0,8570.0,42291.0,0.051078,0.00795,116240.0,114322.0,1883.0,35.0,11433419.0,4284990.0,0.0,2543.0,6949130.0,1600580.0,15658.0,nan,nan,nan,nan,nan,nan,nan,nan,nan,nan,nan,nan,nan,nan,nan,nan,986866.0,543771.0,1.814856,0.0,0.0,nan,84429.0,1069384.0,0.499764,16552.784737,nan,5368.0,0.004788,64232.854694,1.36,56.83,0.0,0.0,262058739.34149456,195739445.42552274,262009975.0,195739445.0,457749421.0,19207.0,257.377377,196.178323,20332.75,3332.0,37824.75,72448.0,55201059.34770596,1146.0,44766.58,nan,nan,nan,nan,2106632.0,30.651871,29.569399,1376.0,2.0,1551.0,2150133.0
matmult_ampm_assoc2_l1d_ddr4_2x,matmult,ampm,stage1,assoc2,l1d,ddr4_2x,0.001332,1331706627.0,7397876.0,7415199.0,3999119.0,1.849879,1150508.0,2136617.0,5307.0,1118605.0,19625454655.0,17058.077523,349432371.0,65843.672696,144922.0,8780.0,41832.0,0.060584,0.008161,93629.0,91896.0,1703.0,30.0,8505334.0,1396547.0,0.0,2650.0,6943618.0,870477.0,8519.0,nan,nan,nan,nan,nan,nan,nan,nan,nan,nan,nan,nan,nan,nan,nan,nan,995102.0,532069.0,1.87025,0.0,0.0,nan,83410.0,1067098.0,0.499433,16644.171464,nan,5307.0,0.004744,65510.35896,nan,nan,nan,nan,nan,nan,nan,nan,nan,nan,nan,nan,nan,nan,nan,nan,nan,nan,nan,nan,nan,nan,nan,2106632.0,30.899296,31.442698,1219.0,2.0,1419.0,2149648.0
matmult_ampm_assoc2_l2_ddr4_1x,matmult,ampm,stage1,assoc2,l2,ddr4_1x,0.001196,1196317818.0,7397892.0,7415217.0,3592546.0,2.059236,1160455.0,2139120.0,2182.0,1078032.0,19246145622.0,16584.999523,131195241.0,60126.141613,nan,nan,nan,nan,nan,nan,nan,nan,nan,nan,nan,nan,nan,nan,nan,nan,51719.0,3334.0,67.0,0.064464,0.814761,46777.0,42997.0,3777.0,3.0,53012.0,272.0,0.0,2.0,978.0,6494.0,4010.0,905007.0,505778.0,1.789336,3827.0,217.0,17.635945,82647.0,1077808.0,0.503856,16281.520056,1424.0,758.0,0.000703,81931.488127,1.45,58.39,0.0,0.0,304561208.1655044,232446592.21484572,304721701.0,232446592.0,537168293.0,19207.0,291.828806,232.50009,28901.81,3332.0,46393.81,nan,nan,nan,nan,310208.0,259302331.982821,4934.0,42576.77,2106634.0,29.887207,28.907832,1284.0,2.0,1614.0,2148366.0
matmult_ampm_assoc2_l2_ddr4_2x,matmult,ampm,stage1,assoc2,l2,ddr4_2x,0.001206,1205637822.0,7397876.0,7415199.0,3620534.0,2.043313,1159099.0,2138764.0,2108.0,1077788.0,19375417490.0,16715.929778,109439679.0,51916.356262,nan,nan,nan,nan,nan,nan,nan,nan,nan,nan,nan,nan,nan,nan,nan,nan,50412.0,3329.0,65.0,0.066036,0.825031,45517.0,41852.0,3663.0,2.0,51688.0,332.0,0.0,2.0,909.0,6387.0,4027.0,940527.0,508950.0,1.847975,4532.0,236.0,19.20339,81535.0,1077564.0,0.503826,16462.26802,1402.0,706.0,0.000655,71969.358357,nan,nan,nan,nan,nan,nan,nan,nan,nan,nan,nan,nan,nan,nan,nan,nan,nan,nan,nan,nan,nan,nan,nan,2106632.0,30.180462,27.242863,1128.0,2.0,1377.0,2149962.0
matmult_ampm_assoc32_l1d_ddr4_1x,matmult,ampm,stage1,assoc32,l1d,ddr4_1x,0.001321,1321003008.0,7397876.0,7415199.0,3966976.0,1.864868,1151808.0,2137753.0,5379.0,1123945.0,19414241329.0,16855.449284,355764253.0,66139.478156,180955.0,8769.0,46141.0,0.04846,0.008143,125379.0,123108.0,2226.0,45.0,11253959.0,4134055.0,0.0,2244.0,6908622.0,1566468.0,16069.0,nan,nan,nan,nan,nan,nan,nan,nan,nan,nan,nan,nan,nan,nan,nan,nan,979897.0,539186.0,1.817364,0.0,0.0,nan,83654.0,1068154.0,0.499662,16428.230762,nan,5379.0,0.004786,65806.168619,1.16,57.0,0.0,0.0,260892668.61078942,194664204.73131883,260844221.0,194664205.0,455508425.0,19207.0,254.982008,195.148685,22176.37,3332.0,39668.37,63744.0,48254242.88511537,1002.0,51391.15,nan,nan,nan,nan,2106632.0,30.47718,29.994989,1423.0,2.0,1698.0,2152478.0
matmult_ampm_assoc32_l1d_ddr4_2x,matmult,ampm,stage1,assoc32,l1d,ddr4_2x,0.001343,1343211111.0,7397871.0,7415194.0,4033667.0,1.834033,1150006.0,2134758.0,5292.0,1118975.0,19616210299.0,17057.485177,338868581.0,64034.123394,154626.0,8841.0,43220.0,0.057177,0.008225,101900.0,100156.0,1705.0,39.0,8533058.0,1477849.0,0.0,2839.0,6880571.0,889462.0,10056.0,nan,nan,nan,nan,nan,nan,nan,nan,nan,nan,nan,nan,nan,nan,nan,nan,993878.0,524524.0,1.894819,0.0,0.0,nan,83972.0,1066034.0,0.49937,16735.538186,nan,5292.0,0.004729,63700.808768,nan,nan,nan,nan,nan,nan,nan,nan,nan,nan,nan,nan,nan,nan,nan,nan,nan,nan,nan,nan,nan,nan,nan,2106632.0,30.853477,29.697147,1078.0,2.0,1645.0,2151267.0
matmult_ampm_assoc32_l2_ddr4_1x,matmult,ampm,stage1,assoc32,l2,ddr4_1x,0.001198,1197850284.0,7397871.0,7415194.0,3597148.0,2.056596,1160370.0,2138863.0,2638.0,1078104.0,19163905820.0,16515.340641,144470925.0,54765.324109,nan,nan,nan,nan,nan,nan,nan,nan,nan,nan,nan,nan,nan,nan,nan,nan,56737.0,2879.0,82.0,0.050743,0.798613,51760.0,49481.0,2277.0,2.0,57947.0,269.0,0.0,4.0,895.0,7254.0,3372.0,870496.0,495014.0,1.758528,3930.0,230.0,17.086957,82490.0,1077880.0,0.50395,16140.673044,1912.0,726.0,0.000673,74703.743802,1.23,57.29,0.0,0.0,303476991.1195346,230065479.53533733,303316704.0,230065480.0,533382184.0,19207.0,289.638868,230.06548,24706.07,3332.0,42198.07,nan,nan,nan,nan,310400.0,259130881.50171527,4954.0,38897.75,2106632.0,29.776069,28.937857,1354.0,2.0,1605.0,2147630.0
matmult_ampm_assoc32_l2_ddr4_2x,matmult,ampm,stage1,assoc32,l2,ddr4_2x,0.001208,1208264859.0,7397876.0,7415199.0,3628423.0,2.038871,1160262.0,2139268.0,2585.0,1078118.0,19352914818.0,16679.779927,133763002.0,51745.842166,nan,nan,nan,nan,nan,nan,nan,nan,nan,nan,nan,nan,nan,nan,nan,nan,55313.0,2842.0,83.0,0.05138,0.802825,50401.0,47896.0,2504.0,1.0,56556.0,305.0,0.0,2.0,910.0,7144.0,3422.0,911123.0,497084.0,1.832936,4389.0,211.0,20.800948,82366.0,1077896.0,0.503862,16346.992734,1887.0,698.0,0.000647,74511.706304,nan,nan,nan,nan,nan,nan,nan,nan,nan,nan,nan,nan,nan,nan,nan,nan,nan,nan,nan,nan,nan,nan,nan,2106632.0,30.13609,27.975951,1474.0,2.0,1531.0,2149887.0
matmult_ampm_assoc4_l1d_ddr4_1x,matmult,ampm,stage1,assoc4,l1d,ddr4_1x,0.001321,1321003008.0,7397876.0,7415199.0,3966976.0,1.864868,1151808.0,2137753.0,5379.0,1123945.0,19414241329.0,16855.449284,355764253.0,66139.478156,180955.0,8769.0,46141.0,0.04846,0.008143,125379.0,123108.0,2226.0,45.0,11253959.0,4134055.0,0.0,2244.0,6908622.0,1566468.0,16069.0,nan,nan,nan,nan,nan,nan,nan,nan,nan,nan,nan,nan,nan,nan,nan,nan,979897.0,539186.0,1.817364,0.0,0.0,nan,83654.0,1068154.0,0.499662,16428.230762,nan,5379.0,0.004786,65806.168619,1.16,57.0,0.0,0.0,260892668.61078942,194664204.73131883,260844221.0,194664205.0,455508425.0,19207.0,254.982008,195.148685,22176.37,3332.0,39668.37,63744.0,48254242.88511537,1002.0,51391.15,nan,nan,nan,nan,2106632.0,30.47718,29.994989,1423.0,2.0,1698.0,2152478.0
matmult_ampm_assoc4_l1d_ddr4_2x,matmult,ampm,stage1,assoc4,l1d,ddr4_2x,0.001343,1343211111.0,7397871.0,7415194.0,4033667.0,1.834033,1150006.0,2134758.0,5292.0,1118975.0,19616210299.0,17057.485177,338868581.0,64034.123394,154626.0,8841.0,43220.0,0.057177,0.008225,101900.0,100156.0,1705.0,39.0,8533058.0,1477849.0,0.0,2839.0,6880571.0,889462.0,10056.0,nan,nan,nan,nan,nan,nan,nan,nan,nan,nan,nan,nan,nan,nan,nan,nan,993878.0,524524.0,1.894819,0.0,0.0,nan,83972.0,1066034.0,0.49937,16735.538186,nan,5292.0,0.004729,63700.808768,nan,nan,nan,nan,nan,nan,nan,nan,nan,nan,nan,nan,nan,nan,nan,nan,nan,nan,nan,nan,nan,nan,nan,2106632.0,30.853477,29.697147,1078.0,2.0,1645.0,2151267.0
matmult_ampm_assoc4_l2_ddr4_1x,matmult,ampm,stage1,assoc4,l2,ddr4_1x,0.001198,1198060407.0,7397876.0,7415199.0,3597779.0,2.056237,1160299.0,2138827.0,2288.0,1077963.0,19126738587.0,16484.318772,130524219.0,57047.298514,nan,nan,nan,nan,nan,nan,nan,nan,nan,nan,nan,nan,nan,nan,nan,nan,53774.0,3221.0,66.0,0.059899,0.820637,48764.0,45537.0,3225.0,2.0,54918.0,207.0,0.0,3.0,892.0,6443.0,3465.0,869627.0,489108.0,1.777986,3853.0,228.0,16.899123,82560.0,1077739.0,0.503893,16176.747811,1584.0,704.0,0.000653,80497.840909,1.32,57.17,0.0,0.0,304759257.435339,230292227.6606041,304598998.0,230292228.0,534891226.0,19207.0,292.365892,230.559326,26529.01,3332.0,44021.01,nan,nan,nan,nan,313792.0,261916676.46020457,5001.0,40401.16,2106632.0,29.736499,28.46182,1139.0,2.0,1567.0,2148291.0
matmult_ampm_assoc4_l2_ddr4_2x,matmult,ampm,stage1,assoc4,l2,ddr4_2x,0.001208,1208278845.0,7397876.0,7415199.0,3628465.0,2.038847,1159615.0,2138409.0,2230.0,1077409.0,19294914077.0,16639.069068,118126633.0,52971.584305,nan,nan,nan,nan,nan,nan,nan,nan,nan,nan,nan,nan,nan,nan,nan,nan,52422.0,3201.0,66.0,0.061062,0.81867,47501.0,44347.0,3152.0,2.0,53687.0,331.0,0.0,1.0,901.0,6368.0,3568.0,918946.0,508739.0,1.806321,3441.0,228.0,15.092105,82430.0,1077185.0,0.503732,16364.527306,1521.0,709.0,0.000658,71546.45134,nan,nan,nan,nan,nan,nan,nan,nan,nan,nan,nan,nan,nan,nan,nan,nan,nan,nan,nan,nan,nan,nan,nan,2106632.0,30.108489,28.090268,1220.0,2.0,1651.0,2151251.0
matmult_ampm_assoc64_l1d_ddr4_1x,matmult,ampm,stage1,assoc64,l1d,ddr4_1x,0.001321,1321003008.0,7397876.0,7415199.0,3966976.0,1.864868,1151808.0,2137753.0,5379.0,1123945.0,19414241329.0,16855.449284,355764253.0,66139.478156,180955.0,8769.0,46141.0,0.04846,0.008143,125379.0,123108.0,2226.0,45.0,11253959.0,4134055.0,0.0,2244.0,6908622.0,1566468.0,16069.0,nan,nan,nan,nan,nan,nan,nan,nan,nan,nan,nan,nan,nan,nan,nan,nan,979897.0,539186.0,1.817364,0.0,0.0,nan,83654.0,1068154.0,0.499662,16428.230762,nan,5379.0,0.004786,65806.168619,1.16,57.0,0.0,0.0,260892668.61078942,194664204.73131883,260844221.0,194664205.0,455508425.0,19207.0,254.982008,195.148685,22176.37,3332.0,39668.37,63744.0,48254242.88511537,1002.0,51391.15,nan,nan,nan,nan,2106632.0,30.47718,29.994989,1423.0,2.0,1698.0,2152478.0
matmult_ampm_assoc64_l1d_ddr4_2x,matmult,ampm,stage1,assoc64,l1d,ddr4_2x,0.001343,1343211111.0,7397871.0,7415194.0,4033667.0,1.834033,1150006.0,2134758.0,5292.0,1118975.0,19616210299.0,17057.485177,338868581.0,64034.123394,154626.0,8841.0,43220.0,0.057177,0.008225,101900.0,100156.0,1705.0,39.0,8533058.0,1477849.0,0.0,2839.0,6880571.0,889462.0,10056.0,nan,nan,nan,nan,nan,nan,nan,nan,nan,nan,nan,nan,nan,nan,nan,nan,993878.0,524524.0,1.894819,0.0,0.0,nan,83972.0,1066034.0,0.49937,16735.538186,nan,5292.0,0.004729,63700.808768,nan,nan,nan,nan,nan,nan,nan,nan,nan,nan,nan,nan,nan,nan,nan,nan,nan,nan,nan,nan,nan,nan,nan,2106632.0,30.853477,29.697147,1078.0,2.0,1645.0,2151267.0
matmult_ampm_assoc64_l2_ddr4_1x,matmult,ampm,stage1,assoc64,l2,ddr4_1x,0.001198,1197843957.0,7397871.0,7415194.0,3597129.0,2.056607,1160370.0,2138863.0,2638.0,1078104.0,19163905820.0,16515.340641,144588474.0,54809.884003,nan,nan,nan,nan,nan,nan,nan,nan,nan,nan,nan,nan,nan,nan,nan,nan,56739.0,2879.0,82.0,0.050741,0.798613,51761.0,49482.0,2277.0,2.0,57949.0,269.0,0.0,4.0,895.0,7254.0,3372.0,870496.0,495014.0,1.758528,3930.0,230.0,17.086957,82490.0,1077880.0,0.50395,16140.673044,1912.0,726.0,0.000673,74634.024793,1.23,57.28,0.0,0.0,303532023.411961,230066694.73893753,303371735.0,230066695.0,533438430.0,19207.0,289.693827,230.120124,24771.74,3332.0,42263.74,nan,nan,nan,nan,310464.0,259185679.55842683,4955.0,38980.56,2106632.0,29.776069,28.937857,1354.0,2.0,1605.0,2147630.0
matmult_ampm_assoc64_l2_ddr4_2x,matmult,ampm,stage1,assoc64,l2,ddr4_2x,0.001208,1208275515.0,7397876.0,7415199.0,3628455.0,2.038853,1160262.0,2139269.0,2581.0,1078118.0,19352822577.0,16679.700427,133444987.0,51702.823324,nan,nan,nan,nan,nan,nan,nan,nan,nan,nan,nan,nan,nan,nan,nan,nan,55363.0,2846.0,83.0,0.051406,0.803728,50434.0,47925.0,2508.0,1.0,56606.0,305.0,0.0,2.0,910.0,7142.0,3420.0,911123.0,497084.0,1.832936,4389.0,211.0,20.800948,82366.0,1077896.0,0.503862,16346.931565,1886.0,695.0,0.000645,74644.080576,nan,nan,nan,nan,nan,nan,nan,nan,nan,nan,nan,nan,nan,nan,nan,nan,nan,nan,nan,nan,nan,nan,nan,2106632.0,30.136017,27.975338,1474.0,2.0,1531.0,2149886.0
matmult_ampm_default_l1d_ddr4_1x,matmult,ampm,stage1,default,l1d,ddr4_1x,0.001321,1321003008.0,7397876.0,7415199.0,3966976.0,1.864868,1151808.0,2137753.0,5379.0,1123945.0,19414241329.0,16855.449284,355764253.0,66139.478156,180955.0,8769.0,46141.0,0.04846,0.008143,125379.0,123108.0,2226.0,45.0,11253959.0,4134055.0,0.0,2244.0,6908622.0,1566468.0,16069.0,nan,nan,nan,nan,nan,nan,nan,nan,nan,nan,nan,nan,nan,nan,nan,nan,979897.0,539186.0,1.817364,0.0,0.0,nan,83654.0,1068154.0,0.499662,16428.230762,nan,5379.0,0.004786,65806.168619,1.16,57.0,0.0,0.0,260892668.61078942,194664204.73131883,260844221.0,194664205.0,455508425.0,19207.0,254.982008,195.148685,22176.37,3332.0,39668.37,63744.0,48254242.88511537,1002.0,51391.15,nan,nan,nan,nan,2106632.0,30.47718,29.994989,1423.0,2.0,1698.0,2152478.0
matmult_ampm_default_l1d_ddr4_2x,matmult,ampm,stage1,default,l1d,ddr4_2x,0.001343,1343211111.0,7397871.0,7415194.0,4033667.0,1.834033,1150006.0,2134758.0,5292.0,1118975.0,19616210299.0,17057.485177,338868581.0,64034.123394,154626.0,8841.0,43220.0,0.057177,0.008225,101900.0,100156.0,1705.0,39.0,8533058.0,1477849.0,0.0,2839.0,6880571.0,889462.0,10056.0,nan,nan,nan,nan,nan,nan,nan,nan,nan,nan,nan,nan,nan,nan,nan,nan,993878.0,524524.0,1.894819,0.0,0.0,nan,83972.0,1066034.0,0.49937,16735.538186,nan,5292.0,0.004729,63700.808768,nan,nan,nan,nan,nan,nan,nan,nan,nan,nan,nan,nan,nan,nan,nan,nan,nan,nan,nan,nan,nan,nan,nan,2106632.0,30.853477,29.697147,1078.0,2.0,1645.0,2151267.0
matmult_ampm_default_l2_ddr4_1x,matmult,ampm,stage1,default,l2,ddr4_1x,0.001191,1190941200.0,7397876.0,7415199.0,3576400.0,2.068528,1160315.0,2138434.0,2087.0,1077718.0,19058859698.0,16425.591066,118624453.0,56839.699569,nan,nan,nan,nan,nan,nan,nan,nan,nan,nan,nan,nan,nan,nan,nan,nan,53013.0,3427.0,76.0,0.064645,0.827178,48024.0,44014.0,4007.0,3.0,54179.0,257.0,0.0,3.0,872.0,6245.0,3751.0,879369.0,499866.0,1.759209,4248.0,241.0,17.626556,82819.0,1077496.0,0.503872,16160.801582,1371.0,716.0,0.000664,79121.259777,1.38,57.6,0.0,0.0,305560005.81724775,231668868.28669629,305398789.0,231668868.0,537067657.0,19207.0,291.319168,231.292695,28187.56,3332.0,45679.56,nan,nan,nan,nan,311360.0,261440279.33536938,4970.0,42023.23,2106632.0,29.654754,27.798707,1140.0,2.0,1434.0,2148422.0
matmult_ampm_default_l2_ddr4_2x,matmult,ampm,stage1,default,l2,ddr4_2x,0.001205,1205328132.0,7397876.0,7415199.0,3619604.0,2.043838,1160036.0,2138533.0,2065.0,1077595.0,19268743000.0,16610.469847,106685396.0,51663.630024,nan,nan,nan,nan,nan,nan,nan,nan,nan,nan,nan,nan,nan,nan,nan,nan,51598.0,3351.0,77.0,0.064944,0.826999,46690.0,43111.0,3577.0,2.0,52880.0,310.0,0.0,1.0,945.0,6183.0,3844.0,919355.0,509085.0,1.805897,3765.0,263.0,14.315589,82662.0,1077374.0,0.503791,16356.130713,1364.0,701.0,0.000651,71415.229672,nan,nan,nan,nan,nan,nan,nan,nan,nan,nan,nan,nan,nan,nan,nan,nan,nan,nan,nan,nan,nan,nan,nan,2106632.0,30.091187,27.31217,1073.0,2.0,1427.0,2150497.0
matmult_ampm_epoch1024k_l1d_ddr4_1x,matmult,ampm,stage1,epoch1024k,l1d,ddr4_1x,0.001327,1326636702.0,7397871.0,7415194.0,3983894.0,1.856947,1152760.0,2137754.0,5341.0,1120004.0,19772827198.0,17152.596549,353319484.0,66152.309305,161300.0,8738.0,42371.0,0.054172,0.008115,109539.0,107953.0,1560.0,26.0,8257029.0,1384615.0,0.0,2493.0,6692503.0,833012.0,7352.0,nan,nan,nan,nan,nan,nan,nan,nan,nan,nan,nan,nan,nan,nan,nan,nan,1028911.0,553027.0,1.860508,0.0,0.0,nan,84732.0,1068028.0,0.499603,16717.124443,nan,5341.0,0.004769,65818.997566,1.16,57.33,0.0,0.0,257951554.84851044,191377186.84945595,257903313.0,191377187.0,449280499.0,19207.0,253.657991,191.425429,21885.9,3332.0,39377.9,56256.0,42404977.87765863,888.0,52467.91,nan,nan,nan,nan,2106632.0,30.966851,31.202172,1633.0,2.0,1698.0,2147678.0
matmult_ampm_epoch1024k_l1d_ddr4_2x,matmult,ampm,stage1,epoch1024k,l1d,ddr4_2x,0.001343,1343309013.0,7397876.0,7415199.0,4033961.0,1.833901,1149894.0,2134743.0,5292.0,1118784.0,19613818365.0,17057.066447,338565624.0,63976.875283,154555.0,8940.0,43017.0,0.057843,0.008317,101922.0,100301.0,1594.0,27.0,7994272.0,1270892.0,0.0,2602.0,6550031.0,784898.0,8336.0,nan,nan,nan,nan,nan,nan,nan,nan,nan,nan,nan,nan,nan,nan,nan,nan,995494.0,525864.0,1.893064,0.0,0.0,nan,83958.0,1065936.0,0.499328,16735.714744,nan,5292.0,0.00473,63643.560658,nan,nan,nan,nan,nan,nan,nan,nan,nan,nan,nan,nan,nan,nan,nan,nan,nan,nan,nan,nan,nan,nan,nan,2106632.0,30.864402,29.700537,1048.0,2.0,1645.0,2151223.0
matmult_ampm_epoch1024k_l2_ddr4_1x,matmult,ampm,stage1,epoch1024k,l2,ddr4_1x,0.001191,1190941200.0,7397876.0,7415199.0,3576400.0,2.068528,1160299.0,2138438.0,2097.0,1077718.0,19058421473.0,16425.439885,118563847.0,56539.745827,nan,nan,nan,nan,nan,nan,nan,nan,nan,nan,nan,nan,nan,nan,nan,nan,47617.0,3417.0,76.0,0.07176,0.82676,42628.0,38613.0,4012.0,3.0,48832.0,305.0,0.0,3.0,872.0,5403.0,3356.0,879276.0,499840.0,1.759115,4248.0,241.0,17.626556,82803.0,1077496.0,0.503871,16160.524982,1381.0,716.0,0.000664,79237.065642,1.38,57.62,0.0,0.0,305560005.81724775,231668868.28669629,305398789.0,231668868.0,537067657.0,19207.0,291.319168,231.292695,28421.17,3332.0,45913.17,nan,nan,nan,nan,311360.0,261440279.33536938,4970.0,42261.38,2106632.0,29.653225,27.792132,1140.0,2.0,1373.0,2148440.0
matmult_ampm_epoch1024k_l2_ddr4_2x,matmult,ampm,stage1,epoch1024k,l2,ddr4_2x,0.001207,1206779013.0,7397876.0,7415199.0,3623961.0,2.041381,1160041.0,2138555.0,2046.0,1077599.0,19282051683.0,16621.87085,109709369.0,53621.392473,nan,nan,nan,nan,nan,nan,nan,nan,nan,nan,nan,nan,nan,nan,nan,nan,46218.0,3370.0,77.0,0.072915,0.827806,41310.0,37438.0,3870.0,2.0,47500.0,310.0,0.0,1.0,945.0,5169.0,3296.0,918966.0,508989.0,1.805473,3765.0,263.0,14.315589,82663.0,1077378.0,0.503788,16357.464881,1345.0,701.0,0.000651,70758.730385,nan,nan,nan,nan,nan,nan,nan,nan,nan,nan,nan,nan,nan,nan,nan,nan,nan,nan,nan,nan,nan,nan,nan,2106632.0,30.106509,27.767979,1063.0,2.0,1427.0,2150568.0
matmult_ampm_epoch128k_l1d_ddr4_1x,matmult,ampm,stage1,epoch128k,l1d,ddr4_1x,0.00132,1319666013.0,7397876.0,7415199.0,3962961.0,1.866757,1152703.0,2137394.0,5399.0,1118049.0,19675995532.0,17069.440725,353613135.0,65496.042786,165436.0,8646.0,40227.0,0.052262,0.008029,115817.0,113938.0,1860.0,19.0,10295443.0,3098154.0,0.0,2733.0,7006150.0,1354718.0,12968.0,nan,nan,nan,nan,nan,nan,nan,nan,nan,nan,nan,nan,nan,nan,nan,nan,998696.0,543398.0,1.837872,0.0,0.0,nan,84488.0,1068215.0,0.499774,16695.934717,nan,5399.0,0.004829,65162.857751,1.16,56.57,0.0,0.0,262029935.2969697,196510327.19291526,261981438.0,196510327.0,458491765.0,19207.0,256.986235,196.413333,21377.21,3332.0,38869.21,63040.0,47769662.459284686,1005.0,45053.11,nan,nan,nan,nan,2106632.0,30.730476,30.032004,1281.0,2.0,1877.0,2146352.0
matmult_ampm_epoch128k_l1d_ddr4_2x,matmult,ampm,stage1,epoch128k,l1d,ddr4_2x,0.001343,1343182806.0,7397876.0,7415199.0,4033582.0,1.834073,1149158.0,2134697.0,5294.0,1117516.0,19603536317.0,17059.043506,337247260.0,63703.675859,164013.0,8917.0,41826.0,0.054368,0.008297,112542.0,110751.0,1761.0,30.0,9921366.0,2673566.0,0.0,2399.0,7063007.0,1256484.0,13716.0,nan,nan,nan,nan,nan,nan,nan,nan,nan,nan,nan,nan,nan,nan,nan,nan,995472.0,525329.0,1.89495,0.0,0.0,nan,83328.0,1065830.0,0.499289,16740.39041,nan,5294.0,0.004737,63370.361352,nan,nan,nan,nan,nan,nan,nan,nan,nan,nan,nan,nan,nan,nan,nan,nan,nan,nan,nan,nan,nan,nan,nan,2106632.0,30.835505,29.604081,962.0,2.0,1645.0,2151295.0
matmult_ampm_epoch128k_l2_ddr4_1x,matmult,ampm,stage1,epoch128k,l2,ddr4_1x,0.001199,1198628172.0,7397876.0,7415199.0,3599484.0,2.055263,1159927.0,2138322.0,2076.0,1077488.0,19025515242.0,16402.338459,123635774.0,59554.804432,nan,nan,nan,nan,nan,nan,nan,nan,nan,nan,nan,nan,nan,nan,nan,nan,53680.0,3426.0,70.0,0.063823,0.809355,48772.0,44704.0,4063.0,5.0,54452.0,141.0,0.0,8.0,619.0,6441.0,3935.0,861702.0,486551.0,1.771041,5051.0,223.0,22.650224,82663.0,1077264.0,0.503789,16127.548968,1269.0,807.0,0.000749,78888.236679,1.43,57.15,0.0,0.0,303974166.89451885,230610298.05329823,303813984.0,230610298.0,534424282.0,19207.0,291.586672,230.289932,29475.66,3332.0,46967.66,nan,nan,nan,nan,305472.0,254851343.5073842,4886.0,43710.93,2106632.0,29.663429,28.628089,1105.0,2.0,1525.0,2150077.0
matmult_ampm_epoch128k_l2_ddr4_2x,matmult,ampm,stage1,epoch128k,l2,ddr4_2x,0.001205,1205328132.0,7397876.0,7415199.0,3619604.0,2.043838,1160036.0,2138539.0,1995.0,1077599.0,19262629454.0,16605.199713,104147603.0,52204.312281,nan,nan,nan,nan,nan,nan,nan,nan,nan,nan,nan,nan,nan,nan,nan,nan,54312.0,3421.0,77.0,0.062988,0.829937,49404.0,45528.0,3874.0,2.0,55594.0,310.0,0.0,1.0,945.0,6529.0,4081.0,920241.0,509609.0,1.805779,3765.0,263.0,14.315589,82658.0,1077378.0,0.503792,16359.205332,1294.0,701.0,0.000651,71127.35806,nan,nan,nan,nan,nan,nan,nan,nan,nan,nan,nan,nan,nan,nan,nan,nan,nan,nan,nan,nan,nan,nan,nan,2106632.0,30.08442,27.360938,1025.0,2.0,1475.0,2150518.0
matmult_ampm_epoch512k_l1d_ddr4_1x,matmult,ampm,stage1,epoch512k,l1d,ddr4_1x,0.00133,1329545790.0,7397876.0,7415199.0,3992630.0,1.852885,1152810.0,2137906.0,5345.0,1123853.0,19814068895.0,17187.627532,357399413.0,66866.120299,157610.0,8663.0,46125.0,0.054965,0.008044,102235.0,100461.0,1722.0,52.0,7853905.0,1360296.0,0.0,2669.0,6317244.0,812177.0,7250.0,nan,nan,nan,nan,nan,nan,nan,nan,nan,nan,nan,nan,nan,nan,nan,nan,1026665.0,551540.0,1.861452,0.0,0.0,nan,84547.0,1068263.0,0.499677,16718.880549,nan,5345.0,0.004756,66532.808793,1.16,57.35,0.0,0.0,257579695.69442207,191343541.46614236,257531559.0,191343541.0,448875100.0,19207.0,253.343663,191.150995,22613.7,3332.0,40105.7,52544.0,39520263.53300701,830.0,55978.31,nan,nan,nan,nan,2106632.0,30.994771,32.294072,1635.0,2.0,1765.0,2147587.0
matmult_ampm_epoch512k_l1d_ddr4_2x,matmult,ampm,stage1,epoch512k,l1d,ddr4_2x,0.001343,1343242080.0,7397871.0,7415194.0,4033760.0,1.833991,1149764.0,2134791.0,5292.0,1122435.0,19611236002.0,17056.749039,337023491.0,63685.466931,149756.0,8970.0,46642.0,0.059897,0.008344,93535.0,91618.0,1864.0,53.0,7600801.0,1253221.0,0.0,2758.0,6179016.0,766041.0,8597.0,nan,nan,nan,nan,nan,nan,nan,nan,nan,nan,nan,nan,nan,nan,nan,nan,990351.0,523283.0,1.892572,0.0,0.0,nan,83765.0,1065999.0,0.499346,16726.016131,nan,5292.0,0.004715,63352.152305,nan,nan,nan,nan,nan,nan,nan,nan,nan,nan,nan,nan,nan,nan,nan,nan,nan,nan,nan,nan,nan,nan,nan,2106632.0,30.835784,29.679276,999.0,2.0,1645.0,2151164.0
matmult_ampm_epoch512k_l2_ddr4_1x,matmult,ampm,stage1,epoch512k,l2,ddr4_1x,0.001199,1199447685.0,7397871.0,7415194.0,3601945.0,2.053857,1160421.0,2138442.0,2371.0,1077751.0,19034677585.0,16403.251566,137179546.0,57857.252636,nan,nan,nan,nan,nan,nan,nan,nan,nan,nan,nan,nan,nan,nan,nan,nan,46342.0,3143.0,76.0,0.067822,0.718236,41870.0,38057.0,3810.0,3.0,47557.0,305.0,0.0,3.0,872.0,5355.0,3332.0,867819.0,494360.0,1.755439,4248.0,241.0,17.626556,82892.0,1077529.0,0.503885,16117.069415,1138.0,1233.0,0.001144,68789.100568,1.37,56.95,0.0,0.0,303392973.7419102,230025872.28304166,303232900.0,230025872.0,533258772.0,19207.0,289.253132,229.652367,26599.19,3332.0,44091.19,nan,nan,nan,nan,278272.0,232000114.28593487,4453.0,41796.1,2106632.0,29.592102,28.127154,1091.0,2.0,1584.0,2148439.0
matmult_ampm_epoch512k_l2_ddr4_2x,matmult,ampm,stage1,epoch512k,l2,ddr4_2x,0.001216,1215746037.0,7397876.0,7415199.0,3650889.0,2.026324,1160148.0,2138529.0,2343.0,1077626.0,19267531861.0,16607.82233,132579476.0,56585.350405,nan,nan,nan,nan,nan,nan,nan,nan,nan,nan,nan,nan,nan,nan,nan,nan,44999.0,3076.0,77.0,0.068357,0.712202,40631.0,36962.0,3667.0,2.0,46281.0,310.0,0.0,1.0,945.0,5120.0,3281.0,906238.0,502690.0,1.802777,3765.0,263.0,14.315589,82746.0,1077402.0,0.503805,16314.667632,1100.0,1243.0,0.001153,67478.864039,nan,nan,nan,nan,nan,nan,nan,nan,nan,nan,nan,nan,nan,nan,nan,nan,nan,nan,nan,nan,nan,nan,nan,2106632.0,30.063032,28.602535,1205.0,2.0,1427.0,2150543.0
matmult_ampm_epoch64k_l1d_ddr4_1x,matmult,ampm,stage1,epoch64k,l1d,ddr4_1x,0.001319,1318986693.0,7397871.0,7415194.0,3960921.0,1.867717,1153789.0,2138330.0,5414.0,1118662.0,19604595455.0,16991.49104,352378404.0,65086.517178,161797.0,8033.0,40460.0,0.049649,0.007457,112513.0,110815.0,1677.0,21.0,10046569.0,2711335.0,0.0,2555.0,7151185.0,1265224.0,10583.0,nan,nan,nan,nan,nan,nan,nan,nan,nan,nan,nan,nan,nan,nan,nan,nan,989322.0,542444.0,1.823823,0.0,0.0,nan,84626.0,1069163.0,0.499999,16606.167355,nan,5414.0,0.00484,64753.332656,1.17,56.49,0.0,0.0,262892720.48023614,196757102.5373491,262844198.0,196757103.0,459601301.0,19207.0,257.167113,196.70858,21086.76,3332.0,38578.76,65600.0,49735149.223374315,1043.0,46462.59,nan,nan,nan,nan,2106632.0,30.59975,30.024443,1277.0,2.0,1728.0,2146096.0
matmult_ampm_epoch64k_l1d_ddr4_2x,matmult,ampm,stage1,epoch64k,l1d,ddr4_2x,0.001341,1341401922.0,7397871.0,7415194.0,4028234.0,1.836507,1150998.0,2137578.0,5326.0,1122404.0,19661647099.0,17082.260003,370347709.0,69535.807172,182566.0,8932.0,45326.0,0.048925,0.0083,127577.0,125153.0,2398.0,26.0,11524373.0,4084219.0,0.0,2234.0,7229260.0,1604907.0,18658.0,nan,nan,nan,nan,nan,nan,nan,nan,nan,nan,nan,nan,nan,nan,nan,nan,978657.0,531784.0,1.840328,0.0,0.0,nan,83799.0,1067199.0,0.499256,16584.492113,nan,5326.0,0.004745,69202.494555,nan,nan,nan,nan,nan,nan,nan,nan,nan,nan,nan,nan,nan,nan,nan,nan,nan,nan,nan,nan,nan,nan,nan,2106632.0,30.981793,34.278504,1528.0,2.0,1563.0,2152205.0
matmult_ampm_epoch64k_l2_ddr4_1x,matmult,ampm,stage1,epoch64k,l2,ddr4_1x,0.001196,1195622514.0,7397885.0,7415209.0,3590458.0,2.060432,1160343.0,2138439.0,2433.0,1077925.0,19105995134.0,16465.816689,148424047.0,61004.540485,nan,nan,nan,nan,nan,nan,nan,nan,nan,nan,nan,nan,nan,nan,nan,nan,53994.0,3072.0,52.0,0.056895,0.7323,49391.0,45039.0,4350.0,2.0,54123.0,4.0,0.0,7.0,117.0,6391.0,3930.0,882298.0,493691.0,1.787146,1356.0,85.0,15.952941,82642.0,1077701.0,0.503966,16186.471545,1310.0,1123.0,0.001042,76367.562778,1.4,57.16,0.0,4.0,305434194.9268446,232528240.93273973,305327138.0,232528241.0,537855379.0,19207.0,291.891459,232.635298,27392.73,3332.0,44884.73,nan,nan,nan,nan,290880.0,243287489.64993143,4583.0,40872.22,2106633.0,29.748494,28.017325,1027.0,2.0,1511.0,2147170.0
matmult_ampm_epoch64k_l2_ddr4_2x,matmult,ampm,stage1,epoch64k,l2,ddr4_2x,0.001204,1203809652.0,7397871.0,7415194.0,3615044.0,2.046415,1159938.0,2139353.0,1968.0,1078115.0,19239610340.0,16586.757516,104824974.0,53264.722561,nan,nan,nan,nan,nan,nan,nan,nan,nan,nan,nan,nan,nan,nan,nan,nan,55115.0,3469.0,82.0,0.062941,0.834095,50172.0,46207.0,3964.0,1.0,56541.0,376.0,0.0,1.0,1038.0,6540.0,4111.0,911002.0,497818.0,1.82999,3124.0,200.0,15.62,82039.0,1077899.0,0.503843,16341.820664,1278.0,690.0,0.00064,68709.826087,nan,nan,nan,nan,nan,nan,nan,nan,nan,nan,nan,nan,nan,nan,nan,nan,nan,nan,nan,nan,nan,nan,nan,2106632.0,29.997872,27.471882,1099.0,2.0,1372.0,2150393.0
matmult_ampm_hz128_l1d_ddr4_1x,matmult,ampm,stage1,hz128,l1d,ddr4_1x,0.001279,1278722997.0,7397871.0,7415194.0,3840009.0,1.926527,1160801.0,2139264.0,5458.0,1078368.0,19237908772.0,16572.960199,354526119.0,64955.316783,0.0,0.0,nan,nan,0.0,0.0,0.0,0.0,0.0,0.0,0.0,0.0,0.0,0.0,0.0,0.0,nan,nan,nan,nan,nan,nan,nan,nan,nan,nan,nan,nan,nan,nan,nan,nan,819904.0,452528.0,1.81183,0.0,0.0,nan,82650.0,1078151.0,0.503982,16064.206301,nan,5458.0,0.005061,64622.255771,1.17,57.82,0.0,0.0,273272632.79054016,212612114.3029697,273222583.0,212612114.0,485834697.0,19207.0,262.862247,212.612114,21842.04,3332.0,39334.04,nan,nan,nan,nan,nan,nan,nan,nan,2106632.0,29.696716,31.108869,2376.0,2.0,1734.0,2148762.0
matmult_ampm_hz128_l1d_ddr4_2x,matmult,ampm,stage1,hz128,l1d,ddr4_2x,0.001298,1298170863.0,7397876.0,7415199.0,3898411.0,1.897667,1162087.0,2138105.0,5345.0,1077739.0,19231107310.0,16548.76727,340187139.0,63645.863237,0.0,0.0,nan,nan,0.0,0.0,0.0,0.0,0.0,0.0,0.0,0.0,0.0,0.0,0.0,0.0,nan,nan,nan,nan,nan,nan,nan,nan,nan,nan,nan,nan,nan,nan,nan,nan,828826.0,466477.0,1.776778,0.0,0.0,nan,84564.0,1077523.0,0.503962,16036.54051,nan,5345.0,0.004959,63312.863237,nan,nan,nan,nan,nan,nan,nan,nan,nan,nan,nan,nan,nan,nan,nan,nan,nan,nan,nan,nan,nan,nan,nan,2106632.0,29.924357,31.931987,2044.0,2.0,1606.0,2156276.0
matmult_ampm_hz128_l2_ddr4_1x,matmult,ampm,stage1,hz128,l2,ddr4_1x,0.001279,1278722997.0,7397871.0,7415194.0,3840009.0,1.926527,1160801.0,2139264.0,5458.0,1078368.0,19237908772.0,16572.960199,354526119.0,64955.316783,nan,nan,nan,nan,nan,nan,nan,nan,nan,nan,nan,nan,nan,nan,nan,nan,0.0,0.0,nan,nan,0.0,0.0,0.0,0.0,0.0,0.0,0.0,0.0,0.0,0.0,0.0,0.0,819904.0,452528.0,1.81183,0.0,0.0,nan,82650.0,1078151.0,0.503982,16064.206301,nan,5458.0,0.005061,64622.255771,1.17,57.82,0.0,0.0,273272632.79054016,212612114.3029697,273222583.0,212612114.0,485834697.0,19207.0,262.862247,212.612114,21842.04,3332.0,39334.04,nan,nan,nan,nan,nan,nan,nan,nan,2106632.0,29.696716,31.108869,2376.0,2.0,1734.0,2148762.0
matmult_ampm_hz128_l2_ddr4_2x,matmult,ampm,stage1,hz128,l2,ddr4_2x,0.001298,1298170863.0,7397876.0,7415199.0,3898411.0,1.897667,1162087.0,2138105.0,5345.0,1077739.0,19231107310.0,16548.76727,340187139.0,63645.863237,nan,nan,nan,nan,nan,nan,nan,nan,nan,nan,nan,nan,nan,nan,nan,nan,0.0,0.0,nan,nan,0.0,0.0,0.0,0.0,0.0,0.0,0.0,0.0,0.0,0.0,0.0,0.0,828826.0,466477.0,1.776778,0.0,0.0,nan,84564.0,1077523.0,0.503962,16036.54051,nan,5345.0,0.004959,63312.863237,nan,nan,nan,nan,nan,nan,nan,nan,nan,nan,nan,nan,nan,nan,nan,nan,nan,nan,nan,nan,nan,nan,nan,2106632.0,29.924357,31.931987,2044.0,2.0,1606.0,2156276.0
matmult_ampm_hz1k_l1d_ddr4_1x,matmult,ampm,stage1,hz1k,l1d,ddr4_1x,0.001258,1258322085.0,7397876.0,7415199.0,3778745.0,1.957762,1162136.0,2139381.0,5492.0,1080561.0,18993135451.0,16343.298419,412375677.0,75086.612709,7816.0,22.0,1858.0,0.002815,2e-05,5107.0,2247.0,2860.0,0.0,70742.0,36539.0,0.0,2423.0,0.0,1984.0,0.0,nan,nan,nan,nan,nan,nan,nan,nan,nan,nan,nan,nan,nan,nan,nan,nan,833259.0,467944.0,1.780681,0.0,0.0,nan,84501.0,1077635.0,0.503713,16020.502735,nan,5492.0,0.005083,74753.552076,1.25,58.07,0.0,0.0,279432431.6416969,216618625.1113919,279381570.0,216618625.0,496000195.0,19207.0,267.022254,216.669486,32698.83,3332.0,50190.83,94976.0,75478290.59997784,1484.0,65826.33,nan,nan,nan,nan,2106632.0,29.445303,31.617487,1397.0,2.0,1740.0,2148276.0
matmult_ampm_hz1k_l1d_ddr4_2x,matmult,ampm,stage1,hz1k,l1d,ddr4_2x,0.001274,1273684707.0,7397876.0,7415199.0,3824879.0,1.934149,1158373.0,2139232.0,5371.0,1080212.0,19067872484.0,16460.908951,339996258.0,63302.226401,7701.0,405.0,1808.0,0.052591,0.000376,4987.0,2292.0,2695.0,0.0,48772.0,18512.0,0.0,2094.0,0.0,2024.0,0.0,nan,nan,nan,nan,nan,nan,nan,nan,nan,nan,nan,nan,nan,nan,nan,nan,887844.0,490185.0,1.811243,0.0,0.0,nan,81091.0,1077282.0,0.503584,16202.227496,nan,5371.0,0.004972,62969.164401,nan,nan,nan,nan,nan,nan,nan,nan,nan,nan,nan,nan,nan,nan,nan,nan,nan,nan,nan,nan,nan,nan,nan,2106632.0,29.639824,29.05342,1024.0,2.0,1663.0,2151355.0
matmult_ampm_hz1k_l2_ddr4_1x,matmult,ampm,stage1,hz1k,l2,ddr4_1x,0.001188,1187601543.0,7397876.0,7415199.0,3566371.0,2.074345,1159354.0,2138414.0,1169.0,1077904.0,18960718042.0,16354.554383,68907271.0,58945.484175,nan,nan,nan,nan,nan,nan,nan,nan,nan,nan,nan,nan,nan,nan,nan,nan,27761.0,4324.0,42.0,0.155758,0.862557,22840.0,15923.0,6916.0,1.0,28667.0,1.0,0.0,0.0,905.0,1761.0,1694.0,885729.0,497378.0,1.780796,3654.0,194.0,18.835052,81675.0,1077679.0,0.503962,16235.353492,480.0,689.0,0.000639,77717.918723,1.77,59.21,0.0,6.0,302161951.6370063,231889223.8084605,301946391.0,231889224.0,533835615.0,19207.0,290.144453,232.212565,29122.36,3332.0,46614.36,nan,nan,nan,nan,308416.0,259696530.2191427,4918.0,43693.91,2106632.0,29.587036,26.187962,548.0,2.0,894.0,2147576.0
matmult_ampm_hz1k_l2_ddr4_2x,matmult,ampm,stage1,hz1k,l2,ddr4_2x,0.001197,1197357111.0,7397871.0,7415194.0,3595667.0,2.057443,1158328.0,2138088.0,923.0,1077094.0,19023445621.0,16423.194139,61484057.0,66613.279523,nan,nan,nan,nan,nan,nan,nan,nan,nan,nan,nan,nan,nan,nan,nan,nan,27784.0,4517.0,44.0,0.162576,0.870663,22898.0,16589.0,6308.0,1.0,28541.0,1.0,0.0,0.0,756.0,1727.0,1659.0,924877.0,512991.0,1.802911,2957.0,163.0,18.141104,81458.0,1076870.0,0.50366,16356.168011,252.0,671.0,0.000623,75147.731744,nan,nan,nan,nan,nan,nan,nan,nan,nan,nan,nan,nan,nan,nan,nan,nan,nan,nan,nan,nan,nan,nan,nan,2106632.0,29.787991,26.423673,289.0,2.0,1381.0,2152744.0
matmult_ampm_hz256_l1d_ddr4_1x,matmult,ampm,stage1,hz256,l1d,ddr4_1x,0.001262,1262105964.0,7397871.0,7415194.0,3790108.0,1.951892,1160576.0,2139173.0,5466.0,1079477.0,18881680696.0,16269.232429,346764332.0,63440.23637,8564.0,77.0,1434.0,0.008991,7.2e-05,5740.0,1169.0,4571.0,0.0,28565.0,1.0,0.0,1986.0,0.0,512.0,0.0,nan,nan,nan,nan,nan,nan,nan,nan,nan,nan,nan,nan,nan,nan,nan,nan,790392.0,447017.0,1.768148,0.0,0.0,nan,84140.0,1076436.0,0.503202,15793.968174,nan,5466.0,0.005064,63107.297292,1.16,57.44,0.0,0.0,277174825.2351971,215056427.70261088,277124116.0,215056428.0,492180544.0,19207.0,265.055399,214.650757,20535.82,3332.0,38027.82,93632.0,74187114.76748873,1463.0,38408.84,nan,nan,nan,nan,2106632.0,29.300238,29.881094,1883.0,2.0,1337.0,2150872.0
matmult_ampm_hz256_l1d_ddr4_2x,matmult,ampm,stage1,hz256,l1d,ddr4_2x,0.001283,1282941108.0,7397876.0,7415199.0,3852676.0,1.920194,1159721.0,2137712.0,5350.0,1078933.0,18997768958.0,16381.327024,342713931.0,64058.678692,8330.0,82.0,1375.0,0.009844,7.6e-05,5569.0,1409.0,4160.0,0.0,27981.0,1.0,0.0,1243.0,0.0,512.0,0.0,nan,nan,nan,nan,nan,nan,nan,nan,nan,nan,nan,nan,nan,nan,nan,nan,823602.0,461428.0,1.784898,0.0,0.0,nan,83765.0,1075956.0,0.503321,15930.739753,nan,5350.0,0.004959,63725.740935,nan,nan,nan,nan,nan,nan,nan,nan,nan,nan,nan,nan,nan,nan,nan,nan,nan,nan,nan,nan,nan,nan,nan,2106632.0,29.611362,30.06197,1875.0,2.0,1267.0,2157460.0
matmult_ampm_hz256_l2_ddr4_1x,matmult,ampm,stage1,hz256,l2,ddr4_1x,0.001204,1203777351.0,7397885.0,7415209.0,3614947.0,2.046474,1160905.0,2139143.0,2572.0,1078110.0,19316670964.0,16639.321016,140783999.0,54737.169129,nan,nan,nan,nan,nan,nan,nan,nan,nan,nan,nan,nan,nan,nan,nan,nan,5241.0,2935.0,22.0,0.560008,0.82052,316.0,311.0,4.0,1.0,5322.0,0.0,0.0,0.0,81.0,85.0,45.0,885378.0,494764.0,1.789496,3060.0,165.0,18.545455,83015.0,1077890.0,0.503889,16246.030221,1930.0,642.0,0.000595,66368.02648,1.23,57.8,0.0,0.0,295868666.8295689,228985866.67294756,295815501.0,228985867.0,524801368.0,19207.0,281.088525,228.294709,25161.91,3332.0,42653.91,nan,nan,nan,nan,306496.0,254611868.0048168,4922.0,40408.71,2106633.0,29.999579,29.871616,1566.0,2.0,1587.0,2147569.0
matmult_ampm_hz256_l2_ddr4_2x,matmult,ampm,stage1,hz256,l2,ddr4_2x,0.001208,1208395395.0,7397876.0,7415199.0,3628815.0,2.03865,1159455.0,2138974.0,2453.0,1077955.0,19344740419.0,16684.339124,112060730.0,45683.134937,nan,nan,nan,nan,nan,nan,nan,nan,nan,nan,nan,nan,nan,nan,nan,nan,5163.0,2975.0,22.0,0.576215,0.827999,294.0,287.0,4.0,3.0,5235.0,0.0,0.0,0.0,72.0,83.0,40.0,919608.0,510875.0,1.800065,2119.0,187.0,11.331551,81719.0,1077736.0,0.503857,16388.023662,1835.0,618.0,0.000573,58840.080906,nan,nan,nan,nan,nan,nan,nan,nan,nan,nan,nan,nan,nan,nan,nan,nan,nan,nan,nan,nan,nan,nan,nan,2106632.0,30.139401,27.303368,1152.0,2.0,1243.0,2152027.0
matmult_ampm_hz2k_l1d_ddr4_2x,matmult,ampm,stage1,hz2k,l1d,ddr4_2x,0.001272,1271582811.0,7397876.0,7415199.0,3818567.0,1.937346,1157978.0,2139157.0,5361.0,1080090.0,18990667848.0,16399.852025,336019578.0,62678.526021,7509.0,511.0,1754.0,0.068052,0.000474,4707.0,1642.0,3065.0,0.0,42716.0,14838.0,0.0,1815.0,0.0,1492.0,2.0,nan,nan,nan,nan,nan,nan,nan,nan,nan,nan,nan,nan,nan,nan,nan,nan,869862.0,481183.0,1.807757,0.0,0.0,nan,80906.0,1077072.0,0.503503,16142.250629,nan,5361.0,0.004963,62345.463906,nan,nan,nan,nan,nan,nan,nan,nan,nan,nan,nan,nan,nan,nan,nan,nan,nan,nan,nan,nan,nan,nan,nan,2106632.0,29.503839,28.547502,1189.0,2.0,1305.0,2151202.0
matmult_ampm_hz2k_l2_ddr4_1x,matmult,ampm,stage1,hz2k,l2,ddr4_1x,0.00119,1190009466.0,7397876.0,7415199.0,3573602.0,2.070148,1159689.0,2138746.0,929.0,1077920.0,18944793159.0,16336.098005,74346822.0,80028.871905,nan,nan,nan,nan,nan,nan,nan,nan,nan,nan,nan,nan,nan,nan,nan,nan,52945.0,4568.0,46.0,0.086278,0.863843,48027.0,40649.0,7375.0,3.0,54138.0,357.0,0.0,0.0,831.0,7216.0,7064.0,889350.0,498973.0,1.782361,3791.0,182.0,20.82967,81994.0,1077695.0,0.503891,16234.091734,209.0,720.0,0.000668,87127.0125,1.81,58.4,0.0,9.0,303002631.74545205,231904037.64401653,302841288.0,231904038.0,534745326.0,19207.0,290.955669,232.119162,39823.02,3332.0,57315.02,nan,nan,nan,nan,307968.0,258794580.04244146,4914.0,54067.66,2106632.0,29.544229,26.956948,652.0,2.0,1558.0,2147595.0
matmult_ampm_hz2k_l2_ddr4_2x,matmult,ampm,stage1,hz2k,l2,ddr4_2x,0.001196,1196210925.0,7397876.0,7415199.0,3592225.0,2.059416,1158542.0,2139184.0,871.0,1077837.0,19101862442.0,16487.846312,57451443.0,65960.324914,nan,nan,nan,nan,nan,nan,nan,nan,nan,nan,nan,nan,nan,nan,nan,nan,52152.0,4567.0,46.0,0.087571,0.878945,47203.0,40599.0,6602.0,2.0,53176.0,332.0,0.0,0.0,690.0,6987.0,6880.0,926421.0,510073.0,1.816252,2498.0,134.0,18.641791,80929.0,1077613.0,0.50375,16399.806939,242.0,629.0,0.000584,71785.511924,nan,nan,nan,nan,nan,nan,nan,nan,nan,nan,nan,nan,nan,nan,nan,nan,nan,nan,nan,nan,nan,nan,nan,2106632.0,29.849209,26.539816,322.0,2.0,1036.0,2150957.0
matmult_ampm_hz4k_l2_ddr4_1x,matmult,ampm,stage1,hz4k,l2,ddr4_1x,0.001189,1189076400.0,7397871.0,7415194.0,3570800.0,2.071771,1159688.0,2138808.0,936.0,1078000.0,18950319949.0,16340.877847,69145364.0,73873.252137,nan,nan,nan,nan,nan,nan,nan,nan,nan,nan,nan,nan,nan,nan,nan,nan,85362.0,4560.0,52.0,0.05342,0.870561,80388.0,76397.0,3988.0,3.0,92843.0,6151.0,0.0,277.0,887.0,29280.0,29039.0,899101.0,501575.0,1.792555,3586.0,188.0,19.074468,81913.0,1077775.0,0.503914,16261.226638,258.0,678.0,0.000629,84292.091445,2.82,59.14,0.0,1.0,303617160.34394425,231924542.44319373,303455690.0,231924542.0,535380233.0,19207.0,291.506921,231.763073,48915.91,3332.0,66407.91,nan,nan,nan,nan,310656.0,261258233.7013837,4962.0,64445.23,2106632.0,29.567355,25.876594,583.0,2.0,1435.0,2147186.0
matmult_ampm_hz4k_l2_ddr4_2x,matmult,ampm,stage1,hz4k,l2,ddr4_2x,0.001197,1197093042.0,7397876.0,7415199.0,3594874.0,2.057898,1158531.0,2139185.0,879.0,1077843.0,19135317733.0,16516.880198,59344206.0,67513.317406,nan,nan,nan,nan,nan,nan,nan,nan,nan,nan,nan,nan,nan,nan,nan,nan,87112.0,4568.0,52.0,0.052438,0.879138,82136.0,76949.0,5184.0,3.0,90877.0,2735.0,0.0,165.0,770.0,28272.0,28062.0,937486.0,513510.0,1.825643,3240.0,151.0,21.456954,80912.0,1077619.0,0.503752,16448.369945,251.0,628.0,0.000583,73954.012739,nan,nan,nan,nan,nan,nan,nan,nan,nan,nan,nan,nan,nan,nan,nan,nan,nan,nan,nan,nan,nan,nan,nan,2106632.0,29.896471,26.200047,293.0,2.0,1314.0,2151117.0
matmult_ampm_hz512_l1d_ddr4_1x,matmult,ampm,stage1,hz512,l1d,ddr4_1x,0.001262,1262016054.0,7397871.0,7415194.0,3789838.0,1.952031,1160848.0,2139122.0,5491.0,1079937.0,18917644281.0,16296.400804,386856088.0,70452.756875,10383.0,79.0,1679.0,0.007609,7.3e-05,7524.0,1723.0,5801.0,0.0,53346.0,18642.0,0.0,2177.0,0.0,1744.0,0.0,nan,nan,nan,nan,nan,nan,nan,nan,nan,nan,nan,nan,nan,nan,nan,nan,818144.0,461302.0,1.773554,0.0,0.0,nan,83987.0,1076861.0,0.503413,15945.44779,nan,5491.0,0.005085,70119.69623,1.3,57.87,0.0,0.0,278563809.77543414,216035286.66363543,278513097.0,216035287.0,494548384.0,19207.0,265.530695,216.035287,28025.3,3332.0,45517.3,96832.0,76728025.52161512,1513.0,52951.04,nan,nan,nan,nan,2106632.0,29.335038,29.83797,1461.0,2.0,1531.0,2149293.0
matmult_ampm_hz512_l1d_ddr4_2x,matmult,ampm,stage1,hz512,l1d,ddr4_2x,0.001276,1275914808.0,7397871.0,7415194.0,3831576.0,1.930767,1158620.0,2138429.0,5365.0,1079757.0,19040814338.0,16434.045967,336865017.0,62789.378751,9288.0,411.0,1624.0,0.044251,0.000382,6598.0,2048.0,4550.0,0.0,43822.0,12808.0,0.0,1569.0,0.0,1730.0,6.0,nan,nan,nan,nan,nan,nan,nan,nan,nan,nan,nan,nan,nan,nan,nan,nan,870099.0,481926.0,1.805462,0.0,0.0,nan,81770.0,1076850.0,0.503571,16152.248369,nan,5365.0,0.004969,62456.316682,nan,nan,nan,nan,nan,nan,nan,nan,nan,nan,nan,nan,nan,nan,nan,nan,nan,nan,nan,nan,nan,nan,nan,2106632.0,29.653117,28.855704,980.0,2.0,1311.0,2151950.0
matmult_ampm_hz512_l2_ddr4_1x,matmult,ampm,stage1,hz512,l2,ddr4_1x,0.001196,1195562241.0,7397871.0,7415194.0,3590277.0,2.060532,1159676.0,2138824.0,2235.0,1077835.0,19133136996.0,16498.691873,103327822.0,46231.687696,nan,nan,nan,nan,nan,nan,nan,nan,nan,nan,nan,nan,nan,nan,nan,nan,13518.0,3255.0,39.0,0.24079,0.830145,8593.0,5183.0,3406.0,4.0,14082.0,1.0,0.0,0.0,563.0,470.0,251.0,911432.0,502940.0,1.812208,2736.0,161.0,16.993789,82065.0,1077611.0,0.503833,16299.571209,1569.0,666.0,0.000618,85444.37988,1.27,57.7,0.0,0.0,299132899.7651073,229809867.33922789,298972306.0,229809867.0,528782173.0,19207.0,285.803606,230.34518,27731.12,3332.0,45223.12,nan,nan,nan,nan,307200.0,256950236.01870346,4922.0,40898.22,2106632.0,29.794656,27.282839,782.0,2.0,1756.0,2147894.0
matmult_ampm_hz512_l2_ddr4_2x,matmult,ampm,stage1,hz512,l2,ddr4_2x,0.001205,1205470989.0,7397876.0,7415199.0,3620033.0,2.043596,1157824.0,2138943.0,2062.0,1077452.0,19073979610.0,16473.988801,94583924.0,45869.992241,nan,nan,nan,nan,nan,nan,nan,nan,nan,nan,nan,nan,nan,nan,nan,nan,13791.0,3365.0,39.0,0.244,0.831891,8943.0,5527.0,3415.0,1.0,14476.0,1.0,0.0,0.0,684.0,465.0,244.0,893044.0,499173.0,1.789047,2232.0,177.0,12.610169,80595.0,1077229.0,0.503627,16234.053914,1382.0,680.0,0.000631,64400.636765,nan,nan,nan,nan,nan,nan,nan,nan,nan,nan,nan,nan,nan,nan,nan,nan,nan,nan,nan,nan,nan,nan,nan,2106632.0,29.876843,28.468424,789.0,2.0,1430.0,2155581.0
matmult_ampm_hz64_l1d_ddr4_1x,matmult,ampm,stage1,hz64,l1d,ddr4_1x,0.001279,1278722997.0,7397871.0,7415194.0,3840009.0,1.926527,1160801.0,2139264.0,5458.0,1078368.0,19237908772.0,16572.960199,354526119.0,64955.316783,0.0,0.0,nan,nan,0.0,0.0,0.0,0.0,0.0,0.0,0.0,0.0,0.0,0.0,0.0,0.0,nan,nan,nan,nan,nan,nan,nan,nan,nan,nan,nan,nan,nan,nan,nan,nan,819904.0,452528.0,1.81183,0.0,0.0,nan,82650.0,1078151.0,0.503982,16064.206301,nan,5458.0,0.005061,64622.255771,1.17,57.82,0.0,0.0,273272632.79054016,212612114.3029697,273222583.0,212612114.0,485834697.0,19207.0,262.862247,212.612114,21842.04,3332.0,39334.04,nan,nan,nan,nan,nan,nan,nan,nan,2106632.0,29.696716,31.108869,2376.0,2.0,1734.0,2148762.0
matmult_ampm_hz64_l1d_ddr4_2x,matmult,ampm,stage1,hz64,l1d,ddr4_2x,0.001298,1298170863.0,7397876.0,7415199.0,3898411.0,1.897667,1162087.0,2138105.0,5345.0,1077739.0,19231107310.0,16548.76727,340187139.0,63645.863237,0.0,0.0,nan,nan,0.0,0.0,0.0,0.0,0.0,0.0,0.0,0.0,0.0,0.0,0.0,0.0,nan,nan,nan,nan,nan,nan,nan,nan,nan,nan,nan,nan,nan,nan,nan,nan,828826.0,466477.0,1.776778,0.0,0.0,nan,84564.0,1077523.0,0.503962,16036.54051,nan,5345.0,0.004959,63312.863237,nan,nan,nan,nan,nan,nan,nan,nan,nan,nan,nan,nan,nan,nan,nan,nan,nan,nan,nan,nan,nan,nan,nan,2106632.0,29.924357,31.931987,2044.0,2.0,1606.0,2156276.0
matmult_ampm_hz64_l2_ddr4_1x,matmult,ampm,stage1,hz64,l2,ddr4_1x,0.001279,1278722997.0,7397871.0,7415194.0,3840009.0,1.926527,1160801.0,2139264.0,5458.0,1078368.0,19237908772.0,16572.960199,354526119.0,64955.316783,nan,nan,nan,nan,nan,nan,nan,nan,nan,nan,nan,nan,nan,nan,nan,nan,0.0,0.0,nan,nan,0.0,0.0,0.0,0.0,0.0,0.0,0.0,0.0,0.0,0.0,0.0,0.0,819904.0,452528.0,1.81183,0.0,0.0,nan,82650.0,1078151.0,0.503982,16064.206301,nan,5458.0,0.005061,64622.255771,1.17,57.82,0.0,0.0,273272632.79054016,212612114.3029697,273222583.0,212612114.0,485834697.0,19207.0,262.862247,212.612114,21842.04,3332.0,39334.04,nan,nan,nan,nan,nan,nan,nan,nan,2106632.0,29.696716,31.108869,2376.0,2.0,1734.0,2148762.0
matmult_ampm_hz64_l2_ddr4_2x,matmult,ampm,stage1,hz64,l2,ddr4_2x,0.001298,1298170863.0,7397876.0,7415199.0,3898411.0,1.897667,1162087.0,2138105.0,5345.0,1077739.0,19231107310.0,16548.76727,340187139.0,63645.863237,nan,nan,nan,nan,nan,nan,nan,nan,nan,nan,nan,nan,nan,nan,nan,nan,0.0,0.0,nan,nan,0.0,0.0,0.0,0.0,0.0,0.0,0.0,0.0,0.0,0.0,0.0,0.0,828826.0,466477.0,1.776778,0.0,0.0,nan,84564.0,1077523.0,0.503962,16036.54051,nan,5345.0,0.004959,63312.863237,nan,nan,nan,nan,nan,nan,nan,nan,nan,nan,nan,nan,nan,nan,nan,nan,nan,nan,nan,nan,nan,nan,nan,2106632.0,29.924357,31.931987,2044.0,2.0,1606.0,2156276.0
matmult_ampm_hz8k_l2_ddr4_1x,matmult,ampm,stage1,hz8k,l2,ddr4_1x,0.001231,1230591843.0,7397876.0,7415199.0,3695471.0,2.001879,1160490.0,2138973.0,2709.0,1078207.0,19076993095.0,16438.739752,192678041.0,71125.153562,nan,nan,nan,nan,nan,nan,nan,nan,nan,nan,nan,nan,nan,nan,nan,nan,91360.0,2793.0,60.0,0.030571,0.526882,88206.0,86121.0,2084.0,1.0,123550.0,365.0,0.0,106.0,31637.0,118999.0,89198.0,830200.0,469569.0,1.768004,9123.0,230.0,39.665217,82506.0,1077984.0,0.503973,16058.326248,201.0,2508.0,0.002326,73161.578549,1.72,57.85,0.0,0.0,293894358.27749103,223944276.54271394,293790343.0,223944277.0,517734620.0,19207.0,282.140664,223.944277,54697.95,3332.0,72189.95,nan,nan,nan,nan,194304.0,157894756.986456,3143.0,87504.98,2106632.0,29.627511,30.661145,2274.0,2.0,1614.0,2147809.0
matmult_ampm_hz8k_l2_ddr4_2x,matmult,ampm,stage1,hz8k,l2,ddr4_2x,0.001232,1232232201.0,7397876.0,7415199.0,3700397.0,1.999214,1158960.0,2138751.0,2624.0,1077808.0,19172707026.0,16543.027392,167446665.0,63813.515625,nan,nan,nan,nan,nan,nan,nan,nan,nan,nan,nan,nan,nan,nan,nan,nan,89985.0,2830.0,62.0,0.03145,0.539767,86782.0,84926.0,1852.0,4.0,121234.0,343.0,0.0,107.0,30712.0,115244.0,86116.0,879159.0,488617.0,1.79928,5878.0,179.0,32.837989,81376.0,1077584.0,0.503838,16218.491211,211.0,2413.0,0.002239,64385.037712,nan,nan,nan,nan,nan,nan,nan,nan,nan,nan,nan,nan,nan,nan,nan,nan,nan,nan,nan,nan,nan,nan,nan,2106632.0,29.816204,29.300282,1366.0,2.0,1487.0,2150307.0
matmult_ampm_ls16_l1d_ddr4_1x,matmult,ampm,stage1,ls16,l1d,ddr4_1x,0.001275,1275179211.0,7397876.0,7415199.0,3829367.0,1.931882,1152631.0,2135928.0,5367.0,1099129.0,19637086022.0,17036.749855,356935809.0,66505.647289,118010.0,7073.0,22623.0,0.059936,0.006611,81920.0,78150.0,3687.0,83.0,2661468.0,784013.0,0.0,377317.0,1363011.0,546639.0,3353.0,nan,nan,nan,nan,nan,nan,nan,nan,nan,nan,nan,nan,nan,nan,nan,nan,993144.0,532259.0,1.865904,0.0,0.0,nan,89807.0,1062824.0,0.497594,16677.618323,nan,5367.0,0.004883,66172.33706,1.42,57.12,0.0,0.0,269665625.84590316,202412333.71236318,269615437.0,202412334.0,472027771.0,19207.0,264.596534,202.311956,22361.9,3332.0,39853.9,147136.0,115384566.13060327,2304.0,37527.34,nan,nan,nan,nan,2106632.0,30.623357,30.091253,1407.0,2.0,1501.0,2145663.0
matmult_ampm_ls16_l1d_ddr4_2x,matmult,ampm,stage1,ls16,l1d,ddr4_2x,0.00129,1289679696.0,7397876.0,7415199.0,3872912.0,1.910161,1150911.0,2135031.0,5305.0,1099324.0,19798281882.0,17202.270099,352091044.0,66369.659566,107381.0,8330.0,23171.0,0.077574,0.007785,69938.0,66583.0,3287.0,68.0,2704233.0,779964.0,0.0,367831.0,1432321.0,521181.0,3539.0,nan,nan,nan,nan,nan,nan,nan,nan,nan,nan,nan,nan,nan,nan,nan,nan,1021380.0,535667.0,1.906744,0.0,0.0,nan,89245.0,1061666.0,0.49726,16850.503278,nan,5305.0,0.004826,66036.345712,nan,nan,nan,nan,nan,nan,nan,nan,nan,nan,nan,nan,nan,nan,nan,nan,nan,nan,nan,nan,nan,nan,nan,2106632.0,30.887781,30.82452,1567.0,2.0,1675.0,2145273.0
matmult_ampm_ls16_l2_ddr4_1x,matmult,ampm,stage1,ls16,l2,ddr4_1x,0.001192,1191903570.0,7397876.0,7415199.0,3579290.0,2.066858,1160385.0,2139051.0,2053.0,1077944.0,19127863018.0,16484.06608,113470965.0,55270.806137,nan,nan,nan,nan,nan,nan,nan,nan,nan,nan,nan,nan,nan,nan,nan,nan,55586.0,3456.0,78.0,0.062174,0.834783,50566.0,46676.0,3889.0,1.0,56864.0,238.0,0.0,143.0,865.0,7233.0,4448.0,892875.0,498888.0,1.78973,4432.0,216.0,20.518519,82663.0,1077722.0,0.503832,16229.082462,1369.0,684.0,0.000635,78390.657895,1.39,56.89,0.0,0.0,305205898.4939529,231213335.48820567,305044812.0,231213335.0,536258147.0,19207.0,291.352429,231.267031,27551.46,3332.0,45043.46,nan,nan,nan,nan,313024.0,262625272.613287,4999.0,41588.88,2106632.0,29.729591,27.814706,925.0,2.0,1518.0,2148042.0
matmult_ampm_ls16_l2_ddr4_2x,matmult,ampm,stage1,ls16,l2,ddr4_2x,0.001205,1205323803.0,7397871.0,7415194.0,3619591.0,2.043844,1160025.0,2139193.0,2073.0,1077995.0,19241780528.0,16587.384348,109450316.0,52798.029908,nan,nan,nan,nan,nan,nan,nan,nan,nan,nan,nan,nan,nan,nan,nan,nan,54259.0,3349.0,81.0,0.061722,0.820632,49374.0,45728.0,3644.0,2.0,55710.0,268.0,0.0,131.0,1026.0,7168.0,4479.0,915927.0,506723.0,1.80755,4357.0,233.0,18.699571,82251.0,1077774.0,0.503823,16336.342913,1341.0,732.0,0.000679,70164.113388,nan,nan,nan,nan,nan,nan,nan,nan,nan,nan,nan,nan,nan,nan,nan,nan,nan,nan,nan,nan,nan,nan,nan,2106632.0,30.024495,27.521504,915.0,2.0,1454.0,2150700.0
matmult_ampm_ls2_l1d_ddr4_1x,matmult,ampm,stage1,ls2,l1d,ddr4_1x,0.001312,1312008678.0,7397871.0,7415194.0,3939966.0,1.877651,1152755.0,2135026.0,5382.0,1133149.0,19500856001.0,16916.739464,369390807.0,68634.486622,98726.0,13724.0,55951.0,0.139011,0.01275,28432.0,26998.0,1155.0,279.0,1856871.0,129972.0,0.0,5537.0,1612124.0,45476.0,483.0,nan,nan,nan,nan,nan,nan,nan,nan,nan,nan,nan,nan,nan,nan,nan,nan,941382.0,509684.0,1.846991,0.0,0.0,nan,90115.0,1062640.0,0.497718,16481.854745,nan,5382.0,0.00475,68301.301003,1.21,57.95,0.0,0.0,262729969.53454602,202047444.0794819,262681189.0,202047444.0,464728633.0,19207.0,255.949527,202.340125,24915.09,3332.0,42407.09,68672.0,52341117.21325063,1086.0,55263.89,nan,nan,nan,nan,2106632.0,30.511767,30.971805,1792.0,2.0,1524.0,2145152.0
matmult_ampm_ls2_l1d_ddr4_2x,matmult,ampm,stage1,ls2,l1d,ddr4_2x,0.001338,1338348645.0,7397876.0,7415199.0,4019065.0,1.840698,1152637.0,2136783.0,5294.0,1134556.0,19668487679.0,17063.904489,354588075.0,66979.235927,102163.0,14976.0,56337.0,0.146589,0.013901,30199.0,28533.0,1416.0,250.0,1858835.0,131267.0,0.0,5576.0,1609510.0,45071.0,407.0,nan,nan,nan,nan,nan,nan,nan,nan,nan,nan,nan,nan,nan,nan,nan,nan,1001713.0,541695.0,1.84922,0.0,0.0,nan,90260.0,1062377.0,0.497185,16631.642581,nan,5294.0,0.004666,66645.984322,nan,nan,nan,nan,nan,nan,nan,nan,nan,nan,nan,nan,nan,nan,nan,nan,nan,nan,nan,nan,nan,nan,nan,2106632.0,30.875113,32.255166,1637.0,2.0,1575.0,2152848.0
matmult_ampm_ls2_l2_ddr4_1x,matmult,ampm,stage1,ls2,l2,ddr4_1x,0.001199,1199412054.0,7397871.0,7415194.0,3601838.0,2.053918,1160395.0,2138798.0,2489.0,1078031.0,19264282699.0,16601.487165,132201904.0,53114.465247,nan,nan,nan,nan,nan,nan,nan,nan,nan,nan,nan,nan,nan,nan,nan,nan,12773.0,3008.0,43.0,0.235497,0.828194,7837.0,5700.0,2135.0,2.0,13100.0,0.0,0.0,7.0,318.0,250.0,74.0,878920.0,487022.0,1.804682,2771.0,185.0,14.978378,82585.0,1077810.0,0.503933,16249.909449,1865.0,624.0,0.000579,78198.280449,1.22,57.06,0.0,0.0,296305176.2026064,227524810.25174022,296198457.0,227524810.0,523723268.0,19207.0,282.858588,226.884497,25288.68,3332.0,42780.68,nan,nan,nan,nan,307584.0,256445646.82689106,4929.0,39282.34,2106632.0,29.940616,28.828684,1263.0,2.0,1708.0,2147045.0
matmult_ampm_ls2_l2_ddr4_2x,matmult,ampm,stage1,ls2,l2,ddr4_2x,0.001209,1208791332.0,7397876.0,7415199.0,3630004.0,2.037983,1159045.0,2138623.0,2474.0,1077649.0,19147585819.0,16520.140132,119601170.0,48343.237672,nan,nan,nan,nan,nan,nan,nan,nan,nan,nan,nan,nan,nan,nan,nan,nan,12923.0,2942.0,43.0,0.227656,0.812707,8121.0,5820.0,2301.0,0.0,13592.0,1.0,0.0,2.0,664.0,282.0,103.0,885771.0,497827.0,1.779275,3911.0,212.0,18.448113,81617.0,1077428.0,0.503795,16219.914154,1796.0,678.0,0.000629,69717.662242,nan,nan,nan,nan,nan,nan,nan,nan,nan,nan,nan,nan,nan,nan,nan,nan,nan,nan,nan,nan,nan,nan,nan,2106632.0,29.966199,27.505731,1195.0,2.0,1421.0,2152419.0
matmult_ampm_ls32_l1d_ddr4_1x,matmult,ampm,stage1,ls32,l1d,ddr4_1x,0.00128,1279542177.0,7397871.0,7415194.0,3842469.0,1.925293,1151139.0,2138331.0,5407.0,1105335.0,19336554515.0,16797.758146,365233142.0,67548.20455,149455.0,9837.0,27559.0,0.065819,0.009199,103881.0,99966.0,3869.0,46.0,3371098.0,1140688.0,0.0,372022.0,1670327.0,1037396.0,8821.0,nan,nan,nan,nan,nan,nan,nan,nan,nan,nan,nan,nan,nan,nan,nan,nan,928182.0,510162.0,1.819387,0.0,0.0,nan,91593.0,1059546.0,0.495501,16435.832158,nan,5407.0,0.004892,67214.896615,1.31,57.55,0.0,0.0,270746839.16417706,204273063.2082947,270696821.0,204273063.0,474969884.0,19207.0,265.244871,203.722866,23493.25,3332.0,40985.25,123840.0,96784617.36240211,1948.0,41050.17,nan,nan,nan,nan,2106632.0,30.155427,30.148396,1592.0,2.0,1521.0,2149762.0
matmult_ampm_ls32_l1d_ddr4_2x,matmult,ampm,stage1,ls32,l1d,ddr4_2x,0.001303,1302953742.0,7397871.0,7415194.0,3912774.0,1.8907,1148638.0,2137405.0,5332.0,1105488.0,19581879441.0,17047.91191,353076315.0,66218.363653,147868.0,9886.0,27785.0,0.066857,0.009252,101283.0,97500.0,3738.0,45.0,3443226.0,1142629.0,0.0,359564.0,1759169.0,1080947.0,8753.0,nan,nan,nan,nan,nan,nan,nan,nan,nan,nan,nan,nan,nan,nan,nan,nan,990579.0,527288.0,1.87863,0.0,0.0,nan,89950.0,1058688.0,0.495315,16720.900484,nan,5332.0,0.004823,65885.051388,nan,nan,nan,nan,nan,nan,nan,nan,nan,nan,nan,nan,nan,nan,nan,nan,nan,nan,nan,nan,nan,nan,nan,2106632.0,30.595136,30.594869,1468.0,2.0,1650.0,2147975.0
matmult_ampm_ls32_l2_ddr4_1x,matmult,ampm,stage1,ls32,l2,ddr4_1x,0.001192,1192321818.0,7397871.0,7415194.0,3580546.0,2.066132,1160146.0,2138454.0,2114.0,1077783.0,19124524683.0,16484.584426,121328429.0,57392.823557,nan,nan,nan,nan,nan,nan,nan,nan,nan,nan,nan,nan,nan,nan,nan,nan,67436.0,3393.0,81.0,0.050314,0.825347,62423.0,58591.0,3831.0,1.0,69060.0,491.0,0.0,134.0,917.0,17990.0,11370.0,874241.0,497210.0,1.758293,3775.0,230.0,16.413043,82587.0,1077559.0,0.503896,16195.640249,1396.0,718.0,0.000666,77677.87883,1.49,58.2,0.0,0.0,306279726.23411304,231293259.78667948,306065019.0,231293260.0,537358279.0,19207.0,292.914207,231.024876,31033.82,3332.0,48525.82,nan,nan,nan,nan,313024.0,262533147.7411579,4988.0,45512.83,2106632.0,29.754599,28.213974,1077.0,2.0,1610.0,2147768.0
matmult_ampm_ls32_l2_ddr4_2x,matmult,ampm,stage1,ls32,l2,ddr4_2x,0.001204,1204492302.0,7397871.0,7415194.0,3617094.0,2.045255,1159892.0,2138248.0,2136.0,1077637.0,19151521750.0,16511.469818,112611472.0,52720.726592,nan,nan,nan,nan,nan,nan,nan,nan,nan,nan,nan,nan,nan,nan,nan,nan,65967.0,3286.0,84.0,0.049813,0.821089,61033.0,57566.0,3464.0,3.0,67459.0,309.0,0.0,113.0,986.0,17720.0,11329.0,896524.0,502803.0,1.783052,4446.0,247.0,18.0,82468.0,1077424.0,0.503882,16231.020139,1420.0,716.0,0.000664,71045.544693,nan,nan,nan,nan,nan,nan,nan,nan,nan,nan,nan,nan,nan,nan,nan,nan,nan,nan,nan,nan,nan,nan,nan,2106632.0,29.939851,27.95988,1040.0,2.0,1530.0,2151499.0
matmult_ampm_ls4_l1d_ddr4_1x,matmult,ampm,stage1,ls4,l1d,ddr4_1x,0.001318,1318029651.0,7397871.0,7415194.0,3958047.0,1.869073,1150330.0,2136040.0,5394.0,1125553.0,19580913138.0,17021.996417,354195689.0,65664.755098,125188.0,12472.0,48431.0,0.099626,0.011589,63586.0,62543.0,960.0,83.0,3826694.0,212980.0,0.0,3963.0,3474891.0,153089.0,1913.0,nan,nan,nan,nan,nan,nan,nan,nan,nan,nan,nan,nan,nan,nan,nan,nan,968007.0,528778.0,1.830649,0.0,0.0,nan,86594.0,1063736.0,0.497994,16628.106991,nan,5394.0,0.004792,65331.446422,1.17,56.49,0.0,0.0,262209579.07721606,199813410.72273037,262161022.0,199813411.0,461974432.0,19207.0,256.528372,199.861968,21656.61,3332.0,39148.61,59328.0,45012644.40825542,938.0,46151.64,nan,nan,nan,nan,2106632.0,30.597635,30.065033,1788.0,2.0,1158.0,2145837.0
matmult_ampm_ls4_l1d_ddr4_2x,matmult,ampm,stage1,ls4,l1d,ddr4_2x,0.001331,1330641693.0,7397871.0,7415194.0,3995921.0,1.851358,1147277.0,2136755.0,5325.0,1125535.0,19443884741.0,16947.855436,348591535.0,65463.199061,122964.0,12790.0,48522.0,0.104014,0.011885,60966.0,59939.0,935.0,92.0,3797280.0,213684.0,0.0,3905.0,3447584.0,152328.0,1465.0,nan,nan,nan,nan,nan,nan,nan,nan,nan,nan,nan,nan,nan,nan,nan,nan,977379.0,531085.0,1.840344,0.0,0.0,nan,83954.0,1063323.0,0.497634,16572.426399,nan,5325.0,0.004731,65129.886385,nan,nan,nan,nan,nan,nan,nan,nan,nan,nan,nan,nan,nan,nan,nan,nan,nan,nan,nan,nan,nan,nan,nan,2106632.0,30.533498,30.05902,1319.0,2.0,1514.0,2148256.0
matmult_ampm_ls4_l2_ddr4_1x,matmult,ampm,stage1,ls4,l2,ddr4_1x,0.001195,1195201269.0,7397871.0,7415194.0,3589193.0,2.061154,1160029.0,2138491.0,2467.0,1077802.0,19176450794.0,16531.009823,131658739.0,53367.952574,nan,nan,nan,nan,nan,nan,nan,nan,nan,nan,nan,nan,nan,nan,nan,nan,20503.0,3041.0,62.0,0.14832,0.81115,15608.0,12650.0,2958.0,0.0,21368.0,4.0,0.0,3.0,856.0,616.0,225.0,883690.0,500094.0,1.767048,3752.0,226.0,16.60177,82451.0,1077578.0,0.503896,16216.654252,1759.0,708.0,0.000657,74818.509887,1.23,58.13,0.0,0.0,299490980.5437966,228861872.133772,299383886.0,228861872.0,528245758.0,19207.0,286.586041,228.647682,25741.01,3332.0,43233.01,nan,nan,nan,nan,305856.0,255903342.75322798,4885.0,40170.5,2106632.0,29.783889,28.538356,1306.0,2.0,1261.0,2146958.0
matmult_ampm_ls4_l2_ddr4_2x,matmult,ampm,stage1,ls4,l2,ddr4_2x,0.001207,1206702756.0,7397871.0,7415194.0,3623732.0,2.041509,1159887.0,2139066.0,2392.0,1077905.0,19275875677.0,16618.7531,118640450.0,49598.850334,nan,nan,nan,nan,nan,nan,nan,nan,nan,nan,nan,nan,nan,nan,nan,nan,20172.0,3030.0,62.0,0.150208,0.80628,15386.0,12290.0,3094.0,2.0,21117.0,4.0,0.0,2.0,937.0,618.0,225.0,915005.0,503426.0,1.817556,3909.0,245.0,15.955102,82205.0,1077682.0,0.50381,16340.123067,1664.0,728.0,0.000675,70841.462912,nan,nan,nan,nan,nan,nan,nan,nan,nan,nan,nan,nan,nan,nan,nan,nan,nan,nan,nan,nan,nan,nan,nan,2106632.0,30.081281,27.642896,1066.0,2.0,1241.0,2150956.0
matmult_ampm_ls8_l1d_ddr4_1x,matmult,ampm,stage1,ls8,l1d,ddr4_1x,0.001321,1320993684.0,7397871.0,7415194.0,3966948.0,1.864879,1153485.0,2137037.0,5396.0,1123826.0,19465714852.0,16875.568258,370137217.0,68594.739993,149441.0,7873.0,46602.0,0.052683,0.007314,94391.0,93431.0,943.0,17.0,7546925.0,564074.0,0.0,2509.0,6816238.0,574890.0,4604.0,nan,nan,nan,nan,nan,nan,nan,nan,nan,nan,nan,nan,nan,nan,nan,nan,937409.0,515907.0,1.817012,0.0,0.0,nan,84923.0,1068562.0,0.50002,16392.03041,nan,5396.0,0.004801,68261.431431,1.17,57.51,0.0,0.0,261718132.4842731,197233342.71445313,261669684.0,197233343.0,458903027.0,19207.0,256.388811,197.136446,24559.7,3332.0,42051.7,59008.0,44669403.582099184,945.0,54534.95,nan,nan,nan,nan,2106632.0,30.530481,30.620019,2198.0,2.0,1406.0,2151122.0
matmult_ampm_ls8_l1d_ddr4_2x,matmult,ampm,stage1,ls8,l1d,ddr4_2x,0.001343,1342733256.0,7397871.0,7415194.0,4032232.0,1.834686,1151267.0,2134014.0,5283.0,1120207.0,19843885822.0,17236.562693,338379424.0,64050.619724,156263.0,7700.0,44500.0,0.049276,0.007164,103428.0,102220.0,1177.0,31.0,7429711.0,537611.0,0.0,2418.0,6720675.0,563342.0,4288.0,nan,nan,nan,nan,nan,nan,nan,nan,nan,nan,nan,nan,nan,nan,nan,nan,1031025.0,540813.0,1.906435,0.0,0.0,nan,84110.0,1067157.0,0.50007,16857.057712,nan,5283.0,0.004716,63717.304562,nan,nan,nan,nan,nan,nan,nan,nan,nan,nan,nan,nan,nan,nan,nan,nan,nan,nan,nan,nan,nan,nan,nan,2106632.0,31.144191,29.95255,1269.0,2.0,1873.0,2148972.0
matmult_ampm_ls8_l2_ddr4_1x,matmult,ampm,stage1,ls8,l2,ddr4_1x,0.001191,1191398409.0,7397871.0,7415194.0,3577773.0,2.067733,1160279.0,2138413.0,2151.0,1078024.0,19034435833.0,16405.05071,119277796.0,55452.252906,nan,nan,nan,nan,nan,nan,nan,nan,nan,nan,nan,nan,nan,nan,nan,nan,33437.0,3351.0,71.0,0.100218,0.827612,28499.0,24685.0,3813.0,1.0,34333.0,7.0,0.0,3.0,884.0,1936.0,1038.0,859230.0,492519.0,1.744562,3849.0,233.0,16.519313,82479.0,1077800.0,0.504019,16137.628702,1453.0,698.0,0.000647,77325.929799,1.3,57.09,0.0,0.0,302058486.2976764,229968411.85138765,302165923.0,229968412.0,532134335.0,19207.0,289.166074,229.646102,25667.03,3332.0,43159.03,nan,nan,nan,nan,308544.0,258976340.46613872,4925.0,39791.02,2106632.0,29.615705,28.143797,1000.0,2.0,1751.0,2146972.0
matmult_ampm_ls8_l2_ddr4_2x,matmult,ampm,stage1,ls8,l2,ddr4_2x,0.001205,1204900893.0,7397871.0,7415194.0,3618321.0,2.044562,1160099.0,2139411.0,2101.0,1078229.0,19212772932.0,16561.321863,110677435.0,52678.455497,nan,nan,nan,nan,nan,nan,nan,nan,nan,nan,nan,nan,nan,nan,nan,nan,32901.0,3333.0,73.0,0.101304,0.824184,28045.0,24474.0,3571.0,0.0,33824.0,5.0,0.0,3.0,913.0,1906.0,1050.0,904146.0,499814.0,1.808965,3965.0,222.0,17.86036,82091.0,1078008.0,0.503881,16293.009309,1390.0,711.0,0.000659,66812.946554,nan,nan,nan,nan,nan,nan,nan,nan,nan,nan,nan,nan,nan,nan,nan,nan,nan,nan,nan,nan,nan,nan,nan,2106632.0,30.006971,28.034802,1132.0,2.0,1293.0,2150687.0
matmult_ampm_sd16_l1d_ddr4_1x,matmult,ampm,stage1,sd16,l1d,ddr4_1x,0.001338,1337559768.0,7397876.0,7415199.0,4016696.0,1.841784,1153747.0,2137667.0,5341.0,1117840.0,19689766873.0,17065.931156,360639716.0,67522.882606,159867.0,9008.0,40062.0,0.056347,0.008365,110063.0,108328.0,1712.0,23.0,9468100.0,2514882.0,0.0,2907.0,6768520.0,1193409.0,10996.0,nan,nan,nan,nan,nan,nan,nan,nan,nan,nan,nan,nan,nan,nan,nan,nan,980843.0,534330.0,1.83565,0.0,0.0,nan,85927.0,1067820.0,0.499526,16632.673735,nan,5341.0,0.004778,67189.570867,1.17,57.21,0.0,0.0,255845015.8168932,189527231.65339702,255797167.0,189527232.0,445324399.0,19207.0,251.586515,189.57508,23276.81,3332.0,40768.81,67968.0,50814925.52787368,1076.0,50306.89,nan,nan,nan,nan,2106632.0,30.836912,31.817134,1490.0,2.0,1535.0,2149243.0
matmult_ampm_sd16_l1d_ddr4_2x,matmult,ampm,stage1,sd16,l1d,ddr4_2x,0.001327,1326913758.0,7397871.0,7415194.0,3984726.0,1.856559,1150501.0,2136078.0,5310.0,1121235.0,19802420525.0,17211.997664,347315487.0,65407.812994,160855.0,8990.0,44520.0,0.055889,0.008357,106641.0,104761.0,1849.0,31.0,9027738.0,2009707.0,0.0,2823.0,6834500.0,1050462.0,10590.0,nan,nan,nan,nan,nan,nan,nan,nan,nan,nan,nan,nan,nan,nan,nan,nan,1027995.0,548570.0,1.873954,0.0,0.0,nan,83696.0,1066805.0,0.499422,16810.693197,nan,5310.0,0.004736,65074.499435,nan,nan,nan,nan,nan,nan,nan,nan,nan,nan,nan,nan,nan,nan,nan,nan,nan,nan,nan,nan,nan,nan,nan,2106632.0,31.006185,30.632913,1207.0,2.0,1653.0,2145525.0
matmult_ampm_sd16_l2_ddr4_1x,matmult,ampm,stage1,sd16,l2,ddr4_1x,0.001196,1196231571.0,7397871.0,7415194.0,3592287.0,2.059379,1159520.0,2137424.0,2069.0,1076502.0,18810324167.0,16222.509458,124758664.0,60299.01595,nan,nan,nan,nan,nan,nan,nan,nan,nan,nan,nan,nan,nan,nan,nan,nan,55051.0,3406.0,100.0,0.06187,0.836239,50076.0,46175.0,3898.0,3.0,58238.0,1353.0,0.0,1.0,1818.0,7080.0,4241.0,811213.0,470466.0,1.724276,5826.0,203.0,28.699507,83242.0,1076278.0,0.50354,15939.667258,1402.0,667.0,0.00062,89941.773613,1.4,57.17,0.0,0.0,301212581.8571963,226364197.8397509,301052078.0,226364198.0,527416276.0,19207.0,290.298307,226.150192,29543.94,3332.0,47035.94,nan,nan,nan,nan,311040.0,260016544.90692255,4963.0,42784.61,2106632.0,29.472908,28.558812,1139.0,2.0,1595.0,2150588.0
matmult_ampm_sd16_l2_ddr4_2x,matmult,ampm,stage1,sd16,l2,ddr4_2x,0.001199,1199203596.0,7397876.0,7415199.0,3601212.0,2.054276,1160148.0,2138899.0,2033.0,1078212.0,19177439259.0,16530.166202,119099693.0,58583.223315,nan,nan,nan,nan,nan,nan,nan,nan,nan,nan,nan,nan,nan,nan,nan,nan,54813.0,3444.0,101.0,0.062832,0.832689,49859.0,46377.0,3480.0,2.0,58372.0,1444.0,0.0,1.0,2098.0,7056.0,4365.0,895452.0,502703.0,1.781274,2633.0,204.0,12.906863,82158.0,1077990.0,0.503993,16241.600895,1341.0,692.0,0.000642,78638.881503,nan,nan,nan,nan,nan,nan,nan,nan,nan,nan,nan,nan,nan,nan,nan,nan,nan,nan,nan,nan,nan,nan,nan,2106632.0,29.876778,29.103272,998.0,2.0,1695.0,2147606.0
matmult_ampm_sd1_l1d_ddr4_1x,matmult,ampm,stage1,sd1,l1d,ddr4_1x,0.001309,1308572118.0,7397876.0,7415199.0,3929646.0,1.882583,1152674.0,2137978.0,5532.0,1119900.0,19194124873.0,16651.824256,364199079.0,65834.974512,160715.0,8192.0,42230.0,0.050972,0.007608,109538.0,107867.0,1653.0,18.0,9611532.0,2546761.0,0.0,2530.0,6884353.0,1197608.0,11457.0,nan,nan,nan,nan,nan,nan,nan,nan,nan,nan,nan,nan,nan,nan,nan,nan,900680.0,515328.0,1.74778,0.0,0.0,nan,84166.0,1068508.0,0.499775,16216.29247,nan,5532.0,0.00494,65501.854121,1.17,56.85,0.0,0.0,270707280.9570592,205170197.58172777,270658373.0,205170198.0,475828570.0,19207.0,259.40947,205.854913,22902.64,3332.0,40394.64,51200.0,39126616.940496355,804.0,39910.65,nan,nan,nan,nan,2106632.0,30.020921,30.308813,1471.0,2.0,1588.0,2147644.0
matmult_ampm_sd1_l1d_ddr4_2x,matmult,ampm,stage1,sd1,l1d,ddr4_2x,0.001318,1317566448.0,7397871.0,7415194.0,3956656.0,1.86973,1151851.0,2138231.0,5424.0,1122888.0,19166406602.0,16639.657909,333909541.0,61561.493547,161790.0,9694.0,45111.0,0.059917,0.009002,106261.0,104163.0,2063.0,35.0,9988867.0,3175605.0,0.0,2835.0,6624617.0,1354100.0,14723.0,nan,nan,nan,nan,nan,nan,nan,nan,nan,nan,nan,nan,nan,nan,nan,nan,939311.0,529301.0,1.774625,0.0,0.0,nan,84707.0,1067144.0,0.499078,16239.671964,nan,5424.0,0.00483,61228.37076,nan,nan,nan,nan,nan,nan,nan,nan,nan,nan,nan,nan,nan,nan,nan,nan,nan,nan,nan,nan,nan,nan,nan,2106632.0,30.222155,29.250933,1312.0,2.0,1531.0,2157097.0
matmult_ampm_sd1_l2_ddr4_1x,matmult,ampm,stage1,sd1,l2,ddr4_1x,0.001195,1195100037.0,7397876.0,7415199.0,3588889.0,2.06133,1160415.0,2138952.0,1952.0,1078164.0,19221096510.0,16563.984876,112054755.0,57405.099898,nan,nan,nan,nan,nan,nan,nan,nan,nan,nan,nan,nan,nan,nan,nan,nan,53061.0,3557.0,53.0,0.067036,0.855871,47914.0,43683.0,4221.0,10.0,53420.0,68.0,0.0,8.0,281.0,6403.0,3935.0,893738.0,499719.0,1.788481,2432.0,149.0,16.322148,82475.0,1077940.0,0.503957,16272.228489,1353.0,599.0,0.000556,76122.891486,1.42,57.87,0.0,0.0,306585213.50208944,233165418.26866332,306424557.0,233165418.0,539589976.0,19207.0,294.107597,232.790554,28297.39,3332.0,45789.39,nan,nan,nan,nan,320384.0,268081323.80636853,5126.0,43110.46,2106632.0,29.866128,28.645509,996.0,2.0,1624.0,2147171.0
matmult_ampm_sd1_l2_ddr4_2x,matmult,ampm,stage1,sd1,l2,ddr4_2x,0.001212,1211686101.0,7397871.0,7415194.0,3638697.0,2.033112,1158779.0,2138046.0,2502.0,1076798.0,18941860487.0,16346.396066,139961223.0,55939.73741,nan,nan,nan,nan,nan,nan,nan,nan,nan,nan,nan,nan,nan,nan,nan,nan,50472.0,2867.0,32.0,0.056804,0.70581,46045.0,42471.0,3573.0,1.0,50484.0,9.0,0.0,2.0,0.0,6115.0,3744.0,878018.0,495774.0,1.771005,488.0,22.0,22.181818,82203.0,1076576.0,0.503533,16107.187938,1307.0,1195.0,0.00111,70818.921339,nan,nan,nan,nan,nan,nan,nan,nan,nan,nan,nan,nan,nan,nan,nan,nan,nan,nan,nan,nan,nan,nan,nan,2106632.0,29.821272,27.135008,1112.0,2.0,1204.0,2157526.0
matmult_ampm_sd2_l1d_ddr4_1x,matmult,ampm,stage1,sd2,l1d,ddr4_1x,0.001317,1316595087.0,7397876.0,7415199.0,3953739.0,1.871111,1153214.0,2138126.0,5439.0,1122884.0,19421375378.0,16841.08533,359028991.0,66010.110498,177675.0,8319.0,45002.0,0.046821,0.007725,123615.0,121502.0,2075.0,38.0,11192088.0,4094719.0,0.0,2740.0,6889108.0,1557809.0,14866.0,nan,nan,nan,nan,nan,nan,nan,nan,nan,nan,nan,nan,nan,nan,nan,nan,964735.0,532623.0,1.811291,0.0,0.0,nan,84605.0,1068609.0,0.499788,16437.256972,nan,5439.0,0.004844,65676.926825,1.16,56.84,0.0,0.0,264585523.24827263,198475600.1144033,264536913.0,198475600.0,463012513.0,19207.0,258.460633,197.795057,22096.87,3332.0,39588.87,64320.0,48853288.7864255,1022.0,50339.95,nan,nan,nan,nan,2106632.0,30.428341,29.802144,1368.0,2.0,1447.0,2150154.0
matmult_ampm_sd2_l1d_ddr4_2x,matmult,ampm,stage1,sd2,l1d,ddr4_2x,0.001318,1317826188.0,7397871.0,7415194.0,3957436.0,1.869362,1149717.0,2135831.0,5366.0,1120633.0,19514149208.0,16973.002233,322107317.0,60027.453783,160019.0,8714.0,44143.0,0.054456,0.008102,106409.0,104567.0,1805.0,37.0,9644156.0,2862809.0,0.0,2676.0,6596534.0,1265910.0,10628.0,nan,nan,nan,nan,nan,nan,nan,nan,nan,nan,nan,nan,nan,nan,nan,nan,988735.0,532894.0,1.855407,0.0,0.0,nan,82908.0,1066809.0,0.499482,16602.221868,nan,5366.0,0.004788,59694.267611,nan,nan,nan,nan,nan,nan,nan,nan,nan,nan,nan,nan,nan,nan,nan,nan,nan,nan,nan,nan,nan,nan,nan,2106632.0,30.587963,28.978995,1144.0,2.0,1259.0,2148049.0
matmult_ampm_sd2_l2_ddr4_1x,matmult,ampm,stage1,sd2,l2,ddr4_1x,0.001194,1193832306.0,7397871.0,7415194.0,3585082.0,2.063518,1160675.0,2138969.0,2002.0,1078363.0,19084957091.0,16442.981102,114794665.0,57339.992507,nan,nan,nan,nan,nan,nan,nan,nan,nan,nan,nan,nan,nan,nan,nan,nan,52592.0,3507.0,54.0,0.066683,0.847921,47488.0,43350.0,4130.0,8.0,53000.0,67.0,0.0,8.0,331.0,6362.0,3832.0,856902.0,479475.0,1.787167,3861.0,180.0,21.45,82536.0,1078139.0,0.504046,16154.168197,1373.0,629.0,0.000583,78582.559618,1.43,57.23,0.0,2.0,306321078.9003393,233091363.50344333,306267470.0,233091364.0,539358834.0,19207.0,292.489991,232.448057,29142.75,3332.0,46634.75,nan,nan,nan,nan,317568.0,266007209.2235708,5085.0,43409.2,2106632.0,29.698988,27.719785,1006.0,2.0,1429.0,2147105.0
matmult_ampm_sd2_l2_ddr4_2x,matmult,ampm,stage1,sd2,l2,ddr4_2x,0.001207,1206895563.0,7397871.0,7415194.0,3624311.0,2.041182,1159130.0,2138641.0,1969.0,1077662.0,19269727364.0,16624.302161,103031764.0,52326.949721,nan,nan,nan,nan,nan,nan,nan,nan,nan,nan,nan,nan,nan,nan,nan,nan,51041.0,3462.0,54.0,0.067828,0.849362,45996.0,42481.0,3510.0,5.0,51432.0,58.0,0.0,8.0,323.0,6167.0,3751.0,918141.0,506838.0,1.811508,2712.0,198.0,13.69697,81690.0,1077440.0,0.503797,16364.152383,1355.0,614.0,0.00057,71822.078176,nan,nan,nan,nan,nan,nan,nan,nan,nan,nan,nan,nan,nan,nan,nan,nan,nan,nan,nan,nan,nan,nan,nan,2106632.0,30.097327,27.726754,782.0,2.0,1577.0,2151212.0
matmult_ampm_sd32_l1d_ddr4_1x,matmult,ampm,stage1,sd32,l1d,ddr4_1x,0.001335,1334838825.0,7397871.0,7415194.0,4008525.0,1.845537,1151746.0,2134927.0,5325.0,1116712.0,19896824515.0,17275.358035,358415656.0,67308.104413,163035.0,8575.0,40202.0,0.052596,0.007973,113533.0,111585.0,1924.0,24.0,9806831.0,2817073.0,0.0,2736.0,6802639.0,1273944.0,11150.0,nan,nan,nan,nan,nan,nan,nan,nan,nan,nan,nan,nan,nan,nan,nan,nan,1033613.0,553513.0,1.867369,0.0,0.0,nan,84752.0,1066994.0,0.49978,16839.367349,nan,5325.0,0.004768,66974.791737,1.19,56.99,0.0,0.0,255599397.92731154,188666972.58374995,255551452.0,188666973.0,444218425.0,19207.0,251.667837,188.283406,22998.04,3332.0,40490.04,65856.0,49336293.46599204,1041.0,51772.78,nan,nan,nan,nan,2106632.0,31.101602,31.901776,1262.0,2.0,1733.0,2145226.0
matmult_ampm_sd32_l1d_ddr4_2x,matmult,ampm,stage1,sd32,l1d,ddr4_2x,0.001342,1342489500.0,7397876.0,7415199.0,4031500.0,1.83502,1150119.0,2134663.0,5279.0,1119683.0,19846925489.0,17256.410414,339188033.0,64252.326766,157919.0,8627.0,43857.0,0.054629,0.008026,104738.0,102807.0,1899.0,32.0,8757928.0,1608097.0,0.0,3037.0,6971391.0,938403.0,8894.0,nan,nan,nan,nan,nan,nan,nan,nan,nan,nan,nan,nan,nan,nan,nan,nan,1045367.0,547008.0,1.911063,0.0,0.0,nan,83833.0,1066286.0,0.49951,16912.652902,nan,5279.0,0.004715,63919.011366,nan,nan,nan,nan,nan,nan,nan,nan,nan,nan,nan,nan,nan,nan,nan,nan,nan,nan,nan,nan,nan,nan,nan,2106632.0,31.120904,29.719262,977.0,2.0,1643.0,2146242.0
matmult_ampm_sd32_l2_ddr4_1x,matmult,ampm,stage1,sd32,l2,ddr4_1x,0.001197,1197055746.0,7397871.0,7415194.0,3594762.0,2.057961,1160007.0,2137926.0,2119.0,1077002.0,18960209880.0,16344.909884,128984414.0,60870.417178,nan,nan,nan,nan,nan,nan,nan,nan,nan,nan,nan,nan,nan,nan,nan,nan,54760.0,3349.0,100.0,0.061158,0.823457,49843.0,45943.0,3897.0,3.0,58463.0,1511.0,0.0,1.0,2176.0,7137.0,4192.0,836731.0,477060.0,1.753932,6323.0,235.0,26.906383,83229.0,1076778.0,0.503655,16048.820868,1401.0,718.0,0.000667,87638.635097,1.41,57.19,0.0,0.0,300630944.8850012,225834094.1124391,300417087.0,225834094.0,526251181.0,19207.0,289.403398,226.047952,29245.53,3332.0,46737.53,nan,nan,nan,nan,308096.0,257378155.55333376,4905.0,42486.44,2106632.0,29.647635,29.304434,1209.0,2.0,1650.0,2149543.0
matmult_ampm_sd32_l2_ddr4_2x,matmult,ampm,stage1,sd32,l2,ddr4_2x,0.001199,1199016783.0,7397876.0,7415199.0,3600651.0,2.054597,1160122.0,2138719.0,2028.0,1077746.0,19025599474.0,16399.654066,120430669.0,59383.959073,nan,nan,nan,nan,nan,nan,nan,nan,nan,nan,nan,nan,nan,nan,nan,nan,54554.0,3452.0,101.0,0.063277,0.834825,49587.0,46004.0,3578.0,5.0,58500.0,1760.0,0.0,1.0,2163.0,7153.0,4365.0,871269.0,494071.0,1.763449,3161.0,228.0,13.864035,82600.0,1077522.0,0.503817,16119.67098,1345.0,683.0,0.000634,84729.076135,nan,nan,nan,nan,nan,nan,nan,nan,nan,nan,nan,nan,nan,nan,nan,nan,nan,nan,nan,nan,nan,nan,nan,2106632.0,29.70651,28.770009,1059.0,2.0,1689.0,2149274.0
matmult_ampm_sd64_l1d_ddr4_1x,matmult,ampm,stage1,sd64,l1d,ddr4_1x,0.001335,1334838825.0,7397871.0,7415194.0,4008525.0,1.845537,1151746.0,2134927.0,5325.0,1116712.0,19896824515.0,17275.358035,358415656.0,67308.104413,163035.0,8575.0,40202.0,0.052596,0.007973,113533.0,111585.0,1924.0,24.0,9806831.0,2817073.0,0.0,2736.0,6802639.0,1273944.0,11150.0,nan,nan,nan,nan,nan,nan,nan,nan,nan,nan,nan,nan,nan,nan,nan,nan,1033613.0,553513.0,1.867369,0.0,0.0,nan,84752.0,1066994.0,0.49978,16839.367349,nan,5325.0,0.004768,66974.791737,1.19,56.99,0.0,0.0,255599397.92731154,188666972.58374995,255551452.0,188666973.0,444218425.0,19207.0,251.667837,188.283406,22998.04,3332.0,40490.04,65856.0,49336293.46599204,1041.0,51772.78,nan,nan,nan,nan,2106632.0,31.101602,31.901776,1262.0,2.0,1733.0,2145226.0
matmult_ampm_sd64_l1d_ddr4_2x,matmult,ampm,stage1,sd64,l1d,ddr4_2x,0.001342,1342489500.0,7397876.0,7415199.0,4031500.0,1.83502,1150119.0,2134663.0,5279.0,1119683.0,19846925489.0,17256.410414,339188033.0,64252.326766,157919.0,8627.0,43857.0,0.054629,0.008026,104738.0,102807.0,1899.0,32.0,8757928.0,1608097.0,0.0,3037.0,6971391.0,938403.0,8894.0,nan,nan,nan,nan,nan,nan,nan,nan,nan,nan,nan,nan,nan,nan,nan,nan,1045367.0,547008.0,1.911063,0.0,0.0,nan,83833.0,1066286.0,0.49951,16912.652902,nan,5279.0,0.004715,63919.011366,nan,nan,nan,nan,nan,nan,nan,nan,nan,nan,nan,nan,nan,nan,nan,nan,nan,nan,nan,nan,nan,nan,nan,2106632.0,31.120904,29.719262,977.0,2.0,1643.0,2146242.0
matmult_ampm_sd64_l2_ddr4_1x,matmult,ampm,stage1,sd64,l2,ddr4_1x,0.001197,1197055746.0,7397871.0,7415194.0,3594762.0,2.057961,1160007.0,2137926.0,2119.0,1077002.0,18960209880.0,16344.909884,128984414.0,60870.417178,nan,nan,nan,nan,nan,nan,nan,nan,nan,nan,nan,nan,nan,nan,nan,nan,54760.0,3349.0,100.0,0.061158,0.823457,49843.0,45943.0,3897.0,3.0,58463.0,1511.0,0.0,1.0,2176.0,7137.0,4192.0,836731.0,477060.0,1.753932,6323.0,235.0,26.906383,83229.0,1076778.0,0.503655,16048.820868,1401.0,718.0,0.000667,87638.635097,1.41,57.19,0.0,0.0,300630944.8850012,225834094.1124391,300417087.0,225834094.0,526251181.0,19207.0,289.403398,226.047952,29245.53,3332.0,46737.53,nan,nan,nan,nan,308096.0,257378155.55333376,4905.0,42486.44,2106632.0,29.647635,29.304434,1209.0,2.0,1650.0,2149543.0
matmult_ampm_sd64_l2_ddr4_2x,matmult,ampm,stage1,sd64,l2,ddr4_2x,0.001199,1199016783.0,7397876.0,7415199.0,3600651.0,2.054597,1160122.0,2138719.0,2028.0,1077746.0,19025599474.0,16399.654066,120430669.0,59383.959073,nan,nan,nan,nan,nan,nan,nan,nan,nan,nan,nan,nan,nan,nan,nan,nan,54554.0,3452.0,101.0,0.063277,0.834825,49587.0,46004.0,3578.0,5.0,58500.0,1760.0,0.0,1.0,2163.0,7153.0,4365.0,871269.0,494071.0,1.763449,3161.0,228.0,13.864035,82600.0,1077522.0,0.503817,16119.67098,1345.0,683.0,0.000634,84729.076135,nan,nan,nan,nan,nan,nan,nan,nan,nan,nan,nan,nan,nan,nan,nan,nan,nan,nan,nan,nan,nan,nan,nan,2106632.0,29.70651,28.770009,1059.0,2.0,1689.0,2149274.0
matmult_ampm_sd8_l1d_ddr4_1x,matmult,ampm,stage1,sd8,l1d,ddr4_1x,0.001317,1317222126.0,7397871.0,7415194.0,3955622.0,1.870219,1151801.0,2137023.0,5381.0,1117749.0,19449096052.0,16885.812785,355737600.0,66109.94239,159677.0,8992.0,40790.0,0.056314,0.008356,109221.0,107563.0,1638.0,20.0,8710663.0,1665718.0,0.0,2460.0,6865930.0,947731.0,9526.0,nan,nan,nan,nan,nan,nan,nan,nan,nan,nan,nan,nan,nan,nan,nan,nan,951232.0,526036.0,1.808302,0.0,0.0,nan,84723.0,1067078.0,0.499329,16458.632493,nan,5381.0,0.004814,65776.632968,1.15,56.86,0.0,0.0,261738694.78411722,194251216.2143866,261690108.0,194251216.0,455941324.0,19207.0,257.608791,194.980023,21800.95,3332.0,39292.95,59776.0,45380349.16063959,945.0,45395.96,nan,nan,nan,nan,2106632.0,30.476906,29.850703,1533.0,2.0,1332.0,2148703.0
matmult_ampm_sd8_l1d_ddr4_2x,matmult,ampm,stage1,sd8,l1d,ddr4_2x,0.001343,1342991331.0,7397871.0,7415194.0,4033007.0,1.834334,1149199.0,2133347.0,5306.0,1118466.0,19914014553.0,17328.604143,341260337.0,64315.932341,155869.0,8833.0,43174.0,0.056669,0.008222,103158.0,101362.0,1755.0,41.0,8889967.0,1911552.0,0.0,2805.0,6802304.0,1015326.0,10421.0,nan,nan,nan,nan,nan,nan,nan,nan,nan,nan,nan,nan,nan,nan,nan,nan,1039834.0,538256.0,1.931858,0.0,0.0,nan,83659.0,1065540.0,0.499469,16967.708483,nan,5306.0,0.004744,63982.618545,nan,nan,nan,nan,nan,nan,nan,nan,nan,nan,nan,nan,nan,nan,nan,nan,nan,nan,nan,nan,nan,nan,nan,2106632.0,31.202254,30.070388,1173.0,2.0,1611.0,2145657.0
matmult_ampm_sd8_l2_ddr4_1x,matmult,ampm,stage1,sd8,l2,ddr4_1x,0.001193,1193167971.0,7397871.0,7415194.0,3583087.0,2.064667,1161340.0,2138914.0,2106.0,1078210.0,19030948804.0,16387.060468,118962820.0,56487.568851,nan,nan,nan,nan,nan,nan,nan,nan,nan,nan,nan,nan,nan,nan,nan,nan,54481.0,3401.0,85.0,0.062425,0.829715,49502.0,45574.0,3923.0,5.0,57328.0,1099.0,0.0,1.0,1734.0,6739.0,3978.0,852066.0,484757.0,1.757718,4395.0,200.0,21.975,83354.0,1077986.0,0.503988,16112.393543,1408.0,698.0,0.000647,78385.578797,1.42,56.96,0.0,0.0,303863335.93595934,229627350.59873644,303702420.0,229627351.0,533329770.0,19207.0,292.170095,229.305518,28580.43,3332.0,46072.43,nan,nan,nan,nan,312576.0,261971497.38944843,4967.0,43063.3,2106632.0,29.61085,27.861278,1062.0,2.0,1541.0,2147555.0
matmult_ampm_sd8_l2_ddr4_2x,matmult,ampm,stage1,sd8,l2,ddr4_2x,0.001205,1204542918.0,7397871.0,7415194.0,3617246.0,2.045169,1159738.0,2138897.0,2032.0,1077973.0,19256157537.0,16603.885996,106335806.0,52330.613189,nan,nan,nan,nan,nan,nan,nan,nan,nan,nan,nan,nan,nan,nan,nan,nan,53460.0,3417.0,84.0,0.063917,0.835861,48510.0,44771.0,3736.0,3.0,56414.0,1150.0,0.0,1.0,1794.0,6602.0,3990.0,921722.0,511180.0,1.803126,2410.0,185.0,13.027027,81989.0,1077749.0,0.503881,16350.103357,1361.0,671.0,0.000622,72542.260805,nan,nan,nan,nan,nan,nan,nan,nan,nan,nan,nan,nan,nan,nan,nan,nan,nan,nan,nan,nan,nan,nan,nan,2106632.0,30.058446,27.219256,1032.0,2.0,1170.0,2149893.0
merge_ampm_assoc16_l1d_ddr4_1x,merge,ampm,stage1,assoc16,l1d,ddr4_1x,0.009797,9796691502.0,37918850.0,38897865.0,29419494.0,1.288904,419271.0,10929351.0,72888.0,211707.0,11551996689.0,27552.577424,6287998871.0,86269.329259,2107847.0,129685.0,5149.0,0.061525,0.703823,1951001.0,1775572.0,175429.0,0.0,5954476.0,3607442.0,0.0,37322.0,57846.0,798441.0,212674.0,nan,nan,nan,nan,nan,nan,nan,nan,nan,nan,nan,nan,nan,nan,nan,nan,7423.0,298.0,24.909396,0.0,0.0,nan,364698.0,54573.0,0.004993,20357.544005,nan,72888.0,0.344287,85936.329259,1.61,46.08,0.0,0.0,476170551.9713118,312236023.6999938,476164019.0,312236024.0,788400043.0,19207.0,472.714691,311.6938,41366.68,3332.0,58858.68,4073664.0,415820381.72462195,63949.0,56716.53,nan,nan,nan,nan,5213254.0,4.717633,29.333102,15342.0,2.0,1750.0,14393732.0
merge_ampm_assoc16_l1d_ddr4_2x,merge,ampm,stage1,assoc16,l1d,ddr4_2x,0.009775,9775186695.0,37918841.0,38897855.0,29354915.0,1.291739,406915.0,10927800.0,72894.0,211715.0,9754522259.0,23971.891572,5626959642.0,77193.728455,2122157.0,131450.0,5149.0,0.061942,0.707021,1965206.0,1785467.0,179739.0,0.0,6022856.0,3665749.0,0.0,38360.0,55257.0,818298.0,213626.0,nan,nan,nan,nan,nan,nan,nan,nan,nan,nan,nan,nan,nan,nan,nan,nan,11882.0,349.0,34.045845,0.0,0.0,nan,352444.0,54471.0,0.004985,18922.244644,nan,72894.0,0.344302,76860.728455,nan,nan,nan,nan,nan,nan,nan,nan,nan,nan,nan,nan,nan,nan,nan,nan,nan,nan,nan,nan,nan,nan,nan,5213253.0,4.351865,26.080001,11955.0,2.0,1838.0,14391550.0
merge_ampm_assoc16_l2_ddr4_1x,merge,ampm,stage1,assoc16,l2,ddr4_1x,0.010046,10046416860.0,37919543.0,38898624.0,30169420.0,1.256888,833401.0,11102155.0,22902.0,201510.0,14915732987.0,17897.426313,1942078633.0,84799.521134,nan,nan,nan,nan,nan,nan,nan,nan,nan,nan,nan,nan,nan,nan,nan,nan,729012.0,49611.0,618.0,0.068052,0.871316,663276.0,612994.0,50282.0,0.0,822621.0,85514.0,0.0,6873.0,302.0,114781.0,88910.0,0.0,0.0,nan,5780.0,71.0,81.408451,632042.0,201359.0,0.018137,13630.245835,15575.0,7327.0,0.03636,105911.223557,1.8,45.87,0.0,0.0,465009571.5817231,304633984.6981026,465009572.0,304633985.0,769643556.0,19207.0,461.43576,304.245388,46440.35,3332.0,63932.35,nan,nan,nan,nan,4172288.0,415301102.68587834,65652.0,61744.21,5213399.0,4.360066,25.581256,11538.0,2.0,1846.0,14720489.0
merge_ampm_assoc16_l2_ddr4_2x,merge,ampm,stage1,assoc16,l2,ddr4_2x,0.009992,9992287044.0,37918841.0,38897855.0,30006868.0,1.263673,831772.0,11101526.0,19174.0,201479.0,11532411029.0,13864.870456,1351360248.0,70478.786273,nan,nan,nan,nan,nan,nan,nan,nan,nan,nan,nan,nan,nan,nan,nan,nan,760911.0,53312.0,624.0,0.070063,0.880957,694928.0,630723.0,64205.0,0.0,891392.0,118465.0,0.0,9395.0,157.0,124729.0,91571.0,0.0,0.0,nan,4359.0,194.0,22.469072,630417.0,201355.0,0.018138,10795.242924,11970.0,7204.0,0.035756,93228.301777,nan,nan,nan,nan,nan,nan,nan,nan,nan,nan,nan,nan,nan,nan,nan,nan,nan,nan,nan,nan,nan,nan,nan,5213253.0,3.839522,20.536875,6777.0,2.0,1666.0,14719647.0
merge_ampm_assoc1_l1d_ddr4_1x,merge,ampm,stage1,assoc1,l1d,ddr4_1x,0.009834,9833504985.0,37918841.0,38897855.0,29530045.0,1.284078,467259.0,10946438.0,72822.0,212974.0,15852629823.0,33926.858173,6238518974.0,85668.053253,1498344.0,126614.0,6242.0,0.084503,0.787984,1319733.0,1128767.0,190931.0,35.0,3630093.0,1941515.0,0.0,38578.0,22689.0,439462.0,182992.0,nan,nan,nan,nan,nan,nan,nan,nan,nan,nan,nan,nan,nan,nan,nan,nan,138.0,37.0,3.72973,0.0,0.0,nan,433192.0,34067.0,0.003112,13067.368861,nan,72822.0,0.341929,85335.053253,1.56,45.76,0.0,0.0,473958370.6022802,311359988.5971889,473951862.0,311359989.0,785311851.0,19207.0,470.22908,310.819795,40843.23,3332.0,58335.23,4337344.0,441078131.0037644,68279.0,59050.03,nan,nan,nan,nan,5213253.0,4.310442,27.134359,12641.0,2.0,1785.0,14420597.0
merge_ampm_assoc1_l1d_ddr4_2x,merge,ampm,stage1,assoc1,l1d,ddr4_2x,0.009826,9826148349.0,37918841.0,38897855.0,29507953.0,1.285039,467706.0,10946145.0,72896.0,213029.0,14404108773.0,30797.357256,5580766495.0,76557.92492,1430977.0,127446.0,6271.0,0.089062,0.780379,1254116.0,1079657.0,174422.0,37.0,3627406.0,2008780.0,0.0,41416.0,22542.0,440344.0,186284.0,nan,nan,nan,nan,nan,nan,nan,nan,nan,nan,nan,nan,nan,nan,nan,nan,1328.0,43.0,30.883721,0.0,0.0,nan,431839.0,35867.0,0.003277,14313.132294,nan,72896.0,0.342188,76224.92492,nan,nan,nan,nan,nan,nan,nan,nan,nan,nan,nan,nan,nan,nan,nan,nan,nan,nan,nan,nan,nan,nan,nan,5213253.0,4.071312,25.098678,10971.0,2.0,1833.0,14420293.0
merge_ampm_assoc1_l2_ddr4_1x,merge,ampm,stage1,assoc1,l2,ddr4_1x,0.010059,10058527404.0,37919446.0,38898523.0,30205788.0,1.255372,846353.0,11104894.0,23570.0,201497.0,16154463011.0,19087.145684,1966477887.0,83431.391048,nan,nan,nan,nan,nan,nan,nan,nan,nan,nan,nan,nan,nan,nan,nan,nan,705070.0,48995.0,618.0,0.06949,0.869785,639288.0,572867.0,66421.0,0.0,787867.0,75649.0,0.0,5834.0,459.0,109002.0,88130.0,0.0,0.0,nan,3419.0,51.0,67.039216,644995.0,201358.0,0.018132,13735.84394,16235.0,7335.0,0.036403,113395.829448,1.83,45.81,0.0,0.0,464767834.5182943,304229026.4858337,464767835.0,304229026.0,768996861.0,19207.0,460.803835,303.82181,49107.98,3332.0,66599.98,nan,nan,nan,nan,4169792.0,414552929.3226152,65703.0,63780.69,5213390.0,3.890553,20.338215,5647.0,2.0,1707.0,14724002.0
merge_ampm_assoc1_l2_ddr4_2x,merge,ampm,stage1,assoc1,l2,ddr4_2x,0.010005,10005060258.0,37918841.0,38897855.0,30045226.0,1.26206,845646.0,11101604.0,19216.0,201505.0,13708948317.0,16211.214051,1500397717.0,78080.647221,nan,nan,nan,nan,nan,nan,nan,nan,nan,nan,nan,nan,nan,nan,nan,nan,780390.0,53274.0,634.0,0.068266,0.827544,717951.0,622894.0,95057.0,0.0,864913.0,77081.0,0.0,5611.0,299.0,121426.0,94342.0,0.0,0.0,nan,9411.0,353.0,26.660057,644298.0,201348.0,0.018137,11533.767582,8114.0,11102.0,0.055095,95854.325077,nan,nan,nan,nan,nan,nan,nan,nan,nan,nan,nan,nan,nan,nan,nan,nan,nan,nan,nan,nan,nan,nan,nan,5213253.0,3.338655,14.618287,2844.0,2.0,1669.0,14714233.0
merge_ampm_assoc2_l1d_ddr4_1x,merge,ampm,stage1,assoc2,l1d,ddr4_1x,0.009797,9797059134.0,37918836.0,38897850.0,29420598.0,1.288855,413504.0,10930473.0,72893.0,211461.0,11469965432.0,27738.463067,6381505152.0,87546.199937,2123022.0,130851.0,4875.0,0.061634,0.698174,1968425.0,1811125.0,157300.0,0.0,6423655.0,4041650.0,0.0,43765.0,57353.0,887503.0,211921.0,nan,nan,nan,nan,nan,nan,nan,nan,nan,nan,nan,nan,nan,nan,nan,nan,6071.0,384.0,15.809896,0.0,0.0,nan,356936.0,56568.0,0.005175,24776.270206,nan,72893.0,0.344711,87213.199937,1.62,45.97,0.0,0.0,476185346.66282636,312217774.5548759,476178814.0,312217775.0,788396589.0,19207.0,472.801474,311.655973,42599.62,3332.0,60091.62,3908352.0,398931143.16686535,61398.0,56916.97,nan,nan,nan,nan,5213253.0,4.605464,28.441972,14543.0,2.0,1684.0,14395274.0
merge_ampm_assoc2_l1d_ddr4_2x,merge,ampm,stage1,assoc2,l1d,ddr4_2x,0.009775,9775404810.0,37918836.0,38897850.0,29355570.0,1.29171,402469.0,10929185.0,72897.0,211462.0,9574653543.0,23789.79137,5582227428.0,76576.915758,2120987.0,132481.0,4873.0,0.062462,0.702675,1965880.0,1816823.0,149057.0,0.0,6302738.0,3935518.0,0.0,42770.0,55046.0,877057.0,213620.0,nan,nan,nan,nan,nan,nan,nan,nan,nan,nan,nan,nan,nan,nan,nan,nan,11455.0,444.0,25.79955,0.0,0.0,nan,346412.0,56057.0,0.005129,22741.743047,nan,72897.0,0.344729,76243.915758,nan,nan,nan,nan,nan,nan,nan,nan,nan,nan,nan,nan,nan,nan,nan,nan,nan,nan,nan,nan,nan,nan,nan,5213253.0,4.283167,25.924858,11436.0,2.0,1808.0,14393527.0
merge_ampm_assoc2_l2_ddr4_1x,merge,ampm,stage1,assoc2,l2,ddr4_1x,0.010046,10045750860.0,37919468.0,38898546.0,30167420.0,1.256969,833574.0,11103682.0,22813.0,201494.0,14291193814.0,17144.481251,1853747394.0,81258.378731,nan,nan,nan,nan,nan,nan,nan,nan,nan,nan,nan,nan,nan,nan,nan,nan,736863.0,49719.0,664.0,0.067474,0.857831,671837.0,623230.0,48607.0,0.0,930451.0,176915.0,0.0,14350.0,238.0,131355.0,87252.0,0.0,0.0,nan,1866.0,67.0,27.850746,632217.0,201357.0,0.018134,13198.619179,14573.0,8240.0,0.040895,102362.744903,1.82,46.07,0.0,0.0,466040624.06540716,304915385.8868445,466027882.0,304915386.0,770943268.0,19207.0,462.307304,304.577731,50729.27,3332.0,68221.27,nan,nan,nan,nan,4121920.0,410314774.6190473,64888.0,66740.71,5213392.0,4.336264,25.034346,10035.0,2.0,1978.0,14722496.0
merge_ampm_assoc2_l2_ddr4_2x,merge,ampm,stage1,assoc2,l2,ddr4_2x,0.010018,10018002303.0,37919487.0,38898566.0,30084091.0,1.260451,833997.0,11102399.0,21315.0,201506.0,12469974860.0,14952.06201,1564274120.0,73388.417546,nan,nan,nan,nan,nan,nan,nan,nan,nan,nan,nan,nan,nan,nan,nan,nan,751269.0,51218.0,665.0,0.068175,0.869148,685815.0,633172.0,52643.0,0.0,878351.0,115240.0,0.0,9060.0,143.0,123337.0,88400.0,0.0,0.0,nan,4547.0,125.0,36.376,632638.0,201359.0,0.018137,11801.625862,13604.0,7711.0,0.038267,92167.841655,nan,nan,nan,nan,nan,nan,nan,nan,nan,nan,nan,nan,nan,nan,nan,nan,nan,nan,nan,nan,nan,nan,nan,5213395.0,4.110661,22.980026,9102.0,2.0,1742.0,14721192.0
merge_ampm_assoc32_l1d_ddr4_1x,merge,ampm,stage1,assoc32,l1d,ddr4_1x,0.009806,9805672845.0,37918836.0,38897850.0,29446465.0,1.287723,420102.0,10929487.0,72888.0,211707.0,11929866795.0,28397.548203,6349988767.0,87119.810764,2112010.0,129536.0,5149.0,0.061333,0.703851,1955092.0,1777048.0,178044.0,0.0,5942054.0,3591134.0,0.0,36960.0,57907.0,798304.0,212371.0,nan,nan,nan,nan,nan,nan,nan,nan,nan,nan,nan,nan,nan,nan,nan,nan,8542.0,255.0,33.498039,0.0,0.0,nan,365599.0,54503.0,0.004987,20476.032714,nan,72888.0,0.344287,86786.810764,1.62,46.05,0.0,0.0,475734411.4716893,311930455.80341303,475727885.0,311930456.0,787658340.0,19207.0,472.353511,311.356094,42211.73,3332.0,59703.73,4079104.0,415994298.8593558,64039.0,57479.51,nan,nan,nan,nan,5213253.0,4.789747,30.067634,15636.0,2.0,1764.0,14393935.0
merge_ampm_assoc32_l1d_ddr4_2x,merge,ampm,stage1,assoc32,l1d,ddr4_2x,0.009774,9774384498.0,37918841.0,38897855.0,29352506.0,1.291845,406358.0,10927821.0,72894.0,211715.0,9621150082.0,23676.536655,5602480629.0,76857.911886,2120166.0,131481.0,5149.0,0.062014,0.707119,1963201.0,1785209.0,177992.0,0.0,6023571.0,3668391.0,0.0,38527.0,55228.0,822535.0,213560.0,nan,nan,nan,nan,nan,nan,nan,nan,nan,nan,nan,nan,nan,nan,nan,nan,11974.0,372.0,32.188172,0.0,0.0,nan,351900.0,54458.0,0.004983,18895.998109,nan,72894.0,0.344302,76524.911886,nan,nan,nan,nan,nan,nan,nan,nan,nan,nan,nan,nan,nan,nan,nan,nan,nan,nan,nan,nan,nan,nan,nan,5213253.0,4.358708,26.406213,11805.0,2.0,1814.0,14391592.0
merge_ampm_assoc32_l2_ddr4_1x,merge,ampm,stage1,assoc32,l2,ddr4_1x,0.010047,10047420522.0,37919471.0,38898549.0,30172434.0,1.25676,832499.0,11101401.0,22508.0,201501.0,15084655562.0,18119.728146,1941100281.0,86240.460325,nan,nan,nan,nan,nan,nan,nan,nan,nan,nan,nan,nan,nan,nan,nan,nan,741900.0,49996.0,619.0,0.067389,0.862818,676779.0,618121.0,58658.0,0.0,819478.0,70767.0,0.0,5699.0,359.0,114000.0,88962.0,0.0,0.0,nan,4489.0,90.0,49.877778,631141.0,201358.0,0.018138,13635.554326,14559.0,7949.0,0.039449,110004.32243,1.82,45.86,0.0,0.0,464880313.28763765,304546225.8994717,464880313.0,304546226.0,769426539.0,19207.0,461.383296,304.221366,46539.24,3332.0,64031.24,nan,nan,nan,nan,4133120.0,411361303.2270374,65018.0,61200.69,5213392.0,4.270331,25.124678,11698.0,2.0,1936.0,14719789.0
merge_ampm_assoc32_l2_ddr4_2x,merge,ampm,stage1,assoc32,l2,ddr4_2x,0.009991,9991264068.0,37918836.0,38897850.0,30003796.0,1.263803,830997.0,11101145.0,19381.0,201478.0,11945318042.0,14374.68251,1387390848.0,71585.101285,nan,nan,nan,nan,nan,nan,nan,nan,nan,nan,nan,nan,nan,nan,nan,nan,768379.0,53105.0,624.0,0.069113,0.870659,703066.0,636330.0,66736.0,0.0,889548.0,109945.0,0.0,8751.0,250.0,124265.0,91254.0,0.0,0.0,nan,6306.0,212.0,29.745283,629642.0,201355.0,0.018138,10969.437208,11492.0,7889.0,0.039156,94476.094435,nan,nan,nan,nan,nan,nan,nan,nan,nan,nan,nan,nan,nan,nan,nan,nan,nan,nan,nan,nan,nan,nan,nan,5213253.0,3.768563,19.891338,6034.0,2.0,1773.0,14719062.0
merge_ampm_assoc4_l1d_ddr4_1x,merge,ampm,stage1,assoc4,l1d,ddr4_1x,0.009803,9803389464.0,37918841.0,38897855.0,29439608.0,1.288023,424110.0,10930039.0,72889.0,211709.0,12032256603.0,28370.603388,6351683483.0,87141.866166,2061598.0,129083.0,5149.0,0.062613,0.706789,1903726.0,1743487.0,160239.0,0.0,5975727.0,3671228.0,0.0,38789.0,57127.0,806903.0,210285.0,nan,nan,nan,nan,nan,nan,nan,nan,nan,nan,nan,nan,nan,nan,nan,nan,6723.0,292.0,23.023973,0.0,0.0,nan,370560.0,53550.0,0.004899,18927.154118,nan,72889.0,0.344289,86808.866166,1.61,46.13,0.0,0.0,475851746.6974726,312016166.5750995,475845218.0,312016167.0,787861385.0,19207.0,472.489644,311.500427,42220.34,3332.0,59712.34,4141952.0,422502035.1593776,65020.0,57777.24,nan,nan,nan,nan,5213253.0,4.698869,29.620058,14904.0,2.0,1883.0,14394678.0
merge_ampm_assoc4_l1d_ddr4_2x,merge,ampm,stage1,assoc4,l1d,ddr4_2x,0.009772,9772035849.0,37918836.0,38897850.0,29345453.0,1.292155,409869.0,10928050.0,72888.0,211709.0,9793173547.0,23893.423379,5675058391.0,77859.982315,2066015.0,131193.0,5148.0,0.063501,0.710607,1908023.0,1744708.0,163315.0,0.0,6051026.0,3743896.0,0.0,40310.0,54913.0,831011.0,211738.0,nan,nan,nan,nan,nan,nan,nan,nan,nan,nan,nan,nan,nan,nan,nan,nan,13639.0,372.0,36.663978,0.0,0.0,nan,356441.0,53428.0,0.004889,17405.283241,nan,72888.0,0.344284,77526.982315,nan,nan,nan,nan,nan,nan,nan,nan,nan,nan,nan,nan,nan,nan,nan,nan,nan,nan,nan,nan,nan,nan,nan,5213253.0,4.257878,25.583865,10658.0,2.0,1761.0,14391873.0
merge_ampm_assoc4_l2_ddr4_1x,merge,ampm,stage1,assoc4,l2,ddr4_1x,0.010051,10050512760.0,37919459.0,38898537.0,30181720.0,1.256373,836109.0,11102577.0,24399.0,201514.0,15189725054.0,18167.158892,1992648347.0,81669.262962,nan,nan,nan,nan,nan,nan,nan,nan,nan,nan,nan,nan,nan,nan,nan,nan,690360.0,48159.0,647.0,0.069759,0.903834,622335.0,590931.0,31404.0,0.0,837921.0,134838.0,0.0,10988.0,164.0,117485.0,85276.0,0.0,0.0,nan,1655.0,37.0,44.72973,634750.0,201359.0,0.018136,13849.26851,19275.0,5124.0,0.025428,101906.837237,1.82,46.02,0.0,0.0,465361331.47499233,304554411.6099406,465354964.0,304554412.0,769909375.0,19207.0,461.674355,304.165974,49622.73,3332.0,67114.73,nan,nan,nan,nan,4317568.0,429586838.3137101,67943.0,65974.35,5213393.0,4.387634,25.876942,11193.0,2.0,2009.0,14721015.0
merge_ampm_assoc4_l2_ddr4_2x,merge,ampm,stage1,assoc4,l2,ddr4_2x,0.009982,9981989019.0,37918841.0,38897855.0,29975943.0,1.264977,831729.0,11101615.0,19717.0,201480.0,10983971018.0,13206.189778,1252499523.0,63523.838464,nan,nan,nan,nan,nan,nan,nan,nan,nan,nan,nan,nan,nan,nan,nan,nan,719308.0,52811.0,653.0,0.073419,0.913669,651083.0,605537.0,45546.0,0.0,921546.0,183205.0,0.0,14563.0,200.0,130032.0,89869.0,0.0,0.0,nan,5703.0,211.0,27.028436,630373.0,201356.0,0.018138,10299.524444,14727.0,4990.0,0.024767,87529.009218,nan,nan,nan,nan,nan,nan,nan,nan,nan,nan,nan,nan,nan,nan,nan,nan,nan,nan,nan,nan,nan,nan,nan,5213253.0,3.727864,19.170767,5310.0,2.0,1779.0,14719733.0
merge_ampm_assoc64_l1d_ddr4_1x,merge,ampm,stage1,assoc64,l1d,ddr4_1x,0.009799,9799107750.0,37918836.0,38897850.0,29426750.0,1.288585,418966.0,10929399.0,72884.0,211698.0,11686729831.0,27894.22013,6262498656.0,85924.189891,2118242.0,129650.0,5149.0,0.061206,0.703583,1961448.0,1782639.0,178809.0,0.0,5950397.0,3593328.0,0.0,37448.0,57638.0,799789.0,212582.0,nan,nan,nan,nan,nan,nan,nan,nan,nan,nan,nan,nan,nan,nan,nan,nan,6034.0,271.0,22.265683,0.0,0.0,nan,364345.0,54621.0,0.004998,20393.81595,nan,72884.0,0.344283,85591.189891,1.61,46.01,0.0,0.0,476027013.7860256,312132908.22320026,476020483.0,312132908.0,788153391.0,19207.0,472.611193,311.538568,41009.13,3332.0,58501.13,4073280.0,415678662.17207384,63962.0,56235.71,nan,nan,nan,nan,5213253.0,4.717158,29.053788,15049.0,2.0,1806.0,14393806.0
merge_ampm_assoc64_l1d_ddr4_2x,merge,ampm,stage1,assoc64,l1d,ddr4_2x,0.009788,9788339862.0,37918841.0,38897855.0,29394414.0,1.290003,407437.0,10927761.0,72878.0,211698.0,10209846828.0,25058.712949,5563229987.0,76336.205535,2110716.0,131316.0,5148.0,0.062214,0.706665,1953818.0,1789061.0,164757.0,0.0,5941428.0,3600283.0,0.0,37549.0,55251.0,810830.0,213632.0,nan,nan,nan,nan,nan,nan,nan,nan,nan,nan,nan,nan,nan,nan,nan,nan,10104.0,300.0,33.68,0.0,0.0,nan,352928.0,54509.0,0.004988,19302.288888,nan,72878.0,0.344255,76003.205535,nan,nan,nan,nan,nan,nan,nan,nan,nan,nan,nan,nan,nan,nan,nan,nan,nan,nan,nan,nan,nan,nan,nan,5213253.0,4.470101,27.229853,13270.0,2.0,1928.0,14391492.0
merge_ampm_assoc64_l2_ddr4_1x,merge,ampm,stage1,assoc64,l2,ddr4_1x,0.010053,10052657280.0,37919543.0,38898624.0,30188160.0,1.256108,832875.0,11101804.0,22647.0,201504.0,15715801451.0,18869.339878,2015378593.0,88990.974213,nan,nan,nan,nan,nan,nan,nan,nan,nan,nan,nan,nan,nan,nan,nan,nan,757437.0,49861.0,619.0,0.065829,0.846738,693334.0,629935.0,63399.0,0.0,819527.0,56443.0,0.0,4327.0,699.0,115687.0,90420.0,0.0,0.0,nan,8768.0,102.0,85.960784,631517.0,201358.0,0.018137,13997.594543,13622.0,9025.0,0.044788,110262.959003,1.82,45.83,0.0,0.0,464835502.6781536,304521273.80194545,464829136.0,304521274.0,769350410.0,19207.0,461.403972,304.177484,46549.58,3332.0,64041.58,nan,nan,nan,nan,4065856.0,404455845.529432,63981.0,60816.58,5213399.0,4.250441,24.457806,11048.0,2.0,1653.0,14720059.0
merge_ampm_assoc64_l2_ddr4_2x,merge,ampm,stage1,assoc64,l2,ddr4_2x,0.009995,9995427900.0,37918836.0,38897850.0,30016300.0,1.263276,830953.0,11101168.0,19316.0,201463.0,12409001561.0,14933.457802,1440935241.0,74598.014133,nan,nan,nan,nan,nan,nan,nan,nan,nan,nan,nan,nan,nan,nan,nan,nan,786182.0,53155.0,624.0,0.067612,0.855338,721930.0,649643.0,72287.0,0.0,889937.0,94197.0,0.0,7266.0,189.0,126184.0,93771.0,0.0,0.0,nan,7776.0,219.0,35.506849,629599.0,201354.0,0.018138,11234.404586,10326.0,8990.0,0.044624,95374.937486,nan,nan,nan,nan,nan,nan,nan,nan,nan,nan,nan,nan,nan,nan,nan,nan,nan,nan,nan,nan,nan,nan,nan,5213253.0,3.749198,19.096763,5982.0,2.0,1891.0,14719105.0
merge_ampm_default_l1d_ddr4_1x,merge,ampm,stage1,default,l1d,ddr4_1x,0.009794,9794269260.0,37918841.0,38897855.0,29412220.0,1.289222,419694.0,10928785.0,72886.0,211706.0,11596907053.0,27631.815211,6305759043.0,86515.367053,2098879.0,129603.0,5149.0,0.061749,0.703332,1942127.0,1768152.0,173975.0,0.0,5964665.0,3625468.0,0.0,37398.0,57835.0,800168.0,212203.0,nan,nan,nan,nan,nan,nan,nan,nan,nan,nan,nan,nan,nan,nan,nan,nan,7028.0,315.0,22.311111,0.0,0.0,nan,365027.0,54667.0,0.005002,20707.078731,nan,72886.0,0.344279,86182.367053,1.61,46.04,0.0,0.0,476275245.87781245,312306709.0356877,476268711.0,312306709.0,788575420.0,19207.0,472.99496,311.790489,41588.45,3332.0,59080.45,4072832.0,415838271.53226537,63929.0,56698.57,nan,nan,nan,nan,5213253.0,4.6954,28.940244,15251.0,2.0,1679.0,14392976.0
merge_ampm_default_l1d_ddr4_2x,merge,ampm,stage1,default,l1d,ddr4_2x,0.00977,9769696524.0,37918836.0,38897850.0,29338428.0,1.292465,405287.0,10927724.0,72890.0,211712.0,9496114907.0,23430.593399,5593708922.0,76741.787927,2111451.0,131719.0,5149.0,0.062383,0.706992,1954619.0,1780760.0,173859.0,0.0,6035068.0,3687176.0,0.0,38719.0,55488.0,821127.0,213741.0,nan,nan,nan,nan,nan,nan,nan,nan,nan,nan,nan,nan,nan,nan,nan,nan,13835.0,397.0,34.848866,0.0,0.0,nan,350697.0,54590.0,0.004996,18975.869885,nan,72890.0,0.344288,76408.787927,nan,nan,nan,nan,nan,nan,nan,nan,nan,nan,nan,nan,nan,nan,nan,nan,nan,nan,nan,nan,nan,nan,nan,5213253.0,4.305816,25.692505,11424.0,2.0,1700.0,14391431.0
merge_ampm_default_l2_ddr4_1x,merge,ampm,stage1,default,l2,ddr4_1x,0.010053,10052500770.0,37919518.0,38898598.0,30187690.0,1.256127,834662.0,11102319.0,23779.0,201511.0,15115119068.0,18109.269462,2012073576.0,84615.567349,nan,nan,nan,nan,nan,nan,nan,nan,nan,nan,nan,nan,nan,nan,nan,nan,715827.0,48777.0,648.0,0.068141,0.875646,649600.0,607728.0,41872.0,0.0,830354.0,104551.0,0.0,8390.0,308.0,116011.0,87242.0,0.0,0.0,nan,4603.0,54.0,85.240741,633305.0,201357.0,0.018136,13958.429804,16852.0,6927.0,0.034375,102990.885954,1.82,45.88,0.0,0.0,465320232.9473684,304532381.54788023,465313866.0,304532382.0,769846248.0,19207.0,461.939582,304.18222,48160.06,3332.0,65652.06,nan,nan,nan,nan,4205184.0,418322176.3632852,66146.0,64070.75,5213397.0,4.494347,26.712952,12930.0,2.0,1765.0,14720727.0
merge_ampm_default_l2_ddr4_2x,merge,ampm,stage1,default,l2,ddr4_2x,0.00999,9990257409.0,37918836.0,38897850.0,30000773.0,1.26393,831091.0,11101585.0,19600.0,201484.0,11301075263.0,13597.87949,1336949985.0,68211.733929,nan,nan,nan,nan,nan,nan,nan,nan,nan,nan,nan,nan,nan,nan,nan,nan,750423.0,52932.0,653.0,0.070536,0.889016,683833.0,626405.0,57428.0,0.0,904895.0,139948.0,0.0,11116.0,152.0,126941.0,90315.0,0.0,0.0,nan,3790.0,182.0,20.824176,629737.0,201354.0,0.018137,10710.31087,12992.0,6608.0,0.032797,92036.748335,nan,nan,nan,nan,nan,nan,nan,nan,nan,nan,nan,nan,nan,nan,nan,nan,nan,nan,nan,nan,nan,nan,nan,5213253.0,3.881677,21.355971,6736.0,2.0,1811.0,14719689.0
merge_ampm_epoch1024k_l1d_ddr4_1x,merge,ampm,stage1,epoch1024k,l1d,ddr4_1x,0.009785,9785003535.0,37918841.0,38897855.0,29384395.0,1.290443,409415.0,10928920.0,72989.0,211714.0,10831952773.0,26457.146839,6459131202.0,88494.584143,2059074.0,131043.0,5185.0,0.063642,0.705937,1902246.0,1759376.0,142870.0,0.0,6395700.0,4075800.0,0.0,45498.0,54799.0,887968.0,210247.0,nan,nan,nan,nan,nan,nan,nan,nan,nan,nan,nan,nan,nan,nan,nan,nan,9973.0,309.0,32.275081,0.0,0.0,nan,354828.0,54587.0,0.004995,22262.245974,nan,72989.0,0.344753,88161.584143,1.63,46.38,0.0,0.0,477399929.7282829,312936013.6710467,477393389.0,312936014.0,790329403.0,19207.0,473.854913,312.26887,43557.03,3332.0,61049.03,4025472.0,411391982.1900197,63245.0,58571.91,nan,nan,nan,nan,5213253.0,4.57151,28.454457,14936.0,2.0,1710.0,14393150.0
merge_ampm_epoch1024k_l1d_ddr4_2x,merge,ampm,stage1,epoch1024k,l1d,ddr4_2x,0.00976,9759615948.0,37918836.0,38897850.0,29308156.0,1.2938,397035.0,10927618.0,72996.0,211721.0,8706323385.0,21928.352374,5639711007.0,77260.548619,2057201.0,132803.0,5189.0,0.064555,0.710594,1899866.0,1765603.0,134263.0,0.0,6253261.0,3945928.0,0.0,44504.0,52586.0,878345.0,211814.0,nan,nan,nan,nan,nan,nan,nan,nan,nan,nan,nan,nan,nan,nan,nan,nan,17865.0,491.0,36.384929,0.0,0.0,nan,342948.0,54087.0,0.00495,19874.307116,nan,72996.0,0.344774,76927.548619,nan,nan,nan,nan,nan,nan,nan,nan,nan,nan,nan,nan,nan,nan,nan,nan,nan,nan,nan,nan,nan,nan,nan,5213253.0,4.209764,25.355315,10441.0,2.0,1762.0,14391288.0
merge_ampm_epoch1024k_l2_ddr4_1x,merge,ampm,stage1,epoch1024k,l2,ddr4_1x,0.010031,10031019939.0,37919515.0,38898595.0,30123183.0,1.258816,831371.0,11102246.0,22041.0,201519.0,13877763995.0,16692.624586,1763481082.0,80009.123089,nan,nan,nan,nan,nan,nan,nan,nan,nan,nan,nan,nan,nan,nan,nan,nan,720828.0,50521.0,646.0,0.070087,0.874489,654835.0,608112.0,46723.0,0.0,921175.0,183088.0,0.0,14797.0,252.0,129788.0,88371.0,0.0,0.0,nan,2450.0,67.0,36.567164,630013.0,201358.0,0.018137,12762.728777,14790.0,7251.0,0.035982,104064.497311,1.82,46.08,0.0,0.0,466833485.3760478,305407826.78430283,466820725.0,305407827.0,772228552.0,19207.0,463.132964,305.076056,51065.35,3332.0,68557.35,nan,nan,nan,nan,4186496.0,417354967.4368761,65892.0,67060.7,5213397.0,4.217786,24.496311,9772.0,2.0,1879.0,14720628.0
merge_ampm_epoch1024k_l2_ddr4_2x,merge,ampm,stage1,epoch1024k,l2,ddr4_2x,0.009985,9985081257.0,37918841.0,38897855.0,29985229.0,1.264585,830847.0,11101584.0,19124.0,201482.0,11043890039.0,13292.327034,1285949359.0,67242.698128,nan,nan,nan,nan,nan,nan,nan,nan,nan,nan,nan,nan,nan,nan,nan,nan,743888.0,53406.0,653.0,0.071793,0.888841,677341.0,621741.0,55600.0,0.0,920832.0,160325.0,0.0,12713.0,152.0,129750.0,89865.0,0.0,0.0,nan,4209.0,209.0,20.138756,629493.0,201354.0,0.018137,10470.138875,12445.0,6679.0,0.033149,92335.82168,nan,nan,nan,nan,nan,nan,nan,nan,nan,nan,nan,nan,nan,nan,nan,nan,nan,nan,nan,nan,nan,nan,nan,5213253.0,3.829212,20.793742,6455.0,2.0,1768.0,14719677.0
merge_ampm_epoch128k_l1d_ddr4_1x,merge,ampm,stage1,epoch128k,l1d,ddr4_1x,0.009787,9787283586.0,37918836.0,38897850.0,29391242.0,1.290142,418013.0,10928781.0,72895.0,211715.0,11191006693.0,26771.910665,6384233911.0,87581.23206,2123582.0,129823.0,5149.0,0.061134,0.703693,1966818.0,1769301.0,197517.0,0.0,6027765.0,3656663.0,0.0,38562.0,57835.0,802742.0,212427.0,nan,nan,nan,nan,nan,nan,nan,nan,nan,nan,nan,nan,nan,nan,nan,nan,7028.0,315.0,22.311111,0.0,0.0,nan,363348.0,54665.0,0.005002,20760.090497,nan,72895.0,0.344307,87248.23206,1.62,46.02,0.0,0.0,476674039.22712904,312529617.9601268,476667500.0,312529618.0,789197118.0,19207.0,473.397951,311.980334,42612.02,3332.0,60104.02,4073600.0,416213545.28104097,63941.0,57807.94,nan,nan,nan,nan,5213253.0,4.575746,28.151762,12963.0,2.0,1679.0,14392971.0
merge_ampm_epoch128k_l1d_ddr4_2x,merge,ampm,stage1,epoch128k,l1d,ddr4_2x,0.009765,9764559999.0,37918836.0,38897850.0,29323003.0,1.293144,403940.0,10927711.0,72897.0,211719.0,9207374270.0,22793.915606,5595571017.0,76759.96292,2115864.0,131896.0,5149.0,0.062337,0.707274,1959024.0,1782333.0,176691.0,0.0,6062645.0,3704105.0,0.0,39496.0,55488.0,822752.0,213984.0,nan,nan,nan,nan,nan,nan,nan,nan,nan,nan,nan,nan,nan,nan,nan,nan,13835.0,397.0,34.848866,0.0,0.0,nan,349351.0,54589.0,0.004995,18978.688051,nan,72897.0,0.34431,76426.96292,nan,nan,nan,nan,nan,nan,nan,nan,nan,nan,nan,nan,nan,nan,nan,nan,nan,nan,nan,nan,nan,nan,nan,5213253.0,4.263525,25.385287,10860.0,2.0,1684.0,14391426.0
merge_ampm_epoch128k_l2_ddr4_1x,merge,ampm,stage1,epoch128k,l2,ddr4_1x,0.010044,10044462483.0,37919552.0,38898634.0,30163551.0,1.257133,833888.0,11102323.0,23469.0,201509.0,14716070516.0,17647.538418,1912750332.0,81501.143295,nan,nan,nan,nan,nan,nan,nan,nan,nan,nan,nan,nan,nan,nan,nan,nan,727814.0,49084.0,648.0,0.06744,0.876657,661525.0,609051.0,52474.0,0.0,842341.0,104551.0,0.0,8390.0,308.0,116644.0,87476.0,0.0,0.0,nan,4603.0,54.0,85.240741,632532.0,201356.0,0.018136,13475.578344,16563.0,6906.0,0.034271,104236.907761,1.83,45.86,0.0,0.0,465953853.47112554,304884408.21826303,465947482.0,304884408.0,770831890.0,19207.0,462.570497,304.540338,49024.29,3332.0,66516.29,nan,nan,nan,nan,4209152.0,419051990.79830146,66208.0,64892.11,5213400.0,4.323015,25.088097,10338.0,2.0,1803.0,14720714.0
merge_ampm_epoch128k_l2_ddr4_2x,merge,ampm,stage1,epoch128k,l2,ddr4_2x,0.010016,10016462844.0,37919490.0,38898569.0,30079468.0,1.260645,832288.0,11101844.0,21719.0,201508.0,12561770972.0,15093.057898,1593446586.0,73366.480317,nan,nan,nan,nan,nan,nan,nan,nan,nan,nan,nan,nan,nan,nan,nan,nan,734417.0,50836.0,653.0,0.06922,0.894543,667190.0,618684.0,48506.0,0.0,827717.0,84441.0,0.0,6726.0,152.0,115146.0,88294.0,0.0,0.0,nan,2317.0,114.0,20.324561,630932.0,201356.0,0.018137,11941.662488,15726.0,5993.0,0.029741,90048.352077,nan,nan,nan,nan,nan,nan,nan,nan,nan,nan,nan,nan,nan,nan,nan,nan,nan,nan,nan,nan,nan,nan,nan,5213395.0,4.168211,23.424765,9456.0,2.0,1768.0,14720030.0
merge_ampm_epoch512k_l1d_ddr4_1x,merge,ampm,stage1,epoch512k,l1d,ddr4_1x,0.009794,9794498031.0,37918841.0,38897855.0,29412907.0,1.289192,419971.0,10929050.0,72942.0,211733.0,11669150081.0,27785.609199,6302894310.0,86409.672205,2101178.0,129570.0,5222.0,0.061665,0.703619,1944310.0,1769482.0,174828.0,0.0,5972771.0,3631745.0,0.0,38043.0,56629.0,806435.0,211927.0,nan,nan,nan,nan,nan,nan,nan,nan,nan,nan,nan,nan,nan,nan,nan,nan,6095.0,264.0,23.087121,0.0,0.0,nan,365393.0,54578.0,0.004994,20475.509711,nan,72942.0,0.3445,86076.672205,1.62,46.34,0.0,0.0,476630041.1950126,312482374.3200567,476623507.0,312482374.0,789105881.0,19207.0,473.05579,311.822412,41523.27,3332.0,59015.27,4075648.0,416116067.1124137,64023.0,56755.39,nan,nan,nan,nan,5213253.0,4.68256,29.01524,14912.0,2.0,1715.0,14393308.0
merge_ampm_epoch512k_l1d_ddr4_2x,merge,ampm,stage1,epoch512k,l1d,ddr4_2x,0.009778,9777749463.0,37918836.0,38897850.0,29362611.0,1.2914,406407.0,10927570.0,72944.0,211733.0,9836410247.0,24203.348483,5590092563.0,76635.399251,2087061.0,131438.0,5221.0,0.062978,0.706907,1930112.0,1772920.0,157192.0,0.0,5999176.0,3677481.0,0.0,39096.0,54129.0,825135.0,213163.0,nan,nan,nan,nan,nan,nan,nan,nan,nan,nan,nan,nan,nan,nan,nan,nan,13129.0,394.0,33.322335,0.0,0.0,nan,351911.0,54496.0,0.004987,18939.698859,nan,72944.0,0.344509,76302.399251,nan,nan,nan,nan,nan,nan,nan,nan,nan,nan,nan,nan,nan,nan,nan,nan,nan,nan,nan,nan,nan,nan,nan,5213253.0,4.383228,26.481515,12238.0,2.0,1762.0,14391220.0
merge_ampm_epoch512k_l2_ddr4_1x,merge,ampm,stage1,epoch512k,l2,ddr4_1x,0.010036,10035949671.0,37919471.0,38898549.0,30137987.0,1.258197,831304.0,11102329.0,22041.0,201510.0,14011057235.0,16854.312303,1796207324.0,81493.912436,nan,nan,nan,nan,nan,nan,nan,nan,nan,nan,nan,nan,nan,nan,nan,nan,723682.0,50513.0,648.0,0.0698,0.872765,657814.0,610853.0,46961.0,0.0,924671.0,183553.0,0.0,14857.0,334.0,130423.0,88626.0,0.0,0.0,nan,4961.0,87.0,57.022989,629948.0,201356.0,0.018136,12926.945976,14677.0,7364.0,0.036544,105208.419609,1.85,46.07,0.0,0.0,466572287.97495836,305257808.2224223,466559534.0,305257808.0,771817342.0,19207.0,463.186061,304.919823,52283.9,3332.0,69775.9,nan,nan,nan,nan,4181632.0,416665301.94778615,65778.0,68308.41,5213392.0,4.26672,25.32956,10759.0,2.0,1834.0,14720706.0
merge_ampm_epoch512k_l2_ddr4_2x,merge,ampm,stage1,epoch512k,l2,ddr4_2x,0.009985,9985081257.0,37918841.0,38897855.0,29985229.0,1.264585,830847.0,11101584.0,19124.0,201482.0,11043890039.0,13292.327034,1285949359.0,67242.698128,nan,nan,nan,nan,nan,nan,nan,nan,nan,nan,nan,nan,nan,nan,nan,nan,747404.0,53406.0,653.0,0.071455,0.888841,680857.0,625259.0,55598.0,0.0,924348.0,160325.0,0.0,12713.0,152.0,130384.0,90499.0,0.0,0.0,nan,4209.0,209.0,20.138756,629493.0,201354.0,0.018137,10470.138875,12445.0,6679.0,0.033149,92335.82168,nan,nan,nan,nan,nan,nan,nan,nan,nan,nan,nan,nan,nan,nan,nan,nan,nan,nan,nan,nan,nan,nan,nan,5213253.0,3.829257,20.793343,6454.0,2.0,1768.0,14719677.0
merge_ampm_epoch64k_l1d_ddr4_1x,merge,ampm,stage1,epoch64k,l1d,ddr4_1x,0.009792,9791711487.0,37918857.0,38897873.0,29404539.0,1.289559,420347.0,10928794.0,72893.0,211713.0,11454819959.0,27250.866448,6382792828.0,87563.865227,2128222.0,129493.0,5149.0,0.060846,0.704195,1971191.0,1767120.0,204071.0,0.0,5916332.0,3540188.0,0.0,37881.0,57748.0,780877.0,212022.0,nan,nan,nan,nan,nan,nan,nan,nan,nan,nan,nan,nan,nan,nan,nan,nan,6692.0,305.0,21.940984,0.0,0.0,nan,365952.0,54395.0,0.004977,20302.207115,nan,72893.0,0.344301,87230.865227,1.63,46.01,0.0,0.0,476445410.61016667,312388289.2241104,476438874.0,312388289.0,788827164.0,19207.0,473.170804,311.780428,42607.95,3332.0,60099.95,4090688.0,417770479.188548,64208.0,57910.2,nan,nan,nan,nan,5213255.0,4.630703,28.587329,13623.0,2.0,1767.0,14392977.0
merge_ampm_epoch64k_l1d_ddr4_2x,merge,ampm,stage1,epoch64k,l1d,ddr4_2x,0.009777,9776670876.0,37918841.0,38897855.0,29359372.0,1.291543,412777.0,10927725.0,72894.0,211716.0,10035164696.0,24311.346553,5597009731.0,76782.859097,2136433.0,130643.0,5149.0,0.06115,0.706927,1979169.0,1773532.0,205637.0,0.0,5824794.0,3456828.0,0.0,35576.0,55382.0,772069.0,212879.0,nan,nan,nan,nan,nan,nan,nan,nan,nan,nan,nan,nan,nan,nan,nan,nan,10919.0,307.0,35.566775,0.0,0.0,nan,358616.0,54161.0,0.004956,18249.673935,nan,72894.0,0.344301,76449.859097,nan,nan,nan,nan,nan,nan,nan,nan,nan,nan,nan,nan,nan,nan,nan,nan,nan,nan,nan,nan,nan,nan,nan,5213253.0,4.365132,26.185715,11652.0,2.0,1846.0,14391448.0
merge_ampm_epoch64k_l2_ddr4_1x,merge,ampm,stage1,epoch64k,l2,ddr4_1x,0.010048,10047529413.0,37919496.0,38898575.0,30172761.0,1.256747,834701.0,11102319.0,23938.0,201507.0,14858436341.0,17800.908758,1953280761.0,81597.491896,nan,nan,nan,nan,nan,nan,nan,nan,nan,nan,nan,nan,nan,nan,nan,nan,723986.0,48613.0,648.0,0.067146,0.884999,657110.0,606406.0,50704.0,0.0,814916.0,82999.0,0.0,6660.0,291.0,112364.0,86616.0,0.0,0.0,nan,4192.0,47.0,89.191489,633345.0,201356.0,0.018136,13667.683933,17621.0,6317.0,0.031349,103400.585246,1.82,45.8,0.0,0.0,465786145.79070354,304784974.9051538,465779776.0,304784975.0,770564751.0,19207.0,462.403822,304.43464,47649.3,3332.0,65141.3,nan,nan,nan,nan,4246656.0,422656737.3373859,66794.0,63582.89,5213394.0,4.395586,25.855664,10868.0,2.0,1803.0,14720684.0
merge_ampm_epoch64k_l2_ddr4_2x,merge,ampm,stage1,epoch64k,l2,ddr4_2x,0.010008,10007970678.0,37918841.0,38897855.0,30053966.0,1.261693,832101.0,11101574.0,21516.0,201486.0,12132755750.0,14580.869089,1515663780.0,70443.566648,nan,nan,nan,nan,nan,nan,nan,nan,nan,nan,nan,nan,nan,nan,nan,nan,742000.0,51018.0,653.0,0.068757,0.894943,674794.0,618685.0,56109.0,0.0,835300.0,84441.0,0.0,6726.0,152.0,115449.0,88307.0,0.0,0.0,nan,2317.0,114.0,20.324561,630747.0,201354.0,0.018137,11561.216052,15527.0,5989.0,0.029724,89713.887627,nan,nan,nan,nan,nan,nan,nan,nan,nan,nan,nan,nan,nan,nan,nan,nan,nan,nan,nan,nan,nan,nan,nan,5213253.0,4.094666,22.823247,8213.0,2.0,1768.0,14719657.0
merge_ampm_hz128_l1d_ddr4_1x,merge,ampm,stage1,hz128,l1d,ddr4_1x,0.011631,11631439917.0,37919564.0,38898646.0,34929249.0,1.085612,1068810.0,11228826.0,72119.0,201575.0,34092551316.0,31897.672473,5286349026.0,73300.365036,0.0,0.0,nan,nan,0.0,0.0,0.0,0.0,0.0,0.0,0.0,0.0,0.0,0.0,0.0,0.0,nan,nan,nan,nan,nan,nan,nan,nan,nan,nan,nan,nan,nan,nan,nan,nan,0.0,0.0,nan,0.0,0.0,nan,867466.0,201344.0,0.017931,29308.864059,nan,72119.0,0.357778,72967.365036,1.24,47.36,0.0,0.0,396827910.6401887,261410111.0178137,396822408.0,261410111.0,658232519.0,19207.0,395.122189,261.096478,28566.65,3332.0,46058.65,nan,nan,nan,nan,nan,nan,nan,nan,5213399.0,6.69408,37.494426,20286.0,2.0,1690.0,15007116.0
merge_ampm_hz128_l1d_ddr4_2x,merge,ampm,stage1,hz128,l1d,ddr4_2x,0.011689,11688827472.0,37919601.0,38898685.0,35101584.0,1.080283,1062413.0,11215225.0,72125.0,201579.0,31577432952.0,29722.370634,5065427502.0,70231.23053,0.0,0.0,nan,nan,0.0,0.0,0.0,0.0,0.0,0.0,0.0,0.0,0.0,0.0,0.0,0.0,nan,nan,nan,nan,nan,nan,nan,nan,nan,nan,nan,nan,nan,nan,nan,nan,0.0,0.0,nan,0.0,0.0,nan,861069.0,201344.0,0.017953,28217.410184,nan,72125.0,0.3578,69898.23053,nan,nan,nan,nan,nan,nan,nan,nan,nan,nan,nan,nan,nan,nan,nan,nan,nan,nan,nan,nan,nan,nan,nan,5213402.0,6.505994,35.926951,18231.0,2.0,1886.0,14988155.0
merge_ampm_hz128_l2_ddr4_1x,merge,ampm,stage1,hz128,l2,ddr4_1x,0.011631,11631439917.0,37919564.0,38898646.0,34929249.0,1.085612,1068810.0,11228826.0,72119.0,201575.0,34092551316.0,31897.672473,5286349026.0,73300.365036,nan,nan,nan,nan,nan,nan,nan,nan,nan,nan,nan,nan,nan,nan,nan,nan,0.0,0.0,nan,nan,0.0,0.0,0.0,0.0,0.0,0.0,0.0,0.0,0.0,0.0,0.0,0.0,0.0,0.0,nan,0.0,0.0,nan,867466.0,201344.0,0.017931,29308.864059,nan,72119.0,0.357778,72967.365036,1.24,47.36,0.0,0.0,396827910.6401887,261410111.0178137,396822408.0,261410111.0,658232519.0,19207.0,395.122189,261.096478,28566.65,3332.0,46058.65,nan,nan,nan,nan,nan,nan,nan,nan,5213399.0,6.69408,37.494426,20286.0,2.0,1690.0,15007116.0
merge_ampm_hz128_l2_ddr4_2x,merge,ampm,stage1,hz128,l2,ddr4_2x,0.011689,11688827472.0,37919601.0,38898685.0,35101584.0,1.080283,1062413.0,11215225.0,72125.0,201579.0,31577432952.0,29722.370634,5065427502.0,70231.23053,nan,nan,nan,nan,nan,nan,nan,nan,nan,nan,nan,nan,nan,nan,nan,nan,0.0,0.0,nan,nan,0.0,0.0,0.0,0.0,0.0,0.0,0.0,0.0,0.0,0.0,0.0,0.0,0.0,0.0,nan,0.0,0.0,nan,861069.0,201344.0,0.017953,28217.410184,nan,72125.0,0.3578,69898.23053,nan,nan,nan,nan,nan,nan,nan,nan,nan,nan,nan,nan,nan,nan,nan,nan,nan,nan,nan,nan,nan,nan,nan,5213402.0,6.505994,35.926951,18231.0,2.0,1886.0,14988155.0
merge_ampm_hz1k_l1d_ddr4_1x,merge,ampm,stage1,hz1k,l1d,ddr4_1x,0.009762,9762319908.0,37918841.0,38897855.0,29316276.0,1.293441,354976.0,10927515.0,72504.0,207387.0,11913009397.0,33560.041797,6350941198.0,87594.356146,809631.0,139463.0,2884.0,0.172255,0.943044,610968.0,451606.0,159362.0,0.0,2220171.0,1192719.0,0.0,63025.0,0.0,132049.0,48118.0,nan,nan,nan,nan,nan,nan,nan,nan,nan,nan,nan,nan,nan,nan,nan,nan,29.0,3.0,9.666667,0.0,0.0,nan,346553.0,8423.0,0.000771,18191.375282,nan,72504.0,0.349607,87261.356146,1.53,46.08,0.0,0.0,475329639.2384522,312319205.7557391,475323083.0,312319206.0,787642289.0,19207.0,472.497526,311.925857,42533.43,3332.0,60025.43,4507968.0,461772206.04149866,70824.0,59850.01,nan,nan,nan,nan,5213253.0,3.960067,23.311101,8343.0,2.0,1770.0,14391575.0
merge_ampm_hz1k_l1d_ddr4_2x,merge,ampm,stage1,hz1k,l1d,ddr4_2x,0.009747,9746841735.0,37918836.0,38897850.0,29269795.0,1.295495,327778.0,10926293.0,72550.0,207448.0,9807297544.0,29920.548493,5656934574.0,77972.909359,907858.0,142890.0,2931.0,0.157392,0.941888,709525.0,491606.0,217919.0,0.0,2150209.0,1063582.0,0.0,55468.0,0.0,125537.0,51227.0,nan,nan,nan,nan,nan,nan,nan,nan,nan,nan,nan,nan,nan,nan,nan,nan,580.0,16.0,36.25,0.0,0.0,nan,318962.0,8816.0,0.000807,16032.235141,nan,72550.0,0.349726,77639.909359,nan,nan,nan,nan,nan,nan,nan,nan,nan,nan,nan,nan,nan,nan,nan,nan,nan,nan,nan,nan,nan,nan,nan,5213253.0,3.700022,21.748568,7604.0,2.0,1824.0,14389725.0
merge_ampm_hz1k_l2_ddr4_1x,merge,ampm,stage1,hz1k,l2,ddr4_1x,0.010012,10011882429.0,37919490.0,38898569.0,30065713.0,1.261222,830866.0,11099431.0,24129.0,201593.0,13857800322.0,16678.742808,1823126049.0,75557.464006,nan,nan,nan,nan,nan,nan,nan,nan,nan,nan,nan,nan,nan,nan,nan,nan,378563.0,48206.0,379.0,0.127339,0.960987,307868.0,239537.0,68331.0,0.0,410338.0,26351.0,0.0,4380.0,0.0,26650.0,19826.0,0.0,0.0,nan,0.0,0.0,nan,629516.0,201350.0,0.018141,13011.729799,22172.0,1957.0,0.009708,109840.143587,1.59,46.4,0.0,0.0,464414562.6932232,304924076.1314977,464395385.0,304924076.0,769319462.0,19207.0,461.627474,304.527747,46848.66,3332.0,64340.66,nan,nan,nan,nan,4501312.0,449596969.59301955,70693.0,63426.72,5213395.0,4.262062,23.802092,7894.0,2.0,1937.0,14711115.0
merge_ampm_hz1k_l2_ddr4_2x,merge,ampm,stage1,hz1k,l2,ddr4_2x,0.010016,10015593048.0,37919515.0,38898595.0,30076856.0,1.260755,830848.0,11101410.0,23603.0,201520.0,13174589211.0,15856.798369,1738165761.0,73641.730331,nan,nan,nan,nan,nan,nan,nan,nan,nan,nan,nan,nan,nan,nan,nan,nan,361052.0,48736.0,378.0,0.134983,0.952303,290846.0,244020.0,46826.0,0.0,367516.0,5052.0,0.0,885.0,0.0,23492.0,19983.0,0.0,0.0,nan,0.0,0.0,nan,629489.0,201359.0,0.018138,12618.508559,21162.0,2441.0,0.012113,94129.591561,nan,nan,nan,nan,nan,nan,nan,nan,nan,nan,nan,nan,nan,nan,nan,nan,nan,nan,nan,nan,nan,nan,nan,5213397.0,4.233755,23.386414,9632.0,2.0,1862.0,14719584.0
merge_ampm_hz256_l1d_ddr4_1x,merge,ampm,stage1,hz256,l1d,ddr4_1x,0.009859,9859279185.0,37918836.0,38897850.0,29607445.0,1.280721,576360.0,10938180.0,72178.0,202908.0,16676083557.0,28933.450547,5798037153.0,80329.70092,373984.0,105959.0,552.0,0.283325,0.929212,179444.0,3308.0,176136.0,0.0,667235.0,106192.0,0.0,41813.0,0.0,10228.0,1726.0,nan,nan,nan,nan,nan,nan,nan,nan,nan,nan,nan,nan,nan,nan,nan,nan,0.0,0.0,nan,0.0,0.0,nan,568288.0,8072.0,0.000738,16500.909068,nan,72178.0,0.355718,79996.70092,1.37,46.72,0.0,0.0,468538917.8377344,308527220.1874462,468532426.0,308527220.0,777059647.0,19207.0,466.383791,308.144231,35631.27,3332.0,53123.27,4500928.0,456516943.63699067,70616.0,53020.67,nan,nan,nan,nan,5213253.0,4.55726,28.730452,14856.0,2.0,1818.0,14407665.0
merge_ampm_hz256_l1d_ddr4_2x,merge,ampm,stage1,hz256,l1d,ddr4_2x,0.009842,9842179635.0,37918841.0,38897855.0,29556095.0,1.282946,549759.0,10930708.0,72185.0,202915.0,14421633930.0,26232.647269,5377015935.0,74489.38055,354835.0,108472.0,552.0,0.305697,0.931114,160247.0,4301.0,155946.0,0.0,643524.0,110794.0,0.0,42995.0,0.0,9851.0,1769.0,nan,nan,nan,nan,nan,nan,nan,nan,nan,nan,nan,nan,nan,nan,nan,nan,0.0,0.0,nan,0.0,0.0,nan,541734.0,8025.0,0.000734,16312.477009,nan,72185.0,0.35574,74156.38055,nan,nan,nan,nan,nan,nan,nan,nan,nan,nan,nan,nan,nan,nan,nan,nan,nan,nan,nan,nan,nan,nan,nan,5213253.0,4.331555,27.0145,13475.0,2.0,1891.0,14396863.0
merge_ampm_hz256_l2_ddr4_1x,merge,ampm,stage1,hz256,l2,ddr4_1x,0.010083,10082935971.0,37919543.0,38898624.0,30279087.0,1.252336,855679.0,11104074.0,30059.0,201587.0,17895453627.0,20913.746425,2481852996.0,82566.053295,nan,nan,nan,nan,nan,nan,nan,nan,nan,nan,nan,nan,nan,nan,nan,nan,70972.0,42106.0,98.0,0.593276,0.944271,1201.0,205.0,996.0,0.0,70972.0,0.0,0.0,0.0,0.0,1134.0,663.0,0.0,0.0,nan,0.0,0.0,nan,654330.0,201349.0,0.018133,16167.487447,27574.0,2485.0,0.012327,93207.437022,1.35,46.41,0.0,0.0,458628321.48297095,301905715.632358,458628321.0,301905716.0,760534037.0,19207.0,456.520999,301.518527,35862.19,3332.0,53354.19,nan,nan,nan,nan,4448192.0,441160393.4403284,69769.0,52639.76,5213399.0,4.838982,28.784069,13851.0,2.0,1885.0,14717969.0
merge_ampm_hz256_l2_ddr4_2x,merge,ampm,stage1,hz256,l2,ddr4_2x,0.010067,10066866057.0,37919552.0,38898634.0,30230829.0,1.254335,839094.0,11100726.0,27368.0,201585.0,15636380628.0,18634.837847,2131180353.0,77871.249379,nan,nan,nan,nan,nan,nan,nan,nan,nan,nan,nan,nan,nan,nan,nan,nan,70972.0,44798.0,97.0,0.631207,0.947344,1205.0,249.0,956.0,0.0,70972.0,0.0,0.0,0.0,0.0,1134.0,715.0,0.0,0.0,nan,0.0,0.0,nan,637744.0,201350.0,0.018138,14481.211582,24878.0,2490.0,0.012352,85110.520482,nan,nan,nan,nan,nan,nan,nan,nan,nan,nan,nan,nan,nan,nan,nan,nan,nan,nan,nan,nan,nan,nan,nan,5213400.0,4.553375,26.153351,12483.0,2.0,1711.0,14713893.0
merge_ampm_hz2k_l1d_ddr4_1x,merge,ampm,stage1,hz2k,l1d,ddr4_1x,0.009814,9814380462.0,37918836.0,38897850.0,29472614.0,1.28658,406935.0,10936579.0,72563.0,208320.0,13360634962.0,32832.356425,6328016146.0,87207.201273,885177.0,134981.0,3438.0,0.15249,0.932202,686967.0,488192.0,198764.0,11.0,2127267.0,1056778.0,0.0,55177.0,52.0,219442.0,118205.0,nan,nan,nan,nan,nan,nan,nan,nan,nan,nan,nan,nan,nan,nan,nan,nan,3148.0,90.0,34.977778,0.0,0.0,nan,397118.0,9817.0,0.000898,26497.736376,nan,72563.0,0.348325,86874.201273,1.68,46.65,0.0,0.0,473192986.35113376,311086370.84340495,473186465.0,311086371.0,784272836.0,19207.0,470.180264,310.701629,42278.3,3332.0,59770.3,4441024.0,452501715.9458068,69782.0,59397.52,nan,nan,nan,nan,5213253.0,4.179565,26.460528,11207.0,2.0,1765.0,14404798.0
merge_ampm_hz2k_l1d_ddr4_2x,merge,ampm,stage1,hz2k,l1d,ddr4_2x,0.009781,9780796746.0,37918841.0,38897855.0,29371762.0,1.290998,380085.0,10934548.0,72569.0,208395.0,10705585584.0,28166.293287,5669926295.0,78131.520277,883297.0,138383.0,3464.0,0.156666,0.935235,684785.0,502707.0,182067.0,11.0,2195912.0,1129316.0,0.0,55631.0,18.0,238560.0,122354.0,nan,nan,nan,nan,nan,nan,nan,nan,nan,nan,nan,nan,nan,nan,nan,nan,4748.0,191.0,24.858639,0.0,0.0,nan,370502.0,9583.0,0.000876,24930.034749,nan,72569.0,0.348228,77798.520277,nan,nan,nan,nan,nan,nan,nan,nan,nan,nan,nan,nan,nan,nan,nan,nan,nan,nan,nan,nan,nan,nan,nan,5213253.0,3.777689,22.715218,8008.0,2.0,1773.0,14401835.0
merge_ampm_hz2k_l2_ddr4_1x,merge,ampm,stage1,hz2k,l2,ddr4_1x,0.01002,10020077892.0,37919415.0,38898491.0,30090324.0,1.260188,826033.0,11101171.0,21739.0,201524.0,13616935089.0,16484.734979,1739216037.0,80004.417729,nan,nan,nan,nan,nan,nan,nan,nan,nan,nan,nan,nan,nan,nan,nan,nan,655439.0,50816.0,628.0,0.07753,0.93772,585678.0,542959.0,42719.0,0.0,859033.0,186104.0,0.0,15056.0,334.0,120725.0,90336.0,0.0,0.0,nan,5515.0,60.0,91.916667,624676.0,201357.0,0.018138,12649.098159,18364.0,3375.0,0.016747,125493.144889,1.88,46.15,0.0,0.0,466966429.84539384,305613592.3299467,466960043.0,305613592.0,772573635.0,19207.0,463.051091,305.262298,56724.45,3332.0,74216.45,nan,nan,nan,nan,4427392.0,441852054.2175442,69720.0,72411.56,5213388.0,4.175181,23.48727,9099.0,2.0,1808.0,14719268.0
merge_ampm_hz2k_l2_ddr4_2x,merge,ampm,stage1,hz2k,l2,ddr4_2x,0.010005,10005221430.0,37918841.0,38897855.0,30045710.0,1.26204,830573.0,11099015.0,22313.0,201558.0,12630591759.0,15207.082049,1632917751.0,73182.3489,nan,nan,nan,nan,nan,nan,nan,nan,nan,nan,nan,nan,nan,nan,nan,nan,647940.0,50203.0,614.0,0.077481,0.952456,577266.0,535699.0,41567.0,0.0,722023.0,67190.0,0.0,5229.0,233.0,100833.0,85606.0,0.0,0.0,nan,3468.0,130.0,26.676923,629224.0,201349.0,0.018141,12130.123134,19807.0,2506.0,0.012433,99645.256584,nan,nan,nan,nan,nan,nan,nan,nan,nan,nan,nan,nan,nan,nan,nan,nan,nan,nan,nan,nan,nan,nan,nan,5213253.0,4.14061,22.486235,8837.0,2.0,1583.0,14710540.0
merge_ampm_hz4k_l2_ddr4_1x,merge,ampm,stage1,hz4k,l2,ddr4_1x,0.010033,10033473150.0,37919496.0,38898575.0,30130550.0,1.258508,823394.0,11099393.0,17957.0,201474.0,13351311318.0,16214.972805,1663830954.0,92656.398842,nan,nan,nan,nan,nan,nan,nan,nan,nan,nan,nan,nan,nan,nan,nan,nan,1108018.0,54808.0,942.0,0.049465,0.926515,1038313.0,984282.0,54031.0,0.0,1463399.0,113040.0,0.0,4838.0,234519.0,483086.0,441110.0,0.0,0.0,nan,26932.0,695.0,38.751079,622045.0,201349.0,0.018141,12424.529012,13610.0,4347.0,0.021576,138683.638831,7.16,49.22,0.0,1225.0,469545084.69482476,306691805.91767466,469545085.0,306691806.0,776236891.0,19207.0,465.296905,306.283572,68607.89,3332.0,86099.89,nan,nan,nan,nan,4395392.0,438072832.2375588,69251.0,83801.92,5213394.0,4.135422,25.359769,10144.0,2.0,1866.0,14711108.0
merge_ampm_hz4k_l2_ddr4_2x,merge,ampm,stage1,hz4k,l2,ddr4_2x,0.009997,9996891768.0,37918836.0,38897850.0,30020696.0,1.263091,830244.0,11099264.0,19527.0,201454.0,11826837984.0,14245.014699,1478408701.0,75711.000205,nan,nan,nan,nan,nan,nan,nan,nan,nan,nan,nan,nan,nan,nan,nan,nan,1075470.0,53221.0,913.0,0.049486,0.948427,1004417.0,966379.0,38038.0,0.0,1283250.0,79503.0,0.0,3187.0,123073.0,422805.0,397077.0,0.0,0.0,nan,8930.0,455.0,19.626374,628896.0,201348.0,0.018141,11439.05639,16633.0,2894.0,0.014366,100237.578784,nan,nan,nan,nan,nan,nan,nan,nan,nan,nan,nan,nan,nan,nan,nan,nan,nan,nan,nan,nan,nan,nan,nan,5213253.0,4.026743,22.332727,8414.0,2.0,1798.0,14710879.0
merge_ampm_hz512_l1d_ddr4_1x,merge,ampm,stage1,hz512,l1d,ddr4_1x,0.009773,9773332551.0,37918836.0,38897850.0,29349347.0,1.291984,482816.0,10929021.0,72293.0,205065.0,13277585790.0,27500.301958,6145687219.0,85010.820121,605835.0,117953.0,1581.0,0.194695,0.909822,412757.0,154299.0,258458.0,0.0,1376024.0,543758.0,0.0,53566.0,0.0,41655.0,8557.0,nan,nan,nan,nan,nan,nan,nan,nan,nan,nan,nan,nan,nan,nan,nan,nan,0.0,0.0,nan,0.0,0.0,nan,471125.0,11691.0,0.00107,13332.532717,nan,72293.0,0.352537,84677.820121,1.44,47.19,0.0,0.0,473412316.2039122,311521989.4659655,473405768.0,311521989.0,784927757.0,19207.0,470.799492,311.14218,39924.03,3332.0,57416.03,4503808.0,460826230.6125226,70728.0,57274.74,nan,nan,nan,nan,5213253.0,4.078088,24.554411,8262.0,2.0,1739.0,14393422.0
merge_ampm_hz512_l1d_ddr4_2x,merge,ampm,stage1,hz512,l1d,ddr4_2x,0.009766,9766284939.0,37918841.0,38897855.0,29328183.0,1.292916,471464.0,10927928.0,72301.0,205072.0,11460543651.0,24308.417294,5668037294.0,78395.005519,621083.0,119323.0,1580.0,0.192121,0.910744,428008.0,160008.0,268000.0,0.0,1354906.0,530084.0,0.0,49490.0,0.0,41702.0,8558.0,nan,nan,nan,nan,nan,nan,nan,nan,nan,nan,nan,nan,nan,nan,nan,nan,0.0,0.0,nan,0.0,0.0,nan,459770.0,11694.0,0.00107,12974.271165,nan,72301.0,0.352564,78062.005519,nan,nan,nan,nan,nan,nan,nan,nan,nan,nan,nan,nan,nan,nan,nan,nan,nan,nan,nan,nan,nan,nan,nan,5213253.0,3.862738,22.546448,8224.0,2.0,1718.0,14391852.0
merge_ampm_hz512_l2_ddr4_1x,merge,ampm,stage1,hz512,l2,ddr4_1x,0.010018,10018392579.0,37919468.0,38898546.0,30085263.0,1.260401,836913.0,11100232.0,25555.0,201587.0,15067465113.0,18003.621778,2005689969.0,78485.226727,nan,nan,nan,nan,nan,nan,nan,nan,nan,nan,nan,nan,nan,nan,nan,nan,194531.0,46666.0,219.0,0.23989,0.959278,124094.0,79200.0,44894.0,0.0,194531.0,0.0,0.0,0.0,0.0,6189.0,4177.0,0.0,0.0,nan,0.0,0.0,nan,635565.0,201348.0,0.018139,13890.524699,23574.0,1981.0,0.009827,98035.973246,1.44,46.57,0.0,0.0,462605149.82360625,304214870.39632607,462605150.0,304214870.0,766820020.0,19207.0,459.966802,303.825187,40997.83,3332.0,58489.83,nan,nan,nan,nan,4486656.0,447841903.241512,70433.0,57787.86,5213392.0,4.443996,25.44688,9879.0,2.0,1759.0,14712226.0
merge_ampm_hz512_l2_ddr4_2x,merge,ampm,stage1,hz512,l2,ddr4_2x,0.010018,10017774198.0,37919440.0,38898517.0,30083406.0,1.260478,835453.0,11099873.0,25630.0,201585.0,14236700043.0,17040.695339,1905312780.0,74339.164261,nan,nan,nan,nan,nan,nan,nan,nan,nan,nan,nan,nan,nan,nan,nan,nan,175971.0,46593.0,217.0,0.264777,0.94925,106051.0,81505.0,24546.0,0.0,175971.0,0.0,0.0,0.0,0.0,5399.0,4173.0,0.0,0.0,nan,0.0,0.0,nan,634103.0,201350.0,0.01814,13407.097631,23139.0,2491.0,0.012357,88465.707748,nan,nan,nan,nan,nan,nan,nan,nan,nan,nan,nan,nan,nan,nan,nan,nan,nan,nan,nan,nan,nan,nan,nan,5213390.0,4.365108,24.248564,10383.0,2.0,1719.0,14711719.0
merge_ampm_hz64_l1d_ddr4_1x,merge,ampm,stage1,hz64,l1d,ddr4_1x,0.011631,11631439917.0,37919564.0,38898646.0,34929249.0,1.085612,1068810.0,11228826.0,72119.0,201575.0,34092551316.0,31897.672473,5286349026.0,73300.365036,0.0,0.0,nan,nan,0.0,0.0,0.0,0.0,0.0,0.0,0.0,0.0,0.0,0.0,0.0,0.0,nan,nan,nan,nan,nan,nan,nan,nan,nan,nan,nan,nan,nan,nan,nan,nan,0.0,0.0,nan,0.0,0.0,nan,867466.0,201344.0,0.017931,29308.864059,nan,72119.0,0.357778,72967.365036,1.24,47.36,0.0,0.0,396827910.6401887,261410111.0178137,396822408.0,261410111.0,658232519.0,19207.0,395.122189,261.096478,28566.65,3332.0,46058.65,nan,nan,nan,nan,nan,nan,nan,nan,5213399.0,6.69408,37.494426,20286.0,2.0,1690.0,15007116.0
merge_ampm_hz64_l1d_ddr4_2x,merge,ampm,stage1,hz64,l1d,ddr4_2x,0.011689,11688827472.0,37919601.0,38898685.0,35101584.0,1.080283,1062413.0,11215225.0,72125.0,201579.0,31577432952.0,29722.370634,5065427502.0,70231.23053,0.0,0.0,nan,nan,0.0,0.0,0.0,0.0,0.0,0.0,0.0,0.0,0.0,0.0,0.0,0.0,nan,nan,nan,nan,nan,nan,nan,nan,nan,nan,nan,nan,nan,nan,nan,nan,0.0,0.0,nan,0.0,0.0,nan,861069.0,201344.0,0.017953,28217.410184,nan,72125.0,0.3578,69898.23053,nan,nan,nan,nan,nan,nan,nan,nan,nan,nan,nan,nan,nan,nan,nan,nan,nan,nan,nan,nan,nan,nan,nan,5213402.0,6.505994,35.926951,18231.0,2.0,1886.0,14988155.0
merge_ampm_hz64_l2_ddr4_1x,merge,ampm,stage1,hz64,l2,ddr4_1x,0.011631,11631439917.0,37919564.0,38898646.0,34929249.0,1.085612,1068810.0,11228826.0,72119.0,201575.0,34092551316.0,31897.672473,5286349026.0,73300.365036,nan,nan,nan,nan,nan,nan,nan,nan,nan,nan,nan,nan,nan,nan,nan,nan,0.0,0.0,nan,nan,0.0,0.0,0.0,0.0,0.0,0.0,0.0,0.0,0.0,0.0,0.0,0.0,0.0,0.0,nan,0.0,0.0,nan,867466.0,201344.0,0.017931,29308.864059,nan,72119.0,0.357778,72967.365036,1.24,47.36,0.0,0.0,396827910.6401887,261410111.0178137,396822408.0,261410111.0,658232519.0,19207.0,395.122189,261.096478,28566.65,3332.0,46058.65,nan,nan,nan,nan,nan,nan,nan,nan,5213399.0,6.69408,37.494426,20286.0,2.0,1690.0,15007116.0
merge_ampm_hz64_l2_ddr4_2x,merge,ampm,stage1,hz64,l2,ddr4_2x,0.011689,11688827472.0,37919601.0,38898685.0,35101584.0,1.080283,1062413.0,11215225.0,72125.0,201579.0,31577432952.0,29722.370634,5065427502.0,70231.23053,nan,nan,nan,nan,nan,nan,nan,nan,nan,nan,nan,nan,nan,nan,nan,nan,0.0,0.0,nan,nan,0.0,0.0,0.0,0.0,0.0,0.0,0.0,0.0,0.0,0.0,0.0,0.0,0.0,0.0,nan,0.0,0.0,nan,861069.0,201344.0,0.017953,28217.410184,nan,72125.0,0.3578,69898.23053,nan,nan,nan,nan,nan,nan,nan,nan,nan,nan,nan,nan,nan,nan,nan,nan,nan,nan,nan,nan,nan,nan,nan,5213402.0,6.505994,35.926951,18231.0,2.0,1886.0,14988155.0
merge_ampm_hz8k_l2_ddr4_1x,merge,ampm,stage1,hz8k,l2,ddr4_1x,0.010774,10774343205.0,37919571.0,38898653.0,32355385.0,1.171972,948005.0,11160493.0,42477.0,201457.0,24159784692.0,25484.870535,3347195401.0,78800.183652,nan,nan,nan,nan,nan,nan,nan,nan,nan,nan,nan,nan,nan,nan,nan,nan,1226249.0,30331.0,874.0,0.024735,0.526516,1179933.0,1149919.0,30014.0,0.0,1731159.0,5569.0,0.0,328.0,498826.0,1684932.0,1265214.0,0.0,0.0,nan,32745.0,473.0,69.22833,746655.0,201350.0,0.018041,20296.493037,15201.0,27276.0,0.135394,77827.870252,7.05,49.63,0.0,0.0,437133281.3878004,285674211.5446656,437133281.0,285674212.0,722807493.0,19207.0,432.505992,285.35939,56016.12,3332.0,73508.12,nan,nan,nan,nan,2922944.0,271287441.3211158,46314.0,85696.35,5213401.0,5.333476,31.613175,15677.0,2.0,1674.0,14851355.0
merge_ampm_hz8k_l2_ddr4_2x,merge,ampm,stage1,hz8k,l2,ddr4_2x,0.010667,10667069919.0,37919571.0,38898653.0,32033243.0,1.183758,938586.0,11156096.0,35312.0,201007.0,17870341703.0,19039.642295,2381888553.0,67452.666317,nan,nan,nan,nan,nan,nan,nan,nan,nan,nan,nan,nan,nan,nan,nan,nan,1410121.0,37291.0,877.0,0.026445,0.535298,1369037.0,1329862.0,39175.0,0.0,2081576.0,10436.0,0.0,464.0,660154.0,2053414.0,1557141.0,0.0,0.0,nan,60033.0,1406.0,42.697724,737229.0,201357.0,0.018049,15733.56971,2939.0,32373.0,0.161054,68294.331356,nan,nan,nan,nan,nan,nan,nan,nan,nan,nan,nan,nan,nan,nan,nan,nan,nan,nan,nan,nan,nan,nan,nan,5213401.0,4.510997,24.079111,7534.0,2.0,1800.0,14850950.0
merge_ampm_ls16_l1d_ddr4_1x,merge,ampm,stage1,ls16,l1d,ddr4_1x,0.009802,9802137051.0,37918841.0,38897855.0,29435847.0,1.288187,438353.0,10928881.0,72921.0,211821.0,12070148680.0,27535.225446,6374058740.0,87410.468041,2275948.0,127540.0,5217.0,0.056038,0.682503,2123703.0,1938626.0,185077.0,0.0,6420689.0,3836909.0,0.0,35294.0,130665.0,922612.0,233860.0,nan,nan,nan,nan,nan,nan,nan,nan,nan,nan,nan,nan,nan,nan,nan,nan,11332.0,297.0,38.154882,0.0,0.0,nan,379022.0,59331.0,0.005429,19597.154641,nan,72921.0,0.344258,87077.468041,1.7,46.75,0.0,0.0,476121480.0117367,312140912.1379158,476114951.0,312140912.0,788255863.0,19207.0,472.798123,311.585931,42505.55,3332.0,59997.55,4054016.0,413584913.0559152,63654.0,57882.76,nan,nan,nan,nan,5213253.0,4.743793,29.381939,15878.0,2.0,1653.0,14393216.0
merge_ampm_ls16_l1d_ddr4_2x,merge,ampm,stage1,ls16,l1d,ddr4_2x,0.009786,9786143394.0,37918836.0,38897850.0,29387818.0,1.290292,426539.0,10927797.0,72909.0,211802.0,10279098790.0,24098.848616,5601705956.0,76831.474249,2276461.0,129219.0,5220.0,0.056763,0.685734,2124113.0,1953521.0,170592.0,0.0,6441701.0,3862776.0,0.0,36361.0,127034.0,938045.0,235439.0,nan,nan,nan,nan,nan,nan,nan,nan,nan,nan,nan,nan,nan,nan,nan,nan,11459.0,359.0,31.91922,0.0,0.0,nan,367319.0,59220.0,0.005419,18215.97717,nan,72909.0,0.344232,76498.474249,nan,nan,nan,nan,nan,nan,nan,nan,nan,nan,nan,nan,nan,nan,nan,nan,nan,nan,nan,nan,nan,nan,nan,5213253.0,4.410242,26.741414,12885.0,2.0,1781.0,14391694.0
merge_ampm_ls16_l2_ddr4_1x,merge,ampm,stage1,ls16,l2,ddr4_1x,0.010058,10057700232.0,37919515.0,38898595.0,30203304.0,1.255477,835707.0,11102891.0,23894.0,201514.0,15159854621.0,18140.155127,2014407233.0,84305.986147,nan,nan,nan,nan,nan,nan,nan,nan,nan,nan,nan,nan,nan,nan,nan,nan,752996.0,48687.0,680.0,0.064658,0.879446,686447.0,646183.0,40264.0,0.0,868163.0,105131.0,0.0,8027.0,928.0,130642.0,98894.0,0.0,0.0,nan,8823.0,83.0,106.301205,634353.0,201354.0,0.018135,13968.588709,17220.0,6674.0,0.033119,104151.561432,1.9,45.82,0.0,0.0,465556925.7375735,304540394.8563417,465550562.0,304540395.0,770090957.0,19207.0,461.910764,304.145871,48486.27,3332.0,65978.27,nan,nan,nan,nan,4224256.0,420002177.6906743,66473.0,64314.73,5213397.0,4.506833,26.724437,12945.0,2.0,1765.0,14721475.0
merge_ampm_ls16_l2_ddr4_2x,merge,ampm,stage1,ls16,l2,ddr4_2x,0.009992,9992393604.0,37918841.0,38897855.0,30007188.0,1.26366,832285.0,11102376.0,19514.0,201482.0,11350226729.0,13637.427959,1334905042.0,68407.555704,nan,nan,nan,nan,nan,nan,nan,nan,nan,nan,nan,nan,nan,nan,nan,nan,787749.0,53039.0,684.0,0.06733,0.884293,721402.0,666148.0,55254.0,0.0,952954.0,150099.0,0.0,11192.0,750.0,143973.0,104635.0,0.0,0.0,nan,5044.0,218.0,23.137615,630932.0,201353.0,0.018136,10708.093378,12574.0,6940.0,0.034445,89809.712392,nan,nan,nan,nan,nan,nan,nan,nan,nan,nan,nan,nan,nan,nan,nan,nan,nan,nan,nan,nan,nan,nan,nan,5213253.0,3.875892,20.719306,6823.0,2.0,1899.0,14720705.0
merge_ampm_ls2_l1d_ddr4_1x,merge,ampm,stage1,ls2,l1d,ddr4_1x,0.00981,9810351162.0,37918836.0,38897850.0,29460514.0,1.287109,545140.0,10929782.0,72304.0,204249.0,15888400695.0,29145.54187,5957123832.0,82389.96227,631940.0,110846.0,1284.0,0.175406,0.696457,476286.0,216394.0,259892.0,0.0,1243341.0,418458.0,0.0,31607.0,2426.0,30813.0,4280.0,nan,nan,nan,nan,nan,nan,nan,nan,nan,nan,nan,nan,nan,nan,nan,nan,0.0,0.0,nan,0.0,0.0,nan,496829.0,48311.0,0.00442,20581.958622,nan,72304.0,0.353999,82056.96227,1.4,46.72,0.0,0.0,471697691.91591346,310379103.634374,471691168.0,310379104.0,782070272.0,19207.0,469.022966,309.961585,37265.53,3332.0,54757.53,4059648.0,413812709.959342,63716.0,52810.41,nan,nan,nan,nan,5213253.0,4.468633,27.133778,13271.0,2.0,1710.0,14394384.0
merge_ampm_ls2_l1d_ddr4_2x,merge,ampm,stage1,ls2,l1d,ddr4_2x,0.009818,9817876629.0,37918841.0,38897855.0,29483113.0,1.286122,533760.0,10928857.0,72309.0,204256.0,14569424657.0,27295.834564,5471396375.0,75666.879296,584547.0,111914.0,1286.0,0.191454,0.698437,428900.0,219305.0,209595.0,0.0,1183199.0,409527.0,0.0,32513.0,2434.0,29000.0,4339.0,nan,nan,nan,nan,nan,nan,nan,nan,nan,nan,nan,nan,nan,nan,nan,nan,5.0,1.0,5.0,0.0,0.0,nan,485439.0,48321.0,0.004421,19255.622835,nan,72309.0,0.354012,75333.879296,nan,nan,nan,nan,nan,nan,nan,nan,nan,nan,nan,nan,nan,nan,nan,nan,nan,nan,nan,nan,nan,nan,nan,5213253.0,4.354454,26.676405,13227.0,2.0,1773.0,14393130.0
merge_ampm_ls2_l2_ddr4_1x,merge,ampm,stage1,ls2,l2,ddr4_1x,0.010051,10051024914.0,37919515.0,38898595.0,30183258.0,1.256311,843739.0,11101071.0,27730.0,201588.0,16522718070.0,19582.735976,2266381017.0,81730.292715,nan,nan,nan,nan,nan,nan,nan,nan,nan,nan,nan,nan,nan,nan,nan,nan,146137.0,44478.0,183.0,0.304358,0.86695,80606.0,55716.0,24888.0,2.0,146139.0,0.0,0.0,1.0,0.0,3334.0,1904.0,0.0,0.0,nan,0.0,0.0,nan,642389.0,201350.0,0.018138,15140.290276,20904.0,6826.0,0.033861,93989.079256,1.38,46.97,0.0,0.0,460727541.6808305,303029793.0868307,460727542.0,303029793.0,763757335.0,19207.0,458.333358,302.641375,36238.39,3332.0,53730.39,nan,nan,nan,nan,4176640.0,415543691.8858283,65528.0,52043.63,5213397.0,4.743515,28.278544,14304.0,2.0,1766.0,14713170.0
merge_ampm_ls2_l2_ddr4_2x,merge,ampm,stage1,ls2,l2,ddr4_2x,0.010051,10050689250.0,37919468.0,38898546.0,30182250.0,1.256351,836670.0,11100794.0,26395.0,201587.0,15248938458.0,18225.750246,2064776823.0,78226.058837,nan,nan,nan,nan,nan,nan,nan,nan,nan,nan,nan,nan,nan,nan,nan,nan,146693.0,45811.0,184.0,0.312292,0.870303,81166.0,58396.0,22768.0,2.0,146695.0,0.0,0.0,1.0,0.0,3352.0,1954.0,0.0,0.0,nan,0.0,0.0,nan,635319.0,201351.0,0.018138,14176.112515,19568.0,6827.0,0.033866,86840.858942,nan,nan,nan,nan,nan,nan,nan,nan,nan,nan,nan,nan,nan,nan,nan,nan,nan,nan,nan,nan,nan,nan,nan,5213392.0,4.530466,26.073353,12447.0,2.0,1781.0,14712853.0
merge_ampm_ls32_l1d_ddr4_1x,merge,ampm,stage1,ls32,l1d,ddr4_1x,0.009789,9789101433.0,37918841.0,38897855.0,29396701.0,1.289903,492639.0,10927176.0,73005.0,213352.0,13334129620.0,27066.735723,6410487802.0,87808.88709,3752112.0,122066.0,5930.0,0.032533,0.633218,3609664.0,3359757.0,249907.0,0.0,9294011.0,3626408.0,0.0,13841.0,1749649.0,2493462.0,556419.0,nan,nan,nan,nan,nan,nan,nan,nan,nan,nan,nan,nan,nan,nan,nan,nan,13568.0,393.0,34.524173,0.0,0.0,nan,421934.0,70705.0,0.006471,22139.552394,nan,73005.0,0.342181,87475.88709,4.8,45.93,0.0,0.0,477304687.4607863,312805012.89704025,477298150.0,312805013.0,790103162.0,19207.0,473.551943,312.425816,43045.41,3332.0,60537.41,3802112.0,388402554.2102072,59796.0,57803.71,nan,nan,nan,nan,5213253.0,4.454852,26.929732,14052.0,2.0,1739.0,14390893.0
merge_ampm_ls32_l1d_ddr4_2x,merge,ampm,stage1,ls32,l1d,ddr4_2x,0.009787,9786634236.0,37918841.0,38897855.0,29389292.0,1.290228,483439.0,10926937.0,73025.0,213369.0,12015001918.0,24853.191236,5505295707.0,75389.191469,3704805.0,123509.0,5930.0,0.033338,0.63648,3562191.0,3340915.0,221276.0,0.0,9298642.0,3618917.0,0.0,14062.0,1814197.0,2493222.0,563647.0,nan,nan,nan,nan,nan,nan,nan,nan,nan,nan,nan,nan,nan,nan,nan,nan,17319.0,634.0,27.317035,0.0,0.0,nan,412898.0,70541.0,0.006456,20648.969224,nan,73025.0,0.342247,75056.191469,nan,nan,nan,nan,nan,nan,nan,nan,nan,nan,nan,nan,nan,nan,nan,nan,nan,nan,nan,nan,nan,nan,nan,5213253.0,4.214364,25.535644,12034.0,2.0,1692.0,14390519.0
merge_ampm_ls32_l2_ddr4_1x,merge,ampm,stage1,ls32,l2,ddr4_1x,0.010057,10057338261.0,37919496.0,38898575.0,30202217.0,1.255522,834125.0,11101323.0,20641.0,201402.0,14194905970.0,17017.72033,1833781392.0,88841.693329,nan,nan,nan,nan,nan,nan,nan,nan,nan,nan,nan,nan,nan,nan,nan,nan,977029.0,51786.0,809.0,0.053004,0.881314,910646.0,862694.0,47952.0,0.0,1118581.0,73969.0,0.0,4556.0,61380.0,323808.0,280127.0,0.0,0.0,nan,25196.0,678.0,37.162242,632775.0,201350.0,0.018137,13206.485597,13667.0,6974.0,0.034627,112570.079295,7.82,46.22,0.0,91.0,465522773.37189585,304704079.79449785,465490956.0,304704080.0,770195036.0,19207.0,461.927389,304.379541,50772.17,3332.0,68264.17,nan,nan,nan,nan,4205696.0,418171875.18776244,66175.0,65873.25,5213394.0,4.386334,26.979466,12231.0,2.0,2144.0,14713588.0
merge_ampm_ls32_l2_ddr4_2x,merge,ampm,stage1,ls32,l2,ddr4_2x,0.009975,9975215133.0,37918836.0,38897850.0,29955601.0,1.265836,830976.0,11100601.0,14239.0,201338.0,9896153934.0,11909.073107,1048244860.0,73617.870637,nan,nan,nan,nan,nan,nan,nan,nan,nan,nan,nan,nan,nan,nan,nan,nan,1025556.0,58127.0,808.0,0.056679,0.88347,959789.0,896169.0,63620.0,0.0,1257825.0,106569.0,0.0,6411.0,116428.0,366611.0,316087.0,0.0,0.0,nan,18902.0,940.0,20.108511,629626.0,201350.0,0.018139,9434.858301,6572.0,7667.0,0.03808,91683.219382,nan,nan,nan,nan,nan,nan,nan,nan,nan,nan,nan,nan,nan,nan,nan,nan,nan,nan,nan,nan,nan,nan,nan,5213253.0,3.578964,18.344006,5566.0,2.0,1761.0,14712553.0
merge_ampm_ls4_l1d_ddr4_1x,merge,ampm,stage1,ls4,l1d,ddr4_1x,0.00979,9790257942.0,37918836.0,38897850.0,29400174.0,1.28975,487256.0,10928429.0,72453.0,206076.0,14380906696.0,29514.067956,6038000039.0,83336.784384,936659.0,119915.0,2159.0,0.128024,0.75035,770773.0,500172.0,270601.0,0.0,2088106.0,954273.0,0.0,39183.0,676.0,73029.0,12979.0,nan,nan,nan,nan,nan,nan,nan,nan,nan,nan,nan,nan,nan,nan,nan,nan,19.0,3.0,6.333333,0.0,0.0,nan,447359.0,39897.0,0.003651,22753.23889,nan,72453.0,0.351584,83003.784384,1.45,47.26,0.0,0.0,473639819.0396115,311323360.22776467,473633282.0,311323360.0,784956642.0,19207.0,470.698119,310.787317,38285.37,3332.0,55777.37,4128192.0,421663251.82201207,64854.0,53482.05,nan,nan,nan,nan,5213253.0,4.401363,27.624906,13433.0,2.0,1772.0,14392484.0
merge_ampm_ls4_l1d_ddr4_2x,merge,ampm,stage1,ls4,l1d,ddr4_2x,0.009781,9780790086.0,37918836.0,38897850.0,29371742.0,1.290999,473616.0,10927529.0,72457.0,206078.0,12508240572.0,26410.088705,5552670340.0,76634.008308,936430.0,121418.0,2159.0,0.129661,0.75647,769735.0,503680.0,266055.0,0.0,2069845.0,945513.0,0.0,38450.0,675.0,73278.0,13096.0,nan,nan,nan,nan,nan,nan,nan,nan,nan,nan,nan,nan,nan,nan,nan,nan,0.0,0.0,nan,0.0,0.0,nan,434528.0,39088.0,0.003577,20644.636922,nan,72457.0,0.3516,76301.008308,nan,nan,nan,nan,nan,nan,nan,nan,nan,nan,nan,nan,nan,nan,nan,nan,nan,nan,nan,nan,nan,nan,nan,5213253.0,4.128568,25.585807,11177.0,2.0,1883.0,14391175.0
merge_ampm_ls4_l2_ddr4_1x,merge,ampm,stage1,ls4,l2,ddr4_1x,0.010034,10033716906.0,37919496.0,38898575.0,30131282.0,1.258477,840640.0,11102279.0,26424.0,201493.0,15305627036.0,18207.112481,2048148135.0,77510.904292,nan,nan,nan,nan,nan,nan,nan,nan,nan,nan,nan,nan,nan,nan,nan,nan,270296.0,45832.0,277.0,0.169562,0.872176,204561.0,144816.0,59745.0,0.0,270297.0,0.0,0.0,1.0,0.0,10417.0,6622.0,0.0,0.0,nan,0.0,0.0,nan,639285.0,201355.0,0.018136,14089.922813,19707.0,6717.0,0.033336,97390.72577,1.45,46.98,0.0,0.0,462115489.54777735,303724734.1688155,462115490.0,303724734.0,765840224.0,19207.0,459.538578,303.335646,39218.94,3332.0,56710.94,nan,nan,nan,nan,4187200.0,417312949.84973335,65731.0,54968.5,5213394.0,4.502749,25.920261,10676.0,2.0,1771.0,14720689.0
merge_ampm_ls4_l2_ddr4_2x,merge,ampm,stage1,ls4,l2,ddr4_2x,0.010019,10018840797.0,37919487.0,38898566.0,30086609.0,1.260346,834114.0,11101810.0,24616.0,201500.0,13288201481.0,15930.917694,1717749198.0,69781.816623,nan,nan,nan,nan,nan,nan,nan,nan,nan,nan,nan,nan,nan,nan,nan,nan,278976.0,47651.0,277.0,0.170807,0.876421,213197.0,149845.0,63352.0,0.0,278989.0,10.0,0.0,3.0,0.0,10763.0,6775.0,0.0,0.0,nan,0.0,0.0,nan,632759.0,201355.0,0.018137,12497.203601,17897.0,6719.0,0.033345,87272.16818,nan,nan,nan,nan,nan,nan,nan,nan,nan,nan,nan,nan,nan,nan,nan,nan,nan,nan,nan,nan,nan,nan,nan,5213395.0,4.20581,23.301355,9094.0,2.0,1771.0,14720034.0
merge_ampm_ls64_l1d_ddr4_1x,merge,ampm,stage1,ls64,l1d,ddr4_1x,0.009789,9789101433.0,37918841.0,38897855.0,29396701.0,1.289903,492639.0,10927176.0,73005.0,213352.0,13334129620.0,27066.735723,6410487802.0,87808.88709,3752112.0,122066.0,5930.0,0.032533,0.633218,3609664.0,3359757.0,249907.0,0.0,9294011.0,3626408.0,0.0,13841.0,1749649.0,2493462.0,556419.0,nan,nan,nan,nan,nan,nan,nan,nan,nan,nan,nan,nan,nan,nan,nan,nan,13568.0,393.0,34.524173,0.0,0.0,nan,421934.0,70705.0,0.006471,22139.552394,nan,73005.0,0.342181,87475.88709,4.8,45.93,0.0,0.0,477304687.4607863,312805012.89704025,477298150.0,312805013.0,790103162.0,19207.0,473.551943,312.425816,43045.41,3332.0,60537.41,3802112.0,388402554.2102072,59796.0,57803.71,nan,nan,nan,nan,5213253.0,4.454852,26.929732,14052.0,2.0,1739.0,14390893.0
merge_ampm_ls8_l1d_ddr4_1x,merge,ampm,stage1,ls8,l1d,ddr4_1x,0.009788,9788213322.0,37918841.0,38897855.0,29394034.0,1.29002,459853.0,10927218.0,72619.0,209299.0,12791807046.0,27817.165586,6157904999.0,84797.435919,1304695.0,124054.0,3810.0,0.095083,0.725152,1142714.0,924490.0,218224.0,0.0,3464819.0,1947225.0,0.0,44466.0,4638.0,263432.0,56125.0,nan,nan,nan,nan,nan,nan,nan,nan,nan,nan,nan,nan,nan,nan,nan,nan,2061.0,133.0,15.496241,0.0,0.0,nan,412834.0,47019.0,0.004303,20127.77809,nan,72619.0,0.346963,84464.435919,1.54,46.39,0.0,0.0,474824142.78343004,311643391.86844707,474817604.0,311643392.0,786460996.0,19207.0,471.65952,311.192237,39805.53,3332.0,57297.53,4147456.0,423719412.6815946,65120.0,55019.48,nan,nan,nan,nan,5213253.0,4.490153,28.13264,13852.0,2.0,1782.0,14390459.0
merge_ampm_ls8_l1d_ddr4_2x,merge,ampm,stage1,ls8,l1d,ddr4_2x,0.009771,9770764788.0,37918836.0,38897850.0,29341636.0,1.292323,449027.0,10926769.0,72630.0,209310.0,10583940420.0,23570.832979,5647863910.0,77762.135619,1320809.0,125482.0,3810.0,0.095004,0.7285,1158564.0,929946.0,228618.0,0.0,3503884.0,1970966.0,0.0,44944.0,4637.0,267011.0,56527.0,nan,nan,nan,nan,nan,nan,nan,nan,nan,nan,nan,nan,nan,nan,nan,nan,2342.0,79.0,29.64557,0.0,0.0,nan,402262.0,46765.0,0.00428,18442.318294,nan,72630.0,0.346997,77429.135619,nan,nan,nan,nan,nan,nan,nan,nan,nan,nan,nan,nan,nan,nan,nan,nan,nan,nan,nan,nan,nan,nan,nan,5213253.0,4.116664,24.727645,10694.0,2.0,1804.0,14389854.0
merge_ampm_ls8_l2_ddr4_1x,merge,ampm,stage1,ls8,l2,ddr4_1x,0.010037,10037208078.0,37919446.0,38898523.0,30141766.0,1.258038,835166.0,11100267.0,24149.0,201593.0,14772530343.0,17688.136661,1956298409.0,81009.499731,nan,nan,nan,nan,nan,nan,nan,nan,nan,nan,nan,nan,nan,nan,nan,nan,458096.0,48214.0,431.0,0.105249,0.881587,391885.0,326021.0,65864.0,0.0,497048.0,33085.0,0.0,4954.0,0.0,36263.0,25416.0,0.0,0.0,nan,10.0,2.0,5.0,633816.0,201350.0,0.018139,13673.581977,17673.0,6476.0,0.032124,101497.176189,1.68,46.72,0.0,0.0,463446803.518583,304084559.7980439,463446804.0,304084560.0,767531363.0,19207.0,460.762392,303.740241,43849.73,3332.0,61341.73,nan,nan,nan,nan,4216320.0,420069003.9734773,66206.0,59669.73,5213390.0,4.423086,25.659053,10351.0,2.0,1723.0,14712201.0
merge_ampm_ls8_l2_ddr4_2x,merge,ampm,stage1,ls8,l2,ddr4_2x,0.009999,9998884440.0,37918841.0,38897855.0,30026680.0,1.26284,831954.0,11101656.0,21569.0,201485.0,11873242190.0,14271.512836,1443069819.0,66904.808707,nan,nan,nan,nan,nan,nan,nan,nan,nan,nan,nan,nan,nan,nan,nan,nan,490239.0,50783.0,435.0,0.103588,0.886621,424003.0,337111.0,86892.0,0.0,523553.0,27239.0,0.0,4075.0,0.0,38371.0,26490.0,0.0,0.0,nan,0.0,0.0,nan,630601.0,201353.0,0.018137,11198.562738,15075.0,6494.0,0.032231,89087.294118,nan,nan,nan,nan,nan,nan,nan,nan,nan,nan,nan,nan,nan,nan,nan,nan,nan,nan,nan,nan,nan,nan,nan,5213253.0,3.952099,20.909675,7015.0,2.0,1672.0,14719773.0
merge_ampm_sd16_l1d_ddr4_1x,merge,ampm,stage1,sd16,l1d,ddr4_1x,0.009795,9794545650.0,37918841.0,38897855.0,29413050.0,1.289186,419621.0,10928791.0,72887.0,211708.0,11626554715.0,27707.275649,6309559210.0,86566.317862,2102063.0,129620.0,5154.0,0.061663,0.703344,1945315.0,1770314.0,175001.0,0.0,5964807.0,3622710.0,0.0,37377.0,57877.0,800893.0,212507.0,nan,nan,nan,nan,nan,nan,nan,nan,nan,nan,nan,nan,nan,nan,nan,nan,7060.0,299.0,23.61204,0.0,0.0,nan,364950.0,54671.0,0.005002,20772.765488,nan,72887.0,0.344281,86233.317862,1.58,46.03,0.0,0.0,476268340.2266852,312317498.8724464,476261806.0,312317499.0,788579305.0,19207.0,472.975079,311.788225,41642.09,3332.0,59134.09,4072128.0,415754660.3501715,63924.0,56703.62,nan,nan,nan,nan,5213253.0,4.709328,29.103639,15548.0,2.0,1679.0,14392977.0
merge_ampm_sd16_l1d_ddr4_2x,merge,ampm,stage1,sd16,l1d,ddr4_2x,0.009772,9771827724.0,37918836.0,38897850.0,29344828.0,1.292183,404326.0,10927606.0,72889.0,211711.0,9534671624.0,23581.643585,5649242427.0,77504.732223,2117627.0,131873.0,5154.0,0.062274,0.707496,1960726.0,1784712.0,176014.0,0.0,6016538.0,3664147.0,0.0,38476.0,55129.0,816847.0,214451.0,nan,nan,nan,nan,nan,nan,nan,nan,nan,nan,nan,nan,nan,nan,nan,nan,13669.0,401.0,34.087282,0.0,0.0,nan,349805.0,54521.0,0.004989,18857.984043,nan,72889.0,0.344285,77171.732223,nan,nan,nan,nan,nan,nan,nan,nan,nan,nan,nan,nan,nan,nan,nan,nan,nan,nan,nan,nan,nan,nan,nan,5213253.0,4.321294,26.019691,11421.0,2.0,1729.0,14391275.0
merge_ampm_sd16_l2_ddr4_1x,merge,ampm,stage1,sd16,l2,ddr4_1x,0.010052,10052377227.0,37919496.0,38898575.0,30187319.0,1.256141,834367.0,11102309.0,23672.0,201510.0,15031322282.0,18015.240634,2002494831.0,84593.394348,nan,nan,nan,nan,nan,nan,nan,nan,nan,nan,nan,nan,nan,nan,nan,nan,718456.0,48882.0,667.0,0.068038,0.876288,652210.0,609842.0,42368.0,0.0,832013.0,103661.0,0.0,8337.0,300.0,116301.0,87867.0,0.0,0.0,nan,3761.0,47.0,80.021277,633010.0,201357.0,0.018136,13912.085952,16771.0,6901.0,0.034246,103392.808434,1.82,45.88,0.0,0.0,465281385.12723166,304497924.30974,465275018.0,304497924.0,769772943.0,19207.0,461.830659,304.166858,48091.49,3332.0,65583.49,nan,nan,nan,nan,4205824.0,418390984.0453901,66167.0,63944.54,5213394.0,4.501849,27.195145,12819.0,2.0,2186.0,14720711.0
merge_ampm_sd16_l2_ddr4_2x,merge,ampm,stage1,sd16,l2,ddr4_2x,0.00999,9990417249.0,37918841.0,38897855.0,30001253.0,1.26391,831042.0,11101596.0,19599.0,201488.0,11295230447.0,13591.648132,1336787814.0,68206.939844,nan,nan,nan,nan,nan,nan,nan,nan,nan,nan,nan,nan,nan,nan,nan,nan,752107.0,52936.0,670.0,0.070384,0.888993,685520.0,628116.0,57404.0,0.0,906578.0,139946.0,0.0,11116.0,152.0,127229.0,90593.0,0.0,0.0,nan,3790.0,182.0,20.824176,629688.0,201354.0,0.018137,10710.653208,12989.0,6610.0,0.032806,92132.276853,nan,nan,nan,nan,nan,nan,nan,nan,nan,nan,nan,nan,nan,nan,nan,nan,nan,nan,nan,nan,nan,nan,nan,5213253.0,3.882059,21.361074,6740.0,2.0,1811.0,14719693.0
merge_ampm_sd1_l1d_ddr4_1x,merge,ampm,stage1,sd1,l1d,ddr4_1x,0.009788,9788001867.0,37918841.0,38897855.0,29393399.0,1.290048,405506.0,10927122.0,72907.0,211939.0,11396358485.0,28104.044046,6299741792.0,86407.914082,2126005.0,131252.0,5315.0,0.061736,0.711725,1967527.0,1794076.0,173451.0,0.0,5882216.0,3526094.0,0.0,38621.0,55646.0,786278.0,215165.0,nan,nan,nan,nan,nan,nan,nan,nan,nan,nan,nan,nan,nan,nan,nan,nan,7297.0,290.0,25.162069,0.0,0.0,nan,352344.0,53162.0,0.004865,21026.824668,nan,72907.0,0.344,86074.914082,1.59,46.12,0.0,0.0,476717522.4732719,312519760.5767886,476710984.0,312519761.0,789230744.0,19207.0,473.245517,311.937824,41499.07,3332.0,58991.07,4065024.0,415306827.19883054,63836.0,56816.15,nan,nan,nan,nan,5213253.0,4.655198,28.660925,14460.0,2.0,1707.0,14386936.0
merge_ampm_sd1_l1d_ddr4_2x,merge,ampm,stage1,sd1,l1d,ddr4_2x,0.009766,9766465758.0,37918841.0,38897855.0,29328726.0,1.292892,393042.0,10926050.0,72919.0,211948.0,9477273429.0,24112.622643,5633507570.0,77257.060163,2132447.0,133095.0,5314.0,0.062414,0.715026,1973844.0,1801009.0,172835.0,0.0,5928760.0,3570269.0,0.0,39176.0,53550.0,801474.0,216637.0,nan,nan,nan,nan,nan,nan,nan,nan,nan,nan,nan,nan,nan,nan,nan,nan,15788.0,371.0,42.555256,0.0,0.0,nan,339997.0,53045.0,0.004855,19649.002583,nan,72919.0,0.344042,76924.060163,nan,nan,nan,nan,nan,nan,nan,nan,nan,nan,nan,nan,nan,nan,nan,nan,nan,nan,nan,nan,nan,nan,nan,5213253.0,4.349062,26.515277,11882.0,2.0,1866.0,14385389.0
merge_ampm_sd1_l2_ddr4_1x,merge,ampm,stage1,sd1,l2,ddr4_1x,0.010052,10052414523.0,37919468.0,38898546.0,30187431.0,1.256136,834584.0,11102234.0,23762.0,201509.0,15006233729.0,17980.495347,1998225100.0,84093.304436,nan,nan,nan,nan,nan,nan,nan,nan,nan,nan,nan,nan,nan,nan,nan,nan,715762.0,48798.0,536.0,0.068176,0.876322,649471.0,607424.0,42047.0,0.0,829841.0,104146.0,0.0,8363.0,292.0,115985.0,87481.0,0.0,0.0,nan,3241.0,52.0,62.326923,633227.0,201357.0,0.018137,13891.894963,16875.0,6887.0,0.034177,103149.202991,1.82,45.86,0.0,0.0,465394258.19497716,304490427.9461139,465394258.0,304490428.0,769884686.0,19207.0,461.905345,304.14663,47986.01,3332.0,65478.01,nan,nan,nan,nan,4207680.0,418574064.0094772,66203.0,63846.17,5213392.0,4.494559,26.560013,12696.0,2.0,1740.0,14720627.0
merge_ampm_sd1_l2_ddr4_2x,merge,ampm,stage1,sd1,l2,ddr4_2x,0.009991,9991440558.0,37918836.0,38897850.0,30004326.0,1.26378,830968.0,11101601.0,19714.0,201484.0,11314140518.0,13615.615184,1343210063.0,68134.831237,nan,nan,nan,nan,nan,nan,nan,nan,nan,nan,nan,nan,nan,nan,nan,nan,749087.0,52829.0,545.0,0.070525,0.887748,682555.0,625800.0,56755.0,0.0,902858.0,139700.0,0.0,11007.0,127.0,126714.0,90976.0,0.0,0.0,nan,4616.0,190.0,24.294737,629614.0,201354.0,0.018137,10741.359382,13034.0,6680.0,0.033154,90603.961377,nan,nan,nan,nan,nan,nan,nan,nan,nan,nan,nan,nan,nan,nan,nan,nan,nan,nan,nan,nan,nan,nan,nan,5213253.0,3.879113,20.775955,6878.0,2.0,1620.0,14719748.0
merge_ampm_sd2_l1d_ddr4_1x,merge,ampm,stage1,sd2,l1d,ddr4_1x,0.009795,9794631231.0,37918841.0,38897855.0,29413307.0,1.289174,419225.0,10928769.0,72889.0,211706.0,11673894000.0,27846.368895,6312915172.0,86609.984662,2099697.0,129686.0,5136.0,0.061764,0.703511,1942933.0,1767575.0,175358.0,0.0,5961853.0,3622464.0,0.0,37427.0,57560.0,799648.0,212289.0,nan,nan,nan,nan,nan,nan,nan,nan,nan,nan,nan,nan,nan,nan,nan,nan,5294.0,258.0,20.51938,0.0,0.0,nan,364570.0,54655.0,0.005001,20559.214674,nan,72889.0,0.344294,86276.984662,1.59,46.05,0.0,0.0,476277247.19593376,312295167.4095549,476270713.0,312295167.0,788565880.0,19207.0,472.840262,311.694022,41706.61,3332.0,59198.61,4070656.0,415600741.2628642,63924.0,56950.09,nan,nan,nan,nan,5213253.0,4.691994,29.138998,15041.0,2.0,1722.0,14392919.0
merge_ampm_sd2_l1d_ddr4_2x,merge,ampm,stage1,sd2,l1d,ddr4_2x,0.00977,9769690530.0,37918841.0,38897855.0,29338410.0,1.292466,405289.0,10927701.0,72895.0,211715.0,9495934088.0,23430.031627,5594053910.0,76741.256739,2111112.0,131719.0,5136.0,0.062393,0.706992,1954280.0,1780456.0,173824.0,0.0,6034831.0,3687269.0,0.0,38719.0,55487.0,821106.0,213720.0,nan,nan,nan,nan,nan,nan,nan,nan,nan,nan,nan,nan,nan,nan,nan,nan,13835.0,397.0,34.848866,0.0,0.0,nan,350699.0,54590.0,0.004996,18974.985382,nan,72895.0,0.344307,76408.256739,nan,nan,nan,nan,nan,nan,nan,nan,nan,nan,nan,nan,nan,nan,nan,nan,nan,nan,nan,nan,nan,nan,nan,5213253.0,4.305746,25.690883,11423.0,2.0,1700.0,14391400.0
merge_ampm_sd2_l2_ddr4_1x,merge,ampm,stage1,sd2,l2,ddr4_1x,0.010047,10047343932.0,37919496.0,38898575.0,30172204.0,1.256771,835436.0,11101440.0,23764.0,201508.0,14879272484.0,17810.188314,1965058631.0,82690.566866,nan,nan,nan,nan,nan,nan,nan,nan,nan,nan,nan,nan,nan,nan,nan,nan,717772.0,48792.0,583.0,0.067977,0.876639,651513.0,609184.0,42329.0,0.0,832593.0,105040.0,0.0,8437.0,142.0,116461.0,87465.0,0.0,0.0,nan,3872.0,49.0,79.020408,634079.0,201357.0,0.018138,13727.342288,16898.0,6866.0,0.034073,103055.835712,1.81,45.87,0.0,0.0,465393444.4413125,304567656.9559677,465393444.0,304567657.0,769961101.0,19207.0,461.749894,304.230055,47495.79,3332.0,64987.79,nan,nan,nan,nan,4205248.0,418543251.6753623,66177.0,63309.48,5213394.0,4.453169,26.173093,12080.0,2.0,1667.0,14719952.0
merge_ampm_sd2_l2_ddr4_2x,merge,ampm,stage1,sd2,l2,ddr4_2x,0.009992,9991996002.0,37918841.0,38897855.0,30005994.0,1.26371,831019.0,11101575.0,19720.0,201482.0,11313300026.0,13613.768188,1344580358.0,68183.588134,nan,nan,nan,nan,nan,nan,nan,nan,nan,nan,nan,nan,nan,nan,nan,nan,749230.0,52815.0,592.0,0.070492,0.887707,682721.0,625962.0,56759.0,0.0,902999.0,139700.0,0.0,11006.0,126.0,126721.0,90970.0,0.0,0.0,nan,4616.0,190.0,24.294737,629665.0,201354.0,0.018137,10746.259602,13039.0,6681.0,0.033159,90914.378386,nan,nan,nan,nan,nan,nan,nan,nan,nan,nan,nan,nan,nan,nan,nan,nan,nan,nan,nan,nan,nan,nan,nan,5213253.0,3.880038,20.807033,6880.0,2.0,1620.0,14719664.0
merge_ampm_sd32_l1d_ddr4_1x,merge,ampm,stage1,sd32,l1d,ddr4_1x,0.009795,9794545650.0,37918841.0,38897855.0,29413050.0,1.289186,419621.0,10928791.0,72887.0,211708.0,11626554715.0,27707.275649,6309559210.0,86566.317862,2102063.0,129620.0,5154.0,0.061663,0.703344,1945315.0,1770314.0,175001.0,0.0,5964807.0,3622710.0,0.0,37377.0,57877.0,800893.0,212507.0,nan,nan,nan,nan,nan,nan,nan,nan,nan,nan,nan,nan,nan,nan,nan,nan,7060.0,299.0,23.61204,0.0,0.0,nan,364950.0,54671.0,0.005002,20772.765488,nan,72887.0,0.344281,86233.317862,1.58,46.03,0.0,0.0,476268340.2266852,312317498.8724464,476261806.0,312317499.0,788579305.0,19207.0,472.975079,311.788225,41642.09,3332.0,59134.09,4072128.0,415754660.3501715,63924.0,56703.62,nan,nan,nan,nan,5213253.0,4.709328,29.103639,15548.0,2.0,1679.0,14392977.0
merge_ampm_sd32_l1d_ddr4_2x,merge,ampm,stage1,sd32,l1d,ddr4_2x,0.009772,9771827724.0,37918836.0,38897850.0,29344828.0,1.292183,404326.0,10927606.0,72889.0,211711.0,9534671624.0,23581.643585,5649242427.0,77504.732223,2117627.0,131873.0,5154.0,0.062274,0.707496,1960726.0,1784712.0,176014.0,0.0,6016538.0,3664147.0,0.0,38476.0,55129.0,816847.0,214451.0,nan,nan,nan,nan,nan,nan,nan,nan,nan,nan,nan,nan,nan,nan,nan,nan,13669.0,401.0,34.087282,0.0,0.0,nan,349805.0,54521.0,0.004989,18857.984043,nan,72889.0,0.344285,77171.732223,nan,nan,nan,nan,nan,nan,nan,nan,nan,nan,nan,nan,nan,nan,nan,nan,nan,nan,nan,nan,nan,nan,nan,5213253.0,4.321294,26.019691,11421.0,2.0,1729.0,14391275.0
merge_ampm_sd32_l2_ddr4_1x,merge,ampm,stage1,sd32,l2,ddr4_1x,0.010052,10052377227.0,37919496.0,38898575.0,30187319.0,1.256141,834367.0,11102309.0,23672.0,201510.0,15031322282.0,18015.240634,2002494831.0,84593.394348,nan,nan,nan,nan,nan,nan,nan,nan,nan,nan,nan,nan,nan,nan,nan,nan,718456.0,48882.0,667.0,0.068038,0.876288,652210.0,609842.0,42368.0,0.0,832013.0,103661.0,0.0,8337.0,300.0,116301.0,87867.0,0.0,0.0,nan,3761.0,47.0,80.021277,633010.0,201357.0,0.018136,13912.085952,16771.0,6901.0,0.034246,103392.808434,1.82,45.88,0.0,0.0,465281385.12723166,304497924.30974,465275018.0,304497924.0,769772943.0,19207.0,461.830659,304.166858,48091.49,3332.0,65583.49,nan,nan,nan,nan,4205824.0,418390984.0453901,66167.0,63944.54,5213394.0,4.501849,27.195145,12819.0,2.0,2186.0,14720711.0
merge_ampm_sd32_l2_ddr4_2x,merge,ampm,stage1,sd32,l2,ddr4_2x,0.00999,9990417249.0,37918841.0,38897855.0,30001253.0,1.26391,831042.0,11101596.0,19599.0,201488.0,11295230447.0,13591.648132,1336787814.0,68206.939844,nan,nan,nan,nan,nan,nan,nan,nan,nan,nan,nan,nan,nan,nan,nan,nan,752107.0,52936.0,670.0,0.070384,0.888993,685520.0,628116.0,57404.0,0.0,906578.0,139946.0,0.0,11116.0,152.0,127229.0,90593.0,0.0,0.0,nan,3790.0,182.0,20.824176,629688.0,201354.0,0.018137,10710.653208,12989.0,6610.0,0.032806,92132.276853,nan,nan,nan,nan,nan,nan,nan,nan,nan,nan,nan,nan,nan,nan,nan,nan,nan,nan,nan,nan,nan,nan,nan,5213253.0,3.882059,21.361074,6740.0,2.0,1811.0,14719693.0
merge_ampm_sd64_l1d_ddr4_1x,merge,ampm,stage1,sd64,l1d,ddr4_1x,0.009795,9794545650.0,37918841.0,38897855.0,29413050.0,1.289186,419621.0,10928791.0,72887.0,211708.0,11626554715.0,27707.275649,6309559210.0,86566.317862,2102063.0,129620.0,5154.0,0.061663,0.703344,1945315.0,1770314.0,175001.0,0.0,5964807.0,3622710.0,0.0,37377.0,57877.0,800893.0,212507.0,nan,nan,nan,nan,nan,nan,nan,nan,nan,nan,nan,nan,nan,nan,nan,nan,7060.0,299.0,23.61204,0.0,0.0,nan,364950.0,54671.0,0.005002,20772.765488,nan,72887.0,0.344281,86233.317862,1.58,46.03,0.0,0.0,476268340.2266852,312317498.8724464,476261806.0,312317499.0,788579305.0,19207.0,472.975079,311.788225,41642.09,3332.0,59134.09,4072128.0,415754660.3501715,63924.0,56703.62,nan,nan,nan,nan,5213253.0,4.709328,29.103639,15548.0,2.0,1679.0,14392977.0
merge_ampm_sd64_l1d_ddr4_2x,merge,ampm,stage1,sd64,l1d,ddr4_2x,0.009772,9771827724.0,37918836.0,38897850.0,29344828.0,1.292183,404326.0,10927606.0,72889.0,211711.0,9534671624.0,23581.643585,5649242427.0,77504.732223,2117627.0,131873.0,5154.0,0.062274,0.707496,1960726.0,1784712.0,176014.0,0.0,6016538.0,3664147.0,0.0,38476.0,55129.0,816847.0,214451.0,nan,nan,nan,nan,nan,nan,nan,nan,nan,nan,nan,nan,nan,nan,nan,nan,13669.0,401.0,34.087282,0.0,0.0,nan,349805.0,54521.0,0.004989,18857.984043,nan,72889.0,0.344285,77171.732223,nan,nan,nan,nan,nan,nan,nan,nan,nan,nan,nan,nan,nan,nan,nan,nan,nan,nan,nan,nan,nan,nan,nan,5213253.0,4.321294,26.019691,11421.0,2.0,1729.0,14391275.0
merge_ampm_sd64_l2_ddr4_1x,merge,ampm,stage1,sd64,l2,ddr4_1x,0.010052,10052377227.0,37919496.0,38898575.0,30187319.0,1.256141,834367.0,11102309.0,23672.0,201510.0,15031322282.0,18015.240634,2002494831.0,84593.394348,nan,nan,nan,nan,nan,nan,nan,nan,nan,nan,nan,nan,nan,nan,nan,nan,718456.0,48882.0,667.0,0.068038,0.876288,652210.0,609842.0,42368.0,0.0,832013.0,103661.0,0.0,8337.0,300.0,116301.0,87867.0,0.0,0.0,nan,3761.0,47.0,80.021277,633010.0,201357.0,0.018136,13912.085952,16771.0,6901.0,0.034246,103392.808434,1.82,45.88,0.0,0.0,465281385.12723166,304497924.30974,465275018.0,304497924.0,769772943.0,19207.0,461.830659,304.166858,48091.49,3332.0,65583.49,nan,nan,nan,nan,4205824.0,418390984.0453901,66167.0,63944.54,5213394.0,4.501849,27.195145,12819.0,2.0,2186.0,14720711.0
merge_ampm_sd64_l2_ddr4_2x,merge,ampm,stage1,sd64,l2,ddr4_2x,0.00999,9990417249.0,37918841.0,38897855.0,30001253.0,1.26391,831042.0,11101596.0,19599.0,201488.0,11295230447.0,13591.648132,1336787814.0,68206.939844,nan,nan,nan,nan,nan,nan,nan,nan,nan,nan,nan,nan,nan,nan,nan,nan,752107.0,52936.0,670.0,0.070384,0.888993,685520.0,628116.0,57404.0,0.0,906578.0,139946.0,0.0,11116.0,152.0,127229.0,90593.0,0.0,0.0,nan,3790.0,182.0,20.824176,629688.0,201354.0,0.018137,10710.653208,12989.0,6610.0,0.032806,92132.276853,nan,nan,nan,nan,nan,nan,nan,nan,nan,nan,nan,nan,nan,nan,nan,nan,nan,nan,nan,nan,nan,nan,nan,5213253.0,3.882059,21.361074,6740.0,2.0,1811.0,14719693.0
merge_ampm_sd8_l1d_ddr4_1x,merge,ampm,stage1,sd8,l1d,ddr4_1x,0.009794,9794298564.0,37918841.0,38897855.0,29412308.0,1.289218,419619.0,10928785.0,72885.0,211706.0,11626518085.0,27707.320414,6312312910.0,86606.47472,2101127.0,129620.0,5155.0,0.061691,0.703344,1944379.0,1769363.0,175016.0,0.0,5963795.0,3622638.0,0.0,37377.0,57877.0,800692.0,212306.0,nan,nan,nan,nan,nan,nan,nan,nan,nan,nan,nan,nan,nan,nan,nan,nan,7060.0,299.0,23.61204,0.0,0.0,nan,364948.0,54671.0,0.005002,20775.317609,nan,72885.0,0.344275,86273.47472,1.6,46.04,0.0,0.0,476267286.47476834,312305774.6312746,476260752.0,312305775.0,788566527.0,19207.0,472.967407,311.789556,41683.02,3332.0,59175.02,4072128.0,415765148.81499994,63924.0,56749.16,nan,nan,nan,nan,5213253.0,4.709732,29.111324,15551.0,2.0,1679.0,14392951.0
merge_ampm_sd8_l1d_ddr4_2x,merge,ampm,stage1,sd8,l1d,ddr4_2x,0.009772,9771792759.0,37918841.0,38897855.0,29344723.0,1.292187,404324.0,10927602.0,72893.0,211715.0,9534099530.0,23580.345292,5649334449.0,77501.74158,2116675.0,131873.0,5155.0,0.062302,0.707496,1959774.0,1783736.0,176038.0,0.0,6015508.0,3664074.0,0.0,38476.0,55129.0,816646.0,214250.0,nan,nan,nan,nan,nan,nan,nan,nan,nan,nan,nan,nan,nan,nan,nan,nan,13669.0,401.0,34.087282,0.0,0.0,nan,349803.0,54521.0,0.004989,18854.746942,nan,72893.0,0.344298,77168.74158,nan,nan,nan,nan,nan,nan,nan,nan,nan,nan,nan,nan,nan,nan,nan,nan,nan,nan,nan,nan,nan,nan,nan,5213253.0,4.321148,26.016724,11421.0,2.0,1729.0,14391275.0
merge_ampm_sd8_l2_ddr4_1x,merge,ampm,stage1,sd8,l2,ddr4_1x,0.010052,10052393544.0,37919471.0,38898549.0,30187368.0,1.256138,834373.0,11102309.0,23672.0,201506.0,15030429842.0,18014.041492,2002061265.0,84575.078785,nan,nan,nan,nan,nan,nan,nan,nan,nan,nan,nan,nan,nan,nan,nan,nan,717452.0,48878.0,668.0,0.068127,0.87628,651208.0,608840.0,42368.0,0.0,831009.0,103661.0,0.0,8337.0,300.0,116100.0,87666.0,0.0,0.0,nan,3761.0,47.0,80.021277,633016.0,201357.0,0.018136,13911.085415,16771.0,6901.0,0.034247,103350.6828,1.82,45.88,0.0,0.0,465261529.955875,304478330.12137395,465255163.0,304478330.0,769733493.0,19207.0,461.81081,304.153631,48057.53,3332.0,65549.53,nan,nan,nan,nan,4205632.0,418371204.9863216,66164.0,63911.62,5213392.0,4.501544,27.18935,12817.0,2.0,2186.0,14720728.0
merge_ampm_sd8_l2_ddr4_2x,merge,ampm,stage1,sd8,l2,ddr4_2x,0.00999,9990391941.0,37918841.0,38897855.0,30001177.0,1.263913,831052.0,11101600.0,19600.0,201485.0,11294377301.0,13590.457999,1335872397.0,68156.754949,nan,nan,nan,nan,nan,nan,nan,nan,nan,nan,nan,nan,nan,nan,nan,nan,751094.0,52933.0,671.0,0.070475,0.888988,684506.0,627098.0,57408.0,0.0,905565.0,139946.0,0.0,11116.0,152.0,127029.0,90393.0,0.0,0.0,nan,3790.0,182.0,20.824176,629698.0,201354.0,0.018137,10706.965225,12990.0,6610.0,0.032806,91989.404236,nan,nan,nan,nan,nan,nan,nan,nan,nan,nan,nan,nan,nan,nan,nan,nan,nan,nan,nan,nan,nan,nan,nan,5213253.0,3.881235,21.343182,6734.0,2.0,1811.0,14719731.0
quick_ampm_assoc16_l1d_ddr4_1x,quick,ampm,stage1,assoc16,l1d,ddr4_1x,0.008337,8336624697.0,24424725.0,24707905.0,25034909.0,0.976056,40215.0,9148091.0,28610.0,85619.0,1148440410.0,28557.513614,1912510658.0,66847.628731,994240.0,76571.0,1747.0,0.077015,0.963206,911781.0,866754.0,45027.0,0.0,1043571.0,45500.0,0.0,141.0,0.0,140837.0,113503.0,nan,nan,nan,nan,nan,nan,nan,nan,nan,nan,nan,nan,nan,nan,nan,nan,0.0,0.0,nan,0.0,0.0,nan,37290.0,2925.0,0.00032,17123.827692,nan,28610.0,0.334155,66514.628731,3.09,58.14,0.0,0.0,219645727.92378876,174105954.4784735,219638051.0,174105954.0,393744005.0,19207.0,219.638051,173.653013,21390.45,3332.0,38882.45,1776448.0,213089597.35698175,27757.0,38998.69,nan,nan,nan,nan,4368784.0,2.485836,10.30604,654.0,2.0,1447.0,14179534.0
quick_ampm_assoc16_l1d_ddr4_2x,quick,ampm,stage1,assoc16,l1d,ddr4_2x,0.008302,8302167855.0,24424730.0,24707910.0,24931435.0,0.980108,37210.0,9146483.0,28615.0,85643.0,964287081.0,25914.729401,1623232095.0,56726.615237,1001271.0,77347.0,1749.0,0.077249,0.971684,918123.0,876504.0,41619.0,0.0,1045205.0,40760.0,0.0,124.0,0.0,143697.0,114665.0,nan,nan,nan,nan,nan,nan,nan,nan,nan,nan,nan,nan,nan,nan,nan,nan,0.0,0.0,nan,0.0,0.0,nan,34956.0,2254.0,0.000246,19194.775954,nan,28615.0,0.33412,56393.615237,nan,nan,nan,nan,nan,nan,nan,nan,nan,nan,nan,nan,nan,nan,nan,nan,nan,nan,nan,nan,nan,nan,nan,4368784.0,2.443496,10.566419,387.0,2.0,1379.0,14171423.0
quick_ampm_assoc16_l2_ddr4_1x,quick,ampm,stage1,assoc16,l2,ddr4_1x,0.008639,8638682337.0,24424730.0,24707910.0,25941989.0,0.941928,242093.0,9216291.0,3707.0,82878.0,1913414004.0,7903.632092,186048432.0,50188.408956,nan,nan,nan,nan,nan,nan,nan,nan,nan,nan,nan,nan,nan,nan,nan,nan,275468.0,24798.0,301.0,0.090021,0.968369,247588.0,233723.0,13865.0,0.0,275482.0,12.0,0.0,2.0,0.0,33584.0,31623.0,0.0,0.0,nan,0.0,0.0,nan,159455.0,82638.0,0.008967,6305.808212,2897.0,810.0,0.009773,83530.377778,1.62,59.37,0.0,0.0,212424988.95234,168566448.35324496,212417580.0,168566448.0,380984029.0,19207.0,212.410172,168.188613,21834.24,3332.0,39326.24,nan,nan,nan,nan,1783104.0,206409256.69449118,27862.0,38829.24,4368784.0,2.809782,11.057068,1007.0,2.0,1439.0,14625806.0
quick_ampm_assoc16_l2_ddr4_2x,quick,ampm,stage1,assoc16,l2,ddr4_2x,0.008599,8598646080.0,24424730.0,24707910.0,25821760.0,0.946314,242180.0,9216307.0,3520.0,82876.0,1716642972.0,7088.293715,141190668.0,40110.985227,nan,nan,nan,nan,nan,nan,nan,nan,nan,nan,nan,nan,nan,nan,nan,nan,274646.0,24984.0,298.0,0.090968,0.97029,246722.0,235834.0,10888.0,0.0,274661.0,13.0,0.0,2.0,0.0,33327.0,31494.0,0.0,0.0,nan,0.0,0.0,nan,159543.0,82637.0,0.008966,5792.987875,2755.0,765.0,0.009231,64625.505882,nan,nan,nan,nan,nan,nan,nan,nan,nan,nan,nan,nan,nan,nan,nan,nan,nan,nan,nan,nan,nan,nan,nan,4368784.0,2.762578,10.57301,424.0,2.0,1306.0,14621269.0
quick_ampm_assoc1_l1d_ddr4_1x,quick,ampm,stage1,assoc1,l1d,ddr4_1x,0.008372,8371625328.0,24424730.0,24707910.0,25140016.0,0.971976,47558.0,9153204.0,28596.0,85306.0,1441540683.0,30311.213318,1860504749.0,65061.713142,1138314.0,75264.0,1552.0,0.066119,0.962665,1056166.0,1014944.0,41222.0,0.0,1211360.0,68406.0,0.0,155.0,0.0,172688.0,123082.0,nan,nan,nan,nan,nan,nan,nan,nan,nan,nan,nan,nan,nan,nan,nan,nan,0.0,0.0,nan,0.0,0.0,nan,44639.0,2919.0,0.000319,17230.439877,nan,28596.0,0.335217,64728.713142,1.21,57.39,0.0,0.0,218620390.6998357,173271012.87588823,218612746.0,173271013.0,391883759.0,19207.0,218.605101,172.865835,19585.16,3332.0,37077.16,1774912.0,212015221.7113174,27733.0,37106.79,nan,nan,nan,nan,4368784.0,2.539764,11.47539,856.0,2.0,1616.0,14187661.0
quick_ampm_assoc1_l1d_ddr4_2x,quick,ampm,stage1,assoc1,l1d,ddr4_2x,0.008319,8319111894.0,24424725.0,24707905.0,24982318.0,0.978111,46752.0,9152944.0,28592.0,85306.0,1183533948.0,25315.151181,1600976037.0,55993.845726,1127834.0,75440.0,1552.0,0.066889,0.962626,1045693.0,1007291.0,38402.0,0.0,1193706.0,61611.0,0.0,147.0,0.0,172883.0,123097.0,nan,nan,nan,nan,nan,nan,nan,nan,nan,nan,nan,nan,nan,nan,nan,nan,0.0,0.0,nan,0.0,0.0,nan,43823.0,2929.0,0.00032,16365.773301,nan,28592.0,0.33517,55660.845726,nan,nan,nan,nan,nan,nan,nan,nan,nan,nan,nan,nan,nan,nan,nan,nan,nan,nan,nan,nan,nan,nan,nan,4368784.0,2.473945,11.128943,456.0,2.0,1201.0,14178739.0
quick_ampm_assoc1_l2_ddr4_1x,quick,ampm,stage1,assoc1,l2,ddr4_1x,0.008664,8663538789.0,24424725.0,24707905.0,26016633.0,0.939225,241702.0,9215984.0,4061.0,82873.0,1912883868.0,7914.224409,208953504.0,51453.706969,nan,nan,nan,nan,nan,nan,nan,nan,nan,nan,nan,nan,nan,nan,nan,nan,319582.0,24443.0,317.0,0.076484,0.967656,291719.0,279083.0,12636.0,0.0,319599.0,13.0,0.0,3.0,0.0,42671.0,38147.0,0.0,0.0,nan,0.0,0.0,nan,159065.0,82637.0,0.008967,6565.218086,3244.0,817.0,0.009858,77904.473684,1.59,62.8,0.0,0.0,211763812.0728913,167890747.12134933,211756425.0,167890747.0,379647172.0,19207.0,211.749038,167.506608,20063.5,3332.0,37555.5,nan,nan,nan,nan,1782272.0,205721015.78894427,27848.0,37166.02,4368784.0,2.824843,11.360162,1072.0,2.0,1539.0,14630447.0
quick_ampm_assoc1_l2_ddr4_2x,quick,ampm,stage1,assoc1,l2,ddr4_2x,0.008612,8612050662.0,24424730.0,24707910.0,25862014.0,0.944841,241859.0,9216075.0,3699.0,82875.0,1716102180.0,7095.465457,154913598.0,41879.858881,nan,nan,nan,nan,nan,nan,nan,nan,nan,nan,nan,nan,nan,nan,nan,nan,319058.0,24807.0,314.0,0.077751,0.969819,291143.0,280701.0,10442.0,0.0,319061.0,1.0,0.0,2.0,0.0,42520.0,38358.0,0.0,0.0,nan,0.0,0.0,nan,159222.0,82637.0,0.008967,5950.789828,2927.0,772.0,0.009315,67602.450777,nan,nan,nan,nan,nan,nan,nan,nan,nan,nan,nan,nan,nan,nan,nan,nan,nan,nan,nan,nan,nan,nan,nan,4368784.0,2.763796,10.699329,383.0,2.0,1469.0,14622766.0
quick_ampm_assoc2_l1d_ddr4_1x,quick,ampm,stage1,assoc2,l1d,ddr4_1x,0.008371,8371189098.0,24424725.0,24707905.0,25138706.0,0.972026,44724.0,9150983.0,28619.0,85497.0,1304379315.0,29165.086195,1868056013.0,65273.280443,1110635.0,75550.0,1707.0,0.068024,0.962923,1028280.0,986508.0,41772.0,0.0,1174981.0,60162.0,0.0,150.0,0.0,166860.0,122784.0,nan,nan,nan,nan,nan,nan,nan,nan,nan,nan,nan,nan,nan,nan,nan,nan,0.0,0.0,nan,0.0,0.0,nan,41815.0,2909.0,0.000318,16976.475077,nan,28619.0,0.334737,64940.280443,3.04,56.67,0.0,0.0,218807624.40757853,173440592.84801978,218799979.0,173440593.0,392240572.0,19207.0,218.799979,172.974231,19797.8,3332.0,37289.8,1777152.0,212293854.4566611,27768.0,37355.95,nan,nan,nan,nan,4368784.0,2.51859,11.025959,760.0,2.0,1545.0,14191010.0
quick_ampm_assoc2_l1d_ddr4_2x,quick,ampm,stage1,assoc2,l1d,ddr4_2x,0.008319,8319043629.0,24424730.0,24707910.0,24982113.0,0.978119,44427.0,9151074.0,28625.0,85504.0,1082408508.0,24363.754204,1602529683.0,55983.569712,1104029.0,75729.0,1707.0,0.068593,0.962885,1021684.0,982604.0,39080.0,0.0,1162532.0,54589.0,0.0,134.0,0.0,166453.0,122690.0,nan,nan,nan,nan,nan,nan,nan,nan,nan,nan,nan,nan,nan,nan,nan,nan,0.0,0.0,nan,0.0,0.0,nan,41508.0,2919.0,0.000319,15956.05036,nan,28625.0,0.33478,55650.569712,nan,nan,nan,nan,nan,nan,nan,nan,nan,nan,nan,nan,nan,nan,nan,nan,nan,nan,nan,nan,nan,nan,nan,4368784.0,2.458712,10.890399,416.0,2.0,1310.0,14181991.0
quick_ampm_assoc2_l2_ddr4_1x,quick,ampm,stage1,assoc2,l2,ddr4_1x,0.008661,8661150513.0,24424725.0,24707905.0,26009461.0,0.939484,241841.0,9216012.0,4021.0,82878.0,1920156588.0,7939.747967,206322138.0,51311.150957,nan,nan,nan,nan,nan,nan,nan,nan,nan,nan,nan,nan,nan,nan,nan,nan,315437.0,24486.0,323.0,0.077626,0.967673,287568.0,274746.0,12822.0,0.0,315439.0,0.0,0.0,2.0,0.0,41983.0,37633.0,0.0,0.0,nan,0.0,0.0,nan,159202.0,82639.0,0.008967,6533.229589,3203.0,818.0,0.00987,79000.789731,1.64,62.25,0.0,0.0,211873930.2873953,167966599.56623942,211866541.0,167966600.0,379833141.0,19207.0,211.87393,167.508462,20337.66,3332.0,37829.66,nan,nan,nan,nan,1782656.0,205822078.40913433,27854.0,37421.22,4368784.0,2.819505,11.170063,1053.0,2.0,1604.0,14630313.0
quick_ampm_assoc2_l2_ddr4_2x,quick,ampm,stage1,assoc2,l2,ddr4_2x,0.008607,8606641077.0,24424725.0,24707905.0,25845769.0,0.945435,241929.0,9216114.0,3652.0,82872.0,1687922388.0,6976.932852,147457395.0,40377.161829,nan,nan,nan,nan,nan,nan,nan,nan,nan,nan,nan,nan,nan,nan,nan,nan,314824.0,24851.0,320.0,0.078936,0.970022,286910.0,276522.0,10388.0,0.0,314826.0,0.0,0.0,2.0,0.0,41727.0,37780.0,0.0,0.0,nan,0.0,0.0,nan,159292.0,82637.0,0.008967,5864.498433,2884.0,768.0,0.009267,64512.679688,nan,nan,nan,nan,nan,nan,nan,nan,nan,nan,nan,nan,nan,nan,nan,nan,nan,nan,nan,nan,nan,nan,nan,4368784.0,2.76263,10.535083,408.0,2.0,1338.0,14622035.0
quick_ampm_assoc32_l1d_ddr4_1x,quick,ampm,stage1,assoc32,l1d,ddr4_1x,0.008329,8329120542.0,24424730.0,24707910.0,25012374.0,0.976936,39262.0,9147532.0,28616.0,85777.0,1112136084.0,28326.017116,1914165690.0,66891.44849,988545.0,76917.0,1778.0,0.077808,0.963462,905924.0,860673.0,45251.0,0.0,1035942.0,43537.0,0.0,140.0,0.0,141228.0,114744.0,nan,nan,nan,nan,nan,nan,nan,nan,nan,nan,nan,nan,nan,nan,nan,nan,0.0,0.0,nan,0.0,0.0,nan,36345.0,2917.0,0.000319,16758.336304,nan,28616.0,0.333609,66558.44849,5.0,56.63,0.0,0.0,219889721.94178626,174362706.4438276,219882038.0,174362706.0,394244745.0,19207.0,219.882038,173.901673,21435.45,3332.0,38927.45,1776576.0,213296949.06461352,27759.0,39104.02,nan,nan,nan,nan,4368784.0,2.476648,10.022025,586.0,2.0,1447.0,14176896.0
quick_ampm_assoc32_l1d_ddr4_2x,quick,ampm,stage1,assoc32,l1d,ddr4_2x,0.008296,8295744951.0,24424739.0,24707920.0,24912147.0,0.980867,35994.0,9145599.0,28615.0,85786.0,933598134.0,25937.604434,1599666789.0,55903.08541,994011.0,77700.0,1780.0,0.078168,0.971967,910706.0,869601.0,41105.0,0.0,1036435.0,39209.0,0.0,122.0,0.0,143017.0,116200.0,nan,nan,nan,nan,nan,nan,nan,nan,nan,nan,nan,nan,nan,nan,nan,nan,0.0,0.0,nan,0.0,0.0,nan,33753.0,2241.0,0.000245,19233.313253,nan,28615.0,0.333563,55570.08541,nan,nan,nan,nan,nan,nan,nan,nan,nan,nan,nan,nan,nan,nan,nan,nan,nan,nan,nan,nan,nan,nan,nan,4368785.0,2.435804,10.357142,371.0,2.0,1247.0,14168091.0
quick_ampm_assoc32_l2_ddr4_1x,quick,ampm,stage1,assoc32,l2,ddr4_1x,0.008623,8623205496.0,24424739.0,24707920.0,25895512.0,0.943619,242144.0,9216385.0,3631.0,82877.0,1854131346.0,7657.14346,168756408.0,46476.565134,nan,nan,nan,nan,nan,nan,nan,nan,nan,nan,nan,nan,nan,nan,nan,nan,256094.0,24877.0,310.0,0.09714,0.968165,228214.0,213726.0,14488.0,0.0,256096.0,0.0,0.0,2.0,0.0,29943.0,28993.0,0.0,0.0,nan,0.0,0.0,nan,159505.0,82639.0,0.008967,6105.151781,2813.0,818.0,0.00987,79381.826406,2.01,58.33,0.0,0.0,212821090.81724706,168817036.85193032,212813669.0,168817037.0,381630706.0,19207.0,212.806247,168.431101,21707.46,3332.0,39199.46,nan,nan,nan,nan,1782720.0,206735186.91244698,27856.0,38815.66,4368785.0,2.795723,10.572125,955.0,2.0,1487.0,14623593.0
quick_ampm_assoc32_l2_ddr4_2x,quick,ampm,stage1,assoc32,l2,ddr4_2x,0.008593,8592910155.0,24424725.0,24707905.0,25804535.0,0.946945,242263.0,9216421.0,3511.0,82872.0,1692490815.0,6986.171289,134728137.0,38373.152093,nan,nan,nan,nan,nan,nan,nan,nan,nan,nan,nan,nan,nan,nan,nan,nan,255291.0,24993.0,307.0,0.0979,0.970187,227374.0,216052.0,11322.0,0.0,255293.0,0.0,0.0,2.0,0.0,29693.0,28832.0,0.0,0.0,nan,0.0,0.0,nan,159626.0,82637.0,0.008966,5719.128018,2743.0,768.0,0.009267,64649.261719,nan,nan,nan,nan,nan,nan,nan,nan,nan,nan,nan,nan,nan,nan,nan,nan,nan,nan,nan,nan,nan,nan,nan,4368784.0,2.751275,9.963733,376.0,2.0,1257.0,14620363.0
quick_ampm_assoc4_l1d_ddr4_1x,quick,ampm,stage1,assoc4,l1d,ddr4_1x,0.008364,8363791836.0,24424725.0,24707905.0,25116492.0,0.972886,44253.0,9150743.0,28621.0,85490.0,1307554470.0,29547.250356,1875145041.0,65516.405472,1091130.0,75688.0,1695.0,0.069367,0.962952,1008787.0,966451.0,42336.0,0.0,1153764.0,58500.0,0.0,148.0,0.0,162817.0,120724.0,nan,nan,nan,nan,nan,nan,nan,nan,nan,nan,nan,nan,nan,nan,nan,nan,0.0,0.0,nan,0.0,0.0,nan,41341.0,2912.0,0.000318,17126.85783,nan,28621.0,0.334788,65183.405472,3.03,55.93,0.0,0.0,219016450.42328858,173609294.5008585,219008798.0,173609295.0,392618093.0,19207.0,219.008798,173.134869,20042.91,3332.0,37534.91,1777152.0,212481615.37816635,27768.0,37603.78,nan,nan,nan,nan,4368784.0,2.518681,11.126319,791.0,2.0,1545.0,14189076.0
quick_ampm_assoc4_l1d_ddr4_2x,quick,ampm,stage1,assoc4,l1d,ddr4_2x,0.008317,8316995679.0,24424725.0,24707905.0,24975963.0,0.97836,40761.0,9148818.0,28619.0,85495.0,1069901361.0,26248.162729,1606301499.0,56127.100842,1094753.0,76512.0,1697.0,0.06989,0.971581,1011731.0,972414.0,39317.0,0.0,1151021.0,52809.0,0.0,133.0,0.0,163980.0,121990.0,nan,nan,nan,nan,nan,nan,nan,nan,nan,nan,nan,nan,nan,nan,nan,nan,0.0,0.0,nan,0.0,0.0,nan,38523.0,2238.0,0.000245,20177.151475,nan,28619.0,0.334745,55794.100842,nan,nan,nan,nan,nan,nan,nan,nan,nan,nan,nan,nan,nan,nan,nan,nan,nan,nan,nan,nan,nan,nan,nan,4368784.0,2.46053,11.047298,437.0,2.0,1369.0,14178912.0
quick_ampm_assoc4_l2_ddr4_1x,quick,ampm,stage1,assoc4,l2,ddr4_1x,0.008658,8658382950.0,24424730.0,24707910.0,26001150.0,0.939785,241809.0,9216013.0,3967.0,82880.0,1936198863.0,8007.141434,205758702.0,51867.58306,nan,nan,nan,nan,nan,nan,nan,nan,nan,nan,nan,nan,nan,nan,nan,nan,309365.0,24543.0,323.0,0.079333,0.967669,281486.0,268399.0,13087.0,0.0,309367.0,0.0,0.0,2.0,0.0,40833.0,36827.0,0.0,0.0,nan,0.0,0.0,nan,159170.0,82639.0,0.008967,6534.696354,3147.0,820.0,0.009894,81936.680488,1.65,60.99,0.0,0.0,212059920.49589354,168131163.56790388,212030354.0,168131164.0,380161517.0,19207.0,212.05992,167.76158,21383.17,3332.0,38875.17,nan,nan,nan,nan,1783552.0,205991350.84455925,27868.0,38405.3,4368784.0,2.822934,11.382082,1075.0,2.0,1706.0,14629474.0
quick_ampm_assoc4_l2_ddr4_2x,quick,ampm,stage1,assoc4,l2,ddr4_2x,0.008608,8608334382.0,24424730.0,24707910.0,25850854.0,0.945249,241950.0,9216138.0,3676.0,82875.0,1693942362.0,7001.208357,148448070.0,40383.04407,nan,nan,nan,nan,nan,nan,nan,nan,nan,nan,nan,nan,nan,nan,nan,nan,308733.0,24830.0,320.0,0.080425,0.969846,280812.0,270154.0,10658.0,0.0,308735.0,0.0,0.0,2.0,0.0,40576.0,36957.0,0.0,0.0,nan,0.0,0.0,nan,159313.0,82637.0,0.008967,5877.038772,2904.0,772.0,0.009315,63254.471503,nan,nan,nan,nan,nan,nan,nan,nan,nan,nan,nan,nan,nan,nan,nan,nan,nan,nan,nan,nan,nan,nan,nan,4368784.0,2.765529,10.594314,422.0,2.0,1324.0,14622573.0
quick_ampm_assoc64_l1d_ddr4_1x,quick,ampm,stage1,assoc64,l1d,ddr4_1x,0.00833,8329948713.0,24424730.0,24707910.0,25014861.0,0.976839,36052.0,9145185.0,28615.0,85671.0,1038271689.0,28799.281288,1966601558.0,68726.247003,1048402.0,77094.0,1728.0,0.073535,0.962869,965943.0,921596.0,44346.0,1.0,1091199.0,38980.0,0.0,146.0,0.0,149807.0,126191.0,nan,nan,nan,nan,nan,nan,nan,nan,nan,nan,nan,nan,nan,nan,nan,nan,0.0,0.0,nan,0.0,0.0,nan,33079.0,2973.0,0.000325,18031.171544,nan,28615.0,0.33401,68393.247003,3.11,55.24,0.0,0.0,219860177.18714374,174330004.9055176,219852494.0,174330005.0,394182499.0,19207.0,219.844811,173.945849,23268.88,3332.0,40760.88,1776512.0,213268059.76938555,27758.0,40835.83,nan,nan,nan,nan,4368784.0,2.467804,10.103224,588.0,2.0,1619.0,14174428.0
quick_ampm_assoc64_l1d_ddr4_2x,quick,ampm,stage1,assoc64,l1d,ddr4_2x,0.008295,8294561802.0,24424725.0,24707905.0,24908594.0,0.981006,32944.0,9143487.0,28610.0,85681.0,880225560.0,26718.842885,1688641519.0,59022.772422,1054357.0,77873.0,1733.0,0.073858,0.971312,971212.0,930423.0,40788.0,1.0,1092731.0,35193.0,0.0,130.0,0.0,151533.0,127647.0,nan,nan,nan,nan,nan,nan,nan,nan,nan,nan,nan,nan,nan,nan,nan,nan,0.0,0.0,nan,0.0,0.0,nan,30644.0,2300.0,0.000252,21607.79087,nan,28610.0,0.333913,58689.772422,nan,nan,nan,nan,nan,nan,nan,nan,nan,nan,nan,nan,nan,nan,nan,nan,nan,nan,nan,nan,nan,nan,nan,4368784.0,2.430979,10.43073,386.0,2.0,1392.0,14166067.0
quick_ampm_assoc64_l2_ddr4_1x,quick,ampm,stage1,assoc64,l2,ddr4_1x,0.008624,8623900134.0,24424725.0,24707905.0,25897598.0,0.943542,242208.0,9216424.0,3642.0,82877.0,1861108029.0,7683.92468,170437725.0,46797.837727,nan,nan,nan,nan,nan,nan,nan,nan,nan,nan,nan,nan,nan,nan,nan,nan,255857.0,24866.0,310.0,0.097187,0.968227,227981.0,213456.0,14525.0,0.0,255859.0,0.0,0.0,2.0,0.0,29664.0,28808.0,0.0,0.0,nan,0.0,0.0,nan,159569.0,82639.0,0.008966,6119.992703,2826.0,816.0,0.009846,80765.558824,1.69,59.67,0.0,0.0,212751999.84823942,168751490.32193094,212744579.0,168751490.0,381496069.0,19207.0,212.752,168.350744,21519.55,3332.0,39011.55,nan,nan,nan,nan,1782464.0,206688849.85954082,27851.0,38584.51,4368784.0,2.796348,10.57356,949.0,2.0,1564.0,14623663.0
quick_ampm_assoc64_l2_ddr4_2x,quick,ampm,stage1,assoc64,l2,ddr4_2x,0.008593,8593115283.0,24424730.0,24707910.0,25805151.0,0.946923,242286.0,9216435.0,3500.0,82877.0,1698288345.0,7009.436554,135683181.0,38766.623143,nan,nan,nan,nan,nan,nan,nan,nan,nan,nan,nan,nan,nan,nan,nan,nan,255015.0,25009.0,307.0,0.098069,0.96998,227091.0,215798.0,11293.0,0.0,255017.0,0.0,0.0,2.0,0.0,29400.0,28584.0,0.0,0.0,nan,0.0,0.0,nan,159648.0,82638.0,0.008966,5725.578741,2726.0,774.0,0.009339,64516.813953,nan,nan,nan,nan,nan,nan,nan,nan,nan,nan,nan,nan,nan,nan,nan,nan,nan,nan,nan,nan,nan,nan,nan,4368784.0,2.751625,9.95917,385.0,2.0,1257.0,14620205.0
quick_ampm_default_l1d_ddr4_1x,quick,ampm,stage1,default,l1d,ddr4_1x,0.008356,8356175793.0,24424730.0,24707910.0,25093621.0,0.973773,42666.0,9149919.0,28627.0,85616.0,1280079306.0,30002.327521,1874861983.0,65492.785936,1054386.0,76028.0,1760.0,0.072106,0.96277,971949.0,928900.0,43049.0,0.0,1112050.0,53641.0,0.0,150.0,0.0,153841.0,117952.0,nan,nan,nan,nan,nan,nan,nan,nan,nan,nan,nan,nan,nan,nan,nan,nan,0.0,0.0,nan,0.0,0.0,nan,39726.0,2940.0,0.000321,16156.389796,nan,28627.0,0.334365,65159.785936,3.04,54.16,0.0,0.0,219262021.9329079,173828798.72115684,219254363.0,173828799.0,393083162.0,19207.0,219.246704,173.422871,20026.33,3332.0,37518.33,1777280.0,212690594.8399068,27770.0,37697.05,nan,nan,nan,nan,4368784.0,2.502259,10.671132,731.0,2.0,1548.0,14186168.0
quick_ampm_default_l1d_ddr4_2x,quick,ampm,stage1,default,l1d,ddr4_2x,0.008309,8308906776.0,24424725.0,24707905.0,24951672.0,0.979312,39487.0,9148045.0,28623.0,85621.0,1042282674.0,26395.590296,1621073634.0,56635.350383,1060871.0,76860.0,1762.0,0.07245,0.971387,977750.0,937212.0,40538.0,0.0,1113887.0,49640.0,0.0,133.0,0.0,155465.0,119460.0,nan,nan,nan,nan,nan,nan,nan,nan,nan,nan,nan,nan,nan,nan,nan,nan,0.0,0.0,nan,0.0,0.0,nan,37223.0,2264.0,0.000247,19622.878092,nan,28623.0,0.334299,56302.350383,nan,nan,nan,nan,nan,nan,nan,nan,nan,nan,nan,nan,nan,nan,nan,nan,nan,nan,nan,nan,nan,nan,nan,4368784.0,2.455591,10.998368,423.0,2.0,1247.0,14175367.0
quick_ampm_default_l2_ddr4_1x,quick,ampm,stage1,default,l2,ddr4_1x,0.00865,8650278729.0,24424725.0,24707905.0,25976813.0,0.940665,242031.0,9216211.0,3905.0,82878.0,1924030710.0,7949.521797,196803000.0,50397.695262,nan,nan,nan,nan,nan,nan,nan,nan,nan,nan,nan,nan,nan,nan,nan,nan,297853.0,24613.0,327.0,0.082635,0.967911,269958.0,256908.0,13050.0,0.0,297855.0,0.0,0.0,2.0,0.0,38251.0,34801.0,0.0,0.0,nan,0.0,0.0,nan,159392.0,82639.0,0.008967,6431.829378,3089.0,816.0,0.009846,82648.069853,1.66,60.44,0.0,0.0,212295586.9437395,168318275.70119447,212288188.0,168318276.0,380606464.0,19207.0,212.295587,167.852164,21098.48,3332.0,38590.48,nan,nan,nan,nan,1784128.0,206250926.22954717,27877.0,38099.29,4368784.0,2.816317,11.21926,1067.0,2.0,1603.0,14628176.0
quick_ampm_default_l2_ddr4_2x,quick,ampm,stage1,default,l2,ddr4_2x,0.008604,8604263790.0,24424725.0,24707905.0,25838630.0,0.945696,242174.0,9216347.0,3666.0,82875.0,1701236061.0,7024.850153,145691163.0,39741.179214,nan,nan,nan,nan,nan,nan,nan,nan,nan,nan,nan,nan,nan,nan,nan,nan,297255.0,24850.0,324.0,0.083598,0.969983,269316.0,258709.0,10607.0,0.0,297257.0,0.0,0.0,2.0,0.0,37995.0,34922.0,0.0,0.0,nan,0.0,0.0,nan,159537.0,82637.0,0.008966,5847.747087,2897.0,769.0,0.009279,63822.113134,nan,nan,nan,nan,nan,nan,nan,nan,nan,nan,nan,nan,nan,nan,nan,nan,nan,nan,nan,nan,nan,nan,nan,4368784.0,2.759485,10.321583,402.0,2.0,1257.0,14622352.0
quick_ampm_epoch1024k_l1d_ddr4_1x,quick,ampm,stage1,epoch1024k,l1d,ddr4_1x,0.008332,8332466859.0,24424725.0,24707905.0,25022423.0,0.976543,22742.0,9138224.0,28618.0,85602.0,916010739.0,40278.372131,1833326154.0,64061.994339,1028862.0,78266.0,1747.0,0.07607,0.974379,945551.0,898213.0,47338.0,0.0,1071031.0,39802.0,0.0,90.0,0.0,148101.0,112335.0,nan,nan,nan,nan,nan,nan,nan,nan,nan,nan,nan,nan,nan,nan,nan,nan,0.0,0.0,nan,0.0,0.0,nan,20684.0,2058.0,0.000225,19972.233236,nan,28618.0,0.334315,63728.994339,3.38,56.02,0.0,0.0,219816775.87131944,174277320.81904462,219809095.0,174277321.0,394086416.0,19207.0,219.816776,173.854877,18532.79,3332.0,36024.79,1783680.0,214063857.70060703,27870.0,36004.98,nan,nan,nan,nan,4368784.0,2.417971,11.515928,669.0,2.0,1548.0,14171068.0
quick_ampm_epoch1024k_l1d_ddr4_2x,quick,ampm,stage1,epoch1024k,l1d,ddr4_2x,0.008286,8285741631.0,24424730.0,24707910.0,24882107.0,0.982051,19506.0,9136514.0,28624.0,85607.0,684948033.0,35114.73562,1597723442.0,55817.616056,1017152.0,78676.0,1747.0,0.077349,0.974485,933845.0,899063.0,34782.0,0.0,1056975.0,37562.0,0.0,90.0,0.0,147660.0,112299.0,nan,nan,nan,nan,nan,nan,nan,nan,nan,nan,nan,nan,nan,nan,nan,nan,0.0,0.0,nan,0.0,0.0,nan,17446.0,2060.0,0.000225,19448.654854,nan,28624.0,0.334365,55484.616056,nan,nan,nan,nan,nan,nan,nan,nan,nan,nan,nan,nan,nan,nan,nan,nan,nan,nan,nan,nan,nan,nan,nan,4368784.0,2.331319,10.022227,411.0,2.0,1253.0,14161196.0
quick_ampm_epoch1024k_l2_ddr4_1x,quick,ampm,stage1,epoch1024k,l2,ddr4_1x,0.00863,8629849179.0,24424730.0,24707910.0,25915463.0,0.942892,231191.0,9208514.0,2362.0,82875.0,1652615397.0,7148.268735,157569273.0,66710.107113,nan,nan,nan,nan,nan,nan,nan,nan,nan,nan,nan,nan,nan,nan,nan,nan,274232.0,26156.0,329.0,0.095379,0.975424,246167.0,230573.0,15594.0,0.0,274234.0,0.0,0.0,2.0,0.0,32776.0,29579.0,0.0,0.0,nan,0.0,0.0,nan,148555.0,82636.0,0.008974,6017.215221,1703.0,659.0,0.007952,84053.444613,1.63,59.51,0.0,0.0,212879734.268181,168761234.38448796,212850070.0,168761234.0,381611304.0,19207.0,212.872318,168.390428,19908.02,3332.0,37400.02,nan,nan,nan,nan,1794880.0,207985094.84588525,28045.0,36939.73,4368784.0,2.740267,11.366354,695.0,2.0,1510.0,14618768.0
quick_ampm_epoch1024k_l2_ddr4_2x,quick,ampm,stage1,epoch1024k,l2,ddr4_2x,0.008585,8584502904.0,24424730.0,24707910.0,25779288.0,0.947873,229089.0,9206908.0,1818.0,82875.0,1390168107.0,6068.244687,103526370.0,56945.19802,nan,nan,nan,nan,nan,nan,nan,nan,nan,nan,nan,nan,nan,nan,nan,nan,274232.0,26700.0,326.0,0.097363,0.975949,246168.0,232807.0,13361.0,0.0,274234.0,0.0,0.0,2.0,0.0,32776.0,30009.0,0.0,0.0,nan,0.0,0.0,nan,146453.0,82636.0,0.008975,5413.147998,1160.0,658.0,0.00794,68247.793313,nan,nan,nan,nan,nan,nan,nan,nan,nan,nan,nan,nan,nan,nan,nan,nan,nan,nan,nan,nan,nan,nan,nan,4368784.0,2.665385,10.077362,418.0,2.0,1351.0,14610724.0
quick_ampm_epoch128k_l1d_ddr4_1x,quick,ampm,stage1,epoch128k,l1d,ddr4_1x,0.008365,8365072554.0,24424730.0,24707910.0,25120338.0,0.972737,46870.0,9152158.0,28625.0,85607.0,1361531772.0,29049.109708,1898091555.0,66308.875284,1071421.0,75958.0,1748.0,0.070895,0.970127,988392.0,941746.0,46646.0,0.0,1132801.0,57317.0,0.0,163.0,0.0,156854.0,120854.0,nan,nan,nan,nan,nan,nan,nan,nan,nan,nan,nan,nan,nan,nan,nan,nan,0.0,0.0,nan,0.0,0.0,nan,44531.0,2339.0,0.000256,22052.601112,nan,28625.0,0.334377,65975.875284,3.07,56.13,0.0,0.0,219013521.78038743,173643921.27183935,219005871.0,173643921.0,392649792.0,19207.0,219.005871,173.230775,20869.37,3332.0,38361.37,1772800.0,211928825.309744,27701.0,38467.42,nan,nan,nan,nan,4368784.0,2.534137,10.214474,643.0,2.0,1279.0,14188699.0
quick_ampm_epoch128k_l1d_ddr4_2x,quick,ampm,stage1,epoch128k,l1d,ddr4_2x,0.008325,8324524809.0,24424725.0,24707905.0,24998573.0,0.977475,46406.0,9151529.0,28622.0,85609.0,1142455401.0,24618.70019,1636396710.0,57172.68919,1068912.0,76028.0,1748.0,0.071127,0.97024,985871.0,943381.0,42490.0,0.0,1129059.0,56223.0,0.0,167.0,0.0,156880.0,120490.0,nan,nan,nan,nan,nan,nan,nan,nan,nan,nan,nan,nan,nan,nan,nan,nan,0.0,0.0,nan,0.0,0.0,nan,44074.0,2332.0,0.000255,20763.521012,nan,28622.0,0.334334,56839.68919,nan,nan,nan,nan,nan,nan,nan,nan,nan,nan,nan,nan,nan,nan,nan,nan,nan,nan,nan,nan,nan,nan,nan,4368784.0,2.481137,9.721048,368.0,2.0,1234.0,14181757.0
quick_ampm_epoch128k_l2_ddr4_1x,quick,ampm,stage1,epoch128k,l2,ddr4_1x,0.008661,8660992671.0,24424730.0,24707910.0,26008987.0,0.939502,247686.0,9220634.0,4740.0,82876.0,2065837761.0,8340.551186,218240874.0,46042.378481,nan,nan,nan,nan,nan,nan,nan,nan,nan,nan,nan,nan,nan,nan,nan,nan,299647.0,23779.0,331.0,0.079357,0.965802,271762.0,259949.0,11813.0,0.0,299649.0,0.0,0.0,2.0,0.0,38882.0,35607.0,0.0,0.0,nan,0.0,0.0,nan,165049.0,82637.0,0.008962,6643.059259,3898.0,842.0,0.01016,82108.229216,1.64,59.79,0.0,0.0,212136422.43942273,168161786.4516491,212106865.0,168161786.0,380268651.0,19207.0,212.129033,167.792314,21056.62,3332.0,38548.62,nan,nan,nan,nan,1783360.0,205907113.3925914,27865.0,38051.34,4368784.0,2.863283,11.625168,1124.0,2.0,1711.0,14633711.0
quick_ampm_epoch128k_l2_ddr4_2x,quick,ampm,stage1,epoch128k,l2,ddr4_2x,0.008616,8615646063.0,24424730.0,24707910.0,25872811.0,0.944447,246882.0,9219929.0,4358.0,82876.0,1805195997.0,7311.97899,164505996.0,37748.048646,nan,nan,nan,nan,nan,nan,nan,nan,nan,nan,nan,nan,nan,nan,nan,nan,299553.0,24161.0,328.0,0.080657,0.963204,271751.0,262233.0,9518.0,0.0,299555.0,0.0,0.0,2.0,0.0,38789.0,35876.0,0.0,0.0,nan,0.0,0.0,nan,164245.0,82637.0,0.008963,6038.419074,3435.0,923.0,0.011137,64084.641387,nan,nan,nan,nan,nan,nan,nan,nan,nan,nan,nan,nan,nan,nan,nan,nan,nan,nan,nan,nan,nan,nan,nan,4368784.0,2.787565,9.963422,346.0,2.0,1296.0,14626106.0
quick_ampm_epoch512k_l1d_ddr4_1x,quick,ampm,stage1,epoch512k,l1d,ddr4_1x,0.008364,8364485142.0,24424730.0,24707910.0,25118574.0,0.972806,39330.0,9148457.0,28627.0,85605.0,1297971396.0,33002.069565,1835445049.0,64115.871345,1029371.0,76122.0,1745.0,0.07395,0.963411,946898.0,897215.0,49683.0,0.0,1072160.0,39856.0,0.0,90.0,0.0,147345.0,111879.0,nan,nan,nan,nan,nan,nan,nan,nan,nan,nan,nan,nan,nan,nan,nan,nan,0.0,0.0,nan,0.0,0.0,nan,36439.0,2891.0,0.000316,18363.262539,nan,28627.0,0.334408,63782.871345,3.02,55.55,0.0,0.0,219044205.21953508,173663767.14642265,219036554.0,173663767.0,392700321.0,19207.0,219.036554,173.288849,18635.01,3332.0,36127.01,1774144.0,212104387.76340407,27721.0,36143.5,nan,nan,nan,nan,4368784.0,2.53472,12.789449,825.0,2.0,1663.0,14186022.0
quick_ampm_epoch512k_l1d_ddr4_2x,quick,ampm,stage1,epoch512k,l1d,ddr4_2x,0.008313,8312954724.0,24424730.0,24707910.0,24963828.0,0.978836,35364.0,9146150.0,28627.0,85607.0,940057335.0,26582.324822,1603496748.0,56013.440039,1017491.0,76619.0,1745.0,0.075302,0.963846,934999.0,894819.0,40180.0,0.0,1057281.0,36994.0,0.0,90.0,0.0,146764.0,111937.0,nan,nan,nan,nan,nan,nan,nan,nan,nan,nan,nan,nan,nan,nan,nan,nan,0.0,0.0,nan,0.0,0.0,nan,32490.0,2874.0,0.000314,17739.375783,nan,28627.0,0.3344,55680.440039,nan,nan,nan,nan,nan,nan,nan,nan,nan,nan,nan,nan,nan,nan,nan,nan,nan,nan,nan,nan,nan,nan,nan,4368784.0,2.412141,10.483615,417.0,2.0,1352.0,14174949.0
quick_ampm_epoch512k_l2_ddr4_1x,quick,ampm,stage1,epoch512k,l2,ddr4_1x,0.008661,8660992671.0,24424730.0,24707910.0,26008987.0,0.939502,240803.0,9216075.0,3995.0,82875.0,1992183489.0,8273.084177,211331457.0,52898.987985,nan,nan,nan,nan,nan,nan,nan,nan,nan,nan,nan,nan,nan,nan,nan,nan,266674.0,24523.0,327.0,0.091959,0.958754,239009.0,226687.0,12322.0,0.0,266676.0,0.0,0.0,2.0,0.0,32431.0,29103.0,0.0,0.0,nan,0.0,0.0,nan,158167.0,82636.0,0.008967,6593.844075,2940.0,1055.0,0.01273,70648.080569,1.63,59.57,0.0,0.0,212099475.17342728,168154396.99845,212069917.0,168154397.0,380224314.0,19207.0,212.084696,167.784924,18623.36,3332.0,36115.36,nan,nan,nan,nan,1769408.0,204296212.5951902,27647.0,35829.9,4368784.0,2.844825,12.538381,861.0,2.0,1399.0,14628684.0
quick_ampm_epoch512k_l2_ddr4_2x,quick,ampm,stage1,epoch512k,l2,ddr4_2x,0.008613,8612875170.0,24424725.0,24707905.0,25864490.0,0.94475,238729.0,9214328.0,3437.0,82874.0,1673476848.0,7009.943693,152183997.0,44278.148676,nan,nan,nan,nan,nan,nan,nan,nan,nan,nan,nan,nan,nan,nan,nan,nan,267330.0,25079.0,324.0,0.093813,0.960403,239652.0,228567.0,11085.0,0.0,267332.0,0.0,0.0,2.0,0.0,32474.0,29785.0,0.0,0.0,nan,0.0,0.0,nan,156092.0,82637.0,0.008968,5934.735615,2403.0,1034.0,0.012477,60021.478723,nan,nan,nan,nan,nan,nan,nan,nan,nan,nan,nan,nan,nan,nan,nan,nan,nan,nan,nan,nan,nan,nan,nan,4368784.0,2.755073,11.047068,449.0,2.0,1351.0,14620760.0
quick_ampm_epoch64k_l1d_ddr4_1x,quick,ampm,stage1,epoch64k,l1d,ddr4_1x,0.008356,8356445190.0,24424725.0,24707905.0,25094430.0,0.973741,44179.0,9150334.0,28622.0,85615.0,1313763255.0,29737.279137,1895338067.0,66219.623611,1085446.0,76294.0,1762.0,0.070288,0.970686,1002370.0,959531.0,42839.0,0.0,1154637.0,64687.0,0.0,188.0,0.0,160050.0,123361.0,nan,nan,nan,nan,nan,nan,nan,nan,nan,nan,nan,nan,nan,nan,nan,nan,0.0,0.0,nan,0.0,0.0,nan,41875.0,2304.0,0.000252,21579.09375,nan,28622.0,0.334311,65886.623611,3.02,55.35,0.0,0.0,219216659.51835194,173800218.51133567,219209001.0,173800219.0,393009219.0,19207.0,219.193683,173.325375,20775.42,3332.0,38267.42,1774528.0,212354411.43364933,27730.0,38364.12,nan,nan,nan,nan,4368784.0,2.523304,10.57616,632.0,2.0,1571.0,14185832.0
quick_ampm_epoch64k_l1d_ddr4_2x,quick,ampm,stage1,epoch64k,l1d,ddr4_2x,0.008317,8316884790.0,24424739.0,24707920.0,24975630.0,0.978374,44171.0,9150472.0,28627.0,85627.0,1072597662.0,24282.847615,1633458583.0,57060.068572,1079766.0,76435.0,1762.0,0.070788,0.970591,996695.0,957027.0,39668.0,0.0,1145266.0,61215.0,0.0,186.0,0.0,158805.0,123181.0,nan,nan,nan,nan,nan,nan,nan,nan,nan,nan,nan,nan,nan,nan,nan,nan,0.0,0.0,nan,0.0,0.0,nan,41855.0,2316.0,0.000253,20829.322539,nan,28627.0,0.334322,56727.068572,nan,nan,nan,nan,nan,nan,nan,nan,nan,nan,nan,nan,nan,nan,nan,nan,nan,nan,nan,nan,nan,nan,nan,4368785.0,2.466916,9.697315,370.0,2.0,1215.0,14178470.0
quick_ampm_epoch64k_l2_ddr4_1x,quick,ampm,stage1,epoch64k,l2,ddr4_1x,0.008658,8658162837.0,24424730.0,24707910.0,26000489.0,0.939809,248111.0,9220785.0,4775.0,82879.0,2069670591.0,8341.712342,214314804.0,44882.681466,nan,nan,nan,nan,nan,nan,nan,nan,nan,nan,nan,nan,nan,nan,nan,nan,307316.0,23747.0,329.0,0.077272,0.966937,279402.0,267561.0,11841.0,0.0,307333.0,13.0,0.0,3.0,0.0,40284.0,36832.0,0.0,0.0,nan,0.0,0.0,nan,165474.0,82637.0,0.008962,6603.814284,3963.0,812.0,0.009797,82864.917488,1.68,60.24,0.0,0.0,212198365.24079457,168224140.31943437,212190973.0,168224140.0,380415114.0,19207.0,212.17619,167.824979,22236.7,3332.0,39728.7,nan,nan,nan,nan,1785152.0,206181384.38922504,27894.0,39259.74,4368784.0,2.855994,11.203237,1143.0,2.0,1535.0,14633913.0
quick_ampm_epoch64k_l2_ddr4_2x,quick,ampm,stage1,epoch64k,l2,ddr4_2x,0.008616,8615646063.0,24424730.0,24707910.0,25872811.0,0.944447,246883.0,9219804.0,4331.0,82875.0,1788749793.0,7245.333996,163099071.0,37658.524821,nan,nan,nan,nan,nan,nan,nan,nan,nan,nan,nan,nan,nan,nan,nan,nan,307376.0,24188.0,326.0,0.078692,0.963742,279563.0,270441.0,9122.0,0.0,307378.0,0.0,0.0,2.0,0.0,40366.0,37415.0,0.0,0.0,nan,0.0,0.0,nan,164247.0,82636.0,0.008963,6022.627136,3421.0,910.0,0.01098,64704.827473,nan,nan,nan,nan,nan,nan,nan,nan,nan,nan,nan,nan,nan,nan,nan,nan,nan,nan,nan,nan,nan,nan,nan,4368784.0,2.784099,9.909536,333.0,2.0,1296.0,14626119.0
quick_ampm_hz128_l1d_ddr4_1x,quick,ampm,stage1,hz128,l1d,ddr4_1x,0.009732,9731897694.0,24424730.0,24707910.0,29224918.0,0.836118,325447.0,9276158.0,28495.0,82880.0,8371363923.0,25722.664283,1519618527.0,53329.304334,0.0,0.0,nan,nan,0.0,0.0,0.0,0.0,0.0,0.0,0.0,0.0,0.0,0.0,0.0,0.0,nan,nan,nan,nan,nan,nan,nan,nan,nan,nan,nan,nan,nan,nan,nan,nan,0.0,0.0,nan,0.0,0.0,nan,242809.0,82638.0,0.008909,21296.888913,nan,28495.0,0.34381,52996.304334,1.68,54.1,0.0,0.0,187398599.67130476,148729882.44547406,187392023.0,148729882.0,336121906.0,19207.0,187.392023,148.368185,8365.27,3332.0,25857.27,nan,nan,nan,nan,nan,nan,nan,nan,4368784.0,4.674733,23.741681,2534.0,2.0,1647.0,14988853.0
quick_ampm_hz128_l1d_ddr4_2x,quick,ampm,stage1,hz128,l1d,ddr4_2x,0.00967,9670441878.0,24424730.0,24707910.0,29040366.0,0.841432,325569.0,9276333.0,28495.0,82878.0,7985974698.0,24529.284723,1445747472.0,50736.882681,0.0,0.0,nan,nan,0.0,0.0,0.0,0.0,0.0,0.0,0.0,0.0,0.0,0.0,0.0,0.0,nan,nan,nan,nan,nan,nan,nan,nan,nan,nan,nan,nan,nan,nan,nan,nan,0.0,0.0,nan,0.0,0.0,nan,242932.0,82637.0,0.008908,20423.602406,nan,28495.0,0.343819,50403.882681,nan,nan,nan,nan,nan,nan,nan,nan,nan,nan,nan,nan,nan,nan,nan,nan,nan,nan,nan,nan,nan,nan,nan,4368784.0,4.552315,22.48722,1001.0,2.0,1402.0,14989043.0
quick_ampm_hz128_l2_ddr4_1x,quick,ampm,stage1,hz128,l2,ddr4_1x,0.009732,9731897694.0,24424730.0,24707910.0,29224918.0,0.836118,325447.0,9276158.0,28495.0,82880.0,8371363923.0,25722.664283,1519618527.0,53329.304334,nan,nan,nan,nan,nan,nan,nan,nan,nan,nan,nan,nan,nan,nan,nan,nan,0.0,0.0,nan,nan,0.0,0.0,0.0,0.0,0.0,0.0,0.0,0.0,0.0,0.0,0.0,0.0,0.0,0.0,nan,0.0,0.0,nan,242809.0,82638.0,0.008909,21296.888913,nan,28495.0,0.34381,52996.304334,1.68,54.1,0.0,0.0,187398599.67130476,148729882.44547406,187392023.0,148729882.0,336121906.0,19207.0,187.392023,148.368185,8365.27,3332.0,25857.27,nan,nan,nan,nan,nan,nan,nan,nan,4368784.0,4.674733,23.741681,2534.0,2.0,1647.0,14988853.0
quick_ampm_hz128_l2_ddr4_2x,quick,ampm,stage1,hz128,l2,ddr4_2x,0.00967,9670441878.0,24424730.0,24707910.0,29040366.0,0.841432,325569.0,9276333.0,28495.0,82878.0,7985974698.0,24529.284723,1445747472.0,50736.882681,nan,nan,nan,nan,nan,nan,nan,nan,nan,nan,nan,nan,nan,nan,nan,nan,0.0,0.0,nan,nan,0.0,0.0,0.0,0.0,0.0,0.0,0.0,0.0,0.0,0.0,0.0,0.0,0.0,0.0,nan,0.0,0.0,nan,242932.0,82637.0,0.008908,20423.602406,nan,28495.0,0.343819,50403.882681,nan,nan,nan,nan,nan,nan,nan,nan,nan,nan,nan,nan,nan,nan,nan,nan,nan,nan,nan,nan,nan,nan,nan,4368784.0,4.552315,22.48722,1001.0,2.0,1402.0,14989043.0
quick_ampm_hz1k_l1d_ddr4_1x,quick,ampm,stage1,hz1k,l1d,ddr4_1x,0.00827,8270082306.0,24424725.0,24707905.0,24835082.0,0.98391,32027.0,9143120.0,28534.0,83980.0,980552133.0,30616.421551,1856703509.0,65069.864337,536206.0,78616.0,616.0,0.146615,0.973091,454633.0,391297.0,63336.0,0.0,546645.0,8756.0,0.0,42.0,0.0,32788.0,31986.0,nan,nan,nan,nan,nan,nan,nan,nan,nan,nan,nan,nan,nan,nan,nan,nan,0.0,0.0,nan,0.0,0.0,nan,29853.0,2174.0,0.000238,20042.341766,nan,28534.0,0.339771,64736.864337,1.23,53.16,0.0,0.0,220824888.12415457,175135379.11819667,220817149.0,175135379.0,395952529.0,19207.0,220.824888,174.655577,19610.72,3332.0,37102.72,1777216.0,214897014.83510244,27769.0,37051.96,nan,nan,nan,nan,4368784.0,2.443202,9.997136,489.0,2.0,1433.0,14146327.0
quick_ampm_hz1k_l1d_ddr4_2x,quick,ampm,stage1,hz1k,l1d,ddr4_2x,0.008261,8261164899.0,24424730.0,24707910.0,24808303.0,0.984972,32696.0,9143493.0,28539.0,83980.0,915679071.0,28005.843865,1624777445.0,56931.8282,532934.0,78588.0,613.0,0.147463,0.972877,451384.0,392358.0,59026.0,0.0,543147.0,8574.0,0.0,42.0,0.0,32725.0,31744.0,nan,nan,nan,nan,nan,nan,nan,nan,nan,nan,nan,nan,nan,nan,nan,nan,0.0,0.0,nan,0.0,0.0,nan,30505.0,2191.0,0.00024,18919.29393,nan,28539.0,0.339831,56598.8282,nan,nan,nan,nan,nan,nan,nan,nan,nan,nan,nan,nan,nan,nan,nan,nan,nan,nan,nan,nan,nan,nan,nan,4368784.0,2.422187,9.316417,325.0,2.0,1248.0,14145933.0
quick_ampm_hz1k_l2_ddr4_1x,quick,ampm,stage1,hz1k,l2,ddr4_1x,0.008608,8607990060.0,24424730.0,24707910.0,25849820.0,0.945287,241302.0,9215611.0,3179.0,82879.0,1789797411.0,7417.250628,152517996.0,47976.720981,nan,nan,nan,nan,nan,nan,nan,nan,nan,nan,nan,nan,nan,nan,nan,nan,164543.0,25323.0,240.0,0.153899,0.972279,136617.0,121937.0,14680.0,0.0,164548.0,4.0,0.0,1.0,0.0,10493.0,9978.0,0.0,0.0,nan,0.0,0.0,nan,158666.0,82636.0,0.008967,5919.663742,2457.0,722.0,0.008711,82601.526316,1.66,55.92,0.0,0.0,212862699.3326245,168989042.72201264,212847829.0,168989043.0,381836872.0,19207.0,212.825525,168.60986,18704.11,3332.0,36196.11,nan,nan,nan,nan,1785792.0,207457488.63004613,27907.0,35690.99,4368784.0,2.773609,9.79182,597.0,2.0,1456.0,14619049.0
quick_ampm_hz1k_l2_ddr4_2x,quick,ampm,stage1,hz1k,l2,ddr4_2x,0.008585,8584844562.0,24424725.0,24707905.0,25780314.0,0.947835,241866.0,9215898.0,3113.0,82874.0,1661865804.0,6871.01868,125302905.0,40251.495342,nan,nan,nan,nan,nan,nan,nan,nan,nan,nan,nan,nan,nan,nan,nan,nan,164017.0,25384.0,242.0,0.154764,0.972679,136094.0,124542.0,11552.0,0.0,164023.0,5.0,0.0,1.0,0.0,10484.0,10001.0,0.0,0.0,nan,0.0,0.0,nan,159230.0,82636.0,0.008967,5616.499794,2400.0,713.0,0.008603,63543.685835,nan,nan,nan,nan,nan,nan,nan,nan,nan,nan,nan,nan,nan,nan,nan,nan,nan,nan,nan,nan,nan,nan,nan,4368784.0,2.753375,10.171843,396.0,2.0,1305.0,14618068.0
quick_ampm_hz256_l1d_ddr4_1x,quick,ampm,stage1,hz256,l1d,ddr4_1x,0.008491,8491003497.0,24424730.0,24707910.0,25498509.0,0.958311,97903.0,9178934.0,28502.0,83059.0,2771530695.0,28308.945538,1638430592.0,57484.758684,162757.0,69336.0,117.0,0.426009,0.970589,82035.0,1745.0,80290.0,0.0,165086.0,0.0,0.0,41.0,0.0,2629.0,1097.0,nan,nan,nan,nan,nan,nan,nan,nan,nan,nan,nan,nan,nan,nan,nan,nan,0.0,0.0,nan,0.0,0.0,nan,95802.0,2101.0,0.000229,19792.974774,nan,28502.0,0.343154,57151.758684,1.51,57.17,0.0,0.0,214838210.8951568,170495748.88427347,214830674.0,170495749.0,385326422.0,19207.0,214.838211,170.035968,12518.57,3332.0,30010.57,1774656.0,209004271.47710076,27729.0,29883.95,nan,nan,nan,nan,4368784.0,2.947988,15.31274,1203.0,2.0,1658.0,14239021.0
quick_ampm_hz256_l1d_ddr4_2x,quick,ampm,stage1,hz256,l1d,ddr4_2x,0.0084,8400290634.0,24424739.0,24707920.0,25226098.0,0.968659,97051.0,9178073.0,28505.0,83063.0,2274007716.0,23431.059093,1471384806.0,51618.481179,162496.0,69600.0,117.0,0.428318,0.970657,81777.0,1768.0,80009.0,0.0,164527.0,0.0,0.0,41.0,0.0,2599.0,1101.0,nan,nan,nan,nan,nan,nan,nan,nan,nan,nan,nan,nan,nan,nan,nan,nan,0.0,0.0,nan,0.0,0.0,nan,94947.0,2104.0,0.000229,17548.498574,nan,28505.0,0.343173,51285.481179,nan,nan,nan,nan,nan,nan,nan,nan,nan,nan,nan,nan,nan,nan,nan,nan,nan,nan,nan,nan,nan,nan,nan,4368785.0,2.807731,13.312072,579.0,2.0,1445.0,14223387.0
quick_ampm_hz256_l2_ddr4_1x,quick,ampm,stage1,hz256,l2,ddr4_1x,0.008755,8755433469.0,24424725.0,24707905.0,26292593.0,0.929368,273649.0,9238546.0,9584.0,82872.0,3121361181.0,11406.441028,373761864.0,38998.525042,nan,nan,nan,nan,nan,nan,nan,nan,nan,nan,nan,nan,nan,nan,nan,nan,31723.0,18905.0,96.0,0.59594,0.963901,3877.0,3871.0,6.0,0.0,31724.0,0.0,0.0,1.0,0.0,510.0,304.0,0.0,0.0,nan,0.0,0.0,nan,191013.0,82636.0,0.008945,8318.866765,8876.0,708.0,0.008543,68680.779661,1.39,56.76,0.0,0.0,208715194.56691334,165682716.3539263,208685956.0,165682716.0,374368672.0,19207.0,208.707885,165.317229,12659.17,3332.0,30151.17,nan,nan,nan,nan,1782016.0,203532584.23006812,27844.0,29856.68,4368784.0,3.164519,15.269283,1151.0,2.0,1480.0,14664905.0
quick_ampm_hz256_l2_ddr4_2x,quick,ampm,stage1,hz256,l2,ddr4_2x,0.008668,8667703620.0,24424725.0,24707905.0,26029140.0,0.938774,272710.0,9237588.0,8911.0,82870.0,2658559113.0,9748.667497,275027697.0,30863.842105,nan,nan,nan,nan,nan,nan,nan,nan,nan,nan,nan,nan,nan,nan,nan,nan,31718.0,19576.0,97.0,0.617189,0.964905,3875.0,3869.0,6.0,0.0,31719.0,0.0,0.0,1.0,0.0,510.0,317.0,0.0,0.0,nan,0.0,0.0,nan,190073.0,82637.0,0.008946,7165.240268,8199.0,712.0,0.008592,58336.268258,nan,nan,nan,nan,nan,nan,nan,nan,nan,nan,nan,nan,nan,nan,nan,nan,nan,nan,nan,nan,nan,nan,nan,4368784.0,3.014406,12.897773,558.0,2.0,1357.0,14649436.0
quick_ampm_hz2k_l1d_ddr4_1x,quick,ampm,stage1,hz2k,l1d,ddr4_1x,0.008262,8261520543.0,24424730.0,24707910.0,24809371.0,0.98493,31522.0,9142856.0,28566.0,85072.0,930101633.0,29506.428304,2031861100.0,71128.652944,976452.0,79282.0,1144.0,0.081194,0.973036,893815.0,842891.0,50924.0,0.0,1024172.0,43983.0,0.0,205.0,0.0,134255.0,132599.0,nan,nan,nan,nan,nan,nan,nan,nan,nan,nan,nan,nan,nan,nan,nan,nan,808.0,1.0,808.0,0.0,0.0,nan,29325.0,2197.0,0.00024,19681.709604,nan,28566.0,0.335786,70795.652944,1.33,56.93,0.0,0.0,221301634.54584777,175355613.1053247,221293888.0,175355613.0,396649501.0,19207.0,221.301635,174.867567,25710.19,3332.0,43202.19,1778560.0,215282403.61357895,27790.0,43321.72,nan,nan,nan,nan,4368784.0,2.417443,8.515186,340.0,2.0,1428.0,14143996.0
quick_ampm_hz2k_l1d_ddr4_2x,quick,ampm,stage1,hz2k,l1d,ddr4_2x,0.008257,8256902499.0,24424725.0,24707905.0,24795503.0,0.98548,32422.0,9143371.0,28566.0,85096.0,873502290.0,26941.653507,1722707449.0,60306.218897,978200.0,79237.0,1166.0,0.081003,0.973057,895535.0,850477.0,45058.0,0.0,1025267.0,43388.0,0.0,197.0,0.0,134228.0,132759.0,nan,nan,nan,nan,nan,nan,nan,nan,nan,nan,nan,nan,nan,nan,nan,nan,0.0,0.0,nan,0.0,0.0,nan,30228.0,2194.0,0.00024,19844.15907,nan,28566.0,0.335691,59973.218897,nan,nan,nan,nan,nan,nan,nan,nan,nan,nan,nan,nan,nan,nan,nan,nan,nan,nan,nan,nan,nan,nan,nan,4368784.0,2.410512,8.966966,260.0,2.0,1258.0,14144261.0
quick_ampm_hz2k_l2_ddr4_1x,quick,ampm,stage1,hz2k,l2,ddr4_1x,0.008608,8608249467.0,24424725.0,24707905.0,25850599.0,0.945258,240980.0,9215347.0,3052.0,82878.0,1800266265.0,7470.604469,150500016.0,49311.931848,nan,nan,nan,nan,nan,nan,nan,nan,nan,nan,nan,nan,nan,nan,nan,nan,308019.0,25455.0,292.0,0.082641,0.971491,280081.0,265068.0,15013.0,0.0,308047.0,25.0,0.0,2.0,0.0,41661.0,40418.0,0.0,0.0,nan,0.0,0.0,nan,158342.0,82638.0,0.008967,5916.590939,2305.0,747.0,0.009013,93343.86747,1.74,61.66,0.0,0.0,213064457.18506733,169102905.94857827,213042153.0,169102906.0,382145059.0,19207.0,213.064457,168.73117,25147.23,3332.0,42639.23,nan,nan,nan,nan,1786240.0,207503280.0626432,27910.0,42009.93,4368784.0,2.793096,10.821857,1111.0,2.0,1438.0,14618017.0
quick_ampm_hz2k_l2_ddr4_2x,quick,ampm,stage1,hz2k,l2,ddr4_2x,0.008583,8582918823.0,24424725.0,24707905.0,25774531.0,0.948048,241560.0,9215833.0,3000.0,82874.0,1630443591.0,6749.642288,121458420.0,40486.14,nan,nan,nan,nan,nan,nan,nan,nan,nan,nan,nan,nan,nan,nan,nan,nan,306890.0,25504.0,289.0,0.083105,0.972581,278926.0,266956.0,11970.0,0.0,306904.0,13.0,0.0,1.0,0.0,41530.0,40509.0,0.0,0.0,nan,0.0,0.0,nan,158923.0,82637.0,0.008967,5577.952491,2281.0,719.0,0.008676,71786.278164,nan,nan,nan,nan,nan,nan,nan,nan,nan,nan,nan,nan,nan,nan,nan,nan,nan,nan,nan,nan,nan,nan,nan,4368784.0,2.744847,9.756497,326.0,2.0,1257.0,14617443.0
quick_ampm_hz4k_l2_ddr4_1x,quick,ampm,stage1,hz4k,l2,ddr4_1x,0.008601,8600857533.0,24424725.0,24707905.0,25828401.0,0.94607,240697.0,9215311.0,2837.0,82875.0,1745131122.0,7250.323527,141745444.0,49963.145576,nan,nan,nan,nan,nan,nan,nan,nan,nan,nan,nan,nan,nan,nan,nan,nan,525439.0,25667.0,329.0,0.048849,0.970837,497439.0,476003.0,21436.0,0.0,528913.0,2634.0,0.0,62.0,726.0,170887.0,169570.0,0.0,0.0,nan,203.0,3.0,67.666667,158059.0,82638.0,0.008967,5815.858419,2066.0,771.0,0.009303,92918.226978,2.72,53.44,0.0,0.0,213723805.20745918,169620295.93008956,213716364.0,169620296.0,383336660.0,19207.0,213.708923,169.233358,44157.29,3332.0,61649.29,nan,nan,nan,nan,1788736.0,207971820.61636645,27950.0,61535.92,4368784.0,2.768353,10.08212,993.0,2.0,1531.0,14617316.0
quick_ampm_hz4k_l2_ddr4_2x,quick,ampm,stage1,hz4k,l2,ddr4_2x,0.008581,8581479597.0,24424730.0,24707910.0,25770209.0,0.948207,241152.0,9215631.0,2840.0,82876.0,1617646734.0,6707.996343,119378167.0,42034.565845,nan,nan,nan,nan,nan,nan,nan,nan,nan,nan,nan,nan,nan,nan,nan,nan,524810.0,25666.0,335.0,0.048905,0.971535,496790.0,484629.0,12161.0,0.0,527110.0,1493.0,0.0,23.0,763.0,170568.0,169759.0,0.0,0.0,nan,124.0,3.0,41.333333,158515.0,82637.0,0.008967,5555.426625,2088.0,752.0,0.009074,73857.803191,nan,nan,nan,nan,nan,nan,nan,nan,nan,nan,nan,nan,nan,nan,nan,nan,nan,nan,nan,nan,nan,nan,nan,4368784.0,2.717226,8.371422,211.0,2.0,1473.0,14616931.0
quick_ampm_hz512_l1d_ddr4_1x,quick,ampm,stage1,hz512,l1d,ddr4_1x,0.008303,8302912776.0,24424739.0,24707920.0,24933672.0,0.98002,36326.0,9145686.0,28524.0,83455.0,1281526191.0,35278.483483,1763426103.0,61822.53902,276010.0,77932.0,343.0,0.282352,0.974126,194864.0,133321.0,61543.0,0.0,280398.0,2994.0,0.0,41.0,0.0,8287.0,7188.0,nan,nan,nan,nan,nan,nan,nan,nan,nan,nan,nan,nan,nan,nan,nan,nan,0.0,0.0,nan,0.0,0.0,nan,34256.0,2070.0,0.000226,19970.347826,nan,28524.0,0.341789,61489.53902,1.2,56.9,0.0,0.0,219874645.10972482,174466002.3633133,219866937.0,174466002.0,394332939.0,19207.0,219.866937,174.003514,16319.63,3332.0,33811.63,1776128.0,213916254.20105463,27752.0,33772.39,nan,nan,nan,nan,4368785.0,2.528532,11.699603,738.0,2.0,1344.0,14150921.0
quick_ampm_hz512_l1d_ddr4_2x,quick,ampm,stage1,hz512,l1d,ddr4_2x,0.008285,8284862511.0,24424730.0,24707910.0,24879467.0,0.982155,34729.0,9144771.0,28524.0,83456.0,1061732871.0,30571.939042,1559142448.0,54660.722479,271775.0,78307.0,343.0,0.288132,0.974258,190627.0,136215.0,54412.0,0.0,275494.0,2462.0,0.0,41.0,0.0,8005.0,7270.0,nan,nan,nan,nan,nan,nan,nan,nan,nan,nan,nan,nan,nan,nan,nan,nan,0.0,0.0,nan,0.0,0.0,nan,32660.0,2069.0,0.000226,18175.297728,nan,28524.0,0.341785,54327.722479,nan,nan,nan,nan,nan,nan,nan,nan,nan,nan,nan,nan,nan,nan,nan,nan,nan,nan,nan,nan,nan,nan,nan,4368784.0,2.466332,10.868116,512.0,2.0,1204.0,14146199.0
quick_ampm_hz512_l2_ddr4_1x,quick,ampm,stage1,hz512,l2,ddr4_1x,0.008634,8634100590.0,24424725.0,24707905.0,25928230.0,0.942428,243599.0,9217395.0,3785.0,82876.0,2018749563.0,8287.183293,188469342.0,49793.749538,nan,nan,nan,nan,nan,nan,nan,nan,nan,nan,nan,nan,nan,nan,nan,nan,80334.0,24710.0,174.0,0.307591,0.971649,52449.0,40951.0,11498.0,0.0,80335.0,0.0,0.0,1.0,0.0,2489.0,2190.0,0.0,0.0,nan,0.0,0.0,nan,160963.0,82636.0,0.008965,6337.299966,3064.0,721.0,0.0087,69742.947295,1.63,53.1,0.0,0.0,211952128.76249334,168255626.03272843,211952129.0,168255626.0,380207755.0,19207.0,211.944716,167.862765,15584.86,3332.0,33076.86,nan,nan,nan,nan,1783808.0,206600326.39253742,27872.0,32827.8,4368784.0,2.832497,11.341331,667.0,2.0,1531.0,14623479.0
quick_ampm_hz512_l2_ddr4_2x,quick,ampm,stage1,hz512,l2,ddr4_2x,0.008604,8604045675.0,24424725.0,24707905.0,25837975.0,0.94572,242688.0,9216715.0,3382.0,82873.0,1780106778.0,7334.960023,149169015.0,44106.746008,nan,nan,nan,nan,nan,nan,nan,nan,nan,nan,nan,nan,nan,nan,nan,nan,80483.0,25110.0,175.0,0.311991,0.972803,52583.0,43117.0,9466.0,0.0,80484.0,0.0,0.0,1.0,0.0,2506.0,2246.0,0.0,0.0,nan,0.0,0.0,nan,160052.0,82636.0,0.008966,5894.498136,2680.0,702.0,0.008471,61412.410256,nan,nan,nan,nan,nan,nan,nan,nan,nan,nan,nan,nan,nan,nan,nan,nan,nan,nan,nan,nan,nan,nan,nan,4368784.0,2.774946,10.963732,516.0,2.0,1247.0,14620327.0
quick_ampm_hz64_l1d_ddr4_1x,quick,ampm,stage1,hz64,l1d,ddr4_1x,0.009732,9731897694.0,24424730.0,24707910.0,29224918.0,0.836118,325447.0,9276158.0,28495.0,82880.0,8371363923.0,25722.664283,1519618527.0,53329.304334,0.0,0.0,nan,nan,0.0,0.0,0.0,0.0,0.0,0.0,0.0,0.0,0.0,0.0,0.0,0.0,nan,nan,nan,nan,nan,nan,nan,nan,nan,nan,nan,nan,nan,nan,nan,nan,0.0,0.0,nan,0.0,0.0,nan,242809.0,82638.0,0.008909,21296.888913,nan,28495.0,0.34381,52996.304334,1.68,54.1,0.0,0.0,187398599.67130476,148729882.44547406,187392023.0,148729882.0,336121906.0,19207.0,187.392023,148.368185,8365.27,3332.0,25857.27,nan,nan,nan,nan,nan,nan,nan,nan,4368784.0,4.674733,23.741681,2534.0,2.0,1647.0,14988853.0
quick_ampm_hz64_l1d_ddr4_2x,quick,ampm,stage1,hz64,l1d,ddr4_2x,0.00967,9670441878.0,24424730.0,24707910.0,29040366.0,0.841432,325569.0,9276333.0,28495.0,82878.0,7985974698.0,24529.284723,1445747472.0,50736.882681,0.0,0.0,nan,nan,0.0,0.0,0.0,0.0,0.0,0.0,0.0,0.0,0.0,0.0,0.0,0.0,nan,nan,nan,nan,nan,nan,nan,nan,nan,nan,nan,nan,nan,nan,nan,nan,0.0,0.0,nan,0.0,0.0,nan,242932.0,82637.0,0.008908,20423.602406,nan,28495.0,0.343819,50403.882681,nan,nan,nan,nan,nan,nan,nan,nan,nan,nan,nan,nan,nan,nan,nan,nan,nan,nan,nan,nan,nan,nan,nan,4368784.0,4.552315,22.48722,1001.0,2.0,1402.0,14989043.0
quick_ampm_hz64_l2_ddr4_1x,quick,ampm,stage1,hz64,l2,ddr4_1x,0.009732,9731897694.0,24424730.0,24707910.0,29224918.0,0.836118,325447.0,9276158.0,28495.0,82880.0,8371363923.0,25722.664283,1519618527.0,53329.304334,nan,nan,nan,nan,nan,nan,nan,nan,nan,nan,nan,nan,nan,nan,nan,nan,0.0,0.0,nan,nan,0.0,0.0,0.0,0.0,0.0,0.0,0.0,0.0,0.0,0.0,0.0,0.0,0.0,0.0,nan,0.0,0.0,nan,242809.0,82638.0,0.008909,21296.888913,nan,28495.0,0.34381,52996.304334,1.68,54.1,0.0,0.0,187398599.67130476,148729882.44547406,187392023.0,148729882.0,336121906.0,19207.0,187.392023,148.368185,8365.27,3332.0,25857.27,nan,nan,nan,nan,nan,nan,nan,nan,4368784.0,4.674733,23.741681,2534.0,2.0,1647.0,14988853.0
quick_ampm_hz64_l2_ddr4_2x,quick,ampm,stage1,hz64,l2,ddr4_2x,0.00967,9670441878.0,24424730.0,24707910.0,29040366.0,0.841432,325569.0,9276333.0,28495.0,82878.0,7985974698.0,24529.284723,1445747472.0,50736.882681,nan,nan,nan,nan,nan,nan,nan,nan,nan,nan,nan,nan,nan,nan,nan,nan,0.0,0.0,nan,nan,0.0,0.0,0.0,0.0,0.0,0.0,0.0,0.0,0.0,0.0,0.0,0.0,0.0,0.0,nan,0.0,0.0,nan,242932.0,82637.0,0.008908,20423.602406,nan,28495.0,0.343819,50403.882681,nan,nan,nan,nan,nan,nan,nan,nan,nan,nan,nan,nan,nan,nan,nan,nan,nan,nan,nan,nan,nan,nan,nan,4368784.0,4.552315,22.48722,1001.0,2.0,1402.0,14989043.0
quick_ampm_hz8k_l2_ddr4_1x,quick,ampm,stage1,hz8k,l2,ddr4_1x,0.009146,9145733445.0,24424730.0,24707910.0,27464665.0,0.889706,267005.0,9233813.0,13280.0,82879.0,4321301373.0,16184.346259,759529708.0,57193.502108,nan,nan,nan,nan,nan,nan,nan,nan,nan,nan,nan,nan,nan,nan,nan,nan,547836.0,15229.0,324.0,0.027798,0.572089,530450.0,520669.0,9781.0,0.0,721442.0,48.0,0.0,4.0,173551.0,701228.0,530686.0,0.0,0.0,nan,465.0,4.0,116.25,184368.0,82637.0,0.008949,12830.922746,1889.0,11391.0,0.137441,61140.653235,1.73,54.84,0.0,0.0,201004764.79609448,159528812.94584897,200990769.0,159528813.0,360519582.0,19207.0,201.004765,159.150932,38705.98,3332.0,56197.98,nan,nan,nan,nan,1109248.0,121285844.01357435,17332.0,70791.43,4368784.0,3.477111,17.703314,2658.0,2.0,1687.0,14784964.0
quick_ampm_hz8k_l2_ddr4_2x,quick,ampm,stage1,hz8k,l2,ddr4_2x,0.009066,9066036888.0,24424725.0,24707905.0,27225336.0,0.897527,265708.0,9233032.0,13268.0,82875.0,3711662622.0,13968.953219,662772896.0,49952.735604,nan,nan,nan,nan,nan,nan,nan,nan,nan,nan,nan,nan,nan,nan,nan,nan,544554.0,15238.0,321.0,0.027983,0.573893,527087.0,520054.0,7033.0,0.0,716476.0,48.0,0.0,2.0,171870.0,696158.0,527012.0,0.0,0.0,nan,108.0,3.0,36.0,183072.0,82636.0,0.00895,11677.788071,1954.0,11314.0,0.136519,53306.724677,nan,nan,nan,nan,nan,nan,nan,nan,nan,nan,nan,nan,nan,nan,nan,nan,nan,nan,nan,nan,nan,nan,nan,4368784.0,3.324766,15.453934,788.0,2.0,1468.0,14784114.0
quick_ampm_ls16_l1d_ddr4_1x,quick,ampm,stage1,ls16,l1d,ddr4_1x,0.008357,8357101533.0,24424725.0,24707905.0,25096401.0,0.973665,42614.0,9149763.0,28630.0,85881.0,1214787329.0,28506.766063,1898155268.0,66299.520363,1109237.0,76195.0,1875.0,0.068691,0.962386,1026569.0,983359.0,43210.0,0.0,1171611.0,58123.0,0.0,169.0,122.0,170637.0,133219.0,nan,nan,nan,nan,nan,nan,nan,nan,nan,nan,nan,nan,nan,nan,nan,nan,6.0,1.0,6.0,0.0,0.0,nan,39636.0,2978.0,0.000325,16691.261585,nan,28630.0,0.333368,65966.520363,2.33,57.11,0.0,0.0,219260708.12522697,173801885.05123907,219253050.0,173801885.0,393054935.0,19207.0,219.237734,173.327079,20837.95,3332.0,38329.95,1777024.0,212636401.8652877,27768.0,38447.28,nan,nan,nan,nan,4368784.0,2.500234,10.705221,692.0,2.0,1653.0,14186079.0
quick_ampm_ls16_l1d_ddr4_2x,quick,ampm,stage1,ls16,l1d,ddr4_2x,0.008313,8313036309.0,24424730.0,24707910.0,24964073.0,0.978826,39640.0,9148039.0,28633.0,85894.0,1006271054.0,25385.243542,1644229303.0,57424.27629,1116006.0,76938.0,1877.0,0.06894,0.970912,1032658.0,992805.0,39853.0,0.0,1174181.0,54512.0,0.0,154.0,119.0,173483.0,134687.0,nan,nan,nan,nan,nan,nan,nan,nan,nan,nan,nan,nan,nan,nan,nan,nan,2.0,1.0,2.0,0.0,0.0,nan,37335.0,2305.0,0.000252,20325.568764,nan,28633.0,0.333353,57091.27629,nan,nan,nan,nan,nan,nan,nan,nan,nan,nan,nan,nan,nan,nan,nan,nan,nan,nan,nan,nan,nan,nan,nan,4368784.0,2.445413,10.234466,374.0,2.0,1209.0,14176976.0
quick_ampm_ls16_l2_ddr4_1x,quick,ampm,stage1,ls16,l2,ddr4_1x,0.00865,8649878130.0,24424725.0,24707905.0,25975610.0,0.940709,241868.0,9216052.0,3875.0,82877.0,1915129287.0,7918.076335,195441696.0,50436.56671,nan,nan,nan,nan,nan,nan,nan,nan,nan,nan,nan,nan,nan,nan,nan,nan,311431.0,24644.0,337.0,0.079131,0.968026,283525.0,270107.0,13418.0,0.0,311456.0,14.0,0.0,3.0,7.0,42880.0,39188.0,0.0,0.0,nan,0.0,0.0,nan,159229.0,82639.0,0.008967,6423.254444,3061.0,814.0,0.009822,80396.590909,1.98,56.41,0.0,0.0,212364610.50578988,168326070.97089818,212335015.0,168326071.0,380661086.0,19207.0,212.364611,167.956124,21895.36,3332.0,39387.36,nan,nan,nan,nan,1784768.0,206334467.7435357,27887.0,38981.96,4368784.0,2.814746,11.123432,1056.0,2.0,1603.0,14628059.0
quick_ampm_ls16_l2_ddr4_2x,quick,ampm,stage1,ls16,l2,ddr4_2x,0.008605,8604692028.0,24424725.0,24707905.0,25839916.0,0.945649,241897.0,9216120.0,3611.0,82875.0,1676837817.0,6932.032299,144889632.0,40124.517308,nan,nan,nan,nan,nan,nan,nan,nan,nan,nan,nan,nan,nan,nan,nan,nan,311028.0,24907.0,333.0,0.08008,0.970125,283073.0,272312.0,10761.0,0.0,311037.0,0.0,0.0,2.0,7.0,42570.0,39326.0,0.0,0.0,nan,0.0,0.0,nan,159259.0,82638.0,0.008967,5839.927358,2844.0,767.0,0.009255,65547.598435,nan,nan,nan,nan,nan,nan,nan,nan,nan,nan,nan,nan,nan,nan,nan,nan,nan,nan,nan,nan,nan,nan,nan,4368784.0,2.739951,9.34116,279.0,2.0,1361.0,14621634.0
quick_ampm_ls2_l1d_ddr4_1x,quick,ampm,stage1,ls2,l1d,ddr4_1x,0.008423,8422759809.0,24424730.0,24707910.0,25293573.0,0.966075,70718.0,9163072.0,28527.0,83535.0,1924955118.0,27220.157782,1687568887.0,59156.900025,267978.0,71270.0,421.0,0.265955,0.960266,187630.0,114833.0,72797.0,0.0,272319.0,1594.0,0.0,41.0,0.0,6931.0,2834.0,nan,nan,nan,nan,nan,nan,nan,nan,nan,nan,nan,nan,nan,nan,nan,nan,0.0,0.0,nan,0.0,0.0,nan,67769.0,2949.0,0.000322,17052.897253,nan,28527.0,0.341498,58823.900025,1.12,58.57,0.0,0.0,216768855.031231,172013928.07757315,216761257.0,172013928.0,388775185.0,19207.0,216.738461,171.550422,13657.63,3332.0,31149.63,1770432.0,210196187.49049857,27665.0,31045.52,nan,nan,nan,nan,4368784.0,2.718736,14.078197,1121.0,2.0,1433.0,14208324.0
quick_ampm_ls2_l1d_ddr4_2x,quick,ampm,stage1,ls2,l1d,ddr4_2x,0.008348,8348348628.0,24424725.0,24707905.0,25070116.0,0.974686,66966.0,9160742.0,28524.0,83534.0,1442030859.0,21533.77623,1505008138.0,52762.871196,264458.0,71909.0,423.0,0.271911,0.960695,184101.0,114195.0,69906.0,0.0,268330.0,1385.0,0.0,41.0,0.0,6996.0,2844.0,nan,nan,nan,nan,nan,nan,nan,nan,nan,nan,nan,nan,nan,nan,nan,nan,0.0,0.0,nan,0.0,0.0,nan,64024.0,2942.0,0.000321,15559.317471,nan,28524.0,0.341466,52429.871196,nan,nan,nan,nan,nan,nan,nan,nan,nan,nan,nan,nan,nan,nan,nan,nan,nan,nan,nan,nan,nan,nan,nan,4368784.0,2.589146,12.786658,571.0,2.0,1305.0,14189561.0
quick_ampm_ls2_l2_ddr4_1x,quick,ampm,stage1,ls2,l2,ddr4_1x,0.008701,8701314642.0,24424725.0,24707905.0,26130074.0,0.935148,248722.0,9221425.0,6748.0,82873.0,2347648002.0,9438.843375,272057004.0,40316.687018,nan,nan,nan,nan,nan,nan,nan,nan,nan,nan,nan,nan,nan,nan,nan,nan,62490.0,21745.0,147.0,0.347976,0.956707,34881.0,27987.0,6894.0,0.0,62491.0,0.0,0.0,1.0,0.0,1373.0,879.0,0.0,0.0,nan,0.0,0.0,nan,166085.0,82637.0,0.008961,7213.689013,5764.0,984.0,0.011874,64166.79878,1.47,59.21,0.0,0.0,210256044.66355532,166889724.11026624,210226624.0,166889724.0,377116348.0,19207.0,210.256045,166.514608,13661.64,3332.0,31153.64,nan,nan,nan,nan,1766464.0,203011162.4137267,27601.0,30940.37,4368784.0,2.917792,13.060329,752.0,2.0,1646.0,14641368.0
quick_ampm_ls2_l2_ddr4_2x,quick,ampm,stage1,ls2,l2,ddr4_2x,0.008634,8634368655.0,24424739.0,24707920.0,25929035.0,0.942399,246414.0,9219618.0,5972.0,82877.0,1953070641.0,7925.972717,193590549.0,32416.367883,nan,nan,nan,nan,nan,nan,nan,nan,nan,nan,nan,nan,nan,nan,nan,nan,62779.0,22525.0,148.0,0.358798,0.96409,35019.0,28768.0,6251.0,0.0,62780.0,0.0,0.0,1.0,0.0,1374.0,883.0,0.0,0.0,nan,0.0,0.0,nan,163777.0,82637.0,0.008963,6312.211104,5133.0,839.0,0.010123,56815.197855,nan,nan,nan,nan,nan,nan,nan,nan,nan,nan,nan,nan,nan,nan,nan,nan,nan,nan,nan,nan,nan,nan,nan,4368785.0,2.830906,12.43404,550.0,2.0,1342.0,14627888.0
quick_ampm_ls32_l1d_ddr4_1x,quick,ampm,stage1,ls32,l1d,ddr4_1x,0.00836,8359902396.0,24424730.0,24707910.0,25104812.0,0.973339,43086.0,9150234.0,28631.0,87146.0,1249175240.0,28992.601773,1974542292.0,68965.187803,1411396.0,76563.0,2629.0,0.054246,0.961388,1327563.0,1283776.0,43787.0,0.0,1489325.0,70657.0,0.0,186.0,3100.0,407090.0,321588.0,nan,nan,nan,nan,nan,nan,nan,nan,nan,nan,nan,nan,nan,nan,nan,nan,119.0,3.0,39.666667,0.0,0.0,nan,40011.0,3075.0,0.000336,18505.811707,nan,28631.0,0.328541,68632.187803,2.4,51.62,0.0,0.0,219194903.62432694,173827866.78171164,219187248.0,173827867.0,393015115.0,19207.0,219.064759,173.360876,23559.26,3332.0,41051.26,1771840.0,211945058.21596435,27701.0,41154.33,nan,nan,nan,nan,4368784.0,2.499104,10.813167,683.0,2.0,1642.0,14187901.0
quick_ampm_ls32_l1d_ddr4_2x,quick,ampm,stage1,ls32,l1d,ddr4_2x,0.008313,8313112899.0,24424730.0,24707910.0,24964303.0,0.978817,39771.0,9148150.0,28629.0,87144.0,1033549082.0,25987.505519,1631251694.0,56978.996612,1418885.0,77405.0,2622.0,0.054553,0.969951,1334379.0,1295200.0,39179.0,0.0,1491669.0,66295.0,0.0,168.0,2916.0,411171.0,326430.0,nan,nan,nan,nan,nan,nan,nan,nan,nan,nan,nan,nan,nan,nan,nan,nan,119.0,3.0,39.666667,0.0,0.0,nan,37373.0,2398.0,0.000262,19937.507089,nan,28629.0,0.328525,56645.996612,nan,nan,nan,nan,nan,nan,nan,nan,nan,nan,nan,nan,nan,nan,nan,nan,nan,nan,nan,nan,nan,nan,nan,4368784.0,2.453302,10.717325,408.0,2.0,1248.0,14177118.0
quick_ampm_ls32_l2_ddr4_1x,quick,ampm,stage1,ls32,l2,ddr4_1x,0.00865,8650165842.0,24424725.0,24707905.0,25976474.0,0.940677,241773.0,9215974.0,3851.0,82875.0,1902075021.0,7867.193694,196233237.0,50956.43651,nan,nan,nan,nan,nan,nan,nan,nan,nan,nan,nan,nan,nan,nan,nan,nan,398690.0,24657.0,366.0,0.061845,0.967928,370785.0,356290.0,14495.0,0.0,399406.0,474.0,0.0,22.0,207.0,106382.0,98362.0,0.0,0.0,nan,0.0,0.0,nan,159134.0,82639.0,0.008967,6434.146384,3034.0,817.0,0.009858,81617.607099,2.03,56.25,0.0,0.0,212394540.5855029,168283478.78974688,212364946.0,168283479.0,380648425.0,19207.0,212.394541,167.898746,25301.8,3332.0,42793.8,nan,nan,nan,nan,1784896.0,206342402.2847769,27889.0,42452.06,4368784.0,2.813845,11.102808,1101.0,2.0,1504.0,14627909.0
quick_ampm_ls32_l2_ddr4_2x,quick,ampm,stage1,ls32,l2,ddr4_2x,0.008603,8603158896.0,24424730.0,24707910.0,25835312.0,0.945817,241724.0,9215967.0,3571.0,82875.0,1676107548.0,6933.972415,143639550.0,40223.900868,nan,nan,nan,nan,nan,nan,nan,nan,nan,nan,nan,nan,nan,nan,nan,nan,398308.0,24938.0,367.0,0.06261,0.970011,370353.0,360482.0,9871.0,0.0,398507.0,54.0,0.0,4.0,140.0,105426.0,98218.0,0.0,0.0,nan,0.0,0.0,nan,159087.0,82637.0,0.008967,5820.651573,2800.0,771.0,0.009303,66799.540856,nan,nan,nan,nan,nan,nan,nan,nan,nan,nan,nan,nan,nan,nan,nan,nan,nan,nan,nan,nan,nan,nan,nan,4368784.0,2.736561,9.241018,281.0,2.0,1361.0,14621671.0
quick_ampm_ls4_l1d_ddr4_1x,quick,ampm,stage1,ls4,l1d,ddr4_1x,0.008379,8379232713.0,24424730.0,24707910.0,25162861.0,0.971093,46184.0,9151950.0,28553.0,83967.0,1426834071.0,30894.553763,1731267717.0,60633.478689,395892.0,74979.0,701.0,0.189393,0.962923,315049.0,261070.0,53979.0,0.0,405631.0,7262.0,0.0,42.0,0.0,17136.0,9982.0,nan,nan,nan,nan,nan,nan,nan,nan,nan,nan,nan,nan,nan,nan,nan,nan,0.0,0.0,nan,0.0,0.0,nan,43297.0,2887.0,0.000315,17425.92345,nan,28553.0,0.34005,60300.478689,1.79,56.97,0.0,0.0,218093477.36157092,173037323.30413917,218085839.0,173037323.0,391123163.0,19207.0,218.093477,172.655427,15127.53,3332.0,32619.53,1772032.0,211479029.24939328,27688.0,32511.16,nan,nan,nan,nan,4368784.0,2.551284,12.052099,844.0,2.0,1642.0,14191169.0
quick_ampm_ls4_l1d_ddr4_2x,quick,ampm,stage1,ls4,l1d,ddr4_2x,0.008324,8323912755.0,24424730.0,24707910.0,24996735.0,0.977547,40599.0,9148521.0,28552.0,83972.0,1126259946.0,27741.076036,1546745110.0,54172.916433,389366.0,76023.0,702.0,0.195248,0.971751,307843.0,261772.0,46071.0,0.0,397779.0,6461.0,0.0,42.0,0.0,17530.0,10098.0,nan,nan,nan,nan,nan,nan,nan,nan,nan,nan,nan,nan,nan,nan,nan,nan,0.0,0.0,nan,0.0,0.0,nan,38389.0,2210.0,0.000242,19662.821267,nan,28552.0,0.340018,53839.916433,nan,nan,nan,nan,nan,nan,nan,nan,nan,nan,nan,nan,nan,nan,nan,nan,nan,nan,nan,nan,nan,nan,nan,4368784.0,2.47587,11.155328,516.0,2.0,1215.0,14178100.0
quick_ampm_ls4_l2_ddr4_1x,quick,ampm,stage1,ls4,l2,ddr4_1x,0.008668,8668467855.0,24424730.0,24707910.0,26031435.0,0.938692,243650.0,9217514.0,4433.0,82879.0,2047061223.0,8401.646719,222671439.0,50230.417099,nan,nan,nan,nan,nan,nan,nan,nan,nan,nan,nan,nan,nan,nan,nan,nan,109631.0,24069.0,209.0,0.219546,0.966588,81830.0,70997.0,10833.0,0.0,109632.0,0.0,0.0,1.0,0.0,4084.0,3246.0,0.0,0.0,nan,0.0,0.0,nan,161013.0,82637.0,0.008965,6712.913622,3601.0,832.0,0.010039,70830.140625,1.56,58.8,0.0,0.0,211296394.08462682,167699300.99717718,211281628.0,167699301.0,378980929.0,19207.0,211.296394,167.24155,15445.22,3332.0,32937.22,nan,nan,nan,nan,1778304.0,205146287.64231598,27786.0,32614.31,4368784.0,2.857819,12.287027,770.0,2.0,1595.0,14632232.0
quick_ampm_ls4_l2_ddr4_2x,quick,ampm,stage1,ls4,l2,ddr4_2x,0.008618,8618187186.0,24424730.0,24707910.0,25880442.0,0.944168,242612.0,9216707.0,3999.0,82878.0,1765326573.0,7276.336591,163547955.0,40897.213053,nan,nan,nan,nan,nan,nan,nan,nan,nan,nan,nan,nan,nan,nan,nan,nan,109834.0,24502.0,210.0,0.223082,0.969033,81984.0,72784.0,9200.0,0.0,109835.0,0.0,0.0,1.0,0.0,4085.0,3278.0,0.0,0.0,nan,0.0,0.0,nan,159974.0,82638.0,0.008966,6040.73154,3216.0,783.0,0.009448,59261.241379,nan,nan,nan,nan,nan,nan,nan,nan,nan,nan,nan,nan,nan,nan,nan,nan,nan,nan,nan,nan,nan,nan,nan,4368784.0,2.771056,10.69895,482.0,2.0,1285.0,14624601.0
quick_ampm_ls64_l1d_ddr4_1x,quick,ampm,stage1,ls64,l1d,ddr4_1x,0.00836,8359902396.0,24424730.0,24707910.0,25104812.0,0.973339,43086.0,9150234.0,28631.0,87146.0,1249175240.0,28992.601773,1974542292.0,68965.187803,1411396.0,76563.0,2629.0,0.054246,0.961388,1327563.0,1283776.0,43787.0,0.0,1489325.0,70657.0,0.0,186.0,3100.0,407090.0,321588.0,nan,nan,nan,nan,nan,nan,nan,nan,nan,nan,nan,nan,nan,nan,nan,nan,119.0,3.0,39.666667,0.0,0.0,nan,40011.0,3075.0,0.000336,18505.811707,nan,28631.0,0.328541,68632.187803,2.4,51.62,0.0,0.0,219194903.62432694,173827866.78171164,219187248.0,173827867.0,393015115.0,19207.0,219.064759,173.360876,23559.26,3332.0,41051.26,1771840.0,211945058.21596435,27701.0,41154.33,nan,nan,nan,nan,4368784.0,2.499104,10.813167,683.0,2.0,1642.0,14187901.0
quick_ampm_ls64_l1d_ddr4_2x,quick,ampm,stage1,ls64,l1d,ddr4_2x,0.008313,8313112899.0,24424730.0,24707910.0,24964303.0,0.978817,39771.0,9148150.0,28629.0,87144.0,1033549082.0,25987.505519,1631251694.0,56978.996612,1418885.0,77405.0,2622.0,0.054553,0.969951,1334379.0,1295200.0,39179.0,0.0,1491669.0,66295.0,0.0,168.0,2916.0,411171.0,326430.0,nan,nan,nan,nan,nan,nan,nan,nan,nan,nan,nan,nan,nan,nan,nan,nan,119.0,3.0,39.666667,0.0,0.0,nan,37373.0,2398.0,0.000262,19937.507089,nan,28629.0,0.328525,56645.996612,nan,nan,nan,nan,nan,nan,nan,nan,nan,nan,nan,nan,nan,nan,nan,nan,nan,nan,nan,nan,nan,nan,nan,4368784.0,2.453302,10.717325,408.0,2.0,1248.0,14177118.0
quick_ampm_ls8_l1d_ddr4_1x,quick,ampm,stage1,ls8,l1d,ddr4_1x,0.008361,8360674623.0,24424739.0,24707920.0,25107131.0,0.973249,43229.0,9150244.0,28583.0,84503.0,1262628108.0,29207.895348,1783206432.0,62386.958402,661881.0,75499.0,1053.0,0.114067,0.96285,580532.0,528859.0,51673.0,0.0,683882.0,19232.0,0.0,42.0,0.0,52279.0,35737.0,nan,nan,nan,nan,nan,nan,nan,nan,nan,nan,nan,nan,nan,nan,nan,nan,0.0,0.0,nan,0.0,0.0,nan,40316.0,2913.0,0.000318,16868.456231,nan,28583.0,0.338248,62053.958402,3.16,56.63,0.0,0.0,218807223.39886707,173582164.77024594,218799569.0,173582165.0,392381733.0,19207.0,218.799569,173.107562,16900.37,3332.0,34392.37,1773952.0,212178093.27490196,27718.0,34429.63,nan,nan,nan,nan,4368785.0,2.52627,11.853126,763.0,2.0,1410.0,14187417.0
quick_ampm_ls8_l1d_ddr4_2x,quick,ampm,stage1,ls8,l1d,ddr4_2x,0.008313,8312696982.0,24424725.0,24707905.0,24963054.0,0.978866,39657.0,9148052.0,28575.0,84498.0,1057879062.0,26675.720856,1576282595.0,55162.995451,662912.0,76358.0,1054.0,0.115186,0.971612,580880.0,532151.0,48729.0,0.0,682949.0,17844.0,0.0,42.0,0.0,52730.0,36129.0,nan,nan,nan,nan,nan,nan,nan,nan,nan,nan,nan,nan,nan,nan,nan,nan,0.0,0.0,nan,0.0,0.0,nan,37426.0,2231.0,0.000244,19865.666517,nan,28575.0,0.338174,54829.995451,nan,nan,nan,nan,nan,nan,nan,nan,nan,nan,nan,nan,nan,nan,nan,nan,nan,nan,nan,nan,nan,nan,nan,4368784.0,2.467904,11.177101,490.0,2.0,1380.0,14176246.0
quick_ampm_ls8_l2_ddr4_1x,quick,ampm,stage1,ls8,l2,ddr4_1x,0.008655,8654834169.0,24424730.0,24707910.0,25990493.0,0.94017,241954.0,9216251.0,4069.0,82880.0,1926079992.0,7960.521388,202142655.0,49678.70607,nan,nan,nan,nan,nan,nan,nan,nan,nan,nan,nan,nan,nan,nan,nan,nan,185693.0,24441.0,259.0,0.13162,0.967347,157844.0,145448.0,12396.0,0.0,185695.0,0.0,0.0,2.0,0.0,12564.0,10873.0,0.0,0.0,nan,0.0,0.0,nan,159316.0,82638.0,0.008967,6488.36626,3244.0,825.0,0.009954,75216.425455,1.9,55.77,0.0,0.0,211925031.05023965,168177919.0193517,211910242.0,168177919.0,380088161.0,19207.0,211.917636,167.793394,17148.18,3332.0,34640.18,nan,nan,nan,nan,1781312.0,205816999.5192198,27833.0,34243.33,4368784.0,2.813658,11.020488,753.0,2.0,1515.0,14629146.0
quick_ampm_ls8_l2_ddr4_2x,quick,ampm,stage1,ls8,l2,ddr4_2x,0.008608,8608263786.0,24424725.0,24707905.0,25850642.0,0.945256,242089.0,9216298.0,3752.0,82875.0,1716503778.0,7090.383198,151308540.0,40327.436034,nan,nan,nan,nan,nan,nan,nan,nan,nan,nan,nan,nan,nan,nan,nan,nan,185572.0,24753.0,260.0,0.133388,0.969717,157679.0,147535.0,10144.0,0.0,185574.0,0.0,0.0,2.0,0.0,12547.0,10975.0,0.0,0.0,nan,0.0,0.0,nan,159451.0,82638.0,0.008967,5903.627641,2979.0,773.0,0.009327,64374.112549,nan,nan,nan,nan,nan,nan,nan,nan,nan,nan,nan,nan,nan,nan,nan,nan,nan,nan,nan,nan,nan,nan,nan,4368784.0,2.771421,10.913963,468.0,2.0,1526.0,14623070.0
quick_ampm_sd16_l1d_ddr4_1x,quick,ampm,stage1,sd16,l1d,ddr4_1x,0.008352,8351830143.0,24424730.0,24707910.0,25080571.0,0.97428,38987.0,9147646.0,28626.0,85626.0,1210322133.0,31044.248929,1927078980.0,67319.184657,1090315.0,76777.0,1763.0,0.070417,0.971455,1007184.0,967575.0,39609.0,0.0,1163054.0,68007.0,0.0,202.0,0.0,162269.0,125096.0,nan,nan,nan,nan,nan,nan,nan,nan,nan,nan,nan,nan,nan,nan,nan,nan,0.0,0.0,nan,0.0,0.0,nan,36731.0,2256.0,0.000247,21863.900266,nan,28626.0,0.334314,66986.184657,3.04,56.25,0.0,0.0,219368446.032823,173926908.84853405,219360783.0,173926909.0,393287692.0,19207.0,219.35312,173.528433,21864.96,3332.0,39356.96,1776832.0,212747621.7280632,27765.0,39427.59,nan,nan,nan,nan,4368784.0,2.488653,10.208854,727.0,2.0,1525.0,14182163.0
quick_ampm_sd16_l1d_ddr4_2x,quick,ampm,stage1,sd16,l1d,ddr4_2x,0.008309,8309204811.0,24424730.0,24707910.0,24952567.0,0.979278,39165.0,9147710.0,28627.0,85628.0,963553815.0,24602.420912,1645549353.0,57482.42404,1085061.0,76879.0,1763.0,0.070852,0.971381,1001938.0,965887.0,36051.0,0.0,1154943.0,65313.0,0.0,203.0,0.0,160468.0,124891.0,nan,nan,nan,nan,nan,nan,nan,nan,nan,nan,nan,nan,nan,nan,nan,nan,0.0,0.0,nan,0.0,0.0,nan,36900.0,2265.0,0.000248,20345.78543,nan,28627.0,0.334318,57149.42404,nan,nan,nan,nan,nan,nan,nan,nan,nan,nan,nan,nan,nan,nan,nan,nan,nan,nan,nan,nan,nan,nan,nan,4368784.0,2.429939,9.322832,362.0,2.0,1240.0,14174624.0
quick_ampm_sd16_l2_ddr4_1x,quick,ampm,stage1,sd16,l2,ddr4_1x,0.00865,8650319688.0,24424725.0,24707905.0,25976936.0,0.940661,241853.0,9216120.0,3882.0,82878.0,1907831925.0,7888.394707,194619519.0,50133.827666,nan,nan,nan,nan,nan,nan,nan,nan,nan,nan,nan,nan,nan,nan,nan,nan,324505.0,24636.0,333.0,0.075919,0.967902,296612.0,282891.0,13721.0,0.0,324507.0,0.0,0.0,2.0,0.0,43181.0,39685.0,0.0,0.0,nan,0.0,0.0,nan,159214.0,82639.0,0.008967,6406.261729,3065.0,817.0,0.009858,84119.79437,1.67,60.45,0.0,0.0,212287183.1601144,168317478.71929052,212279785.0,168317479.0,380597263.0,19207.0,212.287183,167.851369,22785.78,3332.0,40277.78,nan,nan,nan,nan,1784000.0,206235152.49671313,27875.0,39792.82,4368784.0,2.807696,10.530595,1289.0,2.0,1603.0,14628080.0
quick_ampm_sd16_l2_ddr4_2x,quick,ampm,stage1,sd16,l2,ddr4_2x,0.008605,8604532854.0,24424730.0,24707910.0,25839438.0,0.945666,242130.0,9216473.0,3681.0,82877.0,1663202133.0,6869.046103,144094428.0,39145.457213,nan,nan,nan,nan,nan,nan,nan,nan,nan,nan,nan,nan,nan,nan,nan,nan,324304.0,24838.0,339.0,0.076589,0.969742,296341.0,285154.0,11187.0,0.0,324306.0,0.0,0.0,2.0,0.0,43047.0,39956.0,0.0,0.0,nan,0.0,0.0,nan,159494.0,82636.0,0.008966,5826.234668,2906.0,775.0,0.009351,65327.295484,nan,nan,nan,nan,nan,nan,nan,nan,nan,nan,nan,nan,nan,nan,nan,nan,nan,nan,nan,nan,nan,nan,nan,4368784.0,2.738176,9.131397,285.0,2.0,1221.0,14622695.0
quick_ampm_sd1_l1d_ddr4_1x,quick,ampm,stage1,sd1,l1d,ddr4_1x,0.008373,8372899386.0,24424739.0,24707920.0,25143842.0,0.971828,55870.0,9157548.0,28624.0,85605.0,1574575515.0,28182.844371,1889058265.0,65995.607357,1080385.0,75232.0,1715.0,0.069634,0.96911,997417.0,945765.0,51652.0,0.0,1142237.0,57812.0,0.0,163.0,0.0,158610.0,121290.0,nan,nan,nan,nan,nan,nan,nan,nan,nan,nan,nan,nan,nan,nan,nan,nan,0.0,0.0,nan,0.0,0.0,nan,53472.0,2398.0,0.000262,21590.14804,nan,28624.0,0.334373,65662.607357,3.07,57.04,0.0,0.0,218801148.269286,173481602.13518655,218793505.0,173481602.0,392275107.0,19207.0,218.755286,173.068842,20584.06,3332.0,38076.06,1771200.0,211539625.44462848,27681.0,38207.6,nan,nan,nan,nan,4368785.0,2.591616,10.813918,669.0,2.0,1563.0,14194766.0
quick_ampm_sd1_l1d_ddr4_2x,quick,ampm,stage1,sd1,l1d,ddr4_2x,0.008332,8332097895.0,24424725.0,24707905.0,25021315.0,0.976587,55596.0,9157171.0,28620.0,85578.0,1304468892.0,23463.358731,1609167681.0,56225.285849,1073596.0,75339.0,1689.0,0.070174,0.969015,990663.0,943125.0,47538.0,0.0,1131239.0,53828.0,0.0,156.0,0.0,157702.0,120997.0,nan,nan,nan,nan,nan,nan,nan,nan,nan,nan,nan,nan,nan,nan,nan,nan,0.0,0.0,nan,0.0,0.0,nan,53187.0,2409.0,0.000263,20972.641345,nan,28620.0,0.334432,55892.285849,nan,nan,nan,nan,nan,nan,nan,nan,nan,nan,nan,nan,nan,nan,nan,nan,nan,nan,nan,nan,nan,nan,nan,4368784.0,2.557299,11.218334,451.0,2.0,1270.0,14187421.0
quick_ampm_sd1_l2_ddr4_1x,quick,ampm,stage1,sd1,l2,ddr4_1x,0.008668,8668143846.0,24424730.0,24707910.0,26030462.0,0.938727,254300.0,9224774.0,5734.0,82878.0,2208467988.0,8684.498576,235562535.0,41081.71172,nan,nan,nan,nan,nan,nan,nan,nan,nan,nan,nan,nan,nan,nan,nan,nan,293364.0,22786.0,176.0,0.077671,0.960502,265590.0,255238.0,10352.0,0.0,293366.0,0.0,0.0,2.0,0.0,38226.0,34884.0,0.0,0.0,nan,0.0,0.0,nan,171663.0,82637.0,0.008958,6815.118192,4797.0,937.0,0.011306,73182.52508,1.65,59.71,0.0,0.0,211865427.31953642,168030437.1820181,211858044.0,168030437.0,379888481.0,19207.0,211.858044,167.565286,20483.49,3332.0,37975.49,nan,nan,nan,nan,1776448.0,204939838.51222765,27757.0,37705.54,4368784.0,2.905838,11.860969,1008.0,2.0,1451.0,14638791.0
quick_ampm_sd1_l2_ddr4_2x,quick,ampm,stage1,sd1,l2,ddr4_2x,0.008623,8623134567.0,24424730.0,24707910.0,25895299.0,0.943626,254356.0,9224601.0,5424.0,82876.0,1997737263.0,7854.099227,185726088.0,34241.535398,nan,nan,nan,nan,nan,nan,nan,nan,nan,nan,nan,nan,nan,nan,nan,nan,293413.0,23094.0,177.0,0.078708,0.963535,265576.0,258151.0,7425.0,0.0,293415.0,0.0,0.0,2.0,0.0,38346.0,35317.0,0.0,0.0,nan,0.0,0.0,nan,171719.0,82637.0,0.008958,6245.520033,4550.0,874.0,0.010546,64913.663616,nan,nan,nan,nan,nan,nan,nan,nan,nan,nan,nan,nan,nan,nan,nan,nan,nan,nan,nan,nan,nan,nan,nan,4368784.0,2.836845,10.173924,334.0,2.0,1296.0,14631400.0
quick_ampm_sd2_l1d_ddr4_1x,quick,ampm,stage1,sd2,l1d,ddr4_1x,0.00836,8360196102.0,24424730.0,24707910.0,25105694.0,0.973305,53559.0,9154428.0,28627.0,85618.0,1308060963.0,24422.804067,1896052564.0,66233.016523,1064985.0,74601.0,1745.0,0.070049,0.961998,982553.0,925399.0,57154.0,0.0,1123692.0,54604.0,0.0,150.0,0.0,153710.0,117755.0,nan,nan,nan,nan,nan,nan,nan,nan,nan,nan,nan,nan,nan,nan,nan,nan,0.0,0.0,nan,0.0,0.0,nan,50612.0,2947.0,0.000322,15982.531049,nan,28627.0,0.334357,65900.016523,3.05,57.66,0.0,0.0,219156581.69330344,173745206.72457784,219148926.0,173745207.0,392894133.0,19207.0,219.156582,173.331819,20764.66,3332.0,38256.66,1778560.0,212741421.17007482,27790.0,38432.17,nan,nan,nan,nan,4368784.0,2.542722,11.452158,725.0,2.0,1398.0,14191766.0
quick_ampm_sd2_l1d_ddr4_2x,quick,ampm,stage1,sd2,l1d,ddr4_2x,0.008317,8317323018.0,24424725.0,24707905.0,24976946.0,0.978322,52946.0,9154170.0,28623.0,85614.0,1132481718.0,21389.372531,1603710823.0,56028.746917,1059916.0,74725.0,1745.0,0.070501,0.961984,977490.0,924884.0,52606.0,0.0,1114698.0,50837.0,0.0,141.0,0.0,153823.0,117845.0,nan,nan,nan,nan,nan,nan,nan,nan,nan,nan,nan,nan,nan,nan,nan,nan,0.0,0.0,nan,0.0,0.0,nan,49993.0,2953.0,0.000323,15544.097189,nan,28623.0,0.334326,55695.746917,nan,nan,nan,nan,nan,nan,nan,nan,nan,nan,nan,nan,nan,nan,nan,nan,nan,nan,nan,nan,nan,nan,nan,4368784.0,2.485122,10.644351,393.0,2.0,1247.0,14184034.0
quick_ampm_sd2_l2_ddr4_1x,quick,ampm,stage1,sd2,l2,ddr4_1x,0.008652,8652416256.0,24424725.0,24707905.0,25983232.0,0.940433,243862.0,9217484.0,4901.0,82876.0,1950628752.0,7998.904102,203560902.0,41534.564783,nan,nan,nan,nan,nan,nan,nan,nan,nan,nan,nan,nan,nan,nan,nan,nan,292742.0,23616.0,253.0,0.080672,0.966878,264849.0,252816.0,12033.0,0.0,292744.0,0.0,0.0,2.0,0.0,37935.0,34632.0,0.0,0.0,nan,0.0,0.0,nan,161224.0,82638.0,0.008965,6466.457199,4092.0,809.0,0.009762,78974.510507,1.65,59.95,0.0,0.0,212176569.60585323,168254503.35800394,212176570.0,168254503.0,380431073.0,19207.0,212.17657,167.840284,20835.7,3332.0,38327.7,nan,nan,nan,nan,1784000.0,206185179.63267067,27875.0,37939.71,4368784.0,2.826549,11.312547,1039.0,2.0,1510.0,14629585.0
quick_ampm_sd2_l2_ddr4_2x,quick,ampm,stage1,sd2,l2,ddr4_2x,0.008608,8607788928.0,24424730.0,24707910.0,25849216.0,0.945309,243545.0,9217442.0,4560.0,82876.0,1704274020.0,6997.778727,151763751.0,33281.524342,nan,nan,nan,nan,nan,nan,nan,nan,nan,nan,nan,nan,nan,nan,nan,nan,292394.0,23958.0,253.0,0.081937,0.969096,264446.0,255154.0,9292.0,0.0,292405.0,9.0,0.0,2.0,0.0,37699.0,34762.0,0.0,0.0,nan,0.0,0.0,nan,160908.0,82637.0,0.008965,5877.494125,3796.0,764.0,0.009219,67746.757853,nan,nan,nan,nan,nan,nan,nan,nan,nan,nan,nan,nan,nan,nan,nan,nan,nan,nan,nan,nan,nan,nan,nan,4368784.0,2.761203,10.321487,359.0,2.0,1359.0,14623102.0
quick_ampm_sd32_l1d_ddr4_1x,quick,ampm,stage1,sd32,l1d,ddr4_1x,0.008352,8351830143.0,24424730.0,24707910.0,25080571.0,0.97428,38987.0,9147646.0,28626.0,85626.0,1210318137.0,31044.146433,1927084318.0,67319.371131,1090312.0,76777.0,1763.0,0.070417,0.971455,1007181.0,967572.0,39609.0,0.0,1163051.0,68007.0,0.0,202.0,0.0,162269.0,125096.0,nan,nan,nan,nan,nan,nan,nan,nan,nan,nan,nan,nan,nan,nan,nan,nan,0.0,0.0,nan,0.0,0.0,nan,36731.0,2256.0,0.000247,21863.900266,nan,28626.0,0.334314,66986.371131,3.04,56.25,0.0,0.0,219368446.032823,173926908.84853405,219360783.0,173926909.0,393287692.0,19207.0,219.35312,173.528433,21865.15,3332.0,39357.15,1776832.0,212747621.7280632,27765.0,39427.78,nan,nan,nan,nan,4368784.0,2.488653,10.208854,727.0,2.0,1525.0,14182163.0
quick_ampm_sd32_l1d_ddr4_2x,quick,ampm,stage1,sd32,l1d,ddr4_2x,0.008309,8309204811.0,24424730.0,24707910.0,24952567.0,0.979278,39165.0,9147710.0,28627.0,85628.0,963553815.0,24602.420912,1645548701.0,57482.401265,1085058.0,76879.0,1763.0,0.070852,0.971381,1001935.0,965884.0,36051.0,0.0,1154940.0,65313.0,0.0,203.0,0.0,160468.0,124891.0,nan,nan,nan,nan,nan,nan,nan,nan,nan,nan,nan,nan,nan,nan,nan,nan,0.0,0.0,nan,0.0,0.0,nan,36900.0,2265.0,0.000248,20345.78543,nan,28627.0,0.334318,57149.401265,nan,nan,nan,nan,nan,nan,nan,nan,nan,nan,nan,nan,nan,nan,nan,nan,nan,nan,nan,nan,nan,nan,nan,4368784.0,2.429939,9.322832,362.0,2.0,1240.0,14174624.0
quick_ampm_sd32_l2_ddr4_1x,quick,ampm,stage1,sd32,l2,ddr4_1x,0.00865,8650319688.0,24424725.0,24707905.0,25976936.0,0.940661,241853.0,9216120.0,3882.0,82878.0,1907831925.0,7888.394707,194619519.0,50133.827666,nan,nan,nan,nan,nan,nan,nan,nan,nan,nan,nan,nan,nan,nan,nan,nan,324505.0,24636.0,333.0,0.075919,0.967902,296612.0,282891.0,13721.0,0.0,324507.0,0.0,0.0,2.0,0.0,43181.0,39685.0,0.0,0.0,nan,0.0,0.0,nan,159214.0,82639.0,0.008967,6406.261729,3065.0,817.0,0.009858,84119.79437,1.67,60.45,0.0,0.0,212287183.1601144,168317478.71929052,212279785.0,168317479.0,380597263.0,19207.0,212.287183,167.851369,22785.78,3332.0,40277.78,nan,nan,nan,nan,1784000.0,206235152.49671313,27875.0,39792.82,4368784.0,2.807696,10.530595,1289.0,2.0,1603.0,14628080.0
quick_ampm_sd32_l2_ddr4_2x,quick,ampm,stage1,sd32,l2,ddr4_2x,0.008605,8604532854.0,24424730.0,24707910.0,25839438.0,0.945666,242130.0,9216473.0,3681.0,82877.0,1663202133.0,6869.046103,144094428.0,39145.457213,nan,nan,nan,nan,nan,nan,nan,nan,nan,nan,nan,nan,nan,nan,nan,nan,324304.0,24838.0,339.0,0.076589,0.969742,296341.0,285154.0,11187.0,0.0,324306.0,0.0,0.0,2.0,0.0,43047.0,39956.0,0.0,0.0,nan,0.0,0.0,nan,159494.0,82636.0,0.008966,5826.234668,2906.0,775.0,0.009351,65327.295484,nan,nan,nan,nan,nan,nan,nan,nan,nan,nan,nan,nan,nan,nan,nan,nan,nan,nan,nan,nan,nan,nan,nan,4368784.0,2.738176,9.131397,285.0,2.0,1221.0,14622695.0
quick_ampm_sd64_l1d_ddr4_1x,quick,ampm,stage1,sd64,l1d,ddr4_1x,0.008352,8351830143.0,24424730.0,24707910.0,25080571.0,0.97428,38987.0,9147646.0,28626.0,85626.0,1210318137.0,31044.146433,1927084318.0,67319.371131,1090312.0,76777.0,1763.0,0.070417,0.971455,1007181.0,967572.0,39609.0,0.0,1163051.0,68007.0,0.0,202.0,0.0,162269.0,125096.0,nan,nan,nan,nan,nan,nan,nan,nan,nan,nan,nan,nan,nan,nan,nan,nan,0.0,0.0,nan,0.0,0.0,nan,36731.0,2256.0,0.000247,21863.900266,nan,28626.0,0.334314,66986.371131,3.04,56.25,0.0,0.0,219368446.032823,173926908.84853405,219360783.0,173926909.0,393287692.0,19207.0,219.35312,173.528433,21865.15,3332.0,39357.15,1776832.0,212747621.7280632,27765.0,39427.78,nan,nan,nan,nan,4368784.0,2.488653,10.208854,727.0,2.0,1525.0,14182163.0
quick_ampm_sd64_l1d_ddr4_2x,quick,ampm,stage1,sd64,l1d,ddr4_2x,0.008309,8309204811.0,24424730.0,24707910.0,24952567.0,0.979278,39165.0,9147710.0,28627.0,85628.0,963553815.0,24602.420912,1645548701.0,57482.401265,1085058.0,76879.0,1763.0,0.070852,0.971381,1001935.0,965884.0,36051.0,0.0,1154940.0,65313.0,0.0,203.0,0.0,160468.0,124891.0,nan,nan,nan,nan,nan,nan,nan,nan,nan,nan,nan,nan,nan,nan,nan,nan,0.0,0.0,nan,0.0,0.0,nan,36900.0,2265.0,0.000248,20345.78543,nan,28627.0,0.334318,57149.401265,nan,nan,nan,nan,nan,nan,nan,nan,nan,nan,nan,nan,nan,nan,nan,nan,nan,nan,nan,nan,nan,nan,nan,4368784.0,2.429939,9.322832,362.0,2.0,1240.0,14174624.0
quick_ampm_sd64_l2_ddr4_1x,quick,ampm,stage1,sd64,l2,ddr4_1x,0.00865,8650319688.0,24424725.0,24707905.0,25976936.0,0.940661,241853.0,9216120.0,3882.0,82878.0,1907831925.0,7888.394707,194619519.0,50133.827666,nan,nan,nan,nan,nan,nan,nan,nan,nan,nan,nan,nan,nan,nan,nan,nan,324505.0,24636.0,333.0,0.075919,0.967902,296612.0,282891.0,13721.0,0.0,324507.0,0.0,0.0,2.0,0.0,43181.0,39685.0,0.0,0.0,nan,0.0,0.0,nan,159214.0,82639.0,0.008967,6406.261729,3065.0,817.0,0.009858,84119.79437,1.67,60.45,0.0,0.0,212287183.1601144,168317478.71929052,212279785.0,168317479.0,380597263.0,19207.0,212.287183,167.851369,22785.78,3332.0,40277.78,nan,nan,nan,nan,1784000.0,206235152.49671313,27875.0,39792.82,4368784.0,2.807696,10.530595,1289.0,2.0,1603.0,14628080.0
quick_ampm_sd64_l2_ddr4_2x,quick,ampm,stage1,sd64,l2,ddr4_2x,0.008605,8604532854.0,24424730.0,24707910.0,25839438.0,0.945666,242130.0,9216473.0,3681.0,82877.0,1663202133.0,6869.046103,144094428.0,39145.457213,nan,nan,nan,nan,nan,nan,nan,nan,nan,nan,nan,nan,nan,nan,nan,nan,324304.0,24838.0,339.0,0.076589,0.969742,296341.0,285154.0,11187.0,0.0,324306.0,0.0,0.0,2.0,0.0,43047.0,39956.0,0.0,0.0,nan,0.0,0.0,nan,159494.0,82636.0,0.008966,5826.234668,2906.0,775.0,0.009351,65327.295484,nan,nan,nan,nan,nan,nan,nan,nan,nan,nan,nan,nan,nan,nan,nan,nan,nan,nan,nan,nan,nan,nan,nan,4368784.0,2.738176,9.131397,285.0,2.0,1221.0,14622695.0
quick_ampm_sd8_l1d_ddr4_1x,quick,ampm,stage1,sd8,l1d,ddr4_1x,0.008356,8356075893.0,24424725.0,24707905.0,25093321.0,0.973784,42537.0,9149980.0,28623.0,85613.0,1266072660.0,29764.032724,1893755530.0,66162.021102,1069382.0,76039.0,1762.0,0.071106,0.962775,986944.0,940569.0,46375.0,0.0,1127630.0,54129.0,0.0,150.0,0.0,154861.0,119132.0,nan,nan,nan,nan,nan,nan,nan,nan,nan,nan,nan,nan,nan,nan,nan,nan,0.0,0.0,nan,0.0,0.0,nan,39597.0,2940.0,0.000321,16648.30102,nan,28623.0,0.33433,65829.021102,3.04,54.16,0.0,0.0,219234006.90204814,173800240.51918936,219226348.0,173800241.0,393026588.0,19207.0,219.226348,173.325376,20698.42,3332.0,38190.42,1777216.0,212685478.53769475,27769.0,38315.42,nan,nan,nan,nan,4368784.0,2.499948,10.705879,711.0,2.0,1548.0,14186178.0
quick_ampm_sd8_l1d_ddr4_2x,quick,ampm,stage1,sd8,l1d,ddr4_2x,0.008309,8308936413.0,24424725.0,24707905.0,24951761.0,0.979309,39165.0,9147922.0,28623.0,85617.0,1009025631.0,25763.452853,1623660699.0,56725.734514,1073428.0,76871.0,1764.0,0.071613,0.971378,990312.0,946688.0,43624.0,0.0,1126916.0,49996.0,0.0,142.0,0.0,156849.0,120618.0,nan,nan,nan,nan,nan,nan,nan,nan,nan,nan,nan,nan,nan,nan,nan,nan,0.0,0.0,nan,0.0,0.0,nan,36900.0,2265.0,0.000248,20001.023841,nan,28623.0,0.334314,56392.734514,nan,nan,nan,nan,nan,nan,nan,nan,nan,nan,nan,nan,nan,nan,nan,nan,nan,nan,nan,nan,nan,nan,nan,4368784.0,2.434099,9.58237,380.0,2.0,1381.0,14175106.0
quick_ampm_sd8_l2_ddr4_1x,quick,ampm,stage1,sd8,l2,ddr4_1x,0.00865,8650289718.0,24424725.0,24707905.0,25976846.0,0.940664,241928.0,9216228.0,3894.0,82876.0,1931257809.0,7982.779211,196419384.0,50441.546995,nan,nan,nan,nan,nan,nan,nan,nan,nan,nan,nan,nan,nan,nan,nan,nan,308151.0,24622.0,334.0,0.079902,0.96796,280257.0,266914.0,13343.0,0.0,308153.0,0.0,0.0,2.0,0.0,39300.0,35894.0,0.0,0.0,nan,0.0,0.0,nan,159289.0,82639.0,0.008967,6429.476107,3079.0,815.0,0.009834,80350.244172,1.66,60.43,0.0,0.0,212280520.05922422,168288467.4915347,212273121.0,168288467.0,380561589.0,19207.0,212.28052,167.85195,21565.17,3332.0,39057.17,nan,nan,nan,nan,1784064.0,206243265.62006602,27876.0,38644.67,4368784.0,2.814713,10.923879,1018.0,2.0,1554.0,14628559.0
quick_ampm_sd8_l2_ddr4_2x,quick,ampm,stage1,sd8,l2,ddr4_2x,0.008604,8604450936.0,24424730.0,24707910.0,25839192.0,0.945675,241764.0,9216196.0,3653.0,82878.0,1692994311.0,7002.673314,145955565.0,39954.986313,nan,nan,nan,nan,nan,nan,nan,nan,nan,nan,nan,nan,nan,nan,nan,nan,307804.0,24866.0,330.0,0.080785,0.969851,279859.0,269202.0,10657.0,0.0,307806.0,0.0,0.0,2.0,0.0,39184.0,36196.0,0.0,0.0,nan,0.0,0.0,nan,159127.0,82637.0,0.008966,5847.82365,2880.0,773.0,0.009327,65117.654592,nan,nan,nan,nan,nan,nan,nan,nan,nan,nan,nan,nan,nan,nan,nan,nan,nan,nan,nan,nan,nan,nan,nan,4368784.0,2.747907,9.322857,367.0,2.0,1349.0,14622087.0
simple_triad_ampm_assoc16_l1d_ddr4_1x,simple_triad,ampm,stage1,assoc16,l1d,ddr4_1x,0.002586,2586030048.0,3509953.0,4011161.0,7765857.0,0.451975,1975468.0,2003816.0,375421.0,375431.0,115665070149.0,58550.718184,35968441739.0,95808.283871,526505.0,2910.0,5.0,0.005527,0.270145,159203.0,1280.0,157923.0,0.0,7399800.0,5989478.0,0.0,326837.0,0.0,286243.0,2066.0,nan,nan,nan,nan,nan,nan,nan,nan,nan,nan,nan,nan,nan,nan,nan,nan,0.0,0.0,nan,0.0,0.0,nan,1967606.0,7862.0,0.003924,129624.718519,nan,375421.0,0.999973,95475.284758,10.67,58.24,0.0,0.0,9291053682.29658,3163632227.0606503,9291028934.0,3163632227.0,12454661161.0,19207.0,9291.053682,3163.780717,50185.71,3332.0,67677.71,23507328.0,9090121755.615425,367302.0,66984.89,nan,nan,nan,nan,1001740.0,178.224914,152.610006,158571.0,2.0,1866.0,2004909.0
simple_triad_ampm_assoc16_l1d_ddr4_2x,simple_triad,ampm,stage1,assoc16,l1d,ddr4_2x,0.001918,1917569844.0,3510133.0,4011378.0,5758468.0,0.609563,1851094.0,2003880.0,375429.0,375439.0,75425513315.0,40746.452268,26310239247.0,70080.465939,571508.0,24272.0,11.0,0.04247,0.71229,206141.0,33540.0,172601.0,0.0,8927421.0,7376142.0,0.0,316196.0,0.0,438358.0,4850.0,nan,nan,nan,nan,nan,nan,nan,nan,nan,nan,nan,nan,nan,nan,nan,nan,2009.0,34.0,59.088235,0.0,0.0,nan,1841290.0,9804.0,0.004893,77602.688188,nan,375429.0,0.999973,69747.465052,nan,nan,nan,nan,nan,nan,nan,nan,nan,nan,nan,nan,nan,nan,nan,nan,nan,nan,nan,nan,nan,nan,nan,1001767.0,106.969323,119.557916,51092.0,2.0,1797.0,2004978.0
simple_triad_ampm_assoc16_l2_ddr4_1x,simple_triad,ampm,stage1,assoc16,l2,ddr4_1x,0.002427,2427322581.0,3509958.0,4011166.0,7289258.0,0.481527,1973864.0,2003829.0,352086.0,375374.0,104434926201.0,52908.876296,21327417900.0,60574.455957,nan,nan,nan,nan,nan,nan,nan,nan,nan,nan,nan,nan,nan,nan,nan,nan,1014549.0,23278.0,7.0,0.022944,0.79255,645110.0,11823.0,633287.0,0.0,1417114.0,320325.0,0.0,80125.0,0.0,57250.0,2460.0,0.0,0.0,nan,0.0,0.0,nan,1598758.0,375106.0,0.187195,57840.088183,345993.0,6093.0,0.016232,148631.787297,14.59,73.09,0.0,0.0,9901279783.793188,3371220646.177477,9901227051.0,3371220646.0,13272447697.0,19207.0,9901.279784,3371.352479,68985.32,3332.0,86477.32,nan,nan,nan,nan,23643584.0,9740602334.881834,369431.0,85900.81,1001740.0,149.545853,152.826375,125834.0,2.0,1926.0,2004968.0
simple_triad_ampm_assoc16_l2_ddr4_2x,simple_triad,ampm,stage1,assoc16,l2,ddr4_2x,0.001637,1637191170.0,3510111.0,4011355.0,4916490.0,0.71395,1943871.0,2003901.0,311486.0,375376.0,57429501345.0,29543.885034,11025785844.0,35397.372094,nan,nan,nan,nan,nan,nan,nan,nan,nan,nan,nan,nan,nan,nan,nan,nan,955437.0,63880.0,11.0,0.066859,0.907631,586396.0,91405.0,494991.0,0.0,2171116.0,1025051.0,0.0,173691.0,0.0,130317.0,20238.0,0.0,0.0,nan,260.0,39.0,6.666667,1568763.0,375108.0,0.187189,30922.55588,304985.0,6501.0,0.017319,82381.976927,nan,nan,nan,nan,nan,nan,nan,nan,nan,nan,nan,nan,nan,nan,nan,nan,nan,nan,nan,nan,nan,nan,nan,1001761.0,81.474108,109.633166,32528.0,2.0,1746.0,2005051.0
simple_triad_ampm_assoc1_l1d_ddr4_1x,simple_triad,ampm,stage1,assoc1,l1d,ddr4_1x,0.002586,2586030048.0,3509953.0,4011161.0,7765857.0,0.451975,1975468.0,2003817.0,375421.0,375431.0,115665070149.0,58550.718184,35968441739.0,95808.283871,526505.0,2910.0,5.0,0.005527,0.270145,159203.0,1280.0,157923.0,0.0,7399800.0,5989478.0,0.0,326837.0,0.0,286243.0,2066.0,nan,nan,nan,nan,nan,nan,nan,nan,nan,nan,nan,nan,nan,nan,nan,nan,0.0,0.0,nan,0.0,0.0,nan,1967606.0,7862.0,0.003924,129624.718519,nan,375421.0,0.999973,95475.284758,10.67,58.24,0.0,0.0,9291053682.29658,3163632227.0606503,9291028934.0,3163632227.0,12454661161.0,19207.0,9291.053682,3163.780717,50185.71,3332.0,67677.71,23507328.0,9090121755.615425,367302.0,66984.89,nan,nan,nan,nan,1001740.0,178.224914,152.610006,158571.0,2.0,1866.0,2004906.0
simple_triad_ampm_assoc1_l1d_ddr4_2x,simple_triad,ampm,stage1,assoc1,l1d,ddr4_2x,0.001918,1917569844.0,3510133.0,4011378.0,5758468.0,0.609563,1851094.0,2003880.0,375429.0,375439.0,75425513315.0,40746.452268,26310239247.0,70080.465939,571508.0,24272.0,11.0,0.04247,0.71229,206141.0,33540.0,172601.0,0.0,8927421.0,7376142.0,0.0,316196.0,0.0,438358.0,4850.0,nan,nan,nan,nan,nan,nan,nan,nan,nan,nan,nan,nan,nan,nan,nan,nan,2009.0,34.0,59.088235,0.0,0.0,nan,1841290.0,9804.0,0.004893,77602.688188,nan,375429.0,0.999973,69747.465052,nan,nan,nan,nan,nan,nan,nan,nan,nan,nan,nan,nan,nan,nan,nan,nan,nan,nan,nan,nan,nan,nan,nan,1001767.0,106.969323,119.557916,51092.0,2.0,1797.0,2004978.0
simple_triad_ampm_assoc1_l2_ddr4_1x,simple_triad,ampm,stage1,assoc1,l2,ddr4_1x,0.00244,2439744147.0,3509957.0,4011166.0,7326560.0,0.479075,1974186.0,2003840.0,352209.0,375376.0,106141396356.0,53764.638365,21589052670.0,61296.14141,nan,nan,nan,nan,nan,nan,nan,nan,nan,nan,nan,nan,nan,nan,nan,nan,1007019.0,23157.0,6.0,0.022996,0.791692,637576.0,12251.0,625325.0,0.0,1399078.0,312174.0,0.0,77747.0,0.0,56341.0,2051.0,0.0,0.0,nan,0.0,0.0,nan,1599080.0,375106.0,0.187194,58538.779542,346116.0,6093.0,0.016232,145632.819793,14.55,72.58,0.0,0.0,9850973934.93204,3354135313.763292,9850921470.0,3354135314.0,13205056784.0,19207.0,9850.973935,3354.292707,69109.53,3332.0,86601.53,nan,nan,nan,nan,23643840.0,9691114549.479847,369435.0,86076.65,1001741.0,149.742419,151.261922,126409.0,2.0,1911.0,2004988.0
simple_triad_ampm_assoc1_l2_ddr4_2x,simple_triad,ampm,stage1,assoc1,l2,ddr4_2x,0.001693,1692828477.0,3510086.0,4011329.0,5083569.0,0.69048,1936486.0,2003904.0,301234.0,375375.0,58676788809.0,30300.652217,11159417079.0,37045.675717,nan,nan,nan,nan,nan,nan,nan,nan,nan,nan,nan,nan,nan,nan,nan,nan,1050983.0,74131.0,11.0,0.070535,0.923613,681572.0,107857.0,573715.0,0.0,2088480.0,865793.0,0.0,154179.0,0.0,120470.0,21726.0,0.0,0.0,nan,0.0,0.0,nan,1561378.0,375108.0,0.187189,31391.663065,295103.0,6131.0,0.016333,90039.213342,nan,nan,nan,nan,nan,nan,nan,nan,nan,nan,nan,nan,nan,nan,nan,nan,nan,nan,nan,nan,nan,nan,nan,1001759.0,81.827914,113.742419,35356.0,2.0,1859.0,2005064.0
simple_triad_ampm_assoc2_l1d_ddr4_1x,simple_triad,ampm,stage1,assoc2,l1d,ddr4_1x,0.002586,2586030048.0,3509953.0,4011161.0,7765857.0,0.451975,1975468.0,2003817.0,375421.0,375431.0,115665070149.0,58550.718184,35968441739.0,95808.283871,526505.0,2910.0,5.0,0.005527,0.270145,159203.0,1280.0,157923.0,0.0,7399800.0,5989478.0,0.0,326837.0,0.0,286243.0,2066.0,nan,nan,nan,nan,nan,nan,nan,nan,nan,nan,nan,nan,nan,nan,nan,nan,0.0,0.0,nan,0.0,0.0,nan,1967606.0,7862.0,0.003924,129624.718519,nan,375421.0,0.999973,95475.284758,10.67,58.24,0.0,0.0,9291053682.29658,3163632227.0606503,9291028934.0,3163632227.0,12454661161.0,19207.0,9291.053682,3163.780717,50185.71,3332.0,67677.71,23507328.0,9090121755.615425,367302.0,66984.89,nan,nan,nan,nan,1001740.0,178.224914,152.610006,158571.0,2.0,1866.0,2004906.0
simple_triad_ampm_assoc2_l1d_ddr4_2x,simple_triad,ampm,stage1,assoc2,l1d,ddr4_2x,0.001918,1917569844.0,3510133.0,4011378.0,5758468.0,0.609563,1851094.0,2003880.0,375429.0,375439.0,75425513315.0,40746.452268,26310239247.0,70080.465939,571508.0,24272.0,11.0,0.04247,0.71229,206141.0,33540.0,172601.0,0.0,8927421.0,7376142.0,0.0,316196.0,0.0,438358.0,4850.0,nan,nan,nan,nan,nan,nan,nan,nan,nan,nan,nan,nan,nan,nan,nan,nan,2009.0,34.0,59.088235,0.0,0.0,nan,1841290.0,9804.0,0.004893,77602.688188,nan,375429.0,0.999973,69747.465052,nan,nan,nan,nan,nan,nan,nan,nan,nan,nan,nan,nan,nan,nan,nan,nan,nan,nan,nan,nan,nan,nan,nan,1001767.0,106.969323,119.557916,51092.0,2.0,1797.0,2004978.0
simple_triad_ampm_assoc2_l2_ddr4_1x,simple_triad,ampm,stage1,assoc2,l2,ddr4_1x,0.002427,2427322581.0,3509958.0,4011166.0,7289258.0,0.481527,1973864.0,2003830.0,352086.0,375374.0,104434926201.0,52908.876296,21327417900.0,60574.455957,nan,nan,nan,nan,nan,nan,nan,nan,nan,nan,nan,nan,nan,nan,nan,nan,1014549.0,23278.0,7.0,0.022944,0.79255,645110.0,11823.0,633287.0,0.0,1417114.0,320325.0,0.0,80125.0,0.0,57250.0,2460.0,0.0,0.0,nan,0.0,0.0,nan,1598758.0,375106.0,0.187195,57840.088183,345993.0,6093.0,0.016232,148631.787297,14.59,73.09,0.0,0.0,9901279783.793188,3371220646.177477,9901227051.0,3371220646.0,13272447697.0,19207.0,9901.279784,3371.352479,68985.32,3332.0,86477.32,nan,nan,nan,nan,23643584.0,9740602334.881834,369431.0,85900.81,1001740.0,149.545853,152.826375,125834.0,2.0,1926.0,2004965.0
simple_triad_ampm_assoc2_l2_ddr4_2x,simple_triad,ampm,stage1,assoc2,l2,ddr4_2x,0.001637,1637191170.0,3510111.0,4011355.0,4916490.0,0.71395,1943871.0,2003901.0,311486.0,375376.0,57429501345.0,29543.885034,11025785844.0,35397.372094,nan,nan,nan,nan,nan,nan,nan,nan,nan,nan,nan,nan,nan,nan,nan,nan,955437.0,63880.0,11.0,0.066859,0.907631,586396.0,91405.0,494991.0,0.0,2171116.0,1025051.0,0.0,173691.0,0.0,130317.0,20238.0,0.0,0.0,nan,260.0,39.0,6.666667,1568763.0,375108.0,0.187189,30922.55588,304985.0,6501.0,0.017319,82381.976927,nan,nan,nan,nan,nan,nan,nan,nan,nan,nan,nan,nan,nan,nan,nan,nan,nan,nan,nan,nan,nan,nan,nan,1001761.0,81.474108,109.633166,32528.0,2.0,1746.0,2005051.0
simple_triad_ampm_assoc32_l1d_ddr4_1x,simple_triad,ampm,stage1,assoc32,l1d,ddr4_1x,0.002586,2586030048.0,3509953.0,4011161.0,7765857.0,0.451975,1975468.0,2003816.0,375421.0,375431.0,115665070149.0,58550.718184,35968441739.0,95808.283871,526505.0,2910.0,5.0,0.005527,0.270145,159203.0,1280.0,157923.0,0.0,7399800.0,5989478.0,0.0,326837.0,0.0,286243.0,2066.0,nan,nan,nan,nan,nan,nan,nan,nan,nan,nan,nan,nan,nan,nan,nan,nan,0.0,0.0,nan,0.0,0.0,nan,1967606.0,7862.0,0.003924,129624.718519,nan,375421.0,0.999973,95475.284758,10.67,58.24,0.0,0.0,9291053682.29658,3163632227.0606503,9291028934.0,3163632227.0,12454661161.0,19207.0,9291.053682,3163.780717,50185.71,3332.0,67677.71,23507328.0,9090121755.615425,367302.0,66984.89,nan,nan,nan,nan,1001740.0,178.224914,152.610006,158571.0,2.0,1866.0,2004909.0
simple_triad_ampm_assoc32_l1d_ddr4_2x,simple_triad,ampm,stage1,assoc32,l1d,ddr4_2x,0.001918,1917569844.0,3510133.0,4011378.0,5758468.0,0.609563,1851094.0,2003880.0,375429.0,375439.0,75425513315.0,40746.452268,26310239247.0,70080.465939,571508.0,24272.0,11.0,0.04247,0.71229,206141.0,33540.0,172601.0,0.0,8927421.0,7376142.0,0.0,316196.0,0.0,438358.0,4850.0,nan,nan,nan,nan,nan,nan,nan,nan,nan,nan,nan,nan,nan,nan,nan,nan,2009.0,34.0,59.088235,0.0,0.0,nan,1841290.0,9804.0,0.004893,77602.688188,nan,375429.0,0.999973,69747.465052,nan,nan,nan,nan,nan,nan,nan,nan,nan,nan,nan,nan,nan,nan,nan,nan,nan,nan,nan,nan,nan,nan,nan,1001767.0,106.969323,119.557916,51092.0,2.0,1797.0,2004978.0
simple_triad_ampm_assoc32_l2_ddr4_1x,simple_triad,ampm,stage1,assoc32,l2,ddr4_1x,0.002427,2427322581.0,3509958.0,4011166.0,7289258.0,0.481527,1973864.0,2003829.0,352086.0,375374.0,104434926201.0,52908.876296,21327417900.0,60574.455957,nan,nan,nan,nan,nan,nan,nan,nan,nan,nan,nan,nan,nan,nan,nan,nan,1014549.0,23278.0,7.0,0.022944,0.79255,645110.0,11823.0,633287.0,0.0,1417114.0,320325.0,0.0,80125.0,0.0,57250.0,2460.0,0.0,0.0,nan,0.0,0.0,nan,1598758.0,375106.0,0.187195,57840.088183,345993.0,6093.0,0.016232,148631.787297,14.59,73.09,0.0,0.0,9901279783.793188,3371220646.177477,9901227051.0,3371220646.0,13272447697.0,19207.0,9901.279784,3371.352479,68985.32,3332.0,86477.32,nan,nan,nan,nan,23643584.0,9740602334.881834,369431.0,85900.81,1001740.0,149.545853,152.826375,125834.0,2.0,1926.0,2004968.0
simple_triad_ampm_assoc32_l2_ddr4_2x,simple_triad,ampm,stage1,assoc32,l2,ddr4_2x,0.001637,1637191170.0,3510111.0,4011355.0,4916490.0,0.71395,1943871.0,2003901.0,311486.0,375376.0,57429501345.0,29543.885034,11025785844.0,35397.372094,nan,nan,nan,nan,nan,nan,nan,nan,nan,nan,nan,nan,nan,nan,nan,nan,955437.0,63880.0,11.0,0.066859,0.907631,586396.0,91405.0,494991.0,0.0,2171116.0,1025051.0,0.0,173691.0,0.0,130317.0,20238.0,0.0,0.0,nan,260.0,39.0,6.666667,1568763.0,375108.0,0.187189,30922.55588,304985.0,6501.0,0.017319,82381.976927,nan,nan,nan,nan,nan,nan,nan,nan,nan,nan,nan,nan,nan,nan,nan,nan,nan,nan,nan,nan,nan,nan,nan,1001761.0,81.474108,109.633166,32528.0,2.0,1746.0,2005051.0
simple_triad_ampm_assoc4_l1d_ddr4_1x,simple_triad,ampm,stage1,assoc4,l1d,ddr4_1x,0.002586,2586030048.0,3509953.0,4011161.0,7765857.0,0.451975,1975468.0,2003816.0,375421.0,375431.0,115665070149.0,58550.718184,35968441739.0,95808.283871,526505.0,2910.0,5.0,0.005527,0.270145,159203.0,1280.0,157923.0,0.0,7399800.0,5989478.0,0.0,326837.0,0.0,286243.0,2066.0,nan,nan,nan,nan,nan,nan,nan,nan,nan,nan,nan,nan,nan,nan,nan,nan,0.0,0.0,nan,0.0,0.0,nan,1967606.0,7862.0,0.003924,129624.718519,nan,375421.0,0.999973,95475.284758,10.67,58.24,0.0,0.0,9291053682.29658,3163632227.0606503,9291028934.0,3163632227.0,12454661161.0,19207.0,9291.053682,3163.780717,50185.71,3332.0,67677.71,23507328.0,9090121755.615425,367302.0,66984.89,nan,nan,nan,nan,1001740.0,178.224914,152.610006,158571.0,2.0,1866.0,2004909.0
simple_triad_ampm_assoc4_l1d_ddr4_2x,simple_triad,ampm,stage1,assoc4,l1d,ddr4_2x,0.001918,1917569844.0,3510133.0,4011378.0,5758468.0,0.609563,1851094.0,2003880.0,375429.0,375439.0,75425513315.0,40746.452268,26310239247.0,70080.465939,571508.0,24272.0,11.0,0.04247,0.71229,206141.0,33540.0,172601.0,0.0,8927421.0,7376142.0,0.0,316196.0,0.0,438358.0,4850.0,nan,nan,nan,nan,nan,nan,nan,nan,nan,nan,nan,nan,nan,nan,nan,nan,2009.0,34.0,59.088235,0.0,0.0,nan,1841290.0,9804.0,0.004893,77602.688188,nan,375429.0,0.999973,69747.465052,nan,nan,nan,nan,nan,nan,nan,nan,nan,nan,nan,nan,nan,nan,nan,nan,nan,nan,nan,nan,nan,nan,nan,1001767.0,106.969323,119.557916,51092.0,2.0,1797.0,2004978.0
simple_triad_ampm_assoc4_l2_ddr4_1x,simple_triad,ampm,stage1,assoc4,l2,ddr4_1x,0.002427,2427322581.0,3509958.0,4011166.0,7289258.0,0.481527,1973864.0,2003829.0,352086.0,375374.0,104434926201.0,52908.876296,21327417900.0,60574.455957,nan,nan,nan,nan,nan,nan,nan,nan,nan,nan,nan,nan,nan,nan,nan,nan,1014549.0,23278.0,7.0,0.022944,0.79255,645110.0,11823.0,633287.0,0.0,1417114.0,320325.0,0.0,80125.0,0.0,57250.0,2460.0,0.0,0.0,nan,0.0,0.0,nan,1598758.0,375106.0,0.187195,57840.088183,345993.0,6093.0,0.016232,148631.787297,14.59,73.09,0.0,0.0,9901279783.793188,3371220646.177477,9901227051.0,3371220646.0,13272447697.0,19207.0,9901.279784,3371.352479,68985.32,3332.0,86477.32,nan,nan,nan,nan,23643584.0,9740602334.881834,369431.0,85900.81,1001740.0,149.545853,152.826375,125834.0,2.0,1926.0,2004968.0
simple_triad_ampm_assoc4_l2_ddr4_2x,simple_triad,ampm,stage1,assoc4,l2,ddr4_2x,0.001637,1637191170.0,3510111.0,4011355.0,4916490.0,0.71395,1943871.0,2003901.0,311486.0,375376.0,57429501345.0,29543.885034,11025785844.0,35397.372094,nan,nan,nan,nan,nan,nan,nan,nan,nan,nan,nan,nan,nan,nan,nan,nan,955437.0,63880.0,11.0,0.066859,0.907631,586396.0,91405.0,494991.0,0.0,2171116.0,1025051.0,0.0,173691.0,0.0,130317.0,20238.0,0.0,0.0,nan,260.0,39.0,6.666667,1568763.0,375108.0,0.187189,30922.55588,304985.0,6501.0,0.017319,82381.976927,nan,nan,nan,nan,nan,nan,nan,nan,nan,nan,nan,nan,nan,nan,nan,nan,nan,nan,nan,nan,nan,nan,nan,1001761.0,81.474108,109.633166,32528.0,2.0,1746.0,2005051.0
simple_triad_ampm_assoc64_l1d_ddr4_1x,simple_triad,ampm,stage1,assoc64,l1d,ddr4_1x,0.002586,2586030048.0,3509953.0,4011161.0,7765857.0,0.451975,1975468.0,2003817.0,375421.0,375431.0,115665070149.0,58550.718184,35968441739.0,95808.283871,526505.0,2910.0,5.0,0.005527,0.270145,159203.0,1280.0,157923.0,0.0,7399800.0,5989478.0,0.0,326837.0,0.0,286243.0,2066.0,nan,nan,nan,nan,nan,nan,nan,nan,nan,nan,nan,nan,nan,nan,nan,nan,0.0,0.0,nan,0.0,0.0,nan,1967606.0,7862.0,0.003924,129624.718519,nan,375421.0,0.999973,95475.284758,10.67,58.24,0.0,0.0,9291053682.29658,3163632227.0606503,9291028934.0,3163632227.0,12454661161.0,19207.0,9291.053682,3163.780717,50185.71,3332.0,67677.71,23507328.0,9090121755.615425,367302.0,66984.89,nan,nan,nan,nan,1001740.0,178.224914,152.610006,158571.0,2.0,1866.0,2004906.0
simple_triad_ampm_assoc64_l1d_ddr4_2x,simple_triad,ampm,stage1,assoc64,l1d,ddr4_2x,0.001918,1917569844.0,3510133.0,4011378.0,5758468.0,0.609563,1851094.0,2003880.0,375429.0,375439.0,75425513315.0,40746.452268,26310239247.0,70080.465939,571508.0,24272.0,11.0,0.04247,0.71229,206141.0,33540.0,172601.0,0.0,8927421.0,7376142.0,0.0,316196.0,0.0,438358.0,4850.0,nan,nan,nan,nan,nan,nan,nan,nan,nan,nan,nan,nan,nan,nan,nan,nan,2009.0,34.0,59.088235,0.0,0.0,nan,1841290.0,9804.0,0.004893,77602.688188,nan,375429.0,0.999973,69747.465052,nan,nan,nan,nan,nan,nan,nan,nan,nan,nan,nan,nan,nan,nan,nan,nan,nan,nan,nan,nan,nan,nan,nan,1001767.0,106.969323,119.557916,51092.0,2.0,1797.0,2004978.0
simple_triad_ampm_assoc64_l2_ddr4_1x,simple_triad,ampm,stage1,assoc64,l2,ddr4_1x,0.002427,2427322581.0,3509958.0,4011166.0,7289258.0,0.481527,1973864.0,2003830.0,352086.0,375374.0,104434926201.0,52908.876296,21327417900.0,60574.455957,nan,nan,nan,nan,nan,nan,nan,nan,nan,nan,nan,nan,nan,nan,nan,nan,1014549.0,23278.0,7.0,0.022944,0.79255,645110.0,11823.0,633287.0,0.0,1417114.0,320325.0,0.0,80125.0,0.0,57250.0,2460.0,0.0,0.0,nan,0.0,0.0,nan,1598758.0,375106.0,0.187195,57840.088183,345993.0,6093.0,0.016232,148631.787297,14.59,73.09,0.0,0.0,9901279783.793188,3371220646.177477,9901227051.0,3371220646.0,13272447697.0,19207.0,9901.279784,3371.352479,68985.32,3332.0,86477.32,nan,nan,nan,nan,23643584.0,9740602334.881834,369431.0,85900.81,1001740.0,149.545853,152.826375,125834.0,2.0,1926.0,2004965.0
simple_triad_ampm_assoc64_l2_ddr4_2x,simple_triad,ampm,stage1,assoc64,l2,ddr4_2x,0.001637,1637191170.0,3510111.0,4011355.0,4916490.0,0.71395,1943871.0,2003901.0,311486.0,375376.0,57429501345.0,29543.885034,11025785844.0,35397.372094,nan,nan,nan,nan,nan,nan,nan,nan,nan,nan,nan,nan,nan,nan,nan,nan,955437.0,63880.0,11.0,0.066859,0.907631,586396.0,91405.0,494991.0,0.0,2171116.0,1025051.0,0.0,173691.0,0.0,130317.0,20238.0,0.0,0.0,nan,260.0,39.0,6.666667,1568763.0,375108.0,0.187189,30922.55588,304985.0,6501.0,0.017319,82381.976927,nan,nan,nan,nan,nan,nan,nan,nan,nan,nan,nan,nan,nan,nan,nan,nan,nan,nan,nan,nan,nan,nan,nan,1001761.0,81.474108,109.633166,32528.0,2.0,1746.0,2005051.0
simple_triad_ampm_default_l1d_ddr4_1x,simple_triad,ampm,stage1,default,l1d,ddr4_1x,0.002586,2586030048.0,3509953.0,4011161.0,7765857.0,0.451975,1975468.0,2003816.0,375421.0,375431.0,115665070149.0,58550.718184,35968441739.0,95808.283871,526505.0,2910.0,5.0,0.005527,0.270145,159203.0,1280.0,157923.0,0.0,7399800.0,5989478.0,0.0,326837.0,0.0,286243.0,2066.0,nan,nan,nan,nan,nan,nan,nan,nan,nan,nan,nan,nan,nan,nan,nan,nan,0.0,0.0,nan,0.0,0.0,nan,1967606.0,7862.0,0.003924,129624.718519,nan,375421.0,0.999973,95475.284758,10.67,58.24,0.0,0.0,9291053682.29658,3163632227.0606503,9291028934.0,3163632227.0,12454661161.0,19207.0,9291.053682,3163.780717,50185.71,3332.0,67677.71,23507328.0,9090121755.615425,367302.0,66984.89,nan,nan,nan,nan,1001740.0,178.224914,152.610006,158571.0,2.0,1866.0,2004909.0
simple_triad_ampm_default_l1d_ddr4_2x,simple_triad,ampm,stage1,default,l1d,ddr4_2x,0.001918,1917569844.0,3510133.0,4011378.0,5758468.0,0.609563,1851094.0,2003880.0,375429.0,375439.0,75425513315.0,40746.452268,26310239247.0,70080.465939,571508.0,24272.0,11.0,0.04247,0.71229,206141.0,33540.0,172601.0,0.0,8927421.0,7376142.0,0.0,316196.0,0.0,438358.0,4850.0,nan,nan,nan,nan,nan,nan,nan,nan,nan,nan,nan,nan,nan,nan,nan,nan,2009.0,34.0,59.088235,0.0,0.0,nan,1841290.0,9804.0,0.004893,77602.688188,nan,375429.0,0.999973,69747.465052,nan,nan,nan,nan,nan,nan,nan,nan,nan,nan,nan,nan,nan,nan,nan,nan,nan,nan,nan,nan,nan,nan,nan,1001767.0,106.969323,119.557916,51092.0,2.0,1797.0,2004978.0
simple_triad_ampm_default_l2_ddr4_1x,simple_triad,ampm,stage1,default,l2,ddr4_1x,0.002427,2427322581.0,3509958.0,4011166.0,7289258.0,0.481527,1973864.0,2003830.0,352086.0,375374.0,104434926201.0,52908.876296,21327417900.0,60574.455957,nan,nan,nan,nan,nan,nan,nan,nan,nan,nan,nan,nan,nan,nan,nan,nan,1014549.0,23278.0,7.0,0.022944,0.79255,645110.0,11823.0,633287.0,0.0,1417114.0,320325.0,0.0,80125.0,0.0,57250.0,2460.0,0.0,0.0,nan,0.0,0.0,nan,1598758.0,375106.0,0.187195,57840.088183,345993.0,6093.0,0.016232,148631.787297,14.59,73.09,0.0,0.0,9901279783.793188,3371220646.177477,9901227051.0,3371220646.0,13272447697.0,19207.0,9901.279784,3371.352479,68985.32,3332.0,86477.32,nan,nan,nan,nan,23643584.0,9740602334.881834,369431.0,85900.81,1001740.0,149.545853,152.826375,125834.0,2.0,1926.0,2004965.0
simple_triad_ampm_default_l2_ddr4_2x,simple_triad,ampm,stage1,default,l2,ddr4_2x,0.001637,1637191170.0,3510111.0,4011355.0,4916490.0,0.71395,1943871.0,2003901.0,311486.0,375376.0,57429501345.0,29543.885034,11025785844.0,35397.372094,nan,nan,nan,nan,nan,nan,nan,nan,nan,nan,nan,nan,nan,nan,nan,nan,955437.0,63880.0,11.0,0.066859,0.907631,586396.0,91405.0,494991.0,0.0,2171116.0,1025051.0,0.0,173691.0,0.0,130317.0,20238.0,0.0,0.0,nan,260.0,39.0,6.666667,1568763.0,375108.0,0.187189,30922.55588,304985.0,6501.0,0.017319,82381.976927,nan,nan,nan,nan,nan,nan,nan,nan,nan,nan,nan,nan,nan,nan,nan,nan,nan,nan,nan,nan,nan,nan,nan,1001761.0,81.474108,109.633166,32528.0,2.0,1746.0,2005051.0
simple_triad_ampm_epoch1024k_l1d_ddr4_1x,simple_triad,ampm,stage1,epoch1024k,l1d,ddr4_1x,0.002564,2564001099.0,3509906.0,4011114.0,7699704.0,0.455852,1970547.0,2003803.0,375420.0,375430.0,117473158251.0,59614.491941,35374042103.0,94225.246665,593820.0,3311.0,5.0,0.005576,0.336415,225187.0,1101.0,224086.0,0.0,6885572.0,5440651.0,0.0,302341.0,0.0,264093.0,1267.0,nan,nan,nan,nan,nan,nan,nan,nan,nan,nan,nan,nan,nan,nan,nan,nan,0.0,0.0,nan,0.0,0.0,nan,1964016.0,6531.0,0.003259,116619.343133,nan,375420.0,0.999973,93892.247552,10.5,58.24,0.0,0.0,9370854017.71897,3190763062.929561,9370829057.0,3190763063.0,12561592120.0,19207.0,9370.854018,3190.987712,48616.98,3332.0,66108.98,23592512.0,9201443793.920933,368633.0,65742.44,nan,nan,nan,nan,1001734.0,177.496177,146.922608,130796.0,2.0,1866.0,2004880.0
simple_triad_ampm_epoch1024k_l1d_ddr4_2x,simple_triad,ampm,stage1,epoch1024k,l1d,ddr4_2x,0.001902,1901870892.0,3510114.0,4011357.0,5711324.0,0.614592,1848278.0,2003889.0,375427.0,375437.0,74879108600.0,40512.903687,26206958843.0,69805.738114,584843.0,25108.0,9.0,0.042931,0.722595,219313.0,27193.0,192120.0,0.0,8679376.0,7134650.0,0.0,309960.0,0.0,441426.0,5707.0,nan,nan,nan,nan,nan,nan,nan,nan,nan,nan,nan,nan,nan,nan,nan,nan,81.0,6.0,13.5,0.0,0.0,nan,1838639.0,9639.0,0.00481,74826.160598,nan,375427.0,0.999973,69472.739001,nan,nan,nan,nan,nan,nan,nan,nan,nan,nan,nan,nan,nan,nan,nan,nan,nan,nan,nan,nan,nan,nan,nan,1001767.0,108.607976,122.022635,59326.0,2.0,1798.0,2004978.0
simple_triad_ampm_epoch1024k_l2_ddr4_1x,simple_triad,ampm,stage1,epoch1024k,l2,ddr4_1x,0.00248,2480263254.0,3509934.0,4011143.0,7448239.0,0.471246,1975297.0,2003840.0,353910.0,375373.0,106909138179.0,54123.070191,22046424840.0,62293.873697,nan,nan,nan,nan,nan,nan,nan,nan,nan,nan,nan,nan,nan,nan,nan,nan,959248.0,21453.0,7.0,0.022364,0.778863,589811.0,10754.0,579057.0,0.0,1297827.0,270260.0,0.0,66493.0,0.0,50767.0,1443.0,0.0,0.0,nan,0.0,0.0,nan,1600191.0,375106.0,0.187194,59735.308148,347819.0,6091.0,0.016227,140369.586767,14.37,69.38,0.0,0.0,9689835932.230442,3299236880.118694,9689784325.0,3299236880.0,12989021205.0,19207.0,9689.835932,3299.417506,68293.7,3332.0,85785.7,nan,nan,nan,nan,23643456.0,9532639715.509811,369429.0,85334.34,1001736.0,156.595027,157.605477,140128.0,2.0,1920.0,2004986.0
simple_triad_ampm_epoch1024k_l2_ddr4_2x,simple_triad,ampm,stage1,epoch1024k,l2,ddr4_2x,0.001569,1569082347.0,3510134.0,4011378.0,4711959.0,0.744945,1962278.0,2003893.0,337049.0,375374.0,63055649565.0,32133.902314,11917307763.0,35357.790004,nan,nan,nan,nan,nan,nan,nan,nan,nan,nan,nan,nan,nan,nan,nan,nan,824519.0,38315.0,11.0,0.04647,0.862329,455093.0,47620.0,407473.0,0.0,2141726.0,1117691.0,0.0,190551.0,0.0,131963.0,429.0,0.0,0.0,nan,0.0,0.0,nan,1587170.0,375108.0,0.18719,33019.509189,330932.0,6117.0,0.016296,98306.967631,nan,nan,nan,nan,nan,nan,nan,nan,nan,nan,nan,nan,nan,nan,nan,nan,nan,nan,nan,nan,nan,nan,nan,1001766.0,81.286976,99.037257,21386.0,2.0,1620.0,2005031.0
simple_triad_ampm_epoch128k_l1d_ddr4_1x,simple_triad,ampm,stage1,epoch128k,l1d,ddr4_1x,0.002618,2618350362.0,3509962.0,4011171.0,7862915.0,0.446397,1934864.0,2003801.0,375421.0,375431.0,120392095059.0,62222.510243,36300199682.0,96691.979623,533711.0,8770.0,5.0,0.016432,0.527455,166404.0,1373.0,165031.0,0.0,7355663.0,5962116.0,0.0,319917.0,0.0,305466.0,84.0,nan,nan,nan,nan,nan,nan,nan,nan,nan,nan,nan,nan,nan,nan,nan,nan,0.0,0.0,nan,0.0,0.0,nan,1927007.0,7857.0,0.003921,73861.959908,nan,375421.0,0.999973,96358.98051,10.66,58.6,0.0,0.0,9176367054.883848,3124581079.2681074,9176342612.0,3124581079.0,12300923691.0,19207.0,9176.367055,3124.678851,51063.53,3332.0,68555.53,23507648.0,8978037599.996328,367307.0,69075.33,nan,nan,nan,nan,1001741.0,180.44842,158.323709,159598.0,2.0,1815.0,2004870.0
simple_triad_ampm_epoch128k_l1d_ddr4_2x,simple_triad,ampm,stage1,epoch128k,l1d,ddr4_2x,0.001768,1767643254.0,3510134.0,4011378.0,5308238.0,0.661265,1961413.0,2003879.0,375430.0,375440.0,78847454268.0,40199.312571,24475599548.0,65193.510236,420490.0,4692.0,11.0,0.011158,0.255208,59011.0,1819.0,57192.0,0.0,11001247.0,9585539.0,0.0,347221.0,0.0,640480.0,368.0,nan,nan,nan,nan,nan,nan,nan,nan,nan,nan,nan,nan,nan,nan,nan,nan,1425.0,34.0,41.911765,0.0,0.0,nan,1947720.0,13693.0,0.006833,100085.87008,nan,375430.0,0.999973,64860.510236,nan,nan,nan,nan,nan,nan,nan,nan,nan,nan,nan,nan,nan,nan,nan,nan,nan,nan,nan,nan,nan,nan,nan,1001766.0,114.292078,118.130494,57283.0,2.0,1818.0,2004968.0
simple_triad_ampm_epoch128k_l2_ddr4_1x,simple_triad,ampm,stage1,epoch128k,l2,ddr4_1x,0.002443,2442726162.0,3509911.0,4011119.0,7335515.0,0.478484,1973318.0,2003827.0,351827.0,375375.0,105016923288.0,53218.448972,21479680818.0,61051.826091,nan,nan,nan,nan,nan,nan,nan,nan,nan,nan,nan,nan,nan,nan,nan,nan,1021533.0,23538.0,6.0,0.023042,0.794344,652094.0,12406.0,639688.0,0.0,1424690.0,321029.0,0.0,79923.0,0.0,57703.0,1944.0,0.0,0.0,nan,0.0,0.0,nan,1598212.0,375106.0,0.187195,58250.959755,345733.0,6094.0,0.016234,151467.295865,14.62,72.39,0.0,0.0,9838869527.774763,3350014474.5246315,9838817127.0,3350014475.0,13188831602.0,19207.0,9838.869528,3350.145476,69922.49,3332.0,87414.49,nan,nan,nan,nan,23643584.0,9679179094.164875,369431.0,86806.58,1001734.0,150.605573,154.865748,129190.0,2.0,1920.0,2004967.0
simple_triad_ampm_epoch128k_l2_ddr4_2x,simple_triad,ampm,stage1,epoch128k,l2,ddr4_2x,0.001653,1652935743.0,3510085.0,4011329.0,4963771.0,0.707144,1943637.0,2003916.0,311677.0,375376.0,58350140451.0,30021.110141,11132984538.0,35719.621717,nan,nan,nan,nan,nan,nan,nan,nan,nan,nan,nan,nan,nan,nan,nan,nan,930547.0,63689.0,11.0,0.068443,0.912032,561148.0,89282.0,471866.0,0.0,2225902.0,1089882.0,0.0,189122.0,0.0,136113.0,15883.0,0.0,0.0,nan,0.0,0.0,nan,1568529.0,375108.0,0.187187,31202.281455,305534.0,6143.0,0.016365,79509.157252,nan,nan,nan,nan,nan,nan,nan,nan,nan,nan,nan,nan,nan,nan,nan,nan,nan,nan,nan,nan,nan,nan,nan,1001760.0,81.920583,110.959423,33545.0,2.0,1807.0,2005082.0
simple_triad_ampm_epoch512k_l1d_ddr4_1x,simple_triad,ampm,stage1,epoch512k,l1d,ddr4_1x,0.002628,2628409293.0,3509939.0,4011148.0,7893122.0,0.444686,1958193.0,2003805.0,375421.0,375431.0,120806749656.0,61692.973908,36321781881.0,96749.467614,524020.0,4863.0,5.0,0.00928,0.383276,156681.0,453.0,156228.0,0.0,7185585.0,5806655.0,0.0,322997.0,0.0,292101.0,81.0,nan,nan,nan,nan,nan,nan,nan,nan,nan,nan,nan,nan,nan,nan,nan,nan,0.0,0.0,nan,0.0,0.0,nan,1950368.0,7825.0,0.003905,106868.828243,nan,375421.0,0.999973,96416.468501,10.59,61.12,0.0,0.0,9141249068.015678,3112623297.2118773,9141224719.0,3112623297.0,12253848016.0,19207.0,9141.249068,3112.769393,51139.14,3332.0,68631.14,23509696.0,8944457799.099709,367339.0,68446.24,nan,nan,nan,nan,1001736.0,183.668183,159.35133,185420.0,2.0,1870.0,2004882.0
simple_triad_ampm_epoch512k_l1d_ddr4_2x,simple_triad,ampm,stage1,epoch512k,l1d,ddr4_2x,0.001924,1923666075.0,3510108.0,4011352.0,5776775.0,0.607627,1816245.0,2003892.0,375430.0,375440.0,73431046116.0,40430.143574,26393688622.0,70302.556061,602320.0,30191.0,11.0,0.050125,0.768238,236257.0,40093.0,196164.0,0.0,8606375.0,7032938.0,0.0,307383.0,0.0,416945.0,6974.0,nan,nan,nan,nan,nan,nan,nan,nan,nan,nan,nan,nan,nan,nan,nan,nan,1587.0,18.0,88.166667,0.0,0.0,nan,1807137.0,9108.0,0.004545,73081.94664,nan,375430.0,0.999973,69969.556948,nan,nan,nan,nan,nan,nan,nan,nan,nan,nan,nan,nan,nan,nan,nan,nan,nan,nan,nan,nan,nan,nan,nan,1001765.0,105.579499,122.946075,61333.0,2.0,1800.0,2004997.0
simple_triad_ampm_epoch512k_l2_ddr4_1x,simple_triad,ampm,stage1,epoch512k,l2,ddr4_1x,0.00246,2460133737.0,3509883.0,4011090.0,7387790.0,0.475095,1973835.0,2003823.0,352399.0,375374.0,105758857278.0,53580.394145,21704333274.0,61590.223792,nan,nan,nan,nan,nan,nan,nan,nan,nan,nan,nan,nan,nan,nan,nan,nan,994005.0,22965.0,7.0,0.023104,0.790316,624566.0,11941.0,612625.0,0.0,1354460.0,286841.0,0.0,71496.0,0.0,53935.0,1642.0,0.0,0.0,nan,0.0,0.0,nan,1598729.0,375106.0,0.187195,58840.458868,346306.0,6093.0,0.016232,148744.481536,14.44,69.51,0.0,0.0,9769224997.21811,3326258193.580474,9769172968.0,3326258194.0,13095431161.0,19207.0,9769.224997,3326.310223,68724.44,3332.0,86216.44,nan,nan,nan,nan,23643584.0,9610690526.455717,369431.0,85633.59,1001732.0,153.147474,155.06803,132360.0,2.0,1920.0,2004953.0
simple_triad_ampm_epoch512k_l2_ddr4_2x,simple_triad,ampm,stage1,epoch512k,l2,ddr4_2x,0.001707,1706534757.0,3510090.0,4011334.0,5124729.0,0.684935,1939555.0,2003914.0,304853.0,375374.0,59493691089.0,30673.887097,11314691982.0,37115.239089,nan,nan,nan,nan,nan,nan,nan,nan,nan,nan,nan,nan,nan,nan,nan,nan,1067177.0,70511.0,11.0,0.066072,0.919777,697790.0,107571.0,590219.0,0.0,2005673.0,779086.0,0.0,141426.0,0.0,112162.0,18306.0,0.0,0.0,nan,0.0,0.0,nan,1564447.0,375108.0,0.187188,31767.768379,298703.0,6150.0,0.016384,83545.963902,nan,nan,nan,nan,nan,nan,nan,nan,nan,nan,nan,nan,nan,nan,nan,nan,nan,nan,nan,nan,nan,nan,nan,1001760.0,81.861914,111.229949,32814.0,2.0,1741.0,2005066.0
simple_triad_ampm_epoch64k_l1d_ddr4_1x,simple_triad,ampm,stage1,epoch64k,l1d,ddr4_1x,0.002626,2625635070.0,3509962.0,4011171.0,7884791.0,0.445158,1958005.0,2003803.0,375420.0,375430.0,120567490821.0,61576.702215,36429942254.0,97037.830307,482215.0,4928.0,5.0,0.01022,0.38422,114949.0,500.0,114449.0,0.0,7474789.0,6117502.0,0.0,336750.0,0.0,308037.0,79.0,nan,nan,nan,nan,nan,nan,nan,nan,nan,nan,nan,nan,nan,nan,nan,nan,0.0,0.0,nan,0.0,0.0,nan,1950107.0,7898.0,0.003942,107674.272474,nan,375420.0,0.999973,96704.831194,10.61,61.1,0.0,0.0,9150883256.598185,3115912067.704062,9150858882.0,3115912068.0,12266770949.0,19207.0,9150.883257,3116.180193,51404.66,3332.0,68896.66,23505024.0,8952129055.771639,367266.0,68698.1,nan,nan,nan,nan,1001741.0,183.349478,159.744563,186231.0,2.0,1855.0,2004870.0
simple_triad_ampm_epoch64k_l1d_ddr4_2x,simple_triad,ampm,stage1,epoch64k,l1d,ddr4_2x,0.001892,1892031075.0,3510133.0,4011378.0,5681775.0,0.617791,1818378.0,2003881.0,375427.0,375437.0,74083941224.0,40741.771636,26031500150.0,69338.380431,564001.0,30302.0,8.0,0.053727,0.768911,197940.0,31815.0,166125.0,0.0,9333576.0,7788887.0,0.0,316883.0,0.0,454132.0,11701.0,nan,nan,nan,nan,nan,nan,nan,nan,nan,nan,nan,nan,nan,nan,nan,nan,9061.0,254.0,35.673228,0.0,0.0,nan,1809271.0,9107.0,0.004545,88967.529922,nan,375427.0,0.999973,69005.381318,nan,nan,nan,nan,nan,nan,nan,nan,nan,nan,nan,nan,nan,nan,nan,nan,nan,nan,nan,nan,nan,nan,nan,1001767.0,104.127809,120.744868,56296.0,2.0,1791.0,2004984.0
simple_triad_ampm_epoch64k_l2_ddr4_1x,simple_triad,ampm,stage1,epoch64k,l2,ddr4_1x,0.002434,2433536361.0,3509906.0,4011114.0,7307918.0,0.480291,1972003.0,2003830.0,351790.0,375373.0,103108654800.0,52286.256562,21225714705.0,60336.321968,nan,nan,nan,nan,nan,nan,nan,nan,nan,nan,nan,nan,nan,nan,nan,nan,1028476.0,23573.0,7.0,0.02292,0.794667,659038.0,12029.0,647009.0,0.0,1431559.0,321184.0,0.0,79657.0,0.0,58050.0,1746.0,0.0,0.0,nan,0.0,0.0,nan,1596897.0,375106.0,0.187195,57571.455317,345699.0,6091.0,0.016227,153171.143326,14.62,70.37,0.0,0.0,9875919006.249851,3362612587.648942,9875866408.0,3362612588.0,13238478996.0,19207.0,9875.919006,3362.717784,69632.76,3332.0,87124.76,nan,nan,nan,nan,23643520.0,9715704428.712254,369430.0,86484.24,1001734.0,150.773966,155.943474,132262.0,2.0,1911.0,2004975.0
simple_triad_ampm_epoch64k_l2_ddr4_2x,simple_triad,ampm,stage1,epoch64k,l2,ddr4_2x,0.001639,1639462896.0,3510164.0,4011410.0,4923312.0,0.712972,1935219.0,2003924.0,304697.0,375380.0,57416205654.0,29669.099804,10821991176.0,35517.222605,nan,nan,nan,nan,nan,nan,nan,nan,nan,nan,nan,nan,nan,nan,nan,nan,934123.0,70672.0,11.0,0.075656,0.918176,564867.0,93608.0,471259.0,0.0,2293356.0,1147528.0,0.0,192735.0,0.0,143993.0,18441.0,0.0,0.0,nan,28.0,7.0,4.0,1560111.0,375108.0,0.187187,30455.68226,298399.0,6298.0,0.016778,77777.918546,nan,nan,nan,nan,nan,nan,nan,nan,nan,nan,nan,nan,nan,nan,nan,nan,nan,nan,nan,nan,nan,nan,nan,1001775.0,78.793827,106.154165,26945.0,2.0,1736.0,2005089.0
simple_triad_ampm_hz128_l1d_ddr4_1x,simple_triad,ampm,stage1,hz128,l1d,ddr4_1x,0.002908,2907703719.0,3509991.0,4011202.0,8731844.0,0.401978,1996397.0,2003815.0,375365.0,375376.0,145231609014.0,72746.857972,29933555481.0,79745.195959,0.0,0.0,nan,nan,0.0,0.0,0.0,0.0,0.0,0.0,0.0,0.0,0.0,0.0,0.0,0.0,nan,nan,nan,nan,nan,nan,nan,nan,nan,nan,nan,nan,nan,nan,nan,nan,0.0,0.0,nan,0.0,0.0,nan,1621290.0,375107.0,0.187196,80532.268243,nan,375365.0,0.999971,79412.196846,8.78,57.54,0.0,0.0,8261969692.105347,2813183456.94904,8261947682.0,2813183457.0,11075131139.0,19207.0,8261.969692,2813.073404,34764.46,3332.0,52256.46,nan,nan,nan,nan,nan,nan,nan,nan,1001749.0,209.141778,153.006833,176201.0,2.0,1890.0,2004906.0
simple_triad_ampm_hz128_l1d_ddr4_2x,simple_triad,ampm,stage1,hz128,l1d,ddr4_2x,0.002551,2551435344.0,3509971.0,4011181.0,7661969.0,0.458105,1999855.0,2003803.0,375362.0,375372.0,117794332755.0,58901.436732,23794130385.0,63389.822052,0.0,0.0,nan,nan,0.0,0.0,0.0,0.0,0.0,0.0,0.0,0.0,0.0,0.0,0.0,0.0,nan,nan,nan,nan,nan,nan,nan,nan,nan,nan,nan,nan,nan,nan,nan,nan,0.0,0.0,nan,0.0,0.0,nan,1624748.0,375107.0,0.187198,64179.908405,nan,375362.0,0.999973,63056.822939,nan,nan,nan,nan,nan,nan,nan,nan,nan,nan,nan,nan,nan,nan,nan,nan,nan,nan,nan,nan,nan,nan,nan,1001742.0,169.860965,129.069225,89554.0,2.0,1861.0,2004896.0
simple_triad_ampm_hz128_l2_ddr4_1x,simple_triad,ampm,stage1,hz128,l2,ddr4_1x,0.002908,2907703719.0,3509991.0,4011202.0,8731844.0,0.401978,1996397.0,2003814.0,375365.0,375376.0,145231609014.0,72746.857972,29933555481.0,79745.195959,nan,nan,nan,nan,nan,nan,nan,nan,nan,nan,nan,nan,nan,nan,nan,nan,0.0,0.0,nan,nan,0.0,0.0,0.0,0.0,0.0,0.0,0.0,0.0,0.0,0.0,0.0,0.0,0.0,0.0,nan,0.0,0.0,nan,1621290.0,375107.0,0.187197,80532.268243,nan,375365.0,0.999971,79412.196846,8.78,57.54,0.0,0.0,8261969692.105347,2813183456.94904,8261947682.0,2813183457.0,11075131139.0,19207.0,8261.969692,2813.073404,34764.46,3332.0,52256.46,nan,nan,nan,nan,nan,nan,nan,nan,1001749.0,209.141778,153.006833,176201.0,2.0,1890.0,2004909.0
simple_triad_ampm_hz128_l2_ddr4_2x,simple_triad,ampm,stage1,hz128,l2,ddr4_2x,0.002551,2551435344.0,3509971.0,4011181.0,7661969.0,0.458105,1999855.0,2003802.0,375362.0,375372.0,117794332755.0,58901.436732,23794130385.0,63389.822052,nan,nan,nan,nan,nan,nan,nan,nan,nan,nan,nan,nan,nan,nan,nan,nan,0.0,0.0,nan,nan,0.0,0.0,0.0,0.0,0.0,0.0,0.0,0.0,0.0,0.0,0.0,0.0,0.0,0.0,nan,0.0,0.0,nan,1624748.0,375107.0,0.187198,64179.908405,nan,375362.0,0.999973,63056.822939,nan,nan,nan,nan,nan,nan,nan,nan,nan,nan,nan,nan,nan,nan,nan,nan,nan,nan,nan,nan,nan,nan,nan,1001742.0,169.860965,129.069225,89554.0,2.0,1861.0,2004899.0
simple_triad_ampm_hz1k_l1d_ddr4_1x,simple_triad,ampm,stage1,hz1k,l1d,ddr4_1x,0.002584,2583597150.0,3509962.0,4011171.0,7758551.0,0.452401,1974885.0,2003802.0,375396.0,375406.0,115333156062.0,58399.935217,35923365087.0,95694.586748,525158.0,3013.0,3.0,0.005737,0.276778,157890.0,1277.0,156613.0,0.0,7403563.0,5994842.0,0.0,327115.0,0.0,286864.0,2019.0,nan,nan,nan,nan,nan,nan,nan,nan,nan,nan,nan,nan,nan,nan,nan,nan,0.0,0.0,nan,0.0,0.0,nan,1967012.0,7873.0,0.003929,128882.081672,nan,375396.0,0.999973,95361.587635,10.66,58.27,0.0,0.0,9299183504.672934,3166388382.182571,9299158733.0,3166388382.0,12465547115.0,19207.0,9299.183505,3166.611327,50070.77,3332.0,67562.77,23505152.0,9097839421.289036,367268.0,66881.91,nan,nan,nan,nan,1001741.0,178.250818,152.281772,158663.0,2.0,1866.0,2004865.0
simple_triad_ampm_hz1k_l1d_ddr4_2x,simple_triad,ampm,stage1,hz1k,l1d,ddr4_2x,0.001917,1916917164.0,3510087.0,4011331.0,5756508.0,0.609763,1814056.0,2003880.0,375401.0,375411.0,74830979115.0,41250.644476,26416263209.0,70368.121579,582487.0,31737.0,7.0,0.054485,0.745718,218164.0,43022.0,175142.0,0.0,8626790.0,7064334.0,0.0,311147.0,0.0,456193.0,257.0,nan,nan,nan,nan,nan,nan,nan,nan,nan,nan,nan,nan,nan,nan,nan,nan,4.0,1.0,4.0,0.0,0.0,nan,1803234.0,10822.0,0.005401,107513.459434,nan,375401.0,0.999973,70035.121579,nan,nan,nan,nan,nan,nan,nan,nan,nan,nan,nan,nan,nan,nan,nan,nan,nan,nan,nan,nan,nan,nan,nan,1001760.0,106.302903,124.093416,73712.0,2.0,1773.0,2004958.0
simple_triad_ampm_hz1k_l2_ddr4_1x,simple_triad,ampm,stage1,hz1k,l2,ddr4_1x,0.002457,2457076797.0,3509966.0,4011174.0,7378610.0,0.475697,1973587.0,2003844.0,352376.0,375375.0,105694777089.0,53554.658137,21652748244.0,61447.851851,nan,nan,nan,nan,nan,nan,nan,nan,nan,nan,nan,nan,nan,nan,nan,nan,1010460.0,22989.0,7.0,0.022751,0.790435,641055.0,12470.0,628585.0,0.0,1401883.0,312333.0,0.0,76893.0,0.0,56447.0,1649.0,0.0,0.0,nan,0.0,0.0,nan,1598481.0,375106.0,0.187193,58704.358059,346281.0,6095.0,0.016237,151315.473175,14.6,71.33,0.0,0.0,9780623881.736977,3330266278.2013154,9780571787.0,3330266278.0,13110838066.0,19207.0,9780.623882,3330.396514,70142.63,3332.0,87634.63,nan,nan,nan,nan,23641600.0,9621840077.959923,369400.0,87032.78,1001743.0,151.881231,156.413784,135807.0,2.0,1920.0,2004990.0
simple_triad_ampm_hz1k_l2_ddr4_2x,simple_triad,ampm,stage1,hz1k,l2,ddr4_2x,0.001689,1688621022.0,3510082.0,4011325.0,5070934.0,0.6922,1934750.0,2003893.0,300360.0,375377.0,58651030926.0,30314.526903,11055732201.0,36808.270745,nan,nan,nan,nan,nan,nan,nan,nan,nan,nan,nan,nan,nan,nan,nan,nan,1029916.0,75007.0,11.0,0.072828,0.924346,660543.0,107978.0,552565.0,0.0,2124302.0,915904.0,0.0,160667.0,0.0,124513.0,23288.0,0.0,0.0,nan,0.0,0.0,nan,1559642.0,375108.0,0.18719,31124.085383,294221.0,6139.0,0.016354,83845.375143,nan,nan,nan,nan,nan,nan,nan,nan,nan,nan,nan,nan,nan,nan,nan,nan,nan,nan,nan,nan,nan,nan,nan,1001763.0,79.749601,109.15504,30356.0,2.0,1800.0,2005025.0
simple_triad_ampm_hz256_l1d_ddr4_1x,simple_triad,ampm,stage1,hz256,l1d,ddr4_1x,0.002558,2557962810.0,3509885.0,4011092.0,7681571.0,0.456925,1989048.0,2003796.0,375378.0,375388.0,126117717039.0,63406.07016,32443631965.0,86429.231242,1441984.0,580.0,4.0,0.000402,0.088712,1072820.0,4.0,1072816.0,0.0,1958261.0,27612.0,0.0,3902.0,0.0,31222.0,3.0,nan,nan,nan,nan,nan,nan,nan,nan,nan,nan,nan,nan,nan,nan,nan,nan,0.0,0.0,nan,0.0,0.0,nan,1983090.0,5958.0,0.002973,120184.886707,nan,375378.0,0.999973,86096.232129,10.0,58.29,0.0,0.0,9391923880.23812,3197794732.598165,9391898860.0,3197794733.0,12589693593.0,19207.0,9391.92388,3197.669633,41391.65,3332.0,58883.65,23626496.0,9236450157.772232,369164.0,58372.45,nan,nan,nan,nan,1001734.0,180.667497,147.876665,150019.0,2.0,1856.0,2004873.0
simple_triad_ampm_hz256_l1d_ddr4_2x,simple_triad,ampm,stage1,hz256,l1d,ddr4_2x,0.002238,2237796297.0,3510105.0,4011349.0,6720109.0,0.522331,1992580.0,2003882.0,375378.0,375388.0,98149762989.0,49257.627292,25932836945.0,69084.594582,1379114.0,585.0,4.0,0.000424,0.089381,1009952.0,27.0,1009925.0,0.0,1961911.0,54718.0,0.0,9467.0,0.0,31096.0,5.0,nan,nan,nan,nan,nan,nan,nan,nan,nan,nan,nan,nan,nan,nan,nan,nan,0.0,0.0,nan,0.0,0.0,nan,1986620.0,5960.0,0.002974,72163.279027,nan,375378.0,0.999973,68751.595469,nan,nan,nan,nan,nan,nan,nan,nan,nan,nan,nan,nan,nan,nan,nan,nan,nan,nan,nan,nan,nan,nan,nan,1001765.0,142.071372,127.829343,78590.0,2.0,1813.0,2004979.0
simple_triad_ampm_hz256_l2_ddr4_1x,simple_triad,ampm,stage1,hz256,l2,ddr4_1x,0.002796,2796450084.0,3509957.0,4011166.0,8397749.0,0.417966,1987710.0,2003818.0,366447.0,375375.0,137305799424.0,69077.380213,28049877711.0,76545.524212,nan,nan,nan,nan,nan,nan,nan,nan,nan,nan,nan,nan,nan,nan,nan,nan,369365.0,8918.0,7.0,0.024144,0.593307,43.0,38.0,5.0,0.0,369368.0,0.0,0.0,3.0,0.0,5863.0,9.0,0.0,0.0,nan,0.0,0.0,nan,1612604.0,375106.0,0.187196,75601.188696,360334.0,6113.0,0.016285,102355.636676,11.73,58.55,0.0,0.0,8592219162.95789,2925423216.672728,8592173391.0,2925423217.0,11517596607.0,19207.0,8592.219163,2925.537647,54453.87,3332.0,71945.87,nan,nan,nan,nan,23636416.0,8452293189.582282,369319.0,71893.09,1001741.0,194.093606,164.411319,176015.0,2.0,1775.0,2004928.0
simple_triad_ampm_hz256_l2_ddr4_2x,simple_triad,ampm,stage1,hz256,l2,ddr4_2x,0.002175,2174631525.0,3510107.0,4011352.0,6530425.0,0.537503,1993115.0,2003889.0,374595.0,375380.0,94292624322.0,47309.173992,18889707051.0,50427.01331,nan,nan,nan,nan,nan,nan,nan,nan,nan,nan,nan,nan,nan,nan,nan,nan,369372.0,773.0,7.0,0.002093,0.112306,47.0,38.0,9.0,0.0,369373.0,0.0,0.0,1.0,0.0,5864.0,6.0,0.0,0.0,nan,0.0,0.0,nan,1618009.0,375106.0,0.187189,51145.976425,368485.0,6110.0,0.016277,77508.39329,nan,nan,nan,nan,nan,nan,nan,nan,nan,nan,nan,nan,nan,nan,nan,nan,nan,nan,nan,nan,nan,nan,nan,1001769.0,135.74754,126.150114,73511.0,2.0,1824.0,2004997.0
simple_triad_ampm_hz2k_l2_ddr4_1x,simple_triad,ampm,stage1,hz2k,l2,ddr4_1x,0.002427,2427322581.0,3509958.0,4011166.0,7289258.0,0.481527,1973864.0,2003829.0,352086.0,375374.0,104434926201.0,52908.876296,21327417900.0,60574.455957,nan,nan,nan,nan,nan,nan,nan,nan,nan,nan,nan,nan,nan,nan,nan,nan,1014549.0,23278.0,7.0,0.022944,0.79255,645110.0,11823.0,633287.0,0.0,1417114.0,320325.0,0.0,80125.0,0.0,57250.0,2460.0,0.0,0.0,nan,0.0,0.0,nan,1598758.0,375106.0,0.187195,57840.088183,345993.0,6093.0,0.016232,148631.787297,14.59,73.09,0.0,0.0,9901279783.793188,3371220646.177477,9901227051.0,3371220646.0,13272447697.0,19207.0,9901.279784,3371.352479,68985.32,3332.0,86477.32,nan,nan,nan,nan,23643584.0,9740602334.881834,369431.0,85900.81,1001740.0,149.545853,152.826375,125834.0,2.0,1926.0,2004968.0
simple_triad_ampm_hz2k_l2_ddr4_2x,simple_triad,ampm,stage1,hz2k,l2,ddr4_2x,0.001637,1637191170.0,3510111.0,4011355.0,4916490.0,0.71395,1943871.0,2003901.0,311486.0,375376.0,57429501345.0,29543.885034,11025785844.0,35397.372094,nan,nan,nan,nan,nan,nan,nan,nan,nan,nan,nan,nan,nan,nan,nan,nan,955437.0,63880.0,11.0,0.066859,0.907631,586396.0,91405.0,494991.0,0.0,2171116.0,1025051.0,0.0,173691.0,0.0,130317.0,20238.0,0.0,0.0,nan,260.0,39.0,6.666667,1568763.0,375108.0,0.187189,30922.55588,304985.0,6501.0,0.017319,82381.976927,nan,nan,nan,nan,nan,nan,nan,nan,nan,nan,nan,nan,nan,nan,nan,nan,nan,nan,nan,nan,nan,nan,nan,1001761.0,81.474108,109.633166,32528.0,2.0,1746.0,2005051.0
simple_triad_ampm_hz4k_l2_ddr4_1x,simple_triad,ampm,stage1,hz4k,l2,ddr4_1x,0.002443,2443396491.0,3509948.0,4011158.0,7337528.0,0.478358,1972996.0,2003832.0,351336.0,375374.0,104532984378.0,52981.853171,21415277286.0,60953.837028,nan,nan,nan,nan,nan,nan,nan,nan,nan,nan,nan,nan,nan,nan,nan,nan,1018748.0,24028.0,7.0,0.023586,0.797742,649273.0,12850.0,636423.0,0.0,1419572.0,319397.0,0.0,79252.0,0.0,57380.0,1812.0,0.0,0.0,nan,0.0,0.0,nan,1597890.0,375106.0,0.187194,58081.986486,345244.0,6092.0,0.016229,152476.884603,14.64,71.64,0.0,0.0,9837008479.194056,3349304965.503448,9836956093.0,3349304966.0,13186261059.0,19207.0,9837.008479,3349.095421,69829.97,3332.0,87321.97,nan,nan,nan,nan,23645760.0,9677414241.649576,369465.0,86696.12,1001737.0,150.540832,155.249826,129442.0,2.0,1911.0,2004975.0
simple_triad_ampm_hz4k_l2_ddr4_2x,simple_triad,ampm,stage1,hz4k,l2,ddr4_2x,0.001698,1698168798.0,3510106.0,4011350.0,5099606.0,0.688313,1936588.0,2003907.0,300206.0,375378.0,58607323344.0,30263.186255,11140582599.0,37109.793272,nan,nan,nan,nan,nan,nan,nan,nan,nan,nan,nan,nan,nan,nan,nan,nan,1070182.0,75162.0,11.0,0.070233,0.924707,700711.0,112763.0,587948.0,0.0,2064120.0,826010.0,0.0,149565.0,0.0,117455.0,21919.0,0.0,0.0,nan,0.0,0.0,nan,1561480.0,375108.0,0.187188,31354.046675,294086.0,6120.0,0.016304,85075.569118,nan,nan,nan,nan,nan,nan,nan,nan,nan,nan,nan,nan,nan,nan,nan,nan,nan,nan,nan,nan,nan,nan,nan,1001761.0,81.352392,111.356313,33453.0,2.0,1857.0,2005074.0
simple_triad_ampm_hz512_l1d_ddr4_1x,simple_triad,ampm,stage1,hz512,l1d,ddr4_1x,0.0026,2600286111.0,3509934.0,4011143.0,7808668.0,0.449494,1959761.0,2003809.0,375392.0,375402.0,120198853494.0,61333.424583,35855202308.0,95514.028823,645026.0,4701.0,5.0,0.007288,0.376472,277675.0,230.0,277445.0,0.0,5599749.0,4142346.0,0.0,298440.0,0.0,182392.0,33.0,nan,nan,nan,nan,nan,nan,nan,nan,nan,nan,nan,nan,nan,nan,nan,nan,0.0,0.0,nan,0.0,0.0,nan,1951975.0,7786.0,0.003886,141813.905086,nan,375392.0,0.999973,95181.02971,10.54,61.33,0.0,0.0,9239401732.896461,3145918430.050792,9239377120.0,3145918430.0,12385295550.0,19207.0,9239.401733,3145.893817,49898.73,3332.0,67390.73,23510464.0,9041491203.811611,367351.0,66436.67,nan,nan,nan,nan,1001736.0,182.526161,159.580746,184073.0,2.0,1875.0,2004897.0
simple_triad_ampm_hz512_l1d_ddr4_2x,simple_triad,ampm,stage1,hz512,l1d,ddr4_2x,0.001978,1977936084.0,3510062.0,4011305.0,5939748.0,0.590948,1866117.0,2003866.0,375395.0,375405.0,77852578158.0,41719.023061,26169935606.0,69713.063855,1013638.0,22888.0,7.0,0.02258,0.76937,645362.0,94457.0,550905.0,0.0,5485957.0,3622002.0,0.0,217139.0,0.0,180341.0,1047.0,nan,nan,nan,nan,nan,nan,nan,nan,nan,nan,nan,nan,nan,nan,nan,nan,212.0,14.0,15.142857,0.0,0.0,nan,1859256.0,6861.0,0.003424,78708.124617,nan,375395.0,0.999973,69380.064742,nan,nan,nan,nan,nan,nan,nan,nan,nan,nan,nan,nan,nan,nan,nan,nan,nan,nan,nan,nan,nan,nan,nan,1001758.0,114.897869,127.219807,65831.0,2.0,1819.0,2004950.0
simple_triad_ampm_hz512_l2_ddr4_1x,simple_triad,ampm,stage1,hz512,l2,ddr4_1x,0.002579,2578787631.0,3509953.0,4011161.0,7744108.0,0.453244,1977910.0,2003846.0,353131.0,375375.0,112338340875.0,56796.487644,23207179257.0,65718.329054,nan,nan,nan,nan,nan,nan,nan,nan,nan,nan,nan,nan,nan,nan,nan,nan,1068025.0,22234.0,7.0,0.020818,0.784822,698641.0,10951.0,687690.0,0.0,1075521.0,2850.0,0.0,2500.0,0.0,34578.0,3478.0,0.0,0.0,nan,0.0,0.0,nan,1602804.0,375106.0,0.187193,62830.533143,347035.0,6096.0,0.01624,142160.682579,14.44,63.83,0.0,0.0,9318537017.599028,3172790152.102292,9318487382.0,3172790152.0,12491277534.0,19207.0,9318.537018,3172.889424,71017.38,3332.0,88509.38,nan,nan,nan,nan,23640320.0,9167222502.472132,369380.0,88073.18,1001740.0,165.61618,167.80862,158350.0,2.0,1915.0,2004999.0
simple_triad_ampm_hz512_l2_ddr4_2x,simple_triad,ampm,stage1,hz512,l2,ddr4_2x,0.001847,1846890261.0,3510055.0,4011297.0,5546217.0,0.632877,1972543.0,2003909.0,345527.0,375377.0,72311275674.0,36658.909679,14065661592.0,40707.850883,nan,nan,nan,nan,nan,nan,nan,nan,nan,nan,nan,nan,nan,nan,nan,nan,1084271.0,29840.0,11.0,0.027521,0.830342,714886.0,38252.0,676634.0,0.0,1090217.0,2452.0,0.0,1982.0,0.0,35160.0,1292.0,0.0,0.0,nan,0.0,0.0,nan,1597435.0,375108.0,0.187188,38645.028712,339430.0,6097.0,0.016242,80718.446285,nan,nan,nan,nan,nan,nan,nan,nan,nan,nan,nan,nan,nan,nan,nan,nan,nan,nan,nan,nan,nan,nan,nan,1001757.0,100.847307,122.839995,57001.0,2.0,1752.0,2005031.0
simple_triad_ampm_hz64_l1d_ddr4_1x,simple_triad,ampm,stage1,hz64,l1d,ddr4_1x,0.002908,2907703719.0,3509991.0,4011202.0,8731844.0,0.401978,1996397.0,2003815.0,375365.0,375376.0,145231609014.0,72746.857972,29933555481.0,79745.195959,0.0,0.0,nan,nan,0.0,0.0,0.0,0.0,0.0,0.0,0.0,0.0,0.0,0.0,0.0,0.0,nan,nan,nan,nan,nan,nan,nan,nan,nan,nan,nan,nan,nan,nan,nan,nan,0.0,0.0,nan,0.0,0.0,nan,1621290.0,375107.0,0.187196,80532.268243,nan,375365.0,0.999971,79412.196846,8.78,57.54,0.0,0.0,8261969692.105347,2813183456.94904,8261947682.0,2813183457.0,11075131139.0,19207.0,8261.969692,2813.073404,34764.46,3332.0,52256.46,nan,nan,nan,nan,nan,nan,nan,nan,1001749.0,209.141778,153.006833,176201.0,2.0,1890.0,2004906.0
simple_triad_ampm_hz64_l1d_ddr4_2x,simple_triad,ampm,stage1,hz64,l1d,ddr4_2x,0.002551,2551435344.0,3509971.0,4011181.0,7661969.0,0.458105,1999855.0,2003803.0,375362.0,375372.0,117794332755.0,58901.436732,23794130385.0,63389.822052,0.0,0.0,nan,nan,0.0,0.0,0.0,0.0,0.0,0.0,0.0,0.0,0.0,0.0,0.0,0.0,nan,nan,nan,nan,nan,nan,nan,nan,nan,nan,nan,nan,nan,nan,nan,nan,0.0,0.0,nan,0.0,0.0,nan,1624748.0,375107.0,0.187198,64179.908405,nan,375362.0,0.999973,63056.822939,nan,nan,nan,nan,nan,nan,nan,nan,nan,nan,nan,nan,nan,nan,nan,nan,nan,nan,nan,nan,nan,nan,nan,1001742.0,169.860965,129.069225,89554.0,2.0,1861.0,2004896.0
simple_triad_ampm_hz64_l2_ddr4_1x,simple_triad,ampm,stage1,hz64,l2,ddr4_1x,0.002908,2907703719.0,3509991.0,4011202.0,8731844.0,0.401978,1996397.0,2003815.0,375365.0,375376.0,145231609014.0,72746.857972,29933555481.0,79745.195959,nan,nan,nan,nan,nan,nan,nan,nan,nan,nan,nan,nan,nan,nan,nan,nan,0.0,0.0,nan,nan,0.0,0.0,0.0,0.0,0.0,0.0,0.0,0.0,0.0,0.0,0.0,0.0,0.0,0.0,nan,0.0,0.0,nan,1621290.0,375107.0,0.187196,80532.268243,nan,375365.0,0.999971,79412.196846,8.78,57.54,0.0,0.0,8261969692.105347,2813183456.94904,8261947682.0,2813183457.0,11075131139.0,19207.0,8261.969692,2813.073404,34764.46,3332.0,52256.46,nan,nan,nan,nan,nan,nan,nan,nan,1001749.0,209.141778,153.006833,176201.0,2.0,1890.0,2004906.0
simple_triad_ampm_hz64_l2_ddr4_2x,simple_triad,ampm,stage1,hz64,l2,ddr4_2x,0.002551,2551435344.0,3509971.0,4011181.0,7661969.0,0.458105,1999855.0,2003803.0,375362.0,375372.0,117794332755.0,58901.436732,23794130385.0,63389.822052,nan,nan,nan,nan,nan,nan,nan,nan,nan,nan,nan,nan,nan,nan,nan,nan,0.0,0.0,nan,nan,0.0,0.0,0.0,0.0,0.0,0.0,0.0,0.0,0.0,0.0,0.0,0.0,0.0,0.0,nan,0.0,0.0,nan,1624748.0,375107.0,0.187198,64179.908405,nan,375362.0,0.999973,63056.822939,nan,nan,nan,nan,nan,nan,nan,nan,nan,nan,nan,nan,nan,nan,nan,nan,nan,nan,nan,nan,nan,nan,nan,1001742.0,169.860965,129.069225,89554.0,2.0,1861.0,2004896.0
simple_triad_ampm_hz8k_l2_ddr4_1x,simple_triad,ampm,stage1,hz8k,l2,ddr4_1x,0.002426,2426174397.0,3509934.0,4011143.0,7285810.0,0.481752,1972658.0,2003831.0,351727.0,375374.0,103298712552.0,52365.241492,21217828266.0,60324.707134,nan,nan,nan,nan,nan,nan,nan,nan,nan,nan,nan,nan,nan,nan,nan,nan,1019917.0,23637.0,7.0,0.023175,0.795136,650449.0,12392.0,638057.0,0.0,1418183.0,317359.0,0.0,78741.0,0.0,57360.0,1584.0,0.0,0.0,nan,0.0,0.0,nan,1597552.0,375106.0,0.187194,57553.590254,345637.0,6090.0,0.016224,150724.275369,14.61,71.32,0.0,0.0,9906625026.510822,3372947967.0211854,9906572269.0,3372947967.0,13279520236.0,19207.0,9906.625027,3372.789693,69028.55,3332.0,86520.55,nan,nan,nan,nan,23645376.0,9745950674.130373,369459.0,85910.61,1001736.0,150.216103,154.65746,127548.0,2.0,1911.0,2004982.0
simple_triad_ampm_hz8k_l2_ddr4_2x,simple_triad,ampm,stage1,hz8k,l2,ddr4_2x,0.001686,1685561751.0,3510114.0,4011357.0,5061747.0,0.693463,1939820.0,2003914.0,303358.0,375377.0,57767308200.0,29779.726057,11003443542.0,36272.138997,nan,nan,nan,nan,nan,nan,nan,nan,nan,nan,nan,nan,nan,nan,nan,nan,1031306.0,72009.0,11.0,0.069823,0.921503,661846.0,104370.0,557476.0,0.0,2125939.0,916838.0,0.0,160829.0,0.0,124797.0,20114.0,0.0,0.0,nan,0.0,0.0,nan,1564712.0,375108.0,0.187188,30953.401444,297224.0,6134.0,0.016341,89012.192044,nan,nan,nan,nan,nan,nan,nan,nan,nan,nan,nan,nan,nan,nan,nan,nan,nan,nan,nan,nan,nan,nan,nan,1001767.0,81.316358,111.587873,35809.0,2.0,1726.0,2005070.0
simple_triad_ampm_ls16_l1d_ddr4_1x,simple_triad,ampm,stage1,ls16,l1d,ddr4_1x,0.002586,2586030048.0,3509953.0,4011161.0,7765857.0,0.451975,1975468.0,2003816.0,375421.0,375431.0,115665070149.0,58550.718184,35968441739.0,95808.283871,526505.0,2910.0,5.0,0.005527,0.270145,159203.0,1280.0,157923.0,0.0,7399800.0,5989478.0,0.0,326837.0,0.0,286243.0,2066.0,nan,nan,nan,nan,nan,nan,nan,nan,nan,nan,nan,nan,nan,nan,nan,nan,0.0,0.0,nan,0.0,0.0,nan,1967606.0,7862.0,0.003924,129624.718519,nan,375421.0,0.999973,95475.284758,10.67,58.24,0.0,0.0,9291053682.29658,3163632227.0606503,9291028934.0,3163632227.0,12454661161.0,19207.0,9291.053682,3163.780717,50185.71,3332.0,67677.71,23507328.0,9090121755.615425,367302.0,66984.89,nan,nan,nan,nan,1001740.0,178.224914,152.610006,158571.0,2.0,1866.0,2004909.0
simple_triad_ampm_ls16_l1d_ddr4_2x,simple_triad,ampm,stage1,ls16,l1d,ddr4_2x,0.001918,1917569844.0,3510133.0,4011378.0,5758468.0,0.609563,1851094.0,2003880.0,375429.0,375439.0,75425513315.0,40746.452268,26310239247.0,70080.465939,571508.0,24272.0,11.0,0.04247,0.71229,206141.0,33540.0,172601.0,0.0,8927421.0,7376142.0,0.0,316196.0,0.0,438358.0,4850.0,nan,nan,nan,nan,nan,nan,nan,nan,nan,nan,nan,nan,nan,nan,nan,nan,2009.0,34.0,59.088235,0.0,0.0,nan,1841290.0,9804.0,0.004893,77602.688188,nan,375429.0,0.999973,69747.465052,nan,nan,nan,nan,nan,nan,nan,nan,nan,nan,nan,nan,nan,nan,nan,nan,nan,nan,nan,nan,nan,nan,nan,1001767.0,106.969323,119.557916,51092.0,2.0,1797.0,2004978.0
simple_triad_ampm_ls16_l2_ddr4_1x,simple_triad,ampm,stage1,ls16,l2,ddr4_1x,0.002458,2458101771.0,3509929.0,4011137.0,7381688.0,0.475494,1974181.0,2003844.0,352115.0,375375.0,106865084277.0,54131.350812,21756283605.0,61787.437641,nan,nan,nan,nan,nan,nan,nan,nan,nan,nan,nan,nan,nan,nan,nan,nan,1008441.0,23250.0,7.0,0.023055,0.79238,638998.0,12398.0,626600.0,0.0,1400473.0,312052.0,0.0,77840.0,0.0,56407.0,2052.0,0.0,0.0,nan,0.0,0.0,nan,1599075.0,375106.0,0.187193,58983.85076,346023.0,6092.0,0.016229,149602.217827,14.59,72.96,0.0,0.0,9777378741.410948,3329033849.022031,9777326669.0,3329033849.0,13106360518.0,19207.0,9777.378741,3329.137994,70053.55,3332.0,87545.55,nan,nan,nan,nan,23643840.0,9618739256.01594,369435.0,86970.81,1001739.0,151.029132,153.531643,129877.0,2.0,1865.0,2005003.0
simple_triad_ampm_ls16_l2_ddr4_2x,simple_triad,ampm,stage1,ls16,l2,ddr4_2x,0.001719,1718695917.0,3510061.0,4011304.0,5161249.0,0.680083,1936449.0,2003902.0,297030.0,375375.0,58819299822.0,30374.825168,11097450441.0,37361.379123,nan,nan,nan,nan,nan,nan,nan,nan,nan,nan,nan,nan,nan,nan,nan,nan,1089487.0,78335.0,11.0,0.071901,0.927535,720064.0,126187.0,593877.0,0.0,2064908.0,815651.0,0.0,143538.0,0.0,117509.0,25383.0,0.0,0.0,nan,0.0,0.0,nan,1561341.0,375108.0,0.187189,31282.040844,290910.0,6120.0,0.016304,92937.361765,nan,nan,nan,nan,nan,nan,nan,nan,nan,nan,nan,nan,nan,nan,nan,nan,nan,nan,nan,nan,nan,nan,nan,1001760.0,80.724451,110.646473,35356.0,2.0,1810.0,2005041.0
simple_triad_ampm_ls2_l1d_ddr4_1x,simple_triad,ampm,stage1,ls2,l1d,ddr4_1x,0.002602,2601596133.0,3509906.0,4011114.0,7812602.0,0.449264,1980131.0,2003802.0,375393.0,375403.0,119502097281.0,60350.601693,35332349080.0,94120.958782,1075007.0,2744.0,5.0,0.002553,0.315475,705823.0,58.0,705765.0,0.0,3851957.0,2109217.0,0.0,188719.0,0.0,87443.0,782.0,nan,nan,nan,nan,nan,nan,nan,nan,nan,nan,nan,nan,nan,nan,nan,nan,0.0,0.0,nan,0.0,0.0,nan,1974177.0,5954.0,0.002971,121171.843131,nan,375393.0,0.999973,93787.959669,10.49,58.16,0.0,0.0,9234773874.104616,3144260516.165212,9234749274.0,3144260516.0,12379009790.0,19207.0,9234.773874,3144.457318,48505.0,3332.0,65997.0,23627776.0,9082030719.638988,369184.0,65589.74,nan,nan,nan,nan,1001734.0,182.085669,149.222553,155633.0,2.0,1865.0,2004890.0
simple_triad_ampm_ls2_l1d_ddr4_2x,simple_triad,ampm,stage1,ls2,l1d,ddr4_2x,0.002043,2043417870.0,3510085.0,4011329.0,6136390.0,0.572014,1934828.0,2003889.0,375394.0,375404.0,84574956717.0,43711.873467,26006314406.0,69277.384311,1316393.0,11498.0,6.0,0.008734,0.655867,947288.0,38452.0,908836.0,0.0,3802177.0,1757478.0,0.0,150981.0,0.0,90103.0,516.0,nan,nan,nan,nan,nan,nan,nan,nan,nan,nan,nan,nan,nan,nan,nan,nan,0.0,0.0,nan,0.0,0.0,nan,1928795.0,6033.0,0.003011,84989.183988,nan,375394.0,0.999973,68944.385198,nan,nan,nan,nan,nan,nan,nan,nan,nan,nan,nan,nan,nan,nan,nan,nan,nan,nan,nan,nan,nan,nan,nan,1001760.0,125.051986,125.474345,71971.0,2.0,1792.0,2004991.0
simple_triad_ampm_ls2_l2_ddr4_1x,simple_triad,ampm,stage1,ls2,l2,ddr4_1x,0.002649,2649020328.0,3509885.0,4011092.0,7955017.0,0.441219,1989028.0,2003815.0,362567.0,375372.0,121311049518.0,60990.116538,25076472759.0,69163.693218,nan,nan,nan,nan,nan,nan,nan,nan,nan,nan,nan,nan,nan,nan,nan,nan,729055.0,12795.0,7.0,0.01755,0.677199,359697.0,3196.0,356501.0,0.0,729060.0,0.0,0.0,3.0,0.0,17471.0,890.0,0.0,0.0,nan,0.0,0.0,nan,1613922.0,375106.0,0.187196,67709.730716,356468.0,6099.0,0.016248,83836.722086,13.67,60.56,0.0,0.0,9070945868.558846,3088429301.0227137,9070897549.0,3088429301.0,12159326850.0,19207.0,9070.945869,3088.59842,63064.04,3332.0,80556.04,nan,nan,nan,nan,23638720.0,8923570631.051798,369355.0,80951.7,1001734.0,177.232533,160.403891,158958.0,2.0,1885.0,2004916.0
simple_triad_ampm_ls2_l2_ddr4_2x,simple_triad,ampm,stage1,ls2,l2,ddr4_2x,0.001957,1956677697.0,3510089.0,4011333.0,5875909.0,0.597373,1987468.0,2003905.0,366150.0,375376.0,79601587731.0,40051.758182,15849199935.0,43286.08476,nan,nan,nan,nan,nan,nan,nan,nan,nan,nan,nan,nan,nan,nan,nan,nan,732747.0,9216.0,10.0,0.012577,0.601763,363384.0,6642.0,356742.0,0.0,732751.0,0.0,0.0,2.0,0.0,17586.0,276.0,0.0,0.0,nan,0.0,0.0,nan,1612360.0,375108.0,0.187189,43125.288805,360051.0,6099.0,0.016248,77666.530743,nan,nan,nan,nan,nan,nan,nan,nan,nan,nan,nan,nan,nan,nan,nan,nan,nan,nan,nan,nan,nan,nan,nan,1001762.0,114.766532,123.163748,60365.0,2.0,1741.0,2005038.0
simple_triad_ampm_ls32_l1d_ddr4_1x,simple_triad,ampm,stage1,ls32,l1d,ddr4_1x,0.002621,2620584126.0,3509929.0,4011137.0,7869623.0,0.446012,1935180.0,2003807.0,375426.0,375436.0,120642080157.0,62341.529035,36286037845.0,96652.969813,547908.0,8709.0,5.0,0.015895,0.527371,180545.0,1348.0,179197.0,0.0,7270140.0,5869281.0,0.0,315030.0,0.0,301039.0,83.0,nan,nan,nan,nan,nan,nan,nan,nan,nan,nan,nan,nan,nan,nan,nan,nan,0.0,0.0,nan,0.0,0.0,nan,1927375.0,7805.0,0.003895,73559.636003,nan,375426.0,0.999973,96319.9707,10.65,58.55,0.0,0.0,9168667306.504168,3121942134.5147843,9168642884.0,3121942135.0,12290585019.0,19207.0,9168.667307,3121.917712,51029.3,3332.0,68521.3,23511232.0,8971752429.824495,367363.0,69043.43,nan,nan,nan,nan,1001739.0,180.683978,157.89255,160080.0,2.0,1852.0,2004892.0
simple_triad_ampm_ls32_l1d_ddr4_2x,simple_triad,ampm,stage1,ls32,l1d,ddr4_2x,0.001936,1936383345.0,3510129.0,4011373.0,5814965.0,0.60364,1795632.0,2003881.0,375437.0,375447.0,73548026685.0,40959.409659,26578920285.0,70794.621428,615209.0,34809.0,9.0,0.056581,0.798756,248799.0,46209.0,202590.0,0.0,8643896.0,7067267.0,0.0,305208.0,0.0,415136.0,9790.0,nan,nan,nan,nan,nan,nan,nan,nan,nan,nan,nan,nan,nan,nan,nan,nan,407.0,20.0,20.35,0.0,0.0,nan,1786862.0,8770.0,0.004377,79189.56431,nan,375437.0,0.999973,70461.622315,nan,nan,nan,nan,nan,nan,nan,nan,nan,nan,nan,nan,nan,nan,nan,nan,nan,nan,nan,nan,nan,nan,nan,1001766.0,103.384196,121.281431,57370.0,2.0,1793.0,2004982.0
simple_triad_ampm_ls32_l2_ddr4_1x,simple_triad,ampm,stage1,ls32,l2,ddr4_1x,0.002443,2443211343.0,3509929.0,4011137.0,7336972.0,0.478392,1973422.0,2003835.0,352069.0,375377.0,105004726830.0,53209.463982,21466079766.0,60971.229407,nan,nan,nan,nan,nan,nan,nan,nan,nan,nan,nan,nan,nan,nan,nan,nan,1014392.0,23298.0,6.0,0.022967,0.792746,644915.0,12285.0,632630.0,0.0,1414971.0,319316.0,0.0,79131.0,0.0,57170.0,2015.0,0.0,0.0,nan,0.0,0.0,nan,1598316.0,375106.0,0.187194,58209.018051,345978.0,6091.0,0.016226,148928.46856,14.61,72.24,0.0,0.0,9837701543.447687,3349584972.846125,9837649153.0,3349584973.0,13187234126.0,19207.0,9837.701543,3349.663558,69692.08,3332.0,87184.08,nan,nan,nan,nan,23645696.0,9678121406.789818,369464.0,86614.6,1001739.0,150.260789,153.133331,129721.0,2.0,1911.0,2004989.0
simple_triad_ampm_ls32_l2_ddr4_2x,simple_triad,ampm,stage1,ls32,l2,ddr4_2x,0.001648,1647546471.0,3510133.0,4011378.0,4947587.0,0.709467,1934836.0,2003905.0,305392.0,375376.0,58115154339.0,30036.217198,10957581783.0,35880.382535,nan,nan,nan,nan,nan,nan,nan,nan,nan,nan,nan,nan,nan,nan,nan,nan,957698.0,69974.0,11.0,0.073065,0.919573,588253.0,91169.0,497084.0,0.0,2207272.0,1051398.0,0.0,179689.0,0.0,135066.0,22231.0,0.0,0.0,nan,0.0,0.0,nan,1559728.0,375108.0,0.187189,30810.273977,299272.0,6120.0,0.016304,77575.070588,nan,nan,nan,nan,nan,nan,nan,nan,nan,nan,nan,nan,nan,nan,nan,nan,nan,nan,nan,nan,nan,nan,nan,1001767.0,78.818255,106.305561,24596.0,2.0,1737.0,2005054.0
simple_triad_ampm_ls4_l1d_ddr4_1x,simple_triad,ampm,stage1,ls4,l1d,ddr4_1x,0.00259,2589812595.0,3509925.0,4011132.0,7777216.0,0.451311,1975403.0,2003810.0,375410.0,375420.0,115827287103.0,58634.763187,36037166485.0,95994.157015,513480.0,2892.0,5.0,0.005632,0.267803,146233.0,1277.0,144956.0,0.0,7453790.0,6050893.0,0.0,330000.0,0.0,288392.0,2139.0,nan,nan,nan,nan,nan,nan,nan,nan,nan,nan,nan,nan,nan,nan,nan,nan,0.0,0.0,nan,0.0,0.0,nan,1967496.0,7907.0,0.003946,131243.567092,nan,375410.0,0.999973,95661.157902,10.68,58.25,0.0,0.0,9277211813.081015,3158863315.3589244,9277187101.0,3158863315.0,12436050416.0,19207.0,9277.211813,3159.085725,50371.98,3332.0,67863.98,23503808.0,9075486019.86778,367247.0,67136.61,nan,nan,nan,nan,1001738.0,178.466438,153.612622,158531.0,2.0,1865.0,2004892.0
simple_triad_ampm_ls4_l1d_ddr4_2x,simple_triad,ampm,stage1,ls4,l1d,ddr4_2x,0.001948,1947857526.0,3510110.0,4011354.0,5849422.0,0.600081,1810450.0,2003882.0,375413.0,375423.0,74302902054.0,41041.123507,26216868258.0,69834.737364,821494.0,32250.0,7.0,0.039258,0.831786,452861.0,110949.0,341912.0,0.0,7056850.0,5314665.0,0.0,269372.0,0.0,255478.0,13815.0,nan,nan,nan,nan,nan,nan,nan,nan,nan,nan,nan,nan,nan,nan,nan,nan,50.0,2.0,25.0,0.0,0.0,nan,1803928.0,6522.0,0.003255,65976.327047,nan,375413.0,0.999973,69501.738251,nan,nan,nan,nan,nan,nan,nan,nan,nan,nan,nan,nan,nan,nan,nan,nan,nan,nan,nan,nan,nan,nan,nan,1001765.0,106.887793,122.275598,57284.0,2.0,1793.0,2004964.0
simple_triad_ampm_ls4_l2_ddr4_1x,simple_triad,ampm,stage1,ls4,l2,ddr4_1x,0.002448,2447609607.0,3509953.0,4011161.0,7350180.0,0.477535,1973517.0,2003844.0,352122.0,375376.0,105424139664.0,53419.423123,21556951803.0,61220.122012,nan,nan,nan,nan,nan,nan,nan,nan,nan,nan,nan,nan,nan,nan,nan,nan,1011584.0,23244.0,6.0,0.022978,0.792175,642194.0,12113.0,630081.0,0.0,1402771.0,311591.0,0.0,77445.0,0.0,56488.0,2089.0,0.0,0.0,nan,0.0,0.0,nan,1598411.0,375106.0,0.187193,58455.6232,346024.0,6098.0,0.016245,148368.75615,14.56,72.12,0.0,0.0,9818167052.160946,3342990637.3136735,9818114756.0,3342990637.0,13161105394.0,19207.0,9818.167052,3342.964489,69553.96,3332.0,87045.96,nan,nan,nan,nan,23640704.0,9658690639.385122,369386.0,86482.67,1001740.0,151.258027,154.710271,131012.0,2.0,1920.0,2005007.0
simple_triad_ampm_ls4_l2_ddr4_2x,simple_triad,ampm,stage1,ls4,l2,ddr4_2x,0.001771,1771106787.0,3510110.0,4011354.0,5318639.0,0.659967,1952559.0,2003887.0,322108.0,375377.0,64206210186.0,32883.108877,12389842422.0,38464.870236,nan,nan,nan,nan,nan,nan,nan,nan,nan,nan,nan,nan,nan,nan,nan,nan,1217976.0,53259.0,10.0,0.043727,0.897266,848582.0,82293.0,766289.0,0.0,1429915.0,158882.0,0.0,48660.0,0.0,57807.0,5999.0,0.0,0.0,nan,0.0,0.0,nan,1577452.0,375107.0,0.18719,34433.608144,316010.0,6098.0,0.016245,88447.213677,nan,nan,nan,nan,nan,nan,nan,nan,nan,nan,nan,nan,nan,nan,nan,nan,nan,nan,nan,nan,nan,nan,nan,1001765.0,89.097181,116.964355,43830.0,2.0,1781.0,2005010.0
simple_triad_ampm_ls64_l1d_ddr4_1x,simple_triad,ampm,stage1,ls64,l1d,ddr4_1x,0.002621,2620584126.0,3509929.0,4011137.0,7869623.0,0.446012,1935180.0,2003807.0,375426.0,375436.0,120642080157.0,62341.529035,36286037845.0,96652.969813,547909.0,8709.0,5.0,0.015895,0.527371,180546.0,1349.0,179197.0,0.0,7270141.0,5869281.0,0.0,315030.0,0.0,301040.0,83.0,nan,nan,nan,nan,nan,nan,nan,nan,nan,nan,nan,nan,nan,nan,nan,nan,0.0,0.0,nan,0.0,0.0,nan,1927375.0,7805.0,0.003895,73559.636003,nan,375426.0,0.999973,96319.9707,10.65,58.55,0.0,0.0,9168667306.504168,3121942134.5147843,9168642884.0,3121942135.0,12290585019.0,19207.0,9168.667307,3121.917712,51029.3,3332.0,68521.3,23511232.0,8971752429.824495,367363.0,69043.43,nan,nan,nan,nan,1001739.0,180.683978,157.89255,160080.0,2.0,1852.0,2004892.0
simple_triad_ampm_ls8_l1d_ddr4_1x,simple_triad,ampm,stage1,ls8,l1d,ddr4_1x,0.002628,2627811891.0,3509929.0,4011137.0,7891328.0,0.444785,1958579.0,2003808.0,375414.0,375424.0,120540082923.0,61544.662188,36389385311.0,96931.34862,496798.0,4818.0,5.0,0.009698,0.379909,129505.0,469.0,129036.0,0.0,7362202.0,5999432.0,0.0,331068.0,0.0,302058.0,49.0,nan,nan,nan,nan,nan,nan,nan,nan,nan,nan,nan,nan,nan,nan,nan,nan,0.0,0.0,nan,0.0,0.0,nan,1950715.0,7864.0,0.003925,107486.929044,nan,375414.0,0.999973,96598.349507,10.6,60.98,0.0,0.0,9143156738.992014,3113233495.90551,9143132384.0,3113233496.0,12256365880.0,19207.0,9143.156739,3113.379625,51310.01,3332.0,68802.01,23506752.0,8945370892.227232,367293.0,68605.1,nan,nan,nan,nan,1001739.0,183.607196,160.261748,186014.0,2.0,1868.0,2004895.0
simple_triad_ampm_ls8_l1d_ddr4_2x,simple_triad,ampm,stage1,ls8,l1d,ddr4_2x,0.001925,1924829244.0,3510080.0,4011323.0,5780268.0,0.607255,1796862.0,2003872.0,375421.0,375431.0,73065414114.0,40662.785519,26543386189.0,70702.987284,605972.0,35792.0,9.0,0.059065,0.789239,240367.0,47766.0,192601.0,0.0,8559272.0,6988149.0,0.0,306417.0,0.0,456671.0,349.0,nan,nan,nan,nan,nan,nan,nan,nan,nan,nan,nan,nan,nan,nan,nan,nan,1227.0,7.0,175.285714,0.0,0.0,nan,1787304.0,9558.0,0.00477,87931.998117,nan,375421.0,0.999973,70369.988171,nan,nan,nan,nan,nan,nan,nan,nan,nan,nan,nan,nan,nan,nan,nan,nan,nan,nan,nan,nan,nan,nan,nan,1001763.0,101.553941,118.825285,53712.0,2.0,1873.0,2004974.0
simple_triad_ampm_ls8_l2_ddr4_1x,simple_triad,ampm,stage1,ls8,l2,ddr4_1x,0.002441,2441444445.0,3509913.0,4011121.0,7331666.0,0.478736,1974611.0,2003829.0,352322.0,375373.0,106626111156.0,53998.540045,21637341666.0,61413.541209,nan,nan,nan,nan,nan,nan,nan,nan,nan,nan,nan,nan,nan,nan,nan,nan,1004800.0,23041.0,7.0,0.022931,0.790863,635391.0,11800.0,623591.0,0.0,1401312.0,315507.0,0.0,78946.0,0.0,56408.0,2690.0,0.0,0.0,nan,0.0,0.0,nan,1599505.0,375106.0,0.187195,58665.700138,346229.0,6093.0,0.016232,148012.679468,14.55,73.59,0.0,0.0,9843300775.987963,3351563463.4889264,9843248348.0,3351563463.0,13194811811.0,19207.0,9843.300776,3351.642105,69266.07,3332.0,86758.07,nan,nan,nan,nan,23641856.0,9683552721.593876,369404.0,86196.37,1001736.0,149.953244,151.895699,128247.0,2.0,1920.0,2004977.0
simple_triad_ampm_ls8_l2_ddr4_2x,simple_triad,ampm,stage1,ls8,l2,ddr4_2x,0.001689,1688754555.0,3510082.0,4011325.0,5071335.0,0.692145,1934748.0,2003891.0,300354.0,375375.0,58651103520.0,30314.595761,11056660605.0,36812.097075,nan,nan,nan,nan,nan,nan,nan,nan,nan,nan,nan,nan,nan,nan,nan,nan,1029933.0,75011.0,11.0,0.072831,0.924384,660558.0,108000.0,552558.0,0.0,2124319.0,915904.0,0.0,160667.0,0.0,124521.0,23297.0,0.0,0.0,nan,0.0,0.0,nan,1559640.0,375108.0,0.18719,31124.504399,294218.0,6136.0,0.016346,84073.491199,nan,nan,nan,nan,nan,nan,nan,nan,nan,nan,nan,nan,nan,nan,nan,nan,nan,nan,nan,nan,nan,nan,nan,1001763.0,79.749769,109.155348,30357.0,2.0,1800.0,2005026.0
simple_triad_ampm_sd16_l1d_ddr4_1x,simple_triad,ampm,stage1,sd16,l1d,ddr4_1x,0.002562,2562290811.0,3509934.0,4011142.0,7694568.0,0.45616,1955822.0,2003798.0,375420.0,375430.0,120390374448.0,61554.872809,35502338297.0,94566.9871,506538.0,4801.0,5.0,0.009478,0.380398,139195.0,85.0,139110.0,0.0,7354327.0,6014822.0,0.0,329904.0,0.0,302536.0,5.0,nan,nan,nan,nan,nan,nan,nan,nan,nan,nan,nan,nan,nan,nan,nan,nan,0.0,0.0,nan,0.0,0.0,nan,1948002.0,7820.0,0.003903,86668.785806,nan,375420.0,0.999973,94233.987987,10.55,59.66,0.0,0.0,9377108912.404402,3192917823.7216105,9377083935.0,3192917824.0,12570001758.0,19207.0,9377.108912,3192.817913,48937.75,3332.0,66429.75,23509952.0,9175364443.048773,367343.0,66628.79,nan,nan,nan,nan,1001739.0,177.752427,146.913942,164980.0,2.0,1735.0,2004875.0
simple_triad_ampm_sd16_l1d_ddr4_2x,simple_triad,ampm,stage1,sd16,l1d,ddr4_2x,0.001924,1923806268.0,3510110.0,4011355.0,5777196.0,0.607583,1819545.0,2003872.0,375424.0,375434.0,72468961826.0,39828.06791,26427821714.0,70394.598411,607162.0,31004.0,9.0,0.051064,0.768358,241341.0,49582.0,191759.0,0.0,8795934.0,7206411.0,0.0,312820.0,0.0,459945.0,3232.0,nan,nan,nan,nan,nan,nan,nan,nan,nan,nan,nan,nan,nan,nan,nan,nan,4848.0,23.0,210.782609,0.0,0.0,nan,1810198.0,9347.0,0.004664,89678.642131,nan,375424.0,0.999973,70061.597524,nan,nan,nan,nan,nan,nan,nan,nan,nan,nan,nan,nan,nan,nan,nan,nan,nan,nan,nan,nan,nan,nan,nan,1001762.0,107.848085,125.077641,61515.0,2.0,1873.0,2004963.0
simple_triad_ampm_sd16_l2_ddr4_1x,simple_triad,ampm,stage1,sd16,l2,ddr4_1x,0.002432,2431939959.0,3509941.0,4011149.0,7303124.0,0.480611,1973128.0,2003816.0,352110.0,375375.0,103712011506.0,52562.231901,21275947755.0,60424.150848,nan,nan,nan,nan,nan,nan,nan,nan,nan,nan,nan,nan,nan,nan,nan,nan,1020962.0,23255.0,6.0,0.022778,0.792361,651523.0,12294.0,639229.0,0.0,1407633.0,307976.0,0.0,76509.0,0.0,56566.0,1757.0,0.0,0.0,nan,0.0,0.0,nan,1598022.0,375106.0,0.187196,57702.500395,346016.0,6094.0,0.016234,149089.028881,14.6,71.33,0.0,0.0,9882507136.353197,3364872545.358757,9882454503.0,3364872545.0,13247327049.0,19207.0,9882.507136,3365.083077,69170.0,3332.0,86662.0,nan,nan,nan,nan,23643584.0,9722108439.602312,369431.0,86080.93,1001741.0,150.267354,152.650981,128767.0,2.0,1886.0,2004946.0
simple_triad_ampm_sd16_l2_ddr4_2x,simple_triad,ampm,stage1,sd16,l2,ddr4_2x,0.001684,1684027287.0,3510066.0,4011309.0,5057139.0,0.694085,1939634.0,2003894.0,303505.0,375374.0,57844907190.0,29822.588793,11031658632.0,36347.535072,nan,nan,nan,nan,nan,nan,nan,nan,nan,nan,nan,nan,nan,nan,nan,nan,1032917.0,71859.0,11.0,0.069569,0.921198,663527.0,106684.0,556843.0,0.0,2120588.0,910715.0,0.0,159624.0,0.0,124202.0,18919.0,0.0,0.0,nan,0.0,0.0,nan,1564526.0,375108.0,0.18719,31032.165672,297358.0,6147.0,0.016376,84243.040996,nan,nan,nan,nan,nan,nan,nan,nan,nan,nan,nan,nan,nan,nan,nan,nan,nan,nan,nan,nan,nan,nan,nan,1001760.0,81.476689,111.631964,35722.0,2.0,1800.0,2005034.0
simple_triad_ampm_sd1_l1d_ddr4_1x,simple_triad,ampm,stage1,sd1,l1d,ddr4_1x,0.002581,2581246503.0,3509939.0,4011148.0,7751492.0,0.452811,1974884.0,2003805.0,375420.0,375430.0,115244008299.0,58354.82403,35894892285.0,95612.626618,524286.0,3020.0,5.0,0.00576,0.277166,156998.0,1297.0,155701.0,0.0,7407017.0,5998585.0,0.0,327357.0,0.0,286981.0,2030.0,nan,nan,nan,nan,nan,nan,nan,nan,nan,nan,nan,nan,nan,nan,nan,nan,0.0,0.0,nan,0.0,0.0,nan,1967008.0,7876.0,0.003931,128453.52387,nan,375420.0,0.999973,95279.627505,10.66,58.26,0.0,0.0,9308246993.10014,3169495044.542052,9308222199.0,3169495045.0,12477717243.0,19207.0,9308.246993,3169.693398,49988.25,3332.0,67480.25,23506432.0,9106620376.116787,367288.0,66806.39,nan,nan,nan,nan,1001736.0,178.055319,151.422178,158551.0,2.0,1866.0,2004873.0
simple_triad_ampm_sd1_l1d_ddr4_2x,simple_triad,ampm,stage1,sd1,l1d,ddr4_2x,0.001927,1926773631.0,3510133.0,4011378.0,5786107.0,0.606652,1828823.0,2003880.0,375427.0,375437.0,73901554802.0,40409.353339,26509979685.0,70612.874633,606708.0,28260.0,9.0,0.046579,0.748312,241044.0,43241.0,197803.0,0.0,8730917.0,7147265.0,0.0,311828.0,0.0,448112.0,4042.0,nan,nan,nan,nan,nan,nan,nan,nan,nan,nan,nan,nan,nan,nan,nan,nan,1381.0,11.0,125.545455,0.0,0.0,nan,1819318.0,9505.0,0.004743,70913.339716,nan,375427.0,0.999973,70279.87552,nan,nan,nan,nan,nan,nan,nan,nan,nan,nan,nan,nan,nan,nan,nan,nan,nan,nan,nan,nan,nan,nan,nan,1001767.0,107.918456,123.292354,57186.0,2.0,1864.0,2004976.0
simple_triad_ampm_sd1_l2_ddr4_1x,simple_triad,ampm,stage1,sd1,l2,ddr4_1x,0.002454,2453997879.0,3509934.0,4011143.0,7369364.0,0.47629,1973768.0,2003833.0,352138.0,375373.0,105289522749.0,53344.426877,21601605438.0,61344.147573,nan,nan,nan,nan,nan,nan,nan,nan,nan,nan,nan,nan,nan,nan,nan,nan,1011433.0,23225.0,7.0,0.022962,0.792229,641996.0,11824.0,630172.0,0.0,1407552.0,315792.0,0.0,78226.0,0.0,56755.0,2206.0,0.0,0.0,nan,0.0,0.0,nan,1598662.0,375106.0,0.187194,58573.544683,346047.0,6091.0,0.016227,148589.673453,14.59,72.37,0.0,0.0,9793547176.900393,3334548929.331002,9793495017.0,3334548929.0,13128043946.0,19207.0,9793.547177,3334.34029,69957.21,3332.0,87449.21,nan,nan,nan,nan,23643456.0,9634668473.973852,369429.0,86889.58,1001736.0,152.546268,157.201289,137490.0,2.0,1926.0,2004977.0
simple_triad_ampm_sd1_l2_ddr4_2x,simple_triad,ampm,stage1,sd1,l2,ddr4_2x,0.001694,1693527444.0,3510147.0,4011393.0,5085668.0,0.690207,1934596.0,2003910.0,299552.0,375374.0,58698041535.0,30341.239998,11116585287.0,37110.70294,nan,nan,nan,nan,nan,nan,nan,nan,nan,nan,nan,nan,nan,nan,nan,nan,1063645.0,75812.0,11.0,0.071276,0.924661,694282.0,116289.0,577993.0,0.0,2073929.0,839849.0,0.0,150832.0,0.0,118570.0,23237.0,0.0,0.0,nan,0.0,0.0,nan,1559489.0,375107.0,0.187188,31302.281416,293375.0,6177.0,0.016456,81396.909179,nan,nan,nan,nan,nan,nan,nan,nan,nan,nan,nan,nan,nan,nan,nan,nan,nan,nan,nan,nan,nan,nan,nan,1001768.0,80.4812,112.108922,33063.0,2.0,1800.0,2005070.0
simple_triad_ampm_sd2_l1d_ddr4_1x,simple_triad,ampm,stage1,sd2,l1d,ddr4_1x,0.002583,2583195552.0,3509934.0,4011143.0,7757345.0,0.452468,1975228.0,2003808.0,375420.0,375430.0,115397162991.0,58422.19885,35929404366.0,95704.555873,522977.0,2956.0,5.0,0.005652,0.273046,155683.0,1283.0,154400.0,0.0,7415905.0,6008187.0,0.0,327844.0,0.0,287245.0,2048.0,nan,nan,nan,nan,nan,nan,nan,nan,nan,nan,nan,nan,nan,nan,nan,nan,0.0,0.0,nan,0.0,0.0,nan,1967358.0,7870.0,0.003928,128878.023888,nan,375420.0,0.999973,95371.55676,10.66,58.23,0.0,0.0,9301223820.007568,3167054075.1999564,9301199044.0,3167054075.0,12468253120.0,19207.0,9301.22382,3167.153177,50080.04,3332.0,67572.04,23506816.0,9099897985.578445,367294.0,66890.27,nan,nan,nan,nan,1001736.0,178.147056,151.94607,158579.0,2.0,1866.0,2004899.0
simple_triad_ampm_sd2_l1d_ddr4_2x,simple_triad,ampm,stage1,sd2,l1d,ddr4_2x,0.001905,1904922171.0,3510112.0,4011356.0,5720487.0,0.613607,1869578.0,2003872.0,375427.0,375437.0,76765903904.0,41060.551581,26188177962.0,69755.712727,543520.0,20991.0,9.0,0.03862,0.669633,178707.0,26475.0,152232.0,0.0,9115522.0,7587156.0,0.0,316510.0,0.0,459842.0,3461.0,nan,nan,nan,nan,nan,nan,nan,nan,nan,nan,nan,nan,nan,nan,nan,nan,884.0,51.0,17.333333,0.0,0.0,nan,1859222.0,10356.0,0.005168,71299.846756,nan,375427.0,0.999973,69422.713614,nan,nan,nan,nan,nan,nan,nan,nan,nan,nan,nan,nan,nan,nan,nan,nan,nan,nan,nan,nan,nan,nan,nan,1001767.0,109.867207,123.887076,56854.0,2.0,1782.0,2004966.0
simple_triad_ampm_sd2_l2_ddr4_1x,simple_triad,ampm,stage1,sd2,l2,ddr4_1x,0.002461,2460916287.0,3509888.0,4011095.0,7390140.0,0.474944,1973066.0,2003815.0,351944.0,375373.0,104703210648.0,53066.248492,21584065995.0,61328.126051,nan,nan,nan,nan,nan,nan,nan,nan,nan,nan,nan,nan,nan,nan,nan,nan,1012584.0,23419.0,7.0,0.023128,0.793595,643147.0,12585.0,630562.0,0.0,1408100.0,315912.0,0.0,77445.0,0.0,56782.0,1590.0,0.0,0.0,nan,0.0,0.0,nan,1597960.0,375106.0,0.187196,58527.21306,345853.0,6091.0,0.016227,149895.486127,14.63,70.88,0.0,0.0,9766014442.245836,3325174465.798478,9765962429.0,3325174466.0,13091136895.0,19207.0,9766.014442,3325.226479,70374.4,3332.0,87866.4,nan,nan,nan,nan,23643456.0,9607582397.214634,369429.0,87292.13,1001734.0,153.234201,159.453315,138550.0,2.0,1920.0,2004951.0
simple_triad_ampm_sd2_l2_ddr4_2x,simple_triad,ampm,stage1,sd2,l2,ddr4_2x,0.001559,1558895544.0,3510091.0,4011334.0,4681368.0,0.749804,1960757.0,2003892.0,332654.0,375375.0,60811681446.0,31014.389568,11463042483.0,34459.355616,nan,nan,nan,nan,nan,nan,nan,nan,nan,nan,nan,nan,nan,nan,nan,nan,751494.0,42711.0,11.0,0.056835,0.874885,382058.0,52582.0,329476.0,0.0,2369081.0,1370179.0,0.0,236374.0,0.0,154916.0,441.0,0.0,0.0,nan,0.0,0.0,nan,1585649.0,375108.0,0.18719,31858.984996,326546.0,6108.0,0.016272,98369.6611,nan,nan,nan,nan,nan,nan,nan,nan,nan,nan,nan,nan,nan,nan,nan,nan,nan,nan,nan,nan,nan,nan,nan,1001762.0,79.320537,98.61885,20309.0,2.0,1657.0,2005027.0
simple_triad_ampm_sd32_l1d_ddr4_1x,simple_triad,ampm,stage1,sd32,l1d,ddr4_1x,0.002562,2562290811.0,3509934.0,4011142.0,7694568.0,0.45616,1955822.0,2003797.0,375420.0,375430.0,120390374448.0,61554.872809,35502338297.0,94566.9871,506538.0,4801.0,5.0,0.009478,0.380398,139195.0,85.0,139110.0,0.0,7354327.0,6014822.0,0.0,329904.0,0.0,302536.0,5.0,nan,nan,nan,nan,nan,nan,nan,nan,nan,nan,nan,nan,nan,nan,nan,nan,0.0,0.0,nan,0.0,0.0,nan,1948002.0,7820.0,0.003903,86668.785806,nan,375420.0,0.999973,94233.987987,10.55,59.66,0.0,0.0,9377108912.404402,3192917823.7216105,9377083935.0,3192917824.0,12570001758.0,19207.0,9377.108912,3192.817913,48937.75,3332.0,66429.75,23509952.0,9175364443.048773,367343.0,66628.79,nan,nan,nan,nan,1001739.0,177.752427,146.913942,164980.0,2.0,1735.0,2004878.0
simple_triad_ampm_sd32_l1d_ddr4_2x,simple_triad,ampm,stage1,sd32,l1d,ddr4_2x,0.001924,1923806268.0,3510110.0,4011355.0,5777196.0,0.607583,1819545.0,2003872.0,375424.0,375434.0,72468961826.0,39828.06791,26427821714.0,70394.598411,607162.0,31004.0,9.0,0.051064,0.768358,241341.0,49582.0,191759.0,0.0,8795934.0,7206411.0,0.0,312820.0,0.0,459945.0,3232.0,nan,nan,nan,nan,nan,nan,nan,nan,nan,nan,nan,nan,nan,nan,nan,nan,4848.0,23.0,210.782609,0.0,0.0,nan,1810198.0,9347.0,0.004664,89678.642131,nan,375424.0,0.999973,70061.597524,nan,nan,nan,nan,nan,nan,nan,nan,nan,nan,nan,nan,nan,nan,nan,nan,nan,nan,nan,nan,nan,nan,nan,1001762.0,107.848085,125.077641,61515.0,2.0,1873.0,2004963.0
simple_triad_ampm_sd32_l2_ddr4_1x,simple_triad,ampm,stage1,sd32,l2,ddr4_1x,0.002432,2431939959.0,3509941.0,4011149.0,7303124.0,0.480611,1973128.0,2003815.0,352110.0,375375.0,103712011506.0,52562.231901,21275947755.0,60424.150848,nan,nan,nan,nan,nan,nan,nan,nan,nan,nan,nan,nan,nan,nan,nan,nan,1020962.0,23255.0,6.0,0.022778,0.792361,651523.0,12294.0,639229.0,0.0,1407633.0,307976.0,0.0,76509.0,0.0,56566.0,1757.0,0.0,0.0,nan,0.0,0.0,nan,1598022.0,375106.0,0.187196,57702.500395,346016.0,6094.0,0.016234,149089.028881,14.6,71.33,0.0,0.0,9882507136.353197,3364872545.358757,9882454503.0,3364872545.0,13247327049.0,19207.0,9882.507136,3365.083077,69170.0,3332.0,86662.0,nan,nan,nan,nan,23643584.0,9722108439.602312,369431.0,86080.93,1001741.0,150.267354,152.650981,128767.0,2.0,1886.0,2004949.0
simple_triad_ampm_sd32_l2_ddr4_2x,simple_triad,ampm,stage1,sd32,l2,ddr4_2x,0.001684,1684027287.0,3510066.0,4011309.0,5057139.0,0.694085,1939634.0,2003894.0,303505.0,375374.0,57844907190.0,29822.588793,11031658632.0,36347.535072,nan,nan,nan,nan,nan,nan,nan,nan,nan,nan,nan,nan,nan,nan,nan,nan,1032917.0,71859.0,11.0,0.069569,0.921198,663527.0,106684.0,556843.0,0.0,2120588.0,910715.0,0.0,159624.0,0.0,124202.0,18919.0,0.0,0.0,nan,0.0,0.0,nan,1564526.0,375108.0,0.18719,31032.165672,297358.0,6147.0,0.016376,84243.040996,nan,nan,nan,nan,nan,nan,nan,nan,nan,nan,nan,nan,nan,nan,nan,nan,nan,nan,nan,nan,nan,nan,nan,1001760.0,81.476689,111.631964,35722.0,2.0,1800.0,2005034.0
simple_triad_ampm_sd64_l1d_ddr4_1x,simple_triad,ampm,stage1,sd64,l1d,ddr4_1x,0.002562,2562290811.0,3509934.0,4011142.0,7694568.0,0.45616,1955822.0,2003798.0,375420.0,375430.0,120390374448.0,61554.872809,35502338297.0,94566.9871,506538.0,4801.0,5.0,0.009478,0.380398,139195.0,85.0,139110.0,0.0,7354327.0,6014822.0,0.0,329904.0,0.0,302536.0,5.0,nan,nan,nan,nan,nan,nan,nan,nan,nan,nan,nan,nan,nan,nan,nan,nan,0.0,0.0,nan,0.0,0.0,nan,1948002.0,7820.0,0.003903,86668.785806,nan,375420.0,0.999973,94233.987987,10.55,59.66,0.0,0.0,9377108912.404402,3192917823.7216105,9377083935.0,3192917824.0,12570001758.0,19207.0,9377.108912,3192.817913,48937.75,3332.0,66429.75,23509952.0,9175364443.048773,367343.0,66628.79,nan,nan,nan,nan,1001739.0,177.752427,146.913942,164980.0,2.0,1735.0,2004875.0
simple_triad_ampm_sd64_l1d_ddr4_2x,simple_triad,ampm,stage1,sd64,l1d,ddr4_2x,0.001924,1923806268.0,3510110.0,4011355.0,5777196.0,0.607583,1819545.0,2003872.0,375424.0,375434.0,72468961826.0,39828.06791,26427821714.0,70394.598411,607162.0,31004.0,9.0,0.051064,0.768358,241341.0,49582.0,191759.0,0.0,8795934.0,7206411.0,0.0,312820.0,0.0,459945.0,3232.0,nan,nan,nan,nan,nan,nan,nan,nan,nan,nan,nan,nan,nan,nan,nan,nan,4848.0,23.0,210.782609,0.0,0.0,nan,1810198.0,9347.0,0.004664,89678.642131,nan,375424.0,0.999973,70061.597524,nan,nan,nan,nan,nan,nan,nan,nan,nan,nan,nan,nan,nan,nan,nan,nan,nan,nan,nan,nan,nan,nan,nan,1001762.0,107.848085,125.077641,61515.0,2.0,1873.0,2004963.0
simple_triad_ampm_sd64_l2_ddr4_1x,simple_triad,ampm,stage1,sd64,l2,ddr4_1x,0.002432,2431939959.0,3509941.0,4011149.0,7303124.0,0.480611,1973128.0,2003815.0,352110.0,375375.0,103712011506.0,52562.231901,21275947755.0,60424.150848,nan,nan,nan,nan,nan,nan,nan,nan,nan,nan,nan,nan,nan,nan,nan,nan,1020962.0,23255.0,6.0,0.022778,0.792361,651523.0,12294.0,639229.0,0.0,1407633.0,307976.0,0.0,76509.0,0.0,56566.0,1757.0,0.0,0.0,nan,0.0,0.0,nan,1598022.0,375106.0,0.187196,57702.500395,346016.0,6094.0,0.016234,149089.028881,14.6,71.33,0.0,0.0,9882507136.353197,3364872545.358757,9882454503.0,3364872545.0,13247327049.0,19207.0,9882.507136,3365.083077,69170.0,3332.0,86662.0,nan,nan,nan,nan,23643584.0,9722108439.602312,369431.0,86080.93,1001741.0,150.267354,152.650981,128767.0,2.0,1886.0,2004949.0
simple_triad_ampm_sd64_l2_ddr4_2x,simple_triad,ampm,stage1,sd64,l2,ddr4_2x,0.001684,1684027287.0,3510066.0,4011309.0,5057139.0,0.694085,1939634.0,2003894.0,303505.0,375374.0,57844907190.0,29822.588793,11031658632.0,36347.535072,nan,nan,nan,nan,nan,nan,nan,nan,nan,nan,nan,nan,nan,nan,nan,nan,1032917.0,71859.0,11.0,0.069569,0.921198,663527.0,106684.0,556843.0,0.0,2120588.0,910715.0,0.0,159624.0,0.0,124202.0,18919.0,0.0,0.0,nan,0.0,0.0,nan,1564526.0,375108.0,0.18719,31032.165672,297358.0,6147.0,0.016376,84243.040996,nan,nan,nan,nan,nan,nan,nan,nan,nan,nan,nan,nan,nan,nan,nan,nan,nan,nan,nan,nan,nan,nan,nan,1001760.0,81.476689,111.631964,35722.0,2.0,1800.0,2005034.0
simple_triad_ampm_sd8_l1d_ddr4_1x,simple_triad,ampm,stage1,sd8,l1d,ddr4_1x,0.002519,2518665813.0,3509962.0,4011171.0,7563562.0,0.464064,1974710.0,2003803.0,375421.0,375431.0,113191542486.0,57320.590105,34832202300.0,92781.709867,502758.0,2028.0,5.0,0.004034,0.2028,135566.0,230.0,135336.0,0.0,7434149.0,6077015.0,0.0,326209.0,0.0,284221.0,2616.0,nan,nan,nan,nan,nan,nan,nan,nan,nan,nan,nan,nan,nan,nan,nan,nan,0.0,0.0,nan,0.0,0.0,nan,1966738.0,7972.0,0.003978,135361.074762,nan,375421.0,0.999973,92448.710754,10.28,58.15,0.0,0.0,9539552201.004921,3248246733.5574226,9539526791.0,3248246734.0,12787773524.0,19207.0,9539.552201,3248.195913,47157.16,3332.0,64649.16,23500288.0,9330451018.433702,367192.0,63753.81,nan,nan,nan,nan,1001741.0,173.988578,161.554377,178610.0,2.0,1855.0,2004878.0
simple_triad_ampm_sd8_l1d_ddr4_2x,simple_triad,ampm,stage1,sd8,l1d,ddr4_2x,0.001932,1931553846.0,3510119.0,4011364.0,5800462.0,0.605148,1822996.0,2003889.0,375426.0,375436.0,74059398128.0,40625.101826,26467292964.0,70499.36063,583282.0,29048.0,8.0,0.049801,0.745126,218050.0,43006.0,175044.0,0.0,8849264.0,7292618.0,0.0,312204.0,0.0,448506.0,4251.0,nan,nan,nan,nan,nan,nan,nan,nan,nan,nan,nan,nan,nan,nan,nan,nan,2291.0,42.0,54.547619,0.0,0.0,nan,1813060.0,9936.0,0.004958,76466.298007,nan,375426.0,0.999973,70166.361517,nan,nan,nan,nan,nan,nan,nan,nan,nan,nan,nan,nan,nan,nan,nan,nan,nan,nan,nan,nan,nan,nan,nan,1001766.0,108.234734,125.103153,62513.0,2.0,1784.0,2004982.0
simple_triad_ampm_sd8_l2_ddr4_1x,simple_triad,ampm,stage1,sd8,l2,ddr4_1x,0.002443,2443256964.0,3509890.0,4011097.0,7337109.0,0.478378,1974122.0,2003824.0,352606.0,375375.0,105620039235.0,53502.285692,21564447300.0,61157.346443,nan,nan,nan,nan,nan,nan,nan,nan,nan,nan,nan,nan,nan,nan,nan,nan,1006896.0,22759.0,7.0,0.022603,0.788819,637454.0,11345.0,626109.0,0.0,1401456.0,314325.0,0.0,78211.0,0.0,56452.0,2345.0,0.0,0.0,nan,0.0,0.0,nan,1599016.0,375106.0,0.187195,58468.289603,346513.0,6093.0,0.016232,144960.097489,14.54,73.69,0.0,0.0,9836784404.63866,3349286677.813394,9836732016.0,3349286678.0,13186018693.0,19207.0,9836.784405,3349.365261,69245.68,3332.0,86737.68,nan,nan,nan,nan,23643776.0,9677154858.607822,369434.0,86225.98,1001734.0,151.213595,152.457473,132609.0,2.0,1920.0,2004963.0
simple_triad_ampm_sd8_l2_ddr4_2x,simple_triad,ampm,stage1,sd8,l2,ddr4_2x,0.001697,1696985316.0,3510147.0,4011393.0,5096052.0,0.688801,1937727.0,2003909.0,298838.0,375375.0,57440150352.0,29643.056195,10988982018.0,36772.371713,nan,nan,nan,nan,nan,nan,nan,nan,nan,nan,nan,nan,nan,nan,nan,nan,1095673.0,76527.0,11.0,0.069845,0.925637,726279.0,117898.0,608381.0,0.0,2065081.0,805118.0,0.0,145801.0,0.0,117498.0,19908.0,0.0,0.0,nan,0.0,0.0,nan,1562619.0,375108.0,0.187188,30972.558079,292690.0,6148.0,0.016378,83231.042615,nan,nan,nan,nan,nan,nan,nan,nan,nan,nan,nan,nan,nan,nan,nan,nan,nan,nan,nan,nan,nan,nan,nan,1001768.0,81.929579,113.452555,37510.0,2.0,1816.0,2005070.0
spmv_ampm_assoc16_l1d_ddr4_1x,spmv,ampm,stage1,assoc16,l1d,ddr4_1x,0.006407,6407292294.0,11279576.0,11329125.0,19241118.0,0.58747,1794233.0,4825791.0,681672.0,4301998.0,31394584989.0,17497.496138,58268170769.0,85478.310344,4030021.0,181585.0,2552799.0,0.045058,0.104274,1288045.0,1123419.0,161503.0,3123.0,10037988.0,2629220.0,0.0,43182.0,3231495.0,1297201.0,300004.0,nan,nan,nan,nan,nan,nan,nan,nan,nan,nan,nan,nan,nan,nan,nan,nan,689771.0,293779.0,2.347925,0.0,0.0,nan,234396.0,1559837.0,0.323229,16513.546464,nan,681672.0,0.158455,85145.310833,7.52,57.28,0.0,0.0,6808961726.446251,16641038.85191038,6808951738.0,16641039.0,6825592777.0,19207.0,6808.891806,16.151597,40076.0,3332.0,57568.0,30766976.0,4801868650.3207,480738.0,60413.42,nan,nan,nan,nan,4767008.0,22.706726,61.395377,35161.0,2.0,1722.0,4867002.0
spmv_ampm_assoc16_l1d_ddr4_2x,spmv,ampm,stage1,assoc16,l1d,ddr4_2x,0.006312,6312431916.0,11279581.0,11329130.0,18956252.0,0.596298,2320942.0,4826758.0,637818.0,3768725.0,50490660465.0,21754.382688,47221704206.0,74036.330436,3422306.0,134707.0,2028846.0,0.039361,0.080813,1185959.0,654149.0,530009.0,1801.0,7056438.0,1622072.0,0.0,31821.0,1886277.0,770696.0,164535.0,nan,nan,nan,nan,nan,nan,nan,nan,nan,nan,nan,nan,nan,nan,nan,nan,515922.0,242996.0,2.123171,0.0,0.0,nan,788748.0,1532194.0,0.317438,15670.457821,nan,637818.0,0.16924,73703.330958,nan,nan,nan,nan,nan,nan,nan,nan,nan,nan,nan,nan,nan,nan,nan,nan,nan,nan,nan,nan,nan,nan,nan,4767008.0,34.35029,69.387661,30193.0,2.0,1654.0,4865694.0
spmv_ampm_assoc16_l2_ddr4_1x,spmv,ampm,stage1,assoc16,l2,ddr4_1x,0.007316,7316426583.0,11279581.0,11329130.0,21971251.0,0.514471,2171543.0,4827799.0,274229.0,1687170.0,38226449619.0,17603.358358,23650517926.0,86243.679283,nan,nan,nan,nan,nan,nan,nan,nan,nan,nan,nan,nan,nan,nan,nan,nan,3929705.0,361672.0,77816.0,0.092035,0.572551,3485714.0,3330661.0,154964.0,89.0,3947318.0,1700.0,0.0,642.0,15118.0,545230.0,430533.0,17426.0,2961.0,5.885174,81277.0,2331.0,34.867868,484563.0,1686980.0,0.34943,18273.006959,4216.0,270013.0,0.160039,86506.480129,8.55,57.41,0.0,0.0,6245698153.546278,14564487.01987884,6245698154.0,14564487.0,6260262641.0,19207.0,6245.628174,14.100873,45984.67,3332.0,63476.67,nan,nan,nan,nan,28410688.0,3883137167.809943,443922.0,66011.81,4767008.0,25.885709,76.891447,94408.0,2.0,1769.0,4863134.0
spmv_ampm_assoc16_l2_ddr4_2x,spmv,ampm,stage1,assoc16,l2,ddr4_2x,0.006587,6586994412.0,11279576.0,11329125.0,19780764.0,0.571443,2187270.0,4828028.0,274279.0,1687161.0,32934442590.0,15057.328355,19748498916.0,72001.498168,nan,nan,nan,nan,nan,nan,nan,nan,nan,nan,nan,nan,nan,nan,nan,nan,3925275.0,361842.0,77807.0,0.092183,0.572587,3481130.0,3332582.0,148474.0,74.0,3940382.0,1660.0,0.0,586.0,12680.0,544174.0,429363.0,14367.0,2815.0,5.10373,72226.0,2200.0,32.83,500292.0,1686978.0,0.349413,15986.942361,4179.0,270100.0,0.160091,72095.885243,nan,nan,nan,nan,nan,nan,nan,nan,nan,nan,nan,nan,nan,nan,nan,nan,nan,nan,nan,nan,nan,nan,nan,4767008.0,22.562228,64.583177,44249.0,2.0,1689.0,4863398.0
spmv_ampm_assoc1_l1d_ddr4_1x,spmv,ampm,stage1,assoc1,l1d,ddr4_1x,0.009345,9344907072.0,11279800.0,11329349.0,28062784.0,0.402804,4022567.0,4825031.0,706815.0,5135618.0,175162432563.0,43544.938484,59151718936.0,83687.696124,3647862.0,47611.0,3377516.0,0.013052,0.027365,204685.0,149031.0,54870.0,784.0,4744440.0,209925.0,0.0,44948.0,804158.0,609307.0,15184.0,nan,nan,nan,nan,nan,nan,nan,nan,nan,nan,nan,nan,nan,nan,nan,nan,979278.0,485858.0,2.015564,0.0,0.0,nan,2330329.0,1692238.0,0.350721,25102.807576,nan,706815.0,0.13763,83354.696595,5.57,57.4,0.0,0.0,4840728714.73922,11409851.28888824,4840721866.0,11409851.0,4852131717.0,19207.0,4840.29725,10.985235,38418.2,3332.0,55910.2,23452224.0,2509626240.1869717,366501.0,53688.64,nan,nan,nan,nan,4767049.0,113.492448,130.613957,266585.0,2.0,1774.0,4862138.0
spmv_ampm_assoc1_l1d_ddr4_2x,spmv,ampm,stage1,assoc1,l1d,ddr4_2x,0.008585,8584923483.0,11279795.0,11329344.0,25780551.0,0.438462,4092281.0,4824919.0,709399.0,5178628.0,171493741260.0,41906.638684,50721519892.0,71499.283044,3670880.0,43854.0,3419865.0,0.011946,0.025151,192222.0,147626.0,43788.0,808.0,4728485.0,196403.0,0.0,44248.0,783600.0,615046.0,15716.0,nan,nan,nan,nan,nan,nan,nan,nan,nan,nan,nan,nan,nan,nan,nan,nan,867369.0,408731.0,2.122102,0.0,0.0,nan,2392509.0,1699772.0,0.35229,23356.799437,nan,709399.0,0.136986,71166.283513,nan,nan,nan,nan,nan,nan,nan,nan,nan,nan,nan,nan,nan,nan,nan,nan,nan,nan,nan,nan,nan,nan,nan,4767049.0,110.880416,121.459792,195771.0,2.0,1619.0,4862361.0
spmv_ampm_assoc1_l2_ddr4_1x,spmv,ampm,stage1,assoc1,l2,ddr4_1x,0.010742,10741909338.0,11280483.0,11330098.0,32257986.0,0.35044,4176931.0,4825140.0,462466.0,1686300.0,201714773310.0,48292.579722,43466655883.0,93988.868118,nan,nan,nan,nan,nan,nan,nan,nan,nan,nan,nan,nan,nan,nan,nan,nan,1306708.0,159705.0,68916.0,0.122219,0.257139,1076678.0,1073924.0,2685.0,69.0,1313665.0,4615.0,0.0,1716.0,61.0,171020.0,62808.0,482804.0,117981.0,4.092218,9545.0,518.0,18.426641,2490850.0,1686081.0,0.349437,31456.067313,1086.0,461380.0,0.273605,93737.521074,5.95,57.32,0.0,0.0,4119389822.3906236,9920024.14533877,4119383864.0,9920024.0,4129303889.0,19207.0,4118.805941,9.592336,45297.72,3332.0,62789.72,nan,nan,nan,nan,14710720.0,1369469759.7158215,229950.0,55184.91,4767192.0,128.765929,137.685679,390713.0,2.0,1716.0,4860217.0
spmv_ampm_assoc1_l2_ddr4_2x,spmv,ampm,stage1,assoc1,l2,ddr4_2x,0.009074,9074069514.0,11279795.0,11329344.0,27249458.0,0.414826,4193384.0,4824896.0,467127.0,1686285.0,185791117239.0,44305.772436,35445648985.0,75880.1118,nan,nan,nan,nan,nan,nan,nan,nan,nan,nan,nan,nan,nan,nan,nan,nan,1145986.0,143887.0,60290.0,0.125557,0.235868,940866.0,938507.0,2291.0,68.0,1152596.0,4102.0,0.0,1593.0,369.0,142832.0,51707.0,479503.0,117552.0,4.079071,9075.0,514.0,17.655642,2507300.0,1686084.0,0.349455,26663.892448,983.0,466144.0,0.276433,75607.593668,nan,nan,nan,nan,nan,nan,nan,nan,nan,nan,nan,nan,nan,nan,nan,nan,nan,nan,nan,nan,nan,nan,nan,4767049.0,118.846003,124.079237,215427.0,2.0,1714.0,4860228.0
spmv_ampm_assoc2_l1d_ddr4_1x,spmv,ampm,stage1,assoc2,l1d,ddr4_1x,0.007994,7994198133.0,11279581.0,11329130.0,24006601.0,0.470853,2871625.0,4826918.0,574602.0,3091563.0,88551815544.0,30836.831252,50904172519.0,88590.315591,2473150.0,77470.0,1363691.0,0.031324,0.048385,905438.0,66728.0,838542.0,168.0,2726617.0,162389.0,0.0,14643.0,11001.0,53497.0,1323.0,nan,nan,nan,nan,nan,nan,nan,nan,nan,nan,nan,nan,nan,nan,nan,nan,505558.0,220538.0,2.292385,0.0,0.0,nan,1347964.0,1523661.0,0.315659,19948.917675,nan,574602.0,0.185861,88257.31617,6.04,57.33,0.0,0.0,4600152183.89384,13329667.11947268,4600144178.0,13329667.0,4613473845.0,19207.0,4600.080132,12.921371,43465.41,3332.0,60957.41,20776896.0,2598996879.2783737,324645.0,64808.23,nan,nan,nan,nan,4767008.0,58.069072,98.525661,114031.0,2.0,1728.0,4862730.0
spmv_ampm_assoc2_l1d_ddr4_2x,spmv,ampm,stage1,assoc2,l1d,ddr4_2x,0.007187,7186609197.0,11279581.0,11329130.0,21581409.0,0.523764,2962664.0,4827099.0,575035.0,3096730.0,85996964952.0,29026.904486,43130801974.0,75005.524836,2529260.0,79792.0,1368788.0,0.031548,0.0498,955157.0,81108.0,873858.0,191.0,2814166.0,187320.0,0.0,16149.0,12776.0,59017.0,1178.0,nan,nan,nan,nan,nan,nan,nan,nan,nan,nan,nan,nan,nan,nan,nan,nan,495904.0,216289.0,2.292784,0.0,0.0,nan,1440223.0,1522441.0,0.315395,17423.105481,nan,575035.0,0.185691,74672.525415,nan,nan,nan,nan,nan,nan,nan,nan,nan,nan,nan,nan,nan,nan,nan,nan,nan,nan,nan,nan,nan,nan,nan,4767008.0,56.481623,90.537817,69189.0,2.0,1683.0,4863037.0
spmv_ampm_assoc2_l2_ddr4_1x,spmv,ampm,stage1,assoc2,l2,ddr4_1x,0.008137,8136928926.0,11279800.0,11329349.0,24435222.0,0.462603,2746270.0,4827291.0,434519.0,1687001.0,78145935507.0,28455.299554,32127095033.0,73937.146668,nan,nan,nan,nan,nan,nan,nan,nan,nan,nan,nan,nan,nan,nan,nan,nan,527194.0,120414.0,17627.0,0.228405,0.27628,270091.0,267151.0,2915.0,25.0,528127.0,77.0,0.0,257.0,504.0,12706.0,2731.0,103585.0,25067.0,4.132325,11634.0,752.0,15.470745,1059474.0,1686796.0,0.349429,23282.074958,119093.0,315426.0,0.186974,87304.018813,6.35,57.33,0.0,0.0,4503139738.989038,13087984.54165089,4503131874.0,13087985.0,4516219858.0,19207.0,4503.092547,12.68685,46808.79,3332.0,64300.79,nan,nan,nan,nan,16454080.0,2022148669.3123415,257098.0,69391.83,4767049.0,50.887981,97.760118,125796.0,2.0,1742.0,4861664.0
spmv_ampm_assoc2_l2_ddr4_2x,spmv,ampm,stage1,assoc2,l2,ddr4_2x,0.007376,7375651299.0,11279576.0,11329125.0,22149103.0,0.51034,2862825.0,4827744.0,436899.0,1686932.0,74824063704.0,26136.443444,27217144338.0,62296.1928,nan,nan,nan,nan,nan,nan,nan,nan,nan,nan,nan,nan,nan,nan,nan,nan,530260.0,118236.0,17689.0,0.222977,0.272654,272894.0,269730.0,3154.0,10.0,531059.0,57.0,0.0,230.0,404.0,12919.0,2443.0,117238.0,29047.0,4.036148,6952.0,674.0,10.31454,1176076.0,1686749.0,0.349387,20462.178561,121487.0,315412.0,0.186974,71567.209386,nan,nan,nan,nan,nan,nan,nan,nan,nan,nan,nan,nan,nan,nan,nan,nan,nan,nan,nan,nan,nan,nan,nan,4767008.0,48.819318,87.727808,79979.0,2.0,1654.0,4862302.0
spmv_ampm_assoc32_l1d_ddr4_1x,spmv,ampm,stage1,assoc32,l1d,ddr4_1x,0.006407,6407292294.0,11279576.0,11329125.0,19241118.0,0.58747,1794233.0,4825791.0,681672.0,4301998.0,31394584989.0,17497.496138,58268170769.0,85478.310344,4030021.0,181585.0,2552799.0,0.045058,0.104274,1288045.0,1123419.0,161503.0,3123.0,10037988.0,2629220.0,0.0,43182.0,3231495.0,1297201.0,300004.0,nan,nan,nan,nan,nan,nan,nan,nan,nan,nan,nan,nan,nan,nan,nan,nan,689771.0,293779.0,2.347925,0.0,0.0,nan,234396.0,1559837.0,0.323229,16513.546464,nan,681672.0,0.158455,85145.310833,7.52,57.28,0.0,0.0,6808961726.446251,16641038.85191038,6808951738.0,16641039.0,6825592777.0,19207.0,6808.891806,16.151597,40076.0,3332.0,57568.0,30766976.0,4801868650.3207,480738.0,60413.42,nan,nan,nan,nan,4767008.0,22.706726,61.395377,35161.0,2.0,1722.0,4867002.0
spmv_ampm_assoc32_l1d_ddr4_2x,spmv,ampm,stage1,assoc32,l1d,ddr4_2x,0.006312,6312431916.0,11279581.0,11329130.0,18956252.0,0.596298,2320942.0,4826758.0,637818.0,3768725.0,50490660465.0,21754.382688,47221704206.0,74036.330436,3422306.0,134707.0,2028846.0,0.039361,0.080813,1185959.0,654149.0,530009.0,1801.0,7056438.0,1622072.0,0.0,31821.0,1886277.0,770696.0,164535.0,nan,nan,nan,nan,nan,nan,nan,nan,nan,nan,nan,nan,nan,nan,nan,nan,515922.0,242996.0,2.123171,0.0,0.0,nan,788748.0,1532194.0,0.317438,15670.457821,nan,637818.0,0.16924,73703.330958,nan,nan,nan,nan,nan,nan,nan,nan,nan,nan,nan,nan,nan,nan,nan,nan,nan,nan,nan,nan,nan,nan,nan,4767008.0,34.35029,69.387661,30193.0,2.0,1654.0,4865694.0
spmv_ampm_assoc32_l2_ddr4_1x,spmv,ampm,stage1,assoc32,l2,ddr4_1x,0.007316,7316426583.0,11279581.0,11329130.0,21971251.0,0.514471,2171543.0,4827799.0,274229.0,1687170.0,38226449619.0,17603.358358,23650517926.0,86243.679283,nan,nan,nan,nan,nan,nan,nan,nan,nan,nan,nan,nan,nan,nan,nan,nan,3929705.0,361672.0,77816.0,0.092035,0.572551,3485714.0,3330661.0,154964.0,89.0,3947318.0,1700.0,0.0,642.0,15118.0,545230.0,430533.0,17426.0,2961.0,5.885174,81277.0,2331.0,34.867868,484563.0,1686980.0,0.34943,18273.006959,4216.0,270013.0,0.160039,86506.480129,8.55,57.41,0.0,0.0,6245698153.546278,14564487.01987884,6245698154.0,14564487.0,6260262641.0,19207.0,6245.628174,14.100873,45984.67,3332.0,63476.67,nan,nan,nan,nan,28410688.0,3883137167.809943,443922.0,66011.81,4767008.0,25.885709,76.891447,94408.0,2.0,1769.0,4863134.0
spmv_ampm_assoc32_l2_ddr4_2x,spmv,ampm,stage1,assoc32,l2,ddr4_2x,0.006587,6586994412.0,11279576.0,11329125.0,19780764.0,0.571443,2187270.0,4828028.0,274279.0,1687161.0,32934442590.0,15057.328355,19748498916.0,72001.498168,nan,nan,nan,nan,nan,nan,nan,nan,nan,nan,nan,nan,nan,nan,nan,nan,3925275.0,361842.0,77807.0,0.092183,0.572587,3481130.0,3332582.0,148474.0,74.0,3940382.0,1660.0,0.0,586.0,12680.0,544174.0,429363.0,14367.0,2815.0,5.10373,72226.0,2200.0,32.83,500292.0,1686978.0,0.349413,15986.942361,4179.0,270100.0,0.160091,72095.885243,nan,nan,nan,nan,nan,nan,nan,nan,nan,nan,nan,nan,nan,nan,nan,nan,nan,nan,nan,nan,nan,nan,nan,4767008.0,22.562228,64.583177,44249.0,2.0,1689.0,4863398.0
spmv_ampm_assoc4_l1d_ddr4_1x,spmv,ampm,stage1,assoc4,l1d,ddr4_1x,0.007019,7018982991.0,11279581.0,11329130.0,21078027.0,0.536273,2252416.0,4826347.0,635058.0,3759577.0,52704266310.0,23398.993041,56327160480.0,88696.088357,3381747.0,136730.0,2019640.0,0.040432,0.081996,1153148.0,651260.0,500011.0,1877.0,6862490.0,1534790.0,0.0,30644.0,1827158.0,744843.0,165560.0,nan,nan,nan,nan,nan,nan,nan,nan,nan,nan,nan,nan,nan,nan,nan,nan,586378.0,247489.0,2.369309,0.0,0.0,nan,721628.0,1530788.0,0.317173,17405.935504,nan,635058.0,0.168917,88363.088882,7.0,57.31,0.0,0.0,5790541457.660586,15199922.85731413,5790532340.0,15199923.0,5805732262.0,19207.0,5790.459394,14.652835,43395.48,3332.0,60887.48,27305024.0,3890168139.032608,426647.0,64071.96,nan,nan,nan,nan,4767008.0,35.805578,77.391747,58991.0,2.0,1783.0,4864980.0
spmv_ampm_assoc4_l1d_ddr4_2x,spmv,ampm,stage1,assoc4,l1d,ddr4_2x,0.006422,6422075496.0,11279576.0,11329125.0,19285512.0,0.586117,2409840.0,4826643.0,624646.0,3672119.0,54309880421.0,22536.716305,46885854344.0,75059.880867,3327889.0,127296.0,1933769.0,0.038251,0.076967,1182556.0,581410.0,599554.0,1592.0,6401858.0,1391404.0,0.0,29523.0,1563817.0,660627.0,141812.0,nan,nan,nan,nan,nan,nan,nan,nan,nan,nan,nan,nan,nan,nan,nan,nan,498043.0,230014.0,2.165273,0.0,0.0,nan,883236.0,1526604.0,0.316287,15742.150494,nan,624646.0,0.170105,74726.8814,nan,nan,nan,nan,nan,nan,nan,nan,nan,nan,nan,nan,nan,nan,nan,nan,nan,nan,nan,nan,nan,nan,nan,4767008.0,36.713538,72.251844,32613.0,2.0,1694.0,4865286.0
spmv_ampm_assoc4_l2_ddr4_1x,spmv,ampm,stage1,assoc4,l2,ddr4_1x,0.007303,7302975714.0,11279581.0,11329130.0,21930858.0,0.515419,2177125.0,4827708.0,274517.0,1687222.0,38333992968.0,17607.621505,23539661595.0,85749.376523,nan,nan,nan,nan,nan,nan,nan,nan,nan,nan,nan,nan,nan,nan,nan,nan,3852176.0,356049.0,71017.0,0.092428,0.569612,3419304.0,3266076.0,153158.0,70.0,3868899.0,1591.0,0.0,609.0,14353.0,532316.0,421651.0,18247.0,3114.0,5.859666,79767.0,2243.0,35.562639,490093.0,1687032.0,0.349448,18209.376654,5493.0,269024.0,0.159448,86217.615068,8.41,57.37,0.0,0.0,6151092617.477106,14582548.83633863,6151092617.0,14582549.0,6165675166.0,19207.0,6151.031273,14.047972,45765.47,3332.0,63257.47,nan,nan,nan,nan,27699456.0,3792899919.809318,432809.0,65890.24,4767008.0,25.952972,76.476772,92821.0,2.0,1798.0,4863056.0
spmv_ampm_assoc4_l2_ddr4_2x,spmv,ampm,stage1,assoc4,l2,ddr4_2x,0.0069,6899869557.0,11279581.0,11329130.0,20720329.0,0.545531,2463769.0,4827944.0,341130.0,1687066.0,47478000141.0,19270.475495,22807050024.0,66857.356503,nan,nan,nan,nan,nan,nan,nan,nan,nan,nan,nan,nan,nan,nan,nan,nan,2478561.0,262742.0,51535.0,0.106006,0.484226,2102774.0,2017728.0,84986.0,60.0,2498280.0,1595.0,0.0,535.0,17446.0,314888.0,240372.0,44738.0,9978.0,4.483664,48278.0,1828.0,26.410284,776888.0,1686881.0,0.349399,17769.015389,61270.0,279860.0,0.165886,72572.559244,nan,nan,nan,nan,nan,nan,nan,nan,nan,nan,nan,nan,nan,nan,nan,nan,nan,nan,nan,nan,nan,nan,nan,4767008.0,31.669906,72.518419,47706.0,2.0,1803.0,4863226.0
spmv_ampm_assoc64_l1d_ddr4_1x,spmv,ampm,stage1,assoc64,l1d,ddr4_1x,0.006406,6405827760.0,11279581.0,11329130.0,19236720.0,0.587604,1795659.0,4825796.0,681444.0,4298191.0,31455290223.0,17517.407382,58261543081.0,85497.18404,4024601.0,181366.0,2549113.0,0.045064,0.104152,1286593.0,1121573.0,161901.0,3119.0,10059621.0,2652506.0,0.0,43198.0,3234833.0,1293500.0,300819.0,nan,nan,nan,nan,nan,nan,nan,nan,nan,nan,nan,nan,nan,nan,nan,nan,691530.0,295803.0,2.337806,0.0,0.0,nan,235666.0,1559993.0,0.323261,16541.321974,nan,681444.0,0.158542,85164.184529,7.52,57.33,0.0,0.0,6808240501.302521,16634852.51123892,6808230510.0,16634853.0,6824865363.0,19207.0,6808.180556,16.145298,40095.69,3332.0,57587.69,30723776.0,4796222619.635343,480062.0,60427.07,nan,nan,nan,nan,4767008.0,22.749172,61.402736,35242.0,2.0,1696.0,4867004.0
spmv_ampm_assoc64_l1d_ddr4_2x,spmv,ampm,stage1,assoc64,l1d,ddr4_2x,0.006317,6317307702.0,11279590.0,11329140.0,18970894.0,0.595838,2317724.0,4826857.0,637704.0,3768646.0,50365167750.0,21730.442343,47252864445.0,74098.428809,3423287.0,135422.0,2028638.0,0.039559,0.08122,1186750.0,656425.0,528527.0,1798.0,7050032.0,1614659.0,0.0,32002.0,1886375.0,770372.0,164972.0,nan,nan,nan,nan,nan,nan,nan,nan,nan,nan,nan,nan,nan,nan,nan,nan,514851.0,242728.0,2.121103,0.0,0.0,nan,785800.0,1531924.0,0.317375,15682.218125,nan,637704.0,0.169213,73765.429331,nan,nan,nan,nan,nan,nan,nan,nan,nan,nan,nan,nan,nan,nan,nan,nan,nan,nan,nan,nan,nan,nan,nan,4767009.0,34.273961,68.935406,30230.0,2.0,1633.0,4865834.0
spmv_ampm_assoc64_l2_ddr4_1x,spmv,ampm,stage1,assoc64,l2,ddr4_1x,0.007316,7316426583.0,11279581.0,11329130.0,21971251.0,0.514471,2171543.0,4827799.0,274229.0,1687170.0,38226449619.0,17603.358358,23650517926.0,86243.679283,nan,nan,nan,nan,nan,nan,nan,nan,nan,nan,nan,nan,nan,nan,nan,nan,3929705.0,361672.0,77816.0,0.092035,0.572551,3485714.0,3330661.0,154964.0,89.0,3947318.0,1700.0,0.0,642.0,15118.0,545230.0,430533.0,17426.0,2961.0,5.885174,81277.0,2331.0,34.867868,484563.0,1686980.0,0.34943,18273.006959,4216.0,270013.0,0.160039,86506.480129,8.55,57.41,0.0,0.0,6245698153.546278,14564487.01987884,6245698154.0,14564487.0,6260262641.0,19207.0,6245.628174,14.100873,45984.67,3332.0,63476.67,nan,nan,nan,nan,28410688.0,3883137167.809943,443922.0,66011.81,4767008.0,25.885709,76.891447,94408.0,2.0,1769.0,4863134.0
spmv_ampm_assoc64_l2_ddr4_2x,spmv,ampm,stage1,assoc64,l2,ddr4_2x,0.006587,6586994412.0,11279576.0,11329125.0,19780764.0,0.571443,2187270.0,4828028.0,274279.0,1687161.0,32934442590.0,15057.328355,19748498916.0,72001.498168,nan,nan,nan,nan,nan,nan,nan,nan,nan,nan,nan,nan,nan,nan,nan,nan,3925275.0,361842.0,77807.0,0.092183,0.572587,3481130.0,3332582.0,148474.0,74.0,3940382.0,1660.0,0.0,586.0,12680.0,544174.0,429363.0,14367.0,2815.0,5.10373,72226.0,2200.0,32.83,500292.0,1686978.0,0.349413,15986.942361,4179.0,270100.0,0.160091,72095.885243,nan,nan,nan,nan,nan,nan,nan,nan,nan,nan,nan,nan,nan,nan,nan,nan,nan,nan,nan,nan,nan,nan,nan,4767008.0,22.562228,64.583177,44249.0,2.0,1689.0,4863398.0
spmv_ampm_default_l1d_ddr4_1x,spmv,ampm,stage1,default,l1d,ddr4_1x,0.006407,6407292294.0,11279576.0,11329125.0,19241118.0,0.58747,1794233.0,4825791.0,681672.0,4301998.0,31394584989.0,17497.496138,58268170769.0,85478.310344,4030021.0,181585.0,2552799.0,0.045058,0.104274,1288045.0,1123419.0,161503.0,3123.0,10037988.0,2629220.0,0.0,43182.0,3231495.0,1297201.0,300004.0,nan,nan,nan,nan,nan,nan,nan,nan,nan,nan,nan,nan,nan,nan,nan,nan,689771.0,293779.0,2.347925,0.0,0.0,nan,234396.0,1559837.0,0.323229,16513.546464,nan,681672.0,0.158455,85145.310833,7.52,57.28,0.0,0.0,6808961726.446251,16641038.85191038,6808951738.0,16641039.0,6825592777.0,19207.0,6808.891806,16.151597,40076.0,3332.0,57568.0,30766976.0,4801868650.3207,480738.0,60413.42,nan,nan,nan,nan,4767008.0,22.706726,61.395377,35161.0,2.0,1722.0,4867002.0
spmv_ampm_default_l1d_ddr4_2x,spmv,ampm,stage1,default,l1d,ddr4_2x,0.006312,6312431916.0,11279581.0,11329130.0,18956252.0,0.596298,2320942.0,4826758.0,637818.0,3768725.0,50490660465.0,21754.382688,47221704206.0,74036.330436,3422306.0,134707.0,2028846.0,0.039361,0.080813,1185959.0,654149.0,530009.0,1801.0,7056438.0,1622072.0,0.0,31821.0,1886277.0,770696.0,164535.0,nan,nan,nan,nan,nan,nan,nan,nan,nan,nan,nan,nan,nan,nan,nan,nan,515922.0,242996.0,2.123171,0.0,0.0,nan,788748.0,1532194.0,0.317438,15670.457821,nan,637818.0,0.16924,73703.330958,nan,nan,nan,nan,nan,nan,nan,nan,nan,nan,nan,nan,nan,nan,nan,nan,nan,nan,nan,nan,nan,nan,nan,4767008.0,34.35029,69.387661,30193.0,2.0,1654.0,4865694.0
spmv_ampm_default_l2_ddr4_1x,spmv,ampm,stage1,default,l2,ddr4_1x,0.007316,7316426583.0,11279581.0,11329130.0,21971251.0,0.514471,2171543.0,4827799.0,274229.0,1687170.0,38226449619.0,17603.358358,23650517926.0,86243.679283,nan,nan,nan,nan,nan,nan,nan,nan,nan,nan,nan,nan,nan,nan,nan,nan,3929705.0,361672.0,77816.0,0.092035,0.572551,3485714.0,3330661.0,154964.0,89.0,3947318.0,1700.0,0.0,642.0,15118.0,545230.0,430533.0,17426.0,2961.0,5.885174,81277.0,2331.0,34.867868,484563.0,1686980.0,0.34943,18273.006959,4216.0,270013.0,0.160039,86506.480129,8.55,57.41,0.0,0.0,6245698153.546278,14564487.01987884,6245698154.0,14564487.0,6260262641.0,19207.0,6245.628174,14.100873,45984.67,3332.0,63476.67,nan,nan,nan,nan,28410688.0,3883137167.809943,443922.0,66011.81,4767008.0,25.885709,76.891447,94408.0,2.0,1769.0,4863134.0
spmv_ampm_default_l2_ddr4_2x,spmv,ampm,stage1,default,l2,ddr4_2x,0.006587,6586994412.0,11279576.0,11329125.0,19780764.0,0.571443,2187270.0,4828028.0,274279.0,1687161.0,32934442590.0,15057.328355,19748498916.0,72001.498168,nan,nan,nan,nan,nan,nan,nan,nan,nan,nan,nan,nan,nan,nan,nan,nan,3925275.0,361842.0,77807.0,0.092183,0.572587,3481130.0,3332582.0,148474.0,74.0,3940382.0,1660.0,0.0,586.0,12680.0,544174.0,429363.0,14367.0,2815.0,5.10373,72226.0,2200.0,32.83,500292.0,1686978.0,0.349413,15986.942361,4179.0,270100.0,0.160091,72095.885243,nan,nan,nan,nan,nan,nan,nan,nan,nan,nan,nan,nan,nan,nan,nan,nan,nan,nan,nan,nan,nan,nan,nan,4767008.0,22.562228,64.583177,44249.0,2.0,1689.0,4863398.0
spmv_ampm_epoch1024k_l1d_ddr4_1x,spmv,ampm,stage1,epoch1024k,l1d,ddr4_1x,0.006465,6465130731.0,11279576.0,11329125.0,19414807.0,0.582214,1831969.0,4825944.0,677266.0,4249322.0,33411700854.0,18238.136592,58217335478.0,85959.335738,3947482.0,178694.0,2501084.0,0.045268,0.103019,1254225.0,1056499.0,194863.0,2863.0,9617854.0,2463392.0,0.0,42289.0,3064770.0,1226886.0,279639.0,nan,nan,nan,nan,nan,nan,nan,nan,nan,nan,nan,nan,nan,nan,nan,nan,671645.0,286963.0,2.340528,0.0,0.0,nan,276089.0,1555880.0,0.322399,16599.398288,nan,677266.0,0.159382,85626.33623,7.48,57.38,0.0,0.0,6704431171.385697,16492164.5727507,6704421272.0,16492165.0,6720913437.0,19207.0,6704.361877,15.997202,40565.23,3332.0,58057.23,30449536.0,4709809788.376884,475778.0,60945.64,nan,nan,nan,nan,4767008.0,23.920618,63.112386,37713.0,2.0,1859.0,4866816.0
spmv_ampm_epoch1024k_l1d_ddr4_2x,spmv,ampm,stage1,epoch1024k,l1d,ddr4_2x,0.00633,6330302361.0,11279576.0,11329125.0,19009917.0,0.594614,2307476.0,4826639.0,634092.0,3779605.0,50346563373.0,21818.889286,47225200773.0,74476.891008,3429007.0,137268.0,2039654.0,0.040031,0.082315,1179916.0,645742.0,532428.0,1746.0,6841660.0,1509624.0,0.0,31579.0,1781628.0,741014.0,157846.0,nan,nan,nan,nan,nan,nan,nan,nan,nan,nan,nan,nan,nan,nan,nan,nan,494738.0,233976.0,2.114482,0.0,0.0,nan,777144.0,1530332.0,0.31706,15707.324196,nan,634092.0,0.167767,74143.891533,nan,nan,nan,nan,nan,nan,nan,nan,nan,nan,nan,nan,nan,nan,nan,nan,nan,nan,nan,nan,nan,nan,nan,4767008.0,34.230252,69.61779,30536.0,2.0,1725.0,4865287.0
spmv_ampm_epoch1024k_l2_ddr4_1x,spmv,ampm,stage1,epoch1024k,l2,ddr4_1x,0.007363,7363449513.0,11279581.0,11329130.0,22112461.0,0.511186,2195083.0,4827801.0,279886.0,1687164.0,39528969795.0,18007.961337,23974168638.0,85656.905447,nan,nan,nan,nan,nan,nan,nan,nan,nan,nan,nan,nan,nan,nan,nan,nan,3751300.0,352983.0,74965.0,0.094096,0.566346,3313414.0,3164905.0,148435.0,74.0,3767944.0,1683.0,0.0,557.0,14248.0,515611.0,404644.0,19969.0,3595.0,5.554659,79860.0,2243.0,35.604102,508109.0,1686974.0,0.349429,18464.648795,9605.0,270281.0,0.160198,86780.017918,8.45,57.28,0.0,0.0,6155080430.711714,14471478.32165764,6155080431.0,14471478.0,6169551909.0,19207.0,6155.010898,14.002133,46153.56,3332.0,63645.56,nan,nan,nan,nan,28019584.0,3805225248.1030893,437811.0,66155.12,4767008.0,26.700004,77.337427,93866.0,2.0,1801.0,4862943.0
spmv_ampm_epoch1024k_l2_ddr4_2x,spmv,ampm,stage1,epoch1024k,l2,ddr4_2x,0.006629,6629450247.0,11279576.0,11329125.0,19908259.0,0.567783,2217393.0,4828073.0,280470.0,1687215.0,34405524036.0,15516.204857,20013076788.0,71355.498941,nan,nan,nan,nan,nan,nan,nan,nan,nan,nan,nan,nan,nan,nan,nan,nan,3732898.0,352266.0,75317.0,0.094368,0.56585,3294822.0,3152313.0,142427.0,82.0,3747725.0,1568.0,0.0,584.0,12518.0,511024.0,400918.0,17845.0,3742.0,4.76884,65535.0,2066.0,31.720716,530361.0,1687032.0,0.349421,16139.892562,10193.0,270277.0,0.160191,72149.673557,nan,nan,nan,nan,nan,nan,nan,nan,nan,nan,nan,nan,nan,nan,nan,nan,nan,nan,nan,nan,nan,nan,nan,4767008.0,23.482123,65.190657,44518.0,2.0,1699.0,4863641.0
spmv_ampm_epoch128k_l1d_ddr4_1x,spmv,ampm,stage1,epoch128k,l1d,ddr4_1x,0.006397,6397332264.0,11279576.0,11329125.0,19211208.0,0.588384,1792506.0,4825846.0,681060.0,4299468.0,31277252106.0,17448.896743,58224139210.0,85490.469577,4041559.0,181666.0,2550247.0,0.044949,0.104287,1302596.0,1138881.0,160513.0,3202.0,10124942.0,2671834.0,0.0,43261.0,3264252.0,1303715.0,304853.0,nan,nan,nan,nan,nan,nan,nan,nan,nan,nan,nan,nan,nan,nan,nan,nan,692528.0,295450.0,2.343977,0.0,0.0,nan,232186.0,1560320.0,0.323326,16527.72827,nan,681060.0,0.158406,85157.470066,7.52,57.38,0.0,0.0,6813440071.775518,16656943.17608763,6813430068.0,16656943.0,6830087011.0,19207.0,6813.370043,16.166739,40088.33,3332.0,57580.33,30717696.0,4801641486.226859,479967.0,60453.06,nan,nan,nan,nan,4767008.0,22.632883,60.923495,35071.0,2.0,1779.0,4866928.0
spmv_ampm_epoch128k_l1d_ddr4_2x,spmv,ampm,stage1,epoch128k,l1d,ddr4_2x,0.006306,6305785569.0,11279576.0,11329125.0,18936293.0,0.596926,2325667.0,4826619.0,642124.0,3755499.0,50748795738.0,21821.17893,47375527454.0,73779.406242,3405141.0,134944.0,2015729.0,0.039629,0.080963,1181619.0,650928.0,528904.0,1787.0,7154073.0,1641186.0,0.0,32793.0,1980256.0,793031.0,164264.0,nan,nan,nan,nan,nan,nan,nan,nan,nan,nan,nan,nan,nan,nan,nan,nan,524163.0,243960.0,2.148561,0.0,0.0,nan,793870.0,1531797.0,0.317364,15605.687955,nan,642124.0,0.170982,73446.406761,nan,nan,nan,nan,nan,nan,nan,nan,nan,nan,nan,nan,nan,nan,nan,nan,nan,nan,nan,nan,nan,nan,nan,4767008.0,34.530252,69.774031,30282.0,2.0,1651.0,4865483.0
spmv_ampm_epoch128k_l2_ddr4_1x,spmv,ampm,stage1,epoch128k,l2,ddr4_1x,0.007314,7314128217.0,11279576.0,11329125.0,21964349.0,0.514633,2171017.0,4827853.0,273702.0,1687219.0,38151346131.0,17573.029659,23592656521.0,86198.334397,nan,nan,nan,nan,nan,nan,nan,nan,nan,nan,nan,nan,nan,nan,nan,nan,3959841.0,363005.0,78112.0,0.091672,0.57376,3514387.0,3359360.0,154935.0,92.0,3977017.0,1762.0,0.0,606.0,14630.0,549790.0,434600.0,17583.0,2957.0,5.946229,81632.0,2293.0,35.600523,483985.0,1687032.0,0.349437,18238.531662,4030.0,269672.0,0.159832,86371.959532,8.56,57.5,0.0,0.0,6257478491.233291,14569063.71320179,6257478491.0,14569064.0,6272047555.0,19207.0,6257.40849,14.017802,45884.38,3332.0,63376.38,nan,nan,nan,nan,28505536.0,3897325170.4482665,445404.0,65917.09,4767008.0,25.836455,76.633301,94187.0,2.0,1803.0,4862864.0
spmv_ampm_epoch128k_l2_ddr4_2x,spmv,ampm,stage1,epoch128k,l2,ddr4_2x,0.006588,6588132939.0,11279576.0,11329125.0,19784183.0,0.571344,2186717.0,4828334.0,273738.0,1687240.0,32870963466.0,15032.106791,19713632173.0,72016.425096,nan,nan,nan,nan,nan,nan,nan,nan,nan,nan,nan,nan,nan,nan,nan,nan,3961705.0,363151.0,78263.0,0.091665,0.573682,3516113.0,3367547.0,148477.0,89.0,3977171.0,1662.0,0.0,591.0,13033.0,550817.0,434518.0,14582.0,2847.0,5.121883,73455.0,2180.0,33.694954,499660.0,1687057.0,0.349408,15965.777403,3871.0,269867.0,0.159946,72090.389925,nan,nan,nan,nan,nan,nan,nan,nan,nan,nan,nan,nan,nan,nan,nan,nan,nan,nan,nan,nan,nan,nan,nan,4767008.0,22.522403,64.357621,44058.0,2.0,1759.0,4863588.0
spmv_ampm_epoch512k_l1d_ddr4_1x,spmv,ampm,stage1,epoch512k,l1d,ddr4_1x,0.006428,6427820745.0,11279576.0,11329125.0,19302765.0,0.585593,1812647.0,4825811.0,678777.0,4274497.0,32288658687.0,17812.987684,58092746410.0,85584.435551,3995636.0,180049.0,2525806.0,0.045061,0.10357,1279709.0,1099289.0,177389.0,3031.0,9902036.0,2582221.0,0.0,42835.0,3179130.0,1273541.0,293238.0,nan,nan,nan,nan,nan,nan,nan,nan,nan,nan,nan,nan,nan,nan,nan,nan,682146.0,292112.0,2.335221,0.0,0.0,nan,254262.0,1558385.0,0.322927,16547.339967,nan,678777.0,0.158797,85251.436042,7.49,57.37,0.0,0.0,6758391330.964224,16597849.29176646,6758381374.0,16597849.0,6774979224.0,19207.0,6758.311677,15.970576,40186.55,3332.0,57678.55,30574848.0,4756642914.129679,477737.0,60514.76,nan,nan,nan,nan,4767008.0,23.25671,62.181386,36359.0,2.0,1704.0,4866773.0
spmv_ampm_epoch512k_l1d_ddr4_2x,spmv,ampm,stage1,epoch512k,l1d,ddr4_2x,0.006318,6318431910.0,11279576.0,11329125.0,18974270.0,0.595731,2314347.0,4826506.0,634683.0,3774151.0,50377272966.0,21767.381022,47031900447.0,74102.978096,3433488.0,135501.0,2034143.0,0.039465,0.081262,1191470.0,659794.0,529786.0,1890.0,7004776.0,1597849.0,0.0,31565.0,1850006.0,764033.0,164933.0,nan,nan,nan,nan,nan,nan,nan,nan,nan,nan,nan,nan,nan,nan,nan,nan,511104.0,238571.0,2.142356,0.0,0.0,nan,782394.0,1531953.0,0.317404,15693.177092,nan,634683.0,0.168166,73769.978621,nan,nan,nan,nan,nan,nan,nan,nan,nan,nan,nan,nan,nan,nan,nan,nan,nan,nan,nan,nan,nan,nan,nan,4767008.0,34.273466,69.858911,29958.0,2.0,1662.0,4865482.0
spmv_ampm_epoch512k_l2_ddr4_1x,spmv,ampm,stage1,epoch512k,l2,ddr4_1x,0.007333,7332790536.0,11279576.0,11329125.0,22020392.0,0.513323,2182122.0,4827897.0,276409.0,1687247.0,38818017459.0,17789.114201,23759137543.0,85956.454178,nan,nan,nan,nan,nan,nan,nan,nan,nan,nan,nan,nan,nan,nan,nan,nan,3866721.0,357848.0,76089.0,0.092546,0.570332,3425658.0,3274167.0,151399.0,92.0,3883953.0,1840.0,0.0,597.0,14624.0,535343.0,422270.0,19904.0,3290.0,6.049848,82801.0,2276.0,36.380053,495062.0,1687060.0,0.34944,18338.779934,6819.0,269590.0,0.159781,86611.883768,8.51,57.38,0.0,0.0,6202512914.655005,14531984.71671167,6202512915.0,14531985.0,6217044899.0,19207.0,6202.443091,14.00831,46046.5,3332.0,63538.5,nan,nan,nan,nan,28222144.0,3848759058.5664043,440976.0,66063.19,4767008.0,26.255447,77.029307,94183.0,2.0,1847.0,4863126.0
spmv_ampm_epoch512k_l2_ddr4_2x,spmv,ampm,stage1,epoch512k,l2,ddr4_2x,0.006608,6607502550.0,11279576.0,11329125.0,19842350.0,0.569669,2202068.0,4828137.0,277164.0,1687155.0,33626309697.0,15270.332114,19896763176.0,71786.967918,nan,nan,nan,nan,nan,nan,nan,nan,nan,nan,nan,nan,nan,nan,nan,nan,3855622.0,357431.0,76843.0,0.092704,0.569532,3414053.0,3268638.0,145330.0,85.0,3871107.0,1623.0,0.0,602.0,13100.0,532691.0,420318.0,16054.0,3277.0,4.898993,70030.0,2189.0,31.991777,515096.0,1686972.0,0.349404,16076.75635,7008.0,270156.0,0.160125,72230.473641,nan,nan,nan,nan,nan,nan,nan,nan,nan,nan,nan,nan,nan,nan,nan,nan,nan,nan,nan,nan,nan,nan,nan,4767008.0,22.995566,64.621889,44267.0,2.0,1696.0,4863567.0
spmv_ampm_epoch64k_l1d_ddr4_1x,spmv,ampm,stage1,epoch64k,l1d,ddr4_1x,0.006399,6398814780.0,11279590.0,11329140.0,19215660.0,0.588249,1798157.0,4825874.0,681432.0,4293130.0,31449466386.0,17489.833416,58211356086.0,85425.040336,4031379.0,181200.0,2544001.0,0.044947,0.10405,1298708.0,1133672.0,161892.0,3144.0,10118222.0,2675227.0,0.0,43387.0,3263327.0,1309803.0,302672.0,nan,nan,nan,nan,nan,nan,nan,nan,nan,nan,nan,nan,nan,nan,nan,nan,694526.0,295926.0,2.346958,0.0,0.0,nan,237888.0,1560269.0,0.323313,16511.050466,nan,681432.0,0.158726,85092.040824,7.52,57.3,0.0,0.0,6815582181.924009,16663085.84728249,6815572180.0,16663086.0,6832235266.0,19207.0,6815.502167,16.172995,40023.74,3332.0,57515.74,30749120.0,4805439922.422633,480459.0,60359.46,nan,nan,nan,nan,4767009.0,22.756576,61.365732,35474.0,2.0,1746.0,4866885.0
spmv_ampm_epoch64k_l1d_ddr4_2x,spmv,ampm,stage1,epoch64k,l1d,ddr4_2x,0.006286,6285890484.0,11279581.0,11329130.0,18876548.0,0.598816,2329866.0,4826521.0,649763.0,3743103.0,50823583875.0,21813.951478,47717405473.0,73438.169722,3363426.0,134301.0,2003587.0,0.03993,0.080574,1153005.0,627075.0,524220.0,1710.0,7312019.0,1686257.0,0.0,34213.0,2130668.0,816123.0,163494.0,nan,nan,nan,nan,nan,nan,nan,nan,nan,nan,nan,nan,nan,nan,nan,nan,556592.0,252092.0,2.207892,0.0,0.0,nan,797369.0,1532497.0,0.317516,15477.103909,nan,649763.0,0.173589,73105.170234,nan,nan,nan,nan,nan,nan,nan,nan,nan,nan,nan,nan,nan,nan,nan,nan,nan,nan,nan,nan,nan,nan,nan,4767008.0,34.645028,69.82397,30823.0,2.0,1565.0,4865390.0
spmv_ampm_epoch64k_l2_ddr4_1x,spmv,ampm,stage1,epoch64k,l2,ddr4_1x,0.00732,7320476196.0,11279581.0,11329130.0,21983412.0,0.514187,2173225.0,4827726.0,274379.0,1687130.0,38244248802.0,17597.924192,23650649806.0,86197.011455,nan,nan,nan,nan,nan,nan,nan,nan,nan,nan,nan,nan,nan,nan,nan,nan,3955061.0,361844.0,77776.0,0.091489,0.572638,3510807.0,3356619.0,154101.0,87.0,3971928.0,1732.0,0.0,640.0,14294.0,549060.0,433964.0,17978.0,3093.0,5.81248,82801.0,2298.0,36.031767,486285.0,1686940.0,0.349427,18278.738623,4333.0,270046.0,0.160062,86444.094314,8.54,57.49,0.0,0.0,6244830906.625899,14556430.09374523,6244830907.0,14556430.0,6259387337.0,19207.0,6244.743481,13.996904,45796.4,3332.0,63288.4,nan,nan,nan,nan,28427904.0,3883340815.3875785,444190.0,65744.18,4767008.0,25.896604,76.310439,94531.0,2.0,1752.0,4863073.0
spmv_ampm_epoch64k_l2_ddr4_2x,spmv,ampm,stage1,epoch64k,l2,ddr4_2x,0.006582,6582463281.0,11279590.0,11329140.0,19767157.0,0.571837,2185993.0,4828151.0,273776.0,1687205.0,32807301192.0,15007.962602,19700231599.0,71957.482025,nan,nan,nan,nan,nan,nan,nan,nan,nan,nan,nan,nan,nan,nan,nan,nan,3962879.0,362559.0,77767.0,0.091489,0.573299,3518330.0,3369535.0,148720.0,75.0,3978672.0,1674.0,0.0,586.0,13364.0,551465.0,435270.0,14194.0,2814.0,5.044065,67525.0,2090.0,32.308612,498976.0,1687017.0,0.349413,15957.830056,3927.0,269849.0,0.159938,72028.397296,nan,nan,nan,nan,nan,nan,nan,nan,nan,nan,nan,nan,nan,nan,nan,nan,nan,nan,nan,nan,nan,nan,nan,4767009.0,22.482322,64.093738,43850.0,2.0,1801.0,4863619.0
spmv_ampm_hz128_l1d_ddr4_1x,spmv,ampm,stage1,hz128,l1d,ddr4_1x,0.010597,10597080978.0,11280483.0,11330098.0,31823066.0,0.355229,4160143.0,4825342.0,522741.0,1686289.0,205336484973.0,49358.035282,46745390484.0,89423.616062,0.0,0.0,nan,nan,0.0,0.0,0.0,0.0,0.0,0.0,0.0,0.0,0.0,0.0,0.0,0.0,nan,nan,nan,nan,nan,nan,nan,nan,nan,nan,nan,nan,nan,nan,nan,nan,480551.0,116617.0,4.120763,0.0,0.0,nan,2474072.0,1686071.0,0.34942,33029.824737,nan,522741.0,0.309995,89090.616699,4.57,57.21,0.0,0.0,3157041459.761883,10049559.89494563,3157035420.0,10049560.0,3167084980.0,19207.0,3157.011263,9.687196,44452.74,3332.0,61944.74,nan,nan,nan,nan,nan,nan,nan,nan,4767192.0,131.041582,136.331516,353590.0,2.0,1750.0,4861415.0
spmv_ampm_hz128_l1d_ddr4_2x,spmv,ampm,stage1,hz128,l1d,ddr4_2x,0.009047,9047171772.0,11279800.0,11329349.0,27168684.0,0.41606,4175141.0,4825036.0,522753.0,1686271.0,187552300293.0,44921.189558,38022802137.0,72735.693792,0.0,0.0,nan,nan,0.0,0.0,0.0,0.0,0.0,0.0,0.0,0.0,0.0,0.0,0.0,0.0,nan,nan,nan,nan,nan,nan,nan,nan,nan,nan,nan,nan,nan,nan,nan,nan,482764.0,116666.0,4.138001,0.0,0.0,nan,2489072.0,1686069.0,0.349442,27877.692176,nan,522753.0,0.310005,72402.694429,nan,nan,nan,nan,nan,nan,nan,nan,nan,nan,nan,nan,nan,nan,nan,nan,nan,nan,nan,nan,nan,nan,nan,4767049.0,119.95866,123.28217,199289.0,2.0,1714.0,4861328.0
spmv_ampm_hz128_l2_ddr4_1x,spmv,ampm,stage1,hz128,l2,ddr4_1x,0.010597,10597080978.0,11280483.0,11330098.0,31823066.0,0.355229,4160143.0,4825342.0,522741.0,1686289.0,205336484973.0,49358.035282,46745390484.0,89423.616062,nan,nan,nan,nan,nan,nan,nan,nan,nan,nan,nan,nan,nan,nan,nan,nan,0.0,0.0,nan,nan,0.0,0.0,0.0,0.0,0.0,0.0,0.0,0.0,0.0,0.0,0.0,0.0,480551.0,116617.0,4.120763,0.0,0.0,nan,2474072.0,1686071.0,0.34942,33029.824737,nan,522741.0,0.309995,89090.616699,4.57,57.21,0.0,0.0,3157041459.761883,10049559.89494563,3157035420.0,10049560.0,3167084980.0,19207.0,3157.011263,9.687196,44452.74,3332.0,61944.74,nan,nan,nan,nan,nan,nan,nan,nan,4767192.0,131.041582,136.331516,353590.0,2.0,1750.0,4861415.0
spmv_ampm_hz128_l2_ddr4_2x,spmv,ampm,stage1,hz128,l2,ddr4_2x,0.009047,9047171772.0,11279800.0,11329349.0,27168684.0,0.41606,4175141.0,4825036.0,522753.0,1686271.0,187552300293.0,44921.189558,38022802137.0,72735.693792,nan,nan,nan,nan,nan,nan,nan,nan,nan,nan,nan,nan,nan,nan,nan,nan,0.0,0.0,nan,nan,0.0,0.0,0.0,0.0,0.0,0.0,0.0,0.0,0.0,0.0,0.0,0.0,482764.0,116666.0,4.138001,0.0,0.0,nan,2489072.0,1686069.0,0.349442,27877.692176,nan,522753.0,0.310005,72402.694429,nan,nan,nan,nan,nan,nan,nan,nan,nan,nan,nan,nan,nan,nan,nan,nan,nan,nan,nan,nan,nan,nan,nan,4767049.0,119.95866,123.28217,199289.0,2.0,1714.0,4861328.0
spmv_ampm_hz1k_l1d_ddr4_1x,spmv,ampm,stage1,hz1k,l1d,ddr4_1x,0.008758,8758120779.0,11279800.0,11329349.0,26300663.0,0.429791,3177576.0,4826732.0,525316.0,1716938.0,129020100750.0,40603.309173,42460257985.0,80828.031099,451478.0,49646.0,28807.0,0.109963,0.029934,343622.0,1507.0,342112.0,3.0,456323.0,105.0,0.0,361.0,0.0,6735.0,116.0,nan,nan,nan,nan,nan,nan,nan,nan,nan,nan,nan,nan,nan,nan,nan,nan,410587.0,124701.0,3.292572,0.0,0.0,nan,1568697.0,1608879.0,0.333327,25973.143118,nan,525316.0,0.305961,80495.031733,4.88,57.17,0.0,0.0,3838748613.8137903,12159686.15725801,3838741306.0,12159686.0,3850900992.0,19207.0,3838.690154,11.699313,35857.65,3332.0,53349.65,5377792.0,614034920.9267282,84033.0,73922.62,nan,nan,nan,nan,4767049.0,83.147454,119.04299,219172.0,2.0,1714.0,4861995.0
spmv_ampm_hz1k_l1d_ddr4_2x,spmv,ampm,stage1,hz1k,l1d,ddr4_2x,0.007776,7775893989.0,11279576.0,11329125.0,23351033.0,0.484072,3178467.0,4826949.0,525412.0,1716972.0,114502231485.0,36024.357492,34624285534.0,65899.304801,443889.0,54836.0,28743.0,0.123535,0.032936,337211.0,9025.0,328185.0,1.0,449998.0,142.0,0.0,374.0,0.0,5460.0,114.0,nan,nan,nan,nan,nan,nan,nan,nan,nan,nan,nan,nan,nan,nan,nan,nan,358467.0,100881.0,3.553365,0.0,0.0,nan,1568353.0,1610114.0,0.333568,22664.18561,nan,525412.0,0.306011,65566.305435,nan,nan,nan,nan,nan,nan,nan,nan,nan,nan,nan,nan,nan,nan,nan,nan,nan,nan,nan,nan,nan,nan,nan,4767008.0,73.910329,105.603288,97599.0,2.0,1731.0,4861812.0
spmv_ampm_hz1k_l2_ddr4_1x,spmv,ampm,stage1,hz1k,l2,ddr4_1x,0.007674,7673786532.0,11279581.0,11329130.0,23044404.0,0.490513,2188694.0,4827687.0,326034.0,1687182.0,40922285751.0,18697.125204,27798289328.0,85261.933811,nan,nan,nan,nan,nan,nan,nan,nan,nan,nan,nan,nan,nan,nan,nan,nan,724431.0,226020.0,15899.0,0.311997,0.423916,463643.0,324848.0,138786.0,9.0,725012.0,237.0,0.0,155.0,149.0,25984.0,11297.0,20024.0,3697.0,5.416283,8468.0,581.0,14.574871,501704.0,1686990.0,0.349441,20536.734097,18882.0,307152.0,0.18205,88952.932177,6.83,57.44,0.0,0.0,4736665510.361372,13877894.51216911,4736657170.0,13877895.0,4750535065.0,19207.0,4736.60713,13.36081,49533.49,3332.0,67025.49,nan,nan,nan,nan,16689536.0,2174876240.093982,260778.0,73204.2,4767008.0,27.585932,77.467138,72553.0,2.0,1867.0,4863452.0
spmv_ampm_hz1k_l2_ddr4_2x,spmv,ampm,stage1,hz1k,l2,ddr4_2x,0.007198,7198050411.0,11279581.0,11329130.0,21615767.0,0.522932,2201605.0,4828211.0,324162.0,1687218.0,36479648169.0,16569.570004,23791224107.0,73393.00753,nan,nan,nan,nan,nan,nan,nan,nan,nan,nan,nan,nan,nan,nan,nan,nan,728823.0,228014.0,15915.0,0.312852,0.42609,467869.0,332933.0,134926.0,10.0,729103.0,101.0,0.0,118.0,17.0,26179.0,11332.0,17047.0,3350.0,5.088657,5733.0,477.0,12.018868,514576.0,1687029.0,0.349411,18194.769328,17045.0,307117.0,0.182026,76003.468245,nan,nan,nan,nan,nan,nan,nan,nan,nan,nan,nan,nan,nan,nan,nan,nan,nan,nan,nan,nan,nan,nan,nan,4767008.0,24.791599,68.887226,62130.0,2.0,1763.0,4864064.0
spmv_ampm_hz256_l1d_ddr4_1x,spmv,ampm,stage1,hz256,l1d,ddr4_1x,0.00822,8219577195.0,11279800.0,11329349.0,24683415.0,0.457951,2643754.0,4827381.0,524916.0,1711544.0,82535428620.0,31219.027421,46267238776.0,88142.176607,1083621.0,57395.0,23496.0,0.052966,0.036459,889115.0,1303.0,887809.0,3.0,1117572.0,6157.0,0.0,1107.0,0.0,14903.0,723.0,nan,nan,nan,nan,nan,nan,nan,nan,nan,nan,nan,nan,nan,nan,nan,nan,275484.0,98349.0,2.801086,0.0,0.0,nan,1126919.0,1516835.0,0.314215,23426.185296,nan,524916.0,0.306692,87809.177242,5.6,57.3,0.0,0.0,4087147453.3307796,12956384.18783656,4087139667.0,12956384.0,4100096051.0,19207.0,4087.100736,12.489207,43131.25,3332.0,60623.25,11207168.0,1363472564.8440123,175115.0,74283.85,nan,nan,nan,nan,4767049.0,53.803427,96.188584,93585.0,2.0,1895.0,4863032.0
spmv_ampm_hz256_l1d_ddr4_2x,spmv,ampm,stage1,hz256,l1d,ddr4_2x,0.007399,7399122138.0,11279581.0,11329130.0,22219586.0,0.508721,2720727.0,4827292.0,524942.0,1711595.0,77110172307.0,28341.752887,39474156065.0,75197.176193,1144929.0,57640.0,23533.0,0.050344,0.036625,949679.0,10053.0,939626.0,0.0,1184428.0,8221.0,0.0,1172.0,0.0,19333.0,517.0,nan,nan,nan,nan,nan,nan,nan,nan,nan,nan,nan,nan,nan,nan,nan,nan,269316.0,92369.0,2.915654,0.0,0.0,nan,1204568.0,1516159.0,0.314081,20021.839171,nan,524942.0,0.306698,74864.176827,nan,nan,nan,nan,nan,nan,nan,nan,nan,nan,nan,nan,nan,nan,nan,nan,nan,nan,nan,nan,nan,nan,nan,4767008.0,50.418254,86.546529,46195.0,2.0,1603.0,4863453.0
spmv_ampm_hz256_l2_ddr4_1x,spmv,ampm,stage1,hz256,l2,ddr4_1x,0.007985,7984870470.0,11279576.0,11329125.0,23978590.0,0.471403,2698013.0,4827311.0,448590.0,1686947.0,70477910541.0,26122.1538,32945707274.0,73442.803616,nan,nan,nan,nan,nan,nan,nan,nan,nan,nan,nan,nan,nan,nan,nan,nan,361548.0,90397.0,8136.0,0.250028,0.223551,128357.0,127942.0,408.0,7.0,361642.0,0.0,0.0,86.0,0.0,5821.0,1458.0,65712.0,14531.0,4.522194,2739.0,150.0,18.26,1011252.0,1686761.0,0.34942,23559.320069,134618.0,313972.0,0.186118,87405.336568,6.24,57.46,0.0,0.0,4385589989.414067,13337223.23989058,4385581974.0,13337223.0,4398919197.0,19207.0,4385.541898,12.89639,49017.3,3332.0,66509.3,nan,nan,nan,nan,14923840.0,1869014664.1790168,233188.0,74940.97,4767008.0,46.047675,90.279252,87446.0,2.0,1794.0,4861878.0
spmv_ampm_hz256_l2_ddr4_2x,spmv,ampm,stage1,hz256,l2,ddr4_2x,0.007325,7325269398.0,11279576.0,11329125.0,21997806.0,0.51385,2810367.0,4827512.0,450226.0,1687028.0,66976505784.0,23831.942869,28050230672.0,62302.55621,nan,nan,nan,nan,nan,nan,nan,nan,nan,nan,nan,nan,nan,nan,nan,nan,388834.0,89660.0,8694.0,0.230587,0.222331,153831.0,153437.0,388.0,6.0,388948.0,0.0,0.0,94.0,0.0,6214.0,983.0,79922.0,18644.0,4.286741,1378.0,81.0,17.012346,1123524.0,1686843.0,0.349423,20734.071793,136613.0,313613.0,0.185897,72306.654951,nan,nan,nan,nan,nan,nan,nan,nan,nan,nan,nan,nan,nan,nan,nan,nan,nan,nan,nan,nan,nan,nan,nan,4767008.0,43.878547,80.739089,52339.0,2.0,1739.0,4862352.0
spmv_ampm_hz2k_l2_ddr4_1x,spmv,ampm,stage1,hz2k,l2,ddr4_1x,0.007693,7693386579.0,11279576.0,11329125.0,23103263.0,0.489263,2190923.0,4827846.0,329786.0,1687143.0,41206478607.0,18807.816891,28094770834.0,85190.914211,nan,nan,nan,nan,nan,nan,nan,nan,nan,nan,nan,nan,nan,nan,nan,nan,662343.0,216857.0,12986.0,0.327409,0.410252,414518.0,277177.0,137323.0,18.0,663314.0,313.0,0.0,161.0,455.0,37002.0,12416.0,20686.0,3851.0,5.371592,11219.0,651.0,17.233487,503967.0,1686956.0,0.349422,20712.588709,18048.0,311738.0,0.184773,88643.490768,6.71,57.36,0.0,0.0,4654902965.327774,13842538.51102365,4654894646.0,13842539.0,4668737185.0,19207.0,4654.844733,13.393322,49303.85,3332.0,66795.85,nan,nan,nan,nan,15859968.0,2061506702.820789,247816.0,73495.59,4767008.0,27.762957,77.620869,72493.0,2.0,1741.0,4864245.0
spmv_ampm_hz2k_l2_ddr4_2x,spmv,ampm,stage1,hz2k,l2,ddr4_2x,0.007154,7153806033.0,11279576.0,11329125.0,21482901.0,0.526166,2185541.0,4828141.0,313249.0,1687247.0,35520923853.0,16252.6916,23483040249.0,74966.050168,nan,nan,nan,nan,nan,nan,nan,nan,nan,nan,nan,nan,nan,nan,nan,nan,881092.0,237371.0,14945.0,0.269405,0.434175,624925.0,478489.0,146427.0,9.0,881710.0,226.0,0.0,143.0,208.0,54652.0,23569.0,15216.0,3153.0,4.82588,7054.0,530.0,13.309434,498478.0,1687063.0,0.349423,18041.932235,3903.0,309346.0,0.183344,75196.624718,nan,nan,nan,nan,nan,nan,nan,nan,nan,nan,nan,nan,nan,nan,nan,nan,nan,nan,nan,nan,nan,nan,nan,4767008.0,24.196959,68.351457,60593.0,2.0,1807.0,4864615.0
spmv_ampm_hz4k_l2_ddr4_1x,spmv,ampm,stage1,hz4k,l2,ddr4_1x,0.007695,7695457173.0,11279576.0,11329125.0,23109481.0,0.489131,2187134.0,4827917.0,336540.0,1687100.0,41594185512.0,19017.666733,28611398691.0,85016.338893,nan,nan,nan,nan,nan,nan,nan,nan,nan,nan,nan,nan,nan,nan,nan,nan,539482.0,199735.0,7009.0,0.370235,0.384984,315423.0,178496.0,136916.0,11.0,540348.0,262.0,0.0,116.0,471.0,43938.0,11865.0,21818.0,3931.0,5.550242,8626.0,652.0,13.230061,500223.0,1686911.0,0.349408,20992.575549,17461.0,319079.0,0.189129,88290.020265,6.51,57.52,0.0,0.0,4517042096.207115,13838813.93994992,4517033780.0,13838814.0,4530872594.0,19207.0,4516.98388,13.323185,49376.15,3332.0,66868.15,nan,nan,nan,nan,14339328.0,1863349724.082728,224056.0,75055.73,4767008.0,28.010812,78.393075,71266.0,2.0,1716.0,4864214.0
spmv_ampm_hz4k_l2_ddr4_2x,spmv,ampm,stage1,hz4k,l2,ddr4_2x,0.007247,7246979766.0,11279581.0,11329130.0,21762702.0,0.519401,2200077.0,4828055.0,334461.0,1687156.0,37007237385.0,16820.882808,24500890049.0,73254.848993,nan,nan,nan,nan,nan,nan,nan,nan,nan,nan,nan,nan,nan,nan,nan,nan,545504.0,201883.0,7050.0,0.370085,0.387499,321366.0,187849.0,133507.0,10.0,545954.0,143.0,0.0,81.0,214.0,44408.0,12246.0,16288.0,3451.0,4.719791,5912.0,514.0,11.501946,513109.0,1686968.0,0.349409,18586.15518,15354.0,319107.0,0.189139,75513.452036,nan,nan,nan,nan,nan,nan,nan,nan,nan,nan,nan,nan,nan,nan,nan,nan,nan,nan,nan,nan,nan,nan,nan,4767008.0,25.126222,69.557676,63270.0,2.0,1771.0,4864430.0
spmv_ampm_hz512_l1d_ddr4_1x,spmv,ampm,stage1,hz512,l1d,ddr4_1x,0.008804,8804270583.0,11279795.0,11329344.0,26439251.0,0.427538,3080093.0,4826496.0,525056.0,1713226.0,125683535322.0,40805.110535,43605957825.0,83050.108607,523975.0,53702.0,25266.0,0.10249,0.032497,409769.0,1765.0,408004.0,0.0,538356.0,1287.0,0.0,1147.0,0.0,8007.0,225.0,nan,nan,nan,nan,nan,nan,nan,nan,nan,nan,nan,nan,nan,nan,nan,nan,421388.0,134276.0,3.138223,0.0,0.0,nan,1481272.0,1598821.0,0.331259,25958.359744,nan,525056.0,0.306472,82717.109242,5.05,57.28,0.0,0.0,3816736853.236261,12095948.09655568,3816729584.0,12095948.0,3828825532.0,19207.0,3816.685969,11.645258,38076.52,3332.0,55568.52,5975296.0,678681549.3310242,93368.0,78243.03,nan,nan,nan,nan,4767049.0,81.090901,118.863329,230454.0,2.0,1744.0,4862155.0
spmv_ampm_hz512_l1d_ddr4_2x,spmv,ampm,stage1,hz512,l1d,ddr4_2x,0.007766,7765567326.0,11279576.0,11329125.0,23320022.0,0.484715,3100124.0,4827055.0,525130.0,1713159.0,111538201482.0,35978.625849,35054793848.0,66754.506214,531916.0,58800.0,25195.0,0.110544,0.035411,420638.0,12946.0,407692.0,0.0,548458.0,1180.0,0.0,758.0,0.0,6774.0,264.0,nan,nan,nan,nan,nan,nan,nan,nan,nan,nan,nan,nan,nan,nan,nan,nan,364238.0,106837.0,3.409287,0.0,0.0,nan,1498423.0,1601701.0,0.331817,22542.875924,nan,525130.0,0.306527,66421.506848,nan,nan,nan,nan,nan,nan,nan,nan,nan,nan,nan,nan,nan,nan,nan,nan,nan,nan,nan,nan,nan,nan,nan,4767008.0,72.08765,105.800118,104577.0,2.0,1633.0,4862048.0
spmv_ampm_hz512_l2_ddr4_1x,spmv,ampm,stage1,hz512,l2,ddr4_1x,0.007616,7616437938.0,11279581.0,11329130.0,22872186.0,0.494206,2183590.0,4827760.0,326421.0,1687148.0,40851015759.0,18708.189614,27708289833.0,84885.132491,nan,nan,nan,nan,nan,nan,nan,nan,nan,nan,nan,nan,nan,nan,nan,nan,699888.0,223295.0,14192.0,0.319044,0.421417,442525.0,303147.0,139363.0,15.0,700122.0,86.0,0.0,117.0,0.0,17836.0,9954.0,19819.0,3442.0,5.75799,6893.0,453.0,15.216336,496633.0,1686957.0,0.349429,20466.121527,19849.0,306572.0,0.18171,88738.922964,6.82,57.39,0.0,0.0,4738668691.821224,13982389.25688204,4738660289.0,13982389.0,4752642678.0,19207.0,4738.609872,13.486619,49526.68,3332.0,67018.68,nan,nan,nan,nan,16470592.0,2162505902.900459,257358.0,73512.5,4767008.0,27.537157,77.245877,71631.0,2.0,1836.0,4862492.0
spmv_ampm_hz512_l2_ddr4_2x,spmv,ampm,stage1,hz512,l2,ddr4_2x,0.007157,7157406429.0,11279581.0,11329130.0,21493713.0,0.525901,2197259.0,4827890.0,324241.0,1687215.0,36493757379.0,16608.764547,23755476666.0,73264.876021,nan,nan,nan,nan,nan,nan,nan,nan,nan,nan,nan,nan,nan,nan,nan,nan,703271.0,225640.0,14247.0,0.320844,0.423927,445737.0,310018.0,135713.0,6.0,703427.0,36.0,0.0,89.0,0.0,17937.0,9931.0,16815.0,3150.0,5.338095,5273.0,276.0,19.105072,510234.0,1687025.0,0.349433,18159.991883,17619.0,306622.0,0.181733,75941.648783,nan,nan,nan,nan,nan,nan,nan,nan,nan,nan,nan,nan,nan,nan,nan,nan,nan,nan,nan,nan,nan,nan,nan,4767008.0,24.795133,69.044166,61846.0,2.0,1650.0,4863168.0
spmv_ampm_hz64_l1d_ddr4_1x,spmv,ampm,stage1,hz64,l1d,ddr4_1x,0.010597,10597080978.0,11280483.0,11330098.0,31823066.0,0.355229,4160143.0,4825342.0,522741.0,1686289.0,205336484973.0,49358.035282,46745390484.0,89423.616062,0.0,0.0,nan,nan,0.0,0.0,0.0,0.0,0.0,0.0,0.0,0.0,0.0,0.0,0.0,0.0,nan,nan,nan,nan,nan,nan,nan,nan,nan,nan,nan,nan,nan,nan,nan,nan,480551.0,116617.0,4.120763,0.0,0.0,nan,2474072.0,1686071.0,0.34942,33029.824737,nan,522741.0,0.309995,89090.616699,4.57,57.21,0.0,0.0,3157041459.761883,10049559.89494563,3157035420.0,10049560.0,3167084980.0,19207.0,3157.011263,9.687196,44452.74,3332.0,61944.74,nan,nan,nan,nan,nan,nan,nan,nan,4767192.0,131.041582,136.331516,353590.0,2.0,1750.0,4861415.0
spmv_ampm_hz64_l1d_ddr4_2x,spmv,ampm,stage1,hz64,l1d,ddr4_2x,0.009047,9047171772.0,11279800.0,11329349.0,27168684.0,0.41606,4175141.0,4825036.0,522753.0,1686271.0,187552300293.0,44921.189558,38022802137.0,72735.693792,0.0,0.0,nan,nan,0.0,0.0,0.0,0.0,0.0,0.0,0.0,0.0,0.0,0.0,0.0,0.0,nan,nan,nan,nan,nan,nan,nan,nan,nan,nan,nan,nan,nan,nan,nan,nan,482764.0,116666.0,4.138001,0.0,0.0,nan,2489072.0,1686069.0,0.349442,27877.692176,nan,522753.0,0.310005,72402.694429,nan,nan,nan,nan,nan,nan,nan,nan,nan,nan,nan,nan,nan,nan,nan,nan,nan,nan,nan,nan,nan,nan,nan,4767049.0,119.95866,123.28217,199289.0,2.0,1714.0,4861328.0
spmv_ampm_hz64_l2_ddr4_1x,spmv,ampm,stage1,hz64,l2,ddr4_1x,0.010597,10597080978.0,11280483.0,11330098.0,31823066.0,0.355229,4160143.0,4825342.0,522741.0,1686289.0,205336484973.0,49358.035282,46745390484.0,89423.616062,nan,nan,nan,nan,nan,nan,nan,nan,nan,nan,nan,nan,nan,nan,nan,nan,0.0,0.0,nan,nan,0.0,0.0,0.0,0.0,0.0,0.0,0.0,0.0,0.0,0.0,0.0,0.0,480551.0,116617.0,4.120763,0.0,0.0,nan,2474072.0,1686071.0,0.34942,33029.824737,nan,522741.0,0.309995,89090.616699,4.57,57.21,0.0,0.0,3157041459.761883,10049559.89494563,3157035420.0,10049560.0,3167084980.0,19207.0,3157.011263,9.687196,44452.74,3332.0,61944.74,nan,nan,nan,nan,nan,nan,nan,nan,4767192.0,131.041582,136.331516,353590.0,2.0,1750.0,4861415.0
spmv_ampm_hz64_l2_ddr4_2x,spmv,ampm,stage1,hz64,l2,ddr4_2x,0.009047,9047171772.0,11279800.0,11329349.0,27168684.0,0.41606,4175141.0,4825036.0,522753.0,1686271.0,187552300293.0,44921.189558,38022802137.0,72735.693792,nan,nan,nan,nan,nan,nan,nan,nan,nan,nan,nan,nan,nan,nan,nan,nan,0.0,0.0,nan,nan,0.0,0.0,0.0,0.0,0.0,0.0,0.0,0.0,0.0,0.0,0.0,0.0,482764.0,116666.0,4.138001,0.0,0.0,nan,2489072.0,1686069.0,0.349442,27877.692176,nan,522753.0,0.310005,72402.694429,nan,nan,nan,nan,nan,nan,nan,nan,nan,nan,nan,nan,nan,nan,nan,nan,nan,nan,nan,nan,nan,nan,nan,4767049.0,119.95866,123.28217,199289.0,2.0,1714.0,4861328.0
spmv_ampm_hz8k_l2_ddr4_1x,spmv,ampm,stage1,hz8k,l2,ddr4_1x,0.00769,7690379589.0,11279581.0,11329130.0,23094233.0,0.489454,2183333.0,4827729.0,344791.0,1687060.0,42049479429.0,19259.306496,29140390607.0,84516.099919,nan,nan,nan,nan,nan,nan,nan,nan,nan,nan,nan,nan,nan,nan,nan,nan,406157.0,179789.0,1030.0,0.442659,0.354054,208739.0,72392.0,136347.0,0.0,406391.0,150.0,0.0,50.0,32.0,19941.0,9062.0,22227.0,3845.0,5.780754,8049.0,455.0,17.69011,496464.0,1686869.0,0.349413,21275.687942,16779.0,328012.0,0.194428,87579.452285,6.29,57.4,0.0,0.0,4372648659.38466,13847951.03642575,4372640337.0,13847951.0,4386488288.0,19207.0,4372.590405,13.373592,49357.16,3332.0,66849.16,nan,nan,nan,nan,12634240.0,1642862989.243274,197414.0,77550.22,4767008.0,28.294658,78.830617,69495.0,2.0,1774.0,4863993.0
spmv_ampm_hz8k_l2_ddr4_2x,spmv,ampm,stage1,hz8k,l2,ddr4_2x,0.007264,7264208853.0,11279590.0,11329140.0,21814441.0,0.51817,2194552.0,4827964.0,342615.0,1687166.0,37399492071.0,17041.971241,25067568566.0,73165.414725,nan,nan,nan,nan,nan,nan,nan,nan,nan,nan,nan,nan,nan,nan,nan,nan,407017.0,182070.0,1036.0,0.447328,0.356873,209586.0,76752.0,132834.0,0.0,407064.0,31.0,0.0,10.0,5.0,19981.0,9087.0,16645.0,3482.0,4.780299,3968.0,291.0,13.635739,507575.0,1686977.0,0.349418,18892.099434,14503.0,328112.0,0.194475,75247.381821,nan,nan,nan,nan,nan,nan,nan,nan,nan,nan,nan,nan,nan,nan,nan,nan,nan,nan,nan,nan,nan,nan,nan,4767009.0,25.373702,69.786813,64392.0,2.0,1798.0,4864186.0
spmv_ampm_ls16_l1d_ddr4_1x,spmv,ampm,stage1,ls16,l1d,ddr4_1x,0.006364,6364398564.0,11279581.0,11329130.0,19112308.0,0.591429,1795220.0,4825917.0,680186.0,4288604.0,31378676580.0,17479.014594,57709835629.0,84844.197953,4053842.0,181342.0,2539685.0,0.044733,0.104153,1325202.0,1163590.0,158350.0,3262.0,10428274.0,2765454.0,0.0,43609.0,3459619.0,1458381.0,334118.0,nan,nan,nan,nan,nan,nan,nan,nan,nan,nan,nan,nan,nan,nan,nan,nan,703864.0,296329.0,2.375279,0.0,0.0,nan,235446.0,1559774.0,0.323208,16540.900012,nan,680186.0,0.158603,84511.198443,7.48,57.44,0.0,0.0,6839908525.879682,16743137.45885636,6839898470.0,16743137.0,6856641607.0,19207.0,6839.84819,16.129725,39442.39,3332.0,56934.39,30599040.0,4807844714.987275,478113.0,59772.81,nan,nan,nan,nan,4767008.0,22.71004,61.040879,34353.0,2.0,1805.0,4866825.0
spmv_ampm_ls16_l1d_ddr4_2x,spmv,ampm,stage1,ls16,l1d,ddr4_2x,0.006305,6305035986.0,11279576.0,11329125.0,18934042.0,0.596997,2316314.0,4826527.0,637507.0,3765507.0,50516864901.0,21809.160978,46976682164.0,73688.104074,3441919.0,135262.0,2025543.0,0.039298,0.081113,1208900.0,683252.0,523721.0,1927.0,7285863.0,1699575.0,0.0,32362.0,2017875.0,864173.0,184267.0,nan,nan,nan,nan,nan,nan,nan,nan,nan,nan,nan,nan,nan,nan,nan,nan,520638.0,241196.0,2.158568,0.0,0.0,nan,784006.0,1532308.0,0.317476,15721.340586,nan,637507.0,0.169302,73355.104596,nan,nan,nan,nan,nan,nan,nan,nan,nan,nan,nan,nan,nan,nan,nan,nan,nan,nan,nan,nan,nan,nan,nan,4767008.0,34.376645,69.604597,30765.0,2.0,1718.0,4865482.0
spmv_ampm_ls16_l2_ddr4_1x,spmv,ampm,stage1,ls16,l2,ddr4_1x,0.007304,7303513842.0,11279590.0,11329140.0,21932474.0,0.515381,2171884.0,4827912.0,273708.0,1687196.0,38099613915.0,17542.195585,23546592941.0,86028.150222,nan,nan,nan,nan,nan,nan,nan,nan,nan,nan,nan,nan,nan,nan,nan,nan,4100152.0,364746.0,79653.0,0.088959,0.57517,3651111.0,3495019.0,156012.0,80.0,4122163.0,1879.0,0.0,612.0,19345.0,612778.0,487309.0,18706.0,3021.0,6.191989,85121.0,2409.0,35.334579,484878.0,1687006.0,0.349428,18216.812131,4301.0,269407.0,0.159677,86257.012427,8.61,57.25,0.0,0.0,6295683008.852713,14590237.28923604,6295683009.0,14590237.0,6310273246.0,19207.0,6295.612906,14.108277,45977.76,3332.0,63469.76,nan,nan,nan,nan,28734144.0,3934290345.9372945,448976.0,66115.4,4767009.0,25.802488,76.389697,93549.0,2.0,1838.0,4862871.0
spmv_ampm_ls16_l2_ddr4_2x,spmv,ampm,stage1,ls16,l2,ddr4_2x,0.006577,6577152930.0,11279581.0,11329130.0,19751210.0,0.572298,2187163.0,4828184.0,273392.0,1687227.0,33021254691.0,15097.756633,19716270811.0,72117.219271,nan,nan,nan,nan,nan,nan,nan,nan,nan,nan,nan,nan,nan,nan,nan,nan,4094823.0,364917.0,79852.0,0.089117,0.575577,3645435.0,3497882.0,147470.0,83.0,4114570.0,1765.0,0.0,573.0,17228.0,610200.0,486025.0,14657.0,2848.0,5.146419,77979.0,2337.0,33.367137,500122.0,1687041.0,0.349415,15969.753197,4307.0,269085.0,0.159484,72252.569411,nan,nan,nan,nan,nan,nan,nan,nan,nan,nan,nan,nan,nan,nan,nan,nan,nan,nan,nan,nan,nan,nan,nan,4767008.0,22.616044,64.537858,46921.0,2.0,1690.0,4863564.0
spmv_ampm_ls2_l1d_ddr4_1x,spmv,ampm,stage1,ls2,l1d,ddr4_1x,0.007197,7197100695.0,11279576.0,11329125.0,21612915.0,0.523001,1955900.0,4827273.0,629000.0,3668121.0,41089663539.0,21008.059481,60998135981.0,96976.368809,2709926.0,173772.0,1929328.0,0.064124,0.103732,543423.0,111637.0,431451.0,335.0,3252512.0,426717.0,0.0,20358.0,15104.0,70849.0,8336.0,nan,nan,nan,nan,nan,nan,nan,nan,nan,nan,nan,nan,nan,nan,nan,nan,393859.0,179151.0,2.198475,0.0,0.0,nan,454467.0,1501433.0,0.311031,17696.403218,nan,629000.0,0.171477,96643.369339,7.75,57.45,0.0,0.0,5593363453.698351,14814854.55303887,5593354561.0,14814855.0,5608169416.0,19207.0,5593.292314,14.254629,51656.48,3332.0,69148.48,27445440.0,3813402252.2523565,428840.0,72856.47,nan,nan,nan,nan,4767008.0,28.253093,72.725683,57950.0,2.0,1742.0,4865075.0
spmv_ampm_ls2_l1d_ddr4_2x,spmv,ampm,stage1,ls2,l1d,ddr4_2x,0.00654,6540017769.0,11279576.0,11329125.0,19639693.0,0.575547,1969071.0,4827323.0,629227.0,3670200.0,37294097571.0,18939.945574,52187653103.0,82939.309825,2683045.0,170939.0,1931364.0,0.063711,0.102202,514646.0,130990.0,383314.0,342.0,3267948.0,470683.0,0.0,21496.0,13439.0,75735.0,7650.0,nan,nan,nan,nan,nan,nan,nan,nan,nan,nan,nan,nan,nan,nan,nan,nan,350400.0,168443.0,2.080229,0.0,0.0,nan,467453.0,1501618.0,0.311066,15866.711825,nan,629227.0,0.171442,82606.310354,nan,nan,nan,nan,nan,nan,nan,nan,nan,nan,nan,nan,nan,nan,nan,nan,nan,nan,nan,nan,nan,nan,nan,4767008.0,25.797692,63.154002,36664.0,2.0,1709.0,4865842.0
spmv_ampm_ls2_l2_ddr4_1x,spmv,ampm,stage1,ls2,l2,ddr4_1x,0.007646,7645563117.0,11279576.0,11329125.0,22959649.0,0.492323,2190871.0,4827587.0,310834.0,1687105.0,40163945517.0,18332.41004,26702301847.0,85905.344483,nan,nan,nan,nan,nan,nan,nan,nan,nan,nan,nan,nan,nan,nan,nan,nan,960741.0,263336.0,28889.0,0.274097,0.476182,647190.0,506815.0,140360.0,15.0,961191.0,102.0,0.0,194.0,0.0,22390.0,11558.0,20821.0,3631.0,5.734233,7561.0,395.0,19.141772,503954.0,1686917.0,0.349433,19925.24042,21154.0,289680.0,0.171702,90254.104191,7.32,57.22,0.0,0.0,5049558732.195605,13929124.43077017,5049550361.0,13929124.0,5063479486.0,19207.0,5049.508507,13.435243,49919.73,3332.0,67411.73,nan,nan,nan,nan,20065984.0,2624526629.7498803,313535.0,71415.97,4767008.0,27.104178,77.402797,75420.0,2.0,1924.0,4862505.0
spmv_ampm_ls2_l2_ddr4_2x,spmv,ampm,stage1,ls2,l2,ddr4_2x,0.007111,7110695187.0,11279581.0,11329130.0,21353439.0,0.529356,2206898.0,4828200.0,310482.0,1687250.0,35712285300.0,16182.118657,22735684480.0,73227.061408,nan,nan,nan,nan,nan,nan,nan,nan,nan,nan,nan,nan,nan,nan,nan,nan,961402.0,263869.0,28851.0,0.274463,0.476338,648112.0,511156.0,136934.0,22.0,961872.0,91.0,0.0,194.0,0.0,22469.0,11389.0,16708.0,3261.0,5.123582,5882.0,241.0,24.406639,519839.0,1687059.0,0.349418,17604.84006,20398.0,290084.0,0.171927,76497.018619,nan,nan,nan,nan,nan,nan,nan,nan,nan,nan,nan,nan,nan,nan,nan,nan,nan,nan,nan,nan,nan,nan,nan,4767008.0,24.304968,67.584161,59649.0,2.0,1697.0,4863481.0
spmv_ampm_ls32_l1d_ddr4_1x,spmv,ampm,stage1,ls32,l1d,ddr4_1x,0.00675,6749814429.0,11279581.0,11329130.0,20269713.0,0.557658,2245789.0,4826211.0,636958.0,3723882.0,51658114509.0,23002.211922,53382835918.0,83809.035946,3510995.0,133923.0,1984359.0,0.038144,0.080177,1323722.0,852482.0,468805.0,2435.0,8578288.0,1998153.0,0.0,32281.0,2942250.0,2041157.0,472890.0,nan,nan,nan,nan,nan,nan,nan,nan,nan,nan,nan,nan,nan,nan,nan,nan,675542.0,265613.0,2.543332,0.0,0.0,nan,709370.0,1536419.0,0.318349,17233.023252,nan,636958.0,0.171047,83476.036469,6.75,57.43,0.0,0.0,6039471518.632471,15787100.68563872,6039462037.0,15787101.0,6055249138.0,19207.0,6039.405146,15.189751,38507.67,3332.0,55999.67,27000960.0,4000252197.1556263,421895.0,59263.2,nan,nan,nan,nan,4767008.0,35.290912,75.846428,53336.0,2.0,1756.0,4865130.0
spmv_ampm_ls32_l1d_ddr4_2x,spmv,ampm,stage1,ls32,l1d,ddr4_2x,0.006133,6132594933.0,11279581.0,11329130.0,18416201.0,0.613784,2316185.0,4826449.0,636372.0,3722280.0,50216608791.0,21680.741733,45116436027.0,70896.324834,3563810.0,132602.0,1982707.0,0.037208,0.079449,1378125.0,870931.0,504738.0,2456.0,8706072.0,2052441.0,0.0,32998.0,2957065.0,2066122.0,467723.0,nan,nan,nan,nan,nan,nan,nan,nan,nan,nan,nan,nan,nan,nan,nan,nan,577837.0,254324.0,2.272051,0.0,0.0,nan,779776.0,1536409.0,0.318331,15730.898291,nan,636372.0,0.170963,70563.325357,nan,nan,nan,nan,nan,nan,nan,nan,nan,nan,nan,nan,nan,nan,nan,nan,nan,nan,nan,nan,nan,nan,nan,4767008.0,34.264442,69.16946,28420.0,2.0,1665.0,4865399.0
spmv_ampm_ls32_l2_ddr4_1x,spmv,ampm,stage1,ls32,l2,ddr4_1x,0.006791,6790835367.0,11279576.0,11329125.0,20392899.0,0.55429,2169924.0,4827802.0,275806.0,1687180.0,36381510072.0,16766.26005,21846227580.0,79208.674141,nan,nan,nan,nan,nan,nan,nan,nan,nan,nan,nan,nan,nan,nan,nan,nan,5060152.0,371873.0,87214.0,0.07349,0.578083,4596339.0,4443309.0,152938.0,92.0,5105130.0,2145.0,0.0,667.0,42000.0,1482131.0,1227158.0,20000.0,3051.0,6.555228,115940.0,3175.0,36.516535,482929.0,1686995.0,0.349433,17217.151016,4392.0,271414.0,0.160868,79395.868695,8.8,57.34,0.0,0.0,6929084487.699376,15691736.61871223,6929084488.0,15691737.0,6944776224.0,19207.0,6929.009092,15.116844,41288.02,3332.0,58780.02,nan,nan,nan,nan,29678784.0,4370417245.604829,463736.0,62631.32,4767008.0,24.723285,72.830586,78062.0,2.0,1943.0,4862953.0
spmv_ampm_ls32_l2_ddr4_2x,spmv,ampm,stage1,ls32,l2,ddr4_2x,0.006504,6503887935.0,11279576.0,11329125.0,19531195.0,0.578744,2403337.0,4827765.0,329064.0,1687129.0,43867077678.0,18252.570354,21457746617.0,65208.429415,nan,nan,nan,nan,nan,nan,nan,nan,nan,nan,nan,nan,nan,nan,nan,nan,3513727.0,291440.0,66091.0,0.082943,0.510501,3106635.0,3017162.0,89384.0,89.0,3563901.0,2220.0,0.0,588.0,47203.0,976341.0,794682.0,37424.0,8539.0,4.382715,74212.0,2420.0,30.666116,716391.0,1686946.0,0.349426,16981.058589,49614.0,279450.0,0.165636,69518.499939,nan,nan,nan,nan,nan,nan,nan,nan,nan,nan,nan,nan,nan,nan,nan,nan,nan,nan,nan,nan,nan,nan,nan,4767008.0,29.405494,69.675296,41047.0,2.0,1742.0,4863139.0
spmv_ampm_ls4_l1d_ddr4_1x,spmv,ampm,stage1,ls4,l1d,ddr4_1x,0.006944,6944234481.0,11279581.0,11329130.0,20853557.0,0.542045,1628653.0,4827224.0,658775.0,4126032.0,31573171557.0,19386.064163,63492346958.0,96379.411723,3318667.0,222556.0,2379591.0,0.067062,0.12827,705327.0,411845.0,292966.0,516.0,4008203.0,285520.0,0.0,29763.0,344145.0,143871.0,33091.0,nan,nan,nan,nan,nan,nan,nan,nan,nan,nan,nan,nan,nan,nan,nan,nan,377461.0,173288.0,2.178229,0.0,0.0,nan,116151.0,1512502.0,0.313327,17106.933299,nan,658775.0,0.159663,96046.412229,8.03,57.55,0.0,0.0,6071453968.807883,15354320.23381873,6071444753.0,15354320.0,6086799073.0,19207.0,6071.389455,14.893506,50993.33,3332.0,68485.33,29911360.0,4307366072.076045,467369.0,71837.19,nan,nan,nan,nan,4767008.0,22.280373,64.557422,49002.0,2.0,1796.0,4866769.0
spmv_ampm_ls4_l1d_ddr4_2x,spmv,ampm,stage1,ls4,l1d,ddr4_2x,0.006295,6294907458.0,11279590.0,11329140.0,18903626.0,0.597959,1639657.0,4827456.0,658387.0,4117344.0,29257142238.0,17843.45277,53249361956.0,80878.513634,3314644.0,221506.0,2370921.0,0.066826,0.127738,710044.0,421237.0,288271.0,536.0,3971747.0,262297.0,0.0,29436.0,335132.0,143382.0,32587.0,nan,nan,nan,nan,nan,nan,nan,nan,nan,nan,nan,nan,nan,nan,nan,nan,317053.0,163526.0,1.938854,0.0,0.0,nan,127097.0,1512560.0,0.313324,15504.373752,nan,658387.0,0.159906,80545.51414,nan,nan,nan,nan,nan,nan,nan,nan,nan,nan,nan,nan,nan,nan,nan,nan,nan,nan,nan,nan,nan,nan,nan,4767009.0,20.75576,57.687004,30373.0,2.0,1665.0,4867475.0
spmv_ampm_ls4_l2_ddr4_1x,spmv,ampm,stage1,ls4,l2,ddr4_1x,0.00758,7580042370.0,11279576.0,11329125.0,22762890.0,0.496579,2165397.0,4827818.0,285166.0,1687164.0,38513192922.0,17785.742255,25530930963.0,89530.066568,nan,nan,nan,nan,nan,nan,nan,nan,nan,nan,nan,nan,nan,nan,nan,nan,1559036.0,305887.0,40439.0,0.196203,0.520636,1208961.0,1052837.0,156089.0,35.0,1560226.0,576.0,0.0,331.0,141.0,60269.0,38582.0,19109.0,3082.0,6.200195,11384.0,638.0,17.84326,478420.0,1686977.0,0.349428,19305.615273,3527.0,281639.0,0.16693,89745.911873,7.65,57.38,0.0,0.0,5333703167.677676,14049525.68886498,5333694724.0,14049526.0,5347744250.0,19207.0,5333.644065,13.551375,48831.45,3332.0,66323.45,nan,nan,nan,nan,22403008.0,2955525431.977236,350052.0,69345.6,4767008.0,26.073898,75.945738,76385.0,2.0,1792.0,4863211.0
spmv_ampm_ls4_l2_ddr4_2x,spmv,ampm,stage1,ls4,l2,ddr4_2x,0.007009,7008927390.0,11279581.0,11329130.0,21047830.0,0.537042,2182377.0,4828052.0,284964.0,1687195.0,34066146753.0,15609.652573,21616609259.0,75857.333765,nan,nan,nan,nan,nan,nan,nan,nan,nan,nan,nan,nan,nan,nan,nan,nan,1559600.0,306340.0,40499.0,0.196422,0.52124,1208959.0,1057656.0,151269.0,34.0,1560414.0,328.0,0.0,294.0,0.0,60236.0,38594.0,14337.0,2908.0,4.930193,7938.0,483.0,16.434783,495371.0,1687006.0,0.349418,17011.221995,3590.0,281374.0,0.16677,75948.954253,nan,nan,nan,nan,nan,nan,nan,nan,nan,nan,nan,nan,nan,nan,nan,nan,nan,nan,nan,nan,nan,nan,nan,4767008.0,23.276935,66.343511,56027.0,2.0,1700.0,4863792.0
spmv_ampm_ls64_l1d_ddr4_1x,spmv,ampm,stage1,ls64,l1d,ddr4_1x,0.00675,6749814429.0,11279581.0,11329130.0,20269713.0,0.557658,2245789.0,4826211.0,636958.0,3723882.0,51658114509.0,23002.211922,53382835918.0,83809.035946,3510995.0,133923.0,1984359.0,0.038144,0.080177,1323722.0,852482.0,468805.0,2435.0,8578288.0,1998153.0,0.0,32281.0,2942250.0,2041157.0,472890.0,nan,nan,nan,nan,nan,nan,nan,nan,nan,nan,nan,nan,nan,nan,nan,nan,675542.0,265613.0,2.543332,0.0,0.0,nan,709370.0,1536419.0,0.318349,17233.023252,nan,636958.0,0.171047,83476.036469,6.75,57.43,0.0,0.0,6039471518.632471,15787100.68563872,6039462037.0,15787101.0,6055249138.0,19207.0,6039.405146,15.189751,38507.67,3332.0,55999.67,27000960.0,4000252197.1556263,421895.0,59263.2,nan,nan,nan,nan,4767008.0,35.290912,75.846428,53336.0,2.0,1756.0,4865130.0
spmv_ampm_ls64_l1d_ddr4_2x,spmv,ampm,stage1,ls64,l1d,ddr4_2x,0.006133,6132594933.0,11279581.0,11329130.0,18416201.0,0.613784,2316185.0,4826449.0,636372.0,3722280.0,50216608791.0,21680.741733,45116436027.0,70896.324834,3563810.0,132602.0,1982707.0,0.037208,0.079449,1378125.0,870931.0,504738.0,2456.0,8706072.0,2052441.0,0.0,32998.0,2957065.0,2066122.0,467723.0,nan,nan,nan,nan,nan,nan,nan,nan,nan,nan,nan,nan,nan,nan,nan,nan,577837.0,254324.0,2.272051,0.0,0.0,nan,779776.0,1536409.0,0.318331,15730.898291,nan,636372.0,0.170963,70563.325357,nan,nan,nan,nan,nan,nan,nan,nan,nan,nan,nan,nan,nan,nan,nan,nan,nan,nan,nan,nan,nan,nan,nan,4767008.0,34.264442,69.16946,28420.0,2.0,1665.0,4865399.0
spmv_ampm_ls8_l1d_ddr4_1x,spmv,ampm,stage1,ls8,l1d,ddr4_1x,0.006677,6677317665.0,11279581.0,11329130.0,20052005.0,0.563713,1768171.0,4826371.0,675016.0,4274904.0,31536080352.0,17835.424488,61727663450.0,91446.222682,3936654.0,189363.0,2526157.0,0.048103,0.108801,1213022.0,922197.0,289092.0,1733.0,6701179.0,1230359.0,0.0,35053.0,1422160.0,458143.0,96046.0,nan,nan,nan,nan,nan,nan,nan,nan,nan,nan,nan,nan,nan,nan,nan,nan,561796.0,256416.0,2.190955,0.0,0.0,nan,217089.0,1551082.0,0.321376,16605.108348,nan,675016.0,0.157902,91113.223175,7.87,57.39,0.0,0.0,6469817098.330307,15977673.27428775,6469807514.0,15977673.0,6485785187.0,19207.0,6469.740421,15.488854,46048.3,3332.0,63540.3,30835968.0,4618017225.933492,481817.0,66527.04,nan,nan,nan,nan,4767008.0,22.513492,63.280698,43269.0,2.0,1803.0,4866903.0
spmv_ampm_ls8_l1d_ddr4_2x,spmv,ampm,stage1,ls8,l1d,ddr4_2x,0.006314,6314239440.0,11279581.0,11329130.0,18961680.0,0.596127,2116506.0,4826782.0,648049.0,3951284.0,42985100538.0,20309.463114,49866598953.0,76948.809354,3591276.0,156911.0,2208272.0,0.043692,0.092672,1176453.0,688550.0,486559.0,1344.0,5742070.0,983590.0,0.0,30260.0,1058019.0,350821.0,68431.0,nan,nan,nan,nan,nan,nan,nan,nan,nan,nan,nan,nan,nan,nan,nan,nan,469353.0,230792.0,2.033662,0.0,0.0,nan,580230.0,1536276.0,0.318282,15459.48982,nan,648049.0,0.16401,76615.809868,nan,nan,nan,nan,nan,nan,nan,nan,nan,nan,nan,nan,nan,nan,nan,nan,nan,nan,nan,nan,nan,nan,nan,4767008.0,29.558496,66.337964,31108.0,2.0,1635.0,4866326.0
spmv_ampm_ls8_l2_ddr4_1x,spmv,ampm,stage1,ls8,l2,ddr4_1x,0.007443,7442923626.0,11279581.0,11329130.0,22351122.0,0.505727,2167382.0,4827755.0,278289.0,1687178.0,38715553026.0,17862.819303,24502835621.0,88048.164394,nan,nan,nan,nan,nan,nan,nan,nan,nan,nan,nan,nan,nan,nan,nan,nan,2540621.0,335072.0,57852.0,0.131886,0.549845,2143484.0,1989890.0,153534.0,60.0,2542807.0,952.0,0.0,492.0,546.0,183455.0,133353.0,18648.0,2949.0,6.323499,28245.0,1063.0,26.571025,480396.0,1686986.0,0.349435,18729.833801,3967.0,274322.0,0.162592,88275.257683,8.11,57.51,0.0,0.0,5773722553.041283,14316954.64773536,5773713954.0,14316955.0,5788030909.0,19207.0,5773.653763,13.766633,47011.5,3332.0,64503.5,nan,nan,nan,nan,25413248.0,3414417408.6678987,397087.0,66863.93,4767008.0,26.191834,77.663419,93044.0,2.0,1905.0,4862903.0
spmv_ampm_ls8_l2_ddr4_2x,spmv,ampm,stage1,ls8,l2,ddr4_2x,0.006802,6801719139.0,11279576.0,11329125.0,20425583.0,0.553403,2184453.0,4828036.0,277492.0,1687198.0,33588233145.0,15376.03837,20583329485.0,74176.298722,nan,nan,nan,nan,nan,nan,nan,nan,nan,nan,nan,nan,nan,nan,nan,nan,2535811.0,335027.0,57390.0,0.132118,0.550568,2139143.0,1990532.0,148555.0,56.0,2537506.0,839.0,0.0,474.0,197.0,183428.0,132992.0,13867.0,2793.0,4.964912,15416.0,838.0,18.396181,497440.0,1687013.0,0.34942,16430.751687,4007.0,273485.0,0.162094,74293.417496,nan,nan,nan,nan,nan,nan,nan,nan,nan,nan,nan,nan,nan,nan,nan,nan,nan,nan,nan,nan,nan,nan,nan,4767008.0,22.97383,65.74949,52244.0,2.0,1761.0,4863276.0
spmv_ampm_sd16_l1d_ddr4_1x,spmv,ampm,stage1,sd16,l1d,ddr4_1x,0.006394,6394291974.0,11279576.0,11329125.0,19202078.0,0.588664,1794944.0,4825888.0,680194.0,4293084.0,31350202416.0,17465.83872,58201357410.0,85565.82006,4023523.0,181160.0,2544196.0,0.045025,0.104047,1290606.0,1125912.0,161530.0,3164.0,10073291.0,2650154.0,0.0,43338.0,3252052.0,1304105.0,301958.0,nan,nan,nan,nan,nan,nan,nan,nan,nan,nan,nan,nan,nan,nan,nan,nan,687935.0,295299.0,2.329622,0.0,0.0,nan,234962.0,1559982.0,0.323253,16512.658756,nan,680194.0,0.158439,85232.82055,7.52,57.38,0.0,0.0,6808011923.291634,16674871.96917918,6808001914.0,16674872.0,6824676786.0,19207.0,6807.941861,16.174426,40163.95,3332.0,57655.95,30664512.0,4795607101.565863,479137.0,60576.11,nan,nan,nan,nan,4767008.0,22.652493,60.933706,34727.0,2.0,1810.0,4867146.0
spmv_ampm_sd16_l1d_ddr4_2x,spmv,ampm,stage1,sd16,l1d,ddr4_2x,0.006306,6306432588.0,11279576.0,11329125.0,18938236.0,0.596865,2318972.0,4826404.0,637115.0,3766099.0,50540043699.0,21794.158661,47156024377.0,74014.933532,3429142.0,134797.0,2026283.0,0.039309,0.080853,1195621.0,665791.0,527911.0,1919.0,7088033.0,1630112.0,0.0,31896.0,1902742.0,778790.0,167815.0,nan,nan,nan,nan,nan,nan,nan,nan,nan,nan,nan,nan,nan,nan,nan,nan,518199.0,242118.0,2.140275,0.0,0.0,nan,786574.0,1532398.0,0.317503,15679.54277,nan,637115.0,0.169171,73681.934054,nan,nan,nan,nan,nan,nan,nan,nan,nan,nan,nan,nan,nan,nan,nan,nan,nan,nan,nan,nan,nan,nan,nan,4767008.0,34.385057,70.282903,30213.0,2.0,1694.0,4865339.0
spmv_ampm_sd16_l2_ddr4_1x,spmv,ampm,stage1,sd16,l2,ddr4_1x,0.007313,7312918428.0,11279581.0,11329130.0,21960716.0,0.514718,2171182.0,4827718.0,274169.0,1687194.0,38122371801.0,17558.349231,23616201019.0,86137.386134,nan,nan,nan,nan,nan,nan,nan,nan,nan,nan,nan,nan,nan,nan,nan,nan,3939861.0,361624.0,77453.0,0.091786,0.572489,3496352.0,3341383.0,154885.0,84.0,3959379.0,1711.0,0.0,568.0,17075.0,548547.0,433403.0,20981.0,3091.0,6.787771,83887.0,2275.0,36.873407,484178.0,1687004.0,0.349441,18250.260374,4123.0,270046.0,0.160056,86365.470638,8.55,57.29,0.0,0.0,6244764856.824682,14571473.89912059,6244764857.0,14571474.0,6259336331.0,19207.0,6244.694844,14.072631,45862.79,3332.0,63354.79,nan,nan,nan,nan,28379456.0,3880729188.9568443,443434.0,65905.91,4767008.0,25.823829,76.5143,94008.0,2.0,1801.0,4862951.0
spmv_ampm_sd16_l2_ddr4_2x,spmv,ampm,stage1,sd16,l2,ddr4_2x,0.006586,6586102638.0,11279581.0,11329130.0,19778086.0,0.57152,2186209.0,4827992.0,274036.0,1687225.0,32856346431.0,15028.913718,19715432744.0,71944.681516,nan,nan,nan,nan,nan,nan,nan,nan,nan,nan,nan,nan,nan,nan,nan,nan,3946300.0,362416.0,77890.0,0.091837,0.57317,3501490.0,3352744.0,148644.0,102.0,3962959.0,1560.0,0.0,568.0,14337.0,549012.0,433719.0,15663.0,2840.0,5.515141,69638.0,2189.0,31.8127,499170.0,1687039.0,0.349429,15961.860058,4151.0,269885.0,0.159958,72048.646431,nan,nan,nan,nan,nan,nan,nan,nan,nan,nan,nan,nan,nan,nan,nan,nan,nan,nan,nan,nan,nan,nan,nan,4767008.0,22.514201,64.25636,44101.0,2.0,1701.0,4863752.0
spmv_ampm_sd1_l1d_ddr4_1x,spmv,ampm,stage1,sd1,l1d,ddr4_1x,0.006419,6419445462.0,11279581.0,11329130.0,19277614.0,0.586358,1801973.0,4826033.0,680900.0,4293142.0,31809061431.0,17652.351856,58269266592.0,85576.834472,4026313.0,180912.0,2543984.0,0.044932,0.103958,1292683.0,1123717.0,165793.0,3173.0,10010357.0,2619535.0,0.0,43048.0,3217497.0,1292974.0,299663.0,nan,nan,nan,nan,nan,nan,nan,nan,nan,nan,nan,nan,nan,nan,nan,nan,679290.0,293361.0,2.315543,0.0,0.0,nan,242651.0,1559322.0,0.323106,16554.928378,nan,680900.0,0.158602,85243.834961,7.52,57.35,0.0,0.0,6788374518.945325,16599564.65566745,6788364549.0,16599565.0,6804964114.0,19207.0,6788.314701,15.991412,40176.3,3332.0,57668.3,30694080.0,4781422348.969868,479598.0,60529.81,nan,nan,nan,nan,4767008.0,22.942297,61.590073,35639.0,2.0,1772.0,4866994.0
spmv_ampm_sd1_l1d_ddr4_2x,spmv,ampm,stage1,sd1,l1d,ddr4_2x,0.006315,6314513499.0,11279581.0,11329130.0,18962503.0,0.596101,2333039.0,4826742.0,636979.0,3756468.0,51134275206.0,21917.454104,47189931453.0,74083.967373,3408007.0,133853.0,2016468.0,0.039276,0.080351,1183721.0,648237.0,533642.0,1842.0,7040605.0,1623510.0,0.0,31748.0,1882000.0,767869.0,164801.0,nan,nan,nan,nan,nan,nan,nan,nan,nan,nan,nan,nan,nan,nan,nan,nan,519468.0,242981.0,2.137896,0.0,0.0,nan,801044.0,1531995.0,0.317397,15703.718506,nan,636979.0,0.169569,73750.967895,nan,nan,nan,nan,nan,nan,nan,nan,nan,nan,nan,nan,nan,nan,nan,nan,nan,nan,nan,nan,nan,nan,nan,4767008.0,34.76575,70.467612,30947.0,2.0,1682.0,4865812.0
spmv_ampm_sd1_l2_ddr4_1x,spmv,ampm,stage1,sd1,l2,ddr4_1x,0.007328,7328310354.0,11279581.0,11329130.0,22006938.0,0.513637,2175476.0,4827830.0,275526.0,1687147.0,38433627900.0,17666.767135,23721028816.0,86093.613002,nan,nan,nan,nan,nan,nan,nan,nan,nan,nan,nan,nan,nan,nan,nan,nan,3919281.0,360310.0,76992.0,0.091933,0.571377,3476314.0,3322889.0,153355.0,70.0,3935165.0,1448.0,0.0,517.0,13751.0,543010.0,429504.0,19545.0,3092.0,6.321151,77704.0,1917.0,40.534168,488519.0,1686957.0,0.349423,18313.157103,5237.0,270289.0,0.160205,86491.23072,8.53,57.32,0.0,0.0,6229037499.085155,14540868.88416735,6229037499.0,14540869.0,6243578368.0,19207.0,6228.967633,14.03434,45870.08,3332.0,63362.08,nan,nan,nan,nan,28345792.0,3867984655.498121,442908.0,65842.8,4767008.0,26.014019,76.591761,94718.0,2.0,1843.0,4862910.0
spmv_ampm_sd1_l2_ddr4_2x,spmv,ampm,stage1,sd1,l2,ddr4_2x,0.006587,6587498241.0,11279590.0,11329140.0,19782277.0,0.5714,2193905.0,4828081.0,275393.0,1687224.0,33100739460.0,15087.590146,19763774101.0,71765.709735,nan,nan,nan,nan,nan,nan,nan,nan,nan,nan,nan,nan,nan,nan,nan,nan,3911716.0,360088.0,76968.0,0.092054,0.571489,3468838.0,3321756.0,146994.0,88.0,3926182.0,1479.0,0.0,577.0,12249.0,541154.0,427894.0,15400.0,2989.0,5.152225,66518.0,1801.0,36.933926,506867.0,1687038.0,0.349422,15993.570129,5394.0,269999.0,0.160026,72040.31402,nan,nan,nan,nan,nan,nan,nan,nan,nan,nan,nan,nan,nan,nan,nan,nan,nan,nan,nan,nan,nan,nan,nan,4767009.0,22.668264,64.091066,43955.0,2.0,1839.0,4863573.0
spmv_ampm_sd2_l1d_ddr4_1x,spmv,ampm,stage1,sd2,l1d,ddr4_1x,0.00641,6410258991.0,11279581.0,11329130.0,19250027.0,0.587198,1799909.0,4825785.0,681145.0,4305377.0,31492435707.0,17496.682169,58227421985.0,85484.620727,4035490.0,181128.0,2556109.0,0.044884,0.104043,1290070.0,1123257.0,163697.0,3116.0,10055057.0,2652455.0,0.0,43189.0,3219057.0,1295919.0,299586.0,nan,nan,nan,nan,nan,nan,nan,nan,nan,nan,nan,nan,nan,nan,nan,nan,686459.0,295355.0,2.324183,0.0,0.0,nan,240142.0,1559767.0,0.323215,16506.462819,nan,681145.0,0.158208,85151.621216,7.51,57.35,0.0,0.0,6800548942.126198,16623353.30750445,6800538958.0,16623353.0,6817162311.0,19207.0,6800.479054,16.134138,40082.84,3332.0,57574.84,30725888.0,4793236598.262118,480096.0,60471.96,nan,nan,nan,nan,4767008.0,22.769362,61.087547,35515.0,2.0,1650.0,4866854.0
spmv_ampm_sd2_l1d_ddr4_2x,spmv,ampm,stage1,sd2,l1d,ddr4_2x,0.006317,6316845165.0,11279581.0,11329130.0,18969505.0,0.595881,2326317.0,4826764.0,638267.0,3770807.0,50696710541.0,21792.692286,47220371558.0,73982.160378,3423178.0,134301.0,2030799.0,0.039233,0.08059,1184728.0,652028.0,530834.0,1866.0,7048780.0,1623681.0,0.0,31836.0,1874787.0,763350.0,166026.0,nan,nan,nan,nan,nan,nan,nan,nan,nan,nan,nan,nan,nan,nan,nan,nan,521067.0,243003.0,2.144282,0.0,0.0,nan,794144.0,1532173.0,0.317433,15660.675904,nan,638267.0,0.169265,73649.1609,nan,nan,nan,nan,nan,nan,nan,nan,nan,nan,nan,nan,nan,nan,nan,nan,nan,nan,nan,nan,nan,nan,nan,4767008.0,34.500362,69.837103,30249.0,2.0,1735.0,4865469.0
spmv_ampm_sd2_l2_ddr4_1x,spmv,ampm,stage1,sd2,l2,ddr4_1x,0.007321,7320929409.0,11279576.0,11329125.0,21984773.0,0.514155,2171872.0,4827881.0,274347.0,1687226.0,38287753920.0,17628.918242,23692354070.0,86359.078357,nan,nan,nan,nan,nan,nan,nan,nan,nan,nan,nan,nan,nan,nan,nan,nan,3922286.0,361204.0,77057.0,0.09209,0.572308,3479216.0,3324659.0,154481.0,76.0,3938275.0,1616.0,0.0,571.0,13615.0,543339.0,429622.0,19732.0,3066.0,6.435747,82440.0,2267.0,36.36524,484833.0,1687039.0,0.349437,18302.22332,4415.0,269932.0,0.159986,86645.676122,8.55,57.28,0.0,0.0,6233097117.95638,14555528.95633719,6233044666.0,14555529.0,6247600195.0,19207.0,6232.974729,14.074716,45979.29,3332.0,63471.29,nan,nan,nan,nan,28351552.0,3872671134.5073156,443002.0,65921.93,4767008.0,25.92544,76.869021,94935.0,2.0,1798.0,4862963.0
spmv_ampm_sd2_l2_ddr4_2x,spmv,ampm,stage1,sd2,l2,ddr4_2x,0.006587,6587065674.0,11279576.0,11329125.0,19780978.0,0.571436,2187729.0,4827985.0,273711.0,1687194.0,32872879881.0,15026.029221,19684863293.0,71918.422325,nan,nan,nan,nan,nan,nan,nan,nan,nan,nan,nan,nan,nan,nan,nan,nan,3916933.0,361800.0,77151.0,0.092368,0.573198,3473278.0,3324585.0,148634.0,59.0,3931702.0,1517.0,0.0,535.0,12549.0,542781.0,428738.0,14657.0,2809.0,5.217871,74217.0,2120.0,35.008019,500718.0,1687011.0,0.349423,15951.500044,4315.0,269396.0,0.159671,72054.524139,nan,nan,nan,nan,nan,nan,nan,nan,nan,nan,nan,nan,nan,nan,nan,nan,nan,nan,nan,nan,nan,nan,nan,4767008.0,22.524476,64.382832,43904.0,2.0,1742.0,4863548.0
spmv_ampm_sd32_l1d_ddr4_1x,spmv,ampm,stage1,sd32,l1d,ddr4_1x,0.006394,6394291974.0,11279576.0,11329125.0,19202078.0,0.588664,1794944.0,4825888.0,680194.0,4293084.0,31350202416.0,17465.83872,58201357410.0,85565.82006,4023523.0,181160.0,2544196.0,0.045025,0.104047,1290606.0,1125912.0,161530.0,3164.0,10073291.0,2650154.0,0.0,43338.0,3252052.0,1304105.0,301958.0,nan,nan,nan,nan,nan,nan,nan,nan,nan,nan,nan,nan,nan,nan,nan,nan,687935.0,295299.0,2.329622,0.0,0.0,nan,234962.0,1559982.0,0.323253,16512.658756,nan,680194.0,0.158439,85232.82055,7.52,57.38,0.0,0.0,6808011923.291634,16674871.96917918,6808001914.0,16674872.0,6824676786.0,19207.0,6807.941861,16.174426,40163.95,3332.0,57655.95,30664512.0,4795607101.565863,479137.0,60576.11,nan,nan,nan,nan,4767008.0,22.652493,60.933706,34727.0,2.0,1810.0,4867146.0
spmv_ampm_sd32_l1d_ddr4_2x,spmv,ampm,stage1,sd32,l1d,ddr4_2x,0.006306,6306432588.0,11279576.0,11329125.0,18938236.0,0.596865,2318972.0,4826404.0,637115.0,3766099.0,50540043699.0,21794.158661,47156024377.0,74014.933532,3429142.0,134797.0,2026283.0,0.039309,0.080853,1195621.0,665791.0,527911.0,1919.0,7088033.0,1630112.0,0.0,31896.0,1902742.0,778790.0,167815.0,nan,nan,nan,nan,nan,nan,nan,nan,nan,nan,nan,nan,nan,nan,nan,nan,518199.0,242118.0,2.140275,0.0,0.0,nan,786574.0,1532398.0,0.317503,15679.54277,nan,637115.0,0.169171,73681.934054,nan,nan,nan,nan,nan,nan,nan,nan,nan,nan,nan,nan,nan,nan,nan,nan,nan,nan,nan,nan,nan,nan,nan,4767008.0,34.385057,70.282903,30213.0,2.0,1694.0,4865339.0
spmv_ampm_sd32_l2_ddr4_1x,spmv,ampm,stage1,sd32,l2,ddr4_1x,0.007313,7312918428.0,11279581.0,11329130.0,21960716.0,0.514718,2171182.0,4827718.0,274169.0,1687194.0,38122371801.0,17558.349231,23616201019.0,86137.386134,nan,nan,nan,nan,nan,nan,nan,nan,nan,nan,nan,nan,nan,nan,nan,nan,3939861.0,361624.0,77453.0,0.091786,0.572489,3496352.0,3341383.0,154885.0,84.0,3959379.0,1711.0,0.0,568.0,17075.0,548547.0,433403.0,20981.0,3091.0,6.787771,83887.0,2275.0,36.873407,484178.0,1687004.0,0.349441,18250.260374,4123.0,270046.0,0.160056,86365.470638,8.55,57.29,0.0,0.0,6244764856.824682,14571473.89912059,6244764857.0,14571474.0,6259336331.0,19207.0,6244.694844,14.072631,45862.79,3332.0,63354.79,nan,nan,nan,nan,28379456.0,3880729188.9568443,443434.0,65905.91,4767008.0,25.823829,76.5143,94008.0,2.0,1801.0,4862951.0
spmv_ampm_sd32_l2_ddr4_2x,spmv,ampm,stage1,sd32,l2,ddr4_2x,0.006586,6586102638.0,11279581.0,11329130.0,19778086.0,0.57152,2186209.0,4827992.0,274036.0,1687225.0,32856346431.0,15028.913718,19715432744.0,71944.681516,nan,nan,nan,nan,nan,nan,nan,nan,nan,nan,nan,nan,nan,nan,nan,nan,3946300.0,362416.0,77890.0,0.091837,0.57317,3501490.0,3352744.0,148644.0,102.0,3962959.0,1560.0,0.0,568.0,14337.0,549012.0,433719.0,15663.0,2840.0,5.515141,69638.0,2189.0,31.8127,499170.0,1687039.0,0.349429,15961.860058,4151.0,269885.0,0.159958,72048.646431,nan,nan,nan,nan,nan,nan,nan,nan,nan,nan,nan,nan,nan,nan,nan,nan,nan,nan,nan,nan,nan,nan,nan,4767008.0,22.514201,64.25636,44101.0,2.0,1701.0,4863752.0
spmv_ampm_sd64_l1d_ddr4_1x,spmv,ampm,stage1,sd64,l1d,ddr4_1x,0.006394,6394291974.0,11279576.0,11329125.0,19202078.0,0.588664,1794944.0,4825888.0,680194.0,4293084.0,31350202416.0,17465.83872,58201357410.0,85565.82006,4023523.0,181160.0,2544196.0,0.045025,0.104047,1290606.0,1125912.0,161530.0,3164.0,10073291.0,2650154.0,0.0,43338.0,3252052.0,1304105.0,301958.0,nan,nan,nan,nan,nan,nan,nan,nan,nan,nan,nan,nan,nan,nan,nan,nan,687935.0,295299.0,2.329622,0.0,0.0,nan,234962.0,1559982.0,0.323253,16512.658756,nan,680194.0,0.158439,85232.82055,7.52,57.38,0.0,0.0,6808011923.291634,16674871.96917918,6808001914.0,16674872.0,6824676786.0,19207.0,6807.941861,16.174426,40163.95,3332.0,57655.95,30664512.0,4795607101.565863,479137.0,60576.11,nan,nan,nan,nan,4767008.0,22.652493,60.933706,34727.0,2.0,1810.0,4867146.0
spmv_ampm_sd64_l1d_ddr4_2x,spmv,ampm,stage1,sd64,l1d,ddr4_2x,0.006306,6306432588.0,11279576.0,11329125.0,18938236.0,0.596865,2318972.0,4826404.0,637115.0,3766099.0,50540043699.0,21794.158661,47156024377.0,74014.933532,3429142.0,134797.0,2026283.0,0.039309,0.080853,1195621.0,665791.0,527911.0,1919.0,7088033.0,1630112.0,0.0,31896.0,1902742.0,778790.0,167815.0,nan,nan,nan,nan,nan,nan,nan,nan,nan,nan,nan,nan,nan,nan,nan,nan,518199.0,242118.0,2.140275,0.0,0.0,nan,786574.0,1532398.0,0.317503,15679.54277,nan,637115.0,0.169171,73681.934054,nan,nan,nan,nan,nan,nan,nan,nan,nan,nan,nan,nan,nan,nan,nan,nan,nan,nan,nan,nan,nan,nan,nan,4767008.0,34.385057,70.282903,30213.0,2.0,1694.0,4865339.0
spmv_ampm_sd64_l2_ddr4_1x,spmv,ampm,stage1,sd64,l2,ddr4_1x,0.007313,7312918428.0,11279581.0,11329130.0,21960716.0,0.514718,2171182.0,4827718.0,274169.0,1687194.0,38122371801.0,17558.349231,23616201019.0,86137.386134,nan,nan,nan,nan,nan,nan,nan,nan,nan,nan,nan,nan,nan,nan,nan,nan,3939861.0,361624.0,77453.0,0.091786,0.572489,3496352.0,3341383.0,154885.0,84.0,3959379.0,1711.0,0.0,568.0,17075.0,548547.0,433403.0,20981.0,3091.0,6.787771,83887.0,2275.0,36.873407,484178.0,1687004.0,0.349441,18250.260374,4123.0,270046.0,0.160056,86365.470638,8.55,57.29,0.0,0.0,6244764856.824682,14571473.89912059,6244764857.0,14571474.0,6259336331.0,19207.0,6244.694844,14.072631,45862.79,3332.0,63354.79,nan,nan,nan,nan,28379456.0,3880729188.9568443,443434.0,65905.91,4767008.0,25.823829,76.5143,94008.0,2.0,1801.0,4862951.0
spmv_ampm_sd64_l2_ddr4_2x,spmv,ampm,stage1,sd64,l2,ddr4_2x,0.006586,6586102638.0,11279581.0,11329130.0,19778086.0,0.57152,2186209.0,4827992.0,274036.0,1687225.0,32856346431.0,15028.913718,19715432744.0,71944.681516,nan,nan,nan,nan,nan,nan,nan,nan,nan,nan,nan,nan,nan,nan,nan,nan,3946300.0,362416.0,77890.0,0.091837,0.57317,3501490.0,3352744.0,148644.0,102.0,3962959.0,1560.0,0.0,568.0,14337.0,549012.0,433719.0,15663.0,2840.0,5.515141,69638.0,2189.0,31.8127,499170.0,1687039.0,0.349429,15961.860058,4151.0,269885.0,0.159958,72048.646431,nan,nan,nan,nan,nan,nan,nan,nan,nan,nan,nan,nan,nan,nan,nan,nan,nan,nan,nan,nan,nan,nan,nan,4767008.0,22.514201,64.25636,44101.0,2.0,1701.0,4863752.0
spmv_ampm_sd8_l1d_ddr4_1x,spmv,ampm,stage1,sd8,l1d,ddr4_1x,0.006403,6403169088.0,11279581.0,11329130.0,19228736.0,0.587848,1796244.0,4825890.0,680635.0,4298553.0,31333005963.0,17443.624565,58173443896.0,85469.368892,4034522.0,180948.0,2549354.0,0.04485,0.103908,1296631.0,1130131.0,163313.0,3187.0,10067270.0,2652828.0,0.0,43154.0,3232070.0,1297067.0,299710.0,nan,nan,nan,nan,nan,nan,nan,nan,nan,nan,nan,nan,nan,nan,nan,nan,694659.0,296557.0,2.342413,0.0,0.0,nan,235772.0,1560472.0,0.323354,16525.20481,nan,680635.0,0.15834,85136.369382,7.51,57.38,0.0,0.0,6802981367.716148,16651754.55069913,6802971373.0,16651755.0,6819623127.0,19207.0,6802.911402,16.152002,40068.58,3332.0,57560.58,30686656.0,4792416938.904363,479483.0,60438.62,nan,nan,nan,nan,4767008.0,22.665029,60.925374,34676.0,2.0,1743.0,4866808.0
spmv_ampm_sd8_l1d_ddr4_2x,spmv,ampm,stage1,sd8,l1d,ddr4_2x,0.006309,6308965053.0,11279581.0,11329130.0,18945841.0,0.596626,2316479.0,4826495.0,637134.0,3768327.0,50420191005.0,21765.874418,47160508575.0,74019.764406,3430151.0,134965.0,2028412.0,0.039347,0.080959,1194126.0,664191.0,528137.0,1798.0,7051701.0,1606925.0,0.0,31683.0,1889932.0,776248.0,165406.0,nan,nan,nan,nan,nan,nan,nan,nan,nan,nan,nan,nan,nan,nan,nan,nan,513922.0,240974.0,2.132687,0.0,0.0,nan,784361.0,1532118.0,0.317439,15667.809989,nan,637134.0,0.169076,73686.764929,nan,nan,nan,nan,nan,nan,nan,nan,nan,nan,nan,nan,nan,nan,nan,nan,nan,nan,nan,nan,nan,nan,nan,4767008.0,34.30724,69.790164,30358.0,2.0,1698.0,4865369.0
spmv_ampm_sd8_l2_ddr4_1x,spmv,ampm,stage1,sd8,l2,ddr4_1x,0.007326,7326110889.0,11279581.0,11329130.0,22000333.0,0.513791,2170311.0,4827878.0,273945.0,1687184.0,38222981091.0,17611.75292,23649184012.0,86328.219212,nan,nan,nan,nan,nan,nan,nan,nan,nan,nan,nan,nan,nan,nan,nan,nan,3932434.0,361666.0,77259.0,0.09197,0.572787,3489032.0,3334635.0,154319.0,78.0,3950926.0,1959.0,0.0,634.0,15748.0,545690.0,430999.0,20055.0,3093.0,6.483996,83413.0,2291.0,36.408992,483317.0,1686994.0,0.349428,18271.180439,4197.0,269748.0,0.159881,86579.640338,8.54,57.27,0.0,0.0,6229981594.809028,14545234.38349774,6229981595.0,14545234.0,6244526829.0,19207.0,6229.911708,14.038554,45959.84,3332.0,63451.84,nan,nan,nan,nan,28372864.0,3872841188.1672792,443331.0,65928.73,4767008.0,25.881935,77.034907,94172.0,2.0,1745.0,4862830.0
spmv_ampm_sd8_l2_ddr4_2x,spmv,ampm,stage1,sd8,l2,ddr4_2x,0.006587,6587471934.0,11279576.0,11329125.0,19782198.0,0.571401,2186745.0,4828079.0,274403.0,1687225.0,32887650096.0,15039.545121,19743416382.0,71950.439252,nan,nan,nan,nan,nan,nan,nan,nan,nan,nan,nan,nan,nan,nan,nan,nan,3931385.0,361726.0,77819.0,0.09201,0.57236,3487396.0,3338496.0,148813.0,87.0,3947788.0,1672.0,0.0,610.0,13951.0,545201.0,430611.0,15249.0,2846.0,5.358046,67490.0,2230.0,30.264574,499703.0,1687042.0,0.349423,15979.19126,4139.0,270264.0,0.160183,72061.603062,nan,nan,nan,nan,nan,nan,nan,nan,nan,nan,nan,nan,nan,nan,nan,nan,nan,nan,nan,nan,nan,nan,nan,4767008.0,22.534233,64.240238,44132.0,2.0,1756.0,4863462.0
