Skipping existing: simple_triad_stride_deg1_dist16_l1d_ddr4_2x
==================================================
Rerunning        : simple_triad_stride_deg4_dist4_l2_ddr4_1x
Benchmark        : simple_triad
Binary           : ../benchmarks/simple_triad/simple_triad-m5.x
Args             : 1000000 1
Stride config    : deg4_dist4
Level            : l2
Memory           : ddr4_1x
Output dir       : results_stride_multisim/simple_triad_stride_deg4_dist4_l2_ddr4_1x
==================================================
Global frequency set at 1000000000000 ticks per second
src/mem/dram_interface.cc:690: warn: DRAM device capacity (16384 Mbytes) does not match the address range assigned (1024 Mbytes)
src/base/statistics.hh:279: warn: One of the stats is a legacy stat. Legacy stat is a stat that does not belong to any statistics::Group. Legacy stat is deprecated.
src/base/remote_gdb.cc:418: warn: Sockets disabled, not accepting gdb connections
gem5 Simulator System.  https://www.gem5.org
gem5 is copyrighted software; use the --copyright option for details.

gem5 version 25.0.0.1
gem5 compiled May  5 2026 12:55:05
gem5 started Jun 13 2026 14:39:37
gem5 executing on cn27.guoehi.cluster, pid 168807
command line: ../../gem5/build/ALL/gem5.opt '--outdir=results_stride_multisim/simple_triad_stride_deg4_dist4_l2_ddr4_1x' run.py --benchmark ../benchmarks/simple_triad/simple_triad-m5.x --benchmark-args '1000000 1' --prefetcher stride --stride-config deg4_dist4 --pf-level l2 --memory ddr4_1x

info: Standard input is not a terminal, disabling listeners.
========== RUN CONFIG ==========
Benchmark      : ../benchmarks/simple_triad/simple_triad-m5.x
Benchmark args : ['1000000', '1']
CPU            : Out-of-order Armv8
Clock          : 3GHz
CPU width      : 4
ROB size       : 128
LSQ size       : 64
L1D            : 16KiB, assoc 8
L2             : 256KiB, assoc 16
Memory         : ddr4_1x
Prefetcher     : stride
PF level       : l2
Stride config  : deg4_dist4
================================
src/sim/mem_state.cc:443: info: Increasing stack size by one page.
src/sim/syscall_emul.hh:1121: warn: readlink() called on '/proc/self/exe' may yield unexpected results in various settings.
      Returning '/home/fdemirel/HPC_Lab_Proj/benchmarks/simple_triad/simple_triad-m5.x'
Array SIZE      : 1000000 
Array LOOP      : 1 

----triad----
a[0]=7.00e+00. b[0]=2.00e+00. c[0]=1.00e+00.
Execution time: 2.351397 (ms) 
   Rate [MB/s]: 10206.7 
==================================================
Rerunning        : simple_triad_stride_deg4_dist8_l1d_ddr4_1x
Benchmark        : simple_triad
Binary           : ../benchmarks/simple_triad/simple_triad-m5.x
Args             : 1000000 1
Stride config    : deg4_dist8
Level            : l1d
Memory           : ddr4_1x
Output dir       : results_stride_multisim/simple_triad_stride_deg4_dist8_l1d_ddr4_1x
==================================================
Global frequency set at 1000000000000 ticks per second
src/mem/dram_interface.cc:690: warn: DRAM device capacity (16384 Mbytes) does not match the address range assigned (1024 Mbytes)
src/base/statistics.hh:279: warn: One of the stats is a legacy stat. Legacy stat is a stat that does not belong to any statistics::Group. Legacy stat is deprecated.
src/base/remote_gdb.cc:418: warn: Sockets disabled, not accepting gdb connections
gem5 Simulator System.  https://www.gem5.org
gem5 is copyrighted software; use the --copyright option for details.

gem5 version 25.0.0.1
gem5 compiled May  5 2026 12:55:05
gem5 started Jun 13 2026 14:41:09
gem5 executing on cn27.guoehi.cluster, pid 168826
command line: ../../gem5/build/ALL/gem5.opt '--outdir=results_stride_multisim/simple_triad_stride_deg4_dist8_l1d_ddr4_1x' run.py --benchmark ../benchmarks/simple_triad/simple_triad-m5.x --benchmark-args '1000000 1' --prefetcher stride --stride-config deg4_dist8 --pf-level l1d --memory ddr4_1x

info: Standard input is not a terminal, disabling listeners.
========== RUN CONFIG ==========
Benchmark      : ../benchmarks/simple_triad/simple_triad-m5.x
Benchmark args : ['1000000', '1']
CPU            : Out-of-order Armv8
Clock          : 3GHz
CPU width      : 4
ROB size       : 128
LSQ size       : 64
L1D            : 16KiB, assoc 8
L2             : 256KiB, assoc 16
Memory         : ddr4_1x
Prefetcher     : stride
PF level       : l1d
Stride config  : deg4_dist8
================================
src/sim/mem_state.cc:443: info: Increasing stack size by one page.
src/sim/syscall_emul.hh:1121: warn: readlink() called on '/proc/self/exe' may yield unexpected results in various settings.
      Returning '/home/fdemirel/HPC_Lab_Proj/benchmarks/simple_triad/simple_triad-m5.x'
Array SIZE      : 1000000 
Array LOOP      : 1 

----triad----
a[0]=7.00e+00. b[0]=2.00e+00. c[0]=1.00e+00.
Execution time: 2.622476 (ms) 
   Rate [MB/s]: 9151.7 
==================================================
Rerunning        : simple_triad_stride_deg4_dist16_l1d_ddr4_1x
Benchmark        : simple_triad
Binary           : ../benchmarks/simple_triad/simple_triad-m5.x
Args             : 1000000 1
Stride config    : deg4_dist16
Level            : l1d
Memory           : ddr4_1x
Output dir       : results_stride_multisim/simple_triad_stride_deg4_dist16_l1d_ddr4_1x
==================================================
Global frequency set at 1000000000000 ticks per second
src/mem/dram_interface.cc:690: warn: DRAM device capacity (16384 Mbytes) does not match the address range assigned (1024 Mbytes)
src/base/statistics.hh:279: warn: One of the stats is a legacy stat. Legacy stat is a stat that does not belong to any statistics::Group. Legacy stat is deprecated.
src/base/remote_gdb.cc:418: warn: Sockets disabled, not accepting gdb connections
gem5 Simulator System.  https://www.gem5.org
gem5 is copyrighted software; use the --copyright option for details.

gem5 version 25.0.0.1
gem5 compiled May  5 2026 12:55:05
gem5 started Jun 13 2026 14:42:46
gem5 executing on cn27.guoehi.cluster, pid 168836
command line: ../../gem5/build/ALL/gem5.opt '--outdir=results_stride_multisim/simple_triad_stride_deg4_dist16_l1d_ddr4_1x' run.py --benchmark ../benchmarks/simple_triad/simple_triad-m5.x --benchmark-args '1000000 1' --prefetcher stride --stride-config deg4_dist16 --pf-level l1d --memory ddr4_1x

info: Standard input is not a terminal, disabling listeners.
========== RUN CONFIG ==========
Benchmark      : ../benchmarks/simple_triad/simple_triad-m5.x
Benchmark args : ['1000000', '1']
CPU            : Out-of-order Armv8
Clock          : 3GHz
CPU width      : 4
ROB size       : 128
LSQ size       : 64
L1D            : 16KiB, assoc 8
L2             : 256KiB, assoc 16
Memory         : ddr4_1x
Prefetcher     : stride
PF level       : l1d
Stride config  : deg4_dist16
================================
src/sim/mem_state.cc:443: info: Increasing stack size by one page.
src/sim/syscall_emul.hh:1121: warn: readlink() called on '/proc/self/exe' may yield unexpected results in various settings.
      Returning '/home/fdemirel/HPC_Lab_Proj/benchmarks/simple_triad/simple_triad-m5.x'
Array SIZE      : 1000000 
Array LOOP      : 1 

----triad----
a[0]=7.00e+00. b[0]=2.00e+00. c[0]=1.00e+00.
Execution time: 2.559977 (ms) 
   Rate [MB/s]: 9375.1 
==================================================
Rerunning        : simple_triad_stride_deg4_dist32_l1d_ddr4_2x
Benchmark        : simple_triad
Binary           : ../benchmarks/simple_triad/simple_triad-m5.x
Args             : 1000000 1
Stride config    : deg4_dist32
Level            : l1d
Memory           : ddr4_2x
Output dir       : results_stride_multisim/simple_triad_stride_deg4_dist32_l1d_ddr4_2x
==================================================
Global frequency set at 1000000000000 ticks per second
src/mem/dram_interface.cc:690: warn: DRAM device capacity (16384 Mbytes) does not match the address range assigned (512 Mbytes)
src/mem/dram_interface.cc:690: warn: DRAM device capacity (16384 Mbytes) does not match the address range assigned (512 Mbytes)
src/base/statistics.hh:279: warn: One of the stats is a legacy stat. Legacy stat is a stat that does not belong to any statistics::Group. Legacy stat is deprecated.
src/base/remote_gdb.cc:418: warn: Sockets disabled, not accepting gdb connections
gem5 Simulator System.  https://www.gem5.org
gem5 is copyrighted software; use the --copyright option for details.

gem5 version 25.0.0.1
gem5 compiled May  5 2026 12:55:05
gem5 started Jun 13 2026 14:44:20
gem5 executing on cn27.guoehi.cluster, pid 168847
command line: ../../gem5/build/ALL/gem5.opt '--outdir=results_stride_multisim/simple_triad_stride_deg4_dist32_l1d_ddr4_2x' run.py --benchmark ../benchmarks/simple_triad/simple_triad-m5.x --benchmark-args '1000000 1' --prefetcher stride --stride-config deg4_dist32 --pf-level l1d --memory ddr4_2x

info: Standard input is not a terminal, disabling listeners.
========== RUN CONFIG ==========
Benchmark      : ../benchmarks/simple_triad/simple_triad-m5.x
Benchmark args : ['1000000', '1']
CPU            : Out-of-order Armv8
Clock          : 3GHz
CPU width      : 4
ROB size       : 128
LSQ size       : 64
L1D            : 16KiB, assoc 8
L2             : 256KiB, assoc 16
Memory         : ddr4_2x
Prefetcher     : stride
PF level       : l1d
Stride config  : deg4_dist32
================================
src/sim/mem_state.cc:443: info: Increasing stack size by one page.
src/sim/syscall_emul.hh:1121: warn: readlink() called on '/proc/self/exe' may yield unexpected results in various settings.
      Returning '/home/fdemirel/HPC_Lab_Proj/benchmarks/simple_triad/simple_triad-m5.x'
Array SIZE      : 1000000 
Array LOOP      : 1 

----triad----
a[0]=7.00e+00. b[0]=2.00e+00. c[0]=1.00e+00.
Execution time: 2.012419 (ms) 
   Rate [MB/s]: 11925.9 
==================================================
Rerunning        : simple_triad_stride_deg4_dist32_l2_ddr4_2x
Benchmark        : simple_triad
Binary           : ../benchmarks/simple_triad/simple_triad-m5.x
Args             : 1000000 1
Stride config    : deg4_dist32
Level            : l2
Memory           : ddr4_2x
Output dir       : results_stride_multisim/simple_triad_stride_deg4_dist32_l2_ddr4_2x
==================================================
Global frequency set at 1000000000000 ticks per second
src/mem/dram_interface.cc:690: warn: DRAM device capacity (16384 Mbytes) does not match the address range assigned (512 Mbytes)
src/mem/dram_interface.cc:690: warn: DRAM device capacity (16384 Mbytes) does not match the address range assigned (512 Mbytes)
src/base/statistics.hh:279: warn: One of the stats is a legacy stat. Legacy stat is a stat that does not belong to any statistics::Group. Legacy stat is deprecated.
src/base/remote_gdb.cc:418: warn: Sockets disabled, not accepting gdb connections
gem5 Simulator System.  https://www.gem5.org
gem5 is copyrighted software; use the --copyright option for details.

gem5 version 25.0.0.1
gem5 compiled May  5 2026 12:55:05
gem5 started Jun 13 2026 14:45:44
gem5 executing on cn27.guoehi.cluster, pid 168858
command line: ../../gem5/build/ALL/gem5.opt '--outdir=results_stride_multisim/simple_triad_stride_deg4_dist32_l2_ddr4_2x' run.py --benchmark ../benchmarks/simple_triad/simple_triad-m5.x --benchmark-args '1000000 1' --prefetcher stride --stride-config deg4_dist32 --pf-level l2 --memory ddr4_2x

info: Standard input is not a terminal, disabling listeners.
========== RUN CONFIG ==========
Benchmark      : ../benchmarks/simple_triad/simple_triad-m5.x
Benchmark args : ['1000000', '1']
CPU            : Out-of-order Armv8
Clock          : 3GHz
CPU width      : 4
ROB size       : 128
LSQ size       : 64
L1D            : 16KiB, assoc 8
L2             : 256KiB, assoc 16
Memory         : ddr4_2x
Prefetcher     : stride
PF level       : l2
Stride config  : deg4_dist32
================================
src/sim/mem_state.cc:443: info: Increasing stack size by one page.
src/sim/syscall_emul.hh:1121: warn: readlink() called on '/proc/self/exe' may yield unexpected results in various settings.
      Returning '/home/fdemirel/HPC_Lab_Proj/benchmarks/simple_triad/simple_triad-m5.x'
Array SIZE      : 1000000 
Array LOOP      : 1 

----triad----
a[0]=7.00e+00. b[0]=2.00e+00. c[0]=1.00e+00.
Execution time: 1.973979 (ms) 
   Rate [MB/s]: 12158.2 
==================================================
Rerunning        : simple_triad_stride_deg8_dist1_l1d_ddr4_2x
Benchmark        : simple_triad
Binary           : ../benchmarks/simple_triad/simple_triad-m5.x
Args             : 1000000 1
Stride config    : deg8_dist1
Level            : l1d
Memory           : ddr4_2x
Output dir       : results_stride_multisim/simple_triad_stride_deg8_dist1_l1d_ddr4_2x
==================================================
Global frequency set at 1000000000000 ticks per second
src/mem/dram_interface.cc:690: warn: DRAM device capacity (16384 Mbytes) does not match the address range assigned (512 Mbytes)
src/mem/dram_interface.cc:690: warn: DRAM device capacity (16384 Mbytes) does not match the address range assigned (512 Mbytes)
src/base/statistics.hh:279: warn: One of the stats is a legacy stat. Legacy stat is a stat that does not belong to any statistics::Group. Legacy stat is deprecated.
src/base/remote_gdb.cc:418: warn: Sockets disabled, not accepting gdb connections
gem5 Simulator System.  https://www.gem5.org
gem5 is copyrighted software; use the --copyright option for details.

gem5 version 25.0.0.1
gem5 compiled May  5 2026 12:55:05
gem5 started Jun 13 2026 14:47:08
gem5 executing on cn27.guoehi.cluster, pid 168866
command line: ../../gem5/build/ALL/gem5.opt '--outdir=results_stride_multisim/simple_triad_stride_deg8_dist1_l1d_ddr4_2x' run.py --benchmark ../benchmarks/simple_triad/simple_triad-m5.x --benchmark-args '1000000 1' --prefetcher stride --stride-config deg8_dist1 --pf-level l1d --memory ddr4_2x

info: Standard input is not a terminal, disabling listeners.
========== RUN CONFIG ==========
Benchmark      : ../benchmarks/simple_triad/simple_triad-m5.x
Benchmark args : ['1000000', '1']
CPU            : Out-of-order Armv8
Clock          : 3GHz
CPU width      : 4
ROB size       : 128
LSQ size       : 64
L1D            : 16KiB, assoc 8
L2             : 256KiB, assoc 16
Memory         : ddr4_2x
Prefetcher     : stride
PF level       : l1d
Stride config  : deg8_dist1
================================
src/sim/mem_state.cc:443: info: Increasing stack size by one page.
src/sim/syscall_emul.hh:1121: warn: readlink() called on '/proc/self/exe' may yield unexpected results in various settings.
      Returning '/home/fdemirel/HPC_Lab_Proj/benchmarks/simple_triad/simple_triad-m5.x'
Array SIZE      : 1000000 
Array LOOP      : 1 

----triad----
a[0]=7.00e+00. b[0]=2.00e+00. c[0]=1.00e+00.
Execution time: 1.923865 (ms) 
   Rate [MB/s]: 12474.9 
==================================================
Rerunning        : simple_triad_stride_deg8_dist1_l2_ddr4_2x
Benchmark        : simple_triad
Binary           : ../benchmarks/simple_triad/simple_triad-m5.x
Args             : 1000000 1
Stride config    : deg8_dist1
Level            : l2
Memory           : ddr4_2x
Output dir       : results_stride_multisim/simple_triad_stride_deg8_dist1_l2_ddr4_2x
==================================================
Global frequency set at 1000000000000 ticks per second
src/mem/dram_interface.cc:690: warn: DRAM device capacity (16384 Mbytes) does not match the address range assigned (512 Mbytes)
src/mem/dram_interface.cc:690: warn: DRAM device capacity (16384 Mbytes) does not match the address range assigned (512 Mbytes)
src/base/statistics.hh:279: warn: One of the stats is a legacy stat. Legacy stat is a stat that does not belong to any statistics::Group. Legacy stat is deprecated.
src/base/remote_gdb.cc:418: warn: Sockets disabled, not accepting gdb connections
gem5 Simulator System.  https://www.gem5.org
gem5 is copyrighted software; use the --copyright option for details.

gem5 version 25.0.0.1
gem5 compiled May  5 2026 12:55:05
gem5 started Jun 13 2026 14:48:38
gem5 executing on cn27.guoehi.cluster, pid 168876
command line: ../../gem5/build/ALL/gem5.opt '--outdir=results_stride_multisim/simple_triad_stride_deg8_dist1_l2_ddr4_2x' run.py --benchmark ../benchmarks/simple_triad/simple_triad-m5.x --benchmark-args '1000000 1' --prefetcher stride --stride-config deg8_dist1 --pf-level l2 --memory ddr4_2x

info: Standard input is not a terminal, disabling listeners.
========== RUN CONFIG ==========
Benchmark      : ../benchmarks/simple_triad/simple_triad-m5.x
Benchmark args : ['1000000', '1']
CPU            : Out-of-order Armv8
Clock          : 3GHz
CPU width      : 4
ROB size       : 128
LSQ size       : 64
L1D            : 16KiB, assoc 8
L2             : 256KiB, assoc 16
Memory         : ddr4_2x
Prefetcher     : stride
PF level       : l2
Stride config  : deg8_dist1
================================
src/sim/mem_state.cc:443: info: Increasing stack size by one page.
src/sim/syscall_emul.hh:1121: warn: readlink() called on '/proc/self/exe' may yield unexpected results in various settings.
      Returning '/home/fdemirel/HPC_Lab_Proj/benchmarks/simple_triad/simple_triad-m5.x'
Array SIZE      : 1000000 
Array LOOP      : 1 

----triad----
a[0]=7.00e+00. b[0]=2.00e+00. c[0]=1.00e+00.
Execution time: 1.660315 (ms) 
   Rate [MB/s]: 14455.1 
==================================================
Rerunning        : simple_triad_stride_deg16_dist1_l1d_ddr4_2x
Benchmark        : simple_triad
Binary           : ../benchmarks/simple_triad/simple_triad-m5.x
Args             : 1000000 1
Stride config    : deg16_dist1
Level            : l1d
Memory           : ddr4_2x
Output dir       : results_stride_multisim/simple_triad_stride_deg16_dist1_l1d_ddr4_2x
==================================================
Global frequency set at 1000000000000 ticks per second
src/mem/dram_interface.cc:690: warn: DRAM device capacity (16384 Mbytes) does not match the address range assigned (512 Mbytes)
src/mem/dram_interface.cc:690: warn: DRAM device capacity (16384 Mbytes) does not match the address range assigned (512 Mbytes)
src/base/statistics.hh:279: warn: One of the stats is a legacy stat. Legacy stat is a stat that does not belong to any statistics::Group. Legacy stat is deprecated.
src/base/remote_gdb.cc:418: warn: Sockets disabled, not accepting gdb connections
gem5 Simulator System.  https://www.gem5.org
gem5 is copyrighted software; use the --copyright option for details.

gem5 version 25.0.0.1
gem5 compiled May  5 2026 12:55:05
gem5 started Jun 13 2026 14:50:07
gem5 executing on cn27.guoehi.cluster, pid 168891
command line: ../../gem5/build/ALL/gem5.opt '--outdir=results_stride_multisim/simple_triad_stride_deg16_dist1_l1d_ddr4_2x' run.py --benchmark ../benchmarks/simple_triad/simple_triad-m5.x --benchmark-args '1000000 1' --prefetcher stride --stride-config deg16_dist1 --pf-level l1d --memory ddr4_2x

info: Standard input is not a terminal, disabling listeners.
========== RUN CONFIG ==========
Benchmark      : ../benchmarks/simple_triad/simple_triad-m5.x
Benchmark args : ['1000000', '1']
CPU            : Out-of-order Armv8
Clock          : 3GHz
CPU width      : 4
ROB size       : 128
LSQ size       : 64
L1D            : 16KiB, assoc 8
L2             : 256KiB, assoc 16
Memory         : ddr4_2x
Prefetcher     : stride
PF level       : l1d
Stride config  : deg16_dist1
================================
src/sim/mem_state.cc:443: info: Increasing stack size by one page.
src/sim/syscall_emul.hh:1121: warn: readlink() called on '/proc/self/exe' may yield unexpected results in various settings.
      Returning '/home/fdemirel/HPC_Lab_Proj/benchmarks/simple_triad/simple_triad-m5.x'
Array SIZE      : 1000000 
Array LOOP      : 1 

----triad----
a[0]=7.00e+00. b[0]=2.00e+00. c[0]=1.00e+00.
Execution time: 1.886058 (ms) 
   Rate [MB/s]: 12725.0 
==================================================
Rerunning        : simple_triad_stride_deg16_dist4_l1d_ddr4_2x
Benchmark        : simple_triad
Binary           : ../benchmarks/simple_triad/simple_triad-m5.x
Args             : 1000000 1
Stride config    : deg16_dist4
Level            : l1d
Memory           : ddr4_2x
Output dir       : results_stride_multisim/simple_triad_stride_deg16_dist4_l1d_ddr4_2x
==================================================
Global frequency set at 1000000000000 ticks per second
src/mem/dram_interface.cc:690: warn: DRAM device capacity (16384 Mbytes) does not match the address range assigned (512 Mbytes)
src/mem/dram_interface.cc:690: warn: DRAM device capacity (16384 Mbytes) does not match the address range assigned (512 Mbytes)
src/base/statistics.hh:279: warn: One of the stats is a legacy stat. Legacy stat is a stat that does not belong to any statistics::Group. Legacy stat is deprecated.
src/base/remote_gdb.cc:418: warn: Sockets disabled, not accepting gdb connections
gem5 Simulator System.  https://www.gem5.org
gem5 is copyrighted software; use the --copyright option for details.

gem5 version 25.0.0.1
gem5 compiled May  5 2026 12:55:05
gem5 started Jun 13 2026 14:51:37
gem5 executing on cn27.guoehi.cluster, pid 168904
command line: ../../gem5/build/ALL/gem5.opt '--outdir=results_stride_multisim/simple_triad_stride_deg16_dist4_l1d_ddr4_2x' run.py --benchmark ../benchmarks/simple_triad/simple_triad-m5.x --benchmark-args '1000000 1' --prefetcher stride --stride-config deg16_dist4 --pf-level l1d --memory ddr4_2x

info: Standard input is not a terminal, disabling listeners.
========== RUN CONFIG ==========
Benchmark      : ../benchmarks/simple_triad/simple_triad-m5.x
Benchmark args : ['1000000', '1']
CPU            : Out-of-order Armv8
Clock          : 3GHz
CPU width      : 4
ROB size       : 128
LSQ size       : 64
L1D            : 16KiB, assoc 8
L2             : 256KiB, assoc 16
Memory         : ddr4_2x
Prefetcher     : stride
PF level       : l1d
Stride config  : deg16_dist4
================================
src/sim/mem_state.cc:443: info: Increasing stack size by one page.
src/sim/syscall_emul.hh:1121: warn: readlink() called on '/proc/self/exe' may yield unexpected results in various settings.
      Returning '/home/fdemirel/HPC_Lab_Proj/benchmarks/simple_triad/simple_triad-m5.x'
Array SIZE      : 1000000 
Array LOOP      : 1 

----triad----
a[0]=7.00e+00. b[0]=2.00e+00. c[0]=1.00e+00.
Execution time: 1.897992 (ms) 
   Rate [MB/s]: 12644.9 
==================================================
Rerunning        : simple_triad_stride_deg16_dist4_l2_ddr4_2x
Benchmark        : simple_triad
Binary           : ../benchmarks/simple_triad/simple_triad-m5.x
Args             : 1000000 1
Stride config    : deg16_dist4
Level            : l2
Memory           : ddr4_2x
Output dir       : results_stride_multisim/simple_triad_stride_deg16_dist4_l2_ddr4_2x
==================================================
Global frequency set at 1000000000000 ticks per second
src/mem/dram_interface.cc:690: warn: DRAM device capacity (16384 Mbytes) does not match the address range assigned (512 Mbytes)
src/mem/dram_interface.cc:690: warn: DRAM device capacity (16384 Mbytes) does not match the address range assigned (512 Mbytes)
src/base/statistics.hh:279: warn: One of the stats is a legacy stat. Legacy stat is a stat that does not belong to any statistics::Group. Legacy stat is deprecated.
src/base/remote_gdb.cc:418: warn: Sockets disabled, not accepting gdb connections
gem5 Simulator System.  https://www.gem5.org
gem5 is copyrighted software; use the --copyright option for details.

gem5 version 25.0.0.1
gem5 compiled May  5 2026 12:55:05
gem5 started Jun 13 2026 14:53:07
gem5 executing on cn27.guoehi.cluster, pid 168913
command line: ../../gem5/build/ALL/gem5.opt '--outdir=results_stride_multisim/simple_triad_stride_deg16_dist4_l2_ddr4_2x' run.py --benchmark ../benchmarks/simple_triad/simple_triad-m5.x --benchmark-args '1000000 1' --prefetcher stride --stride-config deg16_dist4 --pf-level l2 --memory ddr4_2x

info: Standard input is not a terminal, disabling listeners.
========== RUN CONFIG ==========
Benchmark      : ../benchmarks/simple_triad/simple_triad-m5.x
Benchmark args : ['1000000', '1']
CPU            : Out-of-order Armv8
Clock          : 3GHz
CPU width      : 4
ROB size       : 128
LSQ size       : 64
L1D            : 16KiB, assoc 8
L2             : 256KiB, assoc 16
Memory         : ddr4_2x
Prefetcher     : stride
PF level       : l2
Stride config  : deg16_dist4
================================
src/sim/mem_state.cc:443: info: Increasing stack size by one page.
src/sim/syscall_emul.hh:1121: warn: readlink() called on '/proc/self/exe' may yield unexpected results in various settings.
      Returning '/home/fdemirel/HPC_Lab_Proj/benchmarks/simple_triad/simple_triad-m5.x'
Array SIZE      : 1000000 
Array LOOP      : 1 

----triad----
a[0]=7.00e+00. b[0]=2.00e+00. c[0]=1.00e+00.
Execution time: 1.670365 (ms) 
   Rate [MB/s]: 14368.1 
==================================================
Rerunning        : simple_triad_stride_deg16_dist16_l1d_ddr4_1x
Benchmark        : simple_triad
Binary           : ../benchmarks/simple_triad/simple_triad-m5.x
Args             : 1000000 1
Stride config    : deg16_dist16
Level            : l1d
Memory           : ddr4_1x
Output dir       : results_stride_multisim/simple_triad_stride_deg16_dist16_l1d_ddr4_1x
==================================================
Global frequency set at 1000000000000 ticks per second
src/mem/dram_interface.cc:690: warn: DRAM device capacity (16384 Mbytes) does not match the address range assigned (1024 Mbytes)
src/base/statistics.hh:279: warn: One of the stats is a legacy stat. Legacy stat is a stat that does not belong to any statistics::Group. Legacy stat is deprecated.
src/base/remote_gdb.cc:418: warn: Sockets disabled, not accepting gdb connections
gem5 Simulator System.  https://www.gem5.org
gem5 is copyrighted software; use the --copyright option for details.

gem5 version 25.0.0.1
gem5 compiled May  5 2026 12:55:05
gem5 started Jun 13 2026 14:54:37
gem5 executing on cn27.guoehi.cluster, pid 168923
command line: ../../gem5/build/ALL/gem5.opt '--outdir=results_stride_multisim/simple_triad_stride_deg16_dist16_l1d_ddr4_1x' run.py --benchmark ../benchmarks/simple_triad/simple_triad-m5.x --benchmark-args '1000000 1' --prefetcher stride --stride-config deg16_dist16 --pf-level l1d --memory ddr4_1x

info: Standard input is not a terminal, disabling listeners.
========== RUN CONFIG ==========
Benchmark      : ../benchmarks/simple_triad/simple_triad-m5.x
Benchmark args : ['1000000', '1']
CPU            : Out-of-order Armv8
Clock          : 3GHz
CPU width      : 4
ROB size       : 128
LSQ size       : 64
L1D            : 16KiB, assoc 8
L2             : 256KiB, assoc 16
Memory         : ddr4_1x
Prefetcher     : stride
PF level       : l1d
Stride config  : deg16_dist16
================================
src/sim/mem_state.cc:443: info: Increasing stack size by one page.
src/sim/syscall_emul.hh:1121: warn: readlink() called on '/proc/self/exe' may yield unexpected results in various settings.
      Returning '/home/fdemirel/HPC_Lab_Proj/benchmarks/simple_triad/simple_triad-m5.x'
Array SIZE      : 1000000 
Array LOOP      : 1 

----triad----
a[0]=7.00e+00. b[0]=2.00e+00. c[0]=1.00e+00.
Execution time: 2.916894 (ms) 
   Rate [MB/s]: 8227.9 
==================================================
Rerunning        : simple_triad_stride_deg16_dist32_l2_ddr4_1x
Benchmark        : simple_triad
Binary           : ../benchmarks/simple_triad/simple_triad-m5.x
Args             : 1000000 1
Stride config    : deg16_dist32
Level            : l2
Memory           : ddr4_1x
Output dir       : results_stride_multisim/simple_triad_stride_deg16_dist32_l2_ddr4_1x
==================================================
Global frequency set at 1000000000000 ticks per second
src/mem/dram_interface.cc:690: warn: DRAM device capacity (16384 Mbytes) does not match the address range assigned (1024 Mbytes)
src/base/statistics.hh:279: warn: One of the stats is a legacy stat. Legacy stat is a stat that does not belong to any statistics::Group. Legacy stat is deprecated.
src/base/remote_gdb.cc:418: warn: Sockets disabled, not accepting gdb connections
gem5 Simulator System.  https://www.gem5.org
gem5 is copyrighted software; use the --copyright option for details.

gem5 version 25.0.0.1
gem5 compiled May  5 2026 12:55:05
gem5 started Jun 13 2026 14:56:12
gem5 executing on cn27.guoehi.cluster, pid 168932
command line: ../../gem5/build/ALL/gem5.opt '--outdir=results_stride_multisim/simple_triad_stride_deg16_dist32_l2_ddr4_1x' run.py --benchmark ../benchmarks/simple_triad/simple_triad-m5.x --benchmark-args '1000000 1' --prefetcher stride --stride-config deg16_dist32 --pf-level l2 --memory ddr4_1x

info: Standard input is not a terminal, disabling listeners.
========== RUN CONFIG ==========
Benchmark      : ../benchmarks/simple_triad/simple_triad-m5.x
Benchmark args : ['1000000', '1']
CPU            : Out-of-order Armv8
Clock          : 3GHz
CPU width      : 4
ROB size       : 128
LSQ size       : 64
L1D            : 16KiB, assoc 8
L2             : 256KiB, assoc 16
Memory         : ddr4_1x
Prefetcher     : stride
PF level       : l2
Stride config  : deg16_dist32
================================
src/sim/mem_state.cc:443: info: Increasing stack size by one page.
src/sim/syscall_emul.hh:1121: warn: readlink() called on '/proc/self/exe' may yield unexpected results in various settings.
      Returning '/home/fdemirel/HPC_Lab_Proj/benchmarks/simple_triad/simple_triad-m5.x'
Array SIZE      : 1000000 
Array LOOP      : 1 

----triad----
a[0]=7.00e+00. b[0]=2.00e+00. c[0]=1.00e+00.
Execution time: 2.966862 (ms) 
   Rate [MB/s]: 8089.4 
==================================================
Rerunning        : simple_triad_stride_deg32_dist4_l2_ddr4_1x
Benchmark        : simple_triad
Binary           : ../benchmarks/simple_triad/simple_triad-m5.x
Args             : 1000000 1
Stride config    : deg32_dist4
Level            : l2
Memory           : ddr4_1x
Output dir       : results_stride_multisim/simple_triad_stride_deg32_dist4_l2_ddr4_1x
==================================================
Global frequency set at 1000000000000 ticks per second
src/mem/dram_interface.cc:690: warn: DRAM device capacity (16384 Mbytes) does not match the address range assigned (1024 Mbytes)
src/base/statistics.hh:279: warn: One of the stats is a legacy stat. Legacy stat is a stat that does not belong to any statistics::Group. Legacy stat is deprecated.
src/base/remote_gdb.cc:418: warn: Sockets disabled, not accepting gdb connections
gem5 Simulator System.  https://www.gem5.org
gem5 is copyrighted software; use the --copyright option for details.

gem5 version 25.0.0.1
gem5 compiled May  5 2026 12:55:05
gem5 started Jun 13 2026 14:57:44
gem5 executing on cn27.guoehi.cluster, pid 168942
command line: ../../gem5/build/ALL/gem5.opt '--outdir=results_stride_multisim/simple_triad_stride_deg32_dist4_l2_ddr4_1x' run.py --benchmark ../benchmarks/simple_triad/simple_triad-m5.x --benchmark-args '1000000 1' --prefetcher stride --stride-config deg32_dist4 --pf-level l2 --memory ddr4_1x

info: Standard input is not a terminal, disabling listeners.
========== RUN CONFIG ==========
Benchmark      : ../benchmarks/simple_triad/simple_triad-m5.x
Benchmark args : ['1000000', '1']
CPU            : Out-of-order Armv8
Clock          : 3GHz
CPU width      : 4
ROB size       : 128
LSQ size       : 64
L1D            : 16KiB, assoc 8
L2             : 256KiB, assoc 16
Memory         : ddr4_1x
Prefetcher     : stride
PF level       : l2
Stride config  : deg32_dist4
================================
src/sim/mem_state.cc:443: info: Increasing stack size by one page.
src/sim/syscall_emul.hh:1121: warn: readlink() called on '/proc/self/exe' may yield unexpected results in various settings.
      Returning '/home/fdemirel/HPC_Lab_Proj/benchmarks/simple_triad/simple_triad-m5.x'
Array SIZE      : 1000000 
Array LOOP      : 1 

----triad----
a[0]=7.00e+00. b[0]=2.00e+00. c[0]=1.00e+00.
Execution time: 3.115917 (ms) 
   Rate [MB/s]: 7702.4 
==================================================
Rerunning        : simple_triad_stride_deg32_dist16_l2_ddr4_2x
Benchmark        : simple_triad
Binary           : ../benchmarks/simple_triad/simple_triad-m5.x
Args             : 1000000 1
Stride config    : deg32_dist16
Level            : l2
Memory           : ddr4_2x
Output dir       : results_stride_multisim/simple_triad_stride_deg32_dist16_l2_ddr4_2x
==================================================
Global frequency set at 1000000000000 ticks per second
src/mem/dram_interface.cc:690: warn: DRAM device capacity (16384 Mbytes) does not match the address range assigned (512 Mbytes)
src/mem/dram_interface.cc:690: warn: DRAM device capacity (16384 Mbytes) does not match the address range assigned (512 Mbytes)
src/base/statistics.hh:279: warn: One of the stats is a legacy stat. Legacy stat is a stat that does not belong to any statistics::Group. Legacy stat is deprecated.
src/base/remote_gdb.cc:418: warn: Sockets disabled, not accepting gdb connections
gem5 Simulator System.  https://www.gem5.org
gem5 is copyrighted software; use the --copyright option for details.

gem5 version 25.0.0.1
gem5 compiled May  5 2026 12:55:05
gem5 started Jun 13 2026 14:59:21
gem5 executing on cn27.guoehi.cluster, pid 168951
command line: ../../gem5/build/ALL/gem5.opt '--outdir=results_stride_multisim/simple_triad_stride_deg32_dist16_l2_ddr4_2x' run.py --benchmark ../benchmarks/simple_triad/simple_triad-m5.x --benchmark-args '1000000 1' --prefetcher stride --stride-config deg32_dist16 --pf-level l2 --memory ddr4_2x

info: Standard input is not a terminal, disabling listeners.
========== RUN CONFIG ==========
Benchmark      : ../benchmarks/simple_triad/simple_triad-m5.x
Benchmark args : ['1000000', '1']
CPU            : Out-of-order Armv8
Clock          : 3GHz
CPU width      : 4
ROB size       : 128
LSQ size       : 64
L1D            : 16KiB, assoc 8
L2             : 256KiB, assoc 16
Memory         : ddr4_2x
Prefetcher     : stride
PF level       : l2
Stride config  : deg32_dist16
================================
src/sim/mem_state.cc:443: info: Increasing stack size by one page.
src/sim/syscall_emul.hh:1121: warn: readlink() called on '/proc/self/exe' may yield unexpected results in various settings.
      Returning '/home/fdemirel/HPC_Lab_Proj/benchmarks/simple_triad/simple_triad-m5.x'
Array SIZE      : 1000000 
Array LOOP      : 1 

----triad----
a[0]=7.00e+00. b[0]=2.00e+00. c[0]=1.00e+00.
Execution time: 2.027475 (ms) 
   Rate [MB/s]: 11837.4 
==================================================
Rerunning        : matmult_stride_deg4_dist8_l1d_ddr4_1x
Benchmark        : matmult
Binary           : ../benchmarks/matmult/matmult-m5.x
Args             : 1
Stride config    : deg4_dist8
Level            : l1d
Memory           : ddr4_1x
Output dir       : results_stride_multisim/matmult_stride_deg4_dist8_l1d_ddr4_1x
==================================================
Global frequency set at 1000000000000 ticks per second
src/mem/dram_interface.cc:690: warn: DRAM device capacity (16384 Mbytes) does not match the address range assigned (1024 Mbytes)
src/base/statistics.hh:279: warn: One of the stats is a legacy stat. Legacy stat is a stat that does not belong to any statistics::Group. Legacy stat is deprecated.
src/base/remote_gdb.cc:418: warn: Sockets disabled, not accepting gdb connections
gem5 Simulator System.  https://www.gem5.org
gem5 is copyrighted software; use the --copyright option for details.

gem5 version 25.0.0.1
gem5 compiled May  5 2026 12:55:05
gem5 started Jun 13 2026 15:00:48
gem5 executing on cn27.guoehi.cluster, pid 168966
command line: ../../gem5/build/ALL/gem5.opt '--outdir=results_stride_multisim/matmult_stride_deg4_dist8_l1d_ddr4_1x' run.py --benchmark ../benchmarks/matmult/matmult-m5.x --benchmark-args 1 --prefetcher stride --stride-config deg4_dist8 --pf-level l1d --memory ddr4_1x

info: Standard input is not a terminal, disabling listeners.
========== RUN CONFIG ==========
Benchmark      : ../benchmarks/matmult/matmult-m5.x
Benchmark args : ['1']
CPU            : Out-of-order Armv8
Clock          : 3GHz
CPU width      : 4
ROB size       : 128
LSQ size       : 64
L1D            : 16KiB, assoc 8
L2             : 256KiB, assoc 16
Memory         : ddr4_1x
Prefetcher     : stride
PF level       : l1d
Stride config  : deg4_dist8
================================
src/sim/mem_state.cc:443: info: Increasing stack size by one page.
src/sim/syscall_emul.hh:1121: warn: readlink() called on '/proc/self/exe' may yield unexpected results in various settings.
      Returning '/home/fdemirel/HPC_Lab_Proj/benchmarks/matmult/matmult-m5.x'
src/arch/arm/insts/pseudo.cc:174: warn: 	instruction 'bti' unimplemented

----MATRIX MULTIPLICATION----

----Computation starts----
Loop 0 ... 
argc = 2, A[argc][argc] = 0.500000, B[argc][argc] = 0.500000, C[argc][argc] = 0.500000 
Execution time: 1.204856 (ms) 
==================================================
Rerunning        : matmult_stride_deg4_dist8_l2_ddr4_1x
Benchmark        : matmult
Binary           : ../benchmarks/matmult/matmult-m5.x
Args             : 1
Stride config    : deg4_dist8
Level            : l2
Memory           : ddr4_1x
Output dir       : results_stride_multisim/matmult_stride_deg4_dist8_l2_ddr4_1x
==================================================
Global frequency set at 1000000000000 ticks per second
src/mem/dram_interface.cc:690: warn: DRAM device capacity (16384 Mbytes) does not match the address range assigned (1024 Mbytes)
src/base/statistics.hh:279: warn: One of the stats is a legacy stat. Legacy stat is a stat that does not belong to any statistics::Group. Legacy stat is deprecated.
src/base/remote_gdb.cc:418: warn: Sockets disabled, not accepting gdb connections
gem5 Simulator System.  https://www.gem5.org
gem5 is copyrighted software; use the --copyright option for details.

gem5 version 25.0.0.1
gem5 compiled May  5 2026 12:55:05
gem5 started Jun 13 2026 15:01:41
gem5 executing on cn27.guoehi.cluster, pid 168974
command line: ../../gem5/build/ALL/gem5.opt '--outdir=results_stride_multisim/matmult_stride_deg4_dist8_l2_ddr4_1x' run.py --benchmark ../benchmarks/matmult/matmult-m5.x --benchmark-args 1 --prefetcher stride --stride-config deg4_dist8 --pf-level l2 --memory ddr4_1x

info: Standard input is not a terminal, disabling listeners.
========== RUN CONFIG ==========
Benchmark      : ../benchmarks/matmult/matmult-m5.x
Benchmark args : ['1']
CPU            : Out-of-order Armv8
Clock          : 3GHz
CPU width      : 4
ROB size       : 128
LSQ size       : 64
L1D            : 16KiB, assoc 8
L2             : 256KiB, assoc 16
Memory         : ddr4_1x
Prefetcher     : stride
PF level       : l2
Stride config  : deg4_dist8
================================
src/sim/mem_state.cc:443: info: Increasing stack size by one page.
src/sim/syscall_emul.hh:1121: warn: readlink() called on '/proc/self/exe' may yield unexpected results in various settings.
      Returning '/home/fdemirel/HPC_Lab_Proj/benchmarks/matmult/matmult-m5.x'
src/arch/arm/insts/pseudo.cc:174: warn: 	instruction 'bti' unimplemented

----MATRIX MULTIPLICATION----

----Computation starts----
Loop 0 ... 
argc = 2, A[argc][argc] = 0.500000, B[argc][argc] = 0.500000, C[argc][argc] = 0.500000 
Execution time: 1.203773 (ms) 
==================================================
Rerunning        : matmult_stride_deg4_dist16_l1d_ddr4_1x
Benchmark        : matmult
Binary           : ../benchmarks/matmult/matmult-m5.x
Args             : 1
Stride config    : deg4_dist16
Level            : l1d
Memory           : ddr4_1x
Output dir       : results_stride_multisim/matmult_stride_deg4_dist16_l1d_ddr4_1x
==================================================
Global frequency set at 1000000000000 ticks per second
src/mem/dram_interface.cc:690: warn: DRAM device capacity (16384 Mbytes) does not match the address range assigned (1024 Mbytes)
src/base/statistics.hh:279: warn: One of the stats is a legacy stat. Legacy stat is a stat that does not belong to any statistics::Group. Legacy stat is deprecated.
src/base/remote_gdb.cc:418: warn: Sockets disabled, not accepting gdb connections
gem5 Simulator System.  https://www.gem5.org
gem5 is copyrighted software; use the --copyright option for details.

gem5 version 25.0.0.1
gem5 compiled May  5 2026 12:55:05
gem5 started Jun 13 2026 15:02:31
gem5 executing on cn27.guoehi.cluster, pid 168983
command line: ../../gem5/build/ALL/gem5.opt '--outdir=results_stride_multisim/matmult_stride_deg4_dist16_l1d_ddr4_1x' run.py --benchmark ../benchmarks/matmult/matmult-m5.x --benchmark-args 1 --prefetcher stride --stride-config deg4_dist16 --pf-level l1d --memory ddr4_1x

info: Standard input is not a terminal, disabling listeners.
========== RUN CONFIG ==========
Benchmark      : ../benchmarks/matmult/matmult-m5.x
Benchmark args : ['1']
CPU            : Out-of-order Armv8
Clock          : 3GHz
CPU width      : 4
ROB size       : 128
LSQ size       : 64
L1D            : 16KiB, assoc 8
L2             : 256KiB, assoc 16
Memory         : ddr4_1x
Prefetcher     : stride
PF level       : l1d
Stride config  : deg4_dist16
================================
src/sim/mem_state.cc:443: info: Increasing stack size by one page.
src/sim/syscall_emul.hh:1121: warn: readlink() called on '/proc/self/exe' may yield unexpected results in various settings.
      Returning '/home/fdemirel/HPC_Lab_Proj/benchmarks/matmult/matmult-m5.x'
src/arch/arm/insts/pseudo.cc:174: warn: 	instruction 'bti' unimplemented

----MATRIX MULTIPLICATION----

----Computation starts----
Loop 0 ... 
argc = 2, A[argc][argc] = 0.500000, B[argc][argc] = 0.500000, C[argc][argc] = 0.500000 
Execution time: 1.214480 (ms) 
==================================================
Rerunning        : matmult_stride_deg4_dist32_l2_ddr4_1x
Benchmark        : matmult
Binary           : ../benchmarks/matmult/matmult-m5.x
Args             : 1
Stride config    : deg4_dist32
Level            : l2
Memory           : ddr4_1x
Output dir       : results_stride_multisim/matmult_stride_deg4_dist32_l2_ddr4_1x
==================================================
Global frequency set at 1000000000000 ticks per second
src/mem/dram_interface.cc:690: warn: DRAM device capacity (16384 Mbytes) does not match the address range assigned (1024 Mbytes)
src/base/statistics.hh:279: warn: One of the stats is a legacy stat. Legacy stat is a stat that does not belong to any statistics::Group. Legacy stat is deprecated.
src/base/remote_gdb.cc:418: warn: Sockets disabled, not accepting gdb connections
gem5 Simulator System.  https://www.gem5.org
gem5 is copyrighted software; use the --copyright option for details.

gem5 version 25.0.0.1
gem5 compiled May  5 2026 12:55:05
gem5 started Jun 13 2026 15:03:24
gem5 executing on cn27.guoehi.cluster, pid 168990
command line: ../../gem5/build/ALL/gem5.opt '--outdir=results_stride_multisim/matmult_stride_deg4_dist32_l2_ddr4_1x' run.py --benchmark ../benchmarks/matmult/matmult-m5.x --benchmark-args 1 --prefetcher stride --stride-config deg4_dist32 --pf-level l2 --memory ddr4_1x

info: Standard input is not a terminal, disabling listeners.
========== RUN CONFIG ==========
Benchmark      : ../benchmarks/matmult/matmult-m5.x
Benchmark args : ['1']
CPU            : Out-of-order Armv8
Clock          : 3GHz
CPU width      : 4
ROB size       : 128
LSQ size       : 64
L1D            : 16KiB, assoc 8
L2             : 256KiB, assoc 16
Memory         : ddr4_1x
Prefetcher     : stride
PF level       : l2
Stride config  : deg4_dist32
================================
src/sim/mem_state.cc:443: info: Increasing stack size by one page.
src/sim/syscall_emul.hh:1121: warn: readlink() called on '/proc/self/exe' may yield unexpected results in various settings.
      Returning '/home/fdemirel/HPC_Lab_Proj/benchmarks/matmult/matmult-m5.x'
src/arch/arm/insts/pseudo.cc:174: warn: 	instruction 'bti' unimplemented

----MATRIX MULTIPLICATION----

----Computation starts----
Loop 0 ... 
argc = 2, A[argc][argc] = 0.500000, B[argc][argc] = 0.500000, C[argc][argc] = 0.500000 
Execution time: 1.249263 (ms) 
==================================================
Rerunning        : matmult_stride_deg16_dist4_l1d_ddr4_2x
Benchmark        : matmult
Binary           : ../benchmarks/matmult/matmult-m5.x
Args             : 1
Stride config    : deg16_dist4
Level            : l1d
Memory           : ddr4_2x
Output dir       : results_stride_multisim/matmult_stride_deg16_dist4_l1d_ddr4_2x
==================================================
Global frequency set at 1000000000000 ticks per second
src/mem/dram_interface.cc:690: warn: DRAM device capacity (16384 Mbytes) does not match the address range assigned (512 Mbytes)
src/mem/dram_interface.cc:690: warn: DRAM device capacity (16384 Mbytes) does not match the address range assigned (512 Mbytes)
src/base/statistics.hh:279: warn: One of the stats is a legacy stat. Legacy stat is a stat that does not belong to any statistics::Group. Legacy stat is deprecated.
src/base/remote_gdb.cc:418: warn: Sockets disabled, not accepting gdb connections
gem5 Simulator System.  https://www.gem5.org
gem5 is copyrighted software; use the --copyright option for details.

gem5 version 25.0.0.1
gem5 compiled May  5 2026 12:55:05
gem5 started Jun 13 2026 15:04:14
gem5 executing on cn27.guoehi.cluster, pid 169000
command line: ../../gem5/build/ALL/gem5.opt '--outdir=results_stride_multisim/matmult_stride_deg16_dist4_l1d_ddr4_2x' run.py --benchmark ../benchmarks/matmult/matmult-m5.x --benchmark-args 1 --prefetcher stride --stride-config deg16_dist4 --pf-level l1d --memory ddr4_2x

info: Standard input is not a terminal, disabling listeners.
========== RUN CONFIG ==========
Benchmark      : ../benchmarks/matmult/matmult-m5.x
Benchmark args : ['1']
CPU            : Out-of-order Armv8
Clock          : 3GHz
CPU width      : 4
ROB size       : 128
LSQ size       : 64
L1D            : 16KiB, assoc 8
L2             : 256KiB, assoc 16
Memory         : ddr4_2x
Prefetcher     : stride
PF level       : l1d
Stride config  : deg16_dist4
================================
src/sim/mem_state.cc:443: info: Increasing stack size by one page.
src/sim/syscall_emul.hh:1121: warn: readlink() called on '/proc/self/exe' may yield unexpected results in various settings.
      Returning '/home/fdemirel/HPC_Lab_Proj/benchmarks/matmult/matmult-m5.x'
src/arch/arm/insts/pseudo.cc:174: warn: 	instruction 'bti' unimplemented

----MATRIX MULTIPLICATION----

----Computation starts----
Loop 0 ... 
argc = 2, A[argc][argc] = 0.500000, B[argc][argc] = 0.500000, C[argc][argc] = 0.500000 
Execution time: 1.199109 (ms) 
==================================================
Rerunning        : matmult_stride_deg16_dist4_l2_ddr4_2x
Benchmark        : matmult
Binary           : ../benchmarks/matmult/matmult-m5.x
Args             : 1
Stride config    : deg16_dist4
Level            : l2
Memory           : ddr4_2x
Output dir       : results_stride_multisim/matmult_stride_deg16_dist4_l2_ddr4_2x
==================================================
Global frequency set at 1000000000000 ticks per second
src/mem/dram_interface.cc:690: warn: DRAM device capacity (16384 Mbytes) does not match the address range assigned (512 Mbytes)
src/mem/dram_interface.cc:690: warn: DRAM device capacity (16384 Mbytes) does not match the address range assigned (512 Mbytes)
src/base/statistics.hh:279: warn: One of the stats is a legacy stat. Legacy stat is a stat that does not belong to any statistics::Group. Legacy stat is deprecated.
src/base/remote_gdb.cc:418: warn: Sockets disabled, not accepting gdb connections
gem5 Simulator System.  https://www.gem5.org
gem5 is copyrighted software; use the --copyright option for details.

gem5 version 25.0.0.1
gem5 compiled May  5 2026 12:55:05
gem5 started Jun 13 2026 15:05:09
gem5 executing on cn27.guoehi.cluster, pid 169008
command line: ../../gem5/build/ALL/gem5.opt '--outdir=results_stride_multisim/matmult_stride_deg16_dist4_l2_ddr4_2x' run.py --benchmark ../benchmarks/matmult/matmult-m5.x --benchmark-args 1 --prefetcher stride --stride-config deg16_dist4 --pf-level l2 --memory ddr4_2x

info: Standard input is not a terminal, disabling listeners.
========== RUN CONFIG ==========
Benchmark      : ../benchmarks/matmult/matmult-m5.x
Benchmark args : ['1']
CPU            : Out-of-order Armv8
Clock          : 3GHz
CPU width      : 4
ROB size       : 128
LSQ size       : 64
L1D            : 16KiB, assoc 8
L2             : 256KiB, assoc 16
Memory         : ddr4_2x
Prefetcher     : stride
PF level       : l2
Stride config  : deg16_dist4
================================
src/sim/mem_state.cc:443: info: Increasing stack size by one page.
src/sim/syscall_emul.hh:1121: warn: readlink() called on '/proc/self/exe' may yield unexpected results in various settings.
      Returning '/home/fdemirel/HPC_Lab_Proj/benchmarks/matmult/matmult-m5.x'
src/arch/arm/insts/pseudo.cc:174: warn: 	instruction 'bti' unimplemented

----MATRIX MULTIPLICATION----

----Computation starts----
Loop 0 ... 
argc = 2, A[argc][argc] = 0.500000, B[argc][argc] = 0.500000, C[argc][argc] = 0.500000 
Execution time: 1.196955 (ms) 
==================================================
Rerunning        : matmult_stride_deg16_dist32_l1d_ddr4_1x
Benchmark        : matmult
Binary           : ../benchmarks/matmult/matmult-m5.x
Args             : 1
Stride config    : deg16_dist32
Level            : l1d
Memory           : ddr4_1x
Output dir       : results_stride_multisim/matmult_stride_deg16_dist32_l1d_ddr4_1x
==================================================
Global frequency set at 1000000000000 ticks per second
src/mem/dram_interface.cc:690: warn: DRAM device capacity (16384 Mbytes) does not match the address range assigned (1024 Mbytes)
src/base/statistics.hh:279: warn: One of the stats is a legacy stat. Legacy stat is a stat that does not belong to any statistics::Group. Legacy stat is deprecated.
src/base/remote_gdb.cc:418: warn: Sockets disabled, not accepting gdb connections
gem5 Simulator System.  https://www.gem5.org
gem5 is copyrighted software; use the --copyright option for details.

gem5 version 25.0.0.1
gem5 compiled May  5 2026 12:55:05
gem5 started Jun 13 2026 15:05:59
gem5 executing on cn27.guoehi.cluster, pid 169017
command line: ../../gem5/build/ALL/gem5.opt '--outdir=results_stride_multisim/matmult_stride_deg16_dist32_l1d_ddr4_1x' run.py --benchmark ../benchmarks/matmult/matmult-m5.x --benchmark-args 1 --prefetcher stride --stride-config deg16_dist32 --pf-level l1d --memory ddr4_1x

info: Standard input is not a terminal, disabling listeners.
========== RUN CONFIG ==========
Benchmark      : ../benchmarks/matmult/matmult-m5.x
Benchmark args : ['1']
CPU            : Out-of-order Armv8
Clock          : 3GHz
CPU width      : 4
ROB size       : 128
LSQ size       : 64
L1D            : 16KiB, assoc 8
L2             : 256KiB, assoc 16
Memory         : ddr4_1x
Prefetcher     : stride
PF level       : l1d
Stride config  : deg16_dist32
================================
src/sim/mem_state.cc:443: info: Increasing stack size by one page.
src/sim/syscall_emul.hh:1121: warn: readlink() called on '/proc/self/exe' may yield unexpected results in various settings.
      Returning '/home/fdemirel/HPC_Lab_Proj/benchmarks/matmult/matmult-m5.x'
src/arch/arm/insts/pseudo.cc:174: warn: 	instruction 'bti' unimplemented

----MATRIX MULTIPLICATION----

----Computation starts----
Loop 0 ... 
argc = 2, A[argc][argc] = 0.500000, B[argc][argc] = 0.500000, C[argc][argc] = 0.500000 
Execution time: 1.248502 (ms) 
==================================================
Rerunning        : matmult_stride_deg16_dist32_l2_ddr4_1x
Benchmark        : matmult
Binary           : ../benchmarks/matmult/matmult-m5.x
Args             : 1
Stride config    : deg16_dist32
Level            : l2
Memory           : ddr4_1x
Output dir       : results_stride_multisim/matmult_stride_deg16_dist32_l2_ddr4_1x
==================================================
Global frequency set at 1000000000000 ticks per second
src/mem/dram_interface.cc:690: warn: DRAM device capacity (16384 Mbytes) does not match the address range assigned (1024 Mbytes)
src/base/statistics.hh:279: warn: One of the stats is a legacy stat. Legacy stat is a stat that does not belong to any statistics::Group. Legacy stat is deprecated.
src/base/remote_gdb.cc:418: warn: Sockets disabled, not accepting gdb connections
gem5 Simulator System.  https://www.gem5.org
gem5 is copyrighted software; use the --copyright option for details.

gem5 version 25.0.0.1
gem5 compiled May  5 2026 12:55:05
gem5 started Jun 13 2026 15:06:54
gem5 executing on cn27.guoehi.cluster, pid 169025
command line: ../../gem5/build/ALL/gem5.opt '--outdir=results_stride_multisim/matmult_stride_deg16_dist32_l2_ddr4_1x' run.py --benchmark ../benchmarks/matmult/matmult-m5.x --benchmark-args 1 --prefetcher stride --stride-config deg16_dist32 --pf-level l2 --memory ddr4_1x

info: Standard input is not a terminal, disabling listeners.
========== RUN CONFIG ==========
Benchmark      : ../benchmarks/matmult/matmult-m5.x
Benchmark args : ['1']
CPU            : Out-of-order Armv8
Clock          : 3GHz
CPU width      : 4
ROB size       : 128
LSQ size       : 64
L1D            : 16KiB, assoc 8
L2             : 256KiB, assoc 16
Memory         : ddr4_1x
Prefetcher     : stride
PF level       : l2
Stride config  : deg16_dist32
================================
src/sim/mem_state.cc:443: info: Increasing stack size by one page.
src/sim/syscall_emul.hh:1121: warn: readlink() called on '/proc/self/exe' may yield unexpected results in various settings.
      Returning '/home/fdemirel/HPC_Lab_Proj/benchmarks/matmult/matmult-m5.x'
src/arch/arm/insts/pseudo.cc:174: warn: 	instruction 'bti' unimplemented

----MATRIX MULTIPLICATION----

----Computation starts----
Loop 0 ... 
argc = 2, A[argc][argc] = 0.500000, B[argc][argc] = 0.500000, C[argc][argc] = 0.500000 
Execution time: 1.252247 (ms) 
==================================================
Rerunning        : matmult_stride_deg32_dist1_l2_ddr4_1x
Benchmark        : matmult
Binary           : ../benchmarks/matmult/matmult-m5.x
Args             : 1
Stride config    : deg32_dist1
Level            : l2
Memory           : ddr4_1x
Output dir       : results_stride_multisim/matmult_stride_deg32_dist1_l2_ddr4_1x
==================================================
Global frequency set at 1000000000000 ticks per second
src/mem/dram_interface.cc:690: warn: DRAM device capacity (16384 Mbytes) does not match the address range assigned (1024 Mbytes)
src/base/statistics.hh:279: warn: One of the stats is a legacy stat. Legacy stat is a stat that does not belong to any statistics::Group. Legacy stat is deprecated.
src/base/remote_gdb.cc:418: warn: Sockets disabled, not accepting gdb connections
gem5 Simulator System.  https://www.gem5.org
gem5 is copyrighted software; use the --copyright option for details.

gem5 version 25.0.0.1
gem5 compiled May  5 2026 12:55:05
gem5 started Jun 13 2026 15:07:44
gem5 executing on cn27.guoehi.cluster, pid 169033
command line: ../../gem5/build/ALL/gem5.opt '--outdir=results_stride_multisim/matmult_stride_deg32_dist1_l2_ddr4_1x' run.py --benchmark ../benchmarks/matmult/matmult-m5.x --benchmark-args 1 --prefetcher stride --stride-config deg32_dist1 --pf-level l2 --memory ddr4_1x

info: Standard input is not a terminal, disabling listeners.
========== RUN CONFIG ==========
Benchmark      : ../benchmarks/matmult/matmult-m5.x
Benchmark args : ['1']
CPU            : Out-of-order Armv8
Clock          : 3GHz
CPU width      : 4
ROB size       : 128
LSQ size       : 64
L1D            : 16KiB, assoc 8
L2             : 256KiB, assoc 16
Memory         : ddr4_1x
Prefetcher     : stride
PF level       : l2
Stride config  : deg32_dist1
================================
src/sim/mem_state.cc:443: info: Increasing stack size by one page.
src/sim/syscall_emul.hh:1121: warn: readlink() called on '/proc/self/exe' may yield unexpected results in various settings.
      Returning '/home/fdemirel/HPC_Lab_Proj/benchmarks/matmult/matmult-m5.x'
src/arch/arm/insts/pseudo.cc:174: warn: 	instruction 'bti' unimplemented

----MATRIX MULTIPLICATION----

----Computation starts----
Loop 0 ... 
argc = 2, A[argc][argc] = 0.500000, B[argc][argc] = 0.500000, C[argc][argc] = 0.500000 
Execution time: 1.186235 (ms) 
==================================================
Rerunning        : matmult_stride_deg32_dist8_l1d_ddr4_1x
Benchmark        : matmult
Binary           : ../benchmarks/matmult/matmult-m5.x
Args             : 1
Stride config    : deg32_dist8
Level            : l1d
Memory           : ddr4_1x
Output dir       : results_stride_multisim/matmult_stride_deg32_dist8_l1d_ddr4_1x
==================================================
Global frequency set at 1000000000000 ticks per second
src/mem/dram_interface.cc:690: warn: DRAM device capacity (16384 Mbytes) does not match the address range assigned (1024 Mbytes)
src/base/statistics.hh:279: warn: One of the stats is a legacy stat. Legacy stat is a stat that does not belong to any statistics::Group. Legacy stat is deprecated.
src/base/remote_gdb.cc:418: warn: Sockets disabled, not accepting gdb connections
gem5 Simulator System.  https://www.gem5.org
gem5 is copyrighted software; use the --copyright option for details.

gem5 version 25.0.0.1
gem5 compiled May  5 2026 12:55:05
gem5 started Jun 13 2026 15:08:35
gem5 executing on cn27.guoehi.cluster, pid 169042
command line: ../../gem5/build/ALL/gem5.opt '--outdir=results_stride_multisim/matmult_stride_deg32_dist8_l1d_ddr4_1x' run.py --benchmark ../benchmarks/matmult/matmult-m5.x --benchmark-args 1 --prefetcher stride --stride-config deg32_dist8 --pf-level l1d --memory ddr4_1x

info: Standard input is not a terminal, disabling listeners.
========== RUN CONFIG ==========
Benchmark      : ../benchmarks/matmult/matmult-m5.x
Benchmark args : ['1']
CPU            : Out-of-order Armv8
Clock          : 3GHz
CPU width      : 4
ROB size       : 128
LSQ size       : 64
L1D            : 16KiB, assoc 8
L2             : 256KiB, assoc 16
Memory         : ddr4_1x
Prefetcher     : stride
PF level       : l1d
Stride config  : deg32_dist8
================================
src/sim/mem_state.cc:443: info: Increasing stack size by one page.
src/sim/syscall_emul.hh:1121: warn: readlink() called on '/proc/self/exe' may yield unexpected results in various settings.
      Returning '/home/fdemirel/HPC_Lab_Proj/benchmarks/matmult/matmult-m5.x'
src/arch/arm/insts/pseudo.cc:174: warn: 	instruction 'bti' unimplemented

----MATRIX MULTIPLICATION----

----Computation starts----
Loop 0 ... 
argc = 2, A[argc][argc] = 0.500000, B[argc][argc] = 0.500000, C[argc][argc] = 0.500000 
Execution time: 1.227621 (ms) 
==================================================
Rerunning        : matmult_stride_deg32_dist8_l1d_ddr4_2x
Benchmark        : matmult
Binary           : ../benchmarks/matmult/matmult-m5.x
Args             : 1
Stride config    : deg32_dist8
Level            : l1d
Memory           : ddr4_2x
Output dir       : results_stride_multisim/matmult_stride_deg32_dist8_l1d_ddr4_2x
==================================================
Global frequency set at 1000000000000 ticks per second
src/mem/dram_interface.cc:690: warn: DRAM device capacity (16384 Mbytes) does not match the address range assigned (512 Mbytes)
src/mem/dram_interface.cc:690: warn: DRAM device capacity (16384 Mbytes) does not match the address range assigned (512 Mbytes)
src/base/statistics.hh:279: warn: One of the stats is a legacy stat. Legacy stat is a stat that does not belong to any statistics::Group. Legacy stat is deprecated.
src/base/remote_gdb.cc:418: warn: Sockets disabled, not accepting gdb connections
gem5 Simulator System.  https://www.gem5.org
gem5 is copyrighted software; use the --copyright option for details.

gem5 version 25.0.0.1
gem5 compiled May  5 2026 12:55:05
gem5 started Jun 13 2026 15:09:32
gem5 executing on cn27.guoehi.cluster, pid 169051
command line: ../../gem5/build/ALL/gem5.opt '--outdir=results_stride_multisim/matmult_stride_deg32_dist8_l1d_ddr4_2x' run.py --benchmark ../benchmarks/matmult/matmult-m5.x --benchmark-args 1 --prefetcher stride --stride-config deg32_dist8 --pf-level l1d --memory ddr4_2x

info: Standard input is not a terminal, disabling listeners.
========== RUN CONFIG ==========
Benchmark      : ../benchmarks/matmult/matmult-m5.x
Benchmark args : ['1']
CPU            : Out-of-order Armv8
Clock          : 3GHz
CPU width      : 4
ROB size       : 128
LSQ size       : 64
L1D            : 16KiB, assoc 8
L2             : 256KiB, assoc 16
Memory         : ddr4_2x
Prefetcher     : stride
PF level       : l1d
Stride config  : deg32_dist8
================================
src/sim/mem_state.cc:443: info: Increasing stack size by one page.
src/sim/syscall_emul.hh:1121: warn: readlink() called on '/proc/self/exe' may yield unexpected results in various settings.
      Returning '/home/fdemirel/HPC_Lab_Proj/benchmarks/matmult/matmult-m5.x'
src/arch/arm/insts/pseudo.cc:174: warn: 	instruction 'bti' unimplemented

----MATRIX MULTIPLICATION----

----Computation starts----
Loop 0 ... 
argc = 2, A[argc][argc] = 0.500000, B[argc][argc] = 0.500000, C[argc][argc] = 0.500000 
Execution time: 1.224260 (ms) 
==================================================
Rerunning        : matmult_stride_deg32_dist8_l2_ddr4_1x
Benchmark        : matmult
Binary           : ../benchmarks/matmult/matmult-m5.x
Args             : 1
Stride config    : deg32_dist8
Level            : l2
Memory           : ddr4_1x
Output dir       : results_stride_multisim/matmult_stride_deg32_dist8_l2_ddr4_1x
==================================================
Global frequency set at 1000000000000 ticks per second
src/mem/dram_interface.cc:690: warn: DRAM device capacity (16384 Mbytes) does not match the address range assigned (1024 Mbytes)
src/base/statistics.hh:279: warn: One of the stats is a legacy stat. Legacy stat is a stat that does not belong to any statistics::Group. Legacy stat is deprecated.
src/base/remote_gdb.cc:418: warn: Sockets disabled, not accepting gdb connections
gem5 Simulator System.  https://www.gem5.org
gem5 is copyrighted software; use the --copyright option for details.

gem5 version 25.0.0.1
gem5 compiled May  5 2026 12:55:05
gem5 started Jun 13 2026 15:10:30
gem5 executing on cn27.guoehi.cluster, pid 169064
command line: ../../gem5/build/ALL/gem5.opt '--outdir=results_stride_multisim/matmult_stride_deg32_dist8_l2_ddr4_1x' run.py --benchmark ../benchmarks/matmult/matmult-m5.x --benchmark-args 1 --prefetcher stride --stride-config deg32_dist8 --pf-level l2 --memory ddr4_1x

info: Standard input is not a terminal, disabling listeners.
========== RUN CONFIG ==========
Benchmark      : ../benchmarks/matmult/matmult-m5.x
Benchmark args : ['1']
CPU            : Out-of-order Armv8
Clock          : 3GHz
CPU width      : 4
ROB size       : 128
LSQ size       : 64
L1D            : 16KiB, assoc 8
L2             : 256KiB, assoc 16
Memory         : ddr4_1x
Prefetcher     : stride
PF level       : l2
Stride config  : deg32_dist8
================================
src/sim/mem_state.cc:443: info: Increasing stack size by one page.
src/sim/syscall_emul.hh:1121: warn: readlink() called on '/proc/self/exe' may yield unexpected results in various settings.
      Returning '/home/fdemirel/HPC_Lab_Proj/benchmarks/matmult/matmult-m5.x'
src/arch/arm/insts/pseudo.cc:174: warn: 	instruction 'bti' unimplemented

----MATRIX MULTIPLICATION----

----Computation starts----
Loop 0 ... 
argc = 2, A[argc][argc] = 0.500000, B[argc][argc] = 0.500000, C[argc][argc] = 0.500000 
Execution time: 1.198797 (ms) 
==================================================
Rerunning        : matmult_stride_deg32_dist16_l1d_ddr4_2x
Benchmark        : matmult
Binary           : ../benchmarks/matmult/matmult-m5.x
Args             : 1
Stride config    : deg32_dist16
Level            : l1d
Memory           : ddr4_2x
Output dir       : results_stride_multisim/matmult_stride_deg32_dist16_l1d_ddr4_2x
==================================================
Global frequency set at 1000000000000 ticks per second
src/mem/dram_interface.cc:690: warn: DRAM device capacity (16384 Mbytes) does not match the address range assigned (512 Mbytes)
src/mem/dram_interface.cc:690: warn: DRAM device capacity (16384 Mbytes) does not match the address range assigned (512 Mbytes)
src/base/statistics.hh:279: warn: One of the stats is a legacy stat. Legacy stat is a stat that does not belong to any statistics::Group. Legacy stat is deprecated.
src/base/remote_gdb.cc:418: warn: Sockets disabled, not accepting gdb connections
gem5 Simulator System.  https://www.gem5.org
gem5 is copyrighted software; use the --copyright option for details.

gem5 version 25.0.0.1
gem5 compiled May  5 2026 12:55:05
gem5 started Jun 13 2026 15:11:20
gem5 executing on cn27.guoehi.cluster, pid 169072
command line: ../../gem5/build/ALL/gem5.opt '--outdir=results_stride_multisim/matmult_stride_deg32_dist16_l1d_ddr4_2x' run.py --benchmark ../benchmarks/matmult/matmult-m5.x --benchmark-args 1 --prefetcher stride --stride-config deg32_dist16 --pf-level l1d --memory ddr4_2x

info: Standard input is not a terminal, disabling listeners.
========== RUN CONFIG ==========
Benchmark      : ../benchmarks/matmult/matmult-m5.x
Benchmark args : ['1']
CPU            : Out-of-order Armv8
Clock          : 3GHz
CPU width      : 4
ROB size       : 128
LSQ size       : 64
L1D            : 16KiB, assoc 8
L2             : 256KiB, assoc 16
Memory         : ddr4_2x
Prefetcher     : stride
PF level       : l1d
Stride config  : deg32_dist16
================================
src/sim/mem_state.cc:443: info: Increasing stack size by one page.
src/sim/syscall_emul.hh:1121: warn: readlink() called on '/proc/self/exe' may yield unexpected results in various settings.
      Returning '/home/fdemirel/HPC_Lab_Proj/benchmarks/matmult/matmult-m5.x'
src/arch/arm/insts/pseudo.cc:174: warn: 	instruction 'bti' unimplemented

----MATRIX MULTIPLICATION----

----Computation starts----
Loop 0 ... 
argc = 2, A[argc][argc] = 0.500000, B[argc][argc] = 0.500000, C[argc][argc] = 0.500000 
Execution time: 1.240220 (ms) 
==================================================
Rerunning        : matmult_stride_deg32_dist16_l2_ddr4_2x
Benchmark        : matmult
Binary           : ../benchmarks/matmult/matmult-m5.x
Args             : 1
Stride config    : deg32_dist16
Level            : l2
Memory           : ddr4_2x
Output dir       : results_stride_multisim/matmult_stride_deg32_dist16_l2_ddr4_2x
==================================================
Global frequency set at 1000000000000 ticks per second
src/mem/dram_interface.cc:690: warn: DRAM device capacity (16384 Mbytes) does not match the address range assigned (512 Mbytes)
src/mem/dram_interface.cc:690: warn: DRAM device capacity (16384 Mbytes) does not match the address range assigned (512 Mbytes)
src/base/statistics.hh:279: warn: One of the stats is a legacy stat. Legacy stat is a stat that does not belong to any statistics::Group. Legacy stat is deprecated.
src/base/remote_gdb.cc:418: warn: Sockets disabled, not accepting gdb connections
gem5 Simulator System.  https://www.gem5.org
gem5 is copyrighted software; use the --copyright option for details.

gem5 version 25.0.0.1
gem5 compiled May  5 2026 12:55:05
gem5 started Jun 13 2026 15:12:17
gem5 executing on cn27.guoehi.cluster, pid 169081
command line: ../../gem5/build/ALL/gem5.opt '--outdir=results_stride_multisim/matmult_stride_deg32_dist16_l2_ddr4_2x' run.py --benchmark ../benchmarks/matmult/matmult-m5.x --benchmark-args 1 --prefetcher stride --stride-config deg32_dist16 --pf-level l2 --memory ddr4_2x

info: Standard input is not a terminal, disabling listeners.
========== RUN CONFIG ==========
Benchmark      : ../benchmarks/matmult/matmult-m5.x
Benchmark args : ['1']
CPU            : Out-of-order Armv8
Clock          : 3GHz
CPU width      : 4
ROB size       : 128
LSQ size       : 64
L1D            : 16KiB, assoc 8
L2             : 256KiB, assoc 16
Memory         : ddr4_2x
Prefetcher     : stride
PF level       : l2
Stride config  : deg32_dist16
================================
src/sim/mem_state.cc:443: info: Increasing stack size by one page.
src/sim/syscall_emul.hh:1121: warn: readlink() called on '/proc/self/exe' may yield unexpected results in various settings.
      Returning '/home/fdemirel/HPC_Lab_Proj/benchmarks/matmult/matmult-m5.x'
src/arch/arm/insts/pseudo.cc:174: warn: 	instruction 'bti' unimplemented

----MATRIX MULTIPLICATION----

----Computation starts----
Loop 0 ... 
argc = 2, A[argc][argc] = 0.500000, B[argc][argc] = 0.500000, C[argc][argc] = 0.500000 
Execution time: 1.213507 (ms) 
==================================================
Rerunning        : spmv_stride_deg1_dist32_l1d_ddr4_2x
Benchmark        : spmv
Binary           : ../benchmarks/spmv/spmv-m5.x
Args             : 
Stride config    : deg1_dist32
Level            : l1d
Memory           : ddr4_2x
Output dir       : results_stride_multisim/spmv_stride_deg1_dist32_l1d_ddr4_2x
==================================================
Global frequency set at 1000000000000 ticks per second
src/mem/dram_interface.cc:690: warn: DRAM device capacity (16384 Mbytes) does not match the address range assigned (512 Mbytes)
src/mem/dram_interface.cc:690: warn: DRAM device capacity (16384 Mbytes) does not match the address range assigned (512 Mbytes)
src/base/statistics.hh:279: warn: One of the stats is a legacy stat. Legacy stat is a stat that does not belong to any statistics::Group. Legacy stat is deprecated.
src/base/remote_gdb.cc:418: warn: Sockets disabled, not accepting gdb connections
gem5 Simulator System.  https://www.gem5.org
gem5 is copyrighted software; use the --copyright option for details.

gem5 version 25.0.0.1
gem5 compiled May  5 2026 12:55:05
gem5 started Jun 13 2026 15:13:08
gem5 executing on cn27.guoehi.cluster, pid 169092
command line: ../../gem5/build/ALL/gem5.opt '--outdir=results_stride_multisim/spmv_stride_deg1_dist32_l1d_ddr4_2x' run.py --benchmark ../benchmarks/spmv/spmv-m5.x --benchmark-args '' --prefetcher stride --stride-config deg1_dist32 --pf-level l1d --memory ddr4_2x

info: Standard input is not a terminal, disabling listeners.
========== RUN CONFIG ==========
Benchmark      : ../benchmarks/spmv/spmv-m5.x
Benchmark args : []
CPU            : Out-of-order Armv8
Clock          : 3GHz
CPU width      : 4
ROB size       : 128
LSQ size       : 64
L1D            : 16KiB, assoc 8
L2             : 256KiB, assoc 16
Memory         : ddr4_2x
Prefetcher     : stride
PF level       : l1d
Stride config  : deg1_dist32
================================
src/sim/mem_state.cc:443: info: Increasing stack size by one page.
src/sim/syscall_emul.hh:1121: warn: readlink() called on '/proc/self/exe' may yield unexpected results in various settings.
      Returning '/home/fdemirel/HPC_Lab_Proj/benchmarks/spmv/spmv-m5.x'
src/arch/arm/insts/pseudo.cc:174: warn: 	instruction 'bti' unimplemented
src/sim/mem_state.cc:443: info: Increasing stack size by one page.
src/sim/mem_state.cc:443: info: Increasing stack size by one page.
src/sim/mem_state.cc:443: info: Increasing stack size by one page.
src/sim/mem_state.cc:443: info: Increasing stack size by one page.
src/sim/mem_state.cc:443: info: Increasing stack size by one page.
src/sim/mem_state.cc:443: info: Increasing stack size by one page.
src/sim/mem_state.cc:443: info: Increasing stack size by one page.
----spmv----
N_ROWS          : 8192 
N_COLS          : 65536 
NNZ             : 524155 
Execution time: 7.098524 (ms) 
==================================================
Rerunning        : spmv_stride_deg4_dist32_l1d_ddr4_1x
Benchmark        : spmv
Binary           : ../benchmarks/spmv/spmv-m5.x
Args             : 
Stride config    : deg4_dist32
Level            : l1d
Memory           : ddr4_1x
Output dir       : results_stride_multisim/spmv_stride_deg4_dist32_l1d_ddr4_1x
==================================================
Global frequency set at 1000000000000 ticks per second
src/mem/dram_interface.cc:690: warn: DRAM device capacity (16384 Mbytes) does not match the address range assigned (1024 Mbytes)
src/base/statistics.hh:279: warn: One of the stats is a legacy stat. Legacy stat is a stat that does not belong to any statistics::Group. Legacy stat is deprecated.
src/base/remote_gdb.cc:418: warn: Sockets disabled, not accepting gdb connections
gem5 Simulator System.  https://www.gem5.org
gem5 is copyrighted software; use the --copyright option for details.

gem5 version 25.0.0.1
gem5 compiled May  5 2026 12:55:05
gem5 started Jun 13 2026 15:14:52
gem5 executing on cn27.guoehi.cluster, pid 169108
command line: ../../gem5/build/ALL/gem5.opt '--outdir=results_stride_multisim/spmv_stride_deg4_dist32_l1d_ddr4_1x' run.py --benchmark ../benchmarks/spmv/spmv-m5.x --benchmark-args '' --prefetcher stride --stride-config deg4_dist32 --pf-level l1d --memory ddr4_1x

info: Standard input is not a terminal, disabling listeners.
========== RUN CONFIG ==========
Benchmark      : ../benchmarks/spmv/spmv-m5.x
Benchmark args : []
CPU            : Out-of-order Armv8
Clock          : 3GHz
CPU width      : 4
ROB size       : 128
LSQ size       : 64
L1D            : 16KiB, assoc 8
L2             : 256KiB, assoc 16
Memory         : ddr4_1x
Prefetcher     : stride
PF level       : l1d
Stride config  : deg4_dist32
================================
src/sim/mem_state.cc:443: info: Increasing stack size by one page.
src/sim/syscall_emul.hh:1121: warn: readlink() called on '/proc/self/exe' may yield unexpected results in various settings.
      Returning '/home/fdemirel/HPC_Lab_Proj/benchmarks/spmv/spmv-m5.x'
src/arch/arm/insts/pseudo.cc:174: warn: 	instruction 'bti' unimplemented
src/sim/mem_state.cc:443: info: Increasing stack size by one page.
src/sim/mem_state.cc:443: info: Increasing stack size by one page.
src/sim/mem_state.cc:443: info: Increasing stack size by one page.
src/sim/mem_state.cc:443: info: Increasing stack size by one page.
src/sim/mem_state.cc:443: info: Increasing stack size by one page.
src/sim/mem_state.cc:443: info: Increasing stack size by one page.
src/sim/mem_state.cc:443: info: Increasing stack size by one page.
----spmv----
N_ROWS          : 8192 
N_COLS          : 65536 
NNZ             : 524155 
Execution time: 7.608436 (ms) 
==================================================
Rerunning        : spmv_stride_deg4_dist32_l2_ddr4_1x
Benchmark        : spmv
Binary           : ../benchmarks/spmv/spmv-m5.x
Args             : 
Stride config    : deg4_dist32
Level            : l2
Memory           : ddr4_1x
Output dir       : results_stride_multisim/spmv_stride_deg4_dist32_l2_ddr4_1x
==================================================
Global frequency set at 1000000000000 ticks per second
src/mem/dram_interface.cc:690: warn: DRAM device capacity (16384 Mbytes) does not match the address range assigned (1024 Mbytes)
src/base/statistics.hh:279: warn: One of the stats is a legacy stat. Legacy stat is a stat that does not belong to any statistics::Group. Legacy stat is deprecated.
src/base/remote_gdb.cc:418: warn: Sockets disabled, not accepting gdb connections
gem5 Simulator System.  https://www.gem5.org
gem5 is copyrighted software; use the --copyright option for details.

gem5 version 25.0.0.1
gem5 compiled May  5 2026 12:55:05
gem5 started Jun 13 2026 15:16:39
gem5 executing on cn27.guoehi.cluster, pid 169119
command line: ../../gem5/build/ALL/gem5.opt '--outdir=results_stride_multisim/spmv_stride_deg4_dist32_l2_ddr4_1x' run.py --benchmark ../benchmarks/spmv/spmv-m5.x --benchmark-args '' --prefetcher stride --stride-config deg4_dist32 --pf-level l2 --memory ddr4_1x

info: Standard input is not a terminal, disabling listeners.
========== RUN CONFIG ==========
Benchmark      : ../benchmarks/spmv/spmv-m5.x
Benchmark args : []
CPU            : Out-of-order Armv8
Clock          : 3GHz
CPU width      : 4
ROB size       : 128
LSQ size       : 64
L1D            : 16KiB, assoc 8
L2             : 256KiB, assoc 16
Memory         : ddr4_1x
Prefetcher     : stride
PF level       : l2
Stride config  : deg4_dist32
================================
src/sim/mem_state.cc:443: info: Increasing stack size by one page.
src/sim/syscall_emul.hh:1121: warn: readlink() called on '/proc/self/exe' may yield unexpected results in various settings.
      Returning '/home/fdemirel/HPC_Lab_Proj/benchmarks/spmv/spmv-m5.x'
src/arch/arm/insts/pseudo.cc:174: warn: 	instruction 'bti' unimplemented
src/sim/mem_state.cc:443: info: Increasing stack size by one page.
src/sim/mem_state.cc:443: info: Increasing stack size by one page.
src/sim/mem_state.cc:443: info: Increasing stack size by one page.
src/sim/mem_state.cc:443: info: Increasing stack size by one page.
src/sim/mem_state.cc:443: info: Increasing stack size by one page.
src/sim/mem_state.cc:443: info: Increasing stack size by one page.
src/sim/mem_state.cc:443: info: Increasing stack size by one page.
----spmv----
N_ROWS          : 8192 
N_COLS          : 65536 
NNZ             : 524155 
Execution time: 7.636576 (ms) 
==================================================
Rerunning        : spmv_stride_deg8_dist1_l2_ddr4_2x
Benchmark        : spmv
Binary           : ../benchmarks/spmv/spmv-m5.x
Args             : 
Stride config    : deg8_dist1
Level            : l2
Memory           : ddr4_2x
Output dir       : results_stride_multisim/spmv_stride_deg8_dist1_l2_ddr4_2x
==================================================
Global frequency set at 1000000000000 ticks per second
src/mem/dram_interface.cc:690: warn: DRAM device capacity (16384 Mbytes) does not match the address range assigned (512 Mbytes)
src/mem/dram_interface.cc:690: warn: DRAM device capacity (16384 Mbytes) does not match the address range assigned (512 Mbytes)
src/base/statistics.hh:279: warn: One of the stats is a legacy stat. Legacy stat is a stat that does not belong to any statistics::Group. Legacy stat is deprecated.
src/base/remote_gdb.cc:418: warn: Sockets disabled, not accepting gdb connections
gem5 Simulator System.  https://www.gem5.org
gem5 is copyrighted software; use the --copyright option for details.

gem5 version 25.0.0.1
gem5 compiled May  5 2026 12:55:05
gem5 started Jun 13 2026 15:18:21
gem5 executing on cn27.guoehi.cluster, pid 169129
command line: ../../gem5/build/ALL/gem5.opt '--outdir=results_stride_multisim/spmv_stride_deg8_dist1_l2_ddr4_2x' run.py --benchmark ../benchmarks/spmv/spmv-m5.x --benchmark-args '' --prefetcher stride --stride-config deg8_dist1 --pf-level l2 --memory ddr4_2x

info: Standard input is not a terminal, disabling listeners.
========== RUN CONFIG ==========
Benchmark      : ../benchmarks/spmv/spmv-m5.x
Benchmark args : []
CPU            : Out-of-order Armv8
Clock          : 3GHz
CPU width      : 4
ROB size       : 128
LSQ size       : 64
L1D            : 16KiB, assoc 8
L2             : 256KiB, assoc 16
Memory         : ddr4_2x
Prefetcher     : stride
PF level       : l2
Stride config  : deg8_dist1
================================
src/sim/mem_state.cc:443: info: Increasing stack size by one page.
src/sim/syscall_emul.hh:1121: warn: readlink() called on '/proc/self/exe' may yield unexpected results in various settings.
      Returning '/home/fdemirel/HPC_Lab_Proj/benchmarks/spmv/spmv-m5.x'
src/arch/arm/insts/pseudo.cc:174: warn: 	instruction 'bti' unimplemented
src/sim/mem_state.cc:443: info: Increasing stack size by one page.
src/sim/mem_state.cc:443: info: Increasing stack size by one page.
src/sim/mem_state.cc:443: info: Increasing stack size by one page.
src/sim/mem_state.cc:443: info: Increasing stack size by one page.
src/sim/mem_state.cc:443: info: Increasing stack size by one page.
src/sim/mem_state.cc:443: info: Increasing stack size by one page.
src/sim/mem_state.cc:443: info: Increasing stack size by one page.
----spmv----
N_ROWS          : 8192 
N_COLS          : 65536 
NNZ             : 524155 
Execution time: 6.841543 (ms) 
==================================================
Rerunning        : spmv_stride_deg8_dist4_l1d_ddr4_2x
Benchmark        : spmv
Binary           : ../benchmarks/spmv/spmv-m5.x
Args             : 
Stride config    : deg8_dist4
Level            : l1d
Memory           : ddr4_2x
Output dir       : results_stride_multisim/spmv_stride_deg8_dist4_l1d_ddr4_2x
==================================================
Global frequency set at 1000000000000 ticks per second
src/mem/dram_interface.cc:690: warn: DRAM device capacity (16384 Mbytes) does not match the address range assigned (512 Mbytes)
src/mem/dram_interface.cc:690: warn: DRAM device capacity (16384 Mbytes) does not match the address range assigned (512 Mbytes)
src/base/statistics.hh:279: warn: One of the stats is a legacy stat. Legacy stat is a stat that does not belong to any statistics::Group. Legacy stat is deprecated.
src/base/remote_gdb.cc:418: warn: Sockets disabled, not accepting gdb connections
gem5 Simulator System.  https://www.gem5.org
gem5 is copyrighted software; use the --copyright option for details.

gem5 version 25.0.0.1
gem5 compiled May  5 2026 12:55:05
gem5 started Jun 13 2026 15:20:05
gem5 executing on cn27.guoehi.cluster, pid 169143
command line: ../../gem5/build/ALL/gem5.opt '--outdir=results_stride_multisim/spmv_stride_deg8_dist4_l1d_ddr4_2x' run.py --benchmark ../benchmarks/spmv/spmv-m5.x --benchmark-args '' --prefetcher stride --stride-config deg8_dist4 --pf-level l1d --memory ddr4_2x

info: Standard input is not a terminal, disabling listeners.
========== RUN CONFIG ==========
Benchmark      : ../benchmarks/spmv/spmv-m5.x
Benchmark args : []
CPU            : Out-of-order Armv8
Clock          : 3GHz
CPU width      : 4
ROB size       : 128
LSQ size       : 64
L1D            : 16KiB, assoc 8
L2             : 256KiB, assoc 16
Memory         : ddr4_2x
Prefetcher     : stride
PF level       : l1d
Stride config  : deg8_dist4
================================
src/sim/mem_state.cc:443: info: Increasing stack size by one page.
src/sim/syscall_emul.hh:1121: warn: readlink() called on '/proc/self/exe' may yield unexpected results in various settings.
      Returning '/home/fdemirel/HPC_Lab_Proj/benchmarks/spmv/spmv-m5.x'
src/arch/arm/insts/pseudo.cc:174: warn: 	instruction 'bti' unimplemented
src/sim/mem_state.cc:443: info: Increasing stack size by one page.
src/sim/mem_state.cc:443: info: Increasing stack size by one page.
src/sim/mem_state.cc:443: info: Increasing stack size by one page.
src/sim/mem_state.cc:443: info: Increasing stack size by one page.
src/sim/mem_state.cc:443: info: Increasing stack size by one page.
src/sim/mem_state.cc:443: info: Increasing stack size by one page.
src/sim/mem_state.cc:443: info: Increasing stack size by one page.
----spmv----
N_ROWS          : 8192 
N_COLS          : 65536 
NNZ             : 524155 
Execution time: 6.657281 (ms) 
==================================================
Rerunning        : spmv_stride_deg32_dist1_l1d_ddr4_1x
Benchmark        : spmv
Binary           : ../benchmarks/spmv/spmv-m5.x
Args             : 
Stride config    : deg32_dist1
Level            : l1d
Memory           : ddr4_1x
Output dir       : results_stride_multisim/spmv_stride_deg32_dist1_l1d_ddr4_1x
==================================================
Global frequency set at 1000000000000 ticks per second
src/mem/dram_interface.cc:690: warn: DRAM device capacity (16384 Mbytes) does not match the address range assigned (1024 Mbytes)
src/base/statistics.hh:279: warn: One of the stats is a legacy stat. Legacy stat is a stat that does not belong to any statistics::Group. Legacy stat is deprecated.
src/base/remote_gdb.cc:418: warn: Sockets disabled, not accepting gdb connections
gem5 Simulator System.  https://www.gem5.org
gem5 is copyrighted software; use the --copyright option for details.

gem5 version 25.0.0.1
gem5 compiled May  5 2026 12:55:05
gem5 started Jun 13 2026 15:21:50
gem5 executing on cn27.guoehi.cluster, pid 169157
command line: ../../gem5/build/ALL/gem5.opt '--outdir=results_stride_multisim/spmv_stride_deg32_dist1_l1d_ddr4_1x' run.py --benchmark ../benchmarks/spmv/spmv-m5.x --benchmark-args '' --prefetcher stride --stride-config deg32_dist1 --pf-level l1d --memory ddr4_1x

info: Standard input is not a terminal, disabling listeners.
========== RUN CONFIG ==========
Benchmark      : ../benchmarks/spmv/spmv-m5.x
Benchmark args : []
CPU            : Out-of-order Armv8
Clock          : 3GHz
CPU width      : 4
ROB size       : 128
LSQ size       : 64
L1D            : 16KiB, assoc 8
L2             : 256KiB, assoc 16
Memory         : ddr4_1x
Prefetcher     : stride
PF level       : l1d
Stride config  : deg32_dist1
================================
src/sim/mem_state.cc:443: info: Increasing stack size by one page.
src/sim/syscall_emul.hh:1121: warn: readlink() called on '/proc/self/exe' may yield unexpected results in various settings.
      Returning '/home/fdemirel/HPC_Lab_Proj/benchmarks/spmv/spmv-m5.x'
src/arch/arm/insts/pseudo.cc:174: warn: 	instruction 'bti' unimplemented
src/sim/mem_state.cc:443: info: Increasing stack size by one page.
src/sim/mem_state.cc:443: info: Increasing stack size by one page.
src/sim/mem_state.cc:443: info: Increasing stack size by one page.
src/sim/mem_state.cc:443: info: Increasing stack size by one page.
src/sim/mem_state.cc:443: info: Increasing stack size by one page.
src/sim/mem_state.cc:443: info: Increasing stack size by one page.
src/sim/mem_state.cc:443: info: Increasing stack size by one page.
----spmv----
N_ROWS          : 8192 
N_COLS          : 65536 
NNZ             : 524155 
Execution time: 6.186328 (ms) 
==================================================
Rerunning        : spmv_stride_deg32_dist1_l2_ddr4_1x
Benchmark        : spmv
Binary           : ../benchmarks/spmv/spmv-m5.x
Args             : 
Stride config    : deg32_dist1
Level            : l2
Memory           : ddr4_1x
Output dir       : results_stride_multisim/spmv_stride_deg32_dist1_l2_ddr4_1x
==================================================
Global frequency set at 1000000000000 ticks per second
src/mem/dram_interface.cc:690: warn: DRAM device capacity (16384 Mbytes) does not match the address range assigned (1024 Mbytes)
src/base/statistics.hh:279: warn: One of the stats is a legacy stat. Legacy stat is a stat that does not belong to any statistics::Group. Legacy stat is deprecated.
src/base/remote_gdb.cc:418: warn: Sockets disabled, not accepting gdb connections
gem5 Simulator System.  https://www.gem5.org
gem5 is copyrighted software; use the --copyright option for details.

gem5 version 25.0.0.1
gem5 compiled May  5 2026 12:55:05
gem5 started Jun 13 2026 15:23:39
gem5 executing on cn27.guoehi.cluster, pid 169167
command line: ../../gem5/build/ALL/gem5.opt '--outdir=results_stride_multisim/spmv_stride_deg32_dist1_l2_ddr4_1x' run.py --benchmark ../benchmarks/spmv/spmv-m5.x --benchmark-args '' --prefetcher stride --stride-config deg32_dist1 --pf-level l2 --memory ddr4_1x

info: Standard input is not a terminal, disabling listeners.
========== RUN CONFIG ==========
Benchmark      : ../benchmarks/spmv/spmv-m5.x
Benchmark args : []
CPU            : Out-of-order Armv8
Clock          : 3GHz
CPU width      : 4
ROB size       : 128
LSQ size       : 64
L1D            : 16KiB, assoc 8
L2             : 256KiB, assoc 16
Memory         : ddr4_1x
Prefetcher     : stride
PF level       : l2
Stride config  : deg32_dist1
================================
src/sim/mem_state.cc:443: info: Increasing stack size by one page.
src/sim/syscall_emul.hh:1121: warn: readlink() called on '/proc/self/exe' may yield unexpected results in various settings.
      Returning '/home/fdemirel/HPC_Lab_Proj/benchmarks/spmv/spmv-m5.x'
src/arch/arm/insts/pseudo.cc:174: warn: 	instruction 'bti' unimplemented
src/sim/mem_state.cc:443: info: Increasing stack size by one page.
src/sim/mem_state.cc:443: info: Increasing stack size by one page.
src/sim/mem_state.cc:443: info: Increasing stack size by one page.
src/sim/mem_state.cc:443: info: Increasing stack size by one page.
src/sim/mem_state.cc:443: info: Increasing stack size by one page.
src/sim/mem_state.cc:443: info: Increasing stack size by one page.
src/sim/mem_state.cc:443: info: Increasing stack size by one page.
----spmv----
N_ROWS          : 8192 
N_COLS          : 65536 
NNZ             : 524155 
Execution time: 6.538635 (ms) 
==================================================
Rerunning        : spmv_stride_deg32_dist4_l1d_ddr4_1x
Benchmark        : spmv
Binary           : ../benchmarks/spmv/spmv-m5.x
Args             : 
Stride config    : deg32_dist4
Level            : l1d
Memory           : ddr4_1x
Output dir       : results_stride_multisim/spmv_stride_deg32_dist4_l1d_ddr4_1x
==================================================
Global frequency set at 1000000000000 ticks per second
src/mem/dram_interface.cc:690: warn: DRAM device capacity (16384 Mbytes) does not match the address range assigned (1024 Mbytes)
src/base/statistics.hh:279: warn: One of the stats is a legacy stat. Legacy stat is a stat that does not belong to any statistics::Group. Legacy stat is deprecated.
src/base/remote_gdb.cc:418: warn: Sockets disabled, not accepting gdb connections
gem5 Simulator System.  https://www.gem5.org
gem5 is copyrighted software; use the --copyright option for details.

gem5 version 25.0.0.1
gem5 compiled May  5 2026 12:55:05
gem5 started Jun 13 2026 15:25:26
gem5 executing on cn27.guoehi.cluster, pid 169177
command line: ../../gem5/build/ALL/gem5.opt '--outdir=results_stride_multisim/spmv_stride_deg32_dist4_l1d_ddr4_1x' run.py --benchmark ../benchmarks/spmv/spmv-m5.x --benchmark-args '' --prefetcher stride --stride-config deg32_dist4 --pf-level l1d --memory ddr4_1x

info: Standard input is not a terminal, disabling listeners.
========== RUN CONFIG ==========
Benchmark      : ../benchmarks/spmv/spmv-m5.x
Benchmark args : []
CPU            : Out-of-order Armv8
Clock          : 3GHz
CPU width      : 4
ROB size       : 128
LSQ size       : 64
L1D            : 16KiB, assoc 8
L2             : 256KiB, assoc 16
Memory         : ddr4_1x
Prefetcher     : stride
PF level       : l1d
Stride config  : deg32_dist4
================================
src/sim/mem_state.cc:443: info: Increasing stack size by one page.
src/sim/syscall_emul.hh:1121: warn: readlink() called on '/proc/self/exe' may yield unexpected results in various settings.
      Returning '/home/fdemirel/HPC_Lab_Proj/benchmarks/spmv/spmv-m5.x'
src/arch/arm/insts/pseudo.cc:174: warn: 	instruction 'bti' unimplemented
src/sim/mem_state.cc:443: info: Increasing stack size by one page.
src/sim/mem_state.cc:443: info: Increasing stack size by one page.
src/sim/mem_state.cc:443: info: Increasing stack size by one page.
src/sim/mem_state.cc:443: info: Increasing stack size by one page.
src/sim/mem_state.cc:443: info: Increasing stack size by one page.
src/sim/mem_state.cc:443: info: Increasing stack size by one page.
src/sim/mem_state.cc:443: info: Increasing stack size by one page.
----spmv----
N_ROWS          : 8192 
N_COLS          : 65536 
NNZ             : 524155 
Execution time: 6.236806 (ms) 
==================================================
Rerunning        : spmv_stride_deg32_dist4_l2_ddr4_1x
Benchmark        : spmv
Binary           : ../benchmarks/spmv/spmv-m5.x
Args             : 
Stride config    : deg32_dist4
Level            : l2
Memory           : ddr4_1x
Output dir       : results_stride_multisim/spmv_stride_deg32_dist4_l2_ddr4_1x
==================================================
Global frequency set at 1000000000000 ticks per second
src/mem/dram_interface.cc:690: warn: DRAM device capacity (16384 Mbytes) does not match the address range assigned (1024 Mbytes)
src/base/statistics.hh:279: warn: One of the stats is a legacy stat. Legacy stat is a stat that does not belong to any statistics::Group. Legacy stat is deprecated.
src/base/remote_gdb.cc:418: warn: Sockets disabled, not accepting gdb connections
gem5 Simulator System.  https://www.gem5.org
gem5 is copyrighted software; use the --copyright option for details.

gem5 version 25.0.0.1
gem5 compiled May  5 2026 12:55:05
gem5 started Jun 13 2026 15:27:18
gem5 executing on cn27.guoehi.cluster, pid 169187
command line: ../../gem5/build/ALL/gem5.opt '--outdir=results_stride_multisim/spmv_stride_deg32_dist4_l2_ddr4_1x' run.py --benchmark ../benchmarks/spmv/spmv-m5.x --benchmark-args '' --prefetcher stride --stride-config deg32_dist4 --pf-level l2 --memory ddr4_1x

info: Standard input is not a terminal, disabling listeners.
========== RUN CONFIG ==========
Benchmark      : ../benchmarks/spmv/spmv-m5.x
Benchmark args : []
CPU            : Out-of-order Armv8
Clock          : 3GHz
CPU width      : 4
ROB size       : 128
LSQ size       : 64
L1D            : 16KiB, assoc 8
L2             : 256KiB, assoc 16
Memory         : ddr4_1x
Prefetcher     : stride
PF level       : l2
Stride config  : deg32_dist4
================================
src/sim/mem_state.cc:443: info: Increasing stack size by one page.
src/sim/syscall_emul.hh:1121: warn: readlink() called on '/proc/self/exe' may yield unexpected results in various settings.
      Returning '/home/fdemirel/HPC_Lab_Proj/benchmarks/spmv/spmv-m5.x'
src/arch/arm/insts/pseudo.cc:174: warn: 	instruction 'bti' unimplemented
src/sim/mem_state.cc:443: info: Increasing stack size by one page.
src/sim/mem_state.cc:443: info: Increasing stack size by one page.
src/sim/mem_state.cc:443: info: Increasing stack size by one page.
src/sim/mem_state.cc:443: info: Increasing stack size by one page.
src/sim/mem_state.cc:443: info: Increasing stack size by one page.
src/sim/mem_state.cc:443: info: Increasing stack size by one page.
src/sim/mem_state.cc:443: info: Increasing stack size by one page.
----spmv----
N_ROWS          : 8192 
N_COLS          : 65536 
NNZ             : 524155 
Execution time: 6.609407 (ms) 
==================================================
Rerunning        : spmv_stride_deg32_dist8_l2_ddr4_1x
Benchmark        : spmv
Binary           : ../benchmarks/spmv/spmv-m5.x
Args             : 
Stride config    : deg32_dist8
Level            : l2
Memory           : ddr4_1x
Output dir       : results_stride_multisim/spmv_stride_deg32_dist8_l2_ddr4_1x
==================================================
Global frequency set at 1000000000000 ticks per second
src/mem/dram_interface.cc:690: warn: DRAM device capacity (16384 Mbytes) does not match the address range assigned (1024 Mbytes)
src/base/statistics.hh:279: warn: One of the stats is a legacy stat. Legacy stat is a stat that does not belong to any statistics::Group. Legacy stat is deprecated.
src/base/remote_gdb.cc:418: warn: Sockets disabled, not accepting gdb connections
gem5 Simulator System.  https://www.gem5.org
gem5 is copyrighted software; use the --copyright option for details.

gem5 version 25.0.0.1
gem5 compiled May  5 2026 12:55:05
gem5 started Jun 13 2026 15:29:04
gem5 executing on cn27.guoehi.cluster, pid 169197
command line: ../../gem5/build/ALL/gem5.opt '--outdir=results_stride_multisim/spmv_stride_deg32_dist8_l2_ddr4_1x' run.py --benchmark ../benchmarks/spmv/spmv-m5.x --benchmark-args '' --prefetcher stride --stride-config deg32_dist8 --pf-level l2 --memory ddr4_1x

info: Standard input is not a terminal, disabling listeners.
========== RUN CONFIG ==========
Benchmark      : ../benchmarks/spmv/spmv-m5.x
Benchmark args : []
CPU            : Out-of-order Armv8
Clock          : 3GHz
CPU width      : 4
ROB size       : 128
LSQ size       : 64
L1D            : 16KiB, assoc 8
L2             : 256KiB, assoc 16
Memory         : ddr4_1x
Prefetcher     : stride
PF level       : l2
Stride config  : deg32_dist8
================================
src/sim/mem_state.cc:443: info: Increasing stack size by one page.
src/sim/syscall_emul.hh:1121: warn: readlink() called on '/proc/self/exe' may yield unexpected results in various settings.
      Returning '/home/fdemirel/HPC_Lab_Proj/benchmarks/spmv/spmv-m5.x'
src/arch/arm/insts/pseudo.cc:174: warn: 	instruction 'bti' unimplemented
src/sim/mem_state.cc:443: info: Increasing stack size by one page.
src/sim/mem_state.cc:443: info: Increasing stack size by one page.
src/sim/mem_state.cc:443: info: Increasing stack size by one page.
src/sim/mem_state.cc:443: info: Increasing stack size by one page.
src/sim/mem_state.cc:443: info: Increasing stack size by one page.
src/sim/mem_state.cc:443: info: Increasing stack size by one page.
src/sim/mem_state.cc:443: info: Increasing stack size by one page.
----spmv----
N_ROWS          : 8192 
N_COLS          : 65536 
NNZ             : 524155 
Execution time: 6.644537 (ms) 
==================================================
Rerunning        : spmv_stride_deg32_dist16_l2_ddr4_1x
Benchmark        : spmv
Binary           : ../benchmarks/spmv/spmv-m5.x
Args             : 
Stride config    : deg32_dist16
Level            : l2
Memory           : ddr4_1x
Output dir       : results_stride_multisim/spmv_stride_deg32_dist16_l2_ddr4_1x
==================================================
Global frequency set at 1000000000000 ticks per second
src/mem/dram_interface.cc:690: warn: DRAM device capacity (16384 Mbytes) does not match the address range assigned (1024 Mbytes)
src/base/statistics.hh:279: warn: One of the stats is a legacy stat. Legacy stat is a stat that does not belong to any statistics::Group. Legacy stat is deprecated.
src/base/remote_gdb.cc:418: warn: Sockets disabled, not accepting gdb connections
gem5 Simulator System.  https://www.gem5.org
gem5 is copyrighted software; use the --copyright option for details.

gem5 version 25.0.0.1
gem5 compiled May  5 2026 12:55:05
gem5 started Jun 13 2026 15:30:50
gem5 executing on cn27.guoehi.cluster, pid 169210
command line: ../../gem5/build/ALL/gem5.opt '--outdir=results_stride_multisim/spmv_stride_deg32_dist16_l2_ddr4_1x' run.py --benchmark ../benchmarks/spmv/spmv-m5.x --benchmark-args '' --prefetcher stride --stride-config deg32_dist16 --pf-level l2 --memory ddr4_1x

info: Standard input is not a terminal, disabling listeners.
========== RUN CONFIG ==========
Benchmark      : ../benchmarks/spmv/spmv-m5.x
Benchmark args : []
CPU            : Out-of-order Armv8
Clock          : 3GHz
CPU width      : 4
ROB size       : 128
LSQ size       : 64
L1D            : 16KiB, assoc 8
L2             : 256KiB, assoc 16
Memory         : ddr4_1x
Prefetcher     : stride
PF level       : l2
Stride config  : deg32_dist16
================================
src/sim/mem_state.cc:443: info: Increasing stack size by one page.
src/sim/syscall_emul.hh:1121: warn: readlink() called on '/proc/self/exe' may yield unexpected results in various settings.
      Returning '/home/fdemirel/HPC_Lab_Proj/benchmarks/spmv/spmv-m5.x'
src/arch/arm/insts/pseudo.cc:174: warn: 	instruction 'bti' unimplemented
src/sim/mem_state.cc:443: info: Increasing stack size by one page.
src/sim/mem_state.cc:443: info: Increasing stack size by one page.
src/sim/mem_state.cc:443: info: Increasing stack size by one page.
src/sim/mem_state.cc:443: info: Increasing stack size by one page.
src/sim/mem_state.cc:443: info: Increasing stack size by one page.
src/sim/mem_state.cc:443: info: Increasing stack size by one page.
src/sim/mem_state.cc:443: info: Increasing stack size by one page.
----spmv----
N_ROWS          : 8192 
N_COLS          : 65536 
NNZ             : 524155 
Execution time: 6.616510 (ms) 
==================================================
Rerunning        : spmv_stride_deg32_dist16_l2_ddr4_2x
Benchmark        : spmv
Binary           : ../benchmarks/spmv/spmv-m5.x
Args             : 
Stride config    : deg32_dist16
Level            : l2
Memory           : ddr4_2x
Output dir       : results_stride_multisim/spmv_stride_deg32_dist16_l2_ddr4_2x
==================================================
Global frequency set at 1000000000000 ticks per second
src/mem/dram_interface.cc:690: warn: DRAM device capacity (16384 Mbytes) does not match the address range assigned (512 Mbytes)
src/mem/dram_interface.cc:690: warn: DRAM device capacity (16384 Mbytes) does not match the address range assigned (512 Mbytes)
src/base/statistics.hh:279: warn: One of the stats is a legacy stat. Legacy stat is a stat that does not belong to any statistics::Group. Legacy stat is deprecated.
src/base/remote_gdb.cc:418: warn: Sockets disabled, not accepting gdb connections
gem5 Simulator System.  https://www.gem5.org
gem5 is copyrighted software; use the --copyright option for details.

gem5 version 25.0.0.1
gem5 compiled May  5 2026 12:55:05
gem5 started Jun 13 2026 15:32:36
gem5 executing on cn27.guoehi.cluster, pid 169222
command line: ../../gem5/build/ALL/gem5.opt '--outdir=results_stride_multisim/spmv_stride_deg32_dist16_l2_ddr4_2x' run.py --benchmark ../benchmarks/spmv/spmv-m5.x --benchmark-args '' --prefetcher stride --stride-config deg32_dist16 --pf-level l2 --memory ddr4_2x

info: Standard input is not a terminal, disabling listeners.
========== RUN CONFIG ==========
Benchmark      : ../benchmarks/spmv/spmv-m5.x
Benchmark args : []
CPU            : Out-of-order Armv8
Clock          : 3GHz
CPU width      : 4
ROB size       : 128
LSQ size       : 64
L1D            : 16KiB, assoc 8
L2             : 256KiB, assoc 16
Memory         : ddr4_2x
Prefetcher     : stride
PF level       : l2
Stride config  : deg32_dist16
================================
src/sim/mem_state.cc:443: info: Increasing stack size by one page.
src/sim/syscall_emul.hh:1121: warn: readlink() called on '/proc/self/exe' may yield unexpected results in various settings.
      Returning '/home/fdemirel/HPC_Lab_Proj/benchmarks/spmv/spmv-m5.x'
src/arch/arm/insts/pseudo.cc:174: warn: 	instruction 'bti' unimplemented
src/sim/mem_state.cc:443: info: Increasing stack size by one page.
src/sim/mem_state.cc:443: info: Increasing stack size by one page.
src/sim/mem_state.cc:443: info: Increasing stack size by one page.
src/sim/mem_state.cc:443: info: Increasing stack size by one page.
src/sim/mem_state.cc:443: info: Increasing stack size by one page.
src/sim/mem_state.cc:443: info: Increasing stack size by one page.
src/sim/mem_state.cc:443: info: Increasing stack size by one page.
----spmv----
N_ROWS          : 8192 
N_COLS          : 65536 
NNZ             : 524155 
Execution time: 5.864462 (ms) 
==================================================
Rerunning        : merge_stride_deg4_dist1_l1d_ddr4_2x
Benchmark        : merge
Binary           : ../benchmarks/merge/merge-m5.x
Args             : x
Stride config    : deg4_dist1
Level            : l1d
Memory           : ddr4_2x
Output dir       : results_stride_multisim/merge_stride_deg4_dist1_l1d_ddr4_2x
==================================================
Global frequency set at 1000000000000 ticks per second
src/mem/dram_interface.cc:690: warn: DRAM device capacity (16384 Mbytes) does not match the address range assigned (512 Mbytes)
src/mem/dram_interface.cc:690: warn: DRAM device capacity (16384 Mbytes) does not match the address range assigned (512 Mbytes)
src/base/statistics.hh:279: warn: One of the stats is a legacy stat. Legacy stat is a stat that does not belong to any statistics::Group. Legacy stat is deprecated.
src/base/remote_gdb.cc:418: warn: Sockets disabled, not accepting gdb connections
gem5 Simulator System.  https://www.gem5.org
gem5 is copyrighted software; use the --copyright option for details.

gem5 version 25.0.0.1
gem5 compiled May  5 2026 12:55:05
gem5 started Jun 13 2026 15:34:21
gem5 executing on cn27.guoehi.cluster, pid 169232
command line: ../../gem5/build/ALL/gem5.opt '--outdir=results_stride_multisim/merge_stride_deg4_dist1_l1d_ddr4_2x' run.py --benchmark ../benchmarks/merge/merge-m5.x --benchmark-args x --prefetcher stride --stride-config deg4_dist1 --pf-level l1d --memory ddr4_2x

info: Standard input is not a terminal, disabling listeners.
========== RUN CONFIG ==========
Benchmark      : ../benchmarks/merge/merge-m5.x
Benchmark args : ['x']
CPU            : Out-of-order Armv8
Clock          : 3GHz
CPU width      : 4
ROB size       : 128
LSQ size       : 64
L1D            : 16KiB, assoc 8
L2             : 256KiB, assoc 16
Memory         : ddr4_2x
Prefetcher     : stride
PF level       : l1d
Stride config  : deg4_dist1
================================
src/sim/mem_state.cc:443: info: Increasing stack size by one page.
src/sim/syscall_emul.hh:1121: warn: readlink() called on '/proc/self/exe' may yield unexpected results in various settings.
      Returning '/home/fdemirel/HPC_Lab_Proj/benchmarks/merge/merge-m5.x'
src/arch/arm/insts/pseudo.cc:174: warn: 	instruction 'bti' unimplemented

----merge----
Execution time: 9.855229 (ms) 
random_elem:0, ../benchmarks/merge/merge-m5.x
==================================================
Rerunning        : merge_stride_deg4_dist32_l2_ddr4_1x
Benchmark        : merge
Binary           : ../benchmarks/merge/merge-m5.x
Args             : x
Stride config    : deg4_dist32
Level            : l2
Memory           : ddr4_1x
Output dir       : results_stride_multisim/merge_stride_deg4_dist32_l2_ddr4_1x
==================================================
Global frequency set at 1000000000000 ticks per second
src/mem/dram_interface.cc:690: warn: DRAM device capacity (16384 Mbytes) does not match the address range assigned (1024 Mbytes)
src/base/statistics.hh:279: warn: One of the stats is a legacy stat. Legacy stat is a stat that does not belong to any statistics::Group. Legacy stat is deprecated.
src/base/remote_gdb.cc:418: warn: Sockets disabled, not accepting gdb connections
gem5 Simulator System.  https://www.gem5.org
gem5 is copyrighted software; use the --copyright option for details.

gem5 version 25.0.0.1
gem5 compiled May  5 2026 12:55:05
gem5 started Jun 13 2026 15:38:59
gem5 executing on cn27.guoehi.cluster, pid 169249
command line: ../../gem5/build/ALL/gem5.opt '--outdir=results_stride_multisim/merge_stride_deg4_dist32_l2_ddr4_1x' run.py --benchmark ../benchmarks/merge/merge-m5.x --benchmark-args x --prefetcher stride --stride-config deg4_dist32 --pf-level l2 --memory ddr4_1x

info: Standard input is not a terminal, disabling listeners.
========== RUN CONFIG ==========
Benchmark      : ../benchmarks/merge/merge-m5.x
Benchmark args : ['x']
CPU            : Out-of-order Armv8
Clock          : 3GHz
CPU width      : 4
ROB size       : 128
LSQ size       : 64
L1D            : 16KiB, assoc 8
L2             : 256KiB, assoc 16
Memory         : ddr4_1x
Prefetcher     : stride
PF level       : l2
Stride config  : deg4_dist32
================================
src/sim/mem_state.cc:443: info: Increasing stack size by one page.
src/sim/syscall_emul.hh:1121: warn: readlink() called on '/proc/self/exe' may yield unexpected results in various settings.
      Returning '/home/fdemirel/HPC_Lab_Proj/benchmarks/merge/merge-m5.x'
src/arch/arm/insts/pseudo.cc:174: warn: 	instruction 'bti' unimplemented

----merge----
Execution time: 11.031751 (ms) 
random_elem:0, ../benchmarks/merge/merge-m5.x
==================================================
Rerunning        : merge_stride_deg8_dist1_l1d_ddr4_1x
Benchmark        : merge
Binary           : ../benchmarks/merge/merge-m5.x
Args             : x
Stride config    : deg8_dist1
Level            : l1d
Memory           : ddr4_1x
Output dir       : results_stride_multisim/merge_stride_deg8_dist1_l1d_ddr4_1x
==================================================
Global frequency set at 1000000000000 ticks per second
src/mem/dram_interface.cc:690: warn: DRAM device capacity (16384 Mbytes) does not match the address range assigned (1024 Mbytes)
src/base/statistics.hh:279: warn: One of the stats is a legacy stat. Legacy stat is a stat that does not belong to any statistics::Group. Legacy stat is deprecated.
src/base/remote_gdb.cc:418: warn: Sockets disabled, not accepting gdb connections
gem5 Simulator System.  https://www.gem5.org
gem5 is copyrighted software; use the --copyright option for details.

gem5 version 25.0.0.1
gem5 compiled May  5 2026 12:55:05
gem5 started Jun 13 2026 15:43:40
gem5 executing on cn27.guoehi.cluster, pid 169269
command line: ../../gem5/build/ALL/gem5.opt '--outdir=results_stride_multisim/merge_stride_deg8_dist1_l1d_ddr4_1x' run.py --benchmark ../benchmarks/merge/merge-m5.x --benchmark-args x --prefetcher stride --stride-config deg8_dist1 --pf-level l1d --memory ddr4_1x

info: Standard input is not a terminal, disabling listeners.
========== RUN CONFIG ==========
Benchmark      : ../benchmarks/merge/merge-m5.x
Benchmark args : ['x']
CPU            : Out-of-order Armv8
Clock          : 3GHz
CPU width      : 4
ROB size       : 128
LSQ size       : 64
L1D            : 16KiB, assoc 8
L2             : 256KiB, assoc 16
Memory         : ddr4_1x
Prefetcher     : stride
PF level       : l1d
Stride config  : deg8_dist1
================================
src/sim/mem_state.cc:443: info: Increasing stack size by one page.
src/sim/syscall_emul.hh:1121: warn: readlink() called on '/proc/self/exe' may yield unexpected results in various settings.
      Returning '/home/fdemirel/HPC_Lab_Proj/benchmarks/merge/merge-m5.x'
src/arch/arm/insts/pseudo.cc:174: warn: 	instruction 'bti' unimplemented

----merge----
Execution time: 9.821862 (ms) 
random_elem:0, ../benchmarks/merge/merge-m5.x
==================================================
Rerunning        : merge_stride_deg8_dist1_l2_ddr4_1x
Benchmark        : merge
Binary           : ../benchmarks/merge/merge-m5.x
Args             : x
Stride config    : deg8_dist1
Level            : l2
Memory           : ddr4_1x
Output dir       : results_stride_multisim/merge_stride_deg8_dist1_l2_ddr4_1x
==================================================
Global frequency set at 1000000000000 ticks per second
src/mem/dram_interface.cc:690: warn: DRAM device capacity (16384 Mbytes) does not match the address range assigned (1024 Mbytes)
src/base/statistics.hh:279: warn: One of the stats is a legacy stat. Legacy stat is a stat that does not belong to any statistics::Group. Legacy stat is deprecated.
src/base/remote_gdb.cc:418: warn: Sockets disabled, not accepting gdb connections
gem5 Simulator System.  https://www.gem5.org
gem5 is copyrighted software; use the --copyright option for details.

gem5 version 25.0.0.1
gem5 compiled May  5 2026 12:55:05
gem5 started Jun 13 2026 15:48:15
gem5 executing on cn27.guoehi.cluster, pid 169290
command line: ../../gem5/build/ALL/gem5.opt '--outdir=results_stride_multisim/merge_stride_deg8_dist1_l2_ddr4_1x' run.py --benchmark ../benchmarks/merge/merge-m5.x --benchmark-args x --prefetcher stride --stride-config deg8_dist1 --pf-level l2 --memory ddr4_1x

info: Standard input is not a terminal, disabling listeners.
========== RUN CONFIG ==========
Benchmark      : ../benchmarks/merge/merge-m5.x
Benchmark args : ['x']
CPU            : Out-of-order Armv8
Clock          : 3GHz
CPU width      : 4
ROB size       : 128
LSQ size       : 64
L1D            : 16KiB, assoc 8
L2             : 256KiB, assoc 16
Memory         : ddr4_1x
Prefetcher     : stride
PF level       : l2
Stride config  : deg8_dist1
================================
src/sim/mem_state.cc:443: info: Increasing stack size by one page.
src/sim/syscall_emul.hh:1121: warn: readlink() called on '/proc/self/exe' may yield unexpected results in various settings.
      Returning '/home/fdemirel/HPC_Lab_Proj/benchmarks/merge/merge-m5.x'
src/arch/arm/insts/pseudo.cc:174: warn: 	instruction 'bti' unimplemented

----merge----
Execution time: 10.292570 (ms) 
random_elem:0, ../benchmarks/merge/merge-m5.x
==================================================
Rerunning        : merge_stride_deg8_dist4_l1d_ddr4_1x
Benchmark        : merge
Binary           : ../benchmarks/merge/merge-m5.x
Args             : x
Stride config    : deg8_dist4
Level            : l1d
Memory           : ddr4_1x
Output dir       : results_stride_multisim/merge_stride_deg8_dist4_l1d_ddr4_1x
==================================================
Global frequency set at 1000000000000 ticks per second
src/mem/dram_interface.cc:690: warn: DRAM device capacity (16384 Mbytes) does not match the address range assigned (1024 Mbytes)
src/base/statistics.hh:279: warn: One of the stats is a legacy stat. Legacy stat is a stat that does not belong to any statistics::Group. Legacy stat is deprecated.
src/base/remote_gdb.cc:418: warn: Sockets disabled, not accepting gdb connections
gem5 Simulator System.  https://www.gem5.org
gem5 is copyrighted software; use the --copyright option for details.

gem5 version 25.0.0.1
gem5 compiled May  5 2026 12:55:05
gem5 started Jun 13 2026 15:52:54
gem5 executing on cn27.guoehi.cluster, pid 169311
command line: ../../gem5/build/ALL/gem5.opt '--outdir=results_stride_multisim/merge_stride_deg8_dist4_l1d_ddr4_1x' run.py --benchmark ../benchmarks/merge/merge-m5.x --benchmark-args x --prefetcher stride --stride-config deg8_dist4 --pf-level l1d --memory ddr4_1x

info: Standard input is not a terminal, disabling listeners.
========== RUN CONFIG ==========
Benchmark      : ../benchmarks/merge/merge-m5.x
Benchmark args : ['x']
CPU            : Out-of-order Armv8
Clock          : 3GHz
CPU width      : 4
ROB size       : 128
LSQ size       : 64
L1D            : 16KiB, assoc 8
L2             : 256KiB, assoc 16
Memory         : ddr4_1x
Prefetcher     : stride
PF level       : l1d
Stride config  : deg8_dist4
================================
src/sim/mem_state.cc:443: info: Increasing stack size by one page.
src/sim/syscall_emul.hh:1121: warn: readlink() called on '/proc/self/exe' may yield unexpected results in various settings.
      Returning '/home/fdemirel/HPC_Lab_Proj/benchmarks/merge/merge-m5.x'
src/arch/arm/insts/pseudo.cc:174: warn: 	instruction 'bti' unimplemented

----merge----
Execution time: 9.948410 (ms) 
random_elem:0, ../benchmarks/merge/merge-m5.x
==================================================
Rerunning        : merge_stride_deg8_dist4_l2_ddr4_1x
Benchmark        : merge
Binary           : ../benchmarks/merge/merge-m5.x
Args             : x
Stride config    : deg8_dist4
Level            : l2
Memory           : ddr4_1x
Output dir       : results_stride_multisim/merge_stride_deg8_dist4_l2_ddr4_1x
==================================================
Global frequency set at 1000000000000 ticks per second
src/mem/dram_interface.cc:690: warn: DRAM device capacity (16384 Mbytes) does not match the address range assigned (1024 Mbytes)
src/base/statistics.hh:279: warn: One of the stats is a legacy stat. Legacy stat is a stat that does not belong to any statistics::Group. Legacy stat is deprecated.
src/base/remote_gdb.cc:418: warn: Sockets disabled, not accepting gdb connections
gem5 Simulator System.  https://www.gem5.org
gem5 is copyrighted software; use the --copyright option for details.

gem5 version 25.0.0.1
gem5 compiled May  5 2026 12:55:05
gem5 started Jun 13 2026 15:57:28
gem5 executing on cn27.guoehi.cluster, pid 169324
command line: ../../gem5/build/ALL/gem5.opt '--outdir=results_stride_multisim/merge_stride_deg8_dist4_l2_ddr4_1x' run.py --benchmark ../benchmarks/merge/merge-m5.x --benchmark-args x --prefetcher stride --stride-config deg8_dist4 --pf-level l2 --memory ddr4_1x

info: Standard input is not a terminal, disabling listeners.
========== RUN CONFIG ==========
Benchmark      : ../benchmarks/merge/merge-m5.x
Benchmark args : ['x']
CPU            : Out-of-order Armv8
Clock          : 3GHz
CPU width      : 4
ROB size       : 128
LSQ size       : 64
L1D            : 16KiB, assoc 8
L2             : 256KiB, assoc 16
Memory         : ddr4_1x
Prefetcher     : stride
PF level       : l2
Stride config  : deg8_dist4
================================
src/sim/mem_state.cc:443: info: Increasing stack size by one page.
src/sim/syscall_emul.hh:1121: warn: readlink() called on '/proc/self/exe' may yield unexpected results in various settings.
      Returning '/home/fdemirel/HPC_Lab_Proj/benchmarks/merge/merge-m5.x'
src/arch/arm/insts/pseudo.cc:174: warn: 	instruction 'bti' unimplemented

----merge----
Execution time: 10.367573 (ms) 
random_elem:0, ../benchmarks/merge/merge-m5.x
==================================================
Rerunning        : merge_stride_deg8_dist4_l2_ddr4_2x
Benchmark        : merge
Binary           : ../benchmarks/merge/merge-m5.x
Args             : x
Stride config    : deg8_dist4
Level            : l2
Memory           : ddr4_2x
Output dir       : results_stride_multisim/merge_stride_deg8_dist4_l2_ddr4_2x
==================================================
Global frequency set at 1000000000000 ticks per second
src/mem/dram_interface.cc:690: warn: DRAM device capacity (16384 Mbytes) does not match the address range assigned (512 Mbytes)
src/mem/dram_interface.cc:690: warn: DRAM device capacity (16384 Mbytes) does not match the address range assigned (512 Mbytes)
src/base/statistics.hh:279: warn: One of the stats is a legacy stat. Legacy stat is a stat that does not belong to any statistics::Group. Legacy stat is deprecated.
src/base/remote_gdb.cc:418: warn: Sockets disabled, not accepting gdb connections
gem5 Simulator System.  https://www.gem5.org
gem5 is copyrighted software; use the --copyright option for details.

gem5 version 25.0.0.1
gem5 compiled May  5 2026 12:55:05
gem5 started Jun 13 2026 16:02:04
gem5 executing on cn27.guoehi.cluster, pid 169341
command line: ../../gem5/build/ALL/gem5.opt '--outdir=results_stride_multisim/merge_stride_deg8_dist4_l2_ddr4_2x' run.py --benchmark ../benchmarks/merge/merge-m5.x --benchmark-args x --prefetcher stride --stride-config deg8_dist4 --pf-level l2 --memory ddr4_2x

info: Standard input is not a terminal, disabling listeners.
========== RUN CONFIG ==========
Benchmark      : ../benchmarks/merge/merge-m5.x
Benchmark args : ['x']
CPU            : Out-of-order Armv8
Clock          : 3GHz
CPU width      : 4
ROB size       : 128
LSQ size       : 64
L1D            : 16KiB, assoc 8
L2             : 256KiB, assoc 16
Memory         : ddr4_2x
Prefetcher     : stride
PF level       : l2
Stride config  : deg8_dist4
================================
src/sim/mem_state.cc:443: info: Increasing stack size by one page.
src/sim/syscall_emul.hh:1121: warn: readlink() called on '/proc/self/exe' may yield unexpected results in various settings.
      Returning '/home/fdemirel/HPC_Lab_Proj/benchmarks/merge/merge-m5.x'
src/arch/arm/insts/pseudo.cc:174: warn: 	instruction 'bti' unimplemented

----merge----
Execution time: 10.348346 (ms) 
random_elem:0, ../benchmarks/merge/merge-m5.x
==================================================
Rerunning        : merge_stride_deg16_dist8_l1d_ddr4_2x
Benchmark        : merge
Binary           : ../benchmarks/merge/merge-m5.x
Args             : x
Stride config    : deg16_dist8
Level            : l1d
Memory           : ddr4_2x
Output dir       : results_stride_multisim/merge_stride_deg16_dist8_l1d_ddr4_2x
==================================================
Global frequency set at 1000000000000 ticks per second
src/mem/dram_interface.cc:690: warn: DRAM device capacity (16384 Mbytes) does not match the address range assigned (512 Mbytes)
src/mem/dram_interface.cc:690: warn: DRAM device capacity (16384 Mbytes) does not match the address range assigned (512 Mbytes)
src/base/statistics.hh:279: warn: One of the stats is a legacy stat. Legacy stat is a stat that does not belong to any statistics::Group. Legacy stat is deprecated.
src/base/remote_gdb.cc:418: warn: Sockets disabled, not accepting gdb connections
gem5 Simulator System.  https://www.gem5.org
gem5 is copyrighted software; use the --copyright option for details.

gem5 version 25.0.0.1
gem5 compiled May  5 2026 12:55:05
gem5 started Jun 13 2026 16:06:49
gem5 executing on cn27.guoehi.cluster, pid 169357
command line: ../../gem5/build/ALL/gem5.opt '--outdir=results_stride_multisim/merge_stride_deg16_dist8_l1d_ddr4_2x' run.py --benchmark ../benchmarks/merge/merge-m5.x --benchmark-args x --prefetcher stride --stride-config deg16_dist8 --pf-level l1d --memory ddr4_2x

info: Standard input is not a terminal, disabling listeners.
========== RUN CONFIG ==========
Benchmark      : ../benchmarks/merge/merge-m5.x
Benchmark args : ['x']
CPU            : Out-of-order Armv8
Clock          : 3GHz
CPU width      : 4
ROB size       : 128
LSQ size       : 64
L1D            : 16KiB, assoc 8
L2             : 256KiB, assoc 16
Memory         : ddr4_2x
Prefetcher     : stride
PF level       : l1d
Stride config  : deg16_dist8
================================
src/sim/mem_state.cc:443: info: Increasing stack size by one page.
src/sim/syscall_emul.hh:1121: warn: readlink() called on '/proc/self/exe' may yield unexpected results in various settings.
      Returning '/home/fdemirel/HPC_Lab_Proj/benchmarks/merge/merge-m5.x'
src/arch/arm/insts/pseudo.cc:174: warn: 	instruction 'bti' unimplemented

----merge----
Execution time: 9.985749 (ms) 
random_elem:0, ../benchmarks/merge/merge-m5.x
==================================================
Rerunning        : merge_stride_deg16_dist8_l2_ddr4_2x
Benchmark        : merge
Binary           : ../benchmarks/merge/merge-m5.x
Args             : x
Stride config    : deg16_dist8
Level            : l2
Memory           : ddr4_2x
Output dir       : results_stride_multisim/merge_stride_deg16_dist8_l2_ddr4_2x
==================================================
Global frequency set at 1000000000000 ticks per second
src/mem/dram_interface.cc:690: warn: DRAM device capacity (16384 Mbytes) does not match the address range assigned (512 Mbytes)
src/mem/dram_interface.cc:690: warn: DRAM device capacity (16384 Mbytes) does not match the address range assigned (512 Mbytes)
src/base/statistics.hh:279: warn: One of the stats is a legacy stat. Legacy stat is a stat that does not belong to any statistics::Group. Legacy stat is deprecated.
src/base/remote_gdb.cc:418: warn: Sockets disabled, not accepting gdb connections
gem5 Simulator System.  https://www.gem5.org
gem5 is copyrighted software; use the --copyright option for details.

gem5 version 25.0.0.1
gem5 compiled May  5 2026 12:55:05
gem5 started Jun 13 2026 16:11:29
gem5 executing on cn27.guoehi.cluster, pid 169373
command line: ../../gem5/build/ALL/gem5.opt '--outdir=results_stride_multisim/merge_stride_deg16_dist8_l2_ddr4_2x' run.py --benchmark ../benchmarks/merge/merge-m5.x --benchmark-args x --prefetcher stride --stride-config deg16_dist8 --pf-level l2 --memory ddr4_2x

info: Standard input is not a terminal, disabling listeners.
========== RUN CONFIG ==========
Benchmark      : ../benchmarks/merge/merge-m5.x
Benchmark args : ['x']
CPU            : Out-of-order Armv8
Clock          : 3GHz
CPU width      : 4
ROB size       : 128
LSQ size       : 64
L1D            : 16KiB, assoc 8
L2             : 256KiB, assoc 16
Memory         : ddr4_2x
Prefetcher     : stride
PF level       : l2
Stride config  : deg16_dist8
================================
src/sim/mem_state.cc:443: info: Increasing stack size by one page.
src/sim/syscall_emul.hh:1121: warn: readlink() called on '/proc/self/exe' may yield unexpected results in various settings.
      Returning '/home/fdemirel/HPC_Lab_Proj/benchmarks/merge/merge-m5.x'
src/arch/arm/insts/pseudo.cc:174: warn: 	instruction 'bti' unimplemented

----merge----
Execution time: 10.376753 (ms) 
random_elem:0, ../benchmarks/merge/merge-m5.x
==================================================
Rerunning        : merge_stride_deg16_dist16_l2_ddr4_2x
Benchmark        : merge
Binary           : ../benchmarks/merge/merge-m5.x
Args             : x
Stride config    : deg16_dist16
Level            : l2
Memory           : ddr4_2x
Output dir       : results_stride_multisim/merge_stride_deg16_dist16_l2_ddr4_2x
==================================================
Global frequency set at 1000000000000 ticks per second
src/mem/dram_interface.cc:690: warn: DRAM device capacity (16384 Mbytes) does not match the address range assigned (512 Mbytes)
src/mem/dram_interface.cc:690: warn: DRAM device capacity (16384 Mbytes) does not match the address range assigned (512 Mbytes)
src/base/statistics.hh:279: warn: One of the stats is a legacy stat. Legacy stat is a stat that does not belong to any statistics::Group. Legacy stat is deprecated.
src/base/remote_gdb.cc:418: warn: Sockets disabled, not accepting gdb connections
gem5 Simulator System.  https://www.gem5.org
gem5 is copyrighted software; use the --copyright option for details.

gem5 version 25.0.0.1
gem5 compiled May  5 2026 12:55:05
gem5 started Jun 13 2026 16:16:16
gem5 executing on cn27.guoehi.cluster, pid 169423
command line: ../../gem5/build/ALL/gem5.opt '--outdir=results_stride_multisim/merge_stride_deg16_dist16_l2_ddr4_2x' run.py --benchmark ../benchmarks/merge/merge-m5.x --benchmark-args x --prefetcher stride --stride-config deg16_dist16 --pf-level l2 --memory ddr4_2x

info: Standard input is not a terminal, disabling listeners.
========== RUN CONFIG ==========
Benchmark      : ../benchmarks/merge/merge-m5.x
Benchmark args : ['x']
CPU            : Out-of-order Armv8
Clock          : 3GHz
CPU width      : 4
ROB size       : 128
LSQ size       : 64
L1D            : 16KiB, assoc 8
L2             : 256KiB, assoc 16
Memory         : ddr4_2x
Prefetcher     : stride
PF level       : l2
Stride config  : deg16_dist16
================================
src/sim/mem_state.cc:443: info: Increasing stack size by one page.
src/sim/syscall_emul.hh:1121: warn: readlink() called on '/proc/self/exe' may yield unexpected results in various settings.
      Returning '/home/fdemirel/HPC_Lab_Proj/benchmarks/merge/merge-m5.x'
src/arch/arm/insts/pseudo.cc:174: warn: 	instruction 'bti' unimplemented

----merge----
Execution time: 10.531404 (ms) 
random_elem:0, ../benchmarks/merge/merge-m5.x
==================================================
Rerunning        : merge_stride_deg32_dist4_l1d_ddr4_1x
Benchmark        : merge
Binary           : ../benchmarks/merge/merge-m5.x
Args             : x
Stride config    : deg32_dist4
Level            : l1d
Memory           : ddr4_1x
Output dir       : results_stride_multisim/merge_stride_deg32_dist4_l1d_ddr4_1x
==================================================
Global frequency set at 1000000000000 ticks per second
src/mem/dram_interface.cc:690: warn: DRAM device capacity (16384 Mbytes) does not match the address range assigned (1024 Mbytes)
src/base/statistics.hh:279: warn: One of the stats is a legacy stat. Legacy stat is a stat that does not belong to any statistics::Group. Legacy stat is deprecated.
src/base/remote_gdb.cc:418: warn: Sockets disabled, not accepting gdb connections
gem5 Simulator System.  https://www.gem5.org
gem5 is copyrighted software; use the --copyright option for details.

gem5 version 25.0.0.1
gem5 compiled May  5 2026 12:55:05
gem5 started Jun 13 2026 16:20:59
gem5 executing on cn27.guoehi.cluster, pid 169444
command line: ../../gem5/build/ALL/gem5.opt '--outdir=results_stride_multisim/merge_stride_deg32_dist4_l1d_ddr4_1x' run.py --benchmark ../benchmarks/merge/merge-m5.x --benchmark-args x --prefetcher stride --stride-config deg32_dist4 --pf-level l1d --memory ddr4_1x

info: Standard input is not a terminal, disabling listeners.
========== RUN CONFIG ==========
Benchmark      : ../benchmarks/merge/merge-m5.x
Benchmark args : ['x']
CPU            : Out-of-order Armv8
Clock          : 3GHz
CPU width      : 4
ROB size       : 128
LSQ size       : 64
L1D            : 16KiB, assoc 8
L2             : 256KiB, assoc 16
Memory         : ddr4_1x
Prefetcher     : stride
PF level       : l1d
Stride config  : deg32_dist4
================================
src/sim/mem_state.cc:443: info: Increasing stack size by one page.
src/sim/syscall_emul.hh:1121: warn: readlink() called on '/proc/self/exe' may yield unexpected results in various settings.
      Returning '/home/fdemirel/HPC_Lab_Proj/benchmarks/merge/merge-m5.x'
src/arch/arm/insts/pseudo.cc:174: warn: 	instruction 'bti' unimplemented

----merge----
Execution time: 9.896795 (ms) 
random_elem:0, ../benchmarks/merge/merge-m5.x
==================================================
Rerunning        : merge_stride_deg32_dist8_l1d_ddr4_1x
Benchmark        : merge
Binary           : ../benchmarks/merge/merge-m5.x
Args             : x
Stride config    : deg32_dist8
Level            : l1d
Memory           : ddr4_1x
Output dir       : results_stride_multisim/merge_stride_deg32_dist8_l1d_ddr4_1x
==================================================
Global frequency set at 1000000000000 ticks per second
src/mem/dram_interface.cc:690: warn: DRAM device capacity (16384 Mbytes) does not match the address range assigned (1024 Mbytes)
src/base/statistics.hh:279: warn: One of the stats is a legacy stat. Legacy stat is a stat that does not belong to any statistics::Group. Legacy stat is deprecated.
src/base/remote_gdb.cc:418: warn: Sockets disabled, not accepting gdb connections
gem5 Simulator System.  https://www.gem5.org
gem5 is copyrighted software; use the --copyright option for details.

gem5 version 25.0.0.1
gem5 compiled May  5 2026 12:55:05
gem5 started Jun 13 2026 16:25:37
gem5 executing on cn27.guoehi.cluster, pid 169460
command line: ../../gem5/build/ALL/gem5.opt '--outdir=results_stride_multisim/merge_stride_deg32_dist8_l1d_ddr4_1x' run.py --benchmark ../benchmarks/merge/merge-m5.x --benchmark-args x --prefetcher stride --stride-config deg32_dist8 --pf-level l1d --memory ddr4_1x

info: Standard input is not a terminal, disabling listeners.
========== RUN CONFIG ==========
Benchmark      : ../benchmarks/merge/merge-m5.x
Benchmark args : ['x']
CPU            : Out-of-order Armv8
Clock          : 3GHz
CPU width      : 4
ROB size       : 128
LSQ size       : 64
L1D            : 16KiB, assoc 8
L2             : 256KiB, assoc 16
Memory         : ddr4_1x
Prefetcher     : stride
PF level       : l1d
Stride config  : deg32_dist8
================================
src/sim/mem_state.cc:443: info: Increasing stack size by one page.
src/sim/syscall_emul.hh:1121: warn: readlink() called on '/proc/self/exe' may yield unexpected results in various settings.
      Returning '/home/fdemirel/HPC_Lab_Proj/benchmarks/merge/merge-m5.x'
src/arch/arm/insts/pseudo.cc:174: warn: 	instruction 'bti' unimplemented

----merge----
Execution time: 10.028253 (ms) 
random_elem:0, ../benchmarks/merge/merge-m5.x
==================================================
Rerunning        : merge_stride_deg32_dist8_l2_ddr4_1x
Benchmark        : merge
Binary           : ../benchmarks/merge/merge-m5.x
Args             : x
Stride config    : deg32_dist8
Level            : l2
Memory           : ddr4_1x
Output dir       : results_stride_multisim/merge_stride_deg32_dist8_l2_ddr4_1x
==================================================
Global frequency set at 1000000000000 ticks per second
src/mem/dram_interface.cc:690: warn: DRAM device capacity (16384 Mbytes) does not match the address range assigned (1024 Mbytes)
src/base/statistics.hh:279: warn: One of the stats is a legacy stat. Legacy stat is a stat that does not belong to any statistics::Group. Legacy stat is deprecated.
src/base/remote_gdb.cc:418: warn: Sockets disabled, not accepting gdb connections
gem5 Simulator System.  https://www.gem5.org
gem5 is copyrighted software; use the --copyright option for details.

gem5 version 25.0.0.1
gem5 compiled May  5 2026 12:55:05
gem5 started Jun 13 2026 16:30:17
gem5 executing on cn27.guoehi.cluster, pid 169474
command line: ../../gem5/build/ALL/gem5.opt '--outdir=results_stride_multisim/merge_stride_deg32_dist8_l2_ddr4_1x' run.py --benchmark ../benchmarks/merge/merge-m5.x --benchmark-args x --prefetcher stride --stride-config deg32_dist8 --pf-level l2 --memory ddr4_1x

info: Standard input is not a terminal, disabling listeners.
========== RUN CONFIG ==========
Benchmark      : ../benchmarks/merge/merge-m5.x
Benchmark args : ['x']
CPU            : Out-of-order Armv8
Clock          : 3GHz
CPU width      : 4
ROB size       : 128
LSQ size       : 64
L1D            : 16KiB, assoc 8
L2             : 256KiB, assoc 16
Memory         : ddr4_1x
Prefetcher     : stride
PF level       : l2
Stride config  : deg32_dist8
================================
src/sim/mem_state.cc:443: info: Increasing stack size by one page.
src/sim/syscall_emul.hh:1121: warn: readlink() called on '/proc/self/exe' may yield unexpected results in various settings.
      Returning '/home/fdemirel/HPC_Lab_Proj/benchmarks/merge/merge-m5.x'
src/arch/arm/insts/pseudo.cc:174: warn: 	instruction 'bti' unimplemented

----merge----
Execution time: 10.425596 (ms) 
random_elem:0, ../benchmarks/merge/merge-m5.x
==================================================
Rerunning        : merge_stride_deg32_dist16_l1d_ddr4_1x
Benchmark        : merge
Binary           : ../benchmarks/merge/merge-m5.x
Args             : x
Stride config    : deg32_dist16
Level            : l1d
Memory           : ddr4_1x
Output dir       : results_stride_multisim/merge_stride_deg32_dist16_l1d_ddr4_1x
==================================================
Global frequency set at 1000000000000 ticks per second
src/mem/dram_interface.cc:690: warn: DRAM device capacity (16384 Mbytes) does not match the address range assigned (1024 Mbytes)
src/base/statistics.hh:279: warn: One of the stats is a legacy stat. Legacy stat is a stat that does not belong to any statistics::Group. Legacy stat is deprecated.
src/base/remote_gdb.cc:418: warn: Sockets disabled, not accepting gdb connections
gem5 Simulator System.  https://www.gem5.org
gem5 is copyrighted software; use the --copyright option for details.

gem5 version 25.0.0.1
gem5 compiled May  5 2026 12:55:05
gem5 started Jun 13 2026 16:34:57
gem5 executing on cn27.guoehi.cluster, pid 169492
command line: ../../gem5/build/ALL/gem5.opt '--outdir=results_stride_multisim/merge_stride_deg32_dist16_l1d_ddr4_1x' run.py --benchmark ../benchmarks/merge/merge-m5.x --benchmark-args x --prefetcher stride --stride-config deg32_dist16 --pf-level l1d --memory ddr4_1x

info: Standard input is not a terminal, disabling listeners.
========== RUN CONFIG ==========
Benchmark      : ../benchmarks/merge/merge-m5.x
Benchmark args : ['x']
CPU            : Out-of-order Armv8
Clock          : 3GHz
CPU width      : 4
ROB size       : 128
LSQ size       : 64
L1D            : 16KiB, assoc 8
L2             : 256KiB, assoc 16
Memory         : ddr4_1x
Prefetcher     : stride
PF level       : l1d
Stride config  : deg32_dist16
================================
src/sim/mem_state.cc:443: info: Increasing stack size by one page.
src/sim/syscall_emul.hh:1121: warn: readlink() called on '/proc/self/exe' may yield unexpected results in various settings.
      Returning '/home/fdemirel/HPC_Lab_Proj/benchmarks/merge/merge-m5.x'
src/arch/arm/insts/pseudo.cc:174: warn: 	instruction 'bti' unimplemented

----merge----
Execution time: 10.293548 (ms) 
random_elem:0, ../benchmarks/merge/merge-m5.x
==================================================
Rerunning        : merge_stride_deg32_dist16_l2_ddr4_1x
Benchmark        : merge
Binary           : ../benchmarks/merge/merge-m5.x
Args             : x
Stride config    : deg32_dist16
Level            : l2
Memory           : ddr4_1x
Output dir       : results_stride_multisim/merge_stride_deg32_dist16_l2_ddr4_1x
==================================================
Global frequency set at 1000000000000 ticks per second
src/mem/dram_interface.cc:690: warn: DRAM device capacity (16384 Mbytes) does not match the address range assigned (1024 Mbytes)
src/base/statistics.hh:279: warn: One of the stats is a legacy stat. Legacy stat is a stat that does not belong to any statistics::Group. Legacy stat is deprecated.
src/base/remote_gdb.cc:418: warn: Sockets disabled, not accepting gdb connections
gem5 Simulator System.  https://www.gem5.org
gem5 is copyrighted software; use the --copyright option for details.

gem5 version 25.0.0.1
gem5 compiled May  5 2026 12:55:05
gem5 started Jun 13 2026 16:39:41
gem5 executing on cn27.guoehi.cluster, pid 169506
command line: ../../gem5/build/ALL/gem5.opt '--outdir=results_stride_multisim/merge_stride_deg32_dist16_l2_ddr4_1x' run.py --benchmark ../benchmarks/merge/merge-m5.x --benchmark-args x --prefetcher stride --stride-config deg32_dist16 --pf-level l2 --memory ddr4_1x

info: Standard input is not a terminal, disabling listeners.
========== RUN CONFIG ==========
Benchmark      : ../benchmarks/merge/merge-m5.x
Benchmark args : ['x']
CPU            : Out-of-order Armv8
Clock          : 3GHz
CPU width      : 4
ROB size       : 128
LSQ size       : 64
L1D            : 16KiB, assoc 8
L2             : 256KiB, assoc 16
Memory         : ddr4_1x
Prefetcher     : stride
PF level       : l2
Stride config  : deg32_dist16
================================
src/sim/mem_state.cc:443: info: Increasing stack size by one page.
src/sim/syscall_emul.hh:1121: warn: readlink() called on '/proc/self/exe' may yield unexpected results in various settings.
      Returning '/home/fdemirel/HPC_Lab_Proj/benchmarks/merge/merge-m5.x'
src/arch/arm/insts/pseudo.cc:174: warn: 	instruction 'bti' unimplemented

----merge----
Execution time: 10.628325 (ms) 
random_elem:0, ../benchmarks/merge/merge-m5.x
==================================================
Rerunning        : merge_stride_deg32_dist16_l2_ddr4_2x
Benchmark        : merge
Binary           : ../benchmarks/merge/merge-m5.x
Args             : x
Stride config    : deg32_dist16
Level            : l2
Memory           : ddr4_2x
Output dir       : results_stride_multisim/merge_stride_deg32_dist16_l2_ddr4_2x
==================================================
Global frequency set at 1000000000000 ticks per second
src/mem/dram_interface.cc:690: warn: DRAM device capacity (16384 Mbytes) does not match the address range assigned (512 Mbytes)
src/mem/dram_interface.cc:690: warn: DRAM device capacity (16384 Mbytes) does not match the address range assigned (512 Mbytes)
src/base/statistics.hh:279: warn: One of the stats is a legacy stat. Legacy stat is a stat that does not belong to any statistics::Group. Legacy stat is deprecated.
src/base/remote_gdb.cc:418: warn: Sockets disabled, not accepting gdb connections
gem5 Simulator System.  https://www.gem5.org
gem5 is copyrighted software; use the --copyright option for details.

gem5 version 25.0.0.1
gem5 compiled May  5 2026 12:55:05
gem5 started Jun 13 2026 16:44:22
gem5 executing on cn27.guoehi.cluster, pid 169525
command line: ../../gem5/build/ALL/gem5.opt '--outdir=results_stride_multisim/merge_stride_deg32_dist16_l2_ddr4_2x' run.py --benchmark ../benchmarks/merge/merge-m5.x --benchmark-args x --prefetcher stride --stride-config deg32_dist16 --pf-level l2 --memory ddr4_2x

info: Standard input is not a terminal, disabling listeners.
========== RUN CONFIG ==========
Benchmark      : ../benchmarks/merge/merge-m5.x
Benchmark args : ['x']
CPU            : Out-of-order Armv8
Clock          : 3GHz
CPU width      : 4
ROB size       : 128
LSQ size       : 64
L1D            : 16KiB, assoc 8
L2             : 256KiB, assoc 16
Memory         : ddr4_2x
Prefetcher     : stride
PF level       : l2
Stride config  : deg32_dist16
================================
src/sim/mem_state.cc:443: info: Increasing stack size by one page.
src/sim/syscall_emul.hh:1121: warn: readlink() called on '/proc/self/exe' may yield unexpected results in various settings.
      Returning '/home/fdemirel/HPC_Lab_Proj/benchmarks/merge/merge-m5.x'
src/arch/arm/insts/pseudo.cc:174: warn: 	instruction 'bti' unimplemented

----merge----
Execution time: 10.496560 (ms) 
random_elem:0, ../benchmarks/merge/merge-m5.x
==================================================
Rerunning        : merge_stride_deg32_dist32_l1d_ddr4_1x
Benchmark        : merge
Binary           : ../benchmarks/merge/merge-m5.x
Args             : x
Stride config    : deg32_dist32
Level            : l1d
Memory           : ddr4_1x
Output dir       : results_stride_multisim/merge_stride_deg32_dist32_l1d_ddr4_1x
==================================================
Global frequency set at 1000000000000 ticks per second
src/mem/dram_interface.cc:690: warn: DRAM device capacity (16384 Mbytes) does not match the address range assigned (1024 Mbytes)
src/base/statistics.hh:279: warn: One of the stats is a legacy stat. Legacy stat is a stat that does not belong to any statistics::Group. Legacy stat is deprecated.
src/base/remote_gdb.cc:418: warn: Sockets disabled, not accepting gdb connections
gem5 Simulator System.  https://www.gem5.org
gem5 is copyrighted software; use the --copyright option for details.

gem5 version 25.0.0.1
gem5 compiled May  5 2026 12:55:05
gem5 started Jun 13 2026 16:49:06
gem5 executing on cn27.guoehi.cluster, pid 169540
command line: ../../gem5/build/ALL/gem5.opt '--outdir=results_stride_multisim/merge_stride_deg32_dist32_l1d_ddr4_1x' run.py --benchmark ../benchmarks/merge/merge-m5.x --benchmark-args x --prefetcher stride --stride-config deg32_dist32 --pf-level l1d --memory ddr4_1x

info: Standard input is not a terminal, disabling listeners.
========== RUN CONFIG ==========
Benchmark      : ../benchmarks/merge/merge-m5.x
Benchmark args : ['x']
CPU            : Out-of-order Armv8
Clock          : 3GHz
CPU width      : 4
ROB size       : 128
LSQ size       : 64
L1D            : 16KiB, assoc 8
L2             : 256KiB, assoc 16
Memory         : ddr4_1x
Prefetcher     : stride
PF level       : l1d
Stride config  : deg32_dist32
================================
src/sim/mem_state.cc:443: info: Increasing stack size by one page.
src/sim/syscall_emul.hh:1121: warn: readlink() called on '/proc/self/exe' may yield unexpected results in various settings.
      Returning '/home/fdemirel/HPC_Lab_Proj/benchmarks/merge/merge-m5.x'
src/arch/arm/insts/pseudo.cc:174: warn: 	instruction 'bti' unimplemented

----merge----
Execution time: 10.757320 (ms) 
random_elem:0, ../benchmarks/merge/merge-m5.x
==================================================
Rerunning        : merge_stride_deg32_dist32_l2_ddr4_2x
Benchmark        : merge
Binary           : ../benchmarks/merge/merge-m5.x
Args             : x
Stride config    : deg32_dist32
Level            : l2
Memory           : ddr4_2x
Output dir       : results_stride_multisim/merge_stride_deg32_dist32_l2_ddr4_2x
==================================================
Global frequency set at 1000000000000 ticks per second
src/mem/dram_interface.cc:690: warn: DRAM device capacity (16384 Mbytes) does not match the address range assigned (512 Mbytes)
src/mem/dram_interface.cc:690: warn: DRAM device capacity (16384 Mbytes) does not match the address range assigned (512 Mbytes)
src/base/statistics.hh:279: warn: One of the stats is a legacy stat. Legacy stat is a stat that does not belong to any statistics::Group. Legacy stat is deprecated.
src/base/remote_gdb.cc:418: warn: Sockets disabled, not accepting gdb connections
gem5 Simulator System.  https://www.gem5.org
gem5 is copyrighted software; use the --copyright option for details.

gem5 version 25.0.0.1
gem5 compiled May  5 2026 12:55:05
gem5 started Jun 13 2026 16:53:50
gem5 executing on cn27.guoehi.cluster, pid 169558
command line: ../../gem5/build/ALL/gem5.opt '--outdir=results_stride_multisim/merge_stride_deg32_dist32_l2_ddr4_2x' run.py --benchmark ../benchmarks/merge/merge-m5.x --benchmark-args x --prefetcher stride --stride-config deg32_dist32 --pf-level l2 --memory ddr4_2x

info: Standard input is not a terminal, disabling listeners.
========== RUN CONFIG ==========
Benchmark      : ../benchmarks/merge/merge-m5.x
Benchmark args : ['x']
CPU            : Out-of-order Armv8
Clock          : 3GHz
CPU width      : 4
ROB size       : 128
LSQ size       : 64
L1D            : 16KiB, assoc 8
L2             : 256KiB, assoc 16
Memory         : ddr4_2x
Prefetcher     : stride
PF level       : l2
Stride config  : deg32_dist32
================================
src/sim/mem_state.cc:443: info: Increasing stack size by one page.
src/sim/syscall_emul.hh:1121: warn: readlink() called on '/proc/self/exe' may yield unexpected results in various settings.
      Returning '/home/fdemirel/HPC_Lab_Proj/benchmarks/merge/merge-m5.x'
src/arch/arm/insts/pseudo.cc:174: warn: 	instruction 'bti' unimplemented

----merge----
Execution time: 10.881354 (ms) 
random_elem:0, ../benchmarks/merge/merge-m5.x
==================================================
Rerunning        : quick_stride_deg4_dist1_l1d_ddr4_2x
Benchmark        : quick
Binary           : ../benchmarks/quick/quick-m5.x
Args             : x
Stride config    : deg4_dist1
Level            : l1d
Memory           : ddr4_2x
Output dir       : results_stride_multisim/quick_stride_deg4_dist1_l1d_ddr4_2x
==================================================
Global frequency set at 1000000000000 ticks per second
src/mem/dram_interface.cc:690: warn: DRAM device capacity (16384 Mbytes) does not match the address range assigned (512 Mbytes)
src/mem/dram_interface.cc:690: warn: DRAM device capacity (16384 Mbytes) does not match the address range assigned (512 Mbytes)
src/base/statistics.hh:279: warn: One of the stats is a legacy stat. Legacy stat is a stat that does not belong to any statistics::Group. Legacy stat is deprecated.
src/base/remote_gdb.cc:418: warn: Sockets disabled, not accepting gdb connections
gem5 Simulator System.  https://www.gem5.org
gem5 is copyrighted software; use the --copyright option for details.

gem5 version 25.0.0.1
gem5 compiled May  5 2026 12:55:05
gem5 started Jun 13 2026 16:58:38
gem5 executing on cn27.guoehi.cluster, pid 169572
command line: ../../gem5/build/ALL/gem5.opt '--outdir=results_stride_multisim/quick_stride_deg4_dist1_l1d_ddr4_2x' run.py --benchmark ../benchmarks/quick/quick-m5.x --benchmark-args x --prefetcher stride --stride-config deg4_dist1 --pf-level l1d --memory ddr4_2x

info: Standard input is not a terminal, disabling listeners.
========== RUN CONFIG ==========
Benchmark      : ../benchmarks/quick/quick-m5.x
Benchmark args : ['x']
CPU            : Out-of-order Armv8
Clock          : 3GHz
CPU width      : 4
ROB size       : 128
LSQ size       : 64
L1D            : 16KiB, assoc 8
L2             : 256KiB, assoc 16
Memory         : ddr4_2x
Prefetcher     : stride
PF level       : l1d
Stride config  : deg4_dist1
================================
src/sim/mem_state.cc:443: info: Increasing stack size by one page.
src/sim/syscall_emul.hh:1121: warn: readlink() called on '/proc/self/exe' may yield unexpected results in various settings.
      Returning '/home/fdemirel/HPC_Lab_Proj/benchmarks/quick/quick-m5.x'
src/arch/arm/insts/pseudo.cc:174: warn: 	instruction 'bti' unimplemented
----quick sort----
Array SIZE      : 131072 
random_elem:0, ../benchmarks/quick/quick-m5.x
Execution time: 8.256686 (ms) 
==================================================
Rerunning        : quick_stride_deg8_dist1_l1d_ddr4_1x
Benchmark        : quick
Binary           : ../benchmarks/quick/quick-m5.x
Args             : x
Stride config    : deg8_dist1
Level            : l1d
Memory           : ddr4_1x
Output dir       : results_stride_multisim/quick_stride_deg8_dist1_l1d_ddr4_1x
==================================================
Global frequency set at 1000000000000 ticks per second
src/mem/dram_interface.cc:690: warn: DRAM device capacity (16384 Mbytes) does not match the address range assigned (1024 Mbytes)
src/base/statistics.hh:279: warn: One of the stats is a legacy stat. Legacy stat is a stat that does not belong to any statistics::Group. Legacy stat is deprecated.
src/base/remote_gdb.cc:418: warn: Sockets disabled, not accepting gdb connections
gem5 Simulator System.  https://www.gem5.org
gem5 is copyrighted software; use the --copyright option for details.

gem5 version 25.0.0.1
gem5 compiled May  5 2026 12:55:05
gem5 started Jun 13 2026 17:02:23
gem5 executing on cn27.guoehi.cluster, pid 169589
command line: ../../gem5/build/ALL/gem5.opt '--outdir=results_stride_multisim/quick_stride_deg8_dist1_l1d_ddr4_1x' run.py --benchmark ../benchmarks/quick/quick-m5.x --benchmark-args x --prefetcher stride --stride-config deg8_dist1 --pf-level l1d --memory ddr4_1x

info: Standard input is not a terminal, disabling listeners.
========== RUN CONFIG ==========
Benchmark      : ../benchmarks/quick/quick-m5.x
Benchmark args : ['x']
CPU            : Out-of-order Armv8
Clock          : 3GHz
CPU width      : 4
ROB size       : 128
LSQ size       : 64
L1D            : 16KiB, assoc 8
L2             : 256KiB, assoc 16
Memory         : ddr4_1x
Prefetcher     : stride
PF level       : l1d
Stride config  : deg8_dist1
================================
src/sim/mem_state.cc:443: info: Increasing stack size by one page.
src/sim/syscall_emul.hh:1121: warn: readlink() called on '/proc/self/exe' may yield unexpected results in various settings.
      Returning '/home/fdemirel/HPC_Lab_Proj/benchmarks/quick/quick-m5.x'
src/arch/arm/insts/pseudo.cc:174: warn: 	instruction 'bti' unimplemented
----quick sort----
Array SIZE      : 131072 
random_elem:0, ../benchmarks/quick/quick-m5.x
Execution time: 8.250628 (ms) 
==================================================
Rerunning        : quick_stride_deg8_dist4_l1d_ddr4_1x
Benchmark        : quick
Binary           : ../benchmarks/quick/quick-m5.x
Args             : x
Stride config    : deg8_dist4
Level            : l1d
Memory           : ddr4_1x
Output dir       : results_stride_multisim/quick_stride_deg8_dist4_l1d_ddr4_1x
==================================================
Global frequency set at 1000000000000 ticks per second
src/mem/dram_interface.cc:690: warn: DRAM device capacity (16384 Mbytes) does not match the address range assigned (1024 Mbytes)
src/base/statistics.hh:279: warn: One of the stats is a legacy stat. Legacy stat is a stat that does not belong to any statistics::Group. Legacy stat is deprecated.
src/base/remote_gdb.cc:418: warn: Sockets disabled, not accepting gdb connections
gem5 Simulator System.  https://www.gem5.org
gem5 is copyrighted software; use the --copyright option for details.

gem5 version 25.0.0.1
gem5 compiled May  5 2026 12:55:05
gem5 started Jun 13 2026 17:06:05
gem5 executing on cn27.guoehi.cluster, pid 169603
command line: ../../gem5/build/ALL/gem5.opt '--outdir=results_stride_multisim/quick_stride_deg8_dist4_l1d_ddr4_1x' run.py --benchmark ../benchmarks/quick/quick-m5.x --benchmark-args x --prefetcher stride --stride-config deg8_dist4 --pf-level l1d --memory ddr4_1x

info: Standard input is not a terminal, disabling listeners.
========== RUN CONFIG ==========
Benchmark      : ../benchmarks/quick/quick-m5.x
Benchmark args : ['x']
CPU            : Out-of-order Armv8
Clock          : 3GHz
CPU width      : 4
ROB size       : 128
LSQ size       : 64
L1D            : 16KiB, assoc 8
L2             : 256KiB, assoc 16
Memory         : ddr4_1x
Prefetcher     : stride
PF level       : l1d
Stride config  : deg8_dist4
================================
src/sim/mem_state.cc:443: info: Increasing stack size by one page.
src/sim/syscall_emul.hh:1121: warn: readlink() called on '/proc/self/exe' may yield unexpected results in various settings.
      Returning '/home/fdemirel/HPC_Lab_Proj/benchmarks/quick/quick-m5.x'
src/arch/arm/insts/pseudo.cc:174: warn: 	instruction 'bti' unimplemented
----quick sort----
Array SIZE      : 131072 
random_elem:0, ../benchmarks/quick/quick-m5.x
Execution time: 8.330558 (ms) 
==================================================
Rerunning        : quick_stride_deg8_dist4_l2_ddr4_1x
Benchmark        : quick
Binary           : ../benchmarks/quick/quick-m5.x
Args             : x
Stride config    : deg8_dist4
Level            : l2
Memory           : ddr4_1x
Output dir       : results_stride_multisim/quick_stride_deg8_dist4_l2_ddr4_1x
==================================================
Global frequency set at 1000000000000 ticks per second
src/mem/dram_interface.cc:690: warn: DRAM device capacity (16384 Mbytes) does not match the address range assigned (1024 Mbytes)
src/base/statistics.hh:279: warn: One of the stats is a legacy stat. Legacy stat is a stat that does not belong to any statistics::Group. Legacy stat is deprecated.
src/base/remote_gdb.cc:418: warn: Sockets disabled, not accepting gdb connections
gem5 Simulator System.  https://www.gem5.org
gem5 is copyrighted software; use the --copyright option for details.

gem5 version 25.0.0.1
gem5 compiled May  5 2026 12:55:05
gem5 started Jun 13 2026 17:09:49
gem5 executing on cn27.guoehi.cluster, pid 169616
command line: ../../gem5/build/ALL/gem5.opt '--outdir=results_stride_multisim/quick_stride_deg8_dist4_l2_ddr4_1x' run.py --benchmark ../benchmarks/quick/quick-m5.x --benchmark-args x --prefetcher stride --stride-config deg8_dist4 --pf-level l2 --memory ddr4_1x

info: Standard input is not a terminal, disabling listeners.
========== RUN CONFIG ==========
Benchmark      : ../benchmarks/quick/quick-m5.x
Benchmark args : ['x']
CPU            : Out-of-order Armv8
Clock          : 3GHz
CPU width      : 4
ROB size       : 128
LSQ size       : 64
L1D            : 16KiB, assoc 8
L2             : 256KiB, assoc 16
Memory         : ddr4_1x
Prefetcher     : stride
PF level       : l2
Stride config  : deg8_dist4
================================
src/sim/mem_state.cc:443: info: Increasing stack size by one page.
src/sim/syscall_emul.hh:1121: warn: readlink() called on '/proc/self/exe' may yield unexpected results in various settings.
      Returning '/home/fdemirel/HPC_Lab_Proj/benchmarks/quick/quick-m5.x'
src/arch/arm/insts/pseudo.cc:174: warn: 	instruction 'bti' unimplemented
----quick sort----
Array SIZE      : 131072 
random_elem:0, ../benchmarks/quick/quick-m5.x
Execution time: 8.646472 (ms) 
==================================================
Rerunning        : quick_stride_deg8_dist8_l1d_ddr4_2x
Benchmark        : quick
Binary           : ../benchmarks/quick/quick-m5.x
Args             : x
Stride config    : deg8_dist8
Level            : l1d
Memory           : ddr4_2x
Output dir       : results_stride_multisim/quick_stride_deg8_dist8_l1d_ddr4_2x
==================================================
Global frequency set at 1000000000000 ticks per second
src/mem/dram_interface.cc:690: warn: DRAM device capacity (16384 Mbytes) does not match the address range assigned (512 Mbytes)
src/mem/dram_interface.cc:690: warn: DRAM device capacity (16384 Mbytes) does not match the address range assigned (512 Mbytes)
src/base/statistics.hh:279: warn: One of the stats is a legacy stat. Legacy stat is a stat that does not belong to any statistics::Group. Legacy stat is deprecated.
src/base/remote_gdb.cc:418: warn: Sockets disabled, not accepting gdb connections
gem5 Simulator System.  https://www.gem5.org
gem5 is copyrighted software; use the --copyright option for details.

gem5 version 25.0.0.1
gem5 compiled May  5 2026 12:55:05
gem5 started Jun 13 2026 17:13:34
gem5 executing on cn27.guoehi.cluster, pid 169631
command line: ../../gem5/build/ALL/gem5.opt '--outdir=results_stride_multisim/quick_stride_deg8_dist8_l1d_ddr4_2x' run.py --benchmark ../benchmarks/quick/quick-m5.x --benchmark-args x --prefetcher stride --stride-config deg8_dist8 --pf-level l1d --memory ddr4_2x

info: Standard input is not a terminal, disabling listeners.
========== RUN CONFIG ==========
Benchmark      : ../benchmarks/quick/quick-m5.x
Benchmark args : ['x']
CPU            : Out-of-order Armv8
Clock          : 3GHz
CPU width      : 4
ROB size       : 128
LSQ size       : 64
L1D            : 16KiB, assoc 8
L2             : 256KiB, assoc 16
Memory         : ddr4_2x
Prefetcher     : stride
PF level       : l1d
Stride config  : deg8_dist8
================================
src/sim/mem_state.cc:443: info: Increasing stack size by one page.
src/sim/syscall_emul.hh:1121: warn: readlink() called on '/proc/self/exe' may yield unexpected results in various settings.
      Returning '/home/fdemirel/HPC_Lab_Proj/benchmarks/quick/quick-m5.x'
src/arch/arm/insts/pseudo.cc:174: warn: 	instruction 'bti' unimplemented
----quick sort----
Array SIZE      : 131072 
random_elem:0, ../benchmarks/quick/quick-m5.x
Execution time: 8.409048 (ms) 
==================================================
Rerunning        : quick_stride_deg8_dist8_l2_ddr4_1x
Benchmark        : quick
Binary           : ../benchmarks/quick/quick-m5.x
Args             : x
Stride config    : deg8_dist8
Level            : l2
Memory           : ddr4_1x
Output dir       : results_stride_multisim/quick_stride_deg8_dist8_l2_ddr4_1x
==================================================
Global frequency set at 1000000000000 ticks per second
src/mem/dram_interface.cc:690: warn: DRAM device capacity (16384 Mbytes) does not match the address range assigned (1024 Mbytes)
src/base/statistics.hh:279: warn: One of the stats is a legacy stat. Legacy stat is a stat that does not belong to any statistics::Group. Legacy stat is deprecated.
src/base/remote_gdb.cc:418: warn: Sockets disabled, not accepting gdb connections
gem5 Simulator System.  https://www.gem5.org
gem5 is copyrighted software; use the --copyright option for details.

gem5 version 25.0.0.1
gem5 compiled May  5 2026 12:55:05
gem5 started Jun 13 2026 17:17:20
gem5 executing on cn27.guoehi.cluster, pid 169647
command line: ../../gem5/build/ALL/gem5.opt '--outdir=results_stride_multisim/quick_stride_deg8_dist8_l2_ddr4_1x' run.py --benchmark ../benchmarks/quick/quick-m5.x --benchmark-args x --prefetcher stride --stride-config deg8_dist8 --pf-level l2 --memory ddr4_1x

info: Standard input is not a terminal, disabling listeners.
========== RUN CONFIG ==========
Benchmark      : ../benchmarks/quick/quick-m5.x
Benchmark args : ['x']
CPU            : Out-of-order Armv8
Clock          : 3GHz
CPU width      : 4
ROB size       : 128
LSQ size       : 64
L1D            : 16KiB, assoc 8
L2             : 256KiB, assoc 16
Memory         : ddr4_1x
Prefetcher     : stride
PF level       : l2
Stride config  : deg8_dist8
================================
src/sim/mem_state.cc:443: info: Increasing stack size by one page.
src/sim/syscall_emul.hh:1121: warn: readlink() called on '/proc/self/exe' may yield unexpected results in various settings.
      Returning '/home/fdemirel/HPC_Lab_Proj/benchmarks/quick/quick-m5.x'
src/arch/arm/insts/pseudo.cc:174: warn: 	instruction 'bti' unimplemented
----quick sort----
Array SIZE      : 131072 
random_elem:0, ../benchmarks/quick/quick-m5.x
Execution time: 8.725426 (ms) 
==================================================
Rerunning        : quick_stride_deg8_dist8_l2_ddr4_2x
Benchmark        : quick
Binary           : ../benchmarks/quick/quick-m5.x
Args             : x
Stride config    : deg8_dist8
Level            : l2
Memory           : ddr4_2x
Output dir       : results_stride_multisim/quick_stride_deg8_dist8_l2_ddr4_2x
==================================================
Global frequency set at 1000000000000 ticks per second
src/mem/dram_interface.cc:690: warn: DRAM device capacity (16384 Mbytes) does not match the address range assigned (512 Mbytes)
src/mem/dram_interface.cc:690: warn: DRAM device capacity (16384 Mbytes) does not match the address range assigned (512 Mbytes)
src/base/statistics.hh:279: warn: One of the stats is a legacy stat. Legacy stat is a stat that does not belong to any statistics::Group. Legacy stat is deprecated.
src/base/remote_gdb.cc:418: warn: Sockets disabled, not accepting gdb connections
gem5 Simulator System.  https://www.gem5.org
gem5 is copyrighted software; use the --copyright option for details.

gem5 version 25.0.0.1
gem5 compiled May  5 2026 12:55:05
gem5 started Jun 13 2026 17:21:08
gem5 executing on cn27.guoehi.cluster, pid 169665
command line: ../../gem5/build/ALL/gem5.opt '--outdir=results_stride_multisim/quick_stride_deg8_dist8_l2_ddr4_2x' run.py --benchmark ../benchmarks/quick/quick-m5.x --benchmark-args x --prefetcher stride --stride-config deg8_dist8 --pf-level l2 --memory ddr4_2x

info: Standard input is not a terminal, disabling listeners.
========== RUN CONFIG ==========
Benchmark      : ../benchmarks/quick/quick-m5.x
Benchmark args : ['x']
CPU            : Out-of-order Armv8
Clock          : 3GHz
CPU width      : 4
ROB size       : 128
LSQ size       : 64
L1D            : 16KiB, assoc 8
L2             : 256KiB, assoc 16
Memory         : ddr4_2x
Prefetcher     : stride
PF level       : l2
Stride config  : deg8_dist8
================================
src/sim/mem_state.cc:443: info: Increasing stack size by one page.
src/sim/syscall_emul.hh:1121: warn: readlink() called on '/proc/self/exe' may yield unexpected results in various settings.
      Returning '/home/fdemirel/HPC_Lab_Proj/benchmarks/quick/quick-m5.x'
src/arch/arm/insts/pseudo.cc:174: warn: 	instruction 'bti' unimplemented
----quick sort----
Array SIZE      : 131072 
random_elem:0, ../benchmarks/quick/quick-m5.x
Execution time: 8.690476 (ms) 
==================================================
Rerunning        : quick_stride_deg16_dist16_l2_ddr4_2x
Benchmark        : quick
Binary           : ../benchmarks/quick/quick-m5.x
Args             : x
Stride config    : deg16_dist16
Level            : l2
Memory           : ddr4_2x
Output dir       : results_stride_multisim/quick_stride_deg16_dist16_l2_ddr4_2x
==================================================
Global frequency set at 1000000000000 ticks per second
src/mem/dram_interface.cc:690: warn: DRAM device capacity (16384 Mbytes) does not match the address range assigned (512 Mbytes)
src/mem/dram_interface.cc:690: warn: DRAM device capacity (16384 Mbytes) does not match the address range assigned (512 Mbytes)
src/base/statistics.hh:279: warn: One of the stats is a legacy stat. Legacy stat is a stat that does not belong to any statistics::Group. Legacy stat is deprecated.
src/base/remote_gdb.cc:418: warn: Sockets disabled, not accepting gdb connections
gem5 Simulator System.  https://www.gem5.org
gem5 is copyrighted software; use the --copyright option for details.

gem5 version 25.0.0.1
gem5 compiled May  5 2026 12:55:05
gem5 started Jun 13 2026 17:24:58
gem5 executing on cn27.guoehi.cluster, pid 169678
command line: ../../gem5/build/ALL/gem5.opt '--outdir=results_stride_multisim/quick_stride_deg16_dist16_l2_ddr4_2x' run.py --benchmark ../benchmarks/quick/quick-m5.x --benchmark-args x --prefetcher stride --stride-config deg16_dist16 --pf-level l2 --memory ddr4_2x

info: Standard input is not a terminal, disabling listeners.
========== RUN CONFIG ==========
Benchmark      : ../benchmarks/quick/quick-m5.x
Benchmark args : ['x']
CPU            : Out-of-order Armv8
Clock          : 3GHz
CPU width      : 4
ROB size       : 128
LSQ size       : 64
L1D            : 16KiB, assoc 8
L2             : 256KiB, assoc 16
Memory         : ddr4_2x
Prefetcher     : stride
PF level       : l2
Stride config  : deg16_dist16
================================
src/sim/mem_state.cc:443: info: Increasing stack size by one page.
src/sim/syscall_emul.hh:1121: warn: readlink() called on '/proc/self/exe' may yield unexpected results in various settings.
      Returning '/home/fdemirel/HPC_Lab_Proj/benchmarks/quick/quick-m5.x'
src/arch/arm/insts/pseudo.cc:174: warn: 	instruction 'bti' unimplemented
----quick sort----
Array SIZE      : 131072 
random_elem:0, ../benchmarks/quick/quick-m5.x
Execution time: 8.853691 (ms) 
==================================================
Rerunning        : quick_stride_deg32_dist8_l1d_ddr4_1x
Benchmark        : quick
Binary           : ../benchmarks/quick/quick-m5.x
Args             : x
Stride config    : deg32_dist8
Level            : l1d
Memory           : ddr4_1x
Output dir       : results_stride_multisim/quick_stride_deg32_dist8_l1d_ddr4_1x
==================================================
Global frequency set at 1000000000000 ticks per second
src/mem/dram_interface.cc:690: warn: DRAM device capacity (16384 Mbytes) does not match the address range assigned (1024 Mbytes)
src/base/statistics.hh:279: warn: One of the stats is a legacy stat. Legacy stat is a stat that does not belong to any statistics::Group. Legacy stat is deprecated.
src/base/remote_gdb.cc:418: warn: Sockets disabled, not accepting gdb connections
gem5 Simulator System.  https://www.gem5.org
gem5 is copyrighted software; use the --copyright option for details.

gem5 version 25.0.0.1
gem5 compiled May  5 2026 12:55:05
gem5 started Jun 13 2026 17:28:50
gem5 executing on cn27.guoehi.cluster, pid 169693
command line: ../../gem5/build/ALL/gem5.opt '--outdir=results_stride_multisim/quick_stride_deg32_dist8_l1d_ddr4_1x' run.py --benchmark ../benchmarks/quick/quick-m5.x --benchmark-args x --prefetcher stride --stride-config deg32_dist8 --pf-level l1d --memory ddr4_1x

info: Standard input is not a terminal, disabling listeners.
========== RUN CONFIG ==========
Benchmark      : ../benchmarks/quick/quick-m5.x
Benchmark args : ['x']
CPU            : Out-of-order Armv8
Clock          : 3GHz
CPU width      : 4
ROB size       : 128
LSQ size       : 64
L1D            : 16KiB, assoc 8
L2             : 256KiB, assoc 16
Memory         : ddr4_1x
Prefetcher     : stride
PF level       : l1d
Stride config  : deg32_dist8
================================
src/sim/mem_state.cc:443: info: Increasing stack size by one page.
src/sim/syscall_emul.hh:1121: warn: readlink() called on '/proc/self/exe' may yield unexpected results in various settings.
      Returning '/home/fdemirel/HPC_Lab_Proj/benchmarks/quick/quick-m5.x'
src/arch/arm/insts/pseudo.cc:174: warn: 	instruction 'bti' unimplemented
----quick sort----
Array SIZE      : 131072 
random_elem:0, ../benchmarks/quick/quick-m5.x
Execution time: 8.493884 (ms) 
==================================================
Rerunning        : quick_stride_deg32_dist16_l1d_ddr4_1x
Benchmark        : quick
Binary           : ../benchmarks/quick/quick-m5.x
Args             : x
Stride config    : deg32_dist16
Level            : l1d
Memory           : ddr4_1x
Output dir       : results_stride_multisim/quick_stride_deg32_dist16_l1d_ddr4_1x
==================================================
Global frequency set at 1000000000000 ticks per second
src/mem/dram_interface.cc:690: warn: DRAM device capacity (16384 Mbytes) does not match the address range assigned (1024 Mbytes)
src/base/statistics.hh:279: warn: One of the stats is a legacy stat. Legacy stat is a stat that does not belong to any statistics::Group. Legacy stat is deprecated.
src/base/remote_gdb.cc:418: warn: Sockets disabled, not accepting gdb connections
gem5 Simulator System.  https://www.gem5.org
gem5 is copyrighted software; use the --copyright option for details.

gem5 version 25.0.0.1
gem5 compiled May  5 2026 12:55:05
gem5 started Jun 13 2026 17:32:35
gem5 executing on cn27.guoehi.cluster, pid 169710
command line: ../../gem5/build/ALL/gem5.opt '--outdir=results_stride_multisim/quick_stride_deg32_dist16_l1d_ddr4_1x' run.py --benchmark ../benchmarks/quick/quick-m5.x --benchmark-args x --prefetcher stride --stride-config deg32_dist16 --pf-level l1d --memory ddr4_1x

info: Standard input is not a terminal, disabling listeners.
========== RUN CONFIG ==========
Benchmark      : ../benchmarks/quick/quick-m5.x
Benchmark args : ['x']
CPU            : Out-of-order Armv8
Clock          : 3GHz
CPU width      : 4
ROB size       : 128
LSQ size       : 64
L1D            : 16KiB, assoc 8
L2             : 256KiB, assoc 16
Memory         : ddr4_1x
Prefetcher     : stride
PF level       : l1d
Stride config  : deg32_dist16
================================
src/sim/mem_state.cc:443: info: Increasing stack size by one page.
src/sim/syscall_emul.hh:1121: warn: readlink() called on '/proc/self/exe' may yield unexpected results in various settings.
      Returning '/home/fdemirel/HPC_Lab_Proj/benchmarks/quick/quick-m5.x'
src/arch/arm/insts/pseudo.cc:174: warn: 	instruction 'bti' unimplemented
----quick sort----
Array SIZE      : 131072 
random_elem:0, ../benchmarks/quick/quick-m5.x
Execution time: 8.701211 (ms) 
==================================================
Rerunning        : quick_stride_deg32_dist32_l1d_ddr4_1x
Benchmark        : quick
Binary           : ../benchmarks/quick/quick-m5.x
Args             : x
Stride config    : deg32_dist32
Level            : l1d
Memory           : ddr4_1x
Output dir       : results_stride_multisim/quick_stride_deg32_dist32_l1d_ddr4_1x
==================================================
Global frequency set at 1000000000000 ticks per second
src/mem/dram_interface.cc:690: warn: DRAM device capacity (16384 Mbytes) does not match the address range assigned (1024 Mbytes)
src/base/statistics.hh:279: warn: One of the stats is a legacy stat. Legacy stat is a stat that does not belong to any statistics::Group. Legacy stat is deprecated.
src/base/remote_gdb.cc:418: warn: Sockets disabled, not accepting gdb connections
gem5 Simulator System.  https://www.gem5.org
gem5 is copyrighted software; use the --copyright option for details.

gem5 version 25.0.0.1
gem5 compiled May  5 2026 12:55:05
gem5 started Jun 13 2026 17:36:20
gem5 executing on cn27.guoehi.cluster, pid 169727
command line: ../../gem5/build/ALL/gem5.opt '--outdir=results_stride_multisim/quick_stride_deg32_dist32_l1d_ddr4_1x' run.py --benchmark ../benchmarks/quick/quick-m5.x --benchmark-args x --prefetcher stride --stride-config deg32_dist32 --pf-level l1d --memory ddr4_1x

info: Standard input is not a terminal, disabling listeners.
========== RUN CONFIG ==========
Benchmark      : ../benchmarks/quick/quick-m5.x
Benchmark args : ['x']
CPU            : Out-of-order Armv8
Clock          : 3GHz
CPU width      : 4
ROB size       : 128
LSQ size       : 64
L1D            : 16KiB, assoc 8
L2             : 256KiB, assoc 16
Memory         : ddr4_1x
Prefetcher     : stride
PF level       : l1d
Stride config  : deg32_dist32
================================
src/sim/mem_state.cc:443: info: Increasing stack size by one page.
src/sim/syscall_emul.hh:1121: warn: readlink() called on '/proc/self/exe' may yield unexpected results in various settings.
      Returning '/home/fdemirel/HPC_Lab_Proj/benchmarks/quick/quick-m5.x'
src/arch/arm/insts/pseudo.cc:174: warn: 	instruction 'bti' unimplemented
----quick sort----
Array SIZE      : 131072 
random_elem:0, ../benchmarks/quick/quick-m5.x
Execution time: 9.065878 (ms) 
==================================================
Rerunning        : quick_stride_deg32_dist32_l1d_ddr4_2x
Benchmark        : quick
Binary           : ../benchmarks/quick/quick-m5.x
Args             : x
Stride config    : deg32_dist32
Level            : l1d
Memory           : ddr4_2x
Output dir       : results_stride_multisim/quick_stride_deg32_dist32_l1d_ddr4_2x
==================================================
Global frequency set at 1000000000000 ticks per second
src/mem/dram_interface.cc:690: warn: DRAM device capacity (16384 Mbytes) does not match the address range assigned (512 Mbytes)
src/mem/dram_interface.cc:690: warn: DRAM device capacity (16384 Mbytes) does not match the address range assigned (512 Mbytes)
src/base/statistics.hh:279: warn: One of the stats is a legacy stat. Legacy stat is a stat that does not belong to any statistics::Group. Legacy stat is deprecated.
src/base/remote_gdb.cc:418: warn: Sockets disabled, not accepting gdb connections
gem5 Simulator System.  https://www.gem5.org
gem5 is copyrighted software; use the --copyright option for details.

gem5 version 25.0.0.1
gem5 compiled May  5 2026 12:55:05
gem5 started Jun 13 2026 17:40:10
gem5 executing on cn27.guoehi.cluster, pid 169739
command line: ../../gem5/build/ALL/gem5.opt '--outdir=results_stride_multisim/quick_stride_deg32_dist32_l1d_ddr4_2x' run.py --benchmark ../benchmarks/quick/quick-m5.x --benchmark-args x --prefetcher stride --stride-config deg32_dist32 --pf-level l1d --memory ddr4_2x

info: Standard input is not a terminal, disabling listeners.
========== RUN CONFIG ==========
Benchmark      : ../benchmarks/quick/quick-m5.x
Benchmark args : ['x']
CPU            : Out-of-order Armv8
Clock          : 3GHz
CPU width      : 4
ROB size       : 128
LSQ size       : 64
L1D            : 16KiB, assoc 8
L2             : 256KiB, assoc 16
Memory         : ddr4_2x
Prefetcher     : stride
PF level       : l1d
Stride config  : deg32_dist32
================================
src/sim/mem_state.cc:443: info: Increasing stack size by one page.
src/sim/syscall_emul.hh:1121: warn: readlink() called on '/proc/self/exe' may yield unexpected results in various settings.
      Returning '/home/fdemirel/HPC_Lab_Proj/benchmarks/quick/quick-m5.x'
src/arch/arm/insts/pseudo.cc:174: warn: 	instruction 'bti' unimplemented
----quick sort----
Array SIZE      : 131072 
random_elem:0, ../benchmarks/quick/quick-m5.x
Execution time: 8.989815 (ms) 
==================================================
Rerunning        : quick_stride_deg32_dist32_l2_ddr4_1x
Benchmark        : quick
Binary           : ../benchmarks/quick/quick-m5.x
Args             : x
Stride config    : deg32_dist32
Level            : l2
Memory           : ddr4_1x
Output dir       : results_stride_multisim/quick_stride_deg32_dist32_l2_ddr4_1x
==================================================
Global frequency set at 1000000000000 ticks per second
src/mem/dram_interface.cc:690: warn: DRAM device capacity (16384 Mbytes) does not match the address range assigned (1024 Mbytes)
src/base/statistics.hh:279: warn: One of the stats is a legacy stat. Legacy stat is a stat that does not belong to any statistics::Group. Legacy stat is deprecated.
src/base/remote_gdb.cc:418: warn: Sockets disabled, not accepting gdb connections
gem5 Simulator System.  https://www.gem5.org
gem5 is copyrighted software; use the --copyright option for details.

gem5 version 25.0.0.1
gem5 compiled May  5 2026 12:55:05
gem5 started Jun 13 2026 17:44:01
gem5 executing on cn27.guoehi.cluster, pid 169755
command line: ../../gem5/build/ALL/gem5.opt '--outdir=results_stride_multisim/quick_stride_deg32_dist32_l2_ddr4_1x' run.py --benchmark ../benchmarks/quick/quick-m5.x --benchmark-args x --prefetcher stride --stride-config deg32_dist32 --pf-level l2 --memory ddr4_1x

info: Standard input is not a terminal, disabling listeners.
========== RUN CONFIG ==========
Benchmark      : ../benchmarks/quick/quick-m5.x
Benchmark args : ['x']
CPU            : Out-of-order Armv8
Clock          : 3GHz
CPU width      : 4
ROB size       : 128
LSQ size       : 64
L1D            : 16KiB, assoc 8
L2             : 256KiB, assoc 16
Memory         : ddr4_1x
Prefetcher     : stride
PF level       : l2
Stride config  : deg32_dist32
================================
src/sim/mem_state.cc:443: info: Increasing stack size by one page.
src/sim/syscall_emul.hh:1121: warn: readlink() called on '/proc/self/exe' may yield unexpected results in various settings.
      Returning '/home/fdemirel/HPC_Lab_Proj/benchmarks/quick/quick-m5.x'
src/arch/arm/insts/pseudo.cc:174: warn: 	instruction 'bti' unimplemented
----quick sort----
Array SIZE      : 131072 
random_elem:0, ../benchmarks/quick/quick-m5.x
Execution time: 9.218907 (ms) 
==================================================
Rerunning        : bfs_stride_deg1_dist1_l1d_ddr4_1x
Benchmark        : bfs
Binary           : ../benchmarks/bfs/bfs-m5.x
Args             : 
Stride config    : deg1_dist1
Level            : l1d
Memory           : ddr4_1x
Output dir       : results_stride_multisim/bfs_stride_deg1_dist1_l1d_ddr4_1x
==================================================
Global frequency set at 1000000000000 ticks per second
src/mem/dram_interface.cc:690: warn: DRAM device capacity (16384 Mbytes) does not match the address range assigned (1024 Mbytes)
src/base/statistics.hh:279: warn: One of the stats is a legacy stat. Legacy stat is a stat that does not belong to any statistics::Group. Legacy stat is deprecated.
src/base/remote_gdb.cc:418: warn: Sockets disabled, not accepting gdb connections
gem5 Simulator System.  https://www.gem5.org
gem5 is copyrighted software; use the --copyright option for details.

gem5 version 25.0.0.1
gem5 compiled May  5 2026 12:55:05
gem5 started Jun 13 2026 17:47:51
gem5 executing on cn27.guoehi.cluster, pid 169768
command line: ../../gem5/build/ALL/gem5.opt '--outdir=results_stride_multisim/bfs_stride_deg1_dist1_l1d_ddr4_1x' run.py --benchmark ../benchmarks/bfs/bfs-m5.x --benchmark-args '' --prefetcher stride --stride-config deg1_dist1 --pf-level l1d --memory ddr4_1x

info: Standard input is not a terminal, disabling listeners.
========== RUN CONFIG ==========
Benchmark      : ../benchmarks/bfs/bfs-m5.x
Benchmark args : []
CPU            : Out-of-order Armv8
Clock          : 3GHz
CPU width      : 4
ROB size       : 128
LSQ size       : 64
L1D            : 16KiB, assoc 8
L2             : 256KiB, assoc 16
Memory         : ddr4_1x
Prefetcher     : stride
PF level       : l1d
Stride config  : deg1_dist1
================================
src/sim/mem_state.cc:443: info: Increasing stack size by one page.
src/sim/syscall_emul.hh:1121: warn: readlink() called on '/proc/self/exe' may yield unexpected results in various settings.
      Returning '/home/fdemirel/HPC_Lab_Proj/benchmarks/bfs/bfs-m5.x'
src/arch/arm/insts/pseudo.cc:174: warn: 	instruction 'bti' unimplemented
Beginning BFS ...
Finished BFS.
==================================================
Rerunning        : bfs_stride_deg1_dist1_l2_ddr4_2x
Benchmark        : bfs
Binary           : ../benchmarks/bfs/bfs-m5.x
Args             : 
Stride config    : deg1_dist1
Level            : l2
Memory           : ddr4_2x
Output dir       : results_stride_multisim/bfs_stride_deg1_dist1_l2_ddr4_2x
==================================================
Global frequency set at 1000000000000 ticks per second
src/mem/dram_interface.cc:690: warn: DRAM device capacity (16384 Mbytes) does not match the address range assigned (512 Mbytes)
src/mem/dram_interface.cc:690: warn: DRAM device capacity (16384 Mbytes) does not match the address range assigned (512 Mbytes)
src/base/statistics.hh:279: warn: One of the stats is a legacy stat. Legacy stat is a stat that does not belong to any statistics::Group. Legacy stat is deprecated.
src/base/remote_gdb.cc:418: warn: Sockets disabled, not accepting gdb connections
gem5 Simulator System.  https://www.gem5.org
gem5 is copyrighted software; use the --copyright option for details.

gem5 version 25.0.0.1
gem5 compiled May  5 2026 12:55:05
gem5 started Jun 13 2026 17:53:12
gem5 executing on cn27.guoehi.cluster, pid 169787
command line: ../../gem5/build/ALL/gem5.opt '--outdir=results_stride_multisim/bfs_stride_deg1_dist1_l2_ddr4_2x' run.py --benchmark ../benchmarks/bfs/bfs-m5.x --benchmark-args '' --prefetcher stride --stride-config deg1_dist1 --pf-level l2 --memory ddr4_2x

info: Standard input is not a terminal, disabling listeners.
========== RUN CONFIG ==========
Benchmark      : ../benchmarks/bfs/bfs-m5.x
Benchmark args : []
CPU            : Out-of-order Armv8
Clock          : 3GHz
CPU width      : 4
ROB size       : 128
LSQ size       : 64
L1D            : 16KiB, assoc 8
L2             : 256KiB, assoc 16
Memory         : ddr4_2x
Prefetcher     : stride
PF level       : l2
Stride config  : deg1_dist1
================================
src/sim/mem_state.cc:443: info: Increasing stack size by one page.
src/sim/syscall_emul.hh:1121: warn: readlink() called on '/proc/self/exe' may yield unexpected results in various settings.
      Returning '/home/fdemirel/HPC_Lab_Proj/benchmarks/bfs/bfs-m5.x'
src/arch/arm/insts/pseudo.cc:174: warn: 	instruction 'bti' unimplemented
Beginning BFS ...
Finished BFS.
==================================================
Rerunning        : bfs_stride_deg1_dist4_l2_ddr4_1x
Benchmark        : bfs
Binary           : ../benchmarks/bfs/bfs-m5.x
Args             : 
Stride config    : deg1_dist4
Level            : l2
Memory           : ddr4_1x
Output dir       : results_stride_multisim/bfs_stride_deg1_dist4_l2_ddr4_1x
==================================================
Global frequency set at 1000000000000 ticks per second
src/mem/dram_interface.cc:690: warn: DRAM device capacity (16384 Mbytes) does not match the address range assigned (1024 Mbytes)
src/base/statistics.hh:279: warn: One of the stats is a legacy stat. Legacy stat is a stat that does not belong to any statistics::Group. Legacy stat is deprecated.
src/base/remote_gdb.cc:418: warn: Sockets disabled, not accepting gdb connections
gem5 Simulator System.  https://www.gem5.org
gem5 is copyrighted software; use the --copyright option for details.

gem5 version 25.0.0.1
gem5 compiled May  5 2026 12:55:05
gem5 started Jun 13 2026 17:58:24
gem5 executing on cn27.guoehi.cluster, pid 169800
command line: ../../gem5/build/ALL/gem5.opt '--outdir=results_stride_multisim/bfs_stride_deg1_dist4_l2_ddr4_1x' run.py --benchmark ../benchmarks/bfs/bfs-m5.x --benchmark-args '' --prefetcher stride --stride-config deg1_dist4 --pf-level l2 --memory ddr4_1x

info: Standard input is not a terminal, disabling listeners.
========== RUN CONFIG ==========
Benchmark      : ../benchmarks/bfs/bfs-m5.x
Benchmark args : []
CPU            : Out-of-order Armv8
Clock          : 3GHz
CPU width      : 4
ROB size       : 128
LSQ size       : 64
L1D            : 16KiB, assoc 8
L2             : 256KiB, assoc 16
Memory         : ddr4_1x
Prefetcher     : stride
PF level       : l2
Stride config  : deg1_dist4
================================
src/sim/mem_state.cc:443: info: Increasing stack size by one page.
src/sim/syscall_emul.hh:1121: warn: readlink() called on '/proc/self/exe' may yield unexpected results in various settings.
      Returning '/home/fdemirel/HPC_Lab_Proj/benchmarks/bfs/bfs-m5.x'
src/arch/arm/insts/pseudo.cc:174: warn: 	instruction 'bti' unimplemented
Beginning BFS ...
Finished BFS.
==================================================
Rerunning        : bfs_stride_deg4_dist1_l1d_ddr4_2x
Benchmark        : bfs
Binary           : ../benchmarks/bfs/bfs-m5.x
Args             : 
Stride config    : deg4_dist1
Level            : l1d
Memory           : ddr4_2x
Output dir       : results_stride_multisim/bfs_stride_deg4_dist1_l1d_ddr4_2x
==================================================
Global frequency set at 1000000000000 ticks per second
src/mem/dram_interface.cc:690: warn: DRAM device capacity (16384 Mbytes) does not match the address range assigned (512 Mbytes)
src/mem/dram_interface.cc:690: warn: DRAM device capacity (16384 Mbytes) does not match the address range assigned (512 Mbytes)
src/base/statistics.hh:279: warn: One of the stats is a legacy stat. Legacy stat is a stat that does not belong to any statistics::Group. Legacy stat is deprecated.
src/base/remote_gdb.cc:418: warn: Sockets disabled, not accepting gdb connections
gem5 Simulator System.  https://www.gem5.org
gem5 is copyrighted software; use the --copyright option for details.

gem5 version 25.0.0.1
gem5 compiled May  5 2026 12:55:05
gem5 started Jun 13 2026 18:03:43
gem5 executing on cn27.guoehi.cluster, pid 169818
command line: ../../gem5/build/ALL/gem5.opt '--outdir=results_stride_multisim/bfs_stride_deg4_dist1_l1d_ddr4_2x' run.py --benchmark ../benchmarks/bfs/bfs-m5.x --benchmark-args '' --prefetcher stride --stride-config deg4_dist1 --pf-level l1d --memory ddr4_2x

info: Standard input is not a terminal, disabling listeners.
========== RUN CONFIG ==========
Benchmark      : ../benchmarks/bfs/bfs-m5.x
Benchmark args : []
CPU            : Out-of-order Armv8
Clock          : 3GHz
CPU width      : 4
ROB size       : 128
LSQ size       : 64
L1D            : 16KiB, assoc 8
L2             : 256KiB, assoc 16
Memory         : ddr4_2x
Prefetcher     : stride
PF level       : l1d
Stride config  : deg4_dist1
================================
src/sim/mem_state.cc:443: info: Increasing stack size by one page.
src/sim/syscall_emul.hh:1121: warn: readlink() called on '/proc/self/exe' may yield unexpected results in various settings.
      Returning '/home/fdemirel/HPC_Lab_Proj/benchmarks/bfs/bfs-m5.x'
src/arch/arm/insts/pseudo.cc:174: warn: 	instruction 'bti' unimplemented
Beginning BFS ...
Finished BFS.
==================================================
Rerunning        : bfs_stride_deg4_dist4_l1d_ddr4_2x
Benchmark        : bfs
Binary           : ../benchmarks/bfs/bfs-m5.x
Args             : 
Stride config    : deg4_dist4
Level            : l1d
Memory           : ddr4_2x
Output dir       : results_stride_multisim/bfs_stride_deg4_dist4_l1d_ddr4_2x
==================================================
Global frequency set at 1000000000000 ticks per second
src/mem/dram_interface.cc:690: warn: DRAM device capacity (16384 Mbytes) does not match the address range assigned (512 Mbytes)
src/mem/dram_interface.cc:690: warn: DRAM device capacity (16384 Mbytes) does not match the address range assigned (512 Mbytes)
src/base/statistics.hh:279: warn: One of the stats is a legacy stat. Legacy stat is a stat that does not belong to any statistics::Group. Legacy stat is deprecated.
src/base/remote_gdb.cc:418: warn: Sockets disabled, not accepting gdb connections
gem5 Simulator System.  https://www.gem5.org
gem5 is copyrighted software; use the --copyright option for details.

gem5 version 25.0.0.1
gem5 compiled May  5 2026 12:55:05
gem5 started Jun 13 2026 18:09:02
gem5 executing on cn27.guoehi.cluster, pid 169835
command line: ../../gem5/build/ALL/gem5.opt '--outdir=results_stride_multisim/bfs_stride_deg4_dist4_l1d_ddr4_2x' run.py --benchmark ../benchmarks/bfs/bfs-m5.x --benchmark-args '' --prefetcher stride --stride-config deg4_dist4 --pf-level l1d --memory ddr4_2x

info: Standard input is not a terminal, disabling listeners.
========== RUN CONFIG ==========
Benchmark      : ../benchmarks/bfs/bfs-m5.x
Benchmark args : []
CPU            : Out-of-order Armv8
Clock          : 3GHz
CPU width      : 4
ROB size       : 128
LSQ size       : 64
L1D            : 16KiB, assoc 8
L2             : 256KiB, assoc 16
Memory         : ddr4_2x
Prefetcher     : stride
PF level       : l1d
Stride config  : deg4_dist4
================================
src/sim/mem_state.cc:443: info: Increasing stack size by one page.
src/sim/syscall_emul.hh:1121: warn: readlink() called on '/proc/self/exe' may yield unexpected results in various settings.
      Returning '/home/fdemirel/HPC_Lab_Proj/benchmarks/bfs/bfs-m5.x'
src/arch/arm/insts/pseudo.cc:174: warn: 	instruction 'bti' unimplemented
Beginning BFS ...
Finished BFS.
==================================================
Rerunning        : bfs_stride_deg4_dist4_l2_ddr4_2x
Benchmark        : bfs
Binary           : ../benchmarks/bfs/bfs-m5.x
Args             : 
Stride config    : deg4_dist4
Level            : l2
Memory           : ddr4_2x
Output dir       : results_stride_multisim/bfs_stride_deg4_dist4_l2_ddr4_2x
==================================================
Global frequency set at 1000000000000 ticks per second
src/mem/dram_interface.cc:690: warn: DRAM device capacity (16384 Mbytes) does not match the address range assigned (512 Mbytes)
src/mem/dram_interface.cc:690: warn: DRAM device capacity (16384 Mbytes) does not match the address range assigned (512 Mbytes)
src/base/statistics.hh:279: warn: One of the stats is a legacy stat. Legacy stat is a stat that does not belong to any statistics::Group. Legacy stat is deprecated.
src/base/remote_gdb.cc:418: warn: Sockets disabled, not accepting gdb connections
gem5 Simulator System.  https://www.gem5.org
gem5 is copyrighted software; use the --copyright option for details.

gem5 version 25.0.0.1
gem5 compiled May  5 2026 12:55:05
gem5 started Jun 13 2026 18:14:22
gem5 executing on cn27.guoehi.cluster, pid 169852
command line: ../../gem5/build/ALL/gem5.opt '--outdir=results_stride_multisim/bfs_stride_deg4_dist4_l2_ddr4_2x' run.py --benchmark ../benchmarks/bfs/bfs-m5.x --benchmark-args '' --prefetcher stride --stride-config deg4_dist4 --pf-level l2 --memory ddr4_2x

info: Standard input is not a terminal, disabling listeners.
========== RUN CONFIG ==========
Benchmark      : ../benchmarks/bfs/bfs-m5.x
Benchmark args : []
CPU            : Out-of-order Armv8
Clock          : 3GHz
CPU width      : 4
ROB size       : 128
LSQ size       : 64
L1D            : 16KiB, assoc 8
L2             : 256KiB, assoc 16
Memory         : ddr4_2x
Prefetcher     : stride
PF level       : l2
Stride config  : deg4_dist4
================================
src/sim/mem_state.cc:443: info: Increasing stack size by one page.
src/sim/syscall_emul.hh:1121: warn: readlink() called on '/proc/self/exe' may yield unexpected results in various settings.
      Returning '/home/fdemirel/HPC_Lab_Proj/benchmarks/bfs/bfs-m5.x'
src/arch/arm/insts/pseudo.cc:174: warn: 	instruction 'bti' unimplemented
Beginning BFS ...
Finished BFS.
==================================================
Rerunning        : bfs_stride_deg8_dist4_l1d_ddr4_1x
Benchmark        : bfs
Binary           : ../benchmarks/bfs/bfs-m5.x
Args             : 
Stride config    : deg8_dist4
Level            : l1d
Memory           : ddr4_1x
Output dir       : results_stride_multisim/bfs_stride_deg8_dist4_l1d_ddr4_1x
==================================================
Global frequency set at 1000000000000 ticks per second
src/mem/dram_interface.cc:690: warn: DRAM device capacity (16384 Mbytes) does not match the address range assigned (1024 Mbytes)
src/base/statistics.hh:279: warn: One of the stats is a legacy stat. Legacy stat is a stat that does not belong to any statistics::Group. Legacy stat is deprecated.
src/base/remote_gdb.cc:418: warn: Sockets disabled, not accepting gdb connections
gem5 Simulator System.  https://www.gem5.org
gem5 is copyrighted software; use the --copyright option for details.

gem5 version 25.0.0.1
gem5 compiled May  5 2026 12:55:05
gem5 started Jun 13 2026 18:19:36
gem5 executing on cn27.guoehi.cluster, pid 169872
command line: ../../gem5/build/ALL/gem5.opt '--outdir=results_stride_multisim/bfs_stride_deg8_dist4_l1d_ddr4_1x' run.py --benchmark ../benchmarks/bfs/bfs-m5.x --benchmark-args '' --prefetcher stride --stride-config deg8_dist4 --pf-level l1d --memory ddr4_1x

info: Standard input is not a terminal, disabling listeners.
========== RUN CONFIG ==========
Benchmark      : ../benchmarks/bfs/bfs-m5.x
Benchmark args : []
CPU            : Out-of-order Armv8
Clock          : 3GHz
CPU width      : 4
ROB size       : 128
LSQ size       : 64
L1D            : 16KiB, assoc 8
L2             : 256KiB, assoc 16
Memory         : ddr4_1x
Prefetcher     : stride
PF level       : l1d
Stride config  : deg8_dist4
================================
src/sim/mem_state.cc:443: info: Increasing stack size by one page.
src/sim/syscall_emul.hh:1121: warn: readlink() called on '/proc/self/exe' may yield unexpected results in various settings.
      Returning '/home/fdemirel/HPC_Lab_Proj/benchmarks/bfs/bfs-m5.x'
src/arch/arm/insts/pseudo.cc:174: warn: 	instruction 'bti' unimplemented
Beginning BFS ...
Finished BFS.
==================================================
Rerunning        : bfs_stride_deg8_dist4_l2_ddr4_1x
Benchmark        : bfs
Binary           : ../benchmarks/bfs/bfs-m5.x
Args             : 
Stride config    : deg8_dist4
Level            : l2
Memory           : ddr4_1x
Output dir       : results_stride_multisim/bfs_stride_deg8_dist4_l2_ddr4_1x
==================================================
Global frequency set at 1000000000000 ticks per second
src/mem/dram_interface.cc:690: warn: DRAM device capacity (16384 Mbytes) does not match the address range assigned (1024 Mbytes)
src/base/statistics.hh:279: warn: One of the stats is a legacy stat. Legacy stat is a stat that does not belong to any statistics::Group. Legacy stat is deprecated.
src/base/remote_gdb.cc:418: warn: Sockets disabled, not accepting gdb connections
gem5 Simulator System.  https://www.gem5.org
gem5 is copyrighted software; use the --copyright option for details.

gem5 version 25.0.0.1
gem5 compiled May  5 2026 12:55:05
gem5 started Jun 13 2026 18:25:09
gem5 executing on cn27.guoehi.cluster, pid 169895
command line: ../../gem5/build/ALL/gem5.opt '--outdir=results_stride_multisim/bfs_stride_deg8_dist4_l2_ddr4_1x' run.py --benchmark ../benchmarks/bfs/bfs-m5.x --benchmark-args '' --prefetcher stride --stride-config deg8_dist4 --pf-level l2 --memory ddr4_1x

info: Standard input is not a terminal, disabling listeners.
========== RUN CONFIG ==========
Benchmark      : ../benchmarks/bfs/bfs-m5.x
Benchmark args : []
CPU            : Out-of-order Armv8
Clock          : 3GHz
CPU width      : 4
ROB size       : 128
LSQ size       : 64
L1D            : 16KiB, assoc 8
L2             : 256KiB, assoc 16
Memory         : ddr4_1x
Prefetcher     : stride
PF level       : l2
Stride config  : deg8_dist4
================================
src/sim/mem_state.cc:443: info: Increasing stack size by one page.
src/sim/syscall_emul.hh:1121: warn: readlink() called on '/proc/self/exe' may yield unexpected results in various settings.
      Returning '/home/fdemirel/HPC_Lab_Proj/benchmarks/bfs/bfs-m5.x'
src/arch/arm/insts/pseudo.cc:174: warn: 	instruction 'bti' unimplemented
Beginning BFS ...
Finished BFS.
==================================================
Rerunning        : bfs_stride_deg8_dist8_l2_ddr4_1x
Benchmark        : bfs
Binary           : ../benchmarks/bfs/bfs-m5.x
Args             : 
Stride config    : deg8_dist8
Level            : l2
Memory           : ddr4_1x
Output dir       : results_stride_multisim/bfs_stride_deg8_dist8_l2_ddr4_1x
==================================================
Global frequency set at 1000000000000 ticks per second
src/mem/dram_interface.cc:690: warn: DRAM device capacity (16384 Mbytes) does not match the address range assigned (1024 Mbytes)
src/base/statistics.hh:279: warn: One of the stats is a legacy stat. Legacy stat is a stat that does not belong to any statistics::Group. Legacy stat is deprecated.
src/base/remote_gdb.cc:418: warn: Sockets disabled, not accepting gdb connections
gem5 Simulator System.  https://www.gem5.org
gem5 is copyrighted software; use the --copyright option for details.

gem5 version 25.0.0.1
gem5 compiled May  5 2026 12:55:05
gem5 started Jun 13 2026 18:30:34
gem5 executing on cn27.guoehi.cluster, pid 169918
command line: ../../gem5/build/ALL/gem5.opt '--outdir=results_stride_multisim/bfs_stride_deg8_dist8_l2_ddr4_1x' run.py --benchmark ../benchmarks/bfs/bfs-m5.x --benchmark-args '' --prefetcher stride --stride-config deg8_dist8 --pf-level l2 --memory ddr4_1x

info: Standard input is not a terminal, disabling listeners.
========== RUN CONFIG ==========
Benchmark      : ../benchmarks/bfs/bfs-m5.x
Benchmark args : []
CPU            : Out-of-order Armv8
Clock          : 3GHz
CPU width      : 4
ROB size       : 128
LSQ size       : 64
L1D            : 16KiB, assoc 8
L2             : 256KiB, assoc 16
Memory         : ddr4_1x
Prefetcher     : stride
PF level       : l2
Stride config  : deg8_dist8
================================
src/sim/mem_state.cc:443: info: Increasing stack size by one page.
src/sim/syscall_emul.hh:1121: warn: readlink() called on '/proc/self/exe' may yield unexpected results in various settings.
      Returning '/home/fdemirel/HPC_Lab_Proj/benchmarks/bfs/bfs-m5.x'
src/arch/arm/insts/pseudo.cc:174: warn: 	instruction 'bti' unimplemented
Beginning BFS ...
Finished BFS.
==================================================
Rerunning        : bfs_stride_deg8_dist16_l1d_ddr4_1x
Benchmark        : bfs
Binary           : ../benchmarks/bfs/bfs-m5.x
Args             : 
Stride config    : deg8_dist16
Level            : l1d
Memory           : ddr4_1x
Output dir       : results_stride_multisim/bfs_stride_deg8_dist16_l1d_ddr4_1x
==================================================
Global frequency set at 1000000000000 ticks per second
src/mem/dram_interface.cc:690: warn: DRAM device capacity (16384 Mbytes) does not match the address range assigned (1024 Mbytes)
src/base/statistics.hh:279: warn: One of the stats is a legacy stat. Legacy stat is a stat that does not belong to any statistics::Group. Legacy stat is deprecated.
src/base/remote_gdb.cc:418: warn: Sockets disabled, not accepting gdb connections
gem5 Simulator System.  https://www.gem5.org
gem5 is copyrighted software; use the --copyright option for details.

gem5 version 25.0.0.1
gem5 compiled May  5 2026 12:55:05
gem5 started Jun 13 2026 18:36:00
gem5 executing on cn27.guoehi.cluster, pid 169941
command line: ../../gem5/build/ALL/gem5.opt '--outdir=results_stride_multisim/bfs_stride_deg8_dist16_l1d_ddr4_1x' run.py --benchmark ../benchmarks/bfs/bfs-m5.x --benchmark-args '' --prefetcher stride --stride-config deg8_dist16 --pf-level l1d --memory ddr4_1x

info: Standard input is not a terminal, disabling listeners.
========== RUN CONFIG ==========
Benchmark      : ../benchmarks/bfs/bfs-m5.x
Benchmark args : []
CPU            : Out-of-order Armv8
Clock          : 3GHz
CPU width      : 4
ROB size       : 128
LSQ size       : 64
L1D            : 16KiB, assoc 8
L2             : 256KiB, assoc 16
Memory         : ddr4_1x
Prefetcher     : stride
PF level       : l1d
Stride config  : deg8_dist16
================================
src/sim/mem_state.cc:443: info: Increasing stack size by one page.
src/sim/syscall_emul.hh:1121: warn: readlink() called on '/proc/self/exe' may yield unexpected results in various settings.
      Returning '/home/fdemirel/HPC_Lab_Proj/benchmarks/bfs/bfs-m5.x'
src/arch/arm/insts/pseudo.cc:174: warn: 	instruction 'bti' unimplemented
Beginning BFS ...
Finished BFS.
==================================================
Rerunning        : bfs_stride_deg8_dist16_l2_ddr4_1x
Benchmark        : bfs
Binary           : ../benchmarks/bfs/bfs-m5.x
Args             : 
Stride config    : deg8_dist16
Level            : l2
Memory           : ddr4_1x
Output dir       : results_stride_multisim/bfs_stride_deg8_dist16_l2_ddr4_1x
==================================================
Global frequency set at 1000000000000 ticks per second
src/mem/dram_interface.cc:690: warn: DRAM device capacity (16384 Mbytes) does not match the address range assigned (1024 Mbytes)
src/base/statistics.hh:279: warn: One of the stats is a legacy stat. Legacy stat is a stat that does not belong to any statistics::Group. Legacy stat is deprecated.
src/base/remote_gdb.cc:418: warn: Sockets disabled, not accepting gdb connections
gem5 Simulator System.  https://www.gem5.org
gem5 is copyrighted software; use the --copyright option for details.

gem5 version 25.0.0.1
gem5 compiled May  5 2026 12:55:05
gem5 started Jun 13 2026 18:41:32
gem5 executing on cn27.guoehi.cluster, pid 169960
command line: ../../gem5/build/ALL/gem5.opt '--outdir=results_stride_multisim/bfs_stride_deg8_dist16_l2_ddr4_1x' run.py --benchmark ../benchmarks/bfs/bfs-m5.x --benchmark-args '' --prefetcher stride --stride-config deg8_dist16 --pf-level l2 --memory ddr4_1x

info: Standard input is not a terminal, disabling listeners.
========== RUN CONFIG ==========
Benchmark      : ../benchmarks/bfs/bfs-m5.x
Benchmark args : []
CPU            : Out-of-order Armv8
Clock          : 3GHz
CPU width      : 4
ROB size       : 128
LSQ size       : 64
L1D            : 16KiB, assoc 8
L2             : 256KiB, assoc 16
Memory         : ddr4_1x
Prefetcher     : stride
PF level       : l2
Stride config  : deg8_dist16
================================
src/sim/mem_state.cc:443: info: Increasing stack size by one page.
src/sim/syscall_emul.hh:1121: warn: readlink() called on '/proc/self/exe' may yield unexpected results in various settings.
      Returning '/home/fdemirel/HPC_Lab_Proj/benchmarks/bfs/bfs-m5.x'
src/arch/arm/insts/pseudo.cc:174: warn: 	instruction 'bti' unimplemented
Beginning BFS ...
Finished BFS.
==================================================
Rerunning        : bfs_stride_deg16_dist16_l2_ddr4_2x
Benchmark        : bfs
Binary           : ../benchmarks/bfs/bfs-m5.x
Args             : 
Stride config    : deg16_dist16
Level            : l2
Memory           : ddr4_2x
Output dir       : results_stride_multisim/bfs_stride_deg16_dist16_l2_ddr4_2x
==================================================
Global frequency set at 1000000000000 ticks per second
src/mem/dram_interface.cc:690: warn: DRAM device capacity (16384 Mbytes) does not match the address range assigned (512 Mbytes)
src/mem/dram_interface.cc:690: warn: DRAM device capacity (16384 Mbytes) does not match the address range assigned (512 Mbytes)
src/base/statistics.hh:279: warn: One of the stats is a legacy stat. Legacy stat is a stat that does not belong to any statistics::Group. Legacy stat is deprecated.
src/base/remote_gdb.cc:418: warn: Sockets disabled, not accepting gdb connections
gem5 Simulator System.  https://www.gem5.org
gem5 is copyrighted software; use the --copyright option for details.

gem5 version 25.0.0.1
gem5 compiled May  5 2026 12:55:05
gem5 started Jun 13 2026 18:46:58
gem5 executing on cn27.guoehi.cluster, pid 169981
command line: ../../gem5/build/ALL/gem5.opt '--outdir=results_stride_multisim/bfs_stride_deg16_dist16_l2_ddr4_2x' run.py --benchmark ../benchmarks/bfs/bfs-m5.x --benchmark-args '' --prefetcher stride --stride-config deg16_dist16 --pf-level l2 --memory ddr4_2x

info: Standard input is not a terminal, disabling listeners.
========== RUN CONFIG ==========
Benchmark      : ../benchmarks/bfs/bfs-m5.x
Benchmark args : []
CPU            : Out-of-order Armv8
Clock          : 3GHz
CPU width      : 4
ROB size       : 128
LSQ size       : 64
L1D            : 16KiB, assoc 8
L2             : 256KiB, assoc 16
Memory         : ddr4_2x
Prefetcher     : stride
PF level       : l2
Stride config  : deg16_dist16
================================
src/sim/mem_state.cc:443: info: Increasing stack size by one page.
src/sim/syscall_emul.hh:1121: warn: readlink() called on '/proc/self/exe' may yield unexpected results in various settings.
      Returning '/home/fdemirel/HPC_Lab_Proj/benchmarks/bfs/bfs-m5.x'
src/arch/arm/insts/pseudo.cc:174: warn: 	instruction 'bti' unimplemented
Beginning BFS ...
Finished BFS.
==================================================
Rerunning        : bfs_stride_deg16_dist32_l2_ddr4_2x
Benchmark        : bfs
Binary           : ../benchmarks/bfs/bfs-m5.x
Args             : 
Stride config    : deg16_dist32
Level            : l2
Memory           : ddr4_2x
Output dir       : results_stride_multisim/bfs_stride_deg16_dist32_l2_ddr4_2x
==================================================
Global frequency set at 1000000000000 ticks per second
src/mem/dram_interface.cc:690: warn: DRAM device capacity (16384 Mbytes) does not match the address range assigned (512 Mbytes)
src/mem/dram_interface.cc:690: warn: DRAM device capacity (16384 Mbytes) does not match the address range assigned (512 Mbytes)
src/base/statistics.hh:279: warn: One of the stats is a legacy stat. Legacy stat is a stat that does not belong to any statistics::Group. Legacy stat is deprecated.
src/base/remote_gdb.cc:418: warn: Sockets disabled, not accepting gdb connections
gem5 Simulator System.  https://www.gem5.org
gem5 is copyrighted software; use the --copyright option for details.

gem5 version 25.0.0.1
gem5 compiled May  5 2026 12:55:05
gem5 started Jun 13 2026 18:52:20
gem5 executing on cn27.guoehi.cluster, pid 170003
command line: ../../gem5/build/ALL/gem5.opt '--outdir=results_stride_multisim/bfs_stride_deg16_dist32_l2_ddr4_2x' run.py --benchmark ../benchmarks/bfs/bfs-m5.x --benchmark-args '' --prefetcher stride --stride-config deg16_dist32 --pf-level l2 --memory ddr4_2x

info: Standard input is not a terminal, disabling listeners.
========== RUN CONFIG ==========
Benchmark      : ../benchmarks/bfs/bfs-m5.x
Benchmark args : []
CPU            : Out-of-order Armv8
Clock          : 3GHz
CPU width      : 4
ROB size       : 128
LSQ size       : 64
L1D            : 16KiB, assoc 8
L2             : 256KiB, assoc 16
Memory         : ddr4_2x
Prefetcher     : stride
PF level       : l2
Stride config  : deg16_dist32
================================
src/sim/mem_state.cc:443: info: Increasing stack size by one page.
src/sim/syscall_emul.hh:1121: warn: readlink() called on '/proc/self/exe' may yield unexpected results in various settings.
      Returning '/home/fdemirel/HPC_Lab_Proj/benchmarks/bfs/bfs-m5.x'
src/arch/arm/insts/pseudo.cc:174: warn: 	instruction 'bti' unimplemented
Beginning BFS ...
Finished BFS.
==================================================
Rerunning        : bfs_stride_deg32_dist16_l1d_ddr4_1x
Benchmark        : bfs
Binary           : ../benchmarks/bfs/bfs-m5.x
Args             : 
Stride config    : deg32_dist16
Level            : l1d
Memory           : ddr4_1x
Output dir       : results_stride_multisim/bfs_stride_deg32_dist16_l1d_ddr4_1x
==================================================
Global frequency set at 1000000000000 ticks per second
src/mem/dram_interface.cc:690: warn: DRAM device capacity (16384 Mbytes) does not match the address range assigned (1024 Mbytes)
src/base/statistics.hh:279: warn: One of the stats is a legacy stat. Legacy stat is a stat that does not belong to any statistics::Group. Legacy stat is deprecated.
src/base/remote_gdb.cc:418: warn: Sockets disabled, not accepting gdb connections
gem5 Simulator System.  https://www.gem5.org
gem5 is copyrighted software; use the --copyright option for details.

gem5 version 25.0.0.1
gem5 compiled May  5 2026 12:55:05
gem5 started Jun 13 2026 18:57:39
gem5 executing on cn27.guoehi.cluster, pid 170018
command line: ../../gem5/build/ALL/gem5.opt '--outdir=results_stride_multisim/bfs_stride_deg32_dist16_l1d_ddr4_1x' run.py --benchmark ../benchmarks/bfs/bfs-m5.x --benchmark-args '' --prefetcher stride --stride-config deg32_dist16 --pf-level l1d --memory ddr4_1x

info: Standard input is not a terminal, disabling listeners.
========== RUN CONFIG ==========
Benchmark      : ../benchmarks/bfs/bfs-m5.x
Benchmark args : []
CPU            : Out-of-order Armv8
Clock          : 3GHz
CPU width      : 4
ROB size       : 128
LSQ size       : 64
L1D            : 16KiB, assoc 8
L2             : 256KiB, assoc 16
Memory         : ddr4_1x
Prefetcher     : stride
PF level       : l1d
Stride config  : deg32_dist16
================================
src/sim/mem_state.cc:443: info: Increasing stack size by one page.
src/sim/syscall_emul.hh:1121: warn: readlink() called on '/proc/self/exe' may yield unexpected results in various settings.
      Returning '/home/fdemirel/HPC_Lab_Proj/benchmarks/bfs/bfs-m5.x'
src/arch/arm/insts/pseudo.cc:174: warn: 	instruction 'bti' unimplemented
Beginning BFS ...
Finished BFS.
==================================================
Rerunning        : bfs_stride_deg32_dist16_l2_ddr4_1x
Benchmark        : bfs
Binary           : ../benchmarks/bfs/bfs-m5.x
Args             : 
Stride config    : deg32_dist16
Level            : l2
Memory           : ddr4_1x
Output dir       : results_stride_multisim/bfs_stride_deg32_dist16_l2_ddr4_1x
==================================================
Global frequency set at 1000000000000 ticks per second
src/mem/dram_interface.cc:690: warn: DRAM device capacity (16384 Mbytes) does not match the address range assigned (1024 Mbytes)
src/base/statistics.hh:279: warn: One of the stats is a legacy stat. Legacy stat is a stat that does not belong to any statistics::Group. Legacy stat is deprecated.
src/base/remote_gdb.cc:418: warn: Sockets disabled, not accepting gdb connections
gem5 Simulator System.  https://www.gem5.org
gem5 is copyrighted software; use the --copyright option for details.

gem5 version 25.0.0.1
gem5 compiled May  5 2026 12:55:05
gem5 started Jun 13 2026 19:03:22
gem5 executing on cn27.guoehi.cluster, pid 170042
command line: ../../gem5/build/ALL/gem5.opt '--outdir=results_stride_multisim/bfs_stride_deg32_dist16_l2_ddr4_1x' run.py --benchmark ../benchmarks/bfs/bfs-m5.x --benchmark-args '' --prefetcher stride --stride-config deg32_dist16 --pf-level l2 --memory ddr4_1x

info: Standard input is not a terminal, disabling listeners.
========== RUN CONFIG ==========
Benchmark      : ../benchmarks/bfs/bfs-m5.x
Benchmark args : []
CPU            : Out-of-order Armv8
Clock          : 3GHz
CPU width      : 4
ROB size       : 128
LSQ size       : 64
L1D            : 16KiB, assoc 8
L2             : 256KiB, assoc 16
Memory         : ddr4_1x
Prefetcher     : stride
PF level       : l2
Stride config  : deg32_dist16
================================
src/sim/mem_state.cc:443: info: Increasing stack size by one page.
src/sim/syscall_emul.hh:1121: warn: readlink() called on '/proc/self/exe' may yield unexpected results in various settings.
      Returning '/home/fdemirel/HPC_Lab_Proj/benchmarks/bfs/bfs-m5.x'
src/arch/arm/insts/pseudo.cc:174: warn: 	instruction 'bti' unimplemented
Beginning BFS ...
Finished BFS.
==================================================
Rerunning        : bfs_stride_deg32_dist32_l2_ddr4_1x
Benchmark        : bfs
Binary           : ../benchmarks/bfs/bfs-m5.x
Args             : 
Stride config    : deg32_dist32
Level            : l2
Memory           : ddr4_1x
Output dir       : results_stride_multisim/bfs_stride_deg32_dist32_l2_ddr4_1x
==================================================
Global frequency set at 1000000000000 ticks per second
src/mem/dram_interface.cc:690: warn: DRAM device capacity (16384 Mbytes) does not match the address range assigned (1024 Mbytes)
src/base/statistics.hh:279: warn: One of the stats is a legacy stat. Legacy stat is a stat that does not belong to any statistics::Group. Legacy stat is deprecated.
src/base/remote_gdb.cc:418: warn: Sockets disabled, not accepting gdb connections
gem5 Simulator System.  https://www.gem5.org
gem5 is copyrighted software; use the --copyright option for details.

gem5 version 25.0.0.1
gem5 compiled May  5 2026 12:55:05
gem5 started Jun 13 2026 19:08:53
gem5 executing on cn27.guoehi.cluster, pid 170060
command line: ../../gem5/build/ALL/gem5.opt '--outdir=results_stride_multisim/bfs_stride_deg32_dist32_l2_ddr4_1x' run.py --benchmark ../benchmarks/bfs/bfs-m5.x --benchmark-args '' --prefetcher stride --stride-config deg32_dist32 --pf-level l2 --memory ddr4_1x

info: Standard input is not a terminal, disabling listeners.
========== RUN CONFIG ==========
Benchmark      : ../benchmarks/bfs/bfs-m5.x
Benchmark args : []
CPU            : Out-of-order Armv8
Clock          : 3GHz
CPU width      : 4
ROB size       : 128
LSQ size       : 64
L1D            : 16KiB, assoc 8
L2             : 256KiB, assoc 16
Memory         : ddr4_1x
Prefetcher     : stride
PF level       : l2
Stride config  : deg32_dist32
================================
src/sim/mem_state.cc:443: info: Increasing stack size by one page.
src/sim/syscall_emul.hh:1121: warn: readlink() called on '/proc/self/exe' may yield unexpected results in various settings.
      Returning '/home/fdemirel/HPC_Lab_Proj/benchmarks/bfs/bfs-m5.x'
src/arch/arm/insts/pseudo.cc:174: warn: 	instruction 'bti' unimplemented
Beginning BFS ...
Finished BFS.
==================================================
Rerunning        : bfs_stride_deg32_dist32_l2_ddr4_2x
Benchmark        : bfs
Binary           : ../benchmarks/bfs/bfs-m5.x
Args             : 
Stride config    : deg32_dist32
Level            : l2
Memory           : ddr4_2x
Output dir       : results_stride_multisim/bfs_stride_deg32_dist32_l2_ddr4_2x
==================================================
Global frequency set at 1000000000000 ticks per second
src/mem/dram_interface.cc:690: warn: DRAM device capacity (16384 Mbytes) does not match the address range assigned (512 Mbytes)
src/mem/dram_interface.cc:690: warn: DRAM device capacity (16384 Mbytes) does not match the address range assigned (512 Mbytes)
src/base/statistics.hh:279: warn: One of the stats is a legacy stat. Legacy stat is a stat that does not belong to any statistics::Group. Legacy stat is deprecated.
src/base/remote_gdb.cc:418: warn: Sockets disabled, not accepting gdb connections
gem5 Simulator System.  https://www.gem5.org
gem5 is copyrighted software; use the --copyright option for details.

gem5 version 25.0.0.1
gem5 compiled May  5 2026 12:55:05
gem5 started Jun 13 2026 19:14:26
gem5 executing on cn27.guoehi.cluster, pid 170083
command line: ../../gem5/build/ALL/gem5.opt '--outdir=results_stride_multisim/bfs_stride_deg32_dist32_l2_ddr4_2x' run.py --benchmark ../benchmarks/bfs/bfs-m5.x --benchmark-args '' --prefetcher stride --stride-config deg32_dist32 --pf-level l2 --memory ddr4_2x

info: Standard input is not a terminal, disabling listeners.
========== RUN CONFIG ==========
Benchmark      : ../benchmarks/bfs/bfs-m5.x
Benchmark args : []
CPU            : Out-of-order Armv8
Clock          : 3GHz
CPU width      : 4
ROB size       : 128
LSQ size       : 64
L1D            : 16KiB, assoc 8
L2             : 256KiB, assoc 16
Memory         : ddr4_2x
Prefetcher     : stride
PF level       : l2
Stride config  : deg32_dist32
================================
src/sim/mem_state.cc:443: info: Increasing stack size by one page.
src/sim/syscall_emul.hh:1121: warn: readlink() called on '/proc/self/exe' may yield unexpected results in various settings.
      Returning '/home/fdemirel/HPC_Lab_Proj/benchmarks/bfs/bfs-m5.x'
src/arch/arm/insts/pseudo.cc:174: warn: 	instruction 'bti' unimplemented
Beginning BFS ...
Finished BFS.
