run,benchmark,prefetcher,config,pf_level,memory,simSeconds,simTicks,simInsts,numCycles,ipc,l1d_demand_misses,l1d_demand_accesses,l2_demand_misses,l2_demand_accesses,l1d_pf_issued,l1d_pf_useful,l1d_pf_unused,l2_pf_issued,l2_pf_useful,l2_pf_unused
bfs_stride_deg16_dist16_l1d_ddr4_1x,bfs,stride,deg16_dist16,l1d,ddr4_1x,0.024087,24087142080.0,30729211.0,72333760.0,0.424826,6378910.0,11436409.0,1719650.0,4042949.0,3094997.0,195334.0,459861.0,nan,nan,nan
bfs_stride_deg16_dist16_l1d_ddr4_2x,bfs,stride,deg16_dist16,l1d,ddr4_2x,0.021365,21365471142.0,30729211.0,64160574.0,0.478943,6290102.0,11358302.0,1703356.0,4029580.0,3107088.0,198369.0,447749.0,nan,nan,nan
bfs_stride_deg16_dist16_l2_ddr4_1x,bfs,stride,deg16_dist16,l2,ddr4_1x,0.024799,24798788055.0,30729211.0,74470835.0,0.412635,7040298.0,11456438.0,1357677.0,3528543.0,nan,nan,nan,2614092.0,166992.0,209419.0
bfs_stride_deg16_dist16_l2_ddr4_2x,bfs,stride,deg16_dist16,l2,ddr4_2x,0.021926,21926467584.0,30729211.0,65845248.0,0.466689,6960226.0,11381255.0,1353894.0,3522537.0,nan,nan,nan,2740568.0,170103.0,206035.0
bfs_stride_deg16_dist1_l1d_ddr4_1x,bfs,stride,deg16_dist1,l1d,ddr4_1x,0.021516,21516423039.0,30729211.0,64613883.0,0.475583,5001235.0,11432582.0,1773126.0,4069404.0,3997573.0,302754.0,476002.0,nan,nan,nan
bfs_stride_deg16_dist1_l1d_ddr4_2x,bfs,stride,deg16_dist1,l1d,ddr4_2x,0.018938,18938053989.0,30729211.0,56871033.0,0.540332,4915288.0,11348576.0,1772472.0,4072965.0,4158488.0,309313.0,479048.0,nan,nan,nan
bfs_stride_deg16_dist1_l2_ddr4_1x,bfs,stride,deg16_dist1,l2,ddr4_1x,0.022525,22525148970.0,30729211.0,67643090.0,0.454285,6624170.0,11448899.0,1295813.0,3529319.0,nan,nan,nan,3562761.0,240421.0,252259.0
bfs_stride_deg16_dist1_l2_ddr4_2x,bfs,stride,deg16_dist1,l2,ddr4_2x,0.019721,19721034558.0,30729211.0,59222326.0,0.518879,6583346.0,11373867.0,1290973.0,3529490.0,nan,nan,nan,3657523.0,245588.0,253295.0
bfs_stride_deg16_dist32_l1d_ddr4_1x,bfs,stride,deg16_dist32,l1d,ddr4_1x,0.025472,25472128707.0,30729211.0,76492879.0,0.401727,7006073.0,11442816.0,1628082.0,3872619.0,1877886.0,112535.0,307391.0,nan,nan,nan
bfs_stride_deg16_dist32_l1d_ddr4_2x,bfs,stride,deg16_dist32,l1d,ddr4_2x,0.022796,22796423091.0,30729211.0,68457727.0,0.448879,6896500.0,11362942.0,1622874.0,3868214.0,1900891.0,113267.0,303281.0,nan,nan,nan
bfs_stride_deg16_dist32_l2_ddr4_1x,bfs,stride,deg16_dist32,l2,ddr4_1x,0.025966,25965983691.0,30729211.0,77975927.0,0.394086,7311490.0,11460493.0,1392200.0,3528613.0,nan,nan,nan,1572164.0,109902.0,130318.0
bfs_stride_deg16_dist32_l2_ddr4_2x,bfs,stride,deg16_dist32,l2,ddr4_2x,0.023182,23181937524.0,30729211.0,69615428.0,0.441414,7191257.0,11381220.0,1392282.0,3522374.0,nan,nan,nan,1621545.0,109993.0,132026.0
bfs_stride_deg16_dist4_l1d_ddr4_1x,bfs,stride,deg16_dist4,l1d,ddr4_1x,0.022568,22567955454.0,30729211.0,67771638.0,0.453423,5457697.0,11436353.0,1766994.0,4083624.0,3898636.0,275823.0,490064.0,nan,nan,nan
bfs_stride_deg16_dist4_l1d_ddr4_2x,bfs,stride,deg16_dist4,l1d,ddr4_2x,0.0199,19900193220.0,30729211.0,59760340.0,0.514208,5368085.0,11350546.0,1770773.0,4089832.0,4017815.0,283011.0,495633.0,nan,nan,nan
bfs_stride_deg16_dist4_l2_ddr4_1x,bfs,stride,deg16_dist4,l2,ddr4_1x,0.023424,23423598288.0,30729211.0,70341136.0,0.43686,6746667.0,11450264.0,1321564.0,3528877.0,nan,nan,nan,3355839.0,214101.0,249506.0
bfs_stride_deg16_dist4_l2_ddr4_2x,bfs,stride,deg16_dist4,l2,ddr4_2x,0.02059,20590481574.0,30729211.0,61833278.0,0.496969,6703705.0,11374799.0,1317231.0,3529126.0,nan,nan,nan,3416117.0,218724.0,250488.0
bfs_stride_deg16_dist8_l1d_ddr4_1x,bfs,stride,deg16_dist8,l1d,ddr4_1x,0.023215,23214611817.0,30729211.0,69713549.0,0.440793,5826947.0,11436551.0,1755363.0,4081709.0,3648790.0,252996.0,491450.0,nan,nan,nan
bfs_stride_deg16_dist8_l1d_ddr4_2x,bfs,stride,deg16_dist8,l1d,ddr4_2x,0.02052,20519611515.0,30729211.0,61620455.0,0.498686,5748468.0,11354590.0,1746749.0,4075984.0,3701481.0,256322.0,486128.0,nan,nan,nan
bfs_stride_deg16_dist8_l2_ddr4_1x,bfs,stride,deg16_dist8,l2,ddr4_1x,0.024019,24018808815.0,30729211.0,72128555.0,0.426034,6870152.0,11458617.0,1337377.0,3528774.0,nan,nan,nan,3086479.0,196427.0,242650.0
bfs_stride_deg16_dist8_l2_ddr4_2x,bfs,stride,deg16_dist8,l2,ddr4_2x,0.021161,21161155329.0,30729211.0,63547013.0,0.483567,6814408.0,11381406.0,1334986.0,3529039.0,nan,nan,nan,3147856.0,198390.0,240688.0
bfs_stride_deg1_dist16_l1d_ddr4_1x,bfs,stride,deg1_dist16,l1d,ddr4_1x,0.023885,23884531893.0,30729211.0,71725321.0,0.42843,6306653.0,11440217.0,1555062.0,3690243.0,361378.0,182042.0,140795.0,nan,nan,nan
bfs_stride_deg1_dist16_l1d_ddr4_2x,bfs,stride,deg1_dist16,l1d,ddr4_2x,0.021523,21522881907.0,30729211.0,64633279.0,0.47544,6176853.0,11363426.0,1554232.0,3690142.0,362878.0,186848.0,140399.0,nan,nan,nan
bfs_stride_deg1_dist16_l2_ddr4_1x,bfs,stride,deg1_dist16,l2,ddr4_1x,0.024344,24343684281.0,30729211.0,73104157.0,0.420349,7120009.0,11458153.0,1350068.0,3528668.0,nan,nan,nan,218808.0,137764.0,67856.0
bfs_stride_deg1_dist16_l2_ddr4_2x,bfs,stride,deg1_dist16,l2,ddr4_2x,0.021883,21882813282.0,30729211.0,65714154.0,0.46762,7020931.0,11382409.0,1348161.0,3528935.0,nan,nan,nan,218446.0,139628.0,67441.0
bfs_stride_deg1_dist1_l1d_ddr4_1x,bfs,stride,deg1_dist1,l1d,ddr4_1x,0.021459,21458557296.0,30729211.0,64440112.0,0.476865,5934751.0,11432988.0,1515775.0,3617368.0,524479.0,172109.0,85902.0,nan,nan,nan
bfs_stride_deg1_dist1_l1d_ddr4_2x,bfs,stride,deg1_dist1,l1d,ddr4_2x,0.019381,19381493106.0,30729211.0,58202682.0,0.52797,5853428.0,11349866.0,1516311.0,3625027.0,517569.0,173090.0,86315.0,nan,nan,nan
bfs_stride_deg1_dist1_l2_ddr4_1x,bfs,stride,deg1_dist1,l2,ddr4_1x,0.021653,21653110881.0,30729211.0,65024357.0,0.472581,6806598.0,11435890.0,1326358.0,3529248.0,nan,nan,nan,290342.0,149682.0,41049.0
bfs_stride_deg1_dist1_l2_ddr4_2x,bfs,stride,deg1_dist1,l2,ddr4_2x,0.019511,19511096040.0,30729211.0,58591880.0,0.524463,6724211.0,11362118.0,1326783.0,3523185.0,nan,nan,nan,289728.0,149073.0,40506.0
bfs_stride_deg1_dist32_l1d_ddr4_1x,bfs,stride,deg1_dist32,l1d,ddr4_1x,0.025297,25297080264.0,30729211.0,75967208.0,0.404507,7063716.0,11443953.0,1525933.0,3681274.0,244468.0,92675.0,138250.0,nan,nan,nan
bfs_stride_deg1_dist32_l1d_ddr4_2x,bfs,stride,deg1_dist32,l1d,ddr4_2x,0.022877,22877021412.0,30729211.0,68699764.0,0.447298,6942835.0,11368416.0,1526110.0,3681748.0,247489.0,93698.0,138362.0,nan,nan,nan
bfs_stride_deg1_dist32_l2_ddr4_1x,bfs,stride,deg1_dist32,l2,ddr4_1x,0.025629,25628846832.0,30729211.0,76963504.0,0.39927,7363037.0,11459282.0,1383069.0,3528581.0,nan,nan,nan,143544.0,97002.0,46189.0
bfs_stride_deg1_dist32_l2_ddr4_2x,bfs,stride,deg1_dist32,l2,ddr4_2x,0.023075,23075201034.0,30729211.0,69294898.0,0.443456,7232773.0,11383941.0,1383230.0,3528772.0,nan,nan,nan,143546.0,97027.0,46178.0
bfs_stride_deg1_dist4_l1d_ddr4_1x,bfs,stride,deg1_dist4,l1d,ddr4_1x,0.022262,22262137578.0,30729211.0,66853266.0,0.459652,5666052.0,11439388.0,1546126.0,3654136.0,449593.0,208578.0,110455.0,nan,nan,nan
bfs_stride_deg1_dist4_l1d_ddr4_2x,bfs,stride,deg1_dist4,l1d,ddr4_2x,0.020102,20102281263.0,30729211.0,60367211.0,0.509039,5561524.0,11361263.0,1547329.0,3655702.0,457810.0,211951.0,111465.0,nan,nan,nan
bfs_stride_deg1_dist4_l2_ddr4_1x,bfs,stride,deg1_dist4,l2,ddr4_1x,0.022774,22774326543.0,30729211.0,68391371.0,0.449315,6848796.0,11446369.0,1314598.0,3522625.0,nan,nan,nan,273440.0,170415.0,64781.0
bfs_stride_deg1_dist4_l2_ddr4_2x,bfs,stride,deg1_dist4,l2,ddr4_2x,0.020549,20549103327.0,30729211.0,61709019.0,0.49797,6784324.0,11370764.0,1312562.0,3529144.0,nan,nan,nan,273318.0,172711.0,64577.0
bfs_stride_deg1_dist8_l1d_ddr4_1x,bfs,stride,deg1_dist8,l1d,ddr4_1x,0.022973,22973250420.0,30729211.0,68988740.0,0.445424,5836557.0,11444192.0,1559492.0,3669592.0,420140.0,218676.0,122387.0,nan,nan,nan
bfs_stride_deg1_dist8_l1d_ddr4_2x,bfs,stride,deg1_dist8,l1d,ddr4_2x,0.020696,20695979970.0,30729211.0,62150090.0,0.494436,5710177.0,11358227.0,1559232.0,3669851.0,422344.0,223930.0,122248.0,nan,nan,nan
bfs_stride_deg1_dist8_l2_ddr4_1x,bfs,stride,deg1_dist8,l2,ddr4_1x,0.023504,23504200938.0,30729211.0,70583186.0,0.435362,6966581.0,11459327.0,1331127.0,3528790.0,nan,nan,nan,255462.0,157221.0,72261.0
bfs_stride_deg1_dist8_l2_ddr4_2x,bfs,stride,deg1_dist8,l2,ddr4_2x,0.021146,21145672161.0,30729211.0,63500517.0,0.483921,6887356.0,11381497.0,1328280.0,3529027.0,nan,nan,nan,253548.0,159759.0,70484.0
bfs_stride_deg32_dist16_l1d_ddr4_1x,bfs,stride,deg32_dist16,l1d,ddr4_1x,0.024391,24390776142.0,30729211.0,73245574.0,0.419537,6429671.0,11434967.0,1777419.0,4196587.0,4189633.0,174822.0,604892.0,nan,nan,nan
bfs_stride_deg32_dist16_l1d_ddr4_2x,bfs,stride,deg32_dist16,l1d,ddr4_2x,0.021407,21406605633.0,30729211.0,64284101.0,0.478022,6341545.0,11356157.0,1778329.0,4208762.0,4236337.0,178989.0,609236.0,nan,nan,nan
bfs_stride_deg32_dist16_l2_ddr4_1x,bfs,stride,deg32_dist16,l2,ddr4_1x,0.025157,25156934550.0,30729211.0,75546350.0,0.40676,7008710.0,11459539.0,1364014.0,3522198.0,nan,nan,nan,3983331.0,172447.0,269406.0
bfs_stride_deg32_dist16_l2_ddr4_2x,bfs,stride,deg32_dist16,l2,ddr4_2x,0.021912,21911975424.0,30729211.0,65801728.0,0.466998,6940804.0,11379930.0,1363732.0,3528770.0,nan,nan,nan,4107706.0,173913.0,272525.0
bfs_stride_deg32_dist1_l1d_ddr4_1x,bfs,stride,deg32_dist1,l1d,ddr4_1x,0.021856,21855909546.0,30729211.0,65633362.0,0.468196,5069230.0,11428317.0,1854513.0,4275202.0,5196981.0,295260.0,663314.0,nan,nan,nan
bfs_stride_deg32_dist1_l1d_ddr4_2x,bfs,stride,deg32_dist1,l1d,ddr4_2x,0.01908,19079993907.0,30729211.0,57297279.0,0.536312,4959558.0,11344054.0,1863967.0,4297182.0,5606158.0,308416.0,683800.0,nan,nan,nan
bfs_stride_deg32_dist1_l2_ddr4_1x,bfs,stride,deg32_dist1,l2,ddr4_1x,0.022946,22946439924.0,30729211.0,68908228.0,0.445945,6598644.0,11449417.0,1314026.0,3528802.0,nan,nan,nan,5749167.0,246175.0,370202.0
bfs_stride_deg32_dist1_l2_ddr4_2x,bfs,stride,deg32_dist1,l2,ddr4_2x,0.019748,19747766133.0,30729211.0,59302601.0,0.518177,6555917.0,11375945.0,1306697.0,3529506.0,nan,nan,nan,5909269.0,253213.0,364261.0
bfs_stride_deg32_dist32_l1d_ddr4_1x,bfs,stride,deg32_dist32,l1d,ddr4_1x,0.025652,25651905750.0,30729211.0,77032750.0,0.398911,7017368.0,11439878.0,1646495.0,3920561.0,2186608.0,104482.0,350833.0,nan,nan,nan
bfs_stride_deg32_dist32_l1d_ddr4_2x,bfs,stride,deg32_dist32,l1d,ddr4_2x,0.022821,22820652837.0,30729211.0,68530489.0,0.448403,6904261.0,11365894.0,1644597.0,3920028.0,2259127.0,106189.0,350196.0,nan,nan,nan
bfs_stride_deg32_dist32_l2_ddr4_1x,bfs,stride,deg32_dist32,l2,ddr4_1x,0.026066,26066411496.0,30729211.0,78277512.0,0.392568,7278151.0,11457449.0,1397563.0,3522285.0,nan,nan,nan,2015531.0,109564.0,156350.0
bfs_stride_deg32_dist32_l2_ddr4_2x,bfs,stride,deg32_dist32,l2,ddr4_2x,0.023085,23084520372.0,30729211.0,69322884.0,0.443277,7167265.0,11381846.0,1396392.0,3522388.0,nan,nan,nan,2041653.0,110246.0,153108.0
bfs_stride_deg32_dist4_l1d_ddr4_1x,bfs,stride,deg32_dist4,l1d,ddr4_1x,0.022901,22900919490.0,30729211.0,68771530.0,0.446831,5499178.0,11431924.0,1854533.0,4312348.0,5491437.0,269355.0,698985.0,nan,nan,nan
bfs_stride_deg32_dist4_l1d_ddr4_2x,bfs,stride,deg32_dist4,l1d,ddr4_2x,0.019925,19924727661.0,30729211.0,59834017.0,0.513575,5407004.0,11348800.0,1831788.0,4297266.0,5629379.0,276800.0,685287.0,nan,nan,nan
bfs_stride_deg32_dist4_l2_ddr4_1x,bfs,stride,deg32_dist4,l2,ddr4_1x,0.023915,23915399994.0,30729211.0,71818018.0,0.427877,6716854.0,11454266.0,1337979.0,3528815.0,nan,nan,nan,5409616.0,219027.0,352661.0
bfs_stride_deg32_dist4_l2_ddr4_2x,bfs,stride,deg32_dist4,l2,ddr4_2x,0.020618,20618236791.0,30729211.0,61916627.0,0.4963,6670964.0,11379046.0,1329318.0,3528990.0,nan,nan,nan,5503245.0,227455.0,351027.0
bfs_stride_deg32_dist8_l1d_ddr4_1x,bfs,stride,deg32_dist8,l1d,ddr4_1x,0.023529,23529454326.0,30729211.0,70659022.0,0.434895,5867129.0,11436729.0,1830398.0,4291521.0,5099478.0,244093.0,681883.0,nan,nan,nan
bfs_stride_deg32_dist8_l1d_ddr4_2x,bfs,stride,deg32_dist8,l1d,ddr4_2x,0.020562,20561822595.0,30729211.0,61747215.0,0.497662,5778976.0,11351681.0,1829609.0,4295025.0,5220033.0,250626.0,685252.0,nan,nan,nan
bfs_stride_deg32_dist8_l2_ddr4_1x,bfs,stride,deg32_dist8,l2,ddr4_1x,0.024492,24492182634.0,30729211.0,73550098.0,0.4178,6834830.0,11458538.0,1350547.0,3528348.0,nan,nan,nan,4923140.0,201508.0,334348.0
bfs_stride_deg32_dist8_l2_ddr4_2x,bfs,stride,deg32_dist8,l2,ddr4_2x,0.021185,21184670124.0,30729211.0,63617628.0,0.48303,6782506.0,11380897.0,1346385.0,3528823.0,nan,nan,nan,5038095.0,206381.0,335580.0
bfs_stride_deg4_dist16_l1d_ddr4_1x,bfs,stride,deg4_dist16,l1d,ddr4_1x,0.023841,23841272862.0,30729211.0,71595414.0,0.429207,6342851.0,11440890.0,1600186.0,3788141.0,1062438.0,190424.0,229408.0,nan,nan,nan
bfs_stride_deg4_dist16_l1d_ddr4_2x,bfs,stride,deg4_dist16,l1d,ddr4_2x,0.021443,21443137065.0,30729211.0,64393805.0,0.477208,6227590.0,11360664.0,1593497.0,3782929.0,1072918.0,194608.0,224690.0,nan,nan,nan
bfs_stride_deg4_dist16_l2_ddr4_1x,bfs,stride,deg4_dist16,l2,ddr4_1x,0.024448,24448032828.0,30729211.0,73417516.0,0.418555,7101088.0,11463732.0,1352602.0,3528759.0,nan,nan,nan,812088.0,145912.0,104348.0
bfs_stride_deg4_dist16_l2_ddr4_2x,bfs,stride,deg4_dist16,l2,ddr4_2x,0.021957,21957247773.0,30729211.0,65937681.0,0.466035,7010970.0,11383200.0,1350087.0,3528805.0,nan,nan,nan,817043.0,148595.0,104913.0
bfs_stride_deg4_dist1_l1d_ddr4_1x,bfs,stride,deg4_dist1,l1d,ddr4_1x,0.021081,21081084480.0,30729211.0,63306560.0,0.485404,5210553.0,11432525.0,1582697.0,3734854.0,1521371.0,244285.0,182621.0,nan,nan,nan
bfs_stride_deg4_dist1_l1d_ddr4_2x,bfs,stride,deg4_dist1,l1d,ddr4_2x,0.01887,18870143301.0,30729211.0,56667097.0,0.542277,5100075.0,11350484.0,1586546.0,3732225.0,1579373.0,248907.0,185911.0,nan,nan,nan
bfs_stride_deg4_dist1_l2_ddr4_1x,bfs,stride,deg4_dist1,l2,ddr4_1x,0.021771,21770647560.0,30729211.0,65377320.0,0.470029,6712911.0,11434785.0,1283933.0,3529415.0,nan,nan,nan,1122619.0,210549.0,97067.0
bfs_stride_deg4_dist1_l2_ddr4_2x,bfs,stride,deg4_dist1,l2,ddr4_2x,0.019448,19448060472.0,30729211.0,58402584.0,0.526162,6633270.0,11358615.0,1281258.0,3529529.0,nan,nan,nan,1120909.0,213029.0,95813.0
bfs_stride_deg4_dist32_l1d_ddr4_1x,bfs,stride,deg4_dist32,l1d,ddr4_1x,0.025255,25254866520.0,30729211.0,75840440.0,0.405183,7034946.0,11443147.0,1554508.0,3735756.0,699402.0,109154.0,186496.0,nan,nan,nan
bfs_stride_deg4_dist32_l1d_ddr4_2x,bfs,stride,deg4_dist32,l1d,ddr4_2x,0.022827,22826629521.0,30729211.0,68548437.0,0.448285,6914539.0,11366464.0,1554266.0,3735508.0,715537.0,109890.0,186217.0,nan,nan,nan
bfs_stride_deg4_dist32_l2_ddr4_1x,bfs,stride,deg4_dist32,l2,ddr4_1x,0.025748,25747973586.0,30729211.0,77321242.0,0.397423,7353514.0,11459866.0,1384444.0,3528684.0,nan,nan,nan,535156.0,102161.0,67798.0
bfs_stride_deg4_dist32_l2_ddr4_2x,bfs,stride,deg4_dist32,l2,ddr4_2x,0.023209,23208856578.0,30729211.0,69696266.0,0.440902,7236430.0,11385361.0,1384627.0,3528815.0,nan,nan,nan,539557.0,102327.0,69185.0
bfs_stride_deg4_dist4_l1d_ddr4_1x,bfs,stride,deg4_dist4,l1d,ddr4_1x,0.022242,22242256479.0,30729211.0,66793563.0,0.460063,5567108.0,11443095.0,1608516.0,3762115.0,1380982.0,232898.0,204836.0,nan,nan,nan
bfs_stride_deg4_dist4_l1d_ddr4_2x,bfs,stride,deg4_dist4,l1d,ddr4_2x,0.019958,19957538484.0,30729211.0,59932548.0,0.512731,5444735.0,11358599.0,1601512.0,3749085.0,1394885.0,236701.0,199211.0,nan,nan,nan
bfs_stride_deg4_dist4_l2_ddr4_1x,bfs,stride,deg4_dist4,l2,ddr4_1x,0.022896,22896113301.0,30729211.0,68757097.0,0.446925,6817977.0,11452413.0,1318101.0,3529056.0,nan,nan,nan,1011015.0,181944.0,113220.0
bfs_stride_deg4_dist4_l2_ddr4_2x,bfs,stride,deg4_dist4,l2,ddr4_2x,0.02057,20570333742.0,30729211.0,61772774.0,0.497456,6750437.0,11374251.0,1313329.0,3522695.0,nan,nan,nan,1022661.0,186052.0,111376.0
bfs_stride_deg4_dist8_l1d_ddr4_1x,bfs,stride,deg4_dist8,l1d,ddr4_1x,0.022923,22923113607.0,30729211.0,68838179.0,0.446398,5806322.0,11444947.0,1616154.0,3774020.0,1254876.0,229997.0,214222.0,nan,nan,nan
bfs_stride_deg4_dist8_l1d_ddr4_2x,bfs,stride,deg4_dist8,l1d,ddr4_2x,0.020587,20586746646.0,30729211.0,61822062.0,0.49706,5675625.0,11359965.0,1615406.0,3774183.0,1283921.0,236701.0,214131.0,nan,nan,nan
bfs_stride_deg4_dist8_l2_ddr4_1x,bfs,stride,deg4_dist8,l2,ddr4_1x,0.023637,23637302703.0,30729211.0,70982891.0,0.432911,6943678.0,11458774.0,1335793.0,3528854.0,nan,nan,nan,934550.0,165962.0,116365.0
bfs_stride_deg4_dist8_l2_ddr4_2x,bfs,stride,deg4_dist8,l2,ddr4_2x,0.021186,21185922870.0,30729211.0,63621390.0,0.483002,6872713.0,11382074.0,1331971.0,3529040.0,nan,nan,nan,937661.0,169342.0,114151.0
bfs_stride_deg8_dist16_l1d_ddr4_1x,bfs,stride,deg8_dist16,l1d,ddr4_1x,0.02386,23860073709.0,30729211.0,71651873.0,0.428869,6396653.0,11440434.0,1642057.0,3875676.0,1854171.0,188340.0,315466.0,nan,nan,nan
bfs_stride_deg8_dist16_l1d_ddr4_2x,bfs,stride,deg8_dist16,l1d,ddr4_2x,0.021383,21382870392.0,30729211.0,64212824.0,0.478553,6295482.0,11358928.0,1638089.0,3880737.0,1880752.0,193456.0,313530.0,nan,nan,nan
bfs_stride_deg8_dist16_l2_ddr4_1x,bfs,stride,deg8_dist16,l2,ddr4_1x,0.024632,24632170506.0,30729211.0,73970482.0,0.415426,7066375.0,11455405.0,1355508.0,3522361.0,nan,nan,nan,1520659.0,154632.0,148564.0
bfs_stride_deg8_dist16_l2_ddr4_2x,bfs,stride,deg8_dist16,l2,ddr4_2x,0.021957,21957354000.0,30729211.0,65938000.0,0.466032,6987981.0,11381121.0,1351751.0,3528896.0,nan,nan,nan,1541507.0,157885.0,145293.0
bfs_stride_deg8_dist1_l1d_ddr4_1x,bfs,stride,deg8_dist1,l1d,ddr4_1x,0.021182,21181997799.0,30729211.0,63609603.0,0.483091,5108160.0,11435577.0,1656467.0,3856302.0,2518949.0,267916.0,287299.0,nan,nan,nan
bfs_stride_deg8_dist1_l1d_ddr4_2x,bfs,stride,deg8_dist1,l1d,ddr4_2x,0.01884,18839716758.0,30729211.0,56575726.0,0.543152,5004274.0,11348693.0,1657096.0,3858158.0,2576618.0,273427.0,288725.0,nan,nan,nan
bfs_stride_deg8_dist1_l2_ddr4_1x,bfs,stride,deg8_dist1,l2,ddr4_1x,0.022122,22122402786.0,30729211.0,66433642.0,0.462555,6663766.0,11444046.0,1291854.0,3529453.0,nan,nan,nan,2028270.0,221336.0,161836.0
bfs_stride_deg8_dist1_l2_ddr4_2x,bfs,stride,deg8_dist1,l2,ddr4_2x,0.019573,19573383024.0,30729211.0,58778928.0,0.522794,6595966.0,11367531.0,1286164.0,3529632.0,nan,nan,nan,2051507.0,225876.0,156277.0
bfs_stride_deg8_dist32_l1d_ddr4_1x,bfs,stride,deg8_dist32,l1d,ddr4_1x,0.025292,25292161854.0,30729211.0,75952438.0,0.404585,7012582.0,11442548.0,1586227.0,3790674.0,1199290.0,113441.0,234690.0,nan,nan,nan
bfs_stride_deg8_dist32_l1d_ddr4_2x,bfs,stride,deg8_dist32,l1d,ddr4_2x,0.022793,22793473377.0,30729211.0,68448869.0,0.448937,6903532.0,11365877.0,1583785.0,3788603.0,1218124.0,113656.0,232701.0,nan,nan,nan
bfs_stride_deg8_dist32_l2_ddr4_1x,bfs,stride,deg8_dist32,l2,ddr4_1x,0.025906,25906310757.0,30729211.0,77796729.0,0.394994,7334370.0,11459411.0,1387580.0,3528636.0,nan,nan,nan,984165.0,106013.0,94270.0
bfs_stride_deg8_dist32_l2_ddr4_2x,bfs,stride,deg8_dist32,l2,ddr4_2x,0.02323,23230190889.0,30729211.0,69760333.0,0.440497,7217107.0,11382280.0,1387693.0,3528837.0,nan,nan,nan,997024.0,106197.0,95166.0
bfs_stride_deg8_dist4_l1d_ddr4_1x,bfs,stride,deg8_dist4,l1d,ddr4_1x,0.022307,22307486517.0,30729211.0,66989449.0,0.458718,5507778.0,11441647.0,1674591.0,3872523.0,2370249.0,248298.0,307102.0,nan,nan,nan
bfs_stride_deg8_dist4_l1d_ddr4_2x,bfs,stride,deg8_dist4,l1d,ddr4_2x,0.019898,19898094654.0,30729211.0,59754038.0,0.514262,5413088.0,11355284.0,1673527.0,3880503.0,2414668.0,253142.0,307530.0,nan,nan,nan
bfs_stride_deg8_dist4_l2_ddr4_1x,bfs,stride,deg8_dist4,l2,ddr4_1x,0.02325,23249680047.0,30729211.0,69818859.0,0.440128,6786030.0,11450479.0,1325361.0,3522811.0,nan,nan,nan,1879472.0,191074.0,172461.0
bfs_stride_deg8_dist4_l2_ddr4_2x,bfs,stride,deg8_dist4,l2,ddr4_2x,0.020617,20617157538.0,30729211.0,61913386.0,0.496326,6733244.0,11372212.0,1318651.0,3529167.0,nan,nan,nan,1896961.0,196139.0,164080.0
bfs_stride_deg8_dist8_l1d_ddr4_1x,bfs,stride,deg8_dist8,l1d,ddr4_1x,0.022983,22982928732.0,30729211.0,69017804.0,0.445237,5839267.0,11444405.0,1674135.0,3891811.0,2190858.0,234232.0,318576.0,nan,nan,nan
bfs_stride_deg8_dist8_l1d_ddr4_2x,bfs,stride,deg8_dist8,l1d,ddr4_2x,0.020536,20536386057.0,30729211.0,61670829.0,0.498278,5719659.0,11357804.0,1670489.0,3889122.0,2218766.0,240744.0,315990.0,nan,nan,nan
bfs_stride_deg8_dist8_l2_ddr4_1x,bfs,stride,deg8_dist8,l2,ddr4_1x,0.023862,23861571210.0,30729211.0,71656370.0,0.428842,6907424.0,11458605.0,1340970.0,3522542.0,nan,nan,nan,1749377.0,174930.0,168846.0
bfs_stride_deg8_dist8_l2_ddr4_2x,bfs,stride,deg8_dist8,l2,ddr4_2x,0.021204,21203503938.0,30729211.0,63674186.0,0.482601,6847175.0,11378862.0,1336701.0,3529058.0,nan,nan,nan,1775568.0,178626.0,165347.0
matmult_stride_deg16_dist16_l1d_ddr4_1x,matmult,stride,deg16_dist16,l1d,ddr4_1x,0.001222,1221872571.0,7397871.0,3669287.0,2.016163,1156969.0,2137848.0,5406.0,1082963.0,28354.0,571.0,5473.0,nan,nan,nan
matmult_stride_deg16_dist16_l1d_ddr4_2x,matmult,stride,deg16_dist16,l1d,ddr4_2x,0.001223,1223072037.0,7397876.0,3672889.0,2.014187,1157236.0,2137633.0,5420.0,1082873.0,27337.0,547.0,5411.0,nan,nan,nan
matmult_stride_deg16_dist16_l2_ddr4_1x,matmult,stride,deg16_dist16,l2,ddr4_1x,0.001227,1226535570.0,7397871.0,3683290.0,2.008498,1159274.0,2138137.0,2390.0,1077717.0,nan,nan,nan,39946.0,3013.0,23.0
matmult_stride_deg16_dist16_l2_ddr4_2x,matmult,stride,deg16_dist16,l2,ddr4_2x,0.001224,1224248526.0,7397871.0,3676422.0,2.01225,1160213.0,2138712.0,2375.0,1077881.0,nan,nan,nan,39946.0,3013.0,23.0
matmult_stride_deg16_dist1_l1d_ddr4_1x,matmult,stride,deg16_dist1,l1d,ddr4_1x,0.001199,1198729737.0,7397871.0,3599789.0,2.055087,1144560.0,2138467.0,5471.0,1079992.0,16594.0,3806.0,2328.0,nan,nan,nan
matmult_stride_deg16_dist1_l1d_ddr4_2x,matmult,stride,deg16_dist1,l1d,ddr4_2x,0.001201,1201419711.0,7397871.0,3607867.0,2.050486,1146071.0,2138461.0,5430.0,1079982.0,15634.0,3477.0,2385.0,nan,nan,nan
matmult_stride_deg16_dist1_l2_ddr4_1x,matmult,stride,deg16_dist1,l2,ddr4_1x,0.001194,1194032106.0,7397876.0,3585682.0,2.063174,1160002.0,2138498.0,1496.0,1077910.0,nan,nan,nan,55891.0,3967.0,5.0
matmult_stride_deg16_dist1_l2_ddr4_2x,matmult,stride,deg16_dist1,l2,ddr4_2x,0.001195,1194560910.0,7397876.0,3587270.0,2.06226,1159029.0,2138559.0,1486.0,1077558.0,nan,nan,nan,55790.0,3958.0,9.0
matmult_stride_deg16_dist32_l1d_ddr4_1x,matmult,stride,deg16_dist32,l1d,ddr4_1x,0.001257,1257272802.0,7397871.0,3775594.0,1.959395,1159307.0,2138461.0,5412.0,1083277.0,31821.0,66.0,5850.0,nan,nan,nan
matmult_stride_deg16_dist32_l1d_ddr4_2x,matmult,stride,deg16_dist32,l1d,ddr4_2x,0.001249,1248945471.0,7397871.0,3750587.0,1.972459,1159209.0,2139208.0,5343.0,1083882.0,32542.0,60.0,5865.0,nan,nan,nan
matmult_stride_deg16_dist32_l2_ddr4_1x,matmult,stride,deg16_dist32,l2,ddr4_1x,0.00126,1260374031.0,7397871.0,3784907.0,1.954574,1160062.0,2138872.0,3445.0,1077947.0,nan,nan,nan,23584.0,1984.0,23.0
matmult_stride_deg16_dist32_l2_ddr4_2x,matmult,stride,deg16_dist32,l2,ddr4_2x,0.001249,1249161588.0,7397871.0,3751236.0,1.972118,1159930.0,2138863.0,3396.0,1077880.0,nan,nan,nan,23584.0,1984.0,22.0
matmult_stride_deg16_dist4_l1d_ddr4_1x,matmult,stride,deg16_dist4,l1d,ddr4_1x,0.001211,1210628493.0,7397876.0,3635521.0,2.03489,1148165.0,2138839.0,5406.0,1080814.0,17892.0,2938.0,2914.0,nan,nan,nan
matmult_stride_deg16_dist4_l1d_ddr4_2x,matmult,stride,deg16_dist4,l1d,ddr4_2x,0.001207,1206892899.0,7397876.0,3624303.0,2.041188,1147506.0,2139119.0,5411.0,1081065.0,19010.0,3127.0,2909.0,nan,nan,nan
matmult_stride_deg16_dist4_l2_ddr4_1x,matmult,stride,deg16_dist4,l2,ddr4_1x,0.001207,1206619506.0,7397871.0,3623482.0,2.041649,1158367.0,2138336.0,1622.0,1077147.0,nan,nan,nan,52206.0,3789.0,2.0
matmult_stride_deg16_dist4_l2_ddr4_2x,matmult,stride,deg16_dist4,l2,ddr4_2x,0.001205,1204718409.0,7397876.0,3617773.0,2.044873,1158501.0,2138177.0,1615.0,1077113.0,nan,nan,nan,52206.0,3789.0,7.0
matmult_stride_deg16_dist8_l1d_ddr4_1x,matmult,stride,deg16_dist8,l1d,ddr4_1x,0.001211,1210875246.0,7397876.0,3636262.0,2.034475,1148778.0,2137722.0,5418.0,1080494.0,17221.0,2435.0,3415.0,nan,nan,nan
matmult_stride_deg16_dist8_l1d_ddr4_2x,matmult,stride,deg16_dist8,l1d,ddr4_2x,0.001211,1211360094.0,7397876.0,3637718.0,2.033661,1147843.0,2137484.0,5400.0,1080751.0,21133.0,2643.0,4055.0,nan,nan,nan
matmult_stride_deg16_dist8_l2_ddr4_1x,matmult,stride,deg16_dist8,l2,ddr4_1x,0.001212,1212083037.0,7397876.0,3639889.0,2.032448,1160307.0,2139134.0,1911.0,1078194.0,nan,nan,nan,48114.0,3528.0,8.0
matmult_stride_deg16_dist8_l2_ddr4_2x,matmult,stride,deg16_dist8,l2,ddr4_2x,0.001218,1217890890.0,7397871.0,3657330.0,2.022754,1157983.0,2137810.0,1856.0,1076587.0,nan,nan,nan,48114.0,3527.0,3.0
matmult_stride_deg1_dist16_l1d_ddr4_1x,matmult,stride,deg1_dist16,l1d,ddr4_1x,0.001222,1222259850.0,7397871.0,3670450.0,2.015524,1154198.0,2138412.0,5391.0,1080510.0,4718.0,1451.0,2986.0,nan,nan,nan
matmult_stride_deg1_dist16_l1d_ddr4_2x,matmult,stride,deg1_dist16,l1d,ddr4_2x,0.001232,1232477289.0,7397876.0,3701133.0,1.998816,1151409.0,2135713.0,5316.0,1078536.0,4422.0,1503.0,2660.0,nan,nan,nan
matmult_stride_deg1_dist16_l2_ddr4_1x,matmult,stride,deg1_dist16,l2,ddr4_1x,0.001226,1225968804.0,7397876.0,3681588.0,2.009428,1159262.0,2137701.0,2414.0,1076862.0,nan,nan,nan,3005.0,2998.0,14.0
matmult_stride_deg1_dist16_l2_ddr4_2x,matmult,stride,deg1_dist16,l2,ddr4_2x,0.001225,1224619488.0,7397871.0,3677536.0,2.01164,1158136.0,2137557.0,2375.0,1077070.0,nan,nan,nan,3005.0,2999.0,14.0
matmult_stride_deg1_dist1_l1d_ddr4_1x,matmult,stride,deg1_dist1,l1d,ddr4_1x,0.001236,1235512251.0,7397871.0,3710247.0,1.993905,1156323.0,2138855.0,5441.0,1081287.0,20327.0,2414.0,3112.0,nan,nan,nan
matmult_stride_deg1_dist1_l1d_ddr4_2x,matmult,stride,deg1_dist1,l1d,ddr4_2x,0.001247,1247313771.0,7397876.0,3745687.0,1.975041,1153216.0,2138119.0,5338.0,1080810.0,21825.0,2912.0,3273.0,nan,nan,nan
matmult_stride_deg1_dist1_l2_ddr4_1x,matmult,stride,deg1_dist1,l2,ddr4_1x,0.001212,1211824962.0,7397871.0,3639114.0,2.032879,1159624.0,2139158.0,3128.0,1078017.0,nan,nan,nan,4425.0,2323.0,2.0
matmult_stride_deg1_dist1_l2_ddr4_2x,matmult,stride,deg1_dist1,l2,ddr4_2x,0.001222,1221810966.0,7397871.0,3669102.0,2.016264,1161342.0,2139718.0,2908.0,1078290.0,nan,nan,nan,4324.0,2452.0,2.0
matmult_stride_deg1_dist32_l1d_ddr4_1x,matmult,stride,deg1_dist32,l1d,ddr4_1x,0.001246,1246134285.0,7397871.0,3742145.0,1.976909,1158360.0,2138964.0,5387.0,1081208.0,4202.0,58.0,3765.0,nan,nan,nan
matmult_stride_deg1_dist32_l1d_ddr4_2x,matmult,stride,deg1_dist32,l1d,ddr4_2x,0.001263,1262517885.0,7397876.0,3791345.0,1.951256,1154612.0,2131936.0,5266.0,1078205.0,4386.0,92.0,3904.0,nan,nan,nan
matmult_stride_deg1_dist32_l2_ddr4_1x,matmult,stride,deg1_dist32,l2,ddr4_1x,0.00125,1249803279.0,7397871.0,3753163.0,1.971105,1160162.0,2138658.0,3470.0,1078043.0,nan,nan,nan,1984.0,1984.0,23.0
matmult_stride_deg1_dist32_l2_ddr4_2x,matmult,stride,deg1_dist32,l2,ddr4_2x,0.001255,1254995748.0,7397871.0,3768756.0,1.96295,1160278.0,2139817.0,3386.0,1078434.0,nan,nan,nan,1984.0,1984.0,23.0
matmult_stride_deg1_dist4_l1d_ddr4_1x,matmult,stride,deg1_dist4,l1d,ddr4_1x,0.001221,1220846265.0,7397876.0,3666205.0,2.017859,1153667.0,2139239.0,5448.0,1078943.0,5354.0,2284.0,744.0,nan,nan,nan
matmult_stride_deg1_dist4_l1d_ddr4_2x,matmult,stride,deg1_dist4,l1d,ddr4_2x,0.001225,1225333773.0,7397871.0,3679681.0,2.010468,1152786.0,2136552.0,5350.0,1076861.0,5576.0,2225.0,769.0,nan,nan,nan
matmult_stride_deg1_dist4_l2_ddr4_1x,matmult,stride,deg1_dist4,l2,ddr4_1x,0.001212,1211842944.0,7397885.0,3639168.0,2.032853,1157470.0,2136655.0,2254.0,1076290.0,nan,nan,nan,3773.0,3150.0,5.0
matmult_stride_deg1_dist4_l2_ddr4_2x,matmult,stride,deg1_dist4,l2,ddr4_2x,0.001219,1219196916.0,7397876.0,3661252.0,2.020589,1160400.0,2139809.0,2282.0,1077976.0,nan,nan,nan,3773.0,3069.0,5.0
matmult_stride_deg1_dist8_l1d_ddr4_1x,matmult,stride,deg1_dist8,l1d,ddr4_1x,0.001211,1211433354.0,7397871.0,3637938.0,2.033537,1153598.0,2138262.0,5438.0,1079143.0,5441.0,2262.0,1093.0,nan,nan,nan
matmult_stride_deg1_dist8_l1d_ddr4_2x,matmult,stride,deg1_dist8,l1d,ddr4_2x,0.00122,1220436342.0,7397876.0,3664974.0,2.018537,1153219.0,2139730.0,5357.0,1079089.0,5383.0,2449.0,1072.0,nan,nan,nan
matmult_stride_deg1_dist8_l2_ddr4_1x,matmult,stride,deg1_dist8,l2,ddr4_1x,0.001206,1205842284.0,7397871.0,3621148.0,2.042965,1159172.0,2138505.0,1952.0,1077851.0,nan,nan,nan,3517.0,3486.0,9.0
matmult_stride_deg1_dist8_l2_ddr4_2x,matmult,stride,deg1_dist8,l2,ddr4_2x,0.001219,1218844269.0,7397871.0,3660193.0,2.021172,1161361.0,2139903.0,1857.0,1078170.0,nan,nan,nan,3517.0,3510.0,9.0
matmult_stride_deg32_dist16_l1d_ddr4_1x,matmult,stride,deg32_dist16,l1d,ddr4_1x,0.00124,1240399026.0,7397876.0,3724922.0,1.986051,1158483.0,2138891.0,5324.0,1085717.0,37855.0,501.0,8073.0,nan,nan,nan
matmult_stride_deg32_dist16_l1d_ddr4_2x,matmult,stride,deg32_dist16,l1d,ddr4_2x,0.001248,1248462288.0,7397871.0,3749136.0,1.973223,1155242.0,2135648.0,5323.0,1083858.0,38522.0,523.0,7738.0,nan,nan,nan
matmult_stride_deg32_dist16_l2_ddr4_1x,matmult,stride,deg32_dist16,l2,ddr4_1x,0.001225,1225104336.0,7397871.0,3678992.0,2.010844,1159564.0,2138405.0,2434.0,1077183.0,nan,nan,nan,61258.0,3013.0,16.0
matmult_stride_deg32_dist16_l2_ddr4_2x,matmult,stride,deg32_dist16,l2,ddr4_2x,0.001221,1221496614.0,7397876.0,3668158.0,2.016785,1159119.0,2138468.0,2415.0,1077349.0,nan,nan,nan,62250.0,3012.0,16.0
matmult_stride_deg32_dist1_l1d_ddr4_1x,matmult,stride,deg32_dist1,l1d,ddr4_1x,0.001226,1225544229.0,7397876.0,3680313.0,2.010124,1149959.0,2135598.0,5291.0,1079981.0,15828.0,2525.0,3636.0,nan,nan,nan
matmult_stride_deg32_dist1_l1d_ddr4_2x,matmult,stride,deg32_dist1,l1d,ddr4_2x,0.001234,1233723042.0,7397876.0,3704874.0,1.996798,1148217.0,2137458.0,5306.0,1080880.0,22136.0,3304.0,3855.0,nan,nan,nan
matmult_stride_deg32_dist1_l2_ddr4_1x,matmult,stride,deg32_dist1,l2,ddr4_1x,0.001194,1194045426.0,7397876.0,3585722.0,2.063151,1158750.0,2138313.0,1517.0,1077590.0,nan,nan,nan,93633.0,3963.0,10.0
matmult_stride_deg32_dist1_l2_ddr4_2x,matmult,stride,deg32_dist1,l2,ddr4_2x,0.001194,1194269535.0,7397876.0,3586395.0,2.062764,1157637.0,2137831.0,1479.0,1076666.0,nan,nan,nan,94102.0,3958.0,10.0
matmult_stride_deg32_dist32_l1d_ddr4_1x,matmult,stride,deg32_dist32,l1d,ddr4_1x,0.001255,1254844899.0,7397871.0,3768303.0,1.963186,1159755.0,2139206.0,5371.0,1085030.0,34935.0,132.0,6525.0,nan,nan,nan
matmult_stride_deg32_dist32_l1d_ddr4_2x,matmult,stride,deg32_dist32,l1d,ddr4_2x,0.001262,1261656414.0,7397876.0,3788758.0,1.952588,1159418.0,2138947.0,5303.0,1084487.0,34871.0,132.0,6582.0,nan,nan,nan
matmult_stride_deg32_dist32_l2_ddr4_1x,matmult,stride,deg32_dist32,l2,ddr4_1x,0.001248,1247796621.0,7397885.0,3747137.0,1.974279,1159803.0,2139014.0,3404.0,1078070.0,nan,nan,nan,29824.0,1979.0,16.0
matmult_stride_deg32_dist32_l2_ddr4_2x,matmult,stride,deg32_dist32,l2,ddr4_2x,0.001259,1259142264.0,7397871.0,3781208.0,1.956486,1159106.0,2136285.0,3350.0,1077046.0,nan,nan,nan,29859.0,1976.0,18.0
matmult_stride_deg32_dist4_l1d_ddr4_1x,matmult,stride,deg32_dist4,l1d,ddr4_1x,0.001238,1238122305.0,7397871.0,3718085.0,1.989702,1149201.0,2138136.0,5303.0,1080942.0,19861.0,2288.0,3601.0,nan,nan,nan
matmult_stride_deg32_dist4_l1d_ddr4_2x,matmult,stride,deg32_dist4,l1d,ddr4_2x,0.001236,1236258171.0,7397871.0,3712487.0,1.992702,1148616.0,2135686.0,5298.0,1079831.0,21166.0,2359.0,3990.0,nan,nan,nan
matmult_stride_deg32_dist4_l2_ddr4_1x,matmult,stride,deg32_dist4,l2,ddr4_1x,0.001201,1200883581.0,7397876.0,3606257.0,2.051403,1160127.0,2138241.0,1692.0,1077624.0,nan,nan,nan,85798.0,3791.0,13.0
matmult_stride_deg32_dist4_l2_ddr4_2x,matmult,stride,deg32_dist4,l2,ddr4_2x,0.0012,1200114684.0,7397876.0,3603948.0,2.052717,1158665.0,2138337.0,1650.0,1077720.0,nan,nan,nan,86886.0,3791.0,13.0
matmult_stride_deg32_dist8_l1d_ddr4_1x,matmult,stride,deg32_dist8,l1d,ddr4_1x,0.001235,1235446983.0,7397871.0,3710051.0,1.99401,1149514.0,2136360.0,5305.0,1081492.0,20993.0,2310.0,4768.0,nan,nan,nan
matmult_stride_deg32_dist8_l1d_ddr4_2x,matmult,stride,deg32_dist8,l1d,ddr4_2x,0.001232,1232489277.0,7397885.0,3701169.0,1.998799,1151204.0,2134894.0,5336.0,1080859.0,19976.0,1857.0,5092.0,nan,nan,nan
matmult_stride_deg32_dist8_l2_ddr4_1x,matmult,stride,deg32_dist8,l2,ddr4_1x,0.001207,1207076049.0,7397876.0,3624853.0,2.040879,1158918.0,2138063.0,1943.0,1077081.0,nan,nan,nan,77618.0,3533.0,16.0
matmult_stride_deg32_dist8_l2_ddr4_2x,matmult,stride,deg32_dist8,l2,ddr4_2x,0.001207,1207128330.0,7397876.0,3625010.0,2.04079,1159701.0,2138928.0,1916.0,1077853.0,nan,nan,nan,78578.0,3533.0,16.0
matmult_stride_deg4_dist16_l1d_ddr4_1x,matmult,stride,deg4_dist16,l1d,ddr4_1x,0.001223,1222589853.0,7397871.0,3671441.0,2.01498,1154696.0,2138112.0,5386.0,1080835.0,9751.0,1217.0,3639.0,nan,nan,nan
matmult_stride_deg4_dist16_l1d_ddr4_2x,matmult,stride,deg4_dist16,l1d,ddr4_2x,0.001232,1231892874.0,7397876.0,3699378.0,1.999765,1154378.0,2138388.0,5334.0,1080675.0,9774.0,1476.0,3113.0,nan,nan,nan
matmult_stride_deg4_dist16_l2_ddr4_1x,matmult,stride,deg4_dist16,l2,ddr4_1x,0.001225,1224908199.0,7397871.0,3678403.0,2.011166,1159780.0,2138597.0,2400.0,1077628.0,nan,nan,nan,11634.0,3000.0,14.0
matmult_stride_deg4_dist16_l2_ddr4_2x,matmult,stride,deg4_dist16,l2,ddr4_2x,0.001232,1232257842.0,7397871.0,3700474.0,1.999171,1160362.0,2140883.0,2347.0,1078757.0,nan,nan,nan,11634.0,2999.0,13.0
matmult_stride_deg4_dist1_l1d_ddr4_1x,matmult,stride,deg4_dist1,l1d,ddr4_1x,0.001213,1213140312.0,7397885.0,3643064.0,2.030679,1152853.0,2138895.0,5468.0,1080862.0,16144.0,3291.0,3061.0,nan,nan,nan
matmult_stride_deg4_dist1_l1d_ddr4_2x,matmult,stride,deg4_dist1,l1d,ddr4_2x,0.001227,1226515257.0,7397871.0,3683229.0,2.008531,1150480.0,2138103.0,5350.0,1080667.0,18620.0,3138.0,3630.0,nan,nan,nan
matmult_stride_deg4_dist1_l2_ddr4_1x,matmult,stride,deg4_dist1,l2,ddr4_1x,0.001194,1193680791.0,7397871.0,3584627.0,2.06378,1158217.0,2138432.0,2012.0,1077321.0,nan,nan,nan,16110.0,3417.0,5.0
matmult_stride_deg4_dist1_l2_ddr4_2x,matmult,stride,deg4_dist1,l2,ddr4_2x,0.001213,1213310142.0,7397876.0,3643574.0,2.030392,1160619.0,2139158.0,2108.0,1077997.0,nan,nan,nan,15913.0,3251.0,5.0
matmult_stride_deg4_dist32_l1d_ddr4_1x,matmult,stride,deg4_dist32,l1d,ddr4_1x,0.001247,1246980771.0,7397876.0,3744687.0,1.975568,1160674.0,2138713.0,5375.0,1082207.0,12033.0,59.0,4399.0,nan,nan,nan
matmult_stride_deg4_dist32_l1d_ddr4_2x,matmult,stride,deg4_dist32,l1d,ddr4_2x,0.001261,1261239165.0,7397876.0,3787505.0,1.953234,1159032.0,2135988.0,5264.0,1081125.0,11950.0,60.0,4433.0,nan,nan,nan
matmult_stride_deg4_dist32_l2_ddr4_1x,matmult,stride,deg4_dist32,l2,ddr4_1x,0.001257,1257000075.0,7397871.0,3774775.0,1.95982,1161088.0,2139434.0,3429.0,1078408.0,nan,nan,nan,7552.0,1984.0,23.0
matmult_stride_deg4_dist32_l2_ddr4_2x,matmult,stride,deg4_dist32,l2,ddr4_2x,0.001262,1262421315.0,7397885.0,3791055.0,1.951408,1161201.0,2140252.0,3386.0,1078643.0,nan,nan,nan,7552.0,1984.0,23.0
matmult_stride_deg4_dist4_l1d_ddr4_1x,matmult,stride,deg4_dist4,l1d,ddr4_1x,0.001211,1211450337.0,7397876.0,3637989.0,2.033509,1152237.0,2138125.0,5443.0,1078383.0,10273.0,2416.0,1071.0,nan,nan,nan
matmult_stride_deg4_dist4_l1d_ddr4_2x,matmult,stride,deg4_dist4,l1d,ddr4_2x,0.001219,1218827619.0,7397876.0,3660143.0,2.021201,1152028.0,2138900.0,5368.0,1078435.0,10122.0,2491.0,1102.0,nan,nan,nan
matmult_stride_deg4_dist4_l2_ddr4_1x,matmult,stride,deg4_dist4,l2,ddr4_1x,0.001199,1199176623.0,7397871.0,3601131.0,2.054321,1158204.0,2137984.0,1881.0,1077154.0,nan,nan,nan,14708.0,3547.0,8.0
matmult_stride_deg4_dist4_l2_ddr4_2x,matmult,stride,deg4_dist4,l2,ddr4_2x,0.001217,1216543239.0,7397876.0,3653283.0,2.024996,1161436.0,2140241.0,1604.0,1078448.0,nan,nan,nan,14708.0,3757.0,8.0
matmult_stride_deg4_dist8_l1d_ddr4_1x,matmult,stride,deg4_dist8,l1d,ddr4_1x,0.001213,1213343442.0,7397876.0,3643674.0,2.030337,1151648.0,2138829.0,5426.0,1079165.0,10949.0,2499.0,1362.0,nan,nan,nan
matmult_stride_deg4_dist8_l1d_ddr4_2x,matmult,stride,deg4_dist8,l1d,ddr4_2x,0.001225,1224610497.0,7397876.0,3677509.0,2.011657,1151181.0,2139357.0,5354.0,1079400.0,11365.0,2672.0,1389.0,nan,nan,nan
matmult_stride_deg4_dist8_l2_ddr4_1x,matmult,stride,deg4_dist8,l2,ddr4_1x,0.001212,1212382071.0,7397876.0,3640787.0,2.031947,1160879.0,2139403.0,1931.0,1078220.0,nan,nan,nan,13684.0,3491.0,12.0
matmult_stride_deg4_dist8_l2_ddr4_2x,matmult,stride,deg4_dist8,l2,ddr4_2x,0.001222,1222065045.0,7397876.0,3669865.0,2.015847,1160834.0,2139047.0,1854.0,1078010.0,nan,nan,nan,13684.0,3518.0,12.0
matmult_stride_deg8_dist16_l1d_ddr4_1x,matmult,stride,deg8_dist16,l1d,ddr4_1x,0.00123,1230195240.0,7397876.0,3694280.0,2.002524,1156105.0,2137947.0,5370.0,1081791.0,17217.0,676.0,4534.0,nan,nan,nan
matmult_stride_deg8_dist16_l1d_ddr4_2x,matmult,stride,deg8_dist16,l1d,ddr4_2x,0.001254,1253608470.0,7397871.0,3764590.0,1.965122,1154920.0,2136978.0,5296.0,1080746.0,16248.0,992.0,4022.0,nan,nan,nan
matmult_stride_deg8_dist16_l2_ddr4_1x,matmult,stride,deg8_dist16,l2,ddr4_1x,0.001231,1230504597.0,7397871.0,3695209.0,2.002019,1158608.0,2138271.0,2400.0,1076928.0,nan,nan,nan,22250.0,3005.0,18.0
matmult_stride_deg8_dist16_l2_ddr4_2x,matmult,stride,deg8_dist16,l2,ddr4_2x,0.001228,1228451319.0,7397871.0,3689043.0,2.005366,1158688.0,2137643.0,2343.0,1077307.0,nan,nan,nan,22250.0,3012.0,22.0
matmult_stride_deg8_dist1_l1d_ddr4_1x,matmult,stride,deg8_dist1,l1d,ddr4_1x,0.00121,1210453668.0,7397871.0,3634996.0,2.035182,1151872.0,2138839.0,5435.0,1081099.0,16033.0,2895.0,3178.0,nan,nan,nan
matmult_stride_deg8_dist1_l1d_ddr4_2x,matmult,stride,deg8_dist1,l1d,ddr4_2x,0.001219,1218740706.0,7397871.0,3659882.0,2.021344,1150616.0,2139758.0,5382.0,1081488.0,17707.0,3188.0,3342.0,nan,nan,nan
matmult_stride_deg8_dist1_l2_ddr4_1x,matmult,stride,deg8_dist1,l2,ddr4_1x,0.001197,1196543925.0,7397871.0,3593225.0,2.058841,1159169.0,2138943.0,1514.0,1077880.0,nan,nan,nan,30519.0,3929.0,9.0
matmult_stride_deg8_dist1_l2_ddr4_2x,matmult,stride,deg8_dist1,l2,ddr4_2x,0.001212,1212042411.0,7397871.0,3639767.0,2.032515,1160001.0,2139391.0,1482.0,1078318.0,nan,nan,nan,30473.0,3897.0,9.0
matmult_stride_deg8_dist32_l1d_ddr4_1x,matmult,stride,deg8_dist32,l1d,ddr4_1x,0.001247,1247106978.0,7397871.0,3745066.0,1.975367,1160780.0,2139305.0,5369.0,1083217.0,20396.0,60.0,4986.0,nan,nan,nan
matmult_stride_deg8_dist32_l1d_ddr4_2x,matmult,stride,deg8_dist32,l1d,ddr4_2x,0.001267,1267371693.0,7397876.0,3805921.0,1.943783,1158189.0,2135451.0,5263.0,1081356.0,20689.0,124.0,4923.0,nan,nan,nan
matmult_stride_deg8_dist32_l2_ddr4_1x,matmult,stride,deg8_dist32,l2,ddr4_1x,0.001257,1256990418.0,7397876.0,3774746.0,1.959837,1158495.0,2137283.0,3427.0,1076411.0,nan,nan,nan,14080.0,1984.0,23.0
matmult_stride_deg8_dist32_l2_ddr4_2x,matmult,stride,deg8_dist32,l2,ddr4_2x,0.001262,1262243826.0,7397885.0,3790522.0,1.951682,1161212.0,2140029.0,3371.0,1078643.0,nan,nan,nan,14080.0,1984.0,23.0
matmult_stride_deg8_dist4_l1d_ddr4_1x,matmult,stride,deg8_dist4,l1d,ddr4_1x,0.001216,1215807975.0,7397871.0,3651075.0,2.02622,1152318.0,2137845.0,5410.0,1078695.0,15784.0,2470.0,1418.0,nan,nan,nan
matmult_stride_deg8_dist4_l1d_ddr4_2x,matmult,stride,deg8_dist4,l1d,ddr4_2x,0.00122,1219974471.0,7397871.0,3663587.0,2.0193,1149712.0,2137474.0,5365.0,1078677.0,19032.0,2875.0,1430.0,nan,nan,nan
matmult_stride_deg8_dist4_l2_ddr4_1x,matmult,stride,deg8_dist4,l2,ddr4_1x,0.001211,1211118003.0,7397871.0,3636991.0,2.034066,1159037.0,2140215.0,1644.0,1078294.0,nan,nan,nan,28392.0,3731.0,12.0
matmult_stride_deg8_dist4_l2_ddr4_2x,matmult,stride,deg8_dist4,l2,ddr4_2x,0.001219,1218505941.0,7397876.0,3659177.0,2.021735,1157709.0,2137550.0,1588.0,1076787.0,nan,nan,nan,28392.0,3759.0,12.0
matmult_stride_deg8_dist8_l1d_ddr4_1x,matmult,stride,deg8_dist8,l1d,ddr4_1x,0.00121,1210059063.0,7397885.0,3633811.0,2.03585,1146934.0,2138492.0,5400.0,1079616.0,14314.0,2985.0,1929.0,nan,nan,nan
matmult_stride_deg8_dist8_l1d_ddr4_2x,matmult,stride,deg8_dist8,l1d,ddr4_2x,0.001228,1227818952.0,7397876.0,3687144.0,2.0064,1145114.0,2134949.0,5329.0,1077893.0,14079.0,2961.0,2229.0,nan,nan,nan
matmult_stride_deg8_dist8_l2_ddr4_1x,matmult,stride,deg8_dist8,l2,ddr4_1x,0.001219,1219129317.0,7397871.0,3661049.0,2.0207,1159912.0,2139037.0,1863.0,1077968.0,nan,nan,nan,26352.0,3523.0,15.0
matmult_stride_deg8_dist8_l2_ddr4_2x,matmult,stride,deg8_dist8,l2,ddr4_2x,0.00122,1220353425.0,7397871.0,3664725.0,2.018673,1159468.0,2138464.0,1831.0,1077750.0,nan,nan,nan,26344.0,3525.0,16.0
merge_stride_deg16_dist16_l1d_ddr4_1x,merge,stride,deg16_dist16,l1d,ddr4_1x,0.010296,10296035325.0,37919489.0,30919025.0,1.226414,378431.0,11012670.0,73465.0,215217.0,1271018.0,135341.0,7941.0,nan,nan,nan
merge_stride_deg16_dist16_l1d_ddr4_2x,merge,stride,deg16_dist16,l1d,ddr4_2x,0.010203,10203130656.0,37919492.0,30640032.0,1.237581,362084.0,11009542.0,73472.0,215244.0,1304945.0,137240.0,7955.0,nan,nan,nan
merge_stride_deg16_dist16_l2_ddr4_1x,merge,stride,deg16_dist16,l2,ddr4_1x,0.010649,10648605402.0,37919517.0,31977794.0,1.185809,958914.0,11136592.0,28847.0,200349.0,nan,nan,nan,391469.0,42296.0,521.0
merge_stride_deg16_dist16_l2_ddr4_2x,merge,stride,deg16_dist16,l2,ddr4_2x,0.010543,10543118661.0,37919455.0,31661017.0,1.197671,957288.0,11133499.0,28528.0,200218.0,nan,nan,nan,406521.0,42582.0,545.0
merge_stride_deg16_dist1_l1d_ddr4_1x,merge,stride,deg16_dist1,l1d,ddr4_1x,0.00982,9820087416.0,37918829.0,29489752.0,1.285832,197651.0,10931962.0,73098.0,212981.0,1272788.0,167054.0,6197.0,nan,nan,nan
merge_stride_deg16_dist1_l1d_ddr4_2x,merge,stride,deg16_dist1,l1d,ddr4_2x,0.009779,9778753125.0,37918829.0,29365625.0,1.291267,197378.0,10933908.0,73115.0,213019.0,1283874.0,166914.0,6227.0,nan,nan,nan
merge_stride_deg16_dist1_l2_ddr4_1x,merge,stride,deg16_dist1,l2,ddr4_1x,0.010276,10276162218.0,37919489.0,30859346.0,1.228786,919261.0,11102740.0,27396.0,201388.0,nan,nan,nan,430156.0,44790.0,228.0
merge_stride_deg16_dist1_l2_ddr4_2x,merge,stride,deg16_dist1,l2,ddr4_2x,0.010216,10215586854.0,37919461.0,30677438.0,1.236071,918014.0,11102575.0,25736.0,201496.0,nan,nan,nan,454804.0,46561.0,231.0
merge_stride_deg16_dist32_l1d_ddr4_1x,merge,stride,deg16_dist32,l1d,ddr4_1x,0.010732,10732223700.0,37919517.0,32228900.0,1.17657,631901.0,11098632.0,73456.0,223786.0,972723.0,90452.0,11174.0,nan,nan,nan
merge_stride_deg16_dist32_l1d_ddr4_2x,merge,stride,deg16_dist32,l1d,ddr4_2x,0.01062,10620453915.0,37919464.0,31893255.0,1.188951,626243.0,11092106.0,73473.0,223814.0,986503.0,90461.0,11202.0,nan,nan,nan
merge_stride_deg16_dist32_l2_ddr4_1x,merge,stride,deg16_dist32,l2,ddr4_1x,0.01101,11009914398.0,37919467.0,33062806.0,1.146893,991154.0,11169265.0,44297.0,201453.0,nan,nan,nan,252426.0,27937.0,265.0
merge_stride_deg16_dist32_l2_ddr4_2x,merge,stride,deg16_dist32,l2,ddr4_2x,0.010913,10913325750.0,37919511.0,32772750.0,1.157045,993005.0,11163143.0,44259.0,201409.0,nan,nan,nan,266764.0,27937.0,265.0
merge_stride_deg16_dist4_l1d_ddr4_1x,merge,stride,deg16_dist4,l1d,ddr4_1x,0.009925,9924674724.0,37918829.0,29803828.0,1.272282,230842.0,10950281.0,73178.0,213410.0,1304612.0,161883.0,6566.0,nan,nan,nan
merge_stride_deg16_dist4_l1d_ddr4_2x,merge,stride,deg16_dist4,l1d,ddr4_2x,0.009879,9878698413.0,37918829.0,29665761.0,1.278203,219573.0,10949879.0,73191.0,213415.0,1321392.0,163353.0,6570.0,nan,nan,nan
merge_stride_deg16_dist4_l2_ddr4_1x,merge,stride,deg16_dist4,l2,ddr4_1x,0.010354,10354316652.0,37919464.0,31094044.0,1.21951,927621.0,11110074.0,26737.0,201118.0,nan,nan,nan,410277.0,45181.0,324.0
merge_stride_deg16_dist4_l2_ddr4_2x,merge,stride,deg16_dist4,l2,ddr4_2x,0.010307,10307378637.0,37919489.0,30953089.0,1.225065,926671.0,11109823.0,24869.0,201120.0,nan,nan,nan,432936.0,47054.0,382.0
merge_stride_deg16_dist8_l1d_ddr4_1x,merge,stride,deg16_dist8,l1d,ddr4_1x,0.010063,10062878049.0,37919508.0,30218853.0,1.254831,288421.0,10974297.0,73288.0,215109.0,1292058.0,152990.0,7600.0,nan,nan,nan
merge_stride_deg16_dist8_l1d_ddr4_2x,merge,stride,deg16_dist8,l1d,ddr4_2x,0.009997,9996826833.0,37918820.0,30020501.0,1.263099,275848.0,10972708.0,73414.0,216498.0,1322909.0,154846.0,8871.0,nan,nan,nan
merge_stride_deg16_dist8_l2_ddr4_1x,merge,stride,deg16_dist8,l2,ddr4_1x,0.010459,10459386810.0,37919489.0,31409570.0,1.20726,940057.0,11119250.0,25593.0,200839.0,nan,nan,nan,395936.0,46044.0,364.0
merge_stride_deg16_dist8_l2_ddr4_2x,merge,stride,deg16_dist8,l2,ddr4_2x,0.010388,10388335599.0,37919508.0,31196203.0,1.215518,937932.0,11118074.0,24399.0,200712.0,nan,nan,nan,423074.0,47216.0,418.0
merge_stride_deg1_dist16_l1d_ddr4_1x,merge,stride,deg1_dist16,l1d,ddr4_1x,0.010368,10368443844.0,37919489.0,31136468.0,1.217849,413444.0,11015738.0,72625.0,205394.0,146225.0,120207.0,2375.0,nan,nan,nan
merge_stride_deg1_dist16_l1d_ddr4_2x,merge,stride,deg1_dist16,l1d,ddr4_2x,0.010326,10326258738.0,37919548.0,31009786.0,1.222827,386771.0,11012765.0,72639.0,205402.0,146178.0,124681.0,2375.0,nan,nan,nan
merge_stride_deg1_dist16_l2_ddr4_1x,merge,stride,deg1_dist16,l2,ddr4_1x,0.010771,10770795423.0,37919517.0,32344731.0,1.172357,989353.0,11136996.0,36190.0,201029.0,nan,nan,nan,36288.0,35438.0,56.0
merge_stride_deg1_dist16_l2_ddr4_2x,merge,stride,deg1_dist16,l2,ddr4_2x,0.010725,10725184080.0,37919464.0,32207760.0,1.177341,990040.0,11134278.0,35872.0,201084.0,nan,nan,nan,36337.0,35814.0,64.0
merge_stride_deg1_dist1_l1d_ddr4_1x,merge,stride,deg1_dist1,l1d,ddr4_1x,0.010088,10088128773.0,37919536.0,30294681.0,1.251691,577909.0,10935440.0,72211.0,202859.0,166409.0,92222.0,487.0,nan,nan,nan
merge_stride_deg1_dist1_l1d_ddr4_2x,merge,stride,deg1_dist1,l1d,ddr4_2x,0.010097,10096919640.0,37919511.0,30321080.0,1.2506,574876.0,10934736.0,72219.0,202869.0,165659.0,92491.0,488.0,nan,nan,nan
merge_stride_deg1_dist1_l2_ddr4_1x,merge,stride,deg1_dist1,l2,ddr4_1x,0.010492,10492451712.0,37919461.0,31508864.0,1.203455,984344.0,11105056.0,47079.0,201542.0,nan,nan,nan,48578.0,25067.0,15.0
merge_stride_deg1_dist1_l2_ddr4_2x,merge,stride,deg1_dist1,l2,ddr4_2x,0.010506,10505694123.0,37919517.0,31548631.0,1.20194,974068.0,11104957.0,46643.0,201551.0,nan,nan,nan,48577.0,25513.0,15.0
merge_stride_deg1_dist32_l1d_ddr4_1x,merge,stride,deg1_dist32,l1d,ddr4_1x,0.010714,10714476798.0,37919536.0,32175606.0,1.178519,607899.0,11093477.0,72834.0,209274.0,115203.0,87009.0,4226.0,nan,nan,nan
merge_stride_deg1_dist32_l1d_ddr4_2x,merge,stride,deg1_dist32,l1d,ddr4_2x,0.010593,10593067995.0,37919492.0,31811015.0,1.192025,602890.0,11087005.0,72836.0,209275.0,115165.0,87036.0,4226.0,nan,nan,nan
merge_stride_deg1_dist32_l2_ddr4_1x,merge,stride,deg1_dist32,l2,ddr4_1x,0.011092,11091903993.0,37919532.0,33309021.0,1.138418,1003061.0,11169221.0,48071.0,201543.0,nan,nan,nan,24190.0,24079.0,84.0
merge_stride_deg1_dist32_l2_ddr4_2x,merge,stride,deg1_dist32,l2,ddr4_2x,0.010998,10997777214.0,37919564.0,33026358.0,1.148162,1008556.0,11163051.0,48078.0,201551.0,nan,nan,nan,24190.0,24079.0,84.0
merge_stride_deg1_dist4_l1d_ddr4_1x,merge,stride,deg1_dist4,l1d,ddr4_1x,0.01012,10119875661.0,37919511.0,30390017.0,1.247763,493367.0,10951123.0,72304.0,203466.0,163927.0,102006.0,840.0,nan,nan,nan
merge_stride_deg1_dist4_l1d_ddr4_2x,merge,stride,deg1_dist4,l1d,ddr4_2x,0.010113,10113134076.0,37919486.0,30369772.0,1.248594,480800.0,10950862.0,72307.0,203466.0,163858.0,103720.0,839.0,nan,nan,nan
merge_stride_deg1_dist4_l2_ddr4_1x,merge,stride,deg1_dist4,l2,ddr4_1x,0.010525,10525259538.0,37919464.0,31607386.0,1.199704,981247.0,11111544.0,45161.0,201545.0,nan,nan,nan,46219.0,26990.0,23.0
merge_stride_deg1_dist4_l2_ddr4_2x,merge,stride,deg1_dist4,l2,ddr4_2x,0.010532,10532158632.0,37919489.0,31628104.0,1.198919,974062.0,11111322.0,43766.0,201548.0,nan,nan,nan,46219.0,28389.0,23.0
merge_stride_deg1_dist8_l1d_ddr4_1x,merge,stride,deg1_dist8,l1d,ddr4_1x,0.010195,10194906222.0,37919536.0,30615334.0,1.238581,372582.0,10974903.0,72411.0,204234.0,161755.0,126977.0,1458.0,nan,nan,nan
merge_stride_deg1_dist8_l1d_ddr4_2x,merge,stride,deg1_dist8,l1d,ddr4_2x,0.010174,10174084065.0,37919564.0,30552805.0,1.241117,346294.0,10973828.0,72414.0,204234.0,161782.0,130975.0,1458.0,nan,nan,nan
merge_stride_deg1_dist8_l2_ddr4_1x,merge,stride,deg1_dist8,l2,ddr4_1x,0.010612,10612174536.0,37919405.0,31868392.0,1.189876,984600.0,11120359.0,42267.0,201543.0,nan,nan,nan,43085.0,29882.0,35.0
merge_stride_deg1_dist8_l2_ddr4_2x,merge,stride,deg1_dist8,l2,ddr4_2x,0.010591,10591307091.0,37919517.0,31805727.0,1.192224,979260.0,11119312.0,39895.0,201534.0,nan,nan,nan,43075.0,32249.0,35.0
merge_stride_deg32_dist16_l1d_ddr4_1x,merge,stride,deg32_dist16,l1d,ddr4_1x,0.010306,10306007343.0,37919555.0,30948971.0,1.22523,440297.0,11039095.0,74180.0,235810.0,2021535.0,130727.0,20427.0,nan,nan,nan
merge_stride_deg32_dist16_l1d_ddr4_2x,merge,stride,deg32_dist16,l1d,ddr4_2x,0.010184,10184314824.0,37919573.0,30583528.0,1.239871,421031.0,11035051.0,73939.0,233690.0,2064384.0,131664.0,18998.0,nan,nan,nan
merge_stride_deg32_dist16_l2_ddr4_1x,merge,stride,deg32_dist16,l2,ddr4_1x,0.010641,10640650698.0,37919508.0,31953906.0,1.186695,950378.0,11136186.0,28401.0,200665.0,nan,nan,nan,549547.0,43340.0,587.0
merge_stride_deg32_dist16_l2_ddr4_2x,merge,stride,deg32_dist16,l2,ddr4_2x,0.010509,10508505642.0,37919480.0,31557074.0,1.201617,949181.0,11133187.0,28235.0,200462.0,nan,nan,nan,614085.0,43302.0,665.0
merge_stride_deg32_dist1_l1d_ddr4_1x,merge,stride,deg32_dist1,l1d,ddr4_1x,0.009817,9816541299.0,37918834.0,29479103.0,1.286297,252361.0,10933703.0,73655.0,221497.0,2098560.0,159467.0,10489.0,nan,nan,nan
merge_stride_deg32_dist1_l1d_ddr4_2x,merge,stride,deg32_dist1,l1d,ddr4_2x,0.009741,9741283632.0,37918829.0,29253104.0,1.296234,234038.0,10933576.0,73706.0,221524.0,2114484.0,162543.0,10512.0,nan,nan,nan
merge_stride_deg32_dist1_l2_ddr4_1x,merge,stride,deg32_dist1,l2,ddr4_1x,0.010253,10253269800.0,37919536.0,30790600.0,1.231531,905301.0,11102516.0,24016.0,201302.0,nan,nan,nan,683886.0,48274.0,414.0
merge_stride_deg32_dist1_l2_ddr4_2x,merge,stride,deg32_dist1,l2,ddr4_2x,0.010153,10152918252.0,37919514.0,30489244.0,1.243703,905218.0,11102494.0,21005.0,201302.0,nan,nan,nan,716213.0,51287.0,425.0
merge_stride_deg32_dist32_l1d_ddr4_1x,merge,stride,deg32_dist32,l1d,ddr4_1x,0.01077,10769566986.0,37919564.0,32341042.0,1.172492,662873.0,11117185.0,73965.0,235714.0,1223664.0,86053.0,20201.0,nan,nan,nan
merge_stride_deg32_dist32_l1d_ddr4_2x,merge,stride,deg32_dist32,l1d,ddr4_2x,0.010647,10646879130.0,37919517.0,31972610.0,1.186001,654719.0,11109602.0,73854.0,234690.0,1242425.0,86052.0,19413.0,nan,nan,nan
merge_stride_deg32_dist32_l2_ddr4_1x,merge,stride,deg32_dist32,l2,ddr4_1x,0.010985,10985068269.0,37919517.0,32988193.0,1.149489,989975.0,11169370.0,43899.0,201438.0,nan,nan,nan,282837.0,28482.0,351.0
merge_stride_deg32_dist32_l2_ddr4_2x,merge,stride,deg32_dist32,l2,ddr4_2x,0.010893,10893313782.0,37919530.0,32712654.0,1.159171,990468.0,11162819.0,43599.0,201026.0,nan,nan,nan,301632.0,28477.0,376.0
merge_stride_deg32_dist4_l1d_ddr4_1x,merge,stride,deg32_dist4,l1d,ddr4_1x,0.009909,9908709705.0,37918825.0,29755885.0,1.274332,254827.0,10951374.0,73957.0,223109.0,2124260.0,159352.0,11915.0,nan,nan,nan
merge_stride_deg32_dist4_l1d_ddr4_2x,merge,stride,deg32_dist4,l1d,ddr4_2x,0.009843,9843204942.0,37918834.0,29559174.0,1.282812,237038.0,10950817.0,73738.0,221822.0,2162828.0,162538.0,10829.0,nan,nan,nan
merge_stride_deg32_dist4_l2_ddr4_1x,merge,stride,deg32_dist4,l2,ddr4_1x,0.010326,10326411585.0,37919514.0,31010245.0,1.222807,915690.0,11110067.0,23925.0,200940.0,nan,nan,nan,635347.0,47999.0,474.0
merge_stride_deg32_dist4_l2_ddr4_2x,merge,stride,deg32_dist4,l2,ddr4_2x,0.010235,10235260494.0,37919511.0,30736518.0,1.233697,915481.0,11109763.0,20685.0,201001.0,nan,nan,nan,677210.0,51299.0,541.0
merge_stride_deg32_dist8_l1d_ddr4_1x,merge,stride,deg32_dist8,l1d,ddr4_1x,0.010041,10040898051.0,37919527.0,30152847.0,1.257578,300353.0,10976616.0,74102.0,227628.0,2149731.0,155267.0,14124.0,nan,nan,nan
merge_stride_deg32_dist8_l1d_ddr4_2x,merge,stride,deg32_dist8,l1d,ddr4_2x,0.009954,9953960076.0,37918829.0,29891772.0,1.268539,281156.0,10974592.0,73825.0,226157.0,2189885.0,157320.0,13007.0,nan,nan,nan
merge_stride_deg32_dist8_l2_ddr4_1x,merge,stride,deg32_dist8,l2,ddr4_1x,0.010438,10437982236.0,37919508.0,31345292.0,1.209737,930200.0,11119150.0,23324.0,200550.0,nan,nan,nan,599532.0,48306.0,538.0
merge_stride_deg32_dist8_l2_ddr4_2x,merge,stride,deg32_dist8,l2,ddr4_2x,0.010317,10317440898.0,37919536.0,30983306.0,1.223871,928816.0,11117991.0,21460.0,200843.0,nan,nan,nan,683236.0,50364.0,532.0
merge_stride_deg4_dist16_l1d_ddr4_1x,merge,stride,deg4_dist16,l1d,ddr4_1x,0.010334,10333525464.0,37919517.0,31031608.0,1.221966,392218.0,11015132.0,72836.0,207651.0,394628.0,126940.0,3704.0,nan,nan,nan
merge_stride_deg4_dist16_l1d_ddr4_2x,merge,stride,deg4_dist16,l1d,ddr4_2x,0.010302,10301617404.0,37919508.0,30935788.0,1.22575,366147.0,11011993.0,72843.0,207656.0,398661.0,131381.0,3706.0,nan,nan,nan
merge_stride_deg4_dist16_l2_ddr4_1x,merge,stride,deg4_dist16,l2,ddr4_1x,0.010691,10691021943.0,37919508.0,32105171.0,1.181104,973621.0,11136331.0,32025.0,200692.0,nan,nan,nan,128641.0,39304.0,155.0
merge_stride_deg4_dist16_l2_ddr4_2x,merge,stride,deg4_dist16,l2,ddr4_2x,0.010652,10651971699.0,37919489.0,31987903.0,1.185433,974240.0,11133744.0,31885.0,200658.0,nan,nan,nan,126486.0,39412.0,166.0
merge_stride_deg4_dist1_l1d_ddr4_1x,merge,stride,deg4_dist1,l1d,ddr4_1x,0.009876,9876378402.0,37918834.0,29658794.0,1.278504,433327.0,10931715.0,72385.0,205082.0,455435.0,116250.0,1617.0,nan,nan,nan
merge_stride_deg4_dist1_l1d_ddr4_2x,merge,stride,deg4_dist1,l1d,ddr4_2x,0.009866,9866010447.0,37918825.0,29627659.0,1.279847,421858.0,10931757.0,72428.0,205317.0,468216.0,117764.0,1921.0,nan,nan,nan
merge_stride_deg4_dist1_l2_ddr4_1x,merge,stride,deg4_dist1,l2,ddr4_1x,0.010333,10333314009.0,37919467.0,31030973.0,1.221989,953000.0,11103351.0,40100.0,201546.0,nan,nan,nan,189698.0,32088.0,56.0
merge_stride_deg4_dist1_l2_ddr4_2x,merge,stride,deg4_dist1,l2,ddr4_2x,0.010328,10327781547.0,37919467.0,31014359.0,1.222644,945544.0,11103263.0,38491.0,201549.0,nan,nan,nan,189699.0,33703.0,56.0
merge_stride_deg4_dist32_l1d_ddr4_1x,merge,stride,deg4_dist32,l1d,ddr4_1x,0.010719,10718936334.0,37919489.0,32188998.0,1.178028,608558.0,11094878.0,73018.0,211708.0,349595.0,89043.0,5413.0,nan,nan,nan
merge_stride_deg4_dist32_l1d_ddr4_2x,merge,stride,deg4_dist32,l1d,ddr4_2x,0.010606,10606167882.0,37919489.0,31850354.0,1.190553,604016.0,11088131.0,73021.0,211708.0,354374.0,89071.0,5413.0,nan,nan,nan
merge_stride_deg4_dist32_l2_ddr4_1x,merge,stride,deg4_dist32,l2,ddr4_1x,0.011044,11044072872.0,37919495.0,33165384.0,1.143347,994409.0,11168907.0,45899.0,201442.0,nan,nan,nan,92123.0,26287.0,142.0
merge_stride_deg4_dist32_l2_ddr4_2x,merge,stride,deg4_dist32,l2,ddr4_2x,0.010959,10958565132.0,37919564.0,32908604.0,1.15227,1001188.0,11163085.0,45905.0,201547.0,nan,nan,nan,92140.0,26287.0,138.0
merge_stride_deg4_dist4_l1d_ddr4_1x,merge,stride,deg4_dist4,l1d,ddr4_1x,0.009983,9982684323.0,37918829.0,29978031.0,1.264889,313636.0,10948598.0,72461.0,205707.0,432218.0,138574.0,2108.0,nan,nan,nan
merge_stride_deg4_dist4_l1d_ddr4_2x,merge,stride,deg4_dist4,l1d,ddr4_2x,0.009978,9978199146.0,37918834.0,29964562.0,1.265457,295794.0,10948275.0,72470.0,205712.0,443621.0,141122.0,2108.0,nan,nan,nan
merge_stride_deg4_dist4_l2_ddr4_1x,merge,stride,deg4_dist4,l2,ddr4_1x,0.010401,10401200721.0,37919517.0,31234837.0,1.214015,956385.0,11110785.0,39881.0,201544.0,nan,nan,nan,150448.0,32307.0,68.0
merge_stride_deg4_dist4_l2_ddr4_2x,merge,stride,deg4_dist4,l2,ddr4_2x,0.010401,10401291963.0,37919489.0,31235111.0,1.214003,950343.0,11110431.0,36268.0,201550.0,nan,nan,nan,163701.0,35929.0,68.0
merge_stride_deg4_dist8_l1d_ddr4_1x,merge,stride,deg4_dist8,l1d,ddr4_1x,0.010105,10104633252.0,37919489.0,30344244.0,1.249645,317193.0,10973368.0,72609.0,206106.0,420637.0,141342.0,2633.0,nan,nan,nan
merge_stride_deg4_dist8_l1d_ddr4_2x,merge,stride,deg4_dist8,l1d,ddr4_2x,0.010095,10094751477.0,37919536.0,30314569.0,1.25087,295496.0,10972219.0,72617.0,206110.0,424734.0,144634.0,2632.0,nan,nan,nan
merge_stride_deg4_dist8_l2_ddr4_1x,merge,stride,deg4_dist8,l2,ddr4_1x,0.010502,10502196957.0,37919517.0,31538129.0,1.20234,962146.0,11119479.0,36833.0,201544.0,nan,nan,nan,130492.0,35354.0,82.0
merge_stride_deg4_dist8_l2_ddr4_2x,merge,stride,deg4_dist8,l2,ddr4_2x,0.01048,10480239603.0,37919539.0,31472191.0,1.20486,958064.0,11118618.0,33979.0,201508.0,nan,nan,nan,141729.0,38177.0,87.0
merge_stride_deg8_dist16_l1d_ddr4_1x,merge,stride,deg8_dist16,l1d,ddr4_1x,0.010322,10321677324.0,37919489.0,30996028.0,1.223367,378784.0,11014946.0,73085.0,209907.0,699286.0,130940.0,5051.0,nan,nan,nan
merge_stride_deg8_dist16_l1d_ddr4_2x,merge,stride,deg8_dist16,l1d,ddr4_2x,0.010273,10273106943.0,37919461.0,30850171.0,1.22915,362003.0,11011739.0,73093.0,209912.0,706657.0,133904.0,5053.0,nan,nan,nan
merge_stride_deg8_dist16_l2_ddr4_1x,merge,stride,deg8_dist16,l2,ddr4_1x,0.010673,10672634016.0,37919536.0,32049952.0,1.18314,967180.0,11136313.0,30652.0,200231.0,nan,nan,nan,215541.0,40267.0,473.0
merge_stride_deg8_dist16_l2_ddr4_2x,merge,stride,deg8_dist16,l2,ddr4_2x,0.010608,10607638410.0,37919464.0,31854770.0,1.190387,967367.0,11133558.0,30036.0,200207.0,nan,nan,nan,228159.0,40857.0,404.0
merge_stride_deg8_dist1_l1d_ddr4_1x,merge,stride,deg8_dist1,l1d,ddr4_1x,0.009833,9832922235.0,37918825.0,29528295.0,1.284154,256342.0,10931551.0,72690.0,208163.0,734470.0,152408.0,3678.0,nan,nan,nan
merge_stride_deg8_dist1_l1d_ddr4_2x,merge,stride,deg8_dist1,l1d,ddr4_2x,0.009807,9806705478.0,37918834.0,29449566.0,1.287587,243896.0,10931282.0,72636.0,207686.0,748291.0,154256.0,3108.0,nan,nan,nan
merge_stride_deg8_dist1_l2_ddr4_1x,merge,stride,deg8_dist1,l2,ddr4_1x,0.010305,10304886465.0,37919564.0,30945605.0,1.225363,939777.0,11102885.0,37945.0,201442.0,nan,nan,nan,263937.0,34295.0,119.0
merge_stride_deg8_dist1_l2_ddr4_2x,merge,stride,deg8_dist1,l2,ddr4_2x,0.010272,10271830554.0,37919461.0,30846338.0,1.229303,933524.0,11103027.0,34660.0,201550.0,nan,nan,nan,297479.0,37588.0,112.0
merge_stride_deg8_dist32_l1d_ddr4_1x,merge,stride,deg8_dist32,l1d,ddr4_1x,0.01072,10719732537.0,37919536.0,32191389.0,1.177942,613157.0,11095920.0,73211.0,214355.0,604469.0,89609.0,6743.0,nan,nan,nan
merge_stride_deg8_dist32_l1d_ddr4_2x,merge,stride,deg8_dist32,l1d,ddr4_2x,0.010612,10612469574.0,37919408.0,31869278.0,1.189843,608614.0,11089033.0,73209.0,214359.0,616221.0,89627.0,6743.0,nan,nan,nan
merge_stride_deg8_dist32_l2_ddr4_1x,merge,stride,deg8_dist32,l2,ddr4_1x,0.011031,11031007617.0,37919541.0,33126149.0,1.144702,992613.0,11169050.0,45169.0,201543.0,nan,nan,nan,170724.0,27064.0,192.0
merge_stride_deg8_dist32_l2_ddr4_2x,merge,stride,deg8_dist32,l2,ddr4_2x,0.010936,10935773613.0,37919564.0,32840161.0,1.154672,996409.0,11163069.0,45178.0,201551.0,nan,nan,nan,169673.0,27064.0,192.0
merge_stride_deg8_dist4_l1d_ddr4_1x,merge,stride,deg8_dist4,l1d,ddr4_1x,0.009959,9959397633.0,37918820.0,29908101.0,1.267846,260693.0,10949198.0,72836.0,209125.0,746879.0,153058.0,4447.0,nan,nan,nan
merge_stride_deg8_dist4_l1d_ddr4_2x,merge,stride,deg8_dist4,l1d,ddr4_2x,0.009932,9931537188.0,37918829.0,29824436.0,1.271403,241378.0,10948866.0,72738.0,208496.0,759361.0,155927.0,3751.0,nan,nan,nan
merge_stride_deg8_dist4_l2_ddr4_1x,merge,stride,deg8_dist4,l2,ddr4_1x,0.01038,10379597013.0,37919508.0,31169961.0,1.216541,944536.0,11110159.0,37856.0,201441.0,nan,nan,nan,228391.0,34383.0,134.0
merge_stride_deg8_dist4_l2_ddr4_2x,merge,stride,deg8_dist4,l2,ddr4_2x,0.01036,10360331631.0,37919555.0,31112107.0,1.218805,940330.0,11109896.0,33999.0,201433.0,nan,nan,nan,258316.0,38236.0,138.0
merge_stride_deg8_dist8_l1d_ddr4_1x,merge,stride,deg8_dist8,l1d,ddr4_1x,0.010076,10076156424.0,37919536.0,30258728.0,1.253178,305712.0,10973803.0,72859.0,209220.0,741516.0,145257.0,4424.0,nan,nan,nan
merge_stride_deg8_dist8_l1d_ddr4_2x,merge,stride,deg8_dist8,l1d,ddr4_2x,0.010052,10052063874.0,37919433.0,30186378.0,1.256178,287284.0,10972695.0,72861.0,209219.0,747728.0,148129.0,4424.0,nan,nan,nan
merge_stride_deg8_dist8_l2_ddr4_1x,merge,stride,deg8_dist8,l2,ddr4_1x,0.010483,10483173666.0,37919536.0,31481002.0,1.204523,952886.0,11119268.0,36764.0,201531.0,nan,nan,nan,207702.0,35463.0,142.0
merge_stride_deg8_dist8_l2_ddr4_2x,merge,stride,deg8_dist8,l2,ddr4_2x,0.010442,10442385495.0,37919536.0,31358515.0,1.209227,949324.0,11118280.0,31956.0,201452.0,nan,nan,nan,231062.0,40197.0,159.0
quick_stride_deg16_dist16_l1d_ddr4_1x,quick,stride,deg16_dist16,l1d,ddr4_1x,0.008678,8677511802.0,24424723.0,26058594.0,0.937713,96444.0,9181103.0,28559.0,87301.0,825638.0,59373.0,2607.0,nan,nan,nan
quick_stride_deg16_dist16_l1d_ddr4_2x,quick,stride,deg16_dist16,l1d,ddr4_2x,0.008624,8624190510.0,24424718.0,25898470.0,0.94351,95164.0,9180206.0,28554.0,87299.0,826216.0,59372.0,2608.0,nan,nan,nan
quick_stride_deg16_dist16_l2_ddr4_1x,quick,stride,deg16_dist16,l2,ddr4_1x,0.008933,8933485572.0,24424718.0,26827284.0,0.910844,255868.0,9235436.0,7886.0,82820.0,nan,nan,nan,278305.0,20617.0,59.0
quick_stride_deg16_dist16_l2_ddr4_2x,quick,stride,deg16_dist16,l2,ddr4_2x,0.008864,8863525602.0,24424714.0,26617194.0,0.918033,263316.0,9241354.0,7890.0,82832.0,nan,nan,nan,278305.0,20617.0,59.0
quick_stride_deg16_dist1_l1d_ddr4_1x,quick,stride,deg16_dist1,l1d,ddr4_1x,0.008279,8278554492.0,24424723.0,24860524.0,0.982903,14523.0,9142941.0,28549.0,85159.0,1130656.0,80133.0,1192.0,nan,nan,nan
quick_stride_deg16_dist1_l1d_ddr4_2x,quick,stride,deg16_dist1,l1d,ddr4_2x,0.008257,8256813255.0,24424718.0,24795235.0,0.985491,13956.0,9142184.0,28545.0,85155.0,1130804.0,80140.0,1191.0,nan,nan,nan
quick_stride_deg16_dist1_l2_ddr4_1x,quick,stride,deg16_dist1,l2,ddr4_1x,0.008612,8611884162.0,24424723.0,25861514.0,0.944859,229722.0,9217194.0,1267.0,82823.0,nan,nan,nan,383516.0,27238.0,35.0
quick_stride_deg16_dist1_l2_ddr4_2x,quick,stride,deg16_dist1,l2,ddr4_2x,0.008574,8573586831.0,24424718.0,25746507.0,0.949079,228312.0,9216092.0,1248.0,82818.0,nan,nan,nan,383579.0,27252.0,35.0
quick_stride_deg16_dist32_l1d_ddr4_1x,quick,stride,deg16_dist32,l1d,ddr4_1x,0.009069,9069450804.0,24424718.0,27235588.0,0.897189,180578.0,9219405.0,28549.0,87187.0,492713.0,37405.0,2467.0,nan,nan,nan
quick_stride_deg16_dist32_l1d_ddr4_2x,quick,stride,deg16_dist32,l1d,ddr4_2x,0.008998,8997912081.0,24424732.0,27020757.0,0.904323,179709.0,9218688.0,28552.0,87190.0,492961.0,37404.0,2467.0,nan,nan,nan
quick_stride_deg16_dist32_l2_ddr4_1x,quick,stride,deg16_dist32,l2,ddr4_1x,0.009239,9239202549.0,24424718.0,27745353.0,0.880705,279933.0,9252841.0,14941.0,82821.0,nan,nan,nan,165657.0,13560.0,59.0
quick_stride_deg16_dist32_l2_ddr4_2x,quick,stride,deg16_dist32,l2,ddr4_2x,0.009161,9160702461.0,24424718.0,27509617.0,0.888252,278016.0,9251452.0,14940.0,82820.0,nan,nan,nan,165658.0,13560.0,59.0
quick_stride_deg16_dist4_l1d_ddr4_1x,quick,stride,deg16_dist4,l1d,ddr4_1x,0.008366,8365614678.0,24424723.0,25121966.0,0.972674,32060.0,9151311.0,28557.0,85975.0,1070101.0,75632.0,1771.0,nan,nan,nan
quick_stride_deg16_dist4_l1d_ddr4_2x,quick,stride,deg16_dist4,l1d,ddr4_2x,0.008328,8328287043.0,24424718.0,25009871.0,0.977033,30646.0,9150350.0,28552.0,85977.0,1070780.0,75686.0,1775.0,nan,nan,nan
quick_stride_deg16_dist4_l2_ddr4_1x,quick,stride,deg16_dist4,l2,ddr4_1x,0.008677,8676936045.0,24424718.0,26056865.0,0.937775,235086.0,9220865.0,2579.0,82820.0,nan,nan,nan,362459.0,25923.0,40.0
quick_stride_deg16_dist4_l2_ddr4_2x,quick,stride,deg16_dist4,l2,ddr4_2x,0.008636,8636471550.0,24424718.0,25935350.0,0.942169,233544.0,9219867.0,2578.0,82819.0,nan,nan,nan,362522.0,25923.0,40.0
quick_stride_deg16_dist8_l1d_ddr4_1x,quick,stride,deg16_dist8,l1d,ddr4_1x,0.008472,8472081438.0,24424723.0,25441686.0,0.960451,53453.0,9161418.0,28555.0,86688.0,989915.0,70083.0,2215.0,nan,nan,nan
quick_stride_deg16_dist8_l1d_ddr4_2x,quick,stride,deg16_dist8,l1d,ddr4_2x,0.008428,8427737493.0,24424718.0,25308521.0,0.965504,52172.0,9160473.0,28550.0,86687.0,990481.0,70073.0,2216.0,nan,nan,nan
quick_stride_deg16_dist8_l2_ddr4_1x,quick,stride,deg16_dist8,l2,ddr4_1x,0.008769,8769346875.0,24424723.0,26334375.0,0.927893,242390.0,9226052.0,4357.0,82825.0,nan,nan,nan,334467.0,24151.0,48.0
quick_stride_deg16_dist8_l2_ddr4_2x,quick,stride,deg16_dist8,l2,ddr4_2x,0.008723,8722869066.0,24424718.0,26194802.0,0.932837,240438.0,9224739.0,4352.0,82820.0,nan,nan,nan,334483.0,24151.0,48.0
quick_stride_deg1_dist16_l1d_ddr4_1x,quick,stride,deg1_dist16,l1d,ddr4_1x,0.008646,8646234777.0,24424723.0,25964669.0,0.941105,92893.0,9178435.0,28525.0,84633.0,60842.0,59009.0,906.0,nan,nan,nan
quick_stride_deg1_dist16_l1d_ddr4_2x,quick,stride,deg1_dist16,l1d,ddr4_2x,0.008615,8614722987.0,24424718.0,25870039.0,0.944547,92558.0,9178328.0,28520.0,84630.0,60833.0,59009.0,905.0,nan,nan,nan
quick_stride_deg1_dist16_l2_ddr4_1x,quick,stride,deg1_dist16,l2,ddr4_1x,0.008884,8884420020.0,24424723.0,26679940.0,0.915875,253202.0,9233645.0,7901.0,82822.0,nan,nan,nan,20686.0,20603.0,34.0
quick_stride_deg1_dist16_l2_ddr4_2x,quick,stride,deg1_dist16,l2,ddr4_2x,0.008851,8851257882.0,24424718.0,26580354.0,0.919306,252087.0,9232973.0,7895.0,82821.0,nan,nan,nan,20686.0,20607.0,34.0
quick_stride_deg1_dist1_l1d_ddr4_1x,quick,stride,deg1_dist1,l1d,ddr4_1x,0.008365,8365378914.0,24424723.0,25121258.0,0.972701,47699.0,9156856.0,28492.0,83042.0,79579.0,73882.0,105.0,nan,nan,nan
quick_stride_deg1_dist1_l1d_ddr4_2x,quick,stride,deg1_dist1,l1d,ddr4_2x,0.008313,8313297381.0,24424739.0,24964857.0,0.978796,42979.0,9153645.0,28493.0,83045.0,79567.0,74706.0,105.0,nan,nan,nan
quick_stride_deg1_dist1_l2_ddr4_1x,quick,stride,deg1_dist1,l2,ddr4_1x,0.00865,8650065276.0,24424723.0,25976172.0,0.940688,236894.0,9222458.0,4978.0,82825.0,nan,nan,nan,27260.0,23514.0,4.0
quick_stride_deg1_dist1_l2_ddr4_2x,quick,stride,deg1_dist1,l2,ddr4_2x,0.008613,8613115596.0,24424723.0,25865212.0,0.944724,233727.0,9220219.0,4206.0,82824.0,nan,nan,nan,27260.0,24285.0,4.0
quick_stride_deg1_dist32_l1d_ddr4_1x,quick,stride,deg1_dist32,l1d,ddr4_1x,0.009059,9058587345.0,24424723.0,27202965.0,0.898265,177116.0,9217527.0,28537.0,85964.0,40512.0,37342.0,1746.0,nan,nan,nan
quick_stride_deg1_dist32_l1d_ddr4_2x,quick,stride,deg1_dist32,l1d,ddr4_2x,0.009004,9003844809.0,24424718.0,27038573.0,0.903727,176417.0,9217145.0,28532.0,85959.0,40505.0,37341.0,1746.0,nan,nan,nan
quick_stride_deg1_dist32_l2_ddr4_1x,quick,stride,deg1_dist32,l2,ddr4_1x,0.009224,9223747686.0,24424723.0,27698942.0,0.882181,278601.0,9251964.0,14945.0,82825.0,nan,nan,nan,13656.0,13560.0,59.0
quick_stride_deg1_dist32_l2_ddr4_2x,quick,stride,deg1_dist32,l2,ddr4_2x,0.009155,9155176326.0,24424718.0,27493022.0,0.888788,276700.0,9250617.0,14940.0,82821.0,nan,nan,nan,13656.0,13560.0,59.0
quick_stride_deg1_dist4_l1d_ddr4_1x,quick,stride,deg1_dist4,l1d,ddr4_1x,0.008353,8353077561.0,24424723.0,25084317.0,0.974134,31819.0,9150644.0,28499.0,83421.0,75830.0,74634.0,297.0,nan,nan,nan
quick_stride_deg1_dist4_l1d_ddr4_2x,quick,stride,deg1_dist4,l1d,ddr4_2x,0.008342,8342443206.0,24424718.0,25052382.0,0.975375,29786.0,9149589.0,28498.0,83421.0,75833.0,74828.0,297.0,nan,nan,nan
quick_stride_deg1_dist4_l2_ddr4_1x,quick,stride,deg1_dist4,l2,ddr4_1x,0.00865,8650026981.0,24424723.0,25976057.0,0.940693,234369.0,9220487.0,2888.0,82822.0,nan,nan,nan,25938.0,25605.0,10.0
quick_stride_deg1_dist4_l2_ddr4_2x,quick,stride,deg1_dist4,l2,ddr4_2x,0.008639,8638556130.0,24424723.0,25941610.0,0.941942,233491.0,9219902.0,2780.0,82825.0,nan,nan,nan,25938.0,25716.0,10.0
quick_stride_deg1_dist8_l1d_ddr4_1x,quick,stride,deg1_dist8,l1d,ddr4_1x,0.008441,8440769448.0,24424723.0,25347656.0,0.964013,50259.0,9159067.0,28508.0,83873.0,70954.0,69591.0,523.0,nan,nan,nan
quick_stride_deg1_dist8_l1d_ddr4_2x,quick,stride,deg1_dist8,l1d,ddr4_2x,0.008425,8424666900.0,24424718.0,25299300.0,0.965856,50152.0,9158921.0,28505.0,83873.0,70911.0,69587.0,523.0,nan,nan,nan
quick_stride_deg1_dist8_l2_ddr4_1x,quick,stride,deg1_dist8,l2,ddr4_1x,0.008722,8722432170.0,24424723.0,26193490.0,0.932884,240175.0,9224573.0,4395.0,82823.0,nan,nan,nan,24185.0,24103.0,18.0
quick_stride_deg1_dist8_l2_ddr4_2x,quick,stride,deg1_dist8,l2,ddr4_2x,0.008701,8701323966.0,24424718.0,26130102.0,0.935147,239469.0,9224091.0,4386.0,82821.0,nan,nan,nan,24185.0,24109.0,18.0
quick_stride_deg32_dist16_l1d_ddr4_1x,quick,stride,deg32_dist16,l1d,ddr4_1x,0.008712,8711695251.0,24424709.0,26161247.0,0.934033,102195.0,9186836.0,28574.0,89615.0,1310404.0,59894.0,3959.0,nan,nan,nan
quick_stride_deg32_dist16_l1d_ddr4_2x,quick,stride,deg32_dist16,l1d,ddr4_2x,0.008641,8641063953.0,24424718.0,25949141.0,0.941668,95821.0,9180612.0,28577.0,89623.0,1316313.0,59918.0,3959.0,nan,nan,nan
quick_stride_deg32_dist16_l2_ddr4_1x,quick,stride,deg32_dist16,l2,ddr4_1x,0.008968,8968155201.0,24424723.0,26931397.0,0.907323,256015.0,9235543.0,7891.0,82824.0,nan,nan,nan,440776.0,20616.0,59.0
quick_stride_deg32_dist16_l2_ddr4_2x,quick,stride,deg32_dist16,l2,ddr4_2x,0.008883,8883069372.0,24424723.0,26675884.0,0.916014,253120.0,9233535.0,7890.0,82823.0,nan,nan,nan,441177.0,20616.0,59.0
quick_stride_deg32_dist1_l1d_ddr4_1x,quick,stride,deg32_dist1,l1d,ddr4_1x,0.008279,8279033013.0,24424718.0,24861961.0,0.982846,15196.0,9143468.0,28580.0,88445.0,1924143.0,81218.0,3139.0,nan,nan,nan
quick_stride_deg32_dist1_l1d_ddr4_2x,quick,stride,deg32_dist1,l1d,ddr4_2x,0.008264,8263622106.0,24424723.0,24815682.0,0.984679,14485.0,9142625.0,28584.0,88456.0,1935931.0,81207.0,3141.0,nan,nan,nan
quick_stride_deg32_dist1_l2_ddr4_1x,quick,stride,deg32_dist1,l2,ddr4_1x,0.008615,8615439603.0,24424723.0,25872191.0,0.944469,229643.0,9217147.0,1244.0,82823.0,nan,nan,nan,650716.0,27262.0,60.0
quick_stride_deg32_dist1_l2_ddr4_2x,quick,stride,deg32_dist1,l2,ddr4_2x,0.008584,8583902172.0,24424723.0,25777484.0,0.947939,228189.0,9216019.0,1244.0,82823.0,nan,nan,nan,652050.0,27262.0,60.0
quick_stride_deg32_dist32_l1d_ddr4_1x,quick,stride,deg32_dist32,l1d,ddr4_1x,0.009077,9076623624.0,24424714.0,27257128.0,0.89648,188630.0,9226315.0,28569.0,87954.0,634575.0,37268.0,3030.0,nan,nan,nan
quick_stride_deg32_dist32_l1d_ddr4_2x,quick,stride,deg32_dist32,l1d,ddr4_2x,0.008999,8999476848.0,24424709.0,27025456.0,0.904165,186441.0,9224882.0,28564.0,87954.0,639278.0,37268.0,3034.0,nan,nan,nan
quick_stride_deg32_dist32_l2_ddr4_1x,quick,stride,deg32_dist32,l2,ddr4_1x,0.009229,9229495266.0,24424714.0,27716202.0,0.881631,291100.0,9261019.0,14931.0,82832.0,nan,nan,nan,216092.0,13573.0,59.0
quick_stride_deg32_dist32_l2_ddr4_2x,quick,stride,deg32_dist32,l2,ddr4_2x,0.009145,9144748431.0,24424723.0,27461707.0,0.889802,277231.0,9251003.0,14932.0,82827.0,nan,nan,nan,216514.0,13574.0,59.0
quick_stride_deg32_dist4_l1d_ddr4_1x,quick,stride,deg32_dist4,l1d,ddr4_1x,0.008407,8407241343.0,24424723.0,25246971.0,0.967858,33188.0,9152291.0,28590.0,89040.0,1811272.0,76794.0,3538.0,nan,nan,nan
quick_stride_deg32_dist4_l1d_ddr4_2x,quick,stride,deg32_dist4,l1d,ddr4_2x,0.008347,8347169142.0,24424723.0,25066574.0,0.974823,31616.0,9150992.0,28589.0,89057.0,1816444.0,76763.0,3556.0,nan,nan,nan
quick_stride_deg32_dist4_l2_ddr4_1x,quick,stride,deg32_dist4,l2,ddr4_1x,0.008718,8717786487.0,24424718.0,26179539.0,0.933381,235747.0,9221401.0,2580.0,82820.0,nan,nan,nan,609036.0,25923.0,59.0
quick_stride_deg32_dist4_l2_ddr4_2x,quick,stride,deg32_dist4,l2,ddr4_2x,0.008649,8649360981.0,24424718.0,25974057.0,0.940765,233802.0,9220038.0,2578.0,82818.0,nan,nan,nan,609583.0,25923.0,59.0
quick_stride_deg32_dist8_l1d_ddr4_1x,quick,stride,deg32_dist8,l1d,ddr4_1x,0.008505,8504825994.0,24424714.0,25540018.0,0.956752,57115.0,9166013.0,28587.0,89403.0,1647003.0,71059.0,3770.0,nan,nan,nan
quick_stride_deg32_dist8_l1d_ddr4_2x,quick,stride,deg32_dist8,l1d,ddr4_2x,0.008453,8452686186.0,24424723.0,25383442.0,0.962654,53034.0,9160921.0,28586.0,89385.0,1652001.0,71060.0,3773.0,nan,nan,nan
quick_stride_deg32_dist8_l2_ddr4_1x,quick,stride,deg32_dist8,l2,ddr4_1x,0.008801,8801333856.0,24424718.0,26430432.0,0.924521,242993.0,9226410.0,4353.0,82820.0,nan,nan,nan,553119.0,24150.0,59.0
quick_stride_deg32_dist8_l2_ddr4_2x,quick,stride,deg32_dist8,l2,ddr4_2x,0.008738,8738005248.0,24424718.0,26240256.0,0.931221,240475.0,9224677.0,4352.0,82819.0,nan,nan,nan,553442.0,24150.0,59.0
quick_stride_deg4_dist16_l1d_ddr4_1x,quick,stride,deg4_dist16,l1d,ddr4_1x,0.008645,8644544802.0,24424723.0,25959594.0,0.941289,94380.0,9179375.0,28532.0,85454.0,235956.0,58801.0,1501.0,nan,nan,nan
quick_stride_deg4_dist16_l1d_ddr4_2x,quick,stride,deg4_dist16,l1d,ddr4_2x,0.008614,8614483560.0,24424718.0,25869320.0,0.944574,93493.0,9178960.0,28528.0,85453.0,236049.0,58807.0,1504.0,nan,nan,nan
quick_stride_deg4_dist16_l2_ddr4_1x,quick,stride,deg4_dist16,l2,ddr4_1x,0.008898,8898256503.0,24424718.0,26721491.0,0.91445,253156.0,9233577.0,7889.0,82820.0,nan,nan,nan,80105.0,20613.0,40.0
quick_stride_deg4_dist16_l2_ddr4_2x,quick,stride,deg4_dist16,l2,ddr4_2x,0.008861,8861478984.0,24424718.0,26611048.0,0.918246,253140.0,9233426.0,7886.0,82819.0,nan,nan,nan,80107.0,20615.0,40.0
quick_stride_deg4_dist1_l1d_ddr4_1x,quick,stride,deg4_dist1,l1d,ddr4_1x,0.008278,8277820893.0,24424732.0,24858321.0,0.98299,16046.0,9143162.0,28504.0,83481.0,311309.0,78979.0,325.0,nan,nan,nan
quick_stride_deg4_dist1_l1d_ddr4_2x,quick,stride,deg4_dist1,l1d,ddr4_2x,0.008266,8266457934.0,24424709.0,24824198.0,0.984341,13991.0,9144536.0,28498.0,83476.0,311262.0,79197.0,324.0,nan,nan,nan
quick_stride_deg4_dist1_l2_ddr4_1x,quick,stride,deg4_dist1,l2,ddr4_1x,0.008593,8592655077.0,24424732.0,25803769.0,0.946974,229473.0,9217055.0,1591.0,82822.0,nan,nan,nan,106401.0,26902.0,11.0
quick_stride_deg4_dist1_l2_ddr4_2x,quick,stride,deg4_dist1,l2,ddr4_2x,0.008582,8581829913.0,24424723.0,25771261.0,0.948168,228532.0,9216290.0,1434.0,82823.0,nan,nan,nan,106401.0,27060.0,11.0
quick_stride_deg4_dist32_l1d_ddr4_1x,quick,stride,deg4_dist32,l1d,ddr4_1x,0.009059,9058619979.0,24424723.0,27203063.0,0.898262,178598.0,9218483.0,28540.0,86235.0,154374.0,37354.0,1916.0,nan,nan,nan
quick_stride_deg4_dist32_l1d_ddr4_2x,quick,stride,deg4_dist32,l1d,ddr4_2x,0.008998,8997903756.0,24424723.0,27020732.0,0.904323,176757.0,9217511.0,28541.0,86236.0,154337.0,37353.0,1916.0,nan,nan,nan
quick_stride_deg4_dist32_l2_ddr4_1x,quick,stride,deg4_dist32,l2,ddr4_1x,0.009237,9236782971.0,24424723.0,27738087.0,0.880936,278212.0,9251497.0,14945.0,82825.0,nan,nan,nan,51984.0,13560.0,59.0
quick_stride_deg4_dist32_l2_ddr4_2x,quick,stride,deg4_dist32,l2,ddr4_2x,0.009168,9168190299.0,24424723.0,27532103.0,0.887527,277822.0,9251380.0,14945.0,82825.0,nan,nan,nan,51984.0,13560.0,59.0
quick_stride_deg4_dist4_l1d_ddr4_1x,quick,stride,deg4_dist4,l1d,ddr4_1x,0.008339,8338883436.0,24424718.0,25041692.0,0.975792,29754.0,9149500.0,28508.0,83826.0,296393.0,75164.0,500.0,nan,nan,nan
quick_stride_deg4_dist4_l1d_ddr4_2x,quick,stride,deg4_dist4,l1d,ddr4_2x,0.008325,8325348318.0,24424732.0,25001046.0,0.977379,29317.0,9149364.0,28511.0,83828.0,296514.0,75187.0,500.0,nan,nan,nan
quick_stride_deg4_dist4_l2_ddr4_1x,quick,stride,deg4_dist4,l2,ddr4_1x,0.008642,8641751931.0,24424718.0,25951207.0,0.941593,233427.0,9219797.0,2636.0,82818.0,nan,nan,nan,101124.0,25856.0,16.0
quick_stride_deg4_dist4_l2_ddr4_2x,quick,stride,deg4_dist4,l2,ddr4_2x,0.008627,8626884480.0,24424718.0,25906560.0,0.943216,233518.0,9219896.0,2632.0,82820.0,nan,nan,nan,101124.0,25862.0,16.0
quick_stride_deg4_dist8_l1d_ddr4_1x,quick,stride,deg4_dist8,l1d,ddr4_1x,0.008442,8442086463.0,24424718.0,25351611.0,0.963863,51191.0,9159344.0,28513.0,84337.0,276910.0,69758.0,743.0,nan,nan,nan
quick_stride_deg4_dist8_l1d_ddr4_2x,quick,stride,deg4_dist8,l1d,ddr4_2x,0.008423,8423051850.0,24424723.0,25294450.0,0.966041,50242.0,9158930.0,28521.0,84344.0,276950.0,69774.0,743.0,nan,nan,nan
quick_stride_deg4_dist8_l2_ddr4_1x,quick,stride,deg4_dist8,l2,ddr4_1x,0.008732,8731515078.0,24424718.0,26220766.0,0.931913,240144.0,9224508.0,4379.0,82821.0,nan,nan,nan,94124.0,24120.0,24.0
quick_stride_deg4_dist8_l2_ddr4_2x,quick,stride,deg4_dist8,l2,ddr4_2x,0.008707,8706939012.0,24424739.0,26146964.0,0.934544,240051.0,9224475.0,4385.0,82824.0,nan,nan,nan,94124.0,24117.0,24.0
quick_stride_deg8_dist16_l1d_ddr4_1x,quick,stride,deg8_dist16,l1d,ddr4_1x,0.008655,8654626044.0,24424718.0,25989868.0,0.940192,95393.0,9180225.0,28536.0,86260.0,453221.0,58883.0,1993.0,nan,nan,nan
quick_stride_deg8_dist16_l1d_ddr4_2x,quick,stride,deg8_dist16,l1d,ddr4_2x,0.008617,8616759615.0,24424718.0,25876155.0,0.944324,93980.0,9179290.0,28537.0,86261.0,453160.0,58891.0,1993.0,nan,nan,nan
quick_stride_deg8_dist16_l2_ddr4_1x,quick,stride,deg8_dist16,l2,ddr4_1x,0.00891,8909820594.0,24424718.0,26756218.0,0.913263,253057.0,9233638.0,7886.0,82820.0,nan,nan,nan,153204.0,20617.0,48.0
quick_stride_deg8_dist16_l2_ddr4_2x,quick,stride,deg8_dist16,l2,ddr4_2x,0.008866,8865590202.0,24424723.0,26623394.0,0.91782,253164.0,9233688.0,7891.0,82825.0,nan,nan,nan,153190.0,20617.0,48.0
quick_stride_deg8_dist1_l1d_ddr4_1x,quick,stride,deg8_dist1,l1d,ddr4_1x,0.008261,8261090973.0,24424709.0,24808081.0,0.98498,14295.0,9144877.0,28515.0,83998.0,603831.0,79577.0,589.0,nan,nan,nan
quick_stride_deg8_dist1_l1d_ddr4_2x,quick,stride,deg8_dist1,l1d,ddr4_2x,0.008256,8256362040.0,24424718.0,24793880.0,0.985545,13305.0,9141678.0,28515.0,84005.0,603812.0,79580.0,592.0,nan,nan,nan
quick_stride_deg8_dist1_l2_ddr4_1x,quick,stride,deg8_dist1,l2,ddr4_1x,0.008588,8587796940.0,24424718.0,25789180.0,0.947509,228323.0,9216185.0,1289.0,82819.0,nan,nan,nan,205788.0,27205.0,19.0
quick_stride_deg8_dist1_l2_ddr4_2x,quick,stride,deg8_dist1,l2,ddr4_2x,0.008573,8572629789.0,24424718.0,25743633.0,0.949185,228263.0,9216047.0,1291.0,82821.0,nan,nan,nan,205788.0,27203.0,19.0
quick_stride_deg8_dist32_l1d_ddr4_1x,quick,stride,deg8_dist32,l1d,ddr4_1x,0.009057,9056905362.0,24424718.0,27197914.0,0.898432,179568.0,9218827.0,28539.0,86561.0,288367.0,37373.0,2110.0,nan,nan,nan
quick_stride_deg8_dist32_l1d_ddr4_2x,quick,stride,deg8_dist32,l1d,ddr4_2x,0.008997,8997361965.0,24424718.0,27019105.0,0.904378,177575.0,9217600.0,28540.0,86563.0,288290.0,37372.0,2110.0,nan,nan,nan
quick_stride_deg8_dist32_l2_ddr4_1x,quick,stride,deg8_dist32,l2,ddr4_1x,0.009239,9239311773.0,24424718.0,27745681.0,0.880695,277604.0,9251130.0,14939.0,82819.0,nan,nan,nan,96922.0,13560.0,59.0
quick_stride_deg8_dist32_l2_ddr4_2x,quick,stride,deg8_dist32,l2,ddr4_2x,0.009164,9164473020.0,24424718.0,27520940.0,0.887887,277576.0,9251302.0,14940.0,82820.0,nan,nan,nan,96922.0,13560.0,59.0
quick_stride_deg8_dist4_l1d_ddr4_1x,quick,stride,deg8_dist4,l1d,ddr4_1x,0.008341,8341385598.0,24424714.0,25049206.0,0.975499,31503.0,9152921.0,28529.0,84409.0,574728.0,75463.0,781.0,nan,nan,nan
quick_stride_deg8_dist4_l1d_ddr4_2x,quick,stride,deg8_dist4,l1d,ddr4_2x,0.008321,8321254083.0,24424718.0,24988751.0,0.977859,29552.0,9149386.0,28524.0,84409.0,574724.0,75466.0,782.0,nan,nan,nan
quick_stride_deg8_dist4_l2_ddr4_1x,quick,stride,deg8_dist4,l2,ddr4_1x,0.008657,8656918416.0,24424714.0,25996752.0,0.939943,242694.0,9227222.0,2621.0,82830.0,nan,nan,nan,195261.0,25880.0,24.0
quick_stride_deg8_dist4_l2_ddr4_2x,quick,stride,deg8_dist4,l2,ddr4_2x,0.008631,8631231795.0,24424718.0,25919615.0,0.942741,233494.0,9219852.0,2617.0,82820.0,nan,nan,nan,195264.0,25881.0,24.0
quick_stride_deg8_dist8_l1d_ddr4_1x,quick,stride,deg8_dist8,l1d,ddr4_1x,0.008447,8447379831.0,24424718.0,25367507.0,0.963259,52239.0,9159979.0,28530.0,84911.0,534358.0,69972.0,1046.0,nan,nan,nan
quick_stride_deg8_dist8_l1d_ddr4_2x,quick,stride,deg8_dist8,l1d,ddr4_2x,0.008419,8418916323.0,24424709.0,25282031.0,0.966515,52843.0,9162667.0,28531.0,84933.0,534658.0,69983.0,1048.0,nan,nan,nan
quick_stride_deg8_dist8_l2_ddr4_1x,quick,stride,deg8_dist8,l2,ddr4_1x,0.008736,8735729859.0,24424709.0,26233423.0,0.931463,249642.0,9231991.0,4370.0,82827.0,nan,nan,nan,181271.0,24131.0,32.0
quick_stride_deg8_dist8_l2_ddr4_2x,quick,stride,deg8_dist8,l2,ddr4_2x,0.0087,8699839785.0,24424709.0,26125645.0,0.935306,249377.0,9231857.0,4371.0,82826.0,nan,nan,nan,181264.0,24129.0,32.0
simple_triad_stride_deg16_dist16_l1d_ddr4_1x,simple_triad,stride,deg16_dist16,l1d,ddr4_1x,0.00293,2930221512.0,3509930.0,8799465.0,0.398882,1088231.0,2003764.0,375413.0,375423.0,447268.0,186411.0,25.0,nan,nan,nan
simple_triad_stride_deg16_dist16_l1d_ddr4_2x,simple_triad,stride,deg16_dist16,l1d,ddr4_2x,0.002038,2037961332.0,3510066.0,6120004.0,0.573543,1030994.0,2003817.0,375411.0,375421.0,657649.0,197575.0,26.0,nan,nan,nan
simple_triad_stride_deg16_dist16_l2_ddr4_1x,simple_triad,stride,deg16_dist16,l2,ddr4_1x,0.00273,2729839761.0,3509915.0,8197718.0,0.42816,1863428.0,2003750.0,128385.0,360494.0,nan,nan,nan,1024442.0,232099.0,744.0
simple_triad_stride_deg16_dist16_l2_ddr4_2x,simple_triad,stride,deg16_dist16,l2,ddr4_2x,0.001766,1765980585.0,3510089.0,5303245.0,0.661879,1885898.0,2003842.0,130887.0,368991.0,nan,nan,nan,1370957.0,238094.0,135.0
simple_triad_stride_deg16_dist1_l1d_ddr4_1x,simple_triad,stride,deg16_dist1,l1d,ddr4_1x,0.00286,2860312158.0,3509957.0,8589527.0,0.408634,1212937.0,2003766.0,375427.0,375437.0,644990.0,161408.0,23.0,nan,nan,nan
simple_triad_stride_deg16_dist1_l1d_ddr4_2x,simple_triad,stride,deg16_dist1,l1d,ddr4_2x,0.001899,1899125640.0,3510167.0,5703080.0,0.615489,1099887.0,2003841.0,375433.0,375444.0,677018.0,186541.0,24.0,nan,nan,nan
simple_triad_stride_deg16_dist1_l2_ddr4_1x,simple_triad,stride,deg16_dist1,l2,ddr4_1x,0.002571,2571359733.0,3509934.0,7721802.0,0.454551,1730069.0,2003760.0,173800.0,370808.0,nan,nan,nan,912539.0,196998.0,539.0
simple_triad_stride_deg16_dist1_l2_ddr4_2x,simple_triad,stride,deg16_dist1,l2,ddr4_2x,0.001657,1657233441.0,3510101.0,4976677.0,0.705314,1836693.0,2003827.0,146467.0,373938.0,nan,nan,nan,1243101.0,227461.0,104.0
simple_triad_stride_deg16_dist32_l1d_ddr4_1x,simple_triad,stride,deg16_dist32,l1d,ddr4_1x,0.003122,3122184690.0,3509888.0,9375931.0,0.374353,1346134.0,2003734.0,375410.0,375420.0,233395.0,123813.0,27.0,nan,nan,nan
simple_triad_stride_deg16_dist32_l1d_ddr4_2x,simple_triad,stride,deg16_dist32,l1d,ddr4_2x,0.002339,2339441883.0,3510062.0,7025351.0,0.499631,1362515.0,2003828.0,375424.0,375434.0,356780.0,127388.0,30.0,nan,nan,nan
simple_triad_stride_deg16_dist32_l2_ddr4_1x,simple_triad,stride,deg16_dist32,l2,ddr4_1x,0.002979,2979317034.0,3509895.0,8946899.0,0.392305,1886144.0,2003729.0,221594.0,366080.0,nan,nan,nan,706070.0,144476.0,24.0
simple_triad_stride_deg16_dist32_l2_ddr4_2x,simple_triad,stride,deg16_dist32,l2,ddr4_2x,0.002101,2101430133.0,3510085.0,6310601.0,0.556223,1910275.0,2003826.0,217712.0,370074.0,nan,nan,nan,983451.0,152352.0,24.0
simple_triad_stride_deg16_dist4_l1d_ddr4_1x,simple_triad,stride,deg16_dist4,l1d,ddr4_1x,0.002884,2883511602.0,3509934.0,8659195.0,0.405344,1157530.0,2003767.0,375432.0,375442.0,527281.0,184145.0,26.0,nan,nan,nan
simple_triad_stride_deg16_dist4_l1d_ddr4_2x,simple_triad,stride,deg16_dist4,l1d,ddr4_2x,0.00191,1910467287.0,3510115.0,5737139.0,0.611826,1049432.0,2003825.0,375433.0,375443.0,648746.0,209277.0,27.0,nan,nan,nan
simple_triad_stride_deg16_dist4_l2_ddr4_1x,simple_triad,stride,deg16_dist4,l2,ddr4_1x,0.002615,2614898817.0,3509939.0,7852550.0,0.446983,1717155.0,2003757.0,145698.0,368599.0,nan,nan,nan,872853.0,222891.0,973.0
simple_triad_stride_deg16_dist4_l2_ddr4_2x,simple_triad,stride,deg16_dist4,l2,ddr4_2x,0.001683,1683055593.0,3510085.0,5054221.0,0.694489,1816352.0,2003818.0,123143.0,372317.0,nan,nan,nan,1128191.0,249164.0,405.0
simple_triad_stride_deg16_dist8_l1d_ddr4_1x,simple_triad,stride,deg16_dist8,l1d,ddr4_1x,0.002931,2930588811.0,3509971.0,8800568.0,0.398837,1055310.0,2003766.0,375428.0,375438.0,522197.0,200464.0,26.0,nan,nan,nan
simple_triad_stride_deg16_dist8_l1d_ddr4_2x,simple_triad,stride,deg16_dist8,l1d,ddr4_2x,0.001932,1932419313.0,3510109.0,5803061.0,0.604875,956959.0,2003845.0,375427.0,375437.0,620204.0,219096.0,25.0,nan,nan,nan
simple_triad_stride_deg16_dist8_l2_ddr4_1x,simple_triad,stride,deg16_dist8,l2,ddr4_1x,0.002651,2651048631.0,3509911.0,7961108.0,0.440884,1726150.0,2003751.0,135540.0,366835.0,nan,nan,nan,813590.0,231285.0,473.0
simple_triad_stride_deg16_dist8_l2_ddr4_2x,simple_triad,stride,deg16_dist8,l2,ddr4_2x,0.001718,1718024256.0,3510101.0,5159232.0,0.680357,1854604.0,2003845.0,114643.0,369615.0,nan,nan,nan,1069620.0,254962.0,394.0
simple_triad_stride_deg1_dist16_l1d_ddr4_1x,simple_triad,stride,deg1_dist16,l1d,ddr4_1x,0.00255,2549936844.0,3509915.0,7657469.0,0.458367,1134374.0,2003746.0,375394.0,375404.0,226195.0,165651.0,11.0,nan,nan,nan
simple_triad_stride_deg1_dist16_l1d_ddr4_2x,simple_triad,stride,deg1_dist16,l1d,ddr4_2x,nan,nan,nan,nan,nan,nan,nan,nan,nan,nan,nan,nan,nan,nan,nan
simple_triad_stride_deg1_dist16_l2_ddr4_1x,simple_triad,stride,deg1_dist16,l2,ddr4_1x,0.002495,2494780056.0,3509934.0,7491833.0,0.468504,1936047.0,2003751.0,181913.0,373500.0,nan,nan,nan,261269.0,191577.0,130.0
simple_triad_stride_deg1_dist16_l2_ddr4_2x,simple_triad,stride,deg1_dist16,l2,ddr4_2x,0.001716,1716165117.0,3510087.0,5153649.0,0.681091,1922865.0,2003837.0,177515.0,374935.0,nan,nan,nan,264704.0,197410.0,158.0
simple_triad_stride_deg1_dist1_l1d_ddr4_1x,simple_triad,stride,deg1_dist1,l1d,ddr4_1x,0.002691,2691462177.0,3509989.0,8082470.0,0.434274,1942878.0,2003773.0,375375.0,375386.0,363281.0,8083.0,2.0,nan,nan,nan
simple_triad_stride_deg1_dist1_l1d_ddr4_2x,simple_triad,stride,deg1_dist1,l1d,ddr4_2x,0.002064,2064063537.0,3510082.0,6198389.0,0.566292,1929286.0,2003809.0,375374.0,375384.0,363282.0,12987.0,2.0,nan,nan,nan
simple_triad_stride_deg1_dist1_l2_ddr4_1x,simple_triad,stride,deg1_dist1,l2,ddr4_1x,0.002659,2659278393.0,3509906.0,7985822.0,0.439519,1984407.0,2003755.0,356029.0,375370.0,nan,nan,nan,363277.0,19331.0,2.0
simple_triad_stride_deg1_dist1_l2_ddr4_2x,simple_triad,stride,deg1_dist1,l2,ddr4_2x,0.001883,1882625490.0,3510091.0,5653530.0,0.62087,1993344.0,2003828.0,367199.0,375377.0,nan,nan,nan,363277.0,8168.0,2.0
simple_triad_stride_deg1_dist32_l1d_ddr4_1x,simple_triad,stride,deg1_dist32,l1d,ddr4_1x,0.002771,2771043516.0,3509906.0,8321453.0,0.421792,1120648.0,2003751.0,375388.0,375398.0,172358.0,166384.0,13.0,nan,nan,nan
simple_triad_stride_deg1_dist32_l1d_ddr4_2x,simple_triad,stride,deg1_dist32,l1d,ddr4_2x,0.002005,2005356969.0,3510057.0,6022093.0,0.582866,1053584.0,2003829.0,375388.0,375398.0,179552.0,177856.0,13.0,nan,nan,nan
simple_triad_stride_deg1_dist32_l2_ddr4_1x,simple_triad,stride,deg1_dist32,l2,ddr4_1x,0.002781,2781284598.0,3509934.0,8352207.0,0.420242,1924039.0,2003762.0,193743.0,370258.0,nan,nan,nan,176538.0,176505.0,13.0
simple_triad_stride_deg1_dist32_l2_ddr4_2x,simple_triad,stride,deg1_dist32,l2,ddr4_2x,0.002034,2034375255.0,3510101.0,6109235.0,0.574559,1942667.0,2003847.0,193745.0,373766.0,nan,nan,nan,180041.0,180011.0,10.0
simple_triad_stride_deg1_dist4_l1d_ddr4_1x,simple_triad,stride,deg1_dist4,l1d,ddr4_1x,0.002636,2635963731.0,3509911.0,7915808.0,0.443408,1843980.0,2003755.0,375382.0,375392.0,344888.0,27480.0,5.0,nan,nan,nan
simple_triad_stride_deg1_dist4_l1d_ddr4_2x,simple_triad,stride,deg1_dist4,l1d,ddr4_2x,0.001923,1922573502.0,3510110.0,5773494.0,0.607973,1743438.0,2003831.0,375383.0,375393.0,345578.0,46818.0,5.0,nan,nan,nan
simple_triad_stride_deg1_dist4_l2_ddr4_1x,simple_triad,stride,deg1_dist4,l2,ddr4_1x,0.002413,2413348236.0,3509913.0,7247293.0,0.484309,1943434.0,2003757.0,322256.0,375372.0,nan,nan,nan,345700.0,53106.0,5.0
simple_triad_stride_deg1_dist4_l2_ddr4_2x,simple_triad,stride,deg1_dist4,l2,ddr4_2x,0.001795,1795447089.0,3510112.0,5391733.0,0.651021,1930350.0,2003843.0,292291.0,375376.0,nan,nan,nan,345700.0,83075.0,5.0
simple_triad_stride_deg1_dist8_l1d_ddr4_1x,simple_triad,stride,deg1_dist8,l1d,ddr4_1x,0.002674,2673952371.0,3509908.0,8029888.0,0.437108,1707240.0,2003757.0,375396.0,375406.0,320190.0,53995.0,12.0,nan,nan,nan
simple_triad_stride_deg1_dist8_l1d_ddr4_2x,simple_triad,stride,deg1_dist8,l1d,ddr4_2x,0.001824,1823597577.0,3510110.0,5476269.0,0.640971,1746464.0,2003828.0,375396.0,375406.0,320707.0,51040.0,12.0,nan,nan,nan
simple_triad_stride_deg1_dist8_l2_ddr4_1x,simple_triad,stride,deg1_dist8,l2,ddr4_1x,0.002402,2402162766.0,3510054.0,7213702.0,0.486584,1955100.0,2003806.0,289459.0,375373.0,nan,nan,nan,322264.0,85904.0,9.0
simple_triad_stride_deg1_dist8_l2_ddr4_2x,simple_triad,stride,deg1_dist8,l2,ddr4_2x,0.001756,1756177398.0,3510138.0,5273806.0,0.665583,1921525.0,2003828.0,237824.0,375376.0,nan,nan,nan,322264.0,137542.0,9.0
simple_triad_stride_deg32_dist16_l1d_ddr4_1x,simple_triad,stride,deg32_dist16,l1d,ddr4_1x,0.003,2999874123.0,3509895.0,9008632.0,0.389617,1256342.0,2003731.0,375423.0,375433.0,1139446.0,156093.0,41.0,nan,nan,nan
simple_triad_stride_deg32_dist16_l1d_ddr4_2x,simple_triad,stride,deg32_dist16,l1d,ddr4_2x,0.002177,2177257230.0,3510062.0,6538310.0,0.536848,1133249.0,2003803.0,375427.0,375437.0,1066093.0,172192.0,41.0,nan,nan,nan
simple_triad_stride_deg32_dist16_l2_ddr4_1x,simple_triad,stride,deg32_dist16,l2,ddr4_1x,0.003237,3236586840.0,3509923.0,9719481.0,0.361124,1939190.0,2003738.0,174601.0,371909.0,nan,nan,nan,1906559.0,197298.0,45.0
simple_triad_stride_deg32_dist16_l2_ddr4_2x,simple_triad,stride,deg32_dist16,l2,ddr4_2x,0.00204,2040413544.0,3510138.0,6127368.0,0.572865,1935136.0,2003823.0,147702.0,368842.0,nan,nan,nan,1888557.0,221130.0,316.0
simple_triad_stride_deg32_dist1_l1d_ddr4_1x,simple_triad,stride,deg32_dist1,l1d,ddr4_1x,0.002961,2960659710.0,3509867.0,8890871.0,0.394774,1252753.0,2003739.0,375434.0,375444.0,2108764.0,167753.0,33.0,nan,nan,nan
simple_triad_stride_deg32_dist1_l1d_ddr4_2x,simple_triad,stride,deg32_dist1,l1d,ddr4_2x,0.002109,2109135420.0,3510081.0,6333740.0,0.554191,874763.0,2003833.0,375438.0,375448.0,2337370.0,212248.0,34.0,nan,nan,nan
simple_triad_stride_deg32_dist1_l2_ddr4_1x,simple_triad,stride,deg32_dist1,l2,ddr4_1x,0.003055,3055004604.0,3509883.0,9174189.0,0.382584,1953975.0,2003739.0,134268.0,373499.0,nan,nan,nan,3074276.0,239221.0,52.0
simple_triad_stride_deg32_dist1_l2_ddr4_2x,simple_triad,stride,deg32_dist1,l2,ddr4_2x,0.002096,2096213022.0,3510108.0,6294934.0,0.557611,1946261.0,2003832.0,126801.0,374728.0,nan,nan,nan,3678111.0,247917.0,73.0
simple_triad_stride_deg32_dist32_l1d_ddr4_1x,simple_triad,stride,deg32_dist32,l1d,ddr4_1x,0.003056,3056354919.0,3509893.0,9178244.0,0.382416,1470439.0,2003734.0,375412.0,375422.0,285824.0,106305.0,33.0,nan,nan,nan
simple_triad_stride_deg32_dist32_l1d_ddr4_2x,simple_triad,stride,deg32_dist32,l1d,ddr4_2x,0.002234,2233818279.0,3510059.0,6708163.0,0.523255,1429800.0,2003820.0,375416.0,375426.0,374786.0,115364.0,34.0,nan,nan,nan
simple_triad_stride_deg32_dist32_l2_ddr4_1x,simple_triad,stride,deg32_dist32,l2,ddr4_1x,0.003007,3006576414.0,3509832.0,9028759.0,0.388741,1957928.0,2003730.0,228324.0,364755.0,nan,nan,nan,774500.0,136421.0,31.0
simple_triad_stride_deg32_dist32_l2_ddr4_2x,simple_triad,stride,deg32_dist32,l2,ddr4_2x,0.00216,2159563275.0,3510085.0,6485175.0,0.54125,1954776.0,2003829.0,226520.0,368511.0,nan,nan,nan,1052966.0,141981.0,31.0
simple_triad_stride_deg32_dist4_l1d_ddr4_1x,simple_triad,stride,deg32_dist4,l1d,ddr4_1x,0.002921,2921242833.0,3509934.0,8772502.0,0.400108,1068153.0,2003768.0,375424.0,375434.0,1997447.0,191036.0,37.0,nan,nan,nan
simple_triad_stride_deg32_dist4_l1d_ddr4_2x,simple_triad,stride,deg32_dist4,l1d,ddr4_2x,0.002073,2072507085.0,3510106.0,6223745.0,0.563989,756431.0,2003830.0,375442.0,375452.0,2005563.0,231237.0,38.0,nan,nan,nan
simple_triad_stride_deg32_dist4_l2_ddr4_1x,simple_triad,stride,deg32_dist4,l2,ddr4_1x,0.00313,3129611589.0,3509883.0,9398234.0,0.373464,1952530.0,2003736.0,97756.0,372787.0,nan,nan,nan,2856817.0,275021.0,524.0
simple_triad_stride_deg32_dist4_l2_ddr4_2x,simple_triad,stride,deg32_dist4,l2,ddr4_2x,0.002083,2082514734.0,3510108.0,6253798.0,0.561279,1948494.0,2003835.0,100458.0,373072.0,nan,nan,nan,3098721.0,272604.0,676.0
simple_triad_stride_deg32_dist8_l1d_ddr4_1x,simple_triad,stride,deg32_dist8,l1d,ddr4_1x,0.003109,3109258296.0,3509890.0,9337113.0,0.375909,1159624.0,2003744.0,375432.0,375442.0,1830557.0,176033.0,41.0,nan,nan,nan
simple_triad_stride_deg32_dist8_l1d_ddr4_2x,simple_triad,stride,deg32_dist8,l1d,ddr4_2x,0.00212,2119999545.0,3510108.0,6366365.0,0.551355,870080.0,2003830.0,375463.0,375473.0,1650683.0,213576.0,47.0,nan,nan,nan
simple_triad_stride_deg32_dist8_l2_ddr4_1x,simple_triad,stride,deg32_dist8,l2,ddr4_1x,0.003145,3144962223.0,3509888.0,9444332.0,0.371642,1939580.0,2003729.0,124032.0,373169.0,nan,nan,nan,2305619.0,249127.0,626.0
simple_triad_stride_deg32_dist8_l2_ddr4_2x,simple_triad,stride,deg32_dist8,l2,ddr4_2x,0.002103,2102790438.0,3510057.0,6314686.0,0.555859,1937197.0,2003828.0,114526.0,371673.0,nan,nan,nan,2617683.0,257137.0,424.0
simple_triad_stride_deg4_dist16_l1d_ddr4_1x,simple_triad,stride,deg4_dist16,l1d,ddr4_1x,0.002573,2573264826.0,3509934.0,7727523.0,0.454214,1089780.0,2003749.0,375403.0,375413.0,229222.0,174291.0,16.0,nan,nan,nan
simple_triad_stride_deg4_dist16_l1d_ddr4_2x,simple_triad,stride,deg4_dist16,l1d,ddr4_2x,0.001933,1933440957.0,3510089.0,5806129.0,0.604552,1006323.0,2003835.0,375405.0,375415.0,254547.0,188389.0,15.0,nan,nan,nan
simple_triad_stride_deg4_dist16_l2_ddr4_1x,simple_triad,stride,deg4_dist16,l2,ddr4_1x,0.002476,2476209645.0,3509939.0,7436066.0,0.472018,1912432.0,2003758.0,156733.0,370709.0,nan,nan,nan,537505.0,213966.0,436.0
simple_triad_stride_deg4_dist16_l2_ddr4_2x,simple_triad,stride,deg4_dist16,l2,ddr4_2x,0.001707,1706502789.0,3510106.0,5124633.0,0.684951,1943702.0,2003825.0,176849.0,372862.0,nan,nan,nan,660773.0,196003.0,31.0
simple_triad_stride_deg4_dist1_l1d_ddr4_1x,simple_triad,stride,deg4_dist1,l1d,ddr4_1x,0.002456,2455950591.0,3509957.0,7375228.0,0.475914,1975949.0,2003765.0,375386.0,375396.0,374212.0,1807.0,5.0,nan,nan,nan
simple_triad_stride_deg4_dist1_l1d_ddr4_2x,simple_triad,stride,deg4_dist1,l1d,ddr4_2x,0.001859,1858650822.0,3510089.0,5581534.0,0.628879,1871324.0,2003837.0,375385.0,375395.0,461325.0,22186.0,5.0,nan,nan,nan
simple_triad_stride_deg4_dist1_l2_ddr4_1x,simple_triad,stride,deg4_dist1,l2,ddr4_1x,0.002406,2406132459.0,3510034.0,7225623.0,0.485778,1958400.0,2003797.0,343709.0,375375.0,nan,nan,nan,800416.0,31656.0,5.0
simple_triad_stride_deg4_dist1_l2_ddr4_2x,simple_triad,stride,deg4_dist1,l2,ddr4_2x,0.001748,1747958292.0,3510138.0,5249124.0,0.668713,1950818.0,2003826.0,307396.0,375348.0,nan,nan,nan,1024454.0,67942.0,5.0
simple_triad_stride_deg4_dist32_l1d_ddr4_1x,simple_triad,stride,deg4_dist32,l1d,ddr4_1x,0.002816,2816391789.0,3509911.0,8457634.0,0.415001,1099029.0,2003747.0,375399.0,375409.0,200651.0,169517.0,18.0,nan,nan,nan
simple_triad_stride_deg4_dist32_l1d_ddr4_2x,simple_triad,stride,deg4_dist32,l1d,ddr4_2x,0.002025,2025429876.0,3510115.0,6082372.0,0.577099,1063634.0,2003825.0,375403.0,375413.0,212403.0,175869.0,18.0,nan,nan,nan
simple_triad_stride_deg4_dist32_l2_ddr4_1x,simple_triad,stride,deg4_dist32,l2,ddr4_1x,0.002662,2661677325.0,3509929.0,7993026.0,0.439126,1958096.0,2003758.0,186086.0,367692.0,nan,nan,nan,420916.0,181596.0,20.0
simple_triad_stride_deg4_dist32_l2_ddr4_2x,simple_triad,stride,deg4_dist32,l2,ddr4_2x,0.001987,1986743934.0,3510113.0,5966198.0,0.588336,1943160.0,2003834.0,190036.0,371656.0,nan,nan,nan,539370.0,181610.0,18.0
simple_triad_stride_deg4_dist4_l1d_ddr4_1x,simple_triad,stride,deg4_dist4,l1d,ddr4_1x,0.002524,2523890916.0,3509906.0,7579253.0,0.463096,1822480.0,2003729.0,375397.0,375407.0,356561.0,32182.0,14.0,nan,nan,nan
simple_triad_stride_deg4_dist4_l1d_ddr4_2x,simple_triad,stride,deg4_dist4,l1d,ddr4_2x,0.001908,1908459630.0,3510110.0,5731110.0,0.612469,1686673.0,2003836.0,375395.0,375405.0,402018.0,62544.0,11.0,nan,nan,nan
simple_triad_stride_deg4_dist4_l2_ddr4_1x,simple_triad,stride,deg4_dist4,l2,ddr4_1x,0.002364,2364466833.0,3510082.0,7100501.0,0.494345,1925586.0,2003826.0,301979.0,375368.0,nan,nan,nan,559192.0,73379.0,8.0
simple_triad_stride_deg4_dist4_l2_ddr4_2x,simple_triad,stride,deg4_dist4,l2,ddr4_2x,0.001647,1647158526.0,3510145.0,4946422.0,0.709637,1926717.0,2003830.0,264759.0,375367.0,nan,nan,nan,666886.0,110598.0,8.0
simple_triad_stride_deg4_dist8_l1d_ddr4_1x,simple_triad,stride,deg4_dist8,l1d,ddr4_1x,0.002635,2635236126.0,3509969.0,7913623.0,0.443537,1760110.0,2003756.0,375406.0,375416.0,305509.0,48205.0,17.0,nan,nan,nan
simple_triad_stride_deg4_dist8_l1d_ddr4_2x,simple_triad,stride,deg4_dist8,l1d,ddr4_2x,0.001897,1897043391.0,3510115.0,5696827.0,0.616156,1486640.0,2003826.0,375406.0,375416.0,353964.0,96685.0,16.0,nan,nan,nan
simple_triad_stride_deg4_dist8_l2_ddr4_1x,simple_triad,stride,deg4_dist8,l2,ddr4_1x,0.002461,2461327875.0,3509911.0,7391376.0,0.474868,1947098.0,2003753.0,258363.0,374650.0,nan,nan,nan,524313.0,116277.0,13.0
simple_triad_stride_deg4_dist8_l2_ddr4_2x,simple_triad,stride,deg4_dist8,l2,ddr4_2x,0.001625,1625446926.0,3510087.0,4881222.0,0.719104,1925735.0,2003836.0,235631.0,374368.0,nan,nan,nan,606221.0,138727.0,15.0
simple_triad_stride_deg8_dist16_l1d_ddr4_1x,simple_triad,stride,deg8_dist16,l1d,ddr4_1x,0.002871,2871143316.0,3509934.0,8622053.0,0.40709,859838.0,2003760.0,375415.0,375425.0,289972.0,215918.0,20.0,nan,nan,nan
simple_triad_stride_deg8_dist16_l1d_ddr4_2x,simple_triad,stride,deg8_dist16,l1d,ddr4_2x,0.002044,2043985635.0,3510086.0,6138095.0,0.571856,805949.0,2003836.0,375414.0,375424.0,348361.0,227631.0,19.0,nan,nan,nan
simple_triad_stride_deg8_dist16_l2_ddr4_1x,simple_triad,stride,deg8_dist16,l2,ddr4_1x,0.002445,2444633919.0,3509962.0,7341244.0,0.478118,1919646.0,2003753.0,143159.0,367497.0,nan,nan,nan,558351.0,224328.0,721.0
simple_triad_stride_deg8_dist16_l2_ddr4_2x,simple_triad,stride,deg8_dist16,l2,ddr4_2x,0.001655,1654866477.0,3510095.0,4969569.0,0.706321,1925037.0,2003825.0,123791.0,370242.0,nan,nan,nan,805295.0,246441.0,561.0
simple_triad_stride_deg8_dist1_l1d_ddr4_1x,simple_triad,stride,deg8_dist1,l1d,ddr4_1x,0.002524,2523568905.0,3509962.0,7578286.0,0.463163,1907951.0,2003758.0,375401.0,375411.0,358190.0,13730.0,14.0,nan,nan,nan
simple_triad_stride_deg8_dist1_l1d_ddr4_2x,simple_triad,stride,deg8_dist1,l1d,ddr4_2x,0.001936,1936408986.0,3510138.0,5815042.0,0.603634,1781796.0,2003832.0,375400.0,375410.0,383720.0,40709.0,14.0,nan,nan,nan
simple_triad_stride_deg8_dist1_l2_ddr4_1x,simple_triad,stride,deg8_dist1,l2,ddr4_1x,0.002396,2395631304.0,3510109.0,7194088.0,0.487918,1954969.0,2003830.0,325220.0,375329.0,nan,nan,nan,482860.0,50098.0,10.0
simple_triad_stride_deg8_dist1_l2_ddr4_2x,simple_triad,stride,deg8_dist1,l2,ddr4_2x,0.001673,1672784541.0,3510110.0,5023377.0,0.698759,1928578.0,2003814.0,276673.0,375286.0,nan,nan,nan,677156.0,98603.0,43.0
simple_triad_stride_deg8_dist32_l1d_ddr4_1x,simple_triad,stride,deg8_dist32,l1d,ddr4_1x,0.002942,2941899156.0,3509934.0,8834533.0,0.397299,1220914.0,2003756.0,375409.0,375419.0,166212.0,149533.0,25.0,nan,nan,nan
simple_triad_stride_deg8_dist32_l1d_ddr4_2x,simple_triad,stride,deg8_dist32,l1d,ddr4_2x,0.002172,2172443382.0,3510005.0,6523854.0,0.538029,1187719.0,2003740.0,375412.0,375422.0,209041.0,156193.0,25.0,nan,nan,nan
simple_triad_stride_deg8_dist32_l2_ddr4_1x,simple_triad,stride,deg8_dist32,l2,ddr4_1x,0.002591,2590760313.0,3509906.0,7780062.0,0.451143,1963186.0,2003756.0,182735.0,364300.0,nan,nan,nan,442049.0,181555.0,23.0
simple_triad_stride_deg8_dist32_l2_ddr4_2x,simple_triad,stride,deg8_dist32,l2,ddr4_2x,0.001989,1988722620.0,3510044.0,5972140.0,0.587739,1940035.0,2003821.0,187742.0,369360.0,nan,nan,nan,692126.0,181608.0,22.0
simple_triad_stride_deg8_dist4_l1d_ddr4_1x,simple_triad,stride,deg8_dist4,l1d,ddr4_1x,0.002668,2667705957.0,3509936.0,8011130.0,0.438135,1264441.0,2003764.0,375413.0,375423.0,360252.0,131413.0,17.0,nan,nan,nan
simple_triad_stride_deg8_dist4_l1d_ddr4_2x,simple_triad,stride,deg8_dist4,l1d,ddr4_2x,0.001939,1938527532.0,3510101.0,5821404.0,0.602968,1121184.0,2003842.0,375409.0,375419.0,411295.0,162563.0,17.0,nan,nan,nan
simple_triad_stride_deg8_dist4_l2_ddr4_1x,simple_triad,stride,deg8_dist4,l2,ddr4_1x,0.002427,2426640597.0,3509939.0,7287210.0,0.48166,1907535.0,2003760.0,223162.0,373562.0,nan,nan,nan,522260.0,150390.0,535.0
simple_triad_stride_deg8_dist4_l2_ddr4_2x,simple_triad,stride,deg8_dist4,l2,ddr4_2x,0.001588,1588193550.0,3510133.0,4769350.0,0.735981,1910430.0,2003830.0,196608.0,374476.0,nan,nan,nan,688308.0,177858.0,397.0
simple_triad_stride_deg8_dist8_l1d_ddr4_1x,simple_triad,stride,deg8_dist8,l1d,ddr4_1x,0.002785,2784959253.0,3509962.0,8363242.0,0.419691,819360.0,2003765.0,375417.0,375427.0,357885.0,224003.0,19.0,nan,nan,nan
simple_triad_stride_deg8_dist8_l1d_ddr4_2x,simple_triad,stride,deg8_dist8,l1d,ddr4_2x,0.001931,1931483916.0,3510106.0,5800252.0,0.605167,729001.0,2003833.0,375420.0,375430.0,415109.0,238892.0,20.0,nan,nan,nan
simple_triad_stride_deg8_dist8_l2_ddr4_1x,simple_triad,stride,deg8_dist8,l2,ddr4_1x,0.002456,2455658550.0,3509934.0,7374351.0,0.475968,1898519.0,2003760.0,151956.0,370154.0,nan,nan,nan,513350.0,218188.0,1478.0
simple_triad_stride_deg8_dist8_l2_ddr4_2x,simple_triad,stride,deg8_dist8,l2,ddr4_2x,0.001605,1605469923.0,3510110.0,4821231.0,0.728056,1912705.0,2003838.0,132425.0,371176.0,nan,nan,nan,720013.0,238741.0,1051.0
spmv_stride_deg16_dist16_l1d_ddr4_1x,spmv,stride,deg16_dist16,l1d,ddr4_1x,0.007068,7068245679.0,11279576.0,21225963.0,0.532535,2618710.0,4826560.0,542208.0,1927477.0,1961311.0,13631.0,229594.0,nan,nan,nan
spmv_stride_deg16_dist16_l1d_ddr4_2x,spmv,stride,deg16_dist16,l1d,ddr4_2x,0.006467,6467442750.0,11279576.0,19421750.0,0.582006,2624870.0,4826742.0,542232.0,1929209.0,1964941.0,13591.0,231353.0,nan,nan,nan
spmv_stride_deg16_dist16_l2_ddr4_1x,spmv,stride,deg16_dist16,l2,ddr4_1x,0.007216,7215912198.0,11279576.0,21669406.0,0.521637,2663696.0,4826918.0,394532.0,1686767.0,nan,nan,nan,1971322.0,144333.0,6032.0
spmv_stride_deg16_dist16_l2_ddr4_2x,spmv,stride,deg16_dist16,l2,ddr4_2x,0.00655,6550426350.0,11279581.0,19670950.0,0.574633,2670954.0,4827204.0,394575.0,1686816.0,nan,nan,nan,1971560.0,144333.0,6029.0
spmv_stride_deg16_dist1_l1d_ddr4_1x,spmv,stride,deg16_dist1,l1d,ddr4_1x,0.006776,6775943940.0,11279576.0,20348180.0,0.555508,1672898.0,4827058.0,536650.0,1845559.0,2683018.0,164995.0,147652.0,nan,nan,nan
spmv_stride_deg16_dist1_l1d_ddr4_2x,spmv,stride,deg16_dist1,l1d,ddr4_2x,0.006297,6296816880.0,11279576.0,18909360.0,0.597776,1672189.0,4827268.0,536665.0,1846733.0,2694697.0,165105.0,148746.0,nan,nan,nan
spmv_stride_deg16_dist1_l2_ddr4_1x,spmv,stride,deg16_dist1,l2,ddr4_1x,0.007106,7105527693.0,11279581.0,21337921.0,0.529741,2173894.0,4827513.0,343582.0,1687026.0,nan,nan,nan,2718433.0,192569.0,6022.0
spmv_stride_deg16_dist1_l2_ddr4_2x,spmv,stride,deg16_dist1,l2,ddr4_2x,0.006561,6560869230.0,11279581.0,19702310.0,0.573718,2182311.0,4827484.0,343628.0,1687021.0,nan,nan,nan,2718621.0,192566.0,6023.0
spmv_stride_deg16_dist32_l1d_ddr4_1x,spmv,stride,deg16_dist32,l1d,ddr4_1x,0.007756,7756212024.0,11279581.0,23291928.0,0.4853,3163663.0,4825764.0,538958.0,1840718.0,1163279.0,15.0,147129.0,nan,nan,nan
spmv_stride_deg16_dist32_l1d_ddr4_2x,spmv,stride,deg16_dist32,l1d,ddr4_2x,0.006886,6886325448.0,11279576.0,20679656.0,0.546603,3155556.0,4825934.0,538966.0,1841228.0,1167047.0,18.0,147605.0,nan,nan,nan
spmv_stride_deg16_dist32_l2_ddr4_1x,spmv,stride,deg16_dist32,l2,ddr4_1x,0.007842,7841682135.0,11279576.0,23548595.0,0.48001,3169617.0,4826109.0,441638.0,1686589.0,nan,nan,nan,1172642.0,95181.0,3718.0
spmv_stride_deg16_dist32_l2_ddr4_2x,spmv,stride,deg16_dist32,l2,ddr4_2x,0.006926,6925609125.0,11279576.0,20797625.0,0.543503,3166067.0,4826391.0,441637.0,1686636.0,nan,nan,nan,1172831.0,95181.0,3727.0
spmv_stride_deg16_dist4_l1d_ddr4_1x,spmv,stride,deg16_dist4,l1d,ddr4_1x,0.00684,6839852967.0,11279581.0,20540099.0,0.550317,1897888.0,4827015.0,539410.0,1872731.0,2536518.0,122666.0,174196.0,nan,nan,nan
spmv_stride_deg16_dist4_l1d_ddr4_2x,spmv,stride,deg16_dist4,l1d,ddr4_2x,0.006376,6376174110.0,11279576.0,19147670.0,0.590337,1899797.0,4827319.0,539473.0,1874152.0,2547857.0,122626.0,175599.0,nan,nan,nan
spmv_stride_deg16_dist4_l2_ddr4_1x,spmv,stride,deg16_dist4,l2,ddr4_1x,0.007176,7175747070.0,11279576.0,21548790.0,0.524557,2276751.0,4827505.0,355790.0,1686981.0,nan,nan,nan,2568842.0,181827.0,7113.0
spmv_stride_deg16_dist4_l2_ddr4_2x,spmv,stride,deg16_dist4,l2,ddr4_2x,0.006632,6631542819.0,11279581.0,19914543.0,0.567604,2286934.0,4827898.0,355834.0,1687024.0,nan,nan,nan,2569053.0,181832.0,7111.0
spmv_stride_deg16_dist8_l1d_ddr4_1x,spmv,stride,deg16_dist8,l1d,ddr4_1x,0.006967,6967312380.0,11279576.0,20922860.0,0.54025,2183214.0,4827163.0,542228.0,1906039.0,2355596.0,68942.0,207353.0,nan,nan,nan
spmv_stride_deg16_dist8_l1d_ddr4_2x,spmv,stride,deg16_dist8,l1d,ddr4_2x,0.006467,6467349843.0,11279581.0,19421471.0,0.582014,2195405.0,4827494.0,542283.0,1908307.0,2362034.0,69063.0,209570.0,nan,nan,nan
spmv_stride_deg16_dist8_l2_ddr4_1x,spmv,stride,deg16_dist8,l2,ddr4_1x,0.007197,7197463665.0,11279576.0,21614005.0,0.522974,2402454.0,4827360.0,369370.0,1686941.0,nan,nan,nan,2370606.0,168915.0,7183.0
spmv_stride_deg16_dist8_l2_ddr4_2x,spmv,stride,deg16_dist8,l2,ddr4_2x,0.006653,6652861812.0,11279581.0,19978564.0,0.565785,2414592.0,4827720.0,369457.0,1686981.0,nan,nan,nan,2370824.0,168915.0,7183.0
spmv_stride_deg1_dist16_l1d_ddr4_1x,spmv,stride,deg1_dist16,l1d,ddr4_1x,0.007535,7534929861.0,11279581.0,22627417.0,0.499552,2516016.0,4827091.0,533298.0,1791900.0,146635.0,48030.0,98604.0,nan,nan,nan
spmv_stride_deg1_dist16_l1d_ddr4_2x,spmv,stride,deg1_dist16,l1d,ddr4_2x,0.007011,7011040275.0,11279581.0,21054175.0,0.53688,2505754.0,4827047.0,533311.0,1792304.0,146635.0,47629.0,99005.0,nan,nan,nan
spmv_stride_deg1_dist16_l2_ddr4_1x,spmv,stride,deg1_dist16,l2,ddr4_1x,0.007649,7649211798.0,11279581.0,22970606.0,0.492089,2665936.0,4827094.0,386622.0,1686846.0,nan,nan,nan,146629.0,144333.0,2293.0
spmv_stride_deg1_dist16_l2_ddr4_2x,spmv,stride,deg1_dist16,l2,ddr4_2x,0.007124,7124421447.0,11279576.0,21394659.0,0.528336,2645641.0,4827067.0,386618.0,1686806.0,nan,nan,nan,146629.0,144333.0,2293.0
spmv_stride_deg1_dist1_l1d_ddr4_1x,spmv,stride,deg1_dist1,l1d,ddr4_1x,0.007431,7431352875.0,11279576.0,22316375.0,0.506515,1687436.0,4827805.0,524095.0,1690644.0,193388.0,170154.0,2984.0,nan,nan,nan
spmv_stride_deg1_dist1_l1d_ddr4_2x,spmv,stride,deg1_dist1,l1d,ddr4_2x,0.006954,6953914125.0,11279576.0,20882625.0,0.541291,1677784.0,4827955.0,524193.0,1690765.0,193391.0,168201.0,2981.0,nan,nan,nan
spmv_stride_deg1_dist1_l2_ddr4_1x,spmv,stride,deg1_dist1,l2,ddr4_1x,0.007634,7633767258.0,11279581.0,22924226.0,0.493084,2197569.0,4827644.0,346039.0,1687013.0,nan,nan,nan,193386.0,178081.0,8.0
spmv_stride_deg1_dist1_l2_ddr4_2x,spmv,stride,deg1_dist1,l2,ddr4_2x,0.007212,7211764350.0,11279581.0,21656950.0,0.521938,2200550.0,4827714.0,343853.0,1687107.0,nan,nan,nan,193386.0,180354.0,8.0
spmv_stride_deg1_dist32_l1d_ddr4_1x,spmv,stride,deg1_dist32,l1d,ddr4_1x,0.007607,7607368350.0,11279576.0,22844950.0,0.494795,3168563.0,4825848.0,533877.0,1787682.0,96722.0,74.0,96647.0,nan,nan,nan
spmv_stride_deg1_dist32_l1d_ddr4_2x,spmv,stride,deg1_dist32,l1d,ddr4_2x,0.007106,7106200020.0,11279576.0,21339940.0,0.529691,3188835.0,4826120.0,533928.0,1787690.0,96729.0,76.0,96644.0,nan,nan,nan
spmv_stride_deg1_dist32_l2_ddr4_1x,spmv,stride,deg1_dist32,l2,ddr4_1x,0.007597,7597494900.0,11279581.0,22815300.0,0.495438,3177789.0,4826116.0,437217.0,1686618.0,nan,nan,nan,96709.0,95181.0,1526.0
spmv_stride_deg1_dist32_l2_ddr4_2x,spmv,stride,deg1_dist32,l2,ddr4_2x,0.007078,7077724857.0,11279581.0,21254429.0,0.531822,3189130.0,4826234.0,437203.0,1686598.0,nan,nan,nan,96709.0,95181.0,1526.0
spmv_stride_deg1_dist4_l1d_ddr4_1x,spmv,stride,deg1_dist4,l1d,ddr4_1x,0.007422,7421943294.0,11279576.0,22288118.0,0.507157,1715814.0,4827669.0,527346.0,1692699.0,184038.0,181072.0,2961.0,nan,nan,nan
spmv_stride_deg1_dist4_l1d_ddr4_2x,spmv,stride,deg1_dist4,l1d,ddr4_2x,0.006962,6962345352.0,11279576.0,20907944.0,0.540635,1708270.0,4828293.0,527381.0,1692808.0,184045.0,181057.0,2976.0,nan,nan,nan
spmv_stride_deg1_dist4_l2_ddr4_1x,spmv,stride,deg1_dist4,l2,ddr4_1x,0.007651,7651127880.0,11279581.0,22976360.0,0.491965,2279342.0,4827666.0,343494.0,1687000.0,nan,nan,nan,184038.0,183175.0,853.0
spmv_stride_deg1_dist4_l2_ddr4_2x,spmv,stride,deg1_dist4,l2,ddr4_2x,0.007202,7201633158.0,11279581.0,21626526.0,0.522672,2280164.0,4827910.0,343550.0,1687111.0,nan,nan,nan,184038.0,183180.0,848.0
spmv_stride_deg1_dist8_l1d_ddr4_1x,spmv,stride,deg1_dist8,l1d,ddr4_1x,0.007411,7410936312.0,11279576.0,22255064.0,0.50791,1909533.0,4827596.0,531343.0,1704988.0,171578.0,158363.0,13207.0,nan,nan,nan
spmv_stride_deg1_dist8_l1d_ddr4_2x,spmv,stride,deg1_dist8,l1d,ddr4_2x,0.006901,6900787971.0,11279576.0,20723087.0,0.545458,1883200.0,4827927.0,531381.0,1704759.0,171582.0,158699.0,12871.0,nan,nan,nan
spmv_stride_deg1_dist8_l2_ddr4_1x,spmv,stride,deg1_dist8,l2,ddr4_1x,0.007644,7644085596.0,11279581.0,22955212.0,0.492419,2407832.0,4827641.0,359729.0,1686934.0,nan,nan,nan,171572.0,168947.0,2613.0
spmv_stride_deg1_dist8_l2_ddr4_2x,spmv,stride,deg1_dist8,l2,ddr4_2x,0.00713,7130242620.0,11279576.0,21412140.0,0.527905,2382073.0,4827503.0,359801.0,1686990.0,nan,nan,nan,171558.0,168933.0,2613.0
spmv_stride_deg32_dist16_l1d_ddr4_1x,spmv,stride,deg32_dist16,l1d,ddr4_1x,0.006495,6495275889.0,11279576.0,19505333.0,0.579512,2624289.0,4826115.0,547485.0,2039582.0,2941119.0,8954.0,337725.0,nan,nan,nan
spmv_stride_deg32_dist16_l1d_ddr4_2x,spmv,stride,deg32_dist16,l1d,ddr4_2x,0.00584,5839740414.0,11279581.0,17536758.0,0.644565,2614562.0,4826201.0,547568.0,2041547.0,2966921.0,8851.0,339611.0,nan,nan,nan
spmv_stride_deg32_dist16_l2_ddr4_1x,spmv,stride,deg32_dist16,l2,ddr4_1x,0.006624,6624474894.0,11279590.0,19893318.0,0.56821,2658852.0,4826826.0,399891.0,1686648.0,nan,nan,nan,3063709.0,144333.0,9110.0
spmv_stride_deg32_dist16_l2_ddr4_2x,spmv,stride,deg32_dist16,l2,ddr4_2x,0.005872,5872346109.0,11279581.0,17634673.0,0.640986,2645635.0,4826950.0,399921.0,1686669.0,nan,nan,nan,3072068.0,144333.0,9131.0
spmv_stride_deg32_dist1_l1d_ddr4_1x,spmv,stride,deg32_dist1,l1d,ddr4_1x,0.006194,6194421378.0,11279581.0,18601866.0,0.607658,1681965.0,4826118.0,545577.0,2007319.0,4272257.0,163799.0,303332.0,nan,nan,nan
spmv_stride_deg32_dist1_l1d_ddr4_2x,spmv,stride,deg32_dist1,l1d,ddr4_2x,0.00568,5680147500.0,11279576.0,17057500.0,0.662674,1682633.0,4826587.0,545717.0,2011717.0,4321198.0,163543.0,307488.0,nan,nan,nan
spmv_stride_deg32_dist1_l2_ddr4_1x,spmv,stride,deg32_dist1,l2,ddr4_1x,0.006546,6546278835.0,11279576.0,19658495.0,0.574997,2172103.0,4827407.0,352583.0,1686915.0,nan,nan,nan,4516563.0,192429.0,10995.0
spmv_stride_deg32_dist1_l2_ddr4_2x,spmv,stride,deg32_dist1,l2,ddr4_2x,0.005948,5947847865.0,11279576.0,17861405.0,0.632849,2176895.0,4827386.0,352632.0,1686995.0,nan,nan,nan,4538563.0,192486.0,10978.0
spmv_stride_deg32_dist32_l1d_ddr4_1x,spmv,stride,deg32_dist32,l1d,ddr4_1x,0.007867,7867309149.0,11279576.0,23625553.0,0.478447,3162287.0,4825626.0,540773.0,1868332.0,1413690.0,17.0,173671.0,nan,nan,nan
spmv_stride_deg32_dist32_l1d_ddr4_2x,spmv,stride,deg32_dist32,l1d,ddr4_2x,0.006872,6871913874.0,11279576.0,20636378.0,0.54775,3153218.0,4825919.0,540798.0,1869672.0,1432671.0,20.0,174887.0,nan,nan,nan
spmv_stride_deg32_dist32_l2_ddr4_1x,spmv,stride,deg32_dist32,l2,ddr4_1x,0.007992,7991829171.0,11279581.0,23999487.0,0.470992,3155908.0,4826191.0,443409.0,1686568.0,nan,nan,nan,1487395.0,95181.0,4759.0
spmv_stride_deg32_dist32_l2_ddr4_2x,spmv,stride,deg32_dist32,l2,ddr4_2x,0.006905,6905210544.0,11279576.0,20736368.0,0.545108,3153359.0,4826243.0,443395.0,1686651.0,nan,nan,nan,1497809.0,95181.0,4772.0
spmv_stride_deg32_dist4_l1d_ddr4_1x,spmv,stride,deg32_dist4,l1d,ddr4_1x,0.006245,6244872543.0,11279581.0,18753371.0,0.602749,1938206.0,4826159.0,547600.0,2041841.0,4001235.0,110415.0,337506.0,nan,nan,nan
spmv_stride_deg32_dist4_l1d_ddr4_2x,spmv,stride,deg32_dist4,l1d,ddr4_2x,0.005738,5737745511.0,11279576.0,17230467.0,0.656022,1936415.0,4826785.0,547680.0,2046710.0,4057435.0,109938.0,342065.0,nan,nan,nan
spmv_stride_deg32_dist4_l2_ddr4_1x,spmv,stride,deg32_dist4,l2,ddr4_1x,0.006617,6617226483.0,11279576.0,19871551.0,0.568832,2273182.0,4827499.0,363887.0,1686873.0,nan,nan,nan,4223162.0,181776.0,11644.0
spmv_stride_deg32_dist4_l2_ddr4_2x,spmv,stride,deg32_dist4,l2,ddr4_2x,0.006028,6028017948.0,11279576.0,18102156.0,0.624432,2275205.0,4827587.0,363938.0,1687016.0,nan,nan,nan,4244981.0,181779.0,11678.0
spmv_stride_deg32_dist8_l1d_ddr4_1x,spmv,stride,deg32_dist8,l1d,ddr4_1x,0.006351,6350938371.0,11279576.0,19071887.0,0.592682,2225319.0,4826173.0,549393.0,2063373.0,3639914.0,55192.0,359125.0,nan,nan,nan
spmv_stride_deg32_dist8_l1d_ddr4_2x,spmv,stride,deg32_dist8,l1d,ddr4_2x,0.005805,5804988201.0,11279576.0,17432397.0,0.648423,2220003.0,4826786.0,549569.0,2067296.0,3691809.0,54902.0,362873.0,nan,nan,nan
spmv_stride_deg32_dist8_l2_ddr4_1x,spmv,stride,deg32_dist8,l2,ddr4_1x,0.006652,6652410930.0,11279581.0,19977210.0,0.565824,2400253.0,4827392.0,376573.0,1686822.0,nan,nan,nan,3841332.0,168915.0,11232.0
spmv_stride_deg32_dist8_l2_ddr4_2x,spmv,stride,deg32_dist8,l2,ddr4_2x,0.006014,6013994652.0,11279576.0,18060044.0,0.625888,2401175.0,4827700.0,376610.0,1686897.0,nan,nan,nan,3864583.0,168912.0,11214.0
spmv_stride_deg4_dist16_l1d_ddr4_1x,spmv,stride,deg4_dist16,l1d,ddr4_1x,0.007428,7427548683.0,11279581.0,22304951.0,0.506774,2588175.0,4826822.0,535517.0,1821378.0,567895.0,25453.0,127669.0,nan,nan,nan
spmv_stride_deg4_dist16_l1d_ddr4_2x,spmv,stride,deg4_dist16,l1d,ddr4_2x,0.00684,6840008811.0,11279590.0,20540567.0,0.550305,2598974.0,4826840.0,535558.0,1821839.0,567929.0,24953.0,128169.0,nan,nan,nan
spmv_stride_deg4_dist16_l2_ddr4_1x,spmv,stride,deg4_dist16,l2,ddr4_1x,0.007562,7561943154.0,11279576.0,22708538.0,0.497767,2665045.0,4827025.0,387885.0,1686815.0,nan,nan,nan,567796.0,144333.0,2306.0
spmv_stride_deg4_dist16_l2_ddr4_2x,spmv,stride,deg4_dist16,l2,ddr4_2x,0.006955,6955261443.0,11279576.0,20886671.0,0.541186,2674754.0,4827268.0,387934.0,1686864.0,nan,nan,nan,567796.0,144333.0,2306.0
spmv_stride_deg4_dist1_l1d_ddr4_1x,spmv,stride,deg4_dist1,l1d,ddr4_1x,0.007262,7262374689.0,11279576.0,21808933.0,0.5183,1591693.0,4827687.0,526798.0,1701913.0,754648.0,190277.0,11745.0,nan,nan,nan
spmv_stride_deg4_dist1_l1d_ddr4_2x,spmv,stride,deg4_dist1,l1d,ddr4_2x,nan,nan,nan,nan,nan,nan,nan,nan,nan,nan,nan,nan,nan,nan,nan
spmv_stride_deg4_dist1_l2_ddr4_1x,spmv,stride,deg4_dist1,l2,ddr4_1x,0.007507,7506777708.0,11279576.0,22542876.0,0.501425,2177819.0,4827653.0,334240.0,1687037.0,nan,nan,nan,754848.0,192553.0,856.0
spmv_stride_deg4_dist1_l2_ddr4_2x,spmv,stride,deg4_dist1,l2,ddr4_2x,0.007067,7067202390.0,11279576.0,21222830.0,0.532614,2189922.0,4827888.0,334303.0,1687107.0,nan,nan,nan,754848.0,192555.0,854.0
spmv_stride_deg4_dist32_l1d_ddr4_1x,spmv,stride,deg4_dist32,l1d,ddr4_1x,0.007616,7616393649.0,11279576.0,22872053.0,0.494209,3168627.0,4825716.0,535163.0,1792090.0,368265.0,36.0,100861.0,nan,nan,nan
spmv_stride_deg4_dist32_l1d_ddr4_2x,spmv,stride,deg4_dist32,l1d,ddr4_2x,0.006843,6843166650.0,11279581.0,20550050.0,0.550051,3164686.0,4825748.0,535159.0,1792187.0,368326.0,30.0,100869.0,nan,nan,nan
spmv_stride_deg4_dist32_l2_ddr4_1x,spmv,stride,deg4_dist32,l2,ddr4_1x,0.007645,7644572442.0,11279581.0,22956674.0,0.492387,3174067.0,4826017.0,437876.0,1686533.0,nan,nan,nan,368116.0,95181.0,1543.0
spmv_stride_deg4_dist32_l2_ddr4_2x,spmv,stride,deg4_dist32,l2,ddr4_2x,0.006863,6862972824.0,11279576.0,20609528.0,0.548463,3169573.0,4826365.0,437850.0,1686646.0,nan,nan,nan,368116.0,95181.0,1538.0
spmv_stride_deg4_dist4_l1d_ddr4_1x,spmv,stride,deg4_dist4,l1d,ddr4_1x,0.00724,7239773979.0,11279590.0,21741063.0,0.519919,1726046.0,4827707.0,530031.0,1706408.0,717374.0,177726.0,14530.0,nan,nan,nan
spmv_stride_deg4_dist4_l1d_ddr4_2x,spmv,stride,deg4_dist4,l1d,ddr4_2x,0.006778,6777758124.0,11279576.0,20353628.0,0.555359,1728621.0,4828017.0,530160.0,1706688.0,717501.0,177532.0,14728.0,nan,nan,nan
spmv_stride_deg4_dist4_l2_ddr4_1x,spmv,stride,deg4_dist4,l2,ddr4_1x,0.007542,7541985465.0,11279576.0,22648605.0,0.499085,2284180.0,4827808.0,347177.0,1686987.0,nan,nan,nan,717455.0,181389.0,2677.0
spmv_stride_deg4_dist4_l2_ddr4_2x,spmv,stride,deg4_dist4,l2,ddr4_2x,0.007049,7048616661.0,11279581.0,21167017.0,0.534018,2297108.0,4827820.0,347251.0,1687059.0,nan,nan,nan,717455.0,181389.0,2677.0
spmv_stride_deg4_dist8_l1d_ddr4_1x,spmv,stride,deg4_dist8,l1d,ddr4_1x,0.007323,7322906097.0,11279576.0,21990709.0,0.514016,2021320.0,4827658.0,533762.0,1750228.0,667711.0,122493.0,56727.0,nan,nan,nan
spmv_stride_deg4_dist8_l1d_ddr4_2x,spmv,stride,deg4_dist8,l1d,ddr4_2x,0.006844,6843807342.0,11279581.0,20551974.0,0.549999,2029902.0,4827808.0,533850.0,1751472.0,667902.0,121376.0,57843.0,nan,nan,nan
spmv_stride_deg4_dist8_l2_ddr4_1x,spmv,stride,deg4_dist8,l2,ddr4_1x,0.007559,7558548552.0,11279576.0,22698344.0,0.497991,2407342.0,4827602.0,361049.0,1686918.0,nan,nan,nan,667587.0,168908.0,2684.0
spmv_stride_deg4_dist8_l2_ddr4_2x,spmv,stride,deg4_dist8,l2,ddr4_2x,0.007046,7045997616.0,11279576.0,21159152.0,0.534217,2419206.0,4827814.0,361124.0,1686977.0,nan,nan,nan,667587.0,168908.0,2684.0
spmv_stride_deg8_dist16_l1d_ddr4_1x,spmv,stride,deg8_dist16,l1d,ddr4_1x,0.007307,7306666353.0,11279590.0,21941941.0,0.515159,2635655.0,4826732.0,537925.0,1847379.0,1085860.0,10264.0,153205.0,nan,nan,nan
spmv_stride_deg8_dist16_l1d_ddr4_2x,spmv,stride,deg8_dist16,l1d,ddr4_2x,0.006717,6717029913.0,11279581.0,20171261.0,0.56038,2646140.0,4826796.0,537962.0,1847964.0,1086215.0,9940.0,153784.0,nan,nan,nan
spmv_stride_deg8_dist16_l2_ddr4_1x,spmv,stride,deg8_dist16,l2,ddr4_1x,0.00744,7439952267.0,11279581.0,22342199.0,0.505929,2666279.0,4827021.0,390529.0,1686808.0,nan,nan,nan,1085672.0,144333.0,3983.0
spmv_stride_deg8_dist16_l2_ddr4_2x,spmv,stride,deg8_dist16,l2,ddr4_2x,0.006826,6826032135.0,11279581.0,20498595.0,0.551432,2672406.0,4827302.0,390580.0,1686860.0,nan,nan,nan,1085672.0,144333.0,3983.0
spmv_stride_deg8_dist1_l1d_ddr4_1x,spmv,stride,deg8_dist1,l1d,ddr4_1x,0.007047,7047357588.0,11279576.0,21163236.0,0.534113,1616571.0,4827422.0,530413.0,1726087.0,1459125.0,182317.0,33001.0,nan,nan,nan
spmv_stride_deg8_dist1_l1d_ddr4_2x,spmv,stride,deg8_dist1,l1d,ddr4_2x,0.006583,6583373037.0,11279576.0,19769889.0,0.571757,1613064.0,4827644.0,530439.0,1725846.0,1459621.0,182675.0,32667.0,nan,nan,nan
spmv_stride_deg8_dist1_l2_ddr4_1x,spmv,stride,deg8_dist1,l2,ddr4_1x,0.007306,7305767586.0,11279581.0,21939242.0,0.515222,2171739.0,4827517.0,337432.0,1687026.0,nan,nan,nan,1459837.0,192725.0,2890.0
spmv_stride_deg8_dist1_l2_ddr4_2x,spmv,stride,deg8_dist1,l2,ddr4_2x,0.006849,6849465012.0,11279581.0,20568964.0,0.549545,2177770.0,4827547.0,337485.0,1686969.0,nan,nan,nan,1459813.0,192718.0,2908.0
spmv_stride_deg8_dist32_l1d_ddr4_1x,spmv,stride,deg8_dist32,l1d,ddr4_1x,0.007653,7652593746.0,11279581.0,22980762.0,0.491871,3167896.0,4825822.0,536717.0,1798097.0,686761.0,18.0,106653.0,nan,nan,nan
spmv_stride_deg8_dist32_l1d_ddr4_2x,spmv,stride,deg8_dist32,l1d,ddr4_2x,0.006851,6851381094.0,11279581.0,20574718.0,0.549391,3163367.0,4825863.0,536690.0,1798122.0,686832.0,18.0,106665.0,nan,nan,nan
spmv_stride_deg8_dist32_l2_ddr4_1x,spmv,stride,deg8_dist32,l2,ddr4_1x,0.007698,7697865096.0,11279576.0,23116712.0,0.488978,3171471.0,4826006.0,439563.0,1686600.0,nan,nan,nan,686312.0,95181.0,2591.0
spmv_stride_deg8_dist32_l2_ddr4_2x,spmv,stride,deg8_dist32,l2,ddr4_2x,0.006887,6886646127.0,11279581.0,20680619.0,0.546578,3165895.0,4826320.0,439545.0,1686650.0,nan,nan,nan,686312.0,95181.0,2590.0
spmv_stride_deg8_dist4_l1d_ddr4_1x,spmv,stride,deg8_dist4,l1d,ddr4_1x,0.00711,7110122427.0,11279581.0,21351719.0,0.529399,1851329.0,4827466.0,533354.0,1762255.0,1384229.0,137357.0,67939.0,nan,nan,nan
spmv_stride_deg8_dist4_l1d_ddr4_2x,spmv,stride,deg8_dist4,l1d,ddr4_2x,0.006665,6664931397.0,11279576.0,20014809.0,0.56476,1860008.0,4827618.0,533432.0,1763471.0,1384966.0,136232.0,69154.0,nan,nan,nan
spmv_stride_deg8_dist4_l2_ddr4_1x,spmv,stride,deg8_dist4,l2,ddr4_1x,0.007407,7407053199.0,11279581.0,22243403.0,0.508177,2277277.0,4827573.0,349812.0,1686951.0,nan,nan,nan,1385042.0,182215.0,3937.0
spmv_stride_deg8_dist4_l2_ddr4_2x,spmv,stride,deg8_dist4,l2,ddr4_2x,0.006911,6911093988.0,11279576.0,20754036.0,0.544644,2291557.0,4827945.0,349857.0,1687012.0,nan,nan,nan,1385042.0,182206.0,3946.0
spmv_stride_deg8_dist8_l1d_ddr4_1x,spmv,stride,deg8_dist8,l1d,ddr4_1x,0.007198,7198359435.0,11279581.0,21616695.0,0.522909,2172404.0,4827580.0,536967.0,1810469.0,1285496.0,74450.0,115535.0,nan,nan,nan
spmv_stride_deg8_dist8_l1d_ddr4_2x,spmv,stride,deg8_dist8,l1d,ddr4_2x,0.006732,6731794467.0,11279581.0,20215599.0,0.559151,2185200.0,4827772.0,537030.0,1811714.0,1285923.0,73393.0,116722.0,nan,nan,nan
spmv_stride_deg8_dist8_l2_ddr4_1x,spmv,stride,deg8_dist8,l2,ddr4_1x,0.007432,7432216677.0,11279581.0,22318969.0,0.506456,2405753.0,4827512.0,364447.0,1686935.0,nan,nan,nan,1285294.0,168918.0,4662.0
spmv_stride_deg8_dist8_l2_ddr4_2x,spmv,stride,deg8_dist8,l2,ddr4_2x,0.00692,6919964109.0,11279576.0,20780673.0,0.543946,2417907.0,4827854.0,364521.0,1686975.0,nan,nan,nan,1285294.0,168918.0,4664.0
