gem5 Simulator System.  https://www.gem5.org
gem5 is copyrighted software; use the --copyright option for details.

gem5 version 25.0.0.1
gem5 compiled May  5 2026 12:55:05
gem5 started Jun 12 2026 15:16:18
gem5 executing on cn27.guoehi.cluster, pid 163965
command line: ../../gem5/build/ALL/gem5.opt --outdir=results_stride_multisim -m gem5.utils.multisim run_stride_multisim.py

gem5 Simulator System.  https://www.gem5.org
gem5 is copyrighted software; use the --copyright option for details.

gem5 version 25.0.0.1
gem5 compiled May  5 2026 12:55:05
gem5 started Jun 12 2026 15:16:49
gem5 executing on cn27.guoehi.cluster, pid 163994
command line: /home/fdemirel/HPC_Lab_Proj/stride/../../gem5/build/ALL/gem5.opt -s -c 'from multiprocessing.resource_tracker import main;main(5)'

Global frequency set at 1000000000000 ticks per second
Global frequency set at 1000000000000 ticks per second
Global frequency set at 1000000000000 ticks per second
src/mem/dram_interface.cc:690: warn: DRAM device capacity (16384 Mbytes) does not match the address range assigned (512 Mbytes)
src/mem/dram_interface.cc:690: warn: DRAM device capacity (16384 Mbytes) does not match the address range assigned (512 Mbytes)
src/base/statistics.hh:279: warn: One of the stats is a legacy stat. Legacy stat is a stat that does not belong to any statistics::Group. Legacy stat is deprecated.
board.remote_gdb: Listening for connections on port 7000
Global frequency set at 1000000000000 ticks per second
src/mem/dram_interface.cc:690: warn: DRAM device capacity (16384 Mbytes) does not match the address range assigned (512 Mbytes)
src/mem/dram_interface.cc:690: warn: DRAM device capacity (16384 Mbytes) does not match the address range assigned (1024 Mbytes)
src/mem/dram_interface.cc:690: warn: DRAM device capacity (16384 Mbytes) does not match the address range assigned (512 Mbytes)
src/base/statistics.hh:279: warn: One of the stats is a legacy stat. Legacy stat is a stat that does not belong to any statistics::Group. Legacy stat is deprecated.
board.remote_gdb: Listening for connections on port 7001
src/base/statistics.hh:279: warn: One of the stats is a legacy stat. Legacy stat is a stat that does not belong to any statistics::Group. Legacy stat is deprecated.
board.remote_gdb: Listening for connections on port 7002
gem5 Simulator System.  https://www.gem5.org
gem5 is copyrighted software; use the --copyright option for details.

gem5 version 25.0.0.1
gem5 compiled May  5 2026 12:55:05
gem5 started Jun 12 2026 15:16:49
gem5 executing on cn27.guoehi.cluster, pid 163995
command line: /home/fdemirel/HPC_Lab_Proj/stride/../../gem5/build/ALL/gem5.opt -s --outdir=results_stride_multisim --stdout-file=merge_stride_deg1_dist32_l2_ddr4_2x_simout.txt --stderr-file=merge_stride_deg1_dist32_l2_ddr4_2x_simerr.txt --stats-file=stats.txt -c 'from multiprocessing.spawn import spawn_main; spawn_main(tracker_fd=7, pipe_handle=10)' --multiprocessing-fork

src/sim/mem_state.cc:443: info: Increasing stack size by one page.
src/sim/syscall_emul.hh:1121: warn: readlink() called on '/proc/self/exe' may yield unexpected results in various settings.
      Returning '/home/fdemirel/HPC_Lab_Proj/benchmarks/merge/merge-m5.x'
src/arch/arm/insts/pseudo.cc:174: warn: 	instruction 'bti' unimplemented
gem5 Simulator System.  https://www.gem5.org
gem5 is copyrighted software; use the --copyright option for details.

gem5 version 25.0.0.1
gem5 compiled May  5 2026 12:55:05
gem5 started Jun 12 2026 15:16:49
gem5 executing on cn27.guoehi.cluster, pid 163998
command line: /home/fdemirel/HPC_Lab_Proj/stride/../../gem5/build/ALL/gem5.opt -s --outdir=results_stride_multisim --stdout-file=simple_triad_stride_deg16_dist1_l2_ddr4_2x_simout.txt --stderr-file=simple_triad_stride_deg16_dist1_l2_ddr4_2x_simerr.txt --stats-file=stats.txt -c 'from multiprocessing.spawn import spawn_main; spawn_main(tracker_fd=7, pipe_handle=16)' --multiprocessing-fork

src/sim/mem_state.cc:443: info: Increasing stack size by one page.
src/sim/syscall_emul.hh:1121: warn: readlink() called on '/proc/self/exe' may yield unexpected results in various settings.
      Returning '/home/fdemirel/HPC_Lab_Proj/benchmarks/simple_triad/simple_triad-m5.x'
gem5 Simulator System.  https://www.gem5.org
gem5 is copyrighted software; use the --copyright option for details.

gem5 version 25.0.0.1
gem5 compiled May  5 2026 12:55:05
gem5 started Jun 12 2026 15:16:49
gem5 executing on cn27.guoehi.cluster, pid 163996
command line: /home/fdemirel/HPC_Lab_Proj/stride/../../gem5/build/ALL/gem5.opt -s --outdir=results_stride_multisim --stdout-file=bfs_stride_deg8_dist1_l1d_ddr4_1x_simout.txt --stderr-file=bfs_stride_deg8_dist1_l1d_ddr4_1x_simerr.txt --stats-file=stats.txt -c 'from multiprocessing.spawn import spawn_main; spawn_main(tracker_fd=7, pipe_handle=12)' --multiprocessing-fork

src/sim/mem_state.cc:443: info: Increasing stack size by one page.
src/sim/syscall_emul.hh:1121: warn: readlink() called on '/proc/self/exe' may yield unexpected results in various settings.
      Returning '/home/fdemirel/HPC_Lab_Proj/benchmarks/bfs/bfs-m5.x'
src/arch/arm/insts/pseudo.cc:174: warn: 	instruction 'bti' unimplemented
src/mem/dram_interface.cc:690: warn: DRAM device capacity (16384 Mbytes) does not match the address range assigned (1024 Mbytes)
src/base/statistics.hh:279: warn: One of the stats is a legacy stat. Legacy stat is a stat that does not belong to any statistics::Group. Legacy stat is deprecated.
board.remote_gdb: Listening for connections on port 7003
Beginning BFS ...
gem5 Simulator System.  https://www.gem5.org
gem5 is copyrighted software; use the --copyright option for details.

gem5 version 25.0.0.1
gem5 compiled May  5 2026 12:55:05
gem5 started Jun 12 2026 15:16:49
gem5 executing on cn27.guoehi.cluster, pid 163997
command line: /home/fdemirel/HPC_Lab_Proj/stride/../../gem5/build/ALL/gem5.opt -s --outdir=results_stride_multisim --stdout-file=spmv_stride_deg4_dist8_l1d_ddr4_1x_simout.txt --stderr-file=spmv_stride_deg4_dist8_l1d_ddr4_1x_simerr.txt --stats-file=stats.txt -c 'from multiprocessing.spawn import spawn_main; spawn_main(tracker_fd=7, pipe_handle=14)' --multiprocessing-fork

src/sim/mem_state.cc:443: info: Increasing stack size by one page.
src/sim/syscall_emul.hh:1121: warn: readlink() called on '/proc/self/exe' may yield unexpected results in various settings.
      Returning '/home/fdemirel/HPC_Lab_Proj/benchmarks/spmv/spmv-m5.x'
src/arch/arm/insts/pseudo.cc:174: warn: 	instruction 'bti' unimplemented
src/sim/mem_state.cc:443: info: Increasing stack size by one page.
src/sim/mem_state.cc:443: info: Increasing stack size by one page.
src/sim/mem_state.cc:443: info: Increasing stack size by one page.
src/sim/mem_state.cc:443: info: Increasing stack size by one page.
src/sim/mem_state.cc:443: info: Increasing stack size by one page.
src/sim/mem_state.cc:443: info: Increasing stack size by one page.
src/sim/mem_state.cc:443: info: Increasing stack size by one page.
Array SIZE      : 1000000 
Array LOOP      : 1 

----triad----
a[0]=7.00e+00. b[0]=2.00e+00. c[0]=1.00e+00.
Execution time: 1.644730 (ms) 
   Rate [MB/s]: 14592.1 
Global frequency set at 1000000000000 ticks per second
src/mem/dram_interface.cc:690: warn: DRAM device capacity (16384 Mbytes) does not match the address range assigned (512 Mbytes)
src/mem/dram_interface.cc:690: warn: DRAM device capacity (16384 Mbytes) does not match the address range assigned (512 Mbytes)
src/base/statistics.hh:279: warn: One of the stats is a legacy stat. Legacy stat is a stat that does not belong to any statistics::Group. Legacy stat is deprecated.
board.remote_gdb: Listening for connections on port 7001
gem5 Simulator System.  https://www.gem5.org
gem5 is copyrighted software; use the --copyright option for details.

gem5 version 25.0.0.1
gem5 compiled May  5 2026 12:55:05
gem5 started Jun 12 2026 15:18:38
gem5 executing on cn27.guoehi.cluster, pid 164014
command line: /home/fdemirel/HPC_Lab_Proj/stride/../../gem5/build/ALL/gem5.opt -s --outdir=results_stride_multisim --stdout-file=matmult_stride_deg4_dist32_l1d_ddr4_2x_simout.txt --stderr-file=matmult_stride_deg4_dist32_l1d_ddr4_2x_simerr.txt --stats-file=stats.txt -c 'from multiprocessing.spawn import spawn_main; spawn_main(tracker_fd=7, pipe_handle=16)' --multiprocessing-fork

src/sim/mem_state.cc:443: info: Increasing stack size by one page.
src/sim/syscall_emul.hh:1121: warn: readlink() called on '/proc/self/exe' may yield unexpected results in various settings.
      Returning '/home/fdemirel/HPC_Lab_Proj/benchmarks/matmult/matmult-m5.x'
src/arch/arm/insts/pseudo.cc:174: warn: 	instruction 'bti' unimplemented
----spmv----
N_ROWS          : 8192 
N_COLS          : 65536 
NNZ             : 524155 
Execution time: 7.315038 (ms) 
Global frequency set at 1000000000000 ticks per second
src/mem/dram_interface.cc:690: warn: DRAM device capacity (16384 Mbytes) does not match the address range assigned (1024 Mbytes)
src/base/statistics.hh:279: warn: One of the stats is a legacy stat. Legacy stat is a stat that does not belong to any statistics::Group. Legacy stat is deprecated.
board.remote_gdb: Listening for connections on port 7003
gem5 Simulator System.  https://www.gem5.org
gem5 is copyrighted software; use the --copyright option for details.

gem5 version 25.0.0.1
gem5 compiled May  5 2026 12:55:05
gem5 started Jun 12 2026 15:18:59
gem5 executing on cn27.guoehi.cluster, pid 164019
command line: /home/fdemirel/HPC_Lab_Proj/stride/../../gem5/build/ALL/gem5.opt -s --outdir=results_stride_multisim --stdout-file=matmult_stride_deg4_dist4_l2_ddr4_1x_simout.txt --stderr-file=matmult_stride_deg4_dist4_l2_ddr4_1x_simerr.txt --stats-file=stats.txt -c 'from multiprocessing.spawn import spawn_main; spawn_main(tracker_fd=7, pipe_handle=15)' --multiprocessing-fork

src/sim/mem_state.cc:443: info: Increasing stack size by one page.
src/sim/syscall_emul.hh:1121: warn: readlink() called on '/proc/self/exe' may yield unexpected results in various settings.
      Returning '/home/fdemirel/HPC_Lab_Proj/benchmarks/matmult/matmult-m5.x'
src/arch/arm/insts/pseudo.cc:174: warn: 	instruction 'bti' unimplemented

----MATRIX MULTIPLICATION----

----Computation starts----
Loop 0 ... 
argc = 2, A[argc][argc] = 0.500000, B[argc][argc] = 0.500000, C[argc][argc] = 0.500000 
Execution time: 1.253969 (ms) 

----MATRIX MULTIPLICATION----

----Computation starts----
Loop 0 ... 
argc = 2, A[argc][argc] = 0.500000, B[argc][argc] = 0.500000, C[argc][argc] = 0.500000 
Execution time: 1.191318 (ms) 
Global frequency set at 1000000000000 ticks per second
src/mem/dram_interface.cc:690: warn: DRAM device capacity (16384 Mbytes) does not match the address range assigned (512 Mbytes)
src/mem/dram_interface.cc:690: warn: DRAM device capacity (16384 Mbytes) does not match the address range assigned (512 Mbytes)
src/base/statistics.hh:279: warn: One of the stats is a legacy stat. Legacy stat is a stat that does not belong to any statistics::Group. Legacy stat is deprecated.
board.remote_gdb: Listening for connections on port 7001
gem5 Simulator System.  https://www.gem5.org
gem5 is copyrighted software; use the --copyright option for details.

gem5 version 25.0.0.1
gem5 compiled May  5 2026 12:55:05
gem5 started Jun 12 2026 15:19:51
gem5 executing on cn27.guoehi.cluster, pid 164023
command line: /home/fdemirel/HPC_Lab_Proj/stride/../../gem5/build/ALL/gem5.opt -s --outdir=results_stride_multisim --stdout-file=quick_stride_deg32_dist16_l1d_ddr4_2x_simout.txt --stderr-file=quick_stride_deg32_dist16_l1d_ddr4_2x_simerr.txt --stats-file=stats.txt -c 'from multiprocessing.spawn import spawn_main; spawn_main(tracker_fd=7, pipe_handle=15)' --multiprocessing-fork

src/sim/mem_state.cc:443: info: Increasing stack size by one page.
src/sim/syscall_emul.hh:1121: warn: readlink() called on '/proc/self/exe' may yield unexpected results in various settings.
      Returning '/home/fdemirel/HPC_Lab_Proj/benchmarks/quick/quick-m5.x'
src/arch/arm/insts/pseudo.cc:174: warn: 	instruction 'bti' unimplemented
Global frequency set at 1000000000000 ticks per second
src/mem/dram_interface.cc:690: warn: DRAM device capacity (16384 Mbytes) does not match the address range assigned (1024 Mbytes)
src/base/statistics.hh:279: warn: One of the stats is a legacy stat. Legacy stat is a stat that does not belong to any statistics::Group. Legacy stat is deprecated.
board.remote_gdb: Listening for connections on port 7003
gem5 Simulator System.  https://www.gem5.org
gem5 is copyrighted software; use the --copyright option for details.

gem5 version 25.0.0.1
gem5 compiled May  5 2026 12:55:05
gem5 started Jun 12 2026 15:20:07
gem5 executing on cn27.guoehi.cluster, pid 164025
command line: /home/fdemirel/HPC_Lab_Proj/stride/../../gem5/build/ALL/gem5.opt -s --outdir=results_stride_multisim --stdout-file=merge_stride_deg4_dist16_l2_ddr4_1x_simout.txt --stderr-file=merge_stride_deg4_dist16_l2_ddr4_1x_simerr.txt --stats-file=stats.txt -c 'from multiprocessing.spawn import spawn_main; spawn_main(tracker_fd=7, pipe_handle=15)' --multiprocessing-fork

src/sim/mem_state.cc:443: info: Increasing stack size by one page.
src/sim/syscall_emul.hh:1121: warn: readlink() called on '/proc/self/exe' may yield unexpected results in various settings.
      Returning '/home/fdemirel/HPC_Lab_Proj/benchmarks/merge/merge-m5.x'
src/arch/arm/insts/pseudo.cc:174: warn: 	instruction 'bti' unimplemented

----merge----
Execution time: 10.985475 (ms) 
random_elem:0, /home/fdemirel/HPC_Lab_Proj/benchmarks/merge/merge-m5.x
Global frequency set at 1000000000000 ticks per second
src/mem/dram_interface.cc:690: warn: DRAM device capacity (16384 Mbytes) does not match the address range assigned (512 Mbytes)
src/mem/dram_interface.cc:690: warn: DRAM device capacity (16384 Mbytes) does not match the address range assigned (512 Mbytes)
src/base/statistics.hh:279: warn: One of the stats is a legacy stat. Legacy stat is a stat that does not belong to any statistics::Group. Legacy stat is deprecated.
board.remote_gdb: Listening for connections on port 7000
gem5 Simulator System.  https://www.gem5.org
gem5 is copyrighted software; use the --copyright option for details.

gem5 version 25.0.0.1
gem5 compiled May  5 2026 12:55:05
gem5 started Jun 12 2026 15:21:52
gem5 executing on cn27.guoehi.cluster, pid 164038
command line: /home/fdemirel/HPC_Lab_Proj/stride/../../gem5/build/ALL/gem5.opt -s --outdir=results_stride_multisim --stdout-file=spmv_stride_deg32_dist8_l1d_ddr4_2x_simout.txt --stderr-file=spmv_stride_deg32_dist8_l1d_ddr4_2x_simerr.txt --stats-file=stats.txt -c 'from multiprocessing.spawn import spawn_main; spawn_main(tracker_fd=7, pipe_handle=14)' --multiprocessing-fork

src/sim/mem_state.cc:443: info: Increasing stack size by one page.
src/sim/syscall_emul.hh:1121: warn: readlink() called on '/proc/self/exe' may yield unexpected results in various settings.
      Returning '/home/fdemirel/HPC_Lab_Proj/benchmarks/spmv/spmv-m5.x'
src/arch/arm/insts/pseudo.cc:174: warn: 	instruction 'bti' unimplemented
src/sim/mem_state.cc:443: info: Increasing stack size by one page.
src/sim/mem_state.cc:443: info: Increasing stack size by one page.
src/sim/mem_state.cc:443: info: Increasing stack size by one page.
src/sim/mem_state.cc:443: info: Increasing stack size by one page.
src/sim/mem_state.cc:443: info: Increasing stack size by one page.
src/sim/mem_state.cc:443: info: Increasing stack size by one page.
src/sim/mem_state.cc:443: info: Increasing stack size by one page.
Finished BFS.
Global frequency set at 1000000000000 ticks per second
src/mem/dram_interface.cc:690: warn: DRAM device capacity (16384 Mbytes) does not match the address range assigned (512 Mbytes)
src/mem/dram_interface.cc:690: warn: DRAM device capacity (16384 Mbytes) does not match the address range assigned (512 Mbytes)
src/base/statistics.hh:279: warn: One of the stats is a legacy stat. Legacy stat is a stat that does not belong to any statistics::Group. Legacy stat is deprecated.
board.remote_gdb: Listening for connections on port 7002
gem5 Simulator System.  https://www.gem5.org
gem5 is copyrighted software; use the --copyright option for details.

gem5 version 25.0.0.1
gem5 compiled May  5 2026 12:55:05
gem5 started Jun 12 2026 15:22:52
gem5 executing on cn27.guoehi.cluster, pid 164043
command line: /home/fdemirel/HPC_Lab_Proj/stride/../../gem5/build/ALL/gem5.opt -s --outdir=results_stride_multisim --stdout-file=quick_stride_deg1_dist32_l1d_ddr4_2x_simout.txt --stderr-file=quick_stride_deg1_dist32_l1d_ddr4_2x_simerr.txt --stats-file=stats.txt -c 'from multiprocessing.spawn import spawn_main; spawn_main(tracker_fd=7, pipe_handle=13)' --multiprocessing-fork

src/sim/mem_state.cc:443: info: Increasing stack size by one page.
src/sim/syscall_emul.hh:1121: warn: readlink() called on '/proc/self/exe' may yield unexpected results in various settings.
      Returning '/home/fdemirel/HPC_Lab_Proj/benchmarks/quick/quick-m5.x'
src/arch/arm/insts/pseudo.cc:174: warn: 	instruction 'bti' unimplemented
----quick sort----
Array SIZE      : 131072 
random_elem:0, /home/fdemirel/HPC_Lab_Proj/benchmarks/quick/quick-m5.x
Execution time: 8.631633 (ms) 
----spmv----
N_ROWS          : 8192 
N_COLS          : 65536 
NNZ             : 524155 
Execution time: 5.797327 (ms) 
Global frequency set at 1000000000000 ticks per second
src/mem/dram_interface.cc:690: warn: DRAM device capacity (16384 Mbytes) does not match the address range assigned (512 Mbytes)
src/mem/dram_interface.cc:690: warn: DRAM device capacity (16384 Mbytes) does not match the address range assigned (512 Mbytes)
src/base/statistics.hh:279: warn: One of the stats is a legacy stat. Legacy stat is a stat that does not belong to any statistics::Group. Legacy stat is deprecated.
board.remote_gdb: Listening for connections on port 7000
Global frequency set at 1000000000000 ticks per second
gem5 Simulator System.  https://www.gem5.org
gem5 is copyrighted software; use the --copyright option for details.

gem5 version 25.0.0.1
gem5 compiled May  5 2026 12:55:05
gem5 started Jun 12 2026 15:24:04
gem5 executing on cn27.guoehi.cluster, pid 164048
command line: /home/fdemirel/HPC_Lab_Proj/stride/../../gem5/build/ALL/gem5.opt -s --outdir=results_stride_multisim --stdout-file=simple_triad_stride_deg1_dist8_l1d_ddr4_2x_simout.txt --stderr-file=simple_triad_stride_deg1_dist8_l1d_ddr4_2x_simerr.txt --stats-file=stats.txt -c 'from multiprocessing.spawn import spawn_main; spawn_main(tracker_fd=7, pipe_handle=13)' --multiprocessing-fork

src/sim/mem_state.cc:443: info: Increasing stack size by one page.
src/sim/syscall_emul.hh:1121: warn: readlink() called on '/proc/self/exe' may yield unexpected results in various settings.
      Returning '/home/fdemirel/HPC_Lab_Proj/benchmarks/simple_triad/simple_triad-m5.x'
src/mem/dram_interface.cc:690: warn: DRAM device capacity (16384 Mbytes) does not match the address range assigned (1024 Mbytes)
src/base/statistics.hh:279: warn: One of the stats is a legacy stat. Legacy stat is a stat that does not belong to any statistics::Group. Legacy stat is deprecated.
board.remote_gdb: Listening for connections on port 7001
gem5 Simulator System.  https://www.gem5.org
gem5 is copyrighted software; use the --copyright option for details.

gem5 version 25.0.0.1
gem5 compiled May  5 2026 12:55:05
gem5 started Jun 12 2026 15:24:06
gem5 executing on cn27.guoehi.cluster, pid 164050
command line: /home/fdemirel/HPC_Lab_Proj/stride/../../gem5/build/ALL/gem5.opt -s --outdir=results_stride_multisim --stdout-file=quick_stride_deg32_dist4_l1d_ddr4_1x_simout.txt --stderr-file=quick_stride_deg32_dist4_l1d_ddr4_1x_simerr.txt --stats-file=stats.txt -c 'from multiprocessing.spawn import spawn_main; spawn_main(tracker_fd=7, pipe_handle=13)' --multiprocessing-fork

src/sim/mem_state.cc:443: info: Increasing stack size by one page.
src/sim/syscall_emul.hh:1121: warn: readlink() called on '/proc/self/exe' may yield unexpected results in various settings.
      Returning '/home/fdemirel/HPC_Lab_Proj/benchmarks/quick/quick-m5.x'
src/arch/arm/insts/pseudo.cc:174: warn: 	instruction 'bti' unimplemented

----merge----
Execution time: 10.679003 (ms) 
random_elem:0, /home/fdemirel/HPC_Lab_Proj/benchmarks/merge/merge-m5.x
Global frequency set at 1000000000000 ticks per second
src/mem/dram_interface.cc:690: warn: DRAM device capacity (16384 Mbytes) does not match the address range assigned (512 Mbytes)
src/mem/dram_interface.cc:690: warn: DRAM device capacity (16384 Mbytes) does not match the address range assigned (512 Mbytes)
src/base/statistics.hh:279: warn: One of the stats is a legacy stat. Legacy stat is a stat that does not belong to any statistics::Group. Legacy stat is deprecated.
board.remote_gdb: Listening for connections on port 7003
gem5 Simulator System.  https://www.gem5.org
gem5 is copyrighted software; use the --copyright option for details.

gem5 version 25.0.0.1
gem5 compiled May  5 2026 12:55:05
gem5 started Jun 12 2026 15:25:19
gem5 executing on cn27.guoehi.cluster, pid 164061
command line: /home/fdemirel/HPC_Lab_Proj/stride/../../gem5/build/ALL/gem5.opt -s --outdir=results_stride_multisim --stdout-file=merge_stride_deg8_dist1_l2_ddr4_2x_simout.txt --stderr-file=merge_stride_deg8_dist1_l2_ddr4_2x_simerr.txt --stats-file=stats.txt -c 'from multiprocessing.spawn import spawn_main; spawn_main(tracker_fd=7, pipe_handle=13)' --multiprocessing-fork

src/sim/mem_state.cc:443: info: Increasing stack size by one page.
src/sim/syscall_emul.hh:1121: warn: readlink() called on '/proc/self/exe' may yield unexpected results in various settings.
      Returning '/home/fdemirel/HPC_Lab_Proj/benchmarks/merge/merge-m5.x'
src/arch/arm/insts/pseudo.cc:174: warn: 	instruction 'bti' unimplemented
Array SIZE      : 1000000 
Array LOOP      : 1 

----triad----
a[0]=7.00e+00. b[0]=2.00e+00. c[0]=1.00e+00.
Execution time: 1.810823 (ms) 
   Rate [MB/s]: 13253.6 
Global frequency set at 1000000000000 ticks per second
src/mem/dram_interface.cc:690: warn: DRAM device capacity (16384 Mbytes) does not match the address range assigned (1024 Mbytes)
src/base/statistics.hh:279: warn: One of the stats is a legacy stat. Legacy stat is a stat that does not belong to any statistics::Group. Legacy stat is deprecated.
board.remote_gdb: Listening for connections on port 7000
gem5 Simulator System.  https://www.gem5.org
gem5 is copyrighted software; use the --copyright option for details.

gem5 version 25.0.0.1
gem5 compiled May  5 2026 12:55:05
gem5 started Jun 12 2026 15:26:00
gem5 executing on cn27.guoehi.cluster, pid 164064
command line: /home/fdemirel/HPC_Lab_Proj/stride/../../gem5/build/ALL/gem5.opt -s --outdir=results_stride_multisim --stdout-file=matmult_stride_deg16_dist16_l1d_ddr4_1x_simout.txt --stderr-file=matmult_stride_deg16_dist16_l1d_ddr4_1x_simerr.txt --stats-file=stats.txt -c 'from multiprocessing.spawn import spawn_main; spawn_main(tracker_fd=7, pipe_handle=13)' --multiprocessing-fork

src/sim/mem_state.cc:443: info: Increasing stack size by one page.
src/sim/syscall_emul.hh:1121: warn: readlink() called on '/proc/self/exe' may yield unexpected results in various settings.
      Returning '/home/fdemirel/HPC_Lab_Proj/benchmarks/matmult/matmult-m5.x'
src/arch/arm/insts/pseudo.cc:174: warn: 	instruction 'bti' unimplemented
----quick sort----
Array SIZE      : 131072 
random_elem:0, /home/fdemirel/HPC_Lab_Proj/benchmarks/quick/quick-m5.x
Execution time: 8.994294 (ms) 

----MATRIX MULTIPLICATION----

----Computation starts----
Loop 0 ... 
argc = 2, A[argc][argc] = 0.500000, B[argc][argc] = 0.500000, C[argc][argc] = 0.500000 
Execution time: 1.213972 (ms) 
Global frequency set at 1000000000000 ticks per second
src/mem/dram_interface.cc:690: warn: DRAM device capacity (16384 Mbytes) does not match the address range assigned (512 Mbytes)
src/mem/dram_interface.cc:690: warn: DRAM device capacity (16384 Mbytes) does not match the address range assigned (512 Mbytes)
src/base/statistics.hh:279: warn: One of the stats is a legacy stat. Legacy stat is a stat that does not belong to any statistics::Group. Legacy stat is deprecated.
board.remote_gdb: Listening for connections on port 7000
gem5 Simulator System.  https://www.gem5.org
gem5 is copyrighted software; use the --copyright option for details.

gem5 version 25.0.0.1
gem5 compiled May  5 2026 12:55:05
gem5 started Jun 12 2026 15:27:07
gem5 executing on cn27.guoehi.cluster, pid 164069
command line: /home/fdemirel/HPC_Lab_Proj/stride/../../gem5/build/ALL/gem5.opt -s --outdir=results_stride_multisim --stdout-file=bfs_stride_deg8_dist4_l2_ddr4_2x_simout.txt --stderr-file=bfs_stride_deg8_dist4_l2_ddr4_2x_simerr.txt --stats-file=stats.txt -c 'from multiprocessing.spawn import spawn_main; spawn_main(tracker_fd=7, pipe_handle=13)' --multiprocessing-fork

src/sim/mem_state.cc:443: info: Increasing stack size by one page.
src/sim/syscall_emul.hh:1121: warn: readlink() called on '/proc/self/exe' may yield unexpected results in various settings.
      Returning '/home/fdemirel/HPC_Lab_Proj/benchmarks/bfs/bfs-m5.x'
src/arch/arm/insts/pseudo.cc:174: warn: 	instruction 'bti' unimplemented
Beginning BFS ...
Global frequency set at 1000000000000 ticks per second
src/mem/dram_interface.cc:690: warn: DRAM device capacity (16384 Mbytes) does not match the address range assigned (512 Mbytes)
src/mem/dram_interface.cc:690: warn: DRAM device capacity (16384 Mbytes) does not match the address range assigned (512 Mbytes)
src/base/statistics.hh:279: warn: One of the stats is a legacy stat. Legacy stat is a stat that does not belong to any statistics::Group. Legacy stat is deprecated.
board.remote_gdb: Listening for connections on port 7002
gem5 Simulator System.  https://www.gem5.org
gem5 is copyrighted software; use the --copyright option for details.

gem5 version 25.0.0.1
gem5 compiled May  5 2026 12:55:05
gem5 started Jun 12 2026 15:27:12
gem5 executing on cn27.guoehi.cluster, pid 164070
command line: /home/fdemirel/HPC_Lab_Proj/stride/../../gem5/build/ALL/gem5.opt -s --outdir=results_stride_multisim --stdout-file=spmv_stride_deg32_dist8_l2_ddr4_2x_simout.txt --stderr-file=spmv_stride_deg32_dist8_l2_ddr4_2x_simerr.txt --stats-file=stats.txt -c 'from multiprocessing.spawn import spawn_main; spawn_main(tracker_fd=7, pipe_handle=13)' --multiprocessing-fork

src/sim/mem_state.cc:443: info: Increasing stack size by one page.
src/sim/syscall_emul.hh:1121: warn: readlink() called on '/proc/self/exe' may yield unexpected results in various settings.
      Returning '/home/fdemirel/HPC_Lab_Proj/benchmarks/spmv/spmv-m5.x'
src/arch/arm/insts/pseudo.cc:174: warn: 	instruction 'bti' unimplemented
src/sim/mem_state.cc:443: info: Increasing stack size by one page.
src/sim/mem_state.cc:443: info: Increasing stack size by one page.
src/sim/mem_state.cc:443: info: Increasing stack size by one page.
src/sim/mem_state.cc:443: info: Increasing stack size by one page.
src/sim/mem_state.cc:443: info: Increasing stack size by one page.
src/sim/mem_state.cc:443: info: Increasing stack size by one page.
src/sim/mem_state.cc:443: info: Increasing stack size by one page.
----quick sort----
Array SIZE      : 131072 
random_elem:0, /home/fdemirel/HPC_Lab_Proj/benchmarks/quick/quick-m5.x
Execution time: 8.396462 (ms) 
Global frequency set at 1000000000000 ticks per second
src/mem/dram_interface.cc:690: warn: DRAM device capacity (16384 Mbytes) does not match the address range assigned (1024 Mbytes)
src/base/statistics.hh:279: warn: One of the stats is a legacy stat. Legacy stat is a stat that does not belong to any statistics::Group. Legacy stat is deprecated.
board.remote_gdb: Listening for connections on port 7001
gem5 Simulator System.  https://www.gem5.org
gem5 is copyrighted software; use the --copyright option for details.

gem5 version 25.0.0.1
gem5 compiled May  5 2026 12:55:05
gem5 started Jun 12 2026 15:28:16
gem5 executing on cn27.guoehi.cluster, pid 164076
command line: /home/fdemirel/HPC_Lab_Proj/stride/../../gem5/build/ALL/gem5.opt -s --outdir=results_stride_multisim --stdout-file=simple_triad_stride_deg16_dist8_l2_ddr4_1x_simout.txt --stderr-file=simple_triad_stride_deg16_dist8_l2_ddr4_1x_simerr.txt --stats-file=stats.txt -c 'from multiprocessing.spawn import spawn_main; spawn_main(tracker_fd=7, pipe_handle=13)' --multiprocessing-fork

src/sim/mem_state.cc:443: info: Increasing stack size by one page.
src/sim/syscall_emul.hh:1121: warn: readlink() called on '/proc/self/exe' may yield unexpected results in various settings.
      Returning '/home/fdemirel/HPC_Lab_Proj/benchmarks/simple_triad/simple_triad-m5.x'
----spmv----
N_ROWS          : 8192 
N_COLS          : 65536 
NNZ             : 524155 
Execution time: 6.006183 (ms) 
Global frequency set at 1000000000000 ticks per second
src/mem/dram_interface.cc:690: warn: DRAM device capacity (16384 Mbytes) does not match the address range assigned (1024 Mbytes)
src/base/statistics.hh:279: warn: One of the stats is a legacy stat. Legacy stat is a stat that does not belong to any statistics::Group. Legacy stat is deprecated.
board.remote_gdb: Listening for connections on port 7002
gem5 Simulator System.  https://www.gem5.org
gem5 is copyrighted software; use the --copyright option for details.

gem5 version 25.0.0.1
gem5 compiled May  5 2026 12:55:05
gem5 started Jun 12 2026 15:29:14
gem5 executing on cn27.guoehi.cluster, pid 164081
command line: /home/fdemirel/HPC_Lab_Proj/stride/../../gem5/build/ALL/gem5.opt -s --outdir=results_stride_multisim --stdout-file=bfs_stride_deg32_dist8_l1d_ddr4_1x_simout.txt --stderr-file=bfs_stride_deg32_dist8_l1d_ddr4_1x_simerr.txt --stats-file=stats.txt -c 'from multiprocessing.spawn import spawn_main; spawn_main(tracker_fd=7, pipe_handle=13)' --multiprocessing-fork

src/sim/mem_state.cc:443: info: Increasing stack size by one page.
src/sim/syscall_emul.hh:1121: warn: readlink() called on '/proc/self/exe' may yield unexpected results in various settings.
      Returning '/home/fdemirel/HPC_Lab_Proj/benchmarks/bfs/bfs-m5.x'
src/arch/arm/insts/pseudo.cc:174: warn: 	instruction 'bti' unimplemented
Beginning BFS ...
Array SIZE      : 1000000 
Array LOOP      : 1 

----triad----
a[0]=7.00e+00. b[0]=2.00e+00. c[0]=1.00e+00.
Execution time: 2.637758 (ms) 
   Rate [MB/s]: 9098.6 

----merge----
Execution time: 10.260220 (ms) 
random_elem:0, /home/fdemirel/HPC_Lab_Proj/benchmarks/merge/merge-m5.x
Global frequency set at 1000000000000 ticks per second
src/mem/dram_interface.cc:690: warn: DRAM device capacity (16384 Mbytes) does not match the address range assigned (512 Mbytes)
src/mem/dram_interface.cc:690: warn: DRAM device capacity (16384 Mbytes) does not match the address range assigned (512 Mbytes)
src/base/statistics.hh:279: warn: One of the stats is a legacy stat. Legacy stat is a stat that does not belong to any statistics::Group. Legacy stat is deprecated.
board.remote_gdb: Listening for connections on port 7001
gem5 Simulator System.  https://www.gem5.org
gem5 is copyrighted software; use the --copyright option for details.

gem5 version 25.0.0.1
gem5 compiled May  5 2026 12:55:05
gem5 started Jun 12 2026 15:30:13
gem5 executing on cn27.guoehi.cluster, pid 164085
command line: /home/fdemirel/HPC_Lab_Proj/stride/../../gem5/build/ALL/gem5.opt -s --outdir=results_stride_multisim --stdout-file=merge_stride_deg16_dist4_l1d_ddr4_2x_simout.txt --stderr-file=merge_stride_deg16_dist4_l1d_ddr4_2x_simerr.txt --stats-file=stats.txt -c 'from multiprocessing.spawn import spawn_main; spawn_main(tracker_fd=7, pipe_handle=13)' --multiprocessing-fork

src/sim/mem_state.cc:443: info: Increasing stack size by one page.
src/sim/syscall_emul.hh:1121: warn: readlink() called on '/proc/self/exe' may yield unexpected results in various settings.
      Returning '/home/fdemirel/HPC_Lab_Proj/benchmarks/merge/merge-m5.x'
src/arch/arm/insts/pseudo.cc:174: warn: 	instruction 'bti' unimplemented
Global frequency set at 1000000000000 ticks per second
src/mem/dram_interface.cc:690: warn: DRAM device capacity (16384 Mbytes) does not match the address range assigned (1024 Mbytes)
src/base/statistics.hh:279: warn: One of the stats is a legacy stat. Legacy stat is a stat that does not belong to any statistics::Group. Legacy stat is deprecated.
board.remote_gdb: Listening for connections on port 7003
gem5 Simulator System.  https://www.gem5.org
gem5 is copyrighted software; use the --copyright option for details.

gem5 version 25.0.0.1
gem5 compiled May  5 2026 12:55:05
gem5 started Jun 12 2026 15:30:30
gem5 executing on cn27.guoehi.cluster, pid 164090
command line: /home/fdemirel/HPC_Lab_Proj/stride/../../gem5/build/ALL/gem5.opt -s --outdir=results_stride_multisim --stdout-file=merge_stride_deg32_dist1_l2_ddr4_1x_simout.txt --stderr-file=merge_stride_deg32_dist1_l2_ddr4_1x_simerr.txt --stats-file=stats.txt -c 'from multiprocessing.spawn import spawn_main; spawn_main(tracker_fd=7, pipe_handle=13)' --multiprocessing-fork

src/sim/mem_state.cc:443: info: Increasing stack size by one page.
src/sim/syscall_emul.hh:1121: warn: readlink() called on '/proc/self/exe' may yield unexpected results in various settings.
      Returning '/home/fdemirel/HPC_Lab_Proj/benchmarks/merge/merge-m5.x'
src/arch/arm/insts/pseudo.cc:174: warn: 	instruction 'bti' unimplemented
Finished BFS.
Global frequency set at 1000000000000 ticks per second
src/mem/dram_interface.cc:690: warn: DRAM device capacity (16384 Mbytes) does not match the address range assigned (512 Mbytes)
src/mem/dram_interface.cc:690: warn: DRAM device capacity (16384 Mbytes) does not match the address range assigned (512 Mbytes)
src/base/statistics.hh:279: warn: One of the stats is a legacy stat. Legacy stat is a stat that does not belong to any statistics::Group. Legacy stat is deprecated.
board.remote_gdb: Listening for connections on port 7000
gem5 Simulator System.  https://www.gem5.org
gem5 is copyrighted software; use the --copyright option for details.

gem5 version 25.0.0.1
gem5 compiled May  5 2026 12:55:05
gem5 started Jun 12 2026 15:33:01
gem5 executing on cn27.guoehi.cluster, pid 164104
command line: /home/fdemirel/HPC_Lab_Proj/stride/../../gem5/build/ALL/gem5.opt -s --outdir=results_stride_multisim --stdout-file=simple_triad_stride_deg1_dist8_l2_ddr4_2x_simout.txt --stderr-file=simple_triad_stride_deg1_dist8_l2_ddr4_2x_simerr.txt --stats-file=stats.txt -c 'from multiprocessing.spawn import spawn_main; spawn_main(tracker_fd=7, pipe_handle=13)' --multiprocessing-fork

src/sim/mem_state.cc:443: info: Increasing stack size by one page.
src/sim/syscall_emul.hh:1121: warn: readlink() called on '/proc/self/exe' may yield unexpected results in various settings.
      Returning '/home/fdemirel/HPC_Lab_Proj/benchmarks/simple_triad/simple_triad-m5.x'
Array SIZE      : 1000000 
Array LOOP      : 1 

----triad----
a[0]=7.00e+00. b[0]=2.00e+00. c[0]=1.00e+00.
Execution time: 1.743086 (ms) 
   Rate [MB/s]: 13768.7 
Global frequency set at 1000000000000 ticks per second
src/mem/dram_interface.cc:690: warn: DRAM device capacity (16384 Mbytes) does not match the address range assigned (512 Mbytes)
src/mem/dram_interface.cc:690: warn: DRAM device capacity (16384 Mbytes) does not match the address range assigned (512 Mbytes)
src/base/statistics.hh:279: warn: One of the stats is a legacy stat. Legacy stat is a stat that does not belong to any statistics::Group. Legacy stat is deprecated.
board.remote_gdb: Listening for connections on port 7000
gem5 Simulator System.  https://www.gem5.org
gem5 is copyrighted software; use the --copyright option for details.

gem5 version 25.0.0.1
gem5 compiled May  5 2026 12:55:05
gem5 started Jun 12 2026 15:34:51
gem5 executing on cn27.guoehi.cluster, pid 164110
command line: /home/fdemirel/HPC_Lab_Proj/stride/../../gem5/build/ALL/gem5.opt -s --outdir=results_stride_multisim --stdout-file=bfs_stride_deg16_dist8_l1d_ddr4_2x_simout.txt --stderr-file=bfs_stride_deg16_dist8_l1d_ddr4_2x_simerr.txt --stats-file=stats.txt -c 'from multiprocessing.spawn import spawn_main; spawn_main(tracker_fd=7, pipe_handle=13)' --multiprocessing-fork

src/sim/mem_state.cc:443: info: Increasing stack size by one page.
src/sim/syscall_emul.hh:1121: warn: readlink() called on '/proc/self/exe' may yield unexpected results in various settings.
      Returning '/home/fdemirel/HPC_Lab_Proj/benchmarks/bfs/bfs-m5.x'
src/arch/arm/insts/pseudo.cc:174: warn: 	instruction 'bti' unimplemented
Beginning BFS ...

----merge----
Execution time: 9.867459 (ms) 
random_elem:0, /home/fdemirel/HPC_Lab_Proj/benchmarks/merge/merge-m5.x
Finished BFS.

----merge----
Execution time: 10.240675 (ms) 
random_elem:0, /home/fdemirel/HPC_Lab_Proj/benchmarks/merge/merge-m5.x
Global frequency set at 1000000000000 ticks per second
src/mem/dram_interface.cc:690: warn: DRAM device capacity (16384 Mbytes) does not match the address range assigned (1024 Mbytes)
src/base/statistics.hh:279: warn: One of the stats is a legacy stat. Legacy stat is a stat that does not belong to any statistics::Group. Legacy stat is deprecated.
board.remote_gdb: Listening for connections on port 7001
gem5 Simulator System.  https://www.gem5.org
gem5 is copyrighted software; use the --copyright option for details.

gem5 version 25.0.0.1
gem5 compiled May  5 2026 12:55:05
gem5 started Jun 12 2026 15:35:23
gem5 executing on cn27.guoehi.cluster, pid 164117
command line: /home/fdemirel/HPC_Lab_Proj/stride/../../gem5/build/ALL/gem5.opt -s --outdir=results_stride_multisim --stdout-file=bfs_stride_deg32_dist8_l2_ddr4_1x_simout.txt --stderr-file=bfs_stride_deg32_dist8_l2_ddr4_1x_simerr.txt --stats-file=stats.txt -c 'from multiprocessing.spawn import spawn_main; spawn_main(tracker_fd=7, pipe_handle=13)' --multiprocessing-fork

src/sim/mem_state.cc:443: info: Increasing stack size by one page.
src/sim/syscall_emul.hh:1121: warn: readlink() called on '/proc/self/exe' may yield unexpected results in various settings.
      Returning '/home/fdemirel/HPC_Lab_Proj/benchmarks/bfs/bfs-m5.x'
src/arch/arm/insts/pseudo.cc:174: warn: 	instruction 'bti' unimplemented
Beginning BFS ...
Global frequency set at 1000000000000 ticks per second
src/mem/dram_interface.cc:690: warn: DRAM device capacity (16384 Mbytes) does not match the address range assigned (1024 Mbytes)
src/base/statistics.hh:279: warn: One of the stats is a legacy stat. Legacy stat is a stat that does not belong to any statistics::Group. Legacy stat is deprecated.
board.remote_gdb: Listening for connections on port 7002
gem5 Simulator System.  https://www.gem5.org
gem5 is copyrighted software; use the --copyright option for details.

gem5 version 25.0.0.1
gem5 compiled May  5 2026 12:55:05
gem5 started Jun 12 2026 15:35:28
gem5 executing on cn27.guoehi.cluster, pid 164118
command line: /home/fdemirel/HPC_Lab_Proj/stride/../../gem5/build/ALL/gem5.opt -s --outdir=results_stride_multisim --stdout-file=quick_stride_deg4_dist16_l1d_ddr4_1x_simout.txt --stderr-file=quick_stride_deg4_dist16_l1d_ddr4_1x_simerr.txt --stats-file=stats.txt -c 'from multiprocessing.spawn import spawn_main; spawn_main(tracker_fd=7, pipe_handle=13)' --multiprocessing-fork

src/sim/mem_state.cc:443: info: Increasing stack size by one page.
src/sim/syscall_emul.hh:1121: warn: readlink() called on '/proc/self/exe' may yield unexpected results in various settings.
      Returning '/home/fdemirel/HPC_Lab_Proj/benchmarks/quick/quick-m5.x'
src/arch/arm/insts/pseudo.cc:174: warn: 	instruction 'bti' unimplemented
Global frequency set at 1000000000000 ticks per second
src/mem/dram_interface.cc:690: warn: DRAM device capacity (16384 Mbytes) does not match the address range assigned (512 Mbytes)
src/mem/dram_interface.cc:690: warn: DRAM device capacity (16384 Mbytes) does not match the address range assigned (512 Mbytes)
src/base/statistics.hh:279: warn: One of the stats is a legacy stat. Legacy stat is a stat that does not belong to any statistics::Group. Legacy stat is deprecated.
board.remote_gdb: Listening for connections on port 7003
gem5 Simulator System.  https://www.gem5.org
gem5 is copyrighted software; use the --copyright option for details.

gem5 version 25.0.0.1
gem5 compiled May  5 2026 12:55:05
gem5 started Jun 12 2026 15:35:38
gem5 executing on cn27.guoehi.cluster, pid 164119
command line: /home/fdemirel/HPC_Lab_Proj/stride/../../gem5/build/ALL/gem5.opt -s --outdir=results_stride_multisim --stdout-file=spmv_stride_deg1_dist16_l2_ddr4_2x_simout.txt --stderr-file=spmv_stride_deg1_dist16_l2_ddr4_2x_simerr.txt --stats-file=stats.txt -c 'from multiprocessing.spawn import spawn_main; spawn_main(tracker_fd=7, pipe_handle=13)' --multiprocessing-fork

src/sim/mem_state.cc:443: info: Increasing stack size by one page.
src/sim/syscall_emul.hh:1121: warn: readlink() called on '/proc/self/exe' may yield unexpected results in various settings.
      Returning '/home/fdemirel/HPC_Lab_Proj/benchmarks/spmv/spmv-m5.x'
src/arch/arm/insts/pseudo.cc:174: warn: 	instruction 'bti' unimplemented
src/sim/mem_state.cc:443: info: Increasing stack size by one page.
src/sim/mem_state.cc:443: info: Increasing stack size by one page.
src/sim/mem_state.cc:443: info: Increasing stack size by one page.
src/sim/mem_state.cc:443: info: Increasing stack size by one page.
src/sim/mem_state.cc:443: info: Increasing stack size by one page.
src/sim/mem_state.cc:443: info: Increasing stack size by one page.
src/sim/mem_state.cc:443: info: Increasing stack size by one page.
----spmv----
N_ROWS          : 8192 
N_COLS          : 65536 
NNZ             : 524155 
Execution time: 7.117167 (ms) 
Global frequency set at 1000000000000 ticks per second
src/mem/dram_interface.cc:690: warn: DRAM device capacity (16384 Mbytes) does not match the address range assigned (1024 Mbytes)
src/base/statistics.hh:279: warn: One of the stats is a legacy stat. Legacy stat is a stat that does not belong to any statistics::Group. Legacy stat is deprecated.
board.remote_gdb: Listening for connections on port 7003
gem5 Simulator System.  https://www.gem5.org
gem5 is copyrighted software; use the --copyright option for details.

gem5 version 25.0.0.1
gem5 compiled May  5 2026 12:55:05
gem5 started Jun 12 2026 15:37:42
gem5 executing on cn27.guoehi.cluster, pid 164129
command line: /home/fdemirel/HPC_Lab_Proj/stride/../../gem5/build/ALL/gem5.opt -s --outdir=results_stride_multisim --stdout-file=bfs_stride_deg4_dist32_l1d_ddr4_1x_simout.txt --stderr-file=bfs_stride_deg4_dist32_l1d_ddr4_1x_simerr.txt --stats-file=stats.txt -c 'from multiprocessing.spawn import spawn_main; spawn_main(tracker_fd=7, pipe_handle=13)' --multiprocessing-fork

src/sim/mem_state.cc:443: info: Increasing stack size by one page.
src/sim/syscall_emul.hh:1121: warn: readlink() called on '/proc/self/exe' may yield unexpected results in various settings.
      Returning '/home/fdemirel/HPC_Lab_Proj/benchmarks/bfs/bfs-m5.x'
src/arch/arm/insts/pseudo.cc:174: warn: 	instruction 'bti' unimplemented
Beginning BFS ...
----quick sort----
Array SIZE      : 131072 
random_elem:0, /home/fdemirel/HPC_Lab_Proj/benchmarks/quick/quick-m5.x
Execution time: 8.633616 (ms) 
Global frequency set at 1000000000000 ticks per second
src/mem/dram_interface.cc:690: warn: DRAM device capacity (16384 Mbytes) does not match the address range assigned (512 Mbytes)
src/mem/dram_interface.cc:690: warn: DRAM device capacity (16384 Mbytes) does not match the address range assigned (512 Mbytes)
src/base/statistics.hh:279: warn: One of the stats is a legacy stat. Legacy stat is a stat that does not belong to any statistics::Group. Legacy stat is deprecated.
board.remote_gdb: Listening for connections on port 7002
gem5 Simulator System.  https://www.gem5.org
gem5 is copyrighted software; use the --copyright option for details.

gem5 version 25.0.0.1
gem5 compiled May  5 2026 12:55:05
gem5 started Jun 12 2026 15:39:40
gem5 executing on cn27.guoehi.cluster, pid 164137
command line: /home/fdemirel/HPC_Lab_Proj/stride/../../gem5/build/ALL/gem5.opt -s --outdir=results_stride_multisim --stdout-file=matmult_stride_deg16_dist1_l2_ddr4_2x_simout.txt --stderr-file=matmult_stride_deg16_dist1_l2_ddr4_2x_simerr.txt --stats-file=stats.txt -c 'from multiprocessing.spawn import spawn_main; spawn_main(tracker_fd=7, pipe_handle=13)' --multiprocessing-fork

src/sim/mem_state.cc:443: info: Increasing stack size by one page.
src/sim/syscall_emul.hh:1121: warn: readlink() called on '/proc/self/exe' may yield unexpected results in various settings.
      Returning '/home/fdemirel/HPC_Lab_Proj/benchmarks/matmult/matmult-m5.x'
src/arch/arm/insts/pseudo.cc:174: warn: 	instruction 'bti' unimplemented

----MATRIX MULTIPLICATION----

----Computation starts----
Loop 0 ... 
argc = 2, A[argc][argc] = 0.500000, B[argc][argc] = 0.500000, C[argc][argc] = 0.500000 
Execution time: 1.186299 (ms) 
Finished BFS.
Global frequency set at 1000000000000 ticks per second
src/mem/dram_interface.cc:690: warn: DRAM device capacity (16384 Mbytes) does not match the address range assigned (1024 Mbytes)
src/base/statistics.hh:279: warn: One of the stats is a legacy stat. Legacy stat is a stat that does not belong to any statistics::Group. Legacy stat is deprecated.
board.remote_gdb: Listening for connections on port 7000
gem5 Simulator System.  https://www.gem5.org
gem5 is copyrighted software; use the --copyright option for details.

gem5 version 25.0.0.1
gem5 compiled May  5 2026 12:55:05
gem5 started Jun 12 2026 15:40:48
gem5 executing on cn27.guoehi.cluster, pid 164145
command line: /home/fdemirel/HPC_Lab_Proj/stride/../../gem5/build/ALL/gem5.opt -s --outdir=results_stride_multisim --stdout-file=matmult_stride_deg4_dist1_l1d_ddr4_1x_simout.txt --stderr-file=matmult_stride_deg4_dist1_l1d_ddr4_1x_simerr.txt --stats-file=stats.txt -c 'from multiprocessing.spawn import spawn_main; spawn_main(tracker_fd=7, pipe_handle=13)' --multiprocessing-fork

src/sim/mem_state.cc:443: info: Increasing stack size by one page.
src/sim/syscall_emul.hh:1121: warn: readlink() called on '/proc/self/exe' may yield unexpected results in various settings.
      Returning '/home/fdemirel/HPC_Lab_Proj/benchmarks/matmult/matmult-m5.x'
src/arch/arm/insts/pseudo.cc:174: warn: 	instruction 'bti' unimplemented
Global frequency set at 1000000000000 ticks per second
src/mem/dram_interface.cc:690: warn: DRAM device capacity (16384 Mbytes) does not match the address range assigned (512 Mbytes)
src/mem/dram_interface.cc:690: warn: DRAM device capacity (16384 Mbytes) does not match the address range assigned (512 Mbytes)
src/base/statistics.hh:279: warn: One of the stats is a legacy stat. Legacy stat is a stat that does not belong to any statistics::Group. Legacy stat is deprecated.
board.remote_gdb: Listening for connections on port 7002
gem5 Simulator System.  https://www.gem5.org
gem5 is copyrighted software; use the --copyright option for details.

gem5 version 25.0.0.1
gem5 compiled May  5 2026 12:55:05
gem5 started Jun 12 2026 15:40:54
gem5 executing on cn27.guoehi.cluster, pid 164146
command line: /home/fdemirel/HPC_Lab_Proj/stride/../../gem5/build/ALL/gem5.opt -s --outdir=results_stride_multisim --stdout-file=quick_stride_deg8_dist1_l1d_ddr4_2x_simout.txt --stderr-file=quick_stride_deg8_dist1_l1d_ddr4_2x_simerr.txt --stats-file=stats.txt -c 'from multiprocessing.spawn import spawn_main; spawn_main(tracker_fd=7, pipe_handle=13)' --multiprocessing-fork

src/sim/mem_state.cc:443: info: Increasing stack size by one page.
src/sim/syscall_emul.hh:1121: warn: readlink() called on '/proc/self/exe' may yield unexpected results in various settings.
      Returning '/home/fdemirel/HPC_Lab_Proj/benchmarks/quick/quick-m5.x'
src/arch/arm/insts/pseudo.cc:174: warn: 	instruction 'bti' unimplemented
Finished BFS.
Global frequency set at 1000000000000 ticks per second
src/mem/dram_interface.cc:690: warn: DRAM device capacity (16384 Mbytes) does not match the address range assigned (1024 Mbytes)
src/base/statistics.hh:279: warn: One of the stats is a legacy stat. Legacy stat is a stat that does not belong to any statistics::Group. Legacy stat is deprecated.
board.remote_gdb: Listening for connections on port 7001
gem5 Simulator System.  https://www.gem5.org
gem5 is copyrighted software; use the --copyright option for details.

gem5 version 25.0.0.1
gem5 compiled May  5 2026 12:55:05
gem5 started Jun 12 2026 15:41:36
gem5 executing on cn27.guoehi.cluster, pid 164154
command line: /home/fdemirel/HPC_Lab_Proj/stride/../../gem5/build/ALL/gem5.opt -s --outdir=results_stride_multisim --stdout-file=quick_stride_deg4_dist16_l2_ddr4_1x_simout.txt --stderr-file=quick_stride_deg4_dist16_l2_ddr4_1x_simerr.txt --stats-file=stats.txt -c 'from multiprocessing.spawn import spawn_main; spawn_main(tracker_fd=7, pipe_handle=13)' --multiprocessing-fork

src/sim/mem_state.cc:443: info: Increasing stack size by one page.
src/sim/syscall_emul.hh:1121: warn: readlink() called on '/proc/self/exe' may yield unexpected results in various settings.
      Returning '/home/fdemirel/HPC_Lab_Proj/benchmarks/quick/quick-m5.x'
src/arch/arm/insts/pseudo.cc:174: warn: 	instruction 'bti' unimplemented

----MATRIX MULTIPLICATION----

----Computation starts----
Loop 0 ... 
argc = 2, A[argc][argc] = 0.500000, B[argc][argc] = 0.500000, C[argc][argc] = 0.500000 
Execution time: 1.204310 (ms) 
Global frequency set at 1000000000000 ticks per second
src/mem/dram_interface.cc:690: warn: DRAM device capacity (16384 Mbytes) does not match the address range assigned (1024 Mbytes)
src/base/statistics.hh:279: warn: One of the stats is a legacy stat. Legacy stat is a stat that does not belong to any statistics::Group. Legacy stat is deprecated.
board.remote_gdb: Listening for connections on port 7000
gem5 Simulator System.  https://www.gem5.org
gem5 is copyrighted software; use the --copyright option for details.

gem5 version 25.0.0.1
gem5 compiled May  5 2026 12:55:05
gem5 started Jun 12 2026 15:42:02
gem5 executing on cn27.guoehi.cluster, pid 164158
command line: /home/fdemirel/HPC_Lab_Proj/stride/../../gem5/build/ALL/gem5.opt -s --outdir=results_stride_multisim --stdout-file=simple_triad_stride_deg1_dist32_l2_ddr4_1x_simout.txt --stderr-file=simple_triad_stride_deg1_dist32_l2_ddr4_1x_simerr.txt --stats-file=stats.txt -c 'from multiprocessing.spawn import spawn_main; spawn_main(tracker_fd=7, pipe_handle=13)' --multiprocessing-fork

src/sim/mem_state.cc:443: info: Increasing stack size by one page.
src/sim/syscall_emul.hh:1121: warn: readlink() called on '/proc/self/exe' may yield unexpected results in various settings.
      Returning '/home/fdemirel/HPC_Lab_Proj/benchmarks/simple_triad/simple_triad-m5.x'
Finished BFS.
Array SIZE      : 1000000 
Array LOOP      : 1 

----triad----
a[0]=7.00e+00. b[0]=2.00e+00. c[0]=1.00e+00.
Execution time: 2.768536 (ms) 
   Rate [MB/s]: 8668.8 
Global frequency set at 1000000000000 ticks per second
src/mem/dram_interface.cc:690: warn: DRAM device capacity (16384 Mbytes) does not match the address range assigned (512 Mbytes)
src/mem/dram_interface.cc:690: warn: DRAM device capacity (16384 Mbytes) does not match the address range assigned (512 Mbytes)
src/base/statistics.hh:279: warn: One of the stats is a legacy stat. Legacy stat is a stat that does not belong to any statistics::Group. Legacy stat is deprecated.
board.remote_gdb: Listening for connections on port 7000
gem5 Simulator System.  https://www.gem5.org
gem5 is copyrighted software; use the --copyright option for details.

gem5 version 25.0.0.1
gem5 compiled May  5 2026 12:55:05
gem5 started Jun 12 2026 15:43:51
gem5 executing on cn27.guoehi.cluster, pid 164164
command line: /home/fdemirel/HPC_Lab_Proj/stride/../../gem5/build/ALL/gem5.opt -s --outdir=results_stride_multisim --stdout-file=spmv_stride_deg4_dist32_l1d_ddr4_2x_simout.txt --stderr-file=spmv_stride_deg4_dist32_l1d_ddr4_2x_simerr.txt --stats-file=stats.txt -c 'from multiprocessing.spawn import spawn_main; spawn_main(tracker_fd=7, pipe_handle=13)' --multiprocessing-fork

src/sim/mem_state.cc:443: info: Increasing stack size by one page.
src/sim/syscall_emul.hh:1121: warn: readlink() called on '/proc/self/exe' may yield unexpected results in various settings.
      Returning '/home/fdemirel/HPC_Lab_Proj/benchmarks/spmv/spmv-m5.x'
src/arch/arm/insts/pseudo.cc:174: warn: 	instruction 'bti' unimplemented
src/sim/mem_state.cc:443: info: Increasing stack size by one page.
src/sim/mem_state.cc:443: info: Increasing stack size by one page.
src/sim/mem_state.cc:443: info: Increasing stack size by one page.
src/sim/mem_state.cc:443: info: Increasing stack size by one page.
src/sim/mem_state.cc:443: info: Increasing stack size by one page.
src/sim/mem_state.cc:443: info: Increasing stack size by one page.
src/sim/mem_state.cc:443: info: Increasing stack size by one page.
Global frequency set at 1000000000000 ticks per second
src/mem/dram_interface.cc:690: warn: DRAM device capacity (16384 Mbytes) does not match the address range assigned (1024 Mbytes)
src/base/statistics.hh:279: warn: One of the stats is a legacy stat. Legacy stat is a stat that does not belong to any statistics::Group. Legacy stat is deprecated.
board.remote_gdb: Listening for connections on port 7003
gem5 Simulator System.  https://www.gem5.org
gem5 is copyrighted software; use the --copyright option for details.

gem5 version 25.0.0.1
gem5 compiled May  5 2026 12:55:05
gem5 started Jun 12 2026 15:43:55
gem5 executing on cn27.guoehi.cluster, pid 164165
command line: /home/fdemirel/HPC_Lab_Proj/stride/../../gem5/build/ALL/gem5.opt -s --outdir=results_stride_multisim --stdout-file=matmult_stride_deg4_dist1_l2_ddr4_1x_simout.txt --stderr-file=matmult_stride_deg4_dist1_l2_ddr4_1x_simerr.txt --stats-file=stats.txt -c 'from multiprocessing.spawn import spawn_main; spawn_main(tracker_fd=7, pipe_handle=13)' --multiprocessing-fork

src/sim/mem_state.cc:443: info: Increasing stack size by one page.
src/sim/syscall_emul.hh:1121: warn: readlink() called on '/proc/self/exe' may yield unexpected results in various settings.
      Returning '/home/fdemirel/HPC_Lab_Proj/benchmarks/matmult/matmult-m5.x'
src/arch/arm/insts/pseudo.cc:174: warn: 	instruction 'bti' unimplemented

----MATRIX MULTIPLICATION----

----Computation starts----
Loop 0 ... 
argc = 2, A[argc][argc] = 0.500000, B[argc][argc] = 0.500000, C[argc][argc] = 0.500000 
Execution time: 1.185299 (ms) 
----quick sort----
Array SIZE      : 131072 
random_elem:0, /home/fdemirel/HPC_Lab_Proj/benchmarks/quick/quick-m5.x
Execution time: 8.247090 (ms) 
Global frequency set at 1000000000000 ticks per second
src/mem/dram_interface.cc:690: warn: DRAM device capacity (16384 Mbytes) does not match the address range assigned (1024 Mbytes)
src/base/statistics.hh:279: warn: One of the stats is a legacy stat. Legacy stat is a stat that does not belong to any statistics::Group. Legacy stat is deprecated.
board.remote_gdb: Listening for connections on port 7002
gem5 Simulator System.  https://www.gem5.org
gem5 is copyrighted software; use the --copyright option for details.

gem5 version 25.0.0.1
gem5 compiled May  5 2026 12:55:05
gem5 started Jun 12 2026 15:45:04
gem5 executing on cn27.guoehi.cluster, pid 164171
command line: /home/fdemirel/HPC_Lab_Proj/stride/../../gem5/build/ALL/gem5.opt -s --outdir=results_stride_multisim --stdout-file=spmv_stride_deg4_dist4_l2_ddr4_1x_simout.txt --stderr-file=spmv_stride_deg4_dist4_l2_ddr4_1x_simerr.txt --stats-file=stats.txt -c 'from multiprocessing.spawn import spawn_main; spawn_main(tracker_fd=7, pipe_handle=13)' --multiprocessing-fork

src/sim/mem_state.cc:443: info: Increasing stack size by one page.
src/sim/syscall_emul.hh:1121: warn: readlink() called on '/proc/self/exe' may yield unexpected results in various settings.
      Returning '/home/fdemirel/HPC_Lab_Proj/benchmarks/spmv/spmv-m5.x'
src/arch/arm/insts/pseudo.cc:174: warn: 	instruction 'bti' unimplemented
src/sim/mem_state.cc:443: info: Increasing stack size by one page.
src/sim/mem_state.cc:443: info: Increasing stack size by one page.
src/sim/mem_state.cc:443: info: Increasing stack size by one page.
src/sim/mem_state.cc:443: info: Increasing stack size by one page.
src/sim/mem_state.cc:443: info: Increasing stack size by one page.
src/sim/mem_state.cc:443: info: Increasing stack size by one page.
src/sim/mem_state.cc:443: info: Increasing stack size by one page.
Global frequency set at 1000000000000 ticks per second
src/mem/dram_interface.cc:690: warn: DRAM device capacity (16384 Mbytes) does not match the address range assigned (512 Mbytes)
src/mem/dram_interface.cc:690: warn: DRAM device capacity (16384 Mbytes) does not match the address range assigned (512 Mbytes)
src/base/statistics.hh:279: warn: One of the stats is a legacy stat. Legacy stat is a stat that does not belong to any statistics::Group. Legacy stat is deprecated.
board.remote_gdb: Listening for connections on port 7003
gem5 Simulator System.  https://www.gem5.org
gem5 is copyrighted software; use the --copyright option for details.

gem5 version 25.0.0.1
gem5 compiled May  5 2026 12:55:05
gem5 started Jun 12 2026 15:45:06
gem5 executing on cn27.guoehi.cluster, pid 164172
command line: /home/fdemirel/HPC_Lab_Proj/stride/../../gem5/build/ALL/gem5.opt -s --outdir=results_stride_multisim --stdout-file=matmult_stride_deg32_dist4_l1d_ddr4_2x_simout.txt --stderr-file=matmult_stride_deg32_dist4_l1d_ddr4_2x_simerr.txt --stats-file=stats.txt -c 'from multiprocessing.spawn import spawn_main; spawn_main(tracker_fd=7, pipe_handle=13)' --multiprocessing-fork

src/sim/mem_state.cc:443: info: Increasing stack size by one page.
src/sim/syscall_emul.hh:1121: warn: readlink() called on '/proc/self/exe' may yield unexpected results in various settings.
      Returning '/home/fdemirel/HPC_Lab_Proj/benchmarks/matmult/matmult-m5.x'
src/arch/arm/insts/pseudo.cc:174: warn: 	instruction 'bti' unimplemented
----quick sort----
Array SIZE      : 131072 
random_elem:0, /home/fdemirel/HPC_Lab_Proj/benchmarks/quick/quick-m5.x
Execution time: 8.888023 (ms) 
----spmv----
N_ROWS          : 8192 
N_COLS          : 65536 
NNZ             : 524155 
Execution time: 6.835349 (ms) 
Global frequency set at 1000000000000 ticks per second
src/mem/dram_interface.cc:690: warn: DRAM device capacity (16384 Mbytes) does not match the address range assigned (1024 Mbytes)
src/base/statistics.hh:279: warn: One of the stats is a legacy stat. Legacy stat is a stat that does not belong to any statistics::Group. Legacy stat is deprecated.
board.remote_gdb: Listening for connections on port 7000
gem5 Simulator System.  https://www.gem5.org
gem5 is copyrighted software; use the --copyright option for details.

gem5 version 25.0.0.1
gem5 compiled May  5 2026 12:55:05
gem5 started Jun 12 2026 15:45:46
gem5 executing on cn27.guoehi.cluster, pid 164179
command line: /home/fdemirel/HPC_Lab_Proj/stride/../../gem5/build/ALL/gem5.opt -s --outdir=results_stride_multisim --stdout-file=merge_stride_deg4_dist8_l2_ddr4_1x_simout.txt --stderr-file=merge_stride_deg4_dist8_l2_ddr4_1x_simerr.txt --stats-file=stats.txt -c 'from multiprocessing.spawn import spawn_main; spawn_main(tracker_fd=7, pipe_handle=13)' --multiprocessing-fork

src/sim/mem_state.cc:443: info: Increasing stack size by one page.
src/sim/syscall_emul.hh:1121: warn: readlink() called on '/proc/self/exe' may yield unexpected results in various settings.
      Returning '/home/fdemirel/HPC_Lab_Proj/benchmarks/merge/merge-m5.x'
src/arch/arm/insts/pseudo.cc:174: warn: 	instruction 'bti' unimplemented
Global frequency set at 1000000000000 ticks per second
src/mem/dram_interface.cc:690: warn: DRAM device capacity (16384 Mbytes) does not match the address range assigned (512 Mbytes)
src/mem/dram_interface.cc:690: warn: DRAM device capacity (16384 Mbytes) does not match the address range assigned (512 Mbytes)
src/base/statistics.hh:279: warn: One of the stats is a legacy stat. Legacy stat is a stat that does not belong to any statistics::Group. Legacy stat is deprecated.
board.remote_gdb: Listening for connections on port 7001
gem5 Simulator System.  https://www.gem5.org
gem5 is copyrighted software; use the --copyright option for details.

gem5 version 25.0.0.1
gem5 compiled May  5 2026 12:55:05
gem5 started Jun 12 2026 15:46:01
gem5 executing on cn27.guoehi.cluster, pid 164180
command line: /home/fdemirel/HPC_Lab_Proj/stride/../../gem5/build/ALL/gem5.opt -s --outdir=results_stride_multisim --stdout-file=merge_stride_deg32_dist8_l1d_ddr4_2x_simout.txt --stderr-file=merge_stride_deg32_dist8_l1d_ddr4_2x_simerr.txt --stats-file=stats.txt -c 'from multiprocessing.spawn import spawn_main; spawn_main(tracker_fd=7, pipe_handle=13)' --multiprocessing-fork

src/sim/mem_state.cc:443: info: Increasing stack size by one page.
src/sim/syscall_emul.hh:1121: warn: readlink() called on '/proc/self/exe' may yield unexpected results in various settings.
      Returning '/home/fdemirel/HPC_Lab_Proj/benchmarks/merge/merge-m5.x'
src/arch/arm/insts/pseudo.cc:174: warn: 	instruction 'bti' unimplemented

----MATRIX MULTIPLICATION----

----Computation starts----
Loop 0 ... 
argc = 2, A[argc][argc] = 0.500000, B[argc][argc] = 0.500000, C[argc][argc] = 0.500000 
Execution time: 1.228220 (ms) 
Global frequency set at 1000000000000 ticks per second
src/mem/dram_interface.cc:690: warn: DRAM device capacity (16384 Mbytes) does not match the address range assigned (512 Mbytes)
src/mem/dram_interface.cc:690: warn: DRAM device capacity (16384 Mbytes) does not match the address range assigned (512 Mbytes)
src/base/statistics.hh:279: warn: One of the stats is a legacy stat. Legacy stat is a stat that does not belong to any statistics::Group. Legacy stat is deprecated.
board.remote_gdb: Listening for connections on port 7003
gem5 Simulator System.  https://www.gem5.org
gem5 is copyrighted software; use the --copyright option for details.

gem5 version 25.0.0.1
gem5 compiled May  5 2026 12:55:05
gem5 started Jun 12 2026 15:46:24
gem5 executing on cn27.guoehi.cluster, pid 164187
command line: /home/fdemirel/HPC_Lab_Proj/stride/../../gem5/build/ALL/gem5.opt -s --outdir=results_stride_multisim --stdout-file=simple_triad_stride_deg4_dist16_l2_ddr4_2x_simout.txt --stderr-file=simple_triad_stride_deg4_dist16_l2_ddr4_2x_simerr.txt --stats-file=stats.txt -c 'from multiprocessing.spawn import spawn_main; spawn_main(tracker_fd=7, pipe_handle=13)' --multiprocessing-fork

src/sim/mem_state.cc:443: info: Increasing stack size by one page.
src/sim/syscall_emul.hh:1121: warn: readlink() called on '/proc/self/exe' may yield unexpected results in various settings.
      Returning '/home/fdemirel/HPC_Lab_Proj/benchmarks/simple_triad/simple_triad-m5.x'
----spmv----
N_ROWS          : 8192 
N_COLS          : 65536 
NNZ             : 524155 
Execution time: 7.534042 (ms) 
Global frequency set at 1000000000000 ticks per second
src/mem/dram_interface.cc:690: warn: DRAM device capacity (16384 Mbytes) does not match the address range assigned (512 Mbytes)
src/mem/dram_interface.cc:690: warn: DRAM device capacity (16384 Mbytes) does not match the address range assigned (512 Mbytes)
src/base/statistics.hh:279: warn: One of the stats is a legacy stat. Legacy stat is a stat that does not belong to any statistics::Group. Legacy stat is deprecated.
board.remote_gdb: Listening for connections on port 7002
gem5 Simulator System.  https://www.gem5.org
gem5 is copyrighted software; use the --copyright option for details.

gem5 version 25.0.0.1
gem5 compiled May  5 2026 12:55:05
gem5 started Jun 12 2026 15:47:04
gem5 executing on cn27.guoehi.cluster, pid 164190
command line: /home/fdemirel/HPC_Lab_Proj/stride/../../gem5/build/ALL/gem5.opt -s --outdir=results_stride_multisim --stdout-file=bfs_stride_deg32_dist16_l1d_ddr4_2x_simout.txt --stderr-file=bfs_stride_deg32_dist16_l1d_ddr4_2x_simerr.txt --stats-file=stats.txt -c 'from multiprocessing.spawn import spawn_main; spawn_main(tracker_fd=7, pipe_handle=13)' --multiprocessing-fork

src/sim/mem_state.cc:443: info: Increasing stack size by one page.
src/sim/syscall_emul.hh:1121: warn: readlink() called on '/proc/self/exe' may yield unexpected results in various settings.
      Returning '/home/fdemirel/HPC_Lab_Proj/benchmarks/bfs/bfs-m5.x'
src/arch/arm/insts/pseudo.cc:174: warn: 	instruction 'bti' unimplemented
Beginning BFS ...
Array SIZE      : 1000000 
Array LOOP      : 1 

----triad----
a[0]=7.00e+00. b[0]=2.00e+00. c[0]=1.00e+00.
Execution time: 1.694171 (ms) 
   Rate [MB/s]: 14166.2 
Global frequency set at 1000000000000 ticks per second
src/mem/dram_interface.cc:690: warn: DRAM device capacity (16384 Mbytes) does not match the address range assigned (1024 Mbytes)
src/base/statistics.hh:279: warn: One of the stats is a legacy stat. Legacy stat is a stat that does not belong to any statistics::Group. Legacy stat is deprecated.
board.remote_gdb: Listening for connections on port 7003
gem5 Simulator System.  https://www.gem5.org
gem5 is copyrighted software; use the --copyright option for details.

gem5 version 25.0.0.1
gem5 compiled May  5 2026 12:55:05
gem5 started Jun 12 2026 15:48:07
gem5 executing on cn27.guoehi.cluster, pid 164197
command line: /home/fdemirel/HPC_Lab_Proj/stride/../../gem5/build/ALL/gem5.opt -s --outdir=results_stride_multisim --stdout-file=quick_stride_deg32_dist1_l1d_ddr4_1x_simout.txt --stderr-file=quick_stride_deg32_dist1_l1d_ddr4_1x_simerr.txt --stats-file=stats.txt -c 'from multiprocessing.spawn import spawn_main; spawn_main(tracker_fd=7, pipe_handle=13)' --multiprocessing-fork

src/sim/mem_state.cc:443: info: Increasing stack size by one page.
src/sim/syscall_emul.hh:1121: warn: readlink() called on '/proc/self/exe' may yield unexpected results in various settings.
      Returning '/home/fdemirel/HPC_Lab_Proj/benchmarks/quick/quick-m5.x'
src/arch/arm/insts/pseudo.cc:174: warn: 	instruction 'bti' unimplemented

----merge----
Execution time: 10.489992 (ms) 
random_elem:0, /home/fdemirel/HPC_Lab_Proj/benchmarks/merge/merge-m5.x
Global frequency set at 1000000000000 ticks per second
src/mem/dram_interface.cc:690: warn: DRAM device capacity (16384 Mbytes) does not match the address range assigned (512 Mbytes)
src/mem/dram_interface.cc:690: warn: DRAM device capacity (16384 Mbytes) does not match the address range assigned (512 Mbytes)
src/base/statistics.hh:279: warn: One of the stats is a legacy stat. Legacy stat is a stat that does not belong to any statistics::Group. Legacy stat is deprecated.
board.remote_gdb: Listening for connections on port 7000
gem5 Simulator System.  https://www.gem5.org
gem5 is copyrighted software; use the --copyright option for details.

gem5 version 25.0.0.1
gem5 compiled May  5 2026 12:55:05
gem5 started Jun 12 2026 15:50:54
gem5 executing on cn27.guoehi.cluster, pid 164210
command line: /home/fdemirel/HPC_Lab_Proj/stride/../../gem5/build/ALL/gem5.opt -s --outdir=results_stride_multisim --stdout-file=spmv_stride_deg4_dist32_l2_ddr4_2x_simout.txt --stderr-file=spmv_stride_deg4_dist32_l2_ddr4_2x_simerr.txt --stats-file=stats.txt -c 'from multiprocessing.spawn import spawn_main; spawn_main(tracker_fd=7, pipe_handle=13)' --multiprocessing-fork

src/sim/mem_state.cc:443: info: Increasing stack size by one page.
src/sim/syscall_emul.hh:1121: warn: readlink() called on '/proc/self/exe' may yield unexpected results in various settings.
      Returning '/home/fdemirel/HPC_Lab_Proj/benchmarks/spmv/spmv-m5.x'
src/arch/arm/insts/pseudo.cc:174: warn: 	instruction 'bti' unimplemented
src/sim/mem_state.cc:443: info: Increasing stack size by one page.
src/sim/mem_state.cc:443: info: Increasing stack size by one page.
src/sim/mem_state.cc:443: info: Increasing stack size by one page.
src/sim/mem_state.cc:443: info: Increasing stack size by one page.
src/sim/mem_state.cc:443: info: Increasing stack size by one page.
src/sim/mem_state.cc:443: info: Increasing stack size by one page.
src/sim/mem_state.cc:443: info: Increasing stack size by one page.

----merge----
Execution time: 9.942856 (ms) 
random_elem:0, /home/fdemirel/HPC_Lab_Proj/benchmarks/merge/merge-m5.x
Global frequency set at 1000000000000 ticks per second
src/mem/dram_interface.cc:690: warn: DRAM device capacity (16384 Mbytes) does not match the address range assigned (512 Mbytes)
src/mem/dram_interface.cc:690: warn: DRAM device capacity (16384 Mbytes) does not match the address range assigned (512 Mbytes)
src/base/statistics.hh:279: warn: One of the stats is a legacy stat. Legacy stat is a stat that does not belong to any statistics::Group. Legacy stat is deprecated.
board.remote_gdb: Listening for connections on port 7001
gem5 Simulator System.  https://www.gem5.org
gem5 is copyrighted software; use the --copyright option for details.

gem5 version 25.0.0.1
gem5 compiled May  5 2026 12:55:05
gem5 started Jun 12 2026 15:51:15
gem5 executing on cn27.guoehi.cluster, pid 164215
command line: /home/fdemirel/HPC_Lab_Proj/stride/../../gem5/build/ALL/gem5.opt -s --outdir=results_stride_multisim --stdout-file=merge_stride_deg1_dist16_l1d_ddr4_2x_simout.txt --stderr-file=merge_stride_deg1_dist16_l1d_ddr4_2x_simerr.txt --stats-file=stats.txt -c 'from multiprocessing.spawn import spawn_main; spawn_main(tracker_fd=7, pipe_handle=13)' --multiprocessing-fork

src/sim/mem_state.cc:443: info: Increasing stack size by one page.
src/sim/syscall_emul.hh:1121: warn: readlink() called on '/proc/self/exe' may yield unexpected results in various settings.
      Returning '/home/fdemirel/HPC_Lab_Proj/benchmarks/merge/merge-m5.x'
src/arch/arm/insts/pseudo.cc:174: warn: 	instruction 'bti' unimplemented
----quick sort----
Array SIZE      : 131072 
random_elem:0, /home/fdemirel/HPC_Lab_Proj/benchmarks/quick/quick-m5.x
Execution time: 8.268250 (ms) 
Global frequency set at 1000000000000 ticks per second
src/mem/dram_interface.cc:690: warn: DRAM device capacity (16384 Mbytes) does not match the address range assigned (1024 Mbytes)
src/base/statistics.hh:279: warn: One of the stats is a legacy stat. Legacy stat is a stat that does not belong to any statistics::Group. Legacy stat is deprecated.
board.remote_gdb: Listening for connections on port 7003
gem5 Simulator System.  https://www.gem5.org
gem5 is copyrighted software; use the --copyright option for details.

gem5 version 25.0.0.1
gem5 compiled May  5 2026 12:55:05
gem5 started Jun 12 2026 15:52:06
gem5 executing on cn27.guoehi.cluster, pid 164219
command line: /home/fdemirel/HPC_Lab_Proj/stride/../../gem5/build/ALL/gem5.opt -s --outdir=results_stride_multisim --stdout-file=matmult_stride_deg16_dist8_l1d_ddr4_1x_simout.txt --stderr-file=matmult_stride_deg16_dist8_l1d_ddr4_1x_simerr.txt --stats-file=stats.txt -c 'from multiprocessing.spawn import spawn_main; spawn_main(tracker_fd=7, pipe_handle=13)' --multiprocessing-fork

src/sim/mem_state.cc:443: info: Increasing stack size by one page.
src/sim/syscall_emul.hh:1121: warn: readlink() called on '/proc/self/exe' may yield unexpected results in various settings.
      Returning '/home/fdemirel/HPC_Lab_Proj/benchmarks/matmult/matmult-m5.x'
src/arch/arm/insts/pseudo.cc:174: warn: 	instruction 'bti' unimplemented
----spmv----
N_ROWS          : 8192 
N_COLS          : 65536 
NNZ             : 524155 
Execution time: 6.855235 (ms) 
Finished BFS.
Global frequency set at 1000000000000 ticks per second

----MATRIX MULTIPLICATION----

----Computation starts----
Loop 0 ... 
argc = 2, A[argc][argc] = 0.500000, B[argc][argc] = 0.500000, C[argc][argc] = 0.500000 
Execution time: 1.202581 (ms) 
src/mem/dram_interface.cc:690: warn: DRAM device capacity (16384 Mbytes) does not match the address range assigned (512 Mbytes)
src/mem/dram_interface.cc:690: warn: DRAM device capacity (16384 Mbytes) does not match the address range assigned (512 Mbytes)
src/base/statistics.hh:279: warn: One of the stats is a legacy stat. Legacy stat is a stat that does not belong to any statistics::Group. Legacy stat is deprecated.
board.remote_gdb: Listening for connections on port 7000
gem5 Simulator System.  https://www.gem5.org
gem5 is copyrighted software; use the --copyright option for details.

gem5 version 25.0.0.1
gem5 compiled May  5 2026 12:55:05
gem5 started Jun 12 2026 15:53:01
gem5 executing on cn27.guoehi.cluster, pid 164224
command line: /home/fdemirel/HPC_Lab_Proj/stride/../../gem5/build/ALL/gem5.opt -s --outdir=results_stride_multisim --stdout-file=quick_stride_deg16_dist4_l1d_ddr4_2x_simout.txt --stderr-file=quick_stride_deg16_dist4_l1d_ddr4_2x_simerr.txt --stats-file=stats.txt -c 'from multiprocessing.spawn import spawn_main; spawn_main(tracker_fd=7, pipe_handle=13)' --multiprocessing-fork

src/sim/mem_state.cc:443: info: Increasing stack size by one page.
src/sim/syscall_emul.hh:1121: warn: readlink() called on '/proc/self/exe' may yield unexpected results in various settings.
      Returning '/home/fdemirel/HPC_Lab_Proj/benchmarks/quick/quick-m5.x'
src/arch/arm/insts/pseudo.cc:174: warn: 	instruction 'bti' unimplemented
Global frequency set at 1000000000000 ticks per second
src/mem/dram_interface.cc:690: warn: DRAM device capacity (16384 Mbytes) does not match the address range assigned (1024 Mbytes)
src/base/statistics.hh:279: warn: One of the stats is a legacy stat. Legacy stat is a stat that does not belong to any statistics::Group. Legacy stat is deprecated.
board.remote_gdb: Listening for connections on port 7002
gem5 Simulator System.  https://www.gem5.org
gem5 is copyrighted software; use the --copyright option for details.

gem5 version 25.0.0.1
gem5 compiled May  5 2026 12:55:05
gem5 started Jun 12 2026 15:53:19
gem5 executing on cn27.guoehi.cluster, pid 164228
command line: /home/fdemirel/HPC_Lab_Proj/stride/../../gem5/build/ALL/gem5.opt -s --outdir=results_stride_multisim --stdout-file=quick_stride_deg32_dist1_l2_ddr4_1x_simout.txt --stderr-file=quick_stride_deg32_dist1_l2_ddr4_1x_simerr.txt --stats-file=stats.txt -c 'from multiprocessing.spawn import spawn_main; spawn_main(tracker_fd=7, pipe_handle=13)' --multiprocessing-fork

src/sim/mem_state.cc:443: info: Increasing stack size by one page.
src/sim/syscall_emul.hh:1121: warn: readlink() called on '/proc/self/exe' may yield unexpected results in various settings.
      Returning '/home/fdemirel/HPC_Lab_Proj/benchmarks/quick/quick-m5.x'
src/arch/arm/insts/pseudo.cc:174: warn: 	instruction 'bti' unimplemented
Global frequency set at 1000000000000 ticks per second
src/mem/dram_interface.cc:690: warn: DRAM device capacity (16384 Mbytes) does not match the address range assigned (1024 Mbytes)
src/base/statistics.hh:279: warn: One of the stats is a legacy stat. Legacy stat is a stat that does not belong to any statistics::Group. Legacy stat is deprecated.
board.remote_gdb: Listening for connections on port 7003
gem5 Simulator System.  https://www.gem5.org
gem5 is copyrighted software; use the --copyright option for details.

gem5 version 25.0.0.1
gem5 compiled May  5 2026 12:55:05
gem5 started Jun 12 2026 15:53:21
gem5 executing on cn27.guoehi.cluster, pid 164229
command line: /home/fdemirel/HPC_Lab_Proj/stride/../../gem5/build/ALL/gem5.opt -s --outdir=results_stride_multisim --stdout-file=simple_triad_stride_deg16_dist4_l2_ddr4_1x_simout.txt --stderr-file=simple_triad_stride_deg16_dist4_l2_ddr4_1x_simerr.txt --stats-file=stats.txt -c 'from multiprocessing.spawn import spawn_main; spawn_main(tracker_fd=7, pipe_handle=13)' --multiprocessing-fork

src/sim/mem_state.cc:443: info: Increasing stack size by one page.
src/sim/syscall_emul.hh:1121: warn: readlink() called on '/proc/self/exe' may yield unexpected results in various settings.
      Returning '/home/fdemirel/HPC_Lab_Proj/benchmarks/simple_triad/simple_triad-m5.x'
Array SIZE      : 1000000 
Array LOOP      : 1 

----triad----
a[0]=7.00e+00. b[0]=2.00e+00. c[0]=1.00e+00.
Execution time: 2.601394 (ms) 
   Rate [MB/s]: 9225.8 
Global frequency set at 1000000000000 ticks per second
src/mem/dram_interface.cc:690: warn: DRAM device capacity (16384 Mbytes) does not match the address range assigned (1024 Mbytes)
src/base/statistics.hh:279: warn: One of the stats is a legacy stat. Legacy stat is a stat that does not belong to any statistics::Group. Legacy stat is deprecated.
board.remote_gdb: Listening for connections on port 7003
gem5 Simulator System.  https://www.gem5.org
gem5 is copyrighted software; use the --copyright option for details.

gem5 version 25.0.0.1
gem5 compiled May  5 2026 12:55:05
gem5 started Jun 12 2026 15:55:23
gem5 executing on cn27.guoehi.cluster, pid 164237
command line: /home/fdemirel/HPC_Lab_Proj/stride/../../gem5/build/ALL/gem5.opt -s --outdir=results_stride_multisim --stdout-file=bfs_stride_deg32_dist4_l1d_ddr4_1x_simout.txt --stderr-file=bfs_stride_deg32_dist4_l1d_ddr4_1x_simerr.txt --stats-file=stats.txt -c 'from multiprocessing.spawn import spawn_main; spawn_main(tracker_fd=7, pipe_handle=13)' --multiprocessing-fork

src/sim/mem_state.cc:443: info: Increasing stack size by one page.
src/sim/syscall_emul.hh:1121: warn: readlink() called on '/proc/self/exe' may yield unexpected results in various settings.
      Returning '/home/fdemirel/HPC_Lab_Proj/benchmarks/bfs/bfs-m5.x'
src/arch/arm/insts/pseudo.cc:174: warn: 	instruction 'bti' unimplemented
Beginning BFS ...

----merge----
Execution time: 10.314490 (ms) 
random_elem:0, /home/fdemirel/HPC_Lab_Proj/benchmarks/merge/merge-m5.x
Global frequency set at 1000000000000 ticks per second
src/mem/dram_interface.cc:690: warn: DRAM device capacity (16384 Mbytes) does not match the address range assigned (512 Mbytes)
src/mem/dram_interface.cc:690: warn: DRAM device capacity (16384 Mbytes) does not match the address range assigned (512 Mbytes)
src/base/statistics.hh:279: warn: One of the stats is a legacy stat. Legacy stat is a stat that does not belong to any statistics::Group. Legacy stat is deprecated.
board.remote_gdb: Listening for connections on port 7001
gem5 Simulator System.  https://www.gem5.org
gem5 is copyrighted software; use the --copyright option for details.

gem5 version 25.0.0.1
gem5 compiled May  5 2026 12:55:05
gem5 started Jun 12 2026 15:56:14
gem5 executing on cn27.guoehi.cluster, pid 164243
command line: /home/fdemirel/HPC_Lab_Proj/stride/../../gem5/build/ALL/gem5.opt -s --outdir=results_stride_multisim --stdout-file=spmv_stride_deg16_dist1_l1d_ddr4_2x_simout.txt --stderr-file=spmv_stride_deg16_dist1_l1d_ddr4_2x_simerr.txt --stats-file=stats.txt -c 'from multiprocessing.spawn import spawn_main; spawn_main(tracker_fd=7, pipe_handle=13)' --multiprocessing-fork

src/sim/mem_state.cc:443: info: Increasing stack size by one page.
src/sim/syscall_emul.hh:1121: warn: readlink() called on '/proc/self/exe' may yield unexpected results in various settings.
      Returning '/home/fdemirel/HPC_Lab_Proj/benchmarks/spmv/spmv-m5.x'
src/arch/arm/insts/pseudo.cc:174: warn: 	instruction 'bti' unimplemented
src/sim/mem_state.cc:443: info: Increasing stack size by one page.
src/sim/mem_state.cc:443: info: Increasing stack size by one page.
src/sim/mem_state.cc:443: info: Increasing stack size by one page.
src/sim/mem_state.cc:443: info: Increasing stack size by one page.
src/sim/mem_state.cc:443: info: Increasing stack size by one page.
src/sim/mem_state.cc:443: info: Increasing stack size by one page.
src/sim/mem_state.cc:443: info: Increasing stack size by one page.
----quick sort----
Array SIZE      : 131072 
random_elem:0, /home/fdemirel/HPC_Lab_Proj/benchmarks/quick/quick-m5.x
Execution time: 8.318880 (ms) 
----quick sort----
Array SIZE      : 131072 
random_elem:0, /home/fdemirel/HPC_Lab_Proj/benchmarks/quick/quick-m5.x
Execution time: 8.604935 (ms) 
Global frequency set at 1000000000000 ticks per second
src/mem/dram_interface.cc:690: warn: DRAM device capacity (16384 Mbytes) does not match the address range assigned (1024 Mbytes)
src/base/statistics.hh:279: warn: One of the stats is a legacy stat. Legacy stat is a stat that does not belong to any statistics::Group. Legacy stat is deprecated.
board.remote_gdb: Listening for connections on port 7000
gem5 Simulator System.  https://www.gem5.org
gem5 is copyrighted software; use the --copyright option for details.

gem5 version 25.0.0.1
gem5 compiled May  5 2026 12:55:05
gem5 started Jun 12 2026 15:57:16
gem5 executing on cn27.guoehi.cluster, pid 164248
command line: /home/fdemirel/HPC_Lab_Proj/stride/../../gem5/build/ALL/gem5.opt -s --outdir=results_stride_multisim --stdout-file=merge_stride_deg16_dist32_l2_ddr4_1x_simout.txt --stderr-file=merge_stride_deg16_dist32_l2_ddr4_1x_simerr.txt --stats-file=stats.txt -c 'from multiprocessing.spawn import spawn_main; spawn_main(tracker_fd=7, pipe_handle=13)' --multiprocessing-fork

src/sim/mem_state.cc:443: info: Increasing stack size by one page.
src/sim/syscall_emul.hh:1121: warn: readlink() called on '/proc/self/exe' may yield unexpected results in various settings.
      Returning '/home/fdemirel/HPC_Lab_Proj/benchmarks/merge/merge-m5.x'
src/arch/arm/insts/pseudo.cc:174: warn: 	instruction 'bti' unimplemented
Global frequency set at 1000000000000 ticks per second
src/mem/dram_interface.cc:690: warn: DRAM device capacity (16384 Mbytes) does not match the address range assigned (512 Mbytes)
src/mem/dram_interface.cc:690: warn: DRAM device capacity (16384 Mbytes) does not match the address range assigned (512 Mbytes)
src/base/statistics.hh:279: warn: One of the stats is a legacy stat. Legacy stat is a stat that does not belong to any statistics::Group. Legacy stat is deprecated.
board.remote_gdb: Listening for connections on port 7002
gem5 Simulator System.  https://www.gem5.org
gem5 is copyrighted software; use the --copyright option for details.

gem5 version 25.0.0.1
gem5 compiled May  5 2026 12:55:05
gem5 started Jun 12 2026 15:57:33
gem5 executing on cn27.guoehi.cluster, pid 164249
command line: /home/fdemirel/HPC_Lab_Proj/stride/../../gem5/build/ALL/gem5.opt -s --outdir=results_stride_multisim --stdout-file=bfs_stride_deg32_dist16_l2_ddr4_2x_simout.txt --stderr-file=bfs_stride_deg32_dist16_l2_ddr4_2x_simerr.txt --stats-file=stats.txt -c 'from multiprocessing.spawn import spawn_main; spawn_main(tracker_fd=7, pipe_handle=13)' --multiprocessing-fork

src/sim/mem_state.cc:443: info: Increasing stack size by one page.
src/sim/syscall_emul.hh:1121: warn: readlink() called on '/proc/self/exe' may yield unexpected results in various settings.
      Returning '/home/fdemirel/HPC_Lab_Proj/benchmarks/bfs/bfs-m5.x'
src/arch/arm/insts/pseudo.cc:174: warn: 	instruction 'bti' unimplemented
Beginning BFS ...
----spmv----
N_ROWS          : 8192 
N_COLS          : 65536 
NNZ             : 524155 
Execution time: 6.289189 (ms) 
Global frequency set at 1000000000000 ticks per second
src/mem/dram_interface.cc:690: warn: DRAM device capacity (16384 Mbytes) does not match the address range assigned (512 Mbytes)
src/mem/dram_interface.cc:690: warn: DRAM device capacity (16384 Mbytes) does not match the address range assigned (512 Mbytes)
src/base/statistics.hh:279: warn: One of the stats is a legacy stat. Legacy stat is a stat that does not belong to any statistics::Group. Legacy stat is deprecated.
board.remote_gdb: Listening for connections on port 7001
gem5 Simulator System.  https://www.gem5.org
gem5 is copyrighted software; use the --copyright option for details.

gem5 version 25.0.0.1
gem5 compiled May  5 2026 12:55:05
gem5 started Jun 12 2026 15:58:25
gem5 executing on cn27.guoehi.cluster, pid 164255
command line: /home/fdemirel/HPC_Lab_Proj/stride/../../gem5/build/ALL/gem5.opt -s --outdir=results_stride_multisim --stdout-file=merge_stride_deg1_dist16_l2_ddr4_2x_simout.txt --stderr-file=merge_stride_deg1_dist16_l2_ddr4_2x_simerr.txt --stats-file=stats.txt -c 'from multiprocessing.spawn import spawn_main; spawn_main(tracker_fd=7, pipe_handle=13)' --multiprocessing-fork

src/sim/mem_state.cc:443: info: Increasing stack size by one page.
src/sim/syscall_emul.hh:1121: warn: readlink() called on '/proc/self/exe' may yield unexpected results in various settings.
      Returning '/home/fdemirel/HPC_Lab_Proj/benchmarks/merge/merge-m5.x'
src/arch/arm/insts/pseudo.cc:174: warn: 	instruction 'bti' unimplemented
Finished BFS.
Global frequency set at 1000000000000 ticks per second
src/mem/dram_interface.cc:690: warn: DRAM device capacity (16384 Mbytes) does not match the address range assigned (1024 Mbytes)
src/base/statistics.hh:279: warn: One of the stats is a legacy stat. Legacy stat is a stat that does not belong to any statistics::Group. Legacy stat is deprecated.
board.remote_gdb: Listening for connections on port 7003
gem5 Simulator System.  https://www.gem5.org
gem5 is copyrighted software; use the --copyright option for details.

gem5 version 25.0.0.1
gem5 compiled May  5 2026 12:55:05
gem5 started Jun 12 2026 16:01:27
gem5 executing on cn27.guoehi.cluster, pid 164265
command line: /home/fdemirel/HPC_Lab_Proj/stride/../../gem5/build/ALL/gem5.opt -s --outdir=results_stride_multisim --stdout-file=simple_triad_stride_deg1_dist16_l1d_ddr4_1x_simout.txt --stderr-file=simple_triad_stride_deg1_dist16_l1d_ddr4_1x_simerr.txt --stats-file=stats.txt -c 'from multiprocessing.spawn import spawn_main; spawn_main(tracker_fd=7, pipe_handle=13)' --multiprocessing-fork

src/sim/mem_state.cc:443: info: Increasing stack size by one page.
src/sim/syscall_emul.hh:1121: warn: readlink() called on '/proc/self/exe' may yield unexpected results in various settings.
      Returning '/home/fdemirel/HPC_Lab_Proj/benchmarks/simple_triad/simple_triad-m5.x'

----merge----
Execution time: 10.998112 (ms) 
random_elem:0, /home/fdemirel/HPC_Lab_Proj/benchmarks/merge/merge-m5.x
Global frequency set at 1000000000000 ticks per second
src/mem/dram_interface.cc:690: warn: DRAM device capacity (16384 Mbytes) does not match the address range assigned (512 Mbytes)
src/mem/dram_interface.cc:690: warn: DRAM device capacity (16384 Mbytes) does not match the address range assigned (512 Mbytes)
src/base/statistics.hh:279: warn: One of the stats is a legacy stat. Legacy stat is a stat that does not belong to any statistics::Group. Legacy stat is deprecated.
board.remote_gdb: Listening for connections on port 7000
gem5 Simulator System.  https://www.gem5.org
gem5 is copyrighted software; use the --copyright option for details.

gem5 version 25.0.0.1
gem5 compiled May  5 2026 12:55:05
gem5 started Jun 12 2026 16:02:26
gem5 executing on cn27.guoehi.cluster, pid 164271
command line: /home/fdemirel/HPC_Lab_Proj/stride/../../gem5/build/ALL/gem5.opt -s --outdir=results_stride_multisim --stdout-file=merge_stride_deg4_dist32_l1d_ddr4_2x_simout.txt --stderr-file=merge_stride_deg4_dist32_l1d_ddr4_2x_simerr.txt --stats-file=stats.txt -c 'from multiprocessing.spawn import spawn_main; spawn_main(tracker_fd=7, pipe_handle=13)' --multiprocessing-fork

src/sim/mem_state.cc:443: info: Increasing stack size by one page.
src/sim/syscall_emul.hh:1121: warn: readlink() called on '/proc/self/exe' may yield unexpected results in various settings.
      Returning '/home/fdemirel/HPC_Lab_Proj/benchmarks/merge/merge-m5.x'
src/arch/arm/insts/pseudo.cc:174: warn: 	instruction 'bti' unimplemented
Array SIZE      : 1000000 
Array LOOP      : 1 

----triad----
a[0]=7.00e+00. b[0]=2.00e+00. c[0]=1.00e+00.
Execution time: 2.537105 (ms) 
   Rate [MB/s]: 9459.6 
Finished BFS.
Global frequency set at 1000000000000 ticks per second
src/mem/dram_interface.cc:690: warn: DRAM device capacity (16384 Mbytes) does not match the address range assigned (1024 Mbytes)
src/base/statistics.hh:279: warn: One of the stats is a legacy stat. Legacy stat is a stat that does not belong to any statistics::Group. Legacy stat is deprecated.
board.remote_gdb: Listening for connections on port 7002
gem5 Simulator System.  https://www.gem5.org
gem5 is copyrighted software; use the --copyright option for details.

gem5 version 25.0.0.1
gem5 compiled May  5 2026 12:55:05
gem5 started Jun 12 2026 16:03:19
gem5 executing on cn27.guoehi.cluster, pid 164275
command line: /home/fdemirel/HPC_Lab_Proj/stride/../../gem5/build/ALL/gem5.opt -s --outdir=results_stride_multisim --stdout-file=matmult_stride_deg1_dist32_l1d_ddr4_1x_simout.txt --stderr-file=matmult_stride_deg1_dist32_l1d_ddr4_1x_simerr.txt --stats-file=stats.txt -c 'from multiprocessing.spawn import spawn_main; spawn_main(tracker_fd=7, pipe_handle=13)' --multiprocessing-fork

src/sim/mem_state.cc:443: info: Increasing stack size by one page.
src/sim/syscall_emul.hh:1121: warn: readlink() called on '/proc/self/exe' may yield unexpected results in various settings.
      Returning '/home/fdemirel/HPC_Lab_Proj/benchmarks/matmult/matmult-m5.x'
src/arch/arm/insts/pseudo.cc:174: warn: 	instruction 'bti' unimplemented

----merge----
Execution time: 10.713302 (ms) 
random_elem:0, /home/fdemirel/HPC_Lab_Proj/benchmarks/merge/merge-m5.x
Global frequency set at 1000000000000 ticks per second
src/mem/dram_interface.cc:690: warn: DRAM device capacity (16384 Mbytes) does not match the address range assigned (512 Mbytes)
src/mem/dram_interface.cc:690: warn: DRAM device capacity (16384 Mbytes) does not match the address range assigned (512 Mbytes)
src/base/statistics.hh:279: warn: One of the stats is a legacy stat. Legacy stat is a stat that does not belong to any statistics::Group. Legacy stat is deprecated.
board.remote_gdb: Listening for connections on port 7001
gem5 Simulator System.  https://www.gem5.org
gem5 is copyrighted software; use the --copyright option for details.

gem5 version 25.0.0.1
gem5 compiled May  5 2026 12:55:05
gem5 started Jun 12 2026 16:03:37
gem5 executing on cn27.guoehi.cluster, pid 164278
command line: /home/fdemirel/HPC_Lab_Proj/stride/../../gem5/build/ALL/gem5.opt -s --outdir=results_stride_multisim --stdout-file=quick_stride_deg16_dist4_l2_ddr4_2x_simout.txt --stderr-file=quick_stride_deg16_dist4_l2_ddr4_2x_simerr.txt --stats-file=stats.txt -c 'from multiprocessing.spawn import spawn_main; spawn_main(tracker_fd=7, pipe_handle=13)' --multiprocessing-fork

src/sim/mem_state.cc:443: info: Increasing stack size by one page.
src/sim/syscall_emul.hh:1121: warn: readlink() called on '/proc/self/exe' may yield unexpected results in various settings.
      Returning '/home/fdemirel/HPC_Lab_Proj/benchmarks/quick/quick-m5.x'
src/arch/arm/insts/pseudo.cc:174: warn: 	instruction 'bti' unimplemented
Global frequency set at 1000000000000 ticks per second
src/mem/dram_interface.cc:690: warn: DRAM device capacity (16384 Mbytes) does not match the address range assigned (512 Mbytes)
src/mem/dram_interface.cc:690: warn: DRAM device capacity (16384 Mbytes) does not match the address range assigned (512 Mbytes)
src/base/statistics.hh:279: warn: One of the stats is a legacy stat. Legacy stat is a stat that does not belong to any statistics::Group. Legacy stat is deprecated.
board.remote_gdb: Listening for connections on port 7003
gem5 Simulator System.  https://www.gem5.org
gem5 is copyrighted software; use the --copyright option for details.

gem5 version 25.0.0.1
gem5 compiled May  5 2026 12:55:05
gem5 started Jun 12 2026 16:03:40
gem5 executing on cn27.guoehi.cluster, pid 164279
command line: /home/fdemirel/HPC_Lab_Proj/stride/../../gem5/build/ALL/gem5.opt -s --outdir=results_stride_multisim --stdout-file=matmult_stride_deg4_dist16_l1d_ddr4_2x_simout.txt --stderr-file=matmult_stride_deg4_dist16_l1d_ddr4_2x_simerr.txt --stats-file=stats.txt -c 'from multiprocessing.spawn import spawn_main; spawn_main(tracker_fd=7, pipe_handle=13)' --multiprocessing-fork

src/sim/mem_state.cc:443: info: Increasing stack size by one page.
src/sim/syscall_emul.hh:1121: warn: readlink() called on '/proc/self/exe' may yield unexpected results in various settings.
      Returning '/home/fdemirel/HPC_Lab_Proj/benchmarks/matmult/matmult-m5.x'
src/arch/arm/insts/pseudo.cc:174: warn: 	instruction 'bti' unimplemented

----MATRIX MULTIPLICATION----

----Computation starts----
Loop 0 ... 
argc = 2, A[argc][argc] = 0.500000, B[argc][argc] = 0.500000, C[argc][argc] = 0.500000 
Execution time: 1.238080 (ms) 
Global frequency set at 1000000000000 ticks per second
src/mem/dram_interface.cc:690: warn: DRAM device capacity (16384 Mbytes) does not match the address range assigned (512 Mbytes)
src/mem/dram_interface.cc:690: warn: DRAM device capacity (16384 Mbytes) does not match the address range assigned (512 Mbytes)
src/base/statistics.hh:279: warn: One of the stats is a legacy stat. Legacy stat is a stat that does not belong to any statistics::Group. Legacy stat is deprecated.
board.remote_gdb: Listening for connections on port 7002
gem5 Simulator System.  https://www.gem5.org
gem5 is copyrighted software; use the --copyright option for details.

gem5 version 25.0.0.1
gem5 compiled May  5 2026 12:55:05
gem5 started Jun 12 2026 16:04:32
gem5 executing on cn27.guoehi.cluster, pid 164286
command line: /home/fdemirel/HPC_Lab_Proj/stride/../../gem5/build/ALL/gem5.opt -s --outdir=results_stride_multisim --stdout-file=simple_triad_stride_deg8_dist32_l2_ddr4_2x_simout.txt --stderr-file=simple_triad_stride_deg8_dist32_l2_ddr4_2x_simerr.txt --stats-file=stats.txt -c 'from multiprocessing.spawn import spawn_main; spawn_main(tracker_fd=7, pipe_handle=13)' --multiprocessing-fork

src/sim/mem_state.cc:443: info: Increasing stack size by one page.
src/sim/syscall_emul.hh:1121: warn: readlink() called on '/proc/self/exe' may yield unexpected results in various settings.
      Returning '/home/fdemirel/HPC_Lab_Proj/benchmarks/simple_triad/simple_triad-m5.x'

----MATRIX MULTIPLICATION----

----Computation starts----
Loop 0 ... 
argc = 2, A[argc][argc] = 0.500000, B[argc][argc] = 0.500000, C[argc][argc] = 0.500000 
Execution time: 1.224106 (ms) 
Global frequency set at 1000000000000 ticks per second
src/mem/dram_interface.cc:690: warn: DRAM device capacity (16384 Mbytes) does not match the address range assigned (1024 Mbytes)
src/base/statistics.hh:279: warn: One of the stats is a legacy stat. Legacy stat is a stat that does not belong to any statistics::Group. Legacy stat is deprecated.
board.remote_gdb: Listening for connections on port 7003
gem5 Simulator System.  https://www.gem5.org
gem5 is copyrighted software; use the --copyright option for details.

gem5 version 25.0.0.1
gem5 compiled May  5 2026 12:55:05
gem5 started Jun 12 2026 16:04:54
gem5 executing on cn27.guoehi.cluster, pid 164290
command line: /home/fdemirel/HPC_Lab_Proj/stride/../../gem5/build/ALL/gem5.opt -s --outdir=results_stride_multisim --stdout-file=quick_stride_deg4_dist8_l2_ddr4_1x_simout.txt --stderr-file=quick_stride_deg4_dist8_l2_ddr4_1x_simerr.txt --stats-file=stats.txt -c 'from multiprocessing.spawn import spawn_main; spawn_main(tracker_fd=7, pipe_handle=13)' --multiprocessing-fork

src/sim/mem_state.cc:443: info: Increasing stack size by one page.
src/sim/syscall_emul.hh:1121: warn: readlink() called on '/proc/self/exe' may yield unexpected results in various settings.
      Returning '/home/fdemirel/HPC_Lab_Proj/benchmarks/quick/quick-m5.x'
src/arch/arm/insts/pseudo.cc:174: warn: 	instruction 'bti' unimplemented
Array SIZE      : 1000000 
Array LOOP      : 1 

----triad----
a[0]=7.00e+00. b[0]=2.00e+00. c[0]=1.00e+00.
Execution time: 1.975779 (ms) 
   Rate [MB/s]: 12147.1 
Global frequency set at 1000000000000 ticks per second
src/mem/dram_interface.cc:690: warn: DRAM device capacity (16384 Mbytes) does not match the address range assigned (512 Mbytes)
src/mem/dram_interface.cc:690: warn: DRAM device capacity (16384 Mbytes) does not match the address range assigned (512 Mbytes)
src/base/statistics.hh:279: warn: One of the stats is a legacy stat. Legacy stat is a stat that does not belong to any statistics::Group. Legacy stat is deprecated.
board.remote_gdb: Listening for connections on port 7002
gem5 Simulator System.  https://www.gem5.org
gem5 is copyrighted software; use the --copyright option for details.

gem5 version 25.0.0.1
gem5 compiled May  5 2026 12:55:05
gem5 started Jun 12 2026 16:06:21
gem5 executing on cn27.guoehi.cluster, pid 164295
command line: /home/fdemirel/HPC_Lab_Proj/stride/../../gem5/build/ALL/gem5.opt -s --outdir=results_stride_multisim --stdout-file=quick_stride_deg32_dist8_l1d_ddr4_2x_simout.txt --stderr-file=quick_stride_deg32_dist8_l1d_ddr4_2x_simerr.txt --stats-file=stats.txt -c 'from multiprocessing.spawn import spawn_main; spawn_main(tracker_fd=7, pipe_handle=13)' --multiprocessing-fork

src/sim/mem_state.cc:443: info: Increasing stack size by one page.
src/sim/syscall_emul.hh:1121: warn: readlink() called on '/proc/self/exe' may yield unexpected results in various settings.
      Returning '/home/fdemirel/HPC_Lab_Proj/benchmarks/quick/quick-m5.x'
src/arch/arm/insts/pseudo.cc:174: warn: 	instruction 'bti' unimplemented
----quick sort----
Array SIZE      : 131072 
random_elem:0, /home/fdemirel/HPC_Lab_Proj/benchmarks/quick/quick-m5.x
Execution time: 8.626675 (ms) 

----merge----
Execution time: 10.594903 (ms) 
random_elem:0, /home/fdemirel/HPC_Lab_Proj/benchmarks/merge/merge-m5.x
Global frequency set at 1000000000000 ticks per second
Global frequency set at 1000000000000 ticks per second
src/mem/dram_interface.cc:690: warn: DRAM device capacity (16384 Mbytes) does not match the address range assigned (512 Mbytes)
src/mem/dram_interface.cc:690: warn: DRAM device capacity (16384 Mbytes) does not match the address range assigned (512 Mbytes)
src/base/statistics.hh:279: warn: One of the stats is a legacy stat. Legacy stat is a stat that does not belong to any statistics::Group. Legacy stat is deprecated.
board.remote_gdb: Listening for connections on port 7000
gem5 Simulator System.  https://www.gem5.org
gem5 is copyrighted software; use the --copyright option for details.

gem5 version 25.0.0.1
gem5 compiled May  5 2026 12:55:05
gem5 started Jun 12 2026 16:07:47
gem5 executing on cn27.guoehi.cluster, pid 164301
command line: /home/fdemirel/HPC_Lab_Proj/stride/../../gem5/build/ALL/gem5.opt -s --outdir=results_stride_multisim --stdout-file=simple_triad_stride_deg32_dist1_l1d_ddr4_2x_simout.txt --stderr-file=simple_triad_stride_deg32_dist1_l1d_ddr4_2x_simerr.txt --stats-file=stats.txt -c 'from multiprocessing.spawn import spawn_main; spawn_main(tracker_fd=7, pipe_handle=12)' --multiprocessing-fork

src/sim/mem_state.cc:443: info: Increasing stack size by one page.
src/sim/syscall_emul.hh:1121: warn: readlink() called on '/proc/self/exe' may yield unexpected results in various settings.
      Returning '/home/fdemirel/HPC_Lab_Proj/benchmarks/simple_triad/simple_triad-m5.x'
src/mem/dram_interface.cc:690: warn: DRAM device capacity (16384 Mbytes) does not match the address range assigned (512 Mbytes)
src/mem/dram_interface.cc:690: warn: DRAM device capacity (16384 Mbytes) does not match the address range assigned (512 Mbytes)
src/base/statistics.hh:279: warn: One of the stats is a legacy stat. Legacy stat is a stat that does not belong to any statistics::Group. Legacy stat is deprecated.
board.remote_gdb: Listening for connections on port 7001
gem5 Simulator System.  https://www.gem5.org
gem5 is copyrighted software; use the --copyright option for details.

gem5 version 25.0.0.1
gem5 compiled May  5 2026 12:55:05
gem5 started Jun 12 2026 16:07:47
gem5 executing on cn27.guoehi.cluster, pid 164302
command line: /home/fdemirel/HPC_Lab_Proj/stride/../../gem5/build/ALL/gem5.opt -s --outdir=results_stride_multisim --stdout-file=bfs_stride_deg8_dist1_l1d_ddr4_2x_simout.txt --stderr-file=bfs_stride_deg8_dist1_l1d_ddr4_2x_simerr.txt --stats-file=stats.txt -c 'from multiprocessing.spawn import spawn_main; spawn_main(tracker_fd=7, pipe_handle=15)' --multiprocessing-fork

src/sim/mem_state.cc:443: info: Increasing stack size by one page.
src/sim/syscall_emul.hh:1121: warn: readlink() called on '/proc/self/exe' may yield unexpected results in various settings.
      Returning '/home/fdemirel/HPC_Lab_Proj/benchmarks/bfs/bfs-m5.x'
src/arch/arm/insts/pseudo.cc:174: warn: 	instruction 'bti' unimplemented
Beginning BFS ...
----quick sort----
Array SIZE      : 131072 
random_elem:0, /home/fdemirel/HPC_Lab_Proj/benchmarks/quick/quick-m5.x
Execution time: 8.721132 (ms) 
Global frequency set at 1000000000000 ticks per second
src/mem/dram_interface.cc:690: warn: DRAM device capacity (16384 Mbytes) does not match the address range assigned (1024 Mbytes)
src/base/statistics.hh:279: warn: One of the stats is a legacy stat. Legacy stat is a stat that does not belong to any statistics::Group. Legacy stat is deprecated.
board.remote_gdb: Listening for connections on port 7003
gem5 Simulator System.  https://www.gem5.org
gem5 is copyrighted software; use the --copyright option for details.

gem5 version 25.0.0.1
gem5 compiled May  5 2026 12:55:05
gem5 started Jun 12 2026 16:09:05
gem5 executing on cn27.guoehi.cluster, pid 164315
command line: /home/fdemirel/HPC_Lab_Proj/stride/../../gem5/build/ALL/gem5.opt -s --outdir=results_stride_multisim --stdout-file=bfs_stride_deg4_dist16_l2_ddr4_1x_simout.txt --stderr-file=bfs_stride_deg4_dist16_l2_ddr4_1x_simerr.txt --stats-file=stats.txt -c 'from multiprocessing.spawn import spawn_main; spawn_main(tracker_fd=7, pipe_handle=15)' --multiprocessing-fork

src/sim/mem_state.cc:443: info: Increasing stack size by one page.
src/sim/syscall_emul.hh:1121: warn: readlink() called on '/proc/self/exe' may yield unexpected results in various settings.
      Returning '/home/fdemirel/HPC_Lab_Proj/benchmarks/bfs/bfs-m5.x'
src/arch/arm/insts/pseudo.cc:174: warn: 	instruction 'bti' unimplemented
Beginning BFS ...
Array SIZE      : 1000000 
Array LOOP      : 1 

----triad----
a[0]=7.00e+00. b[0]=2.00e+00. c[0]=1.00e+00.
Execution time: 2.096630 (ms) 
   Rate [MB/s]: 11446.9 
Global frequency set at 1000000000000 ticks per second
src/mem/dram_interface.cc:690: warn: DRAM device capacity (16384 Mbytes) does not match the address range assigned (512 Mbytes)
src/mem/dram_interface.cc:690: warn: DRAM device capacity (16384 Mbytes) does not match the address range assigned (512 Mbytes)
src/base/statistics.hh:279: warn: One of the stats is a legacy stat. Legacy stat is a stat that does not belong to any statistics::Group. Legacy stat is deprecated.
board.remote_gdb: Listening for connections on port 7000
gem5 Simulator System.  https://www.gem5.org
gem5 is copyrighted software; use the --copyright option for details.

gem5 version 25.0.0.1
gem5 compiled May  5 2026 12:55:05
gem5 started Jun 12 2026 16:09:36
gem5 executing on cn27.guoehi.cluster, pid 164318
command line: /home/fdemirel/HPC_Lab_Proj/stride/../../gem5/build/ALL/gem5.opt -s --outdir=results_stride_multisim --stdout-file=spmv_stride_deg32_dist4_l1d_ddr4_2x_simout.txt --stderr-file=spmv_stride_deg32_dist4_l1d_ddr4_2x_simerr.txt --stats-file=stats.txt -c 'from multiprocessing.spawn import spawn_main; spawn_main(tracker_fd=7, pipe_handle=13)' --multiprocessing-fork

src/sim/mem_state.cc:443: info: Increasing stack size by one page.
src/sim/syscall_emul.hh:1121: warn: readlink() called on '/proc/self/exe' may yield unexpected results in various settings.
      Returning '/home/fdemirel/HPC_Lab_Proj/benchmarks/spmv/spmv-m5.x'
src/arch/arm/insts/pseudo.cc:174: warn: 	instruction 'bti' unimplemented
src/sim/mem_state.cc:443: info: Increasing stack size by one page.
src/sim/mem_state.cc:443: info: Increasing stack size by one page.
src/sim/mem_state.cc:443: info: Increasing stack size by one page.
src/sim/mem_state.cc:443: info: Increasing stack size by one page.
src/sim/mem_state.cc:443: info: Increasing stack size by one page.
src/sim/mem_state.cc:443: info: Increasing stack size by one page.
src/sim/mem_state.cc:443: info: Increasing stack size by one page.
----quick sort----
Array SIZE      : 131072 
random_elem:0, /home/fdemirel/HPC_Lab_Proj/benchmarks/quick/quick-m5.x
Execution time: 8.442908 (ms) 
Global frequency set at 1000000000000 ticks per second
src/mem/dram_interface.cc:690: warn: DRAM device capacity (16384 Mbytes) does not match the address range assigned (512 Mbytes)
src/mem/dram_interface.cc:690: warn: DRAM device capacity (16384 Mbytes) does not match the address range assigned (512 Mbytes)
src/base/statistics.hh:279: warn: One of the stats is a legacy stat. Legacy stat is a stat that does not belong to any statistics::Group. Legacy stat is deprecated.
board.remote_gdb: Listening for connections on port 7002
gem5 Simulator System.  https://www.gem5.org
gem5 is copyrighted software; use the --copyright option for details.

gem5 version 25.0.0.1
gem5 compiled May  5 2026 12:55:05
gem5 started Jun 12 2026 16:10:33
gem5 executing on cn27.guoehi.cluster, pid 164327
command line: /home/fdemirel/HPC_Lab_Proj/stride/../../gem5/build/ALL/gem5.opt -s --outdir=results_stride_multisim --stdout-file=matmult_stride_deg4_dist16_l2_ddr4_2x_simout.txt --stderr-file=matmult_stride_deg4_dist16_l2_ddr4_2x_simerr.txt --stats-file=stats.txt -c 'from multiprocessing.spawn import spawn_main; spawn_main(tracker_fd=7, pipe_handle=13)' --multiprocessing-fork

src/sim/mem_state.cc:443: info: Increasing stack size by one page.
src/sim/syscall_emul.hh:1121: warn: readlink() called on '/proc/self/exe' may yield unexpected results in various settings.
      Returning '/home/fdemirel/HPC_Lab_Proj/benchmarks/matmult/matmult-m5.x'
src/arch/arm/insts/pseudo.cc:174: warn: 	instruction 'bti' unimplemented

----MATRIX MULTIPLICATION----

----Computation starts----
Loop 0 ... 
argc = 2, A[argc][argc] = 0.500000, B[argc][argc] = 0.500000, C[argc][argc] = 0.500000 
Execution time: 1.224806 (ms) 
----spmv----
N_ROWS          : 8192 
N_COLS          : 65536 
NNZ             : 524155 
Execution time: 5.730101 (ms) 
Global frequency set at 1000000000000 ticks per second
src/mem/dram_interface.cc:690: warn: DRAM device capacity (16384 Mbytes) does not match the address range assigned (512 Mbytes)
src/mem/dram_interface.cc:690: warn: DRAM device capacity (16384 Mbytes) does not match the address range assigned (512 Mbytes)
src/base/statistics.hh:279: warn: One of the stats is a legacy stat. Legacy stat is a stat that does not belong to any statistics::Group. Legacy stat is deprecated.
board.remote_gdb: Listening for connections on port 7000
gem5 Simulator System.  https://www.gem5.org
gem5 is copyrighted software; use the --copyright option for details.

gem5 version 25.0.0.1
gem5 compiled May  5 2026 12:55:05
gem5 started Jun 12 2026 16:11:41
gem5 executing on cn27.guoehi.cluster, pid 164331
command line: /home/fdemirel/HPC_Lab_Proj/stride/../../gem5/build/ALL/gem5.opt -s --outdir=results_stride_multisim --stdout-file=quick_stride_deg1_dist16_l1d_ddr4_2x_simout.txt --stderr-file=quick_stride_deg1_dist16_l1d_ddr4_2x_simerr.txt --stats-file=stats.txt -c 'from multiprocessing.spawn import spawn_main; spawn_main(tracker_fd=7, pipe_handle=13)' --multiprocessing-fork

src/sim/mem_state.cc:443: info: Increasing stack size by one page.
src/sim/syscall_emul.hh:1121: warn: readlink() called on '/proc/self/exe' may yield unexpected results in various settings.
      Returning '/home/fdemirel/HPC_Lab_Proj/benchmarks/quick/quick-m5.x'
src/arch/arm/insts/pseudo.cc:174: warn: 	instruction 'bti' unimplemented
Global frequency set at 1000000000000 ticks per second
src/mem/dram_interface.cc:690: warn: DRAM device capacity (16384 Mbytes) does not match the address range assigned (512 Mbytes)
src/mem/dram_interface.cc:690: warn: DRAM device capacity (16384 Mbytes) does not match the address range assigned (512 Mbytes)
src/base/statistics.hh:279: warn: One of the stats is a legacy stat. Legacy stat is a stat that does not belong to any statistics::Group. Legacy stat is deprecated.
board.remote_gdb: Listening for connections on port 7002
gem5 Simulator System.  https://www.gem5.org
gem5 is copyrighted software; use the --copyright option for details.

gem5 version 25.0.0.1
gem5 compiled May  5 2026 12:55:05
gem5 started Jun 12 2026 16:11:51
gem5 executing on cn27.guoehi.cluster, pid 164334
command line: /home/fdemirel/HPC_Lab_Proj/stride/../../gem5/build/ALL/gem5.opt -s --outdir=results_stride_multisim --stdout-file=simple_triad_stride_deg1_dist4_l1d_ddr4_2x_simout.txt --stderr-file=simple_triad_stride_deg1_dist4_l1d_ddr4_2x_simerr.txt --stats-file=stats.txt -c 'from multiprocessing.spawn import spawn_main; spawn_main(tracker_fd=7, pipe_handle=13)' --multiprocessing-fork

src/sim/mem_state.cc:443: info: Increasing stack size by one page.
src/sim/syscall_emul.hh:1121: warn: readlink() called on '/proc/self/exe' may yield unexpected results in various settings.
      Returning '/home/fdemirel/HPC_Lab_Proj/benchmarks/simple_triad/simple_triad-m5.x'
Array SIZE      : 1000000 
Array LOOP      : 1 

----triad----
a[0]=7.00e+00. b[0]=2.00e+00. c[0]=1.00e+00.
Execution time: 1.909548 (ms) 
   Rate [MB/s]: 12568.4 
Finished BFS.
Global frequency set at 1000000000000 ticks per second
src/mem/dram_interface.cc:690: warn: DRAM device capacity (16384 Mbytes) does not match the address range assigned (512 Mbytes)
src/mem/dram_interface.cc:690: warn: DRAM device capacity (16384 Mbytes) does not match the address range assigned (512 Mbytes)
src/base/statistics.hh:279: warn: One of the stats is a legacy stat. Legacy stat is a stat that does not belong to any statistics::Group. Legacy stat is deprecated.
board.remote_gdb: Listening for connections on port 7001
gem5 Simulator System.  https://www.gem5.org
gem5 is copyrighted software; use the --copyright option for details.

gem5 version 25.0.0.1
gem5 compiled May  5 2026 12:55:05
gem5 started Jun 12 2026 16:13:38
gem5 executing on cn27.guoehi.cluster, pid 164340
command line: /home/fdemirel/HPC_Lab_Proj/stride/../../gem5/build/ALL/gem5.opt -s --outdir=results_stride_multisim --stdout-file=spmv_stride_deg1_dist8_l1d_ddr4_2x_simout.txt --stderr-file=spmv_stride_deg1_dist8_l1d_ddr4_2x_simerr.txt --stats-file=stats.txt -c 'from multiprocessing.spawn import spawn_main; spawn_main(tracker_fd=7, pipe_handle=13)' --multiprocessing-fork

src/sim/mem_state.cc:443: info: Increasing stack size by one page.
src/sim/syscall_emul.hh:1121: warn: readlink() called on '/proc/self/exe' may yield unexpected results in various settings.
      Returning '/home/fdemirel/HPC_Lab_Proj/benchmarks/spmv/spmv-m5.x'
src/arch/arm/insts/pseudo.cc:174: warn: 	instruction 'bti' unimplemented
src/sim/mem_state.cc:443: info: Increasing stack size by one page.
src/sim/mem_state.cc:443: info: Increasing stack size by one page.
src/sim/mem_state.cc:443: info: Increasing stack size by one page.
src/sim/mem_state.cc:443: info: Increasing stack size by one page.
src/sim/mem_state.cc:443: info: Increasing stack size by one page.
src/sim/mem_state.cc:443: info: Increasing stack size by one page.
src/sim/mem_state.cc:443: info: Increasing stack size by one page.
Global frequency set at 1000000000000 ticks per second
src/mem/dram_interface.cc:690: warn: DRAM device capacity (16384 Mbytes) does not match the address range assigned (1024 Mbytes)
src/base/statistics.hh:279: warn: One of the stats is a legacy stat. Legacy stat is a stat that does not belong to any statistics::Group. Legacy stat is deprecated.
board.remote_gdb: Listening for connections on port 7002
gem5 Simulator System.  https://www.gem5.org
gem5 is copyrighted software; use the --copyright option for details.

gem5 version 25.0.0.1
gem5 compiled May  5 2026 12:55:05
gem5 started Jun 12 2026 16:13:53
gem5 executing on cn27.guoehi.cluster, pid 164342
command line: /home/fdemirel/HPC_Lab_Proj/stride/../../gem5/build/ALL/gem5.opt -s --outdir=results_stride_multisim --stdout-file=spmv_stride_deg16_dist8_l2_ddr4_1x_simout.txt --stderr-file=spmv_stride_deg16_dist8_l2_ddr4_1x_simerr.txt --stats-file=stats.txt -c 'from multiprocessing.spawn import spawn_main; spawn_main(tracker_fd=7, pipe_handle=13)' --multiprocessing-fork

src/sim/mem_state.cc:443: info: Increasing stack size by one page.
src/sim/syscall_emul.hh:1121: warn: readlink() called on '/proc/self/exe' may yield unexpected results in various settings.
      Returning '/home/fdemirel/HPC_Lab_Proj/benchmarks/spmv/spmv-m5.x'
src/arch/arm/insts/pseudo.cc:174: warn: 	instruction 'bti' unimplemented
src/sim/mem_state.cc:443: info: Increasing stack size by one page.
src/sim/mem_state.cc:443: info: Increasing stack size by one page.
src/sim/mem_state.cc:443: info: Increasing stack size by one page.
src/sim/mem_state.cc:443: info: Increasing stack size by one page.
src/sim/mem_state.cc:443: info: Increasing stack size by one page.
src/sim/mem_state.cc:443: info: Increasing stack size by one page.
src/sim/mem_state.cc:443: info: Increasing stack size by one page.
Finished BFS.
Global frequency set at 1000000000000 ticks per second
src/mem/dram_interface.cc:690: warn: DRAM device capacity (16384 Mbytes) does not match the address range assigned (1024 Mbytes)
src/base/statistics.hh:279: warn: One of the stats is a legacy stat. Legacy stat is a stat that does not belong to any statistics::Group. Legacy stat is deprecated.
board.remote_gdb: Listening for connections on port 7003
gem5 Simulator System.  https://www.gem5.org
gem5 is copyrighted software; use the --copyright option for details.

gem5 version 25.0.0.1
gem5 compiled May  5 2026 12:55:05
gem5 started Jun 12 2026 16:15:11
gem5 executing on cn27.guoehi.cluster, pid 164350
command line: /home/fdemirel/HPC_Lab_Proj/stride/../../gem5/build/ALL/gem5.opt -s --outdir=results_stride_multisim --stdout-file=spmv_stride_deg16_dist8_l1d_ddr4_1x_simout.txt --stderr-file=spmv_stride_deg16_dist8_l1d_ddr4_1x_simerr.txt --stats-file=stats.txt -c 'from multiprocessing.spawn import spawn_main; spawn_main(tracker_fd=7, pipe_handle=13)' --multiprocessing-fork

src/sim/mem_state.cc:443: info: Increasing stack size by one page.
src/sim/syscall_emul.hh:1121: warn: readlink() called on '/proc/self/exe' may yield unexpected results in various settings.
      Returning '/home/fdemirel/HPC_Lab_Proj/benchmarks/spmv/spmv-m5.x'
src/arch/arm/insts/pseudo.cc:174: warn: 	instruction 'bti' unimplemented
src/sim/mem_state.cc:443: info: Increasing stack size by one page.
src/sim/mem_state.cc:443: info: Increasing stack size by one page.
src/sim/mem_state.cc:443: info: Increasing stack size by one page.
src/sim/mem_state.cc:443: info: Increasing stack size by one page.
src/sim/mem_state.cc:443: info: Increasing stack size by one page.
src/sim/mem_state.cc:443: info: Increasing stack size by one page.
src/sim/mem_state.cc:443: info: Increasing stack size by one page.
----spmv----
N_ROWS          : 8192 
N_COLS          : 65536 
NNZ             : 524155 
Execution time: 6.893078 (ms) 
----quick sort----
Array SIZE      : 131072 
random_elem:0, /home/fdemirel/HPC_Lab_Proj/benchmarks/quick/quick-m5.x
Execution time: 8.605114 (ms) 
----spmv----
N_ROWS          : 8192 
N_COLS          : 65536 
NNZ             : 524155 
Execution time: 7.189578 (ms) 
Global frequency set at 1000000000000 ticks per second
src/mem/dram_interface.cc:690: warn: DRAM device capacity (16384 Mbytes) does not match the address range assigned (512 Mbytes)
src/mem/dram_interface.cc:690: warn: DRAM device capacity (16384 Mbytes) does not match the address range assigned (512 Mbytes)
src/base/statistics.hh:279: warn: One of the stats is a legacy stat. Legacy stat is a stat that does not belong to any statistics::Group. Legacy stat is deprecated.
board.remote_gdb: Listening for connections on port 7000
gem5 Simulator System.  https://www.gem5.org
gem5 is copyrighted software; use the --copyright option for details.

gem5 version 25.0.0.1
gem5 compiled May  5 2026 12:55:05
gem5 started Jun 12 2026 16:15:44
gem5 executing on cn27.guoehi.cluster, pid 164353
command line: /home/fdemirel/HPC_Lab_Proj/stride/../../gem5/build/ALL/gem5.opt -s --outdir=results_stride_multisim --stdout-file=simple_triad_stride_deg32_dist1_l2_ddr4_2x_simout.txt --stderr-file=simple_triad_stride_deg32_dist1_l2_ddr4_2x_simerr.txt --stats-file=stats.txt -c 'from multiprocessing.spawn import spawn_main; spawn_main(tracker_fd=7, pipe_handle=13)' --multiprocessing-fork

src/sim/mem_state.cc:443: info: Increasing stack size by one page.
src/sim/syscall_emul.hh:1121: warn: readlink() called on '/proc/self/exe' may yield unexpected results in various settings.
      Returning '/home/fdemirel/HPC_Lab_Proj/benchmarks/simple_triad/simple_triad-m5.x'
Global frequency set at 1000000000000 ticks per second
src/mem/dram_interface.cc:690: warn: DRAM device capacity (16384 Mbytes) does not match the address range assigned (512 Mbytes)
src/mem/dram_interface.cc:690: warn: DRAM device capacity (16384 Mbytes) does not match the address range assigned (512 Mbytes)
src/base/statistics.hh:279: warn: One of the stats is a legacy stat. Legacy stat is a stat that does not belong to any statistics::Group. Legacy stat is deprecated.
board.remote_gdb: Listening for connections on port 7001
gem5 Simulator System.  https://www.gem5.org
gem5 is copyrighted software; use the --copyright option for details.

gem5 version 25.0.0.1
gem5 compiled May  5 2026 12:55:05
gem5 started Jun 12 2026 16:15:54
gem5 executing on cn27.guoehi.cluster, pid 164356
command line: /home/fdemirel/HPC_Lab_Proj/stride/../../gem5/build/ALL/gem5.opt -s --outdir=results_stride_multisim --stdout-file=matmult_stride_deg8_dist32_l1d_ddr4_2x_simout.txt --stderr-file=matmult_stride_deg8_dist32_l1d_ddr4_2x_simerr.txt --stats-file=stats.txt -c 'from multiprocessing.spawn import spawn_main; spawn_main(tracker_fd=7, pipe_handle=13)' --multiprocessing-fork

src/sim/mem_state.cc:443: info: Increasing stack size by one page.
src/sim/syscall_emul.hh:1121: warn: readlink() called on '/proc/self/exe' may yield unexpected results in various settings.
      Returning '/home/fdemirel/HPC_Lab_Proj/benchmarks/matmult/matmult-m5.x'
src/arch/arm/insts/pseudo.cc:174: warn: 	instruction 'bti' unimplemented
Global frequency set at 1000000000000 ticks per second
src/mem/dram_interface.cc:690: warn: DRAM device capacity (16384 Mbytes) does not match the address range assigned (1024 Mbytes)
src/base/statistics.hh:279: warn: One of the stats is a legacy stat. Legacy stat is a stat that does not belong to any statistics::Group. Legacy stat is deprecated.
board.remote_gdb: Listening for connections on port 7002
gem5 Simulator System.  https://www.gem5.org
gem5 is copyrighted software; use the --copyright option for details.

gem5 version 25.0.0.1
gem5 compiled May  5 2026 12:55:05
gem5 started Jun 12 2026 16:15:56
gem5 executing on cn27.guoehi.cluster, pid 164357
command line: /home/fdemirel/HPC_Lab_Proj/stride/../../gem5/build/ALL/gem5.opt -s --outdir=results_stride_multisim --stdout-file=merge_stride_deg16_dist16_l1d_ddr4_1x_simout.txt --stderr-file=merge_stride_deg16_dist16_l1d_ddr4_1x_simerr.txt --stats-file=stats.txt -c 'from multiprocessing.spawn import spawn_main; spawn_main(tracker_fd=7, pipe_handle=13)' --multiprocessing-fork

src/sim/mem_state.cc:443: info: Increasing stack size by one page.
src/sim/syscall_emul.hh:1121: warn: readlink() called on '/proc/self/exe' may yield unexpected results in various settings.
      Returning '/home/fdemirel/HPC_Lab_Proj/benchmarks/merge/merge-m5.x'
src/arch/arm/insts/pseudo.cc:174: warn: 	instruction 'bti' unimplemented

----MATRIX MULTIPLICATION----

----Computation starts----
Loop 0 ... 
argc = 2, A[argc][argc] = 0.500000, B[argc][argc] = 0.500000, C[argc][argc] = 0.500000 
Execution time: 1.259553 (ms) 
----spmv----
N_ROWS          : 8192 
N_COLS          : 65536 
NNZ             : 524155 
Execution time: 6.959461 (ms) 
Global frequency set at 1000000000000 ticks per second
src/mem/dram_interface.cc:690: warn: DRAM device capacity (16384 Mbytes) does not match the address range assigned (512 Mbytes)
src/mem/dram_interface.cc:690: warn: DRAM device capacity (16384 Mbytes) does not match the address range assigned (512 Mbytes)
src/base/statistics.hh:279: warn: One of the stats is a legacy stat. Legacy stat is a stat that does not belong to any statistics::Group. Legacy stat is deprecated.
board.remote_gdb: Listening for connections on port 7001
gem5 Simulator System.  https://www.gem5.org
gem5 is copyrighted software; use the --copyright option for details.

gem5 version 25.0.0.1
gem5 compiled May  5 2026 12:55:05
gem5 started Jun 12 2026 16:17:06
gem5 executing on cn27.guoehi.cluster, pid 164365
command line: /home/fdemirel/HPC_Lab_Proj/stride/../../gem5/build/ALL/gem5.opt -s --outdir=results_stride_multisim --stdout-file=spmv_stride_deg32_dist4_l2_ddr4_2x_simout.txt --stderr-file=spmv_stride_deg32_dist4_l2_ddr4_2x_simerr.txt --stats-file=stats.txt -c 'from multiprocessing.spawn import spawn_main; spawn_main(tracker_fd=7, pipe_handle=13)' --multiprocessing-fork

src/sim/mem_state.cc:443: info: Increasing stack size by one page.
src/sim/syscall_emul.hh:1121: warn: readlink() called on '/proc/self/exe' may yield unexpected results in various settings.
      Returning '/home/fdemirel/HPC_Lab_Proj/benchmarks/spmv/spmv-m5.x'
src/arch/arm/insts/pseudo.cc:174: warn: 	instruction 'bti' unimplemented
src/sim/mem_state.cc:443: info: Increasing stack size by one page.
src/sim/mem_state.cc:443: info: Increasing stack size by one page.
src/sim/mem_state.cc:443: info: Increasing stack size by one page.
src/sim/mem_state.cc:443: info: Increasing stack size by one page.
src/sim/mem_state.cc:443: info: Increasing stack size by one page.
src/sim/mem_state.cc:443: info: Increasing stack size by one page.
src/sim/mem_state.cc:443: info: Increasing stack size by one page.
Global frequency set at 1000000000000 ticks per second
src/mem/dram_interface.cc:690: warn: DRAM device capacity (16384 Mbytes) does not match the address range assigned (1024 Mbytes)
src/base/statistics.hh:279: warn: One of the stats is a legacy stat. Legacy stat is a stat that does not belong to any statistics::Group. Legacy stat is deprecated.
board.remote_gdb: Listening for connections on port 7003
gem5 Simulator System.  https://www.gem5.org
gem5 is copyrighted software; use the --copyright option for details.

gem5 version 25.0.0.1
gem5 compiled May  5 2026 12:55:05
gem5 started Jun 12 2026 16:17:17
gem5 executing on cn27.guoehi.cluster, pid 164366
command line: /home/fdemirel/HPC_Lab_Proj/stride/../../gem5/build/ALL/gem5.opt -s --outdir=results_stride_multisim --stdout-file=simple_triad_stride_deg16_dist1_l2_ddr4_1x_simout.txt --stderr-file=simple_triad_stride_deg16_dist1_l2_ddr4_1x_simerr.txt --stats-file=stats.txt -c 'from multiprocessing.spawn import spawn_main; spawn_main(tracker_fd=7, pipe_handle=13)' --multiprocessing-fork

src/sim/mem_state.cc:443: info: Increasing stack size by one page.
src/sim/syscall_emul.hh:1121: warn: readlink() called on '/proc/self/exe' may yield unexpected results in various settings.
      Returning '/home/fdemirel/HPC_Lab_Proj/benchmarks/simple_triad/simple_triad-m5.x'
Array SIZE      : 1000000 
Array LOOP      : 1 

----triad----
a[0]=7.00e+00. b[0]=2.00e+00. c[0]=1.00e+00.
Execution time: 2.083553 (ms) 
   Rate [MB/s]: 11518.8 
Global frequency set at 1000000000000 ticks per second
src/mem/dram_interface.cc:690: warn: DRAM device capacity (16384 Mbytes) does not match the address range assigned (1024 Mbytes)
src/base/statistics.hh:279: warn: One of the stats is a legacy stat. Legacy stat is a stat that does not belong to any statistics::Group. Legacy stat is deprecated.
board.remote_gdb: Listening for connections on port 7000
gem5 Simulator System.  https://www.gem5.org
gem5 is copyrighted software; use the --copyright option for details.

gem5 version 25.0.0.1
gem5 compiled May  5 2026 12:55:05
gem5 started Jun 12 2026 16:17:40
gem5 executing on cn27.guoehi.cluster, pid 164373
command line: /home/fdemirel/HPC_Lab_Proj/stride/../../gem5/build/ALL/gem5.opt -s --outdir=results_stride_multisim --stdout-file=bfs_stride_deg32_dist1_l1d_ddr4_1x_simout.txt --stderr-file=bfs_stride_deg32_dist1_l1d_ddr4_1x_simerr.txt --stats-file=stats.txt -c 'from multiprocessing.spawn import spawn_main; spawn_main(tracker_fd=7, pipe_handle=13)' --multiprocessing-fork

src/sim/mem_state.cc:443: info: Increasing stack size by one page.
src/sim/syscall_emul.hh:1121: warn: readlink() called on '/proc/self/exe' may yield unexpected results in various settings.
      Returning '/home/fdemirel/HPC_Lab_Proj/benchmarks/bfs/bfs-m5.x'
src/arch/arm/insts/pseudo.cc:174: warn: 	instruction 'bti' unimplemented
Beginning BFS ...
Array SIZE      : 1000000 
Array LOOP      : 1 

----triad----
a[0]=7.00e+00. b[0]=2.00e+00. c[0]=1.00e+00.
Execution time: 2.558031 (ms) 
   Rate [MB/s]: 9382.2 
----spmv----
N_ROWS          : 8192 
N_COLS          : 65536 
NNZ             : 524155 
Execution time: 6.020247 (ms) 
Global frequency set at 1000000000000 ticks per second
Global frequency set at 1000000000000 ticks per second
src/mem/dram_interface.cc:690: warn: DRAM device capacity (16384 Mbytes) does not match the address range assigned (1024 Mbytes)
src/base/statistics.hh:279: warn: One of the stats is a legacy stat. Legacy stat is a stat that does not belong to any statistics::Group. Legacy stat is deprecated.
board.remote_gdb: Listening for connections on port 7001
src/mem/dram_interface.cc:690: warn: DRAM device capacity (16384 Mbytes) does not match the address range assigned (512 Mbytes)
src/mem/dram_interface.cc:690: warn: DRAM device capacity (16384 Mbytes) does not match the address range assigned (512 Mbytes)
src/base/statistics.hh:279: warn: One of the stats is a legacy stat. Legacy stat is a stat that does not belong to any statistics::Group. Legacy stat is deprecated.
board.remote_gdb: Listening for connections on port 7003
gem5 Simulator System.  https://www.gem5.org
gem5 is copyrighted software; use the --copyright option for details.

gem5 version 25.0.0.1
gem5 compiled May  5 2026 12:55:05
gem5 started Jun 12 2026 16:19:10
gem5 executing on cn27.guoehi.cluster, pid 164386
command line: /home/fdemirel/HPC_Lab_Proj/stride/../../gem5/build/ALL/gem5.opt -s --outdir=results_stride_multisim --stdout-file=matmult_stride_deg1_dist16_l2_ddr4_1x_simout.txt --stderr-file=matmult_stride_deg1_dist16_l2_ddr4_1x_simerr.txt --stats-file=stats.txt -c 'from multiprocessing.spawn import spawn_main; spawn_main(tracker_fd=7, pipe_handle=14)' --multiprocessing-fork

src/sim/mem_state.cc:443: info: Increasing stack size by one page.
src/sim/syscall_emul.hh:1121: warn: readlink() called on '/proc/self/exe' may yield unexpected results in various settings.
      Returning '/home/fdemirel/HPC_Lab_Proj/benchmarks/matmult/matmult-m5.x'
src/arch/arm/insts/pseudo.cc:174: warn: 	instruction 'bti' unimplemented
gem5 Simulator System.  https://www.gem5.org
gem5 is copyrighted software; use the --copyright option for details.

gem5 version 25.0.0.1
gem5 compiled May  5 2026 12:55:05
gem5 started Jun 12 2026 16:19:10
gem5 executing on cn27.guoehi.cluster, pid 164385
command line: /home/fdemirel/HPC_Lab_Proj/stride/../../gem5/build/ALL/gem5.opt -s --outdir=results_stride_multisim --stdout-file=simple_triad_stride_deg1_dist4_l2_ddr4_2x_simout.txt --stderr-file=simple_triad_stride_deg1_dist4_l2_ddr4_2x_simerr.txt --stats-file=stats.txt -c 'from multiprocessing.spawn import spawn_main; spawn_main(tracker_fd=7, pipe_handle=12)' --multiprocessing-fork

src/sim/mem_state.cc:443: info: Increasing stack size by one page.
src/sim/syscall_emul.hh:1121: warn: readlink() called on '/proc/self/exe' may yield unexpected results in various settings.
      Returning '/home/fdemirel/HPC_Lab_Proj/benchmarks/simple_triad/simple_triad-m5.x'

----MATRIX MULTIPLICATION----

----Computation starts----
Loop 0 ... 
argc = 2, A[argc][argc] = 0.500000, B[argc][argc] = 0.500000, C[argc][argc] = 0.500000 
Execution time: 1.218427 (ms) 
Global frequency set at 1000000000000 ticks per second
src/mem/dram_interface.cc:690: warn: DRAM device capacity (16384 Mbytes) does not match the address range assigned (512 Mbytes)
src/mem/dram_interface.cc:690: warn: DRAM device capacity (16384 Mbytes) does not match the address range assigned (512 Mbytes)
src/base/statistics.hh:279: warn: One of the stats is a legacy stat. Legacy stat is a stat that does not belong to any statistics::Group. Legacy stat is deprecated.
board.remote_gdb: Listening for connections on port 7001
gem5 Simulator System.  https://www.gem5.org
gem5 is copyrighted software; use the --copyright option for details.

gem5 version 25.0.0.1
gem5 compiled May  5 2026 12:55:05
gem5 started Jun 12 2026 16:20:20
gem5 executing on cn27.guoehi.cluster, pid 164396
command line: /home/fdemirel/HPC_Lab_Proj/stride/../../gem5/build/ALL/gem5.opt -s --outdir=results_stride_multisim --stdout-file=quick_stride_deg4_dist32_l1d_ddr4_2x_simout.txt --stderr-file=quick_stride_deg4_dist32_l1d_ddr4_2x_simerr.txt --stats-file=stats.txt -c 'from multiprocessing.spawn import spawn_main; spawn_main(tracker_fd=7, pipe_handle=14)' --multiprocessing-fork

src/sim/mem_state.cc:443: info: Increasing stack size by one page.
src/sim/syscall_emul.hh:1121: warn: readlink() called on '/proc/self/exe' may yield unexpected results in various settings.
      Returning '/home/fdemirel/HPC_Lab_Proj/benchmarks/quick/quick-m5.x'
src/arch/arm/insts/pseudo.cc:174: warn: 	instruction 'bti' unimplemented
Array SIZE      : 1000000 
Array LOOP      : 1 

----triad----
a[0]=7.00e+00. b[0]=2.00e+00. c[0]=1.00e+00.
Execution time: 1.782961 (ms) 
   Rate [MB/s]: 13460.8 

----merge----
Execution time: 10.283806 (ms) 
random_elem:0, /home/fdemirel/HPC_Lab_Proj/benchmarks/merge/merge-m5.x
Global frequency set at 1000000000000 ticks per second
src/mem/dram_interface.cc:690: warn: DRAM device capacity (16384 Mbytes) does not match the address range assigned (512 Mbytes)
src/mem/dram_interface.cc:690: warn: DRAM device capacity (16384 Mbytes) does not match the address range assigned (512 Mbytes)
src/base/statistics.hh:279: warn: One of the stats is a legacy stat. Legacy stat is a stat that does not belong to any statistics::Group. Legacy stat is deprecated.
board.remote_gdb: Listening for connections on port 7002
gem5 Simulator System.  https://www.gem5.org
gem5 is copyrighted software; use the --copyright option for details.

gem5 version 25.0.0.1
gem5 compiled May  5 2026 12:55:05
gem5 started Jun 12 2026 16:20:54
gem5 executing on cn27.guoehi.cluster, pid 164400
command line: /home/fdemirel/HPC_Lab_Proj/stride/../../gem5/build/ALL/gem5.opt -s --outdir=results_stride_multisim --stdout-file=spmv_stride_deg4_dist16_l1d_ddr4_2x_simout.txt --stderr-file=spmv_stride_deg4_dist16_l1d_ddr4_2x_simerr.txt --stats-file=stats.txt -c 'from multiprocessing.spawn import spawn_main; spawn_main(tracker_fd=7, pipe_handle=13)' --multiprocessing-fork

src/sim/mem_state.cc:443: info: Increasing stack size by one page.
src/sim/syscall_emul.hh:1121: warn: readlink() called on '/proc/self/exe' may yield unexpected results in various settings.
      Returning '/home/fdemirel/HPC_Lab_Proj/benchmarks/spmv/spmv-m5.x'
src/arch/arm/insts/pseudo.cc:174: warn: 	instruction 'bti' unimplemented
src/sim/mem_state.cc:443: info: Increasing stack size by one page.
src/sim/mem_state.cc:443: info: Increasing stack size by one page.
src/sim/mem_state.cc:443: info: Increasing stack size by one page.
src/sim/mem_state.cc:443: info: Increasing stack size by one page.
src/sim/mem_state.cc:443: info: Increasing stack size by one page.
src/sim/mem_state.cc:443: info: Increasing stack size by one page.
src/sim/mem_state.cc:443: info: Increasing stack size by one page.
Global frequency set at 1000000000000 ticks per second
src/mem/dram_interface.cc:690: warn: DRAM device capacity (16384 Mbytes) does not match the address range assigned (512 Mbytes)
src/mem/dram_interface.cc:690: warn: DRAM device capacity (16384 Mbytes) does not match the address range assigned (512 Mbytes)
src/base/statistics.hh:279: warn: One of the stats is a legacy stat. Legacy stat is a stat that does not belong to any statistics::Group. Legacy stat is deprecated.
board.remote_gdb: Listening for connections on port 7003
gem5 Simulator System.  https://www.gem5.org
gem5 is copyrighted software; use the --copyright option for details.

gem5 version 25.0.0.1
gem5 compiled May  5 2026 12:55:05
gem5 started Jun 12 2026 16:21:06
gem5 executing on cn27.guoehi.cluster, pid 164402
command line: /home/fdemirel/HPC_Lab_Proj/stride/../../gem5/build/ALL/gem5.opt -s --outdir=results_stride_multisim --stdout-file=matmult_stride_deg32_dist1_l1d_ddr4_2x_simout.txt --stderr-file=matmult_stride_deg32_dist1_l1d_ddr4_2x_simerr.txt --stats-file=stats.txt -c 'from multiprocessing.spawn import spawn_main; spawn_main(tracker_fd=7, pipe_handle=13)' --multiprocessing-fork

src/sim/mem_state.cc:443: info: Increasing stack size by one page.
src/sim/syscall_emul.hh:1121: warn: readlink() called on '/proc/self/exe' may yield unexpected results in various settings.
      Returning '/home/fdemirel/HPC_Lab_Proj/benchmarks/matmult/matmult-m5.x'
src/arch/arm/insts/pseudo.cc:174: warn: 	instruction 'bti' unimplemented

----MATRIX MULTIPLICATION----

----Computation starts----
Loop 0 ... 
argc = 2, A[argc][argc] = 0.500000, B[argc][argc] = 0.500000, C[argc][argc] = 0.500000 
Execution time: 1.225612 (ms) 
Global frequency set at 1000000000000 ticks per second
src/mem/dram_interface.cc:690: warn: DRAM device capacity (16384 Mbytes) does not match the address range assigned (1024 Mbytes)
src/base/statistics.hh:279: warn: One of the stats is a legacy stat. Legacy stat is a stat that does not belong to any statistics::Group. Legacy stat is deprecated.
board.remote_gdb: Listening for connections on port 7003
gem5 Simulator System.  https://www.gem5.org
gem5 is copyrighted software; use the --copyright option for details.

gem5 version 25.0.0.1
gem5 compiled May  5 2026 12:55:05
gem5 started Jun 12 2026 16:22:27
gem5 executing on cn27.guoehi.cluster, pid 164410
command line: /home/fdemirel/HPC_Lab_Proj/stride/../../gem5/build/ALL/gem5.opt -s --outdir=results_stride_multisim --stdout-file=merge_stride_deg4_dist1_l2_ddr4_1x_simout.txt --stderr-file=merge_stride_deg4_dist1_l2_ddr4_1x_simerr.txt --stats-file=stats.txt -c 'from multiprocessing.spawn import spawn_main; spawn_main(tracker_fd=7, pipe_handle=13)' --multiprocessing-fork

src/sim/mem_state.cc:443: info: Increasing stack size by one page.
src/sim/syscall_emul.hh:1121: warn: readlink() called on '/proc/self/exe' may yield unexpected results in various settings.
      Returning '/home/fdemirel/HPC_Lab_Proj/benchmarks/merge/merge-m5.x'
src/arch/arm/insts/pseudo.cc:174: warn: 	instruction 'bti' unimplemented
----spmv----
N_ROWS          : 8192 
N_COLS          : 65536 
NNZ             : 524155 
Execution time: 6.832140 (ms) 
Global frequency set at 1000000000000 ticks per second
src/mem/dram_interface.cc:690: warn: DRAM device capacity (16384 Mbytes) does not match the address range assigned (1024 Mbytes)
src/base/statistics.hh:279: warn: One of the stats is a legacy stat. Legacy stat is a stat that does not belong to any statistics::Group. Legacy stat is deprecated.
board.remote_gdb: Listening for connections on port 7002
gem5 Simulator System.  https://www.gem5.org
gem5 is copyrighted software; use the --copyright option for details.

gem5 version 25.0.0.1
gem5 compiled May  5 2026 12:55:05
gem5 started Jun 12 2026 16:22:56
gem5 executing on cn27.guoehi.cluster, pid 164415
command line: /home/fdemirel/HPC_Lab_Proj/stride/../../gem5/build/ALL/gem5.opt -s --outdir=results_stride_multisim --stdout-file=bfs_stride_deg4_dist8_l2_ddr4_1x_simout.txt --stderr-file=bfs_stride_deg4_dist8_l2_ddr4_1x_simerr.txt --stats-file=stats.txt -c 'from multiprocessing.spawn import spawn_main; spawn_main(tracker_fd=7, pipe_handle=13)' --multiprocessing-fork

src/sim/mem_state.cc:443: info: Increasing stack size by one page.
src/sim/syscall_emul.hh:1121: warn: readlink() called on '/proc/self/exe' may yield unexpected results in various settings.
      Returning '/home/fdemirel/HPC_Lab_Proj/benchmarks/bfs/bfs-m5.x'
src/arch/arm/insts/pseudo.cc:174: warn: 	instruction 'bti' unimplemented
Beginning BFS ...
Finished BFS.
Global frequency set at 1000000000000 ticks per second
src/mem/dram_interface.cc:690: warn: DRAM device capacity (16384 Mbytes) does not match the address range assigned (512 Mbytes)
src/mem/dram_interface.cc:690: warn: DRAM device capacity (16384 Mbytes) does not match the address range assigned (512 Mbytes)
src/base/statistics.hh:279: warn: One of the stats is a legacy stat. Legacy stat is a stat that does not belong to any statistics::Group. Legacy stat is deprecated.
board.remote_gdb: Listening for connections on port 7000
gem5 Simulator System.  https://www.gem5.org
gem5 is copyrighted software; use the --copyright option for details.

gem5 version 25.0.0.1
gem5 compiled May  5 2026 12:55:05
gem5 started Jun 12 2026 16:24:03
gem5 executing on cn27.guoehi.cluster, pid 164419
command line: /home/fdemirel/HPC_Lab_Proj/stride/../../gem5/build/ALL/gem5.opt -s --outdir=results_stride_multisim --stdout-file=quick_stride_deg4_dist32_l2_ddr4_2x_simout.txt --stderr-file=quick_stride_deg4_dist32_l2_ddr4_2x_simerr.txt --stats-file=stats.txt -c 'from multiprocessing.spawn import spawn_main; spawn_main(tracker_fd=7, pipe_handle=13)' --multiprocessing-fork

src/sim/mem_state.cc:443: info: Increasing stack size by one page.
src/sim/syscall_emul.hh:1121: warn: readlink() called on '/proc/self/exe' may yield unexpected results in various settings.
      Returning '/home/fdemirel/HPC_Lab_Proj/benchmarks/quick/quick-m5.x'
src/arch/arm/insts/pseudo.cc:174: warn: 	instruction 'bti' unimplemented
----quick sort----
Array SIZE      : 131072 
random_elem:0, /home/fdemirel/HPC_Lab_Proj/benchmarks/quick/quick-m5.x
Execution time: 8.987948 (ms) 
Global frequency set at 1000000000000 ticks per second
src/mem/dram_interface.cc:690: warn: DRAM device capacity (16384 Mbytes) does not match the address range assigned (512 Mbytes)
src/mem/dram_interface.cc:690: warn: DRAM device capacity (16384 Mbytes) does not match the address range assigned (512 Mbytes)
src/base/statistics.hh:279: warn: One of the stats is a legacy stat. Legacy stat is a stat that does not belong to any statistics::Group. Legacy stat is deprecated.
board.remote_gdb: Listening for connections on port 7001
gem5 Simulator System.  https://www.gem5.org
gem5 is copyrighted software; use the --copyright option for details.

gem5 version 25.0.0.1
gem5 compiled May  5 2026 12:55:05
gem5 started Jun 12 2026 16:24:37
gem5 executing on cn27.guoehi.cluster, pid 164423
command line: /home/fdemirel/HPC_Lab_Proj/stride/../../gem5/build/ALL/gem5.opt -s --outdir=results_stride_multisim --stdout-file=matmult_stride_deg1_dist4_l1d_ddr4_2x_simout.txt --stderr-file=matmult_stride_deg1_dist4_l1d_ddr4_2x_simerr.txt --stats-file=stats.txt -c 'from multiprocessing.spawn import spawn_main; spawn_main(tracker_fd=7, pipe_handle=13)' --multiprocessing-fork

src/sim/mem_state.cc:443: info: Increasing stack size by one page.
src/sim/syscall_emul.hh:1121: warn: readlink() called on '/proc/self/exe' may yield unexpected results in various settings.
      Returning '/home/fdemirel/HPC_Lab_Proj/benchmarks/matmult/matmult-m5.x'
src/arch/arm/insts/pseudo.cc:174: warn: 	instruction 'bti' unimplemented

----MATRIX MULTIPLICATION----

----Computation starts----
Loop 0 ... 
argc = 2, A[argc][argc] = 0.500000, B[argc][argc] = 0.500000, C[argc][argc] = 0.500000 
Execution time: 1.217445 (ms) 
Global frequency set at 1000000000000 ticks per second
src/mem/dram_interface.cc:690: warn: DRAM device capacity (16384 Mbytes) does not match the address range assigned (1024 Mbytes)
src/base/statistics.hh:279: warn: One of the stats is a legacy stat. Legacy stat is a stat that does not belong to any statistics::Group. Legacy stat is deprecated.
board.remote_gdb: Listening for connections on port 7001
gem5 Simulator System.  https://www.gem5.org
gem5 is copyrighted software; use the --copyright option for details.

gem5 version 25.0.0.1
gem5 compiled May  5 2026 12:55:05
gem5 started Jun 12 2026 16:25:46
gem5 executing on cn27.guoehi.cluster, pid 164429
command line: /home/fdemirel/HPC_Lab_Proj/stride/../../gem5/build/ALL/gem5.opt -s --outdir=results_stride_multisim --stdout-file=quick_stride_deg16_dist16_l1d_ddr4_1x_simout.txt --stderr-file=quick_stride_deg16_dist16_l1d_ddr4_1x_simerr.txt --stats-file=stats.txt -c 'from multiprocessing.spawn import spawn_main; spawn_main(tracker_fd=7, pipe_handle=13)' --multiprocessing-fork

src/sim/mem_state.cc:443: info: Increasing stack size by one page.
src/sim/syscall_emul.hh:1121: warn: readlink() called on '/proc/self/exe' may yield unexpected results in various settings.
      Returning '/home/fdemirel/HPC_Lab_Proj/benchmarks/quick/quick-m5.x'
src/arch/arm/insts/pseudo.cc:174: warn: 	instruction 'bti' unimplemented

----merge----
Execution time: 10.321415 (ms) 
random_elem:0, /home/fdemirel/HPC_Lab_Proj/benchmarks/merge/merge-m5.x
Global frequency set at 1000000000000 ticks per second
src/mem/dram_interface.cc:690: warn: DRAM device capacity (16384 Mbytes) does not match the address range assigned (512 Mbytes)
src/mem/dram_interface.cc:690: warn: DRAM device capacity (16384 Mbytes) does not match the address range assigned (512 Mbytes)
src/base/statistics.hh:279: warn: One of the stats is a legacy stat. Legacy stat is a stat that does not belong to any statistics::Group. Legacy stat is deprecated.
board.remote_gdb: Listening for connections on port 7003
gem5 Simulator System.  https://www.gem5.org
gem5 is copyrighted software; use the --copyright option for details.

gem5 version 25.0.0.1
gem5 compiled May  5 2026 12:55:05
gem5 started Jun 12 2026 16:27:34
gem5 executing on cn27.guoehi.cluster, pid 164437
command line: /home/fdemirel/HPC_Lab_Proj/stride/../../gem5/build/ALL/gem5.opt -s --outdir=results_stride_multisim --stdout-file=matmult_stride_deg32_dist1_l2_ddr4_2x_simout.txt --stderr-file=matmult_stride_deg32_dist1_l2_ddr4_2x_simerr.txt --stats-file=stats.txt -c 'from multiprocessing.spawn import spawn_main; spawn_main(tracker_fd=7, pipe_handle=13)' --multiprocessing-fork

src/sim/mem_state.cc:443: info: Increasing stack size by one page.
src/sim/syscall_emul.hh:1121: warn: readlink() called on '/proc/self/exe' may yield unexpected results in various settings.
      Returning '/home/fdemirel/HPC_Lab_Proj/benchmarks/matmult/matmult-m5.x'
src/arch/arm/insts/pseudo.cc:174: warn: 	instruction 'bti' unimplemented
----quick sort----
Array SIZE      : 131072 
random_elem:0, /home/fdemirel/HPC_Lab_Proj/benchmarks/quick/quick-m5.x
Execution time: 9.158456 (ms) 
Global frequency set at 1000000000000 ticks per second
src/mem/dram_interface.cc:690: warn: DRAM device capacity (16384 Mbytes) does not match the address range assigned (512 Mbytes)
src/mem/dram_interface.cc:690: warn: DRAM device capacity (16384 Mbytes) does not match the address range assigned (512 Mbytes)
src/base/statistics.hh:279: warn: One of the stats is a legacy stat. Legacy stat is a stat that does not belong to any statistics::Group. Legacy stat is deprecated.
board.remote_gdb: Listening for connections on port 7000
gem5 Simulator System.  https://www.gem5.org
gem5 is copyrighted software; use the --copyright option for details.

gem5 version 25.0.0.1
gem5 compiled May  5 2026 12:55:05
gem5 started Jun 12 2026 16:28:17
gem5 executing on cn27.guoehi.cluster, pid 164445
command line: /home/fdemirel/HPC_Lab_Proj/stride/../../gem5/build/ALL/gem5.opt -s --outdir=results_stride_multisim --stdout-file=bfs_stride_deg1_dist16_l1d_ddr4_2x_simout.txt --stderr-file=bfs_stride_deg1_dist16_l1d_ddr4_2x_simerr.txt --stats-file=stats.txt -c 'from multiprocessing.spawn import spawn_main; spawn_main(tracker_fd=7, pipe_handle=13)' --multiprocessing-fork

src/sim/mem_state.cc:443: info: Increasing stack size by one page.
src/sim/syscall_emul.hh:1121: warn: readlink() called on '/proc/self/exe' may yield unexpected results in various settings.
      Returning '/home/fdemirel/HPC_Lab_Proj/benchmarks/bfs/bfs-m5.x'
src/arch/arm/insts/pseudo.cc:174: warn: 	instruction 'bti' unimplemented
Beginning BFS ...

----MATRIX MULTIPLICATION----

----Computation starts----
Loop 0 ... 
argc = 2, A[argc][argc] = 0.500000, B[argc][argc] = 0.500000, C[argc][argc] = 0.500000 
Execution time: 1.186921 (ms) 
Finished BFS.
Global frequency set at 1000000000000 ticks per second
src/mem/dram_interface.cc:690: warn: DRAM device capacity (16384 Mbytes) does not match the address range assigned (512 Mbytes)
src/mem/dram_interface.cc:690: warn: DRAM device capacity (16384 Mbytes) does not match the address range assigned (512 Mbytes)
src/base/statistics.hh:279: warn: One of the stats is a legacy stat. Legacy stat is a stat that does not belong to any statistics::Group. Legacy stat is deprecated.
board.remote_gdb: Listening for connections on port 7002
gem5 Simulator System.  https://www.gem5.org
gem5 is copyrighted software; use the --copyright option for details.

gem5 version 25.0.0.1
gem5 compiled May  5 2026 12:55:05
gem5 started Jun 12 2026 16:28:44
gem5 executing on cn27.guoehi.cluster, pid 164449
command line: /home/fdemirel/HPC_Lab_Proj/stride/../../gem5/build/ALL/gem5.opt -s --outdir=results_stride_multisim --stdout-file=quick_stride_deg16_dist1_l1d_ddr4_2x_simout.txt --stderr-file=quick_stride_deg16_dist1_l1d_ddr4_2x_simerr.txt --stats-file=stats.txt -c 'from multiprocessing.spawn import spawn_main; spawn_main(tracker_fd=7, pipe_handle=13)' --multiprocessing-fork

src/sim/mem_state.cc:443: info: Increasing stack size by one page.
src/sim/syscall_emul.hh:1121: warn: readlink() called on '/proc/self/exe' may yield unexpected results in various settings.
      Returning '/home/fdemirel/HPC_Lab_Proj/benchmarks/quick/quick-m5.x'
src/arch/arm/insts/pseudo.cc:174: warn: 	instruction 'bti' unimplemented
Global frequency set at 1000000000000 ticks per second
src/mem/dram_interface.cc:690: warn: DRAM device capacity (16384 Mbytes) does not match the address range assigned (512 Mbytes)
src/mem/dram_interface.cc:690: warn: DRAM device capacity (16384 Mbytes) does not match the address range assigned (512 Mbytes)
src/base/statistics.hh:279: warn: One of the stats is a legacy stat. Legacy stat is a stat that does not belong to any statistics::Group. Legacy stat is deprecated.
board.remote_gdb: Listening for connections on port 7003
gem5 Simulator System.  https://www.gem5.org
gem5 is copyrighted software; use the --copyright option for details.

gem5 version 25.0.0.1
gem5 compiled May  5 2026 12:55:05
gem5 started Jun 12 2026 16:28:56
gem5 executing on cn27.guoehi.cluster, pid 164450
command line: /home/fdemirel/HPC_Lab_Proj/stride/../../gem5/build/ALL/gem5.opt -s --outdir=results_stride_multisim --stdout-file=merge_stride_deg32_dist4_l2_ddr4_2x_simout.txt --stderr-file=merge_stride_deg32_dist4_l2_ddr4_2x_simerr.txt --stats-file=stats.txt -c 'from multiprocessing.spawn import spawn_main; spawn_main(tracker_fd=7, pipe_handle=13)' --multiprocessing-fork

src/sim/mem_state.cc:443: info: Increasing stack size by one page.
src/sim/syscall_emul.hh:1121: warn: readlink() called on '/proc/self/exe' may yield unexpected results in various settings.
      Returning '/home/fdemirel/HPC_Lab_Proj/benchmarks/merge/merge-m5.x'
src/arch/arm/insts/pseudo.cc:174: warn: 	instruction 'bti' unimplemented
----quick sort----
Array SIZE      : 131072 
random_elem:0, /home/fdemirel/HPC_Lab_Proj/benchmarks/quick/quick-m5.x
Execution time: 8.666929 (ms) 
Global frequency set at 1000000000000 ticks per second
src/mem/dram_interface.cc:690: warn: DRAM device capacity (16384 Mbytes) does not match the address range assigned (1024 Mbytes)
src/base/statistics.hh:279: warn: One of the stats is a legacy stat. Legacy stat is a stat that does not belong to any statistics::Group. Legacy stat is deprecated.
board.remote_gdb: Listening for connections on port 7001
gem5 Simulator System.  https://www.gem5.org
gem5 is copyrighted software; use the --copyright option for details.

gem5 version 25.0.0.1
gem5 compiled May  5 2026 12:55:05
gem5 started Jun 12 2026 16:30:00
gem5 executing on cn27.guoehi.cluster, pid 164456
command line: /home/fdemirel/HPC_Lab_Proj/stride/../../gem5/build/ALL/gem5.opt -s --outdir=results_stride_multisim --stdout-file=matmult_stride_deg16_dist1_l2_ddr4_1x_simout.txt --stderr-file=matmult_stride_deg16_dist1_l2_ddr4_1x_simerr.txt --stats-file=stats.txt -c 'from multiprocessing.spawn import spawn_main; spawn_main(tracker_fd=7, pipe_handle=13)' --multiprocessing-fork

src/sim/mem_state.cc:443: info: Increasing stack size by one page.
src/sim/syscall_emul.hh:1121: warn: readlink() called on '/proc/self/exe' may yield unexpected results in various settings.
      Returning '/home/fdemirel/HPC_Lab_Proj/benchmarks/matmult/matmult-m5.x'
src/arch/arm/insts/pseudo.cc:174: warn: 	instruction 'bti' unimplemented

----MATRIX MULTIPLICATION----

----Computation starts----
Loop 0 ... 
argc = 2, A[argc][argc] = 0.500000, B[argc][argc] = 0.500000, C[argc][argc] = 0.500000 
Execution time: 1.185581 (ms) 
Global frequency set at 1000000000000 ticks per second
src/mem/dram_interface.cc:690: warn: DRAM device capacity (16384 Mbytes) does not match the address range assigned (1024 Mbytes)
src/base/statistics.hh:279: warn: One of the stats is a legacy stat. Legacy stat is a stat that does not belong to any statistics::Group. Legacy stat is deprecated.
board.remote_gdb: Listening for connections on port 7001
gem5 Simulator System.  https://www.gem5.org
gem5 is copyrighted software; use the --copyright option for details.

gem5 version 25.0.0.1
gem5 compiled May  5 2026 12:55:05
gem5 started Jun 12 2026 16:31:09
gem5 executing on cn27.guoehi.cluster, pid 164465
command line: /home/fdemirel/HPC_Lab_Proj/stride/../../gem5/build/ALL/gem5.opt -s --outdir=results_stride_multisim --stdout-file=simple_triad_stride_deg8_dist32_l2_ddr4_1x_simout.txt --stderr-file=simple_triad_stride_deg8_dist32_l2_ddr4_1x_simerr.txt --stats-file=stats.txt -c 'from multiprocessing.spawn import spawn_main; spawn_main(tracker_fd=7, pipe_handle=13)' --multiprocessing-fork

src/sim/mem_state.cc:443: info: Increasing stack size by one page.
src/sim/syscall_emul.hh:1121: warn: readlink() called on '/proc/self/exe' may yield unexpected results in various settings.
      Returning '/home/fdemirel/HPC_Lab_Proj/benchmarks/simple_triad/simple_triad-m5.x'
----quick sort----
Array SIZE      : 131072 
random_elem:0, /home/fdemirel/HPC_Lab_Proj/benchmarks/quick/quick-m5.x
Execution time: 8.247132 (ms) 
Array SIZE      : 1000000 
Array LOOP      : 1 

----triad----
a[0]=7.00e+00. b[0]=2.00e+00. c[0]=1.00e+00.
Execution time: 2.577583 (ms) 
   Rate [MB/s]: 9311.0 
Global frequency set at 1000000000000 ticks per second
src/mem/dram_interface.cc:690: warn: DRAM device capacity (16384 Mbytes) does not match the address range assigned (1024 Mbytes)
src/base/statistics.hh:279: warn: One of the stats is a legacy stat. Legacy stat is a stat that does not belong to any statistics::Group. Legacy stat is deprecated.
board.remote_gdb: Listening for connections on port 7001
gem5 Simulator System.  https://www.gem5.org
gem5 is copyrighted software; use the --copyright option for details.

gem5 version 25.0.0.1
gem5 compiled May  5 2026 12:55:05
gem5 started Jun 12 2026 16:32:52
gem5 executing on cn27.guoehi.cluster, pid 164471
command line: /home/fdemirel/HPC_Lab_Proj/stride/../../gem5/build/ALL/gem5.opt -s --outdir=results_stride_multisim --stdout-file=bfs_stride_deg16_dist32_l1d_ddr4_1x_simout.txt --stderr-file=bfs_stride_deg16_dist32_l1d_ddr4_1x_simerr.txt --stats-file=stats.txt -c 'from multiprocessing.spawn import spawn_main; spawn_main(tracker_fd=7, pipe_handle=13)' --multiprocessing-fork

src/sim/mem_state.cc:443: info: Increasing stack size by one page.
src/sim/syscall_emul.hh:1121: warn: readlink() called on '/proc/self/exe' may yield unexpected results in various settings.
      Returning '/home/fdemirel/HPC_Lab_Proj/benchmarks/bfs/bfs-m5.x'
src/arch/arm/insts/pseudo.cc:174: warn: 	instruction 'bti' unimplemented
Beginning BFS ...
Global frequency set at 1000000000000 ticks per second
src/mem/dram_interface.cc:690: warn: DRAM device capacity (16384 Mbytes) does not match the address range assigned (512 Mbytes)
src/mem/dram_interface.cc:690: warn: DRAM device capacity (16384 Mbytes) does not match the address range assigned (512 Mbytes)
src/base/statistics.hh:279: warn: One of the stats is a legacy stat. Legacy stat is a stat that does not belong to any statistics::Group. Legacy stat is deprecated.
board.remote_gdb: Listening for connections on port 7002
gem5 Simulator System.  https://www.gem5.org
gem5 is copyrighted software; use the --copyright option for details.

gem5 version 25.0.0.1
gem5 compiled May  5 2026 12:55:05
gem5 started Jun 12 2026 16:33:03
gem5 executing on cn27.guoehi.cluster, pid 164472
command line: /home/fdemirel/HPC_Lab_Proj/stride/../../gem5/build/ALL/gem5.opt -s --outdir=results_stride_multisim --stdout-file=spmv_stride_deg8_dist32_l1d_ddr4_2x_simout.txt --stderr-file=spmv_stride_deg8_dist32_l1d_ddr4_2x_simerr.txt --stats-file=stats.txt -c 'from multiprocessing.spawn import spawn_main; spawn_main(tracker_fd=7, pipe_handle=13)' --multiprocessing-fork

src/sim/mem_state.cc:443: info: Increasing stack size by one page.
src/sim/syscall_emul.hh:1121: warn: readlink() called on '/proc/self/exe' may yield unexpected results in various settings.
      Returning '/home/fdemirel/HPC_Lab_Proj/benchmarks/spmv/spmv-m5.x'
src/arch/arm/insts/pseudo.cc:174: warn: 	instruction 'bti' unimplemented
src/sim/mem_state.cc:443: info: Increasing stack size by one page.
src/sim/mem_state.cc:443: info: Increasing stack size by one page.
src/sim/mem_state.cc:443: info: Increasing stack size by one page.
src/sim/mem_state.cc:443: info: Increasing stack size by one page.
src/sim/mem_state.cc:443: info: Increasing stack size by one page.
src/sim/mem_state.cc:443: info: Increasing stack size by one page.
src/sim/mem_state.cc:443: info: Increasing stack size by one page.

----merge----
Execution time: 10.223016 (ms) 
random_elem:0, /home/fdemirel/HPC_Lab_Proj/benchmarks/merge/merge-m5.x
Global frequency set at 1000000000000 ticks per second
src/mem/dram_interface.cc:690: warn: DRAM device capacity (16384 Mbytes) does not match the address range assigned (1024 Mbytes)
src/base/statistics.hh:279: warn: One of the stats is a legacy stat. Legacy stat is a stat that does not belong to any statistics::Group. Legacy stat is deprecated.
board.remote_gdb: Listening for connections on port 7003
gem5 Simulator System.  https://www.gem5.org
gem5 is copyrighted software; use the --copyright option for details.

gem5 version 25.0.0.1
gem5 compiled May  5 2026 12:55:05
gem5 started Jun 12 2026 16:33:53
gem5 executing on cn27.guoehi.cluster, pid 164479
command line: /home/fdemirel/HPC_Lab_Proj/stride/../../gem5/build/ALL/gem5.opt -s --outdir=results_stride_multisim --stdout-file=merge_stride_deg16_dist8_l2_ddr4_1x_simout.txt --stderr-file=merge_stride_deg16_dist8_l2_ddr4_1x_simerr.txt --stats-file=stats.txt -c 'from multiprocessing.spawn import spawn_main; spawn_main(tracker_fd=7, pipe_handle=13)' --multiprocessing-fork

src/sim/mem_state.cc:443: info: Increasing stack size by one page.
src/sim/syscall_emul.hh:1121: warn: readlink() called on '/proc/self/exe' may yield unexpected results in various settings.
      Returning '/home/fdemirel/HPC_Lab_Proj/benchmarks/merge/merge-m5.x'
src/arch/arm/insts/pseudo.cc:174: warn: 	instruction 'bti' unimplemented
Finished BFS.
Global frequency set at 1000000000000 ticks per second
src/mem/dram_interface.cc:690: warn: DRAM device capacity (16384 Mbytes) does not match the address range assigned (512 Mbytes)
src/mem/dram_interface.cc:690: warn: DRAM device capacity (16384 Mbytes) does not match the address range assigned (512 Mbytes)
src/base/statistics.hh:279: warn: One of the stats is a legacy stat. Legacy stat is a stat that does not belong to any statistics::Group. Legacy stat is deprecated.
board.remote_gdb: Listening for connections on port 7000
gem5 Simulator System.  https://www.gem5.org
gem5 is copyrighted software; use the --copyright option for details.

gem5 version 25.0.0.1
gem5 compiled May  5 2026 12:55:05
gem5 started Jun 12 2026 16:34:21
gem5 executing on cn27.guoehi.cluster, pid 164483
command line: /home/fdemirel/HPC_Lab_Proj/stride/../../gem5/build/ALL/gem5.opt -s --outdir=results_stride_multisim --stdout-file=bfs_stride_deg32_dist8_l2_ddr4_2x_simout.txt --stderr-file=bfs_stride_deg32_dist8_l2_ddr4_2x_simerr.txt --stats-file=stats.txt -c 'from multiprocessing.spawn import spawn_main; spawn_main(tracker_fd=7, pipe_handle=13)' --multiprocessing-fork

src/sim/mem_state.cc:443: info: Increasing stack size by one page.
src/sim/syscall_emul.hh:1121: warn: readlink() called on '/proc/self/exe' may yield unexpected results in various settings.
      Returning '/home/fdemirel/HPC_Lab_Proj/benchmarks/bfs/bfs-m5.x'
src/arch/arm/insts/pseudo.cc:174: warn: 	instruction 'bti' unimplemented
Beginning BFS ...
----spmv----
N_ROWS          : 8192 
N_COLS          : 65536 
NNZ             : 524155 
Execution time: 6.843533 (ms) 
Global frequency set at 1000000000000 ticks per second
src/mem/dram_interface.cc:690: warn: DRAM device capacity (16384 Mbytes) does not match the address range assigned (1024 Mbytes)
src/base/statistics.hh:279: warn: One of the stats is a legacy stat. Legacy stat is a stat that does not belong to any statistics::Group. Legacy stat is deprecated.
board.remote_gdb: Listening for connections on port 7002
gem5 Simulator System.  https://www.gem5.org
gem5 is copyrighted software; use the --copyright option for details.

gem5 version 25.0.0.1
gem5 compiled May  5 2026 12:55:05
gem5 started Jun 12 2026 16:35:11
gem5 executing on cn27.guoehi.cluster, pid 164488
command line: /home/fdemirel/HPC_Lab_Proj/stride/../../gem5/build/ALL/gem5.opt -s --outdir=results_stride_multisim --stdout-file=bfs_stride_deg16_dist32_l2_ddr4_1x_simout.txt --stderr-file=bfs_stride_deg16_dist32_l2_ddr4_1x_simerr.txt --stats-file=stats.txt -c 'from multiprocessing.spawn import spawn_main; spawn_main(tracker_fd=7, pipe_handle=13)' --multiprocessing-fork

src/sim/mem_state.cc:443: info: Increasing stack size by one page.
src/sim/syscall_emul.hh:1121: warn: readlink() called on '/proc/self/exe' may yield unexpected results in various settings.
      Returning '/home/fdemirel/HPC_Lab_Proj/benchmarks/bfs/bfs-m5.x'
src/arch/arm/insts/pseudo.cc:174: warn: 	instruction 'bti' unimplemented
Beginning BFS ...
Finished BFS.

----merge----
Execution time: 10.447058 (ms) 
random_elem:0, /home/fdemirel/HPC_Lab_Proj/benchmarks/merge/merge-m5.x
Global frequency set at 1000000000000 ticks per second
src/mem/dram_interface.cc:690: warn: DRAM device capacity (16384 Mbytes) does not match the address range assigned (512 Mbytes)
src/mem/dram_interface.cc:690: warn: DRAM device capacity (16384 Mbytes) does not match the address range assigned (512 Mbytes)
src/base/statistics.hh:279: warn: One of the stats is a legacy stat. Legacy stat is a stat that does not belong to any statistics::Group. Legacy stat is deprecated.
board.remote_gdb: Listening for connections on port 7001
gem5 Simulator System.  https://www.gem5.org
gem5 is copyrighted software; use the --copyright option for details.

gem5 version 25.0.0.1
gem5 compiled May  5 2026 12:55:05
gem5 started Jun 12 2026 16:38:55
gem5 executing on cn27.guoehi.cluster, pid 164498
command line: /home/fdemirel/HPC_Lab_Proj/stride/../../gem5/build/ALL/gem5.opt -s --outdir=results_stride_multisim --stdout-file=merge_stride_deg1_dist8_l2_ddr4_2x_simout.txt --stderr-file=merge_stride_deg1_dist8_l2_ddr4_2x_simerr.txt --stats-file=stats.txt -c 'from multiprocessing.spawn import spawn_main; spawn_main(tracker_fd=7, pipe_handle=13)' --multiprocessing-fork

src/sim/mem_state.cc:443: info: Increasing stack size by one page.
src/sim/syscall_emul.hh:1121: warn: readlink() called on '/proc/self/exe' may yield unexpected results in various settings.
      Returning '/home/fdemirel/HPC_Lab_Proj/benchmarks/merge/merge-m5.x'
src/arch/arm/insts/pseudo.cc:174: warn: 	instruction 'bti' unimplemented
Global frequency set at 1000000000000 ticks per second
src/mem/dram_interface.cc:690: warn: DRAM device capacity (16384 Mbytes) does not match the address range assigned (1024 Mbytes)
src/base/statistics.hh:279: warn: One of the stats is a legacy stat. Legacy stat is a stat that does not belong to any statistics::Group. Legacy stat is deprecated.
board.remote_gdb: Listening for connections on port 7003
gem5 Simulator System.  https://www.gem5.org
gem5 is copyrighted software; use the --copyright option for details.

gem5 version 25.0.0.1
gem5 compiled May  5 2026 12:55:05
gem5 started Jun 12 2026 16:39:04
gem5 executing on cn27.guoehi.cluster, pid 164499
command line: /home/fdemirel/HPC_Lab_Proj/stride/../../gem5/build/ALL/gem5.opt -s --outdir=results_stride_multisim --stdout-file=spmv_stride_deg1_dist16_l1d_ddr4_1x_simout.txt --stderr-file=spmv_stride_deg1_dist16_l1d_ddr4_1x_simerr.txt --stats-file=stats.txt -c 'from multiprocessing.spawn import spawn_main; spawn_main(tracker_fd=7, pipe_handle=13)' --multiprocessing-fork

src/sim/mem_state.cc:443: info: Increasing stack size by one page.
src/sim/syscall_emul.hh:1121: warn: readlink() called on '/proc/self/exe' may yield unexpected results in various settings.
      Returning '/home/fdemirel/HPC_Lab_Proj/benchmarks/spmv/spmv-m5.x'
src/arch/arm/insts/pseudo.cc:174: warn: 	instruction 'bti' unimplemented
src/sim/mem_state.cc:443: info: Increasing stack size by one page.
src/sim/mem_state.cc:443: info: Increasing stack size by one page.
src/sim/mem_state.cc:443: info: Increasing stack size by one page.
src/sim/mem_state.cc:443: info: Increasing stack size by one page.
src/sim/mem_state.cc:443: info: Increasing stack size by one page.
src/sim/mem_state.cc:443: info: Increasing stack size by one page.
src/sim/mem_state.cc:443: info: Increasing stack size by one page.
Finished BFS.
Global frequency set at 1000000000000 ticks per second
src/mem/dram_interface.cc:690: warn: DRAM device capacity (16384 Mbytes) does not match the address range assigned (1024 Mbytes)
src/base/statistics.hh:279: warn: One of the stats is a legacy stat. Legacy stat is a stat that does not belong to any statistics::Group. Legacy stat is deprecated.
board.remote_gdb: Listening for connections on port 7000
gem5 Simulator System.  https://www.gem5.org
gem5 is copyrighted software; use the --copyright option for details.

gem5 version 25.0.0.1
gem5 compiled May  5 2026 12:55:05
gem5 started Jun 12 2026 16:40:04
gem5 executing on cn27.guoehi.cluster, pid 164506
command line: /home/fdemirel/HPC_Lab_Proj/stride/../../gem5/build/ALL/gem5.opt -s --outdir=results_stride_multisim --stdout-file=matmult_stride_deg1_dist8_l1d_ddr4_1x_simout.txt --stderr-file=matmult_stride_deg1_dist8_l1d_ddr4_1x_simerr.txt --stats-file=stats.txt -c 'from multiprocessing.spawn import spawn_main; spawn_main(tracker_fd=7, pipe_handle=13)' --multiprocessing-fork

src/sim/mem_state.cc:443: info: Increasing stack size by one page.
src/sim/syscall_emul.hh:1121: warn: readlink() called on '/proc/self/exe' may yield unexpected results in various settings.
      Returning '/home/fdemirel/HPC_Lab_Proj/benchmarks/matmult/matmult-m5.x'
src/arch/arm/insts/pseudo.cc:174: warn: 	instruction 'bti' unimplemented
----spmv----
N_ROWS          : 8192 
N_COLS          : 65536 
NNZ             : 524155 
Execution time: 7.526839 (ms) 

----MATRIX MULTIPLICATION----

----Computation starts----
Loop 0 ... 
argc = 2, A[argc][argc] = 0.500000, B[argc][argc] = 0.500000, C[argc][argc] = 0.500000 
Execution time: 1.202889 (ms) 
Finished BFS.
Global frequency set at 1000000000000 ticks per second
src/mem/dram_interface.cc:690: warn: DRAM device capacity (16384 Mbytes) does not match the address range assigned (512 Mbytes)
src/mem/dram_interface.cc:690: warn: DRAM device capacity (16384 Mbytes) does not match the address range assigned (512 Mbytes)
src/base/statistics.hh:279: warn: One of the stats is a legacy stat. Legacy stat is a stat that does not belong to any statistics::Group. Legacy stat is deprecated.
board.remote_gdb: Listening for connections on port 7000
gem5 Simulator System.  https://www.gem5.org
gem5 is copyrighted software; use the --copyright option for details.

gem5 version 25.0.0.1
gem5 compiled May  5 2026 12:55:05
gem5 started Jun 12 2026 16:41:08
gem5 executing on cn27.guoehi.cluster, pid 164513
command line: /home/fdemirel/HPC_Lab_Proj/stride/../../gem5/build/ALL/gem5.opt -s --outdir=results_stride_multisim --stdout-file=quick_stride_deg16_dist1_l2_ddr4_2x_simout.txt --stderr-file=quick_stride_deg16_dist1_l2_ddr4_2x_simerr.txt --stats-file=stats.txt -c 'from multiprocessing.spawn import spawn_main; spawn_main(tracker_fd=7, pipe_handle=13)' --multiprocessing-fork

src/sim/mem_state.cc:443: info: Increasing stack size by one page.
src/sim/syscall_emul.hh:1121: warn: readlink() called on '/proc/self/exe' may yield unexpected results in various settings.
      Returning '/home/fdemirel/HPC_Lab_Proj/benchmarks/quick/quick-m5.x'
src/arch/arm/insts/pseudo.cc:174: warn: 	instruction 'bti' unimplemented
Global frequency set at 1000000000000 ticks per second
src/mem/dram_interface.cc:690: warn: DRAM device capacity (16384 Mbytes) does not match the address range assigned (512 Mbytes)
src/mem/dram_interface.cc:690: warn: DRAM device capacity (16384 Mbytes) does not match the address range assigned (512 Mbytes)
src/base/statistics.hh:279: warn: One of the stats is a legacy stat. Legacy stat is a stat that does not belong to any statistics::Group. Legacy stat is deprecated.
board.remote_gdb: Listening for connections on port 7002
gem5 Simulator System.  https://www.gem5.org
gem5 is copyrighted software; use the --copyright option for details.

gem5 version 25.0.0.1
gem5 compiled May  5 2026 12:55:05
gem5 started Jun 12 2026 16:41:18
gem5 executing on cn27.guoehi.cluster, pid 164515
command line: /home/fdemirel/HPC_Lab_Proj/stride/../../gem5/build/ALL/gem5.opt -s --outdir=results_stride_multisim --stdout-file=simple_triad_stride_deg8_dist16_l2_ddr4_2x_simout.txt --stderr-file=simple_triad_stride_deg8_dist16_l2_ddr4_2x_simerr.txt --stats-file=stats.txt -c 'from multiprocessing.spawn import spawn_main; spawn_main(tracker_fd=7, pipe_handle=13)' --multiprocessing-fork

src/sim/mem_state.cc:443: info: Increasing stack size by one page.
src/sim/syscall_emul.hh:1121: warn: readlink() called on '/proc/self/exe' may yield unexpected results in various settings.
      Returning '/home/fdemirel/HPC_Lab_Proj/benchmarks/simple_triad/simple_triad-m5.x'
Global frequency set at 1000000000000 ticks per second
src/mem/dram_interface.cc:690: warn: DRAM device capacity (16384 Mbytes) does not match the address range assigned (512 Mbytes)
src/mem/dram_interface.cc:690: warn: DRAM device capacity (16384 Mbytes) does not match the address range assigned (512 Mbytes)
src/base/statistics.hh:279: warn: One of the stats is a legacy stat. Legacy stat is a stat that does not belong to any statistics::Group. Legacy stat is deprecated.
board.remote_gdb: Listening for connections on port 7003
gem5 Simulator System.  https://www.gem5.org
gem5 is copyrighted software; use the --copyright option for details.

gem5 version 25.0.0.1
gem5 compiled May  5 2026 12:55:05
gem5 started Jun 12 2026 16:41:20
gem5 executing on cn27.guoehi.cluster, pid 164517
command line: /home/fdemirel/HPC_Lab_Proj/stride/../../gem5/build/ALL/gem5.opt -s --outdir=results_stride_multisim --stdout-file=bfs_stride_deg1_dist16_l2_ddr4_2x_simout.txt --stderr-file=bfs_stride_deg1_dist16_l2_ddr4_2x_simerr.txt --stats-file=stats.txt -c 'from multiprocessing.spawn import spawn_main; spawn_main(tracker_fd=7, pipe_handle=13)' --multiprocessing-fork

src/sim/mem_state.cc:443: info: Increasing stack size by one page.
src/sim/syscall_emul.hh:1121: warn: readlink() called on '/proc/self/exe' may yield unexpected results in various settings.
      Returning '/home/fdemirel/HPC_Lab_Proj/benchmarks/bfs/bfs-m5.x'
src/arch/arm/insts/pseudo.cc:174: warn: 	instruction 'bti' unimplemented
Beginning BFS ...
Array SIZE      : 1000000 
Array LOOP      : 1 

----triad----
a[0]=7.00e+00. b[0]=2.00e+00. c[0]=1.00e+00.
Execution time: 1.642569 (ms) 
   Rate [MB/s]: 14611.3 
Global frequency set at 1000000000000 ticks per second
src/mem/dram_interface.cc:690: warn: DRAM device capacity (16384 Mbytes) does not match the address range assigned (512 Mbytes)
src/mem/dram_interface.cc:690: warn: DRAM device capacity (16384 Mbytes) does not match the address range assigned (512 Mbytes)
src/base/statistics.hh:279: warn: One of the stats is a legacy stat. Legacy stat is a stat that does not belong to any statistics::Group. Legacy stat is deprecated.
board.remote_gdb: Listening for connections on port 7002
gem5 Simulator System.  https://www.gem5.org
gem5 is copyrighted software; use the --copyright option for details.

gem5 version 25.0.0.1
gem5 compiled May  5 2026 12:55:05
gem5 started Jun 12 2026 16:43:09
gem5 executing on cn27.guoehi.cluster, pid 164528
command line: /home/fdemirel/HPC_Lab_Proj/stride/../../gem5/build/ALL/gem5.opt -s --outdir=results_stride_multisim --stdout-file=matmult_stride_deg4_dist8_l1d_ddr4_2x_simout.txt --stderr-file=matmult_stride_deg4_dist8_l1d_ddr4_2x_simerr.txt --stats-file=stats.txt -c 'from multiprocessing.spawn import spawn_main; spawn_main(tracker_fd=7, pipe_handle=13)' --multiprocessing-fork

src/sim/mem_state.cc:443: info: Increasing stack size by one page.
src/sim/syscall_emul.hh:1121: warn: readlink() called on '/proc/self/exe' may yield unexpected results in various settings.
      Returning '/home/fdemirel/HPC_Lab_Proj/benchmarks/matmult/matmult-m5.x'
src/arch/arm/insts/pseudo.cc:174: warn: 	instruction 'bti' unimplemented

----merge----
Execution time: 10.579772 (ms) 
random_elem:0, /home/fdemirel/HPC_Lab_Proj/benchmarks/merge/merge-m5.x

----MATRIX MULTIPLICATION----

----Computation starts----
Loop 0 ... 
argc = 2, A[argc][argc] = 0.500000, B[argc][argc] = 0.500000, C[argc][argc] = 0.500000 
Execution time: 1.216413 (ms) 
Global frequency set at 1000000000000 ticks per second
src/mem/dram_interface.cc:690: warn: DRAM device capacity (16384 Mbytes) does not match the address range assigned (1024 Mbytes)
src/base/statistics.hh:279: warn: One of the stats is a legacy stat. Legacy stat is a stat that does not belong to any statistics::Group. Legacy stat is deprecated.
board.remote_gdb: Listening for connections on port 7001
gem5 Simulator System.  https://www.gem5.org
gem5 is copyrighted software; use the --copyright option for details.

gem5 version 25.0.0.1
gem5 compiled May  5 2026 12:55:05
gem5 started Jun 12 2026 16:44:10
gem5 executing on cn27.guoehi.cluster, pid 164535
command line: /home/fdemirel/HPC_Lab_Proj/stride/../../gem5/build/ALL/gem5.opt -s --outdir=results_stride_multisim --stdout-file=quick_stride_deg4_dist1_l2_ddr4_1x_simout.txt --stderr-file=quick_stride_deg4_dist1_l2_ddr4_1x_simerr.txt --stats-file=stats.txt -c 'from multiprocessing.spawn import spawn_main; spawn_main(tracker_fd=7, pipe_handle=13)' --multiprocessing-fork

src/sim/mem_state.cc:443: info: Increasing stack size by one page.
src/sim/syscall_emul.hh:1121: warn: readlink() called on '/proc/self/exe' may yield unexpected results in various settings.
      Returning '/home/fdemirel/HPC_Lab_Proj/benchmarks/quick/quick-m5.x'
src/arch/arm/insts/pseudo.cc:174: warn: 	instruction 'bti' unimplemented
Global frequency set at 1000000000000 ticks per second
src/mem/dram_interface.cc:690: warn: DRAM device capacity (16384 Mbytes) does not match the address range assigned (1024 Mbytes)
src/base/statistics.hh:279: warn: One of the stats is a legacy stat. Legacy stat is a stat that does not belong to any statistics::Group. Legacy stat is deprecated.
board.remote_gdb: Listening for connections on port 7002
gem5 Simulator System.  https://www.gem5.org
gem5 is copyrighted software; use the --copyright option for details.

gem5 version 25.0.0.1
gem5 compiled May  5 2026 12:55:05
gem5 started Jun 12 2026 16:44:19
gem5 executing on cn27.guoehi.cluster, pid 164536
command line: /home/fdemirel/HPC_Lab_Proj/stride/../../gem5/build/ALL/gem5.opt -s --outdir=results_stride_multisim --stdout-file=simple_triad_stride_deg1_dist4_l2_ddr4_1x_simout.txt --stderr-file=simple_triad_stride_deg1_dist4_l2_ddr4_1x_simerr.txt --stats-file=stats.txt -c 'from multiprocessing.spawn import spawn_main; spawn_main(tracker_fd=7, pipe_handle=13)' --multiprocessing-fork

src/sim/mem_state.cc:443: info: Increasing stack size by one page.
src/sim/syscall_emul.hh:1121: warn: readlink() called on '/proc/self/exe' may yield unexpected results in various settings.
      Returning '/home/fdemirel/HPC_Lab_Proj/benchmarks/simple_triad/simple_triad-m5.x'
----quick sort----
Array SIZE      : 131072 
random_elem:0, /home/fdemirel/HPC_Lab_Proj/benchmarks/quick/quick-m5.x
Execution time: 8.563783 (ms) 
Global frequency set at 1000000000000 ticks per second
src/mem/dram_interface.cc:690: warn: DRAM device capacity (16384 Mbytes) does not match the address range assigned (1024 Mbytes)
src/base/statistics.hh:279: warn: One of the stats is a legacy stat. Legacy stat is a stat that does not belong to any statistics::Group. Legacy stat is deprecated.
board.remote_gdb: Listening for connections on port 7000
gem5 Simulator System.  https://www.gem5.org
gem5 is copyrighted software; use the --copyright option for details.

gem5 version 25.0.0.1
gem5 compiled May  5 2026 12:55:05
gem5 started Jun 12 2026 16:45:22
gem5 executing on cn27.guoehi.cluster, pid 164543
command line: /home/fdemirel/HPC_Lab_Proj/stride/../../gem5/build/ALL/gem5.opt -s --outdir=results_stride_multisim --stdout-file=spmv_stride_deg1_dist16_l2_ddr4_1x_simout.txt --stderr-file=spmv_stride_deg1_dist16_l2_ddr4_1x_simerr.txt --stats-file=stats.txt -c 'from multiprocessing.spawn import spawn_main; spawn_main(tracker_fd=7, pipe_handle=13)' --multiprocessing-fork

src/sim/mem_state.cc:443: info: Increasing stack size by one page.
src/sim/syscall_emul.hh:1121: warn: readlink() called on '/proc/self/exe' may yield unexpected results in various settings.
      Returning '/home/fdemirel/HPC_Lab_Proj/benchmarks/spmv/spmv-m5.x'
src/arch/arm/insts/pseudo.cc:174: warn: 	instruction 'bti' unimplemented
src/sim/mem_state.cc:443: info: Increasing stack size by one page.
src/sim/mem_state.cc:443: info: Increasing stack size by one page.
src/sim/mem_state.cc:443: info: Increasing stack size by one page.
src/sim/mem_state.cc:443: info: Increasing stack size by one page.
src/sim/mem_state.cc:443: info: Increasing stack size by one page.
src/sim/mem_state.cc:443: info: Increasing stack size by one page.
src/sim/mem_state.cc:443: info: Increasing stack size by one page.
Array SIZE      : 1000000 
Array LOOP      : 1 

----triad----
a[0]=7.00e+00. b[0]=2.00e+00. c[0]=1.00e+00.
Execution time: 2.400023 (ms) 
   Rate [MB/s]: 9999.9 
Global frequency set at 1000000000000 ticks per second
src/mem/dram_interface.cc:690: warn: DRAM device capacity (16384 Mbytes) does not match the address range assigned (1024 Mbytes)
src/base/statistics.hh:279: warn: One of the stats is a legacy stat. Legacy stat is a stat that does not belong to any statistics::Group. Legacy stat is deprecated.
board.remote_gdb: Listening for connections on port 7002
gem5 Simulator System.  https://www.gem5.org
gem5 is copyrighted software; use the --copyright option for details.

gem5 version 25.0.0.1
gem5 compiled May  5 2026 12:55:05
gem5 started Jun 12 2026 16:46:16
gem5 executing on cn27.guoehi.cluster, pid 164547
command line: /home/fdemirel/HPC_Lab_Proj/stride/../../gem5/build/ALL/gem5.opt -s --outdir=results_stride_multisim --stdout-file=matmult_stride_deg1_dist8_l2_ddr4_1x_simout.txt --stderr-file=matmult_stride_deg1_dist8_l2_ddr4_1x_simerr.txt --stats-file=stats.txt -c 'from multiprocessing.spawn import spawn_main; spawn_main(tracker_fd=7, pipe_handle=13)' --multiprocessing-fork

src/sim/mem_state.cc:443: info: Increasing stack size by one page.
src/sim/syscall_emul.hh:1121: warn: readlink() called on '/proc/self/exe' may yield unexpected results in various settings.
      Returning '/home/fdemirel/HPC_Lab_Proj/benchmarks/matmult/matmult-m5.x'
src/arch/arm/insts/pseudo.cc:174: warn: 	instruction 'bti' unimplemented
Finished BFS.
----spmv----
N_ROWS          : 8192 
N_COLS          : 65536 
NNZ             : 524155 
Execution time: 7.641152 (ms) 
Global frequency set at 1000000000000 ticks per second

----MATRIX MULTIPLICATION----

----Computation starts----
Loop 0 ... 
argc = 2, A[argc][argc] = 0.500000, B[argc][argc] = 0.500000, C[argc][argc] = 0.500000 
Execution time: 1.197578 (ms) 
src/mem/dram_interface.cc:690: warn: DRAM device capacity (16384 Mbytes) does not match the address range assigned (1024 Mbytes)
src/base/statistics.hh:279: warn: One of the stats is a legacy stat. Legacy stat is a stat that does not belong to any statistics::Group. Legacy stat is deprecated.
board.remote_gdb: Listening for connections on port 7000
gem5 Simulator System.  https://www.gem5.org
gem5 is copyrighted software; use the --copyright option for details.

gem5 version 25.0.0.1
gem5 compiled May  5 2026 12:55:05
gem5 started Jun 12 2026 16:47:07
gem5 executing on cn27.guoehi.cluster, pid 164551
command line: /home/fdemirel/HPC_Lab_Proj/stride/../../gem5/build/ALL/gem5.opt -s --outdir=results_stride_multisim --stdout-file=merge_stride_deg1_dist32_l2_ddr4_1x_simout.txt --stderr-file=merge_stride_deg1_dist32_l2_ddr4_1x_simerr.txt --stats-file=stats.txt -c 'from multiprocessing.spawn import spawn_main; spawn_main(tracker_fd=7, pipe_handle=13)' --multiprocessing-fork

src/sim/mem_state.cc:443: info: Increasing stack size by one page.
src/sim/syscall_emul.hh:1121: warn: readlink() called on '/proc/self/exe' may yield unexpected results in various settings.
      Returning '/home/fdemirel/HPC_Lab_Proj/benchmarks/merge/merge-m5.x'
src/arch/arm/insts/pseudo.cc:174: warn: 	instruction 'bti' unimplemented
Global frequency set at 1000000000000 ticks per second
src/mem/dram_interface.cc:690: warn: DRAM device capacity (16384 Mbytes) does not match the address range assigned (1024 Mbytes)
src/base/statistics.hh:279: warn: One of the stats is a legacy stat. Legacy stat is a stat that does not belong to any statistics::Group. Legacy stat is deprecated.
board.remote_gdb: Listening for connections on port 7002
gem5 Simulator System.  https://www.gem5.org
gem5 is copyrighted software; use the --copyright option for details.

gem5 version 25.0.0.1
gem5 compiled May  5 2026 12:55:05
gem5 started Jun 12 2026 16:47:22
gem5 executing on cn27.guoehi.cluster, pid 164552
command line: /home/fdemirel/HPC_Lab_Proj/stride/../../gem5/build/ALL/gem5.opt -s --outdir=results_stride_multisim --stdout-file=bfs_stride_deg4_dist4_l2_ddr4_1x_simout.txt --stderr-file=bfs_stride_deg4_dist4_l2_ddr4_1x_simerr.txt --stats-file=stats.txt -c 'from multiprocessing.spawn import spawn_main; spawn_main(tracker_fd=7, pipe_handle=13)' --multiprocessing-fork

src/sim/mem_state.cc:443: info: Increasing stack size by one page.
src/sim/syscall_emul.hh:1121: warn: readlink() called on '/proc/self/exe' may yield unexpected results in various settings.
      Returning '/home/fdemirel/HPC_Lab_Proj/benchmarks/bfs/bfs-m5.x'
src/arch/arm/insts/pseudo.cc:174: warn: 	instruction 'bti' unimplemented
Beginning BFS ...
Global frequency set at 1000000000000 ticks per second
src/mem/dram_interface.cc:690: warn: DRAM device capacity (16384 Mbytes) does not match the address range assigned (512 Mbytes)
src/mem/dram_interface.cc:690: warn: DRAM device capacity (16384 Mbytes) does not match the address range assigned (512 Mbytes)
src/base/statistics.hh:279: warn: One of the stats is a legacy stat. Legacy stat is a stat that does not belong to any statistics::Group. Legacy stat is deprecated.
board.remote_gdb: Listening for connections on port 7003
gem5 Simulator System.  https://www.gem5.org
gem5 is copyrighted software; use the --copyright option for details.

gem5 version 25.0.0.1
gem5 compiled May  5 2026 12:55:05
gem5 started Jun 12 2026 16:47:25
gem5 executing on cn27.guoehi.cluster, pid 164555
command line: /home/fdemirel/HPC_Lab_Proj/stride/../../gem5/build/ALL/gem5.opt -s --outdir=results_stride_multisim --stdout-file=quick_stride_deg1_dist8_l1d_ddr4_2x_simout.txt --stderr-file=quick_stride_deg1_dist8_l1d_ddr4_2x_simerr.txt --stats-file=stats.txt -c 'from multiprocessing.spawn import spawn_main; spawn_main(tracker_fd=7, pipe_handle=13)' --multiprocessing-fork

src/sim/mem_state.cc:443: info: Increasing stack size by one page.
src/sim/syscall_emul.hh:1121: warn: readlink() called on '/proc/self/exe' may yield unexpected results in various settings.
      Returning '/home/fdemirel/HPC_Lab_Proj/benchmarks/quick/quick-m5.x'
src/arch/arm/insts/pseudo.cc:174: warn: 	instruction 'bti' unimplemented
----quick sort----
Array SIZE      : 131072 
random_elem:0, /home/fdemirel/HPC_Lab_Proj/benchmarks/quick/quick-m5.x
Execution time: 8.582350 (ms) 
Global frequency set at 1000000000000 ticks per second
src/mem/dram_interface.cc:690: warn: DRAM device capacity (16384 Mbytes) does not match the address range assigned (512 Mbytes)
src/mem/dram_interface.cc:690: warn: DRAM device capacity (16384 Mbytes) does not match the address range assigned (512 Mbytes)
src/base/statistics.hh:279: warn: One of the stats is a legacy stat. Legacy stat is a stat that does not belong to any statistics::Group. Legacy stat is deprecated.
board.remote_gdb: Listening for connections on port 7001
gem5 Simulator System.  https://www.gem5.org
gem5 is copyrighted software; use the --copyright option for details.

gem5 version 25.0.0.1
gem5 compiled May  5 2026 12:55:05
gem5 started Jun 12 2026 16:48:11
gem5 executing on cn27.guoehi.cluster, pid 164561
command line: /home/fdemirel/HPC_Lab_Proj/stride/../../gem5/build/ALL/gem5.opt -s --outdir=results_stride_multisim --stdout-file=simple_triad_stride_deg1_dist1_l1d_ddr4_2x_simout.txt --stderr-file=simple_triad_stride_deg1_dist1_l1d_ddr4_2x_simerr.txt --stats-file=stats.txt -c 'from multiprocessing.spawn import spawn_main; spawn_main(tracker_fd=7, pipe_handle=13)' --multiprocessing-fork

src/sim/mem_state.cc:443: info: Increasing stack size by one page.
src/sim/syscall_emul.hh:1121: warn: readlink() called on '/proc/self/exe' may yield unexpected results in various settings.
      Returning '/home/fdemirel/HPC_Lab_Proj/benchmarks/simple_triad/simple_triad-m5.x'
Array SIZE      : 1000000 
Array LOOP      : 1 

----triad----
a[0]=7.00e+00. b[0]=2.00e+00. c[0]=1.00e+00.
Execution time: 2.051166 (ms) 
   Rate [MB/s]: 11700.7 
Global frequency set at 1000000000000 ticks per second
src/mem/dram_interface.cc:690: warn: DRAM device capacity (16384 Mbytes) does not match the address range assigned (512 Mbytes)
src/mem/dram_interface.cc:690: warn: DRAM device capacity (16384 Mbytes) does not match the address range assigned (512 Mbytes)
src/base/statistics.hh:279: warn: One of the stats is a legacy stat. Legacy stat is a stat that does not belong to any statistics::Group. Legacy stat is deprecated.
board.remote_gdb: Listening for connections on port 7001
gem5 Simulator System.  https://www.gem5.org
gem5 is copyrighted software; use the --copyright option for details.

gem5 version 25.0.0.1
gem5 compiled May  5 2026 12:55:05
gem5 started Jun 12 2026 16:50:07
gem5 executing on cn27.guoehi.cluster, pid 164572
command line: /home/fdemirel/HPC_Lab_Proj/stride/../../gem5/build/ALL/gem5.opt -s --outdir=results_stride_multisim --stdout-file=merge_stride_deg4_dist16_l2_ddr4_2x_simout.txt --stderr-file=merge_stride_deg4_dist16_l2_ddr4_2x_simerr.txt --stats-file=stats.txt -c 'from multiprocessing.spawn import spawn_main; spawn_main(tracker_fd=7, pipe_handle=13)' --multiprocessing-fork

src/sim/mem_state.cc:443: info: Increasing stack size by one page.
src/sim/syscall_emul.hh:1121: warn: readlink() called on '/proc/self/exe' may yield unexpected results in various settings.
      Returning '/home/fdemirel/HPC_Lab_Proj/benchmarks/merge/merge-m5.x'
src/arch/arm/insts/pseudo.cc:174: warn: 	instruction 'bti' unimplemented
----quick sort----
Array SIZE      : 131072 
random_elem:0, /home/fdemirel/HPC_Lab_Proj/benchmarks/quick/quick-m5.x
Execution time: 8.415200 (ms) 
Global frequency set at 1000000000000 ticks per second
src/mem/dram_interface.cc:690: warn: DRAM device capacity (16384 Mbytes) does not match the address range assigned (1024 Mbytes)
src/base/statistics.hh:279: warn: One of the stats is a legacy stat. Legacy stat is a stat that does not belong to any statistics::Group. Legacy stat is deprecated.
board.remote_gdb: Listening for connections on port 7003
gem5 Simulator System.  https://www.gem5.org
gem5 is copyrighted software; use the --copyright option for details.

gem5 version 25.0.0.1
gem5 compiled May  5 2026 12:55:05
gem5 started Jun 12 2026 16:51:39
gem5 executing on cn27.guoehi.cluster, pid 164583
command line: /home/fdemirel/HPC_Lab_Proj/stride/../../gem5/build/ALL/gem5.opt -s --outdir=results_stride_multisim --stdout-file=simple_triad_stride_deg8_dist16_l1d_ddr4_1x_simout.txt --stderr-file=simple_triad_stride_deg8_dist16_l1d_ddr4_1x_simerr.txt --stats-file=stats.txt -c 'from multiprocessing.spawn import spawn_main; spawn_main(tracker_fd=7, pipe_handle=13)' --multiprocessing-fork

src/sim/mem_state.cc:443: info: Increasing stack size by one page.
src/sim/syscall_emul.hh:1121: warn: readlink() called on '/proc/self/exe' may yield unexpected results in various settings.
      Returning '/home/fdemirel/HPC_Lab_Proj/benchmarks/simple_triad/simple_triad-m5.x'

----merge----
Execution time: 11.079552 (ms) 
random_elem:0, /home/fdemirel/HPC_Lab_Proj/benchmarks/merge/merge-m5.x
Global frequency set at 1000000000000 ticks per second
src/mem/dram_interface.cc:690: warn: DRAM device capacity (16384 Mbytes) does not match the address range assigned (512 Mbytes)
src/mem/dram_interface.cc:690: warn: DRAM device capacity (16384 Mbytes) does not match the address range assigned (512 Mbytes)
src/base/statistics.hh:279: warn: One of the stats is a legacy stat. Legacy stat is a stat that does not belong to any statistics::Group. Legacy stat is deprecated.
board.remote_gdb: Listening for connections on port 7000
gem5 Simulator System.  https://www.gem5.org
gem5 is copyrighted software; use the --copyright option for details.

gem5 version 25.0.0.1
gem5 compiled May  5 2026 12:55:05
gem5 started Jun 12 2026 16:52:13
gem5 executing on cn27.guoehi.cluster, pid 164587
command line: /home/fdemirel/HPC_Lab_Proj/stride/../../gem5/build/ALL/gem5.opt -s --outdir=results_stride_multisim --stdout-file=spmv_stride_deg1_dist4_l1d_ddr4_2x_simout.txt --stderr-file=spmv_stride_deg1_dist4_l1d_ddr4_2x_simerr.txt --stats-file=stats.txt -c 'from multiprocessing.spawn import spawn_main; spawn_main(tracker_fd=7, pipe_handle=13)' --multiprocessing-fork

src/sim/mem_state.cc:443: info: Increasing stack size by one page.
src/sim/syscall_emul.hh:1121: warn: readlink() called on '/proc/self/exe' may yield unexpected results in various settings.
      Returning '/home/fdemirel/HPC_Lab_Proj/benchmarks/spmv/spmv-m5.x'
src/arch/arm/insts/pseudo.cc:174: warn: 	instruction 'bti' unimplemented
src/sim/mem_state.cc:443: info: Increasing stack size by one page.
src/sim/mem_state.cc:443: info: Increasing stack size by one page.
src/sim/mem_state.cc:443: info: Increasing stack size by one page.
src/sim/mem_state.cc:443: info: Increasing stack size by one page.
src/sim/mem_state.cc:443: info: Increasing stack size by one page.
src/sim/mem_state.cc:443: info: Increasing stack size by one page.
src/sim/mem_state.cc:443: info: Increasing stack size by one page.
Finished BFS.
Array SIZE      : 1000000 
Array LOOP      : 1 

----triad----
a[0]=7.00e+00. b[0]=2.00e+00. c[0]=1.00e+00.
Execution time: 2.858464 (ms) 
   Rate [MB/s]: 8396.1 
Global frequency set at 1000000000000 ticks per second
src/mem/dram_interface.cc:690: warn: DRAM device capacity (16384 Mbytes) does not match the address range assigned (512 Mbytes)
src/mem/dram_interface.cc:690: warn: DRAM device capacity (16384 Mbytes) does not match the address range assigned (512 Mbytes)
src/base/statistics.hh:279: warn: One of the stats is a legacy stat. Legacy stat is a stat that does not belong to any statistics::Group. Legacy stat is deprecated.
board.remote_gdb: Listening for connections on port 7002
gem5 Simulator System.  https://www.gem5.org
gem5 is copyrighted software; use the --copyright option for details.

gem5 version 25.0.0.1
gem5 compiled May  5 2026 12:55:05
gem5 started Jun 12 2026 16:53:25
gem5 executing on cn27.guoehi.cluster, pid 164591
command line: /home/fdemirel/HPC_Lab_Proj/stride/../../gem5/build/ALL/gem5.opt -s --outdir=results_stride_multisim --stdout-file=simple_triad_stride_deg16_dist32_l2_ddr4_2x_simout.txt --stderr-file=simple_triad_stride_deg16_dist32_l2_ddr4_2x_simerr.txt --stats-file=stats.txt -c 'from multiprocessing.spawn import spawn_main; spawn_main(tracker_fd=7, pipe_handle=13)' --multiprocessing-fork

src/sim/mem_state.cc:443: info: Increasing stack size by one page.
src/sim/syscall_emul.hh:1121: warn: readlink() called on '/proc/self/exe' may yield unexpected results in various settings.
      Returning '/home/fdemirel/HPC_Lab_Proj/benchmarks/simple_triad/simple_triad-m5.x'
Global frequency set at 1000000000000 ticks per second
src/mem/dram_interface.cc:690: warn: DRAM device capacity (16384 Mbytes) does not match the address range assigned (512 Mbytes)
src/mem/dram_interface.cc:690: warn: DRAM device capacity (16384 Mbytes) does not match the address range assigned (512 Mbytes)
src/base/statistics.hh:279: warn: One of the stats is a legacy stat. Legacy stat is a stat that does not belong to any statistics::Group. Legacy stat is deprecated.
board.remote_gdb: Listening for connections on port 7003
gem5 Simulator System.  https://www.gem5.org
gem5 is copyrighted software; use the --copyright option for details.

gem5 version 25.0.0.1
gem5 compiled May  5 2026 12:55:05
gem5 started Jun 12 2026 16:53:30
gem5 executing on cn27.guoehi.cluster, pid 164592
command line: /home/fdemirel/HPC_Lab_Proj/stride/../../gem5/build/ALL/gem5.opt -s --outdir=results_stride_multisim --stdout-file=bfs_stride_deg4_dist32_l2_ddr4_2x_simout.txt --stderr-file=bfs_stride_deg4_dist32_l2_ddr4_2x_simerr.txt --stats-file=stats.txt -c 'from multiprocessing.spawn import spawn_main; spawn_main(tracker_fd=7, pipe_handle=13)' --multiprocessing-fork

src/sim/mem_state.cc:443: info: Increasing stack size by one page.
src/sim/syscall_emul.hh:1121: warn: readlink() called on '/proc/self/exe' may yield unexpected results in various settings.
      Returning '/home/fdemirel/HPC_Lab_Proj/benchmarks/bfs/bfs-m5.x'
src/arch/arm/insts/pseudo.cc:174: warn: 	instruction 'bti' unimplemented
Beginning BFS ...
----spmv----
N_ROWS          : 8192 
N_COLS          : 65536 
NNZ             : 524155 
Execution time: 6.954581 (ms) 
Global frequency set at 1000000000000 ticks per second
src/mem/dram_interface.cc:690: warn: DRAM device capacity (16384 Mbytes) does not match the address range assigned (1024 Mbytes)
src/base/statistics.hh:279: warn: One of the stats is a legacy stat. Legacy stat is a stat that does not belong to any statistics::Group. Legacy stat is deprecated.
board.remote_gdb: Listening for connections on port 7000
gem5 Simulator System.  https://www.gem5.org
gem5 is copyrighted software; use the --copyright option for details.

gem5 version 25.0.0.1
gem5 compiled May  5 2026 12:55:05
gem5 started Jun 12 2026 16:54:14
gem5 executing on cn27.guoehi.cluster, pid 164598
command line: /home/fdemirel/HPC_Lab_Proj/stride/../../gem5/build/ALL/gem5.opt -s --outdir=results_stride_multisim --stdout-file=quick_stride_deg16_dist8_l2_ddr4_1x_simout.txt --stderr-file=quick_stride_deg16_dist8_l2_ddr4_1x_simerr.txt --stats-file=stats.txt -c 'from multiprocessing.spawn import spawn_main; spawn_main(tracker_fd=7, pipe_handle=13)' --multiprocessing-fork

src/sim/mem_state.cc:443: info: Increasing stack size by one page.
src/sim/syscall_emul.hh:1121: warn: readlink() called on '/proc/self/exe' may yield unexpected results in various settings.
      Returning '/home/fdemirel/HPC_Lab_Proj/benchmarks/quick/quick-m5.x'
src/arch/arm/insts/pseudo.cc:174: warn: 	instruction 'bti' unimplemented

----merge----
Execution time: 10.640444 (ms) 
random_elem:0, /home/fdemirel/HPC_Lab_Proj/benchmarks/merge/merge-m5.x
Array SIZE      : 1000000 
Array LOOP      : 1 

----triad----
a[0]=7.00e+00. b[0]=2.00e+00. c[0]=1.00e+00.
Execution time: 2.089166 (ms) 
   Rate [MB/s]: 11487.8 
Global frequency set at 1000000000000 ticks per second
src/mem/dram_interface.cc:690: warn: DRAM device capacity (16384 Mbytes) does not match the address range assigned (1024 Mbytes)
src/base/statistics.hh:279: warn: One of the stats is a legacy stat. Legacy stat is a stat that does not belong to any statistics::Group. Legacy stat is deprecated.
board.remote_gdb: Listening for connections on port 7001
gem5 Simulator System.  https://www.gem5.org
gem5 is copyrighted software; use the --copyright option for details.

gem5 version 25.0.0.1
gem5 compiled May  5 2026 12:55:05
gem5 started Jun 12 2026 16:55:14
gem5 executing on cn27.guoehi.cluster, pid 164605
command line: /home/fdemirel/HPC_Lab_Proj/stride/../../gem5/build/ALL/gem5.opt -s --outdir=results_stride_multisim --stdout-file=matmult_stride_deg8_dist32_l2_ddr4_1x_simout.txt --stderr-file=matmult_stride_deg8_dist32_l2_ddr4_1x_simerr.txt --stats-file=stats.txt -c 'from multiprocessing.spawn import spawn_main; spawn_main(tracker_fd=7, pipe_handle=13)' --multiprocessing-fork

src/sim/mem_state.cc:443: info: Increasing stack size by one page.
src/sim/syscall_emul.hh:1121: warn: readlink() called on '/proc/self/exe' may yield unexpected results in various settings.
      Returning '/home/fdemirel/HPC_Lab_Proj/benchmarks/matmult/matmult-m5.x'
src/arch/arm/insts/pseudo.cc:174: warn: 	instruction 'bti' unimplemented
Global frequency set at 1000000000000 ticks per second
src/mem/dram_interface.cc:690: warn: DRAM device capacity (16384 Mbytes) does not match the address range assigned (1024 Mbytes)
src/base/statistics.hh:279: warn: One of the stats is a legacy stat. Legacy stat is a stat that does not belong to any statistics::Group. Legacy stat is deprecated.
board.remote_gdb: Listening for connections on port 7002
gem5 Simulator System.  https://www.gem5.org
gem5 is copyrighted software; use the --copyright option for details.

gem5 version 25.0.0.1
gem5 compiled May  5 2026 12:55:05
gem5 started Jun 12 2026 16:55:16
gem5 executing on cn27.guoehi.cluster, pid 164606
command line: /home/fdemirel/HPC_Lab_Proj/stride/../../gem5/build/ALL/gem5.opt -s --outdir=results_stride_multisim --stdout-file=simple_triad_stride_deg8_dist16_l2_ddr4_1x_simout.txt --stderr-file=simple_triad_stride_deg8_dist16_l2_ddr4_1x_simerr.txt --stats-file=stats.txt -c 'from multiprocessing.spawn import spawn_main; spawn_main(tracker_fd=7, pipe_handle=13)' --multiprocessing-fork

src/sim/mem_state.cc:443: info: Increasing stack size by one page.
src/sim/syscall_emul.hh:1121: warn: readlink() called on '/proc/self/exe' may yield unexpected results in various settings.
      Returning '/home/fdemirel/HPC_Lab_Proj/benchmarks/simple_triad/simple_triad-m5.x'

----MATRIX MULTIPLICATION----

----Computation starts----
Loop 0 ... 
argc = 2, A[argc][argc] = 0.500000, B[argc][argc] = 0.500000, C[argc][argc] = 0.500000 
Execution time: 1.249029 (ms) 
Global frequency set at 1000000000000 ticks per second
src/mem/dram_interface.cc:690: warn: DRAM device capacity (16384 Mbytes) does not match the address range assigned (1024 Mbytes)
src/base/statistics.hh:279: warn: One of the stats is a legacy stat. Legacy stat is a stat that does not belong to any statistics::Group. Legacy stat is deprecated.
board.remote_gdb: Listening for connections on port 7001
gem5 Simulator System.  https://www.gem5.org
gem5 is copyrighted software; use the --copyright option for details.

gem5 version 25.0.0.1
gem5 compiled May  5 2026 12:55:05
gem5 started Jun 12 2026 16:56:25
gem5 executing on cn27.guoehi.cluster, pid 164613
command line: /home/fdemirel/HPC_Lab_Proj/stride/../../gem5/build/ALL/gem5.opt -s --outdir=results_stride_multisim --stdout-file=merge_stride_deg16_dist4_l2_ddr4_1x_simout.txt --stderr-file=merge_stride_deg16_dist4_l2_ddr4_1x_simerr.txt --stats-file=stats.txt -c 'from multiprocessing.spawn import spawn_main; spawn_main(tracker_fd=7, pipe_handle=13)' --multiprocessing-fork

src/sim/mem_state.cc:443: info: Increasing stack size by one page.
src/sim/syscall_emul.hh:1121: warn: readlink() called on '/proc/self/exe' may yield unexpected results in various settings.
      Returning '/home/fdemirel/HPC_Lab_Proj/benchmarks/merge/merge-m5.x'
src/arch/arm/insts/pseudo.cc:174: warn: 	instruction 'bti' unimplemented
Array SIZE      : 1000000 
Array LOOP      : 1 

----triad----
a[0]=7.00e+00. b[0]=2.00e+00. c[0]=1.00e+00.
Execution time: 2.431174 (ms) 
   Rate [MB/s]: 9871.8 
Global frequency set at 1000000000000 ticks per second
src/mem/dram_interface.cc:690: warn: DRAM device capacity (16384 Mbytes) does not match the address range assigned (1024 Mbytes)
src/base/statistics.hh:279: warn: One of the stats is a legacy stat. Legacy stat is a stat that does not belong to any statistics::Group. Legacy stat is deprecated.
board.remote_gdb: Listening for connections on port 7002
gem5 Simulator System.  https://www.gem5.org
gem5 is copyrighted software; use the --copyright option for details.

gem5 version 25.0.0.1
gem5 compiled May  5 2026 12:55:05
gem5 started Jun 12 2026 16:57:06
gem5 executing on cn27.guoehi.cluster, pid 164617
command line: /home/fdemirel/HPC_Lab_Proj/stride/../../gem5/build/ALL/gem5.opt -s --outdir=results_stride_multisim --stdout-file=spmv_stride_deg16_dist1_l2_ddr4_1x_simout.txt --stderr-file=spmv_stride_deg16_dist1_l2_ddr4_1x_simerr.txt --stats-file=stats.txt -c 'from multiprocessing.spawn import spawn_main; spawn_main(tracker_fd=7, pipe_handle=13)' --multiprocessing-fork

src/sim/mem_state.cc:443: info: Increasing stack size by one page.
src/sim/syscall_emul.hh:1121: warn: readlink() called on '/proc/self/exe' may yield unexpected results in various settings.
      Returning '/home/fdemirel/HPC_Lab_Proj/benchmarks/spmv/spmv-m5.x'
src/arch/arm/insts/pseudo.cc:174: warn: 	instruction 'bti' unimplemented
src/sim/mem_state.cc:443: info: Increasing stack size by one page.
src/sim/mem_state.cc:443: info: Increasing stack size by one page.
src/sim/mem_state.cc:443: info: Increasing stack size by one page.
src/sim/mem_state.cc:443: info: Increasing stack size by one page.
src/sim/mem_state.cc:443: info: Increasing stack size by one page.
src/sim/mem_state.cc:443: info: Increasing stack size by one page.
src/sim/mem_state.cc:443: info: Increasing stack size by one page.
----quick sort----
Array SIZE      : 131072 
random_elem:0, /home/fdemirel/HPC_Lab_Proj/benchmarks/quick/quick-m5.x
Execution time: 8.758462 (ms) 
Global frequency set at 1000000000000 ticks per second
src/mem/dram_interface.cc:690: warn: DRAM device capacity (16384 Mbytes) does not match the address range assigned (512 Mbytes)
src/mem/dram_interface.cc:690: warn: DRAM device capacity (16384 Mbytes) does not match the address range assigned (512 Mbytes)
src/base/statistics.hh:279: warn: One of the stats is a legacy stat. Legacy stat is a stat that does not belong to any statistics::Group. Legacy stat is deprecated.
board.remote_gdb: Listening for connections on port 7000
gem5 Simulator System.  https://www.gem5.org
gem5 is copyrighted software; use the --copyright option for details.

gem5 version 25.0.0.1
gem5 compiled May  5 2026 12:55:05
gem5 started Jun 12 2026 16:58:32
gem5 executing on cn27.guoehi.cluster, pid 164624
command line: /home/fdemirel/HPC_Lab_Proj/stride/../../gem5/build/ALL/gem5.opt -s --outdir=results_stride_multisim --stdout-file=quick_stride_deg1_dist8_l2_ddr4_2x_simout.txt --stderr-file=quick_stride_deg1_dist8_l2_ddr4_2x_simerr.txt --stats-file=stats.txt -c 'from multiprocessing.spawn import spawn_main; spawn_main(tracker_fd=7, pipe_handle=13)' --multiprocessing-fork

src/sim/mem_state.cc:443: info: Increasing stack size by one page.
src/sim/syscall_emul.hh:1121: warn: readlink() called on '/proc/self/exe' may yield unexpected results in various settings.
      Returning '/home/fdemirel/HPC_Lab_Proj/benchmarks/quick/quick-m5.x'
src/arch/arm/insts/pseudo.cc:174: warn: 	instruction 'bti' unimplemented
----spmv----
N_ROWS          : 8192 
N_COLS          : 65536 
NNZ             : 524155 
Execution time: 7.097484 (ms) 
Finished BFS.
Global frequency set at 1000000000000 ticks per second
src/mem/dram_interface.cc:690: warn: DRAM device capacity (16384 Mbytes) does not match the address range assigned (512 Mbytes)
src/mem/dram_interface.cc:690: warn: DRAM device capacity (16384 Mbytes) does not match the address range assigned (512 Mbytes)
src/base/statistics.hh:279: warn: One of the stats is a legacy stat. Legacy stat is a stat that does not belong to any statistics::Group. Legacy stat is deprecated.
board.remote_gdb: Listening for connections on port 7002
gem5 Simulator System.  https://www.gem5.org
gem5 is copyrighted software; use the --copyright option for details.

gem5 version 25.0.0.1
gem5 compiled May  5 2026 12:55:05
gem5 started Jun 12 2026 16:59:15
gem5 executing on cn27.guoehi.cluster, pid 164627
command line: /home/fdemirel/HPC_Lab_Proj/stride/../../gem5/build/ALL/gem5.opt -s --outdir=results_stride_multisim --stdout-file=simple_triad_stride_deg1_dist1_l2_ddr4_2x_simout.txt --stderr-file=simple_triad_stride_deg1_dist1_l2_ddr4_2x_simerr.txt --stats-file=stats.txt -c 'from multiprocessing.spawn import spawn_main; spawn_main(tracker_fd=7, pipe_handle=13)' --multiprocessing-fork

src/sim/mem_state.cc:443: info: Increasing stack size by one page.
src/sim/syscall_emul.hh:1121: warn: readlink() called on '/proc/self/exe' may yield unexpected results in various settings.
      Returning '/home/fdemirel/HPC_Lab_Proj/benchmarks/simple_triad/simple_triad-m5.x'
Global frequency set at 1000000000000 ticks per second
src/mem/dram_interface.cc:690: warn: DRAM device capacity (16384 Mbytes) does not match the address range assigned (512 Mbytes)
src/mem/dram_interface.cc:690: warn: DRAM device capacity (16384 Mbytes) does not match the address range assigned (512 Mbytes)
src/base/statistics.hh:279: warn: One of the stats is a legacy stat. Legacy stat is a stat that does not belong to any statistics::Group. Legacy stat is deprecated.
board.remote_gdb: Listening for connections on port 7003
gem5 Simulator System.  https://www.gem5.org
gem5 is copyrighted software; use the --copyright option for details.

gem5 version 25.0.0.1
gem5 compiled May  5 2026 12:55:05
gem5 started Jun 12 2026 16:59:31
gem5 executing on cn27.guoehi.cluster, pid 164628
command line: /home/fdemirel/HPC_Lab_Proj/stride/../../gem5/build/ALL/gem5.opt -s --outdir=results_stride_multisim --stdout-file=bfs_stride_deg16_dist1_l1d_ddr4_2x_simout.txt --stderr-file=bfs_stride_deg16_dist1_l1d_ddr4_2x_simerr.txt --stats-file=stats.txt -c 'from multiprocessing.spawn import spawn_main; spawn_main(tracker_fd=7, pipe_handle=13)' --multiprocessing-fork

src/sim/mem_state.cc:443: info: Increasing stack size by one page.
src/sim/syscall_emul.hh:1121: warn: readlink() called on '/proc/self/exe' may yield unexpected results in various settings.
      Returning '/home/fdemirel/HPC_Lab_Proj/benchmarks/bfs/bfs-m5.x'
src/arch/arm/insts/pseudo.cc:174: warn: 	instruction 'bti' unimplemented
Beginning BFS ...
Array SIZE      : 1000000 
Array LOOP      : 1 

----triad----
a[0]=7.00e+00. b[0]=2.00e+00. c[0]=1.00e+00.
Execution time: 1.869989 (ms) 
   Rate [MB/s]: 12834.3 
Global frequency set at 1000000000000 ticks per second
src/mem/dram_interface.cc:690: warn: DRAM device capacity (16384 Mbytes) does not match the address range assigned (512 Mbytes)
src/mem/dram_interface.cc:690: warn: DRAM device capacity (16384 Mbytes) does not match the address range assigned (512 Mbytes)
src/base/statistics.hh:279: warn: One of the stats is a legacy stat. Legacy stat is a stat that does not belong to any statistics::Group. Legacy stat is deprecated.
board.remote_gdb: Listening for connections on port 7002
gem5 Simulator System.  https://www.gem5.org
gem5 is copyrighted software; use the --copyright option for details.

gem5 version 25.0.0.1
gem5 compiled May  5 2026 12:55:05
gem5 started Jun 12 2026 17:01:06
gem5 executing on cn27.guoehi.cluster, pid 164642
command line: /home/fdemirel/HPC_Lab_Proj/stride/../../gem5/build/ALL/gem5.opt -s --outdir=results_stride_multisim --stdout-file=simple_triad_stride_deg4_dist4_l1d_ddr4_2x_simout.txt --stderr-file=simple_triad_stride_deg4_dist4_l1d_ddr4_2x_simerr.txt --stats-file=stats.txt -c 'from multiprocessing.spawn import spawn_main; spawn_main(tracker_fd=7, pipe_handle=13)' --multiprocessing-fork

src/sim/mem_state.cc:443: info: Increasing stack size by one page.
src/sim/syscall_emul.hh:1121: warn: readlink() called on '/proc/self/exe' may yield unexpected results in various settings.
      Returning '/home/fdemirel/HPC_Lab_Proj/benchmarks/simple_triad/simple_triad-m5.x'

----merge----
Execution time: 10.342107 (ms) 
random_elem:0, /home/fdemirel/HPC_Lab_Proj/benchmarks/merge/merge-m5.x
Global frequency set at 1000000000000 ticks per second
src/mem/dram_interface.cc:690: warn: DRAM device capacity (16384 Mbytes) does not match the address range assigned (1024 Mbytes)
src/base/statistics.hh:279: warn: One of the stats is a legacy stat. Legacy stat is a stat that does not belong to any statistics::Group. Legacy stat is deprecated.
board.remote_gdb: Listening for connections on port 7001
gem5 Simulator System.  https://www.gem5.org
gem5 is copyrighted software; use the --copyright option for details.

gem5 version 25.0.0.1
gem5 compiled May  5 2026 12:55:05
gem5 started Jun 12 2026 17:01:27
gem5 executing on cn27.guoehi.cluster, pid 164645
command line: /home/fdemirel/HPC_Lab_Proj/stride/../../gem5/build/ALL/gem5.opt -s --outdir=results_stride_multisim --stdout-file=bfs_stride_deg16_dist16_l2_ddr4_1x_simout.txt --stderr-file=bfs_stride_deg16_dist16_l2_ddr4_1x_simerr.txt --stats-file=stats.txt -c 'from multiprocessing.spawn import spawn_main; spawn_main(tracker_fd=7, pipe_handle=13)' --multiprocessing-fork

src/sim/mem_state.cc:443: info: Increasing stack size by one page.
src/sim/syscall_emul.hh:1121: warn: readlink() called on '/proc/self/exe' may yield unexpected results in various settings.
      Returning '/home/fdemirel/HPC_Lab_Proj/benchmarks/bfs/bfs-m5.x'
src/arch/arm/insts/pseudo.cc:174: warn: 	instruction 'bti' unimplemented
Beginning BFS ...
----quick sort----
Array SIZE      : 131072 
random_elem:0, /home/fdemirel/HPC_Lab_Proj/benchmarks/quick/quick-m5.x
Execution time: 8.691757 (ms) 
Array SIZE      : 1000000 
Array LOOP      : 1 

----triad----
a[0]=7.00e+00. b[0]=2.00e+00. c[0]=1.00e+00.
Execution time: 1.895605 (ms) 
   Rate [MB/s]: 12660.9 
Global frequency set at 1000000000000 ticks per second
src/mem/dram_interface.cc:690: warn: DRAM device capacity (16384 Mbytes) does not match the address range assigned (1024 Mbytes)
src/base/statistics.hh:279: warn: One of the stats is a legacy stat. Legacy stat is a stat that does not belong to any statistics::Group. Legacy stat is deprecated.
board.remote_gdb: Listening for connections on port 7000
gem5 Simulator System.  https://www.gem5.org
gem5 is copyrighted software; use the --copyright option for details.

gem5 version 25.0.0.1
gem5 compiled May  5 2026 12:55:05
gem5 started Jun 12 2026 17:02:49
gem5 executing on cn27.guoehi.cluster, pid 164653
command line: /home/fdemirel/HPC_Lab_Proj/stride/../../gem5/build/ALL/gem5.opt -s --outdir=results_stride_multisim --stdout-file=quick_stride_deg1_dist32_l1d_ddr4_1x_simout.txt --stderr-file=quick_stride_deg1_dist32_l1d_ddr4_1x_simerr.txt --stats-file=stats.txt -c 'from multiprocessing.spawn import spawn_main; spawn_main(tracker_fd=7, pipe_handle=13)' --multiprocessing-fork

src/sim/mem_state.cc:443: info: Increasing stack size by one page.
src/sim/syscall_emul.hh:1121: warn: readlink() called on '/proc/self/exe' may yield unexpected results in various settings.
      Returning '/home/fdemirel/HPC_Lab_Proj/benchmarks/quick/quick-m5.x'
src/arch/arm/insts/pseudo.cc:174: warn: 	instruction 'bti' unimplemented
Global frequency set at 1000000000000 ticks per second
src/mem/dram_interface.cc:690: warn: DRAM device capacity (16384 Mbytes) does not match the address range assigned (1024 Mbytes)
src/base/statistics.hh:279: warn: One of the stats is a legacy stat. Legacy stat is a stat that does not belong to any statistics::Group. Legacy stat is deprecated.
board.remote_gdb: Listening for connections on port 7002
gem5 Simulator System.  https://www.gem5.org
gem5 is copyrighted software; use the --copyright option for details.

gem5 version 25.0.0.1
gem5 compiled May  5 2026 12:55:05
gem5 started Jun 12 2026 17:02:59
gem5 executing on cn27.guoehi.cluster, pid 164654
command line: /home/fdemirel/HPC_Lab_Proj/stride/../../gem5/build/ALL/gem5.opt -s --outdir=results_stride_multisim --stdout-file=bfs_stride_deg4_dist1_l1d_ddr4_1x_simout.txt --stderr-file=bfs_stride_deg4_dist1_l1d_ddr4_1x_simerr.txt --stats-file=stats.txt -c 'from multiprocessing.spawn import spawn_main; spawn_main(tracker_fd=7, pipe_handle=13)' --multiprocessing-fork

src/sim/mem_state.cc:443: info: Increasing stack size by one page.
src/sim/syscall_emul.hh:1121: warn: readlink() called on '/proc/self/exe' may yield unexpected results in various settings.
      Returning '/home/fdemirel/HPC_Lab_Proj/benchmarks/bfs/bfs-m5.x'
src/arch/arm/insts/pseudo.cc:174: warn: 	instruction 'bti' unimplemented
Beginning BFS ...
Finished BFS.
Global frequency set at 1000000000000 ticks per second
src/mem/dram_interface.cc:690: warn: DRAM device capacity (16384 Mbytes) does not match the address range assigned (512 Mbytes)
src/mem/dram_interface.cc:690: warn: DRAM device capacity (16384 Mbytes) does not match the address range assigned (512 Mbytes)
src/base/statistics.hh:279: warn: One of the stats is a legacy stat. Legacy stat is a stat that does not belong to any statistics::Group. Legacy stat is deprecated.
board.remote_gdb: Listening for connections on port 7003
gem5 Simulator System.  https://www.gem5.org
gem5 is copyrighted software; use the --copyright option for details.

gem5 version 25.0.0.1
gem5 compiled May  5 2026 12:55:05
gem5 started Jun 12 2026 17:05:17
gem5 executing on cn27.guoehi.cluster, pid 164664
command line: /home/fdemirel/HPC_Lab_Proj/stride/../../gem5/build/ALL/gem5.opt -s --outdir=results_stride_multisim --stdout-file=merge_stride_deg8_dist32_l2_ddr4_2x_simout.txt --stderr-file=merge_stride_deg8_dist32_l2_ddr4_2x_simerr.txt --stats-file=stats.txt -c 'from multiprocessing.spawn import spawn_main; spawn_main(tracker_fd=7, pipe_handle=13)' --multiprocessing-fork

src/sim/mem_state.cc:443: info: Increasing stack size by one page.
src/sim/syscall_emul.hh:1121: warn: readlink() called on '/proc/self/exe' may yield unexpected results in various settings.
      Returning '/home/fdemirel/HPC_Lab_Proj/benchmarks/merge/merge-m5.x'
src/arch/arm/insts/pseudo.cc:174: warn: 	instruction 'bti' unimplemented
----quick sort----
Array SIZE      : 131072 
random_elem:0, /home/fdemirel/HPC_Lab_Proj/benchmarks/quick/quick-m5.x
Execution time: 9.048228 (ms) 
Global frequency set at 1000000000000 ticks per second
src/mem/dram_interface.cc:690: warn: DRAM device capacity (16384 Mbytes) does not match the address range assigned (1024 Mbytes)
src/base/statistics.hh:279: warn: One of the stats is a legacy stat. Legacy stat is a stat that does not belong to any statistics::Group. Legacy stat is deprecated.
board.remote_gdb: Listening for connections on port 7000
gem5 Simulator System.  https://www.gem5.org
gem5 is copyrighted software; use the --copyright option for details.

gem5 version 25.0.0.1
gem5 compiled May  5 2026 12:55:05
gem5 started Jun 12 2026 17:07:01
gem5 executing on cn27.guoehi.cluster, pid 164670
command line: /home/fdemirel/HPC_Lab_Proj/stride/../../gem5/build/ALL/gem5.opt -s --outdir=results_stride_multisim --stdout-file=simple_triad_stride_deg1_dist1_l2_ddr4_1x_simout.txt --stderr-file=simple_triad_stride_deg1_dist1_l2_ddr4_1x_simerr.txt --stats-file=stats.txt -c 'from multiprocessing.spawn import spawn_main; spawn_main(tracker_fd=7, pipe_handle=13)' --multiprocessing-fork

src/sim/mem_state.cc:443: info: Increasing stack size by one page.
src/sim/syscall_emul.hh:1121: warn: readlink() called on '/proc/self/exe' may yield unexpected results in various settings.
      Returning '/home/fdemirel/HPC_Lab_Proj/benchmarks/simple_triad/simple_triad-m5.x'
Finished BFS.
Global frequency set at 1000000000000 ticks per second
src/mem/dram_interface.cc:690: warn: DRAM device capacity (16384 Mbytes) does not match the address range assigned (1024 Mbytes)
src/base/statistics.hh:279: warn: One of the stats is a legacy stat. Legacy stat is a stat that does not belong to any statistics::Group. Legacy stat is deprecated.
board.remote_gdb: Listening for connections on port 7001
gem5 Simulator System.  https://www.gem5.org
gem5 is copyrighted software; use the --copyright option for details.

gem5 version 25.0.0.1
gem5 compiled May  5 2026 12:55:05
gem5 started Jun 12 2026 17:07:29
gem5 executing on cn27.guoehi.cluster, pid 164675
command line: /home/fdemirel/HPC_Lab_Proj/stride/../../gem5/build/ALL/gem5.opt -s --outdir=results_stride_multisim --stdout-file=matmult_stride_deg1_dist4_l2_ddr4_1x_simout.txt --stderr-file=matmult_stride_deg1_dist4_l2_ddr4_1x_simerr.txt --stats-file=stats.txt -c 'from multiprocessing.spawn import spawn_main; spawn_main(tracker_fd=7, pipe_handle=13)' --multiprocessing-fork

src/sim/mem_state.cc:443: info: Increasing stack size by one page.
src/sim/syscall_emul.hh:1121: warn: readlink() called on '/proc/self/exe' may yield unexpected results in various settings.
      Returning '/home/fdemirel/HPC_Lab_Proj/benchmarks/matmult/matmult-m5.x'
src/arch/arm/insts/pseudo.cc:174: warn: 	instruction 'bti' unimplemented

----MATRIX MULTIPLICATION----

----Computation starts----
Loop 0 ... 
argc = 2, A[argc][argc] = 0.500000, B[argc][argc] = 0.500000, C[argc][argc] = 0.500000 
Execution time: 1.203560 (ms) 
Array SIZE      : 1000000 
Array LOOP      : 1 

----triad----
a[0]=7.00e+00. b[0]=2.00e+00. c[0]=1.00e+00.
Execution time: 2.646513 (ms) 
   Rate [MB/s]: 9068.5 
Finished BFS.
Global frequency set at 1000000000000 ticks per second
src/mem/dram_interface.cc:690: warn: DRAM device capacity (16384 Mbytes) does not match the address range assigned (512 Mbytes)
src/mem/dram_interface.cc:690: warn: DRAM device capacity (16384 Mbytes) does not match the address range assigned (512 Mbytes)
src/base/statistics.hh:279: warn: One of the stats is a legacy stat. Legacy stat is a stat that does not belong to any statistics::Group. Legacy stat is deprecated.
board.remote_gdb: Listening for connections on port 7001
gem5 Simulator System.  https://www.gem5.org
gem5 is copyrighted software; use the --copyright option for details.

gem5 version 25.0.0.1
gem5 compiled May  5 2026 12:55:05
gem5 started Jun 12 2026 17:08:40
gem5 executing on cn27.guoehi.cluster, pid 164680
command line: /home/fdemirel/HPC_Lab_Proj/stride/../../gem5/build/ALL/gem5.opt -s --outdir=results_stride_multisim --stdout-file=bfs_stride_deg16_dist1_l2_ddr4_2x_simout.txt --stderr-file=bfs_stride_deg16_dist1_l2_ddr4_2x_simerr.txt --stats-file=stats.txt -c 'from multiprocessing.spawn import spawn_main; spawn_main(tracker_fd=7, pipe_handle=13)' --multiprocessing-fork

src/sim/mem_state.cc:443: info: Increasing stack size by one page.
src/sim/syscall_emul.hh:1121: warn: readlink() called on '/proc/self/exe' may yield unexpected results in various settings.
      Returning '/home/fdemirel/HPC_Lab_Proj/benchmarks/bfs/bfs-m5.x'
src/arch/arm/insts/pseudo.cc:174: warn: 	instruction 'bti' unimplemented
Beginning BFS ...
Global frequency set at 1000000000000 ticks per second
Global frequency set at 1000000000000 ticks per second
src/mem/dram_interface.cc:690: warn: DRAM device capacity (16384 Mbytes) does not match the address range assigned (1024 Mbytes)
src/base/statistics.hh:279: warn: One of the stats is a legacy stat. Legacy stat is a stat that does not belong to any statistics::Group. Legacy stat is deprecated.
board.remote_gdb: Listening for connections on port 7000
gem5 Simulator System.  https://www.gem5.org
gem5 is copyrighted software; use the --copyright option for details.

gem5 version 25.0.0.1
gem5 compiled May  5 2026 12:55:05
gem5 started Jun 12 2026 17:08:58
gem5 executing on cn27.guoehi.cluster, pid 164683
command line: /home/fdemirel/HPC_Lab_Proj/stride/../../gem5/build/ALL/gem5.opt -s --outdir=results_stride_multisim --stdout-file=merge_stride_deg1_dist16_l2_ddr4_1x_simout.txt --stderr-file=merge_stride_deg1_dist16_l2_ddr4_1x_simerr.txt --stats-file=stats.txt -c 'from multiprocessing.spawn import spawn_main; spawn_main(tracker_fd=7, pipe_handle=13)' --multiprocessing-fork

src/sim/mem_state.cc:443: info: Increasing stack size by one page.
src/sim/syscall_emul.hh:1121: warn: readlink() called on '/proc/self/exe' may yield unexpected results in various settings.
      Returning '/home/fdemirel/HPC_Lab_Proj/benchmarks/merge/merge-m5.x'
src/arch/arm/insts/pseudo.cc:174: warn: 	instruction 'bti' unimplemented
src/mem/dram_interface.cc:690: warn: DRAM device capacity (16384 Mbytes) does not match the address range assigned (1024 Mbytes)
src/base/statistics.hh:279: warn: One of the stats is a legacy stat. Legacy stat is a stat that does not belong to any statistics::Group. Legacy stat is deprecated.
board.remote_gdb: Listening for connections on port 7002
gem5 Simulator System.  https://www.gem5.org
gem5 is copyrighted software; use the --copyright option for details.

gem5 version 25.0.0.1
gem5 compiled May  5 2026 12:55:05
gem5 started Jun 12 2026 17:08:59
gem5 executing on cn27.guoehi.cluster, pid 164684
command line: /home/fdemirel/HPC_Lab_Proj/stride/../../gem5/build/ALL/gem5.opt -s --outdir=results_stride_multisim --stdout-file=bfs_stride_deg4_dist1_l2_ddr4_1x_simout.txt --stderr-file=bfs_stride_deg4_dist1_l2_ddr4_1x_simerr.txt --stats-file=stats.txt -c 'from multiprocessing.spawn import spawn_main; spawn_main(tracker_fd=7, pipe_handle=13)' --multiprocessing-fork

src/sim/mem_state.cc:443: info: Increasing stack size by one page.
src/sim/syscall_emul.hh:1121: warn: readlink() called on '/proc/self/exe' may yield unexpected results in various settings.
      Returning '/home/fdemirel/HPC_Lab_Proj/benchmarks/bfs/bfs-m5.x'
src/arch/arm/insts/pseudo.cc:174: warn: 	instruction 'bti' unimplemented
Beginning BFS ...

----merge----
Execution time: 10.923665 (ms) 
random_elem:0, /home/fdemirel/HPC_Lab_Proj/benchmarks/merge/merge-m5.x
Global frequency set at 1000000000000 ticks per second
src/mem/dram_interface.cc:690: warn: DRAM device capacity (16384 Mbytes) does not match the address range assigned (512 Mbytes)
src/mem/dram_interface.cc:690: warn: DRAM device capacity (16384 Mbytes) does not match the address range assigned (512 Mbytes)
src/base/statistics.hh:279: warn: One of the stats is a legacy stat. Legacy stat is a stat that does not belong to any statistics::Group. Legacy stat is deprecated.
board.remote_gdb: Listening for connections on port 7003
gem5 Simulator System.  https://www.gem5.org
gem5 is copyrighted software; use the --copyright option for details.

gem5 version 25.0.0.1
gem5 compiled May  5 2026 12:55:05
gem5 started Jun 12 2026 17:10:31
gem5 executing on cn27.guoehi.cluster, pid 164696
command line: /home/fdemirel/HPC_Lab_Proj/stride/../../gem5/build/ALL/gem5.opt -s --outdir=results_stride_multisim --stdout-file=merge_stride_deg32_dist1_l1d_ddr4_2x_simout.txt --stderr-file=merge_stride_deg32_dist1_l1d_ddr4_2x_simerr.txt --stats-file=stats.txt -c 'from multiprocessing.spawn import spawn_main; spawn_main(tracker_fd=7, pipe_handle=13)' --multiprocessing-fork

src/sim/mem_state.cc:443: info: Increasing stack size by one page.
src/sim/syscall_emul.hh:1121: warn: readlink() called on '/proc/self/exe' may yield unexpected results in various settings.
      Returning '/home/fdemirel/HPC_Lab_Proj/benchmarks/merge/merge-m5.x'
src/arch/arm/insts/pseudo.cc:174: warn: 	instruction 'bti' unimplemented

----merge----
Execution time: 10.758629 (ms) 
random_elem:0, /home/fdemirel/HPC_Lab_Proj/benchmarks/merge/merge-m5.x
Global frequency set at 1000000000000 ticks per second
src/mem/dram_interface.cc:690: warn: DRAM device capacity (16384 Mbytes) does not match the address range assigned (512 Mbytes)
src/mem/dram_interface.cc:690: warn: DRAM device capacity (16384 Mbytes) does not match the address range assigned (512 Mbytes)
src/base/statistics.hh:279: warn: One of the stats is a legacy stat. Legacy stat is a stat that does not belong to any statistics::Group. Legacy stat is deprecated.
board.remote_gdb: Listening for connections on port 7000
gem5 Simulator System.  https://www.gem5.org
gem5 is copyrighted software; use the --copyright option for details.

gem5 version 25.0.0.1
gem5 compiled May  5 2026 12:55:05
gem5 started Jun 12 2026 17:14:06
gem5 executing on cn27.guoehi.cluster, pid 164706
command line: /home/fdemirel/HPC_Lab_Proj/stride/../../gem5/build/ALL/gem5.opt -s --outdir=results_stride_multisim --stdout-file=quick_stride_deg4_dist16_l2_ddr4_2x_simout.txt --stderr-file=quick_stride_deg4_dist16_l2_ddr4_2x_simerr.txt --stats-file=stats.txt -c 'from multiprocessing.spawn import spawn_main; spawn_main(tracker_fd=7, pipe_handle=13)' --multiprocessing-fork

src/sim/mem_state.cc:443: info: Increasing stack size by one page.
src/sim/syscall_emul.hh:1121: warn: readlink() called on '/proc/self/exe' may yield unexpected results in various settings.
      Returning '/home/fdemirel/HPC_Lab_Proj/benchmarks/quick/quick-m5.x'
src/arch/arm/insts/pseudo.cc:174: warn: 	instruction 'bti' unimplemented
Finished BFS.
Finished BFS.
Global frequency set at 1000000000000 ticks per second
src/mem/dram_interface.cc:690: warn: DRAM device capacity (16384 Mbytes) does not match the address range assigned (512 Mbytes)
src/mem/dram_interface.cc:690: warn: DRAM device capacity (16384 Mbytes) does not match the address range assigned (512 Mbytes)
src/base/statistics.hh:279: warn: One of the stats is a legacy stat. Legacy stat is a stat that does not belong to any statistics::Group. Legacy stat is deprecated.
board.remote_gdb: Listening for connections on port 7001
gem5 Simulator System.  https://www.gem5.org
gem5 is copyrighted software; use the --copyright option for details.

gem5 version 25.0.0.1
gem5 compiled May  5 2026 12:55:05
gem5 started Jun 12 2026 17:14:38
gem5 executing on cn27.guoehi.cluster, pid 164709
command line: /home/fdemirel/HPC_Lab_Proj/stride/../../gem5/build/ALL/gem5.opt -s --outdir=results_stride_multisim --stdout-file=bfs_stride_deg32_dist4_l1d_ddr4_2x_simout.txt --stderr-file=bfs_stride_deg32_dist4_l1d_ddr4_2x_simerr.txt --stats-file=stats.txt -c 'from multiprocessing.spawn import spawn_main; spawn_main(tracker_fd=7, pipe_handle=13)' --multiprocessing-fork

src/sim/mem_state.cc:443: info: Increasing stack size by one page.
src/sim/syscall_emul.hh:1121: warn: readlink() called on '/proc/self/exe' may yield unexpected results in various settings.
      Returning '/home/fdemirel/HPC_Lab_Proj/benchmarks/bfs/bfs-m5.x'
src/arch/arm/insts/pseudo.cc:174: warn: 	instruction 'bti' unimplemented
Beginning BFS ...
Global frequency set at 1000000000000 ticks per second
src/mem/dram_interface.cc:690: warn: DRAM device capacity (16384 Mbytes) does not match the address range assigned (512 Mbytes)
src/mem/dram_interface.cc:690: warn: DRAM device capacity (16384 Mbytes) does not match the address range assigned (512 Mbytes)
src/base/statistics.hh:279: warn: One of the stats is a legacy stat. Legacy stat is a stat that does not belong to any statistics::Group. Legacy stat is deprecated.
board.remote_gdb: Listening for connections on port 7002
gem5 Simulator System.  https://www.gem5.org
gem5 is copyrighted software; use the --copyright option for details.

gem5 version 25.0.0.1
gem5 compiled May  5 2026 12:55:05
gem5 started Jun 12 2026 17:14:56
gem5 executing on cn27.guoehi.cluster, pid 164712
command line: /home/fdemirel/HPC_Lab_Proj/stride/../../gem5/build/ALL/gem5.opt -s --outdir=results_stride_multisim --stdout-file=spmv_stride_deg4_dist8_l2_ddr4_2x_simout.txt --stderr-file=spmv_stride_deg4_dist8_l2_ddr4_2x_simerr.txt --stats-file=stats.txt -c 'from multiprocessing.spawn import spawn_main; spawn_main(tracker_fd=7, pipe_handle=13)' --multiprocessing-fork

src/sim/mem_state.cc:443: info: Increasing stack size by one page.
src/sim/syscall_emul.hh:1121: warn: readlink() called on '/proc/self/exe' may yield unexpected results in various settings.
      Returning '/home/fdemirel/HPC_Lab_Proj/benchmarks/spmv/spmv-m5.x'
src/arch/arm/insts/pseudo.cc:174: warn: 	instruction 'bti' unimplemented
src/sim/mem_state.cc:443: info: Increasing stack size by one page.
src/sim/mem_state.cc:443: info: Increasing stack size by one page.
src/sim/mem_state.cc:443: info: Increasing stack size by one page.
src/sim/mem_state.cc:443: info: Increasing stack size by one page.
src/sim/mem_state.cc:443: info: Increasing stack size by one page.
src/sim/mem_state.cc:443: info: Increasing stack size by one page.
src/sim/mem_state.cc:443: info: Increasing stack size by one page.

----merge----
Execution time: 9.730313 (ms) 
random_elem:0, /home/fdemirel/HPC_Lab_Proj/benchmarks/merge/merge-m5.x
Global frequency set at 1000000000000 ticks per second
src/mem/dram_interface.cc:690: warn: DRAM device capacity (16384 Mbytes) does not match the address range assigned (512 Mbytes)
src/mem/dram_interface.cc:690: warn: DRAM device capacity (16384 Mbytes) does not match the address range assigned (512 Mbytes)
src/base/statistics.hh:279: warn: One of the stats is a legacy stat. Legacy stat is a stat that does not belong to any statistics::Group. Legacy stat is deprecated.
board.remote_gdb: Listening for connections on port 7003
gem5 Simulator System.  https://www.gem5.org
gem5 is copyrighted software; use the --copyright option for details.

gem5 version 25.0.0.1
gem5 compiled May  5 2026 12:55:05
gem5 started Jun 12 2026 17:15:33
gem5 executing on cn27.guoehi.cluster, pid 164717
command line: /home/fdemirel/HPC_Lab_Proj/stride/../../gem5/build/ALL/gem5.opt -s --outdir=results_stride_multisim --stdout-file=merge_stride_deg1_dist4_l1d_ddr4_2x_simout.txt --stderr-file=merge_stride_deg1_dist4_l1d_ddr4_2x_simerr.txt --stats-file=stats.txt -c 'from multiprocessing.spawn import spawn_main; spawn_main(tracker_fd=7, pipe_handle=13)' --multiprocessing-fork

src/sim/mem_state.cc:443: info: Increasing stack size by one page.
src/sim/syscall_emul.hh:1121: warn: readlink() called on '/proc/self/exe' may yield unexpected results in various settings.
      Returning '/home/fdemirel/HPC_Lab_Proj/benchmarks/merge/merge-m5.x'
src/arch/arm/insts/pseudo.cc:174: warn: 	instruction 'bti' unimplemented
----spmv----
N_ROWS          : 8192 
N_COLS          : 65536 
NNZ             : 524155 
Execution time: 7.038268 (ms) 
Global frequency set at 1000000000000 ticks per second
src/mem/dram_interface.cc:690: warn: DRAM device capacity (16384 Mbytes) does not match the address range assigned (1024 Mbytes)
src/base/statistics.hh:279: warn: One of the stats is a legacy stat. Legacy stat is a stat that does not belong to any statistics::Group. Legacy stat is deprecated.
board.remote_gdb: Listening for connections on port 7002
gem5 Simulator System.  https://www.gem5.org
gem5 is copyrighted software; use the --copyright option for details.

gem5 version 25.0.0.1
gem5 compiled May  5 2026 12:55:05
gem5 started Jun 12 2026 17:17:07
gem5 executing on cn27.guoehi.cluster, pid 164722
command line: /home/fdemirel/HPC_Lab_Proj/stride/../../gem5/build/ALL/gem5.opt -s --outdir=results_stride_multisim --stdout-file=spmv_stride_deg8_dist32_l1d_ddr4_1x_simout.txt --stderr-file=spmv_stride_deg8_dist32_l1d_ddr4_1x_simerr.txt --stats-file=stats.txt -c 'from multiprocessing.spawn import spawn_main; spawn_main(tracker_fd=7, pipe_handle=13)' --multiprocessing-fork

src/sim/mem_state.cc:443: info: Increasing stack size by one page.
src/sim/syscall_emul.hh:1121: warn: readlink() called on '/proc/self/exe' may yield unexpected results in various settings.
      Returning '/home/fdemirel/HPC_Lab_Proj/benchmarks/spmv/spmv-m5.x'
src/arch/arm/insts/pseudo.cc:174: warn: 	instruction 'bti' unimplemented
src/sim/mem_state.cc:443: info: Increasing stack size by one page.
src/sim/mem_state.cc:443: info: Increasing stack size by one page.
src/sim/mem_state.cc:443: info: Increasing stack size by one page.
src/sim/mem_state.cc:443: info: Increasing stack size by one page.
src/sim/mem_state.cc:443: info: Increasing stack size by one page.
src/sim/mem_state.cc:443: info: Increasing stack size by one page.
src/sim/mem_state.cc:443: info: Increasing stack size by one page.
----quick sort----
Array SIZE      : 131072 
random_elem:0, /home/fdemirel/HPC_Lab_Proj/benchmarks/quick/quick-m5.x
Execution time: 8.851634 (ms) 
Global frequency set at 1000000000000 ticks per second
src/mem/dram_interface.cc:690: warn: DRAM device capacity (16384 Mbytes) does not match the address range assigned (512 Mbytes)
src/mem/dram_interface.cc:690: warn: DRAM device capacity (16384 Mbytes) does not match the address range assigned (512 Mbytes)
src/base/statistics.hh:279: warn: One of the stats is a legacy stat. Legacy stat is a stat that does not belong to any statistics::Group. Legacy stat is deprecated.
board.remote_gdb: Listening for connections on port 7000
gem5 Simulator System.  https://www.gem5.org
gem5 is copyrighted software; use the --copyright option for details.

gem5 version 25.0.0.1
gem5 compiled May  5 2026 12:55:05
gem5 started Jun 12 2026 17:18:26
gem5 executing on cn27.guoehi.cluster, pid 164726
command line: /home/fdemirel/HPC_Lab_Proj/stride/../../gem5/build/ALL/gem5.opt -s --outdir=results_stride_multisim --stdout-file=matmult_stride_deg16_dist32_l2_ddr4_2x_simout.txt --stderr-file=matmult_stride_deg16_dist32_l2_ddr4_2x_simerr.txt --stats-file=stats.txt -c 'from multiprocessing.spawn import spawn_main; spawn_main(tracker_fd=7, pipe_handle=13)' --multiprocessing-fork

src/sim/mem_state.cc:443: info: Increasing stack size by one page.
src/sim/syscall_emul.hh:1121: warn: readlink() called on '/proc/self/exe' may yield unexpected results in various settings.
      Returning '/home/fdemirel/HPC_Lab_Proj/benchmarks/matmult/matmult-m5.x'
src/arch/arm/insts/pseudo.cc:174: warn: 	instruction 'bti' unimplemented
----spmv----
N_ROWS          : 8192 
N_COLS          : 65536 
NNZ             : 524155 
Execution time: 7.644596 (ms) 

----MATRIX MULTIPLICATION----

----Computation starts----
Loop 0 ... 
argc = 2, A[argc][argc] = 0.500000, B[argc][argc] = 0.500000, C[argc][argc] = 0.500000 
Execution time: 1.241414 (ms) 
Global frequency set at 1000000000000 ticks per second
src/mem/dram_interface.cc:690: warn: DRAM device capacity (16384 Mbytes) does not match the address range assigned (1024 Mbytes)
src/base/statistics.hh:279: warn: One of the stats is a legacy stat. Legacy stat is a stat that does not belong to any statistics::Group. Legacy stat is deprecated.
board.remote_gdb: Listening for connections on port 7000
gem5 Simulator System.  https://www.gem5.org
gem5 is copyrighted software; use the --copyright option for details.

gem5 version 25.0.0.1
gem5 compiled May  5 2026 12:55:05
gem5 started Jun 12 2026 17:19:18
gem5 executing on cn27.guoehi.cluster, pid 164733
command line: /home/fdemirel/HPC_Lab_Proj/stride/../../gem5/build/ALL/gem5.opt -s --outdir=results_stride_multisim --stdout-file=matmult_stride_deg8_dist16_l1d_ddr4_1x_simout.txt --stderr-file=matmult_stride_deg8_dist16_l1d_ddr4_1x_simerr.txt --stats-file=stats.txt -c 'from multiprocessing.spawn import spawn_main; spawn_main(tracker_fd=7, pipe_handle=13)' --multiprocessing-fork

src/sim/mem_state.cc:443: info: Increasing stack size by one page.
src/sim/syscall_emul.hh:1121: warn: readlink() called on '/proc/self/exe' may yield unexpected results in various settings.
      Returning '/home/fdemirel/HPC_Lab_Proj/benchmarks/matmult/matmult-m5.x'
src/arch/arm/insts/pseudo.cc:174: warn: 	instruction 'bti' unimplemented
Global frequency set at 1000000000000 ticks per second
src/mem/dram_interface.cc:690: warn: DRAM device capacity (16384 Mbytes) does not match the address range assigned (1024 Mbytes)
src/base/statistics.hh:279: warn: One of the stats is a legacy stat. Legacy stat is a stat that does not belong to any statistics::Group. Legacy stat is deprecated.
board.remote_gdb: Listening for connections on port 7002
gem5 Simulator System.  https://www.gem5.org
gem5 is copyrighted software; use the --copyright option for details.

gem5 version 25.0.0.1
gem5 compiled May  5 2026 12:55:05
gem5 started Jun 12 2026 17:19:33
gem5 executing on cn27.guoehi.cluster, pid 164735
command line: /home/fdemirel/HPC_Lab_Proj/stride/../../gem5/build/ALL/gem5.opt -s --outdir=results_stride_multisim --stdout-file=simple_triad_stride_deg1_dist1_l1d_ddr4_1x_simout.txt --stderr-file=simple_triad_stride_deg1_dist1_l1d_ddr4_1x_simerr.txt --stats-file=stats.txt -c 'from multiprocessing.spawn import spawn_main; spawn_main(tracker_fd=7, pipe_handle=13)' --multiprocessing-fork

src/sim/mem_state.cc:443: info: Increasing stack size by one page.
src/sim/syscall_emul.hh:1121: warn: readlink() called on '/proc/self/exe' may yield unexpected results in various settings.
      Returning '/home/fdemirel/HPC_Lab_Proj/benchmarks/simple_triad/simple_triad-m5.x'

----MATRIX MULTIPLICATION----

----Computation starts----
Loop 0 ... 
argc = 2, A[argc][argc] = 0.500000, B[argc][argc] = 0.500000, C[argc][argc] = 0.500000 
Execution time: 1.222082 (ms) 

----merge----
Execution time: 10.101598 (ms) 
random_elem:0, /home/fdemirel/HPC_Lab_Proj/benchmarks/merge/merge-m5.x
Global frequency set at 1000000000000 ticks per second
src/mem/dram_interface.cc:690: warn: DRAM device capacity (16384 Mbytes) does not match the address range assigned (512 Mbytes)
src/mem/dram_interface.cc:690: warn: DRAM device capacity (16384 Mbytes) does not match the address range assigned (512 Mbytes)
src/base/statistics.hh:279: warn: One of the stats is a legacy stat. Legacy stat is a stat that does not belong to any statistics::Group. Legacy stat is deprecated.
board.remote_gdb: Listening for connections on port 7000
gem5 Simulator System.  https://www.gem5.org
gem5 is copyrighted software; use the --copyright option for details.

gem5 version 25.0.0.1
gem5 compiled May  5 2026 12:55:05
gem5 started Jun 12 2026 17:20:29
gem5 executing on cn27.guoehi.cluster, pid 164742
command line: /home/fdemirel/HPC_Lab_Proj/stride/../../gem5/build/ALL/gem5.opt -s --outdir=results_stride_multisim --stdout-file=quick_stride_deg8_dist32_l1d_ddr4_2x_simout.txt --stderr-file=quick_stride_deg8_dist32_l1d_ddr4_2x_simerr.txt --stats-file=stats.txt -c 'from multiprocessing.spawn import spawn_main; spawn_main(tracker_fd=7, pipe_handle=13)' --multiprocessing-fork

src/sim/mem_state.cc:443: info: Increasing stack size by one page.
src/sim/syscall_emul.hh:1121: warn: readlink() called on '/proc/self/exe' may yield unexpected results in various settings.
      Returning '/home/fdemirel/HPC_Lab_Proj/benchmarks/quick/quick-m5.x'
src/arch/arm/insts/pseudo.cc:174: warn: 	instruction 'bti' unimplemented
Finished BFS.
Global frequency set at 1000000000000 ticks per second
src/mem/dram_interface.cc:690: warn: DRAM device capacity (16384 Mbytes) does not match the address range assigned (1024 Mbytes)
src/base/statistics.hh:279: warn: One of the stats is a legacy stat. Legacy stat is a stat that does not belong to any statistics::Group. Legacy stat is deprecated.
board.remote_gdb: Listening for connections on port 7001
gem5 Simulator System.  https://www.gem5.org
gem5 is copyrighted software; use the --copyright option for details.

gem5 version 25.0.0.1
gem5 compiled May  5 2026 12:55:05
gem5 started Jun 12 2026 17:20:42
gem5 executing on cn27.guoehi.cluster, pid 164744
command line: /home/fdemirel/HPC_Lab_Proj/stride/../../gem5/build/ALL/gem5.opt -s --outdir=results_stride_multisim --stdout-file=quick_stride_deg16_dist4_l2_ddr4_1x_simout.txt --stderr-file=quick_stride_deg16_dist4_l2_ddr4_1x_simerr.txt --stats-file=stats.txt -c 'from multiprocessing.spawn import spawn_main; spawn_main(tracker_fd=7, pipe_handle=13)' --multiprocessing-fork

src/sim/mem_state.cc:443: info: Increasing stack size by one page.
src/sim/syscall_emul.hh:1121: warn: readlink() called on '/proc/self/exe' may yield unexpected results in various settings.
      Returning '/home/fdemirel/HPC_Lab_Proj/benchmarks/quick/quick-m5.x'
src/arch/arm/insts/pseudo.cc:174: warn: 	instruction 'bti' unimplemented
Global frequency set at 1000000000000 ticks per second
src/mem/dram_interface.cc:690: warn: DRAM device capacity (16384 Mbytes) does not match the address range assigned (512 Mbytes)
src/mem/dram_interface.cc:690: warn: DRAM device capacity (16384 Mbytes) does not match the address range assigned (512 Mbytes)
src/base/statistics.hh:279: warn: One of the stats is a legacy stat. Legacy stat is a stat that does not belong to any statistics::Group. Legacy stat is deprecated.
board.remote_gdb: Listening for connections on port 7003
gem5 Simulator System.  https://www.gem5.org
gem5 is copyrighted software; use the --copyright option for details.

gem5 version 25.0.0.1
gem5 compiled May  5 2026 12:55:05
gem5 started Jun 12 2026 17:20:52
gem5 executing on cn27.guoehi.cluster, pid 164747
command line: /home/fdemirel/HPC_Lab_Proj/stride/../../gem5/build/ALL/gem5.opt -s --outdir=results_stride_multisim --stdout-file=simple_triad_stride_deg8_dist8_l1d_ddr4_2x_simout.txt --stderr-file=simple_triad_stride_deg8_dist8_l1d_ddr4_2x_simerr.txt --stats-file=stats.txt -c 'from multiprocessing.spawn import spawn_main; spawn_main(tracker_fd=7, pipe_handle=13)' --multiprocessing-fork

src/sim/mem_state.cc:443: info: Increasing stack size by one page.
src/sim/syscall_emul.hh:1121: warn: readlink() called on '/proc/self/exe' may yield unexpected results in various settings.
      Returning '/home/fdemirel/HPC_Lab_Proj/benchmarks/simple_triad/simple_triad-m5.x'
Array SIZE      : 1000000 
Array LOOP      : 1 

----triad----
a[0]=7.00e+00. b[0]=2.00e+00. c[0]=1.00e+00.
Execution time: 2.677983 (ms) 
   Rate [MB/s]: 8962.0 
Global frequency set at 1000000000000 ticks per second
src/mem/dram_interface.cc:690: warn: DRAM device capacity (16384 Mbytes) does not match the address range assigned (512 Mbytes)
src/mem/dram_interface.cc:690: warn: DRAM device capacity (16384 Mbytes) does not match the address range assigned (512 Mbytes)
src/base/statistics.hh:279: warn: One of the stats is a legacy stat. Legacy stat is a stat that does not belong to any statistics::Group. Legacy stat is deprecated.
board.remote_gdb: Listening for connections on port 7002
gem5 Simulator System.  https://www.gem5.org
gem5 is copyrighted software; use the --copyright option for details.

gem5 version 25.0.0.1
gem5 compiled May  5 2026 12:55:05
gem5 started Jun 12 2026 17:21:34
gem5 executing on cn27.guoehi.cluster, pid 164754
command line: /home/fdemirel/HPC_Lab_Proj/stride/../../gem5/build/ALL/gem5.opt -s --outdir=results_stride_multisim --stdout-file=merge_stride_deg32_dist1_l2_ddr4_2x_simout.txt --stderr-file=merge_stride_deg32_dist1_l2_ddr4_2x_simerr.txt --stats-file=stats.txt -c 'from multiprocessing.spawn import spawn_main; spawn_main(tracker_fd=7, pipe_handle=13)' --multiprocessing-fork

src/sim/mem_state.cc:443: info: Increasing stack size by one page.
src/sim/syscall_emul.hh:1121: warn: readlink() called on '/proc/self/exe' may yield unexpected results in various settings.
      Returning '/home/fdemirel/HPC_Lab_Proj/benchmarks/merge/merge-m5.x'
src/arch/arm/insts/pseudo.cc:174: warn: 	instruction 'bti' unimplemented
Array SIZE      : 1000000 
Array LOOP      : 1 

----triad----
a[0]=7.00e+00. b[0]=2.00e+00. c[0]=1.00e+00.
Execution time: 1.918666 (ms) 
   Rate [MB/s]: 12508.7 
Global frequency set at 1000000000000 ticks per second
src/mem/dram_interface.cc:690: warn: DRAM device capacity (16384 Mbytes) does not match the address range assigned (1024 Mbytes)
src/base/statistics.hh:279: warn: One of the stats is a legacy stat. Legacy stat is a stat that does not belong to any statistics::Group. Legacy stat is deprecated.
board.remote_gdb: Listening for connections on port 7003
gem5 Simulator System.  https://www.gem5.org
gem5 is copyrighted software; use the --copyright option for details.

gem5 version 25.0.0.1
gem5 compiled May  5 2026 12:55:05
gem5 started Jun 12 2026 17:22:44
gem5 executing on cn27.guoehi.cluster, pid 164759
command line: /home/fdemirel/HPC_Lab_Proj/stride/../../gem5/build/ALL/gem5.opt -s --outdir=results_stride_multisim --stdout-file=merge_stride_deg16_dist1_l1d_ddr4_1x_simout.txt --stderr-file=merge_stride_deg16_dist1_l1d_ddr4_1x_simerr.txt --stats-file=stats.txt -c 'from multiprocessing.spawn import spawn_main; spawn_main(tracker_fd=7, pipe_handle=13)' --multiprocessing-fork

src/sim/mem_state.cc:443: info: Increasing stack size by one page.
src/sim/syscall_emul.hh:1121: warn: readlink() called on '/proc/self/exe' may yield unexpected results in various settings.
      Returning '/home/fdemirel/HPC_Lab_Proj/benchmarks/merge/merge-m5.x'
src/arch/arm/insts/pseudo.cc:174: warn: 	instruction 'bti' unimplemented
----quick sort----
Array SIZE      : 131072 
random_elem:0, /home/fdemirel/HPC_Lab_Proj/benchmarks/quick/quick-m5.x
Execution time: 8.987901 (ms) 
----quick sort----
Array SIZE      : 131072 
random_elem:0, /home/fdemirel/HPC_Lab_Proj/benchmarks/quick/quick-m5.x
Execution time: 8.666539 (ms) 
Global frequency set at 1000000000000 ticks per second
src/mem/dram_interface.cc:690: warn: DRAM device capacity (16384 Mbytes) does not match the address range assigned (1024 Mbytes)
src/base/statistics.hh:279: warn: One of the stats is a legacy stat. Legacy stat is a stat that does not belong to any statistics::Group. Legacy stat is deprecated.
board.remote_gdb: Listening for connections on port 7000
gem5 Simulator System.  https://www.gem5.org
gem5 is copyrighted software; use the --copyright option for details.

gem5 version 25.0.0.1
gem5 compiled May  5 2026 12:55:05
gem5 started Jun 12 2026 17:24:40
gem5 executing on cn27.guoehi.cluster, pid 164768
command line: /home/fdemirel/HPC_Lab_Proj/stride/../../gem5/build/ALL/gem5.opt -s --outdir=results_stride_multisim --stdout-file=matmult_stride_deg8_dist16_l2_ddr4_1x_simout.txt --stderr-file=matmult_stride_deg8_dist16_l2_ddr4_1x_simerr.txt --stats-file=stats.txt -c 'from multiprocessing.spawn import spawn_main; spawn_main(tracker_fd=7, pipe_handle=13)' --multiprocessing-fork

src/sim/mem_state.cc:443: info: Increasing stack size by one page.
src/sim/syscall_emul.hh:1121: warn: readlink() called on '/proc/self/exe' may yield unexpected results in various settings.
      Returning '/home/fdemirel/HPC_Lab_Proj/benchmarks/matmult/matmult-m5.x'
src/arch/arm/insts/pseudo.cc:174: warn: 	instruction 'bti' unimplemented
Global frequency set at 1000000000000 ticks per second
src/mem/dram_interface.cc:690: warn: DRAM device capacity (16384 Mbytes) does not match the address range assigned (1024 Mbytes)
src/base/statistics.hh:279: warn: One of the stats is a legacy stat. Legacy stat is a stat that does not belong to any statistics::Group. Legacy stat is deprecated.
board.remote_gdb: Listening for connections on port 7001
gem5 Simulator System.  https://www.gem5.org
gem5 is copyrighted software; use the --copyright option for details.

gem5 version 25.0.0.1
gem5 compiled May  5 2026 12:55:05
gem5 started Jun 12 2026 17:24:54
gem5 executing on cn27.guoehi.cluster, pid 164769
command line: /home/fdemirel/HPC_Lab_Proj/stride/../../gem5/build/ALL/gem5.opt -s --outdir=results_stride_multisim --stdout-file=bfs_stride_deg16_dist8_l1d_ddr4_1x_simout.txt --stderr-file=bfs_stride_deg16_dist8_l1d_ddr4_1x_simerr.txt --stats-file=stats.txt -c 'from multiprocessing.spawn import spawn_main; spawn_main(tracker_fd=7, pipe_handle=13)' --multiprocessing-fork

src/sim/mem_state.cc:443: info: Increasing stack size by one page.
src/sim/syscall_emul.hh:1121: warn: readlink() called on '/proc/self/exe' may yield unexpected results in various settings.
      Returning '/home/fdemirel/HPC_Lab_Proj/benchmarks/bfs/bfs-m5.x'
src/arch/arm/insts/pseudo.cc:174: warn: 	instruction 'bti' unimplemented
Beginning BFS ...

----MATRIX MULTIPLICATION----

----Computation starts----
Loop 0 ... 
argc = 2, A[argc][argc] = 0.500000, B[argc][argc] = 0.500000, C[argc][argc] = 0.500000 
Execution time: 1.222247 (ms) 
Global frequency set at 1000000000000 ticks per second
src/mem/dram_interface.cc:690: warn: DRAM device capacity (16384 Mbytes) does not match the address range assigned (512 Mbytes)
src/mem/dram_interface.cc:690: warn: DRAM device capacity (16384 Mbytes) does not match the address range assigned (512 Mbytes)
src/base/statistics.hh:279: warn: One of the stats is a legacy stat. Legacy stat is a stat that does not belong to any statistics::Group. Legacy stat is deprecated.
board.remote_gdb: Listening for connections on port 7000
gem5 Simulator System.  https://www.gem5.org
gem5 is copyrighted software; use the --copyright option for details.

gem5 version 25.0.0.1
gem5 compiled May  5 2026 12:55:05
gem5 started Jun 12 2026 17:25:49
gem5 executing on cn27.guoehi.cluster, pid 164777
command line: /home/fdemirel/HPC_Lab_Proj/stride/../../gem5/build/ALL/gem5.opt -s --outdir=results_stride_multisim --stdout-file=spmv_stride_deg8_dist16_l1d_ddr4_2x_simout.txt --stderr-file=spmv_stride_deg8_dist16_l1d_ddr4_2x_simerr.txt --stats-file=stats.txt -c 'from multiprocessing.spawn import spawn_main; spawn_main(tracker_fd=7, pipe_handle=13)' --multiprocessing-fork

src/sim/mem_state.cc:443: info: Increasing stack size by one page.
src/sim/syscall_emul.hh:1121: warn: readlink() called on '/proc/self/exe' may yield unexpected results in various settings.
      Returning '/home/fdemirel/HPC_Lab_Proj/benchmarks/spmv/spmv-m5.x'
src/arch/arm/insts/pseudo.cc:174: warn: 	instruction 'bti' unimplemented
src/sim/mem_state.cc:443: info: Increasing stack size by one page.
src/sim/mem_state.cc:443: info: Increasing stack size by one page.
src/sim/mem_state.cc:443: info: Increasing stack size by one page.
src/sim/mem_state.cc:443: info: Increasing stack size by one page.
src/sim/mem_state.cc:443: info: Increasing stack size by one page.
src/sim/mem_state.cc:443: info: Increasing stack size by one page.
src/sim/mem_state.cc:443: info: Increasing stack size by one page.

----merge----
Execution time: 10.141248 (ms) 
random_elem:0, /home/fdemirel/HPC_Lab_Proj/benchmarks/merge/merge-m5.x
Global frequency set at 1000000000000 ticks per second
src/mem/dram_interface.cc:690: warn: DRAM device capacity (16384 Mbytes) does not match the address range assigned (1024 Mbytes)
src/base/statistics.hh:279: warn: One of the stats is a legacy stat. Legacy stat is a stat that does not belong to any statistics::Group. Legacy stat is deprecated.
board.remote_gdb: Listening for connections on port 7002
gem5 Simulator System.  https://www.gem5.org
gem5 is copyrighted software; use the --copyright option for details.

gem5 version 25.0.0.1
gem5 compiled May  5 2026 12:55:05
gem5 started Jun 12 2026 17:26:43
gem5 executing on cn27.guoehi.cluster, pid 164781
command line: /home/fdemirel/HPC_Lab_Proj/stride/../../gem5/build/ALL/gem5.opt -s --outdir=results_stride_multisim --stdout-file=merge_stride_deg16_dist1_l2_ddr4_1x_simout.txt --stderr-file=merge_stride_deg16_dist1_l2_ddr4_1x_simerr.txt --stats-file=stats.txt -c 'from multiprocessing.spawn import spawn_main; spawn_main(tracker_fd=7, pipe_handle=13)' --multiprocessing-fork

src/sim/mem_state.cc:443: info: Increasing stack size by one page.
src/sim/syscall_emul.hh:1121: warn: readlink() called on '/proc/self/exe' may yield unexpected results in various settings.
      Returning '/home/fdemirel/HPC_Lab_Proj/benchmarks/merge/merge-m5.x'
src/arch/arm/insts/pseudo.cc:174: warn: 	instruction 'bti' unimplemented

----merge----
Execution time: 9.808942 (ms) 
random_elem:0, /home/fdemirel/HPC_Lab_Proj/benchmarks/merge/merge-m5.x
----spmv----
N_ROWS          : 8192 
N_COLS          : 65536 
NNZ             : 524155 
Execution time: 6.709109 (ms) 
Global frequency set at 1000000000000 ticks per second
src/mem/dram_interface.cc:690: warn: DRAM device capacity (16384 Mbytes) does not match the address range assigned (1024 Mbytes)
src/base/statistics.hh:279: warn: One of the stats is a legacy stat. Legacy stat is a stat that does not belong to any statistics::Group. Legacy stat is deprecated.
board.remote_gdb: Listening for connections on port 7000
gem5 Simulator System.  https://www.gem5.org
gem5 is copyrighted software; use the --copyright option for details.

gem5 version 25.0.0.1
gem5 compiled May  5 2026 12:55:05
gem5 started Jun 12 2026 17:27:49
gem5 executing on cn27.guoehi.cluster, pid 164785
command line: /home/fdemirel/HPC_Lab_Proj/stride/../../gem5/build/ALL/gem5.opt -s --outdir=results_stride_multisim --stdout-file=bfs_stride_deg16_dist8_l2_ddr4_1x_simout.txt --stderr-file=bfs_stride_deg16_dist8_l2_ddr4_1x_simerr.txt --stats-file=stats.txt -c 'from multiprocessing.spawn import spawn_main; spawn_main(tracker_fd=7, pipe_handle=13)' --multiprocessing-fork

src/sim/mem_state.cc:443: info: Increasing stack size by one page.
src/sim/syscall_emul.hh:1121: warn: readlink() called on '/proc/self/exe' may yield unexpected results in various settings.
      Returning '/home/fdemirel/HPC_Lab_Proj/benchmarks/bfs/bfs-m5.x'
src/arch/arm/insts/pseudo.cc:174: warn: 	instruction 'bti' unimplemented
Beginning BFS ...
Global frequency set at 1000000000000 ticks per second
src/mem/dram_interface.cc:690: warn: DRAM device capacity (16384 Mbytes) does not match the address range assigned (1024 Mbytes)
src/base/statistics.hh:279: warn: One of the stats is a legacy stat. Legacy stat is a stat that does not belong to any statistics::Group. Legacy stat is deprecated.
board.remote_gdb: Listening for connections on port 7003
gem5 Simulator System.  https://www.gem5.org
gem5 is copyrighted software; use the --copyright option for details.

gem5 version 25.0.0.1
gem5 compiled May  5 2026 12:55:05
gem5 started Jun 12 2026 17:27:58
gem5 executing on cn27.guoehi.cluster, pid 164786
command line: /home/fdemirel/HPC_Lab_Proj/stride/../../gem5/build/ALL/gem5.opt -s --outdir=results_stride_multisim --stdout-file=quick_stride_deg1_dist16_l1d_ddr4_1x_simout.txt --stderr-file=quick_stride_deg1_dist16_l1d_ddr4_1x_simerr.txt --stats-file=stats.txt -c 'from multiprocessing.spawn import spawn_main; spawn_main(tracker_fd=7, pipe_handle=13)' --multiprocessing-fork

src/sim/mem_state.cc:443: info: Increasing stack size by one page.
src/sim/syscall_emul.hh:1121: warn: readlink() called on '/proc/self/exe' may yield unexpected results in various settings.
      Returning '/home/fdemirel/HPC_Lab_Proj/benchmarks/quick/quick-m5.x'
src/arch/arm/insts/pseudo.cc:174: warn: 	instruction 'bti' unimplemented
Finished BFS.
Global frequency set at 1000000000000 ticks per second
src/mem/dram_interface.cc:690: warn: DRAM device capacity (16384 Mbytes) does not match the address range assigned (1024 Mbytes)
src/base/statistics.hh:279: warn: One of the stats is a legacy stat. Legacy stat is a stat that does not belong to any statistics::Group. Legacy stat is deprecated.
board.remote_gdb: Listening for connections on port 7001
gem5 Simulator System.  https://www.gem5.org
gem5 is copyrighted software; use the --copyright option for details.

gem5 version 25.0.0.1
gem5 compiled May  5 2026 12:55:05
gem5 started Jun 12 2026 17:30:51
gem5 executing on cn27.guoehi.cluster, pid 164803
command line: /home/fdemirel/HPC_Lab_Proj/stride/../../gem5/build/ALL/gem5.opt -s --outdir=results_stride_multisim --stdout-file=matmult_stride_deg1_dist1_l1d_ddr4_1x_simout.txt --stderr-file=matmult_stride_deg1_dist1_l1d_ddr4_1x_simerr.txt --stats-file=stats.txt -c 'from multiprocessing.spawn import spawn_main; spawn_main(tracker_fd=7, pipe_handle=13)' --multiprocessing-fork

src/sim/mem_state.cc:443: info: Increasing stack size by one page.
src/sim/syscall_emul.hh:1121: warn: readlink() called on '/proc/self/exe' may yield unexpected results in various settings.
      Returning '/home/fdemirel/HPC_Lab_Proj/benchmarks/matmult/matmult-m5.x'
src/arch/arm/insts/pseudo.cc:174: warn: 	instruction 'bti' unimplemented

----merge----
Execution time: 10.263809 (ms) 
random_elem:0, /home/fdemirel/HPC_Lab_Proj/benchmarks/merge/merge-m5.x

----MATRIX MULTIPLICATION----

----Computation starts----
Loop 0 ... 
argc = 2, A[argc][argc] = 0.500000, B[argc][argc] = 0.500000, C[argc][argc] = 0.500000 
Execution time: 1.226946 (ms) 
----quick sort----
Array SIZE      : 131072 
random_elem:0, /home/fdemirel/HPC_Lab_Proj/benchmarks/quick/quick-m5.x
Execution time: 8.636061 (ms) 
Global frequency set at 1000000000000 ticks per second
src/mem/dram_interface.cc:690: warn: DRAM device capacity (16384 Mbytes) does not match the address range assigned (512 Mbytes)
src/mem/dram_interface.cc:690: warn: DRAM device capacity (16384 Mbytes) does not match the address range assigned (512 Mbytes)
src/base/statistics.hh:279: warn: One of the stats is a legacy stat. Legacy stat is a stat that does not belong to any statistics::Group. Legacy stat is deprecated.
board.remote_gdb: Listening for connections on port 7001
gem5 Simulator System.  https://www.gem5.org
gem5 is copyrighted software; use the --copyright option for details.

gem5 version 25.0.0.1
gem5 compiled May  5 2026 12:55:05
gem5 started Jun 12 2026 17:31:52
gem5 executing on cn27.guoehi.cluster, pid 164808
command line: /home/fdemirel/HPC_Lab_Proj/stride/../../gem5/build/ALL/gem5.opt -s --outdir=results_stride_multisim --stdout-file=matmult_stride_deg4_dist4_l1d_ddr4_2x_simout.txt --stderr-file=matmult_stride_deg4_dist4_l1d_ddr4_2x_simerr.txt --stats-file=stats.txt -c 'from multiprocessing.spawn import spawn_main; spawn_main(tracker_fd=7, pipe_handle=13)' --multiprocessing-fork

src/sim/mem_state.cc:443: info: Increasing stack size by one page.
src/sim/syscall_emul.hh:1121: warn: readlink() called on '/proc/self/exe' may yield unexpected results in various settings.
      Returning '/home/fdemirel/HPC_Lab_Proj/benchmarks/matmult/matmult-m5.x'
src/arch/arm/insts/pseudo.cc:174: warn: 	instruction 'bti' unimplemented
Global frequency set at 1000000000000 ticks per second
Global frequency set at 1000000000000 ticks per second
src/mem/dram_interface.cc:690: warn: DRAM device capacity (16384 Mbytes) does not match the address range assigned (1024 Mbytes)
src/base/statistics.hh:279: warn: One of the stats is a legacy stat. Legacy stat is a stat that does not belong to any statistics::Group. Legacy stat is deprecated.
board.remote_gdb: Listening for connections on port 7002
src/mem/dram_interface.cc:690: warn: DRAM device capacity (16384 Mbytes) does not match the address range assigned (1024 Mbytes)
gem5 Simulator System.  https://www.gem5.org
gem5 is copyrighted software; use the --copyright option for details.

gem5 version 25.0.0.1
gem5 compiled May  5 2026 12:55:05
gem5 started Jun 12 2026 17:32:01
gem5 executing on cn27.guoehi.cluster, pid 164810
command line: /home/fdemirel/HPC_Lab_Proj/stride/../../gem5/build/ALL/gem5.opt -s --outdir=results_stride_multisim --stdout-file=simple_triad_stride_deg32_dist32_l1d_ddr4_1x_simout.txt --stderr-file=simple_triad_stride_deg32_dist32_l1d_ddr4_1x_simerr.txt --stats-file=stats.txt -c 'from multiprocessing.spawn import spawn_main; spawn_main(tracker_fd=7, pipe_handle=14)' --multiprocessing-fork

src/base/statistics.hh:279: warn: One of the stats is a legacy stat. Legacy stat is a stat that does not belong to any statistics::Group. Legacy stat is deprecated.
src/sim/mem_state.cc:443: info: Increasing stack size by one page.
src/sim/syscall_emul.hh:1121: warn: readlink() called on '/proc/self/exe' may yield unexpected results in various settings.
      Returning '/home/fdemirel/HPC_Lab_Proj/benchmarks/simple_triad/simple_triad-m5.x'
board.remote_gdb: Listening for connections on port 7003
gem5 Simulator System.  https://www.gem5.org
gem5 is copyrighted software; use the --copyright option for details.

gem5 version 25.0.0.1
gem5 compiled May  5 2026 12:55:05
gem5 started Jun 12 2026 17:32:01
gem5 executing on cn27.guoehi.cluster, pid 164809
command line: /home/fdemirel/HPC_Lab_Proj/stride/../../gem5/build/ALL/gem5.opt -s --outdir=results_stride_multisim --stdout-file=merge_stride_deg1_dist8_l1d_ddr4_1x_simout.txt --stderr-file=merge_stride_deg1_dist8_l1d_ddr4_1x_simerr.txt --stats-file=stats.txt -c 'from multiprocessing.spawn import spawn_main; spawn_main(tracker_fd=7, pipe_handle=12)' --multiprocessing-fork

src/sim/mem_state.cc:443: info: Increasing stack size by one page.
src/sim/syscall_emul.hh:1121: warn: readlink() called on '/proc/self/exe' may yield unexpected results in various settings.
      Returning '/home/fdemirel/HPC_Lab_Proj/benchmarks/merge/merge-m5.x'
src/arch/arm/insts/pseudo.cc:174: warn: 	instruction 'bti' unimplemented

----MATRIX MULTIPLICATION----

----Computation starts----
Loop 0 ... 
argc = 2, A[argc][argc] = 0.500000, B[argc][argc] = 0.500000, C[argc][argc] = 0.500000 
Execution time: 1.210694 (ms) 
Global frequency set at 1000000000000 ticks per second
src/mem/dram_interface.cc:690: warn: DRAM device capacity (16384 Mbytes) does not match the address range assigned (512 Mbytes)
src/mem/dram_interface.cc:690: warn: DRAM device capacity (16384 Mbytes) does not match the address range assigned (512 Mbytes)
src/base/statistics.hh:279: warn: One of the stats is a legacy stat. Legacy stat is a stat that does not belong to any statistics::Group. Legacy stat is deprecated.
board.remote_gdb: Listening for connections on port 7001
gem5 Simulator System.  https://www.gem5.org
gem5 is copyrighted software; use the --copyright option for details.

gem5 version 25.0.0.1
gem5 compiled May  5 2026 12:55:05
gem5 started Jun 12 2026 17:33:06
gem5 executing on cn27.guoehi.cluster, pid 164818
command line: /home/fdemirel/HPC_Lab_Proj/stride/../../gem5/build/ALL/gem5.opt -s --outdir=results_stride_multisim --stdout-file=merge_stride_deg4_dist8_l1d_ddr4_2x_simout.txt --stderr-file=merge_stride_deg4_dist8_l1d_ddr4_2x_simerr.txt --stats-file=stats.txt -c 'from multiprocessing.spawn import spawn_main; spawn_main(tracker_fd=7, pipe_handle=14)' --multiprocessing-fork

src/sim/mem_state.cc:443: info: Increasing stack size by one page.
src/sim/syscall_emul.hh:1121: warn: readlink() called on '/proc/self/exe' may yield unexpected results in various settings.
      Returning '/home/fdemirel/HPC_Lab_Proj/benchmarks/merge/merge-m5.x'
src/arch/arm/insts/pseudo.cc:174: warn: 	instruction 'bti' unimplemented
Array SIZE      : 1000000 
Array LOOP      : 1 

----triad----
a[0]=7.00e+00. b[0]=2.00e+00. c[0]=1.00e+00.
Execution time: 3.043131 (ms) 
   Rate [MB/s]: 7886.6 
Finished BFS.
Global frequency set at 1000000000000 ticks per second
src/mem/dram_interface.cc:690: warn: DRAM device capacity (16384 Mbytes) does not match the address range assigned (1024 Mbytes)
src/base/statistics.hh:279: warn: One of the stats is a legacy stat. Legacy stat is a stat that does not belong to any statistics::Group. Legacy stat is deprecated.
board.remote_gdb: Listening for connections on port 7000
gem5 Simulator System.  https://www.gem5.org
gem5 is copyrighted software; use the --copyright option for details.

gem5 version 25.0.0.1
gem5 compiled May  5 2026 12:55:05
gem5 started Jun 12 2026 17:33:53
gem5 executing on cn27.guoehi.cluster, pid 164825
command line: /home/fdemirel/HPC_Lab_Proj/stride/../../gem5/build/ALL/gem5.opt -s --outdir=results_stride_multisim --stdout-file=matmult_stride_deg1_dist1_l2_ddr4_1x_simout.txt --stderr-file=matmult_stride_deg1_dist1_l2_ddr4_1x_simerr.txt --stats-file=stats.txt -c 'from multiprocessing.spawn import spawn_main; spawn_main(tracker_fd=7, pipe_handle=14)' --multiprocessing-fork

src/sim/mem_state.cc:443: info: Increasing stack size by one page.
src/sim/syscall_emul.hh:1121: warn: readlink() called on '/proc/self/exe' may yield unexpected results in various settings.
      Returning '/home/fdemirel/HPC_Lab_Proj/benchmarks/matmult/matmult-m5.x'
src/arch/arm/insts/pseudo.cc:174: warn: 	instruction 'bti' unimplemented
Global frequency set at 1000000000000 ticks per second
src/mem/dram_interface.cc:690: warn: DRAM device capacity (16384 Mbytes) does not match the address range assigned (512 Mbytes)
src/mem/dram_interface.cc:690: warn: DRAM device capacity (16384 Mbytes) does not match the address range assigned (512 Mbytes)
src/base/statistics.hh:279: warn: One of the stats is a legacy stat. Legacy stat is a stat that does not belong to any statistics::Group. Legacy stat is deprecated.
board.remote_gdb: Listening for connections on port 7002
gem5 Simulator System.  https://www.gem5.org
gem5 is copyrighted software; use the --copyright option for details.

gem5 version 25.0.0.1
gem5 compiled May  5 2026 12:55:05
gem5 started Jun 12 2026 17:33:58
gem5 executing on cn27.guoehi.cluster, pid 164826
command line: /home/fdemirel/HPC_Lab_Proj/stride/../../gem5/build/ALL/gem5.opt -s --outdir=results_stride_multisim --stdout-file=quick_stride_deg32_dist1_l1d_ddr4_2x_simout.txt --stderr-file=quick_stride_deg32_dist1_l1d_ddr4_2x_simerr.txt --stats-file=stats.txt -c 'from multiprocessing.spawn import spawn_main; spawn_main(tracker_fd=7, pipe_handle=14)' --multiprocessing-fork

src/sim/mem_state.cc:443: info: Increasing stack size by one page.
src/sim/syscall_emul.hh:1121: warn: readlink() called on '/proc/self/exe' may yield unexpected results in various settings.
      Returning '/home/fdemirel/HPC_Lab_Proj/benchmarks/quick/quick-m5.x'
src/arch/arm/insts/pseudo.cc:174: warn: 	instruction 'bti' unimplemented

----MATRIX MULTIPLICATION----

----Computation starts----
Loop 0 ... 
argc = 2, A[argc][argc] = 0.500000, B[argc][argc] = 0.500000, C[argc][argc] = 0.500000 
Execution time: 1.203221 (ms) 
Global frequency set at 1000000000000 ticks per second
src/mem/dram_interface.cc:690: warn: DRAM device capacity (16384 Mbytes) does not match the address range assigned (1024 Mbytes)
src/base/statistics.hh:279: warn: One of the stats is a legacy stat. Legacy stat is a stat that does not belong to any statistics::Group. Legacy stat is deprecated.
board.remote_gdb: Listening for connections on port 7000
gem5 Simulator System.  https://www.gem5.org
gem5 is copyrighted software; use the --copyright option for details.

gem5 version 25.0.0.1
gem5 compiled May  5 2026 12:55:05
gem5 started Jun 12 2026 17:35:03
gem5 executing on cn27.guoehi.cluster, pid 164832
command line: /home/fdemirel/HPC_Lab_Proj/stride/../../gem5/build/ALL/gem5.opt -s --outdir=results_stride_multisim --stdout-file=merge_stride_deg1_dist8_l2_ddr4_1x_simout.txt --stderr-file=merge_stride_deg1_dist8_l2_ddr4_1x_simerr.txt --stats-file=stats.txt -c 'from multiprocessing.spawn import spawn_main; spawn_main(tracker_fd=7, pipe_handle=14)' --multiprocessing-fork

src/sim/mem_state.cc:443: info: Increasing stack size by one page.
src/sim/syscall_emul.hh:1121: warn: readlink() called on '/proc/self/exe' may yield unexpected results in various settings.
      Returning '/home/fdemirel/HPC_Lab_Proj/benchmarks/merge/merge-m5.x'
src/arch/arm/insts/pseudo.cc:174: warn: 	instruction 'bti' unimplemented

----merge----
Execution time: 10.182651 (ms) 
random_elem:0, /home/fdemirel/HPC_Lab_Proj/benchmarks/merge/merge-m5.x
Global frequency set at 1000000000000 ticks per second
src/mem/dram_interface.cc:690: warn: DRAM device capacity (16384 Mbytes) does not match the address range assigned (1024 Mbytes)
src/base/statistics.hh:279: warn: One of the stats is a legacy stat. Legacy stat is a stat that does not belong to any statistics::Group. Legacy stat is deprecated.
board.remote_gdb: Listening for connections on port 7003
gem5 Simulator System.  https://www.gem5.org
gem5 is copyrighted software; use the --copyright option for details.

gem5 version 25.0.0.1
gem5 compiled May  5 2026 12:55:05
gem5 started Jun 12 2026 17:37:07
gem5 executing on cn27.guoehi.cluster, pid 164841
command line: /home/fdemirel/HPC_Lab_Proj/stride/../../gem5/build/ALL/gem5.opt -s --outdir=results_stride_multisim --stdout-file=simple_triad_stride_deg32_dist32_l2_ddr4_1x_simout.txt --stderr-file=simple_triad_stride_deg32_dist32_l2_ddr4_1x_simerr.txt --stats-file=stats.txt -c 'from multiprocessing.spawn import spawn_main; spawn_main(tracker_fd=7, pipe_handle=13)' --multiprocessing-fork

src/sim/mem_state.cc:443: info: Increasing stack size by one page.
src/sim/syscall_emul.hh:1121: warn: readlink() called on '/proc/self/exe' may yield unexpected results in various settings.
      Returning '/home/fdemirel/HPC_Lab_Proj/benchmarks/simple_triad/simple_triad-m5.x'

----merge----
Execution time: 10.082744 (ms) 
random_elem:0, /home/fdemirel/HPC_Lab_Proj/benchmarks/merge/merge-m5.x
----quick sort----
Array SIZE      : 131072 
random_elem:0, /home/fdemirel/HPC_Lab_Proj/benchmarks/quick/quick-m5.x
Execution time: 8.253323 (ms) 
Global frequency set at 1000000000000 ticks per second
src/mem/dram_interface.cc:690: warn: DRAM device capacity (16384 Mbytes) does not match the address range assigned (1024 Mbytes)
src/base/statistics.hh:279: warn: One of the stats is a legacy stat. Legacy stat is a stat that does not belong to any statistics::Group. Legacy stat is deprecated.
board.remote_gdb: Listening for connections on port 7001
gem5 Simulator System.  https://www.gem5.org
gem5 is copyrighted software; use the --copyright option for details.

gem5 version 25.0.0.1
gem5 compiled May  5 2026 12:55:05
gem5 started Jun 12 2026 17:38:04
gem5 executing on cn27.guoehi.cluster, pid 164845
command line: /home/fdemirel/HPC_Lab_Proj/stride/../../gem5/build/ALL/gem5.opt -s --outdir=results_stride_multisim --stdout-file=bfs_stride_deg1_dist32_l2_ddr4_1x_simout.txt --stderr-file=bfs_stride_deg1_dist32_l2_ddr4_1x_simerr.txt --stats-file=stats.txt -c 'from multiprocessing.spawn import spawn_main; spawn_main(tracker_fd=7, pipe_handle=13)' --multiprocessing-fork

src/sim/mem_state.cc:443: info: Increasing stack size by one page.
src/sim/syscall_emul.hh:1121: warn: readlink() called on '/proc/self/exe' may yield unexpected results in various settings.
      Returning '/home/fdemirel/HPC_Lab_Proj/benchmarks/bfs/bfs-m5.x'
src/arch/arm/insts/pseudo.cc:174: warn: 	instruction 'bti' unimplemented
Beginning BFS ...
Global frequency set at 1000000000000 ticks per second
src/mem/dram_interface.cc:690: warn: DRAM device capacity (16384 Mbytes) does not match the address range assigned (512 Mbytes)
src/mem/dram_interface.cc:690: warn: DRAM device capacity (16384 Mbytes) does not match the address range assigned (512 Mbytes)
src/base/statistics.hh:279: warn: One of the stats is a legacy stat. Legacy stat is a stat that does not belong to any statistics::Group. Legacy stat is deprecated.
board.remote_gdb: Listening for connections on port 7002
gem5 Simulator System.  https://www.gem5.org
gem5 is copyrighted software; use the --copyright option for details.

gem5 version 25.0.0.1
gem5 compiled May  5 2026 12:55:05
gem5 started Jun 12 2026 17:38:07
gem5 executing on cn27.guoehi.cluster, pid 164846
command line: /home/fdemirel/HPC_Lab_Proj/stride/../../gem5/build/ALL/gem5.opt -s --outdir=results_stride_multisim --stdout-file=spmv_stride_deg16_dist32_l1d_ddr4_2x_simout.txt --stderr-file=spmv_stride_deg16_dist32_l1d_ddr4_2x_simerr.txt --stats-file=stats.txt -c 'from multiprocessing.spawn import spawn_main; spawn_main(tracker_fd=7, pipe_handle=13)' --multiprocessing-fork

src/sim/mem_state.cc:443: info: Increasing stack size by one page.
src/sim/syscall_emul.hh:1121: warn: readlink() called on '/proc/self/exe' may yield unexpected results in various settings.
      Returning '/home/fdemirel/HPC_Lab_Proj/benchmarks/spmv/spmv-m5.x'
src/arch/arm/insts/pseudo.cc:174: warn: 	instruction 'bti' unimplemented
src/sim/mem_state.cc:443: info: Increasing stack size by one page.
src/sim/mem_state.cc:443: info: Increasing stack size by one page.
src/sim/mem_state.cc:443: info: Increasing stack size by one page.
src/sim/mem_state.cc:443: info: Increasing stack size by one page.
src/sim/mem_state.cc:443: info: Increasing stack size by one page.
src/sim/mem_state.cc:443: info: Increasing stack size by one page.
src/sim/mem_state.cc:443: info: Increasing stack size by one page.
Array SIZE      : 1000000 
Array LOOP      : 1 

----triad----
a[0]=7.00e+00. b[0]=2.00e+00. c[0]=1.00e+00.
Execution time: 2.993247 (ms) 
   Rate [MB/s]: 8018.0 
Global frequency set at 1000000000000 ticks per second
src/mem/dram_interface.cc:690: warn: DRAM device capacity (16384 Mbytes) does not match the address range assigned (512 Mbytes)
src/mem/dram_interface.cc:690: warn: DRAM device capacity (16384 Mbytes) does not match the address range assigned (512 Mbytes)
src/base/statistics.hh:279: warn: One of the stats is a legacy stat. Legacy stat is a stat that does not belong to any statistics::Group. Legacy stat is deprecated.
board.remote_gdb: Listening for connections on port 7003
gem5 Simulator System.  https://www.gem5.org
gem5 is copyrighted software; use the --copyright option for details.

gem5 version 25.0.0.1
gem5 compiled May  5 2026 12:55:05
gem5 started Jun 12 2026 17:39:04
gem5 executing on cn27.guoehi.cluster, pid 164853
command line: /home/fdemirel/HPC_Lab_Proj/stride/../../gem5/build/ALL/gem5.opt -s --outdir=results_stride_multisim --stdout-file=simple_triad_stride_deg16_dist16_l2_ddr4_2x_simout.txt --stderr-file=simple_triad_stride_deg16_dist16_l2_ddr4_2x_simerr.txt --stats-file=stats.txt -c 'from multiprocessing.spawn import spawn_main; spawn_main(tracker_fd=7, pipe_handle=13)' --multiprocessing-fork

src/sim/mem_state.cc:443: info: Increasing stack size by one page.
src/sim/syscall_emul.hh:1121: warn: readlink() called on '/proc/self/exe' may yield unexpected results in various settings.
      Returning '/home/fdemirel/HPC_Lab_Proj/benchmarks/simple_triad/simple_triad-m5.x'

----merge----
Execution time: 10.600300 (ms) 
random_elem:0, /home/fdemirel/HPC_Lab_Proj/benchmarks/merge/merge-m5.x
----spmv----
N_ROWS          : 8192 
N_COLS          : 65536 
NNZ             : 524155 
Execution time: 6.878598 (ms) 
Global frequency set at 1000000000000 ticks per second
src/mem/dram_interface.cc:690: warn: DRAM device capacity (16384 Mbytes) does not match the address range assigned (512 Mbytes)
src/mem/dram_interface.cc:690: warn: DRAM device capacity (16384 Mbytes) does not match the address range assigned (512 Mbytes)
src/base/statistics.hh:279: warn: One of the stats is a legacy stat. Legacy stat is a stat that does not belong to any statistics::Group. Legacy stat is deprecated.
board.remote_gdb: Listening for connections on port 7000
gem5 Simulator System.  https://www.gem5.org
gem5 is copyrighted software; use the --copyright option for details.

gem5 version 25.0.0.1
gem5 compiled May  5 2026 12:55:05
gem5 started Jun 12 2026 17:40:06
gem5 executing on cn27.guoehi.cluster, pid 164858
command line: /home/fdemirel/HPC_Lab_Proj/stride/../../gem5/build/ALL/gem5.opt -s --outdir=results_stride_multisim --stdout-file=quick_stride_deg1_dist4_l1d_ddr4_2x_simout.txt --stderr-file=quick_stride_deg1_dist4_l1d_ddr4_2x_simerr.txt --stats-file=stats.txt -c 'from multiprocessing.spawn import spawn_main; spawn_main(tracker_fd=7, pipe_handle=13)' --multiprocessing-fork

src/sim/mem_state.cc:443: info: Increasing stack size by one page.
src/sim/syscall_emul.hh:1121: warn: readlink() called on '/proc/self/exe' may yield unexpected results in various settings.
      Returning '/home/fdemirel/HPC_Lab_Proj/benchmarks/quick/quick-m5.x'
src/arch/arm/insts/pseudo.cc:174: warn: 	instruction 'bti' unimplemented
Global frequency set at 1000000000000 ticks per second
src/mem/dram_interface.cc:690: warn: DRAM device capacity (16384 Mbytes) does not match the address range assigned (512 Mbytes)
src/mem/dram_interface.cc:690: warn: DRAM device capacity (16384 Mbytes) does not match the address range assigned (512 Mbytes)
src/base/statistics.hh:279: warn: One of the stats is a legacy stat. Legacy stat is a stat that does not belong to any statistics::Group. Legacy stat is deprecated.
board.remote_gdb: Listening for connections on port 7002
gem5 Simulator System.  https://www.gem5.org
gem5 is copyrighted software; use the --copyright option for details.

gem5 version 25.0.0.1
gem5 compiled May  5 2026 12:55:05
gem5 started Jun 12 2026 17:40:19
gem5 executing on cn27.guoehi.cluster, pid 164864
command line: /home/fdemirel/HPC_Lab_Proj/stride/../../gem5/build/ALL/gem5.opt -s --outdir=results_stride_multisim --stdout-file=merge_stride_deg4_dist8_l2_ddr4_2x_simout.txt --stderr-file=merge_stride_deg4_dist8_l2_ddr4_2x_simerr.txt --stats-file=stats.txt -c 'from multiprocessing.spawn import spawn_main; spawn_main(tracker_fd=7, pipe_handle=13)' --multiprocessing-fork

src/sim/mem_state.cc:443: info: Increasing stack size by one page.
src/sim/syscall_emul.hh:1121: warn: readlink() called on '/proc/self/exe' may yield unexpected results in various settings.
      Returning '/home/fdemirel/HPC_Lab_Proj/benchmarks/merge/merge-m5.x'
src/arch/arm/insts/pseudo.cc:174: warn: 	instruction 'bti' unimplemented
Array SIZE      : 1000000 
Array LOOP      : 1 

----triad----
a[0]=7.00e+00. b[0]=2.00e+00. c[0]=1.00e+00.
Execution time: 1.753193 (ms) 
   Rate [MB/s]: 13689.3 
Global frequency set at 1000000000000 ticks per second
src/mem/dram_interface.cc:690: warn: DRAM device capacity (16384 Mbytes) does not match the address range assigned (1024 Mbytes)
src/base/statistics.hh:279: warn: One of the stats is a legacy stat. Legacy stat is a stat that does not belong to any statistics::Group. Legacy stat is deprecated.
board.remote_gdb: Listening for connections on port 7003
gem5 Simulator System.  https://www.gem5.org
gem5 is copyrighted software; use the --copyright option for details.

gem5 version 25.0.0.1
gem5 compiled May  5 2026 12:55:05
gem5 started Jun 12 2026 17:40:55
gem5 executing on cn27.guoehi.cluster, pid 164870
command line: /home/fdemirel/HPC_Lab_Proj/stride/../../gem5/build/ALL/gem5.opt -s --outdir=results_stride_multisim --stdout-file=simple_triad_stride_deg8_dist4_l1d_ddr4_1x_simout.txt --stderr-file=simple_triad_stride_deg8_dist4_l1d_ddr4_1x_simerr.txt --stats-file=stats.txt -c 'from multiprocessing.spawn import spawn_main; spawn_main(tracker_fd=7, pipe_handle=13)' --multiprocessing-fork

src/sim/mem_state.cc:443: info: Increasing stack size by one page.
src/sim/syscall_emul.hh:1121: warn: readlink() called on '/proc/self/exe' may yield unexpected results in various settings.
      Returning '/home/fdemirel/HPC_Lab_Proj/benchmarks/simple_triad/simple_triad-m5.x'
Array SIZE      : 1000000 
Array LOOP      : 1 

----triad----
a[0]=7.00e+00. b[0]=2.00e+00. c[0]=1.00e+00.
Execution time: 2.654380 (ms) 
   Rate [MB/s]: 9041.7 
Global frequency set at 1000000000000 ticks per second
src/mem/dram_interface.cc:690: warn: DRAM device capacity (16384 Mbytes) does not match the address range assigned (1024 Mbytes)
src/base/statistics.hh:279: warn: One of the stats is a legacy stat. Legacy stat is a stat that does not belong to any statistics::Group. Legacy stat is deprecated.
board.remote_gdb: Listening for connections on port 7003
gem5 Simulator System.  https://www.gem5.org
gem5 is copyrighted software; use the --copyright option for details.

gem5 version 25.0.0.1
gem5 compiled May  5 2026 12:55:05
gem5 started Jun 12 2026 17:42:54
gem5 executing on cn27.guoehi.cluster, pid 164877
command line: /home/fdemirel/HPC_Lab_Proj/stride/../../gem5/build/ALL/gem5.opt -s --outdir=results_stride_multisim --stdout-file=spmv_stride_deg8_dist16_l1d_ddr4_1x_simout.txt --stderr-file=spmv_stride_deg8_dist16_l1d_ddr4_1x_simerr.txt --stats-file=stats.txt -c 'from multiprocessing.spawn import spawn_main; spawn_main(tracker_fd=7, pipe_handle=13)' --multiprocessing-fork

src/sim/mem_state.cc:443: info: Increasing stack size by one page.
src/sim/syscall_emul.hh:1121: warn: readlink() called on '/proc/self/exe' may yield unexpected results in various settings.
      Returning '/home/fdemirel/HPC_Lab_Proj/benchmarks/spmv/spmv-m5.x'
src/arch/arm/insts/pseudo.cc:174: warn: 	instruction 'bti' unimplemented
src/sim/mem_state.cc:443: info: Increasing stack size by one page.
src/sim/mem_state.cc:443: info: Increasing stack size by one page.
src/sim/mem_state.cc:443: info: Increasing stack size by one page.
src/sim/mem_state.cc:443: info: Increasing stack size by one page.
src/sim/mem_state.cc:443: info: Increasing stack size by one page.
src/sim/mem_state.cc:443: info: Increasing stack size by one page.
src/sim/mem_state.cc:443: info: Increasing stack size by one page.
Finished BFS.
Global frequency set at 1000000000000 ticks per second
src/mem/dram_interface.cc:690: warn: DRAM device capacity (16384 Mbytes) does not match the address range assigned (512 Mbytes)
src/mem/dram_interface.cc:690: warn: DRAM device capacity (16384 Mbytes) does not match the address range assigned (512 Mbytes)
src/base/statistics.hh:279: warn: One of the stats is a legacy stat. Legacy stat is a stat that does not belong to any statistics::Group. Legacy stat is deprecated.
board.remote_gdb: Listening for connections on port 7001
gem5 Simulator System.  https://www.gem5.org
gem5 is copyrighted software; use the --copyright option for details.

gem5 version 25.0.0.1
gem5 compiled May  5 2026 12:55:05
gem5 started Jun 12 2026 17:43:59
gem5 executing on cn27.guoehi.cluster, pid 164882
command line: /home/fdemirel/HPC_Lab_Proj/stride/../../gem5/build/ALL/gem5.opt -s --outdir=results_stride_multisim --stdout-file=quick_stride_deg32_dist1_l2_ddr4_2x_simout.txt --stderr-file=quick_stride_deg32_dist1_l2_ddr4_2x_simerr.txt --stats-file=stats.txt -c 'from multiprocessing.spawn import spawn_main; spawn_main(tracker_fd=7, pipe_handle=13)' --multiprocessing-fork

src/sim/mem_state.cc:443: info: Increasing stack size by one page.
src/sim/syscall_emul.hh:1121: warn: readlink() called on '/proc/self/exe' may yield unexpected results in various settings.
      Returning '/home/fdemirel/HPC_Lab_Proj/benchmarks/quick/quick-m5.x'
src/arch/arm/insts/pseudo.cc:174: warn: 	instruction 'bti' unimplemented
----quick sort----
Array SIZE      : 131072 
random_elem:0, /home/fdemirel/HPC_Lab_Proj/benchmarks/quick/quick-m5.x
Execution time: 8.333099 (ms) 
Global frequency set at 1000000000000 ticks per second
src/mem/dram_interface.cc:690: warn: DRAM device capacity (16384 Mbytes) does not match the address range assigned (1024 Mbytes)
src/base/statistics.hh:279: warn: One of the stats is a legacy stat. Legacy stat is a stat that does not belong to any statistics::Group. Legacy stat is deprecated.
board.remote_gdb: Listening for connections on port 7000
gem5 Simulator System.  https://www.gem5.org
gem5 is copyrighted software; use the --copyright option for details.

gem5 version 25.0.0.1
gem5 compiled May  5 2026 12:55:05
gem5 started Jun 12 2026 17:44:20
gem5 executing on cn27.guoehi.cluster, pid 164887
command line: /home/fdemirel/HPC_Lab_Proj/stride/../../gem5/build/ALL/gem5.opt -s --outdir=results_stride_multisim --stdout-file=merge_stride_deg8_dist32_l1d_ddr4_1x_simout.txt --stderr-file=merge_stride_deg8_dist32_l1d_ddr4_1x_simerr.txt --stats-file=stats.txt -c 'from multiprocessing.spawn import spawn_main; spawn_main(tracker_fd=7, pipe_handle=13)' --multiprocessing-fork

src/sim/mem_state.cc:443: info: Increasing stack size by one page.
src/sim/syscall_emul.hh:1121: warn: readlink() called on '/proc/self/exe' may yield unexpected results in various settings.
      Returning '/home/fdemirel/HPC_Lab_Proj/benchmarks/merge/merge-m5.x'
src/arch/arm/insts/pseudo.cc:174: warn: 	instruction 'bti' unimplemented
----spmv----
N_ROWS          : 8192 
N_COLS          : 65536 
NNZ             : 524155 
Execution time: 7.298570 (ms) 

----merge----
Execution time: 10.468715 (ms) 
random_elem:0, /home/fdemirel/HPC_Lab_Proj/benchmarks/merge/merge-m5.x
Global frequency set at 1000000000000 ticks per second
src/mem/dram_interface.cc:690: warn: DRAM device capacity (16384 Mbytes) does not match the address range assigned (512 Mbytes)
src/mem/dram_interface.cc:690: warn: DRAM device capacity (16384 Mbytes) does not match the address range assigned (512 Mbytes)
src/base/statistics.hh:279: warn: One of the stats is a legacy stat. Legacy stat is a stat that does not belong to any statistics::Group. Legacy stat is deprecated.
board.remote_gdb: Listening for connections on port 7002
gem5 Simulator System.  https://www.gem5.org
gem5 is copyrighted software; use the --copyright option for details.

gem5 version 25.0.0.1
gem5 compiled May  5 2026 12:55:05
gem5 started Jun 12 2026 17:45:06
gem5 executing on cn27.guoehi.cluster, pid 164890
command line: /home/fdemirel/HPC_Lab_Proj/stride/../../gem5/build/ALL/gem5.opt -s --outdir=results_stride_multisim --stdout-file=matmult_stride_deg8_dist8_l1d_ddr4_2x_simout.txt --stderr-file=matmult_stride_deg8_dist8_l1d_ddr4_2x_simerr.txt --stats-file=stats.txt -c 'from multiprocessing.spawn import spawn_main; spawn_main(tracker_fd=7, pipe_handle=13)' --multiprocessing-fork

src/sim/mem_state.cc:443: info: Increasing stack size by one page.
src/sim/syscall_emul.hh:1121: warn: readlink() called on '/proc/self/exe' may yield unexpected results in various settings.
      Returning '/home/fdemirel/HPC_Lab_Proj/benchmarks/matmult/matmult-m5.x'
src/arch/arm/insts/pseudo.cc:174: warn: 	instruction 'bti' unimplemented
Global frequency set at 1000000000000 ticks per second
src/mem/dram_interface.cc:690: warn: DRAM device capacity (16384 Mbytes) does not match the address range assigned (512 Mbytes)
src/mem/dram_interface.cc:690: warn: DRAM device capacity (16384 Mbytes) does not match the address range assigned (512 Mbytes)
src/base/statistics.hh:279: warn: One of the stats is a legacy stat. Legacy stat is a stat that does not belong to any statistics::Group. Legacy stat is deprecated.
board.remote_gdb: Listening for connections on port 7003
gem5 Simulator System.  https://www.gem5.org
gem5 is copyrighted software; use the --copyright option for details.

gem5 version 25.0.0.1
gem5 compiled May  5 2026 12:55:05
gem5 started Jun 12 2026 17:45:20
gem5 executing on cn27.guoehi.cluster, pid 164894
command line: /home/fdemirel/HPC_Lab_Proj/stride/../../gem5/build/ALL/gem5.opt -s --outdir=results_stride_multisim --stdout-file=spmv_stride_deg16_dist32_l2_ddr4_2x_simout.txt --stderr-file=spmv_stride_deg16_dist32_l2_ddr4_2x_simerr.txt --stats-file=stats.txt -c 'from multiprocessing.spawn import spawn_main; spawn_main(tracker_fd=7, pipe_handle=13)' --multiprocessing-fork

src/sim/mem_state.cc:443: info: Increasing stack size by one page.
src/sim/syscall_emul.hh:1121: warn: readlink() called on '/proc/self/exe' may yield unexpected results in various settings.
      Returning '/home/fdemirel/HPC_Lab_Proj/benchmarks/spmv/spmv-m5.x'
src/arch/arm/insts/pseudo.cc:174: warn: 	instruction 'bti' unimplemented
src/sim/mem_state.cc:443: info: Increasing stack size by one page.
src/sim/mem_state.cc:443: info: Increasing stack size by one page.
src/sim/mem_state.cc:443: info: Increasing stack size by one page.
src/sim/mem_state.cc:443: info: Increasing stack size by one page.
src/sim/mem_state.cc:443: info: Increasing stack size by one page.
src/sim/mem_state.cc:443: info: Increasing stack size by one page.
src/sim/mem_state.cc:443: info: Increasing stack size by one page.

----MATRIX MULTIPLICATION----

----Computation starts----
Loop 0 ... 
argc = 2, A[argc][argc] = 0.500000, B[argc][argc] = 0.500000, C[argc][argc] = 0.500000 
Execution time: 1.220238 (ms) 
Global frequency set at 1000000000000 ticks per second
src/mem/dram_interface.cc:690: warn: DRAM device capacity (16384 Mbytes) does not match the address range assigned (1024 Mbytes)
src/base/statistics.hh:279: warn: One of the stats is a legacy stat. Legacy stat is a stat that does not belong to any statistics::Group. Legacy stat is deprecated.
board.remote_gdb: Listening for connections on port 7002
gem5 Simulator System.  https://www.gem5.org
gem5 is copyrighted software; use the --copyright option for details.

gem5 version 25.0.0.1
gem5 compiled May  5 2026 12:55:05
gem5 started Jun 12 2026 17:46:22
gem5 executing on cn27.guoehi.cluster, pid 164900
command line: /home/fdemirel/HPC_Lab_Proj/stride/../../gem5/build/ALL/gem5.opt -s --outdir=results_stride_multisim --stdout-file=matmult_stride_deg8_dist8_l2_ddr4_1x_simout.txt --stderr-file=matmult_stride_deg8_dist8_l2_ddr4_1x_simerr.txt --stats-file=stats.txt -c 'from multiprocessing.spawn import spawn_main; spawn_main(tracker_fd=7, pipe_handle=13)' --multiprocessing-fork

src/sim/mem_state.cc:443: info: Increasing stack size by one page.
src/sim/syscall_emul.hh:1121: warn: readlink() called on '/proc/self/exe' may yield unexpected results in various settings.
      Returning '/home/fdemirel/HPC_Lab_Proj/benchmarks/matmult/matmult-m5.x'
src/arch/arm/insts/pseudo.cc:174: warn: 	instruction 'bti' unimplemented
----spmv----
N_ROWS          : 8192 
N_COLS          : 65536 
NNZ             : 524155 
Execution time: 6.917906 (ms) 

----MATRIX MULTIPLICATION----

----Computation starts----
Loop 0 ... 
argc = 2, A[argc][argc] = 0.500000, B[argc][argc] = 0.500000, C[argc][argc] = 0.500000 
Execution time: 1.211105 (ms) 
Global frequency set at 1000000000000 ticks per second
src/mem/dram_interface.cc:690: warn: DRAM device capacity (16384 Mbytes) does not match the address range assigned (1024 Mbytes)
src/base/statistics.hh:279: warn: One of the stats is a legacy stat. Legacy stat is a stat that does not belong to any statistics::Group. Legacy stat is deprecated.
board.remote_gdb: Listening for connections on port 7002
gem5 Simulator System.  https://www.gem5.org
gem5 is copyrighted software; use the --copyright option for details.

gem5 version 25.0.0.1
gem5 compiled May  5 2026 12:55:05
gem5 started Jun 12 2026 17:47:21
gem5 executing on cn27.guoehi.cluster, pid 164905
command line: /home/fdemirel/HPC_Lab_Proj/stride/../../gem5/build/ALL/gem5.opt -s --outdir=results_stride_multisim --stdout-file=simple_triad_stride_deg8_dist4_l2_ddr4_1x_simout.txt --stderr-file=simple_triad_stride_deg8_dist4_l2_ddr4_1x_simerr.txt --stats-file=stats.txt -c 'from multiprocessing.spawn import spawn_main; spawn_main(tracker_fd=7, pipe_handle=13)' --multiprocessing-fork

src/sim/mem_state.cc:443: info: Increasing stack size by one page.
src/sim/syscall_emul.hh:1121: warn: readlink() called on '/proc/self/exe' may yield unexpected results in various settings.
      Returning '/home/fdemirel/HPC_Lab_Proj/benchmarks/simple_triad/simple_triad-m5.x'
Global frequency set at 1000000000000 ticks per second
src/mem/dram_interface.cc:690: warn: DRAM device capacity (16384 Mbytes) does not match the address range assigned (1024 Mbytes)
src/base/statistics.hh:279: warn: One of the stats is a legacy stat. Legacy stat is a stat that does not belong to any statistics::Group. Legacy stat is deprecated.
board.remote_gdb: Listening for connections on port 7003
gem5 Simulator System.  https://www.gem5.org
gem5 is copyrighted software; use the --copyright option for details.

gem5 version 25.0.0.1
gem5 compiled May  5 2026 12:55:05
gem5 started Jun 12 2026 17:47:31
gem5 executing on cn27.guoehi.cluster, pid 164906
command line: /home/fdemirel/HPC_Lab_Proj/stride/../../gem5/build/ALL/gem5.opt -s --outdir=results_stride_multisim --stdout-file=bfs_stride_deg16_dist4_l1d_ddr4_1x_simout.txt --stderr-file=bfs_stride_deg16_dist4_l1d_ddr4_1x_simerr.txt --stats-file=stats.txt -c 'from multiprocessing.spawn import spawn_main; spawn_main(tracker_fd=7, pipe_handle=13)' --multiprocessing-fork

src/sim/mem_state.cc:443: info: Increasing stack size by one page.
src/sim/syscall_emul.hh:1121: warn: readlink() called on '/proc/self/exe' may yield unexpected results in various settings.
      Returning '/home/fdemirel/HPC_Lab_Proj/benchmarks/bfs/bfs-m5.x'
src/arch/arm/insts/pseudo.cc:174: warn: 	instruction 'bti' unimplemented
Beginning BFS ...
----quick sort----
Array SIZE      : 131072 
random_elem:0, /home/fdemirel/HPC_Lab_Proj/benchmarks/quick/quick-m5.x
Execution time: 8.574354 (ms) 
Global frequency set at 1000000000000 ticks per second
src/mem/dram_interface.cc:690: warn: DRAM device capacity (16384 Mbytes) does not match the address range assigned (512 Mbytes)
src/mem/dram_interface.cc:690: warn: DRAM device capacity (16384 Mbytes) does not match the address range assigned (512 Mbytes)
src/base/statistics.hh:279: warn: One of the stats is a legacy stat. Legacy stat is a stat that does not belong to any statistics::Group. Legacy stat is deprecated.
board.remote_gdb: Listening for connections on port 7001
gem5 Simulator System.  https://www.gem5.org
gem5 is copyrighted software; use the --copyright option for details.

gem5 version 25.0.0.1
gem5 compiled May  5 2026 12:55:05
gem5 started Jun 12 2026 17:48:15
gem5 executing on cn27.guoehi.cluster, pid 164912
command line: /home/fdemirel/HPC_Lab_Proj/stride/../../gem5/build/ALL/gem5.opt -s --outdir=results_stride_multisim --stdout-file=merge_stride_deg8_dist16_l1d_ddr4_2x_simout.txt --stderr-file=merge_stride_deg8_dist16_l1d_ddr4_2x_simerr.txt --stats-file=stats.txt -c 'from multiprocessing.spawn import spawn_main; spawn_main(tracker_fd=7, pipe_handle=13)' --multiprocessing-fork

src/sim/mem_state.cc:443: info: Increasing stack size by one page.
src/sim/syscall_emul.hh:1121: warn: readlink() called on '/proc/self/exe' may yield unexpected results in various settings.
      Returning '/home/fdemirel/HPC_Lab_Proj/benchmarks/merge/merge-m5.x'
src/arch/arm/insts/pseudo.cc:174: warn: 	instruction 'bti' unimplemented
Array SIZE      : 1000000 
Array LOOP      : 1 

----triad----
a[0]=7.00e+00. b[0]=2.00e+00. c[0]=1.00e+00.
Execution time: 2.413122 (ms) 
   Rate [MB/s]: 9945.6 

----merge----
Execution time: 10.707474 (ms) 
random_elem:0, /home/fdemirel/HPC_Lab_Proj/benchmarks/merge/merge-m5.x
Global frequency set at 1000000000000 ticks per second
src/mem/dram_interface.cc:690: warn: DRAM device capacity (16384 Mbytes) does not match the address range assigned (1024 Mbytes)
src/base/statistics.hh:279: warn: One of the stats is a legacy stat. Legacy stat is a stat that does not belong to any statistics::Group. Legacy stat is deprecated.
board.remote_gdb: Listening for connections on port 7000
gem5 Simulator System.  https://www.gem5.org
gem5 is copyrighted software; use the --copyright option for details.

gem5 version 25.0.0.1
gem5 compiled May  5 2026 12:55:05
gem5 started Jun 12 2026 17:49:18
gem5 executing on cn27.guoehi.cluster, pid 164918
command line: /home/fdemirel/HPC_Lab_Proj/stride/../../gem5/build/ALL/gem5.opt -s --outdir=results_stride_multisim --stdout-file=merge_stride_deg8_dist32_l2_ddr4_1x_simout.txt --stderr-file=merge_stride_deg8_dist32_l2_ddr4_1x_simerr.txt --stats-file=stats.txt -c 'from multiprocessing.spawn import spawn_main; spawn_main(tracker_fd=7, pipe_handle=13)' --multiprocessing-fork

src/sim/mem_state.cc:443: info: Increasing stack size by one page.
src/sim/syscall_emul.hh:1121: warn: readlink() called on '/proc/self/exe' may yield unexpected results in various settings.
      Returning '/home/fdemirel/HPC_Lab_Proj/benchmarks/merge/merge-m5.x'
src/arch/arm/insts/pseudo.cc:174: warn: 	instruction 'bti' unimplemented
Global frequency set at 1000000000000 ticks per second
src/mem/dram_interface.cc:690: warn: DRAM device capacity (16384 Mbytes) does not match the address range assigned (1024 Mbytes)
src/base/statistics.hh:279: warn: One of the stats is a legacy stat. Legacy stat is a stat that does not belong to any statistics::Group. Legacy stat is deprecated.
board.remote_gdb: Listening for connections on port 7002
gem5 Simulator System.  https://www.gem5.org
gem5 is copyrighted software; use the --copyright option for details.

gem5 version 25.0.0.1
gem5 compiled May  5 2026 12:55:05
gem5 started Jun 12 2026 17:49:32
gem5 executing on cn27.guoehi.cluster, pid 164919
command line: /home/fdemirel/HPC_Lab_Proj/stride/../../gem5/build/ALL/gem5.opt -s --outdir=results_stride_multisim --stdout-file=bfs_stride_deg1_dist16_l1d_ddr4_1x_simout.txt --stderr-file=bfs_stride_deg1_dist16_l1d_ddr4_1x_simerr.txt --stats-file=stats.txt -c 'from multiprocessing.spawn import spawn_main; spawn_main(tracker_fd=7, pipe_handle=13)' --multiprocessing-fork

src/sim/mem_state.cc:443: info: Increasing stack size by one page.
src/sim/syscall_emul.hh:1121: warn: readlink() called on '/proc/self/exe' may yield unexpected results in various settings.
      Returning '/home/fdemirel/HPC_Lab_Proj/benchmarks/bfs/bfs-m5.x'
src/arch/arm/insts/pseudo.cc:174: warn: 	instruction 'bti' unimplemented
Beginning BFS ...

----merge----
Execution time: 10.260870 (ms) 
random_elem:0, /home/fdemirel/HPC_Lab_Proj/benchmarks/merge/merge-m5.x
Global frequency set at 1000000000000 ticks per second
src/mem/dram_interface.cc:690: warn: DRAM device capacity (16384 Mbytes) does not match the address range assigned (1024 Mbytes)
src/base/statistics.hh:279: warn: One of the stats is a legacy stat. Legacy stat is a stat that does not belong to any statistics::Group. Legacy stat is deprecated.
board.remote_gdb: Listening for connections on port 7001
gem5 Simulator System.  https://www.gem5.org
gem5 is copyrighted software; use the --copyright option for details.

gem5 version 25.0.0.1
gem5 compiled May  5 2026 12:55:05
gem5 started Jun 12 2026 17:53:25
gem5 executing on cn27.guoehi.cluster, pid 164940
command line: /home/fdemirel/HPC_Lab_Proj/stride/../../gem5/build/ALL/gem5.opt -s --outdir=results_stride_multisim --stdout-file=spmv_stride_deg1_dist1_l1d_ddr4_1x_simout.txt --stderr-file=spmv_stride_deg1_dist1_l1d_ddr4_1x_simerr.txt --stats-file=stats.txt -c 'from multiprocessing.spawn import spawn_main; spawn_main(tracker_fd=7, pipe_handle=13)' --multiprocessing-fork

src/sim/mem_state.cc:443: info: Increasing stack size by one page.
src/sim/syscall_emul.hh:1121: warn: readlink() called on '/proc/self/exe' may yield unexpected results in various settings.
      Returning '/home/fdemirel/HPC_Lab_Proj/benchmarks/spmv/spmv-m5.x'
src/arch/arm/insts/pseudo.cc:174: warn: 	instruction 'bti' unimplemented
src/sim/mem_state.cc:443: info: Increasing stack size by one page.
src/sim/mem_state.cc:443: info: Increasing stack size by one page.
src/sim/mem_state.cc:443: info: Increasing stack size by one page.
src/sim/mem_state.cc:443: info: Increasing stack size by one page.
src/sim/mem_state.cc:443: info: Increasing stack size by one page.
src/sim/mem_state.cc:443: info: Increasing stack size by one page.
src/sim/mem_state.cc:443: info: Increasing stack size by one page.
Finished BFS.
Global frequency set at 1000000000000 ticks per second
src/mem/dram_interface.cc:690: warn: DRAM device capacity (16384 Mbytes) does not match the address range assigned (512 Mbytes)
src/mem/dram_interface.cc:690: warn: DRAM device capacity (16384 Mbytes) does not match the address range assigned (512 Mbytes)
src/base/statistics.hh:279: warn: One of the stats is a legacy stat. Legacy stat is a stat that does not belong to any statistics::Group. Legacy stat is deprecated.
board.remote_gdb: Listening for connections on port 7003
gem5 Simulator System.  https://www.gem5.org
gem5 is copyrighted software; use the --copyright option for details.

gem5 version 25.0.0.1
gem5 compiled May  5 2026 12:55:05
gem5 started Jun 12 2026 17:53:47
gem5 executing on cn27.guoehi.cluster, pid 164944
command line: /home/fdemirel/HPC_Lab_Proj/stride/../../gem5/build/ALL/gem5.opt -s --outdir=results_stride_multisim --stdout-file=matmult_stride_deg8_dist8_l2_ddr4_2x_simout.txt --stderr-file=matmult_stride_deg8_dist8_l2_ddr4_2x_simerr.txt --stats-file=stats.txt -c 'from multiprocessing.spawn import spawn_main; spawn_main(tracker_fd=7, pipe_handle=13)' --multiprocessing-fork

src/sim/mem_state.cc:443: info: Increasing stack size by one page.
src/sim/syscall_emul.hh:1121: warn: readlink() called on '/proc/self/exe' may yield unexpected results in various settings.
      Returning '/home/fdemirel/HPC_Lab_Proj/benchmarks/matmult/matmult-m5.x'
src/arch/arm/insts/pseudo.cc:174: warn: 	instruction 'bti' unimplemented

----merge----
Execution time: 11.018650 (ms) 
random_elem:0, /home/fdemirel/HPC_Lab_Proj/benchmarks/merge/merge-m5.x
Global frequency set at 1000000000000 ticks per second
src/mem/dram_interface.cc:690: warn: DRAM device capacity (16384 Mbytes) does not match the address range assigned (512 Mbytes)
src/mem/dram_interface.cc:690: warn: DRAM device capacity (16384 Mbytes) does not match the address range assigned (512 Mbytes)
src/base/statistics.hh:279: warn: One of the stats is a legacy stat. Legacy stat is a stat that does not belong to any statistics::Group. Legacy stat is deprecated.
board.remote_gdb: Listening for connections on port 7000
gem5 Simulator System.  https://www.gem5.org
gem5 is copyrighted software; use the --copyright option for details.

gem5 version 25.0.0.1
gem5 compiled May  5 2026 12:55:05
gem5 started Jun 12 2026 17:54:29
gem5 executing on cn27.guoehi.cluster, pid 164948
command line: /home/fdemirel/HPC_Lab_Proj/stride/../../gem5/build/ALL/gem5.opt -s --outdir=results_stride_multisim --stdout-file=quick_stride_deg4_dist8_l1d_ddr4_2x_simout.txt --stderr-file=quick_stride_deg4_dist8_l1d_ddr4_2x_simerr.txt --stats-file=stats.txt -c 'from multiprocessing.spawn import spawn_main; spawn_main(tracker_fd=7, pipe_handle=13)' --multiprocessing-fork

src/sim/mem_state.cc:443: info: Increasing stack size by one page.
src/sim/syscall_emul.hh:1121: warn: readlink() called on '/proc/self/exe' may yield unexpected results in various settings.
      Returning '/home/fdemirel/HPC_Lab_Proj/benchmarks/quick/quick-m5.x'
src/arch/arm/insts/pseudo.cc:174: warn: 	instruction 'bti' unimplemented

----MATRIX MULTIPLICATION----

----Computation starts----
Loop 0 ... 
argc = 2, A[argc][argc] = 0.500000, B[argc][argc] = 0.500000, C[argc][argc] = 0.500000 
Execution time: 1.212347 (ms) 
Global frequency set at 1000000000000 ticks per second
src/mem/dram_interface.cc:690: warn: DRAM device capacity (16384 Mbytes) does not match the address range assigned (1024 Mbytes)
src/base/statistics.hh:279: warn: One of the stats is a legacy stat. Legacy stat is a stat that does not belong to any statistics::Group. Legacy stat is deprecated.
board.remote_gdb: Listening for connections on port 7003
gem5 Simulator System.  https://www.gem5.org
gem5 is copyrighted software; use the --copyright option for details.

gem5 version 25.0.0.1
gem5 compiled May  5 2026 12:55:05
gem5 started Jun 12 2026 17:54:58
gem5 executing on cn27.guoehi.cluster, pid 164952
command line: /home/fdemirel/HPC_Lab_Proj/stride/../../gem5/build/ALL/gem5.opt -s --outdir=results_stride_multisim --stdout-file=quick_stride_deg1_dist8_l2_ddr4_1x_simout.txt --stderr-file=quick_stride_deg1_dist8_l2_ddr4_1x_simerr.txt --stats-file=stats.txt -c 'from multiprocessing.spawn import spawn_main; spawn_main(tracker_fd=7, pipe_handle=13)' --multiprocessing-fork

src/sim/mem_state.cc:443: info: Increasing stack size by one page.
src/sim/syscall_emul.hh:1121: warn: readlink() called on '/proc/self/exe' may yield unexpected results in various settings.
      Returning '/home/fdemirel/HPC_Lab_Proj/benchmarks/quick/quick-m5.x'
src/arch/arm/insts/pseudo.cc:174: warn: 	instruction 'bti' unimplemented
----spmv----
N_ROWS          : 8192 
N_COLS          : 65536 
NNZ             : 524155 
Execution time: 7.423394 (ms) 
Finished BFS.
Global frequency set at 1000000000000 ticks per second
src/mem/dram_interface.cc:690: warn: DRAM device capacity (16384 Mbytes) does not match the address range assigned (1024 Mbytes)
src/base/statistics.hh:279: warn: One of the stats is a legacy stat. Legacy stat is a stat that does not belong to any statistics::Group. Legacy stat is deprecated.
board.remote_gdb: Listening for connections on port 7001
gem5 Simulator System.  https://www.gem5.org
gem5 is copyrighted software; use the --copyright option for details.

gem5 version 25.0.0.1
gem5 compiled May  5 2026 12:55:05
gem5 started Jun 12 2026 17:55:25
gem5 executing on cn27.guoehi.cluster, pid 164956
command line: /home/fdemirel/HPC_Lab_Proj/stride/../../gem5/build/ALL/gem5.opt -s --outdir=results_stride_multisim --stdout-file=merge_stride_deg1_dist4_l1d_ddr4_1x_simout.txt --stderr-file=merge_stride_deg1_dist4_l1d_ddr4_1x_simerr.txt --stats-file=stats.txt -c 'from multiprocessing.spawn import spawn_main; spawn_main(tracker_fd=7, pipe_handle=13)' --multiprocessing-fork

src/sim/mem_state.cc:443: info: Increasing stack size by one page.
src/sim/syscall_emul.hh:1121: warn: readlink() called on '/proc/self/exe' may yield unexpected results in various settings.
      Returning '/home/fdemirel/HPC_Lab_Proj/benchmarks/merge/merge-m5.x'
src/arch/arm/insts/pseudo.cc:174: warn: 	instruction 'bti' unimplemented
Global frequency set at 1000000000000 ticks per second
src/mem/dram_interface.cc:690: warn: DRAM device capacity (16384 Mbytes) does not match the address range assigned (1024 Mbytes)
src/base/statistics.hh:279: warn: One of the stats is a legacy stat. Legacy stat is a stat that does not belong to any statistics::Group. Legacy stat is deprecated.
board.remote_gdb: Listening for connections on port 7002
gem5 Simulator System.  https://www.gem5.org
gem5 is copyrighted software; use the --copyright option for details.

gem5 version 25.0.0.1
gem5 compiled May  5 2026 12:55:05
gem5 started Jun 12 2026 17:55:34
gem5 executing on cn27.guoehi.cluster, pid 164958
command line: /home/fdemirel/HPC_Lab_Proj/stride/../../gem5/build/ALL/gem5.opt -s --outdir=results_stride_multisim --stdout-file=matmult_stride_deg32_dist32_l1d_ddr4_1x_simout.txt --stderr-file=matmult_stride_deg32_dist32_l1d_ddr4_1x_simerr.txt --stats-file=stats.txt -c 'from multiprocessing.spawn import spawn_main; spawn_main(tracker_fd=7, pipe_handle=13)' --multiprocessing-fork

src/sim/mem_state.cc:443: info: Increasing stack size by one page.
src/sim/syscall_emul.hh:1121: warn: readlink() called on '/proc/self/exe' may yield unexpected results in various settings.
      Returning '/home/fdemirel/HPC_Lab_Proj/benchmarks/matmult/matmult-m5.x'
src/arch/arm/insts/pseudo.cc:174: warn: 	instruction 'bti' unimplemented

----MATRIX MULTIPLICATION----

----Computation starts----
Loop 0 ... 
argc = 2, A[argc][argc] = 0.500000, B[argc][argc] = 0.500000, C[argc][argc] = 0.500000 
Execution time: 1.246477 (ms) 
Global frequency set at 1000000000000 ticks per second
src/mem/dram_interface.cc:690: warn: DRAM device capacity (16384 Mbytes) does not match the address range assigned (512 Mbytes)
src/mem/dram_interface.cc:690: warn: DRAM device capacity (16384 Mbytes) does not match the address range assigned (512 Mbytes)
src/base/statistics.hh:279: warn: One of the stats is a legacy stat. Legacy stat is a stat that does not belong to any statistics::Group. Legacy stat is deprecated.
board.remote_gdb: Listening for connections on port 7002
gem5 Simulator System.  https://www.gem5.org
gem5 is copyrighted software; use the --copyright option for details.

gem5 version 25.0.0.1
gem5 compiled May  5 2026 12:55:05
gem5 started Jun 12 2026 17:56:52
gem5 executing on cn27.guoehi.cluster, pid 164971
command line: /home/fdemirel/HPC_Lab_Proj/stride/../../gem5/build/ALL/gem5.opt -s --outdir=results_stride_multisim --stdout-file=simple_triad_stride_deg32_dist32_l2_ddr4_2x_simout.txt --stderr-file=simple_triad_stride_deg32_dist32_l2_ddr4_2x_simerr.txt --stats-file=stats.txt -c 'from multiprocessing.spawn import spawn_main; spawn_main(tracker_fd=7, pipe_handle=13)' --multiprocessing-fork

src/sim/mem_state.cc:443: info: Increasing stack size by one page.
src/sim/syscall_emul.hh:1121: warn: readlink() called on '/proc/self/exe' may yield unexpected results in various settings.
      Returning '/home/fdemirel/HPC_Lab_Proj/benchmarks/simple_triad/simple_triad-m5.x'
Array SIZE      : 1000000 
Array LOOP      : 1 

----triad----
a[0]=7.00e+00. b[0]=2.00e+00. c[0]=1.00e+00.
Execution time: 2.147164 (ms) 
   Rate [MB/s]: 11177.5 
----quick sort----
Array SIZE      : 131072 
random_elem:0, /home/fdemirel/HPC_Lab_Proj/benchmarks/quick/quick-m5.x
Execution time: 8.413169 (ms) 
Global frequency set at 1000000000000 ticks per second
Global frequency set at 1000000000000 ticks per second
src/mem/dram_interface.cc:690: warn: DRAM device capacity (16384 Mbytes) does not match the address range assigned (512 Mbytes)
src/mem/dram_interface.cc:690: warn: DRAM device capacity (16384 Mbytes) does not match the address range assigned (512 Mbytes)
src/base/statistics.hh:279: warn: One of the stats is a legacy stat. Legacy stat is a stat that does not belong to any statistics::Group. Legacy stat is deprecated.
board.remote_gdb: Listening for connections on port 7000
gem5 Simulator System.  https://www.gem5.org
gem5 is copyrighted software; use the --copyright option for details.

gem5 version 25.0.0.1
gem5 compiled May  5 2026 12:55:05
gem5 started Jun 12 2026 17:58:37
gem5 executing on cn27.guoehi.cluster, pid 164977
command line: /home/fdemirel/HPC_Lab_Proj/stride/../../gem5/build/ALL/gem5.opt -s --outdir=results_stride_multisim --stdout-file=matmult_stride_deg16_dist16_l1d_ddr4_2x_simout.txt --stderr-file=matmult_stride_deg16_dist16_l1d_ddr4_2x_simerr.txt --stats-file=stats.txt -c 'from multiprocessing.spawn import spawn_main; spawn_main(tracker_fd=7, pipe_handle=13)' --multiprocessing-fork

src/sim/mem_state.cc:443: info: Increasing stack size by one page.
src/sim/syscall_emul.hh:1121: warn: readlink() called on '/proc/self/exe' may yield unexpected results in various settings.
      Returning '/home/fdemirel/HPC_Lab_Proj/benchmarks/matmult/matmult-m5.x'
src/arch/arm/insts/pseudo.cc:174: warn: 	instruction 'bti' unimplemented
src/mem/dram_interface.cc:690: warn: DRAM device capacity (16384 Mbytes) does not match the address range assigned (1024 Mbytes)
src/base/statistics.hh:279: warn: One of the stats is a legacy stat. Legacy stat is a stat that does not belong to any statistics::Group. Legacy stat is deprecated.
board.remote_gdb: Listening for connections on port 7002
gem5 Simulator System.  https://www.gem5.org
gem5 is copyrighted software; use the --copyright option for details.

gem5 version 25.0.0.1
gem5 compiled May  5 2026 12:55:05
gem5 started Jun 12 2026 17:58:38
gem5 executing on cn27.guoehi.cluster, pid 164978
command line: /home/fdemirel/HPC_Lab_Proj/stride/../../gem5/build/ALL/gem5.opt -s --outdir=results_stride_multisim --stdout-file=bfs_stride_deg1_dist16_l2_ddr4_1x_simout.txt --stderr-file=bfs_stride_deg1_dist16_l2_ddr4_1x_simerr.txt --stats-file=stats.txt -c 'from multiprocessing.spawn import spawn_main; spawn_main(tracker_fd=7, pipe_handle=13)' --multiprocessing-fork

src/sim/mem_state.cc:443: info: Increasing stack size by one page.
src/sim/syscall_emul.hh:1121: warn: readlink() called on '/proc/self/exe' may yield unexpected results in various settings.
      Returning '/home/fdemirel/HPC_Lab_Proj/benchmarks/bfs/bfs-m5.x'
src/arch/arm/insts/pseudo.cc:174: warn: 	instruction 'bti' unimplemented
Beginning BFS ...
----quick sort----
Array SIZE      : 131072 
random_elem:0, /home/fdemirel/HPC_Lab_Proj/benchmarks/quick/quick-m5.x
Execution time: 8.711621 (ms) 
Global frequency set at 1000000000000 ticks per second
src/mem/dram_interface.cc:690: warn: DRAM device capacity (16384 Mbytes) does not match the address range assigned (512 Mbytes)
src/mem/dram_interface.cc:690: warn: DRAM device capacity (16384 Mbytes) does not match the address range assigned (512 Mbytes)
src/base/statistics.hh:279: warn: One of the stats is a legacy stat. Legacy stat is a stat that does not belong to any statistics::Group. Legacy stat is deprecated.
board.remote_gdb: Listening for connections on port 7003
gem5 Simulator System.  https://www.gem5.org
gem5 is copyrighted software; use the --copyright option for details.

gem5 version 25.0.0.1
gem5 compiled May  5 2026 12:55:05
gem5 started Jun 12 2026 17:59:09
gem5 executing on cn27.guoehi.cluster, pid 164985
command line: /home/fdemirel/HPC_Lab_Proj/stride/../../gem5/build/ALL/gem5.opt -s --outdir=results_stride_multisim --stdout-file=bfs_stride_deg32_dist1_l1d_ddr4_2x_simout.txt --stderr-file=bfs_stride_deg32_dist1_l1d_ddr4_2x_simerr.txt --stats-file=stats.txt -c 'from multiprocessing.spawn import spawn_main; spawn_main(tracker_fd=7, pipe_handle=13)' --multiprocessing-fork

src/sim/mem_state.cc:443: info: Increasing stack size by one page.
src/sim/syscall_emul.hh:1121: warn: readlink() called on '/proc/self/exe' may yield unexpected results in various settings.
      Returning '/home/fdemirel/HPC_Lab_Proj/benchmarks/bfs/bfs-m5.x'
src/arch/arm/insts/pseudo.cc:174: warn: 	instruction 'bti' unimplemented
Beginning BFS ...

----MATRIX MULTIPLICATION----

----Computation starts----
Loop 0 ... 
argc = 2, A[argc][argc] = 0.500000, B[argc][argc] = 0.500000, C[argc][argc] = 0.500000 
Execution time: 1.215077 (ms) 
Global frequency set at 1000000000000 ticks per second
src/mem/dram_interface.cc:690: warn: DRAM device capacity (16384 Mbytes) does not match the address range assigned (1024 Mbytes)
src/base/statistics.hh:279: warn: One of the stats is a legacy stat. Legacy stat is a stat that does not belong to any statistics::Group. Legacy stat is deprecated.
board.remote_gdb: Listening for connections on port 7000
gem5 Simulator System.  https://www.gem5.org
gem5 is copyrighted software; use the --copyright option for details.

gem5 version 25.0.0.1
gem5 compiled May  5 2026 12:55:05
gem5 started Jun 12 2026 17:59:51
gem5 executing on cn27.guoehi.cluster, pid 164990
command line: /home/fdemirel/HPC_Lab_Proj/stride/../../gem5/build/ALL/gem5.opt -s --outdir=results_stride_multisim --stdout-file=simple_triad_stride_deg8_dist1_l1d_ddr4_1x_simout.txt --stderr-file=simple_triad_stride_deg8_dist1_l1d_ddr4_1x_simerr.txt --stats-file=stats.txt -c 'from multiprocessing.spawn import spawn_main; spawn_main(tracker_fd=7, pipe_handle=13)' --multiprocessing-fork

src/sim/mem_state.cc:443: info: Increasing stack size by one page.
src/sim/syscall_emul.hh:1121: warn: readlink() called on '/proc/self/exe' may yield unexpected results in various settings.
      Returning '/home/fdemirel/HPC_Lab_Proj/benchmarks/simple_triad/simple_triad-m5.x'

----merge----
Execution time: 10.107527 (ms) 
random_elem:0, /home/fdemirel/HPC_Lab_Proj/benchmarks/merge/merge-m5.x
Global frequency set at 1000000000000 ticks per second
src/mem/dram_interface.cc:690: warn: DRAM device capacity (16384 Mbytes) does not match the address range assigned (1024 Mbytes)
src/base/statistics.hh:279: warn: One of the stats is a legacy stat. Legacy stat is a stat that does not belong to any statistics::Group. Legacy stat is deprecated.
board.remote_gdb: Listening for connections on port 7001
gem5 Simulator System.  https://www.gem5.org
gem5 is copyrighted software; use the --copyright option for details.

gem5 version 25.0.0.1
gem5 compiled May  5 2026 12:55:05
gem5 started Jun 12 2026 18:00:31
gem5 executing on cn27.guoehi.cluster, pid 164997
command line: /home/fdemirel/HPC_Lab_Proj/stride/../../gem5/build/ALL/gem5.opt -s --outdir=results_stride_multisim --stdout-file=bfs_stride_deg16_dist1_l1d_ddr4_1x_simout.txt --stderr-file=bfs_stride_deg16_dist1_l1d_ddr4_1x_simerr.txt --stats-file=stats.txt -c 'from multiprocessing.spawn import spawn_main; spawn_main(tracker_fd=7, pipe_handle=13)' --multiprocessing-fork

src/sim/mem_state.cc:443: info: Increasing stack size by one page.
src/sim/syscall_emul.hh:1121: warn: readlink() called on '/proc/self/exe' may yield unexpected results in various settings.
      Returning '/home/fdemirel/HPC_Lab_Proj/benchmarks/bfs/bfs-m5.x'
src/arch/arm/insts/pseudo.cc:174: warn: 	instruction 'bti' unimplemented
Beginning BFS ...
Array SIZE      : 1000000 
Array LOOP      : 1 

----triad----
a[0]=7.00e+00. b[0]=2.00e+00. c[0]=1.00e+00.
Execution time: 2.510128 (ms) 
   Rate [MB/s]: 9561.3 
Global frequency set at 1000000000000 ticks per second
src/mem/dram_interface.cc:690: warn: DRAM device capacity (16384 Mbytes) does not match the address range assigned (1024 Mbytes)
src/base/statistics.hh:279: warn: One of the stats is a legacy stat. Legacy stat is a stat that does not belong to any statistics::Group. Legacy stat is deprecated.
board.remote_gdb: Listening for connections on port 7000
gem5 Simulator System.  https://www.gem5.org
gem5 is copyrighted software; use the --copyright option for details.

gem5 version 25.0.0.1
gem5 compiled May  5 2026 12:55:05
gem5 started Jun 12 2026 18:01:53
gem5 executing on cn27.guoehi.cluster, pid 165004
command line: /home/fdemirel/HPC_Lab_Proj/stride/../../gem5/build/ALL/gem5.opt -s --outdir=results_stride_multisim --stdout-file=matmult_stride_deg8_dist4_l1d_ddr4_1x_simout.txt --stderr-file=matmult_stride_deg8_dist4_l1d_ddr4_1x_simerr.txt --stats-file=stats.txt -c 'from multiprocessing.spawn import spawn_main; spawn_main(tracker_fd=7, pipe_handle=13)' --multiprocessing-fork

src/sim/mem_state.cc:443: info: Increasing stack size by one page.
src/sim/syscall_emul.hh:1121: warn: readlink() called on '/proc/self/exe' may yield unexpected results in various settings.
      Returning '/home/fdemirel/HPC_Lab_Proj/benchmarks/matmult/matmult-m5.x'
src/arch/arm/insts/pseudo.cc:174: warn: 	instruction 'bti' unimplemented

----MATRIX MULTIPLICATION----

----Computation starts----
Loop 0 ... 
argc = 2, A[argc][argc] = 0.500000, B[argc][argc] = 0.500000, C[argc][argc] = 0.500000 
Execution time: 1.207804 (ms) 
Global frequency set at 1000000000000 ticks per second
src/mem/dram_interface.cc:690: warn: DRAM device capacity (16384 Mbytes) does not match the address range assigned (512 Mbytes)
src/mem/dram_interface.cc:690: warn: DRAM device capacity (16384 Mbytes) does not match the address range assigned (512 Mbytes)
src/base/statistics.hh:279: warn: One of the stats is a legacy stat. Legacy stat is a stat that does not belong to any statistics::Group. Legacy stat is deprecated.
board.remote_gdb: Listening for connections on port 7000
gem5 Simulator System.  https://www.gem5.org
gem5 is copyrighted software; use the --copyright option for details.

gem5 version 25.0.0.1
gem5 compiled May  5 2026 12:55:05
gem5 started Jun 12 2026 18:03:06
gem5 executing on cn27.guoehi.cluster, pid 165008
command line: /home/fdemirel/HPC_Lab_Proj/stride/../../gem5/build/ALL/gem5.opt -s --outdir=results_stride_multisim --stdout-file=bfs_stride_deg1_dist4_l1d_ddr4_2x_simout.txt --stderr-file=bfs_stride_deg1_dist4_l1d_ddr4_2x_simerr.txt --stats-file=stats.txt -c 'from multiprocessing.spawn import spawn_main; spawn_main(tracker_fd=7, pipe_handle=13)' --multiprocessing-fork

src/sim/mem_state.cc:443: info: Increasing stack size by one page.
src/sim/syscall_emul.hh:1121: warn: readlink() called on '/proc/self/exe' may yield unexpected results in various settings.
      Returning '/home/fdemirel/HPC_Lab_Proj/benchmarks/bfs/bfs-m5.x'
src/arch/arm/insts/pseudo.cc:174: warn: 	instruction 'bti' unimplemented
Beginning BFS ...
Finished BFS.
Global frequency set at 1000000000000 ticks per second
src/mem/dram_interface.cc:690: warn: DRAM device capacity (16384 Mbytes) does not match the address range assigned (512 Mbytes)
src/mem/dram_interface.cc:690: warn: DRAM device capacity (16384 Mbytes) does not match the address range assigned (512 Mbytes)
src/base/statistics.hh:279: warn: One of the stats is a legacy stat. Legacy stat is a stat that does not belong to any statistics::Group. Legacy stat is deprecated.
board.remote_gdb: Listening for connections on port 7002
gem5 Simulator System.  https://www.gem5.org
gem5 is copyrighted software; use the --copyright option for details.

gem5 version 25.0.0.1
gem5 compiled May  5 2026 12:55:05
gem5 started Jun 12 2026 18:04:30
gem5 executing on cn27.guoehi.cluster, pid 165016
command line: /home/fdemirel/HPC_Lab_Proj/stride/../../gem5/build/ALL/gem5.opt -s --outdir=results_stride_multisim --stdout-file=merge_stride_deg16_dist32_l2_ddr4_2x_simout.txt --stderr-file=merge_stride_deg16_dist32_l2_ddr4_2x_simerr.txt --stats-file=stats.txt -c 'from multiprocessing.spawn import spawn_main; spawn_main(tracker_fd=7, pipe_handle=13)' --multiprocessing-fork

src/sim/mem_state.cc:443: info: Increasing stack size by one page.
src/sim/syscall_emul.hh:1121: warn: readlink() called on '/proc/self/exe' may yield unexpected results in various settings.
      Returning '/home/fdemirel/HPC_Lab_Proj/benchmarks/merge/merge-m5.x'
src/arch/arm/insts/pseudo.cc:174: warn: 	instruction 'bti' unimplemented
Finished BFS.
Global frequency set at 1000000000000 ticks per second
src/mem/dram_interface.cc:690: warn: DRAM device capacity (16384 Mbytes) does not match the address range assigned (1024 Mbytes)
src/base/statistics.hh:279: warn: One of the stats is a legacy stat. Legacy stat is a stat that does not belong to any statistics::Group. Legacy stat is deprecated.
board.remote_gdb: Listening for connections on port 7003
gem5 Simulator System.  https://www.gem5.org
gem5 is copyrighted software; use the --copyright option for details.

gem5 version 25.0.0.1
gem5 compiled May  5 2026 12:55:05
gem5 started Jun 12 2026 18:05:22
gem5 executing on cn27.guoehi.cluster, pid 165035
command line: /home/fdemirel/HPC_Lab_Proj/stride/../../gem5/build/ALL/gem5.opt -s --outdir=results_stride_multisim --stdout-file=simple_triad_stride_deg8_dist1_l2_ddr4_1x_simout.txt --stderr-file=simple_triad_stride_deg8_dist1_l2_ddr4_1x_simerr.txt --stats-file=stats.txt -c 'from multiprocessing.spawn import spawn_main; spawn_main(tracker_fd=7, pipe_handle=13)' --multiprocessing-fork

src/sim/mem_state.cc:443: info: Increasing stack size by one page.
src/sim/syscall_emul.hh:1121: warn: readlink() called on '/proc/self/exe' may yield unexpected results in various settings.
      Returning '/home/fdemirel/HPC_Lab_Proj/benchmarks/simple_triad/simple_triad-m5.x'
Finished BFS.
Global frequency set at 1000000000000 ticks per second
src/mem/dram_interface.cc:690: warn: DRAM device capacity (16384 Mbytes) does not match the address range assigned (1024 Mbytes)
src/base/statistics.hh:279: warn: One of the stats is a legacy stat. Legacy stat is a stat that does not belong to any statistics::Group. Legacy stat is deprecated.
board.remote_gdb: Listening for connections on port 7001
gem5 Simulator System.  https://www.gem5.org
gem5 is copyrighted software; use the --copyright option for details.

gem5 version 25.0.0.1
gem5 compiled May  5 2026 12:55:05
gem5 started Jun 12 2026 18:06:24
gem5 executing on cn27.guoehi.cluster, pid 165042
command line: /home/fdemirel/HPC_Lab_Proj/stride/../../gem5/build/ALL/gem5.opt -s --outdir=results_stride_multisim --stdout-file=bfs_stride_deg16_dist1_l2_ddr4_1x_simout.txt --stderr-file=bfs_stride_deg16_dist1_l2_ddr4_1x_simerr.txt --stats-file=stats.txt -c 'from multiprocessing.spawn import spawn_main; spawn_main(tracker_fd=7, pipe_handle=13)' --multiprocessing-fork

src/sim/mem_state.cc:443: info: Increasing stack size by one page.
src/sim/syscall_emul.hh:1121: warn: readlink() called on '/proc/self/exe' may yield unexpected results in various settings.
      Returning '/home/fdemirel/HPC_Lab_Proj/benchmarks/bfs/bfs-m5.x'
src/arch/arm/insts/pseudo.cc:174: warn: 	instruction 'bti' unimplemented
Beginning BFS ...
Array SIZE      : 1000000 
Array LOOP      : 1 

----triad----
a[0]=7.00e+00. b[0]=2.00e+00. c[0]=1.00e+00.
Execution time: 2.382142 (ms) 
   Rate [MB/s]: 10075.0 
Global frequency set at 1000000000000 ticks per second
src/mem/dram_interface.cc:690: warn: DRAM device capacity (16384 Mbytes) does not match the address range assigned (512 Mbytes)
src/mem/dram_interface.cc:690: warn: DRAM device capacity (16384 Mbytes) does not match the address range assigned (512 Mbytes)
src/base/statistics.hh:279: warn: One of the stats is a legacy stat. Legacy stat is a stat that does not belong to any statistics::Group. Legacy stat is deprecated.
board.remote_gdb: Listening for connections on port 7003
gem5 Simulator System.  https://www.gem5.org
gem5 is copyrighted software; use the --copyright option for details.

gem5 version 25.0.0.1
gem5 compiled May  5 2026 12:55:05
gem5 started Jun 12 2026 18:07:20
gem5 executing on cn27.guoehi.cluster, pid 165046
command line: /home/fdemirel/HPC_Lab_Proj/stride/../../gem5/build/ALL/gem5.opt -s --outdir=results_stride_multisim --stdout-file=merge_stride_deg1_dist1_l2_ddr4_2x_simout.txt --stderr-file=merge_stride_deg1_dist1_l2_ddr4_2x_simerr.txt --stats-file=stats.txt -c 'from multiprocessing.spawn import spawn_main; spawn_main(tracker_fd=7, pipe_handle=13)' --multiprocessing-fork

src/sim/mem_state.cc:443: info: Increasing stack size by one page.
src/sim/syscall_emul.hh:1121: warn: readlink() called on '/proc/self/exe' may yield unexpected results in various settings.
      Returning '/home/fdemirel/HPC_Lab_Proj/benchmarks/merge/merge-m5.x'
src/arch/arm/insts/pseudo.cc:174: warn: 	instruction 'bti' unimplemented
Finished BFS.
Global frequency set at 1000000000000 ticks per second
src/mem/dram_interface.cc:690: warn: DRAM device capacity (16384 Mbytes) does not match the address range assigned (512 Mbytes)
src/mem/dram_interface.cc:690: warn: DRAM device capacity (16384 Mbytes) does not match the address range assigned (512 Mbytes)
src/base/statistics.hh:279: warn: One of the stats is a legacy stat. Legacy stat is a stat that does not belong to any statistics::Group. Legacy stat is deprecated.
board.remote_gdb: Listening for connections on port 7000
gem5 Simulator System.  https://www.gem5.org
gem5 is copyrighted software; use the --copyright option for details.

gem5 version 25.0.0.1
gem5 compiled May  5 2026 12:55:05
gem5 started Jun 12 2026 18:08:56
gem5 executing on cn27.guoehi.cluster, pid 165054
command line: /home/fdemirel/HPC_Lab_Proj/stride/../../gem5/build/ALL/gem5.opt -s --outdir=results_stride_multisim --stdout-file=quick_stride_deg8_dist16_l2_ddr4_2x_simout.txt --stderr-file=quick_stride_deg8_dist16_l2_ddr4_2x_simerr.txt --stats-file=stats.txt -c 'from multiprocessing.spawn import spawn_main; spawn_main(tracker_fd=7, pipe_handle=13)' --multiprocessing-fork

src/sim/mem_state.cc:443: info: Increasing stack size by one page.
src/sim/syscall_emul.hh:1121: warn: readlink() called on '/proc/self/exe' may yield unexpected results in various settings.
      Returning '/home/fdemirel/HPC_Lab_Proj/benchmarks/quick/quick-m5.x'
src/arch/arm/insts/pseudo.cc:174: warn: 	instruction 'bti' unimplemented

----merge----
Execution time: 10.901456 (ms) 
random_elem:0, /home/fdemirel/HPC_Lab_Proj/benchmarks/merge/merge-m5.x
Global frequency set at 1000000000000 ticks per second
src/mem/dram_interface.cc:690: warn: DRAM device capacity (16384 Mbytes) does not match the address range assigned (512 Mbytes)
src/mem/dram_interface.cc:690: warn: DRAM device capacity (16384 Mbytes) does not match the address range assigned (512 Mbytes)
src/base/statistics.hh:279: warn: One of the stats is a legacy stat. Legacy stat is a stat that does not belong to any statistics::Group. Legacy stat is deprecated.
board.remote_gdb: Listening for connections on port 7002
gem5 Simulator System.  https://www.gem5.org
gem5 is copyrighted software; use the --copyright option for details.

gem5 version 25.0.0.1
gem5 compiled May  5 2026 12:55:05
gem5 started Jun 12 2026 18:09:42
gem5 executing on cn27.guoehi.cluster, pid 165057
command line: /home/fdemirel/HPC_Lab_Proj/stride/../../gem5/build/ALL/gem5.opt -s --outdir=results_stride_multisim --stdout-file=simple_triad_stride_deg8_dist4_l2_ddr4_2x_simout.txt --stderr-file=simple_triad_stride_deg8_dist4_l2_ddr4_2x_simerr.txt --stats-file=stats.txt -c 'from multiprocessing.spawn import spawn_main; spawn_main(tracker_fd=7, pipe_handle=13)' --multiprocessing-fork

src/sim/mem_state.cc:443: info: Increasing stack size by one page.
src/sim/syscall_emul.hh:1121: warn: readlink() called on '/proc/self/exe' may yield unexpected results in various settings.
      Returning '/home/fdemirel/HPC_Lab_Proj/benchmarks/simple_triad/simple_triad-m5.x'
Array SIZE      : 1000000 
Array LOOP      : 1 

----triad----
a[0]=7.00e+00. b[0]=2.00e+00. c[0]=1.00e+00.
Execution time: 1.575560 (ms) 
   Rate [MB/s]: 15232.7 
Global frequency set at 1000000000000 ticks per second
src/mem/dram_interface.cc:690: warn: DRAM device capacity (16384 Mbytes) does not match the address range assigned (512 Mbytes)
src/mem/dram_interface.cc:690: warn: DRAM device capacity (16384 Mbytes) does not match the address range assigned (512 Mbytes)
src/base/statistics.hh:279: warn: One of the stats is a legacy stat. Legacy stat is a stat that does not belong to any statistics::Group. Legacy stat is deprecated.
board.remote_gdb: Listening for connections on port 7002
gem5 Simulator System.  https://www.gem5.org
gem5 is copyrighted software; use the --copyright option for details.

gem5 version 25.0.0.1
gem5 compiled May  5 2026 12:55:05
gem5 started Jun 12 2026 18:11:36
gem5 executing on cn27.guoehi.cluster, pid 165066
command line: /home/fdemirel/HPC_Lab_Proj/stride/../../gem5/build/ALL/gem5.opt -s --outdir=results_stride_multisim --stdout-file=bfs_stride_deg1_dist4_l2_ddr4_2x_simout.txt --stderr-file=bfs_stride_deg1_dist4_l2_ddr4_2x_simerr.txt --stats-file=stats.txt -c 'from multiprocessing.spawn import spawn_main; spawn_main(tracker_fd=7, pipe_handle=13)' --multiprocessing-fork

src/sim/mem_state.cc:443: info: Increasing stack size by one page.
src/sim/syscall_emul.hh:1121: warn: readlink() called on '/proc/self/exe' may yield unexpected results in various settings.
      Returning '/home/fdemirel/HPC_Lab_Proj/benchmarks/bfs/bfs-m5.x'
src/arch/arm/insts/pseudo.cc:174: warn: 	instruction 'bti' unimplemented
Beginning BFS ...

----merge----
Execution time: 10.494232 (ms) 
random_elem:0, /home/fdemirel/HPC_Lab_Proj/benchmarks/merge/merge-m5.x
Finished BFS.
Global frequency set at 1000000000000 ticks per second
src/mem/dram_interface.cc:690: warn: DRAM device capacity (16384 Mbytes) does not match the address range assigned (512 Mbytes)
src/mem/dram_interface.cc:690: warn: DRAM device capacity (16384 Mbytes) does not match the address range assigned (512 Mbytes)
src/base/statistics.hh:279: warn: One of the stats is a legacy stat. Legacy stat is a stat that does not belong to any statistics::Group. Legacy stat is deprecated.
board.remote_gdb: Listening for connections on port 7001
gem5 Simulator System.  https://www.gem5.org
gem5 is copyrighted software; use the --copyright option for details.

gem5 version 25.0.0.1
gem5 compiled May  5 2026 12:55:05
gem5 started Jun 12 2026 18:12:27
gem5 executing on cn27.guoehi.cluster, pid 165072
command line: /home/fdemirel/HPC_Lab_Proj/stride/../../gem5/build/ALL/gem5.opt -s --outdir=results_stride_multisim --stdout-file=matmult_stride_deg4_dist1_l1d_ddr4_2x_simout.txt --stderr-file=matmult_stride_deg4_dist1_l1d_ddr4_2x_simerr.txt --stats-file=stats.txt -c 'from multiprocessing.spawn import spawn_main; spawn_main(tracker_fd=7, pipe_handle=13)' --multiprocessing-fork

src/sim/mem_state.cc:443: info: Increasing stack size by one page.
src/sim/syscall_emul.hh:1121: warn: readlink() called on '/proc/self/exe' may yield unexpected results in various settings.
      Returning '/home/fdemirel/HPC_Lab_Proj/benchmarks/matmult/matmult-m5.x'
src/arch/arm/insts/pseudo.cc:174: warn: 	instruction 'bti' unimplemented
Global frequency set at 1000000000000 ticks per second
src/mem/dram_interface.cc:690: warn: DRAM device capacity (16384 Mbytes) does not match the address range assigned (1024 Mbytes)
src/base/statistics.hh:279: warn: One of the stats is a legacy stat. Legacy stat is a stat that does not belong to any statistics::Group. Legacy stat is deprecated.
board.remote_gdb: Listening for connections on port 7003
gem5 Simulator System.  https://www.gem5.org
gem5 is copyrighted software; use the --copyright option for details.

gem5 version 25.0.0.1
gem5 compiled May  5 2026 12:55:05
gem5 started Jun 12 2026 18:12:32
gem5 executing on cn27.guoehi.cluster, pid 165073
command line: /home/fdemirel/HPC_Lab_Proj/stride/../../gem5/build/ALL/gem5.opt -s --outdir=results_stride_multisim --stdout-file=merge_stride_deg1_dist1_l1d_ddr4_1x_simout.txt --stderr-file=merge_stride_deg1_dist1_l1d_ddr4_1x_simerr.txt --stats-file=stats.txt -c 'from multiprocessing.spawn import spawn_main; spawn_main(tracker_fd=7, pipe_handle=13)' --multiprocessing-fork

src/sim/mem_state.cc:443: info: Increasing stack size by one page.
src/sim/syscall_emul.hh:1121: warn: readlink() called on '/proc/self/exe' may yield unexpected results in various settings.
      Returning '/home/fdemirel/HPC_Lab_Proj/benchmarks/merge/merge-m5.x'
src/arch/arm/insts/pseudo.cc:174: warn: 	instruction 'bti' unimplemented
----quick sort----
Array SIZE      : 131072 
random_elem:0, /home/fdemirel/HPC_Lab_Proj/benchmarks/quick/quick-m5.x
Execution time: 8.855701 (ms) 
Global frequency set at 1000000000000 ticks per second
src/mem/dram_interface.cc:690: warn: DRAM device capacity (16384 Mbytes) does not match the address range assigned (512 Mbytes)
src/mem/dram_interface.cc:690: warn: DRAM device capacity (16384 Mbytes) does not match the address range assigned (512 Mbytes)
src/base/statistics.hh:279: warn: One of the stats is a legacy stat. Legacy stat is a stat that does not belong to any statistics::Group. Legacy stat is deprecated.
board.remote_gdb: Listening for connections on port 7000
gem5 Simulator System.  https://www.gem5.org
gem5 is copyrighted software; use the --copyright option for details.

gem5 version 25.0.0.1
gem5 compiled May  5 2026 12:55:05
gem5 started Jun 12 2026 18:13:13
gem5 executing on cn27.guoehi.cluster, pid 165079
command line: /home/fdemirel/HPC_Lab_Proj/stride/../../gem5/build/ALL/gem5.opt -s --outdir=results_stride_multisim --stdout-file=spmv_stride_deg8_dist8_l2_ddr4_2x_simout.txt --stderr-file=spmv_stride_deg8_dist8_l2_ddr4_2x_simerr.txt --stats-file=stats.txt -c 'from multiprocessing.spawn import spawn_main; spawn_main(tracker_fd=7, pipe_handle=13)' --multiprocessing-fork

src/sim/mem_state.cc:443: info: Increasing stack size by one page.
src/sim/syscall_emul.hh:1121: warn: readlink() called on '/proc/self/exe' may yield unexpected results in various settings.
      Returning '/home/fdemirel/HPC_Lab_Proj/benchmarks/spmv/spmv-m5.x'
src/arch/arm/insts/pseudo.cc:174: warn: 	instruction 'bti' unimplemented
src/sim/mem_state.cc:443: info: Increasing stack size by one page.
src/sim/mem_state.cc:443: info: Increasing stack size by one page.
src/sim/mem_state.cc:443: info: Increasing stack size by one page.
src/sim/mem_state.cc:443: info: Increasing stack size by one page.
src/sim/mem_state.cc:443: info: Increasing stack size by one page.
src/sim/mem_state.cc:443: info: Increasing stack size by one page.
src/sim/mem_state.cc:443: info: Increasing stack size by one page.

----MATRIX MULTIPLICATION----

----Computation starts----
Loop 0 ... 
argc = 2, A[argc][argc] = 0.500000, B[argc][argc] = 0.500000, C[argc][argc] = 0.500000 
Execution time: 1.218596 (ms) 
Global frequency set at 1000000000000 ticks per second
src/mem/dram_interface.cc:690: warn: DRAM device capacity (16384 Mbytes) does not match the address range assigned (1024 Mbytes)
src/base/statistics.hh:279: warn: One of the stats is a legacy stat. Legacy stat is a stat that does not belong to any statistics::Group. Legacy stat is deprecated.
board.remote_gdb: Listening for connections on port 7001
gem5 Simulator System.  https://www.gem5.org
gem5 is copyrighted software; use the --copyright option for details.

gem5 version 25.0.0.1
gem5 compiled May  5 2026 12:55:05
gem5 started Jun 12 2026 18:13:38
gem5 executing on cn27.guoehi.cluster, pid 165082
command line: /home/fdemirel/HPC_Lab_Proj/stride/../../gem5/build/ALL/gem5.opt -s --outdir=results_stride_multisim --stdout-file=simple_triad_stride_deg32_dist8_l1d_ddr4_1x_simout.txt --stderr-file=simple_triad_stride_deg32_dist8_l1d_ddr4_1x_simerr.txt --stats-file=stats.txt -c 'from multiprocessing.spawn import spawn_main; spawn_main(tracker_fd=7, pipe_handle=13)' --multiprocessing-fork

src/sim/mem_state.cc:443: info: Increasing stack size by one page.
src/sim/syscall_emul.hh:1121: warn: readlink() called on '/proc/self/exe' may yield unexpected results in various settings.
      Returning '/home/fdemirel/HPC_Lab_Proj/benchmarks/simple_triad/simple_triad-m5.x'
----spmv----
N_ROWS          : 8192 
N_COLS          : 65536 
NNZ             : 524155 
Execution time: 6.912321 (ms) 
Global frequency set at 1000000000000 ticks per second
src/mem/dram_interface.cc:690: warn: DRAM device capacity (16384 Mbytes) does not match the address range assigned (512 Mbytes)
src/mem/dram_interface.cc:690: warn: DRAM device capacity (16384 Mbytes) does not match the address range assigned (512 Mbytes)
src/base/statistics.hh:279: warn: One of the stats is a legacy stat. Legacy stat is a stat that does not belong to any statistics::Group. Legacy stat is deprecated.
board.remote_gdb: Listening for connections on port 7000
gem5 Simulator System.  https://www.gem5.org
gem5 is copyrighted software; use the --copyright option for details.

gem5 version 25.0.0.1
gem5 compiled May  5 2026 12:55:05
gem5 started Jun 12 2026 18:15:13
gem5 executing on cn27.guoehi.cluster, pid 165088
command line: /home/fdemirel/HPC_Lab_Proj/stride/../../gem5/build/ALL/gem5.opt -s --outdir=results_stride_multisim --stdout-file=merge_stride_deg4_dist4_l1d_ddr4_2x_simout.txt --stderr-file=merge_stride_deg4_dist4_l1d_ddr4_2x_simerr.txt --stats-file=stats.txt -c 'from multiprocessing.spawn import spawn_main; spawn_main(tracker_fd=7, pipe_handle=13)' --multiprocessing-fork

src/sim/mem_state.cc:443: info: Increasing stack size by one page.
src/sim/syscall_emul.hh:1121: warn: readlink() called on '/proc/self/exe' may yield unexpected results in various settings.
      Returning '/home/fdemirel/HPC_Lab_Proj/benchmarks/merge/merge-m5.x'
src/arch/arm/insts/pseudo.cc:174: warn: 	instruction 'bti' unimplemented
Array SIZE      : 1000000 
Array LOOP      : 1 

----triad----
a[0]=7.00e+00. b[0]=2.00e+00. c[0]=1.00e+00.
Execution time: 3.095953 (ms) 
   Rate [MB/s]: 7752.1 
Global frequency set at 1000000000000 ticks per second
src/mem/dram_interface.cc:690: warn: DRAM device capacity (16384 Mbytes) does not match the address range assigned (1024 Mbytes)
src/base/statistics.hh:279: warn: One of the stats is a legacy stat. Legacy stat is a stat that does not belong to any statistics::Group. Legacy stat is deprecated.
board.remote_gdb: Listening for connections on port 7001
gem5 Simulator System.  https://www.gem5.org
gem5 is copyrighted software; use the --copyright option for details.

gem5 version 25.0.0.1
gem5 compiled May  5 2026 12:55:05
gem5 started Jun 12 2026 18:15:37
gem5 executing on cn27.guoehi.cluster, pid 165091
command line: /home/fdemirel/HPC_Lab_Proj/stride/../../gem5/build/ALL/gem5.opt -s --outdir=results_stride_multisim --stdout-file=spmv_stride_deg32_dist32_l1d_ddr4_1x_simout.txt --stderr-file=spmv_stride_deg32_dist32_l1d_ddr4_1x_simerr.txt --stats-file=stats.txt -c 'from multiprocessing.spawn import spawn_main; spawn_main(tracker_fd=7, pipe_handle=13)' --multiprocessing-fork

src/sim/mem_state.cc:443: info: Increasing stack size by one page.
src/sim/syscall_emul.hh:1121: warn: readlink() called on '/proc/self/exe' may yield unexpected results in various settings.
      Returning '/home/fdemirel/HPC_Lab_Proj/benchmarks/spmv/spmv-m5.x'
src/arch/arm/insts/pseudo.cc:174: warn: 	instruction 'bti' unimplemented
src/sim/mem_state.cc:443: info: Increasing stack size by one page.
src/sim/mem_state.cc:443: info: Increasing stack size by one page.
src/sim/mem_state.cc:443: info: Increasing stack size by one page.
src/sim/mem_state.cc:443: info: Increasing stack size by one page.
src/sim/mem_state.cc:443: info: Increasing stack size by one page.
src/sim/mem_state.cc:443: info: Increasing stack size by one page.
src/sim/mem_state.cc:443: info: Increasing stack size by one page.
Finished BFS.

----merge----
Execution time: 10.075935 (ms) 
random_elem:0, /home/fdemirel/HPC_Lab_Proj/benchmarks/merge/merge-m5.x
Global frequency set at 1000000000000 ticks per second
src/mem/dram_interface.cc:690: warn: DRAM device capacity (16384 Mbytes) does not match the address range assigned (512 Mbytes)
src/mem/dram_interface.cc:690: warn: DRAM device capacity (16384 Mbytes) does not match the address range assigned (512 Mbytes)
src/base/statistics.hh:279: warn: One of the stats is a legacy stat. Legacy stat is a stat that does not belong to any statistics::Group. Legacy stat is deprecated.
board.remote_gdb: Listening for connections on port 7002
gem5 Simulator System.  https://www.gem5.org
gem5 is copyrighted software; use the --copyright option for details.

gem5 version 25.0.0.1
gem5 compiled May  5 2026 12:55:05
gem5 started Jun 12 2026 18:17:30
gem5 executing on cn27.guoehi.cluster, pid 165096
command line: /home/fdemirel/HPC_Lab_Proj/stride/../../gem5/build/ALL/gem5.opt -s --outdir=results_stride_multisim --stdout-file=quick_stride_deg16_dist32_l1d_ddr4_2x_simout.txt --stderr-file=quick_stride_deg16_dist32_l1d_ddr4_2x_simerr.txt --stats-file=stats.txt -c 'from multiprocessing.spawn import spawn_main; spawn_main(tracker_fd=7, pipe_handle=13)' --multiprocessing-fork

src/sim/mem_state.cc:443: info: Increasing stack size by one page.
src/sim/syscall_emul.hh:1121: warn: readlink() called on '/proc/self/exe' may yield unexpected results in various settings.
      Returning '/home/fdemirel/HPC_Lab_Proj/benchmarks/quick/quick-m5.x'
src/arch/arm/insts/pseudo.cc:174: warn: 	instruction 'bti' unimplemented
----spmv----
N_ROWS          : 8192 
N_COLS          : 65536 
NNZ             : 524155 
Execution time: 7.859733 (ms) 
Global frequency set at 1000000000000 ticks per second
src/mem/dram_interface.cc:690: warn: DRAM device capacity (16384 Mbytes) does not match the address range assigned (512 Mbytes)
src/mem/dram_interface.cc:690: warn: DRAM device capacity (16384 Mbytes) does not match the address range assigned (512 Mbytes)
src/base/statistics.hh:279: warn: One of the stats is a legacy stat. Legacy stat is a stat that does not belong to any statistics::Group. Legacy stat is deprecated.
board.remote_gdb: Listening for connections on port 7001
gem5 Simulator System.  https://www.gem5.org
gem5 is copyrighted software; use the --copyright option for details.

gem5 version 25.0.0.1
gem5 compiled May  5 2026 12:55:05
gem5 started Jun 12 2026 18:17:34
gem5 executing on cn27.guoehi.cluster, pid 165097
command line: /home/fdemirel/HPC_Lab_Proj/stride/../../gem5/build/ALL/gem5.opt -s --outdir=results_stride_multisim --stdout-file=bfs_stride_deg4_dist8_l1d_ddr4_2x_simout.txt --stderr-file=bfs_stride_deg4_dist8_l1d_ddr4_2x_simerr.txt --stats-file=stats.txt -c 'from multiprocessing.spawn import spawn_main; spawn_main(tracker_fd=7, pipe_handle=13)' --multiprocessing-fork

src/sim/mem_state.cc:443: info: Increasing stack size by one page.
src/sim/syscall_emul.hh:1121: warn: readlink() called on '/proc/self/exe' may yield unexpected results in various settings.
      Returning '/home/fdemirel/HPC_Lab_Proj/benchmarks/bfs/bfs-m5.x'
src/arch/arm/insts/pseudo.cc:174: warn: 	instruction 'bti' unimplemented
Beginning BFS ...
Global frequency set at 1000000000000 ticks per second
src/mem/dram_interface.cc:690: warn: DRAM device capacity (16384 Mbytes) does not match the address range assigned (1024 Mbytes)
src/base/statistics.hh:279: warn: One of the stats is a legacy stat. Legacy stat is a stat that does not belong to any statistics::Group. Legacy stat is deprecated.
board.remote_gdb: Listening for connections on port 7003
gem5 Simulator System.  https://www.gem5.org
gem5 is copyrighted software; use the --copyright option for details.

gem5 version 25.0.0.1
gem5 compiled May  5 2026 12:55:05
gem5 started Jun 12 2026 18:17:50
gem5 executing on cn27.guoehi.cluster, pid 165101
command line: /home/fdemirel/HPC_Lab_Proj/stride/../../gem5/build/ALL/gem5.opt -s --outdir=results_stride_multisim --stdout-file=simple_triad_stride_deg32_dist8_l2_ddr4_1x_simout.txt --stderr-file=simple_triad_stride_deg32_dist8_l2_ddr4_1x_simerr.txt --stats-file=stats.txt -c 'from multiprocessing.spawn import spawn_main; spawn_main(tracker_fd=7, pipe_handle=13)' --multiprocessing-fork

src/sim/mem_state.cc:443: info: Increasing stack size by one page.
src/sim/syscall_emul.hh:1121: warn: readlink() called on '/proc/self/exe' may yield unexpected results in various settings.
      Returning '/home/fdemirel/HPC_Lab_Proj/benchmarks/simple_triad/simple_triad-m5.x'
Array SIZE      : 1000000 
Array LOOP      : 1 

----triad----
a[0]=7.00e+00. b[0]=2.00e+00. c[0]=1.00e+00.
Execution time: 3.131493 (ms) 
   Rate [MB/s]: 7664.1 
Global frequency set at 1000000000000 ticks per second
src/mem/dram_interface.cc:690: warn: DRAM device capacity (16384 Mbytes) does not match the address range assigned (1024 Mbytes)
src/base/statistics.hh:279: warn: One of the stats is a legacy stat. Legacy stat is a stat that does not belong to any statistics::Group. Legacy stat is deprecated.
board.remote_gdb: Listening for connections on port 7003
gem5 Simulator System.  https://www.gem5.org
gem5 is copyrighted software; use the --copyright option for details.

gem5 version 25.0.0.1
gem5 compiled May  5 2026 12:55:05
gem5 started Jun 12 2026 18:19:53
gem5 executing on cn27.guoehi.cluster, pid 165113
command line: /home/fdemirel/HPC_Lab_Proj/stride/../../gem5/build/ALL/gem5.opt -s --outdir=results_stride_multisim --stdout-file=spmv_stride_deg32_dist32_l2_ddr4_1x_simout.txt --stderr-file=spmv_stride_deg32_dist32_l2_ddr4_1x_simerr.txt --stats-file=stats.txt -c 'from multiprocessing.spawn import spawn_main; spawn_main(tracker_fd=7, pipe_handle=13)' --multiprocessing-fork

src/sim/mem_state.cc:443: info: Increasing stack size by one page.
src/sim/syscall_emul.hh:1121: warn: readlink() called on '/proc/self/exe' may yield unexpected results in various settings.
      Returning '/home/fdemirel/HPC_Lab_Proj/benchmarks/spmv/spmv-m5.x'
src/arch/arm/insts/pseudo.cc:174: warn: 	instruction 'bti' unimplemented
src/sim/mem_state.cc:443: info: Increasing stack size by one page.
src/sim/mem_state.cc:443: info: Increasing stack size by one page.
src/sim/mem_state.cc:443: info: Increasing stack size by one page.
src/sim/mem_state.cc:443: info: Increasing stack size by one page.
src/sim/mem_state.cc:443: info: Increasing stack size by one page.
src/sim/mem_state.cc:443: info: Increasing stack size by one page.
src/sim/mem_state.cc:443: info: Increasing stack size by one page.

----merge----
Execution time: 9.967153 (ms) 
random_elem:0, /home/fdemirel/HPC_Lab_Proj/benchmarks/merge/merge-m5.x
Global frequency set at 1000000000000 ticks per second
src/mem/dram_interface.cc:690: warn: DRAM device capacity (16384 Mbytes) does not match the address range assigned (512 Mbytes)
src/mem/dram_interface.cc:690: warn: DRAM device capacity (16384 Mbytes) does not match the address range assigned (512 Mbytes)
src/base/statistics.hh:279: warn: One of the stats is a legacy stat. Legacy stat is a stat that does not belong to any statistics::Group. Legacy stat is deprecated.
board.remote_gdb: Listening for connections on port 7000
gem5 Simulator System.  https://www.gem5.org
gem5 is copyrighted software; use the --copyright option for details.

gem5 version 25.0.0.1
gem5 compiled May  5 2026 12:55:05
gem5 started Jun 12 2026 18:20:26
gem5 executing on cn27.guoehi.cluster, pid 165122
command line: /home/fdemirel/HPC_Lab_Proj/stride/../../gem5/build/ALL/gem5.opt -s --outdir=results_stride_multisim --stdout-file=matmult_stride_deg4_dist1_l2_ddr4_2x_simout.txt --stderr-file=matmult_stride_deg4_dist1_l2_ddr4_2x_simerr.txt --stats-file=stats.txt -c 'from multiprocessing.spawn import spawn_main; spawn_main(tracker_fd=7, pipe_handle=13)' --multiprocessing-fork

src/sim/mem_state.cc:443: info: Increasing stack size by one page.
src/sim/syscall_emul.hh:1121: warn: readlink() called on '/proc/self/exe' may yield unexpected results in various settings.
      Returning '/home/fdemirel/HPC_Lab_Proj/benchmarks/matmult/matmult-m5.x'
src/arch/arm/insts/pseudo.cc:174: warn: 	instruction 'bti' unimplemented

----MATRIX MULTIPLICATION----

----Computation starts----
Loop 0 ... 
argc = 2, A[argc][argc] = 0.500000, B[argc][argc] = 0.500000, C[argc][argc] = 0.500000 
Execution time: 1.204508 (ms) 
----quick sort----
Array SIZE      : 131072 
random_elem:0, /home/fdemirel/HPC_Lab_Proj/benchmarks/quick/quick-m5.x
Execution time: 8.988180 (ms) 
Global frequency set at 1000000000000 ticks per second
src/mem/dram_interface.cc:690: warn: DRAM device capacity (16384 Mbytes) does not match the address range assigned (1024 Mbytes)
src/base/statistics.hh:279: warn: One of the stats is a legacy stat. Legacy stat is a stat that does not belong to any statistics::Group. Legacy stat is deprecated.
board.remote_gdb: Listening for connections on port 7000
gem5 Simulator System.  https://www.gem5.org
gem5 is copyrighted software; use the --copyright option for details.

gem5 version 25.0.0.1
gem5 compiled May  5 2026 12:55:05
gem5 started Jun 12 2026 18:21:38
gem5 executing on cn27.guoehi.cluster, pid 165127
command line: /home/fdemirel/HPC_Lab_Proj/stride/../../gem5/build/ALL/gem5.opt -s --outdir=results_stride_multisim --stdout-file=simple_triad_stride_deg4_dist32_l1d_ddr4_1x_simout.txt --stderr-file=simple_triad_stride_deg4_dist32_l1d_ddr4_1x_simerr.txt --stats-file=stats.txt -c 'from multiprocessing.spawn import spawn_main; spawn_main(tracker_fd=7, pipe_handle=13)' --multiprocessing-fork

src/sim/mem_state.cc:443: info: Increasing stack size by one page.
src/sim/syscall_emul.hh:1121: warn: readlink() called on '/proc/self/exe' may yield unexpected results in various settings.
      Returning '/home/fdemirel/HPC_Lab_Proj/benchmarks/simple_triad/simple_triad-m5.x'
----spmv----
N_ROWS          : 8192 
N_COLS          : 65536 
NNZ             : 524155 
Execution time: 7.983827 (ms) 
Global frequency set at 1000000000000 ticks per second
src/mem/dram_interface.cc:690: warn: DRAM device capacity (16384 Mbytes) does not match the address range assigned (1024 Mbytes)
src/base/statistics.hh:279: warn: One of the stats is a legacy stat. Legacy stat is a stat that does not belong to any statistics::Group. Legacy stat is deprecated.
board.remote_gdb: Listening for connections on port 7002
gem5 Simulator System.  https://www.gem5.org
gem5 is copyrighted software; use the --copyright option for details.

gem5 version 25.0.0.1
gem5 compiled May  5 2026 12:55:05
gem5 started Jun 12 2026 18:21:43
gem5 executing on cn27.guoehi.cluster, pid 165128
command line: /home/fdemirel/HPC_Lab_Proj/stride/../../gem5/build/ALL/gem5.opt -s --outdir=results_stride_multisim --stdout-file=bfs_stride_deg8_dist32_l1d_ddr4_1x_simout.txt --stderr-file=bfs_stride_deg8_dist32_l1d_ddr4_1x_simerr.txt --stats-file=stats.txt -c 'from multiprocessing.spawn import spawn_main; spawn_main(tracker_fd=7, pipe_handle=13)' --multiprocessing-fork

src/sim/mem_state.cc:443: info: Increasing stack size by one page.
src/sim/syscall_emul.hh:1121: warn: readlink() called on '/proc/self/exe' may yield unexpected results in various settings.
      Returning '/home/fdemirel/HPC_Lab_Proj/benchmarks/bfs/bfs-m5.x'
src/arch/arm/insts/pseudo.cc:174: warn: 	instruction 'bti' unimplemented
Beginning BFS ...
Global frequency set at 1000000000000 ticks per second
src/mem/dram_interface.cc:690: warn: DRAM device capacity (16384 Mbytes) does not match the address range assigned (1024 Mbytes)
src/base/statistics.hh:279: warn: One of the stats is a legacy stat. Legacy stat is a stat that does not belong to any statistics::Group. Legacy stat is deprecated.
board.remote_gdb: Listening for connections on port 7003
gem5 Simulator System.  https://www.gem5.org
gem5 is copyrighted software; use the --copyright option for details.

gem5 version 25.0.0.1
gem5 compiled May  5 2026 12:55:05
gem5 started Jun 12 2026 18:22:00
gem5 executing on cn27.guoehi.cluster, pid 165133
command line: /home/fdemirel/HPC_Lab_Proj/stride/../../gem5/build/ALL/gem5.opt -s --outdir=results_stride_multisim --stdout-file=spmv_stride_deg8_dist4_l1d_ddr4_1x_simout.txt --stderr-file=spmv_stride_deg8_dist4_l1d_ddr4_1x_simerr.txt --stats-file=stats.txt -c 'from multiprocessing.spawn import spawn_main; spawn_main(tracker_fd=7, pipe_handle=13)' --multiprocessing-fork

src/sim/mem_state.cc:443: info: Increasing stack size by one page.
src/sim/syscall_emul.hh:1121: warn: readlink() called on '/proc/self/exe' may yield unexpected results in various settings.
      Returning '/home/fdemirel/HPC_Lab_Proj/benchmarks/spmv/spmv-m5.x'
src/arch/arm/insts/pseudo.cc:174: warn: 	instruction 'bti' unimplemented
src/sim/mem_state.cc:443: info: Increasing stack size by one page.
src/sim/mem_state.cc:443: info: Increasing stack size by one page.
src/sim/mem_state.cc:443: info: Increasing stack size by one page.
src/sim/mem_state.cc:443: info: Increasing stack size by one page.
src/sim/mem_state.cc:443: info: Increasing stack size by one page.
src/sim/mem_state.cc:443: info: Increasing stack size by one page.
src/sim/mem_state.cc:443: info: Increasing stack size by one page.
Finished BFS.
Array SIZE      : 1000000 
Array LOOP      : 1 

----triad----
a[0]=7.00e+00. b[0]=2.00e+00. c[0]=1.00e+00.
Execution time: 2.803537 (ms) 
   Rate [MB/s]: 8560.6 
Global frequency set at 1000000000000 ticks per second
src/mem/dram_interface.cc:690: warn: DRAM device capacity (16384 Mbytes) does not match the address range assigned (1024 Mbytes)
src/base/statistics.hh:279: warn: One of the stats is a legacy stat. Legacy stat is a stat that does not belong to any statistics::Group. Legacy stat is deprecated.
board.remote_gdb: Listening for connections on port 7000
gem5 Simulator System.  https://www.gem5.org
gem5 is copyrighted software; use the --copyright option for details.

gem5 version 25.0.0.1
gem5 compiled May  5 2026 12:55:05
gem5 started Jun 12 2026 18:23:32
gem5 executing on cn27.guoehi.cluster, pid 165141
command line: /home/fdemirel/HPC_Lab_Proj/stride/../../gem5/build/ALL/gem5.opt -s --outdir=results_stride_multisim --stdout-file=matmult_stride_deg8_dist1_l1d_ddr4_1x_simout.txt --stderr-file=matmult_stride_deg8_dist1_l1d_ddr4_1x_simerr.txt --stats-file=stats.txt -c 'from multiprocessing.spawn import spawn_main; spawn_main(tracker_fd=7, pipe_handle=13)' --multiprocessing-fork

src/sim/mem_state.cc:443: info: Increasing stack size by one page.
src/sim/syscall_emul.hh:1121: warn: readlink() called on '/proc/self/exe' may yield unexpected results in various settings.
      Returning '/home/fdemirel/HPC_Lab_Proj/benchmarks/matmult/matmult-m5.x'
src/arch/arm/insts/pseudo.cc:174: warn: 	instruction 'bti' unimplemented
Global frequency set at 1000000000000 ticks per second
src/mem/dram_interface.cc:690: warn: DRAM device capacity (16384 Mbytes) does not match the address range assigned (512 Mbytes)
src/mem/dram_interface.cc:690: warn: DRAM device capacity (16384 Mbytes) does not match the address range assigned (512 Mbytes)
src/base/statistics.hh:279: warn: One of the stats is a legacy stat. Legacy stat is a stat that does not belong to any statistics::Group. Legacy stat is deprecated.
board.remote_gdb: Listening for connections on port 7001
gem5 Simulator System.  https://www.gem5.org
gem5 is copyrighted software; use the --copyright option for details.

gem5 version 25.0.0.1
gem5 compiled May  5 2026 12:55:05
gem5 started Jun 12 2026 18:23:34
gem5 executing on cn27.guoehi.cluster, pid 165142
command line: /home/fdemirel/HPC_Lab_Proj/stride/../../gem5/build/ALL/gem5.opt -s --outdir=results_stride_multisim --stdout-file=spmv_stride_deg16_dist16_l2_ddr4_2x_simout.txt --stderr-file=spmv_stride_deg16_dist16_l2_ddr4_2x_simerr.txt --stats-file=stats.txt -c 'from multiprocessing.spawn import spawn_main; spawn_main(tracker_fd=7, pipe_handle=13)' --multiprocessing-fork

src/sim/mem_state.cc:443: info: Increasing stack size by one page.
src/sim/syscall_emul.hh:1121: warn: readlink() called on '/proc/self/exe' may yield unexpected results in various settings.
      Returning '/home/fdemirel/HPC_Lab_Proj/benchmarks/spmv/spmv-m5.x'
src/arch/arm/insts/pseudo.cc:174: warn: 	instruction 'bti' unimplemented
src/sim/mem_state.cc:443: info: Increasing stack size by one page.
src/sim/mem_state.cc:443: info: Increasing stack size by one page.
src/sim/mem_state.cc:443: info: Increasing stack size by one page.
src/sim/mem_state.cc:443: info: Increasing stack size by one page.
src/sim/mem_state.cc:443: info: Increasing stack size by one page.
src/sim/mem_state.cc:443: info: Increasing stack size by one page.
src/sim/mem_state.cc:443: info: Increasing stack size by one page.
----spmv----
N_ROWS          : 8192 
N_COLS          : 65536 
NNZ             : 524155 
Execution time: 7.102042 (ms) 
Global frequency set at 1000000000000 ticks per second
src/mem/dram_interface.cc:690: warn: DRAM device capacity (16384 Mbytes) does not match the address range assigned (1024 Mbytes)
src/base/statistics.hh:279: warn: One of the stats is a legacy stat. Legacy stat is a stat that does not belong to any statistics::Group. Legacy stat is deprecated.
board.remote_gdb: Listening for connections on port 7003
gem5 Simulator System.  https://www.gem5.org
gem5 is copyrighted software; use the --copyright option for details.

gem5 version 25.0.0.1
gem5 compiled May  5 2026 12:55:05
gem5 started Jun 12 2026 18:24:11
gem5 executing on cn27.guoehi.cluster, pid 165147
command line: /home/fdemirel/HPC_Lab_Proj/stride/../../gem5/build/ALL/gem5.opt -s --outdir=results_stride_multisim --stdout-file=matmult_stride_deg8_dist1_l2_ddr4_1x_simout.txt --stderr-file=matmult_stride_deg8_dist1_l2_ddr4_1x_simerr.txt --stats-file=stats.txt -c 'from multiprocessing.spawn import spawn_main; spawn_main(tracker_fd=7, pipe_handle=13)' --multiprocessing-fork

src/sim/mem_state.cc:443: info: Increasing stack size by one page.
src/sim/syscall_emul.hh:1121: warn: readlink() called on '/proc/self/exe' may yield unexpected results in various settings.
      Returning '/home/fdemirel/HPC_Lab_Proj/benchmarks/matmult/matmult-m5.x'
src/arch/arm/insts/pseudo.cc:174: warn: 	instruction 'bti' unimplemented

----MATRIX MULTIPLICATION----

----Computation starts----
Loop 0 ... 
argc = 2, A[argc][argc] = 0.500000, B[argc][argc] = 0.500000, C[argc][argc] = 0.500000 
Execution time: 1.202490 (ms) 
Global frequency set at 1000000000000 ticks per second
src/mem/dram_interface.cc:690: warn: DRAM device capacity (16384 Mbytes) does not match the address range assigned (1024 Mbytes)
src/base/statistics.hh:279: warn: One of the stats is a legacy stat. Legacy stat is a stat that does not belong to any statistics::Group. Legacy stat is deprecated.
board.remote_gdb: Listening for connections on port 7000
gem5 Simulator System.  https://www.gem5.org
gem5 is copyrighted software; use the --copyright option for details.

gem5 version 25.0.0.1
gem5 compiled May  5 2026 12:55:05
gem5 started Jun 12 2026 18:24:46
gem5 executing on cn27.guoehi.cluster, pid 165151
command line: /home/fdemirel/HPC_Lab_Proj/stride/../../gem5/build/ALL/gem5.opt -s --outdir=results_stride_multisim --stdout-file=simple_triad_stride_deg4_dist32_l2_ddr4_1x_simout.txt --stderr-file=simple_triad_stride_deg4_dist32_l2_ddr4_1x_simerr.txt --stats-file=stats.txt -c 'from multiprocessing.spawn import spawn_main; spawn_main(tracker_fd=7, pipe_handle=13)' --multiprocessing-fork

src/sim/mem_state.cc:443: info: Increasing stack size by one page.
src/sim/syscall_emul.hh:1121: warn: readlink() called on '/proc/self/exe' may yield unexpected results in various settings.
      Returning '/home/fdemirel/HPC_Lab_Proj/benchmarks/simple_triad/simple_triad-m5.x'

----MATRIX MULTIPLICATION----

----Computation starts----
Loop 0 ... 
argc = 2, A[argc][argc] = 0.500000, B[argc][argc] = 0.500000, C[argc][argc] = 0.500000 
Execution time: 1.188520 (ms) 
Global frequency set at 1000000000000 ticks per second
----spmv----
N_ROWS          : 8192 
N_COLS          : 65536 
NNZ             : 524155 
Execution time: 6.542559 (ms) 
src/mem/dram_interface.cc:690: warn: DRAM device capacity (16384 Mbytes) does not match the address range assigned (1024 Mbytes)
src/base/statistics.hh:279: warn: One of the stats is a legacy stat. Legacy stat is a stat that does not belong to any statistics::Group. Legacy stat is deprecated.
board.remote_gdb: Listening for connections on port 7003
gem5 Simulator System.  https://www.gem5.org
gem5 is copyrighted software; use the --copyright option for details.

gem5 version 25.0.0.1
gem5 compiled May  5 2026 12:55:05
gem5 started Jun 12 2026 18:25:22
gem5 executing on cn27.guoehi.cluster, pid 165157
command line: /home/fdemirel/HPC_Lab_Proj/stride/../../gem5/build/ALL/gem5.opt -s --outdir=results_stride_multisim --stdout-file=spmv_stride_deg8_dist4_l2_ddr4_1x_simout.txt --stderr-file=spmv_stride_deg8_dist4_l2_ddr4_1x_simerr.txt --stats-file=stats.txt -c 'from multiprocessing.spawn import spawn_main; spawn_main(tracker_fd=7, pipe_handle=13)' --multiprocessing-fork

src/sim/mem_state.cc:443: info: Increasing stack size by one page.
src/sim/syscall_emul.hh:1121: warn: readlink() called on '/proc/self/exe' may yield unexpected results in various settings.
      Returning '/home/fdemirel/HPC_Lab_Proj/benchmarks/spmv/spmv-m5.x'
src/arch/arm/insts/pseudo.cc:174: warn: 	instruction 'bti' unimplemented
src/sim/mem_state.cc:443: info: Increasing stack size by one page.
src/sim/mem_state.cc:443: info: Increasing stack size by one page.
src/sim/mem_state.cc:443: info: Increasing stack size by one page.
src/sim/mem_state.cc:443: info: Increasing stack size by one page.
src/sim/mem_state.cc:443: info: Increasing stack size by one page.
src/sim/mem_state.cc:443: info: Increasing stack size by one page.
src/sim/mem_state.cc:443: info: Increasing stack size by one page.
Global frequency set at 1000000000000 ticks per second
src/mem/dram_interface.cc:690: warn: DRAM device capacity (16384 Mbytes) does not match the address range assigned (512 Mbytes)
src/mem/dram_interface.cc:690: warn: DRAM device capacity (16384 Mbytes) does not match the address range assigned (512 Mbytes)
src/base/statistics.hh:279: warn: One of the stats is a legacy stat. Legacy stat is a stat that does not belong to any statistics::Group. Legacy stat is deprecated.
board.remote_gdb: Listening for connections on port 7001
gem5 Simulator System.  https://www.gem5.org
gem5 is copyrighted software; use the --copyright option for details.

gem5 version 25.0.0.1
gem5 compiled May  5 2026 12:55:05
gem5 started Jun 12 2026 18:25:43
gem5 executing on cn27.guoehi.cluster, pid 165160
command line: /home/fdemirel/HPC_Lab_Proj/stride/../../gem5/build/ALL/gem5.opt -s --outdir=results_stride_multisim --stdout-file=quick_stride_deg1_dist1_l2_ddr4_2x_simout.txt --stderr-file=quick_stride_deg1_dist1_l2_ddr4_2x_simerr.txt --stats-file=stats.txt -c 'from multiprocessing.spawn import spawn_main; spawn_main(tracker_fd=7, pipe_handle=13)' --multiprocessing-fork

src/sim/mem_state.cc:443: info: Increasing stack size by one page.
src/sim/syscall_emul.hh:1121: warn: readlink() called on '/proc/self/exe' may yield unexpected results in various settings.
      Returning '/home/fdemirel/HPC_Lab_Proj/benchmarks/quick/quick-m5.x'
src/arch/arm/insts/pseudo.cc:174: warn: 	instruction 'bti' unimplemented
Array SIZE      : 1000000 
Array LOOP      : 1 

----triad----
a[0]=7.00e+00. b[0]=2.00e+00. c[0]=1.00e+00.
Execution time: 2.648365 (ms) 
   Rate [MB/s]: 9062.2 
Global frequency set at 1000000000000 ticks per second
src/mem/dram_interface.cc:690: warn: DRAM device capacity (16384 Mbytes) does not match the address range assigned (512 Mbytes)
src/mem/dram_interface.cc:690: warn: DRAM device capacity (16384 Mbytes) does not match the address range assigned (512 Mbytes)
src/base/statistics.hh:279: warn: One of the stats is a legacy stat. Legacy stat is a stat that does not belong to any statistics::Group. Legacy stat is deprecated.
board.remote_gdb: Listening for connections on port 7000
gem5 Simulator System.  https://www.gem5.org
gem5 is copyrighted software; use the --copyright option for details.

gem5 version 25.0.0.1
gem5 compiled May  5 2026 12:55:05
gem5 started Jun 12 2026 18:26:40
gem5 executing on cn27.guoehi.cluster, pid 165164
command line: /home/fdemirel/HPC_Lab_Proj/stride/../../gem5/build/ALL/gem5.opt -s --outdir=results_stride_multisim --stdout-file=bfs_stride_deg8_dist16_l1d_ddr4_2x_simout.txt --stderr-file=bfs_stride_deg8_dist16_l1d_ddr4_2x_simerr.txt --stats-file=stats.txt -c 'from multiprocessing.spawn import spawn_main; spawn_main(tracker_fd=7, pipe_handle=13)' --multiprocessing-fork

src/sim/mem_state.cc:443: info: Increasing stack size by one page.
src/sim/syscall_emul.hh:1121: warn: readlink() called on '/proc/self/exe' may yield unexpected results in various settings.
      Returning '/home/fdemirel/HPC_Lab_Proj/benchmarks/bfs/bfs-m5.x'
src/arch/arm/insts/pseudo.cc:174: warn: 	instruction 'bti' unimplemented
Beginning BFS ...
----spmv----
N_ROWS          : 8192 
N_COLS          : 65536 
NNZ             : 524155 
Execution time: 7.398993 (ms) 
Finished BFS.
Global frequency set at 1000000000000 ticks per second
src/mem/dram_interface.cc:690: warn: DRAM device capacity (16384 Mbytes) does not match the address range assigned (1024 Mbytes)
src/base/statistics.hh:279: warn: One of the stats is a legacy stat. Legacy stat is a stat that does not belong to any statistics::Group. Legacy stat is deprecated.
board.remote_gdb: Listening for connections on port 7002
gem5 Simulator System.  https://www.gem5.org
gem5 is copyrighted software; use the --copyright option for details.

gem5 version 25.0.0.1
gem5 compiled May  5 2026 12:55:05
gem5 started Jun 12 2026 18:27:30
gem5 executing on cn27.guoehi.cluster, pid 165169
command line: /home/fdemirel/HPC_Lab_Proj/stride/../../gem5/build/ALL/gem5.opt -s --outdir=results_stride_multisim --stdout-file=merge_stride_deg8_dist8_l2_ddr4_1x_simout.txt --stderr-file=merge_stride_deg8_dist8_l2_ddr4_1x_simerr.txt --stats-file=stats.txt -c 'from multiprocessing.spawn import spawn_main; spawn_main(tracker_fd=7, pipe_handle=13)' --multiprocessing-fork

src/sim/mem_state.cc:443: info: Increasing stack size by one page.
src/sim/syscall_emul.hh:1121: warn: readlink() called on '/proc/self/exe' may yield unexpected results in various settings.
      Returning '/home/fdemirel/HPC_Lab_Proj/benchmarks/merge/merge-m5.x'
src/arch/arm/insts/pseudo.cc:174: warn: 	instruction 'bti' unimplemented
Global frequency set at 1000000000000 ticks per second
src/mem/dram_interface.cc:690: warn: DRAM device capacity (16384 Mbytes) does not match the address range assigned (1024 Mbytes)
src/base/statistics.hh:279: warn: One of the stats is a legacy stat. Legacy stat is a stat that does not belong to any statistics::Group. Legacy stat is deprecated.
board.remote_gdb: Listening for connections on port 7003
gem5 Simulator System.  https://www.gem5.org
gem5 is copyrighted software; use the --copyright option for details.

gem5 version 25.0.0.1
gem5 compiled May  5 2026 12:55:05
gem5 started Jun 12 2026 18:27:46
gem5 executing on cn27.guoehi.cluster, pid 165170
command line: /home/fdemirel/HPC_Lab_Proj/stride/../../gem5/build/ALL/gem5.opt -s --outdir=results_stride_multisim --stdout-file=bfs_stride_deg8_dist32_l2_ddr4_1x_simout.txt --stderr-file=bfs_stride_deg8_dist32_l2_ddr4_1x_simerr.txt --stats-file=stats.txt -c 'from multiprocessing.spawn import spawn_main; spawn_main(tracker_fd=7, pipe_handle=13)' --multiprocessing-fork

src/sim/mem_state.cc:443: info: Increasing stack size by one page.
src/sim/syscall_emul.hh:1121: warn: readlink() called on '/proc/self/exe' may yield unexpected results in various settings.
      Returning '/home/fdemirel/HPC_Lab_Proj/benchmarks/bfs/bfs-m5.x'
src/arch/arm/insts/pseudo.cc:174: warn: 	instruction 'bti' unimplemented
Beginning BFS ...
----quick sort----
Array SIZE      : 131072 
random_elem:0, /home/fdemirel/HPC_Lab_Proj/benchmarks/quick/quick-m5.x
Execution time: 8.603382 (ms) 
Global frequency set at 1000000000000 ticks per second
src/mem/dram_interface.cc:690: warn: DRAM device capacity (16384 Mbytes) does not match the address range assigned (512 Mbytes)
src/mem/dram_interface.cc:690: warn: DRAM device capacity (16384 Mbytes) does not match the address range assigned (512 Mbytes)
src/base/statistics.hh:279: warn: One of the stats is a legacy stat. Legacy stat is a stat that does not belong to any statistics::Group. Legacy stat is deprecated.
board.remote_gdb: Listening for connections on port 7001
gem5 Simulator System.  https://www.gem5.org
gem5 is copyrighted software; use the --copyright option for details.

gem5 version 25.0.0.1
gem5 compiled May  5 2026 12:55:05
gem5 started Jun 12 2026 18:29:59
gem5 executing on cn27.guoehi.cluster, pid 165178
command line: /home/fdemirel/HPC_Lab_Proj/stride/../../gem5/build/ALL/gem5.opt -s --outdir=results_stride_multisim --stdout-file=quick_stride_deg4_dist4_l1d_ddr4_2x_simout.txt --stderr-file=quick_stride_deg4_dist4_l1d_ddr4_2x_simerr.txt --stats-file=stats.txt -c 'from multiprocessing.spawn import spawn_main; spawn_main(tracker_fd=7, pipe_handle=13)' --multiprocessing-fork

src/sim/mem_state.cc:443: info: Increasing stack size by one page.
src/sim/syscall_emul.hh:1121: warn: readlink() called on '/proc/self/exe' may yield unexpected results in various settings.
      Returning '/home/fdemirel/HPC_Lab_Proj/benchmarks/quick/quick-m5.x'
src/arch/arm/insts/pseudo.cc:174: warn: 	instruction 'bti' unimplemented

----merge----
Execution time: 10.470925 (ms) 
random_elem:0, /home/fdemirel/HPC_Lab_Proj/benchmarks/merge/merge-m5.x
Finished BFS.
Global frequency set at 1000000000000 ticks per second
src/mem/dram_interface.cc:690: warn: DRAM device capacity (16384 Mbytes) does not match the address range assigned (512 Mbytes)
src/mem/dram_interface.cc:690: warn: DRAM device capacity (16384 Mbytes) does not match the address range assigned (512 Mbytes)
src/base/statistics.hh:279: warn: One of the stats is a legacy stat. Legacy stat is a stat that does not belong to any statistics::Group. Legacy stat is deprecated.
board.remote_gdb: Listening for connections on port 7000
gem5 Simulator System.  https://www.gem5.org
gem5 is copyrighted software; use the --copyright option for details.

gem5 version 25.0.0.1
gem5 compiled May  5 2026 12:55:05
gem5 started Jun 12 2026 18:32:26
gem5 executing on cn27.guoehi.cluster, pid 165192
command line: /home/fdemirel/HPC_Lab_Proj/stride/../../gem5/build/ALL/gem5.opt -s --outdir=results_stride_multisim --stdout-file=simple_triad_stride_deg1_dist32_l1d_ddr4_2x_simout.txt --stderr-file=simple_triad_stride_deg1_dist32_l1d_ddr4_2x_simerr.txt --stats-file=stats.txt -c 'from multiprocessing.spawn import spawn_main; spawn_main(tracker_fd=7, pipe_handle=13)' --multiprocessing-fork

src/sim/mem_state.cc:443: info: Increasing stack size by one page.
src/sim/syscall_emul.hh:1121: warn: readlink() called on '/proc/self/exe' may yield unexpected results in various settings.
      Returning '/home/fdemirel/HPC_Lab_Proj/benchmarks/simple_triad/simple_triad-m5.x'
Global frequency set at 1000000000000 ticks per second
src/mem/dram_interface.cc:690: warn: DRAM device capacity (16384 Mbytes) does not match the address range assigned (1024 Mbytes)
src/base/statistics.hh:279: warn: One of the stats is a legacy stat. Legacy stat is a stat that does not belong to any statistics::Group. Legacy stat is deprecated.
board.remote_gdb: Listening for connections on port 7002
gem5 Simulator System.  https://www.gem5.org
gem5 is copyrighted software; use the --copyright option for details.

gem5 version 25.0.0.1
gem5 compiled May  5 2026 12:55:05
gem5 started Jun 12 2026 18:32:33
gem5 executing on cn27.guoehi.cluster, pid 165193
command line: /home/fdemirel/HPC_Lab_Proj/stride/../../gem5/build/ALL/gem5.opt -s --outdir=results_stride_multisim --stdout-file=quick_stride_deg1_dist1_l2_ddr4_1x_simout.txt --stderr-file=quick_stride_deg1_dist1_l2_ddr4_1x_simerr.txt --stats-file=stats.txt -c 'from multiprocessing.spawn import spawn_main; spawn_main(tracker_fd=7, pipe_handle=13)' --multiprocessing-fork

src/sim/mem_state.cc:443: info: Increasing stack size by one page.
src/sim/syscall_emul.hh:1121: warn: readlink() called on '/proc/self/exe' may yield unexpected results in various settings.
      Returning '/home/fdemirel/HPC_Lab_Proj/benchmarks/quick/quick-m5.x'
src/arch/arm/insts/pseudo.cc:174: warn: 	instruction 'bti' unimplemented
Finished BFS.
Global frequency set at 1000000000000 ticks per second
src/mem/dram_interface.cc:690: warn: DRAM device capacity (16384 Mbytes) does not match the address range assigned (1024 Mbytes)
src/base/statistics.hh:279: warn: One of the stats is a legacy stat. Legacy stat is a stat that does not belong to any statistics::Group. Legacy stat is deprecated.
board.remote_gdb: Listening for connections on port 7003
gem5 Simulator System.  https://www.gem5.org
gem5 is copyrighted software; use the --copyright option for details.

gem5 version 25.0.0.1
gem5 compiled May  5 2026 12:55:05
gem5 started Jun 12 2026 18:33:51
gem5 executing on cn27.guoehi.cluster, pid 165200
command line: /home/fdemirel/HPC_Lab_Proj/stride/../../gem5/build/ALL/gem5.opt -s --outdir=results_stride_multisim --stdout-file=quick_stride_deg1_dist1_l1d_ddr4_1x_simout.txt --stderr-file=quick_stride_deg1_dist1_l1d_ddr4_1x_simerr.txt --stats-file=stats.txt -c 'from multiprocessing.spawn import spawn_main; spawn_main(tracker_fd=7, pipe_handle=13)' --multiprocessing-fork

src/sim/mem_state.cc:443: info: Increasing stack size by one page.
src/sim/syscall_emul.hh:1121: warn: readlink() called on '/proc/self/exe' may yield unexpected results in various settings.
      Returning '/home/fdemirel/HPC_Lab_Proj/benchmarks/quick/quick-m5.x'
src/arch/arm/insts/pseudo.cc:174: warn: 	instruction 'bti' unimplemented
----quick sort----
Array SIZE      : 131072 
random_elem:0, /home/fdemirel/HPC_Lab_Proj/benchmarks/quick/quick-m5.x
Execution time: 8.315420 (ms) 
Array SIZE      : 1000000 
Array LOOP      : 1 

----triad----
a[0]=7.00e+00. b[0]=2.00e+00. c[0]=1.00e+00.
Execution time: 1.993103 (ms) 
   Rate [MB/s]: 12041.5 
Global frequency set at 1000000000000 ticks per second
Global frequency set at 1000000000000 ticks per second
src/mem/dram_interface.cc:690: warn: DRAM device capacity (16384 Mbytes) does not match the address range assigned (512 Mbytes)
src/mem/dram_interface.cc:690: warn: DRAM device capacity (16384 Mbytes) does not match the address range assigned (512 Mbytes)
src/base/statistics.hh:279: warn: One of the stats is a legacy stat. Legacy stat is a stat that does not belong to any statistics::Group. Legacy stat is deprecated.
board.remote_gdb: Listening for connections on port 7000
gem5 Simulator System.  https://www.gem5.org
gem5 is copyrighted software; use the --copyright option for details.

gem5 version 25.0.0.1
gem5 compiled May  5 2026 12:55:05
gem5 started Jun 12 2026 18:34:12
gem5 executing on cn27.guoehi.cluster, pid 165204
command line: /home/fdemirel/HPC_Lab_Proj/stride/../../gem5/build/ALL/gem5.opt -s --outdir=results_stride_multisim --stdout-file=merge_stride_deg8_dist8_l2_ddr4_2x_simout.txt --stderr-file=merge_stride_deg8_dist8_l2_ddr4_2x_simerr.txt --stats-file=stats.txt -c 'from multiprocessing.spawn import spawn_main; spawn_main(tracker_fd=7, pipe_handle=13)' --multiprocessing-fork

src/sim/mem_state.cc:443: info: Increasing stack size by one page.
src/sim/syscall_emul.hh:1121: warn: readlink() called on '/proc/self/exe' may yield unexpected results in various settings.
      Returning '/home/fdemirel/HPC_Lab_Proj/benchmarks/merge/merge-m5.x'
src/arch/arm/insts/pseudo.cc:174: warn: 	instruction 'bti' unimplemented
src/mem/dram_interface.cc:690: warn: DRAM device capacity (16384 Mbytes) does not match the address range assigned (1024 Mbytes)
src/base/statistics.hh:279: warn: One of the stats is a legacy stat. Legacy stat is a stat that does not belong to any statistics::Group. Legacy stat is deprecated.
board.remote_gdb: Listening for connections on port 7001
gem5 Simulator System.  https://www.gem5.org
gem5 is copyrighted software; use the --copyright option for details.

gem5 version 25.0.0.1
gem5 compiled May  5 2026 12:55:05
gem5 started Jun 12 2026 18:34:13
gem5 executing on cn27.guoehi.cluster, pid 165205
command line: /home/fdemirel/HPC_Lab_Proj/stride/../../gem5/build/ALL/gem5.opt -s --outdir=results_stride_multisim --stdout-file=spmv_stride_deg32_dist16_l1d_ddr4_1x_simout.txt --stderr-file=spmv_stride_deg32_dist16_l1d_ddr4_1x_simerr.txt --stats-file=stats.txt -c 'from multiprocessing.spawn import spawn_main; spawn_main(tracker_fd=7, pipe_handle=13)' --multiprocessing-fork

src/sim/mem_state.cc:443: info: Increasing stack size by one page.
src/sim/syscall_emul.hh:1121: warn: readlink() called on '/proc/self/exe' may yield unexpected results in various settings.
      Returning '/home/fdemirel/HPC_Lab_Proj/benchmarks/spmv/spmv-m5.x'
src/arch/arm/insts/pseudo.cc:174: warn: 	instruction 'bti' unimplemented
src/sim/mem_state.cc:443: info: Increasing stack size by one page.
src/sim/mem_state.cc:443: info: Increasing stack size by one page.
src/sim/mem_state.cc:443: info: Increasing stack size by one page.
src/sim/mem_state.cc:443: info: Increasing stack size by one page.
src/sim/mem_state.cc:443: info: Increasing stack size by one page.
src/sim/mem_state.cc:443: info: Increasing stack size by one page.
src/sim/mem_state.cc:443: info: Increasing stack size by one page.
----spmv----
N_ROWS          : 8192 
N_COLS          : 65536 
NNZ             : 524155 
Execution time: 6.487350 (ms) 
----quick sort----
Array SIZE      : 131072 
random_elem:0, /home/fdemirel/HPC_Lab_Proj/benchmarks/quick/quick-m5.x
Execution time: 8.639747 (ms) 
Global frequency set at 1000000000000 ticks per second
src/mem/dram_interface.cc:690: warn: DRAM device capacity (16384 Mbytes) does not match the address range assigned (512 Mbytes)
src/mem/dram_interface.cc:690: warn: DRAM device capacity (16384 Mbytes) does not match the address range assigned (512 Mbytes)
src/base/statistics.hh:279: warn: One of the stats is a legacy stat. Legacy stat is a stat that does not belong to any statistics::Group. Legacy stat is deprecated.
board.remote_gdb: Listening for connections on port 7001
gem5 Simulator System.  https://www.gem5.org
gem5 is copyrighted software; use the --copyright option for details.

gem5 version 25.0.0.1
gem5 compiled May  5 2026 12:55:05
gem5 started Jun 12 2026 18:36:21
gem5 executing on cn27.guoehi.cluster, pid 165214
command line: /home/fdemirel/HPC_Lab_Proj/stride/../../gem5/build/ALL/gem5.opt -s --outdir=results_stride_multisim --stdout-file=bfs_stride_deg8_dist16_l2_ddr4_2x_simout.txt --stderr-file=bfs_stride_deg8_dist16_l2_ddr4_2x_simerr.txt --stats-file=stats.txt -c 'from multiprocessing.spawn import spawn_main; spawn_main(tracker_fd=7, pipe_handle=13)' --multiprocessing-fork

src/sim/mem_state.cc:443: info: Increasing stack size by one page.
src/sim/syscall_emul.hh:1121: warn: readlink() called on '/proc/self/exe' may yield unexpected results in various settings.
      Returning '/home/fdemirel/HPC_Lab_Proj/benchmarks/bfs/bfs-m5.x'
src/arch/arm/insts/pseudo.cc:174: warn: 	instruction 'bti' unimplemented
Beginning BFS ...
Global frequency set at 1000000000000 ticks per second
src/mem/dram_interface.cc:690: warn: DRAM device capacity (16384 Mbytes) does not match the address range assigned (512 Mbytes)
src/mem/dram_interface.cc:690: warn: DRAM device capacity (16384 Mbytes) does not match the address range assigned (512 Mbytes)
src/base/statistics.hh:279: warn: One of the stats is a legacy stat. Legacy stat is a stat that does not belong to any statistics::Group. Legacy stat is deprecated.
board.remote_gdb: Listening for connections on port 7002
gem5 Simulator System.  https://www.gem5.org
gem5 is copyrighted software; use the --copyright option for details.

gem5 version 25.0.0.1
gem5 compiled May  5 2026 12:55:05
gem5 started Jun 12 2026 18:36:40
gem5 executing on cn27.guoehi.cluster, pid 165220
command line: /home/fdemirel/HPC_Lab_Proj/stride/../../gem5/build/ALL/gem5.opt -s --outdir=results_stride_multisim --stdout-file=matmult_stride_deg16_dist8_l1d_ddr4_2x_simout.txt --stderr-file=matmult_stride_deg16_dist8_l1d_ddr4_2x_simerr.txt --stats-file=stats.txt -c 'from multiprocessing.spawn import spawn_main; spawn_main(tracker_fd=7, pipe_handle=13)' --multiprocessing-fork

src/sim/mem_state.cc:443: info: Increasing stack size by one page.
src/sim/syscall_emul.hh:1121: warn: readlink() called on '/proc/self/exe' may yield unexpected results in various settings.
      Returning '/home/fdemirel/HPC_Lab_Proj/benchmarks/matmult/matmult-m5.x'
src/arch/arm/insts/pseudo.cc:174: warn: 	instruction 'bti' unimplemented
----quick sort----
Array SIZE      : 131072 
random_elem:0, /home/fdemirel/HPC_Lab_Proj/benchmarks/quick/quick-m5.x
Execution time: 8.354928 (ms) 

----MATRIX MULTIPLICATION----

----Computation starts----
Loop 0 ... 
argc = 2, A[argc][argc] = 0.500000, B[argc][argc] = 0.500000, C[argc][argc] = 0.500000 
Execution time: 1.202996 (ms) 
Global frequency set at 1000000000000 ticks per second
src/mem/dram_interface.cc:690: warn: DRAM device capacity (16384 Mbytes) does not match the address range assigned (512 Mbytes)
src/mem/dram_interface.cc:690: warn: DRAM device capacity (16384 Mbytes) does not match the address range assigned (512 Mbytes)
src/base/statistics.hh:279: warn: One of the stats is a legacy stat. Legacy stat is a stat that does not belong to any statistics::Group. Legacy stat is deprecated.
board.remote_gdb: Listening for connections on port 7002
gem5 Simulator System.  https://www.gem5.org
gem5 is copyrighted software; use the --copyright option for details.

gem5 version 25.0.0.1
gem5 compiled May  5 2026 12:55:05
gem5 started Jun 12 2026 18:37:51
gem5 executing on cn27.guoehi.cluster, pid 165224
command line: /home/fdemirel/HPC_Lab_Proj/stride/../../gem5/build/ALL/gem5.opt -s --outdir=results_stride_multisim --stdout-file=spmv_stride_deg32_dist32_l2_ddr4_2x_simout.txt --stderr-file=spmv_stride_deg32_dist32_l2_ddr4_2x_simerr.txt --stats-file=stats.txt -c 'from multiprocessing.spawn import spawn_main; spawn_main(tracker_fd=7, pipe_handle=13)' --multiprocessing-fork

src/sim/mem_state.cc:443: info: Increasing stack size by one page.
src/sim/syscall_emul.hh:1121: warn: readlink() called on '/proc/self/exe' may yield unexpected results in various settings.
      Returning '/home/fdemirel/HPC_Lab_Proj/benchmarks/spmv/spmv-m5.x'
src/arch/arm/insts/pseudo.cc:174: warn: 	instruction 'bti' unimplemented
src/sim/mem_state.cc:443: info: Increasing stack size by one page.
src/sim/mem_state.cc:443: info: Increasing stack size by one page.
src/sim/mem_state.cc:443: info: Increasing stack size by one page.
src/sim/mem_state.cc:443: info: Increasing stack size by one page.
src/sim/mem_state.cc:443: info: Increasing stack size by one page.
src/sim/mem_state.cc:443: info: Increasing stack size by one page.
src/sim/mem_state.cc:443: info: Increasing stack size by one page.
Global frequency set at 1000000000000 ticks per second
src/mem/dram_interface.cc:690: warn: DRAM device capacity (16384 Mbytes) does not match the address range assigned (512 Mbytes)
src/mem/dram_interface.cc:690: warn: DRAM device capacity (16384 Mbytes) does not match the address range assigned (512 Mbytes)
src/base/statistics.hh:279: warn: One of the stats is a legacy stat. Legacy stat is a stat that does not belong to any statistics::Group. Legacy stat is deprecated.
board.remote_gdb: Listening for connections on port 7003
gem5 Simulator System.  https://www.gem5.org
gem5 is copyrighted software; use the --copyright option for details.

gem5 version 25.0.0.1
gem5 compiled May  5 2026 12:55:05
gem5 started Jun 12 2026 18:37:57
gem5 executing on cn27.guoehi.cluster, pid 165225
command line: /home/fdemirel/HPC_Lab_Proj/stride/../../gem5/build/ALL/gem5.opt -s --outdir=results_stride_multisim --stdout-file=merge_stride_deg16_dist16_l1d_ddr4_2x_simout.txt --stderr-file=merge_stride_deg16_dist16_l1d_ddr4_2x_simerr.txt --stats-file=stats.txt -c 'from multiprocessing.spawn import spawn_main; spawn_main(tracker_fd=7, pipe_handle=13)' --multiprocessing-fork

src/sim/mem_state.cc:443: info: Increasing stack size by one page.
src/sim/syscall_emul.hh:1121: warn: readlink() called on '/proc/self/exe' may yield unexpected results in various settings.
      Returning '/home/fdemirel/HPC_Lab_Proj/benchmarks/merge/merge-m5.x'
src/arch/arm/insts/pseudo.cc:174: warn: 	instruction 'bti' unimplemented

----merge----
Execution time: 10.430572 (ms) 
random_elem:0, /home/fdemirel/HPC_Lab_Proj/benchmarks/merge/merge-m5.x
Global frequency set at 1000000000000 ticks per second
src/mem/dram_interface.cc:690: warn: DRAM device capacity (16384 Mbytes) does not match the address range assigned (1024 Mbytes)
src/base/statistics.hh:279: warn: One of the stats is a legacy stat. Legacy stat is a stat that does not belong to any statistics::Group. Legacy stat is deprecated.
board.remote_gdb: Listening for connections on port 7000
gem5 Simulator System.  https://www.gem5.org
gem5 is copyrighted software; use the --copyright option for details.

gem5 version 25.0.0.1
gem5 compiled May  5 2026 12:55:05
gem5 started Jun 12 2026 18:39:26
gem5 executing on cn27.guoehi.cluster, pid 165233
command line: /home/fdemirel/HPC_Lab_Proj/stride/../../gem5/build/ALL/gem5.opt -s --outdir=results_stride_multisim --stdout-file=merge_stride_deg32_dist32_l2_ddr4_1x_simout.txt --stderr-file=merge_stride_deg32_dist32_l2_ddr4_1x_simerr.txt --stats-file=stats.txt -c 'from multiprocessing.spawn import spawn_main; spawn_main(tracker_fd=7, pipe_handle=13)' --multiprocessing-fork

src/sim/mem_state.cc:443: info: Increasing stack size by one page.
src/sim/syscall_emul.hh:1121: warn: readlink() called on '/proc/self/exe' may yield unexpected results in various settings.
      Returning '/home/fdemirel/HPC_Lab_Proj/benchmarks/merge/merge-m5.x'
src/arch/arm/insts/pseudo.cc:174: warn: 	instruction 'bti' unimplemented
----spmv----
N_ROWS          : 8192 
N_COLS          : 65536 
NNZ             : 524155 
Execution time: 6.897502 (ms) 
Global frequency set at 1000000000000 ticks per second
src/mem/dram_interface.cc:690: warn: DRAM device capacity (16384 Mbytes) does not match the address range assigned (512 Mbytes)
src/mem/dram_interface.cc:690: warn: DRAM device capacity (16384 Mbytes) does not match the address range assigned (512 Mbytes)
src/base/statistics.hh:279: warn: One of the stats is a legacy stat. Legacy stat is a stat that does not belong to any statistics::Group. Legacy stat is deprecated.
board.remote_gdb: Listening for connections on port 7002
gem5 Simulator System.  https://www.gem5.org
gem5 is copyrighted software; use the --copyright option for details.

gem5 version 25.0.0.1
gem5 compiled May  5 2026 12:55:05
gem5 started Jun 12 2026 18:39:58
gem5 executing on cn27.guoehi.cluster, pid 165236
command line: /home/fdemirel/HPC_Lab_Proj/stride/../../gem5/build/ALL/gem5.opt -s --outdir=results_stride_multisim --stdout-file=quick_stride_deg4_dist4_l2_ddr4_2x_simout.txt --stderr-file=quick_stride_deg4_dist4_l2_ddr4_2x_simerr.txt --stats-file=stats.txt -c 'from multiprocessing.spawn import spawn_main; spawn_main(tracker_fd=7, pipe_handle=13)' --multiprocessing-fork

src/sim/mem_state.cc:443: info: Increasing stack size by one page.
src/sim/syscall_emul.hh:1121: warn: readlink() called on '/proc/self/exe' may yield unexpected results in various settings.
      Returning '/home/fdemirel/HPC_Lab_Proj/benchmarks/quick/quick-m5.x'
src/arch/arm/insts/pseudo.cc:174: warn: 	instruction 'bti' unimplemented
Finished BFS.
Global frequency set at 1000000000000 ticks per second
src/mem/dram_interface.cc:690: warn: DRAM device capacity (16384 Mbytes) does not match the address range assigned (512 Mbytes)
src/mem/dram_interface.cc:690: warn: DRAM device capacity (16384 Mbytes) does not match the address range assigned (512 Mbytes)
src/base/statistics.hh:279: warn: One of the stats is a legacy stat. Legacy stat is a stat that does not belong to any statistics::Group. Legacy stat is deprecated.
board.remote_gdb: Listening for connections on port 7001
gem5 Simulator System.  https://www.gem5.org
gem5 is copyrighted software; use the --copyright option for details.

gem5 version 25.0.0.1
gem5 compiled May  5 2026 12:55:05
gem5 started Jun 12 2026 18:42:09
gem5 executing on cn27.guoehi.cluster, pid 165246
command line: /home/fdemirel/HPC_Lab_Proj/stride/../../gem5/build/ALL/gem5.opt -s --outdir=results_stride_multisim --stdout-file=simple_triad_stride_deg1_dist32_l2_ddr4_2x_simout.txt --stderr-file=simple_triad_stride_deg1_dist32_l2_ddr4_2x_simerr.txt --stats-file=stats.txt -c 'from multiprocessing.spawn import spawn_main; spawn_main(tracker_fd=7, pipe_handle=13)' --multiprocessing-fork

src/sim/mem_state.cc:443: info: Increasing stack size by one page.
src/sim/syscall_emul.hh:1121: warn: readlink() called on '/proc/self/exe' may yield unexpected results in various settings.
      Returning '/home/fdemirel/HPC_Lab_Proj/benchmarks/simple_triad/simple_triad-m5.x'

----merge----
Execution time: 10.191164 (ms) 
random_elem:0, /home/fdemirel/HPC_Lab_Proj/benchmarks/merge/merge-m5.x
Global frequency set at 1000000000000 ticks per second
src/mem/dram_interface.cc:690: warn: DRAM device capacity (16384 Mbytes) does not match the address range assigned (512 Mbytes)
src/mem/dram_interface.cc:690: warn: DRAM device capacity (16384 Mbytes) does not match the address range assigned (512 Mbytes)
src/base/statistics.hh:279: warn: One of the stats is a legacy stat. Legacy stat is a stat that does not belong to any statistics::Group. Legacy stat is deprecated.
board.remote_gdb: Listening for connections on port 7003
gem5 Simulator System.  https://www.gem5.org
gem5 is copyrighted software; use the --copyright option for details.

gem5 version 25.0.0.1
gem5 compiled May  5 2026 12:55:05
gem5 started Jun 12 2026 18:43:14
gem5 executing on cn27.guoehi.cluster, pid 165250
command line: /home/fdemirel/HPC_Lab_Proj/stride/../../gem5/build/ALL/gem5.opt -s --outdir=results_stride_multisim --stdout-file=bfs_stride_deg16_dist32_l1d_ddr4_2x_simout.txt --stderr-file=bfs_stride_deg16_dist32_l1d_ddr4_2x_simerr.txt --stats-file=stats.txt -c 'from multiprocessing.spawn import spawn_main; spawn_main(tracker_fd=7, pipe_handle=13)' --multiprocessing-fork

src/sim/mem_state.cc:443: info: Increasing stack size by one page.
src/sim/syscall_emul.hh:1121: warn: readlink() called on '/proc/self/exe' may yield unexpected results in various settings.
      Returning '/home/fdemirel/HPC_Lab_Proj/benchmarks/bfs/bfs-m5.x'
src/arch/arm/insts/pseudo.cc:174: warn: 	instruction 'bti' unimplemented
Beginning BFS ...
Array SIZE      : 1000000 
Array LOOP      : 1 

----triad----
a[0]=7.00e+00. b[0]=2.00e+00. c[0]=1.00e+00.
Execution time: 2.021771 (ms) 
   Rate [MB/s]: 11870.8 
Global frequency set at 1000000000000 ticks per second
src/mem/dram_interface.cc:690: warn: DRAM device capacity (16384 Mbytes) does not match the address range assigned (1024 Mbytes)
src/base/statistics.hh:279: warn: One of the stats is a legacy stat. Legacy stat is a stat that does not belong to any statistics::Group. Legacy stat is deprecated.
board.remote_gdb: Listening for connections on port 7001
gem5 Simulator System.  https://www.gem5.org
gem5 is copyrighted software; use the --copyright option for details.

gem5 version 25.0.0.1
gem5 compiled May  5 2026 12:55:05
gem5 started Jun 12 2026 18:43:52
gem5 executing on cn27.guoehi.cluster, pid 165254
command line: /home/fdemirel/HPC_Lab_Proj/stride/../../gem5/build/ALL/gem5.opt -s --outdir=results_stride_multisim --stdout-file=quick_stride_deg8_dist8_l1d_ddr4_1x_simout.txt --stderr-file=quick_stride_deg8_dist8_l1d_ddr4_1x_simerr.txt --stats-file=stats.txt -c 'from multiprocessing.spawn import spawn_main; spawn_main(tracker_fd=7, pipe_handle=13)' --multiprocessing-fork

src/sim/mem_state.cc:443: info: Increasing stack size by one page.
src/sim/syscall_emul.hh:1121: warn: readlink() called on '/proc/self/exe' may yield unexpected results in various settings.
      Returning '/home/fdemirel/HPC_Lab_Proj/benchmarks/quick/quick-m5.x'
src/arch/arm/insts/pseudo.cc:174: warn: 	instruction 'bti' unimplemented
----quick sort----
Array SIZE      : 131072 
random_elem:0, /home/fdemirel/HPC_Lab_Proj/benchmarks/quick/quick-m5.x
Execution time: 8.617371 (ms) 
Global frequency set at 1000000000000 ticks per second
src/mem/dram_interface.cc:690: warn: DRAM device capacity (16384 Mbytes) does not match the address range assigned (512 Mbytes)
src/mem/dram_interface.cc:690: warn: DRAM device capacity (16384 Mbytes) does not match the address range assigned (512 Mbytes)
src/base/statistics.hh:279: warn: One of the stats is a legacy stat. Legacy stat is a stat that does not belong to any statistics::Group. Legacy stat is deprecated.
board.remote_gdb: Listening for connections on port 7002
gem5 Simulator System.  https://www.gem5.org
gem5 is copyrighted software; use the --copyright option for details.

gem5 version 25.0.0.1
gem5 compiled May  5 2026 12:55:05
gem5 started Jun 12 2026 18:44:13
gem5 executing on cn27.guoehi.cluster, pid 165257
command line: /home/fdemirel/HPC_Lab_Proj/stride/../../gem5/build/ALL/gem5.opt -s --outdir=results_stride_multisim --stdout-file=spmv_stride_deg4_dist1_l2_ddr4_2x_simout.txt --stderr-file=spmv_stride_deg4_dist1_l2_ddr4_2x_simerr.txt --stats-file=stats.txt -c 'from multiprocessing.spawn import spawn_main; spawn_main(tracker_fd=7, pipe_handle=13)' --multiprocessing-fork

src/sim/mem_state.cc:443: info: Increasing stack size by one page.
src/sim/syscall_emul.hh:1121: warn: readlink() called on '/proc/self/exe' may yield unexpected results in various settings.
      Returning '/home/fdemirel/HPC_Lab_Proj/benchmarks/spmv/spmv-m5.x'
src/arch/arm/insts/pseudo.cc:174: warn: 	instruction 'bti' unimplemented
src/sim/mem_state.cc:443: info: Increasing stack size by one page.
src/sim/mem_state.cc:443: info: Increasing stack size by one page.
src/sim/mem_state.cc:443: info: Increasing stack size by one page.
src/sim/mem_state.cc:443: info: Increasing stack size by one page.
src/sim/mem_state.cc:443: info: Increasing stack size by one page.
src/sim/mem_state.cc:443: info: Increasing stack size by one page.
src/sim/mem_state.cc:443: info: Increasing stack size by one page.

----merge----
Execution time: 10.973257 (ms) 
random_elem:0, /home/fdemirel/HPC_Lab_Proj/benchmarks/merge/merge-m5.x
Global frequency set at 1000000000000 ticks per second
src/mem/dram_interface.cc:690: warn: DRAM device capacity (16384 Mbytes) does not match the address range assigned (1024 Mbytes)
src/base/statistics.hh:279: warn: One of the stats is a legacy stat. Legacy stat is a stat that does not belong to any statistics::Group. Legacy stat is deprecated.
board.remote_gdb: Listening for connections on port 7000
gem5 Simulator System.  https://www.gem5.org
gem5 is copyrighted software; use the --copyright option for details.

gem5 version 25.0.0.1
gem5 compiled May  5 2026 12:55:05
gem5 started Jun 12 2026 18:44:39
gem5 executing on cn27.guoehi.cluster, pid 165261
command line: /home/fdemirel/HPC_Lab_Proj/stride/../../gem5/build/ALL/gem5.opt -s --outdir=results_stride_multisim --stdout-file=spmv_stride_deg8_dist1_l1d_ddr4_1x_simout.txt --stderr-file=spmv_stride_deg8_dist1_l1d_ddr4_1x_simerr.txt --stats-file=stats.txt -c 'from multiprocessing.spawn import spawn_main; spawn_main(tracker_fd=7, pipe_handle=13)' --multiprocessing-fork

src/sim/mem_state.cc:443: info: Increasing stack size by one page.
src/sim/syscall_emul.hh:1121: warn: readlink() called on '/proc/self/exe' may yield unexpected results in various settings.
      Returning '/home/fdemirel/HPC_Lab_Proj/benchmarks/spmv/spmv-m5.x'
src/arch/arm/insts/pseudo.cc:174: warn: 	instruction 'bti' unimplemented
src/sim/mem_state.cc:443: info: Increasing stack size by one page.
src/sim/mem_state.cc:443: info: Increasing stack size by one page.
src/sim/mem_state.cc:443: info: Increasing stack size by one page.
src/sim/mem_state.cc:443: info: Increasing stack size by one page.
src/sim/mem_state.cc:443: info: Increasing stack size by one page.
src/sim/mem_state.cc:443: info: Increasing stack size by one page.
src/sim/mem_state.cc:443: info: Increasing stack size by one page.
----spmv----
N_ROWS          : 8192 
N_COLS          : 65536 
NNZ             : 524155 
Execution time: 7.059520 (ms) 
Global frequency set at 1000000000000 ticks per second
src/mem/dram_interface.cc:690: warn: DRAM device capacity (16384 Mbytes) does not match the address range assigned (512 Mbytes)
src/mem/dram_interface.cc:690: warn: DRAM device capacity (16384 Mbytes) does not match the address range assigned (512 Mbytes)
src/base/statistics.hh:279: warn: One of the stats is a legacy stat. Legacy stat is a stat that does not belong to any statistics::Group. Legacy stat is deprecated.
board.remote_gdb: Listening for connections on port 7002
gem5 Simulator System.  https://www.gem5.org
gem5 is copyrighted software; use the --copyright option for details.

gem5 version 25.0.0.1
gem5 compiled May  5 2026 12:55:05
gem5 started Jun 12 2026 18:46:13
gem5 executing on cn27.guoehi.cluster, pid 165268
command line: /home/fdemirel/HPC_Lab_Proj/stride/../../gem5/build/ALL/gem5.opt -s --outdir=results_stride_multisim --stdout-file=matmult_stride_deg16_dist8_l2_ddr4_2x_simout.txt --stderr-file=matmult_stride_deg16_dist8_l2_ddr4_2x_simerr.txt --stats-file=stats.txt -c 'from multiprocessing.spawn import spawn_main; spawn_main(tracker_fd=7, pipe_handle=13)' --multiprocessing-fork

src/sim/mem_state.cc:443: info: Increasing stack size by one page.
src/sim/syscall_emul.hh:1121: warn: readlink() called on '/proc/self/exe' may yield unexpected results in various settings.
      Returning '/home/fdemirel/HPC_Lab_Proj/benchmarks/matmult/matmult-m5.x'
src/arch/arm/insts/pseudo.cc:174: warn: 	instruction 'bti' unimplemented
----spmv----
N_ROWS          : 8192 
N_COLS          : 65536 
NNZ             : 524155 
Execution time: 7.039524 (ms) 
Global frequency set at 1000000000000 ticks per second
src/mem/dram_interface.cc:690: warn: DRAM device capacity (16384 Mbytes) does not match the address range assigned (1024 Mbytes)
src/base/statistics.hh:279: warn: One of the stats is a legacy stat. Legacy stat is a stat that does not belong to any statistics::Group. Legacy stat is deprecated.
board.remote_gdb: Listening for connections on port 7000
gem5 Simulator System.  https://www.gem5.org
gem5 is copyrighted software; use the --copyright option for details.

gem5 version 25.0.0.1
gem5 compiled May  5 2026 12:55:05
gem5 started Jun 12 2026 18:46:48
gem5 executing on cn27.guoehi.cluster, pid 165271
command line: /home/fdemirel/HPC_Lab_Proj/stride/../../gem5/build/ALL/gem5.opt -s --outdir=results_stride_multisim --stdout-file=matmult_stride_deg4_dist32_l1d_ddr4_1x_simout.txt --stderr-file=matmult_stride_deg4_dist32_l1d_ddr4_1x_simerr.txt --stats-file=stats.txt -c 'from multiprocessing.spawn import spawn_main; spawn_main(tracker_fd=7, pipe_handle=13)' --multiprocessing-fork

src/sim/mem_state.cc:443: info: Increasing stack size by one page.
src/sim/syscall_emul.hh:1121: warn: readlink() called on '/proc/self/exe' may yield unexpected results in various settings.
      Returning '/home/fdemirel/HPC_Lab_Proj/benchmarks/matmult/matmult-m5.x'
src/arch/arm/insts/pseudo.cc:174: warn: 	instruction 'bti' unimplemented

----MATRIX MULTIPLICATION----

----Computation starts----
Loop 0 ... 
argc = 2, A[argc][argc] = 0.500000, B[argc][argc] = 0.500000, C[argc][argc] = 0.500000 
Execution time: 1.210388 (ms) 
Global frequency set at 1000000000000 ticks per second
src/mem/dram_interface.cc:690: warn: DRAM device capacity (16384 Mbytes) does not match the address range assigned (512 Mbytes)
src/mem/dram_interface.cc:690: warn: DRAM device capacity (16384 Mbytes) does not match the address range assigned (512 Mbytes)
src/base/statistics.hh:279: warn: One of the stats is a legacy stat. Legacy stat is a stat that does not belong to any statistics::Group. Legacy stat is deprecated.
board.remote_gdb: Listening for connections on port 7002
gem5 Simulator System.  https://www.gem5.org
gem5 is copyrighted software; use the --copyright option for details.

gem5 version 25.0.0.1
gem5 compiled May  5 2026 12:55:05
gem5 started Jun 12 2026 18:47:21
gem5 executing on cn27.guoehi.cluster, pid 165275
command line: /home/fdemirel/HPC_Lab_Proj/stride/../../gem5/build/ALL/gem5.opt -s --outdir=results_stride_multisim --stdout-file=bfs_stride_deg1_dist1_l1d_ddr4_2x_simout.txt --stderr-file=bfs_stride_deg1_dist1_l1d_ddr4_2x_simerr.txt --stats-file=stats.txt -c 'from multiprocessing.spawn import spawn_main; spawn_main(tracker_fd=7, pipe_handle=13)' --multiprocessing-fork

src/sim/mem_state.cc:443: info: Increasing stack size by one page.
src/sim/syscall_emul.hh:1121: warn: readlink() called on '/proc/self/exe' may yield unexpected results in various settings.
      Returning '/home/fdemirel/HPC_Lab_Proj/benchmarks/bfs/bfs-m5.x'
src/arch/arm/insts/pseudo.cc:174: warn: 	instruction 'bti' unimplemented
Beginning BFS ...

----MATRIX MULTIPLICATION----

----Computation starts----
Loop 0 ... 
argc = 2, A[argc][argc] = 0.500000, B[argc][argc] = 0.500000, C[argc][argc] = 0.500000 
Execution time: 1.238916 (ms) 
----quick sort----
Array SIZE      : 131072 
random_elem:0, /home/fdemirel/HPC_Lab_Proj/benchmarks/quick/quick-m5.x
Execution time: 8.437044 (ms) 
Global frequency set at 1000000000000 ticks per second
src/mem/dram_interface.cc:690: warn: DRAM device capacity (16384 Mbytes) does not match the address range assigned (1024 Mbytes)
src/base/statistics.hh:279: warn: One of the stats is a legacy stat. Legacy stat is a stat that does not belong to any statistics::Group. Legacy stat is deprecated.
board.remote_gdb: Listening for connections on port 7000
gem5 Simulator System.  https://www.gem5.org
gem5 is copyrighted software; use the --copyright option for details.

gem5 version 25.0.0.1
gem5 compiled May  5 2026 12:55:05
gem5 started Jun 12 2026 18:47:57
gem5 executing on cn27.guoehi.cluster, pid 165278
command line: /home/fdemirel/HPC_Lab_Proj/stride/../../gem5/build/ALL/gem5.opt -s --outdir=results_stride_multisim --stdout-file=simple_triad_stride_deg4_dist16_l2_ddr4_1x_simout.txt --stderr-file=simple_triad_stride_deg4_dist16_l2_ddr4_1x_simerr.txt --stats-file=stats.txt -c 'from multiprocessing.spawn import spawn_main; spawn_main(tracker_fd=7, pipe_handle=13)' --multiprocessing-fork

src/sim/mem_state.cc:443: info: Increasing stack size by one page.
src/sim/syscall_emul.hh:1121: warn: readlink() called on '/proc/self/exe' may yield unexpected results in various settings.
      Returning '/home/fdemirel/HPC_Lab_Proj/benchmarks/simple_triad/simple_triad-m5.x'
Global frequency set at 1000000000000 ticks per second
src/mem/dram_interface.cc:690: warn: DRAM device capacity (16384 Mbytes) does not match the address range assigned (1024 Mbytes)
src/base/statistics.hh:279: warn: One of the stats is a legacy stat. Legacy stat is a stat that does not belong to any statistics::Group. Legacy stat is deprecated.
board.remote_gdb: Listening for connections on port 7001
gem5 Simulator System.  https://www.gem5.org
gem5 is copyrighted software; use the --copyright option for details.

gem5 version 25.0.0.1
gem5 compiled May  5 2026 12:55:05
gem5 started Jun 12 2026 18:48:04
gem5 executing on cn27.guoehi.cluster, pid 165279
command line: /home/fdemirel/HPC_Lab_Proj/stride/../../gem5/build/ALL/gem5.opt -s --outdir=results_stride_multisim --stdout-file=spmv_stride_deg8_dist1_l2_ddr4_1x_simout.txt --stderr-file=spmv_stride_deg8_dist1_l2_ddr4_1x_simerr.txt --stats-file=stats.txt -c 'from multiprocessing.spawn import spawn_main; spawn_main(tracker_fd=7, pipe_handle=13)' --multiprocessing-fork

src/sim/mem_state.cc:443: info: Increasing stack size by one page.
src/sim/syscall_emul.hh:1121: warn: readlink() called on '/proc/self/exe' may yield unexpected results in various settings.
      Returning '/home/fdemirel/HPC_Lab_Proj/benchmarks/spmv/spmv-m5.x'
src/arch/arm/insts/pseudo.cc:174: warn: 	instruction 'bti' unimplemented
src/sim/mem_state.cc:443: info: Increasing stack size by one page.
src/sim/mem_state.cc:443: info: Increasing stack size by one page.
src/sim/mem_state.cc:443: info: Increasing stack size by one page.
src/sim/mem_state.cc:443: info: Increasing stack size by one page.
src/sim/mem_state.cc:443: info: Increasing stack size by one page.
src/sim/mem_state.cc:443: info: Increasing stack size by one page.
src/sim/mem_state.cc:443: info: Increasing stack size by one page.
Finished BFS.
Global frequency set at 1000000000000 ticks per second
src/mem/dram_interface.cc:690: warn: DRAM device capacity (16384 Mbytes) does not match the address range assigned (512 Mbytes)
src/mem/dram_interface.cc:690: warn: DRAM device capacity (16384 Mbytes) does not match the address range assigned (512 Mbytes)
src/base/statistics.hh:279: warn: One of the stats is a legacy stat. Legacy stat is a stat that does not belong to any statistics::Group. Legacy stat is deprecated.
board.remote_gdb: Listening for connections on port 7003
gem5 Simulator System.  https://www.gem5.org
gem5 is copyrighted software; use the --copyright option for details.

gem5 version 25.0.0.1
gem5 compiled May  5 2026 12:55:05
gem5 started Jun 12 2026 18:49:20
gem5 executing on cn27.guoehi.cluster, pid 165289
command line: /home/fdemirel/HPC_Lab_Proj/stride/../../gem5/build/ALL/gem5.opt -s --outdir=results_stride_multisim --stdout-file=merge_stride_deg32_dist32_l1d_ddr4_2x_simout.txt --stderr-file=merge_stride_deg32_dist32_l1d_ddr4_2x_simerr.txt --stats-file=stats.txt -c 'from multiprocessing.spawn import spawn_main; spawn_main(tracker_fd=7, pipe_handle=13)' --multiprocessing-fork

src/sim/mem_state.cc:443: info: Increasing stack size by one page.
src/sim/syscall_emul.hh:1121: warn: readlink() called on '/proc/self/exe' may yield unexpected results in various settings.
      Returning '/home/fdemirel/HPC_Lab_Proj/benchmarks/merge/merge-m5.x'
src/arch/arm/insts/pseudo.cc:174: warn: 	instruction 'bti' unimplemented
Array SIZE      : 1000000 
Array LOOP      : 1 

----triad----
a[0]=7.00e+00. b[0]=2.00e+00. c[0]=1.00e+00.
Execution time: 2.462843 (ms) 
   Rate [MB/s]: 9744.8 
Global frequency set at 1000000000000 ticks per second
src/mem/dram_interface.cc:690: warn: DRAM device capacity (16384 Mbytes) does not match the address range assigned (512 Mbytes)
src/mem/dram_interface.cc:690: warn: DRAM device capacity (16384 Mbytes) does not match the address range assigned (512 Mbytes)
src/base/statistics.hh:279: warn: One of the stats is a legacy stat. Legacy stat is a stat that does not belong to any statistics::Group. Legacy stat is deprecated.
board.remote_gdb: Listening for connections on port 7000
gem5 Simulator System.  https://www.gem5.org
gem5 is copyrighted software; use the --copyright option for details.

gem5 version 25.0.0.1
gem5 compiled May  5 2026 12:55:05
gem5 started Jun 12 2026 18:49:53
gem5 executing on cn27.guoehi.cluster, pid 165292
command line: /home/fdemirel/HPC_Lab_Proj/stride/../../gem5/build/ALL/gem5.opt -s --outdir=results_stride_multisim --stdout-file=matmult_stride_deg1_dist32_l1d_ddr4_2x_simout.txt --stderr-file=matmult_stride_deg1_dist32_l1d_ddr4_2x_simerr.txt --stats-file=stats.txt -c 'from multiprocessing.spawn import spawn_main; spawn_main(tracker_fd=7, pipe_handle=13)' --multiprocessing-fork

src/sim/mem_state.cc:443: info: Increasing stack size by one page.
src/sim/syscall_emul.hh:1121: warn: readlink() called on '/proc/self/exe' may yield unexpected results in various settings.
      Returning '/home/fdemirel/HPC_Lab_Proj/benchmarks/matmult/matmult-m5.x'
src/arch/arm/insts/pseudo.cc:174: warn: 	instruction 'bti' unimplemented
----spmv----
N_ROWS          : 8192 
N_COLS          : 65536 
NNZ             : 524155 
Execution time: 7.297681 (ms) 
Global frequency set at 1000000000000 ticks per second
src/mem/dram_interface.cc:690: warn: DRAM device capacity (16384 Mbytes) does not match the address range assigned (512 Mbytes)
src/mem/dram_interface.cc:690: warn: DRAM device capacity (16384 Mbytes) does not match the address range assigned (512 Mbytes)
src/base/statistics.hh:279: warn: One of the stats is a legacy stat. Legacy stat is a stat that does not belong to any statistics::Group. Legacy stat is deprecated.
board.remote_gdb: Listening for connections on port 7001
gem5 Simulator System.  https://www.gem5.org
gem5 is copyrighted software; use the --copyright option for details.

gem5 version 25.0.0.1
gem5 compiled May  5 2026 12:55:05
gem5 started Jun 12 2026 18:50:15
gem5 executing on cn27.guoehi.cluster, pid 165297
command line: /home/fdemirel/HPC_Lab_Proj/stride/../../gem5/build/ALL/gem5.opt -s --outdir=results_stride_multisim --stdout-file=spmv_stride_deg8_dist4_l2_ddr4_2x_simout.txt --stderr-file=spmv_stride_deg8_dist4_l2_ddr4_2x_simerr.txt --stats-file=stats.txt -c 'from multiprocessing.spawn import spawn_main; spawn_main(tracker_fd=7, pipe_handle=13)' --multiprocessing-fork

src/sim/mem_state.cc:443: info: Increasing stack size by one page.
src/sim/syscall_emul.hh:1121: warn: readlink() called on '/proc/self/exe' may yield unexpected results in various settings.
      Returning '/home/fdemirel/HPC_Lab_Proj/benchmarks/spmv/spmv-m5.x'
src/arch/arm/insts/pseudo.cc:174: warn: 	instruction 'bti' unimplemented
src/sim/mem_state.cc:443: info: Increasing stack size by one page.
src/sim/mem_state.cc:443: info: Increasing stack size by one page.
src/sim/mem_state.cc:443: info: Increasing stack size by one page.
src/sim/mem_state.cc:443: info: Increasing stack size by one page.
src/sim/mem_state.cc:443: info: Increasing stack size by one page.
src/sim/mem_state.cc:443: info: Increasing stack size by one page.
src/sim/mem_state.cc:443: info: Increasing stack size by one page.

----MATRIX MULTIPLICATION----

----Computation starts----
Loop 0 ... 
argc = 2, A[argc][argc] = 0.500000, B[argc][argc] = 0.500000, C[argc][argc] = 0.500000 
Execution time: 1.254565 (ms) 
Global frequency set at 1000000000000 ticks per second
src/mem/dram_interface.cc:690: warn: DRAM device capacity (16384 Mbytes) does not match the address range assigned (1024 Mbytes)
src/base/statistics.hh:279: warn: One of the stats is a legacy stat. Legacy stat is a stat that does not belong to any statistics::Group. Legacy stat is deprecated.
board.remote_gdb: Listening for connections on port 7000
gem5 Simulator System.  https://www.gem5.org
gem5 is copyrighted software; use the --copyright option for details.

gem5 version 25.0.0.1
gem5 compiled May  5 2026 12:55:05
gem5 started Jun 12 2026 18:51:05
gem5 executing on cn27.guoehi.cluster, pid 165303
command line: /home/fdemirel/HPC_Lab_Proj/stride/../../gem5/build/ALL/gem5.opt -s --outdir=results_stride_multisim --stdout-file=simple_triad_stride_deg32_dist1_l1d_ddr4_1x_simout.txt --stderr-file=simple_triad_stride_deg32_dist1_l1d_ddr4_1x_simerr.txt --stats-file=stats.txt -c 'from multiprocessing.spawn import spawn_main; spawn_main(tracker_fd=7, pipe_handle=13)' --multiprocessing-fork

src/sim/mem_state.cc:443: info: Increasing stack size by one page.
src/sim/syscall_emul.hh:1121: warn: readlink() called on '/proc/self/exe' may yield unexpected results in various settings.
      Returning '/home/fdemirel/HPC_Lab_Proj/benchmarks/simple_triad/simple_triad-m5.x'
----spmv----
N_ROWS          : 8192 
N_COLS          : 65536 
NNZ             : 524155 
Execution time: 6.903400 (ms) 
Global frequency set at 1000000000000 ticks per second
src/mem/dram_interface.cc:690: warn: DRAM device capacity (16384 Mbytes) does not match the address range assigned (1024 Mbytes)
src/base/statistics.hh:279: warn: One of the stats is a legacy stat. Legacy stat is a stat that does not belong to any statistics::Group. Legacy stat is deprecated.
board.remote_gdb: Listening for connections on port 7001
gem5 Simulator System.  https://www.gem5.org
gem5 is copyrighted software; use the --copyright option for details.

gem5 version 25.0.0.1
gem5 compiled May  5 2026 12:55:05
gem5 started Jun 12 2026 18:52:16
gem5 executing on cn27.guoehi.cluster, pid 165309
command line: /home/fdemirel/HPC_Lab_Proj/stride/../../gem5/build/ALL/gem5.opt -s --outdir=results_stride_multisim --stdout-file=matmult_stride_deg32_dist4_l1d_ddr4_1x_simout.txt --stderr-file=matmult_stride_deg32_dist4_l1d_ddr4_1x_simerr.txt --stats-file=stats.txt -c 'from multiprocessing.spawn import spawn_main; spawn_main(tracker_fd=7, pipe_handle=13)' --multiprocessing-fork

src/sim/mem_state.cc:443: info: Increasing stack size by one page.
src/sim/syscall_emul.hh:1121: warn: readlink() called on '/proc/self/exe' may yield unexpected results in various settings.
      Returning '/home/fdemirel/HPC_Lab_Proj/benchmarks/matmult/matmult-m5.x'
src/arch/arm/insts/pseudo.cc:174: warn: 	instruction 'bti' unimplemented
Array SIZE      : 1000000 
Array LOOP      : 1 

----triad----
a[0]=7.00e+00. b[0]=2.00e+00. c[0]=1.00e+00.
Execution time: 2.947604 (ms) 
   Rate [MB/s]: 8142.2 
Finished BFS.
Global frequency set at 1000000000000 ticks per second
src/mem/dram_interface.cc:690: warn: DRAM device capacity (16384 Mbytes) does not match the address range assigned (1024 Mbytes)
src/base/statistics.hh:279: warn: One of the stats is a legacy stat. Legacy stat is a stat that does not belong to any statistics::Group. Legacy stat is deprecated.
board.remote_gdb: Listening for connections on port 7000
gem5 Simulator System.  https://www.gem5.org
gem5 is copyrighted software; use the --copyright option for details.

gem5 version 25.0.0.1
gem5 compiled May  5 2026 12:55:05
gem5 started Jun 12 2026 18:53:01
gem5 executing on cn27.guoehi.cluster, pid 165312
command line: /home/fdemirel/HPC_Lab_Proj/stride/../../gem5/build/ALL/gem5.opt -s --outdir=results_stride_multisim --stdout-file=spmv_stride_deg32_dist8_l1d_ddr4_1x_simout.txt --stderr-file=spmv_stride_deg32_dist8_l1d_ddr4_1x_simerr.txt --stats-file=stats.txt -c 'from multiprocessing.spawn import spawn_main; spawn_main(tracker_fd=7, pipe_handle=13)' --multiprocessing-fork

src/sim/mem_state.cc:443: info: Increasing stack size by one page.
src/sim/syscall_emul.hh:1121: warn: readlink() called on '/proc/self/exe' may yield unexpected results in various settings.
      Returning '/home/fdemirel/HPC_Lab_Proj/benchmarks/spmv/spmv-m5.x'
src/arch/arm/insts/pseudo.cc:174: warn: 	instruction 'bti' unimplemented
src/sim/mem_state.cc:443: info: Increasing stack size by one page.
src/sim/mem_state.cc:443: info: Increasing stack size by one page.
src/sim/mem_state.cc:443: info: Increasing stack size by one page.
src/sim/mem_state.cc:443: info: Increasing stack size by one page.
src/sim/mem_state.cc:443: info: Increasing stack size by one page.
src/sim/mem_state.cc:443: info: Increasing stack size by one page.
src/sim/mem_state.cc:443: info: Increasing stack size by one page.

----MATRIX MULTIPLICATION----

----Computation starts----
Loop 0 ... 
argc = 2, A[argc][argc] = 0.500000, B[argc][argc] = 0.500000, C[argc][argc] = 0.500000 
Execution time: 1.229837 (ms) 
Global frequency set at 1000000000000 ticks per second
src/mem/dram_interface.cc:690: warn: DRAM device capacity (16384 Mbytes) does not match the address range assigned (512 Mbytes)
src/mem/dram_interface.cc:690: warn: DRAM device capacity (16384 Mbytes) does not match the address range assigned (512 Mbytes)
src/base/statistics.hh:279: warn: One of the stats is a legacy stat. Legacy stat is a stat that does not belong to any statistics::Group. Legacy stat is deprecated.
board.remote_gdb: Listening for connections on port 7001
gem5 Simulator System.  https://www.gem5.org
gem5 is copyrighted software; use the --copyright option for details.

gem5 version 25.0.0.1
gem5 compiled May  5 2026 12:55:05
gem5 started Jun 12 2026 18:53:16
gem5 executing on cn27.guoehi.cluster, pid 165314
command line: /home/fdemirel/HPC_Lab_Proj/stride/../../gem5/build/ALL/gem5.opt -s --outdir=results_stride_multisim --stdout-file=quick_stride_deg16_dist16_l1d_ddr4_2x_simout.txt --stderr-file=quick_stride_deg16_dist16_l1d_ddr4_2x_simerr.txt --stats-file=stats.txt -c 'from multiprocessing.spawn import spawn_main; spawn_main(tracker_fd=7, pipe_handle=13)' --multiprocessing-fork

src/sim/mem_state.cc:443: info: Increasing stack size by one page.
src/sim/syscall_emul.hh:1121: warn: readlink() called on '/proc/self/exe' may yield unexpected results in various settings.
      Returning '/home/fdemirel/HPC_Lab_Proj/benchmarks/quick/quick-m5.x'
src/arch/arm/insts/pseudo.cc:174: warn: 	instruction 'bti' unimplemented
Global frequency set at 1000000000000 ticks per second
src/mem/dram_interface.cc:690: warn: DRAM device capacity (16384 Mbytes) does not match the address range assigned (1024 Mbytes)
src/base/statistics.hh:279: warn: One of the stats is a legacy stat. Legacy stat is a stat that does not belong to any statistics::Group. Legacy stat is deprecated.
board.remote_gdb: Listening for connections on port 7002
gem5 Simulator System.  https://www.gem5.org
gem5 is copyrighted software; use the --copyright option for details.

gem5 version 25.0.0.1
gem5 compiled May  5 2026 12:55:05
gem5 started Jun 12 2026 18:53:32
gem5 executing on cn27.guoehi.cluster, pid 165318
command line: /home/fdemirel/HPC_Lab_Proj/stride/../../gem5/build/ALL/gem5.opt -s --outdir=results_stride_multisim --stdout-file=matmult_stride_deg32_dist4_l2_ddr4_1x_simout.txt --stderr-file=matmult_stride_deg32_dist4_l2_ddr4_1x_simerr.txt --stats-file=stats.txt -c 'from multiprocessing.spawn import spawn_main; spawn_main(tracker_fd=7, pipe_handle=13)' --multiprocessing-fork

src/sim/mem_state.cc:443: info: Increasing stack size by one page.
src/sim/syscall_emul.hh:1121: warn: readlink() called on '/proc/self/exe' may yield unexpected results in various settings.
      Returning '/home/fdemirel/HPC_Lab_Proj/benchmarks/matmult/matmult-m5.x'
src/arch/arm/insts/pseudo.cc:174: warn: 	instruction 'bti' unimplemented

----merge----
Execution time: 10.634945 (ms) 
random_elem:0, /home/fdemirel/HPC_Lab_Proj/benchmarks/merge/merge-m5.x

----MATRIX MULTIPLICATION----

----Computation starts----
Loop 0 ... 
argc = 2, A[argc][argc] = 0.500000, B[argc][argc] = 0.500000, C[argc][argc] = 0.500000 
Execution time: 1.192629 (ms) 
Global frequency set at 1000000000000 ticks per second
src/mem/dram_interface.cc:690: warn: DRAM device capacity (16384 Mbytes) does not match the address range assigned (1024 Mbytes)
src/base/statistics.hh:279: warn: One of the stats is a legacy stat. Legacy stat is a stat that does not belong to any statistics::Group. Legacy stat is deprecated.
board.remote_gdb: Listening for connections on port 7002
gem5 Simulator System.  https://www.gem5.org
gem5 is copyrighted software; use the --copyright option for details.

gem5 version 25.0.0.1
gem5 compiled May  5 2026 12:55:05
gem5 started Jun 12 2026 18:54:38
gem5 executing on cn27.guoehi.cluster, pid 165324
command line: /home/fdemirel/HPC_Lab_Proj/stride/../../gem5/build/ALL/gem5.opt -s --outdir=results_stride_multisim --stdout-file=simple_triad_stride_deg32_dist1_l2_ddr4_1x_simout.txt --stderr-file=simple_triad_stride_deg32_dist1_l2_ddr4_1x_simerr.txt --stats-file=stats.txt -c 'from multiprocessing.spawn import spawn_main; spawn_main(tracker_fd=7, pipe_handle=13)' --multiprocessing-fork

src/sim/mem_state.cc:443: info: Increasing stack size by one page.
src/sim/syscall_emul.hh:1121: warn: readlink() called on '/proc/self/exe' may yield unexpected results in various settings.
      Returning '/home/fdemirel/HPC_Lab_Proj/benchmarks/simple_triad/simple_triad-m5.x'
Global frequency set at 1000000000000 ticks per second
src/mem/dram_interface.cc:690: warn: DRAM device capacity (16384 Mbytes) does not match the address range assigned (1024 Mbytes)
src/base/statistics.hh:279: warn: One of the stats is a legacy stat. Legacy stat is a stat that does not belong to any statistics::Group. Legacy stat is deprecated.
board.remote_gdb: Listening for connections on port 7003
gem5 Simulator System.  https://www.gem5.org
gem5 is copyrighted software; use the --copyright option for details.

gem5 version 25.0.0.1
gem5 compiled May  5 2026 12:55:05
gem5 started Jun 12 2026 18:54:43
gem5 executing on cn27.guoehi.cluster, pid 165325
command line: /home/fdemirel/HPC_Lab_Proj/stride/../../gem5/build/ALL/gem5.opt -s --outdir=results_stride_multisim --stdout-file=bfs_stride_deg1_dist1_l2_ddr4_1x_simout.txt --stderr-file=bfs_stride_deg1_dist1_l2_ddr4_1x_simerr.txt --stats-file=stats.txt -c 'from multiprocessing.spawn import spawn_main; spawn_main(tracker_fd=7, pipe_handle=13)' --multiprocessing-fork

src/sim/mem_state.cc:443: info: Increasing stack size by one page.
src/sim/syscall_emul.hh:1121: warn: readlink() called on '/proc/self/exe' may yield unexpected results in various settings.
      Returning '/home/fdemirel/HPC_Lab_Proj/benchmarks/bfs/bfs-m5.x'
src/arch/arm/insts/pseudo.cc:174: warn: 	instruction 'bti' unimplemented
Beginning BFS ...
----spmv----
N_ROWS          : 8192 
N_COLS          : 65536 
NNZ             : 524155 
Execution time: 6.343060 (ms) 
Global frequency set at 1000000000000 ticks per second
src/mem/dram_interface.cc:690: warn: DRAM device capacity (16384 Mbytes) does not match the address range assigned (512 Mbytes)
src/mem/dram_interface.cc:690: warn: DRAM device capacity (16384 Mbytes) does not match the address range assigned (512 Mbytes)
src/base/statistics.hh:279: warn: One of the stats is a legacy stat. Legacy stat is a stat that does not belong to any statistics::Group. Legacy stat is deprecated.
board.remote_gdb: Listening for connections on port 7000
gem5 Simulator System.  https://www.gem5.org
gem5 is copyrighted software; use the --copyright option for details.

gem5 version 25.0.0.1
gem5 compiled May  5 2026 12:55:05
gem5 started Jun 12 2026 18:55:11
gem5 executing on cn27.guoehi.cluster, pid 165332
command line: /home/fdemirel/HPC_Lab_Proj/stride/../../gem5/build/ALL/gem5.opt -s --outdir=results_stride_multisim --stdout-file=spmv_stride_deg16_dist8_l1d_ddr4_2x_simout.txt --stderr-file=spmv_stride_deg16_dist8_l1d_ddr4_2x_simerr.txt --stats-file=stats.txt -c 'from multiprocessing.spawn import spawn_main; spawn_main(tracker_fd=7, pipe_handle=13)' --multiprocessing-fork

src/sim/mem_state.cc:443: info: Increasing stack size by one page.
src/sim/syscall_emul.hh:1121: warn: readlink() called on '/proc/self/exe' may yield unexpected results in various settings.
      Returning '/home/fdemirel/HPC_Lab_Proj/benchmarks/spmv/spmv-m5.x'
src/arch/arm/insts/pseudo.cc:174: warn: 	instruction 'bti' unimplemented
src/sim/mem_state.cc:443: info: Increasing stack size by one page.
src/sim/mem_state.cc:443: info: Increasing stack size by one page.
src/sim/mem_state.cc:443: info: Increasing stack size by one page.
src/sim/mem_state.cc:443: info: Increasing stack size by one page.
src/sim/mem_state.cc:443: info: Increasing stack size by one page.
src/sim/mem_state.cc:443: info: Increasing stack size by one page.
src/sim/mem_state.cc:443: info: Increasing stack size by one page.
Array SIZE      : 1000000 
Array LOOP      : 1 

----triad----
a[0]=7.00e+00. b[0]=2.00e+00. c[0]=1.00e+00.
Execution time: 3.041671 (ms) 
   Rate [MB/s]: 7890.4 
Global frequency set at 1000000000000 ticks per second
src/mem/dram_interface.cc:690: warn: DRAM device capacity (16384 Mbytes) does not match the address range assigned (512 Mbytes)
src/mem/dram_interface.cc:690: warn: DRAM device capacity (16384 Mbytes) does not match the address range assigned (512 Mbytes)
src/base/statistics.hh:279: warn: One of the stats is a legacy stat. Legacy stat is a stat that does not belong to any statistics::Group. Legacy stat is deprecated.
board.remote_gdb: Listening for connections on port 7002
gem5 Simulator System.  https://www.gem5.org
gem5 is copyrighted software; use the --copyright option for details.

gem5 version 25.0.0.1
gem5 compiled May  5 2026 12:55:05
gem5 started Jun 12 2026 18:56:40
gem5 executing on cn27.guoehi.cluster, pid 165338
command line: /home/fdemirel/HPC_Lab_Proj/stride/../../gem5/build/ALL/gem5.opt -s --outdir=results_stride_multisim --stdout-file=matmult_stride_deg1_dist32_l2_ddr4_2x_simout.txt --stderr-file=matmult_stride_deg1_dist32_l2_ddr4_2x_simerr.txt --stats-file=stats.txt -c 'from multiprocessing.spawn import spawn_main; spawn_main(tracker_fd=7, pipe_handle=13)' --multiprocessing-fork

src/sim/mem_state.cc:443: info: Increasing stack size by one page.
src/sim/syscall_emul.hh:1121: warn: readlink() called on '/proc/self/exe' may yield unexpected results in various settings.
      Returning '/home/fdemirel/HPC_Lab_Proj/benchmarks/matmult/matmult-m5.x'
src/arch/arm/insts/pseudo.cc:174: warn: 	instruction 'bti' unimplemented
----quick sort----
Array SIZE      : 131072 
random_elem:0, /home/fdemirel/HPC_Lab_Proj/benchmarks/quick/quick-m5.x
Execution time: 8.614520 (ms) 
----spmv----
N_ROWS          : 8192 
N_COLS          : 65536 
NNZ             : 524155 
Execution time: 6.459503 (ms) 
Global frequency set at 1000000000000 ticks per second
src/mem/dram_interface.cc:690: warn: DRAM device capacity (16384 Mbytes) does not match the address range assigned (512 Mbytes)
src/mem/dram_interface.cc:690: warn: DRAM device capacity (16384 Mbytes) does not match the address range assigned (512 Mbytes)
src/base/statistics.hh:279: warn: One of the stats is a legacy stat. Legacy stat is a stat that does not belong to any statistics::Group. Legacy stat is deprecated.
board.remote_gdb: Listening for connections on port 7000
gem5 Simulator System.  https://www.gem5.org
gem5 is copyrighted software; use the --copyright option for details.

gem5 version 25.0.0.1
gem5 compiled May  5 2026 12:55:05
gem5 started Jun 12 2026 18:57:21
gem5 executing on cn27.guoehi.cluster, pid 165342
command line: /home/fdemirel/HPC_Lab_Proj/stride/../../gem5/build/ALL/gem5.opt -s --outdir=results_stride_multisim --stdout-file=merge_stride_deg4_dist1_l2_ddr4_2x_simout.txt --stderr-file=merge_stride_deg4_dist1_l2_ddr4_2x_simerr.txt --stats-file=stats.txt -c 'from multiprocessing.spawn import spawn_main; spawn_main(tracker_fd=7, pipe_handle=13)' --multiprocessing-fork

src/sim/mem_state.cc:443: info: Increasing stack size by one page.
src/sim/syscall_emul.hh:1121: warn: readlink() called on '/proc/self/exe' may yield unexpected results in various settings.
      Returning '/home/fdemirel/HPC_Lab_Proj/benchmarks/merge/merge-m5.x'
src/arch/arm/insts/pseudo.cc:174: warn: 	instruction 'bti' unimplemented
Global frequency set at 1000000000000 ticks per second
src/mem/dram_interface.cc:690: warn: DRAM device capacity (16384 Mbytes) does not match the address range assigned (1024 Mbytes)
src/base/statistics.hh:279: warn: One of the stats is a legacy stat. Legacy stat is a stat that does not belong to any statistics::Group. Legacy stat is deprecated.
board.remote_gdb: Listening for connections on port 7001
gem5 Simulator System.  https://www.gem5.org
gem5 is copyrighted software; use the --copyright option for details.

gem5 version 25.0.0.1
gem5 compiled May  5 2026 12:55:05
gem5 started Jun 12 2026 18:57:25
gem5 executing on cn27.guoehi.cluster, pid 165343
command line: /home/fdemirel/HPC_Lab_Proj/stride/../../gem5/build/ALL/gem5.opt -s --outdir=results_stride_multisim --stdout-file=bfs_stride_deg8_dist8_l1d_ddr4_1x_simout.txt --stderr-file=bfs_stride_deg8_dist8_l1d_ddr4_1x_simerr.txt --stats-file=stats.txt -c 'from multiprocessing.spawn import spawn_main; spawn_main(tracker_fd=7, pipe_handle=13)' --multiprocessing-fork

src/sim/mem_state.cc:443: info: Increasing stack size by one page.
src/sim/syscall_emul.hh:1121: warn: readlink() called on '/proc/self/exe' may yield unexpected results in various settings.
      Returning '/home/fdemirel/HPC_Lab_Proj/benchmarks/bfs/bfs-m5.x'
src/arch/arm/insts/pseudo.cc:174: warn: 	instruction 'bti' unimplemented
Beginning BFS ...

----MATRIX MULTIPLICATION----

----Computation starts----
Loop 0 ... 
argc = 2, A[argc][argc] = 0.500000, B[argc][argc] = 0.500000, C[argc][argc] = 0.500000 
Execution time: 1.247117 (ms) 
Global frequency set at 1000000000000 ticks per second
src/mem/dram_interface.cc:690: warn: DRAM device capacity (16384 Mbytes) does not match the address range assigned (512 Mbytes)
src/mem/dram_interface.cc:690: warn: DRAM device capacity (16384 Mbytes) does not match the address range assigned (512 Mbytes)
src/base/statistics.hh:279: warn: One of the stats is a legacy stat. Legacy stat is a stat that does not belong to any statistics::Group. Legacy stat is deprecated.
board.remote_gdb: Listening for connections on port 7002
gem5 Simulator System.  https://www.gem5.org
gem5 is copyrighted software; use the --copyright option for details.

gem5 version 25.0.0.1
gem5 compiled May  5 2026 12:55:05
gem5 started Jun 12 2026 18:57:49
gem5 executing on cn27.guoehi.cluster, pid 165349
command line: /home/fdemirel/HPC_Lab_Proj/stride/../../gem5/build/ALL/gem5.opt -s --outdir=results_stride_multisim --stdout-file=matmult_stride_deg8_dist1_l1d_ddr4_2x_simout.txt --stderr-file=matmult_stride_deg8_dist1_l1d_ddr4_2x_simerr.txt --stats-file=stats.txt -c 'from multiprocessing.spawn import spawn_main; spawn_main(tracker_fd=7, pipe_handle=13)' --multiprocessing-fork

src/sim/mem_state.cc:443: info: Increasing stack size by one page.
src/sim/syscall_emul.hh:1121: warn: readlink() called on '/proc/self/exe' may yield unexpected results in various settings.
      Returning '/home/fdemirel/HPC_Lab_Proj/benchmarks/matmult/matmult-m5.x'
src/arch/arm/insts/pseudo.cc:174: warn: 	instruction 'bti' unimplemented

----MATRIX MULTIPLICATION----

----Computation starts----
Loop 0 ... 
argc = 2, A[argc][argc] = 0.500000, B[argc][argc] = 0.500000, C[argc][argc] = 0.500000 
Execution time: 1.210663 (ms) 
Global frequency set at 1000000000000 ticks per second
src/mem/dram_interface.cc:690: warn: DRAM device capacity (16384 Mbytes) does not match the address range assigned (512 Mbytes)
src/mem/dram_interface.cc:690: warn: DRAM device capacity (16384 Mbytes) does not match the address range assigned (512 Mbytes)
src/base/statistics.hh:279: warn: One of the stats is a legacy stat. Legacy stat is a stat that does not belong to any statistics::Group. Legacy stat is deprecated.
board.remote_gdb: Listening for connections on port 7002
gem5 Simulator System.  https://www.gem5.org
gem5 is copyrighted software; use the --copyright option for details.

gem5 version 25.0.0.1
gem5 compiled May  5 2026 12:55:05
gem5 started Jun 12 2026 18:59:04
gem5 executing on cn27.guoehi.cluster, pid 165354
command line: /home/fdemirel/HPC_Lab_Proj/stride/../../gem5/build/ALL/gem5.opt -s --outdir=results_stride_multisim --stdout-file=spmv_stride_deg16_dist8_l2_ddr4_2x_simout.txt --stderr-file=spmv_stride_deg16_dist8_l2_ddr4_2x_simerr.txt --stats-file=stats.txt -c 'from multiprocessing.spawn import spawn_main; spawn_main(tracker_fd=7, pipe_handle=13)' --multiprocessing-fork

src/sim/mem_state.cc:443: info: Increasing stack size by one page.
src/sim/syscall_emul.hh:1121: warn: readlink() called on '/proc/self/exe' may yield unexpected results in various settings.
      Returning '/home/fdemirel/HPC_Lab_Proj/benchmarks/spmv/spmv-m5.x'
src/arch/arm/insts/pseudo.cc:174: warn: 	instruction 'bti' unimplemented
src/sim/mem_state.cc:443: info: Increasing stack size by one page.
src/sim/mem_state.cc:443: info: Increasing stack size by one page.
src/sim/mem_state.cc:443: info: Increasing stack size by one page.
src/sim/mem_state.cc:443: info: Increasing stack size by one page.
src/sim/mem_state.cc:443: info: Increasing stack size by one page.
src/sim/mem_state.cc:443: info: Increasing stack size by one page.
src/sim/mem_state.cc:443: info: Increasing stack size by one page.
Finished BFS.
Global frequency set at 1000000000000 ticks per second
src/mem/dram_interface.cc:690: warn: DRAM device capacity (16384 Mbytes) does not match the address range assigned (1024 Mbytes)
src/base/statistics.hh:279: warn: One of the stats is a legacy stat. Legacy stat is a stat that does not belong to any statistics::Group. Legacy stat is deprecated.
board.remote_gdb: Listening for connections on port 7003
gem5 Simulator System.  https://www.gem5.org
gem5 is copyrighted software; use the --copyright option for details.

gem5 version 25.0.0.1
gem5 compiled May  5 2026 12:55:05
gem5 started Jun 12 2026 19:00:35
gem5 executing on cn27.guoehi.cluster, pid 165364
command line: /home/fdemirel/HPC_Lab_Proj/stride/../../gem5/build/ALL/gem5.opt -s --outdir=results_stride_multisim --stdout-file=matmult_stride_deg4_dist16_l2_ddr4_1x_simout.txt --stderr-file=matmult_stride_deg4_dist16_l2_ddr4_1x_simerr.txt --stats-file=stats.txt -c 'from multiprocessing.spawn import spawn_main; spawn_main(tracker_fd=7, pipe_handle=13)' --multiprocessing-fork

src/sim/mem_state.cc:443: info: Increasing stack size by one page.
src/sim/syscall_emul.hh:1121: warn: readlink() called on '/proc/self/exe' may yield unexpected results in various settings.
      Returning '/home/fdemirel/HPC_Lab_Proj/benchmarks/matmult/matmult-m5.x'
src/arch/arm/insts/pseudo.cc:174: warn: 	instruction 'bti' unimplemented
----spmv----
N_ROWS          : 8192 
N_COLS          : 65536 
NNZ             : 524155 
Execution time: 6.645001 (ms) 
Global frequency set at 1000000000000 ticks per second
src/mem/dram_interface.cc:690: warn: DRAM device capacity (16384 Mbytes) does not match the address range assigned (1024 Mbytes)
src/base/statistics.hh:279: warn: One of the stats is a legacy stat. Legacy stat is a stat that does not belong to any statistics::Group. Legacy stat is deprecated.
board.remote_gdb: Listening for connections on port 7002
gem5 Simulator System.  https://www.gem5.org
gem5 is copyrighted software; use the --copyright option for details.

gem5 version 25.0.0.1
gem5 compiled May  5 2026 12:55:05
gem5 started Jun 12 2026 19:01:10
gem5 executing on cn27.guoehi.cluster, pid 165367
command line: /home/fdemirel/HPC_Lab_Proj/stride/../../gem5/build/ALL/gem5.opt -s --outdir=results_stride_multisim --stdout-file=simple_triad_stride_deg4_dist8_l2_ddr4_1x_simout.txt --stderr-file=simple_triad_stride_deg4_dist8_l2_ddr4_1x_simerr.txt --stats-file=stats.txt -c 'from multiprocessing.spawn import spawn_main; spawn_main(tracker_fd=7, pipe_handle=13)' --multiprocessing-fork

src/sim/mem_state.cc:443: info: Increasing stack size by one page.
src/sim/syscall_emul.hh:1121: warn: readlink() called on '/proc/self/exe' may yield unexpected results in various settings.
      Returning '/home/fdemirel/HPC_Lab_Proj/benchmarks/simple_triad/simple_triad-m5.x'

----MATRIX MULTIPLICATION----

----Computation starts----
Loop 0 ... 
argc = 2, A[argc][argc] = 0.500000, B[argc][argc] = 0.500000, C[argc][argc] = 0.500000 
Execution time: 1.217151 (ms) 
Global frequency set at 1000000000000 ticks per second
src/mem/dram_interface.cc:690: warn: DRAM device capacity (16384 Mbytes) does not match the address range assigned (512 Mbytes)
src/mem/dram_interface.cc:690: warn: DRAM device capacity (16384 Mbytes) does not match the address range assigned (512 Mbytes)
src/base/statistics.hh:279: warn: One of the stats is a legacy stat. Legacy stat is a stat that does not belong to any statistics::Group. Legacy stat is deprecated.
board.remote_gdb: Listening for connections on port 7003
gem5 Simulator System.  https://www.gem5.org
gem5 is copyrighted software; use the --copyright option for details.

gem5 version 25.0.0.1
gem5 compiled May  5 2026 12:55:05
gem5 started Jun 12 2026 19:01:43
gem5 executing on cn27.guoehi.cluster, pid 165371
command line: /home/fdemirel/HPC_Lab_Proj/stride/../../gem5/build/ALL/gem5.opt -s --outdir=results_stride_multisim --stdout-file=merge_stride_deg8_dist4_l1d_ddr4_2x_simout.txt --stderr-file=merge_stride_deg8_dist4_l1d_ddr4_2x_simerr.txt --stats-file=stats.txt -c 'from multiprocessing.spawn import spawn_main; spawn_main(tracker_fd=7, pipe_handle=13)' --multiprocessing-fork

src/sim/mem_state.cc:443: info: Increasing stack size by one page.
src/sim/syscall_emul.hh:1121: warn: readlink() called on '/proc/self/exe' may yield unexpected results in various settings.
      Returning '/home/fdemirel/HPC_Lab_Proj/benchmarks/merge/merge-m5.x'
src/arch/arm/insts/pseudo.cc:174: warn: 	instruction 'bti' unimplemented

----merge----
Execution time: 10.315813 (ms) 
random_elem:0, /home/fdemirel/HPC_Lab_Proj/benchmarks/merge/merge-m5.x
Global frequency set at 1000000000000 ticks per second
src/mem/dram_interface.cc:690: warn: DRAM device capacity (16384 Mbytes) does not match the address range assigned (512 Mbytes)
src/mem/dram_interface.cc:690: warn: DRAM device capacity (16384 Mbytes) does not match the address range assigned (512 Mbytes)
src/base/statistics.hh:279: warn: One of the stats is a legacy stat. Legacy stat is a stat that does not belong to any statistics::Group. Legacy stat is deprecated.
board.remote_gdb: Listening for connections on port 7000
gem5 Simulator System.  https://www.gem5.org
gem5 is copyrighted software; use the --copyright option for details.

gem5 version 25.0.0.1
gem5 compiled May  5 2026 12:55:05
gem5 started Jun 12 2026 19:02:19
gem5 executing on cn27.guoehi.cluster, pid 165377
command line: /home/fdemirel/HPC_Lab_Proj/stride/../../gem5/build/ALL/gem5.opt -s --outdir=results_stride_multisim --stdout-file=simple_triad_stride_deg32_dist8_l1d_ddr4_2x_simout.txt --stderr-file=simple_triad_stride_deg32_dist8_l1d_ddr4_2x_simerr.txt --stats-file=stats.txt -c 'from multiprocessing.spawn import spawn_main; spawn_main(tracker_fd=7, pipe_handle=13)' --multiprocessing-fork

src/sim/mem_state.cc:443: info: Increasing stack size by one page.
src/sim/syscall_emul.hh:1121: warn: readlink() called on '/proc/self/exe' may yield unexpected results in various settings.
      Returning '/home/fdemirel/HPC_Lab_Proj/benchmarks/simple_triad/simple_triad-m5.x'
Array SIZE      : 1000000 
Array LOOP      : 1 

----triad----
a[0]=7.00e+00. b[0]=2.00e+00. c[0]=1.00e+00.
Execution time: 2.448073 (ms) 
   Rate [MB/s]: 9803.6 
Global frequency set at 1000000000000 ticks per second
src/mem/dram_interface.cc:690: warn: DRAM device capacity (16384 Mbytes) does not match the address range assigned (512 Mbytes)
src/mem/dram_interface.cc:690: warn: DRAM device capacity (16384 Mbytes) does not match the address range assigned (512 Mbytes)
src/base/statistics.hh:279: warn: One of the stats is a legacy stat. Legacy stat is a stat that does not belong to any statistics::Group. Legacy stat is deprecated.
board.remote_gdb: Listening for connections on port 7002
gem5 Simulator System.  https://www.gem5.org
gem5 is copyrighted software; use the --copyright option for details.

gem5 version 25.0.0.1
gem5 compiled May  5 2026 12:55:05
gem5 started Jun 12 2026 19:03:03
gem5 executing on cn27.guoehi.cluster, pid 165380
command line: /home/fdemirel/HPC_Lab_Proj/stride/../../gem5/build/ALL/gem5.opt -s --outdir=results_stride_multisim --stdout-file=bfs_stride_deg8_dist8_l1d_ddr4_2x_simout.txt --stderr-file=bfs_stride_deg8_dist8_l1d_ddr4_2x_simerr.txt --stats-file=stats.txt -c 'from multiprocessing.spawn import spawn_main; spawn_main(tracker_fd=7, pipe_handle=13)' --multiprocessing-fork

src/sim/mem_state.cc:443: info: Increasing stack size by one page.
src/sim/syscall_emul.hh:1121: warn: readlink() called on '/proc/self/exe' may yield unexpected results in various settings.
      Returning '/home/fdemirel/HPC_Lab_Proj/benchmarks/bfs/bfs-m5.x'
src/arch/arm/insts/pseudo.cc:174: warn: 	instruction 'bti' unimplemented
Beginning BFS ...
Finished BFS.
Global frequency set at 1000000000000 ticks per second
src/mem/dram_interface.cc:690: warn: DRAM device capacity (16384 Mbytes) does not match the address range assigned (512 Mbytes)
src/mem/dram_interface.cc:690: warn: DRAM device capacity (16384 Mbytes) does not match the address range assigned (512 Mbytes)
src/base/statistics.hh:279: warn: One of the stats is a legacy stat. Legacy stat is a stat that does not belong to any statistics::Group. Legacy stat is deprecated.
board.remote_gdb: Listening for connections on port 7001
gem5 Simulator System.  https://www.gem5.org
gem5 is copyrighted software; use the --copyright option for details.

gem5 version 25.0.0.1
gem5 compiled May  5 2026 12:55:05
gem5 started Jun 12 2026 19:03:38
gem5 executing on cn27.guoehi.cluster, pid 165385
command line: /home/fdemirel/HPC_Lab_Proj/stride/../../gem5/build/ALL/gem5.opt -s --outdir=results_stride_multisim --stdout-file=spmv_stride_deg32_dist16_l1d_ddr4_2x_simout.txt --stderr-file=spmv_stride_deg32_dist16_l1d_ddr4_2x_simerr.txt --stats-file=stats.txt -c 'from multiprocessing.spawn import spawn_main; spawn_main(tracker_fd=7, pipe_handle=13)' --multiprocessing-fork

src/sim/mem_state.cc:443: info: Increasing stack size by one page.
src/sim/syscall_emul.hh:1121: warn: readlink() called on '/proc/self/exe' may yield unexpected results in various settings.
      Returning '/home/fdemirel/HPC_Lab_Proj/benchmarks/spmv/spmv-m5.x'
src/arch/arm/insts/pseudo.cc:174: warn: 	instruction 'bti' unimplemented
src/sim/mem_state.cc:443: info: Increasing stack size by one page.
src/sim/mem_state.cc:443: info: Increasing stack size by one page.
src/sim/mem_state.cc:443: info: Increasing stack size by one page.
src/sim/mem_state.cc:443: info: Increasing stack size by one page.
src/sim/mem_state.cc:443: info: Increasing stack size by one page.
src/sim/mem_state.cc:443: info: Increasing stack size by one page.
src/sim/mem_state.cc:443: info: Increasing stack size by one page.
Array SIZE      : 1000000 
Array LOOP      : 1 

----triad----
a[0]=7.00e+00. b[0]=2.00e+00. c[0]=1.00e+00.
Execution time: 2.107209 (ms) 
   Rate [MB/s]: 11389.5 
Global frequency set at 1000000000000 ticks per second
src/mem/dram_interface.cc:690: warn: DRAM device capacity (16384 Mbytes) does not match the address range assigned (512 Mbytes)
src/mem/dram_interface.cc:690: warn: DRAM device capacity (16384 Mbytes) does not match the address range assigned (512 Mbytes)
src/base/statistics.hh:279: warn: One of the stats is a legacy stat. Legacy stat is a stat that does not belong to any statistics::Group. Legacy stat is deprecated.
board.remote_gdb: Listening for connections on port 7000
gem5 Simulator System.  https://www.gem5.org
gem5 is copyrighted software; use the --copyright option for details.

gem5 version 25.0.0.1
gem5 compiled May  5 2026 12:55:05
gem5 started Jun 12 2026 19:04:11
gem5 executing on cn27.guoehi.cluster, pid 165390
command line: /home/fdemirel/HPC_Lab_Proj/stride/../../gem5/build/ALL/gem5.opt -s --outdir=results_stride_multisim --stdout-file=matmult_stride_deg8_dist1_l2_ddr4_2x_simout.txt --stderr-file=matmult_stride_deg8_dist1_l2_ddr4_2x_simerr.txt --stats-file=stats.txt -c 'from multiprocessing.spawn import spawn_main; spawn_main(tracker_fd=7, pipe_handle=13)' --multiprocessing-fork

src/sim/mem_state.cc:443: info: Increasing stack size by one page.
src/sim/syscall_emul.hh:1121: warn: readlink() called on '/proc/self/exe' may yield unexpected results in various settings.
      Returning '/home/fdemirel/HPC_Lab_Proj/benchmarks/matmult/matmult-m5.x'
src/arch/arm/insts/pseudo.cc:174: warn: 	instruction 'bti' unimplemented

----MATRIX MULTIPLICATION----

----Computation starts----
Loop 0 ... 
argc = 2, A[argc][argc] = 0.500000, B[argc][argc] = 0.500000, C[argc][argc] = 0.500000 
Execution time: 1.204379 (ms) 
Global frequency set at 1000000000000 ticks per second
src/mem/dram_interface.cc:690: warn: DRAM device capacity (16384 Mbytes) does not match the address range assigned (1024 Mbytes)
src/base/statistics.hh:279: warn: One of the stats is a legacy stat. Legacy stat is a stat that does not belong to any statistics::Group. Legacy stat is deprecated.
board.remote_gdb: Listening for connections on port 7000
gem5 Simulator System.  https://www.gem5.org
gem5 is copyrighted software; use the --copyright option for details.

gem5 version 25.0.0.1
gem5 compiled May  5 2026 12:55:05
gem5 started Jun 12 2026 19:05:22
gem5 executing on cn27.guoehi.cluster, pid 165395
command line: /home/fdemirel/HPC_Lab_Proj/stride/../../gem5/build/ALL/gem5.opt -s --outdir=results_stride_multisim --stdout-file=simple_triad_stride_deg16_dist32_l1d_ddr4_1x_simout.txt --stderr-file=simple_triad_stride_deg16_dist32_l1d_ddr4_1x_simerr.txt --stats-file=stats.txt -c 'from multiprocessing.spawn import spawn_main; spawn_main(tracker_fd=7, pipe_handle=13)' --multiprocessing-fork

src/sim/mem_state.cc:443: info: Increasing stack size by one page.
src/sim/syscall_emul.hh:1121: warn: readlink() called on '/proc/self/exe' may yield unexpected results in various settings.
      Returning '/home/fdemirel/HPC_Lab_Proj/benchmarks/simple_triad/simple_triad-m5.x'
----spmv----
N_ROWS          : 8192 
N_COLS          : 65536 
NNZ             : 524155 
Execution time: 5.831884 (ms) 
Global frequency set at 1000000000000 ticks per second
src/mem/dram_interface.cc:690: warn: DRAM device capacity (16384 Mbytes) does not match the address range assigned (1024 Mbytes)
src/base/statistics.hh:279: warn: One of the stats is a legacy stat. Legacy stat is a stat that does not belong to any statistics::Group. Legacy stat is deprecated.
board.remote_gdb: Listening for connections on port 7001
gem5 Simulator System.  https://www.gem5.org
gem5 is copyrighted software; use the --copyright option for details.

gem5 version 25.0.0.1
gem5 compiled May  5 2026 12:55:05
gem5 started Jun 12 2026 19:05:53
gem5 executing on cn27.guoehi.cluster, pid 165399
command line: /home/fdemirel/HPC_Lab_Proj/stride/../../gem5/build/ALL/gem5.opt -s --outdir=results_stride_multisim --stdout-file=matmult_stride_deg32_dist1_l1d_ddr4_1x_simout.txt --stderr-file=matmult_stride_deg32_dist1_l1d_ddr4_1x_simerr.txt --stats-file=stats.txt -c 'from multiprocessing.spawn import spawn_main; spawn_main(tracker_fd=7, pipe_handle=13)' --multiprocessing-fork

src/sim/mem_state.cc:443: info: Increasing stack size by one page.
src/sim/syscall_emul.hh:1121: warn: readlink() called on '/proc/self/exe' may yield unexpected results in various settings.
      Returning '/home/fdemirel/HPC_Lab_Proj/benchmarks/matmult/matmult-m5.x'
src/arch/arm/insts/pseudo.cc:174: warn: 	instruction 'bti' unimplemented

----merge----
Execution time: 9.920336 (ms) 
random_elem:0, /home/fdemirel/HPC_Lab_Proj/benchmarks/merge/merge-m5.x

----MATRIX MULTIPLICATION----

----Computation starts----
Loop 0 ... 
argc = 2, A[argc][argc] = 0.500000, B[argc][argc] = 0.500000, C[argc][argc] = 0.500000 
Execution time: 1.217582 (ms) 
Global frequency set at 1000000000000 ticks per second
src/mem/dram_interface.cc:690: warn: DRAM device capacity (16384 Mbytes) does not match the address range assigned (512 Mbytes)
src/mem/dram_interface.cc:690: warn: DRAM device capacity (16384 Mbytes) does not match the address range assigned (512 Mbytes)
src/base/statistics.hh:279: warn: One of the stats is a legacy stat. Legacy stat is a stat that does not belong to any statistics::Group. Legacy stat is deprecated.
board.remote_gdb: Listening for connections on port 7001
gem5 Simulator System.  https://www.gem5.org
gem5 is copyrighted software; use the --copyright option for details.

gem5 version 25.0.0.1
gem5 compiled May  5 2026 12:55:05
gem5 started Jun 12 2026 19:06:51
gem5 executing on cn27.guoehi.cluster, pid 165404
command line: /home/fdemirel/HPC_Lab_Proj/stride/../../gem5/build/ALL/gem5.opt -s --outdir=results_stride_multisim --stdout-file=quick_stride_deg32_dist32_l2_ddr4_2x_simout.txt --stderr-file=quick_stride_deg32_dist32_l2_ddr4_2x_simerr.txt --stats-file=stats.txt -c 'from multiprocessing.spawn import spawn_main; spawn_main(tracker_fd=7, pipe_handle=13)' --multiprocessing-fork

src/sim/mem_state.cc:443: info: Increasing stack size by one page.
src/sim/syscall_emul.hh:1121: warn: readlink() called on '/proc/self/exe' may yield unexpected results in various settings.
      Returning '/home/fdemirel/HPC_Lab_Proj/benchmarks/quick/quick-m5.x'
src/arch/arm/insts/pseudo.cc:174: warn: 	instruction 'bti' unimplemented
Array SIZE      : 1000000 
Array LOOP      : 1 

----triad----
a[0]=7.00e+00. b[0]=2.00e+00. c[0]=1.00e+00.
Execution time: 3.108912 (ms) 
   Rate [MB/s]: 7719.7 
Global frequency set at 1000000000000 ticks per second
src/mem/dram_interface.cc:690: warn: DRAM device capacity (16384 Mbytes) does not match the address range assigned (512 Mbytes)
src/mem/dram_interface.cc:690: warn: DRAM device capacity (16384 Mbytes) does not match the address range assigned (512 Mbytes)
src/base/statistics.hh:279: warn: One of the stats is a legacy stat. Legacy stat is a stat that does not belong to any statistics::Group. Legacy stat is deprecated.
board.remote_gdb: Listening for connections on port 7000
gem5 Simulator System.  https://www.gem5.org
gem5 is copyrighted software; use the --copyright option for details.

gem5 version 25.0.0.1
gem5 compiled May  5 2026 12:55:05
gem5 started Jun 12 2026 19:07:08
gem5 executing on cn27.guoehi.cluster, pid 165407
command line: /home/fdemirel/HPC_Lab_Proj/stride/../../gem5/build/ALL/gem5.opt -s --outdir=results_stride_multisim --stdout-file=simple_triad_stride_deg32_dist8_l2_ddr4_2x_simout.txt --stderr-file=simple_triad_stride_deg32_dist8_l2_ddr4_2x_simerr.txt --stats-file=stats.txt -c 'from multiprocessing.spawn import spawn_main; spawn_main(tracker_fd=7, pipe_handle=13)' --multiprocessing-fork

src/sim/mem_state.cc:443: info: Increasing stack size by one page.
src/sim/syscall_emul.hh:1121: warn: readlink() called on '/proc/self/exe' may yield unexpected results in various settings.
      Returning '/home/fdemirel/HPC_Lab_Proj/benchmarks/simple_triad/simple_triad-m5.x'
Global frequency set at 1000000000000 ticks per second
src/mem/dram_interface.cc:690: warn: DRAM device capacity (16384 Mbytes) does not match the address range assigned (512 Mbytes)
src/mem/dram_interface.cc:690: warn: DRAM device capacity (16384 Mbytes) does not match the address range assigned (512 Mbytes)
src/base/statistics.hh:279: warn: One of the stats is a legacy stat. Legacy stat is a stat that does not belong to any statistics::Group. Legacy stat is deprecated.
board.remote_gdb: Listening for connections on port 7003
gem5 Simulator System.  https://www.gem5.org
gem5 is copyrighted software; use the --copyright option for details.

gem5 version 25.0.0.1
gem5 compiled May  5 2026 12:55:05
gem5 started Jun 12 2026 19:07:19
gem5 executing on cn27.guoehi.cluster, pid 165411
command line: /home/fdemirel/HPC_Lab_Proj/stride/../../gem5/build/ALL/gem5.opt -s --outdir=results_stride_multisim --stdout-file=bfs_stride_deg8_dist8_l2_ddr4_2x_simout.txt --stderr-file=bfs_stride_deg8_dist8_l2_ddr4_2x_simerr.txt --stats-file=stats.txt -c 'from multiprocessing.spawn import spawn_main; spawn_main(tracker_fd=7, pipe_handle=13)' --multiprocessing-fork

src/sim/mem_state.cc:443: info: Increasing stack size by one page.
src/sim/syscall_emul.hh:1121: warn: readlink() called on '/proc/self/exe' may yield unexpected results in various settings.
      Returning '/home/fdemirel/HPC_Lab_Proj/benchmarks/bfs/bfs-m5.x'
src/arch/arm/insts/pseudo.cc:174: warn: 	instruction 'bti' unimplemented
Beginning BFS ...
Array SIZE      : 1000000 
Array LOOP      : 1 

----triad----
a[0]=7.00e+00. b[0]=2.00e+00. c[0]=1.00e+00.
Execution time: 2.090425 (ms) 
   Rate [MB/s]: 11480.9 
Finished BFS.
Global frequency set at 1000000000000 ticks per second
src/mem/dram_interface.cc:690: warn: DRAM device capacity (16384 Mbytes) does not match the address range assigned (1024 Mbytes)
src/base/statistics.hh:279: warn: One of the stats is a legacy stat. Legacy stat is a stat that does not belong to any statistics::Group. Legacy stat is deprecated.
board.remote_gdb: Listening for connections on port 7000
gem5 Simulator System.  https://www.gem5.org
gem5 is copyrighted software; use the --copyright option for details.

gem5 version 25.0.0.1
gem5 compiled May  5 2026 12:55:05
gem5 started Jun 12 2026 19:09:00
gem5 executing on cn27.guoehi.cluster, pid 165427
command line: /home/fdemirel/HPC_Lab_Proj/stride/../../gem5/build/ALL/gem5.opt -s --outdir=results_stride_multisim --stdout-file=quick_stride_deg32_dist16_l2_ddr4_1x_simout.txt --stderr-file=quick_stride_deg32_dist16_l2_ddr4_1x_simerr.txt --stats-file=stats.txt -c 'from multiprocessing.spawn import spawn_main; spawn_main(tracker_fd=7, pipe_handle=13)' --multiprocessing-fork

src/sim/mem_state.cc:443: info: Increasing stack size by one page.
src/sim/syscall_emul.hh:1121: warn: readlink() called on '/proc/self/exe' may yield unexpected results in various settings.
      Returning '/home/fdemirel/HPC_Lab_Proj/benchmarks/quick/quick-m5.x'
src/arch/arm/insts/pseudo.cc:174: warn: 	instruction 'bti' unimplemented
Global frequency set at 1000000000000 ticks per second
src/mem/dram_interface.cc:690: warn: DRAM device capacity (16384 Mbytes) does not match the address range assigned (1024 Mbytes)
src/base/statistics.hh:279: warn: One of the stats is a legacy stat. Legacy stat is a stat that does not belong to any statistics::Group. Legacy stat is deprecated.
board.remote_gdb: Listening for connections on port 7002
gem5 Simulator System.  https://www.gem5.org
gem5 is copyrighted software; use the --copyright option for details.

gem5 version 25.0.0.1
gem5 compiled May  5 2026 12:55:05
gem5 started Jun 12 2026 19:09:08
gem5 executing on cn27.guoehi.cluster, pid 165428
command line: /home/fdemirel/HPC_Lab_Proj/stride/../../gem5/build/ALL/gem5.opt -s --outdir=results_stride_multisim --stdout-file=bfs_stride_deg32_dist32_l1d_ddr4_1x_simout.txt --stderr-file=bfs_stride_deg32_dist32_l1d_ddr4_1x_simerr.txt --stats-file=stats.txt -c 'from multiprocessing.spawn import spawn_main; spawn_main(tracker_fd=7, pipe_handle=13)' --multiprocessing-fork

src/sim/mem_state.cc:443: info: Increasing stack size by one page.
src/sim/syscall_emul.hh:1121: warn: readlink() called on '/proc/self/exe' may yield unexpected results in various settings.
      Returning '/home/fdemirel/HPC_Lab_Proj/benchmarks/bfs/bfs-m5.x'
src/arch/arm/insts/pseudo.cc:174: warn: 	instruction 'bti' unimplemented
Beginning BFS ...
----quick sort----
Array SIZE      : 131072 
random_elem:0, /home/fdemirel/HPC_Lab_Proj/benchmarks/quick/quick-m5.x
Execution time: 9.135048 (ms) 
Global frequency set at 1000000000000 ticks per second
src/mem/dram_interface.cc:690: warn: DRAM device capacity (16384 Mbytes) does not match the address range assigned (512 Mbytes)
src/mem/dram_interface.cc:690: warn: DRAM device capacity (16384 Mbytes) does not match the address range assigned (512 Mbytes)
src/base/statistics.hh:279: warn: One of the stats is a legacy stat. Legacy stat is a stat that does not belong to any statistics::Group. Legacy stat is deprecated.
board.remote_gdb: Listening for connections on port 7001
gem5 Simulator System.  https://www.gem5.org
gem5 is copyrighted software; use the --copyright option for details.

gem5 version 25.0.0.1
gem5 compiled May  5 2026 12:55:05
gem5 started Jun 12 2026 19:11:10
gem5 executing on cn27.guoehi.cluster, pid 165439
command line: /home/fdemirel/HPC_Lab_Proj/stride/../../gem5/build/ALL/gem5.opt -s --outdir=results_stride_multisim --stdout-file=quick_stride_deg4_dist1_l2_ddr4_2x_simout.txt --stderr-file=quick_stride_deg4_dist1_l2_ddr4_2x_simerr.txt --stats-file=stats.txt -c 'from multiprocessing.spawn import spawn_main; spawn_main(tracker_fd=7, pipe_handle=13)' --multiprocessing-fork

src/sim/mem_state.cc:443: info: Increasing stack size by one page.
src/sim/syscall_emul.hh:1121: warn: readlink() called on '/proc/self/exe' may yield unexpected results in various settings.
      Returning '/home/fdemirel/HPC_Lab_Proj/benchmarks/quick/quick-m5.x'
src/arch/arm/insts/pseudo.cc:174: warn: 	instruction 'bti' unimplemented
----quick sort----
Array SIZE      : 131072 
random_elem:0, /home/fdemirel/HPC_Lab_Proj/benchmarks/quick/quick-m5.x
Execution time: 8.957668 (ms) 
Finished BFS.
Global frequency set at 1000000000000 ticks per second
Global frequency set at 1000000000000 ticks per second
src/mem/dram_interface.cc:690: warn: DRAM device capacity (16384 Mbytes) does not match the address range assigned (512 Mbytes)
src/mem/dram_interface.cc:690: warn: DRAM device capacity (16384 Mbytes) does not match the address range assigned (512 Mbytes)
src/base/statistics.hh:279: warn: One of the stats is a legacy stat. Legacy stat is a stat that does not belong to any statistics::Group. Legacy stat is deprecated.
board.remote_gdb: Listening for connections on port 7000
src/mem/dram_interface.cc:690: warn: DRAM device capacity (16384 Mbytes) does not match the address range assigned (512 Mbytes)
src/mem/dram_interface.cc:690: warn: DRAM device capacity (16384 Mbytes) does not match the address range assigned (512 Mbytes)
src/base/statistics.hh:279: warn: One of the stats is a legacy stat. Legacy stat is a stat that does not belong to any statistics::Group. Legacy stat is deprecated.
board.remote_gdb: Listening for connections on port 7003
gem5 Simulator System.  https://www.gem5.org
gem5 is copyrighted software; use the --copyright option for details.

gem5 version 25.0.0.1
gem5 compiled May  5 2026 12:55:05
gem5 started Jun 12 2026 19:13:16
gem5 executing on cn27.guoehi.cluster, pid 165448
command line: /home/fdemirel/HPC_Lab_Proj/stride/../../gem5/build/ALL/gem5.opt -s --outdir=results_stride_multisim --stdout-file=simple_triad_stride_deg1_dist16_l2_ddr4_2x_simout.txt --stderr-file=simple_triad_stride_deg1_dist16_l2_ddr4_2x_simerr.txt --stats-file=stats.txt -c 'from multiprocessing.spawn import spawn_main; spawn_main(tracker_fd=7, pipe_handle=12)' --multiprocessing-fork

src/sim/mem_state.cc:443: info: Increasing stack size by one page.
src/sim/syscall_emul.hh:1121: warn: readlink() called on '/proc/self/exe' may yield unexpected results in various settings.
      Returning '/home/fdemirel/HPC_Lab_Proj/benchmarks/simple_triad/simple_triad-m5.x'
gem5 Simulator System.  https://www.gem5.org
gem5 is copyrighted software; use the --copyright option for details.

gem5 version 25.0.0.1
gem5 compiled May  5 2026 12:55:05
gem5 started Jun 12 2026 19:13:16
gem5 executing on cn27.guoehi.cluster, pid 165449
command line: /home/fdemirel/HPC_Lab_Proj/stride/../../gem5/build/ALL/gem5.opt -s --outdir=results_stride_multisim --stdout-file=bfs_stride_deg16_dist16_l1d_ddr4_2x_simout.txt --stderr-file=bfs_stride_deg16_dist16_l1d_ddr4_2x_simerr.txt --stats-file=stats.txt -c 'from multiprocessing.spawn import spawn_main; spawn_main(tracker_fd=7, pipe_handle=15)' --multiprocessing-fork

src/sim/mem_state.cc:443: info: Increasing stack size by one page.
src/sim/syscall_emul.hh:1121: warn: readlink() called on '/proc/self/exe' may yield unexpected results in various settings.
      Returning '/home/fdemirel/HPC_Lab_Proj/benchmarks/bfs/bfs-m5.x'
src/arch/arm/insts/pseudo.cc:174: warn: 	instruction 'bti' unimplemented
Beginning BFS ...
Array SIZE      : 1000000 
Array LOOP      : 1 

----triad----
a[0]=7.00e+00. b[0]=2.00e+00. c[0]=1.00e+00.
Execution time: 1.703741 (ms) 
   Rate [MB/s]: 14086.6 
Finished BFS.
----quick sort----
Array SIZE      : 131072 
random_elem:0, /home/fdemirel/HPC_Lab_Proj/benchmarks/quick/quick-m5.x
Execution time: 8.571845 (ms) 
Global frequency set at 1000000000000 ticks per second
src/mem/dram_interface.cc:690: warn: DRAM device capacity (16384 Mbytes) does not match the address range assigned (512 Mbytes)
src/mem/dram_interface.cc:690: warn: DRAM device capacity (16384 Mbytes) does not match the address range assigned (512 Mbytes)
src/base/statistics.hh:279: warn: One of the stats is a legacy stat. Legacy stat is a stat that does not belong to any statistics::Group. Legacy stat is deprecated.
board.remote_gdb: Listening for connections on port 7001
gem5 Simulator System.  https://www.gem5.org
gem5 is copyrighted software; use the --copyright option for details.

gem5 version 25.0.0.1
gem5 compiled May  5 2026 12:55:05
gem5 started Jun 12 2026 19:15:06
gem5 executing on cn27.guoehi.cluster, pid 165456
command line: /home/fdemirel/HPC_Lab_Proj/stride/../../gem5/build/ALL/gem5.opt -s --outdir=results_stride_multisim --stdout-file=spmv_stride_deg1_dist32_l2_ddr4_2x_simout.txt --stderr-file=spmv_stride_deg1_dist32_l2_ddr4_2x_simerr.txt --stats-file=stats.txt -c 'from multiprocessing.spawn import spawn_main; spawn_main(tracker_fd=7, pipe_handle=13)' --multiprocessing-fork

src/sim/mem_state.cc:443: info: Increasing stack size by one page.
src/sim/syscall_emul.hh:1121: warn: readlink() called on '/proc/self/exe' may yield unexpected results in various settings.
      Returning '/home/fdemirel/HPC_Lab_Proj/benchmarks/spmv/spmv-m5.x'
src/arch/arm/insts/pseudo.cc:174: warn: 	instruction 'bti' unimplemented
src/sim/mem_state.cc:443: info: Increasing stack size by one page.
src/sim/mem_state.cc:443: info: Increasing stack size by one page.
src/sim/mem_state.cc:443: info: Increasing stack size by one page.
src/sim/mem_state.cc:443: info: Increasing stack size by one page.
src/sim/mem_state.cc:443: info: Increasing stack size by one page.
src/sim/mem_state.cc:443: info: Increasing stack size by one page.
src/sim/mem_state.cc:443: info: Increasing stack size by one page.
Global frequency set at 1000000000000 ticks per second
src/mem/dram_interface.cc:690: warn: DRAM device capacity (16384 Mbytes) does not match the address range assigned (1024 Mbytes)
src/base/statistics.hh:279: warn: One of the stats is a legacy stat. Legacy stat is a stat that does not belong to any statistics::Group. Legacy stat is deprecated.
board.remote_gdb: Listening for connections on port 7002
gem5 Simulator System.  https://www.gem5.org
gem5 is copyrighted software; use the --copyright option for details.

gem5 version 25.0.0.1
gem5 compiled May  5 2026 12:55:05
gem5 started Jun 12 2026 19:15:19
gem5 executing on cn27.guoehi.cluster, pid 165458
command line: /home/fdemirel/HPC_Lab_Proj/stride/../../gem5/build/ALL/gem5.opt -s --outdir=results_stride_multisim --stdout-file=simple_triad_stride_deg4_dist4_l1d_ddr4_1x_simout.txt --stderr-file=simple_triad_stride_deg4_dist4_l1d_ddr4_1x_simerr.txt --stats-file=stats.txt -c 'from multiprocessing.spawn import spawn_main; spawn_main(tracker_fd=7, pipe_handle=13)' --multiprocessing-fork

src/sim/mem_state.cc:443: info: Increasing stack size by one page.
src/sim/syscall_emul.hh:1121: warn: readlink() called on '/proc/self/exe' may yield unexpected results in various settings.
      Returning '/home/fdemirel/HPC_Lab_Proj/benchmarks/simple_triad/simple_triad-m5.x'
Global frequency set at 1000000000000 ticks per second
src/mem/dram_interface.cc:690: warn: DRAM device capacity (16384 Mbytes) does not match the address range assigned (1024 Mbytes)
src/base/statistics.hh:279: warn: One of the stats is a legacy stat. Legacy stat is a stat that does not belong to any statistics::Group. Legacy stat is deprecated.
board.remote_gdb: Listening for connections on port 7003
gem5 Simulator System.  https://www.gem5.org
gem5 is copyrighted software; use the --copyright option for details.

gem5 version 25.0.0.1
gem5 compiled May  5 2026 12:55:05
gem5 started Jun 12 2026 19:15:21
gem5 executing on cn27.guoehi.cluster, pid 165459
command line: /home/fdemirel/HPC_Lab_Proj/stride/../../gem5/build/ALL/gem5.opt -s --outdir=results_stride_multisim --stdout-file=spmv_stride_deg4_dist16_l1d_ddr4_1x_simout.txt --stderr-file=spmv_stride_deg4_dist16_l1d_ddr4_1x_simerr.txt --stats-file=stats.txt -c 'from multiprocessing.spawn import spawn_main; spawn_main(tracker_fd=7, pipe_handle=13)' --multiprocessing-fork

src/sim/mem_state.cc:443: info: Increasing stack size by one page.
src/sim/syscall_emul.hh:1121: warn: readlink() called on '/proc/self/exe' may yield unexpected results in various settings.
      Returning '/home/fdemirel/HPC_Lab_Proj/benchmarks/spmv/spmv-m5.x'
src/arch/arm/insts/pseudo.cc:174: warn: 	instruction 'bti' unimplemented
src/sim/mem_state.cc:443: info: Increasing stack size by one page.
src/sim/mem_state.cc:443: info: Increasing stack size by one page.
src/sim/mem_state.cc:443: info: Increasing stack size by one page.
src/sim/mem_state.cc:443: info: Increasing stack size by one page.
src/sim/mem_state.cc:443: info: Increasing stack size by one page.
src/sim/mem_state.cc:443: info: Increasing stack size by one page.
src/sim/mem_state.cc:443: info: Increasing stack size by one page.
----spmv----
N_ROWS          : 8192 
N_COLS          : 65536 
NNZ             : 524155 
Execution time: 7.069951 (ms) 
Array SIZE      : 1000000 
Array LOOP      : 1 

----triad----
a[0]=7.00e+00. b[0]=2.00e+00. c[0]=1.00e+00.
Execution time: 2.510442 (ms) 
   Rate [MB/s]: 9560.1 
----spmv----
N_ROWS          : 8192 
N_COLS          : 65536 
NNZ             : 524155 
Execution time: 7.419212 (ms) 
Global frequency set at 1000000000000 ticks per second
src/mem/dram_interface.cc:690: warn: DRAM device capacity (16384 Mbytes) does not match the address range assigned (512 Mbytes)
src/mem/dram_interface.cc:690: warn: DRAM device capacity (16384 Mbytes) does not match the address range assigned (512 Mbytes)
src/base/statistics.hh:279: warn: One of the stats is a legacy stat. Legacy stat is a stat that does not belong to any statistics::Group. Legacy stat is deprecated.
board.remote_gdb: Listening for connections on port 7001
gem5 Simulator System.  https://www.gem5.org
gem5 is copyrighted software; use the --copyright option for details.

gem5 version 25.0.0.1
gem5 compiled May  5 2026 12:55:05
gem5 started Jun 12 2026 19:17:13
gem5 executing on cn27.guoehi.cluster, pid 165471
command line: /home/fdemirel/HPC_Lab_Proj/stride/../../gem5/build/ALL/gem5.opt -s --outdir=results_stride_multisim --stdout-file=quick_stride_deg8_dist4_l1d_ddr4_2x_simout.txt --stderr-file=quick_stride_deg8_dist4_l1d_ddr4_2x_simerr.txt --stats-file=stats.txt -c 'from multiprocessing.spawn import spawn_main; spawn_main(tracker_fd=7, pipe_handle=13)' --multiprocessing-fork

src/sim/mem_state.cc:443: info: Increasing stack size by one page.
src/sim/syscall_emul.hh:1121: warn: readlink() called on '/proc/self/exe' may yield unexpected results in various settings.
      Returning '/home/fdemirel/HPC_Lab_Proj/benchmarks/quick/quick-m5.x'
src/arch/arm/insts/pseudo.cc:174: warn: 	instruction 'bti' unimplemented
Global frequency set at 1000000000000 ticks per second
src/mem/dram_interface.cc:690: warn: DRAM device capacity (16384 Mbytes) does not match the address range assigned (1024 Mbytes)
src/base/statistics.hh:279: warn: One of the stats is a legacy stat. Legacy stat is a stat that does not belong to any statistics::Group. Legacy stat is deprecated.
board.remote_gdb: Listening for connections on port 7002
gem5 Simulator System.  https://www.gem5.org
gem5 is copyrighted software; use the --copyright option for details.

gem5 version 25.0.0.1
gem5 compiled May  5 2026 12:55:05
gem5 started Jun 12 2026 19:17:18
gem5 executing on cn27.guoehi.cluster, pid 165473
command line: /home/fdemirel/HPC_Lab_Proj/stride/../../gem5/build/ALL/gem5.opt -s --outdir=results_stride_multisim --stdout-file=quick_stride_deg8_dist1_l2_ddr4_1x_simout.txt --stderr-file=quick_stride_deg8_dist1_l2_ddr4_1x_simerr.txt --stats-file=stats.txt -c 'from multiprocessing.spawn import spawn_main; spawn_main(tracker_fd=7, pipe_handle=13)' --multiprocessing-fork

src/sim/mem_state.cc:443: info: Increasing stack size by one page.
src/sim/syscall_emul.hh:1121: warn: readlink() called on '/proc/self/exe' may yield unexpected results in various settings.
      Returning '/home/fdemirel/HPC_Lab_Proj/benchmarks/quick/quick-m5.x'
src/arch/arm/insts/pseudo.cc:174: warn: 	instruction 'bti' unimplemented
Global frequency set at 1000000000000 ticks per second
src/mem/dram_interface.cc:690: warn: DRAM device capacity (16384 Mbytes) does not match the address range assigned (1024 Mbytes)
src/base/statistics.hh:279: warn: One of the stats is a legacy stat. Legacy stat is a stat that does not belong to any statistics::Group. Legacy stat is deprecated.
board.remote_gdb: Listening for connections on port 7003
gem5 Simulator System.  https://www.gem5.org
gem5 is copyrighted software; use the --copyright option for details.

gem5 version 25.0.0.1
gem5 compiled May  5 2026 12:55:05
gem5 started Jun 12 2026 19:17:26
gem5 executing on cn27.guoehi.cluster, pid 165474
command line: /home/fdemirel/HPC_Lab_Proj/stride/../../gem5/build/ALL/gem5.opt -s --outdir=results_stride_multisim --stdout-file=merge_stride_deg4_dist32_l1d_ddr4_1x_simout.txt --stderr-file=merge_stride_deg4_dist32_l1d_ddr4_1x_simerr.txt --stats-file=stats.txt -c 'from multiprocessing.spawn import spawn_main; spawn_main(tracker_fd=7, pipe_handle=13)' --multiprocessing-fork

src/sim/mem_state.cc:443: info: Increasing stack size by one page.
src/sim/syscall_emul.hh:1121: warn: readlink() called on '/proc/self/exe' may yield unexpected results in various settings.
      Returning '/home/fdemirel/HPC_Lab_Proj/benchmarks/merge/merge-m5.x'
src/arch/arm/insts/pseudo.cc:174: warn: 	instruction 'bti' unimplemented
Finished BFS.
Global frequency set at 1000000000000 ticks per second
src/mem/dram_interface.cc:690: warn: DRAM device capacity (16384 Mbytes) does not match the address range assigned (512 Mbytes)
src/mem/dram_interface.cc:690: warn: DRAM device capacity (16384 Mbytes) does not match the address range assigned (512 Mbytes)
src/base/statistics.hh:279: warn: One of the stats is a legacy stat. Legacy stat is a stat that does not belong to any statistics::Group. Legacy stat is deprecated.
board.remote_gdb: Listening for connections on port 7000
gem5 Simulator System.  https://www.gem5.org
gem5 is copyrighted software; use the --copyright option for details.

gem5 version 25.0.0.1
gem5 compiled May  5 2026 12:55:05
gem5 started Jun 12 2026 19:19:28
gem5 executing on cn27.guoehi.cluster, pid 165486
command line: /home/fdemirel/HPC_Lab_Proj/stride/../../gem5/build/ALL/gem5.opt -s --outdir=results_stride_multisim --stdout-file=spmv_stride_deg8_dist1_l1d_ddr4_2x_simout.txt --stderr-file=spmv_stride_deg8_dist1_l1d_ddr4_2x_simerr.txt --stats-file=stats.txt -c 'from multiprocessing.spawn import spawn_main; spawn_main(tracker_fd=7, pipe_handle=13)' --multiprocessing-fork

src/sim/mem_state.cc:443: info: Increasing stack size by one page.
src/sim/syscall_emul.hh:1121: warn: readlink() called on '/proc/self/exe' may yield unexpected results in various settings.
      Returning '/home/fdemirel/HPC_Lab_Proj/benchmarks/spmv/spmv-m5.x'
src/arch/arm/insts/pseudo.cc:174: warn: 	instruction 'bti' unimplemented
src/sim/mem_state.cc:443: info: Increasing stack size by one page.
src/sim/mem_state.cc:443: info: Increasing stack size by one page.
src/sim/mem_state.cc:443: info: Increasing stack size by one page.
src/sim/mem_state.cc:443: info: Increasing stack size by one page.
src/sim/mem_state.cc:443: info: Increasing stack size by one page.
src/sim/mem_state.cc:443: info: Increasing stack size by one page.
src/sim/mem_state.cc:443: info: Increasing stack size by one page.
----quick sort----
Array SIZE      : 131072 
random_elem:0, /home/fdemirel/HPC_Lab_Proj/benchmarks/quick/quick-m5.x
Execution time: 8.311702 (ms) 
----quick sort----
Array SIZE      : 131072 
random_elem:0, /home/fdemirel/HPC_Lab_Proj/benchmarks/quick/quick-m5.x
Execution time: 8.577524 (ms) 
----spmv----
N_ROWS          : 8192 
N_COLS          : 65536 
NNZ             : 524155 
Execution time: 6.575726 (ms) 
Global frequency set at 1000000000000 ticks per second
src/mem/dram_interface.cc:690: warn: DRAM device capacity (16384 Mbytes) does not match the address range assigned (1024 Mbytes)
src/base/statistics.hh:279: warn: One of the stats is a legacy stat. Legacy stat is a stat that does not belong to any statistics::Group. Legacy stat is deprecated.
board.remote_gdb: Listening for connections on port 7000
gem5 Simulator System.  https://www.gem5.org
gem5 is copyrighted software; use the --copyright option for details.

gem5 version 25.0.0.1
gem5 compiled May  5 2026 12:55:05
gem5 started Jun 12 2026 19:21:22
gem5 executing on cn27.guoehi.cluster, pid 165496
command line: /home/fdemirel/HPC_Lab_Proj/stride/../../gem5/build/ALL/gem5.opt -s --outdir=results_stride_multisim --stdout-file=spmv_stride_deg4_dist16_l2_ddr4_1x_simout.txt --stderr-file=spmv_stride_deg4_dist16_l2_ddr4_1x_simerr.txt --stats-file=stats.txt -c 'from multiprocessing.spawn import spawn_main; spawn_main(tracker_fd=7, pipe_handle=13)' --multiprocessing-fork

src/sim/mem_state.cc:443: info: Increasing stack size by one page.
src/sim/syscall_emul.hh:1121: warn: readlink() called on '/proc/self/exe' may yield unexpected results in various settings.
      Returning '/home/fdemirel/HPC_Lab_Proj/benchmarks/spmv/spmv-m5.x'
src/arch/arm/insts/pseudo.cc:174: warn: 	instruction 'bti' unimplemented
src/sim/mem_state.cc:443: info: Increasing stack size by one page.
src/sim/mem_state.cc:443: info: Increasing stack size by one page.
src/sim/mem_state.cc:443: info: Increasing stack size by one page.
src/sim/mem_state.cc:443: info: Increasing stack size by one page.
src/sim/mem_state.cc:443: info: Increasing stack size by one page.
src/sim/mem_state.cc:443: info: Increasing stack size by one page.
src/sim/mem_state.cc:443: info: Increasing stack size by one page.
Global frequency set at 1000000000000 ticks per second
src/mem/dram_interface.cc:690: warn: DRAM device capacity (16384 Mbytes) does not match the address range assigned (512 Mbytes)
src/mem/dram_interface.cc:690: warn: DRAM device capacity (16384 Mbytes) does not match the address range assigned (512 Mbytes)
src/base/statistics.hh:279: warn: One of the stats is a legacy stat. Legacy stat is a stat that does not belong to any statistics::Group. Legacy stat is deprecated.
board.remote_gdb: Listening for connections on port 7001
gem5 Simulator System.  https://www.gem5.org
gem5 is copyrighted software; use the --copyright option for details.

gem5 version 25.0.0.1
gem5 compiled May  5 2026 12:55:05
gem5 started Jun 12 2026 19:21:31
gem5 executing on cn27.guoehi.cluster, pid 165497
command line: /home/fdemirel/HPC_Lab_Proj/stride/../../gem5/build/ALL/gem5.opt -s --outdir=results_stride_multisim --stdout-file=merge_stride_deg32_dist16_l1d_ddr4_2x_simout.txt --stderr-file=merge_stride_deg32_dist16_l1d_ddr4_2x_simerr.txt --stats-file=stats.txt -c 'from multiprocessing.spawn import spawn_main; spawn_main(tracker_fd=7, pipe_handle=13)' --multiprocessing-fork

src/sim/mem_state.cc:443: info: Increasing stack size by one page.
src/sim/syscall_emul.hh:1121: warn: readlink() called on '/proc/self/exe' may yield unexpected results in various settings.
      Returning '/home/fdemirel/HPC_Lab_Proj/benchmarks/merge/merge-m5.x'
src/arch/arm/insts/pseudo.cc:174: warn: 	instruction 'bti' unimplemented
Global frequency set at 1000000000000 ticks per second
src/mem/dram_interface.cc:690: warn: DRAM device capacity (16384 Mbytes) does not match the address range assigned (512 Mbytes)
src/mem/dram_interface.cc:690: warn: DRAM device capacity (16384 Mbytes) does not match the address range assigned (512 Mbytes)
src/base/statistics.hh:279: warn: One of the stats is a legacy stat. Legacy stat is a stat that does not belong to any statistics::Group. Legacy stat is deprecated.
board.remote_gdb: Listening for connections on port 7002
gem5 Simulator System.  https://www.gem5.org
gem5 is copyrighted software; use the --copyright option for details.

gem5 version 25.0.0.1
gem5 compiled May  5 2026 12:55:05
gem5 started Jun 12 2026 19:21:33
gem5 executing on cn27.guoehi.cluster, pid 165498
command line: /home/fdemirel/HPC_Lab_Proj/stride/../../gem5/build/ALL/gem5.opt -s --outdir=results_stride_multisim --stdout-file=quick_stride_deg8_dist4_l2_ddr4_2x_simout.txt --stderr-file=quick_stride_deg8_dist4_l2_ddr4_2x_simerr.txt --stats-file=stats.txt -c 'from multiprocessing.spawn import spawn_main; spawn_main(tracker_fd=7, pipe_handle=13)' --multiprocessing-fork

src/sim/mem_state.cc:443: info: Increasing stack size by one page.
src/sim/syscall_emul.hh:1121: warn: readlink() called on '/proc/self/exe' may yield unexpected results in various settings.
      Returning '/home/fdemirel/HPC_Lab_Proj/benchmarks/quick/quick-m5.x'
src/arch/arm/insts/pseudo.cc:174: warn: 	instruction 'bti' unimplemented

----merge----
Execution time: 10.706692 (ms) 
random_elem:0, /home/fdemirel/HPC_Lab_Proj/benchmarks/merge/merge-m5.x
Global frequency set at 1000000000000 ticks per second
src/mem/dram_interface.cc:690: warn: DRAM device capacity (16384 Mbytes) does not match the address range assigned (512 Mbytes)
src/mem/dram_interface.cc:690: warn: DRAM device capacity (16384 Mbytes) does not match the address range assigned (512 Mbytes)
src/base/statistics.hh:279: warn: One of the stats is a legacy stat. Legacy stat is a stat that does not belong to any statistics::Group. Legacy stat is deprecated.
board.remote_gdb: Listening for connections on port 7003
gem5 Simulator System.  https://www.gem5.org
gem5 is copyrighted software; use the --copyright option for details.

gem5 version 25.0.0.1
gem5 compiled May  5 2026 12:55:05
gem5 started Jun 12 2026 19:22:40
gem5 executing on cn27.guoehi.cluster, pid 165507
command line: /home/fdemirel/HPC_Lab_Proj/stride/../../gem5/build/ALL/gem5.opt -s --outdir=results_stride_multisim --stdout-file=bfs_stride_deg32_dist32_l1d_ddr4_2x_simout.txt --stderr-file=bfs_stride_deg32_dist32_l1d_ddr4_2x_simerr.txt --stats-file=stats.txt -c 'from multiprocessing.spawn import spawn_main; spawn_main(tracker_fd=7, pipe_handle=13)' --multiprocessing-fork

src/sim/mem_state.cc:443: info: Increasing stack size by one page.
src/sim/syscall_emul.hh:1121: warn: readlink() called on '/proc/self/exe' may yield unexpected results in various settings.
      Returning '/home/fdemirel/HPC_Lab_Proj/benchmarks/bfs/bfs-m5.x'
src/arch/arm/insts/pseudo.cc:174: warn: 	instruction 'bti' unimplemented
Beginning BFS ...
----spmv----
N_ROWS          : 8192 
N_COLS          : 65536 
NNZ             : 524155 
Execution time: 7.553993 (ms) 
Global frequency set at 1000000000000 ticks per second
src/mem/dram_interface.cc:690: warn: DRAM device capacity (16384 Mbytes) does not match the address range assigned (512 Mbytes)
src/mem/dram_interface.cc:690: warn: DRAM device capacity (16384 Mbytes) does not match the address range assigned (512 Mbytes)
src/base/statistics.hh:279: warn: One of the stats is a legacy stat. Legacy stat is a stat that does not belong to any statistics::Group. Legacy stat is deprecated.
board.remote_gdb: Listening for connections on port 7000
gem5 Simulator System.  https://www.gem5.org
gem5 is copyrighted software; use the --copyright option for details.

gem5 version 25.0.0.1
gem5 compiled May  5 2026 12:55:05
gem5 started Jun 12 2026 19:23:28
gem5 executing on cn27.guoehi.cluster, pid 165513
command line: /home/fdemirel/HPC_Lab_Proj/stride/../../gem5/build/ALL/gem5.opt -s --outdir=results_stride_multisim --stdout-file=matmult_stride_deg1_dist16_l1d_ddr4_2x_simout.txt --stderr-file=matmult_stride_deg1_dist16_l1d_ddr4_2x_simerr.txt --stats-file=stats.txt -c 'from multiprocessing.spawn import spawn_main; spawn_main(tracker_fd=7, pipe_handle=13)' --multiprocessing-fork

src/sim/mem_state.cc:443: info: Increasing stack size by one page.
src/sim/syscall_emul.hh:1121: warn: readlink() called on '/proc/self/exe' may yield unexpected results in various settings.
      Returning '/home/fdemirel/HPC_Lab_Proj/benchmarks/matmult/matmult-m5.x'
src/arch/arm/insts/pseudo.cc:174: warn: 	instruction 'bti' unimplemented

----MATRIX MULTIPLICATION----

----Computation starts----
Loop 0 ... 
argc = 2, A[argc][argc] = 0.500000, B[argc][argc] = 0.500000, C[argc][argc] = 0.500000 
Execution time: 1.224932 (ms) 
Global frequency set at 1000000000000 ticks per second
src/mem/dram_interface.cc:690: warn: DRAM device capacity (16384 Mbytes) does not match the address range assigned (512 Mbytes)
src/mem/dram_interface.cc:690: warn: DRAM device capacity (16384 Mbytes) does not match the address range assigned (512 Mbytes)
src/base/statistics.hh:279: warn: One of the stats is a legacy stat. Legacy stat is a stat that does not belong to any statistics::Group. Legacy stat is deprecated.
board.remote_gdb: Listening for connections on port 7000
gem5 Simulator System.  https://www.gem5.org
gem5 is copyrighted software; use the --copyright option for details.

gem5 version 25.0.0.1
gem5 compiled May  5 2026 12:55:05
gem5 started Jun 12 2026 19:24:42
gem5 executing on cn27.guoehi.cluster, pid 165518
command line: /home/fdemirel/HPC_Lab_Proj/stride/../../gem5/build/ALL/gem5.opt -s --outdir=results_stride_multisim --stdout-file=merge_stride_deg1_dist32_l1d_ddr4_2x_simout.txt --stderr-file=merge_stride_deg1_dist32_l1d_ddr4_2x_simerr.txt --stats-file=stats.txt -c 'from multiprocessing.spawn import spawn_main; spawn_main(tracker_fd=7, pipe_handle=13)' --multiprocessing-fork

src/sim/mem_state.cc:443: info: Increasing stack size by one page.
src/sim/syscall_emul.hh:1121: warn: readlink() called on '/proc/self/exe' may yield unexpected results in various settings.
      Returning '/home/fdemirel/HPC_Lab_Proj/benchmarks/merge/merge-m5.x'
src/arch/arm/insts/pseudo.cc:174: warn: 	instruction 'bti' unimplemented
----quick sort----
Array SIZE      : 131072 
random_elem:0, /home/fdemirel/HPC_Lab_Proj/benchmarks/quick/quick-m5.x
Execution time: 8.621740 (ms) 
Global frequency set at 1000000000000 ticks per second
src/mem/dram_interface.cc:690: warn: DRAM device capacity (16384 Mbytes) does not match the address range assigned (512 Mbytes)
src/mem/dram_interface.cc:690: warn: DRAM device capacity (16384 Mbytes) does not match the address range assigned (512 Mbytes)
src/base/statistics.hh:279: warn: One of the stats is a legacy stat. Legacy stat is a stat that does not belong to any statistics::Group. Legacy stat is deprecated.
board.remote_gdb: Listening for connections on port 7002
gem5 Simulator System.  https://www.gem5.org
gem5 is copyrighted software; use the --copyright option for details.

gem5 version 25.0.0.1
gem5 compiled May  5 2026 12:55:05
gem5 started Jun 12 2026 19:25:48
gem5 executing on cn27.guoehi.cluster, pid 165524
command line: /home/fdemirel/HPC_Lab_Proj/stride/../../gem5/build/ALL/gem5.opt -s --outdir=results_stride_multisim --stdout-file=matmult_stride_deg32_dist8_l2_ddr4_2x_simout.txt --stderr-file=matmult_stride_deg32_dist8_l2_ddr4_2x_simerr.txt --stats-file=stats.txt -c 'from multiprocessing.spawn import spawn_main; spawn_main(tracker_fd=7, pipe_handle=13)' --multiprocessing-fork

src/sim/mem_state.cc:443: info: Increasing stack size by one page.
src/sim/syscall_emul.hh:1121: warn: readlink() called on '/proc/self/exe' may yield unexpected results in various settings.
      Returning '/home/fdemirel/HPC_Lab_Proj/benchmarks/matmult/matmult-m5.x'
src/arch/arm/insts/pseudo.cc:174: warn: 	instruction 'bti' unimplemented

----merge----
Execution time: 10.172590 (ms) 
random_elem:0, /home/fdemirel/HPC_Lab_Proj/benchmarks/merge/merge-m5.x
Global frequency set at 1000000000000 ticks per second
src/mem/dram_interface.cc:690: warn: DRAM device capacity (16384 Mbytes) does not match the address range assigned (512 Mbytes)
src/mem/dram_interface.cc:690: warn: DRAM device capacity (16384 Mbytes) does not match the address range assigned (512 Mbytes)
src/base/statistics.hh:279: warn: One of the stats is a legacy stat. Legacy stat is a stat that does not belong to any statistics::Group. Legacy stat is deprecated.
board.remote_gdb: Listening for connections on port 7001
gem5 Simulator System.  https://www.gem5.org
gem5 is copyrighted software; use the --copyright option for details.

gem5 version 25.0.0.1
gem5 compiled May  5 2026 12:55:05
gem5 started Jun 12 2026 19:26:38
gem5 executing on cn27.guoehi.cluster, pid 165532
command line: /home/fdemirel/HPC_Lab_Proj/stride/../../gem5/build/ALL/gem5.opt -s --outdir=results_stride_multisim --stdout-file=quick_stride_deg16_dist8_l1d_ddr4_2x_simout.txt --stderr-file=quick_stride_deg16_dist8_l1d_ddr4_2x_simerr.txt --stats-file=stats.txt -c 'from multiprocessing.spawn import spawn_main; spawn_main(tracker_fd=7, pipe_handle=13)' --multiprocessing-fork

src/sim/mem_state.cc:443: info: Increasing stack size by one page.
src/sim/syscall_emul.hh:1121: warn: readlink() called on '/proc/self/exe' may yield unexpected results in various settings.
      Returning '/home/fdemirel/HPC_Lab_Proj/benchmarks/quick/quick-m5.x'
src/arch/arm/insts/pseudo.cc:174: warn: 	instruction 'bti' unimplemented

----MATRIX MULTIPLICATION----

----Computation starts----
Loop 0 ... 
argc = 2, A[argc][argc] = 0.500000, B[argc][argc] = 0.500000, C[argc][argc] = 0.500000 
Execution time: 1.199452 (ms) 
Global frequency set at 1000000000000 ticks per second
src/mem/dram_interface.cc:690: warn: DRAM device capacity (16384 Mbytes) does not match the address range assigned (1024 Mbytes)
src/base/statistics.hh:279: warn: One of the stats is a legacy stat. Legacy stat is a stat that does not belong to any statistics::Group. Legacy stat is deprecated.
board.remote_gdb: Listening for connections on port 7002
gem5 Simulator System.  https://www.gem5.org
gem5 is copyrighted software; use the --copyright option for details.

gem5 version 25.0.0.1
gem5 compiled May  5 2026 12:55:05
gem5 started Jun 12 2026 19:26:59
gem5 executing on cn27.guoehi.cluster, pid 165536
command line: /home/fdemirel/HPC_Lab_Proj/stride/../../gem5/build/ALL/gem5.opt -s --outdir=results_stride_multisim --stdout-file=quick_stride_deg32_dist8_l2_ddr4_1x_simout.txt --stderr-file=quick_stride_deg32_dist8_l2_ddr4_1x_simerr.txt --stats-file=stats.txt -c 'from multiprocessing.spawn import spawn_main; spawn_main(tracker_fd=7, pipe_handle=13)' --multiprocessing-fork

src/sim/mem_state.cc:443: info: Increasing stack size by one page.
src/sim/syscall_emul.hh:1121: warn: readlink() called on '/proc/self/exe' may yield unexpected results in various settings.
      Returning '/home/fdemirel/HPC_Lab_Proj/benchmarks/quick/quick-m5.x'
src/arch/arm/insts/pseudo.cc:174: warn: 	instruction 'bti' unimplemented
Finished BFS.
Global frequency set at 1000000000000 ticks per second
src/mem/dram_interface.cc:690: warn: DRAM device capacity (16384 Mbytes) does not match the address range assigned (1024 Mbytes)
src/base/statistics.hh:279: warn: One of the stats is a legacy stat. Legacy stat is a stat that does not belong to any statistics::Group. Legacy stat is deprecated.
board.remote_gdb: Listening for connections on port 7003
gem5 Simulator System.  https://www.gem5.org
gem5 is copyrighted software; use the --copyright option for details.

gem5 version 25.0.0.1
gem5 compiled May  5 2026 12:55:05
gem5 started Jun 12 2026 19:28:56
gem5 executing on cn27.guoehi.cluster, pid 165547
command line: /home/fdemirel/HPC_Lab_Proj/stride/../../gem5/build/ALL/gem5.opt -s --outdir=results_stride_multisim --stdout-file=simple_triad_stride_deg16_dist16_l2_ddr4_1x_simout.txt --stderr-file=simple_triad_stride_deg16_dist16_l2_ddr4_1x_simerr.txt --stats-file=stats.txt -c 'from multiprocessing.spawn import spawn_main; spawn_main(tracker_fd=7, pipe_handle=13)' --multiprocessing-fork

src/sim/mem_state.cc:443: info: Increasing stack size by one page.
src/sim/syscall_emul.hh:1121: warn: readlink() called on '/proc/self/exe' may yield unexpected results in various settings.
      Returning '/home/fdemirel/HPC_Lab_Proj/benchmarks/simple_triad/simple_triad-m5.x'

----merge----
Execution time: 10.581248 (ms) 
random_elem:0, /home/fdemirel/HPC_Lab_Proj/benchmarks/merge/merge-m5.x
Global frequency set at 1000000000000 ticks per second
src/mem/dram_interface.cc:690: warn: DRAM device capacity (16384 Mbytes) does not match the address range assigned (512 Mbytes)
src/mem/dram_interface.cc:690: warn: DRAM device capacity (16384 Mbytes) does not match the address range assigned (512 Mbytes)
src/base/statistics.hh:279: warn: One of the stats is a legacy stat. Legacy stat is a stat that does not belong to any statistics::Group. Legacy stat is deprecated.
board.remote_gdb: Listening for connections on port 7000
gem5 Simulator System.  https://www.gem5.org
gem5 is copyrighted software; use the --copyright option for details.

gem5 version 25.0.0.1
gem5 compiled May  5 2026 12:55:05
gem5 started Jun 12 2026 19:29:54
gem5 executing on cn27.guoehi.cluster, pid 165551
command line: /home/fdemirel/HPC_Lab_Proj/stride/../../gem5/build/ALL/gem5.opt -s --outdir=results_stride_multisim --stdout-file=spmv_stride_deg16_dist4_l1d_ddr4_2x_simout.txt --stderr-file=spmv_stride_deg16_dist4_l1d_ddr4_2x_simerr.txt --stats-file=stats.txt -c 'from multiprocessing.spawn import spawn_main; spawn_main(tracker_fd=7, pipe_handle=13)' --multiprocessing-fork

src/sim/mem_state.cc:443: info: Increasing stack size by one page.
src/sim/syscall_emul.hh:1121: warn: readlink() called on '/proc/self/exe' may yield unexpected results in various settings.
      Returning '/home/fdemirel/HPC_Lab_Proj/benchmarks/spmv/spmv-m5.x'
src/arch/arm/insts/pseudo.cc:174: warn: 	instruction 'bti' unimplemented
src/sim/mem_state.cc:443: info: Increasing stack size by one page.
src/sim/mem_state.cc:443: info: Increasing stack size by one page.
src/sim/mem_state.cc:443: info: Increasing stack size by one page.
src/sim/mem_state.cc:443: info: Increasing stack size by one page.
src/sim/mem_state.cc:443: info: Increasing stack size by one page.
src/sim/mem_state.cc:443: info: Increasing stack size by one page.
src/sim/mem_state.cc:443: info: Increasing stack size by one page.
Array SIZE      : 1000000 
Array LOOP      : 1 

----triad----
a[0]=7.00e+00. b[0]=2.00e+00. c[0]=1.00e+00.
Execution time: 2.716407 (ms) 
   Rate [MB/s]: 8835.2 
----quick sort----
Array SIZE      : 131072 
random_elem:0, /home/fdemirel/HPC_Lab_Proj/benchmarks/quick/quick-m5.x
Execution time: 8.418333 (ms) 
Global frequency set at 1000000000000 ticks per second
src/mem/dram_interface.cc:690: warn: DRAM device capacity (16384 Mbytes) does not match the address range assigned (1024 Mbytes)
src/base/statistics.hh:279: warn: One of the stats is a legacy stat. Legacy stat is a stat that does not belong to any statistics::Group. Legacy stat is deprecated.
board.remote_gdb: Listening for connections on port 7001
gem5 Simulator System.  https://www.gem5.org
gem5 is copyrighted software; use the --copyright option for details.

gem5 version 25.0.0.1
gem5 compiled May  5 2026 12:55:05
gem5 started Jun 12 2026 19:30:47
gem5 executing on cn27.guoehi.cluster, pid 165557
command line: /home/fdemirel/HPC_Lab_Proj/stride/../../gem5/build/ALL/gem5.opt -s --outdir=results_stride_multisim --stdout-file=merge_stride_deg32_dist4_l2_ddr4_1x_simout.txt --stderr-file=merge_stride_deg32_dist4_l2_ddr4_1x_simerr.txt --stats-file=stats.txt -c 'from multiprocessing.spawn import spawn_main; spawn_main(tracker_fd=7, pipe_handle=13)' --multiprocessing-fork

src/sim/mem_state.cc:443: info: Increasing stack size by one page.
src/sim/syscall_emul.hh:1121: warn: readlink() called on '/proc/self/exe' may yield unexpected results in various settings.
      Returning '/home/fdemirel/HPC_Lab_Proj/benchmarks/merge/merge-m5.x'
src/arch/arm/insts/pseudo.cc:174: warn: 	instruction 'bti' unimplemented
----quick sort----
Array SIZE      : 131072 
random_elem:0, /home/fdemirel/HPC_Lab_Proj/benchmarks/quick/quick-m5.x
Execution time: 8.790969 (ms) 
Global frequency set at 1000000000000 ticks per second
src/mem/dram_interface.cc:690: warn: DRAM device capacity (16384 Mbytes) does not match the address range assigned (512 Mbytes)
src/mem/dram_interface.cc:690: warn: DRAM device capacity (16384 Mbytes) does not match the address range assigned (512 Mbytes)
src/base/statistics.hh:279: warn: One of the stats is a legacy stat. Legacy stat is a stat that does not belong to any statistics::Group. Legacy stat is deprecated.
board.remote_gdb: Listening for connections on port 7002
gem5 Simulator System.  https://www.gem5.org
gem5 is copyrighted software; use the --copyright option for details.

gem5 version 25.0.0.1
gem5 compiled May  5 2026 12:55:05
gem5 started Jun 12 2026 19:30:51
gem5 executing on cn27.guoehi.cluster, pid 165559
command line: /home/fdemirel/HPC_Lab_Proj/stride/../../gem5/build/ALL/gem5.opt -s --outdir=results_stride_multisim --stdout-file=matmult_stride_deg1_dist16_l2_ddr4_2x_simout.txt --stderr-file=matmult_stride_deg1_dist16_l2_ddr4_2x_simerr.txt --stats-file=stats.txt -c 'from multiprocessing.spawn import spawn_main; spawn_main(tracker_fd=7, pipe_handle=13)' --multiprocessing-fork

src/sim/mem_state.cc:443: info: Increasing stack size by one page.
src/sim/syscall_emul.hh:1121: warn: readlink() called on '/proc/self/exe' may yield unexpected results in various settings.
      Returning '/home/fdemirel/HPC_Lab_Proj/benchmarks/matmult/matmult-m5.x'
src/arch/arm/insts/pseudo.cc:174: warn: 	instruction 'bti' unimplemented
Global frequency set at 1000000000000 ticks per second
src/mem/dram_interface.cc:690: warn: DRAM device capacity (16384 Mbytes) does not match the address range assigned (1024 Mbytes)
src/base/statistics.hh:279: warn: One of the stats is a legacy stat. Legacy stat is a stat that does not belong to any statistics::Group. Legacy stat is deprecated.
board.remote_gdb: Listening for connections on port 7003
gem5 Simulator System.  https://www.gem5.org
gem5 is copyrighted software; use the --copyright option for details.

gem5 version 25.0.0.1
gem5 compiled May  5 2026 12:55:05
gem5 started Jun 12 2026 19:31:08
gem5 executing on cn27.guoehi.cluster, pid 165564
command line: /home/fdemirel/HPC_Lab_Proj/stride/../../gem5/build/ALL/gem5.opt -s --outdir=results_stride_multisim --stdout-file=simple_triad_stride_deg4_dist1_l1d_ddr4_1x_simout.txt --stderr-file=simple_triad_stride_deg4_dist1_l1d_ddr4_1x_simerr.txt --stats-file=stats.txt -c 'from multiprocessing.spawn import spawn_main; spawn_main(tracker_fd=7, pipe_handle=13)' --multiprocessing-fork

src/sim/mem_state.cc:443: info: Increasing stack size by one page.
src/sim/syscall_emul.hh:1121: warn: readlink() called on '/proc/self/exe' may yield unexpected results in various settings.
      Returning '/home/fdemirel/HPC_Lab_Proj/benchmarks/simple_triad/simple_triad-m5.x'

----MATRIX MULTIPLICATION----

----Computation starts----
Loop 0 ... 
argc = 2, A[argc][argc] = 0.500000, B[argc][argc] = 0.500000, C[argc][argc] = 0.500000 
Execution time: 1.216568 (ms) 
----spmv----
N_ROWS          : 8192 
N_COLS          : 65536 
NNZ             : 524155 
Execution time: 6.368532 (ms) 
Global frequency set at 1000000000000 ticks per second
src/mem/dram_interface.cc:690: warn: DRAM device capacity (16384 Mbytes) does not match the address range assigned (512 Mbytes)
src/mem/dram_interface.cc:690: warn: DRAM device capacity (16384 Mbytes) does not match the address range assigned (512 Mbytes)
src/base/statistics.hh:279: warn: One of the stats is a legacy stat. Legacy stat is a stat that does not belong to any statistics::Group. Legacy stat is deprecated.
board.remote_gdb: Listening for connections on port 7000
gem5 Simulator System.  https://www.gem5.org
gem5 is copyrighted software; use the --copyright option for details.

gem5 version 25.0.0.1
gem5 compiled May  5 2026 12:55:05
gem5 started Jun 12 2026 19:31:59
gem5 executing on cn27.guoehi.cluster, pid 165571
command line: /home/fdemirel/HPC_Lab_Proj/stride/../../gem5/build/ALL/gem5.opt -s --outdir=results_stride_multisim --stdout-file=merge_stride_deg8_dist1_l1d_ddr4_2x_simout.txt --stderr-file=merge_stride_deg8_dist1_l1d_ddr4_2x_simerr.txt --stats-file=stats.txt -c 'from multiprocessing.spawn import spawn_main; spawn_main(tracker_fd=7, pipe_handle=13)' --multiprocessing-fork

src/sim/mem_state.cc:443: info: Increasing stack size by one page.
src/sim/syscall_emul.hh:1121: warn: readlink() called on '/proc/self/exe' may yield unexpected results in various settings.
      Returning '/home/fdemirel/HPC_Lab_Proj/benchmarks/merge/merge-m5.x'
src/arch/arm/insts/pseudo.cc:174: warn: 	instruction 'bti' unimplemented
Global frequency set at 1000000000000 ticks per second
src/mem/dram_interface.cc:690: warn: DRAM device capacity (16384 Mbytes) does not match the address range assigned (1024 Mbytes)
src/base/statistics.hh:279: warn: One of the stats is a legacy stat. Legacy stat is a stat that does not belong to any statistics::Group. Legacy stat is deprecated.
board.remote_gdb: Listening for connections on port 7002
gem5 Simulator System.  https://www.gem5.org
gem5 is copyrighted software; use the --copyright option for details.

gem5 version 25.0.0.1
gem5 compiled May  5 2026 12:55:05
gem5 started Jun 12 2026 19:32:04
gem5 executing on cn27.guoehi.cluster, pid 165572
command line: /home/fdemirel/HPC_Lab_Proj/stride/../../gem5/build/ALL/gem5.opt -s --outdir=results_stride_multisim --stdout-file=matmult_stride_deg4_dist4_l1d_ddr4_1x_simout.txt --stderr-file=matmult_stride_deg4_dist4_l1d_ddr4_1x_simerr.txt --stats-file=stats.txt -c 'from multiprocessing.spawn import spawn_main; spawn_main(tracker_fd=7, pipe_handle=13)' --multiprocessing-fork

src/sim/mem_state.cc:443: info: Increasing stack size by one page.
src/sim/syscall_emul.hh:1121: warn: readlink() called on '/proc/self/exe' may yield unexpected results in various settings.
      Returning '/home/fdemirel/HPC_Lab_Proj/benchmarks/matmult/matmult-m5.x'
src/arch/arm/insts/pseudo.cc:174: warn: 	instruction 'bti' unimplemented
Array SIZE      : 1000000 
Array LOOP      : 1 

----triad----
a[0]=7.00e+00. b[0]=2.00e+00. c[0]=1.00e+00.
Execution time: 2.443022 (ms) 
   Rate [MB/s]: 9823.9 

----MATRIX MULTIPLICATION----

----Computation starts----
Loop 0 ... 
argc = 2, A[argc][argc] = 0.500000, B[argc][argc] = 0.500000, C[argc][argc] = 0.500000 
Execution time: 1.202991 (ms) 
Global frequency set at 1000000000000 ticks per second
src/mem/dram_interface.cc:690: warn: DRAM device capacity (16384 Mbytes) does not match the address range assigned (512 Mbytes)
src/mem/dram_interface.cc:690: warn: DRAM device capacity (16384 Mbytes) does not match the address range assigned (512 Mbytes)
src/base/statistics.hh:279: warn: One of the stats is a legacy stat. Legacy stat is a stat that does not belong to any statistics::Group. Legacy stat is deprecated.
board.remote_gdb: Listening for connections on port 7002
gem5 Simulator System.  https://www.gem5.org
gem5 is copyrighted software; use the --copyright option for details.

gem5 version 25.0.0.1
gem5 compiled May  5 2026 12:55:05
gem5 started Jun 12 2026 19:33:10
gem5 executing on cn27.guoehi.cluster, pid 165578
command line: /home/fdemirel/HPC_Lab_Proj/stride/../../gem5/build/ALL/gem5.opt -s --outdir=results_stride_multisim --stdout-file=quick_stride_deg16_dist8_l2_ddr4_2x_simout.txt --stderr-file=quick_stride_deg16_dist8_l2_ddr4_2x_simerr.txt --stats-file=stats.txt -c 'from multiprocessing.spawn import spawn_main; spawn_main(tracker_fd=7, pipe_handle=13)' --multiprocessing-fork

src/sim/mem_state.cc:443: info: Increasing stack size by one page.
src/sim/syscall_emul.hh:1121: warn: readlink() called on '/proc/self/exe' may yield unexpected results in various settings.
      Returning '/home/fdemirel/HPC_Lab_Proj/benchmarks/quick/quick-m5.x'
src/arch/arm/insts/pseudo.cc:174: warn: 	instruction 'bti' unimplemented
Global frequency set at 1000000000000 ticks per second
src/mem/dram_interface.cc:690: warn: DRAM device capacity (16384 Mbytes) does not match the address range assigned (512 Mbytes)
src/mem/dram_interface.cc:690: warn: DRAM device capacity (16384 Mbytes) does not match the address range assigned (512 Mbytes)
src/base/statistics.hh:279: warn: One of the stats is a legacy stat. Legacy stat is a stat that does not belong to any statistics::Group. Legacy stat is deprecated.
board.remote_gdb: Listening for connections on port 7003
gem5 Simulator System.  https://www.gem5.org
gem5 is copyrighted software; use the --copyright option for details.

gem5 version 25.0.0.1
gem5 compiled May  5 2026 12:55:05
gem5 started Jun 12 2026 19:33:17
gem5 executing on cn27.guoehi.cluster, pid 165579
command line: /home/fdemirel/HPC_Lab_Proj/stride/../../gem5/build/ALL/gem5.opt -s --outdir=results_stride_multisim --stdout-file=bfs_stride_deg4_dist1_l2_ddr4_2x_simout.txt --stderr-file=bfs_stride_deg4_dist1_l2_ddr4_2x_simerr.txt --stats-file=stats.txt -c 'from multiprocessing.spawn import spawn_main; spawn_main(tracker_fd=7, pipe_handle=13)' --multiprocessing-fork

src/sim/mem_state.cc:443: info: Increasing stack size by one page.
src/sim/syscall_emul.hh:1121: warn: readlink() called on '/proc/self/exe' may yield unexpected results in various settings.
      Returning '/home/fdemirel/HPC_Lab_Proj/benchmarks/bfs/bfs-m5.x'
src/arch/arm/insts/pseudo.cc:174: warn: 	instruction 'bti' unimplemented
Beginning BFS ...

----merge----
Execution time: 10.314214 (ms) 
random_elem:0, /home/fdemirel/HPC_Lab_Proj/benchmarks/merge/merge-m5.x
Global frequency set at 1000000000000 ticks per second
src/mem/dram_interface.cc:690: warn: DRAM device capacity (16384 Mbytes) does not match the address range assigned (1024 Mbytes)
src/base/statistics.hh:279: warn: One of the stats is a legacy stat. Legacy stat is a stat that does not belong to any statistics::Group. Legacy stat is deprecated.
board.remote_gdb: Listening for connections on port 7001
gem5 Simulator System.  https://www.gem5.org
gem5 is copyrighted software; use the --copyright option for details.

gem5 version 25.0.0.1
gem5 compiled May  5 2026 12:55:05
gem5 started Jun 12 2026 19:35:56
gem5 executing on cn27.guoehi.cluster, pid 165589
command line: /home/fdemirel/HPC_Lab_Proj/stride/../../gem5/build/ALL/gem5.opt -s --outdir=results_stride_multisim --stdout-file=quick_stride_deg4_dist32_l2_ddr4_1x_simout.txt --stderr-file=quick_stride_deg4_dist32_l2_ddr4_1x_simerr.txt --stats-file=stats.txt -c 'from multiprocessing.spawn import spawn_main; spawn_main(tracker_fd=7, pipe_handle=13)' --multiprocessing-fork

src/sim/mem_state.cc:443: info: Increasing stack size by one page.
src/sim/syscall_emul.hh:1121: warn: readlink() called on '/proc/self/exe' may yield unexpected results in various settings.
      Returning '/home/fdemirel/HPC_Lab_Proj/benchmarks/quick/quick-m5.x'
src/arch/arm/insts/pseudo.cc:174: warn: 	instruction 'bti' unimplemented

----merge----
Execution time: 9.795494 (ms) 
random_elem:0, /home/fdemirel/HPC_Lab_Proj/benchmarks/merge/merge-m5.x
Global frequency set at 1000000000000 ticks per second
src/mem/dram_interface.cc:690: warn: DRAM device capacity (16384 Mbytes) does not match the address range assigned (1024 Mbytes)
src/base/statistics.hh:279: warn: One of the stats is a legacy stat. Legacy stat is a stat that does not belong to any statistics::Group. Legacy stat is deprecated.
board.remote_gdb: Listening for connections on port 7000
gem5 Simulator System.  https://www.gem5.org
gem5 is copyrighted software; use the --copyright option for details.

gem5 version 25.0.0.1
gem5 compiled May  5 2026 12:55:05
gem5 started Jun 12 2026 19:36:54
gem5 executing on cn27.guoehi.cluster, pid 165595
command line: /home/fdemirel/HPC_Lab_Proj/stride/../../gem5/build/ALL/gem5.opt -s --outdir=results_stride_multisim --stdout-file=merge_stride_deg4_dist16_l1d_ddr4_1x_simout.txt --stderr-file=merge_stride_deg4_dist16_l1d_ddr4_1x_simerr.txt --stats-file=stats.txt -c 'from multiprocessing.spawn import spawn_main; spawn_main(tracker_fd=7, pipe_handle=13)' --multiprocessing-fork

src/sim/mem_state.cc:443: info: Increasing stack size by one page.
src/sim/syscall_emul.hh:1121: warn: readlink() called on '/proc/self/exe' may yield unexpected results in various settings.
      Returning '/home/fdemirel/HPC_Lab_Proj/benchmarks/merge/merge-m5.x'
src/arch/arm/insts/pseudo.cc:174: warn: 	instruction 'bti' unimplemented
----quick sort----
Array SIZE      : 131072 
random_elem:0, /home/fdemirel/HPC_Lab_Proj/benchmarks/quick/quick-m5.x
Execution time: 8.713229 (ms) 
Global frequency set at 1000000000000 ticks per second
src/mem/dram_interface.cc:690: warn: DRAM device capacity (16384 Mbytes) does not match the address range assigned (512 Mbytes)
src/mem/dram_interface.cc:690: warn: DRAM device capacity (16384 Mbytes) does not match the address range assigned (512 Mbytes)
src/base/statistics.hh:279: warn: One of the stats is a legacy stat. Legacy stat is a stat that does not belong to any statistics::Group. Legacy stat is deprecated.
board.remote_gdb: Listening for connections on port 7002
gem5 Simulator System.  https://www.gem5.org
gem5 is copyrighted software; use the --copyright option for details.

gem5 version 25.0.0.1
gem5 compiled May  5 2026 12:55:05
gem5 started Jun 12 2026 19:37:23
gem5 executing on cn27.guoehi.cluster, pid 165598
command line: /home/fdemirel/HPC_Lab_Proj/stride/../../gem5/build/ALL/gem5.opt -s --outdir=results_stride_multisim --stdout-file=spmv_stride_deg16_dist4_l2_ddr4_2x_simout.txt --stderr-file=spmv_stride_deg16_dist4_l2_ddr4_2x_simerr.txt --stats-file=stats.txt -c 'from multiprocessing.spawn import spawn_main; spawn_main(tracker_fd=7, pipe_handle=13)' --multiprocessing-fork

src/sim/mem_state.cc:443: info: Increasing stack size by one page.
src/sim/syscall_emul.hh:1121: warn: readlink() called on '/proc/self/exe' may yield unexpected results in various settings.
      Returning '/home/fdemirel/HPC_Lab_Proj/benchmarks/spmv/spmv-m5.x'
src/arch/arm/insts/pseudo.cc:174: warn: 	instruction 'bti' unimplemented
src/sim/mem_state.cc:443: info: Increasing stack size by one page.
src/sim/mem_state.cc:443: info: Increasing stack size by one page.
src/sim/mem_state.cc:443: info: Increasing stack size by one page.
src/sim/mem_state.cc:443: info: Increasing stack size by one page.
src/sim/mem_state.cc:443: info: Increasing stack size by one page.
src/sim/mem_state.cc:443: info: Increasing stack size by one page.
src/sim/mem_state.cc:443: info: Increasing stack size by one page.
Finished BFS.
Global frequency set at 1000000000000 ticks per second
src/mem/dram_interface.cc:690: warn: DRAM device capacity (16384 Mbytes) does not match the address range assigned (1024 Mbytes)
src/base/statistics.hh:279: warn: One of the stats is a legacy stat. Legacy stat is a stat that does not belong to any statistics::Group. Legacy stat is deprecated.
board.remote_gdb: Listening for connections on port 7003
gem5 Simulator System.  https://www.gem5.org
gem5 is copyrighted software; use the --copyright option for details.

gem5 version 25.0.0.1
gem5 compiled May  5 2026 12:55:05
gem5 started Jun 12 2026 19:39:08
gem5 executing on cn27.guoehi.cluster, pid 165607
command line: /home/fdemirel/HPC_Lab_Proj/stride/../../gem5/build/ALL/gem5.opt -s --outdir=results_stride_multisim --stdout-file=simple_triad_stride_deg4_dist1_l2_ddr4_1x_simout.txt --stderr-file=simple_triad_stride_deg4_dist1_l2_ddr4_1x_simerr.txt --stats-file=stats.txt -c 'from multiprocessing.spawn import spawn_main; spawn_main(tracker_fd=7, pipe_handle=13)' --multiprocessing-fork

src/sim/mem_state.cc:443: info: Increasing stack size by one page.
src/sim/syscall_emul.hh:1121: warn: readlink() called on '/proc/self/exe' may yield unexpected results in various settings.
      Returning '/home/fdemirel/HPC_Lab_Proj/benchmarks/simple_triad/simple_triad-m5.x'
----spmv----
N_ROWS          : 8192 
N_COLS          : 65536 
NNZ             : 524155 
Execution time: 6.623733 (ms) 
Global frequency set at 1000000000000 ticks per second
src/mem/dram_interface.cc:690: warn: DRAM device capacity (16384 Mbytes) does not match the address range assigned (1024 Mbytes)
src/base/statistics.hh:279: warn: One of the stats is a legacy stat. Legacy stat is a stat that does not belong to any statistics::Group. Legacy stat is deprecated.
board.remote_gdb: Listening for connections on port 7002
gem5 Simulator System.  https://www.gem5.org
gem5 is copyrighted software; use the --copyright option for details.

gem5 version 25.0.0.1
gem5 compiled May  5 2026 12:55:05
gem5 started Jun 12 2026 19:39:32
gem5 executing on cn27.guoehi.cluster, pid 165612
command line: /home/fdemirel/HPC_Lab_Proj/stride/../../gem5/build/ALL/gem5.opt -s --outdir=results_stride_multisim --stdout-file=spmv_stride_deg4_dist8_l2_ddr4_1x_simout.txt --stderr-file=spmv_stride_deg4_dist8_l2_ddr4_1x_simerr.txt --stats-file=stats.txt -c 'from multiprocessing.spawn import spawn_main; spawn_main(tracker_fd=7, pipe_handle=13)' --multiprocessing-fork

src/sim/mem_state.cc:443: info: Increasing stack size by one page.
src/sim/syscall_emul.hh:1121: warn: readlink() called on '/proc/self/exe' may yield unexpected results in various settings.
      Returning '/home/fdemirel/HPC_Lab_Proj/benchmarks/spmv/spmv-m5.x'
src/arch/arm/insts/pseudo.cc:174: warn: 	instruction 'bti' unimplemented
src/sim/mem_state.cc:443: info: Increasing stack size by one page.
src/sim/mem_state.cc:443: info: Increasing stack size by one page.
src/sim/mem_state.cc:443: info: Increasing stack size by one page.
src/sim/mem_state.cc:443: info: Increasing stack size by one page.
src/sim/mem_state.cc:443: info: Increasing stack size by one page.
src/sim/mem_state.cc:443: info: Increasing stack size by one page.
src/sim/mem_state.cc:443: info: Increasing stack size by one page.
----quick sort----
Array SIZE      : 131072 
random_elem:0, /home/fdemirel/HPC_Lab_Proj/benchmarks/quick/quick-m5.x
Execution time: 9.226025 (ms) 
Global frequency set at 1000000000000 ticks per second
src/mem/dram_interface.cc:690: warn: DRAM device capacity (16384 Mbytes) does not match the address range assigned (512 Mbytes)
src/mem/dram_interface.cc:690: warn: DRAM device capacity (16384 Mbytes) does not match the address range assigned (512 Mbytes)
src/base/statistics.hh:279: warn: One of the stats is a legacy stat. Legacy stat is a stat that does not belong to any statistics::Group. Legacy stat is deprecated.
board.remote_gdb: Listening for connections on port 7001
gem5 Simulator System.  https://www.gem5.org
gem5 is copyrighted software; use the --copyright option for details.

gem5 version 25.0.0.1
gem5 compiled May  5 2026 12:55:05
gem5 started Jun 12 2026 19:40:12
gem5 executing on cn27.guoehi.cluster, pid 165615
command line: /home/fdemirel/HPC_Lab_Proj/stride/../../gem5/build/ALL/gem5.opt -s --outdir=results_stride_multisim --stdout-file=simple_triad_stride_deg32_dist4_l1d_ddr4_2x_simout.txt --stderr-file=simple_triad_stride_deg32_dist4_l1d_ddr4_2x_simerr.txt --stats-file=stats.txt -c 'from multiprocessing.spawn import spawn_main; spawn_main(tracker_fd=7, pipe_handle=13)' --multiprocessing-fork

src/sim/mem_state.cc:443: info: Increasing stack size by one page.
src/sim/syscall_emul.hh:1121: warn: readlink() called on '/proc/self/exe' may yield unexpected results in various settings.
      Returning '/home/fdemirel/HPC_Lab_Proj/benchmarks/simple_triad/simple_triad-m5.x'
Array SIZE      : 1000000 
Array LOOP      : 1 

----triad----
a[0]=7.00e+00. b[0]=2.00e+00. c[0]=1.00e+00.
Execution time: 2.393176 (ms) 
   Rate [MB/s]: 10028.5 
Global frequency set at 1000000000000 ticks per second
src/mem/dram_interface.cc:690: warn: DRAM device capacity (16384 Mbytes) does not match the address range assigned (512 Mbytes)
src/mem/dram_interface.cc:690: warn: DRAM device capacity (16384 Mbytes) does not match the address range assigned (512 Mbytes)
src/base/statistics.hh:279: warn: One of the stats is a legacy stat. Legacy stat is a stat that does not belong to any statistics::Group. Legacy stat is deprecated.
board.remote_gdb: Listening for connections on port 7003
gem5 Simulator System.  https://www.gem5.org
gem5 is copyrighted software; use the --copyright option for details.

gem5 version 25.0.0.1
gem5 compiled May  5 2026 12:55:05
gem5 started Jun 12 2026 19:41:02
gem5 executing on cn27.guoehi.cluster, pid 165623
command line: /home/fdemirel/HPC_Lab_Proj/stride/../../gem5/build/ALL/gem5.opt -s --outdir=results_stride_multisim --stdout-file=bfs_stride_deg8_dist4_l1d_ddr4_2x_simout.txt --stderr-file=bfs_stride_deg8_dist4_l1d_ddr4_2x_simerr.txt --stats-file=stats.txt -c 'from multiprocessing.spawn import spawn_main; spawn_main(tracker_fd=7, pipe_handle=13)' --multiprocessing-fork

src/sim/mem_state.cc:443: info: Increasing stack size by one page.
src/sim/syscall_emul.hh:1121: warn: readlink() called on '/proc/self/exe' may yield unexpected results in various settings.
      Returning '/home/fdemirel/HPC_Lab_Proj/benchmarks/bfs/bfs-m5.x'
src/arch/arm/insts/pseudo.cc:174: warn: 	instruction 'bti' unimplemented
Beginning BFS ...
----spmv----
N_ROWS          : 8192 
N_COLS          : 65536 
NNZ             : 524155 
Execution time: 7.550690 (ms) 

----merge----
Execution time: 10.321744 (ms) 
random_elem:0, /home/fdemirel/HPC_Lab_Proj/benchmarks/merge/merge-m5.x
Global frequency set at 1000000000000 ticks per second
src/mem/dram_interface.cc:690: warn: DRAM device capacity (16384 Mbytes) does not match the address range assigned (1024 Mbytes)
src/base/statistics.hh:279: warn: One of the stats is a legacy stat. Legacy stat is a stat that does not belong to any statistics::Group. Legacy stat is deprecated.
board.remote_gdb: Listening for connections on port 7002
gem5 Simulator System.  https://www.gem5.org
gem5 is copyrighted software; use the --copyright option for details.

gem5 version 25.0.0.1
gem5 compiled May  5 2026 12:55:05
gem5 started Jun 12 2026 19:41:39
gem5 executing on cn27.guoehi.cluster, pid 165628
command line: /home/fdemirel/HPC_Lab_Proj/stride/../../gem5/build/ALL/gem5.opt -s --outdir=results_stride_multisim --stdout-file=bfs_stride_deg8_dist1_l2_ddr4_1x_simout.txt --stderr-file=bfs_stride_deg8_dist1_l2_ddr4_1x_simerr.txt --stats-file=stats.txt -c 'from multiprocessing.spawn import spawn_main; spawn_main(tracker_fd=7, pipe_handle=13)' --multiprocessing-fork

src/sim/mem_state.cc:443: info: Increasing stack size by one page.
src/sim/syscall_emul.hh:1121: warn: readlink() called on '/proc/self/exe' may yield unexpected results in various settings.
      Returning '/home/fdemirel/HPC_Lab_Proj/benchmarks/bfs/bfs-m5.x'
src/arch/arm/insts/pseudo.cc:174: warn: 	instruction 'bti' unimplemented
Beginning BFS ...
Array SIZE      : 1000000 
Array LOOP      : 1 

----triad----
a[0]=7.00e+00. b[0]=2.00e+00. c[0]=1.00e+00.
Execution time: 2.059603 (ms) 
   Rate [MB/s]: 11652.7 
Global frequency set at 1000000000000 ticks per second
src/mem/dram_interface.cc:690: warn: DRAM device capacity (16384 Mbytes) does not match the address range assigned (512 Mbytes)
src/mem/dram_interface.cc:690: warn: DRAM device capacity (16384 Mbytes) does not match the address range assigned (512 Mbytes)
src/base/statistics.hh:279: warn: One of the stats is a legacy stat. Legacy stat is a stat that does not belong to any statistics::Group. Legacy stat is deprecated.
board.remote_gdb: Listening for connections on port 7000
gem5 Simulator System.  https://www.gem5.org
gem5 is copyrighted software; use the --copyright option for details.

gem5 version 25.0.0.1
gem5 compiled May  5 2026 12:55:05
gem5 started Jun 12 2026 19:41:58
gem5 executing on cn27.guoehi.cluster, pid 165633
command line: /home/fdemirel/HPC_Lab_Proj/stride/../../gem5/build/ALL/gem5.opt -s --outdir=results_stride_multisim --stdout-file=matmult_stride_deg4_dist32_l2_ddr4_2x_simout.txt --stderr-file=matmult_stride_deg4_dist32_l2_ddr4_2x_simerr.txt --stats-file=stats.txt -c 'from multiprocessing.spawn import spawn_main; spawn_main(tracker_fd=7, pipe_handle=13)' --multiprocessing-fork

src/sim/mem_state.cc:443: info: Increasing stack size by one page.
src/sim/syscall_emul.hh:1121: warn: readlink() called on '/proc/self/exe' may yield unexpected results in various settings.
      Returning '/home/fdemirel/HPC_Lab_Proj/benchmarks/matmult/matmult-m5.x'
src/arch/arm/insts/pseudo.cc:174: warn: 	instruction 'bti' unimplemented
Global frequency set at 1000000000000 ticks per second
src/mem/dram_interface.cc:690: warn: DRAM device capacity (16384 Mbytes) does not match the address range assigned (1024 Mbytes)
src/base/statistics.hh:279: warn: One of the stats is a legacy stat. Legacy stat is a stat that does not belong to any statistics::Group. Legacy stat is deprecated.
board.remote_gdb: Listening for connections on port 7001
gem5 Simulator System.  https://www.gem5.org
gem5 is copyrighted software; use the --copyright option for details.

gem5 version 25.0.0.1
gem5 compiled May  5 2026 12:55:05
gem5 started Jun 12 2026 19:42:08
gem5 executing on cn27.guoehi.cluster, pid 165634
command line: /home/fdemirel/HPC_Lab_Proj/stride/../../gem5/build/ALL/gem5.opt -s --outdir=results_stride_multisim --stdout-file=simple_triad_stride_deg16_dist8_l1d_ddr4_1x_simout.txt --stderr-file=simple_triad_stride_deg16_dist8_l1d_ddr4_1x_simerr.txt --stats-file=stats.txt -c 'from multiprocessing.spawn import spawn_main; spawn_main(tracker_fd=7, pipe_handle=13)' --multiprocessing-fork

src/sim/mem_state.cc:443: info: Increasing stack size by one page.
src/sim/syscall_emul.hh:1121: warn: readlink() called on '/proc/self/exe' may yield unexpected results in various settings.
      Returning '/home/fdemirel/HPC_Lab_Proj/benchmarks/simple_triad/simple_triad-m5.x'

----MATRIX MULTIPLICATION----

----Computation starts----
Loop 0 ... 
argc = 2, A[argc][argc] = 0.500000, B[argc][argc] = 0.500000, C[argc][argc] = 0.500000 
Execution time: 1.254130 (ms) 
Global frequency set at 1000000000000 ticks per second
src/mem/dram_interface.cc:690: warn: DRAM device capacity (16384 Mbytes) does not match the address range assigned (512 Mbytes)
src/mem/dram_interface.cc:690: warn: DRAM device capacity (16384 Mbytes) does not match the address range assigned (512 Mbytes)
src/base/statistics.hh:279: warn: One of the stats is a legacy stat. Legacy stat is a stat that does not belong to any statistics::Group. Legacy stat is deprecated.
board.remote_gdb: Listening for connections on port 7000
gem5 Simulator System.  https://www.gem5.org
gem5 is copyrighted software; use the --copyright option for details.

gem5 version 25.0.0.1
gem5 compiled May  5 2026 12:55:05
gem5 started Jun 12 2026 19:43:08
gem5 executing on cn27.guoehi.cluster, pid 165646
command line: /home/fdemirel/HPC_Lab_Proj/stride/../../gem5/build/ALL/gem5.opt -s --outdir=results_stride_multisim --stdout-file=spmv_stride_deg1_dist16_l1d_ddr4_2x_simout.txt --stderr-file=spmv_stride_deg1_dist16_l1d_ddr4_2x_simerr.txt --stats-file=stats.txt -c 'from multiprocessing.spawn import spawn_main; spawn_main(tracker_fd=7, pipe_handle=13)' --multiprocessing-fork

src/sim/mem_state.cc:443: info: Increasing stack size by one page.
src/sim/syscall_emul.hh:1121: warn: readlink() called on '/proc/self/exe' may yield unexpected results in various settings.
      Returning '/home/fdemirel/HPC_Lab_Proj/benchmarks/spmv/spmv-m5.x'
src/arch/arm/insts/pseudo.cc:174: warn: 	instruction 'bti' unimplemented
src/sim/mem_state.cc:443: info: Increasing stack size by one page.
src/sim/mem_state.cc:443: info: Increasing stack size by one page.
src/sim/mem_state.cc:443: info: Increasing stack size by one page.
src/sim/mem_state.cc:443: info: Increasing stack size by one page.
src/sim/mem_state.cc:443: info: Increasing stack size by one page.
src/sim/mem_state.cc:443: info: Increasing stack size by one page.
src/sim/mem_state.cc:443: info: Increasing stack size by one page.
Array SIZE      : 1000000 
Array LOOP      : 1 

----triad----
a[0]=7.00e+00. b[0]=2.00e+00. c[0]=1.00e+00.
Execution time: 2.917090 (ms) 
   Rate [MB/s]: 8227.4 
Global frequency set at 1000000000000 ticks per second
src/mem/dram_interface.cc:690: warn: DRAM device capacity (16384 Mbytes) does not match the address range assigned (1024 Mbytes)
src/base/statistics.hh:279: warn: One of the stats is a legacy stat. Legacy stat is a stat that does not belong to any statistics::Group. Legacy stat is deprecated.
board.remote_gdb: Listening for connections on port 7001
gem5 Simulator System.  https://www.gem5.org
gem5 is copyrighted software; use the --copyright option for details.

gem5 version 25.0.0.1
gem5 compiled May  5 2026 12:55:05
gem5 started Jun 12 2026 19:44:10
gem5 executing on cn27.guoehi.cluster, pid 165651
command line: /home/fdemirel/HPC_Lab_Proj/stride/../../gem5/build/ALL/gem5.opt -s --outdir=results_stride_multisim --stdout-file=spmv_stride_deg16_dist32_l1d_ddr4_1x_simout.txt --stderr-file=spmv_stride_deg16_dist32_l1d_ddr4_1x_simerr.txt --stats-file=stats.txt -c 'from multiprocessing.spawn import spawn_main; spawn_main(tracker_fd=7, pipe_handle=13)' --multiprocessing-fork

src/sim/mem_state.cc:443: info: Increasing stack size by one page.
src/sim/syscall_emul.hh:1121: warn: readlink() called on '/proc/self/exe' may yield unexpected results in various settings.
      Returning '/home/fdemirel/HPC_Lab_Proj/benchmarks/spmv/spmv-m5.x'
src/arch/arm/insts/pseudo.cc:174: warn: 	instruction 'bti' unimplemented
src/sim/mem_state.cc:443: info: Increasing stack size by one page.
src/sim/mem_state.cc:443: info: Increasing stack size by one page.
src/sim/mem_state.cc:443: info: Increasing stack size by one page.
src/sim/mem_state.cc:443: info: Increasing stack size by one page.
src/sim/mem_state.cc:443: info: Increasing stack size by one page.
src/sim/mem_state.cc:443: info: Increasing stack size by one page.
src/sim/mem_state.cc:443: info: Increasing stack size by one page.
----spmv----
N_ROWS          : 8192 
N_COLS          : 65536 
NNZ             : 524155 
Execution time: 7.003225 (ms) 
Global frequency set at 1000000000000 ticks per second
src/mem/dram_interface.cc:690: warn: DRAM device capacity (16384 Mbytes) does not match the address range assigned (512 Mbytes)
src/mem/dram_interface.cc:690: warn: DRAM device capacity (16384 Mbytes) does not match the address range assigned (512 Mbytes)
src/base/statistics.hh:279: warn: One of the stats is a legacy stat. Legacy stat is a stat that does not belong to any statistics::Group. Legacy stat is deprecated.
board.remote_gdb: Listening for connections on port 7000
gem5 Simulator System.  https://www.gem5.org
gem5 is copyrighted software; use the --copyright option for details.

gem5 version 25.0.0.1
gem5 compiled May  5 2026 12:55:05
gem5 started Jun 12 2026 19:45:18
gem5 executing on cn27.guoehi.cluster, pid 165657
command line: /home/fdemirel/HPC_Lab_Proj/stride/../../gem5/build/ALL/gem5.opt -s --outdir=results_stride_multisim --stdout-file=simple_triad_stride_deg32_dist4_l2_ddr4_2x_simout.txt --stderr-file=simple_triad_stride_deg32_dist4_l2_ddr4_2x_simerr.txt --stats-file=stats.txt -c 'from multiprocessing.spawn import spawn_main; spawn_main(tracker_fd=7, pipe_handle=13)' --multiprocessing-fork

src/sim/mem_state.cc:443: info: Increasing stack size by one page.
src/sim/syscall_emul.hh:1121: warn: readlink() called on '/proc/self/exe' may yield unexpected results in various settings.
      Returning '/home/fdemirel/HPC_Lab_Proj/benchmarks/simple_triad/simple_triad-m5.x'
----spmv----
N_ROWS          : 8192 
N_COLS          : 65536 
NNZ             : 524155 
Execution time: 7.748371 (ms) 
Global frequency set at 1000000000000 ticks per second
src/mem/dram_interface.cc:690: warn: DRAM device capacity (16384 Mbytes) does not match the address range assigned (512 Mbytes)
src/mem/dram_interface.cc:690: warn: DRAM device capacity (16384 Mbytes) does not match the address range assigned (512 Mbytes)
src/base/statistics.hh:279: warn: One of the stats is a legacy stat. Legacy stat is a stat that does not belong to any statistics::Group. Legacy stat is deprecated.
board.remote_gdb: Listening for connections on port 7001
gem5 Simulator System.  https://www.gem5.org
gem5 is copyrighted software; use the --copyright option for details.

gem5 version 25.0.0.1
gem5 compiled May  5 2026 12:55:05
gem5 started Jun 12 2026 19:46:23
gem5 executing on cn27.guoehi.cluster, pid 165662
command line: /home/fdemirel/HPC_Lab_Proj/stride/../../gem5/build/ALL/gem5.opt -s --outdir=results_stride_multisim --stdout-file=quick_stride_deg32_dist16_l2_ddr4_2x_simout.txt --stderr-file=quick_stride_deg32_dist16_l2_ddr4_2x_simerr.txt --stats-file=stats.txt -c 'from multiprocessing.spawn import spawn_main; spawn_main(tracker_fd=7, pipe_handle=13)' --multiprocessing-fork

src/sim/mem_state.cc:443: info: Increasing stack size by one page.
src/sim/syscall_emul.hh:1121: warn: readlink() called on '/proc/self/exe' may yield unexpected results in various settings.
      Returning '/home/fdemirel/HPC_Lab_Proj/benchmarks/quick/quick-m5.x'
src/arch/arm/insts/pseudo.cc:174: warn: 	instruction 'bti' unimplemented
Finished BFS.
Array SIZE      : 1000000 
Array LOOP      : 1 

----triad----
a[0]=7.00e+00. b[0]=2.00e+00. c[0]=1.00e+00.
Execution time: 2.069417 (ms) 
   Rate [MB/s]: 11597.5 
Global frequency set at 1000000000000 ticks per second
src/mem/dram_interface.cc:690: warn: DRAM device capacity (16384 Mbytes) does not match the address range assigned (512 Mbytes)
src/mem/dram_interface.cc:690: warn: DRAM device capacity (16384 Mbytes) does not match the address range assigned (512 Mbytes)
src/base/statistics.hh:279: warn: One of the stats is a legacy stat. Legacy stat is a stat that does not belong to any statistics::Group. Legacy stat is deprecated.
board.remote_gdb: Listening for connections on port 7003
gem5 Simulator System.  https://www.gem5.org
gem5 is copyrighted software; use the --copyright option for details.

gem5 version 25.0.0.1
gem5 compiled May  5 2026 12:55:05
gem5 started Jun 12 2026 19:46:54
gem5 executing on cn27.guoehi.cluster, pid 165666
command line: /home/fdemirel/HPC_Lab_Proj/stride/../../gem5/build/ALL/gem5.opt -s --outdir=results_stride_multisim --stdout-file=matmult_stride_deg16_dist1_l1d_ddr4_2x_simout.txt --stderr-file=matmult_stride_deg16_dist1_l1d_ddr4_2x_simerr.txt --stats-file=stats.txt -c 'from multiprocessing.spawn import spawn_main; spawn_main(tracker_fd=7, pipe_handle=13)' --multiprocessing-fork

src/sim/mem_state.cc:443: info: Increasing stack size by one page.
src/sim/syscall_emul.hh:1121: warn: readlink() called on '/proc/self/exe' may yield unexpected results in various settings.
      Returning '/home/fdemirel/HPC_Lab_Proj/benchmarks/matmult/matmult-m5.x'
src/arch/arm/insts/pseudo.cc:174: warn: 	instruction 'bti' unimplemented
Global frequency set at 1000000000000 ticks per second
src/mem/dram_interface.cc:690: warn: DRAM device capacity (16384 Mbytes) does not match the address range assigned (1024 Mbytes)
src/base/statistics.hh:279: warn: One of the stats is a legacy stat. Legacy stat is a stat that does not belong to any statistics::Group. Legacy stat is deprecated.
board.remote_gdb: Listening for connections on port 7000
gem5 Simulator System.  https://www.gem5.org
gem5 is copyrighted software; use the --copyright option for details.

gem5 version 25.0.0.1
gem5 compiled May  5 2026 12:55:05
gem5 started Jun 12 2026 19:47:12
gem5 executing on cn27.guoehi.cluster, pid 165670
command line: /home/fdemirel/HPC_Lab_Proj/stride/../../gem5/build/ALL/gem5.opt -s --outdir=results_stride_multisim --stdout-file=quick_stride_deg32_dist4_l2_ddr4_1x_simout.txt --stderr-file=quick_stride_deg32_dist4_l2_ddr4_1x_simerr.txt --stats-file=stats.txt -c 'from multiprocessing.spawn import spawn_main; spawn_main(tracker_fd=7, pipe_handle=13)' --multiprocessing-fork

src/sim/mem_state.cc:443: info: Increasing stack size by one page.
src/sim/syscall_emul.hh:1121: warn: readlink() called on '/proc/self/exe' may yield unexpected results in various settings.
      Returning '/home/fdemirel/HPC_Lab_Proj/benchmarks/quick/quick-m5.x'
src/arch/arm/insts/pseudo.cc:174: warn: 	instruction 'bti' unimplemented
Finished BFS.
Global frequency set at 1000000000000 ticks per second
src/mem/dram_interface.cc:690: warn: DRAM device capacity (16384 Mbytes) does not match the address range assigned (1024 Mbytes)
src/base/statistics.hh:279: warn: One of the stats is a legacy stat. Legacy stat is a stat that does not belong to any statistics::Group. Legacy stat is deprecated.
board.remote_gdb: Listening for connections on port 7002
gem5 Simulator System.  https://www.gem5.org
gem5 is copyrighted software; use the --copyright option for details.

gem5 version 25.0.0.1
gem5 compiled May  5 2026 12:55:05
gem5 started Jun 12 2026 19:47:42
gem5 executing on cn27.guoehi.cluster, pid 165675
command line: /home/fdemirel/HPC_Lab_Proj/stride/../../gem5/build/ALL/gem5.opt -s --outdir=results_stride_multisim --stdout-file=merge_stride_deg32_dist1_l1d_ddr4_1x_simout.txt --stderr-file=merge_stride_deg32_dist1_l1d_ddr4_1x_simerr.txt --stats-file=stats.txt -c 'from multiprocessing.spawn import spawn_main; spawn_main(tracker_fd=7, pipe_handle=13)' --multiprocessing-fork

src/sim/mem_state.cc:443: info: Increasing stack size by one page.
src/sim/syscall_emul.hh:1121: warn: readlink() called on '/proc/self/exe' may yield unexpected results in various settings.
      Returning '/home/fdemirel/HPC_Lab_Proj/benchmarks/merge/merge-m5.x'
src/arch/arm/insts/pseudo.cc:174: warn: 	instruction 'bti' unimplemented

----MATRIX MULTIPLICATION----

----Computation starts----
Loop 0 ... 
argc = 2, A[argc][argc] = 0.500000, B[argc][argc] = 0.500000, C[argc][argc] = 0.500000 
Execution time: 1.193583 (ms) 
Global frequency set at 1000000000000 ticks per second
src/mem/dram_interface.cc:690: warn: DRAM device capacity (16384 Mbytes) does not match the address range assigned (1024 Mbytes)
src/base/statistics.hh:279: warn: One of the stats is a legacy stat. Legacy stat is a stat that does not belong to any statistics::Group. Legacy stat is deprecated.
board.remote_gdb: Listening for connections on port 7003
gem5 Simulator System.  https://www.gem5.org
gem5 is copyrighted software; use the --copyright option for details.

gem5 version 25.0.0.1
gem5 compiled May  5 2026 12:55:05
gem5 started Jun 12 2026 19:48:11
gem5 executing on cn27.guoehi.cluster, pid 165678
command line: /home/fdemirel/HPC_Lab_Proj/stride/../../gem5/build/ALL/gem5.opt -s --outdir=results_stride_multisim --stdout-file=matmult_stride_deg16_dist16_l2_ddr4_1x_simout.txt --stderr-file=matmult_stride_deg16_dist16_l2_ddr4_1x_simerr.txt --stats-file=stats.txt -c 'from multiprocessing.spawn import spawn_main; spawn_main(tracker_fd=7, pipe_handle=13)' --multiprocessing-fork

src/sim/mem_state.cc:443: info: Increasing stack size by one page.
src/sim/syscall_emul.hh:1121: warn: readlink() called on '/proc/self/exe' may yield unexpected results in various settings.
      Returning '/home/fdemirel/HPC_Lab_Proj/benchmarks/matmult/matmult-m5.x'
src/arch/arm/insts/pseudo.cc:174: warn: 	instruction 'bti' unimplemented

----MATRIX MULTIPLICATION----

----Computation starts----
Loop 0 ... 
argc = 2, A[argc][argc] = 0.500000, B[argc][argc] = 0.500000, C[argc][argc] = 0.500000 
Execution time: 1.218944 (ms) 
Global frequency set at 1000000000000 ticks per second
src/mem/dram_interface.cc:690: warn: DRAM device capacity (16384 Mbytes) does not match the address range assigned (1024 Mbytes)
src/base/statistics.hh:279: warn: One of the stats is a legacy stat. Legacy stat is a stat that does not belong to any statistics::Group. Legacy stat is deprecated.
board.remote_gdb: Listening for connections on port 7003
gem5 Simulator System.  https://www.gem5.org
gem5 is copyrighted software; use the --copyright option for details.

gem5 version 25.0.0.1
gem5 compiled May  5 2026 12:55:05
gem5 started Jun 12 2026 19:49:20
gem5 executing on cn27.guoehi.cluster, pid 165684
command line: /home/fdemirel/HPC_Lab_Proj/stride/../../gem5/build/ALL/gem5.opt -s --outdir=results_stride_multisim --stdout-file=spmv_stride_deg16_dist32_l2_ddr4_1x_simout.txt --stderr-file=spmv_stride_deg16_dist32_l2_ddr4_1x_simerr.txt --stats-file=stats.txt -c 'from multiprocessing.spawn import spawn_main; spawn_main(tracker_fd=7, pipe_handle=13)' --multiprocessing-fork

src/sim/mem_state.cc:443: info: Increasing stack size by one page.
src/sim/syscall_emul.hh:1121: warn: readlink() called on '/proc/self/exe' may yield unexpected results in various settings.
      Returning '/home/fdemirel/HPC_Lab_Proj/benchmarks/spmv/spmv-m5.x'
src/arch/arm/insts/pseudo.cc:174: warn: 	instruction 'bti' unimplemented
src/sim/mem_state.cc:443: info: Increasing stack size by one page.
src/sim/mem_state.cc:443: info: Increasing stack size by one page.
src/sim/mem_state.cc:443: info: Increasing stack size by one page.
src/sim/mem_state.cc:443: info: Increasing stack size by one page.
src/sim/mem_state.cc:443: info: Increasing stack size by one page.
src/sim/mem_state.cc:443: info: Increasing stack size by one page.
src/sim/mem_state.cc:443: info: Increasing stack size by one page.
----quick sort----
Array SIZE      : 131072 
random_elem:0, /home/fdemirel/HPC_Lab_Proj/benchmarks/quick/quick-m5.x
Execution time: 8.873285 (ms) 
Global frequency set at 1000000000000 ticks per second
src/mem/dram_interface.cc:690: warn: DRAM device capacity (16384 Mbytes) does not match the address range assigned (512 Mbytes)
src/mem/dram_interface.cc:690: warn: DRAM device capacity (16384 Mbytes) does not match the address range assigned (512 Mbytes)
src/base/statistics.hh:279: warn: One of the stats is a legacy stat. Legacy stat is a stat that does not belong to any statistics::Group. Legacy stat is deprecated.
board.remote_gdb: Listening for connections on port 7001
gem5 Simulator System.  https://www.gem5.org
gem5 is copyrighted software; use the --copyright option for details.

gem5 version 25.0.0.1
gem5 compiled May  5 2026 12:55:05
gem5 started Jun 12 2026 19:50:40
gem5 executing on cn27.guoehi.cluster, pid 165695
command line: /home/fdemirel/HPC_Lab_Proj/stride/../../gem5/build/ALL/gem5.opt -s --outdir=results_stride_multisim --stdout-file=quick_stride_deg1_dist32_l2_ddr4_2x_simout.txt --stderr-file=quick_stride_deg1_dist32_l2_ddr4_2x_simerr.txt --stats-file=stats.txt -c 'from multiprocessing.spawn import spawn_main; spawn_main(tracker_fd=7, pipe_handle=13)' --multiprocessing-fork

src/sim/mem_state.cc:443: info: Increasing stack size by one page.
src/sim/syscall_emul.hh:1121: warn: readlink() called on '/proc/self/exe' may yield unexpected results in various settings.
      Returning '/home/fdemirel/HPC_Lab_Proj/benchmarks/quick/quick-m5.x'
src/arch/arm/insts/pseudo.cc:174: warn: 	instruction 'bti' unimplemented
----quick sort----
Array SIZE      : 131072 
random_elem:0, /home/fdemirel/HPC_Lab_Proj/benchmarks/quick/quick-m5.x
Execution time: 8.707397 (ms) 
----spmv----
N_ROWS          : 8192 
N_COLS          : 65536 
NNZ             : 524155 
Execution time: 7.833774 (ms) 
Global frequency set at 1000000000000 ticks per second
src/mem/dram_interface.cc:690: warn: DRAM device capacity (16384 Mbytes) does not match the address range assigned (1024 Mbytes)
src/base/statistics.hh:279: warn: One of the stats is a legacy stat. Legacy stat is a stat that does not belong to any statistics::Group. Legacy stat is deprecated.
board.remote_gdb: Listening for connections on port 7000
gem5 Simulator System.  https://www.gem5.org
gem5 is copyrighted software; use the --copyright option for details.

gem5 version 25.0.0.1
gem5 compiled May  5 2026 12:55:05
gem5 started Jun 12 2026 19:51:23
gem5 executing on cn27.guoehi.cluster, pid 165699
command line: /home/fdemirel/HPC_Lab_Proj/stride/../../gem5/build/ALL/gem5.opt -s --outdir=results_stride_multisim --stdout-file=merge_stride_deg4_dist8_l1d_ddr4_1x_simout.txt --stderr-file=merge_stride_deg4_dist8_l1d_ddr4_1x_simerr.txt --stats-file=stats.txt -c 'from multiprocessing.spawn import spawn_main; spawn_main(tracker_fd=7, pipe_handle=13)' --multiprocessing-fork

src/sim/mem_state.cc:443: info: Increasing stack size by one page.
src/sim/syscall_emul.hh:1121: warn: readlink() called on '/proc/self/exe' may yield unexpected results in various settings.
      Returning '/home/fdemirel/HPC_Lab_Proj/benchmarks/merge/merge-m5.x'
src/arch/arm/insts/pseudo.cc:174: warn: 	instruction 'bti' unimplemented
Global frequency set at 1000000000000 ticks per second
src/mem/dram_interface.cc:690: warn: DRAM device capacity (16384 Mbytes) does not match the address range assigned (1024 Mbytes)
src/base/statistics.hh:279: warn: One of the stats is a legacy stat. Legacy stat is a stat that does not belong to any statistics::Group. Legacy stat is deprecated.
board.remote_gdb: Listening for connections on port 7003
gem5 Simulator System.  https://www.gem5.org
gem5 is copyrighted software; use the --copyright option for details.

gem5 version 25.0.0.1
gem5 compiled May  5 2026 12:55:05
gem5 started Jun 12 2026 19:51:31
gem5 executing on cn27.guoehi.cluster, pid 165700
command line: /home/fdemirel/HPC_Lab_Proj/stride/../../gem5/build/ALL/gem5.opt -s --outdir=results_stride_multisim --stdout-file=simple_triad_stride_deg1_dist32_l1d_ddr4_1x_simout.txt --stderr-file=simple_triad_stride_deg1_dist32_l1d_ddr4_1x_simerr.txt --stats-file=stats.txt -c 'from multiprocessing.spawn import spawn_main; spawn_main(tracker_fd=7, pipe_handle=13)' --multiprocessing-fork

src/sim/mem_state.cc:443: info: Increasing stack size by one page.
src/sim/syscall_emul.hh:1121: warn: readlink() called on '/proc/self/exe' may yield unexpected results in various settings.
      Returning '/home/fdemirel/HPC_Lab_Proj/benchmarks/simple_triad/simple_triad-m5.x'

----merge----
Execution time: 9.804737 (ms) 
random_elem:0, /home/fdemirel/HPC_Lab_Proj/benchmarks/merge/merge-m5.x
Global frequency set at 1000000000000 ticks per second
src/mem/dram_interface.cc:690: warn: DRAM device capacity (16384 Mbytes) does not match the address range assigned (1024 Mbytes)
src/base/statistics.hh:279: warn: One of the stats is a legacy stat. Legacy stat is a stat that does not belong to any statistics::Group. Legacy stat is deprecated.
board.remote_gdb: Listening for connections on port 7002
gem5 Simulator System.  https://www.gem5.org
gem5 is copyrighted software; use the --copyright option for details.

gem5 version 25.0.0.1
gem5 compiled May  5 2026 12:55:05
gem5 started Jun 12 2026 19:52:43
gem5 executing on cn27.guoehi.cluster, pid 165709
command line: /home/fdemirel/HPC_Lab_Proj/stride/../../gem5/build/ALL/gem5.opt -s --outdir=results_stride_multisim --stdout-file=spmv_stride_deg4_dist4_l1d_ddr4_1x_simout.txt --stderr-file=spmv_stride_deg4_dist4_l1d_ddr4_1x_simerr.txt --stats-file=stats.txt -c 'from multiprocessing.spawn import spawn_main; spawn_main(tracker_fd=7, pipe_handle=13)' --multiprocessing-fork

src/sim/mem_state.cc:443: info: Increasing stack size by one page.
src/sim/syscall_emul.hh:1121: warn: readlink() called on '/proc/self/exe' may yield unexpected results in various settings.
      Returning '/home/fdemirel/HPC_Lab_Proj/benchmarks/spmv/spmv-m5.x'
src/arch/arm/insts/pseudo.cc:174: warn: 	instruction 'bti' unimplemented
src/sim/mem_state.cc:443: info: Increasing stack size by one page.
src/sim/mem_state.cc:443: info: Increasing stack size by one page.
src/sim/mem_state.cc:443: info: Increasing stack size by one page.
src/sim/mem_state.cc:443: info: Increasing stack size by one page.
src/sim/mem_state.cc:443: info: Increasing stack size by one page.
src/sim/mem_state.cc:443: info: Increasing stack size by one page.
src/sim/mem_state.cc:443: info: Increasing stack size by one page.
Array SIZE      : 1000000 
Array LOOP      : 1 

----triad----
a[0]=7.00e+00. b[0]=2.00e+00. c[0]=1.00e+00.
Execution time: 2.757753 (ms) 
   Rate [MB/s]: 8702.7 
Global frequency set at 1000000000000 ticks per second
src/mem/dram_interface.cc:690: warn: DRAM device capacity (16384 Mbytes) does not match the address range assigned (512 Mbytes)
src/mem/dram_interface.cc:690: warn: DRAM device capacity (16384 Mbytes) does not match the address range assigned (512 Mbytes)
src/base/statistics.hh:279: warn: One of the stats is a legacy stat. Legacy stat is a stat that does not belong to any statistics::Group. Legacy stat is deprecated.
board.remote_gdb: Listening for connections on port 7003
gem5 Simulator System.  https://www.gem5.org
gem5 is copyrighted software; use the --copyright option for details.

gem5 version 25.0.0.1
gem5 compiled May  5 2026 12:55:05
gem5 started Jun 12 2026 19:53:28
gem5 executing on cn27.guoehi.cluster, pid 165712
command line: /home/fdemirel/HPC_Lab_Proj/stride/../../gem5/build/ALL/gem5.opt -s --outdir=results_stride_multisim --stdout-file=simple_triad_stride_deg4_dist16_l1d_ddr4_2x_simout.txt --stderr-file=simple_triad_stride_deg4_dist16_l1d_ddr4_2x_simerr.txt --stats-file=stats.txt -c 'from multiprocessing.spawn import spawn_main; spawn_main(tracker_fd=7, pipe_handle=13)' --multiprocessing-fork

src/sim/mem_state.cc:443: info: Increasing stack size by one page.
src/sim/syscall_emul.hh:1121: warn: readlink() called on '/proc/self/exe' may yield unexpected results in various settings.
      Returning '/home/fdemirel/HPC_Lab_Proj/benchmarks/simple_triad/simple_triad-m5.x'
----spmv----
N_ROWS          : 8192 
N_COLS          : 65536 
NNZ             : 524155 
Execution time: 7.231750 (ms) 
----quick sort----
Array SIZE      : 131072 
random_elem:0, /home/fdemirel/HPC_Lab_Proj/benchmarks/quick/quick-m5.x
Execution time: 9.145823 (ms) 
Global frequency set at 1000000000000 ticks per second
src/mem/dram_interface.cc:690: warn: DRAM device capacity (16384 Mbytes) does not match the address range assigned (512 Mbytes)
src/mem/dram_interface.cc:690: warn: DRAM device capacity (16384 Mbytes) does not match the address range assigned (512 Mbytes)
src/base/statistics.hh:279: warn: One of the stats is a legacy stat. Legacy stat is a stat that does not belong to any statistics::Group. Legacy stat is deprecated.
board.remote_gdb: Listening for connections on port 7001
gem5 Simulator System.  https://www.gem5.org
gem5 is copyrighted software; use the --copyright option for details.

gem5 version 25.0.0.1
gem5 compiled May  5 2026 12:55:05
gem5 started Jun 12 2026 19:54:48
gem5 executing on cn27.guoehi.cluster, pid 165717
command line: /home/fdemirel/HPC_Lab_Proj/stride/../../gem5/build/ALL/gem5.opt -s --outdir=results_stride_multisim --stdout-file=merge_stride_deg16_dist4_l2_ddr4_2x_simout.txt --stderr-file=merge_stride_deg16_dist4_l2_ddr4_2x_simerr.txt --stats-file=stats.txt -c 'from multiprocessing.spawn import spawn_main; spawn_main(tracker_fd=7, pipe_handle=13)' --multiprocessing-fork

src/sim/mem_state.cc:443: info: Increasing stack size by one page.
src/sim/syscall_emul.hh:1121: warn: readlink() called on '/proc/self/exe' may yield unexpected results in various settings.
      Returning '/home/fdemirel/HPC_Lab_Proj/benchmarks/merge/merge-m5.x'
src/arch/arm/insts/pseudo.cc:174: warn: 	instruction 'bti' unimplemented
Global frequency set at 1000000000000 ticks per second
src/mem/dram_interface.cc:690: warn: DRAM device capacity (16384 Mbytes) does not match the address range assigned (512 Mbytes)
src/mem/dram_interface.cc:690: warn: DRAM device capacity (16384 Mbytes) does not match the address range assigned (512 Mbytes)
src/base/statistics.hh:279: warn: One of the stats is a legacy stat. Legacy stat is a stat that does not belong to any statistics::Group. Legacy stat is deprecated.
board.remote_gdb: Listening for connections on port 7002
gem5 Simulator System.  https://www.gem5.org
gem5 is copyrighted software; use the --copyright option for details.

gem5 version 25.0.0.1
gem5 compiled May  5 2026 12:55:05
gem5 started Jun 12 2026 19:54:57
gem5 executing on cn27.guoehi.cluster, pid 165719
command line: /home/fdemirel/HPC_Lab_Proj/stride/../../gem5/build/ALL/gem5.opt -s --outdir=results_stride_multisim --stdout-file=bfs_stride_deg16_dist8_l2_ddr4_2x_simout.txt --stderr-file=bfs_stride_deg16_dist8_l2_ddr4_2x_simerr.txt --stats-file=stats.txt -c 'from multiprocessing.spawn import spawn_main; spawn_main(tracker_fd=7, pipe_handle=13)' --multiprocessing-fork

src/sim/mem_state.cc:443: info: Increasing stack size by one page.
src/sim/syscall_emul.hh:1121: warn: readlink() called on '/proc/self/exe' may yield unexpected results in various settings.
      Returning '/home/fdemirel/HPC_Lab_Proj/benchmarks/bfs/bfs-m5.x'
src/arch/arm/insts/pseudo.cc:174: warn: 	instruction 'bti' unimplemented
Array SIZE      : 1000000 
Array LOOP      : 1 

----triad----
a[0]=7.00e+00. b[0]=2.00e+00. c[0]=1.00e+00.
Execution time: 1.920644 (ms) 
   Rate [MB/s]: 12495.8 
Beginning BFS ...
Global frequency set at 1000000000000 ticks per second
src/mem/dram_interface.cc:690: warn: DRAM device capacity (16384 Mbytes) does not match the address range assigned (1024 Mbytes)
src/base/statistics.hh:279: warn: One of the stats is a legacy stat. Legacy stat is a stat that does not belong to any statistics::Group. Legacy stat is deprecated.
board.remote_gdb: Listening for connections on port 7003
gem5 Simulator System.  https://www.gem5.org
gem5 is copyrighted software; use the --copyright option for details.

gem5 version 25.0.0.1
gem5 compiled May  5 2026 12:55:05
gem5 started Jun 12 2026 19:55:18
gem5 executing on cn27.guoehi.cluster, pid 165726
command line: /home/fdemirel/HPC_Lab_Proj/stride/../../gem5/build/ALL/gem5.opt -s --outdir=results_stride_multisim --stdout-file=bfs_stride_deg4_dist32_l2_ddr4_1x_simout.txt --stderr-file=bfs_stride_deg4_dist32_l2_ddr4_1x_simerr.txt --stats-file=stats.txt -c 'from multiprocessing.spawn import spawn_main; spawn_main(tracker_fd=7, pipe_handle=13)' --multiprocessing-fork

src/sim/mem_state.cc:443: info: Increasing stack size by one page.
src/sim/syscall_emul.hh:1121: warn: readlink() called on '/proc/self/exe' may yield unexpected results in various settings.
      Returning '/home/fdemirel/HPC_Lab_Proj/benchmarks/bfs/bfs-m5.x'
src/arch/arm/insts/pseudo.cc:174: warn: 	instruction 'bti' unimplemented
Beginning BFS ...

----merge----
Execution time: 10.092752 (ms) 
random_elem:0, /home/fdemirel/HPC_Lab_Proj/benchmarks/merge/merge-m5.x
Global frequency set at 1000000000000 ticks per second
src/mem/dram_interface.cc:690: warn: DRAM device capacity (16384 Mbytes) does not match the address range assigned (512 Mbytes)
src/mem/dram_interface.cc:690: warn: DRAM device capacity (16384 Mbytes) does not match the address range assigned (512 Mbytes)
src/base/statistics.hh:279: warn: One of the stats is a legacy stat. Legacy stat is a stat that does not belong to any statistics::Group. Legacy stat is deprecated.
board.remote_gdb: Listening for connections on port 7000
gem5 Simulator System.  https://www.gem5.org
gem5 is copyrighted software; use the --copyright option for details.

gem5 version 25.0.0.1
gem5 compiled May  5 2026 12:55:05
gem5 started Jun 12 2026 19:56:29
gem5 executing on cn27.guoehi.cluster, pid 165732
command line: /home/fdemirel/HPC_Lab_Proj/stride/../../gem5/build/ALL/gem5.opt -s --outdir=results_stride_multisim --stdout-file=quick_stride_deg8_dist1_l2_ddr4_2x_simout.txt --stderr-file=quick_stride_deg8_dist1_l2_ddr4_2x_simerr.txt --stats-file=stats.txt -c 'from multiprocessing.spawn import spawn_main; spawn_main(tracker_fd=7, pipe_handle=13)' --multiprocessing-fork

src/sim/mem_state.cc:443: info: Increasing stack size by one page.
src/sim/syscall_emul.hh:1121: warn: readlink() called on '/proc/self/exe' may yield unexpected results in various settings.
      Returning '/home/fdemirel/HPC_Lab_Proj/benchmarks/quick/quick-m5.x'
src/arch/arm/insts/pseudo.cc:174: warn: 	instruction 'bti' unimplemented

----merge----
Execution time: 10.295607 (ms) 
random_elem:0, /home/fdemirel/HPC_Lab_Proj/benchmarks/merge/merge-m5.x
Global frequency set at 1000000000000 ticks per second
src/mem/dram_interface.cc:690: warn: DRAM device capacity (16384 Mbytes) does not match the address range assigned (512 Mbytes)
src/mem/dram_interface.cc:690: warn: DRAM device capacity (16384 Mbytes) does not match the address range assigned (512 Mbytes)
src/base/statistics.hh:279: warn: One of the stats is a legacy stat. Legacy stat is a stat that does not belong to any statistics::Group. Legacy stat is deprecated.
board.remote_gdb: Listening for connections on port 7001
gem5 Simulator System.  https://www.gem5.org
gem5 is copyrighted software; use the --copyright option for details.

gem5 version 25.0.0.1
gem5 compiled May  5 2026 12:55:05
gem5 started Jun 12 2026 19:59:56
gem5 executing on cn27.guoehi.cluster, pid 165742
command line: /home/fdemirel/HPC_Lab_Proj/stride/../../gem5/build/ALL/gem5.opt -s --outdir=results_stride_multisim --stdout-file=matmult_stride_deg1_dist8_l1d_ddr4_2x_simout.txt --stderr-file=matmult_stride_deg1_dist8_l1d_ddr4_2x_simerr.txt --stats-file=stats.txt -c 'from multiprocessing.spawn import spawn_main; spawn_main(tracker_fd=7, pipe_handle=13)' --multiprocessing-fork

src/sim/mem_state.cc:443: info: Increasing stack size by one page.
src/sim/syscall_emul.hh:1121: warn: readlink() called on '/proc/self/exe' may yield unexpected results in various settings.
      Returning '/home/fdemirel/HPC_Lab_Proj/benchmarks/matmult/matmult-m5.x'
src/arch/arm/insts/pseudo.cc:174: warn: 	instruction 'bti' unimplemented
----quick sort----
Array SIZE      : 131072 
random_elem:0, /home/fdemirel/HPC_Lab_Proj/benchmarks/quick/quick-m5.x
Execution time: 8.563313 (ms) 
Finished BFS.
Global frequency set at 1000000000000 ticks per second
src/mem/dram_interface.cc:690: warn: DRAM device capacity (16384 Mbytes) does not match the address range assigned (1024 Mbytes)
src/base/statistics.hh:279: warn: One of the stats is a legacy stat. Legacy stat is a stat that does not belong to any statistics::Group. Legacy stat is deprecated.
board.remote_gdb: Listening for connections on port 7000
gem5 Simulator System.  https://www.gem5.org
gem5 is copyrighted software; use the --copyright option for details.

gem5 version 25.0.0.1
gem5 compiled May  5 2026 12:55:05
gem5 started Jun 12 2026 20:00:44
gem5 executing on cn27.guoehi.cluster, pid 165750
command line: /home/fdemirel/HPC_Lab_Proj/stride/../../gem5/build/ALL/gem5.opt -s --outdir=results_stride_multisim --stdout-file=simple_triad_stride_deg16_dist4_l1d_ddr4_1x_simout.txt --stderr-file=simple_triad_stride_deg16_dist4_l1d_ddr4_1x_simerr.txt --stats-file=stats.txt -c 'from multiprocessing.spawn import spawn_main; spawn_main(tracker_fd=7, pipe_handle=13)' --multiprocessing-fork

src/sim/mem_state.cc:443: info: Increasing stack size by one page.
src/sim/syscall_emul.hh:1121: warn: readlink() called on '/proc/self/exe' may yield unexpected results in various settings.
      Returning '/home/fdemirel/HPC_Lab_Proj/benchmarks/simple_triad/simple_triad-m5.x'

----MATRIX MULTIPLICATION----

----Computation starts----
Loop 0 ... 
argc = 2, A[argc][argc] = 0.500000, B[argc][argc] = 0.500000, C[argc][argc] = 0.500000 
Execution time: 1.212872 (ms) 
Finished BFS.
Global frequency set at 1000000000000 ticks per second
src/mem/dram_interface.cc:690: warn: DRAM device capacity (16384 Mbytes) does not match the address range assigned (1024 Mbytes)
src/base/statistics.hh:279: warn: One of the stats is a legacy stat. Legacy stat is a stat that does not belong to any statistics::Group. Legacy stat is deprecated.
board.remote_gdb: Listening for connections on port 7001
gem5 Simulator System.  https://www.gem5.org
gem5 is copyrighted software; use the --copyright option for details.

gem5 version 25.0.0.1
gem5 compiled May  5 2026 12:55:05
gem5 started Jun 12 2026 20:00:58
gem5 executing on cn27.guoehi.cluster, pid 165751
command line: /home/fdemirel/HPC_Lab_Proj/stride/../../gem5/build/ALL/gem5.opt -s --outdir=results_stride_multisim --stdout-file=spmv_stride_deg16_dist16_l1d_ddr4_1x_simout.txt --stderr-file=spmv_stride_deg16_dist16_l1d_ddr4_1x_simerr.txt --stats-file=stats.txt -c 'from multiprocessing.spawn import spawn_main; spawn_main(tracker_fd=7, pipe_handle=13)' --multiprocessing-fork

src/sim/mem_state.cc:443: info: Increasing stack size by one page.
src/sim/syscall_emul.hh:1121: warn: readlink() called on '/proc/self/exe' may yield unexpected results in various settings.
      Returning '/home/fdemirel/HPC_Lab_Proj/benchmarks/spmv/spmv-m5.x'
src/arch/arm/insts/pseudo.cc:174: warn: 	instruction 'bti' unimplemented
src/sim/mem_state.cc:443: info: Increasing stack size by one page.
src/sim/mem_state.cc:443: info: Increasing stack size by one page.
src/sim/mem_state.cc:443: info: Increasing stack size by one page.
src/sim/mem_state.cc:443: info: Increasing stack size by one page.
src/sim/mem_state.cc:443: info: Increasing stack size by one page.
src/sim/mem_state.cc:443: info: Increasing stack size by one page.
src/sim/mem_state.cc:443: info: Increasing stack size by one page.
Global frequency set at 1000000000000 ticks per second
src/mem/dram_interface.cc:690: warn: DRAM device capacity (16384 Mbytes) does not match the address range assigned (512 Mbytes)
src/mem/dram_interface.cc:690: warn: DRAM device capacity (16384 Mbytes) does not match the address range assigned (512 Mbytes)
src/base/statistics.hh:279: warn: One of the stats is a legacy stat. Legacy stat is a stat that does not belong to any statistics::Group. Legacy stat is deprecated.
board.remote_gdb: Listening for connections on port 7002
gem5 Simulator System.  https://www.gem5.org
gem5 is copyrighted software; use the --copyright option for details.

gem5 version 25.0.0.1
gem5 compiled May  5 2026 12:55:05
gem5 started Jun 12 2026 20:01:09
gem5 executing on cn27.guoehi.cluster, pid 165755
command line: /home/fdemirel/HPC_Lab_Proj/stride/../../gem5/build/ALL/gem5.opt -s --outdir=results_stride_multisim --stdout-file=matmult_stride_deg32_dist4_l2_ddr4_2x_simout.txt --stderr-file=matmult_stride_deg32_dist4_l2_ddr4_2x_simerr.txt --stats-file=stats.txt -c 'from multiprocessing.spawn import spawn_main; spawn_main(tracker_fd=7, pipe_handle=13)' --multiprocessing-fork

src/sim/mem_state.cc:443: info: Increasing stack size by one page.
src/sim/syscall_emul.hh:1121: warn: readlink() called on '/proc/self/exe' may yield unexpected results in various settings.
      Returning '/home/fdemirel/HPC_Lab_Proj/benchmarks/matmult/matmult-m5.x'
src/arch/arm/insts/pseudo.cc:174: warn: 	instruction 'bti' unimplemented
Global frequency set at 1000000000000 ticks per second
src/mem/dram_interface.cc:690: warn: DRAM device capacity (16384 Mbytes) does not match the address range assigned (512 Mbytes)
src/mem/dram_interface.cc:690: warn: DRAM device capacity (16384 Mbytes) does not match the address range assigned (512 Mbytes)
src/base/statistics.hh:279: warn: One of the stats is a legacy stat. Legacy stat is a stat that does not belong to any statistics::Group. Legacy stat is deprecated.
board.remote_gdb: Listening for connections on port 7003
gem5 Simulator System.  https://www.gem5.org
gem5 is copyrighted software; use the --copyright option for details.

gem5 version 25.0.0.1
gem5 compiled May  5 2026 12:55:05
gem5 started Jun 12 2026 20:01:17
gem5 executing on cn27.guoehi.cluster, pid 165758
command line: /home/fdemirel/HPC_Lab_Proj/stride/../../gem5/build/ALL/gem5.opt -s --outdir=results_stride_multisim --stdout-file=bfs_stride_deg1_dist32_l1d_ddr4_2x_simout.txt --stderr-file=bfs_stride_deg1_dist32_l1d_ddr4_2x_simerr.txt --stats-file=stats.txt -c 'from multiprocessing.spawn import spawn_main; spawn_main(tracker_fd=7, pipe_handle=13)' --multiprocessing-fork

src/sim/mem_state.cc:443: info: Increasing stack size by one page.
src/sim/syscall_emul.hh:1121: warn: readlink() called on '/proc/self/exe' may yield unexpected results in various settings.
      Returning '/home/fdemirel/HPC_Lab_Proj/benchmarks/bfs/bfs-m5.x'
src/arch/arm/insts/pseudo.cc:174: warn: 	instruction 'bti' unimplemented
Beginning BFS ...

----MATRIX MULTIPLICATION----

----Computation starts----
Loop 0 ... 
argc = 2, A[argc][argc] = 0.500000, B[argc][argc] = 0.500000, C[argc][argc] = 0.500000 
Execution time: 1.192365 (ms) 
Global frequency set at 1000000000000 ticks per second
src/mem/dram_interface.cc:690: warn: DRAM device capacity (16384 Mbytes) does not match the address range assigned (512 Mbytes)
src/mem/dram_interface.cc:690: warn: DRAM device capacity (16384 Mbytes) does not match the address range assigned (512 Mbytes)
src/base/statistics.hh:279: warn: One of the stats is a legacy stat. Legacy stat is a stat that does not belong to any statistics::Group. Legacy stat is deprecated.
board.remote_gdb: Listening for connections on port 7002
gem5 Simulator System.  https://www.gem5.org
gem5 is copyrighted software; use the --copyright option for details.

gem5 version 25.0.0.1
gem5 compiled May  5 2026 12:55:05
gem5 started Jun 12 2026 20:02:21
gem5 executing on cn27.guoehi.cluster, pid 165766
command line: /home/fdemirel/HPC_Lab_Proj/stride/../../gem5/build/ALL/gem5.opt -s --outdir=results_stride_multisim --stdout-file=simple_triad_stride_deg8_dist32_l1d_ddr4_2x_simout.txt --stderr-file=simple_triad_stride_deg8_dist32_l1d_ddr4_2x_simerr.txt --stats-file=stats.txt -c 'from multiprocessing.spawn import spawn_main; spawn_main(tracker_fd=7, pipe_handle=13)' --multiprocessing-fork

src/sim/mem_state.cc:443: info: Increasing stack size by one page.
src/sim/syscall_emul.hh:1121: warn: readlink() called on '/proc/self/exe' may yield unexpected results in various settings.
      Returning '/home/fdemirel/HPC_Lab_Proj/benchmarks/simple_triad/simple_triad-m5.x'
Array SIZE      : 1000000 
Array LOOP      : 1 

----triad----
a[0]=7.00e+00. b[0]=2.00e+00. c[0]=1.00e+00.
Execution time: 2.870149 (ms) 
   Rate [MB/s]: 8361.9 
Global frequency set at 1000000000000 ticks per second
src/mem/dram_interface.cc:690: warn: DRAM device capacity (16384 Mbytes) does not match the address range assigned (512 Mbytes)
src/mem/dram_interface.cc:690: warn: DRAM device capacity (16384 Mbytes) does not match the address range assigned (512 Mbytes)
src/base/statistics.hh:279: warn: One of the stats is a legacy stat. Legacy stat is a stat that does not belong to any statistics::Group. Legacy stat is deprecated.
board.remote_gdb: Listening for connections on port 7000
gem5 Simulator System.  https://www.gem5.org
gem5 is copyrighted software; use the --copyright option for details.

gem5 version 25.0.0.1
gem5 compiled May  5 2026 12:55:05
gem5 started Jun 12 2026 20:02:44
gem5 executing on cn27.guoehi.cluster, pid 165770
command line: /home/fdemirel/HPC_Lab_Proj/stride/../../gem5/build/ALL/gem5.opt -s --outdir=results_stride_multisim --stdout-file=merge_stride_deg32_dist8_l2_ddr4_2x_simout.txt --stderr-file=merge_stride_deg32_dist8_l2_ddr4_2x_simerr.txt --stats-file=stats.txt -c 'from multiprocessing.spawn import spawn_main; spawn_main(tracker_fd=7, pipe_handle=13)' --multiprocessing-fork

src/sim/mem_state.cc:443: info: Increasing stack size by one page.
src/sim/syscall_emul.hh:1121: warn: readlink() called on '/proc/self/exe' may yield unexpected results in various settings.
      Returning '/home/fdemirel/HPC_Lab_Proj/benchmarks/merge/merge-m5.x'
src/arch/arm/insts/pseudo.cc:174: warn: 	instruction 'bti' unimplemented
----spmv----
N_ROWS          : 8192 
N_COLS          : 65536 
NNZ             : 524155 
Execution time: 7.060380 (ms) 
Global frequency set at 1000000000000 ticks per second
src/mem/dram_interface.cc:690: warn: DRAM device capacity (16384 Mbytes) does not match the address range assigned (1024 Mbytes)
src/base/statistics.hh:279: warn: One of the stats is a legacy stat. Legacy stat is a stat that does not belong to any statistics::Group. Legacy stat is deprecated.
board.remote_gdb: Listening for connections on port 7001
gem5 Simulator System.  https://www.gem5.org
gem5 is copyrighted software; use the --copyright option for details.

gem5 version 25.0.0.1
gem5 compiled May  5 2026 12:55:05
gem5 started Jun 12 2026 20:03:12
gem5 executing on cn27.guoehi.cluster, pid 165773
command line: /home/fdemirel/HPC_Lab_Proj/stride/../../gem5/build/ALL/gem5.opt -s --outdir=results_stride_multisim --stdout-file=merge_stride_deg16_dist32_l1d_ddr4_1x_simout.txt --stderr-file=merge_stride_deg16_dist32_l1d_ddr4_1x_simerr.txt --stats-file=stats.txt -c 'from multiprocessing.spawn import spawn_main; spawn_main(tracker_fd=7, pipe_handle=13)' --multiprocessing-fork

src/sim/mem_state.cc:443: info: Increasing stack size by one page.
src/sim/syscall_emul.hh:1121: warn: readlink() called on '/proc/self/exe' may yield unexpected results in various settings.
      Returning '/home/fdemirel/HPC_Lab_Proj/benchmarks/merge/merge-m5.x'
src/arch/arm/insts/pseudo.cc:174: warn: 	instruction 'bti' unimplemented
Array SIZE      : 1000000 
Array LOOP      : 1 

----triad----
a[0]=7.00e+00. b[0]=2.00e+00. c[0]=1.00e+00.
Execution time: 2.160003 (ms) 
   Rate [MB/s]: 11111.1 
Global frequency set at 1000000000000 ticks per second
src/mem/dram_interface.cc:690: warn: DRAM device capacity (16384 Mbytes) does not match the address range assigned (1024 Mbytes)
src/base/statistics.hh:279: warn: One of the stats is a legacy stat. Legacy stat is a stat that does not belong to any statistics::Group. Legacy stat is deprecated.
board.remote_gdb: Listening for connections on port 7002
gem5 Simulator System.  https://www.gem5.org
gem5 is copyrighted software; use the --copyright option for details.

gem5 version 25.0.0.1
gem5 compiled May  5 2026 12:55:05
gem5 started Jun 12 2026 20:04:09
gem5 executing on cn27.guoehi.cluster, pid 165779
command line: /home/fdemirel/HPC_Lab_Proj/stride/../../gem5/build/ALL/gem5.opt -s --outdir=results_stride_multisim --stdout-file=matmult_stride_deg16_dist8_l2_ddr4_1x_simout.txt --stderr-file=matmult_stride_deg16_dist8_l2_ddr4_1x_simerr.txt --stats-file=stats.txt -c 'from multiprocessing.spawn import spawn_main; spawn_main(tracker_fd=7, pipe_handle=13)' --multiprocessing-fork

src/sim/mem_state.cc:443: info: Increasing stack size by one page.
src/sim/syscall_emul.hh:1121: warn: readlink() called on '/proc/self/exe' may yield unexpected results in various settings.
      Returning '/home/fdemirel/HPC_Lab_Proj/benchmarks/matmult/matmult-m5.x'
src/arch/arm/insts/pseudo.cc:174: warn: 	instruction 'bti' unimplemented

----MATRIX MULTIPLICATION----

----Computation starts----
Loop 0 ... 
argc = 2, A[argc][argc] = 0.500000, B[argc][argc] = 0.500000, C[argc][argc] = 0.500000 
Execution time: 1.203887 (ms) 
Global frequency set at 1000000000000 ticks per second
src/mem/dram_interface.cc:690: warn: DRAM device capacity (16384 Mbytes) does not match the address range assigned (1024 Mbytes)
src/base/statistics.hh:279: warn: One of the stats is a legacy stat. Legacy stat is a stat that does not belong to any statistics::Group. Legacy stat is deprecated.
board.remote_gdb: Listening for connections on port 7002
gem5 Simulator System.  https://www.gem5.org
gem5 is copyrighted software; use the --copyright option for details.

gem5 version 25.0.0.1
gem5 compiled May  5 2026 12:55:05
gem5 started Jun 12 2026 20:05:19
gem5 executing on cn27.guoehi.cluster, pid 165784
command line: /home/fdemirel/HPC_Lab_Proj/stride/../../gem5/build/ALL/gem5.opt -s --outdir=results_stride_multisim --stdout-file=spmv_stride_deg16_dist16_l2_ddr4_1x_simout.txt --stderr-file=spmv_stride_deg16_dist16_l2_ddr4_1x_simerr.txt --stats-file=stats.txt -c 'from multiprocessing.spawn import spawn_main; spawn_main(tracker_fd=7, pipe_handle=13)' --multiprocessing-fork

src/sim/mem_state.cc:443: info: Increasing stack size by one page.
src/sim/syscall_emul.hh:1121: warn: readlink() called on '/proc/self/exe' may yield unexpected results in various settings.
      Returning '/home/fdemirel/HPC_Lab_Proj/benchmarks/spmv/spmv-m5.x'
src/arch/arm/insts/pseudo.cc:174: warn: 	instruction 'bti' unimplemented
src/sim/mem_state.cc:443: info: Increasing stack size by one page.
src/sim/mem_state.cc:443: info: Increasing stack size by one page.
src/sim/mem_state.cc:443: info: Increasing stack size by one page.
src/sim/mem_state.cc:443: info: Increasing stack size by one page.
src/sim/mem_state.cc:443: info: Increasing stack size by one page.
src/sim/mem_state.cc:443: info: Increasing stack size by one page.
src/sim/mem_state.cc:443: info: Increasing stack size by one page.
Finished BFS.
----spmv----
N_ROWS          : 8192 
N_COLS          : 65536 
NNZ             : 524155 
Execution time: 7.208057 (ms) 
Global frequency set at 1000000000000 ticks per second
src/mem/dram_interface.cc:690: warn: DRAM device capacity (16384 Mbytes) does not match the address range assigned (512 Mbytes)
src/mem/dram_interface.cc:690: warn: DRAM device capacity (16384 Mbytes) does not match the address range assigned (512 Mbytes)
src/base/statistics.hh:279: warn: One of the stats is a legacy stat. Legacy stat is a stat that does not belong to any statistics::Group. Legacy stat is deprecated.
board.remote_gdb: Listening for connections on port 7002
gem5 Simulator System.  https://www.gem5.org
gem5 is copyrighted software; use the --copyright option for details.

gem5 version 25.0.0.1
gem5 compiled May  5 2026 12:55:05
gem5 started Jun 12 2026 20:07:16
gem5 executing on cn27.guoehi.cluster, pid 165794
command line: /home/fdemirel/HPC_Lab_Proj/stride/../../gem5/build/ALL/gem5.opt -s --outdir=results_stride_multisim --stdout-file=matmult_stride_deg1_dist8_l2_ddr4_2x_simout.txt --stderr-file=matmult_stride_deg1_dist8_l2_ddr4_2x_simerr.txt --stats-file=stats.txt -c 'from multiprocessing.spawn import spawn_main; spawn_main(tracker_fd=7, pipe_handle=13)' --multiprocessing-fork

src/sim/mem_state.cc:443: info: Increasing stack size by one page.
src/sim/syscall_emul.hh:1121: warn: readlink() called on '/proc/self/exe' may yield unexpected results in various settings.
      Returning '/home/fdemirel/HPC_Lab_Proj/benchmarks/matmult/matmult-m5.x'
src/arch/arm/insts/pseudo.cc:174: warn: 	instruction 'bti' unimplemented
Global frequency set at 1000000000000 ticks per second
src/mem/dram_interface.cc:690: warn: DRAM device capacity (16384 Mbytes) does not match the address range assigned (1024 Mbytes)
src/base/statistics.hh:279: warn: One of the stats is a legacy stat. Legacy stat is a stat that does not belong to any statistics::Group. Legacy stat is deprecated.
board.remote_gdb: Listening for connections on port 7003

----merge----
Execution time: 10.305686 (ms) 
random_elem:0, /home/fdemirel/HPC_Lab_Proj/benchmarks/merge/merge-m5.x
gem5 Simulator System.  https://www.gem5.org
gem5 is copyrighted software; use the --copyright option for details.

gem5 version 25.0.0.1
gem5 compiled May  5 2026 12:55:05
gem5 started Jun 12 2026 20:07:25
gem5 executing on cn27.guoehi.cluster, pid 165795
command line: /home/fdemirel/HPC_Lab_Proj/stride/../../gem5/build/ALL/gem5.opt -s --outdir=results_stride_multisim --stdout-file=bfs_stride_deg32_dist4_l2_ddr4_1x_simout.txt --stderr-file=bfs_stride_deg32_dist4_l2_ddr4_1x_simerr.txt --stats-file=stats.txt -c 'from multiprocessing.spawn import spawn_main; spawn_main(tracker_fd=7, pipe_handle=13)' --multiprocessing-fork

src/sim/mem_state.cc:443: info: Increasing stack size by one page.
src/sim/syscall_emul.hh:1121: warn: readlink() called on '/proc/self/exe' may yield unexpected results in various settings.
      Returning '/home/fdemirel/HPC_Lab_Proj/benchmarks/bfs/bfs-m5.x'
src/arch/arm/insts/pseudo.cc:174: warn: 	instruction 'bti' unimplemented
Beginning BFS ...
Global frequency set at 1000000000000 ticks per second
src/mem/dram_interface.cc:690: warn: DRAM device capacity (16384 Mbytes) does not match the address range assigned (1024 Mbytes)
src/base/statistics.hh:279: warn: One of the stats is a legacy stat. Legacy stat is a stat that does not belong to any statistics::Group. Legacy stat is deprecated.
board.remote_gdb: Listening for connections on port 7000
gem5 Simulator System.  https://www.gem5.org
gem5 is copyrighted software; use the --copyright option for details.

gem5 version 25.0.0.1
gem5 compiled May  5 2026 12:55:05
gem5 started Jun 12 2026 20:07:45
gem5 executing on cn27.guoehi.cluster, pid 165801
command line: /home/fdemirel/HPC_Lab_Proj/stride/../../gem5/build/ALL/gem5.opt -s --outdir=results_stride_multisim --stdout-file=quick_stride_deg4_dist8_l1d_ddr4_1x_simout.txt --stderr-file=quick_stride_deg4_dist8_l1d_ddr4_1x_simerr.txt --stats-file=stats.txt -c 'from multiprocessing.spawn import spawn_main; spawn_main(tracker_fd=7, pipe_handle=13)' --multiprocessing-fork

src/sim/mem_state.cc:443: info: Increasing stack size by one page.
src/sim/syscall_emul.hh:1121: warn: readlink() called on '/proc/self/exe' may yield unexpected results in various settings.
      Returning '/home/fdemirel/HPC_Lab_Proj/benchmarks/quick/quick-m5.x'
src/arch/arm/insts/pseudo.cc:174: warn: 	instruction 'bti' unimplemented

----merge----
Execution time: 10.719896 (ms) 
random_elem:0, /home/fdemirel/HPC_Lab_Proj/benchmarks/merge/merge-m5.x

----MATRIX MULTIPLICATION----

----Computation starts----
Loop 0 ... 
argc = 2, A[argc][argc] = 0.500000, B[argc][argc] = 0.500000, C[argc][argc] = 0.500000 
Execution time: 1.210377 (ms) 
Global frequency set at 1000000000000 ticks per second
src/mem/dram_interface.cc:690: warn: DRAM device capacity (16384 Mbytes) does not match the address range assigned (1024 Mbytes)
src/base/statistics.hh:279: warn: One of the stats is a legacy stat. Legacy stat is a stat that does not belong to any statistics::Group. Legacy stat is deprecated.
board.remote_gdb: Listening for connections on port 7001
gem5 Simulator System.  https://www.gem5.org
gem5 is copyrighted software; use the --copyright option for details.

gem5 version 25.0.0.1
gem5 compiled May  5 2026 12:55:05
gem5 started Jun 12 2026 20:08:22
gem5 executing on cn27.guoehi.cluster, pid 165804
command line: /home/fdemirel/HPC_Lab_Proj/stride/../../gem5/build/ALL/gem5.opt -s --outdir=results_stride_multisim --stdout-file=merge_stride_deg4_dist4_l1d_ddr4_1x_simout.txt --stderr-file=merge_stride_deg4_dist4_l1d_ddr4_1x_simerr.txt --stats-file=stats.txt -c 'from multiprocessing.spawn import spawn_main; spawn_main(tracker_fd=7, pipe_handle=13)' --multiprocessing-fork

src/sim/mem_state.cc:443: info: Increasing stack size by one page.
src/sim/syscall_emul.hh:1121: warn: readlink() called on '/proc/self/exe' may yield unexpected results in various settings.
      Returning '/home/fdemirel/HPC_Lab_Proj/benchmarks/merge/merge-m5.x'
src/arch/arm/insts/pseudo.cc:174: warn: 	instruction 'bti' unimplemented
Global frequency set at 1000000000000 ticks per second
src/mem/dram_interface.cc:690: warn: DRAM device capacity (16384 Mbytes) does not match the address range assigned (1024 Mbytes)
src/base/statistics.hh:279: warn: One of the stats is a legacy stat. Legacy stat is a stat that does not belong to any statistics::Group. Legacy stat is deprecated.
board.remote_gdb: Listening for connections on port 7002
gem5 Simulator System.  https://www.gem5.org
gem5 is copyrighted software; use the --copyright option for details.

gem5 version 25.0.0.1
gem5 compiled May  5 2026 12:55:05
gem5 started Jun 12 2026 20:08:26
gem5 executing on cn27.guoehi.cluster, pid 165805
command line: /home/fdemirel/HPC_Lab_Proj/stride/../../gem5/build/ALL/gem5.opt -s --outdir=results_stride_multisim --stdout-file=matmult_stride_deg1_dist32_l2_ddr4_1x_simout.txt --stderr-file=matmult_stride_deg1_dist32_l2_ddr4_1x_simerr.txt --stats-file=stats.txt -c 'from multiprocessing.spawn import spawn_main; spawn_main(tracker_fd=7, pipe_handle=13)' --multiprocessing-fork

src/sim/mem_state.cc:443: info: Increasing stack size by one page.
src/sim/syscall_emul.hh:1121: warn: readlink() called on '/proc/self/exe' may yield unexpected results in various settings.
      Returning '/home/fdemirel/HPC_Lab_Proj/benchmarks/matmult/matmult-m5.x'
src/arch/arm/insts/pseudo.cc:174: warn: 	instruction 'bti' unimplemented

----MATRIX MULTIPLICATION----

----Computation starts----
Loop 0 ... 
argc = 2, A[argc][argc] = 0.500000, B[argc][argc] = 0.500000, C[argc][argc] = 0.500000 
Execution time: 1.242050 (ms) 
Global frequency set at 1000000000000 ticks per second
src/mem/dram_interface.cc:690: warn: DRAM device capacity (16384 Mbytes) does not match the address range assigned (1024 Mbytes)
src/base/statistics.hh:279: warn: One of the stats is a legacy stat. Legacy stat is a stat that does not belong to any statistics::Group. Legacy stat is deprecated.
board.remote_gdb: Listening for connections on port 7002
gem5 Simulator System.  https://www.gem5.org
gem5 is copyrighted software; use the --copyright option for details.

gem5 version 25.0.0.1
gem5 compiled May  5 2026 12:55:05
gem5 started Jun 12 2026 20:09:36
gem5 executing on cn27.guoehi.cluster, pid 165813
command line: /home/fdemirel/HPC_Lab_Proj/stride/../../gem5/build/ALL/gem5.opt -s --outdir=results_stride_multisim --stdout-file=bfs_stride_deg4_dist16_l1d_ddr4_1x_simout.txt --stderr-file=bfs_stride_deg4_dist16_l1d_ddr4_1x_simerr.txt --stats-file=stats.txt -c 'from multiprocessing.spawn import spawn_main; spawn_main(tracker_fd=7, pipe_handle=13)' --multiprocessing-fork

src/sim/mem_state.cc:443: info: Increasing stack size by one page.
src/sim/syscall_emul.hh:1121: warn: readlink() called on '/proc/self/exe' may yield unexpected results in various settings.
      Returning '/home/fdemirel/HPC_Lab_Proj/benchmarks/bfs/bfs-m5.x'
src/arch/arm/insts/pseudo.cc:174: warn: 	instruction 'bti' unimplemented
Beginning BFS ...
----quick sort----
Array SIZE      : 131072 
random_elem:0, /home/fdemirel/HPC_Lab_Proj/benchmarks/quick/quick-m5.x
Execution time: 8.431487 (ms) 
Global frequency set at 1000000000000 ticks per second
src/mem/dram_interface.cc:690: warn: DRAM device capacity (16384 Mbytes) does not match the address range assigned (1024 Mbytes)
src/base/statistics.hh:279: warn: One of the stats is a legacy stat. Legacy stat is a stat that does not belong to any statistics::Group. Legacy stat is deprecated.
board.remote_gdb: Listening for connections on port 7000
gem5 Simulator System.  https://www.gem5.org
gem5 is copyrighted software; use the --copyright option for details.

gem5 version 25.0.0.1
gem5 compiled May  5 2026 12:55:05
gem5 started Jun 12 2026 20:11:45
gem5 executing on cn27.guoehi.cluster, pid 165825
command line: /home/fdemirel/HPC_Lab_Proj/stride/../../gem5/build/ALL/gem5.opt -s --outdir=results_stride_multisim --stdout-file=spmv_stride_deg4_dist1_l1d_ddr4_1x_simout.txt --stderr-file=spmv_stride_deg4_dist1_l1d_ddr4_1x_simerr.txt --stats-file=stats.txt -c 'from multiprocessing.spawn import spawn_main; spawn_main(tracker_fd=7, pipe_handle=13)' --multiprocessing-fork

src/sim/mem_state.cc:443: info: Increasing stack size by one page.
src/sim/syscall_emul.hh:1121: warn: readlink() called on '/proc/self/exe' may yield unexpected results in various settings.
      Returning '/home/fdemirel/HPC_Lab_Proj/benchmarks/spmv/spmv-m5.x'
src/arch/arm/insts/pseudo.cc:174: warn: 	instruction 'bti' unimplemented
src/sim/mem_state.cc:443: info: Increasing stack size by one page.
src/sim/mem_state.cc:443: info: Increasing stack size by one page.
src/sim/mem_state.cc:443: info: Increasing stack size by one page.
src/sim/mem_state.cc:443: info: Increasing stack size by one page.
src/sim/mem_state.cc:443: info: Increasing stack size by one page.
src/sim/mem_state.cc:443: info: Increasing stack size by one page.
src/sim/mem_state.cc:443: info: Increasing stack size by one page.

----merge----
Execution time: 9.971711 (ms) 
random_elem:0, /home/fdemirel/HPC_Lab_Proj/benchmarks/merge/merge-m5.x
Finished BFS.
Global frequency set at 1000000000000 ticks per second
src/mem/dram_interface.cc:690: warn: DRAM device capacity (16384 Mbytes) does not match the address range assigned (512 Mbytes)
src/mem/dram_interface.cc:690: warn: DRAM device capacity (16384 Mbytes) does not match the address range assigned (512 Mbytes)
src/base/statistics.hh:279: warn: One of the stats is a legacy stat. Legacy stat is a stat that does not belong to any statistics::Group. Legacy stat is deprecated.
board.remote_gdb: Listening for connections on port 7001
gem5 Simulator System.  https://www.gem5.org
gem5 is copyrighted software; use the --copyright option for details.

gem5 version 25.0.0.1
gem5 compiled May  5 2026 12:55:05
gem5 started Jun 12 2026 20:13:23
gem5 executing on cn27.guoehi.cluster, pid 165830
command line: /home/fdemirel/HPC_Lab_Proj/stride/../../gem5/build/ALL/gem5.opt -s --outdir=results_stride_multisim --stdout-file=bfs_stride_deg1_dist32_l2_ddr4_2x_simout.txt --stderr-file=bfs_stride_deg1_dist32_l2_ddr4_2x_simerr.txt --stats-file=stats.txt -c 'from multiprocessing.spawn import spawn_main; spawn_main(tracker_fd=7, pipe_handle=13)' --multiprocessing-fork

src/sim/mem_state.cc:443: info: Increasing stack size by one page.
src/sim/syscall_emul.hh:1121: warn: readlink() called on '/proc/self/exe' may yield unexpected results in various settings.
      Returning '/home/fdemirel/HPC_Lab_Proj/benchmarks/bfs/bfs-m5.x'
src/arch/arm/insts/pseudo.cc:174: warn: 	instruction 'bti' unimplemented
Beginning BFS ...
----spmv----
N_ROWS          : 8192 
N_COLS          : 65536 
NNZ             : 524155 
Execution time: 7.254488 (ms) 
Global frequency set at 1000000000000 ticks per second
src/mem/dram_interface.cc:690: warn: DRAM device capacity (16384 Mbytes) does not match the address range assigned (512 Mbytes)
src/mem/dram_interface.cc:690: warn: DRAM device capacity (16384 Mbytes) does not match the address range assigned (512 Mbytes)
src/base/statistics.hh:279: warn: One of the stats is a legacy stat. Legacy stat is a stat that does not belong to any statistics::Group. Legacy stat is deprecated.
board.remote_gdb: Listening for connections on port 7000
gem5 Simulator System.  https://www.gem5.org
gem5 is copyrighted software; use the --copyright option for details.

gem5 version 25.0.0.1
gem5 compiled May  5 2026 12:55:05
gem5 started Jun 12 2026 20:13:31
gem5 executing on cn27.guoehi.cluster, pid 165831
command line: /home/fdemirel/HPC_Lab_Proj/stride/../../gem5/build/ALL/gem5.opt -s --outdir=results_stride_multisim --stdout-file=spmv_stride_deg16_dist1_l2_ddr4_2x_simout.txt --stderr-file=spmv_stride_deg16_dist1_l2_ddr4_2x_simerr.txt --stats-file=stats.txt -c 'from multiprocessing.spawn import spawn_main; spawn_main(tracker_fd=7, pipe_handle=13)' --multiprocessing-fork

src/sim/mem_state.cc:443: info: Increasing stack size by one page.
src/sim/syscall_emul.hh:1121: warn: readlink() called on '/proc/self/exe' may yield unexpected results in various settings.
      Returning '/home/fdemirel/HPC_Lab_Proj/benchmarks/spmv/spmv-m5.x'
src/arch/arm/insts/pseudo.cc:174: warn: 	instruction 'bti' unimplemented
src/sim/mem_state.cc:443: info: Increasing stack size by one page.
src/sim/mem_state.cc:443: info: Increasing stack size by one page.
src/sim/mem_state.cc:443: info: Increasing stack size by one page.
src/sim/mem_state.cc:443: info: Increasing stack size by one page.
src/sim/mem_state.cc:443: info: Increasing stack size by one page.
src/sim/mem_state.cc:443: info: Increasing stack size by one page.
src/sim/mem_state.cc:443: info: Increasing stack size by one page.
Global frequency set at 1000000000000 ticks per second
src/mem/dram_interface.cc:690: warn: DRAM device capacity (16384 Mbytes) does not match the address range assigned (1024 Mbytes)
src/base/statistics.hh:279: warn: One of the stats is a legacy stat. Legacy stat is a stat that does not belong to any statistics::Group. Legacy stat is deprecated.
board.remote_gdb: Listening for connections on port 7003
gem5 Simulator System.  https://www.gem5.org
gem5 is copyrighted software; use the --copyright option for details.

gem5 version 25.0.0.1
gem5 compiled May  5 2026 12:55:05
gem5 started Jun 12 2026 20:13:47
gem5 executing on cn27.guoehi.cluster, pid 165835
command line: /home/fdemirel/HPC_Lab_Proj/stride/../../gem5/build/ALL/gem5.opt -s --outdir=results_stride_multisim --stdout-file=simple_triad_stride_deg1_dist16_l2_ddr4_1x_simout.txt --stderr-file=simple_triad_stride_deg1_dist16_l2_ddr4_1x_simerr.txt --stats-file=stats.txt -c 'from multiprocessing.spawn import spawn_main; spawn_main(tracker_fd=7, pipe_handle=13)' --multiprocessing-fork

src/sim/mem_state.cc:443: info: Increasing stack size by one page.
src/sim/syscall_emul.hh:1121: warn: readlink() called on '/proc/self/exe' may yield unexpected results in various settings.
      Returning '/home/fdemirel/HPC_Lab_Proj/benchmarks/simple_triad/simple_triad-m5.x'
----spmv----
N_ROWS          : 8192 
N_COLS          : 65536 
NNZ             : 524155 
Execution time: 6.552998 (ms) 
Array SIZE      : 1000000 
Array LOOP      : 1 

----triad----
a[0]=7.00e+00. b[0]=2.00e+00. c[0]=1.00e+00.
Execution time: 2.481629 (ms) 
   Rate [MB/s]: 9671.1 
Finished BFS.
Global frequency set at 1000000000000 ticks per second
src/mem/dram_interface.cc:690: warn: DRAM device capacity (16384 Mbytes) does not match the address range assigned (1024 Mbytes)
src/base/statistics.hh:279: warn: One of the stats is a legacy stat. Legacy stat is a stat that does not belong to any statistics::Group. Legacy stat is deprecated.
board.remote_gdb: Listening for connections on port 7000
gem5 Simulator System.  https://www.gem5.org
gem5 is copyrighted software; use the --copyright option for details.

gem5 version 25.0.0.1
gem5 compiled May  5 2026 12:55:05
gem5 started Jun 12 2026 20:15:32
gem5 executing on cn27.guoehi.cluster, pid 165843
command line: /home/fdemirel/HPC_Lab_Proj/stride/../../gem5/build/ALL/gem5.opt -s --outdir=results_stride_multisim --stdout-file=spmv_stride_deg4_dist1_l2_ddr4_1x_simout.txt --stderr-file=spmv_stride_deg4_dist1_l2_ddr4_1x_simerr.txt --stats-file=stats.txt -c 'from multiprocessing.spawn import spawn_main; spawn_main(tracker_fd=7, pipe_handle=13)' --multiprocessing-fork

src/sim/mem_state.cc:443: info: Increasing stack size by one page.
src/sim/syscall_emul.hh:1121: warn: readlink() called on '/proc/self/exe' may yield unexpected results in various settings.
      Returning '/home/fdemirel/HPC_Lab_Proj/benchmarks/spmv/spmv-m5.x'
src/arch/arm/insts/pseudo.cc:174: warn: 	instruction 'bti' unimplemented
src/sim/mem_state.cc:443: info: Increasing stack size by one page.
src/sim/mem_state.cc:443: info: Increasing stack size by one page.
src/sim/mem_state.cc:443: info: Increasing stack size by one page.
src/sim/mem_state.cc:443: info: Increasing stack size by one page.
src/sim/mem_state.cc:443: info: Increasing stack size by one page.
src/sim/mem_state.cc:443: info: Increasing stack size by one page.
src/sim/mem_state.cc:443: info: Increasing stack size by one page.
Global frequency set at 1000000000000 ticks per second
src/mem/dram_interface.cc:690: warn: DRAM device capacity (16384 Mbytes) does not match the address range assigned (1024 Mbytes)
src/base/statistics.hh:279: warn: One of the stats is a legacy stat. Legacy stat is a stat that does not belong to any statistics::Group. Legacy stat is deprecated.
board.remote_gdb: Listening for connections on port 7002
gem5 Simulator System.  https://www.gem5.org
gem5 is copyrighted software; use the --copyright option for details.

gem5 version 25.0.0.1
gem5 compiled May  5 2026 12:55:05
gem5 started Jun 12 2026 20:15:41
gem5 executing on cn27.guoehi.cluster, pid 165844
command line: /home/fdemirel/HPC_Lab_Proj/stride/../../gem5/build/ALL/gem5.opt -s --outdir=results_stride_multisim --stdout-file=merge_stride_deg4_dist4_l2_ddr4_1x_simout.txt --stderr-file=merge_stride_deg4_dist4_l2_ddr4_1x_simerr.txt --stats-file=stats.txt -c 'from multiprocessing.spawn import spawn_main; spawn_main(tracker_fd=7, pipe_handle=13)' --multiprocessing-fork

src/sim/mem_state.cc:443: info: Increasing stack size by one page.
src/sim/syscall_emul.hh:1121: warn: readlink() called on '/proc/self/exe' may yield unexpected results in various settings.
      Returning '/home/fdemirel/HPC_Lab_Proj/benchmarks/merge/merge-m5.x'
src/arch/arm/insts/pseudo.cc:174: warn: 	instruction 'bti' unimplemented
Global frequency set at 1000000000000 ticks per second
src/mem/dram_interface.cc:690: warn: DRAM device capacity (16384 Mbytes) does not match the address range assigned (1024 Mbytes)
src/base/statistics.hh:279: warn: One of the stats is a legacy stat. Legacy stat is a stat that does not belong to any statistics::Group. Legacy stat is deprecated.
board.remote_gdb: Listening for connections on port 7003
gem5 Simulator System.  https://www.gem5.org
gem5 is copyrighted software; use the --copyright option for details.

gem5 version 25.0.0.1
gem5 compiled May  5 2026 12:55:05
gem5 started Jun 12 2026 20:15:43
gem5 executing on cn27.guoehi.cluster, pid 165846
command line: /home/fdemirel/HPC_Lab_Proj/stride/../../gem5/build/ALL/gem5.opt -s --outdir=results_stride_multisim --stdout-file=quick_stride_deg16_dist32_l1d_ddr4_1x_simout.txt --stderr-file=quick_stride_deg16_dist32_l1d_ddr4_1x_simerr.txt --stats-file=stats.txt -c 'from multiprocessing.spawn import spawn_main; spawn_main(tracker_fd=7, pipe_handle=13)' --multiprocessing-fork

src/sim/mem_state.cc:443: info: Increasing stack size by one page.
src/sim/syscall_emul.hh:1121: warn: readlink() called on '/proc/self/exe' may yield unexpected results in various settings.
      Returning '/home/fdemirel/HPC_Lab_Proj/benchmarks/quick/quick-m5.x'
src/arch/arm/insts/pseudo.cc:174: warn: 	instruction 'bti' unimplemented
----spmv----
N_ROWS          : 8192 
N_COLS          : 65536 
NNZ             : 524155 
Execution time: 7.498857 (ms) 
Global frequency set at 1000000000000 ticks per second
src/mem/dram_interface.cc:690: warn: DRAM device capacity (16384 Mbytes) does not match the address range assigned (512 Mbytes)
src/mem/dram_interface.cc:690: warn: DRAM device capacity (16384 Mbytes) does not match the address range assigned (512 Mbytes)
src/base/statistics.hh:279: warn: One of the stats is a legacy stat. Legacy stat is a stat that does not belong to any statistics::Group. Legacy stat is deprecated.
board.remote_gdb: Listening for connections on port 7000
gem5 Simulator System.  https://www.gem5.org
gem5 is copyrighted software; use the --copyright option for details.

gem5 version 25.0.0.1
gem5 compiled May  5 2026 12:55:05
gem5 started Jun 12 2026 20:17:35
gem5 executing on cn27.guoehi.cluster, pid 165858
command line: /home/fdemirel/HPC_Lab_Proj/stride/../../gem5/build/ALL/gem5.opt -s --outdir=results_stride_multisim --stdout-file=merge_stride_deg4_dist32_l2_ddr4_2x_simout.txt --stderr-file=merge_stride_deg4_dist32_l2_ddr4_2x_simerr.txt --stats-file=stats.txt -c 'from multiprocessing.spawn import spawn_main; spawn_main(tracker_fd=7, pipe_handle=13)' --multiprocessing-fork

src/sim/mem_state.cc:443: info: Increasing stack size by one page.
src/sim/syscall_emul.hh:1121: warn: readlink() called on '/proc/self/exe' may yield unexpected results in various settings.
      Returning '/home/fdemirel/HPC_Lab_Proj/benchmarks/merge/merge-m5.x'
src/arch/arm/insts/pseudo.cc:174: warn: 	instruction 'bti' unimplemented
Finished BFS.
Global frequency set at 1000000000000 ticks per second
src/mem/dram_interface.cc:690: warn: DRAM device capacity (16384 Mbytes) does not match the address range assigned (1024 Mbytes)
src/base/statistics.hh:279: warn: One of the stats is a legacy stat. Legacy stat is a stat that does not belong to any statistics::Group. Legacy stat is deprecated.
board.remote_gdb: Listening for connections on port 7001
gem5 Simulator System.  https://www.gem5.org
gem5 is copyrighted software; use the --copyright option for details.

gem5 version 25.0.0.1
gem5 compiled May  5 2026 12:55:05
gem5 started Jun 12 2026 20:19:15
gem5 executing on cn27.guoehi.cluster, pid 165866
command line: /home/fdemirel/HPC_Lab_Proj/stride/../../gem5/build/ALL/gem5.opt -s --outdir=results_stride_multisim --stdout-file=simple_triad_stride_deg16_dist1_l1d_ddr4_1x_simout.txt --stderr-file=simple_triad_stride_deg16_dist1_l1d_ddr4_1x_simerr.txt --stats-file=stats.txt -c 'from multiprocessing.spawn import spawn_main; spawn_main(tracker_fd=7, pipe_handle=13)' --multiprocessing-fork

src/sim/mem_state.cc:443: info: Increasing stack size by one page.
src/sim/syscall_emul.hh:1121: warn: readlink() called on '/proc/self/exe' may yield unexpected results in various settings.
      Returning '/home/fdemirel/HPC_Lab_Proj/benchmarks/simple_triad/simple_triad-m5.x'
----quick sort----
Array SIZE      : 131072 
random_elem:0, /home/fdemirel/HPC_Lab_Proj/benchmarks/quick/quick-m5.x
Execution time: 9.059210 (ms) 
Global frequency set at 1000000000000 ticks per second
src/mem/dram_interface.cc:690: warn: DRAM device capacity (16384 Mbytes) does not match the address range assigned (1024 Mbytes)
src/base/statistics.hh:279: warn: One of the stats is a legacy stat. Legacy stat is a stat that does not belong to any statistics::Group. Legacy stat is deprecated.
board.remote_gdb: Listening for connections on port 7003
gem5 Simulator System.  https://www.gem5.org
gem5 is copyrighted software; use the --copyright option for details.

gem5 version 25.0.0.1
gem5 compiled May  5 2026 12:55:05
gem5 started Jun 12 2026 20:19:58
gem5 executing on cn27.guoehi.cluster, pid 165871
command line: /home/fdemirel/HPC_Lab_Proj/stride/../../gem5/build/ALL/gem5.opt -s --outdir=results_stride_multisim --stdout-file=quick_stride_deg4_dist32_l1d_ddr4_1x_simout.txt --stderr-file=quick_stride_deg4_dist32_l1d_ddr4_1x_simerr.txt --stats-file=stats.txt -c 'from multiprocessing.spawn import spawn_main; spawn_main(tracker_fd=7, pipe_handle=13)' --multiprocessing-fork

src/sim/mem_state.cc:443: info: Increasing stack size by one page.
src/sim/syscall_emul.hh:1121: warn: readlink() called on '/proc/self/exe' may yield unexpected results in various settings.
      Returning '/home/fdemirel/HPC_Lab_Proj/benchmarks/quick/quick-m5.x'
src/arch/arm/insts/pseudo.cc:174: warn: 	instruction 'bti' unimplemented

----merge----
Execution time: 10.389468 (ms) 
random_elem:0, /home/fdemirel/HPC_Lab_Proj/benchmarks/merge/merge-m5.x
Global frequency set at 1000000000000 ticks per second
src/mem/dram_interface.cc:690: warn: DRAM device capacity (16384 Mbytes) does not match the address range assigned (1024 Mbytes)
src/base/statistics.hh:279: warn: One of the stats is a legacy stat. Legacy stat is a stat that does not belong to any statistics::Group. Legacy stat is deprecated.
board.remote_gdb: Listening for connections on port 7002
gem5 Simulator System.  https://www.gem5.org
gem5 is copyrighted software; use the --copyright option for details.

gem5 version 25.0.0.1
gem5 compiled May  5 2026 12:55:05
gem5 started Jun 12 2026 20:20:36
gem5 executing on cn27.guoehi.cluster, pid 165878
command line: /home/fdemirel/HPC_Lab_Proj/stride/../../gem5/build/ALL/gem5.opt -s --outdir=results_stride_multisim --stdout-file=matmult_stride_deg16_dist4_l1d_ddr4_1x_simout.txt --stderr-file=matmult_stride_deg16_dist4_l1d_ddr4_1x_simerr.txt --stats-file=stats.txt -c 'from multiprocessing.spawn import spawn_main; spawn_main(tracker_fd=7, pipe_handle=13)' --multiprocessing-fork

src/sim/mem_state.cc:443: info: Increasing stack size by one page.
src/sim/syscall_emul.hh:1121: warn: readlink() called on '/proc/self/exe' may yield unexpected results in various settings.
      Returning '/home/fdemirel/HPC_Lab_Proj/benchmarks/matmult/matmult-m5.x'
src/arch/arm/insts/pseudo.cc:174: warn: 	instruction 'bti' unimplemented
Array SIZE      : 1000000 
Array LOOP      : 1 

----triad----
a[0]=7.00e+00. b[0]=2.00e+00. c[0]=1.00e+00.
Execution time: 2.847388 (ms) 
   Rate [MB/s]: 8428.8 
Global frequency set at 1000000000000 ticks per second
src/mem/dram_interface.cc:690: warn: DRAM device capacity (16384 Mbytes) does not match the address range assigned (512 Mbytes)
src/mem/dram_interface.cc:690: warn: DRAM device capacity (16384 Mbytes) does not match the address range assigned (512 Mbytes)
src/base/statistics.hh:279: warn: One of the stats is a legacy stat. Legacy stat is a stat that does not belong to any statistics::Group. Legacy stat is deprecated.
board.remote_gdb: Listening for connections on port 7001
gem5 Simulator System.  https://www.gem5.org
gem5 is copyrighted software; use the --copyright option for details.

gem5 version 25.0.0.1
gem5 compiled May  5 2026 12:55:05
gem5 started Jun 12 2026 20:21:19
gem5 executing on cn27.guoehi.cluster, pid 165882
command line: /home/fdemirel/HPC_Lab_Proj/stride/../../gem5/build/ALL/gem5.opt -s --outdir=results_stride_multisim --stdout-file=quick_stride_deg32_dist8_l2_ddr4_2x_simout.txt --stderr-file=quick_stride_deg32_dist8_l2_ddr4_2x_simerr.txt --stats-file=stats.txt -c 'from multiprocessing.spawn import spawn_main; spawn_main(tracker_fd=7, pipe_handle=13)' --multiprocessing-fork

src/sim/mem_state.cc:443: info: Increasing stack size by one page.
src/sim/syscall_emul.hh:1121: warn: readlink() called on '/proc/self/exe' may yield unexpected results in various settings.
      Returning '/home/fdemirel/HPC_Lab_Proj/benchmarks/quick/quick-m5.x'
src/arch/arm/insts/pseudo.cc:174: warn: 	instruction 'bti' unimplemented

----MATRIX MULTIPLICATION----

----Computation starts----
Loop 0 ... 
argc = 2, A[argc][argc] = 0.500000, B[argc][argc] = 0.500000, C[argc][argc] = 0.500000 
Execution time: 1.201725 (ms) 
Global frequency set at 1000000000000 ticks per second
src/mem/dram_interface.cc:690: warn: DRAM device capacity (16384 Mbytes) does not match the address range assigned (512 Mbytes)
src/mem/dram_interface.cc:690: warn: DRAM device capacity (16384 Mbytes) does not match the address range assigned (512 Mbytes)
src/base/statistics.hh:279: warn: One of the stats is a legacy stat. Legacy stat is a stat that does not belong to any statistics::Group. Legacy stat is deprecated.
board.remote_gdb: Listening for connections on port 7002
gem5 Simulator System.  https://www.gem5.org
gem5 is copyrighted software; use the --copyright option for details.

gem5 version 25.0.0.1
gem5 compiled May  5 2026 12:55:05
gem5 started Jun 12 2026 20:21:53
gem5 executing on cn27.guoehi.cluster, pid 165887
command line: /home/fdemirel/HPC_Lab_Proj/stride/../../gem5/build/ALL/gem5.opt -s --outdir=results_stride_multisim --stdout-file=bfs_stride_deg8_dist1_l2_ddr4_2x_simout.txt --stderr-file=bfs_stride_deg8_dist1_l2_ddr4_2x_simerr.txt --stats-file=stats.txt -c 'from multiprocessing.spawn import spawn_main; spawn_main(tracker_fd=7, pipe_handle=13)' --multiprocessing-fork

src/sim/mem_state.cc:443: info: Increasing stack size by one page.
src/sim/syscall_emul.hh:1121: warn: readlink() called on '/proc/self/exe' may yield unexpected results in various settings.
      Returning '/home/fdemirel/HPC_Lab_Proj/benchmarks/bfs/bfs-m5.x'
src/arch/arm/insts/pseudo.cc:174: warn: 	instruction 'bti' unimplemented
Beginning BFS ...

----merge----
Execution time: 10.946534 (ms) 
random_elem:0, /home/fdemirel/HPC_Lab_Proj/benchmarks/merge/merge-m5.x
Global frequency set at 1000000000000 ticks per second
src/mem/dram_interface.cc:690: warn: DRAM device capacity (16384 Mbytes) does not match the address range assigned (1024 Mbytes)
src/base/statistics.hh:279: warn: One of the stats is a legacy stat. Legacy stat is a stat that does not belong to any statistics::Group. Legacy stat is deprecated.
board.remote_gdb: Listening for connections on port 7000
gem5 Simulator System.  https://www.gem5.org
gem5 is copyrighted software; use the --copyright option for details.

gem5 version 25.0.0.1
gem5 compiled May  5 2026 12:55:05
gem5 started Jun 12 2026 20:22:50
gem5 executing on cn27.guoehi.cluster, pid 165892
command line: /home/fdemirel/HPC_Lab_Proj/stride/../../gem5/build/ALL/gem5.opt -s --outdir=results_stride_multisim --stdout-file=quick_stride_deg16_dist32_l2_ddr4_1x_simout.txt --stderr-file=quick_stride_deg16_dist32_l2_ddr4_1x_simerr.txt --stats-file=stats.txt -c 'from multiprocessing.spawn import spawn_main; spawn_main(tracker_fd=7, pipe_handle=13)' --multiprocessing-fork

src/sim/mem_state.cc:443: info: Increasing stack size by one page.
src/sim/syscall_emul.hh:1121: warn: readlink() called on '/proc/self/exe' may yield unexpected results in various settings.
      Returning '/home/fdemirel/HPC_Lab_Proj/benchmarks/quick/quick-m5.x'
src/arch/arm/insts/pseudo.cc:174: warn: 	instruction 'bti' unimplemented
----quick sort----
Array SIZE      : 131072 
random_elem:0, /home/fdemirel/HPC_Lab_Proj/benchmarks/quick/quick-m5.x
Execution time: 9.048186 (ms) 
Global frequency set at 1000000000000 ticks per second
src/mem/dram_interface.cc:690: warn: DRAM device capacity (16384 Mbytes) does not match the address range assigned (1024 Mbytes)
src/base/statistics.hh:279: warn: One of the stats is a legacy stat. Legacy stat is a stat that does not belong to any statistics::Group. Legacy stat is deprecated.
board.remote_gdb: Listening for connections on port 7003
gem5 Simulator System.  https://www.gem5.org
gem5 is copyrighted software; use the --copyright option for details.

gem5 version 25.0.0.1
gem5 compiled May  5 2026 12:55:05
gem5 started Jun 12 2026 20:24:13
gem5 executing on cn27.guoehi.cluster, pid 165900
command line: /home/fdemirel/HPC_Lab_Proj/stride/../../gem5/build/ALL/gem5.opt -s --outdir=results_stride_multisim --stdout-file=matmult_stride_deg16_dist4_l2_ddr4_1x_simout.txt --stderr-file=matmult_stride_deg16_dist4_l2_ddr4_1x_simerr.txt --stats-file=stats.txt -c 'from multiprocessing.spawn import spawn_main; spawn_main(tracker_fd=7, pipe_handle=13)' --multiprocessing-fork

src/sim/mem_state.cc:443: info: Increasing stack size by one page.
src/sim/syscall_emul.hh:1121: warn: readlink() called on '/proc/self/exe' may yield unexpected results in various settings.
      Returning '/home/fdemirel/HPC_Lab_Proj/benchmarks/matmult/matmult-m5.x'
src/arch/arm/insts/pseudo.cc:174: warn: 	instruction 'bti' unimplemented

----MATRIX MULTIPLICATION----

----Computation starts----
Loop 0 ... 
argc = 2, A[argc][argc] = 0.500000, B[argc][argc] = 0.500000, C[argc][argc] = 0.500000 
Execution time: 1.198792 (ms) 
----quick sort----
Array SIZE      : 131072 
random_elem:0, /home/fdemirel/HPC_Lab_Proj/benchmarks/quick/quick-m5.x
Execution time: 8.728210 (ms) 
Global frequency set at 1000000000000 ticks per second
src/mem/dram_interface.cc:690: warn: DRAM device capacity (16384 Mbytes) does not match the address range assigned (512 Mbytes)
src/mem/dram_interface.cc:690: warn: DRAM device capacity (16384 Mbytes) does not match the address range assigned (512 Mbytes)
src/base/statistics.hh:279: warn: One of the stats is a legacy stat. Legacy stat is a stat that does not belong to any statistics::Group. Legacy stat is deprecated.
board.remote_gdb: Listening for connections on port 7001
gem5 Simulator System.  https://www.gem5.org
gem5 is copyrighted software; use the --copyright option for details.

gem5 version 25.0.0.1
gem5 compiled May  5 2026 12:55:05
gem5 started Jun 12 2026 20:25:25
gem5 executing on cn27.guoehi.cluster, pid 165905
command line: /home/fdemirel/HPC_Lab_Proj/stride/../../gem5/build/ALL/gem5.opt -s --outdir=results_stride_multisim --stdout-file=merge_stride_deg16_dist1_l1d_ddr4_2x_simout.txt --stderr-file=merge_stride_deg16_dist1_l1d_ddr4_2x_simerr.txt --stats-file=stats.txt -c 'from multiprocessing.spawn import spawn_main; spawn_main(tracker_fd=7, pipe_handle=13)' --multiprocessing-fork

src/sim/mem_state.cc:443: info: Increasing stack size by one page.
src/sim/syscall_emul.hh:1121: warn: readlink() called on '/proc/self/exe' may yield unexpected results in various settings.
      Returning '/home/fdemirel/HPC_Lab_Proj/benchmarks/merge/merge-m5.x'
src/arch/arm/insts/pseudo.cc:174: warn: 	instruction 'bti' unimplemented
Global frequency set at 1000000000000 ticks per second
src/mem/dram_interface.cc:690: warn: DRAM device capacity (16384 Mbytes) does not match the address range assigned (1024 Mbytes)
src/base/statistics.hh:279: warn: One of the stats is a legacy stat. Legacy stat is a stat that does not belong to any statistics::Group. Legacy stat is deprecated.
board.remote_gdb: Listening for connections on port 7003
gem5 Simulator System.  https://www.gem5.org
gem5 is copyrighted software; use the --copyright option for details.

gem5 version 25.0.0.1
gem5 compiled May  5 2026 12:55:05
gem5 started Jun 12 2026 20:25:34
gem5 executing on cn27.guoehi.cluster, pid 165906
command line: /home/fdemirel/HPC_Lab_Proj/stride/../../gem5/build/ALL/gem5.opt -s --outdir=results_stride_multisim --stdout-file=merge_stride_deg16_dist16_l2_ddr4_1x_simout.txt --stderr-file=merge_stride_deg16_dist16_l2_ddr4_1x_simerr.txt --stats-file=stats.txt -c 'from multiprocessing.spawn import spawn_main; spawn_main(tracker_fd=7, pipe_handle=13)' --multiprocessing-fork

src/sim/mem_state.cc:443: info: Increasing stack size by one page.
src/sim/syscall_emul.hh:1121: warn: readlink() called on '/proc/self/exe' may yield unexpected results in various settings.
      Returning '/home/fdemirel/HPC_Lab_Proj/benchmarks/merge/merge-m5.x'
src/arch/arm/insts/pseudo.cc:174: warn: 	instruction 'bti' unimplemented
----quick sort----
Array SIZE      : 131072 
random_elem:0, /home/fdemirel/HPC_Lab_Proj/benchmarks/quick/quick-m5.x
Execution time: 9.228863 (ms) 
Global frequency set at 1000000000000 ticks per second
src/mem/dram_interface.cc:690: warn: DRAM device capacity (16384 Mbytes) does not match the address range assigned (512 Mbytes)
src/mem/dram_interface.cc:690: warn: DRAM device capacity (16384 Mbytes) does not match the address range assigned (512 Mbytes)
src/base/statistics.hh:279: warn: One of the stats is a legacy stat. Legacy stat is a stat that does not belong to any statistics::Group. Legacy stat is deprecated.
board.remote_gdb: Listening for connections on port 7000
gem5 Simulator System.  https://www.gem5.org
gem5 is copyrighted software; use the --copyright option for details.

gem5 version 25.0.0.1
gem5 compiled May  5 2026 12:55:05
gem5 started Jun 12 2026 20:27:04
gem5 executing on cn27.guoehi.cluster, pid 165913
command line: /home/fdemirel/HPC_Lab_Proj/stride/../../gem5/build/ALL/gem5.opt -s --outdir=results_stride_multisim --stdout-file=quick_stride_deg1_dist16_l2_ddr4_2x_simout.txt --stderr-file=quick_stride_deg1_dist16_l2_ddr4_2x_simerr.txt --stats-file=stats.txt -c 'from multiprocessing.spawn import spawn_main; spawn_main(tracker_fd=7, pipe_handle=13)' --multiprocessing-fork

src/sim/mem_state.cc:443: info: Increasing stack size by one page.
src/sim/syscall_emul.hh:1121: warn: readlink() called on '/proc/self/exe' may yield unexpected results in various settings.
      Returning '/home/fdemirel/HPC_Lab_Proj/benchmarks/quick/quick-m5.x'
src/arch/arm/insts/pseudo.cc:174: warn: 	instruction 'bti' unimplemented
Finished BFS.
Global frequency set at 1000000000000 ticks per second
src/mem/dram_interface.cc:690: warn: DRAM device capacity (16384 Mbytes) does not match the address range assigned (512 Mbytes)
src/mem/dram_interface.cc:690: warn: DRAM device capacity (16384 Mbytes) does not match the address range assigned (512 Mbytes)
src/base/statistics.hh:279: warn: One of the stats is a legacy stat. Legacy stat is a stat that does not belong to any statistics::Group. Legacy stat is deprecated.
board.remote_gdb: Listening for connections on port 7002
gem5 Simulator System.  https://www.gem5.org
gem5 is copyrighted software; use the --copyright option for details.

gem5 version 25.0.0.1
gem5 compiled May  5 2026 12:55:05
gem5 started Jun 12 2026 20:27:28
gem5 executing on cn27.guoehi.cluster, pid 165916
command line: /home/fdemirel/HPC_Lab_Proj/stride/../../gem5/build/ALL/gem5.opt -s --outdir=results_stride_multisim --stdout-file=bfs_stride_deg16_dist4_l1d_ddr4_2x_simout.txt --stderr-file=bfs_stride_deg16_dist4_l1d_ddr4_2x_simerr.txt --stats-file=stats.txt -c 'from multiprocessing.spawn import spawn_main; spawn_main(tracker_fd=7, pipe_handle=13)' --multiprocessing-fork

src/sim/mem_state.cc:443: info: Increasing stack size by one page.
src/sim/syscall_emul.hh:1121: warn: readlink() called on '/proc/self/exe' may yield unexpected results in various settings.
      Returning '/home/fdemirel/HPC_Lab_Proj/benchmarks/bfs/bfs-m5.x'
src/arch/arm/insts/pseudo.cc:174: warn: 	instruction 'bti' unimplemented
Beginning BFS ...

----merge----
Execution time: 9.767950 (ms) 
random_elem:0, /home/fdemirel/HPC_Lab_Proj/benchmarks/merge/merge-m5.x

----merge----
Execution time: 10.636195 (ms) 
random_elem:0, /home/fdemirel/HPC_Lab_Proj/benchmarks/merge/merge-m5.x
Global frequency set at 1000000000000 ticks per second
src/mem/dram_interface.cc:690: warn: DRAM device capacity (16384 Mbytes) does not match the address range assigned (1024 Mbytes)
src/base/statistics.hh:279: warn: One of the stats is a legacy stat. Legacy stat is a stat that does not belong to any statistics::Group. Legacy stat is deprecated.
board.remote_gdb: Listening for connections on port 7001
gem5 Simulator System.  https://www.gem5.org
gem5 is copyrighted software; use the --copyright option for details.

gem5 version 25.0.0.1
gem5 compiled May  5 2026 12:55:05
gem5 started Jun 12 2026 20:30:30
gem5 executing on cn27.guoehi.cluster, pid 165930
command line: /home/fdemirel/HPC_Lab_Proj/stride/../../gem5/build/ALL/gem5.opt -s --outdir=results_stride_multisim --stdout-file=bfs_stride_deg32_dist1_l2_ddr4_1x_simout.txt --stderr-file=bfs_stride_deg32_dist1_l2_ddr4_1x_simerr.txt --stats-file=stats.txt -c 'from multiprocessing.spawn import spawn_main; spawn_main(tracker_fd=7, pipe_handle=13)' --multiprocessing-fork

src/sim/mem_state.cc:443: info: Increasing stack size by one page.
src/sim/syscall_emul.hh:1121: warn: readlink() called on '/proc/self/exe' may yield unexpected results in various settings.
      Returning '/home/fdemirel/HPC_Lab_Proj/benchmarks/bfs/bfs-m5.x'
src/arch/arm/insts/pseudo.cc:174: warn: 	instruction 'bti' unimplemented
Beginning BFS ...
Global frequency set at 1000000000000 ticks per second
src/mem/dram_interface.cc:690: warn: DRAM device capacity (16384 Mbytes) does not match the address range assigned (1024 Mbytes)
src/base/statistics.hh:279: warn: One of the stats is a legacy stat. Legacy stat is a stat that does not belong to any statistics::Group. Legacy stat is deprecated.
board.remote_gdb: Listening for connections on port 7003
gem5 Simulator System.  https://www.gem5.org
gem5 is copyrighted software; use the --copyright option for details.

gem5 version 25.0.0.1
gem5 compiled May  5 2026 12:55:05
gem5 started Jun 12 2026 20:30:43
gem5 executing on cn27.guoehi.cluster, pid 165932
command line: /home/fdemirel/HPC_Lab_Proj/stride/../../gem5/build/ALL/gem5.opt -s --outdir=results_stride_multisim --stdout-file=quick_stride_deg4_dist4_l1d_ddr4_1x_simout.txt --stderr-file=quick_stride_deg4_dist4_l1d_ddr4_1x_simerr.txt --stats-file=stats.txt -c 'from multiprocessing.spawn import spawn_main; spawn_main(tracker_fd=7, pipe_handle=13)' --multiprocessing-fork

src/sim/mem_state.cc:443: info: Increasing stack size by one page.
src/sim/syscall_emul.hh:1121: warn: readlink() called on '/proc/self/exe' may yield unexpected results in various settings.
      Returning '/home/fdemirel/HPC_Lab_Proj/benchmarks/quick/quick-m5.x'
src/arch/arm/insts/pseudo.cc:174: warn: 	instruction 'bti' unimplemented
----quick sort----
Array SIZE      : 131072 
random_elem:0, /home/fdemirel/HPC_Lab_Proj/benchmarks/quick/quick-m5.x
Execution time: 8.841704 (ms) 
Global frequency set at 1000000000000 ticks per second
src/mem/dram_interface.cc:690: warn: DRAM device capacity (16384 Mbytes) does not match the address range assigned (1024 Mbytes)
src/base/statistics.hh:279: warn: One of the stats is a legacy stat. Legacy stat is a stat that does not belong to any statistics::Group. Legacy stat is deprecated.
board.remote_gdb: Listening for connections on port 7000
gem5 Simulator System.  https://www.gem5.org
gem5 is copyrighted software; use the --copyright option for details.

gem5 version 25.0.0.1
gem5 compiled May  5 2026 12:55:05
gem5 started Jun 12 2026 20:31:12
gem5 executing on cn27.guoehi.cluster, pid 165938
command line: /home/fdemirel/HPC_Lab_Proj/stride/../../gem5/build/ALL/gem5.opt -s --outdir=results_stride_multisim --stdout-file=merge_stride_deg4_dist1_l1d_ddr4_1x_simout.txt --stderr-file=merge_stride_deg4_dist1_l1d_ddr4_1x_simerr.txt --stats-file=stats.txt -c 'from multiprocessing.spawn import spawn_main; spawn_main(tracker_fd=7, pipe_handle=13)' --multiprocessing-fork

src/sim/mem_state.cc:443: info: Increasing stack size by one page.
src/sim/syscall_emul.hh:1121: warn: readlink() called on '/proc/self/exe' may yield unexpected results in various settings.
      Returning '/home/fdemirel/HPC_Lab_Proj/benchmarks/merge/merge-m5.x'
src/arch/arm/insts/pseudo.cc:174: warn: 	instruction 'bti' unimplemented
Finished BFS.
Global frequency set at 1000000000000 ticks per second
src/mem/dram_interface.cc:690: warn: DRAM device capacity (16384 Mbytes) does not match the address range assigned (512 Mbytes)
src/mem/dram_interface.cc:690: warn: DRAM device capacity (16384 Mbytes) does not match the address range assigned (512 Mbytes)
src/base/statistics.hh:279: warn: One of the stats is a legacy stat. Legacy stat is a stat that does not belong to any statistics::Group. Legacy stat is deprecated.
board.remote_gdb: Listening for connections on port 7002
gem5 Simulator System.  https://www.gem5.org
gem5 is copyrighted software; use the --copyright option for details.

gem5 version 25.0.0.1
gem5 compiled May  5 2026 12:55:05
gem5 started Jun 12 2026 20:33:35
gem5 executing on cn27.guoehi.cluster, pid 165944
command line: /home/fdemirel/HPC_Lab_Proj/stride/../../gem5/build/ALL/gem5.opt -s --outdir=results_stride_multisim --stdout-file=spmv_stride_deg1_dist8_l2_ddr4_2x_simout.txt --stderr-file=spmv_stride_deg1_dist8_l2_ddr4_2x_simerr.txt --stats-file=stats.txt -c 'from multiprocessing.spawn import spawn_main; spawn_main(tracker_fd=7, pipe_handle=13)' --multiprocessing-fork

src/sim/mem_state.cc:443: info: Increasing stack size by one page.
src/sim/syscall_emul.hh:1121: warn: readlink() called on '/proc/self/exe' may yield unexpected results in various settings.
      Returning '/home/fdemirel/HPC_Lab_Proj/benchmarks/spmv/spmv-m5.x'
src/arch/arm/insts/pseudo.cc:174: warn: 	instruction 'bti' unimplemented
src/sim/mem_state.cc:443: info: Increasing stack size by one page.
src/sim/mem_state.cc:443: info: Increasing stack size by one page.
src/sim/mem_state.cc:443: info: Increasing stack size by one page.
src/sim/mem_state.cc:443: info: Increasing stack size by one page.
src/sim/mem_state.cc:443: info: Increasing stack size by one page.
src/sim/mem_state.cc:443: info: Increasing stack size by one page.
src/sim/mem_state.cc:443: info: Increasing stack size by one page.
----quick sort----
Array SIZE      : 131072 
random_elem:0, /home/fdemirel/HPC_Lab_Proj/benchmarks/quick/quick-m5.x
Execution time: 8.328673 (ms) 
Global frequency set at 1000000000000 ticks per second
src/mem/dram_interface.cc:690: warn: DRAM device capacity (16384 Mbytes) does not match the address range assigned (1024 Mbytes)
src/base/statistics.hh:279: warn: One of the stats is a legacy stat. Legacy stat is a stat that does not belong to any statistics::Group. Legacy stat is deprecated.
board.remote_gdb: Listening for connections on port 7003
gem5 Simulator System.  https://www.gem5.org
gem5 is copyrighted software; use the --copyright option for details.

gem5 version 25.0.0.1
gem5 compiled May  5 2026 12:55:05
gem5 started Jun 12 2026 20:34:53
gem5 executing on cn27.guoehi.cluster, pid 165951
command line: /home/fdemirel/HPC_Lab_Proj/stride/../../gem5/build/ALL/gem5.opt -s --outdir=results_stride_multisim --stdout-file=simple_triad_stride_deg1_dist8_l1d_ddr4_1x_simout.txt --stderr-file=simple_triad_stride_deg1_dist8_l1d_ddr4_1x_simerr.txt --stats-file=stats.txt -c 'from multiprocessing.spawn import spawn_main; spawn_main(tracker_fd=7, pipe_handle=13)' --multiprocessing-fork

src/sim/mem_state.cc:443: info: Increasing stack size by one page.
src/sim/syscall_emul.hh:1121: warn: readlink() called on '/proc/self/exe' may yield unexpected results in various settings.
      Returning '/home/fdemirel/HPC_Lab_Proj/benchmarks/simple_triad/simple_triad-m5.x'
----spmv----
N_ROWS          : 8192 
N_COLS          : 65536 
NNZ             : 524155 
Execution time: 7.122605 (ms) 
Global frequency set at 1000000000000 ticks per second
src/mem/dram_interface.cc:690: warn: DRAM device capacity (16384 Mbytes) does not match the address range assigned (1024 Mbytes)
src/base/statistics.hh:279: warn: One of the stats is a legacy stat. Legacy stat is a stat that does not belong to any statistics::Group. Legacy stat is deprecated.
board.remote_gdb: Listening for connections on port 7002
gem5 Simulator System.  https://www.gem5.org
gem5 is copyrighted software; use the --copyright option for details.

gem5 version 25.0.0.1
gem5 compiled May  5 2026 12:55:05
gem5 started Jun 12 2026 20:35:41
gem5 executing on cn27.guoehi.cluster, pid 165956
command line: /home/fdemirel/HPC_Lab_Proj/stride/../../gem5/build/ALL/gem5.opt -s --outdir=results_stride_multisim --stdout-file=bfs_stride_deg4_dist8_l1d_ddr4_1x_simout.txt --stderr-file=bfs_stride_deg4_dist8_l1d_ddr4_1x_simerr.txt --stats-file=stats.txt -c 'from multiprocessing.spawn import spawn_main; spawn_main(tracker_fd=7, pipe_handle=13)' --multiprocessing-fork

src/sim/mem_state.cc:443: info: Increasing stack size by one page.
src/sim/syscall_emul.hh:1121: warn: readlink() called on '/proc/self/exe' may yield unexpected results in various settings.
      Returning '/home/fdemirel/HPC_Lab_Proj/benchmarks/bfs/bfs-m5.x'
src/arch/arm/insts/pseudo.cc:174: warn: 	instruction 'bti' unimplemented
Beginning BFS ...

----merge----
Execution time: 9.865001 (ms) 
random_elem:0, /home/fdemirel/HPC_Lab_Proj/benchmarks/merge/merge-m5.x
Global frequency set at 1000000000000 ticks per second
src/mem/dram_interface.cc:690: warn: DRAM device capacity (16384 Mbytes) does not match the address range assigned (1024 Mbytes)
src/base/statistics.hh:279: warn: One of the stats is a legacy stat. Legacy stat is a stat that does not belong to any statistics::Group. Legacy stat is deprecated.
board.remote_gdb: Listening for connections on port 7000
gem5 Simulator System.  https://www.gem5.org
gem5 is copyrighted software; use the --copyright option for details.

gem5 version 25.0.0.1
gem5 compiled May  5 2026 12:55:05
gem5 started Jun 12 2026 20:36:10
gem5 executing on cn27.guoehi.cluster, pid 165959
command line: /home/fdemirel/HPC_Lab_Proj/stride/../../gem5/build/ALL/gem5.opt -s --outdir=results_stride_multisim --stdout-file=spmv_stride_deg1_dist32_l1d_ddr4_1x_simout.txt --stderr-file=spmv_stride_deg1_dist32_l1d_ddr4_1x_simerr.txt --stats-file=stats.txt -c 'from multiprocessing.spawn import spawn_main; spawn_main(tracker_fd=7, pipe_handle=13)' --multiprocessing-fork

src/sim/mem_state.cc:443: info: Increasing stack size by one page.
src/sim/syscall_emul.hh:1121: warn: readlink() called on '/proc/self/exe' may yield unexpected results in various settings.
      Returning '/home/fdemirel/HPC_Lab_Proj/benchmarks/spmv/spmv-m5.x'
src/arch/arm/insts/pseudo.cc:174: warn: 	instruction 'bti' unimplemented
src/sim/mem_state.cc:443: info: Increasing stack size by one page.
src/sim/mem_state.cc:443: info: Increasing stack size by one page.
src/sim/mem_state.cc:443: info: Increasing stack size by one page.
src/sim/mem_state.cc:443: info: Increasing stack size by one page.
src/sim/mem_state.cc:443: info: Increasing stack size by one page.
src/sim/mem_state.cc:443: info: Increasing stack size by one page.
src/sim/mem_state.cc:443: info: Increasing stack size by one page.
Finished BFS.
Array SIZE      : 1000000 
Array LOOP      : 1 

----triad----
a[0]=7.00e+00. b[0]=2.00e+00. c[0]=1.00e+00.
Execution time: 2.660530 (ms) 
   Rate [MB/s]: 9020.8 
Global frequency set at 1000000000000 ticks per second
src/mem/dram_interface.cc:690: warn: DRAM device capacity (16384 Mbytes) does not match the address range assigned (512 Mbytes)
src/mem/dram_interface.cc:690: warn: DRAM device capacity (16384 Mbytes) does not match the address range assigned (512 Mbytes)
src/base/statistics.hh:279: warn: One of the stats is a legacy stat. Legacy stat is a stat that does not belong to any statistics::Group. Legacy stat is deprecated.
board.remote_gdb: Listening for connections on port 7001
gem5 Simulator System.  https://www.gem5.org
gem5 is copyrighted software; use the --copyright option for details.

gem5 version 25.0.0.1
gem5 compiled May  5 2026 12:55:05
gem5 started Jun 12 2026 20:36:36
gem5 executing on cn27.guoehi.cluster, pid 165963
command line: /home/fdemirel/HPC_Lab_Proj/stride/../../gem5/build/ALL/gem5.opt -s --outdir=results_stride_multisim --stdout-file=matmult_stride_deg8_dist32_l2_ddr4_2x_simout.txt --stderr-file=matmult_stride_deg8_dist32_l2_ddr4_2x_simerr.txt --stats-file=stats.txt -c 'from multiprocessing.spawn import spawn_main; spawn_main(tracker_fd=7, pipe_handle=13)' --multiprocessing-fork

src/sim/mem_state.cc:443: info: Increasing stack size by one page.
src/sim/syscall_emul.hh:1121: warn: readlink() called on '/proc/self/exe' may yield unexpected results in various settings.
      Returning '/home/fdemirel/HPC_Lab_Proj/benchmarks/matmult/matmult-m5.x'
src/arch/arm/insts/pseudo.cc:174: warn: 	instruction 'bti' unimplemented
Global frequency set at 1000000000000 ticks per second
src/mem/dram_interface.cc:690: warn: DRAM device capacity (16384 Mbytes) does not match the address range assigned (1024 Mbytes)
src/base/statistics.hh:279: warn: One of the stats is a legacy stat. Legacy stat is a stat that does not belong to any statistics::Group. Legacy stat is deprecated.
board.remote_gdb: Listening for connections on port 7003
gem5 Simulator System.  https://www.gem5.org
gem5 is copyrighted software; use the --copyright option for details.

gem5 version 25.0.0.1
gem5 compiled May  5 2026 12:55:05
gem5 started Jun 12 2026 20:36:54
gem5 executing on cn27.guoehi.cluster, pid 165966
command line: /home/fdemirel/HPC_Lab_Proj/stride/../../gem5/build/ALL/gem5.opt -s --outdir=results_stride_multisim --stdout-file=matmult_stride_deg1_dist16_l1d_ddr4_1x_simout.txt --stderr-file=matmult_stride_deg1_dist16_l1d_ddr4_1x_simerr.txt --stats-file=stats.txt -c 'from multiprocessing.spawn import spawn_main; spawn_main(tracker_fd=7, pipe_handle=13)' --multiprocessing-fork

src/sim/mem_state.cc:443: info: Increasing stack size by one page.
src/sim/syscall_emul.hh:1121: warn: readlink() called on '/proc/self/exe' may yield unexpected results in various settings.
      Returning '/home/fdemirel/HPC_Lab_Proj/benchmarks/matmult/matmult-m5.x'
src/arch/arm/insts/pseudo.cc:174: warn: 	instruction 'bti' unimplemented

----MATRIX MULTIPLICATION----

----Computation starts----
Loop 0 ... 
argc = 2, A[argc][argc] = 0.500000, B[argc][argc] = 0.500000, C[argc][argc] = 0.500000 
Execution time: 1.254530 (ms) 
Global frequency set at 1000000000000 ticks per second
src/mem/dram_interface.cc:690: warn: DRAM device capacity (16384 Mbytes) does not match the address range assigned (512 Mbytes)
src/mem/dram_interface.cc:690: warn: DRAM device capacity (16384 Mbytes) does not match the address range assigned (512 Mbytes)
src/base/statistics.hh:279: warn: One of the stats is a legacy stat. Legacy stat is a stat that does not belong to any statistics::Group. Legacy stat is deprecated.
board.remote_gdb: Listening for connections on port 7001
gem5 Simulator System.  https://www.gem5.org
gem5 is copyrighted software; use the --copyright option for details.

gem5 version 25.0.0.1
gem5 compiled May  5 2026 12:55:05
gem5 started Jun 12 2026 20:37:47
gem5 executing on cn27.guoehi.cluster, pid 165970
command line: /home/fdemirel/HPC_Lab_Proj/stride/../../gem5/build/ALL/gem5.opt -s --outdir=results_stride_multisim --stdout-file=simple_triad_stride_deg4_dist8_l1d_ddr4_2x_simout.txt --stderr-file=simple_triad_stride_deg4_dist8_l1d_ddr4_2x_simerr.txt --stats-file=stats.txt -c 'from multiprocessing.spawn import spawn_main; spawn_main(tracker_fd=7, pipe_handle=13)' --multiprocessing-fork

src/sim/mem_state.cc:443: info: Increasing stack size by one page.
src/sim/syscall_emul.hh:1121: warn: readlink() called on '/proc/self/exe' may yield unexpected results in various settings.
      Returning '/home/fdemirel/HPC_Lab_Proj/benchmarks/simple_triad/simple_triad-m5.x'

----MATRIX MULTIPLICATION----

----Computation starts----
Loop 0 ... 
argc = 2, A[argc][argc] = 0.500000, B[argc][argc] = 0.500000, C[argc][argc] = 0.500000 
Execution time: 1.214110 (ms) 
----spmv----
N_ROWS          : 8192 
N_COLS          : 65536 
NNZ             : 524155 
Execution time: 7.599432 (ms) 
Global frequency set at 1000000000000 ticks per second
src/mem/dram_interface.cc:690: warn: DRAM device capacity (16384 Mbytes) does not match the address range assigned (1024 Mbytes)
src/base/statistics.hh:279: warn: One of the stats is a legacy stat. Legacy stat is a stat that does not belong to any statistics::Group. Legacy stat is deprecated.
board.remote_gdb: Listening for connections on port 7000
gem5 Simulator System.  https://www.gem5.org
gem5 is copyrighted software; use the --copyright option for details.

gem5 version 25.0.0.1
gem5 compiled May  5 2026 12:55:05
gem5 started Jun 12 2026 20:38:07
gem5 executing on cn27.guoehi.cluster, pid 165973
command line: /home/fdemirel/HPC_Lab_Proj/stride/../../gem5/build/ALL/gem5.opt -s --outdir=results_stride_multisim --stdout-file=quick_stride_deg4_dist4_l2_ddr4_1x_simout.txt --stderr-file=quick_stride_deg4_dist4_l2_ddr4_1x_simerr.txt --stats-file=stats.txt -c 'from multiprocessing.spawn import spawn_main; spawn_main(tracker_fd=7, pipe_handle=13)' --multiprocessing-fork

src/sim/mem_state.cc:443: info: Increasing stack size by one page.
src/sim/syscall_emul.hh:1121: warn: readlink() called on '/proc/self/exe' may yield unexpected results in various settings.
      Returning '/home/fdemirel/HPC_Lab_Proj/benchmarks/quick/quick-m5.x'
src/arch/arm/insts/pseudo.cc:174: warn: 	instruction 'bti' unimplemented
Global frequency set at 1000000000000 ticks per second
src/mem/dram_interface.cc:690: warn: DRAM device capacity (16384 Mbytes) does not match the address range assigned (512 Mbytes)
src/mem/dram_interface.cc:690: warn: DRAM device capacity (16384 Mbytes) does not match the address range assigned (512 Mbytes)
src/base/statistics.hh:279: warn: One of the stats is a legacy stat. Legacy stat is a stat that does not belong to any statistics::Group. Legacy stat is deprecated.
board.remote_gdb: Listening for connections on port 7003
gem5 Simulator System.  https://www.gem5.org
gem5 is copyrighted software; use the --copyright option for details.

gem5 version 25.0.0.1
gem5 compiled May  5 2026 12:55:05
gem5 started Jun 12 2026 20:38:20
gem5 executing on cn27.guoehi.cluster, pid 165976
command line: /home/fdemirel/HPC_Lab_Proj/stride/../../gem5/build/ALL/gem5.opt -s --outdir=results_stride_multisim --stdout-file=merge_stride_deg16_dist1_l2_ddr4_2x_simout.txt --stderr-file=merge_stride_deg16_dist1_l2_ddr4_2x_simerr.txt --stats-file=stats.txt -c 'from multiprocessing.spawn import spawn_main; spawn_main(tracker_fd=7, pipe_handle=13)' --multiprocessing-fork

src/sim/mem_state.cc:443: info: Increasing stack size by one page.
src/sim/syscall_emul.hh:1121: warn: readlink() called on '/proc/self/exe' may yield unexpected results in various settings.
      Returning '/home/fdemirel/HPC_Lab_Proj/benchmarks/merge/merge-m5.x'
src/arch/arm/insts/pseudo.cc:174: warn: 	instruction 'bti' unimplemented
Array SIZE      : 1000000 
Array LOOP      : 1 

----triad----
a[0]=7.00e+00. b[0]=2.00e+00. c[0]=1.00e+00.
Execution time: 1.884356 (ms) 
   Rate [MB/s]: 12736.4 
Global frequency set at 1000000000000 ticks per second
src/mem/dram_interface.cc:690: warn: DRAM device capacity (16384 Mbytes) does not match the address range assigned (1024 Mbytes)
src/base/statistics.hh:279: warn: One of the stats is a legacy stat. Legacy stat is a stat that does not belong to any statistics::Group. Legacy stat is deprecated.
board.remote_gdb: Listening for connections on port 7001
gem5 Simulator System.  https://www.gem5.org
gem5 is copyrighted software; use the --copyright option for details.

gem5 version 25.0.0.1
gem5 compiled May  5 2026 12:55:05
gem5 started Jun 12 2026 20:39:41
gem5 executing on cn27.guoehi.cluster, pid 165983
command line: /home/fdemirel/HPC_Lab_Proj/stride/../../gem5/build/ALL/gem5.opt -s --outdir=results_stride_multisim --stdout-file=simple_triad_stride_deg1_dist8_l2_ddr4_1x_simout.txt --stderr-file=simple_triad_stride_deg1_dist8_l2_ddr4_1x_simerr.txt --stats-file=stats.txt -c 'from multiprocessing.spawn import spawn_main; spawn_main(tracker_fd=7, pipe_handle=13)' --multiprocessing-fork

src/sim/mem_state.cc:443: info: Increasing stack size by one page.
src/sim/syscall_emul.hh:1121: warn: readlink() called on '/proc/self/exe' may yield unexpected results in various settings.
      Returning '/home/fdemirel/HPC_Lab_Proj/benchmarks/simple_triad/simple_triad-m5.x'
Finished BFS.
Array SIZE      : 1000000 
Array LOOP      : 1 

----triad----
a[0]=7.00e+00. b[0]=2.00e+00. c[0]=1.00e+00.
Execution time: 2.389314 (ms) 
   Rate [MB/s]: 10044.7 
Global frequency set at 1000000000000 ticks per second
src/mem/dram_interface.cc:690: warn: DRAM device capacity (16384 Mbytes) does not match the address range assigned (1024 Mbytes)
src/base/statistics.hh:279: warn: One of the stats is a legacy stat. Legacy stat is a stat that does not belong to any statistics::Group. Legacy stat is deprecated.
board.remote_gdb: Listening for connections on port 7001
gem5 Simulator System.  https://www.gem5.org
gem5 is copyrighted software; use the --copyright option for details.

gem5 version 25.0.0.1
gem5 compiled May  5 2026 12:55:05
gem5 started Jun 12 2026 20:41:35
gem5 executing on cn27.guoehi.cluster, pid 165993
command line: /home/fdemirel/HPC_Lab_Proj/stride/../../gem5/build/ALL/gem5.opt -s --outdir=results_stride_multisim --stdout-file=spmv_stride_deg1_dist32_l2_ddr4_1x_simout.txt --stderr-file=spmv_stride_deg1_dist32_l2_ddr4_1x_simerr.txt --stats-file=stats.txt -c 'from multiprocessing.spawn import spawn_main; spawn_main(tracker_fd=7, pipe_handle=13)' --multiprocessing-fork

src/sim/mem_state.cc:443: info: Increasing stack size by one page.
src/sim/syscall_emul.hh:1121: warn: readlink() called on '/proc/self/exe' may yield unexpected results in various settings.
      Returning '/home/fdemirel/HPC_Lab_Proj/benchmarks/spmv/spmv-m5.x'
src/arch/arm/insts/pseudo.cc:174: warn: 	instruction 'bti' unimplemented
src/sim/mem_state.cc:443: info: Increasing stack size by one page.
src/sim/mem_state.cc:443: info: Increasing stack size by one page.
src/sim/mem_state.cc:443: info: Increasing stack size by one page.
src/sim/mem_state.cc:443: info: Increasing stack size by one page.
src/sim/mem_state.cc:443: info: Increasing stack size by one page.
src/sim/mem_state.cc:443: info: Increasing stack size by one page.
src/sim/mem_state.cc:443: info: Increasing stack size by one page.
Global frequency set at 1000000000000 ticks per second
src/mem/dram_interface.cc:690: warn: DRAM device capacity (16384 Mbytes) does not match the address range assigned (512 Mbytes)
src/mem/dram_interface.cc:690: warn: DRAM device capacity (16384 Mbytes) does not match the address range assigned (512 Mbytes)
src/base/statistics.hh:279: warn: One of the stats is a legacy stat. Legacy stat is a stat that does not belong to any statistics::Group. Legacy stat is deprecated.
board.remote_gdb: Listening for connections on port 7002
gem5 Simulator System.  https://www.gem5.org
gem5 is copyrighted software; use the --copyright option for details.

gem5 version 25.0.0.1
gem5 compiled May  5 2026 12:55:05
gem5 started Jun 12 2026 20:41:37
gem5 executing on cn27.guoehi.cluster, pid 165994
command line: /home/fdemirel/HPC_Lab_Proj/stride/../../gem5/build/ALL/gem5.opt -s --outdir=results_stride_multisim --stdout-file=bfs_stride_deg16_dist4_l2_ddr4_2x_simout.txt --stderr-file=bfs_stride_deg16_dist4_l2_ddr4_2x_simerr.txt --stats-file=stats.txt -c 'from multiprocessing.spawn import spawn_main; spawn_main(tracker_fd=7, pipe_handle=13)' --multiprocessing-fork

src/sim/mem_state.cc:443: info: Increasing stack size by one page.
src/sim/syscall_emul.hh:1121: warn: readlink() called on '/proc/self/exe' may yield unexpected results in various settings.
      Returning '/home/fdemirel/HPC_Lab_Proj/benchmarks/bfs/bfs-m5.x'
src/arch/arm/insts/pseudo.cc:174: warn: 	instruction 'bti' unimplemented
Beginning BFS ...
----quick sort----
Array SIZE      : 131072 
random_elem:0, /home/fdemirel/HPC_Lab_Proj/benchmarks/quick/quick-m5.x
Execution time: 8.631814 (ms) 
Global frequency set at 1000000000000 ticks per second
src/mem/dram_interface.cc:690: warn: DRAM device capacity (16384 Mbytes) does not match the address range assigned (512 Mbytes)
src/mem/dram_interface.cc:690: warn: DRAM device capacity (16384 Mbytes) does not match the address range assigned (512 Mbytes)
src/base/statistics.hh:279: warn: One of the stats is a legacy stat. Legacy stat is a stat that does not belong to any statistics::Group. Legacy stat is deprecated.
board.remote_gdb: Listening for connections on port 7000
gem5 Simulator System.  https://www.gem5.org
gem5 is copyrighted software; use the --copyright option for details.

gem5 version 25.0.0.1
gem5 compiled May  5 2026 12:55:05
gem5 started Jun 12 2026 20:42:12
gem5 executing on cn27.guoehi.cluster, pid 166002
command line: /home/fdemirel/HPC_Lab_Proj/stride/../../gem5/build/ALL/gem5.opt -s --outdir=results_stride_multisim --stdout-file=merge_stride_deg32_dist4_l1d_ddr4_2x_simout.txt --stderr-file=merge_stride_deg32_dist4_l1d_ddr4_2x_simerr.txt --stats-file=stats.txt -c 'from multiprocessing.spawn import spawn_main; spawn_main(tracker_fd=7, pipe_handle=13)' --multiprocessing-fork

src/sim/mem_state.cc:443: info: Increasing stack size by one page.
src/sim/syscall_emul.hh:1121: warn: readlink() called on '/proc/self/exe' may yield unexpected results in various settings.
      Returning '/home/fdemirel/HPC_Lab_Proj/benchmarks/merge/merge-m5.x'
src/arch/arm/insts/pseudo.cc:174: warn: 	instruction 'bti' unimplemented

----merge----
Execution time: 10.204074 (ms) 
random_elem:0, /home/fdemirel/HPC_Lab_Proj/benchmarks/merge/merge-m5.x
----spmv----
N_ROWS          : 8192 
N_COLS          : 65536 
NNZ             : 524155 
Execution time: 7.589478 (ms) 
Global frequency set at 1000000000000 ticks per second
src/mem/dram_interface.cc:690: warn: DRAM device capacity (16384 Mbytes) does not match the address range assigned (512 Mbytes)
src/mem/dram_interface.cc:690: warn: DRAM device capacity (16384 Mbytes) does not match the address range assigned (512 Mbytes)
src/base/statistics.hh:279: warn: One of the stats is a legacy stat. Legacy stat is a stat that does not belong to any statistics::Group. Legacy stat is deprecated.
board.remote_gdb: Listening for connections on port 7001
gem5 Simulator System.  https://www.gem5.org
gem5 is copyrighted software; use the --copyright option for details.

gem5 version 25.0.0.1
gem5 compiled May  5 2026 12:55:05
gem5 started Jun 12 2026 20:43:29
gem5 executing on cn27.guoehi.cluster, pid 166006
command line: /home/fdemirel/HPC_Lab_Proj/stride/../../gem5/build/ALL/gem5.opt -s --outdir=results_stride_multisim --stdout-file=simple_triad_stride_deg4_dist8_l2_ddr4_2x_simout.txt --stderr-file=simple_triad_stride_deg4_dist8_l2_ddr4_2x_simerr.txt --stats-file=stats.txt -c 'from multiprocessing.spawn import spawn_main; spawn_main(tracker_fd=7, pipe_handle=13)' --multiprocessing-fork

src/sim/mem_state.cc:443: info: Increasing stack size by one page.
src/sim/syscall_emul.hh:1121: warn: readlink() called on '/proc/self/exe' may yield unexpected results in various settings.
      Returning '/home/fdemirel/HPC_Lab_Proj/benchmarks/simple_triad/simple_triad-m5.x'
Global frequency set at 1000000000000 ticks per second
src/mem/dram_interface.cc:690: warn: DRAM device capacity (16384 Mbytes) does not match the address range assigned (512 Mbytes)
src/mem/dram_interface.cc:690: warn: DRAM device capacity (16384 Mbytes) does not match the address range assigned (512 Mbytes)
src/base/statistics.hh:279: warn: One of the stats is a legacy stat. Legacy stat is a stat that does not belong to any statistics::Group. Legacy stat is deprecated.
board.remote_gdb: Listening for connections on port 7003
gem5 Simulator System.  https://www.gem5.org
gem5 is copyrighted software; use the --copyright option for details.

gem5 version 25.0.0.1
gem5 compiled May  5 2026 12:55:05
gem5 started Jun 12 2026 20:43:42
gem5 executing on cn27.guoehi.cluster, pid 166008
command line: /home/fdemirel/HPC_Lab_Proj/stride/../../gem5/build/ALL/gem5.opt -s --outdir=results_stride_multisim --stdout-file=bfs_stride_deg32_dist8_l1d_ddr4_2x_simout.txt --stderr-file=bfs_stride_deg32_dist8_l1d_ddr4_2x_simerr.txt --stats-file=stats.txt -c 'from multiprocessing.spawn import spawn_main; spawn_main(tracker_fd=7, pipe_handle=13)' --multiprocessing-fork

src/sim/mem_state.cc:443: info: Increasing stack size by one page.
src/sim/syscall_emul.hh:1121: warn: readlink() called on '/proc/self/exe' may yield unexpected results in various settings.
      Returning '/home/fdemirel/HPC_Lab_Proj/benchmarks/bfs/bfs-m5.x'
src/arch/arm/insts/pseudo.cc:174: warn: 	instruction 'bti' unimplemented
Beginning BFS ...
Array SIZE      : 1000000 
Array LOOP      : 1 

----triad----
a[0]=7.00e+00. b[0]=2.00e+00. c[0]=1.00e+00.
Execution time: 1.612844 (ms) 
   Rate [MB/s]: 14880.5 
Global frequency set at 1000000000000 ticks per second
src/mem/dram_interface.cc:690: warn: DRAM device capacity (16384 Mbytes) does not match the address range assigned (512 Mbytes)
src/mem/dram_interface.cc:690: warn: DRAM device capacity (16384 Mbytes) does not match the address range assigned (512 Mbytes)
src/base/statistics.hh:279: warn: One of the stats is a legacy stat. Legacy stat is a stat that does not belong to any statistics::Group. Legacy stat is deprecated.
board.remote_gdb: Listening for connections on port 7001
gem5 Simulator System.  https://www.gem5.org
gem5 is copyrighted software; use the --copyright option for details.

gem5 version 25.0.0.1
gem5 compiled May  5 2026 12:55:05
gem5 started Jun 12 2026 20:45:19
gem5 executing on cn27.guoehi.cluster, pid 166017
command line: /home/fdemirel/HPC_Lab_Proj/stride/../../gem5/build/ALL/gem5.opt -s --outdir=results_stride_multisim --stdout-file=spmv_stride_deg4_dist16_l2_ddr4_2x_simout.txt --stderr-file=spmv_stride_deg4_dist16_l2_ddr4_2x_simerr.txt --stats-file=stats.txt -c 'from multiprocessing.spawn import spawn_main; spawn_main(tracker_fd=7, pipe_handle=13)' --multiprocessing-fork

src/sim/mem_state.cc:443: info: Increasing stack size by one page.
src/sim/syscall_emul.hh:1121: warn: readlink() called on '/proc/self/exe' may yield unexpected results in various settings.
      Returning '/home/fdemirel/HPC_Lab_Proj/benchmarks/spmv/spmv-m5.x'
src/arch/arm/insts/pseudo.cc:174: warn: 	instruction 'bti' unimplemented
src/sim/mem_state.cc:443: info: Increasing stack size by one page.
src/sim/mem_state.cc:443: info: Increasing stack size by one page.
src/sim/mem_state.cc:443: info: Increasing stack size by one page.
src/sim/mem_state.cc:443: info: Increasing stack size by one page.
src/sim/mem_state.cc:443: info: Increasing stack size by one page.
src/sim/mem_state.cc:443: info: Increasing stack size by one page.
src/sim/mem_state.cc:443: info: Increasing stack size by one page.

----merge----
Execution time: 9.832303 (ms) 
random_elem:0, /home/fdemirel/HPC_Lab_Proj/benchmarks/merge/merge-m5.x
----spmv----
N_ROWS          : 8192 
N_COLS          : 65536 
NNZ             : 524155 
Execution time: 6.947567 (ms) 
Finished BFS.
Global frequency set at 1000000000000 ticks per second
src/mem/dram_interface.cc:690: warn: DRAM device capacity (16384 Mbytes) does not match the address range assigned (1024 Mbytes)
src/base/statistics.hh:279: warn: One of the stats is a legacy stat. Legacy stat is a stat that does not belong to any statistics::Group. Legacy stat is deprecated.
board.remote_gdb: Listening for connections on port 7000
gem5 Simulator System.  https://www.gem5.org
gem5 is copyrighted software; use the --copyright option for details.

gem5 version 25.0.0.1
gem5 compiled May  5 2026 12:55:05
gem5 started Jun 12 2026 20:47:23
gem5 executing on cn27.guoehi.cluster, pid 166025
command line: /home/fdemirel/HPC_Lab_Proj/stride/../../gem5/build/ALL/gem5.opt -s --outdir=results_stride_multisim --stdout-file=simple_triad_stride_deg8_dist32_l1d_ddr4_1x_simout.txt --stderr-file=simple_triad_stride_deg8_dist32_l1d_ddr4_1x_simerr.txt --stats-file=stats.txt -c 'from multiprocessing.spawn import spawn_main; spawn_main(tracker_fd=7, pipe_handle=13)' --multiprocessing-fork

src/sim/mem_state.cc:443: info: Increasing stack size by one page.
src/sim/syscall_emul.hh:1121: warn: readlink() called on '/proc/self/exe' may yield unexpected results in various settings.
      Returning '/home/fdemirel/HPC_Lab_Proj/benchmarks/simple_triad/simple_triad-m5.x'
Global frequency set at 1000000000000 ticks per second
src/mem/dram_interface.cc:690: warn: DRAM device capacity (16384 Mbytes) does not match the address range assigned (512 Mbytes)
src/mem/dram_interface.cc:690: warn: DRAM device capacity (16384 Mbytes) does not match the address range assigned (512 Mbytes)
src/base/statistics.hh:279: warn: One of the stats is a legacy stat. Legacy stat is a stat that does not belong to any statistics::Group. Legacy stat is deprecated.
board.remote_gdb: Listening for connections on port 7001
gem5 Simulator System.  https://www.gem5.org
gem5 is copyrighted software; use the --copyright option for details.

gem5 version 25.0.0.1
gem5 compiled May  5 2026 12:55:05
gem5 started Jun 12 2026 20:47:26
gem5 executing on cn27.guoehi.cluster, pid 166027
command line: /home/fdemirel/HPC_Lab_Proj/stride/../../gem5/build/ALL/gem5.opt -s --outdir=results_stride_multisim --stdout-file=merge_stride_deg1_dist8_l1d_ddr4_2x_simout.txt --stderr-file=merge_stride_deg1_dist8_l1d_ddr4_2x_simerr.txt --stats-file=stats.txt -c 'from multiprocessing.spawn import spawn_main; spawn_main(tracker_fd=7, pipe_handle=13)' --multiprocessing-fork

src/sim/mem_state.cc:443: info: Increasing stack size by one page.
src/sim/syscall_emul.hh:1121: warn: readlink() called on '/proc/self/exe' may yield unexpected results in various settings.
      Returning '/home/fdemirel/HPC_Lab_Proj/benchmarks/merge/merge-m5.x'
Global frequency set at 1000000000000 ticks per second
src/arch/arm/insts/pseudo.cc:174: warn: 	instruction 'bti' unimplemented
src/mem/dram_interface.cc:690: warn: DRAM device capacity (16384 Mbytes) does not match the address range assigned (1024 Mbytes)
src/base/statistics.hh:279: warn: One of the stats is a legacy stat. Legacy stat is a stat that does not belong to any statistics::Group. Legacy stat is deprecated.
board.remote_gdb: Listening for connections on port 7002
gem5 Simulator System.  https://www.gem5.org
gem5 is copyrighted software; use the --copyright option for details.

gem5 version 25.0.0.1
gem5 compiled May  5 2026 12:55:05
gem5 started Jun 12 2026 20:47:27
gem5 executing on cn27.guoehi.cluster, pid 166028
command line: /home/fdemirel/HPC_Lab_Proj/stride/../../gem5/build/ALL/gem5.opt -s --outdir=results_stride_multisim --stdout-file=spmv_stride_deg16_dist4_l1d_ddr4_1x_simout.txt --stderr-file=spmv_stride_deg16_dist4_l1d_ddr4_1x_simerr.txt --stats-file=stats.txt -c 'from multiprocessing.spawn import spawn_main; spawn_main(tracker_fd=7, pipe_handle=13)' --multiprocessing-fork

src/sim/mem_state.cc:443: info: Increasing stack size by one page.
src/sim/syscall_emul.hh:1121: warn: readlink() called on '/proc/self/exe' may yield unexpected results in various settings.
      Returning '/home/fdemirel/HPC_Lab_Proj/benchmarks/spmv/spmv-m5.x'
src/arch/arm/insts/pseudo.cc:174: warn: 	instruction 'bti' unimplemented
src/sim/mem_state.cc:443: info: Increasing stack size by one page.
src/sim/mem_state.cc:443: info: Increasing stack size by one page.
src/sim/mem_state.cc:443: info: Increasing stack size by one page.
src/sim/mem_state.cc:443: info: Increasing stack size by one page.
src/sim/mem_state.cc:443: info: Increasing stack size by one page.
src/sim/mem_state.cc:443: info: Increasing stack size by one page.
src/sim/mem_state.cc:443: info: Increasing stack size by one page.
Array SIZE      : 1000000 
Array LOOP      : 1 

----triad----
a[0]=7.00e+00. b[0]=2.00e+00. c[0]=1.00e+00.
Execution time: 2.929027 (ms) 
   Rate [MB/s]: 8193.8 
----spmv----
N_ROWS          : 8192 
N_COLS          : 65536 
NNZ             : 524155 
Execution time: 6.831854 (ms) 
Global frequency set at 1000000000000 ticks per second
src/mem/dram_interface.cc:690: warn: DRAM device capacity (16384 Mbytes) does not match the address range assigned (1024 Mbytes)
src/base/statistics.hh:279: warn: One of the stats is a legacy stat. Legacy stat is a stat that does not belong to any statistics::Group. Legacy stat is deprecated.
board.remote_gdb: Listening for connections on port 7000
gem5 Simulator System.  https://www.gem5.org
gem5 is copyrighted software; use the --copyright option for details.

gem5 version 25.0.0.1
gem5 compiled May  5 2026 12:55:05
gem5 started Jun 12 2026 20:49:17
gem5 executing on cn27.guoehi.cluster, pid 166041
command line: /home/fdemirel/HPC_Lab_Proj/stride/../../gem5/build/ALL/gem5.opt -s --outdir=results_stride_multisim --stdout-file=matmult_stride_deg16_dist1_l1d_ddr4_1x_simout.txt --stderr-file=matmult_stride_deg16_dist1_l1d_ddr4_1x_simerr.txt --stats-file=stats.txt -c 'from multiprocessing.spawn import spawn_main; spawn_main(tracker_fd=7, pipe_handle=13)' --multiprocessing-fork

src/sim/mem_state.cc:443: info: Increasing stack size by one page.
src/sim/syscall_emul.hh:1121: warn: readlink() called on '/proc/self/exe' may yield unexpected results in various settings.
      Returning '/home/fdemirel/HPC_Lab_Proj/benchmarks/matmult/matmult-m5.x'
src/arch/arm/insts/pseudo.cc:174: warn: 	instruction 'bti' unimplemented
Global frequency set at 1000000000000 ticks per second
src/mem/dram_interface.cc:690: warn: DRAM device capacity (16384 Mbytes) does not match the address range assigned (512 Mbytes)
src/mem/dram_interface.cc:690: warn: DRAM device capacity (16384 Mbytes) does not match the address range assigned (512 Mbytes)
src/base/statistics.hh:279: warn: One of the stats is a legacy stat. Legacy stat is a stat that does not belong to any statistics::Group. Legacy stat is deprecated.
board.remote_gdb: Listening for connections on port 7002
gem5 Simulator System.  https://www.gem5.org
gem5 is copyrighted software; use the --copyright option for details.

gem5 version 25.0.0.1
gem5 compiled May  5 2026 12:55:05
gem5 started Jun 12 2026 20:49:34
gem5 executing on cn27.guoehi.cluster, pid 166042
command line: /home/fdemirel/HPC_Lab_Proj/stride/../../gem5/build/ALL/gem5.opt -s --outdir=results_stride_multisim --stdout-file=simple_triad_stride_deg8_dist16_l1d_ddr4_2x_simout.txt --stderr-file=simple_triad_stride_deg8_dist16_l1d_ddr4_2x_simerr.txt --stats-file=stats.txt -c 'from multiprocessing.spawn import spawn_main; spawn_main(tracker_fd=7, pipe_handle=13)' --multiprocessing-fork

src/sim/mem_state.cc:443: info: Increasing stack size by one page.
src/sim/syscall_emul.hh:1121: warn: readlink() called on '/proc/self/exe' may yield unexpected results in various settings.
      Returning '/home/fdemirel/HPC_Lab_Proj/benchmarks/simple_triad/simple_triad-m5.x'
Finished BFS.
Global frequency set at 1000000000000 ticks per second
src/mem/dram_interface.cc:690: warn: DRAM device capacity (16384 Mbytes) does not match the address range assigned (1024 Mbytes)
src/base/statistics.hh:279: warn: One of the stats is a legacy stat. Legacy stat is a stat that does not belong to any statistics::Group. Legacy stat is deprecated.
board.remote_gdb: Listening for connections on port 7003
gem5 Simulator System.  https://www.gem5.org
gem5 is copyrighted software; use the --copyright option for details.

gem5 version 25.0.0.1
gem5 compiled May  5 2026 12:55:05
gem5 started Jun 12 2026 20:49:58
gem5 executing on cn27.guoehi.cluster, pid 166049
command line: /home/fdemirel/HPC_Lab_Proj/stride/../../gem5/build/ALL/gem5.opt -s --outdir=results_stride_multisim --stdout-file=quick_stride_deg16_dist16_l2_ddr4_1x_simout.txt --stderr-file=quick_stride_deg16_dist16_l2_ddr4_1x_simerr.txt --stats-file=stats.txt -c 'from multiprocessing.spawn import spawn_main; spawn_main(tracker_fd=7, pipe_handle=13)' --multiprocessing-fork

src/sim/mem_state.cc:443: info: Increasing stack size by one page.
src/sim/syscall_emul.hh:1121: warn: readlink() called on '/proc/self/exe' may yield unexpected results in various settings.
      Returning '/home/fdemirel/HPC_Lab_Proj/benchmarks/quick/quick-m5.x'
src/arch/arm/insts/pseudo.cc:174: warn: 	instruction 'bti' unimplemented

----MATRIX MULTIPLICATION----

----Computation starts----
Loop 0 ... 
argc = 2, A[argc][argc] = 0.500000, B[argc][argc] = 0.500000, C[argc][argc] = 0.500000 
Execution time: 1.190250 (ms) 
Global frequency set at 1000000000000 ticks per second
src/mem/dram_interface.cc:690: warn: DRAM device capacity (16384 Mbytes) does not match the address range assigned (1024 Mbytes)
src/base/statistics.hh:279: warn: One of the stats is a legacy stat. Legacy stat is a stat that does not belong to any statistics::Group. Legacy stat is deprecated.
board.remote_gdb: Listening for connections on port 7000
gem5 Simulator System.  https://www.gem5.org
gem5 is copyrighted software; use the --copyright option for details.

gem5 version 25.0.0.1
gem5 compiled May  5 2026 12:55:05
gem5 started Jun 12 2026 20:50:35
gem5 executing on cn27.guoehi.cluster, pid 166056
command line: /home/fdemirel/HPC_Lab_Proj/stride/../../gem5/build/ALL/gem5.opt -s --outdir=results_stride_multisim --stdout-file=merge_stride_deg16_dist8_l1d_ddr4_1x_simout.txt --stderr-file=merge_stride_deg16_dist8_l1d_ddr4_1x_simerr.txt --stats-file=stats.txt -c 'from multiprocessing.spawn import spawn_main; spawn_main(tracker_fd=7, pipe_handle=13)' --multiprocessing-fork

src/sim/mem_state.cc:443: info: Increasing stack size by one page.
src/sim/syscall_emul.hh:1121: warn: readlink() called on '/proc/self/exe' may yield unexpected results in various settings.
      Returning '/home/fdemirel/HPC_Lab_Proj/benchmarks/merge/merge-m5.x'
src/arch/arm/insts/pseudo.cc:174: warn: 	instruction 'bti' unimplemented
Array SIZE      : 1000000 
Array LOOP      : 1 

----triad----
a[0]=7.00e+00. b[0]=2.00e+00. c[0]=1.00e+00.
Execution time: 2.031364 (ms) 
   Rate [MB/s]: 11814.7 
Global frequency set at 1000000000000 ticks per second
src/mem/dram_interface.cc:690: warn: DRAM device capacity (16384 Mbytes) does not match the address range assigned (1024 Mbytes)
src/base/statistics.hh:279: warn: One of the stats is a legacy stat. Legacy stat is a stat that does not belong to any statistics::Group. Legacy stat is deprecated.
board.remote_gdb: Listening for connections on port 7002
gem5 Simulator System.  https://www.gem5.org
gem5 is copyrighted software; use the --copyright option for details.

gem5 version 25.0.0.1
gem5 compiled May  5 2026 12:55:05
gem5 started Jun 12 2026 20:51:25
gem5 executing on cn27.guoehi.cluster, pid 166060
command line: /home/fdemirel/HPC_Lab_Proj/stride/../../gem5/build/ALL/gem5.opt -s --outdir=results_stride_multisim --stdout-file=spmv_stride_deg16_dist4_l2_ddr4_1x_simout.txt --stderr-file=spmv_stride_deg16_dist4_l2_ddr4_1x_simerr.txt --stats-file=stats.txt -c 'from multiprocessing.spawn import spawn_main; spawn_main(tracker_fd=7, pipe_handle=13)' --multiprocessing-fork

src/sim/mem_state.cc:443: info: Increasing stack size by one page.
src/sim/syscall_emul.hh:1121: warn: readlink() called on '/proc/self/exe' may yield unexpected results in various settings.
      Returning '/home/fdemirel/HPC_Lab_Proj/benchmarks/spmv/spmv-m5.x'
src/arch/arm/insts/pseudo.cc:174: warn: 	instruction 'bti' unimplemented
src/sim/mem_state.cc:443: info: Increasing stack size by one page.
src/sim/mem_state.cc:443: info: Increasing stack size by one page.
src/sim/mem_state.cc:443: info: Increasing stack size by one page.
src/sim/mem_state.cc:443: info: Increasing stack size by one page.
src/sim/mem_state.cc:443: info: Increasing stack size by one page.
src/sim/mem_state.cc:443: info: Increasing stack size by one page.
src/sim/mem_state.cc:443: info: Increasing stack size by one page.

----merge----
Execution time: 10.162177 (ms) 
random_elem:0, /home/fdemirel/HPC_Lab_Proj/benchmarks/merge/merge-m5.x
Global frequency set at 1000000000000 ticks per second
src/mem/dram_interface.cc:690: warn: DRAM device capacity (16384 Mbytes) does not match the address range assigned (512 Mbytes)
src/mem/dram_interface.cc:690: warn: DRAM device capacity (16384 Mbytes) does not match the address range assigned (512 Mbytes)
src/base/statistics.hh:279: warn: One of the stats is a legacy stat. Legacy stat is a stat that does not belong to any statistics::Group. Legacy stat is deprecated.
board.remote_gdb: Listening for connections on port 7001
gem5 Simulator System.  https://www.gem5.org
gem5 is copyrighted software; use the --copyright option for details.

gem5 version 25.0.0.1
gem5 compiled May  5 2026 12:55:05
gem5 started Jun 12 2026 20:52:33
gem5 executing on cn27.guoehi.cluster, pid 166065
command line: /home/fdemirel/HPC_Lab_Proj/stride/../../gem5/build/ALL/gem5.opt -s --outdir=results_stride_multisim --stdout-file=matmult_stride_deg1_dist4_l2_ddr4_2x_simout.txt --stderr-file=matmult_stride_deg1_dist4_l2_ddr4_2x_simerr.txt --stats-file=stats.txt -c 'from multiprocessing.spawn import spawn_main; spawn_main(tracker_fd=7, pipe_handle=13)' --multiprocessing-fork

src/sim/mem_state.cc:443: info: Increasing stack size by one page.
src/sim/syscall_emul.hh:1121: warn: readlink() called on '/proc/self/exe' may yield unexpected results in various settings.
      Returning '/home/fdemirel/HPC_Lab_Proj/benchmarks/matmult/matmult-m5.x'
src/arch/arm/insts/pseudo.cc:174: warn: 	instruction 'bti' unimplemented
----spmv----
N_ROWS          : 8192 
N_COLS          : 65536 
NNZ             : 524155 
Execution time: 7.167855 (ms) 

----MATRIX MULTIPLICATION----

----Computation starts----
Loop 0 ... 
argc = 2, A[argc][argc] = 0.500000, B[argc][argc] = 0.500000, C[argc][argc] = 0.500000 
Execution time: 1.210702 (ms) 
Global frequency set at 1000000000000 ticks per second
src/mem/dram_interface.cc:690: warn: DRAM device capacity (16384 Mbytes) does not match the address range assigned (1024 Mbytes)
src/base/statistics.hh:279: warn: One of the stats is a legacy stat. Legacy stat is a stat that does not belong to any statistics::Group. Legacy stat is deprecated.
board.remote_gdb: Listening for connections on port 7001
gem5 Simulator System.  https://www.gem5.org
gem5 is copyrighted software; use the --copyright option for details.

gem5 version 25.0.0.1
gem5 compiled May  5 2026 12:55:05
gem5 started Jun 12 2026 20:53:30
gem5 executing on cn27.guoehi.cluster, pid 166070
command line: /home/fdemirel/HPC_Lab_Proj/stride/../../gem5/build/ALL/gem5.opt -s --outdir=results_stride_multisim --stdout-file=simple_triad_stride_deg1_dist4_l1d_ddr4_1x_simout.txt --stderr-file=simple_triad_stride_deg1_dist4_l1d_ddr4_1x_simerr.txt --stats-file=stats.txt -c 'from multiprocessing.spawn import spawn_main; spawn_main(tracker_fd=7, pipe_handle=13)' --multiprocessing-fork

src/sim/mem_state.cc:443: info: Increasing stack size by one page.
src/sim/syscall_emul.hh:1121: warn: readlink() called on '/proc/self/exe' may yield unexpected results in various settings.
      Returning '/home/fdemirel/HPC_Lab_Proj/benchmarks/simple_triad/simple_triad-m5.x'
Global frequency set at 1000000000000 ticks per second
src/mem/dram_interface.cc:690: warn: DRAM device capacity (16384 Mbytes) does not match the address range assigned (1024 Mbytes)
src/base/statistics.hh:279: warn: One of the stats is a legacy stat. Legacy stat is a stat that does not belong to any statistics::Group. Legacy stat is deprecated.
board.remote_gdb: Listening for connections on port 7002
gem5 Simulator System.  https://www.gem5.org
gem5 is copyrighted software; use the --copyright option for details.

gem5 version 25.0.0.1
gem5 compiled May  5 2026 12:55:05
gem5 started Jun 12 2026 20:53:47
gem5 executing on cn27.guoehi.cluster, pid 166072
command line: /home/fdemirel/HPC_Lab_Proj/stride/../../gem5/build/ALL/gem5.opt -s --outdir=results_stride_multisim --stdout-file=quick_stride_deg4_dist1_l1d_ddr4_1x_simout.txt --stderr-file=quick_stride_deg4_dist1_l1d_ddr4_1x_simerr.txt --stats-file=stats.txt -c 'from multiprocessing.spawn import spawn_main; spawn_main(tracker_fd=7, pipe_handle=13)' --multiprocessing-fork

src/sim/mem_state.cc:443: info: Increasing stack size by one page.
src/sim/syscall_emul.hh:1121: warn: readlink() called on '/proc/self/exe' may yield unexpected results in various settings.
      Returning '/home/fdemirel/HPC_Lab_Proj/benchmarks/quick/quick-m5.x'
src/arch/arm/insts/pseudo.cc:174: warn: 	instruction 'bti' unimplemented
----quick sort----
Array SIZE      : 131072 
random_elem:0, /home/fdemirel/HPC_Lab_Proj/benchmarks/quick/quick-m5.x
Execution time: 8.923061 (ms) 
Global frequency set at 1000000000000 ticks per second
src/mem/dram_interface.cc:690: warn: DRAM device capacity (16384 Mbytes) does not match the address range assigned (1024 Mbytes)
src/base/statistics.hh:279: warn: One of the stats is a legacy stat. Legacy stat is a stat that does not belong to any statistics::Group. Legacy stat is deprecated.
board.remote_gdb: Listening for connections on port 7003
gem5 Simulator System.  https://www.gem5.org
gem5 is copyrighted software; use the --copyright option for details.

gem5 version 25.0.0.1
gem5 compiled May  5 2026 12:55:05
gem5 started Jun 12 2026 20:54:15
gem5 executing on cn27.guoehi.cluster, pid 166079
command line: /home/fdemirel/HPC_Lab_Proj/stride/../../gem5/build/ALL/gem5.opt -s --outdir=results_stride_multisim --stdout-file=merge_stride_deg1_dist32_l1d_ddr4_1x_simout.txt --stderr-file=merge_stride_deg1_dist32_l1d_ddr4_1x_simerr.txt --stats-file=stats.txt -c 'from multiprocessing.spawn import spawn_main; spawn_main(tracker_fd=7, pipe_handle=13)' --multiprocessing-fork

src/sim/mem_state.cc:443: info: Increasing stack size by one page.
src/sim/syscall_emul.hh:1121: warn: readlink() called on '/proc/self/exe' may yield unexpected results in various settings.
      Returning '/home/fdemirel/HPC_Lab_Proj/benchmarks/merge/merge-m5.x'
src/arch/arm/insts/pseudo.cc:174: warn: 	instruction 'bti' unimplemented
Array SIZE      : 1000000 
Array LOOP      : 1 

----triad----
a[0]=7.00e+00. b[0]=2.00e+00. c[0]=1.00e+00.
Execution time: 2.623227 (ms) 
   Rate [MB/s]: 9149.0 

----merge----
Execution time: 10.050182 (ms) 
random_elem:0, /home/fdemirel/HPC_Lab_Proj/benchmarks/merge/merge-m5.x
Global frequency set at 1000000000000 ticks per second
src/mem/dram_interface.cc:690: warn: DRAM device capacity (16384 Mbytes) does not match the address range assigned (1024 Mbytes)
src/base/statistics.hh:279: warn: One of the stats is a legacy stat. Legacy stat is a stat that does not belong to any statistics::Group. Legacy stat is deprecated.
board.remote_gdb: Listening for connections on port 7000
gem5 Simulator System.  https://www.gem5.org
gem5 is copyrighted software; use the --copyright option for details.

gem5 version 25.0.0.1
gem5 compiled May  5 2026 12:55:05
gem5 started Jun 12 2026 20:55:31
gem5 executing on cn27.guoehi.cluster, pid 166084
command line: /home/fdemirel/HPC_Lab_Proj/stride/../../gem5/build/ALL/gem5.opt -s --outdir=results_stride_multisim --stdout-file=bfs_stride_deg4_dist4_l1d_ddr4_1x_simout.txt --stderr-file=bfs_stride_deg4_dist4_l1d_ddr4_1x_simerr.txt --stats-file=stats.txt -c 'from multiprocessing.spawn import spawn_main; spawn_main(tracker_fd=7, pipe_handle=13)' --multiprocessing-fork

src/sim/mem_state.cc:443: info: Increasing stack size by one page.
src/sim/syscall_emul.hh:1121: warn: readlink() called on '/proc/self/exe' may yield unexpected results in various settings.
      Returning '/home/fdemirel/HPC_Lab_Proj/benchmarks/bfs/bfs-m5.x'
src/arch/arm/insts/pseudo.cc:174: warn: 	instruction 'bti' unimplemented
Beginning BFS ...
Global frequency set at 1000000000000 ticks per second
src/mem/dram_interface.cc:690: warn: DRAM device capacity (16384 Mbytes) does not match the address range assigned (512 Mbytes)
src/mem/dram_interface.cc:690: warn: DRAM device capacity (16384 Mbytes) does not match the address range assigned (512 Mbytes)
src/base/statistics.hh:279: warn: One of the stats is a legacy stat. Legacy stat is a stat that does not belong to any statistics::Group. Legacy stat is deprecated.
board.remote_gdb: Listening for connections on port 7001
gem5 Simulator System.  https://www.gem5.org
gem5 is copyrighted software; use the --copyright option for details.

gem5 version 25.0.0.1
gem5 compiled May  5 2026 12:55:05
gem5 started Jun 12 2026 20:55:43
gem5 executing on cn27.guoehi.cluster, pid 166087
command line: /home/fdemirel/HPC_Lab_Proj/stride/../../gem5/build/ALL/gem5.opt -s --outdir=results_stride_multisim --stdout-file=spmv_stride_deg8_dist32_l2_ddr4_2x_simout.txt --stderr-file=spmv_stride_deg8_dist32_l2_ddr4_2x_simerr.txt --stats-file=stats.txt -c 'from multiprocessing.spawn import spawn_main; spawn_main(tracker_fd=7, pipe_handle=13)' --multiprocessing-fork

src/sim/mem_state.cc:443: info: Increasing stack size by one page.
src/sim/syscall_emul.hh:1121: warn: readlink() called on '/proc/self/exe' may yield unexpected results in various settings.
      Returning '/home/fdemirel/HPC_Lab_Proj/benchmarks/spmv/spmv-m5.x'
src/arch/arm/insts/pseudo.cc:174: warn: 	instruction 'bti' unimplemented
src/sim/mem_state.cc:443: info: Increasing stack size by one page.
src/sim/mem_state.cc:443: info: Increasing stack size by one page.
src/sim/mem_state.cc:443: info: Increasing stack size by one page.
src/sim/mem_state.cc:443: info: Increasing stack size by one page.
src/sim/mem_state.cc:443: info: Increasing stack size by one page.
src/sim/mem_state.cc:443: info: Increasing stack size by one page.
src/sim/mem_state.cc:443: info: Increasing stack size by one page.
----spmv----
N_ROWS          : 8192 
N_COLS          : 65536 
NNZ             : 524155 
Execution time: 6.878773 (ms) 
----quick sort----
Array SIZE      : 131072 
random_elem:0, /home/fdemirel/HPC_Lab_Proj/benchmarks/quick/quick-m5.x
Execution time: 8.267140 (ms) 
Global frequency set at 1000000000000 ticks per second
src/mem/dram_interface.cc:690: warn: DRAM device capacity (16384 Mbytes) does not match the address range assigned (512 Mbytes)
src/mem/dram_interface.cc:690: warn: DRAM device capacity (16384 Mbytes) does not match the address range assigned (512 Mbytes)
src/base/statistics.hh:279: warn: One of the stats is a legacy stat. Legacy stat is a stat that does not belong to any statistics::Group. Legacy stat is deprecated.
board.remote_gdb: Listening for connections on port 7001
gem5 Simulator System.  https://www.gem5.org
gem5 is copyrighted software; use the --copyright option for details.

gem5 version 25.0.0.1
gem5 compiled May  5 2026 12:55:05
gem5 started Jun 12 2026 20:57:48
gem5 executing on cn27.guoehi.cluster, pid 166097
command line: /home/fdemirel/HPC_Lab_Proj/stride/../../gem5/build/ALL/gem5.opt -s --outdir=results_stride_multisim --stdout-file=merge_stride_deg4_dist16_l1d_ddr4_2x_simout.txt --stderr-file=merge_stride_deg4_dist16_l1d_ddr4_2x_simerr.txt --stats-file=stats.txt -c 'from multiprocessing.spawn import spawn_main; spawn_main(tracker_fd=7, pipe_handle=13)' --multiprocessing-fork

src/sim/mem_state.cc:443: info: Increasing stack size by one page.
src/sim/syscall_emul.hh:1121: warn: readlink() called on '/proc/self/exe' may yield unexpected results in various settings.
      Returning '/home/fdemirel/HPC_Lab_Proj/benchmarks/merge/merge-m5.x'
src/arch/arm/insts/pseudo.cc:174: warn: 	instruction 'bti' unimplemented
Global frequency set at 1000000000000 ticks per second
src/mem/dram_interface.cc:690: warn: DRAM device capacity (16384 Mbytes) does not match the address range assigned (512 Mbytes)
src/mem/dram_interface.cc:690: warn: DRAM device capacity (16384 Mbytes) does not match the address range assigned (512 Mbytes)
src/base/statistics.hh:279: warn: One of the stats is a legacy stat. Legacy stat is a stat that does not belong to any statistics::Group. Legacy stat is deprecated.
board.remote_gdb: Listening for connections on port 7002
gem5 Simulator System.  https://www.gem5.org
gem5 is copyrighted software; use the --copyright option for details.

gem5 version 25.0.0.1
gem5 compiled May  5 2026 12:55:05
gem5 started Jun 12 2026 20:57:57
gem5 executing on cn27.guoehi.cluster, pid 166098
command line: /home/fdemirel/HPC_Lab_Proj/stride/../../gem5/build/ALL/gem5.opt -s --outdir=results_stride_multisim --stdout-file=quick_stride_deg32_dist4_l1d_ddr4_2x_simout.txt --stderr-file=quick_stride_deg32_dist4_l1d_ddr4_2x_simerr.txt --stats-file=stats.txt -c 'from multiprocessing.spawn import spawn_main; spawn_main(tracker_fd=7, pipe_handle=13)' --multiprocessing-fork

src/sim/mem_state.cc:443: info: Increasing stack size by one page.
src/sim/syscall_emul.hh:1121: warn: readlink() called on '/proc/self/exe' may yield unexpected results in various settings.
      Returning '/home/fdemirel/HPC_Lab_Proj/benchmarks/quick/quick-m5.x'
src/arch/arm/insts/pseudo.cc:174: warn: 	instruction 'bti' unimplemented

----merge----
Execution time: 10.702459 (ms) 
random_elem:0, /home/fdemirel/HPC_Lab_Proj/benchmarks/merge/merge-m5.x
Global frequency set at 1000000000000 ticks per second
src/mem/dram_interface.cc:690: warn: DRAM device capacity (16384 Mbytes) does not match the address range assigned (512 Mbytes)
src/mem/dram_interface.cc:690: warn: DRAM device capacity (16384 Mbytes) does not match the address range assigned (512 Mbytes)
src/base/statistics.hh:279: warn: One of the stats is a legacy stat. Legacy stat is a stat that does not belong to any statistics::Group. Legacy stat is deprecated.
board.remote_gdb: Listening for connections on port 7003
gem5 Simulator System.  https://www.gem5.org
gem5 is copyrighted software; use the --copyright option for details.

gem5 version 25.0.0.1
gem5 compiled May  5 2026 12:55:05
gem5 started Jun 12 2026 20:59:23
gem5 executing on cn27.guoehi.cluster, pid 166113
command line: /home/fdemirel/HPC_Lab_Proj/stride/../../gem5/build/ALL/gem5.opt -s --outdir=results_stride_multisim --stdout-file=simple_triad_stride_deg16_dist32_l1d_ddr4_2x_simout.txt --stderr-file=simple_triad_stride_deg16_dist32_l1d_ddr4_2x_simerr.txt --stats-file=stats.txt -c 'from multiprocessing.spawn import spawn_main; spawn_main(tracker_fd=7, pipe_handle=13)' --multiprocessing-fork

src/sim/mem_state.cc:443: info: Increasing stack size by one page.
src/sim/syscall_emul.hh:1121: warn: readlink() called on '/proc/self/exe' may yield unexpected results in various settings.
      Returning '/home/fdemirel/HPC_Lab_Proj/benchmarks/simple_triad/simple_triad-m5.x'
Array SIZE      : 1000000 
Array LOOP      : 1 

----triad----
a[0]=7.00e+00. b[0]=2.00e+00. c[0]=1.00e+00.
Execution time: 2.326587 (ms) 
   Rate [MB/s]: 10315.5 
Global frequency set at 1000000000000 ticks per second
src/mem/dram_interface.cc:690: warn: DRAM device capacity (16384 Mbytes) does not match the address range assigned (512 Mbytes)
src/mem/dram_interface.cc:690: warn: DRAM device capacity (16384 Mbytes) does not match the address range assigned (512 Mbytes)
src/base/statistics.hh:279: warn: One of the stats is a legacy stat. Legacy stat is a stat that does not belong to any statistics::Group. Legacy stat is deprecated.
board.remote_gdb: Listening for connections on port 7003
gem5 Simulator System.  https://www.gem5.org
gem5 is copyrighted software; use the --copyright option for details.

gem5 version 25.0.0.1
gem5 compiled May  5 2026 12:55:05
gem5 started Jun 12 2026 21:01:13
gem5 executing on cn27.guoehi.cluster, pid 166121
command line: /home/fdemirel/HPC_Lab_Proj/stride/../../gem5/build/ALL/gem5.opt -s --outdir=results_stride_multisim --stdout-file=bfs_stride_deg4_dist32_l1d_ddr4_2x_simout.txt --stderr-file=bfs_stride_deg4_dist32_l1d_ddr4_2x_simerr.txt --stats-file=stats.txt -c 'from multiprocessing.spawn import spawn_main; spawn_main(tracker_fd=7, pipe_handle=13)' --multiprocessing-fork

src/sim/mem_state.cc:443: info: Increasing stack size by one page.
src/sim/syscall_emul.hh:1121: warn: readlink() called on '/proc/self/exe' may yield unexpected results in various settings.
      Returning '/home/fdemirel/HPC_Lab_Proj/benchmarks/bfs/bfs-m5.x'
src/arch/arm/insts/pseudo.cc:174: warn: 	instruction 'bti' unimplemented
Beginning BFS ...
Finished BFS.
Global frequency set at 1000000000000 ticks per second
src/mem/dram_interface.cc:690: warn: DRAM device capacity (16384 Mbytes) does not match the address range assigned (512 Mbytes)
src/mem/dram_interface.cc:690: warn: DRAM device capacity (16384 Mbytes) does not match the address range assigned (512 Mbytes)
src/base/statistics.hh:279: warn: One of the stats is a legacy stat. Legacy stat is a stat that does not belong to any statistics::Group. Legacy stat is deprecated.
board.remote_gdb: Listening for connections on port 7000
gem5 Simulator System.  https://www.gem5.org
gem5 is copyrighted software; use the --copyright option for details.

gem5 version 25.0.0.1
gem5 compiled May  5 2026 12:55:05
gem5 started Jun 12 2026 21:01:42
gem5 executing on cn27.guoehi.cluster, pid 166125
command line: /home/fdemirel/HPC_Lab_Proj/stride/../../gem5/build/ALL/gem5.opt -s --outdir=results_stride_multisim --stdout-file=spmv_stride_deg32_dist1_l1d_ddr4_2x_simout.txt --stderr-file=spmv_stride_deg32_dist1_l1d_ddr4_2x_simerr.txt --stats-file=stats.txt -c 'from multiprocessing.spawn import spawn_main; spawn_main(tracker_fd=7, pipe_handle=13)' --multiprocessing-fork

src/sim/mem_state.cc:443: info: Increasing stack size by one page.
src/sim/syscall_emul.hh:1121: warn: readlink() called on '/proc/self/exe' may yield unexpected results in various settings.
      Returning '/home/fdemirel/HPC_Lab_Proj/benchmarks/spmv/spmv-m5.x'
src/arch/arm/insts/pseudo.cc:174: warn: 	instruction 'bti' unimplemented
src/sim/mem_state.cc:443: info: Increasing stack size by one page.
src/sim/mem_state.cc:443: info: Increasing stack size by one page.
src/sim/mem_state.cc:443: info: Increasing stack size by one page.
src/sim/mem_state.cc:443: info: Increasing stack size by one page.
src/sim/mem_state.cc:443: info: Increasing stack size by one page.
src/sim/mem_state.cc:443: info: Increasing stack size by one page.
src/sim/mem_state.cc:443: info: Increasing stack size by one page.
----quick sort----
Array SIZE      : 131072 
random_elem:0, /home/fdemirel/HPC_Lab_Proj/benchmarks/quick/quick-m5.x
Execution time: 8.337287 (ms) 
Global frequency set at 1000000000000 ticks per second
src/mem/dram_interface.cc:690: warn: DRAM device capacity (16384 Mbytes) does not match the address range assigned (512 Mbytes)
src/mem/dram_interface.cc:690: warn: DRAM device capacity (16384 Mbytes) does not match the address range assigned (512 Mbytes)
src/base/statistics.hh:279: warn: One of the stats is a legacy stat. Legacy stat is a stat that does not belong to any statistics::Group. Legacy stat is deprecated.
board.remote_gdb: Listening for connections on port 7002
gem5 Simulator System.  https://www.gem5.org
gem5 is copyrighted software; use the --copyright option for details.

gem5 version 25.0.0.1
gem5 compiled May  5 2026 12:55:05
gem5 started Jun 12 2026 21:02:05
gem5 executing on cn27.guoehi.cluster, pid 166129
command line: /home/fdemirel/HPC_Lab_Proj/stride/../../gem5/build/ALL/gem5.opt -s --outdir=results_stride_multisim --stdout-file=matmult_stride_deg4_dist8_l2_ddr4_2x_simout.txt --stderr-file=matmult_stride_deg4_dist8_l2_ddr4_2x_simerr.txt --stats-file=stats.txt -c 'from multiprocessing.spawn import spawn_main; spawn_main(tracker_fd=7, pipe_handle=13)' --multiprocessing-fork

src/sim/mem_state.cc:443: info: Increasing stack size by one page.
src/sim/syscall_emul.hh:1121: warn: readlink() called on '/proc/self/exe' may yield unexpected results in various settings.
      Returning '/home/fdemirel/HPC_Lab_Proj/benchmarks/matmult/matmult-m5.x'
src/arch/arm/insts/pseudo.cc:174: warn: 	instruction 'bti' unimplemented

----merge----
Execution time: 10.290052 (ms) 
random_elem:0, /home/fdemirel/HPC_Lab_Proj/benchmarks/merge/merge-m5.x
Global frequency set at 1000000000000 ticks per second
src/mem/dram_interface.cc:690: warn: DRAM device capacity (16384 Mbytes) does not match the address range assigned (1024 Mbytes)
src/base/statistics.hh:279: warn: One of the stats is a legacy stat. Legacy stat is a stat that does not belong to any statistics::Group. Legacy stat is deprecated.
board.remote_gdb: Listening for connections on port 7001
gem5 Simulator System.  https://www.gem5.org
gem5 is copyrighted software; use the --copyright option for details.

gem5 version 25.0.0.1
gem5 compiled May  5 2026 12:55:05
gem5 started Jun 12 2026 21:02:46
gem5 executing on cn27.guoehi.cluster, pid 166133
command line: /home/fdemirel/HPC_Lab_Proj/stride/../../gem5/build/ALL/gem5.opt -s --outdir=results_stride_multisim --stdout-file=quick_stride_deg16_dist8_l1d_ddr4_1x_simout.txt --stderr-file=quick_stride_deg16_dist8_l1d_ddr4_1x_simerr.txt --stats-file=stats.txt -c 'from multiprocessing.spawn import spawn_main; spawn_main(tracker_fd=7, pipe_handle=13)' --multiprocessing-fork

src/sim/mem_state.cc:443: info: Increasing stack size by one page.
src/sim/syscall_emul.hh:1121: warn: readlink() called on '/proc/self/exe' may yield unexpected results in various settings.
      Returning '/home/fdemirel/HPC_Lab_Proj/benchmarks/quick/quick-m5.x'
src/arch/arm/insts/pseudo.cc:174: warn: 	instruction 'bti' unimplemented

----MATRIX MULTIPLICATION----

----Computation starts----
Loop 0 ... 
argc = 2, A[argc][argc] = 0.500000, B[argc][argc] = 0.500000, C[argc][argc] = 0.500000 
Execution time: 1.214203 (ms) 
Global frequency set at 1000000000000 ticks per second
src/mem/dram_interface.cc:690: warn: DRAM device capacity (16384 Mbytes) does not match the address range assigned (1024 Mbytes)
src/base/statistics.hh:279: warn: One of the stats is a legacy stat. Legacy stat is a stat that does not belong to any statistics::Group. Legacy stat is deprecated.
board.remote_gdb: Listening for connections on port 7002
gem5 Simulator System.  https://www.gem5.org
gem5 is copyrighted software; use the --copyright option for details.

gem5 version 25.0.0.1
gem5 compiled May  5 2026 12:55:05
gem5 started Jun 12 2026 21:03:18
gem5 executing on cn27.guoehi.cluster, pid 166136
command line: /home/fdemirel/HPC_Lab_Proj/stride/../../gem5/build/ALL/gem5.opt -s --outdir=results_stride_multisim --stdout-file=spmv_stride_deg16_dist1_l1d_ddr4_1x_simout.txt --stderr-file=spmv_stride_deg16_dist1_l1d_ddr4_1x_simerr.txt --stats-file=stats.txt -c 'from multiprocessing.spawn import spawn_main; spawn_main(tracker_fd=7, pipe_handle=13)' --multiprocessing-fork

src/sim/mem_state.cc:443: info: Increasing stack size by one page.
src/sim/syscall_emul.hh:1121: warn: readlink() called on '/proc/self/exe' may yield unexpected results in various settings.
      Returning '/home/fdemirel/HPC_Lab_Proj/benchmarks/spmv/spmv-m5.x'
src/arch/arm/insts/pseudo.cc:174: warn: 	instruction 'bti' unimplemented
src/sim/mem_state.cc:443: info: Increasing stack size by one page.
src/sim/mem_state.cc:443: info: Increasing stack size by one page.
src/sim/mem_state.cc:443: info: Increasing stack size by one page.
src/sim/mem_state.cc:443: info: Increasing stack size by one page.
src/sim/mem_state.cc:443: info: Increasing stack size by one page.
src/sim/mem_state.cc:443: info: Increasing stack size by one page.
src/sim/mem_state.cc:443: info: Increasing stack size by one page.
----spmv----
N_ROWS          : 8192 
N_COLS          : 65536 
NNZ             : 524155 
Execution time: 5.672430 (ms) 
Global frequency set at 1000000000000 ticks per second
src/mem/dram_interface.cc:690: warn: DRAM device capacity (16384 Mbytes) does not match the address range assigned (1024 Mbytes)
src/base/statistics.hh:279: warn: One of the stats is a legacy stat. Legacy stat is a stat that does not belong to any statistics::Group. Legacy stat is deprecated.
board.remote_gdb: Listening for connections on port 7000
gem5 Simulator System.  https://www.gem5.org
gem5 is copyrighted software; use the --copyright option for details.

gem5 version 25.0.0.1
gem5 compiled May  5 2026 12:55:05
gem5 started Jun 12 2026 21:03:57
gem5 executing on cn27.guoehi.cluster, pid 166142
command line: /home/fdemirel/HPC_Lab_Proj/stride/../../gem5/build/ALL/gem5.opt -s --outdir=results_stride_multisim --stdout-file=matmult_stride_deg8_dist32_l1d_ddr4_1x_simout.txt --stderr-file=matmult_stride_deg8_dist32_l1d_ddr4_1x_simerr.txt --stats-file=stats.txt -c 'from multiprocessing.spawn import spawn_main; spawn_main(tracker_fd=7, pipe_handle=13)' --multiprocessing-fork

src/sim/mem_state.cc:443: info: Increasing stack size by one page.
src/sim/syscall_emul.hh:1121: warn: readlink() called on '/proc/self/exe' may yield unexpected results in various settings.
      Returning '/home/fdemirel/HPC_Lab_Proj/benchmarks/matmult/matmult-m5.x'
src/arch/arm/insts/pseudo.cc:174: warn: 	instruction 'bti' unimplemented

----MATRIX MULTIPLICATION----

----Computation starts----
Loop 0 ... 
argc = 2, A[argc][argc] = 0.500000, B[argc][argc] = 0.500000, C[argc][argc] = 0.500000 
Execution time: 1.239038 (ms) 
Global frequency set at 1000000000000 ticks per second
src/mem/dram_interface.cc:690: warn: DRAM device capacity (16384 Mbytes) does not match the address range assigned (512 Mbytes)
src/mem/dram_interface.cc:690: warn: DRAM device capacity (16384 Mbytes) does not match the address range assigned (512 Mbytes)
src/base/statistics.hh:279: warn: One of the stats is a legacy stat. Legacy stat is a stat that does not belong to any statistics::Group. Legacy stat is deprecated.
board.remote_gdb: Listening for connections on port 7000
gem5 Simulator System.  https://www.gem5.org
gem5 is copyrighted software; use the --copyright option for details.

gem5 version 25.0.0.1
gem5 compiled May  5 2026 12:55:05
gem5 started Jun 12 2026 21:05:09
gem5 executing on cn27.guoehi.cluster, pid 166147
command line: /home/fdemirel/HPC_Lab_Proj/stride/../../gem5/build/ALL/gem5.opt -s --outdir=results_stride_multisim --stdout-file=quick_stride_deg32_dist4_l2_ddr4_2x_simout.txt --stderr-file=quick_stride_deg32_dist4_l2_ddr4_2x_simerr.txt --stats-file=stats.txt -c 'from multiprocessing.spawn import spawn_main; spawn_main(tracker_fd=7, pipe_handle=13)' --multiprocessing-fork

src/sim/mem_state.cc:443: info: Increasing stack size by one page.
src/sim/syscall_emul.hh:1121: warn: readlink() called on '/proc/self/exe' may yield unexpected results in various settings.
      Returning '/home/fdemirel/HPC_Lab_Proj/benchmarks/quick/quick-m5.x'
src/arch/arm/insts/pseudo.cc:174: warn: 	instruction 'bti' unimplemented
----spmv----
N_ROWS          : 8192 
N_COLS          : 65536 
NNZ             : 524155 
Execution time: 6.768110 (ms) 
Global frequency set at 1000000000000 ticks per second
src/mem/dram_interface.cc:690: warn: DRAM device capacity (16384 Mbytes) does not match the address range assigned (512 Mbytes)
src/mem/dram_interface.cc:690: warn: DRAM device capacity (16384 Mbytes) does not match the address range assigned (512 Mbytes)
src/base/statistics.hh:279: warn: One of the stats is a legacy stat. Legacy stat is a stat that does not belong to any statistics::Group. Legacy stat is deprecated.
board.remote_gdb: Listening for connections on port 7002
gem5 Simulator System.  https://www.gem5.org
gem5 is copyrighted software; use the --copyright option for details.

gem5 version 25.0.0.1
gem5 compiled May  5 2026 12:55:05
gem5 started Jun 12 2026 21:05:30
gem5 executing on cn27.guoehi.cluster, pid 166153
command line: /home/fdemirel/HPC_Lab_Proj/stride/../../gem5/build/ALL/gem5.opt -s --outdir=results_stride_multisim --stdout-file=matmult_stride_deg8_dist16_l1d_ddr4_2x_simout.txt --stderr-file=matmult_stride_deg8_dist16_l1d_ddr4_2x_simerr.txt --stats-file=stats.txt -c 'from multiprocessing.spawn import spawn_main; spawn_main(tracker_fd=7, pipe_handle=13)' --multiprocessing-fork

src/sim/mem_state.cc:443: info: Increasing stack size by one page.
src/sim/syscall_emul.hh:1121: warn: readlink() called on '/proc/self/exe' may yield unexpected results in various settings.
      Returning '/home/fdemirel/HPC_Lab_Proj/benchmarks/matmult/matmult-m5.x'
src/arch/arm/insts/pseudo.cc:174: warn: 	instruction 'bti' unimplemented

----MATRIX MULTIPLICATION----

----Computation starts----
Loop 0 ... 
argc = 2, A[argc][argc] = 0.500000, B[argc][argc] = 0.500000, C[argc][argc] = 0.500000 
Execution time: 1.245657 (ms) 
----quick sort----
Array SIZE      : 131072 
random_elem:0, /home/fdemirel/HPC_Lab_Proj/benchmarks/quick/quick-m5.x
Execution time: 8.461329 (ms) 
Global frequency set at 1000000000000 ticks per second
src/mem/dram_interface.cc:690: warn: DRAM device capacity (16384 Mbytes) does not match the address range assigned (1024 Mbytes)
src/base/statistics.hh:279: warn: One of the stats is a legacy stat. Legacy stat is a stat that does not belong to any statistics::Group. Legacy stat is deprecated.
board.remote_gdb: Listening for connections on port 7001
gem5 Simulator System.  https://www.gem5.org
gem5 is copyrighted software; use the --copyright option for details.

gem5 version 25.0.0.1
gem5 compiled May  5 2026 12:55:05
gem5 started Jun 12 2026 21:06:45
gem5 executing on cn27.guoehi.cluster, pid 166157
command line: /home/fdemirel/HPC_Lab_Proj/stride/../../gem5/build/ALL/gem5.opt -s --outdir=results_stride_multisim --stdout-file=merge_stride_deg16_dist4_l1d_ddr4_1x_simout.txt --stderr-file=merge_stride_deg16_dist4_l1d_ddr4_1x_simerr.txt --stats-file=stats.txt -c 'from multiprocessing.spawn import spawn_main; spawn_main(tracker_fd=7, pipe_handle=13)' --multiprocessing-fork

src/sim/mem_state.cc:443: info: Increasing stack size by one page.
src/sim/syscall_emul.hh:1121: warn: readlink() called on '/proc/self/exe' may yield unexpected results in various settings.
      Returning '/home/fdemirel/HPC_Lab_Proj/benchmarks/merge/merge-m5.x'
src/arch/arm/insts/pseudo.cc:174: warn: 	instruction 'bti' unimplemented
Global frequency set at 1000000000000 ticks per second
src/mem/dram_interface.cc:690: warn: DRAM device capacity (16384 Mbytes) does not match the address range assigned (512 Mbytes)
src/mem/dram_interface.cc:690: warn: DRAM device capacity (16384 Mbytes) does not match the address range assigned (512 Mbytes)
src/base/statistics.hh:279: warn: One of the stats is a legacy stat. Legacy stat is a stat that does not belong to any statistics::Group. Legacy stat is deprecated.
board.remote_gdb: Listening for connections on port 7002
gem5 Simulator System.  https://www.gem5.org
gem5 is copyrighted software; use the --copyright option for details.

gem5 version 25.0.0.1
gem5 compiled May  5 2026 12:55:05
gem5 started Jun 12 2026 21:06:52
gem5 executing on cn27.guoehi.cluster, pid 166159
command line: /home/fdemirel/HPC_Lab_Proj/stride/../../gem5/build/ALL/gem5.opt -s --outdir=results_stride_multisim --stdout-file=spmv_stride_deg32_dist1_l2_ddr4_2x_simout.txt --stderr-file=spmv_stride_deg32_dist1_l2_ddr4_2x_simerr.txt --stats-file=stats.txt -c 'from multiprocessing.spawn import spawn_main; spawn_main(tracker_fd=7, pipe_handle=13)' --multiprocessing-fork

src/sim/mem_state.cc:443: info: Increasing stack size by one page.
src/sim/syscall_emul.hh:1121: warn: readlink() called on '/proc/self/exe' may yield unexpected results in various settings.
      Returning '/home/fdemirel/HPC_Lab_Proj/benchmarks/spmv/spmv-m5.x'
src/arch/arm/insts/pseudo.cc:174: warn: 	instruction 'bti' unimplemented
src/sim/mem_state.cc:443: info: Increasing stack size by one page.
src/sim/mem_state.cc:443: info: Increasing stack size by one page.
src/sim/mem_state.cc:443: info: Increasing stack size by one page.
src/sim/mem_state.cc:443: info: Increasing stack size by one page.
src/sim/mem_state.cc:443: info: Increasing stack size by one page.
src/sim/mem_state.cc:443: info: Increasing stack size by one page.
src/sim/mem_state.cc:443: info: Increasing stack size by one page.
Finished BFS.
Global frequency set at 1000000000000 ticks per second
src/mem/dram_interface.cc:690: warn: DRAM device capacity (16384 Mbytes) does not match the address range assigned (1024 Mbytes)
src/base/statistics.hh:279: warn: One of the stats is a legacy stat. Legacy stat is a stat that does not belong to any statistics::Group. Legacy stat is deprecated.
board.remote_gdb: Listening for connections on port 7003
gem5 Simulator System.  https://www.gem5.org
gem5 is copyrighted software; use the --copyright option for details.

gem5 version 25.0.0.1
gem5 compiled May  5 2026 12:55:05
gem5 started Jun 12 2026 21:07:20
gem5 executing on cn27.guoehi.cluster, pid 166166
command line: /home/fdemirel/HPC_Lab_Proj/stride/../../gem5/build/ALL/gem5.opt -s --outdir=results_stride_multisim --stdout-file=bfs_stride_deg16_dist16_l1d_ddr4_1x_simout.txt --stderr-file=bfs_stride_deg16_dist16_l1d_ddr4_1x_simerr.txt --stats-file=stats.txt -c 'from multiprocessing.spawn import spawn_main; spawn_main(tracker_fd=7, pipe_handle=13)' --multiprocessing-fork

src/sim/mem_state.cc:443: info: Increasing stack size by one page.
src/sim/syscall_emul.hh:1121: warn: readlink() called on '/proc/self/exe' may yield unexpected results in various settings.
      Returning '/home/fdemirel/HPC_Lab_Proj/benchmarks/bfs/bfs-m5.x'
src/arch/arm/insts/pseudo.cc:174: warn: 	instruction 'bti' unimplemented
Beginning BFS ...
----spmv----
N_ROWS          : 8192 
N_COLS          : 65536 
NNZ             : 524155 
Execution time: 5.940207 (ms) 
Global frequency set at 1000000000000 ticks per second
src/mem/dram_interface.cc:690: warn: DRAM device capacity (16384 Mbytes) does not match the address range assigned (512 Mbytes)
src/mem/dram_interface.cc:690: warn: DRAM device capacity (16384 Mbytes) does not match the address range assigned (512 Mbytes)
src/base/statistics.hh:279: warn: One of the stats is a legacy stat. Legacy stat is a stat that does not belong to any statistics::Group. Legacy stat is deprecated.
board.remote_gdb: Listening for connections on port 7002
gem5 Simulator System.  https://www.gem5.org
gem5 is copyrighted software; use the --copyright option for details.

gem5 version 25.0.0.1
gem5 compiled May  5 2026 12:55:05
gem5 started Jun 12 2026 21:09:02
gem5 executing on cn27.guoehi.cluster, pid 166176
command line: /home/fdemirel/HPC_Lab_Proj/stride/../../gem5/build/ALL/gem5.opt -s --outdir=results_stride_multisim --stdout-file=merge_stride_deg8_dist32_l1d_ddr4_2x_simout.txt --stderr-file=merge_stride_deg8_dist32_l1d_ddr4_2x_simerr.txt --stats-file=stats.txt -c 'from multiprocessing.spawn import spawn_main; spawn_main(tracker_fd=7, pipe_handle=13)' --multiprocessing-fork

src/sim/mem_state.cc:443: info: Increasing stack size by one page.
src/sim/syscall_emul.hh:1121: warn: readlink() called on '/proc/self/exe' may yield unexpected results in various settings.
      Returning '/home/fdemirel/HPC_Lab_Proj/benchmarks/merge/merge-m5.x'
src/arch/arm/insts/pseudo.cc:174: warn: 	instruction 'bti' unimplemented
----quick sort----
Array SIZE      : 131072 
random_elem:0, /home/fdemirel/HPC_Lab_Proj/benchmarks/quick/quick-m5.x
Execution time: 8.639974 (ms) 
Global frequency set at 1000000000000 ticks per second
src/mem/dram_interface.cc:690: warn: DRAM device capacity (16384 Mbytes) does not match the address range assigned (1024 Mbytes)
src/base/statistics.hh:279: warn: One of the stats is a legacy stat. Legacy stat is a stat that does not belong to any statistics::Group. Legacy stat is deprecated.
board.remote_gdb: Listening for connections on port 7000
gem5 Simulator System.  https://www.gem5.org
gem5 is copyrighted software; use the --copyright option for details.

gem5 version 25.0.0.1
gem5 compiled May  5 2026 12:55:05
gem5 started Jun 12 2026 21:09:22
gem5 executing on cn27.guoehi.cluster, pid 166181
command line: /home/fdemirel/HPC_Lab_Proj/stride/../../gem5/build/ALL/gem5.opt -s --outdir=results_stride_multisim --stdout-file=merge_stride_deg1_dist16_l1d_ddr4_1x_simout.txt --stderr-file=merge_stride_deg1_dist16_l1d_ddr4_1x_simerr.txt --stats-file=stats.txt -c 'from multiprocessing.spawn import spawn_main; spawn_main(tracker_fd=7, pipe_handle=13)' --multiprocessing-fork

src/sim/mem_state.cc:443: info: Increasing stack size by one page.
src/sim/syscall_emul.hh:1121: warn: readlink() called on '/proc/self/exe' may yield unexpected results in various settings.
      Returning '/home/fdemirel/HPC_Lab_Proj/benchmarks/merge/merge-m5.x'
src/arch/arm/insts/pseudo.cc:174: warn: 	instruction 'bti' unimplemented

----merge----
Execution time: 9.913280 (ms) 
random_elem:0, /home/fdemirel/HPC_Lab_Proj/benchmarks/merge/merge-m5.x
Global frequency set at 1000000000000 ticks per second
src/mem/dram_interface.cc:690: warn: DRAM device capacity (16384 Mbytes) does not match the address range assigned (512 Mbytes)
src/mem/dram_interface.cc:690: warn: DRAM device capacity (16384 Mbytes) does not match the address range assigned (512 Mbytes)
src/base/statistics.hh:279: warn: One of the stats is a legacy stat. Legacy stat is a stat that does not belong to any statistics::Group. Legacy stat is deprecated.
board.remote_gdb: Listening for connections on port 7001
gem5 Simulator System.  https://www.gem5.org
gem5 is copyrighted software; use the --copyright option for details.

gem5 version 25.0.0.1
gem5 compiled May  5 2026 12:55:05
gem5 started Jun 12 2026 21:11:51
gem5 executing on cn27.guoehi.cluster, pid 166192
command line: /home/fdemirel/HPC_Lab_Proj/stride/../../gem5/build/ALL/gem5.opt -s --outdir=results_stride_multisim --stdout-file=spmv_stride_deg1_dist4_l2_ddr4_2x_simout.txt --stderr-file=spmv_stride_deg1_dist4_l2_ddr4_2x_simerr.txt --stats-file=stats.txt -c 'from multiprocessing.spawn import spawn_main; spawn_main(tracker_fd=7, pipe_handle=13)' --multiprocessing-fork

src/sim/mem_state.cc:443: info: Increasing stack size by one page.
src/sim/syscall_emul.hh:1121: warn: readlink() called on '/proc/self/exe' may yield unexpected results in various settings.
      Returning '/home/fdemirel/HPC_Lab_Proj/benchmarks/spmv/spmv-m5.x'
src/arch/arm/insts/pseudo.cc:174: warn: 	instruction 'bti' unimplemented
src/sim/mem_state.cc:443: info: Increasing stack size by one page.
src/sim/mem_state.cc:443: info: Increasing stack size by one page.
src/sim/mem_state.cc:443: info: Increasing stack size by one page.
src/sim/mem_state.cc:443: info: Increasing stack size by one page.
src/sim/mem_state.cc:443: info: Increasing stack size by one page.
src/sim/mem_state.cc:443: info: Increasing stack size by one page.
src/sim/mem_state.cc:443: info: Increasing stack size by one page.
Finished BFS.
Global frequency set at 1000000000000 ticks per second
src/mem/dram_interface.cc:690: warn: DRAM device capacity (16384 Mbytes) does not match the address range assigned (1024 Mbytes)
src/base/statistics.hh:279: warn: One of the stats is a legacy stat. Legacy stat is a stat that does not belong to any statistics::Group. Legacy stat is deprecated.
board.remote_gdb: Listening for connections on port 7003
gem5 Simulator System.  https://www.gem5.org
gem5 is copyrighted software; use the --copyright option for details.

gem5 version 25.0.0.1
gem5 compiled May  5 2026 12:55:05
gem5 started Jun 12 2026 21:13:19
gem5 executing on cn27.guoehi.cluster, pid 166196
command line: /home/fdemirel/HPC_Lab_Proj/stride/../../gem5/build/ALL/gem5.opt -s --outdir=results_stride_multisim --stdout-file=spmv_stride_deg1_dist8_l1d_ddr4_1x_simout.txt --stderr-file=spmv_stride_deg1_dist8_l1d_ddr4_1x_simerr.txt --stats-file=stats.txt -c 'from multiprocessing.spawn import spawn_main; spawn_main(tracker_fd=7, pipe_handle=13)' --multiprocessing-fork

src/sim/mem_state.cc:443: info: Increasing stack size by one page.
src/sim/syscall_emul.hh:1121: warn: readlink() called on '/proc/self/exe' may yield unexpected results in various settings.
      Returning '/home/fdemirel/HPC_Lab_Proj/benchmarks/spmv/spmv-m5.x'
src/arch/arm/insts/pseudo.cc:174: warn: 	instruction 'bti' unimplemented
src/sim/mem_state.cc:443: info: Increasing stack size by one page.
src/sim/mem_state.cc:443: info: Increasing stack size by one page.
src/sim/mem_state.cc:443: info: Increasing stack size by one page.
src/sim/mem_state.cc:443: info: Increasing stack size by one page.
src/sim/mem_state.cc:443: info: Increasing stack size by one page.
src/sim/mem_state.cc:443: info: Increasing stack size by one page.
src/sim/mem_state.cc:443: info: Increasing stack size by one page.
----spmv----
N_ROWS          : 8192 
N_COLS          : 65536 
NNZ             : 524155 
Execution time: 7.193776 (ms) 

----merge----
Execution time: 10.601005 (ms) 
random_elem:0, /home/fdemirel/HPC_Lab_Proj/benchmarks/merge/merge-m5.x
Global frequency set at 1000000000000 ticks per second
src/mem/dram_interface.cc:690: warn: DRAM device capacity (16384 Mbytes) does not match the address range assigned (512 Mbytes)
src/mem/dram_interface.cc:690: warn: DRAM device capacity (16384 Mbytes) does not match the address range assigned (512 Mbytes)
src/base/statistics.hh:279: warn: One of the stats is a legacy stat. Legacy stat is a stat that does not belong to any statistics::Group. Legacy stat is deprecated.
board.remote_gdb: Listening for connections on port 7001
gem5 Simulator System.  https://www.gem5.org
gem5 is copyrighted software; use the --copyright option for details.

gem5 version 25.0.0.1
gem5 compiled May  5 2026 12:55:05
gem5 started Jun 12 2026 21:13:59
gem5 executing on cn27.guoehi.cluster, pid 166200
command line: /home/fdemirel/HPC_Lab_Proj/stride/../../gem5/build/ALL/gem5.opt -s --outdir=results_stride_multisim --stdout-file=matmult_stride_deg8_dist16_l2_ddr4_2x_simout.txt --stderr-file=matmult_stride_deg8_dist16_l2_ddr4_2x_simerr.txt --stats-file=stats.txt -c 'from multiprocessing.spawn import spawn_main; spawn_main(tracker_fd=7, pipe_handle=13)' --multiprocessing-fork

src/sim/mem_state.cc:443: info: Increasing stack size by one page.
src/sim/syscall_emul.hh:1121: warn: readlink() called on '/proc/self/exe' may yield unexpected results in various settings.
      Returning '/home/fdemirel/HPC_Lab_Proj/benchmarks/matmult/matmult-m5.x'
src/arch/arm/insts/pseudo.cc:174: warn: 	instruction 'bti' unimplemented

----merge----
Execution time: 10.356063 (ms) 
random_elem:0, /home/fdemirel/HPC_Lab_Proj/benchmarks/merge/merge-m5.x
Global frequency set at 1000000000000 ticks per second
src/mem/dram_interface.cc:690: warn: DRAM device capacity (16384 Mbytes) does not match the address range assigned (1024 Mbytes)
src/base/statistics.hh:279: warn: One of the stats is a legacy stat. Legacy stat is a stat that does not belong to any statistics::Group. Legacy stat is deprecated.
board.remote_gdb: Listening for connections on port 7000
gem5 Simulator System.  https://www.gem5.org
gem5 is copyrighted software; use the --copyright option for details.

gem5 version 25.0.0.1
gem5 compiled May  5 2026 12:55:05
gem5 started Jun 12 2026 21:14:17
gem5 executing on cn27.guoehi.cluster, pid 166204
command line: /home/fdemirel/HPC_Lab_Proj/stride/../../gem5/build/ALL/gem5.opt -s --outdir=results_stride_multisim --stdout-file=matmult_stride_deg1_dist4_l1d_ddr4_1x_simout.txt --stderr-file=matmult_stride_deg1_dist4_l1d_ddr4_1x_simerr.txt --stats-file=stats.txt -c 'from multiprocessing.spawn import spawn_main; spawn_main(tracker_fd=7, pipe_handle=13)' --multiprocessing-fork

src/sim/mem_state.cc:443: info: Increasing stack size by one page.
src/sim/syscall_emul.hh:1121: warn: readlink() called on '/proc/self/exe' may yield unexpected results in various settings.
      Returning '/home/fdemirel/HPC_Lab_Proj/benchmarks/matmult/matmult-m5.x'
src/arch/arm/insts/pseudo.cc:174: warn: 	instruction 'bti' unimplemented
Global frequency set at 1000000000000 ticks per second
src/mem/dram_interface.cc:690: warn: DRAM device capacity (16384 Mbytes) does not match the address range assigned (512 Mbytes)
src/mem/dram_interface.cc:690: warn: DRAM device capacity (16384 Mbytes) does not match the address range assigned (512 Mbytes)
src/base/statistics.hh:279: warn: One of the stats is a legacy stat. Legacy stat is a stat that does not belong to any statistics::Group. Legacy stat is deprecated.
board.remote_gdb: Listening for connections on port 7002
gem5 Simulator System.  https://www.gem5.org
gem5 is copyrighted software; use the --copyright option for details.

gem5 version 25.0.0.1
gem5 compiled May  5 2026 12:55:05
gem5 started Jun 12 2026 21:14:29
gem5 executing on cn27.guoehi.cluster, pid 166205
command line: /home/fdemirel/HPC_Lab_Proj/stride/../../gem5/build/ALL/gem5.opt -s --outdir=results_stride_multisim --stdout-file=quick_stride_deg4_dist16_l1d_ddr4_2x_simout.txt --stderr-file=quick_stride_deg4_dist16_l1d_ddr4_2x_simerr.txt --stats-file=stats.txt -c 'from multiprocessing.spawn import spawn_main; spawn_main(tracker_fd=7, pipe_handle=13)' --multiprocessing-fork

src/sim/mem_state.cc:443: info: Increasing stack size by one page.
src/sim/syscall_emul.hh:1121: warn: readlink() called on '/proc/self/exe' may yield unexpected results in various settings.
      Returning '/home/fdemirel/HPC_Lab_Proj/benchmarks/quick/quick-m5.x'
src/arch/arm/insts/pseudo.cc:174: warn: 	instruction 'bti' unimplemented

----MATRIX MULTIPLICATION----

----Computation starts----
Loop 0 ... 
argc = 2, A[argc][argc] = 0.500000, B[argc][argc] = 0.500000, C[argc][argc] = 0.500000 
Execution time: 1.220785 (ms) 
Global frequency set at 1000000000000 ticks per second
src/mem/dram_interface.cc:690: warn: DRAM device capacity (16384 Mbytes) does not match the address range assigned (1024 Mbytes)
src/base/statistics.hh:279: warn: One of the stats is a legacy stat. Legacy stat is a stat that does not belong to any statistics::Group. Legacy stat is deprecated.
board.remote_gdb: Listening for connections on port 7001
gem5 Simulator System.  https://www.gem5.org
gem5 is copyrighted software; use the --copyright option for details.

gem5 version 25.0.0.1
gem5 compiled May  5 2026 12:55:05
gem5 started Jun 12 2026 21:15:07
gem5 executing on cn27.guoehi.cluster, pid 166211
command line: /home/fdemirel/HPC_Lab_Proj/stride/../../gem5/build/ALL/gem5.opt -s --outdir=results_stride_multisim --stdout-file=quick_stride_deg1_dist32_l2_ddr4_1x_simout.txt --stderr-file=quick_stride_deg1_dist32_l2_ddr4_1x_simerr.txt --stats-file=stats.txt -c 'from multiprocessing.spawn import spawn_main; spawn_main(tracker_fd=7, pipe_handle=13)' --multiprocessing-fork

src/sim/mem_state.cc:443: info: Increasing stack size by one page.
src/sim/syscall_emul.hh:1121: warn: readlink() called on '/proc/self/exe' may yield unexpected results in various settings.
      Returning '/home/fdemirel/HPC_Lab_Proj/benchmarks/quick/quick-m5.x'
src/arch/arm/insts/pseudo.cc:174: warn: 	instruction 'bti' unimplemented
----spmv----
N_ROWS          : 8192 
N_COLS          : 65536 
NNZ             : 524155 
Execution time: 7.403106 (ms) 

----MATRIX MULTIPLICATION----

----Computation starts----
Loop 0 ... 
argc = 2, A[argc][argc] = 0.500000, B[argc][argc] = 0.500000, C[argc][argc] = 0.500000 
Execution time: 1.212211 (ms) 
Global frequency set at 1000000000000 ticks per second
src/mem/dram_interface.cc:690: warn: DRAM device capacity (16384 Mbytes) does not match the address range assigned (512 Mbytes)
src/mem/dram_interface.cc:690: warn: DRAM device capacity (16384 Mbytes) does not match the address range assigned (512 Mbytes)
src/base/statistics.hh:279: warn: One of the stats is a legacy stat. Legacy stat is a stat that does not belong to any statistics::Group. Legacy stat is deprecated.
board.remote_gdb: Listening for connections on port 7000
gem5 Simulator System.  https://www.gem5.org
gem5 is copyrighted software; use the --copyright option for details.

gem5 version 25.0.0.1
gem5 compiled May  5 2026 12:55:05
gem5 started Jun 12 2026 21:15:27
gem5 executing on cn27.guoehi.cluster, pid 166215
command line: /home/fdemirel/HPC_Lab_Proj/stride/../../gem5/build/ALL/gem5.opt -s --outdir=results_stride_multisim --stdout-file=spmv_stride_deg4_dist8_l1d_ddr4_2x_simout.txt --stderr-file=spmv_stride_deg4_dist8_l1d_ddr4_2x_simerr.txt --stats-file=stats.txt -c 'from multiprocessing.spawn import spawn_main; spawn_main(tracker_fd=7, pipe_handle=13)' --multiprocessing-fork

src/sim/mem_state.cc:443: info: Increasing stack size by one page.
src/sim/syscall_emul.hh:1121: warn: readlink() called on '/proc/self/exe' may yield unexpected results in various settings.
      Returning '/home/fdemirel/HPC_Lab_Proj/benchmarks/spmv/spmv-m5.x'
src/arch/arm/insts/pseudo.cc:174: warn: 	instruction 'bti' unimplemented
src/sim/mem_state.cc:443: info: Increasing stack size by one page.
src/sim/mem_state.cc:443: info: Increasing stack size by one page.
src/sim/mem_state.cc:443: info: Increasing stack size by one page.
src/sim/mem_state.cc:443: info: Increasing stack size by one page.
src/sim/mem_state.cc:443: info: Increasing stack size by one page.
src/sim/mem_state.cc:443: info: Increasing stack size by one page.
src/sim/mem_state.cc:443: info: Increasing stack size by one page.
Global frequency set at 1000000000000 ticks per second
src/mem/dram_interface.cc:690: warn: DRAM device capacity (16384 Mbytes) does not match the address range assigned (1024 Mbytes)
src/base/statistics.hh:279: warn: One of the stats is a legacy stat. Legacy stat is a stat that does not belong to any statistics::Group. Legacy stat is deprecated.
board.remote_gdb: Listening for connections on port 7003
gem5 Simulator System.  https://www.gem5.org
gem5 is copyrighted software; use the --copyright option for details.

gem5 version 25.0.0.1
gem5 compiled May  5 2026 12:55:05
gem5 started Jun 12 2026 21:15:31
gem5 executing on cn27.guoehi.cluster, pid 166216
command line: /home/fdemirel/HPC_Lab_Proj/stride/../../gem5/build/ALL/gem5.opt -s --outdir=results_stride_multisim --stdout-file=spmv_stride_deg1_dist8_l2_ddr4_1x_simout.txt --stderr-file=spmv_stride_deg1_dist8_l2_ddr4_1x_simerr.txt --stats-file=stats.txt -c 'from multiprocessing.spawn import spawn_main; spawn_main(tracker_fd=7, pipe_handle=13)' --multiprocessing-fork

src/sim/mem_state.cc:443: info: Increasing stack size by one page.
src/sim/syscall_emul.hh:1121: warn: readlink() called on '/proc/self/exe' may yield unexpected results in various settings.
      Returning '/home/fdemirel/HPC_Lab_Proj/benchmarks/spmv/spmv-m5.x'
src/arch/arm/insts/pseudo.cc:174: warn: 	instruction 'bti' unimplemented
src/sim/mem_state.cc:443: info: Increasing stack size by one page.
src/sim/mem_state.cc:443: info: Increasing stack size by one page.
src/sim/mem_state.cc:443: info: Increasing stack size by one page.
src/sim/mem_state.cc:443: info: Increasing stack size by one page.
src/sim/mem_state.cc:443: info: Increasing stack size by one page.
src/sim/mem_state.cc:443: info: Increasing stack size by one page.
src/sim/mem_state.cc:443: info: Increasing stack size by one page.
----spmv----
N_ROWS          : 8192 
N_COLS          : 65536 
NNZ             : 524155 
Execution time: 6.836003 (ms) 
----spmv----
N_ROWS          : 8192 
N_COLS          : 65536 
NNZ             : 524155 
Execution time: 7.636022 (ms) 
Global frequency set at 1000000000000 ticks per second
src/mem/dram_interface.cc:690: warn: DRAM device capacity (16384 Mbytes) does not match the address range assigned (512 Mbytes)
src/mem/dram_interface.cc:690: warn: DRAM device capacity (16384 Mbytes) does not match the address range assigned (512 Mbytes)
src/base/statistics.hh:279: warn: One of the stats is a legacy stat. Legacy stat is a stat that does not belong to any statistics::Group. Legacy stat is deprecated.
board.remote_gdb: Listening for connections on port 7000
gem5 Simulator System.  https://www.gem5.org
gem5 is copyrighted software; use the --copyright option for details.

gem5 version 25.0.0.1
gem5 compiled May  5 2026 12:55:05
gem5 started Jun 12 2026 21:17:35
gem5 executing on cn27.guoehi.cluster, pid 166228
command line: /home/fdemirel/HPC_Lab_Proj/stride/../../gem5/build/ALL/gem5.opt -s --outdir=results_stride_multisim --stdout-file=matmult_stride_deg16_dist32_l1d_ddr4_2x_simout.txt --stderr-file=matmult_stride_deg16_dist32_l1d_ddr4_2x_simerr.txt --stats-file=stats.txt -c 'from multiprocessing.spawn import spawn_main; spawn_main(tracker_fd=7, pipe_handle=13)' --multiprocessing-fork

src/sim/mem_state.cc:443: info: Increasing stack size by one page.
src/sim/syscall_emul.hh:1121: warn: readlink() called on '/proc/self/exe' may yield unexpected results in various settings.
      Returning '/home/fdemirel/HPC_Lab_Proj/benchmarks/matmult/matmult-m5.x'
src/arch/arm/insts/pseudo.cc:174: warn: 	instruction 'bti' unimplemented
Global frequency set at 1000000000000 ticks per second
src/mem/dram_interface.cc:690: warn: DRAM device capacity (16384 Mbytes) does not match the address range assigned (512 Mbytes)
src/mem/dram_interface.cc:690: warn: DRAM device capacity (16384 Mbytes) does not match the address range assigned (512 Mbytes)
src/base/statistics.hh:279: warn: One of the stats is a legacy stat. Legacy stat is a stat that does not belong to any statistics::Group. Legacy stat is deprecated.
board.remote_gdb: Listening for connections on port 7003
gem5 Simulator System.  https://www.gem5.org
gem5 is copyrighted software; use the --copyright option for details.

gem5 version 25.0.0.1
gem5 compiled May  5 2026 12:55:05
gem5 started Jun 12 2026 21:17:38
gem5 executing on cn27.guoehi.cluster, pid 166229
command line: /home/fdemirel/HPC_Lab_Proj/stride/../../gem5/build/ALL/gem5.opt -s --outdir=results_stride_multisim --stdout-file=simple_triad_stride_deg4_dist4_l2_ddr4_2x_simout.txt --stderr-file=simple_triad_stride_deg4_dist4_l2_ddr4_2x_simerr.txt --stats-file=stats.txt -c 'from multiprocessing.spawn import spawn_main; spawn_main(tracker_fd=7, pipe_handle=13)' --multiprocessing-fork

src/sim/mem_state.cc:443: info: Increasing stack size by one page.
src/sim/syscall_emul.hh:1121: warn: readlink() called on '/proc/self/exe' may yield unexpected results in various settings.
      Returning '/home/fdemirel/HPC_Lab_Proj/benchmarks/simple_triad/simple_triad-m5.x'
----quick sort----
Array SIZE      : 131072 
random_elem:0, /home/fdemirel/HPC_Lab_Proj/benchmarks/quick/quick-m5.x
Execution time: 8.605083 (ms) 

----MATRIX MULTIPLICATION----

----Computation starts----
Loop 0 ... 
argc = 2, A[argc][argc] = 0.500000, B[argc][argc] = 0.500000, C[argc][argc] = 0.500000 
Execution time: 1.240849 (ms) 
Global frequency set at 1000000000000 ticks per second
src/mem/dram_interface.cc:690: warn: DRAM device capacity (16384 Mbytes) does not match the address range assigned (512 Mbytes)
src/mem/dram_interface.cc:690: warn: DRAM device capacity (16384 Mbytes) does not match the address range assigned (512 Mbytes)
src/base/statistics.hh:279: warn: One of the stats is a legacy stat. Legacy stat is a stat that does not belong to any statistics::Group. Legacy stat is deprecated.
board.remote_gdb: Listening for connections on port 7000
gem5 Simulator System.  https://www.gem5.org
gem5 is copyrighted software; use the --copyright option for details.

gem5 version 25.0.0.1
gem5 compiled May  5 2026 12:55:05
gem5 started Jun 12 2026 21:18:33
gem5 executing on cn27.guoehi.cluster, pid 166236
command line: /home/fdemirel/HPC_Lab_Proj/stride/../../gem5/build/ALL/gem5.opt -s --outdir=results_stride_multisim --stdout-file=matmult_stride_deg1_dist1_l1d_ddr4_2x_simout.txt --stderr-file=matmult_stride_deg1_dist1_l1d_ddr4_2x_simerr.txt --stats-file=stats.txt -c 'from multiprocessing.spawn import spawn_main; spawn_main(tracker_fd=7, pipe_handle=13)' --multiprocessing-fork

src/sim/mem_state.cc:443: info: Increasing stack size by one page.
src/sim/syscall_emul.hh:1121: warn: readlink() called on '/proc/self/exe' may yield unexpected results in various settings.
      Returning '/home/fdemirel/HPC_Lab_Proj/benchmarks/matmult/matmult-m5.x'
src/arch/arm/insts/pseudo.cc:174: warn: 	instruction 'bti' unimplemented
Global frequency set at 1000000000000 ticks per second
src/mem/dram_interface.cc:690: warn: DRAM device capacity (16384 Mbytes) does not match the address range assigned (1024 Mbytes)
src/base/statistics.hh:279: warn: One of the stats is a legacy stat. Legacy stat is a stat that does not belong to any statistics::Group. Legacy stat is deprecated.
board.remote_gdb: Listening for connections on port 7002
gem5 Simulator System.  https://www.gem5.org
gem5 is copyrighted software; use the --copyright option for details.

gem5 version 25.0.0.1
gem5 compiled May  5 2026 12:55:05
gem5 started Jun 12 2026 21:18:51
gem5 executing on cn27.guoehi.cluster, pid 166241
command line: /home/fdemirel/HPC_Lab_Proj/stride/../../gem5/build/ALL/gem5.opt -s --outdir=results_stride_multisim --stdout-file=quick_stride_deg16_dist4_l1d_ddr4_1x_simout.txt --stderr-file=quick_stride_deg16_dist4_l1d_ddr4_1x_simerr.txt --stats-file=stats.txt -c 'from multiprocessing.spawn import spawn_main; spawn_main(tracker_fd=7, pipe_handle=13)' --multiprocessing-fork

src/sim/mem_state.cc:443: info: Increasing stack size by one page.
src/sim/syscall_emul.hh:1121: warn: readlink() called on '/proc/self/exe' may yield unexpected results in various settings.
      Returning '/home/fdemirel/HPC_Lab_Proj/benchmarks/quick/quick-m5.x'
src/arch/arm/insts/pseudo.cc:174: warn: 	instruction 'bti' unimplemented
----quick sort----
Array SIZE      : 131072 
random_elem:0, /home/fdemirel/HPC_Lab_Proj/benchmarks/quick/quick-m5.x
Execution time: 9.213405 (ms) 
Array SIZE      : 1000000 
Array LOOP      : 1 

----triad----
a[0]=7.00e+00. b[0]=2.00e+00. c[0]=1.00e+00.
Execution time: 1.633892 (ms) 
   Rate [MB/s]: 14688.9 
Global frequency set at 1000000000000 ticks per second
src/mem/dram_interface.cc:690: warn: DRAM device capacity (16384 Mbytes) does not match the address range assigned (1024 Mbytes)
src/base/statistics.hh:279: warn: One of the stats is a legacy stat. Legacy stat is a stat that does not belong to any statistics::Group. Legacy stat is deprecated.
board.remote_gdb: Listening for connections on port 7001
gem5 Simulator System.  https://www.gem5.org
gem5 is copyrighted software; use the --copyright option for details.

gem5 version 25.0.0.1
gem5 compiled May  5 2026 12:55:05
gem5 started Jun 12 2026 21:19:14
gem5 executing on cn27.guoehi.cluster, pid 166244
command line: /home/fdemirel/HPC_Lab_Proj/stride/../../gem5/build/ALL/gem5.opt -s --outdir=results_stride_multisim --stdout-file=simple_triad_stride_deg8_dist8_l1d_ddr4_1x_simout.txt --stderr-file=simple_triad_stride_deg8_dist8_l1d_ddr4_1x_simerr.txt --stats-file=stats.txt -c 'from multiprocessing.spawn import spawn_main; spawn_main(tracker_fd=7, pipe_handle=13)' --multiprocessing-fork

src/sim/mem_state.cc:443: info: Increasing stack size by one page.
src/sim/syscall_emul.hh:1121: warn: readlink() called on '/proc/self/exe' may yield unexpected results in various settings.
      Returning '/home/fdemirel/HPC_Lab_Proj/benchmarks/simple_triad/simple_triad-m5.x'

----MATRIX MULTIPLICATION----

----Computation starts----
Loop 0 ... 
argc = 2, A[argc][argc] = 0.500000, B[argc][argc] = 0.500000, C[argc][argc] = 0.500000 
Execution time: 1.239442 (ms) 
Global frequency set at 1000000000000 ticks per second
src/mem/dram_interface.cc:690: warn: DRAM device capacity (16384 Mbytes) does not match the address range assigned (512 Mbytes)
src/mem/dram_interface.cc:690: warn: DRAM device capacity (16384 Mbytes) does not match the address range assigned (512 Mbytes)
src/base/statistics.hh:279: warn: One of the stats is a legacy stat. Legacy stat is a stat that does not belong to any statistics::Group. Legacy stat is deprecated.
board.remote_gdb: Listening for connections on port 7000
gem5 Simulator System.  https://www.gem5.org
gem5 is copyrighted software; use the --copyright option for details.

gem5 version 25.0.0.1
gem5 compiled May  5 2026 12:55:05
gem5 started Jun 12 2026 21:19:27
gem5 executing on cn27.guoehi.cluster, pid 166245
command line: /home/fdemirel/HPC_Lab_Proj/stride/../../gem5/build/ALL/gem5.opt -s --outdir=results_stride_multisim --stdout-file=bfs_stride_deg1_dist8_l1d_ddr4_2x_simout.txt --stderr-file=bfs_stride_deg1_dist8_l1d_ddr4_2x_simerr.txt --stats-file=stats.txt -c 'from multiprocessing.spawn import spawn_main; spawn_main(tracker_fd=7, pipe_handle=13)' --multiprocessing-fork

src/sim/mem_state.cc:443: info: Increasing stack size by one page.
src/sim/syscall_emul.hh:1121: warn: readlink() called on '/proc/self/exe' may yield unexpected results in various settings.
      Returning '/home/fdemirel/HPC_Lab_Proj/benchmarks/bfs/bfs-m5.x'
src/arch/arm/insts/pseudo.cc:174: warn: 	instruction 'bti' unimplemented
Beginning BFS ...
Global frequency set at 1000000000000 ticks per second
src/mem/dram_interface.cc:690: warn: DRAM device capacity (16384 Mbytes) does not match the address range assigned (1024 Mbytes)
src/base/statistics.hh:279: warn: One of the stats is a legacy stat. Legacy stat is a stat that does not belong to any statistics::Group. Legacy stat is deprecated.
board.remote_gdb: Listening for connections on port 7003
gem5 Simulator System.  https://www.gem5.org
gem5 is copyrighted software; use the --copyright option for details.

gem5 version 25.0.0.1
gem5 compiled May  5 2026 12:55:05
gem5 started Jun 12 2026 21:19:43
gem5 executing on cn27.guoehi.cluster, pid 166248
command line: /home/fdemirel/HPC_Lab_Proj/stride/../../gem5/build/ALL/gem5.opt -s --outdir=results_stride_multisim --stdout-file=simple_triad_stride_deg8_dist8_l2_ddr4_1x_simout.txt --stderr-file=simple_triad_stride_deg8_dist8_l2_ddr4_1x_simerr.txt --stats-file=stats.txt -c 'from multiprocessing.spawn import spawn_main; spawn_main(tracker_fd=7, pipe_handle=13)' --multiprocessing-fork

src/sim/mem_state.cc:443: info: Increasing stack size by one page.
src/sim/syscall_emul.hh:1121: warn: readlink() called on '/proc/self/exe' may yield unexpected results in various settings.
      Returning '/home/fdemirel/HPC_Lab_Proj/benchmarks/simple_triad/simple_triad-m5.x'
Array SIZE      : 1000000 
Array LOOP      : 1 

----triad----
a[0]=7.00e+00. b[0]=2.00e+00. c[0]=1.00e+00.
Execution time: 2.771918 (ms) 
   Rate [MB/s]: 8658.3 
Global frequency set at 1000000000000 ticks per second
src/mem/dram_interface.cc:690: warn: DRAM device capacity (16384 Mbytes) does not match the address range assigned (1024 Mbytes)
src/base/statistics.hh:279: warn: One of the stats is a legacy stat. Legacy stat is a stat that does not belong to any statistics::Group. Legacy stat is deprecated.
board.remote_gdb: Listening for connections on port 7001
gem5 Simulator System.  https://www.gem5.org
gem5 is copyrighted software; use the --copyright option for details.

gem5 version 25.0.0.1
gem5 compiled May  5 2026 12:55:05
gem5 started Jun 12 2026 21:21:11
gem5 executing on cn27.guoehi.cluster, pid 166260
command line: /home/fdemirel/HPC_Lab_Proj/stride/../../gem5/build/ALL/gem5.opt -s --outdir=results_stride_multisim --stdout-file=spmv_stride_deg8_dist32_l2_ddr4_1x_simout.txt --stderr-file=spmv_stride_deg8_dist32_l2_ddr4_1x_simerr.txt --stats-file=stats.txt -c 'from multiprocessing.spawn import spawn_main; spawn_main(tracker_fd=7, pipe_handle=13)' --multiprocessing-fork

src/sim/mem_state.cc:443: info: Increasing stack size by one page.
src/sim/syscall_emul.hh:1121: warn: readlink() called on '/proc/self/exe' may yield unexpected results in various settings.
      Returning '/home/fdemirel/HPC_Lab_Proj/benchmarks/spmv/spmv-m5.x'
src/arch/arm/insts/pseudo.cc:174: warn: 	instruction 'bti' unimplemented
src/sim/mem_state.cc:443: info: Increasing stack size by one page.
src/sim/mem_state.cc:443: info: Increasing stack size by one page.
src/sim/mem_state.cc:443: info: Increasing stack size by one page.
src/sim/mem_state.cc:443: info: Increasing stack size by one page.
src/sim/mem_state.cc:443: info: Increasing stack size by one page.
src/sim/mem_state.cc:443: info: Increasing stack size by one page.
src/sim/mem_state.cc:443: info: Increasing stack size by one page.
Array SIZE      : 1000000 
Array LOOP      : 1 

----triad----
a[0]=7.00e+00. b[0]=2.00e+00. c[0]=1.00e+00.
Execution time: 2.442469 (ms) 
   Rate [MB/s]: 9826.1 
Global frequency set at 1000000000000 ticks per second
src/mem/dram_interface.cc:690: warn: DRAM device capacity (16384 Mbytes) does not match the address range assigned (512 Mbytes)
src/mem/dram_interface.cc:690: warn: DRAM device capacity (16384 Mbytes) does not match the address range assigned (512 Mbytes)
src/base/statistics.hh:279: warn: One of the stats is a legacy stat. Legacy stat is a stat that does not belong to any statistics::Group. Legacy stat is deprecated.
board.remote_gdb: Listening for connections on port 7003
gem5 Simulator System.  https://www.gem5.org
gem5 is copyrighted software; use the --copyright option for details.

gem5 version 25.0.0.1
gem5 compiled May  5 2026 12:55:05
gem5 started Jun 12 2026 21:21:40
gem5 executing on cn27.guoehi.cluster, pid 166263
command line: /home/fdemirel/HPC_Lab_Proj/stride/../../gem5/build/ALL/gem5.opt -s --outdir=results_stride_multisim --stdout-file=matmult_stride_deg1_dist1_l2_ddr4_2x_simout.txt --stderr-file=matmult_stride_deg1_dist1_l2_ddr4_2x_simerr.txt --stats-file=stats.txt -c 'from multiprocessing.spawn import spawn_main; spawn_main(tracker_fd=7, pipe_handle=13)' --multiprocessing-fork

src/sim/mem_state.cc:443: info: Increasing stack size by one page.
src/sim/syscall_emul.hh:1121: warn: readlink() called on '/proc/self/exe' may yield unexpected results in various settings.
      Returning '/home/fdemirel/HPC_Lab_Proj/benchmarks/matmult/matmult-m5.x'
src/arch/arm/insts/pseudo.cc:174: warn: 	instruction 'bti' unimplemented

----MATRIX MULTIPLICATION----

----Computation starts----
Loop 0 ... 
argc = 2, A[argc][argc] = 0.500000, B[argc][argc] = 0.500000, C[argc][argc] = 0.500000 
Execution time: 1.213864 (ms) 
----quick sort----
Array SIZE      : 131072 
random_elem:0, /home/fdemirel/HPC_Lab_Proj/benchmarks/quick/quick-m5.x
Execution time: 8.355151 (ms) 
Global frequency set at 1000000000000 ticks per second
src/mem/dram_interface.cc:690: warn: DRAM device capacity (16384 Mbytes) does not match the address range assigned (512 Mbytes)
src/mem/dram_interface.cc:690: warn: DRAM device capacity (16384 Mbytes) does not match the address range assigned (512 Mbytes)
src/base/statistics.hh:279: warn: One of the stats is a legacy stat. Legacy stat is a stat that does not belong to any statistics::Group. Legacy stat is deprecated.
board.remote_gdb: Listening for connections on port 7002
gem5 Simulator System.  https://www.gem5.org
gem5 is copyrighted software; use the --copyright option for details.

gem5 version 25.0.0.1
gem5 compiled May  5 2026 12:55:05
gem5 started Jun 12 2026 21:22:51
gem5 executing on cn27.guoehi.cluster, pid 166270
command line: /home/fdemirel/HPC_Lab_Proj/stride/../../gem5/build/ALL/gem5.opt -s --outdir=results_stride_multisim --stdout-file=bfs_stride_deg32_dist4_l2_ddr4_2x_simout.txt --stderr-file=bfs_stride_deg32_dist4_l2_ddr4_2x_simerr.txt --stats-file=stats.txt -c 'from multiprocessing.spawn import spawn_main; spawn_main(tracker_fd=7, pipe_handle=13)' --multiprocessing-fork

src/sim/mem_state.cc:443: info: Increasing stack size by one page.
src/sim/syscall_emul.hh:1121: warn: readlink() called on '/proc/self/exe' may yield unexpected results in various settings.
      Returning '/home/fdemirel/HPC_Lab_Proj/benchmarks/bfs/bfs-m5.x'
src/arch/arm/insts/pseudo.cc:174: warn: 	instruction 'bti' unimplemented
Beginning BFS ...
----spmv----
N_ROWS          : 8192 
N_COLS          : 65536 
NNZ             : 524155 
Execution time: 7.689929 (ms) 
Global frequency set at 1000000000000 ticks per second
src/mem/dram_interface.cc:690: warn: DRAM device capacity (16384 Mbytes) does not match the address range assigned (512 Mbytes)
src/mem/dram_interface.cc:690: warn: DRAM device capacity (16384 Mbytes) does not match the address range assigned (512 Mbytes)
src/base/statistics.hh:279: warn: One of the stats is a legacy stat. Legacy stat is a stat that does not belong to any statistics::Group. Legacy stat is deprecated.
board.remote_gdb: Listening for connections on port 7001
gem5 Simulator System.  https://www.gem5.org
gem5 is copyrighted software; use the --copyright option for details.

gem5 version 25.0.0.1
gem5 compiled May  5 2026 12:55:05
gem5 started Jun 12 2026 21:23:00
gem5 executing on cn27.guoehi.cluster, pid 166271
command line: /home/fdemirel/HPC_Lab_Proj/stride/../../gem5/build/ALL/gem5.opt -s --outdir=results_stride_multisim --stdout-file=merge_stride_deg1_dist4_l2_ddr4_2x_simout.txt --stderr-file=merge_stride_deg1_dist4_l2_ddr4_2x_simerr.txt --stats-file=stats.txt -c 'from multiprocessing.spawn import spawn_main; spawn_main(tracker_fd=7, pipe_handle=13)' --multiprocessing-fork

src/sim/mem_state.cc:443: info: Increasing stack size by one page.
src/sim/syscall_emul.hh:1121: warn: readlink() called on '/proc/self/exe' may yield unexpected results in various settings.
      Returning '/home/fdemirel/HPC_Lab_Proj/benchmarks/merge/merge-m5.x'
src/arch/arm/insts/pseudo.cc:174: warn: 	instruction 'bti' unimplemented
Global frequency set at 1000000000000 ticks per second
src/mem/dram_interface.cc:690: warn: DRAM device capacity (16384 Mbytes) does not match the address range assigned (1024 Mbytes)
src/base/statistics.hh:279: warn: One of the stats is a legacy stat. Legacy stat is a stat that does not belong to any statistics::Group. Legacy stat is deprecated.
board.remote_gdb: Listening for connections on port 7003
gem5 Simulator System.  https://www.gem5.org
gem5 is copyrighted software; use the --copyright option for details.

gem5 version 25.0.0.1
gem5 compiled May  5 2026 12:55:05
gem5 started Jun 12 2026 21:23:16
gem5 executing on cn27.guoehi.cluster, pid 166274
command line: /home/fdemirel/HPC_Lab_Proj/stride/../../gem5/build/ALL/gem5.opt -s --outdir=results_stride_multisim --stdout-file=bfs_stride_deg1_dist32_l1d_ddr4_1x_simout.txt --stderr-file=bfs_stride_deg1_dist32_l1d_ddr4_1x_simerr.txt --stats-file=stats.txt -c 'from multiprocessing.spawn import spawn_main; spawn_main(tracker_fd=7, pipe_handle=13)' --multiprocessing-fork

src/sim/mem_state.cc:443: info: Increasing stack size by one page.
src/sim/syscall_emul.hh:1121: warn: readlink() called on '/proc/self/exe' may yield unexpected results in various settings.
      Returning '/home/fdemirel/HPC_Lab_Proj/benchmarks/bfs/bfs-m5.x'
src/arch/arm/insts/pseudo.cc:174: warn: 	instruction 'bti' unimplemented
Beginning BFS ...
Finished BFS.
Global frequency set at 1000000000000 ticks per second
src/mem/dram_interface.cc:690: warn: DRAM device capacity (16384 Mbytes) does not match the address range assigned (1024 Mbytes)
src/base/statistics.hh:279: warn: One of the stats is a legacy stat. Legacy stat is a stat that does not belong to any statistics::Group. Legacy stat is deprecated.
board.remote_gdb: Listening for connections on port 7000
gem5 Simulator System.  https://www.gem5.org
gem5 is copyrighted software; use the --copyright option for details.

gem5 version 25.0.0.1
gem5 compiled May  5 2026 12:55:05
gem5 started Jun 12 2026 21:25:05
gem5 executing on cn27.guoehi.cluster, pid 166286
command line: /home/fdemirel/HPC_Lab_Proj/stride/../../gem5/build/ALL/gem5.opt -s --outdir=results_stride_multisim --stdout-file=spmv_stride_deg1_dist4_l1d_ddr4_1x_simout.txt --stderr-file=spmv_stride_deg1_dist4_l1d_ddr4_1x_simerr.txt --stats-file=stats.txt -c 'from multiprocessing.spawn import spawn_main; spawn_main(tracker_fd=7, pipe_handle=13)' --multiprocessing-fork

src/sim/mem_state.cc:443: info: Increasing stack size by one page.
src/sim/syscall_emul.hh:1121: warn: readlink() called on '/proc/self/exe' may yield unexpected results in various settings.
      Returning '/home/fdemirel/HPC_Lab_Proj/benchmarks/spmv/spmv-m5.x'
src/arch/arm/insts/pseudo.cc:174: warn: 	instruction 'bti' unimplemented
src/sim/mem_state.cc:443: info: Increasing stack size by one page.
src/sim/mem_state.cc:443: info: Increasing stack size by one page.
src/sim/mem_state.cc:443: info: Increasing stack size by one page.
src/sim/mem_state.cc:443: info: Increasing stack size by one page.
src/sim/mem_state.cc:443: info: Increasing stack size by one page.
src/sim/mem_state.cc:443: info: Increasing stack size by one page.
src/sim/mem_state.cc:443: info: Increasing stack size by one page.
----spmv----
N_ROWS          : 8192 
N_COLS          : 65536 
NNZ             : 524155 
Execution time: 7.414022 (ms) 
Global frequency set at 1000000000000 ticks per second
src/mem/dram_interface.cc:690: warn: DRAM device capacity (16384 Mbytes) does not match the address range assigned (512 Mbytes)
src/mem/dram_interface.cc:690: warn: DRAM device capacity (16384 Mbytes) does not match the address range assigned (512 Mbytes)
src/base/statistics.hh:279: warn: One of the stats is a legacy stat. Legacy stat is a stat that does not belong to any statistics::Group. Legacy stat is deprecated.
board.remote_gdb: Listening for connections on port 7000
gem5 Simulator System.  https://www.gem5.org
gem5 is copyrighted software; use the --copyright option for details.

gem5 version 25.0.0.1
gem5 compiled May  5 2026 12:55:05
gem5 started Jun 12 2026 21:27:11
gem5 executing on cn27.guoehi.cluster, pid 166294
command line: /home/fdemirel/HPC_Lab_Proj/stride/../../gem5/build/ALL/gem5.opt -s --outdir=results_stride_multisim --stdout-file=quick_stride_deg8_dist32_l2_ddr4_2x_simout.txt --stderr-file=quick_stride_deg8_dist32_l2_ddr4_2x_simerr.txt --stats-file=stats.txt -c 'from multiprocessing.spawn import spawn_main; spawn_main(tracker_fd=7, pipe_handle=13)' --multiprocessing-fork

src/sim/mem_state.cc:443: info: Increasing stack size by one page.
src/sim/syscall_emul.hh:1121: warn: readlink() called on '/proc/self/exe' may yield unexpected results in various settings.
      Returning '/home/fdemirel/HPC_Lab_Proj/benchmarks/quick/quick-m5.x'
src/arch/arm/insts/pseudo.cc:174: warn: 	instruction 'bti' unimplemented

----merge----
Execution time: 10.520198 (ms) 
random_elem:0, /home/fdemirel/HPC_Lab_Proj/benchmarks/merge/merge-m5.x
Global frequency set at 1000000000000 ticks per second
src/mem/dram_interface.cc:690: warn: DRAM device capacity (16384 Mbytes) does not match the address range assigned (512 Mbytes)
src/mem/dram_interface.cc:690: warn: DRAM device capacity (16384 Mbytes) does not match the address range assigned (512 Mbytes)
src/base/statistics.hh:279: warn: One of the stats is a legacy stat. Legacy stat is a stat that does not belong to any statistics::Group. Legacy stat is deprecated.
board.remote_gdb: Listening for connections on port 7001
gem5 Simulator System.  https://www.gem5.org
gem5 is copyrighted software; use the --copyright option for details.

gem5 version 25.0.0.1
gem5 compiled May  5 2026 12:55:05
gem5 started Jun 12 2026 21:28:14
gem5 executing on cn27.guoehi.cluster, pid 166300
command line: /home/fdemirel/HPC_Lab_Proj/stride/../../gem5/build/ALL/gem5.opt -s --outdir=results_stride_multisim --stdout-file=simple_triad_stride_deg8_dist8_l2_ddr4_2x_simout.txt --stderr-file=simple_triad_stride_deg8_dist8_l2_ddr4_2x_simerr.txt --stats-file=stats.txt -c 'from multiprocessing.spawn import spawn_main; spawn_main(tracker_fd=7, pipe_handle=13)' --multiprocessing-fork

src/sim/mem_state.cc:443: info: Increasing stack size by one page.
src/sim/syscall_emul.hh:1121: warn: readlink() called on '/proc/self/exe' may yield unexpected results in various settings.
      Returning '/home/fdemirel/HPC_Lab_Proj/benchmarks/simple_triad/simple_triad-m5.x'
Finished BFS.
Finished BFS.
Global frequency set at 1000000000000 ticks per second
src/mem/dram_interface.cc:690: warn: DRAM device capacity (16384 Mbytes) does not match the address range assigned (512 Mbytes)
src/mem/dram_interface.cc:690: warn: DRAM device capacity (16384 Mbytes) does not match the address range assigned (512 Mbytes)
src/base/statistics.hh:279: warn: One of the stats is a legacy stat. Legacy stat is a stat that does not belong to any statistics::Group. Legacy stat is deprecated.
board.remote_gdb: Listening for connections on port 7002
gem5 Simulator System.  https://www.gem5.org
gem5 is copyrighted software; use the --copyright option for details.

gem5 version 25.0.0.1
gem5 compiled May  5 2026 12:55:05
gem5 started Jun 12 2026 21:28:57
gem5 executing on cn27.guoehi.cluster, pid 166305
command line: /home/fdemirel/HPC_Lab_Proj/stride/../../gem5/build/ALL/gem5.opt -s --outdir=results_stride_multisim --stdout-file=bfs_stride_deg1_dist8_l2_ddr4_2x_simout.txt --stderr-file=bfs_stride_deg1_dist8_l2_ddr4_2x_simerr.txt --stats-file=stats.txt -c 'from multiprocessing.spawn import spawn_main; spawn_main(tracker_fd=7, pipe_handle=13)' --multiprocessing-fork

src/sim/mem_state.cc:443: info: Increasing stack size by one page.
src/sim/syscall_emul.hh:1121: warn: readlink() called on '/proc/self/exe' may yield unexpected results in various settings.
      Returning '/home/fdemirel/HPC_Lab_Proj/benchmarks/bfs/bfs-m5.x'
src/arch/arm/insts/pseudo.cc:174: warn: 	instruction 'bti' unimplemented
Beginning BFS ...
Global frequency set at 1000000000000 ticks per second
src/mem/dram_interface.cc:690: warn: DRAM device capacity (16384 Mbytes) does not match the address range assigned (1024 Mbytes)
src/base/statistics.hh:279: warn: One of the stats is a legacy stat. Legacy stat is a stat that does not belong to any statistics::Group. Legacy stat is deprecated.
board.remote_gdb: Listening for connections on port 7003
gem5 Simulator System.  https://www.gem5.org
gem5 is copyrighted software; use the --copyright option for details.

gem5 version 25.0.0.1
gem5 compiled May  5 2026 12:55:05
gem5 started Jun 12 2026 21:29:12
gem5 executing on cn27.guoehi.cluster, pid 166306
command line: /home/fdemirel/HPC_Lab_Proj/stride/../../gem5/build/ALL/gem5.opt -s --outdir=results_stride_multisim --stdout-file=quick_stride_deg1_dist16_l2_ddr4_1x_simout.txt --stderr-file=quick_stride_deg1_dist16_l2_ddr4_1x_simerr.txt --stats-file=stats.txt -c 'from multiprocessing.spawn import spawn_main; spawn_main(tracker_fd=7, pipe_handle=13)' --multiprocessing-fork

src/sim/mem_state.cc:443: info: Increasing stack size by one page.
src/sim/syscall_emul.hh:1121: warn: readlink() called on '/proc/self/exe' may yield unexpected results in various settings.
      Returning '/home/fdemirel/HPC_Lab_Proj/benchmarks/quick/quick-m5.x'
src/arch/arm/insts/pseudo.cc:174: warn: 	instruction 'bti' unimplemented
Array SIZE      : 1000000 
Array LOOP      : 1 

----triad----
a[0]=7.00e+00. b[0]=2.00e+00. c[0]=1.00e+00.
Execution time: 1.592296 (ms) 
   Rate [MB/s]: 15072.6 
Global frequency set at 1000000000000 ticks per second
src/mem/dram_interface.cc:690: warn: DRAM device capacity (16384 Mbytes) does not match the address range assigned (512 Mbytes)
src/mem/dram_interface.cc:690: warn: DRAM device capacity (16384 Mbytes) does not match the address range assigned (512 Mbytes)
src/base/statistics.hh:279: warn: One of the stats is a legacy stat. Legacy stat is a stat that does not belong to any statistics::Group. Legacy stat is deprecated.
board.remote_gdb: Listening for connections on port 7001
gem5 Simulator System.  https://www.gem5.org
gem5 is copyrighted software; use the --copyright option for details.

gem5 version 25.0.0.1
gem5 compiled May  5 2026 12:55:05
gem5 started Jun 12 2026 21:30:02
gem5 executing on cn27.guoehi.cluster, pid 166312
command line: /home/fdemirel/HPC_Lab_Proj/stride/../../gem5/build/ALL/gem5.opt -s --outdir=results_stride_multisim --stdout-file=spmv_stride_deg8_dist16_l2_ddr4_2x_simout.txt --stderr-file=spmv_stride_deg8_dist16_l2_ddr4_2x_simerr.txt --stats-file=stats.txt -c 'from multiprocessing.spawn import spawn_main; spawn_main(tracker_fd=7, pipe_handle=13)' --multiprocessing-fork

src/sim/mem_state.cc:443: info: Increasing stack size by one page.
src/sim/syscall_emul.hh:1121: warn: readlink() called on '/proc/self/exe' may yield unexpected results in various settings.
      Returning '/home/fdemirel/HPC_Lab_Proj/benchmarks/spmv/spmv-m5.x'
src/arch/arm/insts/pseudo.cc:174: warn: 	instruction 'bti' unimplemented
src/sim/mem_state.cc:443: info: Increasing stack size by one page.
src/sim/mem_state.cc:443: info: Increasing stack size by one page.
src/sim/mem_state.cc:443: info: Increasing stack size by one page.
src/sim/mem_state.cc:443: info: Increasing stack size by one page.
src/sim/mem_state.cc:443: info: Increasing stack size by one page.
src/sim/mem_state.cc:443: info: Increasing stack size by one page.
src/sim/mem_state.cc:443: info: Increasing stack size by one page.
----quick sort----
Array SIZE      : 131072 
random_elem:0, /home/fdemirel/HPC_Lab_Proj/benchmarks/quick/quick-m5.x
Execution time: 9.154923 (ms) 
Global frequency set at 1000000000000 ticks per second
src/mem/dram_interface.cc:690: warn: DRAM device capacity (16384 Mbytes) does not match the address range assigned (1024 Mbytes)
src/base/statistics.hh:279: warn: One of the stats is a legacy stat. Legacy stat is a stat that does not belong to any statistics::Group. Legacy stat is deprecated.
board.remote_gdb: Listening for connections on port 7000
gem5 Simulator System.  https://www.gem5.org
gem5 is copyrighted software; use the --copyright option for details.

gem5 version 25.0.0.1
gem5 compiled May  5 2026 12:55:05
gem5 started Jun 12 2026 21:31:32
gem5 executing on cn27.guoehi.cluster, pid 166322
command line: /home/fdemirel/HPC_Lab_Proj/stride/../../gem5/build/ALL/gem5.opt -s --outdir=results_stride_multisim --stdout-file=spmv_stride_deg1_dist4_l2_ddr4_1x_simout.txt --stderr-file=spmv_stride_deg1_dist4_l2_ddr4_1x_simerr.txt --stats-file=stats.txt -c 'from multiprocessing.spawn import spawn_main; spawn_main(tracker_fd=7, pipe_handle=13)' --multiprocessing-fork

src/sim/mem_state.cc:443: info: Increasing stack size by one page.
src/sim/syscall_emul.hh:1121: warn: readlink() called on '/proc/self/exe' may yield unexpected results in various settings.
      Returning '/home/fdemirel/HPC_Lab_Proj/benchmarks/spmv/spmv-m5.x'
src/arch/arm/insts/pseudo.cc:174: warn: 	instruction 'bti' unimplemented
src/sim/mem_state.cc:443: info: Increasing stack size by one page.
src/sim/mem_state.cc:443: info: Increasing stack size by one page.
src/sim/mem_state.cc:443: info: Increasing stack size by one page.
src/sim/mem_state.cc:443: info: Increasing stack size by one page.
src/sim/mem_state.cc:443: info: Increasing stack size by one page.
src/sim/mem_state.cc:443: info: Increasing stack size by one page.
src/sim/mem_state.cc:443: info: Increasing stack size by one page.
----spmv----
N_ROWS          : 8192 
N_COLS          : 65536 
NNZ             : 524155 
Execution time: 6.818199 (ms) 
Global frequency set at 1000000000000 ticks per second
src/mem/dram_interface.cc:690: warn: DRAM device capacity (16384 Mbytes) does not match the address range assigned (512 Mbytes)
src/mem/dram_interface.cc:690: warn: DRAM device capacity (16384 Mbytes) does not match the address range assigned (512 Mbytes)
src/base/statistics.hh:279: warn: One of the stats is a legacy stat. Legacy stat is a stat that does not belong to any statistics::Group. Legacy stat is deprecated.
board.remote_gdb: Listening for connections on port 7001
gem5 Simulator System.  https://www.gem5.org
gem5 is copyrighted software; use the --copyright option for details.

gem5 version 25.0.0.1
gem5 compiled May  5 2026 12:55:05
gem5 started Jun 12 2026 21:32:11
gem5 executing on cn27.guoehi.cluster, pid 166326
command line: /home/fdemirel/HPC_Lab_Proj/stride/../../gem5/build/ALL/gem5.opt -s --outdir=results_stride_multisim --stdout-file=simple_triad_stride_deg16_dist16_l1d_ddr4_2x_simout.txt --stderr-file=simple_triad_stride_deg16_dist16_l1d_ddr4_2x_simerr.txt --stats-file=stats.txt -c 'from multiprocessing.spawn import spawn_main; spawn_main(tracker_fd=7, pipe_handle=13)' --multiprocessing-fork

src/sim/mem_state.cc:443: info: Increasing stack size by one page.
src/sim/syscall_emul.hh:1121: warn: readlink() called on '/proc/self/exe' may yield unexpected results in various settings.
      Returning '/home/fdemirel/HPC_Lab_Proj/benchmarks/simple_triad/simple_triad-m5.x'
----quick sort----
Array SIZE      : 131072 
random_elem:0, /home/fdemirel/HPC_Lab_Proj/benchmarks/quick/quick-m5.x
Execution time: 8.873653 (ms) 
Global frequency set at 1000000000000 ticks per second
----spmv----
N_ROWS          : 8192 
N_COLS          : 65536 
NNZ             : 524155 
Execution time: 7.643005 (ms) 
src/mem/dram_interface.cc:690: warn: DRAM device capacity (16384 Mbytes) does not match the address range assigned (512 Mbytes)
src/mem/dram_interface.cc:690: warn: DRAM device capacity (16384 Mbytes) does not match the address range assigned (512 Mbytes)
src/base/statistics.hh:279: warn: One of the stats is a legacy stat. Legacy stat is a stat that does not belong to any statistics::Group. Legacy stat is deprecated.
board.remote_gdb: Listening for connections on port 7003
gem5 Simulator System.  https://www.gem5.org
gem5 is copyrighted software; use the --copyright option for details.

gem5 version 25.0.0.1
gem5 compiled May  5 2026 12:55:05
gem5 started Jun 12 2026 21:33:21
gem5 executing on cn27.guoehi.cluster, pid 166332
command line: /home/fdemirel/HPC_Lab_Proj/stride/../../gem5/build/ALL/gem5.opt -s --outdir=results_stride_multisim --stdout-file=bfs_stride_deg4_dist16_l1d_ddr4_2x_simout.txt --stderr-file=bfs_stride_deg4_dist16_l1d_ddr4_2x_simerr.txt --stats-file=stats.txt -c 'from multiprocessing.spawn import spawn_main; spawn_main(tracker_fd=7, pipe_handle=13)' --multiprocessing-fork

src/sim/mem_state.cc:443: info: Increasing stack size by one page.
src/sim/syscall_emul.hh:1121: warn: readlink() called on '/proc/self/exe' may yield unexpected results in various settings.
      Returning '/home/fdemirel/HPC_Lab_Proj/benchmarks/bfs/bfs-m5.x'
src/arch/arm/insts/pseudo.cc:174: warn: 	instruction 'bti' unimplemented
Beginning BFS ...
Global frequency set at 1000000000000 ticks per second
src/mem/dram_interface.cc:690: warn: DRAM device capacity (16384 Mbytes) does not match the address range assigned (512 Mbytes)
src/mem/dram_interface.cc:690: warn: DRAM device capacity (16384 Mbytes) does not match the address range assigned (512 Mbytes)
src/base/statistics.hh:279: warn: One of the stats is a legacy stat. Legacy stat is a stat that does not belong to any statistics::Group. Legacy stat is deprecated.
board.remote_gdb: Listening for connections on port 7000
gem5 Simulator System.  https://www.gem5.org
gem5 is copyrighted software; use the --copyright option for details.

gem5 version 25.0.0.1
gem5 compiled May  5 2026 12:55:05
gem5 started Jun 12 2026 21:33:41
gem5 executing on cn27.guoehi.cluster, pid 166335
command line: /home/fdemirel/HPC_Lab_Proj/stride/../../gem5/build/ALL/gem5.opt -s --outdir=results_stride_multisim --stdout-file=matmult_stride_deg4_dist4_l2_ddr4_2x_simout.txt --stderr-file=matmult_stride_deg4_dist4_l2_ddr4_2x_simerr.txt --stats-file=stats.txt -c 'from multiprocessing.spawn import spawn_main; spawn_main(tracker_fd=7, pipe_handle=13)' --multiprocessing-fork

src/sim/mem_state.cc:443: info: Increasing stack size by one page.
src/sim/syscall_emul.hh:1121: warn: readlink() called on '/proc/self/exe' may yield unexpected results in various settings.
      Returning '/home/fdemirel/HPC_Lab_Proj/benchmarks/matmult/matmult-m5.x'
src/arch/arm/insts/pseudo.cc:174: warn: 	instruction 'bti' unimplemented
Array SIZE      : 1000000 
Array LOOP      : 1 

----triad----
a[0]=7.00e+00. b[0]=2.00e+00. c[0]=1.00e+00.
Execution time: 2.024974 (ms) 
   Rate [MB/s]: 11852.0 
Global frequency set at 1000000000000 ticks per second
src/mem/dram_interface.cc:690: warn: DRAM device capacity (16384 Mbytes) does not match the address range assigned (1024 Mbytes)
src/base/statistics.hh:279: warn: One of the stats is a legacy stat. Legacy stat is a stat that does not belong to any statistics::Group. Legacy stat is deprecated.
board.remote_gdb: Listening for connections on port 7001
gem5 Simulator System.  https://www.gem5.org
gem5 is copyrighted software; use the --copyright option for details.

gem5 version 25.0.0.1
gem5 compiled May  5 2026 12:55:05
gem5 started Jun 12 2026 21:34:02
gem5 executing on cn27.guoehi.cluster, pid 166341
command line: /home/fdemirel/HPC_Lab_Proj/stride/../../gem5/build/ALL/gem5.opt -s --outdir=results_stride_multisim --stdout-file=quick_stride_deg16_dist1_l1d_ddr4_1x_simout.txt --stderr-file=quick_stride_deg16_dist1_l1d_ddr4_1x_simerr.txt --stats-file=stats.txt -c 'from multiprocessing.spawn import spawn_main; spawn_main(tracker_fd=7, pipe_handle=13)' --multiprocessing-fork

src/sim/mem_state.cc:443: info: Increasing stack size by one page.
src/sim/syscall_emul.hh:1121: warn: readlink() called on '/proc/self/exe' may yield unexpected results in various settings.
      Returning '/home/fdemirel/HPC_Lab_Proj/benchmarks/quick/quick-m5.x'
src/arch/arm/insts/pseudo.cc:174: warn: 	instruction 'bti' unimplemented

----MATRIX MULTIPLICATION----

----Computation starts----
Loop 0 ... 
argc = 2, A[argc][argc] = 0.500000, B[argc][argc] = 0.500000, C[argc][argc] = 0.500000 
Execution time: 1.208664 (ms) 
Finished BFS.
Global frequency set at 1000000000000 ticks per second
src/mem/dram_interface.cc:690: warn: DRAM device capacity (16384 Mbytes) does not match the address range assigned (512 Mbytes)
src/mem/dram_interface.cc:690: warn: DRAM device capacity (16384 Mbytes) does not match the address range assigned (512 Mbytes)
src/base/statistics.hh:279: warn: One of the stats is a legacy stat. Legacy stat is a stat that does not belong to any statistics::Group. Legacy stat is deprecated.
board.remote_gdb: Listening for connections on port 7000
gem5 Simulator System.  https://www.gem5.org
gem5 is copyrighted software; use the --copyright option for details.

gem5 version 25.0.0.1
gem5 compiled May  5 2026 12:55:05
gem5 started Jun 12 2026 21:34:51
gem5 executing on cn27.guoehi.cluster, pid 166346
command line: /home/fdemirel/HPC_Lab_Proj/stride/../../gem5/build/ALL/gem5.opt -s --outdir=results_stride_multisim --stdout-file=spmv_stride_deg1_dist1_l1d_ddr4_2x_simout.txt --stderr-file=spmv_stride_deg1_dist1_l1d_ddr4_2x_simerr.txt --stats-file=stats.txt -c 'from multiprocessing.spawn import spawn_main; spawn_main(tracker_fd=7, pipe_handle=13)' --multiprocessing-fork

src/sim/mem_state.cc:443: info: Increasing stack size by one page.
src/sim/syscall_emul.hh:1121: warn: readlink() called on '/proc/self/exe' may yield unexpected results in various settings.
      Returning '/home/fdemirel/HPC_Lab_Proj/benchmarks/spmv/spmv-m5.x'
src/arch/arm/insts/pseudo.cc:174: warn: 	instruction 'bti' unimplemented
src/sim/mem_state.cc:443: info: Increasing stack size by one page.
src/sim/mem_state.cc:443: info: Increasing stack size by one page.
src/sim/mem_state.cc:443: info: Increasing stack size by one page.
src/sim/mem_state.cc:443: info: Increasing stack size by one page.
src/sim/mem_state.cc:443: info: Increasing stack size by one page.
src/sim/mem_state.cc:443: info: Increasing stack size by one page.
src/sim/mem_state.cc:443: info: Increasing stack size by one page.
Global frequency set at 1000000000000 ticks per second
src/mem/dram_interface.cc:690: warn: DRAM device capacity (16384 Mbytes) does not match the address range assigned (1024 Mbytes)
src/base/statistics.hh:279: warn: One of the stats is a legacy stat. Legacy stat is a stat that does not belong to any statistics::Group. Legacy stat is deprecated.
board.remote_gdb: Listening for connections on port 7002
gem5 Simulator System.  https://www.gem5.org
gem5 is copyrighted software; use the --copyright option for details.

gem5 version 25.0.0.1
gem5 compiled May  5 2026 12:55:05
gem5 started Jun 12 2026 21:34:53
gem5 executing on cn27.guoehi.cluster, pid 166348
command line: /home/fdemirel/HPC_Lab_Proj/stride/../../gem5/build/ALL/gem5.opt -s --outdir=results_stride_multisim --stdout-file=matmult_stride_deg8_dist8_l1d_ddr4_1x_simout.txt --stderr-file=matmult_stride_deg8_dist8_l1d_ddr4_1x_simerr.txt --stats-file=stats.txt -c 'from multiprocessing.spawn import spawn_main; spawn_main(tracker_fd=7, pipe_handle=13)' --multiprocessing-fork

src/sim/mem_state.cc:443: info: Increasing stack size by one page.
src/sim/syscall_emul.hh:1121: warn: readlink() called on '/proc/self/exe' may yield unexpected results in various settings.
      Returning '/home/fdemirel/HPC_Lab_Proj/benchmarks/matmult/matmult-m5.x'
src/arch/arm/insts/pseudo.cc:174: warn: 	instruction 'bti' unimplemented

----MATRIX MULTIPLICATION----

----Computation starts----
Loop 0 ... 
argc = 2, A[argc][argc] = 0.500000, B[argc][argc] = 0.500000, C[argc][argc] = 0.500000 
Execution time: 1.202340 (ms) 
Global frequency set at 1000000000000 ticks per second
src/mem/dram_interface.cc:690: warn: DRAM device capacity (16384 Mbytes) does not match the address range assigned (512 Mbytes)
src/mem/dram_interface.cc:690: warn: DRAM device capacity (16384 Mbytes) does not match the address range assigned (512 Mbytes)
src/base/statistics.hh:279: warn: One of the stats is a legacy stat. Legacy stat is a stat that does not belong to any statistics::Group. Legacy stat is deprecated.
board.remote_gdb: Listening for connections on port 7002
gem5 Simulator System.  https://www.gem5.org
gem5 is copyrighted software; use the --copyright option for details.

gem5 version 25.0.0.1
gem5 compiled May  5 2026 12:55:05
gem5 started Jun 12 2026 21:36:07
gem5 executing on cn27.guoehi.cluster, pid 166356
command line: /home/fdemirel/HPC_Lab_Proj/stride/../../gem5/build/ALL/gem5.opt -s --outdir=results_stride_multisim --stdout-file=bfs_stride_deg4_dist16_l2_ddr4_2x_simout.txt --stderr-file=bfs_stride_deg4_dist16_l2_ddr4_2x_simerr.txt --stats-file=stats.txt -c 'from multiprocessing.spawn import spawn_main; spawn_main(tracker_fd=7, pipe_handle=13)' --multiprocessing-fork

src/sim/mem_state.cc:443: info: Increasing stack size by one page.
src/sim/syscall_emul.hh:1121: warn: readlink() called on '/proc/self/exe' may yield unexpected results in various settings.
      Returning '/home/fdemirel/HPC_Lab_Proj/benchmarks/bfs/bfs-m5.x'
src/arch/arm/insts/pseudo.cc:174: warn: 	instruction 'bti' unimplemented
Beginning BFS ...
----spmv----
N_ROWS          : 8192 
N_COLS          : 65536 
NNZ             : 524155 
Execution time: 6.946257 (ms) 
Global frequency set at 1000000000000 ticks per second
src/mem/dram_interface.cc:690: warn: DRAM device capacity (16384 Mbytes) does not match the address range assigned (1024 Mbytes)
src/base/statistics.hh:279: warn: One of the stats is a legacy stat. Legacy stat is a stat that does not belong to any statistics::Group. Legacy stat is deprecated.
board.remote_gdb: Listening for connections on port 7000
gem5 Simulator System.  https://www.gem5.org
gem5 is copyrighted software; use the --copyright option for details.

gem5 version 25.0.0.1
gem5 compiled May  5 2026 12:55:05
gem5 started Jun 12 2026 21:37:01
gem5 executing on cn27.guoehi.cluster, pid 166360
command line: /home/fdemirel/HPC_Lab_Proj/stride/../../gem5/build/ALL/gem5.opt -s --outdir=results_stride_multisim --stdout-file=quick_stride_deg16_dist1_l2_ddr4_1x_simout.txt --stderr-file=quick_stride_deg16_dist1_l2_ddr4_1x_simerr.txt --stats-file=stats.txt -c 'from multiprocessing.spawn import spawn_main; spawn_main(tracker_fd=7, pipe_handle=13)' --multiprocessing-fork

src/sim/mem_state.cc:443: info: Increasing stack size by one page.
src/sim/syscall_emul.hh:1121: warn: readlink() called on '/proc/self/exe' may yield unexpected results in various settings.
      Returning '/home/fdemirel/HPC_Lab_Proj/benchmarks/quick/quick-m5.x'
src/arch/arm/insts/pseudo.cc:174: warn: 	instruction 'bti' unimplemented
----quick sort----
Array SIZE      : 131072 
random_elem:0, /home/fdemirel/HPC_Lab_Proj/benchmarks/quick/quick-m5.x
Execution time: 8.267702 (ms) 
Global frequency set at 1000000000000 ticks per second
src/mem/dram_interface.cc:690: warn: DRAM device capacity (16384 Mbytes) does not match the address range assigned (1024 Mbytes)
src/base/statistics.hh:279: warn: One of the stats is a legacy stat. Legacy stat is a stat that does not belong to any statistics::Group. Legacy stat is deprecated.
board.remote_gdb: Listening for connections on port 7001
gem5 Simulator System.  https://www.gem5.org
gem5 is copyrighted software; use the --copyright option for details.

gem5 version 25.0.0.1
gem5 compiled May  5 2026 12:55:05
gem5 started Jun 12 2026 21:38:05
gem5 executing on cn27.guoehi.cluster, pid 166364
command line: /home/fdemirel/HPC_Lab_Proj/stride/../../gem5/build/ALL/gem5.opt -s --outdir=results_stride_multisim --stdout-file=spmv_stride_deg8_dist16_l2_ddr4_1x_simout.txt --stderr-file=spmv_stride_deg8_dist16_l2_ddr4_1x_simerr.txt --stats-file=stats.txt -c 'from multiprocessing.spawn import spawn_main; spawn_main(tracker_fd=7, pipe_handle=13)' --multiprocessing-fork

src/sim/mem_state.cc:443: info: Increasing stack size by one page.
src/sim/syscall_emul.hh:1121: warn: readlink() called on '/proc/self/exe' may yield unexpected results in various settings.
      Returning '/home/fdemirel/HPC_Lab_Proj/benchmarks/spmv/spmv-m5.x'
src/arch/arm/insts/pseudo.cc:174: warn: 	instruction 'bti' unimplemented
src/sim/mem_state.cc:443: info: Increasing stack size by one page.
src/sim/mem_state.cc:443: info: Increasing stack size by one page.
src/sim/mem_state.cc:443: info: Increasing stack size by one page.
src/sim/mem_state.cc:443: info: Increasing stack size by one page.
src/sim/mem_state.cc:443: info: Increasing stack size by one page.
src/sim/mem_state.cc:443: info: Increasing stack size by one page.
src/sim/mem_state.cc:443: info: Increasing stack size by one page.
Finished BFS.
Global frequency set at 1000000000000 ticks per second
src/mem/dram_interface.cc:690: warn: DRAM device capacity (16384 Mbytes) does not match the address range assigned (512 Mbytes)
src/mem/dram_interface.cc:690: warn: DRAM device capacity (16384 Mbytes) does not match the address range assigned (512 Mbytes)
src/base/statistics.hh:279: warn: One of the stats is a legacy stat. Legacy stat is a stat that does not belong to any statistics::Group. Legacy stat is deprecated.
board.remote_gdb: Listening for connections on port 7003
gem5 Simulator System.  https://www.gem5.org
gem5 is copyrighted software; use the --copyright option for details.

gem5 version 25.0.0.1
gem5 compiled May  5 2026 12:55:05
gem5 started Jun 12 2026 21:39:16
gem5 executing on cn27.guoehi.cluster, pid 166374
command line: /home/fdemirel/HPC_Lab_Proj/stride/../../gem5/build/ALL/gem5.opt -s --outdir=results_stride_multisim --stdout-file=quick_stride_deg1_dist4_l2_ddr4_2x_simout.txt --stderr-file=quick_stride_deg1_dist4_l2_ddr4_2x_simerr.txt --stats-file=stats.txt -c 'from multiprocessing.spawn import spawn_main; spawn_main(tracker_fd=7, pipe_handle=13)' --multiprocessing-fork

src/sim/mem_state.cc:443: info: Increasing stack size by one page.
src/sim/syscall_emul.hh:1121: warn: readlink() called on '/proc/self/exe' may yield unexpected results in various settings.
      Returning '/home/fdemirel/HPC_Lab_Proj/benchmarks/quick/quick-m5.x'
src/arch/arm/insts/pseudo.cc:174: warn: 	instruction 'bti' unimplemented
----spmv----
N_ROWS          : 8192 
N_COLS          : 65536 
NNZ             : 524155 
Execution time: 7.431889 (ms) 
Global frequency set at 1000000000000 ticks per second
src/mem/dram_interface.cc:690: warn: DRAM device capacity (16384 Mbytes) does not match the address range assigned (512 Mbytes)
src/mem/dram_interface.cc:690: warn: DRAM device capacity (16384 Mbytes) does not match the address range assigned (512 Mbytes)
src/base/statistics.hh:279: warn: One of the stats is a legacy stat. Legacy stat is a stat that does not belong to any statistics::Group. Legacy stat is deprecated.
board.remote_gdb: Listening for connections on port 7001
gem5 Simulator System.  https://www.gem5.org
gem5 is copyrighted software; use the --copyright option for details.

gem5 version 25.0.0.1
gem5 compiled May  5 2026 12:55:05
gem5 started Jun 12 2026 21:40:10
gem5 executing on cn27.guoehi.cluster, pid 166377
command line: /home/fdemirel/HPC_Lab_Proj/stride/../../gem5/build/ALL/gem5.opt -s --outdir=results_stride_multisim --stdout-file=simple_triad_stride_deg32_dist32_l1d_ddr4_2x_simout.txt --stderr-file=simple_triad_stride_deg32_dist32_l1d_ddr4_2x_simerr.txt --stats-file=stats.txt -c 'from multiprocessing.spawn import spawn_main; spawn_main(tracker_fd=7, pipe_handle=13)' --multiprocessing-fork

src/sim/mem_state.cc:443: info: Increasing stack size by one page.
src/sim/syscall_emul.hh:1121: warn: readlink() called on '/proc/self/exe' may yield unexpected results in various settings.
      Returning '/home/fdemirel/HPC_Lab_Proj/benchmarks/simple_triad/simple_triad-m5.x'
----quick sort----
Array SIZE      : 131072 
random_elem:0, /home/fdemirel/HPC_Lab_Proj/benchmarks/quick/quick-m5.x
Execution time: 8.601097 (ms) 
Global frequency set at 1000000000000 ticks per second
src/mem/dram_interface.cc:690: warn: DRAM device capacity (16384 Mbytes) does not match the address range assigned (512 Mbytes)
src/mem/dram_interface.cc:690: warn: DRAM device capacity (16384 Mbytes) does not match the address range assigned (512 Mbytes)
src/base/statistics.hh:279: warn: One of the stats is a legacy stat. Legacy stat is a stat that does not belong to any statistics::Group. Legacy stat is deprecated.
board.remote_gdb: Listening for connections on port 7000
gem5 Simulator System.  https://www.gem5.org
gem5 is copyrighted software; use the --copyright option for details.

gem5 version 25.0.0.1
gem5 compiled May  5 2026 12:55:05
gem5 started Jun 12 2026 21:41:14
gem5 executing on cn27.guoehi.cluster, pid 166387
command line: /home/fdemirel/HPC_Lab_Proj/stride/../../gem5/build/ALL/gem5.opt -s --outdir=results_stride_multisim --stdout-file=bfs_stride_deg8_dist32_l1d_ddr4_2x_simout.txt --stderr-file=bfs_stride_deg8_dist32_l1d_ddr4_2x_simerr.txt --stats-file=stats.txt -c 'from multiprocessing.spawn import spawn_main; spawn_main(tracker_fd=7, pipe_handle=13)' --multiprocessing-fork

src/sim/mem_state.cc:443: info: Increasing stack size by one page.
src/sim/syscall_emul.hh:1121: warn: readlink() called on '/proc/self/exe' may yield unexpected results in various settings.
      Returning '/home/fdemirel/HPC_Lab_Proj/benchmarks/bfs/bfs-m5.x'
src/arch/arm/insts/pseudo.cc:174: warn: 	instruction 'bti' unimplemented
Beginning BFS ...
Finished BFS.
Array SIZE      : 1000000 
Array LOOP      : 1 

----triad----
a[0]=7.00e+00. b[0]=2.00e+00. c[0]=1.00e+00.
Execution time: 2.220837 (ms) 
   Rate [MB/s]: 10806.7 
Global frequency set at 1000000000000 ticks per second
src/mem/dram_interface.cc:690: warn: DRAM device capacity (16384 Mbytes) does not match the address range assigned (1024 Mbytes)
src/base/statistics.hh:279: warn: One of the stats is a legacy stat. Legacy stat is a stat that does not belong to any statistics::Group. Legacy stat is deprecated.
board.remote_gdb: Listening for connections on port 7001
gem5 Simulator System.  https://www.gem5.org
gem5 is copyrighted software; use the --copyright option for details.

gem5 version 25.0.0.1
gem5 compiled May  5 2026 12:55:05
gem5 started Jun 12 2026 21:42:00
gem5 executing on cn27.guoehi.cluster, pid 166391
command line: /home/fdemirel/HPC_Lab_Proj/stride/../../gem5/build/ALL/gem5.opt -s --outdir=results_stride_multisim --stdout-file=bfs_stride_deg16_dist4_l2_ddr4_1x_simout.txt --stderr-file=bfs_stride_deg16_dist4_l2_ddr4_1x_simerr.txt --stats-file=stats.txt -c 'from multiprocessing.spawn import spawn_main; spawn_main(tracker_fd=7, pipe_handle=13)' --multiprocessing-fork

src/sim/mem_state.cc:443: info: Increasing stack size by one page.
src/sim/syscall_emul.hh:1121: warn: readlink() called on '/proc/self/exe' may yield unexpected results in various settings.
      Returning '/home/fdemirel/HPC_Lab_Proj/benchmarks/bfs/bfs-m5.x'
src/arch/arm/insts/pseudo.cc:174: warn: 	instruction 'bti' unimplemented
Beginning BFS ...
Global frequency set at 1000000000000 ticks per second
src/mem/dram_interface.cc:690: warn: DRAM device capacity (16384 Mbytes) does not match the address range assigned (1024 Mbytes)
src/base/statistics.hh:279: warn: One of the stats is a legacy stat. Legacy stat is a stat that does not belong to any statistics::Group. Legacy stat is deprecated.
board.remote_gdb: Listening for connections on port 7002
gem5 Simulator System.  https://www.gem5.org
gem5 is copyrighted software; use the --copyright option for details.

gem5 version 25.0.0.1
gem5 compiled May  5 2026 12:55:05
gem5 started Jun 12 2026 21:42:06
gem5 executing on cn27.guoehi.cluster, pid 166393
command line: /home/fdemirel/HPC_Lab_Proj/stride/../../gem5/build/ALL/gem5.opt -s --outdir=results_stride_multisim --stdout-file=quick_stride_deg1_dist8_l1d_ddr4_1x_simout.txt --stderr-file=quick_stride_deg1_dist8_l1d_ddr4_1x_simerr.txt --stats-file=stats.txt -c 'from multiprocessing.spawn import spawn_main; spawn_main(tracker_fd=7, pipe_handle=13)' --multiprocessing-fork

src/sim/mem_state.cc:443: info: Increasing stack size by one page.
src/sim/syscall_emul.hh:1121: warn: readlink() called on '/proc/self/exe' may yield unexpected results in various settings.
      Returning '/home/fdemirel/HPC_Lab_Proj/benchmarks/quick/quick-m5.x'
src/arch/arm/insts/pseudo.cc:174: warn: 	instruction 'bti' unimplemented
----quick sort----
Array SIZE      : 131072 
random_elem:0, /home/fdemirel/HPC_Lab_Proj/benchmarks/quick/quick-m5.x
Execution time: 8.628872 (ms) 
Global frequency set at 1000000000000 ticks per second
src/mem/dram_interface.cc:690: warn: DRAM device capacity (16384 Mbytes) does not match the address range assigned (512 Mbytes)
src/mem/dram_interface.cc:690: warn: DRAM device capacity (16384 Mbytes) does not match the address range assigned (512 Mbytes)
src/base/statistics.hh:279: warn: One of the stats is a legacy stat. Legacy stat is a stat that does not belong to any statistics::Group. Legacy stat is deprecated.
board.remote_gdb: Listening for connections on port 7003
gem5 Simulator System.  https://www.gem5.org
gem5 is copyrighted software; use the --copyright option for details.

gem5 version 25.0.0.1
gem5 compiled May  5 2026 12:55:05
gem5 started Jun 12 2026 21:43:27
gem5 executing on cn27.guoehi.cluster, pid 166401
command line: /home/fdemirel/HPC_Lab_Proj/stride/../../gem5/build/ALL/gem5.opt -s --outdir=results_stride_multisim --stdout-file=spmv_stride_deg1_dist1_l2_ddr4_2x_simout.txt --stderr-file=spmv_stride_deg1_dist1_l2_ddr4_2x_simerr.txt --stats-file=stats.txt -c 'from multiprocessing.spawn import spawn_main; spawn_main(tracker_fd=7, pipe_handle=13)' --multiprocessing-fork

src/sim/mem_state.cc:443: info: Increasing stack size by one page.
src/sim/syscall_emul.hh:1121: warn: readlink() called on '/proc/self/exe' may yield unexpected results in various settings.
      Returning '/home/fdemirel/HPC_Lab_Proj/benchmarks/spmv/spmv-m5.x'
src/arch/arm/insts/pseudo.cc:174: warn: 	instruction 'bti' unimplemented
src/sim/mem_state.cc:443: info: Increasing stack size by one page.
src/sim/mem_state.cc:443: info: Increasing stack size by one page.
src/sim/mem_state.cc:443: info: Increasing stack size by one page.
src/sim/mem_state.cc:443: info: Increasing stack size by one page.
src/sim/mem_state.cc:443: info: Increasing stack size by one page.
src/sim/mem_state.cc:443: info: Increasing stack size by one page.
src/sim/mem_state.cc:443: info: Increasing stack size by one page.
----spmv----
N_ROWS          : 8192 
N_COLS          : 65536 
NNZ             : 524155 
Execution time: 7.203874 (ms) 
Global frequency set at 1000000000000 ticks per second
src/mem/dram_interface.cc:690: warn: DRAM device capacity (16384 Mbytes) does not match the address range assigned (512 Mbytes)
src/mem/dram_interface.cc:690: warn: DRAM device capacity (16384 Mbytes) does not match the address range assigned (512 Mbytes)
src/base/statistics.hh:279: warn: One of the stats is a legacy stat. Legacy stat is a stat that does not belong to any statistics::Group. Legacy stat is deprecated.
board.remote_gdb: Listening for connections on port 7003
gem5 Simulator System.  https://www.gem5.org
gem5 is copyrighted software; use the --copyright option for details.

gem5 version 25.0.0.1
gem5 compiled May  5 2026 12:55:05
gem5 started Jun 12 2026 21:45:33
gem5 executing on cn27.guoehi.cluster, pid 166408
command line: /home/fdemirel/HPC_Lab_Proj/stride/../../gem5/build/ALL/gem5.opt -s --outdir=results_stride_multisim --stdout-file=simple_triad_stride_deg4_dist1_l1d_ddr4_2x_simout.txt --stderr-file=simple_triad_stride_deg4_dist1_l1d_ddr4_2x_simerr.txt --stats-file=stats.txt -c 'from multiprocessing.spawn import spawn_main; spawn_main(tracker_fd=7, pipe_handle=13)' --multiprocessing-fork

src/sim/mem_state.cc:443: info: Increasing stack size by one page.
src/sim/syscall_emul.hh:1121: warn: readlink() called on '/proc/self/exe' may yield unexpected results in various settings.
      Returning '/home/fdemirel/HPC_Lab_Proj/benchmarks/simple_triad/simple_triad-m5.x'
----quick sort----
Array SIZE      : 131072 
random_elem:0, /home/fdemirel/HPC_Lab_Proj/benchmarks/quick/quick-m5.x
Execution time: 8.429991 (ms) 
Global frequency set at 1000000000000 ticks per second
src/mem/dram_interface.cc:690: warn: DRAM device capacity (16384 Mbytes) does not match the address range assigned (512 Mbytes)
src/mem/dram_interface.cc:690: warn: DRAM device capacity (16384 Mbytes) does not match the address range assigned (512 Mbytes)
src/base/statistics.hh:279: warn: One of the stats is a legacy stat. Legacy stat is a stat that does not belong to any statistics::Group. Legacy stat is deprecated.
board.remote_gdb: Listening for connections on port 7002
gem5 Simulator System.  https://www.gem5.org
gem5 is copyrighted software; use the --copyright option for details.

gem5 version 25.0.0.1
gem5 compiled May  5 2026 12:55:05
gem5 started Jun 12 2026 21:46:13
gem5 executing on cn27.guoehi.cluster, pid 166413
command line: /home/fdemirel/HPC_Lab_Proj/stride/../../gem5/build/ALL/gem5.opt -s --outdir=results_stride_multisim --stdout-file=merge_stride_deg8_dist16_l2_ddr4_2x_simout.txt --stderr-file=merge_stride_deg8_dist16_l2_ddr4_2x_simerr.txt --stats-file=stats.txt -c 'from multiprocessing.spawn import spawn_main; spawn_main(tracker_fd=7, pipe_handle=13)' --multiprocessing-fork

src/sim/mem_state.cc:443: info: Increasing stack size by one page.
src/sim/syscall_emul.hh:1121: warn: readlink() called on '/proc/self/exe' may yield unexpected results in various settings.
      Returning '/home/fdemirel/HPC_Lab_Proj/benchmarks/merge/merge-m5.x'
src/arch/arm/insts/pseudo.cc:174: warn: 	instruction 'bti' unimplemented
Finished BFS.
Array SIZE      : 1000000 
Array LOOP      : 1 

----triad----
a[0]=7.00e+00. b[0]=2.00e+00. c[0]=1.00e+00.
Execution time: 1.846238 (ms) 
   Rate [MB/s]: 12999.4 
Global frequency set at 1000000000000 ticks per second
src/mem/dram_interface.cc:690: warn: DRAM device capacity (16384 Mbytes) does not match the address range assigned (1024 Mbytes)
src/base/statistics.hh:279: warn: One of the stats is a legacy stat. Legacy stat is a stat that does not belong to any statistics::Group. Legacy stat is deprecated.
board.remote_gdb: Listening for connections on port 7000
gem5 Simulator System.  https://www.gem5.org
gem5 is copyrighted software; use the --copyright option for details.

gem5 version 25.0.0.1
gem5 compiled May  5 2026 12:55:05
gem5 started Jun 12 2026 21:47:22
gem5 executing on cn27.guoehi.cluster, pid 166418
command line: /home/fdemirel/HPC_Lab_Proj/stride/../../gem5/build/ALL/gem5.opt -s --outdir=results_stride_multisim --stdout-file=simple_triad_stride_deg32_dist16_l1d_ddr4_1x_simout.txt --stderr-file=simple_triad_stride_deg32_dist16_l1d_ddr4_1x_simerr.txt --stats-file=stats.txt -c 'from multiprocessing.spawn import spawn_main; spawn_main(tracker_fd=7, pipe_handle=13)' --multiprocessing-fork

src/sim/mem_state.cc:443: info: Increasing stack size by one page.
src/sim/syscall_emul.hh:1121: warn: readlink() called on '/proc/self/exe' may yield unexpected results in various settings.
      Returning '/home/fdemirel/HPC_Lab_Proj/benchmarks/simple_triad/simple_triad-m5.x'
Global frequency set at 1000000000000 ticks per second
src/mem/dram_interface.cc:690: warn: DRAM device capacity (16384 Mbytes) does not match the address range assigned (512 Mbytes)
src/mem/dram_interface.cc:690: warn: DRAM device capacity (16384 Mbytes) does not match the address range assigned (512 Mbytes)
src/base/statistics.hh:279: warn: One of the stats is a legacy stat. Legacy stat is a stat that does not belong to any statistics::Group. Legacy stat is deprecated.
board.remote_gdb: Listening for connections on port 7003
gem5 Simulator System.  https://www.gem5.org
gem5 is copyrighted software; use the --copyright option for details.

gem5 version 25.0.0.1
gem5 compiled May  5 2026 12:55:05
gem5 started Jun 12 2026 21:47:30
gem5 executing on cn27.guoehi.cluster, pid 166419
command line: /home/fdemirel/HPC_Lab_Proj/stride/../../gem5/build/ALL/gem5.opt -s --outdir=results_stride_multisim --stdout-file=spmv_stride_deg4_dist4_l1d_ddr4_2x_simout.txt --stderr-file=spmv_stride_deg4_dist4_l1d_ddr4_2x_simerr.txt --stats-file=stats.txt -c 'from multiprocessing.spawn import spawn_main; spawn_main(tracker_fd=7, pipe_handle=13)' --multiprocessing-fork

src/sim/mem_state.cc:443: info: Increasing stack size by one page.
src/sim/syscall_emul.hh:1121: warn: readlink() called on '/proc/self/exe' may yield unexpected results in various settings.
      Returning '/home/fdemirel/HPC_Lab_Proj/benchmarks/spmv/spmv-m5.x'
src/arch/arm/insts/pseudo.cc:174: warn: 	instruction 'bti' unimplemented
src/sim/mem_state.cc:443: info: Increasing stack size by one page.
src/sim/mem_state.cc:443: info: Increasing stack size by one page.
src/sim/mem_state.cc:443: info: Increasing stack size by one page.
src/sim/mem_state.cc:443: info: Increasing stack size by one page.
src/sim/mem_state.cc:443: info: Increasing stack size by one page.
src/sim/mem_state.cc:443: info: Increasing stack size by one page.
src/sim/mem_state.cc:443: info: Increasing stack size by one page.
Finished BFS.
Global frequency set at 1000000000000 ticks per second
src/mem/dram_interface.cc:690: warn: DRAM device capacity (16384 Mbytes) does not match the address range assigned (1024 Mbytes)
src/base/statistics.hh:279: warn: One of the stats is a legacy stat. Legacy stat is a stat that does not belong to any statistics::Group. Legacy stat is deprecated.
board.remote_gdb: Listening for connections on port 7001
gem5 Simulator System.  https://www.gem5.org
gem5 is copyrighted software; use the --copyright option for details.

gem5 version 25.0.0.1
gem5 compiled May  5 2026 12:55:05
gem5 started Jun 12 2026 21:48:00
gem5 executing on cn27.guoehi.cluster, pid 166426
command line: /home/fdemirel/HPC_Lab_Proj/stride/../../gem5/build/ALL/gem5.opt -s --outdir=results_stride_multisim --stdout-file=spmv_stride_deg1_dist1_l2_ddr4_1x_simout.txt --stderr-file=spmv_stride_deg1_dist1_l2_ddr4_1x_simerr.txt --stats-file=stats.txt -c 'from multiprocessing.spawn import spawn_main; spawn_main(tracker_fd=7, pipe_handle=13)' --multiprocessing-fork

src/sim/mem_state.cc:443: info: Increasing stack size by one page.
src/sim/syscall_emul.hh:1121: warn: readlink() called on '/proc/self/exe' may yield unexpected results in various settings.
      Returning '/home/fdemirel/HPC_Lab_Proj/benchmarks/spmv/spmv-m5.x'
src/arch/arm/insts/pseudo.cc:174: warn: 	instruction 'bti' unimplemented
src/sim/mem_state.cc:443: info: Increasing stack size by one page.
src/sim/mem_state.cc:443: info: Increasing stack size by one page.
src/sim/mem_state.cc:443: info: Increasing stack size by one page.
src/sim/mem_state.cc:443: info: Increasing stack size by one page.
src/sim/mem_state.cc:443: info: Increasing stack size by one page.
src/sim/mem_state.cc:443: info: Increasing stack size by one page.
src/sim/mem_state.cc:443: info: Increasing stack size by one page.
Array SIZE      : 1000000 
Array LOOP      : 1 

----triad----
a[0]=7.00e+00. b[0]=2.00e+00. c[0]=1.00e+00.
Execution time: 2.986652 (ms) 
   Rate [MB/s]: 8035.8 
----spmv----
N_ROWS          : 8192 
N_COLS          : 65536 
NNZ             : 524155 
Execution time: 6.770062 (ms) 
Global frequency set at 1000000000000 ticks per second
src/mem/dram_interface.cc:690: warn: DRAM device capacity (16384 Mbytes) does not match the address range assigned (512 Mbytes)
src/mem/dram_interface.cc:690: warn: DRAM device capacity (16384 Mbytes) does not match the address range assigned (512 Mbytes)
src/base/statistics.hh:279: warn: One of the stats is a legacy stat. Legacy stat is a stat that does not belong to any statistics::Group. Legacy stat is deprecated.
board.remote_gdb: Listening for connections on port 7000
gem5 Simulator System.  https://www.gem5.org
gem5 is copyrighted software; use the --copyright option for details.

gem5 version 25.0.0.1
gem5 compiled May  5 2026 12:55:05
gem5 started Jun 12 2026 21:49:23
gem5 executing on cn27.guoehi.cluster, pid 166432
command line: /home/fdemirel/HPC_Lab_Proj/stride/../../gem5/build/ALL/gem5.opt -s --outdir=results_stride_multisim --stdout-file=bfs_stride_deg8_dist32_l2_ddr4_2x_simout.txt --stderr-file=bfs_stride_deg8_dist32_l2_ddr4_2x_simerr.txt --stats-file=stats.txt -c 'from multiprocessing.spawn import spawn_main; spawn_main(tracker_fd=7, pipe_handle=13)' --multiprocessing-fork

src/sim/mem_state.cc:443: info: Increasing stack size by one page.
src/sim/syscall_emul.hh:1121: warn: readlink() called on '/proc/self/exe' may yield unexpected results in various settings.
      Returning '/home/fdemirel/HPC_Lab_Proj/benchmarks/bfs/bfs-m5.x'
src/arch/arm/insts/pseudo.cc:174: warn: 	instruction 'bti' unimplemented
Beginning BFS ...
Global frequency set at 1000000000000 ticks per second
src/mem/dram_interface.cc:690: warn: DRAM device capacity (16384 Mbytes) does not match the address range assigned (1024 Mbytes)
src/base/statistics.hh:279: warn: One of the stats is a legacy stat. Legacy stat is a stat that does not belong to any statistics::Group. Legacy stat is deprecated.
board.remote_gdb: Listening for connections on port 7003
gem5 Simulator System.  https://www.gem5.org
gem5 is copyrighted software; use the --copyright option for details.

gem5 version 25.0.0.1
gem5 compiled May  5 2026 12:55:05
gem5 started Jun 12 2026 21:49:31
gem5 executing on cn27.guoehi.cluster, pid 166434
command line: /home/fdemirel/HPC_Lab_Proj/stride/../../gem5/build/ALL/gem5.opt -s --outdir=results_stride_multisim --stdout-file=merge_stride_deg1_dist4_l2_ddr4_1x_simout.txt --stderr-file=merge_stride_deg1_dist4_l2_ddr4_1x_simerr.txt --stats-file=stats.txt -c 'from multiprocessing.spawn import spawn_main; spawn_main(tracker_fd=7, pipe_handle=13)' --multiprocessing-fork

src/sim/mem_state.cc:443: info: Increasing stack size by one page.
src/sim/syscall_emul.hh:1121: warn: readlink() called on '/proc/self/exe' may yield unexpected results in various settings.
      Returning '/home/fdemirel/HPC_Lab_Proj/benchmarks/merge/merge-m5.x'
src/arch/arm/insts/pseudo.cc:174: warn: 	instruction 'bti' unimplemented
----spmv----
N_ROWS          : 8192 
N_COLS          : 65536 
NNZ             : 524155 
Execution time: 7.625686 (ms) 
Global frequency set at 1000000000000 ticks per second
src/mem/dram_interface.cc:690: warn: DRAM device capacity (16384 Mbytes) does not match the address range assigned (1024 Mbytes)
src/base/statistics.hh:279: warn: One of the stats is a legacy stat. Legacy stat is a stat that does not belong to any statistics::Group. Legacy stat is deprecated.
board.remote_gdb: Listening for connections on port 7001
gem5 Simulator System.  https://www.gem5.org
gem5 is copyrighted software; use the --copyright option for details.

gem5 version 25.0.0.1
gem5 compiled May  5 2026 12:55:05
gem5 started Jun 12 2026 21:50:07
gem5 executing on cn27.guoehi.cluster, pid 166439
command line: /home/fdemirel/HPC_Lab_Proj/stride/../../gem5/build/ALL/gem5.opt -s --outdir=results_stride_multisim --stdout-file=matmult_stride_deg32_dist32_l2_ddr4_1x_simout.txt --stderr-file=matmult_stride_deg32_dist32_l2_ddr4_1x_simerr.txt --stats-file=stats.txt -c 'from multiprocessing.spawn import spawn_main; spawn_main(tracker_fd=7, pipe_handle=13)' --multiprocessing-fork

src/sim/mem_state.cc:443: info: Increasing stack size by one page.
src/sim/syscall_emul.hh:1121: warn: readlink() called on '/proc/self/exe' may yield unexpected results in various settings.
      Returning '/home/fdemirel/HPC_Lab_Proj/benchmarks/matmult/matmult-m5.x'
src/arch/arm/insts/pseudo.cc:174: warn: 	instruction 'bti' unimplemented

----MATRIX MULTIPLICATION----

----Computation starts----
Loop 0 ... 
argc = 2, A[argc][argc] = 0.500000, B[argc][argc] = 0.500000, C[argc][argc] = 0.500000 
Execution time: 1.239790 (ms) 

----merge----
Execution time: 10.595710 (ms) 
random_elem:0, /home/fdemirel/HPC_Lab_Proj/benchmarks/merge/merge-m5.x
Global frequency set at 1000000000000 ticks per second
src/mem/dram_interface.cc:690: warn: DRAM device capacity (16384 Mbytes) does not match the address range assigned (1024 Mbytes)
src/base/statistics.hh:279: warn: One of the stats is a legacy stat. Legacy stat is a stat that does not belong to any statistics::Group. Legacy stat is deprecated.
board.remote_gdb: Listening for connections on port 7001
gem5 Simulator System.  https://www.gem5.org
gem5 is copyrighted software; use the --copyright option for details.

gem5 version 25.0.0.1
gem5 compiled May  5 2026 12:55:05
gem5 started Jun 12 2026 21:51:17
gem5 executing on cn27.guoehi.cluster, pid 166446
command line: /home/fdemirel/HPC_Lab_Proj/stride/../../gem5/build/ALL/gem5.opt -s --outdir=results_stride_multisim --stdout-file=simple_triad_stride_deg32_dist16_l2_ddr4_1x_simout.txt --stderr-file=simple_triad_stride_deg32_dist16_l2_ddr4_1x_simerr.txt --stats-file=stats.txt -c 'from multiprocessing.spawn import spawn_main; spawn_main(tracker_fd=7, pipe_handle=13)' --multiprocessing-fork

src/sim/mem_state.cc:443: info: Increasing stack size by one page.
src/sim/syscall_emul.hh:1121: warn: readlink() called on '/proc/self/exe' may yield unexpected results in various settings.
      Returning '/home/fdemirel/HPC_Lab_Proj/benchmarks/simple_triad/simple_triad-m5.x'
Global frequency set at 1000000000000 ticks per second
src/mem/dram_interface.cc:690: warn: DRAM device capacity (16384 Mbytes) does not match the address range assigned (512 Mbytes)
src/mem/dram_interface.cc:690: warn: DRAM device capacity (16384 Mbytes) does not match the address range assigned (512 Mbytes)
src/base/statistics.hh:279: warn: One of the stats is a legacy stat. Legacy stat is a stat that does not belong to any statistics::Group. Legacy stat is deprecated.
board.remote_gdb: Listening for connections on port 7002
gem5 Simulator System.  https://www.gem5.org
gem5 is copyrighted software; use the --copyright option for details.

gem5 version 25.0.0.1
gem5 compiled May  5 2026 12:55:05
gem5 started Jun 12 2026 21:51:20
gem5 executing on cn27.guoehi.cluster, pid 166447
command line: /home/fdemirel/HPC_Lab_Proj/stride/../../gem5/build/ALL/gem5.opt -s --outdir=results_stride_multisim --stdout-file=merge_stride_deg16_dist32_l1d_ddr4_2x_simout.txt --stderr-file=merge_stride_deg16_dist32_l1d_ddr4_2x_simerr.txt --stats-file=stats.txt -c 'from multiprocessing.spawn import spawn_main; spawn_main(tracker_fd=7, pipe_handle=13)' --multiprocessing-fork

src/sim/mem_state.cc:443: info: Increasing stack size by one page.
src/sim/syscall_emul.hh:1121: warn: readlink() called on '/proc/self/exe' may yield unexpected results in various settings.
      Returning '/home/fdemirel/HPC_Lab_Proj/benchmarks/merge/merge-m5.x'
src/arch/arm/insts/pseudo.cc:174: warn: 	instruction 'bti' unimplemented
Array SIZE      : 1000000 
Array LOOP      : 1 

----triad----
a[0]=7.00e+00. b[0]=2.00e+00. c[0]=1.00e+00.
Execution time: 3.223528 (ms) 
   Rate [MB/s]: 7445.3 
Global frequency set at 1000000000000 ticks per second
src/mem/dram_interface.cc:690: warn: DRAM device capacity (16384 Mbytes) does not match the address range assigned (512 Mbytes)
src/mem/dram_interface.cc:690: warn: DRAM device capacity (16384 Mbytes) does not match the address range assigned (512 Mbytes)
src/base/statistics.hh:279: warn: One of the stats is a legacy stat. Legacy stat is a stat that does not belong to any statistics::Group. Legacy stat is deprecated.
board.remote_gdb: Listening for connections on port 7001
gem5 Simulator System.  https://www.gem5.org
gem5 is copyrighted software; use the --copyright option for details.

gem5 version 25.0.0.1
gem5 compiled May  5 2026 12:55:05
gem5 started Jun 12 2026 21:53:15
gem5 executing on cn27.guoehi.cluster, pid 166455
command line: /home/fdemirel/HPC_Lab_Proj/stride/../../gem5/build/ALL/gem5.opt -s --outdir=results_stride_multisim --stdout-file=quick_stride_deg4_dist8_l2_ddr4_2x_simout.txt --stderr-file=quick_stride_deg4_dist8_l2_ddr4_2x_simerr.txt --stats-file=stats.txt -c 'from multiprocessing.spawn import spawn_main; spawn_main(tracker_fd=7, pipe_handle=13)' --multiprocessing-fork

src/sim/mem_state.cc:443: info: Increasing stack size by one page.
src/sim/syscall_emul.hh:1121: warn: readlink() called on '/proc/self/exe' may yield unexpected results in various settings.
      Returning '/home/fdemirel/HPC_Lab_Proj/benchmarks/quick/quick-m5.x'
src/arch/arm/insts/pseudo.cc:174: warn: 	instruction 'bti' unimplemented

----merge----
Execution time: 10.513049 (ms) 
random_elem:0, /home/fdemirel/HPC_Lab_Proj/benchmarks/merge/merge-m5.x
Global frequency set at 1000000000000 ticks per second
src/mem/dram_interface.cc:690: warn: DRAM device capacity (16384 Mbytes) does not match the address range assigned (512 Mbytes)
src/mem/dram_interface.cc:690: warn: DRAM device capacity (16384 Mbytes) does not match the address range assigned (512 Mbytes)
src/base/statistics.hh:279: warn: One of the stats is a legacy stat. Legacy stat is a stat that does not belong to any statistics::Group. Legacy stat is deprecated.
board.remote_gdb: Listening for connections on port 7003
gem5 Simulator System.  https://www.gem5.org
gem5 is copyrighted software; use the --copyright option for details.

gem5 version 25.0.0.1
gem5 compiled May  5 2026 12:55:05
gem5 started Jun 12 2026 21:54:38
gem5 executing on cn27.guoehi.cluster, pid 166461
command line: /home/fdemirel/HPC_Lab_Proj/stride/../../gem5/build/ALL/gem5.opt -s --outdir=results_stride_multisim --stdout-file=simple_triad_stride_deg4_dist1_l2_ddr4_2x_simout.txt --stderr-file=simple_triad_stride_deg4_dist1_l2_ddr4_2x_simerr.txt --stats-file=stats.txt -c 'from multiprocessing.spawn import spawn_main; spawn_main(tracker_fd=7, pipe_handle=13)' --multiprocessing-fork

src/sim/mem_state.cc:443: info: Increasing stack size by one page.
src/sim/syscall_emul.hh:1121: warn: readlink() called on '/proc/self/exe' may yield unexpected results in various settings.
      Returning '/home/fdemirel/HPC_Lab_Proj/benchmarks/simple_triad/simple_triad-m5.x'
Finished BFS.
Global frequency set at 1000000000000 ticks per second
src/mem/dram_interface.cc:690: warn: DRAM device capacity (16384 Mbytes) does not match the address range assigned (1024 Mbytes)
src/base/statistics.hh:279: warn: One of the stats is a legacy stat. Legacy stat is a stat that does not belong to any statistics::Group. Legacy stat is deprecated.
board.remote_gdb: Listening for connections on port 7000
gem5 Simulator System.  https://www.gem5.org
gem5 is copyrighted software; use the --copyright option for details.

gem5 version 25.0.0.1
gem5 compiled May  5 2026 12:55:05
gem5 started Jun 12 2026 21:55:27
gem5 executing on cn27.guoehi.cluster, pid 166465
command line: /home/fdemirel/HPC_Lab_Proj/stride/../../gem5/build/ALL/gem5.opt -s --outdir=results_stride_multisim --stdout-file=quick_stride_deg8_dist32_l1d_ddr4_1x_simout.txt --stderr-file=quick_stride_deg8_dist32_l1d_ddr4_1x_simerr.txt --stats-file=stats.txt -c 'from multiprocessing.spawn import spawn_main; spawn_main(tracker_fd=7, pipe_handle=13)' --multiprocessing-fork

src/sim/mem_state.cc:443: info: Increasing stack size by one page.
src/sim/syscall_emul.hh:1121: warn: readlink() called on '/proc/self/exe' may yield unexpected results in various settings.
      Returning '/home/fdemirel/HPC_Lab_Proj/benchmarks/quick/quick-m5.x'
src/arch/arm/insts/pseudo.cc:174: warn: 	instruction 'bti' unimplemented

----merge----
Execution time: 10.609116 (ms) 
random_elem:0, /home/fdemirel/HPC_Lab_Proj/benchmarks/merge/merge-m5.x
Array SIZE      : 1000000 
Array LOOP      : 1 

----triad----
a[0]=7.00e+00. b[0]=2.00e+00. c[0]=1.00e+00.
Execution time: 1.735523 (ms) 
   Rate [MB/s]: 13828.7 
Global frequency set at 1000000000000 ticks per second
src/mem/dram_interface.cc:690: warn: DRAM device capacity (16384 Mbytes) does not match the address range assigned (512 Mbytes)
src/mem/dram_interface.cc:690: warn: DRAM device capacity (16384 Mbytes) does not match the address range assigned (512 Mbytes)
src/base/statistics.hh:279: warn: One of the stats is a legacy stat. Legacy stat is a stat that does not belong to any statistics::Group. Legacy stat is deprecated.
board.remote_gdb: Listening for connections on port 7002
gem5 Simulator System.  https://www.gem5.org
gem5 is copyrighted software; use the --copyright option for details.

gem5 version 25.0.0.1
gem5 compiled May  5 2026 12:55:05
gem5 started Jun 12 2026 21:56:25
gem5 executing on cn27.guoehi.cluster, pid 166469
command line: /home/fdemirel/HPC_Lab_Proj/stride/../../gem5/build/ALL/gem5.opt -s --outdir=results_stride_multisim --stdout-file=spmv_stride_deg4_dist4_l2_ddr4_2x_simout.txt --stderr-file=spmv_stride_deg4_dist4_l2_ddr4_2x_simerr.txt --stats-file=stats.txt -c 'from multiprocessing.spawn import spawn_main; spawn_main(tracker_fd=7, pipe_handle=13)' --multiprocessing-fork

src/sim/mem_state.cc:443: info: Increasing stack size by one page.
src/sim/syscall_emul.hh:1121: warn: readlink() called on '/proc/self/exe' may yield unexpected results in various settings.
      Returning '/home/fdemirel/HPC_Lab_Proj/benchmarks/spmv/spmv-m5.x'
src/arch/arm/insts/pseudo.cc:174: warn: 	instruction 'bti' unimplemented
src/sim/mem_state.cc:443: info: Increasing stack size by one page.
src/sim/mem_state.cc:443: info: Increasing stack size by one page.
src/sim/mem_state.cc:443: info: Increasing stack size by one page.
src/sim/mem_state.cc:443: info: Increasing stack size by one page.
src/sim/mem_state.cc:443: info: Increasing stack size by one page.
src/sim/mem_state.cc:443: info: Increasing stack size by one page.
src/sim/mem_state.cc:443: info: Increasing stack size by one page.
Global frequency set at 1000000000000 ticks per second
src/mem/dram_interface.cc:690: warn: DRAM device capacity (16384 Mbytes) does not match the address range assigned (512 Mbytes)
src/mem/dram_interface.cc:690: warn: DRAM device capacity (16384 Mbytes) does not match the address range assigned (512 Mbytes)
src/base/statistics.hh:279: warn: One of the stats is a legacy stat. Legacy stat is a stat that does not belong to any statistics::Group. Legacy stat is deprecated.
board.remote_gdb: Listening for connections on port 7003
gem5 Simulator System.  https://www.gem5.org
gem5 is copyrighted software; use the --copyright option for details.

gem5 version 25.0.0.1
gem5 compiled May  5 2026 12:55:05
gem5 started Jun 12 2026 21:56:32
gem5 executing on cn27.guoehi.cluster, pid 166472
command line: /home/fdemirel/HPC_Lab_Proj/stride/../../gem5/build/ALL/gem5.opt -s --outdir=results_stride_multisim --stdout-file=merge_stride_deg1_dist1_l1d_ddr4_2x_simout.txt --stderr-file=merge_stride_deg1_dist1_l1d_ddr4_2x_simerr.txt --stats-file=stats.txt -c 'from multiprocessing.spawn import spawn_main; spawn_main(tracker_fd=7, pipe_handle=13)' --multiprocessing-fork

src/sim/mem_state.cc:443: info: Increasing stack size by one page.
src/sim/syscall_emul.hh:1121: warn: readlink() called on '/proc/self/exe' may yield unexpected results in various settings.
      Returning '/home/fdemirel/HPC_Lab_Proj/benchmarks/merge/merge-m5.x'
src/arch/arm/insts/pseudo.cc:174: warn: 	instruction 'bti' unimplemented
----quick sort----
Array SIZE      : 131072 
random_elem:0, /home/fdemirel/HPC_Lab_Proj/benchmarks/quick/quick-m5.x
Execution time: 8.696700 (ms) 
Global frequency set at 1000000000000 ticks per second
src/mem/dram_interface.cc:690: warn: DRAM device capacity (16384 Mbytes) does not match the address range assigned (1024 Mbytes)
src/base/statistics.hh:279: warn: One of the stats is a legacy stat. Legacy stat is a stat that does not belong to any statistics::Group. Legacy stat is deprecated.
board.remote_gdb: Listening for connections on port 7001
gem5 Simulator System.  https://www.gem5.org
gem5 is copyrighted software; use the --copyright option for details.

gem5 version 25.0.0.1
gem5 compiled May  5 2026 12:55:05
gem5 started Jun 12 2026 21:57:27
gem5 executing on cn27.guoehi.cluster, pid 166477
command line: /home/fdemirel/HPC_Lab_Proj/stride/../../gem5/build/ALL/gem5.opt -s --outdir=results_stride_multisim --stdout-file=spmv_stride_deg8_dist8_l1d_ddr4_1x_simout.txt --stderr-file=spmv_stride_deg8_dist8_l1d_ddr4_1x_simerr.txt --stats-file=stats.txt -c 'from multiprocessing.spawn import spawn_main; spawn_main(tracker_fd=7, pipe_handle=13)' --multiprocessing-fork

src/sim/mem_state.cc:443: info: Increasing stack size by one page.
src/sim/syscall_emul.hh:1121: warn: readlink() called on '/proc/self/exe' may yield unexpected results in various settings.
      Returning '/home/fdemirel/HPC_Lab_Proj/benchmarks/spmv/spmv-m5.x'
src/arch/arm/insts/pseudo.cc:174: warn: 	instruction 'bti' unimplemented
src/sim/mem_state.cc:443: info: Increasing stack size by one page.
src/sim/mem_state.cc:443: info: Increasing stack size by one page.
src/sim/mem_state.cc:443: info: Increasing stack size by one page.
src/sim/mem_state.cc:443: info: Increasing stack size by one page.
src/sim/mem_state.cc:443: info: Increasing stack size by one page.
src/sim/mem_state.cc:443: info: Increasing stack size by one page.
src/sim/mem_state.cc:443: info: Increasing stack size by one page.
----spmv----
N_ROWS          : 8192 
N_COLS          : 65536 
NNZ             : 524155 
Execution time: 7.040786 (ms) 
Global frequency set at 1000000000000 ticks per second
src/mem/dram_interface.cc:690: warn: DRAM device capacity (16384 Mbytes) does not match the address range assigned (512 Mbytes)
src/mem/dram_interface.cc:690: warn: DRAM device capacity (16384 Mbytes) does not match the address range assigned (512 Mbytes)
src/base/statistics.hh:279: warn: One of the stats is a legacy stat. Legacy stat is a stat that does not belong to any statistics::Group. Legacy stat is deprecated.
board.remote_gdb: Listening for connections on port 7002
gem5 Simulator System.  https://www.gem5.org
gem5 is copyrighted software; use the --copyright option for details.

gem5 version 25.0.0.1
gem5 compiled May  5 2026 12:55:05
gem5 started Jun 12 2026 21:58:32
gem5 executing on cn27.guoehi.cluster, pid 166483
command line: /home/fdemirel/HPC_Lab_Proj/stride/../../gem5/build/ALL/gem5.opt -s --outdir=results_stride_multisim --stdout-file=matmult_stride_deg16_dist16_l2_ddr4_2x_simout.txt --stderr-file=matmult_stride_deg16_dist16_l2_ddr4_2x_simerr.txt --stats-file=stats.txt -c 'from multiprocessing.spawn import spawn_main; spawn_main(tracker_fd=7, pipe_handle=13)' --multiprocessing-fork

src/sim/mem_state.cc:443: info: Increasing stack size by one page.
src/sim/syscall_emul.hh:1121: warn: readlink() called on '/proc/self/exe' may yield unexpected results in various settings.
      Returning '/home/fdemirel/HPC_Lab_Proj/benchmarks/matmult/matmult-m5.x'
src/arch/arm/insts/pseudo.cc:174: warn: 	instruction 'bti' unimplemented
----spmv----
N_ROWS          : 8192 
N_COLS          : 65536 
NNZ             : 524155 
Execution time: 7.190314 (ms) 

----MATRIX MULTIPLICATION----

----Computation starts----
Loop 0 ... 
argc = 2, A[argc][argc] = 0.500000, B[argc][argc] = 0.500000, C[argc][argc] = 0.500000 
Execution time: 1.216650 (ms) 
----quick sort----
Array SIZE      : 131072 
random_elem:0, /home/fdemirel/HPC_Lab_Proj/benchmarks/quick/quick-m5.x
Execution time: 9.046167 (ms) 
Global frequency set at 1000000000000 ticks per second
src/mem/dram_interface.cc:690: warn: DRAM device capacity (16384 Mbytes) does not match the address range assigned (512 Mbytes)
src/mem/dram_interface.cc:690: warn: DRAM device capacity (16384 Mbytes) does not match the address range assigned (512 Mbytes)
src/base/statistics.hh:279: warn: One of the stats is a legacy stat. Legacy stat is a stat that does not belong to any statistics::Group. Legacy stat is deprecated.
board.remote_gdb: Listening for connections on port 7000
gem5 Simulator System.  https://www.gem5.org
gem5 is copyrighted software; use the --copyright option for details.

gem5 version 25.0.0.1
gem5 compiled May  5 2026 12:55:05
gem5 started Jun 12 2026 21:59:37
gem5 executing on cn27.guoehi.cluster, pid 166488
command line: /home/fdemirel/HPC_Lab_Proj/stride/../../gem5/build/ALL/gem5.opt -s --outdir=results_stride_multisim --stdout-file=quick_stride_deg8_dist16_l1d_ddr4_2x_simout.txt --stderr-file=quick_stride_deg8_dist16_l1d_ddr4_2x_simerr.txt --stats-file=stats.txt -c 'from multiprocessing.spawn import spawn_main; spawn_main(tracker_fd=7, pipe_handle=13)' --multiprocessing-fork

src/sim/mem_state.cc:443: info: Increasing stack size by one page.
src/sim/syscall_emul.hh:1121: warn: readlink() called on '/proc/self/exe' may yield unexpected results in various settings.
      Returning '/home/fdemirel/HPC_Lab_Proj/benchmarks/quick/quick-m5.x'
src/arch/arm/insts/pseudo.cc:174: warn: 	instruction 'bti' unimplemented
Global frequency set at 1000000000000 ticks per second
src/mem/dram_interface.cc:690: warn: DRAM device capacity (16384 Mbytes) does not match the address range assigned (512 Mbytes)
src/mem/dram_interface.cc:690: warn: DRAM device capacity (16384 Mbytes) does not match the address range assigned (512 Mbytes)
src/base/statistics.hh:279: warn: One of the stats is a legacy stat. Legacy stat is a stat that does not belong to any statistics::Group. Legacy stat is deprecated.
board.remote_gdb: Listening for connections on port 7001
gem5 Simulator System.  https://www.gem5.org
gem5 is copyrighted software; use the --copyright option for details.

gem5 version 25.0.0.1
gem5 compiled May  5 2026 12:55:05
gem5 started Jun 12 2026 21:59:42
gem5 executing on cn27.guoehi.cluster, pid 166489
command line: /home/fdemirel/HPC_Lab_Proj/stride/../../gem5/build/ALL/gem5.opt -s --outdir=results_stride_multisim --stdout-file=simple_triad_stride_deg8_dist4_l1d_ddr4_2x_simout.txt --stderr-file=simple_triad_stride_deg8_dist4_l1d_ddr4_2x_simerr.txt --stats-file=stats.txt -c 'from multiprocessing.spawn import spawn_main; spawn_main(tracker_fd=7, pipe_handle=13)' --multiprocessing-fork

src/sim/mem_state.cc:443: info: Increasing stack size by one page.
src/sim/syscall_emul.hh:1121: warn: readlink() called on '/proc/self/exe' may yield unexpected results in various settings.
      Returning '/home/fdemirel/HPC_Lab_Proj/benchmarks/simple_triad/simple_triad-m5.x'
Global frequency set at 1000000000000 ticks per second
src/mem/dram_interface.cc:690: warn: DRAM device capacity (16384 Mbytes) does not match the address range assigned (1024 Mbytes)
src/base/statistics.hh:279: warn: One of the stats is a legacy stat. Legacy stat is a stat that does not belong to any statistics::Group. Legacy stat is deprecated.
board.remote_gdb: Listening for connections on port 7002
gem5 Simulator System.  https://www.gem5.org
gem5 is copyrighted software; use the --copyright option for details.

gem5 version 25.0.0.1
gem5 compiled May  5 2026 12:55:05
gem5 started Jun 12 2026 21:59:44
gem5 executing on cn27.guoehi.cluster, pid 166490
command line: /home/fdemirel/HPC_Lab_Proj/stride/../../gem5/build/ALL/gem5.opt -s --outdir=results_stride_multisim --stdout-file=quick_stride_deg8_dist32_l2_ddr4_1x_simout.txt --stderr-file=quick_stride_deg8_dist32_l2_ddr4_1x_simerr.txt --stats-file=stats.txt -c 'from multiprocessing.spawn import spawn_main; spawn_main(tracker_fd=7, pipe_handle=13)' --multiprocessing-fork

src/sim/mem_state.cc:443: info: Increasing stack size by one page.
src/sim/syscall_emul.hh:1121: warn: readlink() called on '/proc/self/exe' may yield unexpected results in various settings.
      Returning '/home/fdemirel/HPC_Lab_Proj/benchmarks/quick/quick-m5.x'
src/arch/arm/insts/pseudo.cc:174: warn: 	instruction 'bti' unimplemented
Array SIZE      : 1000000 
Array LOOP      : 1 

----triad----
a[0]=7.00e+00. b[0]=2.00e+00. c[0]=1.00e+00.
Execution time: 1.926060 (ms) 
   Rate [MB/s]: 12460.7 

----merge----
Execution time: 10.085125 (ms) 
random_elem:0, /home/fdemirel/HPC_Lab_Proj/benchmarks/merge/merge-m5.x
Global frequency set at 1000000000000 ticks per second
src/mem/dram_interface.cc:690: warn: DRAM device capacity (16384 Mbytes) does not match the address range assigned (1024 Mbytes)
src/base/statistics.hh:279: warn: One of the stats is a legacy stat. Legacy stat is a stat that does not belong to any statistics::Group. Legacy stat is deprecated.
board.remote_gdb: Listening for connections on port 7001
gem5 Simulator System.  https://www.gem5.org
gem5 is copyrighted software; use the --copyright option for details.

gem5 version 25.0.0.1
gem5 compiled May  5 2026 12:55:05
gem5 started Jun 12 2026 22:01:29
gem5 executing on cn27.guoehi.cluster, pid 166505
command line: /home/fdemirel/HPC_Lab_Proj/stride/../../gem5/build/ALL/gem5.opt -s --outdir=results_stride_multisim --stdout-file=merge_stride_deg8_dist16_l1d_ddr4_1x_simout.txt --stderr-file=merge_stride_deg8_dist16_l1d_ddr4_1x_simerr.txt --stats-file=stats.txt -c 'from multiprocessing.spawn import spawn_main; spawn_main(tracker_fd=7, pipe_handle=13)' --multiprocessing-fork

src/sim/mem_state.cc:443: info: Increasing stack size by one page.
src/sim/syscall_emul.hh:1121: warn: readlink() called on '/proc/self/exe' may yield unexpected results in various settings.
      Returning '/home/fdemirel/HPC_Lab_Proj/benchmarks/merge/merge-m5.x'
src/arch/arm/insts/pseudo.cc:174: warn: 	instruction 'bti' unimplemented
Global frequency set at 1000000000000 ticks per second
src/mem/dram_interface.cc:690: warn: DRAM device capacity (16384 Mbytes) does not match the address range assigned (1024 Mbytes)
src/base/statistics.hh:279: warn: One of the stats is a legacy stat. Legacy stat is a stat that does not belong to any statistics::Group. Legacy stat is deprecated.
board.remote_gdb: Listening for connections on port 7003
gem5 Simulator System.  https://www.gem5.org
gem5 is copyrighted software; use the --copyright option for details.

gem5 version 25.0.0.1
gem5 compiled May  5 2026 12:55:05
gem5 started Jun 12 2026 22:01:43
gem5 executing on cn27.guoehi.cluster, pid 166506
command line: /home/fdemirel/HPC_Lab_Proj/stride/../../gem5/build/ALL/gem5.opt -s --outdir=results_stride_multisim --stdout-file=matmult_stride_deg8_dist4_l2_ddr4_1x_simout.txt --stderr-file=matmult_stride_deg8_dist4_l2_ddr4_1x_simerr.txt --stats-file=stats.txt -c 'from multiprocessing.spawn import spawn_main; spawn_main(tracker_fd=7, pipe_handle=13)' --multiprocessing-fork

src/sim/mem_state.cc:443: info: Increasing stack size by one page.
src/sim/syscall_emul.hh:1121: warn: readlink() called on '/proc/self/exe' may yield unexpected results in various settings.
      Returning '/home/fdemirel/HPC_Lab_Proj/benchmarks/matmult/matmult-m5.x'
src/arch/arm/insts/pseudo.cc:174: warn: 	instruction 'bti' unimplemented

----MATRIX MULTIPLICATION----

----Computation starts----
Loop 0 ... 
argc = 2, A[argc][argc] = 0.500000, B[argc][argc] = 0.500000, C[argc][argc] = 0.500000 
Execution time: 1.203294 (ms) 
Global frequency set at 1000000000000 ticks per second
src/mem/dram_interface.cc:690: warn: DRAM device capacity (16384 Mbytes) does not match the address range assigned (512 Mbytes)
src/mem/dram_interface.cc:690: warn: DRAM device capacity (16384 Mbytes) does not match the address range assigned (512 Mbytes)
src/base/statistics.hh:279: warn: One of the stats is a legacy stat. Legacy stat is a stat that does not belong to any statistics::Group. Legacy stat is deprecated.
board.remote_gdb: Listening for connections on port 7003
gem5 Simulator System.  https://www.gem5.org
gem5 is copyrighted software; use the --copyright option for details.

gem5 version 25.0.0.1
gem5 compiled May  5 2026 12:55:05
gem5 started Jun 12 2026 22:02:54
gem5 executing on cn27.guoehi.cluster, pid 166514
command line: /home/fdemirel/HPC_Lab_Proj/stride/../../gem5/build/ALL/gem5.opt -s --outdir=results_stride_multisim --stdout-file=spmv_stride_deg8_dist8_l1d_ddr4_2x_simout.txt --stderr-file=spmv_stride_deg8_dist8_l1d_ddr4_2x_simerr.txt --stats-file=stats.txt -c 'from multiprocessing.spawn import spawn_main; spawn_main(tracker_fd=7, pipe_handle=13)' --multiprocessing-fork

src/sim/mem_state.cc:443: info: Increasing stack size by one page.
src/sim/syscall_emul.hh:1121: warn: readlink() called on '/proc/self/exe' may yield unexpected results in various settings.
      Returning '/home/fdemirel/HPC_Lab_Proj/benchmarks/spmv/spmv-m5.x'
src/arch/arm/insts/pseudo.cc:174: warn: 	instruction 'bti' unimplemented
src/sim/mem_state.cc:443: info: Increasing stack size by one page.
src/sim/mem_state.cc:443: info: Increasing stack size by one page.
src/sim/mem_state.cc:443: info: Increasing stack size by one page.
src/sim/mem_state.cc:443: info: Increasing stack size by one page.
src/sim/mem_state.cc:443: info: Increasing stack size by one page.
src/sim/mem_state.cc:443: info: Increasing stack size by one page.
src/sim/mem_state.cc:443: info: Increasing stack size by one page.
----quick sort----
Array SIZE      : 131072 
random_elem:0, /home/fdemirel/HPC_Lab_Proj/benchmarks/quick/quick-m5.x
Execution time: 8.607217 (ms) 
----quick sort----
Array SIZE      : 131072 
random_elem:0, /home/fdemirel/HPC_Lab_Proj/benchmarks/quick/quick-m5.x
Execution time: 9.228960 (ms) 
Global frequency set at 1000000000000 ticks per second
src/mem/dram_interface.cc:690: warn: DRAM device capacity (16384 Mbytes) does not match the address range assigned (1024 Mbytes)
src/base/statistics.hh:279: warn: One of the stats is a legacy stat. Legacy stat is a stat that does not belong to any statistics::Group. Legacy stat is deprecated.
board.remote_gdb: Listening for connections on port 7000
gem5 Simulator System.  https://www.gem5.org
gem5 is copyrighted software; use the --copyright option for details.

gem5 version 25.0.0.1
gem5 compiled May  5 2026 12:55:05
gem5 started Jun 12 2026 22:03:48
gem5 executing on cn27.guoehi.cluster, pid 166520
command line: /home/fdemirel/HPC_Lab_Proj/stride/../../gem5/build/ALL/gem5.opt -s --outdir=results_stride_multisim --stdout-file=spmv_stride_deg8_dist8_l2_ddr4_1x_simout.txt --stderr-file=spmv_stride_deg8_dist8_l2_ddr4_1x_simerr.txt --stats-file=stats.txt -c 'from multiprocessing.spawn import spawn_main; spawn_main(tracker_fd=7, pipe_handle=13)' --multiprocessing-fork

src/sim/mem_state.cc:443: info: Increasing stack size by one page.
src/sim/syscall_emul.hh:1121: warn: readlink() called on '/proc/self/exe' may yield unexpected results in various settings.
      Returning '/home/fdemirel/HPC_Lab_Proj/benchmarks/spmv/spmv-m5.x'
src/arch/arm/insts/pseudo.cc:174: warn: 	instruction 'bti' unimplemented
src/sim/mem_state.cc:443: info: Increasing stack size by one page.
src/sim/mem_state.cc:443: info: Increasing stack size by one page.
src/sim/mem_state.cc:443: info: Increasing stack size by one page.
src/sim/mem_state.cc:443: info: Increasing stack size by one page.
src/sim/mem_state.cc:443: info: Increasing stack size by one page.
src/sim/mem_state.cc:443: info: Increasing stack size by one page.
src/sim/mem_state.cc:443: info: Increasing stack size by one page.
Global frequency set at 1000000000000 ticks per second
src/mem/dram_interface.cc:690: warn: DRAM device capacity (16384 Mbytes) does not match the address range assigned (512 Mbytes)
src/mem/dram_interface.cc:690: warn: DRAM device capacity (16384 Mbytes) does not match the address range assigned (512 Mbytes)
src/base/statistics.hh:279: warn: One of the stats is a legacy stat. Legacy stat is a stat that does not belong to any statistics::Group. Legacy stat is deprecated.
board.remote_gdb: Listening for connections on port 7002
gem5 Simulator System.  https://www.gem5.org
gem5 is copyrighted software; use the --copyright option for details.

gem5 version 25.0.0.1
gem5 compiled May  5 2026 12:55:05
gem5 started Jun 12 2026 22:03:57
gem5 executing on cn27.guoehi.cluster, pid 166521
command line: /home/fdemirel/HPC_Lab_Proj/stride/../../gem5/build/ALL/gem5.opt -s --outdir=results_stride_multisim --stdout-file=matmult_stride_deg32_dist32_l1d_ddr4_2x_simout.txt --stderr-file=matmult_stride_deg32_dist32_l1d_ddr4_2x_simerr.txt --stats-file=stats.txt -c 'from multiprocessing.spawn import spawn_main; spawn_main(tracker_fd=7, pipe_handle=13)' --multiprocessing-fork

src/sim/mem_state.cc:443: info: Increasing stack size by one page.
src/sim/syscall_emul.hh:1121: warn: readlink() called on '/proc/self/exe' may yield unexpected results in various settings.
      Returning '/home/fdemirel/HPC_Lab_Proj/benchmarks/matmult/matmult-m5.x'
src/arch/arm/insts/pseudo.cc:174: warn: 	instruction 'bti' unimplemented
----spmv----
N_ROWS          : 8192 
N_COLS          : 65536 
NNZ             : 524155 
Execution time: 6.723972 (ms) 

----MATRIX MULTIPLICATION----

----Computation starts----
Loop 0 ... 
argc = 2, A[argc][argc] = 0.500000, B[argc][argc] = 0.500000, C[argc][argc] = 0.500000 
Execution time: 1.253768 (ms) 
Global frequency set at 1000000000000 ticks per second
src/mem/dram_interface.cc:690: warn: DRAM device capacity (16384 Mbytes) does not match the address range assigned (512 Mbytes)
src/mem/dram_interface.cc:690: warn: DRAM device capacity (16384 Mbytes) does not match the address range assigned (512 Mbytes)
src/base/statistics.hh:279: warn: One of the stats is a legacy stat. Legacy stat is a stat that does not belong to any statistics::Group. Legacy stat is deprecated.
board.remote_gdb: Listening for connections on port 7002
gem5 Simulator System.  https://www.gem5.org
gem5 is copyrighted software; use the --copyright option for details.

gem5 version 25.0.0.1
gem5 compiled May  5 2026 12:55:05
gem5 started Jun 12 2026 22:05:06
gem5 executing on cn27.guoehi.cluster, pid 166528
command line: /home/fdemirel/HPC_Lab_Proj/stride/../../gem5/build/ALL/gem5.opt -s --outdir=results_stride_multisim --stdout-file=bfs_stride_deg32_dist1_l2_ddr4_2x_simout.txt --stderr-file=bfs_stride_deg32_dist1_l2_ddr4_2x_simerr.txt --stats-file=stats.txt -c 'from multiprocessing.spawn import spawn_main; spawn_main(tracker_fd=7, pipe_handle=13)' --multiprocessing-fork

src/sim/mem_state.cc:443: info: Increasing stack size by one page.
src/sim/syscall_emul.hh:1121: warn: readlink() called on '/proc/self/exe' may yield unexpected results in various settings.
      Returning '/home/fdemirel/HPC_Lab_Proj/benchmarks/bfs/bfs-m5.x'
src/arch/arm/insts/pseudo.cc:174: warn: 	instruction 'bti' unimplemented
Beginning BFS ...
Global frequency set at 1000000000000 ticks per second
src/mem/dram_interface.cc:690: warn: DRAM device capacity (16384 Mbytes) does not match the address range assigned (1024 Mbytes)
src/base/statistics.hh:279: warn: One of the stats is a legacy stat. Legacy stat is a stat that does not belong to any statistics::Group. Legacy stat is deprecated.
board.remote_gdb: Listening for connections on port 7003
gem5 Simulator System.  https://www.gem5.org
gem5 is copyrighted software; use the --copyright option for details.

gem5 version 25.0.0.1
gem5 compiled May  5 2026 12:55:05
gem5 started Jun 12 2026 22:05:14
gem5 executing on cn27.guoehi.cluster, pid 166531
command line: /home/fdemirel/HPC_Lab_Proj/stride/../../gem5/build/ALL/gem5.opt -s --outdir=results_stride_multisim --stdout-file=merge_stride_deg8_dist16_l2_ddr4_1x_simout.txt --stderr-file=merge_stride_deg8_dist16_l2_ddr4_1x_simerr.txt --stats-file=stats.txt -c 'from multiprocessing.spawn import spawn_main; spawn_main(tracker_fd=7, pipe_handle=13)' --multiprocessing-fork

src/sim/mem_state.cc:443: info: Increasing stack size by one page.
src/sim/syscall_emul.hh:1121: warn: readlink() called on '/proc/self/exe' may yield unexpected results in various settings.
      Returning '/home/fdemirel/HPC_Lab_Proj/benchmarks/merge/merge-m5.x'
src/arch/arm/insts/pseudo.cc:174: warn: 	instruction 'bti' unimplemented
----spmv----
N_ROWS          : 8192 
N_COLS          : 65536 
NNZ             : 524155 
Execution time: 7.424154 (ms) 
Global frequency set at 1000000000000 ticks per second
src/mem/dram_interface.cc:690: warn: DRAM device capacity (16384 Mbytes) does not match the address range assigned (1024 Mbytes)
src/base/statistics.hh:279: warn: One of the stats is a legacy stat. Legacy stat is a stat that does not belong to any statistics::Group. Legacy stat is deprecated.
board.remote_gdb: Listening for connections on port 7000
gem5 Simulator System.  https://www.gem5.org
gem5 is copyrighted software; use the --copyright option for details.

gem5 version 25.0.0.1
gem5 compiled May  5 2026 12:55:05
gem5 started Jun 12 2026 22:05:56
gem5 executing on cn27.guoehi.cluster, pid 166536
command line: /home/fdemirel/HPC_Lab_Proj/stride/../../gem5/build/ALL/gem5.opt -s --outdir=results_stride_multisim --stdout-file=quick_stride_deg1_dist4_l1d_ddr4_1x_simout.txt --stderr-file=quick_stride_deg1_dist4_l1d_ddr4_1x_simerr.txt --stats-file=stats.txt -c 'from multiprocessing.spawn import spawn_main; spawn_main(tracker_fd=7, pipe_handle=13)' --multiprocessing-fork

src/sim/mem_state.cc:443: info: Increasing stack size by one page.
src/sim/syscall_emul.hh:1121: warn: readlink() called on '/proc/self/exe' may yield unexpected results in various settings.
      Returning '/home/fdemirel/HPC_Lab_Proj/benchmarks/quick/quick-m5.x'
src/arch/arm/insts/pseudo.cc:174: warn: 	instruction 'bti' unimplemented

----merge----
Execution time: 10.309416 (ms) 
random_elem:0, /home/fdemirel/HPC_Lab_Proj/benchmarks/merge/merge-m5.x
Global frequency set at 1000000000000 ticks per second
src/mem/dram_interface.cc:690: warn: DRAM device capacity (16384 Mbytes) does not match the address range assigned (1024 Mbytes)
src/base/statistics.hh:279: warn: One of the stats is a legacy stat. Legacy stat is a stat that does not belong to any statistics::Group. Legacy stat is deprecated.
board.remote_gdb: Listening for connections on port 7001
gem5 Simulator System.  https://www.gem5.org
gem5 is copyrighted software; use the --copyright option for details.

gem5 version 25.0.0.1
gem5 compiled May  5 2026 12:55:05
gem5 started Jun 12 2026 22:06:34
gem5 executing on cn27.guoehi.cluster, pid 166541
command line: /home/fdemirel/HPC_Lab_Proj/stride/../../gem5/build/ALL/gem5.opt -s --outdir=results_stride_multisim --stdout-file=bfs_stride_deg1_dist8_l1d_ddr4_1x_simout.txt --stderr-file=bfs_stride_deg1_dist8_l1d_ddr4_1x_simerr.txt --stats-file=stats.txt -c 'from multiprocessing.spawn import spawn_main; spawn_main(tracker_fd=7, pipe_handle=13)' --multiprocessing-fork

src/sim/mem_state.cc:443: info: Increasing stack size by one page.
src/sim/syscall_emul.hh:1121: warn: readlink() called on '/proc/self/exe' may yield unexpected results in various settings.
      Returning '/home/fdemirel/HPC_Lab_Proj/benchmarks/bfs/bfs-m5.x'
src/arch/arm/insts/pseudo.cc:174: warn: 	instruction 'bti' unimplemented
Beginning BFS ...
----quick sort----
Array SIZE      : 131072 
random_elem:0, /home/fdemirel/HPC_Lab_Proj/benchmarks/quick/quick-m5.x
Execution time: 8.342656 (ms) 

----merge----
Execution time: 10.660362 (ms) 
random_elem:0, /home/fdemirel/HPC_Lab_Proj/benchmarks/merge/merge-m5.x
Global frequency set at 1000000000000 ticks per second
src/mem/dram_interface.cc:690: warn: DRAM device capacity (16384 Mbytes) does not match the address range assigned (1024 Mbytes)
src/base/statistics.hh:279: warn: One of the stats is a legacy stat. Legacy stat is a stat that does not belong to any statistics::Group. Legacy stat is deprecated.
board.remote_gdb: Listening for connections on port 7000
gem5 Simulator System.  https://www.gem5.org
gem5 is copyrighted software; use the --copyright option for details.

gem5 version 25.0.0.1
gem5 compiled May  5 2026 12:55:05
gem5 started Jun 12 2026 22:10:00
gem5 executing on cn27.guoehi.cluster, pid 166551
command line: /home/fdemirel/HPC_Lab_Proj/stride/../../gem5/build/ALL/gem5.opt -s --outdir=results_stride_multisim --stdout-file=quick_stride_deg1_dist4_l2_ddr4_1x_simout.txt --stderr-file=quick_stride_deg1_dist4_l2_ddr4_1x_simerr.txt --stats-file=stats.txt -c 'from multiprocessing.spawn import spawn_main; spawn_main(tracker_fd=7, pipe_handle=13)' --multiprocessing-fork

src/sim/mem_state.cc:443: info: Increasing stack size by one page.
src/sim/syscall_emul.hh:1121: warn: readlink() called on '/proc/self/exe' may yield unexpected results in various settings.
      Returning '/home/fdemirel/HPC_Lab_Proj/benchmarks/quick/quick-m5.x'
src/arch/arm/insts/pseudo.cc:174: warn: 	instruction 'bti' unimplemented
Global frequency set at 1000000000000 ticks per second
src/mem/dram_interface.cc:690: warn: DRAM device capacity (16384 Mbytes) does not match the address range assigned (1024 Mbytes)
src/base/statistics.hh:279: warn: One of the stats is a legacy stat. Legacy stat is a stat that does not belong to any statistics::Group. Legacy stat is deprecated.
board.remote_gdb: Listening for connections on port 7003
gem5 Simulator System.  https://www.gem5.org
gem5 is copyrighted software; use the --copyright option for details.

gem5 version 25.0.0.1
gem5 compiled May  5 2026 12:55:05
gem5 started Jun 12 2026 22:10:19
gem5 executing on cn27.guoehi.cluster, pid 166558
command line: /home/fdemirel/HPC_Lab_Proj/stride/../../gem5/build/ALL/gem5.opt -s --outdir=results_stride_multisim --stdout-file=matmult_stride_deg32_dist16_l1d_ddr4_1x_simout.txt --stderr-file=matmult_stride_deg32_dist16_l1d_ddr4_1x_simerr.txt --stats-file=stats.txt -c 'from multiprocessing.spawn import spawn_main; spawn_main(tracker_fd=7, pipe_handle=13)' --multiprocessing-fork

src/sim/mem_state.cc:443: info: Increasing stack size by one page.
src/sim/syscall_emul.hh:1121: warn: readlink() called on '/proc/self/exe' may yield unexpected results in various settings.
      Returning '/home/fdemirel/HPC_Lab_Proj/benchmarks/matmult/matmult-m5.x'
src/arch/arm/insts/pseudo.cc:174: warn: 	instruction 'bti' unimplemented
Finished BFS.
Global frequency set at 1000000000000 ticks per second
src/mem/dram_interface.cc:690: warn: DRAM device capacity (16384 Mbytes) does not match the address range assigned (512 Mbytes)
src/mem/dram_interface.cc:690: warn: DRAM device capacity (16384 Mbytes) does not match the address range assigned (512 Mbytes)
src/base/statistics.hh:279: warn: One of the stats is a legacy stat. Legacy stat is a stat that does not belong to any statistics::Group. Legacy stat is deprecated.
board.remote_gdb: Listening for connections on port 7002
gem5 Simulator System.  https://www.gem5.org
gem5 is copyrighted software; use the --copyright option for details.

gem5 version 25.0.0.1
gem5 compiled May  5 2026 12:55:05
gem5 started Jun 12 2026 22:10:49
gem5 executing on cn27.guoehi.cluster, pid 166561
command line: /home/fdemirel/HPC_Lab_Proj/stride/../../gem5/build/ALL/gem5.opt -s --outdir=results_stride_multisim --stdout-file=matmult_stride_deg32_dist32_l2_ddr4_2x_simout.txt --stderr-file=matmult_stride_deg32_dist32_l2_ddr4_2x_simerr.txt --stats-file=stats.txt -c 'from multiprocessing.spawn import spawn_main; spawn_main(tracker_fd=7, pipe_handle=13)' --multiprocessing-fork

src/sim/mem_state.cc:443: info: Increasing stack size by one page.
src/sim/syscall_emul.hh:1121: warn: readlink() called on '/proc/self/exe' may yield unexpected results in various settings.
      Returning '/home/fdemirel/HPC_Lab_Proj/benchmarks/matmult/matmult-m5.x'
src/arch/arm/insts/pseudo.cc:174: warn: 	instruction 'bti' unimplemented

----MATRIX MULTIPLICATION----

----Computation starts----
Loop 0 ... 
argc = 2, A[argc][argc] = 0.500000, B[argc][argc] = 0.500000, C[argc][argc] = 0.500000 
Execution time: 1.231866 (ms) 

----MATRIX MULTIPLICATION----

----Computation starts----
Loop 0 ... 
argc = 2, A[argc][argc] = 0.500000, B[argc][argc] = 0.500000, C[argc][argc] = 0.500000 
Execution time: 1.251154 (ms) 
Global frequency set at 1000000000000 ticks per second
src/mem/dram_interface.cc:690: warn: DRAM device capacity (16384 Mbytes) does not match the address range assigned (512 Mbytes)
src/mem/dram_interface.cc:690: warn: DRAM device capacity (16384 Mbytes) does not match the address range assigned (512 Mbytes)
src/base/statistics.hh:279: warn: One of the stats is a legacy stat. Legacy stat is a stat that does not belong to any statistics::Group. Legacy stat is deprecated.
board.remote_gdb: Listening for connections on port 7003
gem5 Simulator System.  https://www.gem5.org
gem5 is copyrighted software; use the --copyright option for details.

gem5 version 25.0.0.1
gem5 compiled May  5 2026 12:55:05
gem5 started Jun 12 2026 22:11:38
gem5 executing on cn27.guoehi.cluster, pid 166565
command line: /home/fdemirel/HPC_Lab_Proj/stride/../../gem5/build/ALL/gem5.opt -s --outdir=results_stride_multisim --stdout-file=simple_triad_stride_deg16_dist8_l1d_ddr4_2x_simout.txt --stderr-file=simple_triad_stride_deg16_dist8_l1d_ddr4_2x_simerr.txt --stats-file=stats.txt -c 'from multiprocessing.spawn import spawn_main; spawn_main(tracker_fd=7, pipe_handle=13)' --multiprocessing-fork

src/sim/mem_state.cc:443: info: Increasing stack size by one page.
src/sim/syscall_emul.hh:1121: warn: readlink() called on '/proc/self/exe' may yield unexpected results in various settings.
      Returning '/home/fdemirel/HPC_Lab_Proj/benchmarks/simple_triad/simple_triad-m5.x'
Global frequency set at 1000000000000 ticks per second
src/mem/dram_interface.cc:690: warn: DRAM device capacity (16384 Mbytes) does not match the address range assigned (1024 Mbytes)
src/base/statistics.hh:279: warn: One of the stats is a legacy stat. Legacy stat is a stat that does not belong to any statistics::Group. Legacy stat is deprecated.
board.remote_gdb: Listening for connections on port 7002
gem5 Simulator System.  https://www.gem5.org
gem5 is copyrighted software; use the --copyright option for details.

gem5 version 25.0.0.1
gem5 compiled May  5 2026 12:55:05
gem5 started Jun 12 2026 22:11:56
gem5 executing on cn27.guoehi.cluster, pid 166570
command line: /home/fdemirel/HPC_Lab_Proj/stride/../../gem5/build/ALL/gem5.opt -s --outdir=results_stride_multisim --stdout-file=merge_stride_deg1_dist1_l2_ddr4_1x_simout.txt --stderr-file=merge_stride_deg1_dist1_l2_ddr4_1x_simerr.txt --stats-file=stats.txt -c 'from multiprocessing.spawn import spawn_main; spawn_main(tracker_fd=7, pipe_handle=13)' --multiprocessing-fork

src/sim/mem_state.cc:443: info: Increasing stack size by one page.
src/sim/syscall_emul.hh:1121: warn: readlink() called on '/proc/self/exe' may yield unexpected results in various settings.
      Returning '/home/fdemirel/HPC_Lab_Proj/benchmarks/merge/merge-m5.x'
src/arch/arm/insts/pseudo.cc:174: warn: 	instruction 'bti' unimplemented
Finished BFS.
Global frequency set at 1000000000000 ticks per second
src/mem/dram_interface.cc:690: warn: DRAM device capacity (16384 Mbytes) does not match the address range assigned (1024 Mbytes)
src/base/statistics.hh:279: warn: One of the stats is a legacy stat. Legacy stat is a stat that does not belong to any statistics::Group. Legacy stat is deprecated.
board.remote_gdb: Listening for connections on port 7001
gem5 Simulator System.  https://www.gem5.org
gem5 is copyrighted software; use the --copyright option for details.

gem5 version 25.0.0.1
gem5 compiled May  5 2026 12:55:05
gem5 started Jun 12 2026 22:12:42
gem5 executing on cn27.guoehi.cluster, pid 166575
command line: /home/fdemirel/HPC_Lab_Proj/stride/../../gem5/build/ALL/gem5.opt -s --outdir=results_stride_multisim --stdout-file=matmult_stride_deg32_dist16_l2_ddr4_1x_simout.txt --stderr-file=matmult_stride_deg32_dist16_l2_ddr4_1x_simerr.txt --stats-file=stats.txt -c 'from multiprocessing.spawn import spawn_main; spawn_main(tracker_fd=7, pipe_handle=13)' --multiprocessing-fork

src/sim/mem_state.cc:443: info: Increasing stack size by one page.
src/sim/syscall_emul.hh:1121: warn: readlink() called on '/proc/self/exe' may yield unexpected results in various settings.
      Returning '/home/fdemirel/HPC_Lab_Proj/benchmarks/matmult/matmult-m5.x'
src/arch/arm/insts/pseudo.cc:174: warn: 	instruction 'bti' unimplemented
Array SIZE      : 1000000 
Array LOOP      : 1 

----triad----
a[0]=7.00e+00. b[0]=2.00e+00. c[0]=1.00e+00.
Execution time: 1.919424 (ms) 
   Rate [MB/s]: 12503.8 
Global frequency set at 1000000000000 ticks per second
src/mem/dram_interface.cc:690: warn: DRAM device capacity (16384 Mbytes) does not match the address range assigned (1024 Mbytes)
src/base/statistics.hh:279: warn: One of the stats is a legacy stat. Legacy stat is a stat that does not belong to any statistics::Group. Legacy stat is deprecated.
board.remote_gdb: Listening for connections on port 7003
gem5 Simulator System.  https://www.gem5.org
gem5 is copyrighted software; use the --copyright option for details.

gem5 version 25.0.0.1
gem5 compiled May  5 2026 12:55:05
gem5 started Jun 12 2026 22:13:27
gem5 executing on cn27.guoehi.cluster, pid 166579
command line: /home/fdemirel/HPC_Lab_Proj/stride/../../gem5/build/ALL/gem5.opt -s --outdir=results_stride_multisim --stdout-file=bfs_stride_deg1_dist8_l2_ddr4_1x_simout.txt --stderr-file=bfs_stride_deg1_dist8_l2_ddr4_1x_simerr.txt --stats-file=stats.txt -c 'from multiprocessing.spawn import spawn_main; spawn_main(tracker_fd=7, pipe_handle=13)' --multiprocessing-fork

src/sim/mem_state.cc:443: info: Increasing stack size by one page.
src/sim/syscall_emul.hh:1121: warn: readlink() called on '/proc/self/exe' may yield unexpected results in various settings.
      Returning '/home/fdemirel/HPC_Lab_Proj/benchmarks/bfs/bfs-m5.x'
src/arch/arm/insts/pseudo.cc:174: warn: 	instruction 'bti' unimplemented
Beginning BFS ...

----MATRIX MULTIPLICATION----

----Computation starts----
Loop 0 ... 
argc = 2, A[argc][argc] = 0.500000, B[argc][argc] = 0.500000, C[argc][argc] = 0.500000 
Execution time: 1.217332 (ms) 
----quick sort----
Array SIZE      : 131072 
random_elem:0, /home/fdemirel/HPC_Lab_Proj/benchmarks/quick/quick-m5.x
Execution time: 8.639605 (ms) 
Global frequency set at 1000000000000 ticks per second
src/mem/dram_interface.cc:690: warn: DRAM device capacity (16384 Mbytes) does not match the address range assigned (512 Mbytes)
src/mem/dram_interface.cc:690: warn: DRAM device capacity (16384 Mbytes) does not match the address range assigned (512 Mbytes)
src/base/statistics.hh:279: warn: One of the stats is a legacy stat. Legacy stat is a stat that does not belong to any statistics::Group. Legacy stat is deprecated.
board.remote_gdb: Listening for connections on port 7000
gem5 Simulator System.  https://www.gem5.org
gem5 is copyrighted software; use the --copyright option for details.

gem5 version 25.0.0.1
gem5 compiled May  5 2026 12:55:05
gem5 started Jun 12 2026 22:13:54
gem5 executing on cn27.guoehi.cluster, pid 166582
command line: /home/fdemirel/HPC_Lab_Proj/stride/../../gem5/build/ALL/gem5.opt -s --outdir=results_stride_multisim --stdout-file=spmv_stride_deg16_dist16_l1d_ddr4_2x_simout.txt --stderr-file=spmv_stride_deg16_dist16_l1d_ddr4_2x_simerr.txt --stats-file=stats.txt -c 'from multiprocessing.spawn import spawn_main; spawn_main(tracker_fd=7, pipe_handle=13)' --multiprocessing-fork

src/sim/mem_state.cc:443: info: Increasing stack size by one page.
src/sim/syscall_emul.hh:1121: warn: readlink() called on '/proc/self/exe' may yield unexpected results in various settings.
      Returning '/home/fdemirel/HPC_Lab_Proj/benchmarks/spmv/spmv-m5.x'
src/arch/arm/insts/pseudo.cc:174: warn: 	instruction 'bti' unimplemented
src/sim/mem_state.cc:443: info: Increasing stack size by one page.
src/sim/mem_state.cc:443: info: Increasing stack size by one page.
src/sim/mem_state.cc:443: info: Increasing stack size by one page.
src/sim/mem_state.cc:443: info: Increasing stack size by one page.
src/sim/mem_state.cc:443: info: Increasing stack size by one page.
src/sim/mem_state.cc:443: info: Increasing stack size by one page.
src/sim/mem_state.cc:443: info: Increasing stack size by one page.
Global frequency set at 1000000000000 ticks per second
src/mem/dram_interface.cc:690: warn: DRAM device capacity (16384 Mbytes) does not match the address range assigned (512 Mbytes)
src/mem/dram_interface.cc:690: warn: DRAM device capacity (16384 Mbytes) does not match the address range assigned (512 Mbytes)
src/base/statistics.hh:279: warn: One of the stats is a legacy stat. Legacy stat is a stat that does not belong to any statistics::Group. Legacy stat is deprecated.
board.remote_gdb: Listening for connections on port 7001
gem5 Simulator System.  https://www.gem5.org
gem5 is copyrighted software; use the --copyright option for details.

gem5 version 25.0.0.1
gem5 compiled May  5 2026 12:55:05
gem5 started Jun 12 2026 22:14:10
gem5 executing on cn27.guoehi.cluster, pid 166585
command line: /home/fdemirel/HPC_Lab_Proj/stride/../../gem5/build/ALL/gem5.opt -s --outdir=results_stride_multisim --stdout-file=quick_stride_deg1_dist1_l1d_ddr4_2x_simout.txt --stderr-file=quick_stride_deg1_dist1_l1d_ddr4_2x_simerr.txt --stats-file=stats.txt -c 'from multiprocessing.spawn import spawn_main; spawn_main(tracker_fd=7, pipe_handle=13)' --multiprocessing-fork

src/sim/mem_state.cc:443: info: Increasing stack size by one page.
src/sim/syscall_emul.hh:1121: warn: readlink() called on '/proc/self/exe' may yield unexpected results in various settings.
      Returning '/home/fdemirel/HPC_Lab_Proj/benchmarks/quick/quick-m5.x'
src/arch/arm/insts/pseudo.cc:174: warn: 	instruction 'bti' unimplemented
----spmv----
N_ROWS          : 8192 
N_COLS          : 65536 
NNZ             : 524155 
Execution time: 6.459704 (ms) 
Global frequency set at 1000000000000 ticks per second
src/mem/dram_interface.cc:690: warn: DRAM device capacity (16384 Mbytes) does not match the address range assigned (1024 Mbytes)
src/base/statistics.hh:279: warn: One of the stats is a legacy stat. Legacy stat is a stat that does not belong to any statistics::Group. Legacy stat is deprecated.
board.remote_gdb: Listening for connections on port 7000
gem5 Simulator System.  https://www.gem5.org
gem5 is copyrighted software; use the --copyright option for details.

gem5 version 25.0.0.1
gem5 compiled May  5 2026 12:55:05
gem5 started Jun 12 2026 22:16:05
gem5 executing on cn27.guoehi.cluster, pid 166592
command line: /home/fdemirel/HPC_Lab_Proj/stride/../../gem5/build/ALL/gem5.opt -s --outdir=results_stride_multisim --stdout-file=quick_stride_deg8_dist16_l1d_ddr4_1x_simout.txt --stderr-file=quick_stride_deg8_dist16_l1d_ddr4_1x_simerr.txt --stats-file=stats.txt -c 'from multiprocessing.spawn import spawn_main; spawn_main(tracker_fd=7, pipe_handle=13)' --multiprocessing-fork

src/sim/mem_state.cc:443: info: Increasing stack size by one page.
src/sim/syscall_emul.hh:1121: warn: readlink() called on '/proc/self/exe' may yield unexpected results in various settings.
      Returning '/home/fdemirel/HPC_Lab_Proj/benchmarks/quick/quick-m5.x'
src/arch/arm/insts/pseudo.cc:174: warn: 	instruction 'bti' unimplemented

----merge----
Execution time: 10.480240 (ms) 
random_elem:0, /home/fdemirel/HPC_Lab_Proj/benchmarks/merge/merge-m5.x
Global frequency set at 1000000000000 ticks per second
src/mem/dram_interface.cc:690: warn: DRAM device capacity (16384 Mbytes) does not match the address range assigned (512 Mbytes)
src/mem/dram_interface.cc:690: warn: DRAM device capacity (16384 Mbytes) does not match the address range assigned (512 Mbytes)
src/base/statistics.hh:279: warn: One of the stats is a legacy stat. Legacy stat is a stat that does not belong to any statistics::Group. Legacy stat is deprecated.
board.remote_gdb: Listening for connections on port 7002
gem5 Simulator System.  https://www.gem5.org
gem5 is copyrighted software; use the --copyright option for details.

gem5 version 25.0.0.1
gem5 compiled May  5 2026 12:55:05
gem5 started Jun 12 2026 22:17:00
gem5 executing on cn27.guoehi.cluster, pid 166597
command line: /home/fdemirel/HPC_Lab_Proj/stride/../../gem5/build/ALL/gem5.opt -s --outdir=results_stride_multisim --stdout-file=merge_stride_deg4_dist4_l2_ddr4_2x_simout.txt --stderr-file=merge_stride_deg4_dist4_l2_ddr4_2x_simerr.txt --stats-file=stats.txt -c 'from multiprocessing.spawn import spawn_main; spawn_main(tracker_fd=7, pipe_handle=13)' --multiprocessing-fork

src/sim/mem_state.cc:443: info: Increasing stack size by one page.
src/sim/syscall_emul.hh:1121: warn: readlink() called on '/proc/self/exe' may yield unexpected results in various settings.
      Returning '/home/fdemirel/HPC_Lab_Proj/benchmarks/merge/merge-m5.x'
src/arch/arm/insts/pseudo.cc:174: warn: 	instruction 'bti' unimplemented
----quick sort----
Array SIZE      : 131072 
random_elem:0, /home/fdemirel/HPC_Lab_Proj/benchmarks/quick/quick-m5.x
Execution time: 8.303600 (ms) 
Global frequency set at 1000000000000 ticks per second
src/mem/dram_interface.cc:690: warn: DRAM device capacity (16384 Mbytes) does not match the address range assigned (512 Mbytes)
src/mem/dram_interface.cc:690: warn: DRAM device capacity (16384 Mbytes) does not match the address range assigned (512 Mbytes)
src/base/statistics.hh:279: warn: One of the stats is a legacy stat. Legacy stat is a stat that does not belong to any statistics::Group. Legacy stat is deprecated.
board.remote_gdb: Listening for connections on port 7001
gem5 Simulator System.  https://www.gem5.org
gem5 is copyrighted software; use the --copyright option for details.

gem5 version 25.0.0.1
gem5 compiled May  5 2026 12:55:05
gem5 started Jun 12 2026 22:18:24
gem5 executing on cn27.guoehi.cluster, pid 166604
command line: /home/fdemirel/HPC_Lab_Proj/stride/../../gem5/build/ALL/gem5.opt -s --outdir=results_stride_multisim --stdout-file=quick_stride_deg16_dist32_l2_ddr4_2x_simout.txt --stderr-file=quick_stride_deg16_dist32_l2_ddr4_2x_simerr.txt --stats-file=stats.txt -c 'from multiprocessing.spawn import spawn_main; spawn_main(tracker_fd=7, pipe_handle=13)' --multiprocessing-fork

src/sim/mem_state.cc:443: info: Increasing stack size by one page.
src/sim/syscall_emul.hh:1121: warn: readlink() called on '/proc/self/exe' may yield unexpected results in various settings.
      Returning '/home/fdemirel/HPC_Lab_Proj/benchmarks/quick/quick-m5.x'
src/arch/arm/insts/pseudo.cc:174: warn: 	instruction 'bti' unimplemented
Finished BFS.
Global frequency set at 1000000000000 ticks per second
src/mem/dram_interface.cc:690: warn: DRAM device capacity (16384 Mbytes) does not match the address range assigned (512 Mbytes)
src/mem/dram_interface.cc:690: warn: DRAM device capacity (16384 Mbytes) does not match the address range assigned (512 Mbytes)
src/base/statistics.hh:279: warn: One of the stats is a legacy stat. Legacy stat is a stat that does not belong to any statistics::Group. Legacy stat is deprecated.
board.remote_gdb: Listening for connections on port 7003
gem5 Simulator System.  https://www.gem5.org
gem5 is copyrighted software; use the --copyright option for details.

gem5 version 25.0.0.1
gem5 compiled May  5 2026 12:55:05
gem5 started Jun 12 2026 22:19:26
gem5 executing on cn27.guoehi.cluster, pid 166611
command line: /home/fdemirel/HPC_Lab_Proj/stride/../../gem5/build/ALL/gem5.opt -s --outdir=results_stride_multisim --stdout-file=simple_triad_stride_deg16_dist8_l2_ddr4_2x_simout.txt --stderr-file=simple_triad_stride_deg16_dist8_l2_ddr4_2x_simerr.txt --stats-file=stats.txt -c 'from multiprocessing.spawn import spawn_main; spawn_main(tracker_fd=7, pipe_handle=13)' --multiprocessing-fork

src/sim/mem_state.cc:443: info: Increasing stack size by one page.
src/sim/syscall_emul.hh:1121: warn: readlink() called on '/proc/self/exe' may yield unexpected results in various settings.
      Returning '/home/fdemirel/HPC_Lab_Proj/benchmarks/simple_triad/simple_triad-m5.x'
----quick sort----
Array SIZE      : 131072 
random_elem:0, /home/fdemirel/HPC_Lab_Proj/benchmarks/quick/quick-m5.x
Execution time: 8.644379 (ms) 
Global frequency set at 1000000000000 ticks per second
src/mem/dram_interface.cc:690: warn: DRAM device capacity (16384 Mbytes) does not match the address range assigned (512 Mbytes)
src/mem/dram_interface.cc:690: warn: DRAM device capacity (16384 Mbytes) does not match the address range assigned (512 Mbytes)
src/base/statistics.hh:279: warn: One of the stats is a legacy stat. Legacy stat is a stat that does not belong to any statistics::Group. Legacy stat is deprecated.
board.remote_gdb: Listening for connections on port 7000
gem5 Simulator System.  https://www.gem5.org
gem5 is copyrighted software; use the --copyright option for details.

gem5 version 25.0.0.1
gem5 compiled May  5 2026 12:55:05
gem5 started Jun 12 2026 22:20:12
gem5 executing on cn27.guoehi.cluster, pid 166616
command line: /home/fdemirel/HPC_Lab_Proj/stride/../../gem5/build/ALL/gem5.opt -s --outdir=results_stride_multisim --stdout-file=bfs_stride_deg4_dist8_l2_ddr4_2x_simout.txt --stderr-file=bfs_stride_deg4_dist8_l2_ddr4_2x_simerr.txt --stats-file=stats.txt -c 'from multiprocessing.spawn import spawn_main; spawn_main(tracker_fd=7, pipe_handle=13)' --multiprocessing-fork

src/sim/mem_state.cc:443: info: Increasing stack size by one page.
src/sim/syscall_emul.hh:1121: warn: readlink() called on '/proc/self/exe' may yield unexpected results in various settings.
      Returning '/home/fdemirel/HPC_Lab_Proj/benchmarks/bfs/bfs-m5.x'
src/arch/arm/insts/pseudo.cc:174: warn: 	instruction 'bti' unimplemented
Beginning BFS ...
Array SIZE      : 1000000 
Array LOOP      : 1 

----triad----
a[0]=7.00e+00. b[0]=2.00e+00. c[0]=1.00e+00.
Execution time: 1.704997 (ms) 
   Rate [MB/s]: 14076.3 
Global frequency set at 1000000000000 ticks per second
src/mem/dram_interface.cc:690: warn: DRAM device capacity (16384 Mbytes) does not match the address range assigned (512 Mbytes)
src/mem/dram_interface.cc:690: warn: DRAM device capacity (16384 Mbytes) does not match the address range assigned (512 Mbytes)
src/base/statistics.hh:279: warn: One of the stats is a legacy stat. Legacy stat is a stat that does not belong to any statistics::Group. Legacy stat is deprecated.
board.remote_gdb: Listening for connections on port 7003
gem5 Simulator System.  https://www.gem5.org
gem5 is copyrighted software; use the --copyright option for details.

gem5 version 25.0.0.1
gem5 compiled May  5 2026 12:55:05
gem5 started Jun 12 2026 22:21:18
gem5 executing on cn27.guoehi.cluster, pid 166625
command line: /home/fdemirel/HPC_Lab_Proj/stride/../../gem5/build/ALL/gem5.opt -s --outdir=results_stride_multisim --stdout-file=matmult_stride_deg8_dist4_l1d_ddr4_2x_simout.txt --stderr-file=matmult_stride_deg8_dist4_l1d_ddr4_2x_simerr.txt --stats-file=stats.txt -c 'from multiprocessing.spawn import spawn_main; spawn_main(tracker_fd=7, pipe_handle=13)' --multiprocessing-fork

src/sim/mem_state.cc:443: info: Increasing stack size by one page.
src/sim/syscall_emul.hh:1121: warn: readlink() called on '/proc/self/exe' may yield unexpected results in various settings.
      Returning '/home/fdemirel/HPC_Lab_Proj/benchmarks/matmult/matmult-m5.x'
src/arch/arm/insts/pseudo.cc:174: warn: 	instruction 'bti' unimplemented

----merge----
Execution time: 10.389260 (ms) 
random_elem:0, /home/fdemirel/HPC_Lab_Proj/benchmarks/merge/merge-m5.x

----MATRIX MULTIPLICATION----

----Computation starts----
Loop 0 ... 
argc = 2, A[argc][argc] = 0.500000, B[argc][argc] = 0.500000, C[argc][argc] = 0.500000 
Execution time: 1.212385 (ms) 
Global frequency set at 1000000000000 ticks per second
src/mem/dram_interface.cc:690: warn: DRAM device capacity (16384 Mbytes) does not match the address range assigned (1024 Mbytes)
src/base/statistics.hh:279: warn: One of the stats is a legacy stat. Legacy stat is a stat that does not belong to any statistics::Group. Legacy stat is deprecated.
board.remote_gdb: Listening for connections on port 7002
gem5 Simulator System.  https://www.gem5.org
gem5 is copyrighted software; use the --copyright option for details.

gem5 version 25.0.0.1
gem5 compiled May  5 2026 12:55:05
gem5 started Jun 12 2026 22:22:18
gem5 executing on cn27.guoehi.cluster, pid 166631
command line: /home/fdemirel/HPC_Lab_Proj/stride/../../gem5/build/ALL/gem5.opt -s --outdir=results_stride_multisim --stdout-file=quick_stride_deg8_dist16_l2_ddr4_1x_simout.txt --stderr-file=quick_stride_deg8_dist16_l2_ddr4_1x_simerr.txt --stats-file=stats.txt -c 'from multiprocessing.spawn import spawn_main; spawn_main(tracker_fd=7, pipe_handle=13)' --multiprocessing-fork

src/sim/mem_state.cc:443: info: Increasing stack size by one page.
src/sim/syscall_emul.hh:1121: warn: readlink() called on '/proc/self/exe' may yield unexpected results in various settings.
      Returning '/home/fdemirel/HPC_Lab_Proj/benchmarks/quick/quick-m5.x'
src/arch/arm/insts/pseudo.cc:174: warn: 	instruction 'bti' unimplemented
----quick sort----
Array SIZE      : 131072 
random_elem:0, /home/fdemirel/HPC_Lab_Proj/benchmarks/quick/quick-m5.x
Execution time: 9.151206 (ms) 
Global frequency set at 1000000000000 ticks per second
src/mem/dram_interface.cc:690: warn: DRAM device capacity (16384 Mbytes) does not match the address range assigned (1024 Mbytes)
src/base/statistics.hh:279: warn: One of the stats is a legacy stat. Legacy stat is a stat that does not belong to any statistics::Group. Legacy stat is deprecated.
board.remote_gdb: Listening for connections on port 7001
gem5 Simulator System.  https://www.gem5.org
gem5 is copyrighted software; use the --copyright option for details.

gem5 version 25.0.0.1
gem5 compiled May  5 2026 12:55:05
gem5 started Jun 12 2026 22:22:33
gem5 executing on cn27.guoehi.cluster, pid 166632
command line: /home/fdemirel/HPC_Lab_Proj/stride/../../gem5/build/ALL/gem5.opt -s --outdir=results_stride_multisim --stdout-file=merge_stride_deg8_dist8_l1d_ddr4_1x_simout.txt --stderr-file=merge_stride_deg8_dist8_l1d_ddr4_1x_simerr.txt --stats-file=stats.txt -c 'from multiprocessing.spawn import spawn_main; spawn_main(tracker_fd=7, pipe_handle=13)' --multiprocessing-fork

src/sim/mem_state.cc:443: info: Increasing stack size by one page.
src/sim/syscall_emul.hh:1121: warn: readlink() called on '/proc/self/exe' may yield unexpected results in various settings.
      Returning '/home/fdemirel/HPC_Lab_Proj/benchmarks/merge/merge-m5.x'
src/arch/arm/insts/pseudo.cc:174: warn: 	instruction 'bti' unimplemented
Global frequency set at 1000000000000 ticks per second
src/mem/dram_interface.cc:690: warn: DRAM device capacity (16384 Mbytes) does not match the address range assigned (512 Mbytes)
src/mem/dram_interface.cc:690: warn: DRAM device capacity (16384 Mbytes) does not match the address range assigned (512 Mbytes)
src/base/statistics.hh:279: warn: One of the stats is a legacy stat. Legacy stat is a stat that does not belong to any statistics::Group. Legacy stat is deprecated.
board.remote_gdb: Listening for connections on port 7003
gem5 Simulator System.  https://www.gem5.org
gem5 is copyrighted software; use the --copyright option for details.

gem5 version 25.0.0.1
gem5 compiled May  5 2026 12:55:05
gem5 started Jun 12 2026 22:22:38
gem5 executing on cn27.guoehi.cluster, pid 166635
command line: /home/fdemirel/HPC_Lab_Proj/stride/../../gem5/build/ALL/gem5.opt -s --outdir=results_stride_multisim --stdout-file=merge_stride_deg8_dist8_l1d_ddr4_2x_simout.txt --stderr-file=merge_stride_deg8_dist8_l1d_ddr4_2x_simerr.txt --stats-file=stats.txt -c 'from multiprocessing.spawn import spawn_main; spawn_main(tracker_fd=7, pipe_handle=13)' --multiprocessing-fork

src/sim/mem_state.cc:443: info: Increasing stack size by one page.
src/sim/syscall_emul.hh:1121: warn: readlink() called on '/proc/self/exe' may yield unexpected results in various settings.
      Returning '/home/fdemirel/HPC_Lab_Proj/benchmarks/merge/merge-m5.x'
src/arch/arm/insts/pseudo.cc:174: warn: 	instruction 'bti' unimplemented
Finished BFS.
Global frequency set at 1000000000000 ticks per second
src/mem/dram_interface.cc:690: warn: DRAM device capacity (16384 Mbytes) does not match the address range assigned (512 Mbytes)
src/mem/dram_interface.cc:690: warn: DRAM device capacity (16384 Mbytes) does not match the address range assigned (512 Mbytes)
src/base/statistics.hh:279: warn: One of the stats is a legacy stat. Legacy stat is a stat that does not belong to any statistics::Group. Legacy stat is deprecated.
board.remote_gdb: Listening for connections on port 7000
gem5 Simulator System.  https://www.gem5.org
gem5 is copyrighted software; use the --copyright option for details.

gem5 version 25.0.0.1
gem5 compiled May  5 2026 12:55:05
gem5 started Jun 12 2026 22:25:49
gem5 executing on cn27.guoehi.cluster, pid 166650
command line: /home/fdemirel/HPC_Lab_Proj/stride/../../gem5/build/ALL/gem5.opt -s --outdir=results_stride_multisim --stdout-file=simple_triad_stride_deg32_dist16_l1d_ddr4_2x_simout.txt --stderr-file=simple_triad_stride_deg32_dist16_l1d_ddr4_2x_simerr.txt --stats-file=stats.txt -c 'from multiprocessing.spawn import spawn_main; spawn_main(tracker_fd=7, pipe_handle=13)' --multiprocessing-fork

src/sim/mem_state.cc:443: info: Increasing stack size by one page.
src/sim/syscall_emul.hh:1121: warn: readlink() called on '/proc/self/exe' may yield unexpected results in various settings.
      Returning '/home/fdemirel/HPC_Lab_Proj/benchmarks/simple_triad/simple_triad-m5.x'
----quick sort----
Array SIZE      : 131072 
random_elem:0, /home/fdemirel/HPC_Lab_Proj/benchmarks/quick/quick-m5.x
Execution time: 8.899117 (ms) 
Global frequency set at 1000000000000 ticks per second
src/mem/dram_interface.cc:690: warn: DRAM device capacity (16384 Mbytes) does not match the address range assigned (512 Mbytes)
src/mem/dram_interface.cc:690: warn: DRAM device capacity (16384 Mbytes) does not match the address range assigned (512 Mbytes)
src/base/statistics.hh:279: warn: One of the stats is a legacy stat. Legacy stat is a stat that does not belong to any statistics::Group. Legacy stat is deprecated.
board.remote_gdb: Listening for connections on port 7002
gem5 Simulator System.  https://www.gem5.org
gem5 is copyrighted software; use the --copyright option for details.

gem5 version 25.0.0.1
gem5 compiled May  5 2026 12:55:05
gem5 started Jun 12 2026 22:26:23
gem5 executing on cn27.guoehi.cluster, pid 166653
command line: /home/fdemirel/HPC_Lab_Proj/stride/../../gem5/build/ALL/gem5.opt -s --outdir=results_stride_multisim --stdout-file=spmv_stride_deg32_dist32_l1d_ddr4_2x_simout.txt --stderr-file=spmv_stride_deg32_dist32_l1d_ddr4_2x_simerr.txt --stats-file=stats.txt -c 'from multiprocessing.spawn import spawn_main; spawn_main(tracker_fd=7, pipe_handle=13)' --multiprocessing-fork

src/sim/mem_state.cc:443: info: Increasing stack size by one page.
src/sim/syscall_emul.hh:1121: warn: readlink() called on '/proc/self/exe' may yield unexpected results in various settings.
      Returning '/home/fdemirel/HPC_Lab_Proj/benchmarks/spmv/spmv-m5.x'
src/arch/arm/insts/pseudo.cc:174: warn: 	instruction 'bti' unimplemented
src/sim/mem_state.cc:443: info: Increasing stack size by one page.
src/sim/mem_state.cc:443: info: Increasing stack size by one page.
src/sim/mem_state.cc:443: info: Increasing stack size by one page.
src/sim/mem_state.cc:443: info: Increasing stack size by one page.
src/sim/mem_state.cc:443: info: Increasing stack size by one page.
src/sim/mem_state.cc:443: info: Increasing stack size by one page.
src/sim/mem_state.cc:443: info: Increasing stack size by one page.

----merge----
Execution time: 10.064165 (ms) 
random_elem:0, /home/fdemirel/HPC_Lab_Proj/benchmarks/merge/merge-m5.x
Array SIZE      : 1000000 
Array LOOP      : 1 

----triad----
a[0]=7.00e+00. b[0]=2.00e+00. c[0]=1.00e+00.
Execution time: 2.164357 (ms) 
   Rate [MB/s]: 11088.7 
Global frequency set at 1000000000000 ticks per second

----merge----
Execution time: 10.040490 (ms) 
random_elem:0, /home/fdemirel/HPC_Lab_Proj/benchmarks/merge/merge-m5.x
src/mem/dram_interface.cc:690: warn: DRAM device capacity (16384 Mbytes) does not match the address range assigned (1024 Mbytes)
src/base/statistics.hh:279: warn: One of the stats is a legacy stat. Legacy stat is a stat that does not belong to any statistics::Group. Legacy stat is deprecated.
board.remote_gdb: Listening for connections on port 7000
gem5 Simulator System.  https://www.gem5.org
gem5 is copyrighted software; use the --copyright option for details.

gem5 version 25.0.0.1
gem5 compiled May  5 2026 12:55:05
gem5 started Jun 12 2026 22:27:33
gem5 executing on cn27.guoehi.cluster, pid 166657
command line: /home/fdemirel/HPC_Lab_Proj/stride/../../gem5/build/ALL/gem5.opt -s --outdir=results_stride_multisim --stdout-file=bfs_stride_deg1_dist4_l1d_ddr4_1x_simout.txt --stderr-file=bfs_stride_deg1_dist4_l1d_ddr4_1x_simerr.txt --stats-file=stats.txt -c 'from multiprocessing.spawn import spawn_main; spawn_main(tracker_fd=7, pipe_handle=13)' --multiprocessing-fork

src/sim/mem_state.cc:443: info: Increasing stack size by one page.
src/sim/syscall_emul.hh:1121: warn: readlink() called on '/proc/self/exe' may yield unexpected results in various settings.
      Returning '/home/fdemirel/HPC_Lab_Proj/benchmarks/bfs/bfs-m5.x'
src/arch/arm/insts/pseudo.cc:174: warn: 	instruction 'bti' unimplemented
Beginning BFS ...
Global frequency set at 1000000000000 ticks per second
src/mem/dram_interface.cc:690: warn: DRAM device capacity (16384 Mbytes) does not match the address range assigned (512 Mbytes)
src/mem/dram_interface.cc:690: warn: DRAM device capacity (16384 Mbytes) does not match the address range assigned (512 Mbytes)
src/base/statistics.hh:279: warn: One of the stats is a legacy stat. Legacy stat is a stat that does not belong to any statistics::Group. Legacy stat is deprecated.
board.remote_gdb: Listening for connections on port 7001
gem5 Simulator System.  https://www.gem5.org
gem5 is copyrighted software; use the --copyright option for details.

gem5 version 25.0.0.1
gem5 compiled May  5 2026 12:55:05
gem5 started Jun 12 2026 22:27:44
gem5 executing on cn27.guoehi.cluster, pid 166658
command line: /home/fdemirel/HPC_Lab_Proj/stride/../../gem5/build/ALL/gem5.opt -s --outdir=results_stride_multisim --stdout-file=matmult_stride_deg8_dist4_l2_ddr4_2x_simout.txt --stderr-file=matmult_stride_deg8_dist4_l2_ddr4_2x_simerr.txt --stats-file=stats.txt -c 'from multiprocessing.spawn import spawn_main; spawn_main(tracker_fd=7, pipe_handle=13)' --multiprocessing-fork

src/sim/mem_state.cc:443: info: Increasing stack size by one page.
src/sim/syscall_emul.hh:1121: warn: readlink() called on '/proc/self/exe' may yield unexpected results in various settings.
      Returning '/home/fdemirel/HPC_Lab_Proj/benchmarks/matmult/matmult-m5.x'
src/arch/arm/insts/pseudo.cc:174: warn: 	instruction 'bti' unimplemented
Global frequency set at 1000000000000 ticks per second
src/mem/dram_interface.cc:690: warn: DRAM device capacity (16384 Mbytes) does not match the address range assigned (1024 Mbytes)
src/base/statistics.hh:279: warn: One of the stats is a legacy stat. Legacy stat is a stat that does not belong to any statistics::Group. Legacy stat is deprecated.
board.remote_gdb: Listening for connections on port 7003
gem5 Simulator System.  https://www.gem5.org
gem5 is copyrighted software; use the --copyright option for details.

gem5 version 25.0.0.1
gem5 compiled May  5 2026 12:55:05
gem5 started Jun 12 2026 22:27:51
gem5 executing on cn27.guoehi.cluster, pid 166662
command line: /home/fdemirel/HPC_Lab_Proj/stride/../../gem5/build/ALL/gem5.opt -s --outdir=results_stride_multisim --stdout-file=simple_triad_stride_deg32_dist4_l1d_ddr4_1x_simout.txt --stderr-file=simple_triad_stride_deg32_dist4_l1d_ddr4_1x_simerr.txt --stats-file=stats.txt -c 'from multiprocessing.spawn import spawn_main; spawn_main(tracker_fd=7, pipe_handle=13)' --multiprocessing-fork

src/sim/mem_state.cc:443: info: Increasing stack size by one page.
src/sim/syscall_emul.hh:1121: warn: readlink() called on '/proc/self/exe' may yield unexpected results in various settings.
      Returning '/home/fdemirel/HPC_Lab_Proj/benchmarks/simple_triad/simple_triad-m5.x'
----spmv----
N_ROWS          : 8192 
N_COLS          : 65536 
NNZ             : 524155 
Execution time: 6.864219 (ms) 

----MATRIX MULTIPLICATION----

----Computation starts----
Loop 0 ... 
argc = 2, A[argc][argc] = 0.500000, B[argc][argc] = 0.500000, C[argc][argc] = 0.500000 
Execution time: 1.210527 (ms) 
Global frequency set at 1000000000000 ticks per second
gem5 Simulator System.  https://www.gem5.org
gem5 is copyrighted software; use the --copyright option for details.

gem5 version 25.0.0.1
gem5 compiled May  5 2026 12:55:05
gem5 started Jun 12 2026 22:28:37
gem5 executing on cn27.guoehi.cluster, pid 166669
command line: /home/fdemirel/HPC_Lab_Proj/stride/../../gem5/build/ALL/gem5.opt -s --outdir=results_stride_multisim --stdout-file=spmv_stride_deg4_dist1_l1d_ddr4_2x_simout.txt --stderr-file=spmv_stride_deg4_dist1_l1d_ddr4_2x_simerr.txt --stats-file=stats.txt -c 'from multiprocessing.spawn import spawn_main; spawn_main(tracker_fd=7, pipe_handle=13)' --multiprocessing-fork

info: Error running simulator spmv_stride_deg4_dist1_l1d_ddr4_2x: [Errno 122] Disk quota exceeded: 'results_stride_multisim/spmv_stride_deg4_dist1_l1d_ddr4_2x/config.dot'
Process matmult_stride_deg32_dist8_l1d_ddr4_1x:
Traceback (most recent call last):
  File "/software/kp920-RL8/Stages/2022a/software/Python/3.10.4-GCCcore-12.1.0/lib/python3.10/multiprocessing/process.py", line 315, in _bootstrap
    self.run()
  File "/software/kp920-RL8/Stages/2022a/software/Python/3.10.4-GCCcore-12.1.0/lib/python3.10/multiprocessing/process.py", line 108, in run
    self._target(*self._args, **self._kwargs)
  File "src/python/gem5/utils/multisim/multisim.py", line 176, in _run
  File "src/python/gem5/simulate/simulator.py", line 491, in override_outdir
  File "/software/kp920-RL8/Stages/2022a/software/Python/3.10.4-GCCcore-12.1.0/lib/python3.10/pathlib.py", line 1173, in mkdir
    self._accessor.mkdir(self, mode)
OSError: [Errno 122] Disk quota exceeded: 'results_stride_multisim/matmult_stride_deg32_dist8_l1d_ddr4_1x'
gem5 Simulator System.  https://www.gem5.org
gem5 is copyrighted software; use the --copyright option for details.

gem5 version 25.0.0.1
gem5 compiled May  5 2026 12:55:05
gem5 started Jun 12 2026 22:28:55
gem5 executing on cn27.guoehi.cluster, pid 166673
command line: /home/fdemirel/HPC_Lab_Proj/stride/../../gem5/build/ALL/gem5.opt -s --outdir=results_stride_multisim --stdout-file=matmult_stride_deg32_dist8_l1d_ddr4_1x_simout.txt --stderr-file=matmult_stride_deg32_dist8_l1d_ddr4_1x_simerr.txt --stats-file=stats.txt -c 'from multiprocessing.spawn import spawn_main; spawn_main(tracker_fd=7, pipe_handle=13)' --multiprocessing-fork

Process simple_triad_stride_deg32_dist16_l2_ddr4_2x:
Traceback (most recent call last):
  File "/software/kp920-RL8/Stages/2022a/software/Python/3.10.4-GCCcore-12.1.0/lib/python3.10/multiprocessing/process.py", line 315, in _bootstrap
    self.run()
  File "/software/kp920-RL8/Stages/2022a/software/Python/3.10.4-GCCcore-12.1.0/lib/python3.10/multiprocessing/process.py", line 108, in run
    self._target(*self._args, **self._kwargs)
  File "src/python/gem5/utils/multisim/multisim.py", line 176, in _run
  File "src/python/gem5/simulate/simulator.py", line 491, in override_outdir
  File "/software/kp920-RL8/Stages/2022a/software/Python/3.10.4-GCCcore-12.1.0/lib/python3.10/pathlib.py", line 1173, in mkdir
    self._accessor.mkdir(self, mode)
OSError: [Errno 122] Disk quota exceeded: 'results_stride_multisim/simple_triad_stride_deg32_dist16_l2_ddr4_2x'
gem5 Simulator System.  https://www.gem5.org
gem5 is copyrighted software; use the --copyright option for details.

gem5 version 25.0.0.1
gem5 compiled May  5 2026 12:55:05
gem5 started Jun 12 2026 22:28:56
gem5 executing on cn27.guoehi.cluster, pid 166674
command line: /home/fdemirel/HPC_Lab_Proj/stride/../../gem5/build/ALL/gem5.opt -s --outdir=results_stride_multisim --stdout-file=simple_triad_stride_deg32_dist16_l2_ddr4_2x_simout.txt --stderr-file=simple_triad_stride_deg32_dist16_l2_ddr4_2x_simerr.txt --stats-file=stats.txt -c 'from multiprocessing.spawn import spawn_main; spawn_main(tracker_fd=7, pipe_handle=13)' --multiprocessing-fork

Process merge_stride_deg32_dist32_l1d_ddr4_1x:
Traceback (most recent call last):
  File "/software/kp920-RL8/Stages/2022a/software/Python/3.10.4-GCCcore-12.1.0/lib/python3.10/multiprocessing/process.py", line 315, in _bootstrap
    self.run()
  File "/software/kp920-RL8/Stages/2022a/software/Python/3.10.4-GCCcore-12.1.0/lib/python3.10/multiprocessing/process.py", line 108, in run
    self._target(*self._args, **self._kwargs)
  File "src/python/gem5/utils/multisim/multisim.py", line 176, in _run
  File "src/python/gem5/simulate/simulator.py", line 491, in override_outdir
  File "/software/kp920-RL8/Stages/2022a/software/Python/3.10.4-GCCcore-12.1.0/lib/python3.10/pathlib.py", line 1173, in mkdir
    self._accessor.mkdir(self, mode)
OSError: [Errno 122] Disk quota exceeded: 'results_stride_multisim/merge_stride_deg32_dist32_l1d_ddr4_1x'
gem5 Simulator System.  https://www.gem5.org
gem5 is copyrighted software; use the --copyright option for details.

gem5 version 25.0.0.1
gem5 compiled May  5 2026 12:55:05
gem5 started Jun 12 2026 22:29:13
gem5 executing on cn27.guoehi.cluster, pid 166675
command line: /home/fdemirel/HPC_Lab_Proj/stride/../../gem5/build/ALL/gem5.opt -s --outdir=results_stride_multisim --stdout-file=merge_stride_deg32_dist32_l1d_ddr4_1x_simout.txt --stderr-file=merge_stride_deg32_dist32_l1d_ddr4_1x_simerr.txt --stats-file=stats.txt -c 'from multiprocessing.spawn import spawn_main; spawn_main(tracker_fd=7, pipe_handle=13)' --multiprocessing-fork

Process matmult_stride_deg32_dist8_l2_ddr4_1x:
Traceback (most recent call last):
  File "/software/kp920-RL8/Stages/2022a/software/Python/3.10.4-GCCcore-12.1.0/lib/python3.10/multiprocessing/process.py", line 315, in _bootstrap
    self.run()
  File "/software/kp920-RL8/Stages/2022a/software/Python/3.10.4-GCCcore-12.1.0/lib/python3.10/multiprocessing/process.py", line 108, in run
    self._target(*self._args, **self._kwargs)
  File "src/python/gem5/utils/multisim/multisim.py", line 176, in _run
  File "src/python/gem5/simulate/simulator.py", line 491, in override_outdir
  File "/software/kp920-RL8/Stages/2022a/software/Python/3.10.4-GCCcore-12.1.0/lib/python3.10/pathlib.py", line 1173, in mkdir
    self._accessor.mkdir(self, mode)
OSError: [Errno 122] Disk quota exceeded: 'results_stride_multisim/matmult_stride_deg32_dist8_l2_ddr4_1x'
gem5 Simulator System.  https://www.gem5.org
gem5 is copyrighted software; use the --copyright option for details.

gem5 version 25.0.0.1
gem5 compiled May  5 2026 12:55:05
gem5 started Jun 12 2026 22:29:15
gem5 executing on cn27.guoehi.cluster, pid 166676
command line: /home/fdemirel/HPC_Lab_Proj/stride/../../gem5/build/ALL/gem5.opt -s --outdir=results_stride_multisim --stdout-file=matmult_stride_deg32_dist8_l2_ddr4_1x_simout.txt --stderr-file=matmult_stride_deg32_dist8_l2_ddr4_1x_simerr.txt --stats-file=stats.txt -c 'from multiprocessing.spawn import spawn_main; spawn_main(tracker_fd=7, pipe_handle=13)' --multiprocessing-fork

Process simple_triad_stride_deg32_dist4_l2_ddr4_1x:
Traceback (most recent call last):
  File "/software/kp920-RL8/Stages/2022a/software/Python/3.10.4-GCCcore-12.1.0/lib/python3.10/multiprocessing/process.py", line 315, in _bootstrap
    self.run()
  File "/software/kp920-RL8/Stages/2022a/software/Python/3.10.4-GCCcore-12.1.0/lib/python3.10/multiprocessing/process.py", line 108, in run
    self._target(*self._args, **self._kwargs)
  File "src/python/gem5/utils/multisim/multisim.py", line 176, in _run
  File "src/python/gem5/simulate/simulator.py", line 491, in override_outdir
  File "/software/kp920-RL8/Stages/2022a/software/Python/3.10.4-GCCcore-12.1.0/lib/python3.10/pathlib.py", line 1173, in mkdir
    self._accessor.mkdir(self, mode)
OSError: [Errno 122] Disk quota exceeded: 'results_stride_multisim/simple_triad_stride_deg32_dist4_l2_ddr4_1x'
gem5 Simulator System.  https://www.gem5.org
gem5 is copyrighted software; use the --copyright option for details.

gem5 version 25.0.0.1
gem5 compiled May  5 2026 12:55:05
gem5 started Jun 12 2026 22:29:32
gem5 executing on cn27.guoehi.cluster, pid 166677
command line: /home/fdemirel/HPC_Lab_Proj/stride/../../gem5/build/ALL/gem5.opt -s --outdir=results_stride_multisim --stdout-file=simple_triad_stride_deg32_dist4_l2_ddr4_1x_simout.txt --stderr-file=simple_triad_stride_deg32_dist4_l2_ddr4_1x_simerr.txt --stats-file=stats.txt -c 'from multiprocessing.spawn import spawn_main; spawn_main(tracker_fd=7, pipe_handle=13)' --multiprocessing-fork

Process bfs_stride_deg1_dist4_l2_ddr4_1x:
Traceback (most recent call last):
  File "/software/kp920-RL8/Stages/2022a/software/Python/3.10.4-GCCcore-12.1.0/lib/python3.10/multiprocessing/process.py", line 315, in _bootstrap
    self.run()
  File "/software/kp920-RL8/Stages/2022a/software/Python/3.10.4-GCCcore-12.1.0/lib/python3.10/multiprocessing/process.py", line 108, in run
    self._target(*self._args, **self._kwargs)
  File "src/python/gem5/utils/multisim/multisim.py", line 176, in _run
  File "src/python/gem5/simulate/simulator.py", line 491, in override_outdir
  File "/software/kp920-RL8/Stages/2022a/software/Python/3.10.4-GCCcore-12.1.0/lib/python3.10/pathlib.py", line 1173, in mkdir
    self._accessor.mkdir(self, mode)
OSError: [Errno 122] Disk quota exceeded: 'results_stride_multisim/bfs_stride_deg1_dist4_l2_ddr4_1x'
gem5 Simulator System.  https://www.gem5.org
gem5 is copyrighted software; use the --copyright option for details.

gem5 version 25.0.0.1
gem5 compiled May  5 2026 12:55:05
gem5 started Jun 12 2026 22:29:33
gem5 executing on cn27.guoehi.cluster, pid 166678
command line: /home/fdemirel/HPC_Lab_Proj/stride/../../gem5/build/ALL/gem5.opt -s --outdir=results_stride_multisim --stdout-file=bfs_stride_deg1_dist4_l2_ddr4_1x_simout.txt --stderr-file=bfs_stride_deg1_dist4_l2_ddr4_1x_simerr.txt --stats-file=stats.txt -c 'from multiprocessing.spawn import spawn_main; spawn_main(tracker_fd=7, pipe_handle=13)' --multiprocessing-fork

Array SIZE      : 1000000 
Array LOOP      : 1 

----triad----
a[0]=7.00e+00. b[0]=2.00e+00. c[0]=1.00e+00.
Execution time: 2.907919 (ms) 
   Rate [MB/s]: 8253.3 
Process simple_triad_stride_deg4_dist16_l1d_ddr4_1x:
Traceback (most recent call last):
  File "/software/kp920-RL8/Stages/2022a/software/Python/3.10.4-GCCcore-12.1.0/lib/python3.10/multiprocessing/process.py", line 315, in _bootstrap
    self.run()
  File "/software/kp920-RL8/Stages/2022a/software/Python/3.10.4-GCCcore-12.1.0/lib/python3.10/multiprocessing/process.py", line 108, in run
    self._target(*self._args, **self._kwargs)
  File "src/python/gem5/utils/multisim/multisim.py", line 176, in _run
  File "src/python/gem5/simulate/simulator.py", line 491, in override_outdir
  File "/software/kp920-RL8/Stages/2022a/software/Python/3.10.4-GCCcore-12.1.0/lib/python3.10/pathlib.py", line 1173, in mkdir
    self._accessor.mkdir(self, mode)
OSError: [Errno 122] Disk quota exceeded: 'results_stride_multisim/simple_triad_stride_deg4_dist16_l1d_ddr4_1x'
gem5 Simulator System.  https://www.gem5.org
gem5 is copyrighted software; use the --copyright option for details.

gem5 version 25.0.0.1
gem5 compiled May  5 2026 12:55:05
gem5 started Jun 12 2026 22:29:51
gem5 executing on cn27.guoehi.cluster, pid 166680
command line: /home/fdemirel/HPC_Lab_Proj/stride/../../gem5/build/ALL/gem5.opt -s --outdir=results_stride_multisim --stdout-file=simple_triad_stride_deg4_dist16_l1d_ddr4_1x_simout.txt --stderr-file=simple_triad_stride_deg4_dist16_l1d_ddr4_1x_simerr.txt --stats-file=stats.txt -c 'from multiprocessing.spawn import spawn_main; spawn_main(tracker_fd=7, pipe_handle=12)' --multiprocessing-fork

Process spmv_stride_deg32_dist16_l2_ddr4_1x:
Traceback (most recent call last):
  File "/software/kp920-RL8/Stages/2022a/software/Python/3.10.4-GCCcore-12.1.0/lib/python3.10/multiprocessing/process.py", line 315, in _bootstrap
    self.run()
  File "/software/kp920-RL8/Stages/2022a/software/Python/3.10.4-GCCcore-12.1.0/lib/python3.10/multiprocessing/process.py", line 108, in run
    self._target(*self._args, **self._kwargs)
  File "src/python/gem5/utils/multisim/multisim.py", line 176, in _run
  File "src/python/gem5/simulate/simulator.py", line 491, in override_outdir
  File "/software/kp920-RL8/Stages/2022a/software/Python/3.10.4-GCCcore-12.1.0/lib/python3.10/pathlib.py", line 1173, in mkdir
    self._accessor.mkdir(self, mode)
OSError: [Errno 122] Disk quota exceeded: 'results_stride_multisim/spmv_stride_deg32_dist16_l2_ddr4_1x'
gem5 Simulator System.  https://www.gem5.org
gem5 is copyrighted software; use the --copyright option for details.

gem5 version 25.0.0.1
gem5 compiled May  5 2026 12:55:05
gem5 started Jun 12 2026 22:29:51
gem5 executing on cn27.guoehi.cluster, pid 166681
command line: /home/fdemirel/HPC_Lab_Proj/stride/../../gem5/build/ALL/gem5.opt -s --outdir=results_stride_multisim --stdout-file=spmv_stride_deg32_dist16_l2_ddr4_1x_simout.txt --stderr-file=spmv_stride_deg32_dist16_l2_ddr4_1x_simerr.txt --stats-file=stats.txt -c 'from multiprocessing.spawn import spawn_main; spawn_main(tracker_fd=7, pipe_handle=16)' --multiprocessing-fork

Process bfs_stride_deg8_dist16_l1d_ddr4_1x:
Traceback (most recent call last):
  File "/software/kp920-RL8/Stages/2022a/software/Python/3.10.4-GCCcore-12.1.0/lib/python3.10/multiprocessing/process.py", line 315, in _bootstrap
    self.run()
  File "/software/kp920-RL8/Stages/2022a/software/Python/3.10.4-GCCcore-12.1.0/lib/python3.10/multiprocessing/process.py", line 108, in run
    self._target(*self._args, **self._kwargs)
  File "src/python/gem5/utils/multisim/multisim.py", line 176, in _run
  File "src/python/gem5/simulate/simulator.py", line 491, in override_outdir
  File "/software/kp920-RL8/Stages/2022a/software/Python/3.10.4-GCCcore-12.1.0/lib/python3.10/pathlib.py", line 1173, in mkdir
    self._accessor.mkdir(self, mode)
OSError: [Errno 122] Disk quota exceeded: 'results_stride_multisim/bfs_stride_deg8_dist16_l1d_ddr4_1x'
gem5 Simulator System.  https://www.gem5.org
gem5 is copyrighted software; use the --copyright option for details.

gem5 version 25.0.0.1
gem5 compiled May  5 2026 12:55:05
gem5 started Jun 12 2026 22:29:52
gem5 executing on cn27.guoehi.cluster, pid 166682
command line: /home/fdemirel/HPC_Lab_Proj/stride/../../gem5/build/ALL/gem5.opt -s --outdir=results_stride_multisim --stdout-file=bfs_stride_deg8_dist16_l1d_ddr4_1x_simout.txt --stderr-file=bfs_stride_deg8_dist16_l1d_ddr4_1x_simerr.txt --stats-file=stats.txt -c 'from multiprocessing.spawn import spawn_main; spawn_main(tracker_fd=7, pipe_handle=15)' --multiprocessing-fork

Process quick_stride_deg8_dist8_l1d_ddr4_2x:
Traceback (most recent call last):
  File "/software/kp920-RL8/Stages/2022a/software/Python/3.10.4-GCCcore-12.1.0/lib/python3.10/multiprocessing/process.py", line 315, in _bootstrap
    self.run()
  File "/software/kp920-RL8/Stages/2022a/software/Python/3.10.4-GCCcore-12.1.0/lib/python3.10/multiprocessing/process.py", line 108, in run
    self._target(*self._args, **self._kwargs)
  File "src/python/gem5/utils/multisim/multisim.py", line 176, in _run
  File "src/python/gem5/simulate/simulator.py", line 491, in override_outdir
  File "/software/kp920-RL8/Stages/2022a/software/Python/3.10.4-GCCcore-12.1.0/lib/python3.10/pathlib.py", line 1173, in mkdir
    self._accessor.mkdir(self, mode)
OSError: [Errno 122] Disk quota exceeded: 'results_stride_multisim/quick_stride_deg8_dist8_l1d_ddr4_2x'
gem5 Simulator System.  https://www.gem5.org
gem5 is copyrighted software; use the --copyright option for details.

gem5 version 25.0.0.1
gem5 compiled May  5 2026 12:55:05
gem5 started Jun 12 2026 22:30:09
gem5 executing on cn27.guoehi.cluster, pid 166683
command line: /home/fdemirel/HPC_Lab_Proj/stride/../../gem5/build/ALL/gem5.opt -s --outdir=results_stride_multisim --stdout-file=quick_stride_deg8_dist8_l1d_ddr4_2x_simout.txt --stderr-file=quick_stride_deg8_dist8_l1d_ddr4_2x_simerr.txt --stats-file=stats.txt -c 'from multiprocessing.spawn import spawn_main; spawn_main(tracker_fd=7, pipe_handle=13)' --multiprocessing-fork

Process quick_stride_deg8_dist8_l2_ddr4_1x:
Traceback (most recent call last):
  File "/software/kp920-RL8/Stages/2022a/software/Python/3.10.4-GCCcore-12.1.0/lib/python3.10/multiprocessing/process.py", line 315, in _bootstrap
    self.run()
  File "/software/kp920-RL8/Stages/2022a/software/Python/3.10.4-GCCcore-12.1.0/lib/python3.10/multiprocessing/process.py", line 108, in run
    self._target(*self._args, **self._kwargs)
  File "src/python/gem5/utils/multisim/multisim.py", line 176, in _run
  File "src/python/gem5/simulate/simulator.py", line 491, in override_outdir
  File "/software/kp920-RL8/Stages/2022a/software/Python/3.10.4-GCCcore-12.1.0/lib/python3.10/pathlib.py", line 1173, in mkdir
    self._accessor.mkdir(self, mode)
OSError: [Errno 122] Disk quota exceeded: 'results_stride_multisim/quick_stride_deg8_dist8_l2_ddr4_1x'
gem5 Simulator System.  https://www.gem5.org
gem5 is copyrighted software; use the --copyright option for details.

gem5 version 25.0.0.1
gem5 compiled May  5 2026 12:55:05
gem5 started Jun 12 2026 22:30:10
gem5 executing on cn27.guoehi.cluster, pid 166684
command line: /home/fdemirel/HPC_Lab_Proj/stride/../../gem5/build/ALL/gem5.opt -s --outdir=results_stride_multisim --stdout-file=quick_stride_deg8_dist8_l2_ddr4_1x_simout.txt --stderr-file=quick_stride_deg8_dist8_l2_ddr4_1x_simerr.txt --stats-file=stats.txt -c 'from multiprocessing.spawn import spawn_main; spawn_main(tracker_fd=7, pipe_handle=12)' --multiprocessing-fork

Process simple_triad_stride_deg8_dist1_l1d_ddr4_2x:
Traceback (most recent call last):
  File "/software/kp920-RL8/Stages/2022a/software/Python/3.10.4-GCCcore-12.1.0/lib/python3.10/multiprocessing/process.py", line 315, in _bootstrap
    self.run()
  File "/software/kp920-RL8/Stages/2022a/software/Python/3.10.4-GCCcore-12.1.0/lib/python3.10/multiprocessing/process.py", line 108, in run
    self._target(*self._args, **self._kwargs)
  File "src/python/gem5/utils/multisim/multisim.py", line 176, in _run
  File "src/python/gem5/simulate/simulator.py", line 491, in override_outdir
  File "/software/kp920-RL8/Stages/2022a/software/Python/3.10.4-GCCcore-12.1.0/lib/python3.10/pathlib.py", line 1173, in mkdir
    self._accessor.mkdir(self, mode)
OSError: [Errno 122] Disk quota exceeded: 'results_stride_multisim/simple_triad_stride_deg8_dist1_l1d_ddr4_2x'
gem5 Simulator System.  https://www.gem5.org
gem5 is copyrighted software; use the --copyright option for details.

gem5 version 25.0.0.1
gem5 compiled May  5 2026 12:55:05
gem5 started Jun 12 2026 22:30:10
gem5 executing on cn27.guoehi.cluster, pid 166685
command line: /home/fdemirel/HPC_Lab_Proj/stride/../../gem5/build/ALL/gem5.opt -s --outdir=results_stride_multisim --stdout-file=simple_triad_stride_deg8_dist1_l1d_ddr4_2x_simout.txt --stderr-file=simple_triad_stride_deg8_dist1_l1d_ddr4_2x_simerr.txt --stats-file=stats.txt -c 'from multiprocessing.spawn import spawn_main; spawn_main(tracker_fd=7, pipe_handle=16)' --multiprocessing-fork

Process merge_stride_deg16_dist16_l2_ddr4_2x:
Traceback (most recent call last):
  File "/software/kp920-RL8/Stages/2022a/software/Python/3.10.4-GCCcore-12.1.0/lib/python3.10/multiprocessing/process.py", line 315, in _bootstrap
    self.run()
  File "/software/kp920-RL8/Stages/2022a/software/Python/3.10.4-GCCcore-12.1.0/lib/python3.10/multiprocessing/process.py", line 108, in run
    self._target(*self._args, **self._kwargs)
  File "src/python/gem5/utils/multisim/multisim.py", line 176, in _run
  File "src/python/gem5/simulate/simulator.py", line 491, in override_outdir
  File "/software/kp920-RL8/Stages/2022a/software/Python/3.10.4-GCCcore-12.1.0/lib/python3.10/pathlib.py", line 1173, in mkdir
    self._accessor.mkdir(self, mode)
OSError: [Errno 122] Disk quota exceeded: 'results_stride_multisim/merge_stride_deg16_dist16_l2_ddr4_2x'
gem5 Simulator System.  https://www.gem5.org
gem5 is copyrighted software; use the --copyright option for details.

gem5 version 25.0.0.1
gem5 compiled May  5 2026 12:55:05
gem5 started Jun 12 2026 22:30:28
gem5 executing on cn27.guoehi.cluster, pid 166690
command line: /home/fdemirel/HPC_Lab_Proj/stride/../../gem5/build/ALL/gem5.opt -s --outdir=results_stride_multisim --stdout-file=merge_stride_deg16_dist16_l2_ddr4_2x_simout.txt --stderr-file=merge_stride_deg16_dist16_l2_ddr4_2x_simerr.txt --stats-file=stats.txt -c 'from multiprocessing.spawn import spawn_main; spawn_main(tracker_fd=7, pipe_handle=12)' --multiprocessing-fork

Process merge_stride_deg8_dist4_l1d_ddr4_1x:
Traceback (most recent call last):
  File "/software/kp920-RL8/Stages/2022a/software/Python/3.10.4-GCCcore-12.1.0/lib/python3.10/multiprocessing/process.py", line 315, in _bootstrap
    self.run()
  File "/software/kp920-RL8/Stages/2022a/software/Python/3.10.4-GCCcore-12.1.0/lib/python3.10/multiprocessing/process.py", line 108, in run
    self._target(*self._args, **self._kwargs)
  File "src/python/gem5/utils/multisim/multisim.py", line 176, in _run
  File "src/python/gem5/simulate/simulator.py", line 491, in override_outdir
  File "/software/kp920-RL8/Stages/2022a/software/Python/3.10.4-GCCcore-12.1.0/lib/python3.10/pathlib.py", line 1173, in mkdir
    self._accessor.mkdir(self, mode)
OSError: [Errno 122] Disk quota exceeded: 'results_stride_multisim/merge_stride_deg8_dist4_l1d_ddr4_1x'
gem5 Simulator System.  https://www.gem5.org
gem5 is copyrighted software; use the --copyright option for details.

gem5 version 25.0.0.1
gem5 compiled May  5 2026 12:55:05
gem5 started Jun 12 2026 22:30:28
gem5 executing on cn27.guoehi.cluster, pid 166691
command line: /home/fdemirel/HPC_Lab_Proj/stride/../../gem5/build/ALL/gem5.opt -s --outdir=results_stride_multisim --stdout-file=merge_stride_deg8_dist4_l1d_ddr4_1x_simout.txt --stderr-file=merge_stride_deg8_dist4_l1d_ddr4_1x_simerr.txt --stats-file=stats.txt -c 'from multiprocessing.spawn import spawn_main; spawn_main(tracker_fd=7, pipe_handle=15)' --multiprocessing-fork

Process matmult_stride_deg4_dist32_l2_ddr4_1x:
Traceback (most recent call last):
  File "/software/kp920-RL8/Stages/2022a/software/Python/3.10.4-GCCcore-12.1.0/lib/python3.10/multiprocessing/process.py", line 315, in _bootstrap
    self.run()
  File "/software/kp920-RL8/Stages/2022a/software/Python/3.10.4-GCCcore-12.1.0/lib/python3.10/multiprocessing/process.py", line 108, in run
    self._target(*self._args, **self._kwargs)
  File "src/python/gem5/utils/multisim/multisim.py", line 176, in _run
  File "src/python/gem5/simulate/simulator.py", line 491, in override_outdir
  File "/software/kp920-RL8/Stages/2022a/software/Python/3.10.4-GCCcore-12.1.0/lib/python3.10/pathlib.py", line 1173, in mkdir
    self._accessor.mkdir(self, mode)
OSError: [Errno 122] Disk quota exceeded: 'results_stride_multisim/matmult_stride_deg4_dist32_l2_ddr4_1x'
gem5 Simulator System.  https://www.gem5.org
gem5 is copyrighted software; use the --copyright option for details.

gem5 version 25.0.0.1
gem5 compiled May  5 2026 12:55:05
gem5 started Jun 12 2026 22:30:29
gem5 executing on cn27.guoehi.cluster, pid 166692
command line: /home/fdemirel/HPC_Lab_Proj/stride/../../gem5/build/ALL/gem5.opt -s --outdir=results_stride_multisim --stdout-file=matmult_stride_deg4_dist32_l2_ddr4_1x_simout.txt --stderr-file=matmult_stride_deg4_dist32_l2_ddr4_1x_simerr.txt --stats-file=stats.txt -c 'from multiprocessing.spawn import spawn_main; spawn_main(tracker_fd=7, pipe_handle=15)' --multiprocessing-fork

Process spmv_stride_deg8_dist4_l1d_ddr4_2x:
Traceback (most recent call last):
  File "/software/kp920-RL8/Stages/2022a/software/Python/3.10.4-GCCcore-12.1.0/lib/python3.10/multiprocessing/process.py", line 315, in _bootstrap
    self.run()
  File "/software/kp920-RL8/Stages/2022a/software/Python/3.10.4-GCCcore-12.1.0/lib/python3.10/multiprocessing/process.py", line 108, in run
    self._target(*self._args, **self._kwargs)
  File "src/python/gem5/utils/multisim/multisim.py", line 176, in _run
  File "src/python/gem5/simulate/simulator.py", line 491, in override_outdir
  File "/software/kp920-RL8/Stages/2022a/software/Python/3.10.4-GCCcore-12.1.0/lib/python3.10/pathlib.py", line 1173, in mkdir
    self._accessor.mkdir(self, mode)
OSError: [Errno 122] Disk quota exceeded: 'results_stride_multisim/spmv_stride_deg8_dist4_l1d_ddr4_2x'
gem5 Simulator System.  https://www.gem5.org
gem5 is copyrighted software; use the --copyright option for details.

gem5 version 25.0.0.1
gem5 compiled May  5 2026 12:55:05
gem5 started Jun 12 2026 22:30:46
gem5 executing on cn27.guoehi.cluster, pid 166693
command line: /home/fdemirel/HPC_Lab_Proj/stride/../../gem5/build/ALL/gem5.opt -s --outdir=results_stride_multisim --stdout-file=spmv_stride_deg8_dist4_l1d_ddr4_2x_simout.txt --stderr-file=spmv_stride_deg8_dist4_l1d_ddr4_2x_simerr.txt --stats-file=stats.txt -c 'from multiprocessing.spawn import spawn_main; spawn_main(tracker_fd=7, pipe_handle=13)' --multiprocessing-fork

Process matmult_stride_deg32_dist16_l1d_ddr4_2x:
Traceback (most recent call last):
  File "/software/kp920-RL8/Stages/2022a/software/Python/3.10.4-GCCcore-12.1.0/lib/python3.10/multiprocessing/process.py", line 315, in _bootstrap
    self.run()
  File "/software/kp920-RL8/Stages/2022a/software/Python/3.10.4-GCCcore-12.1.0/lib/python3.10/multiprocessing/process.py", line 108, in run
    self._target(*self._args, **self._kwargs)
  File "src/python/gem5/utils/multisim/multisim.py", line 176, in _run
  File "src/python/gem5/simulate/simulator.py", line 491, in override_outdir
  File "/software/kp920-RL8/Stages/2022a/software/Python/3.10.4-GCCcore-12.1.0/lib/python3.10/pathlib.py", line 1173, in mkdir
    self._accessor.mkdir(self, mode)
OSError: [Errno 122] Disk quota exceeded: 'results_stride_multisim/matmult_stride_deg32_dist16_l1d_ddr4_2x'
gem5 Simulator System.  https://www.gem5.org
gem5 is copyrighted software; use the --copyright option for details.

gem5 version 25.0.0.1
gem5 compiled May  5 2026 12:55:05
gem5 started Jun 12 2026 22:30:47
gem5 executing on cn27.guoehi.cluster, pid 166694
command line: /home/fdemirel/HPC_Lab_Proj/stride/../../gem5/build/ALL/gem5.opt -s --outdir=results_stride_multisim --stdout-file=matmult_stride_deg32_dist16_l1d_ddr4_2x_simout.txt --stderr-file=matmult_stride_deg32_dist16_l1d_ddr4_2x_simerr.txt --stats-file=stats.txt -c 'from multiprocessing.spawn import spawn_main; spawn_main(tracker_fd=7, pipe_handle=12)' --multiprocessing-fork

Process bfs_stride_deg16_dist32_l2_ddr4_2x:
Traceback (most recent call last):
  File "/software/kp920-RL8/Stages/2022a/software/Python/3.10.4-GCCcore-12.1.0/lib/python3.10/multiprocessing/process.py", line 315, in _bootstrap
    self.run()
  File "/software/kp920-RL8/Stages/2022a/software/Python/3.10.4-GCCcore-12.1.0/lib/python3.10/multiprocessing/process.py", line 108, in run
    self._target(*self._args, **self._kwargs)
  File "src/python/gem5/utils/multisim/multisim.py", line 176, in _run
  File "src/python/gem5/simulate/simulator.py", line 491, in override_outdir
  File "/software/kp920-RL8/Stages/2022a/software/Python/3.10.4-GCCcore-12.1.0/lib/python3.10/pathlib.py", line 1173, in mkdir
    self._accessor.mkdir(self, mode)
OSError: [Errno 122] Disk quota exceeded: 'results_stride_multisim/bfs_stride_deg16_dist32_l2_ddr4_2x'
gem5 Simulator System.  https://www.gem5.org
gem5 is copyrighted software; use the --copyright option for details.

gem5 version 25.0.0.1
gem5 compiled May  5 2026 12:55:05
gem5 started Jun 12 2026 22:30:47
gem5 executing on cn27.guoehi.cluster, pid 166695
command line: /home/fdemirel/HPC_Lab_Proj/stride/../../gem5/build/ALL/gem5.opt -s --outdir=results_stride_multisim --stdout-file=bfs_stride_deg16_dist32_l2_ddr4_2x_simout.txt --stderr-file=bfs_stride_deg16_dist32_l2_ddr4_2x_simerr.txt --stats-file=stats.txt -c 'from multiprocessing.spawn import spawn_main; spawn_main(tracker_fd=7, pipe_handle=16)' --multiprocessing-fork

Process merge_stride_deg8_dist4_l2_ddr4_1x:
Traceback (most recent call last):
  File "/software/kp920-RL8/Stages/2022a/software/Python/3.10.4-GCCcore-12.1.0/lib/python3.10/multiprocessing/process.py", line 315, in _bootstrap
    self.run()
  File "/software/kp920-RL8/Stages/2022a/software/Python/3.10.4-GCCcore-12.1.0/lib/python3.10/multiprocessing/process.py", line 108, in run
    self._target(*self._args, **self._kwargs)
  File "src/python/gem5/utils/multisim/multisim.py", line 176, in _run
  File "src/python/gem5/simulate/simulator.py", line 491, in override_outdir
  File "/software/kp920-RL8/Stages/2022a/software/Python/3.10.4-GCCcore-12.1.0/lib/python3.10/pathlib.py", line 1173, in mkdir
    self._accessor.mkdir(self, mode)
OSError: [Errno 122] Disk quota exceeded: 'results_stride_multisim/merge_stride_deg8_dist4_l2_ddr4_1x'
gem5 Simulator System.  https://www.gem5.org
gem5 is copyrighted software; use the --copyright option for details.

gem5 version 25.0.0.1
gem5 compiled May  5 2026 12:55:05
gem5 started Jun 12 2026 22:31:04
gem5 executing on cn27.guoehi.cluster, pid 166697
command line: /home/fdemirel/HPC_Lab_Proj/stride/../../gem5/build/ALL/gem5.opt -s --outdir=results_stride_multisim --stdout-file=merge_stride_deg8_dist4_l2_ddr4_1x_simout.txt --stderr-file=merge_stride_deg8_dist4_l2_ddr4_1x_simerr.txt --stats-file=stats.txt -c 'from multiprocessing.spawn import spawn_main; spawn_main(tracker_fd=7, pipe_handle=15)' --multiprocessing-fork

Process bfs_stride_deg8_dist16_l2_ddr4_1x:
Traceback (most recent call last):
  File "/software/kp920-RL8/Stages/2022a/software/Python/3.10.4-GCCcore-12.1.0/lib/python3.10/multiprocessing/process.py", line 315, in _bootstrap
    self.run()
  File "/software/kp920-RL8/Stages/2022a/software/Python/3.10.4-GCCcore-12.1.0/lib/python3.10/multiprocessing/process.py", line 108, in run
    self._target(*self._args, **self._kwargs)
  File "src/python/gem5/utils/multisim/multisim.py", line 176, in _run
  File "src/python/gem5/simulate/simulator.py", line 491, in override_outdir
  File "/software/kp920-RL8/Stages/2022a/software/Python/3.10.4-GCCcore-12.1.0/lib/python3.10/pathlib.py", line 1173, in mkdir
    self._accessor.mkdir(self, mode)
OSError: [Errno 122] Disk quota exceeded: 'results_stride_multisim/bfs_stride_deg8_dist16_l2_ddr4_1x'
gem5 Simulator System.  https://www.gem5.org
gem5 is copyrighted software; use the --copyright option for details.

gem5 version 25.0.0.1
gem5 compiled May  5 2026 12:55:05
gem5 started Jun 12 2026 22:31:06
gem5 executing on cn27.guoehi.cluster, pid 166698
command line: /home/fdemirel/HPC_Lab_Proj/stride/../../gem5/build/ALL/gem5.opt -s --outdir=results_stride_multisim --stdout-file=bfs_stride_deg8_dist16_l2_ddr4_1x_simout.txt --stderr-file=bfs_stride_deg8_dist16_l2_ddr4_1x_simerr.txt --stats-file=stats.txt -c 'from multiprocessing.spawn import spawn_main; spawn_main(tracker_fd=7, pipe_handle=15)' --multiprocessing-fork

Process bfs_stride_deg1_dist1_l1d_ddr4_1x:
Traceback (most recent call last):
  File "/software/kp920-RL8/Stages/2022a/software/Python/3.10.4-GCCcore-12.1.0/lib/python3.10/multiprocessing/process.py", line 315, in _bootstrap
    self.run()
  File "/software/kp920-RL8/Stages/2022a/software/Python/3.10.4-GCCcore-12.1.0/lib/python3.10/multiprocessing/process.py", line 108, in run
    self._target(*self._args, **self._kwargs)
  File "src/python/gem5/utils/multisim/multisim.py", line 176, in _run
  File "src/python/gem5/simulate/simulator.py", line 491, in override_outdir
  File "/software/kp920-RL8/Stages/2022a/software/Python/3.10.4-GCCcore-12.1.0/lib/python3.10/pathlib.py", line 1173, in mkdir
    self._accessor.mkdir(self, mode)
OSError: [Errno 122] Disk quota exceeded: 'results_stride_multisim/bfs_stride_deg1_dist1_l1d_ddr4_1x'
gem5 Simulator System.  https://www.gem5.org
gem5 is copyrighted software; use the --copyright option for details.

gem5 version 25.0.0.1
gem5 compiled May  5 2026 12:55:05
gem5 started Jun 12 2026 22:31:07
gem5 executing on cn27.guoehi.cluster, pid 166699
command line: /home/fdemirel/HPC_Lab_Proj/stride/../../gem5/build/ALL/gem5.opt -s --outdir=results_stride_multisim --stdout-file=bfs_stride_deg1_dist1_l1d_ddr4_1x_simout.txt --stderr-file=bfs_stride_deg1_dist1_l1d_ddr4_1x_simerr.txt --stats-file=stats.txt -c 'from multiprocessing.spawn import spawn_main; spawn_main(tracker_fd=7, pipe_handle=13)' --multiprocessing-fork

Process quick_stride_deg8_dist8_l2_ddr4_2x:
Traceback (most recent call last):
  File "/software/kp920-RL8/Stages/2022a/software/Python/3.10.4-GCCcore-12.1.0/lib/python3.10/multiprocessing/process.py", line 315, in _bootstrap
    self.run()
  File "/software/kp920-RL8/Stages/2022a/software/Python/3.10.4-GCCcore-12.1.0/lib/python3.10/multiprocessing/process.py", line 108, in run
    self._target(*self._args, **self._kwargs)
  File "src/python/gem5/utils/multisim/multisim.py", line 176, in _run
  File "src/python/gem5/simulate/simulator.py", line 491, in override_outdir
  File "/software/kp920-RL8/Stages/2022a/software/Python/3.10.4-GCCcore-12.1.0/lib/python3.10/pathlib.py", line 1173, in mkdir
    self._accessor.mkdir(self, mode)
OSError: [Errno 122] Disk quota exceeded: 'results_stride_multisim/quick_stride_deg8_dist8_l2_ddr4_2x'
gem5 Simulator System.  https://www.gem5.org
gem5 is copyrighted software; use the --copyright option for details.

gem5 version 25.0.0.1
gem5 compiled May  5 2026 12:55:05
gem5 started Jun 12 2026 22:31:22
gem5 executing on cn27.guoehi.cluster, pid 166700
command line: /home/fdemirel/HPC_Lab_Proj/stride/../../gem5/build/ALL/gem5.opt -s --outdir=results_stride_multisim --stdout-file=quick_stride_deg8_dist8_l2_ddr4_2x_simout.txt --stderr-file=quick_stride_deg8_dist8_l2_ddr4_2x_simerr.txt --stats-file=stats.txt -c 'from multiprocessing.spawn import spawn_main; spawn_main(tracker_fd=7, pipe_handle=13)' --multiprocessing-fork

Process simple_triad_stride_deg8_dist1_l2_ddr4_2x:
Traceback (most recent call last):
  File "/software/kp920-RL8/Stages/2022a/software/Python/3.10.4-GCCcore-12.1.0/lib/python3.10/multiprocessing/process.py", line 315, in _bootstrap
    self.run()
  File "/software/kp920-RL8/Stages/2022a/software/Python/3.10.4-GCCcore-12.1.0/lib/python3.10/multiprocessing/process.py", line 108, in run
    self._target(*self._args, **self._kwargs)
  File "src/python/gem5/utils/multisim/multisim.py", line 176, in _run
  File "src/python/gem5/simulate/simulator.py", line 491, in override_outdir
  File "/software/kp920-RL8/Stages/2022a/software/Python/3.10.4-GCCcore-12.1.0/lib/python3.10/pathlib.py", line 1173, in mkdir
    self._accessor.mkdir(self, mode)
OSError: [Errno 122] Disk quota exceeded: 'results_stride_multisim/simple_triad_stride_deg8_dist1_l2_ddr4_2x'
gem5 Simulator System.  https://www.gem5.org
gem5 is copyrighted software; use the --copyright option for details.

gem5 version 25.0.0.1
gem5 compiled May  5 2026 12:55:05
gem5 started Jun 12 2026 22:31:24
gem5 executing on cn27.guoehi.cluster, pid 166701
command line: /home/fdemirel/HPC_Lab_Proj/stride/../../gem5/build/ALL/gem5.opt -s --outdir=results_stride_multisim --stdout-file=simple_triad_stride_deg8_dist1_l2_ddr4_2x_simout.txt --stderr-file=simple_triad_stride_deg8_dist1_l2_ddr4_2x_simerr.txt --stats-file=stats.txt -c 'from multiprocessing.spawn import spawn_main; spawn_main(tracker_fd=7, pipe_handle=13)' --multiprocessing-fork

Process bfs_stride_deg1_dist1_l2_ddr4_2x:
Traceback (most recent call last):
  File "/software/kp920-RL8/Stages/2022a/software/Python/3.10.4-GCCcore-12.1.0/lib/python3.10/multiprocessing/process.py", line 315, in _bootstrap
    self.run()
  File "/software/kp920-RL8/Stages/2022a/software/Python/3.10.4-GCCcore-12.1.0/lib/python3.10/multiprocessing/process.py", line 108, in run
    self._target(*self._args, **self._kwargs)
  File "src/python/gem5/utils/multisim/multisim.py", line 176, in _run
  File "src/python/gem5/simulate/simulator.py", line 491, in override_outdir
  File "/software/kp920-RL8/Stages/2022a/software/Python/3.10.4-GCCcore-12.1.0/lib/python3.10/pathlib.py", line 1173, in mkdir
    self._accessor.mkdir(self, mode)
OSError: [Errno 122] Disk quota exceeded: 'results_stride_multisim/bfs_stride_deg1_dist1_l2_ddr4_2x'
gem5 Simulator System.  https://www.gem5.org
gem5 is copyrighted software; use the --copyright option for details.

gem5 version 25.0.0.1
gem5 compiled May  5 2026 12:55:05
gem5 started Jun 12 2026 22:31:26
gem5 executing on cn27.guoehi.cluster, pid 166702
command line: /home/fdemirel/HPC_Lab_Proj/stride/../../gem5/build/ALL/gem5.opt -s --outdir=results_stride_multisim --stdout-file=bfs_stride_deg1_dist1_l2_ddr4_2x_simout.txt --stderr-file=bfs_stride_deg1_dist1_l2_ddr4_2x_simerr.txt --stats-file=stats.txt -c 'from multiprocessing.spawn import spawn_main; spawn_main(tracker_fd=7, pipe_handle=13)' --multiprocessing-fork

Process quick_stride_deg32_dist32_l1d_ddr4_1x:
Traceback (most recent call last):
  File "/software/kp920-RL8/Stages/2022a/software/Python/3.10.4-GCCcore-12.1.0/lib/python3.10/multiprocessing/process.py", line 315, in _bootstrap
    self.run()
  File "/software/kp920-RL8/Stages/2022a/software/Python/3.10.4-GCCcore-12.1.0/lib/python3.10/multiprocessing/process.py", line 108, in run
    self._target(*self._args, **self._kwargs)
  File "src/python/gem5/utils/multisim/multisim.py", line 176, in _run
  File "src/python/gem5/simulate/simulator.py", line 491, in override_outdir
  File "/software/kp920-RL8/Stages/2022a/software/Python/3.10.4-GCCcore-12.1.0/lib/python3.10/pathlib.py", line 1173, in mkdir
    self._accessor.mkdir(self, mode)
OSError: [Errno 122] Disk quota exceeded: 'results_stride_multisim/quick_stride_deg32_dist32_l1d_ddr4_1x'
gem5 Simulator System.  https://www.gem5.org
gem5 is copyrighted software; use the --copyright option for details.

gem5 version 25.0.0.1
gem5 compiled May  5 2026 12:55:05
gem5 started Jun 12 2026 22:31:40
gem5 executing on cn27.guoehi.cluster, pid 166703
command line: /home/fdemirel/HPC_Lab_Proj/stride/../../gem5/build/ALL/gem5.opt -s --outdir=results_stride_multisim --stdout-file=quick_stride_deg32_dist32_l1d_ddr4_1x_simout.txt --stderr-file=quick_stride_deg32_dist32_l1d_ddr4_1x_simerr.txt --stats-file=stats.txt -c 'from multiprocessing.spawn import spawn_main; spawn_main(tracker_fd=7, pipe_handle=13)' --multiprocessing-fork

Process merge_stride_deg4_dist1_l1d_ddr4_2x:
Traceback (most recent call last):
  File "/software/kp920-RL8/Stages/2022a/software/Python/3.10.4-GCCcore-12.1.0/lib/python3.10/multiprocessing/process.py", line 315, in _bootstrap
    self.run()
  File "/software/kp920-RL8/Stages/2022a/software/Python/3.10.4-GCCcore-12.1.0/lib/python3.10/multiprocessing/process.py", line 108, in run
    self._target(*self._args, **self._kwargs)
  File "src/python/gem5/utils/multisim/multisim.py", line 176, in _run
  File "src/python/gem5/simulate/simulator.py", line 491, in override_outdir
  File "/software/kp920-RL8/Stages/2022a/software/Python/3.10.4-GCCcore-12.1.0/lib/python3.10/pathlib.py", line 1173, in mkdir
    self._accessor.mkdir(self, mode)
OSError: [Errno 122] Disk quota exceeded: 'results_stride_multisim/merge_stride_deg4_dist1_l1d_ddr4_2x'
gem5 Simulator System.  https://www.gem5.org
gem5 is copyrighted software; use the --copyright option for details.

gem5 version 25.0.0.1
gem5 compiled May  5 2026 12:55:05
gem5 started Jun 12 2026 22:31:43
gem5 executing on cn27.guoehi.cluster, pid 166704
command line: /home/fdemirel/HPC_Lab_Proj/stride/../../gem5/build/ALL/gem5.opt -s --outdir=results_stride_multisim --stdout-file=merge_stride_deg4_dist1_l1d_ddr4_2x_simout.txt --stderr-file=merge_stride_deg4_dist1_l1d_ddr4_2x_simerr.txt --stats-file=stats.txt -c 'from multiprocessing.spawn import spawn_main; spawn_main(tracker_fd=7, pipe_handle=13)' --multiprocessing-fork

Process matmult_stride_deg32_dist16_l2_ddr4_2x:
Traceback (most recent call last):
  File "/software/kp920-RL8/Stages/2022a/software/Python/3.10.4-GCCcore-12.1.0/lib/python3.10/multiprocessing/process.py", line 315, in _bootstrap
    self.run()
  File "/software/kp920-RL8/Stages/2022a/software/Python/3.10.4-GCCcore-12.1.0/lib/python3.10/multiprocessing/process.py", line 108, in run
    self._target(*self._args, **self._kwargs)
  File "src/python/gem5/utils/multisim/multisim.py", line 176, in _run
  File "src/python/gem5/simulate/simulator.py", line 491, in override_outdir
  File "/software/kp920-RL8/Stages/2022a/software/Python/3.10.4-GCCcore-12.1.0/lib/python3.10/pathlib.py", line 1173, in mkdir
    self._accessor.mkdir(self, mode)
OSError: [Errno 122] Disk quota exceeded: 'results_stride_multisim/matmult_stride_deg32_dist16_l2_ddr4_2x'
gem5 Simulator System.  https://www.gem5.org
gem5 is copyrighted software; use the --copyright option for details.

gem5 version 25.0.0.1
gem5 compiled May  5 2026 12:55:05
gem5 started Jun 12 2026 22:31:45
gem5 executing on cn27.guoehi.cluster, pid 166705
command line: /home/fdemirel/HPC_Lab_Proj/stride/../../gem5/build/ALL/gem5.opt -s --outdir=results_stride_multisim --stdout-file=matmult_stride_deg32_dist16_l2_ddr4_2x_simout.txt --stderr-file=matmult_stride_deg32_dist16_l2_ddr4_2x_simerr.txt --stats-file=stats.txt -c 'from multiprocessing.spawn import spawn_main; spawn_main(tracker_fd=7, pipe_handle=13)' --multiprocessing-fork

Process bfs_stride_deg4_dist4_l1d_ddr4_2x:
Traceback (most recent call last):
  File "/software/kp920-RL8/Stages/2022a/software/Python/3.10.4-GCCcore-12.1.0/lib/python3.10/multiprocessing/process.py", line 315, in _bootstrap
    self.run()
  File "/software/kp920-RL8/Stages/2022a/software/Python/3.10.4-GCCcore-12.1.0/lib/python3.10/multiprocessing/process.py", line 108, in run
    self._target(*self._args, **self._kwargs)
  File "src/python/gem5/utils/multisim/multisim.py", line 176, in _run
  File "src/python/gem5/simulate/simulator.py", line 491, in override_outdir
  File "/software/kp920-RL8/Stages/2022a/software/Python/3.10.4-GCCcore-12.1.0/lib/python3.10/pathlib.py", line 1173, in mkdir
    self._accessor.mkdir(self, mode)
OSError: [Errno 122] Disk quota exceeded: 'results_stride_multisim/bfs_stride_deg4_dist4_l1d_ddr4_2x'
gem5 Simulator System.  https://www.gem5.org
gem5 is copyrighted software; use the --copyright option for details.

gem5 version 25.0.0.1
gem5 compiled May  5 2026 12:55:05
gem5 started Jun 12 2026 22:31:58
gem5 executing on cn27.guoehi.cluster, pid 166708
command line: /home/fdemirel/HPC_Lab_Proj/stride/../../gem5/build/ALL/gem5.opt -s --outdir=results_stride_multisim --stdout-file=bfs_stride_deg4_dist4_l1d_ddr4_2x_simout.txt --stderr-file=bfs_stride_deg4_dist4_l1d_ddr4_2x_simerr.txt --stats-file=stats.txt -c 'from multiprocessing.spawn import spawn_main; spawn_main(tracker_fd=7, pipe_handle=13)' --multiprocessing-fork

Process simple_triad_stride_deg16_dist4_l1d_ddr4_2x:
Traceback (most recent call last):
  File "/software/kp920-RL8/Stages/2022a/software/Python/3.10.4-GCCcore-12.1.0/lib/python3.10/multiprocessing/process.py", line 315, in _bootstrap
    self.run()
  File "/software/kp920-RL8/Stages/2022a/software/Python/3.10.4-GCCcore-12.1.0/lib/python3.10/multiprocessing/process.py", line 108, in run
    self._target(*self._args, **self._kwargs)
  File "src/python/gem5/utils/multisim/multisim.py", line 176, in _run
  File "src/python/gem5/simulate/simulator.py", line 491, in override_outdir
  File "/software/kp920-RL8/Stages/2022a/software/Python/3.10.4-GCCcore-12.1.0/lib/python3.10/pathlib.py", line 1173, in mkdir
    self._accessor.mkdir(self, mode)
OSError: [Errno 122] Disk quota exceeded: 'results_stride_multisim/simple_triad_stride_deg16_dist4_l1d_ddr4_2x'
gem5 Simulator System.  https://www.gem5.org
gem5 is copyrighted software; use the --copyright option for details.

gem5 version 25.0.0.1
gem5 compiled May  5 2026 12:55:05
gem5 started Jun 12 2026 22:32:02
gem5 executing on cn27.guoehi.cluster, pid 166709
command line: /home/fdemirel/HPC_Lab_Proj/stride/../../gem5/build/ALL/gem5.opt -s --outdir=results_stride_multisim --stdout-file=simple_triad_stride_deg16_dist4_l1d_ddr4_2x_simout.txt --stderr-file=simple_triad_stride_deg16_dist4_l1d_ddr4_2x_simerr.txt --stats-file=stats.txt -c 'from multiprocessing.spawn import spawn_main; spawn_main(tracker_fd=7, pipe_handle=13)' --multiprocessing-fork

Process quick_stride_deg32_dist32_l2_ddr4_1x:
Traceback (most recent call last):
  File "/software/kp920-RL8/Stages/2022a/software/Python/3.10.4-GCCcore-12.1.0/lib/python3.10/multiprocessing/process.py", line 315, in _bootstrap
    self.run()
  File "/software/kp920-RL8/Stages/2022a/software/Python/3.10.4-GCCcore-12.1.0/lib/python3.10/multiprocessing/process.py", line 108, in run
    self._target(*self._args, **self._kwargs)
  File "src/python/gem5/utils/multisim/multisim.py", line 176, in _run
  File "src/python/gem5/simulate/simulator.py", line 491, in override_outdir
  File "/software/kp920-RL8/Stages/2022a/software/Python/3.10.4-GCCcore-12.1.0/lib/python3.10/pathlib.py", line 1173, in mkdir
    self._accessor.mkdir(self, mode)
OSError: [Errno 122] Disk quota exceeded: 'results_stride_multisim/quick_stride_deg32_dist32_l2_ddr4_1x'
gem5 Simulator System.  https://www.gem5.org
gem5 is copyrighted software; use the --copyright option for details.

gem5 version 25.0.0.1
gem5 compiled May  5 2026 12:55:05
gem5 started Jun 12 2026 22:32:04
gem5 executing on cn27.guoehi.cluster, pid 166710
command line: /home/fdemirel/HPC_Lab_Proj/stride/../../gem5/build/ALL/gem5.opt -s --outdir=results_stride_multisim --stdout-file=quick_stride_deg32_dist32_l2_ddr4_1x_simout.txt --stderr-file=quick_stride_deg32_dist32_l2_ddr4_1x_simerr.txt --stats-file=stats.txt -c 'from multiprocessing.spawn import spawn_main; spawn_main(tracker_fd=7, pipe_handle=13)' --multiprocessing-fork

Process merge_stride_deg32_dist32_l2_ddr4_2x:
Traceback (most recent call last):
  File "/software/kp920-RL8/Stages/2022a/software/Python/3.10.4-GCCcore-12.1.0/lib/python3.10/multiprocessing/process.py", line 315, in _bootstrap
    self.run()
  File "/software/kp920-RL8/Stages/2022a/software/Python/3.10.4-GCCcore-12.1.0/lib/python3.10/multiprocessing/process.py", line 108, in run
    self._target(*self._args, **self._kwargs)
  File "src/python/gem5/utils/multisim/multisim.py", line 176, in _run
  File "src/python/gem5/simulate/simulator.py", line 491, in override_outdir
  File "/software/kp920-RL8/Stages/2022a/software/Python/3.10.4-GCCcore-12.1.0/lib/python3.10/pathlib.py", line 1173, in mkdir
    self._accessor.mkdir(self, mode)
OSError: [Errno 122] Disk quota exceeded: 'results_stride_multisim/merge_stride_deg32_dist32_l2_ddr4_2x'
gem5 Simulator System.  https://www.gem5.org
gem5 is copyrighted software; use the --copyright option for details.

gem5 version 25.0.0.1
gem5 compiled May  5 2026 12:55:05
gem5 started Jun 12 2026 22:32:17
gem5 executing on cn27.guoehi.cluster, pid 166711
command line: /home/fdemirel/HPC_Lab_Proj/stride/../../gem5/build/ALL/gem5.opt -s --outdir=results_stride_multisim --stdout-file=merge_stride_deg32_dist32_l2_ddr4_2x_simout.txt --stderr-file=merge_stride_deg32_dist32_l2_ddr4_2x_simerr.txt --stats-file=stats.txt -c 'from multiprocessing.spawn import spawn_main; spawn_main(tracker_fd=7, pipe_handle=13)' --multiprocessing-fork

Process merge_stride_deg32_dist16_l1d_ddr4_1x:
Traceback (most recent call last):
  File "/software/kp920-RL8/Stages/2022a/software/Python/3.10.4-GCCcore-12.1.0/lib/python3.10/multiprocessing/process.py", line 315, in _bootstrap
    self.run()
  File "/software/kp920-RL8/Stages/2022a/software/Python/3.10.4-GCCcore-12.1.0/lib/python3.10/multiprocessing/process.py", line 108, in run
    self._target(*self._args, **self._kwargs)
  File "src/python/gem5/utils/multisim/multisim.py", line 176, in _run
  File "src/python/gem5/simulate/simulator.py", line 491, in override_outdir
  File "/software/kp920-RL8/Stages/2022a/software/Python/3.10.4-GCCcore-12.1.0/lib/python3.10/pathlib.py", line 1173, in mkdir
    self._accessor.mkdir(self, mode)
OSError: [Errno 122] Disk quota exceeded: 'results_stride_multisim/merge_stride_deg32_dist16_l1d_ddr4_1x'
gem5 Simulator System.  https://www.gem5.org
gem5 is copyrighted software; use the --copyright option for details.

gem5 version 25.0.0.1
gem5 compiled May  5 2026 12:55:05
gem5 started Jun 12 2026 22:32:21
gem5 executing on cn27.guoehi.cluster, pid 166712
command line: /home/fdemirel/HPC_Lab_Proj/stride/../../gem5/build/ALL/gem5.opt -s --outdir=results_stride_multisim --stdout-file=merge_stride_deg32_dist16_l1d_ddr4_1x_simout.txt --stderr-file=merge_stride_deg32_dist16_l1d_ddr4_1x_simerr.txt --stats-file=stats.txt -c 'from multiprocessing.spawn import spawn_main; spawn_main(tracker_fd=7, pipe_handle=13)' --multiprocessing-fork

Process merge_stride_deg32_dist16_l2_ddr4_1x:
Traceback (most recent call last):
  File "/software/kp920-RL8/Stages/2022a/software/Python/3.10.4-GCCcore-12.1.0/lib/python3.10/multiprocessing/process.py", line 315, in _bootstrap
    self.run()
  File "/software/kp920-RL8/Stages/2022a/software/Python/3.10.4-GCCcore-12.1.0/lib/python3.10/multiprocessing/process.py", line 108, in run
    self._target(*self._args, **self._kwargs)
  File "src/python/gem5/utils/multisim/multisim.py", line 176, in _run
  File "src/python/gem5/simulate/simulator.py", line 491, in override_outdir
  File "/software/kp920-RL8/Stages/2022a/software/Python/3.10.4-GCCcore-12.1.0/lib/python3.10/pathlib.py", line 1173, in mkdir
    self._accessor.mkdir(self, mode)
OSError: [Errno 122] Disk quota exceeded: 'results_stride_multisim/merge_stride_deg32_dist16_l2_ddr4_1x'
gem5 Simulator System.  https://www.gem5.org
gem5 is copyrighted software; use the --copyright option for details.

gem5 version 25.0.0.1
gem5 compiled May  5 2026 12:55:05
gem5 started Jun 12 2026 22:32:22
gem5 executing on cn27.guoehi.cluster, pid 166713
command line: /home/fdemirel/HPC_Lab_Proj/stride/../../gem5/build/ALL/gem5.opt -s --outdir=results_stride_multisim --stdout-file=merge_stride_deg32_dist16_l2_ddr4_1x_simout.txt --stderr-file=merge_stride_deg32_dist16_l2_ddr4_1x_simerr.txt --stats-file=stats.txt -c 'from multiprocessing.spawn import spawn_main; spawn_main(tracker_fd=7, pipe_handle=13)' --multiprocessing-fork

Process spmv_stride_deg32_dist8_l2_ddr4_1x:
Traceback (most recent call last):
  File "/software/kp920-RL8/Stages/2022a/software/Python/3.10.4-GCCcore-12.1.0/lib/python3.10/multiprocessing/process.py", line 315, in _bootstrap
    self.run()
  File "/software/kp920-RL8/Stages/2022a/software/Python/3.10.4-GCCcore-12.1.0/lib/python3.10/multiprocessing/process.py", line 108, in run
    self._target(*self._args, **self._kwargs)
  File "src/python/gem5/utils/multisim/multisim.py", line 176, in _run
  File "src/python/gem5/simulate/simulator.py", line 491, in override_outdir
  File "/software/kp920-RL8/Stages/2022a/software/Python/3.10.4-GCCcore-12.1.0/lib/python3.10/pathlib.py", line 1173, in mkdir
    self._accessor.mkdir(self, mode)
OSError: [Errno 122] Disk quota exceeded: 'results_stride_multisim/spmv_stride_deg32_dist8_l2_ddr4_1x'
gem5 Simulator System.  https://www.gem5.org
gem5 is copyrighted software; use the --copyright option for details.

gem5 version 25.0.0.1
gem5 compiled May  5 2026 12:55:05
gem5 started Jun 12 2026 22:32:35
gem5 executing on cn27.guoehi.cluster, pid 166714
command line: /home/fdemirel/HPC_Lab_Proj/stride/../../gem5/build/ALL/gem5.opt -s --outdir=results_stride_multisim --stdout-file=spmv_stride_deg32_dist8_l2_ddr4_1x_simout.txt --stderr-file=spmv_stride_deg32_dist8_l2_ddr4_1x_simerr.txt --stats-file=stats.txt -c 'from multiprocessing.spawn import spawn_main; spawn_main(tracker_fd=7, pipe_handle=13)' --multiprocessing-fork

Process quick_stride_deg8_dist4_l1d_ddr4_1x:
Traceback (most recent call last):
  File "/software/kp920-RL8/Stages/2022a/software/Python/3.10.4-GCCcore-12.1.0/lib/python3.10/multiprocessing/process.py", line 315, in _bootstrap
    self.run()
  File "/software/kp920-RL8/Stages/2022a/software/Python/3.10.4-GCCcore-12.1.0/lib/python3.10/multiprocessing/process.py", line 108, in run
    self._target(*self._args, **self._kwargs)
  File "src/python/gem5/utils/multisim/multisim.py", line 176, in _run
  File "src/python/gem5/simulate/simulator.py", line 491, in override_outdir
  File "/software/kp920-RL8/Stages/2022a/software/Python/3.10.4-GCCcore-12.1.0/lib/python3.10/pathlib.py", line 1173, in mkdir
    self._accessor.mkdir(self, mode)
OSError: [Errno 122] Disk quota exceeded: 'results_stride_multisim/quick_stride_deg8_dist4_l1d_ddr4_1x'
gem5 Simulator System.  https://www.gem5.org
gem5 is copyrighted software; use the --copyright option for details.

gem5 version 25.0.0.1
gem5 compiled May  5 2026 12:55:05
gem5 started Jun 12 2026 22:32:39
gem5 executing on cn27.guoehi.cluster, pid 166715
command line: /home/fdemirel/HPC_Lab_Proj/stride/../../gem5/build/ALL/gem5.opt -s --outdir=results_stride_multisim --stdout-file=quick_stride_deg8_dist4_l1d_ddr4_1x_simout.txt --stderr-file=quick_stride_deg8_dist4_l1d_ddr4_1x_simerr.txt --stats-file=stats.txt -c 'from multiprocessing.spawn import spawn_main; spawn_main(tracker_fd=7, pipe_handle=13)' --multiprocessing-fork

Process simple_triad_stride_deg4_dist8_l1d_ddr4_1x:
Traceback (most recent call last):
  File "/software/kp920-RL8/Stages/2022a/software/Python/3.10.4-GCCcore-12.1.0/lib/python3.10/multiprocessing/process.py", line 315, in _bootstrap
    self.run()
  File "/software/kp920-RL8/Stages/2022a/software/Python/3.10.4-GCCcore-12.1.0/lib/python3.10/multiprocessing/process.py", line 108, in run
    self._target(*self._args, **self._kwargs)
  File "src/python/gem5/utils/multisim/multisim.py", line 176, in _run
  File "src/python/gem5/simulate/simulator.py", line 491, in override_outdir
  File "/software/kp920-RL8/Stages/2022a/software/Python/3.10.4-GCCcore-12.1.0/lib/python3.10/pathlib.py", line 1173, in mkdir
    self._accessor.mkdir(self, mode)
OSError: [Errno 122] Disk quota exceeded: 'results_stride_multisim/simple_triad_stride_deg4_dist8_l1d_ddr4_1x'
gem5 Simulator System.  https://www.gem5.org
gem5 is copyrighted software; use the --copyright option for details.

gem5 version 25.0.0.1
gem5 compiled May  5 2026 12:55:05
gem5 started Jun 12 2026 22:32:41
gem5 executing on cn27.guoehi.cluster, pid 166716
command line: /home/fdemirel/HPC_Lab_Proj/stride/../../gem5/build/ALL/gem5.opt -s --outdir=results_stride_multisim --stdout-file=simple_triad_stride_deg4_dist8_l1d_ddr4_1x_simout.txt --stderr-file=simple_triad_stride_deg4_dist8_l1d_ddr4_1x_simerr.txt --stats-file=stats.txt -c 'from multiprocessing.spawn import spawn_main; spawn_main(tracker_fd=7, pipe_handle=13)' --multiprocessing-fork

Process spmv_stride_deg4_dist32_l1d_ddr4_1x:
Traceback (most recent call last):
  File "/software/kp920-RL8/Stages/2022a/software/Python/3.10.4-GCCcore-12.1.0/lib/python3.10/multiprocessing/process.py", line 315, in _bootstrap
    self.run()
  File "/software/kp920-RL8/Stages/2022a/software/Python/3.10.4-GCCcore-12.1.0/lib/python3.10/multiprocessing/process.py", line 108, in run
    self._target(*self._args, **self._kwargs)
  File "src/python/gem5/utils/multisim/multisim.py", line 176, in _run
  File "src/python/gem5/simulate/simulator.py", line 491, in override_outdir
  File "/software/kp920-RL8/Stages/2022a/software/Python/3.10.4-GCCcore-12.1.0/lib/python3.10/pathlib.py", line 1173, in mkdir
    self._accessor.mkdir(self, mode)
OSError: [Errno 122] Disk quota exceeded: 'results_stride_multisim/spmv_stride_deg4_dist32_l1d_ddr4_1x'
gem5 Simulator System.  https://www.gem5.org
gem5 is copyrighted software; use the --copyright option for details.

gem5 version 25.0.0.1
gem5 compiled May  5 2026 12:55:05
gem5 started Jun 12 2026 22:32:53
gem5 executing on cn27.guoehi.cluster, pid 166718
command line: /home/fdemirel/HPC_Lab_Proj/stride/../../gem5/build/ALL/gem5.opt -s --outdir=results_stride_multisim --stdout-file=spmv_stride_deg4_dist32_l1d_ddr4_1x_simout.txt --stderr-file=spmv_stride_deg4_dist32_l1d_ddr4_1x_simerr.txt --stats-file=stats.txt -c 'from multiprocessing.spawn import spawn_main; spawn_main(tracker_fd=7, pipe_handle=13)' --multiprocessing-fork

Process matmult_stride_deg4_dist16_l1d_ddr4_1x:
Traceback (most recent call last):
  File "/software/kp920-RL8/Stages/2022a/software/Python/3.10.4-GCCcore-12.1.0/lib/python3.10/multiprocessing/process.py", line 315, in _bootstrap
    self.run()
  File "/software/kp920-RL8/Stages/2022a/software/Python/3.10.4-GCCcore-12.1.0/lib/python3.10/multiprocessing/process.py", line 108, in run
    self._target(*self._args, **self._kwargs)
  File "src/python/gem5/utils/multisim/multisim.py", line 176, in _run
  File "src/python/gem5/simulate/simulator.py", line 491, in override_outdir
  File "/software/kp920-RL8/Stages/2022a/software/Python/3.10.4-GCCcore-12.1.0/lib/python3.10/pathlib.py", line 1173, in mkdir
    self._accessor.mkdir(self, mode)
OSError: [Errno 122] Disk quota exceeded: 'results_stride_multisim/matmult_stride_deg4_dist16_l1d_ddr4_1x'
gem5 Simulator System.  https://www.gem5.org
gem5 is copyrighted software; use the --copyright option for details.

gem5 version 25.0.0.1
gem5 compiled May  5 2026 12:55:05
gem5 started Jun 12 2026 22:32:59
gem5 executing on cn27.guoehi.cluster, pid 166719
command line: /home/fdemirel/HPC_Lab_Proj/stride/../../gem5/build/ALL/gem5.opt -s --outdir=results_stride_multisim --stdout-file=matmult_stride_deg4_dist16_l1d_ddr4_1x_simout.txt --stderr-file=matmult_stride_deg4_dist16_l1d_ddr4_1x_simerr.txt --stats-file=stats.txt -c 'from multiprocessing.spawn import spawn_main; spawn_main(tracker_fd=7, pipe_handle=13)' --multiprocessing-fork

Process quick_stride_deg16_dist16_l2_ddr4_2x:
Traceback (most recent call last):
  File "/software/kp920-RL8/Stages/2022a/software/Python/3.10.4-GCCcore-12.1.0/lib/python3.10/multiprocessing/process.py", line 315, in _bootstrap
    self.run()
  File "/software/kp920-RL8/Stages/2022a/software/Python/3.10.4-GCCcore-12.1.0/lib/python3.10/multiprocessing/process.py", line 108, in run
    self._target(*self._args, **self._kwargs)
  File "src/python/gem5/utils/multisim/multisim.py", line 176, in _run
  File "src/python/gem5/simulate/simulator.py", line 491, in override_outdir
  File "/software/kp920-RL8/Stages/2022a/software/Python/3.10.4-GCCcore-12.1.0/lib/python3.10/pathlib.py", line 1173, in mkdir
    self._accessor.mkdir(self, mode)
OSError: [Errno 122] Disk quota exceeded: 'results_stride_multisim/quick_stride_deg16_dist16_l2_ddr4_2x'
gem5 Simulator System.  https://www.gem5.org
gem5 is copyrighted software; use the --copyright option for details.

gem5 version 25.0.0.1
gem5 compiled May  5 2026 12:55:05
gem5 started Jun 12 2026 22:33:00
gem5 executing on cn27.guoehi.cluster, pid 166720
command line: /home/fdemirel/HPC_Lab_Proj/stride/../../gem5/build/ALL/gem5.opt -s --outdir=results_stride_multisim --stdout-file=quick_stride_deg16_dist16_l2_ddr4_2x_simout.txt --stderr-file=quick_stride_deg16_dist16_l2_ddr4_2x_simerr.txt --stats-file=stats.txt -c 'from multiprocessing.spawn import spawn_main; spawn_main(tracker_fd=7, pipe_handle=13)' --multiprocessing-fork

Finished BFS.
Process simple_triad_stride_deg16_dist4_l2_ddr4_2x:
Traceback (most recent call last):
  File "/software/kp920-RL8/Stages/2022a/software/Python/3.10.4-GCCcore-12.1.0/lib/python3.10/multiprocessing/process.py", line 315, in _bootstrap
    self.run()
  File "/software/kp920-RL8/Stages/2022a/software/Python/3.10.4-GCCcore-12.1.0/lib/python3.10/multiprocessing/process.py", line 108, in run
    self._target(*self._args, **self._kwargs)
  File "src/python/gem5/utils/multisim/multisim.py", line 176, in _run
  File "src/python/gem5/simulate/simulator.py", line 491, in override_outdir
  File "/software/kp920-RL8/Stages/2022a/software/Python/3.10.4-GCCcore-12.1.0/lib/python3.10/pathlib.py", line 1173, in mkdir
    self._accessor.mkdir(self, mode)
OSError: [Errno 122] Disk quota exceeded: 'results_stride_multisim/simple_triad_stride_deg16_dist4_l2_ddr4_2x'
gem5 Simulator System.  https://www.gem5.org
gem5 is copyrighted software; use the --copyright option for details.

gem5 version 25.0.0.1
gem5 compiled May  5 2026 12:55:05
gem5 started Jun 12 2026 22:33:11
gem5 executing on cn27.guoehi.cluster, pid 166721
command line: /home/fdemirel/HPC_Lab_Proj/stride/../../gem5/build/ALL/gem5.opt -s --outdir=results_stride_multisim --stdout-file=simple_triad_stride_deg16_dist4_l2_ddr4_2x_simout.txt --stderr-file=simple_triad_stride_deg16_dist4_l2_ddr4_2x_simerr.txt --stats-file=stats.txt -c 'from multiprocessing.spawn import spawn_main; spawn_main(tracker_fd=7, pipe_handle=13)' --multiprocessing-fork

Process bfs_stride_deg4_dist4_l2_ddr4_2x:
Traceback (most recent call last):
  File "/software/kp920-RL8/Stages/2022a/software/Python/3.10.4-GCCcore-12.1.0/lib/python3.10/multiprocessing/process.py", line 315, in _bootstrap
    self.run()
  File "/software/kp920-RL8/Stages/2022a/software/Python/3.10.4-GCCcore-12.1.0/lib/python3.10/multiprocessing/process.py", line 108, in run
    self._target(*self._args, **self._kwargs)
  File "src/python/gem5/utils/multisim/multisim.py", line 176, in _run
  File "src/python/gem5/simulate/simulator.py", line 491, in override_outdir
  File "/software/kp920-RL8/Stages/2022a/software/Python/3.10.4-GCCcore-12.1.0/lib/python3.10/pathlib.py", line 1173, in mkdir
    self._accessor.mkdir(self, mode)
OSError: [Errno 122] Disk quota exceeded: 'results_stride_multisim/bfs_stride_deg4_dist4_l2_ddr4_2x'
gem5 Simulator System.  https://www.gem5.org
gem5 is copyrighted software; use the --copyright option for details.

gem5 version 25.0.0.1
gem5 compiled May  5 2026 12:55:05
gem5 started Jun 12 2026 22:33:19
gem5 executing on cn27.guoehi.cluster, pid 166722
command line: /home/fdemirel/HPC_Lab_Proj/stride/../../gem5/build/ALL/gem5.opt -s --outdir=results_stride_multisim --stdout-file=bfs_stride_deg4_dist4_l2_ddr4_2x_simout.txt --stderr-file=bfs_stride_deg4_dist4_l2_ddr4_2x_simerr.txt --stats-file=stats.txt -c 'from multiprocessing.spawn import spawn_main; spawn_main(tracker_fd=7, pipe_handle=12)' --multiprocessing-fork

Process quick_stride_deg8_dist4_l2_ddr4_1x:
Traceback (most recent call last):
  File "/software/kp920-RL8/Stages/2022a/software/Python/3.10.4-GCCcore-12.1.0/lib/python3.10/multiprocessing/process.py", line 315, in _bootstrap
    self.run()
  File "/software/kp920-RL8/Stages/2022a/software/Python/3.10.4-GCCcore-12.1.0/lib/python3.10/multiprocessing/process.py", line 108, in run
    self._target(*self._args, **self._kwargs)
  File "src/python/gem5/utils/multisim/multisim.py", line 176, in _run
  File "src/python/gem5/simulate/simulator.py", line 491, in override_outdir
  File "/software/kp920-RL8/Stages/2022a/software/Python/3.10.4-GCCcore-12.1.0/lib/python3.10/pathlib.py", line 1173, in mkdir
    self._accessor.mkdir(self, mode)
OSError: [Errno 122] Disk quota exceeded: 'results_stride_multisim/quick_stride_deg8_dist4_l2_ddr4_1x'
gem5 Simulator System.  https://www.gem5.org
gem5 is copyrighted software; use the --copyright option for details.

gem5 version 25.0.0.1
gem5 compiled May  5 2026 12:55:05
gem5 started Jun 12 2026 22:33:19
gem5 executing on cn27.guoehi.cluster, pid 166723
command line: /home/fdemirel/HPC_Lab_Proj/stride/../../gem5/build/ALL/gem5.opt -s --outdir=results_stride_multisim --stdout-file=quick_stride_deg8_dist4_l2_ddr4_1x_simout.txt --stderr-file=quick_stride_deg8_dist4_l2_ddr4_1x_simerr.txt --stats-file=stats.txt -c 'from multiprocessing.spawn import spawn_main; spawn_main(tracker_fd=7, pipe_handle=15)' --multiprocessing-fork

Process merge_stride_deg8_dist1_l1d_ddr4_1x:
Traceback (most recent call last):
  File "/software/kp920-RL8/Stages/2022a/software/Python/3.10.4-GCCcore-12.1.0/lib/python3.10/multiprocessing/process.py", line 315, in _bootstrap
    self.run()
  File "/software/kp920-RL8/Stages/2022a/software/Python/3.10.4-GCCcore-12.1.0/lib/python3.10/multiprocessing/process.py", line 108, in run
    self._target(*self._args, **self._kwargs)
  File "src/python/gem5/utils/multisim/multisim.py", line 176, in _run
  File "src/python/gem5/simulate/simulator.py", line 491, in override_outdir
  File "/software/kp920-RL8/Stages/2022a/software/Python/3.10.4-GCCcore-12.1.0/lib/python3.10/pathlib.py", line 1173, in mkdir
    self._accessor.mkdir(self, mode)
OSError: [Errno 122] Disk quota exceeded: 'results_stride_multisim/merge_stride_deg8_dist1_l1d_ddr4_1x'
gem5 Simulator System.  https://www.gem5.org
gem5 is copyrighted software; use the --copyright option for details.

gem5 version 25.0.0.1
gem5 compiled May  5 2026 12:55:05
gem5 started Jun 12 2026 22:33:28
gem5 executing on cn27.guoehi.cluster, pid 166724
command line: /home/fdemirel/HPC_Lab_Proj/stride/../../gem5/build/ALL/gem5.opt -s --outdir=results_stride_multisim --stdout-file=merge_stride_deg8_dist1_l1d_ddr4_1x_simout.txt --stderr-file=merge_stride_deg8_dist1_l1d_ddr4_1x_simerr.txt --stats-file=stats.txt -c 'from multiprocessing.spawn import spawn_main; spawn_main(tracker_fd=7, pipe_handle=14)' --multiprocessing-fork

Process spmv_stride_deg4_dist32_l2_ddr4_1x:
Traceback (most recent call last):
  File "/software/kp920-RL8/Stages/2022a/software/Python/3.10.4-GCCcore-12.1.0/lib/python3.10/multiprocessing/process.py", line 315, in _bootstrap
    self.run()
  File "/software/kp920-RL8/Stages/2022a/software/Python/3.10.4-GCCcore-12.1.0/lib/python3.10/multiprocessing/process.py", line 108, in run
    self._target(*self._args, **self._kwargs)
  File "src/python/gem5/utils/multisim/multisim.py", line 176, in _run
  File "src/python/gem5/simulate/simulator.py", line 491, in override_outdir
  File "/software/kp920-RL8/Stages/2022a/software/Python/3.10.4-GCCcore-12.1.0/lib/python3.10/pathlib.py", line 1173, in mkdir
    self._accessor.mkdir(self, mode)
OSError: [Errno 122] Disk quota exceeded: 'results_stride_multisim/spmv_stride_deg4_dist32_l2_ddr4_1x'
gem5 Simulator System.  https://www.gem5.org
gem5 is copyrighted software; use the --copyright option for details.

gem5 version 25.0.0.1
gem5 compiled May  5 2026 12:55:05
gem5 started Jun 12 2026 22:33:31
gem5 executing on cn27.guoehi.cluster, pid 166725
command line: /home/fdemirel/HPC_Lab_Proj/stride/../../gem5/build/ALL/gem5.opt -s --outdir=results_stride_multisim --stdout-file=spmv_stride_deg4_dist32_l2_ddr4_1x_simout.txt --stderr-file=spmv_stride_deg4_dist32_l2_ddr4_1x_simerr.txt --stats-file=stats.txt -c 'from multiprocessing.spawn import spawn_main; spawn_main(tracker_fd=7, pipe_handle=14)' --multiprocessing-fork

Process quick_stride_deg32_dist32_l1d_ddr4_2x:
Traceback (most recent call last):
  File "/software/kp920-RL8/Stages/2022a/software/Python/3.10.4-GCCcore-12.1.0/lib/python3.10/multiprocessing/process.py", line 315, in _bootstrap
    self.run()
  File "/software/kp920-RL8/Stages/2022a/software/Python/3.10.4-GCCcore-12.1.0/lib/python3.10/multiprocessing/process.py", line 108, in run
    self._target(*self._args, **self._kwargs)
  File "src/python/gem5/utils/multisim/multisim.py", line 176, in _run
  File "src/python/gem5/simulate/simulator.py", line 491, in override_outdir
  File "/software/kp920-RL8/Stages/2022a/software/Python/3.10.4-GCCcore-12.1.0/lib/python3.10/pathlib.py", line 1173, in mkdir
    self._accessor.mkdir(self, mode)
OSError: [Errno 122] Disk quota exceeded: 'results_stride_multisim/quick_stride_deg32_dist32_l1d_ddr4_2x'
gem5 Simulator System.  https://www.gem5.org
gem5 is copyrighted software; use the --copyright option for details.

gem5 version 25.0.0.1
gem5 compiled May  5 2026 12:55:05
gem5 started Jun 12 2026 22:33:38
gem5 executing on cn27.guoehi.cluster, pid 166726
command line: /home/fdemirel/HPC_Lab_Proj/stride/../../gem5/build/ALL/gem5.opt -s --outdir=results_stride_multisim --stdout-file=quick_stride_deg32_dist32_l1d_ddr4_2x_simout.txt --stderr-file=quick_stride_deg32_dist32_l1d_ddr4_2x_simerr.txt --stats-file=stats.txt -c 'from multiprocessing.spawn import spawn_main; spawn_main(tracker_fd=7, pipe_handle=13)' --multiprocessing-fork

Process merge_stride_deg8_dist1_l2_ddr4_1x:
Traceback (most recent call last):
  File "/software/kp920-RL8/Stages/2022a/software/Python/3.10.4-GCCcore-12.1.0/lib/python3.10/multiprocessing/process.py", line 315, in _bootstrap
    self.run()
  File "/software/kp920-RL8/Stages/2022a/software/Python/3.10.4-GCCcore-12.1.0/lib/python3.10/multiprocessing/process.py", line 108, in run
    self._target(*self._args, **self._kwargs)
  File "src/python/gem5/utils/multisim/multisim.py", line 176, in _run
  File "src/python/gem5/simulate/simulator.py", line 491, in override_outdir
  File "/software/kp920-RL8/Stages/2022a/software/Python/3.10.4-GCCcore-12.1.0/lib/python3.10/pathlib.py", line 1173, in mkdir
    self._accessor.mkdir(self, mode)
OSError: [Errno 122] Disk quota exceeded: 'results_stride_multisim/merge_stride_deg8_dist1_l2_ddr4_1x'
gem5 Simulator System.  https://www.gem5.org
gem5 is copyrighted software; use the --copyright option for details.

gem5 version 25.0.0.1
gem5 compiled May  5 2026 12:55:05
gem5 started Jun 12 2026 22:33:39
gem5 executing on cn27.guoehi.cluster, pid 166727
command line: /home/fdemirel/HPC_Lab_Proj/stride/../../gem5/build/ALL/gem5.opt -s --outdir=results_stride_multisim --stdout-file=merge_stride_deg8_dist1_l2_ddr4_1x_simout.txt --stderr-file=merge_stride_deg8_dist1_l2_ddr4_1x_simerr.txt --stats-file=stats.txt -c 'from multiprocessing.spawn import spawn_main; spawn_main(tracker_fd=7, pipe_handle=13)' --multiprocessing-fork

Process bfs_stride_deg8_dist8_l2_ddr4_1x:
Traceback (most recent call last):
  File "/software/kp920-RL8/Stages/2022a/software/Python/3.10.4-GCCcore-12.1.0/lib/python3.10/multiprocessing/process.py", line 315, in _bootstrap
    self.run()
  File "/software/kp920-RL8/Stages/2022a/software/Python/3.10.4-GCCcore-12.1.0/lib/python3.10/multiprocessing/process.py", line 108, in run
    self._target(*self._args, **self._kwargs)
  File "src/python/gem5/utils/multisim/multisim.py", line 176, in _run
  File "src/python/gem5/simulate/simulator.py", line 491, in override_outdir
  File "/software/kp920-RL8/Stages/2022a/software/Python/3.10.4-GCCcore-12.1.0/lib/python3.10/pathlib.py", line 1173, in mkdir
    self._accessor.mkdir(self, mode)
OSError: [Errno 122] Disk quota exceeded: 'results_stride_multisim/bfs_stride_deg8_dist8_l2_ddr4_1x'
gem5 Simulator System.  https://www.gem5.org
gem5 is copyrighted software; use the --copyright option for details.

gem5 version 25.0.0.1
gem5 compiled May  5 2026 12:55:05
gem5 started Jun 12 2026 22:33:47
gem5 executing on cn27.guoehi.cluster, pid 166730
command line: /home/fdemirel/HPC_Lab_Proj/stride/../../gem5/build/ALL/gem5.opt -s --outdir=results_stride_multisim --stdout-file=bfs_stride_deg8_dist8_l2_ddr4_1x_simout.txt --stderr-file=bfs_stride_deg8_dist8_l2_ddr4_1x_simerr.txt --stats-file=stats.txt -c 'from multiprocessing.spawn import spawn_main; spawn_main(tracker_fd=7, pipe_handle=13)' --multiprocessing-fork

Process quick_stride_deg4_dist1_l1d_ddr4_2x:
Traceback (most recent call last):
  File "/software/kp920-RL8/Stages/2022a/software/Python/3.10.4-GCCcore-12.1.0/lib/python3.10/multiprocessing/process.py", line 315, in _bootstrap
    self.run()
  File "/software/kp920-RL8/Stages/2022a/software/Python/3.10.4-GCCcore-12.1.0/lib/python3.10/multiprocessing/process.py", line 108, in run
    self._target(*self._args, **self._kwargs)
  File "src/python/gem5/utils/multisim/multisim.py", line 176, in _run
  File "src/python/gem5/simulate/simulator.py", line 491, in override_outdir
  File "/software/kp920-RL8/Stages/2022a/software/Python/3.10.4-GCCcore-12.1.0/lib/python3.10/pathlib.py", line 1173, in mkdir
    self._accessor.mkdir(self, mode)
OSError: [Errno 122] Disk quota exceeded: 'results_stride_multisim/quick_stride_deg4_dist1_l1d_ddr4_2x'
gem5 Simulator System.  https://www.gem5.org
gem5 is copyrighted software; use the --copyright option for details.

gem5 version 25.0.0.1
gem5 compiled May  5 2026 12:55:05
gem5 started Jun 12 2026 22:33:49
gem5 executing on cn27.guoehi.cluster, pid 166731
command line: /home/fdemirel/HPC_Lab_Proj/stride/../../gem5/build/ALL/gem5.opt -s --outdir=results_stride_multisim --stdout-file=quick_stride_deg4_dist1_l1d_ddr4_2x_simout.txt --stderr-file=quick_stride_deg4_dist1_l1d_ddr4_2x_simerr.txt --stats-file=stats.txt -c 'from multiprocessing.spawn import spawn_main; spawn_main(tracker_fd=7, pipe_handle=13)' --multiprocessing-fork

Process simple_triad_stride_deg1_dist16_l1d_ddr4_2x:
Traceback (most recent call last):
  File "/software/kp920-RL8/Stages/2022a/software/Python/3.10.4-GCCcore-12.1.0/lib/python3.10/multiprocessing/process.py", line 315, in _bootstrap
    self.run()
  File "/software/kp920-RL8/Stages/2022a/software/Python/3.10.4-GCCcore-12.1.0/lib/python3.10/multiprocessing/process.py", line 108, in run
    self._target(*self._args, **self._kwargs)
  File "src/python/gem5/utils/multisim/multisim.py", line 176, in _run
  File "src/python/gem5/simulate/simulator.py", line 491, in override_outdir
  File "/software/kp920-RL8/Stages/2022a/software/Python/3.10.4-GCCcore-12.1.0/lib/python3.10/pathlib.py", line 1173, in mkdir
    self._accessor.mkdir(self, mode)
OSError: [Errno 122] Disk quota exceeded: 'results_stride_multisim/simple_triad_stride_deg1_dist16_l1d_ddr4_2x'
gem5 Simulator System.  https://www.gem5.org
gem5 is copyrighted software; use the --copyright option for details.

gem5 version 25.0.0.1
gem5 compiled May  5 2026 12:55:05
gem5 started Jun 12 2026 22:33:57
gem5 executing on cn27.guoehi.cluster, pid 166732
command line: /home/fdemirel/HPC_Lab_Proj/stride/../../gem5/build/ALL/gem5.opt -s --outdir=results_stride_multisim --stdout-file=simple_triad_stride_deg1_dist16_l1d_ddr4_2x_simout.txt --stderr-file=simple_triad_stride_deg1_dist16_l1d_ddr4_2x_simerr.txt --stats-file=stats.txt -c 'from multiprocessing.spawn import spawn_main; spawn_main(tracker_fd=7, pipe_handle=13)' --multiprocessing-fork

Process quick_stride_deg32_dist16_l1d_ddr4_1x:
Traceback (most recent call last):
  File "/software/kp920-RL8/Stages/2022a/software/Python/3.10.4-GCCcore-12.1.0/lib/python3.10/multiprocessing/process.py", line 315, in _bootstrap
    self.run()
  File "/software/kp920-RL8/Stages/2022a/software/Python/3.10.4-GCCcore-12.1.0/lib/python3.10/multiprocessing/process.py", line 108, in run
    self._target(*self._args, **self._kwargs)
  File "src/python/gem5/utils/multisim/multisim.py", line 176, in _run
  File "src/python/gem5/simulate/simulator.py", line 491, in override_outdir
  File "/software/kp920-RL8/Stages/2022a/software/Python/3.10.4-GCCcore-12.1.0/lib/python3.10/pathlib.py", line 1173, in mkdir
    self._accessor.mkdir(self, mode)
OSError: [Errno 122] Disk quota exceeded: 'results_stride_multisim/quick_stride_deg32_dist16_l1d_ddr4_1x'
gem5 Simulator System.  https://www.gem5.org
gem5 is copyrighted software; use the --copyright option for details.

gem5 version 25.0.0.1
gem5 compiled May  5 2026 12:55:05
gem5 started Jun 12 2026 22:33:58
gem5 executing on cn27.guoehi.cluster, pid 166733
command line: /home/fdemirel/HPC_Lab_Proj/stride/../../gem5/build/ALL/gem5.opt -s --outdir=results_stride_multisim --stdout-file=quick_stride_deg32_dist16_l1d_ddr4_1x_simout.txt --stderr-file=quick_stride_deg32_dist16_l1d_ddr4_1x_simerr.txt --stats-file=stats.txt -c 'from multiprocessing.spawn import spawn_main; spawn_main(tracker_fd=7, pipe_handle=13)' --multiprocessing-fork

Process merge_stride_deg8_dist4_l2_ddr4_2x:
Traceback (most recent call last):
  File "/software/kp920-RL8/Stages/2022a/software/Python/3.10.4-GCCcore-12.1.0/lib/python3.10/multiprocessing/process.py", line 315, in _bootstrap
    self.run()
  File "/software/kp920-RL8/Stages/2022a/software/Python/3.10.4-GCCcore-12.1.0/lib/python3.10/multiprocessing/process.py", line 108, in run
    self._target(*self._args, **self._kwargs)
  File "src/python/gem5/utils/multisim/multisim.py", line 176, in _run
  File "src/python/gem5/simulate/simulator.py", line 491, in override_outdir
  File "/software/kp920-RL8/Stages/2022a/software/Python/3.10.4-GCCcore-12.1.0/lib/python3.10/pathlib.py", line 1173, in mkdir
    self._accessor.mkdir(self, mode)
OSError: [Errno 122] Disk quota exceeded: 'results_stride_multisim/merge_stride_deg8_dist4_l2_ddr4_2x'
gem5 Simulator System.  https://www.gem5.org
gem5 is copyrighted software; use the --copyright option for details.

gem5 version 25.0.0.1
gem5 compiled May  5 2026 12:55:05
gem5 started Jun 12 2026 22:34:05
gem5 executing on cn27.guoehi.cluster, pid 166734
command line: /home/fdemirel/HPC_Lab_Proj/stride/../../gem5/build/ALL/gem5.opt -s --outdir=results_stride_multisim --stdout-file=merge_stride_deg8_dist4_l2_ddr4_2x_simout.txt --stderr-file=merge_stride_deg8_dist4_l2_ddr4_2x_simerr.txt --stats-file=stats.txt -c 'from multiprocessing.spawn import spawn_main; spawn_main(tracker_fd=7, pipe_handle=13)' --multiprocessing-fork

Process spmv_stride_deg1_dist32_l1d_ddr4_2x:
Traceback (most recent call last):
  File "/software/kp920-RL8/Stages/2022a/software/Python/3.10.4-GCCcore-12.1.0/lib/python3.10/multiprocessing/process.py", line 315, in _bootstrap
    self.run()
  File "/software/kp920-RL8/Stages/2022a/software/Python/3.10.4-GCCcore-12.1.0/lib/python3.10/multiprocessing/process.py", line 108, in run
    self._target(*self._args, **self._kwargs)
  File "src/python/gem5/utils/multisim/multisim.py", line 176, in _run
  File "src/python/gem5/simulate/simulator.py", line 491, in override_outdir
  File "/software/kp920-RL8/Stages/2022a/software/Python/3.10.4-GCCcore-12.1.0/lib/python3.10/pathlib.py", line 1173, in mkdir
    self._accessor.mkdir(self, mode)
OSError: [Errno 122] Disk quota exceeded: 'results_stride_multisim/spmv_stride_deg1_dist32_l1d_ddr4_2x'
gem5 Simulator System.  https://www.gem5.org
gem5 is copyrighted software; use the --copyright option for details.

gem5 version 25.0.0.1
gem5 compiled May  5 2026 12:55:05
gem5 started Jun 12 2026 22:34:07
gem5 executing on cn27.guoehi.cluster, pid 166735
command line: /home/fdemirel/HPC_Lab_Proj/stride/../../gem5/build/ALL/gem5.opt -s --outdir=results_stride_multisim --stdout-file=spmv_stride_deg1_dist32_l1d_ddr4_2x_simout.txt --stderr-file=spmv_stride_deg1_dist32_l1d_ddr4_2x_simerr.txt --stats-file=stats.txt -c 'from multiprocessing.spawn import spawn_main; spawn_main(tracker_fd=7, pipe_handle=13)' --multiprocessing-fork

Process spmv_stride_deg32_dist4_l1d_ddr4_1x:
Traceback (most recent call last):
  File "/software/kp920-RL8/Stages/2022a/software/Python/3.10.4-GCCcore-12.1.0/lib/python3.10/multiprocessing/process.py", line 315, in _bootstrap
    self.run()
  File "/software/kp920-RL8/Stages/2022a/software/Python/3.10.4-GCCcore-12.1.0/lib/python3.10/multiprocessing/process.py", line 108, in run
    self._target(*self._args, **self._kwargs)
  File "src/python/gem5/utils/multisim/multisim.py", line 176, in _run
  File "src/python/gem5/simulate/simulator.py", line 491, in override_outdir
  File "/software/kp920-RL8/Stages/2022a/software/Python/3.10.4-GCCcore-12.1.0/lib/python3.10/pathlib.py", line 1173, in mkdir
    self._accessor.mkdir(self, mode)
OSError: [Errno 122] Disk quota exceeded: 'results_stride_multisim/spmv_stride_deg32_dist4_l1d_ddr4_1x'
gem5 Simulator System.  https://www.gem5.org
gem5 is copyrighted software; use the --copyright option for details.

gem5 version 25.0.0.1
gem5 compiled May  5 2026 12:55:05
gem5 started Jun 12 2026 22:34:16
gem5 executing on cn27.guoehi.cluster, pid 166736
command line: /home/fdemirel/HPC_Lab_Proj/stride/../../gem5/build/ALL/gem5.opt -s --outdir=results_stride_multisim --stdout-file=spmv_stride_deg32_dist4_l1d_ddr4_1x_simout.txt --stderr-file=spmv_stride_deg32_dist4_l1d_ddr4_1x_simerr.txt --stats-file=stats.txt -c 'from multiprocessing.spawn import spawn_main; spawn_main(tracker_fd=7, pipe_handle=13)' --multiprocessing-fork

Process merge_stride_deg32_dist8_l1d_ddr4_1x:
Traceback (most recent call last):
  File "/software/kp920-RL8/Stages/2022a/software/Python/3.10.4-GCCcore-12.1.0/lib/python3.10/multiprocessing/process.py", line 315, in _bootstrap
    self.run()
  File "/software/kp920-RL8/Stages/2022a/software/Python/3.10.4-GCCcore-12.1.0/lib/python3.10/multiprocessing/process.py", line 108, in run
    self._target(*self._args, **self._kwargs)
  File "src/python/gem5/utils/multisim/multisim.py", line 176, in _run
  File "src/python/gem5/simulate/simulator.py", line 491, in override_outdir
  File "/software/kp920-RL8/Stages/2022a/software/Python/3.10.4-GCCcore-12.1.0/lib/python3.10/pathlib.py", line 1173, in mkdir
    self._accessor.mkdir(self, mode)
OSError: [Errno 122] Disk quota exceeded: 'results_stride_multisim/merge_stride_deg32_dist8_l1d_ddr4_1x'
gem5 Simulator System.  https://www.gem5.org
gem5 is copyrighted software; use the --copyright option for details.

gem5 version 25.0.0.1
gem5 compiled May  5 2026 12:55:05
gem5 started Jun 12 2026 22:34:17
gem5 executing on cn27.guoehi.cluster, pid 166737
command line: /home/fdemirel/HPC_Lab_Proj/stride/../../gem5/build/ALL/gem5.opt -s --outdir=results_stride_multisim --stdout-file=merge_stride_deg32_dist8_l1d_ddr4_1x_simout.txt --stderr-file=merge_stride_deg32_dist8_l1d_ddr4_1x_simerr.txt --stats-file=stats.txt -c 'from multiprocessing.spawn import spawn_main; spawn_main(tracker_fd=7, pipe_handle=13)' --multiprocessing-fork

Process matmult_stride_deg16_dist4_l1d_ddr4_2x:
Traceback (most recent call last):
  File "/software/kp920-RL8/Stages/2022a/software/Python/3.10.4-GCCcore-12.1.0/lib/python3.10/multiprocessing/process.py", line 315, in _bootstrap
    self.run()
  File "/software/kp920-RL8/Stages/2022a/software/Python/3.10.4-GCCcore-12.1.0/lib/python3.10/multiprocessing/process.py", line 108, in run
    self._target(*self._args, **self._kwargs)
  File "src/python/gem5/utils/multisim/multisim.py", line 176, in _run
  File "src/python/gem5/simulate/simulator.py", line 491, in override_outdir
  File "/software/kp920-RL8/Stages/2022a/software/Python/3.10.4-GCCcore-12.1.0/lib/python3.10/pathlib.py", line 1173, in mkdir
    self._accessor.mkdir(self, mode)
OSError: [Errno 122] Disk quota exceeded: 'results_stride_multisim/matmult_stride_deg16_dist4_l1d_ddr4_2x'
gem5 Simulator System.  https://www.gem5.org
gem5 is copyrighted software; use the --copyright option for details.

gem5 version 25.0.0.1
gem5 compiled May  5 2026 12:55:05
gem5 started Jun 12 2026 22:34:23
gem5 executing on cn27.guoehi.cluster, pid 166738
command line: /home/fdemirel/HPC_Lab_Proj/stride/../../gem5/build/ALL/gem5.opt -s --outdir=results_stride_multisim --stdout-file=matmult_stride_deg16_dist4_l1d_ddr4_2x_simout.txt --stderr-file=matmult_stride_deg16_dist4_l1d_ddr4_2x_simerr.txt --stats-file=stats.txt -c 'from multiprocessing.spawn import spawn_main; spawn_main(tracker_fd=7, pipe_handle=13)' --multiprocessing-fork

Process spmv_stride_deg32_dist16_l2_ddr4_2x:
Traceback (most recent call last):
  File "/software/kp920-RL8/Stages/2022a/software/Python/3.10.4-GCCcore-12.1.0/lib/python3.10/multiprocessing/process.py", line 315, in _bootstrap
    self.run()
  File "/software/kp920-RL8/Stages/2022a/software/Python/3.10.4-GCCcore-12.1.0/lib/python3.10/multiprocessing/process.py", line 108, in run
    self._target(*self._args, **self._kwargs)
  File "src/python/gem5/utils/multisim/multisim.py", line 176, in _run
  File "src/python/gem5/simulate/simulator.py", line 491, in override_outdir
  File "/software/kp920-RL8/Stages/2022a/software/Python/3.10.4-GCCcore-12.1.0/lib/python3.10/pathlib.py", line 1173, in mkdir
    self._accessor.mkdir(self, mode)
OSError: [Errno 122] Disk quota exceeded: 'results_stride_multisim/spmv_stride_deg32_dist16_l2_ddr4_2x'
gem5 Simulator System.  https://www.gem5.org
gem5 is copyrighted software; use the --copyright option for details.

gem5 version 25.0.0.1
gem5 compiled May  5 2026 12:55:05
gem5 started Jun 12 2026 22:34:25
gem5 executing on cn27.guoehi.cluster, pid 166739
command line: /home/fdemirel/HPC_Lab_Proj/stride/../../gem5/build/ALL/gem5.opt -s --outdir=results_stride_multisim --stdout-file=spmv_stride_deg32_dist16_l2_ddr4_2x_simout.txt --stderr-file=spmv_stride_deg32_dist16_l2_ddr4_2x_simerr.txt --stats-file=stats.txt -c 'from multiprocessing.spawn import spawn_main; spawn_main(tracker_fd=7, pipe_handle=13)' --multiprocessing-fork

Process matmult_stride_deg32_dist1_l2_ddr4_1x:
Traceback (most recent call last):
  File "/software/kp920-RL8/Stages/2022a/software/Python/3.10.4-GCCcore-12.1.0/lib/python3.10/multiprocessing/process.py", line 315, in _bootstrap
    self.run()
  File "/software/kp920-RL8/Stages/2022a/software/Python/3.10.4-GCCcore-12.1.0/lib/python3.10/multiprocessing/process.py", line 108, in run
    self._target(*self._args, **self._kwargs)
  File "src/python/gem5/utils/multisim/multisim.py", line 176, in _run
  File "src/python/gem5/simulate/simulator.py", line 491, in override_outdir
  File "/software/kp920-RL8/Stages/2022a/software/Python/3.10.4-GCCcore-12.1.0/lib/python3.10/pathlib.py", line 1173, in mkdir
    self._accessor.mkdir(self, mode)
OSError: [Errno 122] Disk quota exceeded: 'results_stride_multisim/matmult_stride_deg32_dist1_l2_ddr4_1x'
gem5 Simulator System.  https://www.gem5.org
gem5 is copyrighted software; use the --copyright option for details.

gem5 version 25.0.0.1
gem5 compiled May  5 2026 12:55:05
gem5 started Jun 12 2026 22:34:35
gem5 executing on cn27.guoehi.cluster, pid 166740
command line: /home/fdemirel/HPC_Lab_Proj/stride/../../gem5/build/ALL/gem5.opt -s --outdir=results_stride_multisim --stdout-file=matmult_stride_deg32_dist1_l2_ddr4_1x_simout.txt --stderr-file=matmult_stride_deg32_dist1_l2_ddr4_1x_simerr.txt --stats-file=stats.txt -c 'from multiprocessing.spawn import spawn_main; spawn_main(tracker_fd=7, pipe_handle=12)' --multiprocessing-fork

Process simple_triad_stride_deg16_dist32_l2_ddr4_1x:
Traceback (most recent call last):
  File "/software/kp920-RL8/Stages/2022a/software/Python/3.10.4-GCCcore-12.1.0/lib/python3.10/multiprocessing/process.py", line 315, in _bootstrap
    self.run()
  File "/software/kp920-RL8/Stages/2022a/software/Python/3.10.4-GCCcore-12.1.0/lib/python3.10/multiprocessing/process.py", line 108, in run
    self._target(*self._args, **self._kwargs)
  File "src/python/gem5/utils/multisim/multisim.py", line 176, in _run
  File "src/python/gem5/simulate/simulator.py", line 491, in override_outdir
  File "/software/kp920-RL8/Stages/2022a/software/Python/3.10.4-GCCcore-12.1.0/lib/python3.10/pathlib.py", line 1173, in mkdir
    self._accessor.mkdir(self, mode)
OSError: [Errno 122] Disk quota exceeded: 'results_stride_multisim/simple_triad_stride_deg16_dist32_l2_ddr4_1x'
gem5 Simulator System.  https://www.gem5.org
gem5 is copyrighted software; use the --copyright option for details.

gem5 version 25.0.0.1
gem5 compiled May  5 2026 12:55:05
gem5 started Jun 12 2026 22:34:35
gem5 executing on cn27.guoehi.cluster, pid 166741
command line: /home/fdemirel/HPC_Lab_Proj/stride/../../gem5/build/ALL/gem5.opt -s --outdir=results_stride_multisim --stdout-file=simple_triad_stride_deg16_dist32_l2_ddr4_1x_simout.txt --stderr-file=simple_triad_stride_deg16_dist32_l2_ddr4_1x_simerr.txt --stats-file=stats.txt -c 'from multiprocessing.spawn import spawn_main; spawn_main(tracker_fd=7, pipe_handle=14)' --multiprocessing-fork

Process merge_stride_deg16_dist8_l1d_ddr4_2x:
Traceback (most recent call last):
  File "/software/kp920-RL8/Stages/2022a/software/Python/3.10.4-GCCcore-12.1.0/lib/python3.10/multiprocessing/process.py", line 315, in _bootstrap
    self.run()
  File "/software/kp920-RL8/Stages/2022a/software/Python/3.10.4-GCCcore-12.1.0/lib/python3.10/multiprocessing/process.py", line 108, in run
    self._target(*self._args, **self._kwargs)
  File "src/python/gem5/utils/multisim/multisim.py", line 176, in _run
  File "src/python/gem5/simulate/simulator.py", line 491, in override_outdir
  File "/software/kp920-RL8/Stages/2022a/software/Python/3.10.4-GCCcore-12.1.0/lib/python3.10/pathlib.py", line 1173, in mkdir
    self._accessor.mkdir(self, mode)
OSError: [Errno 122] Disk quota exceeded: 'results_stride_multisim/merge_stride_deg16_dist8_l1d_ddr4_2x'
gem5 Simulator System.  https://www.gem5.org
gem5 is copyrighted software; use the --copyright option for details.

gem5 version 25.0.0.1
gem5 compiled May  5 2026 12:55:05
gem5 started Jun 12 2026 22:34:41
gem5 executing on cn27.guoehi.cluster, pid 166742
command line: /home/fdemirel/HPC_Lab_Proj/stride/../../gem5/build/ALL/gem5.opt -s --outdir=results_stride_multisim --stdout-file=merge_stride_deg16_dist8_l1d_ddr4_2x_simout.txt --stderr-file=merge_stride_deg16_dist8_l1d_ddr4_2x_simerr.txt --stats-file=stats.txt -c 'from multiprocessing.spawn import spawn_main; spawn_main(tracker_fd=7, pipe_handle=14)' --multiprocessing-fork

Process merge_stride_deg32_dist8_l2_ddr4_1x:
Traceback (most recent call last):
  File "/software/kp920-RL8/Stages/2022a/software/Python/3.10.4-GCCcore-12.1.0/lib/python3.10/multiprocessing/process.py", line 315, in _bootstrap
    self.run()
  File "/software/kp920-RL8/Stages/2022a/software/Python/3.10.4-GCCcore-12.1.0/lib/python3.10/multiprocessing/process.py", line 108, in run
    self._target(*self._args, **self._kwargs)
  File "src/python/gem5/utils/multisim/multisim.py", line 176, in _run
  File "src/python/gem5/simulate/simulator.py", line 491, in override_outdir
  File "/software/kp920-RL8/Stages/2022a/software/Python/3.10.4-GCCcore-12.1.0/lib/python3.10/pathlib.py", line 1173, in mkdir
    self._accessor.mkdir(self, mode)
OSError: [Errno 122] Disk quota exceeded: 'results_stride_multisim/merge_stride_deg32_dist8_l2_ddr4_1x'
gem5 Simulator System.  https://www.gem5.org
gem5 is copyrighted software; use the --copyright option for details.

gem5 version 25.0.0.1
gem5 compiled May  5 2026 12:55:05
gem5 started Jun 12 2026 22:34:44
gem5 executing on cn27.guoehi.cluster, pid 166743
command line: /home/fdemirel/HPC_Lab_Proj/stride/../../gem5/build/ALL/gem5.opt -s --outdir=results_stride_multisim --stdout-file=merge_stride_deg32_dist8_l2_ddr4_1x_simout.txt --stderr-file=merge_stride_deg32_dist8_l2_ddr4_1x_simerr.txt --stats-file=stats.txt -c 'from multiprocessing.spawn import spawn_main; spawn_main(tracker_fd=7, pipe_handle=14)' --multiprocessing-fork

Process spmv_stride_deg32_dist4_l2_ddr4_1x:
Traceback (most recent call last):
  File "/software/kp920-RL8/Stages/2022a/software/Python/3.10.4-GCCcore-12.1.0/lib/python3.10/multiprocessing/process.py", line 315, in _bootstrap
    self.run()
  File "/software/kp920-RL8/Stages/2022a/software/Python/3.10.4-GCCcore-12.1.0/lib/python3.10/multiprocessing/process.py", line 108, in run
    self._target(*self._args, **self._kwargs)
  File "src/python/gem5/utils/multisim/multisim.py", line 176, in _run
  File "src/python/gem5/simulate/simulator.py", line 491, in override_outdir
  File "/software/kp920-RL8/Stages/2022a/software/Python/3.10.4-GCCcore-12.1.0/lib/python3.10/pathlib.py", line 1173, in mkdir
    self._accessor.mkdir(self, mode)
OSError: [Errno 122] Disk quota exceeded: 'results_stride_multisim/spmv_stride_deg32_dist4_l2_ddr4_1x'
gem5 Simulator System.  https://www.gem5.org
gem5 is copyrighted software; use the --copyright option for details.

gem5 version 25.0.0.1
gem5 compiled May  5 2026 12:55:05
gem5 started Jun 12 2026 22:34:53
gem5 executing on cn27.guoehi.cluster, pid 166746
command line: /home/fdemirel/HPC_Lab_Proj/stride/../../gem5/build/ALL/gem5.opt -s --outdir=results_stride_multisim --stdout-file=spmv_stride_deg32_dist4_l2_ddr4_1x_simout.txt --stderr-file=spmv_stride_deg32_dist4_l2_ddr4_1x_simerr.txt --stats-file=stats.txt -c 'from multiprocessing.spawn import spawn_main; spawn_main(tracker_fd=7, pipe_handle=13)' --multiprocessing-fork

Process bfs_stride_deg32_dist32_l2_ddr4_1x:
Traceback (most recent call last):
  File "/software/kp920-RL8/Stages/2022a/software/Python/3.10.4-GCCcore-12.1.0/lib/python3.10/multiprocessing/process.py", line 315, in _bootstrap
    self.run()
  File "/software/kp920-RL8/Stages/2022a/software/Python/3.10.4-GCCcore-12.1.0/lib/python3.10/multiprocessing/process.py", line 108, in run
    self._target(*self._args, **self._kwargs)
  File "src/python/gem5/utils/multisim/multisim.py", line 176, in _run
  File "src/python/gem5/simulate/simulator.py", line 491, in override_outdir
  File "/software/kp920-RL8/Stages/2022a/software/Python/3.10.4-GCCcore-12.1.0/lib/python3.10/pathlib.py", line 1173, in mkdir
    self._accessor.mkdir(self, mode)
OSError: [Errno 122] Disk quota exceeded: 'results_stride_multisim/bfs_stride_deg32_dist32_l2_ddr4_1x'
gem5 Simulator System.  https://www.gem5.org
gem5 is copyrighted software; use the --copyright option for details.

gem5 version 25.0.0.1
gem5 compiled May  5 2026 12:55:05
gem5 started Jun 12 2026 22:34:54
gem5 executing on cn27.guoehi.cluster, pid 166747
command line: /home/fdemirel/HPC_Lab_Proj/stride/../../gem5/build/ALL/gem5.opt -s --outdir=results_stride_multisim --stdout-file=bfs_stride_deg32_dist32_l2_ddr4_1x_simout.txt --stderr-file=bfs_stride_deg32_dist32_l2_ddr4_1x_simerr.txt --stats-file=stats.txt -c 'from multiprocessing.spawn import spawn_main; spawn_main(tracker_fd=7, pipe_handle=13)' --multiprocessing-fork

Process quick_stride_deg8_dist1_l1d_ddr4_1x:
Traceback (most recent call last):
  File "/software/kp920-RL8/Stages/2022a/software/Python/3.10.4-GCCcore-12.1.0/lib/python3.10/multiprocessing/process.py", line 315, in _bootstrap
    self.run()
  File "/software/kp920-RL8/Stages/2022a/software/Python/3.10.4-GCCcore-12.1.0/lib/python3.10/multiprocessing/process.py", line 108, in run
    self._target(*self._args, **self._kwargs)
  File "src/python/gem5/utils/multisim/multisim.py", line 176, in _run
  File "src/python/gem5/simulate/simulator.py", line 491, in override_outdir
  File "/software/kp920-RL8/Stages/2022a/software/Python/3.10.4-GCCcore-12.1.0/lib/python3.10/pathlib.py", line 1173, in mkdir
    self._accessor.mkdir(self, mode)
OSError: [Errno 122] Disk quota exceeded: 'results_stride_multisim/quick_stride_deg8_dist1_l1d_ddr4_1x'
gem5 Simulator System.  https://www.gem5.org
gem5 is copyrighted software; use the --copyright option for details.

gem5 version 25.0.0.1
gem5 compiled May  5 2026 12:55:05
gem5 started Jun 12 2026 22:35:01
gem5 executing on cn27.guoehi.cluster, pid 166748
command line: /home/fdemirel/HPC_Lab_Proj/stride/../../gem5/build/ALL/gem5.opt -s --outdir=results_stride_multisim --stdout-file=quick_stride_deg8_dist1_l1d_ddr4_1x_simout.txt --stderr-file=quick_stride_deg8_dist1_l1d_ddr4_1x_simerr.txt --stats-file=stats.txt -c 'from multiprocessing.spawn import spawn_main; spawn_main(tracker_fd=7, pipe_handle=13)' --multiprocessing-fork

Process bfs_stride_deg8_dist4_l1d_ddr4_1x:
Traceback (most recent call last):
  File "/software/kp920-RL8/Stages/2022a/software/Python/3.10.4-GCCcore-12.1.0/lib/python3.10/multiprocessing/process.py", line 315, in _bootstrap
    self.run()
  File "/software/kp920-RL8/Stages/2022a/software/Python/3.10.4-GCCcore-12.1.0/lib/python3.10/multiprocessing/process.py", line 108, in run
    self._target(*self._args, **self._kwargs)
  File "src/python/gem5/utils/multisim/multisim.py", line 176, in _run
  File "src/python/gem5/simulate/simulator.py", line 491, in override_outdir
  File "/software/kp920-RL8/Stages/2022a/software/Python/3.10.4-GCCcore-12.1.0/lib/python3.10/pathlib.py", line 1173, in mkdir
    self._accessor.mkdir(self, mode)
OSError: [Errno 122] Disk quota exceeded: 'results_stride_multisim/bfs_stride_deg8_dist4_l1d_ddr4_1x'
gem5 Simulator System.  https://www.gem5.org
gem5 is copyrighted software; use the --copyright option for details.

gem5 version 25.0.0.1
gem5 compiled May  5 2026 12:55:05
gem5 started Jun 12 2026 22:35:02
gem5 executing on cn27.guoehi.cluster, pid 166749
command line: /home/fdemirel/HPC_Lab_Proj/stride/../../gem5/build/ALL/gem5.opt -s --outdir=results_stride_multisim --stdout-file=bfs_stride_deg8_dist4_l1d_ddr4_1x_simout.txt --stderr-file=bfs_stride_deg8_dist4_l1d_ddr4_1x_simerr.txt --stats-file=stats.txt -c 'from multiprocessing.spawn import spawn_main; spawn_main(tracker_fd=7, pipe_handle=13)' --multiprocessing-fork

Process matmult_stride_deg16_dist4_l2_ddr4_2x:
Traceback (most recent call last):
  File "/software/kp920-RL8/Stages/2022a/software/Python/3.10.4-GCCcore-12.1.0/lib/python3.10/multiprocessing/process.py", line 315, in _bootstrap
    self.run()
  File "/software/kp920-RL8/Stages/2022a/software/Python/3.10.4-GCCcore-12.1.0/lib/python3.10/multiprocessing/process.py", line 108, in run
    self._target(*self._args, **self._kwargs)
  File "src/python/gem5/utils/multisim/multisim.py", line 176, in _run
  File "src/python/gem5/simulate/simulator.py", line 491, in override_outdir
  File "/software/kp920-RL8/Stages/2022a/software/Python/3.10.4-GCCcore-12.1.0/lib/python3.10/pathlib.py", line 1173, in mkdir
    self._accessor.mkdir(self, mode)
OSError: [Errno 122] Disk quota exceeded: 'results_stride_multisim/matmult_stride_deg16_dist4_l2_ddr4_2x'
gem5 Simulator System.  https://www.gem5.org
gem5 is copyrighted software; use the --copyright option for details.

gem5 version 25.0.0.1
gem5 compiled May  5 2026 12:55:05
gem5 started Jun 12 2026 22:35:13
gem5 executing on cn27.guoehi.cluster, pid 166751
command line: /home/fdemirel/HPC_Lab_Proj/stride/../../gem5/build/ALL/gem5.opt -s --outdir=results_stride_multisim --stdout-file=matmult_stride_deg16_dist4_l2_ddr4_2x_simout.txt --stderr-file=matmult_stride_deg16_dist4_l2_ddr4_2x_simerr.txt --stats-file=stats.txt -c 'from multiprocessing.spawn import spawn_main; spawn_main(tracker_fd=7, pipe_handle=13)' --multiprocessing-fork

Process matmult_stride_deg4_dist8_l1d_ddr4_1x:
Traceback (most recent call last):
  File "/software/kp920-RL8/Stages/2022a/software/Python/3.10.4-GCCcore-12.1.0/lib/python3.10/multiprocessing/process.py", line 315, in _bootstrap
    self.run()
  File "/software/kp920-RL8/Stages/2022a/software/Python/3.10.4-GCCcore-12.1.0/lib/python3.10/multiprocessing/process.py", line 108, in run
    self._target(*self._args, **self._kwargs)
  File "src/python/gem5/utils/multisim/multisim.py", line 176, in _run
  File "src/python/gem5/simulate/simulator.py", line 491, in override_outdir
  File "/software/kp920-RL8/Stages/2022a/software/Python/3.10.4-GCCcore-12.1.0/lib/python3.10/pathlib.py", line 1173, in mkdir
    self._accessor.mkdir(self, mode)
OSError: [Errno 122] Disk quota exceeded: 'results_stride_multisim/matmult_stride_deg4_dist8_l1d_ddr4_1x'
gem5 Simulator System.  https://www.gem5.org
gem5 is copyrighted software; use the --copyright option for details.

gem5 version 25.0.0.1
gem5 compiled May  5 2026 12:55:05
gem5 started Jun 12 2026 22:35:14
gem5 executing on cn27.guoehi.cluster, pid 166752
command line: /home/fdemirel/HPC_Lab_Proj/stride/../../gem5/build/ALL/gem5.opt -s --outdir=results_stride_multisim --stdout-file=matmult_stride_deg4_dist8_l1d_ddr4_1x_simout.txt --stderr-file=matmult_stride_deg4_dist8_l1d_ddr4_1x_simerr.txt --stats-file=stats.txt -c 'from multiprocessing.spawn import spawn_main; spawn_main(tracker_fd=7, pipe_handle=13)' --multiprocessing-fork

Process merge_stride_deg16_dist8_l2_ddr4_2x:
Traceback (most recent call last):
  File "/software/kp920-RL8/Stages/2022a/software/Python/3.10.4-GCCcore-12.1.0/lib/python3.10/multiprocessing/process.py", line 315, in _bootstrap
    self.run()
  File "/software/kp920-RL8/Stages/2022a/software/Python/3.10.4-GCCcore-12.1.0/lib/python3.10/multiprocessing/process.py", line 108, in run
    self._target(*self._args, **self._kwargs)
  File "src/python/gem5/utils/multisim/multisim.py", line 176, in _run
  File "src/python/gem5/simulate/simulator.py", line 491, in override_outdir
  File "/software/kp920-RL8/Stages/2022a/software/Python/3.10.4-GCCcore-12.1.0/lib/python3.10/pathlib.py", line 1173, in mkdir
    self._accessor.mkdir(self, mode)
OSError: [Errno 122] Disk quota exceeded: 'results_stride_multisim/merge_stride_deg16_dist8_l2_ddr4_2x'
gem5 Simulator System.  https://www.gem5.org
gem5 is copyrighted software; use the --copyright option for details.

gem5 version 25.0.0.1
gem5 compiled May  5 2026 12:55:05
gem5 started Jun 12 2026 22:35:19
gem5 executing on cn27.guoehi.cluster, pid 166760
command line: /home/fdemirel/HPC_Lab_Proj/stride/../../gem5/build/ALL/gem5.opt -s --outdir=results_stride_multisim --stdout-file=merge_stride_deg16_dist8_l2_ddr4_2x_simout.txt --stderr-file=merge_stride_deg16_dist8_l2_ddr4_2x_simerr.txt --stats-file=stats.txt -c 'from multiprocessing.spawn import spawn_main; spawn_main(tracker_fd=7, pipe_handle=13)' --multiprocessing-fork

Process simple_triad_stride_deg4_dist32_l1d_ddr4_2x:
Traceback (most recent call last):
  File "/software/kp920-RL8/Stages/2022a/software/Python/3.10.4-GCCcore-12.1.0/lib/python3.10/multiprocessing/process.py", line 315, in _bootstrap
    self.run()
  File "/software/kp920-RL8/Stages/2022a/software/Python/3.10.4-GCCcore-12.1.0/lib/python3.10/multiprocessing/process.py", line 108, in run
    self._target(*self._args, **self._kwargs)
  File "src/python/gem5/utils/multisim/multisim.py", line 176, in _run
  File "src/python/gem5/simulate/simulator.py", line 491, in override_outdir
  File "/software/kp920-RL8/Stages/2022a/software/Python/3.10.4-GCCcore-12.1.0/lib/python3.10/pathlib.py", line 1173, in mkdir
    self._accessor.mkdir(self, mode)
OSError: [Errno 122] Disk quota exceeded: 'results_stride_multisim/simple_triad_stride_deg4_dist32_l1d_ddr4_2x'
gem5 Simulator System.  https://www.gem5.org
gem5 is copyrighted software; use the --copyright option for details.

gem5 version 25.0.0.1
gem5 compiled May  5 2026 12:55:05
gem5 started Jun 12 2026 22:35:21
gem5 executing on cn27.guoehi.cluster, pid 166766
command line: /home/fdemirel/HPC_Lab_Proj/stride/../../gem5/build/ALL/gem5.opt -s --outdir=results_stride_multisim --stdout-file=simple_triad_stride_deg4_dist32_l1d_ddr4_2x_simout.txt --stderr-file=simple_triad_stride_deg4_dist32_l1d_ddr4_2x_simerr.txt --stats-file=stats.txt -c 'from multiprocessing.spawn import spawn_main; spawn_main(tracker_fd=7, pipe_handle=13)' --multiprocessing-fork

Process simple_triad_stride_deg4_dist4_l2_ddr4_1x:
Traceback (most recent call last):
  File "/software/kp920-RL8/Stages/2022a/software/Python/3.10.4-GCCcore-12.1.0/lib/python3.10/multiprocessing/process.py", line 315, in _bootstrap
    self.run()
  File "/software/kp920-RL8/Stages/2022a/software/Python/3.10.4-GCCcore-12.1.0/lib/python3.10/multiprocessing/process.py", line 108, in run
    self._target(*self._args, **self._kwargs)
  File "src/python/gem5/utils/multisim/multisim.py", line 176, in _run
  File "src/python/gem5/simulate/simulator.py", line 491, in override_outdir
  File "/software/kp920-RL8/Stages/2022a/software/Python/3.10.4-GCCcore-12.1.0/lib/python3.10/pathlib.py", line 1173, in mkdir
    self._accessor.mkdir(self, mode)
OSError: [Errno 122] Disk quota exceeded: 'results_stride_multisim/simple_triad_stride_deg4_dist4_l2_ddr4_1x'
gem5 Simulator System.  https://www.gem5.org
gem5 is copyrighted software; use the --copyright option for details.

gem5 version 25.0.0.1
gem5 compiled May  5 2026 12:55:05
gem5 started Jun 12 2026 22:35:31
gem5 executing on cn27.guoehi.cluster, pid 166774
command line: /home/fdemirel/HPC_Lab_Proj/stride/../../gem5/build/ALL/gem5.opt -s --outdir=results_stride_multisim --stdout-file=simple_triad_stride_deg4_dist4_l2_ddr4_1x_simout.txt --stderr-file=simple_triad_stride_deg4_dist4_l2_ddr4_1x_simerr.txt --stats-file=stats.txt -c 'from multiprocessing.spawn import spawn_main; spawn_main(tracker_fd=7, pipe_handle=13)' --multiprocessing-fork

Process matmult_stride_deg4_dist8_l2_ddr4_1x:
Traceback (most recent call last):
  File "/software/kp920-RL8/Stages/2022a/software/Python/3.10.4-GCCcore-12.1.0/lib/python3.10/multiprocessing/process.py", line 315, in _bootstrap
    self.run()
  File "/software/kp920-RL8/Stages/2022a/software/Python/3.10.4-GCCcore-12.1.0/lib/python3.10/multiprocessing/process.py", line 108, in run
    self._target(*self._args, **self._kwargs)
  File "src/python/gem5/utils/multisim/multisim.py", line 176, in _run
  File "src/python/gem5/simulate/simulator.py", line 491, in override_outdir
  File "/software/kp920-RL8/Stages/2022a/software/Python/3.10.4-GCCcore-12.1.0/lib/python3.10/pathlib.py", line 1173, in mkdir
    self._accessor.mkdir(self, mode)
OSError: [Errno 122] Disk quota exceeded: 'results_stride_multisim/matmult_stride_deg4_dist8_l2_ddr4_1x'
gem5 Simulator System.  https://www.gem5.org
gem5 is copyrighted software; use the --copyright option for details.

gem5 version 25.0.0.1
gem5 compiled May  5 2026 12:55:05
gem5 started Jun 12 2026 22:35:32
gem5 executing on cn27.guoehi.cluster, pid 166775
command line: /home/fdemirel/HPC_Lab_Proj/stride/../../gem5/build/ALL/gem5.opt -s --outdir=results_stride_multisim --stdout-file=matmult_stride_deg4_dist8_l2_ddr4_1x_simout.txt --stderr-file=matmult_stride_deg4_dist8_l2_ddr4_1x_simerr.txt --stats-file=stats.txt -c 'from multiprocessing.spawn import spawn_main; spawn_main(tracker_fd=7, pipe_handle=13)' --multiprocessing-fork

Process matmult_stride_deg32_dist8_l1d_ddr4_2x:
Traceback (most recent call last):
  File "/software/kp920-RL8/Stages/2022a/software/Python/3.10.4-GCCcore-12.1.0/lib/python3.10/multiprocessing/process.py", line 315, in _bootstrap
    self.run()
  File "/software/kp920-RL8/Stages/2022a/software/Python/3.10.4-GCCcore-12.1.0/lib/python3.10/multiprocessing/process.py", line 108, in run
    self._target(*self._args, **self._kwargs)
  File "src/python/gem5/utils/multisim/multisim.py", line 176, in _run
  File "src/python/gem5/simulate/simulator.py", line 491, in override_outdir
  File "/software/kp920-RL8/Stages/2022a/software/Python/3.10.4-GCCcore-12.1.0/lib/python3.10/pathlib.py", line 1173, in mkdir
    self._accessor.mkdir(self, mode)
OSError: [Errno 122] Disk quota exceeded: 'results_stride_multisim/matmult_stride_deg32_dist8_l1d_ddr4_2x'
gem5 Simulator System.  https://www.gem5.org
gem5 is copyrighted software; use the --copyright option for details.

gem5 version 25.0.0.1
gem5 compiled May  5 2026 12:55:05
gem5 started Jun 12 2026 22:35:37
gem5 executing on cn27.guoehi.cluster, pid 166777
command line: /home/fdemirel/HPC_Lab_Proj/stride/../../gem5/build/ALL/gem5.opt -s --outdir=results_stride_multisim --stdout-file=matmult_stride_deg32_dist8_l1d_ddr4_2x_simout.txt --stderr-file=matmult_stride_deg32_dist8_l1d_ddr4_2x_simerr.txt --stats-file=stats.txt -c 'from multiprocessing.spawn import spawn_main; spawn_main(tracker_fd=7, pipe_handle=13)' --multiprocessing-fork

Process bfs_stride_deg16_dist16_l2_ddr4_2x:
Traceback (most recent call last):
  File "/software/kp920-RL8/Stages/2022a/software/Python/3.10.4-GCCcore-12.1.0/lib/python3.10/multiprocessing/process.py", line 315, in _bootstrap
    self.run()
  File "/software/kp920-RL8/Stages/2022a/software/Python/3.10.4-GCCcore-12.1.0/lib/python3.10/multiprocessing/process.py", line 108, in run
    self._target(*self._args, **self._kwargs)
  File "src/python/gem5/utils/multisim/multisim.py", line 176, in _run
  File "src/python/gem5/simulate/simulator.py", line 491, in override_outdir
  File "/software/kp920-RL8/Stages/2022a/software/Python/3.10.4-GCCcore-12.1.0/lib/python3.10/pathlib.py", line 1173, in mkdir
    self._accessor.mkdir(self, mode)
OSError: [Errno 122] Disk quota exceeded: 'results_stride_multisim/bfs_stride_deg16_dist16_l2_ddr4_2x'
gem5 Simulator System.  https://www.gem5.org
gem5 is copyrighted software; use the --copyright option for details.

gem5 version 25.0.0.1
gem5 compiled May  5 2026 12:55:05
gem5 started Jun 12 2026 22:35:40
gem5 executing on cn27.guoehi.cluster, pid 166792
command line: /home/fdemirel/HPC_Lab_Proj/stride/../../gem5/build/ALL/gem5.opt -s --outdir=results_stride_multisim --stdout-file=bfs_stride_deg16_dist16_l2_ddr4_2x_simout.txt --stderr-file=bfs_stride_deg16_dist16_l2_ddr4_2x_simerr.txt --stats-file=stats.txt -c 'from multiprocessing.spawn import spawn_main; spawn_main(tracker_fd=7, pipe_handle=13)' --multiprocessing-fork

Process merge_stride_deg4_dist32_l2_ddr4_1x:
Traceback (most recent call last):
  File "/software/kp920-RL8/Stages/2022a/software/Python/3.10.4-GCCcore-12.1.0/lib/python3.10/multiprocessing/process.py", line 315, in _bootstrap
    self.run()
  File "/software/kp920-RL8/Stages/2022a/software/Python/3.10.4-GCCcore-12.1.0/lib/python3.10/multiprocessing/process.py", line 108, in run
    self._target(*self._args, **self._kwargs)
  File "src/python/gem5/utils/multisim/multisim.py", line 176, in _run
  File "src/python/gem5/simulate/simulator.py", line 491, in override_outdir
  File "/software/kp920-RL8/Stages/2022a/software/Python/3.10.4-GCCcore-12.1.0/lib/python3.10/pathlib.py", line 1173, in mkdir
    self._accessor.mkdir(self, mode)
OSError: [Errno 122] Disk quota exceeded: 'results_stride_multisim/merge_stride_deg4_dist32_l2_ddr4_1x'
gem5 Simulator System.  https://www.gem5.org
gem5 is copyrighted software; use the --copyright option for details.

gem5 version 25.0.0.1
gem5 compiled May  5 2026 12:55:05
gem5 started Jun 12 2026 22:35:49
gem5 executing on cn27.guoehi.cluster, pid 166797
command line: /home/fdemirel/HPC_Lab_Proj/stride/../../gem5/build/ALL/gem5.opt -s --outdir=results_stride_multisim --stdout-file=merge_stride_deg4_dist32_l2_ddr4_1x_simout.txt --stderr-file=merge_stride_deg4_dist32_l2_ddr4_1x_simerr.txt --stats-file=stats.txt -c 'from multiprocessing.spawn import spawn_main; spawn_main(tracker_fd=7, pipe_handle=13)' --multiprocessing-fork

Process bfs_stride_deg8_dist4_l2_ddr4_1x:
Traceback (most recent call last):
  File "/software/kp920-RL8/Stages/2022a/software/Python/3.10.4-GCCcore-12.1.0/lib/python3.10/multiprocessing/process.py", line 315, in _bootstrap
    self.run()
  File "/software/kp920-RL8/Stages/2022a/software/Python/3.10.4-GCCcore-12.1.0/lib/python3.10/multiprocessing/process.py", line 108, in run
    self._target(*self._args, **self._kwargs)
  File "src/python/gem5/utils/multisim/multisim.py", line 176, in _run
  File "src/python/gem5/simulate/simulator.py", line 491, in override_outdir
  File "/software/kp920-RL8/Stages/2022a/software/Python/3.10.4-GCCcore-12.1.0/lib/python3.10/pathlib.py", line 1173, in mkdir
    self._accessor.mkdir(self, mode)
OSError: [Errno 122] Disk quota exceeded: 'results_stride_multisim/bfs_stride_deg8_dist4_l2_ddr4_1x'
gem5 Simulator System.  https://www.gem5.org
gem5 is copyrighted software; use the --copyright option for details.

gem5 version 25.0.0.1
gem5 compiled May  5 2026 12:55:05
gem5 started Jun 12 2026 22:35:50
gem5 executing on cn27.guoehi.cluster, pid 166798
command line: /home/fdemirel/HPC_Lab_Proj/stride/../../gem5/build/ALL/gem5.opt -s --outdir=results_stride_multisim --stdout-file=bfs_stride_deg8_dist4_l2_ddr4_1x_simout.txt --stderr-file=bfs_stride_deg8_dist4_l2_ddr4_1x_simerr.txt --stats-file=stats.txt -c 'from multiprocessing.spawn import spawn_main; spawn_main(tracker_fd=7, pipe_handle=13)' --multiprocessing-fork

Process simple_triad_stride_deg4_dist32_l2_ddr4_2x:
Traceback (most recent call last):
  File "/software/kp920-RL8/Stages/2022a/software/Python/3.10.4-GCCcore-12.1.0/lib/python3.10/multiprocessing/process.py", line 315, in _bootstrap
    self.run()
  File "/software/kp920-RL8/Stages/2022a/software/Python/3.10.4-GCCcore-12.1.0/lib/python3.10/multiprocessing/process.py", line 108, in run
    self._target(*self._args, **self._kwargs)
  File "src/python/gem5/utils/multisim/multisim.py", line 176, in _run
  File "src/python/gem5/simulate/simulator.py", line 491, in override_outdir
  File "/software/kp920-RL8/Stages/2022a/software/Python/3.10.4-GCCcore-12.1.0/lib/python3.10/pathlib.py", line 1173, in mkdir
    self._accessor.mkdir(self, mode)
OSError: [Errno 122] Disk quota exceeded: 'results_stride_multisim/simple_triad_stride_deg4_dist32_l2_ddr4_2x'
gem5 Simulator System.  https://www.gem5.org
gem5 is copyrighted software; use the --copyright option for details.

gem5 version 25.0.0.1
gem5 compiled May  5 2026 12:55:05
gem5 started Jun 12 2026 22:35:56
gem5 executing on cn27.guoehi.cluster, pid 166799
command line: /home/fdemirel/HPC_Lab_Proj/stride/../../gem5/build/ALL/gem5.opt -s --outdir=results_stride_multisim --stdout-file=simple_triad_stride_deg4_dist32_l2_ddr4_2x_simout.txt --stderr-file=simple_triad_stride_deg4_dist32_l2_ddr4_2x_simerr.txt --stats-file=stats.txt -c 'from multiprocessing.spawn import spawn_main; spawn_main(tracker_fd=7, pipe_handle=13)' --multiprocessing-fork

Process bfs_stride_deg32_dist16_l2_ddr4_1x:
Traceback (most recent call last):
  File "/software/kp920-RL8/Stages/2022a/software/Python/3.10.4-GCCcore-12.1.0/lib/python3.10/multiprocessing/process.py", line 315, in _bootstrap
    self.run()
  File "/software/kp920-RL8/Stages/2022a/software/Python/3.10.4-GCCcore-12.1.0/lib/python3.10/multiprocessing/process.py", line 108, in run
    self._target(*self._args, **self._kwargs)
  File "src/python/gem5/utils/multisim/multisim.py", line 176, in _run
  File "src/python/gem5/simulate/simulator.py", line 491, in override_outdir
  File "/software/kp920-RL8/Stages/2022a/software/Python/3.10.4-GCCcore-12.1.0/lib/python3.10/pathlib.py", line 1173, in mkdir
    self._accessor.mkdir(self, mode)
OSError: [Errno 122] Disk quota exceeded: 'results_stride_multisim/bfs_stride_deg32_dist16_l2_ddr4_1x'
gem5 Simulator System.  https://www.gem5.org
gem5 is copyrighted software; use the --copyright option for details.

gem5 version 25.0.0.1
gem5 compiled May  5 2026 12:55:05
gem5 started Jun 12 2026 22:35:59
gem5 executing on cn27.guoehi.cluster, pid 166800
command line: /home/fdemirel/HPC_Lab_Proj/stride/../../gem5/build/ALL/gem5.opt -s --outdir=results_stride_multisim --stdout-file=bfs_stride_deg32_dist16_l2_ddr4_1x_simout.txt --stderr-file=bfs_stride_deg32_dist16_l2_ddr4_1x_simerr.txt --stats-file=stats.txt -c 'from multiprocessing.spawn import spawn_main; spawn_main(tracker_fd=7, pipe_handle=13)' --multiprocessing-fork

Process quick_stride_deg32_dist8_l1d_ddr4_1x:
Traceback (most recent call last):
  File "/software/kp920-RL8/Stages/2022a/software/Python/3.10.4-GCCcore-12.1.0/lib/python3.10/multiprocessing/process.py", line 315, in _bootstrap
    self.run()
  File "/software/kp920-RL8/Stages/2022a/software/Python/3.10.4-GCCcore-12.1.0/lib/python3.10/multiprocessing/process.py", line 108, in run
    self._target(*self._args, **self._kwargs)
  File "src/python/gem5/utils/multisim/multisim.py", line 176, in _run
  File "src/python/gem5/simulate/simulator.py", line 491, in override_outdir
  File "/software/kp920-RL8/Stages/2022a/software/Python/3.10.4-GCCcore-12.1.0/lib/python3.10/pathlib.py", line 1173, in mkdir
    self._accessor.mkdir(self, mode)
OSError: [Errno 122] Disk quota exceeded: 'results_stride_multisim/quick_stride_deg32_dist8_l1d_ddr4_1x'
gem5 Simulator System.  https://www.gem5.org
gem5 is copyrighted software; use the --copyright option for details.

gem5 version 25.0.0.1
gem5 compiled May  5 2026 12:55:05
gem5 started Jun 12 2026 22:36:08
gem5 executing on cn27.guoehi.cluster, pid 166801
command line: /home/fdemirel/HPC_Lab_Proj/stride/../../gem5/build/ALL/gem5.opt -s --outdir=results_stride_multisim --stdout-file=quick_stride_deg32_dist8_l1d_ddr4_1x_simout.txt --stderr-file=quick_stride_deg32_dist8_l1d_ddr4_1x_simerr.txt --stats-file=stats.txt -c 'from multiprocessing.spawn import spawn_main; spawn_main(tracker_fd=7, pipe_handle=13)' --multiprocessing-fork

Process spmv_stride_deg8_dist1_l2_ddr4_2x:
Traceback (most recent call last):
  File "/software/kp920-RL8/Stages/2022a/software/Python/3.10.4-GCCcore-12.1.0/lib/python3.10/multiprocessing/process.py", line 315, in _bootstrap
    self.run()
  File "/software/kp920-RL8/Stages/2022a/software/Python/3.10.4-GCCcore-12.1.0/lib/python3.10/multiprocessing/process.py", line 108, in run
    self._target(*self._args, **self._kwargs)
  File "src/python/gem5/utils/multisim/multisim.py", line 176, in _run
  File "src/python/gem5/simulate/simulator.py", line 491, in override_outdir
  File "/software/kp920-RL8/Stages/2022a/software/Python/3.10.4-GCCcore-12.1.0/lib/python3.10/pathlib.py", line 1173, in mkdir
    self._accessor.mkdir(self, mode)
OSError: [Errno 122] Disk quota exceeded: 'results_stride_multisim/spmv_stride_deg8_dist1_l2_ddr4_2x'
gem5 Simulator System.  https://www.gem5.org
gem5 is copyrighted software; use the --copyright option for details.

gem5 version 25.0.0.1
gem5 compiled May  5 2026 12:55:05
gem5 started Jun 12 2026 22:36:09
gem5 executing on cn27.guoehi.cluster, pid 166802
command line: /home/fdemirel/HPC_Lab_Proj/stride/../../gem5/build/ALL/gem5.opt -s --outdir=results_stride_multisim --stdout-file=spmv_stride_deg8_dist1_l2_ddr4_2x_simout.txt --stderr-file=spmv_stride_deg8_dist1_l2_ddr4_2x_simerr.txt --stats-file=stats.txt -c 'from multiprocessing.spawn import spawn_main; spawn_main(tracker_fd=7, pipe_handle=13)' --multiprocessing-fork

Process simple_triad_stride_deg16_dist16_l1d_ddr4_1x:
Traceback (most recent call last):
  File "/software/kp920-RL8/Stages/2022a/software/Python/3.10.4-GCCcore-12.1.0/lib/python3.10/multiprocessing/process.py", line 315, in _bootstrap
    self.run()
  File "/software/kp920-RL8/Stages/2022a/software/Python/3.10.4-GCCcore-12.1.0/lib/python3.10/multiprocessing/process.py", line 108, in run
    self._target(*self._args, **self._kwargs)
  File "src/python/gem5/utils/multisim/multisim.py", line 176, in _run
  File "src/python/gem5/simulate/simulator.py", line 491, in override_outdir
  File "/software/kp920-RL8/Stages/2022a/software/Python/3.10.4-GCCcore-12.1.0/lib/python3.10/pathlib.py", line 1173, in mkdir
    self._accessor.mkdir(self, mode)
OSError: [Errno 122] Disk quota exceeded: 'results_stride_multisim/simple_triad_stride_deg16_dist16_l1d_ddr4_1x'
gem5 Simulator System.  https://www.gem5.org
gem5 is copyrighted software; use the --copyright option for details.

gem5 version 25.0.0.1
gem5 compiled May  5 2026 12:55:05
gem5 started Jun 12 2026 22:36:16
gem5 executing on cn27.guoehi.cluster, pid 166803
command line: /home/fdemirel/HPC_Lab_Proj/stride/../../gem5/build/ALL/gem5.opt -s --outdir=results_stride_multisim --stdout-file=simple_triad_stride_deg16_dist16_l1d_ddr4_1x_simout.txt --stderr-file=simple_triad_stride_deg16_dist16_l1d_ddr4_1x_simerr.txt --stats-file=stats.txt -c 'from multiprocessing.spawn import spawn_main; spawn_main(tracker_fd=7, pipe_handle=13)' --multiprocessing-fork

Process matmult_stride_deg16_dist32_l1d_ddr4_1x:
Traceback (most recent call last):
  File "/software/kp920-RL8/Stages/2022a/software/Python/3.10.4-GCCcore-12.1.0/lib/python3.10/multiprocessing/process.py", line 315, in _bootstrap
    self.run()
  File "/software/kp920-RL8/Stages/2022a/software/Python/3.10.4-GCCcore-12.1.0/lib/python3.10/multiprocessing/process.py", line 108, in run
    self._target(*self._args, **self._kwargs)
  File "src/python/gem5/utils/multisim/multisim.py", line 176, in _run
  File "src/python/gem5/simulate/simulator.py", line 491, in override_outdir
  File "/software/kp920-RL8/Stages/2022a/software/Python/3.10.4-GCCcore-12.1.0/lib/python3.10/pathlib.py", line 1173, in mkdir
    self._accessor.mkdir(self, mode)
OSError: [Errno 122] Disk quota exceeded: 'results_stride_multisim/matmult_stride_deg16_dist32_l1d_ddr4_1x'
gem5 Simulator System.  https://www.gem5.org
gem5 is copyrighted software; use the --copyright option for details.

gem5 version 25.0.0.1
gem5 compiled May  5 2026 12:55:05
gem5 started Jun 12 2026 22:36:18
gem5 executing on cn27.guoehi.cluster, pid 166804
command line: /home/fdemirel/HPC_Lab_Proj/stride/../../gem5/build/ALL/gem5.opt -s --outdir=results_stride_multisim --stdout-file=matmult_stride_deg16_dist32_l1d_ddr4_1x_simout.txt --stderr-file=matmult_stride_deg16_dist32_l1d_ddr4_1x_simerr.txt --stats-file=stats.txt -c 'from multiprocessing.spawn import spawn_main; spawn_main(tracker_fd=7, pipe_handle=13)' --multiprocessing-fork

Process spmv_stride_deg32_dist1_l1d_ddr4_1x:
Traceback (most recent call last):
  File "/software/kp920-RL8/Stages/2022a/software/Python/3.10.4-GCCcore-12.1.0/lib/python3.10/multiprocessing/process.py", line 315, in _bootstrap
    self.run()
  File "/software/kp920-RL8/Stages/2022a/software/Python/3.10.4-GCCcore-12.1.0/lib/python3.10/multiprocessing/process.py", line 108, in run
    self._target(*self._args, **self._kwargs)
  File "src/python/gem5/utils/multisim/multisim.py", line 176, in _run
  File "src/python/gem5/simulate/simulator.py", line 491, in override_outdir
  File "/software/kp920-RL8/Stages/2022a/software/Python/3.10.4-GCCcore-12.1.0/lib/python3.10/pathlib.py", line 1173, in mkdir
    self._accessor.mkdir(self, mode)
OSError: [Errno 122] Disk quota exceeded: 'results_stride_multisim/spmv_stride_deg32_dist1_l1d_ddr4_1x'
gem5 Simulator System.  https://www.gem5.org
gem5 is copyrighted software; use the --copyright option for details.

gem5 version 25.0.0.1
gem5 compiled May  5 2026 12:55:05
gem5 started Jun 12 2026 22:36:26
gem5 executing on cn27.guoehi.cluster, pid 166805
command line: /home/fdemirel/HPC_Lab_Proj/stride/../../gem5/build/ALL/gem5.opt -s --outdir=results_stride_multisim --stdout-file=spmv_stride_deg32_dist1_l1d_ddr4_1x_simout.txt --stderr-file=spmv_stride_deg32_dist1_l1d_ddr4_1x_simerr.txt --stats-file=stats.txt -c 'from multiprocessing.spawn import spawn_main; spawn_main(tracker_fd=7, pipe_handle=13)' --multiprocessing-fork

Process bfs_stride_deg4_dist1_l1d_ddr4_2x:
Traceback (most recent call last):
  File "/software/kp920-RL8/Stages/2022a/software/Python/3.10.4-GCCcore-12.1.0/lib/python3.10/multiprocessing/process.py", line 315, in _bootstrap
    self.run()
  File "/software/kp920-RL8/Stages/2022a/software/Python/3.10.4-GCCcore-12.1.0/lib/python3.10/multiprocessing/process.py", line 108, in run
    self._target(*self._args, **self._kwargs)
  File "src/python/gem5/utils/multisim/multisim.py", line 176, in _run
  File "src/python/gem5/simulate/simulator.py", line 491, in override_outdir
  File "/software/kp920-RL8/Stages/2022a/software/Python/3.10.4-GCCcore-12.1.0/lib/python3.10/pathlib.py", line 1173, in mkdir
    self._accessor.mkdir(self, mode)
OSError: [Errno 122] Disk quota exceeded: 'results_stride_multisim/bfs_stride_deg4_dist1_l1d_ddr4_2x'
gem5 Simulator System.  https://www.gem5.org
gem5 is copyrighted software; use the --copyright option for details.

gem5 version 25.0.0.1
gem5 compiled May  5 2026 12:55:05
gem5 started Jun 12 2026 22:36:28
gem5 executing on cn27.guoehi.cluster, pid 166806
command line: /home/fdemirel/HPC_Lab_Proj/stride/../../gem5/build/ALL/gem5.opt -s --outdir=results_stride_multisim --stdout-file=bfs_stride_deg4_dist1_l1d_ddr4_2x_simout.txt --stderr-file=bfs_stride_deg4_dist1_l1d_ddr4_2x_simerr.txt --stats-file=stats.txt -c 'from multiprocessing.spawn import spawn_main; spawn_main(tracker_fd=7, pipe_handle=13)' --multiprocessing-fork

Process simple_triad_stride_deg16_dist1_l1d_ddr4_2x:
Traceback (most recent call last):
  File "/software/kp920-RL8/Stages/2022a/software/Python/3.10.4-GCCcore-12.1.0/lib/python3.10/multiprocessing/process.py", line 315, in _bootstrap
    self.run()
  File "/software/kp920-RL8/Stages/2022a/software/Python/3.10.4-GCCcore-12.1.0/lib/python3.10/multiprocessing/process.py", line 108, in run
    self._target(*self._args, **self._kwargs)
  File "src/python/gem5/utils/multisim/multisim.py", line 176, in _run
  File "src/python/gem5/simulate/simulator.py", line 491, in override_outdir
  File "/software/kp920-RL8/Stages/2022a/software/Python/3.10.4-GCCcore-12.1.0/lib/python3.10/pathlib.py", line 1173, in mkdir
    self._accessor.mkdir(self, mode)
OSError: [Errno 122] Disk quota exceeded: 'results_stride_multisim/simple_triad_stride_deg16_dist1_l1d_ddr4_2x'
gem5 Simulator System.  https://www.gem5.org
gem5 is copyrighted software; use the --copyright option for details.

gem5 version 25.0.0.1
gem5 compiled May  5 2026 12:55:05
gem5 started Jun 12 2026 22:36:35
gem5 executing on cn27.guoehi.cluster, pid 166807
command line: /home/fdemirel/HPC_Lab_Proj/stride/../../gem5/build/ALL/gem5.opt -s --outdir=results_stride_multisim --stdout-file=simple_triad_stride_deg16_dist1_l1d_ddr4_2x_simout.txt --stderr-file=simple_triad_stride_deg16_dist1_l1d_ddr4_2x_simerr.txt --stats-file=stats.txt -c 'from multiprocessing.spawn import spawn_main; spawn_main(tracker_fd=7, pipe_handle=13)' --multiprocessing-fork

Process merge_stride_deg32_dist16_l2_ddr4_2x:
Traceback (most recent call last):
  File "/software/kp920-RL8/Stages/2022a/software/Python/3.10.4-GCCcore-12.1.0/lib/python3.10/multiprocessing/process.py", line 315, in _bootstrap
    self.run()
  File "/software/kp920-RL8/Stages/2022a/software/Python/3.10.4-GCCcore-12.1.0/lib/python3.10/multiprocessing/process.py", line 108, in run
    self._target(*self._args, **self._kwargs)
  File "src/python/gem5/utils/multisim/multisim.py", line 176, in _run
  File "src/python/gem5/simulate/simulator.py", line 491, in override_outdir
  File "/software/kp920-RL8/Stages/2022a/software/Python/3.10.4-GCCcore-12.1.0/lib/python3.10/pathlib.py", line 1173, in mkdir
    self._accessor.mkdir(self, mode)
OSError: [Errno 122] Disk quota exceeded: 'results_stride_multisim/merge_stride_deg32_dist16_l2_ddr4_2x'
gem5 Simulator System.  https://www.gem5.org
gem5 is copyrighted software; use the --copyright option for details.

gem5 version 25.0.0.1
gem5 compiled May  5 2026 12:55:05
gem5 started Jun 12 2026 22:36:37
gem5 executing on cn27.guoehi.cluster, pid 166808
command line: /home/fdemirel/HPC_Lab_Proj/stride/../../gem5/build/ALL/gem5.opt -s --outdir=results_stride_multisim --stdout-file=merge_stride_deg32_dist16_l2_ddr4_2x_simout.txt --stderr-file=merge_stride_deg32_dist16_l2_ddr4_2x_simerr.txt --stats-file=stats.txt -c 'from multiprocessing.spawn import spawn_main; spawn_main(tracker_fd=7, pipe_handle=13)' --multiprocessing-fork

Process merge_stride_deg32_dist4_l1d_ddr4_1x:
Traceback (most recent call last):
  File "/software/kp920-RL8/Stages/2022a/software/Python/3.10.4-GCCcore-12.1.0/lib/python3.10/multiprocessing/process.py", line 315, in _bootstrap
    self.run()
  File "/software/kp920-RL8/Stages/2022a/software/Python/3.10.4-GCCcore-12.1.0/lib/python3.10/multiprocessing/process.py", line 108, in run
    self._target(*self._args, **self._kwargs)
  File "src/python/gem5/utils/multisim/multisim.py", line 176, in _run
  File "src/python/gem5/simulate/simulator.py", line 491, in override_outdir
  File "/software/kp920-RL8/Stages/2022a/software/Python/3.10.4-GCCcore-12.1.0/lib/python3.10/pathlib.py", line 1173, in mkdir
    self._accessor.mkdir(self, mode)
OSError: [Errno 122] Disk quota exceeded: 'results_stride_multisim/merge_stride_deg32_dist4_l1d_ddr4_1x'
gem5 Simulator System.  https://www.gem5.org
gem5 is copyrighted software; use the --copyright option for details.

gem5 version 25.0.0.1
gem5 compiled May  5 2026 12:55:05
gem5 started Jun 12 2026 22:36:44
gem5 executing on cn27.guoehi.cluster, pid 166809
command line: /home/fdemirel/HPC_Lab_Proj/stride/../../gem5/build/ALL/gem5.opt -s --outdir=results_stride_multisim --stdout-file=merge_stride_deg32_dist4_l1d_ddr4_1x_simout.txt --stderr-file=merge_stride_deg32_dist4_l1d_ddr4_1x_simerr.txt --stats-file=stats.txt -c 'from multiprocessing.spawn import spawn_main; spawn_main(tracker_fd=7, pipe_handle=13)' --multiprocessing-fork

Process matmult_stride_deg16_dist32_l2_ddr4_1x:
Traceback (most recent call last):
  File "/software/kp920-RL8/Stages/2022a/software/Python/3.10.4-GCCcore-12.1.0/lib/python3.10/multiprocessing/process.py", line 315, in _bootstrap
    self.run()
  File "/software/kp920-RL8/Stages/2022a/software/Python/3.10.4-GCCcore-12.1.0/lib/python3.10/multiprocessing/process.py", line 108, in run
    self._target(*self._args, **self._kwargs)
  File "src/python/gem5/utils/multisim/multisim.py", line 176, in _run
  File "src/python/gem5/simulate/simulator.py", line 491, in override_outdir
  File "/software/kp920-RL8/Stages/2022a/software/Python/3.10.4-GCCcore-12.1.0/lib/python3.10/pathlib.py", line 1173, in mkdir
    self._accessor.mkdir(self, mode)
OSError: [Errno 122] Disk quota exceeded: 'results_stride_multisim/matmult_stride_deg16_dist32_l2_ddr4_1x'
gem5 Simulator System.  https://www.gem5.org
gem5 is copyrighted software; use the --copyright option for details.

gem5 version 25.0.0.1
gem5 compiled May  5 2026 12:55:05
gem5 started Jun 12 2026 22:36:47
gem5 executing on cn27.guoehi.cluster, pid 166810
command line: /home/fdemirel/HPC_Lab_Proj/stride/../../gem5/build/ALL/gem5.opt -s --outdir=results_stride_multisim --stdout-file=matmult_stride_deg16_dist32_l2_ddr4_1x_simout.txt --stderr-file=matmult_stride_deg16_dist32_l2_ddr4_1x_simerr.txt --stats-file=stats.txt -c 'from multiprocessing.spawn import spawn_main; spawn_main(tracker_fd=7, pipe_handle=13)' --multiprocessing-fork

Process bfs_stride_deg32_dist16_l1d_ddr4_1x:
Traceback (most recent call last):
  File "/software/kp920-RL8/Stages/2022a/software/Python/3.10.4-GCCcore-12.1.0/lib/python3.10/multiprocessing/process.py", line 315, in _bootstrap
    self.run()
  File "/software/kp920-RL8/Stages/2022a/software/Python/3.10.4-GCCcore-12.1.0/lib/python3.10/multiprocessing/process.py", line 108, in run
    self._target(*self._args, **self._kwargs)
  File "src/python/gem5/utils/multisim/multisim.py", line 176, in _run
  File "src/python/gem5/simulate/simulator.py", line 491, in override_outdir
  File "/software/kp920-RL8/Stages/2022a/software/Python/3.10.4-GCCcore-12.1.0/lib/python3.10/pathlib.py", line 1173, in mkdir
    self._accessor.mkdir(self, mode)
OSError: [Errno 122] Disk quota exceeded: 'results_stride_multisim/bfs_stride_deg32_dist16_l1d_ddr4_1x'
gem5 Simulator System.  https://www.gem5.org
gem5 is copyrighted software; use the --copyright option for details.

gem5 version 25.0.0.1
gem5 compiled May  5 2026 12:55:05
gem5 started Jun 12 2026 22:36:53
gem5 executing on cn27.guoehi.cluster, pid 166812
command line: /home/fdemirel/HPC_Lab_Proj/stride/../../gem5/build/ALL/gem5.opt -s --outdir=results_stride_multisim --stdout-file=bfs_stride_deg32_dist16_l1d_ddr4_1x_simout.txt --stderr-file=bfs_stride_deg32_dist16_l1d_ddr4_1x_simerr.txt --stats-file=stats.txt -c 'from multiprocessing.spawn import spawn_main; spawn_main(tracker_fd=7, pipe_handle=13)' --multiprocessing-fork

Process spmv_stride_deg32_dist1_l2_ddr4_1x:
Traceback (most recent call last):
  File "/software/kp920-RL8/Stages/2022a/software/Python/3.10.4-GCCcore-12.1.0/lib/python3.10/multiprocessing/process.py", line 315, in _bootstrap
    self.run()
  File "/software/kp920-RL8/Stages/2022a/software/Python/3.10.4-GCCcore-12.1.0/lib/python3.10/multiprocessing/process.py", line 108, in run
    self._target(*self._args, **self._kwargs)
  File "src/python/gem5/utils/multisim/multisim.py", line 176, in _run
  File "src/python/gem5/simulate/simulator.py", line 491, in override_outdir
  File "/software/kp920-RL8/Stages/2022a/software/Python/3.10.4-GCCcore-12.1.0/lib/python3.10/pathlib.py", line 1173, in mkdir
    self._accessor.mkdir(self, mode)
OSError: [Errno 122] Disk quota exceeded: 'results_stride_multisim/spmv_stride_deg32_dist1_l2_ddr4_1x'
gem5 Simulator System.  https://www.gem5.org
gem5 is copyrighted software; use the --copyright option for details.

gem5 version 25.0.0.1
gem5 compiled May  5 2026 12:55:05
gem5 started Jun 12 2026 22:36:57
gem5 executing on cn27.guoehi.cluster, pid 166813
command line: /home/fdemirel/HPC_Lab_Proj/stride/../../gem5/build/ALL/gem5.opt -s --outdir=results_stride_multisim --stdout-file=spmv_stride_deg32_dist1_l2_ddr4_1x_simout.txt --stderr-file=spmv_stride_deg32_dist1_l2_ddr4_1x_simerr.txt --stats-file=stats.txt -c 'from multiprocessing.spawn import spawn_main; spawn_main(tracker_fd=7, pipe_handle=13)' --multiprocessing-fork

Process bfs_stride_deg32_dist32_l2_ddr4_2x:
Traceback (most recent call last):
  File "/software/kp920-RL8/Stages/2022a/software/Python/3.10.4-GCCcore-12.1.0/lib/python3.10/multiprocessing/process.py", line 315, in _bootstrap
    self.run()
  File "/software/kp920-RL8/Stages/2022a/software/Python/3.10.4-GCCcore-12.1.0/lib/python3.10/multiprocessing/process.py", line 108, in run
    self._target(*self._args, **self._kwargs)
  File "src/python/gem5/utils/multisim/multisim.py", line 176, in _run
  File "src/python/gem5/simulate/simulator.py", line 491, in override_outdir
  File "/software/kp920-RL8/Stages/2022a/software/Python/3.10.4-GCCcore-12.1.0/lib/python3.10/pathlib.py", line 1173, in mkdir
    self._accessor.mkdir(self, mode)
OSError: [Errno 122] Disk quota exceeded: 'results_stride_multisim/bfs_stride_deg32_dist32_l2_ddr4_2x'
gem5 Simulator System.  https://www.gem5.org
gem5 is copyrighted software; use the --copyright option for details.

gem5 version 25.0.0.1
gem5 compiled May  5 2026 12:55:05
gem5 started Jun 12 2026 22:37:03
gem5 executing on cn27.guoehi.cluster, pid 166814
command line: /home/fdemirel/HPC_Lab_Proj/stride/../../gem5/build/ALL/gem5.opt -s --outdir=results_stride_multisim --stdout-file=bfs_stride_deg32_dist32_l2_ddr4_2x_simout.txt --stderr-file=bfs_stride_deg32_dist32_l2_ddr4_2x_simerr.txt --stats-file=stats.txt -c 'from multiprocessing.spawn import spawn_main; spawn_main(tracker_fd=7, pipe_handle=13)' --multiprocessing-fork

info: Cleaning up processes
